/**
 * generated by fontconvert.py
 * name: chareink_16_bolditalic
 * size: 16
 * mode: 2-bit  compressed: true
 * Command used: fontconvert.py chareink_16_bolditalic 16 ../builtinFonts/source/ChareInk/ChareInk7SPWT-BoldItalic.ttf --2bit --compress --force-autohint
 */
#pragma once
#include "EpdFontData.h"

static const uint8_t chareink_16_bolditalicBitmaps[47504] = {
    0xAD, 0x5A, 0x3D, 0x8C, 0xDE, 0x56, 0x76, 0x7D, 0xFC, 0xA8, 0x19, 0x06, 0x66, 0xC1, 0x14, 0xEB,
    0x85, 0xE1, 0x41, 0xC2, 0x36, 0x7F, 0xBB, 0xAC, 0x03, 0x64, 0x4D, 0x7A, 0x5D, 0xB8, 0xD8, 0x42,
    0x2A, 0xAC, 0xA4, 0x70, 0xE1, 0x26, 0x4D, 0xB0, 0x08, 0x26, 0xDD, 0xA6, 0x30, 0x44, 0xDA, 0x2E,
    0xB6, 0x48, 0xA1, 0xD9, 0x00, 0x41, 0xCA, 0x34, 0xAA, 0xB6, 0x51, 0x9B, 0x62, 0xE5, 0xC7, 0xD5,
    0x00, 0x71, 0x91, 0xC2, 0xB4, 0x95, 0x60, 0x8B, 0x14, 0xA2, 0x2C, 0xE5, 0x57, 0x85, 0xE8, 0x2C,
    0x81, 0x50, 0x1A, 0x92, 0x37, 0xE7, 0x9C, 0xC7, 0x6F, 0x7E, 0xA4, 0xAC, 0x93, 0x22, 0x82, 0xE6,
    0x7D, 0xDF, 0x90, 0x8F, 0xEF, 0xDD, 0x77, 0x7F, 0xCE, 0x3D, 0xF7, 0x72, 0xDC, 0x81, 0x4B, 0xE7,
    0xC8, 0xBA, 0x7C, 0xD9, 0x59, 0x5B, 0x4C, 0x3B, 0x73, 0xC5, 0x10, 0x2F, 0xAE, 0x6C, 0xE3, 0xD9,
    0x95, 0x55, 0x3C, 0xB8, 0xB7, 0x5C, 0xDC, 0xB9, 0x6F, 0x39, 0xE7, 0xA2, 0xC9, 0x95, 0x43, 0x62,
    0xAE, 0x1E, 0x62, 0x73, 0x79, 0xE3, 0x8A, 0x6A, 0xAA, 0x3F, 0x99, 0x3D, 0xFE, 0xC7, 0x93, 0xC5,
    0xE3, 0x12, 0x0F, 0x73, 0xD2, 0x4F, 0x49, 0x3B, 0x26, 0xED, 0x90, 0x54, 0x98, 0xEF, 0x7E, 0x1D,
    0x4F, 0xFD, 0x0C, 0x4B, 0xB8, 0xAC, 0xBD, 0xC5, 0xE7, 0xD3, 0xD6, 0xB9, 0xC2, 0xCD, 0xCE, 0xC5,
    0x43, 0x8E, 0x09, 0xB7, 0x76, 0xB8, 0x95, 0xB6, 0x6F, 0xB9, 0xD4, 0xF0, 0x6F, 0xF0, 0x1C, 0x79,
    0xAB, 0x71, 0xAE, 0x8C, 0x46, 0xE7, 0x92, 0xBE, 0xC4, 0x02, 0xF7, 0xF6, 0x0B, 0xC4, 0xBC, 0x3F,
    0x95, 0x1C, 0x9B, 0x6D, 0x81, 0x58, 0x0B, 0x70, 0xD6, 0x9C, 0x74, 0x0E, 0x42, 0x61, 0xED, 0xDD,
    0x98, 0xB5, 0x5C, 0x60, 0xC2, 0x8E, 0xFD, 0x91, 0xBB, 0xF8, 0x37, 0xF2, 0x0C, 0x78, 0xC0, 0x1D,
    0xDB, 0x1D, 0x2E, 0xB6, 0xBA, 0xFC, 0xEC, 0x29, 0x4E, 0xFA, 0xA0, 0x5B, 0x9C, 0x7D, 0xD6, 0xCE,
    0xCE, 0xFE, 0xA2, 0x85, 0x26, 0x6E, 0x37, 0x77, 0x76, 0xF6, 0x79, 0xE5, 0x22, 0x33, 0x6C, 0x61,
    0x86, 0xC7, 0x6A, 0x7E, 0xCD, 0xCD, 0x3A, 0x17, 0x79, 0xC3, 0x0A, 0x6F, 0x71, 0xF8, 0xB0, 0x84,
    0x0C, 0x7F, 0x5B, 0x0E, 0x45, 0x35, 0x96, 0x7D, 0x59, 0x8D, 0x75, 0x5B, 0xBE, 0x3D, 0x58, 0x53,
    0xFF, 0xCB, 0xD9, 0xCA, 0x07, 0x46, 0x77, 0x68, 0x2B, 0x16, 0x80, 0xF2, 0x30, 0x40, 0x22, 0x97,
    0x70, 0x38, 0xAC, 0x28, 0xC5, 0x0D, 0x09, 0x54, 0x1A, 0x0F, 0x16, 0x99, 0x6F, 0x5C, 0xE9, 0xE2,
    0xA9, 0x6C, 0xA1, 0x9A, 0x6C, 0x28, 0xBA, 0xDD, 0xE8, 0xF2, 0xBE, 0xE8, 0xD2, 0xCE, 0x15, 0x5D,
    0xD9, 0x41, 0x1D, 0x65, 0x5B, 0x42, 0x4B, 0xF8, 0xA8, 0x21, 0x25, 0x3E, 0xFC, 0x3B, 0xC3, 0xF1,
    0x49, 0xD9, 0x5A, 0x7A, 0x6A, 0x53, 0xF1, 0x60, 0x29, 0xAE, 0x3F, 0x5A, 0x32, 0x1B, 0x6F, 0x15,
    0xAD, 0xED, 0xEC, 0xA3, 0xA9, 0xAE, 0x8C, 0x1A, 0xF6, 0x4E, 0xCB, 0x5B, 0x84, 0x8F, 0xD2, 0xAD,
    0xD1, 0x0A, 0x55, 0x46, 0xCB, 0x6E, 0x71, 0xD1, 0x18, 0x2D, 0x30, 0x6E, 0xD2, 0x47, 0x4B, 0x32,
    0x61, 0x86, 0x5B, 0xB3, 0x01, 0x33, 0x9C, 0xF7, 0x14, 0xC0, 0x95, 0xAB, 0x84, 0x93, 0x8C, 0x07,
    0x1C, 0x82, 0x22, 0xB2, 0x15, 0xC7, 0x87, 0x03, 0x94, 0x38, 0x7A, 0xDD, 0x16, 0xD0, 0x8A, 0x6D,
    0x23, 0xAF, 0x58, 0xE7, 0x7B, 0x5C, 0xFF, 0x4F, 0xA3, 0xED, 0x6C, 0xC1, 0x53, 0xB9, 0xFD, 0xE4,
    0xA7, 0x3F, 0x75, 0xDE, 0xA0, 0xE8, 0xC4, 0xEC, 0xBE, 0x7F, 0x91, 0x4F, 0x36, 0xE0, 0x20, 0x43,
    0x39, 0x59, 0x55, 0xF7, 0x39, 0xD4, 0xEF, 0xFB, 0xD4, 0xA0, 0xF5, 0x7E, 0x07, 0x75, 0xFA, 0xC1,
    0x61, 0xAC, 0xE7, 0xD8, 0xE0, 0x65, 0x34, 0x71, 0x95, 0x99, 0x3D, 0xB5, 0x39, 0xF2, 0xCF, 0x23,
    0x3F, 0x07, 0x03, 0x16, 0x1F, 0x3C, 0x7D, 0x31, 0x5B, 0x79, 0xFB, 0xB4, 0x1F, 0xFF, 0x60, 0x93,
    0x10, 0x22, 0xE7, 0x8B, 0x83, 0xD3, 0xC2, 0x6B, 0xF5, 0x91, 0x51, 0x98, 0xC6, 0x25, 0x3C, 0x08,
    0xBF, 0x56, 0xF0, 0xEE, 0xED, 0x2B, 0xAE, 0x2E, 0x9A, 0xC7, 0xA7, 0x62, 0xCE, 0xE5, 0x9D, 0x5E,
    0x77, 0x62, 0x1C, 0x3A, 0x85, 0xC7, 0xE4, 0xB8, 0x5B, 0x76, 0x9A, 0xE1, 0x78, 0x5E, 0x9E, 0xEA,
    0x18, 0xA7, 0x3F, 0xC0, 0x7E, 0x35, 0xCC, 0xCF, 0x6B, 0x35, 0x7F, 0x5A, 0xAD, 0xBD, 0xE3, 0x63,
    0xF3, 0xF9, 0xA2, 0x14, 0xE0, 0xD2, 0x76, 0x5C, 0x34, 0x1F, 0x2F, 0xB6, 0x1B, 0xF5, 0x9C, 0xAE,
    0x5E, 0x48, 0x89, 0xD5, 0x20, 0x56, 0xE4, 0x61, 0x6C, 0xEC, 0xBF, 0xEE, 0x9D, 0xF5, 0x37, 0xE8,
    0xD3, 0x34, 0xA3, 0x8B, 0xB2, 0x9F, 0xBB, 0xF5, 0x3B, 0xE5, 0xA9, 0xFD, 0x68, 0x8D, 0x0D, 0x2B,
    0xBF, 0xD6, 0xB8, 0xE8, 0xAC, 0x75, 0xC5, 0xE7, 0x9D, 0x5B, 0x8B, 0x36, 0x1E, 0x6A, 0x77, 0x4D,
    0xE1, 0x59, 0xF0, 0x31, 0x46, 0x98, 0x63, 0x58, 0x21, 0xF0, 0xDC, 0x37, 0x5C, 0x2C, 0xA8, 0xE2,
    0x33, 0x0E, 0xF3, 0xFF, 0x32, 0xF3, 0x95, 0x8B, 0x45, 0x93, 0xAD, 0x91, 0x0D, 0x85, 0x51, 0x41,
    0xB3, 0xCB, 0xAB, 0xA4, 0xDF, 0x4D, 0x40, 0x8C, 0xEF, 0x71, 0xD5, 0xC9, 0xEC, 0x81, 0x59, 0x66,
    0x73, 0xDA, 0xD9, 0x67, 0xF6, 0x37, 0x2B, 0xC3, 0x83, 0xAE, 0xDF, 0xD3, 0xDD, 0xB9, 0x0C, 0xCE,
    0x48, 0x97, 0x73, 0xEE, 0x53, 0xA7, 0xD3, 0xE1, 0x21, 0x42, 0x05, 0x2D, 0x9C, 0x31, 0x52, 0x6E,
    0x9D, 0x5F, 0x6E, 0x82, 0x06, 0x5C, 0xDA, 0x6D, 0xCF, 0xC6, 0x0C, 0xE0, 0xBC, 0xDD, 0x2E, 0xFF,
    0x0F, 0x4B, 0xDE, 0xDB, 0x3F, 0x5B, 0x72, 0xCF, 0x3B, 0x41, 0x91, 0x07, 0xEF, 0x61, 0xF0, 0x54,
    0xB6, 0xC1, 0xC7, 0xF2, 0x29, 0x9F, 0x5D, 0xDD, 0x67, 0x88, 0xF8, 0x36, 0x5D, 0x77, 0xD6, 0xA4,
    0x70, 0x50, 0xDC, 0x4A, 0x0D, 0x20, 0x94, 0xAD, 0x18, 0xE0, 0x4E, 0xA9, 0x15, 0x08, 0xC4, 0xB5,
    0xC4, 0xB0, 0x94, 0x93, 0xCB, 0x67, 0x0C, 0xC5, 0x5C, 0x8E, 0xAE, 0x9C, 0x30, 0xD4, 0x03, 0x06,
    0xEB, 0xCB, 0x29, 0xB2, 0x36, 0x87, 0xBF, 0x56, 0xD9, 0x92, 0x2E, 0x5C, 0x9D, 0xC1, 0x40, 0xFF,
    0x57, 0xD0, 0xB8, 0xA2, 0x8F, 0x3C, 0x0C, 0x66, 0x5D, 0x0D, 0x27, 0x7E, 0xDB, 0xE0, 0xA7, 0x13,
    0xFC, 0x03, 0xB1, 0x3C, 0xCA, 0x19, 0xEA, 0xC1, 0x25, 0xAB, 0xFC, 0x0B, 0xB2, 0x38, 0xDE, 0x9E,
    0xE1, 0x5D, 0x2D, 0x9D, 0x00, 0x4B, 0xD2, 0x83, 0xC2, 0x2C, 0xC4, 0xCE, 0x0C, 0x34, 0xC1, 0xF1,
    0x0E, 0x6E, 0xD2, 0x07, 0x8D, 0xD3, 0x9E, 0x42, 0xF3, 0x88, 0xBB, 0x19, 0x51, 0x93, 0x58, 0x45,
    0x49, 0x3A, 0xF8, 0x50, 0x3D, 0xBA, 0x3F, 0x81, 0x9C, 0xD4, 0x86, 0x51, 0x41, 0x8C, 0xDA, 0x98,
    0x02, 0xC5, 0x7C, 0xFC, 0x62, 0x48, 0x78, 0x2D, 0xE5, 0x90, 0x71, 0x4A, 0xBE, 0x02, 0xE2, 0x8B,
    0xC5, 0x15, 0x5C, 0x30, 0xEB, 0xB1, 0x99, 0x8D, 0x74, 0x8F, 0x39, 0x13, 0x1E, 0x07, 0x0D, 0x26,
    0x04, 0xBF, 0xF2, 0x05, 0x50, 0x8D, 0xFB, 0xF2, 0xE4, 0x4B, 0x64, 0x0D, 0x74, 0x75, 0xAB, 0xCA,
    0xB9, 0x63, 0x49, 0x23, 0x40, 0xBF, 0x5A, 0x3C, 0x41, 0x0C, 0x63, 0x03, 0x1C, 0xEF, 0x20, 0xE1,
    0x86, 0xD0, 0xD6, 0x76, 0x77, 0x3F, 0xC0, 0xB8, 0xD6, 0xFB, 0x0E, 0xEB, 0x58, 0x87, 0xE3, 0x7A,
    0x1A, 0xA4, 0x5C, 0xB1, 0x7A, 0x2A, 0xAC, 0x79, 0x3D, 0xE0, 0xE3, 0x21, 0x4D, 0x98, 0x73, 0x65,
    0x1C, 0x0D, 0xC7, 0xD6, 0xF2, 0x03, 0xA1, 0x85, 0x18, 0x84, 0x45, 0x23, 0x4A, 0x95, 0xAC, 0x52,
    0x2E, 0x86, 0xBA, 0x37, 0xA0, 0xE9, 0x47, 0xD6, 0x24, 0xB0, 0x6C, 0x95, 0x4F, 0xD0, 0x20, 0xA1,
    0x84, 0xFA, 0x0B, 0x03, 0xC5, 0x22, 0x36, 0x65, 0xF3, 0x95, 0x41, 0x5B, 0x10, 0xCB, 0x14, 0xB8,
    0xEE, 0xCD, 0x13, 0x6E, 0x01, 0xF1, 0xA1, 0x85, 0x85, 0x2B, 0xCC, 0x82, 0x04, 0xC5, 0xBC, 0x80,
    0xC1, 0x79, 0xFA, 0xA6, 0x69, 0x08, 0x52, 0xAC, 0x40, 0x02, 0x0B, 0x0A, 0xE6, 0x4C, 0x1B, 0xAE,
    0x9E, 0xB7, 0x3F, 0x20, 0x9A, 0x94, 0x10, 0xAE, 0xF1, 0x1D, 0x32, 0xA8, 0xF5, 0xF4, 0x42, 0x3E,
    0x4B, 0x18, 0x74, 0xEE, 0x66, 0x15, 0x7C, 0xF5, 0x8F, 0x71, 0x4A, 0x22, 0x8E, 0x57, 0xBA, 0x01,
    0xBC, 0x70, 0x49, 0x38, 0x8C, 0x5C, 0x42, 0x5F, 0x76, 0x32, 0xDB, 0xEA, 0x9F, 0x60, 0x8E, 0x4D,
    0xCC, 0x88, 0x33, 0x26, 0xFA, 0x91, 0xF0, 0xF9, 0xD8, 0x1A, 0x24, 0x2E, 0xFA, 0x30, 0x66, 0x16,
    0x33, 0x24, 0xF1, 0x8F, 0xAD, 0x8A, 0x0D, 0x47, 0x86, 0xDB, 0x4F, 0x42, 0x6A, 0xEA, 0xF9, 0x05,
    0xDD, 0x8C, 0x69, 0x2D, 0x7A, 0x4F, 0x27, 0x40, 0xEA, 0xA5, 0xA9, 0x11, 0xD4, 0xF8, 0xD7, 0x16,
    0xB8, 0x39, 0x22, 0xA6, 0xE0, 0x9D, 0x08, 0x23, 0x99, 0x4F, 0x5A, 0x91, 0xE2, 0x22, 0x1D, 0x5A,
    0xBF, 0x4B, 0x73, 0x3B, 0xCA, 0x05, 0xBD, 0xEF, 0x7F, 0xA7, 0xCF, 0x42, 0xFC, 0x6E, 0xAF, 0xD4,
    0xF0, 0xBB, 0x16, 0x91, 0x7E, 0x93, 0xF5, 0xFC, 0x77, 0x9E, 0x66, 0x1F, 0x9F, 0x3B, 0xC6, 0x4D,
    0xBE, 0xE2, 0x10, 0xF5, 0x00, 0xCD, 0x58, 0x9B, 0xC1, 0xC5, 0x9A, 0x0C, 0x8C, 0xA4, 0xCA, 0x10,
    0x61, 0x4D, 0x36, 0x93, 0x9B, 0x8C, 0x91, 0x8D, 0xD0, 0x8E, 0xA7, 0x8B, 0x14, 0x8A, 0x03, 0x7C,
    0x4B, 0xD6, 0x02, 0xDC, 0x05, 0xB4, 0x85, 0x89, 0xC9, 0x8F, 0x10, 0xA5, 0xE4, 0x24, 0x0D, 0xF5,
    0x80, 0x28, 0x83, 0xDE, 0x71, 0xB7, 0xC9, 0xEC, 0x2E, 0xF3, 0x04, 0x3D, 0x51, 0x88, 0x20, 0x1F,
    0x4B, 0xE8, 0xDF, 0xF5, 0x99, 0xD1, 0x11, 0x19, 0x6A, 0x70, 0x63, 0x28, 0x28, 0x9F, 0x21, 0x83,
    0x82, 0x3E, 0x63, 0xD0, 0xE7, 0xDB, 0x20, 0x0C, 0x80, 0x2B, 0x4C, 0x39, 0x52, 0xEA, 0x48, 0xCA,
    0x32, 0x50, 0x82, 0xCE, 0x7D, 0xFB, 0xAF, 0x43, 0x2C, 0xF1, 0x90, 0xF3, 0x66, 0x7D, 0xC5, 0x18,
    0x82, 0x0A, 0x5B, 0x32, 0x2F, 0xAE, 0x7B, 0x2D, 0xFD, 0xFE, 0x05, 0x1D, 0xB9, 0x07, 0x3D, 0x95,
    0x08, 0x32, 0x1C, 0xB2, 0xA8, 0x2E, 0xD1, 0x94, 0xA2, 0x02, 0xB1, 0x58, 0xB1, 0x00, 0x10, 0xAA,
    0x23, 0x9D, 0xA1, 0xEA, 0xB1, 0x3A, 0xFE, 0xE3, 0xCB, 0x6E, 0x74, 0x2F, 0xFD, 0xCB, 0x19, 0x4B,
    0x08, 0x0E, 0x66, 0x51, 0x6C, 0x06, 0x24, 0x04, 0x35, 0xBA, 0x45, 0x58, 0x84, 0xD7, 0x7E, 0x6F,
    0x9B, 0xC4, 0x0D, 0x0E, 0x87, 0x4D, 0xC2, 0xC8, 0x9E, 0x38, 0x77, 0x44, 0x72, 0x42, 0xCC, 0x92,
    0xA8, 0xC7, 0xCF, 0xF7, 0x76, 0x2B, 0x3A, 0xD9, 0xF5, 0xC4, 0x6D, 0x77, 0xE0, 0x4E, 0x7C, 0x58,
    0xD3, 0x61, 0x23, 0x8E, 0x85, 0xAC, 0x78, 0x4C, 0x2B, 0xBA, 0x3F, 0x0B, 0x32, 0x5F, 0x4E, 0x27,
    0xAF, 0xFE, 0xDB, 0xF1, 0x8E, 0x89, 0xDF, 0xB5, 0x95, 0xDB, 0x30, 0xDF, 0xA5, 0x97, 0x17, 0x5B,
    0x34, 0x52, 0x0A, 0x57, 0x4F, 0x72, 0x22, 0xD1, 0x35, 0x85, 0xDB, 0xD1, 0xE0, 0x5E, 0x12, 0xF5,
    0x90, 0x61, 0xC6, 0x27, 0x75, 0x14, 0xE7, 0xB9, 0xD0, 0x6F, 0x85, 0xBD, 0x60, 0xD7, 0x23, 0x83,
    0xC5, 0xFD, 0x92, 0x4F, 0xC5, 0xEC, 0xDB, 0xF2, 0x6B, 0x60, 0x7D, 0x77, 0x83, 0x9E, 0x48, 0xA4,
    0xC2, 0x83, 0x80, 0x79, 0xE6, 0x71, 0x3F, 0x85, 0x54, 0xDC, 0x28, 0x71, 0x84, 0xFC, 0xA6, 0xAF,
    0x64, 0x09, 0xE5, 0x2C, 0x3B, 0x46, 0x0C, 0xC2, 0x69, 0x5B, 0xF8, 0xBD, 0xED, 0x28, 0xCF, 0xA5,
    0x94, 0xFF, 0x10, 0x12, 0x3D, 0xD7, 0x14, 0xFA, 0x76, 0x8A, 0x98, 0x13, 0xCC, 0x85, 0x8F, 0xAC,
    0x07, 0x13, 0xA9, 0xFF, 0xE9, 0xEB, 0x39, 0xA3, 0x97, 0x4C, 0x65, 0x0C, 0x91, 0x7E, 0xB0, 0xA4,
    0x5F, 0x2E, 0x3B, 0xC4, 0xD9, 0x6E, 0x24, 0x2B, 0xAB, 0xDB, 0x7B, 0xE0, 0x70, 0x4D, 0xD1, 0x17,
    0xD7, 0xFB, 0xB2, 0xCD, 0xC6, 0xEC, 0x17, 0x53, 0x3E, 0xC4, 0x73, 0xFC, 0xF5, 0x0A, 0x0E, 0x61,
    0xD1, 0x5C, 0x7F, 0x8C, 0x39, 0xCD, 0x92, 0x0D, 0xBE, 0x2D, 0xBA, 0x3A, 0x9E, 0xF3, 0x31, 0x1F,
    0x4B, 0xE7, 0xDF, 0xB1, 0xBB, 0xAB, 0xAF, 0xB2, 0xA1, 0xB6, 0xDA, 0xDC, 0x0E, 0x84, 0x2E, 0x79,
    0x1E, 0x38, 0x8B, 0x0B, 0xA2, 0x83, 0x77, 0xCB, 0xD7, 0x52, 0xB2, 0x8E, 0x13, 0xE1, 0x49, 0x6E,
    0x4A, 0x4C, 0x20, 0xBE, 0x4F, 0xAE, 0xD8, 0x25, 0x0E, 0x74, 0x43, 0x20, 0x15, 0x1C, 0x18, 0xE7,
    0x93, 0x83, 0xD5, 0x32, 0x7A, 0x46, 0xC4, 0xE4, 0x91, 0x15, 0xB0, 0xCF, 0x94, 0x8D, 0x67, 0xFE,
    0x12, 0xD9, 0x75, 0xEE, 0x54, 0xF6, 0xF4, 0xEE, 0x64, 0x4E, 0x57, 0xE1, 0x21, 0xD7, 0x29, 0x94,
    0x33, 0x08, 0x4C, 0xA4, 0x38, 0x2D, 0x81, 0x0B, 0x64, 0xA7, 0x90, 0xAE, 0x09, 0x67, 0x5E, 0x99,
    0x2E, 0x9B, 0xC2, 0x4D, 0x6C, 0xB1, 0x60, 0x2E, 0x36, 0x5A, 0x4A, 0xBA, 0x2F, 0x96, 0xC3, 0x93,
    0xFF, 0xE6, 0x88, 0x47, 0xF0, 0x7B, 0x44, 0x01, 0x12, 0x5D, 0x07, 0x83, 0x65, 0xE4, 0x89, 0x04,
    0x06, 0x90, 0x76, 0xA6, 0x1F, 0x44, 0x34, 0xF3, 0xF1, 0x08, 0x77, 0x8E, 0x89, 0xD2, 0x01, 0xA6,
    0x13, 0x46, 0x26, 0xE0, 0x16, 0x69, 0x0E, 0x71, 0x5C, 0x10, 0x49, 0x22, 0x82, 0x09, 0xBE, 0xEA,
    0x19, 0xD4, 0x37, 0x78, 0x86, 0x29, 0x1B, 0xA1, 0x3E, 0x1E, 0x59, 0x4B, 0x97, 0xEC, 0xB9, 0x19,
    0xDD, 0x3D, 0xC0, 0xB0, 0x27, 0x6B, 0x2F, 0xEC, 0x2E, 0x59, 0x41, 0x03, 0x9A, 0x0C, 0x08, 0xC9,
    0xFA, 0x84, 0x1C, 0xBA, 0x22, 0x64, 0x2D, 0xCC, 0xA8, 0xBB, 0x41, 0x49, 0x2F, 0xE4, 0x35, 0x61,
    0xB3, 0x0B, 0x17, 0xEA, 0x41, 0xFA, 0x6A, 0xE5, 0x21, 0x6E, 0x0F, 0x08, 0xBA, 0x7C, 0x8F, 0xAE,
    0x17, 0x0F, 0x04, 0xF0, 0x5C, 0x6A, 0xD1, 0x06, 0x20, 0xE0, 0x09, 0x5C, 0xA9, 0xDB, 0xFB, 0xD5,
    0xEB, 0x1B, 0x24, 0x9F, 0xE8, 0x44, 0x81, 0x81, 0x1E, 0x9B, 0xD0, 0x12, 0xFA, 0xC1, 0xA1, 0xA0,
    0x00, 0xA8, 0x2D, 0xD2, 0xC1, 0x08, 0xC4, 0x81, 0x40, 0x88, 0x54, 0x54, 0x62, 0x12, 0x9D, 0x78,
    0xC3, 0x18, 0x05, 0x4A, 0x81, 0xDB, 0xA9, 0x5D, 0xDC, 0x8E, 0x82, 0xD2, 0x05, 0x78, 0xBC, 0xC7,
    0xFF, 0x03, 0x6F, 0x6B, 0x19, 0x46, 0x95, 0x97, 0xAB, 0x60, 0xEF, 0x7F, 0x77, 0xFB, 0xE4, 0xA0,
    0xBA, 0xAB, 0xC1, 0x94, 0x68, 0xE1, 0x32, 0xA0, 0x61, 0xD0, 0x68, 0xD6, 0x86, 0x34, 0x80, 0x85,
    0x7E, 0x87, 0xA1, 0xAC, 0xCA, 0x61, 0x4C, 0x7B, 0x3D, 0xD3, 0x6C, 0x46, 0xC9, 0x97, 0x3F, 0x22,
    0x31, 0xEE, 0x33, 0xBA, 0x62, 0x75, 0x4B, 0x49, 0xE2, 0x86, 0x3B, 0x7F, 0xD0, 0xD5, 0x7C, 0x90,
    0x40, 0x35, 0x92, 0xFC, 0xD9, 0x3F, 0xDE, 0xF4, 0xDA, 0x7F, 0xD6, 0x8E, 0x43, 0xD8, 0x5E, 0xE6,
    0x59, 0x38, 0x11, 0x99, 0xC9, 0xBA, 0x1D, 0x49, 0x99, 0xBE, 0xB6, 0xD1, 0x9D, 0xA0, 0x75, 0xA8,
    0xF4, 0xD6, 0xB6, 0x79, 0x6C, 0x7F, 0x15, 0x7C, 0xA1, 0x25, 0xB6, 0xCF, 0xDC, 0x1B, 0xF1, 0x8D,
    0x44, 0x42, 0x7F, 0xEB, 0x80, 0x3A, 0xCA, 0x52, 0x51, 0x48, 0x48, 0xD3, 0xB9, 0xF1, 0x94, 0x8B,
    0x3C, 0xE7, 0x67, 0xC1, 0xD7, 0x37, 0x43, 0x1C, 0x19, 0x02, 0x26, 0xB2, 0x17, 0x08, 0x03, 0x50,
    0x25, 0x44, 0x38, 0xA0, 0x29, 0x19, 0x08, 0x1E, 0xE9, 0x40, 0x3F, 0x48, 0x07, 0x5A, 0xF9, 0xB5,
    0x93, 0x5C, 0xE8, 0x55, 0xCA, 0xD6, 0x62, 0x42, 0x22, 0x2C, 0x0A, 0x2C, 0x10, 0xB6, 0xF3, 0x91,
    0x4C, 0x47, 0xBC, 0x8E, 0xE4, 0x4F, 0x56, 0xC1, 0x08, 0x0F, 0xC1, 0xD9, 0xE8, 0xE2, 0x24, 0x91,
    0x48, 0x75, 0xD8, 0x70, 0x65, 0xC5, 0x53, 0x04, 0xAF, 0xBC, 0x79, 0x43, 0x76, 0x18, 0x11, 0xC3,
    0xAC, 0xAC, 0x12, 0x0A, 0x88, 0x55, 0xF0, 0xC0, 0x66, 0xD6, 0x3D, 0x81, 0xDC, 0x58, 0xE5, 0x46,
    0x22, 0xF7, 0xCC, 0x72, 0x3F, 0x47, 0xD8, 0xEB, 0x36, 0xC5, 0x46, 0x50, 0x75, 0xFD, 0xD2, 0x1C,
    0x19, 0x27, 0xFA, 0xE6, 0x75, 0x18, 0xAE, 0xBA, 0xE1, 0xC5, 0x0E, 0x1B, 0x28, 0x3A, 0x56, 0x4A,
    0x0D, 0x5C, 0x44, 0xFE, 0xB4, 0x97, 0xA8, 0x0C, 0x4B, 0xA4, 0x41, 0x4E, 0x39, 0xFF, 0x06, 0xC1,
    0xDF, 0x38, 0xC9, 0xCB, 0xFA, 0x22, 0xF1, 0xA4, 0x46, 0xAA, 0x25, 0x15, 0x50, 0xBB, 0xC0, 0x64,
    0xAB, 0x8D, 0x54, 0xC4, 0x81, 0xE2, 0x2A, 0x8D, 0x38, 0xC9, 0xB5, 0x1F, 0xE6, 0x7D, 0x34, 0xCA,
    0xC0, 0x58, 0xF6, 0x4D, 0x24, 0x54, 0x44, 0x6F, 0xCD, 0x81, 0xAC, 0xA0, 0xE2, 0x01, 0x3E, 0xC1,
    0x72, 0xE4, 0x6D, 0x30, 0x0D, 0x99, 0xD0, 0xCD, 0xE0, 0xED, 0x5F, 0x07, 0x7F, 0x23, 0x2B, 0x83,
    0x65, 0x55, 0xDE, 0x76, 0x24, 0x3E, 0xA2, 0x22, 0xD4, 0x32, 0xF3, 0x51, 0x3E, 0xB3, 0xDC, 0xDB,
    0xD9, 0x6D, 0x11, 0xDF, 0xB3, 0x20, 0x4D, 0x20, 0x46, 0x02, 0xCF, 0x24, 0xF8, 0x90, 0xB7, 0x20,
    0x98, 0x30, 0xC1, 0x4E, 0xC5, 0x11, 0xC8, 0x2C, 0x78, 0x62, 0x1E, 0xB0, 0x98, 0xC8, 0xD0, 0x71,
    0xA2, 0x72, 0x0E, 0xF1, 0x4D, 0xEC, 0x03, 0xAF, 0xA0, 0x66, 0xAB, 0x22, 0xB8, 0xE1, 0xEB, 0xEA,
    0x40, 0xB0, 0x24, 0x10, 0x14, 0x0C, 0x9B, 0x06, 0x74, 0x50, 0x46, 0x91, 0x3C, 0x59, 0x0A, 0x90,
    0x0B, 0x73, 0x92, 0x14, 0xA3, 0xF3, 0x13, 0xF9, 0xAF, 0x4C, 0x7F, 0x8B, 0x20, 0x38, 0xD1, 0xDB,
    0x3A, 0x82, 0x27, 0x02, 0xEE, 0x0F, 0x67, 0xC6, 0xDB, 0x2F, 0x43, 0x80, 0x9B, 0x6C, 0x44, 0xAB,
    0x8E, 0x81, 0xD8, 0x7A, 0x16, 0x28, 0x04, 0x1F, 0x21, 0x42, 0x0B, 0x27, 0x02, 0x92, 0x1B, 0xAD,
    0x07, 0x7E, 0x84, 0x49, 0x91, 0xAA, 0x74, 0x5A, 0x14, 0xF5, 0x87, 0x69, 0x22, 0xDD, 0x00, 0x13,
    0xCF, 0xC0, 0x6A, 0x68, 0xE6, 0x05, 0x47, 0xAD, 0x39, 0xB1, 0x1C, 0xA4, 0x2E, 0x7F, 0x7B, 0xA9,
    0x3F, 0xE3, 0xC4, 0x2F, 0xCD, 0x3F, 0xE2, 0xC4, 0xB1, 0xB6, 0x81, 0x13, 0xC1, 0x62, 0xC7, 0x92,
    0x13, 0xB1, 0x36, 0x2D, 0xE8, 0x1B, 0x9B, 0x05, 0xBA, 0x7D, 0xB1, 0x46, 0x9A, 0x08, 0x7B, 0x88,
    0xFC, 0x3D, 0xB2, 0x77, 0xC9, 0x52, 0x6D, 0x2E, 0x7F, 0xBE, 0x61, 0x04, 0x3B, 0x05, 0xFB, 0x8F,
    0x94, 0xA8, 0x42, 0x49, 0x3B, 0x66, 0x1A, 0x0A, 0x0C, 0xAE, 0x9E, 0xB1, 0x6C, 0x21, 0xA3, 0x9E,
    0xD9, 0x12, 0x29, 0x6C, 0x51, 0x4B, 0xE4, 0xA9, 0xB1, 0x5C, 0x2F, 0x1F, 0xD8, 0xF7, 0xE9, 0x67,
    0xF7, 0xED, 0x74, 0x21, 0xC5, 0xB7, 0x07, 0xDC, 0xBD, 0xF5, 0xFF, 0x45, 0x02, 0x00, 0x55, 0xF0,
    0x03, 0xD6, 0x20, 0x7E, 0x68, 0x9D, 0xC8, 0xB4, 0xEA, 0xCE, 0x54, 0x8A, 0xC4, 0x44, 0x63, 0x7C,
    0x30, 0x2A, 0x28, 0xDC, 0x10, 0x5C, 0x78, 0x08, 0xB5, 0x42, 0xF0, 0xAA, 0x9A, 0x0F, 0x27, 0x48,
    0x28, 0x95, 0xD2, 0x50, 0xE7, 0xC4, 0x4C, 0xE9, 0xD3, 0xE5, 0x4C, 0x0F, 0xC8, 0x67, 0xC6, 0x72,
    0xB6, 0x10, 0x44, 0x54, 0x74, 0x72, 0x9C, 0x38, 0x12, 0x44, 0x82, 0xFF, 0xE4, 0x8B, 0x72, 0x2B,
    0x41, 0x04, 0x4F, 0x71, 0xAC, 0x47, 0x5E, 0xB7, 0x41, 0x4A, 0x03, 0x8F, 0x64, 0xA5, 0x17, 0xD2,
    0x83, 0x2A, 0x42, 0xA1, 0x16, 0x39, 0x92, 0x9C, 0x30, 0x64, 0x36, 0xA5, 0x15, 0x02, 0x01, 0x72,
    0xC2, 0xCA, 0xFA, 0x0F, 0xC4, 0x59, 0x68, 0xAA, 0xCC, 0x9A, 0x32, 0xB3, 0xAA, 0x19, 0xD3, 0x28,
    0xA1, 0x84, 0x54, 0x51, 0xB2, 0xE7, 0x97, 0xF1, 0xB0, 0x47, 0x4C, 0x01, 0x74, 0x91, 0x4C, 0xB8,
    0x24, 0xFF, 0xCC, 0x7F, 0x35, 0x9A, 0xAA, 0xD8, 0xDA, 0xA3, 0x69, 0x50, 0x44, 0xA8, 0x75, 0x6A,
    0x96, 0x79, 0xA1, 0x70, 0x0D, 0x9A, 0x10, 0x9A, 0xD9, 0x06, 0x05, 0x3C, 0x78, 0x39, 0xE6, 0x52,
    0x42, 0x26, 0x22, 0xF1, 0x89, 0x02, 0xEF, 0x91, 0x9A, 0x4F, 0x2C, 0x73, 0xA0, 0x0B, 0x26, 0xD5,
    0x94, 0x25, 0x3B, 0x6E, 0xDF, 0xC7, 0x0E, 0x50, 0x80, 0x97, 0x32, 0xE8, 0xE8, 0xF5, 0x48, 0x64,
    0x2E, 0x95, 0x54, 0xCA, 0x59, 0xDA, 0x60, 0x97, 0x65, 0xF5, 0xAA, 0x9E, 0x44, 0x68, 0xA2, 0x0F,
    0x94, 0x9B, 0x61, 0xB2, 0x88, 0x2C, 0x7D, 0x65, 0x2B, 0x61, 0xA7, 0x46, 0x1F, 0x96, 0x3D, 0xA1,
    0x9E, 0x9E, 0x84, 0xDC, 0x53, 0x49, 0x51, 0x9D, 0x74, 0x34, 0xEC, 0x47, 0x56, 0xDD, 0x41, 0x55,
    0x3C, 0x34, 0xCD, 0x38, 0xAA, 0x62, 0x1F, 0x8B, 0x90, 0x7A, 0x7A, 0xF5, 0x0B, 0x19, 0x7F, 0xF4,
    0x70, 0x28, 0x59, 0x86, 0x6A, 0xCB, 0xD0, 0x31, 0xA3, 0x65, 0x5A, 0x3C, 0xBD, 0x13, 0xD4, 0x33,
    0x2B, 0xD3, 0x85, 0x2A, 0x88, 0x29, 0xE4, 0x9B, 0x99, 0x85, 0x02, 0x89, 0x66, 0x1B, 0x81, 0x8A,
    0x8B, 0x3C, 0x84, 0x4E, 0x41, 0xFA, 0x70, 0x28, 0x64, 0x60, 0xA4, 0x61, 0xF1, 0x1A, 0x32, 0x9A,
    0x68, 0x8A, 0x02, 0x1B, 0x23, 0x0F, 0x51, 0xD7, 0xAD, 0xA6, 0x9E, 0x72, 0x9E, 0x72, 0xA7, 0x4A,
    0xBA, 0x08, 0x90, 0x10, 0x4A, 0x51, 0xE5, 0xEC, 0x62, 0x1B, 0x6A, 0x70, 0x4E, 0x8A, 0xC5, 0xFA,
    0x1B, 0xDA, 0x61, 0xD7, 0x83, 0x73, 0x99, 0xF7, 0x94, 0x2C, 0x06, 0x16, 0xCC, 0x76, 0x1F, 0x7C,
    0xA7, 0xB2, 0x74, 0x40, 0x19, 0x36, 0x11, 0x42, 0xB3, 0x6E, 0x26, 0xF5, 0xDA, 0x30, 0x25, 0x64,
    0xF2, 0xE0, 0x0B, 0x49, 0xE0, 0x3B, 0xCA, 0x7E, 0x2A, 0x82, 0x83, 0x33, 0x64, 0x97, 0x79, 0x51,
    0xE3, 0xCE, 0x1F, 0x1C, 0xAF, 0x3E, 0x18, 0x00, 0x2E, 0x93, 0xCC, 0x00, 0x7E, 0xFC, 0x7A, 0x1B,
    0x48, 0x04, 0x65, 0x16, 0x4C, 0x4A, 0x82, 0x38, 0xDF, 0x70, 0xC5, 0x82, 0x9D, 0x0F, 0x76, 0xF9,
    0xB0, 0x64, 0x4C, 0x62, 0x77, 0xF5, 0x76, 0xF9, 0xD2, 0xED, 0x49, 0x01, 0xBB, 0xBC, 0x72, 0x1B,
    0x82, 0xA7, 0xF2, 0xFD, 0x98, 0x9C, 0x46, 0xA4, 0xA8, 0x5E, 0xDF, 0x67, 0xFB, 0x2E, 0xF4, 0x3C,
    0x6A, 0x69, 0x33, 0x24, 0xDF, 0x9A, 0x14, 0x68, 0x0D, 0x63, 0xC0, 0x24, 0x4E, 0xF7, 0x81, 0x49,
    0xA1, 0xBE, 0xAE, 0x00, 0x06, 0xB1, 0xB8, 0x22, 0x8D, 0x1A, 0x0C, 0x1C, 0x9C, 0x99, 0x99, 0xB1,
    0x55, 0xAB, 0xB0, 0x93, 0x17, 0x7F, 0x21, 0xB7, 0x78, 0x2C, 0x43, 0x9D, 0xCD, 0x6E, 0x4B, 0x3E,
    0x38, 0xB0, 0x7A, 0x59, 0x81, 0x65, 0x4B, 0x49, 0x45, 0x50, 0xA6, 0x62, 0x37, 0x30, 0xCB, 0xEC,
    0xA2, 0xEE, 0xA3, 0x24, 0x2B, 0xFC, 0xF3, 0xA1, 0xB1, 0x2C, 0x06, 0x6F, 0xAE, 0xD5, 0x3B, 0x15,
    0xD1, 0xAD, 0xF1, 0xBF, 0x53, 0xDF, 0x83, 0x3D, 0x49, 0x08, 0x82, 0xAB, 0xE4, 0xC9, 0x80, 0x2E,
    0x9D, 0x37, 0xB1, 0x45, 0x27, 0x7E, 0xC7, 0xEC, 0x63, 0x93, 0x8B, 0xFA, 0x9E, 0x5A, 0x9D, 0xEC,
    0x83, 0xC9, 0x33, 0x11, 0x03, 0x9E, 0x4B, 0xF6, 0x39, 0xAD, 0xB7, 0x87, 0xEA, 0xB2, 0x0C, 0x4A,
    0x07, 0x70, 0x29, 0x21, 0x7D, 0x4C, 0x27, 0xA5, 0xFC, 0x6C, 0xDF, 0x5A, 0xE8, 0x61, 0x17, 0xA1,
    0xFC, 0x6D, 0x92, 0xAD, 0xC3, 0xB4, 0xB9, 0x63, 0x1F, 0xBC, 0x03, 0x62, 0x90, 0xED, 0x53, 0xDD,
    0xF1, 0x95, 0xE2, 0x10, 0x9C, 0x08, 0x4B, 0x63, 0xA7, 0x81, 0x28, 0x81, 0x80, 0x55, 0x5F, 0x75,
    0x50, 0x09, 0x03, 0x44, 0x63, 0xE9, 0x6B, 0xA7, 0xAB, 0x7C, 0x43, 0xA5, 0x73, 0x1A, 0xA0, 0x2C,
    0xD3, 0xEA, 0x9B, 0x86, 0x36, 0x3F, 0xDA, 0xED, 0xAF, 0xB5, 0x6E, 0x6B, 0x26, 0x40, 0x62, 0x25,
    0xE6, 0xC8, 0x6E, 0xAF, 0x6A, 0x46, 0x84, 0xC4, 0xCB, 0xA2, 0x81, 0xE2, 0x84, 0x90, 0xDC, 0xC0,
    0xDA, 0x53, 0x8F, 0x00, 0x12, 0x13, 0x4F, 0x43, 0x7A, 0x08, 0x23, 0x4C, 0x1A, 0xB1, 0xA3, 0xD2,
    0xB2, 0x4A, 0x92, 0x72, 0x49, 0x21, 0xC9, 0x67, 0x87, 0x5A, 0x9D, 0x70, 0xF9, 0xEA, 0x99, 0x96,
    0xB7, 0xD0, 0x75, 0x53, 0x5F, 0x44, 0xCE, 0xAF, 0xE6, 0xDB, 0x16, 0x13, 0xA1, 0x12, 0x48, 0x83,
    0xF4, 0x72, 0xAB, 0x10, 0x14, 0xC1, 0xB0, 0xAA, 0x10, 0x02, 0x65, 0x50, 0x93, 0x2D, 0x94, 0x50,
    0xA3, 0xF0, 0xA7, 0x8D, 0x27, 0x3A, 0x41, 0xDE, 0xF2, 0x80, 0x1E, 0xDB, 0x38, 0x5C, 0xD8, 0x76,
    0x51, 0xFC, 0x8C, 0xE7, 0xF5, 0xB9, 0x9F, 0xCE, 0x0B, 0xF6, 0x3A, 0x74, 0x62, 0xDA, 0x3D, 0x25,
    0x0D, 0x3D, 0x29, 0x76, 0xF8, 0x1A, 0x9A, 0x66, 0x61, 0xC7, 0x2F, 0x56, 0x3D, 0x91, 0xB7, 0x99,
    0xDD, 0xBC, 0x69, 0x22, 0xDD, 0x6A, 0x26, 0x51, 0x8F, 0x99, 0xEA, 0xB1, 0x55, 0x9D, 0x6B, 0x1E,
    0x97, 0x56, 0xA4, 0x27, 0x97, 0x5B, 0xDB, 0x5B, 0xAD, 0xF1, 0x36, 0xF4, 0xBF, 0x8C, 0xAF, 0x49,
    0x9C, 0xFA, 0xDE, 0x8C, 0x06, 0x6A, 0x0A, 0xEE, 0xA5, 0xBE, 0x36, 0xFB, 0xE0, 0x3C, 0x27, 0x8D,
    0x4F, 0xE7, 0x7D, 0x65, 0x39, 0x80, 0x14, 0xDD, 0xFF, 0x6A, 0x0B, 0xF7, 0xBC, 0xFD, 0xAB, 0x3E,
    0xEF, 0x72, 0xB9, 0x47, 0x1C, 0x9A, 0xC1, 0xFB, 0xAE, 0x6F, 0x74, 0xFE, 0x48, 0x7D, 0xA5, 0x35,
    0x7C, 0xEF, 0xD5, 0xFE, 0xF1, 0xD5, 0x47, 0xA8, 0x8B, 0xDF, 0x0E, 0x07, 0xB4, 0x5F, 0x25, 0xEA,
    0xF0, 0xFF, 0x75, 0x72, 0x1E, 0x50, 0x6F, 0x8C, 0xB0, 0x54, 0xC1, 0x86, 0x62, 0x9B, 0xFF, 0xEB,
    0x98, 0x75, 0x96, 0x75, 0x59, 0x07, 0x7C, 0x3D, 0x66, 0x10, 0xDB, 0x70, 0xE0, 0x54, 0x67, 0xC2,
    0xE1, 0xE0, 0x24, 0xA8, 0x32, 0xD2, 0xED, 0x3D, 0x53, 0x4E, 0x97, 0xF4, 0x23, 0xAB, 0xB5, 0x46,
    0x18, 0xA5, 0xB2, 0x96, 0xE9, 0x03, 0x17, 0x0A, 0x60, 0x3F, 0x2A, 0xD2, 0x1D, 0x33, 0x67, 0x7C,
    0x31, 0xAC, 0x7C, 0x47, 0x07, 0x53, 0x33, 0x17, 0x66, 0x53, 0xBD, 0xBC, 0x91, 0xA8, 0x29, 0xE3,
    0xBF, 0xB4, 0x93, 0xE8, 0x2E, 0x8B, 0x41, 0x9C, 0xEF, 0x83, 0x79, 0xA3, 0x89, 0x3C, 0x0C, 0x63,
    0xAB, 0x10, 0xD1, 0x20, 0x44, 0x32, 0xFB, 0xC0, 0xEF, 0xEA, 0x09, 0xE9, 0x6C, 0x4C, 0xD4, 0x88,
    0x38, 0xE5, 0xBA, 0xDC, 0xB4, 0xEE, 0x93, 0xB5, 0xC0, 0x86, 0x3F, 0x08, 0x17, 0xD9, 0x6D, 0x2D,
    0x87, 0xBA, 0x2F, 0x90, 0xF8, 0x30, 0x97, 0x3E, 0x7B, 0x44, 0x66, 0xC0, 0x8E, 0x03, 0x03, 0x42,
    0x61, 0xF5, 0xEE, 0x9C, 0x2C, 0xBB, 0x9E, 0xDA, 0x60, 0x3F, 0x90, 0xFB, 0x94, 0xC3, 0xF9, 0xCF,
    0x1B, 0xF8, 0xF9, 0xF3, 0x72, 0x88, 0xA6, 0x62, 0x4A, 0x81, 0x50, 0x1B, 0x89, 0xF4, 0xEA, 0x51,
    0xBC, 0x1F, 0xC0, 0x06, 0xCB, 0x1D, 0xBF, 0xD4, 0xA2, 0xDD, 0xFA, 0xB4, 0x7B, 0x0D, 0xF5, 0x04,
    0xB1, 0x9E, 0x1A, 0xEA, 0x82, 0x86, 0x66, 0x69, 0xC8, 0x85, 0x86, 0x61, 0x53, 0x82, 0x69, 0x55,
    0x1C, 0xAE, 0xA8, 0x29, 0x81, 0x2D, 0x86, 0xFC, 0xAA, 0x86, 0xFE, 0x12, 0xC2, 0x47, 0xFE, 0x44,
    0xCC, 0xB6, 0xFE, 0x0C, 0x2A, 0x8E, 0xD7, 0x78, 0xA1, 0x0A, 0xB2, 0x19, 0xD3, 0xD8, 0x12, 0xEF,
    0x58, 0x8D, 0x94, 0x2F, 0xD4, 0x9D, 0xBF, 0x86, 0x9F, 0xDF, 0xC3, 0xCF, 0xCF, 0x8A, 0x31, 0x9E,
    0x41, 0xDE, 0xA8, 0x80, 0x66, 0x93, 0x5D, 0x5D, 0xCE, 0x44, 0xC2, 0x2B, 0xAE, 0xCB, 0x2F, 0xC7,
    0xE0, 0x15, 0x5B, 0xD3, 0x98, 0xA1, 0x20, 0xCF, 0x21, 0x56, 0x11, 0x50, 0x78, 0xEC, 0x43, 0xFF,
    0xCF, 0x37, 0xF6, 0x0D, 0x52, 0x35, 0xE2, 0xB6, 0x07, 0xDA, 0x73, 0xBC, 0x08, 0x5F, 0x45, 0x60,
    0x14, 0xF2, 0xC5, 0xF9, 0x32, 0x01, 0x69, 0x43, 0x37, 0xA7, 0xBE, 0xF4, 0x2C, 0x36, 0xFB, 0x0E,
    0x9D, 0x39, 0x39, 0x5B, 0x5C, 0xE8, 0x2A, 0x6F, 0x60, 0x90, 0xF7, 0xE1, 0x1D, 0x1F, 0xE5, 0x8D,
    0x05, 0x34, 0xC8, 0xB7, 0x50, 0xD2, 0x27, 0x4C, 0x69, 0x2D, 0xA6, 0x80, 0x1D, 0xB0, 0x6B, 0x83,
    0x8D, 0x93, 0x95, 0x32, 0x19, 0x59, 0x7B, 0x26, 0x04, 0x56, 0x9F, 0xA2, 0x6C, 0x03, 0xB4, 0x0B,
    0xF8, 0x37, 0x6C, 0x06, 0xE2, 0x4E, 0x38, 0x5B, 0x1E, 0x12, 0x11, 0x48, 0x11, 0x31, 0x8F, 0xE9,
    0x80, 0x8D, 0x13, 0xA6, 0x87, 0xB7, 0x31, 0x55, 0xAF, 0x52, 0x23, 0xAE, 0x11, 0x1D, 0x8F, 0x5B,
    0xD2, 0x7B, 0xDF, 0xF6, 0x16, 0xF6, 0xFB, 0x02, 0x46, 0x27, 0x2E, 0xBF, 0x22, 0x04, 0x43, 0x3A,
    0x26, 0xE5, 0xAA, 0x5C, 0xE9, 0xFC, 0x1D, 0xDD, 0x92, 0x16, 0xE6, 0xFA, 0xBE, 0x65, 0x7B, 0x98,
    0xEF, 0x73, 0xE0, 0x6A, 0xD5, 0xF6, 0x51, 0x0E, 0x7C, 0x9F, 0xDD, 0x28, 0x0C, 0x18, 0x26, 0x3F,
    0x62, 0xA6, 0x7A, 0x36, 0xD2, 0x36, 0x39, 0x96, 0xC3, 0x62, 0x44, 0x5E, 0xB6, 0xFD, 0xD4, 0x72,
    0x04, 0xCF, 0x69, 0xC0, 0xAD, 0x8A, 0x31, 0x34, 0xA4, 0x18, 0xB4, 0xBD, 0xFA, 0xCE, 0x54, 0x2A,
    0x5F, 0x25, 0xE0, 0xD6, 0x35, 0xFF, 0xF4, 0x91, 0x41, 0xFC, 0x13, 0xB5, 0x63, 0x05, 0xE2, 0x81,
    0xB3, 0xBB, 0x2B, 0xFD, 0xD8, 0x1F, 0x8E, 0xCA, 0x01, 0x87, 0x5B, 0xC0, 0x2B, 0xB4, 0x68, 0x0E,
    0x9E, 0xCA, 0xDA, 0xF3, 0x1F, 0x36, 0xD1, 0x77, 0xEA, 0xEE, 0x57, 0x01, 0x3B, 0x36, 0xFC, 0x38,
    0xC7, 0x8E, 0x51, 0x06, 0xFA, 0xEE, 0x71, 0xAB, 0x36, 0x5C, 0xBD, 0x04, 0x7B, 0x45, 0xC7, 0xCA,
    0xC7, 0xD4, 0xD7, 0xBA, 0xB7, 0x7E, 0xC8, 0xB8, 0x7B, 0xB7, 0xA8, 0xBB, 0x1C, 0xA2, 0xC3, 0xC2,
    0x19, 0x32, 0x6B, 0x53, 0xFE, 0x92, 0x85, 0x8E, 0x3F, 0xED, 0xE1, 0x89, 0xD7, 0x02, 0x11, 0xDC,
    0x5A, 0x00, 0x1B, 0x15, 0xF7, 0x0F, 0xC9, 0x58, 0x72, 0xB5, 0xB9, 0xC9, 0x88, 0x6A, 0x46, 0x91,
    0xFF, 0xE2, 0xEF, 0xA1, 0x36, 0xBE, 0x67, 0xF4, 0x77, 0x0E, 0xFC, 0xA9, 0xCD, 0x6F, 0x5A, 0xC3,
    0xF6, 0x7A, 0x15, 0x22, 0x07, 0x10, 0x80, 0xE3, 0x28, 0xC6, 0x32, 0x02, 0x50, 0x31, 0xEE, 0xE3,
    0xA9, 0x66, 0xA1, 0xCC, 0x06, 0xDD, 0x3D, 0x0F, 0x9E, 0x73, 0x72, 0xE0, 0x7F, 0xCC, 0xFB, 0x24,
    0x91, 0xD8, 0xFA, 0x87, 0xB6, 0x75, 0x92, 0x7A, 0x9B, 0xB8, 0x10, 0x82, 0x55, 0x0F, 0x11, 0x41,
    0xD2, 0x85, 0xF3, 0xFA, 0x94, 0xB6, 0xE3, 0xD2, 0x5B, 0x14, 0xEB, 0x23, 0x9F, 0x92, 0x95, 0x58,
    0x37, 0x26, 0x9C, 0x44, 0xCB, 0x4A, 0x12, 0xDD, 0x0D, 0x1F, 0x87, 0x75, 0xCF, 0x17, 0x3D, 0xAB,
    0x87, 0x63, 0xC0, 0xC4, 0x91, 0xFF, 0xBB, 0xB0, 0x69, 0xF7, 0xBB, 0xCC, 0x66, 0x3B, 0xBE, 0x31,
    0x40, 0x2A, 0xE4, 0x00, 0xDF, 0xD1, 0x8E, 0x12, 0x93, 0x2E, 0xD2, 0xD2, 0x5D, 0x1A, 0x2E, 0x12,
    0xDE, 0x15, 0xED, 0xCF, 0xC2, 0x21, 0xB5, 0x6B, 0x1C, 0x16, 0xFA, 0xC2, 0x13, 0x11, 0xEC, 0x1D,
    0x93, 0xB3, 0x3D, 0xE0, 0x91, 0xF3, 0x99, 0x0B, 0x75, 0xAC, 0x99, 0xA0, 0x3D, 0xFF, 0x95, 0x55,
    0xE9, 0x4A, 0x67, 0x79, 0x60, 0x52, 0x65, 0x44, 0x74, 0x2C, 0x46, 0x96, 0x05, 0x3B, 0x02, 0x77,
    0x06, 0x78, 0x54, 0xBA, 0x0B, 0xFD, 0xED, 0x6F, 0xDB, 0xDD, 0x27, 0xA2, 0xD8, 0x1D, 0x30, 0xE2,
    0x81, 0x9A, 0x2D, 0x58, 0x45, 0x52, 0x05, 0xF8, 0x92, 0x76, 0xC3, 0x57, 0xBD, 0xB5, 0xD1, 0xBB,
    0x2C, 0x04, 0xDB, 0x8E, 0x64, 0xD3, 0xC9, 0x54, 0x29, 0xE3, 0x92, 0x28, 0xE0, 0x47, 0x38, 0x58,
    0xBA, 0x15, 0xC2, 0x4F, 0xDC, 0xBE, 0xBF, 0x75, 0x09, 0x65, 0xAA, 0x3D, 0x3C, 0x6C, 0x75, 0xA8,
    0x50, 0x24, 0xF2, 0xCF, 0x06, 0xB5, 0xC9, 0x12, 0xBB, 0x0E, 0xD3, 0x0D, 0x3A, 0x3A, 0x55, 0xB8,
    0x29, 0x9F, 0x2F, 0x7F, 0x7A, 0xE2, 0x67, 0x45, 0x7D, 0x51, 0x37, 0x83, 0xA4, 0x52, 0x82, 0x61,
    0xF0, 0x45, 0x88, 0x06, 0xE0, 0xAD, 0x27, 0xF3, 0x25, 0xD0, 0xBD, 0xC7, 0x3C, 0x29, 0x58, 0x4A,
    0xF7, 0xBD, 0x09, 0x39, 0xA7, 0x07, 0x98, 0xF2, 0xAD, 0x4B, 0xE4, 0x7F, 0x8C, 0x52, 0xDF, 0x66,
    0x64, 0x3C, 0x2C, 0x77, 0x06, 0x9D, 0x7F, 0x31, 0x92, 0x23, 0x91, 0x1B, 0xA9, 0xC1, 0xB2, 0xE5,
    0xCC, 0x7D, 0x96, 0x28, 0x2E, 0xB2, 0x84, 0xC2, 0x48, 0x88, 0x78, 0xC8, 0xAE, 0x29, 0xC4, 0xFB,
    0x1A, 0x8E, 0xF2, 0x31, 0x96, 0x88, 0x3B, 0x46, 0xA0, 0xCA, 0xAE, 0x25, 0xFC, 0xDD, 0x02, 0x7F,
    0x8A, 0x79, 0x07, 0xC0, 0x29, 0xDB, 0xFA, 0x8B, 0x75, 0x67, 0xC9, 0xC4, 0xCE, 0x81, 0x55, 0x87,
    0x8C, 0x5D, 0x5F, 0x11, 0xB7, 0x0A, 0x55, 0x6F, 0x10, 0x06, 0xFF, 0xFF, 0xC1, 0xAB, 0x8D, 0x29,
    0x98, 0x93, 0xAE, 0x5E, 0xF9, 0xBD, 0x7B, 0xA3, 0x58, 0xD9, 0xE4, 0xAA, 0x8E, 0x9F, 0xC0, 0x72,
    0xC8, 0x29, 0xB5, 0xA0, 0x65, 0x8B, 0x87, 0x9A, 0x7E, 0x25, 0xC2, 0xED, 0xDB, 0x0B, 0xE7, 0x0A,
    0x6F, 0xAF, 0x66, 0xD9, 0x0D, 0xF8, 0x2C, 0xA8, 0x62, 0x86, 0xC4, 0x40, 0x36, 0xB7, 0x9A, 0xFD,
    0x29, 0xED, 0x8F, 0x09, 0x3F, 0xB1, 0x93, 0x43, 0x00, 0x4C, 0xC7, 0x97, 0x6F, 0xF7, 0xEF, 0xD2,
    0x13, 0xE9, 0xD5, 0xB4, 0x04, 0x31, 0x08, 0x65, 0x37, 0xFF, 0x42, 0x23, 0xE7, 0x5F, 0x86, 0x94,
    0x5F, 0xB1, 0xCB, 0xF7, 0xB0, 0x0F, 0xF1, 0x2B, 0xAA, 0x29, 0x0A, 0xEC, 0xCF, 0x5F, 0x0A, 0xAA,
    0xDB, 0x85, 0x2F, 0xD1, 0xA7, 0xEE, 0xF5, 0x26, 0xEF, 0x18, 0xFC, 0x95, 0xDD, 0xF7, 0xA3, 0x7A,
    0x57, 0xBE, 0x03, 0x20, 0x43, 0xAC, 0xEF, 0x03, 0x1C, 0x10, 0x78, 0x00, 0xED, 0x12, 0xC2, 0xF9,
    0x95, 0xC4, 0xE3, 0xB1, 0x4D, 0xA0, 0x4E, 0xF6, 0xCC, 0x06, 0x96, 0xA2, 0x8B, 0x7D, 0xCE, 0x7A,
    0xFC, 0xB1, 0xD5, 0x44, 0xE7, 0x4C, 0xBD, 0xA0, 0xA9, 0x54, 0x4B, 0xB7, 0x55, 0x87, 0x74, 0x51,
    0x3B, 0xAE, 0x18, 0x64, 0x68, 0x0B, 0x6F, 0x3B, 0x50, 0x95, 0x7D, 0x1A, 0x19, 0xD6, 0xEF, 0x6B,
    0xFB, 0xC8, 0xE8, 0xAC, 0xEB, 0x0A, 0x15, 0x2E, 0xBF, 0xA9, 0x42, 0x61, 0x13, 0x35, 0x14, 0x84,
    0x17, 0x2F, 0xFF, 0x74, 0x11, 0xD9, 0xC2, 0x7D, 0x37, 0x7B, 0x88, 0x47, 0x9E, 0x9D, 0x5A, 0x04,
    0xF2, 0x5C, 0x9F, 0xDD, 0x87, 0x8C, 0x28, 0xFC, 0xC0, 0xCD, 0x4F, 0xF8, 0x1A, 0x1D, 0x87, 0xCA,
    0x18, 0xC9, 0xDD, 0x9B, 0xA2, 0x3F, 0x38, 0x95, 0xFE, 0x9E, 0x22, 0x96, 0xD7, 0xD0, 0x4F, 0x8A,
    0x51, 0x15, 0xDB, 0x2F, 0xA8, 0x00, 0x0B, 0x19, 0x44, 0x7D, 0x41, 0x1B, 0xCF, 0x6B, 0x82, 0x5A,
    0xB4, 0x5B, 0xCC, 0xF9, 0x4A, 0x59, 0xDA, 0x6D, 0x69, 0x73, 0xD7, 0xD1, 0xD1, 0x8A, 0xFB, 0xAA,
    0xD2, 0xFC, 0xB8, 0x6F, 0xE8, 0x25, 0xA1, 0x9F, 0xB7, 0x6C, 0xF8, 0xFE, 0x06, 0x34, 0xFD, 0x0E,
    0x50, 0x0D, 0x35, 0x13, 0x7C, 0x67, 0xCA, 0x3A, 0xBF, 0xBA, 0x95, 0x49, 0x68, 0x82, 0x18, 0xFE,
    0xDD, 0x79, 0x8B, 0x00, 0xAE, 0x9A, 0x8D, 0xDF, 0xC2, 0xC2, 0x59, 0xEF, 0xA0, 0x0E, 0x68, 0x23,
    0x81, 0x13, 0xF6, 0x35, 0x5F, 0x83, 0x91, 0xF6, 0x8D, 0xBB, 0xF9, 0x68, 0x72, 0xC9, 0x45, 0xE2,
    0xE0, 0x6B, 0xAE, 0x04, 0x18, 0x93, 0x6C, 0x19, 0x41, 0xCB, 0x90, 0x6D, 0x52, 0x2A, 0x1A, 0x36,
    0x59, 0xB6, 0x4C, 0x4F, 0xA9, 0x70, 0xE3, 0x35, 0x36, 0x9F, 0x39, 0xD1, 0xEB, 0xC5, 0xB8, 0x0B,
    0x1C, 0x95, 0x89, 0x83, 0x33, 0x75, 0xE1, 0xF2, 0xE3, 0x4A, 0x11, 0x5E, 0xDC, 0xBE, 0x65, 0xCA,
    0x73, 0xE5, 0xF5, 0x07, 0xE3, 0xF2, 0x7F, 0x1C, 0xC2, 0x9B, 0x22, 0x71, 0xDE, 0x79, 0xF3, 0xB5,
    0xF3, 0x75, 0xC5, 0x07, 0xAA, 0xC0, 0x8E, 0x69, 0x8A, 0x74, 0xDE, 0x8B, 0xD3, 0x6F, 0x55, 0x99,
    0x1F, 0x75, 0x9A, 0x68, 0x2F, 0xFC, 0x7E, 0x26, 0x0D, 0x10, 0xAF, 0x97, 0x8F, 0xDA, 0xAB, 0x4D,
    0x10, 0xAB, 0x3D, 0xDD, 0x6D, 0x8A, 0xF9, 0x35, 0x35, 0xD2, 0x3F, 0x44, 0x04, 0x3F, 0x49, 0x66,
    0xFD, 0x59, 0xD0, 0x5C, 0x9F, 0x1C, 0x01, 0x4F, 0x3E, 0xC4, 0x2A, 0xCF, 0x5D, 0xF8, 0x33, 0x81,
    0xFF, 0x06, 0xCD, 0x5A, 0x3F, 0xAC, 0xDE, 0xD6, 0x75, 0xBF, 0x24, 0xAD, 0x47, 0xC0, 0x1C, 0xEE,
    0x52, 0x07, 0x29, 0x04, 0xF4, 0xA2, 0x63, 0x1B, 0x57, 0x5C, 0x3B, 0x58, 0xBA, 0x74, 0x35, 0x68,
    0xD0, 0x10, 0x0D, 0x7A, 0xED, 0x90, 0x21, 0x4B, 0x07, 0x67, 0x68, 0xB5, 0x16, 0x45, 0x24, 0x12,
    0xD6, 0xE0, 0x21, 0x83, 0xD5, 0x0E, 0x19, 0x3A, 0x24, 0x19, 0x3C, 0x04, 0x59, 0xB4, 0x64, 0xD0,
    0x20, 0x89, 0x94, 0x04, 0x34, 0x83, 0x87, 0x32, 0x12, 0x8A, 0x14, 0xC8, 0x10, 0x5A, 0x11, 0x20,
    0x14, 0x1E, 0x74, 0xED, 0xD0, 0x11, 0x9F, 0x74, 0xC9, 0xDB, 0xDF, 0xEF, 0x5C, 0x7E, 0xDF, 0x7B,
    0x7A, 0xCF, 0x4E, 0xDC, 0xC4, 0x0F, 0x79, 0x1F, 0xF4, 0xF1, 0xE9, 0xE3, 0x9F, 0x7B, 0xFE, 0x9F,
    0xF3, 0x3B, 0xE7, 0x52, 0x95, 0x4A, 0x7B, 0x15, 0x7A, 0x3D, 0xAB, 0xD0, 0xA5, 0x4E, 0x29, 0x95,
    0x54, 0xEA, 0xB6, 0xD2, 0x5D, 0xE2, 0x55, 0xD9, 0x65, 0x93, 0xAA, 0x9B, 0x62, 0x52, 0xA1, 0x31,
    0x63, 0x1A, 0x2A, 0x3B, 0xE6, 0xA1, 0x6A, 0x9D, 0x0E, 0xAA, 0xEE, 0xD5, 0x25, 0xDC, 0x5B, 0x0C,
    0x38, 0xDC, 0xC1, 0x57, 0x77, 0x4A, 0x9D, 0x0E, 0x1F, 0x28, 0x13, 0x02, 0x2E, 0xEF, 0x2D, 0x59,
    0x28, 0x2F, 0x0E, 0xE1, 0x81, 0xBB, 0x53, 0x8E, 0x76, 0xE7, 0xFA, 0x92, 0x3B, 0x3C, 0x71, 0x4D,
    0x15, 0xBE, 0xE8, 0x41, 0xC6, 0x83, 0x24, 0x1E, 0x68, 0xEF, 0xF9, 0x73, 0xF9, 0x6C, 0xDE, 0x1B,
    0xEC, 0xA7, 0xE3, 0x9D, 0x24, 0x04, 0xD3, 0xE5, 0x21, 0x78, 0xB5, 0x13, 0xF6, 0x94, 0xCA, 0x0F,
    0x2E, 0xAC, 0xDE, 0x51, 0xFC, 0x9C, 0xBA, 0x4C, 0x8A, 0x61, 0xC2, 0xD5, 0x10, 0x7A, 0x95, 0x84,
    0xEB, 0x8B, 0x52, 0x76, 0x28, 0x3B, 0x4A, 0x30, 0xE0, 0x77, 0x83, 0xEB, 0x76, 0xC4, 0x21, 0x0B,
    0xBC, 0xBF, 0xA6, 0x34, 0x05, 0xEE, 0x21, 0x57, 0x0B, 0xAE, 0x87, 0x80, 0x55, 0x03, 0x17, 0x34,
    0x13, 0x05, 0x0D, 0x15, 0x1F, 0xE0, 0x5D, 0xD9, 0xCC, 0x07, 0x5A, 0x2E, 0x50, 0x92, 0x72, 0x89,
    0x7B, 0x27, 0x50, 0x09, 0xA1, 0xA9, 0xF9, 0x5F, 0xA1, 0xAF, 0x7A, 0xA5, 0xD2, 0x0F, 0x71, 0x28,
    0x2F, 0x3E, 0x0C, 0x0F, 0xC7, 0x02, 0x17, 0xAA, 0x62, 0x2C, 0x46, 0x65, 0xC1, 0x6E, 0xE2, 0x54,
    0xDE, 0xE9, 0x46, 0xE9, 0xEA, 0xAC, 0x52, 0xE7, 0x14, 0x9E, 0x98, 0xB2, 0x41, 0x65, 0x7D, 0xDE,
    0xA9, 0x92, 0xDA, 0x9C, 0x94, 0xED, 0xAF, 0x0C, 0x19, 0x79, 0xB0, 0xF9, 0x72, 0xE1, 0x31, 0xA8,
    0xE6, 0x0F, 0xB1, 0xE6, 0x0E, 0x98, 0x5B, 0x8A, 0x30, 0xC7, 0x63, 0x02, 0xB9, 0x5A, 0xA8, 0x68,
    0x20, 0x6F, 0xB5, 0xCB, 0x28, 0xA0, 0xD3, 0x58, 0xCC, 0x4E, 0x25, 0x9E, 0x28, 0x3D, 0xF4, 0x6E,
    0xC2, 0x1C, 0x02, 0x45, 0xC2, 0x11, 0x9A, 0x98, 0x44, 0x5E, 0x30, 0x4D, 0x46, 0xFD, 0x7A, 0xC4,
    0x99, 0x6A, 0xAB, 0x87, 0x5C, 0x8E, 0x45, 0x3C, 0x52, 0x1D, 0x4A, 0xF3, 0x98, 0xC2, 0x54, 0x9B,
    0xE3, 0xD5, 0xE7, 0xBF, 0x8A, 0xFF, 0xBE, 0x0B, 0xB5, 0x6C, 0xFE, 0x7F, 0xD5, 0x45, 0xB1, 0x93,
    0x76, 0xA9, 0x54, 0x0B, 0x6A, 0xC5, 0x92, 0x83, 0x40, 0x5F, 0x0C, 0x69, 0x50, 0x65, 0x03, 0x8F,
    0xB9, 0xAC, 0x4A, 0xAE, 0x64, 0x49, 0xAC, 0x06, 0xEB, 0x29, 0xED, 0x62, 0x9F, 0x86, 0x3E, 0x83,
    0x03, 0x34, 0xA5, 0x03, 0xE5, 0xD0, 0xE9, 0x29, 0xA3, 0xBF, 0x68, 0x8F, 0x3F, 0x76, 0x86, 0xBA,
    0x6B, 0x18, 0x43, 0x6E, 0xC7, 0x83, 0x1D, 0x8D, 0xD3, 0x91, 0xC7, 0x4A, 0x77, 0xC5, 0xAC, 0x6A,
    0x55, 0x3A, 0x78, 0x5E, 0x68, 0x8A, 0x3D, 0xE3, 0x69, 0x86, 0x06, 0x6E, 0x75, 0x03, 0x92, 0x57,
    0x57, 0x8D, 0xAB, 0x3F, 0x9C, 0xCB, 0xCF, 0x42, 0xEE, 0xCB, 0x8A, 0x9E, 0x21, 0xE7, 0xE9, 0x0A,
    0xD4, 0x40, 0xB8, 0x71, 0x1A, 0x26, 0x34, 0xF0, 0x8A, 0x59, 0x25, 0x93, 0xF8, 0x8E, 0x6E, 0x8A,
    0x70, 0xE3, 0xAA, 0xBA, 0x4D, 0xA6, 0x6E, 0xE7, 0x5D, 0x39, 0x96, 0xCD, 0x78, 0x06, 0x9C, 0x9F,
    0x4B, 0x9C, 0xD3, 0x0E, 0xE6, 0xF9, 0x45, 0x57, 0x77, 0x49, 0x55, 0xFC, 0x20, 0xA5, 0x0C, 0x67,
    0x6E, 0x69, 0x7A, 0xCE, 0xBF, 0x0E, 0x16, 0x7C, 0x25, 0x4F, 0x1B, 0x3A, 0x53, 0xF1, 0x43, 0x5C,
    0x3A, 0xA5, 0xFE, 0xE6, 0x2D, 0x88, 0x7D, 0x4E, 0x8D, 0xB7, 0x0A, 0xAF, 0xA6, 0xFC, 0x9E, 0xD3,
    0x73, 0x3E, 0x9C, 0x4D, 0x07, 0xD8, 0xFF, 0x5D, 0x97, 0x0D, 0x3B, 0xE1, 0x89, 0xA9, 0xE8, 0xAE,
    0xE9, 0xA8, 0x72, 0x2C, 0x51, 0x37, 0x2A, 0x5B, 0xAA, 0x2B, 0x23, 0xFD, 0x2B, 0x88, 0xB6, 0xAF,
    0x2C, 0xB4, 0x45, 0xD9, 0x2B, 0xFD, 0xF1, 0x94, 0x8D, 0xB5, 0x5A, 0x0A, 0x67, 0xBA, 0xBB, 0xA9,
    0xD7, 0x70, 0xDD, 0x39, 0xF5, 0xA6, 0x33, 0xF7, 0xBD, 0x5A, 0xDA, 0xFF, 0x49, 0x17, 0xF1, 0xE0,
    0x36, 0xCC, 0xA7, 0x76, 0x77, 0x2B, 0xF8, 0x14, 0x64, 0xB8, 0x07, 0xBF, 0x41, 0xF0, 0x2C, 0xA6,
    0xCB, 0xBC, 0x6D, 0xB4, 0x83, 0xE2, 0x1F, 0xC1, 0x06, 0xDF, 0x1B, 0x55, 0xFB, 0x3E, 0x34, 0xF9,
    0x21, 0x9C, 0xEF, 0x81, 0x57, 0xE6, 0x21, 0x42, 0x6A, 0x98, 0x55, 0xEE, 0xEE, 0xAA, 0xCC, 0x59,
    0x95, 0x8C, 0xA5, 0x58, 0x8E, 0xEE, 0x16, 0x9E, 0x89, 0x1B, 0x2B, 0x7A, 0x25, 0x3E, 0xE2, 0x2E,
    0x74, 0x71, 0xBD, 0x3D, 0xF5, 0x8F, 0x65, 0x98, 0x42, 0x78, 0x14, 0x82, 0xA6, 0xE7, 0xFC, 0x5E,
    0xB5, 0xDE, 0x0C, 0xB3, 0x82, 0x5A, 0xAF, 0xC0, 0x21, 0xA0, 0x56, 0x8B, 0x20, 0x1C, 0xCF, 0xA8,
    0x25, 0xF3, 0x50, 0x6B, 0x36, 0x69, 0x07, 0xB5, 0xEA, 0xC1, 0x76, 0xC5, 0x0F, 0x94, 0x6D, 0x66,
    0xA8, 0x15, 0xBC, 0xF7, 0x50, 0x6B, 0x86, 0xA7, 0xA0, 0x56, 0xFD, 0x78, 0x81, 0x5A, 0x95, 0xBD,
    0xEE, 0xA1, 0x56, 0xB5, 0x40, 0x61, 0xE3, 0x2D, 0x3E, 0x05, 0xB5, 0x9A, 0xD1, 0x3C, 0x39, 0x9B,
    0x3E, 0x0E, 0xA3, 0x79, 0xE1, 0x84, 0xC3, 0x2F, 0xA3, 0x56, 0x78, 0xC8, 0x03, 0x38, 0xBC, 0x0D,
    0xA1, 0x43, 0x28, 0x86, 0x0B, 0x3F, 0xFF, 0xB4, 0x7F, 0xF3, 0xA7, 0x85, 0xB9, 0x70, 0x3F, 0xF4,
    0x25, 0x23, 0x55, 0x7C, 0x9E, 0x11, 0x2F, 0xA9, 0x0D, 0x89, 0x4D, 0xED, 0x9F, 0x64, 0x00, 0x87,
    0x25, 0xC4, 0x40, 0xFA, 0x9D, 0x77, 0x7E, 0xEE, 0xE7, 0xE0, 0xE3, 0xA7, 0x17, 0x65, 0x9E, 0xFA,
    0xCC, 0x9B, 0xC1, 0x36, 0x8B, 0xBA, 0x04, 0x89, 0x33, 0xA8, 0xB2, 0xAD, 0x68, 0x75, 0x24, 0x88,
    0x7C, 0x52, 0xE9, 0x9C, 0x37, 0x41, 0x4D, 0x08, 0xCF, 0x8B, 0x8C, 0x38, 0x3C, 0xA0, 0x9F, 0x7A,
    0x18, 0x7F, 0x30, 0x78, 0x00, 0x99, 0x56, 0x19, 0xA7, 0xAC, 0x57, 0xC9, 0xB7, 0x21, 0xA1, 0x85,
    0xAC, 0x93, 0xA9, 0xEA, 0xF3, 0x13, 0x5C, 0xE4, 0x97, 0x48, 0xC1, 0x13, 0xB3, 0x72, 0xB2, 0x20,
    0x23, 0x98, 0x19, 0x39, 0x01, 0x89, 0x18, 0xA2, 0xEF, 0x7C, 0x90, 0xFC, 0x44, 0xF1, 0x57, 0xC7,
    0x13, 0x03, 0x43, 0x6C, 0x44, 0xF4, 0xE4, 0x33, 0xD2, 0x21, 0xDC, 0xFC, 0x95, 0x2B, 0xE6, 0x73,
    0xAE, 0x34, 0xF5, 0x47, 0x55, 0xED, 0xEA, 0xBD, 0x9E, 0xC9, 0x0E, 0x49, 0xDB, 0xB7, 0x63, 0xF6,
    0x7C, 0x2C, 0x9E, 0x88, 0x9D, 0xD5, 0x5D, 0x1E, 0x2C, 0x45, 0x67, 0xE2, 0x61, 0x86, 0xDD, 0x64,
    0xC9, 0xAB, 0x22, 0x3D, 0xCC, 0x7F, 0x0F, 0xCF, 0x7D, 0x02, 0xAF, 0xE9, 0x60, 0x03, 0x57, 0x07,
    0xE7, 0x0D, 0x0C, 0x01, 0xAD, 0xE8, 0x7B, 0x9B, 0x13, 0x58, 0xD4, 0x26, 0xBC, 0xC3, 0xE0, 0x84,
    0xBA, 0xE2, 0xB8, 0x88, 0x5D, 0x93, 0x7A, 0xC6, 0x65, 0x7F, 0xFF, 0x89, 0x1F, 0x2B, 0x73, 0xDD,
    0x5B, 0x84, 0xC1, 0x2D, 0x75, 0x16, 0xC9, 0x35, 0x43, 0x8A, 0xEC, 0x0A, 0x38, 0x5A, 0x98, 0x4A,
    0x68, 0xEA, 0xF4, 0x50, 0xCF, 0xAF, 0xB7, 0x5D, 0xEA, 0xA1, 0xB3, 0x6C, 0x44, 0xF6, 0x28, 0x9C,
    0x6A, 0x11, 0x0A, 0x6A, 0x56, 0xA6, 0xFB, 0xDA, 0x72, 0x1E, 0x0E, 0x8D, 0xEA, 0x95, 0xBF, 0x1C,
    0x13, 0x5F, 0x76, 0xF6, 0x6D, 0x9F, 0x23, 0xF2, 0xDA, 0xC4, 0x6B, 0x57, 0x76, 0x21, 0x1B, 0x0B,
    0xD7, 0x2A, 0x7B, 0x13, 0x85, 0xE8, 0x86, 0x08, 0x8B, 0xF4, 0x8B, 0xB8, 0x93, 0xD8, 0xF1, 0xA6,
    0x51, 0x33, 0x4B, 0x14, 0x96, 0xAA, 0x2F, 0xC2, 0x32, 0x3F, 0x9B, 0x24, 0xF0, 0xCC, 0xE3, 0x39,
    0x06, 0x20, 0x02, 0x2F, 0x98, 0x21, 0x45, 0x4C, 0x32, 0xE6, 0xF4, 0x3D, 0x30, 0x70, 0xDE, 0xA9,
    0x3B, 0x64, 0xDB, 0xE0, 0xBB, 0x53, 0x95, 0x41, 0xA2, 0xE5, 0xE3, 0x49, 0x6A, 0x99, 0x86, 0x2F,
    0x5E, 0x83, 0x13, 0x8B, 0x50, 0xE0, 0x96, 0x32, 0x62, 0x69, 0x4A, 0x08, 0x63, 0x97, 0x15, 0xE3,
    0x0B, 0x8E, 0x4E, 0xF6, 0x41, 0x19, 0xEE, 0x00, 0x23, 0xDC, 0x51, 0xF0, 0x11, 0x78, 0x75, 0x1B,
    0x1A, 0x24, 0xC4, 0x6E, 0xF7, 0xB2, 0xEE, 0x74, 0x2B, 0x8B, 0x7E, 0x8A, 0x45, 0x8B, 0x5E, 0xCB,
    0xA2, 0x09, 0xC2, 0x1D, 0x14, 0xCC, 0xDB, 0xB2, 0x28, 0x7D, 0x31, 0x73, 0x52, 0x46, 0xA9, 0xC5,
    0xB8, 0x28, 0xA8, 0x80, 0x02, 0x55, 0xCA, 0x02, 0x0A, 0x1E, 0x4E, 0x31, 0xF4, 0x51, 0x67, 0x45,
    0xDF, 0x8C, 0x79, 0xD4, 0x27, 0x70, 0xC3, 0x7A, 0x6B, 0x99, 0x77, 0x14, 0x32, 0x30, 0xD9, 0x05,
    0x37, 0x2B, 0x87, 0x71, 0x31, 0xFE, 0xC8, 0xE3, 0x62, 0x65, 0x97, 0x8E, 0x3B, 0x1F, 0x40, 0xD7,
    0xE6, 0x7A, 0x98, 0xB2, 0x29, 0x99, 0x6C, 0xF1, 0x22, 0x2C, 0xFA, 0xBE, 0xD7, 0x9F, 0xEC, 0x5E,
    0xF2, 0x39, 0xC2, 0x80, 0xF4, 0x20, 0x15, 0x17, 0xC5, 0xDA, 0xA8, 0xFB, 0x2A, 0xC8, 0xA2, 0x66,
    0x20, 0x85, 0x74, 0x16, 0x1D, 0xD8, 0xCE, 0x61, 0xD1, 0x62, 0xCA, 0x1B, 0xCB, 0xC4, 0xB7, 0x80,
    0x5D, 0xE4, 0xAC, 0x71, 0x13, 0x62, 0x25, 0x90, 0x40, 0xFA, 0x23, 0x24, 0xF0, 0x0A, 0x0B, 0x64,
    0x0E, 0x39, 0xC0, 0x40, 0xDF, 0xC2, 0x4F, 0x72, 0x03, 0xAC, 0x82, 0xCD, 0x24, 0xB2, 0x85, 0x5A,
    0x4F, 0x12, 0xAD, 0x17, 0xEE, 0x92, 0x40, 0x4A, 0xF8, 0x09, 0x35, 0x5E, 0x82, 0x56, 0x32, 0x97,
    0x4E, 0x75, 0xEE, 0xA9, 0x4D, 0x1B, 0xA0, 0x30, 0x3B, 0x16, 0x0B, 0x6A, 0xC8, 0x4B, 0xD6, 0xBF,
    0x31, 0xFB, 0x05, 0xC5, 0x1A, 0xF4, 0xC5, 0x81, 0x49, 0xF1, 0x2C, 0xB5, 0x6A, 0xD5, 0xC4, 0x3F,
    0xA8, 0x58, 0x48, 0x35, 0xB8, 0x23, 0x20, 0x79, 0x71, 0xF9, 0xB2, 0x11, 0xF3, 0x80, 0x32, 0x97,
    0xC7, 0x9F, 0xCB, 0x1B, 0x77, 0x6D, 0x04, 0x58, 0xA0, 0x8A, 0x29, 0x33, 0x47, 0x4C, 0x71, 0x2E,
    0x8A, 0x80, 0xFA, 0x2F, 0x77, 0xC0, 0x64, 0x57, 0x58, 0xBB, 0x51, 0x23, 0x51, 0x22, 0x91, 0x0F,
    0x90, 0x92, 0x0D, 0x73, 0x44, 0xCF, 0x5A, 0x6D, 0xBE, 0x09, 0xF8, 0x55, 0x4E, 0x85, 0xB7, 0x53,
    0xDD, 0xD7, 0xA0, 0x56, 0x4A, 0xCD, 0xE0, 0xE7, 0x8D, 0x98, 0x6C, 0x22, 0x04, 0x69, 0x87, 0x98,
    0xD6, 0xC5, 0x80, 0xF9, 0x12, 0x29, 0x44, 0x75, 0xED, 0x54, 0xFB, 0xA9, 0x29, 0x8B, 0x57, 0x5A,
    0xC9, 0x64, 0x5A, 0x0A, 0x7F, 0x1A, 0xB5, 0x5A, 0x0B, 0x2E, 0xD0, 0x92, 0xDC, 0xA1, 0x57, 0xC6,
    0xB7, 0x7D, 0xC6, 0xA0, 0x2B, 0x3C, 0x7F, 0x24, 0xE1, 0x9B, 0x8C, 0x71, 0x3B, 0x10, 0x50, 0xE4,
    0x5E, 0xD0, 0x42, 0x68, 0xB8, 0x4E, 0x29, 0x59, 0x92, 0x05, 0xC5, 0x51, 0x54, 0xE2, 0x0B, 0x64,
    0xAC, 0x72, 0x22, 0xAD, 0x14, 0x8F, 0xB6, 0x1D, 0xC5, 0x21, 0x54, 0xE1, 0x45, 0x90, 0x98, 0x71,
    0x2F, 0x08, 0xCD, 0x50, 0xB8, 0x12, 0xE0, 0x85, 0xCF, 0x25, 0xB5, 0xCD, 0x2A, 0xB8, 0xE1, 0x80,
    0x28, 0xF1, 0x68, 0x9B, 0xC3, 0x82, 0x9C, 0x54, 0x49, 0x84, 0x1C, 0xD0, 0x4C, 0xAC, 0x03, 0x64,
    0x2E, 0x9D, 0x5B, 0xE1, 0xEA, 0x3C, 0xF9, 0x41, 0x49, 0x3F, 0x50, 0x34, 0xDE, 0xB8, 0xA4, 0xB6,
    0x58, 0x4C, 0xC9, 0xCD, 0xF4, 0x03, 0x39, 0x25, 0x92, 0xB4, 0x22, 0xBD, 0x59, 0x91, 0x9C, 0x2C,
    0x5D, 0xFF, 0x17, 0x25, 0xD1, 0x23, 0x41, 0x52, 0x1A, 0x44, 0x55, 0x75, 0x47, 0xE3, 0xEB, 0x89,
    0x38, 0x2E, 0x8D, 0xCC, 0x5B, 0x91, 0x04, 0xA8, 0x04, 0xA0, 0x37, 0x09, 0xE2, 0x52, 0xC8, 0xF6,
    0x90, 0x04, 0xA7, 0x12, 0x49, 0xF1, 0xCC, 0xDB, 0x74, 0xC6, 0xD0, 0x47, 0xE6, 0x1F, 0x89, 0x24,
    0x8B, 0x20, 0x77, 0x2D, 0x8A, 0xBB, 0x3F, 0x08, 0x07, 0x42, 0x8E, 0xEE, 0xAB, 0x92, 0xA1, 0x68,
    0x8E, 0xD4, 0xBA, 0x13, 0x29, 0x42, 0x29, 0x45, 0xBA, 0xF0, 0x52, 0xA0, 0x00, 0x03, 0xF6, 0x7F,
    0xC4, 0x2B, 0xAF, 0x7E, 0x4E, 0x55, 0x5F, 0x46, 0x04, 0xFD, 0xFF, 0x10, 0x21, 0xF9, 0xE3, 0x45,
    0x20, 0x3E, 0x10, 0x46, 0xC8, 0x5C, 0xFE, 0x11, 0xC9, 0x29, 0x2F, 0x80, 0x43, 0x37, 0xF1, 0x07,
    0xD3, 0x19, 0x5C, 0x2C, 0xDE, 0x36, 0x1C, 0x91, 0x6A, 0x95, 0xA7, 0x3D, 0x2A, 0xCF, 0x17, 0xC6,
    0x87, 0x5E, 0xE3, 0x43, 0xEF, 0xC7, 0x47, 0x71, 0x34, 0x3E, 0xF2, 0x3F, 0x2E, 0x3E, 0xF8, 0xE9,
    0x36, 0x20, 0xC9, 0xAB, 0x95, 0x93, 0xBA, 0x89, 0xCA, 0xAD, 0xB2, 0x31, 0xDE, 0xE5, 0x24, 0x37,
    0xAA, 0xF2, 0x79, 0x58, 0x31, 0xD5, 0x5C, 0xBB, 0xD7, 0x2B, 0xE9, 0xCD, 0xBE, 0xB7, 0xA4, 0x92,
    0xF3, 0xEA, 0x01, 0x6A, 0x13, 0x51, 0x00, 0x27, 0xC4, 0x6E, 0x20, 0x2A, 0x2C, 0x52, 0xA1, 0x66,
    0xFE, 0x96, 0x5B, 0xFB, 0xB5, 0xE6, 0xDA, 0x4A, 0x6F, 0x64, 0xAA, 0x46, 0x37, 0x88, 0xFB, 0xDE,
    0x11, 0x11, 0x63, 0x8F, 0x47, 0x96, 0xD1, 0x90, 0x48, 0x89, 0x91, 0x4C, 0x8A, 0x55, 0x21, 0x8B,
    0x9E, 0xA5, 0xA6, 0x81, 0xA1, 0xF0, 0xDF, 0xBB, 0xE8, 0x50, 0xC2, 0x48, 0xD7, 0x0C, 0x6C, 0xD5,
    0x2A, 0x9A, 0x56, 0x62, 0x7C, 0xF7, 0x92, 0x78, 0x08, 0x92, 0x72, 0x19, 0x6E, 0x06, 0x2C, 0xD3,
    0x00, 0xDF, 0xA1, 0xE6, 0xE8, 0x81, 0xCD, 0x95, 0xAD, 0x48, 0x60, 0x66, 0x2E, 0x4B, 0x7F, 0x64,
    0x44, 0x5A, 0x51, 0x43, 0x6C, 0xC2, 0xE2, 0x09, 0x69, 0x46, 0xD3, 0x55, 0x27, 0x22, 0xF3, 0xF6,
    0x34, 0x52, 0x3F, 0x8A, 0x80, 0xE3, 0x45, 0x74, 0xDC, 0x58, 0x84, 0x04, 0xFA, 0x7C, 0x12, 0x1B,
    0x48, 0x53, 0xB5, 0x47, 0x31, 0x2E, 0x6F, 0x61, 0x59, 0x34, 0x3A, 0x8B, 0xAB, 0x4A, 0x0A, 0xB7,
    0xF5, 0x9F, 0x3A, 0xBA, 0xC7, 0xA9, 0xE8, 0xE1, 0x87, 0x3B, 0xBF, 0x34, 0xEC, 0x9F, 0x57, 0xDF,
    0x39, 0xE4, 0x44, 0xB4, 0x96, 0x0E, 0x52, 0xED, 0x42, 0x83, 0x82, 0x02, 0xA5, 0xA0, 0x00, 0x5A,
    0x31, 0x8F, 0xF0, 0x8C, 0x95, 0x7E, 0x0C, 0x9E, 0xA7, 0x4C, 0xDC, 0x18, 0x75, 0x50, 0x4A, 0x23,
    0x8C, 0x4A, 0x67, 0xAB, 0x3F, 0xFB, 0x76, 0xC7, 0x07, 0x09, 0x6A, 0x66, 0xC2, 0x47, 0xEB, 0x92,
    0x6A, 0xFF, 0x41, 0x4E, 0x12, 0x26, 0x8E, 0x0A, 0x58, 0xF9, 0xAA, 0x2C, 0xEC, 0xFE, 0xBD, 0x17,
    0x15, 0x3B, 0xBD, 0xF1, 0x12, 0x25, 0x85, 0x94, 0x48, 0x79, 0x53, 0xE3, 0x22, 0xCF, 0x6D, 0xBF,
    0x3D, 0xFB, 0x57, 0xEA, 0x84, 0xB1, 0xDC, 0x46, 0x53, 0x36, 0x12, 0x6A, 0x7C, 0x6A, 0x4F, 0x5A,
    0xE1, 0x77, 0xD9, 0x7C, 0x8F, 0xD9, 0xF8, 0x0A, 0xB7, 0xF2, 0x68, 0x16, 0xFB, 0xB0, 0x76, 0x20,
    0x64, 0x91, 0x10, 0x40, 0x5A, 0x00, 0x48, 0x12, 0xE7, 0x44, 0xA2, 0xF8, 0x6B, 0xE9, 0xCE, 0x09,
    0xE3, 0x46, 0x8E, 0x55, 0xE4, 0x66, 0x41, 0x1E, 0x80, 0x14, 0xFF, 0xE0, 0xA8, 0x17, 0xDC, 0x8C,
    0x07, 0xAF, 0x09, 0x1A, 0xBF, 0xA4, 0xB6, 0x0F, 0x12, 0xF6, 0x42, 0x0B, 0x13, 0x13, 0x10, 0x54,
    0x00, 0x37, 0x6E, 0xD9, 0xAE, 0x07, 0x2F, 0x14, 0x25, 0x3C, 0xD8, 0x30, 0x27, 0xE8, 0x9C, 0x19,
    0x61, 0x74, 0x75, 0xF4, 0xD2, 0xDD, 0x7A, 0xFA, 0xC8, 0xE7, 0x4F, 0xCC, 0xEC, 0xA9, 0xE8, 0xA4,
    0x74, 0xDD, 0x58, 0x27, 0x56, 0xA7, 0xFD, 0xCE, 0x01, 0xD3, 0x0F, 0x30, 0x43, 0xC3, 0x44, 0xCB,
    0x1C, 0xC6, 0x89, 0x8F, 0x60, 0x2F, 0x1A, 0x5B, 0x49, 0x2C, 0x21, 0x1C, 0xD8, 0xB0, 0x20, 0xB8,
    0x7E, 0xE7, 0x4D, 0x69, 0x34, 0x68, 0xB7, 0x3A, 0x20, 0x31, 0x29, 0xF3, 0x60, 0x19, 0x61, 0x19,
    0x7F, 0xA6, 0x37, 0x0E, 0xEA, 0x65, 0x92, 0x2F, 0x6F, 0xE1, 0x92, 0xF2, 0xF5, 0x31, 0xBE, 0xB9,
    0x26, 0x49, 0xC8, 0x37, 0xC2, 0x51, 0xF1, 0x63, 0xE6, 0x6D, 0xF9, 0x76, 0x22, 0x7B, 0x2A, 0x5A,
    0xAA, 0xE4, 0xCB, 0x9A, 0x1B, 0x53, 0x63, 0xCB, 0x0B, 0x40, 0xC5, 0x90, 0x5E, 0x3F, 0x9D, 0xC4,
    0x85, 0x66, 0x35, 0x1F, 0x3B, 0x5D, 0x5A, 0x9F, 0x7E, 0x40, 0x8F, 0x10, 0xDF, 0x38, 0xE2, 0x0E,
    0xA4, 0x6A, 0x19, 0x33, 0x5C, 0x92, 0x24, 0x48, 0x3A, 0x0B, 0xD1, 0x8E, 0x7F, 0xE0, 0x49, 0x92,
    0xB7, 0x92, 0xBD, 0x61, 0xEE, 0x1B, 0xB1, 0x7A, 0x12, 0xB8, 0x0F, 0x57, 0x82, 0xDC, 0x44, 0x25,
    0xCC, 0x1C, 0x50, 0xE1, 0x69, 0x3C, 0xCC, 0xE7, 0x21, 0x18, 0x56, 0xC0, 0x59, 0xCB, 0xD4, 0x7D,
    0x91, 0x5E, 0x16, 0x1E, 0x72, 0xF8, 0x56, 0x8F, 0xBC, 0x0C, 0x3D, 0xE0, 0x32, 0x7C, 0x45, 0x2E,
    0x57, 0xB8, 0x2F, 0x89, 0x85, 0x29, 0xF4, 0xBC, 0x8C, 0x6B, 0xFC, 0xE7, 0x78, 0x59, 0x96, 0xD9,
    0xE1, 0x8C, 0x4D, 0x1C, 0x16, 0xB4, 0xFF, 0x77, 0x6D, 0x34, 0x9A, 0xEF, 0x46, 0x58, 0x30, 0x6E,
    0x07, 0x63, 0x2A, 0xBF, 0x17, 0xB3, 0x75, 0x75, 0x46, 0x7D, 0xC1, 0x07, 0x2C, 0xC0, 0x7D, 0x36,
    0x7F, 0x0A, 0x3A, 0x37, 0xEA, 0x09, 0x97, 0xE7, 0x1F, 0xC7, 0x79, 0xA2, 0x46, 0xB2, 0x61, 0x01,
    0xA5, 0xD2, 0x59, 0xA6, 0xD0, 0xBE, 0x42, 0xCC, 0x8F, 0x03, 0xDD, 0xDA, 0x3E, 0x0A, 0x7F, 0xC7,
    0x01, 0xDF, 0xFD, 0xF0, 0x60, 0x26, 0xB2, 0x08, 0x8F, 0xE8, 0x78, 0x5D, 0xFB, 0xDC, 0xB3, 0x14,
    0x5B, 0xDA, 0x28, 0xA0, 0x8F, 0xA4, 0xBB, 0xCA, 0x3A, 0x49, 0x90, 0x55, 0xD3, 0x20, 0xAE, 0x92,
    0x51, 0x45, 0x8E, 0x3D, 0x79, 0x02, 0xE7, 0x69, 0x59, 0x7B, 0x7B, 0xF9, 0x53, 0x77, 0x9B, 0xE9,
    0xCE, 0x5A, 0xF7, 0x62, 0xA5, 0x89, 0x93, 0xBF, 0x38, 0x24, 0xE5, 0x44, 0x87, 0x3F, 0xF6, 0xBD,
    0x3B, 0xD9, 0x8D, 0x98, 0x41, 0x86, 0xAB, 0x37, 0xC1, 0x71, 0xE9, 0x65, 0x16, 0x89, 0xF6, 0x57,
    0x0A, 0x93, 0xF5, 0xD2, 0xDB, 0x78, 0x2D, 0x4E, 0xC8, 0x1E, 0x47, 0x2F, 0xD6, 0xCB, 0x71, 0xE2,
    0xB1, 0x16, 0xF3, 0xD2, 0xFD, 0xCC, 0x2C, 0x20, 0xC2, 0xF3, 0x68, 0xE5, 0x58, 0x8F, 0x3C, 0x8F,
    0xBE, 0x8B, 0x22, 0xF4, 0x78, 0x0A, 0x35, 0x2E, 0xDA, 0x18, 0x6B, 0xE2, 0xF1, 0x24, 0xBC, 0xA0,
    0x0B, 0x94, 0x11, 0x11, 0xED, 0xAE, 0xF0, 0xFF, 0xDA, 0x7E, 0xD1, 0x8A, 0x65, 0xCC, 0x48, 0x48,
    0x58, 0xE1, 0x7C, 0x39, 0xC4, 0xFE, 0xC9, 0xE3, 0x3F, 0xAA, 0x3E, 0x44, 0x7F, 0x22, 0x90, 0x29,
    0x7E, 0xEB, 0x45, 0xF1, 0x8B, 0xF4, 0xE0, 0xF5, 0x89, 0xE5, 0x3C, 0x9D, 0xB2, 0x8E, 0x55, 0x92,
    0x5D, 0x40, 0x29, 0x81, 0xFA, 0x96, 0x20, 0x98, 0x5B, 0xE9, 0x61, 0xF4, 0x79, 0xD2, 0x38, 0x2F,
    0xBA, 0x52, 0x14, 0xCF, 0xCA, 0x6C, 0x5D, 0xE8, 0x36, 0xFF, 0x8F, 0xE7, 0x4F, 0x2E, 0xE7, 0x7F,
    0x86, 0xBF, 0x7F, 0xC9, 0x39, 0xCD, 0x63, 0x66, 0x71, 0xE2, 0x53, 0x97, 0x72, 0x53, 0x21, 0x1D,
    0x39, 0x2C, 0x1A, 0x01, 0x51, 0x52, 0x99, 0x54, 0x08, 0xCA, 0xA0, 0x2B, 0x71, 0x1E, 0x98, 0x73,
    0x08, 0x54, 0xA3, 0x8E, 0xE6, 0x0E, 0x87, 0x5A, 0x25, 0x13, 0x50, 0x6C, 0x32, 0xC1, 0xAF, 0x92,
    0x09, 0x86, 0x4A, 0x0E, 0x0F, 0x2D, 0x77, 0xE4, 0xC8, 0xA9, 0x46, 0xB2, 0xCB, 0x18, 0xAA, 0x99,
    0x00, 0x29, 0x7C, 0x03, 0xEE, 0xB9, 0x7F, 0xD0, 0x0E, 0x05, 0xA1, 0x6F, 0x87, 0x54, 0x45, 0x46,
    0x9F, 0x51, 0xF8, 0xF6, 0x7D, 0x08, 0x8F, 0x4E, 0x01, 0xC2, 0x67, 0x33, 0x85, 0x2F, 0x26, 0x0A,
    0x6F, 0x1C, 0x85, 0xB7, 0x3D, 0x85, 0x6F, 0x1B, 0x08, 0xFF, 0x09, 0x92, 0xEF, 0xD4, 0xFE, 0x66,
    0xA6, 0xF0, 0xAC, 0x56, 0x0E, 0xAD, 0x00, 0x85, 0x67, 0x1E, 0x6E, 0x0C, 0xE4, 0x5F, 0x90, 0x1D,
    0x29, 0x7C, 0x26, 0xC2, 0x17, 0x02, 0xC4, 0xCC, 0xB0, 0x2B, 0x83, 0x24, 0x89, 0xF0, 0x83, 0x3D,
    0x7F, 0xEC, 0x09, 0xE2, 0xDC, 0x71, 0x05, 0x82, 0x6B, 0x83, 0x93, 0xC6, 0x69, 0xC0, 0xDA, 0x07,
    0xBD, 0xF3, 0xAA, 0x84, 0xC4, 0x04, 0x21, 0xFC, 0x9A, 0x1B, 0x2C, 0x41, 0xFA, 0xB3, 0xBA, 0x63,
    0xDD, 0x2B, 0x05, 0xC4, 0x71, 0x97, 0xC6, 0x71, 0x28, 0x4B, 0x5F, 0x0E, 0xEA, 0xF0, 0x65, 0x7D,
    0xE8, 0x32, 0x37, 0x28, 0xA4, 0xF3, 0x39, 0x74, 0x19, 0x75, 0x97, 0x03, 0x54, 0x5C, 0xE0, 0x3F,
    0xC7, 0xFA, 0x6A, 0xC2, 0xF7, 0xA5, 0xC2, 0x86, 0xB8, 0x97, 0x21, 0x48, 0xFC, 0x8D, 0xCB, 0xAB,
    0x9F, 0x4D, 0x6A, 0xBB, 0xCF, 0x94, 0x44, 0x9C, 0x11, 0x3B, 0xB9, 0x98, 0x85, 0x97, 0xCF, 0x13,
    0xE3, 0x24, 0xCA, 0xB1, 0xB2, 0xBE, 0xF6, 0xC9, 0x12, 0x3B, 0x57, 0x7A, 0x99, 0x76, 0xC8, 0xBC,
    0xB6, 0xB2, 0xAF, 0x4A, 0x00, 0xCC, 0x00, 0x90, 0xF6, 0xBE, 0xC8, 0x31, 0x94, 0xEC, 0x82, 0x85,
    0x93, 0xB6, 0x11, 0x4E, 0xB8, 0x03, 0xA8, 0xB4, 0x23, 0x56, 0x01, 0x27, 0x87, 0x2F, 0xDB, 0x43,
    0x97, 0x27, 0x29, 0x7B, 0xF3, 0x91, 0xCB, 0x90, 0x03, 0xFD, 0x35, 0x2E, 0x64, 0x04, 0xA8, 0x52,
    0xEF, 0xEB, 0xE5, 0x5B, 0x21, 0x76, 0x80, 0x12, 0xDC, 0xFB, 0x8D, 0xDB, 0x66, 0x20, 0x50, 0x4A,
    0x3A, 0xD0, 0xDE, 0x4A, 0x34, 0x15, 0xFE, 0x0B, 0x26, 0x05, 0x27, 0x52, 0x02, 0x6E, 0xCB, 0xD2,
    0x39, 0xDC, 0x81, 0xE2, 0xD2, 0x6F, 0x07, 0x64, 0x5A, 0x22, 0xE2, 0xCF, 0x0F, 0x49, 0x51, 0x07,
    0x0F, 0xC4, 0x11, 0x8F, 0x08, 0xC4, 0x84, 0x98, 0xB9, 0xE3, 0x03, 0xE8, 0x9C, 0xBC, 0x34, 0x45,
    0x84, 0x8B, 0xAE, 0xEE, 0x25, 0x5F, 0x62, 0x7D, 0xFB, 0x32, 0xEE, 0x96, 0xCA, 0x98, 0x40, 0x40,
    0x90, 0x16, 0x22, 0x79, 0x9C, 0x4F, 0x1C, 0xDD, 0x47, 0x14, 0x0E, 0x65, 0x6F, 0x60, 0x6D, 0x73,
    0x05, 0x6B, 0xE4, 0x21, 0x6E, 0xE9, 0xC9, 0xB3, 0xD2, 0x6E, 0x59, 0x91, 0x45, 0x3A, 0x3B, 0xD9,
    0xA0, 0xD5, 0xC4, 0x7E, 0x44, 0xFC, 0xD0, 0xCD, 0x3D, 0x22, 0xA5, 0xC1, 0x10, 0xDE, 0x31, 0x55,
    0x02, 0xCD, 0xA1, 0xFB, 0x80, 0xDA, 0x10, 0x30, 0x4C, 0x41, 0x03, 0xB7, 0x0D, 0x91, 0x98, 0x1A,
    0xEE, 0x5D, 0x74, 0x79, 0x38, 0x4D, 0x50, 0x18, 0x04, 0xC8, 0xEE, 0x6D, 0x56, 0x9B, 0x57, 0xB0,
    0xBA, 0x22, 0x4B, 0xD9, 0xB3, 0x8C, 0x3B, 0xBC, 0xE2, 0xB3, 0xED, 0x40, 0xBB, 0x97, 0x23, 0x45,
    0xC7, 0xD7, 0xCA, 0x2E, 0x30, 0x7F, 0xE8, 0x89, 0x3F, 0xD2, 0x50, 0xE5, 0x32, 0xB4, 0xDD, 0x09,
    0xEC, 0x59, 0x32, 0x59, 0x68, 0x60, 0x88, 0xE6, 0xB3, 0xEC, 0x06, 0xD7, 0x8F, 0x64, 0x62, 0xE6,
    0x85, 0x58, 0x7B, 0x9F, 0xBD, 0x3D, 0x87, 0x11, 0x32, 0xF3, 0xB5, 0x41, 0x96, 0x69, 0x69, 0xE5,
    0x86, 0x31, 0x5E, 0x8E, 0x6D, 0xC1, 0xE8, 0x12, 0x67, 0xB3, 0x9F, 0x2E, 0x9A, 0x59, 0xCF, 0xBC,
    0xA4, 0x75, 0xFB, 0x16, 0x6C, 0x03, 0x68, 0xEF, 0x6E, 0x33, 0x80, 0x98, 0x33, 0xF9, 0x77, 0xBF,
    0x3F, 0xB0, 0xC9, 0x63, 0xAC, 0xC5, 0xB9, 0xD0, 0x9A, 0x41, 0xA4, 0xDF, 0x8F, 0xB3, 0x03, 0x19,
    0x23, 0xE4, 0x72, 0xFF, 0x3F, 0x6F, 0x8A, 0x19, 0x41, 0x1F, 0xF7, 0xDD, 0x55, 0x3B, 0x12, 0xF2,
    0x36, 0xE2, 0x4B, 0x50, 0x1E, 0x77, 0xF4, 0x0D, 0x0A, 0x5B, 0x43, 0x5D, 0x56, 0xD4, 0x21, 0x64,
    0xCC, 0xF6, 0x0F, 0xD0, 0x04, 0xF7, 0x84, 0x4A, 0xC7, 0xF2, 0x34, 0xD5, 0xF3, 0xD7, 0x73, 0x99,
    0xD5, 0xB4, 0x0F, 0x65, 0x07, 0x50, 0xB6, 0xF6, 0x25, 0x07, 0xB7, 0x12, 0x2E, 0xD5, 0xDA, 0x89,
    0x9B, 0xEA, 0x58, 0xE9, 0x8A, 0xAC, 0x32, 0xE8, 0xB5, 0x54, 0x51, 0x0B, 0x34, 0xCB, 0x9D, 0x52,
    0x94, 0xB9, 0xDC, 0x1D, 0x27, 0xDD, 0xB2, 0x79, 0x8B, 0x55, 0x7B, 0x8A, 0xE8, 0x3F, 0x23, 0xF6,
    0x3F, 0x84, 0xFC, 0x8F, 0x87, 0xAE, 0xBC, 0x25, 0x10, 0x9D, 0x44, 0x13, 0x2B, 0xE8, 0xF5, 0xCD,
    0x81, 0xE3, 0xA6, 0xCB, 0xCD, 0x49, 0x8E, 0x99, 0x60, 0xD0, 0xF7, 0xB8, 0x5B, 0x91, 0xC9, 0x81,
    0x8D, 0x1A, 0xC7, 0x8F, 0xA5, 0x98, 0x7B, 0x3A, 0x76, 0xF1, 0x93, 0xF6, 0x3F, 0xBE, 0x1F, 0xDF,
    0xCC, 0xE0, 0x99, 0xDF, 0x22, 0x59, 0x0D, 0xE5, 0xA4, 0x11, 0x82, 0xB2, 0x47, 0x89, 0x20, 0xEC,
    0xF4, 0xA4, 0xBD, 0xC1, 0xC2, 0x05, 0x5A, 0xA6, 0xAA, 0x7C, 0x89, 0xBE, 0x08, 0xCB, 0x2E, 0x15,
    0x97, 0x7E, 0xC2, 0x98, 0xE5, 0x9E, 0xE4, 0x79, 0x79, 0x1F, 0xE5, 0x6F, 0xAD, 0x43, 0x56, 0x32,
    0xEF, 0x86, 0x24, 0x38, 0xE2, 0x94, 0x10, 0x3E, 0x5E, 0x10, 0x54, 0xBF, 0x92, 0x5C, 0x71, 0x43,
    0x36, 0x54, 0x12, 0x64, 0x20, 0x66, 0x37, 0x34, 0xA1, 0x69, 0xB8, 0xE0, 0xF3, 0x39, 0x1D, 0xA4,
    0x93, 0x9E, 0x94, 0x0C, 0x00, 0x99, 0x56, 0xD7, 0xEF, 0xD7, 0xF1, 0xFD, 0x17, 0xEB, 0x92, 0xA9,
    0x9C, 0x8A, 0x11, 0xD9, 0xAA, 0xCF, 0x99, 0x59, 0x5A, 0x90, 0xD4, 0x55, 0x0C, 0x5B, 0xE6, 0x3B,
    0xEE, 0xE4, 0x65, 0x93, 0xF4, 0x61, 0x31, 0x40, 0xA8, 0xCE, 0xB5, 0xD1, 0x95, 0x13, 0x0C, 0xE3,
    0x74, 0x5C, 0xF5, 0x77, 0x03, 0xB4, 0x47, 0x55, 0xFF, 0x0C, 0xBA, 0xCA, 0x96, 0x6C, 0xCE, 0x97,
    0xC2, 0x23, 0x8D, 0x4C, 0xF5, 0x08, 0x98, 0xDD, 0x33, 0x43, 0xDA, 0x17, 0x15, 0x69, 0xBF, 0x86,
    0xEF, 0x9B, 0xF8, 0xDE, 0x46, 0xC6, 0xF2, 0x80, 0x9F, 0x63, 0x2E, 0xA3, 0x98, 0x27, 0x2A, 0xEE,
    0xDE, 0xC9, 0x9C, 0x8F, 0x08, 0x54, 0xFE, 0x36, 0xDB, 0x9D, 0x26, 0xB5, 0xB3, 0x54, 0x42, 0xC1,
    0x00, 0x8E, 0x19, 0x67, 0x07, 0x3D, 0x9A, 0x89, 0x24, 0xB2, 0xC5, 0xCC, 0xA9, 0x74, 0xCD, 0xB8,
    0x48, 0x1A, 0x90, 0x39, 0x81, 0x02, 0xD3, 0x8E, 0x6F, 0xFC, 0x90, 0x48, 0x16, 0x2E, 0xCC, 0x02,
    0x87, 0x53, 0x71, 0x0D, 0x79, 0xD5, 0x64, 0x89, 0x6F, 0x66, 0x98, 0xA7, 0x13, 0xAA, 0x4B, 0x0B,
    0xE4, 0xA8, 0xFB, 0xAF, 0x94, 0x4A, 0xD1, 0x97, 0x55, 0x1C, 0x3B, 0x8C, 0x6D, 0x2F, 0xFF, 0xE1,
    0x99, 0x7D, 0x7F, 0x3B, 0xBD, 0xA7, 0x84, 0x4E, 0xEE, 0xEB, 0x8E, 0x0A, 0x43, 0xE1, 0xAC, 0x07,
    0x12, 0x52, 0xE1, 0x3D, 0xB6, 0xC5, 0xA1, 0xCF, 0xE4, 0x6D, 0x93, 0x17, 0x95, 0xE4, 0x0C, 0x8E,
    0x60, 0xDF, 0xC4, 0x7F, 0x00, 0xF6, 0x41, 0x4A, 0x85, 0x9F, 0x23, 0xA9, 0x53, 0x6D, 0x05, 0xD8,
    0x45, 0x2A, 0x43, 0x58, 0xE9, 0x45, 0xBA, 0x5F, 0x80, 0x47, 0x49, 0xAA, 0x49, 0xDB, 0xD5, 0xA1,
    0xF9, 0x06, 0x6B, 0x22, 0xBD, 0x29, 0x93, 0x7D, 0xF1, 0x1C, 0x40, 0x75, 0x96, 0x51, 0x97, 0x4C,
    0xB8, 0xE1, 0x18, 0xE5, 0xF8, 0x5A, 0xF9, 0x62, 0x02, 0x23, 0xB9, 0xBC, 0x6E, 0x20, 0x06, 0xB2,
    0x32, 0xBD, 0x42, 0x21, 0x3F, 0x53, 0xAD, 0x1B, 0xA9, 0x58, 0xE9, 0x75, 0x94, 0x85, 0x52, 0xC6,
    0x64, 0x32, 0x7B, 0x68, 0x68, 0x9E, 0xA3, 0xBF, 0x5F, 0x2B, 0x96, 0xBB, 0x70, 0xF7, 0xCA, 0xEC,
    0x89, 0xA7, 0x18, 0xB6, 0xF4, 0xBD, 0x7E, 0xEE, 0xB5, 0xAB, 0x2F, 0x0E, 0x32, 0xCB, 0xFD, 0x03,
    0x57, 0xCB, 0x07, 0xD3, 0x84, 0xF3, 0xB3, 0x99, 0xEA, 0x01, 0x7F, 0xF8, 0x6B, 0xA3, 0x47, 0xBE,
    0x13, 0xD4, 0xA4, 0xED, 0x24, 0x1E, 0x49, 0xF8, 0x17, 0x64, 0x26, 0xCE, 0xDD, 0xC3, 0xB6, 0x97,
    0xE2, 0x4D, 0x3C, 0x22, 0xF5, 0x8B, 0x4B, 0xA6, 0xE1, 0x66, 0x23, 0x7E, 0x0A, 0x7F, 0x3B, 0x75,
    0x87, 0x09, 0xD9, 0xBD, 0xA9, 0x4E, 0x73, 0xAE, 0xAF, 0x51, 0x70, 0x13, 0x98, 0x6F, 0x47, 0xDC,
    0xF1, 0x87, 0x60, 0xA5, 0x69, 0x65, 0x3C, 0x1D, 0x73, 0x66, 0x78, 0xC8, 0xE0, 0x34, 0xBE, 0x60,
    0x42, 0x20, 0xC2, 0x80, 0xF6, 0xC2, 0x83, 0x50, 0x09, 0xDE, 0xE2, 0xF6, 0x0C, 0xFF, 0x93, 0x84,
    0xEB, 0x4C, 0x0A, 0x28, 0xF5, 0x4B, 0xCA, 0x14, 0xA2, 0x39, 0x8E, 0x94, 0x51, 0xC7, 0x95, 0xBD,
    0xD8, 0xF5, 0x33, 0x94, 0x1E, 0x0E, 0x11, 0x43, 0xE8, 0x0B, 0x60, 0xF9, 0x2F, 0xD4, 0xAD, 0x57,
    0xD2, 0xD0, 0x7F, 0x86, 0x8A, 0x2F, 0x39, 0xF5, 0xDF, 0xE0, 0x94, 0x3E, 0x0D, 0x23, 0x11, 0x42,
    0x27, 0x30, 0x01, 0x51, 0xCA, 0xB4, 0x21, 0x0C, 0x14, 0x9E, 0xF8, 0xC1, 0x0B, 0x6E, 0xE0, 0x06,
    0x2B, 0x5F, 0x42, 0x82, 0x67, 0x90, 0x78, 0xCE, 0x43, 0x11, 0x5E, 0xE3, 0x01, 0x09, 0x27, 0x0D,
    0x4F, 0x94, 0xD4, 0x96, 0x08, 0x5A, 0x36, 0x50, 0xC6, 0xF0, 0xD4, 0xE9, 0x55, 0x8B, 0x66, 0x91,
    0xE1, 0x0D, 0x02, 0x9B, 0xF9, 0xED, 0xED, 0xD0, 0xD5, 0x83, 0x9E, 0x09, 0x55, 0x3E, 0x0A, 0x4D,
    0xB1, 0x40, 0x84, 0xF6, 0xD7, 0xC4, 0x78, 0xAB, 0xA0, 0x06, 0x82, 0xA6, 0xE1, 0x3C, 0x92, 0xA1,
    0x43, 0x36, 0xF3, 0xD4, 0x0C, 0x5C, 0x0C, 0x4A, 0xDB, 0x91, 0xF0, 0xE2, 0x36, 0x32, 0xA1, 0x5F,
    0x2C, 0xE9, 0x9C, 0x71, 0x33, 0x4D, 0xE4, 0x6B, 0xC5, 0xFF, 0x6A, 0x69, 0x69, 0x79, 0x17, 0x8C,
    0x93, 0x40, 0xAE, 0xFA, 0x4B, 0xA7, 0xF2, 0xD1, 0x36, 0x89, 0x4F, 0xFC, 0x31, 0xD0, 0xBA, 0x0B,
    0xDB, 0xC9, 0xDC, 0x80, 0x33, 0x3E, 0xA9, 0xA0, 0x67, 0x5E, 0x31, 0x9D, 0xF4, 0xAD, 0xA4, 0x96,
    0x71, 0x6F, 0xB6, 0x1C, 0xA5, 0x68, 0xD8, 0x91, 0xE4, 0x06, 0x9A, 0xE1, 0xDD, 0x50, 0x15, 0x0B,
    0xB7, 0xCA, 0x46, 0xD2, 0xEB, 0x08, 0xF6, 0xC4, 0x68, 0x52, 0x61, 0x84, 0xA0, 0x45, 0xAA, 0x80,
    0xB7, 0x60, 0x99, 0xD3, 0x8C, 0xC6, 0x94, 0x5B, 0x95, 0xD2, 0xE3, 0x93, 0xBB, 0x8C, 0x88, 0x3E,
    0x75, 0xAF, 0xBC, 0xAE, 0xF3, 0x55, 0x53, 0x8C, 0x6F, 0x04, 0x99, 0x7D, 0x10, 0x76, 0xFB, 0x8B,
    0xDE, 0x08, 0x3A, 0xF0, 0x89, 0x6F, 0x55, 0xC6, 0xB6, 0xA9, 0x3B, 0xF4, 0x42, 0x91, 0xBC, 0xE7,
    0x84, 0xA4, 0x24, 0xB5, 0x95, 0xC9, 0x87, 0x76, 0x38, 0x4F, 0x3B, 0xB4, 0xB0, 0x83, 0x09, 0x1F,
    0x21, 0x5E, 0x60, 0x87, 0x3B, 0xB0, 0x83, 0x7E, 0x7F, 0xB6, 0xBF, 0x71, 0x90, 0xF4, 0x0E, 0xEC,
    0x10, 0xEE, 0xE3, 0x2E, 0x07, 0x3B, 0xCC, 0x07, 0xED, 0x50, 0xC3, 0x0E, 0x7C, 0x05, 0x25, 0x11,
    0x8A, 0x5F, 0x12, 0x40, 0x7E, 0x0D, 0xA2, 0xA2, 0x6D, 0x6F, 0x18, 0x18, 0x95, 0x14, 0xED, 0x7A,
    0x90, 0x37, 0xF6, 0x70, 0x68, 0xBB, 0xFD, 0x88, 0xD2, 0x54, 0x1E, 0x23, 0x0A, 0xC1, 0x84, 0x1A,
    0x6F, 0x46, 0x51, 0x55, 0xCE, 0x03, 0x8A, 0x85, 0x81, 0xDC, 0xFF, 0xC4, 0xDD, 0x11, 0xDC, 0xF0,
    0x6F, 0x11, 0x40, 0xF6, 0x9B, 0x4E, 0x85, 0x80, 0x59, 0xF6, 0xC2, 0xE4, 0x15, 0xBB, 0x33, 0xD5,
    0xB1, 0xD2, 0x95, 0xB7, 0x22, 0x56, 0x00, 0xC9, 0x1D, 0x1D, 0x01, 0x90, 0x06, 0x9D, 0xB3, 0x2B,
    0xDC, 0x31, 0xD2, 0x4D, 0xA6, 0x7C, 0x03, 0xE4, 0xB6, 0x07, 0x39, 0xB7, 0xFD, 0x1C, 0x97, 0x9E,
    0xE5, 0x35, 0xD9, 0xB5, 0x09, 0x93, 0x8E, 0x2B, 0x76, 0x65, 0xD2, 0x4D, 0x14, 0xDB, 0x11, 0x69,
    0xC1, 0x32, 0xCE, 0xD6, 0xA6, 0x1D, 0x77, 0xD8, 0x60, 0x55, 0x20, 0x5C, 0xCA, 0x06, 0xAF, 0xEC,
    0x0B, 0x14, 0xB2, 0x35, 0xC4, 0x37, 0x33, 0xCC, 0x67, 0xB2, 0x8F, 0xF5, 0x6C, 0x94, 0x9E, 0xAA,
    0xA3, 0xDF, 0xCC, 0xDB, 0xB7, 0x1C, 0xE2, 0x46, 0xA3, 0xDD, 0xA7, 0x15, 0xB7, 0x22, 0xCD, 0xB8,
    0x19, 0x6A, 0xFC, 0x94, 0x7C, 0x14, 0x8E, 0x49, 0xCD, 0x3E, 0x8B, 0x6D, 0x19, 0xA7, 0x51, 0xB2,
    0x44, 0x9C, 0x83, 0xE0, 0xEF, 0x4D, 0xC7, 0x1F, 0x24, 0x73, 0x2A, 0x32, 0xEC, 0xB7, 0x43, 0x06,
    0xBD, 0xFF, 0x62, 0x6E, 0xF9, 0x62, 0xA9, 0xD6, 0x3D, 0x25, 0x79, 0x6D, 0x34, 0x0F, 0xAC, 0x50,
    0x7C, 0x91, 0x94, 0xC9, 0x93, 0x1B, 0xEB, 0x5D, 0x2C, 0xD4, 0x6C, 0x08, 0xD9, 0x37, 0x9A, 0x51,
    0x3A, 0x5C, 0xD6, 0x49, 0x51, 0xAF, 0xE8, 0x15, 0x4A, 0x06, 0x77, 0x39, 0xA1, 0x87, 0xBC, 0xC3,
    0xCA, 0x8D, 0xF7, 0xEA, 0xE8, 0x5B, 0xC0, 0xA5, 0xDB, 0x08, 0x13, 0x9B, 0xD7, 0x3A, 0x6E, 0x5A,
    0x23, 0x36, 0x39, 0x87, 0x46, 0x45, 0xA5, 0x63, 0xF1, 0x7E, 0x3D, 0x72, 0x7A, 0x16, 0x4F, 0x1F,
    0x88, 0xFC, 0x13, 0xA3, 0xDD, 0xFF, 0x03, 0xD5, 0x5C, 0x3B, 0xAC, 0xE5, 0xD6, 0x75, 0x25, 0x2F,
    0x35, 0x43, 0xD8, 0x04, 0x42, 0x23, 0x91, 0x6D, 0xC5, 0x93, 0x98, 0x7D, 0x1C, 0x98, 0x7D, 0x00,
    0x89, 0x94, 0x55, 0xA8, 0x50, 0x00, 0xAB, 0xC8, 0xB3, 0x0B, 0x15, 0x72, 0x6F, 0x04, 0x2F, 0x5D,
    0x52, 0xC8, 0x43, 0x5A, 0x2E, 0x54, 0x6A, 0x0C, 0x04, 0x69, 0x52, 0xC4, 0x85, 0x8B, 0x04, 0x08,
    0x30, 0x8D, 0x0B, 0x05, 0xD0, 0x0C, 0xA9, 0x11, 0x60, 0x15, 0x29, 0x72, 0x65, 0xC1, 0xB5, 0x68,
    0x49, 0x8E, 0x11, 0xAB, 0x10, 0x15, 0xD1, 0x36, 0xC7, 0x22, 0x79, 0xB2, 0xD6, 0xDA, 0x87, 0xBC,
    0xF7, 0x7D, 0xF4, 0x89, 0xA2, 0x89, 0xC7, 0x4F, 0xF3, 0x78, 0xDF, 0xE5, 0xE7, 0x7C, 0xD6, 0xD9,
    0x7B, 0x9F, 0xBD, 0xD7, 0xDE, 0x54, 0x10, 0x04, 0xCE, 0xB9, 0x20, 0x08, 0x52, 0xE7, 0xFA, 0x80,
    0x5F, 0x96, 0xE0, 0xF2, 0x9F, 0xC8, 0x2E, 0x34, 0xBC, 0x0B, 0x77, 0xEB, 0x94, 0x1B, 0xF8, 0x51,
    0xB9, 0x52, 0xA7, 0x46, 0x1C, 0x77, 0xCE, 0xB5, 0xF8, 0x28, 0xDE, 0x99, 0x70, 0x4C, 0x26, 0x7E,
    0x09, 0x5D, 0x3A, 0xF3, 0x54, 0xE7, 0xBA, 0x20, 0x88, 0xA7, 0x84, 0xED, 0xB8, 0x9A, 0xED, 0xE4,
    0xEA, 0x3A, 0x76, 0xEA, 0xDA, 0xB5, 0x11, 0xDA, 0xC9, 0xFA, 0x20, 0x1F, 0xD9, 0xD7, 0x0E, 0x8F,
    0x36, 0x6D, 0x90, 0x4D, 0x41, 0x3A, 0xDA, 0x45, 0x74, 0x31, 0x47, 0x78, 0x20, 0x75, 0x73, 0x81,
    0x07, 0x1C, 0x9A, 0xC3, 0xD7, 0x89, 0x87, 0x91, 0x8D, 0x0C, 0x47, 0x83, 0x0D, 0x1B, 0xDC, 0x91,
    0xB1, 0xDD, 0x66, 0x70, 0xFB, 0xD0, 0xD5, 0x6A, 0xC0, 0xB5, 0x18, 0x89, 0x6B, 0xB3, 0x09, 0x27,
    0xF2, 0x31, 0x74, 0x65, 0x31, 0xEC, 0x5C, 0x50, 0xF4, 0xD1, 0xE1, 0xB0, 0xE0, 0x10, 0xCF, 0x41,
    0xDE, 0xE3, 0xCE, 0x74, 0xAC, 0xE6, 0x87, 0x38, 0xBA, 0x29, 0x68, 0x7E, 0xE2, 0x6E, 0xA0, 0xD9,
    0x87, 0x83, 0x8C, 0xD3, 0xEE, 0xA2, 0x8E, 0x13, 0x7A, 0x74, 0x12, 0x06, 0x7E, 0xF6, 0x7B, 0xF6,
    0x9B, 0x77, 0x47, 0x83, 0xF8, 0xFC, 0x93, 0x06, 0x92, 0xBE, 0x08, 0x5D, 0x0C, 0xE9, 0x08, 0xB7,
    0xC6, 0xD5, 0x3A, 0x35, 0x5A, 0x33, 0xC4, 0xAD, 0xFA, 0x0F, 0xB6, 0x99, 0x0E, 0x6C, 0x6D, 0x67,
    0xB8, 0x55, 0x6D, 0x83, 0x46, 0xD3, 0x31, 0x71, 0x42, 0x97, 0xED, 0x14, 0xC2, 0x2D, 0x99, 0x82,
    0x62, 0x00, 0xBA, 0x38, 0x5B, 0x03, 0x5D, 0xE2, 0x86, 0x53, 0x21, 0xDA, 0xC1, 0xF7, 0x14, 0x17,
    0x09, 0xEA, 0xDE, 0xA0, 0x7A, 0x4D, 0xB8, 0x01, 0xF9, 0x3E, 0x78, 0x21, 0x08, 0x06, 0xFC, 0x17,
    0xCC, 0x31, 0xAF, 0xB3, 0x23, 0xAD, 0x5F, 0x32, 0xDE, 0x5B, 0xE8, 0xC2, 0x7F, 0x51, 0xEB, 0xD5,
    0x91, 0xF8, 0xEC, 0x0C, 0x93, 0xE2, 0x48, 0x7C, 0x42, 0x2F, 0x3E, 0xEE, 0x20, 0x3E, 0x81, 0xFB,
    0xFA, 0x47, 0x8A, 0xCF, 0xB0, 0x8A, 0x4F, 0x7E, 0x2C, 0x3E, 0x4E, 0xE2, 0x93, 0xE9, 0xE2, 0x17,
    0xDD, 0x93, 0xC1, 0xE9, 0xF2, 0x98, 0xC1, 0xB0, 0x8A, 0x0F, 0x7E, 0x5E, 0xD4, 0xA8, 0x72, 0x8E,
    0x20, 0x88, 0x35, 0x9C, 0xE0, 0xB6, 0x8E, 0xC9, 0xBB, 0xB5, 0xC6, 0x3B, 0x09, 0x93, 0xA5, 0x04,
    0x2E, 0xBF, 0xFC, 0xC1, 0xA7, 0x8A, 0xCB, 0xF7, 0x25, 0x32, 0xB7, 0x08, 0x04, 0xC5, 0x21, 0x62,
    0xEF, 0x09, 0x07, 0x95, 0xFC, 0x37, 0xA6, 0x9D, 0x48, 0x75, 0x4C, 0xE7, 0xAE, 0x4B, 0x68, 0x66,
    0x81, 0xA5, 0x5B, 0x25, 0x38, 0x39, 0x1F, 0xD8, 0xE9, 0x6C, 0x56, 0x1F, 0xA4, 0xEE, 0xE4, 0x49,
    0x89, 0x16, 0x46, 0x9C, 0xBB, 0x9B, 0x0E, 0xF0, 0xD4, 0xD1, 0x44, 0xD8, 0xD3, 0x2E, 0x06, 0x5A,
    0x45, 0xC9, 0x16, 0x26, 0x6B, 0x21, 0xD3, 0xE4, 0x04, 0x44, 0xA4, 0x45, 0xB0, 0x13, 0x5A, 0xA3,
    0x9D, 0xB0, 0x4F, 0xB4, 0x50, 0x39, 0x4E, 0x5F, 0xD1, 0x69, 0xCC, 0x75, 0x8F, 0x91, 0x52, 0xE2,
    0x72, 0x01, 0xAE, 0x0E, 0x62, 0xEA, 0xDF, 0x2F, 0x71, 0x05, 0xF2, 0x79, 0x97, 0x82, 0xFF, 0x57,
    0x1B, 0xAA, 0x14, 0xC2, 0x62, 0xB4, 0x71, 0x17, 0x98, 0xEF, 0x57, 0x4B, 0x1B, 0xE5, 0x55, 0xB4,
    0x90, 0x01, 0x05, 0xAC, 0x61, 0x90, 0x0F, 0x55, 0x9B, 0x0D, 0x49, 0x0D, 0x99, 0x0D, 0xE2, 0x85,
    0x5D, 0x97, 0x5C, 0x32, 0x7B, 0x18, 0x27, 0xAF, 0x02, 0xC7, 0x18, 0x70, 0xC7, 0x5D, 0x3E, 0x26,
    0x43, 0xC4, 0xE5, 0xAE, 0xB0, 0x0C, 0x3B, 0xC9, 0x95, 0x6E, 0xC2, 0xDF, 0x9C, 0x44, 0x6E, 0x98,
    0x55, 0x78, 0x3C, 0xDD, 0x73, 0xE4, 0x73, 0x30, 0x9F, 0xD5, 0x46, 0x74, 0x77, 0x03, 0x93, 0x7A,
    0xDB, 0xB5, 0x21, 0x9E, 0x70, 0x9C, 0x70, 0x34, 0x52, 0x65, 0xD2, 0x3D, 0x95, 0xAD, 0x28, 0xD9,
    0xCE, 0x8B, 0xB1, 0x66, 0x5D, 0x48, 0x23, 0xB4, 0x48, 0x76, 0xC2, 0xD0, 0x69, 0xCE, 0xA3, 0xC3,
    0xD3, 0xB9, 0xC1, 0x1A, 0x40, 0x55, 0x21, 0x45, 0x78, 0xA6, 0x60, 0x07, 0x58, 0xBE, 0xD0, 0xFD,
    0xB6, 0x19, 0xFC, 0x7A, 0x04, 0x57, 0x4E, 0x34, 0x12, 0x4A, 0x24, 0x0D, 0x01, 0x6D, 0x46, 0xFA,
    0x1B, 0x18, 0xB8, 0xBE, 0x2A, 0x93, 0x2E, 0xE9, 0x3E, 0x65, 0x60, 0x32, 0x41, 0xAD, 0x21, 0xC6,
    0xF3, 0xDA, 0xEF, 0x7A, 0xFA, 0xC2, 0xCF, 0x49, 0xF9, 0xD1, 0x62, 0x33, 0x53, 0x6C, 0x76, 0xFD,
    0xFF, 0x46, 0x6C, 0xEC, 0xF4, 0xAD, 0x83, 0xD8, 0x64, 0x1F, 0x25, 0x36, 0x69, 0x4D, 0x65, 0xF7,
    0x92, 0xD3, 0xD9, 0xF7, 0xCD, 0x34, 0x75, 0xC2, 0xA6, 0x71, 0xD3, 0xCE, 0x3D, 0x3E, 0xC5, 0xF3,
    0xAE, 0x23, 0x34, 0x19, 0x16, 0x2A, 0x1F, 0xFC, 0x13, 0xF6, 0xFB, 0x10, 0x7E, 0xFF, 0xAE, 0xE8,
    0xC3, 0x91, 0xC0, 0x60, 0x6B, 0xDB, 0xC7, 0x34, 0x15, 0xCD, 0x5B, 0x6C, 0x7F, 0x9F, 0x62, 0x49,
    0xF3, 0x96, 0xAA, 0x55, 0xBC, 0xDE, 0x69, 0xD6, 0x9B, 0x81, 0xF6, 0xC6, 0xFA, 0x8C, 0xC0, 0xD4,
    0x97, 0x0B, 0x4C, 0x77, 0x10, 0x98, 0xE9, 0xDE, 0x0A, 0x0C, 0x64, 0x83, 0xEB, 0xD0, 0xE0, 0xA9,
    0xD7, 0x7B, 0x6F, 0xAE, 0x69, 0xF2, 0x42, 0xB7, 0x42, 0x73, 0x3A, 0x06, 0x02, 0x66, 0x47, 0xF3,
    0x44, 0xA9, 0x81, 0x21, 0x7A, 0x81, 0x12, 0x82, 0xBB, 0x3B, 0x2F, 0x37, 0xFA, 0x26, 0x65, 0xC1,
    0x50, 0xBE, 0x25, 0xC9, 0xC1, 0xA9, 0xEB, 0x01, 0x11, 0xE2, 0x8E, 0x52, 0x4A, 0x76, 0x82, 0xFC,
    0xAE, 0xBA, 0xEC, 0x13, 0xDE, 0xB9, 0xE8, 0xA8, 0x5E, 0xD7, 0x4D, 0xCB, 0x8E, 0xD9, 0x78, 0x4E,
    0x7C, 0x1C, 0x15, 0x4B, 0x1B, 0x13, 0xA6, 0xDF, 0x74, 0xA7, 0x4E, 0x2A, 0x8F, 0x06, 0x69, 0xF4,
    0x16, 0xE2, 0x1A, 0x12, 0xC2, 0x96, 0x23, 0xC0, 0x9C, 0x71, 0x16, 0x97, 0x21, 0x09, 0x04, 0xD1,
    0xED, 0x09, 0x7B, 0x35, 0x84, 0x66, 0xB0, 0x71, 0x19, 0x38, 0x6D, 0x97, 0x43, 0xDB, 0xFB, 0x69,
    0x72, 0x5B, 0x5E, 0xE3, 0xBF, 0x9E, 0x97, 0xD5, 0xCC, 0x55, 0xF4, 0xD7, 0x38, 0x2E, 0x12, 0xFA,
    0xFE, 0x2F, 0x1B, 0xCB, 0xB5, 0xA9, 0xA0, 0x8E, 0xB8, 0x57, 0x30, 0xC8, 0x5D, 0x33, 0x35, 0xDA,
    0x57, 0x9E, 0x97, 0x81, 0xF8, 0xD5, 0xA4, 0xB5, 0x38, 0x25, 0x70, 0xC5, 0x7B, 0x98, 0xD6, 0x35,
    0x39, 0x3F, 0x99, 0x76, 0x83, 0x64, 0xC9, 0x16, 0xA1, 0xCA, 0x39, 0x14, 0x3D, 0x01, 0xC3, 0x2F,
    0x7A, 0x45, 0xCF, 0xFC, 0x92, 0x0F, 0x44, 0x3C, 0x72, 0x5E, 0xD8, 0x60, 0xE7, 0x03, 0x59, 0xF8,
    0xC0, 0x4C, 0x3D, 0xBF, 0x10, 0xED, 0xBC, 0xCF, 0xA8, 0x6E, 0xEE, 0x39, 0xF7, 0x6A, 0x1D, 0x98,
    0xAD, 0x0F, 0x92, 0xBB, 0xC2, 0xF5, 0x13, 0xA2, 0xF4, 0x84, 0x73, 0x30, 0xBC, 0x3F, 0xC1, 0x63,
    0xE5, 0xA7, 0x87, 0xD2, 0xB7, 0x25, 0x0F, 0x12, 0x4B, 0xAE, 0x66, 0xF8, 0x0D, 0xF7, 0xF7, 0x14,
    0x3B, 0xDA, 0x24, 0x0D, 0x59, 0x13, 0x13, 0x3C, 0x42, 0x07, 0xE0, 0xCC, 0xC2, 0xA6, 0x35, 0x68,
    0x84, 0x0C, 0x81, 0x19, 0x0D, 0x17, 0x83, 0x45, 0xA8, 0x18, 0x28, 0xC2, 0xC4, 0x20, 0x31, 0x44,
    0x04, 0x88, 0xE1, 0xE1, 0xE1, 0xA8, 0x28, 0x75, 0x3B, 0xF5, 0xE6, 0xDD, 0xCF, 0x4B, 0x7F, 0x0A,
    0x3D, 0x83, 0x83, 0x93, 0x93, 0x03, 0xF3, 0x8E, 0x41, 0xCE, 0x6C, 0x1B, 0x7B, 0x66, 0xEA, 0x8D,
    0xCC, 0x67, 0x6B, 0xFA, 0x41, 0x05, 0x9D, 0xC4, 0xDD, 0xA8, 0x67, 0x3A, 0xE1, 0x5D, 0x62, 0x09,
    0x4E, 0xB8, 0x78, 0x63, 0x24, 0x7F, 0x28, 0xD3, 0x0A, 0x3E, 0x18, 0x6C, 0x0F, 0xC2, 0x22, 0xD1,
    0x2E, 0xDD, 0x26, 0xDA, 0x11, 0x66, 0xF0, 0xAB, 0x93, 0xD3, 0x96, 0x9E, 0x85, 0x53, 0x8F, 0x93,
    0x4C, 0xC0, 0x5E, 0x8E, 0x66, 0x61, 0xCE, 0x89, 0xFF, 0xB9, 0x76, 0x97, 0xC8, 0x0C, 0x70, 0x49,
    0xA8, 0x6E, 0xDC, 0xE5, 0xF7, 0x55, 0x97, 0x4C, 0xC4, 0xE5, 0x39, 0x57, 0xFA, 0x87, 0xA0, 0xD7,
    0xBF, 0x2D, 0x65, 0x55, 0x4A, 0x40, 0xF2, 0xE7, 0xF8, 0x23, 0x69, 0xF3, 0x01, 0x96, 0xD5, 0xBD,
    0xEA, 0xCA, 0x58, 0xB6, 0x85, 0x7A, 0x1E, 0x7C, 0x35, 0x48, 0x03, 0x9A, 0x03, 0xB8, 0x23, 0xBB,
    0x91, 0xF6, 0x29, 0x96, 0x1F, 0x9E, 0xCA, 0xC8, 0x26, 0x77, 0x2F, 0xE8, 0x9A, 0x03, 0xB8, 0x5A,
    0xCF, 0xA6, 0x0B, 0x89, 0x44, 0x89, 0x91, 0x73, 0x51, 0x5A, 0xD3, 0x70, 0xAC, 0xCB, 0x9F, 0x51,
    0x9E, 0xD1, 0x22, 0x64, 0x20, 0x31, 0x24, 0x38, 0x71, 0xC8, 0x51, 0x90, 0xCD, 0xDF, 0xEC, 0x29,
    0x7D, 0xB8, 0x19, 0x0F, 0x5E, 0x17, 0x12, 0x4F, 0x06, 0xDB, 0x83, 0x41, 0xC5, 0x07, 0x81, 0x21,
    0x84, 0x07, 0x23, 0x71, 0x3F, 0x3D, 0x69, 0x24, 0x3B, 0x93, 0x7A, 0xC4, 0x4D, 0x49, 0x1D, 0xB5,
    0x68, 0x18, 0xBD, 0x75, 0x15, 0x8D, 0x06, 0xDD, 0xF0, 0xF1, 0x68, 0x94, 0x9F, 0x2A, 0x30, 0xC7,
    0xBE, 0x8F, 0x19, 0x9D, 0x62, 0xBF, 0x9D, 0x0E, 0x82, 0xFB, 0x0A, 0x18, 0x6D, 0xAD, 0x1C, 0x1E,
    0xAD, 0x00, 0x3F, 0xB3, 0xE3, 0xAD, 0xEB, 0x86, 0x40, 0xA9, 0x5E, 0x99, 0x88, 0x49, 0x34, 0xC7,
    0x0B, 0x21, 0x81, 0x3F, 0x38, 0x10, 0x91, 0x02, 0xFD, 0x13, 0x10, 0xF4, 0xF5, 0x00, 0xF1, 0xC0,
    0xEF, 0x8B, 0x84, 0x23, 0x9D, 0xB3, 0x41, 0x68, 0x70, 0xEB, 0x3A, 0x37, 0xBD, 0x65, 0x9D, 0xDE,
    0xEC, 0xA7, 0xF7, 0x79, 0x8D, 0x72, 0x9B, 0xDE, 0x28, 0x07, 0xFF, 0xE7, 0xA7, 0xDB, 0xF4, 0x34,
    0x48, 0x3F, 0x3D, 0xD3, 0x94, 0x70, 0x38, 0x9A, 0xDE, 0x23, 0x67, 0xA7, 0xF7, 0xF3, 0x93, 0xAA,
    0x3C, 0x3B, 0x3D, 0x79, 0xC9, 0xBB, 0xFE, 0xE0, 0x30, 0x4B, 0x83, 0xA2, 0x61, 0x2F, 0x49, 0xE5,
    0x5C, 0x15, 0x44, 0xFC, 0x9F, 0xA7, 0x3A, 0x33, 0xC4, 0xB2, 0x8D, 0x3F, 0xE7, 0x82, 0x53, 0x4D,
    0xFF, 0x15, 0x9F, 0xD0, 0x88, 0x6B, 0xDC, 0xC1, 0xE1, 0x8C, 0xE0, 0x52, 0x15, 0xB1, 0x33, 0x57,
    0xB5, 0x34, 0xE8, 0x16, 0x89, 0x69, 0xF2, 0xF3, 0x7D, 0x25, 0x13, 0xF2, 0x36, 0x38, 0xD4, 0x68,
    0x76, 0xDE, 0x41, 0x95, 0x0E, 0x4D, 0xF7, 0x44, 0x59, 0xCC, 0xC3, 0xB3, 0x98, 0x85, 0xA3, 0xB7,
    0x5E, 0xE5, 0x60, 0xA2, 0xF3, 0x3A, 0x3F, 0x98, 0x2F, 0xF9, 0x5A, 0xB0, 0xEE, 0x6F, 0xD1, 0xE1,
    0x80, 0xFA, 0xA6, 0xAE, 0x84, 0x1B, 0x50, 0xC1, 0x23, 0xEB, 0x43, 0xF4, 0x97, 0xF4, 0x74, 0xF5,
    0xE0, 0x05, 0xE0, 0xF1, 0xCF, 0xDE, 0xC8, 0x2C, 0xF4, 0x98, 0x0E, 0x4E, 0x4E, 0x35, 0x78, 0xCF,
    0xA6, 0x72, 0xD3, 0x76, 0x04, 0x40, 0x3A, 0xD2, 0xA8, 0xC6, 0xDA, 0x9B, 0x70, 0x84, 0x13, 0x08,
    0x84, 0xB0, 0xB9, 0x41, 0x4C, 0xE1, 0xF3, 0xA5, 0x8C, 0x50, 0x97, 0x66, 0xF2, 0xAE, 0xB8, 0x0F,
    0x57, 0x6C, 0xD5, 0x62, 0xA2, 0x13, 0x13, 0x9E, 0x68, 0xC6, 0x5A, 0x47, 0x63, 0x06, 0xD0, 0xC7,
    0x68, 0x75, 0x35, 0xAE, 0xF2, 0xFE, 0x94, 0x86, 0x39, 0x45, 0x04, 0xD7, 0x26, 0x4B, 0xCA, 0xD8,
    0x1F, 0x9D, 0xDA, 0xAE, 0xD4, 0x74, 0xC0, 0x26, 0x1B, 0x61, 0x24, 0x22, 0x47, 0x0F, 0xAB, 0xA0,
    0x51, 0x8A, 0xDC, 0x5B, 0xAB, 0x0F, 0xDC, 0x28, 0xB0, 0x5C, 0xE4, 0xD3, 0xE1, 0x4A, 0xF5, 0x0E,
    0x0C, 0x57, 0xB5, 0xAF, 0xB8, 0x57, 0x61, 0xC6, 0x68, 0x0B, 0x3B, 0x84, 0xA3, 0xA7, 0x0C, 0xC8,
    0x17, 0xAC, 0x7B, 0x4C, 0x5F, 0x8C, 0x20, 0xC6, 0x6A, 0x23, 0x88, 0xDB, 0x88, 0x76, 0xB9, 0x8D,
    0x39, 0xC8, 0x3E, 0xAF, 0x15, 0xB3, 0x07, 0xAB, 0xF0, 0xA1, 0xA9, 0xE0, 0x93, 0x80, 0x9B, 0x74,
    0xF7, 0x1C, 0x5C, 0x68, 0x2C, 0x1A, 0xBC, 0x1D, 0xD2, 0x53, 0xE6, 0x7C, 0x22, 0x49, 0x46, 0x7E,
    0xD6, 0x83, 0xFB, 0x1D, 0x83, 0xEB, 0xBD, 0xFC, 0xA2, 0xDB, 0x22, 0x3A, 0xFF, 0xF7, 0x91, 0xF7,
    0x7F, 0xE6, 0xE7, 0x3E, 0x93, 0x5F, 0x11, 0x42, 0xB6, 0x4B, 0xC9, 0x10, 0x6A, 0xF0, 0x71, 0x77,
    0x5F, 0x41, 0x7C, 0x9F, 0x41, 0x76, 0xEB, 0x40, 0x8E, 0x59, 0x14, 0xE9, 0x63, 0xAF, 0x22, 0xD8,
    0xB6, 0x16, 0x03, 0xF0, 0x8A, 0xC7, 0xEF, 0xCA, 0xB6, 0xF1, 0x14, 0xDB, 0x7D, 0x8A, 0xB0, 0x2C,
    0xD8, 0x32, 0x4F, 0x76, 0x13, 0x97, 0x53, 0xEF, 0x6F, 0x23, 0xB8, 0x7A, 0x93, 0x21, 0x63, 0x27,
    0xC7, 0x15, 0x03, 0xCC, 0xC6, 0x94, 0xE3, 0x93, 0xAF, 0xFD, 0x5D, 0x7A, 0xC4, 0xEF, 0x3A, 0xDA,
    0x76, 0x2E, 0x5B, 0x41, 0x2B, 0x9A, 0x8A, 0x87, 0xB1, 0x0D, 0x45, 0xB1, 0x13, 0xAE, 0xC4, 0x0B,
    0xDC, 0xB1, 0x78, 0x8E, 0xB9, 0x93, 0x00, 0x5A, 0xF4, 0x45, 0x5F, 0x13, 0x20, 0x90, 0x35, 0x28,
    0x3A, 0xC0, 0x57, 0x31, 0x32, 0x15, 0x99, 0x66, 0x96, 0x78, 0x9D, 0x8D, 0x11, 0x13, 0xAB, 0x91,
    0x08, 0x97, 0x86, 0x57, 0xC3, 0x59, 0x9D, 0x9C, 0xA1, 0x27, 0x0E, 0xFB, 0xD5, 0x80, 0x86, 0xB0,
    0xFA, 0xE8, 0x8D, 0x52, 0xD1, 0x13, 0x48, 0xEF, 0xE7, 0x07, 0x8A, 0x96, 0x5A, 0xB5, 0x0D, 0xC0,
    0xB9, 0xFF, 0x50, 0x8D, 0x2D, 0x52, 0xD8, 0xEE, 0xE1, 0xCE, 0xA3, 0x19, 0x71, 0xF2, 0x21, 0xB6,
    0xA4, 0xEA, 0xDC, 0x3D, 0xDA, 0xC4, 0xC2, 0x0F, 0x6F, 0x87, 0xDE, 0x81, 0x2E, 0x20, 0xD6, 0x46,
    0x8B, 0x35, 0x7C, 0xDF, 0x48, 0x2E, 0xB5, 0x68, 0x60, 0xCA, 0x85, 0x9C, 0x3E, 0x86, 0x86, 0xBB,
    0x29, 0xC5, 0xE4, 0xDB, 0xCC, 0x6F, 0x2E, 0x4F, 0xCD, 0x94, 0x72, 0xCC, 0xEF, 0x0B, 0x32, 0xE7,
    0x12, 0xD8, 0xC1, 0xAF, 0x8F, 0x40, 0x49, 0x47, 0x74, 0x04, 0xD7, 0xBF, 0x27, 0x9B, 0xB9, 0x4F,
    0xDD, 0xF7, 0x48, 0x9A, 0x25, 0x73, 0x48, 0x44, 0x29, 0xBE, 0x6D, 0xDE, 0x8B, 0x58, 0xCB, 0x28,
    0xCF, 0xCD, 0xDE, 0x7F, 0xA4, 0x08, 0xF9, 0xE1, 0x58, 0xA5, 0x13, 0x39, 0xB6, 0x2E, 0x59, 0xFE,
    0xD4, 0xD5, 0xB9, 0x7B, 0x7F, 0x56, 0xBC, 0xFA, 0x61, 0x98, 0xB1, 0x13, 0x92, 0xDA, 0x8D, 0x3E,
    0xEB, 0xAB, 0xC4, 0x63, 0x2E, 0x3F, 0x02, 0xB3, 0x56, 0x32, 0xFF, 0x81, 0x98, 0x35, 0x1F, 0x84,
    0x59, 0x66, 0x98, 0xB9, 0xB3, 0x98, 0x85, 0x37, 0x07, 0x1F, 0x69, 0x49, 0x52, 0x45, 0x57, 0xC8,
    0x1D, 0xA1, 0x8F, 0xFF, 0xF4, 0x0C, 0x6D, 0xA8, 0xDE, 0x70, 0x35, 0x07, 0xDA, 0x26, 0x8C, 0x58,
    0x8A, 0x85, 0x9C, 0xE2, 0x3E, 0x1F, 0x00, 0x9E, 0xE3, 0x46, 0x2F, 0x9A, 0x71, 0x8A, 0x6C, 0xFE,
    0x08, 0xE6, 0xFD, 0x07, 0xE3, 0xB0, 0x0D, 0xB5, 0x3A, 0x1F, 0xFF, 0x96, 0xB3, 0x7C, 0x67, 0xA0,
    0xAF, 0x18, 0xF7, 0x29, 0x1C, 0x83, 0xC7, 0x5B, 0x3A, 0x0F, 0x11, 0x99, 0xD3, 0x3E, 0xB9, 0x71,
    0x5E, 0xCE, 0xE0, 0xB4, 0x70, 0x00, 0x64, 0x97, 0xC9, 0x45, 0xA4, 0xB3, 0xAD, 0x8F, 0x7C, 0xC8,
    0x4F, 0x76, 0xB2, 0xB1, 0x20, 0x89, 0xCA, 0x1D, 0xF6, 0xE9, 0x92, 0x96, 0xE8, 0x24, 0xB9, 0xE3,
    0xDA, 0x87, 0xC3, 0x03, 0x37, 0x7F, 0x4A, 0xD3, 0x51, 0x07, 0x37, 0x17, 0x13, 0x0B, 0x8F, 0x28,
    0x39, 0x7E, 0xA8, 0x10, 0x89, 0x0A, 0xC6, 0x65, 0xA2, 0xAE, 0x6B, 0x09, 0x4F, 0x3E, 0x3C, 0x10,
    0x34, 0x6F, 0x43, 0xC5, 0x68, 0x27, 0x6F, 0x18, 0x4F, 0x5C, 0x38, 0x7D, 0xBF, 0x10, 0x26, 0x2E,
    0x9A, 0x15, 0x97, 0x85, 0x74, 0x93, 0x6F, 0xAB, 0xEA, 0x45, 0x90, 0xFB, 0x55, 0x62, 0x87, 0x5C,
    0x85, 0x0F, 0xBD, 0x29, 0x57, 0xF0, 0x27, 0x3A, 0x05, 0x9F, 0x6D, 0xE1, 0xBA, 0x6D, 0xF0, 0x31,
    0x3A, 0xB8, 0xB9, 0x68, 0xA0, 0x16, 0xA6, 0x63, 0xE4, 0xF1, 0xA5, 0xDF, 0x4B, 0x8C, 0x1A, 0x9E,
    0x9D, 0x06, 0xCD, 0xF0, 0x2E, 0x6D, 0x93, 0x76, 0x37, 0x26, 0x7B, 0xD1, 0x2C, 0x52, 0x90, 0xE6,
    0xC6, 0xFF, 0xD3, 0x72, 0xD0, 0x75, 0x79, 0x26, 0x78, 0x86, 0x5E, 0x4B, 0x41, 0xB5, 0x9B, 0x4C,
    0x2D, 0xC9, 0x94, 0x70, 0x31, 0x76, 0xCD, 0xA8, 0x09, 0x14, 0xB2, 0xE4, 0xDC, 0xBB, 0x78, 0xB9,
    0xD9, 0x0B, 0x19, 0x52, 0x5D, 0xA3, 0xA8, 0x26, 0xAC, 0xC4, 0xCE, 0xDD, 0xAC, 0xE5, 0xDA, 0x2B,
    0x1A, 0x19, 0x25, 0xDD, 0x4D, 0xB7, 0x99, 0xA6, 0xC2, 0xF4, 0x22, 0x59, 0x36, 0xA8, 0xA5, 0x14,
    0x53, 0xB0, 0xDD, 0x34, 0x6D, 0x06, 0xC7, 0xDF, 0xF4, 0x05, 0xF7, 0xF3, 0xC0, 0xDC, 0xE5, 0x9E,
    0xCE, 0x3E, 0x99, 0x70, 0xDA, 0xF0, 0xDB, 0x98, 0xD2, 0xF4, 0x2D, 0x91, 0xE0, 0xF1, 0x28, 0xBB,
    0x1E, 0x52, 0x39, 0xC4, 0xE7, 0xD7, 0xEB, 0x5A, 0x60, 0xE8, 0x58, 0x0A, 0x48, 0x91, 0xB8, 0x0F,
    0x8C, 0xB2, 0xEA, 0x30, 0x0D, 0xCB, 0x7C, 0xB8, 0x3A, 0xE6, 0xA5, 0x07, 0x1B, 0xF7, 0x33, 0xE7,
    0x30, 0xFA, 0x78, 0x8F, 0xF8, 0x86, 0x74, 0x01, 0x5C, 0xF6, 0xBF, 0x0C, 0x00, 0xB6, 0x0C, 0xF1,
    0x75, 0xDB, 0xB4, 0xA9, 0x91, 0x8C, 0xD7, 0xAE, 0x9F, 0xD7, 0x90, 0x8F, 0x9A, 0xE0, 0xFE, 0xC2,
    0x04, 0x2F, 0xBD, 0xA9, 0xF1, 0x13, 0x0C, 0x9B, 0x97, 0xDC, 0x42, 0xB4, 0x1B, 0x32, 0x5E, 0x1C,
    0x28, 0xE4, 0xB8, 0x86, 0xEF, 0xCB, 0x01, 0xB7, 0xDC, 0xB5, 0x79, 0xE9, 0x0F, 0xDD, 0xCD, 0xE7,
    0x60, 0xC9, 0xB0, 0x8F, 0x98, 0x50, 0xCC, 0xDB, 0x67, 0x22, 0x0E, 0xB8, 0xF6, 0x2B, 0x5E, 0x1E,
    0x3E, 0xA7, 0x60, 0x1B, 0xC8, 0x2A, 0xDC, 0x6B, 0xF7, 0xE9, 0x72, 0x10, 0x08, 0x4F, 0x1B, 0x8B,
    0x92, 0xF5, 0x83, 0x5E, 0x15, 0x61, 0xFB, 0xB4, 0x85, 0xFB, 0x92, 0x9F, 0x45, 0x51, 0x9A, 0x66,
    0x54, 0xA5, 0x29, 0x4B, 0xF5, 0xA8, 0x16, 0xB5, 0x6C, 0x1E, 0x43, 0xB7, 0x98, 0x96, 0x1C, 0x0C,
    0xAC, 0x5F, 0xE3, 0xB3, 0x6F, 0xE1, 0x89, 0x4F, 0x47, 0xDC, 0x66, 0x07, 0x88, 0x64, 0xE8, 0x0D,
    0xA0, 0x1D, 0x2C, 0x86, 0x4E, 0x1E, 0x7B, 0x43, 0xC1, 0x53, 0x63, 0x85, 0x1D, 0x78, 0xF9, 0xAC,
    0xEB, 0xBE, 0x8D, 0x50, 0x67, 0x90, 0x91, 0x33, 0xDA, 0x88, 0xE1, 0x0F, 0x17, 0xB0, 0x02, 0x3E,
    0xBC, 0x42, 0xF3, 0x7F, 0x74, 0x45, 0x96, 0x90, 0x09, 0x97, 0xE1, 0x81, 0x66, 0x9F, 0x2C, 0xB7,
    0x73, 0x38, 0x30, 0xEE, 0xEB, 0x10, 0x8D, 0xBB, 0xDA, 0x9D, 0x42, 0xF3, 0x97, 0xE4, 0x87, 0x41,
    0x25, 0xBE, 0xFC, 0xF4, 0xDE, 0x33, 0x29, 0x91, 0x65, 0x09, 0x4C, 0xED, 0xD2, 0x43, 0xCC, 0x28,
    0xAE, 0x45, 0x2C, 0x67, 0xD2, 0x23, 0xB4, 0x0C, 0xA7, 0x70, 0xBA, 0x60, 0x59, 0x02, 0xC5, 0x61,
    0x9E, 0xC7, 0xCD, 0xC7, 0xCD, 0x6B, 0x29, 0x0E, 0xB4, 0xB1, 0x08, 0x70, 0xE5, 0xA7, 0x8C, 0x04,
    0x4E, 0xE7, 0x83, 0x5F, 0x62, 0xBC, 0x63, 0x6D, 0x19, 0x9C, 0xF0, 0x87, 0xD2, 0x33, 0x62, 0x1B,
    0x0D, 0x7C, 0x00, 0xF0, 0x42, 0x60, 0x46, 0x6E, 0x3A, 0x4A, 0xC0, 0xC6, 0xB2, 0x6E, 0x06, 0xA6,
    0x39, 0x23, 0xF2, 0x23, 0x2A, 0xAE, 0xF1, 0x2F, 0xE0, 0x20, 0x8E, 0x88, 0xE4, 0x36, 0xE7, 0xE1,
    0x6A, 0x53, 0x9A, 0x3D, 0x21, 0x9D, 0xA8, 0xF1, 0x48, 0xBB, 0x19, 0x90, 0x28, 0xAC, 0xE2, 0x00,
    0x34, 0x59, 0xFE, 0x41, 0x51, 0x17, 0x1D, 0x4C, 0xE3, 0x1B, 0xAD, 0x0F, 0x08, 0x36, 0x46, 0xD2,
    0xF2, 0x7B, 0x78, 0x39, 0x83, 0x31, 0xFE, 0xCF, 0xC9, 0xC8, 0xE6, 0x98, 0xB3, 0xC9, 0x3A, 0xD3,
    0x89, 0x77, 0xA1, 0x12, 0xD8, 0xDC, 0x32, 0x0C, 0x33, 0x31, 0x26, 0xD4, 0xED, 0xD9, 0x4D, 0x3A,
    0xFB, 0xEC, 0x04, 0xFD, 0xD4, 0x6C, 0x62, 0x72, 0x6A, 0xE7, 0x9E, 0x17, 0x8F, 0xF8, 0xBE, 0xB3,
    0x04, 0xA7, 0x66, 0x2F, 0x41, 0x89, 0x8D, 0x49, 0x6B, 0x8C, 0xE4, 0x9A, 0x05, 0x9C, 0x7B, 0x99,
    0x37, 0xA4, 0x13, 0xA1, 0x82, 0xC4, 0x88, 0x8B, 0x1E, 0x63, 0xC7, 0xB8, 0xB7, 0x2C, 0x26, 0x23,
    0x4A, 0x3B, 0x6E, 0xF5, 0x89, 0x76, 0xD7, 0x32, 0x37, 0x32, 0xEE, 0xF3, 0x25, 0x29, 0x88, 0x60,
    0x43, 0xDA, 0x93, 0xEE, 0xFE, 0x4B, 0x30, 0x1E, 0x12, 0x68, 0x9E, 0xB4, 0xD8, 0xE9, 0x18, 0x9E,
    0x8A, 0x49, 0xC7, 0x4D, 0x4F, 0x5D, 0xE6, 0xA1, 0x08, 0xBF, 0x0C, 0xE6, 0x24, 0xA2, 0x6B, 0x5D,
    0x60, 0x93, 0x7D, 0xCF, 0xC1, 0x43, 0x69, 0x5E, 0xEE, 0x62, 0x37, 0x3D, 0x80, 0x0D, 0x62, 0x4F,
    0x2C, 0x5A, 0x0B, 0x01, 0x33, 0xD9, 0xED, 0xD7, 0xB9, 0x5F, 0x00, 0x5E, 0xDC, 0x4E, 0xF2, 0x53,
    0x02, 0xDA, 0xBC, 0xFA, 0xEF, 0xD4, 0x5E, 0xB2, 0xB9, 0x3F, 0xB4, 0xC5, 0xBA, 0xB5, 0x4A, 0x5E,
    0xB1, 0xF6, 0x08, 0xBB, 0xE4, 0x53, 0x8F, 0xB7, 0xD7, 0xD1, 0x85, 0x4D, 0x9D, 0xBF, 0xEA, 0xE6,
    0xC8, 0xDD, 0x71, 0x7D, 0x81, 0x2D, 0xE8, 0xA5, 0x19, 0xAE, 0x40, 0xBA, 0x2F, 0xB3, 0xB1, 0x42,
    0x47, 0xAF, 0xD1, 0x4C, 0x57, 0xB5, 0x65, 0x4C, 0x89, 0x27, 0xC6, 0xD5, 0x63, 0xA9, 0xB1, 0xE0,
    0x45, 0xEF, 0xDA, 0xD6, 0xBD, 0xE4, 0x9E, 0xFF, 0x1E, 0xFC, 0xDB, 0x89, 0x7C, 0x4A, 0x0B, 0x05,
    0x31, 0x74, 0xE8, 0x74, 0xC7, 0xD3, 0x0A, 0x50, 0xB5, 0xE6, 0x0F, 0x64, 0x5E, 0xAF, 0x96, 0xE7,
    0x5D, 0x83, 0x40, 0x49, 0x55, 0xE5, 0x2B, 0x24, 0xC6, 0x76, 0xD8, 0x1E, 0x97, 0x02, 0x68, 0x0A,
    0x76, 0xE8, 0x57, 0xF1, 0xA7, 0x49, 0x31, 0xE9, 0xB7, 0x43, 0x1B, 0x30, 0x5B, 0xB2, 0x1B, 0x21,
    0xFB, 0xD1, 0x40, 0xEA, 0x05, 0x4A, 0x7C, 0xF2, 0x54, 0x4F, 0x6F, 0xAC, 0x37, 0x46, 0x37, 0xB8,
    0x52, 0x2A, 0x8B, 0xC9, 0xDC, 0x8E, 0x36, 0x26, 0x26, 0x3D, 0x8B, 0x6D, 0x40, 0x4F, 0x71, 0x0F,
    0x6B, 0xC3, 0x9B, 0xEB, 0x1E, 0x64, 0x5B, 0x54, 0x2F, 0x91, 0x85, 0xC7, 0x90, 0x98, 0x47, 0xAC,
    0x9D, 0xAA, 0x26, 0xFF, 0x71, 0xB4, 0x91, 0xE1, 0x32, 0x13, 0x5F, 0xEB, 0x46, 0xF6, 0xF6, 0x3E,
    0x81, 0xB5, 0xCA, 0xEE, 0xFA, 0x19, 0x9A, 0x3E, 0x33, 0x39, 0x23, 0x45, 0xB6, 0x1A, 0x85, 0xDE,
    0x6F, 0xA3, 0xD2, 0x62, 0x5B, 0xA2, 0xBD, 0x17, 0x0A, 0xCD, 0xBB, 0xE9, 0xCE, 0xDD, 0xFE, 0x88,
    0x66, 0xC7, 0x70, 0x67, 0x8F, 0xDB, 0x8B, 0xC0, 0xFD, 0xF4, 0x1B, 0x13, 0x27, 0xF7, 0x9E, 0x31,
    0x4E, 0xDB, 0x4F, 0x42, 0x34, 0x9A, 0xFD, 0xF1, 0xD3, 0x4A, 0xF8, 0x16, 0x6B, 0x98, 0xF3, 0xA0,
    0x4D, 0x16, 0xCB, 0xC6, 0xB9, 0x66, 0xA3, 0xB1, 0xE9, 0xFA, 0xD7, 0x71, 0x26, 0x78, 0xD6, 0x52,
    0xDA, 0x0E, 0x5B, 0x21, 0xBC, 0xDA, 0xD2, 0xD8, 0xF5, 0x98, 0x71, 0x09, 0x51, 0x20, 0xA1, 0xB5,
    0xDC, 0x4A, 0x28, 0xA5, 0x37, 0xAC, 0x3F, 0x36, 0xA0, 0x7F, 0xE8, 0x28, 0x69, 0xA9, 0x03, 0x4F,
    0x7A, 0x73, 0x26, 0x13, 0x06, 0xCF, 0xDB, 0x3D, 0x4F, 0x66, 0xEC, 0xB5, 0x01, 0xEB, 0x1C, 0x32,
    0x16, 0xAD, 0x95, 0x8C, 0x29, 0xFC, 0x7A, 0x6A, 0xC2, 0x02, 0xC2, 0x2C, 0x9D, 0x16, 0xF4, 0x43,
    0xAF, 0x3C, 0xC2, 0x2B, 0x79, 0x2D, 0x34, 0xB4, 0xD6, 0x82, 0x83, 0x3E, 0xAD, 0x33, 0x06, 0x2E,
    0x6C, 0x5E, 0xC6, 0x96, 0x91, 0xBD, 0xD1, 0x8C, 0xB0, 0xE0, 0x6F, 0x0E, 0x3B, 0xF7, 0x34, 0x4C,
    0xFE, 0x2D, 0x65, 0x62, 0x36, 0x77, 0xEF, 0xAC, 0x4F, 0xB8, 0xBF, 0xE0, 0x13, 0xCE, 0x47, 0x37,
    0xFD, 0x63, 0xC9, 0x25, 0xE5, 0x56, 0x69, 0x42, 0xAB, 0x5D, 0x72, 0x2B, 0x52, 0xD1, 0xFA, 0x79,
    0x2B, 0x6C, 0x16, 0xDA, 0xF8, 0x51, 0x13, 0xD2, 0xA3, 0xCB, 0x59, 0xA9, 0xFE, 0x7A, 0xF9, 0xF7,
    0x4A, 0xAD, 0x04, 0xDF, 0x39, 0xFF, 0x34, 0x22, 0x7C, 0x2D, 0xB5, 0x9E, 0x36, 0x37, 0x51, 0x14,
    0xEA, 0xC9, 0x69, 0xAB, 0xD8, 0xA2, 0x57, 0x9A, 0x02, 0x97, 0xAF, 0x34, 0xF0, 0x46, 0x26, 0x38,
    0x36, 0x35, 0x57, 0xF1, 0x9C, 0x5F, 0xB5, 0x8A, 0x63, 0x52, 0xBB, 0x3B, 0x4B, 0x3A, 0xE6, 0x3F,
    0x73, 0xE5, 0x0B, 0x07, 0x99, 0x26, 0x00, 0x98, 0x71, 0x22, 0xB7, 0xAB, 0xC4, 0x72, 0xA2, 0xE5,
    0x56, 0xEB, 0x79, 0x24, 0xB0, 0xDD, 0x45, 0x81, 0xFD, 0x31, 0x35, 0x75, 0xF6, 0x94, 0x81, 0x93,
    0xC9, 0xE4, 0x9D, 0x8A, 0xB8, 0x39, 0x6C, 0x9E, 0x79, 0xE7, 0xE3, 0x09, 0xEC, 0x97, 0xE0, 0x8C,
    0xB8, 0x7D, 0x78, 0xD3, 0x3C, 0xBF, 0x8C, 0x5A, 0x57, 0x9A, 0xD6, 0xFD, 0x09, 0x2F, 0xC4, 0xE8,
    0xA6, 0x41, 0xD0, 0x35, 0x93, 0xCA, 0x84, 0x29, 0x0C, 0xFE, 0x62, 0xD5, 0xBA, 0xE0, 0x48, 0xEB,
    0xA8, 0x94, 0xCD, 0xAF, 0x3B, 0xE6, 0x30, 0x32, 0xCB, 0x0A, 0x84, 0xA6, 0xCF, 0x99, 0xE5, 0x78,
    0x8C, 0xE0, 0x31, 0xB1, 0x59, 0xEB, 0x8A, 0x52, 0xF3, 0xB1, 0xFF, 0xF8, 0x32, 0x56, 0xBF, 0x4C,
    0xE5, 0x88, 0xEB, 0x83, 0x2E, 0x21, 0x76, 0x2A, 0xE6, 0xCE, 0x9B, 0x56, 0xFB, 0x5E, 0x43, 0x53,
    0x38, 0x70, 0xD7, 0x62, 0x0A, 0x54, 0x2C, 0xEB, 0x4C, 0x17, 0xA0, 0x78, 0xDB, 0x69, 0x58, 0xAF,
    0xB9, 0xAF, 0xD1, 0xA2, 0xDC, 0x71, 0x2F, 0xCF, 0xDC, 0xE4, 0xDC, 0x6B, 0xF4, 0x7C, 0xDA, 0xE6,
    0x37, 0x32, 0x19, 0xAA, 0x34, 0xE1, 0x66, 0x42, 0xE4, 0xD4, 0x4E, 0xE8, 0xD4, 0xEA, 0xCE, 0x89,
    0x8A, 0x8C, 0xC8, 0xB2, 0xF7, 0xF4, 0x12, 0x99, 0xFF, 0x65, 0x69, 0x8C, 0xFC, 0xB9, 0x5E, 0xBB,
    0xA5, 0xE7, 0x1B, 0x9A, 0xD5, 0x2F, 0x90, 0x4A, 0xA8, 0x04, 0xE8, 0xFA, 0x46, 0xFB, 0xFF, 0x18,
    0x4E, 0x13, 0xE3, 0xDC, 0xAF, 0xD0, 0xD8, 0xED, 0xDC, 0xD0, 0x74, 0xF0, 0x39, 0x78, 0x40, 0x43,
    0x8A, 0xEF, 0x12, 0x86, 0xBC, 0xC9, 0xA4, 0x1C, 0xE3, 0x8E, 0x6C, 0x09, 0x56, 0x57, 0x31, 0xAF,
    0x02, 0x3F, 0x04, 0x77, 0x3C, 0x24, 0xEE, 0x01, 0x1E, 0x66, 0x7A, 0xB8, 0x6F, 0xDD, 0xD7, 0x88,
    0x9C, 0xF9, 0xC9, 0xCD, 0x02, 0x36, 0xC6, 0x8D, 0xFA, 0x30, 0xCA, 0x7F, 0x4B, 0xEC, 0xF6, 0xDC,
    0x70, 0xB2, 0x7D, 0x3A, 0xAC, 0xEF, 0x1D, 0x68, 0x87, 0x01, 0x69, 0x00, 0x1A, 0x8C, 0xFE, 0xD2,
    0x40, 0xF2, 0x75, 0x10, 0x36, 0x84, 0xCD, 0x07, 0xB4, 0x0C, 0x78, 0x50, 0x9D, 0xEE, 0x0F, 0xA5,
    0x4A, 0x41, 0xEE, 0x45, 0x76, 0xFC, 0x3D, 0x92, 0x55, 0xEC, 0xBE, 0x50, 0xD3, 0x29, 0xC3, 0x3C,
    0x16, 0x38, 0x0F, 0xE6, 0xF3, 0x56, 0xD3, 0x41, 0x1B, 0xEF, 0x1D, 0xEC, 0x27, 0x22, 0x84, 0x1A,
    0x86, 0xC8, 0xAE, 0x51, 0x1D, 0x86, 0xE7, 0x1F, 0x07, 0x55, 0x69, 0x4D, 0xCA, 0x60, 0xF1, 0x34,
    0x89, 0x34, 0x7E, 0xB1, 0x58, 0x24, 0xF2, 0x65, 0x6C, 0xC3, 0x9A, 0xDC, 0x66, 0xEE, 0x57, 0x94,
    0xA3, 0x8F, 0x6D, 0x2C, 0xFC, 0xA2, 0x1D, 0xAC, 0x18, 0x3F, 0x51, 0xFD, 0xB8, 0x33, 0xB9, 0xBD,
    0x8F, 0x91, 0x8A, 0xAD, 0x2C, 0x2C, 0xE3, 0x26, 0x84, 0x4D, 0xB3, 0x56, 0x24, 0x35, 0x1E, 0x38,
    0x47, 0x9B, 0xFC, 0x97, 0xE5, 0x30, 0xC7, 0x83, 0x05, 0x03, 0xF2, 0x50, 0x13, 0xDB, 0x48, 0xC8,
    0x2E, 0x11, 0x97, 0xC7, 0x99, 0xD3, 0x11, 0x2C, 0xB9, 0x7B, 0x62, 0x21, 0x2A, 0xFB, 0xA2, 0x4F,
    0x67, 0x81, 0xC2, 0xE0, 0x44, 0x44, 0x0C, 0xB9, 0x1A, 0x42, 0xF2, 0x28, 0x39, 0x19, 0x22, 0xA2,
    0x38, 0x05, 0x58, 0xCC, 0x42, 0xB0, 0x52, 0xB1, 0x8A, 0xB6, 0x20, 0xEF, 0x7C, 0x87, 0x23, 0x56,
    0xA6, 0x62, 0xF6, 0x87, 0x2B, 0x6B, 0xA6, 0xD2, 0x92, 0xCC, 0x85, 0x9C, 0x87, 0xEA, 0x8C, 0x0B,
    0x71, 0x54, 0xDD, 0x78, 0x62, 0x65, 0x97, 0x23, 0x3D, 0xE9, 0x9B, 0x34, 0xD0, 0x13, 0x91, 0x23,
    0xAD, 0xD6, 0x13, 0xD2, 0x62, 0x8A, 0x35, 0x69, 0xC6, 0x7E, 0xE9, 0x4C, 0x2A, 0x37, 0x5D, 0xE8,
    0x42, 0xE3, 0x38, 0xF2, 0x58, 0x0D, 0xAB, 0xD7, 0x9D, 0xCD, 0x2A, 0xA4, 0x23, 0x95, 0x8B, 0xA7,
    0x78, 0xAC, 0x06, 0x9E, 0x77, 0xBD, 0x60, 0xDF, 0x17, 0x72, 0x0B, 0xAC, 0x3A, 0x01, 0x6D, 0x16,
    0xA3, 0xB8, 0x63, 0x86, 0x8B, 0x56, 0x27, 0x7A, 0x52, 0xAE, 0xA5, 0xA3, 0x1C, 0x71, 0x78, 0xB6,
    0x7A, 0x34, 0x66, 0xB5, 0x90, 0xB2, 0x57, 0x03, 0xD7, 0xE4, 0x51, 0xA3, 0xF4, 0x4A, 0x52, 0xDF,
    0x0C, 0xCE, 0x47, 0x06, 0x76, 0x1D, 0x17, 0xE8, 0x31, 0xC6, 0x75, 0x29, 0xCB, 0x8D, 0x58, 0x3F,
    0x50, 0x3A, 0x91, 0x7D, 0xAA, 0xAF, 0x7B, 0x62, 0xB6, 0xC0, 0x21, 0x54, 0xE9, 0x4E, 0x90, 0x96,
    0x54, 0xD6, 0xB4, 0x4E, 0x55, 0xE1, 0x55, 0xA9, 0x6F, 0xCB, 0x1C, 0x0D, 0x5B, 0xC8, 0x77, 0x5F,
    0x42, 0x14, 0xED, 0x77, 0x74, 0x8F, 0x1E, 0x86, 0x1A, 0x66, 0xAD, 0x77, 0xDA, 0xD1, 0xE7, 0x6E,
    0x85, 0x8B, 0x85, 0x27, 0x30, 0x05, 0xE8, 0x92, 0xF5, 0x83, 0x40, 0x0A, 0xC2, 0x32, 0x03, 0x91,
    0xE6, 0x67, 0x0E, 0xEE, 0x14, 0x81, 0x7A, 0x93, 0x92, 0x4E, 0x9E, 0xE0, 0x65, 0xB2, 0x20, 0xC4,
    0xE9, 0x31, 0x32, 0x80, 0x39, 0xD9, 0x6C, 0xF7, 0x13, 0xBA, 0x83, 0x80, 0xE9, 0xAA, 0xAF, 0xFC,
    0xAA, 0x19, 0xEA, 0xC4, 0xB3, 0xC9, 0x9B, 0xE2, 0xAA, 0xAA, 0xA3, 0xE3, 0x90, 0x75, 0xDC, 0x9D,
    0xE2, 0x3E, 0xE9, 0x2E, 0x17, 0x29, 0xE5, 0x12, 0x3D, 0x60, 0x40, 0x29, 0x33, 0xB7, 0x1C, 0xB3,
    0xCD, 0x39, 0xC9, 0xD6, 0x20, 0x93, 0xE9, 0x74, 0x7B, 0xC3, 0x4C, 0x01, 0xB4, 0xEB, 0x0C, 0xB4,
    0x58, 0x11, 0xE0, 0xDE, 0x50, 0xB3, 0x7A, 0xD5, 0xD6, 0x60, 0x4B, 0x54, 0xA8, 0x59, 0x1A, 0x6E,
    0xD2, 0xC8, 0x39, 0x30, 0xE0, 0xA8, 0xC5, 0x68, 0xD0, 0x90, 0x83, 0x55, 0xBC, 0xA9, 0xE4, 0x94,
    0x41, 0x77, 0xC5, 0xEA, 0x08, 0xE3, 0x8E, 0xDE, 0x73, 0xB5, 0x17, 0x75, 0x97, 0x2E, 0x7E, 0x32,
    0xF1, 0xC8, 0x6C, 0x73, 0x75, 0x44, 0x2A, 0x90, 0xE7, 0x16, 0x8A, 0x68, 0xF7, 0xEB, 0x72, 0x13,
    0x33, 0x72, 0xB6, 0x75, 0xA1, 0x74, 0x2F, 0x27, 0x02, 0x8B, 0x54, 0xEF, 0x64, 0x3F, 0xCC, 0xB0,
    0x88, 0x77, 0x09, 0x38, 0x31, 0x5F, 0xD6, 0xA3, 0x62, 0xCE, 0x40, 0xA0, 0xE2, 0x3A, 0xB7, 0x07,
    0xF9, 0x54, 0xC1, 0x35, 0x63, 0xF5, 0xD7, 0x88, 0x9C, 0x4A, 0xAB, 0xE2, 0x10, 0x42, 0xA5, 0x3F,
    0x28, 0x5E, 0x08, 0x71, 0x46, 0x4B, 0x90, 0x94, 0xD1, 0x28, 0x21, 0x43, 0xB3, 0x83, 0x40, 0x73,
    0xBE, 0xE8, 0x15, 0xBF, 0xFF, 0x1C, 0x18, 0x72, 0xC1, 0x24, 0x1A, 0x5D, 0xE5, 0x2A, 0x82, 0x4F,
    0xE5, 0x7B, 0x83, 0x57, 0x27, 0xC3, 0xF0, 0x9B, 0xBD, 0x5C, 0x59, 0xD5, 0xAE, 0x08, 0xC8, 0x21,
    0x56, 0x5D, 0x0F, 0x2E, 0xC3, 0xA3, 0x32, 0x34, 0x3D, 0xA5, 0xC0, 0xA2, 0xDD, 0x5A, 0xCB, 0xD4,
    0x61, 0x97, 0x93, 0x45, 0x85, 0xE2, 0x95, 0xC4, 0x55, 0x59, 0x69, 0x0A, 0xA5, 0xAA, 0x5A, 0x80,
    0xD0, 0x5D, 0xFB, 0xC3, 0x44, 0x53, 0x6E, 0x71, 0x7D, 0x95, 0x9C, 0xA5, 0x7B, 0x8E, 0x9B, 0xD2,
    0x6B, 0x6E, 0x29, 0xBA, 0xBC, 0xCF, 0xDC, 0xB3, 0x8E, 0xC4, 0x72, 0x9F, 0x23, 0xA8, 0xC4, 0x42,
    0x2F, 0x70, 0x06, 0x11, 0x5A, 0xDE, 0xC1, 0xD6, 0xB6, 0x38, 0xE6, 0xAA, 0x60, 0x0C, 0x99, 0x0D,
    0x59, 0x4A, 0x55, 0xFD, 0x94, 0xC1, 0x1F, 0x29, 0xFF, 0xF3, 0x07, 0xDC, 0x05, 0xEA, 0xE8, 0x0D,
    0xA8, 0xF1, 0x14, 0x2E, 0x8C, 0x9D, 0xBB, 0xA6, 0x05, 0x88, 0xB4, 0x03, 0xA7, 0xA3, 0x2F, 0x4D,
    0xB4, 0xE4, 0xCF, 0x4E, 0x3E, 0x79, 0x72, 0x54, 0x2A, 0xA7, 0x24, 0x6A, 0x28, 0xCB, 0x1B, 0xDE,
    0xB8, 0x58, 0xDC, 0xE1, 0x6B, 0x20, 0x4A, 0x58, 0xFA, 0xC4, 0x76, 0x0A, 0x2B, 0x9D, 0x72, 0x2A,
    0x03, 0x02, 0x2E, 0x26, 0x9C, 0xD8, 0x27, 0x08, 0x3E, 0xC3, 0x4D, 0x1C, 0xF3, 0x79, 0xAD, 0x06,
    0xAA, 0x34, 0x69, 0xA8, 0x54, 0xBB, 0x4A, 0xA9, 0x6B, 0x6D, 0x8F, 0xC8, 0xA9, 0xB4, 0x6D, 0xC6,
    0x08, 0xBE, 0x56, 0x56, 0xAE, 0x54, 0x35, 0x16, 0xD1, 0x13, 0x77, 0x37, 0x91, 0x4A, 0xB5, 0x14,
    0xCE, 0x95, 0x27, 0x8D, 0xA5, 0x94, 0x84, 0x78, 0x12, 0x19, 0x3D, 0x78, 0x7A, 0x3D, 0x6C, 0x9E,
    0x1B, 0xD0, 0xCD, 0x74, 0xEA, 0x18, 0xBE, 0xBF, 0x8F, 0x47, 0x5F, 0x95, 0x00, 0x28, 0xD5, 0x3B,
    0xDB, 0x53, 0xC7, 0x25, 0x8B, 0xF9, 0xA1, 0x64, 0x51, 0x55, 0x23, 0xE6, 0x9A, 0xDC, 0x37, 0x33,
    0x55, 0x61, 0xB2, 0x2F, 0xA9, 0x48, 0x97, 0xC3, 0xDF, 0x96, 0x9E, 0xB3, 0x52, 0x10, 0xE3, 0x63,
    0x1F, 0x34, 0x3E, 0x79, 0xAC, 0xE8, 0x41, 0x4C, 0x57, 0x9D, 0x0A, 0x17, 0xDE, 0x87, 0x88, 0xCF,
    0x59, 0x29, 0xB3, 0x40, 0xA9, 0x3D, 0x43, 0x47, 0x89, 0x7D, 0x20, 0x06, 0xBB, 0x8D, 0x85, 0x72,
    0xBE, 0x5E, 0xF1, 0x6C, 0x0D, 0xC7, 0xAD, 0xED, 0xB2, 0xAF, 0x27, 0x16, 0x63, 0xC2, 0x74, 0x93,
    0xCC, 0x98, 0x97, 0x13, 0x4B, 0x40, 0xA9, 0x4A, 0x32, 0x48, 0x7E, 0x3D, 0x6F, 0x05, 0x8B, 0x3E,
    0x01, 0x77, 0x7E, 0x23, 0xBD, 0x7F, 0x30, 0x6E, 0xF0, 0x1F, 0x87, 0xBD, 0x63, 0xA9, 0x46, 0xA1,
    0x64, 0x54, 0xB9, 0x95, 0x76, 0x5E, 0x5D, 0xB2, 0x3D, 0x01, 0xBD, 0xA6, 0xBC, 0x90, 0x6B, 0xDA,
    0xD4, 0x3D, 0xBE, 0x8F, 0xCD, 0x3A, 0x9B, 0xB4, 0xAC, 0x9C, 0xEE, 0x56, 0x1F, 0xDC, 0xB4, 0x97,
    0x9C, 0x5C, 0xA9, 0xB0, 0x68, 0xE3, 0x72, 0xE4, 0x05, 0x29, 0x72, 0x99, 0xD7, 0xFC, 0xF5, 0xB6,
    0x11, 0x84, 0x0D, 0x8C, 0x5E, 0xE2, 0x6E, 0x2E, 0xB8, 0x0B, 0xDA, 0x08, 0xBF, 0x4C, 0xC5, 0x7E,
    0xF4, 0xFB, 0x42, 0x15, 0xBF, 0xCA, 0xC1, 0xF4, 0x25, 0x26, 0x95, 0xD8, 0x41, 0x27, 0x5E, 0x51,
    0xC4, 0xA2, 0x31, 0x26, 0x22, 0x83, 0x7A, 0x6E, 0x76, 0x7D, 0xEE, 0x0F, 0xF0, 0x85, 0x68, 0x6C,
    0x0B, 0x72, 0x03, 0xD5, 0x82, 0x30, 0x32, 0x51, 0x44, 0xEB, 0xAB, 0xC5, 0x6F, 0x79, 0xD9, 0xB0,
    0xDD, 0xC5, 0x58, 0xC8, 0x7F, 0x5B, 0xAB, 0x64, 0x84, 0x3A, 0x9C, 0x8C, 0x57, 0xE0, 0x1C, 0x02,
    0x2B, 0x78, 0x0B, 0xA5, 0xC4, 0xA1, 0x91, 0xBD, 0xE4, 0xAE, 0x33, 0xFA, 0x1A, 0x24, 0xAC, 0xDB,
    0x0D, 0x2E, 0x22, 0xE2, 0xD6, 0xAA, 0x6E, 0xDA, 0xAC, 0x2B, 0xF6, 0xF2, 0x41, 0xBC, 0x05, 0x6F,
    0x5A, 0x2F, 0x12, 0xAA, 0x33, 0xC9, 0x7E, 0xC1, 0xCC, 0xDC, 0xB3, 0xD3, 0x71, 0x2A, 0xF6, 0xD3,
    0x05, 0x20, 0xFD, 0xD8, 0x00, 0xA8, 0xE6, 0x59, 0x79, 0xFF, 0x3A, 0x28, 0x5E, 0xC7, 0x96, 0xDB,
    0xCE, 0x87, 0xAC, 0xEA, 0xA7, 0x06, 0xC0, 0x95, 0x4F, 0x34, 0x3B, 0x51, 0x8D, 0xE1, 0x61, 0x76,
    0xBB, 0x73, 0xCB, 0x0B, 0xC7, 0x4D, 0x05, 0x0C, 0x9A, 0x5D, 0x17, 0x2B, 0x8C, 0x60, 0xEE, 0x9F,
    0xF7, 0x7E, 0x51, 0x5A, 0x38, 0x1E, 0x58, 0x72, 0x34, 0xF2, 0x39, 0xBA, 0x6E, 0xD5, 0xEC, 0xD5,
    0x1D, 0x6E, 0x0B, 0x43, 0x83, 0x36, 0x7D, 0x17, 0x0A, 0xF2, 0x2C, 0x14, 0x24, 0x52, 0x31, 0xBE,
    0x54, 0x6D, 0xB6, 0x9A, 0x07, 0xFE, 0xE6, 0xD3, 0xAE, 0x2C, 0x86, 0xA2, 0xAD, 0x5E, 0x5D, 0x76,
    0x2E, 0x1E, 0xD3, 0x81, 0x3E, 0xBD, 0x3C, 0x9E, 0xDE, 0x68, 0x4C, 0x1A, 0x55, 0x98, 0x84, 0xCF,
    0xB1, 0x40, 0x74, 0x84, 0x6F, 0x55, 0x5A, 0xAD, 0x58, 0x69, 0xAC, 0x7E, 0x40, 0xCE, 0xD4, 0x2A,
    0xB0, 0x8C, 0xF5, 0x6F, 0xB6, 0x78, 0x95, 0x7E, 0x86, 0x40, 0xD9, 0xB9, 0xB7, 0x99, 0x5D, 0xA8,
    0x33, 0x86, 0x10, 0xAC, 0xCB, 0x06, 0x2A, 0xDC, 0x66, 0xAF, 0xAF, 0x85, 0x06, 0xF5, 0x0A, 0x4B,
    0x66, 0x05, 0xD8, 0x3C, 0x61, 0xA1, 0x42, 0x6E, 0x7C, 0xE7, 0x64, 0x3B, 0x5A, 0x25, 0x3B, 0x40,
    0x74, 0x12, 0x16, 0x75, 0x44, 0x56, 0x2F, 0xCB, 0x42, 0x5D, 0xAD, 0xFB, 0x4E, 0x41, 0x46, 0xA8,
    0xFD, 0x57, 0x6B, 0xCC, 0x30, 0x53, 0x56, 0xAB, 0x90, 0x6E, 0x77, 0x47, 0xC1, 0xE5, 0xE9, 0x60,
    0x4B, 0x4F, 0x74, 0x76, 0xBC, 0xAF, 0xE8, 0x1F, 0x36, 0x5B, 0x98, 0xCF, 0xBE, 0x1E, 0x5B, 0x79,
    0x0D, 0x2D, 0x3E, 0x1C, 0x80, 0xCF, 0x30, 0x74, 0x9A, 0xB0, 0x73, 0x73, 0xF5, 0x09, 0x93, 0xB9,
    0x44, 0xAC, 0x87, 0x50, 0x9A, 0xBB, 0x67, 0x88, 0xE7, 0xEE, 0xCC, 0xF4, 0xC4, 0x93, 0x1E, 0xF1,
    0xCA, 0xC8, 0x44, 0x44, 0xBA, 0x9F, 0xD6, 0xF2, 0xD9, 0x03, 0x43, 0x23, 0x98, 0xAC, 0xBA, 0x22,
    0x3F, 0xD4, 0xB6, 0x5B, 0xE4, 0x94, 0x1E, 0xD7, 0xFC, 0xD7, 0x1B, 0x53, 0x66, 0xAC, 0xD9, 0xE1,
    0x41, 0x23, 0xAD, 0x52, 0xCB, 0xD6, 0x3E, 0x13, 0xAC, 0xA2, 0xE0, 0x1F, 0x8F, 0x79, 0xF7, 0x03,
    0x92, 0x71, 0x49, 0x83, 0x37, 0x7B, 0xF9, 0x9E, 0x34, 0x9C, 0x7F, 0xFD, 0x2B, 0xD3, 0xDB, 0x4B,
    0xF3, 0x1F, 0x5E, 0x64, 0x98, 0xCE, 0xD3, 0xBE, 0xF9, 0x78, 0xBA, 0x53, 0x76, 0x62, 0x50, 0x2E,
    0xD9, 0x8A, 0x30, 0xF9, 0x00, 0x56, 0xF2, 0x73, 0x8D, 0xD2, 0x18, 0x12, 0x37, 0x8B, 0xED, 0x23,
    0xC5, 0xC2, 0xF1, 0x6F, 0xE7, 0xAD, 0xCE, 0x36, 0x5B, 0x8E, 0xC8, 0xA9, 0xF5, 0xE7, 0x77, 0x8D,
    0x99, 0x90, 0x20, 0x6F, 0x4F, 0x22, 0x82, 0x24, 0x19, 0x2C, 0x4A, 0x73, 0x8A, 0x50, 0xAB, 0x30,
    0x2C, 0x70, 0x17, 0xF7, 0x86, 0x27, 0xA6, 0x8F, 0xE7, 0x5C, 0x34, 0xFB, 0x87, 0x82, 0x86, 0xFB,
    0x32, 0x40, 0xBA, 0x76, 0xB9, 0x48, 0x64, 0xDB, 0xF4, 0xC8, 0xDA, 0xE7, 0x67, 0xA6, 0x27, 0xEB,
    0x90, 0x6A, 0xD7, 0x2C, 0x94, 0xFB, 0x5B, 0xA7, 0x17, 0x9C, 0x7F, 0x0D, 0xE4, 0x68, 0x7A, 0x07,
    0x5C, 0x92, 0x0B, 0xD3, 0xFB, 0xE8, 0xA5, 0x6E, 0x9C, 0x83, 0xA2, 0xF7, 0xE9, 0xC6, 0x48, 0x6A,
    0xA9, 0x87, 0xAB, 0x3B, 0xF7, 0x4E, 0xCF, 0xE8, 0xEF, 0xF4, 0x2D, 0x85, 0x08, 0xA9, 0x9A, 0x7F,
    0xA2, 0x5E, 0x93, 0x4B, 0xD1, 0xAB, 0xEC, 0x25, 0xEC, 0x92, 0xFA, 0xF2, 0x92, 0x72, 0x44, 0x2E,
    0xEE, 0x79, 0x47, 0x46, 0xA0, 0xCB, 0x19, 0x25, 0x88, 0xBC, 0x6B, 0x6A, 0xBD, 0x44, 0x26, 0xAA,
    0x3D, 0x95, 0x13, 0x1E, 0xD1, 0xB5, 0x3F, 0x7B, 0xB9, 0x38, 0x77, 0x79, 0x14, 0x0D, 0x33, 0x5F,
    0xB8, 0x8C, 0x29, 0x24, 0xE2, 0x36, 0x22, 0x06, 0xB1, 0x62, 0x30, 0xAA, 0xE5, 0x29, 0x3A, 0x82,
    0xE6, 0x7D, 0x57, 0x46, 0x31, 0x58, 0x35, 0x54, 0x90, 0x97, 0xCF, 0x70, 0xEF, 0x23, 0xD3, 0xCA,
    0x70, 0xE8, 0x0E, 0xDB, 0x28, 0x8F, 0x13, 0xD2, 0x5F, 0x20, 0xBD, 0x50, 0xA9, 0xDC, 0x83, 0x81,
    0x9F, 0xB8, 0x05, 0x1E, 0x98, 0x4A, 0x6E, 0xDA, 0x03, 0x3D, 0x23, 0x2A, 0x42, 0xF5, 0x21, 0x19,
    0xD6, 0x0F, 0xBA, 0xA1, 0xC8, 0x86, 0x65, 0x59, 0x43, 0xBE, 0x40, 0xC6, 0x9D, 0xFB, 0x6B, 0x2E,
    0x20, 0x6E, 0xF8, 0x3E, 0x6D, 0xA7, 0x08, 0x19, 0xCF, 0x3A, 0xA4, 0xCE, 0x75, 0xC1, 0x07, 0xFE,
    0x38, 0x37, 0xEA, 0xDD, 0x39, 0x22, 0xC7, 0xF7, 0xEF, 0x62, 0xCD, 0x7D, 0xB7, 0xD8, 0xDC, 0x45,
    0xA1, 0x17, 0x7A, 0x79, 0x21, 0x55, 0xB0, 0x72, 0xE6, 0xB2, 0x3B, 0x77, 0xB9, 0xE3, 0x65, 0xC8,
    0xFD, 0xB9, 0xCB, 0x0A, 0xBE, 0xF4, 0xDA, 0x02, 0xCC, 0x56, 0xEA, 0xAC, 0xE6, 0xE6, 0xEE, 0xA9,
    0x95, 0x8E, 0xC9, 0x67, 0x94, 0x4F, 0x67, 0x86, 0xF3, 0xE8, 0xC5, 0xCF, 0xE4, 0xCC, 0xDB, 0x9F,
    0xF7, 0x08, 0x29, 0x7B, 0xF9, 0x33, 0xAD, 0x59, 0x92, 0xA8, 0x30, 0x9E, 0xE0, 0x75, 0x9B, 0xF5,
    0x38, 0x66, 0x1F, 0xEE, 0x4F, 0x19, 0x0B, 0x59, 0x08, 0x1A, 0xF6, 0xF8, 0x08, 0x27, 0x2B, 0x73,
    0x6E, 0xFD, 0xCB, 0x4F, 0xEB, 0xEB, 0x3C, 0xF7, 0x08, 0x39, 0xCE, 0x96, 0x83, 0x91, 0x7D, 0x7D,
    0x24, 0x15, 0xDF, 0xAA, 0xE0, 0x21, 0xAD, 0x95, 0x84, 0xEF, 0x6F, 0x1D, 0x2E, 0xC7, 0xF3, 0xEF,
    0x87, 0xF0, 0xD9, 0xBB, 0x99, 0x7A, 0x4B, 0x33, 0x7F, 0x02, 0x60, 0x3E, 0x42, 0x17, 0xFA, 0x3B,
    0x2C, 0x11, 0xBE, 0x9E, 0x8A, 0xC0, 0x0B, 0x8E, 0xDE, 0xA9, 0xBD, 0x97, 0xD8, 0x1A, 0x03, 0x52,
    0xED, 0xE9, 0xCE, 0x54, 0x83, 0xF1, 0x53, 0xAA, 0x02, 0xDA, 0x53, 0x20, 0x8B, 0xF2, 0xF6, 0x65,
    0x70, 0xA6, 0x92, 0xCA, 0x37, 0x21, 0x98, 0x08, 0xCD, 0x69, 0x95, 0x2B, 0xBD, 0x04, 0x93, 0x77,
    0xB4, 0xE7, 0x89, 0x88, 0x11, 0x88, 0x9D, 0xD8, 0xD4, 0xE0, 0xFC, 0xE5, 0xF4, 0xDC, 0x65, 0x12,
    0x32, 0xF6, 0xF2, 0xED, 0xD9, 0xCB, 0x29, 0x03, 0x20, 0xED, 0x7C, 0xFC, 0x27, 0xA6, 0x25, 0x73,
    0xFF, 0x80, 0xA3, 0x2A, 0xDD, 0xF4, 0x3E, 0x42, 0x79, 0x78, 0x59, 0x74, 0x37, 0x30, 0x1F, 0x9A,
    0xF7, 0x05, 0xAB, 0xC0, 0x5E, 0xD6, 0x6E, 0xAE, 0x25, 0x62, 0xC4, 0x92, 0xD7, 0x6B, 0x3E, 0xF8,
    0x4A, 0xD3, 0x03, 0x24, 0xA1, 0x68, 0x75, 0x98, 0x24, 0x9D, 0x17, 0xEE, 0x0C, 0x99, 0xB2, 0x68,
    0xDC, 0x47, 0x46, 0x95, 0xE8, 0xED, 0x15, 0x79, 0x71, 0x03, 0x11, 0x96, 0xAC, 0x45, 0xE1, 0x7A,
    0xB2, 0x80, 0x9E, 0xB5, 0x86, 0xAD, 0xC1, 0x19, 0x54, 0xEF, 0xBB, 0xF9, 0x47, 0x81, 0x95, 0xFF,
    0x35, 0x6F, 0x55, 0x6F, 0xDD, 0x03, 0xAD, 0x5D, 0x3E, 0x96, 0xD6, 0xCE, 0x17, 0xB5, 0xD6, 0x72,
    0x0E, 0x52, 0x17, 0x9F, 0x2D, 0x51, 0xCA, 0x38, 0x08, 0xE7, 0xBF, 0x91, 0x7D, 0xD1, 0x4D, 0x57,
    0x8D, 0x2D, 0x69, 0xDA, 0x2F, 0xFD, 0x40, 0xB0, 0x7C, 0x85, 0x53, 0xE4, 0x2B, 0xC8, 0xDD, 0x2A,
    0x61, 0xCD, 0xFE, 0x82, 0x70, 0x01, 0x87, 0xF4, 0x48, 0xB8, 0x74, 0xC8, 0x2E, 0x13, 0xAE, 0x17,
    0xD7, 0xB7, 0x93, 0x95, 0xA3, 0x4E, 0x55, 0xD5, 0xF2, 0x46, 0xED, 0xE5, 0xDE, 0xB3, 0x97, 0xEB,
    0x4B, 0x51, 0xCD, 0xB8, 0x72, 0x63, 0xFE, 0xF3, 0x9F, 0x2C, 0xD1, 0x53, 0x7C, 0xCD, 0x2A, 0x32,
    0xE4, 0x8A, 0x5F, 0xF8, 0xA9, 0x1C, 0xDF, 0x90, 0x76, 0xEE, 0x75, 0x76, 0xDA, 0xC2, 0xD1, 0x25,
    0x97, 0xDF, 0x5B, 0x2D, 0x50, 0x35, 0x99, 0x7A, 0x40, 0x99, 0x72, 0x9E, 0xCA, 0x70, 0x96, 0x19,
    0x6D, 0x78, 0x78, 0xC2, 0x2F, 0x76, 0xB3, 0x10, 0x7C, 0xCC, 0xB9, 0x67, 0x9D, 0x62, 0xF1, 0xA6,
    0x93, 0xE4, 0xB8, 0xA7, 0xC7, 0x86, 0xF9, 0x80, 0xEA, 0x15, 0x07, 0xD0, 0xA1, 0xB8, 0x9D, 0xB3,
    0x37, 0x27, 0x7B, 0xD5, 0x9F, 0x64, 0x34, 0x26, 0xAA, 0x99, 0x9A, 0xAC, 0x18, 0x5E, 0xF5, 0xA1,
    0x32, 0xD9, 0xD0, 0xF5, 0x5A, 0xBE, 0x74, 0xEC, 0x03, 0x05, 0x1F, 0x0A, 0x75, 0xE6, 0xC6, 0xE4,
    0xBD, 0x39, 0xE6, 0xE8, 0x3E, 0x9A, 0xCE, 0xE5, 0xBA, 0x06, 0xA3, 0xD2, 0x3A, 0x7B, 0xCF, 0x5F,
    0xA0, 0x28, 0xD3, 0xE2, 0x49, 0x89, 0x60, 0x09, 0x0E, 0xE4, 0xF8, 0x69, 0x7D, 0xE5, 0x5B, 0xF1,
    0x00, 0x67, 0xBF, 0xDA, 0x17, 0xFD, 0x4D, 0x3A, 0x5E, 0xCD, 0x1E, 0x4B, 0x80, 0x25, 0xA2, 0x26,
    0x0F, 0x11, 0x56, 0xE8, 0x7B, 0xF0, 0x64, 0xB1, 0x72, 0x18, 0x0F, 0xD6, 0x69, 0x74, 0x0B, 0x9C,
    0xD8, 0xE2, 0x7D, 0x37, 0x21, 0x92, 0x71, 0xAE, 0x7A, 0x8F, 0xC2, 0x3D, 0xBA, 0xD7, 0x99, 0x55,
    0x7A, 0x59, 0xA9, 0xDF, 0x45, 0xBB, 0x90, 0xEA, 0x45, 0x7C, 0x55, 0x36, 0x06, 0xA9, 0xD8, 0xBF,
    0x68, 0x93, 0xF1, 0x90, 0x02, 0xB7, 0x57, 0xEF, 0x0B, 0xF9, 0x67, 0x8D, 0x5E, 0x9E, 0x61, 0xF9,
    0x2E, 0x5C, 0xE4, 0xB8, 0x3F, 0xB7, 0x2E, 0x13, 0xE2, 0x06, 0x3B, 0x46, 0xA4, 0xF6, 0xEB, 0x9D,
    0x4A, 0xD4, 0x6C, 0x65, 0x58, 0x9E, 0xCA, 0x0A, 0xC6, 0xBE, 0x12, 0x05, 0xA1, 0x6E, 0xDE, 0x5F,
    0x02, 0x7B, 0x0B, 0xD5, 0xD7, 0xFF, 0xFA, 0xFF, 0x27, 0x82, 0xD8, 0x1F, 0xEF, 0x11, 0x1B, 0xD7,
    0x67, 0x25, 0x52, 0xE6, 0x1C, 0x9A, 0x4B, 0x6C, 0x9E, 0x63, 0x3E, 0x6D, 0xA5, 0x41, 0x16, 0x3A,
    0xAE, 0x8C, 0x60, 0xEC, 0xFF, 0xA7, 0x00, 0xE5, 0xFA, 0x42, 0x4B, 0xF1, 0x12, 0x4B, 0xA2, 0xC6,
    0xDD, 0x6A, 0x5F, 0x31, 0xC1, 0xB4, 0x63, 0x41, 0x72, 0x33, 0x5C, 0x6D, 0xC4, 0x2F, 0x57, 0x1A,
    0x9F, 0x6B, 0x95, 0x0C, 0x67, 0x42, 0x3D, 0x99, 0x59, 0xF6, 0x90, 0xFD, 0x4A, 0x85, 0x1D, 0xEF,
    0xA8, 0xB2, 0x43, 0x32, 0xAC, 0xF5, 0x4F, 0xEC, 0xF5, 0x2D, 0x2B, 0xE8, 0x9A, 0x82, 0x73, 0x6E,
    0xED, 0xB0, 0x12, 0x48, 0x3F, 0x4A, 0xE5, 0x87, 0x8B, 0x76, 0x51, 0x3E, 0x5D, 0xFE, 0x92, 0x98,
    0x7C, 0xE5, 0xC9, 0xF5, 0xF3, 0xC2, 0x4E, 0x19, 0x7A, 0xAB, 0xC9, 0x3B, 0x1C, 0x83, 0x31, 0xBA,
    0xCC, 0xB7, 0xBA, 0x4F, 0x60, 0x36, 0xFE, 0x2E, 0x3E, 0x38, 0xF0, 0xD6, 0x9C, 0xC2, 0x25, 0x55,
    0x08, 0x5D, 0x48, 0xCC, 0x37, 0x46, 0xF1, 0xE9, 0x75, 0x86, 0x8E, 0xBA, 0x5F, 0xA1, 0xDB, 0x7A,
    0x27, 0xA5, 0xE5, 0x5A, 0xB4, 0x2B, 0x94, 0xAA, 0x45, 0xB0, 0x58, 0x75, 0x77, 0x08, 0xB3, 0x42,
    0x3F, 0xF4, 0xED, 0xCD, 0x6B, 0x91, 0x18, 0xA4, 0x33, 0x6E, 0xEB, 0xDD, 0x73, 0xBD, 0x98, 0xC0,
    0x2A, 0x12, 0xBE, 0x62, 0x55, 0xCC, 0x27, 0xDF, 0x9C, 0x54, 0xC8, 0xDD, 0xA5, 0x5B, 0x5D, 0x4D,
    0xE5, 0xFD, 0x96, 0x78, 0xA5, 0xCB, 0xA8, 0x6B, 0xF6, 0xBA, 0xC8, 0x43, 0xE8, 0xE9, 0xB1, 0x11,
    0x6A, 0xDF, 0x74, 0x15, 0x1D, 0x87, 0x3D, 0x94, 0x1B, 0x1A, 0xDE, 0xA6, 0x23, 0xD0, 0x6C, 0x1E,
    0x9F, 0xFC, 0x6A, 0x11, 0xD4, 0x74, 0x78, 0x30, 0x88, 0x16, 0xCC, 0xC0, 0x7D, 0x97, 0x46, 0x26,
    0x1E, 0x12, 0xD7, 0x55, 0x2A, 0x4C, 0xC7, 0x93, 0xC3, 0x6E, 0xBA, 0x06, 0x0F, 0xD3, 0xCF, 0xF8,
    0x11, 0x6D, 0x53, 0xCB, 0x01, 0x4E, 0xFF, 0xB6, 0xCA, 0x65, 0xFB, 0x6B, 0xAE, 0xFF, 0x29, 0x85,
    0xB6, 0x95, 0x68, 0x64, 0xBE, 0x98, 0x2F, 0x99, 0x02, 0x26, 0x66, 0x02, 0x70, 0xE2, 0x78, 0xF2,
    0x96, 0x6D, 0x2C, 0x57, 0x03, 0x6A, 0x1C, 0x43, 0x75, 0x28, 0x4E, 0x3C, 0x0B, 0x62, 0x5E, 0xD3,
    0xC2, 0xCC, 0x04, 0x31, 0xD2, 0x9B, 0xC3, 0x59, 0x9B, 0xBA, 0x93, 0x13, 0xA7, 0xF5, 0x18, 0x23,
    0x5F, 0x52, 0x25, 0x52, 0x36, 0x5A, 0xF9, 0x15, 0xFD, 0x71, 0x78, 0x33, 0xE2, 0x41, 0xA2, 0x33,
    0xAC, 0xE8, 0x4C, 0x1F, 0x8A, 0xCE, 0xF8, 0x71, 0xD1, 0xC9, 0xC9, 0x76, 0x18, 0x95, 0x86, 0xF0,
    0xB4, 0x5D, 0x69, 0x92, 0x9D, 0xC9, 0xE6, 0x72, 0x5F, 0xA1, 0xF3, 0x41, 0xEF, 0xE4, 0xCD, 0xF7,
    0x0C, 0x1D, 0x43, 0x20, 0x92, 0xD2, 0x5A, 0x7E, 0xF7, 0x17, 0x8A, 0xEA, 0x3F, 0xB3, 0x32, 0xD3,
    0xA9, 0x51, 0xD5, 0xE7, 0x0A, 0x4A, 0xF5, 0xA7, 0x81, 0x67, 0x95, 0x0A, 0x87, 0x82, 0x52, 0x93,
    0x40, 0xFB, 0x73, 0xDC, 0x98, 0x93, 0x6C, 0xD8, 0xD2, 0x2A, 0xC7, 0xCD, 0x74, 0xEB, 0x1B, 0x2D,
    0xEA, 0xEC, 0x21, 0xBE, 0x7C, 0x12, 0x89, 0xF7, 0x68, 0x2C, 0xDD, 0xC7, 0xB6, 0xAD, 0xBE, 0xF3,
    0x7F, 0x00, 0xED, 0x5B, 0x3D, 0xAC, 0xE5, 0xD6, 0x71, 0x3E, 0x24, 0xA5, 0x25, 0x20, 0x16, 0x14,
    0x02, 0xDB, 0x88, 0xB5, 0x81, 0x99, 0x22, 0x4D, 0x94, 0x18, 0x6C, 0x5D, 0x18, 0xE2, 0x95, 0x54,
    0xA8, 0x70, 0x21, 0x15, 0x79, 0x36, 0x90, 0x2D, 0x94, 0x32, 0x4D, 0xF0, 0x5C, 0xA4, 0x4C, 0x44,
    0x46, 0x06, 0xAC, 0xC2, 0x85, 0x5E, 0x52, 0x24, 0x45, 0x8A, 0xB8, 0x70, 0x91, 0x54, 0x6A, 0x5D,
    0x78, 0x97, 0xB4, 0x04, 0x24, 0x65, 0xB8, 0x16, 0x04, 0x15, 0x29, 0x7C, 0x15, 0xC9, 0x70, 0xA1,
    0x42, 0x14, 0x4C, 0xDB, 0x7C, 0x32, 0xC9, 0x93, 0xEF, 0xFB, 0xE6, 0xF0, 0xDE, 0xFB, 0xDE, 0xAE,
    0x15, 0x49, 0xF6, 0xC6, 0x8A, 0x93, 0x27, 0x2D, 0x2F, 0xEF, 0xE5, 0xDF, 0x39, 0x33, 0x73, 0xBE,
    0x99, 0xF9, 0x66, 0xE8, 0x1C, 0xFE, 0xA2, 0x1D, 0xB7, 0xAE, 0x98, 0xF4, 0x51, 0xAD, 0xFA, 0xA8,
    0xFD, 0xE1, 0x23, 0x3A, 0x73, 0x95, 0xE7, 0xEE, 0xE4, 0x16, 0x97, 0xFA, 0x57, 0xFC, 0x6E, 0x76,
    0xE5, 0x1C, 0xF9, 0xB7, 0x47, 0xD7, 0xEE, 0xF1, 0xF3, 0x3E, 0xF6, 0x1D, 0xCE, 0x68, 0x52, 0xBF,
    0x73, 0xC5, 0xE2, 0x72, 0xDC, 0x00, 0xFF, 0xB0, 0xC7, 0x8F, 0x6A, 0xB6, 0x8F, 0x49, 0x1F, 0xF5,
    0x88, 0x8F, 0xC5, 0xD5, 0x03, 0x1E, 0x37, 0xBB, 0x16, 0x1F, 0xA5, 0x7D, 0xE0, 0x38, 0x3F, 0x70,
    0x9C, 0xC7, 0xFC, 0xE0, 0xAA, 0xD1, 0x45, 0xBC, 0xED, 0xEC, 0x12, 0xDF, 0xF0, 0x1A, 0xDE, 0x16,
    0x4F, 0xE0, 0x8D, 0x22, 0xFF, 0x81, 0xEF, 0x31, 0xB8, 0xD2, 0xDB, 0x58, 0xCF, 0x6C, 0x02, 0xCE,
    0x7D, 0x96, 0x9B, 0x6C, 0xE6, 0x16, 0x27, 0x14, 0x2B, 0xAE, 0xC1, 0x39, 0xED, 0x3E, 0x5F, 0xAA,
    0xE9, 0x76, 0xEC, 0x9F, 0xF4, 0x3F, 0xEC, 0xEA, 0x7D, 0xEE, 0xC7, 0x1C, 0x0F, 0x5D, 0x22, 0xDF,
    0x64, 0xDE, 0x95, 0x9C, 0x44, 0xE2, 0xF9, 0x84, 0x6A, 0x70, 0xBE, 0xC3, 0x2E, 0x46, 0x56, 0x0D,
    0xB1, 0xDF, 0x25, 0x78, 0xDA, 0xE0, 0xCA, 0x09, 0x67, 0x3B, 0xFF, 0x03, 0x4C, 0x2E, 0xF1, 0x18,
    0x8A, 0xBB, 0xE1, 0x2F, 0xC2, 0xE3, 0xA2, 0xC5, 0x3E, 0x6B, 0x93, 0x5C, 0xAE, 0x41, 0xE1, 0xDC,
    0x35, 0x7C, 0xDD, 0xEB, 0xF3, 0x73, 0xE1, 0xAC, 0xE2, 0x35, 0xEF, 0xF7, 0x95, 0xFF, 0xD9, 0x5C,
    0xF9, 0x15, 0x77, 0xAA, 0x77, 0x98, 0x7A, 0xE4, 0x73, 0x48, 0xAF, 0x71, 0xE5, 0x8F, 0x67, 0xCE,
    0x38, 0xF6, 0x1E, 0x0F, 0x81, 0x34, 0xF0, 0x30, 0xC8, 0x21, 0xC1, 0x95, 0x19, 0x25, 0xDF, 0x39,
    0x4A, 0x3A, 0x9B, 0x24, 0x3C, 0x87, 0x83, 0x18, 0xA8, 0xCB, 0x4D, 0x88, 0x0E, 0x27, 0xF0, 0x16,
    0x05, 0xA5, 0x88, 0x5B, 0xE0, 0xE1, 0x18, 0xB8, 0xAB, 0x30, 0x16, 0x8C, 0x3E, 0x99, 0x9D, 0xEE,
    0xD8, 0x76, 0x3A, 0x9A, 0x8F, 0xFC, 0xCA, 0x49, 0xE2, 0x5A, 0xFF, 0xF7, 0xB8, 0x0B, 0x0E, 0x79,
    0x88, 0x9B, 0x42, 0xF5, 0xA3, 0x49, 0xF3, 0xB9, 0x30, 0x3D, 0x97, 0xE8, 0x87, 0x5C, 0xE3, 0xCF,
    0xD7, 0xE3, 0x36, 0xBA, 0xFD, 0x39, 0xDF, 0x95, 0x3F, 0x9B, 0x6B, 0xDF, 0x54, 0x7E, 0xA0, 0x52,
    0x74, 0xCB, 0x7A, 0xE5, 0xA3, 0xEA, 0x3D, 0xB7, 0x6D, 0xEF, 0xD2, 0x95, 0xA3, 0xCC, 0x16, 0x8D,
    0x15, 0xE6, 0x02, 0x2D, 0xCE, 0x31, 0x4D, 0x64, 0x8A, 0xF1, 0xF8, 0x62, 0xE4, 0x20, 0xCA, 0x31,
    0xD5, 0xB6, 0xC4, 0x7D, 0x8B, 0xD5, 0xFB, 0xBF, 0x80, 0xD4, 0xBC, 0x9F, 0x31, 0xA1, 0xBF, 0x3D,
    0x48, 0x19, 0x03, 0x6F, 0xCA, 0x66, 0xDB, 0xAF, 0x9F, 0x9E, 0x0F, 0xBF, 0x7B, 0x0A, 0x26, 0xA8,
    0xC2, 0x1F, 0x7F, 0x4E, 0x82, 0x1E, 0x64, 0x0C, 0x8B, 0xFB, 0xA5, 0x7F, 0x78, 0xD2, 0x05, 0x65,
    0x8D, 0xF9, 0x43, 0x1F, 0x7E, 0xD1, 0x2F, 0x18, 0x6C, 0xBB, 0x3F, 0xF7, 0x2E, 0x1D, 0x5D, 0xB5,
    0x50, 0x92, 0xB4, 0x91, 0x2E, 0xC6, 0x2D, 0x61, 0x06, 0x98, 0x3E, 0x2C, 0x6A, 0x95, 0x64, 0x8B,
    0x39, 0x19, 0x23, 0xA8, 0x58, 0x56, 0x4A, 0x55, 0x60, 0x22, 0xD9, 0x2A, 0xC3, 0xA3, 0xFD, 0x52,
    0xDA, 0xD4, 0x43, 0x4E, 0x51, 0x53, 0x02, 0xBC, 0xFD, 0x68, 0xCA, 0x80, 0x95, 0x67, 0x54, 0x62,
    0xC1, 0x89, 0xE2, 0x79, 0x34, 0x1F, 0xE8, 0x17, 0xA7, 0xA6, 0x34, 0x30, 0xA9, 0x6F, 0xD4, 0xCA,
    0xE1, 0x43, 0x63, 0x0A, 0x97, 0x13, 0xC5, 0x53, 0x68, 0xA5, 0xB0, 0x94, 0x1D, 0x1F, 0xCA, 0x75,
    0xD7, 0x63, 0x45, 0xE2, 0xA1, 0xB8, 0xB2, 0xC4, 0xD2, 0xE4, 0xAA, 0xC1, 0x90, 0x38, 0xAA, 0x12,
    0xC7, 0x7F, 0xD4, 0x2E, 0x18, 0xD5, 0xD9, 0xD9, 0x4A, 0x15, 0xE3, 0xC6, 0x9C, 0x1D, 0xA4, 0xEE,
    0xD7, 0x0B, 0x5A, 0xB2, 0x3F, 0x4A, 0x29, 0xEF, 0xF2, 0x6D, 0xBF, 0x85, 0xCE, 0x4D, 0x2E, 0xE9,
    0xE5, 0x2A, 0x65, 0x8C, 0x14, 0x51, 0x83, 0xA7, 0xDC, 0xC0, 0xAC, 0x22, 0xCE, 0xCC, 0xF7, 0x89,
    0x54, 0xEA, 0xB6, 0x65, 0xE9, 0x3E, 0xA3, 0x29, 0xD6, 0x43, 0xBC, 0x3E, 0x3D, 0x72, 0x56, 0x89,
    0x8F, 0x79, 0x7F, 0x9A, 0x65, 0x35, 0xE2, 0xE1, 0x93, 0x49, 0xE3, 0xD9, 0xBB, 0x7E, 0xB5, 0xD9,
    0xFD, 0x54, 0x56, 0x81, 0x09, 0xA5, 0xFE, 0xF9, 0x51, 0x1F, 0x90, 0xCA, 0xE0, 0xB9, 0x74, 0x69,
    0xE8, 0x3E, 0x8A, 0x7C, 0xB0, 0xF5, 0x5E, 0xD6, 0xCF, 0xD5, 0x0C, 0xF1, 0x8F, 0x8F, 0xF2, 0xB1,
    0xB8, 0x43, 0xB2, 0x14, 0x7D, 0x24, 0x55, 0x39, 0xFF, 0x14, 0x26, 0x3F, 0x11, 0x47, 0xCA, 0x7D,
    0x36, 0x50, 0x61, 0x2B, 0x6E, 0xB0, 0x6F, 0xF1, 0xC8, 0x9B, 0x1E, 0x82, 0x82, 0x46, 0x6D, 0xFA,
    0x35, 0xE6, 0x82, 0x09, 0x7D, 0xB0, 0x03, 0x42, 0x9C, 0x8F, 0x9B, 0x7D, 0x04, 0xF3, 0x79, 0x65,
    0x76, 0x35, 0xFE, 0xA3, 0x09, 0xB8, 0x1C, 0x17, 0xD3, 0xA2, 0xBA, 0x78, 0x69, 0x89, 0x2C, 0xB0,
    0x68, 0x2E, 0x48, 0xDA, 0x29, 0xEE, 0xDC, 0x84, 0x25, 0xA1, 0x1D, 0x2D, 0xA4, 0xCF, 0x10, 0x13,
    0x7C, 0x97, 0x5D, 0x42, 0x8A, 0x05, 0xD6, 0x78, 0x41, 0x5B, 0x2A, 0xA7, 0x7A, 0xC2, 0x0E, 0x70,
    0x70, 0xCA, 0x97, 0xBC, 0x6F, 0x71, 0xDB, 0x39, 0xF1, 0x29, 0xAD, 0x1E, 0x53, 0xF0, 0x1D, 0x87,
    0x8D, 0x59, 0x57, 0x43, 0xF9, 0xAA, 0x87, 0x8A, 0x77, 0xC5, 0xA4, 0x39, 0xE3, 0x36, 0x0B, 0x1E,
    0xBD, 0x13, 0x02, 0xE1, 0xEB, 0x93, 0x76, 0xB6, 0xF3, 0xCF, 0x4C, 0x89, 0x17, 0x42, 0xBD, 0xE8,
    0xF1, 0x1D, 0x58, 0xED, 0x9B, 0xB2, 0x2B, 0x07, 0xA0, 0x6C, 0xBB, 0xA6, 0x43, 0xB2, 0x16, 0xFE,
    0x99, 0x96, 0xCA, 0xAA, 0xBD, 0xFE, 0x08, 0x04, 0x5F, 0x59, 0x9F, 0x1F, 0x5A, 0xC3, 0x20, 0xF7,
    0xF5, 0x60, 0xF1, 0x42, 0x4F, 0xD9, 0x7B, 0x4F, 0x38, 0xA5, 0x08, 0x07, 0x1D, 0xD9, 0x4B, 0x31,
    0x66, 0x7C, 0x61, 0xC5, 0xCF, 0x32, 0x39, 0x0A, 0x60, 0x90, 0x95, 0x1B, 0xCE, 0x64, 0xEB, 0x06,
    0x0A, 0x95, 0x84, 0xC8, 0xAD, 0x99, 0x12, 0x4E, 0x91, 0x3C, 0xA4, 0xCD, 0x42, 0xEB, 0x11, 0x8A,
    0x71, 0x36, 0x84, 0xF6, 0x97, 0x3E, 0xE0, 0x89, 0xC7, 0xC3, 0x03, 0xE2, 0xCB, 0x39, 0x3C, 0x20,
    0x7F, 0x73, 0x08, 0x0F, 0xA8, 0xCA, 0x4E, 0x0E, 0xE1, 0x8D, 0xAF, 0xCE, 0x9E, 0xB7, 0xA5, 0x2A,
    0x7F, 0xC2, 0xE9, 0xC9, 0x82, 0xBF, 0x15, 0xA0, 0x96, 0x3E, 0x6A, 0x77, 0x58, 0xD7, 0x45, 0x40,
    0x05, 0xDF, 0xE5, 0xD4, 0x3B, 0xA5, 0xCC, 0xC5, 0x8D, 0xC7, 0x69, 0xEC, 0x38, 0x5C, 0x05, 0xF5,
    0x87, 0x25, 0xA0, 0x51, 0x9F, 0x0F, 0x1A, 0x73, 0x65, 0x56, 0x05, 0xA9, 0xDA, 0x78, 0x8B, 0xD1,
    0x46, 0x0B, 0x40, 0xA3, 0x30, 0x70, 0xAA, 0x44, 0xB1, 0xDD, 0xAC, 0x92, 0xA7, 0x72, 0x44, 0x37,
    0x49, 0x94, 0x90, 0x81, 0x85, 0x58, 0x6A, 0x19, 0x94, 0x8D, 0xDD, 0x6C, 0x49, 0xBC, 0x8C, 0x76,
    0xC8, 0x27, 0xDC, 0xEC, 0xEC, 0x1C, 0x4E, 0x28, 0xE3, 0xF0, 0x63, 0x2F, 0xF4, 0x99, 0xB2, 0x80,
    0x5D, 0x55, 0x58, 0x85, 0x3E, 0xD8, 0xA6, 0x8D, 0xF2, 0x0F, 0x2B, 0x81, 0x5F, 0x1C, 0x10, 0x2E,
    0xF3, 0xDD, 0xF1, 0xE8, 0xC3, 0x6D, 0x17, 0x4F, 0x18, 0x72, 0xB6, 0x3E, 0xE6, 0x9B, 0xDC, 0xD3,
    0xA5, 0xAD, 0x30, 0xA6, 0x78, 0xD2, 0x94, 0x6C, 0xB3, 0xBA, 0x5B, 0x53, 0xBA, 0x64, 0x7E, 0xCC,
    0x16, 0x2C, 0xE1, 0x9C, 0xCE, 0xCD, 0x36, 0x13, 0x2C, 0x1B, 0xD3, 0xAB, 0xF7, 0xF4, 0x81, 0xBD,
    0xBC, 0x9F, 0x36, 0xB0, 0x77, 0x6C, 0xB0, 0xBE, 0x9A, 0xB6, 0x83, 0x29, 0x42, 0x31, 0xD8, 0xBC,
    0xFB, 0x3A, 0x40, 0xDD, 0xBF, 0x06, 0xEF, 0x78, 0x49, 0xB7, 0xE4, 0xD2, 0x79, 0x1B, 0x03, 0xFD,
    0xD0, 0x17, 0xCE, 0x7B, 0xF3, 0x5A, 0x04, 0x4D, 0x08, 0x6D, 0x2F, 0x63, 0xDB, 0xE5, 0x5C, 0x4D,
    0x9E, 0x5E, 0x02, 0x90, 0x41, 0x18, 0x83, 0x99, 0xB5, 0xB3, 0xAE, 0x4D, 0xCD, 0xCD, 0xC5, 0xC1,
    0x7B, 0xE5, 0x00, 0x96, 0xB6, 0x91, 0x46, 0x12, 0x28, 0x4B, 0xDE, 0x8B, 0x11, 0x00, 0x74, 0x38,
    0x98, 0xA5, 0xB4, 0x7E, 0x3C, 0x5C, 0xF7, 0xAE, 0x3F, 0x5C, 0x37, 0xFA, 0x9E, 0xD7, 0xD1, 0xBC,
    0xE6, 0x72, 0x3E, 0x5C, 0x07, 0xB0, 0xD9, 0xAE, 0xEB, 0xDA, 0x9F, 0x6F, 0xD7, 0xED, 0x39, 0x20,
    0x61, 0x6E, 0x3E, 0xC6, 0x72, 0xE6, 0xBA, 0x0E, 0x03, 0xE9, 0x1F, 0xDB, 0xE9, 0x3A, 0x88, 0x77,
    0xC8, 0xF7, 0x76, 0x9D, 0xF3, 0x73, 0x32, 0x51, 0xCB, 0x15, 0x01, 0x20, 0x5A, 0x29, 0x4E, 0x08,
    0x0D, 0x18, 0x5D, 0xBF, 0x88, 0x6B, 0x5B, 0x0C, 0xD9, 0xF7, 0x25, 0x6F, 0x53, 0x42, 0x37, 0x05,
    0x1C, 0xA1, 0x3F, 0x18, 0xE1, 0xC3, 0x7F, 0x72, 0xE2, 0x68, 0x6E, 0x6F, 0x3B, 0x6D, 0x8F, 0xE0,
    0x03, 0x82, 0x19, 0xAA, 0x89, 0xB3, 0x2C, 0xA1, 0xFA, 0x45, 0x0A, 0x05, 0xC6, 0xDD, 0xC6, 0xC4,
    0x47, 0x57, 0xDA, 0x6A, 0xF4, 0x72, 0xF6, 0x94, 0x50, 0x0F, 0x69, 0xDF, 0x82, 0x35, 0xE1, 0x09,
    0x98, 0x34, 0xCF, 0xF6, 0xBB, 0xBA, 0x83, 0x83, 0x4A, 0xD6, 0x76, 0x28, 0x07, 0x61, 0xC3, 0xB3,
    0x0B, 0x86, 0xC5, 0x41, 0xBE, 0xEA, 0x5F, 0x5B, 0x18, 0xC7, 0x15, 0x43, 0x35, 0x7A, 0xFA, 0xBE,
    0x6C, 0xCA, 0xE0, 0x24, 0x63, 0x9E, 0xCD, 0xC7, 0xEA, 0xEC, 0x5D, 0x49, 0x3C, 0x86, 0xDD, 0x76,
    0x1C, 0x43, 0xCE, 0xB3, 0x31, 0x17, 0xBA, 0x6B, 0xD8, 0x61, 0x2E, 0x6D, 0xE3, 0xEC, 0x98, 0x0A,
    0xE9, 0x88, 0x72, 0x15, 0xCF, 0xCE, 0xBC, 0xEE, 0x97, 0xC3, 0x77, 0x7B, 0x18, 0x05, 0x0D, 0xDD,
    0xFE, 0x62, 0x7F, 0x70, 0xA7, 0xDB, 0xE4, 0xAB, 0xB0, 0xFE, 0x3E, 0x5F, 0x86, 0x9D, 0x62, 0x73,
    0x35, 0xE9, 0xC1, 0xE7, 0xD4, 0x07, 0x87, 0x1E, 0x5C, 0x7B, 0x16, 0x56, 0xB2, 0x62, 0x91, 0xE3,
    0xD7, 0xA3, 0xE3, 0x0F, 0x7F, 0x37, 0x89, 0xDD, 0xB7, 0x26, 0xC2, 0x5C, 0x5F, 0xFB, 0xA7, 0x80,
    0x07, 0x70, 0x4C, 0x50, 0xE6, 0xA8, 0x28, 0xAE, 0x9A, 0x71, 0x61, 0x05, 0x78, 0xA3, 0x93, 0x42,
    0xB8, 0x49, 0x4D, 0x62, 0xB1, 0x2D, 0x86, 0xAB, 0x6D, 0xC7, 0xA0, 0xB3, 0x63, 0x18, 0xD2, 0x08,
    0x56, 0xA1, 0x72, 0x62, 0x29, 0x31, 0x19, 0x13, 0x43, 0xB4, 0x07, 0x9B, 0xAF, 0xA0, 0x47, 0x20,
    0x3D, 0x63, 0x98, 0xE1, 0x1B, 0x5E, 0x53, 0x5F, 0xF0, 0x1B, 0xFD, 0xFE, 0xD3, 0x5B, 0xBC, 0x17,
    0x56, 0xE0, 0x74, 0xBA, 0x5C, 0xB5, 0x04, 0xB8, 0xE6, 0xAE, 0x84, 0xD1, 0xD1, 0x6A, 0x52, 0xA9,
    0xE4, 0x5C, 0x92, 0xB9, 0xE0, 0x49, 0xC5, 0x8F, 0xC7, 0x63, 0x9C, 0x98, 0xDA, 0x7A, 0x36, 0xA4,
    0xDD, 0xE2, 0xD8, 0xE7, 0x0E, 0xB0, 0xB4, 0x49, 0xA4, 0xF0, 0xF6, 0x93, 0xAE, 0x6C, 0xE5, 0x7C,
    0x0A, 0x3D, 0x8A, 0x0B, 0x8B, 0x63, 0xFA, 0x77, 0x85, 0x0B, 0x23, 0x25, 0x1C, 0x7B, 0x41, 0x56,
    0xDD, 0x11, 0xC8, 0xF2, 0x29, 0x93, 0xCD, 0x2B, 0xCA, 0x23, 0xDC, 0x28, 0x42, 0x36, 0x63, 0x97,
    0x83, 0xDE, 0x13, 0xA5, 0xB3, 0x59, 0xB8, 0xA6, 0x20, 0x4D, 0x63, 0xF1, 0x7D, 0x45, 0x7B, 0xF1,
    0xAF, 0x6B, 0x09, 0xAF, 0x2E, 0x9A, 0x23, 0xC6, 0x9A, 0x08, 0x8B, 0x5C, 0xFD, 0x4A, 0x6F, 0x31,
    0x81, 0x42, 0x21, 0x2D, 0x32, 0x9B, 0x2B, 0x57, 0x44, 0xC1, 0xE7, 0xB4, 0x18, 0x06, 0x44, 0xA9,
    0xA8, 0x10, 0x2B, 0x98, 0xE2, 0x2F, 0x18, 0x01, 0x96, 0x13, 0xF0, 0xA4, 0x1A, 0x89, 0x7B, 0x43,
    0x72, 0xDC, 0x50, 0x65, 0x30, 0xA8, 0x92, 0xA0, 0x9F, 0x4F, 0xF5, 0xF2, 0xBB, 0xA9, 0x82, 0xC0,
    0xF6, 0x07, 0x88, 0x43, 0xAA, 0x5D, 0xD5, 0xA4, 0x23, 0x20, 0x90, 0xC1, 0x5E, 0x29, 0x17, 0xD3,
    0x09, 0x8D, 0x4F, 0xC2, 0x38, 0x18, 0x28, 0x65, 0xC9, 0xD9, 0x56, 0x96, 0x60, 0x48, 0x76, 0x02,
    0xEA, 0x4F, 0xF6, 0x63, 0xEB, 0x09, 0x0A, 0x14, 0xD5, 0x90, 0x0D, 0x8C, 0x07, 0xCA, 0x1F, 0x0E,
    0x70, 0xAD, 0x3B, 0x86, 0x70, 0x91, 0x37, 0x9B, 0x3C, 0xE7, 0x2F, 0x8D, 0x7B, 0x65, 0x55, 0x60,
    0xB0, 0x79, 0x3F, 0xAC, 0x27, 0x06, 0x0C, 0x0C, 0x74, 0x37, 0x07, 0x4A, 0x1F, 0xA4, 0x93, 0x1E,
    0x72, 0xED, 0xBB, 0x88, 0xCE, 0x18, 0x95, 0x5C, 0xC8, 0x11, 0xD1, 0x53, 0xE5, 0x43, 0x0D, 0x13,
    0x49, 0x3F, 0x58, 0x0E, 0xC6, 0x13, 0x59, 0xE2, 0xE0, 0x0F, 0xC1, 0x2D, 0x33, 0x30, 0x67, 0x09,
    0x98, 0xE5, 0x5F, 0x4A, 0xBF, 0x7A, 0x65, 0x5F, 0x83, 0x92, 0xAF, 0x59, 0xB9, 0xD7, 0xAC, 0xD4,
    0x6B, 0xB1, 0xCC, 0xCB, 0x12, 0x2F, 0xCB, 0xBB, 0x2C, 0xED, 0x52, 0xD6, 0xB5, 0x58, 0xD2, 0xA5,
    0x9C, 0x6B, 0xB6, 0x94, 0xCB, 0x32, 0x2E, 0x59, 0x44, 0x6F, 0xF9, 0x96, 0xC5, 0x75, 0x96, 0x6D,
    0x85, 0x64, 0x2B, 0xE4, 0x5A, 0x72, 0xB3, 0xE9, 0x80, 0x50, 0x53, 0xE3, 0x2E, 0xDE, 0x0D, 0xE1,
    0xA1, 0xE5, 0x40, 0x87, 0x21, 0xF3, 0x5B, 0xE9, 0xE9, 0x0C, 0x9F, 0x85, 0x5E, 0x47, 0x29, 0xBF,
    0x52, 0xDA, 0xB5, 0xAF, 0x11, 0xB6, 0xBE, 0xC8, 0x28, 0x8D, 0x86, 0x36, 0xCA, 0xE1, 0xF8, 0x2E,
    0x05, 0x60, 0xE3, 0x3C, 0x59, 0x8A, 0x12, 0x2E, 0x84, 0x8D, 0x70, 0xB8, 0x9C, 0xF0, 0x4D, 0xAD,
    0xA0, 0x0A, 0x86, 0x40, 0x6D, 0x50, 0x56, 0x6E, 0x15, 0x7A, 0xE8, 0xB1, 0xDB, 0xF2, 0x39, 0x11,
    0x96, 0xAD, 0x37, 0xE5, 0x58, 0x2F, 0x03, 0x9C, 0xE1, 0x73, 0x94, 0x68, 0x09, 0x52, 0xDA, 0x86,
    0x4E, 0xBD, 0xEC, 0x43, 0xFE, 0x54, 0x2B, 0x41, 0xBA, 0x7E, 0xB8, 0xBA, 0x76, 0x98, 0x32, 0x30,
    0xAB, 0xB8, 0x7A, 0x18, 0x63, 0x27, 0x62, 0x2E, 0xCC, 0xD3, 0x42, 0x52, 0x55, 0xAF, 0xB7, 0x68,
    0x34, 0x5A, 0x65, 0xD0, 0xD7, 0x72, 0xCC, 0xA7, 0xE2, 0x39, 0x86, 0x42, 0xD6, 0x0C, 0xB2, 0x6E,
    0x89, 0x1F, 0x27, 0xCE, 0x32, 0xC0, 0x08, 0x73, 0xAA, 0xB1, 0x36, 0x00, 0xDA, 0x69, 0x69, 0xD4,
    0x84, 0xB4, 0xBA, 0x27, 0x14, 0x75, 0xCA, 0xA6, 0x04, 0x64, 0xCA, 0xA5, 0x94, 0x4A, 0x29, 0x93,
    0x52, 0x22, 0xA5, 0x3C, 0x4A, 0x69, 0x94, 0xB2, 0x28, 0x25, 0x51, 0x21, 0x87, 0xAA, 0x84, 0x0F,
    0x39, 0x5D, 0x2F, 0x03, 0xBE, 0xF1, 0xBE, 0xA9, 0x50, 0x3C, 0x64, 0x1D, 0x41, 0x42, 0x91, 0x08,
    0xBD, 0x3C, 0xD4, 0x37, 0x30, 0x67, 0xB4, 0x03, 0xF7, 0xFC, 0x25, 0x4A, 0x65, 0x27, 0x2C, 0x3D,
    0x60, 0x03, 0x2D, 0x90, 0x3E, 0x44, 0x19, 0x2A, 0x53, 0xD0, 0x45, 0xA6, 0xEF, 0xCD, 0xE7, 0x76,
    0xD7, 0x0F, 0x27, 0xD7, 0x0F, 0x2B, 0x77, 0x85, 0x8D, 0x5D, 0x3B, 0x1C, 0xD2, 0x56, 0x1C, 0x80,
    0xC4, 0xAB, 0xD9, 0xB2, 0x85, 0x1F, 0xD1, 0x64, 0x2D, 0x63, 0x4D, 0x2D, 0x83, 0x79, 0xF8, 0x2C,
    0x24, 0x80, 0x90, 0x76, 0xEC, 0x65, 0x73, 0x27, 0xB9, 0xE0, 0xB6, 0x80, 0xA6, 0x14, 0x8E, 0x7E,
    0xC5, 0xE2, 0x3C, 0x6E, 0xF4, 0xDB, 0xE1, 0xEF, 0x01, 0x49, 0x7F, 0x73, 0xFE, 0x6D, 0x17, 0x02,
    0xE9, 0xE3, 0xB6, 0xB7, 0xD4, 0x56, 0x9E, 0xF2, 0x64, 0xA8, 0xA5, 0xFB, 0xDE, 0x41, 0xFA, 0xF9,
    0x4C, 0xFC, 0x08, 0x6A, 0xB1, 0x03, 0xF7, 0xFC, 0x7D, 0xEA, 0x2C, 0x9D, 0x46, 0xE3, 0x0C, 0x08,
    0x45, 0xFB, 0x08, 0x58, 0x15, 0x26, 0x28, 0x5C, 0x7C, 0x64, 0xF7, 0x9B, 0xD6, 0x89, 0xE1, 0x2E,
    0x7C, 0xB1, 0xFC, 0x26, 0x9D, 0x59, 0xE0, 0x6A, 0x62, 0x03, 0xDE, 0x2B, 0xAE, 0xF8, 0xB7, 0x44,
    0x27, 0xAB, 0xBB, 0x83, 0x89, 0xF7, 0x38, 0x90, 0x2C, 0x7E, 0xA3, 0xF7, 0x72, 0x62, 0x50, 0x7C,
    0x0C, 0x5A, 0x0F, 0x5A, 0x71, 0xFE, 0x1B, 0x0A, 0x7B, 0x19, 0x0E, 0x4C, 0x08, 0x10, 0xAE, 0xAA,
    0xC5, 0xDD, 0x22, 0xBF, 0x23, 0xBD, 0xC0, 0x63, 0x28, 0x5E, 0x80, 0x2E, 0xA8, 0x84, 0x9D, 0x14,
    0xA3, 0x20, 0x8A, 0xB1, 0xEE, 0xE1, 0x08, 0x9E, 0x81, 0x4F, 0x65, 0x13, 0x3A, 0xC2, 0xDC, 0x88,
    0xAA, 0x49, 0x7D, 0xEB, 0xFF, 0x63, 0x27, 0xD6, 0x25, 0x5B, 0x9F, 0x21, 0xD0, 0x17, 0x8D, 0x3B,
    0x84, 0x14, 0xB1, 0x39, 0xDA, 0x72, 0xB2, 0xF5, 0xAD, 0x2F, 0xA9, 0xE1, 0xD7, 0xE7, 0x7F, 0x9B,
    0x74, 0x73, 0xFB, 0x10, 0x3D, 0x0B, 0xD0, 0xE8, 0xAC, 0x03, 0x89, 0x49, 0x1E, 0xC2, 0xDD, 0xD8,
    0xFD, 0x66, 0xD7, 0xCB, 0x4D, 0x26, 0x03, 0xBE, 0x2F, 0x46, 0x78, 0x6B, 0x84, 0x71, 0x4F, 0x40,
    0xCA, 0x5F, 0xC2, 0x3F, 0x51, 0x31, 0xE2, 0x4D, 0x3C, 0xA2, 0x0F, 0x3F, 0x15, 0x6B, 0x09, 0x6F,
    0x5E, 0x0D, 0xB0, 0x8C, 0xAE, 0xED, 0xF0, 0xFC, 0xD7, 0xC9, 0x3E, 0x8D, 0xEE, 0x86, 0x45, 0xC0,
    0xE6, 0x86, 0x12, 0x31, 0x10, 0x24, 0x29, 0x76, 0xF7, 0xE7, 0xE4, 0x4C, 0x69, 0xD9, 0xAC, 0x3C,
    0xC8, 0x1C, 0x51, 0xF8, 0x72, 0x3F, 0x75, 0x3E, 0xBC, 0xFB, 0x28, 0x71, 0x72, 0xFE, 0x31, 0xE2,
    0xE4, 0xE8, 0x57, 0x8D, 0x93, 0xE9, 0x9C, 0xC2, 0x6C, 0x73, 0xEF, 0xAF, 0x20, 0xC9, 0x13, 0x6E,
    0xDA, 0x16, 0x15, 0xED, 0x34, 0xF1, 0x84, 0x48, 0xFD, 0x78, 0xB2, 0xFC, 0x18, 0x43, 0xA7, 0xF4,
    0x60, 0x19, 0x43, 0xA7, 0x74, 0x15, 0x75, 0x20, 0x5E, 0x5A, 0xE9, 0x09, 0x99, 0x9F, 0x76, 0x8F,
    0x60, 0x59, 0x51, 0xB4, 0x92, 0x98, 0xC0, 0x0B, 0x75, 0xCC, 0x01, 0x19, 0x46, 0x67, 0x33, 0x6D,
    0xD1, 0xBF, 0xE4, 0xEF, 0x36, 0x85, 0x66, 0xA3, 0x38, 0xDA, 0x54, 0xD0, 0xC8, 0x6D, 0x4E, 0xC6,
    0xFA, 0xDE, 0xA3, 0x82, 0xAC, 0xB7, 0x95, 0x66, 0x9A, 0x18, 0x4E, 0xBE, 0x64, 0xFD, 0xBD, 0xAA,
    0xB2, 0x0C, 0xD7, 0xC0, 0x52, 0x2C, 0xA7, 0xB1, 0x83, 0x21, 0xB4, 0xC1, 0xF8, 0x27, 0x8B, 0xCE,
    0x2D, 0x56, 0x9B, 0xC5, 0x19, 0x48, 0x05, 0x9C, 0x18, 0xEF, 0x2F, 0xC2, 0x64, 0x56, 0xA6, 0xE7,
    0x9B, 0x56, 0x14, 0x2A, 0x65, 0x97, 0x98, 0x0A, 0x5A, 0x4E, 0x99, 0x91, 0x41, 0x49, 0x5B, 0x97,
    0x0A, 0xB0, 0xC4, 0xC9, 0x02, 0x4E, 0xCE, 0x66, 0x8D, 0x05, 0x96, 0x48, 0xEA, 0x8B, 0xA9, 0x60,
    0xFF, 0x61, 0xC2, 0x37, 0xEB, 0x69, 0xBB, 0x6D, 0xC8, 0xB6, 0xC0, 0xAE, 0x9A, 0xD4, 0x83, 0x14,
    0x3E, 0xD7, 0xD0, 0x46, 0xF3, 0xF8, 0x10, 0xAD, 0xDE, 0x2F, 0x52, 0xF9, 0x90, 0x3F, 0xAE, 0x49,
    0xBB, 0xA0, 0x35, 0xA2, 0xDA, 0xC4, 0x9B, 0x06, 0xA6, 0x60, 0x54, 0x88, 0xCC, 0xB3, 0x5C, 0x32,
    0xE8, 0x81, 0x75, 0x90, 0x40, 0xFB, 0xA6, 0x77, 0xDF, 0xB1, 0x12, 0x4F, 0xBB, 0x57, 0x46, 0x9D,
    0xAE, 0x90, 0x9D, 0x25, 0xA1, 0x9D, 0x41, 0x12, 0x09, 0x21, 0x13, 0x59, 0xBE, 0x44, 0xFE, 0x8D,
    0xD6, 0x46, 0xEC, 0x0D, 0x5F, 0xF8, 0xBC, 0xDD, 0x6D, 0x8B, 0x55, 0xAB, 0xE1, 0x46, 0x23, 0x56,
    0x69, 0x5B, 0x76, 0x0D, 0xD1, 0xB0, 0xDC, 0x09, 0xF4, 0x56, 0xD6, 0x0C, 0x28, 0x5A, 0xF2, 0xB6,
    0x96, 0x04, 0x2D, 0x67, 0xCF, 0x93, 0x6E, 0xDC, 0x95, 0x9E, 0x6C, 0x68, 0x25, 0x06, 0xDA, 0x22,
    0xB7, 0x2B, 0x60, 0x90, 0x5D, 0xD7, 0x17, 0x22, 0xFF, 0xCB, 0x7F, 0x39, 0xDF, 0xCB, 0x28, 0x80,
    0x5B, 0xFE, 0xDC, 0xBF, 0x89, 0x48, 0xB3, 0x41, 0xA2, 0x32, 0x54, 0x48, 0xEB, 0x13, 0xE6, 0x0F,
    0xF8, 0xFA, 0x7D, 0xDF, 0x14, 0x43, 0x3B, 0x94, 0xD0, 0x48, 0x2B, 0x8A, 0xD4, 0xBF, 0xA3, 0x94,
    0x92, 0xD5, 0x1A, 0x02, 0xF2, 0x43, 0x52, 0x4B, 0x82, 0x4C, 0xBE, 0xDD, 0x47, 0x53, 0x39, 0x00,
    0x1F, 0xDA, 0xC6, 0xBF, 0xC7, 0xAA, 0x50, 0xEA, 0x17, 0xC6, 0xC3, 0xD9, 0x65, 0x8C, 0x6B, 0x98,
    0x75, 0xD3, 0xA2, 0x6F, 0x7A, 0x7C, 0x61, 0xCE, 0x33, 0xD1, 0x3D, 0x22, 0x62, 0x41, 0x2A, 0x93,
    0xD2, 0xCF, 0x39, 0x92, 0xCB, 0x0D, 0x13, 0x42, 0xCC, 0xFB, 0x91, 0x8B, 0x42, 0x08, 0x2E, 0x8E,
    0xDE, 0xA2, 0x1C, 0xC3, 0x6D, 0xD2, 0xA9, 0x00, 0xC4, 0xC3, 0x16, 0xD6, 0x60, 0xDB, 0x9A, 0xE2,
    0x9D, 0x2A, 0x32, 0xD0, 0x53, 0x29, 0xF2, 0x10, 0x19, 0x56, 0xCE, 0x7A, 0x1A, 0xA9, 0x88, 0x08,
    0xE3, 0x99, 0x99, 0x32, 0xC9, 0x58, 0xCC, 0x2F, 0x94, 0x97, 0x2A, 0x71, 0x89, 0xF3, 0xA9, 0x98,
    0x4F, 0xBF, 0xAA, 0xBA, 0x00, 0x54, 0x40, 0x7A, 0x9D, 0x52, 0x17, 0xA9, 0xAE, 0x32, 0xCA, 0x40,
    0x6B, 0x90, 0x04, 0x63, 0x21, 0x9F, 0x28, 0x18, 0x51, 0x74, 0xAE, 0xBE, 0x14, 0x2A, 0x2E, 0xB2,
    0x0C, 0x64, 0x77, 0x6B, 0x4A, 0x0A, 0xAA, 0x47, 0xDE, 0x44, 0x90, 0xF3, 0xD2, 0xC6, 0x80, 0xE1,
    0x60, 0xBD, 0x57, 0x62, 0x22, 0xA9, 0x26, 0x2C, 0x85, 0x4B, 0xAD, 0xFB, 0x81, 0x09, 0x4B, 0x32,
    0x91, 0xC9, 0x89, 0x15, 0x38, 0x44, 0xE6, 0xBA, 0x0C, 0x5F, 0xEB, 0x13, 0xE7, 0xF3, 0x31, 0xA4,
    0x97, 0xED, 0x3F, 0xA6, 0xF4, 0x68, 0x61, 0xA4, 0x71, 0x47, 0x6E, 0x3F, 0x92, 0xF4, 0x92, 0x29,
    0x9E, 0x42, 0xB1, 0x28, 0x27, 0xFD, 0x67, 0xF5, 0x21, 0xE5, 0x5B, 0x07, 0xEA, 0xCA, 0x2A, 0x79,
    0x5C, 0x55, 0x4C, 0x94, 0x19, 0x82, 0xA8, 0xB8, 0x90, 0x30, 0x3F, 0x37, 0xE6, 0x96, 0x65, 0x9E,
    0x49, 0x02, 0x37, 0x6A, 0x78, 0xA2, 0xD1, 0xBE, 0xB3, 0x51, 0x3E, 0x06, 0x26, 0xAB, 0xB4, 0xC4,
    0x87, 0xBD, 0x07, 0x04, 0xAA, 0x11, 0x17, 0xB9, 0x2D, 0x2E, 0x2A, 0x69, 0x90, 0x78, 0x9C, 0xB8,
    0xA8, 0x62, 0x81, 0x03, 0x56, 0x96, 0x82, 0x51, 0xCB, 0xDE, 0x6C, 0x8C, 0x88, 0xCA, 0xD6, 0x63,
    0x31, 0x2B, 0x0D, 0x10, 0x1A, 0x02, 0xA0, 0xDD, 0x3D, 0x25, 0xAB, 0xF7, 0x81, 0x73, 0x18, 0x72,
    0xE1, 0x59, 0xE5, 0x30, 0xE2, 0xA1, 0x67, 0x91, 0x2B, 0x5F, 0x62, 0xAB, 0x0B, 0x72, 0x54, 0x85,
    0x5C, 0x66, 0xEC, 0x5F, 0xD6, 0xA4, 0x7F, 0x61, 0x5C, 0x70, 0x00, 0xE2, 0xD1, 0x05, 0xE2, 0x9F,
    0xCB, 0x5A, 0xFC, 0x8D, 0x88, 0x01, 0x3A, 0xDB, 0x86, 0x11, 0x54, 0x21, 0x69, 0x75, 0x1C, 0x47,
    0x39, 0xA5, 0xAA, 0x7A, 0xEE, 0x38, 0x1C, 0x72, 0x65, 0x7B, 0x0C, 0x60, 0xCC, 0xFC, 0x9C, 0x6B,
    0x3D, 0x0B, 0x80, 0x3E, 0xCB, 0x21, 0x9E, 0x70, 0x43, 0xFF, 0xB4, 0x71, 0x43, 0x72, 0xC4, 0x1B,
    0x37, 0x14, 0x9D, 0x0B, 0xDE, 0x07, 0x32, 0xD6, 0x7B, 0x17, 0xF8, 0x1B, 0x73, 0x06, 0x9D, 0x61,
    0x08, 0x8B, 0x1E, 0x75, 0x13, 0x43, 0xFA, 0x88, 0x56, 0x10, 0x8E, 0x27, 0xB4, 0xF9, 0x74, 0xF5,
    0x79, 0x93, 0xFA, 0xF9, 0x21, 0xCC, 0x95, 0x14, 0x06, 0x95, 0xA8, 0x0D, 0xA7, 0xEF, 0xCA, 0x9F,
    0xD3, 0xF4, 0xDF, 0xA7, 0x6F, 0x1E, 0x54, 0x4D, 0x82, 0x39, 0x92, 0xCC, 0xFE, 0x3A, 0x69, 0x56,
    0xFC, 0x12, 0xAF, 0x17, 0x1F, 0x8D, 0x3A, 0x71, 0xBF, 0x2A, 0x75, 0x32, 0x9D, 0x50, 0x27, 0xAB,
    0x51, 0x27, 0x4D, 0x3D, 0x29, 0x98, 0x38, 0x52, 0x27, 0x46, 0x79, 0xDE, 0xB6, 0x50, 0xEE, 0x58,
    0x5E, 0x4D, 0xA6, 0x0B, 0xA9, 0x47, 0x7A, 0x27, 0x95, 0x2D, 0xFE, 0x87, 0x11, 0x97, 0x43, 0x50,
    0xB1, 0x23, 0x79, 0xC2, 0xC8, 0xAD, 0xA7, 0x7D, 0xD2, 0xFF, 0xFC, 0x27, 0xB9, 0x13, 0xFA, 0x9C,
    0xD7, 0x19, 0x7A, 0xD2, 0xD4, 0x5E, 0x63, 0x01, 0xAC, 0x1A, 0x85, 0x0A, 0xB0, 0xBB, 0x05, 0x46,
    0xA1, 0x82, 0xC7, 0xB9, 0x4C, 0x73, 0x17, 0xBC, 0xF7, 0x1C, 0xD8, 0xD4, 0x78, 0x09, 0xC5, 0x4A,
    0x17, 0x58, 0x14, 0xDF, 0x6D, 0xA1, 0x41, 0xED, 0xFD, 0x35, 0xBA, 0xF5, 0x7F, 0xA1, 0xF4, 0xE4,
    0xC5, 0x38, 0x9F, 0xC8, 0x1F, 0xAA, 0x43, 0xC6, 0xB3, 0x36, 0x26, 0xD5, 0x6A, 0x64, 0x65, 0xF2,
    0x49, 0x23, 0x7E, 0x77, 0x14, 0x2B, 0xC9, 0xDD, 0x49, 0x8D, 0x00, 0x74, 0xE8, 0x4F, 0x53, 0xAE,
    0xE4, 0x8D, 0x07, 0xD6, 0xE0, 0x28, 0xD1, 0x59, 0x1F, 0x89, 0xFF, 0x8A, 0xC8, 0x85, 0x1E, 0xE0,
    0x38, 0x05, 0xC9, 0xC6, 0x2A, 0x80, 0xD0, 0x84, 0xEF, 0xB8, 0x20, 0x5A, 0x11, 0x52, 0x69, 0x18,
    0x22, 0x07, 0x19, 0xCF, 0xB9, 0xCA, 0x21, 0x9A, 0x41, 0xEB, 0x4F, 0x80, 0x6F, 0xB8, 0x9F, 0x97,
    0x57, 0x65, 0xC8, 0x7C, 0xBD, 0xB6, 0x6B, 0x28, 0x89, 0x17, 0x2A, 0x40, 0xB1, 0xAE, 0x0B, 0xB1,
    0x37, 0xEA, 0x12, 0x08, 0xCB, 0xAB, 0xB2, 0xF2, 0x7D, 0x17, 0x2A, 0x6F, 0x5B, 0xED, 0x4D, 0xC0,
    0x6F, 0x61, 0x91, 0x13, 0xEC, 0xB8, 0xDF, 0x2F, 0x05, 0x28, 0x46, 0x99, 0x59, 0x95, 0xDC, 0xB8,
    0xC6, 0x48, 0xFB, 0x2C, 0x27, 0x73, 0xB9, 0x77, 0x05, 0x71, 0xB6, 0x61, 0xBB, 0x80, 0x27, 0x80,
    0x03, 0x70, 0x6B, 0xB5, 0x67, 0x94, 0x0B, 0x85, 0x98, 0xD9, 0xCD, 0xCE, 0x43, 0x5C, 0xDF, 0x54,
    0x8D, 0x8B, 0x16, 0x4E, 0x51, 0x40, 0x6B, 0x33, 0xB4, 0x82, 0x75, 0x79, 0x20, 0x9B, 0xCA, 0x77,
    0x62, 0x7A, 0xF2, 0x4B, 0x06, 0x75, 0xA2, 0x76, 0x1F, 0xE1, 0xEC, 0x58, 0xC4, 0x84, 0x65, 0xB3,
    0x63, 0x60, 0x2A, 0xC6, 0xAD, 0x5A, 0x6F, 0xA8, 0x67, 0x15, 0x6F, 0xEE, 0xE6, 0x96, 0x32, 0xD5,
    0xC4, 0x25, 0xC1, 0x52, 0x88, 0x3C, 0x54, 0xC4, 0x63, 0x3D, 0xCE, 0x09, 0x70, 0xAD, 0x9A, 0xAA,
    0xE2, 0x34, 0x69, 0xCB, 0x6A, 0x2E, 0x96, 0xAB, 0xBE, 0x0C, 0xDA, 0xA0, 0x33, 0xC2, 0x70, 0x35,
    0x50, 0xE1, 0x97, 0x14, 0x71, 0x20, 0x93, 0x1F, 0x93, 0x93, 0x1C, 0xE8, 0xC6, 0xBA, 0xF0, 0x14,
    0x91, 0x73, 0x75, 0x1F, 0x46, 0x25, 0x79, 0x4B, 0xDC, 0x52, 0xF2, 0xBA, 0xCD, 0x91, 0x77, 0x48,
    0x0E, 0x78, 0x87, 0x4C, 0xC1, 0xE2, 0x66, 0xC5, 0x98, 0x2C, 0x49, 0x45, 0x38, 0x33, 0xFB, 0x47,
    0xDA, 0x3C, 0xEE, 0x12, 0x11, 0xCA, 0xA2, 0xF5, 0xFF, 0x5B, 0x10, 0x6C, 0x7D, 0x9B, 0x08, 0xB6,
    0xF8, 0x36, 0x58, 0x8C, 0x75, 0x1B, 0x84, 0x1A, 0x6D, 0x12, 0xC2, 0xE5, 0x8F, 0xDA, 0x6D, 0x30,
    0xDE, 0xAF, 0xDB, 0xA0, 0xF9, 0x14, 0x75, 0x1B, 0xB8, 0x5B, 0xF3, 0x46, 0xA3, 0x1E, 0xFC, 0xE3,
    0x96, 0x08, 0x6C, 0x6C, 0xF0, 0x71, 0xF1, 0x54, 0x87, 0x9D, 0x41, 0xBD, 0x5A, 0xCC, 0x52, 0x6C,
    0xEA, 0x5B, 0xAF, 0x41, 0xFB, 0x96, 0xDF, 0xE3, 0x79, 0x13, 0xC3, 0x96, 0x7E, 0xC9, 0xE8, 0x3C,
    0x9D, 0xFF, 0xBE, 0x65, 0xFA, 0xA1, 0xD5, 0xA0, 0xE0, 0x4E, 0x9B, 0x91, 0x77, 0xC1, 0x59, 0x8F,
    0x16, 0x83, 0xB5, 0x38, 0xD1, 0xB4, 0x0F, 0x9D, 0x06, 0x62, 0x0C, 0x30, 0xD7, 0xBD, 0x76, 0x72,
    0x04, 0xCB, 0xA2, 0x6F, 0x2A, 0x4C, 0xF4, 0xD0, 0x68, 0xC0, 0xF2, 0xCC, 0x17, 0x28, 0xED, 0xD4,
    0xFA, 0x0C, 0x70, 0x8B, 0xF6, 0xEF, 0xFC, 0x3F, 0xCC, 0xE5, 0x74, 0xDA, 0x67, 0x60, 0xE0, 0x18,
    0x22, 0xA4, 0xF8, 0x14, 0x99, 0xC6, 0x23, 0xE9, 0xF9, 0x5D, 0xF7, 0x11, 0x82, 0xC7, 0xEC, 0x34,
    0x78, 0xDC, 0x67, 0x76, 0x93, 0x07, 0x1D, 0x3C, 0x06, 0x48, 0x17, 0x83, 0x29, 0x86, 0xC0, 0xF6,
    0x88, 0x94, 0x59, 0xF3, 0xE9, 0x08, 0x1E, 0x5B, 0x05, 0x61, 0xCD, 0xC9, 0x4E, 0x6A, 0x3D, 0x63,
    0x26, 0x69, 0x05, 0x59, 0x82, 0x82, 0xC3, 0x4E, 0xBF, 0xF5, 0xAD, 0x74, 0xD6, 0x82, 0x02, 0x83,
    0xC6, 0x3D, 0xB5, 0xFE, 0x9B, 0x8C, 0xB5, 0x68, 0x2A, 0x93, 0x06, 0xA2, 0x1D, 0xB2, 0x1B, 0x3F,
    0x3D, 0xFB, 0x9A, 0x0F, 0x34, 0x07, 0xEE, 0x89, 0x99, 0xD4, 0xCA, 0xF0, 0xE4, 0x28, 0xB7, 0x7E,
    0xB9, 0x3E, 0x9C, 0x60, 0x4B, 0x46, 0x9D, 0x03, 0xEA, 0xEC, 0xD3, 0x7A, 0x11, 0xCF, 0xA4, 0x6A,
    0xBB, 0xBF, 0xE5, 0x45, 0x7A, 0x89, 0x7C, 0xE0, 0x4E, 0x74, 0x68, 0x3F, 0xDA, 0x2A, 0xE5, 0x0C,
    0x24, 0xFF, 0x74, 0x2D, 0x55, 0x4D, 0x57, 0x4A, 0x5A, 0xC8, 0x12, 0x1C, 0xF1, 0x42, 0xDD, 0x46,
    0x22, 0xE3, 0xAC, 0x9A, 0x30, 0x71, 0x0D, 0x5A, 0x87, 0x1E, 0x1F, 0x5E, 0x4B, 0xCD, 0xEA, 0x18,
    0x61, 0x96, 0x4E, 0x60, 0xE6, 0x5A, 0x11, 0x03, 0xA9, 0xB6, 0x1B, 0x0B, 0x8C, 0x7B, 0x11, 0x84,
    0xEA, 0xD6, 0x50, 0x60, 0x5C, 0xFE, 0x62, 0xB5, 0xC0, 0x58, 0x05, 0xA6, 0xE0, 0x14, 0xF7, 0x47,
    0x86, 0x3E, 0xF4, 0x8E, 0x19, 0xFA, 0x84, 0x48, 0xD6, 0xBE, 0x14, 0x21, 0xE5, 0xB6, 0x9A, 0xDD,
    0x36, 0x13, 0x33, 0x9D, 0x78, 0x09, 0x4B, 0x7B, 0xE7, 0x0E, 0x9E, 0x75, 0x33, 0xFC, 0xED, 0xE0,
    0x15, 0xC2, 0x7F, 0x8B, 0xEC, 0xD5, 0x2D, 0x11, 0x3E, 0x42, 0x4F, 0x00, 0x3B, 0x0A, 0xDB, 0x6E,
    0x6B, 0x8E, 0x50, 0xEF, 0xC0, 0xCE, 0x5A, 0x01, 0x54, 0x5E, 0x8B, 0x8E, 0xBD, 0x10, 0xD5, 0xEB,
    0xFE, 0x29, 0x3A, 0x05, 0x75, 0x00, 0xE0, 0x52, 0xFF, 0xFA, 0xB1, 0xF5, 0x81, 0xFD, 0x17, 0xFC,
    0x50, 0xE1, 0xDF, 0x79, 0xDD, 0x87, 0xBC, 0x25, 0xEE, 0x1A, 0x7B, 0x65, 0x1C, 0xCA, 0xE6, 0xD5,
    0x6F, 0x48, 0xE0, 0xB6, 0xC6, 0x06, 0x7D, 0x10, 0x0D, 0x45, 0x26, 0x48, 0x16, 0xA9, 0xE6, 0x24,
    0x77, 0x69, 0xBD, 0x29, 0xDF, 0xDD, 0x78, 0x93, 0x7F, 0x45, 0xF0, 0x4E, 0x54, 0xF8, 0x23, 0x6C,
    0xF6, 0xA1, 0x18, 0xDF, 0xA9, 0x22, 0xCF, 0x20, 0x7E, 0xE3, 0x1D, 0x33, 0xD8, 0xC3, 0x56, 0x7D,
    0x4F, 0x48, 0x3E, 0x26, 0xA1, 0xD2, 0xAE, 0x9A, 0x3B, 0x2B, 0xED, 0x0F, 0xA9, 0xDC, 0xCE, 0x12,
    0xA1, 0x32, 0x24, 0x42, 0xBD, 0xD8, 0xBA, 0x13, 0x89, 0x9A, 0x86, 0x0C, 0x1D, 0x43, 0x87, 0xCC,
    0x77, 0x4E, 0x64, 0x1B, 0x99, 0x0B, 0x79, 0x41, 0xE4, 0x7E, 0xDE, 0x89, 0xE0, 0x99, 0x6C, 0x39,
    0xBF, 0x6A, 0x28, 0x61, 0xA7, 0xAD, 0xF7, 0x61, 0x86, 0x4D, 0xEB, 0xF7, 0x52, 0x59, 0xA9, 0xDD,
    0xD3, 0xA2, 0xE3, 0x52, 0x98, 0x9D, 0xAC, 0x96, 0xB8, 0x88, 0x4D, 0x2C, 0x44, 0x65, 0x25, 0xAB,
    0xBC, 0x53, 0x7B, 0x6F, 0xD5, 0xBD, 0x96, 0x3D, 0xE7, 0xD7, 0xD9, 0xC4, 0xF9, 0x23, 0xB0, 0x89,
    0x66, 0x55, 0xC9, 0xBC, 0x21, 0x91, 0xF0, 0x4E, 0x1E, 0x9A, 0x3B, 0x37, 0xE4, 0x39, 0xD9, 0xA4,
    0xA6, 0xCE, 0x8A, 0xE2, 0x25, 0xDC, 0xE2, 0x89, 0x44, 0x1B, 0x16, 0xB3, 0x59, 0xBA, 0x53, 0xC8,
    0x97, 0xDD, 0xCB, 0x31, 0xFE, 0xBA, 0xEB, 0xF4, 0xEE, 0xA4, 0x93, 0xF8, 0xD8, 0xC2, 0x74, 0xE2,
    0xBD, 0xF2, 0x4D, 0xE2, 0xC9, 0x41, 0xF4, 0xED, 0x76, 0xFA, 0x63, 0xBB, 0xFF, 0x33, 0xA4, 0xD7,
    0xC6, 0xA5, 0x6E, 0x37, 0xDA, 0x1F, 0x85, 0x64, 0x66, 0x1E, 0xBF, 0x73, 0xCA, 0x80, 0x9D, 0x95,
    0x47, 0x06, 0x8C, 0xF7, 0x8A, 0xFD, 0x5D, 0x3F, 0x55, 0x43, 0x35, 0xE6, 0x2B, 0xEC, 0x8D, 0x0A,
    0xAB, 0xBF, 0xCF, 0x80, 0xBD, 0x18, 0xA8, 0x33, 0x5B, 0x51, 0x9F, 0x9C, 0x01, 0x73, 0x2F, 0x1C,
    0x5B, 0x7A, 0xD2, 0x53, 0x5F, 0xDB, 0x5B, 0x0D, 0x89, 0x2A, 0xBE, 0xC8, 0xA4, 0x2C, 0xB6, 0x78,
    0x45, 0x67, 0x3C, 0x50, 0x5B, 0x93, 0xDD, 0x2B, 0x44, 0xEE, 0x99, 0x00, 0xDA, 0xC2, 0x4F, 0xC3,
    0x76, 0xBA, 0x82, 0x85, 0x81, 0x5D, 0xF5, 0x1E, 0xB3, 0xC3, 0xF6, 0x65, 0x64, 0x87, 0x91, 0x67,
    0x76, 0x98, 0x2C, 0xCC, 0x0E, 0xB3, 0x89, 0xD9, 0x61, 0x31, 0x30, 0x3B, 0xAC, 0x7A, 0x66, 0x87,
    0x6D, 0x83, 0xEC, 0xF0, 0x7D, 0x0C, 0x79, 0x6A, 0x7F, 0xB2, 0x30, 0x3B, 0x04, 0x5A, 0x21, 0x3B,
    0xF4, 0xF4, 0x87, 0x6A, 0x30, 0x6E, 0x0A, 0x25, 0x88, 0x99, 0xE2, 0xFB, 0x44, 0x6D, 0x09, 0x99,
    0x02, 0xFC, 0x62, 0xCF, 0xB6, 0x04, 0xEB, 0x36, 0x4A, 0xAF, 0x9A, 0x12, 0x15, 0x4F, 0xD5, 0xC4,
    0x5B, 0xD7, 0x48, 0x49, 0xD2, 0xB9, 0xFF, 0xB6, 0x53, 0xA9, 0xA9, 0xD0, 0x42, 0xC0, 0x2D, 0x17,
    0x1A, 0xFB, 0xD3, 0x6C, 0x7D, 0x6B, 0x91, 0xFA, 0x15, 0xFE, 0x2D, 0xFF, 0x0D, 0xBF, 0x96, 0xE3,
    0xED, 0xF6, 0x6D, 0x9F, 0xBF, 0xBC, 0x54, 0x3F, 0x19, 0x90, 0x64, 0xDF, 0x2E, 0xE6, 0xCA, 0xBF,
    0x8A, 0xB3, 0x10, 0x16, 0x95, 0x4C, 0x10, 0xD9, 0x13, 0x9E, 0x58, 0xAC, 0x77, 0xA1, 0x88, 0x21,
    0x52, 0x22, 0x16, 0xEC, 0xDE, 0x2D, 0x56, 0xBB, 0xA0, 0x52, 0xEB, 0xF7, 0xA9, 0xFB, 0xC8, 0xFF,
    0x9B, 0x31, 0x68, 0x22, 0xE6, 0xA2, 0x39, 0x1D, 0x7E, 0x49, 0x25, 0xA3, 0xBD, 0xB7, 0x92, 0x51,
    0xFB, 0xDD, 0xA1, 0x92, 0x11, 0xDB, 0x32, 0x80, 0x60, 0xE5, 0x97, 0xF8, 0x25, 0xB2, 0x4A, 0x46,
    0xB5, 0xA7, 0x3D, 0x65, 0xA7, 0x9C, 0x7A, 0x29, 0x4B, 0x4F, 0x0D, 0x88, 0xFC, 0x75, 0x4E, 0xBD,
    0xFB, 0x6F, 0x39, 0xF5, 0x68, 0x4A, 0xE8, 0x5D, 0x33, 0xC6, 0x09, 0x1C, 0x3E, 0xA6, 0x02, 0x07,
    0x3B, 0xB3, 0xDB, 0xBC, 0x8E, 0xE6, 0x07, 0x0A, 0x28, 0x91, 0xF2, 0xF9, 0x90, 0x32, 0xCB, 0x77,
    0x21, 0x25, 0x12, 0xAE, 0x7F, 0x4F, 0xC4, 0xFD, 0x23, 0xEE, 0xC6, 0x09, 0x5D, 0xF1, 0xF8, 0xC5,
    0xD1, 0x6A, 0x43, 0x2D, 0xA8, 0x3C, 0x95, 0xA0, 0x0F, 0x3D, 0x53, 0xF3, 0xB1, 0x16, 0xD4, 0x9E,
    0xD4, 0x82, 0xB4, 0x9A, 0x3E, 0xA4, 0x67, 0xEA, 0x13, 0xA1, 0xF7, 0x8D, 0x75, 0x8B, 0x2C, 0x98,
    0x86, 0x47, 0x53, 0x06, 0x51, 0xEE, 0x21, 0xCF, 0xB8, 0x89, 0x2E, 0x1E, 0xA0, 0xE8, 0x4A, 0xC2,
    0x56, 0xE4, 0x9F, 0xD6, 0xAB, 0x00, 0xCF, 0xAE, 0x9C, 0xC9, 0x57, 0x64, 0x11, 0x0C, 0x11, 0x5C,
    0xBD, 0xBB, 0x7D, 0xDF, 0x86, 0x0E, 0xAF, 0x7E, 0x59, 0xAF, 0x52, 0x4B, 0xAA, 0xAE, 0xD7, 0x5C,
    0x94, 0x43, 0x15, 0xA2, 0x1E, 0x88, 0xF6, 0x9F, 0xC9, 0x09, 0x26, 0x9A, 0x29, 0x16, 0x56, 0xA2,
    0xC5, 0x97, 0x2B, 0x69, 0xAB, 0x7F, 0xFA, 0x7C, 0xC7, 0x0B, 0x2B, 0x41, 0xE9, 0xA4, 0x48, 0x6C,
    0x77, 0xBC, 0x30, 0x52, 0xB1, 0x34, 0xDB, 0xAB, 0x9B, 0x03, 0x8B, 0xE6, 0xEC, 0xAB, 0x73, 0x2C,
    0xE2, 0x39, 0x37, 0x50, 0xCF, 0xFA, 0x12, 0x71, 0xF3, 0x33, 0x0C, 0xCB, 0x99, 0xBB, 0xB3, 0xF9,
    0xA7, 0xEE, 0xE1, 0x1E, 0x0E, 0x63, 0xBD, 0x79, 0xE9, 0x54, 0x4D, 0x4C, 0xE7, 0xBA, 0x8B, 0x3C,
    0x67, 0xDF, 0xD7, 0xFB, 0x6C, 0xE6, 0x2A, 0x7C, 0x49, 0x30, 0xDB, 0x2B, 0x0E, 0xAB, 0x3E, 0x10,
    0xEA, 0x39, 0x96, 0x99, 0xFF, 0x18, 0x3B, 0x59, 0x87, 0xF8, 0x02, 0xE7, 0xDC, 0xF5, 0xBB, 0xD4,
    0xAB, 0xB7, 0xD8, 0xF2, 0x92, 0x8B, 0xAD, 0x2B, 0x31, 0xB2, 0xEE, 0x98, 0x9E, 0x7D, 0x45, 0x7F,
    0xE5, 0xFE, 0x1A, 0xA2, 0xEA, 0xDD, 0x70, 0xFD, 0x2D, 0x01, 0x4B, 0xCE, 0x59, 0x80, 0xDA, 0x47,
    0x4A, 0xC8, 0x81, 0xF7, 0x4C, 0xC5, 0xBB, 0x03, 0xF5, 0xF2, 0xB8, 0x82, 0x6C, 0xB1, 0xA4, 0xD9,
    0x5E, 0xD7, 0x48, 0x3C, 0x0B, 0x01, 0xF4, 0x6B, 0x0C, 0x45, 0xF7, 0x39, 0xDB, 0xC3, 0x76, 0x2F,
    0xC8, 0x90, 0x9E, 0x3B, 0xE1, 0x6C, 0x6A, 0x5E, 0x18, 0xAB, 0xF3, 0x05, 0xE2, 0xF6, 0x6F, 0x9C,
    0xB5, 0x72, 0x3C, 0xB3, 0xF1, 0xF2, 0xA2, 0x4E, 0x6C, 0xF5, 0xD7, 0xA4, 0xB5, 0x9E, 0x9C, 0x5D,
    0x81, 0xFF, 0x6E, 0xEC, 0x62, 0xB3, 0x7C, 0x16, 0x57, 0x29, 0x96, 0x02, 0xB8, 0x59, 0xB0, 0x2E,
    0x32, 0x16, 0x13, 0xA5, 0x92, 0xAC, 0xC5, 0xA2, 0x66, 0x18, 0x65, 0xC3, 0x1F, 0xA8, 0x17, 0x2D,
    0x82, 0x3C, 0xE2, 0x0E, 0x11, 0xF4, 0x40, 0x99, 0x24, 0xFE, 0x99, 0x45, 0xC4, 0x5E, 0x2C, 0x83,
    0xB9, 0x83, 0x08, 0xB5, 0xDA, 0xCB, 0x5A, 0x4A, 0x44, 0x6F, 0xAE, 0x85, 0xA9, 0xA4, 0xE3, 0xB5,
    0xB2, 0x5F, 0x65, 0x64, 0x54, 0xA3, 0x92, 0xBC, 0xF5, 0xCE, 0x05, 0x1D, 0xD7, 0x83, 0xFB, 0x84,
    0x3F, 0x96, 0x46, 0x73, 0x75, 0x40, 0xEA, 0x17, 0x9C, 0x8A, 0x3A, 0xC0, 0xFF, 0x81, 0x29, 0x2D,
    0xB0, 0xE9, 0x45, 0xD8, 0xD7, 0x9D, 0x38, 0x04, 0x2F, 0xE7, 0x6C, 0x12, 0xC7, 0x0F, 0x8F, 0x08,
    0xE3, 0x96, 0x10, 0x8C, 0x2B, 0x2E, 0x17, 0xDF, 0x3C, 0x05, 0x92, 0x26, 0xB4, 0x69, 0x1B, 0x0F,
    0x23, 0x8E, 0xA6, 0xED, 0x1F, 0x85, 0x94, 0xEF, 0x50, 0x8E, 0xBD, 0xB3, 0xDE, 0x3B, 0x58, 0x00,
    0xA3, 0x3A, 0xC2, 0x41, 0xF5, 0xE4, 0x22, 0xD5, 0xFF, 0xA5, 0xFB, 0xF2, 0x95, 0x9E, 0x42, 0xFE,
    0xCB, 0x56, 0x1B, 0x69, 0x6E, 0xFD, 0xE3, 0x62, 0xD6, 0x38, 0x7A, 0x3A, 0x6C, 0xFD, 0x1B, 0x6C,
    0x46, 0x04, 0x0D, 0x91, 0x19, 0xBD, 0x46, 0x45, 0xC5, 0xC6, 0x32, 0x01, 0xD1, 0xE7, 0x6A, 0x27,
    0x54, 0x14, 0x23, 0x6A, 0x16, 0xE1, 0xF8, 0x58, 0x36, 0x77, 0xF2, 0x5D, 0xFE, 0xCD, 0x26, 0xBE,
    0x50, 0x2A, 0xC9, 0x4E, 0x42, 0xCE, 0xAB, 0x1C, 0x8D, 0x72, 0xB0, 0x08, 0xE3, 0x7E, 0xDF, 0x1F,
    0xC2, 0x44, 0xD8, 0x42, 0x58, 0x70, 0x41, 0x70, 0xB9, 0x61, 0x0C, 0xCC, 0x25, 0xCB, 0xB9, 0x16,
    0xF9, 0x28, 0xEE, 0x0F, 0x31, 0x81, 0xDA, 0xF4, 0x8A, 0xEE, 0xE3, 0xD3, 0xB9, 0xFF, 0x73, 0x7D,
    0x84, 0xE9, 0x5E, 0x2B, 0x08, 0xA3, 0x6F, 0xE9, 0x54, 0xE4, 0x59, 0x8A, 0x01, 0x29, 0xC7, 0x71,
    0xE0, 0xBF, 0xF6, 0x3E, 0x42, 0x77, 0xBE, 0x3F, 0xF4, 0xD2, 0x67, 0x1A, 0x4A, 0xD1, 0xB7, 0xD6,
    0x5F, 0x88, 0xED, 0x97, 0xDD, 0x17, 0x3E, 0xAD, 0x3D, 0x97, 0xEE, 0xE6, 0x64, 0xE4, 0xA4, 0x45,
    0x1C, 0x4F, 0x01, 0x7E, 0x1A, 0xC4, 0xF7, 0xDF, 0x76, 0x7F, 0x1E, 0x78, 0xA3, 0xD5, 0x24, 0x95,
    0x2B, 0x94, 0x79, 0x92, 0xA1, 0x8C, 0x58, 0x6C, 0x2C, 0xA4, 0x26, 0x5B, 0x99, 0xB3, 0xBF, 0x6D,
    0xF5, 0x02, 0x75, 0x55, 0x20, 0x94, 0x19, 0x18, 0xF0, 0x00, 0x27, 0x25, 0xA6, 0x43, 0x28, 0x23,
    0x56, 0xA3, 0x68, 0x5E, 0x90, 0x5D, 0xF9, 0x6E, 0x1B, 0x76, 0x66, 0x76, 0xD5, 0xFE, 0x8D, 0x68,
    0xCD, 0x7D, 0xD1, 0xDD, 0xFF, 0x75, 0xAA, 0x77, 0x0C, 0x2E, 0x77, 0x58, 0x37, 0x19, 0xA9, 0x81,
    0x85, 0x8E, 0x38, 0x6C, 0xF5, 0x9E, 0x1F, 0x69, 0x28, 0xF5, 0x51, 0x50, 0x80, 0xA3, 0xB1, 0x8C,
    0xE5, 0x22, 0x1F, 0xBB, 0x57, 0x24, 0xC9, 0x87, 0xBC, 0x25, 0x87, 0xD9, 0x4B, 0x44, 0x9D, 0x5E,
    0x2F, 0xE9, 0xD4, 0x69, 0xD3, 0x19, 0x59, 0x61, 0x9C, 0x5C, 0x2E, 0x6E, 0x0F, 0xE2, 0x6A, 0x89,
    0x95, 0xB3, 0x56, 0x98, 0xC2, 0x91, 0x87, 0x9F, 0xE3, 0xF0, 0x13, 0x7F, 0x0D, 0x49, 0x3C, 0x91,
    0x64, 0x0E, 0xA0, 0x59, 0xF4, 0x8C, 0xA9, 0x23, 0x71, 0x85, 0x7E, 0x25, 0x00, 0x3D, 0xD3, 0x2B,
    0x53, 0x2F, 0xE7, 0xEB, 0x20, 0x52, 0x6F, 0x60, 0xD3, 0x1E, 0xC0, 0xA6, 0x3B, 0x01, 0x9B, 0xAD,
    0x08, 0x6A, 0x4C, 0x5E, 0x2E, 0x46, 0x00, 0x6B, 0x5B, 0xDD, 0x1E, 0x4F, 0x60, 0xFB, 0x25, 0xF7,
    0xC5, 0x4F, 0xA9, 0x94, 0xF4, 0x96, 0x51, 0xAE, 0x5A, 0xC9, 0x28, 0x90, 0x1D, 0xDD, 0x04, 0x73,
    0xFA, 0x8E, 0x45, 0x25, 0x2F, 0x21, 0xFC, 0xF6, 0xF3, 0x39, 0x5C, 0x48, 0xE2, 0x7F, 0x81, 0x4B,
    0xEF, 0x8E, 0xB4, 0x76, 0x15, 0x6F, 0x03, 0x14, 0x0A, 0x0E, 0x27, 0xCB, 0xC4, 0x59, 0x6D, 0xAC,
    0xC2, 0x3F, 0x8A, 0x43, 0x14, 0x41, 0xA5, 0x6A, 0x4D, 0x39, 0xD6, 0x7A, 0xD3, 0x48, 0x89, 0x44,
    0x3D, 0x98, 0xCF, 0x55, 0x09, 0x16, 0xAB, 0xBC, 0xBF, 0x7F, 0xC2, 0xD7, 0x78, 0xFF, 0xB6, 0x35,
    0x98, 0xDA, 0xDB, 0x8F, 0x7A, 0x43, 0x52, 0xB1, 0x03, 0x12, 0x7E, 0x7B, 0xA9, 0xD1, 0x5E, 0x7C,
    0xBC, 0x7E, 0x38, 0xBF, 0x76, 0x78, 0xE5, 0x61, 0x79, 0x99, 0xAB, 0x87, 0x45, 0x69, 0x0B, 0x99,
    0xF9, 0xBF, 0x5E, 0x8B, 0xB0, 0xB7, 0x21, 0x63, 0x4B, 0x31, 0x0B, 0xE3, 0x84, 0xC4, 0x4A, 0x5A,
    0xDB, 0x95, 0x97, 0x3C, 0xBF, 0xE5, 0x83, 0xE0, 0xB3, 0x89, 0x01, 0xF0, 0x66, 0x50, 0x0F, 0xA8,
    0x4F, 0xD1, 0xE2, 0x5F, 0xC3, 0xAA, 0x10, 0xF3, 0x2F, 0xCA, 0x19, 0x2C, 0xFC, 0xFD, 0xE2, 0x09,
    0x58, 0x7D, 0x4A, 0x3B, 0xDB, 0xA4, 0xE7, 0x10, 0xFF, 0xF6, 0x88, 0x72, 0x10, 0x1B, 0x25, 0x7D,
    0xB2, 0x47, 0xFC, 0x1B, 0x5F, 0x3C, 0x50, 0xC9, 0x9D, 0x29, 0xB2, 0x86, 0xFF, 0xF6, 0xAF, 0xF0,
    0xDD, 0x63, 0x44, 0x6D, 0x08, 0xDD, 0x48, 0x81, 0x47, 0xA4, 0xA0, 0xA2, 0x29, 0xB2, 0xA4, 0x49,
    0xA5, 0x31, 0x19, 0xA6, 0xE8, 0x13, 0xAF, 0x55, 0x4D, 0xD5, 0x97, 0x4A, 0x09, 0x14, 0x7F, 0xB5,
    0x83, 0xBC, 0x54, 0x19, 0x36, 0xF5, 0xBE, 0x62, 0x09, 0xAE, 0x62, 0x99, 0xA9, 0x5E, 0x5B, 0xBD,
    0x90, 0xD3, 0x07, 0x53, 0x61, 0xE8, 0x67, 0xCC, 0x94, 0x68, 0x1A, 0x71, 0xE2, 0xEA, 0x85, 0xCD,
    0x6C, 0x3D, 0xE0, 0xEF, 0xCF, 0x8C, 0x3A, 0x86, 0xD5, 0x61, 0x52, 0xEF, 0x63, 0x5D, 0xBE, 0x88,
    0xC5, 0x95, 0xF4, 0x94, 0xB4, 0x56, 0xF8, 0x62, 0xA4, 0x30, 0xFF, 0x95, 0x73, 0xBC, 0x63, 0xCB,
    0x5D, 0x7D, 0x17, 0x59, 0x7F, 0x3A, 0xE5, 0x23, 0x5F, 0xFD, 0xD9, 0x5E, 0x3E, 0x26, 0x02, 0x33,
    0x11, 0xB3, 0xCC, 0xC4, 0x91, 0xEE, 0x61, 0x6C, 0x89, 0xE7, 0xFC, 0xC1, 0x46, 0x9A, 0x0C, 0x7A,
    0x15, 0xF0, 0xD5, 0x85, 0x45, 0xCE, 0x6C, 0x40, 0x4C, 0x38, 0x55, 0xEC, 0x42, 0xE9, 0xE7, 0x2D,
    0x4C, 0x3F, 0x72, 0x5E, 0x27, 0x0C, 0xBD, 0x11, 0xF9, 0xA1, 0x3F, 0x67, 0x77, 0x20, 0x3E, 0xEB,
    0xE1, 0xD0, 0x90, 0x19, 0x2E, 0x1C, 0xAF, 0x5E, 0x68, 0x34, 0x68, 0x7E, 0x4F, 0x57, 0x59, 0xD9,
    0x1C, 0x2F, 0x5C, 0x8F, 0x0F, 0xB0, 0xAE, 0xF2, 0xDB, 0x07, 0xAE, 0xDD, 0x04, 0x43, 0x2B, 0x4D,
    0xEC, 0xDD, 0x2B, 0xAC, 0xE0, 0x42, 0x99, 0xD4, 0xF2, 0x3B, 0xDE, 0xDE, 0x64, 0xF6, 0xC2, 0x16,
    0xC2, 0x4F, 0x6B, 0x6F, 0x9F, 0x1A, 0x13, 0x4C, 0x18, 0x2E, 0xC7, 0x1B, 0xB1, 0x7F, 0x6F, 0x20,
    0xFC, 0x9E, 0x1B, 0x91, 0x71, 0x47, 0x8A, 0x60, 0xD5, 0x40, 0xF8, 0xA4, 0x07, 0x92, 0xD5, 0xB1,
    0xC7, 0xB0, 0x67, 0x3C, 0x62, 0x7C, 0x97, 0xFA, 0x77, 0x61, 0x0E, 0x8B, 0x5E, 0x3F, 0x27, 0x9A,
    0xA8, 0xAC, 0x95, 0x77, 0x36, 0xDD, 0x72, 0xDE, 0x08, 0x10, 0x4D, 0xD9, 0x10, 0x4C, 0x26, 0xA2,
    0xC4, 0x8A, 0x69, 0xCF, 0x25, 0x6B, 0x6B, 0x8F, 0x9A, 0x21, 0x49, 0xE7, 0x9A, 0xA3, 0x78, 0x52,
    0x55, 0xAD, 0x62, 0xDB, 0xF4, 0xE1, 0xAB, 0xDE, 0x1E, 0xAD, 0xF5, 0x22, 0xBB, 0xEE, 0x43, 0x5D,
    0x5E, 0x9E, 0x76, 0x3C, 0x31, 0xB7, 0xC4, 0x3A, 0x2A, 0xEE, 0xFA, 0x01, 0xA9, 0xCB, 0x1C, 0xEF,
    0xB3, 0xF0, 0xBE, 0x9A, 0x34, 0xD2, 0xDA, 0x3F, 0x51, 0xDC, 0xF6, 0x0A, 0x64, 0xE3, 0xF6, 0x8A,
    0x33, 0x34, 0x20, 0x7B, 0x7D, 0x4E, 0x63, 0x3F, 0x01, 0x63, 0xFA, 0x35, 0xB5, 0x71, 0x70, 0xF8,
    0xA7, 0x5D, 0xBC, 0x8B, 0x18, 0x0A, 0x57, 0x76, 0x52, 0x4B, 0xB2, 0x18, 0x2D, 0x67, 0xD9, 0x76,
    0x68, 0xE8, 0xDB, 0x08, 0x89, 0x6B, 0x1E, 0x6C, 0x84, 0x66, 0xC8, 0x7E, 0x6F, 0xEF, 0x8F, 0xF2,
    0xF1, 0x5B, 0xAD, 0x71, 0x39, 0xBC, 0x09, 0x13, 0xDE, 0x1A, 0x0D, 0xAF, 0x80, 0x86, 0xF7, 0x39,
    0xAD, 0x1E, 0x29, 0x94, 0x0D, 0x19, 0x4E, 0x84, 0x9C, 0xA7, 0xBE, 0x76, 0x8E, 0x0B, 0x05, 0x8A,
    0x0F, 0xBB, 0x8F, 0xB4, 0xA2, 0xAA, 0x9C, 0x55, 0x40, 0x2A, 0xF5, 0x32, 0xED, 0xA5, 0xFB, 0x3B,
    0x5C, 0x0A, 0xED, 0xBD, 0xBD, 0xCE, 0xD1, 0x66, 0x9D, 0x0F, 0xAB, 0x18, 0xC0, 0xF5, 0x6D, 0x95,
    0x37, 0xA5, 0x09, 0xA7, 0x85, 0x67, 0xEB, 0x60, 0xC7, 0xF3, 0x98, 0x56, 0xCB, 0x2D, 0x00, 0x01,
    0x27, 0x96, 0x44, 0xC7, 0x8C, 0xAF, 0xD8, 0x85, 0xDA, 0x4C, 0x17, 0x87, 0xFE, 0x3F, 0x71, 0x84,
    0xDB, 0x91, 0x2C, 0x1C, 0x51, 0x39, 0xA4, 0x18, 0x59, 0x41, 0x5B, 0x7F, 0x8F, 0xC0, 0xE5, 0x59,
    0x68, 0xB9, 0x74, 0xFF, 0x05, 0xA5, 0x56, 0xBF, 0x6F, 0x1C, 0xC7, 0x15, 0x7E, 0xBB, 0x2B, 0x71,
    0x0D, 0x2F, 0xE0, 0x11, 0x10, 0x39, 0x90, 0x7D, 0xB0, 0x37, 0x85, 0x0A, 0x15, 0x89, 0xA6, 0x49,
    0xE1, 0x00, 0x3C, 0xCE, 0xDA, 0x2C, 0x5C, 0x38, 0x40, 0xDC, 0xBB, 0xB0, 0x0B, 0x77, 0x29, 0xD8,
    0xB2, 0xB8, 0xE3, 0x2E, 0x48, 0x04, 0x2E, 0x5C, 0x88, 0x40, 0xD2, 0xDB, 0x01, 0xF2, 0x27, 0x18,
    0x08, 0x11, 0x1C, 0x6F, 0x57, 0xA4, 0x01, 0x15, 0x2E, 0xB4, 0x14, 0x11, 0xA4, 0x50, 0x33, 0x14,
    0x05, 0xA8, 0x50, 0x33, 0x12, 0xC6, 0xD1, 0x48, 0x9C, 0xDD, 0x97, 0x6F, 0x76, 0x4F, 0x82, 0x05,
    0x38, 0x48, 0x91, 0xB9, 0xDB, 0xD9, 0xBB, 0x99, 0x37, 0xEF, 0xC7, 0x7C, 0xDF, 0x7B, 0x33, 0x97,
    0x29, 0xF1, 0xA4, 0x4C, 0xC2, 0x4D, 0xDA, 0x53, 0xE6, 0x28, 0x6B, 0x29, 0x2A, 0xA2, 0x9E, 0x4A,
    0x93, 0x77, 0x49, 0x4F, 0x5C, 0xA8, 0x82, 0x48, 0x5A, 0xCA, 0x99, 0x04, 0xB7, 0xE2, 0x99, 0x13,
    0xBA, 0x14, 0x5A, 0xE8, 0xA8, 0x4F, 0x74, 0xCD, 0x3E, 0x67, 0x4E, 0xDA, 0xB2, 0x2A, 0x99, 0xB7,
    0x98, 0xEF, 0x33, 0x1B, 0xC5, 0xA1, 0xE5, 0x43, 0xFF, 0xC3, 0xD0, 0xEB, 0xEB, 0x74, 0x6D, 0x41,
    0xB3, 0x65, 0xEC, 0xCA, 0x30, 0xDD, 0x64, 0x3D, 0x89, 0xBD, 0x5E, 0x9D, 0xF7, 0x79, 0x95, 0x57,
    0x3B, 0xC2, 0xAA, 0x7F, 0xF5, 0xB9, 0xE3, 0xCD, 0x0E, 0x7F, 0x28, 0xB3, 0xCA, 0x4F, 0x7D, 0xE4,
    0x44, 0x9B, 0xD3, 0xFB, 0x84, 0x26, 0xB5, 0xE0, 0x63, 0x7B, 0x38, 0x4F, 0xEE, 0x37, 0xB3, 0x9D,
    0x7C, 0x8F, 0x4D, 0x66, 0x09, 0x3E, 0xE6, 0x4D, 0xC2, 0xF0, 0x97, 0xCF, 0xB8, 0x55, 0x56, 0x59,
    0xE1, 0x84, 0x8D, 0x5D, 0x62, 0x69, 0x49, 0xCB, 0xBC, 0xE5, 0xA4, 0x63, 0x2A, 0x83, 0xBF, 0x45,
    0xC4, 0x05, 0x89, 0x8F, 0x8F, 0x8C, 0x9B, 0xE6, 0x24, 0xC5, 0xD7, 0xC7, 0xA7, 0x67, 0xC6, 0x2E,
    0x66, 0x1B, 0x52, 0x54, 0x12, 0xD6, 0x92, 0x5E, 0x38, 0x52, 0x8E, 0x35, 0xD5, 0x0F, 0xB8, 0xA2,
    0x7A, 0xB7, 0x27, 0x3A, 0x8C, 0x1D, 0xCD, 0x89, 0x98, 0xB0, 0xF4, 0x6D, 0xBE, 0xBA, 0x98, 0xBF,
    0xE6, 0x38, 0xD5, 0x6D, 0xCA, 0x2E, 0x67, 0xAF, 0x8A, 0x6E, 0x4E, 0xD3, 0x2F, 0xE9, 0x1A, 0x5D,
    0xCD, 0x5A, 0x2F, 0x1A, 0xF5, 0x84, 0x8F, 0x39, 0xD5, 0x99, 0xAE, 0x4F, 0xF9, 0xEB, 0x2E, 0x36,
    0x32, 0xD5, 0xD7, 0x28, 0x35, 0xE5, 0x39, 0x7F, 0xD3, 0xD5, 0x4F, 0x6D, 0xDA, 0x06, 0x8B, 0xB2,
    0x7A, 0x8F, 0x48, 0xB4, 0x7C, 0x87, 0x85, 0x4F, 0xF4, 0x4E, 0xD6, 0x5E, 0xA7, 0xB7, 0x29, 0x75,
    0x54, 0xEB, 0x84, 0xAB, 0xAC, 0x43, 0xF4, 0x94, 0x37, 0x74, 0x39, 0x20, 0xC2, 0xAD, 0xF4, 0x59,
    0x0F, 0x1C, 0x76, 0xB0, 0x09, 0xDF, 0x26, 0x4D, 0x9E, 0xBB, 0xBA, 0x15, 0xC5, 0x8C, 0xD6, 0x68,
    0x4A, 0x26, 0xED, 0xA5, 0xB3, 0x49, 0x8B, 0xA9, 0xBA, 0xE7, 0x0E, 0x23, 0xEB, 0xF8, 0x6C, 0xD3,
    0x01, 0x7D, 0x11, 0x5B, 0xE1, 0xC3, 0x07, 0xBF, 0x4D, 0xDA, 0x48, 0x0C, 0x0E, 0xBB, 0x28, 0xCE,
    0xF5, 0x7A, 0x5A, 0xCD, 0x13, 0x97, 0x55, 0xB4, 0x1F, 0xEB, 0x44, 0xAB, 0xAE, 0xF4, 0xD8, 0x48,
    0x38, 0xAD, 0x45, 0x91, 0x34, 0xB4, 0x4F, 0xD1, 0xAB, 0xF1, 0xB4, 0x81, 0x14, 0x49, 0xC0, 0x69,
    0x88, 0x6E, 0x10, 0x2D, 0x88, 0xDC, 0x25, 0x72, 0x32, 0xB2, 0xF5, 0xAE, 0xE1, 0xC7, 0x6D, 0xCD,
    0x55, 0xEE, 0xE8, 0xDD, 0x30, 0x91, 0x68, 0x12, 0x15, 0xCD, 0xE3, 0x13, 0x23, 0xEF, 0x9C, 0x72,
    0xC6, 0x16, 0xA0, 0xE4, 0x9B, 0x5D, 0x79, 0x0E, 0x34, 0x25, 0x2D, 0xA4, 0xA9, 0xEF, 0x7A, 0xF5,
    0x94, 0x33, 0x2F, 0x83, 0x96, 0x15, 0x9C, 0xE6, 0x70, 0x96, 0x02, 0xCE, 0x25, 0xE0, 0xD4, 0x08,
    0x39, 0x35, 0xC2, 0xE7, 0xF8, 0x44, 0x36, 0xD5, 0xAA, 0xB8, 0x4E, 0x64, 0x11, 0x8C, 0xA0, 0xD4,
    0xC7, 0x5C, 0x89, 0xB3, 0xD4, 0xB2, 0x53, 0x0F, 0x29, 0xB2, 0x00, 0xBD, 0x50, 0x54, 0xFE, 0x5E,
    0xF5, 0x13, 0x2B, 0xC5, 0xDE, 0x89, 0x9D, 0xC9, 0xA0, 0xB1, 0x46, 0x08, 0x2C, 0xC8, 0xCD, 0x92,
    0x7B, 0x46, 0x50, 0x4E, 0x37, 0xC5, 0x27, 0x5F, 0xDD, 0x39, 0x3E, 0x7B, 0xFA, 0xD4, 0xFB, 0x92,
    0x7D, 0xA6, 0x3B, 0x52, 0x85, 0xFA, 0xC4, 0x94, 0x15, 0x97, 0x95, 0x64, 0xD0, 0xA6, 0x21, 0x7C,
    0xC1, 0x78, 0x52, 0x1D, 0x62, 0x6C, 0xF2, 0xFB, 0x16, 0x8C, 0x11, 0xAD, 0x68, 0xBE, 0xA4, 0x1B,
    0x8E, 0x16, 0x5D, 0x6C, 0xEB, 0x11, 0xED, 0x0E, 0xCA, 0xF7, 0x11, 0x92, 0x04, 0xDA, 0x1F, 0x7A,
    0x30, 0x18, 0x02, 0x60, 0x3D, 0xC2, 0xF7, 0x72, 0x64, 0x3D, 0xB8, 0x7E, 0x97, 0xF9, 0x11, 0xB3,
    0xFD, 0x19, 0xD6, 0x8B, 0xE1, 0x75, 0x7B, 0xE8, 0xFD, 0x38, 0x53, 0x0D, 0x60, 0xD0, 0x28, 0x9C,
    0x0E, 0xBD, 0x29, 0x87, 0x17, 0xC5, 0x5D, 0xDA, 0x0C, 0x7A, 0xFA, 0xB4, 0xA9, 0x91, 0x71, 0xC4,
    0xDC, 0xE3, 0x3B, 0xC8, 0x0F, 0x8B, 0x9F, 0x0D, 0x7A, 0xF0, 0xEF, 0x12, 0x9E, 0x0C, 0x11, 0x24,
    0x66, 0x7C, 0xC0, 0x57, 0xA2, 0x30, 0x01, 0x7F, 0x07, 0xB6, 0xA8, 0xB0, 0xCF, 0x50, 0x91, 0xC3,
    0x9C, 0x68, 0x42, 0xB6, 0x10, 0xA5, 0x7A, 0x25, 0x8C, 0xEC, 0x89, 0x5E, 0x2E, 0x38, 0x5C, 0x09,
    0x87, 0x27, 0x2D, 0xE8, 0xF5, 0x96, 0x14, 0xAB, 0x99, 0x41, 0x3C, 0xE8, 0x19, 0xE4, 0x83, 0x92,
    0xFF, 0x7F, 0x58, 0xFF, 0xF7, 0xE1, 0x68, 0xB0, 0x1E, 0x6B, 0xD5, 0x4C, 0x93, 0x76, 0x7D, 0x72,
    0xD7, 0x38, 0x7A, 0x87, 0xF6, 0x5D, 0x7A, 0xDC, 0xDE, 0x14, 0x05, 0x12, 0xF1, 0x1E, 0x36, 0x6B,
    0xD8, 0x93, 0x5E, 0x72, 0xBF, 0x4E, 0xBF, 0x01, 0xF3, 0xB7, 0x69, 0x56, 0xB3, 0xC3, 0xEE, 0x85,
    0x9D, 0xB9, 0x70, 0xD8, 0xC3, 0xEF, 0xD6, 0xDF, 0xFF, 0x94, 0x2E, 0x67, 0xA6, 0xA6, 0x1E, 0xC5,
    0xA6, 0xA7, 0xB8, 0x47, 0x3A, 0x37, 0x71, 0xEF, 0x63, 0xA7, 0x02, 0x08, 0xB3, 0xD8, 0x67, 0x40,
    0x1C, 0x1F, 0x9D, 0x9A, 0xD4, 0x64, 0xAD, 0xAA, 0xE6, 0xC1, 0x93, 0x9F, 0x42, 0x26, 0xFF, 0x17,
    0x64, 0xAF, 0xC8, 0x57, 0x1C, 0xCC, 0x92, 0x13, 0x90, 0x0F, 0xCB, 0xBB, 0x7C, 0x5C, 0xE9, 0x57,
    0x8B, 0x2C, 0x64, 0x4D, 0x8D, 0x47, 0x7C, 0xD5, 0xD8, 0x45, 0x2E, 0x76, 0x8D, 0xDB, 0x10, 0x9B,
    0x67, 0x26, 0xD8, 0x3A, 0x45, 0x7A, 0xCD, 0x50, 0xE5, 0xB2, 0x02, 0x99, 0x6C, 0x08, 0xC4, 0xA7,
    0x2B, 0x88, 0xDF, 0x20, 0xB6, 0x3F, 0x6C, 0x8E, 0x6A, 0x6E, 0x3F, 0x41, 0x50, 0x48, 0xB0, 0x01,
    0x74, 0x0A, 0xAB, 0x8A, 0xE8, 0x20, 0x69, 0x6A, 0xA8, 0x02, 0x03, 0x4F, 0xB8, 0xDD, 0x8E, 0x35,
    0x38, 0x1F, 0x16, 0x8D, 0xDB, 0x06, 0x7F, 0xFF, 0xCC, 0xFD, 0x87, 0x3F, 0x5A, 0x94, 0xA8, 0x2F,
    0x48, 0xBA, 0x98, 0x1F, 0xC6, 0xA7, 0x70, 0xF6, 0x89, 0x5E, 0x63, 0xFD, 0x12, 0xDA, 0x37, 0xE9,
    0xB7, 0x32, 0x6C, 0x5F, 0xB7, 0x36, 0x18, 0x45, 0x6B, 0x52, 0x23, 0x7D, 0xD2, 0x84, 0xC4, 0xCF,
    0x0A, 0x98, 0x4B, 0x9E, 0x43, 0x67, 0xBD, 0x4F, 0x34, 0xC1, 0x0F, 0x2A, 0x03, 0x81, 0x0C, 0x06,
    0xAA, 0x88, 0xAB, 0x35, 0x2E, 0xE2, 0xBE, 0xA0, 0xB7, 0x5E, 0xF1, 0xE5, 0x66, 0x7E, 0xAE, 0xB7,
    0xB3, 0x62, 0x91, 0xB8, 0x49, 0x41, 0x25, 0x2A, 0x99, 0x17, 0x50, 0x5E, 0x95, 0x1B, 0x1B, 0xF2,
    0x2A, 0xFF, 0x29, 0x24, 0x1B, 0x9C, 0xDA, 0xA0, 0x5F, 0xA1, 0x94, 0x96, 0x5E, 0x98, 0xDC, 0x94,
    0x7E, 0x31, 0xBD, 0x72, 0xE9, 0xE5, 0xEA, 0xC1, 0xC6, 0x5A, 0x5F, 0x04, 0x73, 0x0A, 0x86, 0xC2,
    0x71, 0x93, 0x06, 0x2A, 0x0F, 0xA6, 0xB7, 0x1E, 0xC2, 0x91, 0x65, 0xA0, 0x45, 0xF0, 0x34, 0xCC,
    0x47, 0x01, 0x12, 0xC8, 0xAF, 0x04, 0x40, 0xF8, 0x89, 0x23, 0x54, 0x9D, 0x18, 0x95, 0x5E, 0xC1,
    0xE3, 0x20, 0x57, 0x0C, 0x0C, 0xA2, 0xE7, 0x23, 0x03, 0x83, 0x8E, 0xEC, 0x60, 0x08, 0x43, 0xFC,
    0x3A, 0xC4, 0x55, 0xBD, 0x17, 0x8E, 0x96, 0x35, 0xBF, 0x2E, 0x86, 0xD7, 0x76, 0x5A, 0x81, 0x20,
    0x85, 0x49, 0x1A, 0xF8, 0x10, 0xE9, 0x48, 0x63, 0x01, 0x2A, 0x22, 0x88, 0x47, 0x98, 0xF9, 0x2E,
    0xF0, 0x82, 0x50, 0x91, 0x10, 0x03, 0x03, 0x2F, 0x88, 0xED, 0x08, 0x3D, 0xA5, 0x7C, 0x6F, 0xAC,
    0x72, 0xC1, 0xB7, 0x26, 0x60, 0x34, 0xA5, 0x9D, 0xBF, 0x1B, 0xAE, 0x0B, 0x40, 0x74, 0xD1, 0x88,
    0x5B, 0xC5, 0x8D, 0x77, 0x46, 0x48, 0xFA, 0x5C, 0x07, 0x52, 0x28, 0x61, 0xE7, 0x8B, 0x4C, 0x6F,
    0xE0, 0xAC, 0x98, 0x1F, 0xCA, 0x33, 0x1F, 0x88, 0x91, 0x3D, 0xAC, 0x8B, 0xAC, 0x59, 0x8F, 0xF9,
    0x96, 0xAF, 0x75, 0x8E, 0xBA, 0x37, 0xEE, 0xCA, 0x95, 0x90, 0x15, 0x94, 0x1D, 0xF5, 0x9F, 0x12,
    0x7D, 0xD6, 0xC5, 0x03, 0xDB, 0x9A, 0x28, 0xF4, 0x88, 0xE4, 0x5D, 0xE6, 0xBF, 0x10, 0xBD, 0x31,
    0x0A, 0x0E, 0x34, 0x4B, 0xEF, 0x31, 0xE2, 0xFE, 0xAC, 0x1F, 0x05, 0x5B, 0x90, 0x72, 0x48, 0x05,
    0x08, 0xFE, 0x2D, 0x54, 0xF1, 0xD0, 0x6E, 0x0D, 0xFD, 0xE9, 0xD0, 0xDB, 0x91, 0xBE, 0x41, 0x2A,
    0x94, 0x18, 0xB4, 0xEE, 0x55, 0xD2, 0x4F, 0x82, 0x05, 0x9A, 0x05, 0x5B, 0xCF, 0x51, 0x2B, 0x32,
    0x1E, 0x55, 0xCA, 0x8A, 0xB6, 0x02, 0xE3, 0x67, 0x98, 0xFC, 0xE3, 0x20, 0xB2, 0x6A, 0xD1, 0x16,
    0x03, 0x89, 0x68, 0xB4, 0x38, 0xE8, 0xC5, 0xA1, 0x05, 0xAF, 0x27, 0x7E, 0x3A, 0x4C, 0x8F, 0xB4,
    0x8C, 0x5E, 0xAF, 0x2C, 0xBF, 0x5B, 0xBD, 0x03, 0x9A, 0xA1, 0xAD, 0xF5, 0xAB, 0x01, 0x69, 0x47,
    0x7B, 0xEC, 0x5F, 0xBE, 0x57, 0xE3, 0x23, 0x73, 0xD3, 0xFE, 0xF5, 0x75, 0x1F, 0xFC, 0x44, 0x67,
    0x49, 0xC9, 0xBF, 0x3B, 0x71, 0xE4, 0xE5, 0xAE, 0x53, 0x89, 0x2D, 0x13, 0x53, 0xA6, 0x46, 0x7D,
    0x7E, 0x86, 0xE8, 0xB3, 0x47, 0x8E, 0xCA, 0x4A, 0x7C, 0xD3, 0xF8, 0x32, 0x7D, 0x6C, 0x55, 0x8F,
    0x32, 0xB9, 0x69, 0xDE, 0x12, 0x67, 0x28, 0xEB, 0x05, 0x14, 0xC7, 0x46, 0xB4, 0x38, 0x47, 0x7E,
    0xF9, 0x57, 0xAE, 0xBA, 0xC4, 0xE4, 0x4D, 0x19, 0xE3, 0xEE, 0xA1, 0x16, 0x65, 0x05, 0x9A, 0xC8,
    0xCF, 0x6F, 0x3B, 0x75, 0xAB, 0x59, 0x96, 0xF1, 0x0B, 0x27, 0x1E, 0x6B, 0x25, 0x8F, 0x9C, 0xCA,
    0xAB, 0xD2, 0x0E, 0x3E, 0x99, 0x65, 0xEA, 0x70, 0x09, 0xC0, 0xC9, 0x9F, 0x9A, 0xFC, 0xC8, 0x65,
    0xFA, 0x30, 0xB6, 0x8A, 0xBA, 0xF2, 0x7B, 0xD8, 0xFC, 0xA8, 0x5B, 0x22, 0x15, 0x5A, 0xC5, 0xE2,
    0xF4, 0x04, 0x17, 0x8C, 0x22, 0xB1, 0x91, 0x2A, 0x4E, 0xDD, 0x3C, 0xE7, 0xA2, 0xAC, 0x42, 0xBC,
    0x6B, 0xDD, 0x50, 0xAE, 0x3D, 0xD5, 0x3E, 0x7D, 0xE4, 0xF2, 0x3D, 0xAB, 0xE0, 0x71, 0x02, 0x95,
    0x66, 0x99, 0xE9, 0x52, 0x9E, 0xA0, 0x84, 0x65, 0x8F, 0xEC, 0x9B, 0x9E, 0x70, 0x01, 0x08, 0x19,
    0x81, 0x12, 0x99, 0x5E, 0x58, 0xC0, 0x42, 0x35, 0x0C, 0x26, 0x46, 0xDC, 0xF6, 0xA9, 0xC6, 0xBD,
    0x64, 0xE5, 0xC0, 0x45, 0x8E, 0x33, 0x63, 0xF2, 0xCC, 0x2C, 0x13, 0x6C, 0x9A, 0x4B, 0x9F, 0xF3,
    0x56, 0xB5, 0x14, 0x47, 0x4E, 0x9C, 0xE0, 0x9A, 0xE2, 0xE5, 0x9E, 0xC9, 0x8F, 0x2D, 0xE2, 0x52,
    0x99, 0x56, 0x1F, 0x9B, 0xFE, 0x17, 0x30, 0x33, 0x22, 0x3E, 0x79, 0x86, 0x62, 0x2A, 0x5E, 0xE0,
    0x88, 0xCC, 0x1B, 0x9C, 0x22, 0xB2, 0x40, 0xB2, 0x28, 0x8A, 0xC3, 0x55, 0x00, 0xF7, 0x15, 0x9C,
    0x73, 0x5B, 0xFF, 0x94, 0x95, 0x0A, 0x87, 0x2E, 0xED, 0x5C, 0xAB, 0xBD, 0xDC, 0x9F, 0xB4, 0x87,
    0xD2, 0xF4, 0x89, 0x39, 0x4C, 0xEC, 0x22, 0xFE, 0xD1, 0xC4, 0x17, 0x1A, 0xD9, 0x18, 0xE1, 0xAA,
    0xE4, 0xB1, 0x8F, 0x14, 0x1D, 0xA4, 0x4D, 0xF9, 0xA0, 0x27, 0xF5, 0x8F, 0x36, 0x46, 0x75, 0xC4,
    0x4D, 0x06, 0xE3, 0xA4, 0x74, 0x74, 0xBF, 0x26, 0xF5, 0xE0, 0xC5, 0x2E, 0x6E, 0x8E, 0xFF, 0x01,
    0xDD, 0x7D, 0xBF, 0xCF, 0xDE, 0x56, 0x96, 0xDE, 0x25, 0x29, 0x89, 0x0B, 0x13, 0x08, 0xA7, 0xB0,
    0xBC, 0x1B, 0x0B, 0xBB, 0x9C, 0x22, 0xD5, 0x0E, 0xB0, 0x4C, 0x91, 0x62, 0x0A, 0x8F, 0x49, 0x5B,
    0x80, 0x8D, 0xC0, 0x85, 0x85, 0x40, 0xDA, 0x05, 0xE2, 0x42, 0x29, 0xA6, 0x58, 0x60, 0x93, 0x7C,
    0xFB, 0x07, 0x8C, 0x45, 0xDA, 0x2A, 0x5C, 0x4C, 0x31, 0x1A, 0x20, 0xD3, 0xA4, 0x19, 0x03, 0x3B,
    0x40, 0x90, 0x69, 0x9C, 0x62, 0x8A, 0x09, 0x60, 0x89, 0x94, 0x55, 0xA8, 0x70, 0x61, 0xDA, 0x5E,
    0xC7, 0x85, 0x0B, 0x53, 0x96, 0x12, 0x63, 0xE2, 0x42, 0xF4, 0x98, 0xB2, 0xF8, 0x49, 0x24, 0x6F,
    0xCE, 0xF3, 0x9C, 0x4B, 0xBE, 0xEF, 0xF7, 0x43, 0xF2, 0x8F, 0xB1, 0x6C, 0x39, 0x9F, 0xFD, 0x92,
    0x9F, 0xBE, 0x97, 0x2F, 0x79, 0xEF, 0xB9, 0xE7, 0x9E, 0xF3, 0x9C, 0x9F, 0xAF, 0x31, 0x47, 0x0D,
    0x7E, 0x2C, 0x0E, 0xE1, 0x8C, 0x63, 0xCC, 0x63, 0xC4, 0xA3, 0x3F, 0xF1, 0x5D, 0x3D, 0xE2, 0x32,
    0xF9, 0xE9, 0x02, 0x1C, 0x6B, 0x53, 0xB5, 0xDE, 0x6C, 0x02, 0x5B, 0x06, 0xBD, 0x89, 0x27, 0x13,
    0xD7, 0x26, 0xEB, 0x4C, 0x66, 0x3C, 0x79, 0x47, 0xEE, 0x64, 0xCD, 0x69, 0x63, 0xD2, 0x21, 0xE8,
    0xE4, 0x33, 0xAD, 0xBC, 0x17, 0xD8, 0xFC, 0x92, 0xDC, 0xDA, 0xDA, 0xDE, 0x98, 0x02, 0x9F, 0xF6,
    0xED, 0x7B, 0x05, 0x9F, 0x35, 0x1A, 0x93, 0xF5, 0x61, 0x2B, 0xD7, 0xD5, 0x47, 0xF9, 0x41, 0xF9,
    0x49, 0x46, 0x13, 0x76, 0xF2, 0x00, 0x93, 0x96, 0xF2, 0x41, 0x79, 0x7C, 0x32, 0x9F, 0x79, 0xA1,
    0x8B, 0xF9, 0xDC, 0x0C, 0x47, 0xB9, 0x26, 0xCD, 0x2F, 0x1A, 0x79, 0x5A, 0x28, 0x9F, 0x8F, 0xA6,
    0x54, 0x6E, 0x9B, 0x74, 0x45, 0xED, 0xFE, 0xBC, 0xF5, 0x83, 0xCB, 0x47, 0x1D, 0xB7, 0x8C, 0xC7,
    0x14, 0xA5, 0x8C, 0x47, 0x6E, 0x28, 0xB7, 0x95, 0xB1, 0xC5, 0x23, 0xC6, 0x5D, 0xC8, 0x20, 0x31,
    0xEE, 0xE3, 0x9C, 0x35, 0xC6, 0xA3, 0xE3, 0x6E, 0xD2, 0x52, 0xAE, 0xB3, 0x32, 0xF9, 0x04, 0x9F,
    0x36, 0xD5, 0xAD, 0xB3, 0x98, 0x48, 0x99, 0xC9, 0xB8, 0x27, 0x6F, 0x90, 0xEB, 0x3A, 0x2F, 0xDF,
    0x4C, 0xD8, 0x1B, 0xF1, 0x80, 0xA8, 0x95, 0x0F, 0x9A, 0x2C, 0x0F, 0xED, 0xAF, 0xFE, 0x76, 0x24,
    0xA5, 0xDC, 0xB8, 0x4D, 0x2A, 0xC7, 0x81, 0x23, 0x69, 0x82, 0x21, 0xEB, 0x0B, 0x79, 0xB4, 0xBD,
    0x3C, 0x9A, 0x73, 0xA1, 0x0D, 0x3B, 0xBF, 0x4F, 0x87, 0xA4, 0x3C, 0x9A, 0xDB, 0xE6, 0x51, 0x23,
    0x8F, 0x78, 0xEA, 0x34, 0x48, 0x63, 0x67, 0xD2, 0xCA, 0x0A, 0xAD, 0x70, 0x8C, 0x6C, 0x5E, 0x4C,
    0x42, 0x2B, 0x19, 0x9E, 0x01, 0xF9, 0x3B, 0x3C, 0xD3, 0xD6, 0x42, 0xAB, 0xC8, 0x92, 0x56, 0x03,
    0x68, 0x65, 0x1B, 0x99, 0x54, 0x60, 0xB1, 0x18, 0xE9, 0x80, 0xB1, 0xD9, 0xBA, 0xB2, 0x6D, 0x32,
    0x86, 0xD6, 0x5E, 0xB1, 0xA5, 0x4C, 0x24, 0x6E, 0x49, 0x97, 0x53, 0x5C, 0xEA, 0x8E, 0x8B, 0x5A,
    0xAF, 0xAB, 0x2E, 0x43, 0x17, 0x22, 0xF4, 0xF8, 0xF5, 0x92, 0x39, 0x7C, 0xD1, 0xCD, 0x4C, 0xE2,
    0x1D, 0x58, 0xF4, 0xC1, 0xB1, 0x8C, 0xD0, 0x60, 0xB9, 0x51, 0xB0, 0x2C, 0xA6, 0xFC, 0x90, 0xC8,
    0xBE, 0x2D, 0xF1, 0x28, 0xB2, 0x53, 0xD6, 0xAF, 0xCF, 0xD6, 0x45, 0xD7, 0x0F, 0x56, 0x2D, 0x3F,
    0x98, 0xCB, 0x71, 0x67, 0xCE, 0xC9, 0x32, 0x25, 0x56, 0x71, 0xD6, 0xB1, 0x9C, 0xC1, 0xB8, 0x0B,
    0x2B, 0xEF, 0x24, 0xF6, 0x35, 0x8B, 0xD5, 0x10, 0x06, 0x90, 0x31, 0xC4, 0x1D, 0x1E, 0x96, 0x95,
    0xB8, 0xEB, 0xE4, 0x83, 0xBF, 0x5E, 0xD5, 0xC7, 0x54, 0x1D, 0xEF, 0xB7, 0x79, 0x6E, 0x01, 0x7E,
    0x00, 0x45, 0xDB, 0x3D, 0x03, 0xE6, 0x73, 0x3D, 0x5E, 0x87, 0x3B, 0xC5, 0xB5, 0x90, 0xD1, 0x14,
    0x78, 0x33, 0x18, 0x30, 0xD6, 0x58, 0x16, 0x75, 0xF2, 0xE4, 0x9D, 0x14, 0xAB, 0x68, 0x1E, 0xB1,
    0x7F, 0xC0, 0xA7, 0x8E, 0x9E, 0xC1, 0x47, 0xED, 0xAE, 0x2C, 0x41, 0x35, 0xCB, 0xC5, 0xB2, 0x5F,
    0x8A, 0x56, 0x18, 0xC1, 0xD6, 0xEE, 0x00, 0xCA, 0x9C, 0xF6, 0xE4, 0x59, 0x72, 0xEF, 0x81, 0xB4,
    0x24, 0x4F, 0xB6, 0x98, 0xD8, 0x84, 0x3F, 0xE2, 0x89, 0x29, 0xA8, 0x15, 0x80, 0xC5, 0x8C, 0xED,
    0x1E, 0x29, 0x85, 0x56, 0x09, 0x08, 0x9B, 0x0A, 0x6B, 0xB6, 0x99, 0xAC, 0x60, 0x93, 0xD5, 0x42,
    0xB9, 0x62, 0x37, 0x99, 0xF1, 0xF4, 0xDE, 0x78, 0x15, 0x28, 0x23, 0xE3, 0x08, 0x30, 0x0B, 0x99,
    0x21, 0xE8, 0x8A, 0xD9, 0x09, 0x21, 0xF0, 0x40, 0xD0, 0x13, 0xB3, 0x92, 0xDB, 0x72, 0x2E, 0x23,
    0xC9, 0xCF, 0x8B, 0x66, 0x25, 0xBC, 0xBB, 0x08, 0x4B, 0x23, 0x13, 0x07, 0xB9, 0x93, 0x09, 0xA4,
    0xC6, 0xEE, 0xD2, 0x3D, 0x84, 0xDD, 0x84, 0x7D, 0xC5, 0x1D, 0xB6, 0xBD, 0xA9, 0xF8, 0x4C, 0xD0,
    0x00, 0x54, 0x26, 0xD9, 0x70, 0x43, 0x3C, 0x03, 0x77, 0xF4, 0xF6, 0xFF, 0x31, 0xD8, 0xF3, 0xC7,
    0x41, 0x57, 0x61, 0xFD, 0x23, 0xB8, 0x22, 0x75, 0x7F, 0x0C, 0x65, 0x14, 0x78, 0x3C, 0x86, 0x61,
    0xDC, 0x92, 0xF3, 0xC0, 0x07, 0x91, 0x75, 0xC8, 0x17, 0xEE, 0xB0, 0xF0, 0x0D, 0x17, 0x91, 0x07,
    0xAE, 0x2F, 0x9E, 0xA9, 0x2C, 0xC7, 0x03, 0x17, 0x57, 0xC6, 0x72, 0x9C, 0x8C, 0x9A, 0x17, 0x38,
    0xC8, 0x48, 0x8A, 0x5C, 0xEE, 0x59, 0x3C, 0x2D, 0xF7, 0xAC, 0x3E, 0xB0, 0x20, 0xA5, 0x5C, 0x7B,
    0xC2, 0x5E, 0x20, 0xBB, 0x82, 0xD1, 0x73, 0x2E, 0x0D, 0x77, 0x3D, 0x64, 0xA3, 0xE5, 0x9E, 0x89,
    0x5B, 0xDE, 0x1C, 0xE2, 0x90, 0x23, 0x34, 0x49, 0xA3, 0xBC, 0xED, 0x8D, 0xCA, 0xD8, 0x26, 0xAD,
    0x33, 0x32, 0x53, 0x30, 0x28, 0x07, 0xCB, 0xC3, 0x32, 0x61, 0x0E, 0x19, 0xA9, 0x6C, 0x56, 0xAC,
    0xB7, 0xA9, 0x64, 0xB9, 0x2A, 0x90, 0xA6, 0x8D, 0x66, 0xCC, 0xCB, 0x9B, 0xB0, 0x63, 0x27, 0x7C,
    0x54, 0x6E, 0x2E, 0xCF, 0x09, 0xB0, 0x69, 0xB9, 0x4C, 0xB9, 0xDC, 0x5C, 0x56, 0x30, 0xEA, 0xE4,
    0xE6, 0xC9, 0x14, 0x95, 0xD8, 0xFB, 0xBE, 0xBD, 0x32, 0xA7, 0xB5, 0xDC, 0x3C, 0x1B, 0x8A, 0xDB,
    0x32, 0x17, 0x91, 0x2D, 0xA1, 0xDC, 0x37, 0xB2, 0x27, 0xB0, 0x74, 0x39, 0x24, 0x4D, 0x63, 0x6C,
    0x2E, 0x63, 0x9F, 0x2F, 0x60, 0x5A, 0x3D, 0x05, 0xEE, 0x72, 0xDE, 0xB1, 0x17, 0x76, 0x30, 0x49,
    0xA1, 0x96, 0xD2, 0x6A, 0x5A, 0x69, 0xC6, 0x99, 0xC9, 0x61, 0xA1, 0x5C, 0xEA, 0x88, 0x97, 0x39,
    0xFA, 0xE9, 0xF9, 0xCE, 0x6F, 0x2B, 0xAB, 0xAB, 0x44, 0xDA, 0x40, 0x38, 0x75, 0x72, 0xA5, 0x10,
    0xB4, 0x6A, 0xE5, 0x4E, 0x15, 0x64, 0x9F, 0x08, 0x23, 0x8C, 0x81, 0xE7, 0x5A, 0xE6, 0x12, 0x59,
    0x8F, 0xE7, 0x18, 0xF3, 0x95, 0xA9, 0xC4, 0xB2, 0x3D, 0x21, 0xD5, 0xD3, 0x11, 0x62, 0x44, 0x64,
    0x5A, 0x2F, 0x0B, 0x2F, 0x32, 0xD0, 0xB6, 0x15, 0x86, 0x29, 0xF7, 0xE7, 0x70, 0x65, 0x9C, 0x10,
    0x98, 0x33, 0xA5, 0xCF, 0x10, 0x40, 0x3E, 0x36, 0x49, 0x5D, 0xB5, 0x99, 0x39, 0x27, 0x1F, 0x1A,
    0xFD, 0x3E, 0x1E, 0xC3, 0xEE, 0xA8, 0x2C, 0xE8, 0x51, 0xC7, 0x4A, 0x32, 0xAB, 0x13, 0xBB, 0x94,
    0xF7, 0x33, 0x45, 0x16, 0x64, 0xFC, 0x1D, 0x61, 0x53, 0x61, 0x6C, 0x6C, 0x92, 0x96, 0x4F, 0x2B,
    0x75, 0xCA, 0xE0, 0x85, 0x4E, 0x87, 0x25, 0x3C, 0x24, 0xFF, 0xCB, 0x4C, 0xE5, 0x7F, 0x8E, 0x3B,
    0xC0, 0x1F, 0xCA, 0x74, 0x12, 0x3E, 0xFF, 0xD0, 0xDA, 0xE7, 0xAD, 0x2D, 0xB8, 0x70, 0x4E, 0x4F,
    0x06, 0xCA, 0x01, 0x55, 0xC3, 0xE5, 0x1E, 0x37, 0x9A, 0xD2, 0x53, 0x01, 0x75, 0xCE, 0xED, 0x12,
    0xEF, 0x14, 0xA8, 0x1E, 0xC8, 0xB4, 0x31, 0xA1, 0x59, 0xB8, 0x4A, 0x38, 0x01, 0x2A, 0x2D, 0xBA,
    0x4B, 0xE2, 0x8F, 0xB1, 0x28, 0xA2, 0x5A, 0x14, 0x8C, 0x10, 0x1B, 0xCA, 0x46, 0x46, 0x72, 0x89,
    0x14, 0x97, 0x9D, 0x2F, 0x03, 0x7F, 0x96, 0xE4, 0xBE, 0x35, 0xEB, 0x7E, 0xAB, 0x29, 0xB6, 0x20,
    0x2F, 0x23, 0x4B, 0x56, 0xB4, 0x9F, 0x58, 0x2E, 0x1F, 0x57, 0xC5, 0x5E, 0xC6, 0x05, 0xC9, 0x18,
    0xEB, 0x56, 0xD1, 0x2D, 0x05, 0x89, 0x27, 0x33, 0x96, 0x95, 0xF4, 0x0A, 0x99, 0xD8, 0x0D, 0xEC,
    0xD8, 0x90, 0xAA, 0xA8, 0x2C, 0xEC, 0x2A, 0xFF, 0x17, 0xFD, 0xEE, 0xB8, 0x55, 0xE9, 0x48, 0x31,
    0x42, 0x38, 0xA0, 0x73, 0x15, 0x29, 0xB8, 0xFE, 0xC8, 0x12, 0x25, 0x32, 0x1B, 0x77, 0x92, 0x49,
    0xF9, 0xE0, 0xD0, 0x99, 0x9F, 0x8C, 0x27, 0xCA, 0x59, 0x30, 0x13, 0xE4, 0x89, 0x88, 0x65, 0x3D,
    0x51, 0xA2, 0x40, 0x54, 0x81, 0x91, 0x62, 0xEE, 0xEA, 0x2E, 0xFB, 0x80, 0x27, 0xFB, 0xBC, 0x3C,
    0xBF, 0xF8, 0x6C, 0x02, 0xF7, 0x55, 0x37, 0x7B, 0x30, 0x9F, 0x30, 0xB0, 0x9E, 0x72, 0x4A, 0x30,
    0x2A, 0x3C, 0x88, 0xCE, 0x0C, 0x02, 0xAC, 0xD5, 0x13, 0x24, 0x24, 0xC7, 0x2C, 0x0C, 0xF7, 0xE7,
    0xB6, 0xF4, 0x84, 0xB0, 0x56, 0x47, 0xE4, 0x4E, 0x32, 0xB1, 0xDE, 0xC3, 0x6E, 0x2E, 0xCA, 0x27,
    0x40, 0xB5, 0x31, 0xC2, 0xF6, 0x2C, 0xDE, 0x51, 0x5D, 0x30, 0x6E, 0xB0, 0xCE, 0xD6, 0x8F, 0x70,
    0x5B, 0x59, 0xD9, 0x8F, 0x84, 0x4E, 0x91, 0x9D, 0x71, 0xCB, 0x10, 0xFB, 0x4A, 0x86, 0x90, 0x1B,
    0xA1, 0x60, 0x02, 0x29, 0x59, 0x63, 0xF5, 0x65, 0xD1, 0x2D, 0xB4, 0x7E, 0x93, 0x50, 0x88, 0x93,
    0x21, 0x64, 0x4F, 0x53, 0x1C, 0x9D, 0x6D, 0x29, 0xB8, 0x46, 0xAA, 0x3A, 0x55, 0x7E, 0x2A, 0x3A,
    0xF4, 0x99, 0x91, 0x55, 0x7A, 0xB6, 0x2B, 0x27, 0x79, 0x79, 0x45, 0xB2, 0x26, 0x0D, 0x47, 0x30,
    0x70, 0x7C, 0xB3, 0xE2, 0x16, 0x4A, 0x94, 0xAA, 0x74, 0x2A, 0x58, 0x28, 0x27, 0x4A, 0xDD, 0x82,
    0x2D, 0x85, 0x6D, 0x7B, 0xD0, 0x9E, 0xCA, 0x49, 0x4E, 0xD8, 0xC3, 0xB6, 0xA6, 0x48, 0x2C, 0x54,
    0x01, 0xA4, 0x2A, 0xF1, 0xC1, 0x99, 0xFB, 0xAF, 0xC9, 0xB9, 0xBA, 0xF2, 0x6B, 0x72, 0xF0, 0x9A,
    0xD9, 0xA9, 0x8C, 0xC3, 0xAE, 0x49, 0x46, 0x12, 0x3E, 0xDA, 0x77, 0x4D, 0x63, 0x88, 0x3F, 0x36,
    0x10, 0x81, 0x33, 0x2D, 0x94, 0xAD, 0xA2, 0x71, 0x9B, 0xC9, 0x4C, 0xE5, 0x08, 0xAD, 0x4C, 0xE6,
    0x70, 0x48, 0xD0, 0x2F, 0x3B, 0xE6, 0xBF, 0x9B, 0x15, 0x27, 0x08, 0x5D, 0x95, 0x1F, 0x3B, 0x25,
    0x45, 0x4E, 0xE2, 0x29, 0xB0, 0x20, 0x5D, 0x52, 0x3E, 0x26, 0x9C, 0xC8, 0xB0, 0xF6, 0x79, 0x0A,
    0xAD, 0x8E, 0x5A, 0x74, 0xE2, 0x76, 0xAC, 0xCA, 0x82, 0xAB, 0x83, 0x45, 0x08, 0x54, 0x8E, 0x17,
    0xEF, 0xFD, 0x1D, 0xE6, 0xD8, 0x83, 0xA1, 0x7C, 0xCB, 0xC9, 0x64, 0x3A, 0xFA, 0xD1, 0x50, 0x14,
    0xE4, 0x60, 0x5D, 0x6A, 0xD0, 0x26, 0x23, 0x47, 0x5D, 0xA7, 0x32, 0x9A, 0x29, 0xEE, 0x7A, 0xE3,
    0x40, 0xDC, 0x88, 0x69, 0xD8, 0xD6, 0x27, 0xC9, 0x04, 0xEC, 0xC5, 0xD0, 0x8E, 0x18, 0xF5, 0xDF,
    0x2F, 0x62, 0x88, 0x43, 0xCF, 0xDC, 0x60, 0x77, 0xF5, 0xF9, 0xD8, 0x08, 0x11, 0x18, 0x16, 0xA0,
    0x0D, 0x62, 0x68, 0xA4, 0x18, 0xEA, 0xF1, 0x3C, 0xDB, 0xC8, 0x07, 0x03, 0xE0, 0x3B, 0xDC, 0x7D,
    0x11, 0x43, 0x31, 0xC4, 0xD0, 0x33, 0x4A, 0xD4, 0x19, 0x33, 0x51, 0x95, 0x2F, 0x3B, 0x39, 0xE6,
    0x7C, 0x44, 0xDA, 0x11, 0x8E, 0x25, 0x14, 0x27, 0x50, 0xC9, 0xD0, 0x1A, 0xD8, 0x6E, 0x2D, 0x40,
    0xE1, 0x04, 0x30, 0x82, 0xDB, 0x96, 0x02, 0x0F, 0xB2, 0x7E, 0x67, 0x70, 0x48, 0x96, 0xE8, 0x07,
    0x22, 0xB9, 0xA7, 0x48, 0xAC, 0xE5, 0xB3, 0xE9, 0xA8, 0x82, 0x9A, 0x52, 0x9F, 0x43, 0xA9, 0x01,
    0x94, 0x7B, 0x88, 0x0F, 0x61, 0x39, 0xD9, 0x50, 0x82, 0x20, 0x2D, 0x46, 0x04, 0xA1, 0xFC, 0x50,
    0xA1, 0x41, 0xCB, 0x95, 0x21, 0x85, 0xF9, 0x88, 0xD9, 0x7D, 0xA0, 0xD7, 0x8F, 0x24, 0xB5, 0xC3,
    0x80, 0x2A, 0xD1, 0x82, 0x51, 0x57, 0x08, 0xBA, 0x97, 0x7F, 0xA6, 0x88, 0xC1, 0x46, 0xE4, 0x87,
    0xE3, 0x56, 0x47, 0x58, 0xE5, 0x1C, 0xA3, 0xFC, 0x99, 0xA3, 0x4C, 0x5A, 0x1D, 0x67, 0x95, 0xF3,
    0x66, 0xC1, 0xA8, 0x37, 0x4B, 0x1B, 0x1D, 0xAD, 0xD5, 0xF1, 0xC6, 0x83, 0x8E, 0xB8, 0xAA, 0xA9,
    0x1B, 0xA2, 0x49, 0x47, 0x5D, 0x91, 0x41, 0x14, 0x53, 0x74, 0x8A, 0xE3, 0xB9, 0x82, 0x58, 0x4B,
    0x21, 0x55, 0xAB, 0x73, 0x9E, 0x55, 0x7F, 0x84, 0x9D, 0xEE, 0x87, 0x14, 0x63, 0x17, 0xBC, 0x49,
    0x4A, 0x65, 0x26, 0xE0, 0x26, 0x18, 0x1F, 0x2A, 0xEB, 0xCB, 0xA3, 0xFA, 0xF0, 0x4E, 0x0B, 0x2B,
    0x89, 0x3E, 0x11, 0xCD, 0x22, 0x7A, 0x74, 0x10, 0xC9, 0x1B, 0xD9, 0x1E, 0x82, 0xAF, 0xBA, 0x05,
    0x54, 0x92, 0xBD, 0x26, 0xA2, 0x3C, 0x98, 0x67, 0x73, 0x34, 0xE8, 0x05, 0xED, 0x8C, 0xD0, 0xA0,
    0xB3, 0xDC, 0x51, 0xE5, 0x5B, 0x29, 0xAA, 0x4A, 0x6D, 0x90, 0xA2, 0xCB, 0x08, 0xBB, 0xC7, 0x64,
    0x54, 0xD9, 0x50, 0xFD, 0x7C, 0x4E, 0x5A, 0x87, 0xC5, 0x5E, 0xEB, 0x1C, 0xE8, 0x54, 0x59, 0x20,
    0xAA, 0x47, 0xE5, 0x00, 0xE1, 0x59, 0xC9, 0x5F, 0x3E, 0xB0, 0x95, 0x72, 0xCF, 0x47, 0xF6, 0x17,
    0x9C, 0x80, 0xED, 0xEC, 0xDB, 0x5C, 0xD2, 0xAA, 0x13, 0x55, 0x33, 0x90, 0xDF, 0xB0, 0xFF, 0xC8,
    0x67, 0xA1, 0xC2, 0xB9, 0x4C, 0xB6, 0x47, 0x99, 0x3A, 0x79, 0x0E, 0x70, 0xE0, 0x5B, 0xB9, 0xC2,
    0x96, 0x32, 0xEE, 0xCA, 0xCA, 0x1C, 0xDA, 0x94, 0x2C, 0x74, 0xF4, 0x34, 0x45, 0x79, 0x69, 0xD2,
    0x59, 0x88, 0x57, 0xD4, 0xDC, 0xFF, 0x42, 0x37, 0x0B, 0xFE, 0x9E, 0xD4, 0x5E, 0x14, 0xFA, 0xFF,
    0x46, 0x01, 0x14, 0xCC, 0x50, 0xAE, 0x3F, 0x08, 0xE9, 0x63, 0xA0, 0x81, 0xC3, 0x92, 0xCD, 0xA2,
    0x56, 0xC9, 0xE8, 0x59, 0x2F, 0x9A, 0x3F, 0xEB, 0x33, 0x28, 0xB2, 0x0C, 0x16, 0x69, 0x26, 0x94,
    0xAE, 0x8B, 0x1B, 0x3B, 0x33, 0x96, 0xA7, 0x37, 0xC7, 0x08, 0x1A, 0xBF, 0x37, 0xCA, 0xD6, 0x3C,
    0xBA, 0x00, 0x85, 0x27, 0x48, 0xFE, 0x5C, 0x37, 0xFD, 0xCB, 0x9D, 0xDA, 0x5B, 0x8A, 0x95, 0xF7,
    0xEB, 0xDB, 0xEF, 0xD3, 0xFC, 0x8C, 0xD8, 0x0F, 0x00, 0x72, 0xD9, 0xA8, 0x9A, 0x58, 0x44, 0x6C,
    0x8F, 0x31, 0xC8, 0x60, 0x2B, 0x82, 0xDE, 0xB8, 0x1E, 0x64, 0xAC, 0xA2, 0x14, 0x30, 0xF8, 0x8C,
    0x7B, 0x48, 0x74, 0x83, 0xDC, 0xFD, 0xA5, 0x91, 0xCB, 0x5D, 0xD0, 0x78, 0xD9, 0x82, 0x07, 0x21,
    0xF9, 0x42, 0xE6, 0x4E, 0xC3, 0x65, 0xA6, 0x95, 0x6A, 0xDF, 0x05, 0x43, 0xC7, 0x23, 0x86, 0x2C,
    0xB7, 0x01, 0x97, 0xA6, 0xA3, 0x72, 0x52, 0x09, 0x2E, 0xCE, 0x7A, 0x50, 0x46, 0xC6, 0x18, 0xCF,
    0xB9, 0x03, 0x72, 0x8A, 0xEA, 0x9C, 0x9B, 0xC3, 0x1A, 0xD5, 0xC4, 0x40, 0x83, 0xB4, 0x29, 0x64,
    0x1B, 0x53, 0xA4, 0xF9, 0x4E, 0xF0, 0xCD, 0x2A, 0xD1, 0xB2, 0x92, 0xA2, 0xCA, 0x5D, 0x13, 0xE9,
    0x35, 0x90, 0x82, 0x5B, 0xD7, 0x14, 0x2A, 0x1B, 0x53, 0x95, 0xA0, 0x10, 0x8D, 0x39, 0x65, 0x13,
    0xAE, 0xF1, 0x9C, 0x64, 0x9C, 0x55, 0xE4, 0x15, 0x39, 0xC4, 0xE9, 0xEF, 0xB2, 0x9A, 0xEE, 0x87,
    0x84, 0x72, 0x11, 0x30, 0x15, 0xB6, 0x96, 0xED, 0x60, 0xAB, 0x86, 0xB4, 0x18, 0x3B, 0x38, 0x5F,
    0x38, 0x7B, 0x4B, 0x04, 0x21, 0x93, 0x52, 0xE3, 0x44, 0xD0, 0x39, 0x35, 0x93, 0x00, 0x1A, 0x28,
    0x65, 0xAC, 0xBE, 0x5C, 0x0C, 0xE4, 0x04, 0xAC, 0x16, 0xC3, 0xE0, 0xA5, 0xFB, 0x83, 0x17, 0x35,
    0x5C, 0xFB, 0x94, 0x72, 0xA6, 0xA6, 0x7A, 0xC6, 0x0D, 0x82, 0x59, 0x94, 0xD4, 0x4D, 0xAC, 0xB1,
    0x6C, 0xA8, 0x0F, 0x71, 0xE1, 0x5B, 0x63, 0xFA, 0x19, 0x2E, 0xBC, 0x6E, 0xCF, 0x76, 0x72, 0x61,
    0x34, 0xC8, 0xDB, 0x58, 0xE8, 0x49, 0xA0, 0x03, 0x99, 0x21, 0xB4, 0x33, 0xE6, 0x56, 0xD4, 0xD6,
    0xD2, 0xFE, 0xED, 0x04, 0x71, 0xF1, 0xC2, 0x98, 0x18, 0x3A, 0x10, 0x33, 0xA5, 0x91, 0x0B, 0x3D,
    0x68, 0x50, 0x61, 0x5E, 0xA1, 0x6C, 0xD2, 0x17, 0x56, 0x2C, 0x3D, 0x7B, 0x65, 0x4C, 0x2C, 0x8D,
    0xC6, 0x3E, 0x51, 0x4C, 0x16, 0x52, 0x20, 0x77, 0x04, 0x50, 0xF7, 0xC4, 0x64, 0xF7, 0xC0, 0x5B,
    0x5B, 0x98, 0x4C, 0xC1, 0x53, 0x41, 0x85, 0x6F, 0xD2, 0xE9, 0x0C, 0xF0, 0x4A, 0x74, 0x2F, 0x4C,
    0x16, 0x7E, 0x31, 0x26, 0xAB, 0xD5, 0x43, 0xD0, 0xA9, 0xBA, 0xF4, 0xCE, 0xE8, 0x6E, 0xA4, 0x50,
    0xBA, 0xC9, 0xDD, 0x84, 0xFD, 0x26, 0xB7, 0xAA, 0x60, 0x0A, 0xC1, 0xE9, 0x85, 0x15, 0xA0, 0x98,
    0x4C, 0x26, 0x8C, 0x3F, 0x9E, 0x21, 0x1F, 0xE3, 0x39, 0xD3, 0x23, 0xCC, 0xF4, 0xB9, 0x80, 0xED,
    0x3A, 0x81, 0x5D, 0x13, 0x1E, 0xD3, 0x11, 0xC7, 0x6C, 0xC0, 0xB1, 0xE8, 0xC1, 0x16, 0xF2, 0xBC,
    0x9E, 0x18, 0x0A, 0x93, 0x74, 0xDE, 0x29, 0x85, 0x36, 0xBE, 0x7D, 0x9B, 0x97, 0x91, 0xF5, 0x8F,
    0x89, 0x1E, 0xD4, 0x39, 0x93, 0x86, 0x4E, 0xA9, 0x29, 0x0D, 0xB3, 0x7B, 0xE2, 0xDA, 0x81, 0x0E,
    0x9D, 0xE8, 0x2B, 0xD2, 0xF9, 0x0B, 0xB1, 0xEF, 0x7E, 0x1A, 0x1E, 0x95, 0xC1, 0xED, 0xD0, 0x21,
    0x52, 0xD2, 0x8A, 0x13, 0x01, 0x0D, 0xEE, 0x23, 0x00, 0x52, 0x1B, 0x1B, 0xF0, 0xAB, 0x84, 0x8B,
    0x90, 0xE2, 0x1F, 0x88, 0xCD, 0xC1, 0xAF, 0x4A, 0xE0, 0x02, 0x7E, 0x25, 0x8E, 0x53, 0x0B, 0x2C,
    0x93, 0x1D, 0x96, 0xAB, 0xDA, 0x29, 0xBA, 0x6A, 0xC0, 0xD2, 0x4C, 0x0E, 0x1B, 0x2A, 0x3E, 0xE1,
    0xC6, 0x4B, 0xC6, 0x15, 0x12, 0x65, 0xC3, 0x8A, 0x7A, 0x40, 0x6F, 0x75, 0x4F, 0x38, 0xB7, 0x88,
    0x31, 0x67, 0x56, 0xC1, 0x91, 0x6E, 0x5C, 0x60, 0x72, 0x9D, 0x6E, 0xD2, 0x2D, 0x17, 0x58, 0xD0,
    0xDD, 0xCB, 0x05, 0xA6, 0xE8, 0x6B, 0x83, 0x56, 0xD5, 0x90, 0xAD, 0x9C, 0x1F, 0x54, 0x8C, 0x27,
    0xE7, 0x02, 0x83, 0x03, 0x12, 0x03, 0x0B, 0xE8, 0x10, 0x10, 0xC4, 0x9E, 0xCE, 0x4F, 0x81, 0x73,
    0x38, 0x20, 0x2A, 0x29, 0xA2, 0x82, 0x0E, 0x3C, 0x6B, 0x2F, 0x8B, 0x6D, 0x92, 0xDB, 0xA8, 0x8B,
    0xC7, 0x60, 0xC8, 0xCA, 0xA2, 0x8B, 0x1B, 0xB8, 0x45, 0x32, 0xEF, 0x94, 0xD0, 0xF6, 0xF4, 0x21,
    0x08, 0x4F, 0x91, 0xE0, 0x16, 0xC2, 0x73, 0x48, 0xB0, 0x33, 0x1B, 0x8B, 0xFE, 0x50, 0x08, 0xA9,
    0x5E, 0x18, 0xEA, 0x7C, 0x2E, 0x8B, 0x21, 0xAE, 0x79, 0xA8, 0xED, 0x37, 0x13, 0x5A, 0x37, 0x73,
    0x9E, 0x02, 0x85, 0x2E, 0xCE, 0xF3, 0xAC, 0x90, 0x26, 0x55, 0x40, 0x63, 0x1B, 0x21, 0x27, 0x90,
    0xA8, 0xF0, 0x56, 0x0F, 0xD6, 0x12, 0xC8, 0x91, 0x8C, 0x84, 0xE7, 0x84, 0x2C, 0xC9, 0x58, 0xF4,
    0x3C, 0x55, 0x1D, 0x9D, 0x28, 0x38, 0x71, 0xFF, 0x85, 0xC0, 0xEA, 0x55, 0x07, 0x5F, 0xB0, 0x20,
    0x2A, 0x21, 0x9D, 0x28, 0x22, 0xB9, 0x81, 0x5C, 0x14, 0x4F, 0xE9, 0x9C, 0x4C, 0x8A, 0x92, 0x75,
    0xFF, 0x01, 0x4A, 0x9B, 0x6C, 0x74, 0x03, 0x2B, 0x37, 0x27, 0x11, 0x70, 0x22, 0x94, 0x45, 0xDC,
    0x76, 0x96, 0x22, 0xC1, 0x14, 0x0D, 0xA8, 0x13, 0xCC, 0x5C, 0x81, 0x8C, 0x2A, 0xED, 0xBC, 0xBA,
    0xDE, 0xD2, 0x8E, 0x76, 0x9A, 0xA3, 0x52, 0xBF, 0x31, 0xD4, 0x4C, 0x35, 0x98, 0x75, 0xC5, 0x00,
    0x10, 0x55, 0xD7, 0xEB, 0xC3, 0x1C, 0x6D, 0x08, 0xB0, 0xAD, 0x62, 0xA1, 0x0E, 0x7C, 0xE7, 0x5B,
    0xB2, 0x46, 0x8A, 0xB9, 0xC9, 0xE2, 0xE4, 0xCE, 0x3B, 0xA9, 0x82, 0x17, 0xB2, 0x0C, 0x62, 0xDB,
    0x49, 0xDD, 0x87, 0xD8, 0x12, 0x8E, 0xF7, 0x5B, 0xC2, 0xA0, 0x8D, 0xB3, 0x55, 0x94, 0x13, 0xC8,
    0x29, 0x1B, 0xB3, 0xD7, 0xB9, 0x58, 0x32, 0x3D, 0x25, 0x25, 0x04, 0x74, 0x65, 0x3F, 0xB5, 0x60,
    0xE4, 0xCB, 0xD5, 0xAE, 0x6F, 0x6F, 0x19, 0x1A, 0x87, 0x42, 0x8F, 0x98, 0x9B, 0x50, 0x06, 0x61,
    0x5B, 0xF5, 0xA0, 0x45, 0x93, 0x33, 0x22, 0xF1, 0xB7, 0xDA, 0x5B, 0xAE, 0x4B, 0x04, 0x8A, 0x4C,
    0x50, 0xB9, 0x29, 0x0D, 0xCF, 0x13, 0xF3, 0xAF, 0x37, 0x26, 0xD7, 0xF6, 0xBE, 0xDA, 0xDA, 0x90,
    0xDC, 0x57, 0xDE, 0xCE, 0x94, 0x2F, 0x2B, 0xCA, 0x15, 0xAA, 0xEC, 0xE7, 0xD6, 0xBE, 0x09, 0xF0,
    0x64, 0xA7, 0xCA, 0xFE, 0xD1, 0xC2, 0x50, 0x15, 0xF8, 0xDC, 0x38, 0x82, 0x53, 0xBC, 0xB9, 0x11,
    0x28, 0xD1, 0x17, 0xFB, 0x19, 0x4E, 0x35, 0x25, 0x98, 0x0C, 0xD4, 0x91, 0x95, 0x0E, 0xB8, 0xE5,
    0x6A, 0x92, 0x4D, 0xAF, 0x36, 0x5B, 0x57, 0xD3, 0x5B, 0xE8, 0xAE, 0x76, 0xDE, 0xEA, 0xCD, 0xD5,
    0x93, 0xBB, 0x5A, 0x9F, 0xA3, 0x57, 0x3B, 0x2E, 0xD1, 0xAB, 0x23, 0x27, 0x74, 0x97, 0xAB, 0x81,
    0x2D, 0x9A, 0x50, 0x24, 0xF0, 0xE4, 0x1C, 0x14, 0xEB, 0xC2, 0x58, 0x05, 0x21, 0x6E, 0x76, 0xD9,
    0x77, 0x34, 0xBB, 0xE8, 0x9B, 0x9A, 0x5D, 0xEC, 0x26, 0xD5, 0x6F, 0xCD, 0x6E, 0x0F, 0xEB, 0xAD,
    0xCC, 0x07, 0x6B, 0x76, 0x71, 0xE3, 0x2F, 0x7E, 0x97, 0x85, 0x05, 0x57, 0x26, 0x84, 0xE4, 0x87,
    0x88, 0x9F, 0x5D, 0x94, 0x24, 0xBB, 0x82, 0xF9, 0xF7, 0x78, 0x62, 0x86, 0x59, 0x86, 0x1D, 0x86,
    0x7A, 0x0E, 0xA3, 0x8B, 0x1A, 0xEA, 0x0C, 0xE5, 0x27, 0x4A, 0xCA, 0x18, 0x2A, 0xD2, 0xA3, 0x8A,
    0xA4, 0xC7, 0xC3, 0x87, 0xFC, 0x12, 0x41, 0x42, 0xEE, 0xC4, 0x60, 0xB3, 0x6E, 0xA5, 0x20, 0x44,
    0x57, 0x2D, 0x9F, 0x2D, 0x7A, 0xF5, 0x77, 0x24, 0xD3, 0x09, 0x35, 0x30, 0x81, 0xF1, 0x9C, 0xFF,
    0x1A, 0x82, 0xA9, 0x05, 0xF4, 0x46, 0xD0, 0x07, 0x0E, 0x6C, 0x0D, 0x7E, 0x40, 0x6B, 0x2C, 0x9B,
    0x79, 0xD9, 0x7E, 0x54, 0x2B, 0xB1, 0x8A, 0x73, 0x65, 0x74, 0x2E, 0xCE, 0x68, 0xDC, 0x3E, 0x2D,
    0xF5, 0xDD, 0x8C, 0x52, 0xB6, 0x56, 0xB7, 0x8C, 0xAE, 0x4C, 0x3A, 0x91, 0xC2, 0x90, 0x9C, 0x98,
    0x65, 0xD5, 0x86, 0x76, 0x5D, 0xCE, 0x65, 0x11, 0x9F, 0xD5, 0xC5, 0x10, 0x05, 0xDE, 0xE2, 0xE6,
    0xB1, 0x75, 0x2B, 0x2F, 0xF2, 0x9A, 0x6B, 0x92, 0x8D, 0x5C, 0xB7, 0x7E, 0xC7, 0x32, 0xE8, 0x26,
    0x3F, 0xAF, 0xE8, 0xC8, 0xE7, 0xBC, 0x50, 0x8F, 0x74, 0xEF, 0xD4, 0x95, 0x1A, 0x77, 0xD4, 0x6A,
    0xEA, 0x51, 0xA0, 0xD4, 0x54, 0x27, 0x6F, 0xB7, 0x28, 0xE3, 0xD8, 0xB9, 0x7E, 0x07, 0xA2, 0x8E,
    0x86, 0x83, 0x94, 0x77, 0x7C, 0x47, 0x30, 0x65, 0x02, 0x8C, 0x2B, 0x27, 0xAB, 0x90, 0x9A, 0x64,
    0x28, 0x0E, 0xC5, 0x13, 0xA4, 0x35, 0xC6, 0x8E, 0x25, 0x40, 0x49, 0x73, 0xFC, 0x34, 0x4D, 0x66,
    0xC8, 0x3E, 0x38, 0xC5, 0x63, 0xA2, 0x3E, 0x0A, 0xB2, 0xA4, 0x76, 0x96, 0x4B, 0xD5, 0xFE, 0xF5,
    0xA2, 0xE2, 0x38, 0x8E, 0x70, 0xCF, 0xAF, 0x9E, 0x46, 0x50, 0xAD, 0xDD, 0xC4, 0x09, 0x1D, 0x62,
    0xA1, 0x2E, 0xE9, 0x32, 0x38, 0x3D, 0x02, 0x10, 0xBE, 0x2C, 0xF0, 0xA9, 0x88, 0xE1, 0xD6, 0xEA,
    0xC2, 0x0E, 0x25, 0xF8, 0xBC, 0x4C, 0x5B, 0x5D, 0x7D, 0x67, 0x38, 0xB7, 0x86, 0x86, 0xB5, 0xBC,
    0x9B, 0x17, 0x77, 0xE5, 0x86, 0x9C, 0x9B, 0xA7, 0x26, 0x20, 0x9D, 0x58, 0x32, 0x9B, 0x88, 0x3E,
    0x0E, 0x43, 0x44, 0x1E, 0x41, 0xBA, 0xE1, 0x5F, 0xC2, 0x45, 0x09, 0x8D, 0xA4, 0x0C, 0x4E, 0xAC,
    0x8A, 0x4E, 0x8E, 0xC0, 0x9E, 0xA4, 0xC7, 0xBB, 0x8C, 0x39, 0x49, 0x2C, 0x9D, 0x2A, 0x3B, 0x28,
    0x33, 0xC4, 0x59, 0x70, 0xF3, 0x88, 0x16, 0x12, 0xAC, 0xEF, 0x91, 0xEA, 0xCF, 0x92, 0x7D, 0xC1,
    0x6E, 0x00, 0x43, 0x11, 0x98, 0x32, 0xB4, 0xEE, 0xB6, 0x31, 0xD8, 0xBF, 0x56, 0x1F, 0x41, 0xA2,
    0xDE, 0x3A, 0x2C, 0xF6, 0xD1, 0x6A, 0xD7, 0x64, 0xBB, 0xE9, 0xC4, 0xA5, 0x4C, 0xC9, 0x4A, 0xB2,
    0xB0, 0x91, 0x86, 0x8E, 0x84, 0x3F, 0x2D, 0x03, 0x59, 0xDC, 0x82, 0x29, 0x87, 0xA4, 0x8B, 0xA5,
    0x43, 0x34, 0x4E, 0x7A, 0xE8, 0x68, 0x8C, 0xCE, 0x98, 0xFF, 0x22, 0x23, 0x58, 0xC6, 0x1C, 0xE1,
    0x71, 0x1B, 0xD5, 0xD5, 0xEF, 0x4E, 0x8C, 0x05, 0x4C, 0x14, 0xD7, 0x02, 0x44, 0xBB, 0xD5, 0xCB,
    0x2F, 0x37, 0xC4, 0x29, 0x52, 0xAF, 0x57, 0xAC, 0x6E, 0x2C, 0x8E, 0x92, 0x5B, 0x40, 0xA6, 0x74,
    0xCC, 0xD6, 0x8F, 0xD9, 0x7F, 0x36, 0xAA, 0x2F, 0x11, 0x05, 0x20, 0x03, 0x0A, 0xE0, 0xE8, 0xB0,
    0x51, 0xC5, 0x20, 0xEB, 0xE9, 0x7C, 0xA4, 0xD8, 0x91, 0xB1, 0x4C, 0x3A, 0x04, 0x99, 0xB3, 0xEC,
    0xD7, 0x12, 0xD1, 0xA6, 0x3C, 0x13, 0x21, 0x47, 0x00, 0xBB, 0x1E, 0x84, 0xC9, 0x3A, 0x81, 0x56,
    0x29, 0xC0, 0x65, 0x3C, 0x14, 0xD3, 0x7F, 0x0C, 0x38, 0xDD, 0xEA, 0x6D, 0xA5, 0xC1, 0x31, 0xDE,
    0x1F, 0xD4, 0x94, 0x61, 0xA4, 0x7A, 0xB8, 0x23, 0x12, 0x75, 0x77, 0x71, 0xF9, 0xC6, 0xEF, 0xC8,
    0x85, 0xA1, 0x8A, 0x97, 0x5E, 0xA0, 0x94, 0xED, 0xE4, 0xB9, 0x10, 0x01, 0xA0, 0x74, 0xD6, 0x09,
    0xDD, 0x05, 0x40, 0x02, 0xD6, 0xD2, 0x8E, 0xC4, 0x44, 0x8B, 0x56, 0x54, 0x5A, 0xDA, 0x87, 0x78,
    0x47, 0xC6, 0x15, 0xCE, 0x3A, 0x96, 0x68, 0x04, 0xEF, 0xD9, 0xFF, 0x85, 0x9D, 0x4A, 0xAE, 0xDC,
    0x51, 0xDC, 0xB1, 0x43, 0x3B, 0x51, 0x94, 0x65, 0x5F, 0xB5, 0xD1, 0x88, 0xB5, 0xCD, 0xB3, 0xB6,
    0x90, 0x31, 0x63, 0xC7, 0xBC, 0x64, 0x2F, 0x17, 0x6D, 0x36, 0xC0, 0x30, 0xDA, 0x11, 0x4B, 0x45,
    0xF6, 0xCE, 0x55, 0x48, 0x5C, 0xB8, 0x61, 0xAF, 0x40, 0x68, 0xC3, 0x6B, 0x9A, 0xC3, 0x7B, 0xE4,
    0xAB, 0x1F, 0xE6, 0x86, 0x42, 0x54, 0xF9, 0x57, 0xEE, 0x4F, 0x02, 0x79, 0x9E, 0x90, 0xA9, 0x93,
    0xE7, 0x19, 0x63, 0xE6, 0x3C, 0xE1, 0x1B, 0x32, 0xC0, 0x98, 0x5C, 0x06, 0xAC, 0x88, 0x8B, 0x7D,
    0xFE, 0x5E, 0x06, 0x59, 0x99, 0xEA, 0x1A, 0xEC, 0x9F, 0x79, 0x1D, 0x1E, 0x14, 0x2D, 0xD6, 0x09,
    0x6C, 0x40, 0xA4, 0xB4, 0x88, 0x2E, 0xF5, 0x1E, 0x51, 0x6E, 0x21, 0x1E, 0xA8, 0x0A, 0x5C, 0x18,
    0x0F, 0x98, 0x08, 0xBB, 0xAA, 0x8D, 0x21, 0x62, 0xEC, 0x65, 0x78, 0x8F, 0xE5, 0x52, 0x19, 0xEF,
    0x3A, 0x70, 0xD1, 0xF9, 0xD0, 0x46, 0x27, 0xB1, 0x40, 0x59, 0x1F, 0x42, 0x9C, 0x81, 0xA7, 0x68,
    0x81, 0x0F, 0x3A, 0x36, 0x79, 0x58, 0x49, 0x5B, 0xBA, 0xF8, 0x40, 0x6E, 0x12, 0xCC, 0xC1, 0x1C,
    0xCE, 0xD1, 0x18, 0x4F, 0x98, 0x72, 0xB2, 0x0B, 0x77, 0x17, 0x34, 0xE1, 0x0D, 0x8E, 0x5D, 0x6E,
    0xFA, 0x67, 0xF2, 0x7A, 0x42, 0x5E, 0xF2, 0xA4, 0x40, 0xAE, 0x4A, 0x3B, 0x02, 0xC4, 0x4A, 0xC8,
    0x51, 0xDC, 0x30, 0x67, 0x4C, 0x2A, 0xDC, 0x3C, 0xFB, 0xB3, 0x6F, 0x21, 0x65, 0x4E, 0x4E, 0x62,
    0x9B, 0xA7, 0x2F, 0x89, 0x5D, 0x9C, 0xBE, 0x3B, 0x3D, 0x69, 0xEC, 0xD5, 0xB1, 0x78, 0x63, 0x78,
    0xC2, 0x54, 0xEF, 0x8F, 0x42, 0xA7, 0x7F, 0x6D, 0xAA, 0x0F, 0x76, 0xAD, 0xF3, 0xDC, 0xED, 0x39,
    0xDB, 0x45, 0x96, 0xFC, 0xFA, 0xF6, 0x6C, 0x8E, 0xC8, 0x79, 0xE7, 0xE3, 0xD9, 0xFC, 0x85, 0xE7,
    0xD9, 0xEC, 0xFD, 0xD9, 0xFC, 0x38, 0x3D, 0x3F, 0x66, 0xB2, 0x34, 0x43, 0x71, 0x75, 0x10, 0x05,
    0x74, 0x52, 0x4C, 0xEF, 0xB6, 0xB8, 0x4C, 0x43, 0xAC, 0xAC, 0x04, 0xE7, 0x97, 0x91, 0xF0, 0x79,
    0x8E, 0x80, 0xDF, 0x31, 0xE5, 0x33, 0x93, 0xDC, 0x10, 0x09, 0xD8, 0x08, 0xEF, 0x80, 0x37, 0xA0,
    0xB3, 0x1F, 0xA5, 0x27, 0x0E, 0x1E, 0x58, 0x4A, 0xE8, 0xD1, 0xA1, 0x9F, 0xB4, 0xFF, 0x89, 0x10,
    0x38, 0x16, 0x00, 0x15, 0x8A, 0x90, 0x79, 0x63, 0x7E, 0x86, 0xEE, 0xED, 0xD2, 0x87, 0x78, 0x7A,
    0xAC, 0xAA, 0x53, 0x79, 0x52, 0x99, 0x75, 0x7F, 0x8E, 0x03, 0x39, 0x07, 0xBB, 0x0C, 0x87, 0xAA,
    0x09, 0xE7, 0x65, 0x93, 0xE0, 0x50, 0x92, 0x19, 0x63, 0x30, 0x61, 0x22, 0xDC, 0x24, 0xF7, 0xE5,
    0x41, 0x2E, 0x4A, 0xFB, 0x74, 0x3E, 0x02, 0x97, 0xEF, 0x8B, 0x10, 0xC1, 0x72, 0xC1, 0x4B, 0xD8,
    0x1A, 0xF4, 0x91, 0xCD, 0x9E, 0x48, 0xC8, 0x39, 0x90, 0x71, 0x59, 0xC1, 0x7A, 0x8A, 0x8A, 0x13,
    0xA7, 0x89, 0x1F, 0xDC, 0xC3, 0x65, 0xE9, 0xD3, 0xB7, 0x01, 0x98, 0xDF, 0x80, 0x33, 0x40, 0x58,
    0x68, 0xEA, 0x83, 0x39, 0x6E, 0xE4, 0xA3, 0x22, 0xAA, 0xAB, 0x77, 0xE1, 0xFE, 0x2A, 0xC0, 0x1C,
    0xF0, 0x31, 0xA9, 0xB7, 0x05, 0x48, 0x17, 0x74, 0xBD, 0x65, 0xEB, 0x5A, 0xF8, 0xEB, 0x17, 0xE7,
    0x6D, 0x68, 0xC7, 0x64, 0x10, 0x4A, 0x16, 0x4D, 0x32, 0xE3, 0xA9, 0x0D, 0x4D, 0x24, 0x07, 0x12,
    0xA0, 0x0A, 0xE1, 0x3C, 0x31, 0x59, 0xBE, 0x39, 0x16, 0xCC, 0xA6, 0xA8, 0xA8, 0x20, 0xE4, 0x23,
    0x40, 0x1A, 0x10, 0x81, 0x3E, 0x8F, 0xC1, 0x00, 0x07, 0x46, 0x88, 0xBD, 0x1F, 0x3D, 0xDF, 0x45,
    0xB2, 0xF3, 0x6F, 0xCA, 0xDA, 0x1D, 0xC9, 0xE0, 0xDC, 0x7A, 0x3D, 0x43, 0xC0, 0x63, 0x48, 0x6E,
    0x18, 0x7F, 0xCE, 0xE9, 0x0B, 0x82, 0x75, 0x8B, 0x10, 0x0C, 0x92, 0x70, 0x7A, 0x46, 0x85, 0xAA,
    0x81, 0xF9, 0x12, 0x30, 0xF6, 0xE0, 0xBC, 0x1E, 0xB1, 0xC6, 0x1E, 0x4C, 0x04, 0xE8, 0x91, 0x31,
    0xA3, 0x7E, 0x9F, 0x2E, 0xE1, 0x74, 0x7B, 0x9E, 0x64, 0x1C, 0xE1, 0x67, 0x76, 0x17, 0xCA, 0xE6,
    0xBA, 0x60, 0x6B, 0xB9, 0xE7, 0x15, 0xC1, 0xD7, 0xE6, 0x48, 0x72, 0x05, 0x7B, 0x27, 0xDD, 0x79,
    0x5A, 0x6C, 0x1A, 0x2F, 0x93, 0x4D, 0x16, 0xD8, 0xFF, 0x9C, 0x4D, 0xB2, 0x3E, 0x76, 0x12, 0x9C,
    0x24, 0x32, 0xED, 0xC2, 0x63, 0x02, 0x7E, 0xFB, 0x0A, 0x62, 0xF0, 0x47, 0xDB, 0x62, 0xB0, 0x68,
    0x65, 0xF4, 0x45, 0x23, 0x83, 0xAF, 0x28, 0x30, 0x11, 0xE5, 0xD5, 0x43, 0x99, 0xD0, 0x48, 0x83,
    0xE8, 0xE4, 0x9A, 0x6C, 0x89, 0x4E, 0x59, 0xC7, 0xFF, 0x84, 0xC5, 0x9C, 0x84, 0x2D, 0x2B, 0xE0,
    0x18, 0x00, 0x09, 0x19, 0x6F, 0xF5, 0x3E, 0xAE, 0x15, 0xD5, 0x33, 0x03, 0x4C, 0x88, 0x46, 0x80,
    0x32, 0xFF, 0x08, 0xD0, 0x12, 0xF0, 0xF0, 0x3A, 0x44, 0xC0, 0xB2, 0xCB, 0x47, 0xDC, 0xE9, 0xA4,
    0xE8, 0xCB, 0x36, 0xA1, 0x2C, 0xF8, 0xD8, 0xAA, 0x29, 0x79, 0x0C, 0x46, 0x53, 0xF5, 0x86, 0xBC,
    0xB1, 0xF8, 0xE8, 0x05, 0x33, 0x0E, 0x00, 0xA5, 0x0D, 0x91, 0x69, 0xD5, 0x04, 0x60, 0x1F, 0xC7,
    0x43, 0xD0, 0x37, 0x0B, 0xFB, 0x94, 0x31, 0xDC, 0x3E, 0x8E, 0x87, 0x60, 0x42, 0xD2, 0x8E, 0x14,
    0x2B, 0xF2, 0x5F, 0x66, 0xAD, 0xEC, 0xEA, 0x42, 0xEE, 0x73, 0xC3, 0x3C, 0x66, 0x5F, 0xBB, 0xE1,
    0xFC, 0x1E, 0xA1, 0x7D, 0x97, 0xC6, 0x95, 0x48, 0x64, 0x32, 0xA3, 0x70, 0xA6, 0x66, 0x0F, 0x50,
    0x58, 0x23, 0x81, 0x60, 0xA0, 0x2D, 0x52, 0x22, 0x9A, 0xD4, 0xD3, 0x4E, 0xD1, 0x68, 0x7B, 0x38,
    0x3B, 0x91, 0x2E, 0x63, 0x87, 0xC2, 0x7C, 0x8E, 0x2E, 0x90, 0xD9, 0x38, 0xD9, 0xAD, 0x2E, 0x90,
    0x61, 0x05, 0x14, 0x69, 0x67, 0xD6, 0x24, 0x0F, 0x32, 0x93, 0x82, 0x5A, 0x10, 0x2D, 0x81, 0xB6,
    0x01, 0x67, 0x3F, 0x3B, 0x06, 0xB3, 0xCF, 0x9C, 0x8C, 0x78, 0x50, 0xE9, 0x09, 0xE5, 0xE8, 0x5E,
    0x47, 0xE4, 0xF5, 0x63, 0x79, 0xFD, 0x5E, 0x76, 0xD2, 0x90, 0x0E, 0x31, 0xE2, 0x17, 0x82, 0x97,
    0xE5, 0x8E, 0x22, 0xC4, 0xBC, 0xEA, 0x15, 0xD1, 0x70, 0xA4, 0x56, 0x62, 0x9B, 0x9D, 0xC5, 0x36,
    0xE8, 0xEC, 0x00, 0x02, 0x97, 0xD0, 0xB2, 0xF0, 0xD7, 0xD4, 0x18, 0x36, 0x45, 0x6F, 0x24, 0x22,
    0x35, 0xC7, 0x54, 0xB1, 0x17, 0x6B, 0x9E, 0x64, 0xB6, 0x03, 0x4F, 0xC9, 0xC0, 0x8B, 0xD2, 0x9E,
    0x17, 0x09, 0xED, 0x46, 0xAA, 0x4C, 0x5E, 0x94, 0xB5, 0x38, 0xFD, 0x7B, 0x68, 0x30, 0x11, 0x98,
    0x95, 0x98, 0xF4, 0x78, 0xBC, 0x30, 0x57, 0x26, 0x40, 0x45, 0x68, 0xDB, 0xFC, 0x88, 0xCE, 0x22,
    0x8C, 0x45, 0x64, 0xD4, 0x0C, 0x3B, 0x3B, 0x1E, 0x13, 0xF8, 0xD5, 0x3A, 0x86, 0x8F, 0xDE, 0xA7,
    0xD4, 0x7A, 0x8D, 0xE9, 0x41, 0x0C, 0x33, 0x11, 0x0C, 0xA4, 0xA4, 0x56, 0x35, 0xAF, 0x21, 0x52,
    0xE7, 0xDC, 0xD1, 0x80, 0x51, 0x4B, 0x22, 0x1A, 0x0D, 0x4A, 0x99, 0x88, 0x7B, 0xB1, 0x42, 0x28,
    0x36, 0xC0, 0x96, 0xD6, 0xBC, 0x23, 0x21, 0x62, 0xB3, 0x25, 0x7A, 0x8C, 0xF7, 0x9B, 0x45, 0x73,
    0x82, 0xD4, 0x38, 0x3E, 0xA2, 0xDE, 0xA6, 0x4C, 0xE3, 0x30, 0x54, 0x5D, 0xD1, 0x64, 0x56, 0x5B,
    0xB1, 0xB2, 0xAA, 0xC5, 0xE9, 0x04, 0x4F, 0x85, 0xD5, 0x04, 0x5D, 0x4D, 0x30, 0x3B, 0xA1, 0x6F,
    0xCF, 0x8B, 0x0A, 0xAD, 0x8B, 0x4F, 0x41, 0xBF, 0x64, 0xAC, 0x64, 0xEE, 0xA1, 0x98, 0xFA, 0xE0,
    0xBB, 0xB7, 0x40, 0x9A, 0xEA, 0x3A, 0x49, 0x7B, 0x4B, 0xDF, 0x96, 0xD7, 0x10, 0xCF, 0xF2, 0xC9,
    0x09, 0x9F, 0x7C, 0x19, 0xDC, 0x2D, 0x6F, 0xBD, 0x0B, 0x0F, 0x80, 0x55, 0x4F, 0xAF, 0x26, 0xD0,
    0xF0, 0xD9, 0xCA, 0x1B, 0x2E, 0xFB, 0x46, 0xB3, 0x14, 0x9C, 0x17, 0x89, 0xC6, 0x87, 0x3A, 0x60,
    0x10, 0x9A, 0xBB, 0x24, 0xB2, 0xC0, 0x13, 0x8D, 0x21, 0xD2, 0x0F, 0xDE, 0xFE, 0x79, 0x36, 0xE1,
    0x3C, 0xFF, 0x95, 0x7C, 0x72, 0xE6, 0x65, 0x46, 0xB3, 0x8D, 0xDC, 0x9D, 0x78, 0x23, 0xC6, 0x27,
    0x62, 0xFC, 0x3B, 0x04, 0xA0, 0x3B, 0x2F, 0x3A, 0x29, 0xBA, 0xDB, 0xD9, 0xFA, 0xA4, 0xED, 0x93,
    0xB9, 0xAB, 0x64, 0x2F, 0x0F, 0x51, 0x6F, 0xD2, 0x1B, 0x0F, 0x54, 0x47, 0x78, 0xC3, 0x62, 0x99,
    0xD1, 0xBB, 0xE4, 0xD3, 0x4D, 0x42, 0x00, 0xCE, 0x48, 0x97, 0x31, 0x8F, 0x0B, 0x7D, 0x53, 0x81,
    0x00, 0x2F, 0x55, 0x9D, 0x08, 0xE2, 0x01, 0xB7, 0xC2, 0xDD, 0x4F, 0x82, 0xA2, 0x18, 0x0D, 0x40,
    0x02, 0x1E, 0x52, 0x61, 0x8B, 0x08, 0x5E, 0x9E, 0xB9, 0x77, 0x5A, 0x5D, 0xE9, 0x68, 0x3A, 0x22,
    0xAB, 0xF7, 0x1A, 0x56, 0xB8, 0x84, 0xFF, 0xF8, 0x31, 0xE1, 0xEC, 0x86, 0xE2, 0xAD, 0x6A, 0xB2,
    0xEE, 0x84, 0x32, 0x7C, 0xB0, 0x9C, 0xC8, 0xF7, 0xE0, 0x6C, 0x79, 0x57, 0xD9, 0x7F, 0xE5, 0xFB,
    0xE5, 0x44, 0xBE, 0x07, 0xFB, 0x53, 0xDA, 0xE1, 0xA2, 0x95, 0xEF, 0xBB, 0x54, 0x44, 0x32, 0x7C,
    0x3B, 0x63, 0x36, 0x3B, 0xF7, 0xEE, 0xC5, 0x44, 0x96, 0xF5, 0xB6, 0x1D, 0x65, 0x29, 0x2F, 0xE5,
    0x10, 0xAD, 0xDF, 0xE5, 0xD3, 0xB7, 0x2C, 0x5F, 0x5F, 0x4F, 0x9E, 0xB3, 0x83, 0x35, 0x59, 0xC1,
    0x57, 0xB0, 0x16, 0xA8, 0xB7, 0xC6, 0x73, 0x31, 0x67, 0x1A, 0xA4, 0x2D, 0xDC, 0x4A, 0x42, 0x71,
    0x03, 0x11, 0xEC, 0x9D, 0x2A, 0x5A, 0x97, 0x37, 0x18, 0xC1, 0xAD, 0xA6, 0xD6, 0xA5, 0x48, 0x62,
    0xD9, 0xCC, 0x80, 0x65, 0x72, 0x09, 0xA6, 0x47, 0x04, 0x17, 0x4D, 0xC2, 0x13, 0x89, 0xC8, 0x54,
    0xD9, 0x7D, 0x13, 0x70, 0x7B, 0x4E, 0x50, 0x76, 0x62, 0x2C, 0x60, 0x27, 0x0F, 0x05, 0xEC, 0x1B,
    0x70, 0x89, 0xB2, 0x89, 0x88, 0x80, 0x90, 0x71, 0xAD, 0x90, 0x89, 0x7D, 0xB8, 0x7B, 0x01, 0x7B,
    0xB2, 0x2D, 0x1A, 0xAC, 0xB1, 0xD0, 0x43, 0x6E, 0x0E, 0xE9, 0x83, 0x63, 0xDA, 0xCB, 0xB1, 0x4C,
    0x3B, 0x41, 0x72, 0x42, 0x8B, 0xF4, 0x73, 0xFB, 0xB4, 0x3C, 0xE7, 0x23, 0x6B, 0x43, 0xCD, 0x3E,
    0x12, 0x99, 0x53, 0x34, 0xF2, 0x2C, 0x4F, 0x9E, 0xCB, 0x78, 0x91, 0x73, 0x92, 0x61, 0x5F, 0x17,
    0xD0, 0x98, 0xF6, 0x02, 0xEE, 0x2C, 0x04, 0x6B, 0x44, 0xFA, 0x5D, 0x95, 0xA1, 0xE3, 0x86, 0x55,
    0x2D, 0xB7, 0x78, 0x5A, 0x2C, 0xDF, 0xB3, 0x03, 0xEE, 0xE3, 0x83, 0x43, 0x11, 0x85, 0x87, 0x91,
    0x93, 0xFD, 0x52, 0x1E, 0x8D, 0x45, 0x10, 0x21, 0xF6, 0xD4, 0xAB, 0xCA, 0x62, 0x03, 0x71, 0x2C,
    0x8C, 0xA2, 0x98, 0x69, 0x4A, 0xD8, 0x57, 0xF1, 0x78, 0x1C, 0x68, 0xAB, 0x16, 0xB8, 0x29, 0xAB,
    0xEA, 0x23, 0x3B, 0xA3, 0x92, 0x8F, 0xFB, 0x04, 0xD6, 0xC7, 0x46, 0xD8, 0x05, 0x1E, 0x83, 0x2A,
    0x35, 0xB0, 0x24, 0x10, 0xAB, 0x70, 0x75, 0x87, 0x74, 0xAC, 0x1E, 0x4A, 0x0E, 0x72, 0x10, 0x5A,
    0x25, 0xFB, 0x94, 0x39, 0x13, 0xD9, 0x67, 0x74, 0xAC, 0x14, 0x96, 0x5E, 0x12, 0x9C, 0xA0, 0x2B,
    0x3F, 0x61, 0xFE, 0x16, 0x80, 0x7C, 0xA6, 0xB0, 0x18, 0xEA, 0xF2, 0x3C, 0x76, 0xA3, 0x27, 0x02,
    0x25, 0x07, 0xB6, 0xCB, 0xED, 0x15, 0x30, 0x42, 0x8F, 0x2C, 0xAA, 0x0C, 0x6E, 0x1E, 0x6C, 0xFE,
    0x1F, 0x39, 0x9F, 0xBE, 0xCC, 0xA8, 0x67, 0x44, 0x9D, 0x8A, 0x8A, 0xEA, 0x2C, 0x04, 0xAE, 0x81,
    0xB4, 0xC9, 0xFA, 0x8A, 0xF4, 0xE9, 0x9C, 0x17, 0xDE, 0xBE, 0x2B, 0x6B, 0x52, 0x5D, 0x46, 0x9C,
    0xAA, 0x95, 0x77, 0x64, 0xA8, 0x62, 0x4A, 0xC9, 0x12, 0x3C, 0x0A, 0xC6, 0xBB, 0x98, 0x21, 0x78,
    0x2C, 0xC8, 0x34, 0xDA, 0x85, 0x6B, 0x58, 0x0D, 0x9E, 0x64, 0x50, 0x6B, 0x9E, 0xB2, 0x2B, 0x6D,
    0x56, 0xCF, 0xCB, 0x37, 0x85, 0xC7, 0xA3, 0x26, 0xCD, 0x35, 0x49, 0xB3, 0xC7, 0x84, 0xE5, 0x17,
    0xFC, 0x65, 0x13, 0x65, 0x3D, 0x81, 0xE7, 0x83, 0x6F, 0xA7, 0xAA, 0xC6, 0x83, 0x64, 0xE0, 0xA2,
    0xCF, 0x46, 0x18, 0x43, 0x6F, 0xC8, 0xFE, 0xD9, 0x85, 0x1A, 0x22, 0x55, 0x6E, 0xA8, 0x27, 0x02,
    0x0F, 0x83, 0xFD, 0x55, 0xE3, 0x69, 0x90, 0x6E, 0x35, 0x1E, 0xA7, 0x81, 0x23, 0x3C, 0xCF, 0x78,
    0xFF, 0x01, 0x83, 0xAF, 0x15, 0xBD, 0x06, 0x14, 0xB9, 0xF0, 0x12, 0xFF, 0x9D, 0xFD, 0x55, 0x4E,
    0x9F, 0x0A, 0x2D, 0x70, 0xCF, 0xFE, 0x7C, 0xA6, 0x7E, 0xA0, 0x17, 0x52, 0x08, 0xBC, 0x33, 0xD1,
    0x4F, 0x2D, 0x2A, 0xA9, 0x10, 0xD1, 0x85, 0x67, 0xCB, 0x67, 0x49, 0xEB, 0x0C, 0x16, 0x1E, 0x16,
    0xE9, 0x59, 0x31, 0x28, 0xC7, 0x14, 0x6B, 0x00, 0x04, 0x71, 0x1E, 0x6B, 0x8C, 0xCB, 0x5B, 0x88,
    0x56, 0xEE, 0x71, 0xB7, 0xD1, 0x20, 0xF2, 0x7D, 0x35, 0xAD, 0x0D, 0x6D, 0x2F, 0x33, 0xE7, 0x2E,
    0x48, 0xAB, 0x14, 0x86, 0x6F, 0x05, 0x17, 0x91, 0xF4, 0x1D, 0x73, 0x29, 0x5C, 0xC4, 0xF9, 0x9B,
    0xB4, 0xE4, 0x8A, 0x5D, 0x90, 0x00, 0xA1, 0x97, 0x1D, 0xD9, 0x85, 0x1E, 0x78, 0x26, 0x01, 0x08,
    0xFE, 0x4D, 0x32, 0x3A, 0xA7, 0x8E, 0x08, 0x03, 0x90, 0xA4, 0xE3, 0xAD, 0x68, 0xE2, 0xC9, 0x5C,
    0x4F, 0xC3, 0xC5, 0x57, 0x0B, 0x42, 0x84, 0xA1, 0x5E, 0xE4, 0xE4, 0x2D, 0xDA, 0x99, 0x18, 0x8B,
    0x18, 0x36, 0xB1, 0x00, 0xD4, 0xE2, 0xFC, 0x24, 0xFC, 0x20, 0xB2, 0xFC, 0x88, 0x3A, 0xB0, 0xE1,
    0x8C, 0x75, 0xAF, 0x82, 0x5E, 0xA6, 0x44, 0xC4, 0xA2, 0x88, 0x94, 0x67, 0x87, 0x48, 0xD0, 0x42,
    0x06, 0xE7, 0xB8, 0x39, 0x01, 0x22, 0x88, 0x51, 0x21, 0x06, 0x32, 0xB7, 0x85, 0x68, 0x6E, 0x97,
    0x8C, 0xE8, 0x09, 0xBF, 0xCE, 0xC8, 0x46, 0xA8, 0x9A, 0xC5, 0x8D, 0x49, 0x69, 0x04, 0x90, 0x45,
    0xD3, 0x3F, 0x81, 0x9F, 0x5F, 0xF6, 0xF1, 0x73, 0xF6, 0x92, 0x70, 0x4A, 0xB2, 0x2B, 0x32, 0x4E,
    0x66, 0x72, 0x72, 0x12, 0xFB, 0xA0, 0x95, 0x13, 0xFE, 0xB5, 0x30, 0x13, 0x76, 0x5D, 0xE9, 0x33,
    0xFB, 0x97, 0x7E, 0x6F, 0x66, 0x5D, 0x6B, 0x34, 0x52, 0xB6, 0x03, 0x50, 0x06, 0xA2, 0xB2, 0x23,
    0x17, 0x2A, 0x41, 0xA2, 0xD5, 0x53, 0x79, 0x3A, 0x23, 0xEB, 0x3D, 0x0F, 0xB9, 0x48, 0x7E, 0xAF,
    0x69, 0x61, 0xD8, 0x11, 0x78, 0xE1, 0x77, 0xBF, 0xDF, 0x70, 0xEB, 0x3F, 0x00, 0x1B, 0x76, 0x7C,
    0x51, 0x7E, 0x40, 0xB0, 0xE0, 0x05, 0x53, 0x0E, 0xBA, 0xCC, 0xBD, 0x3C, 0x46, 0x09, 0x4A, 0x8E,
    0x82, 0xE6, 0x84, 0x7B, 0x61, 0x4D, 0x59, 0x11, 0xE0, 0x56, 0x5E, 0x90, 0xD6, 0xDF, 0x14, 0x35,
    0x21, 0x0D, 0x72, 0xD2, 0x9C, 0xF7, 0x53, 0x23, 0x4A, 0xA9, 0x0B, 0x80, 0x51, 0xD3, 0x6A, 0x26,
    0x59, 0x71, 0x96, 0x5E, 0xB9, 0x8F, 0x98, 0xB3, 0x31, 0xD2, 0x1E, 0x4F, 0xCF, 0x63, 0xA3, 0x05,
    0x7D, 0x46, 0x1F, 0x24, 0xD4, 0xAD, 0x89, 0x44, 0x4C, 0xCA, 0x98, 0x44, 0x9A, 0xC3, 0x25, 0x51,
    0x0B, 0xD4, 0x69, 0xAF, 0x89, 0x2E, 0x88, 0xA6, 0xAC, 0x90, 0xF5, 0x17, 0x01, 0xD4, 0x09, 0x86,
    0xEF, 0x33, 0xF8, 0x87, 0x26, 0xC4, 0x9A, 0x76, 0x76, 0xB1, 0xD9, 0x77, 0x5A, 0x19, 0xC6, 0x0E,
    0x5C, 0x79, 0x36, 0x55, 0xF1, 0xBB, 0x1E, 0xA9, 0xC9, 0x0C, 0x15, 0x99, 0x81, 0x1E, 0xA3, 0x00,
    0xB5, 0x76, 0xC0, 0x51, 0x84, 0xA7, 0x70, 0x56, 0x60, 0x45, 0xD1, 0x4D, 0x10, 0xCB, 0xF0, 0x68,
    0x40, 0x38, 0x87, 0x33, 0x90, 0x66, 0x34, 0x02, 0xA9, 0xCA, 0xC3, 0xB0, 0x89, 0x31, 0x28, 0xF8,
    0x59, 0x8E, 0xBE, 0x0A, 0xD9, 0x56, 0xBB, 0x64, 0x73, 0x02, 0x24, 0x90, 0xF0, 0x6F, 0xED, 0xAF,
    0xC0, 0xFD, 0x83, 0x4B, 0x22, 0xDD, 0xDE, 0xA0, 0x22, 0x81, 0x26, 0xB8, 0x0E, 0x4B, 0x40, 0x5C,
    0xD1, 0xA3, 0x05, 0x4F, 0x39, 0x84, 0x21, 0x1C, 0x41, 0x1D, 0xB1, 0x4C, 0x0A, 0x4D, 0x04, 0x55,
    0xE3, 0x50, 0x2F, 0xF1, 0x4E, 0x2C, 0xE6, 0xCE, 0x2B, 0x62, 0x09, 0xD9, 0xD9, 0xE6, 0x11, 0x57,
    0xF8, 0xE8, 0x92, 0x0C, 0xAB, 0x69, 0x0C, 0x8D, 0xC3, 0xA5, 0x20, 0xE9, 0xB2, 0x0F, 0x1F, 0x90,
    0x3D, 0xCA, 0x9C, 0xD6, 0x60, 0x5C, 0x30, 0xAA, 0xBF, 0x71, 0xA9, 0x86, 0xC3, 0x56, 0x45, 0xC3,
    0x03, 0x05, 0x70, 0x2E, 0xEB, 0xFB, 0xF7, 0xA0, 0x41, 0x00, 0x30, 0x39, 0x9E, 0x23, 0xAE, 0x6C,
    0x57, 0x0C, 0x6B, 0x74, 0x3C, 0x88, 0xD6, 0xCA, 0x8E, 0xEC, 0x1F, 0x81, 0xE1, 0x51, 0x0A, 0xC5,
    0x81, 0xD0, 0x44, 0xF9, 0xC2, 0x89, 0x49, 0x0E, 0x1E, 0x33, 0x48, 0xB2, 0x5B, 0x98, 0x49, 0xF1,
    0x89, 0x46, 0x81, 0xEB, 0x25, 0xBA, 0xC8, 0xED, 0xC1, 0x6C, 0x09, 0x15, 0x08, 0xCE, 0xF9, 0x1E,
    0xAC, 0xA8, 0x9F, 0x89, 0x68, 0x40, 0xFC, 0x42, 0x86, 0x06, 0xFB, 0x28, 0x7D, 0x03, 0xEF, 0x31,
    0x51, 0x4A, 0x53, 0x92, 0x42, 0x86, 0xEC, 0x74, 0x48, 0x0F, 0x88, 0x22, 0xFF, 0x13, 0x14, 0x21,
    0xA2, 0x1D, 0x16, 0x98, 0x45, 0x90, 0x45, 0x05, 0x18, 0xD6, 0x8A, 0xAB, 0xC4, 0xD2, 0xF8, 0xED,
    0x6F, 0x8D, 0xAE, 0xB1, 0xC8, 0xC1, 0xFF, 0xED, 0xEC, 0x18, 0x68, 0x0D, 0x2D, 0x9F, 0xA9, 0xB3,
    0x93, 0xF6, 0xFC, 0x80, 0xA0, 0x43, 0x5A, 0x9E, 0x13, 0x45, 0xD0, 0x7B, 0x9A, 0xF4, 0x1D, 0x2D,
    0xD9, 0x88, 0x2D, 0xC3, 0x5D, 0x34, 0x3F, 0x27, 0x4D, 0x80, 0x84, 0x59, 0xAB, 0xE1, 0x12, 0x18,
    0xBF, 0x88, 0x22, 0xB9, 0xA0, 0x43, 0x06, 0x07, 0xBE, 0x20, 0xC3, 0x18, 0xC9, 0x93, 0xA9, 0x9A,
    0xC9, 0xF4, 0x8F, 0x23, 0x3F, 0xC7, 0x9C, 0xD0, 0x3C, 0x3F, 0x22, 0x82, 0x7F, 0xE0, 0x31, 0xB0,
    0x2A, 0x58, 0x28, 0x5A, 0x68, 0x9D, 0x45, 0x48, 0xF6, 0xC8, 0x05, 0xC9, 0xA1, 0xAE, 0x47, 0x36,
    0x3D, 0xE0, 0x97, 0x9E, 0xF1, 0x9B, 0x1C, 0x7B, 0x80, 0xB3, 0xB4, 0x83, 0x5A, 0x13, 0xA3, 0xBE,
    0x97, 0x2D, 0x24, 0x80, 0x2F, 0xA3, 0xBA, 0x96, 0x4D, 0xA8, 0x89, 0x6A, 0x67, 0x34, 0x9F, 0x15,
    0xDB, 0x25, 0xB5, 0xF0, 0x01, 0x22, 0x3E, 0x82, 0x84, 0x30, 0x18, 0xB1, 0x72, 0x0C, 0x38, 0x52,
    0x83, 0xB2, 0x1D, 0xF8, 0xA9, 0x63, 0xBA, 0xAD, 0x43, 0xAA, 0xAA, 0x2B, 0xF6, 0x43, 0xB8, 0x4C,
    0x31, 0xBA, 0x4A, 0x70, 0x23, 0x50, 0x63, 0x2A, 0x20, 0x07, 0x91, 0xAC, 0x52, 0x26, 0xF4, 0x8E,
    0xD0, 0x61, 0xAA, 0x3A, 0xCD, 0xC9, 0x80, 0xEA, 0x80, 0x47, 0x9B, 0xF1, 0x4C, 0x94, 0xBB, 0x30,
    0x0B, 0x43, 0x13, 0x50, 0xE9, 0xE7, 0xDE, 0x3D, 0x41, 0x5C, 0x42, 0x09, 0x78, 0x4C, 0x03, 0xDD,
    0x5E, 0xC5, 0x14, 0x41, 0x64, 0xB6, 0x25, 0x13, 0x8D, 0x7B, 0xB8, 0x5B, 0x11, 0x05, 0xA9, 0x3E,
    0x02, 0x46, 0xFB, 0x85, 0x48, 0xA5, 0x39, 0xB3, 0x43, 0xB5, 0x8B, 0x08, 0xE5, 0xFB, 0xC8, 0x94,
    0x43, 0xD2, 0xEA, 0x88, 0x10, 0x64, 0x03, 0x0F, 0x03, 0xE2, 0x0F, 0xC2, 0xD1, 0xCF, 0xD2, 0x33,
    0xD1, 0xC8, 0xFD, 0x6E, 0x38, 0x9E, 0x3F, 0xFE, 0x94, 0x65, 0xD5, 0xC9, 0x55, 0xDA, 0xE0, 0x32,
    0x66, 0xD1, 0xB8, 0xB7, 0x27, 0x8C, 0xA3, 0x0A, 0x60, 0xC4, 0x87, 0xAA, 0x6E, 0x33, 0xF8, 0xCA,
    0x1B, 0x5F, 0x55, 0x7C, 0xAC, 0xAE, 0xD1, 0x8A, 0xD2, 0x24, 0xD0, 0x68, 0x31, 0x53, 0x04, 0x6D,
    0xAD, 0x91, 0x93, 0xE7, 0x34, 0xFC, 0x94, 0xD1, 0x65, 0xB0, 0xAB, 0x71, 0x4E, 0xAB, 0x95, 0x3C,
    0x56, 0x8D, 0xD5, 0x41, 0xD3, 0x89, 0x1B, 0x8D, 0x3B, 0x9B, 0x35, 0x73, 0x60, 0x49, 0x76, 0x77,
    0x79, 0xE0, 0x71, 0xBF, 0x64, 0x2A, 0xEF, 0xB4, 0x2C, 0xA8, 0xB8, 0xCE, 0xAA, 0x31, 0x01, 0x41,
    0xF1, 0xA7, 0xE0, 0xFF, 0xCA, 0x13, 0x56, 0xC1, 0x08, 0xC2, 0x09, 0xC9, 0x8A, 0xC9, 0x2D, 0x4A,
    0xD5, 0x0F, 0x9B, 0xA5, 0xA4, 0x27, 0xE0, 0x76, 0x8A, 0xD5, 0x9E, 0xD4, 0xA4, 0x8E, 0x4D, 0x8A,
    0x6B, 0xB4, 0x31, 0xCC, 0xBD, 0x25, 0x24, 0xE7, 0x52, 0xE6, 0xAC, 0x79, 0x5D, 0x4F, 0x5A, 0x69,
    0x72, 0xB2, 0x55, 0x6B, 0x96, 0xFA, 0x36, 0x99, 0x1E, 0x9A, 0x94, 0xB9, 0x5E, 0x73, 0xE5, 0x9A,
    0x83, 0x29, 0x73, 0x27, 0xEC, 0x85, 0xA3, 0xCC, 0x8E, 0x66, 0x32, 0x94, 0x3B, 0x6D, 0x59, 0x57,
    0x81, 0x1A, 0x52, 0x61, 0xB7, 0x44, 0x16, 0x55, 0x40, 0xAE, 0x78, 0x8D, 0x42, 0xDB, 0x1F, 0x45,
    0x56, 0x06, 0xC8, 0xD2, 0x0F, 0xA6, 0x14, 0x44, 0xC2, 0x67, 0x77, 0xDA, 0x07, 0x2C, 0xAF, 0x87,
    0x65, 0x5C, 0x1C, 0x15, 0xC7, 0xC4, 0x32, 0x27, 0x84, 0xCA, 0x7E, 0x9B, 0x3B, 0xCF, 0x3C, 0x43,
    0x18, 0x11, 0xA3, 0x77, 0x91, 0x5D, 0x57, 0x94, 0x59, 0x2B, 0x8C, 0xC8, 0xC4, 0xE3, 0x12, 0x2A,
    0x53, 0x7D, 0xA3, 0xEF, 0x58, 0x06, 0x25, 0x68, 0x6D, 0xF9, 0x88, 0x25, 0x30, 0x6F, 0xB4, 0x0D,
    0xD5, 0x42, 0x81, 0xC7, 0x0C, 0x55, 0x2F, 0x86, 0x79, 0x1D, 0x2C, 0xDE, 0x43, 0x55, 0x21, 0xAB,
    0x45, 0x10, 0x02, 0x65, 0x11, 0x8C, 0xDC, 0xE2, 0x0F, 0x66, 0x31, 0xD4, 0x20, 0x6D, 0x64, 0x20,
    0xCC, 0xB0, 0x63, 0x0C, 0xB3, 0x63, 0x48, 0x37, 0x64, 0x0E, 0xD0, 0x2E, 0xFC, 0x68, 0x01, 0x80,
    0x82, 0x48, 0x20, 0x91, 0x35, 0x7F, 0x14, 0x6B, 0xE7, 0x4D, 0xD9, 0xB6, 0x32, 0xE3, 0xBE, 0xB8,
    0x85, 0x34, 0xC1, 0x9E, 0xB0, 0xE0, 0x6B, 0x64, 0x2F, 0xFD, 0x5B, 0x70, 0xD1, 0x1F, 0x3F, 0x83,
    0x33, 0x26, 0x61, 0xF6, 0x92, 0xDD, 0x64, 0x2F, 0x21, 0xD8, 0x3A, 0xF9, 0xB4, 0x25, 0x63, 0xF2,
    0x59, 0xFE, 0x25, 0xB2, 0x97, 0xBE, 0x09, 0x4F, 0xE2, 0xB3, 0xF0, 0x24, 0x3E, 0x01, 0x4F, 0xE2,
    0x75, 0x86, 0xDE, 0x8A, 0x8D, 0x27, 0x51, 0xD1, 0xE1, 0xCF, 0x80, 0xFC, 0x03, 0x98, 0x6D, 0xF9,
    0x0F, 0xEE, 0xE9, 0x49, 0x84, 0xC8, 0x2B, 0x57, 0x36, 0x4D, 0x6A, 0x65, 0x55, 0xEB, 0x0C, 0x18,
    0xDB, 0x2D, 0x41, 0xED, 0xC6, 0xDC, 0x2B, 0x4B, 0x2B, 0xDD, 0xCC, 0x33, 0xDB, 0x17, 0x2F, 0xFD,
    0x0A, 0x9F, 0xF5, 0x60, 0x46, 0xB0, 0x9E, 0xCE, 0x25, 0xB7, 0xCB, 0x0F, 0x8C, 0x8E, 0xFA, 0x05,
    0xF8, 0x26, 0xED, 0xF0, 0x23, 0x78, 0xAD, 0x27, 0xB3, 0xE4, 0xA1, 0x2C, 0x56, 0x3B, 0xAD, 0x52,
    0xB3, 0x30, 0x83, 0xB7, 0x30, 0x43, 0xBF, 0x5E, 0x14, 0x8F, 0x87, 0x55, 0x6E, 0xFA, 0x6B, 0xC2,
    0x78, 0xA3, 0x09, 0xE3, 0xB8, 0x9C, 0x3A, 0xC1, 0x3B, 0x75, 0x20, 0xE5, 0x3E, 0xE2, 0x22, 0x67,
    0x1C, 0x9B, 0x7F, 0x78, 0xE2, 0xC8, 0x3D, 0x32, 0xB9, 0x28, 0xB9, 0xF6, 0xE6, 0xEA, 0xAB, 0xB7,
    0x5B, 0x4D, 0xAF, 0x17, 0x05, 0x76, 0x1C, 0xDD, 0x36, 0xBD, 0x12, 0x2A, 0x2F, 0xFB, 0x73, 0x68,
    0xE4, 0x7D, 0xA6, 0xD7, 0x4F, 0xB1, 0xD5, 0xB7, 0x4C, 0xAF, 0x5D, 0x37, 0x2D, 0x96, 0x23, 0x30,
    0xB9, 0x50, 0x14, 0x02, 0xEB, 0x31, 0x50, 0xCA, 0x80, 0x50, 0xB1, 0x98, 0x13, 0x32, 0xA0, 0xC7,
    0x9D, 0x80, 0x77, 0x94, 0x2E, 0x97, 0x5D, 0x19, 0x70, 0x52, 0x05, 0xCA, 0xD6, 0xB4, 0x6C, 0x96,
    0x81, 0xD9, 0x25, 0xCF, 0xC3, 0x57, 0x76, 0x1B, 0x5C, 0xE8, 0x77, 0xD0, 0x80, 0x3A, 0xAB, 0xD4,
    0x20, 0x2E, 0x91, 0x6D, 0x8B, 0x69, 0xB1, 0xFC, 0x2B, 0x1E, 0xD7, 0xF9, 0x72, 0xEA, 0xC5, 0x52,
    0x63, 0x71, 0x82, 0x53, 0x46, 0xE6, 0x38, 0x93, 0x39, 0x91, 0x6F, 0x15, 0xDA, 0x33, 0x17, 0x65,
    0x81, 0x5E, 0x94, 0x95, 0xFC, 0x19, 0x1D, 0xD6, 0xB2, 0x6B, 0x63, 0x46, 0x0B, 0x0A, 0xC2, 0x04,
    0x05, 0x0C, 0xFA, 0x82, 0x0F, 0x0F, 0x00, 0xBC, 0x12, 0x8C, 0xBD, 0x53, 0x2F, 0x6E, 0xED, 0x82,
    0x39, 0xFA, 0xE4, 0x69, 0x64, 0x51, 0x20, 0x16, 0xEF, 0xAC, 0xDE, 0xFF, 0x9F, 0x93, 0xF1, 0xE7,
    0x3D, 0xC9, 0xF8, 0x2B, 0xAE, 0xDD, 0xD4, 0x2E, 0x6F, 0xFC, 0x77, 0xDB, 0x25, 0xCB, 0xAB, 0xFF,
    0x23, 0x5A, 0xAE, 0x86, 0x17, 0xF5, 0x01, 0x47, 0x2E, 0xCD, 0x12, 0xB9, 0x3C, 0xB9, 0x1D, 0xB9,
    0x0C, 0x86, 0x43, 0x23, 0x97, 0x8B, 0x6E, 0x77, 0x0A, 0x71, 0x29, 0x8A, 0x52, 0x41, 0x64, 0x36,
    0xA6, 0x52, 0xEA, 0x2C, 0xEF, 0x9F, 0xB8, 0x79, 0xFC, 0xC0, 0x7C, 0xC9, 0xA2, 0x84, 0x68, 0x6F,
    0x51, 0x42, 0xD1, 0x2E, 0xCE, 0x8E, 0x61, 0x31, 0x22, 0x8E, 0x71, 0x55, 0x8A, 0x2F, 0x2A, 0x4A,
    0xE8, 0xF7, 0x16, 0x25, 0xD0, 0x1D, 0xED, 0x71, 0x89, 0x19, 0x55, 0xC6, 0xE1, 0xFD, 0x1E, 0x37,
    0xEF, 0x96, 0x74, 0xC7, 0x3F, 0x31, 0x22, 0x8B, 0xDC, 0xD5, 0x35, 0x22, 0x0B, 0x05, 0x63, 0x9E,
    0x74, 0x84, 0xC2, 0xB3, 0xFF, 0x69, 0x50, 0x93, 0x27, 0x5C, 0xA2, 0xE9, 0x5F, 0x98, 0x9A, 0x7F,
    0x59, 0x53, 0xF3, 0xBD, 0x7B, 0xA4, 0xE6, 0x67, 0x4C, 0xCD, 0x4F, 0xBA, 0x83, 0xA9, 0xF9, 0x14,
    0x62, 0xB3, 0xFD, 0xF2, 0xA9, 0xF9, 0x21, 0xB3, 0x72, 0x30, 0x9A, 0xED, 0xD4, 0x7C, 0x27, 0x24,
    0x17, 0xE7, 0xC3, 0xB4, 0xBD, 0xEE, 0xE3, 0xD6, 0xA2, 0x0B, 0x29, 0x61, 0x18, 0x5F, 0x86, 0x61,
    0x7C, 0x15, 0xFA, 0x5E, 0x0C, 0xE3, 0x59, 0x40, 0x4C, 0xFC, 0x76, 0xE9, 0x0C, 0x63, 0x58, 0x06,
    0x29, 0x92, 0xDE, 0x99, 0xC6, 0x04, 0xB1, 0xCF, 0x22, 0x76, 0xF8, 0xA3, 0x45, 0xCF, 0xE7, 0x62,
    0x1C, 0x84, 0x27, 0xC5, 0x4E, 0x78, 0x11, 0x86, 0x71, 0x2B, 0x16, 0x25, 0xBD, 0x66, 0x78, 0xEA,
    0xCF, 0x16, 0xA4, 0x93, 0x2C, 0x48, 0x87, 0x86, 0x58, 0x8C, 0xD5, 0xFA, 0x57, 0x8E, 0x8C, 0x47,
    0x59, 0xB1, 0x0A, 0xDA, 0x5A, 0x64, 0x80, 0x62, 0x1E, 0x86, 0xB5, 0xC5, 0xF3, 0x5F, 0xC7, 0x1F,
    0x00, 0x27, 0x9C, 0x4B, 0x5E, 0x42, 0xC7, 0x84, 0x17, 0x95, 0x86, 0x17, 0xB5, 0x5C, 0x75, 0xD4,
    0x3A, 0x61, 0xCD, 0x51, 0xB9, 0xA5, 0xA5, 0x08, 0x77, 0x5D, 0xC1, 0xEA, 0xEC, 0xCA, 0xED, 0x09,
    0x98, 0x3E, 0xD6, 0xC2, 0xD5, 0x77, 0x95, 0x9C, 0x57, 0xB5, 0x18, 0xFE, 0xCD, 0x9B, 0xA4, 0xE7,
    0x5B, 0x6F, 0xD1, 0x0E, 0xF9, 0xC5, 0x55, 0x1A, 0x5B, 0xCF, 0x9F, 0xA7, 0x98, 0xCE, 0x41, 0x51,
    0xC4, 0x75, 0x08, 0x70, 0x7A, 0x84, 0xBB, 0xDC, 0xC9, 0xAB, 0x8C, 0x0F, 0x6F, 0x79, 0x32, 0xCB,
    0x21, 0x83, 0x59, 0x56, 0x4C, 0xC1, 0x34, 0x8E, 0xFF, 0x26, 0x9C, 0x76, 0x01, 0x26, 0x6E, 0x43,
    0xC3, 0x21, 0xC5, 0x65, 0x66, 0x85, 0x80, 0x26, 0x2C, 0x0B, 0x4B, 0xDE, 0x86, 0xD0, 0xBC, 0x7D,
    0x73, 0x78, 0x34, 0xBB, 0xFB, 0xD6, 0xF8, 0xB3, 0xEC, 0xE6, 0x2B, 0x56, 0xE4, 0x6C, 0x60, 0xBB,
    0x02, 0xB9, 0x93, 0x22, 0x57, 0xCE, 0x1D, 0xCA, 0x4F, 0x8F, 0xD8, 0x3B, 0x0B, 0x3F, 0x59, 0xF2,
    0xD3, 0xF5, 0xC9, 0x3B, 0x3B, 0xFF, 0xBB, 0x31, 0x02, 0x44, 0xCB, 0xA8, 0x50, 0x6E, 0x33, 0x27,
    0xA7, 0x64, 0x2E, 0xDA, 0x90, 0xD6, 0xAB, 0x61, 0x92, 0xDD, 0x9D, 0xB6, 0xF9, 0x89, 0xE9, 0x3C,
    0x6B, 0xA9, 0x47, 0xFE, 0xE5, 0xF8, 0x89, 0xB5, 0x7F, 0xDB, 0xA5, 0x1E, 0x7B, 0xBD, 0x3B, 0x5A,
    0x74, 0x46, 0xF7, 0xEB, 0x7F, 0xD1, 0x7C, 0x31, 0xFA, 0xDE, 0x11, 0x8F, 0x6C, 0xA2, 0x09, 0xA5,
    0x7C, 0xAB, 0x87, 0xC5, 0x6E, 0x7B, 0x58, 0xFC, 0x83, 0x1E, 0x96, 0xF0, 0x4B, 0x78, 0x58, 0xC8,
    0x27, 0x2C, 0xAB, 0x2C, 0x50, 0x04, 0x61, 0x85, 0x4F, 0x92, 0xC6, 0x0A, 0xB0, 0x9D, 0xD3, 0x5A,
    0x48, 0xF3, 0xC9, 0x08, 0x4D, 0x92, 0x5C, 0xEE, 0x33, 0xEC, 0xB5, 0xDC, 0x1C, 0xF7, 0x99, 0x0D,
    0xB6, 0x10, 0x27, 0xB0, 0x4F, 0xAB, 0xCE, 0x8C, 0x14, 0x2F, 0xC1, 0x57, 0xBB, 0x90, 0x27, 0xD2,
    0x53, 0x6C, 0x1D, 0x6A, 0x22, 0x9F, 0x88, 0x42, 0xEC, 0xC9, 0x6D, 0xAE, 0x1C, 0x5D, 0xD3, 0xFD,
    0x06, 0xA7, 0x3C, 0x9C, 0xBB, 0x9A, 0x65, 0xF4, 0x15, 0x33, 0x29, 0xB1, 0x70, 0x95, 0x5D, 0x4E,
    0xB0, 0x44, 0x0A, 0xB1, 0x3A, 0x9B, 0x74, 0x4A, 0x63, 0x91, 0xF4, 0x57, 0x5A, 0x5B, 0x8F, 0xBF,
    0xFB, 0x89, 0x18, 0xE8, 0xB9, 0x97, 0xDB, 0x57, 0xE0, 0x1E, 0x1C, 0xE8, 0x03, 0xAE, 0x4A, 0xDD,
    0x4F, 0xAE, 0xD6, 0x3A, 0xD3, 0x24, 0x2E, 0x2C, 0x54, 0x75, 0xDD, 0x9E, 0x14, 0x6B, 0x3F, 0x1D,
    0x5F, 0x47, 0x80, 0x0D, 0xC1, 0x07, 0xE4, 0x1B, 0x70, 0x8D, 0x92, 0xC1, 0x9B, 0xF7, 0x17, 0x81,
    0x1C, 0x15, 0x5E, 0x3D, 0x6B, 0x4F, 0x1D, 0x92, 0x8E, 0x9C, 0x1D, 0x56, 0x9C, 0xE0, 0x7F, 0xC9,
    0x22, 0x90, 0xF8, 0x7E, 0x45, 0x20, 0xE9, 0x61, 0xE9, 0xC8, 0xF0, 0xBB, 0x69, 0xDE, 0x6B, 0xAD,
    0x08, 0xB0, 0xCB, 0xBE, 0x46, 0x3A, 0xB2, 0xC8, 0x87, 0x4D, 0x02, 0x44, 0xB1, 0x37, 0x99, 0x41,
    0x13, 0x20, 0x64, 0x53, 0xB8, 0x2C, 0x88, 0xC9, 0x2C, 0x09, 0x10, 0x9A, 0x05, 0xE1, 0xE1, 0x83,
    0xFB, 0x73, 0xC7, 0xEC, 0x5F, 0xBA, 0x04, 0x08, 0x8F, 0xF1, 0x9F, 0x8B, 0x8B, 0x47, 0x48, 0x55,
    0xF8, 0xB4, 0x3A, 0x88, 0x68, 0x3A, 0x97, 0x6B, 0xFB, 0x91, 0x9E, 0xF7, 0x54, 0x1A, 0x6B, 0xC3,
    0x8B, 0x78, 0x0E, 0x7B, 0xA5, 0xF2, 0x53, 0xA3, 0x23, 0x73, 0xE1, 0xD2, 0xBE, 0x93, 0x5A, 0x09,
    0x1D, 0xB6, 0x0B, 0xA5, 0x97, 0xE5, 0x58, 0x68, 0xBD, 0x12, 0xD2, 0xAC, 0xF5, 0xCA, 0x4E, 0xA3,
    0x3B, 0x7A, 0x2F, 0xC4, 0xDC, 0xBA, 0xB0, 0x76, 0x7E, 0x54, 0xA5, 0xF9, 0x92, 0x03, 0x7E, 0xC8,
    0x85, 0x4C, 0x03, 0x5F, 0xAA, 0x6F, 0xCC, 0x5A, 0x7E, 0xF3, 0xB8, 0xCB, 0xA2, 0x16, 0xA1, 0x31,
    0x32, 0xC3, 0x42, 0xE3, 0x94, 0xF8, 0xBD, 0x68, 0x07, 0x12, 0xF3, 0x37, 0x24, 0xA4, 0xB3, 0x80,
    0x98, 0x50, 0xC2, 0x63, 0x69, 0x98, 0x52, 0x42, 0x1B, 0x28, 0x77, 0xA1, 0xC1, 0xAC, 0xDB, 0x3A,
    0x22, 0xAF, 0x84, 0xD6, 0x30, 0xFC, 0x35, 0xC8, 0x2C, 0xD1, 0xAA, 0x9A, 0xDE, 0x15, 0x85, 0xB9,
    0x84, 0x58, 0x8A, 0xDF, 0x6C, 0x70, 0x46, 0xEB, 0xB4, 0xA0, 0x57, 0x55, 0x4E, 0xDA, 0x0A, 0x41,
    0xE7, 0x47, 0x2C, 0xBB, 0x74, 0x7E, 0xC0, 0x85, 0x9A, 0x89, 0x8A, 0xA9, 0xDC, 0x30, 0xB4, 0xC8,
    0xAC, 0x3A, 0x00, 0xAA, 0x4E, 0xCB, 0x95, 0x59, 0x38, 0xA4, 0x7D, 0x15, 0x8A, 0x8E, 0x68, 0x59,
    0xE7, 0xA0, 0x29, 0xBF, 0xBC, 0xD0, 0xB0, 0x94, 0x8A, 0x70, 0x5A, 0x7B, 0x4F, 0xB0, 0x2E, 0x81,
    0x37, 0xF5, 0x90, 0x81, 0x28, 0xFF, 0xBF, 0x65, 0xED, 0x73, 0xD8, 0xB6, 0xD7, 0xE1, 0xC4, 0xB2,
    0x4D, 0xE6, 0x18, 0x32, 0x71, 0x1C, 0x19, 0x2F, 0x67, 0xAA, 0xCF, 0x23, 0xCE, 0x37, 0xA2, 0x78,
    0x7B, 0xED, 0x8E, 0xE0, 0x5C, 0x6B, 0xCC, 0x84, 0x01, 0x15, 0x2A, 0x57, 0xFD, 0xCD, 0x8A, 0xF0,
    0xB9, 0x20, 0xF2, 0x69, 0x98, 0x2B, 0x39, 0x31, 0x1A, 0x97, 0x31, 0x79, 0x04, 0x1E, 0x6E, 0xD8,
    0xB5, 0x13, 0xBA, 0x66, 0x30, 0x01, 0x86, 0x3E, 0x85, 0x74, 0x10, 0xF9, 0x89, 0x94, 0x9C, 0x78,
    0xA0, 0x2B, 0x01, 0xC1, 0x51, 0xCC, 0xEB, 0x8A, 0xE5, 0x34, 0x99, 0x3C, 0x93, 0x8C, 0x19, 0xFB,
    0x5E, 0x5C, 0x73, 0x8E, 0x89, 0xAD, 0x91, 0x16, 0xCD, 0x9A, 0x2C, 0xE1, 0xEC, 0xC3, 0x23, 0x27,
    0xB4, 0x32, 0x5C, 0x1D, 0x6D, 0x8A, 0x92, 0xE1, 0x6B, 0x58, 0x6C, 0x42, 0xCF, 0x15, 0xB8, 0x37,
    0x6C, 0x84, 0x02, 0x8F, 0x21, 0xF3, 0x1D, 0xCF, 0xA2, 0x97, 0x43, 0xD6, 0x22, 0x13, 0x32, 0x46,
    0x7C, 0x70, 0x46, 0x72, 0xDF, 0x47, 0x2C, 0xEE, 0x98, 0x33, 0xF0, 0x8F, 0xBD, 0x8E, 0x12, 0x35,
    0x94, 0x66, 0xC5, 0x33, 0xF0, 0x37, 0xFD, 0x86, 0x55, 0x97, 0xC8, 0x1C, 0xDF, 0xB4, 0x2C, 0xC4,
    0xC2, 0x3F, 0x90, 0xC1, 0xEC, 0xA1, 0xB8, 0x04, 0x29, 0x96, 0x9C, 0xBF, 0xFD, 0x0C, 0x9E, 0x92,
    0x88, 0xF1, 0xA9, 0x46, 0x28, 0xF0, 0x43, 0xCF, 0xFE, 0xD2, 0xCE, 0x09, 0x83, 0x78, 0x16, 0x81,
    0xB2, 0x3B, 0x6C, 0x5B, 0x73, 0x71, 0x35, 0x65, 0x8B, 0x1B, 0x02, 0x25, 0x13, 0xD9, 0x8C, 0x6D,
    0x30, 0x87, 0x23, 0x42, 0xF2, 0xF6, 0xF9, 0x01, 0x36, 0x8B, 0x7D, 0xC3, 0x9E, 0xB4, 0x90, 0xD5,
    0x55, 0x2B, 0xE4, 0x89, 0xA7, 0x64, 0xD8, 0xFC, 0x4D, 0x9E, 0x67, 0x3F, 0x10, 0xD2, 0x3E, 0x87,
    0x04, 0xA9, 0xB1, 0x40, 0xD5, 0xF3, 0xE7, 0x76, 0xFA, 0x1F, 0x0E, 0x4B, 0x57, 0x77, 0x48, 0xB4,
    0xAF, 0x5B, 0xD2, 0x94, 0xAF, 0xF4, 0xFE, 0xA2, 0x92, 0xA6, 0x60, 0x6F, 0x49, 0xD3, 0xC4, 0x92,
    0xA6, 0x89, 0x25, 0x4D, 0xF6, 0xBF, 0x2A, 0x42, 0x60, 0xF8, 0x1A, 0x10, 0xD7, 0x57, 0x2B, 0xA7,
    0xDD, 0xE0, 0x34, 0xCA, 0xC3, 0x7F, 0xA2, 0xBF, 0x48, 0xCD, 0xDE, 0xE1, 0x4F, 0x4A, 0x46, 0x4A,
    0x90, 0x8C, 0x54, 0xB3, 0x18, 0x06, 0xEE, 0x51, 0x3C, 0x23, 0x84, 0xA7, 0xB3, 0xE5, 0x2B, 0x38,
    0x0B, 0x87, 0x93, 0x98, 0x7A, 0xF3, 0x77, 0x58, 0x5E, 0xE5, 0x55, 0xB7, 0xD4, 0x62, 0x5E, 0x1C,
    0x38, 0xF4, 0xFE, 0x2D, 0x89, 0x45, 0xDA, 0x05, 0x85, 0x5A, 0xDC, 0x59, 0x28, 0x17, 0xCD, 0x6A,
    0x1B, 0x7C, 0x83, 0xB9, 0x55, 0xE5, 0x7D, 0x72, 0xAB, 0x3C, 0xCD, 0xAD, 0x9A, 0x35, 0xB7, 0x6A,
    0xD2, 0xDC, 0x2A, 0xCD, 0xEB, 0x78, 0x71, 0x3B, 0x93, 0xC3, 0xCC, 0x7B, 0x8C, 0x43, 0x97, 0xF3,
    0xE1, 0x7C, 0x8B, 0x28, 0x2B, 0x18, 0x45, 0x30, 0xEB, 0x31, 0x44, 0xF9, 0x6F, 0xC9, 0xB6, 0x09,
    0x4C, 0xD1, 0x86, 0x1F, 0x94, 0x71, 0x99, 0xAA, 0xCD, 0xE8, 0x95, 0x20, 0x3A, 0x60, 0x48, 0x26,
    0xBD, 0xAB, 0x59, 0x54, 0x14, 0x92, 0x8A, 0x55, 0x1C, 0xED, 0xF3, 0x75, 0x05, 0xF4, 0xA8, 0x54,
    0x56, 0xE2, 0xBB, 0xE3, 0xB8, 0xD5, 0x08, 0xC1, 0x59, 0x1C, 0xCD, 0x72, 0xF4, 0x2E, 0x09, 0xAF,
    0x32, 0x37, 0xEC, 0x1D, 0xAB, 0xCD, 0x1C, 0x90, 0x1A, 0x96, 0x61, 0x00, 0xCC, 0x0C, 0xF3, 0x2D,
    0xDA, 0x73, 0x55, 0xEF, 0xC2, 0xB7, 0x7F, 0x67, 0x5E, 0xF2, 0xC2, 0x9C, 0xAB, 0x05, 0xB9, 0xC3,
    0xDA, 0x6B, 0xAA, 0x5F, 0x0A, 0xBC, 0x5C, 0x89, 0xC1, 0xCA, 0x1C, 0x2C, 0x5E, 0x4B, 0xFB, 0x8D,
    0xFF, 0x62, 0xF3, 0x0E, 0x13, 0x14, 0xF0, 0xF1, 0xC3, 0x68, 0x52, 0x3A, 0x9A, 0x40, 0xD7, 0x36,
    0x60, 0x71, 0x4D, 0x45, 0x2F, 0x3A, 0x18, 0xE4, 0x19, 0xB3, 0xD5, 0xB2, 0xDB, 0x76, 0x6D, 0xCD,
    0x91, 0x38, 0x7F, 0x78, 0xAB, 0xCA, 0xB5, 0xE7, 0x7E, 0xEF, 0x96, 0xCD, 0x19, 0x6D, 0x35, 0x9A,
    0x3B, 0x48, 0x93, 0xF4, 0xDE, 0x34, 0x79, 0xF7, 0x50, 0x9A, 0x04, 0xF7, 0xA3, 0x49, 0xE3, 0xC2,
    0x65, 0x1B, 0x9A, 0x1C, 0x3F, 0x6B, 0xCF, 0xA8, 0x82, 0x5D, 0x5A, 0x83, 0xDC, 0x87, 0x26, 0xA5,
    0xA3, 0xC9, 0x77, 0x57, 0x1A, 0x17, 0x7C, 0xA9, 0xD2, 0xB8, 0x79, 0x2B, 0xB4, 0xE1, 0x94, 0x8F,
    0x36, 0xF5, 0x5B, 0xFC, 0x23, 0x61, 0xBB, 0xED, 0x1A, 0xB9, 0xF8, 0xC0, 0xF3, 0xE4, 0x9C, 0xEC,
    0xA4, 0x90, 0xF0, 0xA6, 0xD5, 0xEB, 0xAF, 0xCD, 0x2D, 0x98, 0x0A, 0x60, 0x9C, 0x7C, 0x13, 0xCA,
    0x02, 0xE0, 0xCD, 0x38, 0xBF, 0x2D, 0x72, 0x0E, 0xED, 0x97, 0x2E, 0xDB, 0xCB, 0x44, 0x48, 0x2F,
    0x8B, 0x99, 0x0E, 0xBC, 0x14, 0xC8, 0x59, 0x78, 0xE7, 0xB8, 0x88, 0xB2, 0xD3, 0xD1, 0xEC, 0x7A,
    0xB4, 0x4D, 0x9B, 0x9A, 0x9F, 0xA5, 0x9B, 0x99, 0x2B, 0xD0, 0xE3, 0x7B, 0x6C, 0x2C, 0x36, 0x6E,
    0x5A, 0x91, 0xE1, 0x9C, 0x38, 0xEF, 0x39, 0xDE, 0x5B, 0xBC, 0x8C, 0x4B, 0xBB, 0xB2, 0xAA, 0xDD,
    0xD4, 0x12, 0x15, 0x8A, 0xB3, 0xD7, 0x52, 0x22, 0x2A, 0xC4, 0xDA, 0xE5, 0x92, 0x8D, 0xEB, 0x59,
    0xA9, 0xED, 0x5C, 0x11, 0x4B, 0x36, 0x65, 0xE4, 0xCE, 0x2E, 0xE6, 0xB1, 0x39, 0x3B, 0xA1, 0x13,
    0x36, 0xAE, 0xB4, 0x27, 0xD4, 0xDA, 0x11, 0xDB, 0xEF, 0x8B, 0xF2, 0x7C, 0xA7, 0x29, 0x86, 0x0F,
    0x51, 0x01, 0xA2, 0xF1, 0x5C, 0xF5, 0x6D, 0xB9, 0x76, 0x11, 0x52, 0x5A, 0xAA, 0x56, 0x3E, 0xE7,
    0xBC, 0x26, 0xF7, 0xCF, 0x8A, 0xAC, 0xBF, 0x62, 0x56, 0xA4, 0xAA, 0x88, 0x4B, 0xCE, 0x27, 0x87,
    0xE7, 0x31, 0x3F, 0x05, 0xAF, 0x1F, 0x92, 0x3A, 0x85, 0xBD, 0x65, 0xED, 0x35, 0x6B, 0xDF, 0xAE,
    0x76, 0x3D, 0x52, 0xC7, 0x67, 0x38, 0x95, 0x9D, 0x74, 0xFE, 0x1E, 0xA9, 0x67, 0xD7, 0x3B, 0x50,
    0xE2, 0xF9, 0xAB, 0xCC, 0xDC, 0x46, 0x2B, 0x9D, 0x4F, 0x07, 0x58, 0x3C, 0x6F, 0x32, 0xA9, 0x35,
    0x65, 0xEB, 0x1F, 0x57, 0x4B, 0x25, 0x4F, 0x3C, 0x61, 0x3F, 0xC4, 0x33, 0x5F, 0x04, 0x31, 0x7C,
    0xA4, 0xA1, 0x99, 0xF8, 0x2A, 0x09, 0x40, 0x59, 0x38, 0x80, 0x27, 0xC3, 0xEB, 0x1B, 0xFD, 0xAD,
    0x66, 0x32, 0x4C, 0x8A, 0xC7, 0x84, 0x21, 0xDE, 0xC1, 0xEE, 0x7D, 0xC6, 0xB6, 0x91, 0xA6, 0x69,
    0x84, 0x4C, 0xD3, 0xF8, 0xEC, 0x33, 0x61, 0x90, 0xB7, 0x3E, 0x94, 0xF9, 0x3E, 0x59, 0xD4, 0xF1,
    0xEE, 0x1D, 0x0B, 0x8F, 0x0C, 0xB3, 0xE5, 0x50, 0xBF, 0x0D, 0xDF, 0xCA, 0xC7, 0x48, 0x85, 0xD9,
    0x91, 0x99, 0x5D, 0xB4, 0x35, 0x1C, 0x18, 0x97, 0x70, 0x5F, 0x90, 0x62, 0x77, 0x4F, 0xB4, 0x26,
    0xDA, 0xF8, 0xB6, 0xB7, 0x03, 0x1A, 0xE3, 0xCE, 0xE0, 0xAA, 0xC1, 0xC0, 0x5C, 0x32, 0xFB, 0x5E,
    0x84, 0x2A, 0x1D, 0x16, 0x81, 0x26, 0x1E, 0xB9, 0x60, 0xBB, 0x2B, 0x8B, 0x2C, 0x97, 0xAA, 0x48,
    0xB5, 0x0B, 0x96, 0x3A, 0xC8, 0xC4, 0x95, 0x41, 0xC6, 0x93, 0x57, 0xEC, 0x1E, 0xB3, 0x37, 0xAC,
    0xDD, 0xB5, 0xF6, 0xA6, 0xB5, 0xBF, 0x96, 0xA9, 0xDD, 0x23, 0x81, 0xC5, 0x57, 0x9F, 0xC9, 0x22,
    0x89, 0x1E, 0x54, 0x02, 0x8B, 0x39, 0x4E, 0x7F, 0xFA, 0x31, 0x95, 0xDF, 0x88, 0xFF, 0xF9, 0x32,
    0xB9, 0xFF, 0x6B, 0x91, 0x74, 0x23, 0x8A, 0x07, 0xF9, 0x79, 0xD8, 0x08, 0xA8, 0xB4, 0x41, 0x36,
    0x67, 0x43, 0x73, 0x54, 0xB0, 0x70, 0x83, 0xD3, 0xD3, 0xB0, 0x14, 0xE7, 0xE2, 0x7D, 0xFB, 0xDE,
    0x99, 0x9D, 0x99, 0x25, 0xDD, 0x6A, 0xB5, 0x5A, 0x76, 0xB2, 0x30, 0x9B, 0xDE, 0x56, 0xF7, 0x3A,
    0x95, 0x60, 0xB3, 0x08, 0x65, 0x0C, 0xD0, 0x6B, 0xBB, 0x88, 0x82, 0xFA, 0xAE, 0xBD, 0x91, 0x73,
    0xB2, 0x6B, 0x03, 0x4A, 0xC1, 0x59, 0x77, 0x96, 0xC0, 0x0A, 0x8B, 0xD5, 0x47, 0x7F, 0x06, 0xEA,
    0x9E, 0xA3, 0xB1, 0x78, 0x1B, 0xFB, 0xA1, 0xB3, 0x2F, 0xDB, 0x37, 0x7B, 0x31, 0x85, 0xDE, 0x1E,
    0x65, 0xFD, 0x1B, 0x72, 0x9B, 0x4F, 0x5B, 0x28, 0x64, 0xA5, 0x96, 0xD8, 0x8A, 0x8F, 0x62, 0x8D,
    0xFE, 0x12, 0x8B, 0x9B, 0xE4, 0x20, 0x4C, 0x23, 0xFF, 0x2E, 0x5A, 0xE7, 0x05, 0x39, 0xB1, 0x74,
    0x3E, 0x71, 0xD4, 0x98, 0xB7, 0xA9, 0x71, 0x07, 0xD9, 0x0F, 0x8E, 0x1A, 0x64, 0x7C, 0xBA, 0xF6,
    0x91, 0xDB, 0x7A, 0x80, 0x1A, 0x62, 0x98, 0x9C, 0x27, 0x51, 0x54, 0x66, 0x4E, 0x5A, 0xAD, 0x3A,
    0x19, 0x51, 0xC2, 0x67, 0xCE, 0x9C, 0xFE, 0x02, 0x6A, 0xE4, 0xF0, 0x78, 0x03, 0x0C, 0x7B, 0x1D,
    0xF5, 0x4D, 0x7A, 0x4F, 0x6A, 0x68, 0x4D, 0x3B, 0x5A, 0x7A, 0xF1, 0xE4, 0xE2, 0xCC, 0xE5, 0xB6,
    0x3B, 0x23, 0xDB, 0xD3, 0xCE, 0xEE, 0x9C, 0xF9, 0x16, 0xC8, 0x37, 0xAE, 0x00, 0x94, 0x0E, 0xFE,
    0xA5, 0xC3, 0x93, 0xC1, 0x7C, 0x16, 0x6F, 0xFE, 0x83, 0xEB, 0xE3, 0xB9, 0x76, 0x2D, 0xD4, 0xA6,
    0x57, 0xA5, 0xEB, 0xEA, 0x17, 0x2A, 0x71, 0x3C, 0xFB, 0x6C, 0xB3, 0xF4, 0xC8, 0x75, 0x9A, 0x49,
    0x31, 0xFE, 0xE6, 0xE7, 0x68, 0xEE, 0x3C, 0xC3, 0xE9, 0x0C, 0x5F, 0x73, 0x02, 0x9F, 0x9A, 0x80,
    0x85, 0x21, 0x45, 0x7B, 0x47, 0xD9, 0x60, 0xFF, 0x0C, 0x74, 0x33, 0x57, 0x62, 0xE4, 0xC7, 0x77,
    0x07, 0xF3, 0x68, 0x2C, 0x56, 0x7E, 0xD4, 0xA1, 0x83, 0xAD, 0x30, 0x85, 0x06, 0xFE, 0x67, 0x01,
    0xEA, 0x9A, 0xFD, 0x70, 0xD9, 0xD6, 0xF3, 0x12, 0x62, 0x62, 0xD3, 0x04, 0x7F, 0x16, 0x72, 0x69,
    0x1B, 0x04, 0x3B, 0x6B, 0x58, 0x47, 0xBD, 0x1E, 0xDA, 0x7D, 0x41, 0xC7, 0x14, 0x2E, 0xB1, 0x96,
    0xD0, 0xEE, 0xCC, 0xCE, 0x48, 0xF9, 0x39, 0x3B, 0x92, 0xC8, 0x2F, 0x57, 0xC4, 0xA6, 0xCD, 0x69,
    0xF6, 0xA9, 0x0B, 0xD5, 0x83, 0x91, 0xEC, 0x0A, 0x7E, 0x93, 0x91, 0x41, 0x3F, 0x8B, 0x5E, 0x5F,
    0xF4, 0xE4, 0x75, 0x2A, 0x8A, 0x22, 0x78, 0xD6, 0x65, 0x54, 0xBD, 0x0B, 0x31, 0x55, 0x54, 0x2B,
    0x5E, 0xBE, 0x84, 0x5D, 0x12, 0xE7, 0xAB, 0xD7, 0x80, 0x4B, 0xFC, 0xA9, 0xEA, 0xF6, 0xC8, 0x05,
    0xBC, 0x3C, 0xBB, 0x95, 0x59, 0xFB, 0xD0, 0x95, 0xC2, 0x7D, 0xD3, 0x8D, 0x8A, 0xD4, 0xE0, 0x75,
    0x23, 0xD5, 0xAA, 0x64, 0x02, 0x4C, 0x0D, 0xE8, 0x51, 0x00, 0x18, 0x6D, 0x36, 0x47, 0x61, 0x4F,
    0xD6, 0x0C, 0x5C, 0x22, 0xD3, 0xA8, 0xCD, 0x94, 0xE0, 0x13, 0x04, 0xD9, 0xD9, 0xFA, 0xB8, 0xD9,
    0xF2, 0x8F, 0xE8, 0x3A, 0x13, 0x74, 0xBB, 0x1C, 0x9C, 0xA7, 0xA9, 0xE6, 0xB5, 0x30, 0x85, 0xD7,
    0xDE, 0x3B, 0x1A, 0x92, 0x1D, 0x8C, 0x86, 0xB4, 0x2E, 0x4D, 0x10, 0x5D, 0x69, 0x52, 0x14, 0x69,
    0xDB, 0x9A, 0xE9, 0xAE, 0x5A, 0x91, 0x25, 0x0A, 0x01, 0x55, 0x91, 0x39, 0x21, 0x1A, 0xD0, 0x31,
    0xF3, 0x70, 0x98, 0x97, 0x23, 0xFF, 0xF2, 0xC2, 0xD9, 0xD9, 0x2A, 0x6A, 0x0C, 0x7F, 0x9B, 0xCD,
    0x94, 0xFC, 0xFD, 0xCD, 0x94, 0xE2, 0xAD, 0x66, 0x4A, 0x67, 0xF7, 0x35, 0x53, 0xF2, 0x2B, 0x68,
    0xD6, 0xBD, 0xCD, 0x94, 0xB6, 0x2C, 0xDD, 0x4B, 0x7B, 0x04, 0x9C, 0x4B, 0xB2, 0xA1, 0x0C, 0x7C,
    0x50, 0xA5, 0x7A, 0x23, 0x4B, 0xF5, 0x46, 0x94, 0xEA, 0xE9, 0x0E, 0x89, 0xDA, 0x4D, 0x40, 0x2B,
    0xDB, 0x32, 0xB8, 0x4F, 0x7D, 0xF5, 0x7E, 0x49, 0xC3, 0xD7, 0xEE, 0x97, 0x54, 0xDF, 0xAF, 0x5F,
    0xD2, 0xC1, 0x6B, 0xD6, 0x7E, 0x49, 0xAC, 0x36, 0xB7, 0x8B, 0x23, 0xCF, 0xB1, 0xE8, 0x62, 0x4C,
    0x69, 0x25, 0xD4, 0xDA, 0x9F, 0x52, 0x7B, 0xC0, 0xAC, 0x7D, 0x15, 0x98, 0xDB, 0x92, 0xA7, 0x9F,
    0x23, 0xE3, 0xF7, 0xAA, 0xED, 0x36, 0x95, 0x2A, 0x59, 0x4B, 0x5F, 0x38, 0x4A, 0x91, 0x11, 0x8D,
    0xEB, 0xE8, 0x28, 0x47, 0x93, 0x5A, 0x40, 0x28, 0x75, 0xFC, 0xD2, 0x4F, 0xBE, 0x5C, 0xDE, 0xB1,
    0x00, 0xBB, 0x68, 0xC9, 0xAE, 0xA9, 0xF3, 0x3D, 0x33, 0x91, 0x53, 0x33, 0x59, 0x60, 0x03, 0x32,
    0xB7, 0x9D, 0xD6, 0xED, 0x0D, 0xF3, 0x2D, 0xD1, 0x35, 0x9E, 0xEF, 0xD7, 0x35, 0x65, 0x8B, 0xAE,
    0x6B, 0x08, 0xE2, 0x71, 0xFB, 0x07, 0xAF, 0x62, 0x5D, 0x49, 0xAD, 0xA9, 0x9C, 0xDD, 0xA2, 0x93,
    0x56, 0x7D, 0x9C, 0x6F, 0x87, 0xB8, 0x5D, 0x44, 0xD4, 0x05, 0xBE, 0xFD, 0x0B, 0xC6, 0x3C, 0xB0,
    0xE2, 0xCB, 0xD5, 0xE6, 0xE1, 0x33, 0xD3, 0xAD, 0xC4, 0xAF, 0xEF, 0xDA, 0xF8, 0xD1, 0xE4, 0x39,
    0x0A, 0x5B, 0xDF, 0x36, 0x9B, 0x9A, 0xBE, 0x7A, 0xDD, 0xE5, 0x6A, 0x00, 0xA9, 0x15, 0xFF, 0xBA,
    0xB2, 0xDD, 0x49, 0x5B, 0xD9, 0x70, 0xDE, 0xB1, 0xE1, 0x14, 0xCE, 0xC8, 0x49, 0x8F, 0x46, 0x24,
    0x8D, 0xBB, 0xFF, 0x90, 0x95, 0xDA, 0xC3, 0x0F, 0x0B, 0x47, 0xAF, 0xC7, 0xA0, 0x56, 0xB6, 0x9D,
    0x53, 0xDF, 0x30, 0xDC, 0xC5, 0xD7, 0x0D, 0x5D, 0x99, 0x17, 0xDD, 0x9D, 0xB5, 0x5D, 0xF9, 0x97,
    0xE8, 0xD4, 0x96, 0xDE, 0xBF, 0x53, 0xDB, 0x70, 0xA0, 0x53, 0x9B, 0x65, 0xA7, 0x36, 0xB1, 0xCB,
    0xDE, 0xD2, 0x4E, 0x6D, 0xD9, 0x75, 0xD7, 0xA9, 0xED, 0x53, 0x5C, 0xD8, 0xDF, 0xB7, 0x53, 0x1B,
    0xB6, 0x41, 0x86, 0xFA, 0xC2, 0x03, 0x9D, 0xDA, 0x1E, 0xB7, 0x37, 0xAA, 0xEE, 0x35, 0x51, 0xF8,
    0x07, 0x3A, 0xB5, 0xED, 0xC9, 0xA4, 0xD8, 0x9F, 0x61, 0x11, 0xB5, 0x7B, 0xAD, 0x74, 0xEF, 0x55,
    0xE7, 0xD2, 0xFB, 0xF6, 0x8A, 0x8E, 0x77, 0xB4, 0xE8, 0xD8, 0x6A, 0xD1, 0xB1, 0xF3, 0x50, 0xF6,
    0xDB, 0x3E, 0x83, 0x25, 0x6F, 0x72, 0xCD, 0x1D, 0x15, 0x46, 0xF5, 0x9C, 0x5E, 0x38, 0x2C, 0xF9,
    0x6B, 0xE0, 0x0A, 0xFB, 0xDB, 0xE9, 0x82, 0xF5, 0x61, 0x19, 0x62, 0xDB, 0x17, 0xF5, 0xAC, 0x57,
    0xA8, 0xD4, 0x1B, 0xA1, 0xC8, 0xCF, 0x9B, 0x98, 0x97, 0x9A, 0xB5, 0x7F, 0x43, 0x1D, 0xC2, 0x6C,
    0x9A, 0x44, 0x05, 0x7D, 0x3A, 0x1C, 0x48, 0x4E, 0xF5, 0xBF, 0x4A, 0x07, 0x5F, 0x97, 0x6B, 0x31,
    0x6E, 0x75, 0xF0, 0x4D, 0xF7, 0x75, 0xF0, 0xED, 0xBE, 0xB1, 0x0E, 0xBE, 0x9B, 0xE2, 0x7B, 0x63,
    0x59, 0x7C, 0x1F, 0xAF, 0xC5, 0xF7, 0x6B, 0x53, 0x86, 0x07, 0xD8, 0x14, 0x23, 0xE5, 0x7E, 0x8A,
    0x46, 0x15, 0xE0, 0x57, 0xEC, 0xE6, 0x1F, 0xFA, 0x8E, 0x39, 0x04, 0x74, 0xBB, 0xC8, 0x51, 0xD5,
    0x6D, 0x82, 0xB6, 0x9A, 0x63, 0xAC, 0x7E, 0x5A, 0x57, 0x09, 0xEC, 0xBB, 0x5E, 0xF9, 0x1F, 0x12,
    0x9D, 0xD1, 0x7D, 0xE0, 0x59, 0x8D, 0x92, 0x33, 0xD0, 0x15, 0x51, 0x77, 0x1B, 0xA5, 0x5F, 0x46,
    0x62, 0x86, 0xD3, 0x19, 0xA4, 0x65, 0x32, 0xAB, 0x0D, 0x2A, 0x05, 0x4A, 0x60, 0xA2, 0x68, 0xAA,
    0x28, 0xD4, 0x59, 0x87, 0x50, 0x33, 0xCF, 0x10, 0x2D, 0xB6, 0x40, 0x3F, 0x25, 0xA6, 0xDC, 0x6E,
    0x08, 0xB0, 0x81, 0xE3, 0x41, 0x4B, 0xB7, 0xF8, 0x1B, 0xFF, 0xB6, 0xF9, 0x79, 0xA0, 0xBD, 0x45,
    0x5C, 0x97, 0x40, 0xE7, 0x36, 0x1C, 0x8D, 0x23, 0x43, 0xA1, 0x5F, 0xDA, 0xC0, 0x36, 0xC4, 0x9A,
    0x23, 0xAD, 0xAA, 0x05, 0x7B, 0x3F, 0xD0, 0x40, 0x51, 0xE1, 0x36, 0x37, 0x8A, 0x04, 0x4F, 0x2B,
    0xF0, 0xAC, 0xB4, 0xAA, 0x29, 0x44, 0x30, 0xCC, 0xC9, 0x62, 0x61, 0x1B, 0x0D, 0x91, 0xC4, 0x9A,
    0xE0, 0x16, 0x23, 0x24, 0x68, 0x1D, 0x7C, 0x9A, 0x5E, 0x68, 0x5D, 0xA4, 0xB8, 0xBC, 0xA8, 0x55,
    0x16, 0x59, 0x1F, 0xD5, 0x2E, 0x34, 0xBA, 0xA4, 0xA6, 0xC9, 0x73, 0x8E, 0xD3, 0xAD, 0x14, 0x59,
    0x00, 0x3C, 0xA8, 0x6D, 0x59, 0x06, 0x4D, 0xB3, 0x94, 0x39, 0x89, 0x8C, 0x49, 0x21, 0x23, 0xDF,
    0x3B, 0x03, 0x7D, 0xAD, 0xFD, 0x9A, 0xDA, 0x40, 0xB3, 0x7D, 0x5D, 0x67, 0x96, 0xFF, 0x33, 0x2F,
    0x1A, 0xB8, 0xF8, 0x48, 0x64, 0x4A, 0x2B, 0xC2, 0x5B, 0x24, 0x04, 0xCB, 0xF7, 0xC5, 0xB8, 0xAE,
    0xE3, 0x3E, 0x99, 0xE0, 0xD3, 0x88, 0x50, 0xD9, 0x08, 0x6B, 0x1C, 0x44, 0x64, 0x0A, 0x63, 0x36,
    0x5F, 0x50, 0x12, 0xB2, 0x7C, 0xA0, 0x31, 0x7F, 0x41, 0x52, 0x46, 0xA8, 0x83, 0x6C, 0xFD, 0x21,
    0xED, 0x05, 0x41, 0x57, 0xB9, 0xBD, 0x89, 0x2A, 0xF4, 0xD0, 0xD2, 0x01, 0x15, 0xED, 0xFA, 0x9A,
    0x2B, 0xAF, 0x96, 0x73, 0xF9, 0x13, 0x30, 0x0F, 0xF6, 0x48, 0x38, 0x26, 0xB9, 0x16, 0x0D, 0x2E,
    0x4E, 0x20, 0x63, 0x1E, 0xBE, 0x6F, 0x80, 0xF1, 0x98, 0xC6, 0x24, 0xDB, 0xB9, 0x7A, 0x4A, 0xC8,
    0x7A, 0xAD, 0xD7, 0xFD, 0x91, 0xBA, 0x7A, 0x83, 0x63, 0xB3, 0xCE, 0x20, 0xF9, 0x5C, 0x58, 0xB8,
    0xCB, 0x5A, 0x44, 0x71, 0x51, 0xF5, 0x18, 0x58, 0x34, 0x19, 0xFA, 0xB5, 0x96, 0xA1, 0xA2, 0xE8,
    0x71, 0xF9, 0x3E, 0x0A, 0x80, 0x62, 0x74, 0xB6, 0x1A, 0xC1, 0xAA, 0xC6, 0xBE, 0x03, 0x5B, 0xD7,
    0x05, 0xE8, 0x5C, 0x32, 0x27, 0x33, 0x55, 0x3C, 0x7B, 0x17, 0xC1, 0x78, 0xF4, 0x27, 0xF2, 0x58,
    0xE6, 0x16, 0xB1, 0xD1, 0xFE, 0x8F, 0xA9, 0xD7, 0xCB, 0x25, 0xEE, 0xE8, 0xD4, 0x7D, 0xB3, 0x3A,
    0xD0, 0x53, 0x17, 0xB6, 0x84, 0xC5, 0x27, 0x12, 0x00, 0xD8, 0x8A, 0x93, 0x81, 0xEF, 0xCC, 0xA7,
    0xF5, 0x8A, 0xA1, 0x95, 0x86, 0x0D, 0xFC, 0x9C, 0x1F, 0x4D, 0xD8, 0x98, 0x26, 0x56, 0xE1, 0x68,
    0xC6, 0xC4, 0x03, 0xBA, 0x39, 0x4E, 0xCC, 0x6C, 0x1D, 0x21, 0x5B, 0xA4, 0xCB, 0x6A, 0x98, 0x43,
    0xF1, 0xF8, 0x84, 0xBC, 0x7E, 0xA8, 0xCD, 0xA6, 0x47, 0x73, 0x02, 0x7E, 0x41, 0xD8, 0xB7, 0x37,
    0xFB, 0x74, 0x4A, 0x91, 0xD3, 0xD9, 0x56, 0x4D, 0x51, 0x57, 0xB5, 0x70, 0xDA, 0xC7, 0x13, 0x45,
    0xB8, 0xCF, 0x1B, 0x51, 0xFE, 0x88, 0x60, 0x1F, 0x8D, 0x16, 0x62, 0xC2, 0x74, 0xAA, 0x0F, 0x11,
    0x4B, 0x6C, 0x1E, 0xCA, 0x6E, 0x15, 0xA6, 0x98, 0x91, 0x74, 0x86, 0x32, 0x4E, 0x18, 0x1A, 0x45,
    0x8B, 0x50, 0x9A, 0x6D, 0xFE, 0x05, 0xA3, 0xD8, 0x3F, 0x5C, 0x02, 0x3C, 0x2E, 0xB8, 0xD5, 0xAF,
    0x54, 0x50, 0x36, 0x4A, 0x47, 0xBA, 0xC4, 0x3A, 0x6E, 0xE4, 0xF3, 0xCE, 0x1D, 0xC4, 0xCC, 0x50,
    0x22, 0x51, 0xA0, 0x26, 0xB4, 0xB8, 0xD2, 0xAE, 0x69, 0x4C, 0xA5, 0x63, 0x22, 0xCB, 0xF2, 0x1D,
    0x3C, 0xE5, 0xE2, 0x7C, 0x79, 0x52, 0xC0, 0x89, 0x3D, 0x3F, 0x53, 0x96, 0xE2, 0xFC, 0xA4, 0xD9,
    0x68, 0xA3, 0x6F, 0x8C, 0x36, 0x82, 0x84, 0x3C, 0xE7, 0x99, 0xCF, 0x1A, 0xB7, 0x0B, 0x50, 0x11,
    0xA9, 0x7A, 0x79, 0x8A, 0xDD, 0x7B, 0xEB, 0x45, 0x6B, 0x3A, 0x22, 0x8F, 0xB9, 0xA0, 0x05, 0x16,
    0xFD, 0xC0, 0xF3, 0xFA, 0x12, 0xF2, 0x9A, 0xB1, 0x5F, 0x65, 0x75, 0x4F, 0x01, 0x19, 0xDD, 0x41,
    0x13, 0x8E, 0xEC, 0x66, 0x6B, 0x4E, 0xE1, 0xEB, 0x48, 0xD2, 0xFA, 0x14, 0xCC, 0xC2, 0xAC, 0x67,
    0x83, 0xA4, 0x60, 0xC0, 0x57, 0x5B, 0x70, 0xAF, 0x85, 0x56, 0xBD, 0x28, 0xD9, 0x65, 0xFB, 0x86,
    0x86, 0x5C, 0x87, 0xEA, 0xDA, 0xEC, 0x32, 0x6E, 0xEF, 0xD8, 0xF5, 0x0B, 0x8E, 0x9C, 0x8F, 0xC2,
    0xE5, 0x8F, 0x27, 0xD6, 0xA5, 0xE5, 0x26, 0x53, 0x75, 0x57, 0x95, 0xC5, 0x9C, 0x0E, 0x2E, 0x48,
    0x19, 0x4F, 0x89, 0xFA, 0x91, 0x03, 0xF6, 0xD2, 0x12, 0x82, 0x22, 0xF9, 0x8D, 0x61, 0x26, 0xB8,
    0x71, 0x28, 0x3E, 0x4A, 0x26, 0x40, 0x1B, 0x2D, 0x05, 0x20, 0x2E, 0xA8, 0x2B, 0x54, 0x23, 0x36,
    0xEA, 0x3C, 0xF1, 0x55, 0x0F, 0x25, 0xE5, 0xB9, 0x3D, 0xC4, 0x29, 0xAE, 0xE9, 0xE3, 0x97, 0x7F,
    0x2F, 0xEF, 0xEF, 0xFD, 0x79, 0xE8, 0x7C, 0x26, 0xAF, 0xFB, 0x9D, 0xEE, 0x00, 0xEA, 0x34, 0xDD,
    0x0B, 0xAF, 0xFB, 0xDD, 0x1E, 0x8D, 0xFC, 0x1D, 0x36, 0x01, 0xFF, 0xA2, 0xF2, 0x6E, 0xF4, 0xEC,
    0x80, 0xBD, 0x80, 0x64, 0x5B, 0xF6, 0x6D, 0xCD, 0xA0, 0x05, 0xE0, 0xF9, 0xD0, 0x6C, 0x5B, 0x57,
    0xC5, 0xA3, 0x41, 0x6A, 0xED, 0x8A, 0x37, 0x41, 0x66, 0x36, 0x4F, 0xC2, 0x81, 0x03, 0x31, 0x56,
    0xFD, 0x12, 0x42, 0x87, 0x95, 0x1D, 0x37, 0x56, 0xEE, 0x61, 0xC7, 0x7F, 0xFD, 0xDE, 0xA9, 0x58,
    0xBB, 0x00, 0x92, 0xDC, 0x23, 0xE0, 0xB2, 0x88, 0xEA, 0x8B, 0x30, 0x41, 0x80, 0xA0, 0x47, 0x58,
    0x25, 0x41, 0x17, 0xDF, 0x01, 0x6E, 0xB1, 0xFA, 0x1D, 0x3D, 0x2E, 0x0B, 0x23, 0x5F, 0x51, 0xA0,
    0xC8, 0xB8, 0x9F, 0x22, 0x11, 0x3C, 0x86, 0x8C, 0x46, 0xF2, 0x3C, 0x64, 0x1D, 0xB6, 0x3D, 0xBF,
    0xAA, 0x2A, 0x87, 0xD6, 0x10, 0x59, 0xB7, 0xEB, 0xBE, 0x00, 0x08, 0xB0, 0xC5, 0x3A, 0x29, 0x7E,
    0x04, 0x02, 0xDD, 0x47, 0x9A, 0xC5, 0x6E, 0x55, 0x3B, 0x30, 0x10, 0x61, 0x4C, 0xBD, 0x96, 0x89,
    0x88, 0x29, 0x13, 0x8C, 0xC0, 0x70, 0x47, 0xC2, 0x79, 0xFD, 0xFE, 0x26, 0x66, 0xE7, 0xA7, 0xCA,
    0xE5, 0x44, 0x3F, 0x88, 0xBA, 0x06, 0xD7, 0x70, 0xE3, 0x3F, 0x73, 0xDF, 0xCE, 0xD0, 0x6D, 0x97,
    0x6E, 0xFC, 0x14, 0x02, 0x17, 0x25, 0xEE, 0xAD, 0x2B, 0x8F, 0xD6, 0x9C, 0xFF, 0x37, 0x34, 0xA1,
    0xB0, 0x5D, 0xBF, 0x19, 0x28, 0xB0, 0x2E, 0x38, 0xBB, 0x38, 0xC6, 0x86, 0xEF, 0x6B, 0x47, 0xF3,
    0xEF, 0x2C, 0xFA, 0x68, 0x06, 0x66, 0x5E, 0x28, 0x72, 0xD4, 0x1D, 0xB7, 0x9E, 0xF6, 0x21, 0xC9,
    0xEF, 0x15, 0x41, 0xBD, 0x21, 0x5C, 0x90, 0xF1, 0x7A, 0xE0, 0xDF, 0xBE, 0x15, 0xAA, 0x46, 0x75,
    0xAA, 0xD9, 0x02, 0x9A, 0x8A, 0x51, 0x2F, 0xBF, 0xEB, 0xDF, 0x0F, 0xE8, 0xF1, 0x87, 0xAD, 0x09,
    0xB8, 0x8F, 0xD0, 0x04, 0x47, 0x0C, 0x7D, 0x1E, 0x40, 0x02, 0xFB, 0xDD, 0x5A, 0xB9, 0x61, 0x5C,
    0x67, 0xBF, 0x84, 0x6D, 0x43, 0xCE, 0x8A, 0x75, 0xD0, 0x27, 0x0C, 0xEA, 0xF5, 0xE8, 0xAD, 0xD2,
    0xA2, 0xEF, 0xDD, 0xCB, 0x68, 0x96, 0xC5, 0x0E, 0x8D, 0x99, 0x96, 0xA1, 0xB2, 0x62, 0x57, 0x5B,
    0x64, 0x35, 0x19, 0xE8, 0x56, 0x00, 0xD9, 0xA1, 0x5D, 0x96, 0xDA, 0x31, 0xDA, 0xC0, 0xE1, 0x20,
    0x31, 0xA6, 0x2D, 0x62, 0x34, 0x24, 0x46, 0xB9, 0x21, 0x06, 0x3B, 0x16, 0xA4, 0xD3, 0x01, 0x62,
    0x10, 0xC6, 0x54, 0x7A, 0xDC, 0x47, 0x8C, 0x8C, 0xC4, 0xD0, 0xAE, 0xA2, 0x24, 0x86, 0x4F, 0x62,
    0x84, 0x56, 0x9B, 0x4D, 0x1E, 0x46, 0x8C, 0x83, 0x6D, 0xC1, 0x2C, 0x7B, 0x8C, 0xC6, 0x5B, 0x6D,
    0xC1, 0x2C, 0x2D, 0x5B, 0x7B, 0xA0, 0x2D, 0x18, 0x7C, 0x8D, 0xFB, 0xDB, 0x82, 0xFD, 0x69, 0xDC,
    0xF1, 0x10, 0x10, 0xE4, 0x6B, 0x71, 0x07, 0x5B, 0x5F, 0x8B, 0x4A, 0xDD, 0x70, 0x07, 0xB4, 0x1A,
    0x7B, 0xCB, 0xEE, 0xE7, 0x0E, 0x94, 0x0F, 0xB4, 0x87, 0x70, 0x07, 0xBF, 0xF3, 0x4E, 0xCD, 0x74,
    0x34, 0x2B, 0x71, 0xBF, 0xEE, 0xFF, 0x7A, 0x49, 0xEF, 0x8C, 0x7A, 0xED, 0xA0, 0x2A, 0x5E, 0x43,
    0x4D, 0x25, 0x27, 0x82, 0x4E, 0xF5, 0x1E, 0x7B, 0x61, 0xA4, 0xC8, 0xCC, 0xF6, 0x5F, 0x75, 0x86,
    0x7C, 0x78, 0x48, 0x77, 0xD5, 0x64, 0xF9, 0x86, 0xC7, 0x76, 0x89, 0xF1, 0xBB, 0xC2, 0x35, 0xE6,
    0x68, 0x58, 0xD8, 0x4F, 0x15, 0xEC, 0xD2, 0x64, 0x08, 0x3B, 0x2D, 0x86, 0x46, 0xDB, 0xE1, 0x5D,
    0xD4, 0x6B, 0x57, 0x3A, 0x5C, 0x0A, 0xD6, 0x2F, 0xC0, 0x09, 0xC7, 0xD8, 0xDE, 0x05, 0x96, 0xF1,
    0x2F, 0x05, 0x5C, 0xC3, 0xDC, 0x3E, 0x27, 0x57, 0x1E, 0x2B, 0xB5, 0xA1, 0x8A, 0x86, 0x83, 0xD8,
    0x1C, 0x22, 0xD3, 0xB4, 0x29, 0x02, 0x42, 0xEF, 0x14, 0x1F, 0x1D, 0x0F, 0xFC, 0x40, 0xF5, 0xB4,
    0x3C, 0x57, 0xAB, 0x61, 0x2F, 0xB8, 0x58, 0x70, 0xBD, 0x2A, 0xC5, 0x6C, 0xE9, 0x4E, 0xFF, 0x7D,
    0xFA, 0x56, 0x2D, 0x2D, 0x4E, 0xD1, 0xB6, 0xB8, 0xD1, 0x52, 0xD3, 0xB6, 0x77, 0x79, 0x67, 0x56,
    0x85, 0x8A, 0xE0, 0x9D, 0xFC, 0x8A, 0xDF, 0xCF, 0x97, 0xF4, 0xEC, 0xC7, 0xC4, 0x84, 0x40, 0x7B,
    0x99, 0x08, 0x2F, 0x66, 0x16, 0x09, 0xBE, 0x7C, 0x34, 0xB9, 0x43, 0xD7, 0x8B, 0xD6, 0xB8, 0xE0,
    0x51, 0xBE, 0xEB, 0xE1, 0xDA, 0xAE, 0x4E, 0x1C, 0xF7, 0xC5, 0x50, 0x4B, 0x77, 0x06, 0xE7, 0xD5,
    0x67, 0x8A, 0xCB, 0xEF, 0xA0, 0x96, 0x22, 0xDD, 0xA7, 0x37, 0x27, 0xE7, 0x7D, 0x35, 0x9E, 0x9D,
    0xB6, 0x03, 0x8F, 0xBA, 0xAA, 0xFA, 0xBD, 0xA7, 0x5C, 0xEB, 0xF5, 0x1F, 0x7B, 0x71, 0xE1, 0xF7,
    0x65, 0x09, 0xD4, 0x4A, 0x10, 0x23, 0x00, 0xAE, 0x18, 0x36, 0xEC, 0xE9, 0x11, 0xC3, 0xDF, 0x6F,
    0x3C, 0x3C, 0x64, 0x1D, 0x33, 0xE8, 0x92, 0x85, 0xFF, 0x08, 0x99, 0xD0, 0xBC, 0x19, 0x53, 0xF4,
    0x46, 0xAC, 0x6E, 0x48, 0x6F, 0xB5, 0x37, 0x33, 0x61, 0x29, 0xCB, 0xCF, 0x7D, 0x3F, 0xD6, 0x41,
    0x24, 0x5B, 0x46, 0x6E, 0x04, 0x63, 0x27, 0x9C, 0x48, 0x32, 0x51, 0xF5, 0x0F, 0xA0, 0x73, 0xDC,
    0x73, 0x34, 0xCD, 0xDA, 0x4A, 0x49, 0x9B, 0x18, 0xEA, 0xD6, 0x30, 0xDA, 0xC5, 0xD0, 0xED, 0x0D,
    0x6D, 0x63, 0xA8, 0x9B, 0xC3, 0xF5, 0x31, 0xD4, 0xDD, 0xA1, 0x8D, 0x0C, 0xDD, 0xF6, 0x58, 0xFC,
    0x97, 0x9A, 0xA5, 0x3C, 0x6F, 0x7B, 0x39, 0xCB, 0xAD, 0x1E, 0x7F, 0xED, 0x66, 0x8B, 0x70, 0x95,
    0x7E, 0xA7, 0x0D, 0xBE, 0x19, 0xB9, 0xD5, 0x4D, 0x12, 0xBB, 0xFD, 0x31, 0x6D, 0xA7, 0xE0, 0x79,
    0x3D, 0x92, 0xEC, 0xF4, 0x1B, 0x81, 0xAB, 0x77, 0x48, 0x4E, 0xAC, 0x93, 0xFE, 0x79, 0xF3, 0x23,
    0xD8, 0x2D, 0xB5, 0x23, 0x83, 0x3E, 0xDD, 0xCE, 0x9C, 0x57, 0x13, 0x6C, 0x91, 0x25, 0x98, 0xA3,
    0x1A, 0x29, 0x1B, 0xF4, 0x6B, 0x2D, 0x7D, 0x3A, 0x4C, 0xB5, 0xC3, 0x48, 0xD6, 0xAD, 0x41, 0x1F,
    0xB6, 0xB5, 0x7C, 0x4A, 0xCB, 0xE2, 0x65, 0xB7, 0x1E, 0xB3, 0xFF, 0xED, 0xBE, 0xDF, 0x72, 0xB6,
    0xF9, 0xBE, 0xDD, 0x17, 0xEC, 0xA9, 0xC5, 0x56, 0xD2, 0x8C, 0xB7, 0xB8, 0x14, 0x8B, 0x6C, 0x00,
    0x28, 0x84, 0x62, 0x3A, 0x8F, 0x66, 0x52, 0x4F, 0x6E, 0xDA, 0x22, 0x89, 0xB6, 0x42, 0x90, 0xE7,
    0x98, 0x50, 0x35, 0x2F, 0xDA, 0xAA, 0x41, 0x8A, 0x3D, 0xA2, 0x3C, 0xEA, 0x1A, 0xBC, 0x0C, 0x48,
    0x59, 0x35, 0x28, 0x56, 0x64, 0x3B, 0x8F, 0xE4, 0xAE, 0x75, 0xC6, 0x10, 0x82, 0x97, 0x69, 0xFF,
    0x03, 0x51, 0xCB, 0xAF, 0x23, 0x47, 0x46, 0x65, 0xFD, 0x43, 0xF1, 0x15, 0x6E, 0x9B, 0x3C, 0x7E,
    0x57, 0xD3, 0x6B, 0x37, 0xED, 0x22, 0xA2, 0x66, 0x7F, 0xFC, 0x18, 0x7E, 0x38, 0x98, 0xE0, 0x3E,
    0xBE, 0xEA, 0xF9, 0x89, 0x70, 0xD6, 0x5B, 0xFA, 0xCC, 0x7F, 0x29, 0x99, 0x94, 0xBA, 0xB4, 0xED,
    0x62, 0xF7, 0xEB, 0x86, 0xB4, 0x06, 0x8E, 0x16, 0x0A, 0x3D, 0xAD, 0xF1, 0x2D, 0xF6, 0x02, 0xC1,
    0x9E, 0x65, 0x29, 0x69, 0xEF, 0x12, 0x73, 0xE0, 0x29, 0x4E, 0xB5, 0x6F, 0xF5, 0xE6, 0x2B, 0x6E,
    0xDB, 0xD8, 0x7D, 0xED, 0xE2, 0x79, 0xD7, 0x1D, 0x64, 0x74, 0x5F, 0x89, 0xB9, 0xFC, 0x61, 0xBD,
    0x62, 0xEF, 0xCF, 0xDA, 0xA8, 0x7E, 0xE9, 0x5C, 0x4F, 0x1B, 0xFE, 0x84, 0xE8, 0x5E, 0x92, 0x52,
    0x51, 0xCF, 0x26, 0x79, 0x75, 0xCD, 0x32, 0x8D, 0x5C, 0x0E, 0x8F, 0x36, 0x28, 0xAB, 0xF5, 0x5D,
    0xFD, 0x72, 0xCF, 0xDA, 0x55, 0xF5, 0x69, 0xE7, 0x7A, 0x57, 0x16, 0xA8, 0x01, 0x2F, 0x3A, 0x0B,
    0x03, 0x0D, 0xBC, 0x16, 0x0E, 0x52, 0x01, 0x07, 0x32, 0xB4, 0x43, 0x1C, 0xCE, 0x44, 0x3C, 0x97,
    0x12, 0x6B, 0x3B, 0xDE, 0xBC, 0x8C, 0x09, 0xEB, 0xD9, 0x6D, 0x82, 0xF7, 0x7A, 0xC6, 0x76, 0xEE,
    0x8B, 0x2B, 0x06, 0x1D, 0xB9, 0xBD, 0x11, 0x3A, 0x30, 0x42, 0x06, 0xCC, 0x5A, 0x05, 0x04, 0x04,
    0x8E, 0xFC, 0x3D, 0xDE, 0x62, 0xCC, 0xA5, 0x93, 0xDD, 0xB7, 0xD5, 0xC4, 0xF0, 0x6B, 0xF3, 0xAE,
    0xBF, 0x14, 0x54, 0xCD, 0x0B, 0xDB, 0x1D, 0xD8, 0x98, 0xDE, 0x01, 0xDE, 0x75, 0x4C, 0xCF, 0x1C,
    0x23, 0xED, 0x9D, 0xAA, 0xBC, 0xAB, 0xB1, 0xAD, 0x7E, 0xAD, 0x30, 0x3F, 0x95, 0xB1, 0x6D, 0x58,
    0xBF, 0x7C, 0xDD, 0x99, 0x67, 0x37, 0xAD, 0xF1, 0xBF, 0xA0, 0xED, 0x9C, 0x60, 0x38, 0xE6, 0x09,
    0x96, 0xD5, 0xEE, 0xE1, 0x6D, 0xE7, 0xF2, 0xEA, 0x1A, 0x12, 0x26, 0x45, 0x68, 0xEE, 0xDC, 0xE9,
    0x5D, 0x68, 0x56, 0x1E, 0xF7, 0x8F, 0xA2, 0xEC, 0xAB, 0xB3, 0xB5, 0x0B, 0xC2, 0x36, 0x4E, 0x90,
    0x7F, 0xF7, 0xDF, 0xDF, 0x12, 0xEC, 0x49, 0x52, 0x67, 0xC2, 0x95, 0x7E, 0xAF, 0xA5, 0x75, 0x89,
    0x2E, 0xCB, 0x8D, 0xDD, 0x77, 0xCE, 0xBA, 0xEF, 0x08, 0xA5, 0xA0, 0x3F, 0xFA, 0x8C, 0x1B, 0x8D,
    0x46, 0x18, 0x77, 0x5D, 0x9A, 0xDE, 0xA5, 0x10, 0x91, 0xEB, 0x6B, 0xD6, 0xB2, 0x87, 0xDD, 0xB5,
    0x19, 0x15, 0x64, 0xD3, 0x5F, 0xA9, 0x38, 0xD3, 0x9E, 0x3E, 0x5B, 0x5D, 0x18, 0x32, 0xAD, 0x3E,
    0xA8, 0x5D, 0xFC, 0x22, 0xFA, 0x44, 0x04, 0xF9, 0x2B, 0x9D, 0x6D, 0xA2, 0xBB, 0x3D, 0x9C, 0x02,
    0x60, 0x4A, 0x51, 0xE9, 0x55, 0x13, 0xF5, 0xAA, 0x50, 0x14, 0x84, 0xA9, 0x2B, 0x48, 0x3E, 0xF4,
    0x03, 0x10, 0x2C, 0x51, 0x86, 0x59, 0x77, 0xF8, 0x7D, 0xA9, 0x5A, 0x6B, 0x47, 0xFE, 0x97, 0x95,
    0xAA, 0xAC, 0x23, 0x8F, 0x67, 0xF5, 0x76, 0x5B, 0x97, 0x4D, 0x04, 0x16, 0x39, 0x63, 0xE7, 0xD3,
    0x6B, 0x24, 0x73, 0xC9, 0x73, 0xCB, 0x9C, 0xC6, 0x9B, 0x0E, 0x50, 0x95, 0x29, 0x4C, 0xE0, 0x93,
    0x6D, 0xAA, 0x96, 0x0B, 0x55, 0x0F, 0x7C, 0x2B, 0xCE, 0x97, 0x49, 0xE5, 0xF7, 0x5E, 0xB0, 0xEF,
    0x19, 0xFD, 0x36, 0x84, 0x82, 0xA3, 0xB8, 0x5F, 0x2A, 0xFF, 0x9D, 0x0E, 0xC1, 0x6E, 0x97, 0xCA,
    0xFF, 0xFF, 0x00, 0xDD, 0x5B, 0xBF, 0x93, 0xDD, 0x56, 0x15, 0xBE, 0x92, 0x9C, 0xD5, 0x10, 0x15,
    0x6A, 0x08, 0x13, 0xC2, 0x0C, 0xAA, 0x81, 0x8C, 0xF5, 0x0F, 0xD8, 0x96, 0x3C, 0x29, 0x52, 0x50,
    0xC4, 0x05, 0x0B, 0x45, 0x8A, 0x34, 0x74, 0x0C, 0xB3, 0xFF, 0x80, 0xC7, 0x7A, 0x84, 0x82, 0x92,
    0xA5, 0xA1, 0x4D, 0x0A, 0x0A, 0xBA, 0x34, 0x14, 0xCE, 0x8C, 0xBD, 0x52, 0x48, 0x41, 0x19, 0x25,
    0x9E, 0x0C, 0x45, 0x8A, 0x28, 0x24, 0x4C, 0x86, 0xA1, 0xB0, 0x18, 0x64, 0x47, 0x8E, 0x25, 0x5D,
    0xCE, 0xF7, 0x9D, 0xFB, 0xF4, 0xF4, 0xD6, 0x89, 0x63, 0x93, 0xF5, 0xFE, 0xF0, 0x7A, 0xAC, 0xB7,
    0x2B, 0xE9, 0x4A, 0xE7, 0x7E, 0xE7, 0xBB, 0xE7, 0xE7, 0x7D, 0xC6, 0x98, 0x60, 0x32, 0xF8, 0x29,
    0x5B, 0x1C, 0x63, 0x8B, 0x63, 0x60, 0x3B, 0x7C, 0x14, 0x36, 0xE7, 0xA9, 0x5E, 0x8E, 0xBE, 0xB5,
    0x95, 0x7C, 0x64, 0x1F, 0x0F, 0x72, 0x8C, 0x3A, 0xFC, 0xE1, 0xD9, 0x78, 0xC4, 0xA9, 0xBA, 0x6C,
    0xE4, 0x54, 0x1F, 0xE2, 0x39, 0xD6, 0x5A, 0x79, 0x4E, 0x2A, 0x1F, 0xC6, 0x84, 0x83, 0xC9, 0xE4,
    0x39, 0x36, 0x0F, 0xE4, 0x39, 0x69, 0x6B, 0xD2, 0xDE, 0x04, 0xA3, 0x8C, 0xAA, 0x4C, 0x59, 0x99,
    0x64, 0x30, 0x09, 0x2E, 0x56, 0x81, 0xDC, 0x99, 0x8C, 0x81, 0x0C, 0x88, 0xED, 0x94, 0xC9, 0x68,
    0x6B, 0x1B, 0xB3, 0xFD, 0x73, 0x93, 0xC7, 0x84, 0x02, 0xFA, 0x94, 0xC9, 0xFD, 0xA1, 0x57, 0xBC,
    0x52, 0x46, 0x25, 0x78, 0x71, 0xD9, 0xD9, 0xDA, 0xB3, 0x2B, 0x3E, 0xD4, 0x56, 0x22, 0x9D, 0xAD,
    0x92, 0x41, 0x4E, 0xA4, 0xBD, 0x67, 0xF3, 0xAC, 0xF3, 0xAD, 0xC9, 0xDA, 0x60, 0x73, 0x98, 0xE4,
    0x10, 0x8E, 0x22, 0x9A, 0xDC, 0x19, 0xF7, 0xC5, 0xF8, 0x7C, 0x28, 0x72, 0x0F, 0xA6, 0xFC, 0xC0,
    0xEE, 0x2F, 0xDE, 0x1E, 0xAF, 0x30, 0x49, 0xC8, 0x94, 0xB5, 0xEB, 0xDF, 0x78, 0x0E, 0x08, 0xF1,
    0x33, 0x3D, 0xA0, 0x64, 0x5F, 0xA8, 0xDC, 0x03, 0x8F, 0xD7, 0x78, 0x8C, 0x28, 0xAC, 0x69, 0x97,
    0xB3, 0xF9, 0x19, 0x8F, 0x7C, 0x96, 0x89, 0x08, 0xB7, 0x67, 0xF9, 0x47, 0xC6, 0xA9, 0x85, 0x8A,
    0xBD, 0xB5, 0x78, 0x74, 0x6A, 0xF1, 0xB4, 0x60, 0x22, 0xF6, 0xF6, 0xBD, 0x81, 0x33, 0xB7, 0x35,
    0x4E, 0xC5, 0x80, 0xBB, 0xAC, 0x80, 0x7D, 0xDC, 0xE3, 0x39, 0xBE, 0x62, 0x5F, 0x10, 0xFB, 0x98,
    0xD8, 0x7B, 0x56, 0xCE, 0xAE, 0x20, 0x72, 0x3A, 0x98, 0x68, 0x20, 0xF6, 0xF2, 0x37, 0x2E, 0xCA,
    0x9D, 0xB6, 0x56, 0xB8, 0x6F, 0x29, 0xF6, 0xF2, 0x04, 0x3C, 0x32, 0xBA, 0x2D, 0x52, 0x44, 0x6F,
    0x40, 0x94, 0x0C, 0xB3, 0x82, 0xF2, 0x83, 0x1A, 0x87, 0x6A, 0x39, 0x8B, 0x27, 0x06, 0xFA, 0xCD,
    0x05, 0x3C, 0xCA, 0x46, 0x9F, 0x50, 0x98, 0x52, 0xB1, 0x5E, 0x2D, 0x55, 0x33, 0x28, 0x5B, 0x6B,
    0x5E, 0xE7, 0xCD, 0xE9, 0x47, 0x18, 0x19, 0x76, 0x99, 0xDC, 0xE7, 0x0D, 0xDE, 0xB0, 0x90, 0x78,
    0xF7, 0x81, 0x27, 0x6F, 0x01, 0x1F, 0x91, 0xE7, 0x9E, 0x02, 0x9F, 0x11, 0xF8, 0x70, 0x50, 0xE0,
    0x5F, 0x01, 0xCF, 0x53, 0x02, 0x1F, 0x0E, 0x11, 0x79, 0xBE, 0x2A, 0x67, 0x9E, 0x07, 0x0A, 0x7C,
    0x59, 0x81, 0xE7, 0x89, 0xF2, 0x7C, 0xA2, 0xD4, 0xCA, 0xF3, 0xB8, 0x5F, 0xF3, 0x3C, 0x76, 0x3C,
    0x1F, 0x37, 0x3C, 0xF7, 0xBB, 0xF5, 0x3C, 0x32, 0xBC, 0x9E, 0xBA, 0xC5, 0xDB, 0xE2, 0x79, 0x11,
    0x60, 0xA0, 0xCA, 0x9B, 0x41, 0xB4, 0xB2, 0xA8, 0x8C, 0x3F, 0xC8, 0xE5, 0xB0, 0x0D, 0xDB, 0x27,
    0xAA, 0x8B, 0x84, 0x50, 0x3B, 0xF3, 0x40, 0xE9, 0x54, 0x3E, 0x80, 0x44, 0x5E, 0xFB, 0xA3, 0xBE,
    0x7E, 0xFF, 0xE9, 0xD0, 0x05, 0x97, 0x2C, 0xDF, 0xC8, 0x49, 0x14, 0xD0, 0x4C, 0xC8, 0x29, 0x96,
    0x38, 0x3C, 0x9B, 0x9F, 0xA0, 0x2E, 0x4C, 0x4A, 0x5C, 0xE3, 0xDB, 0x7C, 0xC9, 0xDD, 0x4E, 0xE1,
    0x33, 0x9B, 0x15, 0xE1, 0x56, 0xE7, 0x85, 0xE5, 0x1A, 0x25, 0x60, 0x26, 0x1B, 0xD5, 0xD2, 0xB4,
    0xD4, 0x18, 0xA7, 0x52, 0xBC, 0x04, 0x78, 0x93, 0x2A, 0x59, 0x2C, 0xE9, 0xE7, 0xAE, 0xCC, 0x64,
    0x93, 0x91, 0x9C, 0x4D, 0xB2, 0x74, 0x06, 0x25, 0x91, 0x49, 0xA8, 0x98, 0x40, 0x9D, 0x41, 0x41,
    0x83, 0x14, 0x77, 0x80, 0xCB, 0x57, 0x67, 0x50, 0x3C, 0x68, 0x90, 0x32, 0x2A, 0x26, 0x3A, 0x6C,
    0x90, 0xFA, 0x47, 0x30, 0x48, 0xA6, 0x04, 0xE6, 0xF7, 0xE5, 0x5D, 0xC1, 0x47, 0xD5, 0x9A, 0x91,
    0xE3, 0xDA, 0xA2, 0x7A, 0xED, 0x89, 0x2F, 0x11, 0xFF, 0x5E, 0x44, 0x47, 0x48, 0xBC, 0x32, 0xCB,
    0x85, 0xBB, 0x3A, 0xC8, 0xCD, 0xE1, 0x9F, 0x33, 0xAF, 0x89, 0xA4, 0x39, 0x0F, 0xD7, 0x82, 0xFB,
    0x44, 0x88, 0xA0, 0xD9, 0x5B, 0x9A, 0xE1, 0x13, 0x5C, 0x16, 0x4F, 0x00, 0xD8, 0xAD, 0x78, 0xA7,
    0xF8, 0xD8, 0x01, 0xFB, 0xD0, 0x78, 0x27, 0x3B, 0xD6, 0x78, 0xE7, 0x04, 0xE1, 0x7E, 0x84, 0x90,
    0xE8, 0x71, 0x1C, 0x78, 0x50, 0x73, 0x0D, 0x5F, 0x92, 0x7F, 0xF2, 0x47, 0x47, 0x5D, 0x65, 0x2E,
    0xFE, 0xA1, 0x4A, 0xFD, 0xC9, 0x9C, 0x7D, 0x07, 0xDE, 0x9A, 0xEB, 0xC6, 0x74, 0xF2, 0xCF, 0x8C,
    0xD0, 0x8F, 0xC5, 0x2D, 0x0C, 0xAD, 0xA3, 0xDE, 0x1C, 0x87, 0x03, 0x57, 0xBE, 0x67, 0xEA, 0x7E,
    0x4B, 0x15, 0x4B, 0x75, 0x61, 0x0E, 0x9E, 0x2A, 0x5D, 0x1C, 0x6C, 0x1C, 0x38, 0x66, 0x99, 0xF6,
    0xB3, 0xD4, 0x33, 0xE9, 0x4E, 0x4C, 0x17, 0xFF, 0x8F, 0x03, 0xBF, 0x68, 0x52, 0x5C, 0x68, 0x18,
    0x7E, 0x67, 0x97, 0x07, 0x35, 0x4B, 0x9A, 0x93, 0xF1, 0x69, 0xE9, 0xD2, 0x72, 0x9C, 0x65, 0x07,
    0xAE, 0x6A, 0xF1, 0x8E, 0x5F, 0x2D, 0x8F, 0xE8, 0xC0, 0x2F, 0x9A, 0x44, 0x35, 0xD1, 0xCC, 0x9A,
    0x08, 0xD6, 0x9A, 0x68, 0xCE, 0x84, 0x26, 0x1E, 0xEE, 0xC0, 0x4F, 0x6C, 0x59, 0x3C, 0x6F, 0xBE,
    0x43, 0xDB, 0xB3, 0x0D, 0xAC, 0xC2, 0xA3, 0xC0, 0x7E, 0x66, 0x9E, 0x3E, 0x07, 0x7E, 0x72, 0x56,
    0xE8, 0x9B, 0x1C, 0xB8, 0x05, 0x1E, 0xB0, 0xC1, 0x30, 0xB8, 0x8D, 0x37, 0x0A, 0xB2, 0x79, 0xD0,
    0x81, 0x55, 0x71, 0xA5, 0xF7, 0x0A, 0x1C, 0x3F, 0x16, 0x41, 0x27, 0xD4, 0x39, 0xB2, 0x2E, 0x6A,
    0x38, 0x66, 0x05, 0xAD, 0x8D, 0xC0, 0xE5, 0x17, 0x30, 0xDE, 0x8D, 0xDC, 0x2C, 0x03, 0xAF, 0xD1,
    0x31, 0x5E, 0x31, 0xF3, 0x40, 0x53, 0x60, 0xA0, 0xDF, 0x03, 0xE6, 0xB8, 0x36, 0xF6, 0xC3, 0xDD,
    0x52, 0x74, 0x26, 0xF2, 0xF1, 0x8D, 0x5B, 0x55, 0x12, 0x13, 0x12, 0xD4, 0xAC, 0xE6, 0x48, 0x88,
    0x46, 0xAF, 0xEA, 0x4E, 0x7B, 0xE5, 0xBE, 0xA0, 0xD3, 0x99, 0xE2, 0x6F, 0x02, 0x45, 0x30, 0x05,
    0x63, 0x38, 0x45, 0x43, 0x3C, 0xC8, 0x84, 0x3B, 0x71, 0x23, 0x35, 0x16, 0x72, 0xF6, 0x65, 0x8E,
    0xF7, 0x9E, 0x93, 0xFF, 0x2F, 0xCA, 0xFF, 0x1B, 0x69, 0x17, 0x0C, 0xF1, 0x98, 0x74, 0x21, 0xA7,
    0xF6, 0xD9, 0x96, 0xB2, 0x3C, 0xAB, 0x7A, 0xC2, 0xA7, 0x53, 0x11, 0xD7, 0x47, 0x78, 0x1B, 0x14,
    0x8A, 0x69, 0xA6, 0xE9, 0xE7, 0x4D, 0x96, 0xCF, 0x76, 0x2B, 0x5A, 0x99, 0x07, 0x7F, 0x62, 0x4C,
    0x84, 0x74, 0xEA, 0x31, 0xD5, 0xA4, 0xC6, 0x54, 0x65, 0x90, 0xCC, 0x7D, 0x70, 0xC4, 0x4D, 0x06,
    0xFF, 0xCD, 0x0D, 0x46, 0x07, 0x1C, 0xD3, 0x93, 0x82, 0xB5, 0x08, 0xF0, 0x61, 0xB1, 0x01, 0x17,
    0x73, 0xB5, 0xD5, 0x33, 0x66, 0x1E, 0x28, 0x11, 0x1E, 0x1C, 0x78, 0xBA, 0x02, 0x41, 0x45, 0xBF,
    0xE3, 0xEE, 0xAB, 0x6D, 0x84, 0x37, 0x56, 0x19, 0xDF, 0x8B, 0x65, 0x2E, 0x79, 0xAC, 0x0C, 0xBE,
    0x3A, 0xA8, 0xC4, 0x82, 0xB2, 0xF9, 0xA1, 0x9C, 0x3F, 0xBF, 0xAC, 0xDC, 0x1C, 0x01, 0x76, 0x61,
    0x1B, 0xE7, 0x48, 0x91, 0xAF, 0x72, 0xBD, 0xCA, 0x4B, 0x2E, 0xB1, 0x1E, 0xD5, 0x46, 0xFB, 0x5F,
    0x01, 0xCA, 0x09, 0x93, 0xCA, 0x1B, 0xC4, 0x81, 0x42, 0x54, 0x01, 0x3A, 0x0F, 0x6A, 0x59, 0xAD,
    0x57, 0xFD, 0xA5, 0x55, 0xF9, 0xC1, 0x3D, 0x43, 0x40, 0xC2, 0xA1, 0xA8, 0x80, 0x88, 0x90, 0xAE,
    0x68, 0x00, 0x89, 0xB1, 0xBF, 0xB3, 0x39, 0x30, 0xE1, 0x14, 0x01, 0x0A, 0x14, 0x91, 0x03, 0x15,
    0xF9, 0x25, 0xAA, 0x00, 0x8B, 0xB1, 0xEF, 0xDB, 0x9C, 0xB8, 0x44, 0x53, 0xBE, 0xA9, 0xFC, 0x45,
    0x24, 0x6B, 0xC1, 0xFA, 0xC7, 0x34, 0x57, 0x0A, 0xC3, 0x85, 0xA1, 0x48, 0x99, 0xAC, 0xD0, 0x74,
    0x24, 0x34, 0x4E, 0x13, 0x6E, 0x89, 0x9B, 0x92, 0x1E, 0x72, 0xDC, 0x02, 0x30, 0xE3, 0x1A, 0xC6,
    0x74, 0x68, 0xED, 0x8B, 0x1C, 0x61, 0x26, 0x60, 0x34, 0x41, 0xEB, 0x0A, 0x2F, 0x45, 0xFB, 0xEC,
    0x0A, 0x0E, 0x21, 0x43, 0x60, 0xE4, 0x2B, 0x9F, 0x14, 0xC6, 0xDC, 0x84, 0x76, 0x77, 0x40, 0x38,
    0x14, 0xD0, 0x31, 0x24, 0xC0, 0xD5, 0x7C, 0xD7, 0xCC, 0x03, 0x25, 0x4B, 0x82, 0x27, 0x39, 0x90,
    0x81, 0x12, 0xF8, 0x99, 0xEC, 0xCE, 0xEE, 0x5E, 0x95, 0x92, 0x4F, 0x96, 0xEF, 0x75, 0x7E, 0x1B,
    0x53, 0xF2, 0x21, 0x69, 0xD1, 0x28, 0xCF, 0xE6, 0xD9, 0xF8, 0x60, 0x5E, 0xD9, 0xEB, 0x44, 0xC2,
    0x7B, 0x32, 0xDF, 0x29, 0x6A, 0x85, 0xF5, 0x59, 0x3E, 0x13, 0xCE, 0x83, 0x1C, 0xC2, 0x38, 0xB1,
    0x83, 0x59, 0x03, 0xCA, 0x89, 0x49, 0x15, 0x6B, 0x26, 0x9C, 0xF3, 0xA1, 0x63, 0x90, 0x2E, 0xB0,
    0x7F, 0xA2, 0x52, 0xCF, 0x89, 0x74, 0x7E, 0x05, 0xDA, 0xC9, 0x92, 0xCC, 0x2A, 0xF0, 0x4E, 0x8C,
    0xA3, 0x3C, 0x5D, 0x17, 0xAD, 0xE6, 0x19, 0x65, 0x65, 0x9C, 0x34, 0xEE, 0xA8, 0x71, 0x9F, 0x2B,
    0xC8, 0xBE, 0x70, 0xC6, 0x00, 0xC6, 0x38, 0x05, 0xB1, 0xE5, 0x2A, 0x50, 0x8B, 0xEC, 0xE1, 0x97,
    0x9D, 0x95, 0x4E, 0x16, 0xF0, 0x16, 0x72, 0x4B, 0xF1, 0x46, 0x63, 0xB2, 0xD7, 0x87, 0x0D, 0xBA,
    0x60, 0x6F, 0x21, 0xD2, 0x02, 0xDC, 0xA2, 0x12, 0xF9, 0x84, 0xBC, 0x69, 0x9B, 0xB5, 0xC0, 0x56,
    0x6C, 0x43, 0x47, 0xEE, 0xDA, 0x7F, 0x29, 0xB4, 0x22, 0x51, 0x44, 0xEA, 0x96, 0x75, 0xDC, 0x02,
    0x59, 0x0F, 0x93, 0x70, 0xCC, 0x4D, 0x98, 0xCE, 0xDC, 0xC7, 0x31, 0x7C, 0x8F, 0x38, 0xDE, 0x30,
    0x73, 0x16, 0x71, 0xDD, 0xAC, 0xEB, 0xC0, 0xEE, 0x87, 0x1A, 0x88, 0x88, 0x3A, 0xE4, 0x52, 0xBD,
    0x53, 0x34, 0x99, 0x63, 0xD0, 0x9D, 0x26, 0x03, 0x60, 0xC2, 0x1E, 0x75, 0x6D, 0x51, 0xDF, 0xE7,
    0x8D, 0x82, 0x0D, 0xEA, 0x72, 0x32, 0xED, 0x62, 0x35, 0xA6, 0x93, 0x32, 0x25, 0xF9, 0xBC, 0x27,
    0x4D, 0xE2, 0x3A, 0xD6, 0xF9, 0xEE, 0x08, 0x3E, 0x30, 0x10, 0xC9, 0x7F, 0x2C, 0xF9, 0x1B, 0x77,
    0x49, 0x0F, 0xFB, 0x10, 0x4C, 0xC9, 0x48, 0xFA, 0x22, 0xA4, 0x82, 0x79, 0x10, 0xB9, 0x3C, 0xB2,
    0xD7, 0x56, 0x7E, 0x0B, 0xEB, 0x10, 0xD8, 0x97, 0x47, 0x92, 0xD7, 0xD7, 0x68, 0x73, 0x0C, 0x2B,
    0x10, 0x67, 0xA2, 0xD5, 0xC4, 0x32, 0xF2, 0xC7, 0x43, 0xB6, 0x32, 0x22, 0x67, 0xA0, 0x6D, 0x61,
    0x15, 0xA4, 0x83, 0xC2, 0x4D, 0xD0, 0xA7, 0x18, 0xB8, 0xD6, 0xF9, 0x29, 0x71, 0x36, 0xE5, 0xE5,
    0x96, 0x36, 0xD5, 0xE0, 0x99, 0x61, 0x55, 0x2E, 0x85, 0x23, 0x9D, 0x81, 0xA8, 0x07, 0x82, 0x03,
    0x52, 0x1A, 0x85, 0x19, 0x53, 0x82, 0x4A, 0xAB, 0x00, 0x54, 0x69, 0x76, 0x01, 0x2B, 0xCD, 0x02,
    0x70, 0x45, 0x3A, 0x58, 0x13, 0x58, 0xDA, 0x05, 0x20, 0x0B, 0x85, 0xBF, 0x68, 0x00, 0x2D, 0x0D,
    0x03, 0xB1, 0xA5, 0xE5, 0xF5, 0x5D, 0x6C, 0xF3, 0x38, 0x94, 0x74, 0x85, 0x14, 0x4C, 0x07, 0x30,
    0x32, 0xC5, 0x0C, 0x3B, 0xAC, 0x50, 0x11, 0x50, 0x5E, 0x94, 0xB9, 0xDA, 0x52, 0x68, 0xCD, 0x9F,
    0x37, 0x4B, 0x3B, 0x25, 0x25, 0x27, 0xC2, 0x28, 0xCF, 0x2B, 0xEE, 0xBC, 0x56, 0xCD, 0x36, 0xC1,
    0x03, 0xAE, 0xAD, 0x97, 0x6F, 0x06, 0x7A, 0x03, 0x63, 0xF3, 0x06, 0xC6, 0x24, 0x93, 0xA0, 0x72,
    0xF7, 0xE7, 0x83, 0x4F, 0x4A, 0x52, 0x71, 0x5B, 0xED, 0x14, 0xB7, 0xCA, 0xB4, 0x03, 0x44, 0x87,
    0x11, 0x77, 0x9B, 0xD3, 0xC7, 0x44, 0xCF, 0x35, 0x05, 0x99, 0x99, 0xBB, 0xC8, 0xB5, 0xA8, 0xF4,
    0x84, 0x44, 0x44, 0x15, 0xE3, 0x21, 0x44, 0x43, 0x88, 0x2C, 0x84, 0x67, 0x88, 0x83, 0xB6, 0xA3,
    0x20, 0x99, 0xD8, 0x0A, 0xF4, 0x86, 0x0D, 0x63, 0x28, 0x5D, 0x93, 0x4E, 0x42, 0x26, 0x50, 0x09,
    0x44, 0x42, 0x04, 0x2E, 0xF0, 0x62, 0xD9, 0x3E, 0xF4, 0xA6, 0x48, 0x79, 0x86, 0x5E, 0xA3, 0xC9,
    0x6E, 0x98, 0x8B, 0x37, 0x8C, 0xE0, 0x2B, 0x13, 0x8E, 0x0D, 0x53, 0x31, 0xF5, 0x2B, 0x55, 0x61,
    0x57, 0x3F, 0xB1, 0x2B, 0x1F, 0x11, 0x3B, 0x8D, 0xF5, 0x04, 0xF0, 0xC4, 0x51, 0xC1, 0xB2, 0xB0,
    0x56, 0x20, 0x8C, 0x4A, 0xBB, 0x73, 0xE9, 0x97, 0xBD, 0x00, 0x14, 0x4E, 0x64, 0x2A, 0x57, 0xDE,
    0x63, 0x4A, 0xF3, 0x15, 0x37, 0x95, 0xB4, 0x2F, 0xED, 0x32, 0x5C, 0xCD, 0x6A, 0x86, 0xAA, 0x08,
    0x54, 0xE9, 0x1B, 0x93, 0x95, 0x8C, 0x91, 0xF4, 0x0D, 0xA9, 0x83, 0x83, 0x69, 0xAF, 0x15, 0x91,
    0xDF, 0x9A, 0x44, 0x28, 0xCD, 0x24, 0x44, 0xC4, 0xA2, 0x11, 0xF9, 0x35, 0x6D, 0x13, 0x0A, 0xE2,
    0xD2, 0xB9, 0xF2, 0xDF, 0x9F, 0x58, 0x7B, 0xD9, 0xE9, 0x44, 0xC0, 0x96, 0xE4, 0xA1, 0xAC, 0x91,
    0xF0, 0x75, 0x9B, 0xDA, 0x0B, 0x5D, 0x62, 0x68, 0xDF, 0x42, 0xAA, 0x22, 0x81, 0x5C, 0x0D, 0x69,
    0x8B, 0x16, 0xCE, 0x30, 0x1B, 0x42, 0x2C, 0xAB, 0x01, 0x11, 0x99, 0xD8, 0x78, 0x91, 0x26, 0x9E,
    0x50, 0xFD, 0x91, 0x63, 0x8F, 0x23, 0x1A, 0x1B, 0xF1, 0x88, 0xD8, 0x24, 0x19, 0x59, 0x78, 0x19,
    0x70, 0xCC, 0x78, 0x2C, 0x3A, 0x9C, 0xB7, 0x2D, 0x13, 0xCC, 0x3A, 0x83, 0x19, 0x59, 0x61, 0x4D,
    0x08, 0xB0, 0xB2, 0xE6, 0x7A, 0x39, 0xF9, 0x25, 0xA2, 0xBD, 0x94, 0xC9, 0xBD, 0xD9, 0xDD, 0xAC,
    0x78, 0x15, 0x2D, 0x1C, 0x36, 0xC1, 0x8F, 0xFE, 0xEE, 0x44, 0x16, 0xC8, 0x7D, 0x2E, 0xE8, 0x5B,
    0x12, 0x51, 0x75, 0xC9, 0x20, 0xF3, 0xB4, 0xB5, 0x80, 0x33, 0x61, 0xC9, 0xFF, 0xC3, 0xE6, 0xD1,
    0x84, 0xE9, 0xDF, 0x12, 0x40, 0x06, 0x59, 0x43, 0xF6, 0x5D, 0x2B, 0x30, 0x64, 0xE2, 0xBB, 0x7C,
    0x64, 0x3E, 0xF1, 0x28, 0x70, 0x65, 0x98, 0xEF, 0xDE, 0xBD, 0xE5, 0xEA, 0x6D, 0x5C, 0x21, 0x8B,
    0x7E, 0x16, 0xEB, 0x29, 0x50, 0x75, 0x68, 0x32, 0x7E, 0xC0, 0x37, 0xBF, 0xCD, 0x8C, 0x4A, 0x2F,
    0xA8, 0x12, 0x2E, 0x3E, 0xD8, 0x28, 0x39, 0x8D, 0xA8, 0x22, 0x15, 0xF4, 0xEF, 0xCB, 0xD9, 0xF3,
    0x08, 0x28, 0xC5, 0x7E, 0x2B, 0xA7, 0x58, 0x6D, 0xDC, 0x32, 0x1C, 0x13, 0x06, 0xC2, 0x3E, 0x23,
    0x19, 0xBC, 0x6C, 0xAB, 0xA2, 0x89, 0x47, 0x41, 0xA4, 0xFC, 0xC4, 0xAE, 0xA2, 0x49, 0x80, 0x2B,
    0x3F, 0xB5, 0xB8, 0x28, 0xF0, 0xBE, 0x0B, 0x2A, 0x66, 0x32, 0x9B, 0x97, 0xE4, 0xAD, 0x6D, 0xDA,
    0x23, 0xC2, 0xFD, 0x00, 0x6B, 0x47, 0x48, 0xBB, 0xE3, 0xD8, 0x96, 0xE6, 0x73, 0x59, 0x3D, 0xD0,
    0x6C, 0x9A, 0xCA, 0xCC, 0x9A, 0x43, 0xE5, 0x42, 0x57, 0xFA, 0x63, 0xDE, 0xED, 0x33, 0xE1, 0x8E,
    0xEE, 0xB2, 0x3D, 0x5D, 0x63, 0x0E, 0x85, 0xFC, 0x3B, 0xAD, 0xC0, 0xD2, 0x9C, 0xD1, 0xC9, 0xC1,
    0x03, 0x63, 0x35, 0xC3, 0xD4, 0xFA, 0xFD, 0xB2, 0x57, 0x83, 0x86, 0x02, 0x2A, 0x3B, 0x6C, 0x26,
    0xA0, 0x95, 0x30, 0x37, 0x12, 0x8E, 0x96, 0xC9, 0x1A, 0x42, 0xC7, 0x7C, 0x37, 0x13, 0x28, 0xC8,
    0x4D, 0xB8, 0x68, 0x72, 0x23, 0xE5, 0xF3, 0x2F, 0xCF, 0x32, 0xDE, 0x70, 0x8B, 0xA4, 0x0F, 0xE9,
    0x84, 0xD7, 0xB1, 0x8E, 0x62, 0x10, 0xD0, 0x98, 0x1F, 0x1D, 0x33, 0xDE, 0xF0, 0x26, 0x10, 0x87,
    0x81, 0xED, 0x45, 0x1E, 0x29, 0x1F, 0x9C, 0xF4, 0xBC, 0xB0, 0x92, 0xA7, 0x81, 0xE5, 0x0C, 0x2C,
    0x27, 0x19, 0x16, 0xEF, 0x39, 0x9E, 0x05, 0xBD, 0x33, 0x7B, 0x61, 0xB5, 0xD8, 0x3E, 0xC1, 0x86,
    0x3D, 0x06, 0xA2, 0x59, 0x8F, 0x56, 0xFD, 0xA6, 0x51, 0x7F, 0xA4, 0x96, 0xC5, 0x3B, 0xF0, 0x91,
    0x32, 0x32, 0xEC, 0x61, 0xCC, 0x68, 0x2E, 0xED, 0xF4, 0x87, 0x6D, 0xF0, 0x99, 0x45, 0x7B, 0x6F,
    0x75, 0x5D, 0x8B, 0xC8, 0xCC, 0xB6, 0xE2, 0xDF, 0x1C, 0x6C, 0x17, 0x85, 0x86, 0x75, 0x8F, 0x92,
    0xBB, 0x6C, 0xC0, 0x71, 0x6E, 0x8A, 0xD8, 0x74, 0x27, 0xC1, 0x72, 0x62, 0x4D, 0x9A, 0x13, 0x6C,
    0xF2, 0x1C, 0x68, 0x37, 0x20, 0x7A, 0x03, 0xB8, 0x1B, 0x40, 0x5D, 0xE3, 0x50, 0x81, 0xEA, 0x55,
    0xC6, 0x40, 0x58, 0xB8, 0x6E, 0x88, 0x38, 0xC9, 0xAE, 0xD5, 0x53, 0xC7, 0xF6, 0x47, 0xC6, 0xF3,
    0x94, 0x5A, 0xEA, 0x6F, 0x0E, 0x2C, 0x8E, 0x95, 0xC3, 0xEB, 0x9F, 0x4B, 0xCE, 0x3D, 0xD3, 0x74,
    0xA9, 0x72, 0xDD, 0x15, 0x7D, 0xAB, 0xDB, 0x32, 0x13, 0xAF, 0x77, 0xCE, 0x20, 0x27, 0x90, 0xD8,
    0x2E, 0xE9, 0xB9, 0x2C, 0x33, 0x70, 0x60, 0x5F, 0x33, 0x14, 0x4D, 0x54, 0x04, 0xF7, 0xCC, 0x2A,
    0xF0, 0xA3, 0x22, 0x3F, 0x10, 0xFA, 0x4F, 0x3B, 0x62, 0x6F, 0x1B, 0x82, 0x2F, 0xC1, 0x21, 0xD0,
    0x27, 0x66, 0xF8, 0xAF, 0xF8, 0x1B, 0x55, 0x80, 0x51, 0x0D, 0x18, 0x55, 0x01, 0x0B, 0x4F, 0x12,
    0x75, 0xAA, 0x12, 0xF8, 0x21, 0xD7, 0x55, 0x0D, 0x46, 0xF5, 0xA0, 0x2D, 0x04, 0xE8, 0x94, 0x86,
    0x59, 0x55, 0xE1, 0x74, 0xB1, 0x56, 0xC6, 0x5A, 0x1B, 0xB3, 0x3A, 0x18, 0x1C, 0xC4, 0xC3, 0x1C,
    0x1B, 0xF0, 0xA6, 0xAC, 0x96, 0xA4, 0x31, 0xDA, 0x0F, 0x7B, 0xB7, 0x3F, 0x28, 0xC1, 0xD6, 0x34,
    0x19, 0x29, 0x49, 0xE7, 0x98, 0xF5, 0x37, 0x81, 0xFA, 0xC7, 0x80, 0xDD, 0x76, 0xC0, 0x7D, 0x94,
    0x08, 0x39, 0x82, 0x8D, 0x96, 0xA9, 0x21, 0xFE, 0x1D, 0x19, 0xF7, 0x22, 0x14, 0x4E, 0x10, 0x02,
    0x33, 0x94, 0x47, 0x85, 0x8D, 0xF8, 0x53, 0x01, 0x8E, 0xD2, 0x4E, 0x05, 0x1A, 0x9F, 0x38, 0xFF,
    0xA8, 0x7B, 0x74, 0x38, 0x55, 0x60, 0x2C, 0x39, 0x27, 0x30, 0x16, 0xD7, 0x02, 0x8C, 0x05, 0xE4,
    0xB3, 0x87, 0xB1, 0xFA, 0x21, 0x0D, 0xBC, 0x78, 0x9E, 0x13, 0x32, 0x49, 0xF3, 0x0C, 0x8E, 0x2F,
    0x1F, 0x0F, 0xC6, 0x48, 0xF5, 0x60, 0x0E, 0xEE, 0x6B, 0xF8, 0xF1, 0xDF, 0x76, 0x0E, 0x9B, 0x58,
    0x01, 0xDF, 0xC1, 0x4D, 0x57, 0x31, 0x69, 0x94, 0x85, 0xB2, 0x69, 0xC6, 0x78, 0x01, 0xF5, 0xF4,
    0x10, 0xA8, 0x6B, 0x85, 0x3A, 0x3F, 0x0A, 0xA8, 0xDB, 0x6F, 0x41, 0x67, 0xC6, 0x02, 0x6C, 0x4E,
    0xBA, 0x50, 0x80, 0xF9, 0x81, 0x26, 0xD5, 0x9A, 0x2F, 0x68, 0xB9, 0x5F, 0x23, 0x60, 0xB1, 0xD0,
    0xDB, 0xA8, 0xDF, 0xD8, 0xA0, 0xDE, 0x1E, 0x05, 0xEA, 0x5A, 0x52, 0x17, 0x1C, 0x12, 0x33, 0xF7,
    0x22, 0x4D, 0x9F, 0xF5, 0x88, 0x96, 0xDA, 0x68, 0x5F, 0xF7, 0xB8, 0x7C, 0x8D, 0xD9, 0x98, 0xB6,
    0x70, 0xEE, 0xBF, 0x15, 0xA5, 0xC7, 0xA3, 0x36, 0x1B, 0x37, 0xE1, 0xF9, 0xB3, 0xFE, 0x82, 0x96,
    0x07, 0x8C, 0xDF, 0xE2, 0x89, 0x17, 0xBC, 0xEE, 0x9C, 0x71, 0xA5, 0xB9, 0xE3, 0xA0, 0xB4, 0xA1,
    0x85, 0x98, 0x17, 0xD4, 0xD7, 0xD0, 0xF6, 0x4C, 0x58, 0xE1, 0x45, 0x7B, 0xCC, 0x55, 0x89, 0xD6,
    0x93, 0x72, 0x7F, 0x6D, 0xDA, 0x0C, 0xCF, 0x6D, 0x4A, 0x8A, 0xC7, 0x01, 0xB1, 0xFB, 0xB9, 0x36,
    0xCB, 0xA2, 0x9D, 0x3B, 0x15, 0xEB, 0x9A, 0xD2, 0x7A, 0x92, 0x41, 0xBF, 0x97, 0x71, 0xD6, 0x36,
    0x29, 0xBA, 0xD1, 0xAC, 0xA9, 0x94, 0x2C, 0x32, 0xA6, 0x35, 0x3C, 0x6A, 0xCC, 0x35, 0x1D, 0x00,
    0xFC, 0xED, 0xCB, 0xD9, 0xA1, 0xCB, 0x08, 0x1A, 0xB8, 0x38, 0x0F, 0x5D, 0x16, 0x19, 0xA3, 0x81,
    0xB5, 0x76, 0x14, 0x9A, 0xD9, 0xAF, 0x2D, 0xA6, 0x57, 0x51, 0x4A, 0xD2, 0xB2, 0x65, 0xA1, 0x4B,
    0x6B, 0xF7, 0xCA, 0x76, 0xC9, 0x6B, 0x0E, 0x2C, 0x5C, 0x06, 0x56, 0x6D, 0x2E, 0x7C, 0xCF, 0x56,
    0x69, 0x57, 0xD8, 0x55, 0xD6, 0x42, 0x35, 0xE8, 0xB4, 0x16, 0x80, 0xA8, 0xA8, 0xE5, 0x50, 0x32,
    0x52, 0xAB, 0x22, 0x34, 0x66, 0x63, 0x34, 0x66, 0xE3, 0x41, 0x9E, 0x90, 0xF4, 0x70, 0x46, 0x0C,
    0xCD, 0xBA, 0x10, 0x87, 0x54, 0xA8, 0x32, 0x59, 0xFB, 0x6B, 0x94, 0xFE, 0xE4, 0x86, 0x3F, 0x6C,
    0x61, 0x46, 0xC3, 0xC3, 0x56, 0xA7, 0xF6, 0x64, 0x9B, 0x4D, 0xE5, 0x4F, 0x1B, 0x1A, 0x07, 0xEA,
    0x05, 0x2E, 0xA9, 0x17, 0x5E, 0x6C, 0x30, 0xD7, 0xBE, 0x5E, 0x9C, 0x7F, 0x45, 0xD7, 0x8D, 0x25,
    0x66, 0xC9, 0x7D, 0xAC, 0xED, 0x63, 0x3B, 0x81, 0xBC, 0x09, 0x0B, 0xBA, 0x11, 0x0B, 0xE5, 0x3E,
    0x8B, 0x64, 0xC6, 0xA2, 0x4E, 0x69, 0xB2, 0xEA, 0xF0, 0xE5, 0xE0, 0xF0, 0xE5, 0x15, 0x2E, 0x0B,
    0x87, 0x0E, 0x5D, 0x06, 0xB8, 0x65, 0xC5, 0x02, 0x67, 0x0D, 0x16, 0x0B, 0xF6, 0xA1, 0xFD, 0x27,
    0x38, 0x5E, 0xB2, 0x38, 0x16, 0xB2, 0x39, 0x68, 0x9E, 0xD9, 0x75, 0xC1, 0xDC, 0xB8, 0xDE, 0x03,
    0xC3, 0xB4, 0x84, 0x11, 0xA8, 0xEE, 0x30, 0xAF, 0x96, 0x89, 0xC9, 0x93, 0xC4, 0xDC, 0x73, 0x59,
    0x87, 0xEA, 0x57, 0xB8, 0xED, 0x8D, 0x9A, 0x76, 0x17, 0x8C, 0xE8, 0x72, 0x6E, 0xAD, 0x91, 0xE0,
    0x1C, 0x8B, 0x6E, 0x27, 0x17, 0xCE, 0xE8, 0x62, 0xDA, 0x71, 0x85, 0xFA, 0xE4, 0x5D, 0xA2, 0x7A,
    0x77, 0x50, 0x26, 0x17, 0x39, 0x59, 0x1A, 0x37, 0x40, 0x28, 0xFD, 0x9C, 0x1B, 0x08, 0x24, 0x5D,
    0x25, 0x2E, 0xD8, 0x09, 0x05, 0xAA, 0x8E, 0xBA, 0xCF, 0x1F, 0x2F, 0x54, 0x7C, 0x49, 0x5A, 0xAB,
    0x85, 0xE2, 0x58, 0x6D, 0x84, 0xB1, 0xBA, 0x4D, 0x0E, 0xDB, 0x04, 0xF0, 0x08, 0x76, 0x08, 0xC8,
    0x69, 0x40, 0x1A, 0x0C, 0x66, 0x8D, 0x34, 0x9B, 0x1C, 0x9D, 0x59, 0x13, 0xDB, 0x24, 0xF6, 0x8F,
    0x2C, 0xD6, 0x28, 0xDC, 0xBA, 0xBB, 0x63, 0x8B, 0xDD, 0x9A, 0x62, 0x14, 0xDA, 0x47, 0x7F, 0xE7,
    0x0A, 0xCA, 0xCB, 0x30, 0x08, 0x49, 0x03, 0x4B, 0x73, 0x69, 0xBD, 0x77, 0x6B, 0x02, 0xDC, 0x77,
    0x06, 0xE0, 0x6D, 0x3B, 0x00, 0x8E, 0xA6, 0x27, 0xF6, 0x24, 0xE0, 0x88, 0xAC, 0xC2, 0x94, 0xB5,
    0x21, 0xE8, 0x86, 0xA8, 0x1B, 0xC2, 0x6E, 0x88, 0xBB, 0x21, 0xF0, 0x8A, 0xBC, 0x42, 0xAF, 0xD8,
    0x2B, 0xF8, 0xEC, 0x52, 0x0C, 0x66, 0x0D, 0xFF, 0xA5, 0x65, 0x9B, 0x83, 0x0D, 0x2F, 0x6F, 0xD4,
    0xA9, 0x03, 0x7F, 0x79, 0x03, 0xF1, 0x17, 0xAF, 0x40, 0xA3, 0xB7, 0x93, 0x9F, 0x71, 0xFC, 0xB5,
    0xEB, 0xA0, 0xBB, 0xC8, 0xE5, 0x81, 0x9E, 0x9C, 0x2D, 0x6B, 0x4C, 0x3E, 0xEA, 0x18, 0xDF, 0xDD,
    0x38, 0x6E, 0xFC, 0xD7, 0x3B, 0xFF, 0x52, 0xDD, 0xE6, 0xC0, 0x8E, 0x98, 0x66, 0x2E, 0xAC, 0x9A,
    0x5E, 0x13, 0xA8, 0x2A, 0x1A, 0x14, 0x1A, 0xC9, 0x76, 0xBD, 0xBF, 0x49, 0x2C, 0xA8, 0xC3, 0x5F,
    0xA3, 0x40, 0xCF, 0xE1, 0xBF, 0xA7, 0xEA, 0xF8, 0xA2, 0x53, 0x03, 0x32, 0xC1, 0x2A, 0xFB, 0x53,
    0xC1, 0xDD, 0x7B, 0xA9, 0x0C, 0x05, 0x78, 0xF2, 0x41, 0x2B, 0x52, 0x53, 0xDD, 0x30, 0xB2, 0x6A,
    0xD3, 0xE9, 0x93, 0x80, 0xA5, 0x9A, 0x12, 0x3A, 0x42, 0xA8, 0x03, 0x86, 0xDD, 0xE1, 0x9F, 0x6A,
    0x85, 0x0E, 0x2A, 0xA4, 0x46, 0x2B, 0xE3, 0xAC, 0x3B, 0xAF, 0x42, 0x85, 0x6A, 0x73, 0x64, 0xEC,
    0xBD, 0x3D, 0x7E, 0x33, 0x49, 0x4D, 0x3C, 0xB6, 0xCE, 0xD0, 0x26, 0xAE, 0x0D, 0x8F, 0x8B, 0x33,
    0x12, 0xEE, 0x0D, 0x4E, 0x32, 0xB7, 0xF1, 0x23, 0x47, 0x22, 0xCE, 0xE6, 0xE0, 0x0A, 0xDA, 0x88,
    0x72, 0xD5, 0x46, 0xA4, 0x73, 0xBD, 0x09, 0x9D, 0xDC, 0x55, 0x9D, 0xD0, 0x08, 0xD9, 0x15, 0xB4,
    0xC1, 0xB6, 0x70, 0xD1, 0x1C, 0xA1, 0x4E, 0xA2, 0x26, 0x56, 0x7E, 0xFC, 0xB5, 0x11, 0x8B, 0xA3,
    0x9D, 0x85, 0xDC, 0xC4, 0x32, 0x08, 0x37, 0x35, 0x22, 0x9C, 0x53, 0x82, 0x0B, 0x04, 0xFC, 0xD2,
    0x29, 0x61, 0xDC, 0x56, 0x42, 0xAF, 0x4A, 0xB0, 0xDB, 0x4A, 0x68, 0x55, 0x09, 0xBD, 0x2A, 0xE1,
    0xB3, 0xC7, 0x50, 0x82, 0x3D, 0x6A, 0x25, 0x14, 0x28, 0x5F, 0xFB, 0xF6, 0x7D, 0x75, 0x0C, 0x1F,
    0xBC, 0x69, 0xE2, 0x97, 0xEC, 0x2B, 0x83, 0xC4, 0xD9, 0x6F, 0x6B, 0xB2, 0xF3, 0xF0, 0xC5, 0x30,
    0x99, 0x23, 0x5F, 0x0C, 0xF3, 0xD7, 0xB1, 0x58, 0x07, 0xA6, 0xE8, 0xEA, 0x16, 0x34, 0x44, 0x98,
    0xD9, 0x5F, 0x3A, 0xEB, 0xB3, 0x77, 0x88, 0xFD, 0xBF, 0x55, 0xE0, 0xDB, 0x6D, 0xF6, 0x6B, 0x30,
    0x63, 0xEB, 0x2D, 0xF6, 0x57, 0x0A, 0x7C, 0x7F, 0x22, 0xEC, 0x5F, 0x46, 0x39, 0xBA, 0xCB, 0x09,
    0x26, 0xA0, 0xDB, 0xFA, 0x33, 0xDA, 0x34, 0xF7, 0xD5, 0x6A, 0x69, 0xDE, 0xE3, 0x34, 0xC3, 0xA3,
    0xF7, 0xE0, 0x92, 0xA8, 0x36, 0x9A, 0x69, 0x8E, 0x58, 0x33, 0x66, 0x51, 0x74, 0x70, 0xEE, 0x5A,
    0x89, 0xAF, 0xBF, 0xBB, 0x4A, 0xC0, 0x95, 0xCD, 0xDE, 0x64, 0x2D, 0x4A, 0xB8, 0xEF, 0x28, 0x25,
    0xDA, 0x78, 0x52, 0xC5, 0x7D, 0x7F, 0xFB, 0x91, 0x85, 0x1D, 0x52, 0x3B, 0xEA, 0x51, 0x06, 0x79,
    0x68, 0x21, 0x56, 0xA8, 0xDA, 0x20, 0x9C, 0x60, 0x9F, 0x17, 0x01, 0x4C, 0x5B, 0xD0, 0xFA, 0x13,
    0xE7, 0xFB, 0x13, 0x61, 0xE5, 0x5E, 0x42, 0x1A, 0x7A, 0xDD, 0x81, 0x1B, 0xBA, 0xAF, 0xEC, 0x6D,
    0xBE, 0xCB, 0xA7, 0xB6, 0xC3, 0x41, 0x37, 0xB8, 0xE2, 0x84, 0x31, 0x9A, 0x2D, 0x6B, 0xF9, 0xD3,
    0xC5, 0x44, 0x6E, 0xDF, 0xAF, 0xEE, 0x6D, 0xE3, 0xD1, 0x5B, 0xEE, 0x61, 0x49, 0xD6, 0x31, 0x5D,
    0x84, 0x76, 0x2F, 0xD6, 0x6F, 0xD9, 0xED, 0x94, 0x2D, 0x34, 0x5F, 0x50, 0x3E, 0x5B, 0x31, 0x02,
    0xA7, 0x33, 0x19, 0xC1, 0x8D, 0xE4, 0x0E, 0xDB, 0xDD, 0xB7, 0x3B, 0xEE, 0xB8, 0xA8, 0xB0, 0xD2,
    0xC6, 0xF9, 0x6B, 0x11, 0x09, 0x25, 0xCD, 0x86, 0x19, 0x20, 0xD7, 0xE6, 0xEF, 0xD6, 0x32, 0xFC,
    0x05, 0xD2, 0x46, 0x2D, 0x10, 0xCE, 0x6E, 0xB3, 0x56, 0x09, 0xEE, 0x7B, 0x7C, 0x84, 0xFB, 0xBE,
    0xD7, 0xE9, 0x80, 0xED, 0xEB, 0xA8, 0xB1, 0x38, 0xEA, 0x79, 0x59, 0x3E, 0x19, 0x4C, 0xA7, 0x6F,
    0xEB, 0x17, 0xB8, 0x73, 0x52, 0xA6, 0x51, 0x62, 0x1F, 0x04, 0x16, 0x54, 0x3C, 0xB0, 0xA7, 0xDE,
    0x31, 0x21, 0xF8, 0x3B, 0x43, 0xBF, 0x92, 0x7D, 0x21, 0x4B, 0x99, 0xD8, 0xA1, 0xD0, 0x0D, 0xA4,
    0xE3, 0xBC, 0xD9, 0x34, 0xB0, 0x73, 0xFD, 0x4B, 0x03, 0x2A, 0xCC, 0xDD, 0xE7, 0xAC, 0xD3, 0x77,
    0xEC, 0x4F, 0x25, 0xFF, 0xD8, 0xEB, 0x60, 0x75, 0xED, 0xEB, 0x28, 0x6E, 0x74, 0x62, 0x64, 0xC5,
    0xF1, 0x73, 0x59, 0x29, 0x3F, 0xF9, 0xD5, 0x4A, 0xF7, 0xDD, 0x4A, 0x2D, 0x19, 0x6A, 0xD7, 0x49,
    0xB7, 0xD5, 0x6C, 0x7F, 0xBF, 0xF2, 0x74, 0x51, 0x55, 0x77, 0xAF, 0x6B, 0xAD, 0x44, 0x23, 0x77,
    0x0D, 0xA3, 0x75, 0x3F, 0x0A, 0x8B, 0x25, 0xE1, 0x21, 0xF1, 0xC5, 0xC2, 0x4D, 0x48, 0x97, 0x23,
    0x9B, 0xFF, 0xCA, 0xC2, 0x8C, 0x85, 0xA3, 0xCF, 0x2F, 0xA6, 0xC2, 0xE6, 0x65, 0x2D, 0xF7, 0x34,
    0xDD, 0x1A, 0xC0, 0xAD, 0xD7, 0x1A, 0x7E, 0xC5, 0x35, 0x87, 0xA4, 0x03, 0x71, 0xAF, 0xD7, 0x5F,
    0x21, 0xF4, 0xA8, 0x88, 0x80, 0x8A, 0x70, 0x8D, 0xC8, 0x76, 0xE6, 0x23, 0xDA, 0x66, 0x51, 0x8E,
    0x6B, 0x25, 0x0A, 0xC3, 0xF2, 0x88, 0xDA, 0xB8, 0x6D, 0xE7, 0x09, 0x1F, 0x91, 0xB8, 0x2D, 0x1F,
    0xE9, 0xEA, 0x02, 0x55, 0xD8, 0x73, 0x57, 0xB0, 0x3C, 0x20, 0x78, 0x07, 0xA3, 0xA2, 0xD5, 0xF9,
    0xD3, 0x8B, 0xB8, 0xDF, 0x61, 0x67, 0x45, 0x81, 0xAA, 0x89, 0x6E, 0x15, 0x3A, 0xCF, 0x47, 0xB4,
    0xE1, 0xF6, 0x1A, 0x38, 0x3D, 0xC6, 0xE1, 0x7F, 0xB5, 0x56, 0x3D, 0x8C, 0xDF, 0x44, 0x16, 0x7F,
    0xB6, 0xD9, 0x58, 0xC2, 0x52, 0x86, 0x82, 0x48, 0x40, 0x8A, 0xA1, 0xA0, 0x44, 0x9A, 0xFA, 0x24,
    0xB2, 0x33, 0x51, 0x0A, 0x0A, 0x8A, 0xA4, 0x00, 0x51, 0xD2, 0x50, 0x1C, 0xD5, 0x36, 0x14, 0x57,
    0xA0, 0xB5, 0x21, 0x45, 0x8A, 0x14, 0x9B, 0x86, 0x8A, 0x22, 0x0D, 0x0D, 0xD7, 0xDC, 0x15, 0x94,
    0xBB, 0xEB, 0xB9, 0xDB, 0x82, 0x22, 0x05, 0x26, 0x14, 0x29, 0x52, 0xE0, 0x85, 0xD3, 0x9D, 0x04,
    0xD2, 0x65, 0x36, 0x18, 0xF0, 0xB2, 0x63, 0xBF, 0xFB, 0xBD, 0xB1, 0xFF, 0xC9, 0x1E, 0x3A, 0xCA,
    0xF3, 0x6A, 0xE7, 0x3F, 0x1F, 0x6F, 0xDE, 0xF7, 0xFB, 0xBD, 0x31, 0x3C, 0x32, 0x7F, 0xCD, 0xAC,
    0x38, 0x9A, 0xA7, 0xD3, 0x9A, 0x99, 0xA7, 0x76, 0x33, 0x44, 0x96, 0xC1, 0x62, 0x38, 0x91, 0xD9,
    0x3D, 0xFC, 0xCF, 0x06, 0xC3, 0x20, 0x5B, 0xF2, 0x9D, 0xAE, 0xBF, 0xFC, 0x70, 0x33, 0xD9, 0x59,
    0x7F, 0xA3, 0x5E, 0x27, 0x93, 0xD9, 0x4C, 0x36, 0x97, 0xE2, 0x93, 0xC9, 0x61, 0x3E, 0x8F, 0xD5,
    0x59, 0x6F, 0x1E, 0x35, 0xED, 0xFF, 0x65, 0xEA, 0x17, 0x25, 0xEE, 0xA5, 0xF1, 0xBB, 0x34, 0x0E,
    0x94, 0xBE, 0x3A, 0x2D, 0x16, 0xD5, 0xF6, 0xD2, 0xD8, 0x61, 0x37, 0xF7, 0x55, 0x50, 0x5D, 0xD5,
    0x55, 0x7D, 0x31, 0x10, 0x77, 0xF5, 0xA0, 0x62, 0x16, 0x29, 0x1F, 0xAB, 0x49, 0xCD, 0x6A, 0xA6,
    0x29, 0x8B, 0x05, 0xCE, 0x5B, 0xFA, 0x54, 0x58, 0x1C, 0x52, 0xDB, 0xD9, 0x11, 0xDB, 0xD6, 0x69,
    0xAF, 0xF0, 0x67, 0x9A, 0x8B, 0x0E, 0xFB, 0x99, 0xAB, 0x8F, 0x78, 0x27, 0xF2, 0x8F, 0xBF, 0x62,
    0x8B, 0x76, 0x41, 0x77, 0x40, 0xCF, 0x25, 0xA1, 0xB9, 0x2F, 0x1B, 0x08, 0xE8, 0x55, 0xA7, 0x7D,
    0xD5, 0x29, 0x5F, 0x61, 0x56, 0x0C, 0x65, 0x20, 0xBE, 0xCF, 0xBE, 0x1E, 0xDA, 0xA0, 0xA2, 0x1E,
    0xB3, 0x98, 0x8F, 0x10, 0x99, 0x0F, 0x10, 0x1A, 0xD5, 0xAC, 0x21, 0x5A, 0x47, 0x11, 0x8D, 0x83,
    0xA1, 0x08, 0xA5, 0xDC, 0x6E, 0x5A, 0x9A, 0xA1, 0x44, 0xBF, 0xD8, 0x72, 0x48, 0x13, 0x54, 0x61,
    0x6F, 0xC7, 0x3A, 0x24, 0x62, 0xEB, 0x6A, 0xD2, 0xDE, 0x3A, 0xE5, 0x75, 0x23, 0xFF, 0xA6, 0xB1,
    0xEE, 0xA2, 0xBB, 0xB8, 0x50, 0x67, 0x6E, 0xEB, 0x2A, 0x17, 0x33, 0xC4, 0x9D, 0xB1, 0x9A, 0xE6,
    0x0F, 0xE7, 0xEB, 0xA0, 0x88, 0xD9, 0x08, 0xC6, 0xB0, 0xA0, 0x76, 0x07, 0xB0, 0xD8, 0x65, 0xA2,
    0xAD, 0x50, 0xBF, 0x2A, 0x37, 0x46, 0x0C, 0x2A, 0x88, 0xD7, 0x3C, 0x56, 0x33, 0x26, 0xD0, 0x99,
    0x9E, 0x53, 0x8D, 0xAB, 0xE6, 0x5D, 0x48, 0x86, 0x1F, 0xBB, 0xF6, 0xEE, 0x27, 0x23, 0xB9, 0x6D,
    0x5C, 0xCC, 0x13, 0x79, 0xBF, 0x92, 0x17, 0x2C, 0x2B, 0xD9, 0xB2, 0xF0, 0x70, 0x26, 0xAB, 0x32,
    0x62, 0xD0, 0xE2, 0xEF, 0x56, 0xC4, 0xC4, 0x0D, 0xB9, 0x15, 0xEF, 0xC9, 0xAA, 0x90, 0x95, 0x92,
    0xD5, 0x07, 0x22, 0x7E, 0x35, 0xF3, 0x79, 0x19, 0x8A, 0x86, 0x56, 0x22, 0x32, 0xC2, 0xA1, 0x98,
    0x64, 0x6A, 0xBD, 0x4C, 0x45, 0xC8, 0x0D, 0x93, 0x39, 0xAA, 0xFF, 0x79, 0x36, 0x93, 0x46, 0xC0,
    0x23, 0xD5, 0x3F, 0x3C, 0x04, 0x85, 0xDB, 0x17, 0x83, 0x94, 0xDF, 0x88, 0x4B, 0xBA, 0x50, 0x99,
    0xEE, 0x8A, 0x92, 0x54, 0x8E, 0x69, 0x2A, 0x43, 0xD9, 0x8B, 0xC8, 0xD7, 0x2E, 0xBB, 0x8C, 0x7F,
    0x7D, 0x34, 0x91, 0xE5, 0x2F, 0x39, 0x50, 0xB2, 0x2E, 0x73, 0xE3, 0x96, 0xC8, 0x6D, 0x36, 0xC2,
    0xA8, 0x95, 0xBB, 0x55, 0x9A, 0xEE, 0x26, 0xED, 0x64, 0x9D, 0x82, 0x0D, 0x27, 0x70, 0xB0, 0x7C,
    0x24, 0xC9, 0x8E, 0x41, 0x31, 0xAE, 0xDD, 0xC1, 0x36, 0xD2, 0xAF, 0x82, 0x58, 0xC3, 0x8E, 0x5A,
    0xEE, 0x72, 0xE4, 0x63, 0xB5, 0x94, 0x48, 0xDF, 0xF2, 0x98, 0xF3, 0x4C, 0x15, 0x37, 0xC9, 0xB2,
    0xCF, 0xA1, 0x85, 0x30, 0xAB, 0x3A, 0xFE, 0x82, 0xEF, 0xCE, 0x36, 0x18, 0x57, 0x75, 0x64, 0xAE,
    0x31, 0xA9, 0xA9, 0x06, 0xF3, 0x7F, 0x71, 0xA3, 0xB0, 0x8B, 0x2C, 0x3D, 0x00, 0x57, 0xDD, 0x88,
    0x02, 0x51, 0x62, 0x8F, 0xAD, 0x7B, 0x90, 0x36, 0x51, 0xFD, 0x33, 0xFB, 0x8A, 0x9D, 0x9E, 0x6A,
    0x6C, 0xF9, 0x82, 0x61, 0x18, 0xC8, 0x2C, 0xE9, 0x9B, 0xD1, 0xFE, 0x0D, 0xD6, 0xDC, 0xA0, 0xF5,
    0xAB, 0x11, 0x51, 0x93, 0x52, 0x83, 0xDB, 0x06, 0xC9, 0x9A, 0xFC, 0x61, 0x7D, 0x0A, 0x3B, 0xE2,
    0x6E, 0x7C, 0x99, 0x22, 0xA0, 0x7B, 0xEB, 0x93, 0x0B, 0xC9, 0x78, 0xEB, 0x2D, 0x2D, 0x8E, 0xB7,
    0x3E, 0xAE, 0xB3, 0xFA, 0xA3, 0xA5, 0xB6, 0x6C, 0xD3, 0xBE, 0xFE, 0xD5, 0xA1, 0xA3, 0x9D, 0x3B,
    0xD6, 0xB3, 0xDE, 0xE3, 0xBE, 0xE0, 0xD1, 0x1C, 0x45, 0x6B, 0x6F, 0x0F, 0xEA, 0x78, 0x52, 0x3C,
    0x44, 0x2E, 0xC0, 0x7E, 0xCE, 0xF9, 0xE6, 0xC9, 0x54, 0xC4, 0xDA, 0x21, 0x27, 0xAA, 0xAF, 0x63,
    0x11, 0x5B, 0xC2, 0xCC, 0x5C, 0x8B, 0x65, 0x64, 0xC9, 0x93, 0xDD, 0x72, 0xAC, 0x4E, 0x67, 0x49,
    0xB7, 0xB1, 0x1C, 0xD4, 0x4F, 0x53, 0x3E, 0x11, 0xD2, 0x7F, 0x50, 0x72, 0x09, 0xB1, 0x2C, 0x07,
    0x7D, 0x3C, 0x21, 0x6E, 0x86, 0x12, 0x37, 0xE4, 0xE7, 0x01, 0x15, 0x33, 0x13, 0xB7, 0x3E, 0x83,
    0x22, 0x3C, 0x92, 0x9D, 0x93, 0x3E, 0x97, 0x5C, 0xB2, 0xF5, 0xA9, 0xBD, 0x62, 0x0B, 0xBC, 0x5C,
    0xF9, 0xCD, 0xE2, 0x6C, 0x84, 0x9B, 0x37, 0x8B, 0x9E, 0xA9, 0x5C, 0x33, 0xEE, 0x9C, 0xF1, 0xC9,
    0x27, 0x2A, 0x14, 0x61, 0x5D, 0xE4, 0xD0, 0xF7, 0xC9, 0x02, 0x7A, 0xF3, 0xD3, 0xC5, 0x53, 0x4F,
    0xA4, 0xC4, 0x36, 0x5F, 0x0D, 0x3B, 0x77, 0xE8, 0xF2, 0x3F, 0xE8, 0xC2, 0x69, 0x11, 0xD5, 0xC9,
    0x88, 0x18, 0x5B, 0xC4, 0x0E, 0x01, 0x57, 0x21, 0xCE, 0xA6, 0xB3, 0xB7, 0xFE, 0xDB, 0x2D, 0x2A,
    0x58, 0xDF, 0xF6, 0xE2, 0x16, 0xDD, 0xD9, 0x2F, 0x06, 0xA9, 0xBB, 0x03, 0xB8, 0xF9, 0x5E, 0x50,
    0x8F, 0x21, 0x13, 0x0B, 0x15, 0xF4, 0x8F, 0xBF, 0xF5, 0x91, 0x6D, 0xEA, 0x86, 0xB6, 0xB3, 0xA9,
    0x98, 0x6A, 0xD7, 0xBE, 0xD3, 0x21, 0x81, 0x2C, 0x9D, 0xE3, 0x80, 0xA0, 0x77, 0xF5, 0xAD, 0xDF,
    0x3A, 0xCC, 0xDE, 0x8C, 0x64, 0x9C, 0x38, 0xCC, 0x3E, 0x0A, 0xD5, 0x59, 0x24, 0xED, 0x48, 0x71,
    0x53, 0x70, 0x2F, 0xDE, 0x93, 0xEF, 0x2D, 0xA2, 0xAD, 0xC5, 0x7B, 0x5B, 0x92, 0xB6, 0xDC, 0x99,
    0x88, 0x7A, 0x6E, 0xBD, 0x1A, 0x72, 0x58, 0xD1, 0x08, 0x0A, 0x6C, 0xA1, 0x2E, 0xCD, 0x80, 0x2D,
    0xA4, 0x59, 0x35, 0xDB, 0xB1, 0x60, 0x8D, 0x3C, 0x56, 0x91, 0x18, 0x65, 0xDE, 0x5E, 0x43, 0x42,
    0x5E, 0x8D, 0xF4, 0x92, 0x7B, 0x8F, 0x12, 0x29, 0x58, 0xB5, 0xF7, 0xD3, 0xE9, 0x03, 0x36, 0x31,
    0xE7, 0xBD, 0xD9, 0x0E, 0x72, 0xA3, 0xED, 0xAB, 0x68, 0x03, 0xDC, 0x12, 0xEA, 0xBF, 0x23, 0x79,
    0x3B, 0x2E, 0xD2, 0xC5, 0x2A, 0xD0, 0x7B, 0xD9, 0xA7, 0x17, 0x1A, 0x5C, 0x45, 0xB1, 0xB6, 0xA1,
    0x00, 0x05, 0x6A, 0xBA, 0x87, 0xE9, 0xD5, 0x20, 0x55, 0x3F, 0x6D, 0xD1, 0x9B, 0x84, 0xEB, 0x5D,
    0x05, 0x76, 0x84, 0x8A, 0xC7, 0xB9, 0x54, 0xC0, 0xAD, 0x19, 0xB1, 0xAB, 0x7D, 0x36, 0x83, 0x4C,
    0xFB, 0x96, 0x84, 0x09, 0x48, 0x21, 0xBE, 0xFE, 0x96, 0xDF, 0x00, 0xAB, 0xC7, 0x28, 0x6B, 0xB2,
    0x23, 0x6E, 0x38, 0xDC, 0x38, 0x41, 0x7D, 0xCC, 0x7A, 0xAC, 0x3B, 0xD1, 0xDA, 0x04, 0xAA, 0x3F,
    0x9A, 0x96, 0x8B, 0x50, 0xE3, 0xC2, 0x9D, 0x97, 0xE8, 0x8F, 0x40, 0x1C, 0xDB, 0x57, 0xDF, 0x64,
    0x61, 0xFF, 0x0A, 0xC0, 0x29, 0x0F, 0xA8, 0x66, 0xC0, 0xA4, 0xF6, 0xD9, 0x24, 0xC0, 0x88, 0x9A,
    0x4C, 0xDA, 0xB4, 0x0E, 0xB0, 0x0C, 0x80, 0x41, 0xF3, 0xA8, 0x7A, 0x81, 0x1B, 0x43, 0x48, 0x45,
    0xFC, 0x4E, 0x04, 0x4B, 0x6A, 0x07, 0x6E, 0xA6, 0x43, 0x42, 0x9B, 0x0E, 0xBE, 0x81, 0x99, 0x1E,
    0x0E, 0x14, 0xB4, 0x7E, 0x92, 0x7C, 0x59, 0xA3, 0x5D, 0x49, 0xFA, 0x2A, 0xBB, 0x43, 0xAA, 0x2B,
    0x51, 0xBE, 0xD5, 0x83, 0x40, 0x85, 0xBE, 0x0E, 0x57, 0xCF, 0x09, 0x3D, 0x27, 0xDD, 0x53, 0x79,
    0x3C, 0xCF, 0x07, 0x64, 0xEF, 0xF3, 0x83, 0x98, 0xF1, 0xAD, 0xC9, 0x0C, 0x88, 0xFB, 0x58, 0xFB,
    0xF2, 0x87, 0xB3, 0x11, 0xE5, 0xCB, 0xAF, 0x23, 0xFD, 0xF4, 0x4F, 0x18, 0x33, 0x46, 0xDE, 0x90,
    0x39, 0xE6, 0xDB, 0x21, 0x9F, 0xCA, 0x59, 0xF5, 0x85, 0x57, 0x41, 0xA5, 0x50, 0xA4, 0x61, 0xCB,
    0x55, 0xB1, 0x00, 0xDB, 0x8E, 0x03, 0xFA, 0x0C, 0xE7, 0xEC, 0x11, 0xE2, 0x51, 0x21, 0x30, 0xC4,
    0x8D, 0x09, 0x1A, 0x7C, 0x21, 0xD3, 0x7A, 0xDD, 0x17, 0xD2, 0x08, 0xAD, 0x33, 0xBE, 0x08, 0x80,
    0xB6, 0x6D, 0x49, 0xA2, 0x0E, 0x6E, 0x78, 0x9E, 0x2E, 0x2D, 0x8A, 0x8F, 0xA8, 0x3E, 0x60, 0x54,
    0x28, 0x19, 0x31, 0xAA, 0x83, 0xE4, 0x41, 0x0E, 0xEC, 0x69, 0xC4, 0xB4, 0x4B, 0x37, 0xE8, 0x32,
    0x9F, 0xE6, 0x73, 0x3B, 0x69, 0x74, 0xB8, 0xF6, 0x9D, 0x6F, 0x4E, 0x23, 0xD7, 0xFD, 0xDB, 0x13,
    0x37, 0xFA, 0x0C, 0xA1, 0x90, 0xB0, 0xC2, 0x83, 0x40, 0x59, 0x14, 0x6C, 0x86, 0xC2, 0x94, 0x94,
    0xB7, 0xCD, 0x8A, 0xF2, 0x24, 0x29, 0x9A, 0xB1, 0x64, 0x26, 0x76, 0xB1, 0x85, 0x20, 0xA1, 0xE3,
    0x61, 0x2E, 0x4D, 0xFB, 0xBA, 0x0C, 0x0F, 0x64, 0x08, 0xAF, 0xD0, 0x0B, 0xFB, 0xF4, 0xC1, 0x6E,
    0x8E, 0x27, 0x4C, 0x40, 0x3F, 0x2A, 0x51, 0xFC, 0x35, 0xA0, 0x07, 0xD0, 0x3B, 0x99, 0xE6, 0x70,
    0x9B, 0xB6, 0x5F, 0xA1, 0x17, 0x51, 0x8F, 0x0D, 0x14, 0x97, 0x00, 0x12, 0x7C, 0xB4, 0x4F, 0xB0,
    0x84, 0x74, 0xDA, 0x2D, 0x7D, 0x6A, 0x3B, 0xCB, 0xEE, 0x95, 0x04, 0x88, 0x08, 0x1C, 0xCA, 0x05,
    0x09, 0x9F, 0xFD, 0xD2, 0xD3, 0xB8, 0x4F, 0x57, 0x94, 0x33, 0x79, 0x50, 0xEE, 0x4A, 0xE5, 0x9F,
    0x60, 0x87, 0x7C, 0x2F, 0xAF, 0xA5, 0xDE, 0xAC, 0xC8, 0x70, 0x7E, 0x99, 0x85, 0xE1, 0x4F, 0x09,
    0x63, 0x1F, 0x1A, 0x01, 0x88, 0x9C, 0xFF, 0x92, 0x8E, 0x9F, 0xFD, 0xEC, 0xCF, 0x2E, 0x11, 0x4F,
    0x8B, 0xFB, 0xA6, 0xA5, 0xDE, 0xEC, 0x5E, 0x02, 0x9B, 0x22, 0x88, 0x81, 0xF4, 0xFE, 0x1F, 0xF2,
    0xFE, 0xAF, 0x4B, 0xDB, 0x32, 0x8B, 0x3B, 0xE0, 0xFA, 0x4C, 0x7D, 0x48, 0xCF, 0xA8, 0xAB, 0xC5,
    0xF8, 0x39, 0x97, 0xC3, 0xC9, 0x6C, 0x7F, 0xA9, 0x7B, 0xFB, 0x3D, 0x7A, 0xF0, 0x97, 0xC8, 0x84,
    0xBB, 0x23, 0x3D, 0x0B, 0x42, 0x94, 0x71, 0xF9, 0x08, 0x98, 0xFA, 0x6F, 0xE8, 0x02, 0xCC, 0x3C,
    0x45, 0xE0, 0x6E, 0x23, 0xFD, 0xF0, 0xD6, 0x08, 0x35, 0x3A, 0xB7, 0xBC, 0x46, 0x6E, 0xE0, 0xDF,
    0x2D, 0xA2, 0x56, 0x17, 0x2F, 0xBD, 0x89, 0xA4, 0x45, 0x6C, 0x1A, 0xEC, 0x02, 0xF6, 0xE7, 0xA6,
    0x07, 0x9B, 0xFE, 0xB8, 0x69, 0x77, 0xE9, 0xB2, 0xFD, 0x7D, 0x3E, 0x6B, 0x0B, 0xF9, 0x9F, 0x7C,
    0xD6, 0xA4, 0x57, 0x88, 0xDD, 0xF1, 0xE6, 0x5D, 0x79, 0x3F, 0xBD, 0x0E, 0x1D, 0xD9, 0xA3, 0x00,
    0x90, 0xDA, 0x5D, 0x3A, 0x72, 0x25, 0xAC, 0x05, 0xCA, 0x95, 0x3C, 0x20, 0x62, 0xEA, 0x3F, 0x6B,
    0x03, 0xAE, 0xDD, 0x7A, 0xCC, 0xEB, 0x1B, 0x22, 0x9B, 0xCE, 0x1F, 0xCB, 0x83, 0xA2, 0xDC, 0x1C,
    0x13, 0xAD, 0x79, 0xFF, 0x72, 0x3B, 0x3B, 0x7A, 0x0D, 0x92, 0x3E, 0x6E, 0x0F, 0x08, 0xCF, 0x55,
    0x3C, 0x71, 0x76, 0xA6, 0x67, 0x36, 0xE7, 0x80, 0xA8, 0x2D, 0x97, 0xF3, 0x1B, 0x02, 0x47, 0x02,
    0x6A, 0x8F, 0xA5, 0x9B, 0xB6, 0xDF, 0xF1, 0xDE, 0xB4, 0x22, 0xD5, 0xB7, 0xEC, 0x4C, 0xE0, 0xA3,
    0x19, 0x25, 0x9F, 0xC0, 0xA2, 0x6D, 0xAA, 0x01, 0x8D, 0x0E, 0x02, 0x13, 0x60, 0x19, 0x0F, 0xAC,
    0x01, 0x64, 0xBC, 0x4B, 0xF4, 0x1F, 0x75, 0x94, 0x3D, 0x93, 0x15, 0x45, 0x14, 0x86, 0xCF, 0x4C,
    0x17, 0x4C, 0xE9, 0x04, 0x4D, 0x62, 0x95, 0x25, 0xC1, 0xFC, 0x84, 0x8E, 0xAD, 0x12, 0x7B, 0x70,
    0x03, 0x02, 0x02, 0x89, 0x48, 0x0C, 0x30, 0x30, 0x23, 0xB8, 0x7F, 0x40, 0xE9, 0x59, 0xFC, 0x01,
    0x6E, 0x46, 0x40, 0xA0, 0x21, 0x55, 0x06, 0x04, 0x26, 0x26, 0xDC, 0xEE, 0x65, 0x43, 0x02, 0x5A,
    0xB1, 0x8A, 0xC0, 0x60, 0xA7, 0xD6, 0x95, 0x0D, 0x36, 0xA0, 0x81, 0x01, 0x07, 0xB6, 0xBB, 0x8F,
    0x6F, 0xCF, 0xBD, 0x96, 0x26, 0xDE, 0xBA, 0x35, 0x5F, 0xFD, 0x75, 0xDE, 0xF7, 0x3C, 0xE7, 0x50,
    0x37, 0x93, 0xB1, 0xCE, 0xEC, 0xCC, 0x7A, 0x60, 0xE5, 0xF4, 0xE3, 0x20, 0x5F, 0xCD, 0x22, 0x25,
    0xCA, 0x96, 0xEC, 0xCA, 0xE9, 0x47, 0xA1, 0xF3, 0x49, 0x8E, 0xEA, 0x70, 0xAC, 0x78, 0xA0, 0x1A,
    0x6F, 0x8A, 0xE8, 0xE6, 0x11, 0xF7, 0xA9, 0x09, 0xCA, 0xAD, 0xC5, 0x24, 0xBD, 0x39, 0xC7, 0x47,
    0x99, 0x88, 0x34, 0xFE, 0x8E, 0xCC, 0x48, 0x06, 0x5B, 0x26, 0xEC, 0x4A, 0x46, 0x39, 0x2B, 0x47,
    0xC3, 0xBC, 0x62, 0xC6, 0x08, 0x91, 0x72, 0x24, 0x47, 0x12, 0x13, 0xD1, 0x3D, 0x22, 0xCB, 0xA3,
    0xE4, 0x44, 0x91, 0xA8, 0xC3, 0xCE, 0x33, 0x56, 0xF3, 0x50, 0x5D, 0x67, 0xA2, 0x06, 0xE3, 0x7A,
    0xC0, 0xB4, 0x8E, 0x2C, 0x2E, 0x5E, 0x9F, 0x4E, 0x64, 0x8F, 0x71, 0x42, 0x45, 0xB4, 0x72, 0x15,
    0xEF, 0x89, 0x44, 0x62, 0x26, 0x11, 0xA9, 0x62, 0x1E, 0xF8, 0x4E, 0xD4, 0x83, 0xB9, 0xE1, 0xE5,
    0xD3, 0xA9, 0x79, 0x9D, 0xEA, 0xA8, 0x77, 0x53, 0xF3, 0x2E, 0x91, 0x9A, 0xA9, 0x65, 0x0E, 0x1A,
    0x33, 0xA6, 0x3A, 0x36, 0x43, 0xE7, 0xA8, 0x1C, 0x25, 0x3D, 0xD1, 0x9A, 0xA8, 0x0D, 0x54, 0xE2,
    0x11, 0xB8, 0xE9, 0xBE, 0x6C, 0x46, 0x6A, 0xA0, 0x0A, 0xE3, 0x9B, 0xDF, 0x6A, 0x2E, 0xE2, 0x71,
    0xB8, 0x1E, 0x20, 0xDE, 0xD4, 0xD9, 0xF4, 0x9A, 0x11, 0x5F, 0xD0, 0x3B, 0x8B, 0x49, 0xA3, 0x7C,
    0x15, 0x9B, 0x49, 0xDF, 0x9D, 0x6A, 0xF6, 0xCB, 0x6C, 0x75, 0x18, 0xDA, 0xA0, 0x77, 0x23, 0x8E,
    0x77, 0xEA, 0x20, 0x0A, 0xDC, 0xF4, 0x6D, 0xBE, 0x31, 0x21, 0x04, 0x3A, 0x67, 0x1C, 0xB5, 0x53,
    0x09, 0xB7, 0xCE, 0x24, 0xE0, 0xD4, 0xC7, 0xDB, 0x53, 0x7E, 0xA6, 0x4B, 0x24, 0x89, 0xD9, 0xF0,
    0x30, 0x2F, 0x8F, 0x75, 0x5F, 0x6C, 0x8C, 0xF0, 0x8F, 0x04, 0x47, 0x0D, 0xCF, 0xC8, 0xF0, 0x55,
    0x9E, 0xA8, 0xF5, 0xCD, 0x5C, 0xC1, 0x55, 0x92, 0x0E, 0x37, 0xDD, 0x23, 0x6E, 0x43, 0xED, 0x48,
    0xA9, 0xE8, 0x49, 0x18, 0xA6, 0x5B, 0xC5, 0x55, 0xA8, 0x3A, 0x47, 0x34, 0x17, 0x03, 0xA5, 0xA3,
    0x07, 0xD4, 0x8C, 0xF8, 0x8E, 0xCB, 0xBA, 0x4C, 0x8B, 0xF8, 0x06, 0x97, 0x35, 0xD6, 0x41, 0xA8,
    0x81, 0xC3, 0x55, 0x4F, 0x37, 0x4F, 0x66, 0xC5, 0xDC, 0xF3, 0xE7, 0xDE, 0x5C, 0x09, 0xEA, 0x61,
    0x94, 0xE3, 0x22, 0x3A, 0x22, 0xAB, 0xC8, 0xEF, 0xC3, 0x7C, 0x38, 0xEA, 0xB1, 0x58, 0x69, 0x4D,
    0x71, 0xC3, 0xF4, 0x59, 0x2F, 0xEA, 0x4F, 0xA6, 0xE6, 0x1D, 0xB4, 0x32, 0xC1, 0x0D, 0x2C, 0x04,
    0x3A, 0xA6, 0x6F, 0x0B, 0x03, 0x5F, 0x78, 0x8E, 0xD0, 0x2B, 0x4A, 0x90, 0x4D, 0x20, 0x5B, 0xD2,
    0x9D, 0xA8, 0x73, 0x75, 0xAC, 0xCC, 0x6F, 0x06, 0x82, 0xBA, 0x4C, 0xDD, 0x09, 0xFC, 0xE9, 0x46,
    0x75, 0x19, 0x0B, 0x94, 0x5F, 0xCC, 0xC7, 0x93, 0x19, 0x0A, 0x1D, 0x9D, 0xFF, 0xAA, 0x9D, 0xE4,
    0x15, 0xE6, 0xC9, 0xC2, 0x39, 0x52, 0xB9, 0x57, 0x4F, 0x93, 0x98, 0xBB, 0xF1, 0xBD, 0x1A, 0xD9,
    0xB6, 0xBD, 0x00, 0x84, 0x1F, 0x14, 0x44, 0x0A, 0x2E, 0xBB, 0x01, 0x39, 0xE8, 0x73, 0x9D, 0xEC,
    0xD0, 0xE0, 0x3B, 0x38, 0x72, 0xD4, 0x14, 0x28, 0x06, 0xB2, 0x13, 0x29, 0xA6, 0xF6, 0x2C, 0xD4,
    0x31, 0x53, 0x96, 0x1E, 0x22, 0x0F, 0x98, 0x91, 0x81, 0xB8, 0x45, 0x6B, 0x49, 0xBF, 0xE5, 0x20,
    0x39, 0x2F, 0x04, 0xBA, 0x2D, 0x81, 0x7B, 0x20, 0xB0, 0xDF, 0x6C, 0x3F, 0x5C, 0x5B, 0xB6, 0x17,
    0xD9, 0x0E, 0x2D, 0xF7, 0x1B, 0xFC, 0x8C, 0xAB, 0x81, 0xDF, 0x5C, 0x36, 0xC0, 0xB5, 0x2E, 0xD6,
    0xDD, 0x9D, 0x4D, 0x6F, 0x95, 0xEB, 0x1E, 0x85, 0xE6, 0x65, 0x49, 0xFC, 0xE5, 0xD8, 0xBE, 0x49,
    0xB4, 0x9A, 0xFE, 0x8B, 0x9F, 0x70, 0x05, 0xBF, 0xF4, 0x3F, 0xF8, 0x95, 0x93, 0xA1, 0x7D, 0x83,
    0xDF, 0xC5, 0x4C, 0xF2, 0x0D, 0xBC, 0x95, 0x5E, 0xF7, 0x49, 0x44, 0x6C, 0x7C, 0x86, 0xD2, 0x4B,
    0xB4, 0x56, 0x13, 0xC8, 0x3B, 0x98, 0x0B, 0x5A, 0xE6, 0x72, 0x5E, 0xF9, 0x0D, 0x7A, 0x13, 0x65,
    0xE3, 0xB2, 0x98, 0x2D, 0xB1, 0x1E, 0x4A, 0x6A, 0xFE, 0x88, 0x78, 0xB9, 0x13, 0x5B, 0xE8, 0x2A,
    0x46, 0x31, 0xEC, 0xA0, 0x1A, 0x29, 0x40, 0xCC, 0x7B, 0x1B, 0xEC, 0xBE, 0xA4, 0x4F, 0xC0, 0x5A,
    0xE3, 0x0C, 0xDF, 0x67, 0x7F, 0x69, 0x79, 0x84, 0x36, 0x3E, 0xE5, 0x41, 0xF2, 0x0B, 0x2C, 0x83,
    0xAC, 0x0D, 0x7B, 0x54, 0xF5, 0xF0, 0x2B, 0x21, 0x44, 0xA0, 0x16, 0x51, 0x21, 0x50, 0xAD, 0x09,
    0x69, 0x5D, 0x17, 0xE2, 0x1E, 0x6C, 0xB1, 0x0B, 0x48, 0x1A, 0xA1, 0x29, 0x5C, 0x2B, 0xB9, 0xEE,
    0xB6, 0xD8, 0x99, 0x32, 0xED, 0x1F, 0x44, 0x1D, 0x94, 0xA9, 0xC2, 0x2C, 0xAA, 0xB2, 0x57, 0x1E,
    0xC3, 0xC0, 0x1A, 0x0D, 0xA6, 0xCF, 0xD2, 0xD9, 0x26, 0xE8, 0xCF, 0x62, 0xE7, 0xD6, 0x6D, 0xB9,
    0x4B, 0x07, 0xEC, 0xE4, 0x69, 0xDA, 0xB3, 0xF7, 0xB1, 0xC7, 0x20, 0x9F, 0xBB, 0xA8, 0xDB, 0xA3,
    0xA8, 0xED, 0x3E, 0xCF, 0x28, 0x21, 0xE5, 0x3E, 0x34, 0x75, 0x00, 0x6B, 0x16, 0x52, 0xAC, 0x17,
    0x67, 0xB3, 0xFC, 0x25, 0x29, 0x97, 0x91, 0x25, 0x43, 0xC9, 0x54, 0xD1, 0xA0, 0xFE, 0x76, 0x82,
    0x7A, 0xEE, 0x9B, 0x4C, 0xE7, 0xE7, 0xD6, 0xDB, 0x27, 0x4C, 0xF6, 0xAD, 0x17, 0xBC, 0xB4, 0xA6,
    0x25, 0xF9, 0x40, 0x24, 0xD3, 0xA5, 0xB3, 0xD0, 0x46, 0x7D, 0x4F, 0x03, 0xBC, 0x3A, 0xD7, 0xEF,
    0xE2, 0xD7, 0xF2, 0x19, 0x58, 0x6D, 0xC3, 0x2A, 0xAB, 0xC3, 0xDF, 0x5F, 0xC4, 0xA4, 0xAF, 0x9E,
    0xFA, 0x6E, 0xA4, 0x8B, 0x33, 0x9D, 0x4F, 0x4B, 0x63, 0x83, 0xAE, 0xF6, 0x6C, 0x12, 0x60, 0xB2,
    0x94, 0x8A, 0x08, 0xDD, 0x7E, 0x6C, 0xFF, 0x2D, 0x15, 0x11, 0xD4, 0x7E, 0xFE, 0x7E, 0x54, 0xE3,
    0xFB, 0xB9, 0x40, 0xBA, 0xCC, 0x0E, 0x00, 0xA4, 0x04, 0xE5, 0xF5, 0xAD, 0xD0, 0xA5, 0x0B, 0x2D,
    0xA3, 0xA4, 0x3D, 0x01, 0x41, 0xA3, 0x7B, 0xF5, 0x28, 0xB4, 0x63, 0xFE, 0x69, 0x92, 0xC7, 0x1F,
    0xCD, 0xD6, 0xEB, 0x2A, 0x42, 0xFC, 0x80, 0x86, 0xDA, 0x6D, 0x1B, 0x6A, 0x95, 0x5F, 0x66, 0x5A,
    0x9D, 0xBD, 0x5E, 0x93, 0x39, 0x45, 0x1F, 0xCE, 0xDD, 0xAF, 0xB1, 0x09, 0xB6, 0x0D, 0xEA, 0x36,
    0xBA, 0x34, 0x68, 0x4E, 0x38, 0x18, 0x3E, 0xED, 0xC3, 0x37, 0xD3, 0x86, 0x75, 0x1D, 0xD5, 0xB7,
    0xF9, 0xF1, 0x98, 0x9A, 0xB7, 0x74, 0xF1, 0xAF, 0x4D, 0x3D, 0x7F, 0xE7, 0xF5, 0xCE, 0xB4, 0x0D,
    0x72, 0xD6, 0xAE, 0x34, 0x31, 0x74, 0xD2, 0xFD, 0xFC, 0xE3, 0xA8, 0x8E, 0x6B, 0xCB, 0xFD, 0x79,
    0x98, 0xD8, 0x04, 0x43, 0x6A, 0x3F, 0x52, 0x6E, 0x02, 0xC6, 0x40, 0x28, 0x8E, 0x13, 0x80, 0x55,
    0x0D, 0xF2, 0x0D, 0xEA, 0x37, 0xF7, 0x05, 0xC8, 0xA6, 0x20, 0xEA, 0xA9, 0x61, 0x24, 0x8D, 0xEC,
    0xF0, 0xE9, 0xBA, 0x7D, 0x32, 0xDA, 0x52, 0x65, 0x0A, 0xF9, 0x7D, 0xB8, 0x1B, 0xBF, 0x91, 0x07,
    0xCF, 0x26, 0xC0, 0x55, 0xFD, 0x00, 0x42, 0x6C, 0xC5, 0xB9, 0xFB, 0x53, 0x04, 0x2C, 0xB4, 0xA8,
    0x1F, 0xE9, 0x45, 0xB8, 0xC0, 0x73, 0x77, 0x4C, 0x7F, 0x03, 0x6D, 0x57, 0x3D, 0x8C, 0xD6, 0xD8,
    0x15, 0xBD, 0xFE, 0x2C, 0xB0, 0x14, 0x4B, 0xFB, 0x94, 0x82, 0x24, 0x12, 0xD2, 0xBA, 0x49, 0x99,
    0xAC, 0xDB, 0x14, 0x3B, 0x3C, 0x2F, 0x14, 0x14, 0x5B, 0xEC, 0x16, 0x4C, 0x52, 0xA4, 0xA0, 0x49,
    0x17, 0x29, 0x53, 0x47, 0x19, 0xD6, 0xD6, 0xA2, 0x24, 0x45, 0x0A, 0x88, 0xB4, 0xFD, 0x52, 0x6C,
    0x11, 0xB1, 0x52, 0x68, 0x29, 0x3E, 0xD6, 0x1E, 0xA6, 0xA0, 0x98, 0x62, 0xBC, 0x81, 0x88, 0x82,
    0x02, 0x2F, 0x8B, 0x44, 0x41, 0x11, 0x33, 0x98, 0xC5, 0x0C, 0xB6, 0x6F, 0xCE, 0xB9, 0x6F, 0x86,
    0x65, 0xA3, 0x7C, 0x0C, 0x4F, 0xDF, 0x67, 0x3F, 0xBF, 0xFB, 0x77, 0xEE, 0xB9, 0xC7, 0x22, 0xA7,
    0x0A, 0x91, 0x54, 0x17, 0x91, 0xF2, 0x50, 0x65, 0xA5, 0x85, 0x97, 0x64, 0x92, 0xF7, 0xC4, 0xF5,
    0x22, 0x92, 0x77, 0x58, 0xFC, 0x7D, 0xD5, 0xC9, 0xDF, 0xC1, 0x52, 0x36, 0x2A, 0x6B, 0x8F, 0xE5,
    0x26, 0x97, 0x0B, 0xF9, 0x37, 0x8B, 0x13, 0xF7, 0x7A, 0x76, 0x12, 0xAB, 0xAA, 0xC8, 0x16, 0x4F,
    0x89, 0xA7, 0x0D, 0x91, 0x64, 0xC4, 0x92, 0x0E, 0xF2, 0xB1, 0xB8, 0x61, 0xD5, 0xE1, 0xAC, 0xB8,
    0x93, 0x5A, 0xB5, 0x15, 0xEC, 0x6B, 0xB0, 0x67, 0x1F, 0x36, 0xB3, 0xF7, 0x45, 0x4E, 0xEA, 0x20,
    0x91, 0xE2, 0x31, 0xAF, 0xE5, 0x18, 0xEB, 0x2D, 0x6D, 0xFD, 0xC1, 0xD3, 0x1B, 0x67, 0xD5, 0x5D,
    0x5A, 0xBB, 0x61, 0xFB, 0x79, 0x5F, 0xDF, 0x7E, 0xB2, 0xBF, 0xBB, 0xB8, 0x3F, 0x48, 0x36, 0xBC,
    0x3F, 0x48, 0xBD, 0xF3, 0xB2, 0x89, 0x35, 0xFD, 0xA7, 0xB8, 0x69, 0x63, 0x10, 0xFF, 0xEC, 0x79,
    0x23, 0xBA, 0xF7, 0x39, 0x7C, 0xDE, 0xB8, 0xB9, 0x9D, 0xCC, 0xCF, 0xFF, 0xD5, 0x3B, 0x7D, 0xE8,
    0x9A, 0x6C, 0x59, 0x97, 0x92, 0xEB, 0x93, 0x51, 0x32, 0x5A, 0xCC, 0xF5, 0xB1, 0xC8, 0x77, 0xDD,
    0xB1, 0xD1, 0x6D, 0x04, 0xF4, 0xBB, 0xAB, 0x58, 0xE4, 0xC4, 0x05, 0xF8, 0xA9, 0x5A, 0x88, 0x3E,
    0xD5, 0x2A, 0x1B, 0x65, 0x8E, 0xB4, 0x88, 0x07, 0x37, 0x8A, 0x6B, 0xE0, 0xA3, 0x4F, 0x66, 0x41,
    0x98, 0x4C, 0x82, 0x56, 0xD8, 0x38, 0x33, 0x1B, 0xFD, 0xD6, 0x83, 0x56, 0xF7, 0x54, 0x77, 0x15,
    0x01, 0xBB, 0xC9, 0x8D, 0x83, 0xEF, 0x7D, 0x03, 0xBF, 0x66, 0x44, 0xF1, 0x61, 0xBF, 0x1D, 0x2F,
    0xF9, 0x6E, 0x9F, 0xCE, 0x4B, 0xD6, 0x38, 0x1D, 0xBE, 0x12, 0xA7, 0x3A, 0x22, 0xB5, 0x30, 0x11,
    0x6D, 0xC2, 0x36, 0x62, 0xD7, 0x0E, 0x3F, 0x11, 0x6E, 0xA2, 0x92, 0xB7, 0x52, 0x77, 0xD1, 0x24,
    0x6E, 0x96, 0x0C, 0x71, 0x34, 0x11, 0x0C, 0x4F, 0x30, 0xB2, 0x62, 0x82, 0xF0, 0x24, 0xAC, 0x62,
    0x19, 0x90, 0x7E, 0xFA, 0x80, 0x07, 0x60, 0x9F, 0x59, 0x66, 0xAA, 0x11, 0x0D, 0x22, 0x93, 0xF0,
    0x80, 0xF0, 0x01, 0xC9, 0xC2, 0xB3, 0x15, 0xEB, 0x85, 0x87, 0x90, 0xED, 0x89, 0x65, 0xB5, 0x7B,
    0x21, 0x56, 0xFC, 0x1A, 0x2C, 0xE2, 0x16, 0xCE, 0xDE, 0x5F, 0x78, 0xB0, 0x6F, 0x61, 0x3E, 0x62,
    0x09, 0xB8, 0x2D, 0xE7, 0x73, 0xBF, 0x51, 0xB8, 0x9A, 0xD1, 0xC7, 0x28, 0x18, 0xAA, 0xF1, 0x3F,
    0x7C, 0xB5, 0xAB, 0xC1, 0x66, 0x64, 0x86, 0x72, 0x7A, 0x16, 0x2F, 0x34, 0x50, 0x9A, 0x0F, 0xBD,
    0x59, 0x41, 0xD4, 0x09, 0x63, 0xAD, 0x4A, 0x7E, 0x35, 0xFB, 0x27, 0x0B, 0xEE, 0xE4, 0x9E, 0xB8,
    0xCD, 0xF7, 0xDA, 0xB2, 0x53, 0x9D, 0xB5, 0x3F, 0x8D, 0xFB, 0x93, 0xE8, 0x95, 0x59, 0xC5, 0xEF,
    0xCE, 0xDA, 0x64, 0xED, 0xA2, 0x7D, 0xD2, 0xFB, 0xD7, 0xD3, 0x6A, 0x72, 0xD3, 0x22, 0x75, 0x32,
    0xF9, 0xCA, 0xDF, 0x9E, 0x5D, 0xEB, 0x3A, 0x4D, 0x86, 0x78, 0xF0, 0x3B, 0x53, 0x34, 0xE7, 0x5D,
    0x2D, 0x65, 0x36, 0xF8, 0x26, 0x7F, 0x38, 0xBB, 0x83, 0x0F, 0xB5, 0x8E, 0xF5, 0xAE, 0xDE, 0x68,
    0xF2, 0xAB, 0x29, 0x7D, 0x4A, 0x2C, 0xE0, 0x48, 0xC7, 0x95, 0x02, 0x50, 0x7D, 0xA2, 0x1D, 0x82,
    0x8B, 0x59, 0x86, 0xCA, 0x75, 0xC8, 0xA0, 0x78, 0x14, 0x7C, 0x96, 0x09, 0x79, 0x1C, 0x93, 0x9E,
    0xC9, 0xD4, 0x85, 0xD9, 0xD6, 0xF1, 0xA7, 0xB3, 0xDE, 0x9F, 0x8B, 0xB4, 0x53, 0xD7, 0xBE, 0x7D,
    0x19, 0x90, 0xD0, 0x1E, 0x98, 0xC8, 0x91, 0xA3, 0x52, 0xCA, 0x45, 0x56, 0x70, 0x19, 0xE7, 0x75,
    0x2B, 0x24, 0xD2, 0x57, 0x2C, 0xCC, 0xC2, 0xA4, 0x78, 0x2D, 0x90, 0x0F, 0x1C, 0x0D, 0x40, 0x10,
    0xD2, 0x85, 0x05, 0x9E, 0x58, 0x21, 0xED, 0xA3, 0x7F, 0xD5, 0x66, 0xD3, 0xAE, 0xCD, 0xB1, 0x9E,
    0xB3, 0xBC, 0xE4, 0x7D, 0xB2, 0xE4, 0x6D, 0xA8, 0x61, 0x36, 0x6A, 0x01, 0x94, 0xC5, 0x2A, 0x48,
    0xDB, 0x88, 0x4C, 0x3B, 0x84, 0x80, 0xCF, 0xDD, 0x49, 0xCA, 0xD6, 0x4D, 0x5A, 0xD5, 0x69, 0xBF,
    0x52, 0xD1, 0xDD, 0x25, 0x9E, 0xDE, 0x29, 0xD2, 0x29, 0x9B, 0x1D, 0xC1, 0x0A, 0xBB, 0xDA, 0x94,
    0x4D, 0x3E, 0x12, 0x5F, 0xF0, 0x49, 0xFC, 0x28, 0x09, 0x4A, 0x92, 0xE2, 0x31, 0x74, 0x00, 0xF1,
    0xD3, 0xF1, 0x5B, 0x8D, 0xBC, 0x00, 0x88, 0x1E, 0x21, 0xC3, 0x83, 0x29, 0xA9, 0x78, 0x28, 0x4B,
    0xE6, 0x2B, 0xB4, 0x3C, 0xEB, 0xBC, 0x33, 0xC7, 0xD3, 0x4F, 0xF4, 0x1E, 0x9D, 0x1F, 0xF3, 0x56,
    0x11, 0x34, 0xD3, 0x00, 0x5F, 0x11, 0xF8, 0x6A, 0x39, 0x4F, 0x14, 0x1F, 0x87, 0x05, 0x24, 0xA8,
    0x7D, 0x71, 0xA3, 0xE1, 0x0E, 0x77, 0x0A, 0xE2, 0xC4, 0x22, 0x22, 0x52, 0x81, 0x44, 0x29, 0x7B,
    0x22, 0xCA, 0x23, 0x44, 0xEC, 0x6F, 0x01, 0x13, 0x6D, 0x92, 0x17, 0xF0, 0xAF, 0x43, 0xAF, 0xA9,
    0xEB, 0x93, 0xF9, 0x34, 0x62, 0xEC, 0x2F, 0x91, 0x17, 0xE0, 0xDA, 0x07, 0xC4, 0x7C, 0xC5, 0x6E,
    0x10, 0x7D, 0x00, 0xFF, 0xEB, 0x01, 0x87, 0xE7, 0xF4, 0xA1, 0xC5, 0xE1, 0xBC, 0xA3, 0x88, 0x86,
    0x2E, 0xE7, 0x13, 0x0E, 0xB7, 0x70, 0x1A, 0x1C, 0x8E, 0x52, 0x26, 0x53, 0x6C, 0xC7, 0x22, 0x0D,
    0x65, 0x17, 0xEB, 0xD9, 0x29, 0x1D, 0x6A, 0xED, 0x33, 0xDD, 0x3F, 0x5C, 0x00, 0x46, 0xA9, 0xA7,
    0x32, 0x38, 0xBB, 0x89, 0x7F, 0xE2, 0xE7, 0xB4, 0xAB, 0x07, 0x1D, 0xFC, 0xA7, 0xDA, 0xD6, 0xA2,
    0x11, 0xA0, 0x96, 0x4E, 0x69, 0x07, 0xD4, 0xF5, 0x1E, 0x8D, 0xA8, 0x0D, 0xF2, 0xF6, 0xA1, 0xA6,
    0x5D, 0x34, 0xFB, 0xC9, 0x17, 0xA7, 0x5F, 0xE9, 0x8B, 0xF9, 0x03, 0x96, 0x41, 0xCF, 0x73, 0x99,
    0x65, 0x99, 0xE6, 0x89, 0x15, 0x52, 0xFD, 0xDA, 0x2E, 0x17, 0xD8, 0x06, 0xA7, 0xB4, 0xB3, 0x7C,
    0x9D, 0x85, 0x25, 0x1C, 0x47, 0x2F, 0x7B, 0x76, 0x47, 0x5D, 0xD4, 0x15, 0x00, 0x13, 0xB1, 0x17,
    0x81, 0x6C, 0x64, 0xAE, 0xCA, 0x8E, 0xE0, 0x80, 0xB8, 0xC7, 0x1C, 0x1D, 0xFD, 0xB7, 0xBD, 0x26,
    0x7E, 0x74, 0xD0, 0xCB, 0xB4, 0x5E, 0x6F, 0xF8, 0x3C, 0x77, 0x1F, 0xED, 0xED, 0xED, 0xDE, 0x3D,
    0x38, 0xE8, 0x87, 0x1F, 0x5C, 0xC0, 0x8E, 0x41, 0xD6, 0xEB, 0x33, 0x9B, 0x65, 0x8E, 0x3C, 0xED,
    0xED, 0x86, 0xC6, 0xFE, 0x3D, 0x93, 0xEF, 0x43, 0xFF, 0x03, 0x00, 0xD1, 0xAF, 0xF5, 0x33, 0x09,
    0x3C, 0xEB, 0xD8, 0x59, 0x81, 0x3B, 0x4E, 0x33, 0xBF, 0x19, 0x1B, 0x38, 0x5D, 0x32, 0x12, 0x55,
    0x45, 0x7A, 0xEB, 0x91, 0x4A, 0xFC, 0x81, 0x77, 0xB4, 0x01, 0x8C, 0xF2, 0x01, 0xD7, 0x91, 0x46,
    0xAB, 0xD8, 0x8A, 0x2C, 0xC3, 0x67, 0x0D, 0x2D, 0x44, 0x24, 0x3A, 0xA7, 0xCF, 0x66, 0xC3, 0xF0,
    0xD7, 0x55, 0x62, 0x6D, 0x9B, 0xBE, 0xCA, 0x5F, 0xC9, 0x5B, 0x9F, 0x4C, 0x03, 0x97, 0x5B, 0xF9,
    0xE5, 0xD4, 0xC7, 0x21, 0x42, 0x9B, 0x2A, 0x20, 0x61, 0xD0, 0xAB, 0xA4, 0x33, 0xDA, 0x08, 0xC5,
    0x44, 0xF3, 0x79, 0x76, 0x14, 0x7E, 0xCB, 0x85, 0xDA, 0xCE, 0xB2, 0x2E, 0x59, 0x59, 0x99, 0x8C,
    0xEE, 0x6A, 0x1E, 0xE6, 0xEC, 0xB0, 0xD8, 0x0E, 0xC4, 0xD5, 0xA8, 0xE0, 0xD7, 0x35, 0x59, 0x87,
    0xC7, 0x54, 0x62, 0x01, 0xE4, 0x15, 0xBD, 0xA4, 0xE5, 0x43, 0x3C, 0x8E, 0x8E, 0x01, 0xB7, 0x47,
    0x9B, 0x46, 0x59, 0x5B, 0x0A, 0xF7, 0xA7, 0x9A, 0x21, 0xB2, 0x29, 0xD3, 0x29, 0x9E, 0x8C, 0xF4,
    0x08, 0x9D, 0xCB, 0xB0, 0x1D, 0xCF, 0xE0, 0x3F, 0xC9, 0x5E, 0x92, 0xDA, 0x4B, 0xF2, 0xE9, 0x4A,
    0x79, 0xD5, 0xBA, 0xDE, 0x7A, 0xBF, 0x3B, 0xA1, 0xFA, 0x62, 0x13, 0xDD, 0xC2, 0x0C, 0xE7, 0xCF,
    0xE8, 0x5E, 0xBD, 0x4B, 0x97, 0x16, 0x8E, 0x03, 0x37, 0x12, 0x8D, 0xBE, 0x85, 0x3F, 0x91, 0xB5,
    0x10, 0x2C, 0xD5, 0x0B, 0x3C, 0x90, 0x40, 0x7A, 0x9B, 0xA1, 0x4F, 0x94, 0xC1, 0xE9, 0xE5, 0x11,
    0xDB, 0xBB, 0x29, 0x5E, 0x40, 0x62, 0xD8, 0x3D, 0x65, 0x55, 0xDD, 0x78, 0x3C, 0xFD, 0xD2, 0xC8,
    0x7E, 0xA0, 0xD9, 0x8E, 0x6C, 0x41, 0x43, 0xFA, 0xA0, 0x22, 0xD5, 0x03, 0x4F, 0x57, 0xC2, 0xC5,
    0x82, 0x17, 0x2B, 0x56, 0x1A, 0x4E, 0x26, 0x5B, 0xC6, 0xB2, 0xAC, 0x6E, 0x48, 0x0D, 0x9F, 0x49,
    0x98, 0xA9, 0xD5, 0x31, 0xDB, 0x27, 0xA1, 0x20, 0x06, 0xB4, 0x9C, 0xCB, 0x16, 0x8F, 0x88, 0x5E,
    0x79, 0x62, 0xA4, 0xCD, 0x1C, 0x77, 0xB9, 0x6A, 0x32, 0xB6, 0xF4, 0x3C, 0xA7, 0x4F, 0x49, 0x42,
    0x43, 0xC4, 0x01, 0xB0, 0x96, 0x5B, 0x58, 0xCF, 0x48, 0x0E, 0x24, 0xFF, 0xA7, 0x48, 0xEF, 0xCC,
    0xEF, 0xE4, 0x4D, 0xFC, 0x72, 0xF7, 0xFE, 0xB9, 0x2E, 0x7A, 0xD9, 0xFC, 0x11, 0xED, 0xF1, 0x6A,
    0x78, 0xF7, 0x57, 0xF5, 0xCE, 0x58, 0x5F, 0x3C, 0x3F, 0x94, 0x8F, 0xCF, 0xD4, 0xAC, 0x99, 0x0B,
    0x66, 0xCD, 0xFA, 0xCA, 0x78, 0x40, 0x7A, 0x5B, 0x7F, 0x4E, 0x28, 0xB0, 0x0D, 0xA2, 0x83, 0x6A,
    0xF5, 0x9C, 0x7F, 0xD1, 0xCB, 0x4A, 0x5E, 0x17, 0x52, 0x23, 0x1A, 0x3A, 0x17, 0xB9, 0x22, 0xDE,
    0x6A, 0x92, 0xD7, 0x9D, 0x7B, 0xD6, 0x67, 0xFD, 0xF8, 0x7E, 0xB7, 0xBE, 0x79, 0x15, 0x23, 0xFA,
    0x92, 0xFD, 0xE1, 0x0B, 0xC8, 0xCC, 0xCE, 0x33, 0xE6, 0x61, 0x69, 0xE0, 0x68, 0x7D, 0x1B, 0x71,
    0xC6, 0x8A, 0x41, 0x69, 0x55, 0x1A, 0x3C, 0x57, 0xB2, 0x04, 0x40, 0x02, 0x4C, 0xFD, 0xF0, 0x72,
    0xBC, 0x10, 0x56, 0xD9, 0x58, 0x12, 0x8A, 0xFA, 0x06, 0x22, 0x61, 0x72, 0x1A, 0xD6, 0x6C, 0xBE,
    0x87, 0x01, 0x1F, 0x26, 0x5A, 0x18, 0xA8, 0x9E, 0x55, 0x89, 0xCC, 0x20, 0xA3, 0xB2, 0x51, 0xD7,
    0x19, 0xCE, 0xAF, 0xF2, 0x0C, 0x20, 0x4F, 0x9F, 0xA2, 0x7F, 0x9E, 0xDE, 0x06, 0x1D, 0x7D, 0xF4,
    0xE9, 0x98, 0xCE, 0xEE, 0x2C, 0xE8, 0x29, 0x3B, 0xDB, 0xE7, 0x43, 0x26, 0x1F, 0xFB, 0x1E, 0x89,
    0x2F, 0xDB, 0x33, 0xF0, 0xB6, 0xD9, 0xE0, 0x89, 0x97, 0xAE, 0xFF, 0x43, 0x9B, 0x5B, 0x0A, 0x28,
    0xAD, 0xEB, 0xC7, 0xDA, 0x8C, 0x35, 0xA8, 0x66, 0xA8, 0x9B, 0x7A, 0xA7, 0xD7, 0xCA, 0x3F, 0xEA,
    0x31, 0x3C, 0x0E, 0xB0, 0x38, 0xFD, 0x86, 0x0D, 0xF7, 0x5A, 0x8F, 0x9A, 0xC7, 0xDD, 0x63, 0x76,
    0x43, 0xBD, 0xB0, 0xFC, 0x28, 0xB4, 0x9A, 0x0D, 0xDB, 0xA3, 0x39, 0x6C, 0xAE, 0xCE, 0x36, 0x69,
    0xE8, 0x29, 0x27, 0x34, 0x5C, 0xEC, 0x0C, 0xC7, 0xDC, 0x7A, 0x03, 0x8E, 0xBB, 0x67, 0xF8, 0x1A,
    0x2D, 0x18, 0x06, 0x9B, 0xE5, 0xBF, 0xF5, 0x5E, 0xC0, 0xB6, 0x8D, 0x38, 0xC9, 0x3A, 0x20, 0xE9,
    0xFB, 0x69, 0xD7, 0xB9, 0x01, 0x5E, 0x47, 0x0B, 0xA7, 0x3A, 0x9A, 0xC3, 0x77, 0x09, 0x07, 0x65,
    0xCC, 0x69, 0xBA, 0x78, 0xAD, 0x72, 0x1E, 0x7C, 0xEA, 0x82, 0xF5, 0x0B, 0x6C, 0xE6, 0x4B, 0x3D,
    0xD9, 0x38, 0xEC, 0x30, 0x08, 0x53, 0x38, 0xDE, 0x93, 0xF4, 0x4F, 0xA1, 0x9D, 0x2D, 0x8B, 0xAD,
    0xC1, 0xFF, 0xB6, 0x1A, 0x5D, 0x20, 0x5D, 0x2D, 0x97, 0x4E, 0xAC, 0x2E, 0x97, 0xAD, 0x44, 0xB1,
    0x75, 0x4A, 0xCD, 0xC5, 0xC1, 0xE6, 0x20, 0x36, 0x63, 0x11, 0x59, 0xDA, 0xF3, 0xAB, 0xF2, 0x24,
    0x48, 0x50, 0xD8, 0x99, 0x8F, 0x4C, 0x06, 0xEB, 0x12, 0x59, 0x0F, 0x34, 0x14, 0x90, 0x8F, 0x8F,
    0x05, 0xE4, 0x03, 0xCC, 0xFB, 0x2C, 0x6D, 0x7D, 0xBF, 0xCE, 0x57, 0x1A, 0x77, 0x10, 0x90, 0xEE,
    0x6C, 0x5F, 0x37, 0xDB, 0x88, 0x05, 0xDB, 0xB3, 0x01, 0xF2, 0xA0, 0x6E, 0xCE, 0xB0, 0x69, 0x40,
    0x2D, 0x53, 0x42, 0x0E, 0xCC, 0x59, 0x99, 0x9B, 0xC2, 0xED, 0x97, 0x92, 0xD9, 0x9D, 0x03, 0x29,
    0x6E, 0x43, 0x40, 0x1E, 0xF6, 0x14, 0x90, 0x77, 0x8E, 0x04, 0x64, 0x42, 0x01, 0x69, 0xD8, 0xB6,
    0x5E, 0xA2, 0xB3, 0x11, 0x8B, 0x11, 0x5D, 0x3D, 0x49, 0xD5, 0x47, 0xD9, 0x06, 0x7E, 0xF4, 0x07,
    0x54, 0x92, 0xFB, 0x13, 0x86, 0x2F, 0x50, 0x95, 0xBF, 0xC0, 0x70, 0x62, 0x56, 0x03, 0x99, 0x90,
    0x40, 0xCA, 0x6F, 0xA9, 0xAE, 0x3F, 0x42, 0x6C, 0xFF, 0x67, 0xFB, 0x80, 0x0D, 0xF5, 0x1D, 0xA4,
    0x40, 0x73, 0x3A, 0xC7, 0xED, 0x8F, 0xF4, 0x2F, 0x9F, 0x62, 0xE8, 0x2C, 0xE9, 0x94, 0x10, 0xB0,
    0x72, 0x82, 0xA4, 0x56, 0x9B, 0xA0, 0xBC, 0x81, 0x70, 0x87, 0xD5, 0x2C, 0x75, 0x1B, 0x19, 0x83,
    0x4F, 0x11, 0xE5, 0xA3, 0x61, 0x21, 0x62, 0x85, 0x44, 0x03, 0xA5, 0x55, 0x84, 0xC2, 0x68, 0xC4,
    0x50, 0x1C, 0x15, 0x60, 0xA5, 0xCC, 0x5C, 0xD9, 0xE7, 0x5B, 0x9F, 0xF8, 0x1E, 0xFD, 0x50, 0xF6,
    0x7F, 0xDA, 0xBF, 0x52, 0x36, 0xFE, 0xCA, 0x45, 0x65, 0xB4, 0x23, 0x49, 0x17, 0xED, 0xF2, 0xDE,
    0x46, 0x10, 0x72, 0xA1, 0x7A, 0xDD, 0xF7, 0x2C, 0x6F, 0x28, 0x31, 0x75, 0xB7, 0x03, 0x89, 0x96,
    0xF4, 0x5F, 0xC5, 0x1A, 0x8D, 0x1E, 0x2D, 0x74, 0xCB, 0x35, 0x65, 0x9B, 0x15, 0xA6, 0x38, 0xFE,
    0x97, 0x9D, 0x28, 0x41, 0xE4, 0xAD, 0x3B, 0xAB, 0xB7, 0xEE, 0xF4, 0xD6, 0x64, 0x0D, 0xF1, 0xDE,
    0xF3, 0xCE, 0xF5, 0xEB, 0x5F, 0xD0, 0x46, 0xC7, 0xEC, 0x15, 0x11, 0x7A, 0xF0, 0xE4, 0x97, 0x7A,
    0x78, 0x8D, 0xCA, 0xB7, 0xB9, 0x7E, 0x43, 0xAF, 0x07, 0x75, 0x6B, 0xA1, 0x72, 0x1E, 0x51, 0x83,
    0xA5, 0x6A, 0x2A, 0x08, 0x87, 0x5D, 0xE4, 0x92, 0x2E, 0xC7, 0xCD, 0x11, 0x74, 0x70, 0x77, 0xB4,
    0xDD, 0xDC, 0x71, 0x6A, 0xED, 0xC1, 0x41, 0xCC, 0x6B, 0x27, 0xBF, 0xA0, 0xF1, 0xDE, 0xA4, 0x93,
    0x98, 0xF6, 0xC0, 0x93, 0xEF, 0x12, 0x8C, 0x0B, 0x77, 0x50, 0x3C, 0x2D, 0x3F, 0x83, 0x91, 0xEF,
    0x28, 0xEF, 0x60, 0xE6, 0x13, 0x2A, 0x89, 0x1F, 0xF3, 0x81, 0x2D, 0x26, 0x13, 0xE8, 0x48, 0xA7,
    0xCE, 0xE6, 0x27, 0x16, 0xA0, 0xB7, 0xCA, 0x7B, 0x0C, 0x26, 0xDF, 0x82, 0x72, 0x6A, 0xBC, 0xA9,
    0x44, 0xEC, 0xE5, 0x94, 0x1D, 0x84, 0xE3, 0x13, 0x9D, 0x8F, 0x05, 0x7A, 0x62, 0xB0, 0x8F, 0x47,
    0xB5, 0x0E, 0xE6, 0x3C, 0x0A, 0x8A, 0xE2, 0xAA, 0x65, 0x77, 0x31, 0xD9, 0xA7, 0xDD, 0xC9, 0xD0,
    0x38, 0xB8, 0xFD, 0x5B, 0x2D, 0x32, 0x36, 0x4F, 0x8B, 0xB6, 0x10, 0x88, 0xD6, 0xE9, 0x17, 0xC2,
    0xC2, 0xD7, 0xD5, 0xCD, 0xAF, 0xE0, 0xD7, 0x77, 0x5A, 0x86, 0x41, 0x53, 0xE4, 0x8B, 0x09, 0x92,
    0x05, 0xE8, 0x43, 0x56, 0x2E, 0xB7, 0xBF, 0x3C, 0x26, 0xB4, 0x74, 0x0E, 0x22, 0xAD, 0x15, 0x9B,
    0x22, 0x5F, 0xF6, 0x36, 0x31, 0xFA, 0xE3, 0xB9, 0x67, 0xB3, 0x2A, 0x7C, 0xD2, 0xA3, 0x32, 0x87,
    0x41, 0x12, 0x07, 0x16, 0x3F, 0x1D, 0x24, 0x6C, 0x6D, 0xE4, 0x12, 0xA9, 0x71, 0x4A, 0x34, 0xBB,
    0x1D, 0xCE, 0x9C, 0x29, 0xEE, 0xB3, 0xCE, 0x24, 0x0E, 0xA6, 0x6B, 0x04, 0x4C, 0x4A, 0x59, 0x41,
    0x10, 0xFB, 0x0A, 0xEF, 0x8F, 0x2A, 0x90, 0xD2, 0x33, 0x2E, 0x24, 0xC8, 0x4D, 0xE1, 0x89, 0x56,
    0xDF, 0xC1, 0xA3, 0x1A, 0x30, 0x40, 0xCE, 0x7C, 0xB3, 0x52, 0xF0, 0x0B, 0x64, 0x39, 0xA7, 0x6A,
    0x82, 0x0B, 0xE0, 0x42, 0xC0, 0xDA, 0x4D, 0x35, 0xDE, 0x8D, 0x30, 0xED, 0xA9, 0x40, 0x1A, 0xEB,
    0x12, 0x07, 0x2E, 0x7A, 0x82, 0xD7, 0x26, 0xE0, 0xEB, 0xD0, 0x54, 0x42, 0x32, 0x53, 0x01, 0x9A,
    0x64, 0xA8, 0x49, 0xE8, 0xA9, 0x8D, 0x06, 0x68, 0x4A, 0x65, 0x97, 0x07, 0x6D, 0x83, 0x53, 0xB4,
    0xA2, 0xFA, 0xC4, 0x9B, 0x23, 0x4B, 0x82, 0x2C, 0x50, 0xA1, 0x37, 0xD4, 0x36, 0x90, 0x39, 0x1D,
    0x7E, 0x27, 0xCB, 0x69, 0xE4, 0x36, 0x40, 0x4D, 0x0F, 0xDF, 0xBC, 0x4B, 0x8D, 0xC6, 0xFF, 0xA8,
    0x52, 0x6C, 0xC2, 0xE4, 0x8D, 0x04, 0x61, 0xC9, 0x47, 0x09, 0x4A, 0x95, 0x9F, 0x17, 0x44, 0x58,
    0x5E, 0x5B, 0x73, 0xD9, 0xAB, 0x66, 0x0D, 0x49, 0xAB, 0xDF, 0x3E, 0x84, 0x0A, 0xBD, 0xB4, 0x8D,
    0x49, 0x74, 0x67, 0x6F, 0xBF, 0xC9, 0x86, 0xF5, 0x1A, 0x02, 0xD5, 0x5D, 0xF9, 0x33, 0x34, 0xC2,
    0x30, 0xC0, 0xC7, 0x2C, 0xA3, 0xDA, 0x86, 0xE4, 0x4B, 0xA7, 0xDC, 0x06, 0xC4, 0x71, 0x5F, 0x84,
    0xAF, 0x49, 0x18, 0x4D, 0x88, 0xA6, 0x59, 0x21, 0xE1, 0x13, 0x5F, 0xAB, 0x50, 0x0F, 0xA4, 0x66,
    0x34, 0x6D, 0x52, 0x10, 0x2B, 0x83, 0x75, 0x27, 0xCB, 0xF1, 0x77, 0x92, 0x03, 0xCF, 0x91, 0xF8,
    0x09, 0x6B, 0xB9, 0xB1, 0x6D, 0x68, 0x6A, 0x8F, 0x53, 0x02, 0xFD, 0x51, 0x40, 0xC0, 0x41, 0xA7,
    0xDB, 0x6C, 0x24, 0x52, 0xDF, 0x28, 0x3F, 0xE0, 0x15, 0xC1, 0xE2, 0xD6, 0x8A, 0xD2, 0x96, 0x21,
    0x0F, 0x36, 0x58, 0x8D, 0xF9, 0x95, 0xEF, 0x11, 0x3E, 0xE4, 0xAE, 0xE2, 0x0B, 0xCE, 0x10, 0x72,
    0xC7, 0xCC, 0x12, 0xE6, 0xE5, 0x14, 0x6B, 0x60, 0x5E, 0xC3, 0xC5, 0x36, 0xDD, 0x4E, 0xF7, 0x99,
    0x98, 0x89, 0x69, 0x71, 0x9F, 0xB3, 0x4E, 0xD7, 0xAE, 0x59, 0xA2, 0xF8, 0xFA, 0x9B, 0x30, 0x6B,
    0x99, 0xDE, 0x18, 0x82, 0x1A, 0xA4, 0xD2, 0x64, 0xA6, 0x1D, 0xFD, 0x89, 0x3B, 0x9B, 0xBF, 0xF1,
    0x0F, 0x89, 0x21, 0xB4, 0x31, 0x2E, 0x42, 0x98, 0xA0, 0x8F, 0x6F, 0xD9, 0x6B, 0x16, 0x29, 0x2E,
    0x6F, 0x58, 0x03, 0xB4, 0xEC, 0xD6, 0xD1, 0x6B, 0x56, 0xF8, 0x90, 0x33, 0x7A, 0x77, 0xFC, 0xFE,
    0x39, 0xCB, 0x7F, 0x01, 0xAD, 0x56, 0xB1, 0x8E, 0x1B, 0x37, 0x10, 0x1D, 0xEE, 0x2A, 0x51, 0x00,
    0x16, 0x14, 0x10, 0x07, 0x30, 0x60, 0x20, 0xDB, 0xB8, 0x48, 0x13, 0xED, 0x0F, 0x68, 0xA9, 0x05,
    0x52, 0xA4, 0x70, 0xE1, 0x34, 0xD7, 0xE7, 0x0F, 0xFC, 0x03, 0x77, 0x3E, 0x05, 0x29, 0x5C, 0xDA,
    0x9F, 0x92, 0xF2, 0x02, 0xC8, 0xD6, 0x3A, 0x29, 0x52, 0xB8, 0x11, 0xE2, 0x0F, 0xB0, 0x60, 0x1C,
    0x90, 0x22, 0x45, 0x18, 0x7B, 0x83, 0x6C, 0x20, 0x59, 0x9B, 0x79, 0x33, 0xA4, 0x2C, 0xE9, 0x02,
    0xC4, 0x3E, 0x78, 0x71, 0x47, 0x52, 0x5C, 0x72, 0xE6, 0xBD, 0x37, 0x9C, 0xE1, 0x12, 0x0D, 0x48,
    0x1E, 0xD3, 0x6A, 0xBF, 0x58, 0x4A, 0x77, 0xBE, 0x92, 0xAE, 0xF8, 0x47, 0x67, 0x7B, 0x7D, 0x9E,
    0xC7, 0xFE, 0xEB, 0x6D, 0xAD, 0x9B, 0xFA, 0x99, 0xBE, 0x2F, 0xE3, 0xEE, 0xE1, 0x32, 0x5A, 0xD3,
    0xEE, 0x06, 0x1B, 0xE2, 0xCD, 0xB5, 0xE9, 0x9B, 0xAC, 0x6F, 0xF2, 0x7E, 0x65, 0x9F, 0x04, 0xE7,
    0x2F, 0x0A, 0x7F, 0x5A, 0xF9, 0x6A, 0xE2, 0x3F, 0x27, 0x4F, 0xD7, 0xFC, 0xC3, 0xA3, 0x18, 0x28,
    0x57, 0xA8, 0x64, 0xDF, 0x44, 0xDF, 0x7D, 0x7C, 0x71, 0xBE, 0x3A, 0x82, 0xAD, 0xF3, 0x45, 0xA7,
    0x50, 0x75, 0x79, 0x16, 0x67, 0x5D, 0x64, 0x32, 0x52, 0xD8, 0xD7, 0x42, 0x75, 0xC3, 0x7F, 0x32,
    0xF1, 0xE3, 0xB1, 0xAF, 0x98, 0xA0, 0xBB, 0xDF, 0x0E, 0x9F, 0x04, 0xA6, 0xCC, 0xC4, 0x89, 0x65,
    0x5A, 0x88, 0x14, 0x50, 0xBB, 0x56, 0xB5, 0x05, 0x36, 0xAB, 0x0D, 0xD8, 0x50, 0x9B, 0x61, 0xAB,
    0xDA, 0x57, 0x60, 0xAB, 0xDA, 0x45, 0x27, 0x6A, 0x03, 0x36, 0xAB, 0x2D, 0xB0, 0x59, 0x6D, 0x81,
    0x6D, 0x76, 0xB0, 0xAF, 0xA5, 0xF6, 0x3B, 0xC0, 0xC6, 0xF3, 0xA3, 0xA8, 0x26, 0x11, 0x77, 0xFD,
    0x25, 0xB7, 0xD3, 0xF5, 0x16, 0x70, 0xFF, 0x9C, 0x73, 0xBB, 0x0E, 0x8C, 0x20, 0xFB, 0x3D, 0x20,
    0x1E, 0xCF, 0xD0, 0xBA, 0x3B, 0x68, 0x0B, 0x8B, 0x76, 0x22, 0x6D, 0x2D, 0x2D, 0xBD, 0x77, 0x2B,
    0xE1, 0xB5, 0x74, 0xF4, 0xD8, 0x26, 0xA1, 0xC9, 0xFA, 0x2D, 0xD4, 0x5B, 0xF0, 0x6A, 0xFB, 0x2B,
    0x26, 0x06, 0x25, 0x42, 0x9B, 0xBD, 0xC1, 0xF6, 0xF2, 0x19, 0x56, 0x6C, 0x26, 0x18, 0x3E, 0x0D,
    0x18, 0x3A, 0x16, 0xAE, 0x6C, 0x06, 0x18, 0xCA, 0xC9, 0x85, 0x9D, 0xFF, 0x1D, 0x1A, 0x19, 0x66,
    0xCD, 0x31, 0x8A, 0x1F, 0x44, 0x93, 0xEB, 0xF1, 0x0A, 0x46, 0xDA, 0x4A, 0xDA, 0x53, 0x69, 0xF1,
    0xC2, 0xBE, 0x02, 0x61, 0xFB, 0x37, 0xFB, 0x32, 0x16, 0x51, 0x9E, 0xDE, 0xE9, 0x21, 0xF3, 0x1F,
    0x80, 0x60, 0xFB, 0x4E, 0x4E, 0xB8, 0x68, 0x52, 0x1E, 0xA3, 0x51, 0x7C, 0xE5, 0x8C, 0xDE, 0x8B,
    0xDC, 0x48, 0x86, 0x01, 0xC3, 0xE1, 0x4F, 0x18, 0x56, 0xB2, 0xE0, 0x95, 0xF8, 0xBB, 0x87, 0xA1,
    0xDF, 0x0C, 0xE0, 0xF4, 0x17, 0x86, 0xE7, 0xB6, 0x50, 0x78, 0xDA, 0x3F, 0x4A, 0x28, 0xB2, 0x4B,
    0xFA, 0x8F, 0xA7, 0xA6, 0x2F, 0xD1, 0x3D, 0xA6, 0x7C, 0xA9, 0xA7, 0x7C, 0xAE, 0xC5, 0x82, 0xC5,
    0xCF, 0xB8, 0xCB, 0x03, 0x6C, 0xC8, 0xF3, 0xB3, 0x76, 0x9B, 0xB2, 0x23, 0xD3, 0x69, 0x76, 0x96,
    0x9A, 0xCD, 0xB2, 0x95, 0xEC, 0x52, 0x80, 0xD2, 0xC0, 0xC5, 0xAC, 0xFE, 0x56, 0xBB, 0x58, 0xB6,
    0x32, 0x9C, 0x3B, 0x40, 0xD4, 0x2A, 0x60, 0x9B, 0x52, 0xF0, 0x74, 0x54, 0xA0, 0x22, 0x4D, 0x6B,
    0xB6, 0x37, 0x3D, 0xC8, 0x26, 0x3E, 0x1A, 0xC5, 0x4C, 0xB0, 0x64, 0x41, 0x4B, 0x85, 0xA7, 0x0C,
    0x09, 0xC6, 0x07, 0xCA, 0xEB, 0x56, 0xB3, 0x57, 0xC1, 0x28, 0x05, 0x5F, 0x22, 0xC1, 0x3E, 0xCA,
    0x0D, 0x8E, 0xFF, 0x8C, 0x38, 0x4B, 0x28, 0x7F, 0xF1, 0x98, 0xCC, 0xEB, 0xDF, 0x1A, 0x6A, 0xBB,
    0x96, 0x38, 0x85, 0xC8, 0xB8, 0xEF, 0x62, 0x3D, 0x02, 0x15, 0x1F, 0xCB, 0x0A, 0x26, 0xBE, 0xE9,
    0x46, 0xB2, 0xC2, 0x3E, 0x7C, 0xA8, 0x5B, 0xAA, 0xF5, 0x52, 0x6C, 0x10, 0x22, 0x0A, 0xA3, 0x39,
    0x92, 0x69, 0x01, 0x05, 0xF4, 0x94, 0x7D, 0x76, 0x72, 0x72, 0x72, 0x97, 0x01, 0xAF, 0xF9, 0x7F,
    0xFB, 0x16, 0xCC, 0x88, 0xFE, 0x52, 0xA2, 0xC3, 0x17, 0x1C, 0x83, 0x8F, 0xB7, 0xE4, 0xB9, 0x1A,
    0x30, 0x1D, 0x13, 0x86, 0x5B, 0xD4, 0x11, 0xD7, 0x98, 0xFE, 0xFB, 0x58, 0x38, 0xEE, 0x46, 0xCA,
    0xD0, 0xB4, 0xE6, 0x97, 0xBC, 0xA2, 0x83, 0xC0, 0x66, 0xF1, 0xA0, 0x91, 0x6A, 0x59, 0x7A, 0x48,
    0x44, 0xF4, 0x51, 0xD0, 0x62, 0x6A, 0x66, 0x07, 0x51, 0xBC, 0x25, 0xC9, 0x5E, 0xF4, 0xE8, 0x6C,
    0x6B, 0x18, 0x5C, 0xD6, 0x89, 0x1A, 0x95, 0x90, 0x02, 0xB7, 0x82, 0x4F, 0x0E, 0xAF, 0x69, 0x69,
    0x2C, 0xA0, 0x24, 0x66, 0x13, 0x42, 0xBA, 0xE5, 0x4D, 0xFE, 0xF4, 0x91, 0xFC, 0xF0, 0xF2, 0xE3,
    0x39, 0xD3, 0x9A, 0x8C, 0xAA, 0x0B, 0x24, 0xCC, 0x4B, 0x29, 0xBA, 0xE7, 0xBD, 0x24, 0xC2, 0xB9,
    0x16, 0xE2, 0x52, 0x69, 0x7F, 0xB1, 0xE7, 0xDF, 0x48, 0x99, 0xB1, 0x7D, 0xCF, 0x56, 0xED, 0xA5,
    0xD9, 0xE2, 0x34, 0xD0, 0x70, 0x25, 0xB7, 0xCC, 0x99, 0xC8, 0x6A, 0x1B, 0xA3, 0xEE, 0x61, 0x76,
    0x0C, 0x5C, 0x34, 0x6C, 0xE4, 0xA4, 0x84, 0x9C, 0xED, 0xDD, 0x9E, 0x00, 0x5D, 0xE1, 0x00, 0x48,
    0x00, 0x70, 0x15, 0x93, 0x03, 0xE3, 0x2E, 0xEE, 0x4B, 0xED, 0x57, 0x1C, 0x02, 0xC0, 0x5D, 0x5E,
    0x51, 0xE0, 0xA6, 0xDE, 0x0C, 0xAD, 0x16, 0x3E, 0x50, 0xCB, 0x75, 0xC7, 0xFA, 0xC1, 0x52, 0x4C,
    0x7D, 0xCA, 0x26, 0xAB, 0x3D, 0x1F, 0xD9, 0x57, 0xC9, 0x39, 0xDE, 0x9F, 0x46, 0x54, 0x05, 0x8C,
    0xD4, 0x0A, 0x97, 0x71, 0x03, 0xBE, 0xF2, 0xA0, 0x45, 0x5D, 0xAC, 0x60, 0x5A, 0x6C, 0xDF, 0x8A,
    0x97, 0xEA, 0x9E, 0x0C, 0x92, 0x7D, 0x11, 0x9F, 0xAA, 0x15, 0xA5, 0x1B, 0x55, 0x73, 0xB9, 0xFA,
    0x44, 0x54, 0x9A, 0x8C, 0x55, 0xEE, 0xD9, 0x9E, 0xF6, 0x1A, 0x08, 0x8D, 0x4A, 0x0C, 0x51, 0x8C,
    0x97, 0x06, 0xCF, 0x68, 0x24, 0x6D, 0x67, 0x16, 0xBB, 0x18, 0xC7, 0x80, 0xC7, 0xD4, 0xD2, 0x14,
    0x66, 0x49, 0xE2, 0xBD, 0xEA, 0x42, 0xFC, 0x42, 0xD0, 0x84, 0x1D, 0xA6, 0xC4, 0x8D, 0x57, 0x7E,
    0x3A, 0xA3, 0xA9, 0x4F, 0xF3, 0x69, 0x5D, 0xDA, 0xB7, 0xB3, 0x93, 0xEC, 0x26, 0x3F, 0x3B, 0xBF,
    0x20, 0xB0, 0x54, 0x7F, 0xB8, 0xAB, 0x3D, 0xD7, 0xC6, 0xF9, 0x94, 0xAF, 0x4C, 0xD6, 0x30, 0xB8,
    0xC6, 0x06, 0xB7, 0x2A, 0x82, 0x6B, 0x7D, 0x70, 0xF3, 0x49, 0x70, 0xD5, 0x20, 0xB8, 0x11, 0x05,
    0x47, 0x1F, 0xEC, 0x7F, 0xEF, 0xD3, 0x82, 0xDA, 0xAB, 0xA4, 0x94, 0x4E, 0x47, 0x07, 0xDF, 0x14,
    0x6F, 0x49, 0x6D, 0x0E, 0x7B, 0x17, 0xD2, 0xBA, 0x24, 0xC3, 0x81, 0x38, 0xDB, 0x23, 0x3F, 0xC9,
    0xEF, 0x07, 0xE4, 0x73, 0x33, 0xB8, 0xDB, 0x67, 0xC1, 0x9D, 0x95, 0xC1, 0x6D, 0x5C, 0x70, 0x61,
    0x18, 0xDC, 0x12, 0x3A, 0x52, 0xCB, 0x67, 0x61, 0xCE, 0xB9, 0x39, 0xE5, 0xA3, 0x84, 0x6A, 0x89,
    0x8B, 0x16, 0x49, 0x93, 0xBE, 0x51, 0x70, 0x50, 0x5A, 0xB9, 0x48, 0x09, 0xA9, 0x47, 0x6E, 0xA5,
    0xB8, 0x17, 0xCA, 0x3F, 0xC6, 0xB5, 0x56, 0x2A, 0x2E, 0x28, 0x95, 0x6C, 0x93, 0xFA, 0x34, 0x9F,
    0xD6, 0xA5, 0x7D, 0x54, 0x04, 0xB5, 0x93, 0xEC, 0x26, 0x3F, 0xC9, 0x2F, 0x30, 0xE0, 0x8A, 0x04,
    0x26, 0x3F, 0x17, 0x8C, 0xA6, 0x2D, 0x76, 0xB1, 0x07, 0x87, 0x29, 0x73, 0x79, 0x97, 0xD8, 0xE3,
    0x3D, 0xD6, 0x4D, 0x95, 0x7B, 0x8B, 0xFD, 0xB0, 0x03, 0x7B, 0xC2, 0xDD, 0x27, 0xEE, 0x41, 0xFC,
    0xFE, 0x0B, 0xBD, 0x57, 0xBD, 0x8F, 0xDB, 0x64, 0x18, 0x7F, 0x6C, 0xC3, 0xB9, 0x92, 0xA5, 0xBA,
    0x43, 0x2B, 0x21, 0x4E, 0xD4, 0xAC, 0x94, 0x56, 0x5E, 0x19, 0xEE, 0x62, 0x57, 0x95, 0x60, 0x60,
    0x28, 0x43, 0xC3, 0x0A, 0x03, 0x03, 0x4C, 0x59, 0x3A, 0x54, 0xE8, 0xD2, 0xB8, 0x2C, 0x8C, 0xF4,
    0x4F, 0xE8, 0xC0, 0x54, 0x86, 0x56, 0x4C, 0x1D, 0xEE, 0x1A, 0x73, 0x95, 0xE8, 0xC0, 0xD0, 0xA0,
    0x4A, 0x30, 0xD6, 0x48, 0x77, 0x33, 0x6E, 0x6B, 0x81, 0xAF, 0xB5, 0xFD, 0xF2, 0xFB, 0x3D, 0x4E,
    0x9C, 0xE4, 0x2E, 0x2D, 0x65, 0x28, 0xBE, 0xBC, 0x4F, 0xCE, 0xEF, 0xFB, 0xBC, 0xCF, 0xF7, 0x57,
    0x64, 0xB0, 0x27, 0x32, 0x36, 0x13, 0xF1, 0xE3, 0x5A, 0x44, 0xBC, 0x14, 0xA0, 0xC4, 0x0A, 0xB0,
    0x9C, 0x0C, 0xA0, 0xC2, 0x8A, 0xB0, 0xFC, 0xD4, 0x6E, 0x2E, 0xE4, 0xAE, 0x29, 0x2B, 0xB7, 0x72,
    0x8C, 0x53, 0x49, 0xB4, 0x5B, 0x8B, 0x97, 0x1B, 0x71, 0xCA, 0x28, 0x91, 0xDA, 0x9F, 0x48, 0xE4,
    0xE6, 0x12, 0xA4, 0x95, 0xF8, 0x93, 0x28, 0x76, 0x72, 0x37, 0xB3, 0x0B, 0xA9, 0xAC, 0x52, 0xBC,
    0xDF, 0x40, 0x8F, 0x5C, 0x22, 0x63, 0x2A, 0xAE, 0x33, 0x37, 0x6F, 0x56, 0x53, 0xC2, 0x47, 0x16,
    0xCF, 0x66, 0x78, 0x2F, 0xC2, 0x59, 0x81, 0x77, 0x03, 0xAB, 0x10, 0xB1, 0x72, 0x11, 0x3B, 0x9B,
    0xF3, 0xB9, 0x85, 0xB3, 0x00, 0x2B, 0xC4, 0xDA, 0xC4, 0xDA, 0xC2, 0x2A, 0xB1, 0x8A, 0xEA, 0xCC,
    0x0F, 0xCF, 0xE6, 0xF7, 0xBD, 0x04, 0x42, 0xC7, 0x95, 0x84, 0xA0, 0xDD, 0xC3, 0xDA, 0xC2, 0xDA,
    0xC6, 0x82, 0xFC, 0xEF, 0x3F, 0x9B, 0xF3, 0xA1, 0x6D, 0xFC, 0xB8, 0x35, 0xCD, 0x9A, 0x2C, 0x3C,
    0x61, 0x13, 0x1F, 0xC7, 0xB6, 0x31, 0xD9, 0xB6, 0xD8, 0x4D, 0xBC, 0x6E, 0x52, 0x89, 0x62, 0xB1,
    0x6B, 0x71, 0x20, 0x8F, 0x5B, 0x82, 0xAE, 0x48, 0xAF, 0xA4, 0x70, 0xCE, 0xE3, 0xDC, 0x4F, 0x60,
    0x09, 0x3B, 0xDB, 0x82, 0xA4, 0xB9, 0xB3, 0x0B, 0x0B, 0x07, 0xB1, 0xF7, 0x5D, 0x2C, 0x56, 0x21,
    0xC1, 0x06, 0xE8, 0x27, 0xB2, 0x91, 0xAB, 0x8E, 0x4F, 0x53, 0x98, 0x5C, 0x9C, 0x07, 0x02, 0x51,
    0xC4, 0xDF, 0x14, 0x77, 0x22, 0x72, 0xE5, 0x8E, 0x0C, 0x71, 0xEF, 0xD7, 0x9C, 0x9E, 0xF1, 0x9D,
    0x8C, 0x7E, 0xB9, 0xE3, 0xDE, 0x23, 0x97, 0xD4, 0xFB, 0x93, 0x5C, 0xC4, 0x87, 0x19, 0xDC, 0x4C,
    0x02, 0x60, 0xDF, 0x15, 0x31, 0x07, 0x32, 0xC8, 0xC4, 0xFF, 0xC6, 0x98, 0x92, 0x74, 0x06, 0x07,
    0xC0, 0x49, 0x16, 0x45, 0x17, 0x5B, 0xE1, 0x59, 0x85, 0xF4, 0x3B, 0x5C, 0x4A, 0x18, 0xE1, 0xBE,
    0x58, 0x86, 0xD1, 0xE0, 0x1B, 0x6E, 0x5C, 0x6D, 0x18, 0x10, 0xBF, 0xD3, 0xD8, 0x01, 0x79, 0x48,
    0x11, 0x50, 0x9F, 0x94, 0x88, 0xE7, 0x64, 0x0C, 0xA2, 0xB9, 0x00, 0xD1, 0x4B, 0x1C, 0x20, 0x6E,
    0x88, 0x5B, 0xC1, 0x11, 0x14, 0xC6, 0x87, 0x79, 0x32, 0xB9, 0x02, 0x8A, 0xA9, 0x03, 0x6A, 0xE3,
    0xE4, 0x34, 0xE9, 0xD2, 0x59, 0x4E, 0xED, 0x1A, 0xD3, 0x9A, 0xD6, 0x98, 0xBC, 0x95, 0x66, 0xCC,
    0xFF, 0x4D, 0x62, 0xF6, 0xFB, 0x83, 0x4A, 0xC0, 0xC0, 0xA9, 0x69, 0x3F, 0x19, 0xC7, 0x16, 0xA8,
    0x86, 0x13, 0x19, 0x25, 0xE2, 0xC1, 0x50, 0x19, 0x8D, 0xFB, 0xBA, 0x0E, 0x90, 0x0B, 0x41, 0xE5,
    0x19, 0x93, 0xD2, 0x68, 0xA7, 0xFA, 0xFD, 0x7E, 0xEC, 0x40, 0xA6, 0x5A, 0x46, 0x80, 0xA9, 0x63,
    0x12, 0xBB, 0x62, 0x3C, 0x85, 0xA9, 0x98, 0xCC, 0x46, 0x74, 0x1B, 0x09, 0x63, 0x89, 0x68, 0x3A,
    0xBB, 0x35, 0x57, 0xAD, 0x8A, 0x50, 0x21, 0x57, 0x2D, 0x67, 0x68, 0x4A, 0x45, 0xF0, 0xD5, 0x86,
    0x8A, 0x85, 0xF3, 0xEF, 0x95, 0x4C, 0xEC, 0x9A, 0xD8, 0x29, 0x2C, 0x20, 0x8D, 0x88, 0xE4, 0xE7,
    0xE0, 0x6C, 0x1A, 0xA1, 0x19, 0xB2, 0x05, 0x37, 0x05, 0xDC, 0xF8, 0x5B, 0xED, 0x35, 0xDF, 0x54,
    0x6B, 0x29, 0x90, 0xC3, 0xCF, 0xE6, 0x4B, 0xC0, 0xE2, 0xB5, 0xAB, 0x2F, 0x45, 0x16, 0xFB, 0x3A,
    0xC3, 0x3B, 0x9E, 0x66, 0x9D, 0x4F, 0x4D, 0x46, 0xD4, 0x81, 0x01, 0x10, 0x24, 0xD3, 0x6D, 0x2F,
    0x9B, 0x96, 0x08, 0xBB, 0xD0, 0x3A, 0x01, 0xB0, 0x43, 0xED, 0x69, 0x02, 0xE4, 0x81, 0x58, 0xE5,
    0x6C, 0xFB, 0x2E, 0xEF, 0x72, 0x3B, 0xEC, 0xEE, 0xAE, 0x26, 0x69, 0xC5, 0xCA, 0xDE, 0x2A, 0xA3,
    0x87, 0x55, 0x10, 0x77, 0x5A, 0xA9, 0x69, 0xC9, 0xCD, 0xE2, 0x35, 0x9B, 0x24, 0x1D, 0x5E, 0x71,
    0x89, 0xE2, 0x71, 0xC3, 0x67, 0xB4, 0x1D, 0x97, 0xAF, 0x73, 0x79, 0x87, 0xF1, 0x7C, 0x96, 0x51,
    0xBF, 0xC1, 0xBC, 0xF8, 0x00, 0x4C, 0xE5, 0x32, 0x13, 0xEC, 0x36, 0xAB, 0x1C, 0x63, 0xF7, 0x0F,
    0x50, 0xB2, 0x9F, 0x90, 0xC8, 0x73, 0x75, 0x49, 0x32, 0x95, 0x57, 0xF3, 0x95, 0x81, 0x2B, 0xF2,
    0x06, 0x68, 0x1F, 0x30, 0x42, 0xC6, 0x0D, 0x3E, 0x6E, 0x36, 0xF2, 0xB2, 0x61, 0x4F, 0xA2, 0x5A,
    0xB6, 0x0A, 0x46, 0x00, 0x72, 0x74, 0x2C, 0xCE, 0x2F, 0x09, 0x72, 0x2F, 0x08, 0xAE, 0x55, 0xE1,
    0xF9, 0x22, 0x30, 0x09, 0x3E, 0xEB, 0x99, 0x78, 0x7B, 0x5D, 0x75, 0xA0, 0x80, 0x69, 0x5B, 0xA0,
    0xD4, 0x4C, 0x7C, 0xF1, 0xF8, 0x32, 0xE6, 0x0B, 0xD5, 0xFD, 0x0B, 0xE2, 0x44, 0x5E, 0x82, 0x13,
    0xC8, 0x5A, 0xD8, 0x28, 0xA5, 0xD0, 0x01, 0x68, 0xB9, 0x30, 0x81, 0x98, 0x20, 0xF7, 0x5B, 0xCF,
    0x5B, 0x6D, 0x4C, 0x9C, 0x92, 0x4B, 0x23, 0xA9, 0xFE, 0x9F, 0x0F, 0x99, 0xD1, 0x45, 0xD5, 0xAB,
    0x82, 0x77, 0x09, 0x2A, 0x00, 0x53, 0x10, 0x30, 0xB0, 0x4D, 0x2C, 0x23, 0x0B, 0xCE, 0x1B, 0x39,
    0x44, 0xF1, 0x09, 0x22, 0x82, 0x86, 0xA0, 0x20, 0x98, 0x10, 0xA0, 0x04, 0xA3, 0x86, 0x54, 0x48,
    0x11, 0x00, 0x9F, 0x20, 0x1A, 0x03, 0x9C, 0xFB, 0x0F, 0xCC, 0xA7, 0xC0, 0x86, 0x41, 0x99, 0xCE,
    0x32, 0x4E, 0x59, 0x7A, 0xE1, 0x04, 0x78, 0xC1, 0xFF, 0x76, 0x02, 0xCF, 0x83, 0x7C, 0x1E, 0xC4,
    0x56, 0x81, 0x38, 0x64, 0x95, 0x1F, 0x22, 0x22, 0x22, 0xE0, 0xA3, 0xF0, 0xF6, 0x50, 0xE0, 0xFD,
    0x7B, 0x19, 0x4B, 0x31, 0x9E, 0xAF, 0x44, 0xDE, 0xBE, 0x88, 0x8D, 0xDD, 0x02, 0x7D, 0xB0, 0x07,
    0x0C, 0x9C, 0x96, 0xF8, 0xDB, 0x86, 0x43, 0x23, 0x54, 0x63, 0x84, 0x65, 0x85, 0xA0, 0x0E, 0x3E,
    0x9A, 0x88, 0xF3, 0x04, 0xEC, 0x86, 0xE0, 0x42, 0xCD, 0xEC, 0x66, 0xEA, 0xE6, 0xEE, 0x19, 0xC0,
    0xB1, 0x06, 0xE4, 0x1B, 0xB1, 0x11, 0x72, 0xAC, 0xFF, 0xBD, 0xB6, 0xD8, 0xBA, 0x59, 0x1B, 0xF2,
    0x3B, 0x6D, 0xEA, 0x30, 0x17, 0x98, 0x6B, 0x3B, 0x6D, 0x36, 0x30, 0xDB, 0x18, 0x8E, 0x55, 0x9B,
    0x33, 0x4C, 0xA0, 0x48, 0x8E, 0xBC, 0x92, 0xCC, 0x44, 0x7B, 0x52, 0xB9, 0x05, 0x36, 0xA8, 0x5D,
    0xCD, 0x34, 0x8F, 0xD6, 0x00, 0x7C, 0x72, 0xC8, 0xDB, 0x6F, 0x6D, 0xED, 0x47, 0x9F, 0x33, 0x62,
    0xDD, 0x18, 0x27, 0x6E, 0x65, 0x52, 0xAF, 0x36, 0xF8, 0x86, 0xAA, 0xC5, 0xAA, 0xBD, 0x95, 0x97,
    0x57, 0xF1, 0x40, 0xCE, 0xC8, 0x35, 0x34, 0x1E, 0x79, 0x6A, 0xCC, 0xC1, 0x87, 0x4D, 0xB9, 0x86,
    0xC8, 0xBD, 0x8D, 0x9A, 0x5F, 0x9C, 0x98, 0xDF, 0x8B, 0xC7, 0x90, 0xFB, 0x47, 0x9C, 0x5B, 0x75,
    0xFD, 0x29, 0x8A, 0xEB, 0x65, 0x59, 0x33, 0xE5, 0x09, 0xCD, 0x7B, 0xEB, 0x13, 0x91, 0x63, 0x21,
    0x8A, 0x9F, 0x8F, 0xB8, 0xDF, 0x1F, 0x3D, 0x42, 0x3B, 0x35, 0xF7, 0x45, 0xD6, 0x9B, 0xF3, 0xB3,
    0x7C, 0xA2, 0x72, 0xA7, 0xB7, 0x59, 0x05, 0x3C, 0xBE, 0xBB, 0xC9, 0x0C, 0x38, 0xE9, 0xAC, 0x3E,
    0xC8, 0xC9, 0x2E, 0x85, 0x41, 0x52, 0xFB, 0x4C, 0x6D, 0x56, 0x16, 0x4A, 0x3E, 0xAC, 0xEC, 0xE6,
    0xD1, 0x42, 0x1B, 0x9A, 0x3D, 0x6F, 0xC9, 0xAC, 0x28, 0x05, 0x24, 0x1D, 0x4C, 0x96, 0xCA, 0x70,
    0x98, 0x76, 0x07, 0x53, 0x60, 0x29, 0x0F, 0x25, 0x97, 0xCE, 0x4F, 0xB5, 0xF4, 0xC9, 0xDC, 0xFA,
    0xEC, 0x29, 0xFD, 0xCF, 0x56, 0x15, 0xF4, 0xE0, 0x5F, 0x36, 0x79, 0xB1, 0xCF, 0xBD, 0x63, 0xAA,
    0x5E, 0xA2, 0xC4, 0xB1, 0x35, 0xD8, 0x5F, 0x52, 0xC1, 0x6F, 0x85, 0x5D, 0xD2, 0x8B, 0x03, 0x81,
    0x1E, 0xCC, 0x37, 0x1F, 0x0F, 0xF6, 0xFB, 0xFD, 0x4B, 0x7E, 0x27, 0xA2, 0xBD, 0x1C, 0x20, 0x96,
    0xEA, 0xCD, 0x89, 0x8A, 0xC3, 0x43, 0x68, 0xAE, 0xC3, 0x47, 0x88, 0x82, 0x41, 0x83, 0xD1, 0xC6,
    0xA0, 0xBA, 0x59, 0x5A, 0x8D, 0x47, 0x7B, 0x3A, 0x28, 0x14, 0x0A, 0x39, 0x5E, 0x58, 0xE3, 0x16,
    0x36, 0x0A, 0x69, 0x50, 0x6B, 0xFB, 0xC5, 0x1A, 0x7E, 0xA1, 0x9B, 0x7B, 0xDA, 0x2C, 0x09, 0xD7,
    0xA6, 0xB0, 0x90, 0x29, 0x5F, 0xD0, 0x68, 0xE1, 0xAC, 0xC1, 0x92, 0xBF, 0x62, 0x91, 0xC3, 0x3A,
    0x9B, 0x64, 0x40, 0x41, 0xDC, 0xEB, 0xCB, 0xAE, 0x5B, 0x69, 0x4A, 0x76, 0x09, 0x0D, 0x14, 0x9D,
    0x6E, 0x72, 0x0E, 0x71, 0xE5, 0x80, 0x89, 0x44, 0x32, 0x11, 0x08, 0xCB, 0x98, 0xE3, 0x13, 0x3B,
    0xF6, 0xE0, 0x79, 0x0E, 0x7E, 0x93, 0x82, 0xF9, 0xBC, 0xC5, 0xE6, 0x80, 0x64, 0xF3, 0xCC, 0xC5,
    0x98, 0x3C, 0xD5, 0xBC, 0x8D, 0xF6, 0x76, 0xB2, 0xDE, 0x1E, 0x1D, 0x30, 0xA5, 0x21, 0x67, 0x40,
    0x39, 0x91, 0x03, 0x56, 0x32, 0xE5, 0x30, 0xED, 0x21, 0xDD, 0x97, 0xF6, 0x01, 0x3B, 0xA7, 0x69,
    0x4B, 0x4C, 0x1C, 0xA0, 0x1C, 0x34, 0x31, 0x4A, 0x53, 0x58, 0x73, 0xB0, 0x1C, 0x28, 0xE5, 0x51,
    0xD9, 0x59, 0x74, 0x67, 0x0C, 0x3D, 0x7B, 0x18, 0x97, 0x40, 0x79, 0x94, 0x8A, 0xF7, 0x33, 0x9C,
    0xE0, 0x90, 0xA7, 0x43, 0x81, 0xD7, 0x55, 0xE0, 0x86, 0x02, 0xDF, 0x02, 0xD5, 0x9A, 0xF1, 0xF0,
    0xB9, 0x32, 0xB6, 0x95, 0xF1, 0x9D, 0xB9, 0xD2, 0x8C, 0x7C, 0x76, 0x7C, 0xA7, 0x8E, 0xA7, 0x6D,
    0x5C, 0x9B, 0x3A, 0xEB, 0x90, 0xA8, 0x77, 0xAA, 0x6E, 0xFE, 0x9B, 0x83, 0xAA, 0x3B, 0xD5, 0x61,
    0x40, 0x6B, 0x9A, 0x06, 0x8A, 0x7B, 0xA0, 0xBA, 0x93, 0xE8, 0xFA, 0x2C, 0xA7, 0x10, 0x56, 0x7B,
    0x6A, 0x74, 0x12, 0x5F, 0x53, 0xE3, 0xE8, 0x5C, 0xD0, 0x12, 0xD0, 0x50, 0x6D, 0xA5, 0x1A, 0xEA,
    0x7B, 0x3C, 0xFB, 0x79, 0xA1, 0x5D, 0xB1, 0x65, 0x10, 0x76, 0x0C, 0x74, 0x2A, 0xD0, 0xEB, 0x41,
    0x4E, 0x9A, 0x19, 0x33, 0x78, 0x61, 0x6E, 0xA5, 0xAF, 0xB5, 0x4A, 0xA3, 0x12, 0x2E, 0xEA, 0x16,
    0xC6, 0xD0, 0xAD, 0x47, 0xDD, 0xB6, 0xA9, 0x5B, 0x81, 0x2F, 0x2D, 0xF3, 0xA8, 0x90, 0x25, 0x65,
    0x28, 0xB5, 0x4E, 0xF2, 0x88, 0xA5, 0x1F, 0x1F, 0xD0, 0xD8, 0xA4, 0x58, 0x11, 0x6B, 0xA8, 0xFF,
    0x20, 0xA5, 0x2D, 0xE3, 0x99, 0x6E, 0x24, 0xAA, 0x96, 0x68, 0x05, 0x5F, 0x0C, 0x30, 0x3B, 0xEE,
    0xDC, 0x5B, 0x5A, 0x1A, 0x63, 0x4C, 0xAB, 0xB8, 0x1B, 0xF4, 0x6E, 0x41, 0x58, 0x6F, 0x97, 0x43,
    0xC6, 0xA4, 0x47, 0x29, 0x19, 0x13, 0x05, 0x25, 0x2E, 0xA9, 0xEA, 0x16, 0x65, 0xE9, 0x31, 0x0A,
    0x43, 0x0A, 0xE9, 0x53, 0x5C, 0x60, 0xB0, 0xAB, 0x40, 0x76, 0x48, 0x1C, 0x26, 0xA0, 0x3D, 0x4A,
    0x49, 0x13, 0xE3, 0x04, 0xC6, 0xC1, 0x76, 0x4E, 0x0B, 0x3B, 0xD6, 0x8B, 0x8F, 0xBA, 0x80, 0x02,
    0xAB, 0x5B, 0xD4, 0x7E, 0x51, 0x67, 0xD3, 0x57, 0x70, 0xAE, 0x06, 0x81, 0x86, 0x83, 0x06, 0x86,
    0x86, 0x48, 0xAB, 0xBB, 0xB7, 0x54, 0x30, 0x4D, 0xF7, 0x2C, 0xED, 0xED, 0xC9, 0x6C, 0x6B, 0x90,
    0xCE, 0xA6, 0x3E, 0x9D, 0xF8, 0x5A, 0xEA, 0xC3, 0x8E, 0x45, 0xAF, 0x53, 0x61, 0xFE, 0x3A, 0x9C,
    0xE1, 0xA9, 0x37, 0x79, 0xD7, 0x1A, 0xA5, 0xB3, 0x01, 0x78, 0x71, 0xFE, 0x3D, 0xC4, 0xFC, 0xBD,
    0xB6, 0x39, 0x7B, 0x87, 0x9B, 0xF3, 0xF0, 0x50, 0x73, 0xBE, 0xF0, 0x92, 0xE6, 0xCC, 0x5A, 0xCA,
    0xD1, 0xEA, 0x01, 0xEB, 0xE3, 0xD2, 0x4B, 0x37, 0xFA, 0xDA, 0xB4, 0x12, 0x03, 0x8F, 0x75, 0xAC,
    0x37, 0xE4, 0x4F, 0x1F, 0x4C, 0x04, 0x3F, 0x15, 0xE0, 0xD0, 0x53, 0xAF, 0x42, 0xEC, 0x76, 0x22,
    0xE8, 0xA1, 0x99, 0x43, 0xB7, 0x0A, 0x8E, 0x0D, 0x3E, 0x06, 0xD3, 0xC7, 0xE8, 0x62, 0x27, 0x8F,
    0x10, 0xFD, 0x12, 0x62, 0x43, 0x34, 0x1F, 0xBF, 0xD8, 0xDC, 0xC9, 0x0E, 0x28, 0xF8, 0x89, 0x55,
    0xD8, 0xB9, 0xFE, 0xEC, 0xEC, 0x21, 0x04, 0x42, 0xD8, 0x01, 0x14, 0x22, 0x68, 0xE3, 0x3E, 0xC4,
    0x8D, 0xBA, 0x68, 0x7F, 0xBF, 0x3A, 0xF5, 0x74, 0x5A, 0x7C, 0x53, 0xE4, 0x1F, 0xAD, 0x93, 0xCD,
    0x4D, 0xC3, 0x40, 0x10, 0x85, 0xC7, 0x36, 0x61, 0x0F, 0x3E, 0xA4, 0x01, 0xA2, 0x54, 0x80, 0x52,
    0x82, 0x2D, 0xD1, 0x00, 0x17, 0x4E, 0x39, 0x50, 0x02, 0x25, 0x38, 0x25, 0xD0, 0x09, 0x15, 0x80,
    0x2D, 0x51, 0x00, 0x56, 0x1A, 0x48, 0x2E, 0x9C, 0xF1, 0x21, 0x91, 0x22, 0xB0, 0x3D, 0xCC, 0x9B,
    0xFD, 0x33, 0x11, 0x37, 0xB0, 0x46, 0xDA, 0x4D, 0x6C, 0xCD, 0xCE, 0xF7, 0xDE, 0x5B, 0x22, 0x32,
    0x23, 0x4A, 0x56, 0xEE, 0x33, 0xEE, 0x89, 0x12, 0xE6, 0x86, 0xB9, 0x25, 0x2A, 0xB6, 0x87, 0x62,
    0x7B, 0x22, 0xCA, 0x7B, 0x94, 0x3C, 0xBC, 0x41, 0x11, 0x2D, 0x0F, 0x28, 0xA2, 0x94, 0x51, 0x58,
    0xF1, 0x74, 0x44, 0xB5, 0x6E, 0x88, 0x2E, 0xEB, 0xF7, 0xBB, 0xEA, 0x78, 0x1B, 0x7B, 0x53, 0xDD,
    0x52, 0x25, 0x2D, 0xB5, 0xD7, 0xA0, 0xBD, 0x1A, 0x14, 0xD1, 0xBC, 0x47, 0x4D, 0xFF, 0x38, 0xA1,
    0x30, 0x46, 0x99, 0xE8, 0x69, 0xAB, 0xB3, 0xD3, 0xA8, 0xE8, 0x50, 0x44, 0xD9, 0x48, 0x99, 0xFE,
    0x21, 0x9D, 0x0B, 0xDF, 0x7C, 0x3A, 0xE8, 0xF5, 0xB2, 0x5B, 0xCC, 0xE5, 0x4B, 0xF3, 0x35, 0x64,
    0x9F, 0x38, 0xB5, 0xE6, 0xB2, 0xC2, 0x8B, 0x8C, 0xDB, 0x0C, 0x84, 0xB4, 0xDC, 0xA3, 0xEC, 0x63,
    0x46, 0x83, 0x6D, 0xC5, 0x3B, 0x2B, 0xC2, 0x47, 0x8F, 0x23, 0x8A, 0xB7, 0x1E, 0x8D, 0x67, 0x78,
    0xA7, 0x73, 0x91, 0x9D, 0x46, 0xE6, 0xEA, 0xE8, 0xA1, 0xB3, 0xEC, 0x1D, 0xE5, 0x58, 0xF6, 0x0A,
    0x2E, 0xA8, 0x54, 0xED, 0x15, 0x46, 0xB6, 0xBA, 0x58, 0x34, 0x6E, 0x14, 0x88, 0x9B, 0x94, 0x4B,
    0x2C, 0x3A, 0x3C, 0x6F, 0xB0, 0x08, 0x2C, 0x16, 0x79, 0x01, 0xB9, 0x04, 0x33, 0x1F, 0x66, 0x80,
    0xCB, 0xF9, 0xC5, 0x62, 0x0E, 0x64, 0x06, 0xF9, 0xEA, 0xD1, 0x01, 0xBA, 0x51, 0xAE, 0x40, 0x27,
    0xA7, 0xE1, 0x48, 0xA5, 0xD3, 0x5F, 0x83, 0x9D, 0xD2, 0x73, 0x09, 0xD8, 0xBA, 0x57, 0x30, 0x9E,
    0x80, 0x0D, 0xAB, 0x7B, 0x6B, 0xAD, 0xC8, 0x8B, 0x6E, 0x50, 0x54, 0xC0, 0xB0, 0x08, 0x58, 0xE5,
    0xC0, 0xF6, 0x16, 0xAC, 0x55, 0x30, 0x30, 0x04, 0xB0, 0xC4, 0x82, 0xFD, 0x46, 0xE4, 0xC1, 0x80,
    0x92, 0x78, 0xA2, 0x12, 0xB6, 0x0B, 0xD8, 0xBC, 0xBF, 0x00, 0xD8, 0x7C, 0x7C, 0x06, 0x58, 0xFE,
    0x47, 0x30, 0x98, 0xD6, 0x29, 0x5B, 0x53, 0x78, 0xDF, 0x9A, 0x60, 0xDD, 0x6B, 0x70, 0x0F, 0x06,
    0x76, 0x31, 0x5B, 0x31, 0xC2, 0x4A, 0x3B, 0x71, 0x32, 0x9A, 0x19, 0xFC, 0xAC, 0x8E, 0xDE, 0x52,
    0xC0, 0xB7, 0x3E, 0xCB, 0xCE, 0x58, 0x67, 0xB1, 0xA6, 0xD7, 0x89, 0x11, 0xF5, 0x08, 0xBB, 0x4D,
    0xF4, 0x39, 0xB1, 0xBB, 0x14, 0x3B, 0xEF, 0xB6, 0x94, 0x19, 0xD5, 0x70, 0x29, 0xE3, 0x3D, 0xF7,
    0xB6, 0x67, 0x41, 0x20, 0x13, 0x34, 0x0A, 0x32, 0x2D, 0x82, 0x52, 0xC5, 0x93, 0x17, 0x4B, 0x33,
    0xAE, 0x7A, 0x15, 0x41, 0xB2, 0x33, 0xD5, 0xD6, 0x83, 0x57, 0x2D, 0x5E, 0xF9, 0x9D, 0xCD, 0xC5,
    0x4D, 0x88, 0x46, 0x4C, 0x07, 0x02, 0x72, 0xF0, 0xAA, 0xB9, 0x8C, 0xAC, 0xF4, 0x1A, 0xA6, 0x41,
    0x2B, 0xAF, 0x5A, 0xEB, 0x55, 0x73, 0x79, 0x89, 0x77, 0x61, 0xAA, 0xDA, 0x6F, 0x5A, 0xB9, 0xF8,
    0xC4, 0x04, 0xFD, 0x50, 0xCD, 0xE5, 0x28, 0x09, 0x51, 0xD2, 0x6B, 0x92, 0x38, 0xD5, 0xF2, 0xD1,
    0xAB, 0x66, 0xFE, 0x5F, 0xB5, 0x6F, 0x45, 0xCF, 0xD1, 0x09, 0xC2, 0x30, 0x10, 0x06, 0xE0, 0xA3,
    0x3E, 0xF8, 0x10, 0x30, 0x23, 0x74, 0x84, 0x8C, 0x70, 0x05, 0x07, 0x70, 0x14, 0x47, 0xA8, 0x38,
    0x81, 0x93, 0xE8, 0x04, 0x5A, 0x47, 0xA8, 0x4E, 0x50, 0x70, 0x00, 0x0B, 0xCD, 0x43, 0xD1, 0x26,
    0xBF, 0x77, 0x49, 0xC0, 0x7B, 0xB8, 0xFF, 0x08, 0x1F, 0xE1, 0x8E, 0xE8, 0x5F, 0x9B, 0x92, 0xAB,
    0xB9, 0x0C, 0x18, 0x72, 0x32, 0x0E, 0x29, 0x2D, 0x62, 0x06, 0xB8, 0x64, 0x12, 0xCF, 0x26, 0x11,
    0xDE, 0x2F, 0xB5, 0x12, 0xFB, 0xC2, 0x78, 0x53, 0x10, 0x18, 0x6B, 0x25, 0x78, 0xC0, 0xB3, 0x10,
    0x8E, 0x16, 0x5B, 0xF9, 0xC5, 0xE2, 0x83, 0xB1, 0x8D, 0xF2, 0x83, 0x94, 0xC5, 0x4C, 0x9A, 0x4F,
    0x60, 0x60, 0xC9, 0xA5, 0x05, 0x8E, 0xFA, 0xB0, 0x03, 0xBC, 0x91, 0x9C, 0x80, 0x40, 0x4E, 0x9A,
    0xCC, 0x0D, 0x75, 0xC0, 0x1B, 0xE8, 0xA9, 0x52, 0x02, 0x4F, 0xA4, 0x44, 0x00, 0x29, 0x51, 0x40,
    0x4A, 0x04, 0x50, 0x22, 0x5E, 0x17, 0x33, 0xB1, 0x0E, 0x69, 0x53, 0x77, 0xEF, 0x9A, 0x34, 0x5C,
    0x6D, 0x9F, 0xB2, 0xFA, 0xFA, 0x7C, 0x9C, 0x09, 0xE5, 0x5A, 0xD7, 0x94, 0xE1, 0xA4, 0xED, 0x07,
};

static const EpdGlyph chareink_16_bolditalicGlyphs[] = {
    { 0, 0, 9, 0, 0, 0, 0 }, // U+0020
    { 10, 23, 13, 2, 23, 58, 0 }, // !
    { 12, 10, 13, 3, 23, 30, 58 }, // "
    { 22, 26, 25, 1, 24, 143, 88 }, // #
    { 20, 28, 20, 0, 24, 140, 231 }, // $
    { 28, 24, 30, 1, 23, 168, 371 }, // %
    { 24, 24, 25, 0, 23, 144, 539 }, // &
    { 5, 10, 6, 3, 23, 13, 683 }, // '
    { 15, 29, 14, 2, 24, 109, 696 }, // (
    { 15, 29, 14, -2, 24, 109, 805 }, // )
    { 15, 14, 17, 3, 24, 53, 914 }, // *
    { 21, 20, 33, 6, 20, 105, 967 }, // +
    { 10, 11, 11, -3, 5, 28, 1072 }, // ,
    { 11, 4, 12, 0, 10, 11, 1100 }, // -
    { 7, 6, 11, 0, 6, 11, 1111 }, // .
    { 19, 26, 17, -1, 22, 124, 1122 }, // /
    { 20, 24, 20, 0, 23, 120, 1246 }, // 0
    { 14, 23, 20, 2, 23, 81, 1366 }, // 1
    { 21, 23, 20, -1, 23, 121, 1447 }, // 2
    { 20, 24, 20, 0, 23, 120, 1568 }, // 3
    { 20, 25, 20, 0, 23, 125, 1688 }, // 4
    { 20, 23, 20, 0, 22, 115, 1813 }, // 5
    { 19, 25, 20, 0, 24, 119, 1928 }, // 6
    { 22, 23, 20, 0, 22, 127, 2047 }, // 7
    { 20, 24, 20, 0, 23, 120, 2174 }, // 8
    { 20, 26, 20, 1, 23, 130, 2294 }, // 9
    { 9, 17, 11, 0, 17, 39, 2424 }, // :
    { 12, 22, 11, -3, 16, 66, 2463 }, // ;
    { 21, 18, 33, 6, 19, 95, 2529 }, // <
    { 21, 9, 33, 6, 15, 48, 2624 }, // =
    { 21, 18, 33, 6, 19, 95, 2672 }, // >
    { 15, 23, 18, 3, 23, 87, 2767 }, // ?
    { 29, 29, 31, 1, 23, 211, 2854 }, // @
    { 26, 23, 24, -3, 23, 150, 3065 }, // A
    { 22, 22, 22, -1, 22, 121, 3215 }, // B
    { 23, 24, 22, 1, 23, 138, 3336 }, // C
    { 25, 22, 24, -1, 22, 138, 3474 }, // D
    { 23, 22, 20, -1, 22, 127, 3612 }, // E
    { 22, 22, 19, -1, 22, 121, 3739 }, // F
    { 24, 24, 24, 1, 23, 144, 3860 }, // G
    { 29, 22, 26, -1, 22, 160, 4004 }, // H
    { 15, 22, 12, -1, 22, 83, 4164 }, // I
    { 20, 23, 17, -1, 22, 115, 4247 }, // J
    { 26, 23, 23, -1, 22, 150, 4362 }, // K
    { 19, 22, 19, -1, 22, 105, 4512 }, // L
    { 33, 22, 30, -1, 22, 182, 4617 }, // M
    { 28, 22, 25, -1, 22, 154, 4799 }, // N
    { 24, 24, 25, 1, 23, 144, 4953 }, // O
    { 22, 22, 20, -1, 22, 121, 5097 }, // P
    { 25, 28, 25, 1, 23, 175, 5218 }, // Q
    { 24, 23, 23, -1, 22, 138, 5393 }, // R
    { 20, 24, 19, -1, 23, 120, 5531 }, // S
    { 23, 22, 21, 1, 22, 127, 5651 }, // T
    { 25, 23, 25, 2, 22, 144, 5778 }, // U
    { 24, 24, 23, 2, 22, 144, 5922 }, // V
    { 33, 24, 32, 2, 22, 198, 6066 }, // W
    { 27, 22, 22, -2, 22, 149, 6264 }, // X
    { 24, 22, 23, 2, 22, 132, 6413 }, // Y
    { 23, 22, 20, -1, 22, 127, 6545 }, // Z
    { 16, 28, 15, 1, 24, 112, 6672 }, // [
    { 18, 26, 16, -1, 22, 117, 6784 }, // <backslash>
    { 16, 28, 15, -2, 24, 112, 6901 }, // ]
    { 13, 6, 11, 1, 24, 20, 7013 }, // ^
    { 13, 3, 11, -3, -3, 10, 7033 }, // _
    { 10, 7, 14, 2, 25, 18, 7043 }, // `
    { 20, 17, 19, 0, 17, 85, 7061 }, // a
    { 17, 24, 18, 0, 24, 102, 7146 }, // b
    { 16, 17, 16, 0, 17, 68, 7248 }, // c
    { 20, 24, 19, 0, 24, 120, 7316 }, // d
    { 16, 17, 16, 0, 17, 68, 7436 }, // e
    { 22, 31, 12, -5, 24, 171, 7504 }, // f
    { 21, 24, 16, -2, 17, 126, 7675 }, // g
    { 19, 24, 19, 0, 24, 114, 7801 }, // h
    { 11, 24, 10, 0, 24, 66, 7915 }, // i
    { 16, 31, 11, -5, 24, 124, 7981 }, // j
    { 19, 24, 18, 0, 24, 114, 8105 }, // k
    { 10, 24, 10, 1, 24, 60, 8219 }, // l
    { 28, 17, 28, 0, 17, 119, 8279 }, // m
    { 20, 17, 19, 0, 17, 85, 8398 }, // n
    { 18, 17, 18, 0, 17, 77, 8483 }, // o
    { 22, 24, 18, -4, 17, 132, 8560 }, // p
    { 19, 24, 19, 0, 17, 114, 8692 }, // q
    { 16, 17, 14, 0, 17, 68, 8806 }, // r
    { 15, 17, 14, -1, 17, 64, 8874 }, // s
    { 13, 20, 11, 1, 20, 65, 8938 }, // t
    { 20, 17, 19, 0, 17, 85, 9003 }, // u
    { 19, 17, 17, -1, 17, 81, 9088 }, // v
    { 27, 17, 25, -1, 17, 115, 9169 }, // w
    { 21, 17, 19, -1, 17, 90, 9284 }, // x
    { 23, 24, 18, -3, 17, 138, 9374 }, // y
    { 18, 19, 16, -1, 18, 86, 9512 }, // z
    { 17, 28, 17, 1, 24, 119, 9598 }, // {
    { 5, 35, 13, 4, 26, 44, 9717 }, // |
    { 17, 28, 17, -1, 24, 119, 9761 }, // }
    { 24, 7, 28, 2, 13, 42, 9880 }, // ~
    { 0, 0, 8, 0, 0, 0, 0 }, // U+00A0
    { 10, 24, 11, 0, 17, 60, 0 }, // U+00A1
    { 18, 24, 20, 1, 20, 108, 60 }, // U+00A2
    { 22, 23, 20, -1, 23, 127, 168 }, // U+00A3
    { 19, 19, 20, 1, 24, 91, 295 }, // U+00A4
    { 24, 22, 20, 0, 22, 132, 386 }, // U+00A5
    { 3, 30, 12, 4, 24, 23, 518 }, // U+00A6
    { 19, 29, 18, 0, 24, 138, 541 }, // U+00A7
    { 13, 5, 12, 2, 24, 17, 679 }, // U+00A8
    { 27, 26, 28, 1, 25, 176, 696 }, // U+00A9
    { 14, 14, 12, 1, 23, 49, 872 }, // U+00AA
    { 16, 16, 14, 0, 16, 64, 921 }, // U+00AB
    { 19, 9, 21, 1, 15, 43, 985 }, // U+00AC
    { 11, 4, 12, 0, 10, 11, 1028 }, // U+00AD
    { 27, 26, 28, 1, 25, 176, 1039 }, // U+00AE
    { 14, 3, 11, 1, 22, 11, 1215 }, // U+00AF
    { 9, 8, 11, 1, 24, 18, 1226 }, // U+00B0
    { 21, 20, 33, 6, 20, 105, 1244 }, // U+00B1
    { 14, 14, 13, 1, 26, 49, 1349 }, // U+00B2
    { 14, 14, 13, 1, 26, 49, 1398 }, // U+00B3
    { 10, 7, 11, 4, 25, 18, 1447 }, // U+00B4
    { 21, 24, 19, -2, 17, 126, 1465 }, // U+00B5
    { 17, 25, 18, 1, 22, 107, 1591 }, // U+00B6
    { 6, 4, 6, 0, 13, 6, 1698 }, // U+00B7
    { 9, 9, 8, -3, 1, 21, 1704 }, // U+00B8
    { 10, 14, 13, 3, 26, 35, 1725 }, // U+00B9
    { 14, 14, 12, 0, 23, 49, 1760 }, // U+00BA
    { 16, 16, 14, -2, 16, 64, 1809 }, // U+00BB
    { 27, 24, 30, 2, 23, 162, 1873 }, // U+00BC
    { 27, 24, 30, 2, 24, 162, 2035 }, // U+00BD
    { 28, 25, 30, 1, 24, 175, 2197 }, // U+00BE
    { 15, 24, 17, 0, 17, 90, 2372 }, // U+00BF
    { 26, 31, 24, -3, 31, 202, 2462 }, // U+00C0
    { 26, 31, 24, -3, 31, 202, 2664 }, // U+00C1
    { 26, 30, 24, -3, 30, 195, 2866 }, // U+00C2
    { 26, 30, 24, -3, 30, 195, 3061 }, // U+00C3
    { 26, 30, 24, -3, 30, 195, 3256 }, // U+00C4
    { 26, 33, 24, -3, 33, 215, 3451 }, // U+00C5
    { 38, 22, 33, -3, 22, 209, 3666 }, // U+00C6
    { 23, 30, 22, 1, 23, 173, 3875 }, // U+00C7
    { 23, 31, 20, -1, 31, 179, 4048 }, // U+00C8
    { 23, 31, 20, -1, 31, 179, 4227 }, // U+00C9
    { 23, 30, 20, -1, 30, 173, 4406 }, // U+00CA
    { 23, 30, 20, -1, 30, 173, 4579 }, // U+00CB
    { 15, 31, 12, -1, 31, 117, 4752 }, // U+00CC
    { 16, 31, 12, -1, 31, 124, 4869 }, // U+00CD
    { 16, 30, 12, -1, 30, 120, 4993 }, // U+00CE
    { 17, 30, 12, -1, 30, 128, 5113 }, // U+00CF
    { 25, 22, 24, -1, 22, 138, 5241 }, // U+00D0
    { 28, 30, 25, -1, 30, 210, 5379 }, // U+00D1
    { 24, 32, 25, 1, 31, 192, 5589 }, // U+00D2
    { 24, 32, 25, 1, 31, 192, 5781 }, // U+00D3
    { 24, 31, 25, 1, 30, 186, 5973 }, // U+00D4
    { 24, 31, 25, 1, 30, 186, 6159 }, // U+00D5
    { 24, 31, 25, 1, 30, 186, 6345 }, // U+00D6
    { 19, 19, 33, 7, 19, 91, 6531 }, // U+00D7
    { 24, 30, 25, 1, 26, 180, 6622 }, // U+00D8
    { 25, 32, 25, 2, 31, 200, 6802 }, // U+00D9
    { 25, 32, 25, 2, 31, 200, 7002 }, // U+00DA
    { 25, 31, 25, 2, 30, 194, 7202 }, // U+00DB
    { 25, 31, 25, 2, 30, 194, 7396 }, // U+00DC
    { 24, 31, 23, 2, 31, 186, 7590 }, // U+00DD
    { 21, 22, 20, -1, 22, 116, 7776 }, // U+00DE
    { 26, 31, 20, -6, 24, 202, 7892 }, // U+00DF
    { 20, 24, 19, 0, 24, 120, 8094 }, // U+00E0
    { 20, 24, 19, 0, 24, 120, 8214 }, // U+00E1
    { 20, 24, 19, 0, 24, 120, 8334 }, // U+00E2
    { 20, 24, 19, 0, 24, 120, 8454 }, // U+00E3
    { 20, 24, 19, 0, 24, 120, 8574 }, // U+00E4
    { 20, 27, 19, 0, 27, 135, 8694 }, // U+00E5
    { 26, 17, 26, 0, 17, 111, 8829 }, // U+00E6
    { 16, 24, 16, 0, 17, 96, 8940 }, // U+00E7
    { 16, 24, 16, 0, 24, 96, 9036 }, // U+00E8
    { 17, 24, 16, 0, 24, 102, 9132 }, // U+00E9
    { 17, 24, 16, 0, 24, 102, 9234 }, // U+00EA
    { 18, 24, 16, 0, 24, 108, 9336 }, // U+00EB
    { 12, 24, 10, 0, 24, 72, 9444 }, // U+00EC
    { 13, 24, 10, 0, 24, 78, 9516 }, // U+00ED
    { 13, 24, 10, 0, 24, 78, 9594 }, // U+00EE
    { 14, 24, 10, 0, 24, 84, 9672 }, // U+00EF
    { 18, 25, 18, 0, 25, 113, 9756 }, // U+00F0
    { 20, 24, 19, 0, 24, 120, 9869 }, // U+00F1
    { 18, 24, 18, 0, 24, 108, 9989 }, // U+00F2
    { 18, 24, 18, 0, 24, 108, 10097 }, // U+00F3
    { 18, 24, 18, 0, 24, 108, 10205 }, // U+00F4
    { 19, 24, 18, 0, 24, 114, 10313 }, // U+00F5
    { 19, 24, 18, 0, 24, 114, 10427 }, // U+00F6
    { 21, 14, 33, 6, 17, 74, 10541 }, // U+00F7
    { 18, 23, 18, 0, 20, 104, 10615 }, // U+00F8
    { 20, 24, 19, 0, 24, 120, 10719 }, // U+00F9
    { 20, 24, 19, 0, 24, 120, 10839 }, // U+00FA
    { 20, 24, 19, 0, 24, 120, 10959 }, // U+00FB
    { 20, 24, 19, 0, 24, 120, 11079 }, // U+00FC
    { 23, 31, 18, -3, 24, 179, 11199 }, // U+00FD
    { 22, 31, 18, -4, 24, 171, 11378 }, // U+00FE
    { 23, 31, 18, -3, 24, 179, 11549 }, // U+00FF
    { 26, 29, 24, -3, 29, 189, 0 }, // U+0100
    { 20, 22, 19, 0, 22, 110, 189 }, // U+0101
    { 26, 30, 24, -3, 30, 195, 299 }, // U+0102
    { 20, 24, 19, 0, 24, 120, 494 }, // U+0103
    { 26, 30, 24, -3, 23, 195, 614 }, // U+0104
    { 20, 24, 19, 0, 17, 120, 809 }, // U+0105
    { 23, 32, 22, 1, 31, 184, 929 }, // U+0106
    { 17, 24, 16, 0, 24, 102, 1113 }, // U+0107
    { 23, 31, 22, 1, 30, 179, 1215 }, // U+0108
    { 17, 24, 16, 0, 24, 102, 1394 }, // U+0109
    { 23, 32, 22, 1, 31, 184, 1496 }, // U+010A
    { 16, 24, 16, 0, 24, 96, 1680 }, // U+010B
    { 23, 31, 22, 1, 30, 179, 1776 }, // U+010C
    { 19, 24, 16, 0, 24, 114, 1955 }, // U+010D
    { 25, 30, 24, -1, 30, 188, 2069 }, // U+010E
    { 26, 24, 23, 0, 24, 156, 2257 }, // U+010F
    { 25, 22, 24, -1, 22, 138, 2413 }, // U+0110
    { 22, 24, 19, 0, 24, 132, 2551 }, // U+0111
    { 23, 29, 20, -1, 29, 167, 2683 }, // U+0112
    { 18, 22, 16, 0, 22, 99, 2850 }, // U+0113
    { 23, 30, 20, -1, 30, 173, 2949 }, // U+0114
    { 18, 24, 16, 0, 24, 108, 3122 }, // U+0115
    { 23, 30, 20, -1, 30, 173, 3230 }, // U+0116
    { 16, 24, 16, 0, 24, 96, 3403 }, // U+0117
    { 23, 29, 20, -1, 22, 167, 3499 }, // U+0118
    { 16, 24, 16, 0, 17, 96, 3666 }, // U+0119
    { 23, 30, 20, -1, 30, 173, 3762 }, // U+011A
    { 18, 24, 16, 0, 24, 108, 3935 }, // U+011B
    { 24, 31, 24, 1, 30, 186, 4043 }, // U+011C
    { 21, 31, 16, -2, 24, 163, 4229 }, // U+011D
    { 24, 31, 24, 1, 30, 186, 4392 }, // U+011E
    { 21, 31, 16, -2, 24, 163, 4578 }, // U+011F
    { 24, 32, 24, 1, 31, 192, 4741 }, // U+0120
    { 21, 31, 16, -2, 24, 163, 4933 }, // U+0121
    { 24, 32, 24, 1, 23, 192, 5096 }, // U+0122
    { 21, 33, 16, -2, 26, 174, 5288 }, // U+0123
    { 29, 30, 26, -1, 30, 218, 5462 }, // U+0124
    { 19, 31, 19, 0, 31, 148, 5680 }, // U+0125
    { 29, 22, 26, -1, 22, 160, 5828 }, // U+0126
    { 19, 24, 19, 0, 24, 114, 5988 }, // U+0127
    { 17, 30, 12, -1, 30, 128, 6102 }, // U+0128
    { 15, 24, 10, 0, 24, 90, 6230 }, // U+0129
    { 15, 29, 12, -1, 29, 109, 6320 }, // U+012A
    { 13, 22, 10, 0, 22, 72, 6429 }, // U+012B
    { 17, 30, 12, -1, 30, 128, 6501 }, // U+012C
    { 14, 24, 10, 0, 24, 84, 6629 }, // U+012D
    { 15, 29, 12, -1, 22, 109, 6713 }, // U+012E
    { 11, 31, 10, 0, 24, 86, 6822 }, // U+012F
    { 15, 30, 12, -1, 30, 113, 6908 }, // U+0130
    { 11, 17, 10, 0, 17, 47, 7021 }, // U+0131
    { 32, 23, 29, -1, 22, 184, 7068 }, // U+0132
    { 21, 31, 21, 0, 24, 163, 7252 }, // U+0133
    { 22, 31, 17, -1, 30, 171, 7415 }, // U+0134
    { 18, 31, 11, -5, 24, 140, 7586 }, // U+0135
    { 26, 31, 23, -1, 22, 202, 7726 }, // U+0136
    { 19, 33, 18, 0, 24, 157, 7928 }, // U+0137
    { 19, 17, 18, 0, 17, 81, 8085 }, // U+0138
    { 20, 31, 19, -1, 31, 155, 8166 }, // U+0139
    { 14, 33, 10, 1, 33, 116, 8321 }, // U+013A
    { 19, 32, 19, -1, 22, 152, 8437 }, // U+013B
    { 12, 33, 10, -1, 24, 99, 8589 }, // U+013C
    { 21, 24, 19, -1, 24, 126, 8688 }, // U+013D
    { 15, 24, 14, 1, 24, 90, 8814 }, // U+013E
    { 25, 22, 23, -1, 22, 138, 8904 }, // U+013F
    { 14, 24, 15, 1, 24, 84, 9042 }, // U+0140
    { 19, 22, 19, -1, 22, 105, 9126 }, // U+0141
    { 14, 24, 11, -1, 24, 84, 9231 }, // U+0142
    { 28, 31, 25, -1, 31, 217, 9315 }, // U+0143
    { 20, 24, 19, 0, 24, 120, 9532 }, // U+0144
    { 28, 32, 25, -1, 22, 224, 9652 }, // U+0145
    { 20, 26, 19, 0, 17, 130, 9876 }, // U+0146
    { 28, 30, 25, -1, 30, 210, 10006 }, // U+0147
    { 20, 24, 19, 0, 24, 120, 10216 }, // U+0148
    { 26, 30, 26, -1, 23, 195, 10336 }, // U+014A
    { 18, 24, 19, 0, 17, 108, 10531 }, // U+014B
    { 24, 30, 25, 1, 29, 180, 10639 }, // U+014C
    { 19, 22, 18, 0, 22, 105, 10819 }, // U+014D
    { 24, 31, 25, 1, 30, 186, 10924 }, // U+014E
    { 18, 24, 18, 0, 24, 108, 11110 }, // U+014F
    { 26, 32, 25, 1, 31, 208, 11218 }, // U+0150
    { 23, 24, 18, 0, 24, 138, 11426 }, // U+0151
    { 36, 24, 35, 1, 23, 216, 11564 }, // U+0152
    { 26, 17, 26, 0, 17, 111, 11780 }, // U+0153
    { 24, 32, 23, -1, 31, 192, 11891 }, // U+0154
    { 16, 24, 14, 0, 24, 96, 12083 }, // U+0155
    { 24, 31, 23, -1, 22, 186, 12179 }, // U+0156
    { 18, 27, 14, -2, 17, 122, 12365 }, // U+0157
    { 24, 31, 23, -1, 30, 186, 12487 }, // U+0158
    { 17, 24, 14, 0, 24, 102, 12673 }, // U+0159
    { 20, 32, 19, -1, 31, 160, 12775 }, // U+015A
    { 17, 24, 14, -1, 24, 102, 12935 }, // U+015B
    { 20, 31, 19, -1, 30, 155, 13037 }, // U+015C
    { 17, 24, 14, -1, 24, 102, 13192 }, // U+015D
    { 20, 30, 19, -1, 23, 150, 13294 }, // U+015E
    { 15, 24, 14, -1, 17, 90, 13444 }, // U+015F
    { 21, 31, 19, -1, 30, 163, 13534 }, // U+0160
    { 18, 24, 14, -1, 24, 108, 13697 }, // U+0161
    { 23, 29, 21, 1, 22, 167, 13805 }, // U+0162
    { 14, 27, 11, 0, 20, 95, 13972 }, // U+0163
    { 23, 30, 21, 1, 30, 173, 14067 }, // U+0164
    { 16, 24, 13, 1, 24, 96, 14240 }, // U+0165
    { 23, 22, 21, 1, 22, 127, 14336 }, // U+0166
    { 14, 20, 11, 0, 20, 70, 14463 }, // U+0167
    { 25, 31, 25, 2, 30, 194, 14533 }, // U+0168
    { 20, 24, 19, 0, 24, 120, 14727 }, // U+0169
    { 25, 30, 25, 2, 29, 188, 14847 }, // U+016A
    { 20, 22, 19, 0, 22, 110, 15035 }, // U+016B
    { 25, 31, 25, 2, 30, 194, 15145 }, // U+016C
    { 20, 24, 19, 0, 24, 120, 15339 }, // U+016D
    { 25, 34, 25, 2, 33, 213, 15459 }, // U+016E
    { 20, 27, 19, 0, 27, 135, 15672 }, // U+016F
    { 25, 32, 25, 2, 31, 200, 15807 }, // U+0170
    { 23, 24, 19, 0, 24, 138, 16007 }, // U+0171
    { 25, 29, 25, 2, 22, 182, 16145 }, // U+0172
    { 20, 24, 19, 0, 17, 120, 16327 }, // U+0173
    { 33, 32, 32, 2, 30, 264, 16447 }, // U+0174
    { 27, 24, 25, -1, 24, 162, 16711 }, // U+0175
    { 24, 30, 23, 2, 30, 180, 16873 }, // U+0176
    { 23, 31, 18, -3, 24, 179, 17053 }, // U+0177
    { 24, 30, 23, 2, 30, 180, 17232 }, // U+0178
    { 23, 31, 20, -1, 31, 179, 17412 }, // U+0179
    { 18, 25, 16, -1, 24, 113, 17591 }, // U+017A
    { 23, 30, 20, -1, 30, 173, 17704 }, // U+017B
    { 18, 25, 16, -1, 24, 113, 17877 }, // U+017C
    { 23, 30, 20, -1, 30, 173, 17990 }, // U+017D
    { 18, 25, 16, -1, 24, 113, 18163 }, // U+017E
    { 22, 31, 12, -5, 24, 171, 18276 }, // U+017F
    { 28, 29, 27, 1, 28, 203, 0 }, // U+01A0
    { 22, 20, 22, 0, 20, 110, 203 }, // U+01A1
    { 30, 30, 29, 2, 29, 225, 313 }, // U+01AF
    { 24, 22, 23, 0, 22, 132, 538 }, // U+01B0
    { 47, 30, 44, -1, 30, 353, 670 }, // U+01C4
    { 42, 25, 40, -1, 24, 263, 1023 }, // U+01C5
    { 37, 25, 35, 0, 24, 232, 1286 }, // U+01C6
    { 39, 23, 36, -1, 22, 225, 1518 }, // U+01C7
    { 31, 31, 29, -1, 24, 241, 1743 }, // U+01C8
    { 20, 31, 21, 1, 24, 155, 1984 }, // U+01C9
    { 45, 23, 42, -1, 22, 259, 2139 }, // U+01CA
    { 37, 31, 36, -1, 24, 287, 2398 }, // U+01CB
    { 30, 31, 30, 0, 24, 233, 2685 }, // U+01CC
    { 26, 30, 24, -3, 30, 195, 2918 }, // U+01CD
    { 20, 24, 19, 0, 24, 120, 3113 }, // U+01CE
    { 17, 30, 12, -1, 30, 128, 3233 }, // U+01CF
    { 15, 24, 10, 0, 24, 90, 3361 }, // U+01D0
    { 24, 31, 25, 1, 30, 186, 3451 }, // U+01D1
    { 19, 24, 18, 0, 24, 114, 3637 }, // U+01D2
    { 25, 31, 25, 2, 30, 194, 3751 }, // U+01D3
    { 20, 24, 19, 0, 24, 120, 3945 }, // U+01D4
    { 25, 37, 25, 2, 36, 232, 4065 }, // U+01D5
    { 20, 30, 19, 0, 30, 150, 4297 }, // U+01D6
    { 25, 39, 25, 2, 38, 244, 4447 }, // U+01D7
    { 20, 32, 19, 0, 32, 160, 4691 }, // U+01D8
    { 25, 39, 25, 2, 38, 244, 4851 }, // U+01D9
    { 21, 32, 19, 0, 32, 168, 5095 }, // U+01DA
    { 25, 39, 25, 2, 38, 244, 5263 }, // U+01DB
    { 20, 32, 19, 0, 32, 160, 5507 }, // U+01DC
    { 16, 17, 16, 0, 17, 68, 5667 }, // U+01DD
    { 26, 36, 24, -3, 36, 234, 5735 }, // U+01DE
    { 21, 29, 19, 0, 29, 153, 5969 }, // U+01DF
    { 26, 35, 24, -3, 35, 228, 6122 }, // U+01E0
    { 21, 29, 19, 0, 29, 153, 6350 }, // U+01E1
    { 38, 29, 33, -3, 29, 276, 6503 }, // U+01E2
    { 26, 22, 26, 0, 22, 143, 6779 }, // U+01E3
    { 24, 24, 24, 1, 23, 144, 6922 }, // U+01E4
    { 22, 24, 18, -2, 17, 132, 7066 }, // U+01E5
    { 24, 31, 24, 1, 30, 186, 7198 }, // U+01E6
    { 21, 31, 16, -2, 24, 163, 7384 }, // U+01E7
    { 26, 31, 23, -1, 30, 202, 7547 }, // U+01E8
    { 20, 31, 18, 0, 31, 155, 7749 }, // U+01E9
    { 24, 30, 25, 1, 23, 180, 7904 }, // U+01EA
    { 18, 24, 18, 0, 17, 108, 8084 }, // U+01EB
    { 24, 35, 25, 1, 28, 210, 8192 }, // U+01EC
    { 19, 29, 18, 0, 22, 138, 8402 }, // U+01ED
    { 24, 38, 21, -3, 31, 228, 8540 }, // U+01EE
    { 22, 31, 17, -3, 24, 171, 8768 }, // U+01EF
    { 19, 31, 11, -5, 24, 148, 8939 }, // U+01F0
    { 47, 22, 44, -1, 22, 259, 9087 }, // U+01F1
    { 42, 23, 40, -1, 22, 242, 9346 }, // U+01F2
    { 36, 25, 35, 0, 24, 225, 9588 }, // U+01F3
    { 24, 32, 24, 1, 31, 192, 9813 }, // U+01F4
    { 21, 31, 16, -2, 24, 163, 10005 }, // U+01F5
    { 36, 23, 36, -2, 22, 207, 10168 }, // U+01F6
    { 26, 30, 21, -4, 23, 195, 10375 }, // U+01F7
    { 28, 31, 25, -1, 31, 217, 10570 }, // U+01F8
    { 20, 24, 19, 0, 24, 120, 10787 }, // U+01F9
    { 26, 40, 24, -3, 40, 260, 10907 }, // U+01FA
    { 20, 34, 19, 0, 34, 170, 11167 }, // U+01FB
    { 38, 31, 33, -3, 31, 295, 11337 }, // U+01FC
    { 26, 24, 26, 0, 24, 156, 11632 }, // U+01FD
    { 24, 35, 25, 1, 31, 210, 11788 }, // U+01FE
    { 18, 27, 18, 0, 24, 122, 11998 }, // U+01FF
    { 26, 31, 24, -3, 31, 202, 12120 }, // U+0200
    { 20, 24, 19, 0, 24, 120, 12322 }, // U+0201
    { 26, 30, 24, -3, 30, 195, 12442 }, // U+0202
    { 20, 24, 19, 0, 24, 120, 12637 }, // U+0203
    { 23, 31, 20, -1, 31, 179, 12757 }, // U+0204
    { 18, 24, 16, 0, 24, 108, 12936 }, // U+0205
    { 23, 30, 20, -1, 30, 173, 13044 }, // U+0206
    { 17, 24, 16, 0, 24, 102, 13217 }, // U+0207
    { 17, 31, 12, -1, 31, 132, 13319 }, // U+0208
    { 18, 24, 10, -3, 24, 108, 13451 }, // U+0209
    { 16, 30, 12, -1, 30, 120, 13559 }, // U+020A
    { 13, 24, 10, 0, 24, 78, 13679 }, // U+020B
    { 24, 32, 25, 1, 31, 192, 13757 }, // U+020C
    { 19, 24, 18, 0, 24, 114, 13949 }, // U+020D
    { 24, 31, 25, 1, 30, 186, 14063 }, // U+020E
    { 18, 24, 18, 0, 24, 108, 14249 }, // U+020F
    { 24, 32, 23, -1, 31, 192, 14357 }, // U+0210
    { 18, 24, 14, -1, 24, 108, 14549 }, // U+0211
    { 24, 31, 23, -1, 30, 186, 14657 }, // U+0212
    { 16, 24, 14, 0, 24, 96, 14843 }, // U+0213
    { 25, 32, 25, 2, 31, 200, 14939 }, // U+0214
    { 20, 24, 19, 0, 24, 120, 15139 }, // U+0215
    { 25, 31, 25, 2, 30, 194, 15259 }, // U+0216
    { 20, 24, 19, 0, 24, 120, 15453 }, // U+0217
    { 20, 32, 19, -1, 23, 160, 15573 }, // U+0218
    { 15, 26, 14, -1, 17, 98, 15733 }, // U+0219
    { 23, 32, 21, 1, 22, 184, 15831 }, // U+021A
    { 14, 29, 11, 0, 20, 102, 16015 }, // U+021B
    { 21, 29, 19, -2, 23, 153, 16117 }, // U+021C
    { 17, 25, 14, -2, 17, 107, 16270 }, // U+021D
    { 29, 30, 26, -1, 30, 218, 16377 }, // U+021E
    { 21, 31, 19, 0, 31, 163, 16595 }, // U+021F
    { 10, 7, 0, -13, 25, 18, 0 }, // U+0300
    { 10, 7, 0, -11, 25, 18, 18 }, // U+0301
    { 13, 6, 0, -14, 24, 20, 36 }, // U+0302
    { 14, 4, 0, -14, 23, 14, 56 }, // U+0303
    { 13, 3, 0, -13, 22, 10, 70 }, // U+0304
    { 25, 3, 0, -18, 26, 19, 80 }, // U+0305
    { 12, 6, 0, -12, 24, 18, 99 }, // U+0306
    { 6, 5, 0, -10, 24, 8, 117 }, // U+0307
    { 13, 5, 0, -13, 24, 17, 125 }, // U+0308
    { 8, 7, 0, -10, 25, 14, 142 }, // U+0309
    { 10, 9, 0, -11, 27, 23, 156 }, // U+030A
    { 18, 6, 0, -14, 24, 27, 179 }, // U+030B
    { 13, 6, 0, -12, 24, 20, 206 }, // U+030C
    { 5, 6, 0, -9, 24, 8, 226 }, // U+030D
    { 9, 6, 0, -11, 24, 14, 234 }, // U+030E
    { 18, 6, 0, -17, 24, 27, 248 }, // U+030F
    { 12, 9, 0, -12, 27, 27, 275 }, // U+0310
    { 12, 6, 0, -13, 24, 18, 302 }, // U+0311
    { 7, 8, 0, -10, 26, 14, 320 }, // U+0312
    { 7, 8, 0, -10, 26, 14, 334 }, // U+0313
    { 7, 12, 0, -10, 29, 21, 348 }, // U+0314
    { 7, 8, 5, 2, 29, 14, 369 }, // U+0315
    { 10, 7, 0, -17, -1, 18, 383 }, // U+0316
    { 10, 7, 0, -17, -1, 18, 401 }, // U+0317
    { 7, 7, 0, -15, -1, 13, 419 }, // U+0318
    { 7, 7, 0, -16, -1, 13, 432 }, // U+0319
    { 8, 9, 9, 3, 24, 18, 445 }, // U+031A
    { 8, 10, 4, -3, 21, 20, 463 }, // U+031B
    { 6, 9, 0, -15, 0, 14, 483 }, // U+031C
    { 8, 5, 0, -16, -2, 10, 497 }, // U+031D
    { 9, 6, 0, -16, -2, 14, 507 }, // U+031E
    { 8, 7, 0, -16, -1, 14, 521 }, // U+031F
    { 9, 3, 0, -16, -2, 7, 535 }, // U+0320
    { 12, 9, 0, -11, 1, 27, 542 }, // U+0321
    { 11, 9, 0, -4, 1, 25, 569 }, // U+0322
    { 6, 5, 0, -15, -3, 8, 594 }, // U+0323
    { 13, 5, 0, -18, -2, 17, 602 }, // U+0324
    { 10, 9, 0, -17, -1, 23, 619 }, // U+0325
    { 8, 8, 0, -16, -1, 16, 642 }, // U+0326
    { 9, 9, 0, -16, 1, 21, 658 }, // U+0327
    { 8, 7, 0, -15, 0, 14, 679 }, // U+0328
    { 5, 6, 0, -14, -2, 8, 693 }, // U+0329
    { 11, 6, 0, -17, -1, 17, 701 }, // U+032A
    { 13, 6, 0, -18, -2, 20, 718 }, // U+032B
    { 13, 6, 0, -18, -2, 20, 738 }, // U+032C
    { 13, 6, 0, -19, -2, 20, 758 }, // U+032D
    { 12, 6, 0, -17, -1, 18, 778 }, // U+032E
    { 12, 6, 0, -18, -2, 18, 796 }, // U+032F
    { 14, 4, 0, -19, -3, 14, 814 }, // U+0330
    { 13, 3, 0, -18, -3, 10, 828 }, // U+0331
    { 25, 3, 0, -24, -3, 19, 838 }, // U+0332
    { 26, 7, 0, -25, -3, 46, 857 }, // U+0333
    { 14, 4, 0, -16, 10, 14, 903 }, // U+0334
    { 12, 3, 0, -15, 10, 9, 917 }, // U+0335
    { 21, 3, 0, -20, 10, 16, 926 }, // U+0336
    { 17, 23, 0, -18, 19, 98, 942 }, // U+0337
    { 19, 28, 0, -19, 22, 133, 1040 }, // U+0338
    { 6, 9, 0, -15, 0, 14, 1173 }, // U+0339
    { 11, 6, 0, -17, -1, 17, 1187 }, // U+033A
    { 12, 8, 0, -18, -1, 24, 1204 }, // U+033B
    { 12, 5, 0, -18, -2, 15, 1228 }, // U+033C
    { 13, 7, 0, -13, 25, 23, 1243 }, // U+033D
    { 8, 13, 0, -10, 30, 26, 1266 }, // U+033E
    { 26, 7, 0, -19, 26, 46, 1292 }, // U+033F
    { 11, 6, 0, -12, 24, 17, 1338 }, // U+0346
    { 16, 7, 0, -20, -3, 28, 1355 }, // U+0347
    { 10, 6, 0, -17, -2, 15, 1383 }, // U+0348
    { 9, 9, 0, -16, -1, 21, 1398 }, // U+0349
    { 15, 8, 0, -14, 25, 30, 1419 }, // U+034A
    { 14, 9, 0, -13, 27, 32, 1449 }, // U+034B
    { 17, 9, 0, -15, 26, 39, 1481 }, // U+034C
    { 12, 6, 0, -18, 0, 18, 1520 }, // U+034D
    { 8, 8, 0, -16, -1, 16, 1538 }, // U+034E
    { 0, 0, 0, 0, 0, 0, 1554 }, // U+034F
    { 15, 12, 0, -13, 30, 45, 1554 }, // U+0350
    { 6, 9, 0, -9, 28, 14, 1599 }, // U+0351
    { 12, 9, 0, -13, 26, 27, 1613 }, // U+0352
    { 8, 8, 0, -16, -2, 16, 1640 }, // U+0353
    { 16, 12, 0, -21, -1, 48, 1656 }, // U+0354
    { 16, 11, 0, -20, -1, 44, 1704 }, // U+0355
    { 28, 12, 0, -25, -1, 84, 1748 }, // U+0356
    { 7, 9, 0, -10, 28, 16, 1832 }, // U+0357
    { 6, 5, 5, 1, 24, 8, 1848 }, // U+0358
    { 11, 10, 0, -17, 0, 28, 1856 }, // U+0359
    { 16, 9, 0, -20, -1, 36, 1884 }, // U+035A
    { 7, 7, 0, -10, 25, 13, 1920 }, // U+035B
    { 27, 6, 0, -17, -8, 41, 1933 }, // U+035C
    { 27, 6, 0, -9, 32, 41, 1974 }, // U+035D
    { 25, 3, 0, -9, 30, 19, 2015 }, // U+035E
    { 24, 3, 0, -16, -10, 18, 2034 }, // U+035F
    { 32, 7, 0, -12, 32, 56, 2052 }, // U+0360
    { 27, 6, 0, -10, 31, 41, 2108 }, // U+0361
    { 32, 12, 0, -19, -7, 96, 2149 }, // U+0362
    { 12, 10, 0, -13, 28, 30, 2245 }, // U+0363
    { 11, 10, 0, -12, 28, 28, 2275 }, // U+0364
    { 7, 14, 0, -10, 32, 25, 2303 }, // U+0365
    { 11, 11, 0, -12, 28, 31, 2328 }, // U+0366
    { 13, 10, 0, -13, 28, 33, 2359 }, // U+0367
    { 10, 10, 0, -12, 28, 25, 2392 }, // U+0368
    { 12, 14, 0, -13, 32, 42, 2417 }, // U+0369
    { 13, 14, 0, -13, 32, 46, 2459 }, // U+036A
    { 18, 11, 0, -16, 28, 50, 2505 }, // U+036B
    { 10, 10, 0, -11, 28, 25, 2555 }, // U+036C
    { 8, 12, 0, -10, 30, 24, 2580 }, // U+036D
    { 12, 10, 0, -12, 28, 30, 2604 }, // U+036E
    { 14, 10, 0, -14, 28, 35, 2634 }, // U+036F
    { 23, 32, 20, -1, 31, 184, 0 }, // U+0400
    { 23, 31, 20, -1, 30, 179, 184 }, // U+0401
    { 23, 24, 25, 1, 23, 138, 363 }, // U+0402
    { 23, 32, 19, -1, 31, 184, 501 }, // U+0403
    { 23, 25, 22, 1, 24, 144, 685 }, // U+0404
    { 20, 25, 19, -1, 24, 125, 829 }, // U+0405
    { 15, 24, 12, -1, 23, 90, 954 }, // U+0406
    { 17, 31, 12, -1, 30, 132, 1044 }, // U+0407
    { 20, 24, 17, -1, 23, 120, 1176 }, // U+0408
    { 34, 24, 32, -3, 23, 204, 1296 }, // U+0409
    { 32, 24, 32, -1, 23, 192, 1500 }, // U+040A
    { 23, 24, 25, 1, 23, 138, 1692 }, // U+040B
    { 26, 32, 23, -1, 31, 208, 1830 }, // U+040C
    { 28, 32, 25, -1, 31, 224, 2038 }, // U+040D
    { 26, 32, 24, 1, 31, 208, 2262 }, // U+040E
    { 29, 31, 25, -1, 23, 225, 2470 }, // U+040F
    { 26, 24, 24, -3, 23, 156, 2695 }, // U+0410
    { 23, 24, 21, -2, 23, 138, 2851 }, // U+0411
    { 22, 24, 22, -1, 23, 132, 2989 }, // U+0412
    { 23, 24, 19, -1, 23, 138, 3121 }, // U+0413
    { 31, 31, 25, -4, 23, 241, 3259 }, // U+0414
    { 23, 24, 20, -1, 23, 138, 3500 }, // U+0415
    { 37, 25, 32, -2, 24, 232, 3638 }, // U+0416
    { 20, 25, 19, -1, 24, 125, 3870 }, // U+0417
    { 28, 24, 25, -1, 23, 168, 3995 }, // U+0418
    { 28, 32, 25, -1, 31, 224, 4163 }, // U+0419
    { 26, 25, 23, -1, 24, 163, 4387 }, // U+041A
    { 29, 24, 24, -2, 23, 174, 4550 }, // U+041B
    { 33, 24, 30, -1, 23, 198, 4724 }, // U+041C
    { 29, 24, 26, -1, 23, 174, 4922 }, // U+041D
    { 24, 25, 25, 1, 24, 150, 5096 }, // U+041E
    { 29, 24, 25, -1, 23, 174, 5246 }, // U+041F
    { 22, 24, 20, -1, 23, 132, 5420 }, // U+0420
    { 23, 25, 22, 1, 24, 144, 5552 }, // U+0421
    { 23, 24, 21, 1, 23, 138, 5696 }, // U+0422
    { 26, 24, 24, 1, 23, 156, 5834 }, // U+0423
    { 28, 24, 29, 1, 23, 168, 5990 }, // U+0424
    { 27, 24, 22, -2, 23, 162, 6158 }, // U+0425
    { 29, 31, 25, -1, 23, 225, 6320 }, // U+0426
    { 23, 24, 22, 2, 23, 138, 6545 }, // U+0427
    { 37, 24, 34, -1, 23, 222, 6683 }, // U+0428
    { 37, 31, 34, -1, 23, 287, 6905 }, // U+0429
    { 22, 24, 24, 1, 23, 132, 7192 }, // U+042A
    { 34, 24, 30, -1, 23, 204, 7324 }, // U+042B
    { 21, 24, 20, -1, 23, 126, 7528 }, // U+042C
    { 22, 25, 22, 0, 24, 138, 7654 }, // U+042D
    { 35, 25, 34, -1, 24, 219, 7792 }, // U+042E
    { 28, 24, 23, -2, 23, 168, 8011 }, // U+042F
    { 20, 18, 19, 0, 17, 90, 8179 }, // U+0430
    { 21, 25, 19, 0, 24, 132, 8269 }, // U+0431
    { 18, 18, 18, 0, 17, 81, 8401 }, // U+0432
    { 17, 18, 16, -1, 17, 77, 8482 }, // U+0433
    { 18, 27, 18, 0, 26, 122, 8559 }, // U+0434
    { 16, 18, 16, 0, 17, 72, 8681 }, // U+0435
    { 32, 18, 32, 0, 17, 144, 8753 }, // U+0436
    { 17, 18, 16, -1, 17, 77, 8897 }, // U+0437
    { 20, 18, 19, 0, 17, 90, 8974 }, // U+0438
    { 20, 25, 19, 0, 24, 125, 9064 }, // U+0439
    { 19, 18, 18, 0, 17, 86, 9189 }, // U+043A
    { 24, 17, 21, -3, 16, 102, 9275 }, // U+043B
    { 28, 18, 25, -3, 17, 126, 9377 }, // U+043C
    { 20, 18, 19, 0, 17, 90, 9503 }, // U+043D
    { 18, 18, 18, 0, 17, 81, 9593 }, // U+043E
    { 20, 18, 19, 0, 17, 90, 9674 }, // U+043F
    { 22, 25, 18, -4, 17, 138, 9764 }, // U+0440
    { 16, 18, 16, 0, 17, 72, 9902 }, // U+0441
    { 28, 18, 28, 0, 17, 126, 9974 }, // U+0442
    { 23, 25, 18, -3, 17, 144, 10100 }, // U+0443
    { 25, 33, 26, 0, 25, 207, 10244 }, // U+0444
    { 21, 18, 19, -1, 17, 95, 10451 }, // U+0445
    { 20, 25, 19, 0, 17, 125, 10546 }, // U+0446
    { 17, 18, 17, 0, 17, 77, 10671 }, // U+0447
    { 28, 18, 27, 0, 17, 126, 10748 }, // U+0448
    { 28, 25, 27, 0, 17, 175, 10874 }, // U+0449
    { 19, 18, 19, 0, 17, 86, 11049 }, // U+044A
    { 24, 18, 23, 0, 17, 108, 11135 }, // U+044B
    { 15, 18, 16, 0, 17, 68, 11243 }, // U+044C
    { 17, 18, 17, -1, 17, 77, 11311 }, // U+044D
    { 28, 18, 26, -2, 17, 126, 11388 }, // U+044E
    { 21, 18, 17, -3, 17, 95, 11514 }, // U+044F
    { 16, 26, 16, 0, 25, 104, 11609 }, // U+0450
    { 18, 25, 16, 0, 24, 113, 11713 }, // U+0451
    { 19, 32, 20, 0, 25, 152, 11826 }, // U+0452
    { 17, 26, 16, -1, 25, 111, 11978 }, // U+0453
    { 18, 18, 17, 0, 17, 81, 12089 }, // U+0454
    { 15, 18, 14, -1, 17, 68, 12170 }, // U+0455
    { 11, 26, 10, 0, 25, 72, 12238 }, // U+0456
    { 14, 25, 10, 0, 24, 88, 12310 }, // U+0457
    { 16, 33, 11, -5, 25, 132, 12398 }, // U+0458
    { 26, 18, 24, -3, 17, 117, 12530 }, // U+0459
    { 24, 18, 25, 0, 17, 108, 12647 }, // U+045A
    { 19, 26, 19, 0, 25, 124, 12755 }, // U+045B
    { 19, 26, 18, 0, 25, 124, 12879 }, // U+045C
    { 20, 26, 19, 0, 25, 130, 13003 }, // U+045D
    { 23, 32, 18, -3, 24, 184, 13133 }, // U+045E
    { 20, 25, 19, 0, 17, 125, 13317 }, // U+045F
    { 22, 24, 24, 1, 23, 132, 13442 }, // U+0462
    { 24, 18, 24, 0, 17, 108, 13574 }, // U+0463
    { 25, 25, 26, 1, 24, 157, 13682 }, // U+0472
    { 19, 18, 19, 0, 17, 86, 13839 }, // U+0473
    { 27, 25, 24, 2, 24, 169, 13925 }, // U+0474
    { 23, 18, 20, -1, 17, 104, 14094 }, // U+0475
    { 28, 38, 25, -1, 31, 266, 14198 }, // U+048A
    { 20, 30, 19, 0, 24, 150, 14464 }, // U+048B
    { 21, 26, 20, -1, 25, 137, 14614 }, // U+048C
    { 15, 20, 16, 0, 19, 75, 14751 }, // U+048D
    { 22, 24, 19, -1, 23, 132, 14826 }, // U+048E
    { 22, 25, 18, -4, 17, 138, 14958 }, // U+048F
    { 22, 28, 17, -1, 27, 154, 15096 }, // U+0490
    { 15, 20, 13, 0, 19, 75, 15250 }, // U+0491
    { 23, 24, 19, -1, 23, 138, 15325 }, // U+0492
    { 17, 18, 16, -1, 17, 77, 15463 }, // U+0493
    { 22, 31, 21, -1, 23, 171, 15540 }, // U+0494
    { 16, 25, 17, 1, 17, 100, 15711 }, // U+0495
    { 37, 32, 32, -2, 24, 296, 15811 }, // U+0496
    { 32, 25, 32, 0, 17, 200, 16107 }, // U+0497
    { 20, 32, 19, -1, 24, 160, 16307 }, // U+0498
    { 17, 25, 16, -1, 17, 107, 16467 }, // U+0499
    { 26, 32, 23, -1, 24, 208, 16574 }, // U+049A
    { 19, 25, 18, 0, 17, 119, 16782 }, // U+049B
    { 28, 25, 24, -1, 24, 175, 16901 }, // U+049C
    { 20, 18, 20, 0, 17, 90, 17076 }, // U+049D
    { 26, 25, 23, -1, 24, 163, 17166 }, // U+049E
    { 19, 26, 18, 0, 25, 124, 17329 }, // U+049F
    { 28, 25, 26, 1, 24, 175, 17453 }, // U+04A0
    { 22, 18, 21, 0, 17, 99, 17628 }, // U+04A1
    { 29, 31, 26, -1, 23, 225, 17727 }, // U+04A2
    { 20, 26, 19, 0, 17, 130, 17952 }, // U+04A3
    { 33, 24, 29, -1, 23, 198, 18082 }, // U+04A4
    { 24, 18, 23, 0, 17, 108, 18280 }, // U+04A5
    { 33, 31, 33, -1, 23, 256, 18388 }, // U+04A6
    { 27, 25, 27, 0, 17, 169, 18644 }, // U+04A7
    { 26, 25, 26, 1, 24, 163, 18813 }, // U+04A8
    { 22, 18, 22, 0, 17, 99, 18976 }, // U+04A9
    { 23, 32, 22, 1, 24, 184, 19075 }, // U+04AA
    { 16, 25, 16, 0, 17, 100, 19259 }, // U+04AB
    { 23, 31, 21, 1, 23, 179, 19359 }, // U+04AC
    { 28, 25, 28, 0, 17, 175, 19538 }, // U+04AD
    { 24, 24, 23, 2, 23, 144, 19713 }, // U+04AE
    { 21, 25, 18, -1, 17, 132, 19857 }, // U+04AF
    { 24, 24, 23, 2, 23, 144, 19989 }, // U+04B0
    { 21, 25, 18, -1, 17, 132, 20133 }, // U+04B1
    { 27, 31, 22, -2, 23, 210, 20265 }, // U+04B2
    { 21, 25, 19, -1, 17, 132, 20475 }, // U+04B3
    { 32, 31, 30, 1, 23, 248, 20607 }, // U+04B4
    { 20, 31, 19, 0, 23, 155, 20855 }, // U+04B5
    { 23, 31, 22, 2, 23, 179, 21010 }, // U+04B6
    { 17, 25, 17, 0, 17, 107, 21189 }, // U+04B7
    { 23, 24, 23, 2, 23, 138, 21296 }, // U+04B8
    { 19, 18, 18, 0, 17, 86, 21434 }, // U+04B9
    { 22, 24, 22, -1, 23, 132, 21520 }, // U+04BA
    { 19, 26, 19, 0, 25, 124, 21652 }, // U+04BB
    { 28, 25, 27, 0, 24, 175, 21776 }, // U+04BC
    { 21, 18, 21, 0, 17, 95, 21951 }, // U+04BD
    { 28, 32, 27, 0, 24, 224, 22046 }, // U+04BE
    { 21, 25, 21, 0, 17, 132, 22270 }, // U+04BF
    { 15, 24, 12, -1, 23, 90, 22402 }, // U+04C0
    { 37, 32, 32, -2, 31, 296, 22492 }, // U+04C1
    { 32, 25, 32, 0, 24, 200, 22788 }, // U+04C2
    { 26, 32, 23, -1, 24, 208, 22988 }, // U+04C3
    { 19, 25, 18, 0, 17, 119, 23196 }, // U+04C4
    { 29, 29, 24, -2, 23, 211, 23315 }, // U+04C5
    { 24, 22, 21, -3, 16, 132, 23526 }, // U+04C6
    { 29, 31, 26, -1, 23, 225, 23658 }, // U+04C7
    { 19, 25, 19, 0, 17, 119, 23883 }, // U+04C8
    { 29, 30, 24, -1, 23, 218, 24002 }, // U+04C9
    { 20, 23, 19, 0, 17, 115, 24220 }, // U+04CA
    { 23, 31, 22, 2, 23, 179, 24335 }, // U+04CB
    { 16, 23, 17, 0, 17, 92, 24514 }, // U+04CC
    { 33, 30, 30, -1, 23, 248, 24606 }, // U+04CD
    { 28, 23, 25, -3, 17, 161, 24854 }, // U+04CE
    { 15, 25, 11, -1, 24, 94, 25015 }, // U+04CF
    { 26, 32, 24, -3, 31, 208, 25109 }, // U+04D0
    { 20, 25, 19, 0, 24, 125, 25317 }, // U+04D1
    { 26, 31, 24, -3, 30, 202, 25442 }, // U+04D2
    { 20, 25, 19, 0, 24, 125, 25644 }, // U+04D3
    { 38, 24, 33, -3, 23, 228, 25769 }, // U+04D4
    { 26, 18, 26, 0, 17, 117, 25997 }, // U+04D5
    { 23, 32, 20, -1, 31, 184, 26114 }, // U+04D6
    { 17, 25, 16, 0, 24, 107, 26298 }, // U+04D7
    { 23, 25, 23, 0, 24, 144, 26405 }, // U+04D8
    { 16, 18, 16, 0, 17, 72, 26549 }, // U+04D9
    { 23, 32, 23, 0, 31, 184, 26621 }, // U+04DA
    { 16, 25, 16, 0, 24, 100, 26805 }, // U+04DB
    { 37, 31, 32, -2, 30, 287, 26905 }, // U+04DC
    { 32, 25, 32, 0, 24, 200, 27192 }, // U+04DD
    { 20, 32, 19, -1, 31, 160, 27392 }, // U+04DE
    { 18, 25, 16, -1, 24, 113, 27552 }, // U+04DF
    { 23, 24, 21, -1, 23, 138, 27665 }, // U+04E0
    { 22, 26, 17, -3, 18, 143, 27803 }, // U+04E1
    { 28, 29, 25, -1, 28, 203, 27946 }, // U+04E2
    { 20, 24, 19, 0, 23, 120, 28149 }, // U+04E3
    { 28, 31, 25, -1, 30, 217, 28269 }, // U+04E4
    { 20, 25, 19, 0, 24, 125, 28486 }, // U+04E5
    { 24, 32, 25, 1, 31, 192, 28611 }, // U+04E6
    { 19, 25, 18, 0, 24, 119, 28803 }, // U+04E7
    { 24, 25, 25, 1, 24, 150, 28922 }, // U+04E8
    { 18, 18, 18, 0, 17, 81, 29072 }, // U+04E9
    { 24, 32, 25, 1, 31, 192, 29153 }, // U+04EA
    { 19, 25, 18, 0, 24, 119, 29345 }, // U+04EB
    { 22, 32, 22, 0, 31, 176, 29464 }, // U+04EC
    { 18, 25, 17, -1, 24, 113, 29640 }, // U+04ED
    { 26, 30, 24, 1, 29, 195, 29753 }, // U+04EE
    { 23, 31, 18, -3, 23, 179, 29948 }, // U+04EF
    { 26, 32, 24, 1, 31, 208, 30127 }, // U+04F0
    { 23, 32, 18, -3, 24, 184, 30335 }, // U+04F1
    { 26, 32, 24, 1, 31, 208, 30519 }, // U+04F2
    { 25, 33, 18, -3, 25, 207, 30727 }, // U+04F3
    { 23, 31, 22, 2, 30, 179, 30934 }, // U+04F4
    { 17, 25, 17, 0, 24, 107, 31113 }, // U+04F5
    { 23, 31, 19, -1, 23, 179, 31220 }, // U+04F6
    { 17, 25, 16, -1, 17, 107, 31399 }, // U+04F7
    { 34, 31, 30, -1, 30, 264, 31506 }, // U+04F8
    { 24, 25, 23, 0, 24, 150, 31770 }, // U+04F9
    { 23, 31, 19, -1, 23, 179, 31920 }, // U+04FA
    { 17, 25, 16, -1, 17, 107, 32099 }, // U+04FB
    { 27, 31, 22, -2, 23, 210, 32206 }, // U+04FC
    { 21, 25, 19, -1, 17, 132, 32416 }, // U+04FD
    { 27, 24, 22, -2, 23, 162, 32548 }, // U+04FE
    { 21, 18, 19, -1, 17, 95, 32710 }, // U+04FF
    { 26, 30, 24, -3, 23, 195, 0 }, // U+1EA0
    { 20, 24, 19, 0, 17, 120, 195 }, // U+1EA1
    { 26, 32, 24, -3, 32, 208, 315 }, // U+1EA2
    { 20, 26, 19, 0, 26, 130, 523 }, // U+1EA3
    { 26, 37, 24, -3, 37, 241, 653 }, // U+1EA4
    { 20, 31, 19, 0, 31, 155, 894 }, // U+1EA5
    { 26, 37, 24, -3, 37, 241, 1049 }, // U+1EA6
    { 20, 31, 19, 0, 31, 155, 1290 }, // U+1EA7
    { 26, 38, 24, -3, 38, 247, 1445 }, // U+1EA8
    { 20, 32, 19, 0, 32, 160, 1692 }, // U+1EA9
    { 26, 36, 24, -3, 36, 234, 1852 }, // U+1EAA
    { 20, 30, 19, 0, 30, 150, 2086 }, // U+1EAB
    { 26, 38, 24, -3, 31, 247, 2236 }, // U+1EAC
    { 20, 31, 19, 0, 24, 155, 2483 }, // U+1EAD
    { 26, 37, 24, -3, 37, 241, 2638 }, // U+1EAE
    { 20, 31, 19, 0, 31, 155, 2879 }, // U+1EAF
    { 26, 37, 24, -3, 37, 241, 3034 }, // U+1EB0
    { 20, 31, 19, 0, 31, 155, 3275 }, // U+1EB1
    { 26, 38, 24, -3, 38, 247, 3430 }, // U+1EB2
    { 20, 32, 19, 0, 32, 160, 3677 }, // U+1EB3
    { 26, 36, 24, -3, 36, 234, 3837 }, // U+1EB4
    { 20, 30, 19, 0, 30, 150, 4071 }, // U+1EB5
    { 26, 38, 24, -3, 31, 247, 4221 }, // U+1EB6
    { 20, 31, 19, 0, 24, 155, 4468 }, // U+1EB7
    { 23, 29, 20, -1, 22, 167, 4623 }, // U+1EB8
    { 16, 24, 16, 0, 17, 96, 4790 }, // U+1EB9
    { 23, 32, 20, -1, 32, 184, 4886 }, // U+1EBA
    { 16, 26, 16, 0, 26, 104, 5070 }, // U+1EBB
    { 23, 30, 20, -1, 30, 173, 5174 }, // U+1EBC
    { 18, 24, 16, 0, 24, 108, 5347 }, // U+1EBD
    { 23, 37, 20, -1, 37, 213, 5455 }, // U+1EBE
    { 18, 31, 16, 0, 31, 140, 5668 }, // U+1EBF
    { 23, 37, 20, -1, 37, 213, 5808 }, // U+1EC0
    { 17, 31, 16, 0, 31, 132, 6021 }, // U+1EC1
    { 23, 38, 20, -1, 38, 219, 6153 }, // U+1EC2
    { 17, 32, 16, 0, 32, 136, 6372 }, // U+1EC3
    { 23, 36, 20, -1, 36, 207, 6508 }, // U+1EC4
    { 19, 30, 16, 0, 30, 143, 6715 }, // U+1EC5
    { 23, 38, 20, -1, 31, 219, 6858 }, // U+1EC6
    { 17, 31, 16, 0, 24, 132, 7077 }, // U+1EC7
    { 15, 32, 12, -1, 32, 120, 7209 }, // U+1EC8
    { 12, 26, 10, 0, 26, 78, 7329 }, // U+1EC9
    { 15, 29, 12, -1, 22, 109, 7407 }, // U+1ECA
    { 11, 31, 10, 0, 24, 86, 7516 }, // U+1ECB
    { 24, 30, 25, 1, 23, 180, 7602 }, // U+1ECC
    { 18, 24, 18, 0, 17, 108, 7782 }, // U+1ECD
    { 24, 33, 25, 1, 32, 198, 7890 }, // U+1ECE
    { 18, 26, 18, 0, 26, 117, 8088 }, // U+1ECF
    { 24, 38, 25, 1, 37, 228, 8205 }, // U+1ED0
    { 18, 31, 18, 0, 31, 140, 8433 }, // U+1ED1
    { 24, 38, 25, 1, 37, 228, 8573 }, // U+1ED2
    { 18, 31, 18, 0, 31, 140, 8801 }, // U+1ED3
    { 24, 39, 25, 1, 38, 234, 8941 }, // U+1ED4
    { 18, 32, 18, 0, 32, 144, 9175 }, // U+1ED5
    { 24, 37, 25, 1, 36, 222, 9319 }, // U+1ED6
    { 20, 30, 18, 0, 30, 150, 9541 }, // U+1ED7
    { 24, 38, 25, 1, 31, 228, 9691 }, // U+1ED8
    { 18, 31, 18, 0, 24, 140, 9919 }, // U+1ED9
    { 28, 32, 27, 1, 31, 224, 10059 }, // U+1EDA
    { 22, 24, 22, 0, 24, 132, 10283 }, // U+1EDB
    { 28, 32, 27, 1, 31, 224, 10415 }, // U+1EDC
    { 22, 24, 22, 0, 24, 132, 10639 }, // U+1EDD
    { 28, 33, 27, 1, 32, 231, 10771 }, // U+1EDE
    { 22, 26, 22, 0, 26, 143, 11002 }, // U+1EDF
    { 28, 31, 27, 1, 30, 217, 11145 }, // U+1EE0
    { 22, 24, 22, 0, 24, 132, 11362 }, // U+1EE1
    { 28, 35, 27, 1, 28, 245, 11494 }, // U+1EE2
    { 22, 27, 22, 0, 20, 149, 11739 }, // U+1EE3
    { 25, 29, 25, 2, 22, 182, 11888 }, // U+1EE4
    { 20, 24, 19, 0, 17, 120, 12070 }, // U+1EE5
    { 25, 33, 25, 2, 32, 207, 12190 }, // U+1EE6
    { 20, 26, 19, 0, 26, 130, 12397 }, // U+1EE7
    { 30, 32, 29, 2, 31, 240, 12527 }, // U+1EE8
    { 24, 24, 23, 0, 24, 144, 12767 }, // U+1EE9
    { 30, 32, 29, 2, 31, 240, 12911 }, // U+1EEA
    { 24, 24, 23, 0, 24, 144, 13151 }, // U+1EEB
    { 30, 33, 29, 2, 32, 248, 13295 }, // U+1EEC
    { 24, 26, 23, 0, 26, 156, 13543 }, // U+1EED
    { 30, 31, 29, 2, 30, 233, 13699 }, // U+1EEE
    { 24, 24, 23, 0, 24, 144, 13932 }, // U+1EEF
    { 30, 37, 29, 2, 30, 278, 14076 }, // U+1EF0
    { 24, 29, 23, 0, 22, 174, 14354 }, // U+1EF1
    { 24, 31, 23, 2, 31, 186, 14528 }, // U+1EF2
    { 23, 31, 18, -3, 24, 179, 14714 }, // U+1EF3
    { 24, 29, 23, 2, 22, 174, 14893 }, // U+1EF4
    { 23, 24, 18, -3, 17, 138, 15067 }, // U+1EF5
    { 24, 32, 23, 2, 32, 192, 15205 }, // U+1EF6
    { 23, 33, 18, -3, 26, 190, 15397 }, // U+1EF7
    { 24, 30, 23, 2, 30, 180, 15587 }, // U+1EF8
    { 23, 31, 18, -3, 24, 179, 15767 }, // U+1EF9
    { 0, 0, 17, 0, 0, 0, 0 }, // U+2000
    { 0, 0, 33, 0, 0, 0, 0 }, // U+2001
    { 0, 0, 17, 0, 0, 0, 0 }, // U+2002
    { 0, 0, 33, 0, 0, 0, 0 }, // U+2003
    { 0, 0, 11, 0, 0, 0, 0 }, // U+2004
    { 0, 0, 8, 0, 0, 0, 0 }, // U+2005
    { 0, 0, 5, 0, 0, 0, 0 }, // U+2006
    { 0, 0, 20, 0, 0, 0, 0 }, // U+2007
    { 0, 0, 11, 0, 0, 0, 0 }, // U+2008
    { 0, 0, 7, 0, 0, 0, 0 }, // U+2009
    { 0, 0, 1, 0, 0, 0, 0 }, // U+200A
    { 0, 0, 0, 0, 0, 0, 0 }, // U+200B
    { 0, 0, 0, 0, 0, 0, 0 }, // U+200C
    { 0, 0, 0, 0, 0, 0, 0 }, // U+200D
    { 0, 0, 0, 0, 0, 0, 0 }, // U+200E
    { 0, 0, 0, 0, 0, 0, 0 }, // U+200F
    { 11, 4, 12, 0, 10, 11, 0 }, // U+2010
    { 11, 4, 12, 0, 10, 11, 11 }, // U+2011
    { 20, 4, 20, 0, 10, 20, 22 }, // U+2012
    { 19, 4, 17, -1, 10, 19, 42 }, // U+2013
    { 35, 4, 33, -1, 10, 35, 61 }, // U+2014
    { 36, 4, 32, -2, 10, 36, 96 }, // U+2015
    { 11, 35, 17, 3, 26, 97, 132 }, // U+2016
    { 25, 7, 23, -4, -3, 44, 229 }, // U+2017
    { 9, 11, 9, 2, 25, 25, 273 }, // U+2018
    { 8, 11, 9, 3, 24, 22, 298 }, // U+2019
    { 9, 11, 9, -2, 4, 25, 320 }, // U+201A
    { 7, 12, 9, 3, 23, 21, 345 }, // U+201B
    { 17, 11, 17, 2, 25, 47, 366 }, // U+201C
    { 16, 11, 17, 3, 24, 44, 413 }, // U+201D
    { 17, 11, 17, -2, 4, 47, 457 }, // U+201E
    { 14, 11, 17, 3, 23, 39, 504 }, // U+201F
    { 19, 30, 17, 0, 25, 143, 543 }, // U+2020
    { 22, 32, 17, -2, 25, 176, 686 }, // U+2021
    { 10, 8, 10, 0, 15, 20, 862 }, // U+2022
    { 15, 14, 16, 1, 15, 53, 882 }, // U+2023
    { 7, 6, 11, 0, 6, 11, 935 }, // U+2024
    { 18, 6, 22, 0, 6, 27, 946 }, // U+2025
    { 29, 6, 33, 1, 6, 44, 973 }, // U+2026
    { 6, 4, 6, 0, 13, 6, 1017 }, // U+2027
    { 0, 0, 0, 0, 0, 0, 1023 }, // U+2028
    { 0, 0, 0, 0, 0, 0, 1023 }, // U+2029
    { 0, 0, 0, 0, 0, 0, 1023 }, // U+202A
    { 0, 0, 0, 0, 0, 0, 1023 }, // U+202B
    { 0, 0, 0, 0, 0, 0, 1023 }, // U+202C
    { 0, 0, 0, 0, 0, 0, 1023 }, // U+202D
    { 0, 0, 0, 0, 0, 0, 1023 }, // U+202E
    { 0, 0, 7, 0, 0, 0, 1023 }, // U+202F
    { 40, 24, 42, 1, 23, 240, 1023 }, // U+2030
    { 53, 24, 55, 1, 23, 318, 1263 }, // U+2031
    { 10, 10, 11, 2, 23, 25, 1581 }, // U+2032
    { 17, 10, 18, 2, 23, 43, 1606 }, // U+2033
    { 24, 10, 25, 2, 23, 60, 1649 }, // U+2034
    { 10, 10, 11, 2, 23, 25, 1709 }, // U+2035
    { 17, 10, 18, 2, 23, 43, 1734 }, // U+2036
    { 24, 10, 25, 2, 23, 60, 1777 }, // U+2037
    { 10, 5, 9, -1, 1, 13, 1837 }, // U+2038
    { 11, 16, 8, -1, 16, 44, 1850 }, // U+2039
    { 10, 16, 8, -2, 16, 40, 1894 }, // U+203A
    { 23, 20, 25, 2, 19, 115, 1934 }, // U+203B
    { 18, 23, 21, 2, 23, 104, 2049 }, // U+203C
    { 15, 23, 18, 3, 23, 87, 2153 }, // U+203D
    { 21, 3, 18, 2, 27, 16, 2240 }, // U+203E
    { 12, 6, 11, -3, -2, 18, 2256 }, // U+203F
    { 12, 6, 11, 1, 24, 18, 2274 }, // U+2040
    { 13, 23, 16, 2, 16, 75, 2292 }, // U+2041
    { 30, 26, 34, 1, 25, 195, 2367 }, // U+2042
    { 23, 23, 17, -2, 23, 133, 2562 }, // U+2044
    { 18, 23, 19, 1, 16, 104, 2695 }, // U+204A
    { 21, 7, 33, 6, 14, 37, 2799 }, // U+2053
    { 31, 10, 32, 2, 23, 78, 2836 }, // U+2057
    { 0, 0, 0, 0, 0, 0, 2914 }, // U+2060
    { 0, 0, 0, 0, 0, 0, 2914 }, // U+2061
    { 0, 0, 0, 0, 0, 0, 2914 }, // U+2062
    { 0, 0, 0, 0, 0, 0, 2914 }, // U+2063
    { 0, 0, 0, 0, 0, 0, 2914 }, // U+206A
    { 0, 0, 0, 0, 0, 0, 2914 }, // U+206B
    { 0, 0, 0, 0, 0, 0, 2914 }, // U+206C
    { 0, 0, 0, 0, 0, 0, 2914 }, // U+206D
    { 0, 0, 0, 0, 0, 0, 2914 }, // U+206E
    { 0, 0, 0, 0, 0, 0, 2914 }, // U+206F
    { 13, 14, 13, 2, 26, 46, 0 }, // U+2070
    { 7, 15, 7, 2, 27, 27, 46 }, // U+2071
    { 13, 15, 13, 2, 26, 49, 73 }, // U+2074
    { 14, 14, 13, 1, 26, 49, 122 }, // U+2075
    { 13, 15, 13, 2, 27, 49, 171 }, // U+2076
    { 15, 15, 13, 2, 26, 57, 220 }, // U+2077
    { 13, 14, 13, 2, 26, 46, 277 }, // U+2078
    { 14, 16, 13, 2, 26, 56, 323 }, // U+2079
    { 9, 9, 9, 2, 23, 21, 379 }, // U+207A
    { 8, 3, 7, 2, 21, 6, 400 }, // U+207B
    { 10, 6, 9, 2, 23, 15, 406 }, // U+207C
    { 10, 18, 9, 3, 27, 45, 421 }, // U+207D
    { 10, 18, 9, 0, 27, 45, 466 }, // U+207E
    { 13, 11, 13, 2, 23, 36, 511 }, // U+207F
    { 13, 13, 13, -2, 6, 43, 547 }, // U+2080
    { 10, 13, 13, -1, 6, 33, 590 }, // U+2081
    { 14, 13, 13, -3, 6, 46, 623 }, // U+2082
    { 14, 13, 13, -3, 6, 46, 669 }, // U+2083
    { 14, 14, 13, -3, 6, 49, 715 }, // U+2084
    { 14, 13, 13, -3, 6, 46, 764 }, // U+2085
    { 13, 15, 13, -2, 8, 49, 810 }, // U+2086
    { 15, 14, 13, -2, 6, 53, 859 }, // U+2087
    { 14, 13, 13, -3, 6, 46, 912 }, // U+2088
    { 13, 16, 13, -2, 6, 52, 958 }, // U+2089
    { 9, 9, 9, -2, 4, 21, 1010 }, // U+208A
    { 7, 3, 7, -2, 1, 6, 1031 }, // U+208B
    { 10, 6, 9, -3, 3, 15, 1037 }, // U+208C
    { 10, 18, 9, -1, 9, 45, 1052 }, // U+208D
    { 10, 18, 9, -4, 9, 45, 1097 }, // U+208E
    { 13, 11, 12, -2, 3, 36, 1142 }, // U+2090
    { 11, 11, 11, -2, 3, 31, 1178 }, // U+2091
    { 12, 11, 12, 0, 3, 33, 1209 }, // U+2092
    { 14, 11, 13, -3, 3, 39, 1242 }, // U+2093
    { 10, 11, 11, -2, 3, 28, 1281 }, // U+2094
    { 13, 15, 12, -2, 7, 49, 1309 }, // U+2095
    { 13, 15, 12, -3, 7, 49, 1358 }, // U+2096
    { 7, 15, 7, -2, 7, 27, 1407 }, // U+2097
    { 19, 11, 18, -2, 3, 53, 1434 }, // U+2098
    { 13, 11, 12, -2, 3, 36, 1487 }, // U+2099
    { 15, 15, 11, -5, 3, 57, 1523 }, // U+209A
    { 10, 11, 9, -3, 3, 28, 1580 }, // U+209B
    { 9, 13, 8, -2, 5, 30, 1608 }, // U+209C
    { 20, 23, 20, 0, 23, 115, 0 }, // U+20A0
    { 19, 28, 20, 1, 24, 133, 115 }, // U+20A1
    { 19, 24, 20, 1, 23, 114, 248 }, // U+20A2
    { 22, 22, 20, -1, 22, 121, 362 }, // U+20A3
    { 22, 23, 20, -1, 23, 127, 483 }, // U+20A4
    { 21, 22, 20, 0, 20, 116, 610 }, // U+20A5
    { 23, 22, 20, -2, 22, 127, 726 }, // U+20A6
    { 39, 22, 38, -1, 22, 215, 853 }, // U+20A7
    { 34, 23, 33, -1, 22, 196, 1068 }, // U+20A8
    { 23, 24, 20, -1, 22, 138, 1264 }, // U+20A9
    { 17, 15, 17, 0, 15, 64, 1402 }, // U+20AA
    { 22, 28, 19, 0, 24, 154, 1466 }, // U+20AB
    { 22, 24, 20, -1, 23, 132, 1620 }, // U+20AC
    { 23, 23, 20, -1, 22, 133, 1752 }, // U+20AD
    { 21, 22, 20, 1, 22, 116, 1885 }, // U+20AE
    { 25, 23, 25, 0, 18, 144, 2001 }, // U+20AF
    { 12, 23, 15, 1, 23, 69, 2145 }, // U+20B0
    { 23, 22, 20, -1, 22, 127, 2214 }, // U+20B1
    { 20, 28, 20, 1, 24, 140, 2341 }, // U+20B2
    { 22, 23, 20, -2, 23, 127, 2481 }, // U+20B3
    { 22, 24, 20, -1, 23, 132, 2608 }, // U+20B4
    { 19, 28, 20, 1, 24, 133, 2740 }, // U+20B5
    { 19, 23, 20, 2, 23, 110, 2873 }, // U+20B6
    { 20, 23, 20, 0, 23, 115, 2983 }, // U+20B7
    { 21, 22, 20, 0, 22, 116, 3098 }, // U+20B8
    { 19, 24, 20, 2, 23, 114, 3214 }, // U+20B9
    { 20, 22, 20, 0, 22, 110, 3328 }, // U+20BA
    { 25, 25, 25, 1, 24, 157, 3438 }, // U+20BB
    { 29, 25, 30, -1, 25, 182, 3595 }, // U+20BC
    { 22, 22, 20, -1, 22, 121, 3777 }, // U+20BD
    { 22, 24, 20, -1, 24, 132, 3898 }, // U+20BE
    { 22, 30, 20, -2, 26, 165, 4030 }, // U+20BF
    { 21, 23, 20, -1, 23, 121, 4195 }, // U+20C0
    { 31, 12, 33, 1, 16, 93, 0 }, // U+2190
    { 12, 30, 17, 2, 24, 90, 93 }, // U+2191
    { 31, 12, 33, 1, 16, 93, 183 }, // U+2192
    { 12, 30, 17, 2, 24, 90, 276 }, // U+2193
    { 31, 12, 33, 1, 16, 93, 366 }, // U+2194
    { 12, 30, 17, 2, 24, 90, 459 }, // U+2195
    { 23, 24, 33, 5, 22, 138, 549 }, // U+2196
    { 23, 24, 33, 5, 22, 138, 687 }, // U+2197
    { 23, 24, 33, 5, 22, 138, 825 }, // U+2198
    { 23, 24, 33, 5, 22, 138, 963 }, // U+2199
    { 30, 14, 32, 1, 17, 105, 1101 }, // U+219A
    { 30, 14, 32, 1, 17, 105, 1206 }, // U+219B
    { 17, 32, 17, 0, 24, 136, 1311 }, // U+21A8
    { 31, 14, 33, 1, 17, 109, 1447 }, // U+21AE
    { 26, 20, 27, 0, 22, 130, 1556 }, // U+21B6
    { 25, 20, 27, 1, 22, 125, 1686 }, // U+21B7
    { 25, 20, 27, 1, 19, 125, 1811 }, // U+21BA
    { 26, 20, 27, 0, 19, 130, 1936 }, // U+21BB
    { 32, 16, 33, 1, 18, 128, 2066 }, // U+21D0
    { 16, 32, 17, 0, 25, 128, 2194 }, // U+21D1
    { 32, 16, 33, 1, 18, 128, 2322 }, // U+21D2
    { 16, 32, 17, 0, 25, 128, 2450 }, // U+21D3
    { 32, 16, 33, 1, 18, 128, 2578 }, // U+21D4
    { 16, 31, 17, 0, 24, 124, 2706 }, // U+21D5
    { 17, 25, 17, 0, 24, 107, 0 }, // U+2202
    { 16, 22, 19, 1, 22, 88, 107 }, // U+2203
    { 16, 30, 19, 1, 26, 120, 195 }, // U+2204
    { 27, 28, 33, 3, 26, 189, 315 }, // U+2205
    { 23, 26, 21, -1, 25, 150, 504 }, // U+2206
    { 25, 23, 25, 0, 23, 144, 654 }, // U+220F
    { 22, 24, 19, -1, 23, 132, 798 }, // U+2211
    { 21, 4, 33, 6, 12, 21, 930 }, // U+2212
    { 20, 20, 32, 6, 20, 100, 951 }, // U+2213
    { 19, 27, 17, -1, 23, 129, 1051 }, // U+2215
    { 6, 5, 6, 0, 14, 8, 1180 }, // U+2219
    { 20, 25, 19, 0, 24, 125, 1188 }, // U+221A
    { 23, 10, 33, 5, 15, 58, 1313 }, // U+221E
    { 18, 20, 17, -1, 18, 90, 1371 }, // U+2221
    { 12, 36, 17, 3, 27, 108, 1461 }, // U+2225
    { 20, 36, 17, -1, 27, 180, 1569 }, // U+2226
    { 17, 16, 19, 1, 18, 68, 1749 }, // U+2227
    { 17, 16, 19, 2, 18, 68, 1817 }, // U+2228
    { 15, 33, 16, 0, 26, 124, 1885 }, // U+222B
    { 16, 15, 33, 9, 17, 60, 2009 }, // U+2234
    { 16, 15, 33, 9, 17, 60, 2069 }, // U+2235
    { 21, 6, 33, 6, 13, 32, 2129 }, // U+223C
    { 21, 12, 33, 6, 16, 63, 2161 }, // U+2248
    { 21, 19, 33, 6, 24, 100, 2224 }, // U+225F
    { 21, 18, 33, 6, 19, 95, 2324 }, // U+2260
    { 21, 12, 33, 6, 16, 63, 2419 }, // U+2261
    { 21, 19, 33, 6, 19, 100, 2482 }, // U+2262
    { 21, 20, 33, 6, 19, 105, 2582 }, // U+2264
    { 21, 20, 33, 6, 19, 105, 2687 }, // U+2265
    { 21, 24, 33, 6, 22, 126, 2792 }, // U+226E
    { 21, 24, 33, 6, 22, 126, 2918 }, // U+226F
    { 20, 20, 33, 7, 19, 100, 3044 }, // U+2282
    { 21, 20, 33, 6, 19, 105, 3144 }, // U+2283
    { 20, 26, 33, 7, 22, 130, 3249 }, // U+2284
    { 21, 26, 33, 6, 22, 137, 3379 }, // U+2285
    { 20, 25, 33, 7, 24, 125, 3516 }, // U+2286
    { 20, 25, 33, 7, 24, 125, 3641 }, // U+2287
    { 17, 19, 19, 2, 18, 81, 3766 }, // U+22BB
    { 17, 20, 19, 2, 22, 85, 3847 }, // U+22BC
    { 17, 20, 19, 3, 22, 85, 3932 }, // U+22BD
    { 34, 31, 24, -5, 24, 264, 0 }, // U+FB00
    { 28, 31, 22, -5, 24, 217, 264 }, // U+FB01
    { 28, 31, 22, -5, 24, 217, 481 }, // U+FB02
    { 40, 31, 35, -5, 24, 310, 698 }, // U+FB03
    { 40, 31, 34, -5, 24, 310, 1008 }, // U+FB04
    { 34, 33, 32, -1, 29, 281, 0 }, // U+FFFD
};

static const EpdUnicodeInterval chareink_16_bolditalicIntervals[] = {
    { 0x20, 0x7E, 0x0 },
    { 0xA0, 0xFF, 0x5F },
    { 0x100, 0x148, 0xBF },
    { 0x14A, 0x17F, 0x108 },
    { 0x1A0, 0x1A1, 0x13E },
    { 0x1AF, 0x1B0, 0x140 },
    { 0x1C4, 0x21F, 0x142 },
    { 0x300, 0x33F, 0x19E },
    { 0x346, 0x36F, 0x1DE },
    { 0x400, 0x45F, 0x208 },
    { 0x462, 0x463, 0x268 },
    { 0x472, 0x475, 0x26A },
    { 0x48A, 0x4FF, 0x26E },
    { 0x1EA0, 0x1EF9, 0x2E4 },
    { 0x2000, 0x2042, 0x33E },
    { 0x2044, 0x2044, 0x381 },
    { 0x204A, 0x204A, 0x382 },
    { 0x2053, 0x2053, 0x383 },
    { 0x2057, 0x2057, 0x384 },
    { 0x2060, 0x2063, 0x385 },
    { 0x206A, 0x206F, 0x389 },
    { 0x2070, 0x2071, 0x38F },
    { 0x2074, 0x208E, 0x391 },
    { 0x2090, 0x209C, 0x3AC },
    { 0x20A0, 0x20C0, 0x3B9 },
    { 0x2190, 0x219B, 0x3DA },
    { 0x21A8, 0x21A8, 0x3E6 },
    { 0x21AE, 0x21AE, 0x3E7 },
    { 0x21B6, 0x21B7, 0x3E8 },
    { 0x21BA, 0x21BB, 0x3EA },
    { 0x21D0, 0x21D5, 0x3EC },
    { 0x2202, 0x2206, 0x3F2 },
    { 0x220F, 0x220F, 0x3F7 },
    { 0x2211, 0x2213, 0x3F8 },
    { 0x2215, 0x2215, 0x3FB },
    { 0x2219, 0x221A, 0x3FC },
    { 0x221E, 0x221E, 0x3FE },
    { 0x2221, 0x2221, 0x3FF },
    { 0x2225, 0x2228, 0x400 },
    { 0x222B, 0x222B, 0x404 },
    { 0x2234, 0x2235, 0x405 },
    { 0x223C, 0x223C, 0x407 },
    { 0x2248, 0x2248, 0x408 },
    { 0x225F, 0x2262, 0x409 },
    { 0x2264, 0x2265, 0x40D },
    { 0x226E, 0x226F, 0x40F },
    { 0x2282, 0x2287, 0x411 },
    { 0x22BB, 0x22BD, 0x417 },
    { 0xFB00, 0xFB04, 0x41A },
    { 0xFFFD, 0xFFFD, 0x41F },
};

static const EpdFontGroup chareink_16_bolditalicGroups[] = {
    { 0, 4850, 9922, 95, 0 },
    { 4850, 4453, 11728, 96, 95 },
    { 9303, 6459, 18447, 127, 191 },
    { 15762, 6067, 16758, 96, 318 },
    { 21829, 1643, 2669, 106, 414 },
    { 23472, 11619, 32805, 220, 520 },
    { 35091, 3813, 15946, 90, 740 },
    { 38904, 1630, 2914, 81, 830 },
    { 40534, 1076, 1638, 42, 911 },
    { 41610, 2474, 4316, 33, 953 },
    { 44084, 1054, 2830, 24, 986 },
    { 45138, 1723, 4017, 40, 1010 },
    { 46861, 473, 1318, 5, 1050 },
    { 47334, 170, 281, 1, 1055 },
};

static const EpdKernClassEntry chareink_16_bolditalicKernLeftClasses[] = {
    { 0x0022, 1 }, // "
    { 0x0027, 1 }, // '
    { 0x0028, 2 }, // (
    { 0x002C, 3 }, // ,
    { 0x002E, 3 }, // .
    { 0x0041, 4 }, // A
    { 0x0044, 5 }, // D
    { 0x0046, 6 }, // F
    { 0x004B, 7 }, // K
    { 0x004C, 8 }, // L
    { 0x004F, 5 }, // O
    { 0x0050, 6 }, // P
    { 0x0051, 5 }, // Q
    { 0x0052, 9 }, // R
    { 0x0054, 10 }, // T
    { 0x0055, 11 }, // U
    { 0x0056, 12 }, // V
    { 0x0057, 13 }, // W
    { 0x0058, 7 }, // X
    { 0x0059, 12 }, // Y
    { 0x005B, 2 }, // [
    { 0x0061, 14 }, // a
    { 0x0062, 15 }, // b
    { 0x0063, 16 }, // c
    { 0x0065, 16 }, // e
    { 0x0066, 17 }, // f
    { 0x0067, 18 }, // g
    { 0x0068, 14 }, // h
    { 0x006B, 19 }, // k
    { 0x006D, 14 }, // m
    { 0x006E, 14 }, // n
    { 0x006F, 15 }, // o
    { 0x0070, 15 }, // p
    { 0x0071, 18 }, // q
    { 0x0072, 20 }, // r
    { 0x0073, 16 }, // s
    { 0x0074, 16 }, // t
    { 0x0075, 14 }, // u
    { 0x0076, 21 }, // v
    { 0x0077, 21 }, // w
    { 0x0078, 19 }, // x
    { 0x0079, 21 }, // y
    { 0x007A, 16 }, // z
    { 0x007B, 2 }, // {
    { 0x00C0, 4 }, // U+00C0
    { 0x00C1, 4 }, // U+00C1
    { 0x00C2, 4 }, // U+00C2
    { 0x00C3, 4 }, // U+00C3
    { 0x00C4, 4 }, // U+00C4
    { 0x00C5, 4 }, // U+00C5
    { 0x00D0, 5 }, // U+00D0
    { 0x00D2, 5 }, // U+00D2
    { 0x00D3, 5 }, // U+00D3
    { 0x00D4, 5 }, // U+00D4
    { 0x00D5, 5 }, // U+00D5
    { 0x00D6, 5 }, // U+00D6
    { 0x00D9, 11 }, // U+00D9
    { 0x00DA, 11 }, // U+00DA
    { 0x00DB, 11 }, // U+00DB
    { 0x00DC, 11 }, // U+00DC
    { 0x00DD, 12 }, // U+00DD
    { 0x00DE, 5 }, // U+00DE
    { 0x00E0, 14 }, // U+00E0
    { 0x00E1, 14 }, // U+00E1
    { 0x00E2, 14 }, // U+00E2
    { 0x00E3, 14 }, // U+00E3
    { 0x00E4, 14 }, // U+00E4
    { 0x00E5, 14 }, // U+00E5
    { 0x00E6, 16 }, // U+00E6
    { 0x00E7, 16 }, // U+00E7
    { 0x00EE, 22 }, // U+00EE
    { 0x00EF, 22 }, // U+00EF
    { 0x00F1, 14 }, // U+00F1
    { 0x00F2, 15 }, // U+00F2
    { 0x00F3, 15 }, // U+00F3
    { 0x00F4, 15 }, // U+00F4
    { 0x00F5, 15 }, // U+00F5
    { 0x00F6, 15 }, // U+00F6
    { 0x00F8, 16 }, // U+00F8
    { 0x00F9, 14 }, // U+00F9
    { 0x00FA, 14 }, // U+00FA
    { 0x00FB, 14 }, // U+00FB
    { 0x00FC, 14 }, // U+00FC
    { 0x00FD, 21 }, // U+00FD
    { 0x00FE, 15 }, // U+00FE
    { 0x00FF, 21 }, // U+00FF
    { 0x0100, 4 }, // U+0100
    { 0x0101, 14 }, // U+0101
    { 0x0102, 4 }, // U+0102
    { 0x0103, 14 }, // U+0103
    { 0x0104, 4 }, // U+0104
    { 0x0105, 14 }, // U+0105
    { 0x0107, 16 }, // U+0107
    { 0x0109, 16 }, // U+0109
    { 0x010B, 16 }, // U+010B
    { 0x010D, 16 }, // U+010D
    { 0x010E, 5 }, // U+010E
    { 0x010F, 23 }, // U+010F
    { 0x0110, 5 }, // U+0110
    { 0x0119, 16 }, // U+0119
    { 0x011D, 18 }, // U+011D
    { 0x011F, 18 }, // U+011F
    { 0x0121, 18 }, // U+0121
    { 0x0123, 18 }, // U+0123
    { 0x0125, 14 }, // U+0125
    { 0x0127, 14 }, // U+0127
    { 0x0129, 22 }, // U+0129
    { 0x012B, 22 }, // U+012B
    { 0x012D, 22 }, // U+012D
    { 0x0136, 7 }, // U+0136
    { 0x0137, 19 }, // U+0137
    { 0x0138, 16 }, // U+0138
    { 0x0139, 8 }, // U+0139
    { 0x013B, 8 }, // U+013B
    { 0x013D, 24 }, // U+013D
    { 0x013E, 25 }, // U+013E
    { 0x0141, 8 }, // U+0141
    { 0x0144, 14 }, // U+0144
    { 0x0146, 18 }, // U+0146
    { 0x0148, 14 }, // U+0148
    { 0x014B, 18 }, // U+014B
    { 0x014C, 5 }, // U+014C
    { 0x014D, 15 }, // U+014D
    { 0x014E, 5 }, // U+014E
    { 0x014F, 15 }, // U+014F
    { 0x0150, 5 }, // U+0150
    { 0x0151, 15 }, // U+0151
    { 0x0153, 16 }, // U+0153
    { 0x0154, 9 }, // U+0154
    { 0x0155, 20 }, // U+0155
    { 0x0156, 9 }, // U+0156
    { 0x0157, 20 }, // U+0157
    { 0x0158, 9 }, // U+0158
    { 0x0159, 20 }, // U+0159
    { 0x015B, 16 }, // U+015B
    { 0x015D, 16 }, // U+015D
    { 0x015F, 18 }, // U+015F
    { 0x0161, 16 }, // U+0161
    { 0x0162, 10 }, // U+0162
    { 0x0163, 18 }, // U+0163
    { 0x0164, 10 }, // U+0164
    { 0x0165, 26 }, // U+0165
    { 0x0166, 10 }, // U+0166
    { 0x0167, 16 }, // U+0167
    { 0x0168, 11 }, // U+0168
    { 0x0169, 14 }, // U+0169
    { 0x016A, 11 }, // U+016A
    { 0x016B, 14 }, // U+016B
    { 0x016C, 11 }, // U+016C
    { 0x016D, 14 }, // U+016D
    { 0x016E, 11 }, // U+016E
    { 0x016F, 14 }, // U+016F
    { 0x0170, 11 }, // U+0170
    { 0x0171, 14 }, // U+0171
    { 0x0172, 11 }, // U+0172
    { 0x0173, 18 }, // U+0173
    { 0x0174, 13 }, // U+0174
    { 0x0175, 21 }, // U+0175
    { 0x0176, 12 }, // U+0176
    { 0x0177, 21 }, // U+0177
    { 0x0178, 12 }, // U+0178
    { 0x017A, 16 }, // U+017A
    { 0x017C, 16 }, // U+017C
    { 0x017E, 16 }, // U+017E
    { 0x017F, 17 }, // U+017F
    { 0x01A0, 5 }, // U+01A0
    { 0x01A1, 27 }, // U+01A1
    { 0x01AF, 10 }, // U+01AF
    { 0x01B0, 27 }, // U+01B0
    { 0x01C5, 16 }, // U+01C5
    { 0x01C6, 16 }, // U+01C6
    { 0x01C9, 18 }, // U+01C9
    { 0x01CD, 4 }, // U+01CD
    { 0x01CE, 14 }, // U+01CE
    { 0x01D0, 22 }, // U+01D0
    { 0x01D1, 5 }, // U+01D1
    { 0x01D2, 15 }, // U+01D2
    { 0x01D3, 11 }, // U+01D3
    { 0x01D4, 14 }, // U+01D4
    { 0x01D5, 11 }, // U+01D5
    { 0x01D6, 14 }, // U+01D6
    { 0x01D7, 11 }, // U+01D7
    { 0x01D8, 14 }, // U+01D8
    { 0x01D9, 11 }, // U+01D9
    { 0x01DA, 14 }, // U+01DA
    { 0x01DB, 11 }, // U+01DB
    { 0x01DC, 14 }, // U+01DC
    { 0x01DD, 15 }, // U+01DD
    { 0x01DE, 4 }, // U+01DE
    { 0x01DF, 14 }, // U+01DF
    { 0x01E0, 4 }, // U+01E0
    { 0x01E1, 14 }, // U+01E1
    { 0x01E5, 18 }, // U+01E5
    { 0x01E7, 18 }, // U+01E7
    { 0x01E8, 7 }, // U+01E8
    { 0x01E9, 19 }, // U+01E9
    { 0x01EA, 5 }, // U+01EA
    { 0x01EB, 15 }, // U+01EB
    { 0x01EC, 5 }, // U+01EC
    { 0x01ED, 15 }, // U+01ED
    { 0x01EF, 18 }, // U+01EF
    { 0x01F2, 16 }, // U+01F2
    { 0x01F3, 16 }, // U+01F3
    { 0x01F5, 18 }, // U+01F5
    { 0x01F6, 5 }, // U+01F6
    { 0x01F7, 6 }, // U+01F7
    { 0x01F9, 14 }, // U+01F9
    { 0x01FA, 4 }, // U+01FA
    { 0x01FB, 14 }, // U+01FB
    { 0x0200, 4 }, // U+0200
    { 0x0201, 14 }, // U+0201
    { 0x0202, 4 }, // U+0202
    { 0x0203, 14 }, // U+0203
    { 0x020B, 22 }, // U+020B
    { 0x020C, 5 }, // U+020C
    { 0x020D, 15 }, // U+020D
    { 0x020E, 5 }, // U+020E
    { 0x020F, 15 }, // U+020F
    { 0x0210, 9 }, // U+0210
    { 0x0211, 20 }, // U+0211
    { 0x0212, 9 }, // U+0212
    { 0x0213, 20 }, // U+0213
    { 0x0214, 11 }, // U+0214
    { 0x0215, 14 }, // U+0215
    { 0x0216, 11 }, // U+0216
    { 0x0217, 14 }, // U+0217
    { 0x0219, 18 }, // U+0219
    { 0x021A, 10 }, // U+021A
    { 0x021B, 18 }, // U+021B
    { 0x021D, 18 }, // U+021D
    { 0x021F, 14 }, // U+021F
    { 0x0403, 10 }, // U+0403
    { 0x0409, 9 }, // U+0409
    { 0x040E, 12 }, // U+040E
    { 0x0410, 4 }, // U+0410
    { 0x0413, 10 }, // U+0413
    { 0x041E, 5 }, // U+041E
    { 0x0420, 6 }, // U+0420
    { 0x0422, 10 }, // U+0422
    { 0x0423, 12 }, // U+0423
    { 0x0424, 5 }, // U+0424
    { 0x0425, 7 }, // U+0425
    { 0x042A, 9 }, // U+042A
    { 0x042C, 9 }, // U+042C
    { 0x042D, 5 }, // U+042D
    { 0x042E, 5 }, // U+042E
    { 0x0430, 14 }, // U+0430
    { 0x0433, 16 }, // U+0433
    { 0x0434, 16 }, // U+0434
    { 0x0435, 16 }, // U+0435
    { 0x0436, 16 }, // U+0436
    { 0x0437, 14 }, // U+0437
    { 0x0438, 16 }, // U+0438
    { 0x0439, 16 }, // U+0439
    { 0x043A, 16 }, // U+043A
    { 0x043B, 16 }, // U+043B
    { 0x043C, 16 }, // U+043C
    { 0x043D, 16 }, // U+043D
    { 0x043E, 15 }, // U+043E
    { 0x043F, 16 }, // U+043F
    { 0x0440, 15 }, // U+0440
    { 0x0441, 16 }, // U+0441
    { 0x0442, 16 }, // U+0442
    { 0x0443, 21 }, // U+0443
    { 0x0444, 15 }, // U+0444
    { 0x0445, 19 }, // U+0445
    { 0x0446, 16 }, // U+0446
    { 0x0447, 16 }, // U+0447
    { 0x0448, 16 }, // U+0448
    { 0x0449, 16 }, // U+0449
    { 0x044A, 28 }, // U+044A
    { 0x044C, 28 }, // U+044C
    { 0x044D, 15 }, // U+044D
    { 0x044E, 15 }, // U+044E
    { 0x0452, 14 }, // U+0452
    { 0x0453, 16 }, // U+0453
    { 0x0454, 16 }, // U+0454
    { 0x0455, 16 }, // U+0455
    { 0x0457, 17 }, // U+0457
    { 0x0459, 28 }, // U+0459
    { 0x045A, 28 }, // U+045A
    { 0x045B, 14 }, // U+045B
    { 0x045C, 16 }, // U+045C
    { 0x045D, 16 }, // U+045D
    { 0x045E, 21 }, // U+045E
    { 0x045F, 16 }, // U+045F
    { 0x0472, 5 }, // U+0472
    { 0x0473, 15 }, // U+0473
    { 0x0475, 16 }, // U+0475
    { 0x048B, 16 }, // U+048B
    { 0x048C, 9 }, // U+048C
    { 0x048D, 28 }, // U+048D
    { 0x048E, 6 }, // U+048E
    { 0x0490, 10 }, // U+0490
    { 0x0491, 16 }, // U+0491
    { 0x0492, 10 }, // U+0492
    { 0x0493, 16 }, // U+0493
    { 0x0495, 16 }, // U+0495
    { 0x0497, 16 }, // U+0497
    { 0x0499, 14 }, // U+0499
    { 0x049B, 16 }, // U+049B
    { 0x049D, 16 }, // U+049D
    { 0x049F, 16 }, // U+049F
    { 0x04A1, 16 }, // U+04A1
    { 0x04A3, 16 }, // U+04A3
    { 0x04A5, 16 }, // U+04A5
    { 0x04A7, 28 }, // U+04A7
    { 0x04AB, 16 }, // U+04AB
    { 0x04AC, 10 }, // U+04AC
    { 0x04AD, 16 }, // U+04AD
    { 0x04AE, 12 }, // U+04AE
    { 0x04AF, 21 }, // U+04AF
    { 0x04B0, 12 }, // U+04B0
    { 0x04B1, 21 }, // U+04B1
    { 0x04B2, 7 }, // U+04B2
    { 0x04B3, 19 }, // U+04B3
    { 0x04B5, 16 }, // U+04B5
    { 0x04B7, 16 }, // U+04B7
    { 0x04B9, 16 }, // U+04B9
    { 0x04BB, 14 }, // U+04BB
    { 0x04BC, 5 }, // U+04BC
    { 0x04BD, 16 }, // U+04BD
    { 0x04BE, 5 }, // U+04BE
    { 0x04BF, 16 }, // U+04BF
    { 0x04C2, 16 }, // U+04C2
    { 0x04C4, 16 }, // U+04C4
    { 0x04C6, 16 }, // U+04C6
    { 0x04C8, 16 }, // U+04C8
    { 0x04CA, 16 }, // U+04CA
    { 0x04CC, 16 }, // U+04CC
    { 0x04CE, 16 }, // U+04CE
    { 0x04D0, 4 }, // U+04D0
    { 0x04D1, 14 }, // U+04D1
    { 0x04D2, 4 }, // U+04D2
    { 0x04D3, 14 }, // U+04D3
    { 0x04D5, 16 }, // U+04D5
    { 0x04D8, 5 }, // U+04D8
    { 0x04D9, 15 }, // U+04D9
    { 0x04DA, 5 }, // U+04DA
    { 0x04DB, 15 }, // U+04DB
    { 0x04DD, 16 }, // U+04DD
    { 0x04E1, 18 }, // U+04E1
    { 0x04E3, 16 }, // U+04E3
    { 0x04E5, 16 }, // U+04E5
    { 0x04E6, 5 }, // U+04E6
    { 0x04E7, 15 }, // U+04E7
    { 0x04E8, 5 }, // U+04E8
    { 0x04E9, 15 }, // U+04E9
    { 0x04EA, 5 }, // U+04EA
    { 0x04EB, 15 }, // U+04EB
    { 0x04EC, 5 }, // U+04EC
    { 0x04ED, 15 }, // U+04ED
    { 0x04EE, 12 }, // U+04EE
    { 0x04EF, 21 }, // U+04EF
    { 0x04F0, 12 }, // U+04F0
    { 0x04F1, 21 }, // U+04F1
    { 0x04F2, 12 }, // U+04F2
    { 0x04F3, 21 }, // U+04F3
    { 0x04F5, 16 }, // U+04F5
    { 0x04F6, 10 }, // U+04F6
    { 0x04F7, 16 }, // U+04F7
    { 0x04FA, 10 }, // U+04FA
    { 0x04FB, 16 }, // U+04FB
    { 0x04FC, 7 }, // U+04FC
    { 0x04FD, 19 }, // U+04FD
    { 0x04FE, 7 }, // U+04FE
    { 0x04FF, 19 }, // U+04FF
    { 0x1EA0, 4 }, // U+1EA0
    { 0x1EA1, 14 }, // U+1EA1
    { 0x1EA2, 4 }, // U+1EA2
    { 0x1EA3, 14 }, // U+1EA3
    { 0x1EA4, 4 }, // U+1EA4
    { 0x1EA5, 14 }, // U+1EA5
    { 0x1EA6, 4 }, // U+1EA6
    { 0x1EA7, 14 }, // U+1EA7
    { 0x1EA8, 4 }, // U+1EA8
    { 0x1EA9, 14 }, // U+1EA9
    { 0x1EAA, 4 }, // U+1EAA
    { 0x1EAB, 14 }, // U+1EAB
    { 0x1EAC, 4 }, // U+1EAC
    { 0x1EAD, 14 }, // U+1EAD
    { 0x1EAE, 4 }, // U+1EAE
    { 0x1EAF, 14 }, // U+1EAF
    { 0x1EB0, 4 }, // U+1EB0
    { 0x1EB1, 14 }, // U+1EB1
    { 0x1EB2, 4 }, // U+1EB2
    { 0x1EB3, 14 }, // U+1EB3
    { 0x1EB4, 4 }, // U+1EB4
    { 0x1EB5, 14 }, // U+1EB5
    { 0x1EB6, 4 }, // U+1EB6
    { 0x1EB7, 14 }, // U+1EB7
    { 0x1EB9, 16 }, // U+1EB9
    { 0x1ECC, 5 }, // U+1ECC
    { 0x1ECD, 15 }, // U+1ECD
    { 0x1ECE, 5 }, // U+1ECE
    { 0x1ECF, 15 }, // U+1ECF
    { 0x1ED0, 5 }, // U+1ED0
    { 0x1ED1, 15 }, // U+1ED1
    { 0x1ED2, 5 }, // U+1ED2
    { 0x1ED3, 15 }, // U+1ED3
    { 0x1ED4, 5 }, // U+1ED4
    { 0x1ED5, 15 }, // U+1ED5
    { 0x1ED6, 5 }, // U+1ED6
    { 0x1ED7, 15 }, // U+1ED7
    { 0x1ED8, 5 }, // U+1ED8
    { 0x1ED9, 15 }, // U+1ED9
    { 0x1EE4, 11 }, // U+1EE4
    { 0x1EE5, 18 }, // U+1EE5
    { 0x1EE6, 11 }, // U+1EE6
    { 0x1EE7, 14 }, // U+1EE7
    { 0x1EF2, 12 }, // U+1EF2
    { 0x1EF3, 21 }, // U+1EF3
    { 0x1EF4, 12 }, // U+1EF4
    { 0x1EF5, 18 }, // U+1EF5
    { 0x1EF6, 12 }, // U+1EF6
    { 0x1EF7, 21 }, // U+1EF7
    { 0x1EF8, 12 }, // U+1EF8
    { 0x1EF9, 21 }, // U+1EF9
    { 0x2018, 1 }, // U+2018
    { 0x2019, 1 }, // U+2019
    { 0x201A, 3 }, // U+201A
    { 0x201C, 1 }, // U+201C
    { 0x201D, 1 }, // U+201D
    { 0x201E, 3 }, // U+201E
    { 0x2026, 3 }, // U+2026
    { 0xFB00, 17 }, // U+FB00
};

static const EpdKernClassEntry chareink_16_bolditalicKernRightClasses[] = {
    { 0x0022, 1 }, // "
    { 0x0027, 1 }, // '
    { 0x0029, 2 }, // )
    { 0x002C, 3 }, // ,
    { 0x002E, 3 }, // .
    { 0x003A, 4 }, // :
    { 0x003B, 4 }, // ;
    { 0x0041, 5 }, // A
    { 0x0043, 6 }, // C
    { 0x0047, 6 }, // G
    { 0x004F, 6 }, // O
    { 0x0051, 6 }, // Q
    { 0x0054, 7 }, // T
    { 0x0055, 8 }, // U
    { 0x0056, 9 }, // V
    { 0x0057, 10 }, // W
    { 0x0058, 11 }, // X
    { 0x0059, 9 }, // Y
    { 0x005D, 2 }, // ]
    { 0x0061, 12 }, // a
    { 0x0062, 13 }, // b
    { 0x0063, 14 }, // c
    { 0x0064, 14 }, // d
    { 0x0065, 14 }, // e
    { 0x0066, 4 }, // f
    { 0x0067, 15 }, // g
    { 0x0068, 13 }, // h
    { 0x006A, 16 }, // j
    { 0x006B, 13 }, // k
    { 0x006C, 13 }, // l
    { 0x006D, 17 }, // m
    { 0x006E, 17 }, // n
    { 0x006F, 14 }, // o
    { 0x0070, 4 }, // p
    { 0x0071, 14 }, // q
    { 0x0072, 17 }, // r
    { 0x0073, 12 }, // s
    { 0x0074, 4 }, // t
    { 0x0075, 17 }, // u
    { 0x0076, 18 }, // v
    { 0x0077, 18 }, // w
    { 0x0078, 19 }, // x
    { 0x0079, 18 }, // y
    { 0x007A, 17 }, // z
    { 0x007D, 2 }, // }
    { 0x00C0, 5 }, // U+00C0
    { 0x00C1, 5 }, // U+00C1
    { 0x00C2, 5 }, // U+00C2
    { 0x00C3, 5 }, // U+00C3
    { 0x00C4, 5 }, // U+00C4
    { 0x00C5, 5 }, // U+00C5
    { 0x00C6, 5 }, // U+00C6
    { 0x00C7, 6 }, // U+00C7
    { 0x00D2, 6 }, // U+00D2
    { 0x00D3, 6 }, // U+00D3
    { 0x00D4, 6 }, // U+00D4
    { 0x00D5, 6 }, // U+00D5
    { 0x00D6, 6 }, // U+00D6
    { 0x00D9, 8 }, // U+00D9
    { 0x00DA, 8 }, // U+00DA
    { 0x00DB, 8 }, // U+00DB
    { 0x00DC, 8 }, // U+00DC
    { 0x00DD, 9 }, // U+00DD
    { 0x00E0, 20 }, // U+00E0
    { 0x00E1, 20 }, // U+00E1
    { 0x00E2, 20 }, // U+00E2
    { 0x00E3, 20 }, // U+00E3
    { 0x00E4, 20 }, // U+00E4
    { 0x00E5, 20 }, // U+00E5
    { 0x00E6, 12 }, // U+00E6
    { 0x00E7, 14 }, // U+00E7
    { 0x00E8, 21 }, // U+00E8
    { 0x00E9, 21 }, // U+00E9
    { 0x00EA, 21 }, // U+00EA
    { 0x00EB, 21 }, // U+00EB
    { 0x00EE, 22 }, // U+00EE
    { 0x00EF, 22 }, // U+00EF
    { 0x00F0, 14 }, // U+00F0
    { 0x00F1, 17 }, // U+00F1
    { 0x00F2, 21 }, // U+00F2
    { 0x00F3, 21 }, // U+00F3
    { 0x00F4, 21 }, // U+00F4
    { 0x00F5, 21 }, // U+00F5
    { 0x00F6, 21 }, // U+00F6
    { 0x00F8, 17 }, // U+00F8
    { 0x00F9, 17 }, // U+00F9
    { 0x00FA, 17 }, // U+00FA
    { 0x00FB, 17 }, // U+00FB
    { 0x00FC, 17 }, // U+00FC
    { 0x00FD, 18 }, // U+00FD
    { 0x00FE, 13 }, // U+00FE
    { 0x00FF, 18 }, // U+00FF
    { 0x0100, 5 }, // U+0100
    { 0x0101, 20 }, // U+0101
    { 0x0102, 5 }, // U+0102
    { 0x0103, 20 }, // U+0103
    { 0x0104, 5 }, // U+0104
    { 0x0105, 15 }, // U+0105
    { 0x0106, 6 }, // U+0106
    { 0x0107, 21 }, // U+0107
    { 0x0108, 6 }, // U+0108
    { 0x0109, 21 }, // U+0109
    { 0x010A, 6 }, // U+010A
    { 0x010B, 21 }, // U+010B
    { 0x010C, 6 }, // U+010C
    { 0x010D, 21 }, // U+010D
    { 0x010F, 14 }, // U+010F
    { 0x0111, 14 }, // U+0111
    { 0x0113, 21 }, // U+0113
    { 0x0115, 21 }, // U+0115
    { 0x0117, 21 }, // U+0117
    { 0x0119, 23 }, // U+0119
    { 0x011B, 21 }, // U+011B
    { 0x011C, 6 }, // U+011C
    { 0x011D, 20 }, // U+011D
    { 0x011E, 6 }, // U+011E
    { 0x011F, 20 }, // U+011F
    { 0x0120, 6 }, // U+0120
    { 0x0121, 20 }, // U+0121
    { 0x0122, 6 }, // U+0122
    { 0x0123, 20 }, // U+0123
    { 0x0125, 13 }, // U+0125
    { 0x0127, 13 }, // U+0127
    { 0x0129, 22 }, // U+0129
    { 0x012B, 22 }, // U+012B
    { 0x012D, 22 }, // U+012D
    { 0x0135, 16 }, // U+0135
    { 0x0137, 13 }, // U+0137
    { 0x0138, 17 }, // U+0138
    { 0x013A, 13 }, // U+013A
    { 0x013C, 13 }, // U+013C
    { 0x013E, 13 }, // U+013E
    { 0x0140, 13 }, // U+0140
    { 0x0142, 13 }, // U+0142
    { 0x0144, 17 }, // U+0144
    { 0x0146, 17 }, // U+0146
    { 0x0148, 17 }, // U+0148
    { 0x014B, 4 }, // U+014B
    { 0x014C, 6 }, // U+014C
    { 0x014D, 21 }, // U+014D
    { 0x014E, 6 }, // U+014E
    { 0x014F, 21 }, // U+014F
    { 0x0150, 6 }, // U+0150
    { 0x0151, 21 }, // U+0151
    { 0x0152, 6 }, // U+0152
    { 0x0153, 14 }, // U+0153
    { 0x0155, 17 }, // U+0155
    { 0x0157, 4 }, // U+0157
    { 0x0159, 17 }, // U+0159
    { 0x015B, 20 }, // U+015B
    { 0x015D, 20 }, // U+015D
    { 0x015F, 15 }, // U+015F
    { 0x0161, 20 }, // U+0161
    { 0x0162, 7 }, // U+0162
    { 0x0163, 4 }, // U+0163
    { 0x0164, 7 }, // U+0164
    { 0x0165, 4 }, // U+0165
    { 0x0166, 7 }, // U+0166
    { 0x0168, 8 }, // U+0168
    { 0x0169, 17 }, // U+0169
    { 0x016A, 8 }, // U+016A
    { 0x016B, 17 }, // U+016B
    { 0x016C, 8 }, // U+016C
    { 0x016D, 17 }, // U+016D
    { 0x016E, 8 }, // U+016E
    { 0x016F, 17 }, // U+016F
    { 0x0170, 8 }, // U+0170
    { 0x0171, 17 }, // U+0171
    { 0x0172, 8 }, // U+0172
    { 0x0173, 17 }, // U+0173
    { 0x0174, 10 }, // U+0174
    { 0x0175, 18 }, // U+0175
    { 0x0176, 9 }, // U+0176
    { 0x0177, 18 }, // U+0177
    { 0x0178, 9 }, // U+0178
    { 0x017A, 17 }, // U+017A
    { 0x017C, 17 }, // U+017C
    { 0x017E, 17 }, // U+017E
    { 0x017F, 13 }, // U+017F
    { 0x01A0, 6 }, // U+01A0
    { 0x01A1, 14 }, // U+01A1
    { 0x01AF, 8 }, // U+01AF
    { 0x01B0, 17 }, // U+01B0
    { 0x01C6, 14 }, // U+01C6
    { 0x01C9, 13 }, // U+01C9
    { 0x01CC, 17 }, // U+01CC
    { 0x01CD, 5 }, // U+01CD
    { 0x01CE, 20 }, // U+01CE
    { 0x01D0, 22 }, // U+01D0
    { 0x01D1, 6 }, // U+01D1
    { 0x01D2, 21 }, // U+01D2
    { 0x01D3, 8 }, // U+01D3
    { 0x01D4, 17 }, // U+01D4
    { 0x01D5, 8 }, // U+01D5
    { 0x01D6, 17 }, // U+01D6
    { 0x01D7, 8 }, // U+01D7
    { 0x01D8, 17 }, // U+01D8
    { 0x01D9, 8 }, // U+01D9
    { 0x01DA, 17 }, // U+01DA
    { 0x01DB, 8 }, // U+01DB
    { 0x01DC, 17 }, // U+01DC
    { 0x01DD, 14 }, // U+01DD
    { 0x01DE, 5 }, // U+01DE
    { 0x01DF, 20 }, // U+01DF
    { 0x01E0, 5 }, // U+01E0
    { 0x01E1, 20 }, // U+01E1
    { 0x01E2, 5 }, // U+01E2
    { 0x01E3, 20 }, // U+01E3
    { 0x01E4, 6 }, // U+01E4
    { 0x01E5, 15 }, // U+01E5
    { 0x01E6, 6 }, // U+01E6
    { 0x01E7, 20 }, // U+01E7
    { 0x01E9, 13 }, // U+01E9
    { 0x01EA, 6 }, // U+01EA
    { 0x01EB, 23 }, // U+01EB
    { 0x01EC, 6 }, // U+01EC
    { 0x01ED, 21 }, // U+01ED
    { 0x01EF, 4 }, // U+01EF
    { 0x01F0, 16 }, // U+01F0
    { 0x01F3, 14 }, // U+01F3
    { 0x01F4, 6 }, // U+01F4
    { 0x01F5, 20 }, // U+01F5
    { 0x01F9, 17 }, // U+01F9
    { 0x01FA, 5 }, // U+01FA
    { 0x01FB, 20 }, // U+01FB
    { 0x01FC, 5 }, // U+01FC
    { 0x01FD, 20 }, // U+01FD
    { 0x0200, 5 }, // U+0200
    { 0x0201, 20 }, // U+0201
    { 0x0202, 5 }, // U+0202
    { 0x0203, 20 }, // U+0203
    { 0x0205, 21 }, // U+0205
    { 0x0207, 21 }, // U+0207
    { 0x020B, 22 }, // U+020B
    { 0x020C, 6 }, // U+020C
    { 0x020D, 21 }, // U+020D
    { 0x020E, 6 }, // U+020E
    { 0x020F, 21 }, // U+020F
    { 0x0211, 17 }, // U+0211
    { 0x0213, 17 }, // U+0213
    { 0x0214, 8 }, // U+0214
    { 0x0215, 17 }, // U+0215
    { 0x0216, 8 }, // U+0216
    { 0x0217, 17 }, // U+0217
    { 0x0219, 15 }, // U+0219
    { 0x021A, 7 }, // U+021A
    { 0x021B, 4 }, // U+021B
    { 0x021D, 4 }, // U+021D
    { 0x021F, 13 }, // U+021F
    { 0x0402, 7 }, // U+0402
    { 0x0404, 6 }, // U+0404
    { 0x040B, 7 }, // U+040B
    { 0x0410, 5 }, // U+0410
    { 0x0414, 5 }, // U+0414
    { 0x041B, 5 }, // U+041B
    { 0x041E, 6 }, // U+041E
    { 0x0421, 6 }, // U+0421
    { 0x0422, 7 }, // U+0422
    { 0x0424, 6 }, // U+0424
    { 0x0425, 11 }, // U+0425
    { 0x0430, 12 }, // U+0430
    { 0x0431, 13 }, // U+0431
    { 0x0432, 17 }, // U+0432
    { 0x0433, 17 }, // U+0433
    { 0x0434, 24 }, // U+0434
    { 0x0435, 14 }, // U+0435
    { 0x0436, 17 }, // U+0436
    { 0x0437, 17 }, // U+0437
    { 0x0438, 17 }, // U+0438
    { 0x0439, 17 }, // U+0439
    { 0x043A, 17 }, // U+043A
    { 0x043B, 24 }, // U+043B
    { 0x043C, 17 }, // U+043C
    { 0x043D, 17 }, // U+043D
    { 0x043E, 14 }, // U+043E
    { 0x043F, 17 }, // U+043F
    { 0x0440, 4 }, // U+0440
    { 0x0441, 14 }, // U+0441
    { 0x0442, 17 }, // U+0442
    { 0x0443, 18 }, // U+0443
    { 0x0444, 14 }, // U+0444
    { 0x0445, 19 }, // U+0445
    { 0x0446, 17 }, // U+0446
    { 0x0447, 17 }, // U+0447
    { 0x0448, 17 }, // U+0448
    { 0x0449, 17 }, // U+0449
    { 0x044B, 17 }, // U+044B
    { 0x044C, 17 }, // U+044C
    { 0x044D, 17 }, // U+044D
    { 0x044E, 17 }, // U+044E
    { 0x044F, 17 }, // U+044F
    { 0x0450, 21 }, // U+0450
    { 0x0451, 21 }, // U+0451
    { 0x0452, 13 }, // U+0452
    { 0x0453, 17 }, // U+0453
    { 0x0454, 14 }, // U+0454
    { 0x0455, 12 }, // U+0455
    { 0x0457, 13 }, // U+0457
    { 0x0458, 16 }, // U+0458
    { 0x0459, 24 }, // U+0459
    { 0x045A, 17 }, // U+045A
    { 0x045B, 13 }, // U+045B
    { 0x045C, 17 }, // U+045C
    { 0x045D, 17 }, // U+045D
    { 0x045E, 18 }, // U+045E
    { 0x045F, 17 }, // U+045F
    { 0x0472, 6 }, // U+0472
    { 0x0473, 14 }, // U+0473
    { 0x0474, 9 }, // U+0474
    { 0x0475, 18 }, // U+0475
    { 0x048B, 17 }, // U+048B
    { 0x048D, 17 }, // U+048D
    { 0x048F, 17 }, // U+048F
    { 0x0491, 17 }, // U+0491
    { 0x0493, 17 }, // U+0493
    { 0x0495, 17 }, // U+0495
    { 0x0497, 17 }, // U+0497
    { 0x0499, 17 }, // U+0499
    { 0x049B, 17 }, // U+049B
    { 0x049D, 17 }, // U+049D
    { 0x049F, 13 }, // U+049F
    { 0x04A1, 17 }, // U+04A1
    { 0x04A3, 17 }, // U+04A3
    { 0x04A5, 17 }, // U+04A5
    { 0x04A7, 17 }, // U+04A7
    { 0x04A8, 6 }, // U+04A8
    { 0x04A9, 14 }, // U+04A9
    { 0x04AA, 6 }, // U+04AA
    { 0x04AB, 14 }, // U+04AB
    { 0x04AC, 7 }, // U+04AC
    { 0x04AD, 17 }, // U+04AD
    { 0x04AE, 9 }, // U+04AE
    { 0x04AF, 18 }, // U+04AF
    { 0x04B0, 9 }, // U+04B0
    { 0x04B1, 18 }, // U+04B1
    { 0x04B2, 11 }, // U+04B2
    { 0x04B3, 19 }, // U+04B3
    { 0x04B4, 7 }, // U+04B4
    { 0x04B5, 17 }, // U+04B5
    { 0x04B7, 17 }, // U+04B7
    { 0x04B9, 17 }, // U+04B9
    { 0x04BB, 13 }, // U+04BB
    { 0x04C2, 17 }, // U+04C2
    { 0x04C4, 17 }, // U+04C4
    { 0x04C6, 24 }, // U+04C6
    { 0x04C8, 17 }, // U+04C8
    { 0x04CA, 17 }, // U+04CA
    { 0x04CC, 17 }, // U+04CC
    { 0x04CE, 17 }, // U+04CE
    { 0x04D0, 5 }, // U+04D0
    { 0x04D1, 20 }, // U+04D1
    { 0x04D2, 5 }, // U+04D2
    { 0x04D3, 20 }, // U+04D3
    { 0x04D4, 5 }, // U+04D4
    { 0x04D5, 12 }, // U+04D5
    { 0x04D7, 21 }, // U+04D7
    { 0x04D8, 6 }, // U+04D8
    { 0x04D9, 14 }, // U+04D9
    { 0x04DA, 6 }, // U+04DA
    { 0x04DB, 21 }, // U+04DB
    { 0x04DD, 17 }, // U+04DD
    { 0x04E1, 4 }, // U+04E1
    { 0x04E3, 17 }, // U+04E3
    { 0x04E5, 17 }, // U+04E5
    { 0x04E6, 6 }, // U+04E6
    { 0x04E7, 21 }, // U+04E7
    { 0x04E8, 6 }, // U+04E8
    { 0x04E9, 14 }, // U+04E9
    { 0x04EA, 6 }, // U+04EA
    { 0x04EB, 21 }, // U+04EB
    { 0x04ED, 17 }, // U+04ED
    { 0x04EF, 18 }, // U+04EF
    { 0x04F1, 18 }, // U+04F1
    { 0x04F3, 18 }, // U+04F3
    { 0x04F5, 17 }, // U+04F5
    { 0x04F7, 17 }, // U+04F7
    { 0x04F9, 17 }, // U+04F9
    { 0x04FB, 17 }, // U+04FB
    { 0x04FC, 11 }, // U+04FC
    { 0x04FD, 19 }, // U+04FD
    { 0x04FE, 11 }, // U+04FE
    { 0x04FF, 19 }, // U+04FF
    { 0x1EA0, 5 }, // U+1EA0
    { 0x1EA1, 15 }, // U+1EA1
    { 0x1EA2, 5 }, // U+1EA2
    { 0x1EA3, 20 }, // U+1EA3
    { 0x1EA4, 5 }, // U+1EA4
    { 0x1EA5, 20 }, // U+1EA5
    { 0x1EA6, 5 }, // U+1EA6
    { 0x1EA7, 20 }, // U+1EA7
    { 0x1EA8, 5 }, // U+1EA8
    { 0x1EA9, 20 }, // U+1EA9
    { 0x1EAA, 5 }, // U+1EAA
    { 0x1EAB, 20 }, // U+1EAB
    { 0x1EAC, 5 }, // U+1EAC
    { 0x1EAD, 20 }, // U+1EAD
    { 0x1EAE, 5 }, // U+1EAE
    { 0x1EAF, 20 }, // U+1EAF
    { 0x1EB0, 5 }, // U+1EB0
    { 0x1EB1, 20 }, // U+1EB1
    { 0x1EB2, 5 }, // U+1EB2
    { 0x1EB3, 20 }, // U+1EB3
    { 0x1EB4, 5 }, // U+1EB4
    { 0x1EB5, 20 }, // U+1EB5
    { 0x1EB6, 5 }, // U+1EB6
    { 0x1EB7, 20 }, // U+1EB7
    { 0x1EB9, 23 }, // U+1EB9
    { 0x1EBB, 21 }, // U+1EBB
    { 0x1EBD, 21 }, // U+1EBD
    { 0x1EBF, 21 }, // U+1EBF
    { 0x1EC1, 21 }, // U+1EC1
    { 0x1EC3, 21 }, // U+1EC3
    { 0x1EC5, 21 }, // U+1EC5
    { 0x1EC7, 21 }, // U+1EC7
    { 0x1ECC, 6 }, // U+1ECC
    { 0x1ECD, 14 }, // U+1ECD
    { 0x1ECE, 6 }, // U+1ECE
    { 0x1ECF, 21 }, // U+1ECF
    { 0x1ED0, 6 }, // U+1ED0
    { 0x1ED1, 21 }, // U+1ED1
    { 0x1ED2, 6 }, // U+1ED2
    { 0x1ED3, 21 }, // U+1ED3
    { 0x1ED4, 6 }, // U+1ED4
    { 0x1ED5, 21 }, // U+1ED5
    { 0x1ED6, 6 }, // U+1ED6
    { 0x1ED7, 21 }, // U+1ED7
    { 0x1ED8, 6 }, // U+1ED8
    { 0x1ED9, 21 }, // U+1ED9
    { 0x1EE4, 8 }, // U+1EE4
    { 0x1EE5, 4 }, // U+1EE5
    { 0x1EE6, 8 }, // U+1EE6
    { 0x1EE7, 17 }, // U+1EE7
    { 0x1EF2, 9 }, // U+1EF2
    { 0x1EF3, 18 }, // U+1EF3
    { 0x1EF4, 9 }, // U+1EF4
    { 0x1EF5, 18 }, // U+1EF5
    { 0x1EF6, 9 }, // U+1EF6
    { 0x1EF7, 18 }, // U+1EF7
    { 0x1EF8, 9 }, // U+1EF8
    { 0x1EF9, 18 }, // U+1EF9
    { 0x2018, 1 }, // U+2018
    { 0x2019, 1 }, // U+2019
    { 0x201A, 3 }, // U+201A
    { 0x201C, 1 }, // U+201C
    { 0x201D, 1 }, // U+201D
    { 0x201E, 3 }, // U+201E
    { 0x2026, 3 }, // U+2026
    { 0xFB00, 4 }, // U+FB00
    { 0xFB03, 4 }, // U+FB03
    { 0xFB04, 4 }, // U+FB04
};

static const int8_t chareink_16_bolditalicKernMatrix[] = {
       0,    0,   -3,    0,   -4,    0,    0,    0,    0,    0,    0,   -2,    0,   -1,   -2,    0,    0,    0,   -1,   -2,   -1,    0,   -1,   -3,
       0,    0,    0,    0,    0,    0,    0,    0,    0,    0,    0,    0,    0,    0,    0,    1,    0,    0,    0,    0,    0,    0,    0,    0,
      -3,    0,    0,    0,    0,    0,   -3,    0,   -4,   -4,    0,    0,    0,    0,    0,    0,    0,   -2,    0,    0,    0,    0,    0,    0,
      -4,    0,    0,    0,    0,   -2,   -4,   -2,   -5,   -3,    0,    0,    0,    0,    0,    0,    0,   -2,    0,    0,    0,    0,    0,    0,
       0,    0,    0,    0,    0,    0,   -1,    0,   -1,   -1,   -1,    0,    0,    0,    0,    0,    0,    0,    0,    0,    0,    0,    0,    0,
       0,    0,   -3,    0,   -1,    0,    0,    0,    0,    0,    0,   -1,    0,   -1,   -1,    0,    0,    0,    0,   -1,   -1,    0,   -1,   -2,
       0,    0,    0,    0,    0,   -2,    0,    0,    0,    0,    0,    0,    0,    0,    0,    0,    0,    0,    0,    0,    0,    0,    0,    0,
      -5,    0,    0,    0,    0,    0,   -3,    0,   -3,   -3,    0,    0,    0,    0,    0,    0,    0,   -2,    0,    0,    0,    0,    0,    0,
       0,    0,    0,    0,    0,    0,   -2,    0,   -3,   -3,    0,    0,    0,    0,    0,    0,    0,    0,    0,    0,    0,    0,    0,    0,
       0,    0,   -3,    0,   -2,    0,    0,    0,    0,    0,    0,   -2,    0,   -2,   -1,    0,    0,    0,    0,   -1,   -1,    0,   -2,   -2,
       0,    0,    0,    0,   -1,    0,    0,    0,    0,    0,    0,    0,    0,   -1,    0,    0,    0,    0,    0,    0,    0,    0,    0,   -1,
       0,    0,   -3,    0,   -2,    0,    0,    0,    0,    0,    0,   -2,    0,   -2,   -1,    0,   -1,    0,    0,   -1,   -1,    0,   -2,   -3,
       0,    0,   -2,    0,   -2,    0,    0,    0,    0,    0,    0,   -2,    0,   -2,   -1,    0,   -1,    0,    0,   -1,   -1,    0,   -2,   -3,
      -3,    0,    0,    0,    0,    0,    0,    0,    0,    0,    0,    0,    0,    0,    0,    0,    0,   -1,    0,    0,    0,    0,    0,    0,
      -2,    0,    0,    0,    0,    0,    0,    0,    0,    0,    0,    0,    0,    0,    0,    0,    0,   -1,   -1,    0,    0,    0,    0,   -1,
      -1,    0,    0,    0,    0,    0,    0,    0,    0,    0,    0,    0,    0,    0,    0,    0,    0,    0,    0,    0,    0,    0,    0,    0,
       1,    2,    0,    0,    0,    0,    0,    0,    0,    0,    0,    0,    0,    0,    0,    0,    0,    0,    0,    0,    0,    0,    0,    0,
      -1,    0,    0,    0,    0,    0,    0,    0,    0,    0,    0,    0,    0,    0,    0,    2,    0,    0,    0,    0,    0,    0,    0,    0,
      -1,    0,    0,    0,    0,    0,    0,    0,    0,    0,    0,    0,    0,   -1,    0,    0,    0,    0,    0,    0,   -1,    0,   -1,    0,
       0,    0,   -2,    0,    0,    0,    0,    0,    0,    0,    0,    0,    0,   -1,    0,    0,    0,    0,    0,    0,   -1,    0,   -1,   -2,
      -2,    0,   -2,    0,    0,    0,    0,    0,    0,    0,    0,   -1,    0,   -1,   -1,    0,    0,    0,    0,   -1,   -1,    0,   -1,   -1,
       0,    0,    0,    0,    0,    0,    0,    0,    0,    0,    0,    0,    0,    0,    0,    0,    0,    0,    0,    0,    0,    2,    0,    0,
       0,    0,   -5,   -5,    0,    0,    0,    0,    0,    0,    0,   -5,    0,   -5,   -5,   -3,   -5,   -5,   -5,   -4,   -4,    0,   -5,    0,
      -2,    0,    0,    0,    0,    0,   -1,    0,   -1,    0,    0,    0,    0,    0,    0,    0,    0,   -2,    0,    0,    0,    0,    0,    0,
       0,    0,   -4,   -4,    0,    0,    0,    0,    0,    0,    0,   -4,    0,   -4,   -4,   -3,   -4,   -4,   -4,   -3,   -4,    0,   -4,    0,
       0,    0,   -2,   -2,    0,    0,    0,    0,    0,    0,    0,   -2,    0,   -2,   -2,   -2,   -2,   -2,   -2,   -2,   -2,    0,   -2,    0,
       0,    0,    0,    0,    0,    0,    0,    0,    0,    0,    0,   -2,   -2,   -2,   -2,    0,    0,    0,    0,   -2,   -2,    0,   -2,    0,
      -3,    0,    0,    0,    0,    0,    0,    0,    0,    0,    0,    0,    0,   -1,    0,    0,    0,   -1,    0,    0,   -1,    0,    0,    0,
};

static const EpdLigaturePair chareink_16_bolditalicLigaturePairs[] = {
    { 0x00660066, 0xFB00 }, // f f -> U+FB00
    { 0x00660069, 0xFB01 }, // f i -> U+FB01
    { 0x0066006C, 0xFB02 }, // f l -> U+FB02
    { 0xFB000069, 0xFB03 }, // U+FB00 i -> U+FB03
    { 0xFB00006C, 0xFB04 }, // U+FB00 l -> U+FB04
};

static const EpdFontData chareink_16_bolditalic = {
    chareink_16_bolditalicBitmaps,
    chareink_16_bolditalicGlyphs,
    chareink_16_bolditalicIntervals,
    50,
    35,
    27,
    -9,
    true,
    chareink_16_bolditalicGroups,
    14,
    chareink_16_bolditalicKernLeftClasses,
    chareink_16_bolditalicKernRightClasses,
    chareink_16_bolditalicKernMatrix,
    426,
    450,
    28,
    24,
    chareink_16_bolditalicLigaturePairs,
    5,
};
