/**
 * generated by fontconvert.py
 * name: chareink_18_bolditalic
 * size: 18
 * mode: 2-bit  compressed: true
 * Command used: fontconvert.py chareink_18_bolditalic 18 ../builtinFonts/source/ChareInk/ChareInk7SP-BoldItalic.ttf --2bit --compress --force-autohint
 */
#pragma once
#include "EpdFontData.h"

static const uint8_t chareink_18_bolditalicBitmaps[55418] = {
    0xAD, 0x5A, 0x3D, 0xAC, 0xE5, 0xC6, 0x79, 0x1D, 0x92, 0xDE, 0xC7, 0x20, 0x0C, 0x4C, 0x03, 0x89,
    0x82, 0xC0, 0x8B, 0x80, 0x4D, 0x9A, 0xC4, 0x40, 0xD8, 0xA4, 0x94, 0x3C, 0x74, 0x54, 0xB8, 0x70,
    0x61, 0x01, 0xB1, 0x60, 0x24, 0x2A, 0xD2, 0xA4, 0x08, 0x22, 0x20, 0xAF, 0x4D, 0x61, 0x2D, 0xAF,
    0xB0, 0x85, 0x8A, 0x14, 0xDA, 0x22, 0x5D, 0x8A, 0xA8, 0x70, 0x11, 0x47, 0xC5, 0x6B, 0x5C, 0xA4,
    0x90, 0x44, 0xAE, 0x05, 0x44, 0x85, 0x0A, 0xD3, 0x36, 0x10, 0x17, 0x2E, 0x44, 0xCB, 0x0A, 0x84,
    0x58, 0xC5, 0x52, 0x16, 0x2D, 0xF1, 0xAD, 0x48, 0x8E, 0xCF, 0x39, 0xDF, 0xF0, 0xBD, 0x67, 0xC9,
    0x92, 0xA1, 0x20, 0x77, 0xF7, 0x92, 0xF7, 0x91, 0xC3, 0x99, 0x6F, 0xBE, 0x9F, 0xF3, 0xFD, 0xD1,
    0xDD, 0x72, 0xF9, 0xE6, 0xC2, 0x58, 0xED, 0x69, 0xE8, 0xEB, 0x35, 0x0D, 0xA7, 0x7A, 0xCA, 0x82,
    0xF3, 0x63, 0xB6, 0x3A, 0xDF, 0x67, 0xB3, 0xF3, 0x2E, 0x9B, 0xDC, 0x63, 0x2E, 0xEF, 0xDD, 0x3F,
    0x39, 0x7D, 0xEA, 0x53, 0xBE, 0xBB, 0x30, 0x95, 0xC1, 0xB5, 0x63, 0xBA, 0xB8, 0xA2, 0xAF, 0xBE,
    0x36, 0x57, 0x3F, 0x5B, 0x8B, 0x25, 0xA4, 0xAB, 0x3F, 0x75, 0x65, 0x5F, 0xDF, 0x9D, 0x8A, 0x7E,
    0xCE, 0xA6, 0x47, 0xDD, 0xFC, 0x79, 0xF7, 0x68, 0xD6, 0x7C, 0x1E, 0x0F, 0x25, 0xF8, 0xE7, 0x5C,
    0x36, 0x16, 0xBD, 0x73, 0xF9, 0x50, 0xE2, 0x58, 0xF4, 0xE5, 0xC9, 0xB9, 0xF2, 0x54, 0xE3, 0x7A,
    0xD5, 0x78, 0x4E, 0x8C, 0x65, 0x9C, 0xFB, 0xB2, 0x7B, 0x09, 0xC7, 0x67, 0xDC, 0xE2, 0xCA, 0x80,
    0xCF, 0x66, 0x47, 0x97, 0xCC, 0xD9, 0x88, 0x09, 0xA6, 0x7C, 0xB8, 0x31, 0x0D, 0x27, 0xE8, 0xAB,
    0xC6, 0x75, 0x1C, 0x33, 0xD9, 0x11, 0x04, 0x7F, 0x0B, 0x13, 0x3C, 0xE6, 0x56, 0x1C, 0xBF, 0x85,
    0x69, 0x9C, 0x5B, 0x93, 0x09, 0xC7, 0x05, 0xFB, 0x70, 0xE9, 0x74, 0x73, 0x1A, 0xD2, 0x91, 0xF6,
    0xC5, 0xC9, 0x5D, 0x7F, 0x2A, 0x1E, 0xD2, 0x91, 0xC7, 0xF6, 0x61, 0xE3, 0x12, 0x4C, 0x89, 0xC3,
    0xD6, 0x8D, 0xAE, 0x7B, 0xEE, 0xB4, 0xB9, 0x6A, 0xFA, 0xCF, 0x72, 0xC8, 0xB6, 0xB2, 0x59, 0x5D,
    0x3B, 0x4C, 0x65, 0x5F, 0x6C, 0x95, 0xFB, 0x86, 0x0B, 0xEF, 0xE2, 0x81, 0x32, 0xEC, 0x78, 0xA8,
    0x0B, 0x97, 0x98, 0x99, 0x14, 0x93, 0x7E, 0xAC, 0x5E, 0x85, 0x30, 0xE8, 0x37, 0x6E, 0xBE, 0x0F,
    0xF2, 0x5C, 0x99, 0x07, 0xF7, 0xEF, 0xC9, 0xE4, 0xA7, 0xF2, 0x54, 0x65, 0x7B, 0xB2, 0xA4, 0xA3,
    0x1F, 0xEA, 0xD3, 0x63, 0xC5, 0x92, 0x2D, 0xD9, 0xF7, 0xC0, 0xF9, 0xCB, 0x3B, 0xA1, 0xC7, 0x04,
    0x78, 0xEA, 0xAC, 0x0B, 0xF7, 0xF0, 0x54, 0xD9, 0x90, 0x1A, 0x6E, 0xC1, 0x95, 0x3C, 0x68, 0x37,
    0x2E, 0xF9, 0x86, 0x11, 0xDC, 0xAD, 0xDC, 0x89, 0xAB, 0x3E, 0xC4, 0x19, 0x5C, 0xDC, 0xF3, 0x05,
    0x9B, 0x74, 0xE5, 0x54, 0x4E, 0x60, 0xA8, 0x6B, 0x1B, 0xDF, 0x27, 0xB3, 0x83, 0x30, 0x03, 0x78,
    0x8D, 0xCB, 0xF9, 0x4A, 0x96, 0xB4, 0xA7, 0x8A, 0x9B, 0x4F, 0x36, 0xD7, 0x35, 0x60, 0x77, 0x3E,
    0x67, 0x2B, 0x39, 0x52, 0x0D, 0xD5, 0xF8, 0x4C, 0x12, 0x4E, 0x6D, 0x13, 0xB2, 0xB1, 0x0D, 0x7D,
    0x28, 0x26, 0x9F, 0x4F, 0xFE, 0xD9, 0x10, 0xB2, 0xC9, 0x37, 0x9D, 0xEB, 0x86, 0x3A, 0x5D, 0x53,
    0x2C, 0x94, 0xCC, 0xE5, 0x58, 0xCC, 0x14, 0x5C, 0x87, 0x05, 0xC0, 0xDB, 0x94, 0x0B, 0x40, 0x18,
    0x5A, 0x00, 0x12, 0xF4, 0xA7, 0x7A, 0x84, 0x88, 0xDD, 0xCE, 0xCB, 0xCF, 0xB8, 0x6C, 0x01, 0x59,
    0xA0, 0x12, 0xF3, 0xF5, 0x90, 0xB0, 0xA8, 0xA5, 0x38, 0xAA, 0x60, 0xBC, 0xBF, 0xF5, 0x84, 0xB6,
    0xF4, 0xA4, 0xED, 0x28, 0xF4, 0xD4, 0x86, 0x87, 0xE4, 0x5B, 0x1A, 0x1C, 0xFF, 0xAA, 0xE6, 0x2C,
    0x80, 0x0B, 0x01, 0xFC, 0x26, 0x77, 0x9D, 0xC7, 0xDA, 0xE5, 0xAA, 0x5B, 0x7E, 0xE6, 0x35, 0xD7,
    0x4D, 0x1D, 0x86, 0xBB, 0xF0, 0x80, 0x62, 0x87, 0xD4, 0xC8, 0xB3, 0x2A, 0x0C, 0x3E, 0x2C, 0x69,
    0x08, 0x7D, 0x17, 0x46, 0xFF, 0x81, 0xA9, 0x76, 0x1E, 0x9A, 0xD0, 0xD4, 0x73, 0x11, 0xBE, 0xB6,
    0xE0, 0xF9, 0x32, 0xB4, 0x3D, 0xE4, 0x51, 0x86, 0xD5, 0xD5, 0x2B, 0x1F, 0x70, 0xED, 0xEC, 0xEA,
    0x1D, 0x33, 0x4C, 0xAE, 0x05, 0x8D, 0x61, 0x2A, 0x70, 0x2B, 0x37, 0x1D, 0xC4, 0x69, 0xE9, 0xC2,
    0x90, 0x74, 0x97, 0xAE, 0xD6, 0x02, 0xFC, 0x14, 0xDF, 0xDB, 0xFC, 0x8F, 0x56, 0x7F, 0x77, 0xF6,
    0xD9, 0xF8, 0x68, 0x76, 0xFA, 0x0B, 0x5E, 0x7B, 0x05, 0xD4, 0x81, 0xA8, 0x76, 0x24, 0xFD, 0xAE,
    0xA0, 0x16, 0x60, 0xB3, 0x1E, 0x04, 0x76, 0x27, 0x4C, 0xAD, 0x6D, 0xB9, 0x0C, 0x23, 0x0A, 0x50,
    0x5B, 0xE2, 0x76, 0x39, 0xDB, 0x90, 0x9A, 0xC3, 0xF8, 0x1D, 0xE3, 0x17, 0x8F, 0xB4, 0xC7, 0x97,
    0x9B, 0xED, 0xED, 0x1A, 0xBF, 0x35, 0x75, 0x6E, 0xB2, 0xE9, 0xC5, 0x1D, 0xE8, 0xA8, 0xBB, 0x8D,
    0x1B, 0x05, 0xCE, 0xC5, 0x4E, 0x2E, 0xF4, 0x36, 0x0B, 0x47, 0x71, 0x05, 0x8E, 0xA4, 0x78, 0x3E,
    0xFA, 0x2D, 0xE2, 0xB7, 0x3C, 0xA8, 0x21, 0xC1, 0xF3, 0x0D, 0x6A, 0x48, 0x38, 0xE6, 0x0A, 0x46,
    0x7C, 0xB6, 0xDB, 0x63, 0x9C, 0x92, 0xB7, 0x70, 0xF9, 0xF6, 0x66, 0xCB, 0xBF, 0x22, 0x31, 0xE2,
    0x0B, 0xB8, 0x70, 0x25, 0x69, 0xE9, 0xDD, 0xE7, 0xF2, 0xBE, 0x69, 0x1F, 0xBF, 0xBB, 0xF8, 0x37,
    0xAB, 0xB9, 0x5A, 0x5B, 0xCC, 0x07, 0x5A, 0xFF, 0x18, 0xA7, 0x97, 0x5E, 0x86, 0x5E, 0xF8, 0x26,
    0x9B, 0xF1, 0x1D, 0xAB, 0xC8, 0xCF, 0xB4, 0xB9, 0xB2, 0x42, 0xD9, 0x71, 0xD4, 0x76, 0xCE, 0xF7,
    0xDB, 0x2F, 0xD7, 0x94, 0x53, 0x10, 0x0E, 0xAC, 0xFF, 0xE7, 0x49, 0x68, 0x06, 0x69, 0x18, 0xCA,
    0xD0, 0x78, 0x00, 0xE3, 0xE4, 0xAA, 0x13, 0xF4, 0x19, 0xD6, 0xF1, 0xB2, 0xAB, 0x89, 0x87, 0xB7,
    0xB0, 0xE9, 0x70, 0x19, 0xC2, 0x4F, 0x42, 0xF0, 0x61, 0x2D, 0xC6, 0x7A, 0xF1, 0xAB, 0x5F, 0xEB,
    0x85, 0x5C, 0x77, 0x09, 0xE1, 0x86, 0xA8, 0x82, 0xD1, 0x4E, 0x1A, 0xEE, 0x6A, 0x6E, 0xE8, 0xEA,
    0xF2, 0x9D, 0xE3, 0xB2, 0xF6, 0x4B, 0x5D, 0x2D, 0xA8, 0xB6, 0x84, 0xBF, 0x74, 0xE6, 0xA0, 0x53,
    0xBC, 0x9C, 0x8F, 0xF1, 0x72, 0x32, 0x7F, 0xA6, 0x29, 0xFF, 0xCE, 0xD8, 0x28, 0x53, 0xCA, 0x89,
    0x48, 0x59, 0xB8, 0x58, 0xA9, 0x0A, 0x1D, 0x90, 0x11, 0xEA, 0xDF, 0x40, 0x31, 0x6B, 0xD8, 0xC4,
    0x09, 0x70, 0x0F, 0x2B, 0xAA, 0xD6, 0x82, 0xF8, 0xD6, 0x07, 0x20, 0xC8, 0x5A, 0xAD, 0x50, 0xCC,
    0x57, 0xA1, 0x35, 0xF5, 0xEA, 0x61, 0xAE, 0xE1, 0x35, 0x68, 0x95, 0x5F, 0x61, 0x10, 0x59, 0xF8,
    0x67, 0xC8, 0xBD, 0x9D, 0x31, 0x47, 0x11, 0xF0, 0x00, 0xFC, 0x05, 0x7E, 0xEA, 0xD9, 0x0C, 0x68,
    0x01, 0x53, 0xA1, 0xCF, 0xC0, 0xCC, 0x7E, 0x01, 0x7A, 0x60, 0x3A, 0x68, 0x7E, 0x1E, 0x2E, 0xA8,
    0xD4, 0x84, 0x40, 0x77, 0xCB, 0xB0, 0x2A, 0x79, 0xC1, 0x9D, 0x85, 0xE1, 0x2C, 0x04, 0xD8, 0xE7,
    0x9A, 0x3F, 0xC4, 0x9A, 0xD4, 0x5B, 0x5A, 0x0A, 0xB4, 0x8C, 0xDA, 0x4A, 0xAD, 0xC5, 0xCA, 0x0E,
    0x66, 0x88, 0xF9, 0xB0, 0x80, 0xB4, 0x0A, 0x4B, 0x7C, 0xFA, 0x20, 0x88, 0xFB, 0x47, 0xF8, 0x92,
    0x75, 0x4F, 0x02, 0x48, 0x92, 0x8E, 0x8B, 0xFA, 0x87, 0xDD, 0x26, 0xA8, 0x58, 0xF9, 0xBF, 0x9B,
    0x41, 0x73, 0x12, 0x46, 0x2C, 0x98, 0x87, 0x13, 0xB4, 0xB7, 0xDA, 0xA9, 0xA7, 0x1D, 0x99, 0x9B,
    0x09, 0x6F, 0x2A, 0xA2, 0x08, 0xE5, 0x4D, 0xB0, 0xD6, 0x4F, 0xDE, 0x2B, 0x64, 0xE7, 0xFA, 0xA9,
    0xAB, 0x89, 0x06, 0xD4, 0xBB, 0x1E, 0xA3, 0xE4, 0x00, 0x12, 0xF0, 0x02, 0x18, 0xF5, 0x0A, 0x9F,
    0xCD, 0xE6, 0x8A, 0xCA, 0x37, 0x48, 0x05, 0xD3, 0xA8, 0x87, 0x10, 0x06, 0x26, 0xB9, 0x4D, 0x02,
    0x8B, 0xFD, 0x22, 0x34, 0x20, 0x0A, 0x4F, 0x75, 0x13, 0x94, 0x0C, 0x7B, 0x01, 0x21, 0x2D, 0x28,
    0x1B, 0xA0, 0x3A, 0xDC, 0x6F, 0xA4, 0xA6, 0x95, 0x40, 0xF9, 0x77, 0x25, 0x4B, 0xDE, 0x05, 0x67,
    0x24, 0xB1, 0xE9, 0x0C, 0xE1, 0xC6, 0x6B, 0x42, 0x23, 0xCD, 0x5F, 0xA0, 0x5C, 0xEA, 0x01, 0x3B,
    0x81, 0x83, 0x06, 0xD3, 0x20, 0xA2, 0x8E, 0x72, 0x21, 0xB0, 0xED, 0x17, 0xE4, 0x9A, 0x26, 0x78,
    0x24, 0x3A, 0x0E, 0x27, 0x86, 0x79, 0xDB, 0x5A, 0xC3, 0x85, 0x39, 0x8F, 0xFC, 0x94, 0x0F, 0xF2,
    0x67, 0xC4, 0xDA, 0x9D, 0xBB, 0x0C, 0xCF, 0xD3, 0xB9, 0x8C, 0xA0, 0xAC, 0x5C, 0x2B, 0x6A, 0x46,
    0x8A, 0x07, 0xA4, 0x3F, 0x5E, 0x82, 0x07, 0x8B, 0x27, 0xDB, 0xAD, 0xE7, 0xF1, 0x55, 0x1E, 0x28,
    0x77, 0x6D, 0xA5, 0x34, 0x7A, 0xB9, 0x58, 0x6D, 0xEC, 0x26, 0x4B, 0x89, 0x2B, 0x92, 0x9F, 0x60,
    0xD2, 0xB9, 0xB3, 0xEF, 0x48, 0x61, 0xE9, 0xC0, 0xC1, 0xBC, 0x5D, 0xCE, 0x7F, 0x70, 0x06, 0xE3,
    0x1C, 0x9A, 0x6A, 0x28, 0xD1, 0x4C, 0xC0, 0x69, 0xC8, 0xE3, 0xF2, 0xFD, 0x3F, 0x08, 0x7C, 0x1C,
    0xCA, 0x07, 0x1A, 0xD7, 0x24, 0xE2, 0x78, 0x7A, 0x83, 0x3D, 0xDD, 0x24, 0x39, 0x6A, 0xC7, 0xBA,
    0xBA, 0xC1, 0x76, 0xA0, 0x48, 0x98, 0xCB, 0x03, 0xDD, 0xF9, 0x77, 0x37, 0xE5, 0x14, 0x4B, 0xA0,
    0x76, 0x49, 0x8F, 0x6E, 0x3D, 0x19, 0x79, 0xF4, 0xD7, 0xA2, 0xEA, 0x44, 0x68, 0x21, 0x08, 0x5E,
    0x46, 0xCE, 0x0B, 0x5A, 0x53, 0x5E, 0x4F, 0xEC, 0xC0, 0x8D, 0x4A, 0x1F, 0xBA, 0xF7, 0x71, 0x9F,
    0x5C, 0x38, 0x11, 0x8C, 0x96, 0x32, 0x0C, 0x55, 0xC8, 0x68, 0x13, 0x3F, 0xC5, 0x6D, 0xBF, 0xCA,
    0x82, 0x6A, 0xDA, 0xD9, 0xEB, 0xA0, 0xA8, 0xFB, 0x05, 0x8D, 0x6D, 0xC1, 0xC5, 0x72, 0xAB, 0xE8,
    0x66, 0x32, 0x1A, 0x54, 0xD3, 0x01, 0x7F, 0x4E, 0x25, 0x63, 0x31, 0x17, 0xDE, 0xA1, 0xD6, 0x48,
    0xFC, 0xF2, 0x91, 0x72, 0x44, 0x89, 0x58, 0x2D, 0x86, 0x2F, 0x29, 0xBD, 0xF9, 0x04, 0x5C, 0x02,
    0xB3, 0x81, 0x02, 0x10, 0x4C, 0xD2, 0x80, 0x2D, 0xEE, 0x60, 0xBC, 0x31, 0xDA, 0xC9, 0x39, 0x9A,
    0x10, 0x8C, 0xE9, 0x76, 0x53, 0x02, 0x31, 0x01, 0x98, 0xB0, 0x52, 0x71, 0xFC, 0xB3, 0x3E, 0x3F,
    0x1D, 0xA0, 0xD3, 0x48, 0x86, 0x27, 0x8C, 0x79, 0x91, 0x28, 0xD1, 0x57, 0xD4, 0x0C, 0xBA, 0xED,
    0x9D, 0x6C, 0x06, 0x07, 0xBA, 0x01, 0x0F, 0xD2, 0x73, 0x0F, 0x72, 0xBE, 0x9C, 0xA0, 0xDB, 0x0A,
    0xAA, 0xEB, 0x43, 0xAC, 0x2C, 0xE6, 0x27, 0x0A, 0x9E, 0xC2, 0x03, 0x68, 0x90, 0x9F, 0xAA, 0x30,
    0x52, 0xBB, 0x4C, 0xE1, 0x66, 0xCC, 0x95, 0x87, 0xAF, 0x06, 0x6A, 0x6D, 0xCB, 0x9F, 0x39, 0x79,
    0x38, 0x7A, 0x5A, 0x0E, 0x44, 0x80, 0xBF, 0x0A, 0xAC, 0x7B, 0xFA, 0x75, 0x19, 0x0A, 0x7B, 0x6E,
    0x93, 0x83, 0xE5, 0xDE, 0xD1, 0x87, 0x53, 0x21, 0x18, 0x61, 0x9D, 0x04, 0x7F, 0x9C, 0x22, 0x0C,
    0x90, 0x59, 0xB9, 0x11, 0x63, 0xC2, 0x0F, 0xA8, 0xE4, 0x5B, 0x4D, 0xC8, 0xFC, 0xA1, 0x90, 0x10,
    0xF6, 0x07, 0xA8, 0x64, 0x38, 0xB0, 0x14, 0x61, 0x68, 0x83, 0x9C, 0xCC, 0xE8, 0x5A, 0x99, 0xF6,
    0x23, 0x8F, 0x8B, 0x25, 0xD2, 0x2B, 0xBF, 0x1E, 0x2A, 0x97, 0x99, 0x4E, 0x8C, 0xD1, 0x36, 0x13,
    0xA2, 0x4C, 0x22, 0x0C, 0x91, 0xB5, 0x59, 0x74, 0x19, 0x3F, 0xBE, 0x29, 0x41, 0x3B, 0xC2, 0x6F,
    0xD2, 0x34, 0xBB, 0x8F, 0x7D, 0x5E, 0x81, 0x7E, 0x00, 0x12, 0x3C, 0xB5, 0x41, 0x2E, 0x66, 0x93,
    0xA4, 0xDA, 0x85, 0xC0, 0x40, 0x51, 0xF8, 0xC6, 0xFD, 0xE6, 0x4F, 0x3E, 0x13, 0xBD, 0x88, 0x52,
    0x58, 0x9A, 0xC4, 0xDD, 0x61, 0x88, 0x4D, 0x2F, 0x01, 0xFF, 0xD1, 0x69, 0xA2, 0x3F, 0x38, 0xC6,
    0xFE, 0x8E, 0x1E, 0xA0, 0x18, 0xCF, 0x48, 0x7B, 0x4A, 0x55, 0x36, 0x45, 0xEF, 0xDE, 0xA2, 0xF4,
    0x79, 0x68, 0x49, 0x5D, 0x4D, 0xB3, 0x4E, 0x2F, 0x15, 0xF8, 0x2C, 0x7A, 0xC8, 0x02, 0x21, 0x8D,
    0x70, 0xB7, 0xA5, 0x37, 0x89, 0x0C, 0xC1, 0xD5, 0x32, 0xD3, 0x33, 0x85, 0xB0, 0x51, 0x45, 0x0A,
    0x79, 0xDA, 0x44, 0xE8, 0xB8, 0x07, 0x0B, 0xD7, 0x3F, 0xE5, 0x73, 0xD3, 0x9D, 0x2B, 0x40, 0xB4,
    0x85, 0x73, 0x0B, 0x1A, 0x85, 0xDD, 0x1F, 0x59, 0xF2, 0xD2, 0x1D, 0x5B, 0x88, 0xF4, 0xDA, 0xA6,
    0xDC, 0x79, 0x7F, 0xD0, 0xAE, 0x21, 0xC2, 0xFA, 0xDB, 0x7B, 0x13, 0xF1, 0x3D, 0x37, 0x79, 0xDD,
    0x3B, 0xBC, 0xF1, 0xF1, 0x61, 0x88, 0x5D, 0x83, 0x79, 0xDD, 0x03, 0x38, 0xB9, 0xC1, 0x2F, 0x1E,
    0x30, 0x81, 0xA0, 0x27, 0xDC, 0x97, 0x56, 0xCB, 0x04, 0x8A, 0xDD, 0x00, 0x2D, 0x93, 0xD2, 0x9F,
    0x34, 0x1F, 0xBD, 0x03, 0x43, 0x28, 0x46, 0xD4, 0x8A, 0x30, 0x5E, 0xBA, 0x31, 0x27, 0x17, 0x60,
    0xAC, 0x25, 0x1D, 0x21, 0x87, 0x69, 0x42, 0x69, 0x14, 0xFC, 0xAD, 0x27, 0xC5, 0xCC, 0xC2, 0xD0,
    0x33, 0x0D, 0x3F, 0xBF, 0x50, 0x4A, 0x61, 0x61, 0x24, 0xA7, 0xA4, 0xDC, 0xC4, 0xF0, 0x4E, 0x41,
    0x9D, 0x63, 0x7C, 0xAD, 0x47, 0x56, 0x44, 0xE3, 0xF9, 0xE6, 0xFF, 0x72, 0xF6, 0x7D, 0x4A, 0xE7,
    0xFA, 0x26, 0x7C, 0xF1, 0xD8, 0x4E, 0xE5, 0xF7, 0x27, 0xA0, 0x65, 0x77, 0xF2, 0x8C, 0xC7, 0xD3,
    0xCD, 0x6D, 0x1B, 0xF3, 0x80, 0x39, 0xFB, 0x70, 0x82, 0xF4, 0x7C, 0x5F, 0x3E, 0xE8, 0xFD, 0x80,
    0x90, 0xEE, 0x0E, 0xA2, 0xEC, 0xA6, 0x58, 0xD2, 0x0F, 0x56, 0x78, 0x46, 0x3F, 0xE0, 0x29, 0x60,
    0x2E, 0x2E, 0xD7, 0xB8, 0x9D, 0xAF, 0xD9, 0xD4, 0x35, 0x70, 0xE9, 0x93, 0xFF, 0x0A, 0x72, 0xC4,
    0x77, 0xC2, 0xAB, 0x48, 0x16, 0xB2, 0xB0, 0x76, 0x7C, 0x02, 0xBB, 0xA0, 0xE9, 0x4C, 0xEE, 0x09,
    0xFC, 0x33, 0xA0, 0x76, 0x16, 0x99, 0x5E, 0xA1, 0x75, 0x1E, 0xB7, 0xB8, 0xD1, 0x95, 0x35, 0x92,
    0x4D, 0x2E, 0x6C, 0x07, 0x73, 0x2E, 0x4C, 0x39, 0x9C, 0xFB, 0x07, 0x6D, 0x22, 0x35, 0xC1, 0x99,
    0x07, 0x04, 0x17, 0x2C, 0x2E, 0xB3, 0x93, 0x37, 0x09, 0xB7, 0xC1, 0xB0, 0x4A, 0xA7, 0x34, 0x48,
    0xAD, 0x72, 0x05, 0x95, 0xE0, 0x8F, 0xAC, 0xAB, 0x9A, 0x74, 0xF2, 0x84, 0x05, 0x86, 0xAD, 0x35,
    0xCD, 0x12, 0x11, 0xBF, 0x78, 0x2E, 0xA3, 0xCD, 0x83, 0xA5, 0x67, 0xC8, 0x30, 0x77, 0x05, 0xB9,
    0x8A, 0x28, 0x46, 0xF9, 0x08, 0x84, 0xB9, 0x39, 0x03, 0x22, 0x4A, 0x54, 0xE6, 0x05, 0xE1, 0x5A,
    0xCE, 0x71, 0x32, 0xAB, 0x5F, 0xE3, 0x89, 0x00, 0x00, 0x05, 0xAA, 0x6C, 0xAE, 0x1A, 0xA1, 0xD0,
    0xC0, 0xE9, 0xFC, 0xAA, 0x27, 0x04, 0x7E, 0x29, 0xED, 0x74, 0x22, 0x04, 0x60, 0x71, 0x50, 0x83,
    0x65, 0x6A, 0xDD, 0x26, 0x2D, 0x60, 0xE8, 0xCC, 0xED, 0xD0, 0x02, 0xEA, 0x60, 0xB1, 0x81, 0x53,
    0xC4, 0xD2, 0x70, 0xFF, 0xF8, 0xDF, 0x31, 0xAC, 0xA2, 0xAA, 0xD6, 0xF4, 0x0C, 0x4D, 0x21, 0x1C,
    0xA2, 0xAE, 0x85, 0x49, 0x08, 0x30, 0xF3, 0x76, 0xCB, 0xBC, 0x25, 0x09, 0x8B, 0x5C, 0xC2, 0x2C,
    0xD7, 0xD9, 0x44, 0x55, 0x32, 0x4B, 0xC3, 0x9F, 0x79, 0xF8, 0x39, 0xF4, 0x09, 0x9A, 0x09, 0x19,
    0x70, 0xC7, 0x80, 0x9C, 0x5D, 0xB9, 0x1A, 0x75, 0x77, 0x92, 0x67, 0x5C, 0xE5, 0x94, 0x1F, 0x49,
    0x8D, 0xD7, 0xC6, 0x6A, 0xF9, 0x4D, 0x43, 0x35, 0x3D, 0x76, 0x78, 0xEE, 0x78, 0x5B, 0x5C, 0x56,
    0x5C, 0x16, 0x95, 0xF9, 0x4F, 0x95, 0x01, 0xD4, 0x0D, 0xA3, 0x16, 0xE4, 0xC8, 0xB8, 0x04, 0xDB,
    0xC3, 0xB6, 0xD3, 0x55, 0x06, 0xB6, 0x73, 0xB7, 0x2F, 0x1A, 0xBE, 0xEF, 0x87, 0xB3, 0x20, 0x03,
    0x2E, 0xED, 0x44, 0x7C, 0xC4, 0xFA, 0xE7, 0xE2, 0xF9, 0x89, 0x3C, 0x88, 0x7B, 0xCD, 0x14, 0x7A,
    0x52, 0x2C, 0x62, 0x62, 0x20, 0xB7, 0x25, 0x32, 0x9C, 0xCA, 0xCD, 0x4E, 0xAB, 0x4E, 0x95, 0x9D,
    0xC8, 0x5E, 0x90, 0x4D, 0x73, 0xC7, 0x03, 0xA4, 0xB3, 0x9D, 0x65, 0xB0, 0xC6, 0x51, 0x5A, 0x5D,
    0x47, 0x4F, 0xD9, 0x93, 0x60, 0xE2, 0x97, 0x89, 0x8E, 0x27, 0xAF, 0xC8, 0x80, 0x68, 0x82, 0x13,
    0x23, 0xAF, 0x73, 0x81, 0x3D, 0xF9, 0xFA, 0xBF, 0x2E, 0xD2, 0x19, 0x1A, 0xC5, 0x78, 0xBD, 0x16,
    0x9E, 0xF8, 0x64, 0xB6, 0x88, 0x56, 0x43, 0x66, 0xE0, 0xB1, 0x81, 0x5D, 0x7D, 0x70, 0xCE, 0x8B,
    0x73, 0x8C, 0xEC, 0x11, 0xF0, 0x0D, 0x9A, 0x64, 0x96, 0xD0, 0x0D, 0x3F, 0x5A, 0xDD, 0xAE, 0x78,
    0xBB, 0x67, 0xD4, 0xDF, 0x4E, 0x0C, 0xF9, 0xED, 0xE9, 0xE2, 0x8A, 0xEF, 0x08, 0xF5, 0x41, 0x15,
    0xEE, 0xB7, 0x8C, 0x32, 0x79, 0x3B, 0xB1, 0x38, 0x20, 0x58, 0xF5, 0xA3, 0x8F, 0xC4, 0xE9, 0x28,
    0x55, 0x49, 0xA8, 0x4C, 0x27, 0x1D, 0x9B, 0x84, 0x7A, 0xE7, 0x92, 0x55, 0x5C, 0x7C, 0x22, 0x46,
    0x43, 0x20, 0xED, 0x8E, 0x24, 0xF8, 0xB2, 0xB0, 0x6C, 0x55, 0xAD, 0x62, 0x3D, 0x28, 0xAB, 0x15,
    0x5A, 0xF8, 0x99, 0xD8, 0x84, 0xE8, 0x6E, 0x52, 0x98, 0x31, 0x1D, 0x6A, 0xD1, 0x8D, 0xD7, 0x9A,
    0x20, 0xA5, 0x49, 0x62, 0xF8, 0xD0, 0x1B, 0x97, 0x94, 0xC6, 0x87, 0x1B, 0x61, 0x01, 0xE7, 0x5E,
    0x38, 0xF7, 0x8B, 0x78, 0x08, 0x9C, 0x05, 0xD0, 0x48, 0x94, 0xBD, 0x24, 0xBD, 0x68, 0x5A, 0x80,
    0x14, 0x4D, 0x6D, 0x96, 0x3A, 0xFD, 0x59, 0x5C, 0xC9, 0x54, 0x2F, 0x6A, 0xA6, 0x69, 0x63, 0x04,
    0x08, 0x08, 0x0B, 0xA6, 0xFC, 0x1E, 0x06, 0x63, 0x41, 0x5A, 0x7B, 0xBD, 0xF2, 0x49, 0xA0, 0x88,
    0x37, 0xCA, 0xA5, 0x43, 0x02, 0x7B, 0x33, 0x43, 0x4B, 0x57, 0x48, 0x7B, 0xA5, 0x3C, 0x08, 0xA0,
    0xF2, 0x62, 0x64, 0xDC, 0xBD, 0xAB, 0xC0, 0x98, 0xC4, 0xD3, 0xA6, 0x8F, 0x73, 0x1A, 0x35, 0x51,
    0x0A, 0x6D, 0x80, 0x10, 0xCF, 0x26, 0x1E, 0xFE, 0xE6, 0x5C, 0x45, 0x3C, 0xCB, 0xB6, 0x56, 0xFB,
    0x5D, 0xC5, 0x73, 0x6D, 0x75, 0xA0, 0xC8, 0x01, 0xD3, 0xF5, 0x7A, 0x31, 0xAF, 0x28, 0xFD, 0x8C,
    0x89, 0x76, 0x37, 0xBA, 0x43, 0x43, 0xB5, 0x7B, 0xC5, 0x9C, 0xA3, 0xF1, 0xD6, 0x74, 0x52, 0xDC,
    0x4E, 0x65, 0x45, 0xBD, 0xB3, 0xDD, 0x1A, 0x79, 0x2D, 0x84, 0x4E, 0xB9, 0x75, 0x22, 0x7B, 0xB5,
    0x7D, 0xF0, 0x9B, 0xC6, 0x81, 0xB6, 0x07, 0xA3, 0x57, 0xB4, 0xEE, 0x91, 0xDE, 0xD5, 0x1D, 0x86,
    0x63, 0x26, 0x33, 0x1B, 0x2D, 0x6D, 0x94, 0x35, 0x69, 0x52, 0x0E, 0xD0, 0x6B, 0x4D, 0x81, 0x1A,
    0xD6, 0x32, 0xE9, 0x16, 0xD1, 0x3A, 0x36, 0x13, 0xC7, 0xAF, 0x05, 0xF7, 0xF9, 0x75, 0xF4, 0x6D,
    0x32, 0x94, 0xB6, 0xC4, 0x6C, 0xA0, 0x3F, 0x0C, 0x24, 0xBD, 0xCE, 0x42, 0xEC, 0xD9, 0xF6, 0x3A,
    0x5C, 0xC7, 0xD2, 0xF5, 0x09, 0x34, 0x66, 0x0B, 0x1F, 0x80, 0x76, 0xC0, 0xCE, 0x16, 0xC1, 0xC1,
    0x09, 0x73, 0x99, 0x97, 0x3C, 0x97, 0xAB, 0x34, 0xD1, 0xF9, 0xB0, 0x83, 0xCB, 0x27, 0x64, 0x02,
    0xCF, 0xD1, 0xC1, 0x44, 0x60, 0xC0, 0xE2, 0xE5, 0x6A, 0x26, 0x28, 0x57, 0xD0, 0xCB, 0x91, 0xC2,
    0x37, 0x2A, 0x1C, 0x58, 0x75, 0x2A, 0xF7, 0xCA, 0xA8, 0xFF, 0x5B, 0x05, 0x35, 0xE1, 0x81, 0xC5,
    0xB5, 0x9A, 0x9B, 0x12, 0x93, 0x22, 0x9A, 0xD3, 0xC9, 0xC2, 0xB9, 0x65, 0x8A, 0xAF, 0xC6, 0x44,
    0xCD, 0xE2, 0xA2, 0x55, 0x91, 0x5F, 0xB9, 0x2B, 0x12, 0xC1, 0x5A, 0xDE, 0xD6, 0x52, 0x78, 0x64,
    0xDA, 0x27, 0x7A, 0x68, 0x99, 0x01, 0x9A, 0x89, 0x20, 0x1F, 0x4C, 0xAB, 0xCD, 0x80, 0x1C, 0x0D,
    0x44, 0x46, 0x53, 0xC9, 0x90, 0xC5, 0x98, 0x72, 0xBF, 0x62, 0xC9, 0x75, 0x46, 0xF8, 0x5B, 0xEE,
    0x14, 0x9F, 0x70, 0x27, 0xBD, 0x87, 0x3B, 0xC9, 0xC2, 0x3B, 0x2F, 0x0B, 0xA3, 0xE4, 0x59, 0xE8,
    0x1A, 0xAB, 0x77, 0xA5, 0x96, 0x9D, 0xB9, 0x31, 0x6D, 0xB8, 0x14, 0xC2, 0x29, 0xAE, 0x21, 0x13,
    0x25, 0x77, 0x55, 0x33, 0x27, 0xCB, 0x0E, 0x33, 0x6A, 0x97, 0x6A, 0x74, 0x4C, 0xB8, 0x3C, 0x2F,
    0xB7, 0x1A, 0x28, 0xE5, 0x5E, 0x2C, 0x4D, 0x65, 0xBD, 0x53, 0x35, 0x4F, 0x24, 0x90, 0x7D, 0xBE,
    0x69, 0x34, 0x72, 0xC5, 0x8D, 0xEA, 0xD0, 0x7E, 0x7F, 0x4B, 0x03, 0x55, 0xAD, 0x7E, 0x13, 0x5E,
    0xF5, 0xEB, 0xB4, 0x9D, 0xB9, 0x9B, 0xBA, 0x57, 0x55, 0x13, 0xAB, 0xD6, 0xF6, 0xBE, 0x46, 0x67,
    0xC1, 0x8F, 0x1A, 0xDD, 0x87, 0x07, 0x93, 0x46, 0x8F, 0x3E, 0xCC, 0xB2, 0x34, 0x04, 0xE2, 0xAB,
    0x7C, 0x33, 0x10, 0x70, 0x33, 0xA3, 0x00, 0x09, 0xCE, 0x46, 0x33, 0xA9, 0xE0, 0x68, 0x24, 0xA6,
    0xA7, 0x92, 0x85, 0xBC, 0x30, 0x76, 0x3D, 0x77, 0xD7, 0x85, 0xA5, 0x1E, 0xBC, 0x2A, 0x83, 0xA4,
    0x17, 0x3E, 0x1C, 0xF7, 0x90, 0x98, 0xD1, 0x3F, 0x07, 0x2B, 0x76, 0x71, 0xD7, 0xDD, 0x49, 0x3B,
    0xCC, 0xB4, 0x89, 0x45, 0x61, 0x56, 0xCB, 0xE8, 0x9F, 0xAA, 0x1F, 0x06, 0x05, 0x62, 0x1F, 0x22,
    0xA1, 0xA1, 0xA5, 0xFC, 0x18, 0x62, 0xA6, 0x65, 0x60, 0x49, 0x1A, 0xD6, 0x8A, 0xC4, 0x9B, 0x46,
    0x34, 0xF9, 0x95, 0x93, 0x75, 0xA7, 0x76, 0xE6, 0x64, 0x08, 0xB9, 0xDE, 0xE3, 0x64, 0x73, 0x12,
    0xDE, 0x10, 0x85, 0x59, 0x90, 0x1D, 0x11, 0xBC, 0x14, 0x45, 0x97, 0x2A, 0x57, 0x0C, 0xAA, 0x3E,
    0x3A, 0xB1, 0xB4, 0x51, 0x7D, 0xAD, 0x5B, 0x23, 0x55, 0x90, 0x95, 0x20, 0xFD, 0xC4, 0x3D, 0xC4,
    0xF4, 0xD7, 0x3D, 0xF2, 0x84, 0xE9, 0xE6, 0x2E, 0x73, 0xB9, 0x08, 0xAC, 0x55, 0x0F, 0x74, 0xB4,
    0xD5, 0x2A, 0xDC, 0x97, 0x85, 0x98, 0x95, 0xEF, 0x86, 0xAE, 0xAB, 0x94, 0xB1, 0x9B, 0xA9, 0x2A,
    0x89, 0x72, 0x1E, 0x65, 0x53, 0x0D, 0xE3, 0x61, 0xA9, 0x4F, 0x37, 0x53, 0x98, 0x56, 0x02, 0x02,
    0x55, 0xD2, 0x33, 0x44, 0xBD, 0xCB, 0xD5, 0xF0, 0x32, 0x08, 0x7A, 0x99, 0x09, 0x09, 0x85, 0x09,
    0xAD, 0xF8, 0x52, 0xD7, 0x19, 0x15, 0xCD, 0x5A, 0xAE, 0x5D, 0x94, 0x39, 0xB4, 0xCC, 0xB6, 0xA4,
    0xD1, 0xCD, 0x95, 0x0F, 0x88, 0xEE, 0xBE, 0x55, 0xFC, 0x97, 0x86, 0xFB, 0x1D, 0x1D, 0x27, 0x41,
    0x9F, 0xC6, 0xA9, 0x74, 0xA6, 0x20, 0x5B, 0x78, 0xB4, 0xFF, 0xB8, 0x68, 0xA9, 0x23, 0xFF, 0xCB,
    0xC1, 0xE3, 0x3F, 0x2B, 0xB4, 0x6B, 0x22, 0x6F, 0x5D, 0x89, 0x5D, 0xE2, 0x9F, 0x02, 0x1F, 0xF3,
    0xBC, 0xE6, 0x38, 0xC2, 0xA7, 0xB9, 0xA8, 0x2E, 0x16, 0xEB, 0x77, 0x77, 0x83, 0x99, 0x96, 0x37,
    0xBA, 0xEE, 0x21, 0x53, 0x0B, 0xFA, 0xE4, 0x5D, 0xDB, 0x23, 0x7A, 0x02, 0xA0, 0xF8, 0x20, 0xE7,
    0x0C, 0xA3, 0xA6, 0x08, 0x93, 0xB1, 0xD3, 0x02, 0xA8, 0x76, 0x16, 0xB7, 0xDA, 0x59, 0x35, 0x9B,
    0x76, 0xF6, 0xC6, 0x4F, 0x3B, 0x4D, 0x82, 0xC6, 0x70, 0x9C, 0x5A, 0x63, 0xA8, 0x57, 0xDD, 0xB6,
    0xE7, 0x09, 0x62, 0xE3, 0x48, 0xE8, 0x11, 0x1F, 0xAF, 0x62, 0x98, 0xB6, 0x58, 0x70, 0x32, 0x1E,
    0x82, 0x3D, 0x58, 0x9A, 0xCB, 0x7F, 0x80, 0xE8, 0x76, 0xB5, 0x96, 0x85, 0x4A, 0x59, 0xA0, 0xFE,
    0xF4, 0x8F, 0xDA, 0x9F, 0xD0, 0x18, 0x59, 0xC8, 0x55, 0x62, 0x08, 0x7E, 0x3F, 0xB4, 0xB0, 0x57,
    0xA5, 0xE7, 0xFB, 0x9C, 0x85, 0x95, 0xBA, 0x49, 0x7C, 0x0F, 0xC2, 0xEB, 0x4E, 0x11, 0x96, 0x12,
    0x6A, 0x96, 0x8D, 0xC4, 0x76, 0xC5, 0x44, 0xA9, 0x12, 0x62, 0x5E, 0x62, 0x5D, 0xCF, 0x1C, 0xD8,
    0xA2, 0x65, 0xA4, 0x1E, 0xB3, 0x05, 0xD6, 0xE2, 0x4C, 0x3B, 0xE5, 0xE6, 0x60, 0x08, 0xE7, 0xDD,
    0x98, 0x5A, 0xDD, 0x8E, 0x5B, 0x52, 0xBA, 0xCF, 0x5F, 0x02, 0x40, 0xA6, 0xAF, 0xA0, 0x06, 0x16,
    0xBA, 0xD3, 0x8D, 0x14, 0x26, 0x29, 0xD5, 0x37, 0x58, 0xBF, 0x4B, 0xB9, 0x00, 0x92, 0x1F, 0xC6,
    0x69, 0x63, 0xB2, 0xD3, 0x9C, 0x19, 0x4F, 0xB2, 0x2E, 0x0A, 0x8F, 0x50, 0xB2, 0x98, 0xE0, 0xBE,
    0x6D, 0x55, 0xAF, 0x42, 0x02, 0x6B, 0x0D, 0xF6, 0x76, 0x77, 0x34, 0x61, 0xAC, 0x52, 0x56, 0x8B,
    0x4D, 0x86, 0xB1, 0x6D, 0xAC, 0x94, 0xDD, 0x62, 0x91, 0x81, 0xA1, 0x4E, 0x3B, 0x55, 0x2C, 0x25,
    0xA6, 0x0A, 0xC5, 0x6B, 0x56, 0x61, 0x32, 0xE9, 0x9A, 0x57, 0x8C, 0x7A, 0x7E, 0x5D, 0x41, 0x90,
    0xDF, 0x0E, 0xF2, 0xDA, 0xBB, 0x07, 0x64, 0x26, 0x9B, 0x6F, 0x40, 0xD1, 0xDA, 0x72, 0x97, 0xEB,
    0x1D, 0x1C, 0x93, 0xF5, 0xEF, 0xA9, 0x78, 0xDF, 0xBE, 0x52, 0xBF, 0xF1, 0xB7, 0xAA, 0x5F, 0x16,
    0x2B, 0x29, 0xCD, 0x55, 0x3D, 0xC5, 0xBC, 0xA5, 0xF9, 0x3D, 0x8B, 0xFA, 0x2C, 0xB4, 0xB6, 0xA3,
    0xB4, 0x2A, 0x57, 0xB2, 0x60, 0x47, 0xF3, 0xEE, 0x4B, 0x10, 0x88, 0x8D, 0xF2, 0xDD, 0xA3, 0x16,
    0xEE, 0x1A, 0x39, 0x7B, 0x0B, 0x8D, 0x4B, 0x0B, 0x78, 0xDB, 0x5E, 0x9E, 0x5B, 0xFB, 0x03, 0xD6,
    0x9A, 0x8B, 0xEF, 0xCD, 0xAB, 0x6B, 0xE1, 0xDC, 0x82, 0xE6, 0x38, 0x05, 0x33, 0x90, 0xE6, 0x13,
    0xA7, 0x08, 0xBA, 0xC6, 0xE1, 0x9D, 0x92, 0x10, 0xC2, 0x51, 0x50, 0x7C, 0x9D, 0x86, 0xCB, 0xA7,
    0xA4, 0x60, 0xE6, 0x28, 0xD5, 0x09, 0x3B, 0x6A, 0xBF, 0x24, 0x3A, 0x84, 0x37, 0xE4, 0x15, 0x36,
    0xCE, 0x91, 0x6F, 0x16, 0xE9, 0x9C, 0xB8, 0x3E, 0x12, 0x47, 0xD0, 0x94, 0xED, 0xE2, 0x08, 0xA6,
    0x85, 0xEA, 0x97, 0x32, 0xB8, 0xD4, 0x0A, 0xBC, 0x5E, 0xB1, 0x0F, 0x31, 0x97, 0x55, 0x24, 0xB1,
    0x55, 0x7D, 0x8D, 0x3D, 0x97, 0x7D, 0x8D, 0x96, 0x54, 0x2A, 0xFD, 0x6C, 0x89, 0xB5, 0x98, 0x87,
    0xFD, 0x0A, 0x08, 0xD3, 0xE2, 0x8A, 0x60, 0x50, 0x69, 0xFC, 0x5F, 0x2C, 0xAB, 0x74, 0xD7, 0x42,
    0xB2, 0x5A, 0x96, 0x25, 0xA1, 0xCA, 0xA2, 0xE0, 0xB6, 0x03, 0x8B, 0xA5, 0x7E, 0x4A, 0x82, 0x2A,
    0xE7, 0x84, 0xA8, 0x5D, 0xFA, 0x8B, 0x58, 0x3A, 0x42, 0xD4, 0xC8, 0x02, 0x2A, 0x33, 0xB2, 0x85,
    0xCE, 0x81, 0xE1, 0xE6, 0xCE, 0x2C, 0x92, 0x14, 0x02, 0x19, 0x65, 0x5B, 0x5D, 0x50, 0x94, 0x11,
    0x46, 0xFF, 0xC6, 0x9A, 0x31, 0x2B, 0x59, 0xAA, 0xF7, 0x42, 0x4A, 0x21, 0xEC, 0xE5, 0x0C, 0x48,
    0x6D, 0x40, 0xCE, 0x6B, 0xAB, 0x9F, 0x49, 0x6C, 0xF7, 0xDE, 0x56, 0x6C, 0x74, 0x27, 0xD5, 0x16,
    0xD2, 0x70, 0x61, 0x92, 0x6E, 0xDA, 0xA0, 0xDA, 0x11, 0x26, 0x54, 0x5D, 0x13, 0x59, 0x70, 0x26,
    0xDD, 0x2E, 0xC5, 0x4F, 0x6D, 0x6E, 0x96, 0xC3, 0xC0, 0x2A, 0xA4, 0x4E, 0xBB, 0xDE, 0x63, 0x6D,
    0xBA, 0x0C, 0x11, 0x0B, 0x69, 0x89, 0x56, 0xAA, 0x63, 0x7E, 0xAB, 0xDD, 0x7E, 0x11, 0x11, 0xEF,
    0x77, 0x2C, 0x4B, 0x0F, 0xE1, 0xF1, 0xA0, 0x96, 0xE3, 0xEC, 0x83, 0x21, 0x39, 0x99, 0x4B, 0x00,
    0xD6, 0x92, 0xB3, 0x4A, 0xAF, 0x98, 0x42, 0x2C, 0xAD, 0x56, 0xCB, 0xF2, 0xC3, 0xDB, 0x9B, 0xA9,
    0xAD, 0xE5, 0x84, 0x31, 0x3D, 0x4F, 0x8C, 0xBB, 0xB1, 0xF2, 0x1A, 0x4B, 0xD3, 0xEE, 0xE8, 0x96,
    0x15, 0xDA, 0x83, 0xFC, 0xA8, 0x60, 0xE9, 0x27, 0x1A, 0x55, 0x2D, 0x16, 0x2E, 0xEE, 0x66, 0x14,
    0xE1, 0x24, 0x65, 0x67, 0xD9, 0x70, 0x94, 0x68, 0x8E, 0x60, 0x5B, 0xC9, 0x1F, 0xD3, 0x70, 0xB9,
    0xF2, 0x52, 0xE5, 0xE1, 0xB0, 0x81, 0x80, 0xEF, 0x07, 0xD6, 0xE5, 0xD6, 0x08, 0xD3, 0xCC, 0x96,
    0x37, 0x19, 0x9B, 0xC1, 0x8F, 0x25, 0x7E, 0x85, 0xF2, 0xFE, 0x44, 0xC5, 0xED, 0xD9, 0xAB, 0xB1,
    0xF8, 0xFC, 0x62, 0xD6, 0x6D, 0xEA, 0xD9, 0x8B, 0x3E, 0x0B, 0xFB, 0xAE, 0x73, 0xDA, 0x23, 0xCD,
    0x35, 0x1B, 0x3D, 0xAA, 0x58, 0xBF, 0xA6, 0x3B, 0xE6, 0x8D, 0x2D, 0x23, 0xB1, 0xA4, 0xCD, 0xD2,
    0x9F, 0x3C, 0x16, 0xB7, 0xD4, 0xBF, 0x56, 0x43, 0x37, 0x8C, 0xC9, 0xA6, 0x06, 0x42, 0x27, 0xC6,
    0xF8, 0x13, 0xED, 0xA6, 0x54, 0x79, 0x2E, 0x7D, 0xC1, 0x75, 0xCB, 0xD1, 0xCD, 0x55, 0x53, 0xE1,
    0x2A, 0xD9, 0xF1, 0xDB, 0xF5, 0x51, 0x7D, 0x87, 0xA8, 0xBB, 0x55, 0xB8, 0x66, 0xB4, 0xEA, 0xF7,
    0xCC, 0xF0, 0x93, 0x45, 0x90, 0xF8, 0x8A, 0x32, 0x6E, 0xDF, 0xE4, 0xC4, 0x6E, 0x65, 0x58, 0x39,
    0xC0, 0xF6, 0x7F, 0x9E, 0xFC, 0xE6, 0xAA, 0x94, 0x71, 0xB7, 0x94, 0x31, 0xFA, 0x87, 0x8C, 0xE6,
    0x4A, 0xB5, 0x97, 0xF2, 0x4D, 0x47, 0x79, 0x2A, 0x36, 0x08, 0x7E, 0xE3, 0xC5, 0xF6, 0xFF, 0xE9,
    0x62, 0x60, 0xA2, 0x8F, 0xD5, 0x55, 0x20, 0x5B, 0x8F, 0x1E, 0x98, 0x9A, 0x59, 0x2A, 0xC4, 0xA9,
    0xBF, 0xA5, 0xB6, 0x16, 0x3B, 0x61, 0xEA, 0x74, 0x69, 0x98, 0xDA, 0x6C, 0xE9, 0xF4, 0xF1, 0xB1,
    0xF5, 0x27, 0x8C, 0xD5, 0x30, 0x76, 0xFE, 0xAD, 0x04, 0xF9, 0x91, 0xB1, 0x2F, 0x5F, 0x8D, 0x7D,
    0xE1, 0x70, 0x98, 0xCC, 0x4E, 0x15, 0x05, 0xC9, 0x57, 0x37, 0x46, 0xAF, 0x0C, 0x81, 0xFA, 0x94,
    0xED, 0xB1, 0x01, 0x61, 0xF8, 0xD3, 0x47, 0x08, 0xE1, 0xDE, 0x4A, 0xD9, 0xAB, 0xB3, 0xC8, 0x4D,
    0x3B, 0xA6, 0x31, 0x29, 0x66, 0x63, 0x03, 0xB7, 0x58, 0xA3, 0xB2, 0x28, 0xED, 0xF8, 0xC4, 0x89,
    0xBD, 0x35, 0x9D, 0x7B, 0x5D, 0x85, 0x3D, 0x03, 0xBB, 0xEA, 0x1F, 0x2D, 0x75, 0xDF, 0x56, 0x7D,
    0x31, 0xB6, 0x6A, 0x3E, 0xAE, 0x54, 0xAB, 0x2F, 0x73, 0x42, 0x36, 0x79, 0xF8, 0x4E, 0x06, 0x0B,
    0xBE, 0x4C, 0x18, 0xD9, 0x5B, 0xA7, 0x90, 0x73, 0xD8, 0x35, 0x54, 0x40, 0x59, 0x48, 0x6C, 0xD4,
    0xB0, 0x3D, 0xC7, 0xB7, 0x37, 0xE0, 0xD5, 0x1B, 0x15, 0xE6, 0x55, 0xA0, 0xA7, 0xAF, 0x67, 0x4B,
    0x50, 0x77, 0xB0, 0x5B, 0xB8, 0x37, 0x40, 0xE0, 0x6E, 0xA5, 0x7B, 0x26, 0x09, 0x00, 0x86, 0x33,
    0xB5, 0x1B, 0xFA, 0xDB, 0x97, 0x05, 0xE2, 0x8A, 0xA7, 0x97, 0x68, 0xF1, 0x4F, 0x85, 0x03, 0x3E,
    0xD9, 0x43, 0x50, 0xF3, 0x40, 0xDD, 0x78, 0x59, 0x74, 0x78, 0x5D, 0x2D, 0xF3, 0x9D, 0x46, 0x06,
    0x9B, 0x5D, 0x2A, 0x56, 0x99, 0xFC, 0x5C, 0xD2, 0x8D, 0xB3, 0xE5, 0xF5, 0x2C, 0x57, 0x2C, 0xD8,
    0x8E, 0x64, 0xFC, 0x31, 0xD0, 0x48, 0x1E, 0x0F, 0xD6, 0x61, 0xEA, 0xC6, 0x0E, 0x40, 0xC7, 0xDE,
    0xD5, 0xCC, 0xF2, 0x38, 0x12, 0x7A, 0x5E, 0xA4, 0xCA, 0xDE, 0x56, 0xAA, 0x9E, 0x28, 0x87, 0x27,
    0x10, 0x00, 0x2B, 0x9F, 0x0B, 0xF9, 0x9E, 0x6E, 0x98, 0x76, 0xAE, 0x6F, 0xE6, 0xAE, 0xA3, 0x75,
    0x2D, 0xE2, 0xF7, 0xF7, 0xF0, 0xF7, 0xA3, 0xB8, 0x0E, 0xB4, 0x2D, 0x16, 0x78, 0xF3, 0x11, 0xF2,
    0x6D, 0xAC, 0xBA, 0xED, 0xFE, 0xD0, 0x72, 0x02, 0x70, 0xFB, 0x96, 0xE0, 0x52, 0xB9, 0xA0, 0x9C,
    0x70, 0x7A, 0x9D, 0x4B, 0xB1, 0xFB, 0xD8, 0x3D, 0x38, 0x58, 0xBB, 0xC3, 0xD8, 0xC8, 0x2E, 0x63,
    0x93, 0x7A, 0x60, 0x49, 0xBC, 0x12, 0x59, 0x3B, 0x54, 0xEC, 0x5F, 0x14, 0x8C, 0x5B, 0x53, 0xBB,
    0x03, 0xD6, 0x9E, 0x40, 0x21, 0x82, 0xB9, 0xDD, 0x7A, 0x10, 0x61, 0xFD, 0x1C, 0xE3, 0x8A, 0x8B,
    0x34, 0x6C, 0x1D, 0x60, 0x6F, 0x29, 0xD8, 0x5E, 0xEA, 0x06, 0x39, 0xAC, 0x9C, 0xD5, 0xE6, 0xB5,
    0x58, 0x33, 0xE4, 0x4A, 0xE0, 0x4A, 0xB8, 0x0F, 0xE4, 0x1B, 0x70, 0xE4, 0x7B, 0x0C, 0x03, 0xD2,
    0x81, 0xA6, 0x08, 0xFF, 0x62, 0xE4, 0xE1, 0x81, 0x84, 0x99, 0xF1, 0x73, 0x20, 0x6B, 0x84, 0x97,
    0x9C, 0xEB, 0xA5, 0x62, 0x86, 0x39, 0xBA, 0x22, 0x86, 0x80, 0x6A, 0xDE, 0x14, 0x82, 0xE6, 0x5A,
    0x10, 0xDC, 0xBD, 0x2E, 0xED, 0x4B, 0xEF, 0x1D, 0x7D, 0x35, 0xCB, 0x29, 0xF2, 0xED, 0xDA, 0x1B,
    0x56, 0xEB, 0x55, 0x2C, 0x99, 0xEB, 0x98, 0x98, 0x03, 0xB1, 0xA3, 0x35, 0x85, 0x6E, 0x1E, 0xAD,
    0x87, 0x64, 0xC7, 0x6E, 0x88, 0xAE, 0xE6, 0x0A, 0x18, 0x6F, 0x1C, 0xAD, 0x89, 0x64, 0x8C, 0x8D,
    0x8B, 0xEF, 0xD7, 0x8B, 0xCB, 0x3E, 0x1E, 0x55, 0x6D, 0xBB, 0xBB, 0xD0, 0x0B, 0x1D, 0x16, 0x92,
    0x6F, 0x37, 0xEB, 0xCA, 0xE7, 0x97, 0xE6, 0xB6, 0xD8, 0xBB, 0xAB, 0x19, 0x46, 0x3E, 0xCB, 0x1A,
    0xD0, 0x54, 0x2A, 0x62, 0x51, 0xF1, 0x94, 0x9E, 0xDA, 0xFA, 0x67, 0x3D, 0xC8, 0x2B, 0x57, 0x36,
    0xB4, 0xDA, 0x9F, 0x2A, 0x95, 0x25, 0x6C, 0x67, 0xC2, 0xEE, 0x96, 0x24, 0x94, 0xF3, 0x15, 0x96,
    0x57, 0x41, 0x0D, 0x6B, 0x1C, 0x8B, 0xB5, 0x0A, 0x53, 0xCA, 0x3A, 0x2E, 0x1F, 0xAF, 0x94, 0x6C,
    0xC6, 0x99, 0x52, 0xA6, 0x56, 0x4A, 0xA9, 0x7A, 0x92, 0x30, 0xB0, 0x02, 0x41, 0x8D, 0x7C, 0x4A,
    0x16, 0xCE, 0x1D, 0x26, 0xE7, 0x1F, 0x6B, 0x78, 0x5E, 0xB1, 0xC9, 0xB6, 0xDA, 0xFE, 0x00, 0x1C,
    0x2A, 0x76, 0x6E, 0x4D, 0x15, 0x69, 0xB8, 0x6D, 0x2A, 0xC7, 0xA8, 0xD6, 0xBC, 0x34, 0xC8, 0x5A,
    0xAA, 0x09, 0x4D, 0x82, 0x97, 0xDA, 0x31, 0x55, 0x19, 0xDA, 0x5B, 0xE7, 0x8A, 0x77, 0xC1, 0x69,
    0xB5, 0xD5, 0xA0, 0x65, 0xB2, 0xE6, 0x32, 0x76, 0xDA, 0xEE, 0xEA, 0x65, 0x16, 0xDC, 0x65, 0xA3,
    0xA3, 0x02, 0xAD, 0xA7, 0x42, 0x1D, 0x60, 0x5C, 0xB9, 0x13, 0x9B, 0x0C, 0xDD, 0xDD, 0xB0, 0xFF,
    0x2E, 0x76, 0xA9, 0xA9, 0x98, 0x4F, 0x8D, 0x37, 0x9E, 0x07, 0xA7, 0xEA, 0xF9, 0x58, 0x25, 0xF1,
    0xEF, 0xF3, 0x85, 0x17, 0xB3, 0x92, 0x97, 0xA3, 0x04, 0x99, 0xB0, 0xA8, 0x74, 0x1C, 0x0E, 0x10,
    0x8D, 0x9F, 0x2F, 0xB2, 0x69, 0x16, 0x62, 0xA0, 0x45, 0x4D, 0xA0, 0x1D, 0xC5, 0x17, 0x76, 0xE2,
    0xA3, 0x53, 0xBC, 0xB8, 0x47, 0x0D, 0x38, 0x2E, 0x52, 0xE7, 0xF2, 0xE3, 0x62, 0x77, 0xBC, 0xB6,
    0x32, 0x1B, 0xC0, 0xB2, 0x75, 0xC0, 0xA8, 0xEF, 0xB2, 0xB3, 0x92, 0x03, 0xA3, 0x89, 0x54, 0x8C,
    0x7C, 0x6A, 0x3D, 0xE2, 0xFE, 0x6F, 0x9A, 0x9A, 0x0C, 0x07, 0xA3, 0xA5, 0xC4, 0xF9, 0x4D, 0x13,
    0x66, 0xDC, 0x3B, 0x95, 0xDC, 0x68, 0x19, 0xC6, 0x7C, 0x2F, 0x59, 0x85, 0xF9, 0xFA, 0xBB, 0xAB,
    0x43, 0x52, 0xFE, 0x27, 0x47, 0xC3, 0x7B, 0x76, 0x96, 0x94, 0x5B, 0x84, 0x62, 0x79, 0xE5, 0x2F,
    0x18, 0xF0, 0xAE, 0xA0, 0x07, 0xCF, 0xB0, 0x6F, 0xFB, 0x15, 0x69, 0x55, 0x6D, 0x6F, 0x53, 0x9C,
    0x01, 0xC6, 0xDB, 0xF0, 0x1A, 0x92, 0x1A, 0x98, 0xDA, 0xF9, 0xD4, 0x85, 0xFB, 0x17, 0x3B, 0x5F,
    0x9D, 0x21, 0x7A, 0x99, 0x94, 0x92, 0x6B, 0xC1, 0xE5, 0x9F, 0x7E, 0x0B, 0x33, 0xFD, 0xF2, 0xBB,
    0x0C, 0x37, 0xDF, 0x82, 0x0A, 0x0D, 0xDD, 0x09, 0xE1, 0x6E, 0x08, 0xE7, 0xE1, 0x7B, 0x61, 0x4B,
    0x2F, 0xD4, 0x06, 0x63, 0x1F, 0x34, 0x47, 0xFA, 0x38, 0x1D, 0xFD, 0x42, 0x48, 0x56, 0x2F, 0x5E,
    0xB0, 0xF9, 0xDE, 0x54, 0x7A, 0x9D, 0x69, 0xB5, 0xF9, 0x05, 0x49, 0xD7, 0x57, 0x0E, 0x90, 0xAA,
    0xE7, 0x84, 0x8D, 0x65, 0x7B, 0x8F, 0xCA, 0xDB, 0xA3, 0x37, 0xAE, 0xB4, 0x63, 0x7E, 0x4C, 0xB6,
    0xFE, 0x91, 0x1E, 0x6D, 0xC3, 0x7B, 0xBC, 0x22, 0x8B, 0x3B, 0x1F, 0xCF, 0x47, 0x30, 0x1B, 0x3A,
    0xFE, 0xA5, 0x60, 0x1D, 0xFA, 0x91, 0x81, 0xC3, 0x4C, 0x25, 0xDC, 0xAE, 0x95, 0x70, 0x4E, 0x0E,
    0xBD, 0xE2, 0x4C, 0xF4, 0x29, 0xFE, 0xC6, 0xA6, 0x27, 0xF3, 0x46, 0xF2, 0x01, 0x5C, 0x79, 0x93,
    0xB6, 0x8D, 0x7F, 0xA5, 0xBC, 0x80, 0x0B, 0xF1, 0x9D, 0x3B, 0xEA, 0x9B, 0x5C, 0x30, 0x9B, 0xE2,
    0x61, 0xA8, 0x17, 0xE6, 0x65, 0x13, 0x19, 0xF5, 0x43, 0x06, 0x0C, 0xCF, 0x33, 0x8D, 0xC4, 0x4C,
    0xFE, 0x7D, 0x8A, 0xE2, 0x27, 0x8C, 0x76, 0xA1, 0x93, 0xF5, 0x0A, 0x84, 0xB7, 0x01, 0xCA, 0x40,
    0xCB, 0x0D, 0xF3, 0x57, 0x5B, 0xBD, 0x58, 0x09, 0xA2, 0x90, 0x95, 0x9E, 0x75, 0xAF, 0xEF, 0xAA,
    0x4C, 0xAB, 0x02, 0xC3, 0x26, 0x32, 0xDF, 0x7A, 0x9C, 0x9D, 0x71, 0xCB, 0xC8, 0x36, 0xF2, 0x72,
    0x55, 0x0D, 0x0B, 0xA5, 0xAF, 0x56, 0x79, 0x28, 0xD5, 0x52, 0x30, 0x3B, 0xA1, 0xB0, 0x46, 0x33,
    0x14, 0xB1, 0xB0, 0x21, 0x37, 0x95, 0xB3, 0x53, 0xBD, 0x5B, 0xA9, 0x8F, 0xE5, 0x3F, 0x9F, 0x8A,
    0x7F, 0xB1, 0xE2, 0xA9, 0x88, 0xDE, 0x8A, 0xA8, 0x38, 0x7F, 0xA0, 0xD8, 0x83, 0x65, 0x8E, 0x76,
    0xD1, 0x4B, 0x16, 0x12, 0x9C, 0x04, 0x26, 0x97, 0x82, 0x55, 0xDB, 0x11, 0x34, 0xB4, 0x03, 0x48,
    0xE8, 0x06, 0xEE, 0xBA, 0xEF, 0x86, 0x78, 0x38, 0x75, 0x74, 0xE0, 0xCC, 0xBD, 0x9B, 0x76, 0x94,
    0x7C, 0x59, 0x54, 0xD8, 0xBB, 0x3D, 0xA2, 0xF8, 0x93, 0x72, 0xCF, 0xB2, 0x0E, 0x1D, 0xE4, 0xEA,
    0xAA, 0x39, 0x42, 0x55, 0x11, 0xAC, 0xAE, 0x3A, 0x24, 0x17, 0x3F, 0x7D, 0x05, 0x89, 0x46, 0xB7,
    0x7E, 0x91, 0xAC, 0x2A, 0xC3, 0xDB, 0xF0, 0x6E, 0xF3, 0x9F, 0x2B, 0xFE, 0xCC, 0x0E, 0x9B, 0x95,
    0x55, 0xD3, 0xCC, 0x35, 0x65, 0xB8, 0x0A, 0x82, 0x7A, 0x9B, 0x55, 0x3B, 0xBC, 0x1A, 0x67, 0x4E,
    0x82, 0x6E, 0x9B, 0xAF, 0xDA, 0xF9, 0xBB, 0x50, 0xDF, 0x84, 0xEF, 0x06, 0xD2, 0xB9, 0x7F, 0xC1,
    0x32, 0xD1, 0x59, 0x99, 0x8B, 0x5E, 0x09, 0x14, 0x3E, 0xEB, 0xC2, 0x52, 0xC1, 0x2F, 0xFA, 0xBE,
    0x5C, 0xFC, 0xA9, 0x9A, 0xFC, 0xE0, 0x87, 0x4A, 0x25, 0xED, 0xB7, 0xD8, 0x39, 0x60, 0x8A, 0x4A,
    0xB0, 0xA8, 0x24, 0xE2, 0x77, 0xA0, 0x93, 0xBF, 0x6F, 0xB5, 0x0C, 0xDA, 0x3D, 0x11, 0x56, 0xB9,
    0x3D, 0xA9, 0x4A, 0x2C, 0xFF, 0xC9, 0xEC, 0xB6, 0x2A, 0xC8, 0xD3, 0x59, 0xC6, 0xBA, 0x22, 0x64,
    0xD4, 0xBE, 0xE5, 0xFE, 0x06, 0x28, 0xB9, 0x79, 0xBE, 0x1D, 0x94, 0xB4, 0xB3, 0x19, 0x8D, 0xB8,
    0x27, 0x7B, 0x29, 0xAE, 0x6C, 0xEA, 0xB8, 0x93, 0x5F, 0x5B, 0xD2, 0x47, 0xEF, 0x48, 0xDB, 0x43,
    0x8F, 0x14, 0xC2, 0x03, 0xDF, 0xFF, 0xF5, 0xAB, 0xAC, 0x70, 0x48, 0x81, 0x9B, 0xB3, 0x4B, 0x77,
    0x7B, 0x0A, 0x6C, 0xFE, 0xBD, 0xC8, 0x14, 0x27, 0xD1, 0x13, 0xC7, 0x01, 0xF1, 0x4F, 0x5F, 0x52,
    0x9A, 0xD8, 0x15, 0xE4, 0xDA, 0xE0, 0x40, 0x8F, 0xF5, 0x33, 0xE6, 0x8C, 0xEF, 0xCC, 0xF1, 0x85,
    0x1C, 0xAF, 0x78, 0x3C, 0x1C, 0x99, 0x81, 0xB5, 0x39, 0x87, 0xE8, 0xC8, 0xCE, 0x76, 0x97, 0x3C,
    0x91, 0x20, 0xB2, 0xE9, 0x41, 0x6F, 0xF8, 0xAF, 0x30, 0x5D, 0x05, 0x4F, 0x7D, 0x4E, 0xFF, 0xC5,
    0x7C, 0x31, 0x12, 0x86, 0x18, 0x0C, 0x19, 0x63, 0xCD, 0x77, 0x57, 0xC3, 0x50, 0xC2, 0x6E, 0xBF,
    0x8E, 0x74, 0x0A, 0x8B, 0xFF, 0xF8, 0x83, 0x3D, 0x87, 0x6A, 0x7F, 0xF8, 0xCB, 0x70, 0x97, 0xC5,
    0xA0, 0xD5, 0xBF, 0xC9, 0x6E, 0xD8, 0x56, 0x6E, 0xEA, 0x26, 0x64, 0x56, 0xD6, 0x75, 0x56, 0x19,
    0x3E, 0x79, 0xC3, 0x74, 0xE5, 0x1F, 0x7E, 0x90, 0x22, 0x73, 0x17, 0xD4, 0xE7, 0xDB, 0x88, 0x3C,
    0x10, 0x5E, 0x11, 0xA6, 0xBE, 0x04, 0xA4, 0xA2, 0x43, 0xBE, 0xBF, 0xB1, 0xA9, 0xFA, 0x7C, 0x4F,
    0xE6, 0x6F, 0x0A, 0x46, 0xC6, 0xAB, 0x14, 0xC6, 0x32, 0x2C, 0x41, 0xB7, 0xE5, 0x5C, 0x76, 0xD9,
    0xC6, 0xBD, 0x01, 0xE1, 0x4D, 0xCF, 0xD0, 0xE2, 0xDE, 0x1E, 0xF9, 0x0E, 0x2E, 0xD6, 0xFF, 0xEF,
    0x67, 0x39, 0xF5, 0x9E, 0xEC, 0xD6, 0xB2, 0x3F, 0xDB, 0xD8, 0x05, 0x67, 0xEA, 0x86, 0x24, 0xFD,
    0x69, 0xBD, 0xD8, 0xA1, 0xA0, 0x58, 0x6F, 0x4D, 0x32, 0xCA, 0xCE, 0x76, 0x4B, 0xFB, 0x26, 0x4B,
    0xFB, 0x72, 0x85, 0x41, 0xB3, 0xBD, 0xCC, 0xF5, 0x6F, 0xF6, 0xEA, 0xD4, 0xF6, 0xB1, 0x1C, 0xB0,
    0x8B, 0x45, 0x99, 0xE1, 0x66, 0xD7, 0xA9, 0xB9, 0x0E, 0x77, 0xB2, 0x9B, 0x69, 0x9F, 0x32, 0xE2,
    0xEF, 0x2A, 0x80, 0xA9, 0x7B, 0x6E, 0x21, 0xDB, 0x94, 0x29, 0xFA, 0xF8, 0x2E, 0x92, 0xC5, 0x37,
    0xFB, 0xE1, 0x27, 0x53, 0xA0, 0xD1, 0x65, 0xC6, 0x66, 0xED, 0x83, 0x8D, 0x51, 0xF5, 0x9C, 0xBF,
    0x55, 0xC3, 0xF9, 0xD3, 0x7A, 0x4B, 0x26, 0xDB, 0x05, 0xC2, 0x3E, 0x97, 0x8E, 0x56, 0xCE, 0x18,
    0x62, 0xFE, 0xA1, 0x05, 0xCB, 0xA5, 0x38, 0xB1, 0xB3, 0x0D, 0x46, 0xF4, 0xD5, 0xC4, 0x12, 0xF2,
    0x94, 0x87, 0xCB, 0x82, 0x46, 0x01, 0x89, 0x7C, 0x88, 0x85, 0xEA, 0xFE, 0xFC, 0xAD, 0xF8, 0x0E,
    0x65, 0xFC, 0x9C, 0x4F, 0xE6, 0x91, 0xD5, 0x68, 0x91, 0xA5, 0x93, 0x68, 0x05, 0x22, 0x5A, 0x81,
    0xDE, 0x56, 0x26, 0x6A, 0x6D, 0x91, 0x21, 0x46, 0x65, 0x8A, 0x8B, 0xE8, 0x68, 0x59, 0x0B, 0xD5,
    0xFB, 0x12, 0x4F, 0xEF, 0x47, 0x00, 0x93, 0xAD, 0xC7, 0x00, 0x23, 0xEF, 0x88, 0xDB, 0x2C, 0xEA,
    0x3F, 0xC5, 0x51, 0x9A, 0x4F, 0xAF, 0x00, 0xD8, 0x9B, 0x30, 0x6B, 0x24, 0xC6, 0x97, 0xAF, 0x4E,
    0xEB, 0x67, 0x39, 0x60, 0xBA, 0x26, 0xBE, 0x07, 0xA0, 0x4D, 0x64, 0x57, 0x0B, 0xD6, 0xBF, 0x79,
    0x03, 0xA2, 0x48, 0xA9, 0x99, 0x76, 0x68, 0x36, 0x32, 0xC4, 0x57, 0x52, 0x92, 0x6E, 0xBA, 0x91,
    0x93, 0x19, 0x7D, 0xCD, 0xC7, 0x36, 0xB0, 0x1D, 0xB3, 0x73, 0xD5, 0xFC, 0x78, 0xCC, 0x74, 0xFF,
    0xDE, 0x15, 0x6F, 0x1B, 0xBD, 0xDD, 0xF2, 0xAD, 0x82, 0x55, 0xED, 0xEE, 0x35, 0x15, 0x0A, 0x97,
    0x70, 0xEF, 0x8C, 0x6F, 0xAD, 0x9F, 0x1C, 0x5F, 0x13, 0x8E, 0x82, 0xF8, 0x15, 0xDD, 0x5B, 0x3D,
    0xD0, 0xE5, 0xD6, 0x59, 0x3E, 0x92, 0xD8, 0xD5, 0x60, 0x31, 0x51, 0x0A, 0x4C, 0xC1, 0x12, 0xAB,
    0x49, 0xC3, 0x10, 0x5B, 0xAD, 0x99, 0x59, 0xAF, 0xE4, 0x49, 0xB1, 0x85, 0x8B, 0x78, 0x06, 0xDC,
    0xC0, 0x30, 0x50, 0xB8, 0x81, 0xCC, 0xF0, 0x55, 0xCC, 0x50, 0xC4, 0x96, 0x8C, 0x0B, 0x17, 0x2E,
    0xBC, 0x45, 0x52, 0xA5, 0x08, 0x05, 0x0D, 0x50, 0x98, 0xC2, 0x85, 0x67, 0xD8, 0x5D, 0xC9, 0xD9,
    0x22, 0x05, 0x85, 0xE5, 0x64, 0x86, 0x14, 0x69, 0x04, 0x36, 0x93, 0x01, 0x17, 0x16, 0x63, 0xD9,
    0xD6, 0x7A, 0x25, 0x9D, 0x3C, 0xCF, 0xF3, 0x9E, 0xFB, 0x7D, 0x77, 0xBD, 0xDF, 0x9A, 0x78, 0xC0,
    0x4B, 0xEC, 0xBB, 0x7B, 0x75, 0xEF, 0x95, 0xCE, 0xCF, 0xFB, 0x77, 0xDE, 0xF7, 0x79, 0xDF, 0x73,
    0x3E, 0x57, 0xB4, 0xCE, 0xF7, 0xA9, 0xAF, 0x8B, 0xCD, 0x55, 0x93, 0x7B, 0xDE, 0xD9, 0xEB, 0x6B,
    0xCE, 0xCD, 0x2E, 0x19, 0x5C, 0x59, 0xBB, 0xCD, 0xA5, 0xB3, 0x2B, 0x7B, 0xE7, 0x5D, 0xBA, 0xBA,
    0x72, 0x52, 0x6B, 0x57, 0xAE, 0xCE, 0x4F, 0xA9, 0x6F, 0x8B, 0xDD, 0x35, 0x93, 0xBB, 0xA9, 0x3E,
    0x2B, 0x2F, 0x15, 0x2F, 0x79, 0x8B, 0xCB, 0xA5, 0x0F, 0x9C, 0x8B, 0xBC, 0xDF, 0x5D, 0xEA, 0xF7,
    0xAE, 0xCF, 0x7C, 0x93, 0x8E, 0xD9, 0x9E, 0xBF, 0x30, 0xA7, 0x7B, 0x3A, 0x3E, 0x97, 0xF8, 0x78,
    0x7E, 0x28, 0xF6, 0x35, 0xFA, 0xF8, 0x1E, 0x7D, 0xAA, 0x11, 0x7D, 0x8A, 0x39, 0x1D, 0x5D, 0xBA,
    0xC5, 0x33, 0xFA, 0xF1, 0x49, 0x35, 0x56, 0xC9, 0x90, 0xAF, 0xE8, 0x13, 0xF9, 0xAB, 0xE3, 0x75,
    0x57, 0x7D, 0x38, 0x57, 0x2E, 0xC6, 0x68, 0x68, 0xEA, 0xF7, 0xDA, 0xB9, 0xA2, 0xC7, 0x3C, 0xE8,
    0xE3, 0x1C, 0xFA, 0x1C, 0x28, 0xC0, 0xEB, 0x19, 0x3C, 0x73, 0x99, 0x5F, 0x70, 0xED, 0xDE, 0xDD,
    0xF1, 0xD4, 0x27, 0xDE, 0x71, 0x64, 0x7C, 0xCF, 0x17, 0x36, 0x03, 0xAB, 0x68, 0x03, 0xD2, 0xD9,
    0x64, 0xE0, 0xD5, 0xF3, 0x1A, 0x79, 0x8E, 0x18, 0x87, 0x2B, 0xB9, 0xE8, 0xBC, 0xDF, 0x0E, 0x57,
    0x0E, 0x82, 0x61, 0x76, 0x5E, 0xB3, 0x4D, 0x8C, 0x6A, 0xC6, 0x5C, 0x93, 0x97, 0xA4, 0xC3, 0x35,
    0xEC, 0x1A, 0xA9, 0xC9, 0x25, 0x8F, 0x57, 0x5B, 0x1D, 0x5D, 0x45, 0xDC, 0x57, 0xD8, 0xE0, 0x16,
    0x1A, 0x47, 0xF3, 0x95, 0x8B, 0xFE, 0xC9, 0x39, 0x79, 0xCF, 0xEF, 0xB3, 0xAB, 0x86, 0x62, 0x76,
    0x79, 0xEF, 0x6E, 0xB8, 0xAC, 0xC7, 0x7F, 0x88, 0xDE, 0x4D, 0xF8, 0xE7, 0x9E, 0x70, 0x97, 0x31,
    0x59, 0x9D, 0x83, 0x9E, 0x21, 0xE9, 0xA9, 0x15, 0x4C, 0x76, 0xD9, 0x95, 0x98, 0xCF, 0x25, 0x13,
    0x3F, 0x7D, 0xDD, 0x0C, 0xEE, 0x8E, 0xF7, 0x37, 0xA2, 0xE5, 0xD2, 0x96, 0x0E, 0xA4, 0xE5, 0xB9,
    0xAF, 0xE3, 0x92, 0x98, 0x2C, 0x30, 0x73, 0xEC, 0xFD, 0x2D, 0xEF, 0xA7, 0xC2, 0xAF, 0xE4, 0xAC,
    0x58, 0x5C, 0xBE, 0x89, 0x17, 0x3F, 0xBA, 0xAE, 0x87, 0x7A, 0x20, 0x78, 0xB4, 0x9B, 0x13, 0xB1,
    0xD8, 0x92, 0xCC, 0x62, 0x85, 0xA2, 0x13, 0xEF, 0x7F, 0xEA, 0x57, 0x27, 0xD2, 0x31, 0x73, 0x23,
    0x09, 0x25, 0x92, 0xAA, 0x2B, 0xC9, 0x21, 0x1F, 0x78, 0x97, 0xF3, 0x3A, 0x1D, 0xE4, 0xE5, 0x2A,
    0x3D, 0x4F, 0x7C, 0x2D, 0x69, 0x48, 0xC0, 0x99, 0xE4, 0xE6, 0x3A, 0x09, 0x28, 0xDF, 0x03, 0x55,
    0x35, 0x5B, 0x79, 0x92, 0xFB, 0x57, 0x3F, 0xFD, 0x93, 0xC3, 0xFF, 0xFA, 0x9E, 0x9F, 0x0F, 0xF9,
    0x77, 0x38, 0x37, 0x28, 0x68, 0xC6, 0x62, 0xC2, 0x25, 0x5A, 0xA8, 0xBD, 0x9B, 0x94, 0x7D, 0x59,
    0x27, 0x9A, 0x54, 0x34, 0x15, 0xA4, 0x2F, 0xD2, 0xB8, 0x25, 0x6F, 0x34, 0xEF, 0xE1, 0x59, 0xF7,
    0x06, 0x66, 0xE8, 0x7A, 0x4C, 0x5A, 0x8D, 0x20, 0xB0, 0x9C, 0x31, 0x00, 0x54, 0x57, 0xCE, 0xF8,
    0x01, 0x4B, 0xE8, 0xE6, 0x6C, 0x05, 0x03, 0x2F, 0xAF, 0xA0, 0x9E, 0x7D, 0x0A, 0xD1, 0x23, 0x4D,
    0xA5, 0xFA, 0x5A, 0x78, 0x17, 0xD5, 0xB0, 0x8A, 0x64, 0xE6, 0xA4, 0x1B, 0x55, 0x5D, 0x71, 0xE6,
    0xE2, 0x9D, 0x62, 0x45, 0x13, 0xF6, 0xB9, 0xE4, 0xAF, 0x81, 0xC5, 0x3E, 0x7F, 0xD1, 0x27, 0x7B,
    0x35, 0x55, 0xEF, 0xE3, 0x03, 0xBF, 0x30, 0x42, 0xD4, 0xDD, 0x76, 0xB2, 0x23, 0x4F, 0x96, 0xE3,
    0xBD, 0xBE, 0x48, 0x9B, 0xA1, 0x39, 0x2E, 0xB6, 0x4E, 0xA0, 0x3F, 0xAD, 0x94, 0xBC, 0x8D, 0x47,
    0x77, 0xB2, 0xD7, 0xD4, 0x35, 0x04, 0xE3, 0xA6, 0xBC, 0x2E, 0x96, 0x74, 0x4A, 0xDB, 0x09, 0x2A,
    0x29, 0xDD, 0xE5, 0x47, 0x9D, 0x6F, 0xA3, 0x29, 0xFE, 0x49, 0x9F, 0x4F, 0xEE, 0x82, 0x7B, 0xE4,
    0x72, 0x2C, 0x79, 0xBE, 0xDF, 0xCB, 0xE2, 0xF2, 0xC7, 0xE3, 0xFD, 0xF8, 0xE7, 0xE9, 0x53, 0x08,
    0xEB, 0xD7, 0xDD, 0x23, 0xA1, 0xEF, 0x30, 0xA5, 0x1A, 0xCA, 0x46, 0xCE, 0xDA, 0x30, 0xD1, 0x61,
    0xDE, 0x40, 0xC6, 0x81, 0xAA, 0x03, 0x91, 0xA4, 0x79, 0x3F, 0x63, 0xE1, 0xC0, 0x51, 0xB6, 0xB8,
    0x68, 0x6B, 0xFA, 0xA2, 0xDF, 0xDD, 0x96, 0xCC, 0xD9, 0x94, 0xF7, 0x55, 0xDB, 0xB8, 0x2D, 0x5E,
    0x92, 0x39, 0x1F, 0xF0, 0xA3, 0xAE, 0x9E, 0x5C, 0x5D, 0x73, 0xF2, 0x41, 0xDD, 0x7C, 0x5F, 0xED,
    0xD1, 0x3B, 0x35, 0x4D, 0xCF, 0xB0, 0xF0, 0x2A, 0x06, 0xDB, 0xFD, 0x0D, 0x97, 0xCC, 0x58, 0xBE,
    0x37, 0x53, 0xD8, 0xF0, 0x1B, 0x9B, 0xCB, 0xE6, 0xAA, 0x8F, 0x76, 0xF0, 0x57, 0xFD, 0x10, 0xFE,
    0x66, 0xAD, 0x7A, 0x7D, 0x89, 0xB7, 0x7C, 0x74, 0xF9, 0xD8, 0xC1, 0x76, 0xA0, 0x80, 0x64, 0x2A,
    0x5B, 0xA8, 0x1C, 0x4B, 0x6E, 0xD1, 0x1A, 0x79, 0xCE, 0x0C, 0xBC, 0xA4, 0xFD, 0xDD, 0xE1, 0x45,
    0x8B, 0xB1, 0x14, 0x85, 0x5A, 0xC0, 0x32, 0xBE, 0xEB, 0x77, 0xDF, 0x8C, 0xAE, 0x55, 0xFE, 0xB6,
    0xF7, 0x3F, 0xF3, 0xBE, 0x62, 0xFB, 0xCF, 0xA2, 0xA3, 0x7F, 0xA7, 0xBA, 0xA1, 0xA3, 0x94, 0xE6,
    0x0E, 0x1D, 0x95, 0x6F, 0xC0, 0x15, 0xB6, 0x53, 0xBC, 0x26, 0x2B, 0x75, 0x54, 0xF6, 0x65, 0x0F,
    0x1D, 0xC5, 0x6B, 0xBC, 0x42, 0x47, 0xF8, 0x59, 0xD5, 0xD0, 0x42, 0xBC, 0xC2, 0xC1, 0xE6, 0x8F,
    0x83, 0xCA, 0xD1, 0xE9, 0x67, 0x39, 0x40, 0x47, 0x78, 0xEA, 0xED, 0x27, 0x7C, 0xEB, 0x23, 0xEC,
    0x5B, 0xB5, 0xD0, 0x91, 0xFA, 0x42, 0x47, 0x65, 0x5F, 0x8C, 0xD0, 0x51, 0xE1, 0xFB, 0x6E, 0x9A,
    0x30, 0xEF, 0x1A, 0xF9, 0xCF, 0xA8, 0x23, 0x68, 0xF7, 0xE7, 0xF0, 0x59, 0xF0, 0x5B, 0x3D, 0x1A,
    0xF9, 0xE9, 0x89, 0xF4, 0x56, 0xFB, 0x8D, 0xC7, 0xE3, 0x5B, 0xC3, 0x77, 0x72, 0x38, 0x6F, 0x9A,
    0x37, 0x85, 0xE1, 0x0A, 0x49, 0xF0, 0x3B, 0xEA, 0x27, 0x69, 0x7D, 0xE2, 0xB6, 0x64, 0xEB, 0xBB,
    0x20, 0xDC, 0xFF, 0xA9, 0xF5, 0xE1, 0xF6, 0xB9, 0x2F, 0x0D, 0xB2, 0x7B, 0x73, 0x16, 0x17, 0xB1,
    0x66, 0x9A, 0x3F, 0x5E, 0xDC, 0x0E, 0x7E, 0xB7, 0x78, 0x73, 0x7F, 0x8D, 0x4F, 0x07, 0x31, 0x32,
    0xD4, 0x40, 0xE1, 0xA0, 0xBF, 0x95, 0x13, 0xCD, 0xE8, 0x98, 0x7A, 0x58, 0x9B, 0x9B, 0xB2, 0x29,
    0x9A, 0xC0, 0xD5, 0xC8, 0x37, 0xD6, 0x5C, 0x9D, 0x7C, 0xD0, 0xB5, 0x55, 0xEB, 0xD1, 0x7D, 0x75,
    0xD7, 0x32, 0xCC, 0xDB, 0xD4, 0xEE, 0xD2, 0x24, 0xF7, 0xF2, 0x70, 0x07, 0x1F, 0x00, 0xA3, 0xE1,
    0xA0, 0xD9, 0x54, 0xB9, 0xEA, 0x05, 0xC8, 0x35, 0xB9, 0xDD, 0xB4, 0x31, 0x95, 0x80, 0x78, 0xD1,
    0x30, 0x84, 0x35, 0x73, 0x02, 0xAF, 0xD0, 0x26, 0xB4, 0xCB, 0xE8, 0xEF, 0xDD, 0x6F, 0x5F, 0x63,
    0x68, 0xA0, 0x9B, 0x19, 0x70, 0x3F, 0x96, 0x53, 0xC4, 0x42, 0x47, 0x70, 0xA0, 0xE7, 0x80, 0x11,
    0xB7, 0xF8, 0x85, 0x45, 0x54, 0x8D, 0x08, 0x82, 0x88, 0x4F, 0x68, 0x0A, 0xDF, 0x81, 0xA6, 0xF0,
    0x94, 0xE7, 0x75, 0xF4, 0x7D, 0x5D, 0x2D, 0x85, 0xFF, 0x8A, 0xA3, 0x71, 0x22, 0x54, 0xFA, 0xDC,
    0xD7, 0x65, 0x39, 0x80, 0x39, 0x99, 0x69, 0x22, 0x49, 0x95, 0x12, 0xA0, 0x16, 0x6C, 0x66, 0xE1,
    0x53, 0xB7, 0xE5, 0xD4, 0xA2, 0xD9, 0x04, 0x87, 0x30, 0xB2, 0xA6, 0x94, 0x5A, 0xE7, 0xFB, 0x05,
    0x5F, 0x92, 0xB1, 0xF4, 0x6B, 0xDE, 0xE2, 0xC6, 0x15, 0xF8, 0xCF, 0x7E, 0xC9, 0x79, 0xAB, 0x3A,
    0xDC, 0x8A, 0x79, 0x2B, 0xE1, 0xAD, 0x84, 0xB7, 0x22, 0xDC, 0x82, 0x40, 0x5A, 0x3A, 0xC8, 0x64,
    0x3C, 0x84, 0xE6, 0x2B, 0x1C, 0xF7, 0x97, 0xBF, 0x15, 0x5F, 0x7B, 0xAC, 0x7C, 0x77, 0xB9, 0xEE,
    0x1E, 0x77, 0x69, 0xED, 0x5E, 0x13, 0xB7, 0x03, 0x7C, 0x61, 0x71, 0xCB, 0xCF, 0x25, 0x1D, 0xE0,
    0x74, 0xB2, 0x67, 0xAF, 0x0E, 0x11, 0xBC, 0x22, 0x0C, 0xDA, 0x44, 0xDA, 0xB8, 0x54, 0x3E, 0x7A,
    0x64, 0xBB, 0x3E, 0xDE, 0x52, 0xC4, 0x4F, 0xF8, 0xDD, 0xEC, 0xE7, 0x4B, 0xBC, 0x14, 0x43, 0xE5,
    0xF6, 0x6C, 0xCC, 0xC7, 0xCD, 0xED, 0xF0, 0x17, 0x6F, 0xAD, 0xD1, 0x9A, 0x0F, 0x55, 0xBB, 0xC3,
    0xE3, 0x7D, 0xB0, 0xBA, 0x4C, 0x0B, 0x12, 0x7C, 0x0E, 0x1D, 0x63, 0xEE, 0x02, 0x1B, 0x2B, 0x41,
    0x45, 0x3A, 0xC2, 0xEE, 0xD7, 0x6C, 0xA4, 0x32, 0xA9, 0xD4, 0xD6, 0x99, 0xB7, 0xD8, 0x61, 0x23,
    0x4D, 0x9B, 0xAC, 0xE5, 0x18, 0xE3, 0x86, 0x5C, 0xC8, 0x0E, 0x6B, 0xA0, 0xBF, 0x68, 0xE8, 0xB4,
    0x01, 0x0C, 0x4A, 0x44, 0x8C, 0xA2, 0x56, 0x58, 0xFA, 0x33, 0x49, 0xF4, 0xA2, 0x17, 0x9F, 0x29,
    0xA3, 0x16, 0xB5, 0xB1, 0x9B, 0x87, 0xC8, 0x11, 0x3F, 0xB2, 0x41, 0x77, 0x28, 0x7B, 0x82, 0x8B,
    0x2B, 0x66, 0x44, 0x14, 0x07, 0x66, 0xA4, 0xCE, 0x68, 0x2E, 0x74, 0x29, 0x8D, 0x39, 0x15, 0x70,
    0x99, 0x32, 0x2C, 0x76, 0x8E, 0x93, 0xB4, 0xE0, 0xF7, 0x0A, 0x8D, 0x16, 0x81, 0xA2, 0x27, 0xE8,
    0xD8, 0xD1, 0xE5, 0x9F, 0x27, 0x79, 0xA1, 0x47, 0x1B, 0x2E, 0x95, 0x3A, 0x7F, 0x8A, 0x26, 0x88,
    0x50, 0x7E, 0x43, 0xC2, 0x85, 0xEF, 0xA4, 0x9F, 0xB9, 0xCC, 0x49, 0xF3, 0x3E, 0x27, 0xCC, 0x80,
    0xDB, 0x82, 0xB6, 0x07, 0xC7, 0x06, 0x80, 0x5F, 0x45, 0x2D, 0x63, 0x91, 0x5A, 0x2A, 0xD3, 0x47,
    0x1A, 0x56, 0xD9, 0x9F, 0x9F, 0x72, 0x14, 0x21, 0x8E, 0xB3, 0x55, 0xE3, 0x8D, 0x95, 0x64, 0x31,
    0x1E, 0xC8, 0x12, 0x07, 0xA8, 0x4C, 0x93, 0x51, 0xE0, 0x85, 0xCB, 0x85, 0xE6, 0x06, 0x9E, 0xE4,
    0x14, 0x21, 0xE7, 0x1B, 0x47, 0xCC, 0x80, 0x73, 0xE9, 0xBE, 0xC3, 0xAC, 0x5C, 0x69, 0x08, 0xB8,
    0x58, 0x6D, 0x75, 0x3E, 0xC4, 0xF0, 0xC0, 0xB0, 0xE3, 0xA5, 0xD4, 0xAA, 0xC3, 0x0C, 0xC9, 0xC4,
    0xA1, 0x82, 0x78, 0x38, 0x83, 0xA4, 0xD5, 0x9B, 0x61, 0x5F, 0x0F, 0x2B, 0xB0, 0xD7, 0x1A, 0x76,
    0x70, 0xD7, 0xE9, 0x62, 0xF6, 0xD5, 0xB9, 0x7F, 0xE2, 0x0C, 0x05, 0xC4, 0x00, 0xA2, 0x05, 0x12,
    0x4B, 0xE9, 0x1C, 0x24, 0x97, 0xD4, 0xFF, 0x05, 0x0B, 0xE1, 0xD0, 0xD1, 0x44, 0x40, 0xB5, 0xB8,
    0x9B, 0x24, 0xBD, 0x42, 0x2C, 0x2E, 0x8D, 0xE4, 0x4B, 0xA3, 0xDC, 0x7B, 0x33, 0x6A, 0xDC, 0x0C,
    0xE2, 0x22, 0x9B, 0x91, 0x37, 0x39, 0xC1, 0x8B, 0x48, 0xDD, 0x88, 0x44, 0x74, 0x52, 0x08, 0x78,
    0x7D, 0xB4, 0x6E, 0x20, 0x1A, 0x12, 0x7A, 0x79, 0x6C, 0xEA, 0xE7, 0xB0, 0x46, 0xCB, 0xBD, 0x2E,
    0xEA, 0x94, 0x9E, 0x22, 0x19, 0xE3, 0xB7, 0x27, 0x09, 0xE8, 0xF5, 0x46, 0x42, 0x7E, 0x8C, 0x90,
    0x32, 0xEB, 0xB3, 0xFA, 0x06, 0x83, 0x48, 0x3C, 0xE4, 0xA2, 0xBE, 0xA3, 0xE3, 0x2A, 0xEA, 0x8C,
    0xD4, 0x72, 0x16, 0x28, 0x5C, 0xB3, 0x40, 0x47, 0x72, 0xC9, 0xB3, 0xC9, 0xB2, 0x32, 0xDD, 0xC4,
    0xD7, 0x02, 0x2A, 0x25, 0x50, 0x84, 0xCF, 0xD5, 0x9B, 0xDF, 0xE3, 0xF9, 0xCC, 0x27, 0x52, 0xDA,
    0xF4, 0xA1, 0xEC, 0x08, 0x50, 0x0B, 0x0F, 0x01, 0x44, 0x02, 0x54, 0xD4, 0xCB, 0x8D, 0x95, 0x64,
    0x79, 0x36, 0x10, 0x05, 0xEC, 0xF4, 0x77, 0xDD, 0x18, 0x6D, 0xDD, 0x98, 0x6C, 0xD5, 0x94, 0xAE,
    0xE5, 0x9E, 0x2F, 0x19, 0xAD, 0xC4, 0xE2, 0xD7, 0x85, 0x80, 0xF5, 0xE4, 0x4E, 0x02, 0xEA, 0x0A,
    0x48, 0xCC, 0x65, 0x7B, 0x70, 0xC0, 0x06, 0x3F, 0x8B, 0xC1, 0x2C, 0xE6, 0xDA, 0xB1, 0x73, 0xFE,
    0x8B, 0xDA, 0x9D, 0x22, 0x5E, 0xCD, 0x2F, 0xD4, 0x66, 0xDE, 0xDD, 0x3E, 0x2A, 0xA1, 0x3F, 0x18,
    0xD8, 0x68, 0x11, 0x5D, 0xA0, 0xDB, 0x6B, 0xA6, 0x74, 0xD5, 0x47, 0xBE, 0x54, 0x42, 0x4C, 0x93,
    0x3E, 0x80, 0xDD, 0x05, 0xBF, 0x7B, 0x72, 0x01, 0x8C, 0xCA, 0x8F, 0xC4, 0xC2, 0x08, 0x9D, 0xD9,
    0x26, 0x20, 0x2E, 0x2E, 0x27, 0x51, 0x08, 0xB7, 0x4A, 0x98, 0x68, 0x78, 0x94, 0xEE, 0x15, 0x00,
    0x95, 0x18, 0x15, 0x40, 0x32, 0x0B, 0xB8, 0x14, 0x73, 0x36, 0x7E, 0x0D, 0x1F, 0x22, 0xFB, 0xE1,
    0xC0, 0xD9, 0x31, 0xF5, 0xA9, 0x81, 0xCD, 0xC2, 0x5A, 0x34, 0xC6, 0xED, 0x76, 0x0E, 0xCF, 0x5F,
    0x50, 0xA6, 0x2D, 0x42, 0x38, 0xC1, 0x29, 0xB4, 0xB0, 0x04, 0xE4, 0xBF, 0xC5, 0x60, 0xD5, 0x76,
    0xFC, 0xB8, 0x09, 0xBB, 0xBF, 0x37, 0xFE, 0xFE, 0xC3, 0x39, 0xDC, 0xE6, 0xE7, 0x71, 0xDB, 0x1D,
    0xB8, 0x9D, 0x84, 0x88, 0xCE, 0xE1, 0xB6, 0x0C, 0xDC, 0x0E, 0x47, 0xDC, 0x46, 0xBF, 0x34, 0xB7,
    0xFE, 0x33, 0x70, 0x1B, 0xCF, 0xD1, 0xA0, 0x9C, 0x21, 0xE9, 0x4F, 0x93, 0x06, 0xF7, 0xBA, 0x92,
    0x0F, 0x37, 0xA5, 0xF3, 0x7D, 0xC1, 0x86, 0x7B, 0xC6, 0xFD, 0x2F, 0x74, 0x9B, 0xFC, 0x3F, 0xE9,
    0xB6, 0x68, 0xCB, 0x5A, 0x36, 0xAB, 0x24, 0xB2, 0x19, 0x95, 0x98, 0x86, 0x5F, 0xE1, 0xD9, 0x97,
    0x88, 0x5B, 0x81, 0x3B, 0xD2, 0x64, 0xB0, 0x75, 0x91, 0xE3, 0x4C, 0xC6, 0xC2, 0x80, 0x65, 0x6E,
    0x1F, 0xA5, 0xDD, 0xBC, 0x6E, 0xFC, 0x85, 0x0E, 0xAD, 0xFB, 0x5C, 0xCD, 0xBB, 0x78, 0x60, 0xE6,
    0x6D, 0xB9, 0xB5, 0x37, 0x5A, 0x43, 0x9A, 0xCD, 0x9B, 0xB3, 0x2B, 0x46, 0x4B, 0x6D, 0x56, 0x01,
    0x0E, 0xF2, 0xE0, 0x43, 0x79, 0x23, 0xDF, 0xD1, 0xCA, 0xAA, 0x2C, 0xAB, 0x65, 0xD4, 0xF8, 0xB6,
    0x55, 0x61, 0x2D, 0x64, 0x1B, 0xA0, 0xE7, 0x75, 0x73, 0xFB, 0x20, 0xA3, 0x32, 0x8F, 0x88, 0x04,
    0xB6, 0x68, 0x25, 0x17, 0x46, 0x31, 0x4B, 0xE3, 0x39, 0xF7, 0x6C, 0x99, 0x3A, 0xBA, 0xAC, 0x96,
    0x41, 0x78, 0xEB, 0xA2, 0x6F, 0x96, 0xC3, 0x32, 0x87, 0x1E, 0x15, 0x54, 0xF1, 0x2D, 0xCC, 0xC2,
    0xF8, 0xB4, 0x1E, 0xBE, 0xD1, 0xDF, 0x56, 0xD2, 0xBC, 0x8A, 0x0B, 0xBD, 0xCA, 0x29, 0xE0, 0x10,
    0x50, 0x8D, 0xD1, 0x19, 0x32, 0x4C, 0x67, 0xE2, 0xD4, 0xC4, 0x92, 0x08, 0xCA, 0xFD, 0x94, 0x69,
    0x77, 0xE1, 0x19, 0x81, 0x17, 0x16, 0x73, 0x52, 0xFF, 0x5F, 0x08, 0xF9, 0x99, 0xAF, 0x91, 0x0E,
    0x50, 0xAA, 0x55, 0xCD, 0x6B, 0xCE, 0xD4, 0x1D, 0xC8, 0x46, 0x25, 0x84, 0x55, 0x55, 0x85, 0x87,
    0xAD, 0x3C, 0xE3, 0x82, 0x3A, 0xE5, 0x0E, 0xAB, 0xF5, 0xAC, 0xB4, 0x10, 0x4A, 0x0F, 0xF6, 0xD8,
    0x28, 0xCE, 0x37, 0x7B, 0x00, 0x86, 0x7E, 0x57, 0x65, 0x88, 0xB2, 0x66, 0x7C, 0xC8, 0x07, 0xDE,
    0x02, 0xEA, 0x01, 0x91, 0x31, 0xD3, 0xF9, 0x96, 0x50, 0xB0, 0xF1, 0xFF, 0x88, 0x2F, 0x91, 0xA5,
    0x53, 0xD1, 0x07, 0x1A, 0xEC, 0xB2, 0xC5, 0x94, 0xF9, 0x14, 0x3D, 0x72, 0x41, 0x9E, 0x46, 0xD3,
    0x54, 0x26, 0x15, 0x79, 0x0B, 0x2F, 0x91, 0x7A, 0x24, 0xA7, 0x02, 0x3A, 0x25, 0x2F, 0x18, 0x67,
    0x66, 0x61, 0xB9, 0x6A, 0xCF, 0x09, 0x49, 0xB2, 0x2C, 0x3F, 0x47, 0x26, 0x2B, 0x32, 0x6A, 0x65,
    0x9A, 0x4A, 0xB2, 0x07, 0x9A, 0xCB, 0x65, 0x10, 0x16, 0xE3, 0x0E, 0x72, 0x18, 0x89, 0x4B, 0x2B,
    0x41, 0x1E, 0x30, 0x7A, 0xC3, 0x06, 0xA9, 0xA5, 0x44, 0xE2, 0x8A, 0x31, 0xD5, 0x63, 0xC2, 0x15,
    0xF4, 0x7E, 0x5E, 0x11, 0xB2, 0xA8, 0x0F, 0xBD, 0xCD, 0x84, 0x28, 0xA6, 0x55, 0x62, 0x7A, 0xDE,
    0x14, 0x5A, 0x4B, 0x99, 0x43, 0xA1, 0x74, 0x2D, 0x3B, 0x4D, 0xAE, 0xDD, 0x85, 0xFA, 0x6C, 0xE5,
    0x5A, 0x21, 0x2C, 0x95, 0xB8, 0xED, 0x9A, 0x98, 0x9C, 0x97, 0xF3, 0x38, 0xFB, 0x55, 0x67, 0x2D,
    0x94, 0xF2, 0xA4, 0xA3, 0x5C, 0xCE, 0xC1, 0xA2, 0x6A, 0x36, 0x11, 0xCB, 0x66, 0x63, 0x72, 0x6E,
    0xB4, 0xD1, 0x28, 0x43, 0x6A, 0x59, 0x2D, 0x8C, 0x14, 0x6A, 0x4F, 0xCC, 0x8C, 0x60, 0x7F, 0x08,
    0xC3, 0x88, 0xD6, 0x60, 0xCD, 0xC0, 0x88, 0x95, 0xC1, 0xF0, 0x98, 0x78, 0xD2, 0x0F, 0x5C, 0x54,
    0xD5, 0x4C, 0x38, 0x58, 0xC8, 0x9B, 0x64, 0x5A, 0x14, 0x30, 0x92, 0x42, 0x8F, 0x89, 0x41, 0xAB,
    0x89, 0xAC, 0xA1, 0xF7, 0x73, 0x87, 0xDE, 0xC1, 0x86, 0x30, 0x38, 0x24, 0x03, 0xD6, 0x98, 0x75,
    0xAC, 0xC4, 0x37, 0x7C, 0xDC, 0xD4, 0x8D, 0x16, 0x6E, 0x19, 0x2A, 0x72, 0x48, 0x9A, 0x88, 0x30,
    0x93, 0x0D, 0x69, 0x2B, 0xCC, 0xF3, 0x05, 0xF6, 0xAD, 0x06, 0x42, 0x22, 0x7B, 0x70, 0xBF, 0xD7,
    0xAF, 0x34, 0x53, 0xB4, 0x40, 0x7A, 0xC7, 0x92, 0x73, 0x6C, 0xC1, 0xF2, 0x18, 0x22, 0x99, 0x89,
    0xB8, 0x67, 0x4F, 0x99, 0x40, 0x2F, 0xBD, 0xA9, 0x6D, 0x52, 0x9F, 0x98, 0x47, 0x96, 0x0D, 0x70,
    0x5C, 0x79, 0x97, 0xCD, 0xF4, 0xCE, 0xD9, 0xE8, 0xDE, 0x99, 0xCD, 0xD2, 0x5E, 0x88, 0xB1, 0x84,
    0xBA, 0x0D, 0x79, 0xCB, 0x97, 0x60, 0x18, 0x56, 0x87, 0x39, 0x5C, 0x03, 0xD7, 0xD0, 0x99, 0x07,
    0xBB, 0x70, 0x58, 0xEA, 0x34, 0x39, 0x2E, 0x73, 0x46, 0x02, 0x15, 0xE4, 0x08, 0xC5, 0x2E, 0x1E,
    0x87, 0x6C, 0x12, 0xA3, 0xD2, 0x91, 0xCC, 0x93, 0xB1, 0x45, 0x9E, 0x8A, 0x73, 0xC9, 0xE8, 0x39,
    0x99, 0x3C, 0x18, 0x67, 0xCB, 0xD7, 0x50, 0x8C, 0x26, 0x59, 0x92, 0x0F, 0xE9, 0x52, 0x01, 0x9A,
    0x84, 0x49, 0x6E, 0xA4, 0x4C, 0x9E, 0x8D, 0xED, 0x8A, 0xD5, 0x56, 0x4D, 0xCA, 0xE8, 0x12, 0x88,
    0x23, 0x3B, 0xA9, 0xE8, 0x46, 0xAB, 0xE6, 0x15, 0x6A, 0xAD, 0xAA, 0x93, 0x29, 0x5A, 0xEF, 0x59,
    0x98, 0x93, 0xA8, 0x73, 0x16, 0xE2, 0xCE, 0x9D, 0xCC, 0x9F, 0x37, 0x99, 0x66, 0xB8, 0x97, 0x8B,
    0xEC, 0x5C, 0x2E, 0x28, 0xB5, 0x4C, 0x2A, 0x44, 0x6A, 0x85, 0x30, 0xD1, 0x77, 0x88, 0x09, 0x98,
    0x24, 0x5B, 0xB3, 0xD5, 0x6E, 0xDD, 0xFB, 0x8A, 0xB8, 0x38, 0x45, 0x9F, 0x06, 0x16, 0x6D, 0xA2,
    0x82, 0xF3, 0x69, 0x64, 0x11, 0xA7, 0x40, 0xCD, 0x09, 0x45, 0xB3, 0x0C, 0xB3, 0x3B, 0x54, 0xA4,
    0xCF, 0x69, 0x5E, 0x9E, 0xDF, 0x9C, 0x04, 0xC6, 0xE6, 0x0D, 0x20, 0x8D, 0xDB, 0xF6, 0xC1, 0x18,
    0x09, 0x56, 0x4F, 0x14, 0xC8, 0xDB, 0x44, 0xC6, 0x54, 0x3B, 0x3F, 0xA9, 0x6F, 0x63, 0xFE, 0xAA,
    0x5A, 0x34, 0x2E, 0x98, 0xCC, 0x2C, 0x6D, 0xE3, 0x9C, 0xFC, 0x90, 0x59, 0x15, 0x4A, 0x6F, 0xED,
    0x03, 0x16, 0x22, 0x1B, 0x5B, 0x2C, 0xB1, 0x53, 0x51, 0x99, 0x73, 0x53, 0xCC, 0xD4, 0x9B, 0x19,
    0x07, 0x14, 0x4B, 0xAB, 0x06, 0x85, 0x79, 0x58, 0x73, 0x0B, 0xA9, 0x8F, 0xF0, 0x8D, 0x91, 0x1C,
    0xF7, 0x4E, 0xBC, 0x20, 0x1C, 0xF4, 0xFC, 0x9F, 0x21, 0xDD, 0x34, 0xA0, 0x8C, 0x96, 0xB9, 0xAD,
    0x47, 0xC3, 0x4A, 0x8F, 0x65, 0x16, 0x0C, 0x3F, 0x15, 0x2B, 0x9F, 0xC9, 0xBA, 0xC6, 0x7B, 0x4A,
    0xB5, 0x65, 0x43, 0x32, 0x56, 0x85, 0x75, 0x56, 0xFC, 0xB5, 0x71, 0x02, 0xA6, 0xB9, 0xD3, 0x51,
    0xD1, 0x69, 0xD3, 0xA8, 0x48, 0x91, 0x56, 0x78, 0xCD, 0xDA, 0x55, 0xF5, 0x9E, 0xD7, 0x16, 0x88,
    0xFF, 0xD3, 0xCD, 0x71, 0xA9, 0xAD, 0x15, 0xEB, 0xA2, 0x00, 0x53, 0xCD, 0x5C, 0x90, 0xC9, 0xDE,
    0x4F, 0xC4, 0x08, 0x7B, 0xE4, 0x7F, 0xCC, 0xC1, 0x80, 0x09, 0xDE, 0xE4, 0x60, 0x70, 0x33, 0x0D,
    0x07, 0x23, 0x00, 0x52, 0x11, 0xAC, 0xA0, 0x02, 0x30, 0x10, 0xA7, 0xE1, 0x40, 0x0D, 0x07, 0x83,
    0x3C, 0x69, 0xC3, 0x05, 0xE5, 0x33, 0x05, 0xAA, 0xB8, 0x0E, 0x17, 0x4A, 0x3C, 0xA6, 0x2C, 0x6C,
    0x0F, 0xC6, 0x3D, 0x6D, 0x78, 0x28, 0x24, 0xC0, 0xF6, 0x61, 0x10, 0xE1, 0x90, 0x15, 0x17, 0xF6,
    0x91, 0x9E, 0x53, 0xA9, 0xD4, 0xB6, 0x11, 0x84, 0xAA, 0xAC, 0x7E, 0xEF, 0xCC, 0xB9, 0x50, 0xDC,
    0x8D, 0xEA, 0x8A, 0xD4, 0x09, 0xB4, 0x5A, 0x49, 0x81, 0x32, 0x7F, 0x3F, 0xD1, 0x03, 0xC5, 0x7E,
    0xE8, 0x64, 0xFE, 0xDF, 0xD4, 0xD6, 0xC9, 0xC6, 0x7B, 0xD0, 0xAD, 0x59, 0xE0, 0x4F, 0xCC, 0xEA,
    0x72, 0x99, 0xE9, 0x6A, 0x86, 0x3A, 0xAA, 0x0C, 0x69, 0xCD, 0xAB, 0x95, 0x8F, 0x22, 0x3F, 0x72,
    0x89, 0xE4, 0xAC, 0x4A, 0xCA, 0x2E, 0x64, 0x60, 0x6D, 0x74, 0xD0, 0xFD, 0x98, 0x0A, 0x92, 0x7C,
    0x2C, 0xAD, 0x36, 0x7E, 0x3B, 0xC5, 0x4E, 0x52, 0x9C, 0x31, 0x5D, 0x0E, 0x47, 0xBE, 0xB4, 0x0C,
    0x88, 0xA3, 0x3E, 0xDB, 0x99, 0x8A, 0x17, 0xF7, 0x65, 0x61, 0xD9, 0x36, 0xE2, 0x5C, 0xB5, 0x1D,
    0xE5, 0xC0, 0xD5, 0x8F, 0x84, 0x66, 0x17, 0x85, 0x81, 0xB2, 0xCD, 0xEF, 0x8D, 0x6F, 0x0F, 0x3F,
    0x6D, 0x98, 0x7A, 0x57, 0xD8, 0x7A, 0x15, 0xAC, 0x45, 0x8C, 0x72, 0x2D, 0x3D, 0x40, 0x98, 0x19,
    0xCB, 0x58, 0x71, 0x61, 0x97, 0xD1, 0x54, 0xAB, 0x82, 0x4B, 0x37, 0x5B, 0x06, 0x30, 0x18, 0x0F,
    0x57, 0x79, 0xAF, 0xD8, 0x24, 0xE1, 0x6E, 0xB6, 0x9D, 0xAF, 0x5B, 0x64, 0x39, 0xF7, 0x72, 0xDF,
    0xD5, 0x42, 0x96, 0x43, 0xF3, 0xDC, 0x2B, 0x17, 0x69, 0x96, 0x4C, 0x0E, 0xA4, 0xA7, 0xA0, 0xB8,
    0xD3, 0xBA, 0x6A, 0xBD, 0x83, 0x6B, 0x76, 0x69, 0x96, 0x88, 0x6D, 0x1B, 0xC9, 0x9F, 0x81, 0x93,
    0x4A, 0x89, 0x9E, 0x09, 0xC1, 0xA3, 0xAC, 0xBF, 0x66, 0x11, 0x76, 0x3A, 0x4D, 0x81, 0xE3, 0xB1,
    0xA3, 0x54, 0x73, 0xD6, 0xBC, 0xEF, 0xF3, 0xFA, 0x62, 0x32, 0x1B, 0x2D, 0xAA, 0x7A, 0xE7, 0xB3,
    0xA0, 0x76, 0xC8, 0x80, 0xFD, 0x93, 0x6C, 0x13, 0x1E, 0x7D, 0x89, 0x98, 0xC5, 0xEB, 0xA1, 0xD3,
    0xBD, 0xE0, 0xE5, 0x0A, 0x2F, 0x80, 0x4F, 0x00, 0x3F, 0x57, 0x78, 0x49, 0xB8, 0xD1, 0xE9, 0xAE,
    0xF0, 0x92, 0xFC, 0xDB, 0x72, 0x08, 0x72, 0xC2, 0xD6, 0x74, 0xBB, 0x2E, 0xBA, 0x33, 0x85, 0xAC,
    0x19, 0xDD, 0x26, 0xF6, 0xA8, 0xD4, 0x4D, 0xE8, 0xAA, 0x52, 0xB7, 0x89, 0x02, 0xBB, 0xF2, 0x9B,
    0x5C, 0xFB, 0x77, 0x89, 0xCB, 0xB2, 0x46, 0x2D, 0x94, 0x0B, 0x7F, 0x28, 0xE8, 0xA4, 0xA8, 0x17,
    0xFB, 0x77, 0xC9, 0x73, 0x33, 0xD3, 0xC7, 0xA6, 0xF4, 0xC8, 0xE2, 0x03, 0x50, 0x10, 0x32, 0x44,
    0x44, 0x68, 0xE9, 0x09, 0xDE, 0xF4, 0x08, 0x48, 0xF1, 0x56, 0x6E, 0x60, 0x9B, 0xBE, 0x1D, 0x54,
    0x21, 0xBD, 0x7C, 0xCB, 0x0F, 0xD9, 0x9C, 0xFA, 0xA7, 0xB0, 0x98, 0xFB, 0x72, 0x93, 0xE7, 0xEF,
    0x26, 0x3F, 0x95, 0xE8, 0x79, 0x0B, 0xB8, 0x13, 0xB2, 0xC8, 0x59, 0x99, 0x67, 0xF3, 0x8E, 0x41,
    0xD4, 0x7F, 0x04, 0x47, 0xBF, 0x33, 0x2D, 0x74, 0x87, 0x80, 0x53, 0x33, 0xBE, 0x60, 0xB4, 0xC2,
    0x2B, 0xCC, 0x97, 0x1B, 0x84, 0x47, 0x7B, 0x7F, 0xD5, 0x5B, 0xDA, 0x3D, 0xD0, 0xC3, 0x3D, 0xF3,
    0xB4, 0xED, 0xCE, 0x29, 0xA6, 0xDD, 0x6D, 0x03, 0xA1, 0x04, 0x6A, 0x1E, 0x2F, 0x38, 0x88, 0xB0,
    0xF1, 0x6C, 0x3B, 0xA2, 0x26, 0x36, 0x2B, 0xDD, 0x9F, 0xF7, 0x4A, 0x15, 0xFB, 0xFC, 0x2B, 0x20,
    0xAA, 0xF0, 0x3B, 0x9D, 0x1D, 0xA2, 0x5E, 0x66, 0x9B, 0x50, 0x72, 0x80, 0xBD, 0xE1, 0x40, 0x85,
    0xFC, 0x74, 0x35, 0xD0, 0x38, 0x0A, 0x85, 0x75, 0xB5, 0xD0, 0xA5, 0x05, 0xFE, 0xDC, 0xC2, 0x79,
    0xD3, 0x1F, 0x0D, 0xC1, 0x6D, 0xE3, 0xF9, 0xFE, 0x43, 0x30, 0xFA, 0x2B, 0xF2, 0x67, 0xAB, 0x5C,
    0x6E, 0x35, 0xB0, 0x16, 0x4C, 0x26, 0x4A, 0xFF, 0x3D, 0x3E, 0x2D, 0x7D, 0xB0, 0x6D, 0xCB, 0x31,
    0x4F, 0x0D, 0xC8, 0x98, 0xB6, 0x0D, 0xE0, 0xE0, 0xF3, 0x23, 0x4B, 0x7C, 0x0B, 0x4B, 0xC2, 0xF6,
    0xA3, 0x5C, 0xF5, 0x4B, 0xC1, 0xB2, 0xC5, 0xF4, 0xC4, 0x8A, 0x38, 0x95, 0x1D, 0xD4, 0x58, 0x55,
    0x11, 0x2A, 0xFB, 0xCE, 0xA2, 0xDC, 0xCD, 0xFB, 0xC1, 0x9B, 0x15, 0xEF, 0xB7, 0x8D, 0xE5, 0x56,
    0xD0, 0xBE, 0x65, 0xB4, 0x0C, 0xF5, 0x86, 0x7C, 0x0A, 0xF4, 0x46, 0x42, 0xCC, 0x96, 0x27, 0x2C,
    0x82, 0x6B, 0x88, 0xAC, 0xC6, 0x43, 0x60, 0xB9, 0x10, 0xAE, 0x71, 0x67, 0x43, 0x00, 0x9F, 0x04,
    0x31, 0x9C, 0x3B, 0xC4, 0x2A, 0x31, 0x08, 0xDC, 0x49, 0x3D, 0x39, 0x6B, 0xFC, 0x03, 0x91, 0x74,
    0xE6, 0xFF, 0xE3, 0x64, 0xB5, 0x2C, 0xA9, 0x55, 0xD9, 0xE5, 0x9D, 0x33, 0x77, 0x46, 0xB5, 0x49,
    0x71, 0xBE, 0xA5, 0x51, 0xA7, 0x5E, 0xF9, 0x76, 0xBE, 0x08, 0xE9, 0x84, 0x47, 0x9F, 0x82, 0xE5,
    0xBE, 0x68, 0xCC, 0x1E, 0xB0, 0x9B, 0x6D, 0x89, 0xDA, 0xF1, 0x9A, 0x90, 0xC8, 0x37, 0xE3, 0x59,
    0xF5, 0x25, 0x00, 0xD9, 0x67, 0x3F, 0xC9, 0x31, 0xB2, 0x4D, 0x70, 0xFA, 0x26, 0xFC, 0x44, 0xE3,
    0xD7, 0xC4, 0x6A, 0x55, 0xA5, 0x36, 0x6C, 0x49, 0x1F, 0x7E, 0xE7, 0x5B, 0x00, 0xDB, 0xD9, 0x6A,
    0x25, 0x31, 0xD5, 0x06, 0x60, 0x76, 0x98, 0xE5, 0x95, 0xE5, 0x50, 0x62, 0xE3, 0x40, 0xBD, 0xCC,
    0x4E, 0xF3, 0x34, 0x67, 0x85, 0xA3, 0x43, 0x2D, 0x29, 0xB8, 0x96, 0xBB, 0x4E, 0xB6, 0x98, 0x35,
    0x5A, 0x95, 0x29, 0x94, 0x7C, 0x6C, 0x31, 0x2A, 0xAB, 0x0A, 0x09, 0xCC, 0xE1, 0x57, 0x63, 0x47,
    0x0D, 0xD4, 0xCC, 0x46, 0xB6, 0x8A, 0x55, 0x22, 0x81, 0xA4, 0x92, 0x4E, 0xE6, 0xE9, 0x83, 0xA1,
    0x29, 0xC6, 0x11, 0x05, 0x15, 0x9E, 0x76, 0x91, 0x32, 0x0A, 0x7D, 0x31, 0x50, 0x66, 0x79, 0x04,
    0x48, 0x01, 0x67, 0x74, 0xD6, 0x53, 0xA2, 0x72, 0xDD, 0xC9, 0xAE, 0xB3, 0x39, 0x33, 0xAF, 0xB7,
    0x0F, 0x14, 0x45, 0x61, 0x42, 0xED, 0x56, 0x8A, 0x04, 0xBB, 0xDA, 0x69, 0x9E, 0xDA, 0xAA, 0x7E,
    0x32, 0xAD, 0x55, 0xA5, 0x90, 0x66, 0x4C, 0x94, 0xC6, 0xF5, 0x89, 0x12, 0xF8, 0xDA, 0x4A, 0x99,
    0x62, 0x1F, 0xCA, 0xE1, 0x33, 0xDB, 0x0F, 0xE7, 0x07, 0xD5, 0x5A, 0x2C, 0x02, 0x62, 0xC5, 0x5C,
    0xDC, 0xFE, 0xAA, 0xB6, 0x08, 0x54, 0xB1, 0xD7, 0xF6, 0x1D, 0x3E, 0x3A, 0x7D, 0x8C, 0x92, 0x5A,
    0x35, 0x0A, 0xB8, 0x35, 0x63, 0x41, 0xEE, 0xBB, 0x41, 0xE5, 0x33, 0x34, 0x20, 0x08, 0x05, 0x91,
    0xA5, 0xCE, 0x84, 0x3D, 0x4B, 0x69, 0xFA, 0x5B, 0x6B, 0x46, 0x05, 0xBE, 0xC4, 0x14, 0x31, 0xF2,
    0x4F, 0x2D, 0xF9, 0xC2, 0xB3, 0x5C, 0x3B, 0x0C, 0x22, 0xF1, 0x3A, 0xEA, 0x03, 0x3A, 0x68, 0x40,
    0xA9, 0xA5, 0xB4, 0xA1, 0xB4, 0x66, 0xF0, 0xFF, 0xF7, 0xC3, 0xE6, 0x7A, 0x50, 0x91, 0x3D, 0x2A,
    0x0F, 0x55, 0x29, 0x75, 0x10, 0x55, 0xCA, 0xFF, 0x4C, 0x3A, 0x36, 0x8C, 0x4E, 0x95, 0xB9, 0xAF,
    0x9E, 0x1E, 0x5C, 0xB8, 0x43, 0x10, 0xA1, 0x18, 0xF5, 0x4D, 0x5F, 0xC3, 0xCC, 0x75, 0x00, 0xAE,
    0x82, 0xAC, 0xB1, 0x18, 0x23, 0x44, 0xC6, 0x9D, 0x11, 0xD1, 0xD7, 0xD4, 0x41, 0x8F, 0xC1, 0xAA,
    0x09, 0xEE, 0x2F, 0x07, 0x5A, 0xB6, 0x27, 0xAC, 0x1C, 0x2F, 0x98, 0x09, 0x3F, 0xD4, 0x82, 0x5A,
    0x9C, 0x2B, 0x7F, 0xD1, 0x6A, 0xAC, 0x97, 0x6E, 0x67, 0x26, 0xFB, 0xE5, 0x10, 0xA7, 0x64, 0x18,
    0x42, 0xF1, 0x72, 0xEB, 0x86, 0xDA, 0x9F, 0x76, 0x0F, 0x92, 0x1A, 0xCD, 0x1E, 0x79, 0xE5, 0xCC,
    0xAC, 0x1C, 0xED, 0xD4, 0xE5, 0x96, 0xA8, 0x90, 0x76, 0x77, 0xF0, 0x7C, 0x10, 0xD4, 0x5C, 0x6A,
    0x33, 0xE8, 0x64, 0xCF, 0x78, 0xE8, 0x8F, 0x95, 0xE7, 0xAB, 0xAC, 0x72, 0xD4, 0xE7, 0xB9, 0xBF,
    0x07, 0x41, 0xCD, 0x75, 0x56, 0xD7, 0x91, 0xCC, 0xF6, 0x68, 0x83, 0x56, 0x99, 0x16, 0xCB, 0x75,
    0x2B, 0xB9, 0x3F, 0x78, 0x6A, 0x42, 0x9C, 0x18, 0x85, 0x7E, 0x79, 0xB9, 0x3A, 0xF2, 0x3C, 0x0E,
    0xA8, 0xC9, 0xDA, 0xC7, 0x98, 0x27, 0xE4, 0x68, 0x74, 0x23, 0xEF, 0x0F, 0x7B, 0x21, 0x5D, 0xFD,
    0xA0, 0x49, 0x8C, 0xBA, 0x7F, 0xFD, 0xDB, 0x93, 0x91, 0xD9, 0xFD, 0x1D, 0xB8, 0x87, 0x66, 0xF4,
    0xFE, 0xEA, 0x8E, 0x7E, 0xCD, 0x9A, 0xEC, 0xEA, 0x96, 0xEC, 0xF9, 0xAA, 0x33, 0x79, 0x05, 0x47,
    0x02, 0xC2, 0x46, 0xA8, 0xF9, 0xA1, 0x1F, 0x38, 0x1E, 0xE8, 0xC2, 0x42, 0x67, 0xFC, 0xEF, 0x86,
    0xC8, 0x5C, 0x85, 0xBC, 0x36, 0x49, 0x72, 0xEE, 0xEB, 0xDD, 0x40, 0x5F, 0xF4, 0x5A, 0x83, 0x44,
    0xB1, 0x4E, 0xE6, 0x6A, 0x2A, 0x40, 0xE2, 0x54, 0xEC, 0x9D, 0xFF, 0x98, 0xA7, 0x4D, 0xB7, 0x0A,
    0xA6, 0x1B, 0x75, 0xD7, 0x32, 0xC2, 0x87, 0x08, 0x88, 0xA5, 0xC0, 0xEF, 0x8E, 0x67, 0x21, 0x5F,
    0x42, 0x20, 0x8D, 0xB9, 0x4D, 0x32, 0x97, 0xC7, 0xA5, 0xBE, 0xD1, 0x0E, 0x82, 0x86, 0xF7, 0x6F,
    0xE0, 0xF7, 0x37, 0x30, 0xFB, 0x5A, 0xCD, 0xE9, 0x02, 0x28, 0x32, 0xB2, 0xCC, 0x11, 0x75, 0xEF,
    0x30, 0xE9, 0xC2, 0xFB, 0x69, 0x6D, 0xFE, 0xD8, 0x99, 0x9D, 0x55, 0x8B, 0x94, 0x88, 0x24, 0xA1,
    0x4A, 0x78, 0x82, 0xC4, 0xEA, 0xAD, 0x83, 0x15, 0x28, 0xB5, 0x07, 0x1D, 0xF1, 0x4B, 0x14, 0x82,
    0x33, 0xC6, 0x4F, 0x58, 0x0C, 0x5C, 0xB8, 0x93, 0x9F, 0xAD, 0xC9, 0x16, 0x43, 0xFC, 0xCE, 0xBF,
    0x81, 0x40, 0x3F, 0xE0, 0x3A, 0x56, 0x1F, 0xF9, 0x81, 0x07, 0x5C, 0x33, 0xFF, 0x5D, 0x4B, 0xE1,
    0xD1, 0x21, 0x82, 0xA4, 0x93, 0x97, 0xA0, 0xA9, 0xD1, 0xF7, 0xD9, 0x5C, 0x2E, 0xC5, 0xAC, 0xB2,
    0x47, 0xB0, 0x02, 0xAE, 0x06, 0x9B, 0xB4, 0xB7, 0x70, 0x59, 0x8C, 0xE1, 0x60, 0xEC, 0xC1, 0x8D,
    0x45, 0xDA, 0x96, 0x61, 0xD1, 0xE4, 0x45, 0x02, 0xF7, 0x72, 0xE2, 0xAC, 0xB5, 0xEF, 0x21, 0xB7,
    0x25, 0xDF, 0x12, 0x8F, 0x6C, 0x89, 0xD3, 0xA6, 0x12, 0xF7, 0xED, 0xDA, 0x02, 0x30, 0xE7, 0x25,
    0x96, 0x1B, 0x31, 0xE4, 0xF3, 0x90, 0x76, 0x39, 0x70, 0x62, 0x2B, 0x17, 0x74, 0xEF, 0x1C, 0x60,
    0x66, 0xAA, 0xBA, 0x00, 0xB7, 0x6C, 0x5E, 0x46, 0xCC, 0x1A, 0x75, 0xFE, 0xE7, 0xA8, 0xC4, 0xF8,
    0xF9, 0xCC, 0x9C, 0x0D, 0x10, 0x74, 0xD3, 0x77, 0xBD, 0x64, 0x97, 0xAA, 0x86, 0xC8, 0x5B, 0x9F,
    0xC0, 0x41, 0x9C, 0xBB, 0x62, 0x3A, 0x43, 0xC3, 0x62, 0x73, 0x4D, 0x5E, 0x4D, 0x39, 0xE0, 0x11,
    0xA4, 0x9D, 0xAF, 0x05, 0x8C, 0xF0, 0x23, 0x9A, 0x32, 0x82, 0x2F, 0xE5, 0xAD, 0xBA, 0xB2, 0xA6,
    0xA7, 0x17, 0x7C, 0x3C, 0xA5, 0xC4, 0x79, 0x0C, 0xAC, 0xD6, 0xFC, 0x4A, 0x31, 0x25, 0xF3, 0xBC,
    0x97, 0x39, 0xF2, 0x3F, 0x15, 0x5C, 0x0C, 0xD2, 0xEE, 0x85, 0xEE, 0x45, 0xBF, 0x3F, 0x84, 0x30,
    0xAA, 0xB0, 0x59, 0xD0, 0xB2, 0x63, 0xED, 0xAF, 0x69, 0x7D, 0x60, 0xB0, 0x32, 0x3C, 0xC2, 0xFC,
    0xD5, 0x87, 0x4B, 0xE7, 0x07, 0x31, 0x03, 0xF5, 0x65, 0xEB, 0xA1, 0xF4, 0x57, 0x6A, 0xEF, 0x2C,
    0xB8, 0xFC, 0x0B, 0x5D, 0x9B, 0x83, 0x67, 0xA6, 0xB4, 0x55, 0xA8, 0x39, 0x4E, 0xDA, 0x78, 0xE9,
    0xB4, 0x61, 0x12, 0xB6, 0xE2, 0xB8, 0x3A, 0xCA, 0x59, 0x8F, 0xAD, 0x55, 0x8D, 0xC1, 0x63, 0x16,
    0xE6, 0x48, 0x2A, 0x2C, 0x27, 0x65, 0xAD, 0x6E, 0x67, 0x0D, 0x38, 0x1F, 0xAA, 0x17, 0xE7, 0xD3,
    0x0A, 0xF0, 0xFF, 0xC1, 0xF0, 0x90, 0x3A, 0xC4, 0xDA, 0xDD, 0x82, 0x1A, 0x58, 0xC9, 0xE5, 0xCF,
    0xE3, 0xAC, 0x8C, 0xE9, 0xDE, 0xEE, 0x1E, 0x12, 0x18, 0xE9, 0x35, 0x04, 0xE3, 0x2D, 0xB4, 0x4A,
    0xC3, 0xCE, 0xED, 0x24, 0xB6, 0xB6, 0x11, 0x77, 0x13, 0x7D, 0x68, 0x04, 0xF9, 0x38, 0x4C, 0x02,
    0x85, 0x0F, 0xC1, 0xD2, 0xF8, 0xFA, 0x2D, 0x95, 0x9B, 0xA7, 0x8B, 0xEE, 0xA2, 0xFF, 0x90, 0xF0,
    0x00, 0x3A, 0x8B, 0x64, 0x11, 0x84, 0x0D, 0x84, 0x03, 0x37, 0x89, 0x42, 0x6B, 0x95, 0xF4, 0xB5,
    0x99, 0xC8, 0xCD, 0xC6, 0x81, 0x6A, 0x86, 0x32, 0x01, 0x34, 0xB8, 0x25, 0x9A, 0xAF, 0x25, 0xCB,
    0xAE, 0x04, 0x85, 0x3F, 0x22, 0x9C, 0x81, 0x74, 0xB4, 0x91, 0xDA, 0xBC, 0xED, 0x01, 0x6F, 0x9F,
    0xDA, 0xD9, 0x60, 0x01, 0x81, 0x04, 0x53, 0xE8, 0x5C, 0xCC, 0xCC, 0x6E, 0x59, 0x18, 0x65, 0x95,
    0xCA, 0x8E, 0xBF, 0x5E, 0xCB, 0x68, 0xF4, 0x7F, 0x33, 0x5A, 0x79, 0xDA, 0x3D, 0xC1, 0x22, 0xEB,
    0xF9, 0x11, 0xE9, 0x64, 0x3C, 0x19, 0xC1, 0x7F, 0xE3, 0xFB, 0xDF, 0xE3, 0xE9, 0x47, 0xA6, 0xD4,
    0x58, 0xB4, 0x7E, 0x86, 0x69, 0xC3, 0x35, 0xC8, 0xB7, 0xD2, 0x38, 0xE6, 0xE8, 0x60, 0x2F, 0xD5,
    0x64, 0xCE, 0x15, 0xB0, 0x4E, 0xFE, 0x8D, 0xCE, 0x31, 0x1C, 0xB9, 0xA7, 0x15, 0x8E, 0x50, 0x45,
    0xBE, 0xC9, 0x8A, 0xC6, 0x3F, 0x60, 0x86, 0xBE, 0x41, 0x7C, 0x27, 0x1F, 0xD7, 0x76, 0x9C, 0xB0,
    0x9C, 0x0E, 0xD5, 0x4E, 0xE1, 0x2C, 0x55, 0x3A, 0xAD, 0xCE, 0x59, 0x1F, 0x96, 0x83, 0xCE, 0x52,
    0x63, 0xA9, 0x6C, 0x98, 0xCB, 0x63, 0x4D, 0x65, 0xBB, 0xC5, 0x31, 0xFF, 0x63, 0x16, 0xB7, 0x5F,
    0x01, 0xCE, 0xE4, 0x8E, 0x78, 0xF5, 0x21, 0x34, 0xEE, 0x7F, 0xB6, 0x43, 0x3C, 0x15, 0x21, 0x3D,
    0xC4, 0x63, 0x0D, 0x18, 0x1D, 0xE6, 0x7C, 0x03, 0x15, 0xC5, 0x56, 0x2E, 0x56, 0xD0, 0xC8, 0xC2,
    0xBE, 0xA7, 0x16, 0x5F, 0xD7, 0x1F, 0x6D, 0x4E, 0x08, 0x8E, 0xDD, 0x3C, 0xDD, 0x12, 0xFD, 0x9C,
    0x09, 0x30, 0xBF, 0xB1, 0x86, 0x93, 0xDB, 0xCD, 0xB7, 0x60, 0xC8, 0x73, 0x3E, 0xB8, 0x2A, 0xE0,
    0xB9, 0xCF, 0x9F, 0x80, 0xBF, 0x74, 0x97, 0x59, 0x18, 0x7D, 0xDD, 0xF0, 0x7E, 0x4E, 0xB7, 0xF8,
    0xE8, 0x39, 0xC9, 0xA8, 0x48, 0x50, 0xB2, 0xD1, 0xBD, 0x45, 0xB5, 0xD7, 0xDD, 0x28, 0x1A, 0x64,
    0x08, 0x25, 0x41, 0x7D, 0xC5, 0x42, 0x08, 0x89, 0x98, 0x31, 0xAD, 0x5D, 0x26, 0xED, 0x0E, 0x90,
    0x8A, 0x81, 0x97, 0x9E, 0xD6, 0x59, 0x23, 0x36, 0xD1, 0x8E, 0xB4, 0xBE, 0x19, 0x6D, 0x74, 0x16,
    0x2C, 0x9E, 0x92, 0xD1, 0x60, 0x49, 0xCE, 0x8B, 0xBE, 0xE9, 0xDE, 0x83, 0x25, 0xC3, 0x0E, 0xC3,
    0x85, 0x3F, 0x87, 0xB0, 0x5D, 0xBE, 0xF3, 0xCE, 0x06, 0xDF, 0x7D, 0xC0, 0xF8, 0x9E, 0xD7, 0xBD,
    0x83, 0x1C, 0xD5, 0x00, 0xB5, 0xD3, 0x71, 0x03, 0x8B, 0xEC, 0xCE, 0x28, 0x3D, 0xC4, 0xFE, 0x2A,
    0x02, 0xC5, 0x9C, 0xEF, 0x58, 0x42, 0x1E, 0x6C, 0xC3, 0x0E, 0xBA, 0xF1, 0x0A, 0x92, 0xE0, 0xF8,
    0x7D, 0xFF, 0x83, 0xB5, 0xF8, 0xD6, 0xD6, 0x8D, 0x2B, 0xF4, 0xFA, 0x72, 0xEF, 0xDF, 0xDC, 0x9F,
    0xCF, 0x7C, 0x79, 0x67, 0x02, 0x53, 0x8A, 0xBB, 0x8A, 0x43, 0x3D, 0x91, 0xC4, 0x53, 0xBB, 0x31,
    0x51, 0xD1, 0xB5, 0xCC, 0x87, 0x93, 0xB0, 0xBF, 0x73, 0x24, 0xB6, 0xE5, 0x34, 0xC7, 0x2B, 0x3F,
    0x35, 0x71, 0xF8, 0x23, 0xDF, 0x66, 0x00, 0x21, 0x58, 0xFE, 0x11, 0x8B, 0x68, 0xBD, 0x60, 0x0E,
    0x23, 0x19, 0x16, 0x7B, 0x9B, 0xAD, 0xB6, 0xBC, 0x15, 0x16, 0xF4, 0x24, 0x0D, 0x4F, 0xF2, 0x7B,
    0x9F, 0xC8, 0x1B, 0x80, 0x3C, 0xE4, 0x81, 0xBB, 0xF7, 0xDF, 0xBF, 0xEA, 0x81, 0x71, 0x64, 0xB8,
    0xF5, 0x41, 0x20, 0xCA, 0x49, 0x95, 0x4B, 0x2A, 0x95, 0xD4, 0x36, 0xBC, 0xED, 0x57, 0x1F, 0x16,
    0xDE, 0x83, 0xA1, 0x46, 0xB3, 0xC7, 0x56, 0x38, 0x25, 0x2C, 0xDA, 0x78, 0x8C, 0x7B, 0x85, 0x0B,
    0x42, 0xC0, 0x39, 0x5E, 0x08, 0x0F, 0x86, 0x9A, 0x85, 0xBA, 0xD2, 0xDF, 0xB3, 0x68, 0x81, 0xE7,
    0xCC, 0x1E, 0xED, 0xE6, 0xDD, 0xAF, 0x07, 0xA4, 0xA9, 0x70, 0xE4, 0x3B, 0xB2, 0x62, 0x42, 0x73,
    0x7C, 0x30, 0x65, 0x3B, 0x3A, 0xA4, 0xF8, 0x6B, 0x67, 0x84, 0xF1, 0x6F, 0x11, 0x76, 0x95, 0x22,
    0xCA, 0xCD, 0x7D, 0x9B, 0x8B, 0x54, 0x38, 0x81, 0x98, 0xA6, 0x19, 0xC8, 0x4C, 0xB2, 0x5B, 0x19,
    0x63, 0xB2, 0x32, 0x46, 0xAA, 0x5D, 0x9C, 0x59, 0xD5, 0x61, 0xFF, 0x03, 0x1D, 0x61, 0xB0, 0x7D,
    0x93, 0xBB, 0x6A, 0x1A, 0x9D, 0xFD, 0x15, 0x53, 0x38, 0x1F, 0xB3, 0x1E, 0x1D, 0x99, 0x09, 0xB5,
    0xB5, 0xE3, 0x32, 0x86, 0x62, 0xC8, 0x6B, 0x84, 0x96, 0xFC, 0x93, 0x05, 0x1A, 0xD8, 0x66, 0x39,
    0xBC, 0x1D, 0xCF, 0xB3, 0x0A, 0x42, 0x7A, 0xA8, 0x23, 0x7C, 0x5B, 0xBB, 0x12, 0x9A, 0xE6, 0x82,
    0x31, 0x68, 0x43, 0xDA, 0xD5, 0xCA, 0x38, 0xE1, 0xAF, 0xAD, 0x2C, 0x37, 0xFF, 0x97, 0xF0, 0x67,
    0x44, 0xAC, 0x20, 0xCD, 0x8D, 0x76, 0x3F, 0x0D, 0x68, 0x14, 0x44, 0xD4, 0x3A, 0x12, 0xA2, 0x6B,
    0xCA, 0xB0, 0x4C, 0x0F, 0x5F, 0xA8, 0x12, 0x62, 0x57, 0x45, 0x6E, 0x8E, 0x5D, 0x30, 0x5E, 0x1B,
    0xB4, 0x0A, 0x67, 0xF3, 0x99, 0x57, 0xB0, 0x62, 0x4E, 0x78, 0xDA, 0x98, 0x53, 0x52, 0x25, 0xA4,
    0xEB, 0x8F, 0x26, 0xEF, 0x4F, 0xB5, 0x11, 0x87, 0x02, 0x4C, 0x7D, 0xBA, 0xD5, 0xD4, 0xF9, 0xED,
    0x78, 0x43, 0x22, 0x9C, 0x9A, 0xD8, 0xC5, 0xA9, 0xFD, 0xB8, 0xEF, 0x7E, 0xC4, 0x17, 0x4C, 0x6B,
    0xBF, 0x00, 0xDD, 0x5C, 0x3D, 0xB0, 0xE5, 0x44, 0x76, 0x6E, 0x49, 0xCC, 0x53, 0x19, 0x51, 0x2B,
    0x02, 0x63, 0x53, 0x8C, 0x6D, 0x11, 0x38, 0x31, 0xB8, 0x50, 0xEA, 0x00, 0x46, 0x5A, 0x08, 0x08,
    0x1C, 0x0C, 0x55, 0x66, 0xEC, 0x2A, 0x4F, 0xB0, 0x04, 0x0E, 0x5C, 0x65, 0x57, 0xBD, 0xC4, 0xC1,
    0x06, 0x66, 0x24, 0x3C, 0x01, 0x81, 0x83, 0x9D, 0xC0, 0x8E, 0x28, 0x97, 0x37, 0x20, 0xA0, 0x4C,
    0x30, 0x0E, 0x08, 0x36, 0x58, 0x90, 0x80, 0x2A, 0x13, 0x10, 0xAC, 0x60, 0x03, 0x02, 0x02, 0x6B,
    0xF1, 0xB8, 0x28, 0x2F, 0x01, 0xC2, 0x08, 0xD0, 0x63, 0x24, 0xB5, 0xCF, 0xF7, 0x9D, 0xD6, 0xBD,
    0xBA, 0xEF, 0xDD, 0xF7, 0x18, 0x58, 0xFE, 0xC6, 0xAF, 0x66, 0xAE, 0xEE, 0xBD, 0xD2, 0x6D, 0x75,
    0x7F, 0x7D, 0xFA, 0xFC, 0x7C, 0xE7, 0xB4, 0x8C, 0x31, 0x85, 0xB5, 0x8D, 0x31, 0xA6, 0xB2, 0xB6,
    0x96, 0x83, 0xD5, 0xC3, 0xFE, 0xBF, 0x4B, 0x7C, 0xF5, 0x6C, 0x89, 0x43, 0xA0, 0x17, 0x46, 0x7A,
    0x48, 0xF4, 0x90, 0xB1, 0x2D, 0x69, 0xB3, 0x35, 0x6C, 0x0C, 0x07, 0xDF, 0x16, 0x1D, 0xAE, 0x1F,
    0x79, 0x88, 0x87, 0xAC, 0xC7, 0xF5, 0x1D, 0x0F, 0x59, 0x9B, 0x0D, 0xB8, 0x79, 0x9D, 0x8E, 0xB8,
    0x3E, 0xC7, 0x21, 0x90, 0x3E, 0xC8, 0x21, 0x94, 0xC3, 0x84, 0xEB, 0x4D, 0x3C, 0x1B, 0x93, 0x76,
    0x26, 0x9A, 0x71, 0xBD, 0xDC, 0x10, 0xD7, 0xCB, 0x69, 0xE9, 0x48, 0x2E, 0x17, 0xE3, 0x9F, 0xFC,
    0xCF, 0xA3, 0x09, 0x87, 0x12, 0xF7, 0x2C, 0xEC, 0xE8, 0x0E, 0x6C, 0x8C, 0xA3, 0x2A, 0xA5, 0x6F,
    0xDA, 0xAB, 0x9D, 0xBF, 0xC8, 0x4A, 0x5B, 0x3C, 0x53, 0xF4, 0xD2, 0xA3, 0xA2, 0x8B, 0x47, 0x79,
    0x91, 0x26, 0xB3, 0xCE, 0xD8, 0x32, 0x19, 0x4C, 0xD1, 0xC6, 0x93, 0x49, 0x7B, 0xF9, 0x26, 0x1E,
    0x3D, 0x5B, 0xCB, 0xB1, 0x6A, 0xE5, 0x4C, 0xEA, 0xCE, 0x24, 0xBD, 0x6F, 0xCB, 0x48, 0x7E, 0xD3,
    0xF2, 0x0A, 0xDF, 0xD6, 0x9E, 0x7D, 0xCC, 0x76, 0x4F, 0xA5, 0x18, 0x84, 0x57, 0x5D, 0xAB, 0x6E,
    0xE0, 0x2E, 0xBF, 0x65, 0x3C, 0x60, 0x96, 0x9A, 0x10, 0x28, 0xA5, 0xE5, 0x61, 0x4E, 0xC8, 0xAC,
    0xF6, 0x60, 0x50, 0x54, 0xAF, 0xED, 0x41, 0xFC, 0xDF, 0x70, 0xA1, 0x20, 0xB8, 0x46, 0x3C, 0xDE,
    0x87, 0x78, 0xB5, 0x20, 0x0E, 0x8C, 0xFD, 0x99, 0x50, 0x87, 0x3B, 0x88, 0xA7, 0x0E, 0xF1, 0x66,
    0x85, 0xB8, 0x77, 0xCB, 0x88, 0xDB, 0x5B, 0x46, 0xDC, 0xF4, 0x26, 0x31, 0xE6, 0x82, 0x89, 0x73,
    0x13, 0xB7, 0x49, 0x2D, 0x9D, 0x47, 0x0F, 0xD9, 0x4D, 0x37, 0x8E, 0xCD, 0x5F, 0x75, 0x93, 0x13,
    0x34, 0x4B, 0xD3, 0x8F, 0xD9, 0x5C, 0xDA, 0xB7, 0x75, 0x08, 0xE4, 0x01, 0xE5, 0x20, 0x62, 0x16,
    0xCE, 0xC6, 0x36, 0xBE, 0xCD, 0x31, 0x17, 0x75, 0x32, 0xCA, 0x19, 0xE9, 0x51, 0x3C, 0xF8, 0xEE,
    0x0C, 0x7A, 0x3F, 0xC8, 0x48, 0xE4, 0x03, 0xAF, 0x90, 0xA1, 0x24, 0x7D, 0x66, 0x0F, 0xE4, 0x8E,
    0x22, 0xC5, 0xE7, 0x8F, 0xA2, 0x39, 0x3F, 0x21, 0xAE, 0xE1, 0x0E, 0x86, 0xE9, 0x5E, 0x71, 0xAD,
    0x28, 0xAE, 0xD3, 0x17, 0x89, 0xEB, 0x2E, 0x78, 0xD1, 0x0E, 0x78, 0xD2, 0x1F, 0xA0, 0x56, 0x34,
    0x0A, 0x5E, 0x09, 0xF0, 0x7C, 0x45, 0x2D, 0x54, 0xD4, 0xAE, 0xCF, 0xD7, 0xCC, 0x83, 0xF6, 0xC6,
    0x71, 0xF0, 0xA4, 0xD9, 0x8E, 0xD8, 0x84, 0xEC, 0x99, 0x89, 0x15, 0xB1, 0x94, 0x72, 0x60, 0x32,
    0x77, 0x78, 0xCD, 0xA8, 0x04, 0xF0, 0x63, 0x78, 0x84, 0x2E, 0x7D, 0xFA, 0x82, 0xCA, 0xFA, 0x1E,
    0x28, 0xC7, 0x53, 0xA1, 0x1C, 0x8F, 0x41, 0xD9, 0x9C, 0x0D, 0xE5, 0xDF, 0x9B, 0xE5, 0xE5, 0x69,
    0x76, 0x83, 0x1D, 0x04, 0x90, 0x41, 0xFF, 0x14, 0xF0, 0x43, 0xFF, 0x23, 0x4A, 0xB3, 0xF1, 0x7B,
    0x15, 0x5C, 0x7D, 0xAD, 0xF9, 0xDA, 0x6C, 0x66, 0xC3, 0x9B, 0x79, 0xD1, 0x74, 0x42, 0xDE, 0xBD,
    0x4B, 0xB8, 0xCF, 0xA1, 0x95, 0xC5, 0xE0, 0xD9, 0xCF, 0xAF, 0xCF, 0xFC, 0x55, 0x95, 0x0B, 0x5E,
    0x26, 0x6E, 0xF0, 0x1A, 0x74, 0x78, 0x35, 0x23, 0xDB, 0xBC, 0x60, 0x9C, 0xF0, 0x13, 0x32, 0xCE,
    0x90, 0xA1, 0x22, 0x91, 0xF9, 0xD5, 0x39, 0x27, 0x7A, 0x7A, 0x91, 0x9E, 0x8E, 0x27, 0x3D, 0x41,
    0xE4, 0x30, 0xDF, 0x09, 0x96, 0xB2, 0x89, 0x9A, 0x10, 0xB3, 0xD3, 0xE3, 0x2B, 0x6F, 0xE4, 0x14,
    0x56, 0xD2, 0x83, 0xD6, 0x64, 0xA5, 0xC0, 0xFC, 0x6B, 0x5C, 0x58, 0x58, 0xB6, 0x76, 0xE9, 0x09,
    0xB3, 0x0C, 0x3B, 0x98, 0x5D, 0x1B, 0x68, 0x3A, 0xEE, 0xF9, 0x7B, 0x63, 0xEE, 0x5E, 0x86, 0x22,
    0x7A, 0xC2, 0x83, 0xEC, 0x8B, 0x66, 0x35, 0xE9, 0x50, 0x74, 0xE1, 0xEC, 0x4F, 0x02, 0x6D, 0x9C,
    0xA7, 0xB8, 0x14, 0x1D, 0x84, 0x84, 0x61, 0x8D, 0x09, 0xF0, 0xF2, 0x66, 0xD2, 0x37, 0x77, 0xC9,
    0x37, 0x41, 0x2D, 0xA7, 0x46, 0xE9, 0x65, 0x55, 0xA6, 0x10, 0x8D, 0xCA, 0xF6, 0xD2, 0x1E, 0x55,
    0x89, 0xFE, 0x52, 0x70, 0x51, 0x59, 0xC5, 0x68, 0xFD, 0x49, 0x7A, 0x29, 0xDD, 0x0E, 0x3B, 0xBC,
    0x9A, 0x57, 0x8E, 0x83, 0x7A, 0xEE, 0x12, 0xBB, 0x63, 0x65, 0x0E, 0x43, 0x19, 0xCB, 0x20, 0x32,
    0x99, 0x4B, 0x57, 0x28, 0xA7, 0x39, 0x5E, 0xE3, 0x1A, 0xAF, 0x41, 0x07, 0x59, 0xE5, 0x6D, 0x8D,
    0xB9, 0x47, 0x27, 0x6D, 0x17, 0x60, 0x85, 0x76, 0x5E, 0x23, 0xB8, 0x07, 0x5A, 0xE9, 0xCB, 0x1F,
    0x41, 0x49, 0x8A, 0xD0, 0x8A, 0xA0, 0xB9, 0x79, 0x93, 0xBE, 0xC9, 0xD2, 0xF1, 0x47, 0xE9, 0x41,
    0x69, 0x66, 0xA0, 0xF9, 0xA2, 0xBC, 0xF1, 0xB0, 0xF8, 0x97, 0x59, 0x17, 0x71, 0xC4, 0xCF, 0x5B,
    0x2C, 0x44, 0xF9, 0xF1, 0x1B, 0xD2, 0xCF, 0x2E, 0xAD, 0xFD, 0x61, 0x2D, 0x26, 0xDF, 0x14, 0xA8,
    0x5E, 0xAF, 0x3A, 0x98, 0xFD, 0x28, 0x38, 0xA8, 0xA4, 0xDF, 0x9E, 0xD8, 0xF3, 0x77, 0xBB, 0x80,
    0x1A, 0x35, 0xD0, 0x5E, 0xF2, 0xBB, 0x5E, 0x8F, 0x51, 0xB3, 0xBB, 0xE0, 0xA4, 0xCD, 0x44, 0x14,
    0x97, 0xE0, 0xE9, 0xDB, 0x67, 0x2D, 0xE0, 0x94, 0x69, 0xE8, 0x71, 0xB5, 0x28, 0x02, 0x82, 0x89,
    0xBB, 0x02, 0x4B, 0xF7, 0xFF, 0x2E, 0xF9, 0xFC, 0x30, 0x90, 0xCC, 0xFA, 0x68, 0x00, 0x90, 0xA2,
    0xF9, 0x72, 0xC5, 0x51, 0x84, 0xEF, 0x0A, 0x7A, 0x5E, 0x56, 0x50, 0x4B, 0x83, 0x55, 0xA5, 0xAA,
    0xAA, 0x6A, 0x35, 0xBE, 0x1D, 0x18, 0x9F, 0x74, 0x30, 0x9A, 0x15, 0x8C, 0xF3, 0xD9, 0x30, 0x5E,
    0xF8, 0x8D, 0x60, 0xBC, 0xE7, 0x6C, 0x18, 0xED, 0x1A, 0xC6, 0x7C, 0x81, 0x31, 0xEC, 0x44, 0x0E,
    0x83, 0x21, 0x6E, 0xB1, 0xD8, 0x6A, 0x37, 0xAA, 0x0A, 0xF7, 0xCC, 0xBA, 0xE3, 0x70, 0x12, 0x4F,
    0x0A, 0x28, 0x10, 0x35, 0x94, 0x50, 0x60, 0xCA, 0x29, 0xD0, 0xEB, 0x69, 0x5A, 0x70, 0x29, 0x41,
    0xDD, 0xBC, 0xDC, 0x85, 0xEF, 0x1E, 0xC6, 0x59, 0x51, 0xD0, 0x82, 0xAE, 0xA1, 0x9C, 0x02, 0xDF,
    0x8D, 0xA0, 0x8A, 0xA7, 0xC1, 0x41, 0x7B, 0x1C, 0x6F, 0xF6, 0x66, 0xB7, 0x32, 0x63, 0xB1, 0x8E,
    0x3B, 0x9A, 0x4E, 0xF3, 0xDF, 0x44, 0x85, 0x1D, 0xE9, 0x41, 0x44, 0x1F, 0x6A, 0xF9, 0x90, 0x26,
    0xA9, 0x84, 0x6D, 0x04, 0x68, 0xE2, 0x3C, 0x60, 0x09, 0x15, 0x3D, 0xCC, 0x15, 0x30, 0x01, 0xE8,
    0xA2, 0x50, 0xB1, 0x9C, 0xE4, 0x00, 0x10, 0x71, 0x18, 0x79, 0x48, 0xF4, 0x00, 0x7D, 0x2B, 0xE0,
    0x43, 0x89, 0xCA, 0x0F, 0x80, 0xB6, 0xFC, 0x1C, 0x83, 0x94, 0x79, 0xC1, 0x30, 0xB1, 0xD0, 0x3A,
    0x9A, 0x00, 0x19, 0x5B, 0x88, 0x9B, 0x34, 0x9C, 0x26, 0x39, 0xC8, 0xF5, 0x1E, 0xFC, 0xA5, 0x06,
    0x87, 0x64, 0xA6, 0xDE, 0xC7, 0xF2, 0x17, 0xE8, 0xFE, 0x47, 0x3B, 0x7C, 0x50, 0x3D, 0x46, 0xBF,
    0x64, 0x4C, 0xE4, 0xEB, 0xF3, 0xB6, 0xAB, 0xB8, 0x48, 0xAF, 0xC2, 0xC4, 0x84, 0x73, 0x42, 0x5F,
    0xAA, 0xA7, 0xBA, 0xB3, 0xAF, 0xD3, 0x66, 0xDB, 0x18, 0x48, 0x7D, 0xC8, 0x79, 0x61, 0x53, 0xE1,
    0x1C, 0x01, 0x14, 0x71, 0xD5, 0xD0, 0x0E, 0x8D, 0x9B, 0x1A, 0x38, 0xAC, 0xF5, 0x70, 0xA6, 0xCE,
    0x71, 0xB2, 0xCE, 0x6E, 0x94, 0x18, 0x7F, 0x34, 0xE9, 0x18, 0xC5, 0x1D, 0x84, 0x32, 0x6A, 0x60,
    0xB3, 0xC4, 0x74, 0x62, 0xF8, 0xF2, 0x13, 0xC8, 0x5B, 0x3C, 0x8A, 0x03, 0x91, 0x63, 0x7A, 0xEC,
    0x75, 0xC0, 0xFF, 0x2E, 0x7C, 0xB8, 0x64, 0x88, 0x8E, 0xBE, 0x6E, 0x94, 0x13, 0xAC, 0x65, 0x77,
    0xF8, 0xC6, 0x50, 0xFE, 0x1D, 0x40, 0x14, 0xD1, 0x94, 0x9C, 0xE3, 0x6A, 0xA2, 0x91, 0xBE, 0xE7,
    0xF2, 0xFC, 0x24, 0x16, 0x81, 0x6D, 0xE9, 0x18, 0xE6, 0xAA, 0x5E, 0x15, 0x5D, 0x82, 0xAB, 0xD8,
    0x12, 0x5A, 0x45, 0x96, 0xC0, 0x2A, 0xAE, 0x0A, 0x2B, 0x51, 0x55, 0x50, 0x15, 0x53, 0x85, 0x94,
    0xDF, 0x29, 0xA0, 0x8A, 0xA7, 0xC2, 0xA9, 0x68, 0x2A, 0x98, 0x0B, 0x96, 0x09, 0x31, 0x8C, 0xE8,
    0x5A, 0xF9, 0x56, 0x75, 0xC9, 0xFE, 0x3F, 0xF4, 0x54, 0xAE, 0x02, 0xEA, 0x96, 0xB0, 0xC8, 0x32,
    0x95, 0xA1, 0xCB, 0x8A, 0x95, 0xDB, 0x88, 0x61, 0x46, 0xE7, 0x27, 0x40, 0xB0, 0xD2, 0x19, 0x83,
    0x19, 0xA9, 0x1A, 0x2E, 0x50, 0x67, 0x88, 0x8F, 0x85, 0x46, 0x1A, 0x42, 0x03, 0x8D, 0x39, 0x78,
    0x7A, 0xFA, 0x0A, 0x87, 0x9E, 0x40, 0x25, 0xD4, 0x70, 0xCB, 0xF4, 0xD7, 0xE9, 0xB0, 0x28, 0x96,
    0x8C, 0xD3, 0x9A, 0x94, 0x68, 0x3C, 0x6E, 0x70, 0x3A, 0xEC, 0x01, 0x99, 0x1D, 0xE9, 0x3E, 0x61,
    0x76, 0xD1, 0x20, 0x3C, 0xA9, 0x40, 0x75, 0xF3, 0xCE, 0xDF, 0x79, 0x3A, 0x84, 0x90, 0x88, 0xAB,
    0xA2, 0x2D, 0x46, 0x09, 0x26, 0xB2, 0x86, 0x01, 0x87, 0x4C, 0xD7, 0x20, 0xED, 0xDB, 0x57, 0xAD,
    0x04, 0x17, 0x85, 0xC4, 0x1A, 0x50, 0x48, 0xD5, 0x51, 0x0E, 0x61, 0xD4, 0x65, 0x7E, 0xB7, 0x74,
    0x22, 0x28, 0x05, 0xD2, 0x2B, 0x72, 0x71, 0x24, 0xA1, 0xC8, 0x33, 0xA2, 0x3D, 0x75, 0x76, 0xA9,
    0x2E, 0xFC, 0xDC, 0x3C, 0x45, 0x8F, 0x12, 0x4E, 0x5B, 0x41, 0xCF, 0x20, 0x26, 0x88, 0xBE, 0x53,
    0xCB, 0x47, 0x7B, 0xB1, 0x4C, 0xD0, 0xEB, 0x86, 0x43, 0xA0, 0x1F, 0x1B, 0x8C, 0x54, 0x9D, 0x4E,
    0x9E, 0x72, 0xCC, 0xAB, 0x8C, 0x33, 0x19, 0x35, 0x7C, 0x71, 0x9A, 0x15, 0x1E, 0x91, 0x6D, 0x02,
    0xBA, 0x43, 0xF0, 0xFE, 0x12, 0x4E, 0x5A, 0xC4, 0xF1, 0x8B, 0x9B, 0x99, 0xF0, 0x74, 0x88, 0xD3,
    0x9D, 0x87, 0xD5, 0x32, 0xC2, 0x89, 0x8C, 0xEC, 0x2A, 0xBE, 0x91, 0xC6, 0x83, 0x0E, 0xC2, 0x2D,
    0xE7, 0xD1, 0xF8, 0xA4, 0x3E, 0x74, 0xCE, 0x39, 0xAD, 0x53, 0xED, 0x8E, 0x89, 0x72, 0x23, 0x17,
    0xC1, 0x31, 0x7E, 0x45, 0xE6, 0x87, 0xCE, 0x40, 0x80, 0x3B, 0x79, 0x3B, 0xC1, 0x85, 0x57, 0x31,
    0xE8, 0x90, 0xA9, 0x18, 0xA4, 0xB7, 0x45, 0x5D, 0xD5, 0xC1, 0x44, 0xF7, 0x97, 0xDE, 0xB0, 0x6D,
    0xE2, 0x51, 0x96, 0x42, 0xF6, 0x19, 0x44, 0xD1, 0xDE, 0x90, 0xFB, 0xFC, 0x93, 0x5A, 0x48, 0x68,
    0x61, 0x0F, 0xDD, 0xF9, 0x13, 0x91, 0xCC, 0x10, 0xA2, 0x5D, 0x89, 0x63, 0x2C, 0xAE, 0x40, 0x8A,
    0x79, 0x53, 0x2F, 0x78, 0xB1, 0xA1, 0xE1, 0xB8, 0x75, 0x71, 0x11, 0x91, 0x9A, 0x13, 0xC6, 0xF5,
    0x36, 0x42, 0x95, 0x81, 0x86, 0x04, 0x2F, 0xEA, 0x43, 0x61, 0x95, 0xC4, 0xE5, 0xB1, 0x05, 0x56,
    0x35, 0x14, 0x53, 0x00, 0x0A, 0x29, 0x05, 0x9E, 0x8F, 0x59, 0x48, 0xA7, 0xC0, 0x09, 0x19, 0x05,
    0x9A, 0x10, 0x51, 0x80, 0x49, 0x09, 0x05, 0x96, 0x10, 0xD0, 0x67, 0x01, 0x25, 0xE4, 0x13, 0x48,
    0x52, 0x3C, 0x09, 0x24, 0x3B, 0x90, 0x13, 0x95, 0x9A, 0x1A, 0xAF, 0x83, 0xCA, 0x0A, 0x06, 0xAE,
    0xA6, 0x89, 0x9D, 0x10, 0x54, 0x8A, 0x6E, 0xE5, 0xD5, 0xCF, 0x88, 0x39, 0xE4, 0x34, 0xFA, 0x66,
    0x1B, 0xA0, 0x5D, 0x50, 0x41, 0xA4, 0x1A, 0x82, 0xCD, 0x30, 0x8E, 0x72, 0x3A, 0xC1, 0xE9, 0x1A,
    0xA8, 0x14, 0x1D, 0x1C, 0x38, 0xFD, 0x75, 0xB4, 0x71, 0x0E, 0x04, 0x54, 0x41, 0x45, 0xCE, 0x4B,
    0xE3, 0xA2, 0x1A, 0xE4, 0xB4, 0x37, 0x79, 0xBA, 0x54, 0x2B, 0xEB, 0x18, 0x90, 0xA8, 0xDC, 0x86,
    0x5F, 0x71, 0xBD, 0x8D, 0xC8, 0x02, 0x75, 0x08, 0xE7, 0x7B, 0xD5, 0xF0, 0x12, 0x68, 0x8D, 0x33,
    0xBF, 0x4E, 0x7C, 0xA0, 0x85, 0xC0, 0x15, 0x2C, 0xFF, 0x21, 0x00, 0x1E, 0x43, 0xCF, 0x7F, 0xC1,
    0x12, 0x16, 0x55, 0xF4, 0x0A, 0xEE, 0x19, 0xB5, 0x3E, 0xBE, 0x9C, 0x03, 0xBC, 0xA6, 0xBF, 0x1C,
    0x38, 0x3E, 0x0E, 0xB6, 0x1A, 0x17, 0x8F, 0xFA, 0x76, 0x93, 0x44, 0xF1, 0xC9, 0x7A, 0x93, 0xD4,
    0x85, 0x74, 0xE3, 0x0D, 0xD8, 0x39, 0xFC, 0x16, 0xE6, 0xF5, 0x5B, 0x5C, 0xDF, 0xEE, 0x56, 0x85,
    0x0B, 0x25, 0xE1, 0xA7, 0x05, 0x43, 0x65, 0x36, 0x48, 0x8B, 0x67, 0x5A, 0xEF, 0x8F, 0x5C, 0x05,
    0x94, 0x01, 0x62, 0xF1, 0xA2, 0x8C, 0x55, 0x3A, 0x20, 0x2A, 0x82, 0xC6, 0xBD, 0xA6, 0xED, 0x1F,
    0x68, 0x39, 0xB2, 0x32, 0x85, 0xC2, 0xEF, 0xE9, 0x8C, 0x3E, 0xE0, 0x8C, 0x89, 0x3A, 0xAE, 0xCE,
    0xAF, 0x55, 0x5F, 0xD6, 0x11, 0x16, 0x62, 0xA4, 0x64, 0xA2, 0x3E, 0x96, 0x8B, 0x05, 0x26, 0xB0,
    0x0F, 0xE9, 0x18, 0xD0, 0x1F, 0x29, 0xF1, 0x41, 0xA6, 0x82, 0x5E, 0x85, 0x49, 0x26, 0x7A, 0x95,
    0x6E, 0x3E, 0xE5, 0x02, 0xFA, 0xF5, 0xF4, 0x59, 0x32, 0xE9, 0x4D, 0xCD, 0x95, 0x02, 0x86, 0xE9,
    0x9E, 0x27, 0xDD, 0x10, 0xD1, 0x7A, 0x36, 0x71, 0x80, 0xDD, 0x32, 0x3E, 0x0E, 0xEF, 0xC4, 0xE8,
    0x0E, 0x8F, 0xD4, 0x9F, 0xB2, 0x62, 0xED, 0x52, 0x2B, 0x01, 0xF8, 0x33, 0xE8, 0x0D, 0x98, 0x32,
    0x58, 0xA7, 0x5A, 0x09, 0x05, 0x72, 0x09, 0xF2, 0x16, 0xB2, 0x33, 0xC2, 0xB3, 0x2A, 0x7E, 0x45,
    0x2F, 0x0B, 0xE8, 0x31, 0xA8, 0x93, 0x89, 0x36, 0x1A, 0x26, 0x6B, 0xD0, 0x2C, 0xDD, 0xEB, 0x9D,
    0x81, 0x8F, 0xC4, 0xC1, 0xE9, 0x64, 0xF6, 0x22, 0xFE, 0x3C, 0x19, 0x03, 0x12, 0x4E, 0x6C, 0x49,
    0x1A, 0xF5, 0x2C, 0xE0, 0x51, 0x9A, 0xAE, 0x81, 0xFB, 0xA2, 0x44, 0xD9, 0x4B, 0x26, 0xE6, 0xD2,
    0x84, 0x44, 0xD2, 0x14, 0x90, 0xC0, 0xCA, 0x57, 0x24, 0x64, 0x6B, 0xBE, 0xCC, 0x24, 0x65, 0x3B,
    0x93, 0x94, 0x73, 0x92, 0x3A, 0xC7, 0x20, 0x7C, 0x47, 0x93, 0xF4, 0x33, 0x0C, 0x31, 0xAA, 0xFD,
    0xD6, 0x0D, 0x30, 0x24, 0x05, 0x91, 0x2A, 0x9A, 0xC7, 0x46, 0xF7, 0xFD, 0x9C, 0x24, 0xA3, 0x6C,
    0x50, 0xD6, 0x6E, 0x99, 0x8B, 0x25, 0x62, 0x1A, 0x4F, 0xF5, 0xE4, 0x6E, 0xAF, 0x95, 0x64, 0x7E,
    0x4E, 0x4B, 0xD0, 0x6D, 0x06, 0xC8, 0xB7, 0xFA, 0xED, 0xF1, 0xBF, 0xEF, 0xE7, 0x24, 0xDD, 0x6E,
    0x80, 0x2B, 0x23, 0x5A, 0x6E, 0x6D, 0xBA, 0xA1, 0x07, 0xB3, 0x7C, 0x08, 0x9A, 0x95, 0xE4, 0xBD,
    0xCC, 0xD7, 0x3F, 0xD8, 0x37, 0x19, 0x7F, 0xBB, 0x21, 0x56, 0x69, 0xE5, 0xFD, 0x2D, 0x89, 0xA8,
    0x04, 0x02, 0xE5, 0xD4, 0x3B, 0x16, 0x4C, 0x1F, 0xA0, 0x27, 0x01, 0x2D, 0x95, 0x7D, 0x5B, 0xE6,
    0x31, 0x1B, 0x12, 0x8C, 0x92, 0x93, 0xD7, 0x60, 0x1E, 0x91, 0x24, 0x00, 0x81, 0x2A, 0xA1, 0x87,
    0x43, 0xBF, 0x40, 0xA8, 0x04, 0x7B, 0x97, 0xD0, 0xF7, 0xCF, 0xF0, 0x12, 0xEA, 0xE4, 0xE5, 0x0B,
    0x7E, 0x1E, 0x63, 0x7C, 0x86, 0x59, 0xD5, 0xAB, 0xA0, 0xB6, 0x7A, 0xB1, 0xE0, 0x01, 0x08, 0x77,
    0x9D, 0x3C, 0x6D, 0x49, 0x1A, 0x4D, 0xE4, 0xBE, 0x6D, 0x44, 0xDA, 0x7C, 0x42, 0x6F, 0x9C, 0x03,
    0xBF, 0xB0, 0x10, 0xD6, 0xB1, 0xAF, 0xEA, 0x04, 0x98, 0xA8, 0x57, 0x48, 0xD2, 0xBA, 0x50, 0x02,
    0xC0, 0xC1, 0x76, 0x2A, 0x3D, 0x60, 0x5C, 0x0C, 0xC5, 0xA3, 0xEF, 0x02, 0xD6, 0x40, 0xF9, 0x6B,
    0xBE, 0xD7, 0xA3, 0x62, 0x8D, 0xF7, 0xF1, 0xA4, 0x46, 0x1E, 0xC7, 0x58, 0xE3, 0x69, 0xBE, 0x4F,
    0xDC, 0x11, 0x51, 0x12, 0xDD, 0x0D, 0xCA, 0x96, 0x86, 0xC4, 0xF8, 0x0E, 0x6E, 0x1D, 0xC3, 0x58,
    0x0D, 0xC8, 0x49, 0x86, 0xB8, 0x40, 0x96, 0x72, 0xC5, 0x30, 0xAC, 0x55, 0x33, 0xA5, 0xA1, 0x2B,
    0x1D, 0x42, 0x9F, 0xC4, 0x4C, 0x6D, 0x54, 0x8E, 0xB4, 0x7B, 0x85, 0xC0, 0x0A, 0xFF, 0xAF, 0x62,
    0xB7, 0x47, 0xE7, 0xBE, 0xAE, 0x6D, 0xDB, 0x88, 0x05, 0x33, 0xFB, 0x88, 0xA8, 0xCB, 0x78, 0xD7,
    0x45, 0xBF, 0x3C, 0x71, 0xE0, 0xF2, 0x03, 0xEF, 0x70, 0xDC, 0x98, 0xFE, 0xB4, 0xDF, 0xAC, 0x66,
    0x22, 0x4B, 0xA6, 0xD7, 0x14, 0x6F, 0x89, 0xF7, 0x10, 0xCD, 0x50, 0xC2, 0xE4, 0xFC, 0x25, 0x68,
    0x85, 0x7F, 0xC1, 0x04, 0xD1, 0x20, 0x37, 0xF5, 0xC1, 0xB5, 0xC3, 0xFD, 0x61, 0x9A, 0x88, 0x19,
    0x22, 0x9F, 0x59, 0x12, 0x06, 0xC6, 0x64, 0xE2, 0x19, 0xFE, 0xD6, 0x02, 0x9E, 0x48, 0x0D, 0xF9,
    0x78, 0xFE, 0x40, 0xBE, 0x92, 0xD0, 0x2F, 0xB6, 0xA3, 0x9C, 0x4D, 0x8F, 0x6E, 0x7D, 0x22, 0xE8,
    0xB2, 0x0A, 0xB2, 0xCB, 0xF1, 0xFB, 0x36, 0x11, 0xA7, 0x83, 0xEB, 0xD1, 0x6D, 0x4C, 0xE8, 0xF0,
    0x5D, 0xB6, 0xA0, 0x52, 0xAB, 0x2F, 0x00, 0x37, 0xF8, 0xBA, 0xC0, 0x15, 0xAB, 0xFA, 0xEF, 0xA2,
    0x73, 0x22, 0xD1, 0x86, 0xB8, 0xCD, 0xE3, 0xD2, 0xBD, 0x1F, 0xFB, 0xC3, 0x29, 0x94, 0x02, 0x38,
    0x41, 0xAB, 0x34, 0x8B, 0xB2, 0x87, 0x24, 0x12, 0x81, 0x13, 0x81, 0xA0, 0x7B, 0xCB, 0x94, 0x10,
    0x60, 0xA2, 0xC0, 0xD0, 0x6B, 0xC6, 0xE5, 0xFE, 0x29, 0x97, 0xA7, 0xFB, 0x2F, 0x07, 0x78, 0xBE,
    0x8A, 0xAF, 0x74, 0x30, 0x99, 0xA3, 0x67, 0xE4, 0x43, 0xFC, 0x98, 0xAD, 0xFF, 0xCE, 0xDB, 0xE9,
    0xDC, 0xB9, 0xAA, 0x0C, 0xE4, 0xD2, 0x3B, 0x31, 0x7F, 0xAA, 0x3F, 0xD9, 0x86, 0x0C, 0x0E, 0x31,
    0x05, 0x66, 0x1D, 0xB7, 0x43, 0xBA, 0x6E, 0x56, 0xA8, 0xDD, 0x45, 0xA2, 0x98, 0x4C, 0xF6, 0xA9,
    0xE8, 0x71, 0x90, 0xE7, 0x37, 0x8C, 0x52, 0x0E, 0x1E, 0x62, 0x9D, 0xC2, 0x76, 0xFB, 0x87, 0x5E,
    0x38, 0x26, 0x85, 0x23, 0x8C, 0x27, 0x47, 0x00, 0x61, 0x20, 0xA7, 0x7E, 0x99, 0xDE, 0xEA, 0x97,
    0x02, 0x6B, 0xCB, 0xE1, 0x4A, 0x37, 0x72, 0xE9, 0xC5, 0x4E, 0x27, 0x2E, 0x0F, 0x18, 0xE2, 0x75,
    0xD0, 0x58, 0xB5, 0xA1, 0x1D, 0xC3, 0x68, 0xFC, 0xCD, 0xE7, 0xF8, 0xC4, 0x67, 0x2F, 0xB0, 0x87,
    0xA5, 0x0C, 0x8D, 0x1E, 0xFC, 0x81, 0x31, 0xD7, 0x4C, 0x8F, 0x14, 0x64, 0x23, 0x51, 0x09, 0x68,
    0x7E, 0x12, 0x04, 0xD1, 0x71, 0xE6, 0x85, 0x53, 0xCB, 0x41, 0x6A, 0x1E, 0xAF, 0xD4, 0x95, 0xB0,
    0xCD, 0x22, 0x58, 0x67, 0x60, 0x39, 0x8B, 0xE8, 0x38, 0x90, 0xA6, 0xA5, 0x4B, 0x07, 0x67, 0x25,
    0x00, 0x76, 0x68, 0xDD, 0x1C, 0xF2, 0x0E, 0x98, 0xDA, 0x78, 0x74, 0x23, 0x45, 0xC3, 0x98, 0xD9,
    0x08, 0xB7, 0x8A, 0x73, 0xAF, 0x1B, 0xCC, 0x23, 0xC8, 0x8A, 0x4A, 0xA7, 0xD0, 0xA7, 0x6D, 0x97,
    0x64, 0x5A, 0x63, 0x59, 0x9A, 0x18, 0x73, 0xE6, 0xF8, 0xC1, 0x8E, 0x53, 0x28, 0xAB, 0x02, 0xAD,
    0x81, 0x5A, 0x1A, 0xB9, 0x80, 0x52, 0xE5, 0xB2, 0xF4, 0xAA, 0x5C, 0xA6, 0x54, 0x60, 0xCC, 0x97,
    0x80, 0x9A, 0xFF, 0x7D, 0xB7, 0x2E, 0x55, 0x65, 0x68, 0xFF, 0xA8, 0x1A, 0x66, 0xA7, 0x1E, 0x46,
    0x1D, 0x89, 0x63, 0x13, 0x39, 0xE8, 0x35, 0xD9, 0xCF, 0x14, 0x8C, 0x2E, 0x75, 0xFC, 0x3F, 0xB4,
    0x9F, 0x73, 0x49, 0xE3, 0xBF, 0xE9, 0x35, 0x16, 0x8D, 0x1C, 0x41, 0x80, 0x48, 0x3B, 0x79, 0x2D,
    0x67, 0x48, 0xEA, 0x03, 0x25, 0xB0, 0x60, 0xA5, 0xDC, 0x2C, 0xE5, 0x6A, 0xBC, 0xB2, 0x0C, 0xEE,
    0xAA, 0x9D, 0xEF, 0xAC, 0x7A, 0x5D, 0xA8, 0x89, 0x5B, 0xBB, 0x6E, 0x75, 0x22, 0x01, 0x99, 0xF6,
    0xCB, 0x1A, 0xBE, 0x2F, 0xB3, 0x43, 0x65, 0xCB, 0xAA, 0x11, 0x73, 0x9C, 0xC2, 0x88, 0x47, 0x8C,
    0x48, 0xE7, 0x7B, 0x7D, 0xDB, 0x79, 0x0C, 0xCF, 0x70, 0xCB, 0xAC, 0xD5, 0x1E, 0x67, 0xAD, 0x7E,
    0xDE, 0x63, 0xC8, 0xBE, 0x14, 0x10, 0x0B, 0x18, 0x6B, 0x20, 0x16, 0x30, 0x1A, 0x63, 0x1C, 0x10,
    0x3E, 0x17, 0xCB, 0x4C, 0x20, 0x74, 0x48, 0x76, 0x19, 0xD2, 0xB8, 0x33, 0xA4, 0x7A, 0x67, 0x48,
    0x9E, 0xCC, 0x91, 0x88, 0x26, 0x16, 0x5D, 0xA1, 0x6B, 0x6E, 0xDC, 0x6A, 0x96, 0x74, 0x59, 0xFF,
    0x00, 0xDD, 0x77, 0x7D, 0xDD, 0x74, 0x6E, 0xA3, 0x99, 0x8D, 0xBB, 0xBD, 0xDA, 0xDC, 0xD9, 0x6C,
    0xFB, 0xAB, 0xB3, 0x55, 0x6F, 0x8D, 0xC2, 0xC2, 0xCF, 0x6F, 0xD5, 0xF8, 0xA2, 0x9F, 0x37, 0x76,
    0x61, 0x7F, 0xB3, 0xA4, 0x4F, 0xB4, 0x59, 0x09, 0x36, 0x74, 0xDC, 0x51, 0x17, 0x2A, 0x6E, 0x59,
    0x9D, 0x29, 0x91, 0x62, 0x71, 0xBD, 0x18, 0x90, 0x37, 0xA8, 0xAB, 0x04, 0x8A, 0xC8, 0xBA, 0xAC,
    0x8E, 0x4B, 0x38, 0xC9, 0x7C, 0x50, 0x08, 0xF0, 0x6B, 0xA4, 0xA3, 0x5D, 0xAE, 0x40, 0xA4, 0x41,
    0xA0, 0x11, 0x81, 0xB8, 0x72, 0x4C, 0x9B, 0x79, 0xD5, 0xEB, 0x76, 0xF6, 0x09, 0xE6, 0x01, 0x6C,
    0x99, 0xAC, 0xD8, 0x46, 0x6B, 0x0C, 0xE8, 0x0B, 0xEB, 0x0F, 0x05, 0x5B, 0x69, 0x52, 0x3E, 0xA9,
    0xC2, 0x27, 0xB8, 0x8A, 0x73, 0x40, 0x67, 0x49, 0xCE, 0x60, 0x72, 0x50, 0x84, 0xC1, 0x69, 0xF0,
    0x70, 0xDD, 0xA7, 0xA0, 0x06, 0x04, 0x79, 0xB8, 0x94, 0x37, 0x42, 0x3A, 0x72, 0x09, 0xB5, 0x4C,
    0x55, 0xB2, 0x1E, 0x85, 0x5F, 0xC8, 0x30, 0xBD, 0xA3, 0x79, 0x71, 0x15, 0xD4, 0x3B, 0x33, 0x69,
    0x63, 0x56, 0x51, 0x72, 0xC8, 0x78, 0x52, 0x79, 0x80, 0xEC, 0x1F, 0xBB, 0x25, 0x4E, 0x0E, 0xFA,
    0xFD, 0x31, 0x4C, 0x44, 0x4F, 0x3D, 0xD2, 0xB2, 0x1A, 0x1A, 0x07, 0x97, 0x84, 0x52, 0x27, 0x4D,
    0x09, 0x2D, 0xF5, 0x9D, 0x5D, 0xDD, 0x01, 0xEF, 0xC6, 0x5B, 0x79, 0x2E, 0x55, 0x5E, 0x6F, 0x58,
    0x13, 0xF5, 0x45, 0xF5, 0x35, 0xB4, 0x5B, 0x46, 0x86, 0xD9, 0x82, 0x92, 0x4E, 0x72, 0x09, 0x19,
    0xCE, 0x98, 0xC7, 0xCE, 0x4A, 0xCA, 0x6F, 0xE9, 0x58, 0xEC, 0x12, 0x4E, 0xFE, 0xB0, 0x9D, 0x1B,
    0x6D, 0x27, 0x9D, 0x9D, 0x87, 0x08, 0xC6, 0x88, 0x69, 0xE3, 0xA4, 0x8E, 0xD6, 0xE1, 0xE4, 0x7D,
    0x74, 0x56, 0xA1, 0xB9, 0x29, 0x1B, 0x80, 0x24, 0x19, 0x5C, 0x9E, 0x2A, 0x58, 0x44, 0xCC, 0x99,
    0xB5, 0xD2, 0xA9, 0x3D, 0xBA, 0x4C, 0x2A, 0x87, 0xCB, 0x05, 0x05, 0x65, 0x0F, 0x54, 0xF5, 0xB8,
    0xC4, 0x80, 0xF8, 0x44, 0xDE, 0x94, 0x08, 0x43, 0x96, 0x9F, 0x83, 0x90, 0x5A, 0x70, 0xDA, 0x48,
    0x96, 0xA8, 0x3E, 0xCC, 0xEC, 0x2C, 0xAE, 0x81, 0x28, 0x44, 0xFB, 0x2C, 0x50, 0x74, 0xD9, 0x90,
    0x78, 0x76, 0x19, 0xE2, 0x3C, 0x56, 0x27, 0x0F, 0x74, 0x25, 0xA2, 0x27, 0x92, 0x5F, 0x23, 0x0F,
    0xF1, 0x9C, 0x28, 0x09, 0xF6, 0x23, 0xE2, 0x6E, 0x3F, 0xEC, 0x55, 0x1F, 0x0C, 0xCA, 0xD6, 0x59,
    0x25, 0x74, 0x94, 0xD1, 0xB1, 0x87, 0x93, 0xA6, 0x8E, 0x88, 0x76, 0xD1, 0x15, 0xBD, 0xB6, 0xC3,
    0xFE, 0xCF, 0x9E, 0x9A, 0xE8, 0x3C, 0xD3, 0x7B, 0x85, 0x4C, 0x23, 0x31, 0x4A, 0x61, 0x7F, 0x68,
    0xAC, 0x41, 0xD6, 0xE5, 0x95, 0xE8, 0x71, 0x97, 0x80, 0x33, 0x97, 0x56, 0xF9, 0xCD, 0xA5, 0x64,
    0x43, 0xF9, 0x42, 0x4D, 0x40, 0x6E, 0x32, 0xA0, 0x51, 0xBD, 0x2E, 0xF2, 0x70, 0x9F, 0xA2, 0x9D,
    0xEC, 0xE8, 0x65, 0x8E, 0x15, 0x80, 0xFC, 0x05, 0x05, 0x81, 0x49, 0x42, 0x8A, 0x10, 0x87, 0xCF,
    0x59, 0x21, 0xBA, 0xA4, 0xFE, 0xE5, 0x4C, 0x0C, 0x60, 0x44, 0x4A, 0xC3, 0x39, 0x46, 0xCF, 0x2E,
    0x7E, 0x24, 0x6B, 0xE2, 0x3F, 0xBB, 0x3F, 0x14, 0x34, 0x61, 0xC2, 0x00, 0x6F, 0xA8, 0x5C, 0x1D,
    0x97, 0x36, 0x20, 0xC9, 0xFE, 0x97, 0x8E, 0x41, 0x86, 0x00, 0x45, 0x1A, 0xF5, 0xED, 0x0F, 0xB9,
    0x6C, 0xD3, 0x8E, 0x85, 0x23, 0x07, 0x82, 0x68, 0x61, 0xDF, 0x98, 0x1D, 0xBF, 0xB9, 0xFC, 0x05,
    0x1B, 0xDF, 0xD8, 0x71, 0x48, 0xDD, 0x26, 0x9A, 0x47, 0xCC, 0xAB, 0xDE, 0xCA, 0x8D, 0xAD, 0x27,
    0x71, 0xD8, 0xF8, 0x93, 0xAC, 0xAD, 0xD0, 0xBE, 0x8A, 0x88, 0x06, 0x09, 0xFB, 0x4F, 0xA4, 0x77,
    0x3F, 0x1C, 0xEE, 0x90, 0x3B, 0xD1, 0x5B, 0xB9, 0x82, 0x3E, 0x14, 0xDB, 0xDE, 0x95, 0x10, 0x5D,
    0x9C, 0xB9, 0x49, 0x87, 0x86, 0x76, 0x30, 0x9E, 0x02, 0x24, 0x37, 0x5E, 0x6F, 0xAA, 0x26, 0xB3,
    0x5D, 0x26, 0xAD, 0x21, 0x68, 0x46, 0x6B, 0xC8, 0xF0, 0x50, 0x93, 0x10, 0xCF, 0x61, 0xB3, 0x92,
    0xB8, 0xF0, 0x88, 0xBA, 0x3A, 0xEF, 0x4C, 0x13, 0xDE, 0x79, 0xD2, 0x4E, 0x38, 0x07, 0xCF, 0xDF,
    0xFE, 0x68, 0x15, 0xFD, 0xE9, 0x82, 0xE3, 0x5A, 0xD5, 0x30, 0x57, 0x35, 0xC1, 0xB8, 0x19, 0x3C,
    0xF5, 0xAC, 0x2E, 0xD4, 0x6C, 0x1B, 0x33, 0x70, 0x89, 0x63, 0x99, 0x3E, 0xCF, 0x58, 0x16, 0xAB,
    0xD4, 0xA7, 0xC6, 0xCA, 0xE8, 0xCA, 0x74, 0xAC, 0x12, 0x23, 0xFD, 0xDA, 0x56, 0x5A, 0x36, 0x64,
    0xCC, 0x13, 0xAA, 0x91, 0x62, 0x4D, 0xA7, 0x42, 0x33, 0x60, 0x31, 0x44, 0xD2, 0xD2, 0x9D, 0x2B,
    0xF4, 0x0F, 0x45, 0xF7, 0x49, 0x77, 0xEF, 0x63, 0x41, 0x8A, 0xCB, 0xC9, 0x3B, 0x8F, 0xDC, 0xA3,
    0x47, 0xAE, 0xC9, 0xA1, 0xC0, 0x45, 0x69, 0x10, 0x12, 0x28, 0xBE, 0xC8, 0xD9, 0x13, 0x1A, 0xBC,
    0x41, 0x6B, 0x1B, 0x96, 0x14, 0x3F, 0x15, 0x46, 0xEB, 0xFE, 0x7F, 0xF2, 0x12, 0x49, 0xD5, 0x8D,
    0x3B, 0x01, 0x17, 0xDD, 0xB9, 0x31, 0x8A, 0x40, 0xE0, 0x24, 0x6E, 0x19, 0xE5, 0x17, 0x9C, 0x89,
    0x4E, 0x39, 0xE3, 0x5F, 0x93, 0x33, 0xDE, 0x80, 0x33, 0x2F, 0x2B, 0x30, 0x05, 0xB4, 0x10, 0x4C,
    0xC5, 0x47, 0x0C, 0x52, 0x36, 0xB8, 0x6C, 0xB4, 0xEA, 0x06, 0x79, 0xD7, 0x5C, 0xB3, 0xC4, 0xEC,
    0x2C, 0x98, 0x3A, 0xE8, 0xB6, 0x91, 0xBF, 0xC6, 0xE9, 0x22, 0x44, 0x35, 0x70, 0x92, 0xB1, 0xCA,
    0xF0, 0x35, 0x80, 0xC6, 0x20, 0xBF, 0xF4, 0x67, 0xC4, 0xF7, 0x97, 0xE1, 0xA3, 0x2E, 0xF4, 0x30,
    0x64, 0x1C, 0x68, 0x57, 0x6A, 0xBE, 0x1F, 0x41, 0x21, 0x12, 0xE4, 0xEB, 0xC7, 0xAB, 0x45, 0x32,
    0x3A, 0x71, 0x14, 0x10, 0x23, 0x3A, 0x99, 0x31, 0xD2, 0xA8, 0x4D, 0xCC, 0xC8, 0x29, 0xA1, 0x99,
    0xD7, 0x54, 0xC6, 0x85, 0x93, 0x6A, 0x7D, 0xD1, 0x16, 0xFA, 0xAA, 0x34, 0xBC, 0xA6, 0x30, 0xD2,
    0xB5, 0x35, 0xE9, 0x77, 0xAC, 0xC9, 0x39, 0xA3, 0xB2, 0x06, 0x60, 0x52, 0xE6, 0x7F, 0x33, 0xCA,
    0x68, 0x61, 0x28, 0x6D, 0xCC, 0xB6, 0xD0, 0x75, 0x01, 0xAC, 0x87, 0x5D, 0xF1, 0xAC, 0x1D, 0xD3,
    0xB7, 0xAA, 0x39, 0x96, 0x80, 0xEA, 0xF1, 0xDE, 0x54, 0x6F, 0x0F, 0x22, 0x08, 0xD0, 0xB3, 0x17,
    0x64, 0xBD, 0x24, 0x5A, 0x09, 0x43, 0x8A, 0xBD, 0x53, 0xD4, 0x21, 0x49, 0x5F, 0xE6, 0xCB, 0x52,
    0x85, 0x29, 0x66, 0x29, 0xC4, 0x8D, 0x65, 0xAD, 0x69, 0x5C, 0xB1, 0x19, 0x8E, 0xB3, 0x7F, 0x4E,
    0x29, 0xBA, 0x64, 0x85, 0x8E, 0xC8, 0xF1, 0x49, 0xF1, 0xBC, 0x56, 0xA2, 0x14, 0x45, 0xC2, 0xE5,
    0xCD, 0x6C, 0x42, 0x00, 0xAE, 0xE8, 0x8D, 0x9E, 0xD6, 0xC4, 0x05, 0x22, 0xEA, 0xA9, 0xAF, 0x14,
    0xE9, 0x62, 0xC9, 0x88, 0xB8, 0xE7, 0xAA, 0x18, 0x3A, 0x8D, 0x8A, 0xCB, 0x05, 0x9A, 0x2F, 0xBF,
    0xC4, 0xBC, 0x3E, 0x9C, 0x82, 0x31, 0x92, 0xFF, 0xE2, 0x77, 0xF4, 0xCB, 0x12, 0x4B, 0x4F, 0x5B,
    0x62, 0x9F, 0xF6, 0x6E, 0x89, 0x99, 0x5B, 0x5E, 0x62, 0xF7, 0xE3, 0x4C, 0xC5, 0x90, 0x8D, 0xB5,
    0x27, 0x00, 0x97, 0x36, 0x97, 0xD5, 0x4D, 0xB3, 0xA3, 0x8F, 0x0C, 0x15, 0xFB, 0x43, 0xFB, 0x97,
    0x58, 0x73, 0xEA, 0x12, 0x3B, 0xA8, 0x72, 0x1A, 0xE0, 0x17, 0x4F, 0xD5, 0x19, 0xF7, 0x9B, 0x64,
    0x46, 0x2D, 0x0A, 0xFE, 0x97, 0xA6, 0xC0, 0x7A, 0xE8, 0x68, 0x55, 0x40, 0xB4, 0xDF, 0x7B, 0x0C,
    0x1F, 0x9F, 0xF8, 0x98, 0x0D, 0x3E, 0x81, 0x7D, 0xAE, 0x0C, 0xC8, 0x6B, 0x39, 0x9B, 0xF0, 0xDB,
    0x7A, 0xF0, 0x9D, 0xEF, 0x94, 0x2E, 0x8C, 0x95, 0xDA, 0xC0, 0x64, 0x30, 0xAB, 0x4A, 0x2C, 0xB3,
    0xB0, 0x35, 0x7F, 0xB5, 0xC7, 0xCF, 0x0A, 0xA5, 0xF7, 0xA2, 0x44, 0xEB, 0x04, 0xF5, 0x02, 0xF4,
    0xF6, 0x3B, 0xDE, 0x19, 0x8E, 0x1A, 0xAA, 0x10, 0x33, 0xCC, 0x75, 0xA3, 0x78, 0xA9, 0x9E, 0xA7,
    0xEB, 0x91, 0xC2, 0x5E, 0xC3, 0xE9, 0xA8, 0x46, 0x38, 0x82, 0xC1, 0x54, 0xF4, 0x01, 0x86, 0xDA,
    0x89, 0x49, 0xC1, 0x3C, 0xBD, 0x6A, 0x9B, 0x02, 0xAB, 0x34, 0xB0, 0xAF, 0xC1, 0x29, 0x1E, 0x42,
    0xFB, 0xA7, 0x68, 0xAC, 0x89, 0x2D, 0x1B, 0xCB, 0x93, 0xC9, 0xD2, 0x87, 0xC9, 0xE8, 0x41, 0x75,
    0x1A, 0x3E, 0x57, 0x25, 0x6F, 0x13, 0xA0, 0xC2, 0x60, 0x22, 0x37, 0x1B, 0xC0, 0xE0, 0x4A, 0x43,
    0x11, 0x5D, 0x6C, 0x56, 0x24, 0x92, 0xC2, 0x4D, 0x41, 0xD3, 0xA0, 0x1A, 0xB9, 0x59, 0x54, 0xC9,
    0x62, 0xDB, 0xB7, 0x0A, 0xD3, 0xDF, 0x5A, 0xAC, 0x73, 0x5B, 0xD5, 0xDF, 0x1E, 0x8A, 0x7B, 0x3B,
    0x17, 0xB6, 0x7E, 0x90, 0x4B, 0x59, 0x86, 0x29, 0xCD, 0xD9, 0x1E, 0x7C, 0xC7, 0xB4, 0xE5, 0x3B,
    0x7A, 0x6F, 0x89, 0x48, 0xE0, 0x35, 0x23, 0xB8, 0x12, 0xC9, 0xA7, 0x47, 0xCD, 0xCA, 0x66, 0xAD,
    0x0B, 0x45, 0xDE, 0xAB, 0x85, 0x43, 0x3D, 0xD1, 0x95, 0x6E, 0xFF, 0x0C, 0x04, 0xC9, 0x24, 0x62,
    0x7A, 0xF8, 0x39, 0x68, 0x9C, 0x06, 0xB5, 0xA8, 0xD2, 0x5B, 0x50, 0x24, 0x1D, 0x93, 0x9C, 0x04,
    0x6C, 0xE6, 0x38, 0x91, 0x60, 0x24, 0x60, 0x02, 0x3B, 0x01, 0x43, 0x10, 0xAD, 0x65, 0xBE, 0x1C,
    0xE7, 0x4D, 0x51, 0x94, 0x00, 0xEC, 0x1D, 0xD1, 0x70, 0x00, 0x4C, 0x06, 0x4E, 0xC0, 0x92, 0x89,
    0xE8, 0x77, 0xD9, 0x98, 0x12, 0xB0, 0xA2, 0x27, 0xFA, 0xC6, 0x7E, 0x4C, 0xC0, 0x3C, 0xF1, 0x55,
    0x00, 0x18, 0x65, 0xDC, 0xB7, 0xEA, 0x0D, 0x48, 0x43, 0x31, 0x1D, 0x95, 0x46, 0x66, 0x98, 0xE8,
    0x0B, 0xEC, 0x39, 0xA7, 0xB1, 0x1A, 0x5D, 0xAF, 0x3A, 0xF2, 0xAA, 0x3E, 0x57, 0xF0, 0xC0, 0x9E,
    0x9D, 0x64, 0x33, 0x1C, 0x83, 0xE2, 0x84, 0xCB, 0x39, 0xDF, 0x1B, 0x99, 0x83, 0x06, 0xA7, 0x1E,
    0x72, 0x3E, 0xB0, 0x8B, 0x50, 0xC2, 0xDD, 0xC0, 0xF2, 0x5B, 0xC3, 0x7F, 0xF5, 0xF7, 0xF2, 0x8A,
    0x92, 0x2E, 0xB7, 0x25, 0xAE, 0x1B, 0xD7, 0x51, 0xAB, 0x6C, 0x5F, 0x32, 0x3B, 0xBC, 0xB8, 0xAE,
    0x99, 0x2C, 0x57, 0x24, 0x6C, 0xD2, 0xEA, 0x82, 0x72, 0xE4, 0xB8, 0xAB, 0x81, 0x0F, 0xCF, 0x2E,
    0xA5, 0xC9, 0x31, 0xF3, 0x21, 0x2B, 0xB3, 0x11, 0x90, 0x8D, 0x2C, 0x70, 0x08, 0x04, 0x5F, 0x88,
    0x26, 0x22, 0x25, 0x64, 0x1F, 0xA8, 0x02, 0x98, 0x99, 0x80, 0x81, 0x61, 0x9D, 0x1A, 0x3C, 0xFD,
    0xEC, 0x43, 0x09, 0xC9, 0x10, 0x94, 0xFE, 0x68, 0xC2, 0x84, 0x05, 0x63, 0x36, 0xC2, 0x1C, 0x26,
    0xE2, 0x60, 0x23, 0xFC, 0xAA, 0x6A, 0xDB, 0x49, 0x63, 0xBE, 0x78, 0xD8, 0x6F, 0xA3, 0xB1, 0x3E,
    0xB0, 0xBF, 0x40, 0x63, 0x4D, 0x68, 0x0B, 0x34, 0xA6, 0x15, 0x2A, 0xD2, 0x50, 0xC2, 0x05, 0xD6,
    0xAA, 0xFF, 0x4A, 0x7A, 0x31, 0xE7, 0xF4, 0x62, 0x81, 0x25, 0x1D, 0x97, 0xBB, 0xF6, 0xAA, 0xA6,
    0x83, 0x1F, 0xD1, 0x25, 0x6F, 0x5D, 0x5E, 0x64, 0xA2, 0x9A, 0xEF, 0x10, 0xDE, 0x65, 0x6F, 0x92,
    0x70, 0x54, 0x3A, 0xB8, 0x5C, 0x0A, 0xEF, 0xBE, 0x9B, 0x89, 0x45, 0xB9, 0xA3, 0x44, 0x56, 0x29,
    0x8B, 0xAA, 0xC6, 0x0A, 0x7A, 0x51, 0x60, 0xFB, 0x80, 0x25, 0x61, 0x96, 0x55, 0x92, 0x94, 0xE5,
    0x9A, 0x71, 0xA8, 0xB4, 0x9F, 0x28, 0xA3, 0x1B, 0xA9, 0x32, 0x0D, 0x1C, 0xE9, 0x6A, 0xB5, 0x08,
    0x29, 0x53, 0x16, 0xCE, 0x31, 0xBC, 0x7A, 0x4D, 0xEE, 0x9F, 0xBC, 0x26, 0xFD, 0xA2, 0x6B, 0xFA,
    0xED, 0x35, 0xF3, 0x72, 0x4D, 0x61, 0x59, 0x2D, 0x95, 0xA2, 0x8B, 0x6A, 0x4F, 0x17, 0x55, 0xAD,
    0x6E, 0xC9, 0x1F, 0x3B, 0x7A, 0xFC, 0x19, 0x42, 0x9A, 0xF4, 0x2E, 0x52, 0x76, 0xB1, 0xAC, 0x1E,
    0xD4, 0x61, 0x02, 0xBE, 0x99, 0x7D, 0xD7, 0x8E, 0x0F, 0xD2, 0xE0, 0xD8, 0x59, 0x6E, 0x22, 0xE8,
    0x4E, 0xD2, 0x7A, 0x3C, 0x11, 0x5C, 0x94, 0x6C, 0x8C, 0x64, 0x86, 0x18, 0xCD, 0x13, 0x5A, 0x06,
    0xFA, 0x44, 0x96, 0x1C, 0x00, 0x80, 0x6D, 0xC8, 0xEB, 0x32, 0xF6, 0x27, 0x0F, 0xCC, 0x79, 0x70,
    0x41, 0x10, 0x7B, 0x03, 0x4F, 0xFF, 0x0E, 0x88, 0xE0, 0x2C, 0x42, 0xC0, 0x38, 0x47, 0xEB, 0x9C,
    0xD4, 0xF4, 0x84, 0x6A, 0xDF, 0x53, 0xAD, 0x77, 0x39, 0x63, 0xA3, 0x8B, 0x77, 0x49, 0xB5, 0x03,
    0x97, 0x4A, 0xF5, 0x39, 0x93, 0x6B, 0x13, 0xEC, 0x1E, 0x30, 0x03, 0xE0, 0x13, 0x61, 0xA3, 0x58,
    0xB6, 0x0A, 0x57, 0x5D, 0xB0, 0x4C, 0xED, 0x51, 0x92, 0x84, 0x13, 0xCD, 0x78, 0xD1, 0x17, 0x94,
    0xBB, 0xB7, 0x95, 0xF9, 0xBD, 0x48, 0xEE, 0x77, 0xD4, 0x70, 0xB2, 0xD3, 0x5C, 0xDE, 0x55, 0x74,
    0xDF, 0x5D, 0x2E, 0x51, 0x0D, 0x33, 0xBC, 0x25, 0xB9, 0xD5, 0x51, 0xEB, 0xF5, 0x1A, 0x08, 0x77,
    0x3C, 0x6B, 0x45, 0x1F, 0x44, 0xA6, 0x4C, 0x98, 0x77, 0xF9, 0x00, 0xF8, 0x7A, 0xE4, 0xF0, 0x97,
    0xB4, 0x58, 0x0C, 0xCF, 0x0A, 0x75, 0x79, 0x9A, 0x45, 0x3A, 0x56, 0x62, 0xC6, 0x2A, 0x65, 0xAC,
    0xE4, 0xB7, 0x14, 0xF4, 0xB2, 0x12, 0x91, 0x0F, 0x98, 0x86, 0x14, 0xC7, 0x6F, 0x80, 0x2C, 0xBC,
    0x0F, 0xF9, 0x3A, 0x14, 0x85, 0x3B, 0xC9, 0xFA, 0xC8, 0x3E, 0x46, 0x85, 0xDE, 0x9B, 0xB3, 0xBB,
    0xA0, 0xC3, 0x96, 0x98, 0xDC, 0xCA, 0x04, 0x60, 0x3C, 0xA5, 0xDE, 0xB9, 0x62, 0xEE, 0xC9, 0x43,
    0xC5, 0x2A, 0xB3, 0xD4, 0x1D, 0xE9, 0x94, 0x42, 0x33, 0xF0, 0x6A, 0xD6, 0x5C, 0x1D, 0xC5, 0x8D,
    0x93, 0x18, 0xDF, 0xF3, 0x84, 0x46, 0xE4, 0x33, 0x3D, 0xDF, 0xEB, 0xCC, 0x7E, 0x35, 0xA8, 0xBF,
    0x4D, 0x58, 0x8B, 0x82, 0xE1, 0x47, 0x56, 0x09, 0x2B, 0x2D, 0xB9, 0xCC, 0x46, 0x86, 0xE0, 0x55,
    0xAF, 0x5B, 0x2F, 0x1A, 0x56, 0x77, 0xDA, 0xC7, 0xF1, 0x5D, 0x32, 0x29, 0x8B, 0xD6, 0x6B, 0x20,
    0xC7, 0x78, 0x3E, 0xB6, 0x44, 0x35, 0x1B, 0xB2, 0x61, 0x73, 0x79, 0x6C, 0x99, 0x98, 0x2C, 0x06,
    0x37, 0x67, 0x98, 0x47, 0xF9, 0xEF, 0xC2, 0x2D, 0x99, 0x2D, 0xFC, 0xA4, 0x18, 0x3C, 0x7A, 0x7E,
    0x73, 0x35, 0x69, 0x52, 0x34, 0xDF, 0xD2, 0x27, 0x41, 0x2D, 0x3E, 0x7E, 0x5C, 0x06, 0xA0, 0x24,
    0x2B, 0x0C, 0xAF, 0x5B, 0x2A, 0x81, 0x9B, 0x9D, 0xD2, 0x14, 0x32, 0x7D, 0xE0, 0xAA, 0x12, 0xF0,
    0x68, 0xE9, 0x10, 0xA1, 0x3C, 0x32, 0x63, 0xC6, 0x50, 0x7C, 0xA1, 0x9F, 0x80, 0x3E, 0x90, 0x25,
    0x95, 0x7D, 0x0A, 0xC7, 0xE4, 0x5D, 0x50, 0x58, 0xD2, 0xC9, 0x74, 0xC4, 0xBE, 0x22, 0x5E, 0x00,
    0xBA, 0xAD, 0x8F, 0x65, 0x7D, 0x94, 0x09, 0xD0, 0x4F, 0x54, 0x4B, 0xB8, 0x84, 0xFA, 0x13, 0xEA,
    0x40, 0x59, 0xD8, 0x5C, 0x44, 0x41, 0x4A, 0xE3, 0x29, 0x79, 0x21, 0xC1, 0x31, 0x45, 0x36, 0xC7,
    0x7E, 0x00, 0x31, 0x1E, 0xD9, 0xBE, 0xBA, 0x75, 0x4D, 0xA2, 0x56, 0x9C, 0x21, 0x5F, 0x25, 0x49,
    0x90, 0x4D, 0x5C, 0x3E, 0xCF, 0x6A, 0xF9, 0x68, 0x3A, 0x3A, 0xE2, 0xB4, 0xA4, 0x91, 0xB4, 0x1D,
    0xE9, 0x10, 0xF1, 0x37, 0x2B, 0xF2, 0xDD, 0xB9, 0x43, 0x35, 0x61, 0x82, 0xA7, 0xD7, 0xBC, 0xC6,
    0x14, 0xB8, 0x1C, 0x07, 0x73, 0x6E, 0xB2, 0x3C, 0x99, 0xE8, 0x68, 0xDD, 0x62, 0x50, 0x7A, 0x7D,
    0xE4, 0xC9, 0x44, 0xBD, 0xF7, 0xD8, 0xF2, 0x5E, 0xE1, 0x52, 0x13, 0x5B, 0x62, 0x36, 0x54, 0xC7,
    0xB5, 0x21, 0x97, 0x06, 0x05, 0x03, 0x60, 0xAA, 0x2D, 0x73, 0x7B, 0x2F, 0xFC, 0x1E, 0x06, 0x3D,
    0x1E, 0xE1, 0xA5, 0x66, 0x03, 0xFA, 0x20, 0x30, 0x88, 0xC7, 0x35, 0xC1, 0x6B, 0x8C, 0x1B, 0xE4,
    0x56, 0xEF, 0x30, 0xDE, 0xEE, 0x7C, 0xB8, 0xDD, 0x56, 0x90, 0x7F, 0x68, 0xB7, 0x0A, 0x35, 0x68,
    0x2E, 0x95, 0x20, 0xEA, 0x8F, 0x8B, 0x80, 0x25, 0xAC, 0x03, 0x94, 0x1D, 0x14, 0x7B, 0xBB, 0xBC,
    0x76, 0xAE, 0xB8, 0x16, 0xD3, 0xD3, 0xF0, 0xB5, 0xE6, 0x0E, 0x31, 0x71, 0x45, 0xA0, 0xA9, 0x0C,
    0xE7, 0x68, 0xD1, 0x7C, 0xD5, 0xD1, 0x5A, 0xBC, 0x95, 0x0C, 0x7C, 0x56, 0xFD, 0x6C, 0x51, 0x24,
    0x37, 0xAD, 0xF2, 0xBE, 0x39, 0x3C, 0x16, 0xB1, 0x89, 0x1C, 0xEE, 0x04, 0x57, 0x58, 0xBA, 0xEF,
    0xC9, 0x29, 0x7F, 0x50, 0xAD, 0x22, 0xEF, 0x98, 0x1D, 0xD7, 0x32, 0x2E, 0x62, 0x51, 0x0D, 0x4B,
    0x8C, 0x28, 0xD7, 0xEA, 0x26, 0x23, 0x79, 0xE7, 0xF5, 0x46, 0xE7, 0xA0, 0xD3, 0x3A, 0x36, 0x57,
    0xBB, 0x9A, 0xED, 0xBE, 0x63, 0x5D, 0x96, 0x4E, 0x47, 0xED, 0xDE, 0x89, 0x2A, 0x8B, 0x58, 0x1B,
    0x8C, 0x99, 0x8A, 0x6A, 0x5E, 0xA7, 0x3E, 0x86, 0xCE, 0x0C, 0x99, 0xF6, 0x49, 0x0B, 0xF7, 0x93,
    0x92, 0xE5, 0xF8, 0x70, 0x03, 0x73, 0x16, 0x30, 0x23, 0xFD, 0x90, 0x53, 0x3B, 0x71, 0x9F, 0x0C,
    0x16, 0x8B, 0x2B, 0x74, 0x15, 0x18, 0x2E, 0x5A, 0xAD, 0x71, 0xDD, 0x40, 0x80, 0x52, 0xAD, 0x0A,
    0x0E, 0xDC, 0x88, 0xAD, 0x6E, 0xF6, 0x2D, 0x5B, 0x5C, 0x9D, 0x50, 0xDD, 0x6A, 0x7D, 0x2B, 0x4A,
    0xBE, 0x18, 0x7D, 0x0B, 0x0D, 0x3F, 0x04, 0x33, 0xAA, 0x83, 0x45, 0xEF, 0xB3, 0x92, 0xB8, 0x18,
    0x30, 0x0F, 0x37, 0x6D, 0x53, 0x61, 0x63, 0xD4, 0x11, 0x1A, 0x28, 0x8E, 0x18, 0xF5, 0xA3, 0xD2,
    0x52, 0x3E, 0x21, 0xDC, 0x80, 0xA9, 0x6D, 0xCC, 0xEF, 0x83, 0xF6, 0x6D, 0xCD, 0xD3, 0x59, 0x17,
    0x89, 0x9C, 0x4E, 0xC9, 0x90, 0xCA, 0x9D, 0xC4, 0x6D, 0xB7, 0xEF, 0x30, 0xAC, 0x93, 0xDF, 0x6A,
    0xF4, 0xE8, 0xA9, 0x56, 0x5C, 0x17, 0xA1, 0xB8, 0xFD, 0x02, 0xAE, 0x88, 0x20, 0x5F, 0x6D, 0xB1,
    0xDA, 0x97, 0x53, 0xF8, 0x5C, 0xB7, 0xC8, 0x91, 0xA5, 0x7A, 0xB5, 0xA2, 0xF0, 0x79, 0x14, 0xDC,
    0x3C, 0xD6, 0x84, 0x4C, 0xC5, 0x92, 0xEE, 0x50, 0xB3, 0x66, 0x15, 0x63, 0x3C, 0x2D, 0xC2, 0xC6,
    0x5C, 0xC6, 0x5C, 0x3C, 0x82, 0x7B, 0xA1, 0x19, 0xD8, 0x81, 0x26, 0x86, 0x4A, 0xAA, 0xD7, 0xFC,
    0x13, 0xE7, 0xBE, 0xD8, 0x30, 0xEE, 0x50, 0xB1, 0x2D, 0x2C, 0x1C, 0xB6, 0x19, 0x8E, 0x1C, 0xBB,
    0x34, 0x93, 0x38, 0xF2, 0x51, 0x84, 0x10, 0x63, 0x14, 0x41, 0x04, 0xF8, 0x22, 0x19, 0x74, 0x6A,
    0xCE, 0x3D, 0xC1, 0x2C, 0xBF, 0xBA, 0xBA, 0xA1, 0x6A, 0x55, 0x0D, 0x63, 0xE1, 0x09, 0x99, 0x85,
    0xBF, 0xB8, 0xFE, 0xAB, 0x57, 0x44, 0xF0, 0xAA, 0xF1, 0x3E, 0x58, 0xC1, 0xD8, 0xBE, 0x2F, 0xE6,
    0xA6, 0x7F, 0x88, 0xBC, 0x30, 0xD7, 0x70, 0xD6, 0x2D, 0x59, 0xB0, 0xD6, 0x6D, 0x27, 0xA0, 0x4A,
    0x5D, 0x52, 0xEB, 0xC9, 0xE0, 0x8C, 0xEE, 0xE6, 0x3A, 0xC7, 0x6C, 0xDF, 0x3E, 0x10, 0xE9, 0xDA,
    0x5C, 0xB3, 0x0F, 0x4A, 0xD4, 0xBB, 0x0F, 0x6E, 0x0F, 0xDE, 0xD3, 0x2B, 0x22, 0x77, 0x87, 0x9C,
    0xBD, 0x6F, 0x3E, 0xDF, 0x12, 0x40, 0xEF, 0xBA, 0xE6, 0xAA, 0xDF, 0x87, 0xBB, 0xFA, 0x68, 0x4B,
    0x08, 0x75, 0xCD, 0x11, 0x12, 0xDD, 0xEC, 0xB1, 0xD9, 0xE7, 0xA1, 0x3B, 0x6C, 0x97, 0x17, 0xEF,
    0x98, 0xF3, 0x62, 0xB7, 0x25, 0x52, 0x3B, 0x3D, 0xD4, 0x6D, 0x23, 0xC3, 0xE2, 0xFE, 0xB3, 0x6F,
    0xF4, 0xFE, 0xD9, 0xB1, 0xB5, 0xF3, 0x1F, 0x74, 0x2C, 0x83, 0x73, 0xD5, 0x1E, 0x36, 0x65, 0x1D,
    0xAB, 0x3A, 0x09, 0xAC, 0x86, 0x70, 0x7C, 0xF1, 0xBE, 0x50, 0xDA, 0xDA, 0x9F, 0x6A, 0x45, 0x2E,
    0xF9, 0xED, 0xF3, 0x2C, 0xAA, 0x2E, 0xB1, 0xF8, 0xE5, 0x9E, 0xBA, 0x61, 0x21, 0x52, 0x47, 0xB0,
    0x60, 0x99, 0x0E, 0x37, 0xE1, 0xB6, 0x98, 0x0D, 0x78, 0xBA, 0x44, 0x3E, 0x62, 0x26, 0x3A, 0x24,
    0x05, 0xE0, 0xEA, 0xD4, 0xD4, 0xCB, 0x79, 0x54, 0x45, 0x2A, 0x56, 0x0B, 0x53, 0x30, 0xBF, 0x06,
    0x9C, 0x65, 0xEA, 0xA1, 0x39, 0x91, 0xE5, 0xE7, 0xD4, 0x33, 0xBF, 0x59, 0xA3, 0xCD, 0x94, 0x5B,
    0x71, 0x40, 0x8E, 0x64, 0x62, 0xA0, 0xE4, 0xF6, 0xD5, 0xBC, 0xEC, 0x3F, 0x66, 0x78, 0x33, 0x89,
    0xB2, 0x8B, 0x3E, 0xA2, 0x4E, 0x2A, 0x35, 0x0E, 0x48, 0x56, 0x99, 0x98, 0x6F, 0x48, 0xBA, 0x97,
    0x3A, 0xE0, 0x70, 0x4B, 0x04, 0x73, 0x3E, 0x18, 0x6F, 0x68, 0x55, 0xF0, 0xAA, 0x3E, 0x09, 0xA6,
    0xCA, 0x87, 0x04, 0xFB, 0xF6, 0xD7, 0x18, 0x40, 0xEB, 0x73, 0xB4, 0xD8, 0x70, 0x04, 0xB2, 0x5C,
    0xB0, 0x8B, 0x6B, 0x65, 0xA6, 0xAC, 0x92, 0xC5, 0x50, 0xBD, 0x85, 0xD2, 0x3F, 0x9A, 0x8D, 0x62,
    0xD6, 0xC5, 0x79, 0xAC, 0xFD, 0x66, 0x93, 0x4F, 0xA1, 0x9B, 0xAA, 0xBA, 0x73, 0x70, 0x09, 0xC0,
    0xBA, 0x17, 0x5D, 0x52, 0x0B, 0x94, 0x3E, 0x73, 0xC4, 0x32, 0xE3, 0xA9, 0x28, 0x52, 0xDA, 0x36,
    0x6E, 0x62, 0x3A, 0xE4, 0x4C, 0x9C, 0xBB, 0x64, 0x8E, 0x6D, 0x5A, 0x6C, 0xCE, 0xD8, 0xB4, 0x68,
    0xE0, 0x28, 0x66, 0x57, 0x65, 0x61, 0x76, 0x12, 0x3B, 0xE2, 0x26, 0xE2, 0xF6, 0xB9, 0xBC, 0x36,
    0x71, 0x21, 0xE1, 0x34, 0xB8, 0x58, 0x52, 0xBF, 0x1A, 0x3C, 0xEC, 0xD7, 0xCD, 0xEA, 0x78, 0x08,
    0xE4, 0x0D, 0x36, 0x19, 0x37, 0xE4, 0x0E, 0x7C, 0xAB, 0xBE, 0x9F, 0x23, 0x6E, 0x9B, 0x65, 0x43,
    0x18, 0x4B, 0x7B, 0xE3, 0x56, 0xFA, 0xBB, 0xBB, 0xBF, 0xEF, 0x04, 0x74, 0x2D, 0xE2, 0xA9, 0xBD,
    0xD0, 0x99, 0xE7, 0xBF, 0x45, 0xE8, 0x76, 0xB6, 0x26, 0xA2, 0xF3, 0xFB, 0xB7, 0x26, 0x7E, 0x13,
    0xD0, 0x7D, 0x75, 0x38, 0x7C, 0xE7, 0x5D, 0x6F, 0xE1, 0x48, 0x56, 0x70, 0x64, 0x0E, 0x8E, 0x3B,
    0x59, 0x53, 0x74, 0x1C, 0x0E, 0xEE, 0x9E, 0x09, 0xE8, 0x17, 0x66, 0x5C, 0xCE, 0xA9, 0xC2, 0xC1,
    0x01, 0x6B, 0x6D, 0x3C, 0xB7, 0x3C, 0xE8, 0x66, 0x33, 0x52, 0x0E, 0xAA, 0x7B, 0x30, 0x26, 0x4D,
    0x88, 0x00, 0x90, 0x18, 0x41, 0x89, 0xE0, 0x61, 0xA5, 0xD3, 0x72, 0x13, 0x19, 0xE8, 0xDD, 0x9A,
    0x59, 0xEE, 0x15, 0x8C, 0x84, 0x4E, 0x66, 0xEB, 0xBE, 0x18, 0x92, 0x32, 0x19, 0x80, 0x44, 0x56,
    0x26, 0x1D, 0x80, 0x50, 0x5A, 0x4F, 0x70, 0xF8, 0x01, 0x8A, 0xF8, 0x72, 0xD5, 0x85, 0xE7, 0xB1,
    0x40, 0x61, 0xDE, 0x3A, 0xD6, 0xC9, 0xEB, 0x7A, 0x8C, 0x5A, 0x70, 0x21, 0x71, 0x03, 0xCF, 0x17,
    0x5B, 0x47, 0x55, 0x37, 0x2C, 0x75, 0xF0, 0x27, 0x42, 0x3D, 0x7A, 0x92, 0xDC, 0x75, 0x98, 0xCE,
    0xD7, 0x71, 0x8F, 0x12, 0xBB, 0xED, 0x80, 0xAA, 0x32, 0xC4, 0x00, 0x94, 0xDB, 0xAD, 0xC4, 0x5D,
    0xD2, 0x2D, 0xF5, 0x34, 0x1E, 0x21, 0x5F, 0x49, 0x49, 0x39, 0x31, 0xD3, 0x92, 0x63, 0x5F, 0xC3,
    0x84, 0xCA, 0x79, 0xAB, 0xAE, 0x12, 0xF2, 0x49, 0x18, 0xB9, 0x80, 0x06, 0x8D, 0xC8, 0xC2, 0x55,
    0x92, 0x98, 0x15, 0x89, 0xB6, 0x32, 0xE6, 0xED, 0x54, 0xD2, 0xCE, 0x6B, 0xA4, 0xA9, 0xDE, 0x2D,
    0x4B, 0xFA, 0xE3, 0x56, 0xC6, 0xC1, 0x7A, 0xFE, 0x6C, 0xE3, 0x05, 0xEE, 0x8C, 0x81, 0xC2, 0x06,
    0x1A, 0x39, 0x18, 0x32, 0x90, 0x30, 0x45, 0x49, 0x69, 0x13, 0x2C, 0x72, 0x57, 0x73, 0x34, 0x2D,
    0xC9, 0xEC, 0x62, 0x53, 0x74, 0xA8, 0xDF, 0x0D, 0xE6, 0x0A, 0x12, 0xE5, 0xE2, 0x89, 0x97, 0x71,
    0x0B, 0x1E, 0x53, 0x70, 0xD6, 0xBD, 0xE7, 0x29, 0xC2, 0x75, 0xB2, 0xE1, 0x96, 0x15, 0x62, 0x73,
    0x56, 0xA7, 0xA3, 0x37, 0x65, 0xD8, 0x1A, 0x3E, 0x16, 0x50, 0x18, 0xE3, 0x15, 0x16, 0x07, 0xFC,
    0x35, 0xB4, 0xF8, 0xF3, 0x9B, 0xE4, 0x43, 0xFB, 0x85, 0xA9, 0xEC, 0x60, 0x27, 0x95, 0x6D, 0xCC,
    0x2D, 0xE5, 0x3C, 0x34, 0x31, 0xA7, 0xAF, 0x08, 0xBD, 0x36, 0x94, 0x5C, 0xB4, 0xDA, 0xCE, 0xA1,
    0x2C, 0xA9, 0xA7, 0x69, 0xB8, 0x7E, 0x5B, 0xBB, 0x7F, 0xF0, 0x53, 0xA3, 0xDC, 0x94, 0xAE, 0x5D,
    0xD4, 0x7E, 0x59, 0xFB, 0x9E, 0x0C, 0xEA, 0x99, 0xD3, 0xCA, 0xA3, 0xF6, 0xD6, 0x50, 0x59, 0x73,
    0x7F, 0x3C, 0x1F, 0xD6, 0x88, 0x53, 0xB1, 0x57, 0x0A, 0x91, 0xEE, 0x27, 0xAA, 0x43, 0xD1, 0x09,
    0x6C, 0xB8, 0x4E, 0x4B, 0x14, 0x5D, 0x06, 0x9A, 0x1A, 0x22, 0xEB, 0x64, 0x0A, 0x16, 0x8D, 0x52,
    0xC5, 0x29, 0x6D, 0xE9, 0x78, 0xA7, 0x70, 0x3E, 0x75, 0x33, 0xC6, 0xF7, 0x0F, 0x70, 0xC2, 0x47,
    0xAF, 0x11, 0x24, 0x2F, 0x8C, 0x04, 0x41, 0x7E, 0x19, 0x7C, 0x9E, 0xDC, 0x2A, 0xC9, 0xF1, 0x54,
    0x83, 0x03, 0xD1, 0x4B, 0x11, 0x3C, 0xB4, 0x8B, 0xE3, 0x52, 0xDE, 0x55, 0xAA, 0xAF, 0x93, 0x76,
    0x8B, 0xD2, 0x5C, 0x7D, 0x99, 0xED, 0x7C, 0x59, 0xDF, 0x2B, 0x62, 0x09, 0x57, 0x42, 0xB0, 0x03,
    0x45, 0x70, 0x6B, 0x40, 0x64, 0x6B, 0x20, 0x8E, 0x15, 0x51, 0x44, 0x2C, 0x6B, 0x8C, 0x36, 0x1B,
    0x2F, 0xBF, 0x16, 0x20, 0x90, 0x82, 0xCD, 0x94, 0xC3, 0x67, 0x2A, 0x90, 0x89, 0x93, 0xF6, 0xA2,
    0x0A, 0x09, 0x86, 0x06, 0x15, 0x98, 0x32, 0x8D, 0xD4, 0xE3, 0x59, 0x2A, 0xF0, 0x1F, 0xB8, 0x15,
    0xC8, 0x2C, 0x92, 0x24, 0x43, 0xFD, 0xBD, 0xC0, 0x7E, 0xD8, 0x61, 0xA4, 0xA1, 0xEE, 0x15, 0x1A,
    0x0C, 0x8B, 0x49, 0xC6, 0xD8, 0x38, 0xE5, 0x2E, 0x8D, 0xEB, 0xA3, 0x29, 0xBA, 0x60, 0x38, 0x63,
    0x0F, 0xD9, 0x52, 0x3D, 0xF4, 0x5F, 0xA4, 0x67, 0x95, 0x2C, 0xAA, 0x4A, 0x5F, 0xAB, 0xAF, 0xC8,
    0x96, 0x28, 0x9D, 0x97, 0xD5, 0x5A, 0xBD, 0xA5, 0x85, 0x3D, 0xD4, 0x35, 0x28, 0xB9, 0xA0, 0xEA,
    0xD5, 0x72, 0x28, 0xDD, 0xC0, 0x9B, 0x74, 0x66, 0xDB, 0x44, 0x30, 0x69, 0xE1, 0xD1, 0x29, 0x4D,
    0x8C, 0xC4, 0x81, 0xDB, 0x4C, 0x19, 0x56, 0x30, 0xC9, 0x41, 0x7D, 0x19, 0xD9, 0xFF, 0x3E, 0x74,
    0x8F, 0xC0, 0xA0, 0x4B, 0xAB, 0x96, 0x6B, 0x09, 0x00, 0xCF, 0x97, 0x3F, 0x00, 0x3B, 0x10, 0xE7,
    0x6A, 0x43, 0x38, 0xCE, 0x68, 0x29, 0x8F, 0x58, 0xFD, 0xFD, 0xA5, 0x28, 0xE1, 0x29, 0xC3, 0x5E,
    0x47, 0xAF, 0x00, 0xC7, 0x17, 0xBB, 0xA7, 0xAA, 0xA4, 0xBD, 0xC7, 0x47, 0xAC, 0x90, 0x6B, 0x65,
    0x79, 0x15, 0xCF, 0x84, 0xEE, 0x4C, 0x7C, 0xF2, 0x0C, 0xA9, 0x59, 0x89, 0x22, 0x26, 0x08, 0x98,
    0x7D, 0xEE, 0x71, 0xF8, 0xFF, 0xA4, 0x61, 0xF2, 0x65, 0x5F, 0xB0, 0x23, 0xC9, 0x22, 0x97, 0x8E,
    0x3C, 0x63, 0xCB, 0x5E, 0x2D, 0xB1, 0x7A, 0xC6, 0x7A, 0x32, 0xD2, 0x46, 0x2B, 0x2C, 0xDB, 0x93,
    0x58, 0x16, 0x3B, 0xD3, 0xB1, 0x07, 0xCB, 0x55, 0x13, 0xD9, 0xFE, 0xE9, 0x58, 0x9A, 0xA8, 0xF1,
    0x5D, 0xA4, 0xA9, 0x17, 0x52, 0x1C, 0x39, 0xF4, 0x37, 0x24, 0xAA, 0x9A, 0xFF, 0x9C, 0x46, 0x41,
    0xC5, 0x26, 0xB5, 0x2A, 0x51, 0x97, 0x1C, 0xBD, 0x2F, 0x8B, 0x51, 0x07, 0xE7, 0x9E, 0xEB, 0xB3,
    0xC3, 0xFD, 0x5C, 0x1F, 0x4C, 0xF5, 0x4B, 0x6C, 0x25, 0xEE, 0x7E, 0x97, 0xA4, 0xB6, 0xD5, 0x67,
    0xA7, 0x88, 0xD6, 0x4B, 0xF0, 0x20, 0x15, 0x72, 0xAE, 0x4A, 0x68, 0xF3, 0x4C, 0xE1, 0xCE, 0xD8,
    0x93, 0x67, 0x5A, 0x96, 0xE1, 0x84, 0xE0, 0x00, 0x3E, 0xB4, 0x47, 0x2F, 0x15, 0xE2, 0xA7, 0x93,
    0x56, 0x24, 0xD5, 0x62, 0xFC, 0x86, 0x0F, 0x0A, 0x49, 0x58, 0x40, 0xEF, 0x6B, 0x51, 0x85, 0x23,
    0x88, 0x29, 0xDD, 0x07, 0x73, 0xFE, 0xFF, 0x45, 0xBA, 0x3B, 0xF3, 0x10, 0x12, 0x48, 0x09, 0x9C,
    0x8F, 0xB4, 0x74, 0xE3, 0x64, 0xCD, 0xF3, 0x6E, 0xD9, 0xCC, 0xB7, 0x23, 0xDD, 0xEE, 0xF1, 0x2B,
    0x9E, 0xC2, 0x1C, 0xFF, 0x03, 0xC3, 0x92, 0x9F, 0xB1, 0x2E, 0x22, 0x68, 0x62, 0x6E, 0x37, 0xC8,
    0xF9, 0x00, 0x97, 0x4C, 0x4B, 0x8F, 0x0A, 0x35, 0x49, 0x45, 0x79, 0xFA, 0x8E, 0x00, 0x11, 0x7C,
    0x9D, 0x95, 0x36, 0xD5, 0x7C, 0x0C, 0x9F, 0x07, 0xC1, 0x47, 0xB2, 0x04, 0xE3, 0x02, 0x29, 0xA3,
    0x3A, 0x42, 0xEA, 0xD3, 0x85, 0x36, 0xA8, 0x48, 0x22, 0xCC, 0x6E, 0x56, 0x42, 0x4D, 0x9A, 0xAE,
    0x9A, 0xB0, 0xB9, 0x9B, 0xA9, 0xBD, 0x4D, 0x58, 0x7E, 0x97, 0x6A, 0xE2, 0x89, 0xE4, 0x1E, 0x7D,
    0xC4, 0x0C, 0xF3, 0x73, 0x74, 0x59, 0x0B, 0x85, 0x94, 0x9F, 0xD7, 0x2D, 0x10, 0xE7, 0x9E, 0xDC,
    0x59, 0xB7, 0xED, 0xE2, 0xE0, 0x5E, 0x40, 0xD2, 0x3F, 0xC5, 0x66, 0x90, 0x38, 0x7F, 0x04, 0x20,
    0x40, 0x26, 0x47, 0x96, 0xAD, 0xD2, 0x32, 0xBC, 0xF2, 0x1D, 0xCC, 0xD1, 0xB9, 0x9C, 0x54, 0x54,
    0x95, 0xC3, 0xC2, 0x46, 0x73, 0xA0, 0xE5, 0xC3, 0x88, 0xF0, 0xA3, 0x89, 0x96, 0xAA, 0x2A, 0x91,
    0x39, 0x8D, 0xDA, 0xA0, 0x3F, 0x2D, 0x5A, 0xC7, 0xF2, 0xF8, 0x89, 0x2A, 0x27, 0x7F, 0x17, 0xF4,
    0xE1, 0x24, 0xE8, 0xC9, 0xEE, 0xBC, 0x9D, 0x04, 0x7D, 0xD5, 0x44, 0xBC, 0x7F, 0xDE, 0x96, 0x26,
    0xE0, 0x16, 0xD1, 0xB2, 0x46, 0xE4, 0x31, 0xA1, 0xC4, 0x62, 0x4C, 0x24, 0xF4, 0xD0, 0x3F, 0xB3,
    0xD6, 0xDB, 0xBA, 0xA0, 0x43, 0xF9, 0xEA, 0xA5, 0x20, 0x4E, 0x1F, 0x0C, 0x82, 0xBA, 0x5E, 0xD8,
    0x6B, 0xDD, 0x57, 0xA0, 0x42, 0x80, 0x5A, 0xCC, 0x89, 0x5E, 0xDC, 0xDD, 0x4B, 0x69, 0x80, 0x9B,
    0x08, 0xC3, 0x99, 0x30, 0x3A, 0x15, 0xAE, 0x12, 0x54, 0xAB, 0x3D, 0x75, 0x36, 0x14, 0x74, 0xF7,
    0x38, 0x07, 0x3D, 0x1D, 0x2E, 0xA7, 0xE3, 0xFD, 0xA7, 0x39, 0x2D, 0x3A, 0x2F, 0x3A, 0x31, 0x79,
    0xC8, 0x99, 0x31, 0x3A, 0x35, 0xDF, 0xA4, 0xB8, 0x57, 0xB7, 0x28, 0xEE, 0xC5, 0x56, 0xDC, 0xBB,
    0xD3, 0xC5, 0xFD, 0x40, 0xCD, 0x56, 0x9C, 0xAF, 0xB6, 0x3A, 0xB9, 0x2A, 0x42, 0x47, 0xFA, 0x4F,
    0xF7, 0xAA, 0x3D, 0xD0, 0x52, 0x98, 0xD9, 0x15, 0xDB, 0x1E, 0xBC, 0x40, 0x50, 0xB5, 0x70, 0x19,
    0xDC, 0x77, 0xCB, 0xB4, 0x9B, 0x47, 0xBC, 0x8F, 0x09, 0xF1, 0x19, 0x82, 0x7F, 0xA6, 0x78, 0xFF,
    0x7C, 0xB3, 0xFD, 0x6D, 0xFB, 0x94, 0x28, 0x3E, 0xAB, 0x23, 0xEC, 0xAF, 0x6D, 0x9E, 0x12, 0xA5,
    0x92, 0xBD, 0xA1, 0x6D, 0x92, 0x85, 0x98, 0x8A, 0x97, 0x67, 0xB4, 0xC5, 0xEF, 0xB9, 0x73, 0x8C,
    0x85, 0x34, 0xC8, 0x0C, 0x3A, 0x73, 0xE6, 0x5F, 0xC6, 0xD2, 0x0E, 0x99, 0xBB, 0x5F, 0x58, 0x9A,
    0xB7, 0xC2, 0x76, 0x78, 0xAE, 0x06, 0x28, 0xEB, 0x32, 0xB4, 0xD4, 0xE7, 0x84, 0xDC, 0x17, 0xF5,
    0x98, 0x29, 0xB5, 0x3F, 0xC3, 0x48, 0x80, 0x77, 0x64, 0x48, 0x86, 0xAA, 0x2C, 0x59, 0x5B, 0xE4,
    0xB3, 0x52, 0x3B, 0xC2, 0xCF, 0xCF, 0x86, 0xF8, 0x33, 0x56, 0x30, 0xC4, 0x73, 0x38, 0xDA, 0xBA,
    0x02, 0xE1, 0x74, 0x75, 0xCA, 0x7A, 0xAC, 0xD0, 0xEA, 0x23, 0x1B, 0x4F, 0x29, 0x19, 0x33, 0xFB,
    0xA8, 0xBD, 0xC8, 0x0A, 0xCB, 0xA2, 0xAE, 0x3E, 0x60, 0x86, 0x0A, 0x9B, 0xBD, 0x75, 0xFF, 0x4B,
    0xC7, 0x5A, 0x06, 0x96, 0x60, 0xBA, 0xE7, 0x68, 0x8C, 0x1A, 0xD7, 0x21, 0x95, 0x1D, 0x2F, 0xC1,
    0xB8, 0x4E, 0x15, 0x22, 0x05, 0xDB, 0xBB, 0x3D, 0x74, 0x5A, 0x25, 0x85, 0x5C, 0xC5, 0xE4, 0x36,
    0x16, 0x7A, 0x74, 0x5B, 0x0F, 0xC4, 0x03, 0x7E, 0x60, 0x01, 0xCC, 0x49, 0x82, 0x86, 0x3D, 0x91,
    0xDB, 0x09, 0xA7, 0xFB, 0xBE, 0xA2, 0x4E, 0x71, 0xEF, 0x4E, 0xEE, 0x6F, 0x39, 0x10, 0x37, 0xE1,
    0x09, 0x6F, 0x48, 0xC5, 0xB4, 0x8B, 0x49, 0xFF, 0x0F, 0x90, 0xA4, 0x32, 0xDB, 0xDC, 0xBD, 0x16,
    0x22, 0x15, 0x8B, 0xFD, 0x6D, 0x6E, 0x86, 0x73, 0x19, 0xAC, 0xCD, 0x53, 0xF1, 0x01, 0x24, 0x98,
    0x89, 0x1B, 0xDF, 0x5E, 0xB4, 0x78, 0x10, 0x4E, 0xF5, 0xCE, 0x67, 0x33, 0x4A, 0x87, 0x6F, 0x7E,
    0x62, 0xAF, 0x82, 0xD4, 0x1D, 0xB3, 0xF7, 0x90, 0x21, 0x9D, 0xE2, 0x89, 0x7B, 0x1E, 0xB8, 0xE5,
    0x02, 0xB5, 0x1F, 0xA4, 0xDD, 0xCA, 0x4C, 0x1F, 0x2B, 0xC0, 0xE2, 0xDA, 0xAC, 0xD1, 0x6A, 0x74,
    0xB1, 0xCE, 0xF9, 0xB6, 0xCA, 0xDA, 0x51, 0x94, 0x5A, 0x86, 0xFD, 0x85, 0xDB, 0xAD, 0x5D, 0xCA,
    0xB3, 0xE1, 0xB3, 0xD3, 0x26, 0xE4, 0x36, 0xB3, 0x41, 0x53, 0xDB, 0x35, 0xE8, 0x6E, 0x50, 0xC0,
    0xE4, 0x16, 0x03, 0x2D, 0xF9, 0x07, 0x57, 0x51, 0x74, 0x09, 0x19, 0xBD, 0xC7, 0x48, 0x0C, 0x0D,
    0x00, 0xCC, 0x73, 0xCF, 0x3E, 0x70, 0x7B, 0xE6, 0x5D, 0x91, 0x75, 0x73, 0x82, 0x0F, 0x56, 0x06,
    0xD0, 0xD5, 0x4C, 0xAC, 0xB7, 0x3D, 0xBA, 0xF8, 0x2B, 0x1E, 0xB7, 0xF5, 0x24, 0x2E, 0x6C, 0x28,
    0x96, 0x87, 0x95, 0x38, 0x4A, 0xD7, 0xD1, 0xB0, 0xBC, 0x24, 0xFE, 0x08, 0x5D, 0xF0, 0x07, 0x84,
    0x16, 0xA2, 0xFA, 0x8E, 0xA7, 0x1C, 0x0E, 0xE4, 0xEC, 0x4C, 0xE2, 0x36, 0x9D, 0xCC, 0xDF, 0xA0,
    0xEA, 0xA0, 0x34, 0x5C, 0x84, 0x60, 0xF2, 0xF9, 0x8C, 0x86, 0xD9, 0x53, 0x5E, 0x32, 0xE3, 0x43,
    0xF5, 0x58, 0xF5, 0x9A, 0xF6, 0x5A, 0x5F, 0xF7, 0xAF, 0x3A, 0x20, 0x2D, 0x6D, 0xB6, 0x2B, 0x06,
    0xB8, 0x72, 0xD1, 0x4F, 0xB3, 0xDE, 0xA7, 0xB9, 0x1A, 0x9D, 0xAB, 0x9C, 0x71, 0x0F, 0x17, 0xC4,
    0x57, 0x2F, 0xB1, 0x66, 0x3E, 0xAD, 0x81, 0x94, 0x7B, 0x1C, 0x5E, 0xA6, 0x0F, 0x1C, 0xD3, 0x62,
    0x92, 0x4D, 0x3C, 0xFB, 0x32, 0x0B, 0x55, 0x12, 0xE2, 0xEB, 0xCB, 0x4A, 0xC8, 0x97, 0x0F, 0xEE,
    0xCC, 0x69, 0x7F, 0xB7, 0xC7, 0x04, 0xBA, 0xC4, 0x51, 0x30, 0x6E, 0x67, 0x73, 0x1D, 0x55, 0xAA,
    0x6E, 0x75, 0x2B, 0xEC, 0xF9, 0xE3, 0x43, 0xE4, 0x63, 0x60, 0x48, 0xA1, 0xCD, 0x08, 0xA6, 0x13,
    0x8B, 0x78, 0x52, 0x56, 0x41, 0x30, 0x90, 0xFE, 0x9B, 0xF8, 0xFA, 0x80, 0x63, 0xED, 0x22, 0x77,
    0xFF, 0x7A, 0xB3, 0x87, 0x56, 0x29, 0x53, 0x7D, 0x55, 0x0A, 0xCA, 0xB3, 0xDD, 0xE6, 0xD5, 0xED,
    0x7B, 0x75, 0xF3, 0xDB, 0xA3, 0xFA, 0xB3, 0x1A, 0x90, 0x34, 0x28, 0x06, 0x44, 0xEC, 0x78, 0x7E,
    0xC1, 0xC8, 0xA9, 0x96, 0x10, 0x7A, 0xBE, 0x74, 0xA9, 0xA8, 0x19, 0x62, 0xE3, 0x81, 0x5D, 0xAE,
    0x74, 0x20, 0xDC, 0xE4, 0x17, 0x36, 0x3B, 0xD6, 0xE8, 0x40, 0x72, 0x97, 0xA8, 0x5A, 0x63, 0x3F,
    0x37, 0xD1, 0x91, 0x34, 0x56, 0xD9, 0x0F, 0x27, 0x18, 0xA1, 0x21, 0xBC, 0x91, 0xDA, 0x16, 0x3C,
    0x59, 0x19, 0xF7, 0xE2, 0x2B, 0x47, 0x78, 0x60, 0x8D, 0xDF, 0x72, 0xB6, 0x8B, 0xC6, 0x55, 0xEE,
    0x91, 0x64, 0x8E, 0x87, 0xA8, 0xC4, 0x13, 0x13, 0x45, 0x55, 0xD4, 0x49, 0x87, 0x92, 0x2E, 0x51,
    0x84, 0x47, 0x11, 0x48, 0x3D, 0xD1, 0x07, 0x37, 0xF1, 0x60, 0xA3, 0xFA, 0xF0, 0x06, 0x6E, 0xB0,
    0x72, 0x6D, 0xDA, 0xAD, 0x28, 0x3A, 0x26, 0x47, 0x0B, 0xE5, 0xC2, 0xF6, 0x0C, 0x39, 0x0A, 0xF4,
    0xD1, 0x11, 0xBA, 0xBB, 0xB1, 0xC8, 0x31, 0xF0, 0x94, 0x29, 0x4D, 0x51, 0x53, 0x19, 0x9F, 0xFE,
    0x03, 0xDD, 0xF2, 0x82, 0x66, 0x67, 0xDC, 0x43, 0x3B, 0x12, 0xBB, 0x7D, 0x4E, 0xA0, 0xA6, 0x3B,
    0xF5, 0x55, 0x67, 0x22, 0x3C, 0x65, 0x26, 0xF0, 0x38, 0xC2, 0x2B, 0x9C, 0x89, 0xB4, 0x44, 0x9D,
    0x40, 0xDC, 0x30, 0xBD, 0xC5, 0x7D, 0x01, 0xD8, 0x34, 0x73, 0x74, 0xE9, 0x92, 0x96, 0xDA, 0xDA,
    0x92, 0x44, 0x46, 0xB3, 0x94, 0x95, 0xE9, 0xEE, 0x84, 0x71, 0x79, 0x17, 0x1C, 0x1B, 0xCE, 0x57,
    0x43, 0x79, 0xFA, 0x6A, 0x28, 0xBB, 0x34, 0x51, 0xC5, 0x12, 0x4C, 0xB5, 0xB3, 0x6E, 0xC3, 0xB0,
    0xAA, 0xE0, 0x53, 0x1E, 0x20, 0xF6, 0xBD, 0x46, 0x99, 0x9B, 0x71, 0xF4, 0x11, 0x88, 0x36, 0xE5,
    0x73, 0x61, 0x72, 0x37, 0x9C, 0x74, 0x6B, 0xFB, 0xFC, 0x12, 0x28, 0x0F, 0x1B, 0x94, 0xFB, 0xB3,
    0x50, 0xAE, 0x7F, 0x43, 0x94, 0x5D, 0xCE, 0x2F, 0x72, 0x51, 0x3A, 0x11, 0x7F, 0x93, 0x39, 0xF8,
    0x47, 0xDB, 0xE5, 0xB1, 0x41, 0x9A, 0x79, 0xD6, 0xAD, 0x49, 0xD1, 0xEA, 0x89, 0x2D, 0xFA, 0xAA,
    0xE5, 0x8A, 0x69, 0xBF, 0x7D, 0x55, 0x35, 0xB6, 0x7E, 0xD5, 0xC7, 0x40, 0xE8, 0xAB, 0x56, 0xA1,
    0x54, 0x5B, 0x46, 0x70, 0xFD, 0xEA, 0x1E, 0xBC, 0xA9, 0x2A, 0x6B, 0xFF, 0xCD, 0x1F, 0x8E, 0xF9,
    0x58, 0xBA, 0xEB, 0x9A, 0xA5, 0x21, 0x7B, 0xAE, 0x7E, 0x07, 0x5B, 0xFF, 0x3F, 0xED, 0x5C, 0x3D,
    0xB0, 0xE6, 0xE6, 0x55, 0xD6, 0xCF, 0xEC, 0xD5, 0x10, 0xCD, 0x20, 0x37, 0x8E, 0x83, 0x77, 0x26,
    0xA2, 0x48, 0x03, 0x0C, 0x51, 0x9B, 0x22, 0x5E, 0xC9, 0xF6, 0x0C, 0x2E, 0x52, 0xD8, 0x33, 0xB0,
    0x14, 0xB8, 0x08, 0x05, 0x05, 0x4C, 0x8A, 0x4B, 0x91, 0x82, 0x22, 0x59, 0xC9, 0xE3, 0x22, 0x45,
    0x0A, 0x2F, 0x33, 0x50, 0x51, 0x90, 0xC2, 0x15, 0x29, 0x96, 0x22, 0x05, 0xCC, 0x24, 0x2B, 0xD9,
    0x2E, 0x28, 0x5C, 0x44, 0xF6, 0x0E, 0x50, 0xB8, 0x40, 0x86, 0x0D, 0x19, 0x48, 0x61, 0x99, 0x08,
    0x47, 0x77, 0x57, 0xD2, 0xE1, 0x3C, 0xCF, 0x79, 0x5F, 0x7D, 0xDF, 0xDD, 0x7B, 0xD7, 0x38, 0x81,
    0xEC, 0xC4, 0x86, 0xCF, 0xDE, 0x2B, 0x7D, 0x9F, 0xA4, 0x57, 0xEF, 0x7B, 0xFE, 0xCF, 0x73, 0x8E,
    0x14, 0x04, 0xF8, 0x14, 0x3D, 0x37, 0x81, 0x4C, 0xDC, 0x84, 0xB2, 0x70, 0x1B, 0xB9, 0xAD, 0x7D,
    0x7F, 0xFC, 0x85, 0x00, 0xDB, 0x54, 0xA4, 0x09, 0x75, 0xDB, 0xDE, 0x93, 0x39, 0x9E, 0x82, 0x44,
    0xAA, 0x5C, 0x92, 0x31, 0xC8, 0x97, 0x20, 0x96, 0xBF, 0xEC, 0x82, 0x7A, 0xD2, 0xCB, 0xA4, 0x0A,
    0x64, 0x08, 0x70, 0x7A, 0x24, 0x9D, 0x6E, 0x47, 0x9C, 0xA6, 0x97, 0x4C, 0x41, 0x26, 0x3A, 0x92,
    0x9E, 0x93, 0x6D, 0xB6, 0xCD, 0x57, 0xDB, 0x16, 0xB8, 0x83, 0x1E, 0x2F, 0xB9, 0x1D, 0x6D, 0xAB,
    0xD7, 0x95, 0x33, 0xB6, 0x03, 0xB7, 0xA1, 0xF4, 0xDC, 0xC6, 0x3A, 0x26, 0x8E, 0x27, 0xD2, 0xF0,
    0x3A, 0x8C, 0x89, 0x71, 0xF0, 0x0F, 0xFB, 0x38, 0x27, 0x71, 0x53, 0x08, 0x65, 0xC0, 0x69, 0x7A,
    0x8F, 0xAD, 0xE5, 0x62, 0x12, 0x11, 0x5B, 0xEC, 0xE3, 0xBF, 0x13, 0xB8, 0x4F, 0xCA, 0x1F, 0x72,
    0xDC, 0x09, 0xE3, 0x86, 0xED, 0x5D, 0xFD, 0x9B, 0x8B, 0xE8, 0xD8, 0xED, 0x5B, 0xD2, 0x2D, 0xB1,
    0x54, 0xED, 0xBB, 0x53, 0xBA, 0x05, 0xE5, 0x4F, 0xC6, 0x6C, 0x09, 0x4A, 0xE9, 0x8A, 0x59, 0xFF,
    0x06, 0x25, 0xA7, 0x57, 0xEB, 0xDF, 0x29, 0x68, 0x07, 0xFF, 0x77, 0xC4, 0x7D, 0x75, 0x05, 0xBA,
    0xAF, 0x77, 0xC2, 0x5F, 0x25, 0xCA, 0xA8, 0x63, 0xE8, 0x09, 0xC9, 0x86, 0x59, 0x16, 0xF3, 0x3E,
    0x8D, 0xF6, 0x2C, 0xD8, 0x67, 0x31, 0xD8, 0x36, 0x03, 0xA5, 0xF0, 0x5D, 0x57, 0x7F, 0xCC, 0x84,
    0xA0, 0x15, 0x7F, 0x42, 0xE7, 0xAE, 0xB0, 0x13, 0x82, 0x68, 0xA9, 0x45, 0x82, 0x5A, 0xA6, 0x35,
    0x13, 0xE9, 0x72, 0x59, 0x6A, 0x92, 0xA5, 0x18, 0xCA, 0x4A, 0x27, 0x1D, 0xA4, 0x53, 0xDD, 0xC4,
    0x4A, 0x83, 0x78, 0x6D, 0x1B, 0x4C, 0x29, 0x00, 0x7B, 0x74, 0xD6, 0x41, 0x0D, 0x9A, 0xF1, 0x44,
    0x3D, 0x89, 0x27, 0x82, 0xB6, 0x55, 0x10, 0x93, 0xF6, 0x38, 0x11, 0x74, 0xC3, 0x89, 0x7A, 0xC3,
    0xE2, 0xE8, 0xC4, 0xEC, 0xA1, 0x27, 0x36, 0x6E, 0xC4, 0x1E, 0xF3, 0xD7, 0x13, 0xC7, 0x80, 0x12,
    0x90, 0x2E, 0xC6, 0xE5, 0x78, 0xB5, 0x05, 0xC6, 0x1B, 0x17, 0x76, 0xF6, 0x22, 0x97, 0x54, 0x88,
    0x6C, 0x6E, 0x85, 0xB3, 0xAD, 0xE8, 0x7A, 0xB5, 0x93, 0x25, 0xB8, 0xC1, 0xBF, 0xF9, 0x62, 0xB4,
    0x20, 0xAB, 0x8A, 0xD5, 0xA4, 0xD2, 0x18, 0xB9, 0xFC, 0x9E, 0x34, 0xE9, 0x5A, 0x3C, 0xAF, 0x17,
    0xCB, 0x3F, 0xF5, 0x4F, 0x48, 0x95, 0xA9, 0x18, 0x97, 0x23, 0x84, 0x36, 0x16, 0x9E, 0x5B, 0x0F,
    0x91, 0xCE, 0x36, 0x5D, 0xC1, 0x1C, 0x65, 0x47, 0x8C, 0x99, 0x2D, 0xFA, 0xAB, 0x0E, 0xD1, 0xA5,
    0x2B, 0x59, 0xAF, 0x93, 0xD4, 0x73, 0xF4, 0x57, 0x32, 0xB0, 0xC3, 0x95, 0x10, 0x88, 0x7A, 0xE0,
    0x3A, 0x25, 0x84, 0x66, 0x94, 0x9B, 0xC8, 0x5F, 0x54, 0xA1, 0xC8, 0x2D, 0x81, 0x90, 0x37, 0xED,
    0xDD, 0xC3, 0x2C, 0x83, 0xBC, 0xF3, 0x0C, 0xC4, 0x12, 0x87, 0xA2, 0xD9, 0xBF, 0x24, 0x93, 0x1C,
    0x4E, 0x8B, 0x3D, 0x37, 0x6D, 0x05, 0xE3, 0xD1, 0x08, 0x9E, 0xAD, 0x1F, 0xE1, 0xA3, 0xFC, 0x86,
    0xE0, 0x94, 0x02, 0xCA, 0xE9, 0x17, 0xCC, 0x0E, 0x9B, 0x15, 0xD4, 0x3E, 0xD5, 0xDB, 0xB5, 0xFA,
    0xFF, 0xAC, 0x37, 0x6B, 0xA0, 0x2B, 0x9B, 0xFE, 0x3A, 0x92, 0x61, 0xBA, 0x59, 0x55, 0xF4, 0xB8,
    0x3C, 0x15, 0x47, 0x55, 0x63, 0x48, 0x5B, 0x62, 0x3A, 0xF3, 0x6A, 0x50, 0xAE, 0xC6, 0x36, 0x2A,
    0x23, 0x78, 0x01, 0x2D, 0xC5, 0x97, 0x08, 0xAA, 0x94, 0xAD, 0xF6, 0x05, 0xD7, 0x83, 0x7E, 0xFC,
    0x92, 0x8B, 0x63, 0x0E, 0xBE, 0x50, 0x69, 0xFD, 0x0E, 0x6D, 0x09, 0x44, 0x5D, 0x87, 0xE6, 0xF5,
    0x50, 0x10, 0x08, 0x41, 0x4A, 0x7D, 0x24, 0x2B, 0x46, 0xBB, 0x9E, 0xB2, 0x03, 0x25, 0x27, 0x6D,
    0xDA, 0x91, 0x1A, 0xAE, 0x07, 0x8B, 0x0A, 0xFA, 0xA3, 0xAA, 0x1C, 0x43, 0xF3, 0x2B, 0x88, 0x5A,
    0xBE, 0xE9, 0xF5, 0xAA, 0x4A, 0x24, 0x57, 0x3D, 0x07, 0x85, 0xCE, 0xB0, 0x06, 0x1F, 0x21, 0x1A,
    0x35, 0x6E, 0xAB, 0x37, 0xFB, 0xFB, 0x53, 0xFD, 0x55, 0xFE, 0xF3, 0xFA, 0x75, 0x23, 0xCE, 0x00,
    0x8B, 0x04, 0xE2, 0xB4, 0x22, 0xFF, 0x06, 0x16, 0xE8, 0xE7, 0xC0, 0x85, 0xAC, 0x4B, 0x76, 0x2E,
    0x14, 0x5D, 0x0D, 0xCD, 0x94, 0x9B, 0x98, 0xE0, 0x97, 0x30, 0x3B, 0x5C, 0xA6, 0x63, 0xB5, 0x81,
    0xA7, 0x2C, 0x25, 0x41, 0xE9, 0x02, 0x43, 0x03, 0x92, 0x62, 0x55, 0x99, 0x1C, 0x58, 0x48, 0x83,
    0x16, 0xEF, 0x44, 0x3D, 0xBD, 0x9B, 0xF7, 0x24, 0x49, 0x3B, 0xA6, 0xB2, 0xE9, 0xF1, 0x16, 0xB3,
    0xE9, 0x38, 0x03, 0x5C, 0x9E, 0x4A, 0x3A, 0xD4, 0x3A, 0x75, 0xA3, 0x67, 0x49, 0x0D, 0x01, 0x35,
    0xDA, 0x51, 0xED, 0x0B, 0x4F, 0xD5, 0xD3, 0xDE, 0x10, 0x28, 0x0C, 0x35, 0x6F, 0x8B, 0x87, 0x62,
    0xDC, 0x49, 0x19, 0x89, 0xDD, 0x14, 0xA7, 0xE5, 0x63, 0xC0, 0x9B, 0x82, 0x67, 0xE2, 0xF8, 0xA0,
    0xA4, 0xCC, 0xA6, 0xBC, 0x71, 0x54, 0x0C, 0xE4, 0x69, 0x90, 0xB2, 0xC2, 0xBC, 0xD2, 0x39, 0xDA,
    0xC0, 0x51, 0x18, 0x86, 0xB6, 0x89, 0x68, 0xC6, 0x6A, 0x58, 0xF3, 0x39, 0xEF, 0x94, 0x9A, 0x4A,
    0x66, 0x48, 0xD7, 0x16, 0x2A, 0xC9, 0x60, 0x3A, 0xF4, 0x6F, 0xAF, 0x86, 0x7F, 0x53, 0xC2, 0xE4,
    0xE3, 0xE9, 0xBC, 0x8B, 0x76, 0x75, 0x51, 0x36, 0xBF, 0xAD, 0xF7, 0x80, 0x64, 0x29, 0xA5, 0x94,
    0x17, 0x0B, 0x89, 0x8B, 0x79, 0x09, 0x9D, 0x0C, 0x2C, 0x60, 0x4B, 0x0B, 0x87, 0xE5, 0x94, 0x54,
    0x64, 0xA8, 0x60, 0xC1, 0x31, 0xB3, 0x9D, 0x2D, 0xDC, 0x3B, 0xD1, 0x41, 0xDA, 0xF7, 0x96, 0xA0,
    0x98, 0xB2, 0x41, 0x89, 0x2C, 0x33, 0x74, 0x4F, 0xA7, 0x3A, 0xB4, 0x13, 0xB8, 0x34, 0x84, 0xD2,
    0x94, 0x63, 0xD6, 0xB7, 0xD2, 0xE9, 0xB0, 0xE5, 0x58, 0x34, 0x4A, 0x0F, 0x18, 0xE8, 0xB1, 0x18,
    0xD4, 0xE2, 0xE4, 0x93, 0x9E, 0x99, 0x4F, 0x4A, 0x17, 0x95, 0xB5, 0xB6, 0x4F, 0xFB, 0xBA, 0xA7,
    0x72, 0xC3, 0x5E, 0x55, 0xD0, 0x7E, 0xD0, 0x16, 0xD3, 0xE9, 0xB1, 0x97, 0xCD, 0xD8, 0xD3, 0x11,
    0x71, 0xB9, 0x9E, 0x84, 0xBD, 0xB6, 0x93, 0xAE, 0xED, 0x95, 0x62, 0x3A, 0x6E, 0xD9, 0xD5, 0x83,
    0xEA, 0x46, 0xA2, 0x2A, 0xD3, 0x95, 0xA3, 0x5A, 0xFF, 0x5C, 0xA6, 0xA2, 0x51, 0xD3, 0x25, 0xDF,
    0x86, 0x8C, 0x29, 0x23, 0x3F, 0xD0, 0xCD, 0x3B, 0xCA, 0x56, 0xBD, 0xB2, 0xBD, 0x59, 0x07, 0xED,
    0x4D, 0x5B, 0xC9, 0x89, 0xD7, 0x58, 0xDA, 0x2F, 0xAE, 0x61, 0xA1, 0x79, 0x17, 0x13, 0x0C, 0xF3,
    0x6F, 0xFC, 0xE7, 0xAC, 0xAA, 0x39, 0x00, 0x50, 0xC0, 0xD1, 0x83, 0xA6, 0x75, 0x34, 0x03, 0x68,
    0xCC, 0x0E, 0x8C, 0xCF, 0x99, 0xD9, 0x4D, 0x48, 0x43, 0x39, 0xED, 0x46, 0xC4, 0x8E, 0x83, 0xE6,
    0x89, 0x09, 0x66, 0xE1, 0xF4, 0x13, 0xCA, 0x75, 0xE9, 0xAD, 0xD6, 0x0F, 0xB9, 0xD5, 0xAF, 0x39,
    0xE7, 0xB0, 0x05, 0xE1, 0x7C, 0xDB, 0xDF, 0x2A, 0xBD, 0xA3, 0xEB, 0xB0, 0x5B, 0x95, 0xD9, 0x80,
    0xE3, 0x7A, 0xAB, 0x70, 0x29, 0x1B, 0xA8, 0xB5, 0xDE, 0x2A, 0x7F, 0x7F, 0xC3, 0xD8, 0x20, 0x8F,
    0x7C, 0x53, 0x60, 0x4A, 0x20, 0x48, 0x6B, 0xEE, 0x0C, 0x3D, 0x6C, 0xDF, 0xB1, 0x8D, 0x2F, 0xAA,
    0x9D, 0xEB, 0x46, 0x28, 0x78, 0x6D, 0x18, 0x47, 0x5D, 0xE0, 0x13, 0xF2, 0x03, 0xCC, 0xBB, 0x33,
    0x11, 0x89, 0x26, 0x3F, 0xE9, 0x7D, 0xC9, 0xB6, 0xCA, 0x93, 0xD6, 0x26, 0x9E, 0xEB, 0x65, 0x98,
    0x4F, 0x08, 0x77, 0x49, 0x0F, 0xA1, 0x9C, 0xC6, 0x02, 0x21, 0x7A, 0x9C, 0x33, 0x18, 0x4E, 0x77,
    0x92, 0x21, 0x3C, 0x69, 0x8C, 0x68, 0x1C, 0x2B, 0x33, 0x9D, 0x04, 0x07, 0x8D, 0x08, 0xEA, 0x02,
    0x60, 0x0F, 0x5F, 0x85, 0xFB, 0x50, 0xCA, 0xE5, 0x58, 0x9E, 0x8E, 0x15, 0x4D, 0xB1, 0x0D, 0x5E,
    0x42, 0xA0, 0x74, 0xAC, 0x64, 0x4C, 0x60, 0x64, 0x55, 0x73, 0x74, 0x70, 0x88, 0xA6, 0x40, 0x00,
    0xB9, 0xE4, 0x40, 0x9C, 0x27, 0xC8, 0x26, 0x6F, 0xF4, 0xFD, 0xA2, 0x5D, 0xD0, 0x15, 0x3B, 0xA1,
    0x7F, 0xB5, 0x75, 0xBF, 0x3B, 0xBF, 0x16, 0xB9, 0x68, 0x4C, 0x75, 0x15, 0x7F, 0x4F, 0xF5, 0x4E,
    0x4D, 0x8D, 0x7B, 0xBC, 0x24, 0x30, 0x82, 0x90, 0x6F, 0x44, 0x28, 0x3D, 0x9D, 0x14, 0xFC, 0xA4,
    0xB1, 0xB0, 0x1C, 0x78, 0x93, 0x2A, 0x6C, 0xD5, 0x2B, 0xC6, 0x02, 0xC5, 0xF8, 0x94, 0x8E, 0x04,
    0x8B, 0x0A, 0x35, 0x89, 0x79, 0x61, 0x76, 0xB8, 0x50, 0x17, 0xAB, 0xDF, 0x54, 0x07, 0xEB, 0x81,
    0x5E, 0x53, 0xCD, 0x04, 0x9C, 0x62, 0xCC, 0xF8, 0xC6, 0x3C, 0xA3, 0xAE, 0x09, 0xCB, 0xAB, 0xF4,
    0x1B, 0x38, 0xF4, 0xC1, 0x04, 0x35, 0x52, 0x23, 0xA6, 0x1A, 0x72, 0x37, 0xE1, 0x4D, 0x0B, 0x8A,
    0x0C, 0x19, 0x63, 0xCB, 0xC1, 0xE2, 0xA2, 0x33, 0x70, 0x3B, 0x37, 0xDB, 0x4F, 0xC6, 0xD7, 0x37,
    0x4D, 0x17, 0xF4, 0xD6, 0xAA, 0x04, 0xAA, 0x02, 0x63, 0xA2, 0x13, 0x54, 0x82, 0xA9, 0x2D, 0x17,
    0x73, 0x53, 0x91, 0xB7, 0x5D, 0x25, 0xA2, 0xBB, 0x21, 0xA0, 0x85, 0x82, 0xD7, 0x64, 0xEC, 0x40,
    0xF1, 0x83, 0xA7, 0xE8, 0x02, 0xFA, 0x30, 0xBD, 0x34, 0xE0, 0x0C, 0x68, 0x33, 0x75, 0x99, 0x2A,
    0x27, 0x16, 0x79, 0xDC, 0xD7, 0x55, 0xCC, 0x5E, 0xE0, 0xBF, 0xBC, 0x72, 0x6E, 0x94, 0xF3, 0x51,
    0x46, 0x84, 0x25, 0x60, 0x5F, 0x28, 0x89, 0x9A, 0x44, 0xEF, 0xC0, 0xC6, 0x72, 0xC1, 0x32, 0x20,
    0x23, 0xD1, 0x16, 0xCA, 0xDB, 0x9B, 0xF7, 0x5F, 0x7D, 0x26, 0x65, 0xEF, 0x26, 0xA2, 0xCB, 0xFF,
    0xC9, 0xE2, 0x7D, 0x99, 0x46, 0x12, 0x10, 0x28, 0xC8, 0x1F, 0xEC, 0x8D, 0xEC, 0x13, 0xD1, 0x38,
    0x4B, 0x9A, 0xBC, 0xCB, 0x2C, 0x56, 0x4A, 0x64, 0x8A, 0x16, 0x6F, 0x77, 0x4A, 0xA9, 0xCA, 0x0E,
    0xF7, 0xCB, 0xB1, 0xD6, 0x31, 0x46, 0x74, 0xC9, 0x45, 0x67, 0xB0, 0x31, 0x3A, 0x5B, 0xC4, 0xD7,
    0x3A, 0xEB, 0xC4, 0x69, 0xCD, 0x8C, 0x85, 0x17, 0xF4, 0x42, 0xEE, 0x73, 0x08, 0x5C, 0xF1, 0xF9,
    0xDE, 0xBE, 0x07, 0xC9, 0x5B, 0x49, 0xCC, 0x72, 0x09, 0x11, 0xA4, 0x2B, 0x79, 0x33, 0xF1, 0x44,
    0x85, 0x08, 0x43, 0xFB, 0x74, 0x6E, 0x05, 0x66, 0xA1, 0x22, 0xDF, 0x5B, 0x34, 0x39, 0x33, 0x4C,
    0xDB, 0x69, 0xF9, 0x69, 0x04, 0x11, 0xA2, 0x11, 0x13, 0xE3, 0x44, 0xB9, 0xA5, 0x92, 0xA2, 0x66,
    0x4E, 0x4F, 0xBF, 0xA3, 0x33, 0xA7, 0x05, 0xCD, 0xC6, 0x16, 0x24, 0x54, 0x51, 0x48, 0x96, 0x6C,
    0xD5, 0x4B, 0x28, 0x1D, 0xB1, 0xBC, 0x6E, 0x77, 0x69, 0x9B, 0x7A, 0xD2, 0xBB, 0xA8, 0x7C, 0x39,
    0xCA, 0xF1, 0x92, 0x50, 0xDE, 0x73, 0x97, 0xE8, 0xCD, 0x17, 0x18, 0x5E, 0xBD, 0x03, 0x6E, 0x49,
    0x43, 0x4B, 0x82, 0xD9, 0x25, 0x4A, 0x47, 0xBB, 0x04, 0x9A, 0x3E, 0xB9, 0x4B, 0xE0, 0xDA, 0x63,
    0xF1, 0x74, 0xD2, 0x4B, 0x72, 0x8A, 0x8B, 0xAA, 0x69, 0x4F, 0x7A, 0xE9, 0x65, 0xC5, 0xEE, 0xC5,
    0xB3, 0xDD, 0x3F, 0xC5, 0xBB, 0x3F, 0x09, 0xB7, 0x43, 0x9C, 0xE5, 0x77, 0xFE, 0xB6, 0xAE, 0xF6,
    0x78, 0xCA, 0xEF, 0xE5, 0xFB, 0xDE, 0xD1, 0x15, 0xC1, 0xB5, 0x63, 0xAF, 0x14, 0x04, 0xCE, 0x8E,
    0xEC, 0x61, 0xE9, 0x51, 0xF0, 0x16, 0x0F, 0x17, 0x3D, 0xE2, 0xE9, 0x70, 0x3A, 0x04, 0x27, 0x4A,
    0xA0, 0x4D, 0xD5, 0xB7, 0x90, 0xE1, 0x37, 0x84, 0x9E, 0x15, 0x31, 0xC4, 0x80, 0x5C, 0x41, 0xFD,
    0x0F, 0xB2, 0x0B, 0x1D, 0x5C, 0x83, 0x07, 0x81, 0x37, 0xB2, 0x50, 0x14, 0xAE, 0x6C, 0x0A, 0xA1,
    0xF1, 0x0D, 0xB4, 0x76, 0x81, 0x36, 0x96, 0xA3, 0xAE, 0x5A, 0x0F, 0xC3, 0xE1, 0x4D, 0xE6, 0xD8,
    0xF4, 0x58, 0x4C, 0xBF, 0x57, 0x8F, 0x16, 0xBC, 0xAA, 0x3C, 0x26, 0x1C, 0xAE, 0x1D, 0xCC, 0xA5,
    0xA9, 0xDC, 0xAB, 0x46, 0x17, 0x6A, 0x04, 0x86, 0x17, 0x18, 0xFE, 0x66, 0xB2, 0xD2, 0x4F, 0x06,
    0xA7, 0xF7, 0x2A, 0xBF, 0xE0, 0xDC, 0x67, 0x13, 0x7E, 0xDD, 0x65, 0xE7, 0xE3, 0x57, 0x5B, 0xF3,
    0x99, 0x3B, 0x50, 0xBA, 0xB5, 0xC6, 0x3E, 0x7A, 0x4D, 0x9D, 0x9D, 0x2A, 0x9A, 0x0C, 0x22, 0x95,
    0xF5, 0x25, 0x4C, 0x5E, 0xFA, 0xFE, 0x66, 0x67, 0xCD, 0x66, 0xCC, 0xC6, 0x87, 0x07, 0xB9, 0x7F,
    0x55, 0xD9, 0x29, 0x8D, 0x5D, 0xD0, 0x1D, 0x65, 0x39, 0xB9, 0x6D, 0x4A, 0xB3, 0x89, 0xAD, 0xB9,
    0x2E, 0xBA, 0x06, 0x9D, 0x28, 0x6D, 0x74, 0xB2, 0x70, 0x93, 0xCD, 0x34, 0xE1, 0xAA, 0xC5, 0xD8,
    0x94, 0x3D, 0x13, 0xC7, 0xB6, 0x2B, 0x18, 0x88, 0x54, 0xD8, 0xC4, 0x16, 0xF6, 0x25, 0x16, 0xD3,
    0xA9, 0x90, 0x30, 0xBA, 0x35, 0x6F, 0x51, 0x0E, 0xB4, 0x1A, 0x7A, 0x33, 0xF8, 0x31, 0x7A, 0x46,
    0xDA, 0x17, 0x55, 0x4E, 0x44, 0x27, 0xAA, 0xFA, 0x08, 0x23, 0xD5, 0x68, 0xB9, 0x4D, 0xA0, 0x71,
    0x74, 0x6D, 0xF1, 0xA2, 0x0A, 0x59, 0x5B, 0xB9, 0xA0, 0x86, 0xB9, 0x5B, 0x24, 0xCD, 0xB9, 0xD5,
    0xB5, 0xF7, 0x21, 0xBB, 0xB4, 0x73, 0xCF, 0x2A, 0xE3, 0xC4, 0x38, 0x54, 0x8E, 0xE0, 0x83, 0x7A,
    0xD1, 0x46, 0x79, 0x25, 0xBD, 0xB2, 0x94, 0xBC, 0xCB, 0xC1, 0x16, 0x08, 0xC3, 0x1C, 0xB9, 0x23,
    0x98, 0xFD, 0xAC, 0x2B, 0x61, 0x88, 0xA3, 0x67, 0xC0, 0xBB, 0x4E, 0xA5, 0x9C, 0x30, 0xA6, 0xED,
    0xAE, 0x9E, 0xA5, 0x5B, 0xA5, 0x24, 0xD7, 0x30, 0x8B, 0x93, 0x29, 0xDF, 0x9C, 0xDC, 0x5C, 0xE0,
    0x3D, 0x1E, 0x9C, 0x0A, 0x83, 0xB2, 0x25, 0x30, 0xDF, 0xAA, 0xC1, 0x21, 0x6D, 0x9A, 0x79, 0xC7,
    0xD2, 0x99, 0x3E, 0xD2, 0xC1, 0xA5, 0xDD, 0xBD, 0x19, 0x59, 0x93, 0xF2, 0x76, 0x74, 0xE3, 0x5D,
    0x72, 0x7A, 0x71, 0xF9, 0xE9, 0x66, 0xD3, 0x41, 0xAD, 0xAC, 0x8F, 0xC7, 0x5C, 0xE7, 0x87, 0xE9,
    0x61, 0x76, 0x96, 0x40, 0xF9, 0x49, 0x5D, 0x69, 0x1B, 0x38, 0x2A, 0xB8, 0x29, 0x97, 0x7B, 0x71,
    0x8C, 0x7A, 0xA0, 0x3D, 0x71, 0x49, 0x19, 0x99, 0x03, 0x8E, 0x1D, 0x4E, 0xCA, 0x96, 0x30, 0x28,
    0x3F, 0x50, 0xE2, 0x20, 0xD1, 0x66, 0x32, 0xA6, 0x81, 0x2C, 0x0C, 0x62, 0x8C, 0x80, 0x11, 0x82,
    0xB9, 0x99, 0x28, 0x0D, 0xE6, 0x57, 0x4D, 0x7C, 0xC7, 0x8B, 0x02, 0xF8, 0xF8, 0x0B, 0x76, 0xC2,
    0xC6, 0xC0, 0xEC, 0x96, 0xDE, 0x54, 0x93, 0x4B, 0xE0, 0x06, 0x44, 0x35, 0x1A, 0x64, 0x9A, 0xBA,
    0x4E, 0x17, 0x71, 0x61, 0x65, 0xE5, 0xE2, 0x00, 0x0D, 0x93, 0xAF, 0x1E, 0x77, 0x48, 0xE4, 0x39,
    0xFC, 0xA6, 0xF9, 0xBD, 0x61, 0x19, 0x42, 0x82, 0xBD, 0xC1, 0x6C, 0x49, 0x18, 0xA9, 0x95, 0xB3,
    0x83, 0x31, 0x98, 0x4E, 0x09, 0x25, 0xBD, 0x9E, 0x53, 0xCA, 0x59, 0xE7, 0x10, 0x0C, 0xA6, 0x4E,
    0x83, 0x87, 0x48, 0x6A, 0x15, 0x90, 0x81, 0xE0, 0xC5, 0x4A, 0x65, 0xA0, 0xB2, 0xBA, 0xD0, 0x29,
    0x1E, 0x35, 0xCA, 0xB6, 0x00, 0x7B, 0x2B, 0x3A, 0xC7, 0x75, 0x46, 0xD4, 0xC5, 0x74, 0x8E, 0xE5,
    0x20, 0x4D, 0x8E, 0xB0, 0x0A, 0x68, 0x06, 0xC0, 0x0C, 0x04, 0x6C, 0x25, 0xA1, 0x8C, 0x09, 0x48,
    0xC6, 0x4C, 0x20, 0x83, 0x38, 0x06, 0x61, 0x0C, 0xA2, 0x18, 0x04, 0x31, 0x88, 0x61, 0x10, 0xC2,
    0x20, 0x82, 0x41, 0x00, 0x83, 0xF8, 0x85, 0xC1, 0x17, 0x86, 0x5E, 0xB8, 0xCC, 0xB7, 0x6C, 0x6E,
    0xD3, 0x94, 0x3E, 0x6F, 0xA1, 0x80, 0x1C, 0x69, 0x7D, 0x2C, 0x97, 0xA7, 0xB1, 0x10, 0x46, 0xFD,
    0xF7, 0x2F, 0x8C, 0x03, 0x34, 0x6A, 0xA6, 0xEB, 0x84, 0x5C, 0x44, 0xAB, 0x11, 0x7B, 0x34, 0x87,
    0x8F, 0x8C, 0x04, 0x71, 0x13, 0x1D, 0xED, 0x4C, 0x69, 0xD3, 0xF8, 0xC2, 0x80, 0x07, 0x87, 0x43,
    0x38, 0x8F, 0x7A, 0x18, 0x42, 0xBD, 0xA6, 0xB9, 0xFB, 0xCB, 0x87, 0x58, 0x68, 0xDF, 0x5A, 0xBA,
    0x46, 0xB0, 0x97, 0xDE, 0x86, 0x89, 0x40, 0x2A, 0x3F, 0x38, 0x35, 0x98, 0x0B, 0x02, 0xAA, 0xE2,
    0x7B, 0xF7, 0x20, 0x21, 0x1A, 0xE2, 0x42, 0xED, 0xD5, 0x4F, 0x2B, 0xBB, 0x67, 0xF1, 0xEB, 0x64,
    0x12, 0xBB, 0x87, 0xA5, 0xFC, 0x10, 0x93, 0xD0, 0x48, 0x25, 0x96, 0xB0, 0x46, 0xF0, 0x45, 0xBC,
    0x01, 0x70, 0x84, 0x1A, 0xF4, 0x06, 0xB1, 0x61, 0x6F, 0x01, 0x96, 0x3B, 0x92, 0xB8, 0x23, 0xD9,
    0xC5, 0x23, 0x34, 0xF4, 0xCA, 0x80, 0xD5, 0xF0, 0x87, 0xE7, 0x64, 0x53, 0x71, 0x2F, 0x66, 0xA8,
    0x3D, 0xB8, 0x3A, 0xD1, 0x2C, 0x42, 0x92, 0x60, 0x10, 0x1E, 0x82, 0x17, 0x84, 0x73, 0x38, 0xD3,
    0x46, 0x32, 0x08, 0xAD, 0xC7, 0x1A, 0x0C, 0x53, 0x9B, 0x56, 0xED, 0x87, 0x1E, 0xFA, 0xC9, 0x09,
    0x29, 0x6D, 0x25, 0x11, 0x26, 0xCA, 0xEA, 0x11, 0x07, 0x86, 0x8B, 0x1C, 0xA8, 0xCF, 0x31, 0xF1,
    0x12, 0x0E, 0x1C, 0x0D, 0x51, 0x5E, 0xCE, 0x44, 0x3F, 0x44, 0x87, 0xDF, 0x88, 0x47, 0x8C, 0x4C,
    0xAB, 0x11, 0x3D, 0xAD, 0x34, 0x07, 0xED, 0xF6, 0xBB, 0x42, 0x89, 0xA7, 0x73, 0x51, 0xBD, 0x35,
    0xB5, 0x70, 0xAE, 0x18, 0x8C, 0xAB, 0x99, 0x5E, 0x89, 0x5C, 0x54, 0xF6, 0xAC, 0xD1, 0x84, 0x58,
    0x29, 0x01, 0x78, 0x84, 0x61, 0x7C, 0xA3, 0xA7, 0xF3, 0xC7, 0xF3, 0x9F, 0x2B, 0x9A, 0x69, 0xB6,
    0x77, 0x18, 0x3F, 0x3F, 0x41, 0x77, 0xEC, 0xB2, 0x4C, 0x8B, 0x83, 0xDB, 0x8E, 0x70, 0x92, 0x39,
    0x5E, 0x1E, 0xA9, 0xDD, 0x11, 0xB9, 0x78, 0x04, 0x20, 0x52, 0xA6, 0x16, 0x43, 0x39, 0xFB, 0x9E,
    0x9C, 0x7D, 0xA7, 0x96, 0x1F, 0xC9, 0x7A, 0xC0, 0x8F, 0xAE, 0x98, 0xDC, 0xB4, 0xDC, 0xA4, 0x0E,
    0x09, 0x1B, 0x8F, 0xBF, 0x70, 0x6A, 0xC9, 0x25, 0x91, 0xC5, 0x0D, 0xA2, 0x63, 0xF1, 0xC6, 0xD8,
    0x38, 0x5F, 0x08, 0x61, 0x96, 0x03, 0x03, 0xBB, 0x1B, 0x0E, 0x38, 0x7B, 0xC8, 0x27, 0x31, 0x9D,
    0x7B, 0xC5, 0xB8, 0xCB, 0x5C, 0x6F, 0xF3, 0x20, 0x20, 0x8C, 0x94, 0x2A, 0x87, 0xB1, 0x86, 0x69,
    0xE4, 0xE2, 0x71, 0x42, 0x44, 0xD3, 0x6D, 0xE5, 0xD8, 0xE5, 0xB8, 0x6B, 0x08, 0xE1, 0xD1, 0x10,
    0x2A, 0x64, 0xC6, 0xF1, 0xCB, 0x87, 0x18, 0x0D, 0xA4, 0x21, 0x2A, 0x08, 0x2B, 0xAA, 0xD3, 0x05,
    0x24, 0x08, 0x3E, 0xCB, 0x9F, 0xE3, 0xA8, 0xC3, 0x03, 0x53, 0xC3, 0x61, 0x0E, 0x60, 0xE0, 0x77,
    0xF7, 0x00, 0x02, 0xD3, 0x30, 0x1A, 0xB5, 0xCC, 0xF0, 0x9A, 0x1D, 0x27, 0x3C, 0x0A, 0xD9, 0x6E,
    0x90, 0x16, 0x9A, 0xFC, 0x2D, 0xC8, 0xEB, 0x36, 0xA4, 0xFA, 0xD7, 0x2E, 0x12, 0xE5, 0xD3, 0xAD,
    0x86, 0xBA, 0xC4, 0x0E, 0xBB, 0x2F, 0x3B, 0xBE, 0x79, 0x26, 0x02, 0x36, 0x64, 0xD4, 0xD4, 0x31,
    0x58, 0xE2, 0x91, 0xD0, 0x1D, 0x89, 0x2F, 0x39, 0x82, 0x38, 0xAB, 0x1C, 0x73, 0x00, 0x90, 0xAD,
    0xFC, 0xEB, 0x5B, 0xC4, 0x09, 0x53, 0xA5, 0xED, 0x4D, 0x80, 0xBB, 0x11, 0x15, 0x70, 0x60, 0x68,
    0x54, 0xDC, 0x99, 0x8F, 0x02, 0xA9, 0x76, 0x79, 0x58, 0x64, 0x94, 0x9B, 0x54, 0x9A, 0xA2, 0x26,
    0x02, 0xEF, 0xE7, 0x75, 0x38, 0xBF, 0x28, 0xB0, 0x1F, 0x6F, 0xCB, 0xAA, 0x76, 0xB5, 0xD0, 0xB1,
    0x67, 0x80, 0xDA, 0xF9, 0x9D, 0xC5, 0x9B, 0x56, 0x82, 0x8D, 0x17, 0x7C, 0x36, 0x6D, 0x16, 0x99,
    0x6B, 0x3A, 0xCC, 0xDD, 0xE0, 0x32, 0x4B, 0x46, 0x3B, 0x9C, 0x91, 0xBD, 0xA6, 0xC5, 0x48, 0x71,
    0x1B, 0xE3, 0x1E, 0xF9, 0x6B, 0xA8, 0xB0, 0x45, 0xC5, 0xB0, 0xB7, 0xC6, 0x60, 0x8A, 0x40, 0xE4,
    0x2E, 0xB0, 0xA3, 0xF9, 0x6C, 0x8A, 0x6C, 0x60, 0x30, 0x6D, 0xF1, 0xD3, 0x64, 0xB1, 0xD7, 0xE4,
    0xB0, 0x3A, 0x0E, 0x9B, 0x8D, 0x9D, 0x0E, 0xAB, 0xF1, 0xF9, 0x42, 0xDD, 0x39, 0xAC, 0xF8, 0xFF,
    0xB4, 0x26, 0xDF, 0xD8, 0x61, 0x0A, 0x46, 0x45, 0x86, 0xE3, 0xA7, 0xAB, 0x01, 0xB0, 0x44, 0xF4,
    0x7F, 0x71, 0x35, 0xF9, 0x04, 0xA8, 0x04, 0x40, 0x77, 0x0D, 0x8B, 0x6A, 0x75, 0xD7, 0x79, 0x15,
    0xC9, 0x37, 0x94, 0x92, 0xEF, 0x5A, 0xC8, 0x0A, 0x02, 0x7D, 0x45, 0x9A, 0x13, 0xF5, 0x3E, 0xEA,
    0x38, 0xC7, 0x62, 0xD3, 0x33, 0x96, 0x44, 0x93, 0xAD, 0x18, 0x10, 0xAE, 0x50, 0x95, 0x8B, 0x11,
    0x74, 0x47, 0x8C, 0x7B, 0xE6, 0xF0, 0x1E, 0x7A, 0x29, 0xB7, 0x29, 0x2F, 0xF3, 0x59, 0xBB, 0x3D,
    0x20, 0x50, 0x56, 0xF7, 0x94, 0xA3, 0x7A, 0x30, 0xE3, 0x67, 0xDF, 0xDC, 0xB1, 0xCB, 0x3F, 0xD7,
    0x83, 0x8B, 0x09, 0x56, 0x7A, 0x59, 0x82, 0x55, 0xFB, 0x04, 0x6B, 0xE0, 0xF9, 0xCC, 0xAC, 0xE2,
    0x73, 0x09, 0x56, 0xEE, 0x12, 0xAC, 0xE1, 0x28, 0xC1, 0x0A, 0x3E, 0x72, 0x82, 0xD5, 0x7E, 0xF4,
    0x04, 0x8B, 0x1E, 0x3C, 0xE1, 0x50, 0x16, 0xDF, 0x1C, 0x3E, 0x69, 0x97, 0x76, 0x44, 0x1C, 0x60,
    0x19, 0xCA, 0xD1, 0xED, 0xF2, 0xD7, 0x0B, 0x9F, 0x54, 0xF4, 0x9E, 0xC0, 0x8E, 0x2D, 0xFD, 0x52,
    0xAE, 0x97, 0x23, 0xEB, 0x71, 0x4C, 0xAF, 0x07, 0xCB, 0xBF, 0x50, 0xBA, 0xEB, 0xF7, 0x24, 0x5A,
    0x05, 0x03, 0x09, 0x98, 0xAA, 0x88, 0x49, 0x42, 0x8E, 0xC2, 0x5E, 0xC4, 0xA4, 0x1A, 0x91, 0xF2,
    0x98, 0x62, 0x05, 0xCF, 0xCA, 0xF8, 0xFB, 0xB0, 0x64, 0x12, 0x58, 0x0A, 0xF6, 0x20, 0x03, 0x4B,
    0xA3, 0xE1, 0x03, 0x9F, 0xC2, 0xA5, 0x84, 0xC7, 0x36, 0xC2, 0x7F, 0x2B, 0x3E, 0x44, 0xC9, 0x3F,
    0x61, 0x0C, 0x0C, 0xE8, 0xBC, 0x58, 0x05, 0x34, 0xDB, 0x6E, 0xBB, 0x97, 0xBA, 0xB4, 0x47, 0xC7,
    0x40, 0x37, 0xE5, 0x63, 0xA5, 0x64, 0xF6, 0x28, 0x4B, 0xF0, 0xD3, 0x7D, 0x64, 0xAF, 0x30, 0x95,
    0xDC, 0x75, 0x3F, 0xF6, 0x16, 0xA8, 0x28, 0x35, 0xC6, 0x20, 0x73, 0xDC, 0x52, 0x7B, 0xC6, 0xFB,
    0x94, 0xF7, 0xC5, 0xD9, 0xBD, 0xF2, 0x3F, 0x7C, 0x62, 0x5C, 0x4E, 0xFB, 0x6C, 0x26, 0x8D, 0x3B,
    0x79, 0x5E, 0x31, 0xAB, 0x99, 0x59, 0x0C, 0x7A, 0x52, 0x46, 0xDC, 0x30, 0x54, 0x0A, 0xA1, 0x7F,
    0x65, 0xF8, 0x94, 0xD8, 0x12, 0x68, 0xC0, 0x38, 0x74, 0xCA, 0xB9, 0xB8, 0x92, 0x83, 0xCE, 0xE5,
    0x9A, 0x41, 0xE1, 0x2A, 0x4B, 0x59, 0x63, 0x84, 0xB7, 0xBB, 0x98, 0x36, 0xF9, 0x3D, 0x18, 0xB3,
    0x85, 0x78, 0x1B, 0xB8, 0x5E, 0x33, 0x11, 0x07, 0x58, 0x50, 0x34, 0xC0, 0xEB, 0x10, 0xF9, 0xE7,
    0xBD, 0x52, 0x06, 0xD4, 0x51, 0x4A, 0x01, 0x07, 0xDD, 0xCB, 0x6A, 0x2E, 0x0F, 0x89, 0xF7, 0xCD,
    0xF6, 0xB0, 0x20, 0xA5, 0xFD, 0x87, 0x6F, 0x9D, 0xB2, 0xB0, 0x73, 0x5F, 0xE0, 0x7A, 0x45, 0x9E,
    0xDB, 0x54, 0xB2, 0xEA, 0x25, 0xDE, 0xC8, 0xA9, 0x78, 0xA3, 0x47, 0x4E, 0x57, 0xC6, 0xDB, 0x4C,
    0x53, 0xDB, 0xD7, 0xA5, 0x27, 0xF8, 0xBC, 0xB1, 0x80, 0xA3, 0x06, 0xD9, 0x6A, 0x36, 0xDC, 0x10,
    0x83, 0xC0, 0x94, 0x3F, 0x47, 0x59, 0x08, 0xBE, 0x83, 0xBC, 0xAA, 0x8A, 0x27, 0x58, 0xF2, 0x2E,
    0x1F, 0x73, 0x4D, 0x9C, 0xEE, 0x69, 0xDC, 0x2E, 0x9A, 0x97, 0xAD, 0x7A, 0xF3, 0x9B, 0xA9, 0x79,
    0x25, 0x4B, 0xA7, 0x73, 0xE6, 0x12, 0x85, 0x7C, 0xDB, 0x8A, 0x8C, 0x89, 0xCB, 0x3C, 0x3A, 0x28,
    0x5B, 0x3C, 0x5B, 0xD2, 0xDF, 0xA0, 0x98, 0x1C, 0x4F, 0x04, 0x4D, 0x7E, 0xDD, 0xC5, 0xE8, 0x56,
    0x82, 0x71, 0x7E, 0xDE, 0x0A, 0x98, 0x4E, 0x3F, 0x4B, 0xA6, 0xC9, 0x3F, 0xB6, 0x64, 0x04, 0xCA,
    0x56, 0x2C, 0xB8, 0x52, 0x09, 0xAF, 0x5F, 0x94, 0x38, 0x6F, 0xAB, 0xCF, 0x41, 0x4D, 0xC4, 0x2A,
    0x7E, 0x28, 0x5B, 0x88, 0x95, 0xE3, 0x06, 0xA0, 0x90, 0x70, 0xC9, 0xA5, 0xCE, 0xA6, 0xA3, 0x54,
    0xDE, 0x3C, 0xE0, 0xBE, 0xA8, 0x78, 0x52, 0x45, 0xFB, 0xA0, 0x7D, 0x5F, 0x00, 0x28, 0x59, 0x31,
    0x57, 0x2F, 0x80, 0x6E, 0x4C, 0xD0, 0x56, 0xE4, 0x3E, 0x33, 0x7E, 0x6E, 0x07, 0xA5, 0x9D, 0x12,
    0x88, 0x80, 0x09, 0xF4, 0x34, 0xA2, 0x78, 0x44, 0x0C, 0xBD, 0x0C, 0xF6, 0xA5, 0xF7, 0xB0, 0xC2,
    0x7A, 0x0E, 0x12, 0xC4, 0x1B, 0x18, 0x56, 0x77, 0x35, 0xCB, 0xF4, 0xA9, 0x54, 0x14, 0xE1, 0x37,
    0xF8, 0x37, 0x22, 0x48, 0x1B, 0xFB, 0x23, 0x35, 0xCA, 0x8A, 0xB8, 0x26, 0xF4, 0x7D, 0x0C, 0x2B,
    0xCA, 0xB4, 0x41, 0x32, 0xE6, 0x18, 0xAE, 0xFC, 0xBB, 0x89, 0xEE, 0xDD, 0x81, 0x30, 0x94, 0xEA,
    0xFA, 0xA2, 0x51, 0xFC, 0x08, 0xF4, 0x5F, 0x2E, 0xD2, 0xBF, 0xFC, 0x9F, 0xD1, 0x5F, 0x09, 0x16,
    0xB9, 0x32, 0xFF, 0x4F, 0x49, 0xFF, 0x0D, 0x4B, 0x4C, 0x26, 0x28, 0x30, 0x17, 0x68, 0xEB, 0xB3,
    0xE5, 0xD5, 0x0F, 0xB8, 0xEE, 0x53, 0x5F, 0xA5, 0x57, 0x7D, 0x2C, 0xA0, 0x26, 0x2F, 0xB1, 0xB2,
    0x94, 0x31, 0xE2, 0x62, 0x45, 0x26, 0x5F, 0xA8, 0xBE, 0x4D, 0x40, 0xB3, 0xA6, 0x49, 0x22, 0x68,
    0xFF, 0x2E, 0x23, 0x6A, 0x61, 0xF1, 0x03, 0xF4, 0x22, 0x4E, 0x6D, 0xF5, 0x23, 0x7E, 0xCF, 0x91,
    0xF5, 0x33, 0xF7, 0x4F, 0x97, 0x5C, 0x90, 0x77, 0xA6, 0xBC, 0x3C, 0x5F, 0x98, 0xD0, 0xDA, 0x48,
    0x11, 0x70, 0x2B, 0xE2, 0x55, 0x1D, 0xA6, 0xA0, 0xD3, 0x3D, 0x35, 0x79, 0x57, 0xD2, 0x31, 0x00,
    0x4D, 0x47, 0x8B, 0xB6, 0x36, 0xDB, 0x14, 0x46, 0xB5, 0xD8, 0xD9, 0x1C, 0x6F, 0x7A, 0x2E, 0x7E,
    0x54, 0x68, 0xBF, 0x21, 0x40, 0x36, 0xE4, 0x5D, 0x4E, 0xC1, 0xFB, 0x81, 0x26, 0x36, 0x0D, 0xE4,
    0x06, 0xDA, 0x4B, 0x23, 0x15, 0x5B, 0x00, 0xC8, 0x4D, 0x2C, 0xDF, 0x20, 0xB7, 0xE4, 0x1F, 0xCD,
    0xF2, 0xDF, 0x5F, 0xCD, 0x81, 0x6D, 0x66, 0xE7, 0x39, 0x81, 0xD8, 0x72, 0xFA, 0x40, 0xDE, 0xA1,
    0x45, 0x2B, 0x47, 0xDA, 0x61, 0x8D, 0x88, 0x57, 0x1B, 0x47, 0x58, 0xF9, 0x69, 0xEA, 0x89, 0xF7,
    0xCA, 0xEC, 0x5E, 0x0C, 0x21, 0x01, 0x9D, 0x32, 0xBD, 0x30, 0x2E, 0xB2, 0xDE, 0xDF, 0xAB, 0x1D,
    0x57, 0xE2, 0x4C, 0x07, 0x94, 0xAF, 0xAC, 0x32, 0x25, 0xEE, 0x02, 0x50, 0x3B, 0x7B, 0x7F, 0xF5,
    0xD8, 0xBF, 0xD1, 0xB9, 0x38, 0x9F, 0x3F, 0xBC, 0x68, 0x59, 0x88, 0x32, 0xF6, 0x4A, 0xCD, 0xDA,
    0xA3, 0x9B, 0xD1, 0x8E, 0x68, 0x51, 0x98, 0x2D, 0x70, 0x55, 0x97, 0x83, 0x5A, 0x85, 0x65, 0x3A,
    0xBA, 0xA0, 0x7C, 0x2E, 0x61, 0x8B, 0x9E, 0x7F, 0x5F, 0x27, 0xF5, 0x93, 0xE5, 0x97, 0x82, 0x98,
    0x8B, 0xA4, 0x93, 0x4E, 0x68, 0x17, 0x5B, 0xF6, 0x11, 0x70, 0x74, 0x79, 0x93, 0xA5, 0xDE, 0x12,
    0xFD, 0x28, 0x2F, 0x43, 0xE8, 0xA7, 0x1C, 0xE0, 0x04, 0x19, 0xA7, 0x32, 0x73, 0xA2, 0xB4, 0x53,
    0x2E, 0xEB, 0xCD, 0x8A, 0xBB, 0x1F, 0x43, 0xB0, 0xD2, 0x8A, 0x2C, 0xE6, 0xBD, 0x7C, 0x8C, 0x33,
    0x1F, 0xF5, 0x5D, 0x05, 0xC5, 0xEB, 0xE6, 0x7B, 0xAD, 0xC4, 0x65, 0x25, 0x42, 0x62, 0x96, 0xAC,
    0x11, 0xAE, 0x39, 0x4A, 0x67, 0xC0, 0xBB, 0x2C, 0xD6, 0x53, 0xB3, 0xA9, 0x82, 0xF6, 0x8A, 0xAA,
    0x0D, 0xE0, 0xFF, 0xF2, 0x03, 0xA8, 0xCE, 0x3B, 0x28, 0x6B, 0x96, 0xC8, 0x3D, 0x81, 0x55, 0xFE,
    0x33, 0x4E, 0x00, 0xC2, 0xAE, 0x26, 0x11, 0xAD, 0x0C, 0x58, 0x62, 0x0E, 0x42, 0x5B, 0x47, 0xD5,
    0x35, 0x5F, 0xA5, 0x29, 0x09, 0x8C, 0xF9, 0x79, 0x14, 0xEF, 0xF8, 0x39, 0x98, 0x93, 0xB6, 0xC0,
    0xC5, 0xC7, 0x01, 0x22, 0x0F, 0xED, 0xCE, 0x31, 0xD8, 0x29, 0xB2, 0x88, 0xAB, 0xBD, 0x47, 0xD5,
    0x5C, 0xD1, 0x9A, 0x82, 0xA4, 0x4F, 0x27, 0x05, 0x52, 0xB5, 0xA3, 0xAB, 0xF1, 0x3B, 0xF2, 0x41,
    0x7A, 0x53, 0x79, 0x06, 0x63, 0xE6, 0xAB, 0x6B, 0x85, 0xAB, 0x69, 0x4B, 0xDE, 0x36, 0x4C, 0xFD,
    0x79, 0xAB, 0x82, 0xBA, 0x2E, 0x38, 0xB3, 0x04, 0x2F, 0x43, 0x56, 0xDC, 0xE9, 0x32, 0xBA, 0x06,
    0x38, 0xE3, 0x6F, 0xC8, 0x62, 0x66, 0x0F, 0x1E, 0x65, 0x9B, 0xEF, 0x7D, 0xD3, 0xA3, 0x39, 0x0B,
    0xF3, 0x3F, 0x82, 0xD4, 0x85, 0x06, 0x15, 0x06, 0x4F, 0x4C, 0x47, 0x8C, 0x70, 0x5C, 0xC9, 0x9A,
    0xA3, 0x52, 0x62, 0xB4, 0xFC, 0xAA, 0xAD, 0x9F, 0xDC, 0x49, 0xCE, 0xF6, 0x18, 0xA8, 0x64, 0xC7,
    0x85, 0xC8, 0x83, 0x69, 0xC6, 0xD5, 0xAD, 0xB2, 0x12, 0x2E, 0xE0, 0xE5, 0x8C, 0xC0, 0xD6, 0xC0,
    0xB4, 0x3C, 0x5B, 0x89, 0x2E, 0xC3, 0xCE, 0xFD, 0x10, 0x4A, 0x79, 0xAA, 0x01, 0xE5, 0x0A, 0x70,
    0xF9, 0xC7, 0x28, 0x61, 0xBD, 0xA9, 0x21, 0xDA, 0x86, 0x13, 0x46, 0x62, 0xCB, 0x9A, 0x30, 0x2D,
    0x5C, 0x7E, 0xE8, 0x0A, 0x9F, 0x9E, 0x4D, 0xE4, 0xD7, 0xE8, 0xA3, 0x43, 0xCC, 0x31, 0x5A, 0xFF,
    0xDA, 0xCD, 0x2F, 0x31, 0x41, 0xBA, 0x4D, 0xAF, 0x13, 0xAC, 0xF1, 0x64, 0xDD, 0x70, 0xCD, 0xA1,
    0xEE, 0xE4, 0xDC, 0x4E, 0xBE, 0x3C, 0xDC, 0x98, 0x61, 0xEA, 0x8C, 0xD3, 0x40, 0x23, 0xB1, 0xBA,
    0x34, 0xD1, 0xC3, 0x8E, 0xBA, 0x6D, 0x1D, 0x22, 0x3A, 0x03, 0x76, 0x8A, 0x75, 0x44, 0x9C, 0xFE,
    0xC8, 0x69, 0xBD, 0xB3, 0x92, 0xD9, 0x31, 0x82, 0xE3, 0xBF, 0xB8, 0xEA, 0xEA, 0x99, 0x0B, 0x03,
    0xB1, 0xF9, 0xAA, 0xAB, 0x33, 0xE6, 0x7E, 0x63, 0xE6, 0xD8, 0x86, 0x6A, 0x5D, 0x9D, 0x6C, 0x30,
    0x63, 0x58, 0xB9, 0x43, 0x4F, 0x36, 0x68, 0x13, 0x43, 0x8C, 0xA3, 0xA9, 0x35, 0xB5, 0x6C, 0x81,
    0x70, 0xC5, 0x20, 0x14, 0xDB, 0x24, 0x63, 0x74, 0xE6, 0x74, 0x8C, 0x08, 0xE6, 0x43, 0xB8, 0xD5,
    0xBA, 0x88, 0x36, 0x1D, 0x40, 0x14, 0x73, 0x57, 0x31, 0x29, 0xE3, 0xFC, 0xB1, 0x91, 0xE7, 0xBC,
    0xC3, 0xAA, 0x10, 0x15, 0x45, 0x08, 0xF4, 0xB7, 0x2F, 0x2D, 0x6C, 0xDE, 0x50, 0xAE, 0xFF, 0x16,
    0x34, 0x40, 0x2F, 0x64, 0xB1, 0x35, 0x66, 0x26, 0x00, 0x74, 0xE2, 0x53, 0x55, 0xDD, 0xEF, 0x36,
    0xD1, 0x25, 0xEF, 0x86, 0xFC, 0xDF, 0x35, 0x2B, 0xDE, 0x20, 0xCC, 0xA4, 0xF2, 0x50, 0x56, 0x83,
    0xC7, 0x32, 0x6B, 0xF6, 0x91, 0xBD, 0x65, 0xE3, 0xF0, 0x57, 0x35, 0xD0, 0x70, 0x18, 0xD6, 0x24,
    0xF8, 0xFF, 0x0C, 0x11, 0x2E, 0xD6, 0x84, 0x3D, 0x52, 0x9C, 0xEC, 0x2D, 0x43, 0x79, 0x0D, 0x81,
    0x6F, 0xFE, 0x5B, 0x04, 0x3E, 0x08, 0x9E, 0x74, 0x4D, 0x48, 0xDE, 0xB7, 0xD1, 0x5C, 0x13, 0x59,
    0xE1, 0x7C, 0xCD, 0x86, 0x1F, 0xF0, 0x25, 0x3B, 0xB2, 0xED, 0x8B, 0x3A, 0x1C, 0x21, 0x4B, 0x93,
    0xC3, 0x11, 0x26, 0x6C, 0x06, 0x60, 0x4C, 0xAC, 0x40, 0x52, 0x28, 0x7D, 0x6D, 0xF9, 0xAC, 0x0D,
    0xAC, 0xC7, 0x52, 0x6F, 0x5B, 0xED, 0xF5, 0xD4, 0xFF, 0x6F, 0xD9, 0xFB, 0x5F, 0x68, 0xD9, 0x73,
    0x44, 0x74, 0x08, 0xE7, 0x9E, 0xAC, 0xE9, 0x02, 0x4E, 0x76, 0xD4, 0x44, 0xAF, 0xF5, 0xFB, 0x8E,
    0x7E, 0xBE, 0x74, 0x6F, 0x40, 0xD3, 0xE7, 0x38, 0x77, 0xA5, 0xF3, 0xC9, 0xF6, 0xF4, 0x6A, 0xE8,
    0x95, 0xBA, 0x5A, 0x79, 0x6F, 0x21, 0xEF, 0x8B, 0x25, 0xE3, 0xB8, 0x58, 0x78, 0x3B, 0xDE, 0x46,
    0x47, 0x85, 0x35, 0xD8, 0xBD, 0x31, 0x02, 0xDE, 0x22, 0xC8, 0x29, 0x19, 0x83, 0x1B, 0xA3, 0x9A,
    0x3A, 0xA5, 0xC1, 0xB7, 0x55, 0x5D, 0x8B, 0x5C, 0x53, 0x20, 0xA4, 0x16, 0xDA, 0xE0, 0x48, 0x1E,
    0xCA, 0x81, 0x60, 0xD9, 0x14, 0xF8, 0x9B, 0x06, 0xF2, 0xF4, 0xCC, 0x9B, 0xC2, 0x7F, 0x4E, 0x39,
    0xE5, 0xDE, 0xFA, 0xF1, 0x0A, 0xF6, 0x0E, 0xB3, 0x4D, 0x4F, 0x33, 0x2E, 0xD4, 0xF3, 0xD1, 0xB1,
    0x26, 0x2F, 0x01, 0x7A, 0x83, 0x8F, 0x05, 0x3D, 0x86, 0xAB, 0xA6, 0xF1, 0xE5, 0x81, 0x4C, 0xA1,
    0x9C, 0x1C, 0x8A, 0xAA, 0x5F, 0xBD, 0xC4, 0xDA, 0x7D, 0xDA, 0x6B, 0x48, 0xB2, 0xE7, 0xB4, 0x57,
    0xDA, 0x71, 0xA7, 0xA8, 0xBF, 0x36, 0xDD, 0x33, 0xB6, 0x43, 0x25, 0x71, 0xF7, 0x7F, 0x54, 0x9B,
    0xB0, 0x39, 0xEA, 0xCC, 0x83, 0x63, 0x48, 0x64, 0x6B, 0x87, 0x64, 0x43, 0x52, 0x60, 0xC9, 0x99,
    0xC6, 0x42, 0x93, 0x86, 0xBC, 0x87, 0xC6, 0x3C, 0xE2, 0xA8, 0xBA, 0x34, 0xB4, 0x18, 0x25, 0x9A,
    0xE7, 0x3D, 0x4D, 0x74, 0xB5, 0x98, 0x22, 0xAE, 0xDC, 0xF7, 0xE5, 0x19, 0x38, 0x8B, 0xE4, 0x3D,
    0xB5, 0x52, 0x0F, 0x72, 0xCE, 0x89, 0x3D, 0x5C, 0x4B, 0xDA, 0xED, 0x6D, 0x79, 0xAF, 0x33, 0x40,
    0x4F, 0x35, 0x34, 0x48, 0x18, 0xE3, 0x68, 0x12, 0xB3, 0x64, 0xCA, 0xBA, 0x4E, 0x19, 0x96, 0x0E,
    0x87, 0xAE, 0xBC, 0x42, 0xC3, 0x48, 0x91, 0x53, 0x48, 0xED, 0x9C, 0x9E, 0x25, 0x63, 0xEA, 0xC4,
    0x27, 0x6C, 0xF6, 0xCA, 0x98, 0x69, 0x67, 0x7F, 0xF0, 0x12, 0x89, 0xC5, 0x2D, 0x46, 0x2A, 0x8B,
    0x5E, 0xAE, 0x54, 0x1F, 0xDF, 0x7C, 0xC5, 0x2D, 0x91, 0x2B, 0xCC, 0x77, 0x43, 0x66, 0xDD, 0x2D,
    0x84, 0x0F, 0xC2, 0x5F, 0xEC, 0x7C, 0x45, 0xF7, 0xAB, 0xD6, 0x45, 0xCF, 0x50, 0x54, 0x0F, 0x19,
    0x93, 0xAA, 0x0C, 0xB2, 0xCC, 0xEE, 0x47, 0xFB, 0x1E, 0x8E, 0x98, 0x6B, 0x89, 0x9D, 0xA9, 0x34,
    0xA9, 0x4D, 0xD9, 0xFD, 0xC6, 0x1E, 0xD9, 0x15, 0x54, 0x48, 0xAD, 0x0F, 0x3C, 0x75, 0x25, 0x11,
    0x36, 0xDC, 0x64, 0x66, 0x69, 0xFC, 0xDE, 0x0C, 0xAF, 0x00, 0xAA, 0xA9, 0x6A, 0xE6, 0xAE, 0xB8,
    0x31, 0x42, 0x20, 0xC1, 0x12, 0xEB, 0xB7, 0x31, 0x4B, 0x61, 0xC0, 0x92, 0x45, 0xC3, 0x83, 0xE9,
    0x7A, 0x8F, 0x50, 0xA1, 0xB5, 0x3D, 0xD0, 0x6E, 0xB0, 0x3D, 0xD7, 0x83, 0x6F, 0xAD, 0x77, 0x28,
    0xA2, 0xAF, 0xA7, 0x8B, 0x05, 0x08, 0x44, 0x0E, 0xB9, 0x97, 0x1E, 0xA2, 0x2C, 0x5F, 0x1E, 0x09,
    0x95, 0x9B, 0xE1, 0x57, 0xE6, 0x1A, 0x21, 0x9E, 0xDC, 0x67, 0x54, 0x5A, 0xCB, 0x3D, 0xA8, 0x71,
    0xB9, 0x51, 0x8E, 0x4A, 0x7B, 0x98, 0x42, 0xEF, 0xCE, 0x88, 0x73, 0xE0, 0xB4, 0x5D, 0x8F, 0xA9,
    0x45, 0xA2, 0xDC, 0x8C, 0xD6, 0x70, 0x05, 0x03, 0xDB, 0x84, 0xD6, 0xF5, 0x6E, 0x9D, 0xA0, 0xD4,
    0x7A, 0x80, 0xE1, 0x0B, 0x45, 0x04, 0x4B, 0x48, 0x37, 0x6B, 0xF1, 0x58, 0x49, 0xC3, 0x6C, 0x61,
    0x7E, 0x94, 0x2D, 0x6D, 0x7F, 0x08, 0xEF, 0x73, 0x8B, 0x23, 0x5C, 0xCF, 0x62, 0xB9, 0x1D, 0x37,
    0x66, 0xBA, 0xE0, 0xC2, 0xA5, 0xFC, 0xED, 0xB9, 0xBC, 0xF2, 0x5C, 0x5D, 0xC4, 0x85, 0x47, 0xE5,
    0x5E, 0xBF, 0xBE, 0x72, 0xBE, 0x55, 0x2B, 0xF1, 0x4F, 0x3E, 0x6C, 0xE7, 0xED, 0x53, 0xEC, 0xBA,
    0xE2, 0x42, 0xDF, 0x1D, 0xF7, 0x07, 0x97, 0x95, 0x47, 0xAC, 0x27, 0x0E, 0x13, 0x45, 0x13, 0x84,
    0xEF, 0x31, 0x44, 0x53, 0x48, 0x3A, 0x07, 0x7B, 0x27, 0x1C, 0x02, 0x96, 0xA3, 0x86, 0x42, 0x74,
    0xDC, 0xC1, 0x82, 0x4B, 0x8B, 0xFE, 0x37, 0xBD, 0x53, 0x3D, 0xC5, 0x47, 0xDD, 0x83, 0xF5, 0x6B,
    0x02, 0xD8, 0xDD, 0x75, 0xBD, 0xE9, 0x40, 0x89, 0x7C, 0xE9, 0xA8, 0x55, 0x50, 0xAA, 0x7C, 0xB5,
    0x52, 0x09, 0x7A, 0xDD, 0x30, 0x50, 0x2D, 0x7B, 0x5F, 0x20, 0xA6, 0x1D, 0x12, 0x60, 0xB5, 0x0E,
    0x37, 0x18, 0xAF, 0x94, 0x9C, 0x70, 0xCD, 0x6D, 0x08, 0x7C, 0xE6, 0xC0, 0xF7, 0xB5, 0x11, 0x55,
    0xF1, 0xA6, 0xD8, 0x5C, 0x98, 0x59, 0xA8, 0x64, 0x3D, 0x74, 0x67, 0x85, 0xC7, 0xBD, 0x66, 0xD6,
    0x68, 0xC6, 0x2E, 0x33, 0xD7, 0x62, 0xC6, 0xFE, 0x32, 0x36, 0x97, 0xB9, 0x9A, 0x16, 0xDA, 0xCA,
    0xAC, 0xA7, 0x8C, 0x0D, 0x65, 0x97, 0x20, 0xA8, 0x89, 0x58, 0x07, 0x99, 0x21, 0xA8, 0xEC, 0x1D,
    0xFB, 0x6D, 0x36, 0x8E, 0x59, 0xD7, 0x98, 0xD1, 0xDD, 0x36, 0xF9, 0x70, 0xC4, 0x6E, 0xF7, 0x54,
    0x46, 0xB2, 0x1D, 0x1F, 0xBA, 0x76, 0x1E, 0xD1, 0x75, 0xE2, 0xB1, 0x99, 0x75, 0x2A, 0xAD, 0x6F,
    0x2E, 0xE7, 0x65, 0x5D, 0x66, 0x9B, 0xC2, 0x7E, 0xFC, 0xEE, 0x71, 0x23, 0x6C, 0xDD, 0xFC, 0x7C,
    0x7B, 0xC7, 0xF2, 0x47, 0xD5, 0x3B, 0xE6, 0x08, 0x42, 0xE6, 0xDA, 0x2D, 0x67, 0x1F, 0x6A, 0xB2,
    0x29, 0xF8, 0xA8, 0x92, 0xC3, 0x35, 0xB3, 0x42, 0xFC, 0x3D, 0xE4, 0x3F, 0x5F, 0x43, 0xC6, 0xF6,
    0xF9, 0xE0, 0x6F, 0x94, 0x88, 0xCD, 0x53, 0xE8, 0x86, 0x2E, 0xB9, 0xC0, 0x3D, 0xFE, 0xDC, 0x3F,
    0x11, 0xDB, 0x2D, 0x69, 0xC0, 0x56, 0x20, 0xE0, 0x8B, 0x71, 0xDB, 0xCA, 0x5C, 0x68, 0x2A, 0xC9,
    0x67, 0x9B, 0x1F, 0xE5, 0x80, 0x1C, 0x47, 0x2E, 0x86, 0xCE, 0x20, 0x1E, 0x51, 0xE1, 0x22, 0x64,
    0xCE, 0x0A, 0x1A, 0xB0, 0x08, 0x15, 0xE1, 0x5E, 0x96, 0xCF, 0x18, 0x86, 0x7C, 0x7A, 0xB7, 0xD8,
    0x1F, 0x5C, 0x7A, 0xFC, 0x50, 0xDC, 0xD8, 0x21, 0xA3, 0x03, 0x90, 0x92, 0xEF, 0xD3, 0x3A, 0xA4,
    0x60, 0xD9, 0x1E, 0x54, 0x64, 0xFB, 0x15, 0x27, 0xD5, 0x87, 0xE0, 0xE9, 0x0C, 0xFF, 0x64, 0x3C,
    0x0F, 0xAD, 0xEB, 0x8F, 0x55, 0xE8, 0x9C, 0x29, 0x74, 0xD8, 0x9C, 0x36, 0xA0, 0x75, 0x72, 0x1D,
    0x01, 0x9D, 0x41, 0xEB, 0xC8, 0x34, 0x9D, 0x39, 0xB9, 0xE3, 0xCD, 0x6A, 0xDB, 0x8B, 0xAB, 0x16,
    0xB5, 0x43, 0x6D, 0x38, 0xB9, 0x12, 0x41, 0x83, 0x2B, 0x2B, 0xCC, 0x8F, 0xA9, 0x65, 0xFF, 0xC4,
    0x5F, 0xCC, 0xD0, 0xB1, 0x09, 0x87, 0x43, 0x17, 0x44, 0xBC, 0x5D, 0xC9, 0x4E, 0xE7, 0x32, 0xBB,
    0x46, 0xF1, 0x8D, 0x5C, 0x65, 0x5F, 0xC9, 0xDE, 0xC0, 0x7F, 0x48, 0x09, 0x11, 0x73, 0x8E, 0x7C,
    0x10, 0x0A, 0x01, 0x21, 0xBD, 0x0E, 0x85, 0xE8, 0x36, 0x55, 0x05, 0x2E, 0xAB, 0xAE, 0x4A, 0xCB,
    0xB2, 0x85, 0xC0, 0xB0, 0x83, 0xD6, 0x8F, 0xA3, 0x14, 0x97, 0x74, 0x1E, 0xB5, 0xF2, 0xEF, 0x6D,
    0xAA, 0xAE, 0x3B, 0x24, 0xFC, 0xC5, 0x83, 0xD7, 0x83, 0xF0, 0x85, 0x23, 0xE9, 0x70, 0x8A, 0x5A,
    0xB8, 0xC7, 0xB9, 0x48, 0xA8, 0x62, 0xB0, 0xD6, 0x3D, 0x37, 0xF9, 0xCC, 0x78, 0xC4, 0x63, 0xD7,
    0x9F, 0x9B, 0xF7, 0xFE, 0xA6, 0x62, 0x6B, 0x69, 0xA0, 0x2B, 0x34, 0xF2, 0x41, 0x62, 0x89, 0x74,
    0xA8, 0x45, 0xE2, 0x53, 0x78, 0x32, 0x6B, 0x00, 0x10, 0x2F, 0x6A, 0x9E, 0xD5, 0x5A, 0xBD, 0x2D,
    0x7D, 0x3B, 0xA2, 0xBB, 0xFB, 0x59, 0xB5, 0x5E, 0x63, 0x0E, 0x8C, 0xBD, 0xAD, 0xEA, 0xA9, 0x1D,
    0x13, 0x0D, 0x33, 0xEE, 0x68, 0xC0, 0xA1, 0xD3, 0xCC, 0x24, 0x02, 0x80, 0x55, 0xCE, 0x39, 0xC0,
    0x19, 0xFD, 0x8F, 0xF5, 0xA5, 0x6F, 0xAA, 0x12, 0x68, 0x1C, 0x59, 0x6B, 0x76, 0x3D, 0x80, 0x1D,
    0x99, 0xB0, 0xA4, 0x86, 0x1E, 0x2E, 0x31, 0x74, 0x6D, 0xB4, 0xEC, 0x88, 0x88, 0x5B, 0xAC, 0x1E,
    0x78, 0x74, 0x21, 0xB8, 0x6A, 0xE0, 0x95, 0xEB, 0xEC, 0xF1, 0xB0, 0x55, 0x5C, 0xA8, 0x63, 0xF5,
    0x2E, 0x73, 0x64, 0x06, 0x0C, 0xE6, 0xB1, 0x3F, 0xFD, 0x36, 0xED, 0xE8, 0x17, 0xEC, 0xD1, 0x06,
    0x8D, 0xA9, 0x11, 0xFD, 0xAD, 0x06, 0x7B, 0xB5, 0x6A, 0x88, 0xD2, 0x2D, 0x96, 0x11, 0x14, 0x7E,
    0x5B, 0x9A, 0xFB, 0xF2, 0xCA, 0x92, 0x7E, 0x5F, 0x2D, 0xD7, 0xD7, 0xCB, 0x0F, 0xE4, 0xE5, 0x51,
    0xDE, 0xD9, 0x8A, 0x58, 0xCA, 0xB3, 0xB9, 0x58, 0xDA, 0xF7, 0x3A, 0x3D, 0x61, 0x01, 0xEC, 0x35,
    0x94, 0x53, 0x26, 0x68, 0x90, 0x06, 0xF8, 0x42, 0x27, 0x0D, 0x36, 0x26, 0xBD, 0x37, 0x3A, 0x7F,
    0x7C, 0xAE, 0xB2, 0x7E, 0xCD, 0xEA, 0x8F, 0x4C, 0x68, 0xDB, 0x91, 0x11, 0xAA, 0xE1, 0x7E, 0x2A,
    0x95, 0x66, 0xC2, 0x95, 0x6E, 0xEC, 0xE6, 0xED, 0xD3, 0xFE, 0x93, 0xD0, 0xB8, 0x1B, 0xB1, 0x49,
    0x84, 0x3D, 0x5F, 0xE5, 0x54, 0x4E, 0x0E, 0x07, 0x2D, 0x46, 0x78, 0xD7, 0x16, 0x39, 0x78, 0x32,
    0xEE, 0x8F, 0x83, 0x3D, 0x82, 0xC6, 0x5D, 0x7A, 0xEC, 0xA3, 0xE7, 0x02, 0x33, 0x0B, 0x81, 0x8A,
    0xA6, 0xC6, 0xE6, 0xA9, 0x80, 0x4E, 0xF1, 0x4F, 0x2E, 0x0A, 0xD3, 0xCF, 0x4E, 0x7B, 0xF9, 0x88,
    0x8E, 0x2F, 0xF8, 0x79, 0x38, 0xBE, 0xC8, 0x1A, 0x99, 0x6C, 0x40, 0x3D, 0x7F, 0x4A, 0x07, 0x60,
    0x90, 0xEA, 0xE5, 0xC7, 0xE0, 0xB3, 0x8F, 0xBC, 0x69, 0x9A, 0xE6, 0x3C, 0x5D, 0x52, 0x4E, 0xEC,
    0x75, 0xD0, 0xAC, 0x5C, 0x4C, 0xEC, 0x5E, 0x22, 0x7A, 0x35, 0x13, 0x5E, 0x2C, 0xAA, 0xA2, 0xB9,
    0xBC, 0xED, 0x46, 0x13, 0x1A, 0x87, 0x18, 0x22, 0xF7, 0x10, 0xC3, 0x43, 0x1A, 0x3E, 0x10, 0xC8,
    0x07, 0xFA, 0xF8, 0x74, 0xF4, 0x51, 0xB6, 0xA7, 0x31, 0xBF, 0x3D, 0xBA, 0x37, 0x33, 0x03, 0xF9,
    0x9E, 0x0D, 0x52, 0x11, 0xEA, 0x40, 0x37, 0xE3, 0x90, 0xF0, 0x30, 0x04, 0x54, 0xAF, 0xBE, 0xC1,
    0xB8, 0x37, 0xAF, 0xFC, 0xD5, 0x66, 0xEE, 0xC1, 0x28, 0xEB, 0xD7, 0xB9, 0x61, 0x20, 0x50, 0xC5,
    0x67, 0xFF, 0xD0, 0x6D, 0xA2, 0x0C, 0x4E, 0x6D, 0x3A, 0x6C, 0x0E, 0x83, 0x8C, 0x13, 0x34, 0x4E,
    0xF0, 0x27, 0x42, 0xBE, 0xAD, 0xCA, 0xDC, 0xAA, 0xB0, 0xFB, 0xF8, 0x22, 0x44, 0x48, 0x5E, 0xE2,
    0xE1, 0x6C, 0xD8, 0xFE, 0x5A, 0xAD, 0x40, 0xBC, 0x92, 0xA4, 0xD9, 0x82, 0x92, 0x61, 0x9F, 0x2D,
    0x39, 0x9E, 0x79, 0x06, 0x35, 0xE5, 0xAE, 0xB2, 0xFA, 0xCF, 0x5C, 0x10, 0xAA, 0x97, 0x85, 0x90,
    0xBB, 0x2F, 0x28, 0x75, 0x93, 0x01, 0x51, 0xA2, 0x12, 0x1B, 0x4F, 0x23, 0x09, 0x9F, 0x13, 0xB3,
    0xC1, 0xAF, 0xCE, 0x07, 0x11, 0x64, 0x10, 0xEC, 0x84, 0x3A, 0xAB, 0x60, 0x8B, 0x92, 0x2E, 0x18,
    0x1F, 0xD2, 0x6D, 0x2A, 0x62, 0x4F, 0x50, 0x59, 0x7E, 0xCB, 0x92, 0x46, 0x60, 0x45, 0x6A, 0x75,
    0xF1, 0x25, 0x2B, 0xE7, 0x16, 0x4A, 0xA4, 0x2E, 0xB1, 0x6B, 0xC0, 0x46, 0xE9, 0x01, 0x16, 0x6B,
    0x92, 0x6C, 0x99, 0xE6, 0x6A, 0xD5, 0x6E, 0xEA, 0x47, 0xCE, 0xC3, 0x70, 0x90, 0xE5, 0x08, 0xDA,
    0xEA, 0xD5, 0x5F, 0xF7, 0x57, 0x3B, 0xF5, 0x11, 0x02, 0xBC, 0x4A, 0xDB, 0xD0, 0xB2, 0xBD, 0xD5,
    0xAA, 0xDE, 0xC0, 0x32, 0x04, 0x8F, 0x6C, 0x38, 0x47, 0x0C, 0x84, 0x30, 0x23, 0x2E, 0x87, 0x39,
    0x45, 0x4A, 0xE8, 0x20, 0xED, 0xA2, 0x3E, 0xF8, 0xE2, 0xB1, 0xD3, 0x65, 0x2E, 0xD1, 0x05, 0xF5,
    0xCB, 0xCA, 0xBC, 0xB1, 0x18, 0x49, 0x52, 0xA4, 0xB8, 0xF9, 0x9C, 0xAD, 0x30, 0xD0, 0x0D, 0x28,
    0x9A, 0xD0, 0xB7, 0x9E, 0x55, 0xE6, 0xD2, 0x41, 0x50, 0x28, 0xD4, 0xA0, 0x4E, 0xF7, 0x06, 0x52,
    0xB0, 0x9E, 0xF4, 0xE4, 0xE3, 0xD0, 0x6C, 0xDE, 0xAE, 0x76, 0x7E, 0x52, 0x19, 0x9E, 0xC3, 0x13,
    0x89, 0x7C, 0xD4, 0x06, 0x16, 0xAB, 0x0E, 0xEA, 0x4B, 0x5A, 0xC2, 0xD8, 0xB8, 0x6B, 0xB2, 0x63,
    0xE5, 0x9C, 0xC9, 0x65, 0x5D, 0x89, 0x7F, 0xC0, 0x2A, 0xB0, 0x84, 0xBD, 0x72, 0xF8, 0x66, 0xED,
    0x9E, 0xD5, 0xB6, 0xEC, 0xEA, 0x92, 0xD3, 0xDB, 0x4B, 0x4F, 0x27, 0x5C, 0x9F, 0x92, 0x3E, 0x0F,
    0x8A, 0x1D, 0xA7, 0xF9, 0x8C, 0x9F, 0x66, 0xC9, 0x82, 0x8B, 0x75, 0xFB, 0x5B, 0x39, 0x8C, 0xFD,
    0xFE, 0x81, 0x74, 0xC7, 0x8F, 0x0D, 0x20, 0x59, 0x8C, 0xF6, 0x9B, 0x30, 0x24, 0xE6, 0x2C, 0x36,
    0x9F, 0x01, 0xED, 0xA7, 0xA3, 0xF9, 0x9F, 0xDD, 0xFF, 0x6C, 0xFF, 0x77, 0xFD, 0xFF, 0x05, 0x51,
    0x55, 0x3C, 0x4D, 0xA6, 0x29, 0x7A, 0x75, 0x5B, 0x65, 0x3D, 0xED, 0xB2, 0x2A, 0x1C, 0x2E, 0xB4,
    0x34, 0x27, 0x4E, 0xC0, 0x0C, 0x46, 0xC0, 0x00, 0xB8, 0x57, 0x6E, 0xF5, 0xC3, 0xCB, 0x7F, 0x8C,
    0x3E, 0xF2, 0x8F, 0x78, 0xEE, 0xA1, 0xB0, 0x98, 0x05, 0x91, 0x49, 0xA7, 0xC1, 0x49, 0x59, 0xB5,
    0x2A, 0x2C, 0xDF, 0xAF, 0xC2, 0x71, 0x27, 0x42, 0x29, 0xC3, 0xA7, 0xEC, 0x01, 0x27, 0x42, 0x01,
    0x1D, 0xD6, 0x5E, 0xF8, 0xEF, 0xC1, 0xC5, 0xEF, 0x8F, 0xE9, 0x62, 0x53, 0x60, 0x7D, 0x77, 0x91,
    0x19, 0x59, 0x00, 0x3A, 0x12, 0x73, 0x77, 0x9E, 0x5B, 0x63, 0x98, 0x91, 0x24, 0x64, 0xC6, 0x5D,
    0x0C, 0x4C, 0xBE, 0x2E, 0x75, 0xDC, 0xD6, 0x88, 0x67, 0x8F, 0xDB, 0x17, 0x2C, 0xD7, 0xE1, 0x35,
    0x0E, 0x1B, 0xB9, 0xEA, 0x0A, 0x48, 0xCA, 0x72, 0xC2, 0x4E, 0xB3, 0x7B, 0x83, 0x43, 0xCE, 0xE6,
    0x81, 0xBE, 0xE5, 0x53, 0xC6, 0xCF, 0x5A, 0x29, 0xCA, 0xBD, 0xBC, 0xC1, 0x9E, 0x0C, 0xB9, 0x63,
    0x95, 0x2B, 0xAB, 0xC8, 0x2E, 0xEE, 0xBD, 0x0D, 0x56, 0x6A, 0xE4, 0xE9, 0x08, 0xAB, 0xF8, 0x3E,
    0x06, 0xF7, 0xCA, 0x86, 0xDA, 0xA0, 0x65, 0xAA, 0x53, 0xE3, 0x5E, 0xED, 0xE0, 0xDE, 0xD6, 0x10,
    0x0A, 0xCB, 0x68, 0x8C, 0x84, 0x40, 0xAB, 0xEB, 0x7E, 0x1D, 0xD9, 0x04, 0x0F, 0x84, 0x84, 0xC6,
    0xFC, 0x36, 0x23, 0x97, 0x6C, 0x4C, 0x47, 0x8D, 0xA8, 0xC3, 0xE5, 0xD1, 0x3C, 0xEE, 0x10, 0x9C,
    0x6C, 0xAE, 0x9F, 0xA7, 0x3A, 0x38, 0xEC, 0xDB, 0xBC, 0x7B, 0xDC, 0x93, 0xBD, 0x9F, 0x0D, 0xE2,
    0xEE, 0x93, 0xF1, 0x88, 0x09, 0xCD, 0x13, 0x0B, 0x46, 0x39, 0x58, 0xB1, 0x46, 0xAA, 0xEA, 0x9D,
    0x1A, 0xDA, 0x2F, 0x6A, 0xFA, 0xF9, 0xC0, 0x03, 0x26, 0x3F, 0x63, 0xB1, 0xF6, 0xED, 0x73, 0xC5,
    0xDA, 0xA3, 0xA8, 0xD5, 0xB2, 0x87, 0xB4, 0x67, 0xE4, 0xCA, 0x78, 0xCD, 0x18, 0xEF, 0x4B, 0xA5,
    0x3E, 0x6A, 0x15, 0xD8, 0x96, 0x23, 0xF6, 0x5F, 0x7C, 0x53, 0xC2, 0x3D, 0xE7, 0xAC, 0x41, 0xAA,
    0xD7, 0xB0, 0xC8, 0x72, 0x0E, 0xAD, 0xB8, 0x92, 0x59, 0xCB, 0x53, 0x4B, 0x3F, 0x0D, 0x43, 0xD7,
    0xB2, 0xCF, 0x19, 0x91, 0xC4, 0x66, 0xC9, 0x4E, 0x07, 0x57, 0xDB, 0x02, 0x33, 0xEB, 0x6A, 0xC2,
    0xBD, 0x50, 0x99, 0xC8, 0x6A, 0x6C, 0xE5, 0x64, 0x01, 0x12, 0xED, 0x68, 0x3D, 0xBA, 0xE7, 0xAD,
    0x09, 0x07, 0x0E, 0x30, 0x0B, 0x4C, 0xBB, 0x3D, 0xFA, 0x07, 0xDC, 0x94, 0x8F, 0x08, 0x2B, 0xBD,
    0x13, 0x76, 0x4C, 0x69, 0x36, 0x83, 0x87, 0x21, 0x68, 0x9A, 0xAE, 0xBC, 0x80, 0x50, 0x3C, 0x43,
    0x28, 0x22, 0xAA, 0xCB, 0x66, 0x3F, 0x11, 0x80, 0xA7, 0x53, 0x32, 0xED, 0x2A, 0x1C, 0xDE, 0x7A,
    0xF7, 0x76, 0x2C, 0x6B, 0xBB, 0x3C, 0x69, 0x29, 0xE2, 0x0F, 0xD5, 0x4D, 0x4F, 0x9F, 0x67, 0x3D,
    0x85, 0x7C, 0x2E, 0x47, 0x67, 0x1A, 0xA1, 0xFF, 0x74, 0x2C, 0xBE, 0xEC, 0xC3, 0x9D, 0x7C, 0x76,
    0xA6, 0x75, 0x3F, 0xCF, 0xB7, 0x55, 0x5B, 0x5E, 0x99, 0xD0, 0x1C, 0x84, 0x56, 0x55, 0x81, 0xF1,
    0x44, 0x4B, 0x25, 0xCD, 0xCC, 0x83, 0xC1, 0xD9, 0x71, 0x0C, 0xF4, 0x2D, 0x2B, 0x63, 0xF1, 0xB1,
    0xEF, 0xAB, 0x06, 0xCB, 0xE6, 0x62, 0xE9, 0xF2, 0x48, 0x54, 0xD1, 0x5E, 0x36, 0x52, 0xD3, 0xDA,
    0xB2, 0x83, 0x70, 0x60, 0x19, 0x64, 0x35, 0x60, 0xB2, 0x4F, 0xC5, 0x5A, 0xD9, 0x1A, 0x86, 0x41,
    0x0D, 0x69, 0x4C, 0x47, 0xF3, 0x8C, 0x2D, 0x29, 0xB3, 0x67, 0xCB, 0xED, 0xB9, 0x74, 0xBE, 0x31,
    0x61, 0x23, 0xBC, 0x80, 0xA8, 0x84, 0xDC, 0x61, 0x61, 0x87, 0xF0, 0x6A, 0x81, 0x2E, 0xE4, 0x06,
    0x0F, 0x90, 0x97, 0xF2, 0x23, 0x4C, 0xA9, 0xDD, 0xF6, 0xE6, 0x49, 0x90, 0x04, 0xCF, 0x1D, 0xC3,
    0x30, 0xC4, 0x93, 0x06, 0x5A, 0x5F, 0xD3, 0xA0, 0xFA, 0x4A, 0x10, 0x58, 0x6E, 0xFA, 0xE4, 0x76,
    0x55, 0xB3, 0xBD, 0x77, 0xE4, 0xB5, 0x5B, 0x08, 0x9F, 0x64, 0xAB, 0xBB, 0x5C, 0x9E, 0x19, 0x58,
    0x02, 0x2B, 0x97, 0x23, 0x62, 0xD1, 0x0D, 0xC1, 0xC3, 0xEF, 0x44, 0xCD, 0x16, 0x57, 0x38, 0x29,
    0xA6, 0xA3, 0xF3, 0xAC, 0xB4, 0x58, 0xB2, 0xCA, 0x1E, 0x09, 0x53, 0xE7, 0x54, 0x12, 0xDB, 0xA4,
    0xD6, 0xD6, 0xCE, 0x6F, 0xE1, 0x66, 0xE9, 0xFB, 0xED, 0x87, 0xB4, 0x78, 0x7F, 0xDC, 0x7A, 0xBB,
    0x23, 0xC4, 0x5F, 0x2C, 0xED, 0xE0, 0x21, 0xA3, 0xC9, 0xAD, 0xB6, 0x84, 0x97, 0x0A, 0x49, 0x86,
    0x64, 0x70, 0x40, 0xC5, 0xA3, 0x79, 0x3E, 0x2A, 0x38, 0xBD, 0x6B, 0x91, 0xE2, 0xE4, 0xFB, 0x2E,
    0x75, 0x0A, 0x77, 0x73, 0x4B, 0x86, 0x81, 0x33, 0xA8, 0xBD, 0x7E, 0xEA, 0x93, 0xF2, 0x00, 0x05,
    0x75, 0x3B, 0x85, 0x12, 0xA7, 0x30, 0x76, 0xC9, 0xA4, 0xEB, 0x54, 0x5B, 0x3D, 0x43, 0x7F, 0x7F,
    0xF3, 0x91, 0x3F, 0x9A, 0x16, 0x5C, 0x7F, 0xC1, 0xDE, 0x77, 0xA1, 0x7F, 0xFE, 0x1D, 0xDE, 0x75,
    0x08, 0xA9, 0xB8, 0x19, 0xB1, 0x23, 0x3E, 0x9B, 0x9C, 0xA1, 0x4D, 0x37, 0x78, 0xD5, 0x4A, 0xB4,
    0xA9, 0x7B, 0x4B, 0x13, 0x43, 0x7A, 0xEB, 0xA8, 0xB3, 0xB7, 0x07, 0x58, 0x17, 0xCE, 0xB4, 0x17,
    0x19, 0x6A, 0x2B, 0xDB, 0x8F, 0x57, 0xE0, 0x23, 0x02, 0x22, 0x6B, 0x1A, 0xE1, 0xA7, 0x08, 0xC7,
    0x91, 0xE8, 0xE1, 0x3D, 0x11, 0x31, 0x25, 0x1C, 0xD5, 0xB0, 0x26, 0x38, 0xB5, 0x06, 0xAE, 0xEB,
    0x07, 0x64, 0x74, 0xDE, 0xAB, 0x11, 0x56, 0x4F, 0x30, 0x13, 0xFC, 0x35, 0x46, 0x86, 0x95, 0x07,
    0x6A, 0xA2, 0xFE, 0xD8, 0xBF, 0x01, 0x45, 0xD3, 0xF0, 0xE1, 0x65, 0x4D, 0x2D, 0x43, 0xB4, 0xF1,
    0x23, 0x3F, 0x7A, 0xCC, 0xB8, 0x3C, 0x59, 0xD5, 0x23, 0x27, 0x1A, 0x34, 0xB8, 0x1F, 0x66, 0x0D,
    0x85, 0xE7, 0xB2, 0xD3, 0xF4, 0xBA, 0xD1, 0xDC, 0xBA, 0x2F, 0x7B, 0xAB, 0x3C, 0x1C, 0xBD, 0x2F,
    0xE8, 0xB6, 0x85, 0x8E, 0xAE, 0xC0, 0x67, 0x77, 0xBE, 0x46, 0x0C, 0x28, 0x48, 0x9A, 0xA3, 0x5C,
    0x48, 0x98, 0x7C, 0x6C, 0xA5, 0x66, 0xB0, 0xE1, 0x5A, 0x22, 0xA9, 0x5D, 0x6A, 0x50, 0x7D, 0xB9,
    0xC1, 0x66, 0x80, 0x3F, 0x84, 0x5E, 0xBF, 0xEA, 0xB1, 0x77, 0x4B, 0x11, 0x5D, 0xBA, 0xDF, 0xEF,
    0x65, 0x16, 0xAB, 0xB2, 0x44, 0xAE, 0xBD, 0xAE, 0xD9, 0x3B, 0x25, 0xE2, 0xA3, 0x26, 0x0C, 0x4B,
    0x87, 0xAC, 0xB0, 0x62, 0x8D, 0x1A, 0xF6, 0xD7, 0x2A, 0x86, 0xB4, 0xEF, 0xC9, 0xC5, 0x27, 0x13,
    0x2C, 0x33, 0x76, 0xB7, 0x3D, 0x9A, 0x42, 0xD2, 0x1F, 0xDA, 0x8A, 0xD8, 0x55, 0x74, 0x2E, 0x02,
    0xC7, 0x23, 0x3E, 0xA5, 0xD5, 0x3B, 0x72, 0xC6, 0x56, 0xB3, 0xBA, 0xC2, 0xE1, 0x79, 0xAB, 0xAD,
    0xC1, 0x98, 0xF2, 0x85, 0x30, 0xE3, 0xE1, 0x59, 0xE0, 0xD9, 0x5A, 0x70, 0xAC, 0x5C, 0x67, 0x27,
    0x75, 0x9F, 0x89, 0xE5, 0x3D, 0xBC, 0x52, 0xA7, 0x4A, 0xB6, 0x1D, 0x3A, 0x66, 0xFE, 0xCC, 0xA3,
    0xB6, 0x2A, 0xA8, 0x42, 0x47, 0xF0, 0xF4, 0x97, 0xF7, 0x73, 0x28, 0x09, 0x35, 0x22, 0x8C, 0xF6,
    0xDE, 0xAD, 0x0D, 0xCA, 0xA5, 0x8E, 0x7D, 0x65, 0x74, 0xA4, 0xA2, 0x03, 0x00, 0x58, 0x09, 0x75,
    0xC5, 0xA5, 0x3C, 0x46, 0xAD, 0x76, 0xF4, 0x84, 0x48, 0xC5, 0xFF, 0x98, 0x80, 0xCA, 0x7C, 0x87,
    0x4B, 0x20, 0xCF, 0xEB, 0x60, 0xBF, 0x62, 0xB5, 0x5C, 0xEB, 0xA3, 0x2D, 0xAC, 0x46, 0x39, 0xF8,
    0x57, 0x55, 0x19, 0x3A, 0xD3, 0x4E, 0x1E, 0x0F, 0x4F, 0xAD, 0xE5, 0xB0, 0x73, 0x5D, 0x1A, 0x1C,
    0xEB, 0xAA, 0xED, 0xC1, 0x96, 0xDE, 0x3E, 0xC2, 0xC2, 0x4F, 0x98, 0x79, 0xA3, 0x09, 0x24, 0x51,
    0xAD, 0xD3, 0x18, 0x3D, 0xB4, 0x56, 0x32, 0x0B, 0xC7, 0x3B, 0x4B, 0xD4, 0xC0, 0x36, 0x6A, 0x3F,
    0x0C, 0x09, 0x23, 0x1C, 0x74, 0xCB, 0xFF, 0x29, 0xE6, 0xC2, 0x70, 0x9C, 0x6F, 0x52, 0x11, 0x27,
    0x1A, 0x85, 0x77, 0x68, 0x0C, 0x0D, 0x07, 0xF3, 0x5C, 0xB4, 0x5B, 0xF0, 0x60, 0x10, 0xD1, 0xC7,
    0x1E, 0x78, 0xA5, 0x55, 0x36, 0x58, 0x87, 0xA8, 0xF5, 0xDB, 0x1C, 0xDE, 0x61, 0xB5, 0xBF, 0xBE,
    0xEA, 0x43, 0xDF, 0x5C, 0x05, 0x7F, 0x8C, 0x84, 0xDC, 0x6F, 0x7D, 0x9D, 0xD6, 0x57, 0x69, 0x7D,
    0x8D, 0xD6, 0x55, 0x68, 0x7D, 0x7D, 0xD6, 0xAA, 0xB3, 0x0E, 0x24, 0xE7, 0xBB, 0x70, 0xDC, 0xDB,
    0xCA, 0x32, 0xF7, 0xB6, 0xA0, 0xDC, 0xEA, 0xB3, 0xF6, 0x8E, 0x19, 0xB7, 0x84, 0xDA, 0xBF, 0x1A,
    0xC9, 0x04, 0x81, 0xD2, 0xE8, 0xFA, 0x2E, 0x7C, 0x25, 0x16, 0xBF, 0xD9, 0xAB, 0x6B, 0xFA, 0xC0,
    0xBF, 0xC2, 0x26, 0x62, 0xCE, 0xD1, 0x39, 0x6D, 0xB4, 0xE9, 0x21, 0x87, 0x43, 0x30, 0xD0, 0x72,
    0xDA, 0x0B, 0xC9, 0x41, 0xF9, 0x42, 0xE7, 0x51, 0x50, 0xBF, 0x32, 0xFA, 0xD6, 0x23, 0xA3, 0xC2,
    0x83, 0xBD, 0x47, 0x2F, 0x5A, 0x30, 0x3D, 0xB2, 0xE9, 0xA2, 0xDB, 0x0B, 0x62, 0xD6, 0x4F, 0xE1,
    0x34, 0xF1, 0xF0, 0xAE, 0x8A, 0xFA, 0x2D, 0x95, 0xEF, 0x48, 0x80, 0xD4, 0x65, 0xAE, 0x1F, 0x2D,
    0x46, 0x2F, 0xC4, 0x80, 0x26, 0x07, 0x42, 0x58, 0xC5, 0xE8, 0xDE, 0xE0, 0x42, 0x88, 0xAD, 0x60,
    0x5D, 0x1A, 0xE5, 0xE5, 0xC3, 0xDB, 0x1F, 0xEC, 0x8D, 0x66, 0x2C, 0xE7, 0xED, 0xAF, 0x7C, 0x28,
    0xDD, 0x1B, 0x21, 0x1A, 0xB6, 0xE7, 0xB3, 0xEB, 0xFF, 0x66, 0xF0, 0x5F, 0x8D, 0x56, 0x3D, 0x6C,
    0x1C, 0xC7, 0x15, 0x7E, 0xB3, 0x1B, 0x72, 0x4D, 0x0D, 0xA2, 0x51, 0x15, 0xDB, 0xBA, 0x48, 0x9B,
    0x42, 0x45, 0x0A, 0x89, 0xDB, 0xB8, 0x70, 0x71, 0xC7, 0x59, 0x92, 0x01, 0x58, 0xB8, 0x20, 0x10,
    0xA4, 0x4A, 0x0A, 0xA7, 0x70, 0xCF, 0x14, 0x02, 0xE2, 0xE2, 0xC8, 0x5D, 0xE9, 0x80, 0xA4, 0x50,
    0xC1, 0x2B, 0x52, 0xB9, 0xB1, 0x0B, 0xF7, 0x21, 0x10, 0x17, 0x34, 0x40, 0x72, 0x97, 0x52, 0xA1,
    0x82, 0x45, 0x96, 0x50, 0x91, 0xC2, 0x85, 0x47, 0x3F, 0x09, 0x52, 0x04, 0xC8, 0x48, 0x5E, 0x27,
    0xCB, 0x68, 0x76, 0x5F, 0xDE, 0x9B, 0xBD, 0xA3, 0x48, 0xC3, 0x01, 0x32, 0x77, 0xB7, 0xB3, 0x37,
    0xF3, 0xE6, 0xFD, 0x7E, 0xEF, 0xBD, 0x49, 0x52, 0x81, 0x10, 0x21, 0x48, 0x84, 0x10, 0x41, 0x74,
    0x00, 0x3B, 0x00, 0x91, 0x81, 0xAC, 0x8A, 0x30, 0xD5, 0x4D, 0xD8, 0x81, 0xAE, 0xC2, 0x1A, 0x00,
    0xE2, 0x86, 0xC8, 0x4A, 0x40, 0x5A, 0x78, 0x60, 0x95, 0xD1, 0x93, 0x1A, 0x1C, 0x7C, 0x09, 0x7B,
    0x71, 0x17, 0x95, 0x88, 0x4E, 0xAD, 0x63, 0xF5, 0xB1, 0x38, 0x83, 0x04, 0xD1, 0x22, 0xE2, 0x23,
    0x64, 0x42, 0xE4, 0x71, 0xE6, 0x9F, 0xF8, 0x97, 0x7E, 0x82, 0x2F, 0x40, 0xAD, 0x80, 0x7A, 0x60,
    0xE2, 0x63, 0xC4, 0x4A, 0x63, 0x25, 0x30, 0x07, 0x35, 0xE9, 0xF4, 0x37, 0x9D, 0xCA, 0x93, 0x34,
    0xD9, 0x70, 0xD2, 0x15, 0x15, 0x3E, 0xA6, 0x89, 0xFE, 0xA5, 0xB2, 0xD6, 0xDB, 0xA3, 0x11, 0x8C,
    0x45, 0xAD, 0x72, 0x05, 0x57, 0x49, 0x0F, 0x58, 0x6C, 0xA1, 0x68, 0x65, 0xE5, 0x46, 0xE2, 0xA5,
    0x8D, 0x4E, 0xCA, 0x95, 0xF8, 0xBE, 0xD5, 0x08, 0x49, 0x05, 0x20, 0xAB, 0xC0, 0x42, 0x51, 0x6A,
    0x13, 0x61, 0x88, 0x79, 0x56, 0x27, 0x2E, 0xEC, 0x02, 0xB2, 0x22, 0x4F, 0xC8, 0x04, 0xD1, 0x00,
    0xE8, 0x54, 0x1D, 0xBB, 0xA8, 0x56, 0x2F, 0x5B, 0xC8, 0x30, 0x0D, 0xD1, 0xB0, 0x55, 0x6A, 0xFD,
    0xD4, 0x8E, 0x97, 0xD5, 0x7A, 0x15, 0x47, 0x0F, 0xCD, 0xC1, 0x48, 0x4E, 0xAA, 0x7A, 0xA8, 0xA2,
    0x63, 0xBB, 0x1F, 0x43, 0x9C, 0xC7, 0x39, 0x60, 0x8E, 0x79, 0x88, 0x13, 0xCC, 0x23, 0x7E, 0x04,
    0xB8, 0x8A, 0x29, 0x14, 0x69, 0x91, 0x42, 0x42, 0x1F, 0xF6, 0x96, 0xAE, 0x98, 0x0D, 0x79, 0xEA,
    0x8B, 0x9D, 0x58, 0x9F, 0x9B, 0x96, 0xF4, 0xA6, 0x41, 0x66, 0x04, 0x59, 0x8D, 0x68, 0xBA, 0xC0,
    0x8D, 0x21, 0xB9, 0x03, 0x61, 0x49, 0x46, 0x8C, 0x43, 0x32, 0x68, 0x05, 0xB4, 0xCD, 0x6A, 0x6D,
    0xE3, 0x32, 0x32, 0xD9, 0x33, 0x3C, 0x41, 0xA8, 0xD5, 0xBD, 0xE6, 0x26, 0x6D, 0xD3, 0xAE, 0xD3,
    0x4E, 0x37, 0x99, 0x3D, 0x84, 0x6D, 0x18, 0x01, 0xB1, 0x2D, 0x23, 0x0B, 0xD3, 0xEF, 0xD2, 0x25,
    0x14, 0xBD, 0x94, 0x02, 0x45, 0xD1, 0x0B, 0x28, 0x7A, 0x48, 0xE2, 0xD8, 0x0D, 0xE4, 0x04, 0x0A,
    0x69, 0x56, 0x73, 0xF4, 0x72, 0x1F, 0xBD, 0x5B, 0xC2, 0xC8, 0xCD, 0x56, 0xDB, 0xB0, 0xBC, 0x09,
    0x1F, 0x2D, 0xC1, 0x7E, 0x50, 0xA9, 0x56, 0xBF, 0x34, 0x32, 0x7F, 0x87, 0x36, 0x15, 0x3E, 0xC7,
    0x06, 0xEE, 0x80, 0x64, 0xDD, 0x0C, 0x7C, 0x4C, 0xAF, 0x41, 0x23, 0x5B, 0x45, 0x1F, 0x18, 0xC2,
    0x5D, 0x3A, 0x9A, 0x8F, 0xE0, 0xD7, 0x10, 0x9C, 0xB6, 0xDB, 0x12, 0xAC, 0x4A, 0x0B, 0x61, 0xC1,
    0xD2, 0x8E, 0x02, 0x74, 0xE4, 0x7A, 0x12, 0xDA, 0x15, 0x6D, 0x54, 0x46, 0xB9, 0x4C, 0x89, 0xEC,
    0x7C, 0xBD, 0xA6, 0xD7, 0x25, 0x36, 0x06, 0x5D, 0x46, 0xC8, 0x81, 0x77, 0x01, 0x96, 0x81, 0x8C,
    0x81, 0xE1, 0x12, 0x8C, 0x35, 0x1C, 0x60, 0x59, 0xE3, 0x6B, 0x5B, 0x60, 0x4E, 0xDE, 0xA3, 0x3D,
    0x72, 0x61, 0x45, 0x47, 0x61, 0x0C, 0x3F, 0xB7, 0xD1, 0x57, 0x65, 0xF1, 0xE9, 0x07, 0x6D, 0x82,
    0x76, 0x40, 0x90, 0x92, 0x0E, 0x4F, 0x1C, 0x7B, 0x9B, 0xDE, 0x94, 0xC3, 0x92, 0xFE, 0x29, 0xFF,
    0x9F, 0x46, 0xC0, 0x68, 0x88, 0x66, 0x68, 0x78, 0x5C, 0x2E, 0x7B, 0x34, 0xA4, 0x89, 0x01, 0x69,
    0x8A, 0x27, 0xB8, 0xDB, 0x09, 0x1B, 0xAF, 0xD5, 0x77, 0x98, 0xD2, 0x92, 0x61, 0x37, 0x40, 0x36,
    0x21, 0xA6, 0xAA, 0x8A, 0x5E, 0x61, 0x5D, 0x18, 0x08, 0xAC, 0x2C, 0x13, 0xF2, 0xF0, 0x21, 0x74,
    0x6F, 0x15, 0x6D, 0xFC, 0x42, 0xAD, 0x1F, 0xDB, 0x03, 0xC2, 0x02, 0x87, 0x28, 0xC3, 0x57, 0x88,
    0xBB, 0x70, 0x67, 0x08, 0xD6, 0x86, 0x0F, 0xD3, 0x25, 0x58, 0x80, 0x60, 0xCD, 0x7C, 0x36, 0x1C,
    0xAA, 0xF0, 0xF1, 0xB1, 0x1D, 0x8E, 0xF5, 0xE6, 0x04, 0x33, 0x9B, 0xDC, 0x6B, 0x18, 0x56, 0xA7,
    0xE7, 0xB0, 0xCA, 0x67, 0xB0, 0x82, 0xC4, 0x27, 0x8C, 0xE0, 0x3C, 0xD8, 0xB5, 0xAA, 0xA2, 0x84,
    0x11, 0x6E, 0x1F, 0x54, 0x32, 0x47, 0x88, 0x49, 0xD0, 0xCC, 0x10, 0x02, 0x33, 0x84, 0x08, 0xB7,
    0x0D, 0xB1, 0x47, 0xC8, 0x21, 0xDC, 0x55, 0x5D, 0x48, 0x89, 0xD5, 0xCA, 0xFB, 0x68, 0x86, 0xA2,
    0xE5, 0x64, 0xE2, 0xC4, 0x9A, 0xBC, 0x49, 0x2C, 0xD7, 0x67, 0xD4, 0xF3, 0x7E, 0x22, 0x0C, 0xF8,
    0xA1, 0xFC, 0xB3, 0xEB, 0xA7, 0x16, 0x2E, 0x8D, 0xD9, 0xB9, 0x7E, 0x6A, 0xFA, 0xA9, 0xFE, 0x1E,
    0x59, 0x34, 0x88, 0x9B, 0x2B, 0x90, 0xC3, 0x46, 0x43, 0x78, 0xCA, 0x7F, 0xFB, 0x27, 0xAF, 0x2C,
    0x70, 0x54, 0x0D, 0x39, 0xDF, 0xD2, 0x1E, 0x99, 0x4A, 0x95, 0x00, 0xE0, 0x00, 0x7C, 0x36, 0x10,
    0x56, 0x19, 0x97, 0x84, 0x2A, 0x32, 0x4D, 0x11, 0x75, 0x54, 0x5D, 0x20, 0xAE, 0x2F, 0x10, 0x6F,
    0xCF, 0x89, 0xE1, 0x0D, 0xB1, 0xA4, 0x5F, 0x60, 0x2E, 0xEA, 0xFC, 0x03, 0xAF, 0x0D, 0x6D, 0x7B,
    0x46, 0x10, 0x5A, 0x0E, 0x3A, 0xB3, 0x01, 0x16, 0xEC, 0x19, 0x79, 0x4E, 0x9E, 0x95, 0x17, 0xEC,
    0x99, 0x79, 0x4E, 0x17, 0x8E, 0x88, 0xFF, 0x79, 0x24, 0xFE, 0x7F, 0x8F, 0x8C, 0xCE, 0x8F, 0x44,
    0xE9, 0xB9, 0x7A, 0x2A, 0x6D, 0x85, 0x55, 0x60, 0xC6, 0xD9, 0x46, 0xBE, 0x04, 0xB7, 0xF6, 0xC5,
    0xB3, 0x4A, 0xEE, 0xC2, 0x48, 0xE3, 0xCB, 0xDE, 0x55, 0x11, 0xE2, 0x53, 0x72, 0xF2, 0x1E, 0xDC,
    0x18, 0x82, 0xBC, 0x0A, 0xE1, 0xE3, 0x14, 0x9E, 0xD1, 0xFF, 0x02, 0x5D, 0x8F, 0xDE, 0x6C, 0x0D,
    0xF1, 0x5B, 0xB3, 0x7F, 0x93, 0xB0, 0x98, 0x4B, 0x9B, 0xA5, 0x47, 0x19, 0xA8, 0x8E, 0xEB, 0xB0,
    0xC0, 0x2A, 0x68, 0x5D, 0xD0, 0xC4, 0xCC, 0xE5, 0x3A, 0x1C, 0x86, 0x56, 0x56, 0xAA, 0x24, 0xE4,
    0xDA, 0x90, 0x3F, 0x46, 0x95, 0x1A, 0x3E, 0x82, 0xCB, 0xD1, 0x8E, 0xFB, 0xF8, 0x7E, 0x5F, 0xD0,
    0xEB, 0xAC, 0x9F, 0x0A, 0x3F, 0xB1, 0x79, 0x05, 0x23, 0x67, 0x13, 0x86, 0x63, 0x78, 0x65, 0xA2,
    0xDF, 0x51, 0xA6, 0x32, 0x93, 0x0D, 0xFA, 0x3D, 0x9C, 0x11, 0xF8, 0xC1, 0x2C, 0x3F, 0x98, 0x2F,
    0x26, 0x54, 0x21, 0xF7, 0x47, 0x6A, 0x52, 0xD6, 0x63, 0x25, 0xA9, 0x42, 0x2E, 0xB3, 0xC7, 0xF1,
    0xCF, 0x44, 0xFD, 0x3E, 0xA7, 0x16, 0x03, 0x97, 0x5F, 0xC9, 0x75, 0x6C, 0x5B, 0x05, 0x8B, 0x7F,
    0x33, 0x7B, 0x12, 0xED, 0x01, 0x39, 0xC1, 0x85, 0xA7, 0xF4, 0x2B, 0x5F, 0x93, 0x3B, 0xD9, 0xAD,
    0x6F, 0x79, 0xE6, 0x77, 0x7B, 0x4F, 0x47, 0x39, 0x14, 0xF9, 0x98, 0xC4, 0x7B, 0x0C, 0xE6, 0x59,
    0x4E, 0x99, 0xEA, 0xE1, 0x12, 0xE5, 0x33, 0x2D, 0x28, 0x55, 0x97, 0x32, 0xAC, 0xA3, 0xAF, 0xD3,
    0x2D, 0x6C, 0x72, 0x18, 0xB4, 0xBC, 0xB2, 0x40, 0x2B, 0x8B, 0x7E, 0xA5, 0xE4, 0x95, 0xD9, 0x78,
    0x07, 0x6E, 0x65, 0xD8, 0xD2, 0x97, 0x5E, 0xFA, 0x08, 0x09, 0x5C, 0xFC, 0xBB, 0x4C, 0x6F, 0x83,
    0xF5, 0x95, 0xD7, 0xC7, 0x5B, 0x14, 0x1C, 0xC1, 0x82, 0xD9, 0x67, 0x53, 0x7A, 0x6C, 0x4D, 0xFB,
    0x20, 0x2F, 0x9E, 0xF9, 0xD5, 0x41, 0xE3, 0x29, 0xC4, 0x8B, 0x39, 0x53, 0x61, 0xF5, 0x43, 0x73,
    0x95, 0x4A, 0xA1, 0x0D, 0x1B, 0x82, 0xE7, 0xD6, 0x0B, 0xF2, 0x5E, 0x5A, 0xA0, 0xCD, 0x56, 0x5B,
    0x6A, 0x66, 0x9B, 0xF2, 0x51, 0x25, 0x1D, 0xF7, 0x4F, 0x2A, 0xBC, 0x3D, 0x8A, 0xAE, 0x84, 0x1B,
    0xCF, 0x6D, 0x66, 0x29, 0x58, 0x5D, 0xF8, 0xFA, 0xA9, 0x1D, 0x5F, 0xF3, 0x30, 0x16, 0x24, 0x75,
    0x60, 0x40, 0x1C, 0xA5, 0x10, 0xBF, 0x80, 0x80, 0x9A, 0x6D, 0x5C, 0xCD, 0x10, 0x17, 0xB3, 0xAC,
    0xC1, 0x9B, 0x47, 0xED, 0xA3, 0xCE, 0x1B, 0xD3, 0x4B, 0x4A, 0x6E, 0x31, 0x31, 0x37, 0x3B, 0x56,
    0x57, 0xD6, 0x9E, 0xD7, 0x80, 0x79, 0x5D, 0x54, 0xD7, 0x8F, 0x05, 0x2F, 0x8E, 0x91, 0x2E, 0x79,
    0x23, 0xF8, 0x87, 0xA7, 0x85, 0x1F, 0xFE, 0xA6, 0xE7, 0xBE, 0x67, 0xBC, 0x1B, 0xC2, 0x55, 0x8F,
    0xD2, 0xFA, 0x76, 0xD8, 0xA7, 0x98, 0x91, 0x9C, 0x08, 0x75, 0xC4, 0xBD, 0x96, 0xC8, 0xDE, 0x87,
    0xDB, 0xCC, 0x5E, 0x94, 0xF0, 0x1E, 0x6B, 0x48, 0xE5, 0x79, 0xEF, 0x73, 0x1F, 0x38, 0xE1, 0xD3,
    0xA4, 0xA4, 0xAF, 0xCC, 0x93, 0x52, 0xA5, 0x37, 0x60, 0x4F, 0x4E, 0x9C, 0x4A, 0xE7, 0xC5, 0x9A,
    0x47, 0x05, 0x51, 0x49, 0x7C, 0x56, 0xDE, 0x6B, 0x8A, 0x0F, 0x4B, 0x52, 0xE6, 0xB7, 0x39, 0x55,
    0xE8, 0x9B, 0x6A, 0x96, 0xD3, 0x24, 0xAD, 0x89, 0x4D, 0xC8, 0x25, 0xA5, 0x49, 0xEC, 0x4E, 0x02,
    0x2E, 0x78, 0x4E, 0x08, 0x5F, 0x1E, 0x09, 0x17, 0x3E, 0xB1, 0xD9, 0x69, 0x13, 0x73, 0xA9, 0xCB,
    0xA6, 0x45, 0x1A, 0x95, 0x2A, 0x8F, 0x41, 0xBB, 0x82, 0x60, 0xCF, 0xEF, 0x3D, 0x78, 0xC4, 0xC4,
    0xE7, 0xA7, 0x38, 0x50, 0xFF, 0x21, 0xB3, 0x7E, 0x85, 0x33, 0xA0, 0xA7, 0xC0, 0x48, 0x27, 0x77,
    0xC0, 0x75, 0xC4, 0xBF, 0x02, 0xFC, 0xC4, 0x13, 0x07, 0xBE, 0x30, 0x80, 0x7C, 0x84, 0x7F, 0x00,
    0xF8, 0x51, 0x51, 0x26, 0x9E, 0x36, 0x17, 0x45, 0x5F, 0x24, 0xC5, 0x16, 0x76, 0x53, 0x80, 0x3E,
    0x47, 0xBE, 0xED, 0x0B, 0xE9, 0xC9, 0xEC, 0xC2, 0x72, 0xE9, 0x16, 0xF3, 0xD5, 0x6C, 0xF1, 0xCD,
    0x18, 0x20, 0x87, 0x25, 0xA0, 0x86, 0xEB, 0x85, 0x2E, 0x83, 0xA7, 0x86, 0x88, 0x4A, 0xBE, 0xE7,
    0x8E, 0x5C, 0x41, 0x16, 0x69, 0xAE, 0x3C, 0x9A, 0x07, 0x78, 0x29, 0x4A, 0xBF, 0x44, 0xFC, 0x9C,
    0xE3, 0xE0, 0xD5, 0x10, 0xB3, 0x9A, 0xCD, 0x6A, 0xC3, 0x87, 0xF5, 0x4A, 0xAF, 0xF2, 0x71, 0x5F,
    0x6C, 0x7A, 0x3B, 0xE0, 0xDA, 0xFC, 0xE4, 0xE1, 0xFC, 0x25, 0x99, 0x97, 0x4B, 0xD1, 0xCD, 0xCB,
    0x12, 0xDD, 0x9A, 0x7A, 0x3D, 0xB1, 0x3D, 0x7F, 0x39, 0xDF, 0xFA, 0x0E, 0xF1, 0xF9, 0xF1, 0x73,
    0x86, 0x2C, 0x82, 0x72, 0xB0, 0xD5, 0xB9, 0x53, 0x15, 0xD5, 0x1D, 0x2D, 0x5C, 0x9C, 0x1F, 0x49,
    0x93, 0xAC, 0x35, 0xAA, 0xCC, 0x94, 0xA5, 0x44, 0xAD, 0x8E, 0x08, 0x96, 0x5B, 0x95, 0x7C, 0x50,
    0x1E, 0x24, 0x1B, 0xA7, 0x4E, 0x17, 0x79, 0x37, 0x8D, 0xAC, 0x88, 0xCB, 0xDB, 0x7A, 0xC3, 0x14,
    0x1D, 0x1F, 0x17, 0x75, 0xE0, 0xFA, 0x0A, 0x9A, 0xD8, 0x81, 0xA1, 0xDA, 0xC5, 0xD5, 0xAB, 0x8C,
    0xE9, 0x8E, 0xA7, 0x7F, 0x96, 0xB8, 0x05, 0xBA, 0x43, 0x4D, 0xA3, 0x27, 0x75, 0x7C, 0xCF, 0x69,
    0x70, 0x47, 0xD0, 0xB6, 0xE0, 0x5A, 0xE1, 0xDA, 0xA0, 0x3E, 0x22, 0x81, 0x2A, 0x97, 0x67, 0x5E,
    0xD9, 0xE6, 0xCA, 0xBD, 0x96, 0x15, 0x20, 0xC1, 0x87, 0x91, 0xD1, 0x41, 0xAD, 0x4A, 0x47, 0x33,
    0xF5, 0x5A, 0xA4, 0xEE, 0xFC, 0xC7, 0x7A, 0x01, 0x52, 0x58, 0xA0, 0x8B, 0x5C, 0xB9, 0x93, 0x84,
    0xF6, 0x1A, 0xC5, 0xD8, 0x71, 0x41, 0x51, 0xE5, 0x8F, 0xF5, 0xBA, 0xC9, 0xBC, 0x1A, 0xBE, 0x59,
    0x51, 0x56, 0xBE, 0x6D, 0x7D, 0xE3, 0xD9, 0xE1, 0x16, 0x21, 0xB1, 0x4C, 0x7E, 0x6F, 0x93, 0xD4,
    0xA9, 0x72, 0x47, 0x56, 0xC9, 0xBA, 0x25, 0xAE, 0xDE, 0xCC, 0xE8, 0x69, 0x77, 0xAD, 0xF8, 0xDA,
    0x57, 0x7C, 0xF8, 0x05, 0x44, 0x9D, 0xEF, 0x27, 0xD4, 0x96, 0x88, 0xA7, 0x38, 0x43, 0x28, 0xFE,
    0x69, 0x92, 0x63, 0x52, 0x85, 0x54, 0x4C, 0x56, 0x59, 0xA5, 0x0B, 0xAA, 0x7D, 0x52, 0x47, 0x67,
    0x83, 0x67, 0x36, 0xB9, 0xCF, 0x7D, 0x32, 0xC5, 0x4D, 0xB2, 0xA3, 0xD6, 0x6B, 0x75, 0x5C, 0x92,
    0x90, 0xA3, 0xC8, 0xEA, 0xB0, 0xA6, 0x9B, 0x02, 0x91, 0x4A, 0xA3, 0xE9, 0x14, 0x9F, 0x6E, 0x07,
    0xD5, 0x0E, 0xDD, 0x4E, 0x59, 0xD6, 0xF5, 0x57, 0x74, 0x0D, 0xAA, 0x8A, 0xDD, 0xB0, 0x61, 0x69,
    0x19, 0xDD, 0xBE, 0xF8, 0x12, 0xA7, 0x59, 0xE3, 0x80, 0xD0, 0x25, 0xA6, 0x84, 0xA1, 0x43, 0x41,
    0xF5, 0x9D, 0x2E, 0x8A, 0x01, 0xDF, 0xBB, 0x35, 0x5D, 0x4D, 0x23, 0xB3, 0x4A, 0x15, 0x79, 0x0A,
    0x83, 0x4A, 0x5F, 0xA1, 0x40, 0x69, 0x6E, 0x10, 0xFB, 0x41, 0x3D, 0x86, 0x9D, 0x11, 0xC4, 0x47,
    0x7C, 0xA7, 0x07, 0xF4, 0xFD, 0x2A, 0x26, 0x0E, 0xFB, 0x81, 0x19, 0x34, 0x74, 0x93, 0xFF, 0xE6,
    0x04, 0xA8, 0x52, 0xF9, 0xB2, 0xC3, 0x9D, 0x8C, 0x50, 0xA1, 0x1C, 0xFC, 0xF4, 0x4F, 0xB5, 0xC0,
    0x8D, 0x7F, 0x85, 0x75, 0xD4, 0xC0, 0x7F, 0x01, 0xED, 0x7D, 0x3D, 0xAC, 0xE5, 0xE6, 0x99, 0x1E,
    0xC9, 0xA3, 0xB9, 0x07, 0x16, 0x17, 0xA0, 0x91, 0xD8, 0x8A, 0xED, 0x49, 0xC0, 0x14, 0xDB, 0x18,
    0xDA, 0x5D, 0xA6, 0x48, 0xB1, 0x01, 0xE4, 0x21, 0x47, 0x02, 0xA2, 0x42, 0x85, 0x04, 0x44, 0x93,
    0x00, 0x71, 0xA1, 0x04, 0xD8, 0x62, 0x77, 0x8D, 0xE0, 0x36, 0x5B, 0xB8, 0xB0, 0x44, 0x4A, 0x53,
    0xB8, 0x70, 0xA1, 0x9B, 0x2A, 0xC5, 0x16, 0x31, 0x10, 0x17, 0x01, 0x52, 0x4C, 0x0A, 0x15, 0x29,
    0x24, 0xF1, 0x48, 0x53, 0x08, 0x88, 0x0A, 0x51, 0x32, 0x12, 0x17, 0x2A, 0x44, 0x49, 0xB3, 0xEB,
    0xF5, 0xBA, 0x30, 0x2D, 0x51, 0x16, 0x47, 0x22, 0xF9, 0xE5, 0x7D, 0x9E, 0xF7, 0xFD, 0x78, 0x78,
    0xEE, 0xBD, 0xA3, 0x91, 0x64, 0x49, 0xD6, 0x38, 0x7B, 0xA5, 0x39, 0xE7, 0xDE, 0x43, 0x1E, 0xF2,
    0xFB, 0xDE, 0xFF, 0x7F, 0x06, 0x41, 0x58, 0x04, 0xF2, 0xB3, 0x19, 0xF1, 0x1A, 0xB8, 0x1D, 0x5E,
    0x73, 0xFE, 0x11, 0xB9, 0x0A, 0x6F, 0xF1, 0xC0, 0x23, 0x39, 0xFF, 0x08, 0x4F, 0x82, 0x83, 0x9F,
    0xAD, 0x93, 0x9F, 0x3E, 0xC4, 0xEB, 0x28, 0x5F, 0xD8, 0x05, 0x4E, 0xAE, 0xD1, 0xE2, 0xE4, 0xBC,
    0x0F, 0x92, 0x26, 0x48, 0xA6, 0x60, 0xD3, 0xCB, 0x59, 0x7A, 0x3D, 0x5E, 0xBC, 0x6E, 0x37, 0x9D,
    0x5C, 0x6E, 0x08, 0xE4, 0xBA, 0x72, 0xF8, 0x71, 0x5C, 0xA4, 0xC8, 0x8A, 0x00, 0x17, 0x91, 0x13,
    0x6A, 0xE7, 0x78, 0x38, 0xD4, 0xC3, 0x4F, 0xC8, 0xD2, 0x5C, 0x90, 0xE2, 0xB0, 0x7E, 0xBB, 0xE3,
    0x62, 0xE4, 0xE0, 0x88, 0xC3, 0x41, 0x29, 0x87, 0x8B, 0x20, 0xAB, 0x70, 0x58, 0xEE, 0x57, 0xBF,
    0x77, 0xE5, 0xBB, 0x5D, 0xCC, 0xE5, 0x44, 0x78, 0xC5, 0x8D, 0xB7, 0xED, 0xB6, 0x91, 0xAB, 0x4C,
    0x5B, 0x39, 0x3D, 0x74, 0x4F, 0x62, 0x57, 0x79, 0x53, 0x36, 0x3C, 0xD0, 0x06, 0xB7, 0xFC, 0x49,
    0xF1, 0xF5, 0x86, 0x1B, 0xEC, 0x82, 0xD8, 0x01, 0x42, 0x1B, 0xF9, 0xEE, 0x2C, 0x1B, 0x6C, 0x82,
    0xBC, 0xB0, 0x0D, 0xA6, 0x04, 0x55, 0x6C, 0x1B, 0xAC, 0x92, 0x1D, 0xF6, 0xBF, 0x91, 0xCB, 0xE6,
    0x7D, 0xD8, 0xCB, 0x45, 0xA6, 0xE0, 0x39, 0x85, 0x12, 0x0E, 0x73, 0x83, 0x8E, 0x77, 0x95, 0xC3,
    0xD8, 0xE0, 0xA8, 0xFB, 0x5F, 0x81, 0x47, 0xA0, 0x27, 0xF0, 0x91, 0x8B, 0x87, 0xBA, 0xC1, 0xE7,
    0x79, 0x38, 0x2F, 0x22, 0xF7, 0x7F, 0xAE, 0x1C, 0xEF, 0x32, 0x2E, 0x47, 0x37, 0x18, 0x24, 0x8E,
    0x57, 0xC4, 0xEB, 0x10, 0xA4, 0x3B, 0xD7, 0xCA, 0x59, 0x43, 0x32, 0x09, 0xC0, 0x73, 0x59, 0x63,
    0x2E, 0xD7, 0x49, 0x47, 0xB9, 0xD6, 0x25, 0xB9, 0xF2, 0x25, 0x41, 0x73, 0x36, 0x00, 0xD5, 0x1B,
    0xC5, 0x6A, 0xDE, 0x1F, 0xDF, 0xD4, 0x85, 0xC9, 0x06, 0x4A, 0xDB, 0x63, 0x93, 0xE2, 0x72, 0x6D,
    0x90, 0xE9, 0xAD, 0x5D, 0x43, 0xA8, 0xCE, 0xDC, 0xA4, 0x6B, 0x41, 0x0F, 0xF2, 0x31, 0x60, 0xEF,
    0x1A, 0x40, 0x5D, 0x3E, 0xCE, 0x3B, 0xEC, 0x9A, 0x2B, 0xEC, 0x80, 0x9B, 0x64, 0x92, 0x5D, 0xB6,
    0x82, 0xD0, 0xDC, 0xB9, 0x8D, 0xDB, 0x6D, 0xE4, 0xBA, 0x4A, 0x38, 0xC1, 0x05, 0xBE, 0x26, 0x44,
    0x5F, 0x42, 0xA0, 0xC9, 0x85, 0x97, 0x57, 0x25, 0xB2, 0x98, 0xE8, 0x88, 0x4E, 0xD1, 0xD8, 0x59,
    0x22, 0xAB, 0x09, 0xA6, 0x8C, 0x44, 0x26, 0xDF, 0x91, 0xCB, 0x45, 0x4A, 0x64, 0xCF, 0xAE, 0xA0,
    0xC8, 0x4D, 0xEE, 0xEF, 0x76, 0x8A, 0x06, 0x57, 0x87, 0xA7, 0xFD, 0xE1, 0xF0, 0xE0, 0xF0, 0xB0,
    0x3F, 0xBC, 0x59, 0x1F, 0x06, 0x81, 0x02, 0xF8, 0x2D, 0x3E, 0x77, 0xCA, 0x1E, 0xC1, 0x85, 0x2B,
    0xFC, 0xA6, 0x13, 0x20, 0x45, 0xEE, 0xEF, 0xE5, 0xD3, 0x78, 0x0E, 0xA2, 0x99, 0x5F, 0xCF, 0x0B,
    0x2C, 0x21, 0xD9, 0xC5, 0xF2, 0xFB, 0xA6, 0xDB, 0x62, 0xC3, 0x3F, 0xD9, 0xB8, 0x15, 0x8B, 0x09,
    0x41, 0xC9, 0x4F, 0x49, 0xD8, 0x00, 0xC3, 0x15, 0x51, 0xDB, 0x90, 0xB4, 0xF7, 0x4C, 0xB9, 0x02,
    0x9D, 0x3F, 0x20, 0xDF, 0x4B, 0x05, 0xAF, 0xB8, 0x38, 0x36, 0xB0, 0xED, 0xB0, 0xF1, 0x68, 0x24,
    0x50, 0x41, 0xA8, 0x02, 0xB4, 0x22, 0x88, 0x95, 0xEE, 0x2E, 0xBA, 0xBF, 0xE1, 0x42, 0xAF, 0x3C,
    0x42, 0x52, 0x1C, 0xB8, 0xCC, 0x56, 0xF6, 0x2A, 0xAB, 0x94, 0x4B, 0x24, 0x0D, 0x96, 0x34, 0x06,
    0x65, 0x8B, 0x95, 0xCA, 0x97, 0x07, 0xBF, 0x4F, 0x2C, 0xB1, 0x9E, 0x79, 0xD7, 0x89, 0x7C, 0x81,
    0xD7, 0x9C, 0xFB, 0x2E, 0x79, 0x4A, 0xC9, 0x05, 0xF2, 0x94, 0x88, 0x1F, 0x08, 0x3B, 0x80, 0x35,
    0x3B, 0xE1, 0x86, 0xD8, 0x09, 0x1D, 0x07, 0x75, 0x93, 0x09, 0x21, 0x8D, 0x64, 0xA1, 0x20, 0xBF,
    0x29, 0x58, 0x00, 0x36, 0x05, 0x7E, 0xC7, 0xEE, 0x84, 0x17, 0x70, 0xFC, 0x07, 0xEC, 0x80, 0x3E,
    0xB1, 0x3D, 0xAC, 0x06, 0x7B, 0x02, 0x6B, 0x61, 0x39, 0x00, 0x24, 0xFE, 0x81, 0x16, 0xF1, 0x0F,
    0xBB, 0x06, 0x86, 0x80, 0x44, 0x80, 0x06, 0xD0, 0x83, 0x70, 0xC0, 0x55, 0x01, 0x17, 0xB9, 0x14,
    0xD0, 0x45, 0x72, 0x91, 0x4B, 0xE3, 0x5F, 0x10, 0xEF, 0x62, 0xF9, 0x6B, 0x57, 0x0B, 0x5D, 0xCA,
    0xE5, 0xE3, 0x31, 0x1E, 0xF5, 0xA3, 0xB3, 0x3F, 0x21, 0x48, 0x6D, 0x4B, 0x51, 0x84, 0x8B, 0x92,
    0x69, 0x48, 0x09, 0xB8, 0x15, 0xC9, 0x80, 0x2C, 0x8F, 0x45, 0xF0, 0x6E, 0x44, 0x08, 0x65, 0x01,
    0xD6, 0x41, 0xB4, 0x92, 0xB0, 0x49, 0x62, 0x38, 0x9D, 0xF4, 0x95, 0x8D, 0x46, 0x9A, 0x3C, 0x3D,
    0xD9, 0x9F, 0x8E, 0x75, 0xCA, 0x0D, 0x63, 0xDE, 0x10, 0xD7, 0xC6, 0x49, 0xB5, 0x9B, 0x3D, 0x15,
    0x2A, 0xBE, 0x49, 0x01, 0x4A, 0xA8, 0x14, 0x83, 0xCA, 0x3A, 0x24, 0x1E, 0x5E, 0x4B, 0xC9, 0x93,
    0x37, 0x51, 0xC2, 0xBA, 0xC5, 0x77, 0xDB, 0x20, 0xAD, 0x64, 0x33, 0xD1, 0x80, 0x95, 0xE5, 0x95,
    0x7C, 0x61, 0x33, 0xE0, 0xAC, 0xB2, 0x92, 0xCB, 0xC6, 0xF3, 0xF1, 0xE8, 0xEF, 0x4D, 0x94, 0x1A,
    0xFF, 0x91, 0xEE, 0x4A, 0x95, 0x38, 0xA0, 0x82, 0x46, 0x2F, 0x06, 0x31, 0xA5, 0xEC, 0x12, 0x64,
    0x3B, 0x5D, 0x90, 0x5C, 0xCD, 0x28, 0xDA, 0x28, 0x1F, 0x97, 0xE8, 0x8C, 0x77, 0x44, 0x60, 0x67,
    0xCA, 0x31, 0x49, 0x2B, 0xCC, 0x73, 0x03, 0xBF, 0x89, 0x4C, 0x11, 0xFE, 0xC6, 0x45, 0x05, 0x31,
    0xF7, 0x63, 0xEB, 0x42, 0xC2, 0xA5, 0x48, 0xB9, 0x02, 0x6A, 0x47, 0x00, 0x8D, 0x7D, 0x88, 0x54,
    0x13, 0x52, 0xC5, 0x45, 0x4A, 0x60, 0x02, 0xBB, 0x14, 0xD6, 0x77, 0x3B, 0x7E, 0x34, 0x51, 0x16,
    0x81, 0x32, 0x84, 0xB0, 0xE4, 0x22, 0x3B, 0xAC, 0x41, 0xEE, 0x53, 0x0E, 0x71, 0x05, 0x0D, 0x21,
    0x17, 0x79, 0x60, 0x16, 0x69, 0x2D, 0x52, 0xD7, 0xB5, 0xE5, 0xCD, 0x81, 0x64, 0x38, 0x6E, 0xB1,
    0xC9, 0xBA, 0xCB, 0x66, 0xB9, 0x7F, 0x45, 0x75, 0x51, 0x04, 0x02, 0x37, 0xE1, 0xC0, 0x9B, 0xA4,
    0x70, 0x17, 0x73, 0xB3, 0xCB, 0x2F, 0x1B, 0xD9, 0x55, 0x3D, 0x18, 0x74, 0xC9, 0xAD, 0x80, 0x5A,
    0xED, 0x7F, 0xA1, 0xCC, 0x01, 0x54, 0xB8, 0x79, 0xD0, 0x07, 0xB7, 0x2C, 0xC4, 0xAB, 0x7B, 0x17,
    0xE8, 0xA8, 0xF8, 0x01, 0xEC, 0x29, 0x37, 0xD2, 0xF9, 0xCA, 0xBF, 0x23, 0xBB, 0x53, 0xD7, 0x5C,
    0x16, 0xE4, 0x53, 0xBE, 0x63, 0xBF, 0xF2, 0xBF, 0x5C, 0x0A, 0xBB, 0xEA, 0x71, 0x05, 0xC8, 0xDD,
    0x0E, 0x57, 0x90, 0x5F, 0x4A, 0x88, 0x59, 0x68, 0x16, 0xC8, 0xDB, 0x11, 0xBF, 0xC8, 0x9D, 0xE5,
    0x4C, 0x01, 0x89, 0xDC, 0x59, 0x76, 0x2D, 0x80, 0x00, 0x62, 0x87, 0xA0, 0xEE, 0x71, 0x67, 0x6E,
    0x1A, 0x77, 0x2E, 0xBB, 0x8B, 0xAE, 0x2A, 0xDD, 0x08, 0xE1, 0x72, 0x53, 0x50, 0x3C, 0xC9, 0x6D,
    0xE7, 0x42, 0xD5, 0x48, 0xA7, 0x48, 0x8E, 0x04, 0x28, 0x22, 0x39, 0x9E, 0x93, 0xEF, 0xE5, 0x45,
    0x2E, 0x77, 0x48, 0x76, 0xC9, 0x2E, 0x1F, 0x36, 0x5D, 0x74, 0x22, 0xF7, 0xFC, 0xEF, 0x9E, 0x9A,
    0x16, 0x65, 0x7C, 0x2C, 0x68, 0xCB, 0x66, 0x40, 0x27, 0x21, 0x8D, 0x88, 0x88, 0x28, 0x5D, 0xB0,
    0xDC, 0x0F, 0xFF, 0xCB, 0xB2, 0x52, 0x4A, 0x24, 0xD9, 0x86, 0x7C, 0x1B, 0xAC, 0x04, 0x2D, 0xD3,
    0xE0, 0x58, 0x7E, 0xDE, 0xE1, 0x10, 0x7A, 0xA7, 0x15, 0x48, 0x3C, 0xED, 0xDC, 0xCB, 0xCE, 0xBD,
    0x6D, 0x4C, 0x11, 0x3C, 0xAA, 0xAC, 0x59, 0x17, 0x4A, 0x47, 0x4A, 0x74, 0x65, 0xBF, 0x7E, 0xCB,
    0x9B, 0x95, 0xAD, 0x12, 0x7C, 0xF3, 0x34, 0x57, 0x5F, 0x81, 0xBC, 0xEE, 0x20, 0xA3, 0x68, 0x1F,
    0xE0, 0x86, 0x4D, 0x04, 0xF8, 0xBB, 0x36, 0x9C, 0xA0, 0xD5, 0xFB, 0x60, 0x12, 0x5B, 0x41, 0x80,
    0x5A, 0x2A, 0x2A, 0x45, 0xCD, 0x03, 0x67, 0x29, 0xE5, 0x5B, 0x0B, 0xE5, 0x2E, 0xE7, 0x50, 0x4B,
    0x25, 0x53, 0xAC, 0x1C, 0x45, 0x8D, 0x16, 0xDA, 0x1A, 0x6B, 0x92, 0x31, 0x28, 0x46, 0xF1, 0x6C,
    0x0C, 0x48, 0x56, 0x11, 0x98, 0x91, 0x42, 0xEA, 0x96, 0x72, 0x42, 0x80, 0x6A, 0x42, 0xA5, 0xA4,
    0x80, 0x21, 0x37, 0x87, 0x10, 0x8C, 0x3B, 0x6A, 0x18, 0xF9, 0x6A, 0x4C, 0xFB, 0x63, 0x88, 0xA8,
    0xFC, 0xE6, 0xBD, 0x12, 0x0D, 0x02, 0xE7, 0x15, 0xA3, 0xBE, 0x1B, 0xDF, 0x51, 0x4E, 0x52, 0xAD,
    0xD8, 0x7B, 0x38, 0xD9, 0xF9, 0x7F, 0x76, 0x56, 0xC2, 0x01, 0x12, 0x82, 0xB3, 0x1D, 0xFE, 0xC9,
    0x7A, 0x49, 0xDC, 0x89, 0xD3, 0x6B, 0x99, 0x5C, 0x0D, 0x4D, 0x8E, 0xA6, 0x2A, 0x8A, 0x43, 0xC8,
    0x00, 0xA0, 0x8B, 0x52, 0xB1, 0x0D, 0x9D, 0x4A, 0x6A, 0xEA, 0x83, 0x64, 0x0A, 0x9D, 0x4A, 0xE1,
    0xE4, 0xD7, 0x2A, 0x79, 0xB9, 0xE9, 0x78, 0x4E, 0x3A, 0x15, 0xD4, 0x4E, 0x85, 0xF2, 0xAF, 0x3A,
    0x95, 0xED, 0x4E, 0xE5, 0xB8, 0xEB, 0x54, 0x6E, 0x3B, 0xB2, 0xD4, 0xC6, 0x91, 0xC4, 0xB9, 0x0C,
    0x2F, 0xD6, 0x4D, 0x8C, 0xE3, 0x62, 0xFC, 0x98, 0x42, 0x12, 0x66, 0x10, 0x58, 0x45, 0xBE, 0x48,
    0xF1, 0xA2, 0x32, 0x26, 0x9A, 0x82, 0xFB, 0xB0, 0xB1, 0x39, 0xE8, 0xC9, 0xA3, 0x1B, 0x52, 0x88,
    0x53, 0x15, 0x9B, 0xDD, 0x0C, 0x3E, 0xF2, 0x07, 0x28, 0x4B, 0xDD, 0x6C, 0x6F, 0x21, 0xB7, 0x28,
    0x74, 0xD1, 0x13, 0xD6, 0xE5, 0x80, 0x8B, 0xE3, 0xE6, 0x5B, 0x6C, 0x66, 0xA2, 0x19, 0x93, 0x8A,
    0xDA, 0x6C, 0xB8, 0xAA, 0xB2, 0xE2, 0x1B, 0x6D, 0x4D, 0xF7, 0xD4, 0x48, 0xE0, 0xBE, 0xA4, 0x98,
    0x7F, 0xC3, 0xA8, 0x43, 0xED, 0x06, 0xD5, 0xDA, 0x26, 0x55, 0x4B, 0x5D, 0xB5, 0x1A, 0x21, 0x41,
    0xE6, 0x65, 0x28, 0x96, 0x1E, 0x94, 0x38, 0x31, 0x7D, 0x73, 0x0E, 0x16, 0x4D, 0x2B, 0x5B, 0x55,
    0xA3, 0x44, 0xB7, 0x93, 0x0E, 0xCB, 0xB2, 0xC1, 0xC8, 0xCB, 0x3B, 0xB0, 0xB8, 0x25, 0x28, 0x2B,
    0xC2, 0x0C, 0xD0, 0xD6, 0x77, 0xA5, 0x8E, 0xAD, 0x61, 0x18, 0xD2, 0x09, 0xFA, 0x8C, 0x9A, 0x75,
    0xDC, 0x6B, 0x56, 0xBC, 0x67, 0xA6, 0x61, 0x41, 0x05, 0x7C, 0xEF, 0x4D, 0xDB, 0xAA, 0xD9, 0x4E,
    0x8C, 0xE1, 0x33, 0x08, 0xBE, 0xBC, 0x53, 0x6B, 0x09, 0x9F, 0x01, 0xC1, 0xB5, 0xBD, 0xCB, 0x62,
    0x95, 0x90, 0x1B, 0x7B, 0xDF, 0x11, 0xC3, 0xA1, 0x29, 0xF8, 0x88, 0x28, 0x2D, 0x54, 0x9F, 0xC8,
    0xFE, 0x6A, 0x7B, 0x07, 0x49, 0x28, 0xEF, 0x6E, 0x8D, 0x84, 0xCD, 0x2F, 0x81, 0x3C, 0xD7, 0xF7,
    0xCE, 0x48, 0xDF, 0xBF, 0x9B, 0x05, 0x1F, 0x2F, 0x96, 0xBC, 0x5E, 0x60, 0xA3, 0x20, 0xDF, 0xEA,
    0x5B, 0xA2, 0x6F, 0x99, 0xAA, 0xA5, 0x5C, 0xDF, 0x14, 0xA2, 0xA1, 0x53, 0x01, 0x3E, 0x51, 0xA0,
    0x6F, 0x47, 0x2A, 0xCA, 0xA4, 0x23, 0x5A, 0xB2, 0x96, 0x0C, 0x9C, 0xEF, 0x54, 0xCF, 0x17, 0x80,
    0x46, 0xA8, 0xBA, 0x70, 0xA3, 0x6F, 0xB1, 0x5A, 0xCA, 0x89, 0x12, 0xAE, 0x20, 0x11, 0x00, 0x2D,
    0x95, 0x5E, 0x15, 0x05, 0xA1, 0x62, 0x41, 0xA8, 0x12, 0x6F, 0x34, 0x01, 0x5D, 0x05, 0xFD, 0x2E,
    0x82, 0xD8, 0xDE, 0xB8, 0xFD, 0xC9, 0x5E, 0x65, 0xE1, 0x21, 0x3D, 0x0D, 0xBE, 0x16, 0x21, 0x75,
    0x55, 0x48, 0x6D, 0x10, 0x3C, 0x62, 0x8E, 0x46, 0xBC, 0xB2, 0x9C, 0x85, 0x7F, 0x4F, 0xE8, 0xAC,
    0xCC, 0xC0, 0x16, 0xF6, 0x9B, 0x51, 0x23, 0x43, 0x87, 0xD0, 0x8F, 0xC0, 0xFF, 0xFC, 0xA5, 0xE4,
    0x6B, 0xCD, 0x57, 0xDC, 0xB8, 0x03, 0x76, 0x1C, 0x74, 0xA8, 0x8A, 0x9D, 0x2D, 0xA4, 0xEF, 0xAE,
    0x9C, 0x03, 0x75, 0x79, 0x9C, 0xAA, 0xC1, 0x92, 0x3A, 0x22, 0xE5, 0xDA, 0xE4, 0xD2, 0x17, 0xE5,
    0x3B, 0x72, 0xFB, 0x9C, 0x8B, 0x4B, 0xA8, 0xEC, 0x4C, 0xD4, 0xCB, 0x57, 0x54, 0x09, 0xCB, 0xE1,
    0x14, 0xFB, 0xA8, 0x12, 0xFA, 0x4A, 0x78, 0x2D, 0xFB, 0x6C, 0xE2, 0x22, 0x07, 0x1A, 0x37, 0xF0,
    0x71, 0x5C, 0x95, 0x42, 0x67, 0x36, 0x94, 0x75, 0xA2, 0x06, 0xA8, 0xC2, 0x65, 0x09, 0x31, 0x40,
    0xD6, 0x80, 0x48, 0x6A, 0x2E, 0x30, 0xA7, 0x93, 0x91, 0xF2, 0xB0, 0x68, 0x6A, 0xB1, 0x27, 0x85,
    0x7F, 0x4A, 0x2E, 0x07, 0xCA, 0xF2, 0xC4, 0x5B, 0x25, 0x45, 0xAA, 0xB6, 0x89, 0xEC, 0x3E, 0x26,
    0x36, 0xA2, 0x81, 0xD4, 0xFF, 0x3C, 0x89, 0x4F, 0xFC, 0x4B, 0x59, 0x62, 0xBC, 0x53, 0xEB, 0xC8,
    0x40, 0x77, 0x60, 0x5E, 0x9B, 0xF5, 0x3D, 0xEE, 0xE1, 0xBB, 0x32, 0xB2, 0xFD, 0xE1, 0xF4, 0xE0,
    0xF0, 0xCA, 0x76, 0xCF, 0x57, 0x87, 0x13, 0xA7, 0xCC, 0x3E, 0x2B, 0x7F, 0x56, 0x0B, 0xA7, 0x7A,
    0x8F, 0x81, 0xA0, 0x84, 0x8D, 0xA3, 0x1E, 0x46, 0xB6, 0x53, 0x67, 0x40, 0x48, 0x5C, 0xEF, 0x92,
    0x17, 0x8A, 0x66, 0x35, 0xE7, 0x41, 0xA9, 0xE6, 0x85, 0x24, 0xAD, 0x2E, 0x36, 0x9C, 0xEC, 0x56,
    0x99, 0x9A, 0x3F, 0xE0, 0x12, 0xB5, 0xAA, 0xCA, 0x42, 0x57, 0x1D, 0x77, 0xB6, 0x24, 0x67, 0x4A,
    0x22, 0x6B, 0xCC, 0x62, 0x19, 0x6D, 0xF9, 0x22, 0xB4, 0xD4, 0x72, 0xEC, 0xF4, 0xE2, 0xD0, 0x19,
    0xBC, 0x96, 0x50, 0x2F, 0x2F, 0x9E, 0xF4, 0x6A, 0x45, 0x6E, 0x4D, 0x21, 0x84, 0x66, 0x98, 0x93,
    0x3C, 0x28, 0x1F, 0xF9, 0xCB, 0x89, 0xEC, 0xB7, 0x00, 0x56, 0x2B, 0xE5, 0xBC, 0xAC, 0x0F, 0x52,
    0xBB, 0x73, 0xA4, 0xD0, 0xEA, 0x00, 0x7D, 0x5A, 0x7E, 0xCA, 0xBC, 0xC2, 0xB2, 0x97, 0x08, 0x92,
    0xC7, 0x83, 0x88, 0xC0, 0x39, 0xAA, 0xCE, 0xE2, 0x50, 0x39, 0x6A, 0xA3, 0x38, 0x9C, 0xBC, 0xCF,
    0x7D, 0x0A, 0x49, 0x39, 0xB1, 0x90, 0x54, 0x38, 0x0C, 0x1F, 0xBF, 0xEC, 0xA3, 0x9E, 0x64, 0x36,
    0x2A, 0x99, 0xF1, 0x70, 0xAA, 0x87, 0xE1, 0x73, 0x77, 0x74, 0xC9, 0x57, 0x1E, 0x3B, 0x70, 0x98,
    0xD0, 0x18, 0xD9, 0x92, 0x2D, 0x84, 0x66, 0x70, 0x78, 0x92, 0xC3, 0x57, 0xAE, 0xD4, 0xBA, 0x43,
    0xF3, 0xB9, 0x17, 0x03, 0x24, 0x7C, 0x54, 0xBE, 0xD6, 0x42, 0x37, 0xC7, 0x30, 0x35, 0x67, 0xA8,
    0xE7, 0x44, 0x14, 0x85, 0x03, 0x07, 0x55, 0x09, 0xE8, 0xF2, 0x97, 0xF2, 0xD7, 0x2E, 0xFE, 0x8D,
    0xD0, 0x60, 0x21, 0xB4, 0xDA, 0x6D, 0x86, 0xAF, 0xD0, 0x28, 0xC9, 0x06, 0x85, 0x48, 0xD2, 0xCA,
    0xD6, 0x88, 0x84, 0x68, 0x94, 0xED, 0x95, 0x6A, 0xD6, 0xC8, 0x57, 0xD4, 0x6E, 0x49, 0x9B, 0xB2,
    0xA3, 0x1E, 0x10, 0x64, 0x65, 0x63, 0xA6, 0x26, 0x8D, 0x7B, 0x65, 0xCE, 0xDB, 0x25, 0x2E, 0xA1,
    0xBF, 0x45, 0xCE, 0x9B, 0x46, 0xB1, 0x1A, 0xAF, 0x24, 0xBE, 0x6C, 0xD4, 0x18, 0x49, 0xE2, 0x44,
    0xFB, 0xAA, 0x73, 0xED, 0x60, 0x56, 0xEF, 0x28, 0x0E, 0x0B, 0xD7, 0x98, 0x51, 0x52, 0x89, 0xAE,
    0x76, 0xFA, 0x5B, 0x3A, 0x52, 0xD5, 0x0B, 0x2D, 0x29, 0x6B, 0xE3, 0xB7, 0x8D, 0xBA, 0xF5, 0x6A,
    0x8C, 0xD1, 0xC2, 0x14, 0x56, 0x16, 0x6A, 0xCE, 0xB0, 0xCD, 0x7E, 0x43, 0x8B, 0x91, 0xCA, 0xED,
    0x0A, 0xB1, 0x0F, 0x23, 0x76, 0xBE, 0xE6, 0x8A, 0x88, 0x17, 0xC8, 0x11, 0x46, 0x10, 0x8B, 0x5D,
    0xA0, 0x5C, 0x42, 0x41, 0xC0, 0x49, 0x9F, 0x83, 0xAF, 0x19, 0x85, 0x65, 0x90, 0xAD, 0x90, 0x84,
    0x2A, 0xE5, 0xA9, 0x0F, 0x13, 0xF2, 0x44, 0x51, 0x0E, 0x8B, 0xFF, 0xAD, 0x4C, 0x41, 0x39, 0xBC,
    0x71, 0x97, 0xA9, 0x7F, 0x04, 0x95, 0xB1, 0x8B, 0x10, 0x7F, 0x68, 0x11, 0x61, 0x82, 0x3F, 0x29,
    0x5B, 0x10, 0x8B, 0x8C, 0x91, 0x06, 0xD9, 0x42, 0x54, 0xCF, 0x85, 0x69, 0x45, 0x10, 0x81, 0xFC,
    0xC3, 0x42, 0xA1, 0xB1, 0xE9, 0xCC, 0xAA, 0xDC, 0x21, 0x49, 0xA5, 0x13, 0x15, 0x1F, 0x15, 0xBD,
    0x50, 0x55, 0xAA, 0xAE, 0x62, 0xE8, 0x54, 0x4F, 0xA6, 0x8E, 0x16, 0x50, 0xE8, 0xA8, 0xCB, 0x9A,
    0xF4, 0x5D, 0xB5, 0x80, 0x9C, 0x3A, 0x9F, 0x49, 0x47, 0xA3, 0xA5, 0x75, 0x6A, 0xB4, 0x3C, 0xDD,
    0x51, 0x05, 0xCC, 0x4E, 0x8D, 0x16, 0x47, 0x57, 0x07, 0x57, 0x52, 0xF7, 0xB5, 0x53, 0xE5, 0xE9,
    0xCC, 0x35, 0xED, 0x16, 0xEF, 0x36, 0x31, 0x3D, 0x4B, 0xDD, 0xD9, 0x51, 0x63, 0xD5, 0x0C, 0x5B,
    0x75, 0x91, 0xC6, 0x78, 0x48, 0x03, 0x1A, 0x9E, 0x23, 0xAB, 0xAB, 0x38, 0xA2, 0x91, 0x23, 0xA4,
    0x11, 0x92, 0x08, 0x92, 0x21, 0x33, 0xAA, 0x30, 0x4A, 0x98, 0x6E, 0x6D, 0xE3, 0xFC, 0x3E, 0x99,
    0x7C, 0xE4, 0x43, 0x6C, 0x44, 0x71, 0x2F, 0xE0, 0x1A, 0x20, 0x88, 0x62, 0x1A, 0xF5, 0xD5, 0xF6,
    0x7D, 0xEA, 0x96, 0x4D, 0x9F, 0x16, 0xE0, 0xFA, 0x51, 0x65, 0xF3, 0xA4, 0x7C, 0x5F, 0xAA, 0x07,
    0x97, 0xAB, 0xF4, 0xCE, 0xE8, 0x28, 0xF7, 0x64, 0xB8, 0x74, 0xCC, 0x95, 0x4B, 0x08, 0xFA, 0xC8,
    0xA9, 0x6C, 0xD7, 0x28, 0xA2, 0x9C, 0x43, 0xB6, 0x4B, 0x46, 0x0A, 0x90, 0xAD, 0xA3, 0xFC, 0x8F,
    0xC0, 0x46, 0x74, 0xEA, 0xCD, 0xDD, 0xA7, 0xB5, 0x93, 0xA8, 0x68, 0xDF, 0x3A, 0xB3, 0xBD, 0x34,
    0xA8, 0x46, 0xF9, 0xD6, 0x9A, 0x51, 0xEF, 0x99, 0x76, 0x5C, 0xB9, 0xD7, 0xF9, 0x4E, 0x65, 0x35,
    0x7D, 0x5E, 0xD5, 0x03, 0x2A, 0xAA, 0x4D, 0xFC, 0xD7, 0x16, 0xFD, 0x79, 0xDE, 0x64, 0x98, 0xD7,
    0x02, 0x26, 0xFC, 0xA3, 0xD1, 0xB8, 0x65, 0xB0, 0xF7, 0x5E, 0xE5, 0xE5, 0x56, 0x21, 0x0E, 0x41,
    0x4C, 0xC6, 0x4A, 0x5A, 0x55, 0x2B, 0x2A, 0xF8, 0x68, 0x73, 0x72, 0xBF, 0x79, 0xA1, 0x6E, 0x5D,
    0x49, 0xF3, 0x2C, 0x2E, 0x08, 0xC9, 0x20, 0x7F, 0x75, 0x54, 0x37, 0xF7, 0xC3, 0x8E, 0x54, 0x5B,
    0xCB, 0x77, 0x52, 0x91, 0xFA, 0x74, 0xF3, 0x44, 0xEC, 0xA5, 0x37, 0xF4, 0x5D, 0x3E, 0x18, 0x68,
    0x8D, 0xC8, 0x26, 0x69, 0xEB, 0xC0, 0x17, 0x25, 0x2A, 0x89, 0x5E, 0xE0, 0x95, 0xB0, 0x18, 0x2D,
    0x5E, 0x04, 0x79, 0x95, 0x93, 0xFB, 0x78, 0xE2, 0x10, 0xF0, 0x85, 0x62, 0x40, 0x00, 0x83, 0x7F,
    0x42, 0x34, 0xB3, 0x20, 0x77, 0xE6, 0xD9, 0x22, 0x45, 0x67, 0xEC, 0xA2, 0x7C, 0x45, 0xC8, 0x0E,
    0xDB, 0x15, 0x9E, 0xAC, 0xDC, 0xD3, 0x30, 0x65, 0x87, 0xBA, 0x2D, 0xAF, 0xE3, 0xEC, 0x49, 0xF0,
    0xD7, 0xF2, 0xEC, 0xAD, 0xCB, 0xC8, 0xA3, 0xF9, 0xCE, 0xBD, 0xD1, 0xD3, 0x9E, 0xED, 0x72, 0xF1,
    0x7B, 0x79, 0xB6, 0xDC, 0x82, 0x04, 0x09, 0xC1, 0xCD, 0x8D, 0x8B, 0x04, 0x76, 0x6A, 0xD4, 0x8A,
    0xE9, 0x5F, 0xE9, 0xD9, 0x1B, 0x8A, 0x42, 0x98, 0x77, 0x22, 0xC7, 0x60, 0x8B, 0xB8, 0x21, 0x93,
    0x4B, 0xB8, 0x22, 0x73, 0x73, 0x2C, 0xE2, 0x1E, 0x80, 0x2B, 0x29, 0x65, 0xA6, 0xE5, 0xDD, 0x1B,
    0xB5, 0x2A, 0x62, 0xD6, 0xB6, 0x77, 0x71, 0xBE, 0xED, 0x6D, 0x32, 0x20, 0x99, 0xF7, 0xB6, 0x37,
    0x59, 0x64, 0x52, 0x7B, 0x9B, 0xCA, 0xB0, 0xD7, 0x88, 0xA0, 0x3B, 0x65, 0x7B, 0x97, 0xBF, 0x9D,
    0xED, 0xCD, 0x68, 0x8F, 0x9B, 0x29, 0x24, 0x6B, 0x13, 0x96, 0xF2, 0xF3, 0xF5, 0x47, 0xD4, 0x4A,
    0x9E, 0x49, 0x9D, 0x22, 0xCD, 0x21, 0x0F, 0xE0, 0x4E, 0xC8, 0x92, 0x64, 0x67, 0x10, 0x0E, 0xB1,
    0x3A, 0xAA, 0xF2, 0x8F, 0xE6, 0xFF, 0x48, 0x2E, 0xA8, 0xBB, 0x8C, 0x96, 0x71, 0x83, 0x65, 0x6E,
    0xDD, 0x83, 0x0C, 0x86, 0x4D, 0x54, 0xD3, 0x65, 0xEF, 0x18, 0xE1, 0xBA, 0x4E, 0xBE, 0x70, 0xCA,
    0x25, 0xA3, 0xDA, 0x13, 0x2D, 0xC8, 0x10, 0xCA, 0x09, 0x41, 0x96, 0x21, 0x61, 0x88, 0x7C, 0x97,
    0x29, 0x44, 0x18, 0x65, 0x66, 0x48, 0x99, 0x81, 0x14, 0xFE, 0x16, 0xD4, 0x7D, 0x3A, 0xAB, 0xBD,
    0x07, 0xBA, 0xBD, 0xA8, 0xD1, 0x23, 0x1A, 0x56, 0xEA, 0x02, 0xB9, 0xD3, 0x68, 0xB8, 0xA5, 0x0B,
    0x34, 0xED, 0xD1, 0x90, 0x9C, 0xE7, 0x02, 0x0D, 0x7B, 0x17, 0x28, 0x3B, 0xED, 0x02, 0xF5, 0x87,
    0x2E, 0x50, 0x69, 0x41, 0xC7, 0x05, 0x0D, 0xAD, 0xAA, 0xB9, 0x15, 0x1A, 0xA2, 0x33, 0x68, 0x28,
    0x28, 0x15, 0xB6, 0xA4, 0x2C, 0x8F, 0x06, 0x7D, 0xC7, 0xEE, 0x6E, 0xAA, 0x3D, 0x84, 0x2F, 0xBE,
    0xE0, 0x60, 0x02, 0x55, 0xD9, 0x44, 0x7B, 0x1B, 0x2C, 0x89, 0x85, 0x6F, 0xF9, 0xAA, 0xFF, 0x6B,
    0xE8, 0x44, 0x56, 0x8D, 0xFF, 0x19, 0x4C, 0xD1, 0xA8, 0x51, 0x36, 0x42, 0x71, 0x67, 0x43, 0x4A,
    0x46, 0xA3, 0x42, 0x83, 0x25, 0x6F, 0x36, 0x94, 0xBE, 0x6A, 0xE4, 0xCE, 0xC4, 0x5C, 0xB3, 0x18,
    0xC3, 0x2A, 0x07, 0xD4, 0x85, 0xB2, 0x48, 0xA0, 0x9B, 0x57, 0x61, 0xEE, 0xB0, 0xC6, 0x95, 0xB6,
    0x1A, 0xE6, 0xA6, 0xCE, 0xA7, 0x0A, 0x29, 0x08, 0x4A, 0x46, 0x01, 0x37, 0x1D, 0x45, 0xD8, 0x48,
    0x83, 0xF1, 0xDB, 0x3E, 0x28, 0xDF, 0x9C, 0x36, 0xB4, 0x93, 0x73, 0x2C, 0xE9, 0x7E, 0x1D, 0x75,
    0x97, 0x6F, 0x7F, 0x8D, 0xD0, 0x4D, 0x2B, 0xE2, 0x86, 0x79, 0x87, 0x0D, 0x05, 0x1A, 0xC2, 0xDC,
    0x90, 0xF2, 0xB2, 0xB8, 0x9B, 0x61, 0x5D, 0x51, 0x8C, 0x9E, 0x80, 0x2A, 0x7E, 0x61, 0xAC, 0xE3,
    0xC8, 0x38, 0xB3, 0x78, 0x6F, 0x63, 0x38, 0xE5, 0x08, 0x93, 0x8F, 0x25, 0x30, 0x3A, 0x3E, 0x01,
    0x39, 0x3D, 0xFE, 0x05, 0xB0, 0xF9, 0x93, 0x05, 0x12, 0xDD, 0x3E, 0x6D, 0x70, 0x06, 0x12, 0xA1,
    0xE9, 0x83, 0x6A, 0x59, 0xAC, 0x5A, 0xD9, 0x6A, 0xA2, 0xA8, 0xD0, 0x56, 0x91, 0x6D, 0x3E, 0xD9,
    0xB4, 0x0F, 0xD5, 0x67, 0x93, 0x6A, 0x94, 0xCE, 0xBF, 0xDE, 0xA1, 0x91, 0x86, 0x80, 0xF1, 0x05,
    0x55, 0x8B, 0xBC, 0x50, 0x58, 0x4F, 0xC5, 0x2A, 0x67, 0x78, 0xEC, 0x1C, 0xA8, 0x29, 0x55, 0x47,
    0x3E, 0x42, 0x34, 0x13, 0xA1, 0x48, 0x28, 0xFF, 0xBC, 0x07, 0xED, 0x22, 0xA4, 0x9B, 0xE1, 0x85,
    0x81, 0xB0, 0x08, 0x66, 0xE4, 0x43, 0x4E, 0x9D, 0xC5, 0x9C, 0x04, 0x5B, 0xF6, 0x4E, 0x03, 0xBA,
    0xD7, 0x69, 0x7A, 0x26, 0x2E, 0x65, 0x98, 0x37, 0x1F, 0xE0, 0xB5, 0xB6, 0xF8, 0x56, 0x43, 0x1E,
    0x40, 0x9A, 0x0D, 0x51, 0xB3, 0x8D, 0xD3, 0x97, 0xAD, 0x88, 0xFB, 0x56, 0xB0, 0xB8, 0x35, 0xCF,
    0x4A, 0x3C, 0x7A, 0x12, 0xBA, 0x47, 0xA4, 0x8F, 0xCA, 0x6D, 0x9C, 0xDF, 0x98, 0x7B, 0xC0, 0xD1,
    0x6A, 0xE8, 0x73, 0x37, 0x6A, 0xBE, 0xB2, 0x23, 0x02, 0x63, 0x8D, 0xC8, 0x47, 0x66, 0x16, 0x23,
    0x47, 0x28, 0xCC, 0x94, 0xF2, 0xDB, 0xEE, 0x6D, 0xB3, 0xA5, 0x2D, 0x7F, 0xA6, 0xF6, 0x56, 0x64,
    0xD6, 0x48, 0x62, 0x91, 0x38, 0xB3, 0xC2, 0x52, 0x67, 0x06, 0x97, 0x02, 0xCF, 0xB0, 0x92, 0x2B,
    0x13, 0xC5, 0x6A, 0xA0, 0x47, 0xB2, 0x0A, 0xAC, 0xB2, 0x6C, 0xC8, 0x0B, 0xE9, 0xA0, 0x79, 0x02,
    0xE5, 0xA5, 0xC0, 0x22, 0xCC, 0x79, 0x17, 0x98, 0xFA, 0x49, 0xE8, 0x70, 0x20, 0x74, 0x30, 0xDD,
    0xF1, 0x61, 0x1F, 0x1F, 0xEE, 0x71, 0x4B, 0xD8, 0x07, 0x58, 0xEB, 0x83, 0x35, 0x99, 0x5A, 0xAA,
    0x90, 0x66, 0xCB, 0x41, 0x84, 0x67, 0x89, 0xF8, 0x34, 0xF6, 0x4E, 0xB3, 0x59, 0x78, 0x5D, 0x5F,
    0x63, 0x77, 0xB2, 0x85, 0xD2, 0xB2, 0xBC, 0xE4, 0x86, 0x11, 0x85, 0x45, 0x76, 0x26, 0x50, 0x64,
    0xD8, 0x7A, 0xCC, 0xAC, 0xA6, 0x26, 0x12, 0xF0, 0x3A, 0x98, 0xD1, 0x26, 0x7F, 0x66, 0xD3, 0x11,
    0xF2, 0xA9, 0x5C, 0x59, 0x4C, 0x15, 0x1C, 0xD6, 0x37, 0xF2, 0xB5, 0xD4, 0x3C, 0x2B, 0x3B, 0xD7,
    0x52, 0x62, 0xB7, 0xF0, 0x4A, 0xAD, 0xB8, 0x9A, 0x65, 0x59, 0x30, 0x8C, 0xE4, 0xDF, 0x8F, 0x9C,
    0x50, 0x37, 0x7C, 0xD9, 0x89, 0x11, 0x0F, 0xD5, 0xA4, 0x5C, 0x26, 0x91, 0x16, 0xB9, 0xCA, 0xC3,
    0x0D, 0xA9, 0x39, 0xD5, 0x2E, 0x90, 0xE5, 0xAA, 0x87, 0x92, 0xD1, 0x63, 0x4F, 0x77, 0xA6, 0x5F,
    0xD9, 0x79, 0x90, 0x6B, 0x50, 0x67, 0xF5, 0x95, 0x54, 0xBF, 0x32, 0x1F, 0x7E, 0xA5, 0x62, 0x9E,
    0x5E, 0xBF, 0x52, 0xB7, 0x9E, 0xCC, 0xA8, 0x31, 0x02, 0x03, 0x8A, 0xD1, 0xCA, 0xFE, 0x2B, 0xE1,
    0xB9, 0x5F, 0x19, 0x56, 0x5F, 0x89, 0xFD, 0x57, 0x0A, 0x25, 0x58, 0xFD, 0x99, 0xD5, 0x7A, 0xB1,
    0xB4, 0xD1, 0xFF, 0xD7, 0xA0, 0x70, 0x66, 0xA1, 0xF8, 0x0C, 0x1A, 0x65, 0xF8, 0x12, 0xB5, 0xCC,
    0xFA, 0xC5, 0x4B, 0x1B, 0x17, 0x87, 0xAD, 0xDE, 0x17, 0x23, 0x2C, 0x49, 0xCA, 0x7D, 0xC9, 0x42,
    0xB8, 0x7C, 0x25, 0x78, 0x96, 0x96, 0xB7, 0x5C, 0x4D, 0xF3, 0xC6, 0x69, 0x83, 0x7C, 0x48, 0xBA,
    0xC3, 0xE2, 0xB2, 0x0A, 0x84, 0x9A, 0x53, 0xB5, 0xE5, 0x24, 0xD7, 0x6F, 0x9F, 0x25, 0x57, 0x91,
    0x85, 0x7F, 0xA7, 0xA1, 0x29, 0x30, 0xEA, 0x65, 0xC7, 0x6C, 0x3A, 0x22, 0x69, 0x8B, 0x79, 0x41,
    0xD6, 0x59, 0x5E, 0x35, 0x63, 0x93, 0x32, 0xF9, 0x94, 0x71, 0xEB, 0x90, 0xDF, 0x03, 0xFD, 0x9F,
    0x4E, 0xF3, 0x4C, 0x1A, 0x31, 0xD4, 0x0C, 0x13, 0xE5, 0x14, 0x28, 0xA1, 0xA1, 0x3B, 0x1E, 0x39,
    0x13, 0x59, 0x01, 0xD5, 0x1E, 0x9D, 0x97, 0x78, 0xF6, 0x4A, 0x95, 0x0B, 0xED, 0x4D, 0x8B, 0xAA,
    0x6E, 0x65, 0x5D, 0x48, 0x67, 0x01, 0xB6, 0x78, 0xF6, 0xCB, 0x26, 0xF4, 0xF2, 0xC1, 0x62, 0xA0,
    0x1B, 0xA7, 0x35, 0x24, 0x2A, 0xCD, 0x19, 0x0A, 0xDD, 0xAA, 0x49, 0xE9, 0x8D, 0x55, 0xC4, 0xD7,
    0xEC, 0x3E, 0x0C, 0x84, 0x18, 0xE6, 0x92, 0xD1, 0x5C, 0xB5, 0xCB, 0x76, 0x9F, 0xB2, 0x37, 0x23,
    0x34, 0xA6, 0x87, 0xAF, 0xF4, 0x84, 0x25, 0x25, 0x48, 0xB2, 0xE9, 0x7D, 0x10, 0x2D, 0x25, 0x78,
    0xE5, 0x3E, 0x6D, 0xEC, 0x34, 0x1A, 0x06, 0x0F, 0x61, 0x07, 0x91, 0x71, 0xB2, 0xA1, 0x29, 0xC7,
    0x6D, 0x9B, 0x71, 0x9D, 0x4F, 0xAB, 0xC8, 0x46, 0xB1, 0x18, 0x09, 0x65, 0xB7, 0x20, 0x41, 0x9D,
    0x3D, 0x8D, 0x09, 0xD2, 0x06, 0xDC, 0x6A, 0x6E, 0x90, 0x41, 0xDD, 0xBA, 0x63, 0x39, 0x05, 0x3C,
    0x43, 0x4D, 0xFE, 0x71, 0xE9, 0x0C, 0xDC, 0x36, 0x4A, 0x6B, 0x4A, 0x82, 0x0C, 0xA8, 0xD2, 0x48,
    0x44, 0xB4, 0xBA, 0x1E, 0xE4, 0x8B, 0x62, 0x00, 0x62, 0x71, 0x48, 0xB7, 0xBA, 0x9F, 0x2C, 0x36,
    0xDC, 0x11, 0x31, 0xB3, 0x71, 0x7F, 0x2F, 0xE7, 0x84, 0xB3, 0x2F, 0xAB, 0x80, 0xE9, 0x48, 0x5E,
    0x42, 0xAE, 0x4B, 0x34, 0xE1, 0xC9, 0x39, 0x15, 0x07, 0x6B, 0x1B, 0x2D, 0x67, 0xDC, 0x29, 0xF5,
    0x34, 0xBD, 0xAF, 0xCE, 0x51, 0x37, 0x66, 0x1F, 0x67, 0x2B, 0x1E, 0x57, 0xEB, 0x1E, 0xF1, 0xC3,
    0x5D, 0xC2, 0xA8, 0xCA, 0xA6, 0x67, 0x89, 0xC9, 0xC4, 0xA0, 0x43, 0xA9, 0x7E, 0x86, 0x86, 0xB1,
    0xCC, 0xB2, 0xE7, 0xCF, 0xD7, 0x1F, 0x35, 0x10, 0x5E, 0x74, 0x1A, 0x46, 0x90, 0xDD, 0xFD, 0x52,
    0x9D, 0x0E, 0xAA, 0x7F, 0x6A, 0x18, 0x8A, 0xF8, 0xCA, 0x92, 0x69, 0xD0, 0x30, 0xB4, 0x3B, 0x40,
    0xA9, 0x48, 0x64, 0x6A, 0x0C, 0x23, 0x76, 0x0C, 0x6E, 0x94, 0x90, 0x07, 0xB1, 0x46, 0xB6, 0x50,
    0x25, 0x43, 0xE4, 0x57, 0x20, 0xFA, 0x86, 0x6B, 0x4E, 0xD5, 0xDD, 0x97, 0xD3, 0x4A, 0x22, 0x2E,
    0x62, 0x8A, 0xD0, 0xA9, 0x81, 0x90, 0x4C, 0xEA, 0xAC, 0x80, 0xDE, 0xA9, 0xF2, 0x69, 0xB1, 0xE8,
    0x35, 0x0A, 0x04, 0x88, 0xE8, 0x13, 0xC9, 0x0D, 0x22, 0x7A, 0xBE, 0xA0, 0x1B, 0x0B, 0x63, 0xA8,
    0x06, 0xC2, 0x65, 0x49, 0x44, 0xEA, 0x81, 0x75, 0xBC, 0xD2, 0x10, 0xFC, 0x13, 0xD9, 0x6F, 0x3E,
    0xC1, 0x92, 0x86, 0xB6, 0xC9, 0x40, 0xC3, 0x08, 0x13, 0x08, 0x8E, 0x0C, 0x0E, 0x77, 0xEB, 0x0A,
    0x36, 0x26, 0x3C, 0xCA, 0xF9, 0xB2, 0xD6, 0x14, 0xEC, 0x08, 0x5E, 0xBD, 0x88, 0x6D, 0x28, 0xF0,
    0x32, 0xD4, 0x32, 0xAB, 0x04, 0x54, 0xAD, 0x55, 0x0B, 0xA4, 0xE6, 0x0D, 0xCD, 0x27, 0x6C, 0xEC,
    0x44, 0xF1, 0x58, 0x3B, 0x8B, 0x0D, 0x6A, 0x9C, 0xC3, 0xF5, 0x64, 0x48, 0x98, 0x99, 0x4C, 0x57,
    0x12, 0x92, 0x8C, 0xFA, 0x8C, 0x7A, 0x51, 0x0D, 0x78, 0x30, 0xEC, 0x4F, 0xD1, 0x30, 0x07, 0x5E,
    0x6A, 0x6A, 0x1A, 0x7C, 0x47, 0x33, 0xF6, 0x22, 0x7E, 0x05, 0x66, 0x80, 0x30, 0x46, 0x3F, 0xA8,
    0x17, 0x3F, 0xC4, 0xD6, 0xDD, 0xAC, 0x5E, 0x22, 0x20, 0x06, 0x26, 0x25, 0xB6, 0x92, 0x11, 0x5C,
    0x35, 0xF3, 0xCA, 0x85, 0x5C, 0x4F, 0xCC, 0x63, 0x84, 0xFE, 0x71, 0x87, 0x11, 0xBA, 0x7C, 0x66,
    0x3D, 0x12, 0xCC, 0xF8, 0xBA, 0x91, 0x3F, 0x78, 0x06, 0xB6, 0x28, 0x46, 0xDC, 0x11, 0x93, 0xF7,
    0xBB, 0x8B, 0x37, 0x63, 0xB5, 0xFB, 0x10, 0x69, 0x94, 0x0D, 0xC9, 0x0D, 0xBF, 0xE5, 0x28, 0x8B,
    0x05, 0x78, 0xA1, 0x66, 0x48, 0xE0, 0x1D, 0x84, 0xCA, 0x7F, 0x14, 0xA4, 0xB3, 0xCA, 0x54, 0xA4,
    0xF5, 0xF3, 0x63, 0xA8, 0x6B, 0x37, 0xC5, 0x60, 0xFC, 0x1D, 0xCC, 0x81, 0x89, 0x56, 0x19, 0x42,
    0xE9, 0x5B, 0x6E, 0x8C, 0x78, 0x03, 0x0F, 0x27, 0xA3, 0xE2, 0x0F, 0x95, 0x47, 0xAE, 0xCA, 0x99,
    0x87, 0x67, 0x16, 0x64, 0xE3, 0x2C, 0xCB, 0x23, 0x5F, 0x4C, 0x06, 0x58, 0x71, 0xE9, 0x90, 0xAA,
    0x2F, 0xCF, 0x30, 0x29, 0x4B, 0x9B, 0x8E, 0x35, 0xA1, 0x22, 0xE8, 0xB8, 0x1F, 0x5F, 0x46, 0x31,
    0x4A, 0x91, 0x0C, 0x28, 0x57, 0x68, 0x84, 0xC7, 0xA7, 0x64, 0x0E, 0xEB, 0x26, 0xEF, 0x91, 0xF8,
    0x7D, 0xC9, 0x4D, 0x94, 0xB9, 0x39, 0xCC, 0x13, 0x48, 0xB6, 0x77, 0x10, 0x66, 0x7F, 0x49, 0xF8,
    0x7D, 0xA2, 0x3D, 0x9D, 0x8E, 0x17, 0x61, 0x28, 0xEF, 0x49, 0x05, 0x72, 0xBF, 0x46, 0xC8, 0xF1,
    0x55, 0x91, 0x0C, 0x1D, 0x59, 0x17, 0x70, 0x07, 0x46, 0xD5, 0x0E, 0x44, 0x39, 0x90, 0xFE, 0xDB,
    0x3A, 0x2B, 0xAA, 0xA3, 0xF1, 0x4B, 0x73, 0xA5, 0x09, 0x7A, 0xF9, 0x45, 0x9C, 0xA4, 0xEE, 0x18,
    0xA1, 0xD0, 0x56, 0x36, 0xE7, 0xB5, 0x4D, 0x78, 0xCC, 0x88, 0x07, 0xCC, 0xFE, 0x7D, 0x11, 0xCB,
    0xBA, 0x02, 0x26, 0x36, 0x32, 0x40, 0x3E, 0x9D, 0xC5, 0x2C, 0x4E, 0x36, 0x23, 0xE8, 0x9B, 0x70,
    0xC5, 0x37, 0x61, 0x8B, 0x41, 0x45, 0xBC, 0x0B, 0xF8, 0x94, 0xA2, 0x36, 0x3F, 0x04, 0x09, 0x40,
    0x85, 0xFE, 0x4A, 0xF4, 0x25, 0x72, 0xEF, 0xEE, 0x65, 0x51, 0x28, 0x43, 0xA9, 0xD0, 0xA8, 0x9B,
    0x74, 0xCA, 0x7A, 0xE6, 0xC6, 0xC4, 0xBB, 0xA3, 0xB3, 0xD1, 0x30, 0x84, 0x88, 0xFC, 0xDC, 0x76,
    0x8C, 0xC7, 0xCD, 0x04, 0xF3, 0x39, 0x10, 0xF7, 0xB8, 0x92, 0xFB, 0xBC, 0x20, 0xE2, 0xF9, 0x7D,
    0x54, 0xAF, 0xCD, 0x05, 0x40, 0x1C, 0x01, 0xD6, 0xF2, 0x85, 0x50, 0x16, 0xB7, 0xF9, 0xA1, 0xDC,
    0xA8, 0x15, 0x46, 0x11, 0xAA, 0x4E, 0xFB, 0x88, 0xAC, 0x05, 0x22, 0xC9, 0x6E, 0x06, 0x17, 0x1E,
    0x91, 0x93, 0xE0, 0x31, 0x65, 0xE2, 0xAC, 0x8A, 0x90, 0x75, 0x6D, 0xD6, 0x22, 0x4A, 0x24, 0xCA,
    0x33, 0x6F, 0xDC, 0x43, 0x63, 0x2A, 0x9B, 0xCB, 0x5F, 0x9C, 0x37, 0xED, 0x3F, 0x15, 0x3E, 0x2A,
    0xAF, 0x0B, 0x84, 0xBE, 0x2A, 0xBF, 0xD4, 0x3F, 0xA2, 0x3C, 0x4C, 0x67, 0xF7, 0xAB, 0xC1, 0x87,
    0xE3, 0x97, 0x5F, 0xC8, 0x4F, 0xD9, 0xAF, 0x9D, 0x32, 0x56, 0xFE, 0xD6, 0x2C, 0xBF, 0xDC, 0x25,
    0xBF, 0x5C, 0x9F, 0xE4, 0x97, 0x7F, 0x19, 0x16, 0xE5, 0xD5, 0x51, 0x7E, 0x79, 0x26, 0xDB, 0xB9,
    0xCD, 0x98, 0x0D, 0x61, 0x9F, 0xBF, 0x39, 0x6D, 0xC7, 0x64, 0x8C, 0x45, 0x71, 0xF4, 0xF1, 0xA0,
    0x61, 0xCE, 0x26, 0xC1, 0x32, 0x05, 0xC3, 0xC8, 0xC0, 0x1C, 0xDF, 0xC0, 0xDE, 0x6F, 0x42, 0x5A,
    0x0B, 0x35, 0x3D, 0xE9, 0xDA, 0x44, 0x00, 0x19, 0x42, 0xF2, 0xFD, 0x89, 0x42, 0x9C, 0xDC, 0x86,
    0xB0, 0x76, 0x6F, 0x79, 0xCD, 0xAD, 0x56, 0x22, 0xC9, 0x5D, 0xDD, 0x75, 0x10, 0xEA, 0x25, 0x01,
    0xC7, 0x55, 0xD8, 0x29, 0xE5, 0x09, 0x74, 0x95, 0x30, 0xC1, 0x11, 0x74, 0xCB, 0xBF, 0x17, 0xD6,
    0x9C, 0x72, 0x28, 0x05, 0xD0, 0x0C, 0xC9, 0xBD, 0xC4, 0x1F, 0x99, 0x68, 0xF0, 0x4A, 0xFC, 0xA0,
    0x1A, 0xE5, 0x60, 0xE4, 0x31, 0x1E, 0xD9, 0xDA, 0x91, 0xE4, 0xEC, 0x91, 0x99, 0xF9, 0xC4, 0x5D,
    0x29, 0x2A, 0x69, 0x76, 0xEE, 0xAF, 0x1F, 0x74, 0x73, 0xED, 0x1A, 0x11, 0xB1, 0x80, 0xF2, 0xE3,
    0xE0, 0xC4, 0x7C, 0xF7, 0xC7, 0xC8, 0x26, 0xFD, 0x09, 0x44, 0xCE, 0xBC, 0x28, 0x86, 0x83, 0x9F,
    0x2F, 0x62, 0x35, 0x42, 0xC1, 0x91, 0x70, 0x93, 0xB0, 0xF2, 0x0B, 0xB5, 0xB0, 0x6F, 0xB7, 0x9D,
    0xA3, 0xF7, 0x04, 0xD2, 0x97, 0x87, 0xBB, 0xE4, 0x7C, 0x28, 0xEB, 0xEE, 0x09, 0x28, 0xBB, 0x92,
    0x92, 0x90, 0x6E, 0x2E, 0x94, 0x0C, 0xD5, 0x38, 0xA2, 0xC9, 0x72, 0x44, 0x54, 0xCB, 0x2C, 0x1A,
    0x00, 0xBE, 0xED, 0xF5, 0x46, 0x58, 0x54, 0xF4, 0x3D, 0x92, 0x20, 0xE0, 0x7D, 0x54, 0xF5, 0xD1,
    0x41, 0xD1, 0x58, 0x5D, 0x24, 0x32, 0x75, 0xAE, 0x10, 0xA9, 0x65, 0xDD, 0x50, 0x4F, 0x56, 0x49,
    0x76, 0x5A, 0xF1, 0xC5, 0xD2, 0x95, 0x68, 0x24, 0x95, 0x26, 0x2D, 0x7D, 0xCE, 0xBC, 0x60, 0x5D,
    0x19, 0x85, 0x88, 0x5C, 0x87, 0x69, 0x91, 0xBC, 0x80, 0x4D, 0x88, 0xF2, 0x2A, 0x70, 0x17, 0xA0,
    0x11, 0x3C, 0x53, 0xD2, 0x88, 0x7D, 0x7F, 0xC0, 0x25, 0x72, 0xE8, 0xFE, 0xD7, 0x1B, 0x16, 0xDD,
    0xB8, 0x50, 0xA0, 0x1D, 0x01, 0xE2, 0x5B, 0x4D, 0x21, 0x0B, 0x35, 0xF6, 0x48, 0x97, 0x92, 0x83,
    0x35, 0xEB, 0x2A, 0xA2, 0xB8, 0x61, 0x1E, 0x22, 0xA7, 0xE2, 0x1A, 0x23, 0x8D, 0x3D, 0x77, 0x8C,
    0xED, 0x0B, 0xD9, 0xCD, 0xD8, 0xEF, 0xEC, 0x1E, 0x7C, 0x1F, 0x66, 0xD7, 0xBB, 0x73, 0xCE, 0xD2,
    0x9E, 0xA7, 0xA7, 0x81, 0xF5, 0x55, 0xB9, 0xD8, 0xEA, 0x88, 0xEA, 0xD4, 0x33, 0xB3, 0x16, 0x4F,
    0xB9, 0x0E, 0x9B, 0x98, 0xB6, 0xEE, 0x29, 0x91, 0x76, 0xD7, 0x45, 0x0E, 0xC9, 0x36, 0x72, 0x11,
    0xDB, 0x22, 0xB7, 0xBE, 0x0F, 0x4A, 0x15, 0xC0, 0xBD, 0x39, 0x17, 0xA8, 0xD9, 0xBA, 0x11, 0xDC,
    0x53, 0xEF, 0xC0, 0xAC, 0x10, 0xE6, 0xCC, 0x2B, 0x41, 0x36, 0x96, 0xAD, 0x6C, 0x5F, 0xA5, 0x38,
    0x31, 0x98, 0x8C, 0x8A, 0x44, 0x2D, 0x48, 0x85, 0xB9, 0x22, 0x04, 0x01, 0xA3, 0x98, 0x5F, 0xE0,
    0xD1, 0x10, 0x5A, 0x7A, 0xF9, 0x6E, 0xCC, 0xEF, 0x96, 0x6F, 0xBD, 0x0D, 0x81, 0x32, 0x41, 0x02,
    0xDF, 0x04, 0xA7, 0xDC, 0x08, 0x28, 0x34, 0x62, 0x04, 0x1F, 0x6B, 0xE2, 0x5D, 0x4E, 0xC3, 0x95,
    0x5F, 0xC3, 0xB7, 0x9F, 0x86, 0xD9, 0x0A, 0xAD, 0xFB, 0x1B, 0x88, 0xD1, 0xD7, 0xE1, 0x11, 0xD2,
    0x6A, 0x12, 0x89, 0x8E, 0x13, 0x10, 0x48, 0x80, 0x62, 0x9F, 0xE4, 0x56, 0x94, 0x3F, 0x29, 0xD3,
    0x41, 0x14, 0xDA, 0xC7, 0xED, 0xB1, 0xA0, 0x60, 0x2E, 0xDD, 0xEE, 0x5E, 0xBA, 0x35, 0x09, 0xA3,
    0x97, 0xC2, 0xB5, 0x4C, 0x76, 0x53, 0x67, 0x61, 0x95, 0x7D, 0xA8, 0x3B, 0xD4, 0xCD, 0x56, 0x4A,
    0x8E, 0x7E, 0x87, 0xA5, 0xEE, 0x10, 0xBF, 0x22, 0x9E, 0x01, 0x35, 0x8C, 0x1D, 0xB6, 0xFF, 0x06,
    0x32, 0x1C, 0x7B, 0x38, 0xFE, 0xA0, 0x08, 0x8E, 0xEA, 0x97, 0x67, 0xB5, 0x26, 0x61, 0xD9, 0xF4,
    0x08, 0x74, 0x89, 0x54, 0xE8, 0x03, 0xDD, 0xBB, 0x5E, 0x5B, 0xAF, 0x81, 0x50, 0x01, 0xB6, 0x6A,
    0xBE, 0x8D, 0xBE, 0x9A, 0x23, 0xDB, 0x29, 0xA0, 0x14, 0x82, 0x04, 0x1E, 0x6D, 0x22, 0x26, 0x7A,
    0xA0, 0x8F, 0x34, 0x84, 0x5A, 0x33, 0xC3, 0x6F, 0x21, 0xA3, 0xDD, 0xCA, 0x91, 0xAD, 0x68, 0x1F,
    0x14, 0x8B, 0xDD, 0xB7, 0x72, 0x67, 0x01, 0xE5, 0x96, 0x45, 0xA0, 0xB2, 0xC6, 0xC8, 0xFD, 0xD0,
    0x09, 0x1F, 0x41, 0x19, 0xF5, 0xD9, 0xBA, 0x10, 0xB3, 0xA5, 0x00, 0xF6, 0xFF, 0xFE, 0x40, 0xFE,
    0xBE, 0x4F, 0x56, 0x23, 0xC2, 0x6F, 0x3B, 0xC0, 0xBC, 0x41, 0x84, 0x1F, 0xC8, 0x12, 0x9E, 0xAC,
    0xAB, 0x18, 0x81, 0x80, 0x63, 0xF7, 0xA2, 0x9B, 0xC0, 0x36, 0x70, 0xE3, 0x85, 0x94, 0x1E, 0xC2,
    0xD6, 0xC5, 0x99, 0x10, 0xBF, 0x90, 0x56, 0x0E, 0x55, 0x6B, 0x2E, 0xFC, 0x5A, 0x30, 0x50, 0xB2,
    0xE7, 0x7C, 0x85, 0x8B, 0x7D, 0x42, 0x8A, 0xDA, 0xEC, 0xA5, 0x83, 0x43, 0xCD, 0x2D, 0x3F, 0x21,
    0xFD, 0xF8, 0x4F, 0x28, 0x41, 0x80, 0x20, 0xB1, 0x69, 0xBE, 0xA1, 0x92, 0xC3, 0xBD, 0x4B, 0x31,
    0x82, 0xA2, 0xE8, 0xA3, 0x09, 0x66, 0x41, 0x0C, 0x06, 0x9A, 0x82, 0xEF, 0xD1, 0xEA, 0x26, 0xCA,
    0xB8, 0x97, 0x04, 0x79, 0x9D, 0x39, 0xA4, 0xD9, 0xD5, 0xE5, 0xAC, 0xFC, 0x44, 0xA4, 0x4E, 0xEE,
    0x08, 0x40, 0x85, 0xEE, 0xBF, 0x76, 0x4B, 0x32, 0xD3, 0xC2, 0x3E, 0x89, 0x33, 0x2B, 0x4B, 0x3D,
    0xBE, 0x66, 0x5F, 0x60, 0x6F, 0x36, 0xB5, 0x86, 0x16, 0x36, 0xD3, 0x2A, 0x98, 0xC6, 0x0C, 0xFA,
    0x33, 0x28, 0x58, 0x0F, 0x44, 0x57, 0x54, 0x4B, 0x79, 0x0A, 0xE3, 0x55, 0x26, 0x46, 0x97, 0x12,
    0x19, 0xF9, 0xF9, 0x0B, 0xC5, 0x8B, 0x15, 0x9F, 0xF1, 0x12, 0xDF, 0xD3, 0x10, 0x94, 0xD5, 0x5F,
    0x6A, 0xB5, 0x9C, 0xA2, 0xD4, 0xE7, 0x08, 0xF5, 0xBE, 0x7A, 0xC7, 0x8B, 0x74, 0x35, 0x18, 0x41,
    0x83, 0x5B, 0x2B, 0xC4, 0xDD, 0xC4, 0x62, 0xEB, 0x0A, 0x35, 0xD7, 0x2D, 0x8C, 0x1D, 0xD1, 0xB5,
    0x65, 0x1B, 0xCF, 0x88, 0x29, 0x57, 0xD9, 0x80, 0x83, 0x41, 0xFD, 0xBE, 0xC2, 0xF0, 0x1A, 0x80,
    0x9A, 0xCC, 0xB4, 0x74, 0x21, 0x29, 0x53, 0xF1, 0x4A, 0x5E, 0x99, 0x01, 0xAA, 0x19, 0x35, 0x6E,
    0x82, 0xB9, 0xBA, 0xA3, 0xBD, 0x04, 0x73, 0x00, 0x96, 0xF1, 0x8B, 0xF2, 0x9F, 0x96, 0x5B, 0x22,
    0xB2, 0xA2, 0x55, 0x26, 0xB6, 0xEF, 0x8D, 0x6E, 0xC9, 0x62, 0x8E, 0x75, 0xB3, 0x2F, 0xBD, 0x5E,
    0xD2, 0xF6, 0xDC, 0x42, 0xA6, 0x00, 0xBE, 0xD8, 0x89, 0x60, 0x8C, 0x91, 0x70, 0x6D, 0xEF, 0x75,
    0x2D, 0x8B, 0xD7, 0x5F, 0x98, 0x60, 0xF3, 0x3F, 0xBD, 0xEB, 0xAC, 0x5A, 0x39, 0xA6, 0x05, 0x93,
    0xEE, 0x73, 0xC9, 0x7A, 0x55, 0x8D, 0xE2, 0xEA, 0xC7, 0x7A, 0xDE, 0x1B, 0x63, 0x10, 0x76, 0x8F,
    0x83, 0x71, 0x7E, 0xDE, 0x0A, 0xB9, 0x0A, 0xBA, 0xDC, 0xFF, 0x7D, 0x12, 0x97, 0x9E, 0x43, 0x14,
    0x70, 0x9E, 0x7C, 0x41, 0x1A, 0x33, 0xEC, 0x96, 0x82, 0x36, 0xD6, 0x05, 0x24, 0x8D, 0x2F, 0x7A,
    0x8A, 0xB8, 0x7A, 0x0B, 0x86, 0x41, 0xA8, 0x96, 0xAF, 0x82, 0x01, 0x2F, 0x97, 0x03, 0x6F, 0x41,
    0x2A, 0xC7, 0xED, 0xC8, 0x03, 0xBC, 0x75, 0xBD, 0x03, 0x0E, 0x65, 0x19, 0x38, 0xE1, 0x03, 0x88,
    0x2B, 0x40, 0xAF, 0x7E, 0x63, 0xF4, 0xC8, 0xB7, 0x80, 0x23, 0xAC, 0x99, 0x67, 0xCD, 0x7C, 0xC8,
    0x20, 0xAF, 0x89, 0xDE, 0x57, 0x9D, 0xB1, 0xD7, 0xF1, 0xB8, 0x5E, 0x39, 0xC4, 0x9A, 0x6E, 0x4C,
    0xCE, 0x69, 0xF6, 0xEC, 0xA5, 0xE7, 0xD0, 0x82, 0xE7, 0x89, 0xD9, 0x9E, 0x57, 0xA7, 0x15, 0xAF,
    0x26, 0xCB, 0xC5, 0xC4, 0x6F, 0x60, 0x4F, 0x41, 0x2D, 0x76, 0x8F, 0x88, 0x73, 0x41, 0x63, 0x0D,
    0xEF, 0x6B, 0x42, 0xDC, 0xE0, 0x99, 0x5C, 0x6C, 0xBA, 0x51, 0x28, 0x59, 0x96, 0x33, 0x17, 0x59,
    0xFB, 0xBB, 0x59, 0x93, 0xFB, 0xE8, 0x35, 0xF1, 0xE7, 0x7F, 0x1D, 0x06, 0x23, 0xAD, 0xF2, 0xD4,
    0x47, 0x6E, 0x42, 0x8B, 0xE5, 0x24, 0xF6, 0xF1, 0xF7, 0xF7, 0x26, 0x4F, 0x06, 0x86, 0xCB, 0x99,
    0x05, 0x05, 0x5B, 0x3E, 0x01, 0x32, 0x7F, 0x96, 0xB4, 0x4E, 0x26, 0xD8, 0xCE, 0x3E, 0xD8, 0x9C,
    0x80, 0x4F, 0x92, 0x11, 0x81, 0x97, 0x01, 0x25, 0xC1, 0x03, 0x51, 0xCA, 0xB5, 0x53, 0x8A, 0x51,
    0xC5, 0xB1, 0x0E, 0x38, 0xEB, 0x2D, 0x75, 0x2D, 0x06, 0x63, 0x78, 0x4D, 0x56, 0x74, 0xDC, 0x38,
    0x46, 0x26, 0xEE, 0xAF, 0x47, 0x66, 0x5E, 0x19, 0xCA, 0x85, 0x20, 0x84, 0x88, 0x87, 0x14, 0xD8,
    0x32, 0x8E, 0x40, 0x2D, 0x21, 0xFE, 0x03, 0x63, 0xE2, 0x23, 0x05, 0x6A, 0x3A, 0xA6, 0xF0, 0xB3,
    0xB2, 0xBE, 0x04, 0x94, 0xEA, 0xB7, 0xA0, 0xDD, 0x22, 0xE8, 0x4F, 0x58, 0xF4, 0xBC, 0x44, 0xDE,
    0x51, 0x1F, 0xBB, 0x1F, 0xCE, 0x61, 0x2C, 0x46, 0x41, 0x3A, 0xC3, 0x7C, 0xAD, 0x04, 0x3C, 0x47,
    0xC2, 0x2B, 0x02, 0x22, 0x2C, 0x20, 0xA1, 0x29, 0x34, 0x2A, 0x0F, 0x53, 0xAB, 0xD4, 0x1A, 0x74,
    0x91, 0x23, 0x62, 0x1D, 0xC8, 0xCD, 0xD0, 0x8F, 0xB3, 0xC3, 0x7D, 0xB0, 0x0F, 0xDC, 0xE2, 0xAA,
    0x03, 0x96, 0x2B, 0x28, 0xED, 0x64, 0xC0, 0x47, 0x88, 0x7D, 0x07, 0x47, 0x9A, 0xD9, 0x41, 0x90,
    0x5B, 0xFE, 0xCA, 0x84, 0x59, 0x90, 0xFC, 0xEE, 0xD1, 0x28, 0xD3, 0x5D, 0xD0, 0xAB, 0x52, 0xB6,
    0xC5, 0x93, 0x82, 0x2B, 0x77, 0xE6, 0x08, 0x7B, 0x07, 0x65, 0xF7, 0xAC, 0x40, 0x94, 0xA7, 0x27,
    0xD0, 0xCF, 0x65, 0x81, 0x5A, 0x72, 0x30, 0xFE, 0x35, 0x7A, 0x8C, 0x61, 0x4D, 0x43, 0x29, 0x72,
    0x7A, 0x3B, 0x51, 0xEE, 0xF4, 0xB9, 0x22, 0x0A, 0x2D, 0x83, 0x3E, 0x6A, 0xEA, 0x3A, 0x66, 0x2F,
    0xC4, 0xB2, 0xA6, 0xEF, 0xBA, 0x9D, 0x35, 0xD9, 0x96, 0x39, 0x2D, 0x6A, 0x70, 0x74, 0x7D, 0xE4,
    0xFA, 0x8F, 0x31, 0x06, 0x98, 0x0C, 0x5A, 0x7D, 0x57, 0xB6, 0x6C, 0xA4, 0x81, 0x0D, 0x04, 0xA0,
    0x27, 0x23, 0xD1, 0x46, 0xA4, 0x6D, 0x18, 0xA0, 0x48, 0x51, 0x74, 0xE8, 0x60, 0x89, 0xC1, 0x22,
    0x81, 0xBA, 0x2B, 0xCC, 0xE9, 0xDF, 0xD1, 0xE5, 0x17, 0x51, 0x70, 0x33, 0x61, 0x4D, 0x60, 0x89,
    0x42, 0x6F, 0x00, 0x52, 0x84, 0x31, 0xE2, 0x26, 0x15, 0xF3, 0x03, 0xE0, 0xE3, 0xCD, 0xBC, 0x71,
    0xD6, 0xD7, 0xA1, 0xB1, 0x83, 0x50, 0x2C, 0x1A, 0x58, 0xAD, 0x09, 0xDB, 0x2F, 0xEC, 0xBC, 0x4A,
    0x50, 0xBD, 0x45, 0xB0, 0x47, 0x84, 0xF8, 0x5F, 0x39, 0xA8, 0xBD, 0x17, 0x65, 0xFF, 0xE5, 0x0D,
    0x2D, 0x33, 0xD9, 0x58, 0x95, 0x97, 0xD6, 0xDB, 0xD3, 0x8F, 0xE8, 0x4D, 0x0E, 0xAD, 0xFB, 0xBE,
    0x2E, 0x4E, 0x9A, 0xFE, 0x28, 0xC5, 0x24, 0x2C, 0x77, 0xF5, 0x2E, 0x27, 0xFA, 0x84, 0x04, 0x86,
    0x64, 0x02, 0x21, 0x88, 0x83, 0x27, 0x16, 0x94, 0xD0, 0x13, 0x3C, 0x37, 0x58, 0x05, 0xA0, 0xB4,
    0x7F, 0x24, 0xD7, 0xFD, 0x53, 0x59, 0xFE, 0x13, 0xC0, 0xE8, 0xFD, 0x82, 0xF5, 0x82, 0x69, 0x66,
    0x18, 0x6C, 0xC2, 0x3C, 0xC2, 0x3E, 0xB8, 0x12, 0x7D, 0xBA, 0x2D, 0xDB, 0x32, 0x1A, 0xCF, 0x51,
    0x87, 0x3F, 0x47, 0x5A, 0x80, 0x26, 0xF6, 0x6D, 0x07, 0xF3, 0x37, 0x12, 0xE6, 0x85, 0xCB, 0x0A,
    0xD5, 0x22, 0xF8, 0x45, 0xDC, 0xA0, 0x14, 0xF6, 0x7E, 0x03, 0xE8, 0x01, 0x19, 0xCE, 0xC5, 0x9E,
    0x38, 0xEE, 0x82, 0xBF, 0xD4, 0x0A, 0x59, 0xA7, 0x02, 0xB5, 0x08, 0xF8, 0x2C, 0x1B, 0x62, 0x5B,
    0x6B, 0x83, 0xC9, 0xAA, 0xC7, 0xCE, 0x27, 0xBE, 0xEE, 0xD6, 0xD2, 0x08, 0x59, 0xFD, 0x85, 0xC7,
    0xE6, 0x2B, 0xA0, 0x55, 0x2D, 0x89, 0x44, 0x82, 0x96, 0x47, 0x3A, 0x71, 0xCD, 0x92, 0x59, 0xF3,
    0x48, 0x4E, 0x54, 0x5E, 0x9F, 0xBA, 0xA2, 0x44, 0x65, 0x45, 0x86, 0x3A, 0x48, 0xA2, 0x0B, 0x18,
    0x81, 0x87, 0x0A, 0xBA, 0x41, 0x55, 0x39, 0xF8, 0x73, 0x66, 0xC8, 0xE0, 0x01, 0x36, 0x07, 0xE8,
    0x11, 0xE4, 0x68, 0xB3, 0x5E, 0x31, 0x85, 0x3D, 0x28, 0x42, 0x23, 0x35, 0x27, 0x2A, 0x8B, 0xD3,
    0xF2, 0x45, 0xCB, 0xF1, 0xD8, 0x15, 0xC1, 0x92, 0x29, 0x0B, 0x0E, 0x5D, 0xF0, 0x41, 0x63, 0xCA,
    0x6F, 0x8B, 0x90, 0xD2, 0x42, 0x41, 0x72, 0xEF, 0xA8, 0x58, 0xC3, 0xEF, 0xF3, 0x89, 0x0F, 0x20,
    0xA0, 0x81, 0x00, 0xCF, 0x76, 0xBE, 0x5C, 0xC3, 0xA7, 0x1E, 0x44, 0xAE, 0x6C, 0x41, 0x73, 0x17,
    0xF6, 0x7D, 0x31, 0xE8, 0x8C, 0xDA, 0x80, 0xE5, 0x96, 0x36, 0x9A, 0x40, 0xF7, 0x54, 0x04, 0x83,
    0x90, 0xE4, 0xB6, 0x81, 0xD9, 0x8A, 0xFE, 0x31, 0xF6, 0xB5, 0x75, 0x16, 0xD0, 0x80, 0xAD, 0x99,
    0x40, 0x72, 0x5D, 0x15, 0xC9, 0x1C, 0xC9, 0xBF, 0x40, 0x48, 0xAB, 0xF8, 0xAA, 0x06, 0xE0, 0x7B,
    0x8D, 0xAA, 0xA6, 0x4C, 0x7C, 0xB5, 0xF6, 0xC1, 0x90, 0x56, 0xE9, 0x90, 0xEF, 0x84, 0xF9, 0xAA,
    0x54, 0x0C, 0xB4, 0xBC, 0x49, 0xD9, 0x58, 0x74, 0x03, 0x29, 0xE4, 0x90, 0x91, 0xC2, 0x8C, 0x4D,
    0x4E, 0x4F, 0xAC, 0xC1, 0xF2, 0xDD, 0x41, 0x14, 0xFB, 0x35, 0x35, 0xE1, 0x3B, 0x0D, 0x43, 0xAD,
    0x7C, 0x0F, 0x3A, 0x1C, 0xDE, 0x43, 0xF9, 0xC7, 0xEE, 0xF8, 0x47, 0x88, 0x11, 0x15, 0x42, 0xA2,
    0x42, 0xB2, 0xF5, 0x75, 0x41, 0x26, 0x3A, 0x89, 0xF0, 0xE7, 0x29, 0x62, 0xBD, 0x07, 0x6E, 0xC2,
    0x10, 0xDC, 0xCB, 0x4E, 0x2E, 0x35, 0xC5, 0xCA, 0x8E, 0x48, 0x05, 0x38, 0xAD, 0xD4, 0x09, 0x47,
    0x60, 0xEF, 0xD4, 0xFB, 0x93, 0xF2, 0x4E, 0x5C, 0xD2, 0xD7, 0x21, 0xA0, 0x8A, 0x48, 0x23, 0x46,
    0xCF, 0x19, 0xB4, 0x18, 0xEC, 0x9E, 0x7D, 0xE8, 0xA5, 0x38, 0xA7, 0x6F, 0xE9, 0xDA, 0x8E, 0x25,
    0x56, 0xEA, 0xDC, 0xCD, 0xA7, 0xA5, 0xEE, 0x81, 0x28, 0x6E, 0x95, 0xBE, 0xFD, 0x87, 0x3E, 0x94,
    0xA0, 0x2C, 0x3B, 0x9A, 0x1E, 0x02, 0xFE, 0xCA, 0x5D, 0xA0, 0x09, 0x68, 0xF1, 0xB2, 0xFE, 0xBA,
    0xA3, 0x65, 0x1C, 0x31, 0x70, 0xDF, 0x7A, 0xA6, 0xAC, 0x56, 0x25, 0x68, 0xA9, 0xC5, 0x45, 0x5E,
    0xD6, 0x24, 0xF8, 0x8B, 0x9A, 0x17, 0x6F, 0x34, 0xC6, 0xD8, 0x11, 0xF1, 0x9B, 0x9E, 0x35, 0x42,
    0xC1, 0x18, 0x53, 0x5E, 0x95, 0x0C, 0x84, 0xC9, 0x7E, 0xC0, 0xC6, 0xE2, 0x26, 0xE7, 0x28, 0xA8,
    0xDB, 0x76, 0xD0, 0x74, 0x45, 0x34, 0x90, 0xBD, 0xDB, 0x89, 0x41, 0xC1, 0x09, 0xCE, 0x33, 0x22,
    0x7E, 0x85, 0x88, 0x9A, 0x01, 0xAD, 0x69, 0x90, 0xF6, 0xB2, 0x46, 0x28, 0x08, 0xD1, 0x38, 0xDF,
    0x42, 0x00, 0xCF, 0x99, 0xDA, 0xB9, 0x57, 0x89, 0xD7, 0x36, 0x0C, 0x18, 0xC3, 0x84, 0x68, 0xFC,
    0x67, 0xD0, 0xF9, 0xAA, 0x85, 0x1C, 0x53, 0xF1, 0x4E, 0x55, 0x51, 0x3C, 0x61, 0x35, 0x81, 0xEA,
    0x23, 0xC4, 0xFC, 0x06, 0x9E, 0x0E, 0xA5, 0x84, 0x05, 0xD1, 0xDC, 0x48, 0xC0, 0xB0, 0x62, 0x25,
    0xEF, 0x58, 0xB2, 0x07, 0x85, 0x6C, 0x32, 0xE4, 0xCF, 0xE5, 0xE5, 0x5E, 0x0D, 0xCD, 0xEE, 0x1B,
    0xB2, 0xD2, 0xC1, 0x9B, 0xDE, 0xA9, 0x05, 0x22, 0xE5, 0xFC, 0x0B, 0xF5, 0x7B, 0x8F, 0xF8, 0x90,
    0x7F, 0xFD, 0xAA, 0xAC, 0x0A, 0xB2, 0xA4, 0x52, 0x09, 0x93, 0xBA, 0x57, 0x59, 0x75, 0xA9, 0x79,
    0xC9, 0xB5, 0x07, 0x0C, 0xEF, 0x31, 0xF3, 0x1E, 0xF0, 0xA4, 0x04, 0xE9, 0x69, 0x34, 0x64, 0xC9,
    0x12, 0xAC, 0x9B, 0x66, 0x45, 0xAE, 0x57, 0xE1, 0x5B, 0x8E, 0x10, 0x32, 0x34, 0xB3, 0xC3, 0x47,
    0xB4, 0x51, 0x62, 0x91, 0x2D, 0x8D, 0xBD, 0x10, 0xD1, 0xAC, 0x90, 0x3B, 0xD5, 0x2C, 0x72, 0x8F,
    0x2C, 0x02, 0x66, 0x44, 0x39, 0x5E, 0x44, 0xD5, 0xA0, 0xDC, 0x28, 0x7B, 0xAC, 0xC8, 0xFA, 0xB4,
    0x92, 0x5B, 0x24, 0x20, 0x5F, 0x24, 0xA4, 0xDC, 0x4B, 0x9D, 0x35, 0x03, 0x66, 0xA6, 0x80, 0x70,
    0x04, 0xC2, 0x06, 0xC1, 0x4A, 0x6A, 0xC0, 0x7F, 0x21, 0xDF, 0x19, 0xBF, 0x03, 0x83, 0x14, 0x72,
    0xB1, 0x74, 0x04, 0x3F, 0xE8, 0xED, 0x79, 0xDC, 0xE5, 0x91, 0xA5, 0xB3, 0x27, 0xEF, 0x96, 0xAC,
    0x81, 0xE5, 0x46, 0xF6, 0xC9, 0xDF, 0x6F, 0xAC, 0xD6, 0x75, 0xE1, 0x9A, 0x18, 0x28, 0x3F, 0x75,
    0xB3, 0x06, 0x67, 0xBD, 0x99, 0xA7, 0x4E, 0x9D, 0x1C, 0x59, 0x1C, 0xBF, 0xC5, 0x00, 0xEC, 0xBC,
    0xED, 0x77, 0xE6, 0x48, 0xCB, 0xE8, 0xF3, 0x16, 0xD9, 0xA9, 0x5F, 0xB9, 0x9B, 0xCF, 0x94, 0xEE,
    0x97, 0xE2, 0x8A, 0x8A, 0x11, 0x78, 0x63, 0x09, 0x25, 0x0B, 0xFD, 0xA2, 0xFA, 0x52, 0x3C, 0x01,
    0xED, 0x0E, 0xF8, 0x8E, 0x7A, 0x74, 0x15, 0xE1, 0x78, 0x72, 0x7E, 0xB5, 0xE5, 0x71, 0x83, 0x10,
    0x73, 0x0D, 0x1E, 0x6E, 0x8E, 0x6A, 0x0D, 0xD1, 0xF3, 0xE6, 0x20, 0x43, 0x7C, 0x55, 0x28, 0x99,
    0x31, 0xFD, 0x8D, 0x0A, 0xC4, 0x92, 0xE5, 0x84, 0x0F, 0xB3, 0x0F, 0xEE, 0xA6, 0x95, 0x90, 0xB3,
    0x40, 0x5B, 0x4B, 0x0C, 0xD4, 0xF1, 0x89, 0x95, 0xC7, 0xCA, 0x69, 0xD5, 0xE3, 0x90, 0xF7, 0x2B,
    0x37, 0x49, 0x3B, 0xA0, 0xD4, 0xEB, 0xA3, 0x0E, 0x88, 0x0B, 0xE8, 0xAB, 0x68, 0x4C, 0xD8, 0xC9,
    0xF0, 0x33, 0x2D, 0x6D, 0xD0, 0x32, 0x5C, 0x15, 0xDE, 0xEA, 0x1A, 0x7E, 0xDE, 0xDE, 0xCD, 0xCD,
    0x87, 0x44, 0x47, 0xB0, 0x64, 0x55, 0xD3, 0x96, 0xF5, 0x92, 0xD5, 0xA4, 0x73, 0xA3, 0x95, 0xE1,
    0xED, 0x79, 0x5D, 0x98, 0x01, 0x2B, 0xD5, 0x96, 0xDA, 0x0A, 0x4D, 0x33, 0xAC, 0x1A, 0x82, 0x6B,
    0x31, 0xB9, 0x6A, 0x11, 0x1E, 0x75, 0x9B, 0xA2, 0x57, 0xAD, 0xDF, 0xB6, 0xEC, 0x55, 0xFB, 0xC9,
    0xBE, 0xA7, 0xD7, 0x2A, 0x98, 0x18, 0xCA, 0x1B, 0x90, 0x4C, 0x43, 0x37, 0xDD, 0x68, 0xA5, 0x54,
    0x9A, 0x42, 0xD3, 0xB4, 0x9F, 0xA5, 0x71, 0x35, 0xC7, 0xC9, 0xCA, 0x92, 0xCA, 0xDA, 0x09, 0x6B,
    0xA1, 0x9E, 0x46, 0x0E, 0x5F, 0x64, 0x0A, 0xD3, 0x38, 0xF5, 0x17, 0x60, 0xE3, 0xC6, 0x37, 0x48,
    0x16, 0xC1, 0x3D, 0x9A, 0xA5, 0x49, 0x47, 0x13, 0x39, 0x2A, 0x4C, 0xB5, 0xE5, 0x43, 0x28, 0x12,
    0x48, 0x56, 0x89, 0xC3, 0x92, 0x52, 0x41, 0xFF, 0x98, 0x8E, 0xF1, 0x1C, 0x21, 0xDC, 0x2D, 0x26,
    0x70, 0x07, 0xDB, 0x00, 0xE0, 0x6F, 0x19, 0x37, 0xD7, 0x3F, 0x1C, 0x6D, 0x61, 0x98, 0x0E, 0x30,
    0x8D, 0xB9, 0x62, 0x1A, 0x7D, 0x66, 0x22, 0x5E, 0x78, 0x54, 0xE5, 0x2F, 0x09, 0x25, 0x9F, 0x6B,
    0x5F, 0xBA, 0xAD, 0x92, 0x45, 0x9B, 0x00, 0x21, 0xE8, 0x35, 0x7D, 0x4E, 0x46, 0x87, 0x4F, 0xCE,
    0x14, 0x96, 0x1A, 0x12, 0x63, 0xA2, 0x19, 0xA4, 0x74, 0x46, 0x87, 0x00, 0x0A, 0x28, 0x84, 0x2B,
    0x46, 0xA4, 0xF5, 0x1E, 0xC4, 0xDB, 0x93, 0x30, 0x6E, 0x72, 0xB6, 0x5A, 0xF4, 0x2C, 0x4A, 0x72,
    0x9D, 0xD5, 0xEE, 0xE5, 0x54, 0x1B, 0x3E, 0xF7, 0x65, 0x09, 0xD3, 0x54, 0xEB, 0x48, 0x70, 0xCD,
    0x92, 0x85, 0xCE, 0x9A, 0x8F, 0x6F, 0x59, 0xB6, 0x97, 0x69, 0xFD, 0x4D, 0x58, 0x6B, 0x2B, 0x16,
    0x8C, 0xB3, 0x50, 0x0B, 0xF6, 0x2E, 0x03, 0xAA, 0x02, 0xB7, 0x08, 0x19, 0xF3, 0xCB, 0xCC, 0xF8,
    0xA3, 0x28, 0x74, 0x2C, 0xDF, 0x17, 0xEF, 0x3E, 0x43, 0xBD, 0xE6, 0xD3, 0xEE, 0xC1, 0xEB, 0xEE,
    0x6D, 0xE1, 0x49, 0xD7, 0xBB, 0x26, 0xB9, 0x86, 0x28, 0x7A, 0x32, 0xB3, 0x98, 0x63, 0x03, 0xB3,
    0xA2, 0x00, 0x77, 0x57, 0x84, 0xA5, 0x52, 0x4B, 0xB8, 0xCF, 0x20, 0x3E, 0x9A, 0x6B, 0xA0, 0xF3,
    0x0D, 0xC7, 0x4C, 0xDC, 0xC8, 0xA5, 0xBE, 0x35, 0xB3, 0x56, 0xB9, 0xCD, 0xB0, 0xC0, 0x58, 0x33,
    0xCE, 0xA0, 0x41, 0x9D, 0x57, 0x60, 0xED, 0x37, 0x4C, 0x9D, 0x59, 0xED, 0xF0, 0xF3, 0xD6, 0x10,
    0xA8, 0xB1, 0x0A, 0x2B, 0x1A, 0x4E, 0xB4, 0xAD, 0x93, 0xC2, 0x49, 0xF0, 0xA3, 0x65, 0x21, 0xBF,
    0xD6, 0xFC, 0xC0, 0x68, 0x2C, 0x5A, 0x06, 0xAB, 0x82, 0x2C, 0x8B, 0xCD, 0x68, 0x50, 0xC2, 0x9A,
    0xA5, 0x97, 0xFA, 0x2C, 0x8B, 0x8B, 0x6F, 0xDC, 0xBA, 0x8F, 0xE9, 0x88, 0x6A, 0x0B, 0xDF, 0xCB,
    0xDC, 0xFF, 0xAE, 0x07, 0xB9, 0x02, 0x0C, 0xF8, 0xFC, 0x2A, 0x55, 0x53, 0xF5, 0xAF, 0x50, 0x14,
    0xCF, 0x82, 0xE3, 0x84, 0xB6, 0x14, 0x57, 0x52, 0x5F, 0x67, 0xAA, 0xFC, 0x37, 0x3D, 0xDD, 0xC8,
    0x71, 0x09, 0x71, 0x68, 0xE0, 0x57, 0xDB, 0x35, 0xBC, 0xEC, 0x58, 0x77, 0xAF, 0x24, 0xBD, 0x56,
    0x27, 0x79, 0xE6, 0x33, 0xF3, 0x22, 0x2F, 0x8E, 0xAC, 0xA7, 0xF0, 0x3E, 0x3D, 0xBE, 0xE1, 0x77,
    0xD2, 0xFE, 0x92, 0xF9, 0xB1, 0xCA, 0xB5, 0x17, 0x6F, 0x7E, 0x92, 0xC2, 0xF3, 0xDD, 0x67, 0x52,
    0x78, 0x9E, 0x6A, 0xE1, 0xF9, 0x0B, 0x56, 0x78, 0x9E, 0x6A, 0xE1, 0xF9, 0xCD, 0x83, 0xC2, 0xF3,
    0xED, 0xA7, 0x2A, 0x3C, 0x47, 0xD1, 0x64, 0x39, 0xF9, 0xC2, 0xF3, 0x22, 0xB3, 0x3A, 0xAB, 0x83,
    0xD6, 0xB3, 0xDC, 0x9A, 0x2D, 0xAD, 0x40, 0x2E, 0x31, 0xF3, 0x6F, 0x3A, 0xAC, 0xD3, 0xD0, 0x26,
    0xD4, 0x01, 0x1A, 0xCE, 0xC1, 0xFF, 0xCF, 0x9B, 0x67, 0xBD, 0x79, 0x70, 0xDC, 0x7F, 0xC1, 0x89,
    0x90, 0x16, 0x99, 0xEF, 0xF6, 0x20, 0xA0, 0x14, 0x0E, 0x4B, 0xBC, 0xE9, 0x59, 0xBC, 0x7C, 0x1B,
    0x2F, 0x7F, 0x79, 0xB2, 0x94, 0x3B, 0xAA, 0xB5, 0xEE, 0xB4, 0x7E, 0x7B, 0xE9, 0x7B, 0xB7, 0x6E,
    0x23, 0xD7, 0x2C, 0x51, 0x4C, 0x0D, 0xCF, 0x99, 0xC6, 0xAE, 0x96, 0x4A, 0x48, 0x2D, 0x39, 0x65,
    0x55, 0xC6, 0xD6, 0xA1, 0x36, 0x04, 0x25, 0x0A, 0x1D, 0x83, 0x2C, 0x3B, 0x2D, 0xC3, 0xD0, 0xAA,
    0x1C, 0xB4, 0x0A, 0xF7, 0xAC, 0xDF, 0x69, 0x58, 0x77, 0xC1, 0xAE, 0xB5, 0x91, 0x7E, 0x10, 0x6A,
    0xB9, 0xB2, 0x99, 0x85, 0x16, 0x4D, 0xE6, 0xCB, 0xC6, 0x7E, 0x61, 0x54, 0x9B, 0x32, 0x1C, 0xAB,
    0x36, 0x55, 0xE9, 0x18, 0xEA, 0x5E, 0x3E, 0x54, 0x9B, 0x4B, 0xEB, 0x8E, 0x6E, 0xD2, 0xA9, 0xD8,
    0x0A, 0xD7, 0x53, 0xDC, 0xAA, 0x59, 0xA7, 0x11, 0x87, 0x07, 0x11, 0x61, 0x16, 0xBA, 0x6C, 0xF1,
    0x11, 0x13, 0x84, 0x17, 0x59, 0x26, 0xFB, 0x5B, 0x95, 0xE1, 0xFE, 0x11, 0x23, 0x03, 0xDF, 0x61,
    0x25, 0x51, 0xC6, 0x32, 0xDC, 0x6C, 0x55, 0x86, 0xCB, 0x3A, 0x84, 0x6E, 0xC3, 0x02, 0xBA, 0x50,
    0xC3, 0xE5, 0xD5, 0x27, 0x29, 0xC3, 0xFD, 0xAC, 0x73, 0x04, 0x5F, 0x25, 0xE0, 0x7E, 0xCD, 0x1C,
    0xC1, 0x87, 0xE4, 0xC9, 0x72, 0x95, 0x23, 0x30, 0x5B, 0x99, 0xAF, 0x31, 0xD6, 0xB9, 0x3B, 0xBA,
    0x6D, 0x8E, 0x60, 0x21, 0x25, 0xBA, 0x2E, 0x46, 0x60, 0x1A, 0x0D, 0x8B, 0xB4, 0xDD, 0x73, 0x20,
    0x6C, 0xFB, 0xA5, 0x00, 0xE9, 0x93, 0x55, 0xD5, 0x5A, 0xFB, 0xDB, 0xB8, 0xA7, 0x45, 0x4B, 0xB9,
    0xF6, 0xFB, 0x32, 0xBD, 0x83, 0x12, 0xE7, 0xF6, 0x23, 0x60, 0xAB, 0x06, 0x82, 0xF3, 0x25, 0xCE,
    0x3F, 0x90, 0xCF, 0x51, 0xC9, 0x7A, 0xF9, 0x1A, 0x3A, 0x34, 0xDD, 0x3B, 0xD7, 0xF6, 0xCE, 0x1A,
    0xA8, 0x2A, 0x3B, 0x74, 0xD6, 0x6E, 0xE3, 0xD1, 0x15, 0xA7, 0xFB, 0x13, 0xF3, 0xA5, 0x3F, 0x71,
    0x3C, 0xAF, 0x3F, 0x51, 0x36, 0x16, 0xFE, 0xF8, 0xDC, 0x0E, 0xC3, 0xDE, 0x72, 0xCC, 0x14, 0x69,
    0x3A, 0x8E, 0xE0, 0x16, 0x0D, 0x88, 0xFB, 0xDE, 0xB6, 0x8F, 0xE8, 0x4F, 0xAC, 0x0F, 0xFB, 0x13,
    0x97, 0xC0, 0x40, 0x63, 0x81, 0x81, 0xBB, 0x0E, 0x02, 0x03, 0x31, 0x9A, 0x24, 0x9C, 0xFB, 0x19,
    0x02, 0xA1, 0xE7, 0x06, 0x06, 0x10, 0x8F, 0x2A, 0x8B, 0x53, 0x81, 0x81, 0x8F, 0xDB, 0xD7, 0xFA,
    0xE3, 0x8F, 0xEA, 0x6B, 0x9D, 0xB4, 0x98, 0xAB, 0xA2, 0x2F, 0xD4, 0x68, 0x15, 0x97, 0xF5, 0xB5,
    0x96, 0xEC, 0xAD, 0xD2, 0xD7, 0x5A, 0x65, 0x4B, 0xBB, 0x1F, 0x83, 0x40, 0xF3, 0x47, 0x07, 0x20,
    0x6C, 0x48, 0xE0, 0x6C, 0xD6, 0xE0, 0xEB, 0x8A, 0x10, 0x94, 0x84, 0xAD, 0x49, 0x52, 0xE0, 0x53,
    0x84, 0xE6, 0xA3, 0x31, 0xFB, 0x3B, 0xB0, 0xC3, 0xCD, 0xBA, 0x0C, 0xDE, 0xC2, 0x46, 0x60, 0x67,
    0x34, 0xC2, 0x6B, 0x3F, 0x80, 0x7D, 0x08, 0x7F, 0xF5, 0xCF, 0x48, 0xAF, 0xA5, 0x18, 0x1C, 0x31,
    0xE8, 0x59, 0x84, 0x4B, 0xA3, 0xA6, 0x9B, 0x70, 0x24, 0x72, 0x21, 0x4F, 0xA2, 0xBF, 0x0E, 0x52,
    0xFA, 0x3A, 0xB8, 0x13, 0x22, 0xE6, 0x2A, 0xC4, 0x1B, 0xC5, 0xBA, 0x5A, 0xDF, 0x84, 0x21, 0xE3,
    0x6E, 0x1D, 0xF5, 0xEF, 0x5D, 0x54, 0x80, 0x20, 0x2A, 0x2D, 0x67, 0xF9, 0x87, 0xBE, 0xC3, 0x73,
    0xFA, 0x0E, 0x57, 0x49, 0x21, 0x42, 0x67, 0x9F, 0x0C, 0xCB, 0x97, 0xB8, 0x48, 0xB2, 0x44, 0x64,
    0x36, 0xCB, 0x57, 0x82, 0x7D, 0x79, 0xE5, 0xA5, 0x7D, 0x79, 0xE5, 0xEF, 0xB8, 0x22, 0xE4, 0xAF,
    0xD2, 0x5D, 0xBD, 0xAA, 0x08, 0x11, 0x7A, 0xEF, 0xF2, 0x0F, 0xD7, 0x15, 0x21, 0x9B, 0xA5, 0x22,
    0xA4, 0xF4, 0xF5, 0xF8, 0xA9, 0x5F, 0xFC, 0x13, 0x67, 0xCA, 0x45, 0xCB, 0x05, 0x14, 0x67, 0x36,
    0xBD, 0xB8, 0x58, 0x04, 0x12, 0x49, 0x7B, 0x4B, 0x52, 0x73, 0xD7, 0x60, 0x18, 0xAD, 0x9B, 0x37,
    0x13, 0x36, 0xD8, 0xD6, 0xDD, 0x96, 0x5D, 0xED, 0xCF, 0x99, 0x28, 0x49, 0xC7, 0x45, 0x44, 0xAB,
    0x62, 0x6A, 0xBC, 0x3D, 0x4B, 0x75, 0x71, 0xD7, 0x91, 0xD6, 0x32, 0xBA, 0x45, 0xEA, 0x08, 0xA5,
    0x3D, 0x0A, 0xF1, 0x95, 0x22, 0xBF, 0xC8, 0xE6, 0x4D, 0x8C, 0x84, 0xCA, 0xD0, 0xBC, 0x19, 0xA3,
    0x37, 0xC0, 0x5C, 0xAA, 0x46, 0x1C, 0x03, 0x92, 0xBB, 0xE6, 0x4A, 0x7E, 0x40, 0xAC, 0xB5, 0x0B,
    0x9A, 0x68, 0x4E, 0xFD, 0xC7, 0x69, 0x19, 0x48, 0x74, 0xDC, 0x68, 0xCA, 0x73, 0xD0, 0x98, 0xB7,
    0xFB, 0xCF, 0x02, 0x25, 0x44, 0x47, 0x20, 0x14, 0x52, 0xD8, 0x1A, 0x2D, 0x57, 0x96, 0x9A, 0xFC,
    0xCA, 0x9D, 0x1F, 0x5F, 0xA4, 0x13, 0x79, 0x5E, 0x3C, 0x61, 0x69, 0x4C, 0x88, 0xD2, 0x18, 0xE1,
    0xC5, 0x22, 0x9D, 0xD8, 0x2F, 0xCC, 0xD2, 0x18, 0x8E, 0x8F, 0x40, 0xF1, 0x58, 0xF0, 0x1D, 0xBF,
    0x06, 0x01, 0xF1, 0x51, 0x0A, 0x9B, 0x72, 0xD0, 0xF4, 0xF0, 0x9D, 0xDC, 0x81, 0xD8, 0x68, 0x07,
    0x62, 0xBF, 0x66, 0xA0, 0xD0, 0x1D, 0xA4, 0xAF, 0xB4, 0x34, 0x8E, 0x9E, 0xD0, 0x8A, 0x78, 0xF2,
    0x3D, 0x53, 0x1D, 0x37, 0x91, 0x38, 0x8E, 0x62, 0x5F, 0xBF, 0xE8, 0xAC, 0x94, 0xE6, 0x03, 0xA4,
    0xD6, 0xC6, 0xAF, 0x09, 0xD0, 0x9F, 0x63, 0x66, 0x1C, 0x4B, 0xC8, 0xA1, 0xAA, 0xCA, 0x6A, 0x29,
    0xA5, 0xE9, 0x59, 0x4A, 0xC3, 0x22, 0x9B, 0x96, 0x91, 0xF0, 0x10, 0xAE, 0x5F, 0x85, 0x52, 0x9A,
    0xF7, 0x7A, 0x84, 0x71, 0x90, 0xC9, 0x74, 0x88, 0x06, 0x33, 0x58, 0x11, 0xD1, 0x5B, 0xDC, 0xE7,
    0x43, 0xB9, 0xB8, 0x78, 0x89, 0x16, 0x44, 0x3C, 0xF2, 0x1F, 0x96, 0x3A, 0xD1, 0x22, 0xD0, 0x11,
    0x4A, 0x44, 0x06, 0xE2, 0x2E, 0x88, 0x07, 0x1B, 0x36, 0x82, 0x12, 0x85, 0x97, 0x53, 0xFA, 0x40,
    0x97, 0x01, 0x1D, 0xCF, 0xA6, 0x8C, 0x7D, 0x5D, 0xEF, 0x46, 0xE2, 0x23, 0xF9, 0x61, 0x4B, 0x33,
    0xE2, 0x92, 0x22, 0xE4, 0xD5, 0xDF, 0xA8, 0xA0, 0x7A, 0xC8, 0x19, 0x46, 0xFC, 0xE8, 0x23, 0xB5,
    0x78, 0x94, 0xB7, 0x13, 0x33, 0x17, 0xF2, 0x5E, 0x9B, 0x6C, 0x00, 0x09, 0x9D, 0x07, 0xC3, 0xE3,
    0x72, 0x31, 0x4A, 0x43, 0xF7, 0x66, 0xAF, 0xA5, 0x72, 0x0F, 0xBD, 0xA6, 0x68, 0xC9, 0x88, 0xB4,
    0xB2, 0x7B, 0x34, 0x36, 0xBC, 0xD0, 0x98, 0xE4, 0xE4, 0x1F, 0xBA, 0x47, 0x5A, 0x63, 0x77, 0x2C,
    0x16, 0xC1, 0x55, 0x36, 0x21, 0xDC, 0x0B, 0xF7, 0xB6, 0x4B, 0xFB, 0xE0, 0xB9, 0xE7, 0x22, 0x97,
    0x25, 0x4F, 0x16, 0xF9, 0xBB, 0x6F, 0x89, 0x67, 0x3D, 0x7F, 0x47, 0x68, 0x28, 0xFF, 0xE9, 0x1B,
    0x62, 0x92, 0x4C, 0x75, 0x6F, 0x66, 0x97, 0x46, 0x53, 0xC5, 0x57, 0x96, 0xAB, 0xDE, 0x7C, 0x1F,
    0x56, 0xF1, 0x71, 0xDE, 0xFF, 0x41, 0xF6, 0xCE, 0x9B, 0xEE, 0xFA, 0x6B, 0xEE, 0x9B, 0x42, 0x9F,
    0x39, 0xAA, 0x86, 0x36, 0x2C, 0xF6, 0x2D, 0x9B, 0xA5, 0xA1, 0xC2, 0xC8, 0x78, 0xEB, 0xC9, 0x18,
    0x75, 0x2F, 0x8F, 0x00, 0x70, 0x28, 0x60, 0xF9, 0x10, 0xA1, 0x8E, 0x66, 0x33, 0xE4, 0xBB, 0x0B,
    0xE5, 0xCD, 0xCB, 0x63, 0x54, 0xA1, 0x89, 0x69, 0xD2, 0xD0, 0x8C, 0x27, 0x63, 0xAD, 0xDA, 0xCE,
    0x74, 0x3A, 0x4E, 0x6A, 0x4D, 0x33, 0x1A, 0x17, 0x61, 0x78, 0x64, 0x4F, 0xC6, 0x0A, 0xB2, 0xF7,
    0xCE, 0x25, 0xE3, 0xDD, 0xA7, 0x6D, 0xA4, 0x45, 0xD4, 0x35, 0xBC, 0xE6, 0x68, 0x6F, 0xEC, 0xBC,
    0xC5, 0xC7, 0x7A, 0xFA, 0xC4, 0xE6, 0x75, 0x04, 0xEA, 0x1B, 0x5C, 0xA8, 0xFF, 0xE6, 0x91, 0xFD,
    0x91, 0x0C, 0x0E, 0x53, 0x09, 0x1F, 0xE3, 0x63, 0x46, 0x35, 0x93, 0x4F, 0x1C, 0xD5, 0x24, 0x5D,
    0xEA, 0xC0, 0x10, 0x86, 0x56, 0x20, 0xCC, 0xDF, 0x1D, 0x59, 0x2A, 0xEC, 0xF2, 0x42, 0x08, 0x64,
    0xAA, 0x7F, 0x8E, 0xFC, 0x6D, 0xF6, 0xE4, 0xF0, 0x04, 0xA0, 0xDC, 0x85, 0x47, 0x27, 0xB2, 0xB2,
    0xE7, 0xD4, 0x3E, 0x4D, 0x94, 0xFC, 0x36, 0x3A, 0xCD, 0xA6, 0xAA, 0x95, 0xDC, 0x34, 0x66, 0xE6,
    0x1E, 0x52, 0x43, 0xD7, 0xD9, 0xF0, 0x3A, 0xB5, 0xE2, 0x6A, 0x67, 0x95, 0xE5, 0x6A, 0x18, 0xBB,
    0xC6, 0x66, 0x83, 0xC5, 0x36, 0x7F, 0x48, 0x87, 0x9A, 0xB0, 0x38, 0x79, 0x29, 0x03, 0xD6, 0x91,
    0x20, 0x81, 0x16, 0xAE, 0xA2, 0xC5, 0x12, 0x56, 0x50, 0xA8, 0x6E, 0x16, 0x34, 0x58, 0x85, 0x68,
    0x3A, 0x9C, 0xF6, 0xB4, 0x75, 0x28, 0x49, 0x7D, 0x1B, 0xB1, 0xAA, 0xFA, 0x31, 0x39, 0x7F, 0xF8,
    0xFE, 0x33, 0x72, 0xE9, 0x5D, 0x28, 0x56, 0xDF, 0x25, 0x5C, 0xFE, 0x2A, 0xCD, 0x41, 0x50, 0x43,
    0x46, 0xE9, 0xE2, 0xC7, 0x5D, 0xC0, 0x96, 0x9E, 0x98, 0x96, 0x7E, 0x8B, 0x3D, 0x40, 0x0F, 0xB8,
    0x70, 0x87, 0x35, 0xA5, 0x8C, 0x87, 0x01, 0xD1, 0x99, 0x56, 0x4A, 0x8D, 0xC0, 0x4D, 0x59, 0x9D,
    0xED, 0xAC, 0x5D, 0xB7, 0x37, 0x9D, 0xE9, 0xAC, 0x75, 0x1F, 0xD1, 0xDE, 0x74, 0xBA, 0xB3, 0x76,
    0xBE, 0x72, 0xA5, 0xFC, 0xFC, 0x3A, 0x6B, 0xCF, 0xB6, 0x74, 0x62, 0xF9, 0xA7, 0xDA, 0x9B, 0xB2,
    0x5B, 0xB4, 0x37, 0x6D, 0x4F, 0xB5, 0x37, 0x6D, 0xF7, 0xED, 0x4D, 0x47, 0x75, 0xE3, 0x0B, 0xE8,
    0xEE, 0xF1, 0x05, 0x74, 0x79, 0xAB, 0xE5, 0x65, 0x99, 0x95, 0x97, 0xC5, 0x4B, 0x01, 0x1D, 0xB3,
    0x01, 0x4E, 0x4B, 0xAF, 0x61, 0x1E, 0xEE, 0x56, 0xD9, 0x80, 0xB3, 0xC5, 0x77, 0x6F, 0xFE, 0x37,
    0xF0, 0xD6, 0x8C, 0x09, 0x2C, 0xD4, 0xBE, 0x74, 0xD7, 0x92, 0x62, 0x91, 0xFE, 0xE4, 0x6A, 0x75,
    0xDC, 0x98, 0x6F, 0xA2, 0x5E, 0x0C, 0xFE, 0x79, 0xE0, 0x91, 0xA4, 0x8E, 0x0D, 0xA2, 0x3A, 0x3A,
    0xB7, 0x43, 0x1C, 0x89, 0xD8, 0x22, 0x2B, 0xA3, 0x79, 0x38, 0xB2, 0xA4, 0xE7, 0xAD, 0x0D, 0xB6,
    0x52, 0x3F, 0x07, 0x5C, 0xBE, 0x5B, 0x1A, 0x6B, 0x97, 0x46, 0xE8, 0xA5, 0x7D, 0x6D, 0x0F, 0x61,
    0xF5, 0x4B, 0xDA, 0x60, 0x8F, 0xB3, 0xA5, 0x6D, 0xFE, 0xBC, 0xB3, 0x3D, 0xE2, 0x96, 0x06, 0xB6,
    0x85, 0x24, 0x6E, 0x7F, 0xF6, 0xB0, 0x3E, 0xDB, 0x37, 0x47, 0x33, 0xAD, 0xA9, 0x6D, 0x1C, 0x2C,
    0x63, 0x74, 0xE2, 0x3E, 0x40, 0x10, 0x54, 0xAC, 0xF0, 0xBB, 0xC4, 0xB4, 0x4B, 0xD5, 0x13, 0x9C,
    0x1B, 0x04, 0x5E, 0xB2, 0xFE, 0x82, 0x42, 0x3A, 0x50, 0x68, 0xFB, 0x09, 0x9B, 0x99, 0x1A, 0xCF,
    0x40, 0x24, 0x87, 0x3F, 0x90, 0x3A, 0xB5, 0x20, 0xA3, 0x6C, 0x35, 0xF0, 0x04, 0x6C, 0xC2, 0x15,
    0xB0, 0x9E, 0xBB, 0xF2, 0x2D, 0x7E, 0xEE, 0x10, 0x12, 0x95, 0x8B, 0x9D, 0x2C, 0x9D, 0xCE, 0x3B,
    0xED, 0xF5, 0x51, 0x13, 0x9C, 0x7D, 0x0D, 0x85, 0x3A, 0x4D, 0xDE, 0xA5, 0x2D, 0xBC, 0xCF, 0xBB,
    0xB3, 0x4E, 0x8C, 0xD2, 0x46, 0xBC, 0x68, 0xDF, 0x41, 0xB0, 0x9E, 0x49, 0xB7, 0x0C, 0xB0, 0xA3,
    0x6B, 0xE5, 0x54, 0x37, 0x99, 0x72, 0xD3, 0x2E, 0x05, 0x8E, 0x04, 0x0C, 0x34, 0xB9, 0x64, 0x67,
    0xEB, 0xF8, 0xB6, 0x7C, 0x30, 0xE7, 0x4B, 0x7B, 0xEA, 0xD2, 0xD1, 0xE2, 0xBD, 0x76, 0x6D, 0x14,
    0xEC, 0x71, 0x86, 0x4F, 0xEA, 0xFD, 0x31, 0x2D, 0x7B, 0x48, 0x26, 0x2D, 0x79, 0xB0, 0x85, 0x26,
    0xB0, 0x3A, 0x31, 0x79, 0xAD, 0xE6, 0x5C, 0x3A, 0x81, 0x61, 0xC6, 0xF6, 0xCC, 0xCE, 0xCF, 0x36,
    0xF3, 0x55, 0x72, 0xCB, 0xD0, 0xB9, 0xA5, 0x58, 0xCC, 0x67, 0xAE, 0x82, 0x50, 0xEC, 0x36, 0xF3,
    0x56, 0x7C, 0x6F, 0x55, 0x66, 0x1D, 0xA0, 0xD6, 0x3F, 0x12, 0xA2, 0x7C, 0x13, 0x97, 0x9A, 0xA9,
    0x22, 0xBE, 0xE5, 0x54, 0x15, 0x69, 0x11, 0x67, 0xA0, 0x65, 0x9C, 0x81, 0xAD, 0x34, 0x50, 0x7E,
    0xD1, 0x4A, 0x19, 0xA7, 0x41, 0x15, 0xD6, 0x94, 0x20, 0xC4, 0xAC, 0x25, 0x86, 0xA8, 0xBE, 0x21,
    0xD7, 0xA5, 0x83, 0x4F, 0xCC, 0x19, 0xE7, 0x59, 0x69, 0xE7, 0x0B, 0x14, 0xAE, 0x70, 0xFB, 0xD8,
    0xB4, 0x70, 0x95, 0x08, 0x47, 0x95, 0x84, 0x96, 0x87, 0xAE, 0xCB, 0xEF, 0xFC, 0xC0, 0x0E, 0xBF,
    0xF0, 0xF5, 0xA7, 0x77, 0x6D, 0x6D, 0xDA, 0x9E, 0x4D, 0xE2, 0x75, 0xEB, 0x51, 0xAA, 0x5E, 0x92,
    0x64, 0x33, 0x03, 0x6E, 0x29, 0xE6, 0xC4, 0x15, 0xCC, 0x2D, 0xFD, 0x08, 0x31, 0xF5, 0x82, 0x75,
    0xAF, 0x75, 0xCB, 0x12, 0xB0, 0x94, 0x6A, 0xAE, 0x47, 0x04, 0x0B, 0x63, 0xE7, 0xD8, 0xD3, 0xC1,
    0x8E, 0x7B, 0xFC, 0xF6, 0x24, 0x1C, 0x2C, 0x41, 0x27, 0xDD, 0xE7, 0xAD, 0x2C, 0x76, 0x87, 0xD9,
    0x82, 0x7D, 0x2E, 0x17, 0x94, 0x03, 0x5B, 0x8E, 0x44, 0x70, 0x5D, 0x89, 0xBC, 0x41, 0xCA, 0x1A,
    0x8B, 0x51, 0x14, 0x08, 0xD3, 0x08, 0x9C, 0x61, 0x97, 0x4D, 0xC4, 0x7E, 0xC8, 0x98, 0x3D, 0xD4,
    0x1F, 0x50, 0x3D, 0x6B, 0xDC, 0x28, 0x85, 0xE3, 0x52, 0xA1, 0xC2, 0x44, 0x14, 0xF6, 0xE3, 0x36,
    0x32, 0xA8, 0x40, 0xC1, 0xC0, 0x77, 0x89, 0x9F, 0xE7, 0xB5, 0x5D, 0x88, 0x85, 0x11, 0xD0, 0xE5,
    0x65, 0x53, 0x3F, 0xDD, 0xCB, 0xAF, 0x63, 0x26, 0x8B, 0xCF, 0xDB, 0xFA, 0x45, 0xF7, 0x94, 0x78,
    0x90, 0x00, 0x2B, 0xCA, 0xAF, 0xCB, 0x2E, 0x7F, 0x47, 0x3E, 0xA8, 0xDC, 0xCB, 0x53, 0x3C, 0x6F,
    0xE7, 0xAC, 0x17, 0x6F, 0xAC, 0xAF, 0x9B, 0xBA, 0x15, 0x78, 0x3F, 0xE5, 0x5E, 0x99, 0x50, 0x71,
    0x21, 0x3B, 0x98, 0x61, 0xBB, 0x6C, 0xE7, 0x87, 0xDD, 0x9B, 0x9A, 0xAB, 0x11, 0x2F, 0xE1, 0x03,
    0xE5, 0x88, 0x2F, 0xBE, 0x79, 0xFD, 0xDB, 0x8C, 0x3C, 0x65, 0x85, 0x6F, 0x5E, 0xAF, 0x38, 0x8D,
    0xA3, 0xD7, 0xE6, 0xF5, 0x8A, 0xCD, 0xEB, 0xF3, 0xBF, 0xB5, 0xCA, 0xCB, 0xCA, 0x9A, 0xD7, 0xCD,
    0xF9, 0x09, 0xB4, 0x9E, 0x40, 0x0D, 0x60, 0x0B, 0xA3, 0xD1, 0xD4, 0xFA, 0x4A, 0xB6, 0xDB, 0x57,
    0x92, 0x96, 0xD5, 0xA7, 0x2F, 0xC9, 0xFD, 0x23, 0x96, 0xE4, 0x76, 0x4B, 0x49, 0x6E, 0xC1, 0xFA,
    0x69, 0x08, 0x7F, 0x48, 0x79, 0x84, 0xF9, 0xE1, 0xFC, 0x88, 0x42, 0x82, 0xEF, 0x83, 0xE5, 0x1E,
    0x4D, 0x9F, 0x79, 0x6B, 0x7D, 0x74, 0xD0, 0x5A, 0x5F, 0x7C, 0xC2, 0xD6, 0x7A, 0x16, 0xBC, 0x43,
    0x2B, 0x68, 0x6B, 0xBD, 0xCF, 0xA8, 0x68, 0x4A, 0x53, 0xCB, 0x13, 0x92, 0x66, 0x1F, 0x09, 0x38,
    0x78, 0xAD, 0x02, 0x2B, 0x3F, 0xBE, 0xF9, 0x99, 0x96, 0x1F, 0xFB, 0x68, 0xBD, 0xA6, 0xA4, 0xA9,
    0x96, 0xCF, 0x2B, 0x3F, 0x0E, 0x35, 0x53, 0xED, 0x46, 0x2B, 0x3F, 0xBE, 0xAE, 0xE5, 0xC7, 0x37,
    0x96, 0x10, 0xE4, 0x3A, 0x6A, 0x91, 0x9E, 0xAA, 0x2E, 0x9C, 0x0E, 0x8B, 0x0E, 0xEF, 0xDB, 0xE7,
    0x0F, 0x18, 0x9E, 0x73, 0xAF, 0x88, 0x69, 0x5C, 0x3A, 0xCE, 0xE6, 0xD0, 0x5E, 0xD6, 0x2D, 0x85,
    0x6E, 0x60, 0x03, 0x9C, 0x49, 0x0D, 0x31, 0x93, 0x62, 0x6C, 0x85, 0xCA, 0xFB, 0x9C, 0xC2, 0x91,
    0x71, 0x0C, 0x31, 0xD5, 0xD6, 0xB9, 0x67, 0x55, 0x20, 0x6E, 0x9D, 0x6E, 0x1E, 0x56, 0x52, 0x59,
    0x31, 0x6C, 0xB2, 0xDA, 0xE2, 0x3F, 0x1A, 0x89, 0x71, 0xAB, 0x44, 0x74, 0xE4, 0x9A, 0x65, 0x08,
    0x02, 0xED, 0x06, 0xF5, 0xA2, 0x27, 0xAD, 0xB1, 0xFE, 0x1F, 0xDA, 0xD8, 0x38, 0xA2, 0xB0, 0xAA,
    0x44, 0x81, 0xF5, 0x86, 0xF5, 0xD5, 0x2C, 0xAF, 0x16, 0x43, 0x7C, 0xB4, 0xE2, 0xEA, 0xD0, 0x3D,
    0x8D, 0x04, 0xDD, 0x3C, 0xF9, 0xCA, 0x6A, 0x5D, 0x5C, 0xED, 0x96, 0x46, 0xDA, 0x72, 0x5C, 0x56,
    0x69, 0x91, 0x87, 0x65, 0x89, 0x56, 0x68, 0xB1, 0x8C, 0xCA, 0x0D, 0xF6, 0x95, 0x19, 0x3A, 0x5A,
    0x33, 0xB3, 0xD1, 0x0C, 0x97, 0xA9, 0xE2, 0x01, 0xC4, 0x9D, 0x8E, 0xAF, 0x33, 0xF0, 0x31, 0xE8,
    0xD8, 0x6A, 0xDF, 0x9B, 0xC6, 0xAE, 0x7A, 0x1D, 0x09, 0x55, 0x05, 0x56, 0x64, 0x27, 0x80, 0xA9,
    0xE9, 0x7E, 0xBC, 0x6F, 0xC5, 0xDF, 0xDA, 0xEA, 0x69, 0x14, 0xEC, 0xBB, 0xF7, 0x06, 0x55, 0xDE,
    0xCD, 0x02, 0xA1, 0xED, 0xBA, 0xBC, 0xD9, 0x40, 0x68, 0x32, 0x25, 0x59, 0xD7, 0x69, 0x47, 0xC6,
    0x34, 0xE6, 0x66, 0x12, 0x94, 0xE7, 0x01, 0xB1, 0xFE, 0xA4, 0x40, 0xEC, 0x0F, 0x81, 0x98, 0x7B,
    0x20, 0xB2, 0x42, 0x9B, 0x86, 0x4B, 0x67, 0x1C, 0xA5, 0x4A, 0xE9, 0x0C, 0x10, 0xC7, 0x43, 0x20,
    0xDE, 0xB9, 0xF3, 0x15, 0x76, 0x3A, 0x5F, 0x41, 0xEF, 0x78, 0xD1, 0x14, 0xB2, 0x9F, 0x7F, 0x61,
    0x56, 0xC8, 0xA9, 0xE4, 0x9F, 0xE7, 0xD0, 0x4B, 0x7B, 0xA3, 0xFD, 0x73, 0x2E, 0x4A, 0xFF, 0xDB,
    0x83, 0xA2, 0x74, 0x1F, 0x23, 0xD3, 0x21, 0x60, 0x16, 0xDB, 0xDD, 0xBB, 0x11, 0x0C, 0x0D, 0x46,
    0xA4, 0xB3, 0xBB, 0xBC, 0x0D, 0xFD, 0x92, 0x73, 0xEF, 0xD0, 0x84, 0x2E, 0x21, 0xC0, 0x31, 0x49,
    0x2D, 0x17, 0x1F, 0x33, 0x99, 0x30, 0x03, 0xBA, 0xCA, 0x03, 0x0E, 0xFE, 0xED, 0xB7, 0x2D, 0x46,
    0xC7, 0x0B, 0x03, 0x3D, 0xCE, 0xE1, 0xF1, 0xA5, 0x39, 0x49, 0xB1, 0x39, 0x5D, 0xDA, 0xA4, 0xDD,
    0xAD, 0x7A, 0xB4, 0x7D, 0x8B, 0xB6, 0xEF, 0xD0, 0x8E, 0xCC, 0x4F, 0xA2, 0x39, 0x9B, 0x4C, 0x81,
    0xB5, 0x67, 0xEF, 0x74, 0xC3, 0xA9, 0xB6, 0x5C, 0xAB, 0xDC, 0x5F, 0x2E, 0x3E, 0xDF, 0xE2, 0xE2,
    0xE1, 0xFA, 0xE2, 0x89, 0x05, 0x02, 0x4A, 0x6B, 0xA5, 0xDF, 0xEA, 0xBB, 0xC5, 0xA8, 0x62, 0x6F,
    0x1A, 0x2E, 0x63, 0x4B, 0x6A, 0x93, 0x99, 0xDB, 0xFE, 0x54, 0x4C, 0x74, 0x09, 0x09, 0xE7, 0xAB,
    0xCE, 0x7A, 0xF6, 0xA6, 0x86, 0x34, 0x52, 0x6C, 0xCA, 0xD0, 0xD9, 0x12, 0xBB, 0xEF, 0xC1, 0xEB,
    0x82, 0x63, 0x3C, 0x72, 0x50, 0xE5, 0x22, 0xDB, 0x29, 0xFF, 0xB3, 0x2E, 0x32, 0xD1, 0xEF, 0x8F,
    0xA4, 0x4B, 0x63, 0xCA, 0x99, 0x23, 0x03, 0x07, 0xE9, 0xC3, 0x35, 0x74, 0x1F, 0xBA, 0xF9, 0x3F,
    0xA5, 0xEE, 0x03, 0xB9, 0x71, 0xDD, 0xB2, 0x54, 0x6B, 0xBB, 0xD4, 0xC6, 0xA8, 0xF7, 0x45, 0xD5,
    0x4F, 0xD5, 0x45, 0xB1, 0xBF, 0xD9, 0x2D, 0x53, 0x59, 0xBE, 0xAC, 0xB3, 0x2F, 0xB8, 0xEC, 0x7A,
    0x95, 0xAE, 0xD3, 0x21, 0xFF, 0xEA, 0x57, 0x2A, 0xF4, 0x0F, 0x5E, 0x5B, 0x36, 0x35, 0xBC, 0x79,
    0xB6, 0xA9, 0x61, 0x77, 0xD0, 0xD4, 0xD0, 0x9C, 0x6D, 0x6A, 0x10, 0x06, 0x7E, 0xFD, 0xA0, 0xAA,
    0x94, 0x92, 0x3F, 0x1D, 0x84, 0xE6, 0xCB, 0x0F, 0x3A, 0xAB, 0xBE, 0x20, 0x8B, 0xF5, 0x1E, 0x88,
    0x04, 0xE7, 0xEC, 0x97, 0x83, 0xF8, 0x7F, 0xF0, 0x3F, 0x17, 0x80, 0xA6, 0x34, 0x70, 0xA0, 0x03,
    0xCA, 0x61, 0x99, 0x4C, 0x0A, 0xE2, 0x8F, 0xE0, 0x4D, 0x3F, 0xF5, 0x63, 0xDC, 0xB5, 0xD1, 0xEA,
    0xEE, 0xC7, 0x99, 0x55, 0xCD, 0x1E, 0x84, 0x17, 0x1D, 0xBF, 0xC8, 0xE9, 0x35, 0x1D, 0xDA, 0xC9,
    0x5A, 0x1C, 0xCE, 0x26, 0x04, 0x68, 0xB6, 0xFA, 0x1C, 0x0A, 0xF5, 0xDD, 0x8E, 0x44, 0xBD, 0x00,
    0x78, 0x03, 0xF9, 0xFE, 0x09, 0x8A, 0xF8, 0xF4, 0x41, 0x16, 0x6A, 0xBD, 0xC0, 0x95, 0x77, 0x84,
    0xED, 0xB8, 0x7E, 0xF8, 0xC0, 0x45, 0xCA, 0x05, 0xD5, 0x9B, 0x70, 0xB6, 0x01, 0xA7, 0xED, 0x94,
    0x22, 0x89, 0x1E, 0x1E, 0xF7, 0x2B, 0x2B, 0x03, 0x1D, 0xC7, 0x2F, 0xBF, 0x24, 0x1A, 0xFE, 0xED,
    0x77, 0xC4, 0x2C, 0xE9, 0x07, 0x54, 0xC1, 0x5D, 0x02, 0xDD, 0x3D, 0x56, 0x33, 0xDD, 0xCA, 0x82,
    0x06, 0x90, 0xF6, 0x08, 0x4D, 0x75, 0x89, 0xB9, 0xF2, 0x87, 0xC1, 0x79, 0x2F, 0xCD, 0xC4, 0xE1,
    0x7F, 0xA9, 0xAC, 0x0B, 0x04, 0xAD, 0x84, 0xEC, 0x4D, 0xB0, 0x57, 0x4D, 0xE7, 0xDD, 0xCA, 0x56,
    0xDB, 0xBA, 0x23, 0x9A, 0xB0, 0x35, 0x03, 0xAE, 0xFA, 0x64, 0x8A, 0xA6, 0x9C, 0x6C, 0x5C, 0xB9,
    0x4E, 0xEA, 0x58, 0x32, 0xCF, 0xA9, 0x27, 0xB5, 0xBC, 0xDF, 0xCF, 0xA8, 0xD5, 0x51, 0xE0, 0xB5,
    0x56, 0xD1, 0xB7, 0x36, 0xF9, 0xD5, 0xA9, 0x03, 0xDC, 0xB0, 0x03, 0xBF, 0x15, 0xAA, 0xCA, 0x41,
    0xE7, 0x13, 0xBD, 0xF1, 0x3F, 0xF7, 0x12, 0x5A, 0x2B, 0x29, 0xEE, 0x39, 0x55, 0x68, 0xB9, 0xD6,
    0xFF, 0x3A, 0xF9, 0xFE, 0xDC, 0x42, 0xCB, 0xE4, 0xD6, 0x85, 0x96, 0x9B, 0x5B, 0x17, 0x5A, 0x06,
    0x1F, 0xA7, 0xD0, 0x32, 0x08, 0xAE, 0x68, 0x86, 0xC5, 0xA6, 0x29, 0x95, 0xE0, 0xA5, 0x6F, 0x0B,
    0x78, 0x7E, 0xE9, 0xFA, 0xAD, 0x63, 0x3D, 0x59, 0x87, 0xC1, 0x95, 0xB2, 0xC8, 0xD7, 0xE0, 0x90,
    0xC9, 0x46, 0x9E, 0x66, 0x49, 0x56, 0xE2, 0x72, 0x0E, 0x25, 0xC8, 0xC7, 0x59, 0x6B, 0x62, 0xDE,
    0x65, 0x89, 0xD6, 0x16, 0xA3, 0xD0, 0x69, 0x74, 0xC7, 0xFA, 0xDE, 0x07, 0x8F, 0xB9, 0x2B, 0xF2,
    0x53, 0x58, 0x33, 0xD9, 0xA2, 0x1B, 0xCD, 0x4C, 0x5B, 0x54, 0x66, 0xEE, 0x1D, 0xCC, 0x21, 0x58,
    0x8A, 0x8E, 0x42, 0x04, 0xAA, 0xE4, 0xFD, 0x18, 0xA7, 0xDD, 0x0C, 0x8E, 0x87, 0x60, 0x31, 0x4B,
    0x6C, 0xD2, 0x2F, 0x10, 0x49, 0x17, 0x2D, 0x72, 0x1F, 0xA8, 0xE6, 0xBB, 0x38, 0xAB, 0xE1, 0x51,
    0x3C, 0x1E, 0xD4, 0xD7, 0xB5, 0xE4, 0x79, 0xCA, 0x5B, 0xD1, 0xAE, 0x3D, 0x42, 0x9F, 0xEE, 0xFA,
    0x90, 0x09, 0xCF, 0x26, 0x2D, 0x2A, 0xD6, 0x12, 0xCE, 0x82, 0xDA, 0xBA, 0xF9, 0xC4, 0xCB, 0x0A,
    0x25, 0x1A, 0x48, 0xF8, 0x1F, 0x03, 0xAE, 0x31, 0xB5, 0x2F, 0x53, 0xDF, 0x71, 0xCF, 0x0A, 0x1E,
    0xD6, 0x82, 0x31, 0x67, 0xEC, 0x0B, 0xB7, 0xBE, 0xCC, 0xF0, 0x0B, 0x0C, 0x7E, 0x99, 0x5A, 0xA1,
    0xE9, 0x47, 0xC2, 0xCF, 0x22, 0x11, 0x66, 0x40, 0xF8, 0x41, 0xD6, 0x49, 0x73, 0xA8, 0x7D, 0xC6,
    0xC3, 0xF0, 0x9F, 0x2F, 0xEE, 0xFE, 0xA2, 0xA0, 0xDE, 0x2F, 0x56, 0x8C, 0x4A, 0x63, 0x1D, 0x38,
    0xA3, 0xA9, 0xD4, 0x69, 0xEF, 0x6C, 0xAC, 0x5C, 0x8D, 0x2F, 0xEA, 0xA1, 0x1D, 0x4B, 0x79, 0xB0,
    0xE5, 0x38, 0xBF, 0xE2, 0xD5, 0xF6, 0x2E, 0xF6, 0x69, 0xDE, 0x6E, 0x6B, 0x4A, 0x7E, 0x33, 0x2F,
    0x45, 0xF8, 0xE5, 0x12, 0x2D, 0x8A, 0x5C, 0x71, 0xCB, 0xCA, 0xB4, 0xAF, 0xFB, 0x07, 0x03, 0x04,
    0x3A, 0x67, 0x5F, 0x9F, 0x0D, 0x50, 0xD5, 0xA8, 0x39, 0x9C, 0x74, 0x96, 0x2B, 0xE6, 0xA6, 0x14,
    0xF1, 0x07, 0x10, 0x02, 0xD1, 0x24, 0xD6, 0xC4, 0x49, 0x0E, 0x95, 0x3E, 0x47, 0xDA, 0xBD, 0x3D,
    0x6B, 0xD6, 0x55, 0x8D, 0xA7, 0xCA, 0x12, 0xEA, 0x8D, 0x42, 0x2F, 0x43, 0x25, 0x7B, 0xAB, 0xC6,
    0x47, 0x3A, 0x5A, 0xA0, 0x57, 0x94, 0x74, 0x6C, 0x0F, 0x2B, 0x78, 0xD7, 0x3D, 0x3D, 0x2C, 0x0F,
    0xD8, 0x18, 0xBC, 0xF6, 0x31, 0x53, 0x26, 0xF2, 0x6E, 0x82, 0x00, 0xF5, 0x65, 0x97, 0x59, 0xC3,
    0xE8, 0x8B, 0xEE, 0xAA, 0xA5, 0xA1, 0x76, 0xAE, 0xA9, 0x75, 0xE4, 0x5B, 0x93, 0xF7, 0xF6, 0x24,
    0x10, 0x18, 0x6D, 0x5A, 0xD1, 0x82, 0xCA, 0x30, 0x3E, 0x13, 0x01, 0x8C, 0x52, 0x91, 0x94, 0x21,
    0x54, 0x5B, 0xEA, 0xE9, 0x52, 0x67, 0xF5, 0x20, 0x22, 0x87, 0xF8, 0x8C, 0x1A, 0xAB, 0x53, 0xC0,
    0x76, 0xAC, 0xD1, 0xA2, 0x0D, 0x7F, 0x18, 0x98, 0x45, 0xD9, 0x59, 0xA4, 0xCD, 0xC7, 0xA3, 0x9D,
    0x87, 0x66, 0x7A, 0x9B, 0x89, 0xFA, 0x77, 0xD2, 0x88, 0x85, 0x4F, 0x98, 0xCD, 0x1D, 0xD4, 0xA4,
    0xD1, 0xEC, 0x21, 0x8D, 0xEC, 0x8F, 0x99, 0xCD, 0xDD, 0x1D, 0xA6, 0xC1, 0x58, 0x4C, 0xAE, 0x15,
    0xB8, 0x36, 0x3C, 0xC6, 0x23, 0x0B, 0xBA, 0x4F, 0x13, 0x12, 0x36, 0xA8, 0x78, 0x63, 0x85, 0x89,
    0x65, 0xEF, 0xB3, 0x86, 0x19, 0x43, 0xC3, 0x15, 0x9B, 0xBD, 0xAC, 0x30, 0xC3, 0x46, 0xA7, 0x59,
    0xCF, 0xAF, 0x45, 0x16, 0xAD, 0x4D, 0xD8, 0x97, 0x14, 0xE9, 0x87, 0xF5, 0x8D, 0x83, 0x4A, 0xF5,
    0x4F, 0x93, 0xCD, 0xC5, 0xF2, 0x3E, 0x64, 0x8B, 0x59, 0xDE, 0x6B, 0xE3, 0x12, 0x82, 0x8E, 0x48,
    0xBB, 0x5B, 0x2E, 0xA2, 0xA2, 0x6A, 0xC4, 0x60, 0x84, 0x71, 0xA9, 0xE3, 0xA7, 0x87, 0xCC, 0x82,
    0x12, 0x7A, 0x7D, 0x89, 0x41, 0xD2, 0x3C, 0x39, 0x5D, 0xD5, 0xA7, 0x9E, 0x8B, 0x3B, 0x2F, 0x73,
    0x71, 0xC9, 0x2E, 0xE1, 0xA7, 0x98, 0x8B, 0xDB, 0xA8, 0xE8, 0xB3, 0xB9, 0xB8, 0xE1, 0xC1, 0x5C,
    0xDC, 0x9A, 0xF2, 0x74, 0x99, 0x8B, 0xFB, 0xDA, 0x7E, 0x2E, 0xEE, 0xD6, 0xE6, 0xE2, 0x5E, 0x73,
    0x37, 0x6C, 0x2E, 0xEE, 0x68, 0x73, 0x71, 0xC7, 0x43, 0x5F, 0xC3, 0x0B, 0xFD, 0xAC, 0x3A, 0x2C,
    0xD4, 0xF0, 0x23, 0x8D, 0x7F, 0x1C, 0xFC, 0xEE, 0x46, 0x48, 0x5C, 0xC6, 0x08, 0x09, 0x13, 0x43,
    0x56, 0x38, 0xF3, 0xEC, 0x3A, 0x13, 0x95, 0xAF, 0x77, 0x72, 0x77, 0xF1, 0x39, 0xCD, 0xBF, 0x1D,
    0x7E, 0xCB, 0xF9, 0xB7, 0xBB, 0xDB, 0x64, 0xE9, 0x0A, 0xD3, 0x57, 0x9A, 0xE2, 0x51, 0xC4, 0xB9,
    0xA5, 0x95, 0xDE, 0x22, 0x2E, 0x9E, 0x83, 0x96, 0x64, 0x9D, 0x3D, 0x6C, 0x46, 0x8B, 0x1E, 0xE5,
    0x0A, 0x93, 0xFD, 0xB9, 0x6E, 0xFD, 0x60, 0x96, 0xEE, 0x61, 0xE8, 0x8F, 0x17, 0x8E, 0x8D, 0xF0,
    0x93, 0x41, 0x93, 0x74, 0xB5, 0x8D, 0x34, 0xAA, 0x77, 0xCA, 0x12, 0x30, 0x24, 0x43, 0xE6, 0x20,
    0x10, 0x71, 0xE4, 0x11, 0xB6, 0xBF, 0x69, 0x57, 0x4A, 0x68, 0xDF, 0xD1, 0xF6, 0xCE, 0xF5, 0x11,
    0xCF, 0xCD, 0xAA, 0xD1, 0x34, 0x3F, 0xD6, 0x78, 0x13, 0xB7, 0xE4, 0x84, 0xD1, 0xCE, 0x2F, 0xEB,
    0xF3, 0xC6, 0x4E, 0x76, 0x1B, 0xEC, 0x94, 0xB7, 0xC7, 0xCE, 0x79, 0x63, 0x71, 0xEF, 0x75, 0xBF,
    0x08, 0xBE, 0xE7, 0xFE, 0xCE, 0x72, 0xA7, 0xD3, 0xF2, 0x7E, 0xC0, 0x27, 0x9B, 0x53, 0x23, 0x21,
    0x7D, 0x9D, 0x97, 0xAF, 0xFC, 0x7A, 0x62, 0xFF, 0xD8, 0x9B, 0xCF, 0x7F, 0xF8, 0x08, 0x72, 0xA7,
    0xFA, 0x7C, 0x11, 0xAD, 0x48, 0x79, 0x7C, 0x69, 0xF8, 0xD6, 0x65, 0x3E, 0x6B, 0xFC, 0xF2, 0xE5,
    0x73, 0xD4, 0x15, 0xAE, 0xF6, 0xDA, 0x2F, 0xF4, 0xAD, 0xC5, 0x40, 0x1A, 0x46, 0x3A, 0x70, 0xD6,
    0xDB, 0x45, 0x1A, 0x08, 0x54, 0xEB, 0x9F, 0x39, 0x31, 0x45, 0xEF, 0x71, 0x15, 0xEA, 0x1C, 0xAD,
    0xE0, 0x31, 0x67, 0xCF, 0x5E, 0x84, 0x46, 0x58, 0xF4, 0x89, 0x73, 0x56, 0x56, 0xDD, 0x71, 0xE8,
    0x50, 0x0A, 0x35, 0x75, 0x81, 0xFC, 0x65, 0x85, 0x1D, 0x7A, 0x37, 0x90, 0x92, 0x3D, 0xCB, 0x50,
    0xC5, 0x2E, 0x44, 0x24, 0x5B, 0x84, 0x32, 0x1F, 0xBA, 0xBA, 0x4F, 0xCD, 0xB9, 0x8F, 0x3B, 0x5D,
    0xBC, 0xFE, 0x18, 0xD3, 0xC5, 0x13, 0x9E, 0x3D, 0xA3, 0xFD, 0x8B, 0x67, 0x63, 0x34, 0x4A, 0x7D,
    0x30, 0x5D, 0xFC, 0x6D, 0x4C, 0x17, 0x9F, 0x74, 0xBA, 0x78, 0xBD, 0x4C, 0x17, 0x7F, 0xF5, 0x60,
    0xBA, 0x78, 0xC9, 0xE9, 0xE2, 0xC3, 0xB9, 0xD3, 0xC5, 0x27, 0x0C, 0xE9, 0xE0, 0xD9, 0xC1, 0x32,
    0x5D, 0x3C, 0x41, 0xFA, 0xCD, 0xA6, 0x8B, 0xE3, 0xEC, 0x6B, 0xF3, 0x89, 0x6B, 0x95, 0xD8, 0x75,
    0xBA, 0x78, 0xE5, 0xA7, 0x8B, 0xB7, 0xA7, 0x63, 0x54, 0x91, 0x8F, 0x5E, 0x85, 0xC3, 0x99, 0x92,
    0xBE, 0xE7, 0xCE, 0x94, 0xFD, 0x7D, 0x4B, 0x8D, 0xCA, 0xCF, 0x62, 0x12, 0xD0, 0xE6, 0x33, 0x98,
    0x04, 0xF4, 0x6B, 0x9D, 0x04, 0xE4, 0x0E, 0xC7, 0x56, 0xFA, 0x99, 0x08, 0x63, 0xB0, 0xCA, 0x76,
    0x19, 0xFB, 0xEC, 0x1B, 0xCE, 0x13, 0x67, 0x05, 0x5D, 0x67, 0x5A, 0x54, 0xCF, 0xED, 0x5B, 0xFD,
    0x94, 0x1F, 0x72, 0xCC, 0x38, 0x07, 0xFD, 0xF5, 0xAB, 0xD6, 0x17, 0x31, 0x0C, 0x4E, 0xE8, 0x5E,
    0x44, 0xBB, 0xBD, 0x97, 0x61, 0x0F, 0x5C, 0xD8, 0x9A, 0x6A, 0xAF, 0x9B, 0x5B, 0xDA, 0xBF, 0xE1,
    0xC7, 0x7E, 0x12, 0x91, 0xFB, 0xD2, 0x3C, 0x89, 0x48, 0x44, 0xE7, 0x7E, 0x62, 0x57, 0xC6, 0x7B,
    0x58, 0xC7, 0xFF, 0x99, 0x9F, 0x2F, 0x64, 0x94, 0x5F, 0x5A, 0x65, 0x1A, 0xC3, 0x2F, 0xA9, 0xEC,
    0x5A, 0x82, 0xDB, 0xFE, 0xB2, 0x63, 0xE7, 0xFF, 0x5C, 0x39, 0x07, 0x05, 0xF1, 0x79, 0x28, 0x28,
    0x2D, 0x31, 0x79, 0x0E, 0x0A, 0xE2, 0xE1, 0x1C, 0x14, 0x94, 0x9F, 0x3B, 0x0A, 0x9E, 0x0D, 0x86,
    0x65, 0x3A, 0x00, 0x47, 0x0B, 0x26, 0x7C, 0xDA, 0xED, 0x70, 0x2B, 0x37, 0x6B, 0xD6, 0xE0, 0x62,
    0x15, 0x6A, 0x34, 0x6B, 0xC7, 0xF8, 0x15, 0x02, 0xCD, 0x2C, 0x70, 0xE3, 0xAC, 0x8E, 0xDE, 0x9B,
    0x11, 0xD4, 0x2B, 0x11, 0x95, 0x19, 0x47, 0x50, 0x21, 0xF6, 0xD6, 0xA0, 0x02, 0xCD, 0xBA, 0x88,
    0x72, 0xA4, 0xBE, 0xB7, 0x53, 0xE2, 0x5E, 0xA8, 0x38, 0xD0, 0xF4, 0x68, 0xBE, 0x5F, 0x8D, 0x9C,
    0xDC, 0x3F, 0x4D, 0xD7, 0x8A, 0x4F, 0x2C, 0xE1, 0x22, 0xFE, 0x49, 0xAB, 0x9E, 0xD9, 0x68, 0xBA,
    0x82, 0xA2, 0xD5, 0xF2, 0xE3, 0xA8, 0x40, 0x51, 0x73, 0xAA, 0xF6, 0x43, 0x9B, 0x27, 0x3F, 0xDE,
    0x59, 0x6E, 0x32, 0xA9, 0x6E, 0xDC, 0xCC, 0xBE, 0xB1, 0x8E, 0x03, 0x87, 0x54, 0x75, 0x22, 0xC4,
    0x13, 0x6B, 0xF1, 0xA0, 0x7F, 0x3A, 0x64, 0xC8, 0xB1, 0xC1, 0x9A, 0x6D, 0xE2, 0x38, 0x5D, 0x6F,
    0x2C, 0xEB, 0x57, 0x58, 0x6D, 0x42, 0x1D, 0x55, 0xFB, 0xC2, 0x17, 0x00, 0xDF, 0x4C, 0xBA, 0x52,
    0x3B, 0x36, 0x32, 0x7A, 0x1F, 0x7C, 0xAC, 0xAD, 0xF6, 0x0A, 0x21, 0x72, 0xD4, 0xB1, 0xEA, 0x02,
    0xF3, 0x3E, 0x2C, 0x94, 0x33, 0x5F, 0xB9, 0x02, 0x77, 0xB8, 0x0B, 0xFC, 0xDC, 0xDE, 0x51, 0xF7,
    0x8F, 0x41, 0x0C, 0xF5, 0xEB, 0xFD, 0x31, 0xE7, 0xEC, 0x7E, 0x88, 0xAA, 0xBE, 0xD6, 0xB9, 0x07,
    0x67, 0xB4, 0x7A, 0x8E, 0xB2, 0x0B, 0x0E, 0x9F, 0x9A, 0x19, 0x23, 0x8C, 0x27, 0x36, 0x21, 0xA3,
    0xA5, 0x28, 0xA8, 0x5F, 0x70, 0x98, 0x85, 0xE0, 0x7E, 0x35, 0x33, 0x78, 0x28, 0xF0, 0x84, 0x6D,
    0xC7, 0x88, 0x34, 0x55, 0xAD, 0xA6, 0x14, 0xFF, 0x90, 0xA6, 0x88, 0xD8, 0xE7, 0x78, 0x7A, 0xEE,
    0xA6, 0x17, 0x55, 0x2A, 0x5C, 0xD3, 0x89, 0x0F, 0xEC, 0x3E, 0x80, 0x53, 0x3A, 0xE6, 0x22, 0xCE,
    0xC3, 0xFA, 0xC4, 0x46, 0x48, 0x3E, 0xB2, 0x0A, 0x86, 0xE4, 0xBB, 0x18, 0x6E, 0x40, 0xCF, 0xA4,
    0xFD, 0xCC, 0xBC, 0x41, 0xBE, 0x8A, 0xD4, 0x9E, 0xF9, 0xB9, 0x03, 0x9E, 0xD9, 0x1C, 0x75, 0xA1,
    0x60, 0xB3, 0xB8, 0x4F, 0x58, 0x30, 0x35, 0x29, 0x59, 0x9F, 0x69, 0x0E, 0x86, 0x2C, 0x60, 0xC5,
    0x2C, 0x1A, 0x2B, 0xBA, 0xAC, 0x83, 0xCE, 0x2D, 0xD4, 0x08, 0xC1, 0x9C, 0xD6, 0xAD, 0x50, 0xF7,
    0xFB, 0x7C, 0x80, 0xF3, 0x09, 0x27, 0x91, 0xF8, 0x4E, 0x95, 0x90, 0x73, 0x40, 0x30, 0x01, 0x02,
    0x31, 0xDE, 0x06, 0x63, 0x21, 0xB5, 0xD1, 0x43, 0xBD, 0x4F, 0x96, 0xC4, 0x07, 0xC7, 0x3A, 0x48,
    0x5E, 0x5B, 0x59, 0xFE, 0xE6, 0x98, 0xBE, 0x2D, 0x3C, 0x72, 0x8D, 0x67, 0xFD, 0x29, 0x01, 0xF3,
    0x8D, 0xE5, 0xB9, 0x93, 0x87, 0x95, 0x20, 0xDD, 0x7E, 0xC2, 0x57, 0x62, 0x55, 0x0C, 0x57, 0xB9,
    0xAF, 0x57, 0xB5, 0x6C, 0x8B, 0xBD, 0x55, 0x23, 0x9E, 0x0B, 0x90, 0x4D, 0xB4, 0xB2, 0x9D, 0xD9,
    0xE6, 0xEA, 0xDB, 0xEB, 0x63, 0x42, 0x37, 0xFA, 0x64, 0xD3, 0x72, 0xE4, 0xB3, 0x58, 0xB4, 0x3A,
    0xA4, 0xB4, 0x58, 0xFC, 0x0D, 0x3F, 0x74, 0x01, 0x23, 0x54, 0xCA, 0xA6, 0x6E, 0x4B, 0x61, 0xDD,
    0xB4, 0x88, 0xDC, 0x0F, 0xC5, 0xCA, 0x7C, 0x73, 0x9F, 0x5D, 0xFB, 0xAE, 0xAB, 0xD0, 0x1A, 0x9C,
    0x8A, 0x50, 0xCB, 0x30, 0x99, 0x65, 0xC4, 0xD4, 0xD0, 0x8D, 0x63, 0x66, 0x58, 0xC4, 0x4E, 0x91,
    0x75, 0x88, 0x20, 0x38, 0x1F, 0xCA, 0x49, 0x81, 0x51, 0x11, 0xC2, 0xE8, 0x4A, 0x8F, 0xE7, 0x98,
    0x00, 0xB8, 0xEC, 0x96, 0x03, 0xE7, 0x69, 0xB8, 0x3B, 0x04, 0x56, 0x69, 0x95, 0x16, 0x7C, 0xFE,
    0x77, 0x29, 0x78, 0xE7, 0x2F, 0xF8, 0xE4, 0xBC, 0x9E, 0xFD, 0x41, 0x9B, 0x7E, 0x00, 0xD4, 0x54,
    0xFC, 0xE5, 0x10, 0xC3, 0x82, 0xFF, 0x99, 0x5C, 0xE6, 0x49, 0x85, 0x6A, 0xC8, 0x2A, 0xE2, 0x81,
    0xB3, 0x88, 0x01, 0xD6, 0x18, 0xC5, 0xAC, 0x28, 0xA6, 0xE6, 0x30, 0x1F, 0xC0, 0x35, 0x6F, 0x73,
    0x61, 0xE7, 0xA4, 0xD7, 0xB6, 0x7D, 0x1F, 0x23, 0xDB, 0x2E, 0xE3, 0x6C, 0xB6, 0xD3, 0xD6, 0x3B,
    0xFB, 0xB0, 0x98, 0xCC, 0x70, 0x53, 0x85, 0xC6, 0xF0, 0x6F, 0xDC, 0x04, 0xB7, 0xFF, 0xF9, 0x87,
    0x8E, 0xA0, 0xF3, 0x3A, 0x82, 0xC2, 0xC1, 0x6C, 0x4B, 0x7D, 0xD6, 0x3B, 0xBD, 0x65, 0xF3, 0xEC,
    0x97, 0x4F, 0x96, 0x73, 0x6E, 0xFF, 0x73, 0x27, 0xC5, 0x2F, 0xB3, 0x22, 0x0B, 0xF4, 0x81, 0xD6,
    0x68, 0x40, 0xDB, 0xD9, 0xAF, 0xFC, 0xF4, 0x1C, 0xAE, 0xFD, 0xF2, 0x3D, 0xB1, 0x2D, 0xEA, 0xC4,
    0x79, 0xE6, 0xA2, 0x59, 0x4C, 0xC3, 0xDF, 0xF8, 0xD9, 0xB9, 0x62, 0x07, 0xE2, 0xFC, 0x98, 0x59,
    0xBC, 0x27, 0x85, 0x1C, 0x06, 0xED, 0xA2, 0x2D, 0xBB, 0xA8, 0xD5, 0x75, 0xF8, 0xB1, 0x76, 0x1C,
    0x8A, 0xAB, 0x11, 0xCF, 0xAD, 0x8E, 0x53, 0xDA, 0x61, 0x2C, 0xEE, 0xEE, 0x92, 0xBE, 0x88, 0x7A,
    0xBC, 0x04, 0x39, 0x89, 0xC1, 0xB8, 0x90, 0x17, 0xAD, 0xB5, 0xFF, 0xE8, 0x33, 0x98, 0x49, 0xC8,
    0x3B, 0x9B, 0xB8, 0xAD, 0xAF, 0x25, 0x5F, 0x53, 0xF9, 0xBF, 0x42, 0x3A, 0x44, 0x5E, 0x45, 0x2B,
    0x22, 0x94, 0x37, 0x32, 0x5D, 0x73, 0x89, 0xF1, 0x87, 0xB4, 0xC8, 0xED, 0x19, 0x74, 0x20, 0x82,
    0xA3, 0x63, 0x53, 0x81, 0xC3, 0x5E, 0xC4, 0xF9, 0xD6, 0xFB, 0x0E, 0xA9, 0x20, 0x01, 0x09, 0x9F,
    0x7C, 0x10, 0xD1, 0x40, 0x2C, 0xF8, 0x84, 0xBA, 0x9D, 0xF0, 0x85, 0x1A, 0xD0, 0x90, 0x37, 0x75,
    0x7F, 0x44, 0x91, 0x77, 0x7A, 0x32, 0x7A, 0x01, 0x73, 0x20, 0xC2, 0xA4, 0xF0, 0xF9, 0x21, 0xCE,
    0x20, 0x83, 0x95, 0xF2, 0xAF, 0x39, 0x8A, 0x8C, 0x8F, 0x62, 0x2C, 0x1B, 0x8E, 0xFB, 0xC4, 0xC4,
    0xAB, 0xE0, 0x6E, 0x0E, 0x01, 0xB1, 0xB8, 0x91, 0xC6, 0x85, 0xB5, 0xD0, 0x94, 0x97, 0xDB, 0x38,
    0x7D, 0xCE, 0x23, 0xB9, 0xA8, 0xA3, 0x34, 0xFE, 0x6A, 0xB2, 0x9A, 0xDE, 0xBE, 0x3D, 0x7C, 0x15,
    0xD2, 0xD0, 0x94, 0x68, 0x32, 0xFA, 0xE7, 0x8B, 0x0E, 0xEC, 0xCB, 0x98, 0x74, 0x74, 0x14, 0x69,
    0xFD, 0x9A, 0x65, 0xBD, 0xAC, 0x8A, 0x22, 0xDA, 0x1B, 0x8F, 0xE3, 0x6D, 0x19, 0xCF, 0x8F, 0x09,
    0xF0, 0x8F, 0xF1, 0xC3, 0xC4, 0x82, 0xDC, 0x4A, 0xB4, 0x2D, 0x53, 0xB4, 0xB5, 0x64, 0x53, 0xA9,
    0x89, 0xA5, 0xAD, 0x3D, 0xA8, 0xBD, 0xD4, 0x68, 0x12, 0x1F, 0xEC, 0x8D, 0x61, 0xF0, 0x6C, 0x39,
    0xEA, 0xB7, 0xA3, 0xE6, 0x95, 0xF2, 0x97, 0x98, 0x9E, 0xDA, 0x8C, 0x9A, 0x8A, 0xCA, 0x77, 0x7C,
    0x54, 0xD3, 0xDB, 0xA3, 0x66, 0xAE, 0xEA, 0x1D, 0x8D, 0x77, 0xA7, 0x03, 0xCE, 0x4B, 0x7D, 0x96,
    0x04, 0x5C, 0x63, 0x26, 0xB2, 0xAC, 0x98, 0x1A, 0xCB, 0xB0, 0x44, 0x95, 0xCF, 0x75, 0xB1, 0x78,
    0x7C, 0xA4, 0x2E, 0xF3, 0xCF, 0xA7, 0xB3, 0xC7, 0xF8, 0x7D, 0x99, 0xCA, 0x49, 0xBC, 0xB7, 0x64,
    0x2A, 0x5D, 0xB0, 0xAD, 0x64, 0xA0, 0xEA, 0xFE, 0x36, 0xCE, 0xD4, 0xBE, 0xBA, 0x70, 0xD4, 0x01,
    0xFC, 0x3A, 0xCE, 0x21, 0x70, 0x9A, 0x8C, 0xE0, 0x80, 0x54, 0xCB, 0xF6, 0x95, 0x9A, 0xD9, 0xDB,
    0x5A, 0x26, 0xAF, 0x74, 0xF6, 0x28, 0x0C, 0x4D, 0xFE, 0x95, 0x8A, 0xBE, 0xAD, 0x8E, 0xF2, 0x2F,
    0xCA, 0x57, 0x88, 0xBE, 0xCD, 0xA8, 0x01, 0xC3, 0xFC, 0x05, 0x42, 0xFC, 0xEA, 0x48, 0x88, 0xCF,
    0x39, 0xFB, 0x55, 0xF2, 0x0F, 0xB5, 0x2A, 0xDB, 0xE9, 0xE3, 0x1C, 0x70, 0x25, 0xA2, 0x0F, 0x9C,
    0x81, 0x8B, 0x8D, 0x4B, 0xEB, 0x45, 0x32, 0xF9, 0xF1, 0x59, 0xD6, 0x95, 0xBD, 0xF3, 0x83, 0x26,
    0xFC, 0xF3, 0x14, 0xFD, 0x73, 0x04, 0x51, 0x7F, 0x01, 0x5B, 0x55, 0x8C, 0x20, 0xEF, 0x64, 0x0D,
    0x70, 0xB2, 0x86, 0xF0, 0x7C, 0x27, 0xEB, 0x1E, 0x4C, 0x0B, 0x7C, 0x18, 0xD1, 0x8C, 0x5D, 0x3A,
    0xAD, 0x8A, 0x3E, 0x59, 0xCB, 0x19, 0x39, 0x0D, 0x15, 0xFA, 0x30, 0x2D, 0x7A, 0x7E, 0xF5, 0xC8,
    0xE6, 0x9C, 0x23, 0x15, 0x0B, 0x30, 0x53, 0xB8, 0x32, 0xB5, 0xFB, 0x5B, 0xB1, 0x72, 0xAE, 0xA1,
    0xF8, 0x9C, 0x63, 0xBE, 0x4C, 0x35, 0x25, 0xBD, 0x4E, 0xDD, 0x53, 0x5F, 0x57, 0xD0, 0x05, 0xC9,
    0x35, 0x44, 0xB7, 0xD4, 0x5A, 0x77, 0xE4, 0x43, 0xDB, 0x22, 0x78, 0x6A, 0x31, 0x44, 0xBD, 0xC9,
    0x7B, 0x8C, 0xC5, 0x53, 0xEF, 0xED, 0x3C, 0x79, 0x7F, 0x23, 0xD0, 0x59, 0xCC, 0xF5, 0x6B, 0x6C,
    0x67, 0xA9, 0x5B, 0x3F, 0xF4, 0x32, 0x47, 0xFC, 0x2D, 0x1F, 0xF8, 0x30, 0x0C, 0xB6, 0x85, 0x63,
    0x4A, 0x23, 0x5F, 0x3A, 0xD6, 0x91, 0xA0, 0x14, 0xA7, 0xE1, 0xC3, 0xA3, 0x4A, 0x7D, 0x12, 0xD5,
    0x76, 0x3E, 0x35, 0x28, 0xF3, 0x53, 0x83, 0xB0, 0x58, 0x83, 0xB0, 0x5D, 0x83, 0x50, 0xEB, 0x0B,
    0xB4, 0xCC, 0xE0, 0x3A, 0x0B, 0x44, 0xCF, 0x01, 0x61, 0xF2, 0xDB, 0x82, 0xF0, 0x9C, 0x61, 0xD7,
    0xD3, 0x32, 0xEC, 0xBA, 0xF0, 0xC3, 0xAE, 0x65, 0x09, 0xBF, 0xC1, 0x3A, 0x5E, 0x47, 0x9C, 0xE6,
    0xDC, 0x61, 0xD7, 0xD1, 0xD9, 0x61, 0xD7, 0x5F, 0x28, 0x29, 0xFE, 0xAE, 0xE1, 0xF8, 0x5B, 0x93,
    0xE2, 0xB4, 0x90, 0x62, 0xBF, 0x90, 0x22, 0x16, 0x5E, 0xF3, 0x05, 0xA3, 0xF7, 0xCF, 0x27, 0xC5,
    0xF8, 0x1C, 0x52, 0x54, 0xFB, 0x7F, 0x43, 0x27, 0xC1, 0x1C, 0x04, 0x71, 0x0E, 0x9A, 0x8F, 0x70,
    0x0C, 0xEE, 0x94, 0x87, 0xB9, 0x9C, 0x6B, 0xE1, 0xF5, 0xB7, 0xB0, 0xF0, 0x2E, 0x32, 0x77, 0x87,
    0x16, 0x54, 0x90, 0x27, 0x12, 0xB6, 0x0D, 0x87, 0xB7, 0x86, 0x85, 0x9A, 0xA2, 0xFE, 0x45, 0x67,
    0xE3, 0xAA, 0x51, 0xCD, 0x90, 0x9D, 0xD9, 0x7F, 0x19, 0x67, 0xA3, 0x42, 0x45, 0xE7, 0xAC, 0xD9,
    0x2A, 0x58, 0x3C, 0x2B, 0xAB, 0xB9, 0x5B, 0x17, 0x93, 0xA8, 0x91, 0x92, 0xF8, 0x67, 0xCE, 0xBB,
    0x8F, 0xF6, 0x09, 0xEE, 0xD4, 0x47, 0xF6, 0x6D, 0x9D, 0x95, 0x62, 0xEA, 0xE0, 0x9E, 0x8F, 0x36,
    0xBD, 0xEE, 0xAC, 0x79, 0x75, 0x48, 0x47, 0x91, 0x47, 0x55, 0x73, 0xFB, 0x1A, 0x7C, 0x0D, 0x96,
    0xCA, 0xB1, 0x6D, 0xFB, 0x7B, 0x89, 0x51, 0x13, 0xCC, 0xB9, 0xCA, 0x04, 0xF5, 0x6E, 0xF5, 0x8F,
    0xDB, 0x39, 0xB6, 0x77, 0x1A, 0x7A, 0x11, 0x03, 0x24, 0x62, 0x07, 0x7A, 0xEE, 0xF9, 0x40, 0x11,
    0x54, 0x73, 0xFC, 0x1C, 0xE2, 0x7C, 0x15, 0xE2, 0xF3, 0x5C, 0x6B, 0x5A, 0x25, 0xCD, 0xEF, 0x17,
    0x96, 0x11, 0xDF, 0xFD, 0x9A, 0x86, 0x62, 0x72, 0x9D, 0xB1, 0xC1, 0x44, 0x84, 0x6E, 0x5E, 0x20,
    0xA4, 0x6F, 0x0D, 0x2F, 0x5F, 0x16, 0x2C, 0x26, 0xF9, 0x26, 0x4B, 0x32, 0xCE, 0xC5, 0x79, 0xC4,
    0xBA, 0xDF, 0xC2, 0x3F, 0xCA, 0x40, 0x3D, 0x87, 0x05, 0xED, 0x08, 0x5E, 0xEF, 0x96, 0xA7, 0x19,
    0xA0, 0x2B, 0x5F, 0x2B, 0x07, 0x1F, 0xD6, 0x06, 0xF3, 0x9F, 0x5B, 0x6C, 0xCE, 0x30, 0xEC, 0xD6,
    0x35, 0x60, 0x99, 0xCF, 0x6C, 0x35, 0xEB, 0xFA, 0xC9, 0xC3, 0x22, 0xA4, 0xCD, 0xC1, 0x50, 0x3B,
    0x4D, 0x2D, 0xFF, 0xB1, 0x3E, 0x80, 0x49, 0x9F, 0x6C, 0x10, 0x24, 0xEF, 0xF9, 0x47, 0xD0, 0xED,
    0xF6, 0x53, 0x35, 0x57, 0x0F, 0x37, 0xA0, 0x51, 0xBE, 0x99, 0x35, 0x67, 0x42, 0xB7, 0x9E, 0xBF,
    0x87, 0xB7, 0x32, 0xD6, 0xBF, 0xDC, 0x45, 0xF1, 0x68, 0x69, 0x80, 0x70, 0x42, 0x9C, 0x90, 0xB3,
    0x81, 0x64, 0x37, 0x93, 0x7E, 0x14, 0x9C, 0x33, 0x0D, 0x2E, 0xC4, 0x18, 0xC6, 0x78, 0xBA, 0xE0,
    0x5A, 0x62, 0x0D, 0xBE, 0xC4, 0x06, 0xA6, 0x2F, 0xDD, 0x0F, 0xF8, 0x81, 0x91, 0x2F, 0x85, 0x6F,
    0x70, 0xC2, 0x2F, 0x6D, 0xC6, 0x72, 0xE4, 0xCA, 0x53, 0xA5, 0xF0, 0xC1, 0x41, 0x29, 0xFC, 0x89,
    0x75, 0x62, 0xDA, 0x4C, 0xAA, 0x6C, 0x99, 0x49, 0x35, 0x9C, 0x37, 0x93, 0xEA, 0xB0, 0xDD, 0xB1,
    0xD8, 0x77, 0xAB, 0xAE, 0xBB, 0x21, 0xE3, 0xF9, 0x8C, 0x65, 0x51, 0xAE, 0x67, 0x52, 0xCD, 0x1F,
    0x63, 0x26, 0x95, 0xF3, 0x33, 0xA9, 0x8A, 0x7D, 0xB6, 0x4E, 0xCF, 0xB2, 0xA0, 0xE9, 0xBC, 0x2A,
    0xF3, 0xD0, 0xA2, 0x0F, 0xCB, 0x90, 0x8F, 0xB7, 0x1F, 0x6F, 0xED, 0xFC, 0x78, 0xEB, 0x8A, 0xDC,
    0xB0, 0x39, 0x98, 0x62, 0x35, 0xAF, 0xA7, 0x58, 0x95, 0x5D, 0xD6, 0xD0, 0x7F, 0xE7, 0x94, 0x14,
    0x26, 0x54, 0x06, 0x63, 0x63, 0xF6, 0x62, 0x70, 0xD6, 0x62, 0x6F, 0x95, 0x09, 0xE1, 0x7E, 0x9A,
    0x90, 0x95, 0x9D, 0x98, 0x46, 0x0A, 0x6C, 0xF8, 0xF7, 0xE1, 0x47, 0x4F, 0x1C, 0x0E, 0x9E, 0xFE,
    0xC8, 0x9F, 0xFD, 0xC3, 0x12, 0x97, 0xE7, 0x27, 0x6A, 0x35, 0x72, 0xC2, 0x32, 0xA6, 0xCA, 0x68,
    0x4E, 0x1F, 0x96, 0xB8, 0x7F, 0x7E, 0x62, 0x63, 0x90, 0xC7, 0xF6, 0xFD, 0xE4, 0x07, 0x3F, 0x15,
    0xC3, 0x0A, 0x7A, 0x14, 0x11, 0x9C, 0x70, 0xC7, 0x76, 0x1C, 0xC7, 0x32, 0x47, 0x9E, 0x59, 0x6A,
    0xFC, 0x83, 0xCD, 0xC0, 0xDA, 0xEE, 0x03, 0xAE, 0xB1, 0xFB, 0x94, 0xBD, 0xB6, 0xF2, 0x30, 0x6D,
    0x49, 0xA3, 0x52, 0x3E, 0x4A, 0x47, 0xF3, 0xF1, 0xEF, 0xB7, 0xFA, 0x9E, 0xBA, 0xB3, 0xA6, 0x9F,
    0x64, 0xD6, 0x7E, 0x1E, 0x84, 0xE7, 0xAD, 0xED, 0xA7, 0xEC, 0xED, 0xA1, 0x8C, 0xE5, 0x6C, 0x59,
    0x77, 0x4C, 0xCE, 0xD0, 0xB2, 0x9B, 0x9B, 0x14, 0xD8, 0xAC, 0x76, 0x20, 0x78, 0x91, 0xD4, 0x21,
    0x5E, 0x74, 0x4A, 0x31, 0x2B, 0x08, 0xED, 0xD0, 0x2D, 0x7F, 0x8E, 0x6A, 0xC4, 0xC5, 0x1E, 0x60,
    0x66, 0x6B, 0xBA, 0x1B, 0x43, 0x1E, 0x9D, 0x6F, 0xC7, 0x87, 0xEC, 0xD0, 0x89, 0x09, 0x28, 0x3E,
    0x24, 0x4C, 0xD0, 0x20, 0x7C, 0xB2, 0x61, 0x3D, 0x48, 0xC7, 0xBC, 0x5D, 0xD9, 0xB1, 0xC0, 0xA7,
    0x7E, 0x55, 0x1F, 0x78, 0xF0, 0xA3, 0x89, 0x69, 0x6B, 0x4D, 0x50, 0xF7, 0x9A, 0xD3, 0xBE, 0x8E,
    0x2C, 0xF6, 0x66, 0x4E, 0x87, 0xBB, 0x90, 0xDD, 0x2B, 0x3F, 0x6C, 0x33, 0xCE, 0x0A, 0xE0, 0xD4,
    0x40, 0x61, 0xAC, 0xF2, 0x33, 0x60, 0xAC, 0x52, 0xA7, 0x9E, 0x69, 0xCC, 0xEC, 0x96, 0x7C, 0x97,
    0xDE, 0x8A, 0xEF, 0xD6, 0x8C, 0x95, 0x2A, 0x4D, 0x1C, 0x0C, 0x7B, 0xD3, 0x01, 0x9E, 0xD6, 0x58,
    0x8C, 0x14, 0x6C, 0x84, 0x90, 0x68, 0xB0, 0x19, 0x73, 0xD5, 0x6B, 0xC5, 0xA2, 0x92, 0x16, 0x29,
    0x5C, 0xAF, 0xC6, 0xC3, 0x05, 0xED, 0xA9, 0xB9, 0xF1, 0x88, 0x4D, 0x4E, 0x9C, 0x94, 0x78, 0xDE,
    0xDC, 0xF8, 0xBB, 0x10, 0x42, 0xE7, 0xDC, 0xF8, 0x4A, 0xC0, 0xC5, 0xBC, 0xA3, 0xE0, 0xE6, 0xED,
    0xCE, 0xE6, 0x2B, 0xC5, 0xCA, 0x5E, 0x21, 0x26, 0xF3, 0x94, 0x2F, 0x21, 0x9C, 0x39, 0xDA, 0x83,
    0xE6, 0x6C, 0x1D, 0x5F, 0xD6, 0x66, 0xC2, 0x46, 0x9B, 0x09, 0xDD, 0x79, 0xCD, 0x84, 0x3A, 0x97,
    0x01, 0x01, 0xEA, 0xDD, 0x41, 0x5D, 0xA1, 0x55, 0x8B, 0xF8, 0x19, 0xAB, 0xBA, 0xBA, 0xC2, 0xC6,
    0xAF, 0xFA, 0x8A, 0x92, 0x75, 0x5D, 0xF5, 0xB1, 0x08, 0xAB, 0x36, 0x07, 0x03, 0xB5, 0x35, 0x33,
    0x1E, 0x1B, 0x77, 0xFF, 0x04, 0xF6, 0x4B, 0x77, 0x9D, 0x82, 0x0A, 0xBD, 0x36, 0xCB, 0x26, 0x74,
    0x14, 0x62, 0xA9, 0x11, 0x78, 0x4E, 0x81, 0xE5, 0x41, 0x16, 0x39, 0xC5, 0x3F, 0x15, 0x0F, 0xBC,
    0x7B, 0x1E, 0xCD, 0xFA, 0x3F, 0xC7, 0x80, 0xF5, 0x5A, 0xBB, 0xF6, 0xE9, 0x56, 0xCD, 0x7E, 0x69,
    0xDA, 0xD5, 0x33, 0xED, 0x07, 0x94, 0xA0, 0x7D, 0xEE, 0x2E, 0x05, 0xB5, 0x76, 0x21, 0xDD, 0x58,
    0x5B, 0x57, 0xE7, 0xA2, 0x66, 0xF6, 0xA8, 0x09, 0x0D, 0x35, 0xB9, 0xA2, 0x46, 0x45, 0xA0, 0x7B,
    0xCD, 0x26, 0x50, 0x94, 0xBB, 0x15, 0x6A, 0x7C, 0x5D, 0x72, 0xAA, 0x64, 0xE7, 0xFC, 0xE0, 0x67,
    0x5F, 0x39, 0xDD, 0x9B, 0x5A, 0xDF, 0xE9, 0x49, 0x3A, 0xF5, 0x66, 0xB2, 0x02, 0xF8, 0xAB, 0x9A,
    0x77, 0x50, 0xB3, 0x28, 0xE1, 0xC8, 0x3F, 0xAA, 0x76, 0x7B, 0x3E, 0xDE, 0x47, 0x3C, 0x47, 0xFB,
    0x36, 0xBD, 0x9A, 0x5A, 0xE0, 0xDD, 0xE0, 0x19, 0x10, 0xEE, 0x8A, 0xD5, 0xE6, 0x47, 0xFE, 0x51,
    0x9C, 0xE7, 0xF6, 0x6A, 0x3E, 0x87, 0x8A, 0xED, 0x5B, 0x3C, 0x40, 0xE8, 0xFF, 0x01, 0xE5, 0x5C,
    0xBF, 0xB3, 0xDD, 0xC6, 0x75, 0x5E, 0x00, 0xA1, 0x30, 0x19, 0xCC, 0x10, 0x99, 0x4C, 0x34, 0x29,
    0x34, 0x32, 0xFE, 0x80, 0xC4, 0x44, 0xAB, 0x82, 0xE4, 0x62, 0xA4, 0x42, 0x85, 0x0B, 0xBA, 0x30,
    0x53, 0xC4, 0x8D, 0x8B, 0x74, 0x99, 0x09, 0x5B, 0x15, 0xE4, 0x03, 0x34, 0x2E, 0x52, 0xA4, 0x90,
    0x8A, 0xA4, 0x4A, 0xE1, 0x3E, 0x8D, 0x5D, 0xA8, 0x70, 0x66, 0x48, 0x02, 0x9E, 0x14, 0x2A, 0x52,
    0x18, 0x0A, 0x4B, 0x17, 0x86, 0xC7, 0xCA, 0xA4, 0x48, 0x11, 0x28, 0xC6, 0x48, 0x60, 0x02, 0x60,
    0x73, 0xBE, 0xEF, 0x2C, 0x70, 0x71, 0xDF, 0xBB, 0x8F, 0xA6, 0x95, 0xB1, 0xF4, 0xA8, 0x77, 0xE7,
    0xF1, 0xE2, 0xDD, 0xB7, 0x8B, 0xBD, 0xBB, 0xE7, 0x3B, 0xBF, 0xCF, 0x01, 0x8D, 0x31, 0xC6, 0x55,
    0xF2, 0x66, 0x22, 0xD7, 0xE0, 0x12, 0xEB, 0x25, 0xD5, 0x4B, 0xEE, 0x5A, 0x5C, 0xAC, 0x5E, 0x6A,
    0xD7, 0xC9, 0x7B, 0xE0, 0xEA, 0x1E, 0xF3, 0xE7, 0x12, 0x97, 0x78, 0xB2, 0xB8, 0xA4, 0xBD, 0x1D,
    0x30, 0xBF, 0xB3, 0x23, 0xE6, 0x37, 0x39, 0x2E, 0xAE, 0xC8, 0x26, 0xCC, 0x77, 0x6E, 0xC2, 0xFA,
    0xBC, 0x24, 0xA3, 0x49, 0x67, 0xCC, 0x37, 0xE9, 0x82, 0xF9, 0x26, 0x91, 0x4B, 0xD9, 0xC8, 0xF7,
    0x72, 0x23, 0x72, 0x09, 0x1C, 0x26, 0x17, 0xD1, 0xC2, 0x4B, 0x32, 0xE3, 0x52, 0x39, 0xF9, 0xEA,
    0xD2, 0x4D, 0xFE, 0x62, 0x4E, 0xBF, 0x62, 0xEE, 0xD2, 0x64, 0x03, 0x2F, 0xF9, 0xB0, 0xFF, 0x94,
    0xE8, 0x58, 0xFD, 0xBF, 0x13, 0x76, 0xB2, 0xC8, 0x17, 0xBD, 0xE3, 0x0A, 0xF9, 0x36, 0xD7, 0xC8,
    0x9B, 0xED, 0x23, 0x67, 0xD2, 0x31, 0x70, 0x55, 0xBC, 0x18, 0xD7, 0x86, 0xAE, 0x90, 0x43, 0xB9,
    0x46, 0x76, 0x6F, 0x7B, 0xD9, 0x5F, 0x3A, 0x86, 0x7E, 0x24, 0x70, 0x85, 0x9C, 0xAC, 0x6E, 0xE4,
    0x03, 0x67, 0xE4, 0x93, 0xAC, 0x6F, 0xDD, 0x6B, 0xA1, 0x1C, 0xCE, 0x35, 0x6F, 0x3C, 0x4F, 0x96,
    0xE2, 0xC2, 0xAE, 0x40, 0x09, 0xA5, 0xB1, 0x52, 0x6A, 0xDC, 0xFE, 0x88, 0xDD, 0x75, 0xBC, 0x3C,
    0xD6, 0xCF, 0xA3, 0xFF, 0xB3, 0x6E, 0x39, 0xD6, 0xB1, 0x5C, 0x97, 0xBC, 0x6D, 0xF6, 0x97, 0xE3,
    0xD7, 0x3F, 0x71, 0x4A, 0x78, 0x04, 0x64, 0xA2, 0x97, 0x4C, 0x2F, 0x47, 0x08, 0x1A, 0xE7, 0x7A,
    0xCE, 0xF7, 0x08, 0x96, 0xBA, 0x2F, 0x22, 0x98, 0x29, 0x90, 0xB6, 0x25, 0x90, 0x35, 0x4E, 0x08,
    0x20, 0xF3, 0x03, 0x82, 0xB1, 0x5C, 0x66, 0x9E, 0x83, 0x08, 0xF6, 0x44, 0xD0, 0x0A, 0x90, 0x40,
    0xB0, 0x51, 0x04, 0x0B, 0x99, 0x8C, 0x9F, 0x17, 0x21, 0x58, 0x63, 0xD3, 0xCF, 0xF1, 0xD5, 0xB7,
    0x1F, 0xF1, 0x9C, 0xDB, 0x61, 0xEF, 0xE2, 0xB7, 0x9B, 0x24, 0x41, 0x75, 0x74, 0xCE, 0xC4, 0xD5,
    0x8D, 0x1C, 0x05, 0x4B, 0x0C, 0xB2, 0xCD, 0xB2, 0x4F, 0x27, 0x79, 0x8B, 0x1C, 0xC1, 0xA8, 0xB2,
    0xD1, 0x94, 0x9D, 0x30, 0x57, 0x3E, 0x00, 0xCD, 0x29, 0x70, 0x8D, 0x5C, 0xEB, 0x4E, 0x46, 0x72,
    0x3F, 0x92, 0x0D, 0x42, 0xA3, 0x44, 0xEE, 0xE9, 0x38, 0x23, 0x74, 0x4D, 0x20, 0x6C, 0xD0, 0xFF,
    0x20, 0xC7, 0xC9, 0x82, 0xFA, 0xC3, 0xFA, 0x53, 0xFD, 0x9E, 0x1B, 0x7A, 0xB1, 0x24, 0x9D, 0x51,
    0xD2, 0x79, 0xB2, 0x82, 0x79, 0x49, 0x1F, 0x5E, 0x9E, 0x1C, 0x6D, 0x8F, 0xF8, 0xCA, 0xFC, 0x41,
    0xE7, 0x93, 0x4D, 0xD3, 0xCF, 0x78, 0x83, 0xAD, 0x6A, 0x5C, 0x9E, 0x1A, 0x5B, 0xBC, 0x1C, 0x7C,
    0xE9, 0x6F, 0x87, 0x6F, 0x39, 0x01, 0x5F, 0x7E, 0x02, 0xBE, 0xE0, 0xF7, 0x02, 0x9F, 0x9E, 0xBD,
    0xC6, 0xF6, 0xA8, 0x0F, 0x6A, 0x7C, 0x6F, 0x89, 0x6D, 0x96, 0xD5, 0x8A, 0xA1, 0xD9, 0xCE, 0x15,
    0x60, 0xCB, 0x01, 0xBE, 0x38, 0x58, 0x40, 0xD6, 0x39, 0x92, 0xE9, 0x02, 0xC4, 0x11, 0x1D, 0xBE,
    0x12, 0xE1, 0xF4, 0x8A, 0x20, 0x53, 0xAC, 0xB2, 0xC9, 0x33, 0x16, 0x2F, 0x81, 0x52, 0x7B, 0x95,
    0xCA, 0x70, 0xBC, 0xAE, 0xE8, 0x9E, 0x6D, 0x07, 0xC6, 0x32, 0x72, 0x2B, 0x76, 0x16, 0xF3, 0xAC,
    0x39, 0xF7, 0xFA, 0xF8, 0x8A, 0xA2, 0x6B, 0x12, 0xD5, 0x9D, 0x96, 0x2A, 0xC5, 0xDC, 0xB9, 0xA3,
    0xDF, 0xFD, 0x50, 0xE1, 0xD5, 0xB1, 0x54, 0x95, 0x4A, 0xAA, 0x43, 0x37, 0xAF, 0xAF, 0x08, 0x3F,
    0xC0, 0xC6, 0xCE, 0x00, 0x65, 0x46, 0xE5, 0x9B, 0xE2, 0x73, 0xD2, 0xAC, 0x24, 0xA2, 0xF2, 0x0D,
    0xDB, 0x03, 0x80, 0xD8, 0x79, 0x89, 0x1B, 0x4B, 0x59, 0xDE, 0x94, 0x1F, 0xC8, 0xA6, 0x6D, 0x21,
    0x6B, 0x5B, 0x93, 0x35, 0x7B, 0x62, 0xE4, 0x0B, 0x36, 0xE2, 0x5C, 0x15, 0xB8, 0x16, 0xC0, 0x35,
    0xB6, 0x97, 0x37, 0xD1, 0xD5, 0xA2, 0x91, 0x17, 0x51, 0xBE, 0x02, 0xB6, 0x1C, 0xB1, 0x6E, 0x53,
    0x80, 0x1C, 0xAB, 0x26, 0xAE, 0x64, 0xA4, 0xF6, 0x23, 0x65, 0x2B, 0x07, 0xCA, 0xE5, 0x9E, 0x8A,
    0x33, 0xE4, 0x58, 0xF1, 0x9C, 0xBA, 0x9F, 0x55, 0xB5, 0xAC, 0xD9, 0xBF, 0xB6, 0xBC, 0xED, 0x3E,
    0x54, 0xFD, 0xF3, 0x13, 0xFA, 0x2B, 0xEF, 0x93, 0x76, 0x8E, 0x54, 0xBE, 0x93, 0x60, 0x67, 0xE6,
    0xBD, 0x60, 0x3C, 0x61, 0x25, 0xAF, 0x13, 0xB6, 0x49, 0x1F, 0x35, 0xF2, 0xF7, 0x76, 0xC0, 0xAE,
    0x64, 0x85, 0x14, 0xFB, 0x0E, 0x9B, 0xA4, 0x3D, 0x3E, 0x1A, 0xDD, 0x34, 0xBA, 0x7C, 0x94, 0x5E,
    0xC5, 0x34, 0x6D, 0x85, 0x0A, 0x51, 0x1F, 0x4C, 0x17, 0x6D, 0xAF, 0x90, 0x79, 0x54, 0xF9, 0x25,
    0xAA, 0x6A, 0x7C, 0x01, 0x52, 0xA7, 0x02, 0x4C, 0x58, 0xF5, 0x4F, 0x25, 0x84, 0x94, 0x12, 0xAC,
    0xB8, 0xD2, 0xFC, 0xCA, 0xAF, 0xA1, 0xA0, 0x49, 0x11, 0x26, 0xB0, 0x6A, 0x7F, 0x13, 0xC8, 0xB0,
    0xD9, 0x64, 0xF8, 0xCB, 0x02, 0xE5, 0xF6, 0x40, 0xC5, 0xE7, 0x80, 0x6A, 0x4F, 0x00, 0xF5, 0x42,
    0x47, 0x76, 0xB8, 0xD2, 0x8E, 0xEC, 0x55, 0xD3, 0xBB, 0x2F, 0xEF, 0xF2, 0x7E, 0x49, 0xEF, 0xEA,
    0x0F, 0x4D, 0x50, 0xD1, 0x4B, 0x8C, 0x31, 0x33, 0xAF, 0x1E, 0x14, 0x84, 0xD5, 0x29, 0x6F, 0x8E,
    0x6A, 0xBE, 0x3F, 0x34, 0xD7, 0xCD, 0xBB, 0x1A, 0x4C, 0x86, 0x8F, 0x69, 0x61, 0xD2, 0x4E, 0xB4,
    0xB0, 0xA0, 0xD2, 0xFA, 0x03, 0xF9, 0x13, 0x7F, 0xB5, 0x7C, 0x10, 0x14, 0x27, 0xBC, 0x2B, 0xF5,
    0x21, 0xE4, 0xE4, 0xD5, 0xA5, 0xDE, 0xD5, 0xB5, 0x42, 0xF7, 0xB4, 0x77, 0xB5, 0x1C, 0xBC, 0xAB,
    0x27, 0x57, 0x14, 0xDD, 0x4B, 0xBC, 0x2B, 0x75, 0x06, 0xC3, 0xDF, 0xEA, 0x5D, 0xDD, 0x32, 0x11,
    0xD1, 0x55, 0x1F, 0x23, 0x6F, 0xCA, 0x82, 0x60, 0x2D, 0x47, 0x20, 0x57, 0xE6, 0x9B, 0xE4, 0x5D,
    0x3D, 0x3A, 0xE7, 0x5D, 0xD1, 0x51, 0x4A, 0x71, 0x9C, 0xB8, 0x38, 0xF2, 0xAE, 0xEE, 0x80, 0xF3,
    0xD3, 0x2A, 0x6A, 0x4D, 0x34, 0xC6, 0x3D, 0x4E, 0x32, 0xE0, 0x8C, 0xC3, 0xEA, 0x77, 0x5D, 0x75,
    0xEF, 0xEA, 0x5B, 0xE2, 0x5D, 0xEC, 0xB0, 0xAD, 0x4A, 0x15, 0xE0, 0xE5, 0x1B, 0x29, 0xC0, 0x2F,
    0xE7, 0x5D, 0x25, 0x26, 0xE8, 0x60, 0xF6, 0x44, 0x4A, 0x28, 0xBD, 0x8A, 0x69, 0x44, 0x47, 0x2B,
    0x59, 0xCC, 0xD7, 0xE4, 0x5D, 0x7D, 0x69, 0x21, 0xBC, 0x4E, 0xDE, 0xD5, 0x55, 0xD3, 0xBB, 0x2F,
    0xE9, 0x5D, 0x95, 0x44, 0x3A, 0xE3, 0xBD, 0x46, 0x96, 0x52, 0xF2, 0x45, 0x23, 0x28, 0x64, 0x66,
    0xB2, 0xF8, 0xEB, 0xC6, 0x10, 0x10, 0x0C, 0x4F, 0x34, 0x40, 0x77, 0x49, 0xC0, 0xAC, 0x80, 0x2B,
    0x86, 0xE3, 0x97, 0x94, 0xB0, 0x5C, 0x61, 0x58, 0x60, 0xAC, 0x30, 0x5C, 0xE1, 0x6E, 0x50, 0x6E,
    0xBB, 0xDB, 0x73, 0xF1, 0x5D, 0x2E, 0x2E, 0x44, 0x12, 0xEA, 0x24, 0x1D, 0x86, 0xC5, 0x09, 0x95,
    0xE1, 0x60, 0x02, 0xA2, 0xB2, 0x9D, 0x5A, 0xB7, 0x73, 0xE2, 0xE5, 0xF5, 0x88, 0x32, 0x56, 0x49,
    0xA6, 0x49, 0x87, 0xDD, 0x40, 0x50, 0xB7, 0xA0, 0xAD, 0x89, 0x47, 0x51, 0x64, 0x53, 0x32, 0x45,
    0x73, 0x28, 0x44, 0x36, 0xEE, 0x67, 0x02, 0x74, 0x2B, 0xEF, 0x9D, 0xFD, 0xC2, 0xB5, 0xA2, 0x63,
    0x8A, 0xC4, 0xFD, 0xBD, 0x00, 0x23, 0xCB, 0xC8, 0x0D, 0x81, 0xD0, 0x33, 0xFA, 0x5B, 0xC1, 0xA3,
    0x13, 0x01, 0x19, 0xF2, 0x11, 0x39, 0x3F, 0x07, 0xFE, 0x39, 0x47, 0x48, 0xB0, 0x7F, 0x42, 0x86,
    0xF3, 0x8E, 0x96, 0x87, 0x3E, 0xE6, 0x77, 0x27, 0x3F, 0x67, 0xF0, 0xFB, 0xEB, 0xFE, 0x40, 0x71,
    0x33, 0xED, 0x72, 0x08, 0x3F, 0xB9, 0x3C, 0x19, 0x4B, 0x4E, 0x16, 0x21, 0x57, 0x30, 0xE0, 0xBE,
    0x89, 0xA7, 0x2B, 0x1A, 0x29, 0xED, 0xC0, 0xD2, 0x42, 0x1C, 0x7C, 0xE3, 0xBC, 0xE6, 0x9A, 0x28,
    0x24, 0x18, 0x9E, 0xE8, 0xFD, 0x2A, 0x18, 0x79, 0xC1, 0x45, 0x5A, 0xC8, 0x12, 0xC1, 0x18, 0x03,
    0x1D, 0x26, 0x18, 0x46, 0xC0, 0x08, 0x14, 0x0C, 0xBD, 0x9B, 0x52, 0x44, 0x79, 0xB1, 0x0A, 0x46,
    0x85, 0xC5, 0xD3, 0x16, 0xC3, 0xF1, 0x00, 0x9D, 0xE7, 0xA6, 0x50, 0xC1, 0x50, 0x13, 0x9E, 0xFE,
    0x52, 0x94, 0xDC, 0x33, 0xB9, 0x3F, 0xE8, 0xF5, 0x44, 0x11, 0x88, 0x8F, 0xB5, 0xDE, 0xDA, 0x9D,
    0xE3, 0x0D, 0x2C, 0x28, 0x5F, 0x5F, 0xFE, 0xD0, 0x89, 0xE8, 0xD5, 0x8D, 0x6D, 0xF3, 0xC1, 0xF6,
    0xE9, 0x94, 0x8D, 0xE9, 0x2C, 0xEF, 0x4B, 0xE4, 0xCA, 0x59, 0xB6, 0xF9, 0xA9, 0xA9, 0x9F, 0x17,
    0x14, 0x23, 0x08, 0xE1, 0x1F, 0x0B, 0x63, 0xBE, 0x25, 0x58, 0x9E, 0x89, 0x92, 0xAA, 0xDF, 0x76,
    0xEF, 0xCB, 0x61, 0xA0, 0x5B, 0x7C, 0x66, 0xF5, 0x91, 0x79, 0x0F, 0x80, 0xF7, 0xB7, 0xA9, 0xC8,
    0xA1, 0x08, 0xDF, 0xCB, 0xA1, 0x79, 0x6E, 0x07, 0xB3, 0xB9, 0xFC, 0x45, 0x86, 0x6E, 0x79, 0x8E,
    0x1E, 0xAA, 0x3A, 0x82, 0xC8, 0x55, 0x66, 0x61, 0xF0, 0x20, 0x81, 0xA0, 0x88, 0x81, 0x1C, 0x56,
    0x9D, 0x4D, 0xCD, 0xE4, 0xC9, 0x30, 0xCC, 0xAD, 0x6B, 0x71, 0x30, 0x3B, 0xC0, 0x35, 0xC9, 0xF8,
    0x7D, 0x09, 0x89, 0x20, 0xD2, 0x97, 0x71, 0x18, 0x29, 0x76, 0x31, 0x9F, 0x23, 0x5D, 0xD5, 0x47,
    0xEB, 0xDD, 0x5E, 0xC6, 0x65, 0xF1, 0xA8, 0x87, 0xD2, 0x95, 0x71, 0x2C, 0x3E, 0x73, 0xB8, 0x2C,
    0x08, 0x6C, 0x93, 0xEB, 0x76, 0xD4, 0x52, 0x66, 0x8B, 0x58, 0x6F, 0x48, 0x4C, 0xFA, 0xB6, 0xDC,
    0x75, 0xC2, 0x40, 0x82, 0x95, 0x49, 0x4C, 0xF0, 0x32, 0xA9, 0x09, 0x66, 0x2E, 0x40, 0xCE, 0x00,
    0xDC, 0x0C, 0x7A, 0x1A, 0xB0, 0x33, 0x09, 0x0A, 0x7E, 0x56, 0xC5, 0x04, 0x86, 0xC6, 0x76, 0xDE,
    0x8A, 0xC1, 0xD1, 0xA0, 0x69, 0x01, 0x96, 0x36, 0x24, 0xEA, 0xC6, 0xD3, 0xEA, 0x75, 0x47, 0xB3,
    0x1E, 0x9D, 0x8E, 0x05, 0xB9, 0x2B, 0xD4, 0xDF, 0xE7, 0x9D, 0x7B, 0xA6, 0xAF, 0x54, 0x63, 0x6A,
    0x9E, 0x33, 0xE5, 0x29, 0x34, 0xBE, 0x4E, 0xFA, 0x1C, 0x92, 0xD0, 0x45, 0xC3, 0xAB, 0x87, 0x83,
    0xEA, 0x75, 0x48, 0x32, 0x8C, 0x84, 0x29, 0xC1, 0xD6, 0x0B, 0x53, 0x06, 0xC6, 0x1C, 0xCE, 0x93,
    0x8D, 0x3E, 0x6C, 0x4E, 0x61, 0xA5, 0x16, 0x39, 0x6E, 0xDA, 0xC9, 0x8C, 0x59, 0x44, 0xE7, 0xAB,
    0x41, 0x4B, 0x71, 0x08, 0xBC, 0xD2, 0xEB, 0x77, 0xD9, 0x67, 0x4D, 0x7B, 0x04, 0x6E, 0x5F, 0xFC,
    0xF9, 0xA6, 0xA2, 0x15, 0xF5, 0xAB, 0xD6, 0x75, 0xAA, 0xFE, 0xBC, 0x01, 0xA8, 0xAB, 0x5D, 0xF8,
    0x03, 0xAC, 0xE8, 0x68, 0x80, 0x7C, 0xF6, 0xEF, 0x7A, 0x42, 0x25, 0x87, 0x9D, 0xCE, 0x21, 0x05,
    0xF3, 0x02, 0x25, 0x95, 0xF5, 0x79, 0x4F, 0xA0, 0xE0, 0x3D, 0x41, 0x4B, 0x45, 0x2E, 0x16, 0x97,
    0xF7, 0x0B, 0x52, 0xE1, 0x43, 0xAA, 0x29, 0xA8, 0x28, 0xC2, 0x04, 0xD3, 0xD5, 0x41, 0x4F, 0x89,
    0x3E, 0xCD, 0x5B, 0xA2, 0x54, 0xC3, 0xFB, 0xF1, 0x8A, 0x2A, 0xA4, 0x3F, 0x14, 0xFD, 0x86, 0x36,
    0x61, 0x18, 0xBD, 0xF2, 0xC2, 0xEB, 0x6C, 0x97, 0x9A, 0xB8, 0xBD, 0x0F, 0x75, 0x8C, 0x92, 0x50,
    0xDF, 0xBB, 0x2D, 0x73, 0x15, 0x4D, 0xF0, 0xB0, 0xC2, 0x29, 0xE9, 0x19, 0xF2, 0x9E, 0xD4, 0x73,
    0x04, 0x69, 0xA0, 0xDD, 0x98, 0x28, 0xBA, 0x8E, 0x41, 0xA1, 0xF0, 0xA5, 0xD0, 0x51, 0x40, 0x12,
    0x06, 0x90, 0x63, 0xC7, 0x9E, 0xCC, 0x8D, 0xC6, 0x8C, 0x20, 0xA1, 0x0C, 0x8F, 0xD4, 0xFC, 0x4F,
    0x74, 0x91, 0x02, 0xAE, 0x0A, 0x26, 0xD4, 0x5D, 0xCC, 0x61, 0x80, 0x24, 0x77, 0x9F, 0x51, 0x28,
    0xB2, 0x62, 0xBD, 0x5B, 0x43, 0x0A, 0xCB, 0x6C, 0x11, 0xEC, 0xC6, 0x19, 0x17, 0xB7, 0x05, 0x86,
    0xB3, 0x96, 0x9C, 0xD3, 0x27, 0xBA, 0x1D, 0xAF, 0x3F, 0x50, 0xA8, 0x4B, 0xE1, 0x24, 0x84, 0xBD,
    0x3F, 0x3E, 0x72, 0x10, 0x11, 0xE0, 0x7A, 0x6F, 0xB3, 0x7B, 0x95, 0xE6, 0x87, 0x21, 0x5A, 0xD1,
    0x58, 0x8B, 0x78, 0x89, 0xEB, 0x61, 0x8B, 0xB4, 0x39, 0xB6, 0x29, 0xA9, 0xAC, 0x0A, 0xC1, 0x0A,
    0x9C, 0x78, 0xAB, 0x30, 0x2A, 0xE9, 0x14, 0x39, 0xCA, 0x95, 0xED, 0xCB, 0x11, 0x56, 0x45, 0x6C,
    0xE7, 0x73, 0x15, 0x2B, 0xC0, 0x0B, 0xCC, 0xFE, 0x48, 0x76, 0x7C, 0x93, 0x52, 0x65, 0xFB, 0x50,
    0x20, 0x16, 0xBB, 0x22, 0xFB, 0xAB, 0x56, 0xA1, 0xCA, 0x8B, 0x6F, 0x93, 0x8D, 0x32, 0x7A, 0xA1,
    0x90, 0xAD, 0x5B, 0x8C, 0x55, 0x6E, 0x7A, 0xB8, 0x2E, 0xA6, 0x81, 0xED, 0xA2, 0x1E, 0x2B, 0xF6,
    0x66, 0x3F, 0xA6, 0x53, 0xDA, 0xD4, 0x8C, 0x5C, 0xD2, 0xF6, 0x14, 0x44, 0x64, 0xDF, 0xE2, 0x85,
    0xAE, 0x95, 0xC8, 0xD4, 0xDE, 0x39, 0x92, 0x61, 0x4B, 0x75, 0x8C, 0x88, 0x78, 0x73, 0xAD, 0x86,
    0x9D, 0x6B, 0x55, 0xEE, 0x5D, 0xAB, 0x0E, 0xDA, 0x00, 0xB6, 0xF8, 0xE0, 0x5A, 0xA9, 0x32, 0x4F,
    0xE9, 0x5A, 0xC5, 0x7B, 0xD7, 0x6A, 0x3E, 0xEF, 0x5A, 0x95, 0xC5, 0x6D, 0x81, 0xB6, 0xFB, 0x29,
    0x98, 0x40, 0x36, 0x06, 0x18, 0xDF, 0x3C, 0x77, 0xF4, 0x6C, 0x5C, 0xB3, 0xF7, 0x90, 0x26, 0xC2,
    0x43, 0xCD, 0x77, 0x8C, 0x8F, 0x0A, 0x14, 0x10, 0xA2, 0x44, 0x11, 0x22, 0x8A, 0x14, 0x30, 0x32,
    0x90, 0x29, 0x03, 0x90, 0xA8, 0xFC, 0x88, 0x12, 0xA5, 0x8A, 0x30, 0x51, 0xAC, 0xC0, 0x59, 0x37,
    0x21, 0xCA, 0x67, 0x06, 0x40, 0x19, 0x0A, 0x16, 0x91, 0x5A, 0x25, 0xEB, 0xFF, 0xA1, 0xCC, 0x9A,
    0x17, 0x2A, 0xB3, 0x1B, 0xC5, 0x41, 0x99, 0x59, 0x55, 0x66, 0x24, 0x3C, 0xCC, 0xC2, 0xA6, 0xCC,
    0xA6, 0xBD, 0x32, 0xAB, 0x76, 0xCA, 0x6C, 0x30, 0x47, 0xAA, 0x10, 0xCA, 0x4C, 0x6E, 0x07, 0xE1,
    0xA9, 0xCC, 0xC2, 0x23, 0x65, 0x66, 0xCE, 0x9B, 0x9E, 0x0B, 0xAF, 0xB3, 0x5D, 0x1E, 0x93, 0x94,
    0xF7, 0xD6, 0x79, 0x05, 0xE5, 0x6B, 0x54, 0x6D, 0xBB, 0xD7, 0x63, 0x06, 0xCD, 0x5E, 0x6B, 0xE5,
    0xFD, 0xA6, 0xD7, 0xE0, 0x23, 0xDE, 0x7D, 0xE8, 0x0B, 0xF3, 0x8F, 0xD5, 0x66, 0x81, 0x98, 0x37,
    0x19, 0xE8, 0x9F, 0x97, 0x0B, 0xFE, 0x03, 0xCB, 0x01, 0x91, 0x48, 0xE3, 0x67, 0xEA, 0x13, 0xD0,
    0x0A, 0xE1, 0x1B, 0x23, 0xB9, 0x49, 0x09, 0x0C, 0xEE, 0x86, 0xBF, 0x0A, 0xDD, 0x03, 0x49, 0x84,
    0xC4, 0xC0, 0x8B, 0x85, 0x46, 0x82, 0xC3, 0x2B, 0xCB, 0xC0, 0x79, 0xC5, 0x72, 0xA5, 0xD0, 0xA6,
    0x06, 0x56, 0xB2, 0x1D, 0xFB, 0xD0, 0xDC, 0x79, 0x84, 0xBD, 0xC8, 0x56, 0x64, 0x27, 0xE9, 0x61,
    0x1F, 0x37, 0x6A, 0x89, 0xFA, 0xAA, 0x1F, 0x4B, 0x24, 0xC8, 0xA8, 0x3D, 0x66, 0x00, 0x2C, 0xB4,
    0x90, 0x2F, 0xD4, 0x1F, 0x21, 0xB5, 0x18, 0x67, 0x86, 0xC4, 0xF2, 0xF3, 0x07, 0xF6, 0xF3, 0x31,
    0x77, 0x03, 0xF4, 0xC6, 0x57, 0xB1, 0xF5, 0xDD, 0x0B, 0x8A, 0x13, 0x01, 0x07, 0x96, 0xC3, 0x95,
    0x8A, 0x54, 0xB8, 0x0F, 0xFB, 0x9B, 0xF0, 0x23, 0xBF, 0xAC, 0x56, 0x3F, 0x78, 0xD0, 0x59, 0xD7,
    0xFD, 0x99, 0xAC, 0x0A, 0x63, 0xD0, 0x04, 0xF8, 0xA9, 0xC2, 0xF5, 0x8C, 0xD1, 0xF9, 0x33, 0x06,
    0xE9, 0xFC, 0x34, 0x71, 0xC2, 0x1E, 0x87, 0x04, 0x8B, 0x30, 0xB7, 0xED, 0x78, 0xE4, 0x0E, 0xBF,
    0xCB, 0xEB, 0xF5, 0xEF, 0x6A, 0x47, 0xCF, 0x42, 0x26, 0x17, 0x82, 0xC9, 0x6E, 0x85, 0x7B, 0x2A,
    0x9C, 0x2D, 0x62, 0x36, 0x09, 0xA7, 0xE6, 0xA1, 0x17, 0x9E, 0xCB, 0x4E, 0x31, 0x63, 0xAA, 0x41,
    0xF3, 0x28, 0x2D, 0x8C, 0x5A, 0xEC, 0xDE, 0xC5, 0xDF, 0xB2, 0x99, 0x5A, 0xAA, 0x1E, 0xC0, 0xFE,
    0xA1, 0xFB, 0x17, 0x70, 0x72, 0xEA, 0x98, 0xCD, 0xB4, 0xA3, 0x1D, 0xB7, 0xE9, 0xA9, 0x63, 0x46,
    0xA7, 0x1C, 0x13, 0x46, 0xEB, 0x4D, 0x36, 0xE3, 0x5E, 0x59, 0x99, 0xF6, 0x4D, 0x5C, 0x34, 0xDC,
    0x52, 0x4A, 0x9C, 0x0C, 0xED, 0xB7, 0xD4, 0xB3, 0x4A, 0x3A, 0x13, 0xC9, 0xF7, 0x2F, 0x06, 0xBE,
    0x6B, 0xFD, 0x56, 0x2F, 0x1A, 0x30, 0x7A, 0x47, 0x6A, 0x8B, 0x18, 0x3F, 0x35, 0x8C, 0xFC, 0x93,
    0x59, 0x4E, 0xE5, 0x84, 0xF9, 0x13, 0x04, 0xD6, 0x08, 0xAD, 0xFF, 0xCD, 0x55, 0x91, 0xFB, 0x40,
    0xA8, 0x85, 0xCC, 0x91, 0xFD, 0x5C, 0xCE, 0xED, 0x7E, 0x21, 0x0A, 0xDC, 0x59, 0x90, 0x1F, 0x5D,
    0x22, 0x9C, 0x80, 0xD8, 0x7D, 0x48, 0x45, 0xBF, 0x56, 0x72, 0xC4, 0x51, 0x37, 0x93, 0x5C, 0xCC,
    0x5B, 0x31, 0x5E, 0xB2, 0x78, 0xC3, 0xF1, 0xE8, 0x66, 0x6E, 0xD0, 0x69, 0x66, 0x27, 0xBF, 0xBB,
    0xEF, 0xE8, 0x89, 0xD4, 0xA6, 0xD8, 0x7D, 0x8E, 0xE1, 0xCF, 0x75, 0xFE, 0x09, 0xFD, 0x11, 0xDC,
    0x57, 0x15, 0x44, 0x2F, 0xA2, 0xFE, 0x1F, 0xD8, 0x0C, 0x21, 0x9A, 0x68, 0x5D, 0xB0, 0x97, 0xEC,
    0x17, 0x54, 0x14, 0x80, 0x30, 0xEC, 0x3A, 0x4F, 0x59, 0xB8, 0xBB, 0x89, 0x7B, 0x1B, 0xDB, 0xC9,
    0x66, 0x02, 0x51, 0x0E, 0xF8, 0x5B, 0x20, 0xE7, 0xA2, 0x9B, 0x75, 0x8F, 0x32, 0x3E, 0x59, 0x5A,
    0x80, 0x1E, 0xF7, 0x46, 0xEE, 0x87, 0xD0, 0xC2, 0x7E, 0xBA, 0xEB, 0x2D, 0x13, 0x64, 0x95, 0x42,
    0x0F, 0x76, 0x90, 0x7F, 0x80, 0x2F, 0x45, 0x72, 0xA3, 0xC0, 0xD7, 0xC9, 0xA8, 0x38, 0xBE, 0x72,
    0xF9, 0x4F, 0xF0, 0x7B, 0xE0, 0xB4, 0x42, 0xF7, 0xFA, 0xF7, 0x94, 0xBF, 0x81, 0xDE, 0x5D, 0xD1,
    0x16, 0xC1, 0x67, 0xFD, 0x5A, 0x47, 0x7E, 0xB2, 0x26, 0x84, 0xE1, 0x23, 0x04, 0x47, 0x86, 0xF5,
    0x0D, 0x91, 0xC0, 0x18, 0xEA, 0xAD, 0xFE, 0xC4, 0x35, 0xA9, 0xF0, 0x6E, 0x55, 0x77, 0x91, 0x43,
    0xDA, 0x04, 0x84, 0xB7, 0x23, 0x18, 0xFF, 0x3F, 0xC0, 0xEB, 0x0F, 0x90, 0x0A, 0x12, 0x80, 0xEC,
    0x6F, 0x20, 0x02, 0xFF, 0xBA, 0xF8, 0x09, 0x3D, 0xB2, 0x63, 0x85, 0xC4, 0xFF, 0x23, 0x8E, 0x58,
    0xE9, 0x66, 0xEA, 0xE7, 0x47, 0x99, 0x05, 0x9F, 0xD4, 0xD1, 0xB4, 0x94, 0xAF, 0x42, 0xA8, 0x97,
    0xEA, 0x79, 0xE8, 0xA8, 0xC2, 0x14, 0x79, 0x37, 0x7C, 0xDE, 0x95, 0x1D, 0xD5, 0x35, 0x88, 0x46,
    0x78, 0x6F, 0xA7, 0x7D, 0x83, 0x57, 0x54, 0xAC, 0x18, 0x86, 0xD8, 0xDE, 0xFB, 0x93, 0x3E, 0x53,
    0xAA, 0xB5, 0x99, 0x43, 0xF4, 0xAA, 0x26, 0x85, 0x6C, 0x21, 0xD3, 0xCB, 0x7B, 0x48, 0x27, 0x08,
    0x09, 0x8E, 0xEB, 0xFD, 0xBF, 0x57, 0x99, 0x53, 0x80, 0xB4, 0xF3, 0x64, 0x2D, 0x27, 0xA9, 0x83,
    0xB4, 0x7E, 0xD2, 0x7C, 0xCD, 0x71, 0x35, 0xE9, 0x1A, 0x21, 0x49, 0xB0, 0x98, 0x02, 0xD4, 0x20,
    0x6A, 0x58, 0x53, 0x9A, 0x2C, 0xD5, 0x44, 0xFD, 0x95, 0x41, 0x52, 0xFB, 0xFD, 0x98, 0x7A, 0x42,
    0x29, 0xE1, 0xEE, 0x5E, 0xA3, 0xAB, 0x81, 0x8A, 0xBA, 0x7D, 0x38, 0x75, 0x94, 0x5B, 0x53, 0xA7,
    0xD1, 0x77, 0x04, 0xA8, 0xD7, 0x68, 0x5C, 0x06, 0x08, 0xD3, 0x0E, 0x6E, 0xE3, 0xE9, 0x86, 0x00,
    0xA5, 0x10, 0x7D, 0x1F, 0x93, 0x93, 0x78, 0x82, 0x17, 0x14, 0x58, 0xD9, 0xAF, 0x4A, 0x4D, 0x50,
    0x02, 0xDD, 0xEC, 0x48, 0x31, 0x70, 0x3D, 0xE8, 0x1F, 0xBA, 0x16, 0xE8, 0x22, 0xA1, 0x4B, 0xF5,
    0x98, 0xB1, 0x33, 0x62, 0xA8, 0x89, 0xE4, 0x33, 0xD5, 0xA6, 0x29, 0xC3, 0xD6, 0x89, 0x34, 0x77,
    0x9D, 0x02, 0xCF, 0xE9, 0x76, 0xC2, 0x90, 0xE0, 0x95, 0x33, 0x10, 0x22, 0x20, 0xF2, 0x4F, 0xB6,
    0xEC, 0x59, 0xC8, 0x42, 0x8D, 0x77, 0x60, 0xAB, 0xC0, 0x51, 0xB5, 0x0B, 0xC5, 0xC9, 0xA7, 0x37,
    0xEE, 0x2B, 0x49, 0x9E, 0x82, 0x20, 0x0F, 0xE0, 0x78, 0x3D, 0x5E, 0x11, 0xCC, 0xD7, 0xEC, 0xC6,
    0x9B, 0x98, 0xF1, 0xD1, 0x56, 0x09, 0x1A, 0xB0, 0xA3, 0x5E, 0xF3, 0xEF, 0xC1, 0x6C, 0x11, 0xBB,
    0x09, 0x19, 0x8E, 0x1B, 0x00, 0x5E, 0x13, 0xFA, 0x07, 0x70, 0x53, 0xF3, 0x81, 0x1A, 0xB3, 0xEE,
    0x04, 0x19, 0xD7, 0xA0, 0x39, 0xF2, 0x3B, 0xA2, 0x4B, 0x17, 0xB8, 0x08, 0xCF, 0xA1, 0x6C, 0x89,
    0x27, 0x94, 0xED, 0x24, 0xC7, 0xA9, 0xFF, 0x1B, 0x78, 0x62, 0xC2, 0x44, 0x56, 0xB0, 0x83, 0x78,
    0x1C, 0x42, 0x83, 0x4E, 0x77, 0x9B, 0xFB, 0x72, 0x60, 0x9B, 0x14, 0x3C, 0xEC, 0xC3, 0x43, 0x91,
    0x68, 0xC8, 0x67, 0xF6, 0x0E, 0x65, 0x27, 0x6A, 0x08, 0x6B, 0xD1, 0xA0, 0xD0, 0x42, 0xCE, 0xAE,
    0xAF, 0x63, 0x09, 0x81, 0xF0, 0x49, 0xEF, 0xFF, 0xC6, 0xF7, 0xD4, 0x2D, 0x07, 0x75, 0x43, 0xB5,
    0x3C, 0xE5, 0x10, 0xD0, 0x1A, 0xAD, 0x42, 0x12, 0xE2, 0x34, 0x70, 0xE0, 0x2A, 0xA5, 0x3A, 0xE8,
    0x6C, 0xF2, 0x39, 0xD1, 0x3C, 0x90, 0x8A, 0xDB, 0x27, 0xF8, 0x5B, 0xEC, 0xBE, 0x43, 0x33, 0x38,
    0xD3, 0x0C, 0xD6, 0x3D, 0x53, 0x11, 0x22, 0x9D, 0x15, 0x64, 0xDA, 0x5B, 0x4D, 0x4C, 0x17, 0x49,
    0x24, 0x5D, 0x17, 0xCF, 0x16, 0x60, 0x15, 0xF9, 0x07, 0x68, 0xD5, 0xFE, 0xE2, 0xEB, 0x84, 0x93,
    0x4A, 0xE4, 0x40, 0xA8, 0x2A, 0x60, 0xCB, 0xA8, 0x52, 0xEE, 0x7F, 0x57, 0xB1, 0xA9, 0x52, 0x28,
    0xA0, 0xB4, 0x40, 0xB8, 0x27, 0x73, 0x01, 0x78, 0xB2, 0xF6, 0xF2, 0xEE, 0x01, 0x94, 0xF1, 0xB5,
    0x82, 0x92, 0x3D, 0x83, 0xA7, 0x09, 0x08, 0xD3, 0x26, 0x3E, 0xF2, 0x0B, 0x00, 0xA2, 0x96, 0xC3,
    0x81, 0xA2, 0x08, 0x19, 0x4A, 0x78, 0x80, 0x11, 0xD5, 0x21, 0x7C, 0x48, 0x17, 0xFA, 0x85, 0xEF,
    0x03, 0xC8, 0x16, 0xC6, 0x72, 0xC8, 0x81, 0xA4, 0x1C, 0x29, 0x71, 0x28, 0xFF, 0x01, 0x77, 0x2D,
    0x40, 0xC0, 0xA6, 0x17, 0x65, 0xA7, 0x60, 0xEA, 0xA6, 0x3D, 0x9A, 0xD7, 0xCB, 0x00, 0xFE, 0x4E,
    0x7E, 0xE5, 0x55, 0xD0, 0x9F, 0x2F, 0xE5, 0x7D, 0xAE, 0x0D, 0x18, 0x6B, 0x93, 0x85, 0xCF, 0x48,
    0x98, 0x40, 0x99, 0x13, 0x93, 0xD9, 0x62, 0x20, 0x67, 0xA5, 0xEE, 0xB1, 0x45, 0xE0, 0xEB, 0x64,
    0xA1, 0xBF, 0xEA, 0x67, 0x01, 0xD5, 0xC7, 0xCA, 0x15, 0x4A, 0x0F, 0xE2, 0x84, 0x8E, 0xCC, 0x40,
    0x15, 0x99, 0x13, 0xCE, 0x24, 0xB2, 0x3F, 0x6A, 0x54, 0xF4, 0xD4, 0x35, 0x34, 0x3E, 0x73, 0x05,
    0x4D, 0xE7, 0xE1, 0x35, 0xA9, 0xCF, 0xC3, 0x7A, 0xC1, 0x32, 0x5E, 0x91, 0x1A, 0x8F, 0xB1, 0xF1,
    0x42, 0x68, 0xBC, 0x4F, 0x6A, 0xBC, 0x36, 0x35, 0x1E, 0x68, 0xE3, 0x25, 0xD1, 0x78, 0xC7, 0xD4,
    0x78, 0x95, 0x6A, 0x3C, 0xDA, 0xC6, 0x8B, 0xE3, 0xEA, 0x9D, 0xAE, 0x7A, 0x95, 0x90, 0x4F, 0x3E,
    0xAF, 0xA6, 0xC7, 0xF6, 0x2E, 0xAA, 0x2F, 0xC2, 0x2B, 0xED, 0xD4, 0x2D, 0xE4, 0x5E, 0xBD, 0xA3,
    0x58, 0x16, 0xC9, 0x2E, 0x60, 0x97, 0x6F, 0x15, 0x40, 0xE5, 0x5D, 0x60, 0x90, 0x6F, 0x86, 0x9B,
    0x3A, 0x41, 0x8E, 0x7E, 0x05, 0x79, 0xB3, 0x5F, 0xA0, 0xF7, 0xDC, 0x3A, 0x54, 0x30, 0x2D, 0xFB,
    0xCF, 0x65, 0x23, 0x94, 0x4C, 0x43, 0xE9, 0xE3, 0x3B, 0x5D, 0x74, 0x39, 0x1F, 0xF0, 0x6D, 0xF9,
    0xDE, 0xB0, 0xA6, 0x5B, 0x18, 0xAA, 0x53, 0x43, 0x90, 0xD7, 0x4D, 0x7A, 0xD7, 0x75, 0xC5, 0xCF,
    0x77, 0x5A, 0xAC, 0x1D, 0x51, 0x7E, 0x9F, 0x9A, 0x34, 0x25, 0x82, 0x59, 0xAF, 0x08, 0xA2, 0xCE,
    0x76, 0x7D, 0x10, 0x4C, 0xB4, 0x4A, 0x38, 0x1E, 0x1C, 0x7A, 0x9F, 0x76, 0xCE, 0x55, 0x6A, 0xA7,
    0xAF, 0x1F, 0x41, 0xF3, 0x9A, 0x4F, 0xE2, 0xD0, 0x88, 0x6F, 0xED, 0x1F, 0x5B, 0xF8, 0xB7, 0x35,
    0x4F, 0x8B, 0x18, 0x13, 0xC9, 0xB8, 0x50, 0x24, 0x93, 0xEB, 0x25, 0x8B, 0xEA, 0xB8, 0xE7, 0x4C,
    0x88, 0xDD, 0x52, 0xD2, 0xDC, 0x3D, 0xD4, 0x59, 0xB5, 0x48, 0x9F, 0xA8, 0xCF, 0x68, 0xAE, 0x00,
    0xAA, 0x7F, 0xA3, 0xB5, 0x51, 0x71, 0x0E, 0x3F, 0xF2, 0xFE, 0x88, 0xB2, 0x62, 0x2C, 0xDF, 0x25,
    0xF3, 0xBE, 0x2D, 0x2E, 0xA8, 0xBA, 0xA7, 0xE6, 0x5A, 0xA1, 0x78, 0x86, 0xD0, 0x3E, 0x72, 0x2D,
    0x2B, 0x6A, 0x18, 0xFB, 0x16, 0x6F, 0xB8, 0x6D, 0xFE, 0xD9, 0xEC, 0x92, 0x1D, 0x5F, 0x2B, 0x72,
    0x5B, 0x5B, 0x9D, 0xB9, 0x96, 0x08, 0x9D, 0x6C, 0x1F, 0xF1, 0x6E, 0xC3, 0xC1, 0xE9, 0xDB, 0x3E,
    0xEF, 0x6A, 0xD7, 0x57, 0x03, 0xBB, 0xA3, 0xD7, 0x93, 0x43, 0x89, 0x54, 0x8B, 0xDB, 0xDE, 0x4F,
    0x7B, 0x72, 0xC8, 0x45, 0x8F, 0x78, 0x96, 0xCB, 0x69, 0x00, 0x26, 0x56, 0x01, 0xD9, 0xD9, 0xBA,
    0x60, 0x78, 0x30, 0xAD, 0x3D, 0x45, 0x70, 0x8A, 0xCA, 0x86, 0xC9, 0xDA, 0x85, 0x95, 0x16, 0x64,
    0x98, 0x07, 0xB6, 0x24, 0x33, 0x91, 0xCB, 0xD0, 0x22, 0x9E, 0xCC, 0x6E, 0x09, 0xE4, 0x5E, 0x8B,
    0x4B, 0x97, 0x70, 0xFC, 0x1B, 0xA6, 0xD7, 0xE4, 0x10, 0x24, 0xFB, 0x1D, 0x93, 0xCE, 0xA1, 0x7B,
    0xFE, 0x7D, 0x96, 0x1B, 0x7C, 0x36, 0xCF, 0x3D, 0x3F, 0xC4, 0x34, 0xE7, 0x8A, 0x80, 0xDD, 0xAE,
    0x66, 0xE0, 0x5B, 0xB0, 0x3C, 0x28, 0x3A, 0xF4, 0x97, 0xAE, 0x4A, 0x66, 0xEB, 0xBA, 0xC8, 0x05,
    0x88, 0x28, 0xE1, 0xFB, 0xF3, 0x41, 0xB6, 0x5C, 0xA2, 0x21, 0x3C, 0xD5, 0xC6, 0xDE, 0x30, 0x76,
    0x11, 0x71, 0x24, 0xF6, 0x23, 0xE9, 0xC5, 0x11, 0xB6, 0x92, 0xB9, 0xA6, 0x14, 0x8F, 0x79, 0x71,
    0xEE, 0x1F, 0xDF, 0x75, 0x4B, 0xAD, 0xDE, 0x6A, 0x71, 0xBA, 0x45, 0x87, 0x34, 0xA6, 0x5F, 0x4C,
    0x1F, 0x79, 0x65, 0x11, 0xF5, 0x31, 0xC3, 0x2F, 0x3A, 0xED, 0x98, 0x69, 0x76, 0x3A, 0xDC, 0x27,
    0x1E, 0xB4, 0x64, 0xEA, 0xBB, 0x1C, 0xD3, 0xCB, 0xDB, 0x3B, 0x9A, 0xCC, 0x2D, 0x56, 0xD1, 0x03,
    0x2D, 0x93, 0x91, 0x89, 0x76, 0x91, 0x5A, 0x4A, 0x99, 0xF1, 0xA4, 0x47, 0xC6, 0x27, 0x53, 0xD2,
    0xD7, 0x15, 0xEC, 0x7E, 0x38, 0xAF, 0x70, 0x28, 0x7A, 0x01, 0x53, 0xF0, 0x66, 0xB7, 0x84, 0x50,
    0x53, 0x11, 0x3D, 0xBD, 0x44, 0x83, 0xBF, 0x61, 0x7A, 0xDE, 0x53, 0xBA, 0xC0, 0x8C, 0x4C, 0xAB,
    0x9B, 0x7A, 0xF9, 0x0B, 0xD6, 0x51, 0x9D, 0x66, 0x0F, 0x9C, 0x76, 0x37, 0xDF, 0x5F, 0x1D, 0x7D,
    0xBC, 0x7D, 0x8E, 0x33, 0x3E, 0x7C, 0xBC, 0x59, 0xF6, 0x5C, 0xFB, 0x38, 0xD7, 0x30, 0x3D, 0xD9,
    0x13, 0xF3, 0xC6, 0x8F, 0x47, 0x53, 0x3F, 0x73, 0x08, 0x07, 0xFE, 0x14, 0xC5, 0x34, 0x54, 0xFC,
    0xF0, 0x41, 0x98, 0x38, 0x43, 0xFF, 0x57, 0x32, 0xFB, 0x9E, 0x31, 0x3F, 0x52, 0xFA, 0x11, 0x77,
    0x71, 0xA4, 0x43, 0x49, 0x51, 0x42, 0x28, 0xC1, 0xF4, 0xBF, 0xDC, 0xF3, 0x8F, 0x4A, 0x09, 0x89,
    0x99, 0x3D, 0xD5, 0xEA, 0xCE, 0xEB, 0xE7, 0x34, 0x9E, 0x10, 0xE1, 0xA9, 0x4F, 0x9A, 0x39, 0x9F,
    0x1B, 0xAA, 0x9D, 0xFA, 0x4B, 0x39, 0x93, 0xC5, 0x12, 0x96, 0xAE, 0x35, 0xAC, 0xAD, 0x63, 0xAE,
    0x5E, 0x17, 0xF9, 0xD8, 0x21, 0xF6, 0x75, 0xF7, 0x5A, 0x95, 0xA9, 0x8F, 0xFB, 0x90, 0x0C, 0x1F,
    0x0D, 0x2A, 0x56, 0xEF, 0x8E, 0x9A, 0x3D, 0xF9, 0x85, 0xEF, 0xD6, 0x73, 0x5A, 0xA4, 0x8E, 0x99,
    0x3B, 0x6E, 0xB4, 0x88, 0xAE, 0xF2, 0x67, 0x56, 0xF9, 0x5A, 0x01, 0x5B, 0x45, 0xCC, 0x84, 0xFB,
    0x89, 0xEE, 0xB2, 0x89, 0xA3, 0x3E, 0x9C, 0xC7, 0x1C, 0x33, 0x62, 0x48, 0xE7, 0xF3, 0x80, 0xDA,
    0xEE, 0x51, 0xA8, 0xD4, 0x40, 0xE2, 0x3A, 0xA2, 0xF5, 0x0F, 0xB5, 0x3E, 0xE0, 0xEA, 0x8D, 0xB4,
    0x26, 0x0F, 0x8E, 0xE4, 0x4E, 0x45, 0x4A, 0x75, 0x88, 0xAC, 0x78, 0x46, 0x52, 0x65, 0xEC, 0x3C,
    0x14, 0x13, 0x8F, 0x74, 0x22, 0xF3, 0x18, 0x5B, 0xE0, 0x34, 0x51, 0xFA, 0xF2, 0x7B, 0xC2, 0x0E,
    0xEE, 0x97, 0x2D, 0x30, 0xA4, 0x7C, 0xC3, 0x72, 0x40, 0x04, 0x67, 0xC8, 0x07, 0x56, 0x23, 0x5C,
    0x08, 0xCC, 0xA0, 0x57, 0x29, 0x6D, 0xD8, 0x38, 0xC2, 0x47, 0xA2, 0x69, 0x58, 0x4A, 0x35, 0x2A,
    0x8C, 0xEC, 0xE5, 0x1A, 0x8D, 0x42, 0x6A, 0x50, 0x03, 0xC7, 0xD1, 0x21, 0x91, 0xE2, 0x09, 0x4A,
    0x24, 0x0D, 0x4B, 0xE3, 0x71, 0xBD, 0xB1, 0xC6, 0x2F, 0xFD, 0x4E, 0x6B, 0x3F, 0x5D, 0x89, 0x31,
    0x28, 0x95, 0x08, 0xAC, 0x70, 0x77, 0xAE, 0x35, 0xE1, 0xEB, 0x08, 0x6C, 0xB8, 0x8F, 0xE1, 0xA1,
    0xF4, 0xCF, 0x58, 0x4A, 0x3F, 0x00, 0x2B, 0x11, 0xC4, 0x95, 0x02, 0xD6, 0x07, 0x2E, 0x5B, 0xC1,
    0xC8, 0x24, 0xF7, 0x7C, 0xE2, 0x2C, 0x6A, 0x4D, 0x5E, 0x29, 0xA7, 0x32, 0x23, 0x23, 0xD6, 0x98,
    0xC0, 0x46, 0x8D, 0x07, 0xB6, 0xDF, 0xFC, 0x17, 0x18, 0x5D, 0xBF, 0x8A, 0x4F, 0x47, 0x24, 0x9F,
    0x29, 0xB0, 0xCF, 0x06, 0x55, 0xAB, 0x9F, 0x4D, 0x5A, 0xAA, 0xAC, 0x66, 0xD5, 0xAC, 0x9F, 0x2C,
    0x9A, 0x91, 0xF9, 0x7C, 0xF1, 0x65, 0x4F, 0x6D, 0x48, 0xE4, 0x46, 0x55, 0x39, 0x9A, 0x55, 0x05,
    0x6F, 0x78, 0x79, 0x15, 0xEA, 0x27, 0x7A, 0xBC, 0xD6, 0x89, 0xF6, 0xB2, 0x89, 0x8B, 0x4F, 0x42,
    0x80, 0x55, 0x00, 0xAC, 0xF5, 0x4D, 0x3F, 0x79, 0xAF, 0x18, 0xD0, 0xA2, 0x40, 0xE9, 0x8E, 0xC4,
    0xF3, 0xDF, 0x1F, 0x4C, 0x9A, 0xB4, 0xD5, 0x56, 0x64, 0x5F, 0x04, 0x3B, 0xA8, 0xDE, 0xB5, 0x35,
    0xC7, 0xCC, 0x9A, 0x0B, 0x56, 0x6A, 0xF9, 0x0C, 0xCE, 0x23, 0x96, 0xD7, 0x6F, 0x11, 0xEE, 0xA8,
    0x21, 0xDC, 0xB7, 0xAF, 0x96, 0x1C, 0x87, 0x43, 0xE0, 0x9F, 0x77, 0xAA, 0xFA, 0x90, 0xAE, 0x9E,
    0x1B, 0x22, 0xE8, 0x9B, 0xAE, 0x1E, 0x89, 0x66, 0x1F, 0x7B, 0x05, 0x4D, 0x76, 0x6F, 0xBC, 0xB0,
    0x7B, 0x39, 0x0E, 0x37, 0x39, 0x56, 0x9B, 0x39, 0xDB, 0x77, 0x54, 0x8E, 0xB3, 0x46, 0x6D, 0x5E,
    0xDA, 0xAA, 0x59, 0x14, 0xCB, 0x4C, 0xCB, 0xF9, 0xA0, 0x53, 0xA9, 0x73, 0xDA, 0xE8, 0x95, 0x31,
    0x8D, 0x49, 0xE3, 0x68, 0xBC, 0xFD, 0xF4, 0xA5, 0x6B, 0x73, 0x10, 0x4F, 0x6F, 0x22, 0x57, 0x2B,
    0xCA, 0x89, 0xD1, 0xA5, 0x13, 0x3B, 0x5F, 0x2F, 0x1F, 0x54, 0xE0, 0x23, 0xEF, 0xDE, 0x86, 0x54,
    0x45, 0x6A, 0x51, 0x11, 0x1E, 0x68, 0xD9, 0xCD, 0x1B, 0x55, 0xB6, 0x60, 0x54, 0x87, 0xAC, 0xE1,
    0x96, 0x44, 0xDC, 0x3A, 0x79, 0xD8, 0x4F, 0x09, 0xE2, 0x40, 0x31, 0x0F, 0x39, 0xD2, 0x69, 0x37,
    0xCD, 0x59, 0xA8, 0x18, 0x5E, 0x2D, 0xF9, 0xDD, 0x92, 0x12, 0x5B, 0x62, 0x7B, 0xD3, 0xBB, 0x9B,
    0x78, 0xAE, 0x80, 0xA6, 0x6B, 0x1F, 0x74, 0xB2, 0x01, 0xAA, 0x3E, 0xEB, 0x30, 0xA7, 0x04, 0x74,
    0x2A, 0xBD, 0xCF, 0x69, 0x0B, 0x75, 0x4B, 0xCB, 0x8A, 0x9E, 0xEB, 0x5C, 0x57, 0x4A, 0x7E, 0xA7,
    0x3D, 0x46, 0xE5, 0xEC, 0x5B, 0x12, 0x3A, 0xB3, 0xFA, 0xAF, 0x9B, 0xD4, 0x6D, 0x38, 0xA9, 0x8B,
    0x6A, 0x56, 0x2F, 0x96, 0x13, 0xD3, 0x4B, 0x27, 0x56, 0x7E, 0xC5, 0xD6, 0xAC, 0xEE, 0x2C, 0x01,
    0x4D, 0x26, 0x8D, 0x5F, 0xC8, 0x01, 0xA9, 0xF6, 0xDB, 0xAF, 0x4E, 0x2D, 0x5B, 0x99, 0x16, 0x73,
    0x28, 0xB2, 0x6C, 0x35, 0x97, 0x4B, 0x9B, 0xEE, 0xD7, 0x36, 0x98, 0xC3, 0x33, 0x06, 0x65, 0x6B,
    0x2E, 0x34, 0x3C, 0xFA, 0x2E, 0x19, 0xAD, 0xF0, 0x5D, 0x55, 0xD4, 0xCF, 0x3D, 0x49, 0xAB, 0xB8,
    0x4E, 0xBB, 0x3A, 0x87, 0xFF, 0xB0, 0x66, 0x7F, 0xFE, 0x64, 0x67, 0xC0, 0xFD, 0xE9, 0x7D, 0x49,
    0x5A, 0xFB, 0xB7, 0xD7, 0xA7, 0x1E, 0x4B, 0xA5, 0xE0, 0x5F, 0x9D, 0xAF, 0x9D, 0xB8, 0x59, 0x04,
    0xFD, 0xE7, 0x12, 0x1E, 0x95, 0x6E, 0x02, 0x53, 0x58, 0x06, 0x95, 0xB1, 0x2A, 0x6E, 0xB4, 0x2B,
    0xE9, 0x51, 0xEB, 0x3E, 0x61, 0xE8, 0x18, 0xA8, 0xA8, 0x5A, 0x3E, 0xB3, 0xF0, 0xC1, 0x78, 0x78,
    0x9C, 0xCE, 0x79, 0x11, 0xD4, 0x94, 0xE7, 0xBC, 0x1A, 0x4A, 0x2F, 0xD8, 0x5B, 0x40, 0x78, 0xD4,
    0x9A, 0xEA, 0x73, 0x1D, 0xF3, 0xEE, 0x74, 0x5A, 0x85, 0x2D, 0xB9, 0x66, 0xBC, 0xB6, 0x41, 0xF9,
    0x2A, 0xAC, 0xED, 0x76, 0xAB, 0xFA, 0x47, 0x5D, 0x92, 0x71, 0x2F, 0x2B, 0x37, 0x0E, 0xA5, 0x0D,
    0x59, 0x74, 0xE1, 0x76, 0x04, 0xB5, 0xBF, 0xD6, 0x42, 0x0E, 0x83, 0x19, 0xB0, 0x06, 0x8C, 0x42,
    0xB4, 0xE8, 0x51, 0x7A, 0x3D, 0x0A, 0xD3, 0x46, 0xF9, 0xE0, 0x48, 0xC5, 0x1F, 0xE9, 0xD3, 0x49,
    0xF3, 0x85, 0x73, 0xA9, 0xC4, 0xC5, 0xFE, 0xB9, 0x94, 0xE9, 0xD0, 0x18, 0xED, 0xDB, 0xFF, 0xA2,
    0xFD, 0x51, 0xF8, 0xB4, 0xE2, 0x47, 0x2C, 0x32, 0xE7, 0x0D, 0x36, 0xED, 0x1F, 0x5A, 0xB1, 0xDA,
    0xFE, 0xA8, 0x2C, 0x1E, 0x2F, 0xAF, 0x0E, 0x0C, 0x27, 0xD8, 0x93, 0x67, 0x8F, 0x95, 0x23, 0xD9,
    0xAD, 0xB7, 0x7E, 0xF0, 0x25, 0xA9, 0x2B, 0x03, 0x43, 0xE4, 0x61, 0x78, 0x7F, 0x24, 0x0C, 0x68,
    0x62, 0x02, 0xA1, 0x09, 0x83, 0x7C, 0x10, 0x18, 0x7C, 0xF8, 0x59, 0x2B, 0xB1, 0x18, 0x70, 0x45,
    0xCF, 0xBA, 0x5D, 0xBC, 0xA9, 0xA5, 0x47, 0xDF, 0x66, 0xD3, 0xBF, 0x28, 0xF6, 0x4C, 0x15, 0x47,
    0x05, 0xB5, 0xB1, 0xEC, 0xE6, 0x64, 0xFF, 0x16, 0xED, 0x25, 0x8E, 0x8D, 0x30, 0x8B, 0xF4, 0x87,
    0x43, 0x5A, 0xF6, 0x19, 0xDD, 0x9B, 0x77, 0xB8, 0xC7, 0x51, 0x1F, 0xC1, 0xD6, 0x1E, 0x46, 0xE7,
    0xDD, 0x96, 0x62, 0x77, 0xDE, 0xF1, 0xC2, 0x79, 0xB5, 0x85, 0xD7, 0x3F, 0xB6, 0xB1, 0x36, 0xA4,
    0xB4, 0x87, 0x0A, 0xB7, 0xB6, 0xE7, 0x7A, 0x1C, 0xCB, 0xB5, 0x81, 0xCC, 0xB7, 0x14, 0xE9, 0x7F,
    0x12, 0x94, 0x7E, 0xD0, 0xEC, 0xD2, 0x38, 0x67, 0x3B, 0x0C, 0xC3, 0xE6, 0xF4, 0x43, 0x29, 0xAF,
    0x98, 0x84, 0xAD, 0x65, 0xE5, 0x48, 0x9F, 0x3D, 0xD4, 0xC7, 0x44, 0xB4, 0x9D, 0x37, 0x6A, 0xB2,
    0xF6, 0x05, 0xCF, 0x89, 0xBC, 0x1A, 0x68, 0xE6, 0xC5, 0x9B, 0xFC, 0x8A, 0x77, 0xD4, 0xC3, 0x01,
    0x31, 0x7F, 0xCA, 0x87, 0x60, 0x52, 0x73, 0xEB, 0xB4, 0xF1, 0x7C, 0xC5, 0x00, 0xFC, 0x3F, 0xBD,
    0x57, 0xBF, 0x8F, 0xDD, 0xC6, 0x11, 0x1E, 0x3E, 0xE6, 0x8E, 0x01, 0x58, 0xAC, 0x8A, 0xA4, 0x88,
    0x04, 0x83, 0x95, 0x0B, 0x03, 0x8E, 0xB6, 0x0F, 0xCE, 0xB7, 0x94, 0x5D, 0xD8, 0x80, 0x0A, 0x5D,
    0x91, 0xCA, 0x95, 0x2B, 0x23, 0xA9, 0xDC, 0xB8, 0x70, 0xE1, 0xBB, 0xDD, 0x9C, 0x8B, 0x14, 0x0A,
    0x90, 0x2B, 0xD2, 0x47, 0x45, 0x7A, 0xA7, 0x70, 0xA1, 0xE2, 0x4E, 0xE4, 0x49, 0x85, 0x0A, 0x03,
    0x09, 0x5D, 0xA9, 0x30, 0x0C, 0x53, 0xB1, 0x81, 0x00, 0x76, 0xA1, 0x55, 0xC4, 0x04, 0x14, 0xB2,
    0xE4, 0xE4, 0x9B, 0x5D, 0xF2, 0xDD, 0xD3, 0x3F, 0x10, 0xE2, 0x6E, 0xB8, 0xDC, 0x9D, 0x99, 0x9D,
    0x5F, 0xFB, 0xCD, 0x3E, 0xC3, 0x2F, 0x99, 0xBF, 0x66, 0x36, 0x1C, 0xCC, 0xEE, 0x10, 0xCF, 0x77,
    0x42, 0x26, 0x2B, 0xF4, 0x4B, 0x21, 0x69, 0x56, 0xC8, 0x6C, 0xD7, 0x95, 0x29, 0xCE, 0xC9, 0x33,
    0xAE, 0x03, 0x7E, 0xB2, 0x1D, 0x55, 0xEB, 0x20, 0xD8, 0x75, 0xF4, 0xEF, 0xED, 0xE2, 0x97, 0xDB,
    0xD1, 0x56, 0x47, 0x08, 0x34, 0xFD, 0xFF, 0xFF, 0x8A, 0xB4, 0xF9, 0x26, 0xBD, 0xDA, 0xF4, 0xF2,
    0xF4, 0xCA, 0x53, 0xA6, 0xD9, 0xFC, 0x15, 0x9E, 0x9E, 0xF6, 0xA9, 0x6C, 0x2B, 0x57, 0xD5, 0xCA,
    0xA9, 0x36, 0xF7, 0x1B, 0x6E, 0x9B, 0x41, 0x87, 0x62, 0xA6, 0x07, 0x44, 0x27, 0xD4, 0x74, 0x66,
    0x54, 0x10, 0x71, 0x65, 0x87, 0x35, 0x9F, 0x0D, 0xD9, 0x90, 0x7B, 0x3A, 0x23, 0x3A, 0x27, 0x30,
    0x7A, 0x1D, 0x4A, 0xA6, 0xAA, 0xC5, 0x62, 0x9F, 0xFB, 0xDC, 0x97, 0x5D, 0x56, 0x13, 0x1D, 0x95,
    0xA1, 0x0A, 0x26, 0x98, 0xD1, 0xDE, 0x3B, 0xA1, 0x43, 0x32, 0x54, 0xB9, 0xB2, 0xCF, 0xC4, 0x98,
    0x7D, 0xCA, 0x5C, 0xD9, 0x16, 0x3D, 0x26, 0xDA, 0xAA, 0x2E, 0x5B, 0x85, 0xB7, 0xC2, 0x37, 0x54,
    0x0F, 0xD8, 0x98, 0xFB, 0x66, 0x30, 0x41, 0x07, 0x35, 0x17, 0x73, 0xCE, 0x30, 0xC0, 0x88, 0x09,
    0xBA, 0xD6, 0x83, 0x0A, 0x39, 0x9F, 0x72, 0x87, 0xC5, 0x29, 0xE7, 0xDF, 0x71, 0xBB, 0x19, 0x28,
    0x88, 0x62, 0xE8, 0xC8, 0xFB, 0x6C, 0x80, 0x35, 0xC7, 0xF8, 0x34, 0xE0, 0xDD, 0xD4, 0x99, 0x13,
    0xEB, 0x4E, 0xC4, 0xBE, 0xAE, 0xF1, 0x66, 0x84, 0x3E, 0x2E, 0xC5, 0x05, 0xB1, 0x53, 0xDC, 0xC8,
    0xFB, 0x0D, 0x9C, 0xC8, 0xE2, 0xBF, 0x7C, 0xC3, 0x66, 0x38, 0x74, 0x24, 0x76, 0xE7, 0x53, 0x85,
    0xDD, 0x4D, 0xA8, 0x66, 0xB1, 0xC3, 0xDE, 0x33, 0x7F, 0x39, 0x81, 0xD6, 0xC3, 0xA8, 0xBB, 0xAA,
    0x2B, 0x44, 0xA8, 0x84, 0xB1, 0xF0, 0xE5, 0x8B, 0x9D, 0xB8, 0xE6, 0xB5, 0x04, 0xB7, 0x05, 0xA9,
    0x84, 0x98, 0x4E, 0x48, 0x1C, 0x39, 0x21, 0xC2, 0x72, 0x08, 0x86, 0xE1, 0xCD, 0x1B, 0xBD, 0xE5,
    0x87, 0x52, 0x82, 0x9F, 0xF1, 0x58, 0x7E, 0xFF, 0x89, 0x06, 0xE3, 0x88, 0xC5, 0x4C, 0xC8, 0x46,
    0x48, 0x1E, 0x44, 0x93, 0x10, 0x15, 0x89, 0xCC, 0xA9, 0x41, 0x14, 0x4B, 0xF4, 0xAA, 0x1E, 0x44,
    0x84, 0x48, 0xB7, 0x2B, 0x31, 0xF5, 0xBA, 0xC5, 0xBA, 0x0F, 0xD1, 0x5B, 0x42, 0x3E, 0x15, 0xF2,
    0x89, 0x90, 0xC5, 0xD4, 0x4D, 0xAA, 0x81, 0x48, 0x2B, 0x31, 0x8C, 0xAC, 0x28, 0xA0, 0x26, 0xD1,
    0x3A, 0xCE, 0xC4, 0xD5, 0x63, 0xC9, 0x54, 0x7D, 0xB0, 0xEF, 0x48, 0x4F, 0xAF, 0x37, 0x9E, 0x98,
    0xEF, 0x72, 0x20, 0xFD, 0xF2, 0x43, 0xEE, 0x68, 0x8F, 0xFC, 0xBE, 0x98, 0x1C, 0x4B, 0x2B, 0x17,
    0xD3, 0xA8, 0x88, 0x34, 0x9A, 0x49, 0x55, 0xA2, 0x71, 0x35, 0x9A, 0x9B, 0x42, 0x42, 0x2A, 0x51,
    0x6C, 0xB2, 0x79, 0xA9, 0xF6, 0x07, 0xAA, 0xF8, 0x29, 0x4F, 0xA4, 0xF9, 0x2B, 0x9E, 0xA9, 0x18,
    0xDF, 0xBC, 0xE1, 0xA3, 0xD9, 0x62, 0xC3, 0x45, 0x34, 0x61, 0x8E, 0x16, 0x47, 0x9A, 0xA7, 0xB1,
    0xC4, 0x63, 0xD9, 0x96, 0xBA, 0x6D, 0xE8, 0x8B, 0xB1, 0xE4, 0x47, 0xFC, 0x1F, 0xE6, 0x86, 0x9F,
    0xF1, 0x0B, 0x1E, 0x9A, 0x50, 0x8C, 0xB4, 0x7A, 0x6E, 0xE1, 0xA5, 0x9D, 0xF0, 0x0F, 0xBB, 0x2D,
    0xB6, 0xC3, 0xF9, 0xED, 0x6C, 0x3A, 0xC7, 0x48, 0xC4, 0x8C, 0xEF, 0x9E, 0x2C, 0xB4, 0xDB, 0x5E,
    0xCA, 0x8C, 0xE8, 0x83, 0xF5, 0x9C, 0xF4, 0x7A, 0x44, 0xF9, 0x06, 0x3D, 0x96, 0x7D, 0xD9, 0xC3,
    0x4B, 0x3D, 0x22, 0x1F, 0x26, 0x90, 0x54, 0x05, 0x48, 0xFC, 0x8C, 0x0B, 0x65, 0x47, 0x45, 0x4F,
    0x9B, 0xC1, 0xC0, 0xA3, 0x40, 0x6A, 0xC2, 0xB2, 0x9E, 0x48, 0xF1, 0xF6, 0xBD, 0xCC, 0xAF, 0x7C,
    0x37, 0xF5, 0x8F, 0xE3, 0x39, 0x65, 0xBF, 0xDE, 0xDA, 0x6F, 0x18, 0xAE, 0x45, 0xA7, 0xB2, 0x19,
    0x89, 0x88, 0x45, 0x84, 0x80, 0x56, 0x1D, 0xAA, 0x2D, 0x46, 0xCC, 0xAB, 0x3E, 0xE5, 0x93, 0xAA,
    0x4E, 0x79, 0x4A, 0xCE, 0x99, 0x56, 0xA1, 0x0A, 0xD3, 0xD0, 0x55, 0x7D, 0x92, 0x22, 0x5B, 0xEB,
    0xAE, 0x4A, 0x6A, 0x9B, 0xDA, 0xB4, 0xC7, 0xCB, 0x10, 0xDC, 0xE3, 0x3A, 0x6C, 0xDE, 0x81, 0x6B,
    0x94, 0x35, 0x67, 0xB6, 0xE6, 0xF2, 0x21, 0x33, 0x20, 0x61, 0x34, 0x8F, 0x82, 0x2E, 0xBD, 0x75,
    0xE6, 0x34, 0x54, 0xEC, 0x8F, 0xAB, 0xD6, 0xB4, 0x0D, 0xCD, 0xFB, 0x7C, 0x6B, 0x30, 0xCE, 0x5C,
    0x4E, 0x92, 0x8A, 0xBC, 0xB7, 0xB5, 0x79, 0x18, 0x64, 0xA8, 0xB0, 0x68, 0x1E, 0x8D, 0x19, 0x86,
    0x9A, 0x98, 0xCC, 0xE3, 0x51, 0xB2, 0x74, 0x8E, 0x25, 0xFB, 0xFB, 0x21, 0x9F, 0x08, 0x67, 0x71,
    0xA2, 0xE6, 0xB6, 0x47, 0x25, 0xE7, 0x1D, 0x86, 0x5C, 0x7A, 0x64, 0x44, 0x39, 0x9A, 0xB2, 0xA9,
    0xF4, 0xF0, 0x00, 0x65, 0xCA, 0x79, 0x88, 0x2E, 0x9E, 0xC3, 0xE6, 0xCF, 0x7D, 0x3E, 0x37, 0x4E,
    0xF2, 0xAA, 0xD9, 0x11, 0x92, 0x14, 0x63, 0x81, 0x00, 0xED, 0xD5, 0xB4, 0x1B, 0x28, 0x79, 0x50,
    0x84, 0x4B, 0x84, 0x62, 0x3C, 0x7E, 0x0C, 0xB2, 0xF1, 0xF2, 0x64, 0x13, 0xCA, 0xB0, 0xD8, 0x16,
    0xC6, 0x4E, 0xDC, 0x52, 0x68, 0x0C, 0x70, 0x62, 0x7B, 0x5E, 0xC5, 0x13, 0xB3, 0x5D, 0x54, 0x7D,
    0x31, 0x6E, 0xFC, 0x0E, 0xEF, 0x36, 0x8C, 0x52, 0x77, 0x70, 0x21, 0x1B, 0xAE, 0x20, 0x14, 0x8E,
    0x29, 0xB7, 0xFD, 0xD4, 0xAD, 0xEE, 0xC6, 0x12, 0x01, 0xF8, 0xE8, 0x7B, 0xCA, 0xD8, 0xED, 0x44,
    0x15, 0xC5, 0xD5, 0xB2, 0xF2, 0xE7, 0xFA, 0x72, 0xA6, 0x19, 0x31, 0x18, 0xCC, 0x25, 0x73, 0xF1,
    0x55, 0xC8, 0x03, 0xA2, 0xD0, 0x1B, 0xD7, 0x64, 0x4D, 0x77, 0xAC, 0x7A, 0xE5, 0x61, 0xDA, 0x69,
    0xC0, 0x2E, 0x57, 0x41, 0x56, 0x7D, 0x89, 0x0D, 0x0D, 0x2A, 0x9E, 0xC5, 0x34, 0xB1, 0x07, 0x35,
    0xA2, 0xB0, 0xB3, 0x75, 0xFA, 0x1F, 0x98, 0x95, 0xD0, 0x23, 0xEF, 0x4F, 0x61, 0xDA, 0x1D, 0x09,
    0xF4, 0x55, 0xCC, 0x4D, 0x8B, 0x43, 0xA7, 0xEA, 0x7C, 0xC8, 0x83, 0xC6, 0x90, 0xE5, 0x58, 0x23,
    0xFA, 0x5D, 0xD5, 0x35, 0x12, 0x75, 0xF0, 0xE2, 0x20, 0x9A, 0x96, 0x25, 0x5A, 0xA5, 0x07, 0x46,
    0x5D, 0xA5, 0x40, 0xFD, 0x77, 0xA2, 0x02, 0xC1, 0x6D, 0x66, 0xCA, 0x59, 0x0E, 0x68, 0xF2, 0xF2,
    0xE7, 0x48, 0x83, 0x64, 0xE3, 0x48, 0x62, 0x5C, 0x93, 0xED, 0x80, 0xA3, 0x1A, 0x36, 0x74, 0xF0,
    0xDA, 0xF4, 0x19, 0x23, 0xD2, 0x88, 0x58, 0x04, 0x82, 0xAC, 0x06, 0x03, 0x20, 0xB7, 0x2D, 0x80,
    0x17, 0xB5, 0x06, 0xFE, 0x13, 0xD0, 0xAE, 0x2D, 0x27, 0x60, 0x99, 0xE9, 0x6C, 0xBB, 0x99, 0x51,
    0x1F, 0xAA, 0x47, 0xE2, 0x51, 0x5F, 0x94, 0xDD, 0xDB, 0x9C, 0x2D, 0x42, 0x7B, 0x51, 0xEC, 0x92,
    0xA3, 0xE0, 0x1D, 0x26, 0x11, 0xB5, 0x83, 0x08, 0x3F, 0x42, 0xDF, 0x81, 0x78, 0x35, 0x46, 0x05,
    0x1C, 0x55, 0x14, 0x21, 0x2A, 0x01, 0xFA, 0x89, 0x9A, 0x29, 0x2A, 0xDA, 0x3F, 0x8B, 0x05, 0xC3,
    0x6D, 0x2E, 0x4A, 0x6A, 0xF4, 0x24, 0xEC, 0x09, 0xF4, 0x04, 0x10, 0x21, 0x20, 0x60, 0x35, 0xD8,
    0x44, 0x18, 0x3A, 0x61, 0x79, 0xCC, 0xAE, 0xE0, 0xDB, 0x92, 0x26, 0x35, 0x53, 0x34, 0x4F, 0x05,
    0xC0, 0x97, 0x1A, 0xC0, 0xAE, 0xBC, 0x9C, 0xBD, 0x16, 0x22, 0xD7, 0xEB, 0xEB, 0x24, 0x42, 0x7B,
    0x24, 0x62, 0x97, 0xEC, 0x44, 0x10, 0x8E, 0x89, 0xA8, 0x4A, 0xC2, 0x90, 0x5C, 0xCC, 0x13, 0x05,
    0x22, 0x0D, 0xA2, 0xFB, 0xA8, 0x04, 0x1A, 0x44, 0x0D, 0x5A, 0x80, 0x28, 0xFA, 0x05, 0xA1, 0xC5,
    0x18, 0x57, 0x5E, 0x64, 0xDE, 0x1F, 0x94, 0x77, 0xDD, 0x5B, 0x72, 0xEA, 0xAB, 0x1A, 0xC8, 0x0F,
    0x7C, 0x94, 0xA8, 0x20, 0xAB, 0x30, 0xC1, 0x3A, 0x54, 0x42, 0x39, 0x4A, 0x50, 0xA3, 0xD1, 0xD2,
    0x83, 0x03, 0x70, 0x83, 0xA4, 0x78, 0x83, 0xC8, 0x00, 0x46, 0x24, 0x85, 0x0E, 0xCE, 0xC3, 0x7B,
    0x24, 0x14, 0xB5, 0x62, 0x10, 0x17, 0xF1, 0x13, 0xCE, 0x20, 0x19, 0x04, 0x64, 0xD0, 0xB4, 0x53,
    0xB3, 0x7B, 0xD2, 0x15, 0x5D, 0xD1, 0x6A, 0x9F, 0x0F, 0x59, 0x50, 0x13, 0x84, 0xF4, 0x29, 0xCB,
    0x01, 0x1D, 0xF5, 0xBB, 0xA3, 0xB4, 0x10, 0xC1, 0x4C, 0x34, 0x6F, 0x11, 0xB1, 0x50, 0x41, 0x17,
    0xE5, 0x33, 0x8F, 0x0A, 0xEE, 0xD8, 0x23, 0xD9, 0xA3, 0xF6, 0xD6, 0x17, 0x13, 0xBA, 0xE8, 0x48,
    0x17, 0xE6, 0x5B, 0x01, 0x13, 0x73, 0x19, 0x22, 0xBC, 0x6A, 0xD4, 0x48, 0x73, 0xEB, 0x1D, 0xCC,
    0x70, 0x31, 0xC2, 0x5A, 0x34, 0x59, 0x54, 0xC2, 0x8C, 0x3C, 0x58, 0x7A, 0x0D, 0x16, 0x15, 0x82,
    0x61, 0x47, 0xC9, 0x86, 0xEC, 0x08, 0x0A, 0x11, 0x30, 0xEE, 0x75, 0xC8, 0xB8, 0x37, 0x01, 0xFD,
    0xDE, 0x8C, 0x42, 0xD0, 0xF9, 0x9D, 0xC1, 0xBD, 0x03, 0xF5, 0x84, 0xA6, 0x8F, 0x0A, 0x03, 0x96,
    0xB4, 0x30, 0xCF, 0x3A, 0x21, 0x52, 0x5B, 0x8D, 0xF8, 0xF4, 0x40, 0xC8, 0x85, 0xA0, 0xCA, 0xB9,
    0x14, 0xEA, 0x48, 0x85, 0x7B, 0xA5, 0x0B, 0x6B, 0x87, 0x75, 0xDB, 0xCB, 0x16, 0xBE, 0x9A, 0x12,
    0x89, 0x9F, 0x71, 0x41, 0x2A, 0x18, 0x97, 0xA3, 0x5A, 0xFF, 0xC0, 0xDE, 0xB6, 0x55, 0xE0, 0xB7,
    0x6F, 0x4F, 0x5C, 0x3D, 0x99, 0x4F, 0xCC, 0x3F, 0x51, 0xC8, 0x4F, 0xC0, 0xFA, 0x77, 0x6C, 0xF6,
    0xE7, 0x40, 0x8D, 0xF5, 0xD4, 0xA0, 0x61, 0x80, 0x97, 0x58, 0x3C, 0x73, 0x94, 0xC1, 0xDB, 0x3C,
    0x86, 0x88, 0xC4, 0x8D, 0x04, 0x04, 0x80, 0x1A, 0x2D, 0xC7, 0x54, 0xC2, 0x11, 0xD2, 0x58, 0xE6,
    0xE2, 0x1D, 0xF1, 0xF9, 0xD5, 0xDD, 0x70, 0xA6, 0xFB, 0xA4, 0x34, 0x95, 0x8F, 0x51, 0x12, 0x68,
    0x3B, 0x9A, 0x71, 0x66, 0x5C, 0x6C, 0x39, 0xC0, 0x09, 0x4C, 0xCC, 0x59, 0xF8, 0x94, 0xAA, 0x5F,
    0x52, 0xDE, 0xA6, 0x06, 0x24, 0x47, 0xF0, 0x26, 0x86, 0xD8, 0xAA, 0x04, 0xDF, 0x41, 0xEA, 0x79,
    0xD2, 0x38, 0xD1, 0xD0, 0xE1, 0x3B, 0x09, 0x34, 0xDD, 0xA7, 0xC8, 0xBF, 0xF0, 0x89, 0x88, 0x11,
    0x04, 0x4C, 0xB7, 0x86, 0x83, 0x81, 0x36, 0x4F, 0x51, 0x8A, 0x60, 0xBE, 0x5F, 0xBA, 0xBC, 0x53,
    0x10, 0xB9, 0x49, 0x83, 0xA8, 0xC2, 0x53, 0x2F, 0xD1, 0x5A, 0xCB, 0xC3, 0xAE, 0x20, 0x98, 0x70,
    0x35, 0xCB, 0xBB, 0x6B, 0x09, 0xE7, 0xFE, 0x6A, 0x85, 0x35, 0xE3, 0xF7, 0xD2, 0xFD, 0xC0, 0x0C,
    0x9C, 0xC0, 0x35, 0x5B, 0x81, 0xF1, 0x9B, 0xA5, 0x03, 0x7F, 0x97, 0x70, 0xB5, 0x18, 0x9A, 0xB4,
    0x1E, 0x52, 0xC7, 0x77, 0xC7, 0x1B, 0xFF, 0xB3, 0x64, 0x6B, 0x34, 0xDF, 0x44, 0xAD, 0x69, 0x23,
    0x94, 0x7D, 0xB6, 0xE9, 0xAF, 0xD1, 0xB5, 0x83, 0x9F, 0x14, 0xFE, 0x63, 0x5B, 0x3F, 0x28, 0xCB,
    0xE7, 0xFC, 0x87, 0xA6, 0xD5, 0xCF, 0xFF, 0x88, 0xA6, 0xDB, 0xA0, 0x0C, 0xE0, 0x48, 0x26, 0x86,
    0x40, 0xC3, 0xE6, 0x6F, 0x78, 0xFF, 0xAA, 0xA3, 0xFC, 0x05, 0xA4, 0x8F, 0x0F, 0xD1, 0x75, 0x61,
    0x73, 0x83, 0x13, 0x13, 0xA0, 0x4A, 0x9F, 0x8E, 0x74, 0x88, 0x63, 0x51, 0x9E, 0xDD, 0x7C, 0xF5,
    0xAE, 0x9B, 0xDA, 0xE7, 0xD2, 0x44, 0xDD, 0xCE, 0x15, 0x24, 0xD2, 0xA5, 0xCF, 0x76, 0x57, 0x34,
    0x75, 0x87, 0xD4, 0x54, 0x13, 0x5D, 0xDA, 0xF2, 0x70, 0x45, 0x97, 0xEE, 0x9B, 0x68, 0xBC, 0x8F,
    0x2C, 0xFD, 0xE7, 0x78, 0x87, 0x1E, 0xEE, 0xD0, 0xD4, 0x63, 0xF4, 0x0E, 0x4D, 0x06, 0xA1, 0xD7,
    0xE1, 0x1A, 0xB2, 0xFD, 0x79, 0x72, 0x27, 0xFE, 0xB8, 0x80, 0x55, 0xFF, 0x92, 0x62, 0xBA, 0x0B,
    0xDB, 0xA6, 0xEB, 0x29, 0x58, 0xE9, 0x1A, 0x39, 0xAF, 0x97, 0x2C, 0xBD, 0x7E, 0x45, 0xBC, 0x8D,
    0x71, 0x96, 0xA0, 0xE7, 0xF1, 0x9A, 0xD8, 0x2D, 0xD9, 0x8C, 0x37, 0x25, 0xD5, 0x2F, 0x77, 0xC3,
    0xF4, 0xE5, 0x97, 0xCB, 0xA8, 0xD4, 0x08, 0xBD, 0x8F, 0xE9, 0x9F, 0x6A, 0xA9, 0xED, 0x17, 0xF3,
    0xE7, 0xFC, 0xA7, 0x8F, 0x9E, 0x21, 0xCB, 0x3C, 0xDE, 0x23, 0xBA, 0x31, 0xAF, 0xD5, 0x91, 0x50,
    0x79, 0x0F, 0x27, 0xE6, 0x6D, 0x2E, 0x18, 0xBF, 0x05, 0xEC, 0xD8, 0x0C, 0x40, 0x83, 0x5E, 0x50,
    0xAF, 0x9A, 0xA4, 0x01, 0x08, 0x38, 0x7F, 0x86, 0xF3, 0x34, 0x18, 0x6F, 0xFB, 0xA6, 0x13, 0x5C,
    0x56, 0x02, 0x11, 0x8D, 0xE3, 0x5B, 0x0C, 0x3C, 0x4A, 0x18, 0x0D, 0x68, 0x0A, 0xF9, 0x88, 0x8B,
    0x92, 0xA7, 0xEB, 0xF4, 0x06, 0xFD, 0x96, 0x7E, 0x43, 0xF4, 0x3F, 0x5D, 0x95, 0x3D, 0x93, 0x15,
    0x45, 0x14, 0x86, 0xDF, 0x99, 0x76, 0x77, 0xAA, 0xEC, 0xA0, 0x0D, 0xB4, 0xAC, 0xDA, 0x0D, 0x26,
    0x21, 0xB1, 0xB4, 0xAA, 0x53, 0x03, 0x8B, 0x1E, 0x25, 0x30, 0x20, 0x21, 0x30, 0x23, 0x58, 0x13,
    0x33, 0xAB, 0x6E, 0x6A, 0x80, 0xDB, 0x53, 0xFA, 0x03, 0x24, 0x92, 0xD4, 0x7F, 0xA0, 0x01, 0x01,
    0x01, 0x7B, 0xA7, 0x81, 0x60, 0x03, 0x02, 0x06, 0x29, 0x24, 0x20, 0x19, 0x0A, 0x3F, 0x32, 0x19,
    0x61, 0x16, 0xFB, 0x6A, 0xF7, 0xB4, 0x6F, 0xCF, 0x5D, 0x10, 0xDD, 0xBD, 0xB7, 0x66, 0x6E, 0x7F,
    0x9D, 0x73, 0xDE, 0xF3, 0x9C, 0xD3, 0xA8, 0x66, 0x20, 0xDA, 0x46, 0x39, 0x8B, 0x19, 0xB1, 0x1A,
    0x85, 0x37, 0xAD, 0x7A, 0x14, 0x61, 0xCE, 0x8F, 0x45, 0x34, 0x4E, 0x8E, 0x33, 0xCC, 0x2D, 0x8F,
    0xA8, 0x06, 0x39, 0x9A, 0xD6, 0x34, 0x5D, 0xE9, 0x31, 0xAF, 0x1A, 0x74, 0x03, 0x70, 0xAD, 0x08,
    0x45, 0xC0, 0x35, 0x60, 0x7F, 0xD2, 0x63, 0x35, 0xCA, 0x41, 0x0E, 0xAA, 0x57, 0xAE, 0x76, 0xBA,
    0xE5, 0xFF, 0xEF, 0x6A, 0x02, 0xE4, 0x80, 0x32, 0x02, 0x9D, 0x83, 0x0E, 0x90, 0xC9, 0x89, 0xBF,
    0xB8, 0xDD, 0x34, 0xE6, 0xDC, 0xA8, 0x7A, 0x2B, 0x52, 0x9A, 0x4D, 0x4A, 0x03, 0x54, 0x0F, 0x04,
    0xA0, 0x76, 0xE0, 0xE9, 0x30, 0x3C, 0x3D, 0x8D, 0x9C, 0x74, 0xCA, 0x01, 0x87, 0x40, 0x99, 0x0F,
    0xE2, 0x12, 0x03, 0x20, 0xCD, 0x28, 0x76, 0x52, 0xC3, 0x17, 0x8E, 0x73, 0x8F, 0x1C, 0xDF, 0x81,
    0xF9, 0x28, 0x08, 0x5F, 0x6D, 0xBA, 0xA6, 0x4A, 0x97, 0xB9, 0x64, 0xBF, 0x2D, 0xD2, 0x65, 0xE1,
    0x51, 0x4D, 0xA8, 0x46, 0x88, 0x09, 0xE5, 0x9C, 0xDA, 0x74, 0x25, 0xD8, 0xC6, 0x7C, 0xEF, 0x64,
    0x1A, 0xCB, 0x14, 0x30, 0x77, 0x30, 0x07, 0xCE, 0x7C, 0x15, 0x6D, 0x2B, 0x67, 0x64, 0x47, 0xF8,
    0x8D, 0x95, 0x2B, 0x27, 0xD9, 0x54, 0x0C, 0x2D, 0x5B, 0xCE, 0xE6, 0xE8, 0x7B, 0x76, 0x89, 0xE7,
    0x6C, 0x87, 0x68, 0xF8, 0x08, 0x28, 0x38, 0x24, 0x5E, 0x19, 0x5A, 0xFE, 0xE4, 0xDC, 0x94, 0x54,
    0x52, 0xB7, 0x16, 0xB1, 0x08, 0x15, 0x05, 0x51, 0x03, 0x23, 0xFD, 0x73, 0x82, 0x49, 0x10, 0x7F,
    0x27, 0xD8, 0x32, 0x89, 0xA9, 0x8C, 0xB5, 0x13, 0x93, 0x65, 0xAC, 0x91, 0xCB, 0xE2, 0x41, 0x8F,
    0x8E, 0xD1, 0xE9, 0x0D, 0xF4, 0x15, 0xAF, 0x86, 0xFA, 0x26, 0x5D, 0x63, 0x02, 0x1E, 0x4F, 0x98,
    0x99, 0x94, 0xC7, 0xA1, 0x8C, 0xFA, 0x24, 0x39, 0x9B, 0xB8, 0x86, 0x89, 0x32, 0x2D, 0xEA, 0x01,
    0x72, 0x3A, 0xFD, 0xE0, 0x8D, 0x6C, 0xF7, 0x53, 0x7C, 0x00, 0x85, 0xCA, 0x75, 0x89, 0x52, 0xE6,
    0x57, 0xE1, 0x40, 0x19, 0x4A, 0xFE, 0x6C, 0x55, 0x1A, 0x6D, 0x72, 0x8B, 0x7B, 0x26, 0xF5, 0x89,
    0xBA, 0x15, 0x57, 0xE9, 0xB1, 0x18, 0x18, 0x1C, 0x03, 0xA8, 0x5B, 0xCA, 0xBE, 0x7D, 0x1E, 0xE5,
    0x27, 0xE3, 0x31, 0xD8, 0x0E, 0xF1, 0x55, 0x2F, 0x12, 0xD0, 0xE6, 0x6B, 0xC0, 0x59, 0xC0, 0x2E,
    0x3F, 0x8F, 0x72, 0xF0, 0x54, 0x88, 0x5B, 0x0E, 0xB3, 0x34, 0xCC, 0xCB, 0xB2, 0xA5, 0xCA, 0x47,
    0x72, 0x8A, 0xFB, 0xAE, 0x43, 0x3A, 0xCA, 0xBF, 0x03, 0xEC, 0x9D, 0x74, 0x4C, 0xE5, 0x0C, 0xFB,
    0xA3, 0x2F, 0x03, 0xE1, 0xC8, 0x7A, 0x34, 0x01, 0x8B, 0x38, 0x9A, 0x94, 0x90, 0x38, 0x31, 0x89,
    0x51, 0xFD, 0xAA, 0x9C, 0xF6, 0xD8, 0x8F, 0x90, 0xBF, 0x79, 0x31, 0xA9, 0xBE, 0xC3, 0x5C, 0xF7,
    0xEA, 0x59, 0x40, 0xA2, 0x16, 0x14, 0x90, 0xD9, 0xAA, 0x1F, 0x8E, 0x65, 0xE8, 0x32, 0x96, 0xE4,
    0xF0, 0x43, 0xEA, 0x62, 0x51, 0xCD, 0x94, 0x7E, 0x77, 0xAC, 0x93, 0xFB, 0x6C, 0xCE, 0x69, 0x26,
    0x3E, 0x36, 0x33, 0xA1, 0xE8, 0x4A, 0x43, 0x30, 0xE5, 0x98, 0x9D, 0x8F, 0xA8, 0xBC, 0xA0, 0x0F,
    0xD8, 0x4F, 0xAD, 0xD8, 0x58, 0xA7, 0x9D, 0x6D, 0x79, 0x3E, 0x2E, 0x54, 0x4C, 0xA2, 0x76, 0x28,
    0x38, 0xC5, 0x1D, 0xF9, 0xA1, 0x7B, 0xD0, 0x6F, 0x74, 0xF8, 0x42, 0x0D, 0xE2, 0x2E, 0xF5, 0x53,
    0x89, 0xA8, 0xBC, 0xBA, 0xF1, 0x6C, 0x11, 0x33, 0x72, 0x79, 0x75, 0x91, 0x7A, 0x14, 0xCC, 0x06,
    0xEA, 0x7E, 0x11, 0xA9, 0x88, 0x92, 0xD5, 0x62, 0x1A, 0x8B, 0xEE, 0xE2, 0x88, 0xD5, 0x26, 0x6B,
    0x4E, 0x8F, 0x68, 0xA5, 0xA4, 0xEC, 0x1D, 0x7D, 0xE9, 0xA0, 0x6E, 0x0F, 0xD5, 0x10, 0x0B, 0xAF,
    0x72, 0xB2, 0xEE, 0xE4, 0xC3, 0x4F, 0x79, 0xCF, 0x30, 0xD9, 0xA5, 0x5A, 0x98, 0xA7, 0x50, 0x30,
    0x91, 0x2F, 0x78, 0xA7, 0xFD, 0xEA, 0x17, 0x9E, 0xC4, 0x2A, 0x79, 0x6B, 0xC5, 0x55, 0xD9, 0x22,
    0xAD, 0x21, 0x96, 0x4D, 0x45, 0x6B, 0x06, 0xE9, 0xE2, 0x80, 0x6E, 0xB1, 0xB6, 0xC7, 0x94, 0xF9,
    0x1C, 0x04, 0xC3, 0x11, 0x5B, 0x60, 0xEA, 0xE4, 0xC5, 0x7C, 0x7E, 0x32, 0xAD, 0x3E, 0x9E, 0x0A,
    0xCA, 0x57, 0xDF, 0x1E, 0x8B, 0x60, 0x61, 0xBE, 0x9E, 0xE4, 0x58, 0xFF, 0xE4, 0x33, 0x77, 0x15,
    0xB9, 0x97, 0x74, 0x45, 0x35, 0x4C, 0xC4, 0xFF, 0x21, 0x7F, 0xC9, 0xFD, 0x2B, 0xA5, 0x30, 0x2C,
    0x71, 0x2D, 0x43, 0xAC, 0xE8, 0xB6, 0x88, 0x9A, 0x75, 0x6A, 0x9A, 0x35, 0x66, 0xC1, 0xE4, 0xC9,
    0x49, 0x93, 0xBA, 0x09, 0x3A, 0xB5, 0xD5, 0x1F, 0x24, 0x17, 0x96, 0xDD, 0x23, 0x51, 0x4F, 0x6F,
    0xD8, 0x18, 0xCC, 0xB7, 0x01, 0x3A, 0xA7, 0xAD, 0x8E, 0xA8, 0x1F, 0x04, 0x39, 0xAA, 0x47, 0x01,
    0x9D, 0x76, 0xF2, 0x99, 0x47, 0xC7, 0x5C, 0x3F, 0x0B, 0xC5, 0x5C, 0x9F, 0x74, 0x6E, 0x95, 0xFC,
    0x52, 0xE1, 0xC6, 0xE5, 0x60, 0x32, 0xED, 0x4B, 0x39, 0x6F, 0x81, 0x3F, 0x03, 0xD9, 0xE0, 0x07,
    0x82, 0x6E, 0xD3, 0xED, 0x14, 0xCA, 0x1E, 0xEF, 0x65, 0xE4, 0xCF, 0x70, 0xC6, 0x86, 0x2E, 0x98,
    0x74, 0x2F, 0x27, 0x4D, 0x26, 0x4F, 0xFE, 0x81, 0x0B, 0xCC, 0x31, 0xD5, 0xDD, 0xE2, 0xDE, 0x6C,
    0x41, 0xD5, 0xCD, 0x4B, 0xEC, 0x0F, 0x73, 0x73, 0xA9, 0xFA, 0x3C, 0x45, 0xC4, 0xAF, 0x2F, 0x51,
    0x5E, 0x02, 0xDE, 0x04, 0xF9, 0xC9, 0xDA, 0xFB, 0xBC, 0x4E, 0xBA, 0xBC, 0xE5, 0xDF, 0x0A, 0x29,
    0x4E, 0xB1, 0x2F, 0xA6, 0x53, 0xDC, 0x7B, 0x62, 0xC1, 0x13, 0xB0, 0x4A, 0xAD, 0x7E, 0x30, 0x11,
    0xF3, 0x5C, 0xFF, 0x94, 0xA4, 0xCA, 0x5D, 0x2E, 0xE3, 0x4E, 0x81, 0xCA, 0x50, 0x6E, 0xBA, 0xFB,
    0x72, 0x43, 0xA7, 0x56, 0x83, 0x7C, 0x38, 0x5C, 0x57, 0xC7, 0xC3, 0xDA, 0x1C, 0x3C, 0x4A, 0x9E,
    0x22, 0xD7, 0x6E, 0xC7, 0xE0, 0xEA, 0xFA, 0xA0, 0xB5, 0x54, 0x57, 0x4F, 0x58, 0xAF, 0xDC, 0x5A,
    0x4C, 0x06, 0x33, 0xFB, 0xE8, 0x9D, 0x9E, 0xED, 0x40, 0x4C, 0xEC, 0x29, 0xA6, 0x0D, 0xE2, 0x24,
    0xE6, 0xF9, 0x5D, 0x5F, 0x4E, 0xEF, 0x7A, 0x33, 0x8A, 0xA7, 0xF7, 0x5A, 0x19, 0x17, 0x80, 0x73,
    0xDA, 0x16, 0x96, 0x03, 0xDE, 0x7F, 0xEA, 0xD9, 0x6A, 0x9E, 0x7F, 0x3C, 0x12, 0xBE, 0x22, 0xB5,
    0x47, 0xAB, 0xE3, 0xD6, 0x7C, 0x42, 0x1C, 0x84, 0xDF, 0x4D, 0x77, 0xA3, 0xAD, 0x6F, 0xFA, 0xA8,
    0x6E, 0x6C, 0x7C, 0xC1, 0x44, 0xBC, 0x1E, 0x50, 0x74, 0xEE, 0x3F, 0x18, 0xAE, 0x7A, 0xE2, 0x80,
    0x74, 0x2E, 0x3B, 0x9D, 0xE3, 0xD0, 0xED, 0x3A, 0xD7, 0xA4, 0xC9, 0x71, 0xD4, 0x6E, 0x5D, 0x86,
    0x83, 0x5E, 0xF9, 0xBD, 0x80, 0xDD, 0x79, 0xD9, 0x43, 0x05, 0x18, 0x40, 0xE9, 0xEB, 0x36, 0xEA,
    0xC9, 0xE8, 0x4B, 0xF5, 0x4C, 0xED, 0x1B, 0x41, 0x5E, 0x63, 0x80, 0xA9, 0xDB, 0xFA, 0xD6, 0x24,
    0x07, 0xFB, 0xF6, 0x54, 0x6D, 0xF6, 0xC2, 0xBE, 0xCF, 0xE5, 0x2E, 0x96, 0xBB, 0xE2, 0xC5, 0x4D,
    0x91, 0x19, 0x36, 0xB0, 0x9F, 0xEB, 0x9F, 0x57, 0xCF, 0x83, 0x1E, 0x54, 0xEC, 0xB2, 0x82, 0xF6,
    0x1C, 0x8B, 0x84, 0x76, 0xD9, 0x26, 0x05, 0x3D, 0x58, 0xE4, 0x64, 0x07, 0xA1, 0x43, 0x54, 0xB4,
    0xDC, 0xCE, 0xA9, 0xFB, 0x6B, 0x31, 0xCA, 0xCD, 0xFE, 0xD3, 0x79, 0x37, 0xA5, 0x49, 0x79, 0xD3,
    0x70, 0x2D, 0x2F, 0xB2, 0x82, 0x5C, 0xB1, 0xB7, 0x2C, 0x4E, 0x2F, 0x01, 0xDC, 0x58, 0xB3, 0x58,
    0xCB, 0xEE, 0x49, 0x0F, 0xFB, 0x80, 0xDD, 0x98, 0xA9, 0xE5, 0x1A, 0xAC, 0xF9, 0xA5, 0xA8, 0xE0,
    0xDD, 0x51, 0x04, 0x31, 0xF2, 0xD0, 0x3E, 0xF7, 0x6F, 0x41, 0x78, 0xB3, 0x0E, 0x19, 0xFD, 0x5C,
    0x8F, 0x59, 0xDA, 0x6E, 0xCE, 0x70, 0xF5, 0xEA, 0x1B, 0xF7, 0xA5, 0x62, 0x83, 0x11, 0xFC, 0x44,
    0xDE, 0x6B, 0x3B, 0xC2, 0x5F, 0x92, 0xFD, 0xE6, 0xB0, 0xC8, 0xD7, 0xCE, 0x77, 0xEC, 0x97, 0x8C,
    0x2D, 0x45, 0x56, 0x68, 0xA4, 0x2A, 0x3C, 0x59, 0xB7, 0xD4, 0x95, 0xDD, 0x96, 0xF8, 0x3D, 0xA1,
    0xD8, 0xFF, 0x00, 0x85, 0x58, 0x3D, 0x8C, 0xDE, 0xC6, 0x11, 0x1D, 0x92, 0xB9, 0x23, 0x60, 0x06,
    0xA2, 0x0B, 0x2B, 0x70, 0x20, 0x40, 0x6C, 0x52, 0xB8, 0x88, 0xC4, 0x00, 0x49, 0x79, 0x77, 0x4B,
    0x5B, 0x85, 0x0B, 0x17, 0x72, 0x61, 0xC1, 0x45, 0x0A, 0xBB, 0x48, 0x6F, 0x20, 0x48, 0x21, 0x03,
    0x27, 0x93, 0xB2, 0x0A, 0x15, 0x6E, 0x5C, 0x04, 0x69, 0x52, 0xD8, 0x85, 0x8B, 0xC0, 0x29, 0xD4,
    0xA8, 0x50, 0x21, 0x89, 0x94, 0x0E, 0xC9, 0x15, 0x42, 0x00, 0xCA, 0x8A, 0xE1, 0xC2, 0x40, 0x44,
    0x4B, 0x42, 0x80, 0xC4, 0x85, 0x28, 0x8B, 0x8E, 0x79, 0x08, 0xC9, 0xC9, 0x7B, 0xB3, 0xDF, 0x77,
    0x92, 0x8C, 0x04, 0x21, 0x0E, 0x43, 0x1E, 0x77, 0xB9, 0x3B, 0x3B, 0x3F, 0x6F, 0xDE, 0x7C, 0x22,
    0x47, 0x5F, 0x17, 0x09, 0x55, 0x5B, 0x89, 0xF5, 0x8F, 0x93, 0x24, 0xB3, 0xEC, 0x48, 0x3C, 0x49,
    0x5A, 0x40, 0x84, 0x55, 0x34, 0x8B, 0x48, 0xA0, 0x10, 0x52, 0x57, 0x10, 0xEE, 0xB6, 0xAA, 0xDE,
    0x1D, 0x4A, 0xD5, 0xC7, 0x73, 0x38, 0xCB, 0x6E, 0x5D, 0xD4, 0x72, 0x3C, 0xEB, 0x5C, 0x23, 0xD1,
    0x9C, 0xF6, 0x5B, 0x52, 0x7E, 0x3D, 0x66, 0x58, 0x48, 0xB5, 0x92, 0x9C, 0x6B, 0x8A, 0x6B, 0x7A,
    0x11, 0x8E, 0x48, 0x3C, 0xE2, 0x7B, 0x7C, 0x73, 0x44, 0x44, 0x25, 0xAE, 0x30, 0x12, 0xB6, 0x52,
    0xAB, 0xF6, 0xE2, 0x54, 0x27, 0xEE, 0x70, 0xF6, 0x32, 0xC4, 0x89, 0x2D, 0xEE, 0xA5, 0x85, 0x44,
    0xAA, 0x8B, 0x24, 0x7A, 0x5F, 0xAB, 0x64, 0xBE, 0xFC, 0xEF, 0x2E, 0x99, 0xB6, 0xDE, 0x1D, 0xE2,
    0x39, 0x3B, 0x71, 0x2E, 0x5A, 0x92, 0xD3, 0x59, 0xA8, 0xD1, 0xDE, 0x7E, 0xA3, 0xD5, 0x37, 0x9D,
    0xD4, 0xCD, 0x59, 0xAC, 0xD1, 0xE3, 0xC3, 0x74, 0x4C, 0x8F, 0x4B, 0x3C, 0x47, 0xB7, 0x8A, 0x40,
    0x5F, 0xB9, 0xDF, 0x48, 0xD9, 0x0E, 0xBD, 0x64, 0xC3, 0xD6, 0x59, 0xBC, 0x3C, 0xBE, 0x8D, 0x7D,
    0x5F, 0x3B, 0x1D, 0x35, 0xEE, 0xFE, 0xFE, 0xFB, 0x7D, 0x32, 0x7F, 0xD3, 0x4E, 0xA2, 0x63, 0xBF,
    0x23, 0xF9, 0xBC, 0x95, 0x57, 0xA1, 0x2E, 0x59, 0x2B, 0x19, 0xB5, 0xC1, 0x63, 0x21, 0xF2, 0x08,
    0x6A, 0xCB, 0x16, 0x15, 0x3A, 0x4E, 0x85, 0x92, 0xD3, 0x62, 0xD7, 0x19, 0x0C, 0x25, 0x0A, 0xED,
    0xF2, 0xE5, 0xD2, 0x24, 0x6E, 0x90, 0xEB, 0xE2, 0x3A, 0xC9, 0x2A, 0xD7, 0x4B, 0xDC, 0xE6, 0xBD,
    0x04, 0x7D, 0x36, 0x88, 0xEC, 0xA6, 0x3C, 0x8F, 0xD9, 0x2E, 0x34, 0xDB, 0x69, 0x43, 0xDB, 0x75,
    0xC7, 0xEE, 0x0D, 0xD9, 0x50, 0xFE, 0x5B, 0xE3, 0x39, 0xD0, 0x87, 0x37, 0xB4, 0x28, 0x3F, 0x6B,
    0xCB, 0x36, 0xC7, 0xBE, 0x43, 0xDA, 0x63, 0x7A, 0x04, 0x0B, 0x69, 0x35, 0xC7, 0x4D, 0xDE, 0x97,
    0x51, 0x1F, 0x2F, 0x79, 0x33, 0x8A, 0xDE, 0xED, 0xDE, 0x93, 0x54, 0x07, 0x57, 0x88, 0xD2, 0xA0,
    0x09, 0x4D, 0x2B, 0x1B, 0x6F, 0x60, 0x3D, 0x38, 0x41, 0x15, 0x63, 0xB8, 0x1A, 0xC9, 0x27, 0xC9,
    0x3A, 0x49, 0x16, 0x89, 0x06, 0x58, 0xAE, 0x12, 0xEC, 0x8D, 0xD9, 0x0E, 0xBB, 0xF6, 0xB2, 0x51,
    0x48, 0x66, 0x06, 0x4E, 0xD4, 0xBC, 0xA9, 0x3A, 0xD3, 0xC4, 0xCA, 0xFF, 0x1C, 0xCF, 0xE9, 0x87,
    0xE9, 0xB6, 0x71, 0x3D, 0xCC, 0xAF, 0x9F, 0x1D, 0xF6, 0x5F, 0xDB, 0xE2, 0xDF, 0x1B, 0xCE, 0x7D,
    0x90, 0x98, 0x13, 0x4B, 0x5B, 0xF5, 0xD0, 0x56, 0xF8, 0x88, 0x6E, 0xAF, 0xBF, 0x5E, 0x68, 0x8A,
    0x08, 0x63, 0xC9, 0x14, 0xE2, 0x39, 0x1B, 0x65, 0xB2, 0xCF, 0x31, 0xA7, 0xEC, 0x2C, 0xBC, 0xDA,
    0x43, 0x43, 0xD5, 0x6B, 0x05, 0xE7, 0xF5, 0x76, 0x91, 0x16, 0xDF, 0x7B, 0x1F, 0xDB, 0x36, 0xF1,
    0x6C, 0x8A, 0x99, 0x7A, 0xE9, 0x68, 0xAA, 0x9A, 0x46, 0xCE, 0x2F, 0x56, 0xD8, 0xA9, 0xF0, 0x41,
    0xE5, 0x68, 0xA5, 0x95, 0x34, 0xE5, 0x5E, 0x30, 0x49, 0xFF, 0x4A, 0xD8, 0x6E, 0x8E, 0xD7, 0x03,
    0xAD, 0xE0, 0x98, 0xD3, 0x2A, 0xEF, 0x98, 0x55, 0x61, 0xFC, 0x51, 0x25, 0x19, 0xF3, 0x7B, 0x90,
    0x7D, 0xBE, 0x0F, 0x3B, 0x77, 0xF9, 0xDF, 0x6A, 0x48, 0x37, 0x41, 0xB6, 0xAE, 0x5F, 0x24, 0x6B,
    0x5C, 0x3B, 0x43, 0x96, 0xD5, 0x2C, 0x79, 0x53, 0x06, 0x13, 0xA4, 0x42, 0xBA, 0x4A, 0x43, 0xC8,
    0x0B, 0x4B, 0x04, 0xF9, 0x1A, 0xBD, 0x5A, 0x9E, 0x84, 0x7C, 0xBD, 0x7C, 0x77, 0x8A, 0xB4, 0xAD,
    0x1F, 0x4D, 0xB2, 0x14, 0x51, 0x63, 0x2A, 0x8B, 0xB7, 0xE8, 0x80, 0x43, 0x49, 0xBD, 0x20, 0x65,
    0x9A, 0x10, 0x16, 0xA8, 0xA1, 0x7A, 0x2F, 0x39, 0x52, 0x64, 0xC1, 0x56, 0xF0, 0x70, 0x63, 0x4E,
    0x1D, 0x60, 0xB2, 0x60, 0x59, 0xE0, 0xD4, 0x0D, 0xAD, 0x3F, 0x7F, 0xE7, 0xF3, 0x84, 0x9A, 0xEA,
    0x4D, 0x93, 0x7D, 0x34, 0xB8, 0x06, 0xC6, 0x98, 0xD2, 0xD1, 0x15, 0xCF, 0x0C, 0x24, 0x5D, 0x7A,
    0x80, 0x4C, 0x1E, 0x03, 0xBD, 0x2E, 0x88, 0x0A, 0x87, 0xF3, 0x73, 0x06, 0x96, 0x6D, 0x02, 0xEC,
    0x12, 0x23, 0x75, 0xB0, 0xEC, 0x64, 0xDE, 0xE5, 0xC6, 0x4D, 0x04, 0x3F, 0x22, 0xA6, 0x69, 0x84,
    0x81, 0x46, 0x54, 0xFD, 0xD0, 0xFB, 0x33, 0xB4, 0xF8, 0xF0, 0x57, 0xD9, 0x95, 0xAB, 0xC7, 0x40,
    0x0B, 0xD7, 0xA7, 0xED, 0xCA, 0x0F, 0x75, 0x5B, 0x17, 0x3E, 0x30, 0x02, 0xBD, 0x60, 0x6E, 0xC1,
    0x8A, 0x30, 0x66, 0x2F, 0xC7, 0x46, 0x89, 0x16, 0x66, 0x98, 0xEE, 0x63, 0x83, 0x6C, 0xB0, 0x00,
    0x74, 0x70, 0x5A, 0xDD, 0x46, 0x7A, 0x7A, 0x88, 0xA6, 0xB4, 0x43, 0xAE, 0xE4, 0x83, 0x6B, 0xD3,
    0x3E, 0x97, 0x74, 0x0A, 0xF5, 0xBC, 0x4A, 0xD9, 0x30, 0x6D, 0xCA, 0x11, 0x2B, 0x43, 0x6F, 0x86,
    0x66, 0xE1, 0x3A, 0x86, 0x44, 0x4C, 0xAD, 0xB4, 0x8A, 0x89, 0x33, 0xBD, 0xA5, 0x1A, 0x1F, 0x19,
    0x3D, 0x08, 0x00, 0x3C, 0x32, 0xD2, 0x00, 0x0C, 0x78, 0x2C, 0x18, 0x17, 0xCC, 0xC2, 0x78, 0x01,
    0x1E, 0x30, 0x4C, 0xA2, 0x2E, 0x1D, 0x43, 0xC6, 0x86, 0x6B, 0x1D, 0x5C, 0x68, 0xD1, 0xA3, 0xC5,
    0x22, 0x1A, 0xD4, 0x07, 0xF4, 0xC6, 0xA5, 0x29, 0x1E, 0x72, 0x60, 0x8F, 0x98, 0x1D, 0x8B, 0x9A,
    0x87, 0x8E, 0xE7, 0x90, 0x11, 0x8F, 0xFF, 0x1F, 0x88, 0xCF, 0x05, 0x42, 0x85, 0x85, 0xE0, 0x12,
    0x5B, 0xD0, 0xC2, 0x26, 0x6D, 0xBA, 0xF8, 0xC1, 0x59, 0xCA, 0x7E, 0x7D, 0x76, 0x9F, 0x0E, 0x00,
    0x04, 0xBC, 0xDA, 0x5C, 0x98, 0xE0, 0x50, 0x84, 0x36, 0xCE, 0x78, 0x74, 0x99, 0xF3, 0x0E, 0x16,
    0xC4, 0x73, 0xDE, 0xC0, 0xFF, 0x3D, 0xA6, 0x47, 0x53, 0x02, 0x8B, 0xBC, 0x49, 0x3F, 0x35, 0x3F,
    0x21, 0x36, 0x56, 0xC2, 0xD3, 0x44, 0xB6, 0xA1, 0x1B, 0xB9, 0x0F, 0x36, 0x0C, 0xB4, 0x23, 0xD2,
    0xF1, 0x5C, 0x98, 0x50, 0x37, 0xB4, 0x42, 0x8E, 0x70, 0x99, 0x02, 0x06, 0x78, 0x39, 0x60, 0x6B,
    0x1E, 0x3C, 0xB0, 0x9B, 0x36, 0xC1, 0x87, 0x1C, 0x29, 0x70, 0xD6, 0x92, 0x93, 0x07, 0x38, 0x30,
    0xE9, 0x93, 0x01, 0x79, 0x05, 0x6B, 0xD6, 0xA2, 0xB0, 0x67, 0x95, 0xEB, 0xDE, 0x5C, 0x36, 0x25,
    0x54, 0xAB, 0xA7, 0x4C, 0x3B, 0x9F, 0xC3, 0x2C, 0x0F, 0xB9, 0xCA, 0x14, 0xEB, 0x07, 0x8A, 0x18,
    0xD7, 0xCE, 0x15, 0xAE, 0x49, 0x9B, 0x14, 0x5E, 0x8A, 0xBA, 0x68, 0x88, 0xA7, 0x60, 0x90, 0x05,
    0xD6, 0xB4, 0xB0, 0x6F, 0x1D, 0x12, 0xA4, 0x1C, 0xB2, 0x22, 0x1A, 0xF3, 0x39, 0x69, 0x36, 0xF4,
    0x2D, 0xFD, 0xE2, 0xDB, 0xD8, 0xE2, 0xF0, 0x2B, 0x93, 0x63, 0x38, 0x4D, 0xD7, 0x01, 0x4A, 0xF5,
    0x4E, 0x7E, 0xB7, 0x7A, 0x66, 0x00, 0x2B, 0x33, 0xA2, 0xCA, 0x21, 0x9D, 0x89, 0x37, 0x76, 0xE2,
    0x85, 0x4E, 0x87, 0x6B, 0x9C, 0xD5, 0x91, 0x94, 0x85, 0xA4, 0x43, 0x4E, 0x11, 0xE2, 0x98, 0xF7,
    0xC8, 0x37, 0xC8, 0x1F, 0xCB, 0x66, 0x21, 0xAB, 0x3C, 0xD2, 0x2E, 0x87, 0xBD, 0xDE, 0x7F, 0xDC,
    0xCA, 0xD5, 0x7C, 0x5B, 0xE2, 0x9B, 0x8F, 0xDB, 0x8F, 0x77, 0xF3, 0xED, 0x0C, 0x0F, 0xB7, 0xFB,
    0xFF, 0xFE, 0x10, 0xBC, 0x82, 0x07, 0xC1, 0xC3, 0x99, 0x37, 0x1F, 0xA3, 0xB4, 0x2D, 0xDB, 0x99,
    0x07, 0x88, 0x1F, 0xA9, 0x01, 0x3D, 0x43, 0x63, 0xA3, 0xEE, 0x2D, 0xCC, 0xF1, 0xFA, 0xE8, 0x2F,
    0x97, 0x37, 0x2C, 0x0A, 0x3B, 0x03, 0xCB, 0x42, 0xCC, 0x33, 0x41, 0xFD, 0x90, 0x58, 0x66, 0x6F,
    0x97, 0x04, 0x6F, 0xCB, 0x0E, 0xEE, 0x86, 0x97, 0x1D, 0xCB, 0x12, 0x8D, 0xAF, 0x45, 0x4C, 0xD7,
    0x20, 0xBA, 0xED, 0x45, 0x1B, 0x58, 0x80, 0x22, 0x4C, 0xFC, 0x3B, 0x00, 0xA0, 0xBD, 0x83, 0x19,
    0x71, 0x7A, 0x4C, 0xC5, 0x8E, 0xE9, 0x84, 0xB4, 0x2F, 0x50, 0x43, 0xF5, 0x12, 0xEC, 0xFF, 0x25,
    0x62, 0x30, 0x1B, 0x93, 0x03, 0x79, 0xFA, 0xB2, 0x10, 0x8C, 0x0E, 0x11, 0xCD, 0xAE, 0x8D, 0x33,
    0xD4, 0xD5, 0x42, 0x36, 0xD1, 0x4B, 0x8B, 0x41, 0xAC, 0x05, 0x9D, 0x5C, 0x33, 0x5D, 0xAF, 0x19,
    0x58, 0x5E, 0x65, 0xFE, 0x41, 0x12, 0xBE, 0x77, 0x3D, 0xFE, 0x96, 0x76, 0x9E, 0x55, 0x51, 0xB0,
    0x15, 0xED, 0xC4, 0x7C, 0xBF, 0xAC, 0x31, 0xD7, 0x92, 0x86, 0x09, 0xBF, 0x92, 0x71, 0xC3, 0x99,
    0x49, 0xC3, 0xBC, 0x4B, 0x59, 0x6D, 0x25, 0xAD, 0xB8, 0x26, 0x90, 0x0B, 0xE7, 0x70, 0x2C, 0xE1,
    0xFF, 0xB4, 0x3C, 0x34, 0xD8, 0x08, 0xCE, 0xD8, 0xE3, 0x1D, 0xEC, 0x93, 0xEB, 0xC0, 0x5A, 0x56,
    0x37, 0x2C, 0x91, 0x79, 0x0F, 0x52, 0x80, 0xB4, 0x64, 0x59, 0x88, 0x96, 0x80, 0x29, 0xA4, 0x2F,
    0x53, 0x96, 0x37, 0xF8, 0x71, 0xDE, 0xAB, 0x41, 0x8B, 0x7A, 0x0F, 0xFB, 0x83, 0x43, 0x33, 0x22,
    0x89, 0x4E, 0x3E, 0x86, 0xB0, 0x1D, 0x73, 0x30, 0xD4, 0xDC, 0x10, 0xEB, 0xC2, 0x62, 0xD5, 0x16,
    0xE9, 0x2F, 0xE9, 0x90, 0x31, 0x7B, 0x2D, 0x9E, 0x00, 0x02, 0x3C, 0x6A, 0xDD, 0xB0, 0x3A, 0x3B,
    0xA4, 0x5D, 0x15, 0x58, 0x4D, 0xA8, 0x6A, 0xC0, 0xA7, 0x8F, 0xF7, 0xA3, 0x85, 0x58, 0x8D, 0xD8,
    0xB3, 0xC5, 0x1D, 0xE6, 0x66, 0xFB, 0x70, 0x66, 0x30, 0x5E, 0xC3, 0x19, 0xB3, 0x0F, 0x90, 0x4B,
    0xC1, 0xF0, 0x2B, 0x1C, 0xFD, 0x39, 0xE8, 0xF5, 0xAF, 0xDE, 0x20, 0x91, 0x5B, 0xD1, 0x22, 0xB1,
    0x8F, 0x98, 0xAE, 0x80, 0x58, 0x00, 0xB5, 0xD7, 0x6A, 0x9C, 0x30, 0x20, 0xD0, 0xC2, 0x56, 0x2D,
    0xA7, 0x4E, 0x6B, 0xD5, 0xD3, 0xB7, 0x06, 0x59, 0x5B, 0x93, 0x79, 0x6B, 0x9E, 0x59, 0x15, 0xD3,
    0x1A, 0x30, 0xCF, 0x9A, 0x5E, 0x3C, 0xED, 0xE9, 0xC0, 0xA3, 0x49, 0xEA, 0x1D, 0xBD, 0x4B, 0xB1,
    0xE9, 0xA1, 0xF8, 0xDD, 0xE8, 0x21, 0x66, 0x86, 0x55, 0x7A, 0xCA, 0xF4, 0xCF, 0x02, 0xAE, 0x2C,
    0xDB, 0x32, 0xF9, 0x89, 0x57, 0x79, 0x1B, 0xE5, 0x1C, 0x6F, 0xBD, 0xDD, 0xC2, 0xDE, 0xBE, 0x8F,
    0x5A, 0x8E, 0xC5, 0xE0, 0x48, 0x53, 0xDE, 0xFD, 0x14, 0x0E, 0x1B, 0x87, 0xAD, 0x5F, 0xA4, 0x12,
    0x3C, 0x6A, 0x8F, 0xFC, 0x2C, 0xAD, 0xA2, 0x3B, 0xED, 0x91, 0x97, 0xB6, 0xBB, 0xEC, 0xD4, 0xB0,
    0x95, 0x74, 0xF9, 0x83, 0xF8, 0x92, 0x2D, 0x9E, 0x78, 0x9D, 0x7C, 0xD1, 0x92, 0xE3, 0xFE, 0x76,
    0xC2, 0xDF, 0xC8, 0x91, 0x40, 0x33, 0xD2, 0xCB, 0x12, 0xFF, 0x59, 0xA2, 0xAF, 0xB0, 0xDE, 0xDB,
    0xB2, 0xF3, 0x92, 0x24, 0x7F, 0x11, 0xF9, 0x0E, 0x87, 0x04, 0x3D, 0xC4, 0x12, 0x57, 0xEC, 0xE3,
    0x8B, 0x9D, 0xFC, 0xFA, 0x9C, 0xEC, 0xEC, 0x37, 0x59, 0x37, 0x1C, 0xF9, 0x4D, 0x16, 0xFF, 0x30,
    0xDA, 0x3B, 0x2F, 0x50, 0x7B, 0xC7, 0x0E, 0xC8, 0x79, 0x03, 0x75, 0x96, 0x6E, 0x5D, 0x7B, 0xD4,
    0x98, 0x45, 0x32, 0x1D, 0x53, 0xB1, 0xBA, 0x50, 0x31, 0x6D, 0xB4, 0x31, 0x47, 0xA9, 0x97, 0xCC,
    0x22, 0xB8, 0xDB, 0xB2, 0xED, 0x99, 0xF7, 0x65, 0x47, 0xDB, 0x96, 0x2D, 0x19, 0x4C, 0x7D, 0x9B,
    0x99, 0xEC, 0xF3, 0xC5, 0xE3, 0xF8, 0x53, 0x71, 0xEE, 0xBD, 0x11, 0xAE, 0x28, 0xCE, 0x13, 0x19,
    0x2F, 0x3E, 0xE2, 0xFA, 0x43, 0x69, 0xF6, 0xF5, 0x26, 0xC4, 0x65, 0xA6, 0xAD, 0xD5, 0x2B, 0x4B,
    0x3E, 0xFB, 0x2A, 0x90, 0x70, 0xEC, 0x81, 0x90, 0x73, 0x26, 0x50, 0xF6, 0xE5, 0x3E, 0xAB, 0xCA,
    0xEE, 0x64, 0x30, 0xA4, 0x53, 0xD4, 0x3E, 0x87, 0xBD, 0xB6, 0xE8, 0x68, 0x64, 0x0E, 0x96, 0xDF,
    0x65, 0x1D, 0x4D, 0x2A, 0xB2, 0x98, 0x6F, 0x3F, 0xFD, 0x43, 0xDD, 0xA6, 0xB9, 0xDE, 0x9A, 0x83,
    0xBE, 0x7E, 0x00, 0x52, 0x98, 0x4C, 0x28, 0x39, 0x08, 0x61, 0xD7, 0x6D, 0xA3, 0x62, 0x69, 0xD4,
    0x20, 0x6B, 0x86, 0xDD, 0x14, 0xB8, 0x7E, 0x0B, 0x75, 0x31, 0xD6, 0x11, 0x81, 0x93, 0xE9, 0x43,
    0xE8, 0x98, 0x1B, 0x5F, 0xCD, 0xC9, 0x08, 0xC3, 0xEE, 0x50, 0xBB, 0x60, 0x05, 0x0A, 0x9B, 0x1F,
    0x9B, 0xCF, 0x2C, 0x2C, 0x32, 0x0B, 0x19, 0x67, 0xB1, 0x51, 0x9A, 0xB4, 0x98, 0x0C, 0x4C, 0x46,
    0xC6, 0xFA, 0xE2, 0xC7, 0x3C, 0x6F, 0x7A, 0x9F, 0x32, 0xBB, 0x69, 0xC1, 0xFD, 0x3E, 0x25, 0x90,
    0xDF, 0x33, 0x4D, 0xF5, 0x32, 0x78, 0x73, 0x3E, 0xA3, 0x7F, 0x95, 0x64, 0xA0, 0x0D, 0x81, 0xCC,
    0x48, 0xAA, 0xA7, 0x46, 0x05, 0x24, 0x00, 0x68, 0xA0, 0x4C, 0x33, 0x26, 0xB7, 0x33, 0xD8, 0x76,
    0xBD, 0x23, 0xBB, 0x50, 0x2F, 0x57, 0x58, 0x75, 0x8C, 0x56, 0x0B, 0x81, 0x13, 0x1D, 0x95, 0x24,
    0x65, 0xAD, 0x48, 0x81, 0x26, 0x12, 0x3C, 0x70, 0x13, 0xD0, 0xDA, 0x0D, 0x63, 0x43, 0xAB, 0x04,
    0x83, 0xDE, 0xD1, 0x93, 0x8D, 0xE8, 0x54, 0x7A, 0x0F, 0x78, 0xE2, 0x8B, 0xF5, 0x62, 0x6E, 0x1F,
    0x63, 0xFB, 0xC0, 0x79, 0x5A, 0xDA, 0xCA, 0x66, 0x45, 0x72, 0xE3, 0x58, 0x3C, 0x41, 0x74, 0x6A,
    0xD0, 0x64, 0xB0, 0x13, 0x44, 0x0B, 0x40, 0x98, 0x0D, 0x0E, 0x51, 0xAA, 0x27, 0xAC, 0xD3, 0x3C,
    0x47, 0xDF, 0xF0, 0x76, 0x3B, 0x69, 0x66, 0x33, 0xD6, 0xB9, 0xAC, 0x7B, 0x91, 0xE5, 0x6A, 0x8D,
    0x5E, 0xE4, 0x64, 0x8C, 0x5E, 0x24, 0x7D, 0x19, 0xBD, 0x48, 0xD4, 0xA0, 0x17, 0x91, 0x1E, 0xBD,
    0x88, 0xEC, 0x6E, 0x56, 0x5A, 0x9D, 0x34, 0x70, 0x01, 0x84, 0xF4, 0xA0, 0x77, 0x80, 0x8A, 0x9E,
    0x9E, 0x3D, 0x4B, 0xA8, 0x3C, 0x69, 0xEC, 0x00, 0x34, 0x7C, 0xC0, 0x08, 0xD8, 0x3F, 0xE3, 0xB0,
    0x38, 0x1B, 0xC3, 0xBB, 0x27, 0xC3, 0x1E, 0xAB, 0xA1, 0x7C, 0xEA, 0x85, 0x06, 0xBD, 0xC8, 0x41,
    0xCF, 0x5E, 0x64, 0x5A, 0xF7, 0x22, 0xF2, 0x0E, 0x7D, 0x6B, 0x64, 0xD1, 0x63, 0xC0, 0x95, 0x27,
    0x39, 0xF7, 0x82, 0x3C, 0x2F, 0xC1, 0xF5, 0xCD, 0x11, 0xD6, 0x7B, 0x95, 0x10, 0x7F, 0x53, 0xB9,
    0x33, 0xA1, 0x78, 0x62, 0x37, 0xB2, 0x64, 0xAB, 0x11, 0x6B, 0x13, 0xEE, 0x1A, 0x17, 0x5C, 0x8F,
    0x4C, 0xFF, 0xF3, 0x9B, 0xFF, 0x3F, 0x52, 0x37, 0x7A, 0xFB, 0x63, 0xBA, 0x72, 0x64, 0x2E, 0x7E,
    0x62, 0x24, 0xC1, 0x77, 0x90, 0x07, 0xE6, 0x47, 0xC4, 0x42, 0x07, 0x10, 0xCF, 0x47, 0x50, 0x57,
    0xA6, 0xD0, 0x44, 0xD0, 0x4D, 0x1B, 0x74, 0x26, 0xF2, 0x89, 0x77, 0x64, 0xE2, 0x1D, 0xB9, 0x1C,
    0x06, 0x5D, 0x6A, 0x32, 0x33, 0x49, 0x57, 0x52, 0xB6, 0x86, 0xAB, 0x96, 0x5C, 0x7D, 0xF6, 0xD1,
    0xEF, 0xF7, 0x34, 0x2A, 0xE1, 0xDD, 0xFE, 0xE7, 0xF7, 0xBF, 0xB9, 0x33, 0x47, 0x57, 0xB7, 0x4E,
    0xD4, 0x55, 0xBE, 0xB7, 0x87, 0xA0, 0xD1, 0x05, 0x22, 0x79, 0xC8, 0xF9, 0xFD, 0xE5, 0xCB, 0xE2,
    0x83, 0xB4, 0x77, 0xBE, 0x29, 0x7A, 0x72, 0xB1, 0x90, 0x6A, 0x67, 0x91, 0x73, 0x0A, 0x9E, 0x03,
    0x4F, 0x06, 0x09, 0x8A, 0xFA, 0xF7, 0xE8, 0xB0, 0x1B, 0xA0, 0x41, 0xB2, 0xB3, 0x59, 0x01, 0x55,
    0x3E, 0x61, 0xAC, 0x1E, 0xD6, 0xB8, 0xC4, 0xBA, 0x0B, 0x43, 0x68, 0xDF, 0x98, 0x78, 0x48, 0xF0,
    0x8D, 0x06, 0xB9, 0xE4, 0x0A, 0x35, 0x7C, 0xFF, 0xE1, 0x3C, 0x4D, 0x68, 0x0C, 0x28, 0x06, 0x2B,
    0x56, 0x9C, 0xF2, 0xBA, 0xAF, 0x5B, 0xAA, 0x14, 0x8B, 0xBC, 0x45, 0xA8, 0x20, 0xF1, 0x66, 0xBC,
    0xCE, 0xD4, 0x76, 0xDA, 0x38, 0xA3, 0x33, 0xA2, 0xCE, 0x28, 0xA3, 0x1F, 0x6D, 0x7C, 0xB3, 0x15,
    0xD4, 0xA3, 0x18, 0x61, 0xF7, 0xC6, 0x0A, 0x7D, 0x73, 0xD4, 0xAF, 0xF7, 0xCA, 0xA9, 0x47, 0x3E,
    0xAD, 0xFB, 0xB3, 0xD4, 0x9B, 0x52, 0x3C, 0x23, 0xC4, 0x9E, 0x56, 0x49, 0xF9, 0xFF, 0xE6, 0x6F,
    0x99, 0x27, 0x93, 0x75, 0x78, 0xCD, 0xBA, 0xA5, 0x72, 0xFD, 0x0F, 0xF8, 0x78, 0xAC, 0x65, 0x8D,
    0xB7, 0x31, 0x2E, 0xA7, 0xC3, 0x8B, 0xD8, 0x76, 0xCA, 0x59, 0x1A, 0x71, 0x08, 0x47, 0x75, 0xC3,
    0x53, 0xBE, 0x7E, 0x0D, 0xB6, 0x00, 0x0E, 0x7C, 0x1D, 0xDB, 0xD7, 0x7F, 0x82, 0x31, 0x60, 0x09,
    0x68, 0x6D, 0xEC, 0x06, 0xB4, 0x1B, 0x44, 0xDE, 0x18, 0x4D, 0x49, 0x42, 0x80, 0x64, 0x46, 0x7C,
    0xCC, 0x38, 0xCC, 0x79, 0x76, 0xCB, 0x04, 0xDD, 0xD0, 0x33, 0x15, 0xDF, 0xE8, 0xF9, 0xBE, 0x50,
    0xB2, 0x3D, 0x6F, 0xBB, 0x9B, 0xFE, 0x76, 0xCF, 0xDF, 0x68, 0xAE, 0x03, 0xEF, 0x33, 0x6D, 0x7D,
    0x37, 0x33, 0xF8, 0xC6, 0x6C, 0x02, 0x05, 0x04, 0x23, 0x03, 0x7B, 0x6E, 0x59, 0xD6, 0x59, 0x59,
    0x98, 0xD3, 0xAE, 0x31, 0x3E, 0xE8, 0xCE, 0x23, 0x8F, 0xA1, 0xD3, 0x47, 0x43, 0xB2, 0xD7, 0xF3,
    0x58, 0xF5, 0x17, 0x9D, 0x71, 0x1A, 0xF6, 0x55, 0x5F, 0x12, 0x98, 0x32, 0x3D, 0xA5, 0xA7, 0x11,
    0x9A, 0xFA, 0xCA, 0x83, 0xB8, 0x5D, 0x15, 0x80, 0x95, 0x73, 0x85, 0xC8, 0x60, 0x9E, 0x1D, 0xE5,
    0x45, 0xD3, 0xE2, 0x53, 0xB3, 0xAD, 0x1A, 0x35, 0x88, 0x0C, 0x65, 0xC5, 0x7E, 0x2D, 0xF1, 0xD7,
    0xDB, 0xAB, 0xFB, 0xD5, 0xD5, 0xDD, 0xAD, 0x6A, 0x75, 0x7D, 0xB0, 0xEE, 0x10, 0x3C, 0xE8, 0xFE,
    0xFD, 0xC0, 0x17, 0xFA, 0xE6, 0x5A, 0xC2, 0x17, 0xAE, 0x72, 0x62, 0xB8, 0x5A, 0xA5, 0x46, 0x69,
    0xF3, 0x26, 0x36, 0x02, 0x94, 0x37, 0xE1, 0x48, 0xD3, 0xA1, 0x8B, 0x5F, 0x88, 0xA8, 0xF8, 0x73,
    0x05, 0x0C, 0x8A, 0x8F, 0xD0, 0x5D, 0xD5, 0x15, 0x10, 0x94, 0x78, 0xD8, 0x83, 0x26, 0xA1, 0xBB,
    0x64, 0x43, 0x54, 0x60, 0x1D, 0x40, 0x0F, 0xEB, 0x1E, 0x3B, 0x00, 0x04, 0x2E, 0x6C, 0x93, 0xF3,
    0x07, 0x08, 0x34, 0x6E, 0xC9, 0x84, 0x29, 0xE1, 0xB4, 0x6A, 0xBA, 0xF9, 0x77, 0xC3, 0x3A, 0x0A,
    0xF8, 0x1D, 0x0E, 0xC0, 0x44, 0x9F, 0xD7, 0x2D, 0x0E, 0x06, 0x97, 0x05, 0x05, 0x1C, 0x75, 0xD1,
    0x77, 0x2F, 0xE5, 0x3D, 0x6F, 0x15, 0x92, 0x55, 0x2B, 0x93, 0x4E, 0x3D, 0x46, 0xFF, 0x4E, 0x89,
    0x28, 0xEC, 0xF6, 0x49, 0x5E, 0xD9, 0xC4, 0x10, 0xA4, 0x23, 0xFF, 0xC0, 0x06, 0x8C, 0x5A, 0x79,
    0xA2, 0x8B, 0x87, 0xD4, 0x3A, 0x1C, 0xFC, 0x39, 0xFE, 0x04, 0xC3, 0x98, 0x86, 0x6A, 0x8B, 0xE5,
    0x67, 0x47, 0xF9, 0x0F, 0x59, 0x77, 0xFE, 0x65, 0xBB, 0xF2, 0xF9, 0x5A, 0x3E, 0x5B, 0x97, 0x2D,
    0x66, 0x2C, 0x98, 0xBD, 0x24, 0x38, 0x1B, 0x07, 0x49, 0x2E, 0x5A, 0x4E, 0x7E, 0xD7, 0xFB, 0x32,
    0xC2, 0xEE, 0x61, 0xA9, 0xD9, 0xC5, 0x6A, 0x8A, 0xB0, 0xD0, 0x5B, 0x17, 0xF7, 0xE1, 0xFC, 0xBD,
    0xCF, 0x1E, 0x81, 0x60, 0xB7, 0xFD, 0x95, 0x73, 0x50, 0x64, 0x77, 0x3B, 0x83, 0x2E, 0x79, 0xCA,
    0x94, 0xE5, 0xD7, 0xA8, 0xAB, 0x9F, 0x11, 0x8A, 0x9B, 0xFE, 0x0A, 0x13, 0x7F, 0x77, 0x9B, 0x35,
    0x72, 0x63, 0xC3, 0x5A, 0x0F, 0x59, 0xEB, 0xE1, 0x11, 0x61, 0x95, 0xF5, 0x24, 0x08, 0x30, 0x16,
    0xFC, 0x04, 0x22, 0xC5, 0xAA, 0x3A, 0xD9, 0x2B, 0x67, 0x3F, 0x39, 0xC0, 0xA5, 0x16, 0xB1, 0x96,
    0xEE, 0x7D, 0xB0, 0xAA, 0x50, 0x20, 0x47, 0x56, 0x91, 0x77, 0x8D, 0xB7, 0x5D, 0x35, 0x39, 0x5E,
    0x31, 0x48, 0x9A, 0x9F, 0x18, 0xB7, 0xAA, 0x07, 0xA2, 0x09, 0x32, 0x39, 0xB2, 0x2E, 0x80, 0xD9,
    0xE5, 0xA5, 0xD9, 0x14, 0x76, 0x04, 0x1A, 0xD1, 0xC5, 0xF3, 0x26, 0x1C, 0x9F, 0xEA, 0x8A, 0x26,
    0x2A, 0x35, 0xDE, 0xC4, 0x0A, 0x24, 0x40, 0x3D, 0x7F, 0x90, 0x72, 0xD6, 0x63, 0xB8, 0x71, 0x25,
    0x61, 0x62, 0xBC, 0x41, 0x64, 0x97, 0x4C, 0x50, 0xE2, 0x8B, 0x36, 0xC7, 0xD8, 0xEB, 0x11, 0x8C,
    0x9C, 0x27, 0x58, 0xA1, 0xFD, 0xD8, 0x15, 0xDE, 0x33, 0x2A, 0x7A, 0xC7, 0xA2, 0xFD, 0x0E, 0x7D,
    0x12, 0xEF, 0xF9, 0xBC, 0xB0, 0x5F, 0x9B, 0x12, 0x4E, 0x25, 0xC0, 0x57, 0xEC, 0x2E, 0xAD, 0x4D,
    0x89, 0x7A, 0x8F, 0xED, 0x91, 0x59, 0x80, 0xDC, 0xFB, 0x79, 0x9F, 0x4A, 0x9E, 0x34, 0x79, 0xBA,
    0x51, 0x3F, 0xC1, 0x49, 0xBE, 0x7E, 0x81, 0x07, 0x0A, 0x4C, 0xCD, 0xC4, 0x08, 0x9B, 0x63, 0xC2,
    0xC5, 0x06, 0x74, 0x84, 0x99, 0x63, 0xBE, 0xA4, 0x3C, 0x7B, 0xA5, 0x87, 0xBF, 0xDE, 0xCC, 0x62,
    0xB6, 0x95, 0xFF, 0x00, 0xAD, 0x57, 0xCD, 0x6E, 0x1B, 0x55, 0x14, 0x3E, 0x33, 0x53, 0x32, 0x4D,
    0x47, 0xED, 0xCD, 0xA2, 0x0B, 0xA4, 0x20, 0x9B, 0x65, 0x91, 0x62, 0x66, 0xC3, 0x82, 0xC5, 0x75,
    0x3C, 0xA8, 0x95, 0x58, 0xB6, 0x6F, 0x02, 0x48, 0x5D, 0x44, 0xC2, 0xC5, 0x23, 0xF5, 0x05, 0x78,
    0x01, 0x04, 0x2F, 0x00, 0xEA, 0x22, 0x12, 0x59, 0x18, 0xCF, 0xB4, 0x7D, 0x80, 0x8C, 0xE8, 0x12,
    0x09, 0x46, 0x2D, 0x0B, 0x24, 0x04, 0xB9, 0xA1, 0x5E, 0xB8, 0xAA, 0x3D, 0xC3, 0xF9, 0xBB, 0xD1,
    0x38, 0xC9, 0x22, 0x6A, 0x72, 0x6D, 0xE9, 0x7A, 0xEE, 0xB9, 0x3F, 0xE7, 0x7C, 0xDF, 0x77, 0xCE,
    0x1D, 0x03, 0x6C, 0x82, 0xB4, 0x49, 0xC9, 0x5D, 0xD0, 0x64, 0xDC, 0x27, 0x0B, 0x19, 0x4E, 0x6B,
    0xED, 0x5B, 0x69, 0x6F, 0xB5, 0x5F, 0x16, 0x39, 0xAC, 0x2D, 0x80, 0x78, 0xA5, 0x3B, 0x25, 0x4E,
    0x7F, 0xDC, 0x96, 0xEE, 0x11, 0x40, 0x8B, 0xDF, 0x2C, 0x6C, 0xCB, 0xA8, 0x2D, 0xE3, 0x47, 0xB5,
    0xB1, 0xAE, 0x67, 0xF7, 0xAC, 0xB5, 0x9F, 0xDA, 0xC1, 0xBE, 0x35, 0x5B, 0xF6, 0x1A, 0x58, 0x78,
    0xF7, 0xEF, 0x1D, 0x39, 0xE6, 0xA6, 0x9E, 0x1A, 0xCF, 0x61, 0xDD, 0x75, 0x98, 0x54, 0xEA, 0x6A,
    0xFB, 0xC5, 0xE9, 0x28, 0xD6, 0x5D, 0xD7, 0x15, 0x41, 0x21, 0x21, 0x05, 0x3E, 0xA2, 0x0F, 0x01,
    0x2E, 0xE5, 0xA1, 0x85, 0x2F, 0xED, 0xCD, 0x87, 0xB6, 0x67, 0xED, 0xCE, 0xC0, 0xDA, 0x5B, 0x76,
    0x1F, 0x11, 0x88, 0x67, 0x15, 0xA2, 0x11, 0xB4, 0x39, 0x81, 0x53, 0x00, 0x7C, 0x84, 0x67, 0x6C,
    0x6A, 0x14, 0xC8, 0x05, 0x45, 0xC1, 0xD0, 0xA2, 0x4F, 0xC2, 0xC5, 0xA4, 0x12, 0xF7, 0xCE, 0x89,
    0x42, 0xB8, 0x88, 0x57, 0xC2, 0x05, 0x4E, 0xA3, 0x80, 0x38, 0x0A, 0xE4, 0x42, 0xA2, 0xB8, 0x2D,
    0x51, 0x5C, 0x8E, 0x8B, 0x8B, 0x44, 0x71, 0x9D, 0x11, 0x8B, 0xDE, 0x08, 0xF2, 0x0D, 0x3F, 0x34,
    0x2D, 0xFB, 0x75, 0x4C, 0x7E, 0x06, 0x47, 0xE5, 0x14, 0x1F, 0xCC, 0x88, 0x27, 0xEC, 0x33, 0x03,
    0xD1, 0x73, 0x96, 0xCC, 0x8E, 0x21, 0x0D, 0x06, 0x35, 0x9B, 0x0C, 0xB0, 0xE9, 0x49, 0x24, 0x6A,
    0x32, 0x22, 0x4F, 0x59, 0x25, 0x26, 0x78, 0x47, 0x13, 0x74, 0xDA, 0x7B, 0xA2, 0x58, 0x96, 0xCC,
    0x76, 0x4B, 0xB3, 0xD3, 0x23, 0x42, 0x7B, 0xF2, 0x6B, 0x4B, 0x88, 0x56, 0x33, 0xDE, 0x27, 0xFD,
    0x8E, 0x67, 0xBD, 0x22, 0x7B, 0xB8, 0xD8, 0xA3, 0x87, 0x59, 0xC2, 0x86, 0x9C, 0xEC, 0x49, 0x3D,
    0x60, 0x43, 0x48, 0xF6, 0x99, 0x28, 0x89, 0x19, 0x49, 0x98, 0xB0, 0x50, 0x52, 0xE9, 0x42, 0x86,
    0x58, 0x14, 0x78, 0x07, 0xCE, 0xB4, 0xE8, 0xEA, 0x00, 0x70, 0x90, 0xB3, 0x69, 0x87, 0x4D, 0x01,
    0x1F, 0xB9, 0x34, 0x62, 0x7A, 0xC8, 0xAB, 0x9E, 0xF3, 0xB2, 0x11, 0x4D, 0x08, 0xB3, 0x15, 0x4D,
    0x28, 0xEE, 0x12, 0x20, 0x50, 0x7C, 0xCF, 0x50, 0x4D, 0x18, 0x2A, 0x48, 0x65, 0xC3, 0x7E, 0xD7,
    0xCF, 0x40, 0xBA, 0x83, 0x4B, 0xC1, 0xC0, 0x86, 0x07, 0x6C, 0x48, 0xC4, 0xE0, 0xD8, 0x30, 0x60,
    0x43, 0xF4, 0x8C, 0x57, 0xEC, 0xB1, 0x21, 0x91, 0x15, 0x7F, 0xD7, 0x84, 0x59, 0xBA, 0x48, 0x4B,
    0xD2, 0x1B, 0x67, 0xFC, 0xA4, 0x25, 0x4B, 0xCC, 0xDA, 0x83, 0xDE, 0x19, 0x40, 0xB9, 0x3A, 0xDD,
    0x00, 0x18, 0x72, 0x5C, 0x00, 0x63, 0x8A, 0x04, 0xA3, 0xC3, 0x6F, 0x88, 0xB2, 0x0D, 0x9D, 0xD4,
    0x83, 0xA8, 0xA2, 0x9D, 0xA4, 0xF9, 0x9E, 0xC6, 0x53, 0xAD, 0x7D, 0x43, 0xAD, 0x96, 0x53, 0x90,
    0x7D, 0x04, 0xF7, 0x8D, 0x50, 0x8B, 0x4F, 0x58, 0xC2, 0xB9, 0x2D, 0xD6, 0xF2, 0x69, 0xF2, 0x4F,
    0x14, 0xC3, 0x09, 0xFB, 0xB9, 0xAB, 0xD9, 0x3E, 0xD6, 0xB2, 0x85, 0x08, 0x6F, 0xAC, 0x4E, 0x9F,
    0x8F, 0xCB, 0x4B, 0x1A, 0xA7, 0xE5, 0x78, 0x66, 0xCE, 0x14, 0x6C, 0xCF, 0x79, 0xB9, 0xEC, 0x33,
    0x96, 0x74, 0x3F, 0x4F, 0x48, 0x02, 0xEE, 0xA8, 0xA4, 0x4A, 0x82, 0x53, 0x0D, 0xF1, 0xFA, 0xF5,
    0x3F, 0xE8, 0xE9, 0x1F, 0x28, 0xEC, 0x5B, 0xF6, 0x09, 0x26, 0xE5, 0x71, 0x8D, 0x29, 0x89, 0x1A,
    0xE8, 0x99, 0x24, 0x03, 0x67, 0x51, 0x1A, 0x99, 0xDB, 0x52, 0x09, 0xB2, 0x4E, 0x2C, 0x53, 0x02,
    0x9D, 0x21, 0x2A, 0x1C, 0x51, 0xE9, 0x2C, 0xC4, 0x8F, 0x9F, 0x55, 0x60, 0x0C, 0x8E, 0x0D, 0x2C,
    0x6E, 0x68, 0x5F, 0xE3, 0x8C, 0x9F, 0x7F, 0xC7, 0x19, 0x2D, 0xCE, 0x8F, 0x48, 0x37, 0x5C, 0x6D,
    0x0D, 0xAD, 0xEE, 0xE7, 0x1D, 0x7D, 0x53, 0x60, 0x87, 0x12, 0x9D, 0xB6, 0x50, 0x90, 0x82, 0xF0,
    0x25, 0xCD, 0xEB, 0x57, 0xE0, 0xA8, 0x9C, 0x60, 0xB8, 0x07, 0xF1, 0x1B, 0x08, 0x57, 0xE4, 0x46,
    0x7F, 0x4E, 0x94, 0xA1, 0xBC, 0x27, 0xBF, 0x29, 0x36, 0x4D, 0xEB, 0x49, 0xAA, 0xC8, 0x3B, 0xAC,
    0x82, 0x45, 0x8E, 0x64, 0xC4, 0x0B, 0x0C, 0xF7, 0x33, 0xC7, 0x94, 0x6E, 0xCC, 0x17, 0x30, 0x22,
    0x94, 0xAE, 0x8F, 0xF5, 0xFA, 0x3B, 0xA3, 0x8E, 0x1B, 0xED, 0xB7, 0xA2, 0x73, 0x56, 0x4F, 0x91,
    0x6D, 0x90, 0xD2, 0x7F, 0x91, 0x7C, 0x22, 0xA6, 0x17, 0x82, 0x81, 0x11, 0xFE, 0x03, 0xE7, 0x61,
    0x49, 0x68, 0x7A, 0x92, 0x87, 0x52, 0xC8, 0x44, 0x0C, 0x16, 0x10, 0x1B, 0x42, 0xC9, 0x10, 0x5A,
    0x51, 0x19, 0x3D, 0x75, 0x8C, 0x9E, 0x23, 0xC2, 0xAE, 0x3D, 0x18, 0x30, 0x98, 0xA3, 0xCF, 0x7F,
    0xE2, 0x60, 0x1B, 0x09, 0x7F, 0xBB, 0x15, 0x68, 0x52, 0x95, 0xCF, 0x0F, 0x6B, 0xDE, 0x05, 0xC5,
    0x5F, 0x3C, 0xB9, 0x25, 0x4C, 0xC1, 0xFC, 0xC9, 0x12, 0x40, 0xD7, 0x82, 0x85, 0x28, 0x02, 0xDD,
    0x22, 0x81, 0xE0, 0x19, 0xA4, 0x5E, 0x8C, 0x2E, 0x50, 0xAE, 0xF6, 0xB9, 0xE6, 0x0A, 0x7D, 0x3D,
    0xF1, 0x19, 0xFD, 0x29, 0x85, 0x4D, 0x47, 0x81, 0x58, 0x36, 0x0E, 0x0D, 0x90, 0xCB, 0xF1, 0x63,
    0xF1, 0xE2, 0xB8, 0xE6, 0x64, 0xF9, 0x78, 0x7F, 0xD2, 0x29, 0xE7, 0x50, 0x48, 0x8D, 0x37, 0xA2,
    0xF4, 0x30, 0x5F, 0x73, 0xD1, 0x3F, 0x36, 0xD2, 0x15, 0x92, 0xE3, 0xA3, 0xA3, 0x79, 0x67, 0x23,
    0xD3, 0x0B, 0xEE, 0xC9, 0x29, 0x0C, 0x4C, 0xB5, 0xE6, 0x02, 0xE1, 0xD5, 0xF1, 0x0F, 0xC1, 0x54,
    0xE7, 0xFB, 0x82, 0xA9, 0x46, 0xC6, 0x69, 0x6B, 0x34, 0xEC, 0x9C, 0xF3, 0x85, 0x54, 0xA5, 0x98,
    0x78, 0x02, 0x15, 0x30, 0x8F, 0x63, 0xB8, 0xEC, 0x82, 0x3C, 0x39, 0x72, 0xC2, 0xC0, 0x8F, 0x7C,
    0x23, 0x84, 0x2F, 0x04, 0x73, 0xA1, 0x07, 0x6C, 0x7F, 0x8D, 0xBB, 0x32, 0xF3, 0x58, 0x91, 0x13,
    0x3B, 0x02, 0xA4, 0xB2, 0xEE, 0x33, 0x42, 0x25, 0xC1, 0x7E, 0xCF, 0x4F, 0xF4, 0x92, 0x54, 0x52,
    0x80, 0x55, 0x4C, 0x48, 0xDE, 0xBC, 0xA3, 0xB4, 0xC0, 0x03, 0x97, 0x9E, 0x7E, 0x8D, 0x99, 0x69,
    0xDF, 0xD7, 0xCB, 0x3E, 0x52, 0x7D, 0xBB, 0x89, 0xBE, 0x78, 0x99, 0xFA, 0xD4, 0xCC, 0xA0, 0xF1,
    0x9B, 0x15, 0xFE, 0xC7, 0x49, 0xE5, 0x48, 0xFD, 0x8B, 0xCF, 0xC9, 0xAA, 0xC4, 0x1F, 0x14, 0xF9,
    0xF7, 0xB6, 0x20, 0xEB, 0x10, 0x49, 0x85, 0x9C, 0xD8, 0x1A, 0x51, 0x3D, 0xC4, 0xC8, 0xFA, 0xA8,
    0x2C, 0x93, 0x4F, 0x21, 0x29, 0x4D, 0x16, 0x39, 0xFC, 0x2C, 0xA1, 0x09, 0x5B, 0x18, 0x55, 0xAF,
    0x4B, 0x33, 0x3E, 0x70, 0xD1, 0xE1, 0x3D, 0x0B, 0x2E, 0x33, 0xC4, 0x50, 0x89, 0xBC, 0x38, 0x44,
    0x01, 0x07, 0xE0, 0xAA, 0x06, 0xC2, 0x6C, 0x73, 0xED, 0x9E, 0x41, 0x87, 0xBC, 0xB7, 0x23, 0xAF,
    0x40, 0xAC, 0x14, 0x1A, 0x6F, 0x1D, 0x6A, 0xDC, 0x3E, 0x46, 0x65, 0xBE, 0x8B, 0x91, 0x1F, 0xF1,
    0x80, 0x84, 0x2B, 0x45, 0xBA, 0xCD, 0x8B, 0xF5, 0xC5, 0x7E, 0x89, 0x4F, 0xCA, 0x60, 0xBE, 0x56,
    0xA8, 0x58, 0x11, 0x57, 0x17, 0xE9, 0xE9, 0x81, 0xE0, 0x45, 0x69, 0x3E, 0x18, 0x23, 0xC0, 0xF7,
    0xA7, 0xF0, 0x36, 0x47, 0xC4, 0xCB, 0xB4, 0x34, 0x15, 0x12, 0x50, 0xA3, 0xCD, 0x21, 0x1F, 0xE8,
    0xCD, 0x02, 0xB5, 0xD6, 0x9F, 0x02, 0x17, 0x47, 0xBE, 0xF4, 0x37, 0x14, 0xAA, 0xC0, 0x6B, 0x8B,
    0xD1, 0x22, 0x6D, 0x31, 0x5A, 0x33, 0x41, 0x4B, 0xB5, 0x55, 0x43, 0xE4, 0x03, 0x16, 0x6D, 0x85,
    0x4B, 0x05, 0x25, 0x68, 0xBC, 0xB6, 0x56, 0x8D, 0x47, 0xAB, 0x50, 0xB4, 0x3C, 0xD6, 0xB9, 0x6A,
    0x6B, 0xAE, 0x50, 0x36, 0xAA, 0x2D, 0x46, 0x0B, 0xB5, 0x25, 0x68, 0xA1, 0xB6, 0x18, 0x2D, 0xBA,
    0x1F, 0x03, 0x82, 0x9E, 0x6E, 0x84, 0x29, 0x9A, 0xC6, 0x98, 0x67, 0xBB, 0x78, 0xE9, 0xA6, 0x98,
    0x3E, 0xA6, 0xC4, 0x8F, 0x8B, 0x16, 0xC9, 0x12, 0xDA, 0xBB, 0x87, 0x30, 0xFC, 0xEF, 0x55, 0x69,
    0x86, 0x5B, 0x2E, 0x7A, 0x7A, 0x31, 0xB4, 0xE2, 0xFB, 0x60, 0xBF, 0x42, 0x39, 0x0E, 0x77, 0x5D,
    0xF4, 0x2F, 0xEA, 0xB3, 0xC5, 0x3C, 0x18, 0x65, 0xB8, 0x65, 0x1E, 0x38, 0x54, 0x6F, 0x8A, 0xA5,
    0x23, 0x7A, 0x89, 0x72, 0xFE, 0xC6, 0xE9, 0xFF, 0x1C, 0xF2, 0xE3, 0x7D, 0x80, 0xFF, 0x01, 0xCD,
    0x58, 0x3B, 0x8F, 0xDC, 0x54, 0x14, 0x3E, 0xB6, 0xC9, 0x5A, 0x60, 0x81, 0x0B, 0xA0, 0x80, 0x05,
    0x4C, 0x09, 0x88, 0xAC, 0x29, 0x28, 0x52, 0xEC, 0x8C, 0xFD, 0x13, 0x68, 0xF2, 0x0F, 0x82, 0x84,
    0xA0, 0x18, 0x4A, 0x90, 0x86, 0xCC, 0x00, 0x05, 0x05, 0x4D, 0x0A, 0xFA, 0x50, 0x20, 0x04, 0x0B,
    0x12, 0x29, 0x52, 0x8C, 0xD0, 0xEE, 0xDA, 0x82, 0x92, 0x02, 0x23, 0x0A, 0xCA, 0x58, 0xB0, 0x14,
    0x08, 0xA4, 0x18, 0x64, 0xC1, 0x6C, 0xE2, 0x99, 0xCB, 0xF7, 0x9D, 0x6B, 0x8F, 0x77, 0x26, 0x9B,
    0x0D, 0xA2, 0x40, 0x38, 0x7B, 0xAF, 0x3D, 0xD7, 0xE7, 0xFD, 0x76, 0x64, 0xF4, 0x91, 0x48, 0x62,
    0x6A, 0x71, 0x8E, 0x82, 0x52, 0x44, 0xA2, 0x14, 0xDB, 0x18, 0xCB, 0xD3, 0x5F, 0x58, 0x52, 0x63,
    0x85, 0x53, 0x6C, 0x0D, 0x1F, 0x72, 0x79, 0x19, 0x0F, 0xD9, 0x22, 0xCC, 0x93, 0xE2, 0xD9, 0x26,
    0xAC, 0x24, 0xFB, 0xAA, 0x11, 0x6F, 0x9E, 0xA4, 0x92, 0xBC, 0x5F, 0x89, 0x57, 0x2F, 0x41, 0x2E,
    0x2C, 0xC5, 0xAF, 0x16, 0x22, 0x87, 0x61, 0x01, 0x84, 0x85, 0x38, 0x8D, 0x5F, 0x4A, 0x92, 0x26,
    0x82, 0x5B, 0x0D, 0x6C, 0xAF, 0xBC, 0x2C, 0xE2, 0x2F, 0x53, 0xC9, 0x8C, 0x31, 0x5C, 0xAF, 0xEE,
    0xED, 0x65, 0x20, 0x9E, 0x9C, 0xB5, 0x9E, 0x03, 0x4C, 0x02, 0x58, 0xAE, 0x7B, 0xC1, 0x92, 0x5E,
    0x47, 0x5B, 0xEC, 0x75, 0x1E, 0x6B, 0xB7, 0xD5, 0xAD, 0xEE, 0xF9, 0x7E, 0x86, 0xF7, 0x3E, 0x56,
    0x30, 0x81, 0x6E, 0xC0, 0x7D, 0x0A, 0x6B, 0x80, 0xB5, 0x8B, 0x35, 0xC3, 0xAA, 0x92, 0xE7, 0x3E,
    0xBB, 0xD5, 0xF3, 0xF5, 0xA7, 0x89, 0x84, 0x50, 0x24, 0x04, 0x9F, 0x1D, 0xAC, 0x5D, 0xAC, 0x31,
    0x56, 0x8D, 0x55, 0x49, 0xF2, 0xDA, 0xAD, 0x9E, 0x6F, 0x00, 0x93, 0x85, 0xAD, 0x0D, 0x9F, 0x94,
    0x8D, 0xCB, 0xC9, 0x8E, 0xE5, 0x41, 0x70, 0x35, 0x66, 0x0E, 0xD3, 0xC6, 0x47, 0x12, 0xFF, 0x9A,
    0x4B, 0x0C, 0x8C, 0x49, 0xAE, 0x1A, 0xF8, 0x15, 0xC8, 0xC3, 0x09, 0x46, 0xD1, 0xBD, 0x9F, 0x4A,
    0x52, 0x72, 0xCB, 0x5D, 0x12, 0x75, 0x2B, 0xFF, 0xDD, 0x1C, 0x24, 0x2A, 0xF9, 0xBD, 0xD4, 0xDB,
    0xF9, 0xEB, 0xEA, 0x25, 0xEF, 0x73, 0xDC, 0xE6, 0x22, 0xC6, 0xDE, 0x12, 0xC0, 0xEC, 0x43, 0x84,
    0x4A, 0x75, 0xF6, 0x7E, 0xB3, 0xAA, 0xDF, 0x4E, 0x65, 0x80, 0xDB, 0x9B, 0xA5, 0xDE, 0xCE, 0xEF,
    0xCA, 0x90, 0x4E, 0xF5, 0xA7, 0x31, 0x99, 0x4E, 0x2B, 0xE5, 0x96, 0x47, 0x7A, 0x2B, 0x5C, 0x93,
    0x92, 0xA9, 0xCA, 0xE5, 0x55, 0x12, 0x82, 0x28, 0x62, 0x24, 0xB8, 0x71, 0x24, 0xA3, 0x42, 0xFC,
    0x7C, 0x62, 0xCC, 0x14, 0xC0, 0x32, 0xFA, 0x05, 0xD0, 0x2F, 0xAD, 0x54, 0x4B, 0x75, 0x2F, 0x54,
    0x4B, 0xC6, 0x10, 0x51, 0x49, 0x7C, 0xCE, 0x3D, 0x6C, 0x74, 0x5F, 0x70, 0xDF, 0x51, 0xD7, 0x5C,
    0xD0, 0xFD, 0x7A, 0xC6, 0x00, 0xAB, 0x28, 0xB3, 0x5B, 0x24, 0x85, 0x0A, 0x01, 0x34, 0x3F, 0x0D,
    0x6B, 0x5A, 0x31, 0x98, 0xD3, 0x86, 0x5E, 0x43, 0x17, 0x7A, 0x40, 0x7E, 0x43, 0x1C, 0xA0, 0x01,
    0xC0, 0xA4, 0xE4, 0x91, 0x4D, 0x21, 0x06, 0x14, 0xF6, 0x40, 0x24, 0x2E, 0x03, 0x1A, 0xBD, 0x7A,
    0x88, 0x7C, 0x6A, 0x7A, 0x3D, 0x68, 0xE8, 0x3A, 0xD3, 0xD0, 0x29, 0x66, 0x39, 0xE1, 0x6E, 0x16,
    0xAE, 0x39, 0xBE, 0x38, 0x82, 0xFC, 0xF8, 0x73, 0x41, 0x8A, 0xD1, 0xB7, 0xFC, 0x9F, 0xDC, 0x60,
    0x75, 0x68, 0xE7, 0x98, 0x1C, 0xEE, 0x9F, 0x42, 0x5C, 0x81, 0xB8, 0xAD, 0x6D, 0x23, 0x6A, 0x20,
    0x31, 0x15, 0x90, 0x68, 0x29, 0xCE, 0x42, 0x42, 0xC3, 0xBC, 0x0C, 0x60, 0x07, 0xA4, 0x95, 0xC9,
    0x9D, 0x39, 0xD4, 0x29, 0x04, 0x39, 0x6D, 0xD4, 0xF6, 0x99, 0xDA, 0x3E, 0x51, 0xDB, 0xC7, 0x6A,
    0x7B, 0xA0, 0xF1, 0x59, 0x29, 0x4E, 0x98, 0xDA, 0x8E, 0x42, 0x82, 0x15, 0x0D, 0xA6, 0xCE, 0x48,
    0x9A, 0x16, 0x35, 0x4A, 0x49, 0x2C, 0x4E, 0x7D, 0x88, 0x94, 0x28, 0xE6, 0x44, 0x5F, 0x2E, 0x65,
    0xA2, 0x82, 0x64, 0x66, 0x25, 0x9A, 0xAB, 0x66, 0xBD, 0xAD, 0x7B, 0x9E, 0xF5, 0xCF, 0x72, 0xE6,
    0x55, 0x6B, 0x34, 0xA4, 0x77, 0x79, 0xDC, 0xDA, 0xDB, 0x5B, 0x22, 0x91, 0x49, 0xE6, 0xCF, 0xBD,
    0xBD, 0x5B, 0x7B, 0x7B, 0x67, 0xC0, 0x76, 0x8F, 0x27, 0xAF, 0xA0, 0x68, 0xEB, 0x81, 0x5B, 0xDB,
    0xCA, 0xA5, 0x09, 0xC1, 0x22, 0x64, 0x8F, 0x9D, 0x79, 0x77, 0x7C, 0xD0, 0x85, 0x69, 0x9C, 0xB6,
    0x75, 0x2E, 0xE0, 0xF1, 0xE5, 0xEE, 0x38, 0xEA, 0xCA, 0x9F, 0x7F, 0x3A, 0x49, 0xEF, 0x4E, 0x92,
    0x6F, 0xF1, 0x97, 0x66, 0x45, 0x1C, 0xFD, 0xD5, 0x2C, 0xCF, 0x9D, 0x90, 0xEB, 0x90, 0xDB, 0x43,
    0x7D, 0x9A, 0x3C, 0xA1, 0x06, 0x24, 0x0B, 0x79, 0x51, 0x13, 0x46, 0x5F, 0x5D, 0x93, 0xFB, 0x09,
    0x15, 0x80, 0x7F, 0xE1, 0x5D, 0x4D, 0x09, 0xB5, 0x2F, 0x2E, 0x82, 0xA2, 0x90, 0x0B, 0x20, 0x2A,
    0x5E, 0x4A, 0x95, 0x5F, 0xA7, 0xA8, 0x8C, 0xF8, 0x81, 0x94, 0x2C, 0x0D, 0xA4, 0x15, 0xBE, 0xA3,
    0x72, 0x5D, 0xD0, 0xCA, 0x41, 0x85, 0xE2, 0xD7, 0x49, 0x50, 0x7D, 0xA1, 0x45, 0x5E, 0x73, 0x9F,
    0xB4, 0x5A, 0xDF, 0xC1, 0x87, 0x51, 0xE9, 0xA1, 0x09, 0x4C, 0x8C, 0x57, 0xC6, 0xD3, 0x43, 0xF7,
    0x8F, 0xD2, 0x99, 0x1F, 0xC8, 0x4E, 0xC5, 0x7C, 0x65, 0xD6, 0x35, 0x8A, 0x8D, 0x1C, 0x1D, 0x96,
    0x32, 0x9B, 0xC9, 0xCE, 0xD0, 0x99, 0x07, 0x45, 0xEC, 0x2B, 0x46, 0x1A, 0x97, 0xE2, 0x2E, 0x3B,
    0xDD, 0xDC, 0xB5, 0xB6, 0xC1, 0x72, 0xA5, 0x65, 0xE7, 0x61, 0x28, 0xEA, 0x10, 0xC8, 0xD5, 0x26,
    0x42, 0x2B, 0xCD, 0xDE, 0x80, 0x39, 0xF3, 0xEB, 0x14, 0xA6, 0x02, 0x9A, 0x53, 0x00, 0x0D, 0x09,
    0x5C, 0x33, 0xDD, 0xA7, 0xF2, 0x3C, 0xD1, 0xAE, 0x79, 0xF4, 0xFD, 0x88, 0xC9, 0xCB, 0x4A, 0x61,
    0x39, 0x34, 0xD2, 0xFC, 0xF7, 0x7F, 0x9F, 0xC8, 0x27, 0xF0, 0x6F, 0x42, 0xDF, 0xC2, 0xBB, 0x5E,
    0xC5, 0xA8, 0x68, 0x68, 0x96, 0x7F, 0x70, 0x78, 0x8D, 0x87, 0x07, 0x3C, 0x5C, 0xF0, 0x70, 0xC1,
    0xC3, 0x05, 0x21, 0xD9, 0x2A, 0x99, 0xF4, 0x61, 0x9E, 0x11, 0x92, 0xB9, 0xDA, 0x1C, 0x10, 0x7D,
    0x41, 0xF4, 0x05, 0xD1, 0x17, 0xA4, 0xB9, 0x24, 0xCD, 0x8C, 0x34, 0x33, 0xD2, 0xCC, 0xC8, 0xE8,
    0x80, 0x8C, 0x06, 0x64, 0x74, 0xEE, 0x5F, 0x88, 0x24, 0x42, 0x85, 0x6C, 0x10, 0xB3, 0xE6, 0x06,
    0xCC, 0xE2, 0x3F, 0xE1, 0x3A, 0x56, 0x7E, 0xAF, 0x84, 0x7B, 0xC6, 0x7E, 0x8E, 0xC0, 0x42, 0x73,
    0xA8, 0xDD, 0x0A, 0xC1, 0x16, 0xA6, 0x08, 0xBB, 0x7D, 0xFC, 0xF3, 0x0A, 0xF4, 0xAB, 0x04, 0x4D,
    0xC7, 0xA9, 0xF0, 0x32, 0x7C, 0x0F, 0x7E, 0xDD, 0x7F, 0x05, 0x94, 0xAE, 0xCC, 0x80, 0xF8, 0x03,
    0x7F, 0x91, 0xCF, 0xDB, 0x7C, 0x0F, 0xC0, 0x21, 0xBC, 0xE8, 0xE7, 0xC8, 0x8E, 0xB9, 0xD2, 0x50,
    0x62, 0x41, 0x8E, 0xE8, 0x1B, 0x20, 0xBF, 0x94, 0x8F, 0xB6, 0x9A, 0xDB, 0xE0, 0xEC, 0xD3, 0xC5,
    0x09, 0xE2, 0xC5, 0xF9, 0x50, 0x5B, 0xC7, 0x82, 0x35, 0x09, 0x40, 0x37, 0x41, 0xAA, 0x04, 0xF1,
    0x59, 0x1B, 0xB6, 0xCC, 0x75, 0x8F, 0xD1, 0x54, 0xB7, 0x49, 0xC6, 0x89, 0x85, 0x99, 0xAE, 0xCA,
    0x1C, 0xB4, 0x39, 0xCC, 0xF4, 0xD5, 0xCC, 0x6D, 0xDA, 0xC4, 0x0C, 0xCF, 0x3C, 0x18, 0xB6, 0x23,
    0x0E, 0xD3, 0xDB, 0xA9, 0x6C, 0xCC, 0x3E, 0xF2, 0x14, 0x00, 0xDF, 0x4F, 0x51, 0x13, 0xA7, 0xB6,
    0x3A, 0x3E, 0xAA, 0xE1, 0x37, 0xD3, 0x8E, 0x42, 0x22, 0x84, 0xCB, 0xF2, 0x96, 0xC2, 0xBD, 0xAE,
    0x90, 0xE6, 0x04, 0x95, 0xEC, 0x6B, 0x03, 0x6A, 0x48, 0x80, 0xA0, 0x01, 0xC3, 0x20, 0xD7, 0x6D,
    0xE3, 0x3C, 0xB7, 0xD5, 0xE7, 0x5E, 0x57, 0xD3, 0xF5, 0xD3, 0x5E, 0x92, 0xFD, 0xD5, 0x7C, 0xF1,
    0x29, 0xB6, 0xA7, 0x33, 0x73, 0x24, 0xDE, 0xB7, 0xB7, 0xB2, 0xE5, 0xC5, 0x6C, 0x1F, 0x53, 0x8E,
    0xF9, 0x91, 0x03, 0xC6, 0x7C, 0x8D, 0xC8, 0xD6, 0x21, 0xAC, 0xF5, 0x82, 0x41, 0x26, 0xFB, 0x37,
    0x7E, 0xFE, 0xC2, 0x7C, 0xBC, 0x9C, 0xC9, 0x96, 0x31, 0xDF, 0xE1, 0x70, 0x74, 0xD4, 0x82, 0x9C,
    0x43, 0x15, 0x73, 0x7C, 0x73, 0x2C, 0xF2, 0x3C, 0x32, 0xF1, 0x83, 0xED, 0xBF, 0x0A, 0x07, 0x35,
    0xF9, 0x19, 0x91, 0x6D, 0x53, 0xAC, 0x4A, 0xAD, 0x96, 0x95, 0x0F, 0xAF, 0x29, 0x6F, 0x15, 0x3E,
    0x68, 0x8B, 0xD8, 0xEA, 0xD1, 0xA6, 0xAF, 0x56, 0x44, 0x27, 0xED, 0x2B, 0x20, 0x1D, 0xA6, 0x9D,
    0x42, 0xEB, 0xFC, 0x99, 0xA6, 0x0C, 0x14, 0xEE, 0xE6, 0xA9, 0x7D, 0xE5, 0x19, 0x2D, 0x3E, 0xDA,
    0xED, 0xB4, 0x86, 0xBB, 0xF5, 0x5A, 0x47, 0x82, 0x91, 0xD2, 0xAE, 0x6A, 0x77, 0x00, 0xDD, 0xA3,
    0x9D, 0x0B, 0x14, 0xAE, 0xF2, 0x36, 0x01, 0xFC, 0x74, 0x83, 0xD1, 0x06, 0xD9, 0x7F, 0x2E, 0xE1,
    0x5D, 0xD4, 0xF4, 0x75, 0xBF, 0x2C, 0x5D, 0x63, 0x92, 0xC9, 0x06, 0x07, 0x7B, 0x6A, 0x01, 0xAA,
    0x0D, 0x0E, 0x27, 0xD1, 0x36, 0x38, 0x9C, 0x40, 0xD3, 0xEE, 0x24, 0x6E, 0xCF, 0x53, 0x1B, 0x4E,
    0x4C, 0x63, 0x71, 0x04, 0x92, 0xD1, 0x32, 0xED, 0x36, 0xD6, 0x81, 0xC9, 0x31, 0xB3, 0xEA, 0x78,
    0xD5, 0xA9, 0x1C, 0x73, 0x64, 0x07, 0x87, 0x54, 0x07, 0x57, 0x8D, 0x9F, 0x6D, 0x73, 0x45, 0x7F,
    0x2C, 0xAC, 0xD6, 0x6A, 0x88, 0x4C, 0x69, 0xDF, 0x77, 0x17, 0x8D, 0x2F, 0xA9, 0x0C, 0x4A, 0xC3,
    0x35, 0x6A, 0xDA, 0x91, 0xB9, 0x83, 0xA0, 0x64, 0xCA, 0x76, 0x4B, 0x8D, 0xE7, 0x34, 0xDD, 0x74,
    0xB2, 0x45, 0x09, 0xB6, 0xF8, 0xE4, 0x33, 0xE4, 0x34, 0xEE, 0x7C, 0x45, 0x88, 0xAF, 0xC8, 0xDA,
    0xF0, 0x79, 0xBA, 0xA9, 0x3D, 0xED, 0xAD, 0xD1, 0x2A, 0x7F, 0x51, 0x40, 0x68, 0xF6, 0x68, 0x8B,
    0x2F, 0xBF, 0x24, 0x35, 0x4F, 0x87, 0xA0, 0x8C, 0x8A, 0x4E, 0x78, 0x38, 0xBA, 0x0D, 0x95, 0xE2,
    0x63, 0xCC, 0xE0, 0xD1, 0x82, 0x9D, 0xEC, 0x10, 0x65, 0x0C, 0x0D, 0x2C, 0xDD, 0xA1, 0xC0, 0x65,
    0xAD, 0xA3, 0x58, 0xAE, 0xAA, 0xA8, 0x00, 0x86, 0x3A, 0xF8, 0xDF, 0x50, 0xA1, 0x81, 0x43, 0x2A,
    0x98, 0x9D, 0x1A, 0xB6, 0x31, 0x44, 0x24, 0x8B, 0x56, 0xEA, 0xD8, 0x19, 0x78, 0xBA, 0xF6, 0x0D,
    0xA0, 0xA8, 0xDA, 0x22, 0x31, 0xD6, 0x3E, 0xA6, 0x95, 0x07, 0x2D, 0x16, 0x05, 0x0E, 0x14, 0x76,
    0x69, 0x70, 0x36, 0x53, 0xD7, 0xDC, 0xA0, 0x99, 0xD4, 0x33, 0x50, 0xDA, 0x4E, 0x69, 0x14, 0x60,
    0x1C, 0x2C, 0xD9, 0x6E, 0x69, 0xA5, 0x50, 0x38, 0x2C, 0x8F, 0xB7, 0x59, 0x33, 0x7F, 0xA5, 0x89,
    0x23, 0x4A, 0xA2, 0xC0, 0x6A, 0x35, 0xD7, 0xDC, 0xA4, 0x62, 0x2C, 0xA3, 0x6E, 0xED, 0x15, 0x9B,
    0xC6, 0xC8, 0x4F, 0x7E, 0x97, 0xE0, 0x8B, 0x44, 0xA7, 0xBB, 0x32, 0x50, 0x27, 0x1D, 0x48, 0x37,
    0xF5, 0x68, 0x91, 0xB4, 0xD5, 0xB1, 0x15, 0x5A, 0xA7, 0x08, 0xA9, 0x7A, 0x1A, 0xA1, 0xF4, 0xC7,
    0xB3, 0x1E, 0xDA, 0xC6, 0x9F, 0x25, 0x12, 0xD8, 0xDD, 0xE6, 0x96, 0x0E, 0x91, 0xCA, 0x12, 0x1C,
    0x8F, 0xE1, 0x6B, 0x5C, 0x9A, 0x6F, 0x13, 0xEB, 0xB0, 0x69, 0x3F, 0xDC, 0x45, 0x9B, 0xA4, 0xEF,
    0xE4, 0xBB, 0xDB, 0x1F, 0xFB, 0xBD, 0x7C, 0x56, 0x04, 0x25, 0xA2, 0xC3, 0x19, 0x68, 0x73, 0x8A,
    0xE6, 0xE4, 0x62, 0x8E, 0x4F, 0xBA, 0xE3, 0x41, 0xDD, 0x15, 0x84, 0xBE, 0x5E, 0x33, 0x04, 0xD0,
    0x0F, 0x58, 0x5D, 0xA1, 0x03, 0x38, 0xC2, 0x10, 0x3B, 0xA2, 0x2D, 0x90, 0x86, 0x40, 0x05, 0x1F,
    0x68, 0xC3, 0xA8, 0xD8, 0x97, 0xF0, 0x3A, 0x56, 0x81, 0x6A, 0xF2, 0xA7, 0x9D, 0x66, 0x14, 0xCC,
    0xA9, 0x68, 0x04, 0xAF, 0x8C, 0xD4, 0x10, 0x3A, 0x1A, 0xFD, 0x40, 0xD1, 0x83, 0x65, 0x6F, 0x88,
    0xD0, 0x90, 0xE5, 0xAC, 0x15, 0x00, 0xD7, 0x03, 0xA7, 0xD4, 0x40, 0x5B, 0x5C, 0xAD, 0x4D, 0xF6,
    0x55, 0xBE, 0x62, 0x65, 0x36, 0xC7, 0x46, 0xC7, 0x55, 0x1D, 0xBA, 0x6C, 0x9F, 0x8C, 0xD4, 0x74,
    0x03, 0x1D, 0xC7, 0x66, 0xDA, 0x16, 0x2B, 0xFD, 0x86, 0xCA, 0x39, 0xA8, 0x85, 0x6A, 0xD6, 0x5D,
    0x55, 0xBA, 0x22, 0x4F, 0x5F, 0x55, 0x19, 0x30, 0x6A, 0xA1, 0x1B, 0x28, 0xE0, 0x6F, 0x46, 0xB3,
    0x41, 0xEF, 0x75, 0xB3, 0x59, 0x01, 0xC6, 0xFD, 0x0C, 0xDB, 0xB5, 0x13, 0x16, 0x51, 0xAA, 0x63,
    0x6C, 0xAA, 0x1F, 0xAE, 0xFC, 0x68, 0xBF, 0x02, 0x15, 0xC3, 0x76, 0xB7, 0xF9, 0xA9, 0x43, 0xFC,
    0xBC, 0x07, 0x18, 0xF7, 0xB1, 0xA3, 0xFF, 0x2B, 0x61, 0x89, 0xB9, 0x8B, 0xCE, 0x62, 0xC6, 0x72,
    0xDB, 0xB4, 0x90, 0x59, 0xBB, 0xE6, 0x6A, 0x56, 0xAD, 0xB7, 0xDB, 0x96, 0x8D, 0x8A, 0x1B, 0xAF,
    0x39, 0xBB, 0x8B, 0x15, 0xCB, 0x6C, 0x67, 0x35, 0xC7, 0xDA, 0x47, 0xAF, 0x1F, 0x99, 0xFD, 0x5E,
    0xF2, 0x78, 0x45, 0x6C, 0xBB, 0xB6, 0x2C, 0xCC, 0x46, 0x40, 0xDD, 0x21, 0xCE, 0xE3, 0xF8, 0xF9,
    0xD1, 0x5B, 0xA4, 0x02, 0x0A, 0x43, 0x06, 0x50, 0x0D, 0xDA, 0x61, 0x0E, 0x75, 0x07, 0x50, 0xBF,
    0x1D, 0xB4, 0xF0, 0x8C, 0x36, 0x3E, 0xC3, 0x1B, 0xA7, 0xEA, 0xA6, 0x31, 0xFF, 0x6B, 0x30, 0x0E,
    0x47, 0x64, 0xDB, 0x8D, 0x6C, 0x36, 0x33, 0x4F, 0x7C, 0x17, 0x36, 0x93, 0x95, 0x35, 0xC8, 0xEC,
    0xFB, 0x55, 0x32, 0xB5, 0x7D, 0x4B, 0x3F, 0x58, 0xBA, 0x49, 0xC1, 0xBB, 0xC1, 0x4F, 0x65, 0x46,
    0xC7, 0x7C, 0x48, 0x81, 0xC6, 0x4C, 0xEF, 0x1A, 0x1C, 0x75, 0x40, 0x43, 0x1C, 0x23, 0x76, 0x73,
    0x97, 0x5F, 0x80, 0x10, 0x68, 0x48, 0x81, 0xC6, 0x34, 0xC3, 0x3C, 0x62, 0x93, 0xBD, 0xD4, 0x7D,
    0xAD, 0x9C, 0xC6, 0x08, 0xA0, 0xFE, 0x77, 0xE0, 0x15, 0x13, 0xBE, 0xD6, 0x29, 0x52, 0x07, 0xC1,
    0x98, 0x21, 0x35, 0x60, 0xB6, 0xEC, 0xD3, 0xB3, 0xD4, 0xDC, 0xAD, 0x40, 0xDC, 0xCF, 0xF9, 0x9F,
    0x14, 0xEF, 0xC2, 0x90, 0x11, 0x4D, 0x3A, 0xA4, 0x98, 0x93, 0xDC, 0x7E, 0x09, 0xEB, 0x2C, 0xF8,
    0x37, 0xBD, 0x54, 0x31, 0x8E, 0xD4, 0x40, 0x10, 0x6C, 0xDB, 0x48, 0x0E, 0x1C, 0x98, 0x18, 0x02,
    0xA7, 0x10, 0xCD, 0x0B, 0x90, 0x57, 0xE2, 0x21, 0xFC, 0x00, 0x52, 0x22, 0x7C, 0xBC, 0x80, 0xFD,
    0x01, 0x4F, 0xE0, 0x05, 0x27, 0x3B, 0x27, 0xC0, 0x88, 0x07, 0x9C, 0x45, 0x40, 0x42, 0x80, 0x83,
    0x15, 0xB7, 0x77, 0x1A, 0xBB, 0xA9, 0xEA, 0x99, 0xB1, 0xF7, 0x10, 0x31, 0x93, 0xB8, 0xC7, 0xD3,
    0xDD, 0xD3, 0x55, 0xD5, 0x3D, 0x22, 0x22, 0xFD, 0x28, 0xCD, 0x19, 0xDF, 0x5C, 0x57, 0x69, 0x75,
    0xA4, 0xA1, 0x43, 0xAB, 0x67, 0x1A, 0x6E, 0x6A, 0xBF, 0x2D, 0x38, 0xD3, 0xFC, 0xE8, 0xE6, 0xE7,
    0x74, 0x1E, 0xA4, 0x3E, 0xE1, 0x2B, 0xED, 0x28, 0x95, 0xA7, 0xD1, 0x9C, 0xA4, 0x50, 0x1A, 0x35,
    0xB6, 0x7A, 0x05, 0xA3, 0xC4, 0xB6, 0x9F, 0x60, 0x38, 0xE5, 0xC2, 0xEF, 0xC6, 0x0C, 0xFC, 0xCE,
    0x5C, 0xF2, 0xAE, 0x90, 0x56, 0x07, 0x18, 0xDC, 0xB6, 0xF4, 0xE6, 0xD6, 0x0A, 0x91, 0x76, 0xB6,
    0x63, 0xE1, 0x36, 0xD7, 0x03, 0x53, 0xAE, 0xD1, 0x9B, 0x5B, 0x1C, 0xC7, 0x4A, 0x7C, 0xF4, 0x2E,
    0xD6, 0x58, 0x40, 0x66, 0x05, 0x30, 0x25, 0x50, 0x89, 0x6D, 0x5D, 0xF0, 0x1E, 0xA3, 0xB7, 0xDB,
    0xBC, 0xCF, 0x38, 0xB6, 0xDC, 0x8B, 0x25, 0x63, 0x6E, 0x83, 0x25, 0xC5, 0xA0, 0xF2, 0xB6, 0x41,
    0x49, 0xF9, 0xDA, 0x1F, 0xDA, 0x1B, 0xC6, 0xAB, 0x5E, 0x35, 0x3A, 0x1B, 0xA4, 0x43, 0x61, 0x46,
    0x8E, 0x24, 0xEE, 0x28, 0x71, 0xF5, 0xA3, 0x3B, 0xD8, 0xE9, 0x77, 0xB5, 0x44, 0xFA, 0x85, 0x77,
    0xB8, 0x5B, 0x6D, 0x09, 0x48, 0x5F, 0x9E, 0x78, 0x41, 0xE5, 0x33, 0xB9, 0x96, 0x84, 0x36, 0xDE,
    0x1E, 0xCA, 0xEE, 0x61, 0x76, 0x73, 0xD6, 0xFB, 0x48, 0xDA, 0x8C, 0x53, 0xAE, 0xC1, 0x18, 0x23,
    0x7A, 0x22, 0x80, 0x69, 0xD8, 0xC8, 0x04, 0xA2, 0x8C, 0x48, 0xA0, 0x27, 0x30, 0x22, 0xED, 0x26,
    0x23, 0xCA, 0x18, 0x83, 0xAB, 0xE1, 0xC5, 0xBD, 0xA4, 0xEB, 0x22, 0xCA, 0x92, 0xE1, 0x9F, 0x3B,
    0x3D, 0xB2, 0xA8, 0xFE, 0x77, 0x60, 0x1B, 0x10, 0xF9, 0x3B, 0xD3, 0x63, 0x94, 0x31, 0x30, 0x13,
    0x39, 0x23, 0xAB, 0xA3, 0x86, 0xDD, 0x4F, 0x6B, 0x00, 0x0B, 0x30, 0x18, 0x61, 0x9B, 0xAF, 0xB2,
    0xAF, 0xFE, 0xEB, 0x1B, 0x82, 0xEC, 0x55, 0x8D, 0x07, 0x5D, 0xD9, 0x57, 0x95, 0xEF, 0x3F, 0xF8,
    0xD0, 0x4C, 0xAC, 0x05, 0x59, 0x29, 0x77, 0xB1, 0xA0, 0x62, 0x64, 0xEA, 0x02, 0xBE, 0x88, 0x2B,
    0x83, 0x47, 0x37, 0x93, 0x49, 0x4B, 0xD1, 0xF1, 0x3B, 0x19, 0x19, 0xAC, 0x95, 0x10, 0x99, 0x22,
    0x82, 0x47, 0x80, 0x09, 0x4F, 0x54, 0xE7, 0x9D, 0x03, 0xF0, 0x41, 0xEC, 0x08, 0x30, 0xA6, 0x40,
    0x05, 0x19, 0x42, 0x80, 0x35, 0x17, 0xE2, 0xD9, 0x23, 0xD8, 0xD6, 0xD0, 0x85, 0xF1, 0xFA, 0x83,
    0xAC, 0x48, 0x85, 0x0B, 0x19, 0xD0, 0xDC, 0x6D, 0x52, 0x25, 0x22, 0xAC, 0x4D, 0xE4, 0x45, 0x6D,
    0x7C, 0x54, 0xF7, 0xCB, 0x25, 0x0F, 0x25, 0x21, 0x12, 0xEC, 0x74, 0x41, 0x03, 0x47, 0xAB, 0xE4,
    0x8F, 0x0A, 0xF3, 0xA4, 0x6A, 0x92, 0x38, 0xF5, 0x85, 0xEA, 0x47, 0x53, 0xE7, 0xC6, 0xD7, 0xF7,
    0xFA, 0xCA, 0x87, 0x1E, 0x71, 0x73, 0x47, 0x07, 0xB4, 0xE1, 0xA1, 0x1D, 0x1F, 0x33, 0x8C, 0x9D,
    0x1A, 0xEE, 0xB4, 0x12, 0x74, 0x90, 0x8B, 0x41, 0x7B, 0x8A, 0x2A, 0x1A, 0x4F, 0xF2, 0x4A, 0x50,
    0x93, 0x6B, 0x5C, 0x13, 0x2A, 0x89, 0x6B, 0xDC, 0xE6, 0xCD, 0xF8, 0xDE, 0xCD, 0x30, 0x32, 0x89,
    0xB3, 0x72, 0x37, 0xAB, 0x65, 0xA3, 0x2E, 0xD1, 0x06, 0x33, 0xF5, 0x5A, 0x18, 0xA2, 0x44, 0x66,
    0xEA, 0x25, 0x24, 0xC4, 0x2C, 0x25, 0x4E, 0x21, 0xA9, 0xA1, 0x84, 0x69, 0x3D, 0x98, 0xA5, 0x21,
    0xAC, 0xD7, 0x77, 0x69, 0x7A, 0x2B, 0x5D, 0xD2, 0xD8, 0xE7, 0x68, 0x37, 0xA2, 0xEC, 0xC6, 0x0D,
    0x65, 0x04, 0xCC, 0xD7, 0x25, 0x4C, 0x08, 0xF8, 0x2E, 0xDF, 0x87, 0xEE, 0xEA, 0x3F, 0x8D, 0xF5,
    0xAD, 0x4F, 0xB4, 0x87, 0x91, 0x44, 0xF0, 0x22, 0x75, 0xE4, 0x06, 0xEC, 0xE7, 0x77, 0x7F, 0x09,
    0xF0, 0x64, 0xD9, 0x04, 0xD0, 0x5D, 0x80, 0x5F, 0x26, 0xC0, 0xE7, 0x73, 0x7D, 0x52, 0x7B, 0x75,
    0xEC, 0x89, 0x7B, 0xC6, 0x16, 0x8C, 0xEF, 0x80, 0x4D, 0xDB, 0xB2, 0x8D, 0x50, 0x14, 0x80, 0x66,
    0x14, 0x80, 0xDD, 0x14, 0x04, 0xE0, 0x3D, 0xF9, 0xCE, 0xFA, 0x26, 0xC0, 0xF0, 0x0F, 0x01, 0x12,
    0xD5, 0x45, 0xEC, 0xD2, 0x20, 0x40, 0x32, 0x2F, 0x58, 0x7F, 0x28, 0x40, 0x7A, 0x03, 0x52, 0xFB,
    0x06, 0x01, 0x12, 0xEB, 0xF5, 0xCE, 0xFA, 0x43, 0x01, 0x1A, 0xBF, 0xBD, 0x82, 0xCD, 0xF2, 0x3A,
    0x09, 0x50, 0xFF, 0x17, 0x01, 0xFE, 0x00, 0x5D, 0x90, 0x31, 0x0E, 0x02, 0x21, 0x10, 0x45, 0x21,
    0x5B, 0x50, 0x6C, 0xB1, 0x8D, 0x3D, 0x47, 0x59, 0xE2, 0x19, 0xBC, 0x8E, 0x21, 0xB1, 0xD9, 0x1B,
    0x78, 0x1B, 0x93, 0xED, 0x6C, 0xB9, 0x81, 0x76, 0x16, 0x36, 0x1A, 0x29, 0x2C, 0x64, 0xBF, 0x7F,
    0x18, 0xDC, 0x42, 0x12, 0xC2, 0xCF, 0xF0, 0xF8, 0xCC, 0x1F, 0x63, 0x8C, 0xD9, 0x98, 0xB6, 0xF6,
    0xED, 0xB4, 0x08, 0x2A, 0x1C, 0x92, 0x0A, 0x8F, 0xAC, 0x22, 0xA2, 0x34, 0xE4, 0xA8, 0x90, 0x7B,
    0xEC, 0xFA, 0x0A, 0xF9, 0x33, 0x6C, 0x85, 0xE2, 0x80, 0xF9, 0x24, 0xC8, 0x32, 0x20, 0x45, 0x42,
    0x6E, 0xE9, 0x91, 0x46, 0x42, 0x7E, 0xE9, 0x70, 0x1D, 0xB3, 0xB8, 0x74, 0xAC, 0x14, 0xBA, 0xE0,
    0x42, 0x06, 0xC1, 0x81, 0x6B, 0x06, 0x92, 0x17, 0x71, 0x00, 0x72, 0x14, 0xC1, 0x72, 0x11, 0x41,
    0x27, 0x14, 0xB9, 0xFA, 0x8C, 0xBC, 0x12, 0xF8, 0xCD, 0x9D, 0xF8, 0x1C, 0x4F, 0xEE, 0x40, 0x43,
    0xBC, 0x20, 0xAD, 0x11, 0xBA, 0x41, 0x9A, 0x25, 0x74, 0x87, 0xB4, 0x5F, 0xFF, 0xA8, 0xBD, 0x8A,
    0x53, 0xD1, 0x34, 0xD0, 0x3C, 0x0E, 0x93, 0x26, 0xB4, 0xF8, 0x65, 0x8E, 0xA6, 0xB4, 0xC8, 0xDB,
    0xFC, 0x37, 0x84, 0x75, 0x2C, 0xEB, 0xA0, 0x74, 0x74, 0x5F,
};

static const EpdGlyph chareink_18_bolditalicGlyphs[] = {
    { 0, 0, 10, 0, 0, 0, 0 }, // U+0020
    { 10, 26, 14, 3, 26, 65, 0 }, // !
    { 13, 11, 14, 3, 26, 36, 65 }, // "
    { 24, 28, 28, 2, 26, 168, 101 }, // #
    { 22, 31, 22, 0, 27, 171, 269 }, // $
    { 31, 27, 34, 2, 26, 210, 440 }, // %
    { 27, 27, 28, 0, 26, 183, 650 }, // &
    { 6, 11, 7, 3, 26, 17, 833 }, // '
    { 16, 32, 16, 2, 27, 128, 850 }, // (
    { 16, 32, 16, -2, 27, 128, 978 }, // )
    { 16, 15, 19, 4, 27, 60, 1106 }, // *
    { 23, 23, 38, 7, 23, 133, 1166 }, // +
    { 11, 12, 12, -3, 5, 33, 1299 }, // ,
    { 11, 4, 13, 1, 11, 11, 1332 }, // -
    { 8, 6, 12, 0, 6, 12, 1343 }, // .
    { 19, 29, 19, 0, 25, 138, 1355 }, // /
    { 22, 27, 22, 1, 26, 149, 1493 }, // 0
    { 15, 26, 22, 3, 26, 98, 1642 }, // 1
    { 23, 26, 22, -1, 26, 150, 1740 }, // 2
    { 22, 27, 22, 0, 26, 149, 1890 }, // 3
    { 22, 27, 22, 0, 25, 149, 2039 }, // 4
    { 22, 26, 22, 0, 25, 143, 2188 }, // 5
    { 21, 28, 22, 1, 27, 147, 2331 }, // 6
    { 24, 26, 22, 1, 25, 156, 2478 }, // 7
    { 22, 27, 22, 0, 26, 149, 2634 }, // 8
    { 22, 29, 22, 1, 26, 160, 2783 }, // 9
    { 10, 19, 12, 0, 19, 48, 2943 }, // :
    { 13, 25, 12, -3, 18, 82, 2991 }, // ;
    { 23, 20, 38, 7, 21, 115, 3073 }, // <
    { 23, 9, 38, 7, 16, 52, 3188 }, // =
    { 23, 20, 38, 7, 21, 115, 3240 }, // >
    { 17, 26, 20, 3, 26, 111, 3355 }, // ?
    { 31, 32, 35, 2, 26, 248, 3466 }, // @
    { 28, 26, 27, -2, 26, 182, 3714 }, // A
    { 25, 25, 24, -1, 25, 157, 3896 }, // B
    { 25, 27, 25, 1, 26, 169, 4053 }, // C
    { 28, 25, 27, -1, 25, 175, 4222 }, // D
    { 25, 25, 23, -1, 25, 157, 4397 }, // E
    { 24, 25, 21, -1, 25, 150, 4554 }, // F
    { 26, 27, 27, 1, 26, 176, 4704 }, // G
    { 32, 25, 29, -1, 25, 200, 4880 }, // H
    { 16, 25, 13, -1, 25, 100, 5080 }, // I
    { 22, 26, 19, -1, 25, 143, 5180 }, // J
    { 29, 26, 26, -1, 25, 189, 5323 }, // K
    { 21, 25, 21, -1, 25, 132, 5512 }, // L
    { 37, 25, 34, -1, 25, 232, 5644 }, // M
    { 31, 25, 28, -1, 25, 194, 5876 }, // N
    { 27, 27, 28, 1, 26, 183, 6070 }, // O
    { 24, 25, 23, -1, 25, 150, 6253 }, // P
    { 28, 32, 28, 1, 26, 224, 6403 }, // Q
    { 26, 26, 26, -1, 25, 169, 6627 }, // R
    { 22, 27, 21, -1, 26, 149, 6796 }, // S
    { 24, 25, 24, 2, 25, 150, 6945 }, // T
    { 27, 26, 28, 3, 25, 176, 7095 }, // U
    { 26, 26, 26, 3, 25, 169, 7271 }, // V
    { 37, 26, 36, 3, 25, 241, 7440 }, // W
    { 30, 25, 25, -2, 25, 188, 7681 }, // X
    { 26, 25, 26, 3, 25, 163, 7869 }, // Y
    { 25, 25, 23, -1, 25, 157, 8032 }, // Z
    { 17, 32, 17, 2, 27, 136, 8189 }, // [
    { 19, 29, 19, 0, 25, 138, 8325 }, // <backslash>
    { 18, 32, 17, -2, 27, 144, 8463 }, // ]
    { 13, 6, 13, 2, 26, 20, 8607 }, // ^
    { 14, 3, 13, -3, -3, 11, 8627 }, // _
    { 10, 7, 16, 3, 27, 18, 8638 }, // `
    { 21, 19, 21, 1, 19, 100, 8656 }, // a
    { 19, 27, 20, 0, 27, 129, 8756 }, // b
    { 16, 19, 18, 1, 19, 76, 8885 }, // c
    { 21, 27, 21, 1, 27, 142, 8961 }, // d
    { 17, 19, 18, 1, 19, 81, 9103 }, // e
    { 24, 35, 14, -5, 27, 210, 9184 }, // f
    { 22, 27, 18, -2, 19, 149, 9394 }, // g
    { 22, 27, 21, 0, 27, 149, 9543 }, // h
    { 11, 27, 12, 1, 27, 75, 9692 }, // i
    { 17, 35, 12, -5, 27, 149, 9767 }, // j
    { 21, 27, 21, 0, 27, 142, 9916 }, // k
    { 11, 27, 11, 1, 27, 75, 10058 }, // l
    { 31, 19, 31, 0, 19, 148, 10133 }, // m
    { 22, 19, 22, 0, 19, 105, 10281 }, // n
    { 19, 19, 21, 1, 19, 91, 10386 }, // o
    { 24, 27, 20, -4, 19, 162, 10477 }, // p
    { 20, 27, 21, 1, 19, 135, 10639 }, // q
    { 18, 19, 16, 0, 19, 86, 10774 }, // r
    { 16, 19, 16, -1, 19, 76, 10860 }, // s
    { 14, 22, 13, 1, 22, 77, 10936 }, // t
    { 21, 19, 22, 1, 19, 100, 11013 }, // u
    { 20, 19, 19, 0, 19, 95, 11113 }, // v
    { 29, 19, 28, 0, 19, 138, 11208 }, // w
    { 23, 19, 22, -1, 19, 110, 11346 }, // x
    { 26, 27, 20, -4, 19, 176, 11456 }, // y
    { 20, 22, 18, -1, 20, 110, 11632 }, // z
    { 19, 31, 19, 1, 26, 148, 11742 }, // {
    { 5, 39, 15, 5, 29, 49, 11890 }, // |
    { 19, 31, 19, -1, 27, 148, 11939 }, // }
    { 26, 7, 31, 3, 14, 46, 12087 }, // ~
    { 0, 0, 9, 0, 0, 0, 0 }, // U+00A0
    { 11, 26, 13, 0, 19, 72, 0 }, // U+00A1
    { 21, 26, 22, 1, 22, 137, 72 }, // U+00A2
    { 24, 26, 22, -1, 26, 156, 209 }, // U+00A3
    { 21, 22, 23, 1, 27, 116, 365 }, // U+00A4
    { 26, 25, 22, 1, 25, 163, 481 }, // U+00A5
    { 3, 35, 13, 5, 27, 27, 644 }, // U+00A6
    { 21, 32, 20, 0, 27, 168, 671 }, // U+00A7
    { 14, 5, 13, 2, 27, 18, 839 }, // U+00A8
    { 30, 29, 31, 1, 28, 218, 857 }, // U+00A9
    { 15, 15, 14, 1, 26, 57, 1075 }, // U+00AA
    { 18, 18, 15, 0, 18, 81, 1132 }, // U+00AB
    { 21, 10, 23, 1, 16, 53, 1213 }, // U+00AC
    { 11, 4, 13, 1, 11, 11, 1266 }, // U+00AD
    { 30, 29, 31, 1, 28, 218, 1277 }, // U+00AE
    { 14, 3, 13, 2, 25, 11, 1495 }, // U+00AF
    { 10, 8, 12, 1, 27, 20, 1506 }, // U+00B0
    { 23, 22, 38, 7, 22, 127, 1526 }, // U+00B1
    { 16, 16, 15, 1, 30, 64, 1653 }, // U+00B2
    { 15, 16, 15, 2, 30, 60, 1717 }, // U+00B3
    { 11, 7, 12, 5, 27, 20, 1777 }, // U+00B4
    { 23, 27, 22, -2, 19, 156, 1797 }, // U+00B5
    { 19, 28, 20, 1, 25, 133, 1953 }, // U+00B6
    { 5, 4, 7, 1, 14, 5, 2086 }, // U+00B7
    { 10, 9, 9, -3, 0, 23, 2091 }, // U+00B8
    { 10, 16, 15, 4, 30, 40, 2114 }, // U+00B9
    { 14, 15, 13, 1, 26, 53, 2154 }, // U+00BA
    { 17, 18, 15, -2, 18, 77, 2207 }, // U+00BB
    { 30, 28, 34, 2, 27, 210, 2284 }, // U+00BC
    { 31, 27, 34, 2, 27, 210, 2494 }, // U+00BD
    { 30, 27, 34, 2, 26, 203, 2704 }, // U+00BE
    { 16, 26, 20, 0, 19, 104, 2907 }, // U+00BF
    { 28, 35, 27, -2, 35, 245, 3011 }, // U+00C0
    { 28, 35, 27, -2, 35, 245, 3256 }, // U+00C1
    { 28, 34, 27, -2, 34, 238, 3501 }, // U+00C2
    { 28, 34, 27, -2, 34, 238, 3739 }, // U+00C3
    { 28, 34, 27, -2, 34, 238, 3977 }, // U+00C4
    { 28, 37, 27, -2, 37, 259, 4215 }, // U+00C5
    { 41, 25, 37, -2, 25, 257, 4474 }, // U+00C6
    { 25, 34, 25, 1, 26, 213, 4731 }, // U+00C7
    { 25, 35, 23, -1, 35, 219, 4944 }, // U+00C8
    { 25, 35, 23, -1, 35, 219, 5163 }, // U+00C9
    { 25, 34, 23, -1, 34, 213, 5382 }, // U+00CA
    { 25, 34, 23, -1, 34, 213, 5595 }, // U+00CB
    { 16, 35, 13, -1, 35, 140, 5808 }, // U+00CC
    { 18, 35, 13, -1, 35, 158, 5948 }, // U+00CD
    { 18, 34, 13, -1, 34, 153, 6106 }, // U+00CE
    { 19, 34, 13, -1, 34, 162, 6259 }, // U+00CF
    { 28, 25, 27, -1, 25, 175, 6421 }, // U+00D0
    { 31, 34, 28, -1, 34, 264, 6596 }, // U+00D1
    { 27, 36, 28, 1, 35, 243, 6860 }, // U+00D2
    { 27, 36, 28, 1, 35, 243, 7103 }, // U+00D3
    { 27, 35, 28, 1, 34, 237, 7346 }, // U+00D4
    { 27, 35, 28, 1, 34, 237, 7583 }, // U+00D5
    { 27, 35, 28, 1, 34, 237, 7820 }, // U+00D6
    { 21, 21, 38, 8, 22, 111, 8057 }, // U+00D7
    { 27, 33, 28, 1, 29, 223, 8168 }, // U+00D8
    { 27, 36, 28, 3, 35, 243, 8391 }, // U+00D9
    { 27, 36, 28, 3, 35, 243, 8634 }, // U+00DA
    { 27, 35, 28, 3, 34, 237, 8877 }, // U+00DB
    { 27, 35, 28, 3, 34, 237, 9114 }, // U+00DC
    { 26, 35, 26, 3, 35, 228, 9351 }, // U+00DD
    { 24, 25, 23, -1, 25, 150, 9579 }, // U+00DE
    { 28, 35, 22, -6, 27, 245, 9729 }, // U+00DF
    { 21, 27, 21, 1, 27, 142, 9974 }, // U+00E0
    { 21, 27, 21, 1, 27, 142, 10116 }, // U+00E1
    { 21, 27, 21, 1, 27, 142, 10258 }, // U+00E2
    { 21, 27, 21, 1, 27, 142, 10400 }, // U+00E3
    { 21, 27, 21, 1, 27, 142, 10542 }, // U+00E4
    { 21, 31, 21, 1, 31, 163, 10684 }, // U+00E5
    { 28, 19, 29, 1, 19, 133, 10847 }, // U+00E6
    { 16, 27, 18, 1, 19, 108, 10980 }, // U+00E7
    { 17, 27, 18, 1, 27, 115, 11088 }, // U+00E8
    { 18, 27, 18, 1, 27, 122, 11203 }, // U+00E9
    { 18, 27, 18, 1, 27, 122, 11325 }, // U+00EA
    { 19, 27, 18, 1, 27, 129, 11447 }, // U+00EB
    { 11, 27, 12, 1, 27, 75, 11576 }, // U+00EC
    { 14, 27, 12, 1, 27, 95, 11651 }, // U+00ED
    { 14, 27, 12, 1, 27, 95, 11746 }, // U+00EE
    { 15, 27, 12, 1, 27, 102, 11841 }, // U+00EF
    { 19, 29, 21, 1, 29, 138, 11943 }, // U+00F0
    { 22, 27, 22, 0, 27, 149, 12081 }, // U+00F1
    { 19, 27, 21, 1, 27, 129, 12230 }, // U+00F2
    { 19, 27, 21, 1, 27, 129, 12359 }, // U+00F3
    { 19, 27, 21, 1, 27, 129, 12488 }, // U+00F4
    { 20, 27, 21, 1, 27, 135, 12617 }, // U+00F5
    { 20, 27, 21, 1, 27, 135, 12752 }, // U+00F6
    { 23, 16, 38, 7, 19, 92, 12887 }, // U+00F7
    { 19, 26, 21, 1, 22, 124, 12979 }, // U+00F8
    { 21, 27, 22, 1, 27, 142, 13103 }, // U+00F9
    { 21, 27, 22, 1, 27, 142, 13245 }, // U+00FA
    { 21, 27, 22, 1, 27, 142, 13387 }, // U+00FB
    { 21, 27, 22, 1, 27, 142, 13529 }, // U+00FC
    { 26, 35, 20, -4, 27, 228, 13671 }, // U+00FD
    { 24, 35, 20, -4, 27, 210, 13899 }, // U+00FE
    { 26, 35, 20, -4, 27, 228, 14109 }, // U+00FF
    { 28, 32, 27, -2, 32, 224, 0 }, // U+0100
    { 21, 25, 21, 1, 25, 132, 224 }, // U+0101
    { 28, 34, 27, -2, 34, 238, 356 }, // U+0102
    { 21, 27, 21, 1, 27, 142, 594 }, // U+0103
    { 28, 33, 27, -2, 25, 231, 736 }, // U+0104
    { 21, 27, 21, 1, 19, 142, 967 }, // U+0105
    { 25, 36, 25, 1, 35, 225, 1109 }, // U+0106
    { 18, 27, 18, 1, 27, 122, 1334 }, // U+0107
    { 25, 35, 25, 1, 34, 219, 1456 }, // U+0108
    { 18, 27, 18, 1, 27, 122, 1675 }, // U+0109
    { 25, 35, 25, 1, 34, 219, 1797 }, // U+010A
    { 16, 27, 18, 1, 27, 108, 2016 }, // U+010B
    { 25, 35, 25, 1, 34, 219, 2124 }, // U+010C
    { 20, 27, 18, 1, 27, 135, 2343 }, // U+010D
    { 28, 34, 27, -1, 34, 238, 2478 }, // U+010E
    { 27, 27, 26, 1, 27, 183, 2716 }, // U+010F
    { 28, 25, 27, -1, 25, 175, 2899 }, // U+0110
    { 23, 27, 21, 1, 27, 156, 3074 }, // U+0111
    { 25, 32, 23, -1, 32, 200, 3230 }, // U+0112
    { 19, 25, 18, 1, 25, 119, 3430 }, // U+0113
    { 25, 34, 23, -1, 34, 213, 3549 }, // U+0114
    { 19, 27, 18, 1, 27, 129, 3762 }, // U+0115
    { 25, 34, 23, -1, 34, 213, 3891 }, // U+0116
    { 17, 27, 18, 1, 27, 115, 4104 }, // U+0117
    { 25, 33, 23, -1, 25, 207, 4219 }, // U+0118
    { 17, 27, 18, 1, 19, 115, 4426 }, // U+0119
    { 25, 34, 23, -1, 34, 213, 4541 }, // U+011A
    { 19, 27, 18, 1, 27, 129, 4754 }, // U+011B
    { 26, 35, 27, 1, 34, 228, 4883 }, // U+011C
    { 22, 35, 18, -2, 27, 193, 5111 }, // U+011D
    { 26, 35, 27, 1, 34, 228, 5304 }, // U+011E
    { 22, 35, 18, -2, 27, 193, 5532 }, // U+011F
    { 26, 35, 27, 1, 34, 228, 5725 }, // U+0120
    { 22, 35, 18, -2, 27, 193, 5953 }, // U+0121
    { 26, 37, 27, 1, 26, 241, 6146 }, // U+0122
    { 22, 38, 18, -2, 30, 209, 6387 }, // U+0123
    { 32, 34, 29, -1, 34, 272, 6596 }, // U+0124
    { 22, 35, 21, 0, 35, 193, 6868 }, // U+0125
    { 32, 25, 29, -1, 25, 200, 7061 }, // U+0126
    { 22, 27, 21, 0, 27, 149, 7261 }, // U+0127
    { 19, 34, 13, -1, 34, 162, 7410 }, // U+0128
    { 15, 27, 12, 1, 27, 102, 7572 }, // U+0129
    { 17, 32, 13, -1, 32, 136, 7674 }, // U+012A
    { 13, 25, 12, 1, 25, 82, 7810 }, // U+012B
    { 18, 34, 13, -1, 34, 153, 7892 }, // U+012C
    { 14, 27, 12, 1, 27, 95, 8045 }, // U+012D
    { 16, 33, 13, -1, 25, 132, 8140 }, // U+012E
    { 11, 35, 12, 1, 27, 97, 8272 }, // U+012F
    { 16, 34, 13, -1, 34, 136, 8369 }, // U+0130
    { 11, 19, 12, 1, 19, 53, 8505 }, // U+0131
    { 35, 26, 32, -1, 25, 228, 8558 }, // U+0132
    { 23, 35, 24, 1, 27, 202, 8786 }, // U+0133
    { 24, 35, 19, -1, 34, 210, 8988 }, // U+0134
    { 19, 35, 12, -5, 27, 167, 9198 }, // U+0135
    { 29, 36, 26, -1, 25, 261, 9365 }, // U+0136
    { 21, 38, 21, 0, 27, 200, 9626 }, // U+0137
    { 21, 19, 20, 0, 19, 100, 9826 }, // U+0138
    { 22, 35, 21, -1, 35, 193, 9926 }, // U+0139
    { 16, 37, 11, 1, 37, 148, 10119 }, // U+013A
    { 21, 36, 21, -1, 25, 189, 10267 }, // U+013B
    { 13, 38, 11, -1, 27, 124, 10456 }, // U+013C
    { 24, 27, 21, -1, 27, 162, 10580 }, // U+013D
    { 17, 27, 16, 1, 27, 115, 10742 }, // U+013E
    { 27, 25, 26, -1, 25, 169, 10857 }, // U+013F
    { 16, 27, 16, 1, 27, 108, 11026 }, // U+0140
    { 21, 25, 21, -1, 25, 132, 11134 }, // U+0141
    { 16, 27, 12, -1, 27, 108, 11266 }, // U+0142
    { 31, 35, 28, -1, 35, 272, 11374 }, // U+0143
    { 22, 27, 22, 0, 27, 149, 11646 }, // U+0144
    { 31, 36, 28, -1, 25, 279, 11795 }, // U+0145
    { 22, 30, 22, 0, 19, 165, 12074 }, // U+0146
    { 31, 34, 28, -1, 34, 264, 12239 }, // U+0147
    { 22, 27, 22, 0, 27, 149, 12503 }, // U+0148
    { 29, 34, 29, -1, 26, 247, 12652 }, // U+014A
    { 20, 27, 21, 0, 19, 135, 12899 }, // U+014B
    { 27, 33, 28, 1, 32, 223, 13034 }, // U+014C
    { 19, 25, 21, 1, 25, 119, 13257 }, // U+014D
    { 27, 35, 28, 1, 34, 237, 13376 }, // U+014E
    { 19, 27, 21, 1, 27, 129, 13613 }, // U+014F
    { 29, 36, 28, 1, 35, 261, 13742 }, // U+0150
    { 24, 27, 21, 1, 27, 162, 14003 }, // U+0151
    { 40, 27, 39, 1, 26, 270, 14165 }, // U+0152
    { 28, 19, 30, 1, 19, 133, 14435 }, // U+0153
    { 26, 36, 26, -1, 35, 234, 14568 }, // U+0154
    { 18, 27, 16, 0, 27, 122, 14802 }, // U+0155
    { 26, 36, 26, -1, 25, 234, 14924 }, // U+0156
    { 20, 30, 16, -2, 19, 150, 15158 }, // U+0157
    { 26, 35, 26, -1, 34, 228, 15308 }, // U+0158
    { 18, 27, 16, 0, 27, 122, 15536 }, // U+0159
    { 22, 35, 21, -1, 34, 193, 15658 }, // U+015A
    { 18, 27, 16, -1, 27, 122, 15851 }, // U+015B
    { 22, 35, 21, -1, 34, 193, 15973 }, // U+015C
    { 18, 27, 16, -1, 27, 122, 16166 }, // U+015D
    { 22, 34, 21, -1, 26, 187, 16288 }, // U+015E
    { 16, 27, 16, -1, 19, 108, 16475 }, // U+015F
    { 23, 35, 21, -1, 34, 202, 16583 }, // U+0160
    { 19, 27, 16, -1, 27, 129, 16785 }, // U+0161
    { 24, 33, 24, 2, 25, 198, 16914 }, // U+0162
    { 15, 31, 13, 0, 23, 117, 17112 }, // U+0163
    { 24, 34, 24, 2, 34, 204, 17229 }, // U+0164
    { 17, 27, 15, 1, 27, 115, 17433 }, // U+0165
    { 24, 25, 24, 2, 25, 150, 17548 }, // U+0166
    { 15, 22, 13, 0, 22, 83, 17698 }, // U+0167
    { 27, 35, 28, 3, 34, 237, 17781 }, // U+0168
    { 21, 27, 22, 1, 27, 142, 18018 }, // U+0169
    { 27, 33, 28, 3, 32, 223, 18160 }, // U+016A
    { 21, 25, 22, 1, 25, 132, 18383 }, // U+016B
    { 27, 35, 28, 3, 34, 237, 18515 }, // U+016C
    { 21, 27, 22, 1, 27, 142, 18752 }, // U+016D
    { 27, 38, 28, 3, 37, 257, 18894 }, // U+016E
    { 21, 31, 22, 1, 31, 163, 19151 }, // U+016F
    { 27, 36, 28, 3, 35, 243, 19314 }, // U+0170
    { 25, 27, 22, 1, 27, 169, 19557 }, // U+0171
    { 27, 33, 28, 3, 25, 223, 19726 }, // U+0172
    { 21, 27, 22, 1, 19, 142, 19949 }, // U+0173
    { 37, 35, 36, 3, 34, 324, 20091 }, // U+0174
    { 29, 27, 28, 0, 27, 196, 20415 }, // U+0175
    { 26, 34, 26, 3, 34, 221, 20611 }, // U+0176
    { 26, 35, 20, -4, 27, 228, 20832 }, // U+0177
    { 26, 34, 26, 3, 34, 221, 21060 }, // U+0178
    { 25, 35, 23, -1, 35, 219, 21281 }, // U+0179
    { 20, 29, 18, -1, 27, 145, 21500 }, // U+017A
    { 25, 34, 23, -1, 34, 213, 21645 }, // U+017B
    { 20, 29, 18, -1, 27, 145, 21858 }, // U+017C
    { 25, 34, 23, -1, 34, 213, 22003 }, // U+017D
    { 20, 29, 18, -1, 27, 145, 22216 }, // U+017E
    { 24, 35, 14, -5, 27, 210, 22361 }, // U+017F
    { 32, 32, 30, 1, 31, 256, 0 }, // U+01A0
    { 24, 22, 24, 1, 22, 132, 256 }, // U+01A1
    { 33, 34, 33, 3, 33, 281, 388 }, // U+01AF
    { 26, 25, 26, 1, 25, 163, 669 }, // U+01B0
    { 52, 34, 49, -1, 34, 442, 832 }, // U+01C4
    { 47, 29, 45, -1, 27, 341, 1274 }, // U+01C5
    { 40, 28, 40, 1, 27, 280, 1615 }, // U+01C6
    { 43, 26, 40, -1, 25, 280, 1895 }, // U+01C7
    { 34, 35, 33, -1, 27, 298, 2175 }, // U+01C8
    { 23, 35, 23, 1, 27, 202, 2473 }, // U+01C9
    { 50, 26, 47, -1, 25, 325, 2675 }, // U+01CA
    { 41, 35, 40, -1, 27, 359, 3000 }, // U+01CB
    { 34, 35, 34, 0, 27, 298, 3359 }, // U+01CC
    { 28, 34, 27, -2, 34, 238, 3657 }, // U+01CD
    { 21, 27, 21, 1, 27, 142, 3895 }, // U+01CE
    { 19, 34, 13, -1, 34, 162, 4037 }, // U+01CF
    { 15, 27, 12, 1, 27, 102, 4199 }, // U+01D0
    { 27, 35, 28, 1, 34, 237, 4301 }, // U+01D1
    { 20, 27, 21, 1, 27, 135, 4538 }, // U+01D2
    { 27, 35, 28, 3, 34, 237, 4673 }, // U+01D3
    { 21, 27, 22, 1, 27, 142, 4910 }, // U+01D4
    { 27, 41, 28, 3, 40, 277, 5052 }, // U+01D5
    { 21, 33, 22, 1, 33, 174, 5329 }, // U+01D6
    { 27, 44, 28, 3, 43, 297, 5503 }, // U+01D7
    { 21, 36, 22, 1, 36, 189, 5800 }, // U+01D8
    { 27, 43, 28, 3, 42, 291, 5989 }, // U+01D9
    { 22, 35, 22, 1, 35, 193, 6280 }, // U+01DA
    { 27, 44, 28, 3, 43, 297, 6473 }, // U+01DB
    { 21, 36, 22, 1, 36, 189, 6770 }, // U+01DC
    { 17, 19, 18, 0, 19, 81, 6959 }, // U+01DD
    { 28, 40, 27, -2, 40, 280, 7040 }, // U+01DE
    { 22, 32, 21, 1, 32, 176, 7320 }, // U+01DF
    { 28, 39, 27, -2, 39, 273, 7496 }, // U+01E0
    { 22, 32, 21, 1, 32, 176, 7769 }, // U+01E1
    { 41, 32, 37, -2, 32, 328, 7945 }, // U+01E2
    { 28, 25, 29, 1, 25, 175, 8273 }, // U+01E3
    { 26, 27, 27, 1, 26, 176, 8448 }, // U+01E4
    { 23, 27, 20, -1, 19, 156, 8624 }, // U+01E5
    { 26, 35, 27, 1, 34, 228, 8780 }, // U+01E6
    { 22, 35, 18, -2, 27, 193, 9008 }, // U+01E7
    { 29, 35, 26, -1, 34, 254, 9201 }, // U+01E8
    { 22, 35, 21, 0, 35, 193, 9455 }, // U+01E9
    { 27, 34, 28, 1, 26, 230, 9648 }, // U+01EA
    { 19, 27, 21, 1, 19, 129, 9878 }, // U+01EB
    { 27, 40, 28, 1, 32, 270, 10007 }, // U+01EC
    { 19, 33, 21, 1, 25, 157, 10277 }, // U+01ED
    { 27, 42, 23, -3, 34, 284, 10434 }, // U+01EE
    { 24, 35, 19, -3, 27, 210, 10718 }, // U+01EF
    { 21, 35, 12, -5, 27, 184, 10928 }, // U+01F0
    { 52, 25, 49, -1, 25, 325, 11112 }, // U+01F1
    { 47, 27, 45, -1, 25, 318, 11437 }, // U+01F2
    { 39, 28, 40, 1, 27, 273, 11755 }, // U+01F3
    { 26, 35, 27, 1, 34, 228, 12028 }, // U+01F4
    { 22, 35, 18, -2, 27, 193, 12256 }, // U+01F5
    { 40, 26, 41, -2, 25, 260, 12449 }, // U+01F6
    { 28, 34, 23, -4, 26, 238, 12709 }, // U+01F7
    { 31, 35, 28, -1, 35, 272, 12947 }, // U+01F8
    { 22, 27, 22, 0, 27, 149, 13219 }, // U+01F9
    { 28, 45, 27, -2, 45, 315, 13368 }, // U+01FA
    { 21, 38, 21, 1, 38, 200, 13683 }, // U+01FB
    { 41, 35, 37, -2, 35, 359, 13883 }, // U+01FC
    { 28, 27, 29, 1, 27, 189, 14242 }, // U+01FD
    { 27, 39, 28, 1, 35, 264, 14431 }, // U+01FE
    { 19, 31, 21, 1, 27, 148, 14695 }, // U+01FF
    { 28, 35, 27, -2, 35, 245, 14843 }, // U+0200
    { 21, 27, 21, 1, 27, 142, 15088 }, // U+0201
    { 28, 34, 27, -2, 34, 238, 15230 }, // U+0202
    { 21, 27, 21, 1, 27, 142, 15468 }, // U+0203
    { 25, 35, 23, -1, 35, 219, 15610 }, // U+0204
    { 19, 27, 18, 1, 27, 129, 15829 }, // U+0205
    { 25, 34, 23, -1, 34, 213, 15958 }, // U+0206
    { 18, 27, 18, 1, 27, 122, 16171 }, // U+0207
    { 19, 35, 13, -1, 35, 167, 16293 }, // U+0208
    { 19, 27, 12, -3, 27, 129, 16460 }, // U+0209
    { 17, 34, 13, -1, 34, 145, 16589 }, // U+020A
    { 13, 27, 12, 1, 27, 88, 16734 }, // U+020B
    { 27, 36, 28, 1, 35, 243, 16822 }, // U+020C
    { 20, 27, 21, 1, 27, 135, 17065 }, // U+020D
    { 27, 35, 28, 1, 34, 237, 17200 }, // U+020E
    { 19, 27, 21, 1, 27, 129, 17437 }, // U+020F
    { 26, 36, 26, -1, 35, 234, 17566 }, // U+0210
    { 18, 27, 16, 0, 27, 122, 17800 }, // U+0211
    { 26, 35, 26, -1, 34, 228, 17922 }, // U+0212
    { 18, 26, 16, 0, 26, 117, 18150 }, // U+0213
    { 27, 36, 28, 3, 35, 243, 18267 }, // U+0214
    { 21, 27, 22, 1, 27, 142, 18510 }, // U+0215
    { 27, 35, 28, 3, 34, 237, 18652 }, // U+0216
    { 21, 27, 22, 1, 27, 142, 18889 }, // U+0217
    { 22, 37, 21, -1, 26, 204, 19031 }, // U+0218
    { 16, 30, 16, -1, 19, 120, 19235 }, // U+0219
    { 24, 36, 24, 2, 25, 216, 19355 }, // U+021A
    { 15, 33, 13, 0, 22, 124, 19571 }, // U+021B
    { 22, 32, 21, -1, 26, 176, 19695 }, // U+021C
    { 18, 27, 16, -2, 19, 122, 19871 }, // U+021D
    { 32, 34, 29, -1, 34, 272, 19993 }, // U+021E
    { 23, 35, 21, 0, 35, 202, 20265 }, // U+021F
    { 11, 7, 0, -14, 27, 20, 0 }, // U+0300
    { 11, 7, 0, -12, 27, 20, 20 }, // U+0301
    { 14, 6, 0, -15, 26, 21, 40 }, // U+0302
    { 15, 5, 0, -15, 27, 19, 61 }, // U+0303
    { 15, 3, 0, -15, 25, 12, 80 }, // U+0304
    { 27, 3, 0, -20, 30, 21, 92 }, // U+0305
    { 13, 6, 0, -13, 26, 20, 113 }, // U+0306
    { 6, 5, 0, -11, 27, 8, 133 }, // U+0307
    { 14, 5, 0, -14, 27, 18, 141 }, // U+0308
    { 8, 8, 0, -11, 28, 16, 159 }, // U+0309
    { 11, 10, 0, -12, 30, 28, 175 }, // U+030A
    { 19, 7, 0, -15, 27, 34, 203 }, // U+030B
    { 14, 6, 0, -14, 26, 21, 237 }, // U+030C
    { 5, 7, 0, -10, 27, 9, 258 }, // U+030D
    { 10, 7, 0, -12, 27, 18, 267 }, // U+030E
    { 19, 7, 0, -19, 27, 34, 285 }, // U+030F
    { 13, 10, 0, -13, 30, 33, 319 }, // U+0310
    { 13, 6, 0, -14, 26, 20, 352 }, // U+0311
    { 8, 9, 0, -11, 29, 18, 372 }, // U+0312
    { 7, 9, 0, -11, 29, 16, 390 }, // U+0313
    { 8, 12, 0, -11, 32, 24, 406 }, // U+0314
    { 7, 9, 6, 2, 32, 16, 430 }, // U+0315
    { 11, 7, 0, -19, -2, 20, 446 }, // U+0316
    { 11, 7, 0, -19, -2, 20, 466 }, // U+0317
    { 7, 8, 0, -17, -2, 14, 486 }, // U+0318
    { 7, 8, 0, -17, -2, 14, 500 }, // U+0319
    { 9, 9, 10, 3, 27, 21, 514 }, // U+031A
    { 8, 10, 4, -3, 23, 20, 535 }, // U+031B
    { 6, 8, 0, -16, -2, 12, 555 }, // U+031C
    { 9, 5, 0, -18, -2, 12, 567 }, // U+031D
    { 8, 6, 0, -17, -2, 12, 579 }, // U+031E
    { 9, 8, 0, -18, -2, 18, 591 }, // U+031F
    { 10, 3, 0, -18, -2, 8, 609 }, // U+0320
    { 12, 10, 0, -12, 2, 30, 617 }, // U+0321
    { 11, 10, 0, -4, 2, 28, 647 }, // U+0322
    { 6, 5, 0, -16, -3, 8, 675 }, // U+0323
    { 14, 5, 0, -20, -3, 18, 683 }, // U+0324
    { 11, 10, 0, -19, -2, 28, 701 }, // U+0325
    { 7, 9, 0, -17, -2, 16, 729 }, // U+0326
    { 9, 9, 0, -17, 0, 21, 745 }, // U+0327
    { 8, 8, 0, -16, 0, 16, 766 }, // U+0328
    { 5, 7, 0, -16, -2, 9, 782 }, // U+0329
    { 11, 7, 0, -19, -1, 20, 791 }, // U+032A
    { 14, 7, 0, -20, -2, 25, 811 }, // U+032B
    { 14, 6, 0, -20, -3, 21, 836 }, // U+032C
    { 14, 6, 0, -21, -3, 21, 857 }, // U+032D
    { 13, 6, 0, -19, -2, 20, 878 }, // U+032E
    { 13, 6, 0, -20, -2, 20, 898 }, // U+032F
    { 15, 5, 0, -21, -3, 19, 918 }, // U+0330
    { 15, 3, 0, -20, -3, 12, 937 }, // U+0331
    { 27, 3, 0, -27, -3, 21, 949 }, // U+0332
    { 28, 8, 0, -28, -3, 56, 970 }, // U+0333
    { 15, 5, 0, -18, 12, 19, 1026 }, // U+0334
    { 14, 3, 0, -17, 11, 11, 1045 }, // U+0335
    { 23, 3, 0, -22, 11, 18, 1056 }, // U+0336
    { 17, 25, 0, -19, 21, 107, 1074 }, // U+0337
    { 21, 31, 0, -21, 24, 163, 1181 }, // U+0338
    { 6, 8, 0, -17, -2, 12, 1344 }, // U+0339
    { 11, 6, 0, -19, -2, 17, 1356 }, // U+033A
    { 13, 9, 0, -20, -1, 30, 1373 }, // U+033B
    { 13, 5, 0, -20, -2, 17, 1403 }, // U+033C
    { 13, 7, 0, -14, 27, 23, 1420 }, // U+033D
    { 8, 14, 0, -11, 34, 28, 1443 }, // U+033E
    { 28, 8, 0, -21, 30, 56, 1471 }, // U+033F
    { 11, 7, 0, -13, 27, 20, 1527 }, // U+0346
    { 17, 8, 0, -22, -3, 34, 1547 }, // U+0347
    { 10, 7, 0, -18, -2, 18, 1581 }, // U+0348
    { 9, 9, 0, -17, -1, 21, 1599 }, // U+0349
    { 17, 9, 0, -16, 29, 39, 1620 }, // U+034A
    { 15, 10, 0, -14, 31, 38, 1659 }, // U+034B
    { 18, 10, 0, -16, 29, 45, 1697 }, // U+034C
    { 12, 6, 0, -19, -1, 18, 1742 }, // U+034D
    { 7, 8, 0, -17, -2, 14, 1760 }, // U+034E
    { 0, 0, 0, 0, 0, 0, 1774 }, // U+034F
    { 17, 13, 0, -15, 34, 56, 1774 }, // U+0350
    { 7, 8, 0, -10, 29, 14, 1830 }, // U+0351
    { 13, 10, 0, -14, 30, 33, 1844 }, // U+0352
    { 9, 9, 0, -18, -2, 21, 1877 }, // U+0353
    { 17, 12, 0, -23, -2, 51, 1898 }, // U+0354
    { 17, 13, 0, -22, -1, 56, 1949 }, // U+0355
    { 31, 14, 0, -28, 0, 109, 2005 }, // U+0356
    { 7, 8, 0, -11, 29, 14, 2114 }, // U+0357
    { 6, 5, 6, 2, 27, 8, 2128 }, // U+0358
    { 11, 11, 0, -19, -1, 31, 2136 }, // U+0359
    { 18, 10, 0, -23, -2, 45, 2167 }, // U+035A
    { 8, 8, 0, -11, 28, 16, 2212 }, // U+035B
    { 30, 6, 0, -19, -10, 45, 2228 }, // U+035C
    { 29, 6, 0, -9, 36, 44, 2273 }, // U+035D
    { 27, 3, 0, -9, 34, 21, 2317 }, // U+035E
    { 27, 3, 0, -18, -12, 21, 2338 }, // U+035F
    { 35, 8, 0, -13, 37, 70, 2359 }, // U+0360
    { 30, 6, 0, -11, 35, 45, 2429 }, // U+0361
    { 36, 12, 0, -22, -8, 108, 2474 }, // U+0362
    { 13, 11, 0, -14, 31, 36, 2582 }, // U+0363
    { 11, 11, 0, -13, 31, 31, 2618 }, // U+0364
    { 8, 16, 0, -11, 36, 32, 2649 }, // U+0365
    { 12, 11, 0, -13, 32, 33, 2681 }, // U+0366
    { 13, 12, 0, -14, 32, 39, 2714 }, // U+0367
    { 11, 11, 0, -13, 31, 31, 2753 }, // U+0368
    { 13, 17, 0, -14, 37, 56, 2784 }, // U+0369
    { 13, 16, 0, -14, 36, 52, 2840 }, // U+036A
    { 19, 12, 0, -17, 32, 57, 2892 }, // U+036B
    { 11, 11, 0, -12, 31, 31, 2949 }, // U+036C
    { 9, 13, 0, -11, 33, 30, 2980 }, // U+036D
    { 13, 11, 0, -13, 31, 36, 3010 }, // U+036E
    { 15, 11, 0, -15, 31, 42, 3046 }, // U+036F
    { 25, 36, 23, -1, 36, 225, 0 }, // U+0400
    { 25, 35, 23, -1, 35, 219, 225 }, // U+0401
    { 26, 26, 28, 1, 26, 169, 444 }, // U+0402
    { 25, 36, 21, -1, 36, 225, 613 }, // U+0403
    { 25, 27, 25, 1, 27, 169, 838 }, // U+0404
    { 22, 27, 21, -1, 27, 149, 1007 }, // U+0405
    { 16, 26, 13, -1, 26, 104, 1156 }, // U+0406
    { 19, 35, 13, -1, 35, 167, 1260 }, // U+0407
    { 22, 26, 19, -1, 26, 143, 1427 }, // U+0408
    { 38, 26, 36, -3, 26, 247, 1570 }, // U+0409
    { 36, 26, 36, -1, 26, 234, 1817 }, // U+040A
    { 25, 26, 28, 1, 26, 163, 2051 }, // U+040B
    { 29, 36, 25, -1, 36, 261, 2214 }, // U+040C
    { 31, 36, 28, -1, 36, 279, 2475 }, // U+040D
    { 28, 36, 27, 2, 36, 252, 2754 }, // U+040E
    { 32, 34, 29, -1, 26, 272, 3006 }, // U+040F
    { 28, 26, 27, -2, 26, 182, 3278 }, // U+0410
    { 24, 26, 24, -1, 26, 156, 3460 }, // U+0411
    { 25, 26, 24, -1, 26, 163, 3616 }, // U+0412
    { 25, 26, 21, -1, 26, 163, 3779 }, // U+0413
    { 34, 34, 28, -4, 26, 289, 3942 }, // U+0414
    { 25, 26, 23, -1, 26, 163, 4231 }, // U+0415
    { 41, 27, 36, -2, 27, 277, 4394 }, // U+0416
    { 22, 27, 21, -1, 27, 149, 4671 }, // U+0417
    { 31, 26, 28, -1, 26, 202, 4820 }, // U+0418
    { 31, 36, 28, -1, 36, 279, 5022 }, // U+0419
    { 29, 27, 25, -1, 27, 196, 5301 }, // U+041A
    { 32, 26, 27, -2, 26, 208, 5497 }, // U+041B
    { 37, 26, 34, -1, 26, 241, 5705 }, // U+041C
    { 32, 26, 29, -1, 26, 208, 5946 }, // U+041D
    { 27, 27, 28, 1, 27, 183, 6154 }, // U+041E
    { 32, 26, 29, -1, 26, 208, 6337 }, // U+041F
    { 24, 26, 23, -1, 26, 156, 6545 }, // U+0420
    { 25, 27, 25, 1, 27, 169, 6701 }, // U+0421
    { 24, 26, 24, 2, 26, 156, 6870 }, // U+0422
    { 28, 26, 27, 2, 26, 182, 7026 }, // U+0423
    { 31, 26, 32, 1, 26, 202, 7208 }, // U+0424
    { 30, 26, 25, -2, 26, 195, 7410 }, // U+0425
    { 32, 34, 29, -1, 26, 272, 7605 }, // U+0426
    { 24, 26, 25, 3, 26, 156, 7877 }, // U+0427
    { 41, 26, 38, -1, 26, 267, 8033 }, // U+0428
    { 41, 34, 38, -1, 26, 349, 8300 }, // U+0429
    { 24, 26, 26, 1, 26, 156, 8649 }, // U+042A
    { 38, 26, 34, -1, 26, 247, 8805 }, // U+042B
    { 23, 26, 23, -1, 26, 150, 9052 }, // U+042C
    { 25, 27, 25, 0, 27, 169, 9202 }, // U+042D
    { 39, 27, 38, -1, 27, 264, 9371 }, // U+042E
    { 31, 26, 26, -2, 26, 202, 9635 }, // U+042F
    { 21, 19, 21, 1, 19, 100, 9837 }, // U+0430
    { 23, 28, 21, 0, 28, 161, 9937 }, // U+0431
    { 19, 19, 21, 1, 19, 91, 10098 }, // U+0432
    { 18, 19, 17, 0, 19, 86, 10189 }, // U+0433
    { 18, 29, 20, 1, 29, 131, 10275 }, // U+0434
    { 17, 19, 18, 1, 19, 81, 10406 }, // U+0435
    { 36, 19, 36, 0, 19, 171, 10487 }, // U+0436
    { 18, 19, 18, -1, 19, 86, 10658 }, // U+0437
    { 21, 19, 22, 1, 19, 100, 10744 }, // U+0438
    { 21, 27, 22, 1, 27, 142, 10844 }, // U+0439
    { 21, 19, 20, 0, 19, 100, 10986 }, // U+043A
    { 27, 19, 23, -3, 19, 129, 11086 }, // U+043B
    { 31, 19, 28, -3, 19, 148, 11215 }, // U+043C
    { 22, 19, 22, 0, 19, 105, 11363 }, // U+043D
    { 19, 19, 21, 1, 19, 91, 11468 }, // U+043E
    { 22, 19, 22, 0, 19, 105, 11559 }, // U+043F
    { 24, 27, 20, -4, 19, 162, 11664 }, // U+0440
    { 16, 19, 18, 1, 19, 76, 11826 }, // U+0441
    { 31, 19, 31, 0, 19, 148, 11902 }, // U+0442
    { 26, 27, 20, -4, 19, 176, 12050 }, // U+0443
    { 27, 37, 29, 1, 29, 250, 12226 }, // U+0444
    { 23, 19, 22, -1, 19, 110, 12476 }, // U+0445
    { 21, 27, 22, 1, 19, 142, 12586 }, // U+0446
    { 19, 19, 19, 0, 19, 91, 12728 }, // U+0447
    { 31, 19, 31, 0, 19, 148, 12819 }, // U+0448
    { 31, 27, 31, 0, 19, 210, 12967 }, // U+0449
    { 20, 19, 21, 0, 19, 95, 13177 }, // U+044A
    { 27, 19, 26, 0, 19, 129, 13272 }, // U+044B
    { 17, 19, 18, 0, 19, 81, 13401 }, // U+044C
    { 19, 19, 19, -1, 19, 91, 13482 }, // U+044D
    { 31, 19, 29, -2, 19, 148, 13573 }, // U+044E
    { 23, 19, 19, -3, 19, 110, 13721 }, // U+044F
    { 17, 29, 18, 1, 29, 124, 13831 }, // U+0450
    { 19, 28, 18, 1, 28, 133, 13955 }, // U+0451
    { 21, 35, 22, 0, 28, 184, 14088 }, // U+0452
    { 18, 29, 17, 0, 29, 131, 14272 }, // U+0453
    { 19, 19, 19, 1, 19, 91, 14403 }, // U+0454
    { 16, 19, 16, -1, 19, 76, 14494 }, // U+0455
    { 11, 29, 12, 1, 29, 80, 14570 }, // U+0456
    { 15, 28, 12, 1, 28, 105, 14650 }, // U+0457
    { 17, 37, 12, -5, 29, 158, 14755 }, // U+0458
    { 29, 19, 26, -3, 19, 138, 14913 }, // U+0459
    { 27, 19, 28, 0, 19, 129, 15051 }, // U+045A
    { 22, 29, 21, 0, 29, 160, 15180 }, // U+045B
    { 21, 29, 20, 0, 29, 153, 15340 }, // U+045C
    { 21, 29, 22, 1, 29, 153, 15493 }, // U+045D
    { 26, 36, 20, -4, 28, 234, 15646 }, // U+045E
    { 21, 27, 22, 1, 19, 142, 15880 }, // U+045F
    { 25, 27, 27, 1, 27, 169, 16022 }, // U+0462
    { 26, 19, 27, 0, 19, 124, 16191 }, // U+0463
    { 28, 27, 29, 1, 27, 189, 16315 }, // U+0472
    { 21, 19, 22, 0, 19, 100, 16504 }, // U+0473
    { 29, 27, 27, 3, 27, 196, 16604 }, // U+0474
    { 25, 19, 23, 0, 19, 119, 16800 }, // U+0475
    { 31, 43, 28, -1, 36, 334, 16919 }, // U+048A
    { 21, 33, 22, 1, 27, 174, 17253 }, // U+048B
    { 23, 29, 23, -1, 29, 167, 17427 }, // U+048C
    { 17, 22, 18, 0, 22, 94, 17594 }, // U+048D
    { 24, 26, 21, -1, 26, 156, 17688 }, // U+048E
    { 24, 27, 20, -4, 19, 162, 17844 }, // U+048F
    { 24, 31, 19, -1, 31, 186, 18006 }, // U+0490
    { 15, 22, 15, 1, 22, 83, 18192 }, // U+0491
    { 25, 26, 21, -1, 26, 163, 18275 }, // U+0492
    { 18, 19, 17, 0, 19, 86, 18438 }, // U+0493
    { 24, 34, 24, -1, 26, 204, 18524 }, // U+0494
    { 18, 27, 19, 1, 19, 122, 18728 }, // U+0495
    { 41, 35, 36, -2, 27, 359, 18850 }, // U+0496
    { 36, 27, 36, 0, 19, 243, 19209 }, // U+0497
    { 22, 35, 21, -1, 27, 193, 19452 }, // U+0498
    { 18, 27, 18, -1, 19, 122, 19645 }, // U+0499
    { 29, 35, 25, -1, 27, 254, 19767 }, // U+049A
    { 21, 27, 20, 0, 19, 142, 20021 }, // U+049B
    { 31, 27, 27, -1, 27, 210, 20163 }, // U+049C
    { 22, 19, 22, 0, 19, 105, 20373 }, // U+049D
    { 29, 27, 25, -1, 27, 196, 20478 }, // U+049E
    { 21, 29, 20, 0, 29, 153, 20674 }, // U+049F
    { 30, 27, 30, 2, 27, 203, 20827 }, // U+04A0
    { 23, 19, 24, 1, 19, 110, 21030 }, // U+04A1
    { 32, 34, 29, -1, 26, 272, 21140 }, // U+04A2
    { 22, 27, 22, 0, 19, 149, 21412 }, // U+04A3
    { 37, 26, 33, -1, 26, 241, 21561 }, // U+04A4
    { 27, 19, 26, 0, 19, 129, 21802 }, // U+04A5
    { 37, 34, 37, -1, 26, 315, 21931 }, // U+04A6
    { 30, 27, 30, 0, 19, 203, 22246 }, // U+04A7
    { 30, 27, 29, 1, 27, 203, 22449 }, // U+04A8
    { 23, 19, 25, 1, 19, 110, 22652 }, // U+04A9
    { 25, 35, 25, 1, 27, 219, 22762 }, // U+04AA
    { 16, 27, 18, 1, 19, 108, 22981 }, // U+04AB
    { 24, 34, 24, 2, 26, 204, 23089 }, // U+04AC
    { 31, 27, 31, 0, 19, 210, 23293 }, // U+04AD
    { 26, 26, 26, 3, 26, 169, 23503 }, // U+04AE
    { 22, 27, 20, 0, 19, 149, 23672 }, // U+04AF
    { 27, 26, 26, 2, 26, 176, 23821 }, // U+04B0
    { 22, 27, 20, 0, 19, 149, 23997 }, // U+04B1
    { 30, 34, 25, -2, 26, 255, 24146 }, // U+04B2
    { 23, 27, 22, -1, 19, 156, 24401 }, // U+04B3
    { 34, 34, 34, 2, 26, 289, 24557 }, // U+04B4
    { 21, 34, 22, 1, 26, 179, 24846 }, // U+04B5
    { 24, 34, 25, 3, 26, 204, 25025 }, // U+04B6
    { 19, 28, 19, 0, 19, 133, 25229 }, // U+04B7
    { 25, 26, 26, 3, 26, 163, 25362 }, // U+04B8
    { 21, 19, 21, 0, 19, 100, 25525 }, // U+04B9
    { 24, 26, 25, -1, 26, 156, 25625 }, // U+04BA
    { 22, 29, 21, 0, 29, 160, 25781 }, // U+04BB
    { 31, 27, 31, 0, 27, 210, 25941 }, // U+04BC
    { 23, 19, 23, 0, 19, 110, 26151 }, // U+04BD
    { 31, 34, 31, 0, 27, 264, 26261 }, // U+04BE
    { 23, 27, 23, 0, 19, 156, 26525 }, // U+04BF
    { 16, 26, 13, -1, 26, 104, 26681 }, // U+04C0
    { 41, 36, 36, -2, 36, 369, 26785 }, // U+04C1
    { 36, 27, 36, 0, 27, 243, 27154 }, // U+04C2
    { 29, 35, 25, -1, 27, 254, 27397 }, // U+04C3
    { 21, 27, 20, 0, 19, 142, 27651 }, // U+04C4
    { 32, 32, 27, -2, 26, 256, 27793 }, // U+04C5
    { 27, 25, 23, -3, 19, 169, 28049 }, // U+04C6
    { 32, 34, 29, -1, 26, 272, 28218 }, // U+04C7
    { 21, 27, 21, 0, 19, 142, 28490 }, // U+04C8
    { 32, 33, 27, -1, 26, 264, 28632 }, // U+04C9
    { 22, 25, 22, 0, 19, 138, 28896 }, // U+04CA
    { 24, 34, 25, 3, 26, 204, 29034 }, // U+04CB
    { 18, 25, 19, 0, 19, 113, 29238 }, // U+04CC
    { 37, 33, 33, -1, 26, 306, 29351 }, // U+04CD
    { 31, 25, 28, -3, 19, 194, 29657 }, // U+04CE
    { 17, 28, 13, -1, 28, 119, 29851 }, // U+04CF
    { 28, 36, 27, -2, 36, 252, 29970 }, // U+04D0
    { 21, 27, 21, 1, 27, 142, 30222 }, // U+04D1
    { 28, 35, 27, -2, 35, 245, 30364 }, // U+04D2
    { 21, 28, 21, 1, 28, 147, 30609 }, // U+04D3
    { 41, 26, 37, -2, 26, 267, 30756 }, // U+04D4
    { 28, 19, 29, 1, 19, 133, 31023 }, // U+04D5
    { 25, 36, 23, -1, 36, 225, 31156 }, // U+04D6
    { 18, 27, 18, 1, 27, 122, 31381 }, // U+04D7
    { 25, 27, 25, 1, 27, 169, 31503 }, // U+04D8
    { 17, 19, 18, 0, 19, 81, 31672 }, // U+04D9
    { 25, 35, 25, 1, 35, 219, 31753 }, // U+04DA
    { 18, 28, 18, 0, 28, 126, 31972 }, // U+04DB
    { 41, 35, 36, -2, 35, 359, 32098 }, // U+04DC
    { 36, 28, 36, 0, 28, 252, 32457 }, // U+04DD
    { 22, 35, 21, -1, 35, 193, 32709 }, // U+04DE
    { 20, 28, 18, -1, 28, 140, 32902 }, // U+04DF
    { 25, 26, 23, 0, 26, 163, 33042 }, // U+04E0
    { 24, 28, 19, -3, 20, 168, 33205 }, // U+04E1
    { 31, 33, 28, -1, 33, 256, 33373 }, // U+04E2
    { 21, 26, 22, 1, 26, 137, 33629 }, // U+04E3
    { 31, 35, 28, -1, 35, 272, 33766 }, // U+04E4
    { 21, 28, 22, 1, 28, 147, 34038 }, // U+04E5
    { 27, 35, 28, 1, 35, 237, 34185 }, // U+04E6
    { 20, 28, 21, 1, 28, 140, 34422 }, // U+04E7
    { 27, 27, 28, 1, 27, 183, 34562 }, // U+04E8
    { 19, 19, 21, 1, 19, 91, 34745 }, // U+04E9
    { 27, 35, 28, 1, 35, 237, 34836 }, // U+04EA
    { 20, 28, 21, 1, 28, 140, 35073 }, // U+04EB
    { 25, 35, 25, 0, 35, 219, 35213 }, // U+04EC
    { 20, 28, 19, -1, 28, 140, 35432 }, // U+04ED
    { 28, 33, 27, 2, 33, 231, 35572 }, // U+04EE
    { 26, 34, 20, -4, 26, 221, 35803 }, // U+04EF
    { 28, 35, 27, 2, 35, 245, 36024 }, // U+04F0
    { 26, 36, 20, -4, 28, 234, 36269 }, // U+04F1
    { 28, 36, 27, 2, 36, 252, 36503 }, // U+04F2
    { 29, 37, 20, -4, 29, 269, 36755 }, // U+04F3
    { 24, 35, 25, 3, 35, 210, 37024 }, // U+04F4
    { 19, 28, 19, 0, 28, 133, 37234 }, // U+04F5
    { 25, 34, 21, -1, 26, 213, 37367 }, // U+04F6
    { 18, 27, 17, 0, 19, 122, 37580 }, // U+04F7
    { 38, 35, 34, -1, 35, 333, 37702 }, // U+04F8
    { 27, 28, 26, 0, 28, 189, 38035 }, // U+04F9
    { 25, 34, 21, -1, 26, 213, 38224 }, // U+04FA
    { 18, 27, 17, 0, 19, 122, 38437 }, // U+04FB
    { 30, 34, 25, -2, 26, 255, 38559 }, // U+04FC
    { 23, 27, 22, -1, 19, 156, 38814 }, // U+04FD
    { 30, 26, 25, -2, 26, 195, 38970 }, // U+04FE
    { 23, 19, 22, -1, 19, 110, 39165 }, // U+04FF
    { 28, 34, 27, -2, 26, 238, 0 }, // U+1EA0
    { 21, 27, 21, 1, 19, 142, 238 }, // U+1EA1
    { 28, 36, 27, -2, 36, 252, 380 }, // U+1EA2
    { 21, 29, 21, 1, 29, 153, 632 }, // U+1EA3
    { 28, 42, 27, -2, 42, 294, 785 }, // U+1EA4
    { 21, 35, 21, 1, 35, 184, 1079 }, // U+1EA5
    { 28, 42, 27, -2, 42, 294, 1263 }, // U+1EA6
    { 21, 35, 21, 1, 35, 184, 1557 }, // U+1EA7
    { 28, 43, 27, -2, 43, 301, 1741 }, // U+1EA8
    { 21, 36, 21, 1, 36, 189, 2042 }, // U+1EA9
    { 28, 41, 27, -2, 41, 287, 2231 }, // U+1EAA
    { 22, 34, 21, 1, 34, 187, 2518 }, // U+1EAB
    { 28, 42, 27, -2, 34, 294, 2705 }, // U+1EAC
    { 21, 35, 21, 1, 27, 184, 2999 }, // U+1EAD
    { 28, 42, 27, -2, 42, 294, 3183 }, // U+1EAE
    { 21, 35, 21, 1, 35, 184, 3477 }, // U+1EAF
    { 28, 42, 27, -2, 42, 294, 3661 }, // U+1EB0
    { 21, 35, 21, 1, 35, 184, 3955 }, // U+1EB1
    { 28, 43, 27, -2, 43, 301, 4139 }, // U+1EB2
    { 21, 36, 21, 1, 36, 189, 4440 }, // U+1EB3
    { 28, 41, 27, -2, 41, 287, 4629 }, // U+1EB4
    { 22, 34, 21, 1, 34, 187, 4916 }, // U+1EB5
    { 28, 42, 27, -2, 34, 294, 5103 }, // U+1EB6
    { 21, 35, 21, 1, 27, 184, 5397 }, // U+1EB7
    { 25, 33, 23, -1, 25, 207, 5581 }, // U+1EB8
    { 17, 27, 18, 1, 19, 115, 5788 }, // U+1EB9
    { 25, 36, 23, -1, 36, 225, 5903 }, // U+1EBA
    { 17, 29, 18, 1, 29, 124, 6128 }, // U+1EBB
    { 25, 34, 23, -1, 34, 213, 6252 }, // U+1EBC
    { 19, 27, 18, 1, 27, 129, 6465 }, // U+1EBD
    { 25, 42, 23, -1, 42, 263, 6594 }, // U+1EBE
    { 19, 35, 18, 1, 35, 167, 6857 }, // U+1EBF
    { 25, 42, 23, -1, 42, 263, 7024 }, // U+1EC0
    { 18, 35, 18, 1, 35, 158, 7287 }, // U+1EC1
    { 25, 43, 23, -1, 43, 269, 7445 }, // U+1EC2
    { 18, 36, 18, 1, 36, 162, 7714 }, // U+1EC3
    { 25, 41, 23, -1, 41, 257, 7876 }, // U+1EC4
    { 20, 34, 18, 1, 34, 170, 8133 }, // U+1EC5
    { 25, 42, 23, -1, 34, 263, 8303 }, // U+1EC6
    { 18, 35, 18, 1, 27, 158, 8566 }, // U+1EC7
    { 16, 36, 13, -1, 36, 144, 8724 }, // U+1EC8
    { 12, 29, 12, 1, 29, 87, 8868 }, // U+1EC9
    { 16, 33, 13, -1, 25, 132, 8955 }, // U+1ECA
    { 12, 35, 12, 0, 27, 105, 9087 }, // U+1ECB
    { 27, 34, 28, 1, 26, 230, 9192 }, // U+1ECC
    { 19, 27, 21, 1, 19, 129, 9422 }, // U+1ECD
    { 27, 37, 28, 1, 36, 250, 9551 }, // U+1ECE
    { 19, 29, 21, 1, 29, 138, 9801 }, // U+1ECF
    { 27, 43, 28, 1, 42, 291, 9939 }, // U+1ED0
    { 19, 35, 21, 1, 35, 167, 10230 }, // U+1ED1
    { 27, 43, 28, 1, 42, 291, 10397 }, // U+1ED2
    { 19, 35, 21, 1, 35, 167, 10688 }, // U+1ED3
    { 27, 44, 28, 1, 43, 297, 10855 }, // U+1ED4
    { 19, 36, 21, 1, 36, 171, 11152 }, // U+1ED5
    { 27, 42, 28, 1, 41, 284, 11323 }, // U+1ED6
    { 21, 34, 21, 1, 34, 179, 11607 }, // U+1ED7
    { 27, 42, 28, 1, 34, 284, 11786 }, // U+1ED8
    { 19, 35, 21, 1, 27, 167, 12070 }, // U+1ED9
    { 32, 36, 30, 1, 35, 288, 12237 }, // U+1EDA
    { 24, 27, 24, 1, 27, 162, 12525 }, // U+1EDB
    { 32, 36, 30, 1, 35, 288, 12687 }, // U+1EDC
    { 24, 27, 24, 1, 27, 162, 12975 }, // U+1EDD
    { 32, 37, 30, 1, 36, 296, 13137 }, // U+1EDE
    { 24, 29, 24, 1, 29, 174, 13433 }, // U+1EDF
    { 32, 35, 30, 1, 34, 280, 13607 }, // U+1EE0
    { 24, 27, 24, 1, 27, 162, 13887 }, // U+1EE1
    { 32, 39, 30, 1, 31, 312, 14049 }, // U+1EE2
    { 24, 30, 24, 1, 22, 180, 14361 }, // U+1EE3
    { 27, 33, 28, 3, 25, 223, 14541 }, // U+1EE4
    { 21, 27, 22, 1, 19, 142, 14764 }, // U+1EE5
    { 27, 37, 28, 3, 36, 250, 14906 }, // U+1EE6
    { 21, 29, 22, 1, 29, 153, 15156 }, // U+1EE7
    { 33, 36, 33, 3, 35, 297, 15309 }, // U+1EE8
    { 26, 27, 26, 1, 27, 176, 15606 }, // U+1EE9
    { 33, 36, 33, 3, 35, 297, 15782 }, // U+1EEA
    { 26, 27, 26, 1, 27, 176, 16079 }, // U+1EEB
    { 33, 37, 33, 3, 36, 306, 16255 }, // U+1EEC
    { 26, 29, 26, 1, 29, 189, 16561 }, // U+1EED
    { 33, 35, 33, 3, 34, 289, 16750 }, // U+1EEE
    { 26, 27, 26, 1, 27, 176, 17039 }, // U+1EEF
    { 33, 41, 33, 3, 33, 339, 17215 }, // U+1EF0
    { 26, 33, 26, 1, 25, 215, 17554 }, // U+1EF1
    { 26, 35, 26, 3, 35, 228, 17769 }, // U+1EF2
    { 26, 35, 20, -4, 27, 228, 17997 }, // U+1EF3
    { 26, 33, 26, 3, 25, 215, 18225 }, // U+1EF4
    { 26, 27, 20, -4, 19, 176, 18440 }, // U+1EF5
    { 26, 36, 26, 3, 36, 234, 18616 }, // U+1EF6
    { 26, 37, 20, -4, 29, 241, 18850 }, // U+1EF7
    { 26, 34, 26, 3, 34, 221, 19091 }, // U+1EF8
    { 26, 35, 20, -4, 27, 228, 19312 }, // U+1EF9
    { 0, 0, 19, 0, 0, 0, 0 }, // U+2000
    { 0, 0, 38, 0, 0, 0, 0 }, // U+2001
    { 0, 0, 19, 0, 0, 0, 0 }, // U+2002
    { 0, 0, 38, 0, 0, 0, 0 }, // U+2003
    { 0, 0, 12, 0, 0, 0, 0 }, // U+2004
    { 0, 0, 9, 0, 0, 0, 0 }, // U+2005
    { 0, 0, 6, 0, 0, 0, 0 }, // U+2006
    { 0, 0, 22, 0, 0, 0, 0 }, // U+2007
    { 0, 0, 12, 0, 0, 0, 0 }, // U+2008
    { 0, 0, 8, 0, 0, 0, 0 }, // U+2009
    { 0, 0, 1, 0, 0, 0, 0 }, // U+200A
    { 0, 0, 0, 0, 0, 0, 0 }, // U+200B
    { 0, 0, 0, 0, 0, 0, 0 }, // U+200C
    { 0, 0, 0, 0, 0, 0, 0 }, // U+200D
    { 0, 0, 0, 0, 0, 0, 0 }, // U+200E
    { 0, 0, 0, 0, 0, 0, 0 }, // U+200F
    { 11, 4, 13, 1, 11, 11, 0 }, // U+2010
    { 11, 4, 13, 1, 11, 11, 11 }, // U+2011
    { 22, 4, 22, 0, 11, 22, 22 }, // U+2012
    { 20, 4, 19, -1, 11, 20, 44 }, // U+2013
    { 39, 4, 38, -1, 11, 39, 64 }, // U+2014
    { 39, 4, 36, -1, 11, 39, 103 }, // U+2015
    { 12, 39, 19, 4, 29, 117, 142 }, // U+2016
    { 29, 8, 26, -5, -3, 58, 259 }, // U+2017
    { 9, 12, 10, 3, 28, 27, 317 }, // U+2018
    { 9, 12, 10, 3, 27, 27, 344 }, // U+2019
    { 9, 12, 10, -1, 5, 27, 371 }, // U+201A
    { 8, 13, 10, 3, 26, 26, 398 }, // U+201B
    { 17, 12, 19, 3, 28, 51, 424 }, // U+201C
    { 18, 12, 19, 3, 27, 54, 475 }, // U+201D
    { 17, 12, 19, -1, 5, 51, 529 }, // U+201E
    { 16, 13, 19, 3, 26, 52, 580 }, // U+201F
    { 20, 34, 19, 1, 29, 170, 632 }, // U+2020
    { 24, 36, 20, -2, 28, 216, 802 }, // U+2021
    { 9, 9, 11, 1, 17, 21, 1018 }, // U+2022
    { 16, 16, 18, 1, 17, 64, 1039 }, // U+2023
    { 8, 6, 12, 0, 6, 12, 1103 }, // U+2024
    { 20, 6, 24, 0, 6, 30, 1115 }, // U+2025
    { 32, 6, 38, 1, 6, 48, 1145 }, // U+2026
    { 5, 4, 7, 1, 14, 5, 1193 }, // U+2027
    { 0, 0, 0, 0, 0, 0, 1198 }, // U+2028
    { 0, 0, 0, 0, 0, 0, 1198 }, // U+2029
    { 0, 0, 0, 0, 0, 0, 1198 }, // U+202A
    { 0, 0, 0, 0, 0, 0, 1198 }, // U+202B
    { 0, 0, 0, 0, 0, 0, 1198 }, // U+202C
    { 0, 0, 0, 0, 0, 0, 1198 }, // U+202D
    { 0, 0, 0, 0, 0, 0, 1198 }, // U+202E
    { 0, 0, 8, 0, 0, 0, 1198 }, // U+202F
    { 44, 27, 47, 2, 26, 297, 1198 }, // U+2030
    { 59, 27, 62, 2, 26, 399, 1495 }, // U+2031
    { 11, 11, 13, 2, 26, 31, 1894 }, // U+2032
    { 19, 11, 20, 2, 26, 53, 1925 }, // U+2033
    { 27, 11, 28, 2, 26, 75, 1978 }, // U+2034
    { 11, 11, 13, 2, 26, 31, 2053 }, // U+2035
    { 19, 11, 20, 2, 26, 53, 2084 }, // U+2036
    { 27, 11, 28, 2, 26, 75, 2137 }, // U+2037
    { 10, 6, 10, 0, 1, 15, 2212 }, // U+2038
    { 11, 18, 9, 0, 18, 50, 2227 }, // U+2039
    { 11, 18, 9, -2, 18, 50, 2277 }, // U+203A
    { 25, 22, 29, 2, 21, 138, 2327 }, // U+203B
    { 20, 26, 24, 3, 26, 130, 2465 }, // U+203C
    { 16, 26, 20, 4, 26, 104, 2595 }, // U+203D
    { 23, 3, 20, 3, 31, 18, 2699 }, // U+203E
    { 13, 6, 12, -3, -3, 20, 2717 }, // U+203F
    { 13, 6, 12, 2, 26, 20, 2737 }, // U+2040
    { 15, 26, 18, 2, 18, 98, 2757 }, // U+2041
    { 33, 28, 38, 2, 27, 231, 2855 }, // U+2042
    { 25, 26, 19, -2, 26, 163, 3086 }, // U+2044
    { 19, 26, 21, 2, 18, 124, 3249 }, // U+204A
    { 23, 6, 38, 7, 14, 35, 3373 }, // U+2053
    { 34, 11, 36, 2, 26, 94, 3408 }, // U+2057
    { 0, 0, 0, 0, 0, 0, 3502 }, // U+2060
    { 0, 0, 0, 0, 0, 0, 3502 }, // U+2061
    { 0, 0, 0, 0, 0, 0, 3502 }, // U+2062
    { 0, 0, 0, 0, 0, 0, 3502 }, // U+2063
    { 0, 0, 0, 0, 0, 0, 3502 }, // U+206A
    { 0, 0, 0, 0, 0, 0, 3502 }, // U+206B
    { 0, 0, 0, 0, 0, 0, 3502 }, // U+206C
    { 0, 0, 0, 0, 0, 0, 3502 }, // U+206D
    { 0, 0, 0, 0, 0, 0, 3502 }, // U+206E
    { 0, 0, 0, 0, 0, 0, 3502 }, // U+206F
    { 15, 16, 15, 2, 30, 60, 0 }, // U+2070
    { 8, 17, 8, 2, 31, 34, 60 }, // U+2071
    { 14, 16, 15, 2, 30, 56, 94 }, // U+2074
    { 15, 16, 15, 2, 30, 60, 150 }, // U+2075
    { 13, 16, 15, 3, 30, 52, 210 }, // U+2076
    { 16, 17, 15, 2, 30, 68, 262 }, // U+2077
    { 15, 16, 15, 2, 30, 60, 330 }, // U+2078
    { 14, 17, 15, 3, 30, 60, 390 }, // U+2079
    { 9, 10, 10, 3, 27, 23, 450 }, // U+207A
    { 7, 3, 8, 3, 24, 6, 473 }, // U+207B
    { 11, 6, 10, 2, 25, 17, 479 }, // U+207C
    { 11, 20, 10, 3, 31, 55, 496 }, // U+207D
    { 11, 20, 10, 0, 31, 55, 551 }, // U+207E
    { 15, 12, 14, 2, 26, 45, 606 }, // U+207F
    { 14, 15, 15, -2, 7, 53, 651 }, // U+2080
    { 11, 15, 15, -1, 7, 42, 704 }, // U+2081
    { 15, 15, 15, -3, 7, 57, 746 }, // U+2082
    { 15, 15, 15, -3, 7, 57, 803 }, // U+2083
    { 14, 15, 15, -2, 7, 53, 860 }, // U+2084
    { 15, 15, 15, -3, 7, 57, 913 }, // U+2085
    { 14, 16, 15, -2, 8, 56, 970 }, // U+2086
    { 16, 15, 15, -2, 7, 60, 1026 }, // U+2087
    { 15, 15, 15, -3, 7, 57, 1086 }, // U+2088
    { 14, 17, 15, -2, 7, 60, 1143 }, // U+2089
    { 10, 10, 10, -2, 4, 25, 1203 }, // U+208A
    { 8, 3, 8, -2, 1, 6, 1228 }, // U+208B
    { 10, 5, 10, -2, 2, 13, 1234 }, // U+208C
    { 11, 20, 10, -1, 10, 55, 1247 }, // U+208D
    { 11, 20, 10, -4, 10, 55, 1302 }, // U+208E
    { 14, 11, 14, -2, 3, 39, 1357 }, // U+2090
    { 11, 11, 12, -2, 3, 31, 1396 }, // U+2091
    { 13, 11, 14, 0, 3, 36, 1427 }, // U+2092
    { 15, 11, 14, -3, 3, 42, 1463 }, // U+2093
    { 11, 11, 12, -2, 3, 31, 1505 }, // U+2094
    { 14, 16, 14, -2, 8, 56, 1536 }, // U+2095
    { 13, 16, 13, -2, 8, 52, 1592 }, // U+2096
    { 8, 16, 7, -2, 8, 32, 1644 }, // U+2097
    { 20, 11, 20, -2, 3, 55, 1676 }, // U+2098
    { 14, 11, 14, -2, 3, 39, 1731 }, // U+2099
    { 16, 16, 12, -5, 3, 64, 1770 }, // U+209A
    { 11, 11, 10, -3, 3, 31, 1834 }, // U+209B
    { 10, 14, 9, -2, 6, 35, 1865 }, // U+209C
    { 21, 26, 22, 1, 26, 137, 0 }, // U+20A0
    { 21, 31, 22, 1, 27, 163, 137 }, // U+20A1
    { 21, 27, 22, 1, 26, 142, 300 }, // U+20A2
    { 25, 25, 22, -1, 25, 157, 442 }, // U+20A3
    { 24, 26, 22, -1, 26, 156, 599 }, // U+20A4
    { 24, 24, 22, 0, 22, 144, 755 }, // U+20A5
    { 25, 25, 22, -1, 25, 157, 899 }, // U+20A6
    { 43, 25, 42, -1, 25, 269, 1056 }, // U+20A7
    { 38, 26, 38, -1, 25, 247, 1325 }, // U+20A8
    { 25, 26, 22, -1, 25, 163, 1572 }, // U+20A9
    { 18, 17, 19, 0, 17, 77, 1735 }, // U+20AA
    { 23, 32, 21, 1, 27, 184, 1812 }, // U+20AB
    { 24, 27, 22, -1, 26, 162, 1996 }, // U+20AC
    { 25, 26, 22, -1, 25, 163, 2158 }, // U+20AD
    { 22, 25, 22, 2, 25, 138, 2321 }, // U+20AE
    { 28, 25, 29, 0, 20, 175, 2459 }, // U+20AF
    { 13, 25, 17, 1, 26, 82, 2634 }, // U+20B0
    { 24, 25, 22, 0, 25, 150, 2716 }, // U+20B1
    { 22, 31, 22, 1, 27, 171, 2866 }, // U+20B2
    { 24, 26, 22, -2, 26, 156, 3037 }, // U+20B3
    { 23, 27, 22, 0, 26, 156, 3193 }, // U+20B4
    { 21, 31, 22, 1, 27, 163, 3349 }, // U+20B5
    { 21, 26, 22, 2, 26, 137, 3512 }, // U+20B6
    { 22, 26, 22, 0, 26, 143, 3649 }, // U+20B7
    { 23, 25, 22, 1, 25, 144, 3792 }, // U+20B8
    { 20, 27, 22, 3, 26, 135, 3936 }, // U+20B9
    { 22, 25, 22, 0, 25, 138, 4071 }, // U+20BA
    { 28, 28, 29, 1, 27, 196, 4209 }, // U+20BB
    { 33, 28, 33, -1, 28, 231, 4405 }, // U+20BC
    { 24, 25, 22, -1, 25, 150, 4636 }, // U+20BD
    { 25, 28, 22, -1, 28, 175, 4786 }, // U+20BE
    { 24, 32, 22, -2, 28, 192, 4961 }, // U+20BF
    { 23, 26, 22, -1, 26, 150, 5153 }, // U+20C0
    { 33, 12, 38, 2, 17, 99, 0 }, // U+2190
    { 12, 33, 19, 3, 26, 99, 99 }, // U+2191
    { 33, 12, 38, 2, 17, 99, 198 }, // U+2192
    { 12, 33, 19, 3, 26, 99, 297 }, // U+2193
    { 33, 12, 38, 2, 17, 99, 396 }, // U+2194
    { 12, 33, 19, 3, 26, 99, 495 }, // U+2195
    { 26, 26, 38, 6, 24, 169, 594 }, // U+2196
    { 26, 26, 38, 6, 24, 169, 763 }, // U+2197
    { 26, 26, 38, 6, 24, 169, 932 }, // U+2198
    { 26, 26, 38, 6, 24, 169, 1101 }, // U+2199
    { 32, 15, 36, 2, 18, 120, 1270 }, // U+219A
    { 32, 16, 36, 2, 19, 128, 1390 }, // U+219B
    { 19, 36, 19, 0, 27, 171, 1518 }, // U+21A8
    { 33, 15, 38, 2, 18, 124, 1689 }, // U+21AE
    { 29, 22, 30, 0, 24, 160, 1813 }, // U+21B6
    { 29, 22, 30, 2, 24, 160, 1973 }, // U+21B7
    { 29, 21, 30, 2, 20, 153, 2133 }, // U+21BA
    { 29, 21, 30, 0, 20, 153, 2286 }, // U+21BB
    { 35, 17, 37, 1, 20, 149, 2439 }, // U+21D0
    { 17, 36, 19, 1, 28, 153, 2588 }, // U+21D1
    { 35, 17, 37, 1, 20, 149, 2741 }, // U+21D2
    { 17, 36, 19, 1, 28, 153, 2890 }, // U+21D3
    { 35, 17, 38, 1, 20, 149, 3043 }, // U+21D4
    { 17, 35, 19, 1, 27, 149, 3192 }, // U+21D5
    { 18, 28, 19, 1, 27, 126, 0 }, // U+2202
    { 16, 25, 21, 2, 25, 100, 126 }, // U+2203
    { 16, 35, 21, 2, 30, 140, 226 }, // U+2204
    { 29, 31, 38, 4, 29, 225, 366 }, // U+2205
    { 24, 27, 24, 0, 27, 162, 591 }, // U+2206
    { 28, 26, 28, 0, 26, 182, 753 }, // U+220F
    { 24, 26, 21, -1, 26, 156, 935 }, // U+2211
    { 23, 3, 38, 7, 13, 18, 1091 }, // U+2212
    { 22, 23, 36, 7, 22, 127, 1109 }, // U+2213
    { 19, 30, 19, 0, 26, 143, 1236 }, // U+2215
    { 5, 5, 7, 1, 15, 7, 1379 }, // U+2219
    { 22, 28, 22, 0, 27, 154, 1386 }, // U+221A
    { 25, 11, 38, 6, 17, 69, 1540 }, // U+221E
    { 19, 22, 19, 0, 20, 105, 1609 }, // U+2221
    { 12, 40, 19, 4, 30, 120, 1714 }, // U+2225
    { 21, 40, 19, -1, 30, 210, 1834 }, // U+2226
    { 18, 17, 22, 2, 20, 77, 2044 }, // U+2227
    { 18, 17, 22, 3, 20, 77, 2121 }, // U+2228
    { 17, 36, 18, 0, 28, 153, 2198 }, // U+222B
    { 19, 17, 38, 9, 19, 81, 2351 }, // U+2234
    { 19, 17, 38, 9, 19, 81, 2432 }, // U+2235
    { 23, 7, 38, 7, 15, 41, 2513 }, // U+223C
    { 23, 13, 38, 7, 18, 75, 2554 }, // U+2248
    { 23, 21, 38, 7, 27, 121, 2629 }, // U+225F
    { 23, 19, 38, 7, 21, 110, 2750 }, // U+2260
    { 23, 13, 38, 7, 18, 75, 2860 }, // U+2261
    { 23, 21, 38, 7, 22, 121, 2935 }, // U+2262
    { 23, 21, 38, 7, 21, 121, 3056 }, // U+2264
    { 23, 21, 38, 7, 21, 121, 3177 }, // U+2265
    { 23, 26, 38, 7, 24, 150, 3298 }, // U+226E
    { 23, 26, 38, 7, 24, 150, 3448 }, // U+226F
    { 23, 21, 38, 7, 21, 121, 3598 }, // U+2282
    { 23, 21, 38, 7, 21, 121, 3719 }, // U+2283
    { 23, 29, 38, 7, 25, 167, 3840 }, // U+2284
    { 23, 29, 38, 7, 25, 167, 4007 }, // U+2285
    { 22, 26, 38, 8, 26, 143, 4174 }, // U+2286
    { 22, 26, 38, 8, 26, 143, 4317 }, // U+2287
    { 19, 21, 22, 2, 20, 100, 4460 }, // U+22BB
    { 19, 22, 22, 2, 25, 105, 4560 }, // U+22BC
    { 19, 22, 22, 3, 25, 105, 4665 }, // U+22BD
    { 37, 35, 27, -5, 27, 324, 0 }, // U+FB00
    { 31, 35, 25, -5, 27, 272, 324 }, // U+FB01
    { 30, 35, 25, -5, 27, 263, 596 }, // U+FB02
    { 44, 35, 39, -5, 27, 385, 859 }, // U+FB03
    { 44, 35, 39, -5, 27, 385, 1244 }, // U+FB04
    { 36, 36, 36, 0, 32, 324, 0 }, // U+FFFD
};

static const EpdUnicodeInterval chareink_18_bolditalicIntervals[] = {
    { 0x20, 0x7E, 0x0 },
    { 0xA0, 0xFF, 0x5F },
    { 0x100, 0x148, 0xBF },
    { 0x14A, 0x17F, 0x108 },
    { 0x1A0, 0x1A1, 0x13E },
    { 0x1AF, 0x1B0, 0x140 },
    { 0x1C4, 0x21F, 0x142 },
    { 0x300, 0x33F, 0x19E },
    { 0x346, 0x36F, 0x1DE },
    { 0x400, 0x45F, 0x208 },
    { 0x462, 0x463, 0x268 },
    { 0x472, 0x475, 0x26A },
    { 0x48A, 0x4FF, 0x26E },
    { 0x1EA0, 0x1EF9, 0x2E4 },
    { 0x2000, 0x2042, 0x33E },
    { 0x2044, 0x2044, 0x381 },
    { 0x204A, 0x204A, 0x382 },
    { 0x2053, 0x2053, 0x383 },
    { 0x2057, 0x2057, 0x384 },
    { 0x2060, 0x2063, 0x385 },
    { 0x206A, 0x206F, 0x389 },
    { 0x2070, 0x2071, 0x38F },
    { 0x2074, 0x208E, 0x391 },
    { 0x2090, 0x209C, 0x3AC },
    { 0x20A0, 0x20C0, 0x3B9 },
    { 0x2190, 0x219B, 0x3DA },
    { 0x21A8, 0x21A8, 0x3E6 },
    { 0x21AE, 0x21AE, 0x3E7 },
    { 0x21B6, 0x21B7, 0x3E8 },
    { 0x21BA, 0x21BB, 0x3EA },
    { 0x21D0, 0x21D5, 0x3EC },
    { 0x2202, 0x2206, 0x3F2 },
    { 0x220F, 0x220F, 0x3F7 },
    { 0x2211, 0x2213, 0x3F8 },
    { 0x2215, 0x2215, 0x3FB },
    { 0x2219, 0x221A, 0x3FC },
    { 0x221E, 0x221E, 0x3FE },
    { 0x2221, 0x2221, 0x3FF },
    { 0x2225, 0x2228, 0x400 },
    { 0x222B, 0x222B, 0x404 },
    { 0x2234, 0x2235, 0x405 },
    { 0x223C, 0x223C, 0x407 },
    { 0x2248, 0x2248, 0x408 },
    { 0x225F, 0x2262, 0x409 },
    { 0x2264, 0x2265, 0x40D },
    { 0x226E, 0x226F, 0x40F },
    { 0x2282, 0x2287, 0x411 },
    { 0x22BB, 0x22BD, 0x417 },
    { 0xFB00, 0xFB04, 0x41A },
    { 0xFFFD, 0xFFFD, 0x41F },
};

static const EpdFontGroup chareink_18_bolditalicGroups[] = {
    { 0, 5613, 12133, 95, 0 },
    { 5613, 5093, 14337, 96, 95 },
    { 10706, 7723, 22571, 127, 191 },
    { 18429, 7279, 20467, 96, 318 },
    { 25708, 1804, 3088, 106, 414 },
    { 27512, 13286, 39275, 220, 520 },
    { 40798, 4705, 19540, 90, 740 },
    { 45503, 1820, 3502, 81, 830 },
    { 47323, 1208, 1900, 42, 911 },
    { 48531, 2865, 5303, 33, 953 },
    { 51396, 1243, 3341, 24, 986 },
    { 52639, 1938, 4770, 40, 1010 },
    { 54577, 662, 1629, 5, 1050 },
    { 55239, 179, 324, 1, 1055 },
};

static const EpdKernClassEntry chareink_18_bolditalicKernLeftClasses[] = {
    { 0x0022, 1 }, // "
    { 0x0027, 1 }, // '
    { 0x0028, 2 }, // (
    { 0x002C, 3 }, // ,
    { 0x002E, 3 }, // .
    { 0x0041, 4 }, // A
    { 0x0044, 5 }, // D
    { 0x0046, 6 }, // F
    { 0x004B, 7 }, // K
    { 0x004C, 8 }, // L
    { 0x004F, 5 }, // O
    { 0x0050, 6 }, // P
    { 0x0051, 5 }, // Q
    { 0x0052, 9 }, // R
    { 0x0054, 10 }, // T
    { 0x0055, 11 }, // U
    { 0x0056, 12 }, // V
    { 0x0057, 13 }, // W
    { 0x0058, 7 }, // X
    { 0x0059, 12 }, // Y
    { 0x005B, 2 }, // [
    { 0x0061, 14 }, // a
    { 0x0062, 15 }, // b
    { 0x0063, 16 }, // c
    { 0x0065, 16 }, // e
    { 0x0066, 17 }, // f
    { 0x0067, 18 }, // g
    { 0x0068, 14 }, // h
    { 0x006B, 19 }, // k
    { 0x006D, 14 }, // m
    { 0x006E, 14 }, // n
    { 0x006F, 15 }, // o
    { 0x0070, 15 }, // p
    { 0x0071, 18 }, // q
    { 0x0072, 20 }, // r
    { 0x0073, 16 }, // s
    { 0x0074, 16 }, // t
    { 0x0075, 14 }, // u
    { 0x0076, 21 }, // v
    { 0x0077, 21 }, // w
    { 0x0078, 19 }, // x
    { 0x0079, 21 }, // y
    { 0x007A, 16 }, // z
    { 0x007B, 2 }, // {
    { 0x00C0, 4 }, // U+00C0
    { 0x00C1, 4 }, // U+00C1
    { 0x00C2, 4 }, // U+00C2
    { 0x00C3, 4 }, // U+00C3
    { 0x00C4, 4 }, // U+00C4
    { 0x00C5, 4 }, // U+00C5
    { 0x00D0, 5 }, // U+00D0
    { 0x00D2, 5 }, // U+00D2
    { 0x00D3, 5 }, // U+00D3
    { 0x00D4, 5 }, // U+00D4
    { 0x00D5, 5 }, // U+00D5
    { 0x00D6, 5 }, // U+00D6
    { 0x00D9, 11 }, // U+00D9
    { 0x00DA, 11 }, // U+00DA
    { 0x00DB, 11 }, // U+00DB
    { 0x00DC, 11 }, // U+00DC
    { 0x00DD, 12 }, // U+00DD
    { 0x00DE, 5 }, // U+00DE
    { 0x00E0, 14 }, // U+00E0
    { 0x00E1, 14 }, // U+00E1
    { 0x00E2, 14 }, // U+00E2
    { 0x00E3, 14 }, // U+00E3
    { 0x00E4, 14 }, // U+00E4
    { 0x00E5, 14 }, // U+00E5
    { 0x00E6, 16 }, // U+00E6
    { 0x00E7, 16 }, // U+00E7
    { 0x00EE, 22 }, // U+00EE
    { 0x00EF, 22 }, // U+00EF
    { 0x00F1, 14 }, // U+00F1
    { 0x00F2, 15 }, // U+00F2
    { 0x00F3, 15 }, // U+00F3
    { 0x00F4, 15 }, // U+00F4
    { 0x00F5, 15 }, // U+00F5
    { 0x00F6, 15 }, // U+00F6
    { 0x00F8, 16 }, // U+00F8
    { 0x00F9, 14 }, // U+00F9
    { 0x00FA, 14 }, // U+00FA
    { 0x00FB, 14 }, // U+00FB
    { 0x00FC, 14 }, // U+00FC
    { 0x00FD, 21 }, // U+00FD
    { 0x00FE, 15 }, // U+00FE
    { 0x00FF, 21 }, // U+00FF
    { 0x0100, 4 }, // U+0100
    { 0x0101, 14 }, // U+0101
    { 0x0102, 4 }, // U+0102
    { 0x0103, 14 }, // U+0103
    { 0x0104, 4 }, // U+0104
    { 0x0105, 14 }, // U+0105
    { 0x0107, 16 }, // U+0107
    { 0x0109, 16 }, // U+0109
    { 0x010B, 16 }, // U+010B
    { 0x010D, 16 }, // U+010D
    { 0x010E, 5 }, // U+010E
    { 0x010F, 23 }, // U+010F
    { 0x0110, 5 }, // U+0110
    { 0x0119, 16 }, // U+0119
    { 0x011D, 18 }, // U+011D
    { 0x011F, 18 }, // U+011F
    { 0x0121, 18 }, // U+0121
    { 0x0123, 18 }, // U+0123
    { 0x0125, 14 }, // U+0125
    { 0x0127, 14 }, // U+0127
    { 0x0129, 22 }, // U+0129
    { 0x012B, 22 }, // U+012B
    { 0x012D, 22 }, // U+012D
    { 0x0136, 7 }, // U+0136
    { 0x0137, 19 }, // U+0137
    { 0x0138, 16 }, // U+0138
    { 0x0139, 8 }, // U+0139
    { 0x013B, 8 }, // U+013B
    { 0x013D, 24 }, // U+013D
    { 0x013E, 25 }, // U+013E
    { 0x0141, 8 }, // U+0141
    { 0x0144, 14 }, // U+0144
    { 0x0146, 18 }, // U+0146
    { 0x0148, 14 }, // U+0148
    { 0x014B, 18 }, // U+014B
    { 0x014C, 5 }, // U+014C
    { 0x014D, 15 }, // U+014D
    { 0x014E, 5 }, // U+014E
    { 0x014F, 15 }, // U+014F
    { 0x0150, 5 }, // U+0150
    { 0x0151, 15 }, // U+0151
    { 0x0153, 16 }, // U+0153
    { 0x0154, 9 }, // U+0154
    { 0x0155, 20 }, // U+0155
    { 0x0156, 9 }, // U+0156
    { 0x0157, 20 }, // U+0157
    { 0x0158, 9 }, // U+0158
    { 0x0159, 20 }, // U+0159
    { 0x015B, 16 }, // U+015B
    { 0x015D, 16 }, // U+015D
    { 0x015F, 18 }, // U+015F
    { 0x0161, 16 }, // U+0161
    { 0x0162, 10 }, // U+0162
    { 0x0163, 18 }, // U+0163
    { 0x0164, 10 }, // U+0164
    { 0x0165, 26 }, // U+0165
    { 0x0166, 10 }, // U+0166
    { 0x0167, 16 }, // U+0167
    { 0x0168, 11 }, // U+0168
    { 0x0169, 14 }, // U+0169
    { 0x016A, 11 }, // U+016A
    { 0x016B, 14 }, // U+016B
    { 0x016C, 11 }, // U+016C
    { 0x016D, 14 }, // U+016D
    { 0x016E, 11 }, // U+016E
    { 0x016F, 14 }, // U+016F
    { 0x0170, 11 }, // U+0170
    { 0x0171, 14 }, // U+0171
    { 0x0172, 11 }, // U+0172
    { 0x0173, 18 }, // U+0173
    { 0x0174, 13 }, // U+0174
    { 0x0175, 21 }, // U+0175
    { 0x0176, 12 }, // U+0176
    { 0x0177, 21 }, // U+0177
    { 0x0178, 12 }, // U+0178
    { 0x017A, 16 }, // U+017A
    { 0x017C, 16 }, // U+017C
    { 0x017E, 16 }, // U+017E
    { 0x017F, 17 }, // U+017F
    { 0x01A0, 5 }, // U+01A0
    { 0x01A1, 27 }, // U+01A1
    { 0x01AF, 10 }, // U+01AF
    { 0x01B0, 27 }, // U+01B0
    { 0x01C5, 16 }, // U+01C5
    { 0x01C6, 16 }, // U+01C6
    { 0x01C9, 18 }, // U+01C9
    { 0x01CD, 4 }, // U+01CD
    { 0x01CE, 14 }, // U+01CE
    { 0x01D0, 22 }, // U+01D0
    { 0x01D1, 5 }, // U+01D1
    { 0x01D2, 15 }, // U+01D2
    { 0x01D3, 11 }, // U+01D3
    { 0x01D4, 14 }, // U+01D4
    { 0x01D5, 11 }, // U+01D5
    { 0x01D6, 14 }, // U+01D6
    { 0x01D7, 11 }, // U+01D7
    { 0x01D8, 14 }, // U+01D8
    { 0x01D9, 11 }, // U+01D9
    { 0x01DA, 14 }, // U+01DA
    { 0x01DB, 11 }, // U+01DB
    { 0x01DC, 14 }, // U+01DC
    { 0x01DD, 15 }, // U+01DD
    { 0x01DE, 4 }, // U+01DE
    { 0x01DF, 14 }, // U+01DF
    { 0x01E0, 4 }, // U+01E0
    { 0x01E1, 14 }, // U+01E1
    { 0x01E5, 18 }, // U+01E5
    { 0x01E7, 18 }, // U+01E7
    { 0x01E8, 7 }, // U+01E8
    { 0x01E9, 19 }, // U+01E9
    { 0x01EA, 5 }, // U+01EA
    { 0x01EB, 15 }, // U+01EB
    { 0x01EC, 5 }, // U+01EC
    { 0x01ED, 15 }, // U+01ED
    { 0x01EF, 18 }, // U+01EF
    { 0x01F2, 16 }, // U+01F2
    { 0x01F3, 16 }, // U+01F3
    { 0x01F5, 18 }, // U+01F5
    { 0x01F6, 5 }, // U+01F6
    { 0x01F7, 6 }, // U+01F7
    { 0x01F9, 14 }, // U+01F9
    { 0x01FA, 4 }, // U+01FA
    { 0x01FB, 14 }, // U+01FB
    { 0x0200, 4 }, // U+0200
    { 0x0201, 14 }, // U+0201
    { 0x0202, 4 }, // U+0202
    { 0x0203, 14 }, // U+0203
    { 0x020B, 22 }, // U+020B
    { 0x020C, 5 }, // U+020C
    { 0x020D, 15 }, // U+020D
    { 0x020E, 5 }, // U+020E
    { 0x020F, 15 }, // U+020F
    { 0x0210, 9 }, // U+0210
    { 0x0211, 20 }, // U+0211
    { 0x0212, 9 }, // U+0212
    { 0x0213, 20 }, // U+0213
    { 0x0214, 11 }, // U+0214
    { 0x0215, 14 }, // U+0215
    { 0x0216, 11 }, // U+0216
    { 0x0217, 14 }, // U+0217
    { 0x0219, 18 }, // U+0219
    { 0x021A, 10 }, // U+021A
    { 0x021B, 18 }, // U+021B
    { 0x021D, 18 }, // U+021D
    { 0x021F, 14 }, // U+021F
    { 0x0403, 10 }, // U+0403
    { 0x0409, 9 }, // U+0409
    { 0x040E, 12 }, // U+040E
    { 0x0410, 4 }, // U+0410
    { 0x0413, 10 }, // U+0413
    { 0x041E, 5 }, // U+041E
    { 0x0420, 6 }, // U+0420
    { 0x0422, 10 }, // U+0422
    { 0x0423, 12 }, // U+0423
    { 0x0424, 5 }, // U+0424
    { 0x0425, 7 }, // U+0425
    { 0x042A, 9 }, // U+042A
    { 0x042C, 9 }, // U+042C
    { 0x042D, 5 }, // U+042D
    { 0x042E, 5 }, // U+042E
    { 0x0430, 14 }, // U+0430
    { 0x0433, 16 }, // U+0433
    { 0x0434, 16 }, // U+0434
    { 0x0435, 16 }, // U+0435
    { 0x0436, 16 }, // U+0436
    { 0x0437, 14 }, // U+0437
    { 0x0438, 16 }, // U+0438
    { 0x0439, 16 }, // U+0439
    { 0x043A, 16 }, // U+043A
    { 0x043B, 16 }, // U+043B
    { 0x043C, 16 }, // U+043C
    { 0x043D, 16 }, // U+043D
    { 0x043E, 15 }, // U+043E
    { 0x043F, 16 }, // U+043F
    { 0x0440, 15 }, // U+0440
    { 0x0441, 16 }, // U+0441
    { 0x0442, 16 }, // U+0442
    { 0x0443, 21 }, // U+0443
    { 0x0444, 15 }, // U+0444
    { 0x0445, 19 }, // U+0445
    { 0x0446, 16 }, // U+0446
    { 0x0447, 16 }, // U+0447
    { 0x0448, 16 }, // U+0448
    { 0x0449, 16 }, // U+0449
    { 0x044A, 28 }, // U+044A
    { 0x044C, 28 }, // U+044C
    { 0x044D, 15 }, // U+044D
    { 0x044E, 15 }, // U+044E
    { 0x0452, 14 }, // U+0452
    { 0x0453, 16 }, // U+0453
    { 0x0454, 16 }, // U+0454
    { 0x0455, 16 }, // U+0455
    { 0x0457, 17 }, // U+0457
    { 0x0459, 28 }, // U+0459
    { 0x045A, 28 }, // U+045A
    { 0x045B, 14 }, // U+045B
    { 0x045C, 16 }, // U+045C
    { 0x045D, 16 }, // U+045D
    { 0x045E, 21 }, // U+045E
    { 0x045F, 16 }, // U+045F
    { 0x0472, 5 }, // U+0472
    { 0x0473, 15 }, // U+0473
    { 0x0475, 16 }, // U+0475
    { 0x048B, 16 }, // U+048B
    { 0x048C, 9 }, // U+048C
    { 0x048D, 28 }, // U+048D
    { 0x048E, 6 }, // U+048E
    { 0x0490, 10 }, // U+0490
    { 0x0491, 16 }, // U+0491
    { 0x0492, 10 }, // U+0492
    { 0x0493, 16 }, // U+0493
    { 0x0495, 16 }, // U+0495
    { 0x0497, 16 }, // U+0497
    { 0x0499, 14 }, // U+0499
    { 0x049B, 16 }, // U+049B
    { 0x049D, 16 }, // U+049D
    { 0x049F, 16 }, // U+049F
    { 0x04A1, 16 }, // U+04A1
    { 0x04A3, 16 }, // U+04A3
    { 0x04A5, 16 }, // U+04A5
    { 0x04A7, 28 }, // U+04A7
    { 0x04AB, 16 }, // U+04AB
    { 0x04AC, 10 }, // U+04AC
    { 0x04AD, 16 }, // U+04AD
    { 0x04AE, 12 }, // U+04AE
    { 0x04AF, 21 }, // U+04AF
    { 0x04B0, 12 }, // U+04B0
    { 0x04B1, 21 }, // U+04B1
    { 0x04B2, 7 }, // U+04B2
    { 0x04B3, 19 }, // U+04B3
    { 0x04B5, 16 }, // U+04B5
    { 0x04B7, 16 }, // U+04B7
    { 0x04B9, 16 }, // U+04B9
    { 0x04BB, 14 }, // U+04BB
    { 0x04BC, 5 }, // U+04BC
    { 0x04BD, 16 }, // U+04BD
    { 0x04BE, 5 }, // U+04BE
    { 0x04BF, 16 }, // U+04BF
    { 0x04C2, 16 }, // U+04C2
    { 0x04C4, 16 }, // U+04C4
    { 0x04C6, 16 }, // U+04C6
    { 0x04C8, 16 }, // U+04C8
    { 0x04CA, 16 }, // U+04CA
    { 0x04CC, 16 }, // U+04CC
    { 0x04CE, 16 }, // U+04CE
    { 0x04D0, 4 }, // U+04D0
    { 0x04D1, 14 }, // U+04D1
    { 0x04D2, 4 }, // U+04D2
    { 0x04D3, 14 }, // U+04D3
    { 0x04D5, 16 }, // U+04D5
    { 0x04D8, 5 }, // U+04D8
    { 0x04D9, 15 }, // U+04D9
    { 0x04DA, 5 }, // U+04DA
    { 0x04DB, 15 }, // U+04DB
    { 0x04DD, 16 }, // U+04DD
    { 0x04E1, 18 }, // U+04E1
    { 0x04E3, 16 }, // U+04E3
    { 0x04E5, 16 }, // U+04E5
    { 0x04E6, 5 }, // U+04E6
    { 0x04E7, 15 }, // U+04E7
    { 0x04E8, 5 }, // U+04E8
    { 0x04E9, 15 }, // U+04E9
    { 0x04EA, 5 }, // U+04EA
    { 0x04EB, 15 }, // U+04EB
    { 0x04EC, 5 }, // U+04EC
    { 0x04ED, 15 }, // U+04ED
    { 0x04EE, 12 }, // U+04EE
    { 0x04EF, 21 }, // U+04EF
    { 0x04F0, 12 }, // U+04F0
    { 0x04F1, 21 }, // U+04F1
    { 0x04F2, 12 }, // U+04F2
    { 0x04F3, 21 }, // U+04F3
    { 0x04F5, 16 }, // U+04F5
    { 0x04F6, 10 }, // U+04F6
    { 0x04F7, 16 }, // U+04F7
    { 0x04FA, 10 }, // U+04FA
    { 0x04FB, 16 }, // U+04FB
    { 0x04FC, 7 }, // U+04FC
    { 0x04FD, 19 }, // U+04FD
    { 0x04FE, 7 }, // U+04FE
    { 0x04FF, 19 }, // U+04FF
    { 0x1EA0, 4 }, // U+1EA0
    { 0x1EA1, 14 }, // U+1EA1
    { 0x1EA2, 4 }, // U+1EA2
    { 0x1EA3, 14 }, // U+1EA3
    { 0x1EA4, 4 }, // U+1EA4
    { 0x1EA5, 14 }, // U+1EA5
    { 0x1EA6, 4 }, // U+1EA6
    { 0x1EA7, 14 }, // U+1EA7
    { 0x1EA8, 4 }, // U+1EA8
    { 0x1EA9, 14 }, // U+1EA9
    { 0x1EAA, 4 }, // U+1EAA
    { 0x1EAB, 14 }, // U+1EAB
    { 0x1EAC, 4 }, // U+1EAC
    { 0x1EAD, 14 }, // U+1EAD
    { 0x1EAE, 4 }, // U+1EAE
    { 0x1EAF, 14 }, // U+1EAF
    { 0x1EB0, 4 }, // U+1EB0
    { 0x1EB1, 14 }, // U+1EB1
    { 0x1EB2, 4 }, // U+1EB2
    { 0x1EB3, 14 }, // U+1EB3
    { 0x1EB4, 4 }, // U+1EB4
    { 0x1EB5, 14 }, // U+1EB5
    { 0x1EB6, 4 }, // U+1EB6
    { 0x1EB7, 14 }, // U+1EB7
    { 0x1EB9, 16 }, // U+1EB9
    { 0x1ECC, 5 }, // U+1ECC
    { 0x1ECD, 15 }, // U+1ECD
    { 0x1ECE, 5 }, // U+1ECE
    { 0x1ECF, 15 }, // U+1ECF
    { 0x1ED0, 5 }, // U+1ED0
    { 0x1ED1, 15 }, // U+1ED1
    { 0x1ED2, 5 }, // U+1ED2
    { 0x1ED3, 15 }, // U+1ED3
    { 0x1ED4, 5 }, // U+1ED4
    { 0x1ED5, 15 }, // U+1ED5
    { 0x1ED6, 5 }, // U+1ED6
    { 0x1ED7, 15 }, // U+1ED7
    { 0x1ED8, 5 }, // U+1ED8
    { 0x1ED9, 15 }, // U+1ED9
    { 0x1EE4, 11 }, // U+1EE4
    { 0x1EE5, 18 }, // U+1EE5
    { 0x1EE6, 11 }, // U+1EE6
    { 0x1EE7, 14 }, // U+1EE7
    { 0x1EF2, 12 }, // U+1EF2
    { 0x1EF3, 21 }, // U+1EF3
    { 0x1EF4, 12 }, // U+1EF4
    { 0x1EF5, 18 }, // U+1EF5
    { 0x1EF6, 12 }, // U+1EF6
    { 0x1EF7, 21 }, // U+1EF7
    { 0x1EF8, 12 }, // U+1EF8
    { 0x1EF9, 21 }, // U+1EF9
    { 0x2018, 1 }, // U+2018
    { 0x2019, 1 }, // U+2019
    { 0x201A, 3 }, // U+201A
    { 0x201C, 1 }, // U+201C
    { 0x201D, 1 }, // U+201D
    { 0x201E, 3 }, // U+201E
    { 0x2026, 3 }, // U+2026
    { 0xFB00, 17 }, // U+FB00
};

static const EpdKernClassEntry chareink_18_bolditalicKernRightClasses[] = {
    { 0x0022, 1 }, // "
    { 0x0027, 1 }, // '
    { 0x0029, 2 }, // )
    { 0x002C, 3 }, // ,
    { 0x002E, 3 }, // .
    { 0x003A, 4 }, // :
    { 0x003B, 4 }, // ;
    { 0x0041, 5 }, // A
    { 0x0043, 6 }, // C
    { 0x0047, 6 }, // G
    { 0x004F, 6 }, // O
    { 0x0051, 6 }, // Q
    { 0x0054, 7 }, // T
    { 0x0055, 8 }, // U
    { 0x0056, 9 }, // V
    { 0x0057, 10 }, // W
    { 0x0058, 11 }, // X
    { 0x0059, 9 }, // Y
    { 0x005D, 2 }, // ]
    { 0x0061, 12 }, // a
    { 0x0062, 13 }, // b
    { 0x0063, 14 }, // c
    { 0x0064, 14 }, // d
    { 0x0065, 14 }, // e
    { 0x0066, 4 }, // f
    { 0x0067, 15 }, // g
    { 0x0068, 13 }, // h
    { 0x006A, 16 }, // j
    { 0x006B, 13 }, // k
    { 0x006C, 13 }, // l
    { 0x006D, 17 }, // m
    { 0x006E, 17 }, // n
    { 0x006F, 14 }, // o
    { 0x0070, 4 }, // p
    { 0x0071, 14 }, // q
    { 0x0072, 17 }, // r
    { 0x0073, 12 }, // s
    { 0x0074, 4 }, // t
    { 0x0075, 17 }, // u
    { 0x0076, 18 }, // v
    { 0x0077, 18 }, // w
    { 0x0078, 19 }, // x
    { 0x0079, 18 }, // y
    { 0x007A, 17 }, // z
    { 0x007D, 2 }, // }
    { 0x00C0, 5 }, // U+00C0
    { 0x00C1, 5 }, // U+00C1
    { 0x00C2, 5 }, // U+00C2
    { 0x00C3, 5 }, // U+00C3
    { 0x00C4, 5 }, // U+00C4
    { 0x00C5, 5 }, // U+00C5
    { 0x00C6, 5 }, // U+00C6
    { 0x00C7, 6 }, // U+00C7
    { 0x00D2, 6 }, // U+00D2
    { 0x00D3, 6 }, // U+00D3
    { 0x00D4, 6 }, // U+00D4
    { 0x00D5, 6 }, // U+00D5
    { 0x00D6, 6 }, // U+00D6
    { 0x00D9, 8 }, // U+00D9
    { 0x00DA, 8 }, // U+00DA
    { 0x00DB, 8 }, // U+00DB
    { 0x00DC, 8 }, // U+00DC
    { 0x00DD, 9 }, // U+00DD
    { 0x00E0, 20 }, // U+00E0
    { 0x00E1, 20 }, // U+00E1
    { 0x00E2, 20 }, // U+00E2
    { 0x00E3, 20 }, // U+00E3
    { 0x00E4, 20 }, // U+00E4
    { 0x00E5, 20 }, // U+00E5
    { 0x00E6, 12 }, // U+00E6
    { 0x00E7, 14 }, // U+00E7
    { 0x00E8, 21 }, // U+00E8
    { 0x00E9, 21 }, // U+00E9
    { 0x00EA, 21 }, // U+00EA
    { 0x00EB, 21 }, // U+00EB
    { 0x00EE, 22 }, // U+00EE
    { 0x00EF, 22 }, // U+00EF
    { 0x00F0, 14 }, // U+00F0
    { 0x00F1, 17 }, // U+00F1
    { 0x00F2, 21 }, // U+00F2
    { 0x00F3, 21 }, // U+00F3
    { 0x00F4, 21 }, // U+00F4
    { 0x00F5, 21 }, // U+00F5
    { 0x00F6, 21 }, // U+00F6
    { 0x00F8, 17 }, // U+00F8
    { 0x00F9, 17 }, // U+00F9
    { 0x00FA, 17 }, // U+00FA
    { 0x00FB, 17 }, // U+00FB
    { 0x00FC, 17 }, // U+00FC
    { 0x00FD, 18 }, // U+00FD
    { 0x00FE, 13 }, // U+00FE
    { 0x00FF, 18 }, // U+00FF
    { 0x0100, 5 }, // U+0100
    { 0x0101, 20 }, // U+0101
    { 0x0102, 5 }, // U+0102
    { 0x0103, 20 }, // U+0103
    { 0x0104, 5 }, // U+0104
    { 0x0105, 15 }, // U+0105
    { 0x0106, 6 }, // U+0106
    { 0x0107, 21 }, // U+0107
    { 0x0108, 6 }, // U+0108
    { 0x0109, 21 }, // U+0109
    { 0x010A, 6 }, // U+010A
    { 0x010B, 21 }, // U+010B
    { 0x010C, 6 }, // U+010C
    { 0x010D, 21 }, // U+010D
    { 0x010F, 14 }, // U+010F
    { 0x0111, 14 }, // U+0111
    { 0x0113, 21 }, // U+0113
    { 0x0115, 21 }, // U+0115
    { 0x0117, 21 }, // U+0117
    { 0x0119, 23 }, // U+0119
    { 0x011B, 21 }, // U+011B
    { 0x011C, 6 }, // U+011C
    { 0x011D, 20 }, // U+011D
    { 0x011E, 6 }, // U+011E
    { 0x011F, 20 }, // U+011F
    { 0x0120, 6 }, // U+0120
    { 0x0121, 20 }, // U+0121
    { 0x0122, 6 }, // U+0122
    { 0x0123, 20 }, // U+0123
    { 0x0125, 13 }, // U+0125
    { 0x0127, 13 }, // U+0127
    { 0x0129, 22 }, // U+0129
    { 0x012B, 22 }, // U+012B
    { 0x012D, 22 }, // U+012D
    { 0x0135, 16 }, // U+0135
    { 0x0137, 13 }, // U+0137
    { 0x0138, 17 }, // U+0138
    { 0x013A, 13 }, // U+013A
    { 0x013C, 13 }, // U+013C
    { 0x013E, 13 }, // U+013E
    { 0x0140, 13 }, // U+0140
    { 0x0142, 13 }, // U+0142
    { 0x0144, 17 }, // U+0144
    { 0x0146, 17 }, // U+0146
    { 0x0148, 17 }, // U+0148
    { 0x014B, 4 }, // U+014B
    { 0x014C, 6 }, // U+014C
    { 0x014D, 21 }, // U+014D
    { 0x014E, 6 }, // U+014E
    { 0x014F, 21 }, // U+014F
    { 0x0150, 6 }, // U+0150
    { 0x0151, 21 }, // U+0151
    { 0x0152, 6 }, // U+0152
    { 0x0153, 14 }, // U+0153
    { 0x0155, 17 }, // U+0155
    { 0x0157, 4 }, // U+0157
    { 0x0159, 17 }, // U+0159
    { 0x015B, 20 }, // U+015B
    { 0x015D, 20 }, // U+015D
    { 0x015F, 15 }, // U+015F
    { 0x0161, 20 }, // U+0161
    { 0x0162, 7 }, // U+0162
    { 0x0163, 4 }, // U+0163
    { 0x0164, 7 }, // U+0164
    { 0x0165, 4 }, // U+0165
    { 0x0166, 7 }, // U+0166
    { 0x0168, 8 }, // U+0168
    { 0x0169, 17 }, // U+0169
    { 0x016A, 8 }, // U+016A
    { 0x016B, 17 }, // U+016B
    { 0x016C, 8 }, // U+016C
    { 0x016D, 17 }, // U+016D
    { 0x016E, 8 }, // U+016E
    { 0x016F, 17 }, // U+016F
    { 0x0170, 8 }, // U+0170
    { 0x0171, 17 }, // U+0171
    { 0x0172, 8 }, // U+0172
    { 0x0173, 17 }, // U+0173
    { 0x0174, 10 }, // U+0174
    { 0x0175, 18 }, // U+0175
    { 0x0176, 9 }, // U+0176
    { 0x0177, 18 }, // U+0177
    { 0x0178, 9 }, // U+0178
    { 0x017A, 17 }, // U+017A
    { 0x017C, 17 }, // U+017C
    { 0x017E, 17 }, // U+017E
    { 0x017F, 13 }, // U+017F
    { 0x01A0, 6 }, // U+01A0
    { 0x01A1, 14 }, // U+01A1
    { 0x01AF, 8 }, // U+01AF
    { 0x01B0, 17 }, // U+01B0
    { 0x01C6, 14 }, // U+01C6
    { 0x01C9, 13 }, // U+01C9
    { 0x01CC, 17 }, // U+01CC
    { 0x01CD, 5 }, // U+01CD
    { 0x01CE, 20 }, // U+01CE
    { 0x01D0, 22 }, // U+01D0
    { 0x01D1, 6 }, // U+01D1
    { 0x01D2, 21 }, // U+01D2
    { 0x01D3, 8 }, // U+01D3
    { 0x01D4, 17 }, // U+01D4
    { 0x01D5, 8 }, // U+01D5
    { 0x01D6, 17 }, // U+01D6
    { 0x01D7, 8 }, // U+01D7
    { 0x01D8, 17 }, // U+01D8
    { 0x01D9, 8 }, // U+01D9
    { 0x01DA, 17 }, // U+01DA
    { 0x01DB, 8 }, // U+01DB
    { 0x01DC, 17 }, // U+01DC
    { 0x01DD, 14 }, // U+01DD
    { 0x01DE, 5 }, // U+01DE
    { 0x01DF, 20 }, // U+01DF
    { 0x01E0, 5 }, // U+01E0
    { 0x01E1, 20 }, // U+01E1
    { 0x01E2, 5 }, // U+01E2
    { 0x01E3, 20 }, // U+01E3
    { 0x01E4, 6 }, // U+01E4
    { 0x01E5, 15 }, // U+01E5
    { 0x01E6, 6 }, // U+01E6
    { 0x01E7, 20 }, // U+01E7
    { 0x01E9, 13 }, // U+01E9
    { 0x01EA, 6 }, // U+01EA
    { 0x01EB, 23 }, // U+01EB
    { 0x01EC, 6 }, // U+01EC
    { 0x01ED, 21 }, // U+01ED
    { 0x01EF, 4 }, // U+01EF
    { 0x01F0, 16 }, // U+01F0
    { 0x01F3, 14 }, // U+01F3
    { 0x01F4, 6 }, // U+01F4
    { 0x01F5, 20 }, // U+01F5
    { 0x01F9, 17 }, // U+01F9
    { 0x01FA, 5 }, // U+01FA
    { 0x01FB, 20 }, // U+01FB
    { 0x01FC, 5 }, // U+01FC
    { 0x01FD, 20 }, // U+01FD
    { 0x0200, 5 }, // U+0200
    { 0x0201, 20 }, // U+0201
    { 0x0202, 5 }, // U+0202
    { 0x0203, 20 }, // U+0203
    { 0x0205, 21 }, // U+0205
    { 0x0207, 21 }, // U+0207
    { 0x020B, 22 }, // U+020B
    { 0x020C, 6 }, // U+020C
    { 0x020D, 21 }, // U+020D
    { 0x020E, 6 }, // U+020E
    { 0x020F, 21 }, // U+020F
    { 0x0211, 17 }, // U+0211
    { 0x0213, 17 }, // U+0213
    { 0x0214, 8 }, // U+0214
    { 0x0215, 17 }, // U+0215
    { 0x0216, 8 }, // U+0216
    { 0x0217, 17 }, // U+0217
    { 0x0219, 15 }, // U+0219
    { 0x021A, 7 }, // U+021A
    { 0x021B, 4 }, // U+021B
    { 0x021D, 4 }, // U+021D
    { 0x021F, 13 }, // U+021F
    { 0x0402, 7 }, // U+0402
    { 0x0404, 6 }, // U+0404
    { 0x040B, 7 }, // U+040B
    { 0x0410, 5 }, // U+0410
    { 0x0414, 5 }, // U+0414
    { 0x041B, 5 }, // U+041B
    { 0x041E, 6 }, // U+041E
    { 0x0421, 6 }, // U+0421
    { 0x0422, 7 }, // U+0422
    { 0x0424, 6 }, // U+0424
    { 0x0425, 11 }, // U+0425
    { 0x0430, 12 }, // U+0430
    { 0x0431, 13 }, // U+0431
    { 0x0432, 17 }, // U+0432
    { 0x0433, 17 }, // U+0433
    { 0x0434, 24 }, // U+0434
    { 0x0435, 14 }, // U+0435
    { 0x0436, 17 }, // U+0436
    { 0x0437, 17 }, // U+0437
    { 0x0438, 17 }, // U+0438
    { 0x0439, 17 }, // U+0439
    { 0x043A, 17 }, // U+043A
    { 0x043B, 24 }, // U+043B
    { 0x043C, 17 }, // U+043C
    { 0x043D, 17 }, // U+043D
    { 0x043E, 14 }, // U+043E
    { 0x043F, 17 }, // U+043F
    { 0x0440, 4 }, // U+0440
    { 0x0441, 14 }, // U+0441
    { 0x0442, 17 }, // U+0442
    { 0x0443, 18 }, // U+0443
    { 0x0444, 14 }, // U+0444
    { 0x0445, 19 }, // U+0445
    { 0x0446, 17 }, // U+0446
    { 0x0447, 17 }, // U+0447
    { 0x0448, 17 }, // U+0448
    { 0x0449, 17 }, // U+0449
    { 0x044B, 17 }, // U+044B
    { 0x044C, 17 }, // U+044C
    { 0x044D, 17 }, // U+044D
    { 0x044E, 17 }, // U+044E
    { 0x044F, 17 }, // U+044F
    { 0x0450, 21 }, // U+0450
    { 0x0451, 21 }, // U+0451
    { 0x0452, 13 }, // U+0452
    { 0x0453, 17 }, // U+0453
    { 0x0454, 14 }, // U+0454
    { 0x0455, 12 }, // U+0455
    { 0x0457, 13 }, // U+0457
    { 0x0458, 16 }, // U+0458
    { 0x0459, 24 }, // U+0459
    { 0x045A, 17 }, // U+045A
    { 0x045B, 13 }, // U+045B
    { 0x045C, 17 }, // U+045C
    { 0x045D, 17 }, // U+045D
    { 0x045E, 18 }, // U+045E
    { 0x045F, 17 }, // U+045F
    { 0x0472, 6 }, // U+0472
    { 0x0473, 14 }, // U+0473
    { 0x0474, 9 }, // U+0474
    { 0x0475, 18 }, // U+0475
    { 0x048B, 17 }, // U+048B
    { 0x048D, 17 }, // U+048D
    { 0x048F, 17 }, // U+048F
    { 0x0491, 17 }, // U+0491
    { 0x0493, 17 }, // U+0493
    { 0x0495, 17 }, // U+0495
    { 0x0497, 17 }, // U+0497
    { 0x0499, 17 }, // U+0499
    { 0x049B, 17 }, // U+049B
    { 0x049D, 17 }, // U+049D
    { 0x049F, 13 }, // U+049F
    { 0x04A1, 17 }, // U+04A1
    { 0x04A3, 17 }, // U+04A3
    { 0x04A5, 17 }, // U+04A5
    { 0x04A7, 17 }, // U+04A7
    { 0x04A8, 6 }, // U+04A8
    { 0x04A9, 14 }, // U+04A9
    { 0x04AA, 6 }, // U+04AA
    { 0x04AB, 14 }, // U+04AB
    { 0x04AC, 7 }, // U+04AC
    { 0x04AD, 17 }, // U+04AD
    { 0x04AE, 9 }, // U+04AE
    { 0x04AF, 18 }, // U+04AF
    { 0x04B0, 9 }, // U+04B0
    { 0x04B1, 18 }, // U+04B1
    { 0x04B2, 11 }, // U+04B2
    { 0x04B3, 19 }, // U+04B3
    { 0x04B4, 7 }, // U+04B4
    { 0x04B5, 17 }, // U+04B5
    { 0x04B7, 17 }, // U+04B7
    { 0x04B9, 17 }, // U+04B9
    { 0x04BB, 13 }, // U+04BB
    { 0x04C2, 17 }, // U+04C2
    { 0x04C4, 17 }, // U+04C4
    { 0x04C6, 24 }, // U+04C6
    { 0x04C8, 17 }, // U+04C8
    { 0x04CA, 17 }, // U+04CA
    { 0x04CC, 17 }, // U+04CC
    { 0x04CE, 17 }, // U+04CE
    { 0x04D0, 5 }, // U+04D0
    { 0x04D1, 20 }, // U+04D1
    { 0x04D2, 5 }, // U+04D2
    { 0x04D3, 20 }, // U+04D3
    { 0x04D4, 5 }, // U+04D4
    { 0x04D5, 12 }, // U+04D5
    { 0x04D7, 21 }, // U+04D7
    { 0x04D8, 6 }, // U+04D8
    { 0x04D9, 14 }, // U+04D9
    { 0x04DA, 6 }, // U+04DA
    { 0x04DB, 21 }, // U+04DB
    { 0x04DD, 17 }, // U+04DD
    { 0x04E1, 4 }, // U+04E1
    { 0x04E3, 17 }, // U+04E3
    { 0x04E5, 17 }, // U+04E5
    { 0x04E6, 6 }, // U+04E6
    { 0x04E7, 21 }, // U+04E7
    { 0x04E8, 6 }, // U+04E8
    { 0x04E9, 14 }, // U+04E9
    { 0x04EA, 6 }, // U+04EA
    { 0x04EB, 21 }, // U+04EB
    { 0x04ED, 17 }, // U+04ED
    { 0x04EF, 18 }, // U+04EF
    { 0x04F1, 18 }, // U+04F1
    { 0x04F3, 18 }, // U+04F3
    { 0x04F5, 17 }, // U+04F5
    { 0x04F7, 17 }, // U+04F7
    { 0x04F9, 17 }, // U+04F9
    { 0x04FB, 17 }, // U+04FB
    { 0x04FC, 11 }, // U+04FC
    { 0x04FD, 19 }, // U+04FD
    { 0x04FE, 11 }, // U+04FE
    { 0x04FF, 19 }, // U+04FF
    { 0x1EA0, 5 }, // U+1EA0
    { 0x1EA1, 15 }, // U+1EA1
    { 0x1EA2, 5 }, // U+1EA2
    { 0x1EA3, 20 }, // U+1EA3
    { 0x1EA4, 5 }, // U+1EA4
    { 0x1EA5, 20 }, // U+1EA5
    { 0x1EA6, 5 }, // U+1EA6
    { 0x1EA7, 20 }, // U+1EA7
    { 0x1EA8, 5 }, // U+1EA8
    { 0x1EA9, 20 }, // U+1EA9
    { 0x1EAA, 5 }, // U+1EAA
    { 0x1EAB, 20 }, // U+1EAB
    { 0x1EAC, 5 }, // U+1EAC
    { 0x1EAD, 20 }, // U+1EAD
    { 0x1EAE, 5 }, // U+1EAE
    { 0x1EAF, 20 }, // U+1EAF
    { 0x1EB0, 5 }, // U+1EB0
    { 0x1EB1, 20 }, // U+1EB1
    { 0x1EB2, 5 }, // U+1EB2
    { 0x1EB3, 20 }, // U+1EB3
    { 0x1EB4, 5 }, // U+1EB4
    { 0x1EB5, 20 }, // U+1EB5
    { 0x1EB6, 5 }, // U+1EB6
    { 0x1EB7, 20 }, // U+1EB7
    { 0x1EB9, 23 }, // U+1EB9
    { 0x1EBB, 21 }, // U+1EBB
    { 0x1EBD, 21 }, // U+1EBD
    { 0x1EBF, 21 }, // U+1EBF
    { 0x1EC1, 21 }, // U+1EC1
    { 0x1EC3, 21 }, // U+1EC3
    { 0x1EC5, 21 }, // U+1EC5
    { 0x1EC7, 21 }, // U+1EC7
    { 0x1ECC, 6 }, // U+1ECC
    { 0x1ECD, 14 }, // U+1ECD
    { 0x1ECE, 6 }, // U+1ECE
    { 0x1ECF, 21 }, // U+1ECF
    { 0x1ED0, 6 }, // U+1ED0
    { 0x1ED1, 21 }, // U+1ED1
    { 0x1ED2, 6 }, // U+1ED2
    { 0x1ED3, 21 }, // U+1ED3
    { 0x1ED4, 6 }, // U+1ED4
    { 0x1ED5, 21 }, // U+1ED5
    { 0x1ED6, 6 }, // U+1ED6
    { 0x1ED7, 21 }, // U+1ED7
    { 0x1ED8, 6 }, // U+1ED8
    { 0x1ED9, 21 }, // U+1ED9
    { 0x1EE4, 8 }, // U+1EE4
    { 0x1EE5, 4 }, // U+1EE5
    { 0x1EE6, 8 }, // U+1EE6
    { 0x1EE7, 17 }, // U+1EE7
    { 0x1EF2, 9 }, // U+1EF2
    { 0x1EF3, 18 }, // U+1EF3
    { 0x1EF4, 9 }, // U+1EF4
    { 0x1EF5, 18 }, // U+1EF5
    { 0x1EF6, 9 }, // U+1EF6
    { 0x1EF7, 18 }, // U+1EF7
    { 0x1EF8, 9 }, // U+1EF8
    { 0x1EF9, 18 }, // U+1EF9
    { 0x2018, 1 }, // U+2018
    { 0x2019, 1 }, // U+2019
    { 0x201A, 3 }, // U+201A
    { 0x201C, 1 }, // U+201C
    { 0x201D, 1 }, // U+201D
    { 0x201E, 3 }, // U+201E
    { 0x2026, 3 }, // U+2026
    { 0xFB00, 4 }, // U+FB00
    { 0xFB03, 4 }, // U+FB03
    { 0xFB04, 4 }, // U+FB04
};

static const int8_t chareink_18_bolditalicKernMatrix[] = {
       0,    0,   -4,    0,   -5,    0,    0,    0,    0,    0,    0,   -2,    0,   -1,   -2,    0,    0,    0,   -1,   -2,   -1,    0,   -1,   -3,
       0,    0,    0,    0,    0,    0,    0,    0,    0,    0,    0,    0,    0,    0,    0,    2,    0,    0,    0,    0,    0,    0,    0,    0,
      -4,    0,    0,    0,    0,    0,   -4,    0,   -5,   -4,    0,    0,    0,    0,    0,    0,    0,   -2,    0,    0,    0,    0,    0,    0,
      -5,    0,    0,    0,    0,   -2,   -4,   -2,   -5,   -4,    0,    0,    0,    0,    0,    0,    0,   -2,    0,    0,    0,    0,    0,    0,
       0,    0,    0,    0,    0,    0,   -1,    0,   -2,   -1,   -1,    0,    0,    0,    0,    0,    0,    0,    0,    0,    0,    0,    0,    0,
       0,    0,   -4,    0,   -1,    0,    0,    0,    0,    0,    0,   -1,    0,   -1,   -1,    0,    0,    0,    0,   -1,   -1,    0,   -1,   -2,
       0,    0,    0,    0,    0,   -2,    0,    0,    0,    0,    0,    0,    0,    0,    0,    0,    0,    0,    0,    0,    0,    0,    0,    0,
      -6,    0,    0,    0,    0,    0,   -3,    0,   -4,   -3,    0,    0,    0,    0,    0,    0,    0,   -2,    0,    0,    0,    0,    0,    0,
       0,    0,    0,    0,    0,    0,   -2,    0,   -3,   -3,    0,    0,    0,    0,    0,    0,    0,    0,    0,    0,    0,    0,    0,    0,
       0,    0,   -3,    0,   -3,    0,    0,    0,    0,    0,    0,   -2,    0,   -2,   -1,    0,    0,    0,    0,   -1,   -1,    0,   -2,   -3,
       0,    0,    0,    0,   -2,    0,    0,    0,    0,    0,    0,    0,    0,   -1,    0,    0,    0,    0,    0,    0,    0,    0,    0,   -2,
       0,    0,   -3,    0,   -2,    0,    0,    0,    0,    0,    0,   -2,    0,   -2,   -1,    0,   -1,    0,    0,   -1,   -1,    0,   -2,   -3,
       0,    0,   -2,    0,   -2,    0,    0,    0,    0,    0,    0,   -2,    0,   -2,   -1,    0,   -1,    0,    0,   -1,   -1,    0,   -2,   -3,
      -3,    0,    0,    0,    0,    0,    0,    0,    0,    0,    0,    0,    0,    0,    0,    0,    0,   -1,    0,    0,    0,    0,    0,    0,
      -2,    0,    0,    0,    0,    0,    0,    0,    0,    0,    0,    0,    0,    0,    0,    0,    0,   -1,   -1,    0,    0,    0,    0,   -1,
      -1,    0,    0,    0,    0,    0,    0,    0,    0,    0,    0,    0,    0,    0,    0,    0,    0,    0,    0,    0,    0,    0,    0,    0,
       1,    2,    0,    0,    0,    0,    0,    0,    0,    0,    0,    0,    0,    0,    0,    0,    0,    0,    0,    0,    0,    0,    0,    0,
      -1,    0,    0,    0,    0,    0,    0,    0,    0,    0,    0,    0,    0,    0,    0,    3,    0,    0,    0,    0,    0,    0,    0,    0,
      -1,    0,    0,    0,    0,    0,    0,    0,    0,    0,    0,    0,    0,   -1,    0,    0,    0,    0,    0,    0,   -1,    0,   -1,    0,
       0,    0,   -3,    0,    0,    0,    0,    0,    0,    0,    0,    0,    0,   -1,    0,    0,    0,    0,    0,    0,   -1,    0,   -1,   -2,
      -2,    0,   -2,    0,    0,    0,    0,    0,    0,    0,    0,   -1,    0,   -1,   -1,    0,    0,    0,    0,   -1,   -1,    0,   -1,   -2,
       0,    0,    0,    0,    0,    0,    0,    0,    0,    0,    0,    0,    0,    0,    0,    0,    0,    0,    0,    0,    0,    3,    0,    0,
       0,    0,   -5,   -5,    0,    0,    0,    0,    0,    0,    0,   -5,    0,   -5,   -5,   -4,   -5,   -5,   -5,   -4,   -5,    0,   -5,    0,
      -2,    0,    0,    0,    0,    0,   -1,    0,   -1,    0,    0,    0,    0,    0,    0,    0,    0,   -2,    0,    0,    0,    0,    0,    0,
       0,    0,   -5,   -5,    0,    0,    0,    0,    0,    0,    0,   -5,    0,   -5,   -5,   -3,   -5,   -5,   -5,   -4,   -5,    0,   -5,    0,
       0,    0,   -2,   -2,    0,    0,    0,    0,    0,    0,    0,   -2,    0,   -2,   -2,   -2,   -2,   -2,   -2,   -2,   -2,    0,   -2,    0,
       0,    0,    0,    0,    0,    0,    0,    0,    0,    0,    0,   -2,   -2,   -2,   -2,    0,    0,    0,    0,   -2,   -2,    0,   -2,    0,
      -3,    0,    0,    0,    0,    0,    0,    0,    0,    0,    0,    0,    0,   -1,    0,    0,    0,   -2,    0,    0,   -1,    0,    0,    0,
};

static const EpdLigaturePair chareink_18_bolditalicLigaturePairs[] = {
    { 0x00660066, 0xFB00 }, // f f -> U+FB00
    { 0x00660069, 0xFB01 }, // f i -> U+FB01
    { 0x0066006C, 0xFB02 }, // f l -> U+FB02
    { 0xFB000069, 0xFB03 }, // U+FB00 i -> U+FB03
    { 0xFB00006C, 0xFB04 }, // U+FB00 l -> U+FB04
};

static const EpdFontData chareink_18_bolditalic = {
    chareink_18_bolditalicBitmaps,
    chareink_18_bolditalicGlyphs,
    chareink_18_bolditalicIntervals,
    50,
    39,
    31,
    -10,
    true,
    chareink_18_bolditalicGroups,
    14,
    chareink_18_bolditalicKernLeftClasses,
    chareink_18_bolditalicKernRightClasses,
    chareink_18_bolditalicKernMatrix,
    426,
    450,
    28,
    24,
    chareink_18_bolditalicLigaturePairs,
    5,
};
