/**
 * generated by fontconvert.py
 * name: chareink_11_5_regular
 * size: 11.5
 * mode: 2-bit  compressed: true
 * Command used: /home/jonas/Hacking/Instax4/crosspoint-reader/lib/EpdFont/scripts/fontconvert.py chareink_11_5_regular 11.5 /home/jonas/Hacking/Instax4/crosspoint-reader/lib/EpdFont/builtinFonts/source/ChareInk/ChareInk7SP-Regular.ttf --2bit --compress --force-autohint
 */
#pragma once
#include "EpdFontData.h"

static const uint8_t chareink_11_5_regularBitmaps[25069] = {
    0x85, 0x57, 0xCD, 0x6F, 0xDC, 0xC6, 0x15, 0xFF, 0x91, 0x23, 0x7B, 0xD0, 0x90, 0xD6, 0x04, 0xE8,
    0xC5, 0xC0, 0xDA, 0x62, 0x0E, 0x3D, 0xF8, 0x20, 0x8B, 0x02, 0xE2, 0x83, 0x9A, 0xEC, 0x07, 0x63,
    0x03, 0x75, 0x81, 0x1E, 0x6C, 0xF4, 0x1F, 0x48, 0x0F, 0x3D, 0x06, 0xD5, 0x16, 0x08, 0x5A, 0x15,
    0x58, 0x59, 0x63, 0xEB, 0xA0, 0x83, 0x51, 0xD8, 0x40, 0xFF, 0x81, 0x9C, 0x8B, 0x16, 0x11, 0x5A,
    0x15, 0x15, 0xD0, 0x5D, 0xED, 0xD4, 0x06, 0xEA, 0x43, 0x0F, 0x26, 0xE2, 0x63, 0x03, 0x84, 0xB0,
    0x0D, 0x18, 0x45, 0x9B, 0x78, 0x62, 0x33, 0x0E, 0x1D, 0x53, 0x3B, 0xFD, 0x0D, 0x57, 0xB6, 0xE4,
    0xCF, 0x72, 0x67, 0xC8, 0xE5, 0xCC, 0x9B, 0xF7, 0x66, 0xDE, 0xC7, 0xEF, 0x3D, 0xFE, 0xF9, 0x8B,
    0xD5, 0x47, 0xFF, 0x9C, 0xFF, 0xE5, 0x8D, 0x99, 0xF0, 0xE6, 0x47, 0x7F, 0xB9, 0xFF, 0xE1, 0x37,
    0x4F, 0x66, 0xFB, 0xB7, 0xE2, 0x77, 0x34, 0x42, 0x68, 0x1C, 0x11, 0x40, 0x7F, 0x1E, 0x42, 0x17,
    0x88, 0x9B, 0xBF, 0xC2, 0x39, 0x67, 0x8E, 0xC8, 0x67, 0xA3, 0x24, 0xE8, 0x39, 0x57, 0xEF, 0x13,
    0x70, 0x34, 0x7F, 0xFA, 0x77, 0x7A, 0xC5, 0x4D, 0x1B, 0xDF, 0x8D, 0x3E, 0x5F, 0x49, 0xE2, 0xA5,
    0xAE, 0x6F, 0xE8, 0xC5, 0x48, 0xFE, 0x0B, 0xE9, 0x34, 0x96, 0x4B, 0x1C, 0xA9, 0x11, 0xAF, 0xFE,
    0x2C, 0xEE, 0x6C, 0xC6, 0x9D, 0xAD, 0x78, 0x30, 0x3A, 0x6E, 0x53, 0x8E, 0x4F, 0x57, 0xCD, 0x20,
    0x21, 0x37, 0xDC, 0x36, 0x28, 0x22, 0xA1, 0x25, 0xDA, 0x0A, 0x8B, 0xB0, 0x6D, 0xA1, 0x85, 0xB1,
    0xC7, 0xC0, 0x21, 0x53, 0xCF, 0x9D, 0x9C, 0x9D, 0x9D, 0x4F, 0xF2, 0xFE, 0xE6, 0x12, 0x04, 0x47,
    0xB1, 0xA4, 0x84, 0x09, 0x0C, 0x09, 0x63, 0x12, 0xA2, 0x08, 0x4D, 0x21, 0x21, 0x2E, 0x73, 0x99,
    0x2C, 0xC3, 0x09, 0xD0, 0x49, 0x10, 0x16, 0x29, 0x94, 0x1E, 0xA2, 0x17, 0x5A, 0x8C, 0x54, 0x86,
    0x51, 0x09, 0x4C, 0xC2, 0xDF, 0x27, 0xC3, 0xB7, 0xFE, 0x6D, 0x87, 0x82, 0x33, 0x27, 0xBA, 0x18,
    0x99, 0x0A, 0x93, 0xA0, 0x44, 0x1D, 0x96, 0xC7, 0xEB, 0xC0, 0x69, 0xF7, 0xD7, 0x2F, 0x3E, 0xEA,
    0x5F, 0xE3, 0x86, 0x42, 0x4A, 0x37, 0x0B, 0xB0, 0x92, 0xB7, 0x4A, 0x14, 0x4A, 0x77, 0xFD, 0x23,
    0x32, 0x09, 0xDA, 0xD8, 0x86, 0x0D, 0x2C, 0x86, 0x78, 0x1B, 0x58, 0x45, 0xA4, 0xC3, 0x02, 0x96,
    0x63, 0x03, 0xFE, 0x3A, 0x07, 0x7E, 0xFE, 0x9D, 0x94, 0x61, 0x11, 0xE9, 0xD5, 0xA9, 0x86, 0x0E,
    0x81, 0x84, 0x6F, 0x61, 0xE5, 0xA7, 0xB7, 0xBE, 0xA9, 0x71, 0x1E, 0xEF, 0x19, 0xA5, 0x50, 0x6C,
    0xFA, 0x99, 0x80, 0x7D, 0x11, 0x10, 0x2F, 0x3C, 0x14, 0xAD, 0x00, 0xF9, 0xEA, 0x39, 0xCC, 0xAA,
    0xDB, 0xB5, 0x12, 0x67, 0x6E, 0x68, 0x90, 0xEA, 0x6F, 0x4F, 0x34, 0x70, 0x04, 0xA0, 0x31, 0x4E,
    0x01, 0x9B, 0x08, 0x72, 0x1A, 0xC8, 0x2F, 0x9D, 0x05, 0x8E, 0x01, 0x4B, 0x7E, 0x0C, 0x39, 0x42,
    0x03, 0x91, 0xED, 0x8F, 0xF5, 0xC1, 0x6D, 0x20, 0x98, 0x40, 0x9D, 0xCD, 0x17, 0xBC, 0x1A, 0xB7,
    0x87, 0x18, 0x54, 0x68, 0x57, 0xE8, 0x1C, 0x68, 0x6D, 0x0E, 0x72, 0x8A, 0x04, 0xEA, 0x4C, 0x4E,
    0xE2, 0x60, 0xBB, 0x35, 0x39, 0x74, 0x4E, 0x8B, 0x02, 0x15, 0xBA, 0xD4, 0xF0, 0xCB, 0x7F, 0x9C,
    0x0B, 0x27, 0xD9, 0x56, 0xB2, 0x61, 0xD4, 0x87, 0x48, 0x4F, 0x50, 0x53, 0xB4, 0x00, 0x0D, 0x30,
    0x80, 0x30, 0x54, 0x9F, 0x34, 0x58, 0xA1, 0xDA, 0xE2, 0xD2, 0xBB, 0x14, 0xAF, 0xD0, 0x69, 0x75,
    0xD6, 0x52, 0xBF, 0x5D, 0x0C, 0x67, 0x48, 0x8C, 0x12, 0x22, 0xC7, 0x38, 0x43, 0x50, 0x81, 0xEC,
    0x90, 0xB2, 0xB5, 0xD1, 0x5D, 0xC5, 0xA0, 0x77, 0xBA, 0x3C, 0xEC, 0x32, 0x50, 0x4E, 0x54, 0x20,
    0x29, 0xF0, 0xEB, 0x02, 0x77, 0x0A, 0xB1, 0x5E, 0x28, 0x51, 0xCC, 0x8B, 0x62, 0x4B, 0x14, 0x5E,
    0x5F, 0x9C, 0x7D, 0xBE, 0xF5, 0x5C, 0xC9, 0xD6, 0x06, 0x9E, 0xB5, 0xAE, 0xD3, 0x3F, 0x94, 0xF4,
    0x86, 0xDA, 0x1B, 0x90, 0xA6, 0x42, 0x67, 0x0B, 0x83, 0x1A, 0xD5, 0x05, 0x59, 0x44, 0xF4, 0x9D,
    0x56, 0x4E, 0x8F, 0x90, 0x1A, 0x73, 0x0D, 0xF1, 0xEA, 0x58, 0x8F, 0x7F, 0x64, 0x2B, 0x0C, 0x2B,
    0xAC, 0x3E, 0xD3, 0x0A, 0x8D, 0xDB, 0x41, 0x99, 0x9C, 0x2E, 0x78, 0xD0, 0xE6, 0x10, 0xBB, 0x88,
    0x3E, 0x26, 0x75, 0x98, 0xFB, 0x55, 0xD6, 0xAF, 0x6E, 0x23, 0x28, 0xA0, 0x80, 0x2D, 0x7F, 0xEA,
    0x93, 0x7E, 0x30, 0xCA, 0x10, 0xBA, 0x2C, 0x39, 0x6B, 0x3B, 0xA8, 0x06, 0x18, 0xB2, 0xF5, 0xC8,
    0xE3, 0xB3, 0x42, 0xBA, 0x4C, 0x2D, 0x17, 0x83, 0xB0, 0xAE, 0x30, 0x7A, 0xC6, 0x3E, 0x3D, 0x6D,
    0x79, 0x56, 0xB2, 0xA7, 0x10, 0x8A, 0x3A, 0x68, 0x98, 0x21, 0x3A, 0xBD, 0x60, 0x37, 0x9A, 0x0C,
    0x40, 0x95, 0x52, 0x5B, 0x94, 0x43, 0x9D, 0x5E, 0x80, 0x2A, 0xD0, 0xF8, 0x01, 0xC2, 0xFB, 0x5F,
    0x2D, 0xA8, 0x6B, 0xC5, 0x5E, 0x60, 0xCA, 0xF5, 0xCA, 0x09, 0x93, 0x7F, 0x3D, 0x7D, 0x9F, 0xE1,
    0x40, 0x8E, 0xC3, 0x8F, 0x11, 0xEE, 0x7A, 0xCB, 0x63, 0x07, 0xDE, 0x34, 0x48, 0xB9, 0xCE, 0xAB,
    0x04, 0x3B, 0x7C, 0x69, 0x91, 0x94, 0xD3, 0xC0, 0xCF, 0xFD, 0x0A, 0x9E, 0xCE, 0xE2, 0xE0, 0xD5,
    0xB8, 0x25, 0x2F, 0x52, 0x8A, 0xBB, 0xF4, 0x1F, 0x4F, 0x99, 0x5E, 0x05, 0x0E, 0xD3, 0x5E, 0x58,
    0xE3, 0x68, 0xA4, 0x11, 0x8C, 0x1A, 0xD6, 0xB4, 0xE2, 0x9A, 0x6E, 0x26, 0xF3, 0xBD, 0xC5, 0xE9,
    0xDD, 0x6E, 0x72, 0xEE, 0x03, 0x9B, 0x75, 0x28, 0x56, 0x1A, 0x51, 0xF0, 0xA7, 0x61, 0xE8, 0xD3,
    0x33, 0x7E, 0xE3, 0x86, 0xC7, 0xA1, 0x0F, 0x07, 0x63, 0xF2, 0x1D, 0x65, 0xAB, 0x48, 0x32, 0x1C,
    0xE7, 0xF1, 0x10, 0x2B, 0x8C, 0xFF, 0x70, 0x62, 0x53, 0x9D, 0x2D, 0xDE, 0xD5, 0x56, 0x65, 0x5F,
    0x2A, 0xDD, 0x16, 0xF4, 0x57, 0xAB, 0xFE, 0x6E, 0xA5, 0x5E, 0x66, 0x90, 0x8A, 0x41, 0x82, 0xF2,
    0xA8, 0xED, 0x46, 0xB7, 0xAF, 0xE5, 0x6B, 0x1B, 0x95, 0xD4, 0x6F, 0x4F, 0xCF, 0xE5, 0x2D, 0x00,
    0xCF, 0x46, 0x42, 0x5D, 0x65, 0xA4, 0x1E, 0x76, 0xE5, 0xDE, 0x46, 0x68, 0x15, 0x44, 0xDC, 0x15,
    0xB5, 0x86, 0x39, 0x1E, 0x70, 0x9E, 0x13, 0xA7, 0xE8, 0x7D, 0x7D, 0xEA, 0x94, 0xDE, 0x88, 0x3C,
    0xA5, 0xB5, 0x5C, 0x26, 0xB4, 0x32, 0x32, 0x8B, 0x8C, 0xA2, 0x27, 0xCD, 0xD2, 0x91, 0x4F, 0x22,
    0xAC, 0x9C, 0xF1, 0x2A, 0xE0, 0xD6, 0xD7, 0x08, 0x0A, 0xA4, 0x1D, 0x2A, 0x9D, 0x12, 0x23, 0xB2,
    0x2A, 0xD2, 0x3D, 0x77, 0x55, 0xE9, 0x35, 0x7F, 0x2C, 0x7A, 0x4C, 0x17, 0xA9, 0xD2, 0xD1, 0xF5,
    0x42, 0xE4, 0x95, 0xBC, 0xE3, 0x88, 0x76, 0xE9, 0x24, 0x1B, 0x1D, 0xA6, 0x2F, 0xB5, 0xB7, 0x11,
    0x51, 0xCC, 0x32, 0xA5, 0x6B, 0xEF, 0xA4, 0x98, 0x7A, 0x7A, 0x64, 0xBC, 0x9B, 0x04, 0x0B, 0x08,
    0xAF, 0x13, 0x53, 0xD2, 0x6C, 0x80, 0xF1, 0x63, 0xCA, 0x41, 0x97, 0x91, 0x50, 0x61, 0x40, 0x42,
    0x4A, 0x42, 0xD9, 0x85, 0xE7, 0x4E, 0xBE, 0x9E, 0xBD, 0x97, 0x12, 0x92, 0xA5, 0x5A, 0x2F, 0xD0,
    0x51, 0x3A, 0xE4, 0x76, 0x12, 0x54, 0xD2, 0xF6, 0xDC, 0x63, 0x6F, 0x39, 0xEE, 0x84, 0x10, 0xB7,
    0xD9, 0xC5, 0xD1, 0x46, 0xD2, 0x31, 0x4E, 0x31, 0xEC, 0x8C, 0xD2, 0x9B, 0xCD, 0x4B, 0x23, 0x96,
    0xAB, 0xB8, 0x98, 0x2C, 0xDF, 0x77, 0x6E, 0xC2, 0x98, 0xBC, 0x44, 0xD0, 0x1A, 0x62, 0x25, 0xC5,
    0xF7, 0xB8, 0xA1, 0xD0, 0xCE, 0x62, 0x28, 0x74, 0xEA, 0x08, 0x7E, 0x4B, 0xCD, 0x4B, 0x13, 0x91,
    0xCD, 0x0C, 0xFC, 0x8B, 0x77, 0x8E, 0x64, 0xA2, 0xA3, 0x3C, 0xD1, 0x15, 0xE6, 0x68, 0xFA, 0x25,
    0x9E, 0xEC, 0xB4, 0x6D, 0x8E, 0xE6, 0xB9, 0x53, 0x48, 0x8F, 0x67, 0x50, 0x97, 0x0D, 0xBA, 0x34,
    0x46, 0x95, 0x72, 0x1B, 0x1E, 0x24, 0xD2, 0xEC, 0x02, 0x22, 0x77, 0xD5, 0x59, 0xE5, 0xD2, 0x66,
    0xF8, 0x15, 0xDD, 0xB9, 0xEA, 0xB5, 0x73, 0xEC, 0x7E, 0xAD, 0xB3, 0x95, 0xD2, 0x2F, 0xB5, 0x2B,
    0xCE, 0xEF, 0xAB, 0xF2, 0x7B, 0x78, 0xE1, 0x56, 0x42, 0xFD, 0x18, 0x65, 0x91, 0xA8, 0xB0, 0xB0,
    0x43, 0x46, 0xBB, 0xB3, 0xBD, 0x07, 0x96, 0xCA, 0x46, 0x27, 0xB4, 0x51, 0x96, 0x06, 0x05, 0x91,
    0x9F, 0x7A, 0x45, 0xF8, 0x80, 0xEA, 0x65, 0x00, 0xDA, 0x1A, 0xA9, 0xE4, 0x60, 0x9A, 0xA5, 0xCC,
    0x12, 0x56, 0x90, 0x32, 0x3D, 0x47, 0xEE, 0x64, 0x4F, 0x6E, 0x6F, 0x6C, 0x33, 0x4A, 0xCF, 0x36,
    0x6D, 0x8E, 0x7A, 0x75, 0x86, 0x71, 0xC3, 0x2C, 0x97, 0xD8, 0x59, 0x8B, 0x05, 0x1B, 0x5B, 0xBC,
    0x67, 0xE3, 0x0A, 0xBF, 0xB2, 0xF1, 0x00, 0x7F, 0xB2, 0x71, 0x07, 0xB7, 0x6D, 0x9C, 0x06, 0xD7,
    0x6C, 0xAC, 0xCE, 0xF8, 0xDB, 0xFA, 0x69, 0x1B, 0xCB, 0x1B, 0xA1, 0x8D, 0xC5, 0x57, 0xBC, 0x85,
    0xBB, 0xBC, 0x05, 0x14, 0x4F, 0x93, 0x85, 0xD6, 0x99, 0x3E, 0xCF, 0x6D, 0x84, 0x23, 0x04, 0xF6,
    0x95, 0xC5, 0x22, 0x33, 0xEB, 0x62, 0xBC, 0xC3, 0xDE, 0x63, 0x4F, 0xCC, 0x62, 0x1C, 0x15, 0x8B,
    0xB1, 0xB0, 0x8B, 0x31, 0x6A, 0xF6, 0x55, 0xF6, 0x5E, 0x3F, 0x86, 0xB2, 0x31, 0x24, 0x39, 0x78,
    0x06, 0x74, 0xB3, 0xE5, 0x8A, 0xD1, 0x9B, 0x64, 0x2A, 0x13, 0x39, 0xAD, 0x64, 0x69, 0xB4, 0x21,
    0xAD, 0x49, 0x94, 0xF1, 0x18, 0xB3, 0xDF, 0xFD, 0x98, 0x9F, 0x5B, 0x20, 0x8D, 0xA7, 0xF5, 0x6B,
    0xFC, 0x5A, 0x47, 0x47, 0xBF, 0x58, 0x33, 0x2F, 0xD2, 0x92, 0x07, 0x5A, 0x47, 0x5D, 0xAC, 0x94,
    0x8F, 0x81, 0xE7, 0x74, 0xE1, 0x7D, 0x84, 0x6B, 0xC2, 0x3D, 0x79, 0x9E, 0x17, 0x91, 0x75, 0xFB,
    0x55, 0xF2, 0x9E, 0xCA, 0xEC, 0x34, 0x36, 0x0E, 0x2C, 0xD3, 0x4A, 0x2E, 0xBE, 0x59, 0x26, 0x8E,
    0x70, 0x86, 0x30, 0xE7, 0xD1, 0x0B, 0xC2, 0x07, 0xF1, 0xB8, 0x9A, 0xA2, 0x13, 0xA3, 0x42, 0x5A,
    0x6F, 0x99, 0xC8, 0x44, 0x86, 0xD6, 0xA1, 0x53, 0x52, 0x49, 0x2D, 0x1D, 0x51, 0x6A, 0x2A, 0x99,
    0xA8, 0x05, 0x67, 0x25, 0xE7, 0x14, 0x4D, 0xC8, 0x60, 0xC5, 0x20, 0x2C, 0xB1, 0xDB, 0xAB, 0xB1,
    0x73, 0xD8, 0x5D, 0x1D, 0x45, 0x37, 0x8C, 0xEA, 0x62, 0xBE, 0xF2, 0x3C, 0xE5, 0x2E, 0x6B, 0x95,
    0x2C, 0xA4, 0x7A, 0xC6, 0x86, 0x2A, 0x43, 0x27, 0xC7, 0xB7, 0x5A, 0xDE, 0xCC, 0x86, 0xAD, 0x49,
    0x36, 0x76, 0xEE, 0x49, 0x56, 0xA9, 0x4D, 0xA5, 0x1F, 0xF9, 0x18, 0xF2, 0xCE, 0x5D, 0xE1, 0xFF,
    0x3D, 0x94, 0x77, 0x43, 0xE1, 0xFD, 0xBB, 0xCF, 0xBE, 0xF8, 0xA6, 0x9E, 0x4C, 0x7B, 0x9F, 0xA0,
    0xF5, 0x89, 0x32, 0xC8, 0x45, 0x29, 0x9B, 0x33, 0xFB, 0xF5, 0xD4, 0xF8, 0x0A, 0xB9, 0x6D, 0x32,
    0xE8, 0x0A, 0x99, 0x07, 0x39, 0x0F, 0x64, 0x02, 0x4B, 0xDC, 0xE4, 0x46, 0x08, 0x09, 0xCC, 0x51,
    0x4C, 0xFD, 0x5D, 0xE6, 0xF4, 0x94, 0x49, 0x5D, 0x6D, 0xB1, 0x53, 0xDF, 0xB2, 0x68, 0x30, 0x8E,
    0xB1, 0x9E, 0xF5, 0x1E, 0xE4, 0x44, 0x90, 0x95, 0x39, 0xA4, 0x46, 0xC2, 0x8A, 0x21, 0x36, 0x15,
    0x73, 0xE7, 0x2C, 0xB6, 0xA2, 0x14, 0xB9, 0xD4, 0x05, 0x9D, 0xA2, 0x7D, 0x5C, 0x5D, 0x32, 0xE2,
    0x9A, 0x19, 0x2E, 0x61, 0x61, 0x49, 0x5C, 0xCF, 0xC2, 0x87, 0x59, 0xB7, 0x8F, 0x64, 0x33, 0x7C,
    0xC2, 0xA2, 0xC9, 0x63, 0xA4, 0xCA, 0xB1, 0xEB, 0xE3, 0x9D, 0x7B, 0x90, 0x3E, 0x8B, 0x33, 0xF6,
    0xEA, 0x35, 0xA6, 0xB4, 0x11, 0x0B, 0x0E, 0xD6, 0x85, 0x41, 0xCD, 0xE4, 0xF7, 0x1D, 0xAB, 0x0E,
    0xA6, 0x14, 0xE9, 0x11, 0x81, 0xD2, 0x5D, 0x8E, 0x88, 0x47, 0xF9, 0x38, 0xD1, 0xC4, 0x0F, 0x2E,
    0xE9, 0x31, 0x3B, 0xEE, 0xF4, 0x9A, 0x98, 0x55, 0xF5, 0x0E, 0xB3, 0x44, 0x8D, 0x76, 0x50, 0x86,
    0x46, 0x10, 0x55, 0x64, 0xCE, 0xFC, 0x78, 0x83, 0x3B, 0xDF, 0xE6, 0x29, 0xCC, 0x53, 0xE0, 0x68,
    0xB0, 0x71, 0x1F, 0x47, 0x40, 0xA3, 0x11, 0x9F, 0x58, 0x0C, 0x2C, 0x61, 0xF8, 0x03, 0x26, 0x69,
    0x61, 0xFD, 0x7E, 0x12, 0x8D, 0x1E, 0xD3, 0x85, 0xAF, 0x17, 0xFC, 0x40, 0x1E, 0x24, 0x5A, 0xF6,
    0x10, 0xED, 0x34, 0x89, 0xCA, 0x3D, 0x7C, 0x5A, 0xBC, 0xBD, 0xE6, 0x41, 0x9E, 0xBE, 0x38, 0x3A,
    0xD5, 0x14, 0x4F, 0xD4, 0x63, 0x04, 0x5F, 0x3A, 0x05, 0xDC, 0x43, 0xD1, 0x54, 0x48, 0xED, 0x67,
    0xA3, 0x99, 0xCF, 0x4F, 0x7B, 0xA3, 0x4B, 0x4D, 0x0D, 0x75, 0xC8, 0xBD, 0x9E, 0xEF, 0xF4, 0xF1,
    0xA9, 0xD7, 0x87, 0x51, 0xB6, 0xBD, 0xB4, 0x79, 0xC4, 0x67, 0xCD, 0xF3, 0x8A, 0xD5, 0x20, 0xCF,
    0x2C, 0x27, 0x44, 0x6B, 0x33, 0x10, 0xF9, 0x51, 0xD6, 0x3A, 0xC4, 0x97, 0x27, 0x45, 0x7A, 0xA6,
    0x18, 0x12, 0xD7, 0x9B, 0x36, 0x6A, 0x15, 0xE9, 0xEF, 0xEA, 0x16, 0x13, 0xC6, 0xB3, 0xDC, 0xB0,
    0x97, 0x28, 0xBE, 0x9B, 0xA0, 0x2B, 0x19, 0x14, 0x3D, 0x51, 0x48, 0x02, 0x3B, 0x73, 0x01, 0x41,
    0x5F, 0x9D, 0xF1, 0x28, 0x1F, 0x10, 0xFA, 0x4B, 0x75, 0xB1, 0x14, 0x8C, 0x08, 0xD6, 0x0D, 0x55,
    0xBB, 0x23, 0xFE, 0x65, 0xDA, 0xFB, 0xC8, 0x37, 0xF4, 0x0C, 0x12, 0x7D, 0x35, 0x65, 0xC5, 0xB0,
    0x0D, 0x5F, 0x24, 0x1F, 0x4C, 0x3E, 0x2C, 0xC6, 0xBB, 0x92, 0xC0, 0x5C, 0x25, 0x84, 0x69, 0xCD,
    0x6C, 0xE2, 0x73, 0x0C, 0x4B, 0xB2, 0x2E, 0xE3, 0x86, 0x3C, 0x8B, 0xF4, 0x74, 0x15, 0x4C, 0x7A,
    0x86, 0xCB, 0xEC, 0xA0, 0x1D, 0xDE, 0x63, 0x42, 0xF0, 0x09, 0x8D, 0x8C, 0x4D, 0xC3, 0x38, 0x48,
    0x2E, 0xDA, 0xF4, 0x2E, 0x4D, 0xA7, 0x56, 0xC3, 0x5C, 0x37, 0x45, 0xDE, 0x80, 0xB6, 0x9A, 0x3A,
    0xCC, 0x2B, 0x6E, 0xC2, 0x19, 0xE9, 0x26, 0x69, 0xA3, 0x82, 0xA6, 0x99, 0x6E, 0xA4, 0xA3, 0x5D,
    0xAF, 0x64, 0x36, 0x39, 0xC9, 0xA2, 0xB1, 0x6D, 0x2A, 0x22, 0x96, 0x5D, 0xDB, 0x35, 0xEC, 0xDA,
    0x59, 0xC3, 0x59, 0x6A, 0x24, 0x7A, 0x39, 0xCE, 0x36, 0x0A, 0xA2, 0x00, 0x53, 0xDA, 0x88, 0x1A,
    0xCF, 0x5F, 0x67, 0x8D, 0xC8, 0x25, 0x75, 0x84, 0x32, 0x6A, 0x72, 0x7F, 0x6B, 0xE3, 0xF9, 0x74,
    0xB1, 0x31, 0xC1, 0x36, 0xF1, 0x43, 0x4F, 0x27, 0xCD, 0x18, 0x43, 0x26, 0x03, 0x62, 0xC9, 0xC1,
    0xC7, 0xC2, 0xF9, 0x87, 0xF7, 0x7E, 0x52, 0xF8, 0x2D, 0x7C, 0xFA, 0x02, 0xD0, 0xAF, 0x3B, 0x6A,
    0x48, 0xAD, 0x1B, 0xB5, 0x91, 0xA9, 0xDF, 0x42, 0xFD, 0xD1, 0x87, 0xBD, 0xBA, 0xA2, 0xD5, 0x46,
    0xAE, 0xD6, 0x2D, 0xF1, 0x70, 0x6C, 0x5D, 0xEB, 0xD2, 0xCE, 0xEB, 0x7D, 0x64, 0xDD, 0xE5, 0xF2,
    0x1F, 0x65, 0xAB, 0xA0, 0xBB, 0x8E, 0x77, 0x31, 0x12, 0xA5, 0x7A, 0x41, 0xF4, 0x9B, 0x1E, 0xEE,
    0x96, 0x3B, 0x37, 0x49, 0x5A, 0xAC, 0x72, 0x77, 0x43, 0x2E, 0xE4, 0x18, 0x27, 0x38, 0xEB, 0xE7,
    0x0E, 0xBE, 0x5C, 0x27, 0x19, 0xBD, 0x82, 0xAE, 0xC2, 0x6A, 0x72, 0xE0, 0x71, 0x77, 0xBF, 0xC6,
    0x1F, 0x36, 0xD5, 0xAC, 0x6A, 0xAA, 0xD9, 0x24, 0xC9, 0xDD, 0xB8, 0x4A, 0xB3, 0x9A, 0x58, 0x49,
    0x30, 0x3D, 0xD0, 0x3A, 0x69, 0x53, 0x95, 0xD2, 0x51, 0xD2, 0x69, 0x51, 0xDE, 0x34, 0x82, 0x6C,
    0x30, 0xA6, 0x7F, 0x5C, 0xE0, 0x41, 0x2E, 0xDA, 0xA7, 0x4E, 0xB3, 0xE7, 0x41, 0x44, 0x62, 0x95,
    0x75, 0xC3, 0x32, 0xD1, 0xC9, 0xBD, 0x17, 0x3C, 0x99, 0x3A, 0x6A, 0x5D, 0xBE, 0xFF, 0x1F, 0x3B,
    0x39, 0xF6, 0xD2, 0x37, 0x44, 0xC8, 0x5A, 0x63, 0x77, 0x75, 0xAE, 0x9A, 0xAD, 0x67, 0x76, 0xD0,
    0x2B, 0x88, 0xCA, 0x6B, 0x79, 0x9A, 0xA7, 0xE5, 0x60, 0xCC, 0x6F, 0x3C, 0xC5, 0xF2, 0xC6, 0xD5,
    0x1E, 0xE6, 0x0F, 0xFE, 0x12, 0x3A, 0x76, 0x54, 0xB5, 0xF4, 0x2F, 0xA2, 0x2A, 0x79, 0x63, 0x40,
    0x46, 0xF9, 0x0E, 0xD2, 0x3B, 0xB5, 0x33, 0x04, 0xE5, 0x25, 0x7E, 0x65, 0xAA, 0xAC, 0x1F, 0xE9,
    0x5C, 0x18, 0x23, 0x3E, 0xD3, 0xC1, 0x9D, 0x0C, 0xDF, 0x7A, 0xB8, 0xF3, 0x65, 0x35, 0x11, 0x2E,
    0x6F, 0x47, 0x15, 0x55, 0x28, 0x3F, 0xB0, 0x2A, 0x9F, 0x17, 0xF9, 0xFB, 0xBA, 0x88, 0x2E, 0xDD,
    0x14, 0x48, 0x8E, 0x74, 0x88, 0x97, 0x8B, 0x2B, 0x9F, 0xE0, 0x91, 0x7E, 0x98, 0x85, 0x5F, 0x8A,
    0xCF, 0x89, 0x78, 0xFC, 0x20, 0xE1, 0x99, 0x33, 0x16, 0xFA, 0x5C, 0x78, 0xBD, 0x4E, 0xF8, 0x21,
    0x7B, 0xD1, 0x08, 0x32, 0x9C, 0x72, 0xBB, 0x00, 0xDC, 0xCF, 0xC4, 0x65, 0x13, 0x89, 0x62, 0x0E,
    0xA5, 0xBB, 0xEE, 0x5C, 0x3E, 0xDD, 0xC0, 0x29, 0xA5, 0xFB, 0xD2, 0xE4, 0x22, 0x37, 0xE1, 0x6D,
    0x8D, 0x87, 0xD4, 0x67, 0xF3, 0x4D, 0x42, 0xD0, 0x39, 0xD1, 0x7C, 0xE8, 0xF5, 0xF1, 0x4E, 0xEE,
    0x4B, 0xE8, 0xAE, 0xCF, 0x74, 0x35, 0x8B, 0x81, 0xAF, 0x09, 0x7B, 0x8C, 0x0A, 0x12, 0x31, 0x66,
    0x71, 0x25, 0xEB, 0x99, 0x84, 0xB8, 0xD2, 0x32, 0xCC, 0xAC, 0x53, 0x2D, 0xFA, 0xC2, 0x5A, 0x18,
    0xC1, 0x72, 0x8C, 0x82, 0xA5, 0x2F, 0xA8, 0x9B, 0x91, 0xA9, 0x82, 0x99, 0x3C, 0x97, 0xBF, 0xFF,
    0xEE, 0x81, 0x6B, 0xE2, 0xCB, 0xB8, 0x03, 0x04, 0x91, 0xAF, 0x90, 0x64, 0xCE, 0x58, 0x34, 0xFB,
    0x36, 0xC9, 0x51, 0x06, 0xB5, 0x98, 0x16, 0xCE, 0x92, 0x20, 0xFB, 0x9B, 0x56, 0x7E, 0x9C, 0x8C,
    0x9A, 0x0F, 0x8A, 0xFF, 0x01, 0xAD, 0x58, 0xCF, 0x6F, 0x1B, 0xC7, 0x15, 0xFE, 0x76, 0xC7, 0xF1,
    0xDA, 0x1A, 0x92, 0xAB, 0x83, 0x81, 0x06, 0x30, 0xAD, 0xF5, 0x21, 0x07, 0x05, 0xA1, 0xB4, 0x04,
    0xAA, 0x03, 0xD1, 0x70, 0xC9, 0x85, 0x0C, 0xD4, 0x40, 0x2F, 0xF6, 0x5F, 0x10, 0xF8, 0x2F, 0xB0,
    0x59, 0x54, 0x07, 0x15, 0xA0, 0xA2, 0x75, 0x74, 0x6C, 0x0F, 0x02, 0x7A, 0xE8, 0xA1, 0x08, 0x2A,
    0x20, 0x97, 0x1E, 0x02, 0x94, 0x05, 0x8C, 0x42, 0x40, 0x29, 0x6B, 0x12, 0x1D, 0x73, 0xE8, 0x3A,
    0x39, 0xFA, 0xD0, 0x71, 0x6D, 0xA0, 0x40, 0x5A, 0xC4, 0xEB, 0x96, 0x68, 0x36, 0x09, 0xC5, 0xC9,
    0x37, 0xBB, 0xD4, 0xAF, 0xD4, 0x6A, 0x14, 0x58, 0xAB, 0x1D, 0xEE, 0xAF, 0x99, 0xEF, 0xBD, 0x79,
    0xF3, 0xDE, 0xF7, 0xDE, 0xA8, 0x11, 0x35, 0x80, 0x7A, 0xBD, 0xDE, 0x68, 0x34, 0xA2, 0x28, 0xEA,
    0x74, 0x16, 0x30, 0x0B, 0x01, 0x34, 0x11, 0x4E, 0xFC, 0x9F, 0xFF, 0xE7, 0x33, 0xD9, 0x6F, 0xAE,
    0x6F, 0x20, 0x6F, 0xFA, 0xF6, 0x47, 0xEE, 0x79, 0x51, 0xF3, 0x4F, 0x5F, 0x06, 0xAE, 0xD1, 0x45,
    0x17, 0x07, 0x08, 0x35, 0xF2, 0xB6, 0xAB, 0x23, 0x91, 0xB6, 0x3D, 0x85, 0xF2, 0x94, 0xC5, 0xD9,
    0x35, 0x4A, 0x1E, 0xDC, 0xCB, 0x04, 0x3E, 0xA5, 0x00, 0xBB, 0x66, 0xDF, 0x98, 0x09, 0x00, 0x2F,
    0x46, 0x7D, 0x61, 0xFD, 0xB7, 0xF1, 0x8E, 0x4C, 0x25, 0xAA, 0x48, 0x31, 0xA8, 0x50, 0xAC, 0x42,
    0xB3, 0x0A, 0x0F, 0x03, 0xA4, 0x52, 0xAD, 0x39, 0x8F, 0x27, 0x83, 0x15, 0x38, 0x8A, 0xBD, 0x8D,
    0xEA, 0xBE, 0xC8, 0xB0, 0xEA, 0x43, 0x62, 0xD5, 0x49, 0x29, 0x0B, 0xBE, 0x17, 0x9B, 0x91, 0x51,
    0xDE, 0xBF, 0x80, 0x6E, 0xEC, 0x1B, 0x33, 0x46, 0x08, 0xB8, 0x19, 0x0E, 0x2F, 0x31, 0x7C, 0x83,
    0x1F, 0xDB, 0x03, 0xC2, 0xFE, 0x36, 0xE5, 0xE4, 0xD6, 0x4F, 0xFF, 0x89, 0xB7, 0xD5, 0xE5, 0x6D,
    0xF8, 0x1A, 0x26, 0xFE, 0x73, 0xBE, 0x12, 0x0C, 0x1D, 0x83, 0x6E, 0xEA, 0xEF, 0x48, 0xF9, 0x4D,
    0xBC, 0xAE, 0xDC, 0x31, 0xFC, 0x3F, 0xC0, 0xE0, 0xED, 0xB4, 0xB1, 0x9E, 0x53, 0x6A, 0xAF, 0x3E,
    0x8A, 0x06, 0x0D, 0x48, 0xEA, 0x2B, 0x37, 0xEF, 0x42, 0x24, 0x68, 0x40, 0x03, 0x83, 0xF9, 0x8B,
    0x93, 0xE5, 0x0D, 0x77, 0xD4, 0xAF, 0xDC, 0x19, 0x3A, 0xEA, 0x7D, 0x3F, 0xBE, 0xE0, 0x7D, 0x44,
    0x89, 0xED, 0x00, 0x10, 0xC5, 0x0D, 0xDF, 0x88, 0x2D, 0x7E, 0xFA, 0x40, 0x64, 0x8D, 0xCA, 0xBC,
    0x67, 0xDE, 0x4B, 0x52, 0x82, 0x09, 0xCE, 0x18, 0x7E, 0xCC, 0x5E, 0x57, 0x27, 0x31, 0xEC, 0xF1,
    0x56, 0xDA, 0xCB, 0x30, 0x78, 0x73, 0x90, 0x0D, 0xF4, 0xE0, 0x97, 0xDB, 0x34, 0xCE, 0xD8, 0x51,
    0xE9, 0x52, 0xC3, 0xF7, 0x96, 0xD3, 0xAC, 0x1F, 0xF9, 0x37, 0xD5, 0xA8, 0xEF, 0xED, 0xA5, 0x0B,
    0x3E, 0xB2, 0x15, 0xB1, 0xAC, 0xEA, 0xD5, 0x5D, 0x63, 0x68, 0x8C, 0x1E, 0x50, 0x81, 0x5D, 0x22,
    0x14, 0x96, 0x31, 0xE6, 0x25, 0x0A, 0x9A, 0x7D, 0x77, 0x43, 0x7C, 0x94, 0x57, 0xEE, 0xB4, 0x85,
    0x7A, 0x5F, 0x28, 0x2E, 0x4D, 0x5B, 0xC6, 0x6D, 0x61, 0x12, 0xDE, 0x87, 0xE0, 0xCB, 0x81, 0xD8,
    0x6A, 0x7B, 0xC9, 0x07, 0x7C, 0xAC, 0xCC, 0x9B, 0xF8, 0xEB, 0x53, 0x14, 0x24, 0x36, 0x16, 0xE7,
    0x3F, 0xF4, 0x6F, 0x76, 0x51, 0x4A, 0x6C, 0x1E, 0x5C, 0x28, 0x36, 0xB3, 0x9A, 0x9C, 0x78, 0x79,
    0x74, 0x70, 0x41, 0xCC, 0x5B, 0x9F, 0xDD, 0xFF, 0xC2, 0x55, 0x12, 0x4B, 0x22, 0x59, 0x12, 0x58,
    0xF1, 0x4D, 0x36, 0x33, 0x6A, 0x5D, 0xBB, 0x52, 0x43, 0xC3, 0x1D, 0x61, 0x0E, 0xF2, 0xBA, 0xBF,
    0x7A, 0x2D, 0x78, 0x86, 0xDB, 0xA1, 0xF7, 0x28, 0x6B, 0x61, 0x28, 0xF4, 0xA9, 0xA7, 0xF7, 0xE4,
    0xE1, 0x8F, 0x9E, 0xFC, 0xE5, 0x51, 0x3E, 0xE0, 0xD4, 0x80, 0x51, 0x71, 0xF2, 0xC6, 0xA3, 0x03,
    0xEC, 0x49, 0x53, 0xE9, 0x8E, 0x9B, 0x26, 0xDB, 0x2B, 0x6E, 0x83, 0x71, 0x33, 0xC8, 0x94, 0x73,
    0xA3, 0x30, 0x51, 0xD3, 0x5A, 0x48, 0x9C, 0xB8, 0x05, 0x7E, 0xF1, 0x18, 0x15, 0x81, 0xDC, 0xF7,
    0xFE, 0xA6, 0xAE, 0x26, 0xEF, 0xA0, 0x05, 0x2D, 0x92, 0x5A, 0x79, 0xD9, 0x4D, 0x03, 0xBD, 0xD2,
    0xC8, 0xAA, 0xBA, 0x96, 0x55, 0x57, 0x1A, 0x73, 0x34, 0xE4, 0xEE, 0xFE, 0x52, 0x1D, 0xBD, 0x16,
    0xED, 0xEF, 0xE8, 0x4C, 0x3C, 0xCA, 0xB8, 0x1A, 0x81, 0x1F, 0x73, 0x55, 0x36, 0x54, 0xFB, 0x9A,
    0xA3, 0x74, 0xD5, 0x83, 0x13, 0xE3, 0x35, 0xE7, 0xB9, 0x5D, 0x95, 0x36, 0x68, 0xC0, 0x8C, 0x2B,
    0x20, 0x14, 0xDD, 0xD9, 0x47, 0x8D, 0x9E, 0x60, 0x4D, 0x94, 0x71, 0x59, 0x84, 0x6A, 0x38, 0xEA,
    0x8F, 0x9B, 0x74, 0x75, 0x7E, 0xF8, 0x35, 0x7B, 0x57, 0x9A, 0x5C, 0xAD, 0x4D, 0x85, 0xC6, 0x0C,
    0xB5, 0x4A, 0x19, 0x2A, 0xBE, 0x85, 0x60, 0x6F, 0x45, 0x40, 0x81, 0x8B, 0x09, 0x2E, 0x3B, 0xBF,
    0xB7, 0xB3, 0x9C, 0xA2, 0xB6, 0x08, 0xC1, 0x48, 0x98, 0xA2, 0x0E, 0x2C, 0xEA, 0xCD, 0x91, 0x50,
    0xAD, 0xC1, 0xAA, 0x79, 0xF2, 0xB1, 0xCA, 0xF8, 0x9A, 0x52, 0x07, 0xBC, 0x78, 0x65, 0x6F, 0x09,
    0x57, 0xD1, 0x15, 0x6A, 0xA8, 0xBA, 0x7C, 0xCD, 0xE8, 0xB0, 0x87, 0x37, 0x82, 0x1B, 0x2F, 0x2C,
    0xF0, 0x63, 0xDB, 0x67, 0xCC, 0xF1, 0xEB, 0x3C, 0xA8, 0x6F, 0x0F, 0x5C, 0x10, 0x3A, 0xC0, 0x1C,
    0x87, 0xC0, 0x17, 0xF1, 0xEC, 0xEA, 0x5C, 0x0D, 0x83, 0x30, 0xAF, 0x3B, 0xD4, 0x67, 0xE9, 0x22,
    0x6D, 0x37, 0xA0, 0xBA, 0x8E, 0x5A, 0xB2, 0x3A, 0x6F, 0x35, 0x19, 0x9F, 0xF4, 0x8B, 0xAA, 0xD5,
    0x77, 0xDE, 0x5A, 0xF6, 0xBA, 0xFD, 0x19, 0x20, 0x22, 0x2C, 0x8F, 0x59, 0xD8, 0x38, 0x76, 0x94,
    0xC7, 0x08, 0xF6, 0x94, 0x20, 0x3B, 0xA0, 0x83, 0xDF, 0xA9, 0xFE, 0x7E, 0xC7, 0x9B, 0xD8, 0xAF,
    0x40, 0x9F, 0xCD, 0xFA, 0x13, 0x39, 0x01, 0x4E, 0x7A, 0xE4, 0x33, 0x9C, 0x00, 0x24, 0x9F, 0x19,
    0x9C, 0x98, 0x63, 0x18, 0x35, 0xB8, 0xCA, 0x4B, 0x43, 0x8A, 0xE1, 0x80, 0xAC, 0x43, 0x2B, 0x85,
    0x70, 0x8D, 0x89, 0x45, 0xE2, 0x2B, 0x2F, 0x96, 0x34, 0x98, 0xD0, 0x35, 0x86, 0xFA, 0x02, 0xDC,
    0x9C, 0xE6, 0xA3, 0xA7, 0x5E, 0x99, 0x82, 0x33, 0x74, 0x05, 0x71, 0x66, 0x70, 0x7E, 0xD8, 0x9E,
    0xB5, 0x8C, 0x0D, 0xED, 0x55, 0x1A, 0xE3, 0xDA, 0xF9, 0xE1, 0x2E, 0x5E, 0x04, 0x3E, 0x1D, 0xE3,
    0xC4, 0xF1, 0xAA, 0x98, 0x3D, 0xD2, 0xEC, 0x28, 0xA2, 0x9E, 0x8D, 0x93, 0xB8, 0xC5, 0x1C, 0xA6,
    0xB8, 0x8B, 0xC4, 0x6D, 0x11, 0x77, 0x85, 0xB2, 0x07, 0x6B, 0x80, 0xEE, 0x70, 0x29, 0x8E, 0xE1,
    0x52, 0x01, 0x8B, 0x5B, 0x25, 0x6E, 0xE3, 0xD0, 0x06, 0x1C, 0xDB, 0x68, 0x71, 0xB1, 0x2B, 0x65,
    0x9B, 0xE7, 0xEA, 0x4B, 0x7D, 0x12, 0xDF, 0x3E, 0x5B, 0x3B, 0xCD, 0x11, 0xBB, 0x4D, 0xEC, 0x25,
    0xEA, 0x3C, 0xA0, 0xCE, 0x3A, 0xA4, 0x4B, 0xF8, 0x31, 0xF1, 0x93, 0xA9, 0xDE, 0x16, 0x3F, 0x3B,
    0xB9, 0x7E, 0xE4, 0x8C, 0x04, 0xEE, 0x73, 0xD0, 0xC6, 0x3F, 0xB1, 0x41, 0x23, 0x43, 0xBC, 0x41,
    0xF3, 0x10, 0x0E, 0xED, 0xD0, 0x4D, 0xE0, 0x2D, 0x93, 0x27, 0x08, 0xC5, 0x5E, 0x0D, 0x97, 0xB7,
    0x9E, 0x31, 0x7C, 0x9B, 0x59, 0xB6, 0x6F, 0x58, 0xDA, 0xF7, 0x12, 0xDE, 0xEA, 0x8C, 0xB7, 0x73,
    0x8B, 0x04, 0x76, 0x9F, 0x8F, 0x1D, 0x9B, 0x6B, 0xC2, 0x49, 0xBC, 0xE3, 0x64, 0x39, 0xEA, 0x43,
    0x78, 0x54, 0xE7, 0x1E, 0x35, 0x64, 0x40, 0xEA, 0xC2, 0x4F, 0xA8, 0x1A, 0xB3, 0x13, 0x23, 0xC6,
    0xA1, 0x82, 0x7B, 0x9A, 0x5E, 0x1F, 0xF7, 0xB1, 0xFB, 0x55, 0x41, 0x15, 0xFB, 0xC5, 0x94, 0x1C,
    0x8D, 0x40, 0xDB, 0x28, 0xB7, 0xDD, 0x83, 0xA4, 0xE0, 0x1E, 0x79, 0xB0, 0x52, 0x4C, 0x3B, 0x7E,
    0xE2, 0x0B, 0xED, 0xAA, 0x1C, 0x77, 0x3A, 0x16, 0xB8, 0x27, 0x74, 0xDD, 0x86, 0x47, 0xC7, 0x55,
    0xC5, 0xC3, 0x54, 0xCA, 0x8C, 0x9F, 0x88, 0x0D, 0x8D, 0xE7, 0xC6, 0xF0, 0xF1, 0x36, 0xC0, 0xE5,
    0xDC, 0x29, 0x9C, 0xB5, 0xF5, 0x4A, 0x50, 0xDD, 0x22, 0xFF, 0xCE, 0x2D, 0xA0, 0x66, 0x43, 0x77,
    0x4A, 0xBC, 0xF4, 0x91, 0xB6, 0x9F, 0x48, 0xA1, 0x9D, 0xC4, 0x0E, 0x70, 0x8A, 0xD1, 0x64, 0x80,
    0x5C, 0x96, 0x0F, 0xD3, 0xB9, 0xCF, 0x77, 0x50, 0x23, 0x14, 0x73, 0x8A, 0x76, 0xE3, 0x4D, 0x27,
    0xEB, 0xA3, 0x55, 0x3B, 0x41, 0xE0, 0x25, 0x8E, 0x7F, 0x80, 0xE3, 0x26, 0x7E, 0xB2, 0x25, 0x28,
    0x34, 0xAF, 0x95, 0x0F, 0x53, 0x9C, 0x56, 0x81, 0xE3, 0x59, 0x9C, 0x59, 0x27, 0x13, 0x99, 0x93,
    0x61, 0xAB, 0x00, 0x10, 0xDA, 0x4F, 0x3A, 0xC8, 0xFF, 0xE7, 0xB2, 0xC1, 0x24, 0x36, 0x2B, 0xD2,
    0xAE, 0xAB, 0x8B, 0x40, 0xEA, 0x8E, 0x5F, 0xDE, 0x2D, 0xE9, 0xD0, 0x27, 0x78, 0xCD, 0x16, 0xDA,
    0x2B, 0xD5, 0xB2, 0xA3, 0xD0, 0xA7, 0xFF, 0x75, 0xC7, 0xD3, 0x6C, 0x8D, 0xB2, 0xAF, 0x54, 0xA7,
    0xFF, 0x75, 0xC7, 0x5D, 0xCE, 0x43, 0xE8, 0x20, 0xE1, 0xE4, 0x32, 0x4E, 0x83, 0x49, 0x06, 0x11,
    0x5B, 0x87, 0x2D, 0x5C, 0x37, 0x69, 0x68, 0xAF, 0xD3, 0xD6, 0x99, 0x7E, 0x1B, 0x96, 0x7D, 0x03,
    0xD5, 0x35, 0x5F, 0xD1, 0x1C, 0x4C, 0x31, 0x8F, 0xF6, 0x4F, 0xC4, 0x97, 0x51, 0xC2, 0xD0, 0x55,
    0x7A, 0xF4, 0xFF, 0x66, 0x75, 0xCC, 0x10, 0x79, 0xC8, 0xD6, 0x65, 0x0B, 0x54, 0xB3, 0x22, 0x75,
    0xB3, 0x22, 0x32, 0x86, 0xCD, 0x98, 0x6D, 0x8D, 0xAD, 0xDB, 0xAB, 0x30, 0x52, 0x2A, 0xF0, 0xB2,
    0x3A, 0x7D, 0x95, 0x26, 0xC9, 0xF0, 0x00, 0x85, 0x57, 0x58, 0x57, 0x2E, 0x48, 0xC0, 0x3A, 0xCA,
    0xC1, 0x71, 0x8F, 0xFA, 0x3E, 0x0B, 0x62, 0x3F, 0x16, 0x29, 0x9D, 0x83, 0x8B, 0x85, 0x21, 0x7D,
    0xA8, 0xCF, 0x85, 0x89, 0x8E, 0x37, 0xFB, 0xCE, 0x7E, 0x5B, 0x64, 0x1F, 0xDB, 0xD7, 0x8E, 0xB1,
    0x63, 0x6D, 0xD2, 0x00, 0x18, 0x90, 0xEE, 0xA8, 0x24, 0xDE, 0x0B, 0x38, 0x3F, 0x6C, 0x37, 0x2E,
    0x89, 0x65, 0x81, 0xD8, 0x0F, 0xB8, 0x00, 0xF1, 0x6B, 0xE7, 0x87, 0xFD, 0x2E, 0x23, 0xF1, 0xE3,
    0xEF, 0x10, 0xE4, 0x79, 0xE0, 0x5A, 0x47, 0xB1, 0x24, 0x69, 0xC9, 0xF2, 0x1C, 0x71, 0x99, 0x0B,
    0x37, 0x12, 0xB4, 0x6B, 0xA4, 0x88, 0x96, 0x4D, 0xC0, 0x03, 0x88, 0x0F, 0x49, 0x1B, 0xB4, 0x91,
    0x95, 0xA9, 0xD1, 0x10, 0x89, 0x2C, 0xF2, 0xEC, 0x6A, 0xB3, 0x2C, 0x6C, 0xA7, 0xC7, 0x16, 0xEE,
    0x7D, 0xAD, 0x08, 0x42, 0x8E, 0x94, 0xD9, 0x22, 0xAE, 0x8D, 0x18, 0x8D, 0x14, 0x3C, 0xA0, 0xE0,
    0x34, 0xCA, 0x45, 0x12, 0xE5, 0x1E, 0x05, 0x57, 0x11, 0x6D, 0x37, 0x28, 0xB8, 0x89, 0xED, 0x48,
    0x23, 0x0B, 0x94, 0x48, 0x25, 0x05, 0xD7, 0xEE, 0x8D, 0x70, 0xC8, 0xF5, 0x36, 0x01, 0xAE, 0xA3,
    0xA4, 0x2A, 0x57, 0xA3, 0x4C, 0xB9, 0x53, 0x07, 0xCD, 0x84, 0xA1, 0x6F, 0xF5, 0xD8, 0x9A, 0xFF,
    0xAF, 0x05, 0x65, 0xEB, 0xF9, 0x31, 0xB6, 0x7C, 0xD6, 0x32, 0x62, 0xC4, 0xA2, 0xA2, 0x28, 0x88,
    0xE7, 0x4A, 0x70, 0x27, 0x2F, 0xD9, 0xFE, 0xD8, 0x3A, 0xBF, 0x32, 0xB6, 0x43, 0x7D, 0xA5, 0xCD,
    0x1C, 0x9C, 0xC0, 0x2A, 0x89, 0xE8, 0xB6, 0x73, 0x7E, 0xD8, 0x96, 0xD8, 0xFA, 0xFC, 0xB2, 0x54,
    0x3D, 0x19, 0xB0, 0xAF, 0x6C, 0x8F, 0xD9, 0xB2, 0xD2, 0xE8, 0x96, 0xA6, 0x3E, 0xAA, 0x0B, 0x48,
    0x55, 0x26, 0x4C, 0x5C, 0xDD, 0x65, 0xC1, 0xB6, 0xC6, 0xDA, 0x68, 0x2C, 0x12, 0x67, 0xD4, 0x86,
    0xFB, 0x82, 0x45, 0xE8, 0x17, 0xE5, 0x3C, 0xC9, 0x9F, 0x36, 0xFB, 0x14, 0xC5, 0x8A, 0x3E, 0x7C,
    0x2C, 0xD2, 0xA0, 0xCD, 0x60, 0xC5, 0x69, 0x36, 0x43, 0x27, 0x0F, 0xD1, 0x09, 0x11, 0x1E, 0x9C,
    0x8B, 0x21, 0xA2, 0xD0, 0x19, 0x31, 0x07, 0x96, 0x7D, 0xD8, 0x19, 0x01, 0x7D, 0xF6, 0x51, 0x8E,
    0x05, 0x87, 0xDC, 0x4B, 0x8F, 0x48, 0xFC, 0xB8, 0x43, 0xA9, 0xB9, 0xDC, 0x14, 0x9A, 0x5B, 0x1D,
    0xE6, 0x8A, 0x0E, 0xB5, 0xCE, 0x03, 0x92, 0x64, 0x90, 0x31, 0x31, 0x90, 0xD7, 0x65, 0x9A, 0xB7,
    0xFC, 0x1B, 0x5A, 0xB7, 0x83, 0x8D, 0x4F, 0xFF, 0x6E, 0x3E, 0xD9, 0xB7, 0x9B, 0x33, 0x6A, 0xE0,
    0x51, 0x11, 0x92, 0xD0, 0xEB, 0x76, 0x0A, 0xDC, 0x53, 0xB4, 0xA5, 0xEA, 0x73, 0x7A, 0x3C, 0xEF,
    0x69, 0xF9, 0x54, 0x93, 0x08, 0xC9, 0xC0, 0x79, 0x71, 0xAE, 0x5D, 0xD5, 0xE1, 0x6F, 0xC6, 0x90,
    0xB1, 0xF5, 0xB3, 0x77, 0x8B, 0x04, 0x5A, 0xEC, 0x18, 0x58, 0xE3, 0x45, 0xBE, 0x1D, 0xF5, 0x3A,
    0x47, 0x79, 0xDA, 0xFD, 0x46, 0x87, 0x37, 0x6C, 0x09, 0x5F, 0x8E, 0xDA, 0x29, 0x47, 0x8D, 0x20,
    0xC6, 0xF0, 0xDE, 0x41, 0xCD, 0x8B, 0xAF, 0x14, 0xC3, 0xCE, 0x32, 0x2A, 0x30, 0x47, 0xE1, 0x72,
    0x96, 0xFE, 0x35, 0x91, 0x04, 0x9E, 0xAA, 0xBA, 0x67, 0xC5, 0x67, 0x80, 0xCE, 0xCC, 0xD8, 0xAD,
    0x41, 0x4D, 0x5A, 0xF5, 0xCE, 0x2E, 0x48, 0xEE, 0x07, 0xB4, 0x63, 0x96, 0xF7, 0x25, 0x77, 0xA5,
    0x52, 0x45, 0x58, 0x37, 0xFB, 0xF2, 0x57, 0x0A, 0x6B, 0x2C, 0x2C, 0xF2, 0xC3, 0xA6, 0xB1, 0xF3,
    0x66, 0x3E, 0x17, 0x6E, 0x86, 0xCF, 0xDC, 0x49, 0x3C, 0x8A, 0x22, 0xF1, 0x58, 0xCD, 0xE7, 0xD6,
    0xE6, 0xC5, 0xCF, 0x90, 0xB5, 0x10, 0x82, 0xCF, 0xD3, 0xF0, 0x19, 0x4B, 0x69, 0x8A, 0xA2, 0xB7,
    0x65, 0xCE, 0xD8, 0xD6, 0x19, 0x43, 0xEB, 0x59, 0x5E, 0x82, 0x4B, 0xD4, 0xC6, 0x9D, 0x20, 0x1B,
    0xB6, 0xDD, 0x7F, 0x24, 0x61, 0x51, 0x29, 0x71, 0xA4, 0xB2, 0x23, 0xB5, 0x13, 0xDC, 0xCF, 0x38,
    0x92, 0x4E, 0x69, 0x6B, 0x6D, 0xAE, 0x49, 0xF2, 0xFD, 0x9D, 0x73, 0x90, 0x3D, 0xFE, 0x8A, 0x41,
    0xEB, 0x92, 0x0D, 0x3C, 0xDB, 0xB9, 0x7F, 0x6A, 0xE7, 0x9A, 0xB8, 0x9F, 0xF5, 0xAB, 0xDC, 0x86,
    0x7C, 0x4F, 0xBF, 0x55, 0x72, 0x43, 0x40, 0xAF, 0xB7, 0x2C, 0x78, 0x51, 0x77, 0x5F, 0x9A, 0xA4,
    0xF1, 0xC0, 0x4B, 0xD7, 0x84, 0x62, 0xA9, 0xEE, 0x6C, 0x07, 0xDF, 0x4D, 0xF9, 0xEF, 0x31, 0x85,
    0x6A, 0x77, 0xDF, 0x79, 0xAA, 0x74, 0xEB, 0xB6, 0xCB, 0x49, 0xDC, 0xC5, 0x7A, 0x32, 0xDD, 0x42,
    0xF8, 0xC7, 0x6F, 0xA4, 0x21, 0x81, 0x8F, 0x22, 0x4B, 0xDE, 0xCC, 0xE6, 0x2F, 0xCB, 0xF0, 0xB9,
    0x93, 0xCE, 0xFA, 0xFF, 0x4D, 0xF1, 0x10, 0xDC, 0xE1, 0xCB, 0x5B, 0xC9, 0x05, 0x91, 0xBA, 0x26,
    0xF3, 0xEF, 0xE7, 0x11, 0x86, 0x7D, 0xCB, 0xE1, 0x87, 0x67, 0xBB, 0x8F, 0x7E, 0x84, 0x11, 0xC3,
    0x81, 0x2B, 0xE3, 0x99, 0x63, 0x05, 0x6D, 0x70, 0x55, 0x77, 0xB9, 0x91, 0x1E, 0xF9, 0x6A, 0xE8,
    0x66, 0x21, 0x86, 0x52, 0x85, 0x6E, 0x26, 0x4F, 0x3C, 0xEC, 0x99, 0x5B, 0x13, 0xDA, 0x9D, 0xE5,
    0xBA, 0xAD, 0x42, 0x49, 0x5D, 0x97, 0x51, 0xD8, 0x3E, 0x26, 0x1C, 0x41, 0xFB, 0x36, 0x73, 0x1C,
    0x09, 0x1B, 0x96, 0x92, 0x96, 0xAD, 0x24, 0x9B, 0xE1, 0x69, 0xBD, 0x30, 0xB6, 0xE5, 0xEE, 0xE6,
    0x99, 0x47, 0x31, 0xF1, 0x4C, 0x20, 0x3E, 0x89, 0xA5, 0xAB, 0x2E, 0x15, 0xF5, 0xC1, 0x59, 0x46,
    0x49, 0x73, 0xB4, 0xCD, 0x3A, 0x53, 0x7F, 0x56, 0x9C, 0x37, 0x52, 0xAF, 0x48, 0x50, 0x67, 0xD2,
    0xCA, 0x16, 0xC4, 0xC7, 0xEA, 0xE2, 0x62, 0xFB, 0x7F, 0x70, 0x7F, 0xFC, 0x1B, 0xF9, 0xB2, 0xE9,
    0x4E, 0x52, 0xFF, 0xA6, 0x8E, 0xC4, 0xA8, 0x3F, 0xD3, 0xCF, 0x2B, 0x51, 0xBE, 0x14, 0xE5, 0xBD,
    0x28, 0x57, 0xD1, 0xC3, 0xA4, 0xDF, 0x2D, 0x00, 0xE7, 0x26, 0xF1, 0x52, 0xD1, 0xD5, 0x6E, 0x0E,
    0x6D, 0x2D, 0xC4, 0x39, 0xB3, 0xA8, 0x84, 0x5B, 0xC0, 0x5D, 0x4D, 0xEE, 0xCA, 0x3C, 0xD0, 0xA7,
    0xD5, 0x8C, 0xF6, 0x22, 0xD3, 0x87, 0x08, 0x9F, 0x8E, 0x2D, 0x2B, 0x59, 0x6A, 0x96, 0x45, 0x11,
    0x6F, 0xB7, 0x12, 0x07, 0xC3, 0xC3, 0x33, 0x0D, 0xB7, 0xFF, 0xCE, 0x21, 0x3B, 0xFF, 0x5B, 0x61,
    0xC1, 0x27, 0xBD, 0x5D, 0xFF, 0x61, 0xD2, 0x5D, 0xC5, 0x2D, 0xB1, 0x1F, 0x3B, 0xAA, 0xF7, 0x03,
    0xB5, 0xA6, 0xAE, 0x24, 0x03, 0x92, 0x42, 0x34, 0xCD, 0xDD, 0x26, 0x65, 0x96, 0x9A, 0xF7, 0xE3,
    0x37, 0x64, 0xD2, 0xF4, 0x14, 0x49, 0x5D, 0x39, 0x2F, 0x12, 0x7C, 0x09, 0xEC, 0x82, 0x34, 0x6F,
    0x0B, 0xBB, 0x62, 0x1B, 0xCE, 0xED, 0xF8, 0xF5, 0x94, 0xF1, 0x62, 0xD3, 0x88, 0x4D, 0x0C, 0x38,
    0xC8, 0x22, 0xE5, 0x19, 0xA4, 0xE1, 0x6E, 0x1E, 0xC6, 0xE3, 0x93, 0xE9, 0x24, 0xB4, 0xE9, 0x04,
    0xFD, 0x70, 0x39, 0x3B, 0xCC, 0x28, 0x87, 0x79, 0xC5, 0xCE, 0x80, 0x25, 0x52, 0xDD, 0xB3, 0x4A,
    0xEC, 0xEA, 0xDD, 0x8D, 0xD4, 0xC3, 0xB6, 0x93, 0x04, 0x4C, 0x80, 0x69, 0x0F, 0xDB, 0xF3, 0xF0,
    0xB9, 0xD3, 0xFF, 0x9C, 0x05, 0x41, 0x6C, 0x1D, 0xD9, 0x4D, 0x8B, 0xFF, 0x4C, 0xCD, 0xDB, 0x7F,
    0xB7, 0xB8, 0x3F, 0x3B, 0x90, 0x8F, 0x6F, 0x01, 0xAD, 0x59, 0xCF, 0x6F, 0x1C, 0xC7, 0x95, 0xFE,
    0xBA, 0x8B, 0x66, 0x3B, 0x6A, 0x72, 0x4A, 0x08, 0x72, 0x10, 0x40, 0x99, 0xED, 0x83, 0x0E, 0x02,
    0x42, 0xAA, 0x19, 0x80, 0x07, 0x06, 0xE1, 0xCC, 0x74, 0xE4, 0x83, 0x0F, 0x7B, 0xB0, 0xFE, 0x04,
    0x63, 0xB1, 0x87, 0x3D, 0xAD, 0x89, 0x40, 0x07, 0x22, 0x18, 0x8A, 0x45, 0x29, 0x80, 0x80, 0x18,
    0x81, 0x9C, 0xDC, 0x03, 0x08, 0x39, 0x27, 0xD0, 0x20, 0x10, 0x76, 0x89, 0xEC, 0x50, 0x53, 0x8A,
    0x0E, 0x3E, 0x08, 0x81, 0xDB, 0x9B, 0xCB, 0x02, 0xD9, 0x60, 0x3B, 0x92, 0x01, 0x2F, 0xE0, 0x85,
    0xD3, 0xB6, 0x07, 0xD9, 0xF6, 0xAA, 0x39, 0x95, 0xEF, 0xD5, 0x0C, 0xC9, 0xE1, 0x2F, 0xFD, 0xB0,
    0x34, 0xD3, 0xC5, 0x9E, 0xEE, 0xAE, 0xAE, 0xEF, 0xBD, 0x57, 0xAF, 0xDE, 0xFB, 0x5E, 0x11, 0xCE,
    0xE1, 0xD0, 0x47, 0x59, 0x20, 0xCE, 0x01, 0x5D, 0x00, 0xF3, 0x25, 0xB0, 0x30, 0x00, 0x96, 0x7B,
    0xC0, 0x5A, 0x07, 0x28, 0x5B, 0x40, 0x9E, 0x22, 0x74, 0x2E, 0x53, 0x46, 0xDB, 0x28, 0x8B, 0xAD,
    0x86, 0x2A, 0x1A, 0x08, 0xCB, 0x45, 0x84, 0x95, 0xB3, 0xDA, 0xB5, 0x9D, 0xDD, 0x1B, 0x29, 0x1A,
    0x62, 0x70, 0x2D, 0xB2, 0xBD, 0xE9, 0xB0, 0x44, 0x6C, 0x63, 0x17, 0x96, 0xBD, 0x34, 0x2C, 0xAB,
    0xF8, 0x41, 0x91, 0xC6, 0xFF, 0x51, 0xC7, 0x7F, 0x19, 0xE2, 0xCA, 0x14, 0x70, 0xF7, 0x1C, 0x90,
    0x16, 0xDF, 0x5C, 0x06, 0x0E, 0xDD, 0xA0, 0x0C, 0x33, 0x94, 0x61, 0x61, 0x2C, 0xC3, 0xEB, 0x81,
    0x3D, 0x13, 0x99, 0x70, 0x38, 0x1E, 0x6D, 0x7A, 0x88, 0x45, 0x6D, 0x3B, 0x2A, 0xE7, 0xC1, 0x9E,
    0x78, 0xAF, 0x48, 0x6E, 0x14, 0x1D, 0x55, 0x54, 0xFE, 0xD8, 0x99, 0x2B, 0xD2, 0x5F, 0xD4, 0xC7,
    0x20, 0x57, 0xAB, 0x11, 0x64, 0x77, 0x83, 0x90, 0x6D, 0x04, 0x79, 0x9A, 0x29, 0xE7, 0x8C, 0x40,
    0xC6, 0x88, 0xA8, 0xB2, 0x2A, 0xDF, 0x40, 0x38, 0x10, 0x38, 0x69, 0x40, 0x60, 0x47, 0x72, 0x4B,
    0x0B, 0xEA, 0xB1, 0xFE, 0x4D, 0x8F, 0x7B, 0x8E, 0xB8, 0x51, 0x11, 0x3E, 0x29, 0xD2, 0xB7, 0x8A,
    0xDE, 0x24, 0xEE, 0xCF, 0x89, 0x9B, 0x21, 0x26, 0x2A, 0xC1, 0x4B, 0x2F, 0xEC, 0x22, 0xAD, 0x91,
    0xC9, 0x31, 0x0F, 0x4C, 0xED, 0x1B, 0xA4, 0xFF, 0x75, 0x38, 0x88, 0x1E, 0x14, 0xF8, 0x51, 0x89,
    0x37, 0x4A, 0x04, 0x94, 0x8B, 0x56, 0xD0, 0x46, 0xB4, 0x01, 0x05, 0x4D, 0x3D, 0xEC, 0x54, 0x0F,
    0x91, 0x36, 0xA1, 0xDD, 0x09, 0xCA, 0xD0, 0x7D, 0x22, 0x77, 0x6A, 0x3E, 0x89, 0x0D, 0x0C, 0x47,
    0x08, 0x87, 0x59, 0xB5, 0xDA, 0x54, 0x7F, 0xB2, 0x54, 0x8C, 0x2F, 0xFA, 0x3F, 0x3D, 0x79, 0x3F,
    0x31, 0x1F, 0xA4, 0x03, 0x84, 0x19, 0xD4, 0x00, 0xEA, 0xBF, 0x11, 0xE6, 0x25, 0xB2, 0xA9, 0x49,
    0xDC, 0x39, 0xE2, 0x7E, 0x59, 0x60, 0xF1, 0x74, 0xDC, 0x6D, 0xC4, 0xDA, 0xA8, 0x3D, 0xDC, 0x1E,
    0x6D, 0xA8, 0x1E, 0x66, 0xDD, 0x85, 0xD7, 0x91, 0x3D, 0x13, 0x57, 0x19, 0x04, 0x54, 0x7C, 0x79,
    0x62, 0xF2, 0x39, 0x46, 0x9C, 0xBF, 0xC7, 0x01, 0x1F, 0x1A, 0xFC, 0x9B, 0xC5, 0x74, 0xE9, 0xA1,
    0x0E, 0x70, 0x7B, 0xDE, 0x5C, 0xDF, 0x2E, 0xB0, 0xD0, 0x82, 0xA6, 0x59, 0xE8, 0x59, 0x1F, 0x60,
    0x05, 0x91, 0xF5, 0xA3, 0x3C, 0x03, 0x8F, 0xAA, 0x2D, 0x6A, 0xD1, 0x13, 0xED, 0x4C, 0x94, 0xFE,
    0xE6, 0x7A, 0x36, 0x02, 0xBB, 0xBE, 0x12, 0xFE, 0x15, 0x3A, 0xC7, 0x05, 0x2F, 0x75, 0x56, 0x35,
    0x9B, 0xEA, 0xA1, 0xC5, 0x51, 0xDC, 0x2D, 0xC1, 0x2D, 0xCE, 0x03, 0x8F, 0x72, 0x04, 0xF4, 0xC9,
    0xB0, 0xDC, 0x43, 0xD5, 0x6E, 0xC8, 0x1E, 0x89, 0xD1, 0x26, 0xB2, 0x2D, 0xFA, 0x31, 0x5F, 0x7A,
    0xAB, 0x40, 0x4B, 0xDE, 0x6C, 0xB1, 0x5B, 0x05, 0x2E, 0x15, 0xA4, 0x32, 0x5A, 0x0B, 0x2A, 0xAF,
    0x90, 0xAA, 0x22, 0x28, 0xB5, 0xD9, 0xA4, 0x23, 0x7E, 0x40, 0x27, 0xFB, 0x5D, 0x89, 0xF7, 0xEE,
    0x00, 0xFF, 0x9F, 0x43, 0xFF, 0x9A, 0x27, 0x4B, 0xC8, 0xD0, 0x55, 0xA8, 0x12, 0xD3, 0x42, 0x15,
    0x59, 0x6D, 0xF8, 0x5B, 0x9B, 0xFD, 0x53, 0x8F, 0x37, 0x73, 0x6D, 0xD2, 0xCB, 0x15, 0x36, 0x6F,
    0x95, 0x6D, 0xF6, 0x14, 0x6C, 0x19, 0x92, 0x52, 0xD2, 0x2D, 0xD1, 0x64, 0x6B, 0xB1, 0xA5, 0x9B,
    0x2E, 0x4F, 0xE5, 0x3C, 0x6E, 0xAD, 0xF1, 0xB3, 0xDE, 0xA8, 0x6F, 0x62, 0xDB, 0xEE, 0x6B, 0xC2,
    0x57, 0x08, 0xAE, 0x79, 0x23, 0x49, 0x04, 0xF1, 0x33, 0x94, 0x3A, 0xD3, 0x8A, 0x0A, 0x82, 0x27,
    0xA2, 0x84, 0xBE, 0x51, 0xD0, 0xD1, 0x45, 0xF6, 0x16, 0xC3, 0xC4, 0xD6, 0x40, 0x15, 0x84, 0x0E,
    0x86, 0xED, 0x5C, 0xBB, 0xF2, 0x60, 0xB6, 0x9D, 0x73, 0xAA, 0x88, 0xA8, 0x3A, 0xD7, 0xF5, 0x45,
    0x6F, 0xF1, 0x8B, 0xA8, 0x1A, 0x68, 0x3B, 0x4A, 0x5C, 0xF8, 0x8B, 0xF1, 0x5C, 0xA8, 0x1B, 0x05,
    0x38, 0xDC, 0xBF, 0x3B, 0x37, 0x3C, 0x88, 0x31, 0x5C, 0xE3, 0x65, 0x67, 0x35, 0xFC, 0xD4, 0xA4,
    0x1C, 0xC7, 0x5B, 0xDD, 0x7A, 0xAB, 0x07, 0xC9, 0x56, 0x99, 0x7E, 0x12, 0xE0, 0x2C, 0x6E, 0x5F,
    0x44, 0x5C, 0x1D, 0xC0, 0x71, 0xB5, 0x12, 0x68, 0x55, 0x9B, 0x98, 0x9D, 0x8C, 0x8C, 0x1D, 0xD0,
    0x50, 0x6B, 0xCA, 0xD5, 0xA8, 0xE2, 0xD1, 0xC5, 0x78, 0xD2, 0x2F, 0xB6, 0xD0, 0x20, 0x6A, 0xDF,
    0xB9, 0x62, 0x0A, 0x59, 0x7E, 0x3E, 0x8A, 0xB2, 0x34, 0xDF, 0x07, 0xED, 0x9D, 0x0A, 0x0A, 0xCE,
    0xB4, 0xA6, 0x6F, 0xD9, 0xA7, 0x81, 0x86, 0xC4, 0xE9, 0xEE, 0x81, 0x86, 0x27, 0x82, 0xA2, 0x2B,
    0xC3, 0xAC, 0x3D, 0x53, 0x49, 0x6F, 0x40, 0x45, 0x03, 0x76, 0x5B, 0x38, 0xE7, 0x07, 0x9A, 0xE1,
    0x44, 0xD3, 0x80, 0x5E, 0x2F, 0xB9, 0x18, 0x1B, 0x30, 0x1C, 0x19, 0xF0, 0x07, 0x34, 0x20, 0x40,
    0xFF, 0xE9, 0x32, 0xC8, 0x31, 0xEC, 0x0C, 0x9E, 0x69, 0xC7, 0x01, 0x66, 0x45, 0x9D, 0x55, 0x04,
    0xBB, 0x12, 0x9B, 0x4D, 0x17, 0xEB, 0x77, 0xBD, 0x51, 0xEB, 0x97, 0x31, 0x6A, 0x23, 0xB4, 0x57,
    0xBB, 0xE1, 0xE7, 0x82, 0xF4, 0xEE, 0xB3, 0x8D, 0x1A, 0x30, 0x86, 0xA5, 0x16, 0xC1, 0x67, 0x06,
    0xF3, 0x51, 0x86, 0x2B, 0xAF, 0xED, 0x1B, 0x37, 0x72, 0xB7, 0x19, 0x04, 0xE8, 0x75, 0xD1, 0xF5,
    0x02, 0x8D, 0x04, 0x38, 0xCB, 0xD5, 0x2B, 0x68, 0x04, 0xA5, 0xE2, 0x5A, 0xFC, 0xFC, 0x51, 0x09,
    0x7D, 0xC3, 0x8A, 0x1F, 0xCA, 0x52, 0x50, 0x45, 0x9C, 0x27, 0x46, 0x42, 0x15, 0x4A, 0x84, 0x35,
    0xA2, 0x5F, 0xA2, 0x11, 0xE3, 0x5C, 0x90, 0xF9, 0xD1, 0x86, 0xE9, 0x5E, 0xAE, 0xE8, 0x28, 0xDB,
    0x8A, 0x4D, 0xBC, 0x2B, 0x31, 0x9A, 0x47, 0x34, 0xCC, 0xE2, 0x7E, 0xD9, 0x09, 0xEB, 0x0A, 0xBD,
    0x0A, 0xDB, 0x35, 0xCA, 0xCD, 0xB7, 0x2D, 0x9F, 0x62, 0x29, 0x02, 0x6E, 0xAF, 0x33, 0x88, 0x98,
    0xC9, 0x1C, 0x16, 0xB8, 0xFF, 0xC1, 0x4E, 0x40, 0x38, 0x14, 0xD4, 0xE3, 0xA6, 0xF5, 0x51, 0x44,
    0x26, 0x63, 0x24, 0x9B, 0x92, 0x59, 0xA8, 0x44, 0x43, 0xCA, 0x76, 0xBD, 0xF4, 0x8B, 0xAC, 0x12,
    0x45, 0x18, 0x8B, 0x30, 0x15, 0x64, 0x33, 0xA1, 0x9D, 0x8E, 0xB2, 0x70, 0x77, 0x2F, 0x87, 0x89,
    0x5C, 0xF9, 0xD3, 0xE4, 0x0A, 0x28, 0x17, 0x63, 0xDE, 0x4A, 0x8D, 0xEE, 0xE6, 0x65, 0x2F, 0x97,
    0xB8, 0x20, 0x5D, 0x48, 0x1C, 0xF2, 0x24, 0xB9, 0x82, 0x62, 0xDB, 0xCB, 0x35, 0xF5, 0xFC, 0x72,
    0x89, 0xCF, 0xD0, 0x5F, 0xD6, 0x70, 0xCC, 0x52, 0x39, 0x25, 0x8A, 0x76, 0x11, 0x1A, 0x89, 0xE8,
    0xA7, 0x5A, 0x2A, 0x19, 0x1A, 0x31, 0x7D, 0x85, 0x79, 0x66, 0xA5, 0x15, 0x26, 0xF3, 0xCB, 0xE5,
    0xDE, 0x3C, 0x89, 0x08, 0x6D, 0x7A, 0xBD, 0x7E, 0x9F, 0xF3, 0xC4, 0xF8, 0x5E, 0xA5, 0x14, 0x81,
    0xD3, 0x67, 0xD2, 0xEC, 0x1A, 0x24, 0xC2, 0xCB, 0xE7, 0x0D, 0xF8, 0xF0, 0x8F, 0x25, 0x78, 0x87,
    0xB8, 0x38, 0x56, 0xE9, 0x82, 0xF7, 0x67, 0xEB, 0x65, 0xBB, 0xBB, 0xEF, 0x16, 0x47, 0x27, 0x72,
    0x2C, 0xDE, 0x53, 0x26, 0x32, 0x92, 0xFC, 0x2F, 0xB9, 0x9F, 0xEB, 0xA2, 0xDB, 0x38, 0x08, 0x51,
    0xA5, 0x76, 0xA9, 0x97, 0xE8, 0x84, 0xE6, 0x5C, 0x75, 0xEA, 0x33, 0x36, 0x79, 0x77, 0xC2, 0x77,
    0x1B, 0x74, 0x15, 0xF1, 0xDD, 0x39, 0x03, 0x4F, 0x4F, 0xAA, 0x49, 0x57, 0xE5, 0xE5, 0x35, 0x30,
    0xB6, 0xF3, 0x72, 0x87, 0x97, 0x03, 0x90, 0x25, 0xA8, 0x42, 0x42, 0x37, 0x43, 0x28, 0xBB, 0x1E,
    0x5C, 0x86, 0xEE, 0x43, 0x77, 0x48, 0x2C, 0xAE, 0x19, 0xF7, 0xA2, 0x62, 0x51, 0x06, 0x59, 0xC4,
    0x82, 0xCD, 0x13, 0xD7, 0xAA, 0x9C, 0xF4, 0xCD, 0x02, 0x42, 0x68, 0x28, 0x41, 0xA5, 0x72, 0x41,
    0xAE, 0x04, 0xF3, 0xC8, 0x29, 0x76, 0x49, 0x7D, 0xE9, 0xF2, 0xCF, 0xC7, 0xEB, 0xBF, 0x5D, 0x8B,
    0x60, 0xA7, 0x7D, 0xDB, 0x75, 0xB2, 0x1F, 0xAE, 0x83, 0x6D, 0x6C, 0x9A, 0x89, 0x04, 0x39, 0xF9,
    0xA7, 0x5F, 0x8E, 0xD2, 0x82, 0x2B, 0xE9, 0x9B, 0xC7, 0x8E, 0x5B, 0x6E, 0xF4, 0x34, 0x8D, 0x4B,
    0x72, 0xC8, 0x83, 0x43, 0xBB, 0x2B, 0xD3, 0xF9, 0x3F, 0x8E, 0x98, 0x9E, 0x72, 0xBF, 0x2F, 0x63,
    0x9B, 0xA2, 0x17, 0x1E, 0x3B, 0xB9, 0xD2, 0x36, 0xEC, 0xAF, 0x7C, 0xB7, 0x54, 0xD5, 0x47, 0x9F,
    0xB7, 0x07, 0xA7, 0x81, 0x9E, 0x09, 0xED, 0x2A, 0x23, 0x04, 0x1A, 0x41, 0x39, 0xF2, 0x87, 0xB9,
    0x23, 0xF8, 0x71, 0x3D, 0x2B, 0x5D, 0xE8, 0x78, 0x11, 0x06, 0x31, 0x9E, 0xA6, 0xC0, 0xDC, 0xD6,
    0xF0, 0xA8, 0x31, 0xD3, 0x9A, 0x5A, 0xB1, 0x3F, 0x93, 0x3D, 0x6D, 0x90, 0xE2, 0xB9, 0x7E, 0x4C,
    0xF1, 0xC7, 0x56, 0xCE, 0xB7, 0xDF, 0xE0, 0x04, 0x6D, 0x11, 0xCC, 0xD1, 0x77, 0x63, 0xC6, 0xD5,
    0x2C, 0xE1, 0xDF, 0x7D, 0xAF, 0x9D, 0x33, 0xE9, 0xA6, 0xE9, 0x73, 0xFD, 0x9C, 0x76, 0x6C, 0x96,
    0xA9, 0x8F, 0x49, 0x97, 0x70, 0x76, 0x01, 0xAD, 0x65, 0xB4, 0x0D, 0xA6, 0x81, 0x4D, 0xA8, 0x3F,
    0x63, 0xF5, 0x7C, 0x90, 0x7D, 0x67, 0x6F, 0x72, 0x65, 0x7A, 0x5A, 0xE2, 0x1C, 0xF4, 0xD4, 0xC9,
    0x9F, 0x19, 0x9A, 0xAF, 0x63, 0xB0, 0x12, 0xD9, 0xF2, 0x92, 0xA2, 0xE1, 0xC5, 0xB8, 0x4D, 0xA8,
    0x1A, 0x8B, 0x9D, 0xA0, 0xB8, 0xFA, 0x1A, 0xAE, 0x48, 0xD4, 0x22, 0xD9, 0x3E, 0xF9, 0x65, 0xC3,
    0xBE, 0xF4, 0x70, 0x12, 0x63, 0x8D, 0xB3, 0xEB, 0xC1, 0xDF, 0xAC, 0x12, 0x1F, 0x2C, 0xDB, 0x5F,
    0x96, 0x18, 0xA4, 0x68, 0x72, 0x6A, 0x4C, 0x4A, 0x9A, 0x55, 0xAE, 0x92, 0xFF, 0x64, 0x21, 0xEF,
    0x92, 0x5B, 0x84, 0xE5, 0x2E, 0xD2, 0x88, 0x37, 0x53, 0x93, 0x82, 0x93, 0xA8, 0xA8, 0x40, 0x7A,
    0x8B, 0x0B, 0xC1, 0x0B, 0xCA, 0x29, 0x60, 0xCA, 0xC0, 0x0C, 0x3C, 0xAD, 0xFB, 0x60, 0x6C, 0x03,
    0xDC, 0x31, 0x02, 0x76, 0x70, 0xDC, 0x70, 0xDA, 0x0C, 0xF4, 0xF5, 0x5C, 0xDF, 0xCC, 0xF4, 0xCF,
    0xA0, 0x7F, 0xC3, 0x04, 0x01, 0x7D, 0xCB, 0xE8, 0x9B, 0xB9, 0xBE, 0x41, 0x03, 0x57, 0x74, 0xC3,
    0x31, 0x0D, 0x6F, 0xD3, 0xA3, 0x20, 0x26, 0xB9, 0xE0, 0x19, 0x62, 0x49, 0x0A, 0xD4, 0xB6, 0xD5,
    0xF9, 0x2B, 0xAD, 0x33, 0x1C, 0x05, 0xEA, 0x31, 0x89, 0x4F, 0x8E, 0x56, 0x53, 0x32, 0x8B, 0x2A,
    0x3A, 0xCC, 0x74, 0xD7, 0x9D, 0xA5, 0xAB, 0x64, 0x5E, 0x29, 0x2B, 0xAA, 0x76, 0xF7, 0x03, 0xC8,
    0x61, 0x19, 0x4E, 0x38, 0xA6, 0xB4, 0x69, 0x8C, 0x0E, 0x49, 0xCF, 0x67, 0x55, 0xDE, 0x0E, 0x8B,
    0x45, 0x59, 0x30, 0xDF, 0x2D, 0x4E, 0x5B, 0x84, 0xA8, 0xDA, 0xF5, 0x8B, 0x8C, 0x3C, 0xEF, 0x13,
    0x3F, 0x70, 0x15, 0xE8, 0x78, 0x3B, 0x31, 0x7C, 0xBE, 0xEB, 0x57, 0xC4, 0x4F, 0x4F, 0x72, 0x58,
    0xF1, 0x59, 0xC6, 0xC4, 0x22, 0xC1, 0xD2, 0x74, 0xE0, 0x2B, 0x08, 0x26, 0xCB, 0xD2, 0x7D, 0x99,
    0xEB, 0xEB, 0x56, 0x8E, 0x53, 0x01, 0x5F, 0x9B, 0x04, 0x9C, 0xBB, 0x73, 0xE7, 0x8E, 0xFE, 0x8D,
    0xFE, 0x35, 0xBF, 0xE6, 0xE4, 0xAF, 0xF3, 0xEB, 0xBE, 0x75, 0x42, 0x30, 0x84, 0x22, 0x1B, 0x4E,
    0x78, 0xB9, 0xB2, 0xFF, 0x34, 0xC8, 0xF8, 0x0A, 0x9F, 0xAE, 0xF2, 0x92, 0x14, 0xD6, 0xD9, 0x39,
    0x73, 0xE6, 0x78, 0x38, 0xD9, 0xB2, 0x55, 0x93, 0x22, 0x1E, 0x7E, 0xC0, 0x79, 0x6E, 0xD7, 0x47,
    0x4A, 0x09, 0x72, 0xE6, 0xB6, 0x97, 0x3A, 0x29, 0x30, 0xBB, 0xF7, 0x64, 0x8A, 0x51, 0x8B, 0x29,
    0x8A, 0xC9, 0x67, 0x9D, 0x0A, 0x4C, 0x17, 0x04, 0x90, 0x3C, 0x24, 0x79, 0x10, 0xAD, 0x37, 0x75,
    0xA5, 0x06, 0x61, 0xA5, 0x86, 0xC1, 0xAD, 0xF1, 0x1D, 0xFF, 0x48, 0xBB, 0x6C, 0x54, 0xAE, 0x89,
    0xA4, 0xF5, 0x58, 0x8F, 0x09, 0x92, 0x6B, 0x95, 0x23, 0xC4, 0x1A, 0x93, 0xCB, 0xD2, 0x6C, 0x8D,
    0xA5, 0x99, 0x7B, 0x6C, 0x6D, 0xB6, 0xC4, 0x2E, 0xCD, 0xC4, 0xC5, 0xD2, 0x8C, 0x2A, 0x97, 0x66,
    0x50, 0xB3, 0x6D, 0xB0, 0xB5, 0xD7, 0x66, 0x98, 0x86, 0x66, 0x10, 0x95, 0xE7, 0xC5, 0xE2, 0x56,
    0x58, 0x0A, 0x4B, 0x87, 0x81, 0x17, 0xBE, 0x1C, 0x4F, 0x5A, 0xF0, 0xC5, 0x3D, 0xA6, 0x0A, 0x56,
    0xA5, 0x35, 0x83, 0x98, 0x44, 0x32, 0xC6, 0x31, 0x06, 0xB3, 0x43, 0x17, 0x8C, 0x6B, 0xC5, 0x4B,
    0x43, 0xFB, 0x64, 0x4A, 0xED, 0x62, 0x09, 0xE2, 0x76, 0x94, 0x78, 0xCF, 0x8C, 0xD4, 0x4A, 0xE6,
    0x8A, 0xB6, 0xDB, 0x0D, 0x07, 0xFA, 0x24, 0xF0, 0xD1, 0xC5, 0x03, 0x77, 0xD3, 0x3B, 0x5D, 0xCC,
    0x65, 0x51, 0x7A, 0x2A, 0xF2, 0x2D, 0x90, 0x4E, 0xFA, 0x8F, 0xA4, 0x58, 0x49, 0xB5, 0x92, 0x72,
    0xA3, 0xFC, 0x95, 0x19, 0x2B, 0xCA, 0xC8, 0x9D, 0xB9, 0x2E, 0xEE, 0x4A, 0x89, 0x82, 0x73, 0x2F,
    0x62, 0xAC, 0xF6, 0xFD, 0xBE, 0x89, 0x1F, 0xBA, 0x32, 0xDE, 0x0D, 0xEB, 0x38, 0xC7, 0x0E, 0x75,
    0x6E, 0xC6, 0x23, 0xDE, 0xF8, 0xCC, 0x46, 0xE7, 0x6A, 0xF9, 0x10, 0xE8, 0x5B, 0x97, 0x7A, 0x55,
    0x5C, 0xFF, 0x9B, 0x26, 0x89, 0x0B, 0xD7, 0xAF, 0xD3, 0x6C, 0x87, 0x61, 0x2D, 0x45, 0xEB, 0xF8,
    0xE1, 0x18, 0xCB, 0xE5, 0x95, 0x26, 0x96, 0x3A, 0xD8, 0x28, 0xC5, 0x23, 0x8F, 0xEE, 0xC9, 0xC8,
    0xE7, 0x3D, 0xAE, 0x87, 0x4F, 0x92, 0x4C, 0x67, 0x4A, 0xFA, 0x97, 0x5C, 0xC2, 0x3D, 0x52, 0xA1,
    0x0E, 0x55, 0x6C, 0x4E, 0x36, 0xB9, 0x27, 0xCF, 0x2E, 0xB1, 0x8F, 0xF4, 0x95, 0x77, 0xE4, 0xDD,
    0xC9, 0xA2, 0x8B, 0x35, 0x32, 0x0B, 0xCD, 0x26, 0x06, 0x1D, 0x79, 0xBF, 0xB9, 0x7F, 0xF4, 0xD0,
    0xE1, 0x4D, 0x7D, 0xB9, 0x60, 0x07, 0x58, 0x46, 0x88, 0xEE, 0xCA, 0xF1, 0xBD, 0x99, 0x97, 0x94,
    0x83, 0xB5, 0xD4, 0x2C, 0x4C, 0x74, 0xF9, 0x80, 0xDA, 0x3E, 0x97, 0x34, 0xEA, 0x3E, 0x93, 0xC6,
    0x87, 0xAC, 0x43, 0x39, 0x4A, 0xB1, 0xFE, 0x4A, 0x25, 0xC2, 0xEA, 0x22, 0xEA, 0x1D, 0xF5, 0x71,
    0xD9, 0x88, 0xB2, 0x17, 0x90, 0xA8, 0xCF, 0xCA, 0xAB, 0xD8, 0x88, 0x1C, 0xE6, 0x13, 0xF1, 0xE0,
    0xC7, 0x96, 0xA9, 0xF3, 0x5B, 0x1D, 0xF1, 0xF2, 0x58, 0xD2, 0x74, 0x21, 0x09, 0xBB, 0x21, 0x19,
    0xDB, 0x1D, 0xFC, 0x04, 0x29, 0x37, 0xC3, 0x68, 0x64, 0x25, 0xB9, 0x34, 0xA5, 0xEF, 0xF7, 0x98,
    0xFF, 0x11, 0x45, 0xF9, 0x66, 0x89, 0x6E, 0x3C, 0x7C, 0xC7, 0xB9, 0x70, 0x18, 0x0C, 0x83, 0xC1,
    0xC6, 0xDD, 0x4E, 0x33, 0x18, 0x86, 0x9F, 0x59, 0x6D, 0x53, 0x52, 0x23, 0x56, 0x44, 0x52, 0xBA,
    0xC8, 0xD6, 0x0A, 0x09, 0x34, 0x4F, 0x43, 0x26, 0x99, 0xA4, 0x0C, 0x92, 0xB7, 0xFF, 0x94, 0x77,
    0xD3, 0x22, 0xA9, 0x24, 0x40, 0x20, 0x31, 0xDE, 0xE3, 0x25, 0xEE, 0x5C, 0xD9, 0x37, 0x8E, 0xD4,
    0xF9, 0x69, 0x50, 0xF3, 0x1D, 0x66, 0x4C, 0xF1, 0x76, 0xE1, 0x3C, 0x2D, 0xF4, 0xA6, 0x8B, 0x90,
    0x94, 0x2F, 0xBE, 0x2F, 0x5B, 0x44, 0x7C, 0x2A, 0xB9, 0x56, 0xE5, 0xAC, 0xD3, 0x99, 0x5A, 0x13,
    0xEC, 0xA0, 0xFD, 0x8E, 0x43, 0x4A, 0x82, 0x88, 0x38, 0x8F, 0x72, 0x65, 0xA5, 0x36, 0x0A, 0xB6,
    0xEF, 0x0D, 0xFB, 0xFA, 0x2F, 0x0F, 0x0E, 0xA2, 0xDE, 0xF8, 0x47, 0x3A, 0x84, 0xD4, 0xAB, 0x3D,
    0x49, 0xCD, 0x6A, 0x8C, 0xC0, 0x05, 0xC5, 0xB2, 0xA1, 0x9C, 0x33, 0x31, 0xFD, 0x8E, 0x49, 0x1B,
    0x3D, 0xC5, 0xA7, 0x11, 0x9F, 0xE9, 0xCC, 0xE3, 0xA3, 0x43, 0xD2, 0xB4, 0xCB, 0x45, 0x73, 0x6F,
    0x2F, 0x7B, 0x4B, 0x7C, 0x90, 0x00, 0xC3, 0x00, 0x31, 0x4E, 0xDF, 0x98, 0x7B, 0xFF, 0xAF, 0x9F,
    0x95, 0xC3, 0xF3, 0x87, 0xD0, 0x7C, 0x3D, 0x42, 0x38, 0x5A, 0x80, 0x6A, 0x45, 0xCC, 0xF6, 0xD3,
    0x32, 0x6D, 0xAF, 0xB1, 0xD6, 0x97, 0x09, 0x4C, 0xE8, 0x1C, 0x89, 0x1D, 0xAF, 0xFB, 0x97, 0xB7,
    0xC0, 0x82, 0xBA, 0xF1, 0xC0, 0xB6, 0x72, 0x96, 0x3F, 0xEF, 0x8E, 0x2C, 0xE0, 0x74, 0xAE, 0x4E,
    0xB2, 0x00, 0x22, 0xC3, 0x49, 0x95, 0x9D, 0x12, 0xA1, 0x00, 0x23, 0xB6, 0xDB, 0xFF, 0x24, 0xBD,
    0xFC, 0x45, 0xA9, 0x3E, 0x32, 0x31, 0xFD, 0x72, 0x97, 0x95, 0x57, 0x16, 0x90, 0x32, 0xF4, 0x69,
    0x10, 0x86, 0xA7, 0xFF, 0x82, 0xBE, 0x8A, 0x66, 0x11, 0x7C, 0x95, 0xA7, 0xD3, 0x52, 0xDE, 0x2C,
    0x62, 0x83, 0x89, 0xDD, 0x4A, 0x61, 0x1B, 0xEF, 0x6E, 0xCC, 0x57, 0x0D, 0x31, 0x4D, 0xBB, 0x60,
    0xD5, 0xB2, 0x99, 0xA7, 0x79, 0x3A, 0xE8, 0xF4, 0x0B, 0xFC, 0x93, 0x18, 0xA9, 0x59, 0x86, 0xB6,
    0x98, 0x82, 0x79, 0x71, 0x0C, 0x95, 0x87, 0x75, 0xF0, 0xA9, 0x29, 0xAE, 0xFA, 0xF2, 0xB9, 0xFF,
    0xF1, 0x60, 0xBD, 0x6A, 0xB4, 0x83, 0x98, 0x8C, 0x5F, 0x8A, 0xA3, 0xE4, 0x0F, 0xE1, 0x57, 0x59,
    0x6F, 0xD0, 0xA1, 0xC3, 0xB1, 0xF3, 0x4E, 0xFC, 0xA1, 0xD5, 0x2D, 0x2C, 0x54, 0xB2, 0x2F, 0xC8,
    0xA7, 0x91, 0xCB, 0x42, 0x46, 0xD7, 0x3E, 0x5D, 0x77, 0x0D, 0xCD, 0x1C, 0xFF, 0x67, 0xA2, 0x8F,
    0xB2, 0xDE, 0x9C, 0x04, 0x0A, 0xE9, 0x11, 0xD0, 0xAB, 0x0D, 0x39, 0x9C, 0x17, 0x7D, 0xFA, 0xB8,
    0xE8, 0x4A, 0x24, 0xEF, 0x60, 0x5D, 0x17, 0xB3, 0x81, 0x5D, 0x98, 0xA7, 0x12, 0xD8, 0xCC, 0xF6,
    0x36, 0x10, 0x44, 0x89, 0x1F, 0x7E, 0x51, 0x86, 0x1F, 0x79, 0x82, 0x78, 0x54, 0x89, 0x3F, 0x1F,
    0x56, 0xE2, 0xAA, 0x8E, 0x35, 0x9E, 0x64, 0x89, 0xF1, 0xA4, 0x64, 0xAC, 0x04, 0x4E, 0x50, 0x82,
    0xAB, 0xE6, 0x49, 0x56, 0xE9, 0xAE, 0x36, 0xFF, 0x2A, 0x1B, 0x22, 0xE3, 0x3A, 0xE7, 0x19, 0x27,
    0x49, 0xE4, 0x64, 0x7D, 0xF8, 0x3E, 0xFC, 0xBE, 0xA4, 0xF6, 0xCE, 0x14, 0xF3, 0x9C, 0xB2, 0x42,
    0x12, 0xB7, 0x9E, 0xFC, 0x26, 0x48, 0xFE, 0x33, 0x1E, 0x1C, 0xA8, 0x16, 0xE4, 0xCB, 0x88, 0xDF,
    0xA1, 0xC7, 0x8D, 0x4A, 0xD1, 0xF1, 0xD6, 0xE2, 0xBE, 0x18, 0x7F, 0x7B, 0x11, 0x31, 0x24, 0x3E,
    0x34, 0xB1, 0x1A, 0xAD, 0xE8, 0xE5, 0x04, 0xAC, 0x65, 0x8F, 0x43, 0x6F, 0xC5, 0x5F, 0xB3, 0xEA,
    0xFB, 0x3C, 0x2C, 0x2F, 0xE5, 0x69, 0xF0, 0xBF, 0x61, 0x39, 0x2B, 0x64, 0x5E, 0x36, 0x17, 0x53,
    0xD9, 0x55, 0xB3, 0x13, 0x57, 0x87, 0x4F, 0x1C, 0x9B, 0x62, 0x70, 0x84, 0x03, 0x85, 0xF6, 0x7E,
    0x71, 0xD4, 0x9F, 0xB0, 0x26, 0x4C, 0x2F, 0x67, 0xF8, 0x78, 0x78, 0x2C, 0x03, 0xB9, 0x52, 0x49,
    0x91, 0xB9, 0xC6, 0xB6, 0xF4, 0xB4, 0x96, 0x8C, 0xDA, 0x1A, 0x2B, 0x84, 0xDB, 0x24, 0xC2, 0xB9,
    0x1A, 0x70, 0x5D, 0x6E, 0x32, 0x46, 0xB9, 0xC1, 0xC4, 0x68, 0x73, 0xE6, 0x5F, 0xE2, 0x2A, 0x79,
    0x0A, 0xBB, 0x95, 0x6D, 0x9A, 0x7B, 0x48, 0x1F, 0xD7, 0x27, 0xA5, 0xC3, 0x97, 0x95, 0x45, 0xF6,
    0xA6, 0xBE, 0x91, 0x2C, 0x6F, 0xD2, 0x3B, 0x2E, 0x92, 0xB8, 0x4C, 0x6E, 0x2A, 0xBE, 0x02, 0x79,
    0x64, 0xAB, 0x72, 0x45, 0x21, 0xC8, 0xF3, 0x89, 0x91, 0x5F, 0x40, 0x2C, 0xFA, 0x3F, 0x2E, 0x92,
    0xD0, 0x93, 0x11, 0x61, 0x65, 0x61, 0xC4, 0xA9, 0x5E, 0xA1, 0x78, 0x2C, 0x12, 0x71, 0x86, 0xC3,
    0x5B, 0x8B, 0xD9, 0xF3, 0xBE, 0x34, 0xDA, 0x2B, 0xE8, 0xA3, 0xA2, 0x7F, 0x7D, 0x78, 0xAA, 0x78,
    0x72, 0xDA, 0x89, 0x99, 0x2F, 0xB9, 0x24, 0xC2, 0x82, 0xA9, 0xF1, 0x8F, 0xA5, 0xDF, 0xDF, 0x2E,
    0x17, 0x5F, 0xAD, 0x78, 0xF3, 0x71, 0xA6, 0xDF, 0xCF, 0xF5, 0xDB, 0x66, 0x3F, 0x87, 0x07, 0xDB,
    0xD3, 0x8F, 0x86, 0x11, 0xCB, 0x98, 0x96, 0x48, 0x51, 0xC9, 0x5E, 0xD2, 0xE1, 0x0B, 0xB1, 0x5C,
    0xFF, 0x56, 0xF9, 0xC2, 0xD0, 0x86, 0xD0, 0x79, 0x98, 0xAB, 0xE1, 0x9D, 0x11, 0xB4, 0xE2, 0xA2,
    0x95, 0xC2, 0x5F, 0x76, 0xDA, 0xA2, 0xFA, 0x60, 0xDE, 0xD2, 0xE7, 0x9A, 0x37, 0xDC, 0x06, 0x16,
    0x46, 0xFF, 0x34, 0x4A, 0xC6, 0x44, 0x6B, 0xDA, 0x53, 0x10, 0x3F, 0xD2, 0x8F, 0xE5, 0x96, 0xEC,
    0x77, 0x62, 0xBF, 0x1E, 0x1F, 0xEF, 0xB8, 0xD6, 0x18, 0x28, 0xB7, 0xC8, 0x94, 0x1F, 0x6D, 0x15,
    0xEC, 0xBB, 0xA6, 0xF1, 0x03, 0x1B, 0x93, 0xFB, 0x5E, 0x43, 0x11, 0x67, 0xBF, 0x65, 0x2C, 0x58,
    0x6F, 0xE8, 0xC0, 0xAA, 0xFB, 0x79, 0xB5, 0x80, 0xD5, 0x85, 0xF8, 0x81, 0x09, 0x1F, 0x9B, 0xD5,
    0x65, 0xA4, 0xCB, 0xEA, 0x53, 0x04, 0x4F, 0x90, 0x76, 0xE5, 0x1F, 0x5D, 0x43, 0x09, 0xB6, 0x3A,
    0x17, 0x6A, 0x2F, 0xE4, 0xC8, 0x4B, 0xE1, 0xF7, 0xD7, 0x22, 0x71, 0xC1, 0xD5, 0xBB, 0x22, 0x57,
    0x57, 0xEA, 0x9A, 0x91, 0x4D, 0xF5, 0xAE, 0xB2, 0xFD, 0xF7, 0x99, 0x3C, 0xAF, 0x26, 0xD8, 0x0D,
    0x6D, 0x53, 0x6D, 0x37, 0xB0, 0xBD, 0x50, 0x2E, 0x05, 0xE5, 0x1F, 0x3F, 0xB6, 0xEA, 0x41, 0xF4,
    0x53, 0xE8, 0x7F, 0xD6, 0xCB, 0xB8, 0x94, 0x37, 0x85, 0x0B, 0xDD, 0x93, 0x58, 0x36, 0x20, 0x31,
    0x91, 0x51, 0x25, 0xB2, 0xF5, 0x69, 0xA7, 0x7F, 0x60, 0xF9, 0x79, 0xE6, 0x60, 0x5B, 0x1C, 0xEE,
    0x61, 0x81, 0x6D, 0x6D, 0x95, 0x4D, 0xB2, 0x05, 0x7A, 0x55, 0x81, 0x0D, 0x46, 0xDC, 0xDE, 0x1A,
    0xF0, 0xC4, 0x78, 0x13, 0x1C, 0xAE, 0x07, 0xF7, 0x2E, 0x95, 0x6C, 0x28, 0x35, 0x65, 0xC4, 0xE0,
    0xB1, 0x55, 0xA6, 0x90, 0xC5, 0x43, 0x27, 0xCA, 0x39, 0x91, 0x2B, 0x1A, 0xCB, 0xDA, 0xAC, 0x45,
    0x36, 0x57, 0xB9, 0x0D, 0x1F, 0x19, 0x7C, 0x05, 0xD9, 0x1F, 0xD8, 0xF0, 0x7B, 0xDD, 0x17, 0xFD,
    0xCE, 0xE1, 0x1A, 0xDE, 0xCC, 0x65, 0x1B, 0x4A, 0xC6, 0xCC, 0x2F, 0x20, 0xBA, 0x5F, 0xA2, 0xA1,
    0x26, 0xB7, 0x6E, 0x4F, 0x95, 0xAB, 0xFB, 0x3C, 0x72, 0xD1, 0x58, 0x42, 0xF1, 0x72, 0x06, 0x53,
    0xAC, 0xEC, 0x53, 0x10, 0xB7, 0x8A, 0xD6, 0x0A, 0x7A, 0x17, 0x58, 0xC5, 0x09, 0x43, 0xB4, 0x42,
    0xD6, 0xB8, 0x8A, 0x76, 0x84, 0xB1, 0xC9, 0x8D, 0x3C, 0xE0, 0x54, 0x32, 0x8D, 0xDD, 0x93, 0xCD,
    0x74, 0xC7, 0xF0, 0xAC, 0x49, 0x53, 0xE2, 0x2C, 0x18, 0xED, 0xAE, 0xDB, 0x56, 0x91, 0x9E, 0x25,
    0xC3, 0x25, 0x0B, 0x24, 0x1B, 0x2B, 0xC2, 0xF2, 0xF5, 0x81, 0xAA, 0x03, 0xD9, 0x12, 0x3B, 0xEF,
    0x0D, 0xB1, 0x80, 0x09, 0xB6, 0xE3, 0x56, 0x70, 0x6D, 0x19, 0xF5, 0x05, 0xF2, 0x2B, 0xF2, 0x2E,
    0x2E, 0x93, 0x34, 0x13, 0xA8, 0x7A, 0x0C, 0xA5, 0x05, 0x2A, 0x3E, 0x80, 0x2A, 0x38, 0xF1, 0xB3,
    0xFE, 0x1F, 0x31, 0xB5, 0xFA, 0x3C, 0xFC, 0x82, 0x02, 0x0A, 0xCF, 0xDC, 0x90, 0x7F, 0xE7, 0xE0,
    0x56, 0xD6, 0xB6, 0x89, 0x73, 0xB2, 0xE5, 0xFF, 0xC8, 0xDB, 0x2C, 0xFD, 0x86, 0x0A, 0x2D, 0x44,
    0x6F, 0x7D, 0x68, 0x36, 0xA9, 0x92, 0xB8, 0xD2, 0x53, 0x15, 0x4A, 0xB3, 0x1F, 0x97, 0xAB, 0xDF,
    0xB9, 0x74, 0x94, 0xF1, 0x1D, 0xE1, 0x5B, 0xBB, 0xF8, 0x3B, 0xB5, 0x59, 0xBF, 0x6F, 0x1C, 0xC7,
    0x15, 0x7E, 0xBB, 0x23, 0x73, 0x6D, 0xCD, 0xF1, 0x46, 0x45, 0x00, 0x0B, 0xA0, 0xC4, 0x55, 0xE1,
    0x42, 0x41, 0x48, 0x2E, 0x0B, 0x22, 0x38, 0x24, 0xB7, 0x7B, 0x1B, 0x29, 0x88, 0x0B, 0x17, 0xD2,
    0x7F, 0x90, 0xFF, 0xC0, 0x62, 0xC1, 0x82, 0xC5, 0x51, 0xB7, 0xB2, 0x0A, 0x15, 0x42, 0x10, 0x21,
    0xEE, 0x1D, 0x15, 0x29, 0x52, 0x24, 0x30, 0x11, 0x10, 0x08, 0x81, 0x1C, 0xC9, 0xB1, 0x58, 0xB8,
    0x0A, 0xB4, 0x96, 0x8B, 0x14, 0x09, 0x90, 0x85, 0x25, 0xC0, 0x45, 0x0A, 0x8D, 0xEC, 0x4D, 0xB4,
    0x8A, 0x97, 0x37, 0xF9, 0xDE, 0xEC, 0x9D, 0x48, 0x4A, 0x62, 0x2C, 0x5B, 0x14, 0xB5, 0x7B, 0xB7,
    0x37, 0xB3, 0x33, 0xF3, 0xE6, 0xFD, 0xF8, 0xDE, 0xF7, 0x46, 0x44, 0xA4, 0x32, 0x22, 0x7F, 0x44,
    0x44, 0xA1, 0xC1, 0x87, 0xC2, 0x4D, 0x66, 0xCA, 0x66, 0xF3, 0xE2, 0x41, 0x78, 0x23, 0x2B, 0xA9,
    0x97, 0x2F, 0x10, 0x95, 0x81, 0x26, 0xA9, 0x87, 0x44, 0x7D, 0xBC, 0x2D, 0xF2, 0x8A, 0x28, 0x7E,
    0xFA, 0x20, 0x35, 0x05, 0xBA, 0x4F, 0xB4, 0xE9, 0x17, 0x18, 0xAD, 0x52, 0x91, 0x53, 0xF2, 0xB3,
    0x92, 0xE8, 0x4A, 0xC5, 0x53, 0xF9, 0x98, 0x7D, 0x9B, 0x28, 0x30, 0x51, 0x19, 0xA8, 0x8B, 0xC5,
    0x87, 0xB9, 0xFA, 0x7D, 0x9F, 0xD6, 0x54, 0xC6, 0x63, 0xE3, 0xF1, 0x97, 0xD4, 0x81, 0x8E, 0xA9,
    0xA4, 0x72, 0x01, 0x82, 0xA4, 0x3C, 0x4A, 0x14, 0xF8, 0x88, 0x72, 0x7C, 0x0C, 0xB2, 0x89, 0x50,
    0x3F, 0xB5, 0x5A, 0xED, 0xDD, 0x33, 0x14, 0x28, 0xAC, 0xD8, 0x5A, 0x8F, 0x88, 0x7A, 0x04, 0x89,
    0x72, 0xDF, 0x90, 0x20, 0x6E, 0x22, 0x34, 0x2D, 0x72, 0x93, 0x76, 0x4D, 0x01, 0x37, 0x85, 0x44,
    0xCB, 0x14, 0xB3, 0x14, 0x35, 0x4D, 0x13, 0xED, 0x79, 0x98, 0x73, 0xE0, 0x04, 0xF3, 0xB0, 0x84,
    0xC2, 0xDD, 0xD3, 0x90, 0x6E, 0x26, 0x1B, 0xFE, 0x78, 0xA4, 0xBE, 0xCE, 0x2A, 0x59, 0x8A, 0x22,
    0x82, 0x4A, 0x86, 0x94, 0x60, 0x92, 0x4A, 0xEA, 0x83, 0x3F, 0xB7, 0x42, 0x4D, 0xDB, 0x57, 0x58,
    0x4B, 0x44, 0xC5, 0x9C, 0xFB, 0x6A, 0xCF, 0xBB, 0x2F, 0x6F, 0xE4, 0xBE, 0x58, 0x82, 0x43, 0x7F,
    0xCA, 0xA2, 0xC3, 0xDA, 0x3A, 0xF1, 0x2A, 0xEA, 0x52, 0xA2, 0xB2, 0x40, 0xB7, 0x29, 0xC2, 0xEE,
    0x86, 0x22, 0x0D, 0xD3, 0x0A, 0xDA, 0x22, 0xA5, 0x13, 0xDE, 0xAE, 0xD4, 0x50, 0xE8, 0x90, 0x82,
    0x02, 0xCF, 0x11, 0x09, 0xAC, 0x8D, 0x26, 0xBF, 0xA4, 0x84, 0x7C, 0x83, 0xC1, 0xE8, 0xAC, 0xB0,
    0x05, 0x74, 0xC6, 0xB4, 0x45, 0xA7, 0x2A, 0xBC, 0x33, 0xA0, 0x33, 0x09, 0xBE, 0x7A, 0x24, 0xD5,
    0xB5, 0x01, 0x45, 0x99, 0xB0, 0xF6, 0x09, 0x16, 0xB4, 0x4E, 0xBE, 0x36, 0xB1, 0xF2, 0xA8, 0xD3,
    0xB1, 0xB6, 0x20, 0xEF, 0xEF, 0x54, 0x05, 0x30, 0x4E, 0xCE, 0xEB, 0xD3, 0x79, 0xAA, 0x9C, 0x9C,
    0x98, 0xB2, 0xEC, 0x59, 0x83, 0xB9, 0xAF, 0xEB, 0x84, 0x17, 0xEF, 0x48, 0x8D, 0x45, 0x3F, 0xF1,
    0x4A, 0x27, 0x49, 0xE2, 0x24, 0x70, 0x62, 0x55, 0x5E, 0x49, 0x2C, 0x6B, 0x82, 0x31, 0xBE, 0x91,
    0xFA, 0x5C, 0x85, 0xFE, 0x52, 0xF0, 0xB2, 0x3D, 0x1A, 0xD8, 0x51, 0x8A, 0xA5, 0x69, 0xAA, 0x12,
    0x7A, 0x85, 0xDE, 0x2E, 0xC4, 0xF5, 0x0C, 0xAF, 0x05, 0x30, 0x03, 0x5E, 0x87, 0x10, 0x15, 0xBD,
    0x35, 0xB1, 0xA7, 0xCD, 0xAC, 0xDD, 0x2D, 0x12, 0xA1, 0x13, 0x4C, 0xDE, 0xF6, 0x1F, 0x19, 0x51,
    0xBC, 0x13, 0x5E, 0xCA, 0xB0, 0x42, 0x9D, 0xE0, 0x6D, 0x5E, 0x1E, 0xDE, 0x20, 0xA0, 0x02, 0x61,
    0x78, 0xE1, 0x90, 0x7E, 0x8B, 0x35, 0x4B, 0x11, 0x5D, 0x80, 0x21, 0xCE, 0x84, 0xF7, 0xF7, 0x20,
    0x2E, 0x6F, 0xAF, 0x87, 0xD7, 0x59, 0xD7, 0x6C, 0xC7, 0x21, 0x4F, 0xED, 0x1B, 0x76, 0x62, 0xA9,
    0x5F, 0xA6, 0xD9, 0xFB, 0x39, 0x37, 0xB7, 0x97, 0x64, 0x96, 0x50, 0xA7, 0x88, 0xB1, 0xB9, 0xFB,
    0xBB, 0x45, 0xCF, 0xDA, 0x9B, 0x7B, 0xCE, 0xF1, 0x30, 0xC0, 0xC3, 0x6E, 0xA8, 0x93, 0x34, 0x2A,
    0x6A, 0x44, 0xC7, 0xD8, 0x21, 0x1A, 0x76, 0xD0, 0x20, 0x77, 0x0B, 0x4C, 0x3C, 0x6E, 0x88, 0x9A,
    0x06, 0xEF, 0x02, 0x1A, 0x0C, 0x1A, 0xBA, 0x68, 0x50, 0xD2, 0x5A, 0x7B, 0x87, 0xAD, 0x00, 0x1D,
    0x10, 0x82, 0xC7, 0x93, 0x10, 0xE5, 0x6B, 0xF8, 0xF5, 0x20, 0xDD, 0xC9, 0xE6, 0x54, 0x06, 0xB7,
    0xC7, 0x27, 0x4D, 0xAE, 0xF7, 0x55, 0xB6, 0xAD, 0xB2, 0xE4, 0x88, 0x2B, 0xB6, 0x65, 0x8C, 0x20,
    0x23, 0xB8, 0x0F, 0x75, 0x28, 0x59, 0x86, 0xA1, 0xAD, 0x16, 0x16, 0x3A, 0x18, 0x64, 0x1E, 0x07,
    0xA5, 0x85, 0xAB, 0xC3, 0xA5, 0x06, 0x70, 0x76, 0x1A, 0xB6, 0xB6, 0x11, 0x01, 0xBE, 0x59, 0xAC,
    0x89, 0xBB, 0x3E, 0xA9, 0x5D, 0x97, 0x5F, 0xB9, 0x2E, 0x61, 0x5C, 0x97, 0x30, 0xDC, 0xA5, 0x83,
    0xCF, 0xB9, 0x8B, 0xD4, 0x3F, 0x4E, 0xA0, 0x8B, 0x94, 0xE9, 0x88, 0x62, 0x91, 0x42, 0x6D, 0x14,
    0x26, 0x8D, 0xC4, 0x67, 0x55, 0xCF, 0x50, 0x77, 0xAA, 0x09, 0x46, 0x5F, 0xF3, 0x67, 0xCC, 0xCB,
    0xFA, 0x7A, 0xC4, 0xCB, 0xB5, 0x4B, 0x2C, 0x43, 0x77, 0x35, 0x1E, 0x5B, 0x09, 0x2D, 0x4E, 0x15,
    0x77, 0x8C, 0xA0, 0xED, 0x96, 0xD2, 0x8B, 0xA2, 0xD0, 0x57, 0x05, 0x25, 0x2D, 0x5E, 0xA8, 0xD0,
    0x6A, 0x17, 0x8F, 0xB4, 0xC6, 0x8F, 0xFE, 0x63, 0x7E, 0x54, 0x30, 0xB9, 0x86, 0xE7, 0x26, 0x67,
    0x20, 0x8A, 0xF8, 0x67, 0x8D, 0xC8, 0x8E, 0x9D, 0xDA, 0x9D, 0xB7, 0x76, 0x39, 0x92, 0xD8, 0x02,
    0x14, 0x2F, 0x73, 0xA3, 0x8B, 0x53, 0x5A, 0x9F, 0xF4, 0xCB, 0xC3, 0xB1, 0xE5, 0x3D, 0xDA, 0xA6,
    0x99, 0x1D, 0xBB, 0xE7, 0x8D, 0xA2, 0xB4, 0xA6, 0x6A, 0x88, 0x09, 0xBF, 0x60, 0xB7, 0xB9, 0xA9,
    0x23, 0x4A, 0x22, 0x28, 0xFF, 0x05, 0x4D, 0x8F, 0xED, 0xA5, 0x91, 0x9B, 0x4B, 0xA5, 0xE3, 0xF5,
    0x52, 0x98, 0x57, 0xFC, 0x8D, 0x1A, 0x2C, 0x58, 0x3F, 0x8B, 0xC6, 0x55, 0x3C, 0xC3, 0x7A, 0x81,
    0xDE, 0x5F, 0x4A, 0xE0, 0x59, 0xE6, 0xCD, 0x3B, 0xB3, 0xE8, 0x9B, 0x03, 0xBC, 0x2D, 0xC1, 0xBA,
    0xCB, 0x80, 0x3D, 0x03, 0x37, 0xC8, 0x23, 0xF2, 0xAD, 0x4D, 0x45, 0xA6, 0x74, 0x90, 0x62, 0x3D,
    0x38, 0x4D, 0x1B, 0x1B, 0x9C, 0x27, 0xBF, 0x02, 0x68, 0xD9, 0x33, 0x42, 0x2B, 0xB4, 0xED, 0xE1,
    0x27, 0xD1, 0x6D, 0x9E, 0x50, 0x8E, 0xA8, 0x2B, 0x75, 0x1F, 0xA2, 0xE0, 0xBA, 0x52, 0xC8, 0xFB,
    0x88, 0x8A, 0xA2, 0x16, 0x45, 0xE5, 0xAE, 0xB5, 0x99, 0x22, 0xFA, 0xB0, 0x5E, 0x99, 0x9E, 0xEF,
    0xB2, 0xBE, 0xF8, 0xFD, 0x5E, 0xED, 0xA2, 0xE2, 0x88, 0x7F, 0xBD, 0x7A, 0x59, 0x2A, 0x99, 0x7E,
    0x93, 0x85, 0xDA, 0x63, 0xFF, 0xDD, 0x86, 0x57, 0x61, 0x5C, 0xC5, 0x11, 0x78, 0xF0, 0x41, 0xC2,
    0xAF, 0xD3, 0x37, 0x88, 0x36, 0x80, 0x5D, 0xF3, 0xD8, 0x02, 0x87, 0xA7, 0x9F, 0xEE, 0x6F, 0x13,
    0x88, 0x0D, 0xD0, 0x4F, 0x19, 0xC2, 0xB1, 0x29, 0x83, 0xCD, 0x0D, 0x19, 0xF2, 0x19, 0xE4, 0x0F,
    0xDE, 0xDC, 0xC6, 0x7D, 0x70, 0x6D, 0xC3, 0xEF, 0xF2, 0x18, 0x1E, 0x0B, 0xCC, 0x41, 0xF0, 0xFB,
    0x0F, 0x01, 0xB3, 0x44, 0xEF, 0x38, 0xCF, 0x19, 0xA5, 0xC0, 0x7C, 0x40, 0x7B, 0x9F, 0x67, 0x89,
    0x9F, 0x5E, 0x43, 0xEA, 0xA3, 0x51, 0x5D, 0x28, 0x18, 0xEE, 0x2F, 0x7B, 0x44, 0xAB, 0x6D, 0x28,
    0x16, 0x73, 0x4A, 0x28, 0x97, 0xB7, 0x30, 0xFE, 0xB3, 0x46, 0x58, 0x40, 0xD5, 0x32, 0x03, 0xFB,
    0xFF, 0xBB, 0xC3, 0xE6, 0x5E, 0x86, 0x55, 0x6F, 0x2B, 0x0D, 0x31, 0xCA, 0x20, 0x65, 0x98, 0x17,
    0x7A, 0x99, 0xDA, 0xB3, 0x44, 0x7F, 0xD1, 0x8C, 0xA8, 0x0C, 0x44, 0xF8, 0x9B, 0xC9, 0xDE, 0x97,
    0x55, 0x58, 0x20, 0xBA, 0x08, 0xBA, 0x7E, 0xE1, 0x97, 0xCC, 0xB7, 0x29, 0xBA, 0x5F, 0x03, 0xDB,
    0xF6, 0x95, 0xD3, 0x81, 0x88, 0x7D, 0x2C, 0xB2, 0x34, 0x7D, 0xC8, 0x0B, 0x5F, 0x59, 0x44, 0x5B,
    0x3E, 0x93, 0x33, 0xE6, 0x24, 0x9C, 0xA2, 0xA4, 0x33, 0x81, 0x73, 0xF2, 0xCD, 0xA9, 0x62, 0xE7,
    0xDA, 0xE8, 0x48, 0x49, 0xF9, 0x6B, 0x4B, 0x42, 0x8F, 0x9C, 0xC6, 0x4E, 0x10, 0x83, 0xAE, 0x53,
    0x3F, 0xBB, 0x8D, 0x4C, 0x0F, 0x4B, 0xFE, 0xCE, 0x5B, 0xC7, 0x2A, 0x39, 0xAC, 0xCF, 0x29, 0x98,
    0x53, 0x2F, 0x67, 0xD5, 0x53, 0xAF, 0xBE, 0x81, 0x89, 0x27, 0x2C, 0x74, 0x9B, 0x10, 0x6C, 0x7C,
    0xFF, 0xB5, 0x6D, 0xC0, 0x4B, 0xCF, 0xD1, 0x59, 0x50, 0x8B, 0x3F, 0xC3, 0x3B, 0xCA, 0x89, 0x77,
    0xBC, 0xD2, 0x06, 0x7E, 0x30, 0x36, 0x40, 0x04, 0xCD, 0x07, 0xF9, 0x18, 0xBB, 0x5E, 0xE3, 0x06,
    0xB0, 0x04, 0x42, 0x8F, 0xFA, 0x8D, 0x2D, 0xBC, 0xF4, 0x55, 0x37, 0x30, 0x53, 0xB5, 0x2F, 0x94,
    0x8C, 0x7C, 0xCC, 0x3A, 0x90, 0xAF, 0xAD, 0xCD, 0xA2, 0xCA, 0xFF, 0x52, 0x77, 0x93, 0x10, 0xA9,
    0x8B, 0xEC, 0xDE, 0xBE, 0xEC, 0xCB, 0x67, 0xC0, 0x0A, 0x81, 0xDD, 0xEB, 0x73, 0x87, 0xBD, 0x97,
    0x61, 0x53, 0x8D, 0xA1, 0x72, 0x01, 0x42, 0x75, 0xA0, 0xD9, 0x95, 0x1A, 0xEF, 0xAD, 0x81, 0x33,
    0x25, 0x10, 0xF9, 0x00, 0x54, 0x02, 0x53, 0x19, 0x2A, 0xA7, 0xB1, 0xD8, 0xDC, 0x18, 0x2A, 0x43,
    0xAB, 0x0F, 0xCE, 0xD6, 0x16, 0x59, 0x18, 0xE8, 0x69, 0x07, 0x52, 0xC1, 0x08, 0x84, 0x91, 0x31,
    0xF3, 0x34, 0x30, 0x33, 0x28, 0xFC, 0x6F, 0x8A, 0xE8, 0x62, 0x31, 0x9C, 0x60, 0xE6, 0x96, 0xC3,
    0x4C, 0xB2, 0x07, 0x22, 0x56, 0xA4, 0x8D, 0x38, 0x22, 0x7B, 0x5E, 0x44, 0xA9, 0xF7, 0xD1, 0xBC,
    0xCB, 0x68, 0xCE, 0x22, 0xF6, 0x9F, 0x17, 0xF1, 0x29, 0x9A, 0x8B, 0xA7, 0x68, 0xDE, 0x3B, 0x24,
    0x22, 0x92, 0x23, 0xCC, 0x72, 0x86, 0x1F, 0xC3, 0x0A, 0x79, 0x33, 0xF4, 0xCD, 0x69, 0x4C, 0x1E,
    0x51, 0x54, 0xCB, 0x3B, 0x66, 0x08, 0x72, 0x00, 0x4A, 0x30, 0x8C, 0xDE, 0x33, 0xD1, 0x0D, 0x84,
    0xCC, 0xE1, 0xB1, 0x4F, 0xFD, 0x00, 0x7A, 0x26, 0xEF, 0x21, 0x21, 0xF3, 0xFC, 0xC4, 0x40, 0x5A,
    0x19, 0x31, 0x7C, 0xDE, 0x63, 0x0A, 0xD1, 0x8D, 0x00, 0x87, 0xC1, 0x05, 0x73, 0x1E, 0xA2, 0x81,
    0x3F, 0xD1, 0x9C, 0x8F, 0xC7, 0xC0, 0x5A, 0xB4, 0x1A, 0x9F, 0x33, 0x11, 0x53, 0x39, 0x01, 0x56,
    0x46, 0x05, 0x0C, 0x46, 0xB3, 0x60, 0xD0, 0xC6, 0x7F, 0xC8, 0x7A, 0x18, 0x1D, 0xD2, 0x05, 0xE7,
    0x9C, 0xBD, 0xB0, 0xE8, 0x86, 0xA6, 0xEA, 0xCB, 0xBC, 0x8B, 0xFD, 0xC7, 0x40, 0xB7, 0x3D, 0x79,
    0x53, 0xD3, 0x1A, 0xC4, 0xAD, 0x9E, 0xDE, 0x05, 0x6D, 0xFD, 0xB0, 0x9A, 0x8D, 0x6E, 0x45, 0x0F,
    0x28, 0x1C, 0x65, 0x7E, 0x19, 0xC0, 0x3F, 0xBC, 0x02, 0x50, 0x5F, 0x40, 0x3B, 0xE9, 0xB0, 0xE1,
    0x42, 0xE3, 0xBB, 0x57, 0x03, 0xBF, 0x8A, 0x21, 0xEE, 0x2E, 0xD9, 0x1A, 0xAC, 0xB5, 0xE0, 0x2C,
    0xC3, 0x63, 0x28, 0x1A, 0xA5, 0xA0, 0x51, 0x1F, 0x98, 0xDA, 0x43, 0x8A, 0x80, 0xCD, 0x42, 0x42,
    0x26, 0xDB, 0xA4, 0xA8, 0x74, 0x09, 0x87, 0x49, 0x38, 0xE6, 0xB7, 0xBA, 0x3B, 0x55, 0x2F, 0x50,
    0x04, 0xF6, 0x75, 0xDF, 0x88, 0x7C, 0x10, 0x68, 0xDF, 0xA2, 0xF7, 0xF2, 0x1B, 0x20, 0xE7, 0x2B,
    0xE4, 0xFD, 0x2B, 0x23, 0xBF, 0x3E, 0x94, 0x0F, 0x02, 0x7B, 0x9B, 0x67, 0x4F, 0x28, 0xF8, 0xA0,
    0xA0, 0x36, 0x42, 0xE2, 0xD4, 0xB0, 0x41, 0x09, 0x26, 0x6A, 0xC8, 0x71, 0x16, 0xF2, 0x7C, 0x61,
    0x98, 0xD0, 0x52, 0xC2, 0xBB, 0x71, 0x49, 0x2F, 0x0F, 0x33, 0xDF, 0x3E, 0xA0, 0xB3, 0x22, 0x93,
    0x30, 0x65, 0x4D, 0x20, 0xB3, 0x74, 0xB9, 0x99, 0x6D, 0x14, 0x39, 0x87, 0x72, 0x97, 0x4E, 0x64,
    0x26, 0xF7, 0xD8, 0x69, 0x70, 0x05, 0xA3, 0x54, 0xEE, 0x98, 0xBE, 0x8F, 0x0D, 0x0E, 0x2B, 0xDA,
    0xAC, 0xC9, 0x0C, 0xDE, 0xD5, 0xE8, 0xF5, 0xF2, 0x0E, 0xC9, 0x4B, 0xB0, 0x63, 0xDE, 0xE8, 0x60,
    0x1C, 0xC6, 0xBD, 0xAF, 0x0C, 0x99, 0x88, 0x62, 0x90, 0xE3, 0x34, 0xF2, 0x0A, 0xDF, 0x74, 0xC1,
    0x0C, 0xC9, 0xFF, 0x0A, 0x7A, 0xB0, 0xA9, 0x6F, 0x6A, 0x8A, 0xE0, 0xAF, 0x26, 0x4A, 0x23, 0xAA,
    0x41, 0x49, 0xF0, 0x66, 0x74, 0xC9, 0x92, 0xF5, 0xE9, 0xB2, 0xB8, 0x93, 0xD3, 0xE3, 0x0C, 0x84,
    0x88, 0x4E, 0x23, 0x2F, 0xD1, 0xC7, 0xFB, 0xAC, 0xD0, 0x5D, 0xD7, 0xAD, 0xBA, 0x56, 0x62, 0x37,
    0xEA, 0x46, 0xAA, 0x7E, 0x45, 0xEA, 0x8F, 0xD8, 0x21, 0xA9, 0x5F, 0x67, 0xEA, 0x46, 0xAE, 0xAE,
    0x1B, 0x75, 0xAD, 0xDA, 0x31, 0xF6, 0x55, 0x93, 0xB6, 0x33, 0x06, 0x33, 0x3C, 0xE6, 0x38, 0x7E,
    0x13, 0xE0, 0xDF, 0x9E, 0xB6, 0x61, 0xA6, 0x69, 0xC7, 0x9F, 0x70, 0x85, 0x79, 0xE3, 0xC3, 0xCF,
    0xFB, 0xF5, 0x6B, 0x10, 0x4D, 0x35, 0xE5, 0xCD, 0xF7, 0x15, 0x53, 0x64, 0xCB, 0xB4, 0xBA, 0x4A,
    0x12, 0x4B, 0xD6, 0x07, 0x10, 0x1F, 0x15, 0x1A, 0x7C, 0x50, 0x51, 0x70, 0x31, 0x13, 0x59, 0x8E,
    0xE5, 0x7C, 0x97, 0xD3, 0xB8, 0x44, 0x84, 0xB3, 0xEC, 0x14, 0x2E, 0xCF, 0x71, 0xB8, 0x25, 0x0E,
    0x39, 0xF8, 0x69, 0x0B, 0x55, 0x2E, 0xEC, 0xDA, 0xA3, 0xF0, 0x62, 0x19, 0xA5, 0xE1, 0x13, 0xB0,
    0x1F, 0x94, 0x3E, 0xDA, 0x83, 0x1A, 0xB6, 0xC6, 0xC9, 0xB0, 0xC7, 0xB3, 0xD6, 0x1D, 0x5A, 0x5F,
    0xF2, 0xF3, 0x53, 0x48, 0xC6, 0x20, 0x97, 0x88, 0x70, 0x04, 0x31, 0x8F, 0x1F, 0x3A, 0x52, 0xCF,
    0xD7, 0x06, 0xF5, 0x6B, 0x2A, 0xAF, 0x06, 0x39, 0x48, 0xA1, 0xA4, 0x75, 0x25, 0x29, 0xDC, 0xA0,
    0x88, 0xEB, 0x34, 0x26, 0x2B, 0x05, 0x3B, 0x42, 0xC2, 0xDE, 0x26, 0x9E, 0x7D, 0x8C, 0x59, 0x3A,
    0x60, 0xA1, 0xA2, 0x73, 0xAB, 0xDE, 0x63, 0xCD, 0x74, 0x99, 0xAB, 0x3D, 0xC5, 0x45, 0x56, 0x98,
    0x09, 0x94, 0xAE, 0x15, 0x52, 0x03, 0x1C, 0x8F, 0x4B, 0xAB, 0x25, 0x57, 0xD6, 0x61, 0x37, 0x60,
    0x92, 0x3C, 0xC9, 0xD0, 0x95, 0x77, 0x74, 0xB5, 0x81, 0xFA, 0x1E, 0xB9, 0x9A, 0x2F, 0x4A, 0x5D,
    0xF5, 0x19, 0x72, 0xB1, 0x89, 0x42, 0x86, 0xF3, 0x80, 0xC8, 0x65, 0xEE, 0x71, 0xD9, 0x17, 0x18,
    0x6F, 0xB7, 0x60, 0xEF, 0xA5, 0xF5, 0xEA, 0x6D, 0x03, 0x26, 0x0B, 0x8D, 0xDD, 0x62, 0xE8, 0xE2,
    0x35, 0x19, 0x0E, 0x82, 0xC2, 0x55, 0x4C, 0x8E, 0x37, 0xBF, 0x96, 0x0A, 0xD3, 0xDB, 0x74, 0x25,
    0xB6, 0x5B, 0x4D, 0x39, 0x50, 0x48, 0x9C, 0xF5, 0xAA, 0xFD, 0x13, 0x83, 0xE3, 0xA8, 0x30, 0xC1,
    0x8D, 0x61, 0xEC, 0xD2, 0xA5, 0x56, 0xF6, 0x80, 0x37, 0xE8, 0x58, 0xF0, 0x87, 0xCB, 0x17, 0xCC,
    0xB8, 0xC6, 0xA9, 0xBA, 0xC9, 0xD4, 0xDF, 0x03, 0x7F, 0xAC, 0x01, 0x02, 0xC0, 0x5E, 0x58, 0x2F,
    0xE2, 0x8D, 0xEF, 0x3F, 0x4E, 0x7D, 0xC5, 0x8F, 0x57, 0x90, 0xB3, 0x2B, 0xDF, 0x3D, 0x46, 0xDC,
    0x7A, 0xF4, 0x23, 0xAA, 0x62, 0x3C, 0x26, 0xF2, 0xAE, 0x65, 0x07, 0xBF, 0x72, 0xA3, 0xFA, 0xD1,
    0xC3, 0x4B, 0xD9, 0xC8, 0x83, 0xAF, 0xA0, 0x3C, 0x45, 0x58, 0x89, 0xBC, 0xE2, 0x1F, 0xD8, 0x42,
    0x5F, 0x60, 0xC3, 0xD5, 0x02, 0x25, 0x0B, 0xA4, 0x3E, 0x22, 0x31, 0x72, 0xFC, 0x32, 0x71, 0x7B,
    0xE6, 0xAD, 0x57, 0xEE, 0x87, 0x63, 0xB1, 0x4C, 0x7F, 0xE2, 0xF1, 0x29, 0x88, 0x73, 0x83, 0xFD,
    0x58, 0xE5, 0xE2, 0x31, 0x2C, 0x40, 0x61, 0x0C, 0x2D, 0x4E, 0xD7, 0xB4, 0xC8, 0x85, 0x6A, 0xAB,
    0x87, 0x3B, 0xD4, 0x8B, 0x2D, 0x59, 0x2C, 0x72, 0x75, 0xDA, 0xA2, 0x7A, 0x91, 0xAB, 0xC5, 0x16,
    0xF5, 0x96, 0xB9, 0x54, 0x6C, 0x51, 0x60, 0xB8, 0x4E, 0x44, 0xCE, 0x34, 0x0C, 0x01, 0x55, 0x53,
    0xB6, 0x6D, 0x10, 0x4D, 0x8D, 0xEB, 0x3F, 0x78, 0x45, 0x8E, 0xE2, 0x4F, 0xEA, 0x88, 0x9D, 0x06,
    0xE5, 0x1E, 0x6A, 0xBC, 0x43, 0x3F, 0x7A, 0x25, 0x3B, 0xE7, 0xFC, 0x3E, 0x27, 0x56, 0x13, 0x4B,
    0x02, 0x0D, 0xE6, 0x3A, 0xE0, 0x55, 0xAD, 0xE6, 0x3E, 0x8F, 0x68, 0x93, 0xC5, 0x33, 0x1C, 0xA1,
    0x68, 0x68, 0xE8, 0x2C, 0xF6, 0xD6, 0x05, 0x5C, 0x2C, 0x01, 0xA4, 0xD6, 0x13, 0x4E, 0xC4, 0xE4,
    0x69, 0x95, 0x82, 0x23, 0x64, 0x63, 0x8E, 0xC0, 0x34, 0xC6, 0x1C, 0xAC, 0xF8, 0xC8, 0xA3, 0x71,
    0xB0, 0x4E, 0x8C, 0x8D, 0x80, 0x39, 0x79, 0x92, 0x5A, 0x82, 0xDA, 0x92, 0x93, 0xD0, 0x78, 0x95,
    0x97, 0xA1, 0x34, 0x63, 0x0F, 0xF4, 0x9C, 0x32, 0xAF, 0xD2, 0xA4, 0x78, 0x7D, 0x96, 0xD5, 0x20,
    0xEC, 0x2B, 0xA6, 0x5C, 0x01, 0xCC, 0xF2, 0x31, 0x61, 0x6B, 0x7F, 0x32, 0x48, 0xB5, 0xD3, 0x6C,
    0x0B, 0x71, 0xC7, 0xE0, 0xF7, 0x4A, 0x84, 0x21, 0x6D, 0x1F, 0x6F, 0xF9, 0x9A, 0x1F, 0x07, 0x16,
    0xAD, 0x8A, 0x8D, 0xE5, 0xF3, 0x81, 0x19, 0xB0, 0x29, 0xA2, 0xB6, 0xE2, 0xE3, 0xA6, 0x2F, 0x18,
    0x04, 0x16, 0xAC, 0x0E, 0x5D, 0x68, 0x33, 0xC1, 0x03, 0xA4, 0x71, 0xDA, 0x64, 0x2B, 0xBC, 0xF5,
    0x3D, 0xD9, 0x84, 0xAB, 0xB6, 0xEB, 0x26, 0xB2, 0x64, 0xD6, 0x14, 0x2B, 0x4D, 0x35, 0x8C, 0x0A,
    0xF8, 0xBF, 0x1A, 0xA0, 0x0F, 0x9D, 0x4A, 0xB3, 0x40, 0x67, 0x81, 0xE7, 0x1D, 0x24, 0x8A, 0x75,
    0x80, 0x7A, 0x1E, 0x57, 0x22, 0x8B, 0xAB, 0x00, 0xB8, 0x3E, 0x4D, 0xF1, 0xE6, 0x1C, 0x12, 0xC5,
    0x22, 0x6D, 0xC6, 0x05, 0x99, 0x50, 0x03, 0x99, 0x90, 0x28, 0xDA, 0x57, 0x4A, 0x9A, 0x3B, 0x50,
    0xA7, 0x03, 0xB4, 0xC0, 0xBE, 0x81, 0xB3, 0xB7, 0x80, 0xC1, 0x8B, 0xFE, 0x28, 0x57, 0xEF, 0x16,
    0xB1, 0x28, 0xFB, 0x27, 0xFB, 0x55, 0x2B, 0xAE, 0x96, 0xE2, 0x6A, 0x39, 0xAE, 0x74, 0xBC, 0x9D,
    0xF5, 0x7B, 0x2E, 0x45, 0xCC, 0x8E, 0xD2, 0x25, 0x07, 0xD7, 0x0A, 0x1A, 0x51, 0xBB, 0x05, 0xD4,
    0x0C, 0x94, 0x99, 0x3B, 0x7B, 0x6C, 0xB5, 0x7F, 0xC9, 0x54, 0x40, 0x7B, 0x66, 0x48, 0xD2, 0x9F,
    0x70, 0xBF, 0x90, 0x8F, 0x3E, 0x75, 0x48, 0xA5, 0x97, 0x21, 0x5C, 0x00, 0x0F, 0xDF, 0x00, 0x25,
    0xA0, 0xB0, 0x84, 0x09, 0x14, 0x0C, 0x1F, 0xFD, 0xA2, 0xF2, 0x9F, 0xA0, 0x9C, 0xE0, 0x94, 0xB5,
    0xBA, 0x02, 0x87, 0x83, 0x83, 0xA6, 0x27, 0xBE, 0xBB, 0x38, 0xB0, 0x0B, 0x88, 0x2B, 0x46, 0xEF,
    0xF3, 0x6B, 0x6F, 0x8F, 0x4E, 0x06, 0xD9, 0x9B, 0x9E, 0x7E, 0x29, 0xEF, 0xFB, 0x4D, 0xBD, 0x3A,
    0x4F, 0xE1, 0xCD, 0x9C, 0x36, 0xD7, 0x40, 0x42, 0xF3, 0xB1, 0xE5, 0xAD, 0xC5, 0x42, 0x5D, 0x95,
    0x49, 0x51, 0x78, 0x19, 0x87, 0x3F, 0xA2, 0x21, 0x5B, 0x17, 0xB6, 0x86, 0xC1, 0x9B, 0x1F, 0x63,
    0x60, 0x38, 0x9F, 0xC0, 0xA1, 0x32, 0xF1, 0x31, 0xDC, 0x68, 0x75, 0xDE, 0xAB, 0xB6, 0x68, 0xB3,
    0x4F, 0x2B, 0x63, 0x63, 0xC9, 0x0A, 0x84, 0x40, 0xD1, 0xE6, 0xAA, 0xFF, 0xB5, 0xB5, 0x77, 0x5D,
    0xA8, 0xD4, 0x0C, 0x67, 0x98, 0x33, 0x28, 0xFA, 0x7C, 0x2E, 0x30, 0x48, 0x69, 0x65, 0x85, 0x16,
    0xC5, 0x58, 0x69, 0x48, 0x37, 0x40, 0x6F, 0xAC, 0x3C, 0xA7, 0xB2, 0x29, 0x37, 0x7F, 0xE0, 0x16,
    0x43, 0x11, 0x55, 0xCC, 0xB9, 0x1F, 0x13, 0x48, 0xBA, 0x5D, 0xF1, 0xE9, 0x5D, 0x9B, 0x59, 0x35,
    0xB6, 0xBB, 0xB1, 0xDA, 0x22, 0xED, 0x4E, 0xB8, 0x4D, 0xBF, 0xEB, 0x7F, 0x99, 0xB9, 0xAA, 0x86,
    0x93, 0x8D, 0x26, 0x66, 0xAE, 0x5E, 0x78, 0xCD, 0x44, 0x0F, 0x36, 0xBA, 0x7E, 0x59, 0x7B, 0xE5,
    0x26, 0x6D, 0x74, 0xC6, 0xAB, 0xD5, 0x47, 0xE7, 0xDD, 0x43, 0x8F, 0x88, 0xF5, 0xF1, 0xE0, 0xBE,
    0x3B, 0x57, 0xE1, 0xBF, 0xA9, 0x82, 0x76, 0x8E, 0x1E, 0x21, 0x2D, 0x85, 0x9F, 0x15, 0x1F, 0x51,
    0xE6, 0xA8, 0xE3, 0x90, 0xC1, 0x0A, 0x48, 0xF5, 0xEC, 0x57, 0xAF, 0x0E, 0xEF, 0xE5, 0x7F, 0xC0,
    0x4B, 0x33, 0xDA, 0x3E, 0xDB, 0xAB, 0xF6, 0x14, 0xA2, 0x5C, 0x7D, 0x3A, 0x3E, 0x88, 0xEC, 0xCC,
    0x1E, 0x2B, 0xED, 0x5A, 0x9D, 0xA5, 0x10, 0x53, 0x0F, 0x91, 0xFB, 0xAF, 0xE5, 0x93, 0xDA, 0xE1,
    0x09, 0x21, 0x27, 0xA8, 0x34, 0x0E, 0x74, 0x80, 0x20, 0x29, 0xE1, 0xC0, 0xD8, 0xFA, 0xA5, 0x4C,
    0xDC, 0x33, 0x9E, 0x01, 0xD9, 0x12, 0x39, 0xB8, 0xFD, 0x83, 0x86, 0x64, 0xAD, 0x2C, 0x23, 0xF8,
    0x4E, 0x13, 0xE9, 0xD6, 0xB1, 0x89, 0x04, 0x33, 0xCA, 0x0B, 0x59, 0xCB, 0xA9, 0xEC, 0x65, 0xCE,
    0x94, 0x36, 0xBA, 0x80, 0x19, 0x66, 0xFA, 0x7D, 0x7A, 0x6A, 0x94, 0x89, 0x17, 0x81, 0x9A, 0x78,
    0x35, 0x4C, 0x0F, 0x26, 0xCE, 0xEA, 0x64, 0x85, 0x26, 0x34, 0x9C, 0x02, 0x59, 0xAC, 0x41, 0x4D,
    0x40, 0xE9, 0xE0, 0x87, 0x43, 0x0F, 0x7D, 0xC0, 0x17, 0xB8, 0x32, 0xD8, 0x10, 0xD0, 0xAF, 0x07,
    0xBE, 0x1E, 0x65, 0x63, 0x43, 0x03, 0x9A, 0xCE, 0x37, 0xB3, 0xBD, 0x1F, 0xC9, 0xFF, 0xD6, 0xA2,
    0x5A, 0x7E, 0xB1, 0x7F, 0xEC, 0x54, 0x7C, 0xE4, 0x4B, 0xC1, 0x7B, 0x29, 0x2D, 0x22, 0xF9, 0xA7,
    0x6F, 0x1E, 0xFC, 0x5F, 0x01, 0xA9, 0x07, 0xEE, 0xF0, 0x7E, 0xC8, 0x56, 0xF5, 0x1D, 0x19, 0x89,
    0x40, 0x70, 0x76, 0x38, 0xBD, 0x0F, 0xD0, 0xDB, 0x43, 0x6F, 0x9F, 0x49, 0x10, 0x04, 0x29, 0xF8,
    0x3F, 0x48, 0xA2, 0x54, 0x7D, 0x6E, 0xB5, 0x2C, 0xA0, 0x8B, 0xDF, 0xAD, 0xBE, 0xC9, 0xAA, 0x08,
    0x76, 0x3F, 0xAF, 0x47, 0xB2, 0xBC, 0x35, 0x64, 0x22, 0x77, 0xF8, 0x43, 0x00, 0xBC, 0x81, 0x14,
    0xE1, 0xAE, 0xC1, 0x74, 0x7D, 0x77, 0x20, 0x70, 0x9C, 0x07, 0x0F, 0x70, 0x91, 0xE0, 0x51, 0xE5,
    0x8E, 0xC2, 0x4F, 0x06, 0x93, 0x53, 0x07, 0x77, 0xAE, 0x16, 0xBD, 0xD4, 0xB9, 0x5A, 0x00, 0xD0,
    0x3A, 0x0B, 0x8C, 0x3D, 0x17, 0x00, 0x7B, 0xFD, 0xE3, 0x3B, 0x91, 0x82, 0xB6, 0xE7, 0x81, 0x78,
    0xE9, 0xB9, 0xEF, 0x76, 0xCE, 0x37, 0x65, 0x6F, 0x6D, 0xC9, 0x4F, 0xB5, 0x02, 0xB6, 0x54, 0x7C,
    0x14, 0x14, 0xEC, 0x81, 0x9B, 0x21, 0xBF, 0x6B, 0xDA, 0xD1, 0xE0, 0x22, 0x14, 0x73, 0x91, 0x16,
    0xDC, 0x4D, 0x87, 0x33, 0xEE, 0x40, 0xDC, 0xCF, 0x19, 0x3C, 0x04, 0x9F, 0x71, 0x36, 0xA7, 0xA7,
    0x72, 0x6F, 0x6D, 0xB6, 0x6A, 0xD7, 0x27, 0xB6, 0xA9, 0x57, 0x60, 0xEC, 0x20, 0x8F, 0xF2, 0xA8,
    0xEC, 0x73, 0xD9, 0x20, 0x98, 0x0E, 0x6B, 0x2F, 0x63, 0xC2, 0xB2, 0x63, 0xED, 0x37, 0x69, 0xA5,
    0xD6, 0x55, 0xF6, 0x1F, 0x86, 0x2B, 0xA6, 0x8C, 0x15, 0x7D, 0xDB, 0x97, 0x1A, 0x97, 0x55, 0x7C,
    0x5A, 0x0B, 0x14, 0x6B, 0x35, 0x07, 0xB6, 0xB7, 0x1A, 0xF6, 0x80, 0xEC, 0x1D, 0xBA, 0xC2, 0xFB,
    0xF0, 0xBF, 0x10, 0x29, 0x05, 0xF0, 0x4A, 0x9C, 0x8E, 0x78, 0x71, 0xCE, 0xD8, 0x33, 0x23, 0x51,
    0x46, 0x97, 0x28, 0xEC, 0x50, 0x7C, 0x8B, 0xDC, 0x11, 0xCF, 0x1A, 0xD2, 0x08, 0x0A, 0xA4, 0xE4,
    0x97, 0x3A, 0x6D, 0x28, 0x24, 0xA3, 0x21, 0xC6, 0x22, 0x3F, 0xF7, 0x50, 0x76, 0xC0, 0x44, 0xA7,
    0x39, 0x6E, 0x63, 0xF5, 0x57, 0xFA, 0x37, 0x58, 0x5D, 0x08, 0xD6, 0xA1, 0xD2, 0x28, 0x3F, 0x3B,
    0xE0, 0x92, 0xA3, 0x84, 0x6F, 0x26, 0xB4, 0x80, 0x7F, 0x6B, 0xB4, 0xD2, 0x9C, 0xD2, 0xB7, 0x91,
    0xE1, 0xC7, 0xE7, 0x76, 0x41, 0x7E, 0xC0, 0xA4, 0x8A, 0x4D, 0x5A, 0xBD, 0xF0, 0x06, 0x63, 0x39,
    0xB2, 0x0F, 0x37, 0x8F, 0x75, 0x67, 0x74, 0xED, 0xE6, 0x8C, 0xCE, 0x9D, 0xE0, 0x72, 0x11, 0xB0,
    0xF3, 0xBC, 0xB2, 0xAE, 0x42, 0x53, 0x9C, 0x7F, 0x72, 0x85, 0x94, 0x7A, 0x94, 0xB9, 0x77, 0x1E,
    0x59, 0xFD, 0x3F, 0x6D, 0x53, 0x3D, 0x6C, 0xD3, 0x40, 0x14, 0xFE, 0xEC, 0x0B, 0x75, 0x53, 0x5F,
    0x62, 0xD8, 0x0A, 0x4D, 0x70, 0x06, 0x84, 0x32, 0xA4, 0xCD, 0xA1, 0x44, 0xD0, 0xA1, 0x95, 0x0F,
    0x89, 0x8D, 0xA5, 0x13, 0x62, 0x41, 0x2A, 0x88, 0x91, 0x9F, 0x4A, 0x20, 0xC1, 0x40, 0xA9, 0x05,
    0x12, 0x4B, 0x91, 0xC8, 0xC2, 0x8A, 0x2A, 0x98, 0xD8, 0x82, 0xD4, 0x21, 0x48, 0x88, 0x5C, 0xC8,
    0x80, 0x84, 0x90, 0x70, 0xBA, 0xF2, 0x53, 0xAB, 0x74, 0x64, 0x30, 0x10, 0x44, 0x41, 0xA1, 0xE6,
    0xF9, 0xD2, 0x84, 0x1F, 0xF5, 0x59, 0xF6, 0xDD, 0xBD, 0x3F, 0x7F, 0xEF, 0x7B, 0xEF, 0xE6, 0x1C,
    0x7F, 0x11, 0x5D, 0x53, 0x61, 0xAE, 0x6C, 0x75, 0xA2, 0x69, 0xB0, 0xC8, 0xDC, 0x36, 0x36, 0x82,
    0xB0, 0xE4, 0xDE, 0x3A, 0x7D, 0xD9, 0x07, 0xE2, 0x38, 0x79, 0xE3, 0x08, 0x80, 0xB4, 0x70, 0x8C,
    0x9D, 0xDC, 0x02, 0xAE, 0xBC, 0xC5, 0x42, 0xAE, 0x3B, 0x5B, 0x2F, 0x95, 0xF3, 0x4F, 0xF8, 0x7E,
    0x6E, 0xC2, 0x3D, 0x99, 0x55, 0x33, 0x6C, 0xE5, 0x21, 0xD9, 0x8C, 0x70, 0xD5, 0x5D, 0x0E, 0xBA,
    0xCF, 0xB2, 0x96, 0x9C, 0xB6, 0xAD, 0x65, 0xD9, 0xF4, 0x1D, 0x55, 0xD1, 0x12, 0x5D, 0x67, 0x9F,
    0xB7, 0x8C, 0xA8, 0x81, 0xFA, 0x75, 0xE6, 0xBB, 0xBC, 0xFA, 0x69, 0xAC, 0x1C, 0x02, 0x6E, 0xA7,
    0xF3, 0x0E, 0x0A, 0x78, 0x2C, 0x7E, 0x04, 0xE6, 0x7A, 0xFB, 0xB0, 0xC4, 0xE2, 0xAF, 0xA8, 0x5E,
    0xCD, 0xC1, 0x78, 0xDB, 0x3E, 0x20, 0xE7, 0xFE, 0x47, 0xE7, 0x31, 0xA6, 0x7A, 0x4A, 0xC5, 0x4A,
    0x70, 0x46, 0x61, 0x25, 0xCF, 0xB3, 0xD2, 0xC5, 0xBD, 0x87, 0xEF, 0x56, 0xA7, 0x91, 0x62, 0xF6,
    0x56, 0xF3, 0x36, 0x7C, 0x5E, 0x0E, 0x95, 0xF0, 0x08, 0xB0, 0x60, 0x38, 0xC2, 0x1A, 0xD7, 0x7A,
    0xB4, 0x83, 0x62, 0xE0, 0x29, 0xD1, 0x5D, 0x52, 0x1A, 0xFD, 0x7C, 0x1F, 0xFD, 0xF2, 0x10, 0xB5,
    0xFE, 0x33, 0x65, 0xDC, 0x72, 0xAC, 0x75, 0x95, 0xCA, 0xD8, 0x4C, 0x35, 0x25, 0x2A, 0x15, 0xEF,
    0x2B, 0x13, 0x82, 0xAC, 0x28, 0x89, 0xA8, 0xBD, 0xD8, 0x05, 0x86, 0x25, 0x0D, 0x69, 0x1A, 0x92,
    0xB2, 0x53, 0xC8, 0xBF, 0xB4, 0xD1, 0xF7, 0xCF, 0xFA, 0xF7, 0x9E, 0xDC, 0x96, 0xB4, 0x9B, 0x1A,
    0xD2, 0x0B, 0xEC, 0xC5, 0x18, 0x28, 0xC5, 0x21, 0x30, 0x20, 0x40, 0x2E, 0x59, 0xE6, 0xC1, 0x61,
    0xFA, 0x54, 0x40, 0x1A, 0x86, 0x42, 0x95, 0xA0, 0x68, 0xB1, 0x12, 0x07, 0xB2, 0x48, 0xB2, 0xE8,
    0x98, 0xE2, 0xC0, 0x59, 0x7B, 0xD1, 0xBE, 0x36, 0x30, 0x1B, 0xA4, 0x5F, 0x79, 0x59, 0x87, 0xA8,
    0x30, 0x22, 0x25, 0xEE, 0x31, 0xE5, 0x11, 0x82, 0xD9, 0x2F, 0x67, 0xCE, 0x43, 0x56, 0x17, 0x3C,
    0xF4, 0x32, 0xB9, 0xD4, 0x23, 0x5E, 0x5D, 0x78, 0x55, 0xD8, 0x0D, 0x67, 0x9F, 0x01, 0x0D, 0x13,
    0x4C, 0xAB, 0xC4, 0xEB, 0x0A, 0x6F, 0x0F, 0xF8, 0x4F, 0x64, 0x1C, 0xCD, 0x76, 0xC6, 0x8B, 0x08,
    0x65, 0x22, 0x45, 0x64, 0xE9, 0x7B, 0x33, 0x7D, 0x76, 0x9B, 0x14, 0xD4, 0x5F, 0x18, 0xB1, 0x5C,
    0x1C, 0x89, 0xE7, 0x80, 0xA5, 0xC0, 0x3D, 0xDE, 0x0C, 0xB4, 0x93, 0x13, 0xB7, 0x24, 0x69, 0x46,
    0x1D, 0x45, 0x79, 0x08, 0x2A, 0x9E, 0x52, 0x49, 0xB4, 0x5C, 0x84, 0xB1, 0x6A, 0x6E, 0x8E, 0x6C,
    0x12, 0x05, 0xD0, 0x3D, 0x75, 0xD7, 0x3A, 0xEF, 0xAB, 0xAD, 0x88, 0xF9, 0xC8, 0xAD, 0x85, 0xBD,
    0x73, 0x52, 0x47, 0xDB, 0x35, 0xBB, 0x36, 0x51, 0x03, 0x71, 0x76, 0x49, 0xC2, 0xDC, 0x04, 0x26,
    0xB5, 0x9A, 0x9C, 0x0C, 0xCA, 0x43, 0x16, 0xAC, 0x62, 0xC2, 0x9F, 0xF0, 0x5D, 0x89, 0x7E, 0x40,
    0x2A, 0x01, 0x72, 0x30, 0xB1, 0x54, 0x80, 0x29, 0x79, 0x84, 0x90, 0x5E, 0xAD, 0x29, 0x8C, 0xD4,
    0xD4, 0xBC, 0xB9, 0x69, 0x4A, 0xF1, 0x94, 0x08, 0x2B, 0x4A, 0x22, 0x92, 0x6B, 0xA6, 0x68, 0x40,
    0xA8, 0xE7, 0xFE, 0xBE, 0x13, 0xB3, 0x37, 0x0C, 0x39, 0xB6, 0x32, 0x5A, 0x28, 0x2F, 0x6F, 0xB4,
    0xA3, 0x4F, 0x0C, 0x11, 0x67, 0x2B, 0x8D, 0xE2, 0xF3, 0x72, 0x52, 0xE9, 0x78, 0x86, 0x45, 0xB9,
    0xB1, 0x84, 0x73, 0x20, 0x7D, 0x50, 0xC2, 0x68, 0x18, 0xCD, 0x78, 0xBB, 0xFF, 0xBF, 0xDD, 0x74,
    0xBB, 0x0D, 0x03, 0x8D, 0x01, 0x59, 0xD3, 0x79, 0xA3, 0x59, 0x33, 0xEF, 0xD0, 0x21, 0xF6, 0x77,
    0xD4, 0x97, 0xE3, 0x9F, 0xD2, 0xB9, 0x8F, 0x53, 0xDD, 0x05, 0x3A, 0x64, 0x06, 0xCE, 0x4C, 0x67,
    0x72, 0xB5, 0x93, 0x7D, 0x2F, 0x1E, 0x64, 0xB2, 0x03, 0xCD, 0x49, 0x9F, 0x81, 0x3E, 0x41, 0xC1,
    0x46, 0x8B, 0x19, 0x17, 0x84, 0x68, 0xBD, 0xF8, 0xAE, 0x60, 0x85, 0xF3, 0x8F, 0xE2, 0xD7, 0x34,
    0x09, 0xF5, 0x02, 0x0D, 0x35, 0x65, 0xF3, 0xEB, 0x49, 0xEF, 0x44, 0xDE, 0x09, 0xDC, 0xCE, 0xC6,
    0x3A, 0xEB, 0x39, 0xD1, 0x6C, 0x67, 0x6D, 0x3B, 0x09, 0x2C, 0x95, 0xF8, 0x8E, 0x64, 0x2F, 0x58,
    0x0F, 0xDC, 0xCE, 0xC7, 0x37, 0x7B, 0x66, 0x10, 0x19, 0xA1, 0x99, 0x58, 0x4B, 0x34, 0x51, 0xDC,
    0xEA, 0xE5, 0x73, 0x55, 0x2E, 0xE8, 0x99, 0xCE, 0x39, 0x1F, 0x12, 0x25, 0x4B, 0xC6, 0xEF, 0x68,
    0x44, 0x77, 0x06, 0xD4, 0x4D, 0xC1, 0x39, 0xB3, 0x6F, 0x85, 0x93, 0xDF, 0xBA, 0xF9, 0xC9, 0x61,
    0xB2, 0x44, 0xA6, 0xA6, 0xA6, 0x26, 0xEB, 0x8A, 0x43, 0x71, 0x23, 0xF0, 0xA8, 0x23, 0xCA, 0x6B,
    0xE9, 0x13, 0x02, 0xDB, 0xBF, 0x59, 0x2E, 0xF1, 0xCC, 0x68, 0xB6, 0x60, 0x15, 0x58, 0x40, 0x77,
    0x1D, 0xBF, 0x9E, 0xCD, 0x88, 0xAC, 0x6F, 0x49, 0x5B, 0x8D, 0x87, 0xAB, 0x8D, 0xDF, 0xB5, 0x5B,
    0x4D, 0x6C, 0x1C, 0x47, 0x76, 0x7E, 0xDD, 0xE5, 0x55, 0xAF, 0x55, 0x14, 0x4B, 0x07, 0x03, 0x71,
    0x40, 0x9A, 0xAD, 0x83, 0x0F, 0x5A, 0x84, 0x52, 0x13, 0xBB, 0x04, 0x42, 0xAC, 0x67, 0x7A, 0xDA,
    0x22, 0x62, 0x05, 0x51, 0xB0, 0x16, 0x90, 0x6B, 0x10, 0x2B, 0x41, 0xCE, 0x11, 0x83, 0xF8, 0x60,
    0x20, 0x43, 0x4E, 0x93, 0x4C, 0x62, 0x20, 0xCE, 0xAE, 0xB9, 0xC8, 0x21, 0x47, 0xEB, 0x90, 0x5B,
    0x16, 0x08, 0x91, 0xF0, 0xC0, 0x00, 0x23, 0x4D, 0x4B, 0x44, 0x22, 0x20, 0x82, 0xA1, 0x5E, 0x19,
    0x58, 0x03, 0x31, 0x02, 0x97, 0x4D, 0x05, 0x06, 0xB2, 0x9B, 0xA8, 0x65, 0xF7, 0xDA, 0x25, 0xAB,
    0x39, 0x95, 0xEF, 0x55, 0xCF, 0x90, 0x43, 0x89, 0x12, 0x25, 0x6B, 0x43, 0x75, 0xB3, 0xBB, 0x8B,
    0xDD, 0xF5, 0xF3, 0xEA, 0xBD, 0xEF, 0x7D, 0xEF, 0x55, 0xC9, 0x4B, 0x88, 0x0C, 0x51, 0x98, 0x12,
    0x95, 0x44, 0x92, 0xEA, 0x1F, 0x61, 0x6D, 0xA5, 0x52, 0x25, 0xB4, 0x9F, 0x19, 0xBA, 0x10, 0x13,
    0xA9, 0x74, 0x41, 0xE8, 0x49, 0xB2, 0x96, 0x62, 0x3F, 0x73, 0x0F, 0xEE, 0xB3, 0x98, 0x8E, 0xAA,
    0x54, 0xAC, 0x6A, 0xBA, 0x63, 0xAD, 0xF1, 0x93, 0x35, 0xAF, 0x68, 0xD3, 0xDC, 0x38, 0xED, 0xFE,
    0x28, 0x6B, 0x8B, 0x98, 0x1A, 0xAE, 0x2A, 0x2F, 0xE5, 0x0F, 0xFC, 0x54, 0xA5, 0x97, 0x84, 0x35,
    0x64, 0xC6, 0xEB, 0x07, 0xAA, 0xAB, 0x9A, 0x8B, 0x69, 0x5C, 0xA5, 0x41, 0xCF, 0x5A, 0xDD, 0xB3,
    0x7D, 0x9A, 0x8E, 0x44, 0x2A, 0x65, 0xA6, 0xBD, 0x33, 0xC5, 0x0B, 0x44, 0x5D, 0x54, 0x15, 0x4D,
    0x94, 0x24, 0xAD, 0x4D, 0xFD, 0x1D, 0xDF, 0xA0, 0x20, 0xC2, 0x3F, 0x91, 0xCB, 0x8C, 0x4A, 0xBF,
    0xA0, 0x26, 0x0A, 0x54, 0x12, 0x51, 0x90, 0xC9, 0x2C, 0xC8, 0x94, 0x45, 0xAD, 0x5E, 0x82, 0x27,
    0x1E, 0x56, 0x93, 0x48, 0x0F, 0x7A, 0x63, 0x6D, 0x5F, 0xA5, 0x53, 0x2A, 0x1D, 0x77, 0xC7, 0x73,
    0x78, 0xEB, 0x31, 0x87, 0x2D, 0xD0, 0x66, 0x3F, 0xB9, 0xEC, 0x15, 0x25, 0x4D, 0x6F, 0x52, 0xD0,
    0x26, 0x3A, 0xCD, 0x72, 0x60, 0xD9, 0xD4, 0x43, 0x27, 0xB4, 0x4E, 0x05, 0x79, 0xA7, 0xC9, 0xDF,
    0xD2, 0xB4, 0x1E, 0x25, 0x6D, 0xEA, 0xDD, 0x3B, 0x62, 0xD7, 0x2E, 0xCB, 0xEB, 0x99, 0x8A, 0x69,
    0xDA, 0x90, 0x28, 0x29, 0xD8, 0xA1, 0xC0, 0x26, 0xBE, 0xCD, 0xA8, 0x97, 0x51, 0x6B, 0x81, 0x9A,
    0x39, 0x7D, 0x95, 0x06, 0x37, 0x93, 0xEE, 0x44, 0x3F, 0xB1, 0x85, 0x51, 0xE9, 0x43, 0xC7, 0xBB,
    0x76, 0x61, 0xB2, 0x6C, 0xAE, 0x4F, 0xD7, 0x7D, 0x6E, 0x55, 0x32, 0x7B, 0xF4, 0xBF, 0x56, 0xC5,
    0xFD, 0x34, 0xDC, 0xAD, 0x07, 0x7E, 0x95, 0xA4, 0x7E, 0x9B, 0x4A, 0x1D, 0x2A, 0x5F, 0x17, 0x5D,
    0xD9, 0xE7, 0xC1, 0x5B, 0x54, 0x57, 0x44, 0x3C, 0x2B, 0x10, 0xD9, 0xBE, 0x5B, 0x8D, 0x81, 0xD2,
    0xB8, 0x5F, 0x2C, 0xF1, 0x2D, 0xBE, 0xC7, 0x6D, 0x90, 0x79, 0x79, 0x04, 0xE1, 0x4D, 0xFA, 0x85,
    0xC8, 0xFD, 0x8C, 0x6F, 0xE7, 0x50, 0xFA, 0xB3, 0x73, 0x90, 0x7B, 0xD7, 0xE6, 0x7E, 0x71, 0x31,
    0xB8, 0x8D, 0x3A, 0x31, 0x06, 0xF4, 0x41, 0x66, 0xA8, 0x06, 0x47, 0x97, 0xDC, 0xCC, 0xE0, 0x80,
    0x68, 0x86, 0x85, 0xBD, 0x7B, 0x84, 0x59, 0xF5, 0x0B, 0x2E, 0x0C, 0xB9, 0x50, 0xDC, 0xE2, 0x37,
    0x4B, 0x7E, 0xB3, 0xC9, 0x85, 0xEA, 0x1C, 0x0A, 0xE5, 0x35, 0x14, 0xCA, 0x0F, 0x6C, 0x86, 0x29,
    0xE6, 0xAE, 0x36, 0x22, 0x3F, 0x1B, 0x97, 0xD9, 0x82, 0x38, 0x53, 0x8C, 0x0D, 0x14, 0x00, 0xA7,
    0xFC, 0xB7, 0x1D, 0xF2, 0xAD, 0xCD, 0xE9, 0x4A, 0x52, 0x39, 0x15, 0x60, 0x21, 0xF8, 0x85, 0x6B,
    0xBA, 0xBB, 0x5B, 0x00, 0x05, 0xC0, 0x58, 0x8F, 0x63, 0x74, 0xE4, 0xB4, 0x6B, 0x83, 0x68, 0x72,
    0x4F, 0x23, 0x69, 0x49, 0xA5, 0x13, 0x85, 0x11, 0x98, 0xFF, 0x0B, 0x64, 0xBE, 0x0D, 0x61, 0x65,
    0x64, 0x5E, 0x24, 0xF5, 0x0E, 0x64, 0x94, 0x93, 0x7A, 0x2F, 0x21, 0xD3, 0x20, 0xB5, 0x0C, 0xB1,
    0x42, 0x6D, 0xD3, 0x26, 0x19, 0xAF, 0xB0, 0x85, 0x2A, 0xB8, 0x3E, 0xAE, 0x2C, 0xC0, 0x29, 0x72,
    0x22, 0x3F, 0x1B, 0x56, 0xD9, 0xAA, 0x94, 0x8D, 0x30, 0xD2, 0x2E, 0xF1, 0x20, 0x3A, 0x50, 0xC1,
    0x2A, 0xA2, 0xEF, 0x17, 0x5D, 0x71, 0xE3, 0x5A, 0xD1, 0x88, 0xE4, 0x56, 0xD6, 0x8D, 0xA6, 0xFD,
    0xE2, 0x4A, 0x2E, 0xAF, 0xED, 0x50, 0x24, 0x35, 0x75, 0x07, 0x2F, 0xDF, 0xB4, 0x02, 0x6A, 0xF1,
    0xDC, 0x73, 0xA8, 0xF3, 0x7A, 0x46, 0x5E, 0xB6, 0x40, 0x34, 0xFB, 0x22, 0x2A, 0x37, 0xBB, 0xE6,
    0x23, 0xD0, 0xB0, 0x55, 0x19, 0xB5, 0x3D, 0x43, 0xA7, 0xA8, 0x85, 0xF1, 0x08, 0x2D, 0x13, 0xEA,
    0x8A, 0x8C, 0xD4, 0x4A, 0x8E, 0x5A, 0x30, 0x79, 0x31, 0x46, 0x17, 0x54, 0x78, 0x79, 0x07, 0x67,
    0x88, 0x33, 0x48, 0x48, 0xFC, 0x1D, 0x0C, 0x00, 0x75, 0x53, 0x0B, 0x66, 0xCD, 0x75, 0x70, 0x8B,
    0xDF, 0xE4, 0xB4, 0x3C, 0x15, 0x11, 0x80, 0x41, 0xE5, 0xB5, 0xBA, 0x0F, 0x4F, 0xC1, 0x57, 0x94,
    0x29, 0x48, 0x63, 0x0A, 0xBD, 0x98, 0xC6, 0x3B, 0xB3, 0x98, 0xA5, 0x05, 0x98, 0x09, 0x2C, 0x9E,
    0xA0, 0x3B, 0x98, 0xA7, 0x44, 0xA4, 0x2A, 0x0B, 0x12, 0xCC, 0x08, 0x3A, 0x3E, 0x8E, 0xFA, 0x4E,
    0x91, 0x6F, 0x2C, 0xE6, 0x07, 0xF0, 0x82, 0x91, 0x40, 0xB4, 0x59, 0x4C, 0x17, 0x06, 0x18, 0x60,
    0xEF, 0x51, 0x1C, 0x68, 0x95, 0x9E, 0x16, 0x5A, 0x00, 0x75, 0xCA, 0x98, 0x9A, 0x98, 0x80, 0x79,
    0x2D, 0x33, 0x33, 0xF1, 0x81, 0xD3, 0x0A, 0x2D, 0x74, 0x87, 0x8C, 0x40, 0xFD, 0x5D, 0x95, 0x46,
    0x42, 0xAB, 0xC4, 0xC8, 0xB4, 0x65, 0xD7, 0x54, 0xDA, 0xC1, 0x37, 0x1A, 0xB0, 0x10, 0x53, 0xA4,
    0x52, 0xB9, 0xA5, 0x45, 0x6E, 0x82, 0x6D, 0xF7, 0xCD, 0xA8, 0xC5, 0xD3, 0xE1, 0x16, 0x8F, 0x9E,
    0x65, 0x1E, 0xB4, 0x9D, 0x66, 0x30, 0x4A, 0xE8, 0x3E, 0x05, 0xD0, 0x2B, 0x57, 0x70, 0x09, 0x05,
    0x27, 0x51, 0x70, 0x0C, 0x05, 0x02, 0x8A, 0xE6, 0x41, 0xD1, 0xE8, 0x12, 0x0A, 0x66, 0x51, 0x30,
    0x8D, 0x82, 0x53, 0x10, 0x4C, 0xC7, 0xDA, 0xB2, 0x95, 0x50, 0x78, 0x93, 0xC8, 0xFB, 0x02, 0xC8,
    0x3A, 0xCD, 0xA2, 0x9A, 0xC1, 0xA4, 0x40, 0xAD, 0x6D, 0x3D, 0xAE, 0xF5, 0x98, 0x5E, 0x74, 0x23,
    0x9E, 0x24, 0x13, 0x50, 0x0B, 0xD2, 0x48, 0xD7, 0xDD, 0x83, 0x83, 0x14, 0x95, 0xFA, 0x40, 0x53,
    0x0C, 0xE5, 0x15, 0x74, 0xFD, 0x0A, 0xF4, 0x23, 0xEA, 0x5C, 0x52, 0xE9, 0x2B, 0x77, 0xC7, 0x84,
    0x3E, 0x79, 0xDC, 0x4F, 0xCD, 0x31, 0x88, 0x38, 0x16, 0x44, 0x63, 0x6A, 0x25, 0x25, 0xBC, 0x8A,
    0xFA, 0x67, 0x0D, 0x84, 0x27, 0x2D, 0x7E, 0xA9, 0x9B, 0x50, 0x5E, 0xB9, 0xF5, 0x49, 0x01, 0x05,
    0x35, 0x80, 0xC7, 0x22, 0x06, 0xEA, 0x16, 0xAC, 0xC3, 0x25, 0xA4, 0xBD, 0x05, 0x35, 0x25, 0x3B,
    0xD1, 0x17, 0x65, 0xF4, 0x3A, 0x85, 0x0D, 0x6A, 0xAE, 0x01, 0x24, 0x80, 0x91, 0x9B, 0xAC, 0x25,
    0xD0, 0x6A, 0x28, 0x35, 0x94, 0x33, 0xD2, 0x64, 0xD3, 0xE0, 0xE3, 0x1F, 0x5F, 0x99, 0xB0, 0x6B,
    0x6C, 0xDB, 0xB5, 0x52, 0x47, 0x32, 0xF3, 0xA0, 0xD4, 0x21, 0xD4, 0xF6, 0xE7, 0xD7, 0x0A, 0x85,
    0xC7, 0xA2, 0x1B, 0x01, 0x3B, 0xBA, 0xEB, 0xF2, 0xDA, 0xFD, 0x24, 0x92, 0x25, 0x94, 0x3A, 0x1D,
    0x5A, 0x40, 0xC4, 0x06, 0x41, 0x73, 0x73, 0xE4, 0xE5, 0xE8, 0x89, 0x8F, 0xCA, 0xCD, 0x9E, 0xF5,
    0x09, 0x7B, 0x23, 0x1B, 0x5A, 0x40, 0x78, 0xAD, 0xF0, 0xAC, 0xCC, 0xC6, 0xF1, 0xF8, 0x79, 0xD1,
    0x55, 0xF8, 0xB6, 0x88, 0xE4, 0x0D, 0xFC, 0x75, 0xC3, 0x2F, 0x7A, 0x89, 0xBC, 0x66, 0xB8, 0x5D,
    0xF7, 0xF2, 0x17, 0xC0, 0x05, 0x58, 0x61, 0xA0, 0x8D, 0xD7, 0x53, 0xE9, 0x4C, 0x62, 0x8E, 0x40,
    0x52, 0x40, 0xBA, 0x31, 0x18, 0x2A, 0x2E, 0xEB, 0xA4, 0xA0, 0xFD, 0xF7, 0x80, 0x79, 0xAB, 0xB0,
    0xE5, 0x10, 0x7F, 0x83, 0x7F, 0x11, 0xB9, 0x4A, 0x43, 0x1E, 0xB2, 0x83, 0x3E, 0xC5, 0xB0, 0x38,
    0x72, 0x8E, 0x3F, 0x70, 0xBE, 0x84, 0x93, 0x27, 0x61, 0x9A, 0x7D, 0x11, 0x99, 0x3F, 0x5E, 0x27,
    0x03, 0x34, 0x30, 0x4B, 0x09, 0x94, 0x15, 0xD6, 0x56, 0x75, 0x12, 0xEA, 0xA4, 0xFF, 0x4B, 0xFE,
    0x15, 0xD1, 0xA6, 0x31, 0x33, 0x56, 0xD2, 0x3F, 0xEB, 0xEF, 0x16, 0xE2, 0xF5, 0x74, 0x2B, 0x9B,
    0x8C, 0x05, 0x5C, 0x9A, 0x19, 0x0B, 0xC5, 0xBC, 0x9E, 0x69, 0x4E, 0x03, 0x4E, 0x36, 0x75, 0x2C,
    0xBC, 0xAF, 0xD0, 0x3B, 0x01, 0x2D, 0x9F, 0x91, 0xB9, 0x5A, 0xCE, 0x42, 0x8A, 0x5B, 0xC5, 0x1C,
    0xBB, 0x43, 0x36, 0x46, 0x32, 0x07, 0x9E, 0xF0, 0xA1, 0x8F, 0xFC, 0x1B, 0x4E, 0xFE, 0x96, 0x2E,
    0xC2, 0xAB, 0xDC, 0x0E, 0x13, 0x95, 0x88, 0x1C, 0xEA, 0x02, 0x77, 0x4B, 0x5D, 0x98, 0x5D, 0x1B,
    0x12, 0x6E, 0x8E, 0x9E, 0x5C, 0xC6, 0x7F, 0x83, 0xCB, 0x2A, 0xF8, 0x5D, 0xFE, 0x86, 0xBF, 0x65,
    0x83, 0xFE, 0xC6, 0x60, 0x50, 0xB0, 0xE1, 0xAE, 0xA9, 0x65, 0x50, 0x83, 0x18, 0x06, 0x38, 0x72,
    0x34, 0xD5, 0xB2, 0x51, 0x6C, 0x88, 0x07, 0xBA, 0xD0, 0x23, 0x85, 0xA1, 0xC6, 0x26, 0x49, 0x74,
    0xE8, 0x62, 0xED, 0x42, 0x87, 0xEC, 0x61, 0xBF, 0x0B, 0x2D, 0x6A, 0x17, 0x0A, 0x6F, 0x71, 0x3F,
    0x31, 0x6A, 0x5D, 0xA5, 0x5F, 0xB2, 0x89, 0xE0, 0x7D, 0x7E, 0xF9, 0x90, 0x0B, 0x4F, 0x74, 0x25,
    0xEC, 0x56, 0x01, 0x0C, 0x5C, 0x22, 0x99, 0xA8, 0x4C, 0x64, 0x9E, 0xF1, 0x73, 0x18, 0x26, 0x94,
    0x50, 0x03, 0x24, 0xBB, 0x0D, 0xBC, 0xF8, 0x3F, 0x30, 0x4C, 0xF6, 0x83, 0x30, 0x52, 0xD6, 0x7D,
    0xC2, 0x0B, 0xF4, 0x5F, 0xE8, 0x4D, 0xA7, 0xA8, 0xB1, 0x8C, 0xEB, 0x71, 0xAE, 0xC6, 0xB7, 0xF7,
    0x6F, 0x53, 0xD9, 0x59, 0xD5, 0x4D, 0xBF, 0x50, 0x67, 0x01, 0x00, 0x5D, 0x03, 0xCF, 0xF5, 0x71,
    0x0A, 0x9F, 0xB5, 0x7B, 0xD3, 0x85, 0x43, 0xDC, 0xC2, 0x9F, 0x36, 0x43, 0xBF, 0x9C, 0x22, 0x4C,
    0x5F, 0x42, 0xCE, 0x9D, 0x62, 0xDC, 0x90, 0x55, 0xD5, 0x41, 0x37, 0x2E, 0x03, 0x1E, 0x2A, 0x91,
    0x7A, 0x55, 0x83, 0xFC, 0xAF, 0x73, 0x12, 0x70, 0xC4, 0x01, 0x5E, 0x09, 0xB5, 0x73, 0x36, 0x12,
    0xD8, 0xFE, 0x66, 0x98, 0x0A, 0x54, 0xD6, 0xA0, 0x16, 0xFA, 0x72, 0xA5, 0x55, 0x0C, 0x75, 0xE4,
    0x19, 0x00, 0x1B, 0xC3, 0x21, 0xE7, 0xFC, 0x80, 0x5E, 0xC0, 0x9F, 0xDA, 0x91, 0xD8, 0xCF, 0x0B,
    0x56, 0x23, 0xB5, 0xB2, 0x77, 0x81, 0xA1, 0x2C, 0x1B, 0x89, 0x89, 0xBB, 0x93, 0x46, 0xF9, 0xC1,
    0x42, 0x65, 0xAB, 0xC3, 0x97, 0xEC, 0x62, 0xD9, 0xBB, 0x46, 0xFE, 0x33, 0xDF, 0xB2, 0x0E, 0xD9,
    0xFF, 0xB7, 0x7A, 0x19, 0x64, 0x58, 0xC0, 0xF5, 0xF0, 0x01, 0x96, 0x34, 0x90, 0x00, 0x10, 0x9D,
    0x1D, 0x08, 0x00, 0x78, 0x1C, 0xDA, 0x37, 0xCB, 0x63, 0x84, 0xFA, 0xF1, 0x38, 0x05, 0xA0, 0x53,
    0x2D, 0x97, 0x78, 0x2C, 0xC9, 0xF8, 0xF0, 0x23, 0x70, 0x57, 0x98, 0x10, 0x38, 0x19, 0x60, 0x88,
    0x73, 0x39, 0x50, 0x7A, 0x90, 0x9C, 0x16, 0x00, 0x10, 0x42, 0xE9, 0x32, 0x89, 0x45, 0x0B, 0x06,
    0xAA, 0x2B, 0xB4, 0x2B, 0xEA, 0xF5, 0xB9, 0x28, 0x84, 0x37, 0xCA, 0x14, 0x17, 0x9D, 0xE6, 0xB7,
    0xBA, 0x31, 0x77, 0x0D, 0x45, 0x70, 0x47, 0xA8, 0x0D, 0x45, 0x41, 0x11, 0x2B, 0x7B, 0x0F, 0xFD,
    0xAC, 0x46, 0x0C, 0x60, 0xC4, 0xF9, 0x1D, 0x79, 0x8C, 0xF3, 0xFB, 0x8D, 0x7E, 0x22, 0xF3, 0x28,
    0x59, 0xA7, 0xA6, 0x64, 0x83, 0x71, 0xBA, 0xDB, 0x60, 0x22, 0x22, 0xED, 0x4E, 0xCD, 0x47, 0xC0,
    0x73, 0x83, 0xAB, 0x44, 0x9B, 0xC0, 0x42, 0x89, 0x82, 0xCD, 0x23, 0xA5, 0xD7, 0x03, 0x43, 0x2B,
    0xBC, 0x9E, 0x46, 0x53, 0xFF, 0x12, 0xE4, 0xEC, 0x07, 0x80, 0x7C, 0xF8, 0xB2, 0xAD, 0xD2, 0x92,
    0x5D, 0x04, 0xD8, 0xC2, 0x69, 0x26, 0x3A, 0xAC, 0x36, 0x50, 0x7A, 0xD6, 0x09, 0xF4, 0x38, 0xE4,
    0xDB, 0x14, 0xB7, 0xDA, 0xA8, 0x84, 0xBB, 0xD1, 0x46, 0x6B, 0x6C, 0x49, 0xF0, 0x24, 0x72, 0xAD,
    0x0D, 0x03, 0x99, 0x80, 0x16, 0x47, 0xB0, 0xB6, 0xB2, 0x96, 0x93, 0xA9, 0xE5, 0xC4, 0x62, 0x93,
    0x69, 0x4C, 0x4C, 0xEE, 0x5B, 0xF3, 0x5A, 0xE0, 0x75, 0x95, 0xC4, 0xD4, 0x26, 0xB6, 0x17, 0x0C,
    0x4D, 0x2D, 0x77, 0xBD, 0xCE, 0x1B, 0xB9, 0xB2, 0x41, 0x1F, 0xB5, 0x66, 0x6D, 0x91, 0xBF, 0x88,
    0x7E, 0x07, 0xDA, 0xBF, 0xAF, 0xA3, 0x79, 0xDD, 0x85, 0xFF, 0x76, 0xC7, 0xE5, 0x09, 0x1D, 0xFD,
    0x6D, 0x45, 0x3D, 0x03, 0x97, 0x76, 0x3A, 0x81, 0xF9, 0xD0, 0x1F, 0xF6, 0x93, 0xF7, 0xE6, 0xF5,
    0x0E, 0x95, 0x15, 0xE3, 0x5C, 0x73, 0xF7, 0x68, 0x53, 0x1B, 0x9E, 0x4D, 0x9D, 0xD1, 0x7E, 0x3F,
    0xE9, 0xD8, 0x34, 0x0E, 0x33, 0x03, 0x89, 0x35, 0xD5, 0x8A, 0x6E, 0xF5, 0xA1, 0xE3, 0xF3, 0x1A,
    0xC3, 0xE0, 0x59, 0x30, 0x51, 0xC8, 0x41, 0x45, 0x61, 0x02, 0xB8, 0x0E, 0xE3, 0x3F, 0xC4, 0x95,
    0xA5, 0x65, 0xAE, 0x52, 0x08, 0x3C, 0xCC, 0x20, 0x9A, 0xA9, 0x2F, 0x01, 0x2E, 0x60, 0x26, 0xCF,
    0xE3, 0x82, 0x71, 0xC1, 0x33, 0x88, 0x44, 0x2D, 0x03, 0xA0, 0x9B, 0x70, 0x46, 0x70, 0xB2, 0xF0,
    0xE9, 0xDF, 0x83, 0xDC, 0xFD, 0x3E, 0x15, 0xDD, 0x86, 0xFF, 0x59, 0x0A, 0xE3, 0xB7, 0xAE, 0xB6,
    0x8C, 0xE9, 0x81, 0xF6, 0xC2, 0xE5, 0x22, 0xBA, 0x1D, 0x9E, 0xB5, 0x6A, 0xBE, 0x52, 0xAB, 0xD5,
    0x0B, 0x97, 0xCC, 0x9F, 0x26, 0x42, 0xFD, 0x35, 0xD1, 0x49, 0x83, 0x89, 0xBB, 0x03, 0xB2, 0x04,
    0xC7, 0x4F, 0xC1, 0xCD, 0xF7, 0x30, 0x99, 0x66, 0x03, 0xE2, 0x58, 0x45, 0xDC, 0x62, 0xA6, 0x44,
    0xD9, 0x29, 0xAA, 0x8B, 0xA6, 0x29, 0xDF, 0xA7, 0x5F, 0x62, 0x42, 0x4F, 0x53, 0x9F, 0xFC, 0x92,
    0xA2, 0x44, 0x96, 0xC2, 0x9E, 0xF9, 0xD2, 0xEA, 0x4E, 0xD1, 0x01, 0x94, 0x82, 0x97, 0x46, 0xA9,
    0x39, 0x82, 0xCB, 0xCD, 0xD4, 0xCC, 0x18, 0xF5, 0x43, 0x95, 0x7E, 0x0D, 0xBC, 0x84, 0x88, 0x2B,
    0xC7, 0x59, 0xDF, 0xB6, 0x81, 0x25, 0xBD, 0x4E, 0x53, 0x60, 0x82, 0x7A, 0xA1, 0x26, 0x87, 0x14,
    0xF4, 0xA5, 0x65, 0x3E, 0x6B, 0x7C, 0xBC, 0x72, 0x31, 0x35, 0x63, 0x46, 0xAD, 0xE2, 0x29, 0x37,
    0xEA, 0xEF, 0x55, 0x0A, 0x71, 0xA9, 0xCC, 0x39, 0xCD, 0x8E, 0xEE, 0x15, 0xBD, 0xA2, 0x29, 0x74,
    0x2B, 0x33, 0x93, 0xE7, 0xE3, 0xA3, 0xF0, 0xA8, 0x24, 0xB6, 0x53, 0x06, 0xAB, 0xB8, 0xC9, 0xEE,
    0x55, 0x68, 0x4C, 0xA8, 0x5C, 0xB1, 0x59, 0xC5, 0x32, 0x63, 0xFE, 0xC6, 0x02, 0x03, 0x3D, 0x61,
    0xA1, 0x11, 0x1E, 0x8F, 0xE0, 0xF1, 0x45, 0x3C, 0xC2, 0x19, 0xAC, 0x52, 0x2C, 0x51, 0x67, 0x98,
    0x46, 0x55, 0x2F, 0x11, 0x36, 0xCC, 0x02, 0x33, 0x9E, 0x1D, 0x35, 0xC7, 0x34, 0x1C, 0x68, 0x31,
    0x69, 0xC6, 0x36, 0x66, 0xCD, 0xD8, 0xDC, 0x8C, 0x19, 0x6B, 0x5C, 0x30, 0x63, 0x2F, 0xE5, 0x66,
    0x4C, 0xA1, 0x4D, 0x99, 0x9A, 0xDE, 0xD9, 0xC0, 0xF6, 0x0A, 0xAB, 0xA1, 0x37, 0xAC, 0x60, 0x83,
    0x0B, 0xC3, 0xE2, 0xDE, 0x53, 0x7D, 0xC1, 0x90, 0xFA, 0x98, 0x7C, 0x9E, 0x75, 0x2A, 0xDB, 0xFB,
    0xB5, 0xA3, 0xBB, 0x4F, 0x3B, 0xEC, 0x16, 0xC4, 0x03, 0xED, 0x8A, 0x59, 0x42, 0xB1, 0x78, 0xF8,
    0xE1, 0x13, 0x7B, 0xDD, 0x86, 0x61, 0xCE, 0x2E, 0x38, 0xD9, 0x81, 0x56, 0x03, 0x51, 0x46, 0x0E,
    0xC4, 0x29, 0xED, 0xE8, 0x4C, 0x11, 0xD9, 0xD4, 0x45, 0x37, 0x83, 0x03, 0x38, 0x8F, 0xCA, 0x4D,
    0xA3, 0x29, 0x3E, 0xCA, 0x1A, 0x7B, 0x3A, 0xC5, 0x0A, 0x80, 0xC8, 0x73, 0x2D, 0x2A, 0xE1, 0xC8,
    0xE6, 0xF5, 0x2F, 0x40, 0xD5, 0x62, 0x36, 0x77, 0x94, 0xE2, 0xAF, 0x7B, 0xB7, 0x08, 0x0A, 0xF1,
    0x2F, 0xA2, 0x39, 0x05, 0x3C, 0x4A, 0x16, 0x82, 0x2C, 0x17, 0x59, 0xE6, 0x7F, 0x9A, 0x32, 0x73,
    0x84, 0x3D, 0x5E, 0x76, 0x16, 0x3E, 0x47, 0x6C, 0x02, 0x0B, 0x74, 0x22, 0x07, 0xFF, 0x70, 0x90,
    0x35, 0x91, 0xD5, 0xE7, 0x80, 0x8A, 0x07, 0x50, 0xBC, 0xF0, 0xDC, 0x4F, 0xCB, 0xA6, 0xCC, 0xDA,
    0x5D, 0x99, 0xC5, 0x40, 0x9C, 0x68, 0xF4, 0xE4, 0x32, 0xFE, 0x1B, 0xBF, 0xC3, 0xEF, 0xEE, 0xA3,
    0xF1, 0x7C, 0x72, 0x0C, 0xB9, 0x55, 0x85, 0xA4, 0xE5, 0x72, 0x26, 0xB6, 0x13, 0xE8, 0x1C, 0x6C,
    0x16, 0x3E, 0x94, 0xEE, 0x24, 0xE2, 0x9D, 0x4C, 0x0A, 0x3D, 0x45, 0xA5, 0xDD, 0xB2, 0x9D, 0xBB,
    0x4F, 0x20, 0x43, 0xC6, 0x11, 0x86, 0x26, 0xC0, 0xEE, 0x18, 0x23, 0xEB, 0xCD, 0xAA, 0x0B, 0x56,
    0x07, 0x16, 0xD7, 0x0D, 0xFD, 0x62, 0x51, 0x66, 0xBD, 0x7F, 0xE4, 0x58, 0x0E, 0xF0, 0x89, 0x86,
    0x41, 0x50, 0x6D, 0xE7, 0x0B, 0xFB, 0x46, 0x15, 0xF3, 0x5C, 0xA2, 0xAB, 0x31, 0x63, 0x27, 0x6A,
    0x03, 0x14, 0x3C, 0xAE, 0x28, 0x64, 0x9C, 0xC7, 0x87, 0x2D, 0x06, 0x57, 0x04, 0x02, 0x18, 0xE0,
    0x13, 0xDC, 0x5C, 0x1F, 0x78, 0x07, 0xAF, 0x18, 0xB8, 0x45, 0x9A, 0xA9, 0xF3, 0x1C, 0x34, 0x1B,
    0x83, 0x4D, 0xEF, 0x72, 0x92, 0xD6, 0x3D, 0x52, 0x6F, 0x03, 0xCD, 0x10, 0xF7, 0x01, 0xBD, 0xC0,
    0x21, 0x57, 0x30, 0xEB, 0x30, 0x3C, 0x09, 0xFA, 0xEE, 0xB0, 0x4E, 0x31, 0xC4, 0x69, 0x9E, 0x6B,
    0x61, 0xD7, 0x50, 0xB0, 0xC4, 0xC3, 0xFF, 0x00, 0x05, 0x25, 0xA4, 0xD1, 0x44, 0x01, 0x70, 0xD4,
    0xF6, 0xA3, 0x0A, 0x8C, 0x62, 0x64, 0xD6, 0x51, 0xAD, 0x59, 0xC2, 0xDF, 0xF1, 0x5A, 0xCC, 0xE4,
    0x1C, 0x75, 0xF6, 0x6E, 0x8F, 0x1F, 0xD1, 0x19, 0xC2, 0xB9, 0x06, 0xB0, 0xB8, 0xB3, 0xC3, 0x20,
    0xDE, 0x4C, 0x83, 0xF7, 0x11, 0xB4, 0xFF, 0x09, 0x10, 0xD2, 0x66, 0x1D, 0x5D, 0x8B, 0xAD, 0xED,
    0xEB, 0x6E, 0x0B, 0xEA, 0x07, 0xEB, 0x3D, 0x07, 0x0F, 0x76, 0x0B, 0x08, 0x50, 0x22, 0xD0, 0x69,
    0x46, 0x2E, 0x9C, 0x2E, 0xE4, 0x4A, 0x11, 0x9E, 0xDD, 0xB2, 0x5E, 0x2F, 0xF1, 0x7A, 0x56, 0xE6,
    0x83, 0x2C, 0x42, 0x00, 0x7F, 0xDE, 0x83, 0x37, 0x33, 0xF0, 0x26, 0x01, 0x1C, 0x13, 0x3B, 0x7B,
    0x63, 0x02, 0x2B, 0x07, 0xF2, 0x0F, 0x52, 0x42, 0xDC, 0x49, 0x8F, 0xC7, 0xAF, 0x71, 0xB1, 0x5C,
    0xB4, 0x8F, 0x89, 0xE4, 0xB0, 0xF7, 0xA0, 0x8D, 0x7E, 0x55, 0x2B, 0x53, 0xB7, 0x46, 0x36, 0x5C,
    0xE4, 0x0D, 0xF4, 0xE0, 0x6C, 0xC1, 0x5E, 0x01, 0xA6, 0x28, 0x33, 0x91, 0x77, 0xE1, 0xBC, 0x46,
    0x2F, 0x28, 0x54, 0x5B, 0x96, 0xD3, 0x4E, 0x2D, 0xF7, 0xB1, 0xAF, 0xC9, 0xBF, 0x8D, 0xBB, 0xC4,
    0x2B, 0x89, 0x5D, 0x95, 0x87, 0x86, 0x89, 0x71, 0x5B, 0xAA, 0x74, 0xE1, 0x60, 0xDC, 0xF6, 0x6C,
    0x5A, 0x4E, 0x35, 0xE8, 0x1F, 0x5C, 0x81, 0x4D, 0xDD, 0x9F, 0xDA, 0xF4, 0x7B, 0xF9, 0x51, 0xB5,
    0xAC, 0x43, 0x23, 0x77, 0x16, 0xA7, 0xCC, 0xB8, 0x79, 0xEE, 0x0A, 0xB5, 0x34, 0x50, 0xB0, 0xB7,
    0x16, 0xE5, 0x51, 0xB9, 0xD8, 0x43, 0xE0, 0x59, 0x72, 0xA2, 0xCB, 0xDB, 0xEC, 0xEC, 0x4F, 0xBD,
    0x74, 0xF4, 0xFA, 0x74, 0xD9, 0x5C, 0x98, 0xE4, 0xDE, 0xB4, 0x0E, 0xCA, 0xB6, 0x18, 0xDA, 0x14,
    0x85, 0x4C, 0x1D, 0x9D, 0x98, 0xC8, 0x7A, 0x04, 0x02, 0x28, 0x99, 0x1A, 0x8E, 0x5C, 0x4E, 0x9F,
    0xFF, 0xE2, 0xB3, 0x73, 0x9A, 0x1D, 0x0A, 0x4C, 0x93, 0x75, 0x6A, 0x06, 0x5A, 0x20, 0xDC, 0x4D,
    0x6B, 0x87, 0x6F, 0xBA, 0x74, 0x01, 0x5A, 0x7D, 0x84, 0x15, 0x7B, 0x2D, 0xF6, 0x3F, 0x07, 0x72,
    0x46, 0xBD, 0x34, 0x96, 0x1F, 0x6A, 0x56, 0x89, 0xBB, 0xF8, 0xCA, 0x38, 0x8D, 0x61, 0xDD, 0x19,
    0xDE, 0x38, 0xD6, 0xED, 0xFC, 0x9B, 0xD3, 0x20, 0x56, 0xA0, 0xFA, 0x46, 0xDE, 0xB0, 0x70, 0x6D,
    0x13, 0xB0, 0xE9, 0x3D, 0xDA, 0x06, 0x76, 0xE1, 0xD8, 0xDB, 0xDB, 0x08, 0xE4, 0x38, 0xB8, 0xBC,
    0x5C, 0x47, 0x42, 0x31, 0x57, 0xF7, 0xD0, 0x45, 0xDA, 0xB0, 0x72, 0xF9, 0xB1, 0xFA, 0xA3, 0x0D,
    0x97, 0x35, 0xE1, 0x68, 0x12, 0xD1, 0x85, 0xA8, 0xD4, 0xF2, 0xBF, 0x0A, 0x7D, 0x89, 0xCC, 0x0C,
    0xC5, 0x73, 0x1C, 0x61, 0x89, 0xED, 0x9C, 0x73, 0x23, 0x71, 0x80, 0x6A, 0x37, 0xA3, 0x0A, 0x3A,
    0xC0, 0xAC, 0x39, 0xAB, 0x99, 0x14, 0xBE, 0x25, 0x9E, 0x30, 0x7A, 0x72, 0x27, 0xE5, 0x25, 0x09,
    0xC3, 0xF6, 0xDC, 0x51, 0xD6, 0xAF, 0x41, 0x80, 0xB8, 0xA3, 0x4C, 0x97, 0x16, 0x14, 0x42, 0x6D,
    0x7D, 0x0C, 0x1A, 0x42, 0x6A, 0x3E, 0xF1, 0xEF, 0x66, 0xD4, 0xB8, 0x44, 0x12, 0x71, 0x42, 0xE5,
    0x78, 0x0E, 0x26, 0x4F, 0xA4, 0x08, 0xC0, 0xE9, 0x65, 0xE0, 0x6C, 0xE1, 0x2C, 0xB7, 0xB3, 0xFD,
    0x64, 0xE8, 0xD4, 0x72, 0xF9, 0x11, 0xCA, 0xD8, 0xFC, 0x39, 0xFB, 0xC2, 0x5D, 0x87, 0x77, 0xA0,
    0x8D, 0x58, 0x21, 0x32, 0x57, 0x74, 0x3C, 0xF6, 0xA0, 0x8E, 0xFD, 0x04, 0x6C, 0xAC, 0x70, 0x14,
    0x30, 0x86, 0x79, 0xC2, 0xD8, 0x46, 0x4E, 0x94, 0x1D, 0x81, 0x3F, 0x86, 0x2B, 0x70, 0x3C, 0x0E,
    0x1F, 0x7F, 0xB0, 0x4D, 0xF3, 0x9F, 0xA0, 0xBA, 0x35, 0xF1, 0x09, 0x4F, 0xCC, 0xF0, 0xA8, 0x30,
    0xA3, 0x2E, 0x5E, 0xD3, 0x88, 0xD7, 0x10, 0x69, 0x9C, 0x1A, 0xC4, 0x6B, 0x9B, 0x00, 0xD8, 0xAF,
    0xFB, 0xB4, 0x03, 0x8F, 0xBC, 0x63, 0x68, 0x69, 0x37, 0x5E, 0x5B, 0xC4, 0x34, 0x44, 0xC4, 0x01,
    0xFB, 0x5E, 0xBC, 0x06, 0xC1, 0x2C, 0xCA, 0xF9, 0x5C, 0x45, 0x34, 0x05, 0x56, 0x75, 0x67, 0xC5,
    0x5E, 0xBB, 0xDF, 0xA7, 0x08, 0xCC, 0xB4, 0x0C, 0xAE, 0x96, 0x8B, 0xD4, 0x4B, 0xE1, 0x83, 0xE4,
    0x47, 0x7D, 0x12, 0xEF, 0x61, 0xFA, 0x17, 0xCE, 0x57, 0x74, 0x94, 0x82, 0x1C, 0xC3, 0x8B, 0x11,
    0xCC, 0x82, 0x76, 0x81, 0xC2, 0x27, 0xC0, 0xB9, 0x2A, 0x60, 0x58, 0x06, 0x49, 0x8C, 0x81, 0xCA,
    0xFE, 0x5D, 0x28, 0x8A, 0x7A, 0x93, 0xE3, 0x14, 0xAA, 0xD3, 0x59, 0x2C, 0x53, 0x9B, 0x85, 0xB7,
    0xB4, 0xB8, 0x38, 0x45, 0x97, 0xCE, 0x17, 0xC7, 0x48, 0xBE, 0x0A, 0x96, 0x78, 0x92, 0xC4, 0x56,
    0x42, 0xA7, 0x17, 0xC8, 0xEB, 0xD7, 0x09, 0x20, 0x74, 0x12, 0xB8, 0xF1, 0xAB, 0x8D, 0xEC, 0xBF,
    0xE2, 0xC8, 0x9E, 0x78, 0x32, 0xE9, 0x58, 0xCD, 0xD7, 0x81, 0x37, 0x07, 0x90, 0x97, 0x9D, 0x27,
    0x24, 0x2F, 0x2E, 0xD5, 0x87, 0x71, 0x73, 0x4D, 0xDF, 0x72, 0xAA, 0xE1, 0x66, 0xD8, 0x5D, 0x06,
    0x4F, 0xC3, 0x8B, 0xBD, 0xCD, 0x9C, 0x1B, 0xC4, 0x15, 0xE6, 0xD0, 0x00, 0x83, 0x45, 0x40, 0xDD,
    0xAC, 0x2F, 0x70, 0x37, 0x17, 0xE7, 0x39, 0xD7, 0xBC, 0xC6, 0x2F, 0xB3, 0xDD, 0xEA, 0x91, 0xE3,
    0xC1, 0x79, 0xEE, 0x62, 0x9E, 0x0F, 0x8E, 0x8B, 0xDF, 0x01, 0xB1, 0x43, 0x78, 0x05, 0xF5, 0x5B,
    0x50, 0xE9, 0xF1, 0xD1, 0xB8, 0x78, 0x48, 0x35, 0xAA, 0x07, 0xA9, 0xC6, 0x73, 0xCD, 0xE8, 0x58,
    0x3B, 0x3A, 0x0B, 0xA7, 0x03, 0x44, 0xC9, 0x23, 0x4A, 0x76, 0xA9, 0x06, 0xD1, 0x09, 0x76, 0x5C,
    0x0B, 0x9C, 0x05, 0x2F, 0x0E, 0x4A, 0xF9, 0xEE, 0xFF, 0xE5, 0x02, 0xD9, 0x8C, 0x5E, 0xB1, 0x55,
    0x8C, 0x27, 0xC1, 0x41, 0xC0, 0xBE, 0x1B, 0x68, 0x2F, 0x0C, 0x02, 0xEF, 0x01, 0x48, 0xDD, 0xE1,
    0x0D, 0x3A, 0x67, 0x1F, 0x99, 0x1D, 0xB3, 0xF6, 0xD3, 0xE2, 0x68, 0x44, 0x7F, 0x54, 0xA0, 0x47,
    0x8A, 0xFB, 0xE7, 0xF3, 0x9D, 0xFB, 0xA5, 0xE0, 0xB1, 0x06, 0x39, 0x3D, 0xFF, 0x80, 0x9C, 0x5E,
    0xCC, 0x72, 0xC5, 0x0C, 0x0D, 0xF3, 0x73, 0x20, 0xE5, 0x40, 0xF6, 0x8C, 0x13, 0xEA, 0x2E, 0x4F,
    0x0F, 0x9D, 0x9D, 0xC8, 0x05, 0xE2, 0x67, 0xC0, 0x7D, 0xEC, 0xC3, 0x65, 0x09, 0xCD, 0xE9, 0x79,
    0x00, 0xAE, 0x59, 0x04, 0xE3, 0xC4, 0xEC, 0x32, 0x8F, 0x97, 0x77, 0x38, 0x04, 0xDB, 0x64, 0x4F,
    0xC9, 0xCD, 0xC2, 0x36, 0x1E, 0xC8, 0x90, 0xBD, 0xE0, 0x43, 0x37, 0x0E, 0xCA, 0x90, 0xE5, 0x07,
    0x65, 0xC8, 0x5A, 0x7B, 0x19, 0xB2, 0xC5, 0xDD, 0x0C, 0x99, 0xCB, 0x0E, 0x38, 0x57, 0x46, 0xB4,
    0xCE, 0xBF, 0x26, 0xF7, 0x22, 0xC8, 0x8C, 0x09, 0xFD, 0xEB, 0x88, 0xE2, 0xEE, 0xFE, 0x8E, 0x7A,
    0xFB, 0x05, 0xDA, 0xFA, 0x34, 0x71, 0x7C, 0x5E, 0xF4, 0x10, 0xD8, 0x03, 0x76, 0xBD, 0x2F, 0x3E,
    0x4B, 0x41, 0xE7, 0x4B, 0x44, 0x6F, 0x0A, 0x31, 0xD6, 0x8A, 0xDE, 0x09, 0xAB, 0x16, 0xD5, 0xB9,
    0x52, 0x17, 0x88, 0x8E, 0xF1, 0xC3, 0x84, 0x4D, 0x96, 0x82, 0x62, 0x83, 0x40, 0xFB, 0xBB, 0x17,
    0xD8, 0xA4, 0x4A, 0x1E, 0x3D, 0x86, 0x0E, 0xC0, 0xE1, 0xC7, 0xE6, 0x79, 0x6A, 0xAE, 0xD3, 0xE2,
    0x3A, 0x55, 0x97, 0x83, 0x62, 0x02, 0xCE, 0x16, 0x1D, 0x18, 0xE7, 0xCC, 0xAE, 0xC7, 0x09, 0x5E,
    0x0A, 0xEF, 0xC9, 0x65, 0xB3, 0x8E, 0x48, 0xAF, 0x0D, 0xD1, 0x85, 0x39, 0x85, 0x19, 0x35, 0x8F,
    0x8B, 0x8F, 0x68, 0x71, 0x33, 0x5C, 0x01, 0x49, 0x5F, 0x67, 0xDD, 0x6F, 0x50, 0x2F, 0x71, 0x69,
    0x08, 0xCE, 0x97, 0x61, 0x8A, 0x67, 0xCE, 0xBB, 0x7C, 0xD9, 0xDA, 0x83, 0xF9, 0x32, 0xA8, 0xC9,
    0x6A, 0x5E, 0xE7, 0xCB, 0x36, 0x6B, 0x2F, 0xA1, 0xA0, 0x35, 0xBD, 0x9A, 0x24, 0xC9, 0x81, 0x35,
    0x32, 0x53, 0x42, 0x44, 0xA0, 0x52, 0xAB, 0x96, 0xFF, 0x52, 0xAD, 0x24, 0x08, 0x08, 0xD4, 0x0F,
    0xF9, 0x7B, 0xF5, 0x1E, 0xEE, 0x33, 0xC4, 0x8F, 0xF8, 0xBA, 0x57, 0xB4, 0x5C, 0xC4, 0x1D, 0xB8,
    0x0F, 0x04, 0x82, 0x29, 0x44, 0xB0, 0xAF, 0x14, 0x66, 0x75, 0x59, 0x6C, 0x1F, 0x23, 0xF5, 0x37,
    0xEB, 0x14, 0x7F, 0x0F, 0xED, 0xFE, 0x82, 0xC4, 0x67, 0x39, 0xEB, 0x0A, 0xC5, 0xE0, 0x97, 0x06,
    0xB0, 0xB5, 0xBD, 0x88, 0xBF, 0x2E, 0x52, 0x3C, 0x03, 0x48, 0xA3, 0x2E, 0x53, 0xD1, 0x5E, 0x11,
    0xC1, 0x25, 0xE6, 0xE6, 0xFD, 0xE3, 0xF1, 0x6F, 0x92, 0x7A, 0x37, 0x15, 0x9F, 0x65, 0xAC, 0x7B,
    0x71, 0x87, 0xD4, 0x8F, 0xB4, 0xD8, 0x06, 0x2F, 0x13, 0xB7, 0x40, 0x8E, 0xF6, 0x92, 0x81, 0xCA,
    0xBE, 0xF6, 0x14, 0xC9, 0x40, 0x38, 0xCB, 0x68, 0x37, 0xF8, 0x1E, 0x46, 0xE2, 0x3E, 0xD8, 0x25,
    0x00, 0xE6, 0xBA, 0xD0, 0x17, 0x9C, 0xB7, 0x9B, 0xDD, 0xF5, 0x76, 0xCD, 0xDA, 0xDB, 0x75, 0xC3,
    0x4A, 0xC1, 0xC6, 0xB3, 0x10, 0x5C, 0x32, 0xEC, 0x0B, 0x3D, 0xF6, 0x6B, 0xF0, 0x6D, 0x9C, 0x08,
    0x48, 0xDC, 0xF2, 0x01, 0x7F, 0xC7, 0x0D, 0x53, 0x8B, 0x53, 0xE5, 0x50, 0x31, 0xA1, 0x39, 0x43,
    0x80, 0x48, 0x3A, 0x76, 0x3E, 0xBC, 0x89, 0x02, 0x5E, 0x97, 0xC2, 0xE8, 0xAC, 0xB8, 0xB5, 0xA5,
    0x5B, 0xFF, 0x0E, 0xD7, 0xFA, 0x42, 0xFC, 0x3C, 0x71, 0x6B, 0x1C, 0x5E, 0x39, 0x91, 0x00, 0x85,
    0xE1, 0x5D, 0x39, 0xC0, 0x82, 0x44, 0x11, 0x1C, 0x54, 0xCF, 0x9C, 0x2C, 0x3C, 0x20, 0x11, 0x84,
    0xC0, 0x6A, 0x8B, 0xB3, 0x0A, 0xFE, 0x30, 0x8B, 0x8E, 0x51, 0xED, 0x3D, 0xB8, 0xBF, 0x7C, 0x0E,
    0xB6, 0xBF, 0x9F, 0xC6, 0xA3, 0xAE, 0x8A, 0xE9, 0xDE, 0xE7, 0x05, 0xA9, 0x15, 0xA0, 0x7C, 0x1C,
    0x70, 0x13, 0x8E, 0x01, 0xC2, 0xFA, 0x99, 0x89, 0xD9, 0x3E, 0x3D, 0x50, 0xC4, 0x3E, 0x68, 0x7F,
    0x51, 0xAB, 0x82, 0xB5, 0xA2, 0xFD, 0x3E, 0x5A, 0x1A, 0xC7, 0x79, 0x94, 0x03, 0x39, 0x77, 0x3A,
    0xCC, 0x89, 0x1E, 0x3A, 0xF1, 0x6E, 0xCE, 0x4B, 0x05, 0x83, 0xA5, 0x25, 0xB7, 0xAA, 0x74, 0xD0,
    0x2D, 0x2F, 0x47, 0x51, 0x57, 0xE6, 0x6E, 0x85, 0xA9, 0x5E, 0x0B, 0xE2, 0xDB, 0x80, 0x97, 0x94,
    0xEA, 0x25, 0xA6, 0x7A, 0xC9, 0xA9, 0xBE, 0xFD, 0x98, 0x97, 0x5D, 0x1A, 0x7B, 0x56, 0x5E, 0xF2,
    0x2F, 0x66, 0x30, 0x74, 0x31, 0xE5, 0xBC, 0x5F, 0xCA, 0x84, 0x20, 0x71, 0xF9, 0x1D, 0x97, 0xED,
    0x19, 0xB9, 0xB1, 0x09, 0x6E, 0x22, 0x2E, 0xE1, 0x98, 0x24, 0xE0, 0xE0, 0xA2, 0xC9, 0xC1, 0xC9,
    0x87, 0x36, 0x2A, 0x9B, 0x43, 0x4B, 0x6F, 0x93, 0x43, 0x35, 0xE7, 0x59, 0x43, 0xF0, 0xD9, 0x08,
    0x74, 0x30, 0x9A, 0xFF, 0x30, 0x53, 0xD9, 0x06, 0x3A, 0xA7, 0xA8, 0x6C, 0xFA, 0x5A, 0xBE, 0x03,
    0x90, 0xEC, 0xC2, 0x89, 0xC8, 0x9B, 0xE9, 0xEE, 0x4D, 0x8B, 0x2A, 0x50, 0x48, 0x68, 0x6D, 0x88,
    0x98, 0x83, 0x00, 0xDB, 0x9B, 0x81, 0xCD, 0xFC, 0xB2, 0x55, 0x5E, 0xF2, 0xED, 0x9D, 0xD2, 0x73,
    0x1A, 0x05, 0xCA, 0xF6, 0x46, 0x70, 0xB5, 0x28, 0x4D, 0x2C, 0x6F, 0xAE, 0xEA, 0xEE, 0xE0, 0x82,
    0xE0, 0xE0, 0x8C, 0xFE, 0xBA, 0x90, 0x6F, 0xEF, 0x9C, 0x9F, 0xB8, 0x6F, 0x5C, 0xCE, 0x95, 0x11,
    0x76, 0xB0, 0x6C, 0xF9, 0xC8, 0x9C, 0xAB, 0xB7, 0xB7, 0x6C, 0x49, 0x7E, 0xEA, 0x62, 0x4D, 0xE8,
    0x8A, 0xC3, 0x0E, 0x0E, 0x6C, 0xCB, 0x26, 0x07, 0xB6, 0x27, 0xF7, 0x05, 0xB6, 0xF0, 0x5C, 0xFF,
    0x9D, 0x47, 0xB7, 0x69, 0x9A, 0x59, 0x63, 0x48, 0x51, 0xEE, 0x28, 0xFA, 0x37, 0xCB, 0xD7, 0xBA,
    0x44, 0x9D, 0x1A, 0x81, 0x19, 0x3A, 0x34, 0x5E, 0xE6, 0x05, 0xAE, 0x49, 0x17, 0xBA, 0x65, 0x9C,
    0x61, 0xBD, 0x42, 0x12, 0x74, 0xB2, 0xE1, 0x95, 0x7E, 0x26, 0x8A, 0x71, 0xE0, 0x28, 0xC8, 0xD0,
    0x75, 0xD4, 0x09, 0x86, 0x15, 0x65, 0x7B, 0x09, 0x3E, 0x5D, 0x37, 0x3C, 0x78, 0x74, 0x6B, 0xA6,
    0xF6, 0x3A, 0xDC, 0x7E, 0xE5, 0x43, 0x65, 0x0A, 0xA1, 0xDF, 0xA2, 0x6A, 0x9A, 0xC2, 0xD7, 0x89,
    0xA3, 0xDF, 0x2B, 0x19, 0x27, 0x67, 0x45, 0x49, 0xB5, 0x6E, 0x0D, 0xF4, 0x8C, 0x1F, 0x06, 0x59,
    0x5D, 0x4E, 0x2E, 0x57, 0xBC, 0x44, 0xE0, 0x67, 0x7E, 0xF1, 0x12, 0x2A, 0xD7, 0x14, 0xDC, 0xC0,
    0x7B, 0x25, 0xB9, 0x95, 0x82, 0xC3, 0xDB, 0xCC, 0x5C, 0x9B, 0xB3, 0xAE, 0xCD, 0x1F, 0xEC, 0x6F,
    0xB3, 0x65, 0xAB, 0x03, 0xDA, 0x6C, 0xDD, 0xAD, 0x68, 0x43, 0xE6, 0xE3, 0xD4, 0x12, 0x99, 0x57,
    0xAE, 0x93, 0xFC, 0x4F, 0xB7, 0xB0, 0x87, 0x28, 0x89, 0xD1, 0x5F, 0x5C, 0x26, 0xFA, 0xA7, 0x82,
    0x26, 0xE1, 0xDA, 0x93, 0x45, 0x2A, 0x78, 0x8D, 0x2D, 0x7C, 0x97, 0x17, 0x60, 0x5C, 0x1D, 0xA3,
    0xE2, 0x75, 0x51, 0xFE, 0x25, 0x8E, 0xF2, 0x3F, 0x74, 0xAB, 0x85, 0x83, 0x28, 0x9F, 0xC4, 0xBB,
    0x99, 0x0C, 0xF4, 0x94, 0x5F, 0xDA, 0x1B, 0xD6, 0x2D, 0x21, 0x0E, 0x50, 0x1C, 0xF3, 0xDA, 0xEA,
    0xE7, 0xA6, 0xA1, 0xDE, 0x11, 0x7A, 0x3D, 0x9E, 0x04, 0xB8, 0x32, 0x73, 0x70, 0x04, 0xC2, 0xF1,
    0x88, 0xB8, 0x56, 0x8C, 0x43, 0x8B, 0x86, 0x91, 0xB7, 0xA3, 0x72, 0xCC, 0x63, 0x98, 0xEC, 0xD5,
    0x2E, 0x75, 0xCC, 0xDA, 0xDE, 0x4E, 0x3C, 0x63, 0xB6, 0xB6, 0xD5, 0x5F, 0x1C, 0x1C, 0xA1, 0xB8,
    0xCB, 0xB2, 0xAB, 0x81, 0x2D, 0x20, 0xA8, 0x03, 0xF7, 0x6F, 0x9C, 0xCF, 0x7E, 0x58, 0xE9, 0x0E,
    0xCD, 0x51, 0x38, 0x41, 0x2D, 0x30, 0x97, 0xDA, 0xD7, 0xEA, 0x09, 0x13, 0x09, 0x5C, 0x66, 0x4C,
    0x28, 0xD0, 0xEA, 0x2B, 0x75, 0xAB, 0x30, 0x3A, 0x81, 0x76, 0x66, 0xEA, 0xCB, 0x89, 0xDD, 0x2C,
    0xFA, 0x16, 0x70, 0xDC, 0xF0, 0x31, 0x66, 0x42, 0x1C, 0xBF, 0x0B, 0x28, 0x31, 0xDE, 0x4F, 0x0C,
    0x8D, 0xB9, 0x83, 0x15, 0xDC, 0x5A, 0xB7, 0x58, 0xEE, 0x96, 0x1E, 0xF8, 0x22, 0x4B, 0x5E, 0xE7,
    0x8E, 0xF2, 0xCE, 0x20, 0xC1, 0x7D, 0xE0, 0x85, 0x17, 0xBA, 0xE1, 0xD0, 0xD4, 0xC3, 0x63, 0x7D,
    0x8A, 0xE8, 0x2F, 0xBA, 0x07, 0x8D, 0x5B, 0x5B, 0x12, 0xD9, 0x26, 0xC5, 0x31, 0x67, 0x87, 0x0B,
    0x40, 0xD9, 0x97, 0x57, 0x41, 0x91, 0x3E, 0xE0, 0x99, 0x63, 0x02, 0x5A, 0x83, 0x1A, 0x2B, 0x9C,
    0x53, 0x6C, 0x17, 0xF3, 0xB1, 0xEE, 0x9D, 0x00, 0x00, 0xF0, 0x2E, 0x0B, 0xCE, 0x41, 0x4B, 0x04,
    0x4D, 0xC1, 0x4E, 0xB0, 0xF2, 0xD3, 0xB2, 0xD8, 0x10, 0x37, 0x15, 0x35, 0x81, 0xA2, 0xF9, 0xC5,
    0x7A, 0xD6, 0xC2, 0x7A, 0x93, 0x89, 0xCC, 0x3C, 0x6A, 0x9D, 0xC9, 0xA9, 0xA3, 0x9F, 0xA1, 0xD5,
    0x14, 0x21, 0xEA, 0x5E, 0xAB, 0x0A, 0x48, 0xED, 0x62, 0x13, 0xB7, 0x3D, 0xC0, 0xED, 0x13, 0x70,
    0x4B, 0x30, 0x8C, 0x71, 0x4F, 0xD2, 0x9B, 0xD7, 0x72, 0x47, 0xAD, 0x07, 0x3A, 0x81, 0xCB, 0xF3,
    0xF4, 0xA8, 0x5D, 0x19, 0xE4, 0x67, 0xDC, 0x0B, 0xCD, 0xAE, 0xE3, 0xE5, 0xA9, 0x3A, 0x79, 0x32,
    0xF2, 0x23, 0x75, 0xAB, 0xF2, 0xBF, 0xFA, 0x1A, 0xA2, 0xED, 0x1D, 0xCF, 0x62, 0xFF, 0x2A, 0x9D,
    0x54, 0x69, 0xCE, 0x29, 0x00, 0x06, 0x2B, 0x73, 0x92, 0xE8, 0x64, 0x8C, 0x00, 0x47, 0xBC, 0xFE,
    0x23, 0x87, 0x98, 0xF8, 0x55, 0xDD, 0x63, 0x90, 0x89, 0x43, 0xCE, 0xB1, 0x43, 0x7B, 0x5B, 0x1C,
    0xAD, 0x86, 0x6E, 0xBA, 0x12, 0xB8, 0x84, 0x56, 0xE6, 0x36, 0x1D, 0x4C, 0x83, 0xFA, 0x8D, 0xC3,
    0xAD, 0xF8, 0xE9, 0x25, 0x72, 0xC4, 0x85, 0xE5, 0xB0, 0x6A, 0xE5, 0xF5, 0x32, 0x96, 0xE5, 0xAA,
    0x5A, 0xFD, 0x36, 0x58, 0x68, 0x4A, 0x2F, 0x82, 0xE0, 0x8A, 0x9E, 0x26, 0x8F, 0x45, 0xF2, 0x05,
    0x08, 0x53, 0x69, 0x36, 0xE9, 0xAD, 0x58, 0x25, 0x0D, 0xD0, 0xB3, 0x9E, 0xAA, 0x5A, 0x08, 0x13,
    0x03, 0xF8, 0xF8, 0x3F, 0xCF, 0x8D, 0x48, 0x78, 0xB1, 0x99, 0xC9, 0x20, 0x93, 0x64, 0xF3, 0x26,
    0x31, 0xEB, 0x56, 0xE0, 0x7C, 0x71, 0x94, 0xB0, 0x7F, 0x41, 0xB0, 0x0A, 0xB5, 0x81, 0x9F, 0xA1,
    0xE8, 0x55, 0x44, 0x9C, 0x00, 0xAE, 0x6E, 0x2D, 0x52, 0x4E, 0x7B, 0xF0, 0x1A, 0x03, 0x5A, 0xBA,
    0x47, 0x43, 0x42, 0xF8, 0x5B, 0x6A, 0x85, 0xD4, 0x5F, 0x91, 0xFA, 0x09, 0xA9, 0xAA, 0x26, 0x84,
    0xDA, 0xC9, 0x6B, 0xB1, 0xA7, 0x5B, 0xC3, 0x2C, 0x69, 0xCC, 0xD3, 0xA2, 0xB4, 0x5B, 0x5A, 0x17,
    0x19, 0x2F, 0x5A, 0x42, 0x49, 0x1B, 0x8C, 0xE8, 0xAC, 0xF7, 0x0C, 0xF5, 0x9C, 0x4D, 0x9B, 0x43,
    0x01, 0xAF, 0xC3, 0x06, 0x18, 0xBC, 0x87, 0x1E, 0xD0, 0x3A, 0x0A, 0x80, 0xB2, 0xBF, 0x3E, 0x4D,
    0x31, 0x93, 0xCD, 0xE5, 0x7B, 0x14, 0xD9, 0x7A, 0x77, 0x83, 0x0B, 0xEF, 0x9C, 0xAB, 0x4D, 0x39,
    0x07, 0x1D, 0xEC, 0xCB, 0xDB, 0x8B, 0x3A, 0x6F, 0xCF, 0x59, 0xE8, 0x35, 0xB5, 0x32, 0x46, 0xA6,
    0x97, 0xC2, 0x18, 0x24, 0x7F, 0xAA, 0x77, 0x63, 0xC3, 0x13, 0xCF, 0xC0, 0xAC, 0x4A, 0xE8, 0x4B,
    0x59, 0xD3, 0x06, 0x56, 0x26, 0x07, 0xF4, 0x98, 0x9F, 0x1D, 0x7A, 0xD2, 0x94, 0xF5, 0xC0, 0xCA,
    0xF9, 0xC3, 0xB6, 0x53, 0x46, 0xB5, 0x46, 0xBF, 0x02, 0xA6, 0x37, 0x3E, 0x88, 0x55, 0xE6, 0x18,
    0xDB, 0x9E, 0x38, 0x7D, 0x6E, 0x6B, 0x34, 0x9E, 0xAB, 0xF9, 0xFE, 0xF9, 0x7A, 0xC5, 0x9F, 0xD7,
    0xB7, 0x40, 0x6D, 0x38, 0x45, 0xC5, 0xC4, 0x27, 0xC6, 0x38, 0x4D, 0xA0, 0x23, 0xCD, 0x10, 0x27,
    0xCB, 0x87, 0x3D, 0x9C, 0x00, 0x67, 0x0A, 0x6D, 0xBD, 0xA8, 0x5A, 0xD4, 0x12, 0x1E, 0xAB, 0xFD,
    0xF9, 0xA1, 0xD8, 0xCA, 0x33, 0xEF, 0xA0, 0x95, 0x0E, 0x5E, 0x65, 0xFF, 0xB3, 0xC1, 0x2A, 0x7B,
    0x3E, 0xB6, 0x6F, 0x95, 0x1D, 0xDE, 0x2E, 0xEB, 0xEE, 0x5F, 0x65, 0x87, 0x97, 0xC8, 0x14, 0xAF,
    0xB2, 0x37, 0xDC, 0x64, 0x3B, 0x39, 0x38, 0x47, 0xE3, 0xB6, 0xA3, 0x2D, 0x3C, 0xED, 0x02, 0x04,
    0xBE, 0x39, 0x3A, 0x90, 0xE8, 0x2C, 0xCE, 0xE3, 0xB6, 0x7C, 0xB4, 0x7F, 0xB2, 0x25, 0xCD, 0x81,
    0x10, 0xBD, 0x75, 0x0A, 0xEF, 0xE2, 0x1A, 0x16, 0x7B, 0xA8, 0xB0, 0xBB, 0x4F, 0x06, 0x65, 0x53,
    0x50, 0x99, 0x69, 0x48, 0x6E, 0x8E, 0xF7, 0xC9, 0xC0, 0x94, 0x38, 0x66, 0xAA, 0xF7, 0xC9, 0xA4,
    0x6E, 0x9F, 0x0C, 0x5E, 0x94, 0x10, 0xEB, 0xB1, 0x91, 0x7D, 0x32, 0xE3, 0x92, 0x13, 0x21, 0xC7,
    0x82, 0x41, 0x1E, 0x84, 0x61, 0xA6, 0x4F, 0x0D, 0xC9, 0x8B, 0x67, 0x1C, 0x05, 0x5F, 0xD4, 0x72,
    0x1B, 0x52, 0xD0, 0xD5, 0x70, 0xF1, 0x6C, 0xB1, 0x5E, 0x3C, 0xE3, 0x14, 0x26, 0x13, 0xD2, 0xE1,
    0x26, 0xB2, 0xE1, 0x0F, 0x73, 0x7A, 0x35, 0xD8, 0xB5, 0x73, 0x1A, 0x3D, 0x9A, 0x43, 0x8F, 0xDE,
    0x44, 0xCD, 0xEB, 0x8B, 0xB0, 0x0E, 0xD8, 0xDD, 0xE8, 0xAE, 0x1D, 0xF4, 0x46, 0x0D, 0x7A, 0x33,
    0x3D, 0xEC, 0x8D, 0x48, 0xC3, 0x20, 0x3B, 0xE6, 0x27, 0x2E, 0x25, 0xF3, 0x04, 0x8B, 0x78, 0xE4,
    0xB2, 0xC5, 0xFE, 0x1D, 0x7A, 0x8B, 0xE8, 0xFB, 0x9C, 0x8D, 0x92, 0x11, 0xBD, 0x4C, 0x74, 0x8B,
    0x05, 0xD4, 0x88, 0x38, 0x7F, 0x74, 0xA6, 0x98, 0xE3, 0x3D, 0x67, 0x78, 0x6B, 0xDA, 0xC7, 0x6D,
    0x60, 0x2D, 0x4A, 0x79, 0x3F, 0x97, 0xDB, 0x52, 0x43, 0x41, 0x8A, 0x5B, 0xCD, 0x09, 0x86, 0xA9,
    0xD3, 0x1C, 0xF1, 0xDF, 0xA9, 0x3C, 0x84, 0x1A, 0x72, 0x27, 0xD4, 0x8D, 0xB0, 0x30, 0x6D, 0x99,
    0x37, 0xA0, 0x49, 0x4D, 0x10, 0xF6, 0x1D, 0x30, 0x6A, 0x82, 0x82, 0x39, 0xB6, 0x5E, 0x9F, 0x9A,
    0x2E, 0x7F, 0xC7, 0x4C, 0x45, 0x6B, 0xD1, 0x6D, 0x06, 0xEE, 0xA2, 0x41, 0x27, 0x47, 0xF3, 0x8C,
    0xC3, 0x8D, 0x89, 0x72, 0xB8, 0x31, 0xD1, 0x73, 0xDB, 0x1A, 0x41, 0xC0, 0x8C, 0xAC, 0x1F, 0x06,
    0x8C, 0xF9, 0xA4, 0xDB, 0x98, 0xC8, 0x64, 0x48, 0x7F, 0xCB, 0xA3, 0xB2, 0x7D, 0x54, 0xA4, 0x03,
    0x1C, 0x7E, 0x7C, 0x52, 0xFC, 0x08, 0x66, 0xF5, 0xF6, 0x44, 0xBA, 0xE0, 0xF6, 0x64, 0x6D, 0xD6,
    0x6B, 0xB4, 0xF1, 0xC0, 0xB9, 0x5B, 0xF7, 0x41, 0x64, 0xC8, 0xFF, 0x79, 0xCA, 0xEB, 0x98, 0x1C,
    0xA9, 0x14, 0x32, 0x6F, 0xF3, 0xCA, 0xEA, 0x84, 0x19, 0x3F, 0xE3, 0xF6, 0xE5, 0xC4, 0x2E, 0xB3,
    0xC2, 0x6F, 0x46, 0xC6, 0xFF, 0x2C, 0x6B, 0xC0, 0x53, 0xF4, 0x52, 0x4E, 0x8D, 0x85, 0x88, 0x2E,
    0xF2, 0x85, 0x91, 0x69, 0xFD, 0xA6, 0x4D, 0x4D, 0x4B, 0x91, 0x97, 0x93, 0x4C, 0xA9, 0x0E, 0x69,
    0x54, 0x24, 0x6B, 0x8C, 0x76, 0xEC, 0x8E, 0x47, 0x77, 0x77, 0x1E, 0xEC, 0xF9, 0x96, 0x0F, 0xF0,
    0x7C, 0x63, 0x07, 0x7A, 0x3E, 0x7A, 0xAC, 0xE7, 0xE3, 0x2C, 0x6F, 0x8E, 0x17, 0x5D, 0x07, 0x39,
    0x44, 0x53, 0x3B, 0xE1, 0x59, 0x90, 0xAE, 0xEA, 0xC4, 0xB5, 0xE2, 0xC7, 0xC9, 0xF3, 0x11, 0xEA,
    0xFC, 0xEE, 0xE7, 0xBC, 0xCF, 0x8D, 0xE3, 0x6E, 0x8C, 0x51, 0x5D, 0x6C, 0x92, 0xFF, 0x69, 0x51,
    0x40, 0xB3, 0x64, 0x8A, 0x7A, 0x9B, 0xB2, 0xB0, 0xB7, 0x2A, 0x79, 0x26, 0x53, 0xAB, 0x79, 0xF0,
    0xEA, 0xEE, 0x6E, 0x3D, 0x9A, 0xB0, 0xE9, 0x92, 0x5F, 0x6E, 0x72, 0x1E, 0xB6, 0x79, 0x81, 0x5D,
    0x5A, 0x9B, 0x57, 0x1E, 0x3A, 0xA8, 0xC9, 0x38, 0x0F, 0x17, 0x5D, 0xA0, 0x68, 0x9D, 0x5A, 0x1B,
    0xB4, 0x78, 0xE5, 0x35, 0x33, 0x61, 0xD7, 0x4E, 0x49, 0x51, 0x94, 0x2F, 0x05, 0xBB, 0xB9, 0x17,
    0x79, 0xD5, 0xED, 0x36, 0x85, 0x1D, 0xF1, 0xEE, 0xD2, 0xBD, 0xDC, 0x4B, 0xCB, 0x5A, 0x66, 0x7A,
    0xF0, 0x71, 0x5A, 0x64, 0xB3, 0x30, 0x7C, 0x3E, 0xA0, 0x6F, 0xAF, 0x95, 0x35, 0xDE, 0x63, 0x52,
    0xBE, 0xD4, 0xD4, 0xAC, 0x28, 0x04, 0xAC, 0xAE, 0xDE, 0x0E, 0xD3, 0xB0, 0xCF, 0x84, 0x1F, 0xC7,
    0x1C, 0xAD, 0xCF, 0xFA, 0xF9, 0x71, 0x99, 0xD0, 0x4B, 0xC4, 0xA6, 0xC2, 0x36, 0x33, 0x48, 0x06,
    0xD5, 0xC7, 0x06, 0xB5, 0x2B, 0x2A, 0x97, 0x82, 0xBC, 0xDE, 0xC8, 0x39, 0x2A, 0xFC, 0x67, 0xD9,
    0xA3, 0xC5, 0xDA, 0xBE, 0xF7, 0xF3, 0x14, 0x8B, 0xCB, 0xC0, 0x17, 0x9E, 0x1A, 0xB9, 0xB7, 0x07,
    0xF2, 0x59, 0xF7, 0x76, 0x91, 0x9E, 0x23, 0x60, 0x0B, 0xE5, 0xB3, 0x4F, 0xD9, 0x15, 0x86, 0x38,
    0x86, 0xBA, 0x85, 0xC9, 0xFD, 0x4A, 0xF9, 0x8C, 0xFB, 0xA4, 0x30, 0x34, 0x35, 0x9F, 0x07, 0xCE,
    0x81, 0x3C, 0xC9, 0x0A, 0xF3, 0x5E, 0x7B, 0x7E, 0xDE, 0xAC, 0xDB, 0x6B, 0xC3, 0x12, 0x1B, 0xDC,
    0x06, 0xAC, 0x69, 0xE7, 0xB0, 0xF6, 0xB8, 0x8D, 0x33, 0xA0, 0x96, 0x1B, 0x6F, 0xB9, 0x36, 0xDC,
    0x17, 0x23, 0x6D, 0xCC, 0xBB, 0x36, 0x0E, 0x1D, 0xEB, 0x37, 0x6B, 0xFB, 0xC1, 0xB1, 0x1E, 0xD6,
    0x0F, 0x3F, 0x5B, 0x87, 0xE1, 0x26, 0x6E, 0xC3, 0xEA, 0xEE, 0xCF, 0x23, 0x37, 0xA8, 0x04, 0x07,
    0x6D, 0x50, 0x49, 0x76, 0x37, 0xA8, 0xEC, 0x61, 0x50, 0x54, 0xCA, 0x57, 0x8B, 0x4B, 0x30, 0x1A,
    0x46, 0xFA, 0x96, 0x75, 0x40, 0x74, 0x5E, 0xFC, 0x07, 0xB5, 0x37, 0x42, 0x1F, 0x1C, 0x95, 0x97,
    0x15, 0x1F, 0xFC, 0xC1, 0x5B, 0xB6, 0xA8, 0xD0, 0x56, 0x98, 0xFA, 0x5A, 0x00, 0xD8, 0x10, 0xD0,
    0x6E, 0xC0, 0x23, 0xA0, 0x61, 0x73, 0x8A, 0xB7, 0xB1, 0xA0, 0xE5, 0xFB, 0xF0, 0x56, 0x9D, 0x81,
    0xDF, 0x73, 0x8B, 0xBF, 0x1B, 0x44, 0xDF, 0x81, 0x91, 0x71, 0xE8, 0xE3, 0x1B, 0xB7, 0x06, 0x3C,
    0x62, 0x05, 0xBD, 0xA2, 0xB3, 0xA5, 0x45, 0xDA, 0x85, 0x03, 0x60, 0x06, 0x3A, 0x4B, 0x6D, 0x90,
    0xE5, 0x1F, 0x90, 0xBF, 0xED, 0x42, 0x6E, 0xD4, 0xC1, 0x55, 0xCC, 0x3A, 0x7E, 0x73, 0x94, 0xBC,
    0xB7, 0x89, 0x13, 0xB7, 0x1C, 0x4F, 0x38, 0xB8, 0x82, 0x14, 0x69, 0xBF, 0x54, 0xD8, 0x2A, 0xB2,
    0x56, 0xD5, 0xC2, 0x67, 0x81, 0x46, 0xCB, 0x15, 0x64, 0x12, 0xA6, 0xA7, 0x48, 0x14, 0xE8, 0xDA,
    0x12, 0x0C, 0x5E, 0x6D, 0xA1, 0x6B, 0x5F, 0xA3, 0x6B, 0x11, 0x13, 0xA7, 0x72, 0x10, 0xC2, 0xA0,
    0xEF, 0xE3, 0x7F, 0xC0, 0x29, 0x6B, 0xDC, 0xB3, 0xC7, 0x62, 0x89, 0x63, 0xE2, 0x6B, 0x24, 0xEC,
    0xE9, 0x1E, 0x00, 0x8D, 0x36, 0xBD, 0x34, 0xA4, 0x5C, 0xC0, 0x11, 0x6C, 0x9E, 0x24, 0x35, 0x46,
    0xE2, 0x67, 0x18, 0x67, 0xE2, 0xB8, 0xA8, 0x76, 0xF1, 0xEA, 0x49, 0x5E, 0x51, 0xF1, 0xCF, 0xB9,
    0x65, 0x1E, 0x17, 0x1C, 0xB1, 0x0F, 0x24, 0xCE, 0x48, 0x1B, 0xE6, 0xDC, 0x73, 0xFB, 0xBA, 0xF9,
    0xF0, 0x4E, 0xE3, 0xE0, 0xA1, 0x9D, 0xC6, 0xAD, 0x07, 0x77, 0x1A, 0xCB, 0x07, 0x76, 0x1A, 0xD3,
    0x29, 0x45, 0x97, 0x63, 0x5F, 0x97, 0xC1, 0x7C, 0x3A, 0x40, 0xA7, 0xAB, 0xBB, 0xFB, 0x1B, 0xD6,
    0x79, 0x7F, 0xC3, 0xD5, 0x27, 0xD8, 0xDF, 0x90, 0xBF, 0x0C, 0x3D, 0x29, 0x10, 0xF5, 0xA4, 0xFB,
    0xC4, 0x28, 0xED, 0x3B, 0x7B, 0x8C, 0x74, 0x48, 0x50, 0x39, 0xBB, 0xBB, 0x04, 0x3F, 0x6C, 0xFB,
    0x86, 0x7A, 0xF3, 0xFB, 0x73, 0x2E, 0x03, 0x82, 0xEA, 0x5B, 0x0D, 0x05, 0x87, 0xBE, 0x3A, 0xAB,
    0x39, 0x94, 0x91, 0x3E, 0xED, 0xFF, 0x11, 0x08, 0xEA, 0xE8, 0x71, 0xC1, 0xA5, 0x25, 0x66, 0xE8,
    0xF1, 0xDB, 0x8C, 0x3C, 0xDE, 0x4F, 0xCC, 0x2B, 0x8F, 0x54, 0xBB, 0x54, 0x46, 0xBC, 0x87, 0x3D,
    0xAA, 0x40, 0x9C, 0x64, 0xAF, 0xED, 0xDF, 0x62, 0xB6, 0xB7, 0xEB, 0x8C, 0x77, 0x41, 0x47, 0x5E,
    0xC9, 0x45, 0x05, 0x6F, 0x31, 0xD3, 0xC3, 0x2D, 0x66, 0xD1, 0x70, 0xD7, 0x99, 0xE0, 0xA2, 0x8E,
    0xE0, 0x35, 0x29, 0x74, 0x90, 0xAB, 0xE7, 0x76, 0x44, 0x92, 0x0F, 0x60, 0xFE, 0xA9, 0xB7, 0x32,
    0x8C, 0xAC, 0x13, 0x05, 0x8F, 0x5F, 0x24, 0x1A, 0x6C, 0xFA, 0x74, 0xA2, 0x38, 0x31, 0xC3, 0x0B,
    0x19, 0x51, 0xFA, 0xD8, 0x65, 0xA3, 0x8A, 0xC9, 0xFF, 0x18, 0x9D, 0xCF, 0xD4, 0xEF, 0x73, 0xAE,
    0x1A, 0xDE, 0xAC, 0xE8, 0x40, 0x01, 0x2F, 0x23, 0x58, 0xAB, 0x14, 0x71, 0xB6, 0xCB, 0xFF, 0x2A,
    0x71, 0x5B, 0xE2, 0x11, 0x78, 0x72, 0xCA, 0x81, 0xEE, 0x30, 0x8B, 0x4C, 0x68, 0xA1, 0x85, 0x11,
    0xF1, 0xE2, 0xEC, 0xA2, 0x9F, 0x83, 0x33, 0xF0, 0x7F, 0x82, 0xA8, 0xE3, 0xB1, 0xBC, 0xCE, 0xBE,
    0x32, 0xF9, 0x4C, 0xED, 0x56, 0xD5, 0x16, 0xE9, 0xE6, 0x34, 0xFD, 0x32, 0x83, 0xD2, 0xB2, 0xF4,
    0x73, 0x7A, 0x25, 0x13, 0xEF, 0xA6, 0xD3, 0xA1, 0xA7, 0x4F, 0xB7, 0x38, 0xE5, 0xF0, 0x16, 0x4F,
    0x9F, 0x03, 0x9D, 0x30, 0xDF, 0xDB, 0xB4, 0xF9, 0xE6, 0x03, 0x9B, 0x36, 0x39, 0x4B, 0xEE, 0x4C,
    0x94, 0xFF, 0x87, 0xC0, 0xDE, 0xA6, 0xCD, 0xB9, 0x91, 0x4D, 0x9B, 0x75, 0x72, 0xED, 0x6A, 0x26,
    0xB6, 0xD9, 0x66, 0x15, 0xC4, 0x80, 0xA0, 0xFA, 0xE3, 0x44, 0x9C, 0xCB, 0xA4, 0x5F, 0x4C, 0x21,
    0x4C, 0xDB, 0xB2, 0xFF, 0x07, 0xB5, 0x59, 0x31, 0x6F, 0x1C, 0xC7, 0x15, 0xFE, 0x76, 0x57, 0xE2,
    0x52, 0xDA, 0x13, 0x97, 0x06, 0x54, 0xD0, 0x10, 0xC9, 0x75, 0xA1, 0xE2, 0x0A, 0x8A, 0x4B, 0x04,
    0x82, 0x41, 0xC0, 0xC7, 0xBB, 0xB5, 0x84, 0x40, 0x45, 0x5C, 0xF0, 0x27, 0xA8, 0x70, 0x91, 0xC2,
    0x88, 0x18, 0x40, 0x40, 0x58, 0x50, 0xD2, 0x08, 0x02, 0xA2, 0xC2, 0x85, 0x84, 0xB8, 0x4C, 0xC3,
    0xD2, 0xE5, 0x15, 0x2A, 0x54, 0x1C, 0x75, 0x1B, 0x09, 0xB0, 0x0A, 0x17, 0x59, 0xBB, 0x48, 0x8A,
    0x20, 0xC0, 0x20, 0x31, 0x92, 0x2E, 0xDE, 0xD8, 0x9B, 0x64, 0x91, 0x1C, 0x6F, 0xF3, 0xBD, 0xD9,
    0x5D, 0xDE, 0x9D, 0x74, 0xB4, 0x49, 0x4A, 0x3C, 0xF0, 0x78, 0xDC, 0xBD, 0x9D, 0x99, 0xEF, 0x7D,
    0xEF, 0x7B, 0x6F, 0xDE, 0x1B, 0xC2, 0x8D, 0x01, 0x8F, 0x6F, 0x5F, 0x03, 0xCB, 0x29, 0xD0, 0xCA,
    0x80, 0xAB, 0x03, 0xA0, 0xBB, 0x03, 0xE8, 0x36, 0xAC, 0x24, 0x84, 0x5D, 0x14, 0x91, 0xA3, 0xFC,
    0xD8, 0x8D, 0xBC, 0xD8, 0x87, 0xA3, 0xE7, 0xE0, 0xA4, 0x57, 0x60, 0xE7, 0x45, 0xEC, 0x17, 0xA8,
    0x5F, 0x4E, 0x04, 0xC8, 0x5C, 0x8E, 0x82, 0x3B, 0xC4, 0x86, 0x1F, 0xEF, 0x38, 0xC9, 0x82, 0x93,
    0xC0, 0xD5, 0xF6, 0xFF, 0x74, 0x78, 0x5D, 0xF7, 0x1C, 0x9D, 0x9B, 0x9F, 0xBD, 0x4B, 0x3A, 0xFC,
    0x6C, 0x50, 0x8D, 0xDA, 0x02, 0xB8, 0x5E, 0xB7, 0x84, 0xB0, 0xC4, 0xCF, 0x33, 0x6B, 0x80, 0xF5,
    0x98, 0xD3, 0xF0, 0x4B, 0xBB, 0x7A, 0xC8, 0x40, 0x24, 0x3C, 0x9F, 0xF0, 0x96, 0xF9, 0xF8, 0x7A,
    0x4E, 0x88, 0x3D, 0x0E, 0xDB, 0x20, 0xC4, 0x0E, 0x21, 0x06, 0x02, 0x51, 0x55, 0x10, 0x93, 0x12,
    0xA2, 0x7D, 0x00, 0xD1, 0x4E, 0xE1, 0x7E, 0x02, 0xAB, 0x01, 0x7C, 0x0C, 0x70, 0x2A, 0x65, 0xE6,
    0x3C, 0x12, 0xC6, 0x16, 0x9F, 0xE4, 0x07, 0x67, 0x80, 0x4B, 0xFB, 0xCE, 0x54, 0x60, 0x04, 0x48,
    0x6B, 0x9B, 0x00, 0x96, 0x30, 0xB2, 0x5F, 0x40, 0x26, 0x23, 0x1E, 0x57, 0xB2, 0x12, 0xE4, 0x16,
    0x79, 0x4C, 0xDB, 0xC0, 0x54, 0x1E, 0x47, 0x20, 0xE1, 0x45, 0x08, 0x15, 0xEE, 0xC0, 0xD2, 0xB0,
    0x48, 0x41, 0x06, 0x67, 0x00, 0xCF, 0xC7, 0xA2, 0xCC, 0x7B, 0x64, 0xC0, 0xEB, 0x7C, 0xF0, 0x0E,
    0xDF, 0x01, 0xC1, 0xDA, 0x32, 0x30, 0x3A, 0x35, 0xC0, 0x3E, 0x47, 0x2A, 0xDE, 0x03, 0x9E, 0x08,
    0x31, 0x27, 0x04, 0x3C, 0xEE, 0x76, 0x8C, 0xB9, 0x7D, 0x46, 0x95, 0xA0, 0xAF, 0x08, 0x28, 0x7A,
    0x61, 0xF3, 0xDC, 0x5B, 0x96, 0xC2, 0x4D, 0x23, 0x85, 0xA8, 0xC6, 0x1D, 0xE2, 0x82, 0xA7, 0x2E,
    0x5A, 0xEA, 0xA8, 0xB8, 0xDB, 0x33, 0xC0, 0x57, 0x95, 0x88, 0xAD, 0xA8, 0x8A, 0xA0, 0xB7, 0x4F,
    0xB2, 0x97, 0x24, 0x97, 0xEF, 0x45, 0xD5, 0x32, 0x27, 0x63, 0xD8, 0xAD, 0x62, 0xBB, 0x75, 0x7B,
    0x12, 0xD9, 0x29, 0xC4, 0x3D, 0x43, 0xD9, 0xE6, 0x82, 0x8F, 0x30, 0xE7, 0x1E, 0x87, 0xCB, 0x57,
    0x32, 0x01, 0x2E, 0xF2, 0x4D, 0x10, 0xA0, 0x6B, 0x39, 0x0A, 0xE7, 0xAB, 0x07, 0x36, 0x19, 0x7D,
    0x4F, 0x16, 0x80, 0x50, 0x63, 0xE2, 0x75, 0x1C, 0x8A, 0x69, 0x31, 0x8D, 0xD0, 0x0D, 0x52, 0xBC,
    0x52, 0x1B, 0xE2, 0x2A, 0x04, 0x31, 0xEE, 0xF2, 0x61, 0xE3, 0x49, 0x60, 0xD6, 0x8A, 0xCF, 0xBB,
    0xCA, 0x1E, 0x56, 0xF3, 0xCF, 0x0C, 0x71, 0xC5, 0xD8, 0xC0, 0x1F, 0xD1, 0xFB, 0x2D, 0x1D, 0x3C,
    0xD0, 0x3B, 0xE3, 0x36, 0xFC, 0x66, 0x80, 0xCD, 0x12, 0xAF, 0x4C, 0x03, 0x9F, 0xB3, 0x58, 0xC9,
    0xA9, 0x82, 0xF6, 0x38, 0x32, 0xAE, 0x83, 0xEF, 0xE2, 0x49, 0x41, 0x1F, 0x04, 0x1F, 0xB9, 0xB7,
    0x55, 0x19, 0x7C, 0xF2, 0x7A, 0x3C, 0xCB, 0x79, 0x9B, 0xAF, 0x83, 0x3E, 0x4E, 0xF0, 0xD1, 0xBA,
    0x57, 0x41, 0x8F, 0x82, 0xEF, 0xB2, 0x09, 0xBE, 0xF8, 0x44, 0xB8, 0x29, 0x98, 0xBB, 0x4C, 0x06,
    0x5F, 0xE7, 0x23, 0x5C, 0x49, 0x63, 0x3A, 0xDE, 0x37, 0x25, 0x39, 0x79, 0xDC, 0xAC, 0x83, 0xEF,
    0x84, 0x0C, 0x47, 0x74, 0x3F, 0xE7, 0xC4, 0x6D, 0x5A, 0x1C, 0x26, 0x27, 0x0B, 0xBE, 0x03, 0x64,
    0xCE, 0x48, 0xB3, 0x53, 0x82, 0xEF, 0x24, 0xF0, 0x26, 0x23, 0xAF, 0x28, 0x0A, 0x47, 0x3B, 0x71,
    0x8E, 0x6E, 0x1B, 0x0B, 0x26, 0xB7, 0xAF, 0x20, 0xF7, 0xD0, 0xE1, 0x8A, 0xAA, 0x6B, 0x2E, 0x80,
    0xB6, 0x64, 0x7D, 0xFB, 0x81, 0x86, 0xCE, 0xF1, 0x41, 0x51, 0xD4, 0xAB, 0x59, 0xB1, 0x99, 0x63,
    0x85, 0x3A, 0x1A, 0x22, 0xEB, 0xB5, 0x9C, 0x3F, 0xAA, 0xD5, 0x9C, 0x16, 0x14, 0xB9, 0x6C, 0x12,
    0x3D, 0x89, 0xE3, 0xE0, 0x7E, 0x37, 0xCC, 0xEA, 0x05, 0x19, 0x22, 0xD4, 0xDD, 0x15, 0xCA, 0x2F,
    0x86, 0xB5, 0x66, 0x04, 0x41, 0x96, 0x2C, 0x63, 0x52, 0x51, 0x0C, 0x7C, 0xE5, 0x3B, 0xDA, 0x26,
    0x92, 0x9B, 0x66, 0x3D, 0x2E, 0xDE, 0x22, 0x3A, 0xB4, 0x9D, 0x12, 0x09, 0x4A, 0x24, 0xE7, 0x7D,
    0xE5, 0x10, 0xC9, 0xB7, 0xB2, 0xCA, 0x13, 0x99, 0xE9, 0x23, 0x30, 0xE9, 0xAC, 0x95, 0x65, 0x43,
    0xA8, 0x7D, 0xF7, 0x45, 0xBC, 0xBA, 0x7D, 0x00, 0xC2, 0xC8, 0xBD, 0x8D, 0x77, 0xF2, 0xC0, 0x1E,
    0x46, 0x56, 0x7E, 0xD9, 0xFA, 0xF5, 0x98, 0x82, 0x3A, 0x45, 0xC1, 0xD5, 0xA8, 0x89, 0x15, 0x5F,
    0xCD, 0x98, 0x05, 0x5C, 0xB4, 0x2D, 0x32, 0x9D, 0x1A, 0xBB, 0xDD, 0xD2, 0x6E, 0xE1, 0x71, 0x37,
    0xC7, 0x7A, 0x1B, 0x73, 0x9C, 0x55, 0x79, 0x45, 0x95, 0x87, 0xC5, 0xE8, 0xB4, 0xD7, 0xB2, 0xFF,
    0xAE, 0x42, 0xB9, 0x4F, 0x74, 0x0C, 0x4E, 0x1A, 0xAD, 0xAD, 0xE0, 0x7E, 0x1A, 0x7E, 0x23, 0x5B,
    0xBA, 0x54, 0x11, 0xB9, 0xE1, 0x68, 0xDE, 0x84, 0xAE, 0x97, 0xC3, 0xFD, 0x94, 0xFE, 0xED, 0x56,
    0x7E, 0x7C, 0xDD, 0xE8, 0x2D, 0x47, 0x2F, 0x1A, 0xA3, 0xED, 0xD8, 0x5C, 0x4C, 0x31, 0x9A, 0x25,
    0x49, 0xCE, 0x5B, 0xBE, 0xEC, 0x63, 0xF4, 0xCA, 0x3E, 0xB6, 0xBB, 0x73, 0x76, 0x89, 0xE9, 0x87,
    0xCD, 0xB7, 0x13, 0x03, 0x48, 0x14, 0xD8, 0x32, 0xB4, 0xBF, 0x25, 0x44, 0x4C, 0x4B, 0x3D, 0x29,
    0x96, 0x98, 0x52, 0xCF, 0x1C, 0x0F, 0xD1, 0x98, 0x16, 0x9A, 0x46, 0x0B, 0x74, 0x22, 0x51, 0x5A,
    0xFB, 0xC0, 0x77, 0x31, 0x74, 0xAB, 0x22, 0x7A, 0xAA, 0x44, 0xFD, 0x52, 0xA2, 0xE9, 0x61, 0x12,
    0xAD, 0xB4, 0x61, 0x8B, 0x36, 0x2C, 0xC9, 0x98, 0x41, 0xEC, 0xFC, 0x1E, 0xDD, 0xF5, 0x59, 0xA9,
    0x04, 0xC5, 0x75, 0x3B, 0x87, 0xBA, 0x6E, 0x4C, 0x27, 0xF4, 0x5B, 0x07, 0x58, 0xD5, 0x58, 0x5A,
    0x42, 0x6D, 0x13, 0xFC, 0xA2, 0xA0, 0x68, 0x5A, 0xBE, 0xF2, 0x38, 0x42, 0xC9, 0xE2, 0x96, 0xE1,
    0xA6, 0x18, 0x48, 0xE4, 0x98, 0x0B, 0x94, 0x44, 0x35, 0x29, 0x1A, 0x12, 0xD5, 0x2F, 0x0A, 0xED,
    0x26, 0xBF, 0x7B, 0x5E, 0x45, 0x42, 0xCE, 0xAC, 0xE0, 0x7E, 0x0A, 0x02, 0xAF, 0x65, 0x74, 0x38,
    0x16, 0x6C, 0x98, 0x1C, 0xB2, 0xD4, 0xC2, 0x85, 0xC3, 0x97, 0xB7, 0x4D, 0x84, 0x54, 0xCB, 0xDB,
    0x53, 0x97, 0xAF, 0xA8, 0x5C, 0x34, 0x1B, 0x95, 0x6D, 0x02, 0x37, 0x8C, 0x9D, 0x47, 0xE8, 0x6E,
    0xCF, 0x5A, 0xEA, 0x58, 0x01, 0x1C, 0xBA, 0x9F, 0xBC, 0x13, 0xDF, 0x6C, 0x88, 0xFA, 0x0A, 0x5F,
    0xE5, 0xAF, 0xFF, 0x14, 0x29, 0x1F, 0x99, 0x8F, 0x3F, 0x6E, 0x90, 0x69, 0x3B, 0xBF, 0x37, 0xF9,
    0x65, 0x3F, 0x2D, 0xD2, 0x29, 0x63, 0xFC, 0x47, 0x92, 0xDE, 0x5C, 0x64, 0x1E, 0x3C, 0xF9, 0x25,
    0xAF, 0x4B, 0x0F, 0x27, 0x1F, 0x79, 0x38, 0xAC, 0x1F, 0xC1, 0xAD, 0x1C, 0xCE, 0x37, 0x41, 0xE4,
    0x47, 0x4E, 0x42, 0xC7, 0xA7, 0xCC, 0x9F, 0x3D, 0x66, 0xF8, 0x1D, 0x72, 0xB1, 0x31, 0xFE, 0x96,
    0x7B, 0xF2, 0xDD, 0x2A, 0x9F, 0x91, 0x67, 0x65, 0x8C, 0x8C, 0x9D, 0x96, 0x49, 0x29, 0x47, 0xFF,
    0xBA, 0xDE, 0x40, 0xB6, 0x23, 0xF3, 0x6C, 0x1C, 0xFC, 0xF4, 0xB0, 0xC3, 0x9B, 0xFE, 0x35, 0x2D,
    0x7A, 0x2D, 0x5F, 0x57, 0x4D, 0xA5, 0xB2, 0x3E, 0x6A, 0x5F, 0x66, 0xA5, 0x8E, 0xDD, 0x2D, 0xA7,
    0x93, 0xED, 0xD4, 0xAA, 0x1E, 0x7C, 0x53, 0x98, 0x3D, 0x58, 0x7F, 0x02, 0xAE, 0x03, 0xEF, 0x82,
    0x2A, 0xC6, 0x7B, 0xA5, 0x5C, 0x8E, 0x82, 0x73, 0xAC, 0x85, 0xF1, 0xAA, 0x16, 0x46, 0xC0, 0x06,
    0x55, 0xB1, 0xAA, 0x97, 0x26, 0xF7, 0xCC, 0x37, 0x05, 0xCA, 0x3D, 0x97, 0xAA, 0x0D, 0x4D, 0x61,
    0x12, 0x19, 0xDC, 0x05, 0x9C, 0x97, 0x6A, 0xAE, 0x2E, 0x88, 0x8E, 0x04, 0x9A, 0x63, 0xB1, 0x37,
    0xDE, 0xC6, 0x6C, 0x9E, 0x2A, 0x68, 0xE6, 0x51, 0x96, 0x09, 0x56, 0xB9, 0x81, 0x9D, 0x3D, 0x29,
    0xE8, 0x09, 0x09, 0x3C, 0x9E, 0x94, 0x80, 0x54, 0x21, 0xC1, 0x58, 0x7B, 0x10, 0x9D, 0x7D, 0xCB,
    0xB2, 0x58, 0x30, 0xB2, 0x98, 0x37, 0xB4, 0x11, 0xFB, 0x97, 0xCA, 0xB3, 0xE3, 0x59, 0x53, 0x95,
    0x1E, 0x09, 0xFB, 0x06, 0x81, 0xBE, 0xFC, 0x29, 0x4C, 0x0E, 0x41, 0xDD, 0x7E, 0xE9, 0xD3, 0x21,
    0x5B, 0xDF, 0x6C, 0x84, 0xF5, 0xC6, 0x79, 0x32, 0xA6, 0xDD, 0x43, 0xA4, 0x70, 0x0A, 0xB9, 0x40,
    0xC2, 0x7B, 0x48, 0x3E, 0x23, 0xEF, 0x5A, 0x7C, 0xEE, 0xE8, 0x7C, 0xBE, 0x92, 0x1D, 0x4C, 0x10,
    0x32, 0x2C, 0x18, 0x85, 0xCC, 0xA6, 0x4F, 0x98, 0x62, 0xCF, 0x18, 0x03, 0x64, 0xEB, 0x26, 0x88,
    0x99, 0x42, 0x5D, 0x21, 0x88, 0x87, 0x2A, 0x43, 0x27, 0x21, 0xAA, 0x8C, 0x8B, 0x7B, 0xB1, 0xC0,
    0x94, 0xFC, 0x9D, 0x08, 0xE6, 0x83, 0x3F, 0xA8, 0x32, 0x37, 0xE6, 0xAC, 0x4F, 0x6D, 0xCD, 0xD1,
    0x02, 0x1F, 0xED, 0x0F, 0x33, 0x94, 0xF8, 0xA5, 0xE0, 0x1D, 0x98, 0x7D, 0xCA, 0x8B, 0x9A, 0x88,
    0xA4, 0x56, 0xBF, 0x47, 0x38, 0x5B, 0x59, 0xFB, 0xDC, 0x06, 0xFE, 0xFB, 0x30, 0x76, 0x39, 0x05,
    0xA7, 0x72, 0xEA, 0x0F, 0x62, 0x76, 0x12, 0x3F, 0x22, 0x68, 0x70, 0x7F, 0x31, 0x61, 0x27, 0x4A,
    0x45, 0x18, 0x71, 0xBD, 0x96, 0xD4, 0x92, 0x9B, 0xA7, 0x00, 0x53, 0xD2, 0xD0, 0x5E, 0x99, 0x91,
    0x9C, 0xB8, 0x89, 0xB3, 0x25, 0xCC, 0xE2, 0xC8, 0x30, 0x25, 0xD0, 0x44, 0xF6, 0x65, 0xA4, 0x2D,
    0x70, 0x77, 0x73, 0xA4, 0xF4, 0x9F, 0xB7, 0x4C, 0x5D, 0x5C, 0xE2, 0xBD, 0x95, 0xDB, 0x49, 0xFB,
    0xC3, 0x7C, 0x9B, 0x2B, 0xEF, 0x0B, 0x84, 0x48, 0x1C, 0x6E, 0x40, 0x4D, 0xC0, 0x34, 0x7F, 0x88,
    0x05, 0x62, 0x8A, 0x12, 0x41, 0x70, 0x37, 0xDC, 0x30, 0x2A, 0x02, 0xCD, 0x35, 0x38, 0x25, 0xA6,
    0x6F, 0x94, 0x0D, 0xD2, 0x9A, 0xAD, 0x2C, 0x3C, 0xA3, 0x38, 0xD2, 0x30, 0x73, 0xA9, 0x82, 0xCF,
    0x12, 0xFF, 0xF3, 0x1D, 0xDC, 0x19, 0x83, 0x9A, 0x8B, 0xE9, 0x6E, 0x4C, 0x25, 0x20, 0x5B, 0x85,
    0x91, 0xC2, 0x5D, 0xC6, 0xD6, 0x62, 0x28, 0xEB, 0x9A, 0x06, 0xE5, 0x14, 0x50, 0x7A, 0x85, 0x38,
    0xAD, 0x59, 0x36, 0x67, 0xC7, 0x61, 0xD2, 0x14, 0xB5, 0x30, 0x3D, 0x43, 0x50, 0x23, 0xB2, 0x34,
    0x11, 0xAD, 0x13, 0xD1, 0xF0, 0x4D, 0x78, 0x9B, 0x88, 0x25, 0xD3, 0xCD, 0x3B, 0xAA, 0x6E, 0x7C,
    0xFA, 0x76, 0x71, 0x23, 0xCD, 0xDA, 0x33, 0x47, 0x43, 0x58, 0x47, 0x92, 0x8C, 0x64, 0x28, 0xB1,
    0x22, 0x2F, 0xB8, 0xBB, 0x6C, 0xF1, 0xBD, 0xF6, 0x43, 0xEF, 0xA0, 0x7C, 0x6F, 0xB1, 0x50, 0xD9,
    0x65, 0xE4, 0x25, 0x4E, 0xC6, 0x2C, 0x7F, 0x6F, 0x2C, 0xC8, 0xA5, 0x65, 0x91, 0xE3, 0x05, 0xEE,
    0x2F, 0x97, 0xD4, 0x2F, 0xBC, 0x3C, 0xD0, 0xBE, 0x6A, 0x83, 0xBD, 0xD1, 0xD4, 0x0F, 0x2F, 0x79,
    0x86, 0xF0, 0xAF, 0x75, 0xC7, 0x84, 0x0B, 0x1C, 0x4F, 0xC2, 0xE6, 0x80, 0xD7, 0xD3, 0x3E, 0x46,
    0x8D, 0x34, 0xDE, 0x02, 0x5E, 0x7E, 0xC9, 0xAE, 0x19, 0xF3, 0xB1, 0x39, 0xBE, 0x64, 0x65, 0x5C,
    0x9E, 0x5F, 0x5A, 0x8C, 0xAC, 0xBE, 0x1A, 0x1E, 0x0A, 0x58, 0x3E, 0xF6, 0x3C, 0x26, 0xA3, 0x0E,
    0x07, 0x2E, 0xCB, 0x00, 0x01, 0x1F, 0xF0, 0x2E, 0x32, 0xD6, 0xE5, 0xE7, 0xE1, 0xE6, 0xB5, 0x0E,
    0x9D, 0xFE, 0x00, 0xC5, 0x9F, 0x05, 0x64, 0x4A, 0x97, 0x7E, 0xC9, 0xB8, 0x74, 0x52, 0x5A, 0x75,
    0x41, 0x96, 0x5E, 0x63, 0x8A, 0x46, 0x2C, 0xB7, 0xC4, 0xD0, 0x46, 0x79, 0x8B, 0xEE, 0x8C, 0x69,
    0xBE, 0x2B, 0xFC, 0x35, 0x25, 0xAF, 0x25, 0xF0, 0x13, 0xE6, 0x61, 0xB7, 0xF4, 0x7C, 0x5A, 0x92,
    0xB2, 0xB3, 0xCC, 0x8D, 0x75, 0x88, 0x79, 0x47, 0x16, 0xFE, 0xE5, 0x53, 0xF7, 0xF9, 0x2D, 0x5D,
    0x34, 0x7D, 0xD5, 0x57, 0x6D, 0x4E, 0x97, 0x7B, 0xB1, 0xA3, 0x43, 0xCA, 0xAF, 0x87, 0xB1, 0x4B,
    0xEF, 0x2B, 0x36, 0x05, 0x7F, 0x63, 0x80, 0x6C, 0x0B, 0x60, 0x01, 0x68, 0x67, 0xA8, 0x10, 0xE3,
    0xE6, 0xA9, 0x21, 0xD6, 0xA5, 0x12, 0xDC, 0x78, 0x99, 0x09, 0x69, 0x08, 0xAB, 0x42, 0xEC, 0xBD,
    0x20, 0xE2, 0x75, 0x22, 0x8E, 0x8E, 0x80, 0x58, 0x2C, 0xC6, 0xFB, 0xF2, 0xEB, 0x85, 0xA0, 0xBC,
    0x6C, 0xB2, 0x92, 0x97, 0x61, 0x16, 0x81, 0xAE, 0x32, 0x33, 0xBB, 0x46, 0x8A, 0xE1, 0x36, 0xF7,
    0xBC, 0x17, 0xCF, 0x09, 0x6F, 0xC5, 0x93, 0x52, 0x29, 0x14, 0x71, 0x4F, 0x41, 0xDC, 0x2B, 0x11,
    0x3B, 0xA2, 0xFB, 0x45, 0x29, 0xB7, 0x77, 0x99, 0xD6, 0x19, 0x4C, 0x9D, 0xE8, 0x36, 0xDD, 0x28,
    0x11, 0x1B, 0x96, 0x59, 0xD0, 0x5A, 0x94, 0xDC, 0xB4, 0x8D, 0x86, 0x93, 0x63, 0x5E, 0x4E, 0x66,
    0xAC, 0x2F, 0x74, 0x70, 0xA1, 0xFF, 0x60, 0xA0, 0xDB, 0xD8, 0xA7, 0x12, 0x08, 0x93, 0x09, 0x58,
    0xB5, 0xC8, 0x63, 0x3A, 0x7E, 0x19, 0x5E, 0x4B, 0x4B, 0x45, 0x87, 0xD7, 0x22, 0x38, 0x37, 0x72,
    0xC9, 0x04, 0xE8, 0xCB, 0xD1, 0x95, 0x69, 0xEA, 0x4D, 0xC7, 0xF5, 0x6D, 0x81, 0xCE, 0x7F, 0x7E,
    0x46, 0x00, 0x2D, 0x2E, 0xF6, 0x13, 0x49, 0xF5, 0x03, 0x81, 0x19, 0x4D, 0xC2, 0x1C, 0x21, 0x0F,
    0x4A, 0xAE, 0x19, 0x5A, 0x19, 0x15, 0xE6, 0xA4, 0x34, 0xCD, 0xE8, 0xD8, 0x2A, 0x4C, 0xE2, 0xFB,
    0x97, 0x2E, 0xAB, 0x0A, 0x91, 0xA4, 0x7B, 0x49, 0xF5, 0xDE, 0x1F, 0xFA, 0xDF, 0xAB, 0xDC, 0xCB,
    0xA6, 0xF0, 0x5A, 0x5F, 0xEE, 0x05, 0x31, 0x9E, 0xDD, 0x32, 0x3E, 0x17, 0x1A, 0xCD, 0x19, 0xCA,
    0x3D, 0x55, 0x6F, 0x49, 0x1F, 0xB0, 0xEF, 0xDB, 0xFF, 0x9A, 0x7E, 0xF5, 0x65, 0xF9, 0x6E, 0x28,
    0x5B, 0x1F, 0x11, 0x25, 0x53, 0xB8, 0xB4, 0x2B, 0x2E, 0x0D, 0xC8, 0x2D, 0xE6, 0x2A, 0x5B, 0x3A,
    0x50, 0xC6, 0xF1, 0xBE, 0x94, 0x1E, 0xE3, 0x89, 0xA1, 0x3C, 0x11, 0x31, 0x8A, 0x40, 0xD9, 0x7E,
    0xC8, 0x4E, 0x25, 0xCC, 0x86, 0x5F, 0xE8, 0x70, 0x86, 0xCC, 0x76, 0xDB, 0x4C, 0x99, 0xD3, 0xF5,
    0x20, 0x97, 0xE1, 0x0D, 0x32, 0xFB, 0xDB, 0x83, 0x5C, 0x21, 0x9D, 0x96, 0x34, 0xFE, 0x52, 0xC8,
    0x6E, 0x96, 0x76, 0x48, 0x9E, 0x76, 0x13, 0xD3, 0xE1, 0xD6, 0x07, 0x10, 0x03, 0xA6, 0x09, 0x65,
    0xEB, 0x0E, 0x0D, 0xBB, 0xC3, 0xD6, 0x6A, 0xE0, 0x28, 0x2B, 0x6B, 0xC1, 0xFE, 0x67, 0x0C, 0xE7,
    0x1F, 0x1C, 0x90, 0x96, 0xA9, 0xBA, 0x5D, 0x1D, 0x8B, 0xEA, 0x83, 0x4B, 0x39, 0x0C, 0xE2, 0xCC,
    0xE4, 0x5A, 0xCC, 0x5C, 0xAE, 0x3A, 0x8E, 0x22, 0x61, 0xD2, 0x69, 0xFA, 0xB8, 0xCA, 0x66, 0xD4,
    0x8D, 0x13, 0x27, 0x89, 0xED, 0xBF, 0x28, 0x7C, 0x2F, 0xB5, 0xA1, 0xFC, 0x7F, 0xA0, 0x65, 0x76,
    0x8B, 0x35, 0x31, 0xF4, 0xBD, 0x44, 0xF8, 0x6C, 0x4B, 0xA2, 0xF2, 0x07, 0xCF, 0x98, 0xCC, 0x07,
    0x68, 0x59, 0x99, 0x1D, 0x3B, 0xE9, 0x1C, 0x21, 0xA6, 0xF0, 0x5E, 0x72, 0x8D, 0xA7, 0xB4, 0x3D,
    0x9E, 0xB6, 0xBA, 0x5C, 0x76, 0x06, 0x13, 0xC4, 0x09, 0x6F, 0xA4, 0xAD, 0x9F, 0xF6, 0x1F, 0x24,
    0x2E, 0x9E, 0x5A, 0x2A, 0x60, 0x32, 0x4B, 0xB6, 0xF0, 0x94, 0x71, 0xD7, 0x80, 0xF3, 0x07, 0x92,
    0x1D, 0x49, 0x04, 0x8A, 0xED, 0x5B, 0xA6, 0x70, 0x9D, 0xA5, 0x05, 0x2E, 0xFE, 0xED, 0x24, 0xA1,
    0xF9, 0x47, 0x10, 0x25, 0xF8, 0x2B, 0x4E, 0xF5, 0xD1, 0x28, 0x9D, 0x9E, 0x79, 0x8D, 0xA2, 0xBB,
    0x1C, 0x2A, 0x14, 0xE5, 0x2B, 0x74, 0x0E, 0xAD, 0x1F, 0xFE, 0x18, 0x45, 0x22, 0x04, 0x66, 0x69,
    0x39, 0x7C, 0x5C, 0x18, 0x9D, 0x35, 0xD9, 0xC5, 0xFD, 0xA1, 0x1F, 0x35, 0x6C, 0x3D, 0x83, 0x1D,
    0x9B, 0x75, 0x63, 0x6C, 0xEB, 0x5D, 0xB4, 0xD6, 0xE0, 0xFF, 0xDC, 0x9C, 0x3C, 0x98, 0x3A, 0xCA,
    0x6C, 0x14, 0xBB, 0xC2, 0xD6, 0xB9, 0xA6, 0x1C, 0xC0, 0x0B, 0xCD, 0xD8, 0x6B, 0xE0, 0x7C, 0x90,
    0x8C, 0x6F, 0x73, 0x45, 0xDC, 0xF9, 0x2E, 0xC7, 0x2A, 0xFD, 0x90, 0xBA, 0x89, 0x47, 0x03, 0xD7,
    0x11, 0x5C, 0x67, 0x23, 0x44, 0xE7, 0xB7, 0x09, 0xA5, 0x3F, 0x95, 0x3A, 0xB9, 0x2C, 0x28, 0xCC,
    0x62, 0x74, 0x70, 0x69, 0x3C, 0xB7, 0x7E, 0x2C, 0xCF, 0xFD, 0x1F, 0x8D, 0x53, 0xBF, 0x6B, 0x1B,
    0x49, 0x14, 0xFE, 0x66, 0xC7, 0x66, 0x8F, 0xAC, 0xBD, 0xE3, 0xC2, 0xDD, 0xC9, 0xDE, 0x94, 0x29,
    0x64, 0x49, 0x70, 0x22, 0xA8, 0x58, 0x59, 0x9B, 0xB8, 0x70, 0x11, 0xB8, 0xB8, 0xBF, 0xC0, 0x5D,
    0x71, 0xBD, 0x05, 0x17, 0x38, 0x17, 0x32, 0x4C, 0x92, 0x22, 0x01, 0x41, 0x9C, 0xFA, 0xEA, 0xFB,
    0x03, 0x06, 0xCE, 0x45, 0x20, 0x47, 0x32, 0x76, 0x20, 0x29, 0x14, 0xF0, 0x48, 0x4D, 0x8A, 0x1C,
    0xDC, 0x5A, 0xBE, 0xF2, 0x0E, 0x86, 0x78, 0x0B, 0x07, 0x2B, 0xDE, 0x7B, 0xB3, 0x2B, 0x39, 0xA4,
    0x09, 0x99, 0x01, 0xE9, 0x7B, 0xF3, 0x7E, 0x7C, 0xEF, 0x49, 0xDF, 0xCB, 0xF3, 0xE9, 0x01, 0x70,
    0xF9, 0x59, 0x82, 0x19, 0x9E, 0x94, 0x78, 0x69, 0x4E, 0x7F, 0x87, 0x37, 0xBC, 0xB1, 0xF0, 0x35,
    0x5F, 0x8D, 0x4F, 0x35, 0xCA, 0x2A, 0x05, 0xA8, 0x34, 0x95, 0xFD, 0xD8, 0x8B, 0xC4, 0x78, 0x12,
    0xFA, 0xFC, 0xBE, 0xC4, 0xAA, 0x38, 0x99, 0x84, 0x7C, 0x83, 0x50, 0xEF, 0xA3, 0x55, 0xCD, 0x0A,
    0x85, 0xF8, 0xEC, 0x65, 0x32, 0xD2, 0xCA, 0xC6, 0x9D, 0xBD, 0xB7, 0x07, 0x36, 0x0A, 0x6E, 0x9F,
    0xBC, 0x9F, 0xFC, 0x19, 0x72, 0x1F, 0x0F, 0xE4, 0x7D, 0xF9, 0x04, 0x58, 0xF5, 0xC5, 0xC9, 0xE9,
    0x84, 0xB2, 0x78, 0x32, 0x7D, 0xD9, 0x8D, 0x3A, 0x7B, 0x7F, 0xF3, 0x43, 0xAD, 0x9A, 0x8B, 0x3E,
    0xD3, 0x54, 0x62, 0x8E, 0xAA, 0x00, 0x9E, 0x01, 0xBA, 0xC0, 0x02, 0xFC, 0x7F, 0xB6, 0x6F, 0x7C,
    0xF8, 0xD6, 0xA0, 0xE1, 0x0C, 0xF8, 0x09, 0xBC, 0x14, 0x78, 0x0A, 0xD4, 0x0A, 0x83, 0x51, 0x58,
    0xE9, 0xE1, 0x94, 0x4A, 0xE9, 0x57, 0x8B, 0x02, 0xEE, 0xD0, 0x83, 0xF3, 0xDE, 0x75, 0x5E, 0x76,
    0x73, 0x9E, 0x5F, 0xD4, 0xD3, 0xE5, 0xAB, 0x5B, 0xD3, 0x22, 0x9C, 0x8A, 0x9C, 0x01, 0x2B, 0x45,
    0xD8, 0xD6, 0xBD, 0x24, 0xEF, 0x9F, 0xCD, 0x7F, 0xB3, 0xFC, 0x59, 0x8E, 0x3B, 0xF5, 0xFE, 0x05,
    0x0D, 0xFF, 0x62, 0x7C, 0x26, 0x21, 0x24, 0x72, 0x29, 0x72, 0x99, 0xE7, 0x7B, 0x79, 0x96, 0x67,
    0x22, 0x43, 0xE6, 0x98, 0x9E, 0x9D, 0xCB, 0xA7, 0x78, 0x66, 0xF9, 0xB9, 0x0C, 0x08, 0x14, 0xB0,
    0x34, 0x02, 0xF9, 0xCB, 0x3B, 0x44, 0xC6, 0x0D, 0xC1, 0xFB, 0x58, 0xA4, 0x62, 0xAA, 0xE5, 0x49,
    0x40, 0x70, 0x4D, 0x0D, 0xC3, 0xC6, 0xEE, 0x49, 0xD0, 0xE0, 0x85, 0xA7, 0x31, 0xC1, 0x73, 0xBF,
    0xFF, 0x7D, 0x4B, 0xC5, 0x71, 0x34, 0x1C, 0xF0, 0x87, 0x37, 0x68, 0x60, 0x1B, 0xAB, 0x10, 0x57,
    0x04, 0x3F, 0x82, 0x65, 0xDA, 0xC6, 0x56, 0xA0, 0x29, 0xF8, 0x00, 0xE9, 0x15, 0x8A, 0xBF, 0xBB,
    0xC2, 0x34, 0xEF, 0xF3, 0x97, 0xBA, 0x49, 0x1C, 0x41, 0x5A, 0xF2, 0x5C, 0x32, 0xCD, 0xB8, 0x2E,
    0xD9, 0x66, 0x7C, 0x97, 0x8C, 0x33, 0x4E, 0x74, 0xA6, 0xAC, 0x61, 0xB5, 0xE4, 0x1D, 0xE9, 0xB4,
    0x64, 0x8E, 0x45, 0xC9, 0x7D, 0xAA, 0xA7, 0xEC, 0xF1, 0x94, 0xFF, 0x44, 0xDB, 0xB2, 0x83, 0x6A,
    0x38, 0xED, 0x61, 0x3C, 0xED, 0xC2, 0xCF, 0x98, 0x15, 0xBA, 0xC7, 0xD3, 0x08, 0x8A, 0xD3, 0x7F,
    0x63, 0xAD, 0x18, 0xE8, 0x5E, 0x9B, 0x8F, 0xD3, 0x48, 0x40, 0xED, 0xF3, 0x0D, 0xE9, 0xDE, 0x94,
    0x18, 0xBC, 0x36, 0xBD, 0xF6, 0x3A, 0x1F, 0x1F, 0xDB, 0x48, 0x38, 0xC7, 0x0E, 0xDF, 0x78, 0xA0,
    0x91, 0x09, 0xDD, 0xA6, 0xFC, 0xA4, 0xC5, 0xB4, 0xDA, 0x17, 0x47, 0x94, 0xE8, 0x8D, 0xAD, 0x20,
    0xBB, 0xE5, 0x1D, 0x68, 0x95, 0xED, 0x88, 0xA3, 0xD7, 0x66, 0x77, 0xBD, 0xEE, 0x1D, 0xDB, 0x4C,
    0x04, 0x9B, 0xBA, 0x15, 0x57, 0x3D, 0x6D, 0xD2, 0x79, 0xEC, 0xF2, 0x3B, 0x55, 0x82, 0x4D, 0xE1,
    0x99, 0x9E, 0x48, 0x32, 0x5F, 0xAF, 0xC1, 0xF2, 0xA4, 0xDA, 0x64, 0x5A, 0x60, 0x87, 0x9B, 0x88,
    0xD9, 0xB6, 0x2F, 0x6D, 0x85, 0x1A, 0xA2, 0x63, 0x6A, 0xDE, 0x3D, 0x33, 0x59, 0x63, 0xA3, 0xB1,
    0x61, 0x66, 0x0D, 0x6C, 0x68, 0xBC, 0xE3, 0xFF, 0x6A, 0xE2, 0x30, 0x9D, 0xD4, 0x56, 0x47, 0x29,
    0x99, 0x58, 0x61, 0x86, 0x8D, 0x8E, 0xCD, 0x8A, 0x38, 0x30, 0x4F, 0x6A, 0xAC, 0xF8, 0x11, 0x55,
    0x98, 0x45, 0xE5, 0x55, 0xA1, 0xBB, 0xDD, 0x45, 0x77, 0x97, 0xE6, 0x4A, 0x8F, 0x0A, 0xEB, 0x59,
    0x27, 0x7A, 0x75, 0xED, 0x4C, 0xD4, 0xF9, 0x40, 0x9F, 0xA6, 0x6B, 0x36, 0x48, 0x3D, 0x0D, 0x85,
    0x4A, 0xA9, 0x43, 0x85, 0x36, 0x02, 0xB7, 0x44, 0x96, 0x8C, 0xC4, 0x4F, 0x7E, 0xDD, 0xDC, 0xCC,
    0xA2, 0xE1, 0xF0, 0x2F, 0xA7, 0x56, 0x18, 0x54, 0x41, 0x9D, 0x75, 0x11, 0x3A, 0xF5, 0x16, 0x58,
    0x11, 0x26, 0x11, 0xAE, 0x83, 0x77, 0xF1, 0x87, 0x5C, 0xAC, 0x78, 0x3A, 0x6D, 0xF9, 0xB3, 0x5D,
    0x74, 0x2A, 0x2F, 0x24, 0x8A, 0xA5, 0x06, 0x0D, 0x14, 0x3D, 0x22, 0x11, 0xB3, 0xDF, 0x7F, 0x26,
    0xDB, 0xFB, 0xC9, 0xAD, 0xDF, 0x63, 0x17, 0x33, 0x72, 0x7B, 0x20, 0x97, 0xB6, 0x9C, 0x16, 0x62,
    0x97, 0x12, 0x62, 0xE7, 0x70, 0x38, 0xBE, 0x75, 0xFB, 0x9D, 0xED, 0xFC, 0xA8, 0xA9, 0xED, 0x65,
    0x2C, 0xA4, 0xB8, 0x2E, 0x45, 0x1D, 0x71, 0xCC, 0x6F, 0xEA, 0x30, 0x98, 0x95, 0x0F, 0x8A, 0xDD,
    0xE3, 0x12, 0x34, 0x00, 0xF5, 0x86, 0xB4, 0x58, 0xC2, 0x26, 0xA8, 0x33, 0x37, 0x4E, 0x58, 0x44,
    0x50, 0x8F, 0x14, 0xC1, 0xCA, 0x08, 0x45, 0x59, 0x2F, 0x72, 0xDA, 0x92, 0x73, 0xF0, 0x7F, 0x21,
    0x1C, 0x21, 0x2C, 0xB8, 0xFE, 0x22, 0x04, 0xB6, 0x0D, 0x7E, 0xF8, 0xED, 0x62, 0xBB, 0x8B, 0xED,
    0xB4, 0x98, 0x88, 0x64, 0xB1, 0x4F, 0xBA, 0x78, 0xEB, 0x84, 0x51, 0x77, 0xCA, 0x70, 0xD2, 0x08,
    0x12, 0xD2, 0x46, 0x8B, 0xC4, 0x41, 0x92, 0xFD, 0x1F, 0x8D, 0x91, 0xCD, 0x8A, 0xD4, 0x40, 0x10,
    0xC7, 0xFF, 0x49, 0x83, 0x03, 0xDB, 0x4E, 0x45, 0xC1, 0xC3, 0xB2, 0x9B, 0x4C, 0x3C, 0x78, 0x58,
    0xD9, 0x30, 0xE3, 0x21, 0x4A, 0x83, 0xE0, 0x64, 0x77, 0x0E, 0x1E, 0xF5, 0x09, 0xF4, 0x01, 0xBC,
    0xCC, 0x61, 0x0E, 0x2B, 0x28, 0x13, 0xC7, 0x83, 0x47, 0x3D, 0x7A, 0xCC, 0x03, 0xB8, 0x4B, 0x1F,
    0x3C, 0x0C, 0xE2, 0x62, 0x18, 0x5F, 0x20, 0xBA, 0x0F, 0x60, 0x2D, 0xEC, 0x59, 0xFA, 0x90, 0x81,
    0xB0, 0x0E, 0x1B, 0x3B, 0xF1, 0x0B, 0x45, 0xD0, 0x6E, 0xA8, 0xAA, 0xAE, 0xEA, 0x8F, 0x7F, 0xFD,
    0x5A, 0x72, 0xAC, 0xB4, 0x6F, 0xBA, 0x4C, 0x4C, 0xA6, 0xAB, 0xFD, 0x58, 0x49, 0x8E, 0xAF, 0x60,
    0xAE, 0x9A, 0x71, 0x08, 0x85, 0xCA, 0x9D, 0x9F, 0x53, 0xE7, 0xD5, 0x35, 0x35, 0x3D, 0xB3, 0x2B,
    0x3B, 0x87, 0x55, 0xEB, 0x70, 0xEB, 0x04, 0x11, 0xE8, 0x02, 0xE9, 0xA8, 0xCF, 0x2E, 0xF7, 0x6C,
    0x46, 0xE3, 0x94, 0x4D, 0xC4, 0xA4, 0x69, 0x12, 0x85, 0x5C, 0xD7, 0x28, 0x3A, 0x88, 0x9D, 0xBC,
    0x8B, 0xB1, 0x48, 0xB6, 0x50, 0x20, 0xE4, 0x89, 0xD2, 0xD1, 0x9E, 0x0A, 0xB3, 0xEB, 0x95, 0x09,
    0xEC, 0x3E, 0x3F, 0x64, 0x9B, 0x8B, 0x9A, 0xD8, 0xD0, 0x24, 0xD8, 0x7C, 0x85, 0x2D, 0x64, 0x1B,
    0x49, 0x24, 0xBD, 0x95, 0x8E, 0x50, 0x4F, 0x4B, 0x74, 0xEA, 0xC4, 0x19, 0x8D, 0x76, 0x73, 0xA3,
    0x48, 0xA4, 0xC6, 0x17, 0x49, 0xEC, 0x24, 0x77, 0xD7, 0xC0, 0x36, 0x62, 0x9B, 0xDA, 0xC9, 0x39,
    0x4B, 0x30, 0xD8, 0x17, 0x4F, 0x73, 0xD6, 0x2A, 0x22, 0x29, 0x66, 0x8B, 0x65, 0x25, 0xFF, 0xD2,
    0xD3, 0x66, 0x7A, 0xCF, 0x2A, 0x64, 0x91, 0xD2, 0x37, 0xF7, 0xAE, 0xD8, 0x3E, 0x7A, 0xF2, 0xD9,
    0xCD, 0x25, 0x62, 0x91, 0xC6, 0xC2, 0x99, 0x78, 0xB5, 0x59, 0x2B, 0x55, 0x70, 0x89, 0x10, 0xB9,
    0x25, 0x7A, 0x90, 0x97, 0xBD, 0xBD, 0x20, 0x3C, 0xF9, 0x6F, 0x02, 0x59, 0x80, 0x18, 0x6F, 0x8C,
    0xED, 0xDF, 0xBE, 0xAB, 0xBB, 0xFF, 0x24, 0x50, 0xFE, 0x22, 0x30, 0x6E, 0xCF, 0xBC, 0xEE, 0x85,
    0xFB, 0xF0, 0x1B, 0x75, 0x7F, 0x12, 0x70, 0x6F, 0x8B, 0xEF, 0x04, 0xB4, 0x2F, 0x52, 0x05, 0xBC,
    0xE8, 0x20, 0xFB, 0x49, 0xE0, 0xD8, 0x12, 0xD8, 0x2E, 0xC6, 0x06, 0xFA, 0xAA, 0x36, 0x9A, 0xCD,
    0xC3, 0xB7, 0x1B, 0x1F, 0xF2, 0x4F, 0xF5, 0x1C, 0xC6, 0x29, 0x2E, 0x9E, 0xA2, 0x05, 0xDC, 0x6D,
    0x40, 0x34, 0x92, 0x06, 0x77, 0x76, 0x8E, 0x30, 0x80, 0xC8, 0xDD, 0xB9, 0xF3, 0x6C, 0xF7, 0xB8,
    0x7C, 0x90, 0xBA, 0xB9, 0x98, 0x9E, 0xF1, 0x8D, 0xC5, 0xA2, 0x42, 0x1F, 0x60, 0x10, 0xF0, 0xA5,
    0x20, 0x0F, 0xAC, 0x49, 0xB6, 0x46, 0x2C, 0x57, 0x7D, 0x88, 0xD4, 0x96, 0xD4, 0x63, 0x5A, 0x17,
    0x2F, 0x51, 0x43, 0x19, 0x22, 0xEF, 0xA3, 0xE9, 0x8B, 0xB4, 0x91, 0xD0, 0x18, 0x8F, 0x07, 0x07,
    0x07, 0x60, 0x33, 0x21, 0xD9, 0x49, 0x58, 0xFF, 0x70, 0xC3, 0xFB, 0xCF, 0x8B, 0xDF, 0x7E, 0xE7,
    0xFD, 0x72, 0x35, 0x38, 0x14, 0xB3, 0x9C, 0x95, 0x22, 0x12, 0xA3, 0x59, 0x5E, 0xDB, 0x7E, 0x08,
    0x92, 0x31, 0xAC, 0x86, 0xC9, 0x23, 0xC7, 0xDC, 0xCC, 0xD6, 0x49, 0x56, 0xED, 0xB5, 0xA6, 0x9F,
    0x7E, 0x05, 0x65, 0x55, 0xCF, 0x8B, 0x1C, 0x45, 0x14, 0xFE, 0xBA, 0x2B, 0xA6, 0x75, 0xAB, 0x66,
    0x2B, 0x87, 0x20, 0x68, 0x26, 0xDB, 0x01, 0x83, 0x06, 0xDC, 0x6C, 0x8F, 0xAC, 0x87, 0x41, 0x7B,
    0x66, 0x3A, 0x09, 0x98, 0x43, 0x84, 0xF8, 0x07, 0x78, 0xD8, 0xA3, 0x04, 0x21, 0x11, 0x02, 0xF1,
    0xD0, 0xCB, 0x76, 0x12, 0x30, 0x82, 0x1E, 0x02, 0xE2, 0xDD, 0xA3, 0x24, 0x07, 0x17, 0x8C, 0xB0,
    0x87, 0xDA, 0x4C, 0x85, 0x39, 0xE4, 0x90, 0x85, 0x6D, 0xC9, 0x41, 0x41, 0xC5, 0x5E, 0x0D, 0x2A,
    0xB8, 0x9A, 0x8A, 0xDB, 0xB8, 0xBD, 0x49, 0xCF, 0x94, 0xAF, 0x66, 0x36, 0xA2, 0xA4, 0x79, 0xF3,
    0x4D, 0x55, 0x57, 0xD5, 0xAB, 0xF7, 0xE3, 0x7B, 0xAF, 0xFD, 0x11, 0xC2, 0xE3, 0x59, 0x8C, 0x64,
    0x19, 0x30, 0x24, 0xB6, 0x36, 0x71, 0x73, 0x39, 0x16, 0xED, 0x18, 0x33, 0xF1, 0x82, 0x6F, 0x0B,
    0xC4, 0x0B, 0x88, 0x0F, 0x21, 0x06, 0xE2, 0x29, 0xD8, 0x11, 0x58, 0x0B, 0x7B, 0xCF, 0xE1, 0xEC,
    0x0E, 0xFB, 0xE3, 0xBE, 0x7C, 0xF3, 0x4E, 0xF7, 0xB9, 0x2B, 0xE9, 0x8B, 0xC7, 0xD4, 0x3C, 0xAA,
    0x0B, 0xA8, 0xAE, 0xA1, 0xFA, 0x01, 0xD5, 0x1A, 0x56, 0xBF, 0xC7, 0xD2, 0x3B, 0x7E, 0xD4, 0x0A,
    0xE4, 0x32, 0xE7, 0x65, 0xD8, 0xB0, 0x3B, 0x42, 0xE3, 0xA0, 0x86, 0x3B, 0x75, 0x2F, 0x92, 0x89,
    0xEC, 0x82, 0xA7, 0xF0, 0x14, 0x50, 0x91, 0x3C, 0x1F, 0x57, 0xF2, 0xC3, 0x4A, 0x62, 0x45, 0x22,
    0x95, 0x7B, 0x8F, 0x4A, 0x2E, 0xA5, 0x64, 0xF7, 0x25, 0x96, 0x46, 0x3D, 0x6B, 0x2F, 0x19, 0xAF,
    0x50, 0x68, 0x47, 0x68, 0x70, 0x0D, 0xDF, 0x80, 0x59, 0x8B, 0x08, 0xE8, 0x59, 0x43, 0x13, 0x90,
    0x06, 0x9A, 0x4C, 0x56, 0xDC, 0xC4, 0xD2, 0x5F, 0x54, 0xA0, 0x8A, 0xFD, 0xA2, 0xC3, 0xF2, 0xC3,
    0x81, 0x06, 0x49, 0xDF, 0x66, 0xFC, 0x31, 0x3A, 0xC9, 0x20, 0x81, 0x26, 0xE8, 0xCD, 0xD0, 0x92,
    0x3F, 0xF0, 0x01, 0x64, 0x4D, 0x15, 0x33, 0x7B, 0xBF, 0x68, 0xF0, 0xEB, 0xD0, 0x69, 0x4B, 0xB0,
    0xCB, 0xD0, 0xAD, 0x96, 0xE0, 0x0C, 0xDA, 0xB4, 0xC4, 0xCB, 0x0C, 0x03, 0x9A, 0x7D, 0xC2, 0x58,
    0x5D, 0xD5, 0x2C, 0x01, 0xCE, 0x91, 0x05, 0xB0, 0x32, 0x11, 0x52, 0x8B, 0xE9, 0x5C, 0x08, 0x23,
    0xC4, 0x8A, 0x20, 0x6B, 0x45, 0x77, 0x8C, 0xF2, 0x63, 0xC1, 0xD6, 0x84, 0xBF, 0x29, 0x50, 0x0B,
    0xA8, 0x06, 0xE2, 0x9E, 0x9E, 0xB5, 0x36, 0xA3, 0x7B, 0xA2, 0xC0, 0xEC, 0x73, 0x36, 0x57, 0x6D,
    0x87, 0x6A, 0xC5, 0x61, 0xDF, 0xDE, 0x19, 0xD2, 0xB8, 0x5A, 0x9C, 0xA1, 0xF7, 0x55, 0x35, 0x1D,
    0x31, 0x53, 0xD5, 0x88, 0x6C, 0x52, 0xDD, 0x74, 0xDE, 0x55, 0xBD, 0xC2, 0x61, 0x30, 0x74, 0x88,
    0x25, 0x87, 0x45, 0xF4, 0x2F, 0xD6, 0x65, 0x4A, 0x4E, 0x2F, 0xD9, 0x62, 0xAC, 0x9F, 0xDF, 0x5A,
    0x25, 0x7F, 0x8C, 0xA4, 0x50, 0x2B, 0x17, 0x12, 0x52, 0xEB, 0xDB, 0x53, 0xBA, 0xCB, 0x36, 0x7E,
    0x32, 0x73, 0x9E, 0x69, 0xF7, 0x6B, 0xA4, 0x88, 0xB8, 0x0E, 0x73, 0xAE, 0xDF, 0xF7, 0x2C, 0xED,
    0x84, 0x2C, 0x95, 0xAF, 0x9D, 0xDA, 0xF3, 0x4D, 0x7E, 0x47, 0x4B, 0xEE, 0x6F, 0x97, 0xFE, 0xDF,
    0x1B, 0xDB, 0x14, 0xE5, 0x7E, 0x51, 0x4F, 0x07, 0x6B, 0x2C, 0xBB, 0xEC, 0x99, 0x43, 0xF9, 0xBB,
    0xA2, 0xFD, 0xD2, 0x09, 0xF2, 0xED, 0xAF, 0xDB, 0xF1, 0xC2, 0x7B, 0x57, 0xF6, 0x5B, 0x6B, 0x07,
    0x37, 0x5E, 0x4F, 0x36, 0xA7, 0x75, 0xE4, 0x1B, 0x9E, 0xA5, 0x5E, 0x3E, 0x83, 0xF3, 0x2C, 0x13,
    0xC8, 0xED, 0xB0, 0xA7, 0x53, 0x8B, 0xAD, 0x7A, 0x6B, 0x7D, 0x6B, 0xBD, 0xB7, 0x1E, 0xDB, 0x78,
    0x3C, 0xD4, 0xBD, 0xF5, 0x6B, 0xB6, 0x67, 0x13, 0xEC, 0x35, 0xE3, 0xC4, 0x93, 0xE9, 0x94, 0xC9,
    0x49, 0xDA, 0x22, 0x8B, 0x0E, 0xD7, 0x1D, 0xDF, 0x84, 0x50, 0x32, 0x8B, 0x58, 0xC1, 0x75, 0xE5,
    0x9B, 0x2E, 0x14, 0xD7, 0x91, 0x57, 0x12, 0x9C, 0x34, 0xFE, 0xB0, 0x4F, 0x3E, 0xD1, 0x11, 0x87,
    0xE4, 0xE7, 0x28, 0x09, 0x2F, 0xD2, 0xF6, 0xA6, 0x4C, 0x82, 0x60, 0x9C, 0x7D, 0x4E, 0xDA, 0xBA,
    0x2E, 0xA7, 0x39, 0x2B, 0xC6, 0x54, 0x08, 0xE1, 0xB3, 0xDC, 0xD3, 0x31, 0x96, 0x83, 0x82, 0x7C,
    0xDE, 0xB1, 0xDA, 0x72, 0xDD, 0xF0, 0xCD, 0x14, 0x54, 0x80, 0x88, 0x25, 0x7C, 0x90, 0xF9, 0x0F,
    0x34, 0x54, 0x41, 0x4A, 0x2D, 0x5F, 0xD7, 0xBE, 0xA9, 0xA0, 0x22, 0x5A, 0x31, 0x5C, 0x77, 0xC9,
    0xA7, 0x81, 0x75, 0x0B, 0xA3, 0x42, 0x4D, 0xE7, 0x6A, 0x4A, 0xAB, 0xA7, 0x9C, 0x4E, 0x65, 0xD0,
    0xCF, 0x50, 0x2F, 0xF8, 0xA3, 0x7C, 0xFA, 0x26, 0xC5, 0x1E, 0x41, 0x8D, 0xA7, 0xD5, 0xF8, 0x3A,
    0x45, 0xCC, 0x9C, 0xD8, 0x86, 0x29, 0xFA, 0x35, 0x80, 0xBD, 0x44, 0xAD, 0xA9, 0x53, 0x25, 0xC0,
    0x88, 0x6E, 0xFE, 0x45, 0xB2, 0x2A, 0xA7, 0x1A, 0x3A, 0x47, 0x93, 0x23, 0x2C, 0x63, 0x6B, 0xDE,
    0x37, 0xDB, 0xA7, 0xB1, 0x75, 0xF2, 0x6E, 0xFE, 0xD5, 0xD7, 0x3F, 0x9E, 0x2A, 0xAE, 0xE7, 0xC0,
    0xAB, 0x74, 0x4E, 0xEC, 0x9E, 0xF7, 0xE0, 0x92, 0xFD, 0x25, 0x62, 0x2D, 0x5B, 0xFE, 0xB7, 0xE8,
    0x80, 0xD3, 0x71, 0x3F, 0xF6, 0x7F, 0xCE, 0xAA, 0xE5, 0x4F, 0x1B, 0x87, 0x58, 0x46, 0xB5, 0xDA,
    0x76, 0x35, 0x49, 0x95, 0x70, 0xD5, 0x37, 0xAB, 0x2E, 0x56, 0xCE, 0x0F, 0x67, 0xBA, 0x3C, 0x61,
    0x6D, 0xED, 0xD2, 0x72, 0xAB, 0x74, 0xE5, 0xFB, 0x44, 0x8D, 0x90, 0x99, 0x7B, 0xC6, 0x37, 0x91,
    0xF4, 0xEF, 0x05, 0x9B, 0x2A, 0x14, 0x71, 0x47, 0xCC, 0xA6, 0x62, 0xCF, 0x8A, 0x40, 0xB5, 0x2B,
    0xD7, 0x2A, 0xB1, 0xAA, 0x84, 0x4A, 0x85, 0xEA, 0x08, 0x25, 0x85, 0xA2, 0x6D, 0xB4, 0x79, 0xF7,
    0xD4, 0x2C, 0x20, 0x13, 0xB0, 0x49, 0x26, 0xBF, 0x4B, 0xF0, 0x4A, 0x81, 0x66, 0x4C, 0xE1, 0xAA,
    0xD9, 0x71, 0x43, 0x21, 0xA7, 0x1A, 0x35, 0x6D, 0xDF, 0x08, 0xA4, 0x1C, 0xF2, 0x44, 0xC6, 0xB6,
    0x6A, 0x66, 0x29, 0x63, 0x2B, 0xE1, 0x25, 0x2D, 0xDF, 0x20, 0x5F, 0xBC, 0x6D, 0xDA, 0xE0, 0x8F,
    0xB0, 0x44, 0xA4, 0xAD, 0x6D, 0x16, 0x18, 0x4A, 0x56, 0x23, 0x45, 0xBB, 0xF4, 0x36, 0xCA, 0x30,
    0xEB, 0x57, 0xEE, 0x8A, 0x16, 0xE5, 0xF8, 0xD8, 0xA3, 0x30, 0x14, 0xB3, 0x65, 0xEB, 0x82, 0xD6,
    0x67, 0x19, 0xD9, 0xC4, 0x8A, 0x96, 0xCC, 0x88, 0xCC, 0x50, 0xC2, 0x33, 0xAD, 0x17, 0xF2, 0x5B,
    0x83, 0x01, 0x0F, 0x36, 0x53, 0xDF, 0x5E, 0x85, 0x06, 0x73, 0x5E, 0x79, 0xC7, 0xD0, 0x4D, 0xF1,
    0xD0, 0xB0, 0xDF, 0xB5, 0xFC, 0x82, 0xCC, 0x28, 0x76, 0x87, 0xE8, 0x2A, 0xFC, 0x67, 0xB8, 0x63,
    0xD8, 0xAF, 0x85, 0xFC, 0xA8, 0xF2, 0xFA, 0xF7, 0x78, 0xBE, 0x12, 0xA2, 0xDD, 0x75, 0xB2, 0xBF,
    0x97, 0x20, 0xDC, 0x41, 0x60, 0x73, 0x84, 0x95, 0xCB, 0x2E, 0x3A, 0xAF, 0xFD, 0xD9, 0x79, 0xFB,
    0x42, 0x1A, 0xCF, 0x97, 0xA1, 0xCD, 0xC4, 0xBC, 0x23, 0xC4, 0x98, 0x84, 0xB6, 0x50, 0x3C, 0x57,
    0x81, 0x56, 0x0C, 0x8F, 0xB3, 0xFF, 0xA4, 0x4C, 0xF8, 0x60, 0xED, 0xD0, 0x1B, 0xE1, 0x4C, 0xFF,
    0xF3, 0x33, 0xFD, 0xDF, 0x5C, 0xD0, 0x42, 0x10, 0x4D, 0x9F, 0x2D, 0xB1, 0x94, 0xC3, 0xA3, 0x4B,
    0x16, 0xDD, 0xD4, 0xBD, 0x24, 0x5A, 0xF0, 0x1C, 0x8C, 0x2E, 0x7D, 0xAB, 0x57, 0xBB, 0xD0, 0x12,
    0x8D, 0xD9, 0x2F, 0x39, 0x1B, 0xE2, 0xC0, 0x83, 0xAB, 0x8F, 0x6C, 0x72, 0x92, 0x8E, 0x14, 0xB8,
    0x5B, 0x48, 0xE6, 0x64, 0x9A, 0x15, 0x4D, 0x56, 0xB4, 0xD9, 0x86, 0x61, 0x36, 0x71, 0xD5, 0x4E,
    0xE1, 0x03, 0x3B, 0xBD, 0x6B, 0x1C, 0x77, 0x76, 0xC6, 0x38, 0x50, 0x90, 0xD2, 0x59, 0x46, 0x3D,
    0x10, 0x26, 0x81, 0xEE, 0x54, 0xCD, 0xCF, 0xA4, 0xED, 0x1B, 0x39, 0x78, 0x58, 0x3E, 0x53, 0x2E,
    0x1C, 0xC6, 0x1C, 0x6D, 0x0F, 0x88, 0x77, 0x18, 0x7A, 0x09, 0xA4, 0xB3, 0xB6, 0xEF, 0x5A, 0xD4,
    0x11, 0xC7, 0x61, 0xC7, 0x2C, 0xDF, 0x75, 0x94, 0x99, 0x45, 0xEA, 0x51, 0x37, 0xE2, 0x10, 0x5E,
    0x1E, 0x07, 0x19, 0xA3, 0xE4, 0xE6, 0x32, 0x89, 0x3D, 0xAA, 0xBD, 0x18, 0xE5, 0x1C, 0x81, 0xEA,
    0x10, 0xA4, 0x29, 0x41, 0xC7, 0x01, 0x45, 0x97, 0xA0, 0x22, 0x88, 0x2A, 0x62, 0x28, 0xC1, 0x3E,
    0x07, 0xC4, 0xC1, 0x9E, 0x2D, 0x7C, 0x73, 0x36, 0xA1, 0xBE, 0x14, 0xB9, 0x72, 0x97, 0xC7, 0x0D,
    0xCB, 0x15, 0xCA, 0xC8, 0x51, 0x57, 0x49, 0x5B, 0x8D, 0xB9, 0x69, 0xF5, 0xFF, 0x9B, 0xF9, 0xFC,
    0x58, 0xFA, 0x3B, 0xC1, 0x76, 0x14, 0xCD, 0xCB, 0x78, 0x9E, 0xAB, 0x79, 0xAF, 0xA2, 0x8F, 0xCD,
    0x44, 0xC6, 0xDB, 0xC8, 0xD4, 0x39, 0x78, 0x12, 0x9C, 0x74, 0xDA, 0xF1, 0x83, 0x01, 0x26, 0x42,
    0x3D, 0x5F, 0x7E, 0x50, 0xCA, 0xAC, 0x96, 0x99, 0x1A, 0x4B, 0x25, 0x2F, 0x15, 0xD2, 0xE6, 0xF2,
    0x22, 0x8D, 0x7B, 0xD4, 0x6A, 0xC6, 0xD2, 0xA5, 0x25, 0x6A, 0xA0, 0xDE, 0xED, 0xDD, 0x53, 0xEE,
    0xA1, 0xBA, 0xC8, 0x17, 0x23, 0x1C, 0xEC, 0xA0, 0xB1, 0xFB, 0x95, 0xC2, 0xEE, 0x75, 0x8B, 0x68,
    0xF4, 0x70, 0x50, 0xE6, 0x47, 0x3D, 0x5B, 0x4D, 0xE2, 0x4D, 0xCF, 0x3F, 0x8D, 0x54, 0x4D, 0x6B,
    0x13, 0x51, 0x14, 0x3D, 0x6F, 0x5E, 0xE8, 0xD4, 0x4C, 0x86, 0x74, 0x6F, 0x49, 0x05, 0x41, 0x14,
    0x6B, 0x1B, 0x30, 0x62, 0x35, 0xFD, 0x18, 0xA9, 0x3B, 0xED, 0x3F, 0xF0, 0x07, 0x08, 0xD2, 0x5A,
    0xA8, 0x8B, 0x0A, 0x1A, 0x86, 0xFA, 0x07, 0xFA, 0x13, 0xB2, 0xD4, 0x74, 0xA1, 0x0B, 0x17, 0x09,
    0xB6, 0xF5, 0xD1, 0x6E, 0x44, 0x04, 0x07, 0x5C, 0x14, 0x8A, 0xCA, 0xB8, 0xD5, 0x82, 0x41, 0xBB,
    0x70, 0x91, 0xA6, 0x9E, 0xFB, 0x26, 0x9F, 0x12, 0x6A, 0x1F, 0xC9, 0x64, 0xEE, 0x7D, 0xF7, 0x9E,
    0x7B, 0xDE, 0xB9, 0xF7, 0x05, 0x90, 0xE5, 0x06, 0x7C, 0x8C, 0xC9, 0xA3, 0x26, 0xE6, 0xB1, 0xAC,
    0x9F, 0x15, 0xAE, 0xF2, 0x96, 0xD8, 0xEA, 0x50, 0x9E, 0x29, 0x1B, 0x1A, 0x63, 0x13, 0x73, 0xE1,
    0xE5, 0x57, 0xFE, 0x17, 0xF7, 0xDA, 0xEE, 0x42, 0x61, 0xFE, 0x36, 0x22, 0x14, 0xE0, 0x43, 0x07,
    0x03, 0x5F, 0xDA, 0x4B, 0x0B, 0x38, 0x4A, 0xF6, 0xBD, 0x66, 0xF1, 0xF7, 0x09, 0xBF, 0x51, 0xA7,
    0x79, 0x36, 0xE4, 0x63, 0xB6, 0x5D, 0xE1, 0x44, 0xB4, 0x82, 0x5E, 0x28, 0xAC, 0xDC, 0xCB, 0xEC,
    0x3B, 0x6F, 0xC8, 0xC1, 0x33, 0xAA, 0xDE, 0x42, 0x77, 0x03, 0x6E, 0x93, 0x7F, 0xC9, 0xF2, 0xAF,
    0x75, 0xF8, 0x6F, 0xD4, 0xB7, 0x04, 0x9F, 0xFC, 0x67, 0x05, 0x3D, 0xF5, 0x5F, 0xFE, 0x03, 0xF1,
    0x57, 0x45, 0x12, 0x1E, 0xA5, 0x44, 0xFA, 0xC5, 0x35, 0xE0, 0x52, 0x0C, 0x64, 0xE8, 0xF4, 0x73,
    0xC0, 0x90, 0x4B, 0xF6, 0x2A, 0x6E, 0x45, 0xE5, 0x84, 0xCB, 0xBF, 0x8E, 0x54, 0x8B, 0xE4, 0x15,
    0xEE, 0x35, 0x81, 0xAD, 0x23, 0xE0, 0xD9, 0x01, 0x90, 0xBD, 0x0F, 0xCC, 0xE4, 0x81, 0xC3, 0x32,
    0x74, 0x14, 0x21, 0x4B, 0x81, 0x66, 0x18, 0x45, 0xA9, 0x35, 0x6B, 0xB5, 0xCD, 0xD7, 0xFC, 0x8E,
    0xB4, 0x00, 0xCA, 0x27, 0x55, 0x49, 0x1C, 0xCC, 0x5C, 0x5D, 0xA6, 0xA3, 0x40, 0xC7, 0x73, 0xE0,
    0x5B, 0x03, 0x58, 0xA2, 0x04, 0x8A, 0x75, 0x31, 0xDC, 0x82, 0x39, 0x93, 0x70, 0x11, 0x68, 0x87,
    0xF1, 0x5E, 0xD0, 0x6B, 0xA6, 0x69, 0xFA, 0x34, 0x47, 0x69, 0x5E, 0xE0, 0xEE, 0xDC, 0x1D, 0x60,
    0xBB, 0xCA, 0xF3, 0x33, 0xEA, 0x5C, 0x92, 0xCF, 0xF3, 0x28, 0x43, 0xB9, 0xBC, 0x75, 0xC7, 0x60,
    0x49, 0x3A, 0x36, 0x27, 0x7A, 0x7F, 0xFC, 0x5E, 0xD9, 0xAE, 0x94, 0x27, 0x30, 0xCE, 0x90, 0x4D,
    0x5F, 0xA6, 0xC6, 0xEB, 0x74, 0xDF, 0xD6, 0x84, 0x9E, 0x27, 0x88, 0x63, 0x4A, 0xB6, 0xCB, 0x35,
    0x9B, 0xF4, 0x9E, 0x39, 0x1C, 0x82, 0x71, 0x19, 0x02, 0x5F, 0x9A, 0xE4, 0x75, 0xE4, 0xC2, 0x13,
    0xE2, 0x00, 0x4D, 0xB0, 0x19, 0xFA, 0x66, 0xE8, 0xDE, 0x30, 0xFE, 0x54, 0x84, 0x29, 0xF4, 0x7E,
    0xE8, 0x49, 0x4F, 0x19, 0xEE, 0x32, 0x46, 0x1D, 0x03, 0x47, 0x36, 0x6B, 0x24, 0x99, 0xE1, 0x66,
    0xA5, 0xF2, 0x82, 0x2F, 0xAC, 0xE9, 0x62, 0x25, 0xC4, 0x64, 0x50, 0x58, 0x42, 0x15, 0xA3, 0x9D,
    0xF1, 0x78, 0xC9, 0xCA, 0x35, 0x1D, 0x78, 0xA1, 0xFA, 0x65, 0x64, 0x3C, 0xA2, 0x14, 0x7A, 0x97,
    0x73, 0x4C, 0x45, 0x1F, 0x0F, 0xC5, 0x72, 0x39, 0x62, 0x8E, 0x08, 0x8C, 0x13, 0xC2, 0x09, 0x7D,
    0x81, 0x63, 0xDB, 0x32, 0xD8, 0x01, 0xF2, 0x7A, 0x94, 0xFE, 0x0C, 0x1B, 0x93, 0x7B, 0xC0, 0x14,
    0xAF, 0x81, 0x44, 0xD3, 0x9E, 0xE5, 0x51, 0x7A, 0x77, 0x7D, 0x11, 0x2A, 0xC2, 0x23, 0xA2, 0x28,
    0xE3, 0x02, 0x69, 0xB9, 0x18, 0xCB, 0x44, 0xD2, 0x30, 0x18, 0xCE, 0x67, 0x80, 0x4F, 0x8C, 0x4C,
    0x13, 0x15, 0xC5, 0x45, 0x22, 0x34, 0x5B, 0x3D, 0xED, 0x2E, 0xD1, 0xD3, 0xBA, 0x67, 0x9F, 0x12,
    0x32, 0x7F, 0x57, 0x32, 0x0C, 0x32, 0x92, 0xAA, 0x2D, 0x58, 0x5A, 0x50, 0x85, 0xA4, 0x32, 0xFC,
    0xF1, 0xC2, 0x09, 0xCE, 0x7D, 0xB3, 0x17, 0x41, 0x09, 0xAD, 0xB7, 0x3C, 0xD2, 0xD8, 0x43, 0x19,
    0xA9, 0xAF, 0xD2, 0x0F, 0x4B, 0x3E, 0x4F, 0x04, 0x7B, 0x1E, 0x06, 0xE4, 0xED, 0x11, 0xB5, 0xD4,
    0x73, 0xE5, 0xAA, 0xB8, 0x61, 0x4E, 0x84, 0xE8, 0x3F, 0x51, 0xD6, 0xAA, 0x23, 0xB3, 0x97, 0x34,
    0xDE, 0x93, 0xFB, 0x0B, 0xFB, 0x17, 0xA1, 0xA3, 0xEE, 0x9E, 0x92, 0xBD, 0x06, 0x15, 0x97, 0x35,
    0xDD, 0x87, 0x40, 0x6B, 0x1B, 0x6A, 0x37, 0xD0, 0xB7, 0x8C, 0x87, 0x78, 0x0C, 0x87, 0xD7, 0xF1,
    0xF9, 0x3C, 0xDE, 0x51, 0x8D, 0x53, 0x7E, 0xFA, 0xB9, 0xF0, 0xB8, 0x59, 0x29, 0x66, 0x7A, 0x8A,
    0xDB, 0x9B, 0xEB, 0x5A, 0x4F, 0xD5, 0xB2, 0xEC, 0xEE, 0xB5, 0xB9, 0x28, 0x04, 0xA7, 0xAF, 0x78,
    0x15, 0x1F, 0x26, 0xF1, 0x27, 0x8B, 0xBA, 0x8B, 0xC8, 0xD9, 0x0D, 0xF1, 0x03, 0x60, 0x27, 0x2E,
    0x76, 0x79, 0x64, 0x2D, 0x3C, 0xB5, 0x90, 0x6A, 0x46, 0x34, 0x71, 0x62, 0xD1, 0x44, 0xFD, 0x16,
    0x4D, 0xDC, 0x1D, 0x29, 0x5D, 0x55, 0x09, 0x93, 0xAA, 0x65, 0x32, 0xDD, 0xA7, 0x4A, 0xA2, 0xC9,
    0x1E, 0xF4, 0x9A, 0x68, 0xC2, 0x42, 0x45, 0x1C, 0xB0, 0xE8, 0x40, 0x26, 0xDC, 0x62, 0x00, 0xC3,
    0x18, 0x8C, 0x3D, 0x49, 0x64, 0xFA, 0x5F, 0x9D, 0x54, 0xBF, 0x6F, 0x1C, 0x45, 0x14, 0xFE, 0x66,
    0x07, 0xBC, 0x86, 0xF5, 0xDD, 0x52, 0x00, 0xB2, 0xE4, 0xB3, 0x4C, 0x91, 0xC2, 0x8A, 0x4C, 0xCE,
    0x12, 0x87, 0x38, 0xA4, 0xB5, 0x6F, 0x1C, 0x17, 0x94, 0x50, 0xF8, 0xFA, 0xFC, 0x01, 0x08, 0x5F,
    0x61, 0x09, 0x17, 0xE7, 0xB0, 0x51, 0x8A, 0xB4, 0xE6, 0x0F, 0x40, 0xB8, 0x48, 0x01, 0xEB, 0xC2,
    0x5B, 0xB8, 0xB4, 0x7D, 0x13, 0x52, 0x20, 0x11, 0xA4, 0xAC, 0x10, 0x88, 0x06, 0xA4, 0x2D, 0x2E,
    0x55, 0x0A, 0x96, 0x60, 0x4B, 0x8E, 0x72, 0xF1, 0xF0, 0xCD, 0xEC, 0xDD, 0xE5, 0x14, 0x19, 0x21,
    0x18, 0xED, 0xEC, 0xBE, 0x7D, 0xF3, 0xE6, 0xFD, 0xFE, 0x9E, 0x77, 0xA1, 0xBC, 0x2F, 0x73, 0xA0,
    0x01, 0xD4, 0x80, 0x0A, 0x50, 0x05, 0x42, 0x71, 0x12, 0xFA, 0xD9, 0x41, 0x88, 0xD6, 0x35, 0xAC,
    0xAE, 0x60, 0x25, 0x42, 0x14, 0xE1, 0x28, 0xC2, 0xE9, 0xBC, 0x28, 0x02, 0x5F, 0xE3, 0x5B, 0xB4,
    0xCC, 0x20, 0x49, 0x0A, 0x48, 0x8D, 0x10, 0x88, 0x00, 0x92, 0x3F, 0x24, 0x07, 0xE4, 0x3A, 0x72,
    0xC4, 0x7D, 0x92, 0xEC, 0x3F, 0x34, 0x06, 0x78, 0x07, 0xC8, 0x10, 0x84, 0xC6, 0x5C, 0xDD, 0x1F,
    0x20, 0x28, 0xF0, 0x81, 0x16, 0x0F, 0x51, 0x8D, 0xD0, 0x78, 0xB2, 0xFF, 0xD8, 0x0A, 0x74, 0x22,
    0x2F, 0x2E, 0x2A, 0x52, 0x77, 0x42, 0x19, 0x47, 0xBD, 0xE4, 0x2F, 0x63, 0xEE, 0x2B, 0xEB, 0xCD,
    0x1B, 0x18, 0xAE, 0x29, 0xB3, 0xBB, 0x87, 0xD5, 0xB5, 0x13, 0x2D, 0x72, 0x04, 0xB1, 0x54, 0xA8,
    0x6A, 0x7A, 0xDA, 0x4C, 0x29, 0x93, 0x36, 0x1A, 0xF0, 0xF4, 0xEC, 0x32, 0x7C, 0xCC, 0x2C, 0x63,
    0xDE, 0xBE, 0x1A, 0xF6, 0x95, 0x63, 0xA6, 0x41, 0x47, 0x6A, 0xB5, 0x80, 0xB1, 0x55, 0x28, 0xD8,
    0xF1, 0x0F, 0x21, 0x32, 0x2F, 0x87, 0xAF, 0xE4, 0x31, 0x76, 0x50, 0xF5, 0x4D, 0x86, 0x69, 0x8C,
    0x97, 0x02, 0xF5, 0xC0, 0x3A, 0x8F, 0x80, 0xF9, 0x08, 0x0B, 0x60, 0xF1, 0x14, 0x58, 0x66, 0x48,
    0x9D, 0x1D, 0x06, 0xB0, 0x0A, 0xA1, 0xEB, 0x90, 0x2A, 0x8C, 0x7D, 0x84, 0x34, 0xEF, 0x67, 0x33,
    0x90, 0xC5, 0x15, 0x78, 0xC5, 0xFB, 0xED, 0xF6, 0x79, 0xCF, 0xD8, 0x8C, 0x24, 0xC9, 0x2D, 0xD3,
    0xDE, 0xCC, 0x02, 0x8D, 0x23, 0x74, 0x11, 0x68, 0xFF, 0x3F, 0x13, 0xC7, 0x24, 0x7A, 0xCF, 0x03,
    0x13, 0xD3, 0x23, 0xCF, 0x98, 0xF3, 0x85, 0xD8, 0x8F, 0x8F, 0xD1, 0x94, 0x85, 0x47, 0xC3, 0xA0,
    0xDB, 0xB4, 0x47, 0xE7, 0x62, 0x08, 0xFA, 0xB6, 0x4A, 0x4A, 0x5B, 0x86, 0xDA, 0x41, 0x2D, 0x8C,
    0xBD, 0xEF, 0x4E, 0x11, 0xB5, 0x8C, 0xD1, 0xDC, 0x83, 0xAB, 0x49, 0xF2, 0x8D, 0x31, 0xE6, 0xAC,
    0xDD, 0x6E, 0x8F, 0x22, 0x7C, 0x8D, 0x3B, 0x77, 0x05, 0xE6, 0x27, 0x39, 0x48, 0xBE, 0x36, 0xE6,
    0x62, 0xF8, 0x37, 0xFA, 0xD8, 0xC5, 0xCC, 0x2E, 0xB9, 0x7E, 0x28, 0x18, 0x31, 0x64, 0xCC, 0xCC,
    0xDA, 0xE3, 0x92, 0x97, 0x32, 0x87, 0x2F, 0x78, 0xB5, 0x21, 0xCF, 0xAE, 0xCF, 0x9F, 0xA9, 0x52,
    0xC7, 0x9B, 0x4C, 0x22, 0xA9, 0x65, 0x96, 0x8D, 0x9F, 0xDD, 0x3A, 0x66, 0xB0, 0x05, 0x2D, 0xF5,
    0x2C, 0xE6, 0x3D, 0x85, 0x82, 0x95, 0xBA, 0xCE, 0xEE, 0xF8, 0x04, 0xE2, 0x37, 0xE7, 0x3E, 0xB6,
    0x29, 0xAF, 0x46, 0x3E, 0xD6, 0xF3, 0xE0, 0x3C, 0xED, 0xAE, 0x54, 0xB3, 0x20, 0xF3, 0xED, 0x4E,
    0xA3, 0x66, 0xD5, 0xF2, 0xC6, 0x65, 0x5A, 0x9C, 0xEC, 0x53, 0xDE, 0x64, 0xBB, 0xDD, 0xA1, 0x9F,
    0x19, 0xB2, 0x59, 0xE4, 0xD2, 0x5A, 0x6A, 0xD9, 0x96, 0x63, 0x61, 0x2B, 0x7E, 0xB6, 0xF3, 0xEF,
    0x8F, 0x53, 0x2A, 0xD7, 0xF4, 0x65, 0xCF, 0x8F, 0x72, 0x6D, 0x20, 0xAF, 0x17, 0x72, 0x5D, 0xCB,
    0x8F, 0xB5, 0x3C, 0xD1, 0xF2, 0x4F, 0x2D, 0xEF, 0xE9, 0xF0, 0x96, 0x6E, 0xAD, 0xE9, 0xF7, 0x2E,
    0xBF, 0xA2, 0x87, 0x3E, 0xB2, 0x50, 0x7F, 0x40, 0xFC, 0x0A, 0x79, 0x3F, 0x26, 0x33, 0x40, 0x5E,
    0x45, 0xBA, 0x84, 0x46, 0x13, 0x4B, 0x1D, 0xCC, 0xDF, 0xC0, 0x34, 0x89, 0x25, 0x34, 0x2B, 0x48,
    0x43, 0xE4, 0x3E, 0x2F, 0xDE, 0xD6, 0xE2, 0x7B, 0x85, 0xC7, 0x60, 0x03, 0x58, 0xE4, 0x88, 0x43,
    0x2C, 0x14, 0xF8, 0x49, 0xF9, 0x2E, 0xDA, 0xD4, 0x76, 0xE6, 0x18, 0x68, 0x2F, 0x93, 0x4D, 0x9B,
    0x75, 0x69, 0x01, 0x33, 0xDB, 0x81, 0x51, 0x62, 0x0F, 0x2E, 0xA7, 0xEC, 0xDB, 0x23, 0x4C, 0xAE,
    0x6D, 0x6C, 0x0F, 0x30, 0x38, 0x72, 0xDC, 0x49, 0x7A, 0x52, 0x62, 0x7C, 0x6B, 0xEA, 0x2E, 0x5E,
    0xA9, 0x9B, 0x7E, 0x77, 0x59, 0xF4, 0xF2, 0x31, 0x0A, 0xEF, 0x62, 0xBA, 0xDE, 0x7B, 0x34, 0xE6,
    0x79, 0x4E, 0xE6, 0xE7, 0x6E, 0x43, 0x18, 0xF6, 0xE4, 0xAB, 0x4C, 0x63, 0x5E, 0xD6, 0xDD, 0x02,
    0x1E, 0xEC, 0x56, 0x31, 0x2E, 0x2B, 0x6C, 0x4B, 0xBE, 0xD5, 0x6E, 0x6F, 0x5C, 0xF2, 0x3F, 0x04,
    0x5E, 0xA0, 0x4A, 0xDE, 0xD9, 0x86, 0xFB, 0x0D, 0x4B, 0x99, 0xB7, 0xCF, 0xDA, 0x1B, 0x16, 0x92,
    0xFE, 0x84, 0x9B, 0x93, 0xBA, 0xFE, 0x81, 0xB6, 0x93, 0x83, 0x6D, 0x29, 0xB3, 0x92, 0x77, 0x93,
    0xBC, 0xC3, 0xF2, 0x7C, 0xF3, 0x97, 0x0D, 0xBC, 0x5B, 0xCA, 0xCE, 0x51, 0x77, 0xA0, 0x5C, 0x33,
    0x4D, 0xAE, 0x4F, 0x81, 0xB9, 0x53, 0xF8, 0x4F, 0xE1, 0x5D, 0x10, 0x62, 0xAA, 0xDC, 0x53, 0x4F,
    0x79, 0x32, 0x67, 0xDB, 0x70, 0xB3, 0x8F, 0x89, 0xCC, 0x5A, 0x3D, 0xF6, 0xFB, 0x21, 0xF7, 0x82,
    0x3D, 0xD9, 0xCC, 0x18, 0x77, 0xCF, 0x06, 0x7F, 0x54, 0xEE, 0xCD, 0x5D, 0xD4, 0xFB, 0xEE, 0xEA,
    0xEA, 0x4B, 0x31, 0x8C, 0xE1, 0x66, 0x6B, 0x8C, 0x66, 0x97, 0xDC, 0x3E, 0xBC, 0xE7, 0xBC, 0xC2,
    0x29, 0xF7, 0x48, 0x63, 0x85, 0x79, 0x68, 0xAD, 0x2B, 0xCE, 0x01, 0xAB, 0xDC, 0x82, 0xB4, 0xC7,
    0x2A, 0x4F, 0x9D, 0xB3, 0xE2, 0x35, 0x8B, 0x3B, 0x97, 0x66, 0xB7, 0x5E, 0x77, 0x7A, 0x56, 0xC8,
    0x9E, 0xEB, 0xB3, 0x1D, 0xBE, 0x38, 0x64, 0x4A, 0xAD, 0xC3, 0xCF, 0x72, 0x42, 0xA3, 0x0B, 0xEF,
    0xDE, 0x00, 0xF2, 0x20, 0x46, 0xD8, 0x87, 0xA0, 0xAE, 0xFA, 0x57, 0x84, 0xAD, 0x33, 0xC9, 0x7D,
    0xA5, 0xD4, 0xB0, 0x60, 0x4C, 0xA8, 0xDC, 0xF0, 0xEB, 0xB0, 0x14, 0x25, 0x90, 0x2B, 0xE5, 0xC7,
    0xFE, 0x6D, 0x0D, 0x6B, 0xB4, 0xCB, 0x24, 0x58, 0x78, 0x81, 0xC3, 0x9C, 0x59, 0x59, 0x80, 0xEB,
    0x44, 0x4E, 0x77, 0x37, 0x40, 0xD2, 0xB2, 0x4E, 0xA9, 0xFB, 0xE3, 0x9C, 0xB0, 0x06, 0x3E, 0x0B,
    0xCD, 0x85, 0x1A, 0x43, 0xD7, 0x57, 0xCE, 0x50, 0x4D, 0x6A, 0x19, 0x77, 0x90, 0x06, 0xB4, 0x91,
    0x7B, 0x1C, 0xA6, 0x0D, 0x0B, 0x90, 0x80, 0xE3, 0x66, 0xAB, 0x09, 0xEF, 0x41, 0x39, 0x81, 0x99,
    0x22, 0x3B, 0x17, 0x6E, 0x8C, 0x82, 0xA4, 0xBE, 0x1A, 0xCD, 0xD2, 0x8D, 0x1E, 0x7D, 0x8B, 0xE8,
    0x50, 0x86, 0x46, 0x95, 0xA6, 0x52, 0xA1, 0x7D, 0x9A, 0x4A, 0x7D, 0xD2, 0x99, 0xC8, 0x88, 0x2B,
    0x5F, 0x39, 0xB3, 0x8C, 0x51, 0xC4, 0xFF, 0x2F, 0x3E, 0xBB, 0x38, 0x3E, 0x8B, 0x71, 0xA8, 0xD7,
    0xCA, 0x7C, 0xD1, 0xC5, 0x51, 0xA8, 0xC1, 0x8B, 0x50, 0xCB, 0x29, 0x36, 0x11, 0xAA, 0xBB, 0xBB,
    0x87, 0xC5, 0x0E, 0x9A, 0x4D, 0x0B, 0xFC, 0xBC, 0x2A, 0x74, 0xC0, 0xA0, 0x3F, 0x52, 0xF2, 0x01,
    0xC4, 0xEF, 0x0E, 0x67, 0x5B, 0xA5, 0xDC, 0x80, 0x1D, 0xCB, 0x67, 0xD8, 0x0F, 0x5B, 0xF6, 0x88,
    0x02, 0x4C, 0x02, 0x85, 0x03, 0x19, 0xF3, 0x22, 0xAF, 0x53, 0x09, 0x55, 0x51, 0xE1, 0x58, 0x72,
    0xCF, 0xA2, 0x9D, 0xCA, 0x3B, 0x3C, 0xAD, 0x88, 0x8C, 0xCA, 0xFD, 0xF5, 0x09, 0xE5, 0xDB, 0xF8,
    0x1B, 0x95, 0x50, 0x31, 0x4E, 0x03, 0x41, 0x0C, 0x1C, 0xCE, 0x91, 0x0E, 0x69, 0xA5, 0xEC, 0x0B,
    0x20, 0x1F, 0x20, 0xDA, 0x86, 0x82, 0x22, 0x0A, 0x0F, 0x88, 0xC4, 0x57, 0xAE, 0xA2, 0x0B, 0xC2,
    0x12, 0x05, 0x45, 0x9E, 0x90, 0x82, 0x27, 0xD0, 0x52, 0x5C, 0xB1, 0xFC, 0x20, 0x7D, 0x8A, 0x84,
    0x1F, 0x38, 0x52, 0x8A, 0x2D, 0x50, 0x06, 0xEF, 0xF5, 0xA0, 0x50, 0x79, 0x66, 0x2C, 0x7B, 0xC6,
    0x46, 0xD2, 0x94, 0xE3, 0xF2, 0xFA, 0xA9, 0xD9, 0xBC, 0x64, 0x9D, 0xE1, 0x03, 0x6D, 0x8E, 0x8A,
    0x25, 0x0A, 0xEE, 0x49, 0xA2, 0x77, 0x10, 0xAA, 0x72, 0x06, 0x10, 0xBE, 0x32, 0xA3, 0x5B, 0xE1,
    0xAA, 0x3F, 0xCA, 0xE7, 0xC2, 0x77, 0xC1, 0xBB, 0xDE, 0xC4, 0x33, 0xA9, 0x05, 0x25, 0x6A, 0xFC,
    0xAB, 0xAC, 0xB8, 0x38, 0x21, 0x6D, 0xB3, 0xEC, 0x88, 0xE9, 0xA8, 0x87, 0x35, 0xD6, 0xE6, 0x90,
    0x27, 0x48, 0x42, 0xEB, 0x1B, 0xA7, 0xC1, 0x69, 0x42, 0x72, 0xC7, 0xDF, 0x28, 0x8D, 0x86, 0x4E,
    0xDF, 0x1F, 0x70, 0x73, 0x7B, 0xF7, 0x68, 0xA2, 0x01, 0x63, 0x0F, 0x62, 0x35, 0xCA, 0x04, 0x1E,
    0xE6, 0xC2, 0x86, 0x38, 0x7E, 0x5A, 0xA9, 0x33, 0x51, 0xEB, 0x82, 0x7F, 0xC0, 0xC0, 0xC8, 0xF8,
    0x8D, 0xA4, 0xDD, 0x5A, 0x65, 0xD7, 0xBE, 0x9D, 0x30, 0xBD, 0x9C, 0x8D, 0x8A, 0x87, 0xDD, 0xCB,
    0xBE, 0xFE, 0xAE, 0xFA, 0xCC, 0x31, 0x17, 0xB7, 0x30, 0x1F, 0x13, 0x97, 0xC3, 0x20, 0xA7, 0x2A,
    0x0F, 0xCF, 0x3A, 0x47, 0xE6, 0x17, 0x0F, 0xDC, 0xFC, 0x00, 0x2D, 0x8E, 0xB1, 0x11, 0xC2, 0x30,
    0x10, 0x04, 0xDF, 0xA3, 0xC0, 0xA1, 0x4B, 0x50, 0x09, 0xA4, 0x44, 0x56, 0xE8, 0x72, 0x9C, 0x12,
    0x61, 0x75, 0x40, 0x01, 0xF4, 0x62, 0x02, 0x1A, 0x91, 0x5D, 0x81, 0x02, 0x02, 0x0D, 0x33, 0xFE,
    0xE5, 0x1F, 0xF8, 0x60, 0x83, 0xDB, 0x99, 0xBB, 0x17, 0xF9, 0x5D, 0x9F, 0x9D, 0xB1, 0x38, 0x97,
    0x66, 0xE8, 0xDE, 0xAB, 0xC7, 0xF7, 0xC9, 0x44, 0x4C, 0x9B, 0x89, 0xEB, 0xA9, 0x36, 0xE9, 0x34,
    0x56, 0x95, 0x9E, 0xB9, 0x92, 0x23, 0xEC, 0x94, 0x05, 0x9E, 0xB4, 0x04, 0x37, 0xDA, 0x00, 0x89,
    0x12, 0xD0, 0x07, 0x59, 0x38, 0x50, 0x91, 0x74, 0x60, 0x75, 0x26, 0xAC, 0x21, 0x28, 0x3E, 0xF3,
    0x1A, 0x7D, 0xE5, 0x7C, 0x71, 0x0E, 0xDF, 0xC5, 0x90, 0xFF, 0x6F, 0xC8, 0x07,
};

static const EpdGlyph chareink_11_5_regularGlyphs[] = {
    { 0, 0, 94, 0, 0, 0, 0 }, // U+0020
    { 3, 16, 129, 3, 16, 12, 0 }, // !
    { 6, 7, 128, 1, 18, 11, 12 }, // "
    { 15, 19, 285, 1, 18, 72, 23 }, // #
    { 12, 21, 216, 1, 18, 63, 95 }, // $
    { 19, 16, 330, 1, 16, 76, 158 }, // %
    { 15, 16, 268, 1, 16, 60, 234 }, // &
    { 3, 7, 65, 1, 18, 6, 294 }, // '
    { 7, 22, 144, 1, 18, 39, 300 }, // (
    { 8, 22, 144, 0, 18, 44, 339 }, // )
    { 10, 11, 192, 1, 18, 28, 383 }, // *
    { 14, 15, 383, 5, 15, 53, 411 }, // +
    { 5, 8, 107, 0, 3, 10, 464 }, // ,
    { 6, 2, 123, 1, 7, 3, 474 }, // -
    { 3, 3, 107, 1, 3, 3, 477 }, // .
    { 12, 19, 188, 0, 16, 57, 480 }, // /
    { 12, 16, 216, 1, 16, 48, 537 }, // 0
    { 9, 16, 216, 1, 16, 36, 585 }, // 1
    { 11, 16, 216, 1, 16, 44, 621 }, // 2
    { 12, 16, 216, 1, 16, 48, 665 }, // 3
    { 12, 16, 216, 1, 16, 48, 713 }, // 4
    { 12, 16, 216, 1, 16, 48, 761 }, // 5
    { 12, 16, 216, 1, 16, 48, 809 }, // 6
    { 11, 16, 216, 1, 16, 44, 857 }, // 7
    { 12, 16, 216, 1, 16, 48, 901 }, // 8
    { 12, 16, 216, 1, 16, 48, 949 }, // 9
    { 3, 12, 107, 1, 12, 9, 997 }, // :
    { 5, 17, 107, 0, 12, 22, 1006 }, // ;
    { 15, 14, 383, 5, 14, 53, 1028 }, // <
    { 14, 7, 383, 5, 11, 25, 1081 }, // =
    { 15, 14, 383, 5, 14, 53, 1106 }, // >
    { 9, 16, 186, 1, 16, 36, 1159 }, // ?
    { 19, 21, 359, 2, 16, 100, 1195 }, // @
    { 16, 16, 258, 1, 16, 64, 1295 }, // A
    { 13, 16, 232, 1, 16, 52, 1359 }, // B
    { 13, 16, 240, 1, 16, 52, 1411 }, // C
    { 15, 16, 267, 1, 16, 60, 1463 }, // D
    { 13, 16, 223, 1, 16, 52, 1523 }, // E
    { 13, 16, 207, 0, 16, 52, 1575 }, // F
    { 15, 16, 266, 1, 16, 60, 1627 }, // G
    { 16, 16, 285, 1, 16, 64, 1687 }, // H
    { 6, 16, 127, 1, 16, 24, 1751 }, // I
    { 10, 16, 186, 1, 16, 40, 1775 }, // J
    { 14, 16, 245, 1, 16, 56, 1815 }, // K
    { 12, 16, 203, 1, 16, 48, 1871 }, // L
    { 20, 16, 336, 1, 16, 80, 1919 }, // M
    { 16, 16, 276, 1, 16, 64, 1999 }, // N
    { 16, 16, 280, 1, 16, 64, 2063 }, // O
    { 12, 16, 222, 1, 16, 48, 2127 }, // P
    { 16, 22, 283, 1, 16, 88, 2175 }, // Q
    { 15, 16, 249, 1, 16, 60, 2263 }, // R
    { 11, 16, 200, 1, 16, 44, 2323 }, // S
    { 14, 16, 230, 0, 16, 56, 2367 }, // T
    { 16, 16, 273, 1, 16, 64, 2423 }, // U
    { 16, 16, 255, 1, 16, 64, 2487 }, // V
    { 22, 16, 357, 1, 16, 88, 2551 }, // W
    { 15, 16, 243, 1, 16, 60, 2639 }, // X
    { 15, 16, 240, 1, 16, 60, 2699 }, // Y
    { 12, 16, 220, 1, 16, 48, 2759 }, // Z
    { 7, 21, 162, 3, 18, 37, 2807 }, // [
    { 12, 19, 187, 0, 16, 57, 2844 }, // <backslash>
    { 7, 21, 162, 1, 18, 37, 2901 }, // ]
    { 8, 4, 125, 0, 17, 8, 2938 }, // ^
    { 8, 2, 128, 0, -2, 4, 2946 }, // _
    { 6, 5, 134, 0, 18, 8, 2950 }, // `
    { 12, 12, 195, 1, 12, 36, 2958 }, // a
    { 13, 18, 213, 0, 18, 59, 2994 }, // b
    { 10, 12, 179, 1, 12, 30, 3053 }, // c
    { 13, 18, 216, 1, 18, 59, 3083 }, // d
    { 10, 12, 188, 1, 12, 30, 3142 }, // e
    { 10, 18, 125, 0, 18, 45, 3172 }, // f
    { 12, 17, 201, 1, 12, 51, 3217 }, // g
    { 14, 18, 220, 0, 18, 63, 3268 }, // h
    { 6, 18, 116, 0, 18, 27, 3331 }, // i
    { 7, 23, 112, -2, 18, 41, 3358 }, // j
    { 12, 18, 205, 0, 18, 54, 3399 }, // k
    { 7, 18, 114, 0, 18, 32, 3453 }, // l
    { 21, 12, 326, 0, 12, 63, 3485 }, // m
    { 13, 12, 217, 1, 12, 39, 3548 }, // n
    { 12, 12, 208, 1, 12, 36, 3587 }, // o
    { 12, 17, 214, 1, 12, 51, 3623 }, // p
    { 13, 17, 210, 1, 12, 56, 3674 }, // q
    { 9, 12, 150, 0, 12, 27, 3730 }, // r
    { 8, 12, 153, 1, 12, 24, 3757 }, // s
    { 8, 15, 130, 1, 15, 30, 3781 }, // t
    { 14, 12, 218, 0, 12, 42, 3811 }, // u
    { 12, 12, 203, 1, 12, 36, 3853 }, // v
    { 19, 12, 300, 1, 12, 57, 3889 }, // w
    { 12, 12, 195, 1, 12, 36, 3946 }, // x
    { 12, 17, 203, 1, 12, 51, 3982 }, // y
    { 9, 12, 177, 1, 12, 27, 4033 }, // z
    { 9, 20, 187, 1, 16, 45, 4060 }, // {
    { 2, 26, 135, 3, 20, 13, 4105 }, // |
    { 9, 20, 187, 2, 16, 45, 4118 }, // }
    { 16, 5, 319, 2, 10, 20, 4163 }, // ~
    { 0, 0, 93, 0, 0, 0, 0 }, // U+00A0
    { 4, 17, 129, 2, 12, 17, 0 }, // U+00A1
    { 10, 18, 216, 2, 15, 45, 17 }, // U+00A2
    { 12, 18, 216, 1, 18, 54, 62 }, // U+00A3
    { 14, 14, 234, 1, 18, 49, 116 }, // U+00A4
    { 14, 16, 228, 1, 16, 56, 165 }, // U+00A5
    { 2, 23, 132, 3, 18, 12, 221 }, // U+00A6
    { 9, 22, 192, 1, 18, 50, 233 }, // U+00A7
    { 8, 3, 121, 0, 17, 6, 283 }, // U+00A8
    { 18, 20, 321, 1, 18, 90, 289 }, // U+00A9
    { 8, 9, 131, 1, 16, 18, 379 }, // U+00AA
    { 10, 12, 169, 1, 12, 30, 397 }, // U+00AB
    { 13, 6, 238, 1, 10, 20, 427 }, // U+00AC
    { 6, 2, 123, 1, 7, 3, 447 }, // U+00AD
    { 18, 20, 321, 1, 18, 90, 450 }, // U+00AE
    { 8, 2, 128, 0, 16, 4, 540 }, // U+00AF
    { 5, 6, 123, 1, 17, 8, 544 }, // U+00B0
    { 14, 14, 383, 5, 14, 49, 552 }, // U+00B1
    { 7, 10, 140, 1, 19, 18, 601 }, // U+00B2
    { 8, 10, 140, 0, 19, 20, 619 }, // U+00B3
    { 6, 5, 134, 2, 18, 8, 639 }, // U+00B4
    { 12, 17, 210, 1, 12, 51, 647 }, // U+00B5
    { 11, 19, 186, 1, 16, 53, 698 }, // U+00B6
    { 3, 3, 72, 1, 10, 3, 751 }, // U+00B7
    { 5, 6, 88, 0, 1, 8, 754 }, // U+00B8
    { 7, 10, 140, 1, 19, 18, 762 }, // U+00B9
    { 8, 9, 137, 1, 16, 18, 780 }, // U+00BA
    { 11, 12, 169, -1, 12, 33, 798 }, // U+00BB
    { 19, 18, 335, 1, 17, 86, 831 }, // U+00BC
    { 19, 18, 335, 1, 17, 86, 917 }, // U+00BD
    { 20, 18, 335, 0, 17, 90, 1003 }, // U+00BE
    { 9, 17, 186, 2, 12, 39, 1093 }, // U+00BF
    { 16, 23, 258, 1, 23, 92, 1132 }, // U+00C0
    { 16, 23, 258, 1, 23, 92, 1224 }, // U+00C1
    { 16, 22, 258, 1, 22, 88, 1316 }, // U+00C2
    { 16, 21, 258, 1, 21, 84, 1404 }, // U+00C3
    { 16, 22, 258, 1, 22, 88, 1488 }, // U+00C4
    { 16, 24, 258, 1, 24, 96, 1576 }, // U+00C5
    { 22, 16, 358, 1, 16, 88, 1672 }, // U+00C6
    { 13, 21, 240, 1, 16, 69, 1760 }, // U+00C7
    { 13, 23, 223, 1, 23, 75, 1829 }, // U+00C8
    { 13, 23, 223, 1, 23, 75, 1904 }, // U+00C9
    { 13, 22, 223, 1, 22, 72, 1979 }, // U+00CA
    { 13, 22, 223, 1, 22, 72, 2051 }, // U+00CB
    { 7, 23, 127, 0, 23, 41, 2123 }, // U+00CC
    { 7, 23, 127, 1, 23, 41, 2164 }, // U+00CD
    { 8, 22, 127, 0, 22, 44, 2205 }, // U+00CE
    { 8, 22, 127, 1, 22, 44, 2249 }, // U+00CF
    { 16, 16, 267, 0, 16, 64, 2293 }, // U+00D0
    { 16, 21, 276, 1, 21, 84, 2357 }, // U+00D1
    { 16, 23, 280, 1, 23, 92, 2441 }, // U+00D2
    { 16, 23, 280, 1, 23, 92, 2533 }, // U+00D3
    { 16, 23, 280, 1, 23, 92, 2625 }, // U+00D4
    { 16, 22, 280, 1, 22, 88, 2717 }, // U+00D5
    { 16, 22, 280, 1, 22, 88, 2805 }, // U+00D6
    { 14, 14, 383, 5, 14, 49, 2893 }, // U+00D7
    { 16, 20, 280, 1, 18, 80, 2942 }, // U+00D8
    { 16, 23, 273, 1, 23, 92, 3022 }, // U+00D9
    { 16, 23, 273, 1, 23, 92, 3114 }, // U+00DA
    { 16, 23, 273, 1, 23, 92, 3206 }, // U+00DB
    { 16, 22, 273, 1, 22, 88, 3298 }, // U+00DC
    { 15, 23, 240, 1, 23, 87, 3386 }, // U+00DD
    { 12, 16, 222, 1, 16, 48, 3473 }, // U+00DE
    { 15, 18, 241, 0, 18, 68, 3521 }, // U+00DF
    { 12, 18, 195, 1, 18, 54, 3589 }, // U+00E0
    { 12, 18, 195, 1, 18, 54, 3643 }, // U+00E1
    { 12, 18, 195, 1, 18, 54, 3697 }, // U+00E2
    { 12, 16, 195, 1, 16, 48, 3751 }, // U+00E3
    { 12, 16, 195, 1, 16, 48, 3799 }, // U+00E4
    { 12, 19, 195, 1, 19, 57, 3847 }, // U+00E5
    { 16, 12, 276, 1, 12, 48, 3904 }, // U+00E6
    { 10, 17, 179, 1, 12, 43, 3952 }, // U+00E7
    { 10, 18, 188, 1, 18, 45, 3995 }, // U+00E8
    { 10, 18, 188, 1, 18, 45, 4040 }, // U+00E9
    { 10, 18, 188, 1, 18, 45, 4085 }, // U+00EA
    { 10, 16, 188, 1, 16, 40, 4130 }, // U+00EB
    { 8, 18, 116, 0, 18, 36, 4170 }, // U+00EC
    { 7, 18, 116, 0, 18, 32, 4206 }, // U+00ED
    { 9, 18, 116, -1, 18, 41, 4238 }, // U+00EE
    { 8, 16, 116, 0, 16, 32, 4279 }, // U+00EF
    { 12, 18, 207, 1, 18, 54, 4311 }, // U+00F0
    { 13, 16, 217, 1, 16, 52, 4365 }, // U+00F1
    { 12, 18, 208, 1, 18, 54, 4417 }, // U+00F2
    { 12, 18, 208, 1, 18, 54, 4471 }, // U+00F3
    { 12, 18, 208, 1, 18, 54, 4525 }, // U+00F4
    { 12, 16, 208, 1, 16, 48, 4579 }, // U+00F5
    { 12, 16, 208, 1, 16, 48, 4627 }, // U+00F6
    { 14, 11, 383, 5, 13, 39, 4675 }, // U+00F7
    { 12, 16, 208, 1, 14, 48, 4714 }, // U+00F8
    { 14, 18, 218, 0, 18, 63, 4762 }, // U+00F9
    { 14, 18, 218, 0, 18, 63, 4825 }, // U+00FA
    { 14, 18, 218, 0, 18, 63, 4888 }, // U+00FB
    { 14, 16, 218, 0, 16, 56, 4951 }, // U+00FC
    { 12, 23, 203, 1, 18, 69, 5007 }, // U+00FD
    { 12, 23, 214, 1, 18, 69, 5076 }, // U+00FE
    { 13, 21, 203, 0, 16, 69, 5145 }, // U+00FF
    { 16, 20, 258, 1, 20, 80, 0 }, // U+0100
    { 11, 16, 195, 1, 16, 44, 80 }, // U+0101
    { 16, 22, 258, 1, 22, 88, 124 }, // U+0102
    { 12, 17, 195, 1, 17, 51, 212 }, // U+0103
    { 16, 21, 258, 1, 16, 84, 263 }, // U+0104
    { 12, 17, 195, 1, 12, 51, 347 }, // U+0105
    { 13, 23, 240, 1, 23, 75, 398 }, // U+0106
    { 10, 18, 179, 1, 18, 45, 473 }, // U+0107
    { 13, 23, 240, 1, 23, 75, 518 }, // U+0108
    { 10, 18, 179, 1, 18, 45, 593 }, // U+0109
    { 13, 22, 240, 1, 22, 72, 638 }, // U+010A
    { 10, 16, 179, 1, 16, 40, 710 }, // U+010B
    { 13, 23, 240, 1, 23, 75, 750 }, // U+010C
    { 10, 18, 179, 1, 18, 45, 825 }, // U+010D
    { 15, 22, 267, 1, 22, 83, 870 }, // U+010E
    { 14, 18, 236, 1, 18, 63, 953 }, // U+010F
    { 16, 16, 267, 0, 16, 64, 1016 }, // U+0110
    { 13, 18, 216, 1, 18, 59, 1080 }, // U+0111
    { 13, 20, 223, 1, 20, 65, 1139 }, // U+0112
    { 10, 16, 188, 1, 16, 40, 1204 }, // U+0113
    { 13, 22, 223, 1, 22, 72, 1244 }, // U+0114
    { 10, 18, 188, 1, 18, 45, 1316 }, // U+0115
    { 13, 22, 223, 1, 22, 72, 1361 }, // U+0116
    { 10, 16, 188, 1, 16, 40, 1433 }, // U+0117
    { 13, 21, 223, 1, 16, 69, 1473 }, // U+0118
    { 10, 17, 188, 1, 12, 43, 1542 }, // U+0119
    { 13, 22, 223, 1, 22, 72, 1585 }, // U+011A
    { 10, 18, 188, 1, 18, 45, 1657 }, // U+011B
    { 15, 23, 266, 1, 23, 87, 1702 }, // U+011C
    { 12, 23, 201, 1, 18, 69, 1789 }, // U+011D
    { 15, 22, 266, 1, 22, 83, 1858 }, // U+011E
    { 12, 23, 201, 1, 18, 69, 1941 }, // U+011F
    { 15, 22, 266, 1, 22, 83, 2010 }, // U+0120
    { 12, 21, 201, 1, 16, 63, 2093 }, // U+0121
    { 15, 23, 266, 1, 16, 87, 2156 }, // U+0122
    { 12, 24, 201, 1, 19, 72, 2243 }, // U+0123
    { 16, 22, 285, 1, 22, 88, 2315 }, // U+0124
    { 15, 23, 220, -1, 23, 87, 2403 }, // U+0125
    { 16, 16, 285, 1, 16, 64, 2490 }, // U+0126
    { 14, 18, 220, 1, 18, 63, 2554 }, // U+0127
    { 8, 21, 127, 0, 21, 42, 2617 }, // U+0128
    { 10, 16, 116, -2, 16, 40, 2659 }, // U+0129
    { 6, 20, 127, 1, 20, 30, 2699 }, // U+012A
    { 6, 16, 116, 1, 16, 24, 2729 }, // U+012B
    { 7, 22, 127, 1, 22, 39, 2753 }, // U+012C
    { 7, 17, 116, 1, 17, 30, 2792 }, // U+012D
    { 6, 21, 127, 1, 16, 32, 2822 }, // U+012E
    { 6, 23, 116, 1, 18, 35, 2854 }, // U+012F
    { 6, 22, 127, 1, 22, 33, 2889 }, // U+0130
    { 7, 12, 116, 0, 12, 21, 2922 }, // U+0131
    { 18, 16, 312, 1, 16, 72, 2943 }, // U+0132
    { 12, 23, 228, 0, 18, 69, 3015 }, // U+0133
    { 11, 23, 186, 1, 23, 64, 3084 }, // U+0134
    { 11, 23, 112, -2, 18, 64, 3148 }, // U+0135
    { 14, 23, 245, 1, 16, 81, 3212 }, // U+0136
    { 12, 25, 205, 0, 18, 75, 3293 }, // U+0137
    { 13, 12, 203, 0, 12, 39, 3368 }, // U+0138
    { 12, 23, 203, 1, 23, 69, 3407 }, // U+0139
    { 7, 24, 114, 0, 24, 42, 3476 }, // U+013A
    { 12, 23, 203, 1, 16, 69, 3518 }, // U+013B
    { 6, 25, 114, 0, 18, 38, 3587 }, // U+013C
    { 12, 18, 203, 1, 18, 54, 3625 }, // U+013D
    { 8, 18, 129, 0, 18, 36, 3679 }, // U+013E
    { 15, 16, 256, 1, 16, 60, 3715 }, // U+013F
    { 10, 18, 167, 0, 18, 45, 3775 }, // U+0140
    { 13, 16, 203, 0, 16, 52, 3820 }, // U+0141
    { 9, 18, 114, -1, 18, 41, 3872 }, // U+0142
    { 16, 23, 276, 1, 23, 92, 3913 }, // U+0143
    { 13, 18, 217, 1, 18, 59, 4005 }, // U+0144
    { 16, 23, 276, 1, 16, 92, 4064 }, // U+0145
    { 13, 19, 217, 1, 12, 62, 4156 }, // U+0146
    { 16, 22, 276, 1, 22, 88, 4218 }, // U+0147
    { 13, 18, 217, 1, 18, 59, 4306 }, // U+0148
    { 16, 21, 279, 0, 16, 84, 4365 }, // U+014A
    { 12, 17, 217, 1, 12, 51, 4449 }, // U+014B
    { 16, 21, 280, 1, 21, 84, 4500 }, // U+014C
    { 12, 16, 208, 1, 16, 48, 4584 }, // U+014D
    { 16, 22, 280, 1, 22, 88, 4632 }, // U+014E
    { 12, 18, 208, 1, 18, 54, 4720 }, // U+014F
    { 16, 23, 280, 1, 23, 92, 4774 }, // U+0150
    { 12, 18, 208, 1, 18, 54, 4866 }, // U+0151
    { 22, 16, 383, 1, 16, 88, 4920 }, // U+0152
    { 18, 12, 314, 1, 12, 54, 5008 }, // U+0153
    { 15, 23, 249, 1, 23, 87, 5062 }, // U+0154
    { 9, 18, 150, 0, 18, 41, 5149 }, // U+0155
    { 15, 23, 249, 1, 16, 87, 5190 }, // U+0156
    { 9, 19, 150, 0, 12, 43, 5277 }, // U+0157
    { 15, 23, 249, 1, 23, 87, 5320 }, // U+0158
    { 9, 18, 150, 0, 18, 41, 5407 }, // U+0159
    { 11, 23, 200, 1, 23, 64, 5448 }, // U+015A
    { 8, 18, 153, 1, 18, 36, 5512 }, // U+015B
    { 11, 23, 200, 1, 23, 64, 5548 }, // U+015C
    { 9, 18, 153, 1, 18, 41, 5612 }, // U+015D
    { 11, 21, 200, 1, 16, 58, 5653 }, // U+015E
    { 8, 17, 153, 1, 12, 34, 5711 }, // U+015F
    { 11, 23, 200, 1, 23, 64, 5745 }, // U+0160
    { 9, 18, 153, 1, 18, 41, 5809 }, // U+0161
    { 14, 21, 230, 0, 16, 74, 5850 }, // U+0162
    { 8, 20, 130, 1, 15, 40, 5924 }, // U+0163
    { 14, 22, 230, 0, 22, 77, 5964 }, // U+0164
    { 8, 18, 130, 1, 18, 36, 6041 }, // U+0165
    { 14, 16, 230, 1, 16, 56, 6077 }, // U+0166
    { 8, 15, 130, 1, 15, 30, 6133 }, // U+0167
    { 16, 22, 273, 1, 22, 88, 6163 }, // U+0168
    { 14, 16, 218, 0, 16, 56, 6251 }, // U+0169
    { 16, 21, 273, 1, 21, 84, 6307 }, // U+016A
    { 14, 16, 218, 0, 16, 56, 6391 }, // U+016B
    { 16, 22, 273, 1, 22, 88, 6447 }, // U+016C
    { 14, 18, 218, 0, 18, 63, 6535 }, // U+016D
    { 16, 24, 273, 1, 24, 96, 6598 }, // U+016E
    { 14, 19, 218, 0, 19, 67, 6694 }, // U+016F
    { 16, 23, 273, 1, 23, 92, 6761 }, // U+0170
    { 13, 18, 218, 0, 18, 59, 6853 }, // U+0171
    { 16, 21, 273, 1, 16, 84, 6912 }, // U+0172
    { 14, 17, 218, 0, 12, 60, 6996 }, // U+0173
    { 22, 23, 357, 1, 23, 127, 7056 }, // U+0174
    { 19, 18, 300, 1, 18, 86, 7183 }, // U+0175
    { 15, 22, 240, 1, 22, 83, 7269 }, // U+0176
    { 12, 23, 203, 1, 18, 69, 7352 }, // U+0177
    { 15, 22, 240, 1, 22, 83, 7421 }, // U+0178
    { 12, 23, 220, 1, 23, 69, 7504 }, // U+0179
    { 9, 18, 177, 1, 18, 41, 7573 }, // U+017A
    { 12, 22, 220, 1, 22, 66, 7614 }, // U+017B
    { 9, 16, 177, 1, 16, 36, 7680 }, // U+017C
    { 12, 22, 220, 1, 22, 66, 7716 }, // U+017D
    { 9, 18, 177, 1, 18, 41, 7782 }, // U+017E
    { 9, 18, 125, 0, 18, 41, 7823 }, // U+017F
    { 18, 21, 311, 1, 21, 95, 0 }, // U+01A0
    { 14, 15, 242, 1, 15, 53, 95 }, // U+01A1
    { 19, 21, 317, 1, 21, 100, 148 }, // U+01AF
    { 15, 16, 248, 0, 16, 60, 248 }, // U+01B0
    { 29, 22, 487, 1, 22, 160, 308 }, // U+01C4
    { 26, 18, 444, 1, 18, 117, 468 }, // U+01C5
    { 23, 18, 393, 1, 18, 104, 585 }, // U+01C6
    { 23, 16, 389, 1, 16, 92, 689 }, // U+01C7
    { 17, 23, 315, 1, 18, 98, 781 }, // U+01C8
    { 12, 23, 226, 0, 18, 69, 879 }, // U+01C9
    { 27, 16, 462, 1, 16, 108, 948 }, // U+01CA
    { 22, 23, 388, 1, 18, 127, 1056 }, // U+01CB
    { 19, 23, 329, 0, 18, 110, 1183 }, // U+01CC
    { 16, 22, 258, 1, 22, 88, 1293 }, // U+01CD
    { 12, 18, 195, 1, 18, 54, 1381 }, // U+01CE
    { 8, 22, 127, 0, 22, 44, 1435 }, // U+01CF
    { 9, 18, 116, -1, 18, 41, 1479 }, // U+01D0
    { 16, 23, 280, 1, 23, 92, 1520 }, // U+01D1
    { 12, 18, 208, 1, 18, 54, 1612 }, // U+01D2
    { 16, 23, 273, 1, 23, 92, 1666 }, // U+01D3
    { 14, 18, 218, 0, 18, 63, 1758 }, // U+01D4
    { 16, 25, 273, 1, 25, 100, 1821 }, // U+01D5
    { 14, 21, 218, 0, 21, 74, 1921 }, // U+01D6
    { 16, 28, 273, 1, 28, 112, 1995 }, // U+01D7
    { 14, 23, 218, 0, 23, 81, 2107 }, // U+01D8
    { 16, 28, 273, 1, 28, 112, 2188 }, // U+01D9
    { 14, 23, 218, 0, 23, 81, 2300 }, // U+01DA
    { 16, 28, 273, 1, 28, 112, 2381 }, // U+01DB
    { 14, 23, 218, 0, 23, 81, 2493 }, // U+01DC
    { 10, 12, 188, 1, 12, 30, 2574 }, // U+01DD
    { 16, 25, 258, 1, 25, 100, 2604 }, // U+01DE
    { 12, 21, 195, 1, 21, 63, 2704 }, // U+01DF
    { 16, 25, 258, 1, 25, 100, 2767 }, // U+01E0
    { 11, 21, 195, 1, 21, 58, 2867 }, // U+01E1
    { 22, 20, 358, 1, 20, 110, 2925 }, // U+01E2
    { 16, 16, 276, 1, 16, 64, 3035 }, // U+01E3
    { 16, 16, 266, 1, 16, 64, 3099 }, // U+01E4
    { 13, 17, 201, 0, 12, 56, 3163 }, // U+01E5
    { 15, 23, 266, 1, 23, 87, 3219 }, // U+01E6
    { 12, 23, 201, 1, 18, 69, 3306 }, // U+01E7
    { 14, 22, 245, 1, 22, 77, 3375 }, // U+01E8
    { 12, 23, 205, 0, 23, 69, 3452 }, // U+01E9
    { 16, 21, 280, 1, 16, 84, 3521 }, // U+01EA
    { 12, 17, 208, 1, 12, 51, 3605 }, // U+01EB
    { 16, 26, 280, 1, 21, 104, 3656 }, // U+01EC
    { 12, 21, 208, 1, 16, 63, 3760 }, // U+01ED
    { 13, 28, 234, 1, 23, 91, 3823 }, // U+01EE
    { 12, 23, 200, 1, 18, 69, 3914 }, // U+01EF
    { 11, 23, 112, -2, 18, 64, 3983 }, // U+01F0
    { 29, 16, 487, 1, 16, 116, 4047 }, // U+01F1
    { 26, 16, 444, 1, 16, 104, 4163 }, // U+01F2
    { 23, 18, 393, 1, 18, 104, 4267 }, // U+01F3
    { 15, 23, 266, 1, 23, 87, 4371 }, // U+01F4
    { 12, 23, 201, 1, 18, 69, 4458 }, // U+01F5
    { 22, 16, 388, 1, 16, 88, 4527 }, // U+01F6
    { 13, 21, 223, 1, 16, 69, 4615 }, // U+01F7
    { 16, 23, 276, 1, 23, 92, 4684 }, // U+01F8
    { 13, 18, 217, 1, 18, 59, 4776 }, // U+01F9
    { 16, 29, 258, 1, 29, 116, 4835 }, // U+01FA
    { 12, 25, 195, 1, 25, 75, 4951 }, // U+01FB
    { 22, 23, 358, 1, 23, 127, 5026 }, // U+01FC
    { 16, 18, 276, 1, 18, 72, 5153 }, // U+01FD
    { 16, 25, 280, 1, 23, 100, 5225 }, // U+01FE
    { 12, 20, 208, 1, 18, 60, 5325 }, // U+01FF
    { 16, 22, 258, 1, 22, 88, 5385 }, // U+0200
    { 13, 18, 195, 0, 18, 59, 5473 }, // U+0201
    { 16, 21, 258, 1, 21, 84, 5532 }, // U+0202
    { 12, 16, 195, 1, 16, 48, 5616 }, // U+0203
    { 13, 22, 223, 0, 22, 72, 5664 }, // U+0204
    { 11, 18, 188, 0, 18, 50, 5736 }, // U+0205
    { 13, 21, 223, 1, 21, 69, 5786 }, // U+0206
    { 10, 16, 188, 1, 16, 40, 5855 }, // U+0207
    { 11, 22, 127, -2, 22, 61, 5895 }, // U+0208
    { 11, 18, 116, -2, 18, 50, 5956 }, // U+0209
    { 7, 21, 127, 1, 21, 37, 6006 }, // U+020A
    { 7, 16, 116, 1, 16, 28, 6043 }, // U+020B
    { 16, 23, 280, 1, 23, 92, 6071 }, // U+020C
    { 13, 18, 208, 0, 18, 59, 6163 }, // U+020D
    { 16, 22, 280, 1, 22, 88, 6222 }, // U+020E
    { 12, 16, 208, 1, 16, 48, 6310 }, // U+020F
    { 15, 23, 249, 1, 23, 87, 6358 }, // U+0210
    { 11, 18, 150, -1, 18, 50, 6445 }, // U+0211
    { 15, 22, 249, 1, 22, 83, 6495 }, // U+0212
    { 10, 16, 150, 0, 16, 40, 6578 }, // U+0213
    { 16, 23, 273, 1, 23, 92, 6618 }, // U+0214
    { 14, 18, 218, 0, 18, 63, 6710 }, // U+0215
    { 16, 22, 273, 1, 22, 88, 6773 }, // U+0216
    { 14, 16, 218, 0, 16, 56, 6861 }, // U+0217
    { 11, 23, 200, 1, 16, 64, 6917 }, // U+0218
    { 8, 19, 153, 1, 12, 38, 6981 }, // U+0219
    { 14, 23, 230, 0, 16, 81, 7019 }, // U+021A
    { 8, 22, 130, 1, 15, 44, 7100 }, // U+021B
    { 11, 20, 204, 1, 16, 55, 7144 }, // U+021C
    { 9, 18, 163, 1, 12, 41, 7199 }, // U+021D
    { 16, 22, 285, 1, 22, 88, 7240 }, // U+021E
    { 14, 23, 220, 0, 23, 81, 7328 }, // U+021F
    { 6, 5, 0, -10, 18, 8, 0 }, // U+0300
    { 6, 5, 0, -9, 18, 8, 8 }, // U+0301
    { 9, 4, 0, -11, 17, 9, 16 }, // U+0302
    { 9, 3, 0, -11, 17, 7, 25 }, // U+0303
    { 8, 2, 0, -10, 16, 4, 32 }, // U+0304
    { 14, 2, 0, -13, 18, 7, 36 }, // U+0305
    { 7, 5, 0, -10, 18, 9, 43 }, // U+0306
    { 3, 3, 0, -8, 17, 3, 52 }, // U+0307
    { 8, 3, 0, -10, 17, 6, 55 }, // U+0308
    { 5, 6, 0, -9, 19, 8, 61 }, // U+0309
    { 6, 7, 0, -9, 20, 11, 69 }, // U+030A
    { 11, 4, 0, -11, 17, 11, 80 }, // U+030B
    { 9, 4, 0, -11, 17, 9, 91 }, // U+030C
    { 2, 4, 0, -8, 17, 2, 100 }, // U+030D
    { 4, 4, 0, -9, 17, 4, 102 }, // U+030E
    { 11, 4, 0, -12, 17, 11, 106 }, // U+030F
    { 7, 6, 0, -10, 19, 11, 117 }, // U+0310
    { 7, 4, 0, -10, 17, 7, 128 }, // U+0311
    { 3, 6, 0, -8, 19, 5, 135 }, // U+0312
    { 3, 6, 0, -8, 19, 5, 140 }, // U+0313
    { 4, 8, 0, -8, 20, 8, 145 }, // U+0314
    { 3, 6, 48, 0, 22, 5, 153 }, // U+0315
    { 6, 5, 0, -9, -1, 8, 158 }, // U+0316
    { 6, 5, 0, -10, -1, 8, 166 }, // U+0317
    { 4, 4, 0, -9, -2, 4, 174 }, // U+0318
    { 4, 4, 0, -8, -2, 4, 178 }, // U+0319
    { 5, 6, 115, 1, 17, 8, 182 }, // U+031A
    { 4, 7, 33, -3, 16, 7, 190 }, // U+031B
    { 3, 6, 0, -8, -1, 5, 197 }, // U+031C
    { 5, 3, 0, -9, -1, 4, 202 }, // U+031D
    { 5, 3, 0, -9, -2, 4, 206 }, // U+031E
    { 5, 4, 0, -9, -2, 5, 210 }, // U+031F
    { 6, 2, 0, -10, -2, 3, 215 }, // U+0320
    { 6, 7, 0, -6, 1, 11, 218 }, // U+0321
    { 7, 7, 0, -2, 1, 13, 229 }, // U+0322
    { 3, 3, 0, -8, -2, 3, 242 }, // U+0323
    { 8, 3, 0, -10, -2, 6, 245 }, // U+0324
    { 6, 7, 0, -9, -1, 11, 251 }, // U+0325
    { 3, 6, 0, -8, -1, 5, 262 }, // U+0326
    { 5, 6, 0, -9, 1, 8, 267 }, // U+0327
    { 5, 6, 0, -8, 1, 8, 275 }, // U+0328
    { 2, 4, 0, -8, -2, 2, 283 }, // U+0329
    { 6, 4, 0, -10, -1, 6, 285 }, // U+032A
    { 7, 6, 0, -10, 0, 11, 291 }, // U+032B
    { 9, 4, 0, -11, -2, 9, 302 }, // U+032C
    { 9, 4, 0, -11, -2, 9, 311 }, // U+032D
    { 7, 5, 0, -10, -1, 9, 320 }, // U+032E
    { 7, 4, 0, -10, -2, 7, 329 }, // U+032F
    { 9, 3, 0, -11, -2, 7, 336 }, // U+0330
    { 8, 2, 0, -10, -2, 4, 343 }, // U+0331
    { 16, 2, 0, -14, -2, 8, 347 }, // U+0332
    { 16, 5, 0, -14, -2, 20, 355 }, // U+0333
    { 9, 3, 0, -11, 7, 7, 375 }, // U+0334
    { 9, 2, 0, -11, 7, 5, 382 }, // U+0335
    { 14, 2, 0, -14, 7, 7, 387 }, // U+0336
    { 10, 16, 0, -12, 14, 40, 394 }, // U+0337
    { 10, 20, 0, -12, 16, 50, 434 }, // U+0338
    { 3, 6, 0, -8, -1, 5, 484 }, // U+0339
    { 6, 4, 0, -10, -1, 6, 489 }, // U+033A
    { 6, 5, 0, -10, -2, 8, 495 }, // U+033B
    { 7, 3, 0, -10, -2, 6, 503 }, // U+033C
    { 7, 4, 0, -10, 17, 7, 509 }, // U+033D
    { 3, 9, 0, -9, 22, 7, 516 }, // U+033E
    { 16, 5, 0, -14, 19, 20, 523 }, // U+033F
    { 6, 4, 0, -10, 16, 6, 543 }, // U+0346
    { 9, 5, 0, -11, -2, 12, 549 }, // U+0347
    { 5, 4, 0, -9, -2, 5, 561 }, // U+0348
    { 5, 6, 0, -9, -1, 8, 566 }, // U+0349
    { 11, 6, 0, -12, 19, 17, 574 }, // U+034A
    { 9, 7, 0, -11, 21, 16, 591 }, // U+034B
    { 11, 7, 0, -12, 20, 20, 607 }, // U+034C
    { 9, 4, 0, -11, -1, 9, 627 }, // U+034D
    { 5, 5, 0, -9, -2, 7, 636 }, // U+034E
    { 0, 0, 0, 0, 0, 0, 643 }, // U+034F
    { 11, 8, 0, -12, 22, 22, 643 }, // U+0350
    { 3, 6, 0, -8, 19, 5, 665 }, // U+0351
    { 7, 5, 0, -10, 18, 9, 670 }, // U+0352
    { 5, 6, 0, -9, -1, 8, 679 }, // U+0353
    { 11, 9, 0, -12, -1, 25, 687 }, // U+0354
    { 11, 9, 0, -12, 0, 25, 712 }, // U+0355
    { 20, 9, 0, -16, 0, 45, 737 }, // U+0356
    { 3, 6, 0, -8, 19, 5, 782 }, // U+0357
    { 3, 3, 52, 0, 17, 3, 787 }, // U+0358
    { 8, 7, 0, -10, 0, 14, 790 }, // U+0359
    { 11, 7, 0, -12, -1, 20, 804 }, // U+035A
    { 5, 6, 0, -9, 18, 8, 824 }, // U+035B
    { 20, 4, 0, -10, -7, 20, 832 }, // U+035C
    { 20, 4, 0, -10, 23, 20, 852 }, // U+035D
    { 16, 2, 0, -8, 21, 8, 872 }, // U+035E
    { 16, 2, 0, -8, -8, 8, 880 }, // U+035F
    { 22, 5, 0, -11, 24, 28, 888 }, // U+0360
    { 20, 4, 0, -10, 23, 20, 916 }, // U+0361
    { 22, 8, 0, -11, -6, 44, 936 }, // U+0362
    { 7, 8, 0, -11, 21, 14, 980 }, // U+0363
    { 7, 8, 0, -11, 21, 14, 994 }, // U+0364
    { 5, 10, 0, -9, 23, 13, 1008 }, // U+0365
    { 7, 8, 0, -10, 20, 14, 1021 }, // U+0366
    { 8, 8, 0, -11, 22, 16, 1035 }, // U+0367
    { 7, 8, 0, -10, 21, 14, 1051 }, // U+0368
    { 8, 11, 0, -11, 24, 22, 1065 }, // U+0369
    { 9, 10, 0, -11, 24, 23, 1087 }, // U+036A
    { 12, 7, 0, -14, 21, 21, 1110 }, // U+036B
    { 6, 7, 0, -10, 20, 11, 1131 }, // U+036C
    { 6, 9, 0, -10, 22, 14, 1142 }, // U+036D
    { 8, 8, 0, -11, 20, 16, 1156 }, // U+036E
    { 8, 7, 0, -10, 21, 14, 1172 }, // U+036F
    { 13, 23, 223, 1, 23, 75, 0 }, // U+0400
    { 13, 22, 223, 1, 22, 72, 75 }, // U+0401
    { 17, 16, 276, 0, 16, 68, 147 }, // U+0402
    { 12, 23, 202, 1, 23, 69, 215 }, // U+0403
    { 13, 16, 239, 1, 16, 52, 284 }, // U+0404
    { 11, 16, 202, 1, 16, 44, 336 }, // U+0405
    { 6, 16, 127, 1, 16, 24, 380 }, // U+0406
    { 8, 22, 127, 1, 22, 44, 404 }, // U+0407
    { 10, 16, 186, 1, 16, 40, 448 }, // U+0408
    { 22, 16, 362, 1, 16, 88, 488 }, // U+0409
    { 21, 16, 356, 1, 16, 84, 576 }, // U+040A
    { 17, 16, 279, 1, 16, 68, 660 }, // U+040B
    { 14, 23, 245, 1, 23, 81, 728 }, // U+040C
    { 15, 23, 273, 1, 23, 87, 809 }, // U+040D
    { 17, 23, 267, 1, 23, 98, 896 }, // U+040E
    { 16, 21, 278, 1, 16, 84, 994 }, // U+040F
    { 16, 16, 258, 1, 16, 64, 1078 }, // U+0410
    { 13, 16, 222, 1, 16, 52, 1142 }, // U+0411
    { 13, 16, 232, 1, 16, 52, 1194 }, // U+0412
    { 12, 16, 202, 1, 16, 48, 1246 }, // U+0413
    { 17, 21, 272, 0, 16, 90, 1294 }, // U+0414
    { 13, 16, 223, 1, 16, 52, 1384 }, // U+0415
    { 21, 16, 342, 1, 16, 84, 1436 }, // U+0416
    { 11, 16, 209, 1, 16, 44, 1520 }, // U+0417
    { 15, 16, 273, 1, 16, 60, 1564 }, // U+0418
    { 15, 22, 273, 1, 22, 83, 1624 }, // U+0419
    { 14, 16, 245, 1, 16, 56, 1707 }, // U+041A
    { 16, 16, 277, 1, 16, 64, 1763 }, // U+041B
    { 19, 16, 334, 1, 16, 76, 1827 }, // U+041C
    { 16, 16, 285, 1, 16, 64, 1903 }, // U+041D
    { 16, 16, 280, 1, 16, 64, 1967 }, // U+041E
    { 16, 16, 278, 1, 16, 64, 2031 }, // U+041F
    { 12, 16, 220, 1, 16, 48, 2095 }, // U+0420
    { 13, 16, 240, 1, 16, 52, 2143 }, // U+0421
    { 14, 16, 230, 0, 16, 56, 2195 }, // U+0422
    { 17, 16, 267, 1, 16, 68, 2251 }, // U+0423
    { 18, 16, 314, 1, 16, 72, 2319 }, // U+0424
    { 15, 16, 243, 1, 16, 60, 2391 }, // U+0425
    { 16, 21, 278, 1, 16, 84, 2451 }, // U+0426
    { 14, 16, 252, 1, 16, 56, 2535 }, // U+0427
    { 22, 16, 371, 1, 16, 88, 2591 }, // U+0428
    { 22, 21, 371, 1, 16, 116, 2679 }, // U+0429
    { 15, 16, 256, 1, 16, 60, 2795 }, // U+042A
    { 19, 16, 320, 0, 16, 76, 2855 }, // U+042B
    { 13, 16, 223, 1, 16, 52, 2931 }, // U+042C
    { 14, 16, 239, 0, 16, 56, 2983 }, // U+042D
    { 22, 16, 374, 1, 16, 88, 3039 }, // U+042E
    { 15, 16, 248, 0, 16, 60, 3127 }, // U+042F
    { 12, 12, 196, 1, 12, 36, 3187 }, // U+0430
    { 12, 16, 205, 1, 16, 48, 3223 }, // U+0431
    { 11, 12, 192, 0, 12, 33, 3271 }, // U+0432
    { 10, 12, 168, 0, 12, 30, 3304 }, // U+0433
    { 14, 16, 220, 0, 12, 56, 3334 }, // U+0434
    { 10, 12, 188, 1, 12, 30, 3390 }, // U+0435
    { 18, 12, 268, 0, 12, 54, 3420 }, // U+0436
    { 9, 12, 170, 1, 12, 27, 3474 }, // U+0437
    { 14, 12, 231, 0, 12, 42, 3501 }, // U+0438
    { 14, 17, 231, 0, 17, 60, 3543 }, // U+0439
    { 13, 12, 203, 0, 12, 39, 3603 }, // U+043A
    { 15, 12, 225, 0, 12, 45, 3642 }, // U+043B
    { 16, 12, 272, 0, 12, 48, 3687 }, // U+043C
    { 14, 12, 228, 0, 12, 42, 3735 }, // U+043D
    { 12, 12, 208, 1, 12, 36, 3777 }, // U+043E
    { 13, 12, 217, 0, 12, 39, 3813 }, // U+043F
    { 12, 17, 214, 1, 12, 51, 3852 }, // U+0440
    { 10, 12, 180, 1, 12, 30, 3903 }, // U+0441
    { 11, 12, 188, 1, 12, 33, 3933 }, // U+0442
    { 12, 17, 203, 1, 12, 51, 3966 }, // U+0443
    { 16, 21, 278, 1, 16, 84, 4017 }, // U+0444
    { 12, 12, 195, 1, 12, 36, 4101 }, // U+0445
    { 13, 16, 217, 0, 12, 52, 4137 }, // U+0446
    { 11, 12, 202, 1, 12, 33, 4189 }, // U+0447
    { 19, 12, 308, 0, 12, 57, 4222 }, // U+0448
    { 18, 16, 308, 0, 12, 72, 4279 }, // U+0449
    { 13, 12, 215, 1, 12, 39, 4351 }, // U+044A
    { 17, 12, 263, 0, 12, 51, 4390 }, // U+044B
    { 11, 12, 184, 0, 12, 33, 4441 }, // U+044C
    { 10, 12, 176, 1, 12, 30, 4474 }, // U+044D
    { 17, 12, 284, 1, 12, 51, 4504 }, // U+044E
    { 12, 12, 197, 0, 12, 36, 4555 }, // U+044F
    { 10, 18, 188, 1, 18, 45, 4591 }, // U+0450
    { 10, 16, 188, 1, 16, 40, 4636 }, // U+0451
    { 14, 22, 220, 0, 18, 77, 4676 }, // U+0452
    { 10, 18, 168, 0, 18, 45, 4753 }, // U+0453
    { 10, 12, 174, 1, 12, 30, 4798 }, // U+0454
    { 8, 12, 156, 1, 12, 24, 4828 }, // U+0455
    { 6, 17, 116, 0, 17, 26, 4852 }, // U+0456
    { 8, 16, 116, 0, 16, 32, 4878 }, // U+0457
    { 7, 23, 112, -2, 18, 41, 4910 }, // U+0458
    { 18, 12, 292, 0, 12, 54, 4951 }, // U+0459
    { 18, 12, 298, 0, 12, 54, 5005 }, // U+045A
    { 14, 18, 220, 1, 18, 63, 5059 }, // U+045B
    { 13, 18, 203, 0, 18, 59, 5122 }, // U+045C
    { 14, 18, 231, 0, 18, 63, 5181 }, // U+045D
    { 13, 23, 203, 1, 18, 75, 5244 }, // U+045E
    { 13, 16, 217, 0, 12, 52, 5319 }, // U+045F
    { 16, 16, 260, 0, 16, 64, 5371 }, // U+0462
    { 12, 12, 200, 1, 12, 36, 5435 }, // U+0463
    { 16, 16, 278, 1, 16, 64, 5471 }, // U+0472
    { 11, 12, 204, 1, 12, 33, 5535 }, // U+0473
    { 18, 16, 299, 1, 16, 72, 5568 }, // U+0474
    { 14, 12, 231, 1, 12, 42, 5640 }, // U+0475
    { 15, 26, 273, 1, 22, 98, 5682 }, // U+048A
    { 14, 21, 231, 0, 17, 74, 5780 }, // U+048B
    { 14, 18, 223, 0, 18, 63, 5854 }, // U+048C
    { 12, 14, 184, -1, 14, 42, 5917 }, // U+048D
    { 12, 16, 222, 1, 16, 48, 5959 }, // U+048E
    { 12, 17, 214, 1, 12, 51, 6007 }, // U+048F
    { 10, 20, 184, 1, 20, 50, 6058 }, // U+0490
    { 9, 14, 153, 0, 14, 32, 6108 }, // U+0491
    { 12, 16, 202, 1, 16, 48, 6140 }, // U+0492
    { 10, 12, 168, 1, 12, 30, 6188 }, // U+0493
    { 13, 21, 232, 1, 16, 69, 6218 }, // U+0494
    { 11, 17, 199, 1, 12, 47, 6287 }, // U+0495
    { 21, 21, 342, 1, 16, 111, 6334 }, // U+0496
    { 17, 16, 268, 0, 12, 68, 6445 }, // U+0497
    { 12, 21, 209, 0, 16, 63, 6513 }, // U+0498
    { 10, 17, 170, 0, 12, 43, 6576 }, // U+0499
    { 14, 21, 247, 1, 16, 74, 6619 }, // U+049A
    { 12, 16, 203, 0, 12, 48, 6693 }, // U+049B
    { 15, 16, 250, 1, 16, 60, 6741 }, // U+049C
    { 13, 12, 207, 0, 12, 39, 6801 }, // U+049D
    { 14, 16, 245, 1, 16, 56, 6840 }, // U+049E
    { 13, 18, 203, 1, 18, 59, 6896 }, // U+049F
    { 17, 16, 284, 1, 16, 68, 6955 }, // U+04A0
    { 15, 12, 235, 0, 12, 45, 7023 }, // U+04A1
    { 16, 21, 285, 1, 16, 84, 7068 }, // U+04A2
    { 13, 16, 228, 0, 12, 52, 7152 }, // U+04A3
    { 19, 16, 323, 1, 16, 76, 7204 }, // U+04A4
    { 16, 12, 263, 0, 12, 48, 7280 }, // U+04A5
    { 22, 21, 374, 1, 16, 116, 7328 }, // U+04A6
    { 18, 17, 294, 0, 12, 77, 7444 }, // U+04A7
    { 18, 16, 305, 1, 16, 72, 7521 }, // U+04A8
    { 14, 12, 232, 1, 12, 42, 7593 }, // U+04A9
    { 13, 21, 240, 1, 16, 69, 7635 }, // U+04AA
    { 10, 17, 179, 1, 12, 43, 7704 }, // U+04AB
    { 14, 21, 230, 0, 16, 74, 7747 }, // U+04AC
    { 11, 16, 188, 1, 12, 44, 7821 }, // U+04AD
    { 15, 16, 240, 1, 16, 60, 7865 }, // U+04AE
    { 13, 17, 217, 1, 12, 56, 7925 }, // U+04AF
    { 15, 16, 240, 1, 16, 60, 7981 }, // U+04B0
    { 13, 17, 217, 1, 12, 56, 8041 }, // U+04B1
    { 14, 21, 243, 1, 16, 74, 8097 }, // U+04B2
    { 12, 16, 195, 1, 12, 48, 8171 }, // U+04B3
    { 19, 21, 315, 0, 16, 100, 8219 }, // U+04B4
    { 14, 16, 247, 1, 12, 56, 8319 }, // U+04B5
    { 14, 21, 252, 1, 16, 74, 8375 }, // U+04B6
    { 11, 16, 202, 1, 12, 44, 8449 }, // U+04B7
    { 14, 16, 252, 1, 16, 56, 8493 }, // U+04B8
    { 12, 12, 214, 1, 12, 36, 8549 }, // U+04B9
    { 14, 16, 245, 1, 16, 56, 8585 }, // U+04BA
    { 14, 18, 220, 0, 18, 63, 8641 }, // U+04BB
    { 19, 16, 304, 0, 16, 76, 8704 }, // U+04BC
    { 14, 12, 232, 0, 12, 42, 8780 }, // U+04BD
    { 19, 21, 304, 0, 16, 100, 8822 }, // U+04BE
    { 14, 16, 232, 0, 12, 56, 8922 }, // U+04BF
    { 6, 16, 127, 1, 16, 24, 8978 }, // U+04C0
    { 21, 22, 342, 1, 22, 116, 9002 }, // U+04C1
    { 17, 17, 268, 0, 17, 73, 9118 }, // U+04C2
    { 15, 21, 245, 1, 16, 79, 9191 }, // U+04C3
    { 12, 17, 203, 0, 12, 51, 9270 }, // U+04C4
    { 17, 20, 277, 1, 16, 85, 9321 }, // U+04C5
    { 14, 16, 225, 0, 12, 56, 9406 }, // U+04C6
    { 16, 21, 285, 1, 16, 84, 9462 }, // U+04C7
    { 14, 17, 228, 0, 12, 60, 9546 }, // U+04C8
    { 16, 20, 285, 1, 16, 80, 9606 }, // U+04C9
    { 14, 16, 228, 0, 12, 56, 9686 }, // U+04CA
    { 15, 21, 252, 1, 16, 79, 9742 }, // U+04CB
    { 11, 16, 202, 1, 12, 44, 9821 }, // U+04CC
    { 19, 20, 334, 1, 16, 95, 9865 }, // U+04CD
    { 16, 16, 272, 0, 12, 64, 9960 }, // U+04CE
    { 7, 17, 114, 0, 17, 30, 10024 }, // U+04CF
    { 16, 22, 258, 1, 22, 88, 10054 }, // U+04D0
    { 12, 18, 196, 1, 18, 54, 10142 }, // U+04D1
    { 16, 22, 258, 1, 22, 88, 10196 }, // U+04D2
    { 12, 16, 196, 1, 16, 48, 10284 }, // U+04D3
    { 22, 16, 358, 1, 16, 88, 10332 }, // U+04D4
    { 16, 12, 276, 1, 12, 48, 10420 }, // U+04D5
    { 13, 22, 223, 1, 22, 72, 10468 }, // U+04D6
    { 10, 18, 188, 1, 18, 45, 10540 }, // U+04D7
    { 14, 16, 254, 1, 16, 56, 10585 }, // U+04D8
    { 10, 12, 188, 1, 12, 30, 10641 }, // U+04D9
    { 14, 22, 254, 1, 22, 77, 10671 }, // U+04DA
    { 10, 16, 188, 1, 16, 40, 10748 }, // U+04DB
    { 21, 22, 342, 1, 22, 116, 10788 }, // U+04DC
    { 18, 16, 268, 0, 16, 72, 10904 }, // U+04DD
    { 12, 22, 209, 0, 22, 66, 10976 }, // U+04DE
    { 10, 16, 170, 0, 16, 40, 11042 }, // U+04DF
    { 13, 16, 223, 1, 16, 52, 11082 }, // U+04E0
    { 12, 17, 200, 1, 12, 51, 11134 }, // U+04E1
    { 15, 20, 273, 1, 20, 75, 11185 }, // U+04E2
    { 14, 16, 231, 0, 16, 56, 11260 }, // U+04E3
    { 15, 22, 273, 1, 22, 83, 11316 }, // U+04E4
    { 14, 16, 231, 0, 16, 56, 11399 }, // U+04E5
    { 16, 22, 280, 1, 22, 88, 11455 }, // U+04E6
    { 12, 16, 208, 1, 16, 48, 11543 }, // U+04E7
    { 16, 16, 280, 1, 16, 64, 11591 }, // U+04E8
    { 12, 12, 208, 1, 12, 36, 11655 }, // U+04E9
    { 16, 22, 280, 1, 22, 88, 11691 }, // U+04EA
    { 12, 16, 208, 1, 16, 48, 11779 }, // U+04EB
    { 14, 22, 239, 0, 22, 77, 11827 }, // U+04EC
    { 10, 16, 176, 0, 16, 40, 11904 }, // U+04ED
    { 17, 21, 267, 1, 21, 90, 11944 }, // U+04EE
    { 13, 21, 203, 0, 16, 69, 12034 }, // U+04EF
    { 17, 22, 267, 1, 22, 94, 12103 }, // U+04F0
    { 13, 21, 203, 0, 16, 69, 12197 }, // U+04F1
    { 17, 23, 267, 1, 23, 98, 12266 }, // U+04F2
    { 12, 23, 203, 1, 18, 69, 12364 }, // U+04F3
    { 15, 22, 252, 1, 22, 83, 12433 }, // U+04F4
    { 11, 16, 202, 1, 16, 44, 12516 }, // U+04F5
    { 12, 21, 202, 1, 16, 63, 12560 }, // U+04F6
    { 10, 16, 168, 0, 12, 40, 12623 }, // U+04F7
    { 19, 22, 320, 0, 22, 105, 12663 }, // U+04F8
    { 17, 16, 263, 0, 16, 68, 12768 }, // U+04F9
    { 12, 21, 202, 1, 16, 63, 12836 }, // U+04FA
    { 10, 17, 168, 1, 12, 43, 12899 }, // U+04FB
    { 15, 21, 240, 1, 16, 79, 12942 }, // U+04FC
    { 11, 17, 195, 1, 12, 47, 13021 }, // U+04FD
    { 15, 16, 243, 1, 16, 60, 13068 }, // U+04FE
    { 12, 12, 195, 1, 12, 36, 13128 }, // U+04FF
    { 16, 21, 258, 1, 16, 84, 0 }, // U+1EA0
    { 12, 17, 195, 1, 12, 51, 84 }, // U+1EA1
    { 16, 23, 258, 1, 23, 92, 135 }, // U+1EA2
    { 12, 19, 195, 1, 19, 57, 227 }, // U+1EA3
    { 16, 27, 258, 1, 27, 108, 284 }, // U+1EA4
    { 12, 23, 195, 1, 23, 69, 392 }, // U+1EA5
    { 16, 27, 258, 1, 27, 108, 461 }, // U+1EA6
    { 12, 23, 195, 1, 23, 69, 569 }, // U+1EA7
    { 16, 28, 258, 1, 28, 112, 638 }, // U+1EA8
    { 12, 24, 195, 1, 24, 72, 750 }, // U+1EA9
    { 16, 26, 258, 1, 26, 104, 822 }, // U+1EAA
    { 12, 22, 195, 1, 22, 66, 926 }, // U+1EAB
    { 16, 27, 258, 1, 22, 108, 992 }, // U+1EAC
    { 12, 23, 195, 1, 18, 69, 1100 }, // U+1EAD
    { 16, 28, 258, 1, 28, 112, 1169 }, // U+1EAE
    { 12, 23, 195, 1, 23, 69, 1281 }, // U+1EAF
    { 16, 28, 258, 1, 28, 112, 1350 }, // U+1EB0
    { 12, 23, 195, 1, 23, 69, 1462 }, // U+1EB1
    { 16, 28, 258, 1, 28, 112, 1531 }, // U+1EB2
    { 12, 24, 195, 1, 24, 72, 1643 }, // U+1EB3
    { 16, 26, 258, 1, 26, 104, 1715 }, // U+1EB4
    { 12, 22, 195, 1, 22, 66, 1819 }, // U+1EB5
    { 16, 27, 258, 1, 22, 108, 1885 }, // U+1EB6
    { 12, 22, 195, 1, 17, 66, 1993 }, // U+1EB7
    { 13, 21, 223, 1, 16, 69, 2059 }, // U+1EB8
    { 10, 17, 188, 1, 12, 43, 2128 }, // U+1EB9
    { 13, 23, 223, 1, 23, 75, 2171 }, // U+1EBA
    { 10, 19, 188, 1, 19, 48, 2246 }, // U+1EBB
    { 13, 21, 223, 1, 21, 69, 2294 }, // U+1EBC
    { 10, 16, 188, 1, 16, 40, 2363 }, // U+1EBD
    { 13, 27, 223, 1, 27, 88, 2403 }, // U+1EBE
    { 10, 23, 188, 1, 23, 58, 2491 }, // U+1EBF
    { 13, 27, 223, 1, 27, 88, 2549 }, // U+1EC0
    { 10, 23, 188, 1, 23, 58, 2637 }, // U+1EC1
    { 13, 28, 223, 1, 28, 91, 2695 }, // U+1EC2
    { 10, 24, 188, 1, 24, 60, 2786 }, // U+1EC3
    { 13, 26, 223, 1, 26, 85, 2846 }, // U+1EC4
    { 10, 22, 188, 1, 22, 55, 2931 }, // U+1EC5
    { 13, 27, 223, 1, 22, 88, 2986 }, // U+1EC6
    { 10, 23, 188, 1, 18, 58, 3074 }, // U+1EC7
    { 6, 23, 127, 1, 23, 35, 3132 }, // U+1EC8
    { 6, 19, 116, 0, 19, 29, 3167 }, // U+1EC9
    { 6, 21, 127, 1, 16, 32, 3196 }, // U+1ECA
    { 6, 23, 116, 0, 18, 35, 3228 }, // U+1ECB
    { 16, 21, 280, 1, 16, 84, 3263 }, // U+1ECC
    { 12, 17, 208, 1, 12, 51, 3347 }, // U+1ECD
    { 16, 24, 280, 1, 24, 96, 3398 }, // U+1ECE
    { 12, 19, 208, 1, 19, 57, 3494 }, // U+1ECF
    { 16, 28, 280, 1, 28, 112, 3551 }, // U+1ED0
    { 12, 23, 208, 1, 23, 69, 3663 }, // U+1ED1
    { 16, 28, 280, 1, 28, 112, 3732 }, // U+1ED2
    { 12, 23, 208, 1, 23, 69, 3844 }, // U+1ED3
    { 16, 29, 280, 1, 29, 116, 3913 }, // U+1ED4
    { 12, 24, 208, 1, 24, 72, 4029 }, // U+1ED5
    { 16, 27, 280, 1, 27, 108, 4101 }, // U+1ED6
    { 12, 22, 208, 1, 22, 66, 4209 }, // U+1ED7
    { 16, 27, 280, 1, 22, 108, 4275 }, // U+1ED8
    { 12, 23, 208, 1, 18, 69, 4383 }, // U+1ED9
    { 18, 23, 311, 1, 23, 104, 4452 }, // U+1EDA
    { 14, 18, 242, 1, 18, 63, 4556 }, // U+1EDB
    { 18, 23, 311, 1, 23, 104, 4619 }, // U+1EDC
    { 14, 18, 242, 1, 18, 63, 4723 }, // U+1EDD
    { 18, 24, 311, 1, 24, 108, 4786 }, // U+1EDE
    { 14, 19, 242, 1, 19, 67, 4894 }, // U+1EDF
    { 18, 22, 311, 1, 22, 99, 4961 }, // U+1EE0
    { 14, 16, 242, 1, 16, 56, 5060 }, // U+1EE1
    { 18, 25, 311, 1, 20, 113, 5116 }, // U+1EE2
    { 14, 19, 242, 1, 14, 67, 5229 }, // U+1EE3
    { 16, 21, 273, 1, 16, 84, 5296 }, // U+1EE4
    { 14, 17, 218, 0, 12, 60, 5380 }, // U+1EE5
    { 16, 24, 273, 1, 24, 96, 5440 }, // U+1EE6
    { 14, 19, 218, 0, 19, 67, 5536 }, // U+1EE7
    { 19, 23, 317, 1, 23, 110, 5603 }, // U+1EE8
    { 15, 18, 248, 0, 18, 68, 5713 }, // U+1EE9
    { 19, 23, 317, 1, 23, 110, 5781 }, // U+1EEA
    { 15, 18, 248, 0, 18, 68, 5891 }, // U+1EEB
    { 19, 24, 317, 1, 24, 114, 5959 }, // U+1EEC
    { 15, 19, 248, 0, 19, 72, 6073 }, // U+1EED
    { 19, 22, 317, 1, 22, 105, 6145 }, // U+1EEE
    { 15, 16, 248, 0, 16, 60, 6250 }, // U+1EEF
    { 19, 26, 317, 1, 21, 124, 6310 }, // U+1EF0
    { 15, 20, 248, 0, 15, 75, 6434 }, // U+1EF1
    { 15, 23, 240, 1, 23, 87, 6509 }, // U+1EF2
    { 12, 23, 203, 1, 18, 69, 6596 }, // U+1EF3
    { 15, 21, 240, 1, 16, 79, 6665 }, // U+1EF4
    { 13, 17, 203, 0, 12, 56, 6744 }, // U+1EF5
    { 15, 23, 240, 1, 23, 87, 6800 }, // U+1EF6
    { 13, 24, 203, 0, 19, 78, 6887 }, // U+1EF7
    { 15, 21, 240, 1, 21, 79, 6965 }, // U+1EF8
    { 12, 21, 203, 1, 16, 63, 7044 }, // U+1EF9
    { 0, 0, 192, 0, 0, 0, 0 }, // U+2000
    { 0, 0, 383, 0, 0, 0, 0 }, // U+2001
    { 0, 0, 192, 0, 0, 0, 0 }, // U+2002
    { 0, 0, 383, 0, 0, 0, 0 }, // U+2003
    { 0, 0, 123, 0, 0, 0, 0 }, // U+2004
    { 0, 0, 92, 0, 0, 0, 0 }, // U+2005
    { 0, 0, 61, 0, 0, 0, 0 }, // U+2006
    { 0, 0, 216, 0, 0, 0, 0 }, // U+2007
    { 0, 0, 107, 0, 0, 0, 0 }, // U+2008
    { 0, 0, 77, 0, 0, 0, 0 }, // U+2009
    { 0, 0, 8, 0, 0, 0, 0 }, // U+200A
    { 0, 0, 0, 0, 0, 0, 0 }, // U+200B
    { 0, 0, 0, 0, 0, 0, 0 }, // U+200C
    { 0, 0, 0, 0, 0, 0, 0 }, // U+200D
    { 0, 0, 0, 0, 0, 0, 0 }, // U+200E
    { 0, 0, 0, 0, 0, 0, 0 }, // U+200F
    { 6, 2, 123, 1, 7, 3, 0 }, // U+2010
    { 6, 2, 123, 1, 7, 3, 3 }, // U+2011
    { 12, 2, 216, 1, 6, 6, 6 }, // U+2012
    { 12, 2, 192, 0, 6, 6, 12 }, // U+2013
    { 24, 2, 383, 0, 6, 12, 18 }, // U+2014
    { 23, 2, 372, 0, 6, 12, 30 }, // U+2015
    { 7, 26, 197, 2, 20, 46, 42 }, // U+2016
    { 16, 5, 257, 0, -2, 20, 88 }, // U+2017
    { 4, 7, 95, 1, 17, 7, 108 }, // U+2018
    { 5, 8, 95, 1, 18, 10, 115 }, // U+2019
    { 5, 8, 95, 1, 3, 10, 125 }, // U+201A
    { 4, 7, 95, 1, 18, 7, 135 }, // U+201B
    { 9, 7, 174, 1, 17, 16, 142 }, // U+201C
    { 9, 8, 174, 1, 18, 18, 158 }, // U+201D
    { 9, 8, 174, 1, 3, 18, 176 }, // U+201E
    { 9, 7, 174, 1, 18, 16, 194 }, // U+201F
    { 13, 21, 192, 0, 18, 69, 210 }, // U+2020
    { 13, 22, 192, 0, 18, 72, 279 }, // U+2021
    { 6, 6, 115, 1, 11, 9, 351 }, // U+2022
    { 10, 10, 184, 1, 11, 25, 360 }, // U+2023
    { 3, 3, 111, 1, 3, 3, 385 }, // U+2024
    { 11, 3, 239, 1, 3, 9, 388 }, // U+2025
    { 19, 3, 383, 2, 3, 15, 397 }, // U+2026
    { 3, 3, 72, 1, 10, 3, 412 }, // U+2027
    { 0, 0, 0, 0, 0, 0, 415 }, // U+2028
    { 0, 0, 0, 0, 0, 0, 415 }, // U+2029
    { 0, 0, 0, 0, 0, 0, 415 }, // U+202A
    { 0, 0, 0, 0, 0, 0, 415 }, // U+202B
    { 0, 0, 0, 0, 0, 0, 415 }, // U+202C
    { 0, 0, 0, 0, 0, 0, 415 }, // U+202D
    { 0, 0, 0, 0, 0, 0, 415 }, // U+202E
    { 0, 0, 77, 0, 0, 0, 415 }, // U+202F
    { 26, 16, 435, 1, 16, 104, 415 }, // U+2030
    { 34, 16, 570, 1, 16, 136, 519 }, // U+2031
    { 7, 7, 96, 0, 16, 13, 655 }, // U+2032
    { 11, 7, 164, 0, 16, 20, 668 }, // U+2033
    { 15, 7, 231, 0, 16, 27, 688 }, // U+2034
    { 6, 7, 96, 1, 16, 11, 715 }, // U+2035
    { 10, 7, 164, 1, 16, 18, 726 }, // U+2036
    { 14, 7, 231, 1, 16, 25, 744 }, // U+2037
    { 7, 4, 99, 0, 1, 7, 769 }, // U+2038
    { 6, 12, 94, 0, 12, 18, 776 }, // U+2039
    { 6, 12, 94, -1, 12, 18, 794 }, // U+203A
    { 15, 15, 290, 2, 14, 57, 812 }, // U+203B
    { 8, 16, 218, 3, 16, 32, 869 }, // U+203C
    { 9, 16, 186, 1, 16, 36, 901 }, // U+203D
    { 14, 2, 208, 0, 19, 7, 937 }, // U+203E
    { 7, 4, 114, 0, -1, 7, 944 }, // U+203F
    { 7, 4, 114, 0, 16, 7, 951 }, // U+2040
    { 10, 17, 172, 0, 12, 43, 958 }, // U+2041
    { 21, 19, 387, 1, 18, 100, 1001 }, // U+2042
    { 13, 17, 194, 0, 17, 56, 1101 }, // U+2044
    { 11, 17, 213, 1, 12, 47, 1157 }, // U+204A
    { 15, 5, 383, 5, 10, 19, 1204 }, // U+2053
    { 19, 7, 298, 0, 16, 34, 1223 }, // U+2057
    { 0, 0, 0, 0, 0, 0, 1257 }, // U+2060
    { 0, 0, 0, 0, 0, 0, 1257 }, // U+2061
    { 0, 0, 0, 0, 0, 0, 1257 }, // U+2062
    { 0, 0, 0, 0, 0, 0, 1257 }, // U+2063
    { 0, 0, 0, 0, 0, 0, 1257 }, // U+206A
    { 0, 0, 0, 0, 0, 0, 1257 }, // U+206B
    { 0, 0, 0, 0, 0, 0, 1257 }, // U+206C
    { 0, 0, 0, 0, 0, 0, 1257 }, // U+206D
    { 0, 0, 0, 0, 0, 0, 1257 }, // U+206E
    { 0, 0, 0, 0, 0, 0, 1257 }, // U+206F
    { 8, 10, 140, 1, 19, 20, 0 }, // U+2070
    { 4, 10, 77, 1, 19, 10, 20 }, // U+2071
    { 8, 10, 140, 0, 19, 20, 30 }, // U+2074
    { 8, 10, 140, 0, 19, 20, 50 }, // U+2075
    { 8, 10, 140, 1, 19, 20, 70 }, // U+2076
    { 7, 10, 140, 1, 19, 18, 90 }, // U+2077
    { 8, 10, 140, 1, 19, 20, 108 }, // U+2078
    { 8, 10, 140, 1, 19, 20, 128 }, // U+2079
    { 5, 5, 93, 1, 16, 7, 148 }, // U+207A
    { 4, 1, 80, 1, 14, 1, 155 }, // U+207B
    { 7, 3, 109, 0, 16, 6, 156 }, // U+207C
    { 5, 13, 94, 1, 20, 17, 162 }, // U+207D
    { 5, 13, 94, 1, 20, 17, 179 }, // U+207E
    { 9, 7, 143, -1, 16, 16, 196 }, // U+207F
    { 8, 10, 140, 1, 5, 20, 212 }, // U+2080
    { 7, 10, 140, 1, 5, 18, 232 }, // U+2081
    { 7, 10, 140, 1, 5, 18, 250 }, // U+2082
    { 8, 10, 140, 0, 5, 20, 268 }, // U+2083
    { 8, 10, 140, 0, 5, 20, 288 }, // U+2084
    { 8, 10, 140, 0, 5, 20, 308 }, // U+2085
    { 8, 10, 140, 1, 5, 20, 328 }, // U+2086
    { 7, 10, 140, 1, 5, 18, 348 }, // U+2087
    { 8, 10, 140, 1, 5, 20, 366 }, // U+2088
    { 8, 10, 140, 1, 5, 20, 386 }, // U+2089
    { 5, 5, 93, 1, 2, 7, 406 }, // U+208A
    { 4, 1, 80, 1, 0, 1, 413 }, // U+208B
    { 7, 3, 109, 0, 2, 6, 414 }, // U+208C
    { 5, 13, 94, 1, 6, 17, 420 }, // U+208D
    { 5, 13, 94, 1, 6, 17, 437 }, // U+208E
    { 8, 7, 128, 1, 2, 14, 454 }, // U+2090
    { 7, 7, 124, 1, 2, 13, 468 }, // U+2091
    { 8, 7, 138, 1, 2, 14, 481 }, // U+2092
    { 9, 7, 129, -1, 2, 16, 495 }, // U+2093
    { 7, 7, 124, 1, 2, 13, 511 }, // U+2094
    { 10, 10, 148, 0, 5, 25, 524 }, // U+2095
    { 9, 10, 136, 0, 5, 23, 549 }, // U+2096
    { 5, 10, 81, 0, 5, 13, 572 }, // U+2097
    { 14, 7, 217, 0, 2, 25, 585 }, // U+2098
    { 9, 7, 147, 0, 2, 16, 610 }, // U+2099
    { 9, 10, 147, 0, 2, 23, 626 }, // U+209A
    { 5, 7, 108, 1, 2, 9, 649 }, // U+209B
    { 5, 9, 89, 1, 4, 12, 658 }, // U+209C
    { 12, 16, 216, 1, 16, 48, 0 }, // U+20A0
    { 12, 20, 216, 1, 18, 60, 48 }, // U+20A1
    { 12, 16, 216, 1, 16, 48, 108 }, // U+20A2
    { 13, 16, 216, 0, 16, 52, 156 }, // U+20A3
    { 12, 16, 216, 1, 16, 48, 208 }, // U+20A4
    { 14, 16, 216, 0, 14, 56, 256 }, // U+20A5
    { 12, 16, 216, 0, 16, 48, 312 }, // U+20A6
    { 24, 16, 402, 1, 16, 96, 360 }, // U+20A7
    { 21, 16, 353, 1, 16, 84, 456 }, // U+20A8
    { 13, 16, 216, 1, 16, 52, 540 }, // U+20A9
    { 11, 11, 192, 1, 11, 31, 592 }, // U+20AA
    { 13, 21, 216, 1, 18, 69, 623 }, // U+20AB
    { 13, 16, 216, -1, 16, 52, 692 }, // U+20AC
    { 13, 16, 216, 1, 16, 52, 744 }, // U+20AD
    { 12, 16, 216, 1, 16, 48, 796 }, // U+20AE
    { 17, 18, 291, 1, 14, 77, 844 }, // U+20AF
    { 9, 17, 170, 0, 16, 39, 921 }, // U+20B0
    { 13, 16, 216, 0, 16, 52, 960 }, // U+20B1
    { 12, 21, 216, 1, 19, 63, 1012 }, // U+20B2
    { 13, 16, 216, 1, 16, 52, 1075 }, // U+20B3
    { 11, 16, 216, 1, 16, 44, 1127 }, // U+20B4
    { 11, 21, 216, 1, 18, 58, 1171 }, // U+20B5
    { 11, 17, 216, 1, 17, 47, 1229 }, // U+20B6
    { 12, 16, 216, 1, 16, 48, 1276 }, // U+20B7
    { 12, 16, 216, 1, 16, 48, 1324 }, // U+20B8
    { 12, 18, 216, 1, 17, 54, 1372 }, // U+20B9
    { 12, 16, 216, 1, 16, 48, 1426 }, // U+20BA
    { 17, 18, 272, -1, 18, 77, 1474 }, // U+20BB
    { 20, 18, 353, 1, 18, 90, 1551 }, // U+20BC
    { 13, 16, 216, 0, 16, 52, 1641 }, // U+20BD
    { 12, 18, 216, 1, 18, 54, 1693 }, // U+20BE
    { 12, 22, 216, 0, 19, 66, 1747 }, // U+20BF
    { 12, 16, 216, 1, 16, 48, 1813 }, // U+20C0
    { 21, 9, 383, 1, 12, 48, 0 }, // U+2190
    { 9, 21, 192, 1, 17, 48, 48 }, // U+2191
    { 21, 9, 383, 1, 12, 48, 96 }, // U+2192
    { 9, 21, 192, 1, 17, 48, 144 }, // U+2193
    { 21, 9, 383, 1, 12, 48, 192 }, // U+2194
    { 9, 21, 192, 1, 17, 48, 240 }, // U+2195
    { 16, 17, 383, 4, 16, 68, 288 }, // U+2196
    { 16, 17, 383, 4, 16, 68, 356 }, // U+2197
    { 16, 17, 383, 4, 16, 68, 424 }, // U+2198
    { 16, 17, 383, 4, 16, 68, 492 }, // U+2199
    { 21, 10, 369, 1, 12, 53, 560 }, // U+219A
    { 21, 10, 369, 1, 12, 53, 613 }, // U+219B
    { 12, 23, 192, 0, 17, 69, 666 }, // U+21A8
    { 21, 10, 383, 1, 12, 53, 735 }, // U+21AE
    { 19, 15, 311, 0, 16, 72, 788 }, // U+21B6
    { 18, 15, 311, 1, 16, 68, 860 }, // U+21B7
    { 18, 15, 311, 1, 14, 68, 928 }, // U+21BA
    { 19, 15, 311, 0, 14, 72, 996 }, // U+21BB
    { 23, 12, 378, 0, 13, 69, 1068 }, // U+21D0
    { 12, 23, 192, 0, 18, 69, 1137 }, // U+21D1
    { 23, 12, 378, 0, 13, 69, 1206 }, // U+21D2
    { 12, 23, 192, 0, 18, 69, 1275 }, // U+21D3
    { 23, 12, 383, 0, 13, 69, 1344 }, // U+21D4
    { 12, 23, 192, 0, 18, 69, 1413 }, // U+21D5
    { 12, 18, 198, 0, 17, 54, 0 }, // U+2202
    { 11, 16, 215, 1, 16, 44, 54 }, // U+2203
    { 11, 22, 215, 1, 19, 61, 98 }, // U+2204
    { 20, 20, 383, 2, 19, 100, 159 }, // U+2205
    { 16, 18, 245, 0, 18, 72, 259 }, // U+2206
    { 18, 17, 286, 0, 17, 77, 331 }, // U+220F
    { 14, 17, 224, 0, 17, 60, 408 }, // U+2211
    { 16, 2, 383, 4, 8, 8, 468 }, // U+2212
    { 14, 14, 369, 5, 14, 49, 476 }, // U+2213
    { 12, 20, 188, 0, 17, 60, 525 }, // U+2215
    { 3, 3, 72, 1, 10, 3, 585 }, // U+2219
    { 14, 18, 220, 0, 17, 63, 588 }, // U+221A
    { 16, 8, 383, 4, 11, 32, 651 }, // U+221E
    { 13, 14, 193, -1, 13, 46, 683 }, // U+2221
    { 6, 27, 197, 3, 20, 41, 729 }, // U+2225
    { 12, 27, 197, 0, 20, 81, 770 }, // U+2226
    { 12, 11, 223, 1, 13, 33, 851 }, // U+2227
    { 12, 11, 223, 1, 13, 33, 884 }, // U+2228
    { 11, 23, 181, 0, 18, 64, 917 }, // U+222B
    { 12, 11, 383, 6, 12, 33, 981 }, // U+2234
    { 12, 11, 383, 6, 12, 33, 1014 }, // U+2235
    { 16, 4, 383, 4, 9, 16, 1047 }, // U+223C
    { 16, 9, 383, 4, 12, 36, 1063 }, // U+2248
    { 16, 13, 383, 4, 17, 52, 1099 }, // U+225F
    { 16, 12, 383, 4, 13, 48, 1151 }, // U+2260
    { 16, 9, 383, 4, 12, 36, 1199 }, // U+2261
    { 16, 14, 383, 4, 14, 56, 1235 }, // U+2262
    { 16, 14, 383, 4, 14, 56, 1291 }, // U+2264
    { 16, 14, 383, 4, 14, 56, 1347 }, // U+2265
    { 16, 17, 383, 4, 16, 68, 1403 }, // U+226E
    { 16, 17, 383, 4, 16, 68, 1471 }, // U+226F
    { 14, 14, 383, 5, 14, 49, 1539 }, // U+2282
    { 14, 14, 383, 5, 14, 49, 1588 }, // U+2283
    { 14, 18, 383, 5, 16, 63, 1637 }, // U+2284
    { 14, 18, 383, 5, 16, 63, 1700 }, // U+2285
    { 14, 17, 383, 5, 17, 60, 1763 }, // U+2286
    { 14, 17, 383, 5, 17, 60, 1823 }, // U+2287
    { 12, 14, 223, 1, 13, 42, 1883 }, // U+22BB
    { 12, 14, 223, 1, 16, 42, 1925 }, // U+22BC
    { 12, 14, 223, 1, 16, 42, 1967 }, // U+22BD
    { 18, 18, 250, 0, 18, 81, 0 }, // U+FB00
    { 14, 18, 241, 0, 18, 63, 81 }, // U+FB01
    { 15, 18, 239, 0, 18, 68, 144 }, // U+FB02
    { 22, 18, 366, 0, 18, 99, 212 }, // U+FB03
    { 23, 18, 364, 0, 18, 104, 311 }, // U+FB04
    { 24, 24, 369, 0, 21, 144, 0 }, // U+FFFD
};

static const EpdUnicodeInterval chareink_11_5_regularIntervals[] = {
    { 0x20, 0x7E, 0x0 },
    { 0xA0, 0xFF, 0x5F },
    { 0x100, 0x148, 0xBF },
    { 0x14A, 0x17F, 0x108 },
    { 0x1A0, 0x1A1, 0x13E },
    { 0x1AF, 0x1B0, 0x140 },
    { 0x1C4, 0x21F, 0x142 },
    { 0x300, 0x33F, 0x19E },
    { 0x346, 0x36F, 0x1DE },
    { 0x400, 0x45F, 0x208 },
    { 0x462, 0x463, 0x268 },
    { 0x472, 0x475, 0x26A },
    { 0x48A, 0x4FF, 0x26E },
    { 0x1EA0, 0x1EF9, 0x2E4 },
    { 0x2000, 0x2042, 0x33E },
    { 0x2044, 0x2044, 0x381 },
    { 0x204A, 0x204A, 0x382 },
    { 0x2053, 0x2053, 0x383 },
    { 0x2057, 0x2057, 0x384 },
    { 0x2060, 0x2063, 0x385 },
    { 0x206A, 0x206F, 0x389 },
    { 0x2070, 0x2071, 0x38F },
    { 0x2074, 0x208E, 0x391 },
    { 0x2090, 0x209C, 0x3AC },
    { 0x20A0, 0x20C0, 0x3B9 },
    { 0x2190, 0x219B, 0x3DA },
    { 0x21A8, 0x21A8, 0x3E6 },
    { 0x21AE, 0x21AE, 0x3E7 },
    { 0x21B6, 0x21B7, 0x3E8 },
    { 0x21BA, 0x21BB, 0x3EA },
    { 0x21D0, 0x21D5, 0x3EC },
    { 0x2202, 0x2206, 0x3F2 },
    { 0x220F, 0x220F, 0x3F7 },
    { 0x2211, 0x2213, 0x3F8 },
    { 0x2215, 0x2215, 0x3FB },
    { 0x2219, 0x221A, 0x3FC },
    { 0x221E, 0x221E, 0x3FE },
    { 0x2221, 0x2221, 0x3FF },
    { 0x2225, 0x2228, 0x400 },
    { 0x222B, 0x222B, 0x404 },
    { 0x2234, 0x2235, 0x405 },
    { 0x223C, 0x223C, 0x407 },
    { 0x2248, 0x2248, 0x408 },
    { 0x225F, 0x2262, 0x409 },
    { 0x2264, 0x2265, 0x40D },
    { 0x226E, 0x226F, 0x40F },
    { 0x2282, 0x2287, 0x411 },
    { 0x22BB, 0x22BD, 0x417 },
    { 0xFB00, 0xFB04, 0x41A },
    { 0xFFFD, 0xFFFD, 0x41F },
};

static const EpdFontGroup chareink_11_5_regularGroups[] = {
    { 0, 2389, 4183, 95, 0 },
    { 2389, 2339, 5214, 96, 95 },
    { 4728, 3266, 7864, 127, 191 },
    { 7994, 3241, 7409, 96, 318 },
    { 11235, 779, 1186, 106, 414 },
    { 12014, 6087, 13164, 220, 520 },
    { 18101, 2326, 7107, 90, 740 },
    { 20427, 798, 1257, 81, 830 },
    { 21225, 457, 670, 42, 911 },
    { 21682, 1274, 1861, 33, 953 },
    { 22956, 715, 1482, 24, 986 },
    { 23671, 1066, 2009, 40, 1010 },
    { 24737, 217, 415, 5, 1050 },
    { 24954, 115, 144, 1, 1055 },
};

static const EpdKernClassEntry chareink_11_5_regularKernLeftClasses[] = {
    { 0x0022, 1 }, // "
    { 0x0027, 1 }, // '
    { 0x0028, 2 }, // (
    { 0x002C, 3 }, // ,
    { 0x002E, 3 }, // .
    { 0x0041, 4 }, // A
    { 0x0044, 5 }, // D
    { 0x0046, 6 }, // F
    { 0x004B, 7 }, // K
    { 0x004C, 8 }, // L
    { 0x004F, 5 }, // O
    { 0x0050, 6 }, // P
    { 0x0051, 5 }, // Q
    { 0x0052, 9 }, // R
    { 0x0054, 10 }, // T
    { 0x0055, 11 }, // U
    { 0x0056, 12 }, // V
    { 0x0057, 13 }, // W
    { 0x0058, 7 }, // X
    { 0x0059, 12 }, // Y
    { 0x005B, 2 }, // [
    { 0x0061, 14 }, // a
    { 0x0062, 15 }, // b
    { 0x0063, 16 }, // c
    { 0x0065, 17 }, // e
    { 0x0066, 18 }, // f
    { 0x0067, 19 }, // g
    { 0x0068, 14 }, // h
    { 0x006B, 20 }, // k
    { 0x006D, 14 }, // m
    { 0x006E, 14 }, // n
    { 0x006F, 15 }, // o
    { 0x0070, 15 }, // p
    { 0x0071, 19 }, // q
    { 0x0072, 21 }, // r
    { 0x0073, 16 }, // s
    { 0x0074, 16 }, // t
    { 0x0075, 14 }, // u
    { 0x0076, 22 }, // v
    { 0x0077, 22 }, // w
    { 0x0078, 20 }, // x
    { 0x0079, 22 }, // y
    { 0x007A, 16 }, // z
    { 0x007B, 2 }, // {
    { 0x00C0, 4 }, // U+00C0
    { 0x00C1, 4 }, // U+00C1
    { 0x00C2, 4 }, // U+00C2
    { 0x00C3, 4 }, // U+00C3
    { 0x00C4, 4 }, // U+00C4
    { 0x00C5, 4 }, // U+00C5
    { 0x00D0, 5 }, // U+00D0
    { 0x00D2, 5 }, // U+00D2
    { 0x00D3, 5 }, // U+00D3
    { 0x00D4, 5 }, // U+00D4
    { 0x00D5, 5 }, // U+00D5
    { 0x00D6, 5 }, // U+00D6
    { 0x00D9, 11 }, // U+00D9
    { 0x00DA, 11 }, // U+00DA
    { 0x00DB, 11 }, // U+00DB
    { 0x00DC, 11 }, // U+00DC
    { 0x00DD, 12 }, // U+00DD
    { 0x00DE, 5 }, // U+00DE
    { 0x00E0, 14 }, // U+00E0
    { 0x00E1, 14 }, // U+00E1
    { 0x00E2, 14 }, // U+00E2
    { 0x00E3, 14 }, // U+00E3
    { 0x00E4, 14 }, // U+00E4
    { 0x00E5, 14 }, // U+00E5
    { 0x00E6, 17 }, // U+00E6
    { 0x00E7, 16 }, // U+00E7
    { 0x00E8, 17 }, // U+00E8
    { 0x00E9, 17 }, // U+00E9
    { 0x00EA, 17 }, // U+00EA
    { 0x00EB, 17 }, // U+00EB
    { 0x00EE, 23 }, // U+00EE
    { 0x00EF, 23 }, // U+00EF
    { 0x00F1, 14 }, // U+00F1
    { 0x00F2, 15 }, // U+00F2
    { 0x00F3, 15 }, // U+00F3
    { 0x00F4, 15 }, // U+00F4
    { 0x00F5, 15 }, // U+00F5
    { 0x00F6, 15 }, // U+00F6
    { 0x00F8, 16 }, // U+00F8
    { 0x00F9, 14 }, // U+00F9
    { 0x00FA, 14 }, // U+00FA
    { 0x00FB, 14 }, // U+00FB
    { 0x00FC, 14 }, // U+00FC
    { 0x00FD, 22 }, // U+00FD
    { 0x00FE, 15 }, // U+00FE
    { 0x00FF, 22 }, // U+00FF
    { 0x0100, 4 }, // U+0100
    { 0x0101, 14 }, // U+0101
    { 0x0102, 4 }, // U+0102
    { 0x0103, 14 }, // U+0103
    { 0x0104, 4 }, // U+0104
    { 0x0105, 14 }, // U+0105
    { 0x0107, 16 }, // U+0107
    { 0x0109, 16 }, // U+0109
    { 0x010B, 16 }, // U+010B
    { 0x010D, 16 }, // U+010D
    { 0x010E, 5 }, // U+010E
    { 0x010F, 24 }, // U+010F
    { 0x0110, 5 }, // U+0110
    { 0x0113, 17 }, // U+0113
    { 0x0115, 17 }, // U+0115
    { 0x0117, 17 }, // U+0117
    { 0x0119, 17 }, // U+0119
    { 0x011B, 17 }, // U+011B
    { 0x011D, 19 }, // U+011D
    { 0x011F, 19 }, // U+011F
    { 0x0121, 19 }, // U+0121
    { 0x0123, 19 }, // U+0123
    { 0x0125, 14 }, // U+0125
    { 0x0127, 14 }, // U+0127
    { 0x0129, 23 }, // U+0129
    { 0x012B, 23 }, // U+012B
    { 0x012D, 23 }, // U+012D
    { 0x0136, 7 }, // U+0136
    { 0x0137, 20 }, // U+0137
    { 0x0138, 16 }, // U+0138
    { 0x0139, 8 }, // U+0139
    { 0x013B, 8 }, // U+013B
    { 0x013D, 25 }, // U+013D
    { 0x013E, 26 }, // U+013E
    { 0x0141, 8 }, // U+0141
    { 0x0144, 14 }, // U+0144
    { 0x0146, 19 }, // U+0146
    { 0x0148, 14 }, // U+0148
    { 0x014B, 19 }, // U+014B
    { 0x014C, 5 }, // U+014C
    { 0x014D, 15 }, // U+014D
    { 0x014E, 5 }, // U+014E
    { 0x014F, 15 }, // U+014F
    { 0x0150, 5 }, // U+0150
    { 0x0151, 15 }, // U+0151
    { 0x0153, 17 }, // U+0153
    { 0x0154, 9 }, // U+0154
    { 0x0155, 21 }, // U+0155
    { 0x0156, 9 }, // U+0156
    { 0x0157, 21 }, // U+0157
    { 0x0158, 9 }, // U+0158
    { 0x0159, 21 }, // U+0159
    { 0x015B, 16 }, // U+015B
    { 0x015D, 16 }, // U+015D
    { 0x015F, 19 }, // U+015F
    { 0x0161, 16 }, // U+0161
    { 0x0162, 10 }, // U+0162
    { 0x0163, 19 }, // U+0163
    { 0x0164, 10 }, // U+0164
    { 0x0166, 10 }, // U+0166
    { 0x0167, 16 }, // U+0167
    { 0x0168, 11 }, // U+0168
    { 0x0169, 14 }, // U+0169
    { 0x016A, 11 }, // U+016A
    { 0x016B, 14 }, // U+016B
    { 0x016C, 11 }, // U+016C
    { 0x016D, 14 }, // U+016D
    { 0x016E, 11 }, // U+016E
    { 0x016F, 14 }, // U+016F
    { 0x0170, 11 }, // U+0170
    { 0x0171, 14 }, // U+0171
    { 0x0172, 11 }, // U+0172
    { 0x0173, 19 }, // U+0173
    { 0x0174, 13 }, // U+0174
    { 0x0175, 22 }, // U+0175
    { 0x0176, 12 }, // U+0176
    { 0x0177, 22 }, // U+0177
    { 0x0178, 12 }, // U+0178
    { 0x017A, 16 }, // U+017A
    { 0x017C, 16 }, // U+017C
    { 0x017E, 16 }, // U+017E
    { 0x017F, 18 }, // U+017F
    { 0x01A0, 5 }, // U+01A0
    { 0x01A1, 27 }, // U+01A1
    { 0x01AF, 10 }, // U+01AF
    { 0x01B0, 27 }, // U+01B0
    { 0x01C5, 16 }, // U+01C5
    { 0x01C6, 16 }, // U+01C6
    { 0x01C9, 19 }, // U+01C9
    { 0x01CD, 4 }, // U+01CD
    { 0x01CE, 14 }, // U+01CE
    { 0x01D0, 23 }, // U+01D0
    { 0x01D1, 5 }, // U+01D1
    { 0x01D2, 15 }, // U+01D2
    { 0x01D3, 11 }, // U+01D3
    { 0x01D4, 14 }, // U+01D4
    { 0x01D5, 11 }, // U+01D5
    { 0x01D6, 14 }, // U+01D6
    { 0x01D7, 11 }, // U+01D7
    { 0x01D8, 14 }, // U+01D8
    { 0x01D9, 11 }, // U+01D9
    { 0x01DA, 14 }, // U+01DA
    { 0x01DB, 11 }, // U+01DB
    { 0x01DC, 14 }, // U+01DC
    { 0x01DD, 15 }, // U+01DD
    { 0x01DE, 4 }, // U+01DE
    { 0x01DF, 14 }, // U+01DF
    { 0x01E0, 4 }, // U+01E0
    { 0x01E1, 14 }, // U+01E1
    { 0x01E3, 17 }, // U+01E3
    { 0x01E5, 19 }, // U+01E5
    { 0x01E7, 19 }, // U+01E7
    { 0x01E8, 7 }, // U+01E8
    { 0x01E9, 20 }, // U+01E9
    { 0x01EA, 5 }, // U+01EA
    { 0x01EB, 15 }, // U+01EB
    { 0x01EC, 5 }, // U+01EC
    { 0x01ED, 15 }, // U+01ED
    { 0x01EF, 19 }, // U+01EF
    { 0x01F2, 16 }, // U+01F2
    { 0x01F3, 16 }, // U+01F3
    { 0x01F5, 19 }, // U+01F5
    { 0x01F6, 5 }, // U+01F6
    { 0x01F7, 6 }, // U+01F7
    { 0x01F9, 14 }, // U+01F9
    { 0x01FA, 4 }, // U+01FA
    { 0x01FB, 14 }, // U+01FB
    { 0x01FD, 17 }, // U+01FD
    { 0x0200, 4 }, // U+0200
    { 0x0201, 14 }, // U+0201
    { 0x0202, 4 }, // U+0202
    { 0x0203, 14 }, // U+0203
    { 0x0205, 17 }, // U+0205
    { 0x0207, 17 }, // U+0207
    { 0x020B, 23 }, // U+020B
    { 0x020C, 5 }, // U+020C
    { 0x020D, 15 }, // U+020D
    { 0x020E, 5 }, // U+020E
    { 0x020F, 15 }, // U+020F
    { 0x0210, 9 }, // U+0210
    { 0x0211, 21 }, // U+0211
    { 0x0212, 9 }, // U+0212
    { 0x0213, 21 }, // U+0213
    { 0x0214, 11 }, // U+0214
    { 0x0215, 14 }, // U+0215
    { 0x0216, 11 }, // U+0216
    { 0x0217, 14 }, // U+0217
    { 0x0219, 19 }, // U+0219
    { 0x021A, 10 }, // U+021A
    { 0x021B, 19 }, // U+021B
    { 0x021D, 19 }, // U+021D
    { 0x021F, 14 }, // U+021F
    { 0x0403, 10 }, // U+0403
    { 0x0409, 9 }, // U+0409
    { 0x040E, 12 }, // U+040E
    { 0x0410, 4 }, // U+0410
    { 0x0413, 10 }, // U+0413
    { 0x041E, 5 }, // U+041E
    { 0x0420, 6 }, // U+0420
    { 0x0422, 10 }, // U+0422
    { 0x0423, 12 }, // U+0423
    { 0x0424, 5 }, // U+0424
    { 0x0425, 7 }, // U+0425
    { 0x042A, 9 }, // U+042A
    { 0x042C, 9 }, // U+042C
    { 0x042D, 5 }, // U+042D
    { 0x042E, 5 }, // U+042E
    { 0x0430, 14 }, // U+0430
    { 0x0433, 16 }, // U+0433
    { 0x0434, 16 }, // U+0434
    { 0x0435, 17 }, // U+0435
    { 0x0436, 16 }, // U+0436
    { 0x0437, 14 }, // U+0437
    { 0x0438, 16 }, // U+0438
    { 0x0439, 16 }, // U+0439
    { 0x043A, 16 }, // U+043A
    { 0x043B, 16 }, // U+043B
    { 0x043C, 16 }, // U+043C
    { 0x043D, 16 }, // U+043D
    { 0x043E, 15 }, // U+043E
    { 0x043F, 16 }, // U+043F
    { 0x0440, 15 }, // U+0440
    { 0x0441, 16 }, // U+0441
    { 0x0442, 16 }, // U+0442
    { 0x0443, 22 }, // U+0443
    { 0x0444, 15 }, // U+0444
    { 0x0445, 20 }, // U+0445
    { 0x0446, 16 }, // U+0446
    { 0x0447, 16 }, // U+0447
    { 0x0448, 16 }, // U+0448
    { 0x0449, 16 }, // U+0449
    { 0x044A, 28 }, // U+044A
    { 0x044C, 28 }, // U+044C
    { 0x044D, 15 }, // U+044D
    { 0x044E, 15 }, // U+044E
    { 0x0450, 17 }, // U+0450
    { 0x0451, 17 }, // U+0451
    { 0x0452, 14 }, // U+0452
    { 0x0453, 16 }, // U+0453
    { 0x0454, 16 }, // U+0454
    { 0x0455, 16 }, // U+0455
    { 0x0457, 18 }, // U+0457
    { 0x0459, 28 }, // U+0459
    { 0x045A, 28 }, // U+045A
    { 0x045B, 14 }, // U+045B
    { 0x045C, 16 }, // U+045C
    { 0x045D, 16 }, // U+045D
    { 0x045E, 22 }, // U+045E
    { 0x045F, 16 }, // U+045F
    { 0x0472, 5 }, // U+0472
    { 0x0473, 15 }, // U+0473
    { 0x0475, 16 }, // U+0475
    { 0x048B, 16 }, // U+048B
    { 0x048C, 9 }, // U+048C
    { 0x048D, 28 }, // U+048D
    { 0x048E, 6 }, // U+048E
    { 0x0490, 10 }, // U+0490
    { 0x0491, 16 }, // U+0491
    { 0x0492, 10 }, // U+0492
    { 0x0493, 16 }, // U+0493
    { 0x0495, 16 }, // U+0495
    { 0x0497, 16 }, // U+0497
    { 0x0499, 14 }, // U+0499
    { 0x049B, 16 }, // U+049B
    { 0x049D, 16 }, // U+049D
    { 0x049F, 16 }, // U+049F
    { 0x04A1, 16 }, // U+04A1
    { 0x04A3, 16 }, // U+04A3
    { 0x04A5, 16 }, // U+04A5
    { 0x04A7, 28 }, // U+04A7
    { 0x04AB, 16 }, // U+04AB
    { 0x04AC, 10 }, // U+04AC
    { 0x04AD, 16 }, // U+04AD
    { 0x04AE, 12 }, // U+04AE
    { 0x04AF, 22 }, // U+04AF
    { 0x04B0, 12 }, // U+04B0
    { 0x04B1, 22 }, // U+04B1
    { 0x04B2, 7 }, // U+04B2
    { 0x04B3, 20 }, // U+04B3
    { 0x04B5, 16 }, // U+04B5
    { 0x04B7, 16 }, // U+04B7
    { 0x04B9, 16 }, // U+04B9
    { 0x04BB, 14 }, // U+04BB
    { 0x04BC, 5 }, // U+04BC
    { 0x04BD, 17 }, // U+04BD
    { 0x04BE, 5 }, // U+04BE
    { 0x04BF, 17 }, // U+04BF
    { 0x04C2, 16 }, // U+04C2
    { 0x04C4, 16 }, // U+04C4
    { 0x04C6, 16 }, // U+04C6
    { 0x04C8, 16 }, // U+04C8
    { 0x04CA, 16 }, // U+04CA
    { 0x04CC, 16 }, // U+04CC
    { 0x04CE, 16 }, // U+04CE
    { 0x04D0, 4 }, // U+04D0
    { 0x04D1, 14 }, // U+04D1
    { 0x04D2, 4 }, // U+04D2
    { 0x04D3, 14 }, // U+04D3
    { 0x04D5, 17 }, // U+04D5
    { 0x04D7, 17 }, // U+04D7
    { 0x04D8, 5 }, // U+04D8
    { 0x04D9, 15 }, // U+04D9
    { 0x04DA, 5 }, // U+04DA
    { 0x04DB, 15 }, // U+04DB
    { 0x04DD, 16 }, // U+04DD
    { 0x04E1, 19 }, // U+04E1
    { 0x04E3, 16 }, // U+04E3
    { 0x04E5, 16 }, // U+04E5
    { 0x04E6, 5 }, // U+04E6
    { 0x04E7, 15 }, // U+04E7
    { 0x04E8, 5 }, // U+04E8
    { 0x04E9, 15 }, // U+04E9
    { 0x04EA, 5 }, // U+04EA
    { 0x04EB, 15 }, // U+04EB
    { 0x04EC, 5 }, // U+04EC
    { 0x04ED, 15 }, // U+04ED
    { 0x04EE, 12 }, // U+04EE
    { 0x04EF, 22 }, // U+04EF
    { 0x04F0, 12 }, // U+04F0
    { 0x04F1, 22 }, // U+04F1
    { 0x04F2, 12 }, // U+04F2
    { 0x04F3, 22 }, // U+04F3
    { 0x04F5, 16 }, // U+04F5
    { 0x04F6, 10 }, // U+04F6
    { 0x04F7, 16 }, // U+04F7
    { 0x04FA, 10 }, // U+04FA
    { 0x04FB, 16 }, // U+04FB
    { 0x04FC, 7 }, // U+04FC
    { 0x04FD, 20 }, // U+04FD
    { 0x04FE, 7 }, // U+04FE
    { 0x04FF, 20 }, // U+04FF
    { 0x1EA0, 4 }, // U+1EA0
    { 0x1EA1, 14 }, // U+1EA1
    { 0x1EA2, 4 }, // U+1EA2
    { 0x1EA3, 14 }, // U+1EA3
    { 0x1EA4, 4 }, // U+1EA4
    { 0x1EA5, 14 }, // U+1EA5
    { 0x1EA6, 4 }, // U+1EA6
    { 0x1EA7, 14 }, // U+1EA7
    { 0x1EA8, 4 }, // U+1EA8
    { 0x1EA9, 14 }, // U+1EA9
    { 0x1EAA, 4 }, // U+1EAA
    { 0x1EAB, 14 }, // U+1EAB
    { 0x1EAC, 4 }, // U+1EAC
    { 0x1EAD, 14 }, // U+1EAD
    { 0x1EAE, 4 }, // U+1EAE
    { 0x1EAF, 14 }, // U+1EAF
    { 0x1EB0, 4 }, // U+1EB0
    { 0x1EB1, 14 }, // U+1EB1
    { 0x1EB2, 4 }, // U+1EB2
    { 0x1EB3, 14 }, // U+1EB3
    { 0x1EB4, 4 }, // U+1EB4
    { 0x1EB5, 14 }, // U+1EB5
    { 0x1EB6, 4 }, // U+1EB6
    { 0x1EB7, 14 }, // U+1EB7
    { 0x1EB9, 17 }, // U+1EB9
    { 0x1EBB, 17 }, // U+1EBB
    { 0x1EBD, 17 }, // U+1EBD
    { 0x1EBF, 17 }, // U+1EBF
    { 0x1EC1, 17 }, // U+1EC1
    { 0x1EC3, 17 }, // U+1EC3
    { 0x1EC5, 17 }, // U+1EC5
    { 0x1EC7, 17 }, // U+1EC7
    { 0x1ECC, 5 }, // U+1ECC
    { 0x1ECD, 15 }, // U+1ECD
    { 0x1ECE, 5 }, // U+1ECE
    { 0x1ECF, 15 }, // U+1ECF
    { 0x1ED0, 5 }, // U+1ED0
    { 0x1ED1, 15 }, // U+1ED1
    { 0x1ED2, 5 }, // U+1ED2
    { 0x1ED3, 15 }, // U+1ED3
    { 0x1ED4, 5 }, // U+1ED4
    { 0x1ED5, 15 }, // U+1ED5
    { 0x1ED6, 5 }, // U+1ED6
    { 0x1ED7, 15 }, // U+1ED7
    { 0x1ED8, 5 }, // U+1ED8
    { 0x1ED9, 15 }, // U+1ED9
    { 0x1EE4, 11 }, // U+1EE4
    { 0x1EE5, 19 }, // U+1EE5
    { 0x1EE6, 11 }, // U+1EE6
    { 0x1EE7, 14 }, // U+1EE7
    { 0x1EF2, 12 }, // U+1EF2
    { 0x1EF3, 22 }, // U+1EF3
    { 0x1EF4, 12 }, // U+1EF4
    { 0x1EF5, 19 }, // U+1EF5
    { 0x1EF6, 12 }, // U+1EF6
    { 0x1EF7, 22 }, // U+1EF7
    { 0x1EF8, 12 }, // U+1EF8
    { 0x1EF9, 22 }, // U+1EF9
    { 0x2018, 1 }, // U+2018
    { 0x2019, 1 }, // U+2019
    { 0x201A, 3 }, // U+201A
    { 0x201C, 1 }, // U+201C
    { 0x201D, 1 }, // U+201D
    { 0x201E, 3 }, // U+201E
    { 0x2026, 3 }, // U+2026
    { 0xFB00, 18 }, // U+FB00
};

static const EpdKernClassEntry chareink_11_5_regularKernRightClasses[] = {
    { 0x0022, 1 }, // "
    { 0x0027, 1 }, // '
    { 0x0029, 2 }, // )
    { 0x002C, 3 }, // ,
    { 0x002E, 3 }, // .
    { 0x003A, 4 }, // :
    { 0x003B, 4 }, // ;
    { 0x0041, 5 }, // A
    { 0x0043, 6 }, // C
    { 0x0047, 6 }, // G
    { 0x004F, 6 }, // O
    { 0x0051, 6 }, // Q
    { 0x0053, 7 }, // S
    { 0x0054, 8 }, // T
    { 0x0055, 9 }, // U
    { 0x0056, 10 }, // V
    { 0x0057, 11 }, // W
    { 0x0058, 12 }, // X
    { 0x0059, 10 }, // Y
    { 0x005D, 2 }, // ]
    { 0x0061, 13 }, // a
    { 0x0062, 14 }, // b
    { 0x0063, 15 }, // c
    { 0x0064, 15 }, // d
    { 0x0065, 15 }, // e
    { 0x0066, 4 }, // f
    { 0x0067, 16 }, // g
    { 0x0068, 14 }, // h
    { 0x006A, 17 }, // j
    { 0x006B, 14 }, // k
    { 0x006C, 14 }, // l
    { 0x006D, 18 }, // m
    { 0x006E, 18 }, // n
    { 0x006F, 15 }, // o
    { 0x0070, 19 }, // p
    { 0x0071, 15 }, // q
    { 0x0072, 18 }, // r
    { 0x0073, 13 }, // s
    { 0x0074, 4 }, // t
    { 0x0075, 18 }, // u
    { 0x0076, 20 }, // v
    { 0x0077, 20 }, // w
    { 0x0078, 21 }, // x
    { 0x0079, 20 }, // y
    { 0x007A, 18 }, // z
    { 0x007D, 2 }, // }
    { 0x00C0, 5 }, // U+00C0
    { 0x00C1, 5 }, // U+00C1
    { 0x00C2, 5 }, // U+00C2
    { 0x00C3, 5 }, // U+00C3
    { 0x00C4, 5 }, // U+00C4
    { 0x00C5, 5 }, // U+00C5
    { 0x00C6, 5 }, // U+00C6
    { 0x00C7, 6 }, // U+00C7
    { 0x00D2, 6 }, // U+00D2
    { 0x00D3, 6 }, // U+00D3
    { 0x00D4, 6 }, // U+00D4
    { 0x00D5, 6 }, // U+00D5
    { 0x00D6, 6 }, // U+00D6
    { 0x00D9, 9 }, // U+00D9
    { 0x00DA, 9 }, // U+00DA
    { 0x00DB, 9 }, // U+00DB
    { 0x00DC, 9 }, // U+00DC
    { 0x00DD, 10 }, // U+00DD
    { 0x00E0, 22 }, // U+00E0
    { 0x00E1, 22 }, // U+00E1
    { 0x00E2, 22 }, // U+00E2
    { 0x00E3, 22 }, // U+00E3
    { 0x00E4, 22 }, // U+00E4
    { 0x00E5, 22 }, // U+00E5
    { 0x00E6, 13 }, // U+00E6
    { 0x00E7, 15 }, // U+00E7
    { 0x00E8, 23 }, // U+00E8
    { 0x00E9, 23 }, // U+00E9
    { 0x00EA, 23 }, // U+00EA
    { 0x00EB, 23 }, // U+00EB
    { 0x00EE, 24 }, // U+00EE
    { 0x00EF, 24 }, // U+00EF
    { 0x00F0, 15 }, // U+00F0
    { 0x00F1, 18 }, // U+00F1
    { 0x00F2, 23 }, // U+00F2
    { 0x00F3, 23 }, // U+00F3
    { 0x00F4, 23 }, // U+00F4
    { 0x00F5, 23 }, // U+00F5
    { 0x00F6, 23 }, // U+00F6
    { 0x00F8, 18 }, // U+00F8
    { 0x00F9, 18 }, // U+00F9
    { 0x00FA, 18 }, // U+00FA
    { 0x00FB, 18 }, // U+00FB
    { 0x00FC, 18 }, // U+00FC
    { 0x00FD, 20 }, // U+00FD
    { 0x00FE, 25 }, // U+00FE
    { 0x00FF, 20 }, // U+00FF
    { 0x0100, 5 }, // U+0100
    { 0x0101, 22 }, // U+0101
    { 0x0102, 5 }, // U+0102
    { 0x0103, 22 }, // U+0103
    { 0x0104, 5 }, // U+0104
    { 0x0105, 16 }, // U+0105
    { 0x0106, 6 }, // U+0106
    { 0x0107, 23 }, // U+0107
    { 0x0108, 6 }, // U+0108
    { 0x0109, 23 }, // U+0109
    { 0x010A, 6 }, // U+010A
    { 0x010B, 23 }, // U+010B
    { 0x010C, 6 }, // U+010C
    { 0x010D, 23 }, // U+010D
    { 0x010F, 15 }, // U+010F
    { 0x0111, 15 }, // U+0111
    { 0x0113, 23 }, // U+0113
    { 0x0115, 23 }, // U+0115
    { 0x0117, 23 }, // U+0117
    { 0x0119, 26 }, // U+0119
    { 0x011B, 23 }, // U+011B
    { 0x011C, 6 }, // U+011C
    { 0x011D, 22 }, // U+011D
    { 0x011E, 6 }, // U+011E
    { 0x011F, 22 }, // U+011F
    { 0x0120, 6 }, // U+0120
    { 0x0121, 22 }, // U+0121
    { 0x0122, 6 }, // U+0122
    { 0x0123, 22 }, // U+0123
    { 0x0125, 14 }, // U+0125
    { 0x0127, 14 }, // U+0127
    { 0x0129, 24 }, // U+0129
    { 0x012B, 24 }, // U+012B
    { 0x012D, 24 }, // U+012D
    { 0x0135, 17 }, // U+0135
    { 0x0137, 14 }, // U+0137
    { 0x0138, 18 }, // U+0138
    { 0x013A, 14 }, // U+013A
    { 0x013C, 25 }, // U+013C
    { 0x013E, 14 }, // U+013E
    { 0x0140, 14 }, // U+0140
    { 0x0142, 14 }, // U+0142
    { 0x0144, 18 }, // U+0144
    { 0x0146, 18 }, // U+0146
    { 0x0148, 18 }, // U+0148
    { 0x014B, 19 }, // U+014B
    { 0x014C, 6 }, // U+014C
    { 0x014D, 23 }, // U+014D
    { 0x014E, 6 }, // U+014E
    { 0x014F, 23 }, // U+014F
    { 0x0150, 6 }, // U+0150
    { 0x0151, 23 }, // U+0151
    { 0x0152, 6 }, // U+0152
    { 0x0153, 15 }, // U+0153
    { 0x0155, 18 }, // U+0155
    { 0x0157, 19 }, // U+0157
    { 0x0159, 18 }, // U+0159
    { 0x015A, 7 }, // U+015A
    { 0x015B, 22 }, // U+015B
    { 0x015C, 7 }, // U+015C
    { 0x015D, 22 }, // U+015D
    { 0x015E, 7 }, // U+015E
    { 0x015F, 16 }, // U+015F
    { 0x0160, 7 }, // U+0160
    { 0x0161, 22 }, // U+0161
    { 0x0162, 8 }, // U+0162
    { 0x0163, 4 }, // U+0163
    { 0x0164, 8 }, // U+0164
    { 0x0165, 4 }, // U+0165
    { 0x0166, 8 }, // U+0166
    { 0x0168, 9 }, // U+0168
    { 0x0169, 18 }, // U+0169
    { 0x016A, 9 }, // U+016A
    { 0x016B, 18 }, // U+016B
    { 0x016C, 9 }, // U+016C
    { 0x016D, 18 }, // U+016D
    { 0x016E, 9 }, // U+016E
    { 0x016F, 18 }, // U+016F
    { 0x0170, 9 }, // U+0170
    { 0x0171, 18 }, // U+0171
    { 0x0172, 9 }, // U+0172
    { 0x0173, 18 }, // U+0173
    { 0x0174, 11 }, // U+0174
    { 0x0175, 20 }, // U+0175
    { 0x0176, 10 }, // U+0176
    { 0x0177, 20 }, // U+0177
    { 0x0178, 10 }, // U+0178
    { 0x017A, 18 }, // U+017A
    { 0x017C, 18 }, // U+017C
    { 0x017E, 18 }, // U+017E
    { 0x017F, 14 }, // U+017F
    { 0x01A0, 6 }, // U+01A0
    { 0x01A1, 15 }, // U+01A1
    { 0x01AF, 9 }, // U+01AF
    { 0x01B0, 18 }, // U+01B0
    { 0x01C6, 15 }, // U+01C6
    { 0x01C9, 14 }, // U+01C9
    { 0x01CC, 18 }, // U+01CC
    { 0x01CD, 5 }, // U+01CD
    { 0x01CE, 22 }, // U+01CE
    { 0x01D0, 24 }, // U+01D0
    { 0x01D1, 6 }, // U+01D1
    { 0x01D2, 23 }, // U+01D2
    { 0x01D3, 9 }, // U+01D3
    { 0x01D4, 18 }, // U+01D4
    { 0x01D5, 9 }, // U+01D5
    { 0x01D6, 18 }, // U+01D6
    { 0x01D7, 9 }, // U+01D7
    { 0x01D8, 18 }, // U+01D8
    { 0x01D9, 9 }, // U+01D9
    { 0x01DA, 18 }, // U+01DA
    { 0x01DB, 9 }, // U+01DB
    { 0x01DC, 18 }, // U+01DC
    { 0x01DD, 15 }, // U+01DD
    { 0x01DE, 5 }, // U+01DE
    { 0x01DF, 22 }, // U+01DF
    { 0x01E0, 5 }, // U+01E0
    { 0x01E1, 22 }, // U+01E1
    { 0x01E2, 5 }, // U+01E2
    { 0x01E3, 22 }, // U+01E3
    { 0x01E4, 6 }, // U+01E4
    { 0x01E5, 16 }, // U+01E5
    { 0x01E6, 6 }, // U+01E6
    { 0x01E7, 22 }, // U+01E7
    { 0x01E9, 14 }, // U+01E9
    { 0x01EA, 6 }, // U+01EA
    { 0x01EB, 26 }, // U+01EB
    { 0x01EC, 6 }, // U+01EC
    { 0x01ED, 23 }, // U+01ED
    { 0x01EF, 19 }, // U+01EF
    { 0x01F0, 17 }, // U+01F0
    { 0x01F3, 15 }, // U+01F3
    { 0x01F4, 6 }, // U+01F4
    { 0x01F5, 22 }, // U+01F5
    { 0x01F9, 18 }, // U+01F9
    { 0x01FA, 5 }, // U+01FA
    { 0x01FB, 22 }, // U+01FB
    { 0x01FC, 5 }, // U+01FC
    { 0x01FD, 22 }, // U+01FD
    { 0x0200, 5 }, // U+0200
    { 0x0201, 22 }, // U+0201
    { 0x0202, 5 }, // U+0202
    { 0x0203, 22 }, // U+0203
    { 0x0205, 23 }, // U+0205
    { 0x0207, 23 }, // U+0207
    { 0x020B, 24 }, // U+020B
    { 0x020C, 6 }, // U+020C
    { 0x020D, 23 }, // U+020D
    { 0x020E, 6 }, // U+020E
    { 0x020F, 23 }, // U+020F
    { 0x0211, 18 }, // U+0211
    { 0x0213, 18 }, // U+0213
    { 0x0214, 9 }, // U+0214
    { 0x0215, 18 }, // U+0215
    { 0x0216, 9 }, // U+0216
    { 0x0217, 18 }, // U+0217
    { 0x0218, 7 }, // U+0218
    { 0x0219, 16 }, // U+0219
    { 0x021A, 8 }, // U+021A
    { 0x021B, 4 }, // U+021B
    { 0x021D, 19 }, // U+021D
    { 0x021F, 14 }, // U+021F
    { 0x0402, 8 }, // U+0402
    { 0x0404, 6 }, // U+0404
    { 0x0405, 7 }, // U+0405
    { 0x040B, 8 }, // U+040B
    { 0x0410, 5 }, // U+0410
    { 0x0414, 5 }, // U+0414
    { 0x041B, 5 }, // U+041B
    { 0x041E, 6 }, // U+041E
    { 0x0421, 6 }, // U+0421
    { 0x0422, 8 }, // U+0422
    { 0x0424, 6 }, // U+0424
    { 0x0425, 12 }, // U+0425
    { 0x0430, 13 }, // U+0430
    { 0x0431, 14 }, // U+0431
    { 0x0432, 18 }, // U+0432
    { 0x0433, 18 }, // U+0433
    { 0x0434, 27 }, // U+0434
    { 0x0435, 15 }, // U+0435
    { 0x0436, 18 }, // U+0436
    { 0x0437, 18 }, // U+0437
    { 0x0438, 18 }, // U+0438
    { 0x0439, 18 }, // U+0439
    { 0x043A, 18 }, // U+043A
    { 0x043B, 27 }, // U+043B
    { 0x043C, 18 }, // U+043C
    { 0x043D, 18 }, // U+043D
    { 0x043E, 15 }, // U+043E
    { 0x043F, 18 }, // U+043F
    { 0x0440, 19 }, // U+0440
    { 0x0441, 15 }, // U+0441
    { 0x0442, 18 }, // U+0442
    { 0x0443, 20 }, // U+0443
    { 0x0444, 15 }, // U+0444
    { 0x0445, 21 }, // U+0445
    { 0x0446, 18 }, // U+0446
    { 0x0447, 18 }, // U+0447
    { 0x0448, 18 }, // U+0448
    { 0x0449, 18 }, // U+0449
    { 0x044B, 18 }, // U+044B
    { 0x044C, 18 }, // U+044C
    { 0x044D, 18 }, // U+044D
    { 0x044E, 18 }, // U+044E
    { 0x044F, 18 }, // U+044F
    { 0x0450, 23 }, // U+0450
    { 0x0451, 23 }, // U+0451
    { 0x0452, 14 }, // U+0452
    { 0x0453, 18 }, // U+0453
    { 0x0454, 15 }, // U+0454
    { 0x0455, 13 }, // U+0455
    { 0x0457, 14 }, // U+0457
    { 0x0458, 17 }, // U+0458
    { 0x0459, 27 }, // U+0459
    { 0x045A, 18 }, // U+045A
    { 0x045B, 14 }, // U+045B
    { 0x045C, 18 }, // U+045C
    { 0x045D, 18 }, // U+045D
    { 0x045E, 20 }, // U+045E
    { 0x045F, 18 }, // U+045F
    { 0x0472, 6 }, // U+0472
    { 0x0473, 15 }, // U+0473
    { 0x0474, 10 }, // U+0474
    { 0x0475, 20 }, // U+0475
    { 0x048B, 18 }, // U+048B
    { 0x048D, 18 }, // U+048D
    { 0x048F, 18 }, // U+048F
    { 0x0491, 18 }, // U+0491
    { 0x0493, 18 }, // U+0493
    { 0x0495, 18 }, // U+0495
    { 0x0497, 18 }, // U+0497
    { 0x0499, 18 }, // U+0499
    { 0x049B, 18 }, // U+049B
    { 0x049D, 18 }, // U+049D
    { 0x049F, 14 }, // U+049F
    { 0x04A1, 18 }, // U+04A1
    { 0x04A3, 18 }, // U+04A3
    { 0x04A5, 18 }, // U+04A5
    { 0x04A7, 18 }, // U+04A7
    { 0x04A8, 6 }, // U+04A8
    { 0x04A9, 15 }, // U+04A9
    { 0x04AA, 6 }, // U+04AA
    { 0x04AB, 15 }, // U+04AB
    { 0x04AC, 8 }, // U+04AC
    { 0x04AD, 18 }, // U+04AD
    { 0x04AE, 10 }, // U+04AE
    { 0x04AF, 20 }, // U+04AF
    { 0x04B0, 10 }, // U+04B0
    { 0x04B1, 20 }, // U+04B1
    { 0x04B2, 12 }, // U+04B2
    { 0x04B3, 21 }, // U+04B3
    { 0x04B4, 8 }, // U+04B4
    { 0x04B5, 18 }, // U+04B5
    { 0x04B7, 18 }, // U+04B7
    { 0x04B9, 18 }, // U+04B9
    { 0x04BB, 14 }, // U+04BB
    { 0x04C2, 18 }, // U+04C2
    { 0x04C4, 18 }, // U+04C4
    { 0x04C6, 27 }, // U+04C6
    { 0x04C8, 18 }, // U+04C8
    { 0x04CA, 18 }, // U+04CA
    { 0x04CC, 18 }, // U+04CC
    { 0x04CE, 18 }, // U+04CE
    { 0x04D0, 5 }, // U+04D0
    { 0x04D1, 22 }, // U+04D1
    { 0x04D2, 5 }, // U+04D2
    { 0x04D3, 22 }, // U+04D3
    { 0x04D4, 5 }, // U+04D4
    { 0x04D5, 13 }, // U+04D5
    { 0x04D7, 23 }, // U+04D7
    { 0x04D8, 6 }, // U+04D8
    { 0x04D9, 15 }, // U+04D9
    { 0x04DA, 6 }, // U+04DA
    { 0x04DB, 23 }, // U+04DB
    { 0x04DD, 18 }, // U+04DD
    { 0x04E1, 19 }, // U+04E1
    { 0x04E3, 18 }, // U+04E3
    { 0x04E5, 18 }, // U+04E5
    { 0x04E6, 6 }, // U+04E6
    { 0x04E7, 23 }, // U+04E7
    { 0x04E8, 6 }, // U+04E8
    { 0x04E9, 15 }, // U+04E9
    { 0x04EA, 6 }, // U+04EA
    { 0x04EB, 23 }, // U+04EB
    { 0x04ED, 18 }, // U+04ED
    { 0x04EF, 20 }, // U+04EF
    { 0x04F1, 20 }, // U+04F1
    { 0x04F3, 20 }, // U+04F3
    { 0x04F5, 18 }, // U+04F5
    { 0x04F7, 18 }, // U+04F7
    { 0x04F9, 18 }, // U+04F9
    { 0x04FB, 18 }, // U+04FB
    { 0x04FC, 12 }, // U+04FC
    { 0x04FD, 21 }, // U+04FD
    { 0x04FE, 12 }, // U+04FE
    { 0x04FF, 21 }, // U+04FF
    { 0x1EA0, 5 }, // U+1EA0
    { 0x1EA1, 16 }, // U+1EA1
    { 0x1EA2, 5 }, // U+1EA2
    { 0x1EA3, 22 }, // U+1EA3
    { 0x1EA4, 5 }, // U+1EA4
    { 0x1EA5, 22 }, // U+1EA5
    { 0x1EA6, 5 }, // U+1EA6
    { 0x1EA7, 22 }, // U+1EA7
    { 0x1EA8, 5 }, // U+1EA8
    { 0x1EA9, 22 }, // U+1EA9
    { 0x1EAA, 5 }, // U+1EAA
    { 0x1EAB, 22 }, // U+1EAB
    { 0x1EAC, 5 }, // U+1EAC
    { 0x1EAD, 22 }, // U+1EAD
    { 0x1EAE, 5 }, // U+1EAE
    { 0x1EAF, 22 }, // U+1EAF
    { 0x1EB0, 5 }, // U+1EB0
    { 0x1EB1, 22 }, // U+1EB1
    { 0x1EB2, 5 }, // U+1EB2
    { 0x1EB3, 22 }, // U+1EB3
    { 0x1EB4, 5 }, // U+1EB4
    { 0x1EB5, 22 }, // U+1EB5
    { 0x1EB6, 5 }, // U+1EB6
    { 0x1EB7, 22 }, // U+1EB7
    { 0x1EB9, 26 }, // U+1EB9
    { 0x1EBB, 23 }, // U+1EBB
    { 0x1EBD, 23 }, // U+1EBD
    { 0x1EBF, 23 }, // U+1EBF
    { 0x1EC1, 23 }, // U+1EC1
    { 0x1EC3, 23 }, // U+1EC3
    { 0x1EC5, 23 }, // U+1EC5
    { 0x1EC7, 23 }, // U+1EC7
    { 0x1ECC, 6 }, // U+1ECC
    { 0x1ECD, 15 }, // U+1ECD
    { 0x1ECE, 6 }, // U+1ECE
    { 0x1ECF, 23 }, // U+1ECF
    { 0x1ED0, 6 }, // U+1ED0
    { 0x1ED1, 23 }, // U+1ED1
    { 0x1ED2, 6 }, // U+1ED2
    { 0x1ED3, 23 }, // U+1ED3
    { 0x1ED4, 6 }, // U+1ED4
    { 0x1ED5, 23 }, // U+1ED5
    { 0x1ED6, 6 }, // U+1ED6
    { 0x1ED7, 23 }, // U+1ED7
    { 0x1ED8, 6 }, // U+1ED8
    { 0x1ED9, 23 }, // U+1ED9
    { 0x1EE4, 9 }, // U+1EE4
    { 0x1EE5, 19 }, // U+1EE5
    { 0x1EE6, 9 }, // U+1EE6
    { 0x1EE7, 18 }, // U+1EE7
    { 0x1EF2, 10 }, // U+1EF2
    { 0x1EF3, 20 }, // U+1EF3
    { 0x1EF4, 10 }, // U+1EF4
    { 0x1EF5, 20 }, // U+1EF5
    { 0x1EF6, 10 }, // U+1EF6
    { 0x1EF7, 20 }, // U+1EF7
    { 0x1EF8, 10 }, // U+1EF8
    { 0x1EF9, 20 }, // U+1EF9
    { 0x2018, 1 }, // U+2018
    { 0x2019, 1 }, // U+2019
    { 0x201A, 3 }, // U+201A
    { 0x201C, 1 }, // U+201C
    { 0x201D, 1 }, // U+201D
    { 0x201E, 3 }, // U+201E
    { 0x2026, 3 }, // U+2026
    { 0xFB00, 4 }, // U+FB00
    { 0xFB03, 4 }, // U+FB03
    { 0xFB04, 4 }, // U+FB04
};

static const int8_t chareink_11_5_regularKernMatrix[] = {
       0,    0,  -37,    0,  -43,    0,    0,    0,    0,    0,    0,    0,   -6,    0,  -11,   -9,    0,    0,    0,    0,    0,   -6,  -11,    0,    0,  -11,  -47,
       0,    0,    0,    0,    0,    0,    0,    0,    0,    0,    0,    0,    0,    0,    0,    0,   37,    0,    0,    0,    0,    0,    0,    0,    0,    0,    0,
     -37,    0,    0,    0,    0,    0,    0,  -41,    0,  -41,  -36,    0,    0,    0,    0,    0,    0,    0,    0,  -34,    0,    0,    0,    0,    0,    0,    0,
     -51,    0,    0,    0,    0,   -9,    0,  -30,  -11,  -36,  -26,    0,    0,    0,    0,    0,    0,    0,    0,  -19,    0,    0,    0,    0,    0,    0,    0,
       0,    0,    0,    0,   -6,    0,    0,    0,    0,   -7,   -4,   -7,    0,    0,    0,    0,    0,    0,    0,    0,    0,    0,    0,    0,    0,    0,    0,
       0,    0,  -41,    0,  -21,    0,    0,    0,    0,    0,    0,    0,   -4,    0,   -4,   -4,    0,    0,    0,    0,    0,   -4,   -4,    0,    0,   -4,  -30,
       0,    0,    0,    0,    0,   -9,    0,    0,    0,    0,    0,    0,    0,    0,    0,    0,    0,    0,    0,    0,    0,    0,    0,    0,    0,    0,    0,
     -45,    0,    0,    0,    0,    0,    0,  -19,    0,  -24,  -15,    0,    0,    0,    0,    0,    0,    0,    0,   -9,    0,    0,    0,    0,    0,    0,    0,
       0,    0,    0,    0,    0,    0,    0,  -11,    0,  -19,  -17,    0,    0,    0,    0,    0,    0,    0,    0,    0,    0,    0,    0,    0,    0,    0,    0,
       0,    0,  -28,    0,  -26,    0,    0,    0,    0,    0,    0,    0,   -9,    0,  -13,   -9,    0,   -2,   -4,    0,    0,   -5,   -7,    0,    0,  -13,  -28,
       0,    0,    0,    0,  -11,    0,    0,    0,    0,    0,    0,    0,    0,    0,   -4,    0,    0,    0,    0,    0,    0,    0,    0,    0,    0,    0,  -13,
       0,    0,  -34,    0,  -36,   -7,   -6,    0,    0,    0,    0,    0,  -22,    0,  -22,  -22,    0,   -9,  -11,    0,    0,  -11,  -11,    0,    0,  -22,  -45,
       0,    0,  -30,    0,  -26,   -4,   -2,    0,    0,    0,    0,    0,  -13,    0,  -15,  -13,    0,   -6,   -7,    0,    0,   -7,   -7,    0,    0,  -15,  -36,
     -15,    0,    0,    0,    0,    0,    0,    0,    0,    0,    0,    0,    0,    0,    0,    0,    0,    0,    0,  -11,    0,    0,    0,    0,    0,    0,    0,
     -13,    0,    0,    0,    0,    0,    0,    0,    0,    0,    0,    0,    0,    0,    0,    0,    0,    0,    0,   -6,   -4,    0,    0,    0,    0,    0,   -9,
       0,    0,    0,    0,    0,    0,    0,    0,    0,    0,    0,    0,    0,   -2,    0,    0,    0,    0,    0,    0,    0,    0,    0,    0,   -6,    0,    0,
      -2,    0,    0,    0,    0,    0,    0,    0,    0,    0,    0,    0,    0,    0,    0,    0,    0,    0,    0,    0,    0,    0,    0,    0,    0,    0,    0,
      34,   28,    0,    0,    0,    0,    0,    0,    0,    0,    0,    0,    0,    0,    0,    0,    0,    0,    0,    0,    0,    0,    0,    0,    0,    0,    0,
      -7,    0,    0,    0,    0,    0,    0,    0,    0,    0,    0,    0,    0,    0,    0,    0,   15,    0,    0,    0,    0,    0,    0,    0,    0,    0,    0,
      -4,    0,    0,    0,    0,    0,    0,    0,    0,    0,    0,    0,    0,    0,   -6,    0,    0,    0,    0,    0,    0,    0,   -6,    0,    0,   -6,    0,
       0,    0,  -22,    0,    0,    0,    0,    0,    0,    0,    0,    0,    0,    0,    0,    0,    0,    0,    0,    0,    0,    0,    0,    0,    0,    0,  -21,
       0,    0,  -30,    0,    0,    0,    0,    0,    0,    0,    0,    0,   -2,    0,   -6,   -7,    0,    0,    0,    0,    0,   -2,   -6,    0,    0,   -6,  -24,
       0,    0,    0,    0,    0,    0,    0,    0,    0,    0,    0,    0,    0,    0,    0,    0,    0,    0,    0,    0,    0,    0,    0,   24,    0,    0,    0,
       0,    0,  -20,  -20,    0,    0,    0,    0,    0,    0,    0,    0,  -20,    0,  -20,  -20,  -20,  -20,  -20,  -20,  -20,  -20,  -20,    0,    0,  -20,    0,
     -19,    0,    0,    0,    0,    0,    0,  -13,    0,  -13,    0,    0,    0,    0,    0,    0,    0,    0,    0,   -9,    0,    0,    0,    0,    0,    0,    0,
       0,    0,  -15,  -15,    0,    0,    0,    0,    0,    0,    0,    0,  -15,    0,  -15,  -15,  -15,  -15,  -15,  -15,  -15,  -15,  -15,    0,    0,  -15,    0,
       0,    0,    0,    0,    0,    0,    0,    0,    0,    0,    0,    0,  -15,   -9,  -15,  -15,    0,    0,    0,    0,    0,  -15,  -15,    0,   -9,  -15,    0,
     -37,    0,    0,    0,    0,    0,    0,    0,    0,    0,    0,    0,    0,    0,   -9,    0,    0,    0,    0,  -22,    0,    0,   -7,    0,    0,   -7,    0,
};

static const EpdLigaturePair chareink_11_5_regularLigaturePairs[] = {
    { 0x00660066, 0xFB00 }, // f f -> U+FB00
    { 0x00660069, 0xFB01 }, // f i -> U+FB01
    { 0x0066006C, 0xFB02 }, // f l -> U+FB02
    { 0xFB000069, 0xFB03 }, // U+FB00 i -> U+FB03
    { 0xFB00006C, 0xFB04 }, // U+FB00 l -> U+FB04
};

static const EpdFontData chareink_11_5_regular = {
    chareink_11_5_regularBitmaps,
    chareink_11_5_regularGlyphs,
    chareink_11_5_regularIntervals,
    50,
    25,
    20,
    -6,
    true,
    chareink_11_5_regularGroups,
    14,
    chareink_11_5_regularKernLeftClasses,
    chareink_11_5_regularKernRightClasses,
    chareink_11_5_regularKernMatrix,
    447,
    457,
    28,
    27,
    chareink_11_5_regularLigaturePairs,
    5,
};
