/**
 * generated by fontconvert.py
 * name: chareink_11_5_italic
 * size: 11.5
 * mode: 2-bit  compressed: true
 * Command used: /home/jonas/Hacking/Instax4/crosspoint-reader/lib/EpdFont/scripts/fontconvert.py chareink_11_5_italic 11.5 /home/jonas/Hacking/Instax4/crosspoint-reader/lib/EpdFont/builtinFonts/source/ChareInk/ChareInk7SP-Italic.ttf --2bit --compress --force-autohint
 */
#pragma once
#include "EpdFontData.h"

static const uint8_t chareink_11_5_italicBitmaps[28289] = {
    0x75, 0x58, 0x3F, 0x6C, 0x24, 0x57, 0x19, 0xFF, 0x66, 0x5E, 0xE2, 0x07, 0xF7, 0x72, 0x7E, 0x57,
    0x20, 0x25, 0xC2, 0x7F, 0x86, 0x82, 0x22, 0xC5, 0x7A, 0x27, 0xC5, 0x49, 0x6C, 0x31, 0xBB, 0x3B,
    0xC7, 0x15, 0x57, 0x04, 0x85, 0x34, 0x88, 0x02, 0x10, 0x0D, 0xBD, 0x2D, 0x61, 0x29, 0x96, 0x32,
    0xEB, 0x7D, 0x17, 0x17, 0x11, 0x8A, 0x04, 0x2E, 0x90, 0xA0, 0x09, 0x0A, 0x1D, 0x15, 0x67, 0xD0,
    0x15, 0x5B, 0xAC, 0x6F, 0xDF, 0xC5, 0x45, 0x0A, 0x0A, 0x5E, 0x2E, 0x45, 0x2A, 0x92, 0x97, 0xE3,
    0x80, 0x22, 0xE8, 0x32, 0x77, 0x19, 0x92, 0xB1, 0x58, 0xEF, 0xF0, 0xFB, 0xDE, 0xD8, 0x67, 0x87,
    0xC0, 0xDA, 0xB3, 0x9E, 0x3F, 0xEF, 0x7D, 0x7F, 0x7F, 0xDF, 0xEF, 0xFB, 0xC6, 0x51, 0xA9, 0xED,
    0x80, 0x2A, 0x69, 0x13, 0x9A, 0xC4, 0x4E, 0x53, 0x46, 0x3E, 0xCE, 0x89, 0x0E, 0xA4, 0xD7, 0x79,
    0xD6, 0x7F, 0xF4, 0xF9, 0x1B, 0x6F, 0x76, 0xB6, 0xFE, 0xF8, 0xDA, 0xCF, 0x9E, 0x21, 0xA2, 0xFC,
    0x0A, 0x45, 0x76, 0x8B, 0x62, 0xE3, 0x49, 0xE4, 0x96, 0x64, 0x64, 0xE9, 0x92, 0x30, 0xBA, 0x69,
    0x16, 0xB4, 0xAA, 0x88, 0x9E, 0x5F, 0x26, 0xBA, 0x8A, 0x75, 0x2F, 0xAC, 0xD2, 0xB0, 0x69, 0x6A,
    0x72, 0x57, 0xBF, 0xB4, 0x7C, 0x29, 0x36, 0xD4, 0x7E, 0x2C, 0x11, 0x1E, 0x35, 0x5E, 0x3E, 0x1C,
    0x89, 0xF7, 0x5E, 0x8C, 0xCA, 0x7B, 0x76, 0xBA, 0x45, 0xC9, 0x0F, 0x49, 0x2C, 0x88, 0x86, 0x1E,
    0x4F, 0x88, 0x5E, 0x2D, 0x69, 0x75, 0xB4, 0xAC, 0xF4, 0xF5, 0xBD, 0xBD, 0xBB, 0xFE, 0x3D, 0x7F,
    0xF8, 0xAA, 0x97, 0xCD, 0x3E, 0x41, 0x91, 0x80, 0x10, 0x98, 0x18, 0xCD, 0x71, 0xB6, 0x91, 0x51,
    0x27, 0x72, 0xDB, 0xB1, 0xD5, 0xB1, 0x5B, 0xA5, 0x9E, 0x22, 0x17, 0xB9, 0xEC, 0x32, 0xC9, 0x6B,
    0xCE, 0x1F, 0x2E, 0x2F, 0xAB, 0xCB, 0xAB, 0x89, 0x3F, 0xF0, 0x3D, 0x92, 0x32, 0xF7, 0x74, 0xB5,
    0x23, 0x8D, 0xC8, 0xCB, 0x35, 0xEA, 0x09, 0x53, 0x62, 0x87, 0x30, 0x1D, 0xEA, 0x64, 0x30, 0x2B,
    0x35, 0xB4, 0x52, 0x13, 0x75, 0xB5, 0xA1, 0xF5, 0xA8, 0x24, 0x9D, 0x17, 0x24, 0x5C, 0x4A, 0x34,
    0x4D, 0x88, 0xF4, 0xEF, 0xA1, 0xB0, 0xBE, 0xF4, 0x3B, 0x39, 0x8B, 0x17, 0x6A, 0xAF, 0xCC, 0xA4,
    0xDD, 0x5D, 0x8B, 0x4B, 0xF5, 0x01, 0x4D, 0x69, 0x46, 0x49, 0xAE, 0xAD, 0xA8, 0xBA, 0x27, 0x94,
    0xD6, 0xAA, 0xCA, 0x8A, 0x62, 0x7B, 0xEB, 0xAD, 0x7D, 0xA2, 0x2B, 0x94, 0x98, 0xD8, 0x53, 0x97,
    0x82, 0x2C, 0x62, 0x61, 0x04, 0x49, 0x53, 0x12, 0x9E, 0xAF, 0x33, 0xBE, 0x2F, 0x2D, 0x69, 0xC2,
    0x29, 0xDD, 0x26, 0x2A, 0x29, 0xAA, 0xC2, 0x09, 0x85, 0x13, 0x58, 0x52, 0xF1, 0x12, 0x11, 0x96,
    0xF4, 0xF9, 0x39, 0x56, 0x5F, 0x10, 0x50, 0xF0, 0xDF, 0x84, 0x57, 0xA9, 0x1C, 0xDB, 0x06, 0x21,
    0x1A, 0xF4, 0x0D, 0x8A, 0x1C, 0x09, 0x52, 0xDF, 0xD9, 0x49, 0xDE, 0xF0, 0xB8, 0xB3, 0xEA, 0xA2,
    0xFB, 0x4E, 0x8A, 0x3C, 0x88, 0xCD, 0xDB, 0xA8, 0xFD, 0x8F, 0x03, 0xA9, 0x9A, 0xFF, 0xBF, 0x67,
    0x7C, 0xC4, 0x76, 0x57, 0xFA, 0xE5, 0xC8, 0x6E, 0xF7, 0x90, 0x18, 0x98, 0x96, 0xDD, 0x81, 0xD1,
    0x97, 0x89, 0x3A, 0x48, 0x36, 0x60, 0x12, 0x94, 0x1A, 0x92, 0x44, 0xC8, 0xFE, 0x2A, 0x51, 0x8F,
    0xEF, 0x91, 0xC3, 0x36, 0x24, 0xFD, 0xFC, 0xDE, 0x16, 0xD1, 0xCB, 0xB0, 0x43, 0xD5, 0x24, 0xEF,
    0x95, 0x51, 0xA9, 0x4D, 0x9F, 0x0A, 0x65, 0xA5, 0xAD, 0xA8, 0x48, 0x48, 0x1D, 0x95, 0x34, 0x1D,
    0x90, 0x3E, 0xF2, 0x54, 0xF5, 0x29, 0x11, 0x4E, 0xF8, 0x01, 0x15, 0x71, 0xA9, 0x73, 0xFD, 0xBA,
    0xA3, 0xD4, 0x13, 0xA5, 0x71, 0x73, 0xF7, 0x57, 0x78, 0x8A, 0x80, 0x61, 0xB9, 0x8D, 0xF9, 0xB4,
    0x7F, 0xE1, 0x54, 0x00, 0x6E, 0x72, 0x41, 0xD2, 0xCD, 0xA9, 0x12, 0x3E, 0xA1, 0x21, 0xBD, 0x8C,
    0x10, 0xD1, 0x08, 0xE9, 0x83, 0x07, 0x25, 0x87, 0x8E, 0x90, 0x4F, 0x65, 0x38, 0x15, 0x51, 0x29,
    0xCC, 0x84, 0xB6, 0xE1, 0xF8, 0x8D, 0xA6, 0x29, 0x29, 0xA9, 0x69, 0xA4, 0x5D, 0x9F, 0xEA, 0x24,
    0x1F, 0x12, 0x87, 0x57, 0x21, 0xD8, 0x86, 0x9A, 0x9C, 0x01, 0xC6, 0xFB, 0x05, 0xF6, 0xD7, 0x3B,
    0x54, 0x0C, 0x69, 0x20, 0xDD, 0x88, 0x36, 0x11, 0x04, 0x4E, 0x8C, 0x46, 0x7A, 0x90, 0xDF, 0x9A,
    0xF4, 0x21, 0xE9, 0x5F, 0x90, 0xDE, 0xB3, 0xFA, 0x26, 0x1C, 0x9B, 0xC0, 0x37, 0xD9, 0x34, 0x15,
    0xE7, 0x0C, 0xC6, 0xD1, 0x24, 0xA4, 0x10, 0xEB, 0x71, 0x4D, 0x4D, 0x63, 0x87, 0x8D, 0x5F, 0x27,
    0x4E, 0x1C, 0x22, 0x84, 0xCC, 0xD2, 0xE0, 0x98, 0x2E, 0xDD, 0xC2, 0xDF, 0xC3, 0x56, 0x17, 0x76,
    0x54, 0x57, 0xA8, 0x48, 0x29, 0x53, 0xAE, 0xA0, 0xF1, 0x83, 0xB6, 0x5A, 0x56, 0x2C, 0xED, 0xE6,
    0x2C, 0xAA, 0xC5, 0x49, 0x81, 0x6D, 0xB3, 0xFD, 0xC4, 0x1D, 0x2A, 0xAB, 0x8E, 0x7C, 0x54, 0x21,
    0x02, 0x7D, 0xD2, 0xDF, 0xCD, 0xE5, 0x91, 0x17, 0x7E, 0x8A, 0xF0, 0xBE, 0x56, 0xD2, 0xD8, 0x11,
    0x2A, 0xD3, 0x23, 0xBB, 0xCB, 0xA4, 0xAE, 0x59, 0xE0, 0x89, 0xD1, 0x06, 0xF7, 0x22, 0xDF, 0x9E,
    0x51, 0x30, 0xAF, 0x68, 0xCF, 0x1C, 0xD1, 0x4E, 0x38, 0x43, 0x7C, 0x58, 0x0F, 0x71, 0x58, 0x06,
    0xCA, 0x72, 0x58, 0xA8, 0x2B, 0xAD, 0xBE, 0x06, 0x86, 0x18, 0xBE, 0x6E, 0x45, 0x63, 0xE4, 0x87,
    0xB5, 0xB4, 0xE3, 0x3D, 0x2B, 0x1E, 0x23, 0x6B, 0x53, 0xEA, 0x26, 0xA4, 0x45, 0x95, 0x50, 0x72,
    0x4C, 0xB4, 0xE9, 0x69, 0x92, 0x52, 0x1D, 0x97, 0x53, 0x2A, 0x60, 0xD0, 0x8F, 0x73, 0xF1, 0xBE,
    0x8D, 0x1E, 0x21, 0xC7, 0x03, 0x4A, 0x95, 0x1B, 0xE7, 0xE3, 0x4F, 0x2C, 0xA3, 0x1A, 0x3A, 0xF0,
    0x2B, 0x1D, 0x87, 0x79, 0x9C, 0xD3, 0xF3, 0xC4, 0xC1, 0x39, 0xE1, 0xF8, 0xB4, 0x1F, 0x61, 0xEF,
    0x60, 0x55, 0x41, 0x27, 0x6C, 0xDD, 0xF9, 0x27, 0x76, 0xD2, 0x2B, 0x4F, 0x3E, 0xB2, 0x32, 0xEF,
    0x9D, 0xDF, 0xC6, 0x9A, 0x95, 0x07, 0x14, 0x9F, 0x40, 0xBD, 0x21, 0xF5, 0x20, 0x84, 0x9B, 0x86,
    0x00, 0x7C, 0x7C, 0xCC, 0x91, 0x83, 0x8F, 0x34, 0xC3, 0xD5, 0x12, 0xA7, 0x6D, 0x95, 0x37, 0x04,
    0xC4, 0xFF, 0xD7, 0xE7, 0xE2, 0x3D, 0xDE, 0xBF, 0xC2, 0x81, 0x1F, 0x7F, 0x41, 0x48, 0x11, 0x18,
    0xE7, 0x54, 0x49, 0x04, 0x75, 0xE9, 0x7E, 0x28, 0x81, 0xF0, 0x51, 0x27, 0xE2, 0xA3, 0x1A, 0x88,
    0x06, 0xD0, 0xF0, 0x55, 0xA1, 0x26, 0x41, 0x0D, 0x86, 0x3C, 0xAD, 0x51, 0xC4, 0x94, 0x87, 0x12,
    0x39, 0x0C, 0x08, 0xA0, 0x19, 0x04, 0xEA, 0x7D, 0x9C, 0x22, 0xDE, 0x5B, 0x28, 0x1E, 0x5A, 0x95,
    0x26, 0x79, 0x78, 0x59, 0x53, 0x35, 0x92, 0x6B, 0xC2, 0x66, 0xB2, 0xA3, 0x4C, 0x26, 0x33, 0x10,
    0xB1, 0xEC, 0x69, 0xDA, 0xB9, 0x84, 0xB3, 0xDB, 0xCF, 0xE0, 0xAB, 0x7C, 0xBE, 0xA3, 0x5F, 0xAB,
    0xDE, 0x5A, 0x13, 0xF5, 0x2C, 0xD7, 0xAC, 0x52, 0xB2, 0x5C, 0x4E, 0xEB, 0x15, 0x68, 0xC3, 0xC5,
    0x52, 0xF3, 0xE0, 0xCC, 0x03, 0x56, 0xC4, 0xA8, 0xE5, 0xA0, 0xD0, 0x27, 0xF0, 0xE2, 0x53, 0x38,
    0xB0, 0x8D, 0x1A, 0xC8, 0xC0, 0x1A, 0x1B, 0x78, 0xBA, 0xCC, 0xDC, 0x01, 0xDA, 0x96, 0x46, 0x1B,
    0x61, 0xE3, 0x12, 0xF9, 0x2F, 0x00, 0x46, 0xA8, 0x22, 0xF1, 0x6E, 0x63, 0x55, 0x13, 0x37, 0xA0,
    0xDA, 0x3A, 0x71, 0xC2, 0x69, 0x93, 0x40, 0x7E, 0x41, 0x55, 0xEC, 0x15, 0x10, 0x5E, 0x23, 0x54,
    0x86, 0xAA, 0x15, 0x27, 0xAD, 0xB2, 0x29, 0x4A, 0xB0, 0xA6, 0x42, 0x38, 0xD4, 0x2A, 0x1C, 0x2E,
    0x96, 0xEA, 0x04, 0x42, 0x61, 0xC9, 0x7E, 0x54, 0x4B, 0x10, 0xA8, 0x42, 0xE9, 0x75, 0xA0, 0xF2,
    0xE5, 0xBA, 0xB5, 0x09, 0x25, 0x48, 0x08, 0x21, 0x83, 0x5C, 0xB7, 0x97, 0xE0, 0x01, 0x89, 0x98,
    0x65, 0x74, 0x88, 0xA5, 0x9B, 0xC7, 0xE0, 0xFD, 0x85, 0x41, 0x1D, 0xDC, 0x21, 0x26, 0x01, 0x38,
    0x57, 0xE0, 0x47, 0xE7, 0x5D, 0x6C, 0x41, 0x34, 0x6B, 0xA0, 0x66, 0x00, 0x33, 0xA1, 0x89, 0x58,
    0x39, 0xDF, 0x44, 0x31, 0x3B, 0x38, 0x53, 0x82, 0x38, 0x8B, 0xA5, 0x32, 0x62, 0xB3, 0x63, 0xCE,
    0x65, 0x1D, 0x79, 0xE1, 0x64, 0x9E, 0xD0, 0x53, 0x9C, 0xB8, 0xB8, 0x5C, 0x85, 0xD4, 0x03, 0xB6,
    0x3D, 0xAA, 0xD6, 0x60, 0xCB, 0x0B, 0x50, 0x9E, 0x33, 0xD3, 0x62, 0x37, 0x9A, 0x9E, 0x62, 0x1B,
    0x12, 0x94, 0x4B, 0xCC, 0x8D, 0xAB, 0x8E, 0xE1, 0xB7, 0x82, 0x6F, 0xCF, 0x85, 0xBD, 0xBE, 0x83,
    0xBD, 0x1E, 0x7B, 0xF3, 0xA8, 0xEA, 0x60, 0xEF, 0x16, 0x98, 0xFD, 0x6C, 0x2F, 0x97, 0x0C, 0x93,
    0x4B, 0xD2, 0x30, 0x40, 0x91, 0x81, 0xC1, 0xB5, 0x39, 0x4C, 0xD9, 0x81, 0xB7, 0xDB, 0x49, 0x4E,
    0x57, 0xC0, 0x28, 0xCC, 0x42, 0xBC, 0x04, 0x9E, 0x0F, 0xE7, 0xF3, 0xC0, 0x51, 0xD2, 0x32, 0x4C,
    0x50, 0x21, 0x26, 0x85, 0x77, 0x0A, 0x84, 0x15, 0xCD, 0xFE, 0x86, 0xED, 0x6E, 0x78, 0x02, 0x07,
    0x21, 0xB6, 0x4F, 0xA1, 0x00, 0x24, 0x7F, 0x05, 0x50, 0xB1, 0xF7, 0x5C, 0xBC, 0x4D, 0x03, 0x2B,
    0x10, 0x01, 0x4E, 0x7C, 0xCA, 0xCC, 0x36, 0xE0, 0x68, 0xF6, 0x2F, 0xEC, 0x09, 0xCB, 0xC7, 0x73,
    0xD5, 0x58, 0x74, 0xD7, 0xF0, 0xAC, 0x95, 0xD2, 0x0A, 0x08, 0x7B, 0xDB, 0x6D, 0x0E, 0x51, 0x07,
    0x05, 0x37, 0xA8, 0x47, 0x1C, 0xA8, 0x46, 0x76, 0x16, 0xBB, 0xD9, 0x33, 0x68, 0x62, 0x6E, 0x4A,
    0x28, 0x90, 0xE7, 0x80, 0x5D, 0x8D, 0x4D, 0x06, 0x4E, 0xB2, 0x02, 0x94, 0x3D, 0xDA, 0x85, 0xAD,
    0x20, 0xB0, 0xE6, 0x3E, 0x6B, 0x80, 0xD6, 0x7E, 0x68, 0x51, 0x00, 0x74, 0xC1, 0xD4, 0xF6, 0x06,
    0x36, 0x7F, 0xC6, 0x29, 0x46, 0x4C, 0xA2, 0x47, 0x2C, 0x86, 0x49, 0xD8, 0x33, 0x69, 0xC1, 0x1E,
    0xE1, 0x12, 0xE6, 0x1F, 0xF0, 0xB5, 0x95, 0x0E, 0xDA, 0x13, 0xC4, 0xDC, 0x07, 0xEA, 0x73, 0x01,
    0xCD, 0x45, 0xC0, 0xC5, 0x97, 0xAF, 0x9F, 0x02, 0x22, 0xF2, 0x32, 0x42, 0xE4, 0x1E, 0x21, 0xBF,
    0x31, 0x40, 0x88, 0x6E, 0xD4, 0x50, 0xB4, 0x20, 0x31, 0x27, 0x5D, 0xD1, 0x7A, 0x49, 0xAF, 0x3A,
    0xFA, 0xA9, 0x13, 0x1F, 0x52, 0xFC, 0x67, 0xB3, 0x81, 0x90, 0x75, 0xE9, 0xBE, 0xA7, 0xDE, 0x54,
    0x41, 0xD6, 0xBB, 0x65, 0x0F, 0x71, 0xB8, 0x7E, 0x74, 0x17, 0x78, 0xD4, 0x3F, 0x42, 0x40, 0xCA,
    0x41, 0x09, 0xFC, 0x98, 0x59, 0x5E, 0xD3, 0x72, 0x34, 0x87, 0xAA, 0x6D, 0xE9, 0x92, 0x3C, 0x99,
    0x2F, 0x0B, 0x8E, 0x1B, 0x25, 0xC8, 0x55, 0x0E, 0x82, 0x1E, 0xC2, 0x5F, 0x30, 0x29, 0xAA, 0xF7,
    0x15, 0x34, 0x0D, 0xFA, 0x43, 0x25, 0x73, 0x2A, 0x6B, 0x8C, 0x20, 0xBE, 0x40, 0xE2, 0xFD, 0x40,
    0xA3, 0xFD, 0xA5, 0xCB, 0xA0, 0x72, 0xFD, 0x26, 0xA2, 0xAF, 0xFE, 0x89, 0x2F, 0xC1, 0xDD, 0x34,
    0x9E, 0xB7, 0x01, 0x1F, 0x97, 0x4C, 0xD7, 0x0A, 0x35, 0x71, 0x28, 0x19, 0xD0, 0x15, 0x67, 0x07,
    0xFE, 0x8F, 0x80, 0x8B, 0x3E, 0x70, 0x31, 0x00, 0x2E, 0x46, 0xF3, 0xF6, 0x98, 0xE2, 0xA8, 0xA7,
    0x08, 0x78, 0x3F, 0x0C, 0x1F, 0xDA, 0x28, 0x34, 0x9B, 0x68, 0xE6, 0xB8, 0x26, 0x00, 0xB7, 0xC4,
    0x0A, 0xB6, 0x10, 0xC9, 0x98, 0x02, 0xA0, 0xBE, 0x2D, 0xCC, 0x7E, 0x54, 0x45, 0xFF, 0x1A, 0xE7,
    0x3C, 0x17, 0x71, 0x6D, 0x9D, 0x62, 0x32, 0xB9, 0x80, 0x49, 0xD6, 0x9D, 0x5E, 0xAB, 0x00, 0xD9,
    0x24, 0x67, 0xC0, 0xB0, 0x72, 0x04, 0x44, 0xDF, 0x00, 0x07, 0xDF, 0xE3, 0xC1, 0x63, 0xDE, 0x5A,
    0x93, 0x72, 0x3B, 0x43, 0xDB, 0x50, 0x76, 0x44, 0xA0, 0x59, 0x8B, 0x4C, 0x1D, 0x4A, 0x8F, 0x52,
    0xF6, 0x6D, 0xCD, 0xA2, 0x60, 0x91, 0xD6, 0xC6, 0x05, 0x22, 0x6E, 0x10, 0xFD, 0x81, 0xE4, 0x16,
    0x3C, 0x47, 0x7E, 0xF8, 0xA8, 0x69, 0x82, 0x64, 0x55, 0x2B, 0xE8, 0x9B, 0x30, 0xA2, 0x84, 0xE1,
    0xD0, 0x14, 0x63, 0x84, 0xE4, 0x1A, 0x45, 0x31, 0x21, 0x8E, 0x20, 0x0C, 0x27, 0xAA, 0xF1, 0x9C,
    0xEE, 0xC0, 0xA8, 0x5C, 0xA2, 0xBB, 0x95, 0xC2, 0x76, 0x31, 0x8B, 0x41, 0xC3, 0xB0, 0xE5, 0x2A,
    0xC5, 0x07, 0x37, 0x5D, 0xE4, 0x3D, 0x8D, 0xD0, 0xB3, 0x3A, 0x98, 0x06, 0xE0, 0xF7, 0x00, 0x0E,
    0xCC, 0x98, 0x79, 0x9A, 0xAA, 0x4C, 0xE3, 0xA3, 0xBC, 0x56, 0x5F, 0x11, 0xEE, 0xB9, 0x50, 0x7B,
    0x45, 0x0B, 0x51, 0xB8, 0x14, 0x78, 0xBB, 0x3A, 0x27, 0x9A, 0xC9, 0x29, 0xD1, 0x98, 0x80, 0xEF,
    0x59, 0x2D, 0x1B, 0x9C, 0x1E, 0x00, 0xD9, 0x25, 0xA7, 0x0E, 0x71, 0x40, 0x90, 0x23, 0x8C, 0xBE,
    0xB1, 0xE5, 0xCA, 0xC1, 0x4C, 0x65, 0x70, 0xE4, 0x53, 0xF0, 0x11, 0x0A, 0x05, 0xF1, 0x5B, 0x86,
    0xEC, 0x0E, 0x0D, 0xAF, 0x1D, 0x90, 0x04, 0xD8, 0x87, 0x55, 0xDC, 0x40, 0xD1, 0x3A, 0x97, 0x12,
    0x1E, 0x63, 0x90, 0x74, 0x80, 0x46, 0x0D, 0x02, 0xEF, 0x12, 0x47, 0x6D, 0x1B, 0x1E, 0xA3, 0xAB,
    0x66, 0x18, 0x8B, 0xF4, 0x4B, 0xD0, 0xFC, 0x31, 0x2C, 0x40, 0x94, 0x28, 0x85, 0x35, 0x5C, 0x5B,
    0x0C, 0xE5, 0x21, 0x08, 0x4C, 0xCF, 0x41, 0x9A, 0x46, 0x81, 0xC1, 0x16, 0x94, 0x81, 0xBC, 0xE6,
    0x11, 0xE4, 0x74, 0x61, 0x92, 0xCE, 0xFF, 0x01, 0x21, 0x7D, 0xA5, 0x21, 0xB6, 0xEA, 0x65, 0x6B,
    0x24, 0xEE, 0xDB, 0x0A, 0x94, 0xFC, 0x73, 0xF1, 0x7E, 0x4E, 0xDD, 0x03, 0x0D, 0x47, 0x67, 0x06,
    0xB3, 0x10, 0xA0, 0x35, 0x83, 0x48, 0x1F, 0xD5, 0x9C, 0x68, 0x76, 0x76, 0x87, 0xC7, 0x2C, 0x6A,
    0xCA, 0x21, 0x2A, 0x93, 0x3B, 0x3B, 0xE8, 0x0B, 0xEA, 0x36, 0x60, 0xC4, 0x47, 0xF0, 0x5F, 0x7E,
    0xC0, 0xC9, 0xE3, 0x2C, 0x72, 0x50, 0x88, 0x3B, 0x82, 0xE6, 0x7C, 0xDE, 0x46, 0xA8, 0x14, 0x12,
    0x4E, 0x13, 0xC8, 0xE0, 0x3E, 0x00, 0xCF, 0x80, 0xBA, 0x05, 0x4A, 0xB2, 0x29, 0xD3, 0x79, 0x92,
    0x0B, 0xAB, 0x0D, 0x98, 0xD1, 0x6E, 0x00, 0x53, 0x3B, 0x08, 0x65, 0x49, 0xF1, 0x63, 0x68, 0xFB,
    0x37, 0x60, 0xB0, 0x38, 0x65, 0xB4, 0x69, 0x8B, 0x39, 0x8E, 0x3A, 0xFB, 0xC7, 0x89, 0x48, 0xF8,
    0x19, 0x13, 0x70, 0x19, 0x21, 0x38, 0xA2, 0x8C, 0x0C, 0x33, 0x3D, 0xD3, 0x20, 0x06, 0x1C, 0xB6,
    0x59, 0x9E, 0x92, 0xFF, 0xD9, 0xAD, 0x8A, 0x72, 0xE9, 0x51, 0x40, 0x40, 0xC8, 0xF0, 0x7B, 0xDF,
    0x37, 0x63, 0x10, 0x1C, 0x35, 0x15, 0x60, 0xAC, 0x39, 0xB9, 0x71, 0x18, 0x78, 0xCF, 0x66, 0xE0,
    0x2E, 0xAB, 0xBB, 0xF8, 0xC8, 0x3C, 0x79, 0x94, 0xB2, 0x63, 0x3C, 0x7A, 0x5E, 0x0D, 0xA3, 0x29,
    0x06, 0xD4, 0xF6, 0x45, 0x01, 0xD3, 0x3D, 0xBA, 0x30, 0xCF, 0x9F, 0xD9, 0x93, 0xBB, 0xED, 0xEC,
    0xD5, 0xDE, 0xED, 0x85, 0xA1, 0xE0, 0x69, 0x84, 0x0F, 0xD2, 0x2F, 0xB0, 0xE8, 0x29, 0xDF, 0x06,
    0xBA, 0xF4, 0x67, 0x74, 0x09, 0x3D, 0x13, 0x7E, 0x54, 0x31, 0xB5, 0x05, 0xDF, 0x1B, 0x7A, 0xE4,
    0xFD, 0xC6, 0x0C, 0x4E, 0x5F, 0xD1, 0x66, 0x17, 0x4D, 0x12, 0x96, 0x3C, 0xA4, 0x51, 0x9A, 0x17,
    0x68, 0xE5, 0x11, 0x38, 0x66, 0x47, 0xE7, 0x1B, 0xC8, 0x7A, 0x0E, 0xAC, 0x67, 0x40, 0x5E, 0x3E,
    0x8D, 0xCB, 0x19, 0xA5, 0xEF, 0xD5, 0x18, 0x29, 0x00, 0x0B, 0x11, 0xE6, 0x21, 0x88, 0x55, 0xB7,
    0x9C, 0x7A, 0xB7, 0xD2, 0x34, 0xD1, 0x3C, 0x10, 0x17, 0x5D, 0x2A, 0x36, 0x68, 0xD2, 0xA7, 0x0A,
    0x32, 0xD0, 0x5E, 0x47, 0x3A, 0xC7, 0x38, 0x06, 0x2C, 0xAD, 0xED, 0xCA, 0x6F, 0xDB, 0x60, 0xA9,
    0x85, 0x39, 0xED, 0x97, 0x7B, 0x26, 0x91, 0x66, 0x6C, 0xC2, 0x64, 0xF2, 0xAC, 0x0B, 0xBC, 0x5D,
    0x30, 0x34, 0x54, 0x63, 0x92, 0x17, 0x41, 0xB6, 0x90, 0x9A, 0x29, 0x83, 0xA9, 0x5A, 0xE1, 0xA5,
    0xC7, 0x67, 0xE1, 0x9A, 0x09, 0x66, 0x9A, 0x5A, 0x55, 0x81, 0x59, 0x52, 0xB3, 0xDE, 0x95, 0xA6,
    0x2C, 0xBB, 0x5D, 0x75, 0xF4, 0xB1, 0x1F, 0xEC, 0x9F, 0x4A, 0xFD, 0x6A, 0x72, 0xC3, 0x8E, 0x31,
    0xE1, 0x28, 0xC8, 0xFB, 0xDC, 0x61, 0x84, 0x0C, 0x11, 0xE4, 0xE1, 0x51, 0x33, 0xF5, 0x57, 0xF4,
    0x74, 0xD9, 0xD6, 0x5A, 0xD2, 0xD6, 0x1A, 0x8F, 0x90, 0xDC, 0x36, 0xB0, 0x88, 0x4E, 0x9F, 0x74,
    0xDB, 0x53, 0x7E, 0x91, 0x40, 0x4A, 0x86, 0x67, 0x93, 0xE5, 0xB8, 0x31, 0x18, 0x08, 0x61, 0x53,
    0x17, 0x04, 0x61, 0x6A, 0x01, 0x9B, 0x30, 0x2D, 0xCA, 0x63, 0x7E, 0x6D, 0xE0, 0xA9, 0x08, 0x20,
    0xDF, 0x99, 0x99, 0x9D, 0xA8, 0x06, 0x67, 0x61, 0xC0, 0x35, 0x73, 0x65, 0x98, 0xC5, 0x2E, 0x81,
    0xAD, 0x00, 0xB8, 0x76, 0x78, 0x86, 0x91, 0xF4, 0x78, 0x41, 0xE3, 0x17, 0x31, 0x06, 0x54, 0x78,
    0x51, 0x15, 0x78, 0x7D, 0x2D, 0xD1, 0x82, 0x62, 0xDF, 0xFD, 0xC2, 0x35, 0xA0, 0x1A, 0x81, 0xCD,
    0xD6, 0x79, 0x84, 0xBE, 0x45, 0x3B, 0xCC, 0x48, 0x08, 0xA9, 0x04, 0xEF, 0x54, 0xE2, 0x33, 0xF9,
    0x80, 0xED, 0x53, 0x2E, 0xD4, 0x0F, 0xAD, 0x38, 0xDA, 0x3C, 0x7F, 0x39, 0xEB, 0x32, 0xAA, 0xDB,
    0x37, 0xB0, 0x00, 0x35, 0xC5, 0x8F, 0x80, 0x19, 0xC5, 0xBD, 0x26, 0xCD, 0xE9, 0xEB, 0x25, 0x2D,
    0x79, 0x7E, 0x20, 0x5C, 0x9B, 0xC2, 0x42, 0xDD, 0x3C, 0x51, 0x37, 0x7E, 0xAD, 0xD7, 0x48, 0x6F,
    0xF3, 0xF0, 0x9C, 0x16, 0xD4, 0x1F, 0xF0, 0xC0, 0x95, 0x69, 0x83, 0x14, 0x4E, 0xA2, 0xC5, 0xA5,
    0x72, 0x25, 0xE8, 0xC5, 0xBC, 0x51, 0xB0, 0x21, 0x7D, 0x3A, 0x35, 0xC4, 0xE9, 0x5F, 0xA6, 0xFB,
    0x2B, 0x6F, 0x97, 0xE9, 0xCD, 0xD9, 0xF8, 0xAF, 0x4D, 0x3E, 0x53, 0xD5, 0x48, 0xF8, 0x94, 0x79,
    0x6A, 0x02, 0x62, 0x02, 0xED, 0x47, 0x7C, 0x8A, 0xB1, 0x50, 0xB8, 0x3E, 0x9F, 0x96, 0xCA, 0x14,
    0xD2, 0xE2, 0x74, 0x1D, 0x14, 0x5A, 0xAF, 0xBC, 0x5D, 0xAB, 0xCF, 0xB1, 0xEB, 0xBA, 0x0B, 0xA1,
    0x00, 0xF0, 0xD2, 0x08, 0x2B, 0x26, 0xC2, 0xF7, 0xCF, 0xAF, 0xC5, 0x09, 0x6D, 0xBA, 0xF8, 0xA3,
    0x0A, 0x3B, 0x35, 0xF5, 0xBB, 0xFC, 0xBE, 0xD0, 0x47, 0xD8, 0x33, 0x9A, 0x62, 0xD1, 0x20, 0xF2,
    0xC9, 0x0D, 0x23, 0x4F, 0x28, 0xBA, 0x03, 0x0C, 0x2D, 0x50, 0xFA, 0xDC, 0x7F, 0x78, 0xF6, 0x8A,
    0x80, 0x18, 0x0C, 0xFF, 0x18, 0xC0, 0xFA, 0x3C, 0x64, 0xA1, 0x65, 0x03, 0xC5, 0xE9, 0x75, 0xC7,
    0x6C, 0x7C, 0x36, 0xFD, 0x9C, 0x32, 0xF0, 0x98, 0x89, 0x20, 0x7D, 0x18, 0x55, 0x87, 0x30, 0x0D,
    0x10, 0xEB, 0x72, 0x52, 0x27, 0x19, 0xDD, 0x06, 0xE2, 0x80, 0x7C, 0x58, 0x9B, 0x2A, 0xAF, 0xFE,
    0xEE, 0x9E, 0x04, 0x8C, 0x67, 0x8D, 0x71, 0xBD, 0xF2, 0xCE, 0xBD, 0xC5, 0x42, 0x3D, 0xC2, 0x50,
    0xC4, 0xB3, 0x5C, 0x5B, 0x6D, 0xFD, 0x16, 0xD9, 0x0C, 0xA1, 0xB1, 0xE9, 0x8C, 0xC4, 0xCD, 0x3C,
    0xBC, 0xF1, 0x82, 0x4A, 0xC7, 0xA0, 0x90, 0xAF, 0xA9, 0x3D, 0x77, 0x1B, 0x1A, 0x66, 0x78, 0x97,
    0x57, 0x18, 0x85, 0x67, 0x27, 0x29, 0xB1, 0x7D, 0x70, 0x07, 0xF8, 0xBA, 0x0D, 0x3B, 0x4F, 0xDE,
    0x1A, 0x9B, 0xD4, 0x26, 0x4B, 0x21, 0x0A, 0x6E, 0xC0, 0x65, 0xC7, 0x80, 0x68, 0xA3, 0x82, 0x37,
    0xBD, 0x92, 0xA3, 0xE2, 0x6F, 0xD1, 0x70, 0xEF, 0x78, 0x93, 0x8A, 0x4D, 0x33, 0x0D, 0xF1, 0xDC,
    0x96, 0xF6, 0x40, 0xDC, 0xB5, 0xE2, 0xC8, 0x88, 0x3F, 0x91, 0x40, 0x2B, 0xAF, 0x82, 0xA9, 0x86,
    0x36, 0xE9, 0x9B, 0xEA, 0x07, 0xB6, 0x2F, 0xCA, 0x32, 0x31, 0x93, 0x4C, 0xF9, 0x0D, 0x7D, 0x7D,
    0xA2, 0xC5, 0xBD, 0xDF, 0x28, 0xAA, 0xDE, 0x39, 0x32, 0xFD, 0xDF, 0x3E, 0xB6, 0xEA, 0xA0, 0x6F,
    0xE3, 0x5A, 0x3B, 0x9A, 0xC2, 0xCC, 0x0D, 0x60, 0x2A, 0x2E, 0x85, 0xDF, 0x34, 0x0D, 0x65, 0xD9,
    0x7E, 0x8C, 0x4E, 0x90, 0xB8, 0xD0, 0x43, 0x79, 0x0C, 0xC2, 0x9F, 0x6F, 0xB9, 0xF8, 0xA5, 0x94,
    0xC6, 0xF6, 0x58, 0x78, 0xE9, 0x31, 0xB3, 0xFA, 0x15, 0xAF, 0x43, 0x60, 0x35, 0xD8, 0xA3, 0x0F,
    0x2C, 0x4E, 0xB6, 0x28, 0xFA, 0x14, 0xCC, 0xF0, 0x97, 0xD3, 0x4E, 0x98, 0x07, 0xA6, 0xE5, 0x02,
    0x5B, 0x0E, 0x15, 0x25, 0x15, 0xF7, 0x23, 0xA2, 0xDD, 0x76, 0xDA, 0x8F, 0x8E, 0xD7, 0x24, 0xDE,
    0xF2, 0x9E, 0x3E, 0xD0, 0xB1, 0x5B, 0xC2, 0x80, 0xB2, 0x16, 0x58, 0xCD, 0x6F, 0x0B, 0xBB, 0xA3,
    0x7E, 0xD2, 0x4B, 0x9B, 0xB2, 0x97, 0x86, 0xFF, 0xBA, 0xE0, 0xED, 0x45, 0x87, 0x7F, 0x44, 0x0C,
    0x42, 0xAF, 0xCC, 0x42, 0xEA, 0x2A, 0x0E, 0xF8, 0x38, 0xD4, 0x2B, 0x14, 0xC4, 0x17, 0x20, 0x7D,
    0xFA, 0xEB, 0xDB, 0x9E, 0x41, 0xCF, 0xBE, 0x72, 0xE1, 0x83, 0x1E, 0xCE, 0xE9, 0x3B, 0xA7, 0x2F,
    0x13, 0x7E, 0xDB, 0xBA, 0x3C, 0x21, 0xB9, 0xCF, 0x6A, 0x9E, 0xE8, 0x28, 0x42, 0xE1, 0x97, 0x2C,
    0x6B, 0x98, 0x9F, 0xBD, 0xA3, 0x44, 0x10, 0xB1, 0xE7, 0x46, 0xD1, 0xBD, 0x1C, 0x99, 0x0C, 0x77,
    0xFE, 0x03, 0xAD, 0x58, 0x3D, 0x6C, 0x1C, 0xC7, 0x15, 0xFE, 0x66, 0xC7, 0xE6, 0x4A, 0x5A, 0x91,
    0xA3, 0xC2, 0x85, 0x60, 0x1D, 0xB9, 0x2E, 0x0D, 0x84, 0xBC, 0x65, 0x71, 0xC5, 0x01, 0xB9, 0xE3,
    0x2D, 0xCD, 0x20, 0x2A, 0x5C, 0xD8, 0x4D, 0xCA, 0x00, 0x2E, 0x6D, 0xA4, 0x10, 0x11, 0x10, 0x30,
    0x03, 0xDF, 0x89, 0x2B, 0xA9, 0x70, 0x97, 0x30, 0x5D, 0x10, 0x20, 0x80, 0x8A, 0x14, 0x69, 0x02,
    0x9F, 0x01, 0x26, 0xB8, 0xE2, 0x48, 0x8E, 0xC4, 0xC2, 0x55, 0xE0, 0xB1, 0x55, 0x38, 0x8D, 0x81,
    0x95, 0x63, 0xC0, 0x30, 0xF2, 0xE3, 0x71, 0xB2, 0x88, 0xCF, 0xF1, 0x91, 0x9B, 0xEF, 0xED, 0x9E,
    0x25, 0xCA, 0x41, 0x02, 0x29, 0xE6, 0x49, 0xCB, 0xBB, 0xDB, 0x9D, 0xF7, 0x33, 0xEF, 0xBD, 0xEF,
    0x7B, 0x6F, 0x4E, 0xF9, 0xC8, 0x2D, 0x00, 0x2A, 0x8B, 0xD0, 0x81, 0x0F, 0x6D, 0x13, 0x13, 0xED,
    0xE2, 0x74, 0xAC, 0xBD, 0xB1, 0x5D, 0xDE, 0x07, 0x74, 0x8A, 0x10, 0xD8, 0x99, 0xE8, 0xCF, 0x06,
    0xE6, 0xA7, 0x8D, 0x64, 0xBE, 0xD1, 0x6D, 0xA0, 0xDF, 0xC0, 0x78, 0x19, 0xE3, 0x36, 0xC6, 0xAD,
    0x61, 0x77, 0x35, 0x4F, 0x7E, 0x9F, 0xCF, 0x95, 0x19, 0x72, 0xC0, 0x01, 0x19, 0x80, 0x24, 0x47,
    0xF8, 0x81, 0x47, 0xC7, 0xA4, 0x01, 0x6F, 0x1A, 0xDE, 0x19, 0x53, 0x91, 0x7C, 0xCC, 0xA0, 0xCB,
    0x13, 0x28, 0x0F, 0x84, 0x16, 0x58, 0xE1, 0x13, 0xDE, 0xA5, 0x03, 0x41, 0x59, 0x16, 0xA6, 0x2C,
    0xF9, 0x05, 0xDA, 0x62, 0xC1, 0x5C, 0xFB, 0x24, 0x5B, 0xBB, 0x9A, 0xEB, 0xCC, 0x60, 0x13, 0xAB,
    0x11, 0x9D, 0x18, 0xA2, 0x15, 0xF2, 0xAD, 0x8D, 0xA1, 0xCE, 0x9B, 0xF8, 0xE2, 0x64, 0xBB, 0x53,
    0x89, 0x22, 0x99, 0x86, 0xC7, 0x61, 0xAE, 0x0A, 0x9D, 0x6B, 0x1B, 0xF8, 0x28, 0x55, 0xC5, 0x12,
    0x30, 0xE9, 0xF0, 0x7E, 0x69, 0xB1, 0x43, 0x7F, 0x7A, 0x29, 0x76, 0xCA, 0x32, 0xC5, 0x1A, 0x17,
    0x73, 0x47, 0xDC, 0x26, 0xD0, 0xAF, 0x3D, 0x32, 0x74, 0xFA, 0x75, 0xBE, 0x36, 0xAB, 0xBF, 0xAF,
    0xE3, 0xCA, 0x31, 0x46, 0x71, 0x90, 0x2F, 0xE8, 0xFC, 0x9C, 0x2E, 0x80, 0x92, 0xDB, 0xCE, 0x83,
    0x7B, 0x85, 0xC1, 0x38, 0x46, 0xBF, 0x89, 0x51, 0x02, 0x6F, 0x3E, 0xC9, 0xF4, 0x09, 0xEF, 0x67,
    0x30, 0xF6, 0x39, 0x6D, 0xB7, 0xB4, 0x1D, 0xC5, 0x0C, 0x0E, 0xF5, 0xE1, 0xF9, 0x0B, 0x66, 0xE3,
    0x7D, 0x3B, 0xC4, 0xDC, 0x49, 0x0A, 0xF5, 0xF1, 0x9C, 0xC3, 0x32, 0x3D, 0x0C, 0xB8, 0xCB, 0xFC,
    0xA2, 0x2A, 0x33, 0xEB, 0xAE, 0x87, 0xEB, 0x47, 0xDA, 0xCD, 0xEB, 0xCB, 0x4D, 0x5C, 0x3A, 0xBF,
    0x4B, 0xFD, 0xCF, 0x6E, 0xF0, 0xE1, 0x6B, 0x86, 0xAB, 0x7F, 0xC1, 0x5B, 0x17, 0x56, 0x3B, 0x70,
    0xAB, 0x6E, 0x10, 0xAE, 0xDF, 0xB1, 0xC9, 0x74, 0x3E, 0x60, 0x1C, 0x6F, 0xF3, 0xCF, 0x05, 0x04,
    0xB9, 0x04, 0xF1, 0xB0, 0xB2, 0xC1, 0x40, 0x7D, 0xA5, 0x6F, 0xDD, 0xB4, 0x2E, 0xDF, 0x6C, 0x35,
    0x16, 0x8C, 0xFA, 0x97, 0x3C, 0x99, 0x02, 0xAB, 0xAB, 0x7A, 0x23, 0xEB, 0x2C, 0x07, 0x77, 0xED,
    0xCA, 0x92, 0xF2, 0x3E, 0x7C, 0x33, 0x33, 0x06, 0xCB, 0xCB, 0x68, 0xB5, 0x70, 0xFB, 0xB6, 0xB2,
    0xB6, 0x57, 0x96, 0x0C, 0x79, 0x44, 0xF9, 0xE1, 0x83, 0x37, 0xF4, 0x44, 0xE5, 0x7F, 0x78, 0xEB,
    0x2E, 0xEE, 0x9C, 0xC0, 0xBA, 0x76, 0xA2, 0x8E, 0x90, 0xAF, 0xE8, 0xCB, 0x3A, 0x1B, 0x9E, 0xDF,
    0x5D, 0x08, 0xB3, 0x67, 0xD3, 0x5E, 0x81, 0xD7, 0x70, 0xDF, 0xAB, 0xDF, 0xE8, 0x2C, 0xBF, 0xB0,
    0xBA, 0xA0, 0xED, 0xAA, 0x6B, 0xD3, 0xDB, 0x77, 0x26, 0xD1, 0x87, 0xFF, 0xCD, 0xDB, 0x5E, 0x29,
    0x29, 0xFA, 0x7E, 0xC3, 0xFE, 0xF2, 0x62, 0x92, 0x32, 0xB5, 0xD9, 0x23, 0x17, 0xBD, 0x9A, 0x7E,
    0xF3, 0x5E, 0x75, 0x9D, 0x7A, 0xC9, 0x9A, 0xE0, 0x40, 0xDF, 0x71, 0xBB, 0x2D, 0xBA, 0x28, 0xFF,
    0xB6, 0x2E, 0xFD, 0xEE, 0xD5, 0xF2, 0x18, 0xC1, 0x41, 0x60, 0x73, 0x0C, 0x43, 0xCF, 0xFA, 0x0A,
    0xEE, 0xE2, 0xBE, 0x1B, 0xB2, 0xEA, 0xF0, 0xB2, 0xB1, 0x07, 0x91, 0xDD, 0x06, 0x8A, 0xD0, 0x1A,
    0x8C, 0x94, 0x8F, 0xB2, 0x18, 0x45, 0x90, 0x1B, 0x74, 0x95, 0xD7, 0x76, 0x09, 0xFD, 0x20, 0x0F,
    0x59, 0xD9, 0x63, 0x3E, 0x7E, 0x6F, 0x90, 0x7D, 0x76, 0xD3, 0x5F, 0xAE, 0x4D, 0x52, 0x24, 0xE2,
    0xDB, 0xA6, 0x84, 0xA4, 0x9C, 0x1C, 0x1E, 0x85, 0xE5, 0xC5, 0x64, 0xBA, 0x5A, 0xFA, 0xBB, 0xE5,
    0x51, 0x54, 0x5E, 0x34, 0xD3, 0x55, 0xE3, 0xAD, 0xDA, 0x00, 0x2E, 0x32, 0xD8, 0x80, 0x85, 0x7E,
    0xE4, 0x23, 0xB0, 0xBC, 0xB6, 0xA2, 0xB1, 0x1A, 0xE6, 0x46, 0xFD, 0x89, 0x7B, 0x9F, 0xCB, 0x7F,
    0x08, 0xD7, 0x08, 0x6C, 0x5B, 0xA7, 0x9B, 0x3D, 0x87, 0x03, 0x38, 0x97, 0xB7, 0x5B, 0x0B, 0xF3,
    0xA1, 0xBE, 0x95, 0xED, 0x30, 0x10, 0xBD, 0x13, 0x84, 0x1A, 0xF3, 0xF3, 0x92, 0xA3, 0xAD, 0x2D,
    0x78, 0xAF, 0x8F, 0x2C, 0x33, 0xE6, 0xF7, 0xC2, 0xAB, 0x69, 0xAB, 0xAD, 0x6F, 0x66, 0x97, 0x1B,
    0x50, 0xBB, 0xD0, 0x37, 0x7E, 0x0B, 0x78, 0x65, 0xB9, 0xEB, 0x06, 0xC2, 0x34, 0xB0, 0xCA, 0xA1,
    0xCD, 0x7F, 0x3A, 0x25, 0xA6, 0x36, 0x03, 0x3B, 0x1F, 0x12, 0x0E, 0xEF, 0x4C, 0x17, 0xD5, 0x5F,
    0xB8, 0x87, 0x1F, 0x13, 0x81, 0x8D, 0x36, 0x3A, 0x91, 0x4E, 0x23, 0x55, 0x9E, 0x70, 0x69, 0x84,
    0x2D, 0xA6, 0x85, 0xE8, 0x9A, 0x17, 0x0F, 0x33, 0x2A, 0x0C, 0xB2, 0x37, 0xD2, 0x4A, 0x19, 0x33,
    0xBD, 0x89, 0x45, 0x79, 0xCB, 0x09, 0x3F, 0x2E, 0x69, 0xC1, 0x43, 0xD9, 0x28, 0x2C, 0x42, 0x6C,
    0x0D, 0xDF, 0x2E, 0xAF, 0x6E, 0xDC, 0x10, 0x53, 0x91, 0xA0, 0xB1, 0x4D, 0x09, 0x82, 0xCB, 0x12,
    0x3A, 0x8B, 0x08, 0x05, 0xE7, 0xC5, 0xE5, 0x05, 0x82, 0xC7, 0x5D, 0xC2, 0xD3, 0x3F, 0x40, 0x70,
    0xCC, 0xC2, 0x69, 0x77, 0xB8, 0x94, 0xB5, 0x3F, 0xA4, 0x97, 0x61, 0x4A, 0xF0, 0xB4, 0x80, 0x3D,
    0x09, 0x6B, 0xDE, 0xC1, 0x33, 0xE1, 0x0B, 0x76, 0xD9, 0x6F, 0x37, 0x82, 0xCF, 0xCB, 0x75, 0x97,
    0x64, 0x58, 0x08, 0xFE, 0xC0, 0x4D, 0x2D, 0xB7, 0x10, 0xE9, 0x1B, 0x16, 0xC3, 0xB8, 0xCC, 0xC3,
    0xB4, 0xDA, 0x15, 0x1C, 0x25, 0x48, 0x37, 0xC0, 0xB9, 0x2A, 0x19, 0x53, 0x31, 0x06, 0x3C, 0xCD,
    0xD5, 0xF4, 0x30, 0x70, 0xAA, 0x20, 0x68, 0x13, 0x84, 0x8E, 0x6F, 0x91, 0xBD, 0x34, 0x8E, 0x8E,
    0x3E, 0x2F, 0xA2, 0xE3, 0x19, 0xA4, 0x8D, 0xAD, 0x31, 0x2D, 0x0E, 0x3F, 0x7C, 0x09, 0xD0, 0x7B,
    0x52, 0x82, 0x24, 0x82, 0x05, 0x42, 0xCE, 0x90, 0x05, 0xC2, 0x17, 0x99, 0xB2, 0x3B, 0x9E, 0x0A,
    0xF9, 0x34, 0x27, 0xFC, 0x0E, 0x49, 0x3B, 0xDB, 0x98, 0x50, 0x4D, 0x42, 0x46, 0x92, 0xBA, 0x01,
    0x89, 0x04, 0xDD, 0x78, 0x8A, 0x43, 0xA2, 0x06, 0x4D, 0x51, 0x90, 0xD6, 0xD7, 0x0A, 0xCE, 0x58,
    0x7B, 0x20, 0x17, 0x37, 0x11, 0xDC, 0xB3, 0xCC, 0x46, 0xFB, 0x8C, 0xB5, 0x27, 0x37, 0x33, 0xB4,
    0xA5, 0xE0, 0x4E, 0xBF, 0x84, 0x7D, 0x19, 0x5C, 0xA2, 0x94, 0x0F, 0xBE, 0x4B, 0xED, 0x1D, 0x56,
    0xEC, 0x62, 0x42, 0x0B, 0xE4, 0xE4, 0x68, 0xDD, 0xB3, 0x96, 0xBA, 0x42, 0xC8, 0x99, 0xCA, 0xC9,
    0xD9, 0x9E, 0x51, 0xDD, 0x43, 0x4C, 0x0B, 0xDA, 0x72, 0xF7, 0xC5, 0x8E, 0x0F, 0xC8, 0xAC, 0x64,
    0x3B, 0x20, 0xE6, 0x7A, 0x72, 0xC1, 0xA3, 0xDA, 0xCF, 0x26, 0x2A, 0x94, 0xD3, 0x6F, 0xD2, 0x55,
    0x4B, 0x53, 0x9B, 0xC2, 0x59, 0xA7, 0xAD, 0xC4, 0xB3, 0x7C, 0x47, 0xB2, 0x6A, 0x9F, 0xD7, 0xBB,
    0x19, 0xD4, 0xFB, 0x14, 0xF3, 0xD4, 0xBE, 0xC7, 0xA7, 0x6D, 0xED, 0x90, 0x94, 0x13, 0x2C, 0x91,
    0xF5, 0x0D, 0x6B, 0x85, 0x6D, 0x81, 0xE0, 0x47, 0x27, 0x70, 0x30, 0x57, 0x4B, 0xF6, 0x06, 0x6A,
    0x2E, 0x4B, 0xD9, 0x86, 0x99, 0x2A, 0x69, 0x4B, 0xD7, 0x05, 0x29, 0xD1, 0xCF, 0xD2, 0xA7, 0xE8,
    0xEA, 0x11, 0xFD, 0x46, 0x78, 0xC7, 0x37, 0xA8, 0xD8, 0x8D, 0x23, 0x69, 0x5C, 0x09, 0x1B, 0x45,
    0xE0, 0x0D, 0x21, 0xC1, 0xB0, 0xB8, 0x16, 0x23, 0xA8, 0xFC, 0x39, 0x29, 0x4B, 0xD9, 0x6B, 0xC1,
    0x02, 0x99, 0xC7, 0x88, 0xBD, 0x2D, 0x64, 0xA8, 0xB4, 0xD3, 0x77, 0x4A, 0x6B, 0x84, 0x6F, 0xE7,
    0xCA, 0x5D, 0x35, 0x09, 0x5D, 0x82, 0x88, 0x49, 0x5E, 0xA6, 0x5B, 0x2F, 0x4F, 0xEA, 0xB6, 0x97,
    0xD4, 0xF1, 0xAF, 0x1A, 0x62, 0xFD, 0x95, 0x01, 0x17, 0xE1, 0x0E, 0xF6, 0xB9, 0xF4, 0xDA, 0x97,
    0x0C, 0x6F, 0x5D, 0xCD, 0x6A, 0x04, 0xC1, 0xA8, 0x14, 0x48, 0x05, 0x86, 0x38, 0xAB, 0x7A, 0x68,
    0x0D, 0x8C, 0xEA, 0x95, 0x70, 0x1B, 0x26, 0x5B, 0x62, 0x6B, 0xDB, 0x62, 0x5E, 0xD3, 0x4A, 0x3D,
    0x09, 0x63, 0x42, 0xE4, 0x32, 0x00, 0xF1, 0xBA, 0x43, 0x5F, 0xD3, 0xF7, 0xA7, 0x2A, 0xB1, 0x2E,
    0x1D, 0xF5, 0x18, 0x46, 0x96, 0x3E, 0xB2, 0x0D, 0xCB, 0x06, 0xAB, 0x06, 0x29, 0x9E, 0x74, 0x71,
    0x36, 0x2A, 0x99, 0x6D, 0x4D, 0x77, 0xBB, 0x7D, 0xD6, 0xCB, 0xD6, 0x99, 0xA8, 0xD4, 0x29, 0xB3,
    0x19, 0x59, 0x6C, 0x2D, 0x9E, 0x2E, 0xB3, 0x6F, 0xA5, 0xD2, 0x4B, 0xE0, 0x9B, 0x15, 0xEB, 0x4B,
    0x4F, 0x2D, 0xA5, 0xD0, 0xBB, 0x92, 0x9B, 0xBE, 0x10, 0xCF, 0x04, 0x86, 0x05, 0xC3, 0x32, 0x63,
    0x32, 0xD6, 0x24, 0x46, 0x64, 0x37, 0x1B, 0x4A, 0xB9, 0xEC, 0xC1, 0x54, 0xEC, 0x33, 0x43, 0x54,
    0x72, 0x22, 0xDA, 0xBB, 0x82, 0xA8, 0xB0, 0xD2, 0x37, 0x91, 0xD5, 0xB1, 0x60, 0x80, 0xA2, 0xD5,
    0x23, 0x9A, 0x8A, 0xAC, 0x92, 0xEE, 0x4B, 0x8B, 0x65, 0x6A, 0x5E, 0x82, 0x5F, 0xFA, 0x3F, 0x84,
    0x5D, 0x2B, 0xBA, 0xEB, 0x17, 0x4E, 0xA5, 0xFD, 0x09, 0x84, 0x83, 0xF2, 0x84, 0xE3, 0x4A, 0x76,
    0x20, 0xB5, 0x99, 0x2B, 0x29, 0xDA, 0x3E, 0x37, 0xD8, 0x64, 0xD6, 0xB9, 0x6E, 0xB2, 0x53, 0xA6,
    0x6B, 0x64, 0xD6, 0x38, 0xE5, 0xD6, 0x6D, 0x52, 0xDD, 0x24, 0x58, 0x1C, 0xCB, 0xDA, 0xF3, 0x76,
    0x7F, 0xCE, 0x13, 0x29, 0xBB, 0xC2, 0x82, 0x6C, 0x7E, 0xEA, 0xEE, 0xF4, 0x1B, 0x60, 0xA7, 0x72,
    0x10, 0xB3, 0x3D, 0xF6, 0x26, 0xF4, 0xAC, 0x96, 0x91, 0x8B, 0x24, 0xFE, 0xBA, 0xE7, 0x9F, 0xB7,
    0x0B, 0xF2, 0xBA, 0x67, 0x3E, 0x90, 0xF7, 0x09, 0xEF, 0x7C, 0xCD, 0x40, 0xB9, 0x84, 0x44, 0x6E,
    0xCD, 0xAF, 0x58, 0x1B, 0x11, 0x7B, 0x96, 0xD5, 0xD2, 0xFF, 0x83, 0x69, 0x1D, 0xF4, 0x1D, 0xCF,
    0xF8, 0xCA, 0xC8, 0x49, 0x47, 0x98, 0x75, 0x3F, 0xE3, 0x92, 0xA7, 0x1F, 0x1A, 0x8B, 0x98, 0xBA,
    0xFD, 0x50, 0x76, 0x51, 0x70, 0x09, 0xA7, 0x32, 0x0C, 0xC8, 0x34, 0xDD, 0x01, 0xAB, 0x8E, 0x60,
    0x19, 0x4C, 0xEB, 0x6B, 0xCC, 0x6B, 0x32, 0x66, 0x1C, 0xBA, 0xDC, 0x71, 0xC2, 0x9D, 0x47, 0x6E,
    0x00, 0x75, 0x28, 0xB0, 0x56, 0x4C, 0x5C, 0xC4, 0x0F, 0x6C, 0x43, 0x44, 0x2C, 0x11, 0x79, 0x86,
    0xBA, 0x2F, 0x0B, 0xA3, 0x32, 0x20, 0x9F, 0xA5, 0x88, 0x38, 0xD9, 0x9D, 0x43, 0x76, 0x66, 0xBA,
    0x83, 0xBC, 0x85, 0xF3, 0xDB, 0xAF, 0xA0, 0x61, 0x1E, 0x1D, 0x8E, 0xBE, 0xAD, 0xDE, 0x70, 0xDD,
    0xC2, 0xDC, 0xE2, 0xB0, 0xBE, 0xEE, 0xCE, 0x52, 0xEF, 0x25, 0x60, 0x23, 0xC3, 0xF2, 0x12, 0x71,
    0xB2, 0xCD, 0xB6, 0x9D, 0xEF, 0x21, 0xE4, 0x1C, 0x13, 0xA7, 0x08, 0x48, 0x80, 0x6F, 0xE7, 0x58,
    0x0E, 0xB3, 0x28, 0x5D, 0x22, 0x19, 0x6F, 0x93, 0x4A, 0x4F, 0xB5, 0xEB, 0x21, 0x0D, 0x3B, 0xEC,
    0x47, 0x34, 0x1C, 0xD1, 0xF0, 0xE2, 0x34, 0x46, 0x9B, 0x86, 0x87, 0x83, 0x81, 0x72, 0x6B, 0x63,
    0x9D, 0x0D, 0xA6, 0x11, 0xFA, 0xD3, 0x45, 0x1A, 0x6E, 0xD3, 0xF0, 0x30, 0xF0, 0xD7, 0x2D, 0x0D,
    0x67, 0x26, 0x33, 0x34, 0xBC, 0x48, 0xC3, 0x9C, 0x3A, 0xC4, 0x38, 0xF0, 0xD4, 0xAC, 0x4B, 0x48,
    0x21, 0x55, 0xED, 0xEE, 0x99, 0x07, 0x46, 0x0E, 0x27, 0x61, 0xC9, 0x30, 0x0E, 0xD9, 0x84, 0xBC,
    0x94, 0x25, 0x97, 0xD1, 0x79, 0x65, 0xD7, 0x58, 0x98, 0xDC, 0x88, 0x25, 0x6F, 0x65, 0xBC, 0xD2,
    0x31, 0x19, 0x99, 0x44, 0x40, 0xB4, 0x2F, 0xB0, 0x0C, 0x97, 0xD1, 0x5B, 0xE7, 0x70, 0x53, 0xA6,
    0xB3, 0x82, 0x94, 0x59, 0xE0, 0x7A, 0xAD, 0x5B, 0xA5, 0x67, 0xA8, 0xFB, 0x15, 0x26, 0x9B, 0x61,
    0x8D, 0xD8, 0xD5, 0x56, 0xA8, 0xE1, 0xB9, 0x20, 0x3D, 0x33, 0xDD, 0x8B, 0x84, 0xA3, 0xD0, 0xA8,
    0xBC, 0x9F, 0x7A, 0x7D, 0x7B, 0x9F, 0x65, 0x26, 0x3A, 0xAE, 0x01, 0x1B, 0x3D, 0x54, 0x5D, 0xFA,
    0x64, 0x1A, 0xA7, 0x9A, 0x1C, 0x2D, 0x1D, 0x78, 0x85, 0x25, 0xB2, 0x4D, 0x72, 0x21, 0x1B, 0xFD,
    0x9D, 0x39, 0xF9, 0x8A, 0xEB, 0x4E, 0x66, 0x03, 0x9B, 0x5C, 0x93, 0xAA, 0x8F, 0x56, 0xE1, 0x94,
    0x81, 0x28, 0x16, 0xD6, 0x2F, 0x5D, 0x75, 0x5F, 0x5A, 0x54, 0xCC, 0xFE, 0x3B, 0x8E, 0x2D, 0xC7,
    0x78, 0xAA, 0x4B, 0xC8, 0x6D, 0x7D, 0xE5, 0x03, 0x9E, 0x56, 0x4D, 0x9A, 0x50, 0x7C, 0x72, 0x25,
    0xD3, 0xE5, 0xC7, 0x55, 0xBE, 0xC7, 0xB2, 0xB6, 0xAA, 0x60, 0x3A, 0x64, 0x36, 0xD8, 0xEE, 0x49,
    0xF1, 0x11, 0xBB, 0x04, 0xF9, 0xA6, 0xA6, 0xB5, 0x51, 0xEC, 0xD1, 0xE5, 0xBC, 0x6B, 0xE8, 0xAA,
    0xBE, 0xCB, 0x99, 0xD7, 0xB3, 0xB2, 0xB7, 0xB5, 0x34, 0x71, 0x36, 0xEA, 0xEF, 0x91, 0x22, 0x3F,
    0xB0, 0x1E, 0x9F, 0xFB, 0x11, 0x3A, 0x71, 0x01, 0xE9, 0x38, 0x72, 0x7C, 0x95, 0xA9, 0xF4, 0x70,
    0x36, 0x02, 0x56, 0x1B, 0x16, 0x12, 0x19, 0x60, 0x56, 0xBD, 0xD1, 0x57, 0x59, 0xFC, 0xA2, 0x8B,
    0x25, 0x7E, 0xFD, 0xC8, 0x2E, 0x69, 0x17, 0xA5, 0x85, 0x76, 0x1D, 0xF9, 0xDE, 0x11, 0x64, 0x8C,
    0x13, 0x1B, 0x15, 0x27, 0x75, 0x49, 0xC6, 0x56, 0x80, 0xB0, 0x80, 0x27, 0x91, 0x23, 0x0F, 0xAB,
    0x12, 0xEA, 0x7E, 0xAE, 0x5C, 0xE3, 0x49, 0xE4, 0x64, 0x6C, 0x39, 0xD5, 0x30, 0xFF, 0x06, 0x4A,
    0x85, 0xB6, 0x3A, 0xE7, 0x27, 0xDC, 0x33, 0xC5, 0xBA, 0x28, 0x98, 0x21, 0x39, 0xFA, 0x8B, 0x5C,
    0x12, 0x79, 0x1C, 0xBE, 0x44, 0x7C, 0x46, 0x64, 0x05, 0xA7, 0xEC, 0x70, 0x26, 0x36, 0x48, 0xD2,
    0xBE, 0xB6, 0x1D, 0xE5, 0x29, 0x65, 0xD2, 0x15, 0xED, 0x4C, 0xCA, 0x71, 0x4A, 0xEC, 0xA5, 0xE3,
    0xC0, 0x1F, 0x22, 0xB9, 0x37, 0x81, 0xE2, 0xFF, 0x7B, 0x19, 0xDC, 0x6D, 0xB4, 0x5B, 0x08, 0x8B,
    0x07, 0xD5, 0x35, 0x52, 0xC5, 0xBE, 0xA2, 0x63, 0xB4, 0x39, 0x56, 0x79, 0x17, 0x7B, 0x26, 0xED,
    0x8A, 0x49, 0x2A, 0xE8, 0xF2, 0xBC, 0xCE, 0x86, 0x22, 0x16, 0x93, 0xBF, 0xEE, 0xA4, 0xF1, 0x8B,
    0xD3, 0x4E, 0x68, 0x7B, 0xDA, 0xF9, 0xD0, 0xF5, 0xB9, 0x89, 0x26, 0x1D, 0xFC, 0x94, 0xB9, 0x2E,
    0x20, 0xEB, 0xC5, 0x47, 0x6C, 0xB8, 0x24, 0x6D, 0x25, 0x17, 0xC6, 0x4B, 0x38, 0x7C, 0x81, 0xE7,
    0xD6, 0xC4, 0x2E, 0x5E, 0x0F, 0x15, 0xD3, 0xB5, 0x22, 0x53, 0x7F, 0xA7, 0xFE, 0xB3, 0x91, 0x2F,
    0xC7, 0x6F, 0xC9, 0x01, 0xDD, 0x49, 0x1B, 0xEC, 0xCB, 0x6C, 0x99, 0xCF, 0x1A, 0x7E, 0x5C, 0xCF,
    0x55, 0xC1, 0x44, 0x7D, 0x94, 0x6F, 0x1B, 0x13, 0x7C, 0x94, 0x8F, 0xD7, 0x0E, 0xF4, 0xA7, 0xB5,
    0x64, 0x17, 0x3F, 0x2F, 0xFA, 0x21, 0x47, 0x2F, 0x36, 0x06, 0x4E, 0x9B, 0xFB, 0xA8, 0x61, 0x72,
    0x80, 0xA5, 0xA6, 0xCA, 0x3B, 0x26, 0xC8, 0x47, 0x89, 0xFE, 0x73, 0x6E, 0x7E, 0x2D, 0xA7, 0x0D,
    0x8E, 0xC8, 0xEE, 0x7C, 0xF8, 0x9E, 0x97, 0xE5, 0x44, 0x54, 0xC2, 0xC6, 0xB5, 0xA7, 0xB2, 0xE7,
    0xAB, 0x70, 0x65, 0x54, 0x1E, 0x66, 0x9E, 0x02, 0xCD, 0xC8, 0xAE, 0x1D, 0x60, 0x6D, 0x57, 0x24,
    0x3A, 0x32, 0x83, 0xEC, 0xC6, 0x57, 0xAD, 0x88, 0xF8, 0x0E, 0x8A, 0x01, 0x6E, 0x3F, 0xEE, 0xFA,
    0x25, 0x32, 0x4D, 0x53, 0x4A, 0xF1, 0x5A, 0xC0, 0x10, 0x46, 0x9C, 0x15, 0x19, 0xCC, 0x18, 0x23,
    0xE6, 0xE1, 0x8F, 0xF1, 0x2E, 0xEB, 0x53, 0x50, 0x21, 0x15, 0x35, 0xE7, 0x83, 0x31, 0x57, 0x47,
    0x19, 0xEB, 0x5C, 0xDA, 0x7C, 0x5C, 0x7F, 0x3C, 0xCE, 0xB8, 0x0A, 0x13, 0x55, 0xAA, 0xFB, 0x7E,
    0x77, 0xF1, 0x7F, 0x2F, 0x5B, 0x0C, 0x5F, 0xBA, 0x75, 0xDF, 0xF1, 0x14, 0x7C, 0xC5, 0x5E, 0xF0,
    0xC4, 0x4E, 0x93, 0x93, 0x82, 0xB6, 0xD5, 0xD0, 0x50, 0x7D, 0xFC, 0x27, 0xAE, 0xA7, 0x78, 0x95,
    0x79, 0x3D, 0x0F, 0x33, 0xC1, 0x35, 0xCB, 0x18, 0x0A, 0x6A, 0x77, 0x78, 0xC4, 0x1E, 0x45, 0x59,
    0x9F, 0xC7, 0x84, 0x26, 0x3A, 0x5D, 0xF9, 0xDF, 0xEF, 0x60, 0xC4, 0xE4, 0xAD, 0x29, 0xCF, 0x5D,
    0xC8, 0x00, 0x7B, 0x78, 0xF2, 0xB0, 0x16, 0xAF, 0xDC, 0x9D, 0x44, 0x5F, 0x94, 0xE9, 0x21, 0x13,
    0x8A, 0xC2, 0x48, 0x75, 0x25, 0x72, 0x54, 0x1F, 0x69, 0x56, 0xC8, 0x83, 0xEF, 0x1C, 0x23, 0xB7,
    0x2B, 0x96, 0xE5, 0x74, 0xA0, 0xAA, 0x06, 0x75, 0xCD, 0x05, 0xF7, 0x0B, 0x9A, 0xE1, 0x69, 0xBE,
    0x89, 0x6E, 0x17, 0xDD, 0x8E, 0x98, 0x19, 0x57, 0x66, 0xF2, 0xF8, 0x6A, 0x16, 0x1E, 0xD7, 0x3F,
    0xF2, 0x4C, 0x65, 0xA2, 0xBD, 0x80, 0xC7, 0x15, 0xE1, 0x62, 0x53, 0xA0, 0xD3, 0xC7, 0xED, 0xC5,
    0xC7, 0x15, 0x39, 0xBD, 0x19, 0x0A, 0x60, 0x34, 0xC0, 0x48, 0xA0, 0x55, 0x50, 0xC2, 0xA4, 0x66,
    0xC3, 0x86, 0xD6, 0x4B, 0x63, 0x2C, 0x4C, 0xB6, 0xAD, 0x8A, 0x6D, 0x90, 0x4B, 0x64, 0x7E, 0x1D,
    0xF7, 0x66, 0x53, 0xEC, 0x63, 0xB9, 0x45, 0x72, 0xE1, 0x61, 0xF7, 0xF4, 0x2F, 0x22, 0xD5, 0x2F,
    0x26, 0x5F, 0xBF, 0xBE, 0x7E, 0x1E, 0xCC, 0x9E, 0x37, 0x70, 0xAD, 0xA8, 0xB4, 0x4E, 0x8D, 0xDE,
    0x6F, 0x86, 0xDD, 0xEE, 0xC5, 0x6E, 0xE7, 0xF9, 0x7E, 0x67, 0x73, 0xDC, 0x75, 0x45, 0xEF, 0x86,
    0x68, 0x35, 0xC7, 0x02, 0x00, 0xE9, 0x90, 0xED, 0xFA, 0xE8, 0x31, 0x9E, 0x49, 0x47, 0x3E, 0xBC,
    0x33, 0x66, 0x05, 0x8A, 0xBF, 0xA4, 0x90, 0x0A, 0xAE, 0xFD, 0xFA, 0x7B, 0xCA, 0xEF, 0x31, 0x26,
    0xDF, 0x21, 0x8C, 0x08, 0x39, 0x89, 0x6E, 0xAF, 0xFA, 0x31, 0xAD, 0xAA, 0xDE, 0xC7, 0x96, 0x63,
    0x73, 0x60, 0x3A, 0xF5, 0x91, 0x0D, 0xB2, 0xD6, 0x93, 0xC8, 0xB5, 0x97, 0xA4, 0x67, 0xC9, 0x09,
    0x80, 0x50, 0xB1, 0xF1, 0x5C, 0x55, 0x24, 0x6E, 0x4D, 0xA8, 0xA7, 0xA3, 0x6D, 0x5C, 0x17, 0x8D,
    0xEB, 0xCA, 0xF7, 0xBE, 0xCE, 0xDF, 0x42, 0xEF, 0xD6, 0x97, 0xF5, 0x19, 0x6B, 0xA7, 0x8E, 0x4D,
    0x3D, 0xE0, 0x5F, 0xB1, 0x61, 0x76, 0x2D, 0xEB, 0xB1, 0xD2, 0x3D, 0x3A, 0x1C, 0x48, 0x8B, 0x36,
    0x82, 0xFB, 0x16, 0xE1, 0xBB, 0x8C, 0x02, 0xCF, 0x28, 0x3D, 0xAE, 0xDF, 0xAF, 0x3B, 0x8F, 0x34,
    0xB0, 0x76, 0x15, 0xDA, 0x06, 0x59, 0x9E, 0x2D, 0x48, 0x55, 0xBF, 0x64, 0xFD, 0xC8, 0x56, 0x85,
    0x28, 0x3D, 0x4A, 0xA2, 0x2E, 0x2D, 0xE1, 0x27, 0x27, 0x24, 0x92, 0x01, 0x31, 0xC1, 0x63, 0x9B,
    0x9C, 0x07, 0x43, 0xDA, 0x88, 0xC9, 0x44, 0x23, 0x52, 0xAA, 0xA3, 0x6B, 0x95, 0xB1, 0x81, 0x49,
    0x79, 0xB8, 0xE0, 0xA2, 0x0A, 0xD1, 0xD2, 0xDE, 0x48, 0x17, 0xAA, 0xFA, 0x99, 0x33, 0xE2, 0xC4,
    0xCC, 0x52, 0x99, 0xD1, 0x00, 0xC7, 0xEC, 0xFC, 0x0A, 0xDB, 0x9B, 0xD4, 0x90, 0x91, 0x27, 0xC4,
    0xF3, 0x68, 0x13, 0xEA, 0x1F, 0x3C, 0x37, 0x7F, 0x48, 0x83, 0xBE, 0xEE, 0x3D, 0x92, 0x2F, 0x57,
    0xFD, 0x60, 0x4A, 0xE5, 0x21, 0x9D, 0xED, 0x15, 0xB5, 0x63, 0xFF, 0x06, 0xB5, 0x59, 0x3D, 0x8C,
    0x1C, 0xC7, 0x95, 0x7E, 0xD5, 0x4D, 0x6E, 0x8B, 0x2C, 0x71, 0x4B, 0x01, 0x71, 0x36, 0xBC, 0xDC,
    0x6D, 0x05, 0x0E, 0x68, 0x78, 0x77, 0x9A, 0x07, 0x30, 0x58, 0x03, 0xF3, 0x53, 0x22, 0x03, 0xE2,
    0xA0, 0x40, 0x0C, 0x6C, 0x38, 0x34, 0x03, 0x07, 0xCE, 0x66, 0x83, 0x05, 0x6E, 0x83, 0x59, 0x4E,
    0x49, 0x0A, 0x14, 0x38, 0xF0, 0x06, 0x07, 0xC3, 0x80, 0x61, 0x98, 0x99, 0x13, 0x03, 0x5C, 0x03,
    0x0B, 0x7B, 0x00, 0x0F, 0x35, 0x25, 0x31, 0xB8, 0xF0, 0xDA, 0x10, 0xEE, 0x2E, 0x70, 0xA0, 0xA6,
    0x44, 0x1B, 0x06, 0x64, 0x48, 0x45, 0xBB, 0xAD, 0x6B, 0x5A, 0xB3, 0xD3, 0xFE, 0x5E, 0x55, 0xCF,
    0xEE, 0xAC, 0x48, 0x1C, 0x28, 0x71, 0xBD, 0xDC, 0x21, 0xB6, 0x7B, 0xA6, 0xAB, 0xBE, 0xF7, 0xEA,
    0xBD, 0xEF, 0x7D, 0xEF, 0x0D, 0xD1, 0xB0, 0xA6, 0x93, 0x3F, 0x89, 0x25, 0x8A, 0x1D, 0x51, 0x74,
    0x88, 0x8B, 0x4F, 0x34, 0xD1, 0x5F, 0x0B, 0xA2, 0xED, 0x31, 0x51, 0x3B, 0x25, 0xDA, 0xC0, 0xBB,
    0xCB, 0x54, 0x92, 0xAC, 0x67, 0x94, 0x18, 0x65, 0x62, 0x1B, 0xB9, 0x28, 0xA7, 0x01, 0x39, 0x52,
    0x74, 0x40, 0xF1, 0xEF, 0x6A, 0x2B, 0x6B, 0xEA, 0xD5, 0xFA, 0x78, 0xBD, 0xEC, 0x63, 0xDA, 0xCD,
    0xF4, 0x20, 0xB6, 0x6D, 0xE1, 0x32, 0xDA, 0x51, 0x7A, 0x23, 0xCE, 0x95, 0x76, 0xB8, 0x26, 0xA7,
    0xF4, 0x38, 0x72, 0x13, 0xCA, 0xDE, 0xAB, 0x88, 0x5E, 0x16, 0x44, 0x17, 0x84, 0xA5, 0xF8, 0x9D,
    0x9C, 0xA8, 0x97, 0x2F, 0x20, 0x1A, 0xE0, 0xD5, 0xE3, 0x95, 0x70, 0x73, 0xB9, 0x24, 0x52, 0x5D,
    0xA0, 0x7C, 0x95, 0x3F, 0xE9, 0x28, 0xCA, 0xF1, 0x6E, 0xA1, 0x34, 0x4D, 0xEA, 0x82, 0x76, 0xA8,
    0xA2, 0x36, 0x65, 0xB4, 0x01, 0x23, 0x14, 0x91, 0x93, 0x9A, 0x3A, 0xE9, 0x94, 0x26, 0x8E, 0x2E,
    0xC7, 0x46, 0x5E, 0xB3, 0x34, 0x31, 0xCD, 0x92, 0xF2, 0x33, 0x93, 0xBE, 0x9A, 0xA7, 0x40, 0x40,
    0x03, 0x69, 0xD7, 0xE2, 0x5C, 0xEA, 0x32, 0xCE, 0x19, 0x11, 0xB5, 0xE3, 0x3C, 0xA3, 0x71, 0x66,
    0x65, 0x39, 0x3B, 0x1D, 0x6F, 0x10, 0x5D, 0x6A, 0x5E, 0xCB, 0x78, 0xC5, 0x0C, 0x61, 0xFC, 0x8C,
    0x6E, 0x81, 0xB1, 0xB0, 0x79, 0x9F, 0x68, 0x13, 0x56, 0x13, 0x89, 0x92, 0x17, 0x60, 0xF7, 0x68,
    0x8A, 0xF0, 0xF7, 0x1A, 0x2E, 0xF7, 0x82, 0x41, 0xFD, 0xC7, 0x94, 0x9A, 0xDD, 0xC8, 0xD1, 0x7E,
    0x46, 0x11, 0xFC, 0x42, 0xCA, 0x78, 0xC7, 0x45, 0xFC, 0x27, 0x6C, 0x80, 0xCB, 0x68, 0xEA, 0x2F,
    0x5F, 0xC0, 0x02, 0x5B, 0xD2, 0xC6, 0x56, 0xC2, 0xCE, 0xA5, 0x7A, 0xCF, 0x3B, 0x58, 0x4C, 0x29,
    0xC9, 0x3D, 0x3E, 0x20, 0xB3, 0xE2, 0x7F, 0x8B, 0xE4, 0x1A, 0x7B, 0xB0, 0x05, 0x3B, 0x17, 0x7E,
    0x3B, 0x64, 0xD3, 0xC4, 0x24, 0x38, 0x2C, 0xFA, 0x2A, 0xD6, 0xC2, 0x7A, 0xAD, 0x8A, 0x44, 0xE1,
    0xE8, 0x2C, 0xDD, 0x9C, 0x1F, 0x96, 0x98, 0x3C, 0xA4, 0xDB, 0xA2, 0x94, 0x36, 0xB2, 0x63, 0x92,
    0x70, 0xD0, 0x45, 0x6C, 0x2D, 0x80, 0x42, 0xDA, 0x70, 0x8A, 0x55, 0x70, 0x28, 0x2E, 0x5F, 0x56,
    0x5A, 0xD8, 0x0C, 0x86, 0x65, 0x7A, 0x4C, 0x2B, 0x33, 0x38, 0x17, 0x18, 0x52, 0x47, 0xA3, 0x91,
    0xC8, 0xD7, 0x9F, 0x19, 0xC9, 0x65, 0xBC, 0xE0, 0x8B, 0xD8, 0x9E, 0x88, 0xE2, 0xCF, 0xFB, 0xE3,
    0xEC, 0x17, 0xF0, 0x47, 0x62, 0x70, 0x40, 0xB1, 0xF6, 0x00, 0x56, 0x6F, 0x63, 0x7F, 0x87, 0xED,
    0xB1, 0x7E, 0xBB, 0xF9, 0x2F, 0x7F, 0x11, 0x7B, 0x0F, 0x0D, 0x25, 0x7A, 0x9F, 0xD4, 0x6B, 0x44,
    0x69, 0xE9, 0x4F, 0x84, 0x2E, 0x3E, 0xFF, 0x51, 0xEC, 0xAF, 0x91, 0x6A, 0x91, 0x40, 0xE4, 0x6D,
    0x84, 0x38, 0x75, 0xB4, 0x7A, 0x9B, 0x56, 0x25, 0x9F, 0xBE, 0x34, 0xDE, 0x48, 0xE7, 0x1D, 0xA0,
    0x38, 0x10, 0x5E, 0xA4, 0xC1, 0x1A, 0x79, 0x27, 0x78, 0x87, 0x75, 0x70, 0x3F, 0x9E, 0x86, 0xF0,
    0x3A, 0xCA, 0xBE, 0xFA, 0x4F, 0x70, 0xB9, 0x2C, 0xE0, 0xB1, 0x2E, 0xA5, 0x08, 0x67, 0x9C, 0x48,
    0x19, 0x15, 0xB8, 0xA8, 0x80, 0xAB, 0x43, 0x71, 0xA1, 0x10, 0x56, 0xB8, 0x89, 0x88, 0xF3, 0x37,
    0x53, 0x7C, 0x52, 0x69, 0x45, 0xA9, 0x4E, 0x6C, 0x9F, 0xD2, 0xFA, 0xB1, 0x37, 0xE9, 0x47, 0x9A,
    0xBE, 0xF2, 0x1E, 0xCC, 0xF8, 0x0B, 0x00, 0x0C, 0x10, 0x80, 0xE9, 0x4B, 0x08, 0x7A, 0x43, 0xC8,
    0x21, 0x3C, 0x50, 0x02, 0x4D, 0x1B, 0xF0, 0x52, 0x40, 0x02, 0x48, 0x87, 0xE5, 0xDB, 0xCD, 0x4D,
    0xCE, 0x25, 0x4E, 0x26, 0x42, 0x36, 0x21, 0x66, 0xEB, 0x99, 0xC1, 0xAE, 0x6F, 0xE3, 0x76, 0x5C,
    0x20, 0x26, 0x06, 0xF8, 0xA7, 0x74, 0x8B, 0x41, 0x18, 0xAA, 0x86, 0xB5, 0xEE, 0x22, 0xC2, 0x53,
    0x3D, 0x40, 0x70, 0x64, 0xFE, 0xA6, 0x70, 0xF0, 0x50, 0x49, 0x0E, 0xB7, 0x07, 0x4B, 0x4E, 0xD4,
    0x3E, 0x5A, 0xFB, 0xC0, 0xB1, 0x4B, 0xEC, 0x88, 0xB8, 0x9E, 0x92, 0xE8, 0x23, 0xF7, 0x2B, 0x46,
    0x22, 0x90, 0xBC, 0xBC, 0xE7, 0x88, 0x9F, 0x92, 0x46, 0xE1, 0xD0, 0x18, 0x06, 0x52, 0x8A, 0x51,
    0xC8, 0x77, 0xA7, 0x01, 0x84, 0x04, 0x51, 0x1C, 0xFF, 0x44, 0x35, 0xD6, 0xA8, 0x44, 0x11, 0xE7,
    0x89, 0x4E, 0xE9, 0x4C, 0x38, 0xA7, 0x4B, 0x00, 0xB9, 0x0F, 0x16, 0x33, 0xA2, 0x5C, 0x85, 0xCB,
    0xAE, 0x80, 0x52, 0xB4, 0x8F, 0xDB, 0x9C, 0x72, 0x45, 0x12, 0xFE, 0x6D, 0xA7, 0x35, 0x96, 0xA9,
    0xA7, 0x0B, 0x8E, 0x36, 0xE2, 0x83, 0x22, 0x31, 0x4E, 0x45, 0x45, 0x4B, 0xDA, 0xEE, 0xDB, 0xD4,
    0xDD, 0x3B, 0x8A, 0xD5, 0xBD, 0xF4, 0x86, 0x4D, 0xE0, 0x48, 0x41, 0x2F, 0xD1, 0xA5, 0xC8, 0xD0,
    0x26, 0x0E, 0x6B, 0x68, 0x8E, 0x8F, 0xA8, 0xB6, 0xCA, 0xAC, 0xE1, 0x73, 0xDB, 0xF0, 0x89, 0x66,
    0xC6, 0xC9, 0xC0, 0x83, 0x95, 0x84, 0x7D, 0x30, 0xEC, 0x15, 0x10, 0x4A, 0x0C, 0x50, 0x67, 0x7C,
    0x1C, 0x75, 0xE8, 0x02, 0x0C, 0xDF, 0x47, 0xD0, 0xBC, 0x53, 0x83, 0x75, 0x28, 0xC7, 0xE5, 0xE6,
    0x31, 0x5D, 0x3E, 0x0B, 0x8A, 0xA7, 0x67, 0xCC, 0x73, 0xA1, 0x48, 0x34, 0x22, 0x3A, 0xF1, 0x19,
    0x63, 0xD6, 0x5A, 0xD8, 0xDF, 0xB5, 0x5A, 0xF2, 0xFE, 0x47, 0x45, 0x77, 0xAF, 0xC9, 0x98, 0x73,
    0xD8, 0x7B, 0xB8, 0xF7, 0x5C, 0xCE, 0xA6, 0x2D, 0xF2, 0x49, 0xB9, 0xEE, 0x8F, 0xDE, 0x73, 0xE1,
    0xFF, 0xB7, 0x59, 0x4E, 0xDB, 0x00, 0x19, 0xF1, 0x1D, 0xFE, 0x68, 0x82, 0x3D, 0x24, 0x72, 0x55,
    0xE1, 0xD1, 0xEC, 0x74, 0x8C, 0x76, 0xAB, 0x94, 0x6E, 0xF8, 0xC2, 0xF0, 0x8D, 0x90, 0xAB, 0x05,
    0xAD, 0xB5, 0x68, 0x2D, 0xB6, 0x70, 0xBE, 0x7C, 0xC3, 0xC5, 0x1F, 0x15, 0xF4, 0x77, 0x7D, 0x94,
    0xAB, 0xE7, 0x68, 0x17, 0xE9, 0xE7, 0xB3, 0xE9, 0x1C, 0x05, 0xBE, 0xF8, 0x0C, 0x25, 0xEC, 0xDD,
    0x7C, 0x91, 0x3C, 0x11, 0x8E, 0x0F, 0xA9, 0xFB, 0xCA, 0x14, 0x88, 0x77, 0x00, 0x66, 0x3B, 0xD5,
    0xF4, 0x12, 0x73, 0xE6, 0x6E, 0x93, 0xD4, 0x53, 0xEA, 0x4D, 0x99, 0xA9, 0xF1, 0x62, 0x76, 0xB5,
    0x48, 0x55, 0x03, 0x02, 0xD5, 0xB2, 0x48, 0x41, 0xBC, 0x7F, 0xF0, 0xCC, 0x1A, 0x1F, 0x52, 0x7C,
    0xDF, 0x46, 0xE6, 0xEB, 0xBC, 0x5E, 0x5A, 0x17, 0xA9, 0x32, 0x0C, 0xC8, 0x8C, 0xE2, 0x02, 0xF9,
    0x8D, 0xC4, 0x06, 0xEB, 0x22, 0x0D, 0xAE, 0xFA, 0xF2, 0x21, 0x2B, 0x5A, 0xCB, 0x8A, 0x35, 0xBA,
    0x2D, 0x4D, 0xF2, 0x2E, 0x12, 0xB7, 0x17, 0x15, 0x11, 0xF2, 0x1A, 0x8E, 0xBE, 0x82, 0xF8, 0x80,
    0xD3, 0x17, 0x2B, 0xF9, 0x1C, 0x9F, 0x1E, 0x2D, 0xE0, 0xA3, 0x2F, 0x84, 0xEF, 0x4A, 0x42, 0xCB,
    0x89, 0x16, 0x47, 0xAB, 0x7E, 0x59, 0x7C, 0xB4, 0x4A, 0x81, 0x48, 0x37, 0xE8, 0x49, 0x7C, 0xCF,
    0xE1, 0x3F, 0xC4, 0x0B, 0xC7, 0x9E, 0xAF, 0x3E, 0x90, 0x46, 0x66, 0xD0, 0xA5, 0xB6, 0x34, 0xAD,
    0x08, 0x5C, 0x54, 0xC5, 0x45, 0x9B, 0x06, 0x1D, 0x7F, 0x86, 0x48, 0xB7, 0x1D, 0x84, 0x0A, 0x14,
    0xC7, 0xC4, 0xEC, 0x88, 0xAA, 0x45, 0xA9, 0xB4, 0xD2, 0x4C, 0xA5, 0x91, 0xB3, 0x53, 0x00, 0xC1,
    0x3F, 0xED, 0xC6, 0xBE, 0x0B, 0x4D, 0xBE, 0xFA, 0x32, 0x7F, 0xCB, 0x27, 0xC1, 0x15, 0xB8, 0x4D,
    0x1F, 0x67, 0xAF, 0xA8, 0x67, 0xC2, 0x55, 0xE4, 0x5A, 0x34, 0x92, 0xA6, 0xCB, 0xAC, 0xE9, 0x84,
    0x03, 0x8D, 0x3E, 0xE4, 0x6C, 0x11, 0x38, 0xC2, 0x09, 0x38, 0x61, 0x26, 0x8A, 0xA4, 0x18, 0xD1,
    0x20, 0xA3, 0x56, 0x8C, 0x4F, 0x66, 0x5C, 0x33, 0x62, 0xE6, 0x41, 0xC5, 0x92, 0xA2, 0xC3, 0x0A,
    0xCB, 0xAD, 0x9E, 0xF0, 0x63, 0xDE, 0x3B, 0x04, 0x00, 0x24, 0x61, 0x87, 0xB7, 0x1A, 0xB0, 0x10,
    0x62, 0x5E, 0x86, 0x05, 0xCC, 0xD5, 0x80, 0x4B, 0x75, 0x5D, 0x6B, 0x64, 0x4D, 0xCA, 0xD5, 0x3D,
    0x23, 0x5F, 0x3E, 0x62, 0xAE, 0x33, 0xC7, 0xCF, 0xF8, 0x8F, 0x0F, 0xA7, 0xB2, 0xB6, 0xAC, 0x17,
    0x7A, 0x86, 0xBA, 0x0E, 0x82, 0x8C, 0x2E, 0x0A, 0xCF, 0x7D, 0x77, 0x89, 0x56, 0xAC, 0x47, 0x78,
    0x10, 0x4A, 0x5A, 0x56, 0x24, 0x25, 0xCA, 0x90, 0x82, 0x14, 0x63, 0x55, 0x04, 0x69, 0x96, 0x78,
    0xD7, 0x2F, 0x5E, 0xAB, 0xE2, 0x73, 0xD0, 0x62, 0xC0, 0xA8, 0x68, 0xFC, 0xE5, 0xA1, 0x9D, 0x77,
    0xFE, 0x58, 0x20, 0x30, 0x40, 0x4E, 0xF8, 0x80, 0xF8, 0xCB, 0x8C, 0x86, 0xAF, 0xA2, 0x00, 0x95,
    0x4A, 0xB7, 0x63, 0x9B, 0x0A, 0x97, 0xD8, 0x1D, 0xD0, 0xE9, 0x89, 0x6B, 0xC2, 0x39, 0xDF, 0xBB,
    0x10, 0xDF, 0x28, 0x17, 0x3C, 0xC6, 0x45, 0x15, 0xCB, 0x33, 0xAB, 0xE1, 0x77, 0xE4, 0x03, 0xA9,
    0x64, 0x04, 0xF8, 0x05, 0x04, 0x00, 0xC0, 0xEA, 0xD8, 0x1C, 0x5B, 0x0F, 0xA7, 0xA0, 0x9E, 0x79,
    0x01, 0x58, 0xB1, 0xD1, 0x98, 0x35, 0xC7, 0x88, 0x91, 0x37, 0xA0, 0x5B, 0xFC, 0xD9, 0xDE, 0x2D,
    0x81, 0x58, 0x1B, 0x16, 0xC7, 0x3B, 0x78, 0x23, 0xC2, 0x49, 0x04, 0x4B, 0xBD, 0x91, 0xC1, 0xBE,
    0x9C, 0x6B, 0xB0, 0x4D, 0x20, 0x39, 0x0F, 0xE7, 0xEB, 0x7E, 0xD3, 0x26, 0x06, 0x85, 0x90, 0xAB,
    0x39, 0xFE, 0xB5, 0xF0, 0x6C, 0xEF, 0x56, 0xBA, 0x47, 0xE6, 0x05, 0xB2, 0xEB, 0x54, 0x6C, 0xD1,
    0xD0, 0x7E, 0x39, 0xEC, 0xEB, 0xD1, 0x5B, 0xD7, 0x6C, 0xD0, 0xD2, 0x4B, 0x0E, 0xE0, 0xD7, 0x00,
    0x07, 0xEF, 0x73, 0x41, 0x4F, 0xC3, 0x9F, 0x87, 0x06, 0xFB, 0x3C, 0x2B, 0x60, 0x54, 0xC4, 0x7D,
    0x04, 0xBA, 0xC8, 0x59, 0x1E, 0x89, 0x02, 0x7A, 0x9C, 0xC1, 0xF7, 0x69, 0xC4, 0x67, 0x8F, 0x83,
    0x4F, 0xCC, 0x06, 0x55, 0xD7, 0xEB, 0xA4, 0xB8, 0x40, 0xFB, 0xB1, 0x59, 0x66, 0xFE, 0x96, 0x8C,
    0x50, 0xD2, 0x17, 0xF4, 0xCC, 0x8A, 0xBD, 0x4B, 0x3B, 0xF3, 0x45, 0x2D, 0x4E, 0x34, 0xFE, 0x34,
    0x79, 0x18, 0xB3, 0x48, 0x87, 0x76, 0x01, 0x91, 0xE1, 0x79, 0x65, 0xD8, 0xDC, 0x1C, 0x4B, 0x60,
    0x01, 0xEF, 0x90, 0x94, 0x0B, 0xC6, 0x89, 0x77, 0xE8, 0xE8, 0x9D, 0xBD, 0x16, 0xDE, 0xD9, 0x56,
    0x3A, 0x72, 0x68, 0x05, 0xCE, 0x1E, 0xAA, 0x9F, 0xDA, 0xA8, 0xFE, 0x00, 0x07, 0x2B, 0xB0, 0xC7,
    0x38, 0x06, 0x6F, 0xED, 0xFB, 0x73, 0xE8, 0x4B, 0xD7, 0x37, 0x83, 0x28, 0x3F, 0x11, 0x43, 0x83,
    0xA3, 0x98, 0x7A, 0xA0, 0x68, 0xF8, 0x96, 0x45, 0x2B, 0xE3, 0x0B, 0xDB, 0x55, 0x26, 0x3D, 0x51,
    0x79, 0xE7, 0xE2, 0x35, 0x81, 0xB1, 0xF7, 0x90, 0x22, 0x6D, 0x8A, 0xE8, 0xE5, 0xA3, 0x68, 0xAB,
    0x9D, 0xE7, 0x93, 0xB9, 0xAE, 0xEE, 0x1E, 0x57, 0xF4, 0x34, 0xB0, 0x0C, 0x27, 0x37, 0x70, 0x99,
    0x36, 0x29, 0xC0, 0x6E, 0xC3, 0x1F, 0x7F, 0xAB, 0xE0, 0x27, 0xCF, 0xBB, 0x58, 0xBE, 0x26, 0xF1,
    0xC0, 0xD1, 0x9E, 0x4F, 0xF9, 0x25, 0x1C, 0xF4, 0x3D, 0x5F, 0xA5, 0x60, 0x25, 0xAF, 0x38, 0xF2,
    0xA1, 0xA0, 0xFC, 0x7A, 0xCD, 0xF5, 0x46, 0xB8, 0x36, 0x4C, 0x90, 0x10, 0x1B, 0x32, 0x67, 0xA7,
    0x7F, 0xC0, 0x6E, 0xC7, 0x67, 0x3A, 0x80, 0xCD, 0x39, 0xC1, 0x6A, 0x94, 0xE4, 0x0F, 0xB1, 0xC7,
    0xA7, 0xBC, 0x3B, 0x3A, 0x1F, 0xF1, 0x08, 0x8F, 0x83, 0xE0, 0x29, 0x2A, 0x10, 0x56, 0x5D, 0x1F,
    0x46, 0x29, 0x27, 0x7B, 0xC5, 0x4A, 0x34, 0xC7, 0x91, 0xA4, 0x4D, 0x74, 0x1F, 0x50, 0xD0, 0xC9,
    0xCC, 0xFB, 0x94, 0xF0, 0x99, 0x62, 0x99, 0xAF, 0x39, 0x5A, 0x2A, 0xF0, 0x6C, 0x13, 0x7C, 0xF0,
    0x99, 0x7C, 0xFD, 0x50, 0xDE, 0xF8, 0x89, 0x5A, 0x25, 0xB5, 0x4D, 0x69, 0x45, 0xD9, 0x80, 0x3A,
    0x5D, 0x6E, 0xC5, 0xDA, 0xCA, 0x0C, 0xE2, 0x7C, 0x24, 0x3C, 0xFD, 0xE6, 0xDE, 0x7A, 0x64, 0xB2,
    0xE5, 0x52, 0xBB, 0x62, 0xBB, 0xA9, 0xF9, 0x58, 0x5D, 0x27, 0xB5, 0x44, 0xEA, 0x12, 0x8B, 0xF5,
    0xD6, 0x80, 0x36, 0x36, 0xF0, 0x08, 0xA8, 0xFD, 0xDF, 0x06, 0x49, 0xB9, 0xC3, 0x8E, 0x67, 0xD3,
    0xA7, 0xDE, 0xA7, 0x6B, 0x8B, 0x19, 0xCD, 0x0B, 0x75, 0x42, 0x17, 0x38, 0x08, 0xAE, 0xAE, 0xD8,
    0xAF, 0xDE, 0x2D, 0x69, 0x90, 0xF4, 0x5D, 0x7A, 0x09, 0x72, 0x56, 0xB7, 0x59, 0xC9, 0xAB, 0xA4,
    0xE6, 0x93, 0xD1, 0x74, 0x1B, 0xA1, 0x8C, 0x67, 0x1B, 0x7A, 0xB8, 0x8B, 0x34, 0x09, 0x29, 0x3D,
    0x67, 0x1F, 0xC3, 0xFA, 0x38, 0x64, 0x7B, 0xD4, 0x10, 0x53, 0xF7, 0x66, 0xF4, 0xD8, 0xEF, 0x09,
    0x37, 0x30, 0x0D, 0x39, 0xBF, 0x65, 0x46, 0x4F, 0xB9, 0x3E, 0xC3, 0x1B, 0x3A, 0x81, 0xEA, 0xF1,
    0xA8, 0x0E, 0x1A, 0x74, 0x23, 0x78, 0xEF, 0x8E, 0x2F, 0x10, 0xA8, 0x15, 0xD1, 0x58, 0x8C, 0x71,
    0x6E, 0xA5, 0x17, 0xCF, 0xA8, 0x9B, 0x78, 0x20, 0x8F, 0xA1, 0xFD, 0x3D, 0x1B, 0x68, 0xF5, 0x1F,
    0xF2, 0x21, 0x1B, 0xDA, 0xA3, 0xF3, 0xE8, 0x4B, 0x6F, 0xB1, 0xAD, 0x45, 0x36, 0x6B, 0x53, 0x37,
    0xD1, 0x71, 0x7E, 0x87, 0xB7, 0x61, 0x83, 0xC7, 0x61, 0xCD, 0xD2, 0x5B, 0x2A, 0x82, 0x6E, 0x82,
    0x6C, 0x07, 0xDA, 0xAB, 0x58, 0x0A, 0x6F, 0xBB, 0x61, 0x5D, 0xD3, 0xF9, 0x47, 0x45, 0x7F, 0x23,
    0xFA, 0xD0, 0x74, 0xB6, 0xE2, 0xFF, 0xC6, 0xC1, 0xE2, 0x41, 0xCF, 0x63, 0x2C, 0xFF, 0xC5, 0xB1,
    0xD1, 0x7F, 0xA4, 0xCC, 0xF3, 0x41, 0x58, 0x92, 0x5B, 0x58, 0x5E, 0xD0, 0x77, 0xF6, 0x59, 0x38,
    0xF9, 0x3B, 0xB8, 0xB9, 0x2B, 0xB8, 0x71, 0x3E, 0xBE, 0x79, 0x8E, 0x1B, 0x05, 0x78, 0x49, 0x30,
    0x59, 0xB3, 0xFC, 0x9F, 0x12, 0xD8, 0xBA, 0x7F, 0xE4, 0xB2, 0xB0, 0xDD, 0x65, 0x75, 0x23, 0x77,
    0xED, 0xA7, 0x6F, 0x77, 0xC2, 0x77, 0xAD, 0xCB, 0xA4, 0x40, 0xF1, 0x25, 0x25, 0x8E, 0xFF, 0x88,
    0x9E, 0xE2, 0x4B, 0x24, 0x42, 0x1F, 0x8B, 0x62, 0x83, 0x11, 0xF7, 0x41, 0xA3, 0xA4, 0x90, 0xC5,
    0x72, 0xC5, 0x7F, 0x86, 0xBB, 0x15, 0xF5, 0xBE, 0xED, 0x1B, 0x2E, 0x5F, 0xA0, 0xB9, 0x8D, 0x6B,
    0xCA, 0xE8, 0x49, 0x11, 0x42, 0x29, 0x8A, 0xBC, 0xE6, 0x5C, 0x41, 0x73, 0x47, 0xC3, 0x1C, 0x89,
    0xF3, 0xEF, 0x0E, 0xFF, 0xFD, 0xAA, 0x84, 0x48, 0x76, 0x90, 0x97, 0x54, 0x0C, 0xF0, 0x48, 0xD1,
    0x05, 0xEA, 0x3C, 0x5B, 0x46, 0x56, 0xA9, 0x9F, 0x21, 0x32, 0xE4, 0x9F, 0xB9, 0xA0, 0x01, 0xA2,
    0x41, 0x6F, 0xED, 0x79, 0x6C, 0xE8, 0x7C, 0x66, 0x74, 0xBC, 0x60, 0xEC, 0x06, 0x29, 0x80, 0x60,
    0x7A, 0x3B, 0x3A, 0xAC, 0xF3, 0x2C, 0x47, 0x97, 0xDD, 0xE1, 0x84, 0x72, 0x32, 0xB0, 0x49, 0xA5,
    0xF4, 0xD1, 0x35, 0x94, 0xDB, 0xE9, 0xE3, 0xF0, 0xF3, 0x21, 0xCE, 0x52, 0xCE, 0x04, 0xCE, 0xAF,
    0x90, 0xAB, 0x5C, 0xDD, 0x69, 0xE5, 0xDD, 0x4A, 0xFE, 0x5F, 0xAD, 0x27, 0xD7, 0x73, 0x5F, 0x3A,
    0x07, 0xB1, 0xCD, 0x84, 0xF3, 0xB2, 0xAE, 0x73, 0x7C, 0x1D, 0x1F, 0x36, 0xC9, 0x0E, 0x41, 0x04,
    0xDA, 0xC7, 0x0A, 0x41, 0x0B, 0x1C, 0xB0, 0x03, 0xDB, 0x7C, 0xF2, 0x29, 0xC7, 0x85, 0xB2, 0xFF,
    0x4C, 0x77, 0xEE, 0x48, 0x92, 0x3F, 0x07, 0x87, 0x36, 0xB9, 0xFE, 0xCC, 0xEE, 0x9C, 0x41, 0xFA,
    0xC5, 0x1F, 0xD6, 0x25, 0x75, 0x4B, 0x65, 0x13, 0x8E, 0x8A, 0xDB, 0xDC, 0xF1, 0x32, 0x01, 0x32,
    0x9F, 0x21, 0xEA, 0x11, 0xA5, 0xBE, 0x0F, 0xA6, 0x0A, 0xCC, 0xA0, 0x74, 0x97, 0x7C, 0x03, 0x0B,
    0x7A, 0x42, 0xC8, 0x22, 0x54, 0xBB, 0x20, 0x3C, 0x8E, 0x7D, 0x1F, 0xE2, 0x78, 0x4E, 0x58, 0x84,
    0x52, 0xD6, 0x27, 0x2F, 0xB3, 0xE1, 0xBF, 0xEC, 0xFD, 0x43, 0x59, 0x76, 0xA4, 0x05, 0x5D, 0xC3,
    0x9E, 0x71, 0x4A, 0x23, 0x54, 0x08, 0x78, 0xAF, 0x23, 0x5C, 0x3B, 0x72, 0x83, 0x39, 0x11, 0x0A,
    0xA9, 0x61, 0x1F, 0xDA, 0x0D, 0xF4, 0xB2, 0x39, 0x7D, 0xFE, 0x87, 0x25, 0xE8, 0xBD, 0x84, 0x1B,
    0xEC, 0x92, 0x45, 0x0E, 0xC0, 0xEC, 0xC2, 0xD9, 0x1D, 0x30, 0x5B, 0x17, 0x19, 0xBD, 0x3B, 0x0D,
    0xAF, 0x31, 0x5E, 0xD5, 0x18, 0x04, 0xD6, 0xF1, 0x3D, 0xBA, 0x32, 0x32, 0xDF, 0x85, 0xFA, 0xC4,
    0x72, 0x93, 0xD9, 0xC2, 0x14, 0x25, 0x8F, 0x1E, 0x94, 0xD2, 0x00, 0x4C, 0x07, 0xEA, 0xA1, 0xC3,
    0x13, 0x86, 0x41, 0x9B, 0xC6, 0x80, 0xD4, 0x15, 0x45, 0x7A, 0xC3, 0x24, 0x38, 0xCE, 0xB3, 0x68,
    0x6A, 0x13, 0x74, 0x4A, 0xD1, 0xE7, 0x5A, 0x85, 0xE7, 0xC5, 0xB1, 0x25, 0x69, 0x1B, 0x74, 0x5D,
    0x7C, 0x01, 0x28, 0x34, 0xC0, 0x2E, 0xC3, 0x14, 0x8E, 0x86, 0x40, 0xDE, 0x5C, 0x5B, 0x00, 0x33,
    0x41, 0x19, 0x29, 0x53, 0xCD, 0x60, 0x70, 0x32, 0x08, 0x44, 0xAF, 0xBF, 0xA9, 0x64, 0x34, 0xA0,
    0x81, 0xF4, 0x35, 0x54, 0x97, 0xF7, 0x58, 0xEA, 0x30, 0x1C, 0x1E, 0x59, 0x78, 0x1E, 0x19, 0x23,
    0xE5, 0x18, 0x0F, 0xF5, 0x99, 0xC8, 0x93, 0x77, 0x1C, 0xF5, 0x52, 0x1B, 0x3F, 0xA8, 0xA8, 0xBD,
    0xDC, 0xCC, 0xBA, 0x34, 0xB5, 0x52, 0x1D, 0x41, 0xB8, 0x03, 0x16, 0xF3, 0x2D, 0xF3, 0xAC, 0xF2,
    0x07, 0x3E, 0xF6, 0x17, 0x90, 0x00, 0xC9, 0xEF, 0x0A, 0xF2, 0xE0, 0xE4, 0x4C, 0xD5, 0x87, 0x70,
    0xC9, 0xFB, 0x7A, 0x03, 0x38, 0x6A, 0x5A, 0x87, 0x5B, 0x26, 0x74, 0x31, 0xE5, 0x6A, 0xC1, 0xF9,
    0xD0, 0x89, 0x0C, 0xB6, 0xEA, 0xC4, 0x66, 0xCC, 0xAD, 0x87, 0x06, 0x92, 0x81, 0x64, 0x86, 0x19,
    0x25, 0xFC, 0x7F, 0x25, 0xB0, 0x24, 0x0F, 0xFD, 0x3A, 0xDC, 0xE4, 0xED, 0x67, 0xDC, 0xC9, 0x3A,
    0x99, 0x0F, 0x9D, 0x28, 0xC4, 0xE4, 0xBD, 0x1A, 0x81, 0xD0, 0x37, 0x7D, 0xDD, 0x4A, 0x37, 0xD0,
    0xAF, 0x4C, 0xAE, 0xE5, 0x2E, 0x71, 0xEC, 0x27, 0x79, 0x3F, 0x4F, 0x7E, 0x8F, 0x04, 0xBC, 0x7D,
    0xB3, 0x09, 0x54, 0x64, 0x43, 0x91, 0xDA, 0x17, 0xD3, 0x1B, 0x77, 0x13, 0x93, 0xE5, 0x7E, 0x08,
    0xA1, 0xC3, 0x40, 0x8E, 0x73, 0x0E, 0x3C, 0x73, 0xA2, 0x19, 0x85, 0x94, 0xE9, 0x26, 0xA5, 0x7F,
    0x6C, 0xE0, 0x5F, 0x15, 0x4F, 0x57, 0xA8, 0x5C, 0x31, 0x54, 0xB3, 0x0E, 0xC2, 0x51, 0x39, 0xAE,
    0x60, 0x4A, 0x73, 0xDF, 0xC1, 0x5B, 0xF8, 0x22, 0x93, 0xC7, 0x25, 0x54, 0xE2, 0xDB, 0xCC, 0xD3,
    0xF7, 0x40, 0xE5, 0x12, 0x3B, 0x88, 0xF1, 0x6E, 0xF6, 0x49, 0x31, 0x59, 0xC5, 0x2E, 0xD5, 0x82,
    0xC4, 0x6D, 0x87, 0x7A, 0xF8, 0xFC, 0x5B, 0x35, 0x45, 0xF0, 0xA8, 0x67, 0x5A, 0x0F, 0x3D, 0x13,
    0xB6, 0x8D, 0x66, 0x33, 0x9A, 0xAC, 0x7A, 0x17, 0xCE, 0x05, 0xED, 0x5C, 0x50, 0x78, 0x4D, 0x41,
    0x81, 0xBE, 0x33, 0x4F, 0x65, 0x78, 0x94, 0x45, 0x96, 0xD0, 0x17, 0x21, 0x23, 0x9C, 0x6F, 0xD1,
    0x69, 0x48, 0x47, 0xA3, 0xBD, 0x53, 0x70, 0x4A, 0x6C, 0x0F, 0x92, 0x1F, 0x69, 0x55, 0x86, 0x92,
    0xD1, 0x4F, 0xAF, 0xCD, 0x66, 0xD1, 0x74, 0x1B, 0x6E, 0x61, 0xB2, 0x60, 0x38, 0x2D, 0x2E, 0xB9,
    0x40, 0xA6, 0x02, 0x4D, 0x78, 0x51, 0x87, 0xF0, 0xC9, 0x34, 0x53, 0x58, 0x33, 0xEE, 0x85, 0x60,
    0x4D, 0xF2, 0x01, 0x8F, 0xB6, 0x5A, 0xB4, 0xC9, 0x05, 0xA8, 0x17, 0x26, 0xD4, 0x2C, 0xFD, 0xE5,
    0xB4, 0x99, 0x72, 0x08, 0x2B, 0xDC, 0x3A, 0xA5, 0x3C, 0xFE, 0xEA, 0xBE, 0x52, 0xF2, 0x90, 0x8C,
    0xA5, 0x9C, 0xE4, 0x33, 0xF1, 0xA3, 0x1A, 0x88, 0xA5, 0xF5, 0x5D, 0x2A, 0x6E, 0x7A, 0x6D, 0x4B,
    0x99, 0x25, 0x24, 0x4E, 0x6A, 0x6E, 0xB6, 0xE2, 0xFC, 0x40, 0x5D, 0xB7, 0xB2, 0x99, 0xF2, 0x4A,
    0xF8, 0xEB, 0x13, 0xCD, 0xFA, 0xF3, 0x85, 0xF9, 0xAC, 0x19, 0xE9, 0xF4, 0x90, 0x76, 0x79, 0xC4,
    0xDE, 0x86, 0xB2, 0x30, 0xDD, 0x10, 0x3F, 0x3C, 0x9D, 0xF7, 0xFC, 0x61, 0x3D, 0xB5, 0xF2, 0x60,
    0x27, 0x8D, 0x00, 0xA1, 0x8D, 0x90, 0x7E, 0x98, 0x6A, 0x1E, 0x17, 0x32, 0xE7, 0xA1, 0x69, 0x3E,
    0x38, 0x88, 0x8C, 0x2F, 0x64, 0x43, 0x13, 0xFD, 0x67, 0x1E, 0xBF, 0xCE, 0x73, 0x17, 0x18, 0xC1,
    0xF3, 0x64, 0xF8, 0x3A, 0x35, 0x17, 0xA5, 0xE9, 0x48, 0xDD, 0x51, 0x2C, 0x84, 0x61, 0xAA, 0x7E,
    0xC2, 0x54, 0x01, 0x33, 0x93, 0xC6, 0x54, 0xE9, 0x4D, 0xCD, 0xD9, 0xD4, 0x8C, 0x4D, 0xED, 0xFD,
    0xB8, 0xA4, 0x61, 0xE5, 0x2B, 0x25, 0xA3, 0x5A, 0xD1, 0x2C, 0xAA, 0x79, 0x69, 0xEC, 0xB6, 0xBE,
    0x8B, 0xCD, 0x06, 0xBC, 0x17, 0xAC, 0x1D, 0x42, 0x64, 0x5F, 0x94, 0x6F, 0xE6, 0x07, 0xD8, 0x68,
    0x62, 0x50, 0x5C, 0x32, 0x2D, 0xE0, 0x1E, 0x9D, 0xE6, 0xCC, 0x69, 0xB7, 0x48, 0xC1, 0xDD, 0xD9,
    0xC8, 0xB7, 0xAD, 0xF4, 0xFD, 0x85, 0xE3, 0xDF, 0x63, 0xD3, 0x63, 0xCB, 0xE3, 0xC5, 0xCD, 0xA3,
    0x61, 0x76, 0x19, 0x7C, 0x1F, 0xF1, 0xB4, 0x9F, 0x5F, 0x63, 0x76, 0xBE, 0xC4, 0x71, 0xC2, 0x7A,
    0x7A, 0x9C, 0xE4, 0xC1, 0xFB, 0x68, 0xB1, 0x07, 0x07, 0xEC, 0x28, 0xA5, 0x9F, 0xD1, 0xFC, 0x5E,
    0x5D, 0x97, 0x2E, 0x8B, 0xEE, 0xEB, 0x4A, 0xBE, 0x10, 0xE7, 0x17, 0x7D, 0xD0, 0xCC, 0x47, 0xC9,
    0x26, 0xE4, 0xAB, 0x0B, 0x6A, 0x2D, 0x6B, 0x46, 0xEB, 0x40, 0xDF, 0x47, 0x7C, 0xA3, 0xE5, 0xE6,
    0x29, 0x05, 0x3B, 0x8C, 0xDF, 0xC5, 0x73, 0xAA, 0xF0, 0xB9, 0xBE, 0x8D, 0x9C, 0x9B, 0x1C, 0x4A,
    0x16, 0x33, 0x25, 0xFE, 0x6C, 0x74, 0x0D, 0x87, 0xB3, 0xFA, 0x04, 0x7E, 0xDD, 0x04, 0x0F, 0x08,
    0xBC, 0x11, 0x61, 0xAD, 0x36, 0xC2, 0x04, 0x78, 0x89, 0x4F, 0xAE, 0x9A, 0x3B, 0x80, 0xFB, 0xED,
    0xD7, 0x22, 0xB7, 0x7E, 0x55, 0x99, 0x7D, 0xD3, 0x41, 0xF5, 0x7E, 0x72, 0x7F, 0xB6, 0xAE, 0x01,
    0xC9, 0x21, 0xDB, 0x0D, 0xEF, 0xF4, 0xA6, 0x5E, 0x3C, 0xC0, 0xD1, 0xC5, 0x99, 0xAD, 0xE4, 0xDB,
    0x28, 0xCF, 0x75, 0x3E, 0x86, 0x13, 0x91, 0x26, 0xF0, 0x15, 0x22, 0x73, 0x83, 0xFF, 0xFC, 0x94,
    0x07, 0xEB, 0x73, 0xAB, 0x8D, 0xB7, 0xFA, 0xAB, 0x0B, 0x56, 0x63, 0xF7, 0x27, 0xAC, 0x1E, 0x05,
    0x33, 0x53, 0x33, 0xB7, 0xFA, 0x60, 0xC1, 0xC4, 0xB8, 0x2E, 0xB9, 0x25, 0x8D, 0x78, 0x8C, 0xDC,
    0xFB, 0x25, 0x4B, 0x37, 0x69, 0xF6, 0xE8, 0xF2, 0x23, 0x4B, 0x5B, 0xDD, 0x13, 0xE5, 0x6A, 0x52,
    0x25, 0x35, 0x5C, 0xBA, 0xCF, 0xAA, 0x9C, 0xB5, 0x04, 0x2A, 0x09, 0xEA, 0x91, 0xB0, 0x5D, 0xA8,
    0x09, 0x56, 0xED, 0x08, 0x1B, 0x83, 0x97, 0x46, 0xAB, 0xCE, 0xFD, 0x25, 0xC8, 0x78, 0x19, 0x98,
    0xD6, 0xA9, 0xF7, 0xCA, 0x3E, 0x25, 0x5C, 0xFA, 0x86, 0x0B, 0x75, 0x33, 0xB3, 0xE9, 0x92, 0xD7,
    0x3E, 0x79, 0x97, 0xBF, 0xCD, 0x09, 0x2D, 0x9F, 0xBF, 0xEE, 0xF0, 0xF5, 0x20, 0x2E, 0xEE, 0x52,
    0xEF, 0xCD, 0xC7, 0x0B, 0x43, 0x80, 0xD3, 0xC3, 0x31, 0xF9, 0x12, 0x38, 0xCE, 0x20, 0x30, 0x56,
    0x71, 0xDA, 0xF3, 0xD1, 0xC1, 0x69, 0x61, 0xD9, 0x3A, 0x39, 0xEE, 0x93, 0x2E, 0x79, 0x67, 0x1C,
    0xDA, 0x5E, 0xD3, 0xE6, 0x42, 0x79, 0xA2, 0x0D, 0x86, 0xD2, 0xAA, 0xBE, 0x69, 0x55, 0xC1, 0x5F,
    0x04, 0x71, 0x07, 0xFB, 0x2A, 0xD1, 0x79, 0x50, 0xB2, 0x44, 0xAD, 0x8D, 0xAB, 0xD3, 0xC5, 0x85,
    0x3A, 0x1A, 0xFF, 0x10, 0x0F, 0x20, 0x0A, 0xEE, 0x78, 0x21, 0x15, 0x96, 0xA5, 0xC1, 0x8A, 0xF5,
    0x03, 0xA7, 0x2A, 0xB6, 0x1D, 0xFF, 0xDD, 0x60, 0x62, 0xE7, 0x03, 0x28, 0x68, 0x30, 0xF5, 0xC6,
    0x98, 0x66, 0xEA, 0x21, 0x78, 0x1A, 0x8B, 0x3F, 0x9A, 0x92, 0x7A, 0xAB, 0x98, 0x2B, 0x81, 0x53,
    0x41, 0x15, 0x5B, 0x08, 0x0C, 0xEE, 0x1B, 0x21, 0x2D, 0xD5, 0x1C, 0x91, 0x80, 0xC3, 0x18, 0x02,
    0x3C, 0xE6, 0x1B, 0x6D, 0xC7, 0x5F, 0xE1, 0xB4, 0x90, 0x37, 0xE8, 0xED, 0x98, 0xEF, 0x20, 0x3D,
    0x00, 0x8B, 0xBD, 0xF6, 0xE4, 0xFE, 0xE2, 0x29, 0xFB, 0x27, 0xD8, 0x5F, 0x36, 0xFB, 0xAF, 0xA1,
    0xDF, 0x6D, 0x53, 0xEF, 0x23, 0x17, 0xF6, 0xBF, 0x82, 0x1D, 0x8B, 0x20, 0xEB, 0x45, 0x1E, 0xBA,
    0x9B, 0x67, 0x08, 0x20, 0xDD, 0x7B, 0xB3, 0xF4, 0xCF, 0x14, 0xBE, 0x79, 0x5F, 0x0E, 0x89, 0xEF,
    0x87, 0x95, 0x81, 0x9D, 0x89, 0x7E, 0xCB, 0xAB, 0xC9, 0xEB, 0x5C, 0x6A, 0x5F, 0x8E, 0x4E, 0x9C,
    0xA4, 0x9A, 0x71, 0x8A, 0x4A, 0x9B, 0x14, 0x11, 0x2C, 0xE9, 0x19, 0xEE, 0xFE, 0x6A, 0x70, 0x94,
    0x93, 0x63, 0x36, 0xEE, 0x5B, 0x60, 0x4C, 0x75, 0xED, 0x3E, 0xFC, 0xD2, 0x59, 0x56, 0x88, 0xCF,
    0x6A, 0x1F, 0xB2, 0x2F, 0xFE, 0xD0, 0xFC, 0x2D, 0x27, 0xF9, 0xCB, 0xF8, 0x7D, 0x1E, 0xC1, 0x72,
    0x8D, 0x98, 0x30, 0x9F, 0x8B, 0x8A, 0x75, 0x54, 0xC2, 0x5C, 0x02, 0xC3, 0xFC, 0xD7, 0xAC, 0x7E,
    0xE4, 0xCA, 0x43, 0xAE, 0x9D, 0x1D, 0x70, 0xF8, 0x52, 0x33, 0x15, 0x3B, 0x17, 0xFD, 0x0F, 0xA0,
    0x4F, 0xDB, 0x49, 0xD1, 0x52, 0x51, 0x25, 0xAF, 0xE7, 0x1F, 0xC7, 0xB6, 0xFC, 0xC5, 0x1B, 0xB6,
    0xF3, 0xAF, 0xAE, 0x50, 0x3F, 0x18, 0xEC, 0x47, 0x7F, 0x56, 0x5B, 0xA8, 0xD3, 0x25, 0xC8, 0xA5,
    0x42, 0x3D, 0xE0, 0x46, 0xCF, 0xEB, 0xA3, 0x32, 0x7C, 0xC3, 0xE6, 0xD6, 0x16, 0xA6, 0x30, 0xD9,
    0x14, 0xA2, 0xD2, 0x2A, 0xE0, 0x96, 0x76, 0x03, 0xE4, 0xB7, 0x03, 0x2A, 0x42, 0xB9, 0xE1, 0xAF,
    0xC9, 0x3E, 0x83, 0x47, 0x67, 0xCD, 0xC8, 0x77, 0x1C, 0x28, 0x90, 0x7B, 0x69, 0x86, 0xC7, 0x0E,
    0x4A, 0x67, 0x0D, 0xC0, 0x84, 0x25, 0xDE, 0x08, 0xE7, 0x72, 0x27, 0xC0, 0x4B, 0x4C, 0xDF, 0xF4,
    0x20, 0x91, 0x1C, 0xB5, 0xD1, 0xD8, 0x94, 0x9B, 0x14, 0x3D, 0x80, 0x4C, 0xF9, 0x2F, 0xE2, 0x91,
    0x07, 0x1A, 0x20, 0x88, 0xEA, 0x86, 0x5A, 0xB5, 0xFF, 0x5A, 0x18, 0xF2, 0xE0, 0x12, 0x84, 0x0F,
    0xF4, 0x5F, 0x98, 0x19, 0x5D, 0xBD, 0xC0, 0x5F, 0xB8, 0xD1, 0x49, 0xF9, 0x7B, 0x1A, 0x50, 0x23,
    0xEE, 0x37, 0x72, 0x2F, 0x44, 0x8E, 0x7A, 0x41, 0x5E, 0x18, 0x4D, 0xB9, 0x13, 0x95, 0xC8, 0x63,
    0x27, 0x8C, 0x6A, 0xBE, 0xE3, 0x05, 0x44, 0x46, 0x93, 0x14, 0x41, 0x56, 0xCE, 0x6F, 0x95, 0xA4,
    0x71, 0xD0, 0x16, 0x21, 0x6E, 0x7B, 0xDF, 0xF9, 0xAE, 0x19, 0xD6, 0x1C, 0x75, 0x1D, 0xF2, 0xA2,
    0x94, 0xCE, 0x7B, 0x45, 0xFD, 0x78, 0x35, 0xA9, 0xA7, 0xCB, 0x67, 0xF7, 0x55, 0x94, 0x2F, 0xE1,
    0xC0, 0xD7, 0xBC, 0x8D, 0xC5, 0x76, 0x6C, 0x77, 0xE4, 0xF7, 0x37, 0xB3, 0xDA, 0x6D, 0x66, 0x81,
    0x31, 0x2F, 0x3D, 0x7D, 0xFE, 0xFF, 0xBC, 0x68, 0x58, 0x14, 0xE6, 0xDC, 0x99, 0x1E, 0x43, 0x39,
    0x38, 0x01, 0xC5, 0x3D, 0x01, 0x25, 0x36, 0x07, 0x14, 0x7D, 0x98, 0x87, 0xAF, 0x4A, 0x76, 0x4F,
    0x0F, 0xCA, 0x36, 0xBA, 0xD4, 0xEF, 0x1D, 0x77, 0xA9, 0x74, 0xFB, 0x86, 0x1E, 0xD6, 0x76, 0xF3,
    0x5F, 0x2C, 0xF0, 0x88, 0xD7, 0x73, 0x3F, 0x38, 0xE7, 0xDF, 0x6D, 0x8E, 0xC8, 0x5F, 0x5F, 0x37,
    0x13, 0xBC, 0xD9, 0x38, 0xC7, 0xA7, 0xDD, 0x6F, 0x72, 0xB4, 0x65, 0x7E, 0x4E, 0xC1, 0x9F, 0x94,
    0xFA, 0x44, 0xDD, 0x4C, 0x43, 0xDD, 0x8C, 0x8A, 0x50, 0xAD, 0xDB, 0xC7, 0xEF, 0xB4, 0x9A, 0x51,
    0xA2, 0xF1, 0x1A, 0x9A, 0xBF, 0x58, 0xE4, 0x88, 0xF8, 0x07, 0xC5, 0x59, 0x31, 0x6C, 0x1C, 0xC7,
    0x15, 0xFD, 0xBB, 0x6B, 0x72, 0x05, 0x8E, 0xC4, 0x61, 0x21, 0x24, 0xB2, 0x45, 0x72, 0x53, 0xA4,
    0x10, 0x60, 0xF2, 0xD6, 0x05, 0x0B, 0x02, 0xD9, 0xBD, 0x5B, 0x49, 0x85, 0x0A, 0x15, 0x56, 0x1F,
    0x04, 0x6E, 0x52, 0xB8, 0x08, 0x42, 0x22, 0x20, 0x10, 0x26, 0x58, 0xF2, 0x86, 0x76, 0xE1, 0x22,
    0x40, 0xCC, 0x3E, 0x08, 0xA2, 0x3E, 0x85, 0x19, 0x80, 0x40, 0x2E, 0xC0, 0x92, 0x37, 0x92, 0x0A,
    0x17, 0x2E, 0x32, 0x96, 0x8A, 0x94, 0x59, 0x3B, 0x4A, 0x61, 0x20, 0x71, 0x36, 0xC1, 0xCA, 0x3A,
    0xC5, 0xCB, 0xDB, 0xBC, 0x3F, 0x73, 0x14, 0x49, 0x05, 0x01, 0x6C, 0x4B, 0x42, 0x4E, 0xBA, 0x3D,
    0xEE, 0xED, 0xEE, 0xFC, 0x3F, 0x7F, 0xDE, 0x7F, 0xFF, 0xFD, 0x39, 0x22, 0x0A, 0x4A, 0x22, 0xEA,
    0x19, 0x1C, 0x5A, 0x85, 0xC3, 0x32, 0x89, 0x31, 0x55, 0x7E, 0x1D, 0x5D, 0x57, 0x5D, 0x8A, 0xDE,
    0xF6, 0x2B, 0x8A, 0x55, 0x44, 0xB4, 0x45, 0x0D, 0xD1, 0x28, 0x34, 0x14, 0x98, 0x98, 0x28, 0xCA,
    0x70, 0x96, 0x07, 0x15, 0xF9, 0x95, 0xD4, 0x24, 0x33, 0x7C, 0x55, 0x50, 0x8A, 0x6B, 0xF6, 0x83,
    0x0E, 0x70, 0x1F, 0xAD, 0xD5, 0x18, 0x8D, 0x7C, 0xFC, 0x15, 0xE9, 0xE9, 0x27, 0x7D, 0x1A, 0x6C,
    0x2D, 0x09, 0x95, 0x9B, 0x84, 0xC6, 0x7E, 0x19, 0x94, 0x32, 0x93, 0x59, 0x42, 0x39, 0x2C, 0x55,
    0x81, 0xC1, 0x89, 0xDA, 0xA4, 0xE8, 0x86, 0xA6, 0xC8, 0x3E, 0x84, 0x61, 0x71, 0x88, 0xF9, 0xD0,
    0xD7, 0x38, 0x48, 0xFE, 0xEE, 0xE7, 0x6D, 0x19, 0x7D, 0xA1, 0x47, 0x24, 0x2E, 0xC0, 0x4C, 0xD7,
    0xE0, 0xBB, 0x11, 0x9E, 0x0F, 0x32, 0xDC, 0x3B, 0x4F, 0x52, 0xD1, 0x1E, 0x3B, 0xA0, 0xBC, 0x8A,
    0x66, 0x29, 0xD4, 0xB4, 0x42, 0x31, 0x79, 0x1A, 0xB7, 0x48, 0x1E, 0x6C, 0x05, 0x5F, 0xF9, 0x70,
    0xD4, 0xFC, 0x88, 0x28, 0x6C, 0x33, 0x6B, 0x63, 0x13, 0xEF, 0xA3, 0xC9, 0x7B, 0x3E, 0xD6, 0xD1,
    0xEA, 0x65, 0xDD, 0xA9, 0x84, 0xEA, 0x29, 0xA9, 0x12, 0x62, 0xE7, 0x24, 0x86, 0x8F, 0x68, 0x40,
    0x1D, 0xAA, 0x31, 0x74, 0x45, 0x29, 0xC6, 0xEE, 0xCE, 0x54, 0x24, 0xCB, 0xB1, 0x1B, 0x21, 0xD0,
    0x1B, 0xF6, 0xD3, 0xFB, 0xD4, 0xD8, 0x4F, 0x9A, 0x8C, 0x8C, 0x60, 0x3D, 0xFB, 0xF2, 0xDB, 0xB1,
    0xA2, 0xB6, 0x6D, 0xA8, 0xEB, 0x8F, 0xA8, 0xF2, 0x46, 0x18, 0xB0, 0x4B, 0x25, 0x02, 0xC8, 0x26,
    0x14, 0x62, 0x98, 0xC3, 0x24, 0xC5, 0x19, 0xCC, 0x61, 0x2A, 0x07, 0x3C, 0x37, 0xA9, 0x70, 0x1B,
    0x4C, 0x4B, 0x85, 0xDB, 0x60, 0x3A, 0xCA, 0x70, 0x1B, 0x3E, 0x63, 0xEA, 0xD9, 0x00, 0x75, 0xF9,
    0x36, 0x2C, 0x5E, 0x81, 0xDB, 0xB2, 0xC0, 0x78, 0x75, 0x50, 0xFA, 0x3A, 0xD0, 0xA1, 0x91, 0x38,
    0x8A, 0x8F, 0xFB, 0xD4, 0xCB, 0x42, 0xD5, 0x6F, 0x1F, 0x52, 0xBF, 0xB5, 0x0B, 0x8B, 0x19, 0x0B,
    0x1A, 0xB6, 0xB7, 0x49, 0xFC, 0x06, 0x8F, 0xC5, 0x70, 0x87, 0x47, 0x1F, 0xD1, 0x6B, 0x64, 0x9D,
    0xC0, 0x2B, 0xC2, 0x02, 0xF6, 0x6F, 0x64, 0x42, 0xD1, 0xA8, 0xDF, 0x6A, 0x0C, 0xDD, 0x5D, 0xFD,
    0x96, 0x61, 0x0F, 0xDE, 0xF7, 0x4A, 0x4A, 0x28, 0xBC, 0x6F, 0x4A, 0xDC, 0x03, 0xD3, 0x15, 0x09,
    0x0E, 0x6D, 0xC5, 0xE6, 0x73, 0xDA, 0x9B, 0xB3, 0x01, 0xDA, 0xEF, 0xE0, 0x9E, 0x2D, 0xDA, 0x0C,
    0x54, 0xE4, 0x15, 0xB4, 0x5D, 0x6A, 0xB6, 0x9D, 0x7E, 0xA0, 0x4F, 0x82, 0x30, 0x54, 0x1B, 0x58,
    0x35, 0x2C, 0xF7, 0x5B, 0x38, 0xA9, 0xD8, 0x3E, 0x9E, 0x5E, 0xB4, 0x86, 0xF1, 0x12, 0xAD, 0x3A,
    0x14, 0x14, 0xDD, 0x34, 0x70, 0x37, 0xA2, 0x7A, 0xFD, 0xDB, 0x4A, 0x52, 0xB2, 0x88, 0xA9, 0xA8,
    0xC8, 0x7F, 0x47, 0x07, 0x46, 0xF0, 0x0A, 0x56, 0x7E, 0xE9, 0x19, 0xD8, 0xA9, 0x3D, 0x73, 0x1B,
    0x97, 0xC9, 0xA4, 0x8C, 0xC7, 0x47, 0x21, 0x15, 0xAF, 0x6B, 0x3C, 0x27, 0xCA, 0xF1, 0x1F, 0x86,
    0xEA, 0x69, 0xCC, 0x4B, 0x7E, 0x33, 0xBE, 0xF1, 0x06, 0x2C, 0xF1, 0x06, 0x32, 0xB0, 0x6C, 0x30,
    0xCB, 0xA6, 0x31, 0x09, 0x37, 0x11, 0x1B, 0x6E, 0xAC, 0x9D, 0xCC, 0x3C, 0xC6, 0x5C, 0x6D, 0x1D,
    0xB2, 0x33, 0x75, 0x81, 0x9E, 0xCB, 0xBA, 0x70, 0x3B, 0xF8, 0x41, 0xC0, 0xA6, 0x7F, 0x62, 0xF8,
    0x49, 0x99, 0x46, 0x40, 0x52, 0xFB, 0x2F, 0x84, 0x96, 0xED, 0x2C, 0xE3, 0x2E, 0xFC, 0x87, 0x91,
    0x25, 0x3B, 0x38, 0x0E, 0x08, 0x42, 0x41, 0xD3, 0x23, 0x1E, 0x7E, 0x80, 0x21, 0xE1, 0x32, 0x86,
    0xAB, 0xEC, 0xC1, 0xE7, 0x05, 0x0D, 0x4A, 0x0F, 0x89, 0x60, 0x82, 0x6B, 0x06, 0x8B, 0xC6, 0xD3,
    0x93, 0x01, 0x42, 0xD6, 0xB2, 0x87, 0x14, 0x32, 0x90, 0x04, 0x8F, 0x73, 0x81, 0xFF, 0x60, 0x0F,
    0xC3, 0x92, 0xA6, 0x2B, 0x9A, 0x6E, 0x02, 0xD3, 0xA1, 0x91, 0xC8, 0x96, 0xE0, 0x0B, 0x55, 0x97,
    0x75, 0x7E, 0xB9, 0x04, 0x3E, 0x65, 0x86, 0x38, 0x48, 0xAA, 0x42, 0x9D, 0x7B, 0x55, 0x87, 0x06,
    0x93, 0xF3, 0x51, 0xA0, 0xE3, 0x4F, 0x30, 0xFD, 0x7D, 0x82, 0xDF, 0x18, 0xCA, 0x1F, 0x13, 0x6D,
    0x73, 0x60, 0x28, 0x6A, 0xA8, 0xAD, 0x00, 0x7D, 0xC1, 0x60, 0x0D, 0x1A, 0x5C, 0x66, 0x84, 0xD5,
    0x54, 0x72, 0x40, 0x7E, 0x5F, 0x85, 0x0A, 0x93, 0xF1, 0x3F, 0x34, 0x0B, 0x16, 0x80, 0x52, 0xEF,
    0x71, 0x6A, 0xAF, 0x46, 0xD7, 0x91, 0xA0, 0xE4, 0x99, 0x9E, 0xE4, 0x74, 0x0F, 0xB3, 0x83, 0x4D,
    0xF2, 0x4B, 0x4C, 0xF8, 0x89, 0xE1, 0xE8, 0x55, 0x7E, 0xEB, 0x23, 0x73, 0x02, 0x15, 0x34, 0x12,
    0x13, 0x5C, 0x24, 0x51, 0x25, 0x08, 0xE8, 0x11, 0xC9, 0x9D, 0x47, 0x23, 0x36, 0xB8, 0x1C, 0x20,
    0x3F, 0xAC, 0x6D, 0x89, 0x4C, 0xA4, 0x3D, 0x61, 0xAC, 0xE1, 0xDB, 0x5E, 0x9B, 0xCD, 0x62, 0x82,
    0x3F, 0xAD, 0x82, 0x9D, 0x03, 0x5A, 0x3A, 0xF0, 0xCC, 0x5A, 0x26, 0xA5, 0xDA, 0x0B, 0x74, 0x70,
    0xB7, 0x4A, 0xE0, 0x56, 0xD9, 0xE5, 0x4C, 0xDC, 0x10, 0xF7, 0x54, 0xC7, 0x1A, 0x03, 0x5B, 0x50,
    0xCC, 0x97, 0x35, 0x9E, 0xC7, 0x65, 0x1A, 0xE2, 0x32, 0xE7, 0xCD, 0xA2, 0xD7, 0x6A, 0xDF, 0x88,
    0xCC, 0xE5, 0xA6, 0xC5, 0x40, 0x69, 0x8F, 0xEB, 0x7C, 0x90, 0xFB, 0x16, 0x14, 0x8E, 0x60, 0x70,
    0x3F, 0x5E, 0x0D, 0x1F, 0x5C, 0x0E, 0x5F, 0xBE, 0x3B, 0x9A, 0xAE, 0xE2, 0x3F, 0x1F, 0x89, 0x4A,
    0xD4, 0x48, 0x74, 0xA1, 0x53, 0x1F, 0x1C, 0x95, 0x73, 0x14, 0x8B, 0xC0, 0x80, 0x06, 0x02, 0x8D,
    0xB8, 0x87, 0x3A, 0xA5, 0x3A, 0x54, 0x7C, 0x83, 0x4A, 0xC0, 0x7D, 0x59, 0x4E, 0xED, 0x9B, 0xFC,
    0x38, 0x4F, 0x80, 0x16, 0xF8, 0xB0, 0xCA, 0xD0, 0x61, 0x14, 0x49, 0xC6, 0xE1, 0x2A, 0xBC, 0x11,
    0xEF, 0x67, 0x8E, 0x1A, 0xA2, 0xEC, 0x14, 0x23, 0x30, 0x4A, 0x7A, 0xCC, 0x72, 0x58, 0xC7, 0x59,
    0x38, 0x25, 0x01, 0xA0, 0xF0, 0xA6, 0xA6, 0xE0, 0x0E, 0x58, 0x15, 0x10, 0x23, 0x98, 0x47, 0xBA,
    0x96, 0xE0, 0xA9, 0x11, 0xA2, 0x14, 0x03, 0x62, 0xA1, 0x46, 0xE0, 0x2B, 0x8C, 0x98, 0x22, 0x9A,
    0xC3, 0x8A, 0x96, 0xB0, 0x4C, 0xFF, 0x2A, 0x29, 0x04, 0x3C, 0x3A, 0x0E, 0xF1, 0xE3, 0xD2, 0xAB,
    0x0F, 0x40, 0xCC, 0xB8, 0x31, 0xF7, 0xB1, 0x8A, 0xC8, 0x4A, 0x66, 0xD7, 0x84, 0x2A, 0xFE, 0x2A,
    0xF5, 0x81, 0xBC, 0x21, 0x89, 0x1A, 0x30, 0x28, 0x97, 0x69, 0x50, 0x33, 0xED, 0x1F, 0x3B, 0xC5,
    0x28, 0xEE, 0x72, 0x8A, 0xB0, 0x67, 0xB9, 0x0D, 0x90, 0xA5, 0x1F, 0xCF, 0x92, 0x8F, 0x6F, 0x73,
    0x1D, 0x20, 0x40, 0x5C, 0x81, 0x90, 0x7E, 0x43, 0x0B, 0x81, 0x7E, 0x54, 0x61, 0x01, 0xD8, 0x32,
    0xA0, 0xFE, 0xBA, 0x86, 0xA3, 0x60, 0x0E, 0xC0, 0xC5, 0x42, 0x89, 0x91, 0x01, 0x3E, 0xFE, 0x82,
    0xA2, 0x5D, 0xA2, 0x29, 0xBA, 0x45, 0xC1, 0x5D, 0x43, 0xFE, 0x3F, 0x32, 0xC7, 0xB7, 0x3F, 0x3C,
    0x89, 0x03, 0xAA, 0x0D, 0xD7, 0x0B, 0x64, 0x43, 0x8D, 0x81, 0x0B, 0x2E, 0x35, 0x08, 0x4B, 0x0A,
    0x0A, 0xED, 0x16, 0xF8, 0xBB, 0x71, 0xEF, 0x82, 0xAB, 0x4F, 0x01, 0x37, 0x52, 0x5B, 0x80, 0xA4,
    0x12, 0x66, 0x8B, 0xBC, 0x21, 0x62, 0x07, 0x4A, 0x61, 0x3E, 0x01, 0x99, 0x2C, 0xBA, 0x85, 0xAC,
    0xA9, 0x13, 0x65, 0x1D, 0xAF, 0xC2, 0x7C, 0x85, 0x92, 0xD7, 0x4D, 0x60, 0x90, 0x74, 0x09, 0x15,
    0x9C, 0x13, 0xE5, 0x22, 0x6D, 0x2D, 0x52, 0xC8, 0x2E, 0x5C, 0xF2, 0x14, 0x49, 0x04, 0x50, 0x7C,
    0x0E, 0xB0, 0x70, 0x82, 0xED, 0x9E, 0xF0, 0xD4, 0x28, 0x6C, 0xB9, 0xA0, 0x30, 0xA8, 0x11, 0xF1,
    0x12, 0x3E, 0x19, 0xAE, 0x26, 0x48, 0x09, 0xAC, 0x7F, 0xA0, 0x51, 0x75, 0x14, 0x57, 0x1E, 0xE4,
    0x80, 0x2D, 0x30, 0x05, 0x96, 0x3F, 0x07, 0x34, 0x7B, 0x57, 0xF7, 0x5C, 0x75, 0x59, 0x15, 0x58,
    0xF4, 0x13, 0x9F, 0x44, 0x15, 0xDE, 0x29, 0x7C, 0x9B, 0xA7, 0x2A, 0x39, 0xCE, 0x53, 0x77, 0x9E,
    0x25, 0x0C, 0xAE, 0xD1, 0xEB, 0xDA, 0x16, 0x15, 0xD9, 0x9E, 0xB0, 0xE5, 0x02, 0x38, 0x20, 0x46,
    0x44, 0x16, 0xC2, 0xD3, 0xA8, 0x79, 0x7E, 0xDF, 0x7A, 0xED, 0xA9, 0xD1, 0x56, 0x17, 0xD9, 0x46,
    0x90, 0x71, 0xFD, 0x42, 0x09, 0x9C, 0x06, 0xAC, 0x07, 0x81, 0xE9, 0x62, 0x68, 0x38, 0xA6, 0x23,
    0xCF, 0x9D, 0xA7, 0x7C, 0x9E, 0x07, 0xE5, 0x07, 0xD4, 0x7B, 0xF7, 0x09, 0x56, 0x9B, 0xC1, 0x0D,
    0x47, 0x51, 0xAD, 0x30, 0x3C, 0x79, 0x2E, 0xC7, 0xE8, 0x9C, 0x4F, 0x2F, 0xC5, 0x61, 0xA0, 0x87,
    0x21, 0x27, 0x00, 0x74, 0x43, 0xE1, 0x31, 0xB9, 0x53, 0xB9, 0x49, 0x45, 0x4C, 0x17, 0x02, 0xBE,
    0x03, 0x04, 0x80, 0xE2, 0xCD, 0x09, 0x0B, 0xC6, 0x63, 0x6F, 0x29, 0x0F, 0xDD, 0x79, 0x8D, 0x73,
    0x40, 0xE1, 0x9D, 0x82, 0xC6, 0xF2, 0x21, 0x49, 0xF8, 0x1A, 0x7E, 0xA4, 0x2C, 0x0F, 0x5A, 0xDA,
    0x7F, 0x89, 0x6E, 0x5F, 0xF4, 0x32, 0xDF, 0xEC, 0x93, 0x04, 0x90, 0xFB, 0xCA, 0x89, 0x2C, 0x27,
    0x1A, 0x76, 0x4A, 0x76, 0xDC, 0xC5, 0xDC, 0x6F, 0x3C, 0x70, 0x38, 0x08, 0x1B, 0xA8, 0x00, 0x77,
    0xD6, 0x36, 0x71, 0x39, 0xEA, 0xC0, 0x06, 0x03, 0x25, 0xE5, 0x32, 0xF1, 0x81, 0x53, 0x1C, 0x53,
    0x13, 0x4E, 0x11, 0x78, 0xD0, 0x63, 0x16, 0x5B, 0x7A, 0xB9, 0x13, 0x78, 0xC5, 0x9A, 0x63, 0x0D,
    0xC2, 0xA5, 0x71, 0xEF, 0x39, 0xE2, 0xEE, 0x8F, 0xBD, 0xB2, 0x78, 0x83, 0x55, 0x1B, 0x58, 0xC1,
    0x3B, 0x0C, 0xBF, 0xBC, 0x5F, 0x27, 0xB9, 0xB8, 0xA9, 0xAA, 0x3C, 0xF1, 0x38, 0x15, 0x7B, 0xED,
    0x29, 0xCF, 0x6F, 0x5F, 0x01, 0xFD, 0xC0, 0xD9, 0xD9, 0x40, 0x9D, 0x95, 0x50, 0xB6, 0x34, 0x33,
    0x63, 0x0F, 0x71, 0xF7, 0xF7, 0x10, 0x84, 0x04, 0xAE, 0x2D, 0x40, 0x79, 0x4A, 0x94, 0x4C, 0x71,
    0x15, 0x04, 0x05, 0xBA, 0xF3, 0x21, 0x02, 0x3C, 0x2E, 0xF9, 0x15, 0x26, 0xB4, 0x0F, 0x1A, 0x42,
    0x41, 0xD2, 0xCB, 0xE0, 0xB1, 0x3E, 0xCA, 0x93, 0x3E, 0x93, 0x60, 0x08, 0xA0, 0xC0, 0xBA, 0xD4,
    0x34, 0x6F, 0x0B, 0x2D, 0xC5, 0x9F, 0xB3, 0xF8, 0x08, 0x75, 0xC2, 0xE9, 0x19, 0x43, 0xC7, 0xA0,
    0x92, 0xA4, 0x6E, 0x49, 0x98, 0x3F, 0x11, 0xBC, 0x58, 0x54, 0x34, 0x7C, 0xB3, 0x7C, 0xC6, 0xE1,
    0x90, 0x26, 0x1A, 0x7A, 0x9F, 0x5E, 0xB6, 0xC3, 0x5C, 0xCE, 0xE2, 0xA7, 0x55, 0xED, 0x6B, 0x38,
    0x4C, 0xD1, 0xD9, 0x71, 0x4E, 0x7C, 0x6C, 0x5B, 0xBE, 0x22, 0x1B, 0xCE, 0x62, 0xB9, 0xCD, 0xC5,
    0x10, 0xE5, 0x0A, 0x4B, 0x1F, 0xDE, 0x63, 0x7C, 0x86, 0x77, 0xAA, 0x79, 0x56, 0x6C, 0x85, 0xE0,
    0x39, 0xC6, 0x2C, 0x76, 0x2A, 0xB9, 0x63, 0xD8, 0x6B, 0xB3, 0x82, 0x09, 0x7A, 0xD5, 0x39, 0x56,
    0x72, 0xB9, 0x15, 0x4D, 0x1D, 0x28, 0x0C, 0x2E, 0xC3, 0x10, 0x63, 0xAC, 0x96, 0xEE, 0xB4, 0x5A,
    0xB6, 0x10, 0x19, 0x5E, 0xDB, 0x3C, 0x63, 0x34, 0xFE, 0x7B, 0x3F, 0x8B, 0x6E, 0x36, 0x49, 0xA8,
    0x7B, 0x20, 0xE7, 0xD0, 0xE4, 0x31, 0x15, 0x1D, 0x78, 0xFF, 0x19, 0x2A, 0x46, 0x4D, 0xEC, 0x3F,
    0x4F, 0x80, 0xAE, 0x9B, 0x38, 0x5B, 0x89, 0x67, 0x8A, 0x45, 0x1A, 0x5E, 0x1B, 0xB3, 0x72, 0x78,
    0x48, 0xDD, 0xAB, 0x0D, 0xA0, 0xBF, 0x89, 0xF8, 0x6D, 0xA0, 0x6E, 0xCD, 0xF5, 0x26, 0x5A, 0xBB,
    0xB0, 0x81, 0xEE, 0x35, 0x0D, 0x28, 0x02, 0x6F, 0x5D, 0xF8, 0x6D, 0x93, 0xC2, 0x13, 0x14, 0x8A,
    0x4C, 0x00, 0xF9, 0xDE, 0xF0, 0xAF, 0xAC, 0x2F, 0xAB, 0xE0, 0x41, 0x45, 0xA3, 0x88, 0x22, 0x76,
    0x1C, 0x1F, 0x40, 0x64, 0x35, 0xA0, 0xE0, 0xC8, 0xA6, 0x12, 0x0B, 0x86, 0xFE, 0x2E, 0xA5, 0x7D,
    0x98, 0xEF, 0x43, 0xD9, 0x35, 0x51, 0x16, 0xA1, 0x30, 0x69, 0xAF, 0xDD, 0x75, 0x4A, 0xDF, 0xFF,
    0xB4, 0x74, 0x2D, 0x52, 0x1F, 0xD6, 0x2E, 0x1E, 0x17, 0x4D, 0xF8, 0x94, 0x0D, 0x4E, 0xF9, 0x44,
    0xFF, 0xD3, 0x27, 0x90, 0xD8, 0x7F, 0xF9, 0x04, 0x79, 0x70, 0xBA, 0x50, 0x60, 0x99, 0xCA, 0x48,
    0x2A, 0xE9, 0x97, 0xCC, 0xBB, 0x65, 0x97, 0x46, 0x92, 0x22, 0x68, 0x28, 0xCC, 0x7E, 0xC5, 0xDE,
    0x02, 0x25, 0xB8, 0x18, 0xA3, 0x88, 0x6D, 0x0B, 0x15, 0xDE, 0x85, 0x16, 0xEE, 0xF9, 0xA5, 0x6F,
    0xC5, 0xFD, 0x2D, 0x26, 0x49, 0xC8, 0x33, 0xEA, 0x02, 0x74, 0x1E, 0x07, 0x7C, 0xFA, 0x74, 0xC0,
    0xC7, 0xF1, 0x18, 0xC9, 0x97, 0xB0, 0xF6, 0x46, 0x76, 0x81, 0x44, 0xC3, 0x3B, 0x98, 0xCC, 0x00,
    0x88, 0x95, 0x3F, 0xE6, 0xBE, 0x05, 0x0F, 0x45, 0x11, 0x23, 0x96, 0xA5, 0x04, 0x66, 0xC2, 0xB6,
    0x6D, 0xBF, 0x83, 0xC5, 0x50, 0x58, 0xDE, 0x2D, 0x54, 0x7C, 0x6F, 0x6C, 0x49, 0xCD, 0x2B, 0xF7,
    0x49, 0xA0, 0xF3, 0xE8, 0x65, 0xE4, 0xD9, 0x92, 0xF9, 0x1A, 0x1E, 0xC6, 0x20, 0xA8, 0xF7, 0x2C,
    0x1E, 0x38, 0x8C, 0x20, 0x01, 0xB1, 0x73, 0x44, 0xFB, 0x3F, 0x53, 0x12, 0x92, 0xE8, 0x71, 0x46,
    0xD1, 0x88, 0xFC, 0xC7, 0x9A, 0xD2, 0xAE, 0x55, 0x37, 0x09, 0x20, 0x82, 0x50, 0x0C, 0x78, 0xC0,
    0xE7, 0xAD, 0xFE, 0xC1, 0x44, 0x22, 0xCF, 0x4F, 0xF8, 0x90, 0x09, 0x72, 0xCD, 0xF8, 0x9F, 0xD4,
    0x68, 0x35, 0x91, 0x06, 0x1D, 0x4A, 0x53, 0x4A, 0xD1, 0x67, 0xA2, 0xFE, 0xA7, 0x34, 0xEA, 0x62,
    0xD9, 0x6F, 0xE8, 0xB0, 0xB5, 0x2A, 0x0D, 0xC8, 0x34, 0xFC, 0x9F, 0x53, 0x54, 0xB4, 0xE6, 0x0C,
    0x42, 0x5F, 0x86, 0x5B, 0xC3, 0xF1, 0xC9, 0xF8, 0xDF, 0xC0, 0x45, 0x2F, 0xBB, 0x44, 0x0C, 0x57,
    0x3A, 0x64, 0x02, 0xC2, 0x78, 0xAF, 0x9E, 0x0C, 0xD7, 0x6F, 0xC7, 0x90, 0x8A, 0x63, 0xCB, 0x21,
    0x25, 0xC0, 0x6D, 0xB8, 0x89, 0x88, 0x9C, 0xC8, 0x64, 0x16, 0xB2, 0xA7, 0x58, 0xDA, 0x29, 0xEE,
    0x8D, 0x24, 0xFB, 0x57, 0x9D, 0x7E, 0xBF, 0x0A, 0x88, 0x6E, 0xC3, 0xC7, 0x3E, 0x30, 0xD2, 0xBB,
    0x5A, 0x3B, 0xFA, 0xE7, 0x5A, 0x29, 0x3B, 0x4E, 0x9F, 0x2E, 0x3B, 0xAE, 0x38, 0x0A, 0xB2, 0x08,
    0x56, 0x4A, 0xB4, 0x2D, 0xA0, 0xA8, 0x69, 0x6E, 0xED, 0x27, 0x2B, 0x0E, 0x1D, 0xE9, 0x7D, 0xC8,
    0x63, 0xE1, 0x2B, 0x88, 0x40, 0x90, 0xD4, 0x2D, 0x1A, 0x20, 0x7E, 0x26, 0x52, 0x18, 0x12, 0xAD,
    0x0B, 0x5B, 0x67, 0xC9, 0x48, 0x8F, 0x2A, 0x6E, 0x37, 0x26, 0x7A, 0xD5, 0x03, 0x8E, 0x2E, 0x1B,
    0xDB, 0x9C, 0xB0, 0x8B, 0xB9, 0x7B, 0xB8, 0x76, 0x0D, 0x7F, 0x65, 0xA7, 0xC0, 0xB0, 0x5A, 0x76,
    0x46, 0x56, 0x6D, 0x4B, 0x04, 0x53, 0xAC, 0xE1, 0xFF, 0xDF, 0x0D, 0xB5, 0xB5, 0x8F, 0x17, 0x9B,
    0xB7, 0x9D, 0x65, 0xD7, 0x89, 0xFA, 0xC8, 0x7D, 0xC8, 0xAB, 0x47, 0x0B, 0x6C, 0xFA, 0x3D, 0x78,
    0x08, 0xCB, 0xBF, 0x9C, 0xDA, 0x3F, 0xEE, 0xA3, 0x61, 0xF7, 0xE6, 0x75, 0x65, 0xCD, 0x4A, 0x67,
    0x35, 0x39, 0x6E, 0xA3, 0x11, 0xBD, 0xDA, 0x37, 0x03, 0x36, 0x19, 0xAA, 0xD5, 0x50, 0xAF, 0x51,
    0x34, 0x78, 0xE3, 0xD9, 0x2E, 0x7A, 0xCD, 0x9A, 0x7D, 0xCB, 0x16, 0x20, 0xE9, 0x48, 0xE3, 0xE4,
    0x18, 0x8F, 0xFD, 0xD1, 0x12, 0x5A, 0x00, 0xD9, 0x72, 0xAB, 0x32, 0x3F, 0x55, 0xBA, 0x16, 0xBA,
    0x43, 0xF9, 0x8C, 0x80, 0x8F, 0x05, 0xC0, 0x98, 0xC0, 0xAD, 0x8D, 0x49, 0x07, 0xCD, 0x65, 0x22,
    0xAB, 0xD1, 0x16, 0xC8, 0x5B, 0xEB, 0xF1, 0x4C, 0xD5, 0x6B, 0xCB, 0x33, 0x0D, 0xB4, 0x0D, 0x3E,
    0x16, 0x8F, 0x22, 0x65, 0x57, 0x1A, 0x8B, 0xFA, 0x42, 0x58, 0x8F, 0x17, 0x14, 0xF4, 0xD1, 0x3D,
    0x06, 0xD6, 0x37, 0x64, 0x3D, 0xBF, 0x35, 0xBD, 0x23, 0xEE, 0xBA, 0x03, 0x0B, 0x44, 0xCB, 0x3C,
    0x13, 0x1C, 0x09, 0xE0, 0xB3, 0x80, 0xD9, 0xD4, 0x36, 0xF6, 0x09, 0x80, 0xD2, 0xA2, 0x55, 0xE3,
    0xB6, 0x64, 0x60, 0x23, 0xBF, 0x6F, 0x03, 0x5F, 0xDB, 0x6D, 0x01, 0x54, 0x4A, 0x50, 0x5D, 0xC9,
    0xBB, 0x02, 0xBE, 0xC6, 0xE3, 0x5D, 0xC1, 0xED, 0x8D, 0x04, 0xC6, 0xD6, 0xBE, 0x5F, 0x7A, 0xC3,
    0x16, 0xBD, 0x2B, 0xA6, 0x12, 0x63, 0x7A, 0xDC, 0xDF, 0xBB, 0x7F, 0x39, 0xFE, 0x8D, 0x00, 0x94,
    0x8A, 0x5B, 0x6C, 0x96, 0xF1, 0x54, 0x73, 0x07, 0x8D, 0x3E, 0xE9, 0xB1, 0xB2, 0x05, 0xC5, 0x6E,
    0x3A, 0x68, 0x07, 0x6B, 0xDE, 0x66, 0xB0, 0x04, 0x50, 0x1F, 0x6F, 0x3B, 0xB9, 0x0D, 0x22, 0xDB,
    0x79, 0xF9, 0xE6, 0xCC, 0x2E, 0x11, 0xF7, 0xC9, 0xBD, 0xCC, 0xD7, 0xD4, 0x03, 0xE6, 0xA8, 0x6F,
    0x20, 0x82, 0xD0, 0x17, 0x2B, 0xFA, 0x5D, 0x0D, 0x75, 0x57, 0x8D, 0x80, 0xFF, 0x32, 0x67, 0x35,
    0x87, 0x96, 0xD8, 0x33, 0xF1, 0x2C, 0xB4, 0x9C, 0xFC, 0x35, 0x0C, 0x89, 0xBF, 0x91, 0xED, 0x86,
    0x03, 0xE5, 0x37, 0x9C, 0x43, 0x23, 0xEA, 0x57, 0xAC, 0x47, 0x36, 0x9D, 0x65, 0xB0, 0x86, 0xCF,
    0x8B, 0x3A, 0x5D, 0x1D, 0xFA, 0x47, 0xAD, 0x89, 0x0D, 0x58, 0x2D, 0xE5, 0xC6, 0x03, 0x7D, 0xAE,
    0x6D, 0x44, 0x46, 0x76, 0xC3, 0xC0, 0x9D, 0xBB, 0x5D, 0x2C, 0xEE, 0xA2, 0x59, 0x69, 0xF2, 0x9B,
    0x27, 0xE1, 0x1D, 0x2B, 0x1E, 0x56, 0xFD, 0xAB, 0x68, 0xA8, 0xE7, 0xCF, 0xE3, 0x02, 0x2B, 0xA7,
    0xC3, 0x17, 0x2C, 0x79, 0xAC, 0x29, 0x8C, 0x11, 0x2B, 0x36, 0x3E, 0xE9, 0x2E, 0x38, 0x73, 0x37,
    0x4A, 0xBA, 0x30, 0x83, 0xB9, 0xA3, 0x0B, 0xA8, 0x9F, 0x46, 0xEC, 0xAB, 0x77, 0xBC, 0xE4, 0xD8,
    0x85, 0xB8, 0x93, 0x20, 0x37, 0x31, 0x37, 0xCD, 0xB3, 0xAF, 0xA8, 0xB5, 0x7A, 0xA5, 0xD5, 0x5C,
    0x91, 0x1F, 0x97, 0x2C, 0xAA, 0xD1, 0x28, 0xE3, 0x98, 0xA7, 0x36, 0xB5, 0x23, 0x0F, 0x2E, 0xA6,
    0x42, 0xEF, 0x71, 0xEE, 0x03, 0x1C, 0x40, 0xC6, 0x08, 0x55, 0x2E, 0x6E, 0xC1, 0x8E, 0x98, 0x0B,
    0xC8, 0x07, 0x69, 0xC9, 0x11, 0x93, 0x19, 0xD2, 0xC7, 0xD8, 0xC5, 0x58, 0x07, 0x04, 0x52, 0x4A,
    0x78, 0xD3, 0xA5, 0x6D, 0x8F, 0x77, 0x1F, 0x62, 0xE5, 0xA0, 0xE1, 0x99, 0xE3, 0xA9, 0xFC, 0xA9,
    0xF6, 0xEA, 0xE1, 0x3D, 0x9D, 0x07, 0x55, 0x2A, 0x69, 0x0B, 0x50, 0x17, 0x77, 0xCB, 0x94, 0x0E,
    0x77, 0x79, 0x42, 0x56, 0x11, 0xF1, 0x94, 0x5E, 0x49, 0xFD, 0x3A, 0xB8, 0x56, 0xFD, 0xF6, 0x4E,
    0x29, 0xEA, 0xF8, 0x21, 0xB9, 0x70, 0xF1, 0x64, 0x62, 0xB7, 0xD0, 0x2E, 0x49, 0xD7, 0x2D, 0x81,
    0x8A, 0xB1, 0xA1, 0x03, 0x81, 0x32, 0x26, 0xB0, 0xE0, 0x0B, 0x4D, 0x44, 0xAB, 0x28, 0x63, 0x7B,
    0x5B, 0x5B, 0x9E, 0xE9, 0x16, 0x81, 0xDA, 0x6A, 0x04, 0xE5, 0xCD, 0x02, 0xCA, 0xD8, 0x2A, 0xCA,
    0xD8, 0x9E, 0x5F, 0x6D, 0x6B, 0x94, 0x31, 0x85, 0x4C, 0x44, 0x19, 0x5B, 0x40, 0x19, 0x43, 0xF6,
    0xD1, 0x1C, 0x39, 0x7A, 0xC3, 0x8A, 0x60, 0xC5, 0x10, 0x7E, 0x3A, 0x4F, 0x6B, 0xB5, 0xAD, 0x5E,
    0x8D, 0x0C, 0x0E, 0x3A, 0x61, 0x9A, 0x9E, 0x4F, 0x93, 0x2B, 0x79, 0xB2, 0x5E, 0xA4, 0xA6, 0xEE,
    0xED, 0x94, 0xD1, 0x0D, 0x25, 0x8F, 0xE8, 0x8A, 0x7B, 0xD2, 0xCB, 0xA0, 0x12, 0x6A, 0x04, 0xA9,
    0x07, 0xD8, 0xF8, 0x9F, 0x00, 0x1D, 0x4B, 0xB3, 0xA7, 0x63, 0x3D, 0xE9, 0x24, 0x05, 0xD6, 0x33,
    0x60, 0xF2, 0xFD, 0x23, 0x1A, 0x8E, 0xFB, 0xBC, 0x43, 0x86, 0x52, 0xB0, 0x8F, 0xAB, 0xAB, 0xC8,
    0xCD, 0x18, 0x41, 0x5E, 0x44, 0xEE, 0x49, 0x44, 0x4B, 0x64, 0x68, 0x88, 0x34, 0x25, 0xC8, 0x1A,
    0x79, 0xA3, 0xA5, 0xB8, 0xF1, 0x3F, 0xAE, 0xA8, 0xD9, 0xB6, 0x6A, 0xF5, 0xCA, 0xBC, 0x5D, 0xD0,
    0x2F, 0x15, 0x44, 0x71, 0x64, 0x7B, 0x11, 0xA1, 0x17, 0x59, 0x13, 0xA3, 0x93, 0x4A, 0xF8, 0x3C,
    0xE1, 0x22, 0x5D, 0xC4, 0xDA, 0xA1, 0x81, 0x31, 0x34, 0x73, 0x93, 0xE5, 0xBB, 0x79, 0xB1, 0xF8,
    0x0D, 0x47, 0x14, 0x5E, 0x57, 0x3E, 0x7D, 0x67, 0xA2, 0xD1, 0xB7, 0x62, 0xF4, 0xCE, 0x3A, 0xF1,
    0x2A, 0x48, 0x74, 0x99, 0x2D, 0xF3, 0x62, 0x62, 0x0E, 0xEC, 0x51, 0x56, 0x30, 0x38, 0xE3, 0x07,
    0x23, 0x9A, 0xBB, 0x88, 0x52, 0x80, 0xC2, 0xFB, 0x17, 0x58, 0xC0, 0xFC, 0xFD, 0x3B, 0x4F, 0x7D,
    0x1A, 0x02, 0x30, 0x5D, 0xE4, 0x71, 0xCD, 0x45, 0xDD, 0xB3, 0x11, 0x2B, 0x42, 0x2C, 0xC5, 0x12,
    0x5A, 0x83, 0x12, 0x20, 0x41, 0x40, 0xCE, 0x23, 0x30, 0x73, 0xB6, 0xFE, 0xD4, 0xB4, 0x12, 0x68,
    0x1F, 0xBD, 0x80, 0x84, 0x80, 0x1D, 0xF1, 0xF6, 0x86, 0xFC, 0xC8, 0x70, 0xD8, 0x57, 0xAE, 0x58,
    0x67, 0x94, 0xF7, 0x69, 0x19, 0xAA, 0x0A, 0x4C, 0xDB, 0x11, 0xBA, 0x7B, 0x48, 0xDD, 0x5D, 0x2E,
    0xBD, 0x09, 0xAF, 0xEF, 0x2E, 0xAB, 0x8E, 0x27, 0x2E, 0x9D, 0x67, 0x91, 0xD6, 0xBB, 0xE7, 0x9F,
    0x6A, 0x21, 0x88, 0xF8, 0x00, 0x8F, 0xC9, 0x6C, 0x01, 0xAC, 0x37, 0xC7, 0x21, 0x12, 0x7A, 0x1D,
    0xE0, 0xD7, 0x04, 0x31, 0x10, 0x9A, 0x0D, 0x38, 0x05, 0x8D, 0xE4, 0x59, 0xCE, 0x93, 0x59, 0x80,
    0xDC, 0x5B, 0xE2, 0x3D, 0x62, 0xBB, 0xED, 0x1C, 0x95, 0xFE, 0x8E, 0x39, 0x67, 0xC9, 0x23, 0x56,
    0xE1, 0x2F, 0xD4, 0xA6, 0x0C, 0xF4, 0x00, 0xC6, 0xFF, 0x3D, 0x0A, 0x3E, 0x23, 0xAB, 0xF3, 0x51,
    0xF2, 0xAE, 0xD6, 0x39, 0xC8, 0x7E, 0xCA, 0xA3, 0xBC, 0x4B, 0xCD, 0x01, 0xD5, 0x05, 0xED, 0x6D,
    0x1E, 0x37, 0xB1, 0x3C, 0xAF, 0x9A, 0xF3, 0x29, 0x62, 0x74, 0xC3, 0x04, 0x52, 0x21, 0xE7, 0x75,
    0x42, 0xEA, 0xD8, 0x4B, 0x80, 0x43, 0x0C, 0xC5, 0xA2, 0x69, 0x33, 0x11, 0x0F, 0xAA, 0x48, 0xA8,
    0x2B, 0xBC, 0x0D, 0xB7, 0x46, 0x33, 0xBC, 0x05, 0xE9, 0x36, 0xA1, 0xB4, 0xAB, 0x0B, 0x03, 0x7E,
    0xF6, 0x48, 0x85, 0x48, 0x9A, 0xC8, 0x04, 0xEF, 0xE8, 0x2B, 0x41, 0x36, 0x99, 0xA0, 0x3A, 0x3D,
    0xAE, 0x3A, 0x6D, 0xB2, 0x98, 0x98, 0x4C, 0xB8, 0x54, 0xA3, 0x2C, 0xF8, 0x4D, 0x78, 0xED, 0x2E,
    0xBD, 0x01, 0xD9, 0xA2, 0x61, 0x60, 0x13, 0x3A, 0x06, 0x33, 0xD6, 0x1E, 0xCB, 0x0E, 0xFB, 0xE7,
    0x17, 0xB4, 0x9D, 0xF1, 0x6A, 0x52, 0x01, 0x8A, 0xDF, 0x06, 0x70, 0xC4, 0x0D, 0x6D, 0xB3, 0xE0,
    0x05, 0x29, 0xCB, 0xF0, 0x5D, 0x1D, 0x3E, 0x40, 0xF7, 0x32, 0x20, 0x3B, 0xCD, 0x53, 0x42, 0x32,
    0x3D, 0x2B, 0x24, 0xEB, 0xAE, 0xC7, 0xA9, 0x68, 0xB7, 0xBA, 0xB0, 0xA4, 0xC1, 0x7B, 0x0A, 0xC9,
    0xAB, 0x91, 0xBC, 0xFA, 0x85, 0x89, 0x5C, 0x64, 0xED, 0xC6, 0x12, 0xA9, 0x73, 0x5F, 0xD5, 0x8F,
    0x8B, 0x68, 0x2B, 0x53, 0x58, 0x88, 0x21, 0x27, 0xC2, 0xBB, 0x18, 0x20, 0xBB, 0x75, 0x52, 0xF8,
    0x80, 0x95, 0x6E, 0xC8, 0x3F, 0x23, 0x34, 0x08, 0x65, 0x63, 0xCB, 0x2B, 0x97, 0xEA, 0xFA, 0x32,
    0x54, 0x1E, 0x72, 0xB0, 0x82, 0xCD, 0x8A, 0x37, 0x15, 0x11, 0xE3, 0x12, 0x02, 0xCE, 0x08, 0x56,
    0x66, 0x1A, 0xDC, 0x56, 0x63, 0x55, 0x0E, 0x93, 0x65, 0x06, 0xCE, 0x20, 0xA7, 0x75, 0x06, 0xFA,
    0x5A, 0x74, 0x6D, 0x3C, 0xF6, 0x9B, 0x0D, 0xC9, 0x10, 0xC1, 0x20, 0x58, 0xCA, 0xCE, 0x04, 0x2A,
    0xD2, 0x6D, 0xBC, 0xD2, 0x1A, 0x78, 0xE9, 0x63, 0xF4, 0x39, 0x74, 0x9B, 0x3C, 0x7A, 0x61, 0x6E,
    0x80, 0x36, 0x56, 0x17, 0xA6, 0x78, 0x27, 0xF1, 0xF2, 0x87, 0xF7, 0xC7, 0x63, 0xF1, 0x4F, 0x08,
    0x07, 0xA9, 0x4E, 0x6D, 0x87, 0x6A, 0xFE, 0x19, 0x45, 0xDB, 0x99, 0xFB, 0xDC, 0x6B, 0xC1, 0x69,
    0xEA, 0x20, 0xF0, 0x53, 0x4F, 0xCB, 0xEB, 0x73, 0xEF, 0xDB, 0x80, 0x0A, 0xBD, 0x11, 0xCC, 0xDE,
    0xD4, 0xB4, 0xBE, 0xF2, 0x75, 0x36, 0x1F, 0x59, 0xC8, 0xCE, 0xC2, 0xE2, 0x15, 0x34, 0x2F, 0x73,
    0xFE, 0x8B, 0xDB, 0x47, 0x02, 0x4C, 0x2E, 0x84, 0x34, 0x45, 0xEA, 0x6B, 0xEC, 0x31, 0x8A, 0x71,
    0x16, 0x9A, 0x9C, 0x6B, 0x78, 0x07, 0x35, 0xA0, 0xB4, 0xFA, 0xD2, 0x07, 0x84, 0x04, 0xBF, 0x01,
    0x48, 0x09, 0x12, 0x8A, 0x3D, 0xE4, 0xDD, 0x12, 0xBA, 0x78, 0x54, 0xAD, 0x2E, 0xBA, 0x96, 0xA1,
    0xDB, 0xD0, 0xE3, 0x1D, 0xC2, 0xC6, 0xE9, 0x1D, 0x14, 0xC1, 0x4B, 0xDC, 0x1D, 0xA9, 0xA5, 0xAD,
    0x60, 0x07, 0xFA, 0x0F, 0x03, 0xC5, 0x10, 0x55, 0x10, 0x13, 0x17, 0xC5, 0xBB, 0x66, 0x1F, 0x45,
    0xD6, 0x4A, 0xDD, 0x4D, 0xE6, 0x92, 0x79, 0x4C, 0xC1, 0x53, 0xD4, 0x6B, 0xDB, 0xBA, 0x8A, 0xFD,
    0x7B, 0xD9, 0x48, 0x9C, 0x0B, 0xCC, 0x25, 0xAB, 0xB0, 0x73, 0xF7, 0x7B, 0xA4, 0x9C, 0x88, 0xE0,
    0xDA, 0x09, 0xA2, 0xD8, 0x95, 0x71, 0x4B, 0x7A, 0xD0, 0x7C, 0x93, 0xFD, 0x15, 0xD6, 0x13, 0xCC,
    0xC4, 0x88, 0x3C, 0xF8, 0x91, 0xBE, 0xCB, 0xDF, 0x19, 0x14, 0x89, 0x84, 0x86, 0x47, 0x42, 0x03,
    0x04, 0x35, 0xFE, 0x8C, 0x40, 0x32, 0x3E, 0xFF, 0xB0, 0xD6, 0x7B, 0x9B, 0xF7, 0xEE, 0x71, 0xB9,
    0x07, 0x7F, 0x3D, 0xCD, 0x3E, 0xC7, 0x47, 0x14, 0x5D, 0x1D, 0xB1, 0x10, 0x5D, 0x65, 0x95, 0xC8,
    0x96, 0x1A, 0x6B, 0x0C, 0x49, 0x13, 0x55, 0x24, 0x7F, 0x65, 0x68, 0xD2, 0xAE, 0xF0, 0x97, 0x6C,
    0xBD, 0xB1, 0x5F, 0xA0, 0xFA, 0xA3, 0x33, 0x40, 0x5F, 0xC8, 0xBB, 0xB3, 0xDE, 0x50, 0x6D, 0x76,
    0x67, 0xBC, 0x2A, 0xB3, 0xB8, 0xE3, 0xA6, 0x04, 0x84, 0x87, 0x96, 0xA1, 0x70, 0x3B, 0xF4, 0x1D,
    0x7C, 0x04, 0x06, 0x57, 0x6E, 0xD3, 0xF1, 0xEF, 0x82, 0x90, 0xE2, 0x09, 0xB9, 0xB8, 0x5A, 0x51,
    0x72, 0x4A, 0x92, 0xB2, 0xC8, 0xB6, 0x1A, 0xFB, 0x84, 0x49, 0xED, 0x4F, 0x67, 0xAC, 0xAF, 0xDD,
    0xEF, 0x66, 0xAC, 0xAE, 0x2D, 0xC8, 0xAD, 0xB6, 0xB6, 0xD2, 0xDA, 0x2A, 0xEB, 0x93, 0x67, 0xEC,
    0xED, 0xFD, 0x46, 0x20, 0x4A, 0xE7, 0x90, 0x6E, 0xD5, 0x26, 0x85, 0x9F, 0x3B, 0xC5, 0x62, 0xB7,
    0x10, 0x40, 0xA5, 0x60, 0x6C, 0xAB, 0xF5, 0x26, 0xBD, 0x5E, 0x32, 0x54, 0x21, 0xEA, 0x40, 0x31,
    0xD1, 0x72, 0xA1, 0xDD, 0x17, 0x2D, 0x9F, 0xEE, 0x8B, 0x26, 0x2C, 0x03, 0x22, 0xAC, 0xDC, 0x98,
    0xFE, 0x03, 0x6D, 0x52, 0xCF, 0x8B, 0xE3, 0x74, 0x14, 0xFF, 0x7C, 0x93, 0xB1, 0xE9, 0xF4, 0x9B,
    0xB4, 0x3D, 0x78, 0x18, 0x9D, 0x74, 0x5A, 0xB0, 0x60, 0xC0, 0xB4, 0x8D, 0x90, 0x43, 0x84, 0xB6,
    0x09, 0x28, 0x7B, 0x70, 0x45, 0x07, 0xFF, 0x82, 0xE2, 0xD5, 0x05, 0xC3, 0x52, 0x65, 0x06, 0xBB,
    0x4D, 0x57, 0x64, 0x07, 0x85, 0xC5, 0x80, 0x5E, 0x85, 0xE2, 0x1F, 0x20, 0x81, 0xED, 0x61, 0x16,
    0x06, 0xE7, 0x3B, 0xF6, 0xB0, 0xB0, 0x22, 0x84, 0xD9, 0xE3, 0x1E, 0xCC, 0xCA, 0x1C, 0x54, 0x3C,
    0x74, 0xA0, 0x62, 0x85, 0x9D, 0x8D, 0x2F, 0xE9, 0x0C, 0x2A, 0xF8, 0x20, 0xF9, 0xFE, 0x7A, 0x9F,
    0xF7, 0xDE, 0xE7, 0xF3, 0x5E, 0x55, 0x11, 0x2E, 0x0E, 0x59, 0x82, 0x5D, 0x25, 0x0E, 0xE4, 0xA4,
    0x0B, 0xAC, 0x90, 0xE2, 0x7C, 0x91, 0xD4, 0x78, 0x3C, 0xBF, 0xBE, 0x04, 0x70, 0xFC, 0x8C, 0xBE,
    0x34, 0x5D, 0xD1, 0x16, 0x55, 0xE6, 0x97, 0x1C, 0xB3, 0x9E, 0x00, 0xC6, 0xAD, 0xEE, 0xB0, 0x76,
    0xE4, 0x0E, 0x6B, 0xED, 0x96, 0xF0, 0xA7, 0x16, 0xC0, 0xE7, 0xD7, 0xA7, 0x1F, 0x97, 0xDD, 0x09,
    0xD8, 0x62, 0x24, 0x9F, 0x3F, 0xAD, 0x1C, 0x24, 0xDD, 0x32, 0x86, 0xBC, 0xF2, 0x0E, 0x85, 0xEB,
    0xE0, 0xA3, 0xAF, 0x9B, 0x8F, 0x54, 0xEB, 0xC1, 0x56, 0xF5, 0x79, 0x3E, 0x8F, 0xC7, 0x2E, 0x96,
    0x87, 0xD2, 0x49, 0x2C, 0x09, 0x39, 0xB9, 0xF9, 0x83, 0xA3, 0x67, 0xF1, 0x78, 0xE2, 0x98, 0xA1,
    0x0A, 0x14, 0x0C, 0x7F, 0xD4, 0x45, 0xAB, 0xAF, 0xE9, 0x21, 0xF8, 0x83, 0x73, 0xE1, 0x6B, 0x4C,
    0x00, 0x3B, 0x1D, 0x45, 0x1F, 0x54, 0xB9, 0x18, 0x63, 0x29, 0xC5, 0xF0, 0xFA, 0xFC, 0x34, 0x19,
    0x82, 0xC9, 0xE3, 0xCD, 0x8D, 0x6A, 0x63, 0x1C, 0x7A, 0x41, 0xAC, 0x42, 0x14, 0xD9, 0x04, 0x5C,
    0x79, 0xB2, 0xD2, 0x4A, 0x25, 0xA0, 0xD4, 0x6C, 0x58, 0x26, 0x18, 0x06, 0xAE, 0x38, 0xBE, 0xC6,
    0xBC, 0x7C, 0x13, 0x6E, 0x20, 0xA0, 0x4C, 0x3A, 0xA6, 0xD2, 0x1B, 0xEA, 0xC8, 0x27, 0x5A, 0x18,
    0x94, 0x10, 0x6A, 0x1B, 0xA7, 0x8F, 0x89, 0x9C, 0xD1, 0xEB, 0xDA, 0xDA, 0x51, 0x67, 0xAF, 0x56,
    0x3F, 0x78, 0x3B, 0xFE, 0xB6, 0x16, 0x78, 0x40, 0xAF, 0xAF, 0x19, 0xA1, 0xEC, 0x69, 0x70, 0xD1,
    0xC5, 0x22, 0xF3, 0xDF, 0x74, 0xFC, 0x68, 0x8C, 0x57, 0x3F, 0xB7, 0xDD, 0x3F, 0x4B, 0x83, 0x10,
    0x8D, 0xE7, 0xAC, 0x3B, 0x37, 0x1F, 0xF6, 0x8E, 0x80, 0x3D, 0xCE, 0xD7, 0x44, 0x73, 0xF9, 0xFE,
    0x20, 0xF9, 0xAA, 0x4C, 0x67, 0xF3, 0xDB, 0x22, 0xA0, 0xEA, 0xA1, 0x2C, 0x1D, 0x73, 0xAA, 0x11,
    0xC9, 0xF8, 0x51, 0x2E, 0x69, 0x90, 0x02, 0x6E, 0x9A, 0x5E, 0x64, 0x92, 0x5E, 0xAD, 0x99, 0x91,
    0xCC, 0x4F, 0xB3, 0xF5, 0x4A, 0xFA, 0x94, 0x72, 0xA6, 0x69, 0x2A, 0xAE, 0xDE, 0x75, 0xC0, 0x06,
    0xA6, 0x80, 0x80, 0xEC, 0x41, 0x01, 0x48, 0x30, 0x03, 0xF0, 0x81, 0x18, 0xD2, 0x04, 0x32, 0xA0,
    0xE5, 0x4E, 0x16, 0xFE, 0x31, 0x91, 0x03, 0xFC, 0x1C, 0xA9, 0xE7, 0x08, 0x92, 0x87, 0xA0, 0x14,
    0x20, 0x53, 0xF6, 0x7F, 0x9F, 0x25, 0xC2, 0x35, 0xD5, 0xA2, 0x1E, 0xC1, 0x7A, 0xB9, 0x10, 0xC4,
    0xE8, 0x5C, 0x58, 0xC5, 0x86, 0x1A, 0x50, 0x6D, 0xED, 0xD1, 0xBB, 0x77, 0x3C, 0x56, 0x33, 0x95,
    0x44, 0x89, 0x9D, 0x21, 0xA4, 0x13, 0x11, 0x99, 0xB2, 0x27, 0xA6, 0xBB, 0xE8, 0xA4, 0x59, 0xB5,
    0x6B, 0x0B, 0x2E, 0x79, 0x04, 0xBF, 0x69, 0xA1, 0x40, 0x7D, 0x4D, 0x40, 0x4E, 0x33, 0x4A, 0xCD,
    0x2F, 0xDF, 0xB2, 0xE6, 0xBA, 0x9B, 0x14, 0x40, 0xDD, 0x16, 0x59, 0x2A, 0xE5, 0xC2, 0x30, 0xA9,
    0x2F, 0x71, 0x8E, 0xA4, 0xFA, 0x43, 0x9E, 0x7C, 0x73, 0xB0, 0x92, 0xBC, 0xAC, 0x22, 0xA0, 0x73,
    0x56, 0xF0, 0xEB, 0x2B, 0x2F, 0xDB, 0x94, 0x06, 0xDB, 0xD9, 0x10, 0x56, 0x37, 0x2A, 0xE9, 0x6D,
    0x78, 0xC5, 0xB1, 0x61, 0x5B, 0x55, 0xE0, 0x3E, 0xB0, 0x1D, 0xE6, 0xCB, 0x1E, 0xF6, 0x69, 0x79,
    0x81, 0x18, 0x18, 0x96, 0xA5, 0x83, 0x2F, 0x1D, 0xFD, 0xBD, 0xCF, 0x14, 0x21, 0x8B, 0xC6, 0x27,
    0xCB, 0x8A, 0x7C, 0x63, 0x5D, 0x1A, 0x0F, 0x79, 0x48, 0xFE, 0x33, 0xA0, 0x4E, 0x02, 0x1C, 0x02,
    0x2F, 0xAE, 0xEF, 0x1D, 0x1A, 0xBD, 0xB3, 0x75, 0xA8, 0x16, 0xD8, 0x8C, 0x42, 0xB5, 0x3D, 0x54,
    0xF3, 0x27, 0x96, 0x55, 0xC2, 0xBD, 0x42, 0x02, 0x55, 0x90, 0x43, 0x93, 0x5C, 0x4C, 0xCB, 0x82,
    0x74, 0x36, 0xB0, 0xD9, 0x7D, 0x88, 0xAD, 0xB6, 0xC7, 0x26, 0xA4, 0x9B, 0x4C, 0xB3, 0xAB, 0x6D,
    0xAA, 0x3E, 0xF4, 0x7E, 0x8B, 0x40, 0x13, 0xF6, 0x69, 0x6F, 0xC4, 0xBC, 0x92, 0x5F, 0x6C, 0x28,
    0x3F, 0x27, 0xD1, 0xF2, 0x9E, 0x7C, 0xF2, 0x63, 0xBD, 0x5C, 0xFF, 0x89, 0x26, 0x10, 0x5B, 0xD6,
    0x77, 0xAA, 0x81, 0x06, 0xED, 0x1A, 0x59, 0xF9, 0xDE, 0x2B, 0x69, 0x1A, 0xE6, 0xA9, 0xB2, 0xFF,
    0x4B, 0x5F, 0x81, 0x1D, 0x15, 0xD2, 0xF4, 0x97, 0xFF, 0x48, 0xF9, 0xEF, 0x31, 0x21, 0x31, 0xFE,
    0xA2, 0x59, 0x6C, 0xB1, 0xE3, 0x50, 0x79, 0x93, 0x0E, 0xE9, 0xE4, 0xF2, 0xFA, 0xFD, 0xF4, 0x57,
    0x8C, 0x77, 0xD9, 0x07, 0xD7, 0x90, 0xB7, 0x78, 0x6D, 0xA4, 0x24, 0x72, 0xB6, 0x19, 0xFB, 0x2F,
    0xD2, 0xCC, 0xD6, 0x33, 0x46, 0xBF, 0xED, 0x0C, 0x29, 0x5F, 0xC2, 0x95, 0xDF, 0x6B, 0x8E, 0x6D,
    0x47, 0x56, 0xE4, 0x47, 0x91, 0x7B, 0x8B, 0xCE, 0xDF, 0x3F, 0xF4, 0x1F, 0x4F, 0x13, 0xBE, 0xE9,
    0x7A, 0x34, 0x14, 0x5B, 0xA6, 0xE9, 0xD8, 0x56, 0x0F, 0xD2, 0xA2, 0x6C, 0x1A, 0xBA, 0xAD, 0xDB,
    0xA6, 0x33, 0xAC, 0xE7, 0x4D, 0x1B, 0xA9, 0xA6, 0x6E, 0x18, 0xB6, 0x6D, 0x59, 0x1F, 0x2E, 0xFB,
    0xAF, 0x29, 0xA7, 0x77, 0x7D, 0x8E, 0x69, 0x8E, 0x82, 0x49, 0x33, 0x65, 0xF2, 0x55, 0x6F, 0xE8,
    0xDB, 0x89, 0x1F, 0x47, 0x4F, 0x92, 0x71, 0xAE, 0x78, 0x99, 0xFA, 0xAC, 0x1D, 0xEE, 0x98, 0x86,
    0x69, 0x3B, 0x96, 0xED, 0xFB, 0xD1, 0x3E, 0x70, 0x63, 0x36, 0x6B, 0xF7, 0x1D, 0xC3, 0xA1, 0x12,
    0x28, 0x94, 0x4F, 0x97, 0x51, 0x44, 0xCE, 0xD8, 0x99, 0x75, 0x99, 0x28, 0x51, 0x7F, 0xF2, 0x5C,
    0x0A, 0x5F, 0xC5, 0x96, 0xCE, 0xE5, 0xC9, 0x3E, 0xF6, 0x4C, 0xDD, 0x54, 0x9B, 0xDA, 0x40, 0x9B,
    0x54, 0x68, 0x6C, 0xF9, 0xEB, 0xE2, 0xDE, 0xA0, 0xE2, 0xC9, 0x02, 0x0B, 0xDC, 0x95, 0x4F, 0xE2,
    0xBF, 0x01, 0xBD, 0x5B, 0xDF, 0x8F, 0x14, 0xD9, 0x75, 0x3E, 0x55, 0x85, 0xE7, 0xAE, 0x29, 0xE0,
    0xF2, 0x60, 0x29, 0x28, 0xCC, 0x4C, 0xED, 0xC3, 0x3E, 0x20, 0x2D, 0x74, 0xA1, 0x68, 0xA4, 0x4C,
    0xE4, 0xAA, 0xEE, 0x82, 0xB1, 0x84, 0x22, 0xA4, 0xEC, 0xE6, 0x0F, 0x88, 0xEC, 0x87, 0x44, 0xCA,
    0x43, 0xE4, 0x19, 0xC5, 0x3C, 0x8C, 0x94, 0x1A, 0xBA, 0x80, 0x87, 0x7D, 0x70, 0x22, 0x8F, 0x1C,
    0xE5, 0x39, 0xBC, 0x45, 0x51, 0x22, 0x2D, 0x52, 0xB0, 0xD4, 0x52, 0x7A, 0xE8, 0x02, 0x94, 0x20,
    0xE5, 0x65, 0x0B, 0x50, 0x64, 0x45, 0x4E, 0xE2, 0xF2, 0x2E, 0x8A, 0xE5, 0x38, 0x59, 0x5F, 0xEC,
    0x8A, 0xB7, 0x08, 0x3D, 0x5D, 0xF9, 0xBE, 0x5B, 0xDD, 0xC3, 0x80, 0x67, 0x61, 0xF8, 0xB1, 0x01,
    0xA6, 0x99, 0xE9, 0xAE, 0x7B, 0xEF, 0xB9, 0xE7, 0xC7, 0x77, 0xBE, 0x73, 0xEE, 0x1D, 0x71, 0x44,
    0x24, 0xC0, 0x57, 0x0F, 0x5F, 0x21, 0xBE, 0x16, 0x65, 0xF6, 0x67, 0xD4, 0x34, 0xD2, 0x95, 0x75,
    0xA9, 0x9C, 0x42, 0xE5, 0xAE, 0x7D, 0x68, 0xA8, 0xC4, 0x2B, 0x4F, 0x8A, 0x6E, 0x4A, 0xD9, 0x50,
    0x89, 0x63, 0x0E, 0x89, 0x9F, 0x1F, 0xC5, 0x43, 0x22, 0x95, 0x2C, 0x79, 0xB9, 0x9B, 0x87, 0xA2,
    0x55, 0xD3, 0xD4, 0x22, 0x5E, 0x52, 0x48, 0xE8, 0xE7, 0x72, 0x61, 0x41, 0x76, 0xFD, 0x09, 0x9B,
    0x26, 0xD7, 0xD9, 0xA2, 0xC4, 0x72, 0xC1, 0x31, 0x92, 0xA9, 0x1C, 0x6F, 0x39, 0xB9, 0xD4, 0xBE,
    0x78, 0x18, 0x14, 0x9C, 0x29, 0x24, 0xF5, 0xC4, 0x35, 0x07, 0x44, 0x67, 0x82, 0x87, 0x0E, 0x8B,
    0x91, 0x6B, 0x7E, 0xEE, 0xDD, 0x6C, 0x9A, 0x89, 0xF4, 0x9B, 0xC6, 0xCD, 0xAB, 0x65, 0x5F, 0xE5,
    0xC5, 0x3B, 0xA1, 0x2B, 0x32, 0xC0, 0x22, 0x77, 0xB7, 0x21, 0x0B, 0x3E, 0x4A, 0xB6, 0x5D, 0x83,
    0x59, 0x32, 0xD7, 0xC4, 0xE2, 0x67, 0x95, 0xC4, 0x2A, 0x77, 0x4C, 0x20, 0x3A, 0x19, 0x4B, 0x1D,
    0x6E, 0x73, 0x4B, 0x4E, 0x22, 0x90, 0x15, 0xCB, 0x61, 0xE2, 0x0D, 0xFC, 0x58, 0xEE, 0xC8, 0xE4,
    0x36, 0xCD, 0x18, 0x5B, 0x58, 0xC6, 0x7A, 0xCB, 0x12, 0xC9, 0x92, 0xA4, 0x72, 0x54, 0x86, 0xF8,
    0xA0, 0xB6, 0xDB, 0x12, 0xC8, 0x20, 0x10, 0x16, 0x62, 0x61, 0x41, 0x0C, 0xF3, 0x0A, 0x7C, 0x61,
    0x26, 0x0A, 0x3F, 0x1A, 0xE3, 0xF3, 0xB9, 0x66, 0xD3, 0x79, 0xA4, 0x8A, 0x50, 0x7C, 0x3C, 0x72,
    0x12, 0x6A, 0x3A, 0x5A, 0xB7, 0x9F, 0x86, 0x4D, 0x25, 0xE3, 0x76, 0x90, 0xCE, 0xAD, 0x76, 0xB3,
    0x58, 0x14, 0xE6, 0x8E, 0x64, 0x0B, 0x8F, 0xAE, 0x3E, 0x82, 0x48, 0x4D, 0xA2, 0x8A, 0x54, 0x8C,
    0x97, 0x77, 0x64, 0x99, 0x0F, 0xC2, 0x0C, 0xEE, 0x36, 0xDE, 0xE7, 0x17, 0xC6, 0x6A, 0x2C, 0xDA,
    0x73, 0xB0, 0x99, 0x93, 0x12, 0x78, 0xB9, 0x57, 0xF4, 0xCE, 0x54, 0x32, 0xAA, 0x21, 0x73, 0x89,
    0x87, 0x63, 0xAE, 0x92, 0x62, 0xC3, 0x10, 0x55, 0xC3, 0x1A, 0x30, 0x11, 0xA6, 0xED, 0x52, 0xC2,
    0x08, 0x9B, 0x55, 0x4D, 0x2E, 0xC5, 0x92, 0x7F, 0xCB, 0x1C, 0x51, 0xD9, 0x8E, 0x01, 0x26, 0x54,
    0x6D, 0xCC, 0x0D, 0x61, 0x6C, 0x87, 0x9B, 0xC4, 0xD3, 0x90, 0x39, 0xE5, 0x50, 0xFB, 0x11, 0xF6,
    0xEB, 0xE7, 0x4E, 0xC3, 0xDD, 0x62, 0x02, 0x55, 0xF0, 0x33, 0xAB, 0x3A, 0xEC, 0x4A, 0x27, 0x56,
    0x1D, 0x41, 0xAB, 0x8D, 0x2E, 0x95, 0xE1, 0x66, 0x91, 0x44, 0xB0, 0x51, 0x5E, 0xC9, 0xC6, 0x45,
    0x08, 0x96, 0x70, 0x5C, 0x03, 0xF1, 0xA5, 0xA0, 0xC7, 0x78, 0x56, 0x95, 0xF3, 0xDC, 0x9A, 0x5C,
    0xE3, 0x70, 0x2F, 0xEB, 0x61, 0xDF, 0x87, 0x1D, 0xD3, 0x17, 0x59, 0xF3, 0x33, 0x48, 0x9B, 0x75,
    0xA0, 0xA5, 0xC3, 0x52, 0x79, 0x46, 0xD6, 0xBC, 0x5C, 0xE7, 0x5E, 0x16, 0x60, 0xEA, 0x79, 0x19,
    0x3A, 0xD5, 0xD5, 0xC2, 0x2D, 0xF5, 0x07, 0x90, 0xF9, 0x52, 0xAD, 0x37, 0x3D, 0x58, 0x1A, 0x1B,
    0x87, 0x52, 0x21, 0xCA, 0x06, 0xD7, 0xA6, 0x59, 0x34, 0xF7, 0x0F, 0x11, 0xBB, 0x56, 0x26, 0x7C,
    0xA6, 0x33, 0x0F, 0xEE, 0xD9, 0x83, 0xB7, 0x54, 0xF8, 0x71, 0xE0, 0x1A, 0x95, 0x7B, 0xA5, 0x4F,
    0xCF, 0x4C, 0x42, 0x0C, 0x8C, 0x64, 0xCC, 0x81, 0x5E, 0x89, 0x81, 0x79, 0x0F, 0xD2, 0x75, 0x95,
    0x09, 0x26, 0xBA, 0x79, 0x44, 0x07, 0xBB, 0x94, 0xD7, 0x0B, 0xBE, 0x57, 0xAC, 0xBD, 0xA3, 0xCF,
    0x50, 0xB3, 0x76, 0x97, 0xFA, 0x83, 0x1A, 0xB3, 0x55, 0xB2, 0xED, 0x95, 0x0A, 0xCE, 0x1B, 0x42,
    0x45, 0x03, 0x18, 0x0C, 0x31, 0xC1, 0x09, 0x37, 0x64, 0x1C, 0x34, 0x21, 0xDD, 0xE0, 0xA8, 0x88,
    0x75, 0x5B, 0xAF, 0x9A, 0xFA, 0xCE, 0xA9, 0xDD, 0x8E, 0x3F, 0x91, 0x2D, 0x88, 0xF8, 0xD5, 0xD2,
    0x2B, 0xBE, 0x7C, 0x40, 0x52, 0xF8, 0xBC, 0xCA, 0x97, 0x6C, 0x3C, 0x61, 0x0C, 0x54, 0x5C, 0x5D,
    0xC0, 0x37, 0x13, 0x38, 0xDA, 0x43, 0x8C, 0x0E, 0x61, 0x1A, 0xAF, 0xC4, 0x86, 0x62, 0x6C, 0x10,
    0x1A, 0xC9, 0x20, 0x65, 0x2A, 0xFD, 0xB1, 0x37, 0x5B, 0xC6, 0xEA, 0xD4, 0x46, 0xAC, 0xDD, 0xFC,
    0x6E, 0x6F, 0xA6, 0x3F, 0x97, 0x3D, 0x3A, 0x34, 0x2C, 0x17, 0xD3, 0x6E, 0x11, 0x7D, 0x3E, 0x95,
    0x11, 0x66, 0x71, 0x7F, 0x98, 0x20, 0x4A, 0x60, 0x96, 0x8A, 0x6E, 0x6A, 0xAE, 0x85, 0xE2, 0xFC,
    0x3C, 0xEF, 0x8A, 0xFB, 0x18, 0x4F, 0x62, 0xF2, 0x48, 0x60, 0x82, 0x94, 0xCE, 0x3D, 0xE4, 0xC0,
    0x1A, 0x4B, 0x6A, 0xD8, 0xD3, 0x2D, 0xB0, 0x66, 0xF7, 0x20, 0x96, 0xA1, 0x71, 0x77, 0xFF, 0xE9,
    0x35, 0x4E, 0x53, 0xF4, 0xF1, 0x00, 0xC6, 0x2D, 0x4B, 0x98, 0x68, 0x6C, 0xDC, 0xCD, 0xE1, 0xEC,
    0xD8, 0xCD, 0xD6, 0x11, 0xA8, 0xE2, 0x63, 0xB8, 0x4D, 0x0F, 0x3F, 0x38, 0x13, 0x69, 0x63, 0x80,
    0xDE, 0x03, 0x5B, 0x8B, 0x7B, 0x1F, 0x72, 0xF7, 0xCB, 0xA9, 0xB6, 0x20, 0x32, 0x14, 0xD4, 0x15,
    0xEB, 0xD3, 0xF0, 0xC7, 0x74, 0xEA, 0xD8, 0x14, 0x44, 0xB7, 0xDE, 0x0D, 0x53, 0xE2, 0x85, 0x2E,
    0x0E, 0x9D, 0x84, 0x34, 0x4C, 0x67, 0xE7, 0xF1, 0x98, 0x22, 0x4F, 0x1F, 0x07, 0x68, 0x35, 0x99,
    0xF8, 0x9C, 0x95, 0x81, 0x6A, 0x23, 0x15, 0x2E, 0x86, 0x17, 0x65, 0x85, 0x67, 0x5C, 0x7A, 0xA6,
    0x0D, 0x32, 0xF9, 0x19, 0xDE, 0xFA, 0x05, 0x84, 0xB8, 0x00, 0x7D, 0x46, 0xD0, 0xC8, 0x29, 0x7C,
    0x7A, 0x04, 0x2B, 0xF9, 0xF0, 0x34, 0x95, 0xC1, 0x91, 0x72, 0xD7, 0xB8, 0x14, 0x07, 0xA1, 0x21,
    0xD7, 0x01, 0x37, 0x4D, 0xEE, 0x37, 0xC0, 0x8B, 0x8A, 0xDB, 0xF4, 0x0A, 0x1F, 0xEF, 0x1E, 0xDB,
    0x71, 0x93, 0x66, 0x13, 0xB0, 0x53, 0xB6, 0x9E, 0xE1, 0xC3, 0x4D, 0xE8, 0x6C, 0xB5, 0x57, 0x78,
    0x85, 0x86, 0xA5, 0x86, 0xAA, 0x0C, 0xE1, 0x62, 0x18, 0xBB, 0x29, 0x75, 0xC0, 0x37, 0xAD, 0x93,
    0xA7, 0x52, 0xB9, 0xF0, 0x4D, 0xB8, 0x37, 0x74, 0x99, 0x49, 0x75, 0x9C, 0x63, 0xE1, 0xAA, 0x01,
    0xC6, 0xA6, 0x88, 0x2D, 0xA3, 0x25, 0x48, 0xD2, 0xB9, 0x3A, 0xB0, 0xAE, 0xFF, 0x9A, 0x38, 0x45,
    0xDD, 0xE0, 0xFB, 0x6B, 0x7C, 0xE3, 0x88, 0x1D, 0x59, 0xD0, 0x7B, 0xE6, 0x39, 0xD8, 0xCD, 0x19,
    0x9B, 0xCB, 0x1C, 0xAF, 0x12, 0xA6, 0x81, 0x6B, 0x6E, 0xC9, 0xA7, 0xE0, 0x84, 0x4E, 0xCE, 0x99,
    0x96, 0x2D, 0x0A, 0x50, 0xC7, 0x4E, 0x41, 0xE8, 0x5D, 0xA7, 0x61, 0x7A, 0x84, 0x7A, 0x5D, 0x88,
    0x6F, 0x38, 0x30, 0x94, 0x93, 0x18, 0x58, 0x52, 0xD9, 0x87, 0x21, 0x9E, 0x48, 0xDE, 0xCA, 0x5C,
    0x3B, 0xF0, 0x7A, 0x95, 0x04, 0xF2, 0x56, 0xAB, 0xAB, 0x79, 0x0C, 0xBD, 0xC6, 0xFD, 0x3A, 0xD5,
    0x02, 0xA4, 0x3B, 0x8D, 0x81, 0x09, 0x37, 0x81, 0x65, 0xA0, 0x2B, 0x9F, 0xF8, 0x18, 0x34, 0x08,
    0xE1, 0x8B, 0x74, 0x8B, 0xA4, 0x77, 0x4D, 0x67, 0x5F, 0x2D, 0x0F, 0x1C, 0xF2, 0x8A, 0xA5, 0xA3,
    0xE2, 0x9D, 0xC1, 0x68, 0xC8, 0x9D, 0xC2, 0x85, 0xE4, 0x44, 0xA8, 0x18, 0x00, 0xFA, 0x0A, 0x0D,
    0x7B, 0x9F, 0x0E, 0x05, 0xC4, 0xE5, 0xEB, 0xC6, 0x90, 0xDB, 0xDD, 0x08, 0xB9, 0xA5, 0x58, 0x5F,
    0x21, 0x52, 0x79, 0x05, 0x00, 0xA3, 0xEB, 0x18, 0xF8, 0x60, 0x48, 0x60, 0x91, 0x86, 0x61, 0x92,
    0xCB, 0x71, 0xE2, 0xE1, 0xD0, 0x29, 0x98, 0xD5, 0x42, 0x27, 0xE1, 0x4E, 0xD7, 0x6D, 0xE4, 0xD2,
    0xD5, 0x57, 0xC5, 0x66, 0x19, 0xFF, 0x66, 0x22, 0x03, 0x24, 0xBD, 0x95, 0xDC, 0x33, 0xDD, 0x33,
    0xB5, 0xD3, 0xE2, 0xEF, 0x9B, 0x8D, 0x31, 0xF9, 0x0A, 0x0D, 0x14, 0x21, 0xAD, 0x49, 0x7C, 0x88,
    0x19, 0xD9, 0x7C, 0x81, 0x11, 0x8D, 0xF9, 0x7C, 0xEC, 0xD8, 0xBB, 0x81, 0x87, 0x36, 0x13, 0x95,
    0x43, 0xA5, 0xA9, 0x97, 0xE0, 0x81, 0x35, 0x38, 0x13, 0x34, 0xAB, 0xCF, 0x41, 0x20, 0x18, 0x40,
    0x82, 0x00, 0xD1, 0x6F, 0x52, 0xEA, 0xAF, 0x84, 0x79, 0xB0, 0x42, 0x84, 0x39, 0x90, 0x59, 0x98,
    0x5B, 0xA0, 0x3D, 0x00, 0x7D, 0x23, 0x48, 0xFC, 0x78, 0xF4, 0x34, 0x55, 0xB7, 0xE6, 0xCD, 0xFC,
    0xAB, 0x64, 0xC2, 0x80, 0x93, 0xC3, 0x7B, 0x60, 0x05, 0x2F, 0xD3, 0x64, 0x04, 0x18, 0xAF, 0x98,
    0x05, 0xAD, 0x5B, 0xCD, 0x63, 0xF1, 0x13, 0x4B, 0x78, 0x01, 0x0A, 0x00, 0xBD, 0x13, 0xBF, 0xC9,
    0x5D, 0x58, 0xAF, 0x57, 0x4B, 0x43, 0xB8, 0x80, 0xF0, 0xBA, 0x92, 0x45, 0x23, 0x7F, 0x52, 0xC8,
    0xB7, 0x0A, 0xEF, 0x87, 0xE2, 0x7E, 0x94, 0x9D, 0x02, 0x1A, 0x74, 0xE4, 0xE3, 0x52, 0x96, 0x87,
    0x3E, 0xA6, 0xBE, 0x6B, 0x96, 0x91, 0x01, 0x57, 0x6E, 0xDF, 0x44, 0xD6, 0xD5, 0xBF, 0x87, 0x55,
    0x4D, 0xD7, 0x84, 0x58, 0x6B, 0x94, 0xD4, 0x72, 0xC4, 0x01, 0xCA, 0xCB, 0x05, 0x55, 0x04, 0x49,
    0x30, 0x3E, 0xE2, 0x71, 0xEE, 0xA2, 0xB7, 0xBD, 0x03, 0x31, 0xF9, 0x9E, 0x10, 0x83, 0xDD, 0xB4,
    0x59, 0x74, 0x06, 0x31, 0xDD, 0x3D, 0x21, 0xA6, 0x3F, 0x86, 0xAC, 0xE2, 0x03, 0xD2, 0xB6, 0xA8,
    0x46, 0xA7, 0xE2, 0xBB, 0xD8, 0xDB, 0x06, 0x00, 0x39, 0xA6, 0x9B, 0x21, 0xB4, 0x36, 0xC6, 0xED,
    0x17, 0x3D, 0xB1, 0x1E, 0x0A, 0x79, 0x89, 0x07, 0x86, 0xA0, 0x33, 0x1F, 0x8E, 0xE8, 0x8C, 0x0A,
    0x46, 0x46, 0xB3, 0xFD, 0x86, 0x20, 0xAF, 0xF6, 0x69, 0xD3, 0x09, 0x3C, 0x21, 0x40, 0xAC, 0x62,
    0xC7, 0x98, 0x77, 0x08, 0x88, 0x2A, 0x5B, 0x98, 0x89, 0x9D, 0xCA, 0xA9, 0x56, 0x13, 0x05, 0xE8,
    0x09, 0x5B, 0xB8, 0xA0, 0xAD, 0x82, 0x36, 0x8D, 0x04, 0xCD, 0x5E, 0x0C, 0xE6, 0xFD, 0x19, 0x83,
    0xC1, 0x87, 0xCF, 0x67, 0x30, 0x80, 0x80, 0xCA, 0x84, 0xEE, 0xED, 0xA4, 0xF6, 0xDF, 0xF2, 0x8A,
    0x63, 0x40, 0x44, 0xD9, 0x41, 0x44, 0xCB, 0xE1, 0x2C, 0x36, 0xCD, 0xE6, 0x1A, 0x4C, 0xE7, 0xCA,
    0x2C, 0xB7, 0x78, 0x53, 0xE9, 0x03, 0xCA, 0x34, 0xED, 0xC6, 0xE6, 0x1E, 0xFF, 0xAC, 0x04, 0xE3,
    0xBB, 0x6C, 0x74, 0x96, 0x7A, 0xE5, 0xD0, 0x35, 0xFE, 0xED, 0x12, 0x29, 0x9B, 0x39, 0x1B, 0x96,
    0xA8, 0xBC, 0x5F, 0x80, 0x0C, 0xE8, 0x6F, 0x03, 0x60, 0xD3, 0x40, 0x06, 0x5E, 0xD1, 0x51, 0x65,
    0x4C, 0x4E, 0x6A, 0x09, 0x04, 0xD1, 0x03, 0x2F, 0x8D, 0xE9, 0x81, 0xC9, 0x50, 0xF0, 0x1A, 0xD0,
    0xEF, 0x18, 0x60, 0x81, 0xF7, 0x23, 0xAC, 0xA4, 0xFE, 0x9D, 0x32, 0x94, 0x53, 0x96, 0x2C, 0x4C,
    0x1F, 0x9A, 0x30, 0x73, 0x1D, 0x12, 0xF8, 0x97, 0xB1, 0xFE, 0x00, 0x9B, 0x64, 0xD2, 0xC0, 0x54,
    0x30, 0xF4, 0x44, 0xD1, 0xE7, 0xDE, 0x68, 0x5A, 0x23, 0xCC, 0xF5, 0xF9, 0x42, 0x1D, 0xB7, 0x2F,
    0x07, 0xC5, 0xEA, 0x63, 0x54, 0x8D, 0xAA, 0x2E, 0x16, 0xAA, 0x04, 0xFB, 0x53, 0x39, 0x73, 0xCF,
    0x00, 0xB9, 0x87, 0xF6, 0xCF, 0xFB, 0x50, 0xF3, 0x58, 0xC2, 0xEF, 0xEE, 0x32, 0x88, 0xD9, 0x31,
    0x88, 0x6A, 0x32, 0xB7, 0xF9, 0xA4, 0xB9, 0xDF, 0x10, 0x0E, 0x4A, 0x8B, 0x2F, 0x91, 0x15, 0x93,
    0x69, 0x08, 0xDF, 0x0C, 0x31, 0x0F, 0xD2, 0x53, 0x66, 0xA5, 0xAD, 0xAC, 0xB0, 0x9A, 0x61, 0x0C,
    0xBC, 0x77, 0x29, 0x74, 0x08, 0x71, 0x5D, 0xC3, 0xB1, 0x58, 0x3D, 0xB6, 0x62, 0x33, 0xFD, 0xD9,
    0x49, 0x28, 0xB9, 0xFD, 0xDB, 0xF0, 0x4F, 0xF2, 0x05, 0xAE, 0xA3, 0xEC, 0x3A, 0xAA, 0x5D, 0xC7,
    0x26, 0xF9, 0x16, 0x3D, 0x83, 0x16, 0x3E, 0x5B, 0x72, 0x74, 0xA4, 0xFD, 0xA1, 0x20, 0x97, 0x53,
    0x67, 0x41, 0x35, 0x43, 0x99, 0xA3, 0x2F, 0xC6, 0xAD, 0x32, 0xFA, 0xDB, 0xC0, 0xF9, 0x21, 0x95,
    0x46, 0x56, 0x67, 0x3C, 0x54, 0x0F, 0x3D, 0xAE, 0xD8, 0x25, 0x5D, 0xEC, 0x2B, 0x44, 0x17, 0x29,
    0x31, 0x33, 0x3F, 0x7D, 0x05, 0xD6, 0x21, 0x5D, 0xB6, 0x2A, 0x4D, 0x39, 0x07, 0xFD, 0xBD, 0x22,
    0x07, 0xC0, 0x5C, 0x5D, 0xE4, 0x7A, 0x88, 0xAE, 0x8A, 0x01, 0x66, 0xD6, 0x57, 0x50, 0x07, 0x49,
    0x17, 0x46, 0xAE, 0x9D, 0x8A, 0x03, 0xC1, 0xC7, 0xB1, 0xBB, 0x2E, 0x32, 0x6F, 0xAA, 0x30, 0x3B,
    0x58, 0x01, 0x10, 0x99, 0x73, 0x4F, 0x85, 0x21, 0x84, 0x4E, 0x09, 0x37, 0x08, 0x03, 0x99, 0x81,
    0x21, 0xF2, 0x76, 0x21, 0x8C, 0xE9, 0x32, 0x91, 0xA9, 0x22, 0x96, 0xB1, 0xCA, 0xFB, 0x3E, 0x65,
    0xFA, 0x90, 0x4E, 0xB4, 0x85, 0x9C, 0xB5, 0x01, 0x4A, 0x39, 0x74, 0x6C, 0xB0, 0xB5, 0x11, 0x46,
    0x0E, 0x23, 0x4E, 0xD5, 0xCE, 0xD4, 0x7D, 0x0B, 0xFE, 0xB5, 0xC4, 0x02, 0x0B, 0x68, 0x55, 0xAC,
    0x26, 0x08, 0x78, 0xB0, 0x39, 0x43, 0xC0, 0x05, 0xD9, 0x40, 0x4D, 0xD1, 0x85, 0x01, 0x52, 0xCB,
    0x37, 0xA1, 0x5D, 0xEC, 0x0E, 0xD4, 0x04, 0xE3, 0x00, 0x23, 0xD8, 0x60, 0x17, 0xDE, 0x97, 0xD0,
    0xBB, 0x42, 0x96, 0x4E, 0x80, 0x58, 0x2C, 0xC4, 0xD7, 0xDA, 0x35, 0x34, 0x11, 0x18, 0xBA, 0x00,
    0x6A, 0x4A, 0x3F, 0xF1, 0x33, 0x9A, 0xE5, 0x9B, 0x00, 0x48, 0x19, 0x95, 0xB6, 0xB0, 0xCA, 0xFD,
    0x07, 0x81, 0xF8, 0x05, 0xCA, 0x03, 0x9A, 0x8E, 0xA6, 0xA5, 0xF9, 0x14, 0x33, 0x49, 0x00, 0x00,
    0x08, 0x57, 0x4A, 0x4B, 0x93, 0x74, 0xC2, 0x52, 0x26, 0xA0, 0x76, 0x50, 0xEA, 0xB8, 0x80, 0x54,
    0x18, 0xA2, 0x22, 0x44, 0x84, 0x9F, 0x22, 0x8F, 0x27, 0xA9, 0x97, 0x47, 0x5C, 0x72, 0x5D, 0x27,
    0xA7, 0xE0, 0xD3, 0x09, 0xCA, 0xA5, 0x48, 0x8C, 0x4E, 0x10, 0xE0, 0x23, 0x09, 0xEF, 0xD7, 0x00,
    0x30, 0x98, 0xBF, 0x72, 0x1E, 0x08, 0x79, 0xC7, 0x97, 0xC3, 0x52, 0x3E, 0xC5, 0x74, 0x59, 0xC7,
    0x85, 0xFF, 0xC4, 0xA2, 0x3D, 0x4C, 0x9A, 0x4A, 0x07, 0x75, 0x00, 0x4A, 0x2D, 0xCC, 0x05, 0x52,
    0x05, 0x33, 0xAD, 0x02, 0x04, 0x8F, 0x43, 0xA4, 0x2E, 0x6A, 0x2F, 0x9D, 0xC5, 0x81, 0x53, 0x75,
    0x7B, 0x45, 0xEC, 0x0C, 0xE1, 0x9A, 0xF8, 0x87, 0xC2, 0x57, 0x9F, 0x35, 0x2E, 0x40, 0x75, 0x35,
    0x53, 0xE7, 0x72, 0xDA, 0x1A, 0x05, 0x6A, 0x06, 0x82, 0x67, 0x23, 0x76, 0x80, 0x2D, 0x1F, 0x56,
    0x77, 0x4B, 0x85, 0x5A, 0xE6, 0x6F, 0xC1, 0xAC, 0xAC, 0x27, 0x58, 0xDA, 0xCE, 0x40, 0xEE, 0x83,
    0xD5, 0x0D, 0xFC, 0x0C, 0x20, 0x13, 0x75, 0xEC, 0x6C, 0xB1, 0xA4, 0x91, 0x0C, 0x62, 0x2C, 0xE6,
    0x94, 0xC1, 0xB9, 0x9C, 0xE4, 0x33, 0xCC, 0x16, 0x3B, 0x2A, 0x33, 0xA6, 0xD3, 0xF1, 0x6F, 0xFF,
    0xB4, 0xEC, 0x6E, 0x7A, 0xF4, 0x66, 0x54, 0x07, 0xC1, 0xB9, 0xAC, 0xBF, 0xE9, 0x6C, 0x7B, 0xF9,
    0x6A, 0x56, 0x56, 0xE9, 0xA9, 0xE1, 0x3B, 0xEA, 0xCE, 0x07, 0x2B, 0x99, 0x44, 0x03, 0xD2, 0xBA,
    0x8F, 0xBE, 0x69, 0x59, 0x37, 0x24, 0x57, 0x3F, 0x24, 0x62, 0x7D, 0xEF, 0x13, 0x18, 0x57, 0x77,
    0x22, 0x39, 0x7B, 0xF3, 0xFE, 0xFD, 0xE2, 0x58, 0xF7, 0x42, 0x14, 0xF8, 0x6E, 0xED, 0xE5, 0xFD,
    0x04, 0x39, 0xE6, 0xC8, 0x4A, 0xB9, 0xE6, 0xB3, 0xC8, 0x03, 0x95, 0xDB, 0xB6, 0xE1, 0x1E, 0x1D,
    0x15, 0x53, 0xF8, 0xB7, 0x37, 0x87, 0xFE, 0x24, 0x09, 0xF3, 0x60, 0xCE, 0xF8, 0x19, 0x50, 0xB0,
    0x4B, 0x55, 0x46, 0x5E, 0x1E, 0x38, 0xED, 0xCF, 0x31, 0x7F, 0x06, 0x7C, 0x7E, 0x28, 0xBD, 0x2B,
    0x8F, 0x64, 0xF1, 0xA0, 0xA8, 0xED, 0x59, 0x15, 0xB3, 0xBF, 0x31, 0xC7, 0xF3, 0x6E, 0x90, 0x7D,
    0xAA, 0x57, 0x44, 0xCF, 0x89, 0x9E, 0x97, 0xA0, 0x92, 0x4E, 0x2A, 0xA7, 0x4E, 0x49, 0xA4, 0x51,
    0x29, 0xFE, 0x76, 0xAA, 0xAA, 0x75, 0x20, 0x2B, 0x28, 0x1E, 0x8A, 0xC3, 0x0A, 0xD9, 0x04, 0xA5,
    0x28, 0x74, 0x76, 0x10, 0x52, 0x1E, 0x86, 0xE7, 0xCD, 0x43, 0x11, 0x27, 0xF0, 0xB5, 0xA4, 0xF2,
    0x13, 0xD7, 0xFC, 0xAC, 0x9F, 0xFB, 0xFF, 0x0C, 0xE6, 0x53, 0x49, 0x8F, 0x59, 0x42, 0x17, 0x7E,
    0x09, 0x10, 0x06, 0x0C, 0x2F, 0x94, 0xEF, 0xE2, 0x59, 0xF3, 0x2D, 0x3C, 0x6C, 0xA0, 0x84, 0xA5,
    0x87, 0x77, 0x72, 0x39, 0xFD, 0xD9, 0xF9, 0x4C, 0xD6, 0x46, 0x30, 0xCF, 0xD5, 0x0D, 0x84, 0x58,
    0x9E, 0xEA, 0xAF, 0xF5, 0x92, 0x25, 0xFF, 0xC1, 0x2A, 0x2C, 0x3E, 0xA0, 0xA0, 0x1D, 0xA4, 0x00,
    0x50, 0xCC, 0xD8, 0x81, 0x67, 0x06, 0x92, 0x82, 0x7A, 0x23, 0x9D, 0x0D, 0xE0, 0x10, 0x09, 0x78,
    0xCD, 0x39, 0x38, 0x2B, 0x9C, 0xC2, 0xFD, 0x51, 0x05, 0xCB, 0xE1, 0xA1, 0x8E, 0xC4, 0x88, 0x85,
    0x88, 0x96, 0x1B, 0xCE, 0x2C, 0x97, 0x41, 0x15, 0xC7, 0x6F, 0xD5, 0xFE, 0x67, 0x4D, 0x32, 0x5A,
    0x41, 0xBE, 0xAC, 0xB8, 0xE9, 0x99, 0x12, 0x90, 0x4B, 0x76, 0x7E, 0xF6, 0x1E, 0x39, 0x37, 0x56,
    0x33, 0x99, 0x04, 0x89, 0x4D, 0xFB, 0x84, 0x29, 0x3A, 0x36, 0x6B, 0x46, 0xCC, 0x3B, 0x03, 0x6A,
    0x10, 0xB9, 0x95, 0x82, 0xF5, 0x3C, 0x13, 0xF2, 0xAE, 0xCC, 0xD9, 0xAF, 0xAD, 0xB2, 0x17, 0x2E,
    0xAA, 0xB3, 0xB9, 0xCD, 0x08, 0xD6, 0x37, 0x5A, 0x07, 0x39, 0x14, 0xA8, 0xAC, 0x9F, 0x1D, 0xBF,
    0x65, 0xC2, 0x4B, 0xA3, 0xFE, 0x27, 0x90, 0xC3, 0xAF, 0x62, 0x0F, 0x80, 0x83, 0x52, 0x01, 0x3B,
    0x41, 0xD1, 0x80, 0xD5, 0xF1, 0xAD, 0x9F, 0x45, 0xB0, 0x0A, 0xBF, 0x85, 0x6C, 0xA9, 0xCA, 0xF1,
    0xED, 0x22, 0x90, 0xA4, 0x9E, 0x33, 0x4E, 0xF9, 0x6B, 0xA5, 0xB6, 0x8B, 0x6B, 0x24, 0xDB, 0x18,
    0xB8, 0x38, 0x58, 0x13, 0xE7, 0x17, 0x48, 0xC9, 0xFF, 0xD6, 0xF6, 0x1B, 0xC2, 0xC4, 0x32, 0x03,
    0xD8, 0xC8, 0x82, 0x26, 0xCC, 0x73, 0x3E, 0x11, 0x24, 0x45, 0xB9, 0x68, 0x9D, 0x80, 0xAC, 0xF8,
    0xDD, 0xBC, 0x15, 0x94, 0x09, 0xDD, 0xA6, 0x14, 0x4D, 0x12, 0xD1, 0x64, 0x48, 0x84, 0x43, 0x3F,
    0x1F, 0x80, 0x2A, 0xC7, 0xEE, 0xC7, 0x58, 0x7B, 0x58, 0x21, 0xB8, 0x28, 0xC5, 0x77, 0x20, 0xDC,
    0x6D, 0xBC, 0x59, 0xD6, 0xDA, 0x31, 0xC1, 0xB9, 0xBB, 0xC6, 0x21, 0xC3, 0xDF, 0x3D, 0xDC, 0xA2,
    0x70, 0x30, 0x11, 0x8B, 0xF3, 0xAB, 0x59, 0x23, 0x51, 0xB4, 0xE9, 0xFE, 0x14, 0x6F, 0x15, 0x96,
    0x82, 0x20, 0xBC, 0x5C, 0xFC, 0xF7, 0x9B, 0x85, 0xFB, 0x3B, 0xA1, 0xF4, 0xF3, 0x47, 0xC8, 0x22,
    0xE5, 0x8B, 0xDD, 0x71, 0x24, 0xBD, 0x3F, 0x47, 0x84, 0x5E, 0xB5, 0xB8, 0x70, 0x84, 0xF4, 0xD3,
    0xEE, 0x20, 0x87, 0x89, 0xF1, 0xA0, 0xD1, 0x67, 0x8C, 0x06, 0x7C, 0x9D, 0x2B, 0xFC, 0xC7, 0x05,
    0xF5, 0x0B, 0x11, 0x80, 0xCB, 0xFE, 0x4F, 0x40, 0x2B, 0x56, 0x29, 0xEC, 0x45, 0x2A, 0xAF, 0x82,
    0xF2, 0x40, 0x15, 0xA8, 0x60, 0x7C, 0x0B, 0x05, 0x77, 0x88, 0x78, 0xD7, 0x39, 0x7F, 0x11, 0x33,
    0x4F, 0x54, 0xBD, 0x5B, 0x63, 0xAF, 0xF9, 0xFA, 0xA3, 0xFF, 0x3D, 0x57, 0x86, 0x2B, 0xAF, 0x3C,
    0xF0, 0xC1, 0x2C, 0x9D, 0x2F, 0xCB, 0x94, 0xE7, 0x78, 0x6D, 0xD0, 0x01, 0x4D, 0xD7, 0x52, 0xB9,
    0x0A, 0x55, 0x5D, 0xB7, 0xAC, 0xBC, 0x82, 0x27, 0x75, 0x9C, 0x32, 0x74, 0x4B, 0xCC, 0x07, 0x6E,
    0x37, 0x90, 0xFE, 0xE6, 0xBB, 0x39, 0x6A, 0xC4, 0xEC, 0x4B, 0x95, 0x9F, 0xD0, 0x05, 0xB1, 0xE2,
    0x0D, 0x6A, 0xF9, 0x56, 0xD9, 0xF1, 0x3E, 0xC1, 0xAA, 0x9F, 0x60, 0xB9, 0xFB, 0x90, 0xE5, 0x4E,
    0x1E, 0xE8, 0x73, 0xFF, 0xA9, 0x00, 0xAD, 0xEF, 0xE6, 0x0E, 0x78, 0xBC, 0x65, 0x1F, 0x37, 0x90,
    0x96, 0x16, 0xBD, 0x8F, 0xCB, 0x0E, 0x9E, 0x29, 0xA2, 0x40, 0x27, 0x7D, 0x50, 0x82, 0x4C, 0x9D,
    0x31, 0x07, 0xE9, 0x8D, 0x11, 0xFF, 0xB1, 0x7A, 0x84, 0x43, 0xD4, 0x6F, 0x8B, 0x59, 0xF2, 0x8A,
    0xE5, 0x20, 0x09, 0x2B, 0x71, 0xAE, 0x3B, 0x0D, 0x60, 0x8F, 0xC2, 0xC4, 0x4E, 0xB9, 0xE8, 0x67,
    0x81, 0x5B, 0x54, 0x8E, 0xE9, 0x35, 0x12, 0x78, 0xB7, 0xE0, 0xE9, 0x00, 0xBE, 0x58, 0x5D, 0x82,
    0xC3, 0x0F, 0xB0, 0x7B, 0x9D, 0x0D, 0x62, 0x14, 0xCE, 0x13, 0xF6, 0xBB, 0xB0, 0x72, 0x07, 0x08,
    0x7A, 0x5D, 0xE0, 0x9F, 0x54, 0x8D, 0x53, 0x46, 0x4C, 0x45, 0x12, 0x20, 0x76, 0xD9, 0xBD, 0x4B,
    0x8C, 0x0C, 0xBD, 0xFF, 0x08, 0x32, 0x04, 0xFA, 0x3A, 0x2B, 0x1E, 0x78, 0x23, 0x84, 0x78, 0x5F,
    0x5E, 0x80, 0x98, 0x6C, 0x34, 0x8E, 0xBB, 0xD3, 0x76, 0x63, 0x98, 0x39, 0x1F, 0x97, 0x78, 0x14,
    0xC6, 0xED, 0xF8, 0x79, 0xF7, 0x86, 0x74, 0x37, 0xDB, 0x9D, 0xB0, 0xE0, 0x61, 0x14, 0x3F, 0x92,
    0x39, 0x63, 0xFD, 0x29, 0xB0, 0x1D, 0x14, 0x48, 0xCD, 0x4C, 0x19, 0xF5, 0x93, 0xE0, 0x2E, 0xD8,
    0x7C, 0x80, 0x34, 0x86, 0xB8, 0x43, 0xCE, 0x88, 0x16, 0x25, 0xF0, 0x33, 0xFF, 0x0A, 0xD2, 0x9A,
    0x61, 0x0E, 0xA9, 0x16, 0xA7, 0x4A, 0x89, 0xA9, 0x11, 0xE6, 0x1B, 0x5A, 0xC5, 0x2F, 0x64, 0x8B,
    0xBE, 0x63, 0x6B, 0xB8, 0xB9, 0x5A, 0x2E, 0xA4, 0x34, 0xA0, 0xCE, 0xA0, 0xE3, 0x8B, 0x2D, 0xC7,
    0xC3, 0x1A, 0x1D, 0x29, 0x36, 0x16, 0x61, 0x2A, 0xAC, 0x09, 0x26, 0xB0, 0xA0, 0xB2, 0x43, 0xDA,
    0x16, 0x9A, 0xBD, 0xC9, 0x54, 0xB4, 0x48, 0x8E, 0x9E, 0x92, 0xAB, 0x3A, 0x29, 0x98, 0x95, 0xFB,
    0xD9, 0xC9, 0x0D, 0xEF, 0x52, 0x92, 0x32, 0xA1, 0x84, 0xB9, 0xF4, 0xC5, 0xA9, 0xBF, 0x02, 0x31,
    0xAE, 0xC7, 0x1A, 0x65, 0x9F, 0x83, 0xEA, 0x6A, 0x11, 0xC9, 0x2B, 0xFF, 0x50, 0xD6, 0xE1, 0x52,
    0x09, 0x72, 0xA3, 0xCA, 0x89, 0x6D, 0xBF, 0x54, 0x0F, 0x16, 0xD4, 0x7B, 0x57, 0x7E, 0x54, 0xAC,
    0xF1, 0xD3, 0x83, 0x06, 0x1A, 0xA4, 0xAE, 0x99, 0xFF, 0x20, 0xB7, 0xFD, 0xF6, 0x97, 0x72, 0xD1,
    0xF6, 0xF0, 0x20, 0xB3, 0x65, 0x44, 0xC7, 0x0B, 0x59, 0xA5, 0x86, 0x77, 0x1A, 0x82, 0x15, 0x03,
    0x41, 0xDB, 0x86, 0x60, 0x49, 0x17, 0x89, 0x48, 0xA0, 0x7C, 0x16, 0x63, 0xC4, 0x05, 0xFB, 0xB2,
    0x40, 0x46, 0xCF, 0x90, 0x2D, 0xE0, 0xA6, 0xF3, 0xC1, 0xB6, 0x78, 0x67, 0xCB, 0x81, 0x9C, 0x8E,
    0xBD, 0x5C, 0x79, 0x79, 0x2C, 0x57, 0x23, 0xEF, 0xD6, 0x61, 0x40, 0x51, 0x1F, 0x69, 0x00, 0xE2,
    0x8F, 0xB2, 0x77, 0x6F, 0x42, 0x3D, 0xE5, 0x6A, 0x4B, 0x91, 0x11, 0x1D, 0x98, 0x7E, 0xF4, 0xC0,
    0x6B, 0x26, 0xC1, 0x19, 0x83, 0x80, 0xC5, 0x9B, 0x29, 0x5C, 0x28, 0xD0, 0xB2, 0xEE, 0x5F, 0xC9,
    0xF5, 0x39, 0x94, 0x73, 0xA3, 0x64, 0x4F, 0xF3, 0x8C, 0xB2, 0xE0, 0x9E, 0xF1, 0x19, 0x54, 0x9A,
    0xF8, 0x99, 0x12, 0xD2, 0x00, 0x74, 0x4F, 0xFD, 0xDC, 0xCB, 0xAC, 0x32, 0xC7, 0x2C, 0x7C, 0x31,
    0xF4, 0x2D, 0xBB, 0xC7, 0xFD, 0xE4, 0xA3, 0xA8, 0xAD, 0x30, 0xC6, 0x6D, 0x4B, 0xED, 0x6D, 0x56,
    0x15, 0x63, 0xC7, 0xAC, 0xB6, 0x0B, 0x20, 0x6E, 0x2B, 0xCB, 0x41, 0x82, 0x9D, 0x05, 0x11, 0xD2,
    0xDD, 0x83, 0x00, 0xD4, 0xDE, 0xA6, 0xA8, 0x4B, 0x99, 0xE8, 0x7A, 0x56, 0xAD, 0xBF, 0x2E, 0xC2,
    0xEE, 0x2B, 0xC9, 0x02, 0xD5, 0x0E, 0xB1, 0x1F, 0x83, 0xFA, 0x5A, 0x64, 0xD3, 0xAE, 0x6B, 0x5B,
    0xB6, 0x43, 0xD6, 0xE4, 0x66, 0x41, 0x5F, 0xCE, 0xAF, 0xC5, 0xBE, 0x6D, 0x07, 0xD9, 0xB2, 0x0F,
    0xEA, 0xAC, 0x3D, 0x43, 0x7A, 0x45, 0x2E, 0x0D, 0xBE, 0x4D, 0x90, 0xB5, 0xBD, 0x4C, 0x65, 0x02,
    0xDB, 0xFA, 0xAC, 0x6D, 0xDF, 0x5C, 0x27, 0xFC, 0x82, 0xEF, 0x3A, 0x8F, 0x8B, 0xC0, 0xAD, 0x86,
    0x01, 0x10, 0xA6, 0x83, 0x85, 0x61, 0x5A, 0x7E, 0xA5, 0x91, 0x0B, 0x4E, 0x02, 0xE7, 0x6C, 0xAB,
    0x5F, 0xD5, 0x56, 0xBF, 0x59, 0x5B, 0xFD, 0xB2, 0x5F, 0x79, 0x71, 0x92, 0xDC, 0x18, 0x9D, 0x6F,
    0xB6, 0xC7, 0xB2, 0xB5, 0x05, 0x4D, 0x8E, 0xC7, 0xF0, 0x5B, 0x88, 0x64, 0xD8, 0xBB, 0x00, 0xD1,
    0x44, 0xF5, 0xBB, 0x65, 0xAB, 0x5F, 0xE6, 0xD9, 0xB2, 0x6E, 0xF3, 0x2C, 0xD8, 0x71, 0xAF, 0xBA,
    0xD8, 0x0D, 0xB6, 0x90, 0x6A, 0x63, 0xA9, 0xBB, 0x44, 0x2E, 0x32, 0x24, 0xE8, 0x63, 0x8E, 0x34,
    0xF3, 0xBB, 0x79, 0x4A, 0x60, 0xAC, 0x64, 0x8D, 0xAC, 0x3F, 0x41, 0x5C, 0x1D, 0x23, 0x99, 0x21,
    0x4D, 0x66, 0x4F, 0xD2, 0x9C, 0x06, 0x52, 0xDE, 0x83, 0xC9, 0xF4, 0x9F, 0x41, 0x09, 0xDD, 0x35,
    0xF6, 0xB9, 0xA0, 0x5E, 0x67, 0x3C, 0xEB, 0x00, 0x6A, 0x9B, 0xB3, 0xD4, 0xC3, 0x1B, 0xF2, 0xF7,
    0xC5, 0xC0, 0x9F, 0x73, 0xCC, 0x9A, 0xA8, 0xDB, 0x09, 0x1D, 0x41, 0x22, 0x7C, 0xFE, 0x59, 0x5B,
    0x44, 0xD2, 0xF6, 0xD3, 0xDA, 0x68, 0xDA, 0x8C, 0x49, 0xE7, 0xF8, 0xC2, 0x76, 0x53, 0xF0, 0x9A,
    0xED, 0xD5, 0xE6, 0x39, 0xCD, 0x18, 0x16, 0xB5, 0xAA, 0xAD, 0xE2, 0x66, 0xD8, 0x8F, 0x2D, 0x44,
    0x87, 0xC4, 0xAF, 0x5F, 0x8A, 0x74, 0x4D, 0xAC, 0x37, 0x28, 0xB6, 0x59, 0x78, 0xD6, 0x11, 0xD8,
    0x5E, 0xA0, 0xF7, 0xA4, 0xAC, 0x50, 0x2F, 0x55, 0x56, 0x64, 0x44, 0xFD, 0x6D, 0xCA, 0xF9, 0xF9,
    0x39, 0x62, 0xEF, 0x7E, 0xC3, 0xE5, 0x00, 0x0E, 0x5F, 0x39, 0x55, 0x3F, 0x51, 0x0D, 0x2B, 0x5A,
    0xB0, 0xFE, 0xB6, 0xAD, 0xB6, 0xAB, 0xDF, 0xF0, 0x02, 0x6A, 0xF4, 0xF0, 0x83, 0x5C, 0xDD, 0x86,
    0x5A, 0xDF, 0x2B, 0x98, 0x79, 0xBC, 0x62, 0x09, 0x0F, 0xBD, 0xFF, 0x14, 0x35, 0x6A, 0xBB, 0xE0,
    0x45, 0xAB, 0xB9, 0x93, 0x2E, 0xA9, 0xC4, 0xB4, 0xAB, 0xB1, 0x47, 0xFB, 0xE1, 0x49, 0xB5, 0xFB,
    0xCC, 0x43, 0xB6, 0xDC, 0x47, 0xF0, 0x1C, 0x7A, 0xB7, 0x41, 0xE5, 0x07, 0x37, 0x1E, 0xB4, 0xB5,
    0xB8, 0xA6, 0xEA, 0x3A, 0x3B, 0x15, 0xF8, 0xF3, 0xFA, 0xAE, 0x1A, 0x7B, 0x24, 0x34, 0x3D, 0xB7,
    0xEF, 0xFA, 0x54, 0x01, 0xD1, 0x34, 0x37, 0xEB, 0x67, 0x0A, 0x88, 0xE7, 0x34, 0x94, 0xBB, 0x6C,
    0x28, 0xAB, 0xA2, 0x3D, 0x77, 0xE8, 0x61, 0x02, 0x14, 0xA3, 0x1E, 0x92, 0xA6, 0xCE, 0x50, 0xAC,
    0x85, 0x8D, 0x33, 0xDD, 0x26, 0x46, 0xC0, 0x1D, 0xFF, 0x62, 0x2C, 0xAC, 0x57, 0x7A, 0x8D, 0x19,
    0x1C, 0xD4, 0xC9, 0xA6, 0x39, 0x80, 0x8D, 0x34, 0x59, 0x27, 0x58, 0x29, 0xD2, 0x88, 0xE4, 0x2B,
    0xF5, 0x7E, 0x90, 0x45, 0xDC, 0xA7, 0x41, 0xDE, 0x09, 0x60, 0x43, 0xF9, 0x62, 0x5A, 0xAC, 0x99,
    0x6D, 0xB1, 0x9A, 0x59, 0x8B, 0x95, 0x31, 0xD3, 0x06, 0xD0, 0xBA, 0xEC, 0x38, 0xFA, 0x94, 0xDC,
    0x00, 0xBD, 0x5E, 0xBB, 0xD4, 0xA1, 0x38, 0xAE, 0x2D, 0xFB, 0x2F, 0xC8, 0xAC, 0xD7, 0x2F, 0xDF,
    0x98, 0x85, 0xEB, 0xFE, 0x1A, 0xBC, 0xD9, 0x93, 0x06, 0xEF, 0x59, 0xDB, 0xE0, 0xB5, 0xAD, 0x6C,
    0x2C, 0x78, 0x88, 0xAD, 0x71, 0x71, 0x69, 0xE2, 0x17, 0x15, 0x54, 0x60, 0x99, 0x3C, 0xD6, 0xE1,
    0x50, 0x9F, 0x5E, 0xF3, 0x9C, 0x1E, 0xEB, 0xA1, 0x59, 0x8F, 0xB5, 0x78, 0x71, 0x8F, 0xD5, 0xA6,
    0x24, 0xB1, 0x27, 0x78, 0x4B, 0x33, 0xBD, 0x9D, 0x66, 0x4A, 0x0B, 0xB3, 0xC6, 0xBF, 0xFC, 0x35,
    0x66, 0xB5, 0x2F, 0x4B, 0x30, 0x2F, 0xA1, 0xCD, 0x6A, 0xA8, 0x5A, 0x22, 0xFD, 0xA5, 0xD4, 0xFF,
    0xAF, 0x75, 0xCC, 0x06, 0xAD, 0x28, 0x7B, 0xEE, 0x81, 0xD7, 0x03, 0x94, 0xC8, 0xAD, 0x31, 0xF5,
    0x57, 0x8D, 0x77, 0xEF, 0xEC, 0x25, 0x09, 0x0E, 0x43, 0x8A, 0xF4, 0xF4, 0x55, 0x71, 0x1F, 0xDE,
    0x81, 0x38, 0xDF, 0xC6, 0xE4, 0x31, 0x93, 0x27, 0x0F, 0x6F, 0xD5, 0xF7, 0xF1, 0x12, 0x2E, 0xC0,
    0x0C, 0xF5, 0xDF, 0x41, 0xA8, 0xFB, 0x57, 0xE0, 0xBE, 0x87, 0xDB, 0xB6, 0x55, 0x82, 0x00, 0xEE,
    0xE5, 0xC7, 0xF3, 0xE0, 0x5C, 0xB9, 0x58, 0xFC, 0xCF, 0x9F, 0x4A, 0xF4, 0xD7, 0xA2, 0x01, 0x86,
    0x8D, 0xB8, 0x3F, 0x36, 0xF2, 0x3D, 0x80, 0xDC, 0x5F, 0x65, 0x7A, 0xC9, 0x80, 0x69, 0xDE, 0x2D,
    0xBD, 0xFC, 0x29, 0x25, 0x48, 0x7F, 0x1B, 0x4A, 0x18, 0xFE, 0xAA, 0x12, 0x5E, 0xDC, 0x68, 0x46,
    0xFA, 0x3A, 0x6E, 0xA8, 0x75, 0x97, 0xED, 0x1B, 0x46, 0x16, 0x92, 0xAF, 0x9F, 0x7D, 0xEA, 0x3F,
    0x37, 0xA5, 0x23, 0x10, 0x54, 0x69, 0x86, 0x32, 0xBA, 0x7D, 0xB9, 0x54, 0x07, 0xE6, 0x75, 0x76,
    0x9A, 0x27, 0x6A, 0x99, 0xF0, 0xD8, 0x1A, 0x13, 0xA0, 0x28, 0x08, 0x03, 0xDB, 0xF0, 0x83, 0x56,
    0xBF, 0xCF, 0x53, 0x4D, 0x3A, 0x07, 0xDB, 0x1E, 0xE4, 0x54, 0xC2, 0x88, 0x83, 0xD8, 0x5D, 0xC4,
    0x21, 0x12, 0x4A, 0xCF, 0xF8, 0x77, 0xB4, 0xFB, 0x47, 0xBF, 0x6B, 0xBE, 0x21, 0x9D, 0x43, 0xE2,
    0xDE, 0x47, 0x98, 0x41, 0xD0, 0x8F, 0x12, 0x56, 0x87, 0xEA, 0x4A, 0x21, 0x83, 0xE0, 0x98, 0x4E,
    0x1A, 0xC4, 0x6A, 0x46, 0xA7, 0xDF, 0xDD, 0x68, 0x8E, 0xF6, 0x6E, 0x34, 0x33, 0xA1, 0xED, 0xD5,
    0x68, 0x8E, 0x76, 0x37, 0x9A, 0xD9, 0xD8, 0x65, 0x05, 0x20, 0x7B, 0x35, 0xFD, 0xF6, 0x5D, 0xD5,
    0xD6, 0x74, 0x18, 0x3B, 0xEA, 0x5A, 0xFB, 0x1F, 0x74, 0xDD, 0x50, 0x3B, 0x14, 0x66, 0x85, 0xA7,
    0x3B, 0xD0, 0x1A, 0x65, 0x79, 0xA7, 0x5D, 0xD8, 0xCA, 0x43, 0x59, 0x2B, 0x06, 0x60, 0xC3, 0x26,
    0x28, 0xD1, 0x5B, 0x51, 0x24, 0x88, 0x4B, 0x8C, 0xB3, 0xBB, 0xB0, 0x00, 0xD9, 0xA2, 0x65, 0x9B,
    0xD1, 0x82, 0x86, 0x8D, 0x58, 0xC8, 0x35, 0x46, 0x39, 0x30, 0x0F, 0xC1, 0x8E, 0xB1, 0xB1, 0x03,
    0xC9, 0xF0, 0xC9, 0x18, 0x53, 0x90, 0x82, 0x0E, 0xEC, 0xF1, 0x69, 0x84, 0xB9, 0x21, 0x1C, 0xF8,
    0xED, 0x8D, 0x04, 0x62, 0xB7, 0x47, 0xBA, 0xF6, 0x38, 0xB9, 0x3D, 0x5E, 0x6E, 0xB3, 0x55, 0x68,
    0x81, 0xB0, 0x9E, 0x1D, 0xE9, 0x62, 0xAA, 0xB3, 0x28, 0x9C, 0xB1, 0x43, 0x90, 0x3D, 0xE4, 0x2D,
    0xDB, 0x4F, 0xD7, 0x59, 0x4D, 0x2B, 0xD9, 0x81, 0xB5, 0x16, 0xF6, 0x78, 0x86, 0xEC, 0x69, 0x85,
    0x13, 0xDD, 0x24, 0xF6, 0x98, 0xD4, 0x92, 0x80, 0xB6, 0x69, 0x6B, 0x4B, 0xD6, 0x3F, 0xB0, 0xEA,
    0x1C, 0x6D, 0xB2, 0x90, 0x17, 0x77, 0x1B, 0xFB, 0x43, 0x05, 0x4D, 0xC7, 0x2C, 0xB0, 0x29, 0x32,
    0x77, 0xD5, 0x64, 0x81, 0x0C, 0x51, 0x5F, 0xE9, 0xAC, 0x82, 0x6E, 0x41, 0xBB, 0x21, 0x3A, 0xB8,
    0x9F, 0xFF, 0x41, 0x1E, 0xDA, 0x83, 0x36, 0x3D, 0x83, 0xB4, 0x74, 0x3A, 0x31, 0xAD, 0x34, 0xF7,
    0x10, 0x65, 0x7C, 0x75, 0xDD, 0x38, 0x55, 0xC7, 0xCF, 0x36, 0xC0, 0x46, 0x21, 0x99, 0xBA, 0xC5,
    0x04, 0x8D, 0x1C, 0xEB, 0xDF, 0x29, 0x7A, 0x32, 0x1E, 0x82, 0x73, 0x7D, 0x27, 0xEF, 0x3A, 0xD5,
    0xD0, 0x33, 0x3D, 0x95, 0xF7, 0x90, 0x72, 0xDD, 0xAA, 0x06, 0x62, 0xC2, 0xA5, 0x8B, 0xD1, 0x3F,
    0x66, 0xFE, 0x04, 0x52, 0x85, 0x10, 0xFE, 0xEB, 0x91, 0xBA, 0x7D, 0xAB, 0xA8, 0xD2, 0x4E, 0xA8,
    0x2F, 0x7F, 0x52, 0x56, 0xDD, 0x58, 0x7B, 0xF7, 0xEF, 0x9A, 0x34, 0xD6, 0xEF, 0x9D, 0x35, 0x08,
    0xA9, 0x0F, 0xC6, 0x9B, 0xC1, 0xE3, 0xFA, 0x75, 0xBA, 0xF6, 0x32, 0x3F, 0x85, 0x93, 0xB2, 0x3D,
    0x17, 0xAD, 0x66, 0xFD, 0x06, 0x27, 0x2F, 0x01, 0x8E, 0x4F, 0xFA, 0x0D, 0x2B, 0xE5, 0xC9, 0xE0,
    0x67, 0x24, 0x7C, 0x39, 0x3D, 0xE7, 0xAA, 0x2C, 0x4C, 0x8F, 0xFD, 0x5E, 0xBE, 0xE7, 0x1F, 0xB0,
    0xE7, 0x5F, 0xB6, 0xCE, 0x1C, 0xB5, 0x69, 0xD9, 0xB5, 0x27, 0x85, 0xF2, 0xCA, 0xBD, 0x8C, 0x59,
    0x2C, 0x2C, 0xCD, 0xBA, 0xBC, 0x6D, 0x79, 0x8F, 0x88, 0x0E, 0xC7, 0x60, 0x17, 0xEC, 0x27, 0x27,
    0x7E, 0x8E, 0xED, 0x14, 0xEB, 0x10, 0x01, 0x00, 0xF2, 0x73, 0x88, 0xF4, 0x18, 0xDB, 0x9D, 0x4C,
    0x8F, 0xD0, 0x77, 0x9D, 0x9E, 0xCE, 0x32, 0x38, 0xF9, 0xC9, 0xAA, 0x2C, 0x1E, 0x07, 0x81, 0x67,
    0xA7, 0xD0, 0x45, 0xE5, 0x57, 0x92, 0xBE, 0x07, 0x91, 0x65, 0xEF, 0x8D, 0x25, 0xEF, 0xD0, 0xAA,
    0x67, 0x1B, 0xBE, 0xB6, 0x6A, 0xB0, 0x5B, 0x05, 0xC9, 0x93, 0xDE, 0xD8, 0x6F, 0x1C, 0x3A, 0x76,
    0xD7, 0x46, 0x3D, 0x92, 0x0C, 0xEA, 0x45, 0xE9, 0xB2, 0xEF, 0xF0, 0x91, 0xD8, 0xB1, 0x3D, 0x06,
    0x3E, 0x39, 0x98, 0xBD, 0x0F, 0x51, 0x4D, 0xBB, 0x1F, 0x44, 0x21, 0xBE, 0xF9, 0xE2, 0xB5, 0x7B,
    0x76, 0x6D, 0x1E, 0xE3, 0x3E, 0xBB, 0xF6, 0x2B, 0x9E, 0x5B, 0x94, 0x7B, 0x9D, 0x5B, 0xE0, 0xD3,
    0x1B, 0x6D, 0x65, 0xDB, 0xD6, 0x17, 0xAD, 0x5E, 0xE7, 0x5F, 0xA2, 0x33, 0x63, 0x11, 0x47, 0xB5,
    0x29, 0xF9, 0xE0, 0xF4, 0xAA, 0x40, 0xF3, 0x97, 0x4D, 0x14, 0xFA, 0x2B, 0x66, 0xA9, 0xEB, 0x7B,
    0xE5, 0xDB, 0xF1, 0x9C, 0x05, 0xBB, 0x27, 0xD8, 0xD8, 0xDE, 0x62, 0xC9, 0xDA, 0xF6, 0xEA, 0x14,
    0x1B, 0x83, 0x9D, 0x03, 0x91, 0x6E, 0x8B, 0x36, 0x60, 0x39, 0x1B, 0xBC, 0xA7, 0x61, 0x39, 0x88,
    0xCD, 0xFC, 0x24, 0x20, 0x64, 0xBE, 0x53, 0x21, 0xF1, 0xDD, 0x68, 0xB2, 0xEB, 0xDA, 0xC5, 0x3E,
    0x9B, 0x9C, 0xCF, 0x76, 0x88, 0x9E, 0x39, 0x50, 0x09, 0xF6, 0x38, 0x50, 0xB9, 0xB7, 0xA7, 0xB7,
    0x2B, 0x42, 0xC1, 0xD6, 0xD4, 0xBD, 0xF3, 0x76, 0xF3, 0x27, 0x9E, 0xDB, 0x70, 0x62, 0xCF, 0xE9,
    0x1F, 0x44, 0xD5, 0x36, 0x5B, 0xF3, 0xA8, 0xB4, 0x15, 0x61, 0x54, 0xF5, 0xEB, 0x56, 0x82, 0x4A,
    0xDD, 0xBC, 0x52, 0x84, 0x47, 0x50, 0x79, 0x2E, 0x01, 0x40, 0x6E, 0x97, 0xFA, 0xCE, 0x6A, 0x12,
    0x36, 0xDB, 0x12, 0x3E, 0x04, 0xB9, 0x3F, 0x9F, 0xCB, 0x21, 0xE0, 0xE6, 0x5A, 0x25, 0xCE, 0x0A,
    0xC9, 0x44, 0xC2, 0x83, 0xB5, 0xD5, 0x3C, 0x52, 0xAC, 0x54, 0x55, 0x16, 0xFF, 0x71, 0xA9, 0xE7,
    0x2B, 0xEF, 0x9F, 0x22, 0x79, 0xDC, 0x48, 0xF0, 0xE3, 0x5C, 0x7E, 0xA3, 0x94, 0x79, 0x48, 0xDB,
    0x7D, 0x5F, 0x54, 0xE5, 0x92, 0x7E, 0xEC, 0xA6, 0xC4, 0xAB, 0x19, 0x5B, 0xF6, 0xBA, 0xE4, 0x71,
    0x59, 0xCA, 0xB3, 0x97, 0xF6, 0x32, 0x42, 0x97, 0x8D, 0x7B, 0xB6, 0x44, 0x98, 0x25, 0x86, 0x28,
    0xF6, 0x26, 0xE1, 0xE4, 0xA9, 0xFA, 0x9C, 0x13, 0x98, 0x97, 0xA8, 0xCF, 0x49, 0x96, 0xDC, 0x2A,
    0xC8, 0x50, 0x78, 0x04, 0x7A, 0xC5, 0x48, 0xBC, 0x8E, 0x79, 0x1E, 0x15, 0xC0, 0xCF, 0x7B, 0xF6,
    0x08, 0xC7, 0x36, 0x1A, 0x18, 0x9B, 0x0C, 0xB2, 0xF6, 0xDC, 0x2F, 0x9C, 0xE6, 0xC1, 0x0C, 0x51,
    0xD0, 0x81, 0xB3, 0x53, 0xF4, 0xD1, 0x03, 0x7B, 0x32, 0xE8, 0xDE, 0xFB, 0xF8, 0x56, 0xB9, 0xF1,
    0xD0, 0x9C, 0x5A, 0xAE, 0x4F, 0xA9, 0xC9, 0xEF, 0x4F, 0x53, 0x15, 0x05, 0x8A, 0xA5, 0x00, 0xC3,
    0xB6, 0x7E, 0xF2, 0x5A, 0x4B, 0x4E, 0xDA, 0x25, 0x4B, 0x5A, 0x45, 0xEC, 0xF5, 0x31, 0x0B, 0x17,
    0xED, 0x8D, 0x12, 0x22, 0x29, 0x13, 0xEB, 0x7E, 0x45, 0xF1, 0x5A, 0xC7, 0x00, 0x03, 0x7A, 0x67,
    0x56, 0x4F, 0xEE, 0xEF, 0x2A, 0x57, 0xDB, 0x04, 0x83, 0x9A, 0x2D, 0x05, 0x04, 0xEF, 0xB3, 0x35,
    0xFF, 0xD3, 0x17, 0x72, 0x44, 0x95, 0xE1, 0xC4, 0xAD, 0xBC, 0xC7, 0x70, 0xD6, 0x1B, 0x92, 0xC0,
    0x14, 0x67, 0xE0, 0xD8, 0x01, 0x83, 0xF8, 0xB0, 0xCA, 0xA1, 0x33, 0xF7, 0xB2, 0x61, 0x85, 0x7C,
    0xAD, 0x26, 0x66, 0x1E, 0x8E, 0x97, 0xAD, 0x00, 0x84, 0x40, 0xF5, 0x83, 0x8F, 0x58, 0xB3, 0xDC,
    0x33, 0x3C, 0x40, 0x2A, 0xEA, 0x1E, 0x21, 0x2A, 0x46, 0xB8, 0x79, 0x65, 0x80, 0x20, 0x47, 0x06,
    0xCB, 0x83, 0x44, 0x9B, 0x70, 0x62, 0xEF, 0x20, 0xE9, 0xD6, 0x45, 0xB3, 0xDD, 0x2B, 0xBF, 0xFE,
    0x91, 0xC5, 0x6E, 0xB6, 0x58, 0x40, 0x1F, 0x27, 0xA7, 0x94, 0x39, 0x83, 0xE2, 0xAB, 0x94, 0x05,
    0x11, 0x56, 0x79, 0xCC, 0x54, 0xA2, 0xC9, 0xD1, 0x7A, 0xBC, 0x80, 0xC6, 0xFA, 0x10, 0x70, 0x83,
    0x6A, 0x51, 0xFC, 0xC2, 0xA9, 0x14, 0xAF, 0x17, 0x4E, 0x91, 0x75, 0x27, 0x4B, 0x0F, 0xDB, 0xDB,
    0x3E, 0x2D, 0x65, 0xD6, 0x67, 0x2D, 0x65, 0x3E, 0x2C, 0xC1, 0x1F, 0x4A, 0x08, 0x70, 0x01, 0x62,
    0x5A, 0x5C, 0x00, 0x6D, 0x5A, 0xA7, 0xA1, 0xEC, 0x3F, 0xA7, 0xC4, 0xF2, 0x3C, 0x74, 0x7E, 0xC3,
    0x17, 0x1C, 0x66, 0xE5, 0x89, 0x85, 0xC4, 0x93, 0xD3, 0x3A, 0x76, 0xFF, 0x07, 0x21, 0xFF, 0xD2,
    0x6D, 0x8F, 0x62, 0x96, 0xDB, 0x26, 0x01, 0xEB, 0x13, 0x27, 0x79, 0xA3, 0x17, 0x1B, 0x6C, 0x43,
    0xDE, 0x6A, 0xCF, 0x3A, 0x78, 0xDB, 0x3F, 0xE1, 0xA5, 0xBD, 0x47, 0x53, 0x2B, 0x83, 0xDC, 0x29,
    0x84, 0xF2, 0xC0, 0x2D, 0x63, 0x76, 0xB2, 0x63, 0x80, 0x02, 0x69, 0xE7, 0xD0, 0x2D, 0xBB, 0x32,
    0x98, 0xFE, 0x6C, 0x30, 0x23, 0x6F, 0xA4, 0x55, 0x96, 0x15, 0xA4, 0xC2, 0x44, 0xFD, 0x2C, 0x2B,
    0xFE, 0x5C, 0x29, 0x2B, 0x08, 0xB8, 0x9F, 0xEB, 0x17, 0xB6, 0xD1, 0x31, 0x3D, 0xD5, 0x9D, 0x6F,
    0x49, 0xC0, 0xBE, 0x09, 0xF1, 0xB8, 0x1D, 0x7C, 0xD5, 0x8E, 0x74, 0x5E, 0xFD, 0xF4, 0x5C, 0xF3,
    0xF8, 0x34, 0x6B, 0xCF, 0x5C, 0xB3, 0x56, 0x8C, 0xAB, 0xF6, 0x74, 0xA1, 0xEF, 0xE5, 0x03, 0xED,
    0x15, 0xA9, 0x76, 0xCA, 0xC8, 0x4F, 0xAA, 0x0D, 0x77, 0xC2, 0x7B, 0x7C, 0x84, 0x83, 0x81, 0x40,
    0x0D, 0x35, 0x1F, 0x3F, 0x44, 0x1B, 0x7E, 0x91, 0x37, 0x5E, 0x9E, 0x1C, 0x7A, 0x5F, 0x93, 0x99,
    0xBA, 0xE8, 0x3A, 0xAF, 0x7E, 0x90, 0x36, 0x6E, 0x6B, 0xCF, 0x29, 0xD9, 0x22, 0x8A, 0x41, 0x7B,
    0x2E, 0xCF, 0xF4, 0x77, 0x0C, 0xB4, 0xD3, 0x44, 0x09, 0x18, 0x7B, 0x1D, 0x99, 0x25, 0xF9, 0x61,
    0xDB, 0xB8, 0x39, 0x60, 0xFD, 0x89, 0xC7, 0xA4, 0x9B, 0x14, 0x64, 0x17, 0x7C, 0xA4, 0xB3, 0x2B,
    0xC8, 0xEC, 0x89, 0xB2, 0x1F, 0x87, 0x08, 0x52, 0xC8, 0x6E, 0x1E, 0xF6, 0xEA, 0x16, 0xF8, 0x94,
    0x35, 0xD9, 0xA8, 0xE1, 0xA1, 0x40, 0x6D, 0xC3, 0xFD, 0x14, 0x0F, 0xD7, 0x61, 0x0D, 0x3F, 0x91,
    0x38, 0x18, 0xCB, 0xC8, 0xC8, 0xE2, 0x9C, 0x78, 0x3B, 0xB9, 0x7F, 0x9F, 0x07, 0xC7, 0x72, 0x02,
    0xB1, 0xC8, 0xD3, 0x60, 0x2F, 0x2B, 0x9F, 0x81, 0xD2, 0x37, 0x20, 0xD1, 0x49, 0x1F, 0x38, 0x5D,
    0xB8, 0xD9, 0xD5, 0x97, 0x91, 0x88, 0xF5, 0x10, 0x21, 0x72, 0xCC, 0x18, 0xD2, 0x17, 0x49, 0xA1,
    0xFC, 0xEF, 0x24, 0xD0, 0x9C, 0xBA, 0x4D, 0x85, 0xA9, 0x9B, 0xEC, 0xCF, 0xA0, 0xCA, 0xF1, 0x09,
    0xD1, 0xEC, 0xC6, 0xB8, 0x46, 0x5F, 0xB2, 0x17, 0x8A, 0x8A, 0x25, 0x84, 0x8E, 0x63, 0xDE, 0xA2,
    0x8F, 0xA6, 0x36, 0x8E, 0x3B, 0xE0, 0xD7, 0x64, 0x55, 0x24, 0xFF, 0xAA, 0xF0, 0x6E, 0x02, 0x1E,
    0x1B, 0xB6, 0xE5, 0xFE, 0xBB, 0x9F, 0x04, 0xE7, 0xC7, 0x11, 0x6A, 0x10, 0xAF, 0x30, 0xAA, 0x48,
    0x43, 0x19, 0x2E, 0x7A, 0x85, 0xFF, 0x13, 0xDB, 0x7F, 0x63, 0xA2, 0xC7, 0x86, 0x8C, 0xAC, 0x14,
    0x61, 0xB2, 0x14, 0x1E, 0x1C, 0x2E, 0xCA, 0xE8, 0xEC, 0xC4, 0xB6, 0x15, 0x01, 0xAA, 0xB9, 0x74,
    0xE1, 0xBA, 0xFD, 0xFC, 0x4D, 0x5C, 0xE9, 0x66, 0x9F, 0x33, 0x9C, 0xE9, 0x7D, 0x1F, 0x87, 0x36,
    0x72, 0x7C, 0x5B, 0x78, 0xDD, 0xCA, 0x4B, 0x9C, 0xE9, 0x85, 0x9F, 0x1D, 0x1A, 0x6F, 0xBF, 0x40,
    0x32, 0xC7, 0x5D, 0x71, 0x40, 0x9C, 0xEC, 0x85, 0x2B, 0x60, 0x52, 0x7B, 0x99, 0x52, 0xA3, 0x26,
    0x74, 0x9A, 0x4D, 0x71, 0x27, 0x4E, 0x39, 0x3E, 0x6D, 0xAF, 0x37, 0xB8, 0xA5, 0x73, 0x43, 0x3D,
    0xBE, 0x67, 0xD2, 0xD4, 0x3F, 0x9F, 0xE1, 0xD5, 0xE1, 0x85, 0x6B, 0x5E, 0x3E, 0x02, 0x8D, 0x3A,
    0xE8, 0x3E, 0x95, 0xD9, 0x5E, 0x77, 0x55, 0x2F, 0x67, 0x47, 0x9B, 0x8E, 0x06, 0x01, 0x64, 0xBD,
    0xE7, 0x59, 0x92, 0xCE, 0xF8, 0x58, 0xCD, 0xFA, 0x5B, 0xFE, 0x4D, 0x93, 0xFA, 0x67, 0xCB, 0x48,
    0xDD, 0xC9, 0x95, 0x05, 0xDE, 0xC2, 0xB6, 0xB1, 0x86, 0xF6, 0x76, 0xEF, 0x82, 0x7A, 0xE6, 0xC6,
    0xED, 0xFF, 0x67, 0x96, 0xB7, 0x8B, 0x7B, 0x65, 0xBD, 0x5B, 0x8E, 0xD7, 0xCF, 0xF2, 0xBC, 0x8E,
    0x21, 0xD5, 0xC6, 0x33, 0x4A, 0x7E, 0xC5, 0x7B, 0x98, 0x72, 0xED, 0xA4, 0xA0, 0x78, 0xBF, 0x7A,
    0x42, 0x6C, 0x83, 0xCE, 0xDB, 0xAC, 0xE9, 0xE9, 0xB6, 0xB9, 0xCA, 0x5A, 0x89, 0x05, 0x9D, 0x39,
    0x2A, 0x66, 0xC9, 0x35, 0xBF, 0x05, 0x9B, 0x3C, 0xE2, 0x15, 0xD8, 0x31, 0x72, 0x7A, 0x79, 0x44,
    0x16, 0x65, 0xCD, 0x29, 0x1C, 0xD6, 0x68, 0x4C, 0xE9, 0x3D, 0xC0, 0xD1, 0xDF, 0x94, 0xB6, 0x8B,
    0x6A, 0xFD, 0xB4, 0xAB, 0x32, 0x07, 0x39, 0x41, 0xE7, 0xB5, 0x6C, 0xB8, 0xD5, 0xF1, 0xDC, 0x19,
    0x3D, 0x98, 0x6D, 0x3F, 0xE1, 0x5D, 0xDC, 0xD2, 0x2D, 0x3D, 0x8C, 0x9D, 0xE3, 0x09, 0x4E, 0xBC,
    0x33, 0x85, 0x73, 0xC7, 0xB4, 0x39, 0x93, 0x27, 0x48, 0x21, 0xE8, 0xDA, 0x00, 0x31, 0x57, 0x04,
    0x59, 0x57, 0x7A, 0xE0, 0x28, 0x81, 0xED, 0x5C, 0x8F, 0xB6, 0x9F, 0x35, 0xE6, 0x1B, 0xBF, 0x4B,
    0xDA, 0x6B, 0x5E, 0xA1, 0x00, 0xB2, 0x07, 0xA7, 0x43, 0xFE, 0x26, 0xC7, 0xD3, 0xBF, 0xB1, 0xF1,
    0x85, 0x48, 0x18, 0x69, 0x41, 0x0D, 0xD4, 0xE2, 0xE2, 0x7E, 0x25, 0x54, 0x40, 0x12, 0x7D, 0x05,
    0xC4, 0xEC, 0x4C, 0xFE, 0x94, 0x70, 0xAF, 0x79, 0x0F, 0x93, 0xDB, 0x45, 0xAC, 0xB5, 0x9B, 0xDE,
    0xC7, 0xED, 0x8F, 0xA7, 0x4E, 0xBE, 0xF2, 0x27, 0x27, 0x5F, 0x5C, 0x6F, 0xD4, 0xF0, 0xE4, 0x4B,
    0xA6, 0x27, 0x5F, 0xB3, 0xF5, 0xD4, 0xD3, 0xEB, 0x3D, 0xBD, 0x46, 0xAF, 0xD9, 0x8E, 0x77, 0xD6,
    0x70, 0x67, 0x6B, 0x3C, 0x77, 0xAF, 0xAF, 0xB1, 0xF6, 0xE7, 0xEF, 0x75, 0x6F, 0x39, 0x08, 0x88,
    0x31, 0x59, 0xC0, 0x89, 0xDD, 0x52, 0xFC, 0x3A, 0x6F, 0xAA, 0xFB, 0x85, 0xCA, 0x54, 0x31, 0x6F,
    0x7F, 0xFF, 0x87, 0x0C, 0xB1, 0x6B, 0x91, 0x71, 0x64, 0x9B, 0xB9, 0xED, 0xE9, 0xA6, 0x57, 0x66,
    0x12, 0x00, 0x33, 0xAB, 0x05, 0xBC, 0xB3, 0x35, 0x57, 0xD9, 0xBE, 0x13, 0x17, 0xAF, 0xA7, 0xC7,
    0xF4, 0xFB, 0xB9, 0x66, 0x20, 0xAA, 0x31, 0xBF, 0x8A, 0x7F, 0x5E, 0x63, 0x82, 0x6D, 0xC5, 0x63,
    0x8C, 0x1E, 0x12, 0xB7, 0x5B, 0xD9, 0xD3, 0x76, 0xF0, 0xE9, 0x31, 0x60, 0xCA, 0x2F, 0x20, 0x42,
    0x17, 0x3F, 0x78, 0x9F, 0x25, 0xD3, 0xA3, 0xBB, 0xF1, 0xAC, 0x73, 0x0A, 0x15, 0x9C, 0x02, 0x18,
    0x2A, 0xB2, 0x84, 0x9E, 0x45, 0xB4, 0xF6, 0x00, 0xEE, 0x4D, 0x1D, 0xDD, 0xB6, 0x2C, 0x22, 0xE5,
    0xAF, 0xC7, 0x3C, 0x4B, 0x27, 0xDE, 0xD8, 0x5D, 0xD7, 0xA7, 0x6D, 0xF2, 0xFA, 0xD7, 0x79, 0x62,
    0xDE, 0x62, 0xBC, 0x6F, 0x5A, 0xA0, 0x67, 0x23, 0xF4, 0x8B, 0x51, 0xB4, 0x0C, 0x3A, 0xE2, 0xD6,
    0x37, 0x90, 0x7B, 0xC0, 0x71, 0xFD, 0x6C, 0xB7, 0xC6, 0xBF, 0x54, 0x13, 0x24, 0xD8, 0x6E, 0x04,
    0xA5, 0xE1, 0x06, 0x3A, 0x20, 0x38, 0x01, 0x86, 0xEB, 0x0B, 0xED, 0x0E, 0xFC, 0xA2, 0xED, 0x8F,
    0x81, 0x58, 0xD9, 0x2D, 0xC0, 0x5B, 0x2E, 0x5C, 0x6F, 0x4F, 0x4F, 0xEC, 0x1E, 0x96, 0x0E, 0xC3,
    0xD9, 0x41, 0x70, 0x2E, 0xED, 0x26, 0x94, 0x7E, 0x73, 0xBE, 0x59, 0x29, 0x79, 0x9D, 0xD3, 0x1E,
    0x31, 0xBA, 0x06, 0xD9, 0x2D, 0xD3, 0x19, 0xEF, 0x1F, 0x8E, 0x95, 0x41, 0x12, 0xC8, 0xDD, 0x47,
    0xBF, 0x7A, 0x26, 0x38, 0x3B, 0x62, 0x34, 0x11, 0x73, 0x94, 0xD5, 0xF1, 0x7E, 0x6E, 0x0B, 0xBD,
    0xD6, 0xEF, 0x66, 0xB0, 0x3C, 0x9A, 0x3E, 0x63, 0xA9, 0xFA, 0x5A, 0x5B, 0x47, 0xBC, 0xF0, 0xE2,
    0xE1, 0x41, 0xDB, 0xB3, 0x32, 0xB3, 0x7B, 0x42, 0xD3, 0x8C, 0x9A, 0xDA, 0x5B, 0xAF, 0x26, 0xDA,
    0x83, 0x36, 0x04, 0x0D, 0xFC, 0x3D, 0x69, 0x2F, 0x2A, 0xC6, 0xB6, 0x82, 0xE1, 0x09, 0x8F, 0xBD,
    0xB6, 0x58, 0xD8, 0x7A, 0x26, 0xE1, 0xD9, 0x30, 0xEF, 0x9C, 0x5C, 0xB4, 0xB7, 0x5B, 0x37, 0x78,
    0x49, 0x55, 0xEA, 0xD8, 0x36, 0xFE, 0xB0, 0x7A, 0x06, 0x1A, 0xC3, 0x9B, 0xD4, 0x78, 0xB4, 0xF2,
    0x4A, 0xDE, 0x6E, 0xBD, 0xE8, 0x95, 0xFC, 0x95, 0x16, 0xF6, 0xEF, 0x89, 0x59, 0xBC, 0xDB, 0xEA,
    0x9D, 0xB1, 0x56, 0x78, 0xD9, 0x1B, 0x49, 0xBB, 0x34, 0x48, 0xED, 0x9D, 0xFE, 0xBC, 0x13, 0x56,
    0x56, 0xF4, 0xBB, 0x35, 0xE8, 0xCF, 0x4E, 0x59, 0x8F, 0x89, 0xED, 0xA8, 0xBC, 0x8D, 0xFA, 0x64,
    0xAB, 0x98, 0x9E, 0x99, 0xF4, 0x77, 0x34, 0xD8, 0x6B, 0x8C, 0xBF, 0x4B, 0x83, 0x47, 0xD4, 0xDD,
    0x4A, 0xD5, 0xB9, 0xB8, 0x1C, 0x93, 0xE5, 0xEA, 0x5F, 0x6D, 0xD6, 0x7F, 0xE9, 0x16, 0x2A, 0x7D,
    0xF3, 0xCA, 0x93, 0x16, 0x6A, 0x32, 0x6D, 0xA1, 0xDA, 0xFE, 0xB6, 0x35, 0xBB, 0xED, 0x3F, 0xD0,
    0x6D, 0x2D, 0x1F, 0x6F, 0xA6, 0x6E, 0x3F, 0x07, 0xB7, 0xFC, 0x30, 0x69, 0x80, 0xB7, 0x9B, 0xDE,
    0xAE, 0x3E, 0x2A, 0xC4, 0xF9, 0x14, 0x15, 0x9A, 0x71, 0xDF, 0x63, 0xB5, 0x1F, 0xB1, 0x00, 0xB5,
    0xBF, 0x8E, 0xC9, 0x3A, 0x60, 0xC1, 0xFA, 0x0A, 0x83, 0xEC, 0x85, 0x42, 0x06, 0xF6, 0x12, 0xB4,
    0x45, 0x91, 0xE1, 0xAC, 0xCF, 0x7B, 0x76, 0xEF, 0xFB, 0xE9, 0xEC, 0xE7, 0xDE, 0x6C, 0x24, 0x5A,
    0x6E, 0xFB, 0xB9, 0xB9, 0x65, 0x70, 0xF8, 0x8F, 0xAD, 0xBD, 0x6F, 0xCD, 0xFA, 0xB9, 0x2B, 0xA5,
    0x2A, 0xFF, 0x0F, 0xB5, 0x59, 0x3D, 0x6C, 0x1C, 0xC7, 0x15, 0x7E, 0xB3, 0x43, 0x71, 0x63, 0xAE,
    0xCD, 0x25, 0x62, 0x15, 0x0E, 0x28, 0x72, 0x53, 0xA8, 0x10, 0x10, 0xF2, 0x96, 0x01, 0x08, 0x84,
    0x40, 0xEE, 0x67, 0x15, 0x15, 0x2A, 0x54, 0xC4, 0x5D, 0x9A, 0x00, 0x49, 0x91, 0x32, 0x80, 0x58,
    0x10, 0x08, 0x8B, 0x63, 0x38, 0x50, 0x0A, 0x03, 0xAE, 0xE8, 0x2A, 0xAD, 0xCA, 0x14, 0x01, 0x74,
    0xC5, 0x01, 0xB9, 0xE2, 0xA4, 0x1B, 0x5B, 0x45, 0x2A, 0xC3, 0x2B, 0xA5, 0x30, 0x10, 0xD9, 0xC0,
    0xC8, 0x70, 0x8A, 0x40, 0x88, 0x33, 0x88, 0x36, 0xCE, 0x3A, 0x22, 0x6F, 0xF3, 0xBD, 0x99, 0x3D,
    0xDE, 0x51, 0xB1, 0x01, 0x99, 0x3F, 0x82, 0x96, 0xBC, 0xBD, 0xDD, 0x79, 0xF3, 0xCD, 0xF7, 0x7E,
    0xE6, 0x7B, 0x43, 0xA2, 0x50, 0x13, 0x49, 0x4B, 0x14, 0x1C, 0x11, 0xD1, 0x3F, 0x33, 0xA2, 0xE7,
    0x86, 0x68, 0x67, 0x48, 0xD4, 0x4C, 0x88, 0xD6, 0xF1, 0x74, 0x91, 0x0A, 0x8A, 0xAA, 0x31, 0x85,
    0x2A, 0x56, 0x52, 0x07, 0x36, 0xC8, 0xA9, 0x4B, 0x96, 0x62, 0xEA, 0x93, 0x7C, 0x54, 0xE9, 0xA8,
    0xA2, 0xE3, 0x7F, 0xD7, 0x70, 0x25, 0x30, 0x21, 0x61, 0x93, 0xD2, 0x2F, 0x68, 0x2F, 0xCD, 0xBA,
    0x52, 0x37, 0x85, 0x4D, 0x69, 0x37, 0xCE, 0xD6, 0x65, 0x1E, 0x67, 0x16, 0xF7, 0x64, 0xE3, 0x6C,
    0x18, 0xD8, 0x11, 0xA5, 0x7F, 0x29, 0xEB, 0x91, 0x0B, 0xE4, 0x80, 0x58, 0xFE, 0x2C, 0xF0, 0x53,
    0x7C, 0x8A, 0x0F, 0x6F, 0xB2, 0x29, 0x5C, 0x81, 0xC2, 0x4D, 0x56, 0xBF, 0x09, 0x54, 0x14, 0xE3,
    0xD5, 0xA8, 0xC0, 0xC3, 0xFB, 0xB8, 0x3E, 0x52, 0x24, 0x1E, 0x63, 0x88, 0xED, 0x12, 0xF5, 0xF1,
    0x74, 0x4B, 0xE6, 0x94, 0x56, 0x25, 0xAD, 0x52, 0x1B, 0x20, 0x23, 0x1D, 0x65, 0x02, 0x93, 0x52,
    0x13, 0xB8, 0xE3, 0x9B, 0x15, 0xA5, 0x87, 0x84, 0x05, 0xD1, 0x33, 0xA2, 0xEF, 0x6A, 0x0A, 0x60,
    0x08, 0xFF, 0x97, 0x9C, 0xE5, 0xD1, 0x40, 0x14, 0xF7, 0x85, 0x8D, 0xC9, 0x86, 0x7A, 0x28, 0x4C,
    0x8B, 0xFA, 0x71, 0xD6, 0x92, 0x1A, 0xF7, 0x52, 0xB7, 0x02, 0x1B, 0x7D, 0x70, 0x48, 0xA3, 0x9F,
    0x1A, 0x9E, 0xBE, 0x86, 0xE0, 0x2E, 0xE0, 0x12, 0x3C, 0xFA, 0x90, 0x2D, 0x00, 0x68, 0x1F, 0x50,
    0x7A, 0x8B, 0x53, 0x4E, 0xCE, 0x05, 0x70, 0x94, 0x51, 0x68, 0xD8, 0x4D, 0xD2, 0x50, 0x60, 0x1C,
    0x19, 0x69, 0x46, 0x0D, 0x4B, 0x5B, 0xF1, 0x64, 0x9A, 0x57, 0x45, 0xBF, 0x8E, 0x77, 0xA3, 0x1C,
    0x3F, 0xE0, 0x62, 0xC7, 0x39, 0x5D, 0xAE, 0x6F, 0x46, 0xD9, 0xC5, 0xA0, 0xBF, 0x84, 0x51, 0xB9,
    0x23, 0x28, 0x82, 0xA1, 0xA6, 0x37, 0x9B, 0x51, 0x62, 0x69, 0x75, 0x95, 0x56, 0x84, 0xFE, 0x56,
    0xDC, 0xF7, 0x71, 0xBD, 0x20, 0xE7, 0x3C, 0xE7, 0x3D, 0x76, 0x9F, 0xF3, 0x5F, 0x83, 0xAD, 0x62,
    0x9A, 0x04, 0xB8, 0x56, 0xC1, 0xD7, 0x25, 0x7A, 0xDB, 0xAF, 0xE0, 0x3C, 0x02, 0x7C, 0x40, 0xF4,
    0x9B, 0x8C, 0xE6, 0x72, 0x12, 0x98, 0xE1, 0xC0, 0x4D, 0x78, 0xDA, 0x15, 0x44, 0xEF, 0x69, 0x0A,
    0x23, 0x3B, 0x43, 0x31, 0x83, 0x73, 0xE4, 0x37, 0xC0, 0x4D, 0x78, 0x1D, 0xEF, 0xBC, 0x7D, 0x89,
    0xA6, 0xD8, 0x5D, 0x64, 0xA5, 0xB9, 0xA7, 0xDF, 0x81, 0x5F, 0x49, 0x71, 0xF3, 0xBE, 0xF5, 0xFC,
    0x33, 0xFA, 0xA0, 0xAA, 0x14, 0xED, 0x52, 0xE9, 0x1C, 0xE0, 0xE0, 0x37, 0x91, 0x83, 0x20, 0xA1,
    0x15, 0x3A, 0x0F, 0x44, 0xE6, 0x40, 0xBE, 0x53, 0x4C, 0xE6, 0x13, 0xF8, 0xB4, 0xAF, 0x19, 0x7A,
    0x98, 0x6D, 0xF3, 0x17, 0xC1, 0xD8, 0x00, 0x3B, 0x75, 0x19, 0x6D, 0x37, 0xB0, 0xA1, 0x02, 0x78,
    0xCE, 0xD5, 0x26, 0x63, 0x8F, 0x09, 0xE8, 0x39, 0x59, 0xA3, 0x62, 0xCC, 0x83, 0xB1, 0x7A, 0x01,
    0x44, 0xE2, 0x85, 0x26, 0x61, 0xFA, 0x33, 0x58, 0xC1, 0x3B, 0x75, 0x6A, 0xA8, 0x8B, 0x98, 0x22,
    0x6E, 0x03, 0xFF, 0x2D, 0xED, 0x90, 0x06, 0x39, 0x9E, 0x1A, 0xE4, 0xCA, 0xA8, 0x32, 0x0E, 0x68,
    0x93, 0x52, 0x44, 0x62, 0x08, 0xEB, 0x64, 0x19, 0x67, 0x02, 0x76, 0xA6, 0x9C, 0x70, 0xC2, 0x33,
    0x4A, 0x17, 0x2C, 0xF8, 0x20, 0x2A, 0x12, 0x4F, 0x8D, 0xC8, 0xAF, 0xF0, 0xC3, 0xE8, 0x85, 0x4A,
    0x6E, 0xE5, 0x09, 0x8A, 0x08, 0x75, 0x23, 0xBD, 0x2A, 0xF3, 0x28, 0x2B, 0x64, 0xCE, 0x45, 0x85,
    0x9A, 0x32, 0x4F, 0x69, 0x98, 0x6A, 0x0F, 0xB5, 0xB6, 0xC4, 0xE5, 0xC4, 0x07, 0xDD, 0x6C, 0xDE,
    0x46, 0x98, 0x22, 0xC0, 0xFD, 0x77, 0x90, 0x4B, 0x92, 0x69, 0xB0, 0x3B, 0x78, 0x50, 0x9C, 0x73,
    0xDE, 0xA2, 0x32, 0x20, 0x63, 0x65, 0xE1, 0xF2, 0x36, 0xF7, 0x80, 0xB6, 0xA8, 0xBF, 0x46, 0x51,
    0x79, 0x2E, 0x79, 0x7B, 0xA1, 0xE8, 0xBF, 0x26, 0x6F, 0x4F, 0x8D, 0xFE, 0x44, 0xDE, 0x8A, 0x49,
    0xDE, 0x7E, 0xBF, 0xB6, 0xA2, 0x5F, 0x07, 0x9E, 0x15, 0x2C, 0xEB, 0x68, 0x66, 0x05, 0xE7, 0x91,
    0xB7, 0x43, 0x9F, 0xB7, 0xDA, 0x4D, 0xE9, 0xF9, 0xCF, 0xAE, 0x52, 0xEF, 0x34, 0x2B, 0xF8, 0xFF,
    0xBC, 0x5D, 0x62, 0xEF, 0x32, 0xF9, 0x4D, 0x40, 0xA7, 0x2A, 0x7B, 0x09, 0xFB, 0xB9, 0xE7, 0xED,
    0xB5, 0x20, 0x0B, 0x74, 0x6F, 0x06, 0xFA, 0xB7, 0xC9, 0xDB, 0x0D, 0x89, 0x29, 0xC3, 0x0C, 0xA9,
    0x34, 0x83, 0x93, 0x53, 0xC3, 0x6F, 0x5C, 0xF8, 0xF2, 0xC7, 0x80, 0xDA, 0x2C, 0x3D, 0xCA, 0x18,
    0x0B, 0x88, 0xAE, 0x63, 0xBB, 0x81, 0x49, 0x06, 0x29, 0x0C, 0x02, 0xD8, 0x82, 0xCE, 0x3E, 0x02,
    0x8B, 0x31, 0x22, 0x1A, 0x8B, 0x7D, 0x1B, 0x54, 0xFA, 0xD8, 0xD6, 0x02, 0x2F, 0x9B, 0x29, 0x66,
    0x9B, 0x97, 0x45, 0xB6, 0x40, 0xB9, 0xC8, 0x0D, 0xA5, 0xE6, 0x0C, 0x39, 0x8B, 0xA9, 0x0F, 0xA9,
    0xC4, 0xE4, 0x79, 0x98, 0x25, 0x34, 0xC7, 0x25, 0x26, 0xB0, 0x57, 0x28, 0x56, 0x3D, 0xEA, 0x00,
    0x54, 0xB1, 0x02, 0xA2, 0x37, 0x50, 0x49, 0x32, 0x50, 0xC8, 0xB1, 0x9A, 0x83, 0x47, 0x80, 0x6C,
    0x26, 0x55, 0x65, 0x8E, 0xAB, 0x2B, 0x12, 0x1D, 0x2B, 0xA2, 0x2D, 0xF6, 0x86, 0x5A, 0x6D, 0x84,
    0xCA, 0xDA, 0x46, 0x23, 0x7A, 0xF8, 0xCC, 0xB4, 0x0F, 0x38, 0xDE, 0x31, 0xEE, 0xB5, 0xE4, 0xA6,
    0xDE, 0x3F, 0x98, 0xCC, 0xDD, 0xF2, 0xFB, 0x0A, 0xF6, 0x93, 0x00, 0x22, 0x44, 0x6C, 0xFB, 0xA5,
    0x6D, 0x1C, 0x2F, 0x74, 0x54, 0x55, 0x48, 0x99, 0x5D, 0x2A, 0x44, 0x1E, 0x6A, 0xE1, 0x12, 0x6D,
    0x18, 0x22, 0xC1, 0xD7, 0x28, 0xC6, 0xAC, 0x7B, 0x21, 0xF2, 0xE8, 0x75, 0xB8, 0x73, 0x09, 0x2F,
    0xB1, 0xD2, 0xD8, 0x44, 0x68, 0xEA, 0x14, 0x8C, 0x56, 0x48, 0x36, 0x0E, 0x8C, 0x2F, 0x68, 0xCE,
    0x40, 0x29, 0xCD, 0x93, 0xDB, 0xA0, 0x82, 0x52, 0x7C, 0x66, 0x76, 0xE3, 0x38, 0xF8, 0xCC, 0x0C,
    0xDB, 0x0F, 0xE4, 0xDF, 0x1D, 0xBB, 0xC0, 0xF0, 0x5E, 0xD1, 0x0D, 0xBF, 0xC2, 0xE3, 0x62, 0x93,
    0x36, 0x47, 0xB3, 0xA1, 0x15, 0x55, 0x95, 0x95, 0x06, 0x31, 0x9F, 0xAD, 0x80, 0x8F, 0x25, 0x66,
    0x2A, 0xD2, 0xDB, 0xD4, 0x06, 0x68, 0xCE, 0x85, 0x7C, 0x07, 0x88, 0x34, 0x0D, 0x05, 0x97, 0x1C,
    0xA8, 0x13, 0x89, 0x68, 0x58, 0x0B, 0x2C, 0xD9, 0x7D, 0x76, 0xE3, 0x68, 0x36, 0xC1, 0x52, 0xC4,
    0xDE, 0x00, 0xC2, 0x8C, 0x9A, 0x91, 0x6A, 0x44, 0x3A, 0xBE, 0xA7, 0x30, 0x3D, 0x79, 0xE6, 0xE3,
    0xEC, 0xAA, 0x28, 0xBA, 0x94, 0x7C, 0x5E, 0x47, 0x49, 0x02, 0x4A, 0x4A, 0xAF, 0x76, 0x78, 0xB3,
    0x2D, 0x7D, 0xB5, 0xF9, 0x37, 0xB2, 0x4D, 0xE4, 0xE7, 0x42, 0x0C, 0xAD, 0x11, 0xDD, 0x27, 0x51,
    0x32, 0x6C, 0xCC, 0x32, 0xE7, 0x8A, 0x4E, 0xDB, 0x0A, 0xD3, 0x3C, 0x46, 0x0B, 0xA2, 0xE0, 0xBC,
    0x38, 0x30, 0x00, 0xDB, 0x7E, 0x40, 0xED, 0x03, 0x06, 0x8A, 0xFF, 0x2D, 0x3A, 0x80, 0x03, 0x1D,
    0x5B, 0x7A, 0x5A, 0xE0, 0x43, 0xE5, 0x85, 0xD9, 0xF9, 0x43, 0x5D, 0x72, 0x7B, 0x5D, 0xC7, 0xED,
    0x21, 0xC2, 0x87, 0xB7, 0xA6, 0xD4, 0x52, 0xBF, 0x2F, 0xD4, 0xB5, 0x57, 0x85, 0xEA, 0x74, 0x32,
    0x44, 0xA8, 0xD8, 0xF2, 0x21, 0x7A, 0xC5, 0xCB, 0x18, 0x76, 0x5A, 0x07, 0x7B, 0xE6, 0xC7, 0x88,
    0xCC, 0x68, 0xE2, 0xF6, 0x33, 0xA5, 0x01, 0xE4, 0x62, 0xB4, 0xCD, 0x61, 0x8C, 0x12, 0x28, 0x1D,
    0x25, 0xA7, 0x40, 0x2B, 0xCA, 0xB7, 0x28, 0x4A, 0xEA, 0x9C, 0x82, 0x6F, 0x68, 0xDF, 0x57, 0x3C,
    0xF9, 0x50, 0xCF, 0xD2, 0xEA, 0x80, 0x32, 0xAF, 0x2D, 0xDA, 0xE1, 0xE0, 0x74, 0x9A, 0x00, 0xC4,
    0x52, 0x19, 0x11, 0x47, 0x27, 0x43, 0x65, 0x66, 0x03, 0x3B, 0xE7, 0x56, 0xCA, 0x58, 0x99, 0xDA,
    0x48, 0x4B, 0xCD, 0xF1, 0x49, 0xE9, 0x8D, 0x6C, 0x1A, 0xED, 0xC0, 0x19, 0xA1, 0x06, 0xDE, 0xCA,
    0xE6, 0xE9, 0xAE, 0xBB, 0x37, 0xB4, 0xDA, 0xA0, 0x55, 0x94, 0xB6, 0xC0, 0x44, 0x77, 0xAC, 0x7C,
    0x66, 0xE8, 0xBF, 0x99, 0x0B, 0x56, 0xB6, 0xF4, 0x1A, 0xED, 0x25, 0xE4, 0x98, 0xA5, 0xEF, 0x79,
    0x89, 0x92, 0x0C, 0xE0, 0x1E, 0x3B, 0x11, 0x82, 0x69, 0x55, 0xE9, 0x58, 0xAD, 0x32, 0x34, 0x04,
    0x74, 0xC6, 0x15, 0x3A, 0x05, 0x25, 0x40, 0x26, 0xE1, 0xD4, 0xE4, 0x3A, 0xAA, 0xAF, 0x74, 0xC0,
    0x62, 0xC5, 0x2B, 0x7F, 0x03, 0x89, 0xD0, 0x03, 0xAE, 0xF7, 0xAB, 0x6A, 0x7C, 0x9C, 0x31, 0x5B,
    0x4C, 0xBC, 0xF7, 0xD7, 0xA9, 0x7C, 0x5E, 0x57, 0x18, 0x2C, 0x3B, 0x70, 0x12, 0x04, 0x5D, 0x0E,
    0xF6, 0xA6, 0x6D, 0x4C, 0xE6, 0x43, 0x7C, 0x0C, 0xF2, 0x24, 0x6F, 0x03, 0x40, 0x37, 0x60, 0x20,
    0x05, 0x42, 0x13, 0x68, 0x53, 0x66, 0xAB, 0xC5, 0x85, 0x61, 0x48, 0xFB, 0x58, 0xD9, 0x20, 0xF8,
    0x44, 0xFC, 0x1C, 0xE3, 0x34, 0x01, 0xC9, 0xB2, 0xFE, 0x81, 0x0E, 0x55, 0x84, 0x82, 0x10, 0xE3,
    0xED, 0x04, 0x85, 0xAB, 0x45, 0x9D, 0x5F, 0x26, 0x07, 0x41, 0x65, 0xDC, 0x28, 0xD8, 0xEA, 0x72,
    0xA8, 0x62, 0x97, 0x41, 0x58, 0xE3, 0x05, 0x2C, 0xC1, 0x4D, 0xD3, 0xC4, 0x1A, 0xC2, 0xBA, 0x82,
    0x2F, 0xF0, 0x34, 0xE0, 0x51, 0x18, 0x94, 0x67, 0xB6, 0x79, 0x8F, 0x76, 0x03, 0x08, 0x36, 0xF4,
    0x6E, 0xA1, 0x6E, 0x50, 0x21, 0xBF, 0x0C, 0xB9, 0x14, 0xC8, 0x0C, 0x9D, 0x1C, 0x90, 0x83, 0x92,
    0xFB, 0x61, 0x2E, 0xB1, 0xFD, 0x80, 0x86, 0x21, 0xD2, 0x67, 0x0F, 0xE9, 0xD0, 0xDA, 0x23, 0x6A,
    0x63, 0xC7, 0xDD, 0x3B, 0xF4, 0xD7, 0x10, 0x57, 0x39, 0xC4, 0x74, 0x40, 0x8E, 0x1A, 0x1F, 0xAB,
    0x28, 0xDF, 0x23, 0x31, 0xCA, 0xA7, 0x15, 0x68, 0xB3, 0x96, 0x33, 0x30, 0x49, 0xB7, 0xF3, 0xE0,
    0x69, 0x11, 0xA9, 0x2E, 0xF6, 0x2D, 0xAC, 0xA0, 0x45, 0xAD, 0x26, 0x75, 0x9B, 0x34, 0x6C, 0x51,
    0xD1, 0x16, 0x26, 0xB9, 0xA9, 0x8E, 0xB5, 0x01, 0xA8, 0xAB, 0x09, 0x74, 0x9A, 0xFF, 0x4F, 0xB8,
    0x6E, 0x92, 0x4F, 0xA0, 0x8D, 0xA9, 0xA6, 0x38, 0x2B, 0xC4, 0x69, 0xDA, 0xE4, 0x9C, 0x36, 0x81,
    0x33, 0xFA, 0x4A, 0x18, 0xB9, 0x3F, 0x43, 0xB3, 0x46, 0x89, 0xF2, 0xA2, 0x89, 0xA3, 0x8F, 0xCB,
    0x08, 0xE4, 0x88, 0xFC, 0xB3, 0xA2, 0xC5, 0x60, 0x4A, 0xC0, 0x99, 0x79, 0x5C, 0x75, 0x75, 0xE8,
    0x88, 0x5D, 0x8A, 0x7A, 0x27, 0xDC, 0xC4, 0x8D, 0x3E, 0xD9, 0xF5, 0x7A, 0x82, 0x57, 0x01, 0x2C,
    0x32, 0x5F, 0x76, 0x82, 0xA2, 0x16, 0xF1, 0xC8, 0x55, 0x7A, 0x8B, 0x8B, 0x24, 0xBE, 0x83, 0xEE,
    0x8A, 0x6E, 0x68, 0xE8, 0x4C, 0x75, 0x6E, 0xA0, 0x2F, 0x3B, 0x3A, 0xD0, 0xBE, 0xB2, 0x5A, 0xE8,
    0xB9, 0x2D, 0xDA, 0x70, 0x89, 0x6E, 0x76, 0xE9, 0xEE, 0xCA, 0x2B, 0xB3, 0xCC, 0x25, 0xFB, 0x47,
    0xCA, 0x9F, 0x11, 0x2C, 0xD6, 0x80, 0xB9, 0x91, 0x5D, 0xF7, 0x4C, 0xBF, 0x0C, 0xFC, 0xAC, 0xA0,
    0xD1, 0x84, 0xC8, 0x81, 0x2B, 0xD6, 0x86, 0x84, 0x3A, 0x25, 0x68, 0x51, 0x5E, 0xA3, 0x85, 0xC4,
    0x4C, 0xE3, 0xFF, 0xB7, 0x75, 0x58, 0x3C, 0x51, 0x14, 0x23, 0xB9, 0xE7, 0xEA, 0x43, 0x8E, 0xB3,
    0x82, 0x4D, 0xEE, 0xA8, 0x99, 0x69, 0xD8, 0xB7, 0x28, 0xD5, 0x40, 0xBA, 0xE0, 0x2B, 0xF5, 0x3C,
    0xE2, 0xE5, 0x69, 0x41, 0x83, 0xD0, 0x69, 0x44, 0xEC, 0x2A, 0x40, 0x2B, 0x75, 0xA8, 0x01, 0x97,
    0xD5, 0x23, 0xF0, 0x8A, 0x62, 0xB7, 0xD6, 0xE2, 0xDF, 0x10, 0x07, 0x17, 0x51, 0x00, 0x4E, 0x13,
    0x05, 0x2F, 0xD5, 0x03, 0x0E, 0x65, 0xD7, 0x83, 0x06, 0xA5, 0xDB, 0x61, 0xF1, 0xD3, 0xC2, 0xA6,
    0xA0, 0x0E, 0xB3, 0x11, 0x65, 0x41, 0xA5, 0x9A, 0x8C, 0xDB, 0xC4, 0x2A, 0xFC, 0x2B, 0x26, 0x8E,
    0x0C, 0x8A, 0x63, 0x92, 0x61, 0x44, 0x9B, 0xDB, 0x4D, 0x5E, 0x4B, 0x98, 0x77, 0x38, 0xB8, 0x18,
    0x3D, 0x1F, 0xB7, 0xE4, 0x5C, 0xE6, 0x59, 0x90, 0x14, 0xFE, 0x57, 0x7A, 0x1D, 0xEF, 0x2D, 0x1F,
    0x4D, 0x1A, 0xDE, 0x10, 0xBB, 0xC1, 0x1E, 0xD7, 0xF4, 0x3E, 0x7F, 0x16, 0x0F, 0x7E, 0xA1, 0x1B,
    0xC9, 0xAD, 0xC0, 0x24, 0x9B, 0x31, 0x75, 0xD4, 0x80, 0x4A, 0x99, 0x83, 0x51, 0x27, 0x99, 0x87,
    0xA8, 0xA1, 0xE0, 0x0B, 0x3D, 0xF7, 0x23, 0xEB, 0xB9, 0x75, 0x7D, 0x33, 0x17, 0x06, 0xBA, 0xEF,
    0xAD, 0x01, 0x6D, 0x93, 0xA5, 0xCA, 0xD2, 0x45, 0xA0, 0x1D, 0x70, 0xF8, 0xF9, 0xDF, 0xF4, 0xAB,
    0x53, 0xA0, 0xE5, 0x65, 0x92, 0x64, 0x5F, 0x11, 0xA3, 0x5B, 0x64, 0xB4, 0xDB, 0xAE, 0xE3, 0xBC,
    0x08, 0xB4, 0x5C, 0x23, 0xDB, 0xF0, 0xE8, 0xCF, 0xF0, 0x19, 0x02, 0x5C, 0x72, 0xA3, 0xCE, 0x72,
    0x68, 0x9F, 0x96, 0xFF, 0x76, 0x88, 0xB8, 0xE8, 0x35, 0xC4, 0xF3, 0xCC, 0xCA, 0x12, 0xBB, 0x1E,
    0x3A, 0x94, 0x16, 0x59, 0xEE, 0x5D, 0x21, 0x61, 0xB3, 0x16, 0x66, 0x33, 0xAC, 0x04, 0x68, 0x3F,
    0x77, 0x76, 0xB0, 0x25, 0xFC, 0xF0, 0x71, 0x46, 0xC1, 0x4F, 0x0A, 0xA6, 0x5A, 0xB2, 0xF5, 0xB8,
    0xF4, 0x33, 0x8C, 0x4C, 0xCC, 0x73, 0x6E, 0x21, 0x8A, 0xBF, 0x54, 0x29, 0x2B, 0x71, 0xAC, 0x35,
    0x87, 0x76, 0x8C, 0x15, 0x16, 0x8B, 0xEE, 0x09, 0x59, 0x8F, 0xBB, 0x50, 0x77, 0xB8, 0x83, 0xE0,
    0x63, 0x43, 0x7C, 0x05, 0x49, 0x90, 0x63, 0x42, 0xF7, 0x8B, 0xC3, 0x99, 0xE6, 0x5D, 0x43, 0x35,
    0x9A, 0x88, 0x84, 0x75, 0xA7, 0x3D, 0x6E, 0xFF, 0xDE, 0x46, 0xEF, 0x3C, 0xD6, 0x83, 0xF0, 0x43,
    0xA8, 0x15, 0xD3, 0x80, 0x9B, 0x0B, 0x30, 0xAA, 0x39, 0xE3, 0x52, 0x8C, 0x2E, 0xA8, 0x0C, 0x15,
    0xEB, 0xEB, 0xBA, 0x1B, 0xE3, 0x14, 0xA5, 0x0E, 0x03, 0xAE, 0x14, 0x78, 0x5C, 0x67, 0x1E, 0x2D,
    0x78, 0x7C, 0x92, 0x81, 0xC7, 0x62, 0xC2, 0x63, 0x8B, 0x79, 0x2C, 0x8F, 0x79, 0xCC, 0x26, 0x3C,
    0x9A, 0x13, 0x3C, 0xAA, 0x13, 0x31, 0x3A, 0xCD, 0x11, 0x72, 0xC2, 0x86, 0x65, 0x76, 0xCD, 0x6F,
    0xA2, 0xE7, 0xBF, 0xDA, 0xA7, 0xC1, 0xDE, 0x1A, 0x92, 0x0C, 0xAD, 0xD8, 0x18, 0x95, 0x00, 0x1B,
    0x3E, 0x77, 0x8F, 0xE8, 0xA2, 0x03, 0xCB, 0xA5, 0x20, 0x56, 0xBB, 0x04, 0xED, 0x42, 0x49, 0x71,
    0xE2, 0x68, 0x86, 0xA5, 0x2B, 0xEF, 0x6C, 0xA3, 0x32, 0xAC, 0x60, 0xB4, 0x87, 0xA9, 0xD1, 0xC8,
    0x91, 0x01, 0xEB, 0x48, 0x73, 0xA1, 0xDB, 0x98, 0x8F, 0xD5, 0x4A, 0x17, 0x4A, 0x09, 0x17, 0x16,
    0x11, 0xBA, 0x1E, 0x77, 0x88, 0xB0, 0xE9, 0x02, 0x41, 0xE7, 0x7A, 0x8F, 0xC2, 0xD9, 0x3E, 0x34,
    0xF7, 0xBA, 0x8A, 0xC5, 0x74, 0xAA, 0x93, 0x79, 0x1B, 0xA9, 0x81, 0xCC, 0xDB, 0x7C, 0x4C, 0xDC,
    0x94, 0x3A, 0x11, 0xFE, 0xBE, 0xC5, 0xF7, 0x5D, 0x69, 0xEE, 0x51, 0xE7, 0x77, 0x13, 0x31, 0xF5,
    0x86, 0xD3, 0x61, 0x5E, 0x84, 0x23, 0xB2, 0x83, 0x4F, 0x6A, 0x21, 0x70, 0xB7, 0x3E, 0x60, 0xA8,
    0xD5, 0xFE, 0x59, 0x71, 0x62, 0x4B, 0xE7, 0x03, 0xE9, 0x37, 0x91, 0x36, 0x99, 0x3B, 0x91, 0x76,
    0x55, 0x70, 0x44, 0xDD, 0x65, 0xDD, 0x60, 0x95, 0x54, 0x4A, 0xDD, 0x72, 0xBD, 0x6D, 0xE8, 0xEF,
    0xE1, 0xEA, 0x96, 0xB0, 0xF1, 0x9D, 0x21, 0x8D, 0xE3, 0xCF, 0xEB, 0x4C, 0x1F, 0xBA, 0xF3, 0x9B,
    0x94, 0xC5, 0x5B, 0x45, 0x41, 0x16, 0x72, 0xDB, 0xED, 0x7A, 0xE5, 0xF0, 0xDE, 0x58, 0x54, 0xBF,
    0x66, 0x7C, 0x58, 0xA2, 0xFC, 0x07, 0x9F, 0x60, 0x28, 0xB8, 0x7C, 0x93, 0x18, 0x22, 0xF0, 0x44,
    0x5C, 0xDE, 0xB6, 0x78, 0xC3, 0x33, 0xC4, 0x28, 0xC1, 0x14, 0x6B, 0x7F, 0x72, 0xB2, 0x30, 0x73,
    0x40, 0xE9, 0x68, 0x1E, 0xAB, 0xDD, 0xF7, 0x5E, 0x6A, 0x71, 0x04, 0xA2, 0x7E, 0x2B, 0x8E, 0x00,
    0xBE, 0xAE, 0x80, 0xD3, 0x2D, 0x20, 0x05, 0x8D, 0x1D, 0xE4, 0x4B, 0x93, 0xD8, 0xC7, 0x00, 0x0B,
    0x93, 0x03, 0x48, 0xA8, 0x82, 0xF3, 0x07, 0xC1, 0x05, 0x55, 0xB8, 0x80, 0xB9, 0xCD, 0xD8, 0x75,
    0x5F, 0x1E, 0x30, 0x4A, 0x46, 0x8D, 0x98, 0xAE, 0x5E, 0x18, 0x62, 0xD6, 0x1C, 0x2C, 0x2B, 0x83,
    0xFC, 0xF4, 0x88, 0xDD, 0x69, 0xE1, 0x62, 0xAF, 0x96, 0xA8, 0xB4, 0xC1, 0x88, 0xD5, 0x85, 0x21,
    0x66, 0x89, 0x17, 0xED, 0xF8, 0xC3, 0x01, 0xA1, 0x77, 0xF1, 0xCA, 0xE9, 0x91, 0x47, 0x0A, 0x66,
    0x3F, 0x7E, 0x37, 0xD2, 0x0B, 0xA1, 0x19, 0xF1, 0xE1, 0x98, 0xFB, 0x7B, 0x8A, 0x3B, 0xF8, 0x7C,
    0x56, 0xA9, 0xFD, 0x27, 0xA8, 0x0D, 0x6B, 0x9B, 0x88, 0xDC, 0x17, 0x30, 0x84, 0x4A, 0x65, 0x11,
    0xF3, 0x11, 0xF7, 0x0C, 0x1C, 0xBC, 0xB0, 0xB7, 0xC8, 0xFA, 0xDE, 0x21, 0xCF, 0x89, 0xE3, 0x17,
    0xAF, 0xB3, 0xAE, 0xC7, 0x5D, 0xC2, 0x42, 0x8E, 0x43, 0x98, 0x12, 0x57, 0x0B, 0x46, 0xE3, 0x3F,
    0xD4, 0x20, 0x4F, 0x07, 0xD4, 0xE7, 0x28, 0x37, 0x3D, 0xEE, 0xF8, 0x18, 0xF5, 0x04, 0x79, 0x75,
    0xB4, 0x03, 0x1C, 0x0F, 0x75, 0x41, 0x71, 0x17, 0x02, 0xA6, 0xA3, 0x1C, 0x83, 0x35, 0x8E, 0x35,
    0xAE, 0x49, 0x96, 0xF9, 0x54, 0xB3, 0xB0, 0x5D, 0x17, 0xB3, 0xC8, 0xFD, 0x46, 0x8F, 0x64, 0xB1,
    0xCC, 0x2B, 0xCE, 0x67, 0x6B, 0x95, 0xDB, 0xFD, 0xEB, 0x12, 0x4D, 0x93, 0x40, 0x74, 0xB0, 0x01,
    0x79, 0x0D, 0x90, 0xFB, 0x80, 0x9C, 0xC7, 0xAA, 0xFD, 0x35, 0x90, 0x8B, 0x97, 0x21, 0xFB, 0x63,
    0x2E, 0x5D, 0x2B, 0xDC, 0xBC, 0x3E, 0x07, 0x62, 0x89, 0xC0, 0x07, 0xC0, 0x62, 0xAA, 0xC5, 0x2A,
    0x9B, 0x1E, 0x26, 0x19, 0xAA, 0xB5, 0xE2, 0xB3, 0xB8, 0x75, 0xC4, 0x03, 0xDC, 0x8A, 0xEE, 0x31,
    0xF8, 0x17, 0x06, 0xBF, 0x80, 0xA9, 0x71, 0x8D, 0x64, 0x58, 0xA3, 0x2B, 0xFC, 0xC1, 0x08, 0x73,
    0x92, 0x8C, 0xDD, 0x0E, 0xE8, 0x44, 0xAD, 0x2B, 0x8E, 0xA1, 0x33, 0xB9, 0x8C, 0xB6, 0xEC, 0xB6,
    0xEA, 0x00, 0x9E, 0x45, 0x33, 0x8F, 0x11, 0x5B, 0xD0, 0x5D, 0xA8, 0xDE, 0x1F, 0x81, 0xBA, 0x1D,
    0xD7, 0xE6, 0xF3, 0xCE, 0xCF, 0x06, 0x78, 0xEC, 0x96, 0xFB, 0xB3, 0xD9, 0x15, 0xEC, 0x1F, 0xA0,
    0xC3, 0x6D, 0xD5, 0x67, 0x86, 0x34, 0x53, 0xB2, 0xDD, 0x61, 0x2A, 0xAE, 0x79, 0x2B, 0xCC, 0x32,
    0x36, 0x5E, 0x56, 0x7B, 0x31, 0xF8, 0x68, 0x41, 0x3B, 0x0F, 0xD0, 0xE4, 0x3C, 0x87, 0x88, 0xFA,
    0x10, 0xB8, 0x30, 0xB4, 0x93, 0x39, 0x8B, 0xAC, 0x15, 0x59, 0x58, 0xF7, 0x48, 0x44, 0x37, 0xB3,
    0x4E, 0xD1, 0x81, 0x5A, 0xDD, 0xA9, 0xBB, 0x1B, 0x0E, 0xFD, 0x8D, 0x9A, 0xD7, 0xEC, 0xFC, 0x28,
    0x64, 0x8D, 0x21, 0xFF, 0x48, 0x34, 0x77, 0xD7, 0x37, 0x21, 0xDB, 0x93, 0x3F, 0xFB, 0x89, 0x21,
    0xED, 0xCE, 0x97, 0xD2, 0xF2, 0x31, 0xAD, 0xD4, 0x3D, 0x8A, 0x6F, 0x28, 0x6A, 0xA0, 0xCE, 0x77,
    0x31, 0xF2, 0x3F, 0xA8, 0xC8, 0x87, 0xFE, 0x68, 0x3C, 0xF5, 0xE7, 0xCC, 0xD2, 0x35, 0x5E, 0xE2,
    0x83, 0x9C, 0xE2, 0x23, 0xDF, 0x86, 0xF1, 0xB9, 0x02, 0x3D, 0x3A, 0xB1, 0x23, 0x9E, 0x83, 0xC3,
    0x4F, 0x84, 0xAD, 0x23, 0xD6, 0xC4, 0x35, 0xB1, 0xFA, 0x04, 0xB1, 0x9F, 0x7A, 0x62, 0x53, 0x4F,
    0x6C, 0x50, 0x13, 0x0B, 0xB1, 0x01, 0xBF, 0x77, 0x0A, 0xDF, 0x06, 0xFC, 0x0F, 0x8D, 0x54, 0xBF,
    0x8F, 0xE3, 0x44, 0x18, 0x7D, 0xF6, 0xEC, 0xDD, 0x1C, 0xCC, 0xC5, 0xBE, 0x0A, 0xC1, 0x29, 0x3F,
    0x90, 0x68, 0x16, 0xC9, 0xD9, 0x34, 0x29, 0x5C, 0x38, 0x89, 0x97, 0x48, 0x5C, 0x41, 0xB1, 0xFB,
    0x07, 0x50, 0x20, 0x44, 0x8F, 0xA5, 0x4B, 0xB1, 0x48, 0xB7, 0x1B, 0xEF, 0xA5, 0xD8, 0xE2, 0xA4,
    0xBB, 0xE3, 0x3F, 0xB8, 0x8E, 0x92, 0x48, 0x5C, 0x41, 0x91, 0xDB, 0x9D, 0xBD, 0x14, 0x5B, 0xAC,
    0x04, 0xBE, 0x50, 0x40, 0x39, 0xA1, 0x00, 0xD1, 0xC0, 0x20, 0x19, 0xC9, 0x48, 0xDE, 0x98, 0x6F,
    0xEC, 0x24, 0x35, 0x96, 0xBF, 0xF9, 0xF9, 0xCD, 0x7B, 0x6F, 0x3C, 0x6F, 0x3C, 0xC8, 0x80, 0x01,
    0xC5, 0x45, 0x51, 0x48, 0x50, 0x73, 0x5B, 0x15, 0x55, 0x8B, 0x9E, 0x71, 0xD9, 0x89, 0xAB, 0xCE,
    0xE1, 0x07, 0xA7, 0x3F, 0x70, 0xBF, 0xAE, 0x1E, 0xFE, 0x9F, 0x4A, 0x76, 0x8A, 0x62, 0x05, 0x6C,
    0x61, 0x72, 0x53, 0xF3, 0x07, 0xC3, 0xC7, 0x72, 0xD5, 0x0A, 0xE1, 0x7E, 0xA2, 0xFD, 0x7A, 0xAD,
    0x66, 0x86, 0x7E, 0xCD, 0x1D, 0xC1, 0x86, 0xE1, 0xDE, 0xB9, 0x52, 0x51, 0x77, 0x87, 0xEF, 0x5F,
    0x26, 0x91, 0x5F, 0x13, 0x4C, 0xAE, 0x06, 0x67, 0x0B, 0x4D, 0x09, 0xEE, 0x83, 0xD7, 0xF9, 0x8A,
    0x9D, 0xAA, 0xC8, 0xAB, 0xF1, 0xE1, 0x7E, 0x52, 0x01, 0x66, 0x27, 0x9D, 0x6B, 0x1D, 0x38, 0xDC,
    0x96, 0xC9, 0xA8, 0xDB, 0xC0, 0x9E, 0xF8, 0xF6, 0xC9, 0x9F, 0x6C, 0x12, 0x9B, 0x24, 0x16, 0x86,
    0xF7, 0x4C, 0x8A, 0x1D, 0xC3, 0xA2, 0xF5, 0x47, 0x40, 0x1D, 0xB7, 0x3F, 0xBE, 0x2D, 0x6E, 0xC6,
    0xEA, 0xF0, 0xEB, 0xE7, 0xE8, 0x02, 0x6D, 0x02, 0x8D, 0xC1, 0x92, 0x72, 0xFE, 0x11, 0xD0, 0x04,
    0x04, 0xE5, 0xD3, 0x96, 0x15, 0xCC, 0xFC, 0x5D, 0xEA, 0x6C, 0x94, 0x13, 0x0A, 0x5A, 0x28, 0x61,
    0x2C, 0x69, 0x70, 0x70, 0xF1, 0xF3, 0x0A, 0x06, 0x88, 0x85, 0xC0, 0x9E, 0x91, 0x42, 0x7B, 0x48,
    0xAA, 0x24, 0x5A, 0xFB, 0xFC, 0x32, 0x6E, 0x65, 0x85, 0x7C, 0xEF, 0xDD, 0x2F, 0x4A, 0x34, 0x1E,
    0x57, 0x49, 0x51, 0x85, 0x26, 0xE4, 0xC5, 0xBC, 0x38, 0xB8, 0xE9, 0xE8, 0x0E, 0x42, 0xA3, 0xA1,
    0x88, 0xDD, 0x22, 0x2E, 0x8A, 0x67, 0x45, 0x56, 0x64, 0x6E, 0x46, 0x50, 0x3B, 0x40, 0x70, 0x1E,
    0x04, 0x54, 0xE0, 0x9C, 0x4A, 0x7A, 0x11, 0x9C, 0xA0, 0xEA, 0x20, 0xF0, 0xFA, 0x6D, 0x2B, 0xC7,
    0xDB, 0x04, 0xF4, 0x52, 0x1B, 0xB9, 0x0D, 0x1E, 0x12, 0x30, 0x93, 0x2F, 0x1B, 0x34, 0xE4, 0x0B,
    0xA3, 0x88, 0x87, 0x9A, 0x68, 0x31, 0x6A, 0xEC, 0xBE, 0xC2, 0x09, 0x9B, 0x5C, 0xFB, 0xA3, 0x76,
    0xD0, 0x5A, 0xFE, 0xC8, 0xCE, 0x3E, 0x92, 0x18, 0xA9, 0x40, 0x7B, 0xA8, 0x79, 0xEC, 0xA9, 0x2D,
    0xD9, 0x44, 0x7E, 0x95, 0x04, 0x50, 0x81, 0x68, 0xB0, 0xD8, 0x63, 0x72, 0x99, 0x4C, 0x39, 0x1A,
    0x81, 0xD3, 0xA0, 0x5D, 0x9E, 0x63, 0x1C, 0xAE, 0x79, 0x36, 0x4C, 0x1B, 0xAE, 0x2D, 0xDB, 0x86,
    0x6F, 0xCB, 0xB8, 0xE1, 0x44, 0x67, 0x58, 0xB1, 0x3A, 0x5E, 0xC5, 0x3B, 0x97, 0xAA, 0x62, 0x1E,
    0x39, 0x15, 0xF7, 0xB5, 0xA5, 0x2A, 0x76, 0xDD, 0xA8, 0xF8, 0x9F, 0x32, 0x59, 0x29, 0xD0, 0x7E,
    0xA5, 0x41, 0xB8, 0x6B, 0x15, 0x9D, 0x18, 0x53, 0x21, 0xFB, 0xB6, 0x72, 0x31, 0xB5, 0x88, 0x6D,
    0x7A, 0xC4, 0x7F, 0x52, 0xFD, 0x96, 0xA5, 0x53, 0x97, 0xC7, 0x47, 0x01, 0xBB, 0x4C, 0xCC, 0x58,
    0x60, 0xA5, 0xD9, 0x8C, 0x2D, 0x75, 0xC6, 0xE7, 0x0B, 0xED, 0xF2, 0x89, 0x6C, 0xBA, 0x3C, 0x0C,
    0x1A, 0x0E, 0x7A, 0xC8, 0x91, 0x5A, 0xDA, 0x4E, 0x98, 0xB4, 0xD1, 0x6B, 0x22, 0x3F, 0x46, 0x9A,
    0xDB, 0x3A, 0x65, 0x6F, 0x14, 0x7B, 0x2C, 0x39, 0x8B, 0x7B, 0x4D, 0x17, 0x83, 0xD6, 0x81, 0x74,
    0x0F, 0xAE, 0xA4, 0x98, 0x2F, 0x14, 0x4D, 0x68, 0xA8, 0xA9, 0x8F, 0xC8, 0xAF, 0xDF, 0xC2, 0x31,
    0xFB, 0xD4, 0xF3, 0x10, 0x31, 0xF8, 0x4C, 0xB6, 0x2D, 0x25, 0xC2, 0x26, 0x1D, 0x42, 0x84, 0xC4,
    0x92, 0x1C, 0x35, 0xF8, 0x24, 0x49, 0x31, 0xD9, 0x82, 0x16, 0xE8, 0xB2, 0x78, 0xB7, 0xB2, 0xCB,
    0xBE, 0x76, 0xEC, 0x45, 0xDA, 0xC3, 0xDF, 0x5A, 0x23, 0xE0, 0x12, 0x4E, 0x13, 0xE2, 0xEC, 0xFB,
    0xD4, 0x9D, 0x2F, 0x33, 0xF1, 0x4C, 0xA7, 0xE6, 0x48, 0x2D, 0xED, 0x80, 0x9F, 0x5D, 0x85, 0x7B,
    0xEE, 0x42, 0x76, 0xB9, 0x2C, 0x1D, 0x6D, 0xE9, 0x1E, 0xD3, 0xAF, 0x98, 0x9A, 0xB1, 0x24, 0xE7,
    0x32, 0xE3, 0x32, 0x15, 0xB1, 0x16, 0xFB, 0xDA, 0xB5, 0x94, 0x6B, 0x4B, 0xC7, 0x96, 0x6F, 0xD9,
    0xE6, 0x63, 0x7B, 0x3C, 0x3E, 0x71, 0x65, 0x4F, 0xC4, 0xE2, 0x86, 0x2D, 0xB3, 0x47, 0xDF, 0xC8,
    0xCE, 0x31, 0xFB, 0x5D, 0xF6, 0x72, 0xF6, 0x17, 0xC6, 0xD2, 0x4D, 0x90, 0xC2, 0x05, 0xCC, 0xA5,
    0xB1, 0x13, 0x0C, 0x60, 0x2B, 0x73, 0xB5, 0xCD, 0xBA, 0x70, 0xE7, 0xC5, 0xDD, 0xD1, 0xA8, 0x95,
    0xF0, 0x74, 0xB7, 0xF1, 0x59, 0x79, 0xAE, 0x09, 0x3C, 0xE3, 0xE0, 0x08, 0x0E, 0x20, 0xAB, 0xF6,
    0x94, 0xDA, 0x96, 0x59, 0xC7, 0x22, 0x7C, 0x17, 0xD7, 0xEA, 0x96, 0x54, 0x74, 0x1E, 0x9B, 0xA7,
    0x94, 0xE9, 0x98, 0xE2, 0xDE, 0x1B, 0xE3, 0xE4, 0x5F, 0x66, 0x54, 0xDE, 0xBF, 0x6F, 0xD0, 0xDF,
    0x29, 0xAD, 0xED, 0x99, 0x52, 0x91, 0x15, 0xAC, 0x9D, 0x5B, 0x77, 0x8C, 0x0A, 0xF2, 0x8D, 0x30,
    0x97, 0xCF, 0xFF, 0x3C, 0x99, 0x5E, 0x4D, 0xFE, 0xC9, 0xC5, 0x6F, 0x29, 0x0E, 0x41, 0xC7, 0xF8,
    0xA1, 0xC4, 0x43, 0x88, 0x03, 0x34, 0x03, 0xBC, 0x88, 0xEC, 0x53, 0xB9, 0xE5, 0x10, 0xA5, 0x9D,
    0xAA, 0x60, 0xB1, 0xF1, 0x5A, 0x75, 0x2D, 0x4D, 0x58, 0x46, 0x80, 0x5A, 0x87, 0xD9, 0xE2, 0xD4,
    0x58, 0x6E, 0x1D, 0x3E, 0x45, 0x60, 0xBE, 0x0F, 0xCA, 0x1F, 0xD8, 0x8A, 0xDE, 0x11, 0xDA, 0x91,
    0x19, 0xF3, 0xCB, 0x8C, 0x69, 0xB9, 0x46, 0x19, 0x14, 0x02, 0x23, 0x5C, 0x82, 0x27, 0x16, 0x22,
    0x74, 0xD7, 0xBB, 0x02, 0xFF, 0x17, 0x77, 0xFA, 0x5F, 0xFE, 0x31, 0x7B, 0x1F, 0xE3, 0xCA, 0xCF,
    0x64, 0xAC, 0xA6, 0x71, 0x56, 0xDF, 0x58, 0x6B, 0x66, 0xBC, 0x45, 0xAE, 0x9B, 0xBC, 0x56, 0xE4,
    0xAE, 0xA1, 0x24, 0x7B, 0x71, 0xFC, 0x07, 0x25, 0x92, 0xB1, 0x6F, 0x13, 0x31, 0x14, 0xC6, 0xBF,
    0xB3, 0xAB, 0x58, 0x8D, 0x7B, 0x77, 0x8C, 0x0C, 0x4E, 0xB3, 0x1E, 0x92, 0xD3, 0x74, 0xF0, 0x70,
    0x40, 0x48, 0xAF, 0xF4, 0x1F, 0x60, 0x63, 0xCD, 0x3F, 0xD0, 0xEA, 0x84, 0xBA, 0xB0, 0x20, 0xB7,
    0x9D, 0x41, 0xFD, 0x07, 0x40, 0x45, 0x62, 0x05, 0x99, 0x2D, 0x15, 0xA8, 0x72, 0x1B, 0x21, 0xD6,
    0x03, 0x06, 0x18, 0x5D, 0x29, 0x12, 0x48, 0x65, 0xB8, 0x21, 0xC3, 0x0D, 0x85, 0xE3, 0xA5, 0xC8,
    0x8B, 0xF5, 0xF9, 0xF9, 0x7B, 0xDF, 0xFB, 0xE9, 0x45, 0x7F, 0x22, 0x5F, 0x55, 0xB9, 0x4B, 0x72,
    0xFE, 0x22, 0x9A, 0xD9, 0x70, 0xE2, 0x64, 0x80, 0x88, 0x2E, 0x82, 0x51, 0x92, 0xD9, 0x30, 0x06,
    0x04, 0xA4, 0x97, 0x41, 0x9A, 0x34, 0x4E, 0x85, 0x68, 0x17, 0x08, 0x30, 0x58, 0x03, 0x6F, 0xAD,
    0xC7, 0x04, 0xC3, 0x80, 0x75, 0x30, 0x8F, 0xCB, 0xCA, 0x6D, 0x1C, 0x03, 0x11, 0xD6, 0x8B, 0x0C,
    0x19, 0x92, 0xA9, 0xE4, 0x33, 0x5B, 0x06, 0x95, 0x4B, 0xC9, 0x8B, 0x33, 0xA4, 0x6D, 0xE5, 0xF5,
    0x8A, 0x40, 0xE4, 0xE9, 0x73, 0x02, 0x66, 0x51, 0x92, 0x07, 0x2B, 0x10, 0xFD, 0x65, 0xBE, 0x0A,
    0xE6, 0x41, 0x26, 0x9A, 0xAE, 0x98, 0xC1, 0x55, 0xA6, 0xFF, 0x86, 0x44, 0xEE, 0xBF, 0x78, 0xCA,
    0xD4, 0x13, 0xDB, 0x57, 0x9E, 0xD1, 0x91, 0x76, 0x15, 0x58, 0xE3, 0x69, 0x33, 0xB9, 0x85, 0xB3,
    0x7E, 0x03, 0x20, 0xBD, 0xA6, 0x6E, 0xC7, 0x39, 0xB3, 0x0A, 0x81, 0x17, 0x0A, 0x8E, 0x79, 0x41,
    0xCE, 0x92, 0x22, 0x08, 0xCB, 0x8B, 0x04, 0x39, 0xE9, 0xF4, 0xE8, 0x78, 0x91, 0x8B, 0xE2, 0x16,
    0xD6, 0xDF, 0xF2, 0xD9, 0x81, 0x0F, 0xCE, 0x8C, 0x54, 0x22, 0xF9, 0xC3, 0x39, 0x6B, 0x92, 0x64,
    0x24, 0x8D, 0x74, 0x69, 0x9D, 0xD4, 0xBD, 0x5A, 0x97, 0xE5, 0xD0, 0x76, 0x2E, 0xA6, 0xDC, 0x1A,
    0x01, 0x27, 0x11, 0xE2, 0x74, 0x11, 0xBD, 0x8B, 0x7C, 0x5D, 0x8E, 0xC8, 0x35, 0x25, 0xDF, 0x14,
    0xBD, 0x95, 0xC1, 0xE3, 0x7E, 0xEB, 0x97, 0x72, 0x98, 0xE4, 0xD0, 0xB8, 0x06, 0xF7, 0x28, 0xAD,
    0xCE, 0x7B, 0x82, 0x22, 0xF1, 0x42, 0x78, 0xE1, 0x64, 0x26, 0xC9, 0x7F, 0xA7, 0x6D, 0xE0, 0x28,
    0x42, 0x0C, 0xD6, 0xFA, 0x0A, 0x9B, 0x50, 0x90, 0xD3, 0x65, 0xB5, 0x83, 0xCE, 0x95, 0xA4, 0xEA,
    0xDB, 0xD1, 0x5C, 0x92, 0x3A, 0x5E, 0xEC, 0x2B, 0x17, 0xD7, 0xB1, 0x53, 0xFB, 0xA6, 0x5F, 0x0D,
    0xDB, 0xE7, 0xEC, 0x1C, 0x1E, 0x15, 0x4E, 0x08, 0x50, 0x49, 0xAC, 0x96, 0x6D, 0xC0, 0x9A, 0x38,
    0xD1, 0xDD, 0x41, 0x9C, 0xBA, 0x3B, 0x8D, 0x1B, 0x84, 0x5E, 0x9D, 0x0D, 0x2B, 0x36, 0x15, 0x3B,
    0x47, 0xF6, 0x7D, 0xA5, 0xF7, 0x65, 0x2A, 0xEC, 0x07, 0xFA, 0x13, 0x55, 0xC2, 0x76, 0x28, 0x06,
    0x36, 0xB7, 0xAA, 0xC9, 0x2A, 0x86, 0x96, 0x38, 0xF1, 0x96, 0x50, 0xB1, 0xFF, 0x98, 0x1C, 0xB7,
    0x31, 0xCA, 0xC8, 0xF3, 0x42, 0xD2, 0x38, 0xCC, 0xD2, 0xCD, 0x4A, 0xB2, 0xBF, 0xD1, 0x09, 0x53,
    0xD6, 0x21, 0x4C, 0xF2, 0xF7, 0x68, 0x54, 0xE6, 0xC1, 0x84, 0xB2, 0x76, 0xE3, 0xD3, 0x6E, 0xF5,
    0xFA, 0x73, 0x3C, 0xB6, 0x81, 0x9F, 0x1F, 0xCD, 0x21, 0x16, 0x5A, 0x1B, 0xE5, 0x94, 0xBB, 0x61,
    0xD5, 0x17, 0xF6, 0xE7, 0xA3, 0x3E, 0xB8, 0x65, 0x75, 0xE7, 0xA5, 0x3C, 0x0C, 0xDD, 0x40, 0x65,
    0xFE, 0x55, 0x66, 0xBE, 0x1D, 0xCE, 0xB1, 0x41, 0x83, 0xAF, 0xA1, 0xF7, 0x71, 0xA0, 0x8C, 0x36,
    0xBA, 0xCC, 0x9D, 0x09, 0x77, 0x97, 0x9A, 0x82, 0xD2, 0xD9, 0x8F, 0xFB, 0xD8, 0x2A, 0x9E, 0x78,
    0x57, 0x85, 0xA7, 0xBB, 0x4A, 0xE7, 0x66, 0xB3, 0x74, 0xE1, 0xB4, 0xBF, 0xBB, 0xC7, 0x67, 0x5F,
    0x69, 0x15, 0x5C, 0x69, 0x72, 0xAD, 0xE2, 0xAE, 0x14, 0x7C, 0xE7, 0x60, 0xDE, 0xDF, 0xE3, 0x24,
    0xD6, 0x65, 0xAE, 0xE3, 0xAE, 0xE0, 0xDB, 0x73, 0x71, 0x55, 0x68, 0xCD, 0xB7, 0xBD, 0xD1, 0x82,
    0x5B, 0x57, 0xA6, 0xBF, 0x08, 0x95, 0xA2, 0x64, 0xE8, 0x5C, 0x7E, 0xEA, 0x61, 0x1A, 0x7D, 0x8F,
    0xEF, 0x15, 0x2B, 0x42, 0x34, 0x37, 0xDB, 0xEB, 0x9F, 0xE1, 0x1F, 0x4D, 0x55, 0x61, 0x6B, 0x1C,
    0xC7, 0x19, 0x7E, 0x66, 0xC6, 0x78, 0x9C, 0xAE, 0x74, 0xA3, 0x0F, 0x89, 0x89, 0xC9, 0x49, 0xEB,
    0x4F, 0xC5, 0x09, 0xA7, 0x3B, 0x53, 0x4C, 0x51, 0xE9, 0x9E, 0xB4, 0x96, 0x5A, 0x0C, 0x71, 0x4D,
    0xFF, 0x40, 0xA0, 0xC5, 0xF9, 0x1A, 0x2A, 0x09, 0x1F, 0xF8, 0xA0, 0xAB, 0xDC, 0x9A, 0x42, 0xBF,
    0x34, 0x18, 0xFD, 0x00, 0x83, 0x45, 0xC8, 0xA7, 0x90, 0x60, 0x61, 0x04, 0x55, 0xC1, 0xCE, 0x8D,
    0xA5, 0x0F, 0x86, 0xD6, 0x6E, 0xD7, 0x69, 0x21, 0xD0, 0x90, 0x66, 0x15, 0x8B, 0x18, 0x9A, 0x50,
    0x4F, 0xEA, 0x0D, 0x39, 0x3B, 0x27, 0x4D, 0x9F, 0x39, 0xD9, 0xC5, 0x7B, 0xB7, 0x73, 0xB7, 0x3B,
    0xBB, 0xEF, 0xBC, 0xEF, 0xF3, 0x3C, 0xEF, 0x33, 0x68, 0x0D, 0xF0, 0xA7, 0x08, 0x9B, 0x22, 0xEF,
    0x02, 0x6D, 0xC0, 0x18, 0x7F, 0xDF, 0xBA, 0x19, 0x37, 0xF3, 0xC2, 0xF4, 0xD4, 0x21, 0xF5, 0xE9,
    0x19, 0xB4, 0x7C, 0x0E, 0x57, 0x20, 0x99, 0xC0, 0x94, 0xC8, 0xA3, 0x74, 0xCD, 0xF8, 0x0A, 0xB8,
    0x00, 0xC8, 0x2B, 0xC0, 0xE2, 0x63, 0x98, 0x47, 0x37, 0xC4, 0xB7, 0x77, 0xD6, 0xCD, 0xEB, 0xE7,
    0xED, 0xE0, 0xC7, 0x3F, 0xD7, 0xF6, 0x0E, 0x66, 0x0F, 0x2F, 0xA1, 0xFA, 0x61, 0xAE, 0xEC, 0x5D,
    0xC4, 0xFA, 0x24, 0x92, 0x57, 0x2D, 0xAA, 0x7F, 0x1E, 0x91, 0xF7, 0x4F, 0x2D, 0xA9, 0xAF, 0xB7,
    0xAC, 0xFE, 0x3E, 0x86, 0xF2, 0x6B, 0x18, 0xB3, 0xC0, 0x45, 0x40, 0xFC, 0x0C, 0xC0, 0x2B, 0xFB,
    0x98, 0x9D, 0x77, 0x6D, 0xCC, 0xB4, 0x31, 0xDE, 0x84, 0x30, 0x29, 0xB4, 0x85, 0xDC, 0x79, 0xEC,
    0x06, 0xE6, 0xEB, 0xB6, 0xB6, 0x66, 0xBE, 0x90, 0xA5, 0x3B, 0x9E, 0x25, 0x0D, 0x73, 0xB9, 0x06,
    0x7F, 0x36, 0x8F, 0xF6, 0x53, 0xE9, 0xFD, 0x00, 0x03, 0x59, 0xA8, 0x22, 0x42, 0x8C, 0x06, 0x32,
    0x26, 0x54, 0x02, 0xDE, 0x17, 0xA1, 0x88, 0x96, 0x1F, 0x22, 0xE2, 0x02, 0x4D, 0x06, 0x1F, 0x00,
    0xAA, 0x60, 0x5D, 0xFC, 0x7B, 0x13, 0x88, 0x3D, 0x7F, 0xD1, 0x2A, 0xA1, 0x3F, 0x71, 0x48, 0xA2,
    0xF4, 0xD9, 0xD4, 0x0D, 0x60, 0xCE, 0x97, 0x30, 0x39, 0x93, 0xDB, 0x87, 0x70, 0x08, 0x29, 0x84,
    0x50, 0x70, 0x07, 0x0F, 0x7C, 0xEF, 0x2B, 0xE3, 0xF9, 0x04, 0xB0, 0xC6, 0x39, 0x79, 0xFF, 0x96,
    0x8B, 0xFB, 0x57, 0xAD, 0xF9, 0x65, 0x3F, 0xED, 0xCC, 0x5E, 0x91, 0x76, 0xB8, 0x1E, 0xA9, 0x2D,
    0x9B, 0x4C, 0x19, 0x94, 0x6E, 0x46, 0x9D, 0xB1, 0xC5, 0xF8, 0x9C, 0x4E, 0x2F, 0x76, 0x27, 0xC5,
    0xA0, 0x9C, 0x95, 0x8C, 0x74, 0x88, 0x2F, 0x1A, 0x3B, 0x67, 0x2B, 0x99, 0xCF, 0x61, 0xCD, 0xD8,
    0x53, 0xAA, 0x3B, 0x26, 0xFE, 0xA6, 0xB4, 0xF7, 0xC3, 0x64, 0x73, 0xBD, 0xEF, 0xFD, 0xC2, 0xC2,
    0xBF, 0x60, 0x7F, 0x9B, 0x9E, 0x34, 0x45, 0x5D, 0x3A, 0x8D, 0x4C, 0x5A, 0xA3, 0x86, 0x32, 0x57,
    0x2C, 0x93, 0xC7, 0x46, 0x2B, 0x8C, 0x95, 0x79, 0x3D, 0x24, 0x14, 0x5D, 0x1E, 0x8D, 0x1F, 0xCA,
    0x81, 0x70, 0x91, 0xFF, 0x4F, 0x22, 0x4A, 0xB3, 0x52, 0x6F, 0xC8, 0xA2, 0x9D, 0x4C, 0x42, 0x7D,
    0x39, 0x48, 0x02, 0xC0, 0x79, 0xD7, 0x58, 0x65, 0xD1, 0x51, 0x8E, 0x75, 0x6C, 0x60, 0xA0, 0x49,
    0x22, 0xBA, 0x51, 0x0A, 0xE7, 0x3A, 0xF1, 0x2A, 0x9E, 0xB8, 0xF5, 0x9E, 0xC3, 0xDB, 0xBD, 0x3C,
    0x54, 0x4B, 0x16, 0x5C, 0x8F, 0xA3, 0xCE, 0x43, 0xBD, 0xD3, 0xA8, 0xC2, 0x52, 0x04, 0xB6, 0x54,
    0xB6, 0x89, 0xBF, 0x5B, 0x23, 0xCB, 0x48, 0xA0, 0x37, 0x40, 0x42, 0x4E, 0x1C, 0x91, 0x8A, 0x4E,
    0x3B, 0x0C, 0x91, 0x30, 0xFC, 0x90, 0x69, 0xA4, 0x18, 0x28, 0x3B, 0x25, 0x4E, 0x97, 0x31, 0xB2,
    0x58, 0xA7, 0x37, 0x30, 0xC8, 0x92, 0x78, 0x0F, 0x7B, 0xBD, 0xBC, 0xB7, 0xB0, 0xE0, 0x3A, 0x35,
    0x25, 0x8A, 0xCD, 0x31, 0xB5, 0x50, 0xAE, 0xD5, 0xCC, 0xEF, 0xE6, 0xBD, 0xF7, 0x97, 0x1E, 0x65,
    0xEB, 0xEA, 0x9D, 0xEB, 0x69, 0x8F, 0x68, 0xCE, 0xFE, 0x61, 0x09, 0xC3, 0x66, 0xAE, 0xDC, 0x0A,
    0xCC, 0x25, 0x87, 0x69, 0x66, 0xB9, 0x3E, 0x09, 0x69, 0x4F, 0xA2, 0xB7, 0x3F, 0xBE, 0xA4, 0xF9,
    0x3D, 0xB7, 0x7C, 0xFB, 0xB9, 0xEF, 0xF6, 0xB9, 0x65, 0x3B, 0xBE, 0xFC, 0xEF, 0x0F, 0x97, 0xC9,
    0x2F, 0x16, 0x73, 0x60, 0x65, 0x44, 0x90, 0xE2, 0xA5, 0x58, 0x4C, 0xD1, 0x1F, 0x20, 0x3E, 0x5B,
    0x08, 0x67, 0xC8, 0x58, 0x42, 0x49, 0x3B, 0x16, 0x91, 0x1B, 0xAA, 0x20, 0x61, 0x4D, 0x4E, 0x59,
    0x55, 0xB4, 0x10, 0x6D, 0x51, 0x1A, 0xD5, 0x7E, 0xCA, 0x17, 0xA5, 0xDF, 0xC3, 0xC1, 0xD1, 0xDB,
    0x85, 0x2E, 0xDA, 0x14, 0x52, 0x9D, 0x42, 0x7A, 0x39, 0x00, 0xD0, 0x23, 0xEE, 0x8A, 0x6C, 0xB3,
    0x48, 0xFE, 0x77, 0x23, 0x35, 0x84, 0x93, 0xD7, 0xAB, 0xBC, 0xCF, 0x45, 0x44, 0x81, 0x15, 0xDE,
    0xA1, 0x16, 0x95, 0x37, 0x43, 0x6C, 0x72, 0x66, 0x23, 0x62, 0x36, 0x0D, 0x9E, 0xEB, 0xC0, 0x7F,
    0x2D, 0xC4, 0x57, 0x41, 0x89, 0xBE, 0x54, 0x5F, 0x59, 0xA8, 0xED, 0x02, 0xEA, 0x56, 0xC9, 0xF7,
    0x19, 0x2B, 0xDF, 0x44, 0x94, 0x27, 0x14, 0x5B, 0x13, 0x3D, 0x67, 0x8A, 0x39, 0xEF, 0xFF, 0xAA,
    0xED, 0x03, 0x59, 0xFE, 0x24, 0xDF, 0x38, 0x32, 0xEA, 0xC1, 0x4D, 0xE8, 0x12, 0xF1, 0x37, 0x18,
    0xEF, 0x17, 0x98, 0x63, 0x5D, 0x29, 0xDE, 0xB4, 0x23, 0x25, 0x66, 0x23, 0x4D, 0x93, 0xBA, 0xA7,
    0xC7, 0x2A, 0x4F, 0x2E, 0xA6, 0x59, 0x88, 0x3E, 0xB3, 0x09, 0xA4, 0x6B, 0xCC, 0x79, 0x8C, 0x69,
    0x48, 0xDB, 0x01, 0x4E, 0x69, 0x76, 0x12, 0xE7, 0x9B, 0x6B, 0x51, 0xEB, 0xF7, 0x93, 0x78, 0x50,
    0x3B, 0x5F, 0x66, 0xEE, 0xDD, 0x9D, 0xBD, 0x71, 0x6A, 0x4A, 0x30, 0x20, 0x4E, 0xF0, 0x54, 0x01,
    0x8A, 0x09, 0xC8, 0x22, 0x3A, 0x1E, 0x3E, 0xFA, 0xD7, 0xAA, 0xE0, 0x5C, 0x71, 0xC4, 0x4D, 0xCD,
    0xFC, 0xB4, 0x7E, 0x7E, 0x3C, 0xAD, 0x21, 0x7C, 0xF8, 0xA4, 0x62, 0xE3, 0xCB, 0x7B, 0x15, 0x22,
    0x42, 0x49, 0xD9, 0x82, 0x30, 0x93, 0x43, 0x52, 0x5F, 0xA2, 0x63, 0x20, 0xBF, 0x64, 0xF7, 0xBC,
    0x07, 0x42, 0x3D, 0x4A, 0x94, 0x4C, 0x62, 0x8A, 0x7F, 0x99, 0x13, 0xC1, 0xE1, 0xB1, 0x04, 0xBE,
    0x88, 0xC3, 0x3E, 0xD7, 0x9F, 0x65, 0xC2, 0x6D, 0xD9, 0xAC, 0xDE, 0x30, 0xF3, 0x56, 0xB8, 0x19,
    0xB4, 0x55, 0xAA, 0xC8, 0x78, 0xA2, 0xE7, 0x6E, 0xDB, 0xEB, 0x55, 0x52, 0x9B, 0x52, 0xF6, 0xE3,
    0x72, 0x7A, 0x6C, 0x5A, 0x7C, 0xB3, 0x6D, 0xF5, 0x30, 0x0B, 0xEE, 0x80, 0x53, 0x5C, 0x9E, 0x41,
    0x8E, 0x87, 0x48, 0x23, 0x1A, 0xB8, 0x84, 0x0C, 0xEC, 0x3D, 0x64, 0xF6, 0x8F, 0x58, 0x73, 0x87,
    0x0D, 0x4C, 0xE1, 0x53, 0x42, 0x96, 0x6D, 0xEA, 0xAD, 0x49, 0x67, 0x69, 0x06, 0x9E, 0xD2, 0x94,
    0x4E, 0x16, 0xC4, 0xCD, 0xC1, 0xA4, 0x84, 0x75, 0xC7, 0xDB, 0xC8, 0x63, 0xB1, 0x42, 0x4D, 0x95,
    0xC2, 0x1A, 0x92, 0xCD, 0x48, 0xF1, 0xA8, 0x1E, 0x3D, 0x84, 0xDC, 0x07, 0x5B, 0x31, 0xEF, 0xE7,
    0xEC, 0x55, 0x36, 0x85, 0xB0, 0x53, 0x48, 0xA8, 0xA2, 0xDC, 0xE4, 0x54, 0xD6, 0xE3, 0x83, 0x2A,
    0x88, 0x44, 0x7F, 0x57, 0x7C, 0xF7, 0x2B, 0xB1, 0xB3, 0x7D, 0xC9, 0x2D, 0x95, 0xD5, 0x89, 0x89,
    0xAC, 0x86, 0x69, 0x95, 0x9A, 0xD3, 0x6C, 0xB8, 0xA5, 0xC0, 0x7F, 0x52, 0x83, 0x51, 0xF3, 0xB2,
    0xBC, 0x65, 0x93, 0xA5, 0x75, 0x3D, 0xEC, 0xA2, 0xB5, 0x3B, 0x42, 0xD9, 0x06, 0x9C, 0x47, 0x47,
    0xA3, 0x01, 0x13, 0x43, 0xDF, 0xB6, 0xF2, 0x8B, 0x12, 0x55, 0xC5, 0xE5, 0x5D, 0xFC, 0xDC, 0x35,
    0xDA, 0x14, 0x87, 0x79, 0x76, 0xBD, 0x71, 0x73, 0xA2, 0x6D, 0xAA, 0xE0, 0x92, 0x69, 0x53, 0x96,
    0xCD, 0x00, 0x76, 0x5D, 0x5B, 0x21, 0x48, 0xE2, 0x1C, 0xED, 0x8A, 0xE8, 0xC4, 0x9C, 0xA5, 0x46,
    0x54, 0xF9, 0xC7, 0x0F, 0x06, 0xCD, 0x8B, 0x2B, 0xE6, 0xE5, 0x3D, 0x50, 0xBE, 0x6F, 0xBE, 0x81,
    0xA7, 0x8E, 0x15, 0x7B, 0xFF, 0xB1, 0xAD, 0xA6, 0x67, 0x8C, 0xD8, 0x4E, 0x5D, 0x9D, 0x32, 0x07,
    0x39, 0x0B, 0x42, 0x0A, 0xEE, 0xD7, 0x3E, 0x10, 0x79, 0x76, 0x00, 0xEC, 0xE6, 0x33, 0x75, 0x31,
    0xA7, 0xF2, 0xE8, 0x10, 0x2F, 0xF5, 0xFE, 0xF1, 0x83, 0x6B, 0x4F, 0x20, 0xAA, 0x91, 0x45, 0x66,
    0x38, 0x3A, 0x40, 0xC8, 0x85, 0x21, 0xE4, 0x81, 0x1C, 0x4D, 0x3A, 0xEA, 0x13, 0x36, 0x62, 0xB8,
    0xFF, 0x22, 0x9B, 0xCA, 0x06, 0xBF, 0x54, 0x36, 0x15, 0x5F, 0x38, 0xF4, 0x57, 0xD1, 0x3F, 0xA6,
    0x1E, 0x7E, 0x84, 0x33, 0xBB, 0x68, 0x39, 0x1C, 0xEB, 0xA2, 0x9C, 0x46, 0x27, 0x4A, 0x69, 0x1E,
    0x93, 0x70, 0x35, 0x64, 0x4D, 0xC4, 0x84, 0x96, 0x62, 0x59, 0x66, 0x2A, 0x1B, 0x3C, 0x89, 0x7F,
    0xF9, 0x0A, 0xE9, 0x90, 0x56, 0xDC, 0x54, 0x39, 0x26, 0x29, 0xE1, 0x71, 0x7D, 0x08, 0xF5, 0xA8,
    0xA7, 0x4F, 0x18, 0xDF, 0x77, 0x2D, 0xF3, 0xB9, 0xBD, 0xFA, 0xC2, 0xE1, 0x91, 0x27, 0xD3, 0xAD,
    0x11, 0x15, 0x13, 0xCC, 0x95, 0xB9, 0x90, 0xB4, 0x67, 0x47, 0x3D, 0x0C, 0x51, 0x18, 0x16, 0x83,
    0x97, 0x7D, 0xCB, 0xFE, 0x13, 0x65, 0x27, 0xE3, 0xD0, 0x88, 0xF2, 0xA0, 0x5B, 0x17, 0xDC, 0xA0,
    0xCD, 0x62, 0xCB, 0xD0, 0x87, 0x1D, 0xE1, 0x9A, 0xB4, 0xBD, 0x2C, 0xD8, 0x86, 0xD1, 0x64, 0x51,
    0x6D, 0x95, 0x28, 0x85, 0xAB, 0xD0, 0x45, 0x96, 0x71, 0x73, 0x89, 0x5B, 0xF4, 0xEF, 0xE8, 0x2F,
    0x79, 0xD8, 0x63, 0x44, 0x30, 0xCC, 0xAA, 0x45, 0xC9, 0xB6, 0x88, 0x42, 0x86, 0xAE, 0xA0, 0xBE,
    0x22, 0xEA, 0xAD, 0x8D, 0x84, 0x90, 0xB8, 0xDF, 0x70, 0x1F, 0x59, 0x0D, 0xD8, 0x46, 0x94, 0xD4,
    0x73, 0xBB, 0x8B, 0x09, 0x3E, 0x8B, 0x1F, 0x31, 0xC6, 0x85, 0x14, 0xC2, 0xEF, 0xC2, 0x3C, 0xC8,
    0x90, 0x7D, 0xD2, 0x80, 0xFB, 0xF3, 0x09, 0xB9, 0x73, 0x17, 0xEA, 0xDE, 0x3B, 0xD0, 0x5B, 0xBF,
    0x80, 0xDE, 0x7E, 0xE3, 0xFF, 0x66, 0xF3, 0xD4, 0x70, 0x52, 0xEE, 0x6C, 0xEC, 0x14, 0x69, 0x5F,
    0xDB, 0xBF, 0x66, 0x69, 0x16, 0x8C, 0xC1, 0x5D, 0x93, 0xDB, 0xAA, 0x7A, 0x8B, 0xFE, 0x42, 0x71,
    0xC7, 0x56, 0xDB, 0x15, 0x3A, 0x50, 0x61, 0xE8, 0xE0, 0x95, 0x0E, 0x8E, 0x2D, 0x28, 0x80, 0x96,
    0xAC, 0x68, 0xDD, 0xAC, 0x33, 0x53, 0x36, 0xB2, 0x19, 0xAA, 0xC8, 0x36, 0xE9, 0xF7, 0x29, 0x3E,
    0xA5, 0x47, 0x14, 0x10, 0x77, 0x0F, 0xD0, 0x12, 0xD4, 0xC8, 0x8A, 0xE6, 0x83, 0xC1, 0xBC, 0xEB,
    0x21, 0xE5, 0xD6, 0xD3, 0x6D, 0xB3, 0x3C, 0x80, 0xB8, 0x45, 0x13, 0x59, 0x61, 0x63, 0x7F, 0x44,
    0xD5, 0x2C, 0x8E, 0xCA, 0x90, 0xEF, 0xBF, 0xFF, 0x1E, 0x45, 0x55, 0xFC, 0x0F, 0x8D, 0x54, 0x4D,
    0x6B, 0x13, 0x51, 0x14, 0x3D, 0x6F, 0x5E, 0xE8, 0xAB, 0x99, 0x8C, 0xE9, 0xDE, 0x92, 0x0A, 0x82,
    0x28, 0xD6, 0x36, 0x60, 0xC4, 0x6A, 0xBF, 0x46, 0x74, 0xA7, 0xFD, 0x07, 0xFE, 0x00, 0x41, 0x5A,
    0x0B, 0x75, 0x51, 0x41, 0xCB, 0x50, 0xFF, 0x40, 0x7F, 0x42, 0x96, 0x9A, 0x2E, 0x74, 0xE1, 0x22,
    0xC1, 0xB6, 0x3E, 0xDA, 0x8D, 0x88, 0xE0, 0x80, 0x8B, 0x42, 0x51, 0x19, 0xB7, 0x5A, 0x30, 0x68,
    0x17, 0x22, 0x6D, 0xEA, 0xB9, 0x6F, 0xF2, 0x29, 0xA5, 0xFA, 0x48, 0x26, 0x73, 0xEF, 0xBB, 0xF7,
    0xDC, 0xF3, 0xCE, 0xBD, 0x2F, 0x80, 0x2C, 0x13, 0xF2, 0x31, 0x24, 0x8F, 0x9A, 0x98, 0x87, 0xB2,
    0xBE, 0x57, 0xB8, 0xCA, 0xEB, 0x62, 0xAB, 0x3D, 0x79, 0x66, 0x5C, 0x68, 0x82, 0x35, 0x4C, 0x47,
    0x17, 0x5E, 0x04, 0x9F, 0xCC, 0xE5, 0xAD, 0x99, 0xD2, 0x8D, 0x9B, 0x88, 0x51, 0x42, 0x00, 0x1D,
    0x1E, 0xF9, 0xD2, 0x5A, 0x5A, 0xC0, 0xB1, 0xE4, 0xDE, 0x6B, 0x0E, 0x7F, 0x87, 0xF0, 0xAB, 0x75,
    0x9A, 0xA7, 0x22, 0x3E, 0xA6, 0x5A, 0x15, 0x8E, 0x45, 0x2B, 0xE9, 0x99, 0xD2, 0xC2, 0x9D, 0xDC,
    0x8E, 0xF7, 0x8A, 0x1C, 0x7C, 0xAB, 0xEA, 0x4D, 0x74, 0x13, 0x72, 0x9B, 0xFC, 0x97, 0x1C, 0xFF,
    0x5A, 0x9B, 0xFF, 0x6A, 0x7D, 0x5D, 0xF0, 0xC9, 0x7F, 0x4A, 0xD0, 0x33, 0xFF, 0xE4, 0x7F, 0x24,
    0xFE, 0xA2, 0x48, 0xC2, 0xA3, 0x2C, 0x91, 0xFE, 0xF8, 0x32, 0x70, 0x3E, 0x01, 0x72, 0x74, 0x06,
    0x05, 0xA0, 0xCF, 0x90, 0xBD, 0x4A, 0x9A, 0x51, 0x05, 0xE1, 0xF2, 0xB7, 0x23, 0xD3, 0x24, 0x79,
    0x91, 0x7B, 0x0D, 0x60, 0xFD, 0x00, 0x78, 0xB2, 0x0B, 0xE4, 0xEF, 0x02, 0x93, 0x45, 0x60, 0xAF,
    0x0C, 0x1D, 0xC7, 0xC8, 0x53, 0xA0, 0x49, 0x46, 0x51, 0x6A, 0xCD, 0x5A, 0x2D, 0xF3, 0x25, 0xBF,
    0x03, 0x4D, 0x80, 0xF2, 0x71, 0x55, 0x52, 0x07, 0x33, 0x17, 0xE7, 0xE9, 0x28, 0xD1, 0xF1, 0x14,
    0xF8, 0xB2, 0x0F, 0xCC, 0x51, 0x02, 0xC5, 0xBA, 0xE8, 0x6F, 0xC2, 0x9C, 0x48, 0xB9, 0x08, 0xB4,
    0xC7, 0x78, 0x3F, 0xEC, 0x36, 0xB3, 0x34, 0x03, 0x9A, 0x83, 0x34, 0xCF, 0x72, 0x77, 0xFA, 0x16,
    0xB0, 0x51, 0xE5, 0xF9, 0x19, 0x75, 0x3A, 0xCD, 0xE7, 0x79, 0x94, 0xA5, 0x5C, 0xFE, 0x8A, 0x67,
    0x31, 0x27, 0x1D, 0x9B, 0x16, 0xBD, 0xDF, 0x7F, 0xAD, 0x6C, 0x54, 0xCA, 0x23, 0x18, 0x66, 0xC8,
    0x5A, 0x20, 0x53, 0xE3, 0xB7, 0xBB, 0x9F, 0xD6, 0x36, 0x32, 0x04, 0x3A, 0xA2, 0x8A, 0x4C, 0xAC,
    0xB9, 0xA4, 0xB7, 0x95, 0xDF, 0x32, 0x04, 0x63, 0x32, 0x04, 0xC3, 0xD2, 0xA4, 0x93, 0x6D, 0xB9,
    0xF0, 0x88, 0x38, 0x40, 0x03, 0x6C, 0x86, 0xBE, 0x16, 0x99, 0xAB, 0x36, 0x18, 0x8B, 0x19, 0xD9,
    0xFD, 0xA1, 0x27, 0x3B, 0x66, 0xB9, 0xCB, 0x18, 0x75, 0x08, 0x1C, 0xB8, 0xAC, 0x81, 0x74, 0x86,
    0x1B, 0x95, 0xCA, 0x33, 0xBE, 0xB0, 0xA6, 0xC1, 0x42, 0x84, 0xD1, 0xB0, 0x34, 0x87, 0x2A, 0x06,
    0xDB, 0xE3, 0xF1, 0x9C, 0x95, 0x6B, 0x3A, 0xF4, 0x23, 0xF5, 0xC3, 0xCA, 0x78, 0xC4, 0x19, 0x74,
    0x2F, 0xEF, 0x90, 0x8A, 0x3E, 0xEC, 0x4B, 0xE4, 0x72, 0x24, 0x1C, 0x11, 0x58, 0x2F, 0x82, 0x17,
    0x05, 0x02, 0xC7, 0xB6, 0xE5, 0xB0, 0x09, 0x14, 0xF5, 0x20, 0xFD, 0x39, 0x36, 0xA6, 0x70, 0x8F,
    0x29, 0xFE, 0x3E, 0x52, 0x4D, 0xBB, 0x96, 0x4F, 0xE9, 0xCD, 0xCA, 0x2C, 0x54, 0x8C, 0x07, 0x44,
    0x51, 0xD6, 0x00, 0x59, 0xB9, 0x18, 0xF3, 0x44, 0xD2, 0xB0, 0xE8, 0x2F, 0xE6, 0x80, 0x0F, 0x8C,
    0xCC, 0x12, 0x15, 0xE3, 0xB3, 0x44, 0x68, 0x34, 0x7B, 0xDA, 0x59, 0xA2, 0xA7, 0x73, 0x4F, 0x3D,
    0x26, 0x64, 0xF1, 0xB6, 0x64, 0x58, 0xE4, 0x24, 0x55, 0x3B, 0xB0, 0xAC, 0xA0, 0x0A, 0x49, 0x65,
    0xF9, 0xE3, 0x47, 0x23, 0x9C, 0xFB, 0x46, 0x37, 0x82, 0x12, 0x5A, 0xAF, 0x79, 0xA4, 0xA1, 0xFB,
    0x32, 0x52, 0x9F, 0xE5, 0x4E, 0x3A, 0xF2, 0x45, 0x22, 0xB8, 0xF3, 0x30, 0xA0, 0xE8, 0x8E, 0xA8,
    0xA5, 0x9E, 0x91, 0xAB, 0x62, 0xA2, 0x82, 0x08, 0xD1, 0x7B, 0xA2, 0xBC, 0x53, 0x47, 0x66, 0x2F,
    0x6D, 0xBC, 0x2F, 0xF7, 0x17, 0xEE, 0x2F, 0x42, 0xC7, 0x9D, 0x3D, 0x25, 0x7B, 0xFB, 0x54, 0x5C,
    0xD6, 0x44, 0x0F, 0x02, 0xAD, 0x0D, 0xA8, 0xAD, 0x50, 0x5F, 0xB7, 0x3E, 0x92, 0x21, 0xEC, 0x5D,
    0xC1, 0xC7, 0x33, 0x78, 0x43, 0x35, 0xFE, 0xF3, 0xD3, 0xCB, 0x85, 0xC7, 0xCD, 0x4B, 0x31, 0xDB,
    0x55, 0xDC, 0xDD, 0x5C, 0xE3, 0x3C, 0x55, 0xC7, 0xB2, 0xB3, 0xD7, 0xE2, 0xA2, 0x10, 0xFE, 0x7F,
    0xC5, 0x4B, 0x78, 0x37, 0x8A, 0x5F, 0x79, 0xD4, 0x0D, 0x62, 0x6F, 0x2B, 0xC2, 0x37, 0x80, 0x9D,
    0x38, 0xD7, 0xE1, 0x91, 0x77, 0xF0, 0xD4, 0x42, 0xAA, 0x59, 0xD1, 0xC4, 0x4B, 0x44, 0x13, 0xF5,
    0x53, 0x34, 0x31, 0x9B, 0x52, 0xBA, 0xAA, 0x52, 0x26, 0x55, 0xC7, 0x64, 0xA2, 0x47, 0x95, 0x54,
    0x93, 0x6D, 0xE8, 0x65, 0xD1, 0x84, 0x85, 0xC6, 0xB1, 0xCB, 0xA2, 0x47, 0x32, 0xE1, 0x16, 0x03,
    0x18, 0xC6, 0x60, 0x6C, 0x4B, 0x22, 0xD3, 0xFF, 0x00, 0x9D, 0x55, 0xCF, 0x6F, 0x1B, 0x45, 0x14,
    0xFE, 0x66, 0x87, 0x66, 0x4B, 0x37, 0xF6, 0x72, 0x00, 0x14, 0x29, 0xB6, 0xCC, 0xA1, 0x87, 0xAA,
    0x32, 0xB5, 0x25, 0x16, 0x61, 0x84, 0x13, 0x4F, 0x9A, 0x03, 0x47, 0x38, 0xC4, 0x77, 0xFE, 0x00,
    0x44, 0x7C, 0x88, 0x44, 0x0E, 0x4E, 0xBB, 0x3D, 0x71, 0x0D, 0x7F, 0x00, 0x22, 0x87, 0x1E, 0xC0,
    0x39, 0x64, 0x0F, 0x39, 0xA6, 0xF1, 0x54, 0x3D, 0x20, 0x51, 0xA4, 0xAE, 0x10, 0x88, 0x0B, 0x48,
    0x7B, 0x70, 0x4F, 0x1C, 0x58, 0x4A, 0x22, 0xA5, 0xAA, 0x9B, 0xE1, 0x9B, 0x59, 0xDB, 0xB1, 0xAA,
    0x22, 0x04, 0x23, 0xCF, 0xCE, 0xDB, 0xB7, 0x6F, 0xDE, 0xFB, 0xDE, 0x4F, 0x7B, 0xE7, 0xCA, 0xFB,
    0x32, 0x03, 0x22, 0xA0, 0x02, 0x94, 0x80, 0x32, 0x10, 0x8A, 0xE3, 0xD0, 0x4F, 0x0F, 0x42, 0x74,
    0x6E, 0x60, 0x75, 0x05, 0x2B, 0x6D, 0xB4, 0xDB, 0x38, 0x6A, 0xE3, 0xA4, 0x2A, 0xF2, 0xC0, 0xD7,
    0xF8, 0x16, 0x1D, 0x33, 0x1E, 0x0C, 0x72, 0x48, 0x8D, 0x10, 0x68, 0x03, 0x24, 0xBF, 0x1F, 0x1C,
    0x90, 0xEB, 0xC8, 0x29, 0xF7, 0xC9, 0x60, 0xFF, 0x91, 0x31, 0xC0, 0x5B, 0x40, 0x8A, 0x20, 0x34,
    0xE6, 0xFA, 0xFE, 0x18, 0x41, 0x8E, 0xF7, 0xB4, 0x78, 0x84, 0x72, 0x1B, 0xD1, 0x93, 0xFD, 0xDF,
    0xAD, 0x40, 0xAF, 0xED, 0xC5, 0x79, 0x49, 0xEA, 0x5E, 0x28, 0xE3, 0xF6, 0x70, 0xF0, 0x97, 0x31,
    0x0F, 0x94, 0x45, 0xF3, 0x1A, 0x26, 0x6B, 0xC1, 0xEC, 0xEE, 0x61, 0x75, 0xED, 0x58, 0x8B, 0x0C,
    0x41, 0x2C, 0x15, 0xCA, 0x9A, 0x48, 0x5B, 0x09, 0x65, 0x92, 0x28, 0x82, 0xA7, 0x97, 0x9A, 0xF0,
    0xB1, 0xD8, 0x44, 0xD5, 0x3E, 0x22, 0xFB, 0xC8, 0xB0, 0x18, 0x11, 0x48, 0xA5, 0x12, 0xD0, 0xB7,
    0x12, 0x05, 0x7B, 0xFE, 0x21, 0x44, 0xEA, 0x65, 0xF0, 0x95, 0xBC, 0x87, 0x1D, 0x94, 0x7D, 0x93,
    0xE2, 0x32, 0x66, 0x4B, 0x81, 0x7A, 0x60, 0xC1, 0x23, 0x60, 0x3C, 0xC2, 0x1C, 0xB8, 0x76, 0x02,
    0x34, 0xE9, 0x52, 0x6F, 0x87, 0x0E, 0xAC, 0x42, 0xE8, 0x06, 0xA4, 0x0A, 0x63, 0x1F, 0x21, 0xCD,
    0xFB, 0xE9, 0x22, 0x64, 0x7E, 0x15, 0x5E, 0xFE, 0x6E, 0xB7, 0x7B, 0x36, 0x34, 0x36, 0x22, 0x83,
    0xC1, 0x1D, 0xD3, 0xDD, 0x4C, 0x03, 0x8D, 0x23, 0xF4, 0x11, 0x68, 0xFF, 0x3F, 0x13, 0xF7, 0x48,
    0x0C, 0x9F, 0x07, 0x26, 0xB6, 0x90, 0xA4, 0x31, 0x79, 0xA8, 0x65, 0x5C, 0x53, 0x25, 0x74, 0x18,
    0x45, 0xC2, 0x00, 0xE1, 0x08, 0xC2, 0x92, 0x84, 0xD8, 0x28, 0xC8, 0x9A, 0x82, 0x38, 0x83, 0xC3,
    0x75, 0x86, 0x76, 0xC8, 0x18, 0xDD, 0x36, 0x26, 0xEE, 0x10, 0xD0, 0xF5, 0xC1, 0xE0, 0x1B, 0x63,
    0xCC, 0x69, 0xB7, 0xDB, 0x9D, 0x7A, 0xF9, 0x2A, 0x77, 0xE6, 0x92, 0xCC, 0x63, 0x70, 0x30, 0xF8,
    0xDA, 0x98, 0xF3, 0xC9, 0xDB, 0xF4, 0xB0, 0x8B, 0xD1, 0xAD, 0xBB, 0x9A, 0xC8, 0xE9, 0x35, 0x64,
    0xCC, 0xE8, 0xDA, 0xCF, 0x05, 0x2F, 0x61, 0x1C, 0x2F, 0x78, 0x95, 0x09, 0xCF, 0xAE, 0xCF, 0x9F,
    0xA9, 0x42, 0xC7, 0xEB, 0x44, 0x48, 0xAA, 0xC9, 0xD4, 0xF1, 0xD8, 0x6D, 0x60, 0x11, 0x5B, 0xD0,
    0x52, 0x2F, 0xA1, 0xEA, 0x29, 0xE4, 0xCC, 0xD6, 0x4D, 0x56, 0xC8, 0xC7, 0x10, 0xBF, 0x32, 0xD2,
    0x8C, 0xF8, 0x36, 0xE5, 0xD5, 0x14, 0x63, 0x23, 0x0B, 0xCE, 0x92, 0xFE, 0x4A, 0x39, 0x0D, 0x52,
    0xDF, 0xEE, 0xA4, 0xDD, 0x2A, 0x5B, 0xDE, 0x2C, 0x55, 0xD7, 0xE6, 0x6B, 0x95, 0x37, 0x59, 0x72,
    0x5F, 0x10, 0x67, 0x8A, 0x74, 0x09, 0x99, 0xB4, 0x96, 0x3A, 0xB6, 0xEC, 0x98, 0xDC, 0x92, 0x9F,
    0xEE, 0xFC, 0xFB, 0xCF, 0x29, 0x95, 0x6B, 0xFA, 0x65, 0xBF, 0x1F, 0xE4, 0xDA, 0x58, 0xDE, 0xCC,
    0xE5, 0xBA, 0x96, 0x1F, 0x69, 0x79, 0xAC, 0xE5, 0x9F, 0x5A, 0xDE, 0xD7, 0xE1, 0x1D, 0xDD, 0x59,
    0xD3, 0xEF, 0xBC, 0xFC, 0x8A, 0x9E, 0x60, 0x64, 0xBA, 0xFE, 0x80, 0xF8, 0x05, 0xF2, 0x41, 0x4C,
    0x66, 0x80, 0xAC, 0x8C, 0xA4, 0x8E, 0xA8, 0x85, 0x7A, 0x0F, 0xD5, 0x3D, 0x2C, 0xF5, 0xD0, 0x6A,
    0xA1, 0x57, 0x47, 0x56, 0x12, 0x69, 0x20, 0xB5, 0x5C, 0x57, 0xF2, 0x21, 0xC4, 0x6F, 0x2E, 0xC7,
    0x0C, 0x88, 0x38, 0x44, 0x2D, 0xC7, 0x8F, 0xCA, 0x77, 0xDE, 0x26, 0xB6, 0x3A, 0x67, 0xCD, 0xF6,
    0x22, 0xD9, 0xB2, 0x51, 0x97, 0xB6, 0x69, 0xA8, 0xD5, 0x28, 0xB1, 0x07, 0xA7, 0x82, 0x8A, 0x8E,
    0x30, 0xBF, 0xB6, 0xB1, 0x3D, 0xC6, 0xF8, 0xC8, 0x71, 0xE7, 0xE9, 0x79, 0x89, 0xD9, 0xAD, 0x85,
    0xBB, 0x78, 0xA5, 0x61, 0x46, 0xFD, 0xA6, 0x18, 0x66, 0xB3, 0x4E, 0xBC, 0x8B, 0xCB, 0x8D, 0xE1,
    0xE3, 0x19, 0xCF, 0x73, 0x32, 0x3F, 0xF5, 0x23, 0x61, 0xD8, 0x30, 0x97, 0x8A, 0xC2, 0xB4, 0x79,
    0xB7, 0x4D, 0x0F, 0x46, 0x42, 0xA8, 0xA2, 0xB7, 0xB8, 0x6C, 0x49, 0xBE, 0xD1, 0xED, 0x6E, 0x4C,
    0x75, 0xCD, 0xBD, 0x4F, 0x9A, 0x2F, 0x50, 0x05, 0xEF, 0x74, 0xC3, 0xBD, 0x86, 0x85, 0xCC, 0x9B,
    0xA7, 0xDD, 0x0D, 0xDB, 0x96, 0xFE, 0x1C, 0xCC, 0x79, 0x5D, 0xFF, 0x40, 0xDB, 0xE9, 0xC1, 0xB2,
    0x94, 0x69, 0xC1, 0xBB, 0x45, 0xDE, 0x61, 0xF1, 0x7D, 0xF3, 0xE7, 0x0D, 0xBC, 0x5D, 0xC8, 0x2E,
    0x53, 0x77, 0xA0, 0x5C, 0x31, 0xCD, 0xAF, 0x4F, 0x81, 0xE5, 0x13, 0xF8, 0x4F, 0xE1, 0x9D, 0x03,
    0xAB, 0xAA, 0xD8, 0x0B, 0x4F, 0xF9, 0x65, 0xD9, 0x96, 0xE1, 0xE6, 0x08, 0x73, 0x91, 0xB5, 0x7A,
    0xEC, 0xF9, 0x3E, 0x77, 0xCD, 0x7E, 0xD9, 0x4C, 0xE9, 0xF7, 0x90, 0x2D, 0x2C, 0x8E, 0x8A, 0xBD,
    0xB9, 0x8B, 0xC6, 0xC8, 0x5D, 0x5D, 0x7D, 0xC1, 0x87, 0x59, 0xBB, 0xD9, 0x1C, 0xA3, 0xD5, 0x27,
    0x77, 0x04, 0xEF, 0x39, 0xAF, 0x70, 0xD2, 0x3D, 0xD6, 0x58, 0x61, 0x1C, 0x3A, 0xEB, 0x0A, 0x9E,
    0xB1, 0xCA, 0x6D, 0x93, 0x0E, 0x99, 0xE5, 0x85, 0x33, 0x66, 0xBC, 0x62, 0xFB, 0xCE, 0x85, 0xD9,
    0xAD, 0x2B, 0x4E, 0xCF, 0x0A, 0xD9, 0xCB, 0x23, 0x96, 0xC3, 0xED, 0x43, 0x86, 0xD4, 0x02, 0x7E,
    0x96, 0xB1, 0x35, 0xFA, 0xF0, 0xEE, 0x8F, 0x21, 0x0F, 0x62, 0x84, 0x23, 0x08, 0xEA, 0x6A, 0x7C,
    0xC5, 0xB6, 0x75, 0x26, 0xB9, 0xAF, 0x16, 0x1A, 0x6A, 0xC6, 0x84, 0xCA, 0x0D, 0xC0, 0x1E, 0x53,
    0x51, 0x34, 0x72, 0xA9, 0x38, 0xEC, 0xDB, 0xD6, 0x24, 0x47, 0xBB, 0x0C, 0x82, 0x6D, 0x2F, 0x70,
    0xA0, 0x33, 0x2A, 0x35, 0xB8, 0x4A, 0xE4, 0x84, 0x77, 0x03, 0x24, 0x29, 0xF2, 0x94, 0xB8, 0x37,
    0xCE, 0x09, 0x6B, 0xE0, 0xB3, 0xD0, 0x9C, 0xAB, 0x59, 0xEB, 0xFA, 0xCA, 0x19, 0xAA, 0xB0, 0xE2,
    0xE3, 0x1E, 0x92, 0x80, 0x36, 0x32, 0x8F, 0x03, 0x35, 0xB2, 0x0D, 0x12, 0x70, 0xDC, 0x6C, 0xB5,
    0xE0, 0x3D, 0x2C, 0xA6, 0x30, 0x43, 0x64, 0xE7, 0xC2, 0x27, 0x53, 0x27, 0xA9, 0xAF, 0x42, 0xB3,
    0x84, 0x31, 0x24, 0xB6, 0x36, 0x01, 0xA5, 0x88, 0xCA, 0x34, 0x95, 0x08, 0xED, 0xD3, 0x54, 0xE2,
    0x93, 0x4E, 0x45, 0x5A, 0x47, 0xCB, 0x57, 0xCE, 0x2C, 0x7D, 0x14, 0xF1, 0xFF, 0xF3, 0xCF, 0x2E,
    0x8E, 0xCF, 0x7C, 0xE6, 0xEA, 0x8D, 0x22, 0x5E, 0x84, 0x38, 0x75, 0x35, 0xB8, 0x70, 0xB5, 0x98,
    0x62, 0x73, 0xAE, 0xBA, 0xBB, 0x4B, 0x58, 0x90, 0x4A, 0xEA, 0x04, 0x69, 0x15, 0x89, 0xD4, 0x91,
    0xED, 0xF7, 0x72, 0x19, 0xE2, 0x3B, 0xE0, 0x83, 0x98, 0xB3, 0x7E, 0x32, 0x71, 0xE9, 0xE7, 0xA5,
    0x6E, 0x57, 0xB1, 0x72, 0x0B, 0xEF, 0x1C, 0x9A, 0x0E, 0x50, 0xE5, 0xFF, 0x66, 0x1D, 0xF2, 0x43,
    0xE5, 0xE9, 0x0C, 0x59, 0x85, 0x2A, 0x62, 0x3A, 0x59, 0x45, 0xF9, 0x0A, 0xBC, 0xF8, 0x42, 0x9A,
    0xC3, 0x84, 0x6A, 0x25, 0xFF, 0x01, 0x28, 0xC0, 0x69, 0xE2, 0xE9, 0x1C, 0x5B, 0x11, 0xC2, 0xBA,
    0x1B, 0x27, 0xD4, 0xE3, 0xC7, 0xF8, 0x1B, 0x85, 0x92, 0x31, 0x4E, 0xC3, 0x30, 0x18, 0x85, 0x9F,
    0x6D, 0x50, 0x06, 0x4B, 0x98, 0x13, 0xD0, 0x0B, 0xB4, 0xCD, 0xCA, 0xD0, 0xA8, 0x46, 0x95, 0x38,
    0x0F, 0x43, 0x07, 0x86, 0x48, 0x44, 0xE2, 0x02, 0x8C, 0xDC, 0x80, 0x91, 0xA5, 0x43, 0x06, 0x10,
    0x39, 0x42, 0x16, 0x58, 0x18, 0xF0, 0xDE, 0xA1, 0x1E, 0x90, 0x5A, 0xC1, 0x10, 0xDE, 0xEF, 0xA6,
    0x88, 0x22, 0x24, 0x12, 0x29, 0xB2, 0x7E, 0xFF, 0xFF, 0xFB, 0x9E, 0x9F, 0x03, 0xD8, 0x68, 0x03,
    0xB0, 0x6E, 0x97, 0x0D, 0xEC, 0x99, 0x3B, 0x00, 0x26, 0xB8, 0x04, 0x54, 0xD0, 0x2D, 0xE0, 0xBC,
    0x03, 0x74, 0xD7, 0x75, 0x11, 0x87, 0x51, 0x47, 0x20, 0x6B, 0x6C, 0x05, 0x9C, 0x60, 0x04, 0xA0,
    0xC6, 0x3B, 0x37, 0x5B, 0xD3, 0xF4, 0x7D, 0x1C, 0x2C, 0xF9, 0x8D, 0x2A, 0xA4, 0x3E, 0x0F, 0x8C,
    0x59, 0x62, 0x81, 0x2F, 0x4C, 0x95, 0xB1, 0x30, 0xC4, 0x29, 0x30, 0x6D, 0xAF, 0x38, 0xF2, 0x80,
    0x0D, 0xE4, 0xB1, 0xDC, 0xC4, 0xE7, 0xAB, 0x87, 0x3D, 0x9F, 0x8A, 0xC4, 0x1C, 0x32, 0x4F, 0xC5,
    0x5C, 0xC0, 0x1B, 0x72, 0x4D, 0x4B, 0x39, 0xE7, 0x49, 0xA5, 0x5A, 0xAD, 0x22, 0x99, 0x34, 0xE1,
    0xFC, 0x48, 0xDA, 0x69, 0x21, 0xD2, 0x01, 0x1B, 0x6E, 0x89, 0xCB, 0x2B, 0x61, 0x11, 0x06, 0x61,
    0x09, 0x0A, 0x42, 0xDA, 0x82, 0x3E, 0xB8, 0xB5, 0x5E, 0x55, 0x3C, 0x65, 0x21, 0x93, 0x91, 0x20,
    0x4E, 0x3A, 0x3F, 0xD8, 0x07, 0xC9, 0xF1, 0xCA, 0x3D, 0x50, 0xDF, 0xDE, 0x83, 0x06, 0x09, 0x74,
    0xF3, 0x07, 0xA8, 0xEE, 0x41, 0x29, 0x50, 0xBD, 0xBA, 0x7E, 0xA2, 0xCC, 0xFC, 0x22, 0xDE, 0x05,
    0x38, 0x6A, 0x0E, 0xFB, 0x4C, 0x99, 0xDD, 0x44, 0xD5, 0xC8, 0x99, 0x6A, 0xE7, 0x55, 0x49, 0x7B,
    0x11, 0x86, 0xB1, 0x12, 0x5C, 0x62, 0x41, 0x2A, 0x97, 0x7E, 0x0C, 0x2C, 0x20, 0x86, 0x24, 0xD9,
    0x49, 0xCA, 0x50, 0xBC, 0x26, 0x6B, 0x2A, 0xEA, 0x90, 0xBD, 0xD0, 0x44, 0x81, 0x69, 0x65, 0x1A,
    0xC9, 0x9F, 0xB1, 0xCE, 0x85, 0x8C, 0x23, 0xEC, 0xF2, 0xD5, 0xC1, 0x84, 0x9D, 0x9D, 0x65, 0x80,
    0x79, 0x9B, 0xDD, 0x3F, 0x52, 0xF4, 0x38, 0xCE, 0xBE, 0x75, 0x42, 0x3A, 0x5F, 0x41, 0xFD, 0xCD,
    0x0F, 0x3B, 0x74, 0x20, 0xB7, 0x3C, 0x00, 0x7F, 0x83, 0x85, 0x0E, 0xC9, 0x4E, 0xF1, 0xDB, 0x8E,
    0x8A, 0xD9, 0x56, 0xA6, 0x16, 0x3B, 0xAD, 0x7D, 0x4E, 0x77, 0xFD, 0xBF, 0x9D, 0x2F, 0x2D, 0x8E,
    0xB1, 0x11, 0xC2, 0x30, 0x10, 0x04, 0xDF, 0xA3, 0xC0, 0xA1, 0x4B, 0x50, 0x09, 0xA4, 0x44, 0x56,
    0xE8, 0x72, 0x9C, 0x12, 0x61, 0x75, 0x40, 0x01, 0xF4, 0x62, 0x02, 0x1A, 0x91, 0x5D, 0x81, 0x02,
    0x02, 0x0D, 0x33, 0xFE, 0xE5, 0x1F, 0xF8, 0x60, 0x83, 0xDB, 0x99, 0xBB, 0x17, 0xF9, 0x5D, 0x9F,
    0x9D, 0xB1, 0x38, 0x97, 0x66, 0xE8, 0xDE, 0xAB, 0xC7, 0xF7, 0xC9, 0x44, 0x4C, 0x9B, 0x89, 0xEB,
    0xA9, 0x36, 0xE9, 0x34, 0x56, 0x95, 0x9E, 0xB9, 0x92, 0x23, 0xEC, 0x94, 0x05, 0x9E, 0xB4, 0x04,
    0x37, 0xDA, 0x00, 0x89, 0x12, 0xD0, 0x07, 0x59, 0x38, 0x50, 0x91, 0x74, 0x60, 0x75, 0x26, 0xAC,
    0x21, 0x28, 0x3E, 0xF3, 0x1A, 0x7D, 0xE5, 0x7C, 0x71, 0x0E, 0xDF, 0xC5, 0x90, 0xFF, 0x6F, 0xC8,
    0x07,
};

static const EpdGlyph chareink_11_5_italicGlyphs[] = {
    { 0, 0, 94, 0, 0, 0, 0 }, // U+0020
    { 7, 16, 129, 1, 16, 28, 0 }, // !
    { 7, 7, 127, 2, 17, 13, 28 }, // "
    { 16, 19, 285, 1, 18, 76, 41 }, // #
    { 13, 21, 213, 0, 18, 69, 117 }, // $
    { 19, 16, 330, 1, 16, 76, 186 }, // %
    { 17, 16, 270, 0, 16, 68, 262 }, // &
    { 4, 7, 65, 2, 17, 7, 330 }, // '
    { 11, 21, 161, 1, 18, 58, 337 }, // (
    { 11, 22, 160, -2, 18, 61, 395 }, // )
    { 11, 10, 192, 2, 17, 28, 456 }, // *
    { 16, 15, 383, 4, 15, 60, 484 }, // +
    { 6, 8, 107, -2, 3, 12, 544 }, // ,
    { 7, 2, 122, 0, 6, 4, 556 }, // -
    { 4, 3, 107, 0, 3, 3, 560 }, // .
    { 12, 19, 188, 0, 16, 57, 563 }, // /
    { 14, 16, 213, 0, 16, 56, 620 }, // 0
    { 9, 16, 213, 2, 16, 36, 676 }, // 1
    { 14, 16, 213, -1, 16, 56, 712 }, // 2
    { 13, 16, 213, 0, 16, 52, 768 }, // 3
    { 13, 17, 213, 0, 16, 56, 820 }, // 4
    { 13, 16, 213, 0, 16, 52, 876 }, // 5
    { 13, 18, 213, 0, 18, 59, 928 }, // 6
    { 14, 17, 213, 1, 16, 60, 987 }, // 7
    { 13, 16, 213, 0, 16, 52, 1047 }, // 8
    { 13, 18, 213, 1, 16, 59, 1099 }, // 9
    { 6, 12, 107, 0, 12, 18, 1158 }, // :
    { 8, 17, 107, -2, 12, 34, 1176 }, // ;
    { 16, 14, 383, 4, 14, 56, 1210 }, // <
    { 16, 7, 383, 4, 11, 28, 1266 }, // =
    { 16, 14, 383, 4, 14, 56, 1294 }, // >
    { 10, 16, 186, 2, 16, 40, 1350 }, // ?
    { 20, 20, 359, 1, 16, 100, 1390 }, // @
    { 17, 16, 258, -2, 16, 68, 1490 }, // A
    { 15, 16, 233, -1, 16, 60, 1558 }, // B
    { 15, 16, 241, 1, 16, 60, 1618 }, // C
    { 17, 16, 257, -1, 16, 68, 1678 }, // D
    { 15, 16, 214, -1, 16, 60, 1746 }, // E
    { 15, 16, 197, -1, 16, 60, 1806 }, // F
    { 16, 16, 264, 1, 16, 64, 1866 }, // G
    { 20, 16, 278, -1, 16, 80, 1930 }, // H
    { 10, 16, 120, -1, 16, 40, 2010 }, // I
    { 14, 16, 179, -1, 16, 56, 2050 }, // J
    { 18, 16, 251, -1, 16, 72, 2106 }, // K
    { 13, 16, 199, -1, 16, 52, 2178 }, // L
    { 23, 16, 330, -1, 16, 92, 2230 }, // M
    { 20, 16, 272, -1, 16, 80, 2322 }, // N
    { 16, 16, 272, 1, 16, 64, 2402 }, // O
    { 15, 16, 217, -1, 16, 60, 2466 }, // P
    { 17, 20, 272, 1, 16, 85, 2526 }, // Q
    { 16, 16, 246, -1, 16, 64, 2611 }, // R
    { 14, 16, 200, -1, 16, 56, 2675 }, // S
    { 15, 16, 225, 1, 16, 60, 2731 }, // T
    { 16, 16, 271, 2, 16, 64, 2791 }, // U
    { 17, 16, 246, 1, 16, 68, 2855 }, // V
    { 23, 16, 355, 1, 16, 92, 2923 }, // W
    { 19, 16, 243, -2, 16, 76, 3015 }, // X
    { 16, 16, 245, 2, 16, 64, 3091 }, // Y
    { 16, 16, 216, -1, 16, 64, 3155 }, // Z
    { 11, 21, 161, 1, 17, 58, 3219 }, // [
    { 12, 19, 187, 0, 16, 57, 3277 }, // <backslash>
    { 10, 21, 161, -1, 17, 53, 3334 }, // ]
    { 9, 4, 131, 1, 17, 9, 3387 }, // ^
    { 8, 2, 116, -2, -2, 4, 3396 }, // _
    { 6, 5, 151, 2, 18, 8, 3400 }, // `
    { 13, 12, 200, 0, 12, 39, 3408 }, // a
    { 12, 17, 189, 0, 17, 51, 3447 }, // b
    { 10, 12, 167, 0, 12, 30, 3498 }, // c
    { 13, 17, 202, 0, 17, 56, 3528 }, // d
    { 10, 12, 166, 0, 12, 30, 3584 }, // e
    { 15, 22, 123, -4, 17, 83, 3614 }, // f
    { 13, 17, 169, -1, 12, 56, 3697 }, // g
    { 13, 17, 201, 0, 17, 56, 3753 }, // h
    { 7, 16, 102, 0, 16, 28, 3809 }, // i
    { 11, 21, 105, -4, 16, 58, 3837 }, // j
    { 12, 17, 195, 0, 17, 51, 3895 }, // k
    { 7, 17, 102, 0, 17, 30, 3946 }, // l
    { 19, 12, 297, 0, 12, 57, 3976 }, // m
    { 13, 12, 203, 0, 12, 39, 4033 }, // n
    { 12, 12, 194, 0, 12, 36, 4072 }, // o
    { 15, 17, 189, -3, 12, 64, 4108 }, // p
    { 12, 17, 200, 0, 12, 51, 4172 }, // q
    { 10, 12, 143, 0, 12, 30, 4223 }, // r
    { 10, 12, 142, -1, 12, 30, 4253 }, // s
    { 8, 14, 115, 1, 14, 28, 4283 }, // t
    { 13, 12, 202, 0, 12, 39, 4311 }, // u
    { 12, 12, 177, 0, 12, 36, 4350 }, // v
    { 17, 12, 269, 0, 12, 51, 4386 }, // w
    { 14, 12, 202, -1, 12, 42, 4437 }, // x
    { 15, 17, 191, -2, 12, 64, 4479 }, // y
    { 12, 14, 170, -1, 13, 42, 4543 }, // z
    { 12, 21, 186, 1, 17, 63, 4585 }, // {
    { 2, 26, 135, 3, 20, 13, 4648 }, // |
    { 12, 21, 186, -1, 17, 63, 4661 }, // }
    { 17, 5, 319, 2, 10, 22, 4724 }, // ~
    { 0, 0, 97, 0, 0, 0, 0 }, // U+00A0
    { 7, 17, 129, 0, 12, 30, 0 }, // U+00A1
    { 12, 18, 213, 1, 15, 54, 30 }, // U+00A2
    { 15, 16, 213, -1, 16, 60, 84 }, // U+00A3
    { 14, 14, 234, 0, 17, 49, 144 }, // U+00A4
    { 16, 16, 213, 0, 16, 64, 193 }, // U+00A5
    { 2, 22, 132, 3, 17, 11, 257 }, // U+00A6
    { 12, 21, 192, 0, 17, 63, 268 }, // U+00A7
    { 9, 3, 121, 1, 17, 7, 331 }, // U+00A8
    { 19, 20, 321, 1, 18, 95, 338 }, // U+00A9
    { 9, 9, 129, 1, 16, 21, 433 }, // U+00AA
    { 11, 12, 156, 0, 12, 33, 454 }, // U+00AB
    { 14, 6, 238, 0, 10, 21, 487 }, // U+00AC
    { 7, 2, 122, 0, 6, 4, 508 }, // U+00AD
    { 19, 20, 321, 1, 18, 95, 512 }, // U+00AE
    { 9, 2, 117, 1, 15, 5, 607 }, // U+00AF
    { 6, 6, 123, 1, 17, 9, 612 }, // U+00B0
    { 16, 14, 383, 4, 14, 56, 621 }, // U+00B1
    { 9, 9, 138, 1, 18, 21, 677 }, // U+00B2
    { 9, 9, 138, 1, 18, 21, 698 }, // U+00B3
    { 7, 5, 112, 3, 18, 9, 719 }, // U+00B4
    { 14, 17, 210, -1, 12, 60, 728 }, // U+00B5
    { 11, 19, 186, 1, 16, 53, 788 }, // U+00B6
    { 4, 3, 72, 0, 10, 3, 841 }, // U+00B7
    { 6, 7, 91, -2, 1, 11, 844 }, // U+00B8
    { 6, 9, 138, 2, 18, 14, 855 }, // U+00B9
    { 9, 9, 126, 0, 16, 21, 869 }, // U+00BA
    { 11, 12, 156, -1, 12, 33, 890 }, // U+00BB
    { 18, 18, 337, 1, 17, 81, 923 }, // U+00BC
    { 19, 18, 337, 1, 17, 86, 1004 }, // U+00BD
    { 19, 18, 337, 1, 17, 86, 1090 }, // U+00BE
    { 10, 17, 186, 0, 12, 43, 1176 }, // U+00BF
    { 17, 22, 258, -2, 22, 94, 1219 }, // U+00C0
    { 17, 22, 258, -2, 22, 94, 1313 }, // U+00C1
    { 17, 22, 258, -2, 22, 94, 1407 }, // U+00C2
    { 17, 21, 258, -2, 21, 90, 1501 }, // U+00C3
    { 17, 22, 258, -2, 22, 94, 1591 }, // U+00C4
    { 17, 23, 258, -2, 23, 98, 1685 }, // U+00C5
    { 25, 16, 359, -2, 16, 100, 1783 }, // U+00C6
    { 15, 21, 241, 1, 16, 79, 1883 }, // U+00C7
    { 15, 22, 214, -1, 22, 83, 1962 }, // U+00C8
    { 15, 22, 214, -1, 22, 83, 2045 }, // U+00C9
    { 15, 22, 214, -1, 22, 83, 2128 }, // U+00CA
    { 15, 22, 214, -1, 22, 83, 2211 }, // U+00CB
    { 10, 22, 120, -1, 22, 55, 2294 }, // U+00CC
    { 11, 22, 120, -1, 22, 61, 2349 }, // U+00CD
    { 11, 22, 120, -1, 22, 61, 2410 }, // U+00CE
    { 11, 22, 120, -1, 22, 61, 2471 }, // U+00CF
    { 17, 16, 257, -1, 16, 68, 2532 }, // U+00D0
    { 20, 21, 272, -1, 21, 105, 2600 }, // U+00D1
    { 16, 23, 272, 1, 23, 92, 2705 }, // U+00D2
    { 16, 23, 272, 1, 23, 92, 2797 }, // U+00D3
    { 16, 23, 272, 1, 23, 92, 2889 }, // U+00D4
    { 16, 22, 272, 1, 22, 88, 2981 }, // U+00D5
    { 16, 22, 272, 1, 22, 88, 3069 }, // U+00D6
    { 14, 14, 383, 5, 14, 49, 3157 }, // U+00D7
    { 16, 20, 272, 1, 18, 80, 3206 }, // U+00D8
    { 16, 23, 271, 2, 23, 92, 3286 }, // U+00D9
    { 16, 23, 271, 2, 23, 92, 3378 }, // U+00DA
    { 16, 23, 271, 2, 23, 92, 3470 }, // U+00DB
    { 16, 22, 271, 2, 22, 88, 3562 }, // U+00DC
    { 16, 22, 245, 2, 22, 88, 3650 }, // U+00DD
    { 15, 16, 217, -1, 16, 60, 3738 }, // U+00DE
    { 17, 22, 213, -4, 17, 94, 3798 }, // U+00DF
    { 13, 17, 200, 0, 17, 56, 3892 }, // U+00E0
    { 13, 17, 200, 0, 17, 56, 3948 }, // U+00E1
    { 13, 17, 200, 0, 17, 56, 4004 }, // U+00E2
    { 14, 16, 200, 0, 16, 56, 4060 }, // U+00E3
    { 13, 16, 200, 0, 16, 52, 4116 }, // U+00E4
    { 13, 19, 200, 0, 19, 62, 4168 }, // U+00E5
    { 18, 12, 286, 0, 12, 54, 4230 }, // U+00E6
    { 10, 17, 167, 0, 12, 43, 4284 }, // U+00E7
    { 10, 17, 166, 0, 17, 43, 4327 }, // U+00E8
    { 11, 17, 166, 0, 17, 47, 4370 }, // U+00E9
    { 12, 17, 166, 0, 17, 51, 4417 }, // U+00EA
    { 12, 16, 166, 0, 16, 48, 4468 }, // U+00EB
    { 7, 17, 102, 0, 17, 30, 4516 }, // U+00EC
    { 9, 17, 102, 0, 17, 39, 4546 }, // U+00ED
    { 9, 17, 102, 0, 17, 39, 4585 }, // U+00EE
    { 9, 16, 102, 0, 16, 36, 4624 }, // U+00EF
    { 12, 18, 194, 0, 18, 54, 4660 }, // U+00F0
    { 13, 16, 203, 0, 16, 52, 4714 }, // U+00F1
    { 12, 17, 194, 0, 17, 51, 4766 }, // U+00F2
    { 12, 17, 194, 0, 17, 51, 4817 }, // U+00F3
    { 12, 17, 194, 0, 17, 51, 4868 }, // U+00F4
    { 13, 16, 194, 0, 16, 52, 4919 }, // U+00F5
    { 12, 16, 194, 0, 16, 48, 4971 }, // U+00F6
    { 16, 11, 383, 4, 12, 44, 5019 }, // U+00F7
    { 12, 16, 194, 0, 14, 48, 5063 }, // U+00F8
    { 13, 17, 202, 0, 17, 56, 5111 }, // U+00F9
    { 13, 17, 202, 0, 17, 56, 5167 }, // U+00FA
    { 13, 17, 202, 0, 17, 56, 5223 }, // U+00FB
    { 13, 16, 202, 0, 16, 52, 5279 }, // U+00FC
    { 15, 22, 191, -2, 17, 83, 5331 }, // U+00FD
    { 15, 22, 189, -3, 17, 83, 5414 }, // U+00FE
    { 15, 21, 191, -2, 16, 79, 5497 }, // U+00FF
    { 17, 20, 258, -2, 20, 85, 0 }, // U+0100
    { 13, 16, 200, 0, 16, 52, 85 }, // U+0101
    { 17, 22, 258, -2, 22, 94, 137 }, // U+0102
    { 13, 17, 200, 0, 17, 56, 231 }, // U+0103
    { 17, 21, 258, -2, 16, 90, 287 }, // U+0104
    { 13, 17, 200, 0, 12, 56, 377 }, // U+0105
    { 15, 22, 241, 1, 22, 83, 433 }, // U+0106
    { 12, 17, 167, 0, 17, 51, 516 }, // U+0107
    { 15, 23, 241, 1, 23, 87, 567 }, // U+0108
    { 12, 17, 167, 0, 17, 51, 654 }, // U+0109
    { 15, 22, 241, 1, 22, 83, 705 }, // U+010A
    { 10, 16, 167, 0, 16, 40, 788 }, // U+010B
    { 15, 22, 241, 1, 22, 83, 828 }, // U+010C
    { 13, 17, 167, 0, 17, 56, 911 }, // U+010D
    { 17, 22, 257, -1, 22, 94, 967 }, // U+010E
    { 17, 17, 241, 0, 17, 73, 1061 }, // U+010F
    { 17, 16, 257, -1, 16, 68, 1134 }, // U+0110
    { 15, 17, 202, 0, 17, 64, 1202 }, // U+0111
    { 15, 20, 214, -1, 20, 75, 1266 }, // U+0112
    { 12, 16, 166, 0, 16, 48, 1341 }, // U+0113
    { 15, 22, 214, -1, 22, 83, 1389 }, // U+0114
    { 12, 17, 166, 0, 17, 51, 1472 }, // U+0115
    { 15, 22, 214, -1, 22, 83, 1523 }, // U+0116
    { 10, 16, 166, 0, 16, 40, 1606 }, // U+0117
    { 15, 21, 214, -1, 16, 79, 1646 }, // U+0118
    { 10, 17, 166, 0, 12, 43, 1725 }, // U+0119
    { 15, 22, 214, -1, 22, 83, 1768 }, // U+011A
    { 13, 17, 166, 0, 17, 56, 1851 }, // U+011B
    { 16, 23, 264, 1, 23, 92, 1907 }, // U+011C
    { 13, 22, 169, -1, 17, 72, 1999 }, // U+011D
    { 16, 22, 264, 1, 22, 88, 2071 }, // U+011E
    { 13, 22, 169, -1, 17, 72, 2159 }, // U+011F
    { 16, 22, 264, 1, 22, 88, 2231 }, // U+0120
    { 13, 21, 169, -1, 16, 69, 2319 }, // U+0121
    { 16, 22, 264, 1, 16, 88, 2388 }, // U+0122
    { 13, 24, 169, -1, 19, 78, 2476 }, // U+0123
    { 20, 22, 278, -1, 22, 110, 2554 }, // U+0124
    { 13, 23, 201, 0, 23, 75, 2664 }, // U+0125
    { 20, 16, 278, -1, 16, 80, 2739 }, // U+0126
    { 13, 17, 201, 0, 17, 56, 2819 }, // U+0127
    { 12, 21, 120, -1, 21, 63, 2875 }, // U+0128
    { 10, 16, 102, 0, 16, 40, 2938 }, // U+0129
    { 10, 20, 120, -1, 20, 50, 2978 }, // U+012A
    { 8, 16, 102, 0, 16, 32, 3028 }, // U+012B
    { 12, 22, 120, -1, 22, 66, 3060 }, // U+012C
    { 9, 17, 102, 0, 17, 39, 3126 }, // U+012D
    { 10, 21, 120, -1, 16, 53, 3165 }, // U+012E
    { 7, 21, 102, 0, 16, 37, 3218 }, // U+012F
    { 10, 22, 120, -1, 22, 55, 3255 }, // U+0130
    { 7, 12, 102, 0, 12, 21, 3310 }, // U+0131
    { 21, 16, 300, -1, 16, 84, 3331 }, // U+0132
    { 13, 21, 207, 0, 16, 69, 3415 }, // U+0133
    { 15, 23, 179, -1, 23, 87, 3484 }, // U+0134
    { 13, 22, 105, -4, 17, 72, 3571 }, // U+0135
    { 18, 22, 251, -1, 16, 99, 3643 }, // U+0136
    { 12, 23, 195, 0, 17, 69, 3742 }, // U+0137
    { 12, 12, 191, 0, 12, 36, 3811 }, // U+0138
    { 14, 22, 199, -1, 22, 77, 3847 }, // U+0139
    { 10, 24, 102, 0, 24, 60, 3924 }, // U+013A
    { 13, 22, 199, -1, 16, 72, 3984 }, // U+013B
    { 8, 23, 102, -1, 17, 46, 4056 }, // U+013C
    { 14, 17, 199, -1, 17, 60, 4102 }, // U+013D
    { 10, 17, 136, 0, 17, 43, 4162 }, // U+013E
    { 17, 16, 250, -1, 16, 68, 4205 }, // U+013F
    { 10, 17, 153, 0, 17, 43, 4273 }, // U+0140
    { 13, 16, 199, -1, 16, 52, 4316 }, // U+0141
    { 9, 17, 105, -1, 17, 39, 4368 }, // U+0142
    { 20, 22, 272, -1, 22, 110, 4407 }, // U+0143
    { 13, 17, 203, 0, 17, 56, 4517 }, // U+0144
    { 20, 22, 272, -1, 16, 110, 4573 }, // U+0145
    { 13, 18, 203, 0, 12, 59, 4683 }, // U+0146
    { 20, 22, 272, -1, 22, 110, 4742 }, // U+0147
    { 13, 17, 203, 0, 17, 56, 4852 }, // U+0148
    { 18, 21, 278, -1, 16, 95, 4908 }, // U+014A
    { 12, 17, 198, 0, 12, 51, 5003 }, // U+014B
    { 16, 21, 272, 1, 21, 84, 5054 }, // U+014C
    { 12, 16, 194, 0, 16, 48, 5138 }, // U+014D
    { 16, 22, 272, 1, 22, 88, 5186 }, // U+014E
    { 12, 17, 194, 0, 17, 51, 5274 }, // U+014F
    { 17, 22, 272, 1, 22, 94, 5325 }, // U+0150
    { 15, 17, 194, 0, 17, 64, 5419 }, // U+0151
    { 24, 16, 385, 1, 16, 96, 5483 }, // U+0152
    { 18, 12, 286, 0, 12, 54, 5579 }, // U+0153
    { 16, 23, 246, -1, 23, 92, 5633 }, // U+0154
    { 10, 17, 143, 0, 17, 43, 5725 }, // U+0155
    { 16, 22, 246, -1, 16, 88, 5768 }, // U+0156
    { 12, 18, 143, -2, 12, 54, 5856 }, // U+0157
    { 16, 23, 246, -1, 23, 92, 5910 }, // U+0158
    { 11, 17, 143, 0, 17, 47, 6002 }, // U+0159
    { 14, 22, 200, -1, 22, 77, 6049 }, // U+015A
    { 11, 17, 142, -1, 17, 47, 6126 }, // U+015B
    { 14, 23, 200, -1, 23, 81, 6173 }, // U+015C
    { 12, 17, 142, -1, 17, 51, 6254 }, // U+015D
    { 14, 21, 200, -1, 16, 74, 6305 }, // U+015E
    { 10, 17, 142, -1, 12, 43, 6379 }, // U+015F
    { 15, 23, 200, -1, 23, 87, 6422 }, // U+0160
    { 12, 17, 142, -1, 17, 51, 6509 }, // U+0161
    { 15, 21, 225, 1, 16, 79, 6560 }, // U+0162
    { 9, 20, 115, 0, 15, 45, 6639 }, // U+0163
    { 15, 22, 225, 1, 22, 83, 6684 }, // U+0164
    { 9, 17, 135, 1, 17, 39, 6767 }, // U+0165
    { 15, 16, 225, 1, 16, 60, 6806 }, // U+0166
    { 9, 14, 115, 0, 14, 32, 6866 }, // U+0167
    { 16, 22, 271, 2, 22, 88, 6898 }, // U+0168
    { 13, 16, 202, 0, 16, 52, 6986 }, // U+0169
    { 16, 21, 271, 2, 21, 84, 7038 }, // U+016A
    { 13, 16, 202, 0, 16, 52, 7122 }, // U+016B
    { 16, 22, 271, 2, 22, 88, 7174 }, // U+016C
    { 13, 17, 202, 0, 17, 56, 7262 }, // U+016D
    { 16, 24, 271, 2, 24, 96, 7318 }, // U+016E
    { 13, 19, 202, 0, 19, 62, 7414 }, // U+016F
    { 16, 22, 271, 2, 22, 88, 7476 }, // U+0170
    { 15, 17, 202, 0, 17, 64, 7564 }, // U+0171
    { 16, 21, 271, 2, 16, 84, 7628 }, // U+0172
    { 13, 17, 202, 0, 12, 56, 7712 }, // U+0173
    { 23, 23, 355, 1, 23, 133, 7768 }, // U+0174
    { 17, 17, 269, 0, 17, 73, 7901 }, // U+0175
    { 16, 22, 245, 2, 22, 88, 7974 }, // U+0176
    { 15, 22, 191, -2, 17, 83, 8062 }, // U+0177
    { 16, 22, 245, 2, 22, 88, 8145 }, // U+0178
    { 16, 22, 216, -1, 22, 88, 8233 }, // U+0179
    { 12, 18, 170, -1, 17, 54, 8321 }, // U+017A
    { 16, 22, 216, -1, 22, 88, 8375 }, // U+017B
    { 12, 17, 170, -1, 16, 51, 8463 }, // U+017C
    { 16, 22, 216, -1, 22, 88, 8514 }, // U+017D
    { 13, 18, 170, -1, 17, 59, 8602 }, // U+017E
    { 15, 22, 123, -4, 17, 83, 8661 }, // U+017F
    { 19, 20, 293, 1, 20, 95, 0 }, // U+01A0
    { 15, 14, 231, 0, 14, 53, 95 }, // U+01A1
    { 19, 21, 311, 2, 21, 100, 148 }, // U+01AF
    { 16, 16, 241, 0, 16, 64, 248 }, // U+01B0
    { 32, 22, 473, -1, 22, 176, 312 }, // U+01C4
    { 29, 18, 428, -1, 17, 131, 488 }, // U+01C5
    { 25, 18, 372, 0, 17, 113, 619 }, // U+01C6
    { 26, 16, 378, -1, 16, 104, 732 }, // U+01C7
    { 20, 21, 303, -1, 16, 105, 836 }, // U+01C8
    { 13, 22, 206, 0, 17, 72, 941 }, // U+01C9
    { 31, 16, 452, -1, 16, 124, 1013 }, // U+01CA
    { 25, 21, 377, -1, 16, 132, 1137 }, // U+01CB
    { 20, 21, 308, 0, 16, 105, 1269 }, // U+01CC
    { 17, 22, 258, -2, 22, 94, 1374 }, // U+01CD
    { 14, 17, 200, 0, 17, 60, 1468 }, // U+01CE
    { 12, 22, 120, -1, 22, 66, 1528 }, // U+01CF
    { 10, 17, 102, 0, 17, 43, 1594 }, // U+01D0
    { 16, 23, 272, 1, 23, 92, 1637 }, // U+01D1
    { 13, 17, 194, 0, 17, 56, 1729 }, // U+01D2
    { 16, 23, 271, 2, 23, 92, 1785 }, // U+01D3
    { 13, 17, 202, 0, 17, 56, 1877 }, // U+01D4
    { 16, 25, 271, 2, 25, 100, 1933 }, // U+01D5
    { 13, 20, 202, 0, 20, 65, 2033 }, // U+01D6
    { 16, 28, 271, 2, 28, 112, 2098 }, // U+01D7
    { 13, 23, 202, 0, 23, 75, 2210 }, // U+01D8
    { 16, 27, 271, 2, 27, 108, 2285 }, // U+01D9
    { 14, 23, 202, 0, 23, 81, 2393 }, // U+01DA
    { 16, 28, 271, 2, 28, 112, 2474 }, // U+01DB
    { 13, 23, 202, 0, 23, 75, 2586 }, // U+01DC
    { 10, 12, 166, 0, 12, 30, 2661 }, // U+01DD
    { 17, 25, 258, -2, 25, 107, 2691 }, // U+01DE
    { 14, 20, 200, 0, 20, 70, 2798 }, // U+01DF
    { 17, 25, 258, -2, 25, 107, 2868 }, // U+01E0
    { 14, 20, 200, 0, 20, 70, 2975 }, // U+01E1
    { 25, 20, 359, -2, 20, 125, 3045 }, // U+01E2
    { 18, 16, 286, 0, 16, 72, 3170 }, // U+01E3
    { 16, 16, 264, 1, 16, 64, 3242 }, // U+01E4
    { 14, 17, 196, -1, 12, 60, 3306 }, // U+01E5
    { 16, 22, 264, 1, 22, 88, 3366 }, // U+01E6
    { 13, 22, 169, -1, 17, 72, 3454 }, // U+01E7
    { 18, 23, 251, -1, 23, 104, 3526 }, // U+01E8
    { 14, 23, 195, 0, 23, 81, 3630 }, // U+01E9
    { 16, 21, 272, 1, 16, 84, 3711 }, // U+01EA
    { 12, 17, 194, 0, 12, 51, 3795 }, // U+01EB
    { 16, 25, 272, 1, 20, 100, 3846 }, // U+01EC
    { 12, 21, 194, 0, 16, 63, 3946 }, // U+01ED
    { 16, 28, 220, -2, 23, 112, 4009 }, // U+01EE
    { 15, 22, 182, -2, 17, 83, 4121 }, // U+01EF
    { 14, 22, 105, -4, 17, 77, 4204 }, // U+01F0
    { 32, 16, 473, -1, 16, 128, 4281 }, // U+01F1
    { 28, 17, 428, -1, 16, 119, 4409 }, // U+01F2
    { 24, 18, 372, 0, 17, 108, 4528 }, // U+01F3
    { 16, 22, 264, 1, 22, 88, 4636 }, // U+01F4
    { 13, 22, 169, -1, 17, 72, 4724 }, // U+01F5
    { 24, 16, 385, -1, 16, 96, 4796 }, // U+01F6
    { 16, 21, 212, -2, 16, 84, 4892 }, // U+01F7
    { 20, 22, 272, -1, 22, 110, 4976 }, // U+01F8
    { 13, 17, 203, 0, 17, 56, 5086 }, // U+01F9
    { 17, 29, 258, -2, 29, 124, 5142 }, // U+01FA
    { 14, 25, 200, 0, 25, 88, 5266 }, // U+01FB
    { 25, 22, 359, -2, 22, 138, 5354 }, // U+01FC
    { 18, 17, 286, 0, 17, 77, 5492 }, // U+01FD
    { 16, 25, 272, 1, 23, 100, 5569 }, // U+01FE
    { 12, 19, 194, 0, 17, 57, 5669 }, // U+01FF
    { 17, 23, 258, -2, 23, 98, 5726 }, // U+0200
    { 13, 17, 200, 0, 17, 56, 5824 }, // U+0201
    { 17, 21, 258, -2, 21, 90, 5880 }, // U+0202
    { 13, 16, 200, 0, 16, 52, 5970 }, // U+0203
    { 15, 23, 214, -1, 23, 87, 6022 }, // U+0204
    { 12, 17, 166, 0, 17, 51, 6109 }, // U+0205
    { 15, 21, 214, -1, 21, 79, 6160 }, // U+0206
    { 11, 16, 166, 0, 16, 44, 6239 }, // U+0207
    { 11, 23, 120, -1, 23, 64, 6283 }, // U+0208
    { 10, 17, 102, -1, 17, 43, 6347 }, // U+0209
    { 11, 21, 120, -1, 21, 58, 6390 }, // U+020A
    { 9, 16, 102, 0, 16, 36, 6448 }, // U+020B
    { 16, 23, 272, 1, 23, 92, 6484 }, // U+020C
    { 12, 17, 194, 0, 17, 51, 6576 }, // U+020D
    { 16, 22, 272, 1, 22, 88, 6627 }, // U+020E
    { 12, 16, 194, 0, 16, 48, 6715 }, // U+020F
    { 16, 23, 246, -1, 23, 92, 6763 }, // U+0210
    { 11, 17, 143, 0, 17, 47, 6855 }, // U+0211
    { 16, 22, 246, -1, 22, 88, 6902 }, // U+0212
    { 10, 16, 143, 0, 16, 40, 6990 }, // U+0213
    { 16, 23, 271, 2, 23, 92, 7030 }, // U+0214
    { 13, 17, 202, 0, 17, 56, 7122 }, // U+0215
    { 16, 22, 271, 2, 22, 88, 7178 }, // U+0216
    { 13, 16, 202, 0, 16, 52, 7266 }, // U+0217
    { 14, 22, 200, -1, 16, 77, 7318 }, // U+0218
    { 10, 18, 142, -1, 12, 45, 7395 }, // U+0219
    { 15, 22, 225, 1, 16, 83, 7440 }, // U+021A
    { 9, 20, 115, 0, 14, 45, 7523 }, // U+021B
    { 14, 20, 198, -1, 16, 70, 7568 }, // U+021C
    { 10, 18, 149, -1, 12, 45, 7638 }, // U+021D
    { 20, 22, 278, -1, 22, 110, 7683 }, // U+021E
    { 14, 23, 201, 0, 23, 81, 7793 }, // U+021F
    { 6, 5, 0, -8, 18, 8, 0 }, // U+0300
    { 7, 5, 0, -7, 18, 9, 8 }, // U+0301
    { 9, 4, 0, -9, 17, 9, 17 }, // U+0302
    { 10, 3, 0, -9, 16, 8, 26 }, // U+0303
    { 8, 2, 0, -8, 15, 4, 34 }, // U+0304
    { 15, 2, 0, -11, 18, 8, 38 }, // U+0305
    { 8, 5, 0, -8, 18, 10, 46 }, // U+0306
    { 4, 3, 0, -6, 17, 3, 56 }, // U+0307
    { 8, 3, 0, -8, 17, 6, 59 }, // U+0308
    { 5, 6, 0, -6, 18, 8, 65 }, // U+0309
    { 6, 6, 0, -7, 18, 9, 73 }, // U+030A
    { 12, 4, 0, -9, 17, 12, 82 }, // U+030B
    { 9, 4, 0, -8, 17, 9, 94 }, // U+030C
    { 2, 4, 0, -5, 17, 2, 103 }, // U+030D
    { 6, 4, 0, -7, 17, 6, 105 }, // U+030E
    { 10, 5, 0, -10, 18, 13, 111 }, // U+030F
    { 8, 6, 0, -8, 19, 12, 124 }, // U+0310
    { 8, 4, 0, -8, 16, 8, 136 }, // U+0311
    { 4, 5, 0, -6, 18, 5, 144 }, // U+0312
    { 4, 6, 0, -6, 19, 6, 149 }, // U+0313
    { 5, 8, 0, -6, 20, 10, 155 }, // U+0314
    { 4, 6, 47, 1, 21, 6, 165 }, // U+0315
    { 6, 5, 0, -11, -1, 8, 171 }, // U+0316
    { 6, 5, 0, -11, -1, 8, 179 }, // U+0317
    { 4, 5, 0, -10, -1, 5, 187 }, // U+0318
    { 4, 5, 0, -10, -1, 5, 192 }, // U+0319
    { 6, 6, 103, 2, 17, 9, 197 }, // U+031A
    { 5, 7, 46, -2, 15, 9, 206 }, // U+031B
    { 4, 6, 0, -10, -1, 6, 215 }, // U+031C
    { 6, 3, 0, -11, -2, 5, 221 }, // U+031D
    { 5, 3, 0, -10, -2, 4, 226 }, // U+031E
    { 6, 5, 0, -11, -1, 8, 230 }, // U+031F
    { 6, 2, 0, -11, -2, 3, 238 }, // U+0320
    { 7, 7, 0, -7, 1, 13, 241 }, // U+0321
    { 6, 7, 0, -2, 1, 11, 254 }, // U+0322
    { 4, 3, 0, -10, -2, 3, 265 }, // U+0323
    { 8, 3, 0, -12, -2, 6, 268 }, // U+0324
    { 6, 6, 0, -11, -2, 9, 274 }, // U+0325
    { 4, 6, 0, -10, 0, 6, 283 }, // U+0326
    { 7, 7, 0, -11, 1, 13, 289 }, // U+0327
    { 4, 6, 0, -9, 0, 6, 302 }, // U+0328
    { 3, 4, 0, -9, -2, 3, 308 }, // U+0329
    { 6, 4, 0, -11, -1, 6, 311 }, // U+032A
    { 8, 5, 0, -12, -1, 10, 317 }, // U+032B
    { 9, 4, 0, -12, -2, 9, 327 }, // U+032C
    { 9, 4, 0, -13, -2, 9, 336 }, // U+032D
    { 9, 5, 0, -12, -1, 12, 345 }, // U+032E
    { 8, 4, 0, -12, -2, 8, 357 }, // U+032F
    { 10, 3, 0, -13, -2, 8, 365 }, // U+0330
    { 8, 2, 0, -12, -2, 4, 373 }, // U+0331
    { 16, 2, 0, -16, -2, 8, 377 }, // U+0332
    { 16, 5, 0, -16, -2, 20, 385 }, // U+0333
    { 10, 3, 0, -11, 7, 8, 405 }, // U+0334
    { 8, 2, 0, -10, 7, 4, 413 }, // U+0335
    { 13, 2, 0, -13, 7, 7, 417 }, // U+0336
    { 12, 17, 0, -12, 14, 51, 424 }, // U+0337
    { 13, 19, 0, -13, 15, 62, 475 }, // U+0338
    { 4, 6, 0, -10, -1, 6, 537 }, // U+0339
    { 6, 4, 0, -11, -1, 6, 543 }, // U+033A
    { 8, 5, 0, -12, -2, 10, 549 }, // U+033B
    { 8, 3, 0, -12, -2, 6, 559 }, // U+033C
    { 8, 4, 0, -8, 17, 8, 565 }, // U+033D
    { 5, 9, 0, -6, 22, 12, 573 }, // U+033E
    { 16, 5, 0, -12, 18, 20, 585 }, // U+033F
    { 6, 4, 0, -7, 16, 6, 605 }, // U+0346
    { 10, 5, 0, -13, -2, 13, 611 }, // U+0347
    { 6, 4, 0, -11, -2, 6, 624 }, // U+0348
    { 6, 6, 0, -11, -1, 9, 630 }, // U+0349
    { 12, 5, 0, -10, 17, 15, 639 }, // U+034A
    { 10, 6, 0, -9, 19, 15, 654 }, // U+034B
    { 12, 7, 0, -10, 19, 21, 669 }, // U+034C
    { 9, 3, 0, -12, -1, 7, 690 }, // U+034D
    { 4, 5, 0, -10, -2, 5, 697 }, // U+034E
    { 0, 0, 0, 0, 0, 0, 702 }, // U+034F
    { 11, 8, 0, -9, 22, 22, 702 }, // U+0350
    { 4, 6, 0, -6, 19, 6, 724 }, // U+0351
    { 8, 5, 0, -8, 18, 10, 730 }, // U+0352
    { 6, 5, 0, -11, -2, 8, 740 }, // U+0353
    { 11, 9, 0, -14, -1, 25, 748 }, // U+0354
    { 12, 9, 0, -14, 0, 27, 773 }, // U+0355
    { 20, 9, 0, -18, 0, 45, 800 }, // U+0356
    { 4, 6, 0, -6, 19, 6, 845 }, // U+0357
    { 4, 3, 53, 0, 17, 3, 851 }, // U+0358
    { 8, 7, 0, -12, 0, 14, 854 }, // U+0359
    { 11, 6, 0, -14, -2, 17, 868 }, // U+035A
    { 4, 6, 0, -6, 18, 6, 885 }, // U+035B
    { 19, 4, 0, -12, -6, 19, 891 }, // U+035C
    { 18, 4, 0, -6, 23, 18, 910 }, // U+035D
    { 16, 2, 0, -5, 21, 8, 928 }, // U+035E
    { 16, 2, 0, -11, -8, 8, 936 }, // U+035F
    { 22, 5, 0, -8, 23, 28, 944 }, // U+0360
    { 19, 4, 0, -7, 22, 19, 972 }, // U+0361
    { 22, 8, 0, -13, -5, 44, 991 }, // U+0362
    { 8, 8, 0, -8, 20, 16, 1035 }, // U+0363
    { 6, 8, 0, -7, 20, 12, 1051 }, // U+0364
    { 4, 10, 0, -6, 23, 10, 1063 }, // U+0365
    { 8, 8, 0, -8, 20, 16, 1073 }, // U+0366
    { 8, 8, 0, -8, 21, 16, 1089 }, // U+0367
    { 6, 8, 0, -7, 20, 12, 1105 }, // U+0368
    { 8, 11, 0, -8, 23, 22, 1117 }, // U+0369
    { 8, 11, 0, -8, 23, 22, 1139 }, // U+036A
    { 12, 8, 0, -10, 20, 24, 1161 }, // U+036B
    { 7, 7, 0, -7, 20, 13, 1185 }, // U+036C
    { 5, 9, 0, -6, 22, 12, 1198 }, // U+036D
    { 8, 7, 0, -7, 20, 14, 1210 }, // U+036E
    { 9, 7, 0, -9, 20, 16, 1224 }, // U+036F
    { 15, 23, 214, -1, 23, 87, 0 }, // U+0400
    { 15, 22, 214, -1, 22, 83, 87 }, // U+0401
    { 15, 16, 269, 1, 16, 60, 170 }, // U+0402
    { 16, 23, 202, -1, 23, 92, 230 }, // U+0403
    { 15, 16, 239, 1, 16, 60, 322 }, // U+0404
    { 14, 16, 200, -1, 16, 56, 382 }, // U+0405
    { 10, 16, 120, -1, 16, 40, 438 }, // U+0406
    { 11, 22, 120, -1, 22, 61, 478 }, // U+0407
    { 14, 16, 179, -1, 16, 56, 539 }, // U+0408
    { 23, 16, 351, -2, 16, 92, 595 }, // U+0409
    { 23, 16, 354, -1, 16, 92, 687 }, // U+040A
    { 15, 16, 266, 1, 16, 60, 779 }, // U+040B
    { 18, 23, 245, -1, 23, 104, 839 }, // U+040C
    { 20, 23, 273, -1, 23, 115, 943 }, // U+040D
    { 18, 22, 267, 1, 22, 99, 1058 }, // U+040E
    { 20, 21, 278, -1, 16, 105, 1157 }, // U+040F
    { 17, 16, 258, -2, 16, 68, 1262 }, // U+0410
    { 15, 16, 228, -1, 16, 60, 1330 }, // U+0411
    { 15, 16, 233, -1, 16, 60, 1390 }, // U+0412
    { 16, 16, 202, -1, 16, 64, 1450 }, // U+0413
    { 22, 21, 272, -3, 16, 116, 1514 }, // U+0414
    { 15, 16, 214, -1, 16, 60, 1630 }, // U+0415
    { 25, 16, 342, -2, 16, 100, 1690 }, // U+0416
    { 14, 16, 209, -1, 16, 56, 1790 }, // U+0417
    { 20, 16, 273, -1, 16, 80, 1846 }, // U+0418
    { 20, 22, 273, -1, 22, 110, 1926 }, // U+0419
    { 18, 16, 245, -1, 16, 72, 2036 }, // U+041A
    { 20, 16, 267, -2, 16, 80, 2108 }, // U+041B
    { 23, 16, 330, -1, 16, 92, 2188 }, // U+041C
    { 20, 16, 278, -1, 16, 80, 2280 }, // U+041D
    { 16, 16, 272, 1, 16, 64, 2360 }, // U+041E
    { 20, 16, 278, -1, 16, 80, 2424 }, // U+041F
    { 15, 16, 217, -1, 16, 60, 2504 }, // U+0420
    { 15, 16, 241, 1, 16, 60, 2564 }, // U+0421
    { 15, 16, 225, 1, 16, 60, 2624 }, // U+0422
    { 18, 16, 267, 1, 16, 72, 2684 }, // U+0423
    { 19, 16, 313, 1, 16, 76, 2756 }, // U+0424
    { 19, 16, 243, -2, 16, 76, 2832 }, // U+0425
    { 20, 21, 278, -1, 16, 105, 2908 }, // U+0426
    { 15, 16, 247, 2, 16, 60, 3013 }, // U+0427
    { 26, 16, 371, -1, 16, 104, 3073 }, // U+0428
    { 26, 21, 371, -1, 16, 137, 3177 }, // U+0429
    { 14, 16, 256, 1, 16, 56, 3314 }, // U+042A
    { 23, 16, 320, -1, 16, 92, 3370 }, // U+042B
    { 14, 16, 218, -1, 16, 56, 3462 }, // U+042C
    { 15, 16, 241, 0, 16, 60, 3518 }, // U+042D
    { 24, 16, 371, -1, 16, 96, 3578 }, // U+042E
    { 17, 16, 233, -1, 16, 68, 3674 }, // U+042F
    { 13, 12, 200, 0, 12, 39, 3742 }, // U+0430
    { 14, 16, 205, 0, 16, 56, 3781 }, // U+0431
    { 12, 12, 197, 0, 12, 36, 3837 }, // U+0432
    { 11, 12, 167, 0, 12, 33, 3873 }, // U+0433
    { 12, 18, 191, 0, 18, 54, 3906 }, // U+0434
    { 10, 12, 166, 0, 12, 30, 3960 }, // U+0435
    { 22, 12, 352, 0, 12, 66, 3990 }, // U+0436
    { 11, 12, 170, -1, 12, 33, 4056 }, // U+0437
    { 13, 12, 202, 0, 12, 39, 4089 }, // U+0438
    { 13, 16, 202, 0, 16, 52, 4128 }, // U+0439
    { 12, 12, 191, 0, 12, 36, 4180 }, // U+043A
    { 16, 12, 225, -2, 12, 48, 4216 }, // U+043B
    { 20, 12, 274, -2, 12, 60, 4264 }, // U+043C
    { 14, 12, 213, 0, 12, 42, 4324 }, // U+043D
    { 12, 12, 194, 0, 12, 36, 4366 }, // U+043E
    { 13, 12, 203, 0, 12, 39, 4402 }, // U+043F
    { 15, 17, 189, -3, 12, 64, 4441 }, // U+0440
    { 10, 12, 167, 0, 12, 30, 4505 }, // U+0441
    { 19, 12, 297, 0, 12, 57, 4535 }, // U+0442
    { 15, 17, 191, -2, 12, 64, 4592 }, // U+0443
    { 17, 23, 281, 0, 18, 98, 4656 }, // U+0444
    { 14, 12, 202, -1, 12, 42, 4754 }, // U+0445
    { 13, 17, 202, 0, 12, 56, 4796 }, // U+0446
    { 12, 12, 185, 0, 12, 36, 4852 }, // U+0447
    { 19, 12, 297, 0, 12, 57, 4888 }, // U+0448
    { 19, 17, 297, 0, 12, 81, 4945 }, // U+0449
    { 12, 12, 201, 0, 12, 36, 5026 }, // U+044A
    { 16, 12, 254, 0, 12, 48, 5062 }, // U+044B
    { 10, 12, 166, 0, 12, 30, 5110 }, // U+044C
    { 12, 12, 176, -1, 12, 36, 5140 }, // U+044D
    { 18, 12, 284, -1, 12, 54, 5176 }, // U+044E
    { 15, 12, 193, -2, 12, 45, 5230 }, // U+044F
    { 10, 18, 166, 0, 18, 45, 5275 }, // U+0450
    { 12, 16, 166, 0, 16, 48, 5320 }, // U+0451
    { 13, 22, 206, 0, 18, 72, 5368 }, // U+0452
    { 11, 18, 167, 0, 18, 50, 5440 }, // U+0453
    { 12, 12, 176, 0, 12, 36, 5490 }, // U+0454
    { 10, 12, 142, -1, 12, 30, 5526 }, // U+0455
    { 7, 16, 102, 0, 16, 28, 5556 }, // U+0456
    { 9, 16, 102, 0, 16, 36, 5584 }, // U+0457
    { 11, 21, 105, -4, 16, 58, 5620 }, // U+0458
    { 18, 12, 257, -2, 12, 54, 5678 }, // U+0459
    { 17, 12, 269, 0, 12, 51, 5732 }, // U+045A
    { 13, 18, 201, 0, 18, 59, 5783 }, // U+045B
    { 12, 18, 191, 0, 18, 54, 5842 }, // U+045C
    { 13, 18, 202, 0, 18, 59, 5896 }, // U+045D
    { 15, 21, 191, -2, 16, 79, 5955 }, // U+045E
    { 13, 17, 202, 0, 12, 56, 6034 }, // U+045F
    { 15, 16, 260, 1, 16, 60, 6090 }, // U+0462
    { 16, 12, 259, 0, 12, 48, 6150 }, // U+0463
    { 16, 16, 272, 1, 16, 64, 6198 }, // U+0472
    { 12, 12, 198, 0, 12, 36, 6262 }, // U+0473
    { 19, 16, 274, 1, 16, 76, 6298 }, // U+0474
    { 15, 12, 215, 0, 12, 45, 6374 }, // U+0475
    { 20, 26, 273, -1, 22, 130, 6419 }, // U+048A
    { 13, 20, 202, 0, 16, 65, 6549 }, // U+048B
    { 14, 18, 218, -1, 18, 63, 6614 }, // U+048C
    { 10, 14, 166, 0, 14, 35, 6677 }, // U+048D
    { 15, 16, 217, -1, 16, 60, 6712 }, // U+048E
    { 15, 17, 189, -3, 12, 64, 6772 }, // U+048F
    { 15, 20, 184, -1, 20, 75, 6836 }, // U+0490
    { 10, 14, 143, 0, 14, 35, 6911 }, // U+0491
    { 16, 16, 202, -1, 16, 64, 6946 }, // U+0492
    { 11, 12, 167, 0, 12, 33, 7010 }, // U+0493
    { 15, 21, 230, -1, 16, 79, 7043 }, // U+0494
    { 10, 17, 189, 1, 12, 43, 7122 }, // U+0495
    { 25, 21, 342, -2, 16, 132, 7165 }, // U+0496
    { 22, 17, 352, 0, 12, 94, 7297 }, // U+0497
    { 14, 21, 209, -1, 16, 74, 7391 }, // U+0498
    { 11, 17, 170, -1, 12, 47, 7465 }, // U+0499
    { 18, 21, 245, -1, 16, 95, 7512 }, // U+049A
    { 12, 17, 191, 0, 12, 51, 7607 }, // U+049B
    { 19, 16, 264, -1, 16, 76, 7658 }, // U+049C
    { 13, 12, 204, 0, 12, 39, 7734 }, // U+049D
    { 18, 16, 245, -1, 16, 72, 7773 }, // U+049E
    { 12, 18, 191, 0, 18, 54, 7845 }, // U+049F
    { 19, 16, 282, 1, 16, 76, 7899 }, // U+04A0
    { 14, 12, 227, 0, 12, 42, 7975 }, // U+04A1
    { 20, 21, 278, -1, 16, 105, 8017 }, // U+04A2
    { 14, 17, 213, 0, 12, 60, 8122 }, // U+04A3
    { 23, 16, 324, -1, 16, 92, 8182 }, // U+04A4
    { 16, 12, 243, 0, 12, 48, 8274 }, // U+04A5
    { 23, 21, 373, -1, 16, 121, 8322 }, // U+04A6
    { 18, 17, 284, 0, 12, 77, 8443 }, // U+04A7
    { 18, 16, 290, 1, 16, 72, 8520 }, // U+04A8
    { 14, 12, 235, 0, 12, 42, 8592 }, // U+04A9
    { 15, 21, 241, 1, 16, 79, 8634 }, // U+04AA
    { 10, 17, 167, 0, 12, 43, 8713 }, // U+04AB
    { 15, 21, 225, 1, 16, 79, 8756 }, // U+04AC
    { 19, 17, 297, 0, 12, 81, 8835 }, // U+04AD
    { 16, 16, 245, 2, 16, 64, 8916 }, // U+04AE
    { 13, 17, 191, 0, 12, 56, 8980 }, // U+04AF
    { 17, 16, 245, 1, 16, 68, 9036 }, // U+04B0
    { 13, 17, 191, 0, 12, 56, 9104 }, // U+04B1
    { 19, 21, 243, -2, 16, 100, 9160 }, // U+04B2
    { 14, 17, 202, -1, 12, 60, 9260 }, // U+04B3
    { 20, 21, 314, 1, 16, 105, 9320 }, // U+04B4
    { 13, 21, 202, 0, 16, 69, 9425 }, // U+04B5
    { 15, 21, 247, 2, 16, 79, 9494 }, // U+04B6
    { 12, 17, 185, 0, 12, 51, 9573 }, // U+04B7
    { 15, 16, 253, 2, 16, 60, 9624 }, // U+04B8
    { 13, 12, 196, 0, 12, 39, 9684 }, // U+04B9
    { 15, 16, 239, -1, 16, 60, 9723 }, // U+04BA
    { 13, 18, 201, 0, 18, 59, 9783 }, // U+04BB
    { 19, 16, 298, 0, 16, 76, 9842 }, // U+04BC
    { 13, 12, 212, 0, 12, 39, 9918 }, // U+04BD
    { 19, 21, 298, 0, 16, 100, 9957 }, // U+04BE
    { 13, 17, 212, 0, 12, 56, 10057 }, // U+04BF
    { 10, 16, 120, -1, 16, 40, 10113 }, // U+04C0
    { 25, 22, 342, -2, 22, 138, 10153 }, // U+04C1
    { 22, 16, 352, 0, 16, 88, 10291 }, // U+04C2
    { 18, 21, 245, -1, 16, 95, 10379 }, // U+04C3
    { 12, 17, 191, 0, 12, 51, 10474 }, // U+04C4
    { 20, 20, 267, -2, 16, 100, 10525 }, // U+04C5
    { 16, 16, 225, -2, 12, 64, 10625 }, // U+04C6
    { 20, 22, 278, -1, 16, 110, 10689 }, // U+04C7
    { 13, 17, 203, 0, 12, 56, 10799 }, // U+04C8
    { 20, 20, 275, -1, 16, 100, 10855 }, // U+04C9
    { 14, 16, 213, 0, 12, 56, 10955 }, // U+04CA
    { 15, 21, 247, 2, 16, 79, 11011 }, // U+04CB
    { 11, 16, 185, 0, 12, 44, 11090 }, // U+04CC
    { 23, 20, 341, -1, 16, 115, 11134 }, // U+04CD
    { 20, 16, 274, -2, 12, 80, 11249 }, // U+04CE
    { 10, 17, 111, -1, 17, 43, 11329 }, // U+04CF
    { 17, 22, 258, -2, 22, 94, 11372 }, // U+04D0
    { 13, 16, 200, 0, 16, 52, 11466 }, // U+04D1
    { 17, 22, 258, -2, 22, 94, 11518 }, // U+04D2
    { 13, 16, 200, 0, 16, 52, 11612 }, // U+04D3
    { 25, 16, 359, -2, 16, 100, 11664 }, // U+04D4
    { 18, 12, 286, 0, 12, 54, 11764 }, // U+04D5
    { 15, 22, 214, -1, 22, 83, 11818 }, // U+04D6
    { 12, 16, 166, 0, 16, 48, 11901 }, // U+04D7
    { 16, 16, 249, 0, 16, 64, 11949 }, // U+04D8
    { 10, 12, 166, 0, 12, 30, 12013 }, // U+04D9
    { 16, 22, 249, 0, 22, 88, 12043 }, // U+04DA
    { 11, 16, 166, 0, 16, 44, 12131 }, // U+04DB
    { 25, 22, 342, -2, 22, 138, 12175 }, // U+04DC
    { 22, 16, 352, 0, 16, 88, 12313 }, // U+04DD
    { 14, 22, 209, -1, 22, 77, 12401 }, // U+04DE
    { 12, 16, 170, -1, 16, 48, 12478 }, // U+04DF
    { 15, 16, 215, -1, 16, 60, 12526 }, // U+04E0
    { 15, 18, 182, -2, 13, 68, 12586 }, // U+04E1
    { 20, 20, 273, -1, 20, 100, 12654 }, // U+04E2
    { 13, 16, 202, 0, 16, 52, 12754 }, // U+04E3
    { 20, 22, 273, -1, 22, 110, 12806 }, // U+04E4
    { 13, 16, 202, 0, 16, 52, 12916 }, // U+04E5
    { 16, 22, 272, 1, 22, 88, 12968 }, // U+04E6
    { 12, 16, 194, 0, 16, 48, 13056 }, // U+04E7
    { 16, 16, 272, 1, 16, 64, 13104 }, // U+04E8
    { 12, 12, 194, 0, 12, 36, 13168 }, // U+04E9
    { 16, 22, 272, 1, 22, 88, 13204 }, // U+04EA
    { 12, 16, 194, 0, 16, 48, 13292 }, // U+04EB
    { 15, 22, 241, 0, 22, 83, 13340 }, // U+04EC
    { 12, 16, 176, -1, 16, 48, 13423 }, // U+04ED
    { 18, 21, 267, 1, 21, 95, 13471 }, // U+04EE
    { 15, 21, 191, -2, 16, 79, 13566 }, // U+04EF
    { 18, 22, 267, 1, 22, 99, 13645 }, // U+04F0
    { 15, 21, 191, -2, 16, 79, 13744 }, // U+04F1
    { 18, 23, 267, 1, 23, 104, 13823 }, // U+04F2
    { 16, 23, 191, -2, 18, 92, 13927 }, // U+04F3
    { 15, 22, 247, 2, 22, 83, 14019 }, // U+04F4
    { 12, 16, 185, 0, 16, 48, 14102 }, // U+04F5
    { 16, 21, 202, -1, 16, 84, 14150 }, // U+04F6
    { 11, 17, 167, 0, 12, 47, 14234 }, // U+04F7
    { 23, 22, 320, -1, 22, 127, 14281 }, // U+04F8
    { 16, 16, 254, 0, 16, 64, 14408 }, // U+04F9
    { 16, 21, 202, -1, 16, 84, 14472 }, // U+04FA
    { 11, 17, 167, 0, 12, 47, 14556 }, // U+04FB
    { 19, 22, 243, -2, 16, 105, 14603 }, // U+04FC
    { 14, 17, 202, -1, 12, 60, 14708 }, // U+04FD
    { 19, 16, 243, -2, 16, 76, 14768 }, // U+04FE
    { 14, 12, 202, -1, 12, 42, 14844 }, // U+04FF
    { 17, 21, 258, -2, 16, 90, 0 }, // U+1EA0
    { 13, 17, 200, 0, 12, 56, 90 }, // U+1EA1
    { 17, 23, 258, -2, 23, 98, 146 }, // U+1EA2
    { 13, 19, 200, 0, 19, 62, 244 }, // U+1EA3
    { 17, 27, 258, -2, 27, 115, 306 }, // U+1EA4
    { 13, 23, 200, 0, 23, 75, 421 }, // U+1EA5
    { 17, 27, 258, -2, 27, 115, 496 }, // U+1EA6
    { 13, 23, 200, 0, 23, 75, 611 }, // U+1EA7
    { 17, 28, 258, -2, 28, 119, 686 }, // U+1EA8
    { 13, 23, 200, 0, 23, 75, 805 }, // U+1EA9
    { 18, 26, 258, -2, 26, 117, 880 }, // U+1EAA
    { 14, 21, 200, 0, 21, 74, 997 }, // U+1EAB
    { 17, 27, 258, -2, 22, 115, 1071 }, // U+1EAC
    { 13, 22, 200, 0, 17, 72, 1186 }, // U+1EAD
    { 17, 27, 258, -2, 27, 115, 1258 }, // U+1EAE
    { 13, 23, 200, 0, 23, 75, 1373 }, // U+1EAF
    { 17, 27, 258, -2, 27, 115, 1448 }, // U+1EB0
    { 13, 23, 200, 0, 23, 75, 1563 }, // U+1EB1
    { 17, 28, 258, -2, 28, 119, 1638 }, // U+1EB2
    { 13, 23, 200, 0, 23, 75, 1757 }, // U+1EB3
    { 18, 26, 258, -2, 26, 117, 1832 }, // U+1EB4
    { 14, 21, 200, 0, 21, 74, 1949 }, // U+1EB5
    { 17, 26, 258, -2, 21, 111, 2023 }, // U+1EB6
    { 13, 22, 200, 0, 17, 72, 2134 }, // U+1EB7
    { 15, 21, 214, -1, 16, 79, 2206 }, // U+1EB8
    { 10, 17, 166, 0, 12, 43, 2285 }, // U+1EB9
    { 15, 23, 214, -1, 23, 87, 2328 }, // U+1EBA
    { 10, 19, 166, 0, 19, 48, 2415 }, // U+1EBB
    { 15, 21, 214, -1, 21, 79, 2463 }, // U+1EBC
    { 13, 16, 166, 0, 16, 52, 2542 }, // U+1EBD
    { 15, 27, 214, -1, 27, 102, 2594 }, // U+1EBE
    { 12, 23, 166, 0, 23, 69, 2696 }, // U+1EBF
    { 15, 27, 214, -1, 27, 102, 2765 }, // U+1EC0
    { 12, 23, 166, 0, 23, 69, 2867 }, // U+1EC1
    { 15, 28, 214, -1, 28, 105, 2936 }, // U+1EC2
    { 12, 23, 166, 0, 23, 69, 3041 }, // U+1EC3
    { 16, 26, 214, -1, 26, 104, 3110 }, // U+1EC4
    { 13, 21, 166, 0, 21, 69, 3214 }, // U+1EC5
    { 15, 27, 214, -1, 22, 102, 3283 }, // U+1EC6
    { 12, 22, 166, 0, 17, 66, 3385 }, // U+1EC7
    { 10, 23, 120, -1, 23, 58, 3451 }, // U+1EC8
    { 8, 19, 102, 0, 19, 38, 3509 }, // U+1EC9
    { 10, 21, 120, -1, 16, 53, 3547 }, // U+1ECA
    { 7, 21, 102, 0, 16, 37, 3600 }, // U+1ECB
    { 16, 21, 272, 1, 16, 84, 3637 }, // U+1ECC
    { 12, 17, 194, 0, 12, 51, 3721 }, // U+1ECD
    { 16, 23, 272, 1, 23, 92, 3772 }, // U+1ECE
    { 12, 19, 194, 0, 19, 57, 3864 }, // U+1ECF
    { 16, 27, 272, 1, 27, 108, 3921 }, // U+1ED0
    { 12, 23, 194, 0, 23, 69, 4029 }, // U+1ED1
    { 16, 28, 272, 1, 28, 112, 4098 }, // U+1ED2
    { 12, 23, 194, 0, 23, 69, 4210 }, // U+1ED3
    { 16, 28, 272, 1, 28, 112, 4279 }, // U+1ED4
    { 12, 23, 194, 0, 23, 69, 4391 }, // U+1ED5
    { 16, 26, 272, 1, 26, 104, 4460 }, // U+1ED6
    { 14, 21, 194, 0, 21, 74, 4564 }, // U+1ED7
    { 16, 27, 272, 1, 22, 108, 4638 }, // U+1ED8
    { 12, 22, 194, 0, 17, 66, 4746 }, // U+1ED9
    { 19, 23, 293, 1, 23, 110, 4812 }, // U+1EDA
    { 15, 17, 231, 0, 17, 64, 4922 }, // U+1EDB
    { 19, 23, 293, 1, 23, 110, 4986 }, // U+1EDC
    { 15, 17, 231, 0, 17, 64, 5096 }, // U+1EDD
    { 19, 23, 293, 1, 23, 110, 5160 }, // U+1EDE
    { 15, 19, 231, 0, 19, 72, 5270 }, // U+1EDF
    { 19, 22, 293, 1, 22, 105, 5342 }, // U+1EE0
    { 15, 16, 231, 0, 16, 60, 5447 }, // U+1EE1
    { 19, 24, 293, 1, 19, 114, 5507 }, // U+1EE2
    { 15, 19, 231, 0, 14, 72, 5621 }, // U+1EE3
    { 16, 21, 271, 2, 16, 84, 5693 }, // U+1EE4
    { 13, 17, 202, 0, 12, 56, 5777 }, // U+1EE5
    { 16, 23, 271, 2, 23, 92, 5833 }, // U+1EE6
    { 13, 19, 202, 0, 19, 62, 5925 }, // U+1EE7
    { 19, 23, 311, 2, 23, 110, 5987 }, // U+1EE8
    { 16, 17, 241, 0, 17, 68, 6097 }, // U+1EE9
    { 19, 23, 311, 2, 23, 110, 6165 }, // U+1EEA
    { 16, 17, 241, 0, 17, 68, 6275 }, // U+1EEB
    { 19, 23, 311, 2, 23, 110, 6343 }, // U+1EEC
    { 16, 19, 241, 0, 19, 76, 6453 }, // U+1EED
    { 19, 22, 311, 2, 22, 105, 6529 }, // U+1EEE
    { 16, 16, 241, 0, 16, 64, 6634 }, // U+1EEF
    { 19, 25, 311, 2, 20, 119, 6698 }, // U+1EF0
    { 16, 20, 241, 0, 15, 80, 6817 }, // U+1EF1
    { 16, 22, 245, 2, 22, 88, 6897 }, // U+1EF2
    { 15, 22, 191, -2, 17, 83, 6985 }, // U+1EF3
    { 16, 21, 245, 2, 16, 84, 7068 }, // U+1EF4
    { 15, 17, 191, -2, 12, 64, 7152 }, // U+1EF5
    { 16, 23, 245, 2, 23, 92, 7216 }, // U+1EF6
    { 15, 24, 191, -2, 19, 90, 7308 }, // U+1EF7
    { 16, 21, 245, 2, 21, 84, 7398 }, // U+1EF8
    { 15, 21, 191, -2, 16, 79, 7482 }, // U+1EF9
    { 0, 0, 192, 0, 0, 0, 0 }, // U+2000
    { 0, 0, 383, 0, 0, 0, 0 }, // U+2001
    { 0, 0, 192, 0, 0, 0, 0 }, // U+2002
    { 0, 0, 383, 0, 0, 0, 0 }, // U+2003
    { 0, 0, 123, 0, 0, 0, 0 }, // U+2004
    { 0, 0, 92, 0, 0, 0, 0 }, // U+2005
    { 0, 0, 61, 0, 0, 0, 0 }, // U+2006
    { 0, 0, 213, 0, 0, 0, 0 }, // U+2007
    { 0, 0, 107, 0, 0, 0, 0 }, // U+2008
    { 0, 0, 77, 0, 0, 0, 0 }, // U+2009
    { 0, 0, 8, 0, 0, 0, 0 }, // U+200A
    { 0, 0, 0, 0, 0, 0, 0 }, // U+200B
    { 0, 0, 0, 0, 0, 0, 0 }, // U+200C
    { 0, 0, 0, 0, 0, 0, 0 }, // U+200D
    { 0, 0, 0, 0, 0, 0, 0 }, // U+200E
    { 0, 0, 0, 0, 0, 0, 0 }, // U+200F
    { 7, 2, 122, 0, 6, 4, 0 }, // U+2010
    { 7, 2, 122, 0, 6, 4, 4 }, // U+2011
    { 13, 2, 213, 0, 6, 7, 8 }, // U+2012
    { 14, 2, 192, -1, 6, 7, 15 }, // U+2013
    { 26, 2, 383, -1, 6, 13, 22 }, // U+2014
    { 25, 2, 372, -1, 6, 13, 35 }, // U+2015
    { 7, 26, 197, 3, 20, 46, 48 }, // U+2016
    { 16, 5, 232, -3, -2, 20, 94 }, // U+2017
    { 5, 7, 97, 2, 17, 9, 114 }, // U+2018
    { 5, 7, 97, 2, 17, 9, 123 }, // U+2019
    { 5, 7, 97, -1, 3, 9, 132 }, // U+201A
    { 4, 7, 82, 2, 17, 7, 141 }, // U+201B
    { 10, 7, 175, 2, 17, 18, 148 }, // U+201C
    { 10, 7, 175, 2, 17, 18, 166 }, // U+201D
    { 10, 7, 175, -1, 3, 18, 184 }, // U+201E
    { 9, 7, 161, 2, 17, 16, 202 }, // U+201F
    { 13, 21, 192, 1, 18, 69, 218 }, // U+2020
    { 15, 22, 192, -1, 18, 83, 287 }, // U+2021
    { 7, 6, 115, 0, 11, 11, 370 }, // U+2022
    { 10, 10, 184, 1, 11, 25, 381 }, // U+2023
    { 4, 3, 107, 0, 3, 3, 406 }, // U+2024
    { 12, 3, 235, 0, 3, 9, 409 }, // U+2025
    { 20, 3, 383, 1, 3, 15, 418 }, // U+2026
    { 4, 3, 72, 0, 10, 3, 433 }, // U+2027
    { 0, 0, 0, 0, 0, 0, 436 }, // U+2028
    { 0, 0, 0, 0, 0, 0, 436 }, // U+2029
    { 0, 0, 0, 0, 0, 0, 436 }, // U+202A
    { 0, 0, 0, 0, 0, 0, 436 }, // U+202B
    { 0, 0, 0, 0, 0, 0, 436 }, // U+202C
    { 0, 0, 0, 0, 0, 0, 436 }, // U+202D
    { 0, 0, 0, 0, 0, 0, 436 }, // U+202E
    { 0, 0, 77, 0, 0, 0, 436 }, // U+202F
    { 26, 16, 435, 1, 16, 104, 436 }, // U+2030
    { 34, 16, 570, 1, 16, 136, 540 }, // U+2031
    { 7, 7, 119, 1, 16, 13, 676 }, // U+2032
    { 11, 7, 190, 1, 16, 20, 689 }, // U+2033
    { 16, 7, 261, 1, 16, 28, 709 }, // U+2034
    { 7, 7, 119, 1, 16, 13, 737 }, // U+2035
    { 11, 7, 190, 1, 16, 20, 750 }, // U+2036
    { 16, 7, 261, 1, 16, 28, 770 }, // U+2037
    { 7, 4, 99, 0, 1, 7, 798 }, // U+2038
    { 7, 12, 86, 0, 12, 21, 805 }, // U+2039
    { 7, 12, 86, -1, 12, 21, 826 }, // U+203A
    { 16, 15, 292, 1, 14, 60, 847 }, // U+203B
    { 12, 16, 216, 1, 16, 48, 907 }, // U+203C
    { 10, 16, 186, 2, 16, 40, 955 }, // U+203D
    { 13, 2, 187, 2, 19, 7, 995 }, // U+203E
    { 8, 4, 114, -2, -1, 8, 1002 }, // U+203F
    { 8, 4, 114, 1, 16, 8, 1010 }, // U+2040
    { 10, 17, 151, -1, 12, 43, 1018 }, // U+2041
    { 22, 19, 388, 1, 18, 105, 1061 }, // U+2042
    { 17, 17, 198, -2, 17, 73, 1166 }, // U+2044
    { 12, 17, 210, 1, 12, 51, 1239 }, // U+204A
    { 16, 5, 383, 4, 10, 20, 1290 }, // U+2053
    { 20, 7, 332, 1, 16, 35, 1310 }, // U+2057
    { 0, 0, 0, 0, 0, 0, 1345 }, // U+2060
    { 0, 0, 0, 0, 0, 0, 1345 }, // U+2061
    { 0, 0, 0, 0, 0, 0, 1345 }, // U+2062
    { 0, 0, 0, 0, 0, 0, 1345 }, // U+2063
    { 0, 0, 0, 0, 0, 0, 1345 }, // U+206A
    { 0, 0, 0, 0, 0, 0, 1345 }, // U+206B
    { 0, 0, 0, 0, 0, 0, 1345 }, // U+206C
    { 0, 0, 0, 0, 0, 0, 1345 }, // U+206D
    { 0, 0, 0, 0, 0, 0, 1345 }, // U+206E
    { 0, 0, 0, 0, 0, 0, 1345 }, // U+206F
    { 9, 9, 138, 1, 18, 21, 0 }, // U+2070
    { 5, 9, 66, 1, 18, 12, 21 }, // U+2071
    { 9, 10, 138, 1, 18, 23, 33 }, // U+2074
    { 9, 9, 138, 1, 18, 21, 56 }, // U+2075
    { 9, 11, 138, 1, 20, 25, 77 }, // U+2076
    { 10, 10, 138, 1, 18, 25, 102 }, // U+2077
    { 9, 9, 138, 1, 18, 21, 127 }, // U+2078
    { 9, 10, 138, 1, 18, 23, 148 }, // U+2079
    { 5, 5, 85, 2, 16, 7, 171 }, // U+207A
    { 4, 1, 73, 2, 14, 1, 178 }, // U+207B
    { 7, 4, 101, 1, 16, 7, 179 }, // U+207C
    { 7, 13, 104, 2, 20, 23, 186 }, // U+207D
    { 7, 13, 104, 0, 20, 23, 209 }, // U+207E
    { 9, 7, 132, 1, 16, 16, 232 }, // U+207F
    { 8, 10, 138, -1, 5, 20, 248 }, // U+2080
    { 6, 10, 138, 0, 5, 15, 268 }, // U+2081
    { 9, 10, 138, -2, 5, 23, 283 }, // U+2082
    { 9, 10, 138, -2, 5, 23, 306 }, // U+2083
    { 9, 10, 138, -2, 5, 23, 329 }, // U+2084
    { 9, 10, 138, -2, 5, 23, 352 }, // U+2085
    { 8, 11, 138, -1, 6, 22, 375 }, // U+2086
    { 9, 10, 138, -1, 5, 23, 397 }, // U+2087
    { 8, 10, 138, -1, 5, 20, 420 }, // U+2088
    { 9, 11, 138, -1, 5, 25, 440 }, // U+2089
    { 6, 5, 85, -2, 2, 8, 465 }, // U+208A
    { 5, 1, 73, -2, 0, 2, 473 }, // U+208B
    { 7, 3, 101, -2, 2, 6, 475 }, // U+208C
    { 7, 13, 104, -1, 7, 23, 481 }, // U+208D
    { 7, 13, 104, -3, 6, 23, 504 }, // U+208E
    { 8, 7, 130, -1, 2, 14, 527 }, // U+2090
    { 7, 7, 118, -1, 2, 13, 541 }, // U+2091
    { 8, 7, 123, -2, 2, 14, 554 }, // U+2092
    { 9, 7, 139, -2, 2, 16, 568 }, // U+2093
    { 7, 7, 105, -2, 2, 13, 584 }, // U+2094
    { 8, 10, 135, -1, 5, 20, 597 }, // U+2095
    { 8, 10, 128, -1, 5, 20, 617 }, // U+2096
    { 4, 10, 65, -1, 5, 10, 637 }, // U+2097
    { 13, 7, 195, -2, 2, 23, 647 }, // U+2098
    { 9, 7, 132, -2, 2, 16, 670 }, // U+2099
    { 10, 10, 127, -3, 2, 25, 686 }, // U+209A
    { 6, 7, 92, -2, 2, 11, 711 }, // U+209B
    { 5, 9, 77, -1, 4, 12, 722 }, // U+209C
    { 13, 16, 213, 0, 16, 52, 0 }, // U+20A0
    { 15, 21, 213, 0, 18, 79, 52 }, // U+20A1
    { 13, 16, 213, 1, 16, 52, 131 }, // U+20A2
    { 15, 16, 213, -1, 16, 60, 183 }, // U+20A3
    { 15, 16, 213, -1, 16, 60, 243 }, // U+20A4
    { 15, 16, 213, 0, 14, 60, 303 }, // U+20A5
    { 13, 16, 213, 0, 16, 52, 363 }, // U+20A6
    { 24, 16, 362, -1, 16, 96, 415 }, // U+20A7
    { 23, 16, 347, -1, 16, 92, 511 }, // U+20A8
    { 15, 16, 217, 0, 16, 60, 603 }, // U+20A9
    { 12, 11, 192, 0, 11, 33, 663 }, // U+20AA
    { 15, 20, 202, 0, 17, 75, 696 }, // U+20AB
    { 16, 16, 213, -1, 16, 64, 771 }, // U+20AC
    { 16, 16, 213, -1, 16, 64, 835 }, // U+20AD
    { 13, 16, 213, 1, 16, 52, 899 }, // U+20AE
    { 18, 18, 291, 0, 14, 81, 951 }, // U+20AF
    { 8, 17, 170, 1, 16, 34, 1032 }, // U+20B0
    { 15, 16, 213, -1, 16, 60, 1066 }, // U+20B1
    { 14, 21, 213, 0, 18, 74, 1126 }, // U+20B2
    { 17, 16, 258, -2, 16, 68, 1200 }, // U+20B3
    { 14, 16, 213, 0, 16, 56, 1268 }, // U+20B4
    { 13, 21, 213, 0, 18, 69, 1324 }, // U+20B5
    { 13, 17, 213, 1, 17, 56, 1393 }, // U+20B6
    { 13, 16, 213, 0, 16, 52, 1449 }, // U+20B7
    { 14, 16, 213, 0, 16, 56, 1501 }, // U+20B8
    { 13, 18, 213, 1, 17, 59, 1557 }, // U+20B9
    { 13, 16, 213, 0, 16, 52, 1616 }, // U+20BA
    { 16, 18, 267, 1, 18, 72, 1668 }, // U+20BB
    { 21, 19, 346, 0, 19, 100, 1740 }, // U+20BC
    { 15, 16, 213, -1, 16, 60, 1840 }, // U+20BD
    { 16, 18, 213, -1, 18, 72, 1900 }, // U+20BE
    { 14, 22, 213, -1, 19, 77, 1972 }, // U+20BF
    { 15, 16, 213, -1, 16, 60, 2049 }, // U+20C0
    { 21, 9, 383, 1, 12, 48, 0 }, // U+2190
    { 9, 21, 192, 1, 17, 48, 48 }, // U+2191
    { 21, 9, 383, 1, 12, 48, 96 }, // U+2192
    { 9, 21, 192, 1, 17, 48, 144 }, // U+2193
    { 21, 9, 383, 1, 12, 48, 192 }, // U+2194
    { 9, 21, 192, 1, 17, 48, 240 }, // U+2195
    { 16, 17, 383, 4, 16, 68, 288 }, // U+2196
    { 16, 17, 383, 4, 16, 68, 356 }, // U+2197
    { 16, 17, 383, 4, 16, 68, 424 }, // U+2198
    { 16, 17, 383, 4, 16, 68, 492 }, // U+2199
    { 21, 10, 369, 1, 12, 53, 560 }, // U+219A
    { 21, 10, 369, 1, 12, 53, 613 }, // U+219B
    { 12, 23, 192, 0, 17, 69, 666 }, // U+21A8
    { 21, 10, 383, 1, 12, 53, 735 }, // U+21AE
    { 19, 15, 311, 0, 16, 72, 788 }, // U+21B6
    { 18, 15, 311, 1, 16, 68, 860 }, // U+21B7
    { 18, 15, 311, 1, 14, 68, 928 }, // U+21BA
    { 19, 15, 311, 0, 14, 72, 996 }, // U+21BB
    { 23, 12, 378, 0, 13, 69, 1068 }, // U+21D0
    { 12, 23, 192, 0, 18, 69, 1137 }, // U+21D1
    { 23, 12, 378, 0, 13, 69, 1206 }, // U+21D2
    { 12, 23, 192, 0, 18, 69, 1275 }, // U+21D3
    { 23, 12, 383, 0, 13, 69, 1344 }, // U+21D4
    { 12, 23, 192, 0, 18, 69, 1413 }, // U+21D5
    { 12, 18, 198, 0, 17, 54, 0 }, // U+2202
    { 11, 16, 215, 1, 16, 44, 54 }, // U+2203
    { 11, 22, 215, 1, 19, 61, 98 }, // U+2204
    { 20, 20, 383, 2, 19, 100, 159 }, // U+2205
    { 16, 18, 245, 0, 18, 72, 259 }, // U+2206
    { 18, 17, 286, 0, 17, 77, 331 }, // U+220F
    { 15, 17, 216, -1, 17, 64, 408 }, // U+2211
    { 16, 2, 383, 4, 8, 8, 472 }, // U+2212
    { 14, 14, 369, 5, 14, 49, 480 }, // U+2213
    { 12, 20, 188, 0, 17, 60, 529 }, // U+2215
    { 3, 3, 72, 1, 10, 3, 589 }, // U+2219
    { 14, 18, 220, 0, 17, 63, 592 }, // U+221A
    { 16, 8, 383, 4, 11, 32, 655 }, // U+221E
    { 13, 14, 193, -1, 13, 46, 687 }, // U+2221
    { 6, 27, 197, 3, 20, 41, 733 }, // U+2225
    { 12, 27, 197, 0, 20, 81, 774 }, // U+2226
    { 12, 11, 223, 1, 13, 33, 855 }, // U+2227
    { 12, 11, 223, 2, 13, 33, 888 }, // U+2228
    { 11, 23, 181, 0, 18, 64, 921 }, // U+222B
    { 12, 11, 383, 6, 12, 33, 985 }, // U+2234
    { 12, 11, 383, 6, 12, 33, 1018 }, // U+2235
    { 16, 4, 383, 4, 9, 16, 1051 }, // U+223C
    { 16, 9, 383, 4, 12, 36, 1067 }, // U+2248
    { 16, 13, 383, 4, 17, 52, 1103 }, // U+225F
    { 16, 12, 383, 4, 13, 48, 1155 }, // U+2260
    { 16, 9, 383, 4, 12, 36, 1203 }, // U+2261
    { 16, 14, 383, 4, 14, 56, 1239 }, // U+2262
    { 16, 14, 383, 4, 14, 56, 1295 }, // U+2264
    { 16, 14, 383, 4, 14, 56, 1351 }, // U+2265
    { 16, 17, 383, 4, 16, 68, 1407 }, // U+226E
    { 16, 17, 383, 4, 16, 68, 1475 }, // U+226F
    { 14, 14, 383, 5, 14, 49, 1543 }, // U+2282
    { 14, 14, 383, 5, 14, 49, 1592 }, // U+2283
    { 14, 18, 383, 5, 16, 63, 1641 }, // U+2284
    { 14, 18, 383, 5, 16, 63, 1704 }, // U+2285
    { 14, 17, 383, 5, 17, 60, 1767 }, // U+2286
    { 14, 17, 383, 5, 17, 60, 1827 }, // U+2287
    { 13, 14, 223, 1, 13, 46, 1887 }, // U+22BB
    { 13, 14, 223, 1, 16, 46, 1933 }, // U+22BC
    { 13, 14, 223, 2, 16, 46, 1979 }, // U+22BD
    { 23, 22, 247, -4, 17, 127, 0 }, // U+FB00
    { 19, 22, 225, -4, 17, 105, 127 }, // U+FB01
    { 19, 22, 225, -4, 17, 105, 232 }, // U+FB02
    { 26, 22, 348, -4, 17, 143, 337 }, // U+FB03
    { 26, 22, 348, -4, 17, 143, 480 }, // U+FB04
    { 24, 24, 369, 0, 21, 144, 0 }, // U+FFFD
};

static const EpdUnicodeInterval chareink_11_5_italicIntervals[] = {
    { 0x20, 0x7E, 0x0 },
    { 0xA0, 0xFF, 0x5F },
    { 0x100, 0x148, 0xBF },
    { 0x14A, 0x17F, 0x108 },
    { 0x1A0, 0x1A1, 0x13E },
    { 0x1AF, 0x1B0, 0x140 },
    { 0x1C4, 0x21F, 0x142 },
    { 0x300, 0x33F, 0x19E },
    { 0x346, 0x36F, 0x1DE },
    { 0x400, 0x45F, 0x208 },
    { 0x462, 0x463, 0x268 },
    { 0x472, 0x475, 0x26A },
    { 0x48A, 0x4FF, 0x26E },
    { 0x1EA0, 0x1EF9, 0x2E4 },
    { 0x2000, 0x2042, 0x33E },
    { 0x2044, 0x2044, 0x381 },
    { 0x204A, 0x204A, 0x382 },
    { 0x2053, 0x2053, 0x383 },
    { 0x2057, 0x2057, 0x384 },
    { 0x2060, 0x2063, 0x385 },
    { 0x206A, 0x206F, 0x389 },
    { 0x2070, 0x2071, 0x38F },
    { 0x2074, 0x208E, 0x391 },
    { 0x2090, 0x209C, 0x3AC },
    { 0x20A0, 0x20C0, 0x3B9 },
    { 0x2190, 0x219B, 0x3DA },
    { 0x21A8, 0x21A8, 0x3E6 },
    { 0x21AE, 0x21AE, 0x3E7 },
    { 0x21B6, 0x21B7, 0x3E8 },
    { 0x21BA, 0x21BB, 0x3EA },
    { 0x21D0, 0x21D5, 0x3EC },
    { 0x2202, 0x2206, 0x3F2 },
    { 0x220F, 0x220F, 0x3F7 },
    { 0x2211, 0x2213, 0x3F8 },
    { 0x2215, 0x2215, 0x3FB },
    { 0x2219, 0x221A, 0x3FC },
    { 0x221E, 0x221E, 0x3FE },
    { 0x2221, 0x2221, 0x3FF },
    { 0x2225, 0x2228, 0x400 },
    { 0x222B, 0x222B, 0x404 },
    { 0x2234, 0x2235, 0x405 },
    { 0x223C, 0x223C, 0x407 },
    { 0x2248, 0x2248, 0x408 },
    { 0x225F, 0x2262, 0x409 },
    { 0x2264, 0x2265, 0x40D },
    { 0x226E, 0x226F, 0x40F },
    { 0x2282, 0x2287, 0x411 },
    { 0x22BB, 0x22BD, 0x417 },
    { 0xFB00, 0xFB04, 0x41A },
    { 0xFFFD, 0xFFFD, 0x41F },
};

static const EpdFontGroup chareink_11_5_italicGroups[] = {
    { 0, 2882, 4746, 95, 0 },
    { 2882, 2698, 5576, 96, 95 },
    { 5580, 3854, 8744, 127, 191 },
    { 9434, 3704, 7874, 96, 318 },
    { 13138, 896, 1240, 106, 414 },
    { 14034, 6289, 14886, 220, 520 },
    { 20323, 2762, 7561, 90, 740 },
    { 23085, 874, 1345, 81, 830 },
    { 23959, 580, 734, 42, 911 },
    { 24539, 1490, 2109, 33, 953 },
    { 26029, 716, 1482, 24, 986 },
    { 26745, 1086, 2025, 40, 1010 },
    { 27831, 343, 623, 5, 1050 },
    { 28174, 115, 144, 1, 1055 },
};

static const EpdKernClassEntry chareink_11_5_italicKernLeftClasses[] = {
    { 0x0022, 1 }, // "
    { 0x0027, 1 }, // '
    { 0x0028, 2 }, // (
    { 0x002C, 3 }, // ,
    { 0x002E, 3 }, // .
    { 0x0041, 4 }, // A
    { 0x0044, 5 }, // D
    { 0x0046, 6 }, // F
    { 0x004B, 7 }, // K
    { 0x004C, 8 }, // L
    { 0x004F, 5 }, // O
    { 0x0050, 6 }, // P
    { 0x0051, 5 }, // Q
    { 0x0052, 9 }, // R
    { 0x0054, 10 }, // T
    { 0x0055, 11 }, // U
    { 0x0056, 12 }, // V
    { 0x0057, 13 }, // W
    { 0x0058, 7 }, // X
    { 0x0059, 12 }, // Y
    { 0x005B, 2 }, // [
    { 0x0061, 14 }, // a
    { 0x0062, 15 }, // b
    { 0x0063, 16 }, // c
    { 0x0065, 17 }, // e
    { 0x0066, 18 }, // f
    { 0x0067, 19 }, // g
    { 0x0068, 14 }, // h
    { 0x006B, 20 }, // k
    { 0x006D, 14 }, // m
    { 0x006E, 14 }, // n
    { 0x006F, 15 }, // o
    { 0x0070, 15 }, // p
    { 0x0071, 19 }, // q
    { 0x0072, 21 }, // r
    { 0x0073, 16 }, // s
    { 0x0074, 16 }, // t
    { 0x0075, 14 }, // u
    { 0x0076, 22 }, // v
    { 0x0077, 22 }, // w
    { 0x0078, 20 }, // x
    { 0x0079, 22 }, // y
    { 0x007A, 16 }, // z
    { 0x007B, 2 }, // {
    { 0x00C0, 4 }, // U+00C0
    { 0x00C1, 4 }, // U+00C1
    { 0x00C2, 4 }, // U+00C2
    { 0x00C3, 4 }, // U+00C3
    { 0x00C4, 4 }, // U+00C4
    { 0x00C5, 4 }, // U+00C5
    { 0x00D0, 5 }, // U+00D0
    { 0x00D2, 5 }, // U+00D2
    { 0x00D3, 5 }, // U+00D3
    { 0x00D4, 5 }, // U+00D4
    { 0x00D5, 5 }, // U+00D5
    { 0x00D6, 5 }, // U+00D6
    { 0x00D9, 11 }, // U+00D9
    { 0x00DA, 11 }, // U+00DA
    { 0x00DB, 11 }, // U+00DB
    { 0x00DC, 11 }, // U+00DC
    { 0x00DD, 12 }, // U+00DD
    { 0x00DE, 5 }, // U+00DE
    { 0x00E0, 14 }, // U+00E0
    { 0x00E1, 14 }, // U+00E1
    { 0x00E2, 14 }, // U+00E2
    { 0x00E3, 14 }, // U+00E3
    { 0x00E4, 14 }, // U+00E4
    { 0x00E5, 14 }, // U+00E5
    { 0x00E6, 17 }, // U+00E6
    { 0x00E7, 16 }, // U+00E7
    { 0x00EE, 23 }, // U+00EE
    { 0x00EF, 23 }, // U+00EF
    { 0x00F1, 14 }, // U+00F1
    { 0x00F2, 24 }, // U+00F2
    { 0x00F3, 24 }, // U+00F3
    { 0x00F4, 24 }, // U+00F4
    { 0x00F5, 24 }, // U+00F5
    { 0x00F6, 24 }, // U+00F6
    { 0x00F8, 16 }, // U+00F8
    { 0x00F9, 14 }, // U+00F9
    { 0x00FA, 14 }, // U+00FA
    { 0x00FB, 14 }, // U+00FB
    { 0x00FC, 14 }, // U+00FC
    { 0x00FD, 22 }, // U+00FD
    { 0x00FE, 15 }, // U+00FE
    { 0x00FF, 22 }, // U+00FF
    { 0x0100, 4 }, // U+0100
    { 0x0101, 14 }, // U+0101
    { 0x0102, 4 }, // U+0102
    { 0x0103, 14 }, // U+0103
    { 0x0104, 4 }, // U+0104
    { 0x0105, 14 }, // U+0105
    { 0x0107, 16 }, // U+0107
    { 0x0109, 16 }, // U+0109
    { 0x010B, 16 }, // U+010B
    { 0x010D, 16 }, // U+010D
    { 0x010E, 5 }, // U+010E
    { 0x010F, 25 }, // U+010F
    { 0x0110, 5 }, // U+0110
    { 0x0119, 17 }, // U+0119
    { 0x011D, 19 }, // U+011D
    { 0x011F, 19 }, // U+011F
    { 0x0121, 19 }, // U+0121
    { 0x0123, 19 }, // U+0123
    { 0x0125, 14 }, // U+0125
    { 0x0127, 14 }, // U+0127
    { 0x0129, 23 }, // U+0129
    { 0x012B, 23 }, // U+012B
    { 0x012D, 23 }, // U+012D
    { 0x0136, 7 }, // U+0136
    { 0x0137, 20 }, // U+0137
    { 0x0138, 16 }, // U+0138
    { 0x0139, 8 }, // U+0139
    { 0x013B, 8 }, // U+013B
    { 0x013D, 26 }, // U+013D
    { 0x013E, 27 }, // U+013E
    { 0x0141, 8 }, // U+0141
    { 0x0144, 14 }, // U+0144
    { 0x0146, 19 }, // U+0146
    { 0x0148, 14 }, // U+0148
    { 0x014B, 19 }, // U+014B
    { 0x014C, 5 }, // U+014C
    { 0x014D, 24 }, // U+014D
    { 0x014E, 5 }, // U+014E
    { 0x014F, 24 }, // U+014F
    { 0x0150, 5 }, // U+0150
    { 0x0151, 24 }, // U+0151
    { 0x0153, 17 }, // U+0153
    { 0x0154, 9 }, // U+0154
    { 0x0155, 21 }, // U+0155
    { 0x0156, 9 }, // U+0156
    { 0x0157, 21 }, // U+0157
    { 0x0158, 9 }, // U+0158
    { 0x0159, 21 }, // U+0159
    { 0x015B, 16 }, // U+015B
    { 0x015D, 16 }, // U+015D
    { 0x015F, 19 }, // U+015F
    { 0x0161, 16 }, // U+0161
    { 0x0162, 10 }, // U+0162
    { 0x0163, 19 }, // U+0163
    { 0x0164, 10 }, // U+0164
    { 0x0165, 28 }, // U+0165
    { 0x0166, 10 }, // U+0166
    { 0x0167, 16 }, // U+0167
    { 0x0168, 11 }, // U+0168
    { 0x0169, 14 }, // U+0169
    { 0x016A, 11 }, // U+016A
    { 0x016B, 14 }, // U+016B
    { 0x016C, 11 }, // U+016C
    { 0x016D, 14 }, // U+016D
    { 0x016E, 11 }, // U+016E
    { 0x016F, 14 }, // U+016F
    { 0x0170, 11 }, // U+0170
    { 0x0171, 14 }, // U+0171
    { 0x0172, 11 }, // U+0172
    { 0x0173, 19 }, // U+0173
    { 0x0174, 13 }, // U+0174
    { 0x0175, 22 }, // U+0175
    { 0x0176, 12 }, // U+0176
    { 0x0177, 22 }, // U+0177
    { 0x0178, 12 }, // U+0178
    { 0x017A, 16 }, // U+017A
    { 0x017C, 16 }, // U+017C
    { 0x017E, 16 }, // U+017E
    { 0x017F, 18 }, // U+017F
    { 0x01A0, 5 }, // U+01A0
    { 0x01A1, 29 }, // U+01A1
    { 0x01AF, 10 }, // U+01AF
    { 0x01B0, 29 }, // U+01B0
    { 0x01C5, 16 }, // U+01C5
    { 0x01C6, 16 }, // U+01C6
    { 0x01C9, 19 }, // U+01C9
    { 0x01CD, 4 }, // U+01CD
    { 0x01CE, 14 }, // U+01CE
    { 0x01D0, 23 }, // U+01D0
    { 0x01D1, 5 }, // U+01D1
    { 0x01D2, 24 }, // U+01D2
    { 0x01D3, 11 }, // U+01D3
    { 0x01D4, 14 }, // U+01D4
    { 0x01D5, 11 }, // U+01D5
    { 0x01D6, 14 }, // U+01D6
    { 0x01D7, 11 }, // U+01D7
    { 0x01D8, 14 }, // U+01D8
    { 0x01D9, 11 }, // U+01D9
    { 0x01DA, 14 }, // U+01DA
    { 0x01DB, 11 }, // U+01DB
    { 0x01DC, 14 }, // U+01DC
    { 0x01DD, 15 }, // U+01DD
    { 0x01DE, 4 }, // U+01DE
    { 0x01DF, 14 }, // U+01DF
    { 0x01E0, 4 }, // U+01E0
    { 0x01E1, 14 }, // U+01E1
    { 0x01E5, 19 }, // U+01E5
    { 0x01E7, 19 }, // U+01E7
    { 0x01E8, 7 }, // U+01E8
    { 0x01E9, 20 }, // U+01E9
    { 0x01EA, 5 }, // U+01EA
    { 0x01EB, 15 }, // U+01EB
    { 0x01EC, 5 }, // U+01EC
    { 0x01ED, 24 }, // U+01ED
    { 0x01EF, 19 }, // U+01EF
    { 0x01F2, 16 }, // U+01F2
    { 0x01F3, 16 }, // U+01F3
    { 0x01F5, 19 }, // U+01F5
    { 0x01F6, 5 }, // U+01F6
    { 0x01F7, 6 }, // U+01F7
    { 0x01F9, 14 }, // U+01F9
    { 0x01FA, 4 }, // U+01FA
    { 0x01FB, 14 }, // U+01FB
    { 0x0200, 4 }, // U+0200
    { 0x0201, 14 }, // U+0201
    { 0x0202, 4 }, // U+0202
    { 0x0203, 14 }, // U+0203
    { 0x020B, 23 }, // U+020B
    { 0x020C, 5 }, // U+020C
    { 0x020D, 24 }, // U+020D
    { 0x020E, 5 }, // U+020E
    { 0x020F, 24 }, // U+020F
    { 0x0210, 9 }, // U+0210
    { 0x0211, 21 }, // U+0211
    { 0x0212, 9 }, // U+0212
    { 0x0213, 21 }, // U+0213
    { 0x0214, 11 }, // U+0214
    { 0x0215, 14 }, // U+0215
    { 0x0216, 11 }, // U+0216
    { 0x0217, 14 }, // U+0217
    { 0x0219, 19 }, // U+0219
    { 0x021A, 10 }, // U+021A
    { 0x021B, 19 }, // U+021B
    { 0x021D, 19 }, // U+021D
    { 0x021F, 14 }, // U+021F
    { 0x0403, 10 }, // U+0403
    { 0x0409, 9 }, // U+0409
    { 0x040E, 12 }, // U+040E
    { 0x0410, 4 }, // U+0410
    { 0x0413, 10 }, // U+0413
    { 0x041E, 5 }, // U+041E
    { 0x0420, 6 }, // U+0420
    { 0x0422, 10 }, // U+0422
    { 0x0423, 12 }, // U+0423
    { 0x0424, 5 }, // U+0424
    { 0x0425, 7 }, // U+0425
    { 0x042A, 9 }, // U+042A
    { 0x042C, 9 }, // U+042C
    { 0x042D, 5 }, // U+042D
    { 0x042E, 5 }, // U+042E
    { 0x0430, 14 }, // U+0430
    { 0x0433, 16 }, // U+0433
    { 0x0434, 16 }, // U+0434
    { 0x0435, 17 }, // U+0435
    { 0x0436, 16 }, // U+0436
    { 0x0437, 14 }, // U+0437
    { 0x0438, 16 }, // U+0438
    { 0x0439, 16 }, // U+0439
    { 0x043A, 16 }, // U+043A
    { 0x043B, 16 }, // U+043B
    { 0x043C, 16 }, // U+043C
    { 0x043D, 16 }, // U+043D
    { 0x043E, 15 }, // U+043E
    { 0x043F, 16 }, // U+043F
    { 0x0440, 15 }, // U+0440
    { 0x0441, 16 }, // U+0441
    { 0x0442, 16 }, // U+0442
    { 0x0443, 22 }, // U+0443
    { 0x0444, 15 }, // U+0444
    { 0x0445, 20 }, // U+0445
    { 0x0446, 16 }, // U+0446
    { 0x0447, 16 }, // U+0447
    { 0x0448, 16 }, // U+0448
    { 0x0449, 16 }, // U+0449
    { 0x044A, 30 }, // U+044A
    { 0x044C, 30 }, // U+044C
    { 0x044D, 15 }, // U+044D
    { 0x044E, 15 }, // U+044E
    { 0x0452, 14 }, // U+0452
    { 0x0453, 16 }, // U+0453
    { 0x0454, 16 }, // U+0454
    { 0x0455, 16 }, // U+0455
    { 0x0457, 18 }, // U+0457
    { 0x0459, 30 }, // U+0459
    { 0x045A, 30 }, // U+045A
    { 0x045B, 14 }, // U+045B
    { 0x045C, 16 }, // U+045C
    { 0x045D, 16 }, // U+045D
    { 0x045E, 22 }, // U+045E
    { 0x045F, 16 }, // U+045F
    { 0x0472, 5 }, // U+0472
    { 0x0473, 15 }, // U+0473
    { 0x0475, 16 }, // U+0475
    { 0x048B, 16 }, // U+048B
    { 0x048C, 9 }, // U+048C
    { 0x048D, 30 }, // U+048D
    { 0x048E, 6 }, // U+048E
    { 0x0490, 10 }, // U+0490
    { 0x0491, 16 }, // U+0491
    { 0x0492, 10 }, // U+0492
    { 0x0493, 16 }, // U+0493
    { 0x0495, 16 }, // U+0495
    { 0x0497, 16 }, // U+0497
    { 0x0499, 14 }, // U+0499
    { 0x049B, 16 }, // U+049B
    { 0x049D, 16 }, // U+049D
    { 0x049F, 16 }, // U+049F
    { 0x04A1, 16 }, // U+04A1
    { 0x04A3, 16 }, // U+04A3
    { 0x04A5, 16 }, // U+04A5
    { 0x04A7, 30 }, // U+04A7
    { 0x04AB, 16 }, // U+04AB
    { 0x04AC, 10 }, // U+04AC
    { 0x04AD, 16 }, // U+04AD
    { 0x04AE, 12 }, // U+04AE
    { 0x04AF, 22 }, // U+04AF
    { 0x04B0, 12 }, // U+04B0
    { 0x04B1, 22 }, // U+04B1
    { 0x04B2, 7 }, // U+04B2
    { 0x04B3, 20 }, // U+04B3
    { 0x04B5, 16 }, // U+04B5
    { 0x04B7, 16 }, // U+04B7
    { 0x04B9, 16 }, // U+04B9
    { 0x04BB, 14 }, // U+04BB
    { 0x04BC, 5 }, // U+04BC
    { 0x04BD, 17 }, // U+04BD
    { 0x04BE, 5 }, // U+04BE
    { 0x04BF, 17 }, // U+04BF
    { 0x04C2, 16 }, // U+04C2
    { 0x04C4, 16 }, // U+04C4
    { 0x04C6, 16 }, // U+04C6
    { 0x04C8, 16 }, // U+04C8
    { 0x04CA, 16 }, // U+04CA
    { 0x04CC, 16 }, // U+04CC
    { 0x04CE, 16 }, // U+04CE
    { 0x04D0, 4 }, // U+04D0
    { 0x04D1, 14 }, // U+04D1
    { 0x04D2, 4 }, // U+04D2
    { 0x04D3, 14 }, // U+04D3
    { 0x04D5, 17 }, // U+04D5
    { 0x04D8, 5 }, // U+04D8
    { 0x04D9, 15 }, // U+04D9
    { 0x04DA, 5 }, // U+04DA
    { 0x04DB, 24 }, // U+04DB
    { 0x04DD, 16 }, // U+04DD
    { 0x04E1, 19 }, // U+04E1
    { 0x04E3, 16 }, // U+04E3
    { 0x04E5, 16 }, // U+04E5
    { 0x04E6, 5 }, // U+04E6
    { 0x04E7, 24 }, // U+04E7
    { 0x04E8, 5 }, // U+04E8
    { 0x04E9, 15 }, // U+04E9
    { 0x04EA, 5 }, // U+04EA
    { 0x04EB, 24 }, // U+04EB
    { 0x04EC, 5 }, // U+04EC
    { 0x04ED, 24 }, // U+04ED
    { 0x04EE, 12 }, // U+04EE
    { 0x04EF, 22 }, // U+04EF
    { 0x04F0, 12 }, // U+04F0
    { 0x04F1, 22 }, // U+04F1
    { 0x04F2, 12 }, // U+04F2
    { 0x04F3, 22 }, // U+04F3
    { 0x04F5, 16 }, // U+04F5
    { 0x04F6, 10 }, // U+04F6
    { 0x04F7, 16 }, // U+04F7
    { 0x04FA, 10 }, // U+04FA
    { 0x04FB, 16 }, // U+04FB
    { 0x04FC, 7 }, // U+04FC
    { 0x04FD, 20 }, // U+04FD
    { 0x04FE, 7 }, // U+04FE
    { 0x04FF, 20 }, // U+04FF
    { 0x1EA0, 4 }, // U+1EA0
    { 0x1EA1, 14 }, // U+1EA1
    { 0x1EA2, 4 }, // U+1EA2
    { 0x1EA3, 14 }, // U+1EA3
    { 0x1EA4, 4 }, // U+1EA4
    { 0x1EA5, 14 }, // U+1EA5
    { 0x1EA6, 4 }, // U+1EA6
    { 0x1EA7, 14 }, // U+1EA7
    { 0x1EA8, 4 }, // U+1EA8
    { 0x1EA9, 14 }, // U+1EA9
    { 0x1EAA, 4 }, // U+1EAA
    { 0x1EAB, 14 }, // U+1EAB
    { 0x1EAC, 4 }, // U+1EAC
    { 0x1EAD, 14 }, // U+1EAD
    { 0x1EAE, 4 }, // U+1EAE
    { 0x1EAF, 14 }, // U+1EAF
    { 0x1EB0, 4 }, // U+1EB0
    { 0x1EB1, 14 }, // U+1EB1
    { 0x1EB2, 4 }, // U+1EB2
    { 0x1EB3, 14 }, // U+1EB3
    { 0x1EB4, 4 }, // U+1EB4
    { 0x1EB5, 14 }, // U+1EB5
    { 0x1EB6, 4 }, // U+1EB6
    { 0x1EB7, 14 }, // U+1EB7
    { 0x1EB9, 17 }, // U+1EB9
    { 0x1ECC, 5 }, // U+1ECC
    { 0x1ECD, 15 }, // U+1ECD
    { 0x1ECE, 5 }, // U+1ECE
    { 0x1ECF, 24 }, // U+1ECF
    { 0x1ED0, 5 }, // U+1ED0
    { 0x1ED1, 24 }, // U+1ED1
    { 0x1ED2, 5 }, // U+1ED2
    { 0x1ED3, 24 }, // U+1ED3
    { 0x1ED4, 5 }, // U+1ED4
    { 0x1ED5, 24 }, // U+1ED5
    { 0x1ED6, 5 }, // U+1ED6
    { 0x1ED7, 24 }, // U+1ED7
    { 0x1ED8, 5 }, // U+1ED8
    { 0x1ED9, 24 }, // U+1ED9
    { 0x1EE4, 11 }, // U+1EE4
    { 0x1EE5, 19 }, // U+1EE5
    { 0x1EE6, 11 }, // U+1EE6
    { 0x1EE7, 14 }, // U+1EE7
    { 0x1EF2, 12 }, // U+1EF2
    { 0x1EF3, 22 }, // U+1EF3
    { 0x1EF4, 12 }, // U+1EF4
    { 0x1EF5, 19 }, // U+1EF5
    { 0x1EF6, 12 }, // U+1EF6
    { 0x1EF7, 22 }, // U+1EF7
    { 0x1EF8, 12 }, // U+1EF8
    { 0x1EF9, 22 }, // U+1EF9
    { 0x2018, 1 }, // U+2018
    { 0x2019, 1 }, // U+2019
    { 0x201A, 3 }, // U+201A
    { 0x201C, 1 }, // U+201C
    { 0x201D, 1 }, // U+201D
    { 0x201E, 3 }, // U+201E
    { 0x2026, 3 }, // U+2026
    { 0xFB00, 18 }, // U+FB00
};

static const EpdKernClassEntry chareink_11_5_italicKernRightClasses[] = {
    { 0x0022, 1 }, // "
    { 0x0027, 1 }, // '
    { 0x0029, 2 }, // )
    { 0x002C, 3 }, // ,
    { 0x002E, 3 }, // .
    { 0x003A, 4 }, // :
    { 0x003B, 4 }, // ;
    { 0x0041, 5 }, // A
    { 0x0043, 6 }, // C
    { 0x0047, 6 }, // G
    { 0x004F, 6 }, // O
    { 0x0051, 6 }, // Q
    { 0x0054, 7 }, // T
    { 0x0055, 8 }, // U
    { 0x0056, 9 }, // V
    { 0x0057, 10 }, // W
    { 0x0058, 11 }, // X
    { 0x0059, 9 }, // Y
    { 0x005D, 2 }, // ]
    { 0x0061, 12 }, // a
    { 0x0062, 13 }, // b
    { 0x0063, 14 }, // c
    { 0x0064, 14 }, // d
    { 0x0065, 14 }, // e
    { 0x0066, 4 }, // f
    { 0x0067, 15 }, // g
    { 0x0068, 13 }, // h
    { 0x006A, 16 }, // j
    { 0x006B, 13 }, // k
    { 0x006C, 13 }, // l
    { 0x006D, 17 }, // m
    { 0x006E, 17 }, // n
    { 0x006F, 14 }, // o
    { 0x0070, 4 }, // p
    { 0x0071, 14 }, // q
    { 0x0072, 17 }, // r
    { 0x0073, 12 }, // s
    { 0x0074, 4 }, // t
    { 0x0075, 17 }, // u
    { 0x0076, 18 }, // v
    { 0x0077, 18 }, // w
    { 0x0078, 19 }, // x
    { 0x0079, 18 }, // y
    { 0x007A, 17 }, // z
    { 0x007D, 2 }, // }
    { 0x00C0, 5 }, // U+00C0
    { 0x00C1, 5 }, // U+00C1
    { 0x00C2, 5 }, // U+00C2
    { 0x00C3, 5 }, // U+00C3
    { 0x00C4, 5 }, // U+00C4
    { 0x00C5, 5 }, // U+00C5
    { 0x00C6, 5 }, // U+00C6
    { 0x00C7, 6 }, // U+00C7
    { 0x00D2, 6 }, // U+00D2
    { 0x00D3, 6 }, // U+00D3
    { 0x00D4, 6 }, // U+00D4
    { 0x00D5, 6 }, // U+00D5
    { 0x00D6, 6 }, // U+00D6
    { 0x00D9, 8 }, // U+00D9
    { 0x00DA, 8 }, // U+00DA
    { 0x00DB, 8 }, // U+00DB
    { 0x00DC, 8 }, // U+00DC
    { 0x00DD, 9 }, // U+00DD
    { 0x00E0, 20 }, // U+00E0
    { 0x00E1, 20 }, // U+00E1
    { 0x00E2, 20 }, // U+00E2
    { 0x00E3, 20 }, // U+00E3
    { 0x00E4, 20 }, // U+00E4
    { 0x00E5, 20 }, // U+00E5
    { 0x00E6, 12 }, // U+00E6
    { 0x00E7, 14 }, // U+00E7
    { 0x00E8, 21 }, // U+00E8
    { 0x00E9, 21 }, // U+00E9
    { 0x00EA, 21 }, // U+00EA
    { 0x00EB, 21 }, // U+00EB
    { 0x00EE, 22 }, // U+00EE
    { 0x00EF, 22 }, // U+00EF
    { 0x00F0, 14 }, // U+00F0
    { 0x00F1, 17 }, // U+00F1
    { 0x00F2, 21 }, // U+00F2
    { 0x00F3, 21 }, // U+00F3
    { 0x00F4, 21 }, // U+00F4
    { 0x00F5, 21 }, // U+00F5
    { 0x00F6, 21 }, // U+00F6
    { 0x00F8, 17 }, // U+00F8
    { 0x00F9, 17 }, // U+00F9
    { 0x00FA, 17 }, // U+00FA
    { 0x00FB, 17 }, // U+00FB
    { 0x00FC, 17 }, // U+00FC
    { 0x00FD, 18 }, // U+00FD
    { 0x00FE, 13 }, // U+00FE
    { 0x00FF, 18 }, // U+00FF
    { 0x0100, 5 }, // U+0100
    { 0x0101, 20 }, // U+0101
    { 0x0102, 5 }, // U+0102
    { 0x0103, 20 }, // U+0103
    { 0x0104, 5 }, // U+0104
    { 0x0105, 15 }, // U+0105
    { 0x0106, 6 }, // U+0106
    { 0x0107, 21 }, // U+0107
    { 0x0108, 6 }, // U+0108
    { 0x0109, 21 }, // U+0109
    { 0x010A, 6 }, // U+010A
    { 0x010B, 21 }, // U+010B
    { 0x010C, 6 }, // U+010C
    { 0x010D, 21 }, // U+010D
    { 0x010F, 14 }, // U+010F
    { 0x0111, 14 }, // U+0111
    { 0x0113, 21 }, // U+0113
    { 0x0115, 21 }, // U+0115
    { 0x0117, 21 }, // U+0117
    { 0x0119, 23 }, // U+0119
    { 0x011B, 21 }, // U+011B
    { 0x011C, 6 }, // U+011C
    { 0x011D, 20 }, // U+011D
    { 0x011E, 6 }, // U+011E
    { 0x011F, 20 }, // U+011F
    { 0x0120, 6 }, // U+0120
    { 0x0121, 20 }, // U+0121
    { 0x0122, 6 }, // U+0122
    { 0x0123, 20 }, // U+0123
    { 0x0125, 13 }, // U+0125
    { 0x0127, 13 }, // U+0127
    { 0x0129, 22 }, // U+0129
    { 0x012B, 22 }, // U+012B
    { 0x012D, 22 }, // U+012D
    { 0x0135, 16 }, // U+0135
    { 0x0137, 13 }, // U+0137
    { 0x0138, 17 }, // U+0138
    { 0x013A, 13 }, // U+013A
    { 0x013C, 13 }, // U+013C
    { 0x013E, 13 }, // U+013E
    { 0x0140, 13 }, // U+0140
    { 0x0142, 13 }, // U+0142
    { 0x0144, 17 }, // U+0144
    { 0x0146, 17 }, // U+0146
    { 0x0148, 17 }, // U+0148
    { 0x014B, 4 }, // U+014B
    { 0x014C, 6 }, // U+014C
    { 0x014D, 21 }, // U+014D
    { 0x014E, 6 }, // U+014E
    { 0x014F, 21 }, // U+014F
    { 0x0150, 6 }, // U+0150
    { 0x0151, 21 }, // U+0151
    { 0x0152, 6 }, // U+0152
    { 0x0153, 14 }, // U+0153
    { 0x0155, 17 }, // U+0155
    { 0x0157, 4 }, // U+0157
    { 0x0159, 17 }, // U+0159
    { 0x015B, 20 }, // U+015B
    { 0x015D, 20 }, // U+015D
    { 0x015F, 15 }, // U+015F
    { 0x0161, 20 }, // U+0161
    { 0x0162, 7 }, // U+0162
    { 0x0163, 4 }, // U+0163
    { 0x0164, 7 }, // U+0164
    { 0x0165, 4 }, // U+0165
    { 0x0166, 7 }, // U+0166
    { 0x0168, 8 }, // U+0168
    { 0x0169, 17 }, // U+0169
    { 0x016A, 8 }, // U+016A
    { 0x016B, 17 }, // U+016B
    { 0x016C, 8 }, // U+016C
    { 0x016D, 17 }, // U+016D
    { 0x016E, 8 }, // U+016E
    { 0x016F, 17 }, // U+016F
    { 0x0170, 8 }, // U+0170
    { 0x0171, 17 }, // U+0171
    { 0x0172, 8 }, // U+0172
    { 0x0173, 17 }, // U+0173
    { 0x0174, 10 }, // U+0174
    { 0x0175, 18 }, // U+0175
    { 0x0176, 9 }, // U+0176
    { 0x0177, 18 }, // U+0177
    { 0x0178, 9 }, // U+0178
    { 0x017A, 17 }, // U+017A
    { 0x017C, 17 }, // U+017C
    { 0x017E, 17 }, // U+017E
    { 0x017F, 13 }, // U+017F
    { 0x01A0, 6 }, // U+01A0
    { 0x01A1, 14 }, // U+01A1
    { 0x01AF, 8 }, // U+01AF
    { 0x01B0, 17 }, // U+01B0
    { 0x01C6, 14 }, // U+01C6
    { 0x01C9, 13 }, // U+01C9
    { 0x01CC, 17 }, // U+01CC
    { 0x01CD, 5 }, // U+01CD
    { 0x01CE, 20 }, // U+01CE
    { 0x01D0, 22 }, // U+01D0
    { 0x01D1, 6 }, // U+01D1
    { 0x01D2, 21 }, // U+01D2
    { 0x01D3, 8 }, // U+01D3
    { 0x01D4, 17 }, // U+01D4
    { 0x01D5, 8 }, // U+01D5
    { 0x01D6, 17 }, // U+01D6
    { 0x01D7, 8 }, // U+01D7
    { 0x01D8, 17 }, // U+01D8
    { 0x01D9, 8 }, // U+01D9
    { 0x01DA, 17 }, // U+01DA
    { 0x01DB, 8 }, // U+01DB
    { 0x01DC, 17 }, // U+01DC
    { 0x01DD, 14 }, // U+01DD
    { 0x01DE, 5 }, // U+01DE
    { 0x01DF, 20 }, // U+01DF
    { 0x01E0, 5 }, // U+01E0
    { 0x01E1, 20 }, // U+01E1
    { 0x01E2, 5 }, // U+01E2
    { 0x01E3, 20 }, // U+01E3
    { 0x01E4, 6 }, // U+01E4
    { 0x01E5, 15 }, // U+01E5
    { 0x01E6, 6 }, // U+01E6
    { 0x01E7, 20 }, // U+01E7
    { 0x01E9, 13 }, // U+01E9
    { 0x01EA, 6 }, // U+01EA
    { 0x01EB, 23 }, // U+01EB
    { 0x01EC, 6 }, // U+01EC
    { 0x01ED, 21 }, // U+01ED
    { 0x01EF, 4 }, // U+01EF
    { 0x01F0, 16 }, // U+01F0
    { 0x01F3, 14 }, // U+01F3
    { 0x01F4, 6 }, // U+01F4
    { 0x01F5, 20 }, // U+01F5
    { 0x01F9, 17 }, // U+01F9
    { 0x01FA, 5 }, // U+01FA
    { 0x01FB, 20 }, // U+01FB
    { 0x01FC, 5 }, // U+01FC
    { 0x01FD, 20 }, // U+01FD
    { 0x0200, 5 }, // U+0200
    { 0x0201, 20 }, // U+0201
    { 0x0202, 5 }, // U+0202
    { 0x0203, 20 }, // U+0203
    { 0x0205, 21 }, // U+0205
    { 0x0207, 21 }, // U+0207
    { 0x020B, 22 }, // U+020B
    { 0x020C, 6 }, // U+020C
    { 0x020D, 21 }, // U+020D
    { 0x020E, 6 }, // U+020E
    { 0x020F, 21 }, // U+020F
    { 0x0211, 17 }, // U+0211
    { 0x0213, 17 }, // U+0213
    { 0x0214, 8 }, // U+0214
    { 0x0215, 17 }, // U+0215
    { 0x0216, 8 }, // U+0216
    { 0x0217, 17 }, // U+0217
    { 0x0219, 15 }, // U+0219
    { 0x021A, 7 }, // U+021A
    { 0x021B, 4 }, // U+021B
    { 0x021D, 4 }, // U+021D
    { 0x021F, 13 }, // U+021F
    { 0x0402, 7 }, // U+0402
    { 0x0404, 6 }, // U+0404
    { 0x040B, 7 }, // U+040B
    { 0x0410, 5 }, // U+0410
    { 0x0414, 5 }, // U+0414
    { 0x041B, 5 }, // U+041B
    { 0x041E, 6 }, // U+041E
    { 0x0421, 6 }, // U+0421
    { 0x0422, 7 }, // U+0422
    { 0x0424, 6 }, // U+0424
    { 0x0425, 11 }, // U+0425
    { 0x0430, 12 }, // U+0430
    { 0x0431, 13 }, // U+0431
    { 0x0432, 17 }, // U+0432
    { 0x0433, 17 }, // U+0433
    { 0x0434, 24 }, // U+0434
    { 0x0435, 14 }, // U+0435
    { 0x0436, 17 }, // U+0436
    { 0x0437, 17 }, // U+0437
    { 0x0438, 17 }, // U+0438
    { 0x0439, 17 }, // U+0439
    { 0x043A, 17 }, // U+043A
    { 0x043B, 24 }, // U+043B
    { 0x043C, 17 }, // U+043C
    { 0x043D, 17 }, // U+043D
    { 0x043E, 14 }, // U+043E
    { 0x043F, 17 }, // U+043F
    { 0x0440, 4 }, // U+0440
    { 0x0441, 14 }, // U+0441
    { 0x0442, 17 }, // U+0442
    { 0x0443, 18 }, // U+0443
    { 0x0444, 14 }, // U+0444
    { 0x0445, 19 }, // U+0445
    { 0x0446, 17 }, // U+0446
    { 0x0447, 17 }, // U+0447
    { 0x0448, 17 }, // U+0448
    { 0x0449, 17 }, // U+0449
    { 0x044B, 17 }, // U+044B
    { 0x044C, 17 }, // U+044C
    { 0x044D, 17 }, // U+044D
    { 0x044E, 17 }, // U+044E
    { 0x044F, 17 }, // U+044F
    { 0x0450, 21 }, // U+0450
    { 0x0451, 21 }, // U+0451
    { 0x0452, 13 }, // U+0452
    { 0x0453, 17 }, // U+0453
    { 0x0454, 14 }, // U+0454
    { 0x0455, 12 }, // U+0455
    { 0x0457, 13 }, // U+0457
    { 0x0458, 16 }, // U+0458
    { 0x0459, 24 }, // U+0459
    { 0x045A, 17 }, // U+045A
    { 0x045B, 13 }, // U+045B
    { 0x045C, 17 }, // U+045C
    { 0x045D, 17 }, // U+045D
    { 0x045E, 18 }, // U+045E
    { 0x045F, 17 }, // U+045F
    { 0x0472, 6 }, // U+0472
    { 0x0473, 14 }, // U+0473
    { 0x0474, 9 }, // U+0474
    { 0x0475, 18 }, // U+0475
    { 0x048B, 17 }, // U+048B
    { 0x048D, 17 }, // U+048D
    { 0x048F, 17 }, // U+048F
    { 0x0491, 17 }, // U+0491
    { 0x0493, 17 }, // U+0493
    { 0x0495, 17 }, // U+0495
    { 0x0497, 17 }, // U+0497
    { 0x0499, 17 }, // U+0499
    { 0x049B, 17 }, // U+049B
    { 0x049D, 17 }, // U+049D
    { 0x049F, 13 }, // U+049F
    { 0x04A1, 17 }, // U+04A1
    { 0x04A3, 17 }, // U+04A3
    { 0x04A5, 17 }, // U+04A5
    { 0x04A7, 17 }, // U+04A7
    { 0x04A8, 6 }, // U+04A8
    { 0x04A9, 14 }, // U+04A9
    { 0x04AA, 6 }, // U+04AA
    { 0x04AB, 14 }, // U+04AB
    { 0x04AC, 7 }, // U+04AC
    { 0x04AD, 17 }, // U+04AD
    { 0x04AE, 9 }, // U+04AE
    { 0x04AF, 18 }, // U+04AF
    { 0x04B0, 9 }, // U+04B0
    { 0x04B1, 18 }, // U+04B1
    { 0x04B2, 11 }, // U+04B2
    { 0x04B3, 19 }, // U+04B3
    { 0x04B4, 7 }, // U+04B4
    { 0x04B5, 17 }, // U+04B5
    { 0x04B7, 17 }, // U+04B7
    { 0x04B9, 17 }, // U+04B9
    { 0x04BB, 13 }, // U+04BB
    { 0x04C2, 17 }, // U+04C2
    { 0x04C4, 17 }, // U+04C4
    { 0x04C6, 24 }, // U+04C6
    { 0x04C8, 17 }, // U+04C8
    { 0x04CA, 17 }, // U+04CA
    { 0x04CC, 17 }, // U+04CC
    { 0x04CE, 17 }, // U+04CE
    { 0x04D0, 5 }, // U+04D0
    { 0x04D1, 20 }, // U+04D1
    { 0x04D2, 5 }, // U+04D2
    { 0x04D3, 20 }, // U+04D3
    { 0x04D4, 5 }, // U+04D4
    { 0x04D5, 12 }, // U+04D5
    { 0x04D7, 21 }, // U+04D7
    { 0x04D8, 6 }, // U+04D8
    { 0x04D9, 14 }, // U+04D9
    { 0x04DA, 6 }, // U+04DA
    { 0x04DB, 21 }, // U+04DB
    { 0x04DD, 17 }, // U+04DD
    { 0x04E1, 4 }, // U+04E1
    { 0x04E3, 17 }, // U+04E3
    { 0x04E5, 17 }, // U+04E5
    { 0x04E6, 6 }, // U+04E6
    { 0x04E7, 21 }, // U+04E7
    { 0x04E8, 6 }, // U+04E8
    { 0x04E9, 14 }, // U+04E9
    { 0x04EA, 6 }, // U+04EA
    { 0x04EB, 21 }, // U+04EB
    { 0x04ED, 17 }, // U+04ED
    { 0x04EF, 18 }, // U+04EF
    { 0x04F1, 18 }, // U+04F1
    { 0x04F3, 18 }, // U+04F3
    { 0x04F5, 17 }, // U+04F5
    { 0x04F7, 17 }, // U+04F7
    { 0x04F9, 17 }, // U+04F9
    { 0x04FB, 17 }, // U+04FB
    { 0x04FC, 11 }, // U+04FC
    { 0x04FD, 19 }, // U+04FD
    { 0x04FE, 11 }, // U+04FE
    { 0x04FF, 19 }, // U+04FF
    { 0x1EA0, 5 }, // U+1EA0
    { 0x1EA1, 15 }, // U+1EA1
    { 0x1EA2, 5 }, // U+1EA2
    { 0x1EA3, 20 }, // U+1EA3
    { 0x1EA4, 5 }, // U+1EA4
    { 0x1EA5, 20 }, // U+1EA5
    { 0x1EA6, 5 }, // U+1EA6
    { 0x1EA7, 20 }, // U+1EA7
    { 0x1EA8, 5 }, // U+1EA8
    { 0x1EA9, 20 }, // U+1EA9
    { 0x1EAA, 5 }, // U+1EAA
    { 0x1EAB, 20 }, // U+1EAB
    { 0x1EAC, 5 }, // U+1EAC
    { 0x1EAD, 20 }, // U+1EAD
    { 0x1EAE, 5 }, // U+1EAE
    { 0x1EAF, 20 }, // U+1EAF
    { 0x1EB0, 5 }, // U+1EB0
    { 0x1EB1, 20 }, // U+1EB1
    { 0x1EB2, 5 }, // U+1EB2
    { 0x1EB3, 20 }, // U+1EB3
    { 0x1EB4, 5 }, // U+1EB4
    { 0x1EB5, 20 }, // U+1EB5
    { 0x1EB6, 5 }, // U+1EB6
    { 0x1EB7, 20 }, // U+1EB7
    { 0x1EB9, 23 }, // U+1EB9
    { 0x1EBB, 21 }, // U+1EBB
    { 0x1EBD, 21 }, // U+1EBD
    { 0x1EBF, 21 }, // U+1EBF
    { 0x1EC1, 21 }, // U+1EC1
    { 0x1EC3, 21 }, // U+1EC3
    { 0x1EC5, 21 }, // U+1EC5
    { 0x1EC7, 21 }, // U+1EC7
    { 0x1ECC, 6 }, // U+1ECC
    { 0x1ECD, 14 }, // U+1ECD
    { 0x1ECE, 6 }, // U+1ECE
    { 0x1ECF, 21 }, // U+1ECF
    { 0x1ED0, 6 }, // U+1ED0
    { 0x1ED1, 21 }, // U+1ED1
    { 0x1ED2, 6 }, // U+1ED2
    { 0x1ED3, 21 }, // U+1ED3
    { 0x1ED4, 6 }, // U+1ED4
    { 0x1ED5, 21 }, // U+1ED5
    { 0x1ED6, 6 }, // U+1ED6
    { 0x1ED7, 21 }, // U+1ED7
    { 0x1ED8, 6 }, // U+1ED8
    { 0x1ED9, 21 }, // U+1ED9
    { 0x1EE4, 8 }, // U+1EE4
    { 0x1EE5, 4 }, // U+1EE5
    { 0x1EE6, 8 }, // U+1EE6
    { 0x1EE7, 17 }, // U+1EE7
    { 0x1EF2, 9 }, // U+1EF2
    { 0x1EF3, 18 }, // U+1EF3
    { 0x1EF4, 9 }, // U+1EF4
    { 0x1EF5, 18 }, // U+1EF5
    { 0x1EF6, 9 }, // U+1EF6
    { 0x1EF7, 18 }, // U+1EF7
    { 0x1EF8, 9 }, // U+1EF8
    { 0x1EF9, 18 }, // U+1EF9
    { 0x2018, 1 }, // U+2018
    { 0x2019, 1 }, // U+2019
    { 0x201A, 3 }, // U+201A
    { 0x201C, 1 }, // U+201C
    { 0x201D, 1 }, // U+201D
    { 0x201E, 3 }, // U+201E
    { 0x2026, 3 }, // U+2026
    { 0xFB00, 4 }, // U+FB00
    { 0xFB03, 4 }, // U+FB03
    { 0xFB04, 4 }, // U+FB04
};

static const int8_t chareink_11_5_italicKernMatrix[] = {
       0,    0,  -34,    0,  -34,    0,    0,    0,    0,    0,    0,  -13,    0,   -7,  -13,    0,    0,    0,   -6,  -13,   -7,    0,   -7,  -30,
       0,    0,    0,    0,    0,    0,    0,    0,    0,    0,    0,    0,    0,    0,    0,   22,    0,    0,    0,    0,    0,    0,    0,    0,
     -34,    0,    0,    0,    0,    0,  -34,    0,  -43,  -36,    0,    0,    0,    0,    0,    0,    0,  -21,    0,    0,    0,    0,    0,    0,
     -45,    0,    0,    0,    0,  -15,  -36,  -15,  -43,  -34,    0,    0,    0,    0,    0,    0,    0,  -17,    0,    0,    0,    0,    0,    0,
       0,    0,    0,    0,    0,    0,   -4,    0,  -11,   -7,   -7,    0,    0,    0,    0,    0,    0,    0,    0,    0,    0,    0,    0,    0,
       0,    0,  -34,    0,   -9,    0,    0,    0,    0,    0,    0,   -2,    0,   -2,   -2,    0,    0,    0,    0,   -2,   -2,    0,   -2,  -15,
       0,    0,    0,    0,    0,  -15,    0,    0,    0,    0,    0,    0,    0,    0,    0,    0,    0,    0,    0,    0,    0,    0,    0,    0,
     -49,    0,    0,    0,    0,    0,  -24,    0,  -34,  -24,    0,    0,    0,    0,    0,    0,    0,  -13,    0,    0,    0,    0,    0,    0,
       0,    0,    0,    0,    0,    0,  -15,    0,  -26,  -21,    0,    0,    0,    0,    0,    0,    0,    0,    0,    0,    0,    0,    0,    0,
       0,    0,  -24,    0,  -21,    0,    0,    0,    0,    0,    0,  -13,    0,  -19,   -6,    0,    0,    0,    0,   -7,   -9,    0,  -19,  -22,
       0,    0,    0,    0,  -11,    0,    0,    0,    0,    0,    0,    0,    0,   -4,    0,    0,    0,    0,    0,    0,    0,    0,    0,  -11,
       0,    0,  -30,    0,  -15,    6,    0,    0,    0,    0,    0,  -17,    0,  -17,   -6,    0,   -4,    0,    0,   -8,   -8,    0,  -17,  -28,
       0,    0,  -19,    0,  -13,    7,    0,    0,    0,    0,    0,  -13,    0,  -13,   -6,    0,   -2,    0,    0,   -7,   -7,    0,  -13,  -24,
     -24,    0,    0,    0,    0,    0,    0,    0,    0,    0,    0,    0,    0,    0,    0,    0,    0,   -2,    0,    0,    0,    0,    0,    0,
     -19,    0,    0,    0,    0,    0,    0,    0,    0,    0,    0,    0,    0,    0,    0,    0,    0,   -4,   -9,    0,    0,    0,    0,   -2,
      -7,    0,    0,    0,    0,    0,    0,    0,    0,    0,    0,    0,    0,    0,    0,    0,    0,    0,    0,    0,    0,    0,    0,    0,
      -4,    0,    0,    0,    0,    0,    0,    0,    0,    0,    0,    0,    0,    0,    0,    0,    0,    0,    0,    0,    0,    0,    0,    0,
      21,   26,    0,    0,    0,    0,    0,    0,    0,    0,    0,    0,    0,    0,    0,    0,    0,    0,    0,    0,    0,    0,    0,    0,
      -6,    0,    0,    0,    0,    0,    0,    0,    0,    0,    0,    0,    0,    0,    0,   34,    0,    0,    0,    0,    0,    0,    0,    0,
     -11,    0,    0,    0,    0,    0,    0,    0,    0,    0,    0,    0,    0,   -7,    0,    0,    0,    0,    0,    0,   -7,    0,   -4,    0,
       0,    0,  -28,    0,    0,    0,    0,    0,    0,    0,    0,    0,    0,   -2,    0,    0,    0,    0,    0,    0,   -2,    0,   -2,  -19,
     -11,    0,  -19,    0,    0,    0,    0,    0,    0,    0,    0,   -6,    0,   -2,   -2,    0,    0,    0,    0,   -6,   -2,    0,   -2,  -11,
       0,    0,    0,    0,    0,    0,    0,    0,    0,    0,    0,    0,    0,    0,    0,    0,    0,    0,    0,    0,    0,   36,    0,    0,
     -11,    0,    0,    0,    0,    0,    0,    0,    0,    0,    0,    0,    0,    0,    0,    0,    0,   -4,   -9,    0,    0,    0,    0,   -6,
       0,    0,  -39,  -39,    0,    0,    0,    0,    0,    0,    0,  -39,    0,  -39,  -39,  -24,  -39,  -39,  -39,  -30,  -34,    0,  -39,    0,
     -22,    0,    0,    0,    0,    0,  -13,    0,  -17,    0,    0,    0,    0,    0,    0,    0,    0,  -13,    0,    0,    0,    0,    0,    0,
       0,    0,  -34,  -34,    0,    0,    0,    0,    0,    0,    0,  -34,    0,  -34,  -34,  -27,  -34,  -34,  -34,  -19,  -34,    0,  -34,    0,
       0,    0,  -20,  -20,    0,    0,    0,    0,    0,    0,    0,  -20,    0,  -20,  -20,  -20,  -20,  -20,  -20,  -20,  -20,    0,  -20,    0,
       0,    0,    0,    0,    0,    0,    0,    0,    0,    0,    0,  -19,  -17,  -19,  -19,    0,    0,    0,    0,  -19,  -19,    0,  -19,    0,
     -34,    0,    0,    0,    0,    0,    0,    0,    0,    0,    0,    0,    0,   -4,    0,    0,    0,  -11,    0,    0,   -4,    0,    0,    0,
};

static const EpdLigaturePair chareink_11_5_italicLigaturePairs[] = {
    { 0x00660066, 0xFB00 }, // f f -> U+FB00
    { 0x00660069, 0xFB01 }, // f i -> U+FB01
    { 0x0066006C, 0xFB02 }, // f l -> U+FB02
    { 0xFB000069, 0xFB03 }, // U+FB00 i -> U+FB03
    { 0xFB00006C, 0xFB04 }, // U+FB00 l -> U+FB04
};

static const EpdFontData chareink_11_5_italic = {
    chareink_11_5_italicBitmaps,
    chareink_11_5_italicGlyphs,
    chareink_11_5_italicIntervals,
    50,
    25,
    20,
    -6,
    true,
    chareink_11_5_italicGroups,
    14,
    chareink_11_5_italicKernLeftClasses,
    chareink_11_5_italicKernRightClasses,
    chareink_11_5_italicKernMatrix,
    426,
    450,
    30,
    24,
    chareink_11_5_italicLigaturePairs,
    5,
};
