/**
 * generated by fontconvert.py
 * name: chareink_12_italic
 * size: 12
 * mode: 2-bit  compressed: true
 * Command used: fontconvert.py chareink_12_italic 12 ../builtinFonts/source/ChareInk/ChareInk7SPWT-Italic.ttf --2bit --compress
 */
#pragma once
#include "EpdFontData.h"

static const uint8_t chareink_12_italicBitmaps[32485] = {
    0x6D, 0x58, 0x3D, 0x6C, 0x1C, 0xC7, 0x15, 0x7E, 0xBB, 0x63, 0x73, 0x03, 0x0F, 0xA2, 0x71, 0x80,
    0xD8, 0x89, 0x4D, 0x4B, 0x93, 0x22, 0x45, 0x00, 0x91, 0xDC, 0x94, 0x2A, 0x8E, 0x37, 0x63, 0xBB,
    0x30, 0x10, 0x17, 0x51, 0xE3, 0xB8, 0x50, 0x21, 0xA7, 0x0E, 0x10, 0xBA, 0x60, 0xC1, 0x82, 0xE4,
    0x2E, 0xA2, 0x42, 0x08, 0x5C, 0x58, 0x8D, 0xE1, 0x22, 0x45, 0x52, 0xB8, 0x49, 0x91, 0x88, 0x01,
    0x54, 0x30, 0x00, 0xEF, 0x76, 0xE5, 0x14, 0x2A, 0x5C, 0x68, 0x65, 0x43, 0x51, 0xE1, 0xC2, 0x6B,
    0x58, 0x36, 0x83, 0xB8, 0xE0, 0x58, 0x5A, 0x2A, 0x4B, 0x6B, 0xF7, 0x26, 0xDF, 0x9B, 0x3D, 0x4A,
    0x94, 0xE1, 0x13, 0x97, 0xBA, 0xD9, 0x99, 0x79, 0xF3, 0x7E, 0xBE, 0xF7, 0xBD, 0x37, 0xA4, 0xDD,
    0xB8, 0x13, 0xAD, 0x68, 0x84, 0x13, 0xB5, 0xA8, 0x44, 0x99, 0xE4, 0x89, 0x5D, 0x20, 0x22, 0x4D,
    0x26, 0x37, 0xB9, 0xA6, 0x65, 0xA5, 0x5F, 0xBF, 0xF1, 0xE1, 0xE7, 0xF5, 0xB5, 0xF5, 0xD1, 0x4B,
    0xA7, 0x16, 0x04, 0x66, 0xF2, 0x9F, 0x11, 0xAD, 0x9F, 0x26, 0x5A, 0x92, 0x44, 0xA7, 0x44, 0x4E,
    0xC9, 0xCB, 0x15, 0xC5, 0xE5, 0x0E, 0x79, 0xEF, 0x1D, 0x5D, 0x5B, 0xC6, 0x84, 0x7A, 0x34, 0x11,
    0xF1, 0xCB, 0xA8, 0xDE, 0xC0, 0x8E, 0x97, 0x4E, 0x4E, 0x94, 0x61, 0xC7, 0xFC, 0xF3, 0x4B, 0xC2,
    0x88, 0xA8, 0xF8, 0x96, 0xD2, 0x8D, 0xBD, 0xC8, 0xDD, 0xAA, 0xD5, 0x8D, 0xC4, 0x9A, 0x97, 0x9E,
    0xA2, 0xD9, 0x0E, 0x09, 0x5F, 0xE2, 0x71, 0x14, 0xF9, 0x86, 0xA2, 0x03, 0x47, 0x52, 0x97, 0xEE,
    0xDC, 0x58, 0x94, 0xB7, 0x1A, 0x95, 0xA8, 0x3C, 0xFB, 0x7B, 0x4B, 0x6B, 0x33, 0x22, 0xC8, 0xA4,
    0x1F, 0x42, 0xD2, 0xB3, 0x44, 0x11, 0x86, 0x75, 0xFC, 0xC0, 0x91, 0x8B, 0xDC, 0x88, 0x76, 0xA8,
    0x55, 0x76, 0x87, 0x46, 0x49, 0xB9, 0x4E, 0x3A, 0x76, 0xEB, 0x94, 0x94, 0xCD, 0xB9, 0x2C, 0x6F,
    0x76, 0xCF, 0xFD, 0x73, 0x57, 0xB7, 0xA3, 0x4D, 0x28, 0xB4, 0x04, 0x69, 0xD0, 0x2C, 0x72, 0x74,
    0x3A, 0x29, 0xF7, 0xE8, 0x74, 0xE4, 0xC6, 0x74, 0x8A, 0x36, 0x35, 0x7E, 0xA9, 0x8B, 0x16, 0x0B,
    0x20, 0x50, 0xF6, 0x44, 0xC9, 0x57, 0x2D, 0x41, 0x5A, 0x49, 0x29, 0xF5, 0x14, 0x37, 0xFC, 0xE5,
    0x52, 0x83, 0x59, 0xBC, 0x95, 0xED, 0x8B, 0x7F, 0x4D, 0xFC, 0x75, 0xFF, 0x71, 0x5B, 0x88, 0x2A,
    0x13, 0x6D, 0x2B, 0x6B, 0xE5, 0xA9, 0xA0, 0xAC, 0x4C, 0x9C, 0xE8, 0xC8, 0xDC, 0xF6, 0x47, 0x94,
    0xDD, 0xD5, 0xED, 0xF2, 0xD6, 0xE6, 0xE6, 0xFA, 0xDB, 0x6F, 0x11, 0xED, 0x52, 0x9A, 0x0B, 0x47,
    0x86, 0x62, 0x47, 0x2A, 0xA7, 0x09, 0x61, 0xA0, 0xE7, 0xFF, 0x43, 0xB0, 0xC1, 0x41, 0x24, 0x6A,
    0x9E, 0xC2, 0xD7, 0x3D, 0x1E, 0x45, 0x47, 0xBC, 0x8B, 0x56, 0xE1, 0x26, 0xA2, 0x31, 0xBF, 0x8C,
    0x86, 0x25, 0x25, 0x8F, 0x5A, 0x4A, 0x6A, 0x4A, 0x2D, 0x75, 0x73, 0x41, 0x7B, 0x3C, 0x95, 0x52,
    0xD4, 0x90, 0xB6, 0x0B, 0x0D, 0xEF, 0x22, 0x04, 0xCD, 0xC1, 0x4F, 0xF2, 0x8F, 0xAB, 0xFA, 0x8E,
    0xA3, 0xF3, 0x74, 0x7A, 0x87, 0xBE, 0x71, 0xE2, 0x95, 0x92, 0x03, 0x10, 0xE3, 0x41, 0x40, 0x69,
    0x1D, 0xEE, 0xAB, 0x60, 0xA9, 0x3D, 0x1E, 0x1A, 0x84, 0xEF, 0xC4, 0xF0, 0x3B, 0xB3, 0xD0, 0x5E,
    0xD7, 0x59, 0xBE, 0x44, 0xF5, 0x19, 0x51, 0xB1, 0x1C, 0xD3, 0x9B, 0x6E, 0x45, 0xDF, 0x69, 0xA0,
    0x28, 0xB0, 0x91, 0xE4, 0x04, 0xCF, 0xF2, 0x16, 0x47, 0x74, 0x8D, 0xE8, 0x1C, 0x7C, 0x4D, 0x74,
    0x86, 0x48, 0x05, 0x21, 0x98, 0x8B, 0x31, 0x57, 0x13, 0x82, 0x44, 0x00, 0xC8, 0x28, 0x88, 0x7D,
    0x9A, 0xE5, 0x24, 0x70, 0x79, 0x9F, 0x59, 0x55, 0x66, 0x70, 0x75, 0x27, 0x9D, 0x68, 0x8C, 0x55,
    0xB7, 0xE0, 0xC8, 0xD7, 0x1D, 0x75, 0x26, 0x4F, 0x5C, 0x1F, 0x7C, 0xDF, 0xAB, 0x4A, 0x3A, 0x63,
    0x8D, 0x9D, 0xC6, 0x0D, 0xCD, 0xD6, 0x2C, 0x15, 0x10, 0xB6, 0x58, 0x66, 0x9D, 0xBE, 0x5A, 0xC6,
    0x2D, 0x19, 0x1B, 0x5C, 0x0C, 0xCF, 0x4C, 0x49, 0x55, 0xF0, 0x8D, 0x2E, 0xE1, 0xB3, 0xD4, 0x26,
    0xAD, 0xF2, 0x2D, 0x2D, 0xF8, 0x9C, 0xB2, 0x0B, 0x0D, 0x75, 0x71, 0x17, 0xE1, 0xA1, 0x0F, 0xF0,
    0x90, 0x40, 0x30, 0x13, 0x68, 0x0B, 0xAF, 0x62, 0x3B, 0x45, 0x78, 0x25, 0xEB, 0xE1, 0x6B, 0x4B,
    0x4E, 0xD5, 0x71, 0x0D, 0x8F, 0x54, 0x19, 0x1E, 0x5A, 0x9C, 0xD9, 0xE4, 0xB0, 0xC0, 0xE1, 0x05,
    0x8B, 0x20, 0xCB, 0xEB, 0x32, 0x1C, 0x8F, 0x90, 0x00, 0x2C, 0x3F, 0x42, 0x94, 0x38, 0x52, 0x2C,
    0x54, 0xBA, 0x2D, 0x32, 0xAF, 0xB4, 0x71, 0x9B, 0x1C, 0x66, 0x36, 0xF6, 0x57, 0x30, 0x23, 0xAB,
    0x30, 0x53, 0x00, 0x43, 0x1D, 0xC9, 0x83, 0x3C, 0x7E, 0xD0, 0xD0, 0xC4, 0x50, 0xFA, 0xAA, 0x93,
    0x55, 0x16, 0x37, 0x09, 0x1F, 0xB3, 0xEF, 0x3D, 0x04, 0x61, 0x95, 0x2E, 0xF9, 0x74, 0x0E, 0x2F,
    0xEC, 0xA1, 0xE7, 0xB0, 0xCD, 0x3B, 0xE1, 0x7D, 0x09, 0x74, 0xD0, 0x16, 0x07, 0x61, 0xAE, 0xAF,
    0xB7, 0xF4, 0x5F, 0x64, 0x0B, 0x65, 0x79, 0x38, 0x7A, 0x50, 0xFE, 0x17, 0x64, 0xE2, 0x36, 0x6E,
    0xE4, 0x61, 0x46, 0x49, 0x38, 0x9A, 0x2C, 0xC5, 0xC0, 0xEF, 0x51, 0x90, 0x39, 0x09, 0x62, 0xD9,
    0xE2, 0x99, 0xAF, 0xF4, 0x61, 0xF6, 0x87, 0x8E, 0x7A, 0xB8, 0xFA, 0x8B, 0x86, 0xA6, 0x86, 0xD4,
    0x17, 0xEC, 0x6D, 0xAB, 0xAF, 0xB7, 0xC2, 0xC9, 0x2F, 0x3B, 0x5A, 0x3C, 0x22, 0xE9, 0x7D, 0xC7,
    0x1E, 0x70, 0xB4, 0x9D, 0x00, 0xC0, 0x4F, 0xF1, 0x6E, 0x96, 0xC3, 0xE7, 0x77, 0xC1, 0x2C, 0xDA,
    0xA6, 0xA0, 0x26, 0x70, 0x8B, 0xA0, 0x30, 0x16, 0x79, 0x82, 0xE7, 0x27, 0xC7, 0xE9, 0xBE, 0x38,
    0x23, 0x88, 0x83, 0x95, 0xCE, 0x90, 0x49, 0x5C, 0x52, 0x67, 0xB6, 0x17, 0xB3, 0xD4, 0x2A, 0x9F,
    0x8B, 0x87, 0xB3, 0xA8, 0x95, 0x1D, 0x3C, 0x71, 0xA3, 0xA6, 0x6E, 0x4A, 0xFA, 0x06, 0x62, 0x9F,
    0xDE, 0xEE, 0x69, 0x0D, 0xF0, 0x4F, 0x11, 0xBC, 0xF7, 0x1B, 0x59, 0xEB, 0xEB, 0x73, 0x2D, 0x1D,
    0x4D, 0x33, 0x52, 0xFB, 0x0E, 0xA3, 0x5C, 0x7F, 0xD8, 0xCB, 0x36, 0x01, 0x5A, 0x39, 0xD4, 0x08,
    0x3E, 0x62, 0x4E, 0x99, 0x45, 0x9A, 0x51, 0x56, 0x91, 0xCC, 0x87, 0x93, 0x45, 0x95, 0x96, 0x05,
    0x35, 0x73, 0x3D, 0x56, 0xA2, 0x3E, 0x69, 0x30, 0xB5, 0x4A, 0x69, 0x29, 0xDD, 0xA3, 0xD7, 0xE1,
    0xB3, 0x07, 0x2F, 0xEA, 0x1A, 0xC8, 0x3C, 0x07, 0x68, 0x9E, 0x9C, 0x79, 0x9B, 0x68, 0x2D, 0xA7,
    0xB4, 0x22, 0xCC, 0xCA, 0xBB, 0x94, 0x34, 0x21, 0x27, 0xF9, 0x28, 0x1E, 0x06, 0xF6, 0xE1, 0x59,
    0x5A, 0x68, 0x87, 0xC5, 0xC3, 0xB9, 0x81, 0x1A, 0x9F, 0xF8, 0x28, 0xBC, 0x2A, 0xE7, 0xB3, 0xDF,
    0xBB, 0x97, 0x25, 0x6A, 0xE2, 0x03, 0x30, 0x44, 0xC4, 0x78, 0x76, 0x6A, 0xC3, 0xE2, 0xF0, 0x59,
    0xF0, 0xB6, 0xCF, 0x2E, 0xD7, 0xE6, 0x57, 0x48, 0x11, 0x38, 0x3C, 0xCD, 0x61, 0x74, 0x66, 0xE5,
    0x15, 0xCE, 0xA3, 0x9A, 0x17, 0x2C, 0x33, 0x02, 0x10, 0xDA, 0x60, 0x3C, 0x93, 0x64, 0x7C, 0xF4,
    0x9B, 0xC0, 0x13, 0x49, 0x29, 0x71, 0x32, 0x28, 0x51, 0x7F, 0x7D, 0xF9, 0xD5, 0xCA, 0x5C, 0xAC,
    0x3E, 0x77, 0xE3, 0xD8, 0x8D, 0x9A, 0x94, 0x3A, 0x35, 0x52, 0xF9, 0x58, 0xDC, 0x4C, 0x2A, 0x65,
    0xF7, 0xAF, 0x37, 0x49, 0xF9, 0x0F, 0x9E, 0xD9, 0x18, 0xA9, 0x8F, 0xBB, 0x0D, 0x65, 0xFD, 0xAF,
    0x9B, 0xD8, 0x3D, 0x0D, 0xFC, 0xAC, 0x86, 0x1C, 0x0D, 0x19, 0xBF, 0xC5, 0x09, 0x9D, 0x34, 0x11,
    0x82, 0xBB, 0xE8, 0xEF, 0x3E, 0xB2, 0x8E, 0x11, 0x10, 0x4C, 0x21, 0x80, 0x92, 0x14, 0x1B, 0xB6,
    0xCD, 0xE9, 0x85, 0x90, 0x51, 0x0A, 0x30, 0x44, 0x48, 0x68, 0xB0, 0xDB, 0x94, 0xB1, 0x0C, 0xCE,
    0xAA, 0x13, 0x4E, 0x54, 0x55, 0x82, 0xAF, 0x10, 0xD7, 0x1C, 0x8C, 0x0B, 0x84, 0x76, 0xDA, 0x83,
    0x50, 0x62, 0x0F, 0xB1, 0xFA, 0xF3, 0x22, 0x17, 0x0D, 0x62, 0x84, 0x54, 0x45, 0x92, 0x4D, 0x61,
    0x6D, 0x06, 0x6C, 0x4F, 0xE1, 0x58, 0x66, 0x8A, 0x45, 0x58, 0x8E, 0x8D, 0x69, 0xAE, 0x6A, 0x59,
    0xA1, 0x92, 0x35, 0x58, 0xD5, 0x41, 0x48, 0xF1, 0xFC, 0x0C, 0xF5, 0x07, 0xCE, 0x8C, 0x21, 0xC3,
    0xBC, 0x37, 0xC5, 0xEB, 0x15, 0x9C, 0xB4, 0x0C, 0x05, 0x7E, 0x6A, 0xF2, 0x80, 0x51, 0x4E, 0x14,
    0x86, 0x0A, 0x93, 0x7C, 0xF8, 0x1F, 0xE3, 0x1A, 0xB4, 0x0C, 0xA0, 0x88, 0x4A, 0x1E, 0x5D, 0x28,
    0xA9, 0x38, 0xC2, 0x76, 0xFF, 0x17, 0xAC, 0xB8, 0x00, 0xC2, 0x6D, 0x90, 0xB6, 0xAA, 0x14, 0x0D,
    0x0E, 0x94, 0x0E, 0x1E, 0xD7, 0x25, 0xF2, 0x9E, 0x0F, 0x8F, 0xF9, 0x48, 0x19, 0x0C, 0x81, 0x22,
    0x38, 0x69, 0x02, 0x20, 0x62, 0x1D, 0xA8, 0x87, 0x97, 0x14, 0xCF, 0xF7, 0xA4, 0x59, 0xD9, 0x98,
    0x19, 0x15, 0x7A, 0x42, 0x46, 0x54, 0x73, 0x6A, 0x50, 0x86, 0xDA, 0x97, 0xE6, 0x3B, 0xD8, 0x3C,
    0x9A, 0xDB, 0x73, 0xC1, 0x52, 0x06, 0xDA, 0x04, 0x76, 0x19, 0xCC, 0xE7, 0x21, 0x65, 0x1D, 0x2B,
    0x97, 0xA9, 0x78, 0xE3, 0x22, 0xD7, 0xD3, 0x32, 0xC8, 0x30, 0xF9, 0x18, 0x47, 0xAD, 0xC2, 0x88,
    0x25, 0xE6, 0x1D, 0x9A, 0x82, 0x4F, 0x27, 0x78, 0x3C, 0x78, 0xAD, 0x93, 0x36, 0xEA, 0x24, 0xD2,
    0x40, 0x86, 0x24, 0x14, 0xCD, 0x10, 0x11, 0x38, 0x90, 0x32, 0x64, 0x08, 0x45, 0x30, 0x4A, 0x1E,
    0xAE, 0x95, 0xBA, 0x8A, 0x1C, 0xD8, 0x65, 0x03, 0xA7, 0xBC, 0xA0, 0xEA, 0x61, 0x21, 0xF3, 0x12,
    0xBC, 0x90, 0xFA, 0x02, 0x71, 0x80, 0xE6, 0xE6, 0x65, 0xB6, 0xD8, 0x58, 0x24, 0xAA, 0x43, 0xAA,
    0x67, 0xEF, 0x21, 0x34, 0xFE, 0x4B, 0x3C, 0xAD, 0x06, 0x05, 0xC1, 0x32, 0xDE, 0x05, 0x55, 0x3B,
    0xD6, 0x35, 0x1B, 0xA0, 0x18, 0x5C, 0xC1, 0x03, 0x1F, 0xB4, 0x79, 0x72, 0x66, 0x18, 0x3C, 0xDE,
    0x53, 0x58, 0xE0, 0xC7, 0x77, 0x8A, 0xED, 0x6A, 0x11, 0x07, 0x4C, 0x21, 0x40, 0x19, 0x27, 0x31,
    0x1F, 0xCF, 0x45, 0x2D, 0x09, 0x5B, 0xFB, 0xF9, 0x54, 0x01, 0x4F, 0x72, 0x53, 0xD0, 0x84, 0xA8,
    0xB1, 0x61, 0xB0, 0x81, 0x79, 0x87, 0xD3, 0x1E, 0x02, 0x39, 0xAE, 0x4C, 0x7E, 0x80, 0x3A, 0xF8,
    0x49, 0x62, 0xFF, 0x2A, 0x04, 0x00, 0x71, 0xC9, 0x3E, 0x44, 0xCE, 0x2C, 0xF7, 0x12, 0x9E, 0xF1,
    0x31, 0xB5, 0x02, 0x54, 0x0B, 0x91, 0x40, 0x71, 0xC6, 0x94, 0xDC, 0xA2, 0xD4, 0xCA, 0x03, 0xE6,
    0x52, 0x86, 0x83, 0x67, 0x19, 0xF7, 0x99, 0x79, 0x2F, 0xE1, 0x8C, 0x1E, 0xDE, 0x13, 0x0E, 0xE2,
    0x55, 0x99, 0xB2, 0x0E, 0xA0, 0x1C, 0x9F, 0xA7, 0x35, 0xEB, 0x9C, 0x1C, 0x85, 0x12, 0xC1, 0x9A,
    0x64, 0x43, 0xC1, 0x98, 0x0E, 0x8A, 0x0C, 0xE4, 0x1D, 0x07, 0xF2, 0x7E, 0x86, 0x03, 0x6E, 0x68,
    0x59, 0x1E, 0xBE, 0x79, 0x03, 0x2C, 0x1A, 0x7B, 0x1C, 0xEC, 0xAD, 0xEA, 0xB8, 0xB7, 0x10, 0x9E,
    0x7F, 0xC8, 0x97, 0xDC, 0xED, 0x64, 0xF0, 0x06, 0x8A, 0xF7, 0x94, 0x1E, 0x36, 0x24, 0xFF, 0x5C,
    0xEE, 0x21, 0x3F, 0xF6, 0xDD, 0x18, 0x36, 0x35, 0x5D, 0x0A, 0x69, 0x9B, 0xE6, 0xE2, 0xEB, 0x98,
    0x96, 0x07, 0x28, 0x80, 0xF2, 0x43, 0x5F, 0x72, 0xFA, 0x64, 0x35, 0x4F, 0x2B, 0x8E, 0xE5, 0x84,
    0xF3, 0x24, 0xF2, 0xAE, 0x4B, 0x7D, 0x1E, 0x23, 0x40, 0x3E, 0x57, 0x0D, 0x7C, 0x03, 0xF1, 0xCA,
    0x92, 0xAF, 0x12, 0xC8, 0xEF, 0x50, 0x31, 0x52, 0x63, 0xE1, 0x8B, 0x8F, 0xD0, 0xEA, 0x88, 0xBA,
    0xC7, 0x4C, 0x93, 0xDE, 0x80, 0x68, 0x81, 0xB6, 0x29, 0xA5, 0x02, 0x33, 0x25, 0x8A, 0x98, 0x80,
    0x71, 0x98, 0x21, 0x53, 0x22, 0xCD, 0x83, 0x50, 0xF4, 0x19, 0xA1, 0x6E, 0xEA, 0xDB, 0x33, 0xE2,
    0x6C, 0x83, 0x23, 0x7A, 0x9C, 0x69, 0xDE, 0x05, 0x17, 0xDE, 0x6F, 0x28, 0x9E, 0x71, 0x4D, 0x43,
    0x06, 0x19, 0x60, 0x47, 0x7D, 0x0A, 0xEA, 0xB9, 0x07, 0xED, 0x1A, 0x4E, 0x8E, 0xC4, 0x01, 0x57,
    0xD9, 0x9B, 0x60, 0x32, 0x94, 0x4E, 0xE0, 0xF7, 0x0A, 0x99, 0xF7, 0x51, 0xCF, 0xED, 0x0C, 0xC1,
    0xCA, 0xC2, 0xBF, 0x29, 0xB4, 0xE4, 0xBC, 0xEF, 0xE1, 0xAE, 0x4E, 0xD7, 0x11, 0x32, 0x81, 0x1D,
    0x27, 0xBE, 0x0F, 0xBF, 0xAC, 0x03, 0x8A, 0x29, 0x53, 0xDE, 0x2C, 0x00, 0x90, 0x95, 0xB8, 0x04,
    0xE1, 0xA8, 0x1C, 0x94, 0x7E, 0xE4, 0xF0, 0x85, 0xB5, 0x80, 0x5A, 0xA2, 0x41, 0x24, 0x0B, 0x6C,
    0x54, 0x95, 0x21, 0xC1, 0x85, 0xBA, 0x00, 0xF2, 0x51, 0x21, 0xA5, 0xAF, 0xE7, 0x24, 0x1B, 0xF7,
    0xCF, 0x40, 0xF4, 0x50, 0x1B, 0x03, 0xDB, 0x88, 0xA3, 0x8C, 0x71, 0x07, 0xB9, 0x80, 0x7C, 0xD0,
    0x0D, 0xED, 0x5C, 0x45, 0x13, 0x09, 0xF4, 0x31, 0xC7, 0x75, 0xD8, 0xA5, 0xE1, 0x77, 0xA4, 0x17,
    0x92, 0xD4, 0xC2, 0xB9, 0x2E, 0x34, 0x1A, 0xC6, 0x2E, 0x36, 0xD1, 0xEC, 0x35, 0xEF, 0x92, 0x0E,
    0x1A, 0x5E, 0x01, 0x61, 0x54, 0xAA, 0x54, 0x20, 0x82, 0x11, 0x0C, 0x38, 0xAF, 0x18, 0xA7, 0x5C,
    0x11, 0x7B, 0x3E, 0x8D, 0x8F, 0x02, 0x4A, 0x7B, 0x54, 0xD1, 0x66, 0x05, 0x90, 0x42, 0xF9, 0x17,
    0x47, 0x17, 0xAB, 0xA8, 0x40, 0x5E, 0x20, 0x69, 0xC6, 0x89, 0x1B, 0x8F, 0x64, 0xBD, 0xBC, 0x21,
    0xEB, 0xA5, 0x80, 0x24, 0x2E, 0xA0, 0x8C, 0x72, 0xAE, 0xA7, 0xCC, 0x0B, 0x80, 0x5B, 0xA0, 0xAF,
    0x6C, 0xFE, 0xCC, 0x29, 0x4C, 0xC1, 0xBB, 0xC5, 0x4C, 0xF8, 0x6A, 0x06, 0xF4, 0x63, 0xDF, 0x88,
    0x93, 0xA7, 0xC4, 0xC6, 0x3D, 0x24, 0x84, 0xCA, 0xB1, 0xB3, 0xE1, 0x1C, 0xC2, 0xD6, 0x88, 0x6D,
    0x5B, 0xC1, 0x3E, 0xD0, 0x5C, 0x8D, 0x75, 0x53, 0xC4, 0x1C, 0x09, 0x8E, 0xF8, 0xDF, 0x06, 0x97,
    0x73, 0xB9, 0xF5, 0x8D, 0xF0, 0xEF, 0x30, 0x9D, 0xF1, 0x4E, 0xC3, 0x90, 0xA8, 0x44, 0x15, 0xA3,
    0x17, 0xA0, 0x29, 0x96, 0xE9, 0x12, 0x6C, 0xE8, 0x90, 0x2F, 0x1D, 0xAA, 0x81, 0x59, 0xE3, 0xBC,
    0x41, 0x63, 0x81, 0xB8, 0xA0, 0xE9, 0x85, 0x1E, 0xF5, 0x10, 0x31, 0x8F, 0xE5, 0x6A, 0x96, 0x56,
    0xDC, 0xC2, 0xC1, 0x17, 0xB8, 0x62, 0x20, 0x7B, 0x1C, 0x44, 0x95, 0xC6, 0xA9, 0x5C, 0x55, 0x05,
    0x8A, 0x8E, 0xAA, 0x1E, 0x34, 0x63, 0x52, 0x9F, 0xDC, 0x43, 0xF6, 0xC9, 0xFD, 0x5B, 0x2D, 0xD0,
    0x77, 0x70, 0xFD, 0x5B, 0xC7, 0x4E, 0x82, 0x35, 0x68, 0x05, 0x91, 0x13, 0xF0, 0x28, 0xA0, 0x88,
    0xEE, 0xCC, 0x07, 0xB9, 0xD0, 0x10, 0xFD, 0xED, 0x1E, 0xE7, 0x68, 0x9F, 0xCE, 0x50, 0x8A, 0x91,
    0xC5, 0x88, 0x11, 0xFA, 0x4D, 0x00, 0x1A, 0x71, 0x61, 0x0A, 0x0B, 0x05, 0xB7, 0x28, 0xE7, 0xFE,
    0x21, 0x20, 0x12, 0xEA, 0x61, 0x28, 0x3F, 0x83, 0x3B, 0xD3, 0xD7, 0x30, 0xBB, 0x05, 0x57, 0x44,
    0x2D, 0x1C, 0x03, 0x6C, 0x03, 0x87, 0x3D, 0x18, 0xC8, 0xF7, 0xDA, 0xBF, 0xD6, 0xC2, 0x19, 0x53,
    0x74, 0xD5, 0xBA, 0x04, 0x64, 0xA0, 0x20, 0x4D, 0x51, 0x87, 0xF5, 0x4D, 0x9C, 0xCF, 0xE6, 0xB1,
    0x20, 0x8E, 0x04, 0x37, 0x4D, 0x0C, 0x50, 0x40, 0x76, 0x08, 0x85, 0xAE, 0xE6, 0xE8, 0x2C, 0xBC,
    0xB7, 0xE3, 0x37, 0x32, 0x84, 0x3E, 0xC5, 0x6D, 0x8A, 0x5F, 0xF3, 0xC3, 0x2E, 0x09, 0xCF, 0x1C,
    0xC8, 0xFC, 0xB0, 0x0C, 0x90, 0x1F, 0xD7, 0x89, 0x06, 0xC6, 0x8D, 0x44, 0xFF, 0xC6, 0x5A, 0x14,
    0x38, 0xB3, 0xE8, 0x68, 0x68, 0xFE, 0x5A, 0x6E, 0xE2, 0x63, 0xA6, 0x9E, 0xF0, 0x53, 0x73, 0xDD,
    0x45, 0xF9, 0x56, 0xE1, 0x07, 0x68, 0xD0, 0xE8, 0x71, 0xC2, 0xF9, 0x26, 0x50, 0x60, 0xC6, 0xA6,
    0x73, 0x43, 0x7D, 0x6A, 0xB8, 0x53, 0x8D, 0x86, 0x7E, 0xDD, 0x85, 0xBE, 0x1B, 0xD5, 0x81, 0x9B,
    0x70, 0xB4, 0xE6, 0xFC, 0xE2, 0xF4, 0xF0, 0x62, 0x3D, 0xF4, 0xE3, 0xDC, 0x32, 0x2C, 0x0D, 0x2F,
    0xCE, 0x07, 0xF6, 0x9B, 0x86, 0x86, 0x6D, 0xEF, 0x84, 0x0E, 0xCD, 0x93, 0x3A, 0x54, 0x73, 0x1D,
    0xD4, 0x63, 0x1D, 0x0C, 0x5B, 0xCF, 0xD4, 0xEB, 0xF3, 0x43, 0xE7, 0xCE, 0x70, 0x4B, 0x0A, 0xC3,
    0x9F, 0xE5, 0x34, 0x12, 0x0C, 0x2D, 0xD0, 0xB6, 0xBE, 0xD3, 0x26, 0x2E, 0xB5, 0x9D, 0x70, 0x3A,
    0x37, 0x28, 0xD5, 0x20, 0xAE, 0x2D, 0x74, 0x97, 0x48, 0x4E, 0xBC, 0x52, 0xA5, 0xFE, 0x53, 0x7F,
    0x3E, 0x7B, 0xFF, 0x08, 0x1D, 0x0F, 0xDF, 0xB8, 0x4C, 0xC0, 0x3D, 0x8E, 0xE4, 0x16, 0x73, 0x5A,
    0xD8, 0x74, 0x1F, 0x20, 0x32, 0x58, 0xC7, 0x1D, 0xE9, 0x84, 0xBA, 0xD4, 0x66, 0x80, 0xD3, 0x25,
    0x1E, 0xA3, 0x6D, 0xBE, 0x50, 0x31, 0x2D, 0x50, 0x5A, 0x27, 0xBE, 0xCE, 0xF4, 0x25, 0xB7, 0x14,
    0x0A, 0xCC, 0xA3, 0x0B, 0x55, 0x17, 0xDD, 0xEA, 0x7F, 0x1F, 0xF1, 0x8A, 0x45, 0x17, 0x2E, 0x18,
    0xDC, 0xAC, 0x4E, 0x8E, 0x5B, 0x57, 0x70, 0xF9, 0x93, 0xAA, 0x41, 0x63, 0x43, 0xDB, 0x83, 0x6A,
    0x13, 0xBC, 0x82, 0x6A, 0xDD, 0xB3, 0xD9, 0x3B, 0x47, 0x90, 0x1F, 0x1D, 0x76, 0xA2, 0xEA, 0x54,
    0xD9, 0xE9, 0xCB, 0x0D, 0x98, 0xCE, 0x7C, 0x30, 0xB8, 0xFF, 0x07, 0xC6, 0x6E, 0xE8, 0x7F, 0xD7,
    0x0B, 0x5C, 0x3A, 0x16, 0xE0, 0x35, 0x00, 0x93, 0xB6, 0x7E, 0x11, 0x1C, 0xC8, 0xFA, 0x73, 0x21,
    0x4E, 0xE1, 0x8F, 0xB3, 0x87, 0x43, 0xA5, 0xE0, 0xEA, 0xC4, 0x0F, 0xAB, 0x21, 0xE7, 0x19, 0x7E,
    0xFC, 0x84, 0x2C, 0x9F, 0x67, 0x38, 0xD2, 0x6B, 0x15, 0xF7, 0x29, 0xE3, 0x86, 0x57, 0x90, 0xE1,
    0xF4, 0xA7, 0xF0, 0x68, 0x46, 0x93, 0x04, 0xDA, 0x4D, 0x68, 0x1B, 0xD7, 0x1A, 0xC8, 0x05, 0x89,
    0x47, 0x7C, 0x04, 0x93, 0x14, 0xFC, 0xBA, 0x56, 0x4F, 0xB8, 0xA6, 0x09, 0xAC, 0xDB, 0x02, 0xB3,
    0xD8, 0x04, 0xF9, 0xB3, 0x30, 0x5C, 0x39, 0x58, 0x1B, 0x84, 0x8C, 0x15, 0xC2, 0x01, 0xE2, 0xC1,
    0x8C, 0xB2, 0x3B, 0x28, 0x1A, 0x69, 0xDE, 0xF1, 0xAD, 0x36, 0x44, 0x42, 0xE7, 0xB8, 0x85, 0xC8,
    0x3A, 0x98, 0xAE, 0xCA, 0x31, 0xF5, 0x6F, 0xD6, 0xF2, 0x88, 0x38, 0x57, 0xDA, 0xA1, 0xC1, 0x7B,
    0xD1, 0x19, 0x34, 0xEE, 0xB2, 0x92, 0x4C, 0x71, 0xA5, 0xCE, 0x53, 0x9B, 0x5A, 0xF3, 0x37, 0x7D,
    0x37, 0x5C, 0x52, 0xFB, 0xF0, 0xFB, 0xF8, 0x83, 0xFB, 0x67, 0x7A, 0x8C, 0xDF, 0xE4, 0x3B, 0xD8,
    0x09, 0x10, 0x1E, 0xF0, 0xBB, 0x4A, 0x3F, 0xDE, 0x65, 0x2B, 0x11, 0x35, 0xE8, 0xC9, 0x81, 0x3A,
    0x71, 0xE9, 0x31, 0xEC, 0xAB, 0xD4, 0x4E, 0x54, 0x2B, 0x3F, 0x39, 0xB0, 0x5D, 0xC3, 0x77, 0xAC,
    0x50, 0x25, 0x51, 0x38, 0xBF, 0xC1, 0x4D, 0x0F, 0x2D, 0x99, 0xDB, 0x46, 0xB8, 0xDA, 0x77, 0x2A,
    0xD9, 0x2E, 0x74, 0x8B, 0x5D, 0x84, 0x3B, 0x4F, 0xEC, 0x38, 0x8A, 0xAC, 0x25, 0xEB, 0x38, 0x68,
    0x69, 0x18, 0xA6, 0xD0, 0xF3, 0xEC, 0xBD, 0x7E, 0x11, 0xE5, 0xED, 0x62, 0x5F, 0x50, 0x21, 0xDA,
    0x60, 0x75, 0x02, 0x4B, 0xB7, 0x99, 0xDF, 0x74, 0x3E, 0xC1, 0x25, 0xA4, 0x9A, 0x1B, 0xCF, 0x33,
    0x35, 0xCF, 0xC0, 0xA9, 0xDA, 0x4E, 0x7F, 0x8B, 0x19, 0xD5, 0x2C, 0x7E, 0x53, 0xC4, 0xBE, 0x68,
    0x93, 0x2E, 0xCD, 0xA7, 0x31, 0x6F, 0xB7, 0x01, 0xBE, 0x59, 0xD4, 0xB2, 0x9A, 0x53, 0xEE, 0x13,
    0x0C, 0xF5, 0x3F, 0xA9, 0xE5, 0x8C, 0x03, 0xB2, 0xBD, 0x96, 0x6F, 0x33, 0x9C, 0xA6, 0x69, 0x9E,
    0xBE, 0x5B, 0xCA, 0x2F, 0x40, 0x86, 0xE8, 0x16, 0x31, 0x0E, 0xAB, 0x50, 0x5E, 0x70, 0x19, 0xBB,
    0x7A, 0x15, 0x6D, 0xD1, 0x57, 0x4D, 0xA0, 0x5B, 0x1C, 0x89, 0x5C, 0xEE, 0xF1, 0x70, 0x1B, 0x89,
    0xA5, 0x5C, 0x12, 0x91, 0x41, 0x38, 0x3A, 0xEA, 0xD7, 0x70, 0x85, 0x0C, 0xA9, 0xF8, 0x08, 0x45,
    0xE1, 0xE6, 0xC9, 0xA8, 0xD3, 0x0F, 0x4B, 0x75, 0x07, 0x06, 0x84, 0x48, 0x0E, 0xF9, 0x35, 0x80,
    0x38, 0x39, 0x36, 0x46, 0xDF, 0x41, 0x15, 0xBE, 0x9A, 0x0F, 0x60, 0xA4, 0xE3, 0x8E, 0x05, 0x79,
    0xBB, 0x78, 0xAF, 0x49, 0x7D, 0x27, 0xBB, 0xDD, 0x50, 0x2A, 0x8F, 0x03, 0x63, 0xE7, 0xC4, 0x32,
    0x70, 0x0B, 0xA7, 0xD6, 0xA7, 0xD5, 0xAA, 0xE2, 0xBF, 0x4D, 0xA0, 0xE9, 0x69, 0x99, 0x95, 0x45,
    0xFB, 0x42, 0xE2, 0x1A, 0x7D, 0xE9, 0x6E, 0x1B, 0xCF, 0x6C, 0x84, 0xF2, 0x02, 0x65, 0x7D, 0x7F,
    0x35, 0x4F, 0x2A, 0x1C, 0xC1, 0x96, 0xE8, 0xE3, 0xAF, 0xE9, 0x81, 0x38, 0xA2, 0xB3, 0xC8, 0xD5,
    0x82, 0x1D, 0x0A, 0x1F, 0x9F, 0x00, 0x9B, 0xE1, 0x2B, 0x2F, 0xC2, 0x0B, 0xD5, 0xCB, 0xF4, 0x60,
    0xB6, 0x53, 0x5C, 0x6E, 0xD7, 0x72, 0x73, 0xB6, 0x51, 0xD5, 0x36, 0x4F, 0xEF, 0x0A, 0x87, 0x42,
    0xB6, 0x4C, 0xE6, 0x0C, 0xA9, 0xCF, 0x42, 0xE1, 0x2C, 0x2C, 0x2B, 0x07, 0xC8, 0x2F, 0xE6, 0xCF,
    0xC5, 0xF7, 0x7C, 0xD4, 0x2A, 0x24, 0x64, 0xAD, 0x81, 0xF6, 0x72, 0x53, 0xFD, 0xCB, 0x8B, 0xCA,
    0x9C, 0xE9, 0xCE, 0xD0, 0xE4, 0xBE, 0x73, 0xF1, 0xC3, 0x77, 0x6F, 0x5A, 0xDC, 0x28, 0xAF, 0x81,
    0x84, 0x41, 0xDD, 0xDB, 0xE8, 0x00, 0x22, 0x14, 0x20, 0x8A, 0xF6, 0x10, 0xAB, 0x19, 0x2C, 0x30,
    0x6A, 0x93, 0xF4, 0xDE, 0x9C, 0x97, 0xE7, 0xDE, 0xE4, 0xEF, 0xE3, 0x86, 0x46, 0x3B, 0xF0, 0x56,
    0x35, 0x7D, 0x0B, 0x1D, 0xFD, 0x15, 0x38, 0x60, 0xC5, 0x16, 0x15, 0x18, 0xBC, 0x03, 0x7C, 0x0D,
    0x48, 0x50, 0xDE, 0x62, 0x62, 0x82, 0x23, 0xC7, 0x9B, 0x14, 0xEE, 0xFC, 0x22, 0x90, 0xBF, 0x9D,
    0x97, 0x87, 0x2A, 0xD4, 0x28, 0x1C, 0x46, 0xD1, 0x2D, 0xBE, 0x5F, 0x73, 0xE9, 0xAF, 0xE7, 0x29,
    0x21, 0x6B, 0xBE, 0xAA, 0x5A, 0xF7, 0x3B, 0xDC, 0xB3, 0x1A, 0xDA, 0x45, 0x8A, 0x73, 0xED, 0xC2,
    0x6C, 0xBB, 0x4C, 0x69, 0xEC, 0xE4, 0x7F, 0x4E, 0xA1, 0x11, 0x29, 0x57, 0xB1, 0x9E, 0x33, 0x1E,
    0xC5, 0x49, 0xDD, 0x9D, 0x07, 0x63, 0x1C, 0xAE, 0x5C, 0x7B, 0xF3, 0xBF, 0x0F, 0x15, 0xFC, 0xE7,
    0x0E, 0xFE, 0x72, 0x92, 0x99, 0x87, 0x04, 0x4B, 0xF8, 0x4F, 0x66, 0x7C, 0xD6, 0xCF, 0xEF, 0xDF,
    0x1C, 0x7D, 0xE7, 0x07, 0x45, 0x3D, 0x24, 0xD9, 0x63, 0x82, 0xE5, 0xB4, 0xDE, 0x1A, 0x58, 0xC1,
    0x85, 0x8B, 0xDB, 0x8A, 0xE5, 0xA3, 0x30, 0x7E, 0x62, 0xDE, 0x84, 0x84, 0xF4, 0xF6, 0x71, 0x6E,
    0xFB, 0x2B, 0xD1, 0xD7, 0x5F, 0x66, 0xFE, 0x7F, 0xA8, 0x58, 0x75, 0x78, 0xFD, 0x7F, 0xB5, 0x58,
    0x3D, 0x6C, 0x1C, 0xC7, 0x15, 0x7E, 0xBB, 0x63, 0x7B, 0x13, 0xAD, 0xE5, 0x61, 0x91, 0x3F, 0x98,
    0xA4, 0xB6, 0x25, 0x60, 0x92, 0xA3, 0x82, 0x08, 0x04, 0xE4, 0xC8, 0xD9, 0x88, 0x08, 0x52, 0xA4,
    0x90, 0x1A, 0xC1, 0x85, 0x0A, 0xBA, 0x48, 0x97, 0xC4, 0x64, 0x00, 0x1A, 0x21, 0x10, 0x92, 0xB7,
    0xB6, 0x0A, 0x15, 0x2E, 0xC4, 0x26, 0x70, 0xE1, 0xC2, 0x42, 0x90, 0xD6, 0x30, 0x0B, 0x06, 0x60,
    0x80, 0x3B, 0xEE, 0x30, 0x2A, 0x0D, 0x24, 0x2B, 0x1B, 0x8A, 0x10, 0xA4, 0xF0, 0xDA, 0x91, 0x15,
    0x20, 0x41, 0xA0, 0x95, 0xBD, 0x84, 0x97, 0xF6, 0xEE, 0x4D, 0xBE, 0x37, 0x7B, 0x27, 0x9D, 0x14,
    0x03, 0xB1, 0x02, 0xFA, 0xC8, 0x3B, 0xF2, 0x76, 0x67, 0xDE, 0xEF, 0xF7, 0xBE, 0x79, 0x6F, 0xA9,
    0x90, 0xB9, 0x36, 0x1D, 0x22, 0x9F, 0x66, 0xA9, 0x08, 0x8C, 0xA2, 0x3A, 0xC8, 0x55, 0x32, 0x10,
    0x65, 0x94, 0x2D, 0x11, 0x51, 0x42, 0xB4, 0x47, 0xB8, 0xE5, 0xD9, 0x63, 0xF1, 0xD9, 0x07, 0x57,
    0xEE, 0x7F, 0xF8, 0x5E, 0xB1, 0xF7, 0xCB, 0x6A, 0x96, 0xFA, 0x92, 0xB4, 0x48, 0xE4, 0x61, 0xE6,
    0x97, 0x7B, 0xBB, 0xDD, 0xD9, 0x4E, 0x60, 0x5F, 0x26, 0x35, 0x20, 0x2F, 0x73, 0xEB, 0xBF, 0x85,
    0x9D, 0x34, 0x79, 0x4C, 0xA4, 0x57, 0x0C, 0xD6, 0xE5, 0xA4, 0x62, 0x22, 0x69, 0x88, 0x82, 0x9C,
    0x48, 0x54, 0xF8, 0xDF, 0x5A, 0xA2, 0x2E, 0x16, 0x45, 0x7C, 0x11, 0x9B, 0x44, 0x41, 0xE4, 0xE1,
    0x4D, 0x25, 0xFE, 0xB7, 0x76, 0x40, 0xD6, 0x5A, 0xE8, 0xA6, 0x9F, 0x10, 0x4D, 0xCD, 0xA5, 0x6F,
    0xC6, 0xFD, 0xC9, 0x4C, 0xD2, 0x34, 0xC4, 0xE7, 0x53, 0x14, 0x78, 0x86, 0xD6, 0xA6, 0x28, 0xA4,
    0xDC, 0xCB, 0xC2, 0x6C, 0xD3, 0xFF, 0x5B, 0xB3, 0xBB, 0x4B, 0x3E, 0x04, 0x3D, 0xA5, 0xAC, 0xB0,
    0x87, 0x03, 0x52, 0x89, 0x4A, 0x64, 0x12, 0x14, 0xD0, 0xD8, 0x84, 0x86, 0xD4, 0xD5, 0xCC, 0xB7,
    0x9F, 0xD9, 0x98, 0x2C, 0xB4, 0xAB, 0x9C, 0x22, 0x6B, 0x6B, 0xF2, 0x6B, 0x48, 0x3F, 0xC0, 0x5B,
    0x8F, 0x4C, 0x83, 0xE6, 0xC8, 0x1A, 0xFA, 0x15, 0xBF, 0x28, 0xE0, 0xCF, 0x35, 0x0A, 0x6D, 0x12,
    0x7C, 0xDC, 0xA3, 0x4A, 0x18, 0x15, 0x9F, 0xE3, 0x2D, 0x11, 0x56, 0x75, 0x4B, 0x5C, 0xCF, 0x44,
    0x6E, 0xA9, 0x16, 0x45, 0x94, 0x68, 0xBF, 0x0A, 0xF2, 0x28, 0xAB, 0x09, 0x56, 0xFB, 0x30, 0x5A,
    0xC0, 0xB5, 0xA0, 0x10, 0x89, 0xA6, 0x0D, 0x51, 0x84, 0xB8, 0xDE, 0x1D, 0x70, 0x38, 0x68, 0x3E,
    0xB8, 0x51, 0xF4, 0xE7, 0x03, 0xE3, 0xBE, 0xD0, 0x33, 0x76, 0x87, 0x68, 0xFB, 0x47, 0x7D, 0x0E,
    0x59, 0x18, 0x07, 0xF0, 0x3E, 0x3B, 0xED, 0xA5, 0xF9, 0xDA, 0x4C, 0x78, 0xAB, 0x98, 0x39, 0xAB,
    0x68, 0xED, 0xD9, 0xB5, 0x25, 0x9A, 0x38, 0x7D, 0x7D, 0x93, 0xE8, 0xD4, 0x4E, 0x0F, 0x1F, 0xEE,
    0xBF, 0x97, 0xB6, 0x70, 0xED, 0xAC, 0xC6, 0xDD, 0x05, 0x99, 0xED, 0xCE, 0x4C, 0xF9, 0xB6, 0x38,
    0x1B, 0x42, 0x5A, 0xEE, 0x67, 0x14, 0x24, 0xB4, 0x85, 0x1F, 0xD8, 0x96, 0xB7, 0x2A, 0xBC, 0x7D,
    0xDA, 0xDB, 0x3F, 0x13, 0x2E, 0x9B, 0xA2, 0x23, 0xC5, 0x61, 0xDE, 0x59, 0xA2, 0x3F, 0x54, 0xED,
    0xED, 0x73, 0xC8, 0xF5, 0x9E, 0x7F, 0x33, 0x0F, 0xAF, 0x9A, 0x48, 0xC6, 0x5B, 0x4B, 0xB4, 0xB9,
    0x48, 0x8B, 0x4B, 0x34, 0x1F, 0x91, 0x94, 0x14, 0x06, 0xB1, 0x58, 0xE6, 0xD8, 0x4B, 0xCE, 0x03,
    0x64, 0x13, 0x3D, 0xF7, 0xF0, 0x0F, 0x47, 0xAC, 0xD1, 0xF5, 0xB8, 0x13, 0x97, 0x7A, 0x43, 0x27,
    0x62, 0x76, 0x42, 0xDB, 0x78, 0x6D, 0x46, 0x5E, 0xCE, 0x67, 0xCE, 0x4A, 0xBF, 0x78, 0x76, 0x4D,
    0xFA, 0xF9, 0xE9, 0xEB, 0x32, 0x30, 0xA7, 0x76, 0xE4, 0x00, 0x4E, 0xC8, 0x15, 0x73, 0xEA, 0x25,
    0x29, 0xCC, 0xE9, 0xB3, 0x52, 0xE4, 0x70, 0xC2, 0x2B, 0x66, 0xA7, 0x74, 0x96, 0xB2, 0x13, 0xDE,
    0x97, 0x3A, 0xC1, 0x70, 0x70, 0xDA, 0xFC, 0xEA, 0x95, 0xBF, 0x3E, 0x73, 0xFD, 0xB7, 0xF0, 0x80,
    0xA0, 0x88, 0xA6, 0xF1, 0x77, 0x9D, 0xA3, 0xC6, 0x48, 0xA9, 0xC7, 0xBE, 0x3E, 0xB8, 0x4B, 0x0F,
    0x05, 0x58, 0x5B, 0x78, 0x69, 0xBC, 0xBF, 0x18, 0x2E, 0xE7, 0xB4, 0x48, 0x61, 0xE2, 0x17, 0xB4,
    0x4F, 0x8B, 0x4F, 0xCD, 0xFB, 0xAF, 0xDB, 0xF2, 0xDB, 0x97, 0x88, 0xD2, 0x78, 0xC3, 0xDD, 0xEB,
    0x50, 0x14, 0xCB, 0x1C, 0x0B, 0x68, 0x73, 0x26, 0xBC, 0x72, 0x98, 0x4F, 0xDE, 0x21, 0x9A, 0x10,
    0x85, 0x5E, 0x2E, 0x16, 0x89, 0x93, 0x2D, 0x00, 0x29, 0x99, 0x6C, 0xD3, 0x96, 0x5F, 0xFA, 0x65,
    0x68, 0xA4, 0xD1, 0xA4, 0xA9, 0x22, 0xE4, 0x1F, 0x45, 0x13, 0xAB, 0xD7, 0xEA, 0x8B, 0xF6, 0x73,
    0x2B, 0xDE, 0x59, 0xCE, 0xA7, 0x5B, 0x24, 0x33, 0xB2, 0x15, 0xFE, 0xDD, 0x70, 0xB1, 0xB2, 0xAA,
    0xDE, 0xD0, 0xF5, 0x7A, 0x3A, 0xFA, 0xED, 0xD6, 0xEB, 0xF8, 0x2A, 0xEB, 0x75, 0xFA, 0xE9, 0xBA,
    0xB3, 0xFE, 0x4B, 0x7F, 0x69, 0x4E, 0xCF, 0x89, 0xF8, 0x34, 0xAA, 0xA5, 0xE3, 0xDD, 0xB7, 0xCE,
    0xA1, 0xD5, 0x17, 0xF2, 0x39, 0x61, 0x3A, 0x41, 0xB2, 0x27, 0xA9, 0xB0, 0x19, 0x6D, 0x53, 0xA7,
    0x13, 0x9E, 0xCF, 0x8A, 0x39, 0x29, 0x32, 0xE4, 0xFA, 0x02, 0x0A, 0x80, 0xBD, 0x2E, 0x02, 0x11,
    0x3F, 0x27, 0xA9, 0x33, 0x47, 0xFB, 0x9B, 0x5E, 0x51, 0x8A, 0xF7, 0x73, 0x79, 0x21, 0xA9, 0x7A,
    0x48, 0xFA, 0x46, 0x47, 0xFC, 0xD1, 0xCC, 0x4E, 0x0D, 0x93, 0x88, 0x90, 0xAE, 0x9F, 0x2A, 0x11,
    0x7F, 0x2A, 0x48, 0x24, 0xF8, 0x78, 0x8E, 0x4B, 0xB1, 0xD3, 0x5E, 0xF0, 0x33, 0x54, 0x96, 0x30,
    0x61, 0x3C, 0x2B, 0xCC, 0x34, 0xD5, 0xBA, 0xDC, 0x10, 0xFB, 0x00, 0xC3, 0xD4, 0x1E, 0x96, 0xAE,
    0xED, 0x92, 0xF4, 0x0D, 0x96, 0x0A, 0x00, 0x05, 0x25, 0xC8, 0x09, 0xC4, 0xFA, 0x18, 0xEB, 0x5B,
    0xC9, 0x58, 0x59, 0xF8, 0xC8, 0x66, 0x41, 0x92, 0xB0, 0x00, 0x97, 0xD7, 0x59, 0xF4, 0x3A, 0x47,
    0xE4, 0x1C, 0x3C, 0xE3, 0x0F, 0x18, 0x18, 0xE5, 0xC2, 0xCC, 0x76, 0x94, 0x6C, 0x66, 0x01, 0x14,
    0x54, 0x39, 0x14, 0x4F, 0x93, 0xB3, 0xC3, 0xED, 0xC4, 0x57, 0x09, 0xB9, 0x49, 0x48, 0xC1, 0x3F,
    0x77, 0xC3, 0x78, 0x88, 0x07, 0xBC, 0xD2, 0x84, 0x4E, 0xD1, 0x51, 0x0F, 0x4C, 0x30, 0x13, 0x01,
    0x7F, 0x14, 0x71, 0xEE, 0x0F, 0xF8, 0xC3, 0x47, 0xFD, 0x11, 0x2D, 0xE2, 0x63, 0x0D, 0x60, 0x9B,
    0x9B, 0x97, 0x57, 0x8C, 0x12, 0xF6, 0xBC, 0xF9, 0x81, 0x01, 0x51, 0x2C, 0xE4, 0x90, 0xB6, 0xB0,
    0x01, 0xB0, 0x2C, 0xCC, 0x41, 0xB8, 0xB6, 0x05, 0xC0, 0x0D, 0xDB, 0x72, 0x06, 0xF9, 0xF5, 0x36,
    0xE8, 0x0E, 0x71, 0x19, 0xD3, 0x53, 0xD7, 0x31, 0x1A, 0xD1, 0x37, 0x89, 0x16, 0x98, 0x65, 0x0E,
    0x48, 0x19, 0xBF, 0xE2, 0x3B, 0x07, 0xC0, 0x64, 0xF0, 0x7A, 0xA1, 0xE5, 0xDD, 0x32, 0xE4, 0x42,
    0x79, 0x8A, 0x97, 0xB1, 0x6D, 0x8E, 0x5B, 0x3C, 0x67, 0xE5, 0xC6, 0x38, 0x10, 0xDD, 0xCD, 0xB0,
    0xE4, 0x12, 0x62, 0xCA, 0x63, 0x82, 0x8B, 0x52, 0x7C, 0xAB, 0x70, 0x3D, 0xBC, 0x01, 0xF6, 0xDB,
    0x92, 0x19, 0x09, 0xD0, 0x2F, 0x29, 0xE6, 0xC7, 0x0A, 0x22, 0xA4, 0x01, 0x33, 0x6E, 0x91, 0x04,
    0xDD, 0x90, 0x4E, 0xC0, 0x55, 0x69, 0x60, 0x8D, 0x04, 0x97, 0x41, 0x01, 0x4B, 0x64, 0x8E, 0x66,
    0x42, 0x75, 0x34, 0x26, 0xB2, 0xAF, 0x4F, 0x1B, 0x0B, 0x93, 0xAC, 0xE8, 0x08, 0x3B, 0x51, 0xD4,
    0xE3, 0x8A, 0x34, 0xFB, 0xDC, 0xF0, 0x02, 0xD6, 0xC6, 0x95, 0x1B, 0xDC, 0x03, 0x02, 0x96, 0x70,
    0xDD, 0x2F, 0x98, 0x34, 0x97, 0x71, 0xBD, 0x0A, 0x51, 0x58, 0x16, 0x04, 0xBB, 0x84, 0x90, 0x42,
    0x4D, 0x8D, 0x5A, 0x13, 0x25, 0xAA, 0x47, 0xE6, 0xB0, 0x43, 0x1D, 0xDA, 0x42, 0x00, 0xCA, 0x14,
    0x66, 0xF8, 0xB8, 0xCD, 0xC2, 0x28, 0xA6, 0xC7, 0x5F, 0x27, 0xA9, 0x68, 0x1A, 0x54, 0x03, 0x3C,
    0x03, 0x2B, 0xF9, 0xE6, 0xD7, 0xAA, 0x88, 0xFA, 0x2C, 0xE7, 0xE7, 0xF8, 0x58, 0x5B, 0xC0, 0x76,
    0xC3, 0x4E, 0x32, 0x67, 0xCB, 0x62, 0x84, 0x99, 0x07, 0x2F, 0x3E, 0x87, 0x40, 0x46, 0xC8, 0x16,
    0xEB, 0xD6, 0x08, 0xB7, 0xF7, 0x05, 0x87, 0xFB, 0x1A, 0xAE, 0xF7, 0x34, 0xF3, 0x09, 0xAE, 0x2F,
    0x01, 0x7D, 0x3E, 0x18, 0x8D, 0x64, 0x02, 0x10, 0xD6, 0xB0, 0x15, 0x34, 0xD3, 0xC0, 0x08, 0x51,
    0x41, 0x7B, 0x58, 0x74, 0x71, 0x12, 0x39, 0xAB, 0xAD, 0x2B, 0x94, 0xF4, 0xF8, 0x45, 0x36, 0x1F,
    0x79, 0x84, 0xDC, 0xA5, 0xAE, 0x23, 0xC4, 0x4F, 0x2A, 0xA6, 0x72, 0x2D, 0x33, 0x40, 0xDD, 0x2F,
    0xF5, 0x79, 0xA6, 0xA9, 0x98, 0x41, 0xE0, 0x55, 0xC1, 0xD1, 0x26, 0x9F, 0x83, 0x36, 0xC1, 0xA6,
    0x8A, 0x5C, 0x08, 0x18, 0x14, 0x17, 0xC9, 0xA1, 0x03, 0x94, 0x07, 0x5F, 0x23, 0x40, 0x5F, 0x34,
    0x97, 0xAA, 0xC8, 0x52, 0x6A, 0xE1, 0xA2, 0x6F, 0xEF, 0x90, 0xFE, 0xCD, 0x01, 0x00, 0x34, 0x1F,
    0x14, 0x34, 0x87, 0x35, 0xDF, 0xD3, 0x49, 0x1B, 0xC4, 0x74, 0x78, 0xCA, 0x0E, 0x86, 0x7F, 0xF1,
    0x3D, 0xD7, 0xA8, 0x2C, 0x65, 0x44, 0x16, 0x1E, 0x5F, 0x36, 0x30, 0x8F, 0xE8, 0xF4, 0xD0, 0x75,
    0xC6, 0x2F, 0x9F, 0x8F, 0x76, 0x14, 0x0F, 0x46, 0x80, 0x03, 0x77, 0xC2, 0xA6, 0x31, 0x9C, 0x1F,
    0x62, 0x22, 0x64, 0xF7, 0x74, 0xA2, 0x80, 0xD6, 0x20, 0x71, 0xED, 0x43, 0x8D, 0xA8, 0x1E, 0xA0,
    0x42, 0x55, 0x82, 0xD8, 0xD8, 0x8A, 0xC4, 0xD1, 0x2F, 0x70, 0xD1, 0x51, 0x02, 0xD7, 0x87, 0x17,
    0xCB, 0xCC, 0xCB, 0xB0, 0x72, 0xCF, 0x6F, 0x2E, 0x6D, 0x06, 0xD6, 0x3A, 0x35, 0x13, 0x78, 0x83,
    0xA1, 0xA8, 0x0B, 0xC9, 0xDB, 0xF8, 0xBB, 0x48, 0x27, 0xAC, 0x21, 0xE2, 0xBA, 0xC3, 0xE6, 0x08,
    0x07, 0x41, 0x34, 0x56, 0xA1, 0x8A, 0x53, 0x38, 0xA0, 0x1E, 0xF6, 0x9D, 0x69, 0x1B, 0x90, 0x62,
    0x16, 0x84, 0xC2, 0x1A, 0xC0, 0x45, 0x1A, 0x98, 0x93, 0xB7, 0xF6, 0x70, 0x71, 0x1A, 0x17, 0xB1,
    0xBC, 0xA1, 0xA7, 0xB1, 0x32, 0x88, 0xA5, 0xF1, 0xB3, 0xF0, 0xE8, 0x52, 0xE1, 0x9A, 0x18, 0x04,
    0x12, 0x84, 0x5A, 0x23, 0xD0, 0x8B, 0x61, 0xF2, 0x08, 0x92, 0x4E, 0x44, 0xFA, 0x04, 0xE8, 0x01,
    0x60, 0xE6, 0xAE, 0xCD, 0x1F, 0x1A, 0x9E, 0x0E, 0x38, 0x19, 0x0D, 0xC3, 0x7D, 0xC8, 0x80, 0x88,
    0x0E, 0x32, 0x8D, 0xDC, 0xA3, 0x1A, 0x50, 0x4D, 0xEE, 0x96, 0x32, 0x81, 0x1D, 0xA2, 0x7B, 0x8B,
    0xBC, 0x86, 0x05, 0xC8, 0x61, 0xE6, 0x7C, 0x84, 0x0D, 0x12, 0xB0, 0x52, 0xBB, 0x0E, 0xF0, 0xC0,
    0xFD, 0x36, 0x4C, 0x30, 0x90, 0x01, 0x71, 0xC0, 0x30, 0xFF, 0x16, 0x40, 0x32, 0x75, 0xAD, 0x6B,
    0x19, 0x11, 0xBE, 0xCD, 0x9E, 0x57, 0x2C, 0xFE, 0x9F, 0x12, 0xF6, 0xA6, 0xA9, 0x8B, 0x73, 0xFB,
    0x7C, 0x3E, 0x1E, 0x9E, 0x84, 0x21, 0x09, 0x19, 0x88, 0x0D, 0x30, 0xCB, 0x41, 0x38, 0x78, 0xEC,
    0x7B, 0x33, 0xFA, 0x0E, 0x31, 0xDC, 0x18, 0xA2, 0xE6, 0x70, 0x38, 0x0C, 0x2E, 0xB3, 0x02, 0xDF,
    0x55, 0x43, 0x09, 0xF5, 0x61, 0xE1, 0x0E, 0x03, 0x44, 0xA9, 0x1B, 0xD8, 0xC6, 0xAF, 0xE1, 0x6D,
    0x98, 0x43, 0x82, 0x8E, 0x55, 0x02, 0x73, 0xFA, 0x4C, 0xA6, 0x25, 0x64, 0x4B, 0x83, 0xF8, 0xA4,
    0xDF, 0x69, 0x20, 0xCA, 0xB5, 0x83, 0xD1, 0xAB, 0x48, 0xCA, 0x74, 0xCA, 0x5D, 0xAB, 0xF7, 0x5F,
    0xF4, 0x43, 0x0A, 0x35, 0x5C, 0x91, 0x8D, 0xE1, 0xBC, 0x2E, 0xD0, 0x49, 0xC8, 0x86, 0x36, 0xB9,
    0x86, 0x15, 0xF9, 0x9F, 0x96, 0x32, 0xA1, 0x5E, 0x8A, 0xCC, 0x2C, 0xC9, 0x0C, 0x77, 0xCE, 0xD7,
    0xB8, 0x63, 0xF4, 0x2A, 0x88, 0x09, 0xDD, 0x2A, 0x32, 0x8E, 0x82, 0x5C, 0x22, 0x85, 0x3B, 0xB1,
    0xA8, 0x99, 0x1A, 0x52, 0xA8, 0x04, 0x57, 0x3C, 0x56, 0x4E, 0xFE, 0x63, 0xE5, 0x44, 0x93, 0x30,
    0xAB, 0xFB, 0x62, 0x05, 0x53, 0x75, 0x92, 0xC2, 0x45, 0x44, 0x76, 0x80, 0x85, 0xEA, 0xCF, 0x68,
    0xED, 0x40, 0x42, 0xFE, 0x00, 0x80, 0x18, 0x70, 0xCC, 0x56, 0x81, 0xFF, 0x77, 0x81, 0x7F, 0x70,
    0x51, 0x58, 0x44, 0x26, 0x2C, 0xBC, 0x66, 0x85, 0x89, 0x30, 0x1E, 0x95, 0x13, 0xF3, 0x1D, 0xF3,
    0x0C, 0x97, 0xD3, 0x38, 0xB5, 0x9E, 0x88, 0x06, 0x35, 0x2A, 0xA7, 0x79, 0xA2, 0x33, 0xE3, 0x07,
    0xDE, 0x6A, 0x45, 0xBC, 0x0C, 0x7E, 0x0D, 0x38, 0x3B, 0x37, 0x6B, 0xF0, 0x21, 0x84, 0xA5, 0xC8,
    0xA1, 0x02, 0x77, 0xB3, 0x06, 0xF1, 0x05, 0xA7, 0x15, 0x14, 0x94, 0x2A, 0xD4, 0x00, 0x28, 0x5C,
    0x99, 0x2E, 0x63, 0xF5, 0xA8, 0x0B, 0x2B, 0x1A, 0xD7, 0x31, 0x4F, 0x91, 0x77, 0x1B, 0x66, 0xC4,
    0x13, 0x8F, 0x25, 0xE4, 0x24, 0xA4, 0xFB, 0xD9, 0xDE, 0xB0, 0x58, 0x65, 0x72, 0xF2, 0xD2, 0xF1,
    0xCA, 0xC8, 0x3B, 0xCC, 0x78, 0x4A, 0xE2, 0x9F, 0x69, 0xF2, 0x6E, 0xE2, 0xC2, 0xBF, 0x89, 0x8B,
    0x98, 0xCE, 0x64, 0xEE, 0xEB, 0xC3, 0x7B, 0x38, 0x66, 0xBD, 0xE1, 0x28, 0xE2, 0xC6, 0x35, 0xD4,
    0xE7, 0xAA, 0x35, 0xAD, 0x15, 0x02, 0x56, 0x08, 0x7B, 0xB3, 0xF6, 0x3F, 0x85, 0x15, 0x25, 0xAC,
    0xA8, 0x60, 0x45, 0x0F, 0x56, 0x6C, 0xC2, 0x8A, 0x45, 0x58, 0x31, 0x0F, 0x2B, 0x3E, 0x80, 0x15,
    0x16, 0xE9, 0x48, 0x63, 0x65, 0x24, 0xAC, 0x08, 0xEE, 0x35, 0x6D, 0x03, 0xE2, 0x42, 0xE7, 0x8D,
    0x1A, 0x10, 0x99, 0x0F, 0x39, 0x90, 0xE6, 0xC7, 0x99, 0x35, 0xD7, 0x0D, 0xEE, 0x6C, 0x33, 0x5D,
    0xF0, 0x99, 0xB2, 0xC9, 0xFC, 0x61, 0xC0, 0x28, 0x15, 0x13, 0x4A, 0x0C, 0xBF, 0x0B, 0x66, 0x18,
    0xC0, 0xC8, 0xCF, 0x43, 0xEE, 0xD9, 0x0F, 0xB8, 0x07, 0xCD, 0x81, 0x6E, 0x3E, 0x7D, 0xFC, 0xE6,
    0x72, 0xD6, 0xCE, 0x1E, 0x43, 0x50, 0x33, 0xD2, 0xA2, 0xAC, 0x1D, 0x2F, 0xB9, 0xEF, 0xFE, 0x1A,
    0xF4, 0x38, 0x15, 0xDC, 0xD2, 0xBF, 0x6B, 0xE8, 0x01, 0x15, 0xB5, 0x8C, 0x88, 0x53, 0x7E, 0x00,
    0xD5, 0xE0, 0xC1, 0x0E, 0x5C, 0x0E, 0x58, 0x7C, 0x8F, 0x9B, 0x29, 0x4C, 0xA1, 0x54, 0xA2, 0xF8,
    0x25, 0xF3, 0x63, 0x01, 0x4E, 0x98, 0x67, 0xF1, 0x59, 0xC8, 0x73, 0xC6, 0x01, 0xCC, 0x08, 0x0A,
    0xF4, 0xC2, 0xEA, 0x16, 0xCA, 0x65, 0xF5, 0x98, 0x8D, 0xFD, 0x61, 0xCE, 0x0D, 0x09, 0x42, 0x76,
    0x3E, 0x7F, 0x14, 0x1E, 0x27, 0xA6, 0xC2, 0xA5, 0xC5, 0xCD, 0xE0, 0x65, 0x3B, 0x72, 0x8F, 0x15,
    0x90, 0xB0, 0x65, 0xB7, 0x89, 0x90, 0x7D, 0x44, 0xA6, 0x82, 0xFB, 0x90, 0x9E, 0xF5, 0x40, 0x13,
    0xA8, 0xE0, 0x2E, 0xDC, 0xC5, 0xF4, 0x86, 0x0A, 0xA5, 0x87, 0x53, 0x7B, 0x38, 0x14, 0xE3, 0xB2,
    0x8C, 0xD3, 0xD3, 0x73, 0xE7, 0x11, 0x58, 0xCB, 0xD1, 0x0B, 0xB7, 0xA3, 0x1A, 0x74, 0xD4, 0x9D,
    0x04, 0xF9, 0x01, 0xD3, 0x8D, 0xFB, 0xA9, 0xF9, 0xC7, 0xAB, 0x59, 0x07, 0x26, 0xE4, 0x6A, 0xD5,
    0x08, 0x7B, 0xEC, 0xEC, 0x00, 0xC5, 0x3A, 0xAA, 0xE6, 0x31, 0x09, 0x3B, 0xFB, 0xAB, 0x09, 0x1A,
    0x41, 0xC5, 0x51, 0xEF, 0x11, 0x8F, 0x5D, 0xF0, 0x14, 0xD9, 0xDB, 0x82, 0x01, 0x7E, 0xB9, 0x7D,
    0x91, 0xE4, 0x8D, 0x9C, 0xDB, 0x17, 0xD7, 0xC0, 0x25, 0x70, 0xA8, 0x6B, 0x00, 0x31, 0x6D, 0xC0,
    0x3C, 0x1A, 0xB3, 0xDD, 0xAE, 0x26, 0xF9, 0xAE, 0xC1, 0x21, 0x11, 0x5D, 0x30, 0x5E, 0x05, 0x26,
    0x74, 0x33, 0x37, 0x77, 0xCA, 0x13, 0xEC, 0x32, 0xAB, 0x09, 0xDB, 0x08, 0x3F, 0xDD, 0xB6, 0x15,
    0xD2, 0xF5, 0x3F, 0x3C, 0x8F, 0x38, 0x66, 0xB6, 0x26, 0xBA, 0x0D, 0xFB, 0x54, 0xDC, 0x8E, 0xF7,
    0xA2, 0x14, 0x68, 0x59, 0xB6, 0x78, 0x96, 0xD7, 0x3C, 0x04, 0x4A, 0x13, 0xBD, 0xD9, 0x5C, 0xEC,
    0xBE, 0x81, 0x80, 0x7A, 0xB1, 0x73, 0x1F, 0x9A, 0x43, 0x74, 0x41, 0xF9, 0x93, 0x6E, 0xE7, 0x13,
    0x06, 0xAE, 0x5D, 0x8B, 0xFD, 0xAC, 0xE3, 0xB2, 0x63, 0x71, 0x7C, 0x74, 0x93, 0xAE, 0x5F, 0x62,
    0xB2, 0xF4, 0x2A, 0x0C, 0x9E, 0xF1, 0x92, 0x28, 0x02, 0xEC, 0xEB, 0xF3, 0x3E, 0x6C, 0xF7, 0x8E,
    0xD3, 0x5B, 0xC1, 0x71, 0xB7, 0x45, 0xBE, 0x7A, 0x2D, 0x11, 0x6F, 0x54, 0xE3, 0x40, 0xE1, 0x1C,
    0x74, 0x57, 0x72, 0x56, 0xCE, 0x8B, 0x21, 0x41, 0x66, 0x32, 0x81, 0x76, 0xAA, 0xFD, 0xD2, 0x0D,
    0xAF, 0x10, 0xC2, 0xEA, 0xA3, 0x8F, 0x07, 0x38, 0xDA, 0x44, 0x86, 0x68, 0x8E, 0x35, 0x25, 0x4F,
    0xA8, 0x9F, 0xDB, 0x82, 0xDB, 0x09, 0x2D, 0xCC, 0x52, 0x80, 0x41, 0xEB, 0xDC, 0x6E, 0xDB, 0x31,
    0x3F, 0xA9, 0xA4, 0xE8, 0xDE, 0x5B, 0x79, 0x70, 0x64, 0x6F, 0xE7, 0xDB, 0xA2, 0x96, 0x37, 0x70,
    0x73, 0x4B, 0x25, 0x3A, 0xCC, 0x6A, 0x6F, 0x70, 0x1D, 0x3B, 0x0C, 0x0E, 0x4E, 0xC5, 0xAD, 0x64,
    0x4D, 0x67, 0xEB, 0xA0, 0x0C, 0x0E, 0x8F, 0xD3, 0xA3, 0x9E, 0x37, 0xF8, 0x31, 0xCC, 0x57, 0x79,
    0x60, 0xF3, 0x6E, 0x74, 0xA5, 0x98, 0x45, 0x11, 0xD4, 0x0C, 0x23, 0x40, 0x04, 0xE5, 0x53, 0x7B,
    0x37, 0x9B, 0x97, 0x3D, 0x60, 0x6F, 0x8D, 0x0F, 0x39, 0xE0, 0x3F, 0x4C, 0xC2, 0x36, 0x4A, 0x13,
    0xEE, 0x6C, 0x02, 0x80, 0x43, 0xD3, 0x3E, 0x6C, 0x82, 0x0C, 0xEF, 0xA8, 0x16, 0x59, 0x2D, 0x4D,
    0x1D, 0x5D, 0x2D, 0x75, 0x9A, 0xE8, 0xDF, 0xB1, 0x08, 0x4D, 0xDF, 0xD0, 0xF1, 0x46, 0xF4, 0x97,
    0xFC, 0x99, 0xE1, 0x5C, 0xA7, 0xB9, 0x83, 0x65, 0x0D, 0xF1, 0x57, 0xDD, 0x85, 0xC5, 0x02, 0x5B,
    0xDE, 0xCF, 0x84, 0x71, 0x67, 0x20, 0x4C, 0x88, 0x56, 0x8C, 0x5C, 0x86, 0x83, 0x75, 0xF0, 0x61,
    0xC3, 0x74, 0x3E, 0xD8, 0xE1, 0x5D, 0x68, 0xB9, 0x44, 0x19, 0x24, 0xDD, 0xCB, 0x89, 0x53, 0xB6,
    0x81, 0x52, 0x0E, 0xB3, 0xE0, 0xD5, 0x62, 0x44, 0x61, 0x5F, 0x6D, 0xDF, 0xD3, 0x28, 0x00, 0x89,
    0x74, 0x32, 0x86, 0x9F, 0x2F, 0x74, 0x11, 0xE4, 0x61, 0x16, 0x66, 0x9C, 0xF0, 0x28, 0x51, 0x31,
    0xE0, 0xF0, 0x76, 0x74, 0x87, 0xE1, 0x5A, 0xE3, 0xCC, 0x08, 0x33, 0x07, 0xD5, 0xE7, 0x31, 0x9E,
    0x70, 0x0E, 0xFB, 0x0C, 0x5E, 0xEE, 0x67, 0x50, 0x0A, 0x2A, 0x86, 0x08, 0xFD, 0xB6, 0x37, 0xE0,
    0x46, 0x4E, 0x17, 0xE1, 0xB5, 0xD7, 0x18, 0x99, 0xDE, 0x3B, 0x8C, 0xD3, 0x6D, 0x5E, 0xD7, 0xE7,
    0x20, 0x63, 0xD0, 0x49, 0xB0, 0x4E, 0xC5, 0xE2, 0xF3, 0x0C, 0x62, 0xA5, 0x78, 0xAF, 0xDA, 0x96,
    0x2D, 0x8A, 0xFE, 0xC7, 0x52, 0xFA, 0x19, 0xA2, 0x77, 0x1F, 0x3D, 0xC9, 0x1D, 0x4A, 0x33, 0xEF,
    0xF3, 0x8A, 0x26, 0x30, 0x0C, 0xD8, 0x2C, 0xBC, 0x5B, 0x87, 0xB9, 0x06, 0x32, 0xDE, 0xC3, 0x08,
    0x03, 0xB2, 0xD0, 0x28, 0x6E, 0x03, 0x30, 0x84, 0x59, 0x83, 0x8B, 0xB7, 0x0B, 0x2C, 0x6E, 0x61,
    0xD5, 0x4C, 0xD1, 0x2B, 0x76, 0xBC, 0xA5, 0xB8, 0x9F, 0xFA, 0x36, 0xAD, 0x82, 0x5A, 0x25, 0x07,
    0x7E, 0x05, 0x60, 0xC5, 0xAE, 0xC2, 0xBA, 0x98, 0x63, 0x72, 0x15, 0x1F, 0x30, 0xFE, 0x35, 0x35,
    0xDF, 0xCD, 0x31, 0x9F, 0xE3, 0x90, 0x03, 0x61, 0xF0, 0xAC, 0x1C, 0x25, 0xC3, 0x91, 0xDE, 0x47,
    0x83, 0x75, 0x17, 0x2B, 0xA1, 0x39, 0xFC, 0x08, 0x9C, 0x54, 0xD3, 0x01, 0x34, 0x5F, 0x70, 0x9A,
    0xF3, 0x91, 0xE6, 0x9D, 0x96, 0x27, 0xE0, 0x10, 0x48, 0x0A, 0xE1, 0x0A, 0x92, 0x27, 0xD9, 0xEA,
    0x66, 0x35, 0xF2, 0x3F, 0x29, 0xBC, 0xDC, 0x9D, 0x19, 0x21, 0x1A, 0xC0, 0x37, 0xF3, 0x28, 0x01,
    0x76, 0xD4, 0xEB, 0x79, 0xF8, 0xF7, 0x82, 0xB7, 0xB6, 0xFE, 0xAA, 0x2B, 0x5C, 0x2C, 0x2B, 0xC6,
    0x1F, 0xC4, 0x0F, 0x9C, 0xFD, 0xBD, 0x7D, 0xA4, 0x2B, 0x2C, 0x79, 0x33, 0x94, 0xA2, 0x9C, 0x2B,
    0x95, 0xA8, 0x2B, 0xD8, 0x8D, 0xAD, 0xCB, 0x20, 0x48, 0x8D, 0xBE, 0x1E, 0xDB, 0x59, 0xAD, 0xBA,
    0xE3, 0xC6, 0x01, 0x14, 0x86, 0xC8, 0xF6, 0x47, 0x28, 0xFA, 0x8A, 0x6A, 0xF9, 0xD9, 0x19, 0x8F,
    0x6D, 0xFB, 0x8F, 0x3C, 0x3B, 0x1B, 0x7D, 0x79, 0xFC, 0xAE, 0x6F, 0x90, 0x3B, 0x17, 0x86, 0x54,
    0x14, 0xBF, 0xFE, 0xA8, 0xFA, 0x7E, 0x55, 0xCF, 0x1E, 0xE8, 0x29, 0x7D, 0xE1, 0x4F, 0xF2, 0x86,
    0x0D, 0x73, 0xEB, 0xC2, 0x20, 0xEC, 0x0E, 0x3F, 0x95, 0x7B, 0xA9, 0x2D, 0x24, 0x26, 0x7B, 0x3E,
    0x3D, 0xF4, 0xA8, 0x37, 0x7C, 0xA1, 0x90, 0x87, 0x29, 0x3F, 0x74, 0x8E, 0x92, 0xBE, 0x63, 0x8B,
    0xD1, 0x43, 0xD5, 0x92, 0x33, 0x08, 0xB6, 0x50, 0x46, 0xDD, 0x1B, 0xEC, 0xA6, 0x57, 0x2B, 0x77,
    0x7A, 0xF1, 0x53, 0x95, 0xB6, 0x2B, 0x6F, 0xF1, 0xF6, 0x04, 0xDB, 0xDD, 0x56, 0x0C, 0x22, 0x2B,
    0x38, 0xE2, 0xF9, 0xB1, 0x8C, 0x8F, 0x7D, 0x93, 0x00, 0xCB, 0xB6, 0x57, 0xE1, 0xAC, 0x69, 0x81,
    0xE3, 0xB8, 0x4A, 0xC5, 0xDB, 0x7E, 0x09, 0xB6, 0xF6, 0x6B, 0x7F, 0x60, 0xFF, 0x15, 0x56, 0xE8,
    0xB0, 0xCE, 0x04, 0x18, 0x82, 0xFB, 0xF4, 0xE0, 0xE9, 0xED, 0x93, 0xEC, 0x6D, 0xFB, 0x2B, 0x3D,
    0xEC, 0xBB, 0xF9, 0x9C, 0x19, 0x76, 0x42, 0x41, 0xEE, 0xDF, 0x41, 0x62, 0x06, 0xF0, 0xA6, 0x8F,
    0xC0, 0xE0, 0x80, 0xEA, 0x47, 0x88, 0xCE, 0xB5, 0x98, 0xC4, 0x3F, 0x78, 0x0A, 0xCE, 0xDC, 0xF1,
    0xE0, 0x1E, 0xE1, 0xB8, 0x87, 0x49, 0x5B, 0xC3, 0x53, 0x0C, 0x8B, 0xA6, 0xF1, 0x96, 0xF7, 0x70,
    0xE8, 0xBA, 0x59, 0x62, 0x12, 0xAB, 0x56, 0x73, 0x87, 0x51, 0x37, 0xEB, 0xF1, 0x9B, 0x83, 0x1C,
    0xBD, 0x93, 0x91, 0xBA, 0x8B, 0x82, 0x8E, 0x6B, 0xC7, 0xA0, 0xDC, 0x06, 0x6D, 0x13, 0x0F, 0x25,
    0x7C, 0x0C, 0x57, 0x1C, 0x2A, 0xB6, 0xDF, 0x6B, 0x56, 0x63, 0xDF, 0x96, 0x6D, 0x43, 0x50, 0xB4,
    0x0D, 0x02, 0x1F, 0x90, 0xEE, 0xB9, 0xB5, 0xEB, 0x75, 0xFA, 0x28, 0x99, 0xF1, 0xD9, 0x35, 0x4A,
    0xC2, 0x1D, 0x55, 0xA2, 0x96, 0x10, 0x67, 0x68, 0x03, 0xC6, 0x4B, 0x24, 0x73, 0x9B, 0xDB, 0x84,
    0xB7, 0x18, 0x33, 0xF0, 0x11, 0x03, 0x13, 0x29, 0x6E, 0xC9, 0x78, 0x6E, 0x2E, 0x87, 0x83, 0x07,
    0x16, 0xAD, 0xE3, 0xAD, 0xC1, 0xC2, 0x01, 0x7F, 0xFF, 0x0F, 0xB5, 0x5A, 0x3D, 0x90, 0xDD, 0x54,
    0x96, 0x3E, 0x92, 0xA0, 0xC5, 0xA0, 0x01, 0x11, 0x50, 0xBB, 0xCC, 0x18, 0x5B, 0x1B, 0x10, 0x4C,
    0x0D, 0xB6, 0xB5, 0xC1, 0x6E, 0x15, 0x41, 0x77, 0x5F, 0x99, 0x09, 0x08, 0x71, 0x80, 0x71, 0xE0,
    0xC0, 0xB3, 0x55, 0x9B, 0x6D, 0x2D, 0x4D, 0xE0, 0xAD, 0x72, 0xD5, 0xB6, 0x5B, 0x02, 0x6F, 0x2D,
    0x01, 0x81, 0x3B, 0x58, 0x96, 0x80, 0x60, 0x27, 0xD8, 0x94, 0xC2, 0x01, 0x81, 0x83, 0xEE, 0x27,
    0x01, 0x01, 0x01, 0xC1, 0x88, 0x9D, 0xF2, 0x38, 0x20, 0x11, 0x83, 0x59, 0xA6, 0x6A, 0xAA, 0xD6,
    0xB2, 0x51, 0x33, 0x6A, 0x23, 0xBD, 0xBB, 0xDF, 0x77, 0xAE, 0xBA, 0xFB, 0xB5, 0x99, 0xD9, 0x1D,
    0xC0, 0xF3, 0xDA, 0x72, 0xF7, 0x93, 0x9E, 0xEE, 0x39, 0xF7, 0xFC, 0x7C, 0xE7, 0x3B, 0x47, 0x4F,
    0xC4, 0xD8, 0x4A, 0xE4, 0xCC, 0x19, 0xB9, 0xF7, 0x15, 0xE3, 0xB4, 0x94, 0x99, 0x48, 0x30, 0xE2,
    0x0F, 0xD3, 0x8B, 0x78, 0x5F, 0xB7, 0x38, 0x7D, 0x05, 0xE7, 0xB7, 0x8C, 0x48, 0x58, 0xE3, 0xFC,
    0xAA, 0xDF, 0x8B, 0x6F, 0x6D, 0x2B, 0x71, 0x91, 0x54, 0x32, 0x88, 0xC1, 0x69, 0x19, 0x65, 0x55,
    0x82, 0x3E, 0xE8, 0x24, 0x6A, 0xF3, 0x41, 0x6C, 0xC7, 0xD5, 0x7C, 0x3B, 0x5F, 0x58, 0xDB, 0xB3,
    0x83, 0x37, 0xE6, 0x45, 0xEE, 0x77, 0x71, 0x65, 0xBC, 0x3E, 0x68, 0x4D, 0xB6, 0x1A, 0xB4, 0x61,
    0x6D, 0x64, 0x3B, 0x68, 0x71, 0x4A, 0x06, 0x6F, 0xB7, 0xBC, 0x1E, 0xEE, 0xE6, 0x9B, 0x22, 0x4F,
    0x48, 0x21, 0x72, 0x35, 0xC2, 0x4D, 0xCD, 0x05, 0xAE, 0x03, 0x8D, 0x24, 0x3B, 0xA4, 0xE9, 0x80,
    0x23, 0xA2, 0x14, 0x53, 0x43, 0x5B, 0x8B, 0x8F, 0x27, 0x25, 0xDE, 0xF5, 0x38, 0x1F, 0x7D, 0x00,
    0x95, 0x2F, 0xC5, 0xB5, 0x04, 0x4D, 0x5A, 0x48, 0x6A, 0x2D, 0x4E, 0x7B, 0x03, 0xF6, 0x16, 0xB4,
    0x72, 0x49, 0xE2, 0x3A, 0x68, 0xC4, 0x14, 0x26, 0x93, 0x32, 0xB4, 0x55, 0x8C, 0xA5, 0x7F, 0x28,
    0x9B, 0x52, 0xFF, 0x50, 0xE2, 0xE7, 0x0A, 0x31, 0xCD, 0xDE, 0xFA, 0x89, 0xAD, 0x92, 0x1B, 0x7D,
    0xD8, 0xA6, 0xD9, 0x10, 0xB4, 0x49, 0x61, 0x82, 0x2E, 0x68, 0x8C, 0x5C, 0x0A, 0xDA, 0x08, 0x0A,
    0x0F, 0x54, 0x38, 0x79, 0x6B, 0x3C, 0x9D, 0xBF, 0xB9, 0x0B, 0xE9, 0x10, 0x27, 0x29, 0xD4, 0x10,
    0xEA, 0x19, 0x73, 0xCF, 0x1B, 0x50, 0x23, 0xF8, 0x0C, 0xE7, 0x53, 0x58, 0xD4, 0xEB, 0x20, 0x2C,
    0x2E, 0x66, 0xB0, 0xAC, 0x1D, 0xA0, 0x54, 0xD8, 0xC2, 0x64, 0x71, 0xE5, 0x75, 0x62, 0xB2, 0xB8,
    0x90, 0x39, 0x6C, 0xE7, 0x0F, 0x89, 0x15, 0x43, 0x9B, 0x2F, 0x51, 0xF8, 0x55, 0x1C, 0x21, 0xF7,
    0xBB, 0x22, 0x93, 0x3F, 0xE4, 0xB1, 0x6F, 0xA5, 0xD2, 0x43, 0x10, 0x8F, 0xBB, 0xA0, 0x40, 0x82,
    0x1B, 0xED, 0xB4, 0x27, 0xFC, 0xE9, 0xC1, 0xA5, 0x21, 0xCC, 0x06, 0xB9, 0x6E, 0x71, 0xF7, 0xF2,
    0xED, 0x4D, 0x31, 0x6F, 0xCC, 0x60, 0xA5, 0x93, 0xD0, 0xEE, 0x04, 0x94, 0x7E, 0xC2, 0xE0, 0x13,
    0x86, 0xD2, 0x71, 0x40, 0x75, 0x99, 0x4F, 0xBF, 0xF1, 0x1E, 0x52, 0xFD, 0x3A, 0xAD, 0x82, 0x3A,
    0xDA, 0x3D, 0x57, 0x49, 0x09, 0x79, 0xF2, 0xA0, 0xC6, 0x4E, 0xDC, 0x4A, 0x54, 0x4B, 0x54, 0xE8,
    0x92, 0x73, 0x09, 0x6D, 0x13, 0xDE, 0x86, 0xA3, 0x8F, 0x23, 0x60, 0xE8, 0x30, 0xA3, 0x1F, 0xA2,
    0xB9, 0x06, 0xAF, 0x4E, 0x7E, 0xDD, 0x78, 0x74, 0x9B, 0x20, 0x86, 0x24, 0xAF, 0xC5, 0xFB, 0xAA,
    0x95, 0xA0, 0x7A, 0xF7, 0xBE, 0xA9, 0x84, 0x50, 0x0C, 0x2C, 0x9C, 0x50, 0xFB, 0xF5, 0x32, 0xD7,
    0x8B, 0x7A, 0x18, 0xB0, 0x48, 0x3E, 0x6C, 0xE2, 0xEA, 0x6A, 0xD4, 0x38, 0x2D, 0x0E, 0x54, 0x0A,
    0xB3, 0xFC, 0x5C, 0x11, 0x6A, 0xB8, 0x3E, 0x4A, 0x6F, 0xC2, 0x78, 0xC9, 0xE1, 0xD4, 0xF8, 0xBE,
    0xFA, 0xF8, 0x35, 0x25, 0x9D, 0x98, 0x56, 0x2B, 0x8B, 0xC4, 0xBE, 0x32, 0x6C, 0x40, 0x97, 0x19,
    0x55, 0xC1, 0x15, 0x43, 0x7D, 0xA0, 0xC8, 0x73, 0x3B, 0xD7, 0xA8, 0x87, 0x5F, 0x1F, 0x87, 0xFF,
    0xE0, 0xA9, 0x12, 0x81, 0x65, 0xB2, 0xFB, 0xA6, 0xC6, 0x72, 0x58, 0xF8, 0x77, 0x1A, 0x89, 0x7B,
    0xF7, 0x79, 0xF5, 0x93, 0x67, 0x7B, 0xC9, 0x93, 0x02, 0xCA, 0xD0, 0x51, 0xC6, 0x45, 0xF4, 0xFE,
    0xAF, 0x0B, 0xDE, 0xF8, 0x92, 0x38, 0xD3, 0xBC, 0x1B, 0x23, 0x82, 0x6E, 0xB7, 0x4C, 0xB8, 0xCC,
    0xC5, 0xD1, 0xFE, 0x2B, 0xB5, 0x77, 0x61, 0xCA, 0xCF, 0x4B, 0xE4, 0x50, 0x96, 0x2A, 0x2A, 0x64,
    0xD0, 0xAF, 0x94, 0xB4, 0x80, 0xAA, 0x33, 0x09, 0x5B, 0xF8, 0x23, 0xAD, 0xA0, 0xEE, 0x4C, 0x72,
    0xF8, 0x06, 0x82, 0x92, 0x2A, 0x22, 0x6C, 0x98, 0x0C, 0xDE, 0xE0, 0x47, 0xA2, 0xDB, 0x6B, 0xB5,
    0x67, 0xAD, 0x66, 0xE0, 0x11, 0x08, 0xF1, 0xEC, 0x15, 0x6C, 0x6C, 0x1B, 0xCE, 0xF3, 0x77, 0x70,
    0x32, 0xFE, 0x48, 0x54, 0x29, 0x2A, 0x2B, 0xF9, 0xF9, 0x46, 0x98, 0x08, 0x38, 0x31, 0x08, 0xB1,
    0x04, 0x16, 0x54, 0x1B, 0x6E, 0xC0, 0x8A, 0x3E, 0x3C, 0x8F, 0x9C, 0xC0, 0xA9, 0x1C, 0x5E, 0x7C,
    0x6B, 0x78, 0x4C, 0x92, 0xDF, 0xCC, 0x33, 0x42, 0xD6, 0x2F, 0x60, 0x9C, 0x73, 0x3D, 0xC5, 0x2B,
    0x1C, 0x74, 0x50, 0x25, 0x6A, 0x55, 0x95, 0xB8, 0x91, 0x3C, 0xB4, 0xA3, 0x0F, 0x88, 0x92, 0x48,
    0x33, 0x34, 0x53, 0xCD, 0xB7, 0x89, 0x17, 0x1D, 0xB4, 0x8B, 0x2B, 0xA8, 0x59, 0xFE, 0xC5, 0x88,
    0x20, 0x52, 0x53, 0x3C, 0x0D, 0x2B, 0xAC, 0x41, 0x2D, 0xC6, 0xBB, 0x1D, 0x65, 0xE9, 0x9D, 0xDF,
    0x6A, 0x24, 0x21, 0xC4, 0x00, 0x72, 0x19, 0x75, 0x23, 0xA4, 0x21, 0x4B, 0xC5, 0xFD, 0x6C, 0xE0,
    0xD8, 0x76, 0x07, 0x96, 0xA5, 0x56, 0x61, 0x5F, 0x6E, 0x22, 0x45, 0x10, 0x84, 0x67, 0x5E, 0x38,
    0x1C, 0x6A, 0xA5, 0xB5, 0x55, 0xD0, 0xFB, 0x2D, 0xAC, 0x73, 0x51, 0x3D, 0x9B, 0x54, 0x57, 0xA1,
    0xD5, 0x71, 0xF1, 0x7B, 0x38, 0xC0, 0x22, 0x6B, 0xCC, 0x8B, 0x35, 0x4E, 0x5E, 0xC0, 0x49, 0x0D,
    0xF4, 0xC7, 0xF1, 0xC9, 0xA3, 0xF8, 0x64, 0x94, 0xA5, 0xD7, 0xCF, 0x56, 0x39, 0xB1, 0x99, 0x2F,
    0x63, 0xEB, 0x83, 0x45, 0x19, 0xFF, 0xE7, 0xAB, 0xF8, 0x67, 0x80, 0x89, 0x21, 0xFC, 0x74, 0x0C,
    0xBE, 0xEE, 0x65, 0xBE, 0xE9, 0xE2, 0xDF, 0x0F, 0xBA, 0xB0, 0x40, 0xFC, 0x2F, 0x71, 0x67, 0x7E,
    0xF6, 0x04, 0x02, 0x0F, 0x49, 0x70, 0x22, 0xA2, 0x9F, 0x71, 0xE6, 0x81, 0x85, 0x45, 0x2C, 0xF4,
    0x35, 0x45, 0x0A, 0xAB, 0x84, 0x05, 0xC3, 0xC3, 0x1B, 0xF0, 0xA9, 0x99, 0x5F, 0xC1, 0xCF, 0xF0,
    0x01, 0x5C, 0x13, 0xEC, 0xFC, 0x23, 0x4E, 0x02, 0xBC, 0x18, 0x81, 0x26, 0xF3, 0xB2, 0xB8, 0xF6,
    0x6A, 0x7C, 0xF2, 0x5D, 0x7F, 0x3C, 0xB3, 0x1E, 0x5A, 0x82, 0xF1, 0xCB, 0x41, 0x76, 0xD4, 0xAB,
    0x82, 0xF7, 0x6A, 0xA6, 0xBD, 0xEC, 0x05, 0x61, 0x78, 0xA3, 0x0D, 0x6A, 0xA0, 0x18, 0x4A, 0x43,
    0x9E, 0xCD, 0xE7, 0x62, 0xFE, 0x73, 0x02, 0x8B, 0x62, 0xF4, 0x1A, 0x82, 0x45, 0x49, 0xB0, 0x38,
    0xC6, 0x22, 0x85, 0xBB, 0xBC, 0xF6, 0xB0, 0xC9, 0x52, 0xEE, 0x79, 0x2E, 0x5B, 0x10, 0x79, 0x4C,
    0xAB, 0x58, 0xD8, 0xD2, 0x5C, 0x54, 0x2E, 0x40, 0x5C, 0x20, 0xAA, 0xE2, 0xEB, 0xEF, 0xE2, 0xE4,
    0x51, 0x61, 0x88, 0xC3, 0x5C, 0x0F, 0x32, 0x40, 0xE1, 0x23, 0xBF, 0x8E, 0x76, 0xCE, 0xB4, 0x09,
    0xF7, 0x25, 0x41, 0x2D, 0x61, 0xC3, 0xFF, 0xA7, 0x35, 0x1B, 0x6F, 0x67, 0x80, 0x4E, 0x30, 0x58,
    0xF2, 0x5A, 0x67, 0xCA, 0x02, 0x2A, 0x19, 0xC6, 0xE0, 0x43, 0x26, 0xBB, 0x08, 0x8D, 0x60, 0x2E,
    0x9F, 0x1B, 0x8A, 0x9B, 0x08, 0xB1, 0xE4, 0x35, 0x5A, 0x93, 0x72, 0xB5, 0x05, 0xDD, 0xB5, 0x0C,
    0xEB, 0xC1, 0xA0, 0xE3, 0xB9, 0x4C, 0x72, 0xAF, 0xC6, 0x49, 0xD5, 0xFC, 0x34, 0xDC, 0x75, 0x01,
    0x9F, 0x3C, 0x21, 0xE5, 0x99, 0xF3, 0x08, 0x77, 0x16, 0xE2, 0xA7, 0x70, 0xDF, 0xF1, 0xE9, 0x88,
    0x91, 0x58, 0xFE, 0x38, 0x59, 0xFD, 0xFF, 0xD5, 0x00, 0x69, 0x78, 0x9C, 0xE5, 0x02, 0xC2, 0xBD,
    0x1D, 0xCD, 0x7A, 0x45, 0xBB, 0xF5, 0x75, 0x2C, 0x34, 0xEA, 0x3E, 0xEF, 0xAF, 0x85, 0xD6, 0xA3,
    0x2C, 0xBE, 0x92, 0x11, 0xB7, 0x4D, 0xF1, 0x6D, 0x82, 0x4A, 0x05, 0x12, 0x73, 0xE2, 0xFF, 0xC0,
    0x71, 0x6A, 0xC1, 0x79, 0x47, 0xEC, 0xA6, 0x94, 0x2F, 0x32, 0xED, 0x12, 0xE4, 0x45, 0x58, 0x8C,
    0xE2, 0x6D, 0xCE, 0xC5, 0x41, 0x1E, 0x70, 0x84, 0xF9, 0x69, 0xB1, 0x6A, 0xDC, 0x00, 0x27, 0x3B,
    0xD2, 0x0D, 0xCD, 0xDA, 0x1C, 0x99, 0x15, 0xEE, 0x9E, 0x87, 0x55, 0xE7, 0xA7, 0x45, 0x15, 0x2E,
    0x61, 0xF6, 0x14, 0xF7, 0x4F, 0xC4, 0xC3, 0x7A, 0x63, 0x89, 0x8C, 0x06, 0x0C, 0xE4, 0xB2, 0x1D,
    0xD5, 0xE1, 0xA7, 0xC8, 0x39, 0x18, 0x03, 0x57, 0x93, 0x4C, 0xF9, 0x84, 0xB5, 0xD9, 0xEA, 0xD2,
    0x1C, 0x57, 0x5A, 0x64, 0x64, 0x48, 0x1A, 0xF2, 0x06, 0x16, 0xE6, 0xDD, 0xC5, 0x0F, 0x10, 0xA2,
    0x21, 0xD4, 0x44, 0x10, 0x7B, 0xC4, 0xB9, 0x85, 0xF8, 0x97, 0x25, 0xC0, 0x6F, 0x7A, 0x1D, 0x4B,
    0x67, 0x21, 0xD0, 0xC5, 0x6B, 0xA0, 0xE6, 0xDF, 0x1B, 0xE7, 0x59, 0xA8, 0x0A, 0xC9, 0x83, 0x94,
    0x08, 0xDE, 0xA0, 0x87, 0xBB, 0x47, 0x2D, 0xF4, 0xD8, 0x58, 0x95, 0x54, 0x61, 0xE3, 0xCD, 0xCF,
    0x82, 0x1C, 0xD9, 0x7F, 0x83, 0xBB, 0xBD, 0x22, 0xA8, 0x9E, 0x01, 0x76, 0xB3, 0x0C, 0x1C, 0xB8,
    0xA7, 0x4D, 0x3E, 0x69, 0xC3, 0x16, 0xEA, 0x52, 0xEB, 0x6D, 0xD9, 0x48, 0x2A, 0x0F, 0xF9, 0x8B,
    0x78, 0x00, 0x51, 0x90, 0xB4, 0x43, 0x76, 0xA1, 0xDE, 0xAF, 0x35, 0xDB, 0x92, 0x47, 0x48, 0xA8,
    0x1C, 0x85, 0x7F, 0xF7, 0x7C, 0x16, 0x2A, 0x35, 0x8A, 0xC8, 0x17, 0x08, 0x9C, 0xDD, 0x3D, 0x7C,
    0xEE, 0x7E, 0x58, 0x17, 0xB1, 0xA5, 0xB8, 0xDB, 0x1C, 0x94, 0xA0, 0xEF, 0x6E, 0x5D, 0x0F, 0x35,
    0x28, 0xDA, 0x59, 0xAB, 0x92, 0xDA, 0x6B, 0x21, 0xEF, 0x22, 0xEC, 0xF6, 0xA3, 0xD8, 0x81, 0x18,
    0x6D, 0xC7, 0xA2, 0x94, 0x5A, 0x58, 0x65, 0x0E, 0x64, 0x33, 0xA7, 0x88, 0xD2, 0xAC, 0x23, 0x61,
    0x0B, 0xDE, 0x92, 0xBF, 0x01, 0x9E, 0x64, 0x3F, 0x5F, 0xA8, 0xC8, 0xDD, 0x54, 0xEC, 0x48, 0x95,
    0x78, 0x28, 0x77, 0x92, 0x9F, 0x68, 0x09, 0x47, 0x4C, 0x73, 0x97, 0x7E, 0xF3, 0xFD, 0xAD, 0xEB,
    0x0D, 0xCA, 0x5E, 0xF1, 0x27, 0x39, 0x0A, 0xC0, 0xF1, 0xC4, 0x61, 0xE4, 0x79, 0x05, 0x99, 0x31,
    0xA7, 0xF7, 0x4D, 0x86, 0x48, 0x44, 0xA4, 0x8F, 0xA2, 0x9E, 0x77, 0x6F, 0x66, 0xFA, 0xC6, 0xDA,
    0x6F, 0x5E, 0x71, 0x6F, 0xF6, 0xEF, 0x01, 0x9B, 0xCD, 0x33, 0x70, 0x3C, 0xE6, 0x19, 0x09, 0xE3,
    0x40, 0xF2, 0x22, 0x5D, 0xAC, 0x52, 0xD6, 0x2A, 0x89, 0x70, 0x3E, 0x29, 0x9C, 0xBE, 0x99, 0xAB,
    0xCD, 0x6B, 0x4D, 0x88, 0x62, 0x53, 0xA2, 0x2C, 0x54, 0x4A, 0x0A, 0x95, 0x58, 0xB3, 0xF6, 0xCC,
    0xF6, 0x48, 0x61, 0x13, 0x5F, 0xDF, 0x90, 0x72, 0xD3, 0xB7, 0x3D, 0x56, 0x86, 0xA1, 0x4B, 0x5A,
    0x3A, 0x2D, 0x62, 0x00, 0xCF, 0xB8, 0xF7, 0x06, 0x68, 0x04, 0x6B, 0xA3, 0x2A, 0x5B, 0x96, 0x96,
    0x81, 0xB1, 0x9C, 0x73, 0xFD, 0xF4, 0xE0, 0x4D, 0xB7, 0xFF, 0xA6, 0xCC, 0xC2, 0x0E, 0x4C, 0x3E,
    0xB6, 0xD5, 0xD2, 0x96, 0x66, 0x1D, 0x19, 0x25, 0x2E, 0xB2, 0xA3, 0xC8, 0x5F, 0x90, 0xE0, 0xAB,
    0xB9, 0xE4, 0x37, 0xBA, 0xA8, 0x4D, 0x8B, 0x2D, 0x25, 0xFA, 0xA2, 0x5C, 0x15, 0xA4, 0x3F, 0x6A,
    0x26, 0xA2, 0xBF, 0x2A, 0xE3, 0xD9, 0x26, 0xDA, 0x95, 0x97, 0x42, 0xF9, 0x27, 0x9B, 0x3D, 0xF6,
    0xC0, 0x21, 0x5B, 0x92, 0x0E, 0xEB, 0xEE, 0x2B, 0x1A, 0x87, 0x89, 0x3D, 0xBB, 0xE7, 0xFD, 0xB8,
    0xF7, 0x1E, 0x06, 0x4F, 0x88, 0x9E, 0xB8, 0xED, 0xD5, 0xF7, 0xDF, 0xEC, 0xF7, 0xDB, 0x8C, 0x77,
    0x68, 0x3A, 0x64, 0x03, 0x8C, 0xB4, 0x3D, 0x71, 0xAB, 0x0D, 0xC6, 0x0A, 0x2A, 0xB5, 0x79, 0x5B,
    0xD8, 0x5D, 0xA0, 0xAF, 0x39, 0x93, 0x1D, 0x94, 0xB4, 0x26, 0xE8, 0xB9, 0x33, 0x43, 0x47, 0xC3,
    0x10, 0xCC, 0x5C, 0xDE, 0x97, 0xD0, 0x77, 0xD8, 0xB9, 0x5E, 0x42, 0x6C, 0xE6, 0x56, 0x5C, 0x3C,
    0xE0, 0xF5, 0xE3, 0x16, 0x32, 0x36, 0x20, 0x82, 0xC1, 0x22, 0xFB, 0x7F, 0xDE, 0xAD, 0xB1, 0xFC,
    0xE6, 0x92, 0x2C, 0x07, 0x45, 0xF4, 0x6C, 0x25, 0xD0, 0xCE, 0x5B, 0x10, 0x43, 0xCC, 0x64, 0x57,
    0xD2, 0x6A, 0x44, 0xCD, 0xD4, 0x6C, 0x87, 0xDE, 0x73, 0x5F, 0xFA, 0x1E, 0xD2, 0x42, 0xA0, 0xF5,
    0x23, 0xB2, 0xD9, 0x3C, 0x82, 0xB6, 0x64, 0xEA, 0x4A, 0x7E, 0xDC, 0xA2, 0x1C, 0x63, 0x63, 0xDB,
    0xDC, 0x0A, 0x53, 0x03, 0xA6, 0x4F, 0x33, 0xEC, 0xCC, 0xBC, 0xED, 0xCD, 0x33, 0xB8, 0x18, 0xB6,
    0xA3, 0xBE, 0x70, 0x04, 0x2D, 0xC5, 0x0C, 0xCA, 0xF0, 0xB9, 0xB0, 0x9D, 0xB6, 0xA4, 0x97, 0x4A,
    0x1A, 0xCD, 0x2B, 0xE4, 0x49, 0x90, 0x43, 0x89, 0xFE, 0x45, 0x92, 0x46, 0xF1, 0x8D, 0x0D, 0x52,
    0xBF, 0xB7, 0x37, 0xD3, 0x86, 0x4D, 0x54, 0x47, 0x35, 0x39, 0x55, 0x52, 0xA4, 0x59, 0x9A, 0x99,
    0xB7, 0x93, 0x9B, 0x7E, 0xF6, 0x88, 0x2C, 0xCB, 0x72, 0x66, 0x68, 0xF3, 0x90, 0x3C, 0x4F, 0xD6,
    0x17, 0x3D, 0x17, 0x1F, 0x92, 0x37, 0x5B, 0x54, 0x85, 0x26, 0xE4, 0xA5, 0xA8, 0x45, 0xE8, 0xFC,
    0x71, 0x01, 0x96, 0x91, 0xC5, 0x00, 0x28, 0xD5, 0x08, 0xE4, 0x65, 0xDC, 0x6A, 0x2E, 0x2E, 0x4B,
    0x5C, 0x00, 0x6A, 0x02, 0x39, 0x5A, 0x09, 0x4B, 0xE0, 0x9D, 0x0B, 0x4E, 0xA6, 0x50, 0x50, 0x30,
    0x6E, 0x13, 0x9C, 0x48, 0xAA, 0x2D, 0xDC, 0x5B, 0x06, 0x77, 0x07, 0x68, 0xF6, 0xAF, 0x6C, 0x33,
    0x7A, 0xAF, 0x0B, 0xDB, 0xB8, 0x41, 0xCB, 0xBA, 0xD0, 0x47, 0x7A, 0xEF, 0x78, 0x65, 0x3C, 0x24,
    0x3D, 0xB5, 0xA1, 0x16, 0xDB, 0x8C, 0x56, 0x6D, 0xA4, 0x8A, 0x0D, 0xD9, 0xF0, 0x3B, 0x44, 0x2D,
    0x74, 0x34, 0x6F, 0x1B, 0x84, 0x0D, 0x1B, 0x27, 0xEC, 0xFC, 0x24, 0xDA, 0xA8, 0x56, 0x31, 0x4E,
    0x01, 0x57, 0xFF, 0x4F, 0x90, 0x92, 0x97, 0xB6, 0xC0, 0x49, 0x0E, 0x3A, 0xAA, 0x80, 0x1D, 0xF0,
    0x1E, 0x31, 0xCF, 0xD9, 0x11, 0x4E, 0xA4, 0x7C, 0x74, 0xBD, 0x2B, 0xB5, 0x67, 0xE6, 0xC0, 0x7B,
    0xC7, 0xB1, 0xD7, 0x15, 0xEC, 0x63, 0x05, 0x9B, 0xDB, 0xC8, 0xD1, 0xB0, 0xB2, 0x9F, 0xD2, 0x30,
    0x47, 0xEC, 0x5E, 0xC9, 0x02, 0xD7, 0xBE, 0xC8, 0x5A, 0x26, 0xE9, 0x01, 0x2D, 0x5F, 0x75, 0x92,
    0xB7, 0x5D, 0x65, 0x1D, 0xF4, 0x17, 0xD7, 0x23, 0xFE, 0xBA, 0xCB, 0x00, 0xC0, 0xC7, 0xAF, 0x49,
    0x30, 0xD7, 0x30, 0x03, 0x7C, 0x75, 0x6A, 0xDA, 0x59, 0x86, 0xB2, 0x8C, 0x52, 0x5F, 0x5D, 0x12,
    0x22, 0x1D, 0x8C, 0x8C, 0x2C, 0x8E, 0x6E, 0x11, 0x2C, 0x89, 0xA4, 0xC4, 0x9E, 0xF0, 0x4B, 0x66,
    0xF4, 0x65, 0xAC, 0x32, 0x22, 0xC5, 0x60, 0x0D, 0x32, 0xE9, 0x94, 0x91, 0x63, 0xD0, 0xB4, 0x14,
    0x69, 0xB3, 0x90, 0xB0, 0x97, 0xB8, 0x55, 0xC6, 0x8D, 0x57, 0x4F, 0xE4, 0x8C, 0x8D, 0xBB, 0x2C,
    0x81, 0x94, 0xC3, 0xE8, 0x0A, 0x0D, 0xD9, 0x5E, 0x37, 0x11, 0x36, 0x30, 0x70, 0xDC, 0x47, 0xBF,
    0xBA, 0x95, 0x0D, 0x1D, 0xE9, 0x89, 0x87, 0x94, 0x48, 0xD1, 0xA2, 0xDD, 0xEE, 0xC5, 0xB0, 0x39,
    0x87, 0xC9, 0x83, 0xFE, 0xF5, 0x3A, 0xDA, 0x4B, 0x65, 0x6E, 0x84, 0x85, 0xEA, 0x65, 0x61, 0xDB,
    0x44, 0x70, 0x5F, 0x6A, 0x93, 0xD7, 0xE6, 0xE1, 0x10, 0xD5, 0xBF, 0x2F, 0x86, 0x27, 0x25, 0xFE,
    0x00, 0x98, 0xD4, 0xB2, 0xF2, 0xF8, 0x5F, 0x23, 0xE6, 0xCE, 0x83, 0x90, 0x0E, 0x0F, 0x98, 0xF0,
    0x8B, 0xE7, 0x1A, 0xD3, 0x5C, 0x72, 0xD1, 0x9C, 0x39, 0xFB, 0xCC, 0x95, 0xA7, 0xCB, 0xB5, 0x03,
    0x86, 0x8D, 0x33, 0x44, 0x82, 0xD1, 0x59, 0x93, 0x2D, 0xE8, 0xCC, 0xF1, 0x08, 0x16, 0x72, 0xE3,
    0xFC, 0x43, 0x72, 0x9D, 0x66, 0x0F, 0x93, 0x85, 0x07, 0x2D, 0xDA, 0xA8, 0xEB, 0xE7, 0x43, 0x25,
    0x41, 0xE8, 0xA3, 0xC3, 0x9A, 0x0C, 0xA0, 0x71, 0x2D, 0xF4, 0x5A, 0xB5, 0x64, 0xB9, 0x57, 0x88,
    0x48, 0x5D, 0x13, 0x47, 0x9C, 0xDE, 0xDE, 0xEF, 0xEB, 0xDC, 0x25, 0xD7, 0xDF, 0xDD, 0xAD, 0xC3,
    0x5D, 0x61, 0xAA, 0xE2, 0x17, 0x37, 0x47, 0xE9, 0xB9, 0x13, 0x35, 0x73, 0xC2, 0x07, 0x55, 0xC7,
    0x57, 0xD3, 0x3D, 0x4C, 0x5A, 0x69, 0xC0, 0xC4, 0x77, 0xCE, 0x7E, 0xE8, 0x44, 0xEF, 0x59, 0x9D,
    0x35, 0xF3, 0xA8, 0xA6, 0xA1, 0x47, 0xEF, 0x96, 0x5E, 0x09, 0x8A, 0x81, 0x60, 0xDA, 0xD2, 0xD1,
    0x82, 0xFE, 0x39, 0xDC, 0xF3, 0xE7, 0xEF, 0x4E, 0xCD, 0x35, 0xF4, 0x93, 0x0C, 0x37, 0x5F, 0x40,
    0x67, 0xF1, 0x73, 0x5D, 0x8C, 0x39, 0x7C, 0x0D, 0x1A, 0x21, 0xAD, 0x5E, 0x41, 0x06, 0x3F, 0x4B,
    0x8D, 0x33, 0x0D, 0xD9, 0xD9, 0x37, 0x43, 0x96, 0x6A, 0x21, 0xBD, 0x7E, 0x41, 0xBD, 0x68, 0x13,
    0x28, 0xC6, 0x76, 0xA3, 0x5A, 0x1A, 0xD6, 0xA3, 0xE1, 0x9A, 0xD7, 0xB7, 0x68, 0xD5, 0x82, 0x3B,
    0x1C, 0xB4, 0xE0, 0x1F, 0xEC, 0xA3, 0x5D, 0xD8, 0xF4, 0x0F, 0x36, 0xD1, 0x86, 0x4D, 0xFF, 0xBD,
    0x2D, 0xC9, 0x4D, 0xB5, 0x83, 0x1A, 0x42, 0xDD, 0xAC, 0x63, 0x14, 0xCA, 0xA5, 0x31, 0x20, 0xD8,
    0xAF, 0x15, 0x79, 0x07, 0xFC, 0x41, 0xFF, 0x28, 0x2B, 0xA5, 0x3B, 0x94, 0x6A, 0xC3, 0x28, 0x42,
    0xE1, 0xEA, 0x11, 0x84, 0xDB, 0xDA, 0x64, 0x73, 0x7F, 0xD1, 0xE6, 0x57, 0x4D, 0x08, 0xEE, 0x7C,
    0x8F, 0x3B, 0xB4, 0x04, 0xFC, 0x01, 0x0F, 0x7C, 0x51, 0x48, 0x89, 0xB0, 0xEC, 0x24, 0x84, 0x9B,
    0x80, 0xDC, 0x3F, 0x65, 0x2B, 0x7C, 0xAF, 0x07, 0xBC, 0x77, 0xB2, 0xE8, 0xC0, 0xC1, 0xB0, 0x6C,
    0x7C, 0x4B, 0x4C, 0x43, 0xD2, 0x57, 0x07, 0x65, 0x26, 0x87, 0x2E, 0x45, 0x5F, 0x67, 0xF1, 0x4D,
    0x71, 0xB3, 0x11, 0x17, 0x7F, 0xCA, 0x10, 0x1D, 0x6E, 0x84, 0xC5, 0x22, 0x87, 0x88, 0x2C, 0xD3,
    0xCF, 0xD4, 0xD0, 0x1A, 0x75, 0x65, 0x85, 0xED, 0x75, 0x82, 0xF4, 0x68, 0xA3, 0x4A, 0xB6, 0xC6,
    0x00, 0x59, 0x92, 0x56, 0xB8, 0x72, 0xB9, 0xC3, 0x95, 0xBA, 0xC4, 0x95, 0x36, 0xFE, 0x04, 0x57,
    0x7C, 0xE6, 0x8F, 0x18, 0x28, 0x51, 0x44, 0x23, 0xDB, 0x16, 0x4B, 0x72, 0x90, 0xC2, 0x26, 0x55,
    0xD0, 0x38, 0xB9, 0x34, 0x5A, 0xAE, 0xB4, 0xC1, 0x09, 0x3C, 0x72, 0xBB, 0xF4, 0x6D, 0xD9, 0x87,
    0x43, 0x5A, 0xCC, 0xC8, 0x1A, 0x8C, 0x63, 0x0D, 0x39, 0x58, 0x43, 0xA3, 0xAC, 0x21, 0x06, 0x6B,
    0x18, 0xFF, 0xB2, 0x89, 0xE6, 0x3E, 0x67, 0x63, 0x05, 0xCC, 0xB1, 0xC1, 0x26, 0x10, 0x3C, 0xC9,
    0xD6, 0x80, 0xBF, 0x7C, 0x80, 0x81, 0x53, 0x93, 0xC1, 0xBA, 0x1F, 0xB5, 0xAB, 0x12, 0x34, 0x23,
    0xAE, 0x74, 0xE9, 0x87, 0x95, 0xAC, 0x07, 0xE0, 0x46, 0xA9, 0x94, 0xB8, 0x52, 0x21, 0xB7, 0x83,
    0x86, 0x10, 0x89, 0xD2, 0x54, 0x21, 0x5A, 0x09, 0xFB, 0xAD, 0xF4, 0x87, 0x98, 0xE9, 0xAA, 0x4C,
    0xA3, 0x1F, 0xD6, 0xA1, 0xBD, 0x7E, 0x6E, 0xF3, 0x5B, 0xA9, 0xB8, 0x07, 0xE2, 0x9D, 0x83, 0xB8,
    0xBF, 0x51, 0x00, 0xF2, 0xF5, 0xDC, 0x32, 0xE9, 0x5F, 0xF8, 0x21, 0x97, 0x57, 0x8A, 0xE0, 0x04,
    0xED, 0x17, 0xAB, 0x41, 0xE0, 0x7F, 0xCB, 0x04, 0x06, 0xC6, 0x2A, 0x16, 0xAD, 0xA3, 0xE0, 0x56,
    0xA9, 0xF8, 0x5F, 0x76, 0x71, 0x21, 0x5B, 0x25, 0xEC, 0xB7, 0x1A, 0xD7, 0xB8, 0xF2, 0xEC, 0x80,
    0x2B, 0x95, 0x59, 0x43, 0x60, 0x45, 0x40, 0xB4, 0x2D, 0x98, 0x01, 0xAA, 0x93, 0x2F, 0x66, 0xC1,
    0x40, 0x18, 0x60, 0x3D, 0xD5, 0x69, 0xDA, 0x09, 0x88, 0xBC, 0xDD, 0x2A, 0x4B, 0x33, 0xAA, 0x56,
    0x79, 0xA4, 0x4D, 0xBF, 0xB6, 0x45, 0xFE, 0x7E, 0x1F, 0x35, 0x69, 0x01, 0x66, 0xAD, 0x6C, 0x28,
    0x04, 0x1B, 0xDA, 0x70, 0x6C, 0x68, 0xC4, 0x5E, 0x3E, 0x06, 0x3B, 0x83, 0xA9, 0xDE, 0x87, 0xB1,
    0xE6, 0xB9, 0x2D, 0x02, 0x5B, 0xE7, 0x05, 0xFA, 0x24, 0xB0, 0x6B, 0x14, 0x38, 0x9F, 0x7C, 0x84,
    0x8C, 0x24, 0x43, 0x9C, 0x8E, 0x6E, 0x3C, 0x44, 0x5E, 0xA2, 0xE5, 0x15, 0x09, 0xD2, 0x29, 0x3B,
    0xD1, 0x78, 0x2F, 0x91, 0x9E, 0x00, 0x67, 0x4D, 0x1D, 0x0E, 0xAF, 0x98, 0xB0, 0x21, 0x23, 0xCD,
    0x30, 0xA3, 0xCA, 0x1A, 0x66, 0x9D, 0x45, 0x73, 0xDB, 0x40, 0x9B, 0xB4, 0xD8, 0x86, 0x26, 0xAE,
    0x65, 0x6B, 0x37, 0xBC, 0x9E, 0xA8, 0x5C, 0x19, 0xE8, 0xF2, 0x5E, 0x3F, 0x51, 0xAC, 0x41, 0x9E,
    0xBA, 0x24, 0x06, 0xC5, 0x95, 0x2E, 0xFB, 0x83, 0x13, 0x0A, 0xAF, 0x6C, 0x24, 0xDC, 0xC9, 0x21,
    0x2F, 0xE8, 0x49, 0x7C, 0x9F, 0x43, 0x6E, 0x7D, 0xD6, 0x83, 0xB7, 0x00, 0x2B, 0xCA, 0x12, 0x2A,
    0xA0, 0xA2, 0xC4, 0xB7, 0xD0, 0x4B, 0x7F, 0x85, 0xF4, 0x1D, 0x70, 0x62, 0x24, 0x75, 0x04, 0x82,
    0xC0, 0x5C, 0xD7, 0x59, 0xE0, 0xBB, 0xBD, 0x29, 0xEB, 0x42, 0x2B, 0x88, 0x20, 0x4E, 0xDE, 0x6A,
    0x92, 0x02, 0xED, 0x6E, 0xFA, 0x7A, 0x13, 0x7D, 0xD6, 0xFA, 0xFD, 0x20, 0xA3, 0x61, 0x71, 0x48,
    0x2F, 0xD3, 0x7A, 0xE7, 0x2B, 0x9F, 0x10, 0xA6, 0x13, 0x8A, 0xE6, 0x8F, 0x4C, 0x28, 0xE4, 0x08,
    0xA1, 0xFD, 0x6C, 0x0F, 0xFB, 0x98, 0x82, 0x04, 0x17, 0xFB, 0x9F, 0xA3, 0x10, 0xA7, 0xBF, 0xAC,
    0x91, 0x91, 0xD8, 0xDF, 0x1C, 0xDB, 0x99, 0x93, 0x64, 0x82, 0x52, 0xA7, 0x1F, 0x41, 0xEF, 0x1A,
    0xD4, 0x1B, 0xBD, 0x08, 0x82, 0x74, 0x3C, 0x0F, 0xC4, 0x22, 0xC5, 0x43, 0x87, 0x16, 0x4B, 0xE3,
    0xD7, 0x88, 0xE8, 0x66, 0xBF, 0xE9, 0xC9, 0xC2, 0xFF, 0x46, 0x08, 0xC2, 0x50, 0xD1, 0x6F, 0x7A,
    0x6A, 0x36, 0x83, 0x66, 0xCF, 0x57, 0xF1, 0x07, 0x6D, 0xD4, 0xD0, 0x93, 0x37, 0x5A, 0xF0, 0x6C,
    0x6E, 0xC9, 0x27, 0x47, 0x99, 0x03, 0x81, 0xE0, 0xB4, 0x8B, 0x71, 0xB1, 0xD8, 0x3B, 0x16, 0x6A,
    0x34, 0x9F, 0x44, 0xAD, 0x74, 0x0D, 0x97, 0xB9, 0x4C, 0xAB, 0xE1, 0x93, 0x54, 0x45, 0x2D, 0x65,
    0xAE, 0xC0, 0x6C, 0x1D, 0xFE, 0x28, 0x23, 0x2A, 0x07, 0xE6, 0x33, 0xA8, 0xDD, 0x78, 0xA7, 0xD3,
    0xCE, 0x6B, 0x4F, 0xAA, 0x84, 0xE4, 0x72, 0x07, 0x01, 0x8E, 0xCE, 0x20, 0x22, 0xBD, 0x5D, 0xB4,
    0x1A, 0x0D, 0x31, 0x3F, 0x2D, 0xF8, 0x63, 0x84, 0x87, 0xC9, 0xDC, 0xFC, 0x09, 0xE6, 0xC8, 0xC0,
    0x9F, 0x6E, 0xD0, 0x02, 0x6C, 0x95, 0xEC, 0x6B, 0x16, 0x19, 0xBD, 0x03, 0x52, 0xBB, 0x4E, 0xF8,
    0x6A, 0x82, 0xAA, 0xD4, 0xA1, 0x3F, 0x75, 0xAA, 0x2E, 0x04, 0xD4, 0x2A, 0x22, 0x3C, 0xA6, 0x45,
    0x1B, 0x91, 0xEF, 0x58, 0x8E, 0x0B, 0xCD, 0xA9, 0x26, 0x26, 0xB4, 0x1F, 0xE5, 0x9B, 0x52, 0xF1,
    0x0C, 0xB5, 0xE4, 0x34, 0x74, 0x1C, 0xE5, 0x51, 0x6A, 0x59, 0xFB, 0x5C, 0x73, 0x64, 0xCE, 0xCF,
    0xCF, 0x73, 0xB6, 0x91, 0x36, 0x49, 0x13, 0x7E, 0xF1, 0xE5, 0x17, 0xCD, 0xA5, 0x60, 0x84, 0xA9,
    0xE2, 0xD6, 0x40, 0xA9, 0xCB, 0x2D, 0xA8, 0x08, 0x32, 0x39, 0xB8, 0x9B, 0x81, 0x6A, 0xB9, 0xF0,
    0x7D, 0x68, 0x0C, 0x06, 0xAF, 0x19, 0xF3, 0xF1, 0x25, 0xAC, 0xA2, 0x86, 0x7C, 0x6C, 0x1A, 0x1B,
    0x04, 0xFD, 0x54, 0x83, 0x56, 0x0E, 0x75, 0x0A, 0xD8, 0x85, 0x79, 0x93, 0x84, 0x97, 0xF1, 0x07,
    0x90, 0x63, 0x97, 0x88, 0x5D, 0xC2, 0x99, 0x35, 0x90, 0x98, 0x97, 0xE3, 0x0F, 0x61, 0x14, 0x04,
    0x13, 0xF6, 0x40, 0x40, 0x66, 0xB6, 0xE3, 0x07, 0x62, 0x3B, 0xAF, 0xCC, 0x92, 0x9B, 0xD8, 0x7A,
    0x5E, 0x51, 0x0C, 0x50, 0x37, 0x24, 0x88, 0x3A, 0x01, 0x47, 0xEE, 0x74, 0xA9, 0x1D, 0x50, 0xCD,
    0xD4, 0xFC, 0xDF, 0x28, 0x5C, 0xCA, 0xE4, 0x60, 0x8E, 0x9B, 0x12, 0xEC, 0xE6, 0x64, 0xBC, 0xA5,
    0xCB, 0x4A, 0x76, 0xCD, 0x51, 0x83, 0x1B, 0xB6, 0x23, 0x36, 0x93, 0x00, 0xFE, 0x21, 0xCF, 0x60,
    0xCD, 0x81, 0x33, 0x16, 0x10, 0x83, 0x6C, 0x83, 0x92, 0xA9, 0xAA, 0xC9, 0x8E, 0x74, 0xDE, 0xFC,
    0x39, 0xDB, 0x86, 0xC3, 0xC2, 0x7E, 0xC4, 0xF5, 0xC0, 0x12, 0x8A, 0x8E, 0x8A, 0x45, 0xAB, 0xB3,
    0x57, 0x82, 0x95, 0x22, 0xFF, 0xCA, 0x8F, 0x0A, 0x96, 0x8E, 0x71, 0x9F, 0xE6, 0x1D, 0xB0, 0x2A,
    0xFE, 0xDA, 0xD8, 0x5F, 0x86, 0xF4, 0x8F, 0x83, 0xAC, 0x42, 0xDB, 0xF5, 0xA7, 0x34, 0x55, 0x1B,
    0x90, 0xA7, 0xF8, 0x79, 0xC4, 0x61, 0xDE, 0x4C, 0xC6, 0x3C, 0xE8, 0xE3, 0xEF, 0xCB, 0x2E, 0xFC,
    0x66, 0x45, 0xBA, 0x8E, 0x20, 0xA3, 0x73, 0xEA, 0x3F, 0xC5, 0x80, 0xCE, 0xBD, 0xAC, 0x89, 0xB9,
    0x2B, 0x88, 0xEB, 0x0B, 0xD0, 0x72, 0x53, 0xCC, 0xBF, 0x77, 0x10, 0x83, 0x9E, 0x36, 0xC6, 0x9E,
    0x1F, 0x0F, 0x88, 0x65, 0xA3, 0x68, 0xF7, 0xE5, 0x13, 0xCE, 0x4B, 0x3E, 0x31, 0x38, 0xD5, 0x80,
    0x9F, 0x82, 0xF2, 0xAD, 0x60, 0x6D, 0x8E, 0x56, 0xD6, 0x74, 0xD6, 0xF5, 0x80, 0xAE, 0xA8, 0xFD,
    0x9B, 0xCB, 0x8C, 0xB4, 0xF1, 0xBE, 0xEA, 0x82, 0xBA, 0x05, 0xA2, 0x63, 0xEF, 0x1E, 0xC1, 0x01,
    0xD0, 0xD4, 0xFC, 0x28, 0x6C, 0x57, 0xC2, 0x66, 0xF5, 0xF9, 0x22, 0x22, 0xFD, 0x00, 0xA0, 0x7A,
    0xC0, 0x91, 0xE4, 0x24, 0xAC, 0xB5, 0xBC, 0xAF, 0xC9, 0xDA, 0xAE, 0xC4, 0x9F, 0xA3, 0x25, 0x10,
    0xF4, 0xD2, 0x01, 0xEA, 0xD0, 0x83, 0x7C, 0x90, 0xC2, 0x39, 0x00, 0x27, 0x07, 0x52, 0xF2, 0xE9,
    0x0E, 0xB9, 0x63, 0x7D, 0x11, 0xAC, 0xA9, 0x91, 0x21, 0x46, 0x07, 0x68, 0xDE, 0x18, 0xE5, 0x88,
    0xCE, 0xC6, 0x5B, 0x8E, 0xBB, 0x56, 0xD6, 0xA5, 0x3D, 0xF6, 0xA7, 0x6A, 0xB1, 0x64, 0x37, 0x65,
    0x7E, 0x8E, 0x3D, 0x11, 0xF8, 0xC3, 0x32, 0x82, 0xE1, 0x74, 0xDC, 0xBA, 0xDE, 0x82, 0xB3, 0x15,
    0x50, 0x04, 0x6C, 0x1E, 0xF2, 0xC7, 0xB0, 0x08, 0xBA, 0x93, 0x30, 0x6B, 0x87, 0x76, 0x7A, 0xF7,
    0x7C, 0xED, 0x11, 0x4B, 0x1F, 0x99, 0xA8, 0xD3, 0xB2, 0x56, 0x52, 0x6F, 0xBE, 0x3F, 0xC1, 0x0C,
    0x3F, 0xA9, 0x57, 0x62, 0x94, 0x5E, 0x48, 0x05, 0x9A, 0x93, 0xDA, 0xF4, 0x10, 0xDA, 0x25, 0x97,
    0x6F, 0xF6, 0xC4, 0x01, 0x6D, 0xA7, 0x50, 0xB8, 0x12, 0x3E, 0xBA, 0xD1, 0xBE, 0xA5, 0x5A, 0x76,
    0x13, 0x7E, 0xDA, 0x39, 0x5F, 0xC4, 0xAE, 0x4D, 0x7A, 0x85, 0xC6, 0x00, 0xB5, 0xE1, 0x30, 0xFF,
    0x34, 0xDD, 0xA2, 0x53, 0x11, 0xCE, 0x75, 0xA8, 0x9E, 0xFA, 0x25, 0xA9, 0x8F, 0xC1, 0xEB, 0xD4,
    0x8F, 0x8E, 0xA1, 0x3D, 0x96, 0x68, 0xAD, 0x8B, 0xD3, 0xE0, 0x30, 0x9B, 0x9E, 0x65, 0x70, 0x70,
    0xB8, 0x96, 0xC5, 0x3F, 0x53, 0xA6, 0x02, 0x75, 0xD1, 0x86, 0xD2, 0x03, 0x71, 0xB3, 0x74, 0x6A,
    0x08, 0xEA, 0x0D, 0xD9, 0x5D, 0x15, 0xDA, 0x24, 0xB5, 0xD6, 0xAE, 0x86, 0xED, 0xEA, 0x72, 0xD4,
    0x9C, 0xB8, 0xC8, 0x09, 0x38, 0x19, 0x32, 0x41, 0x81, 0x05, 0x1D, 0x61, 0xA5, 0x85, 0x9F, 0x2B,
    0xEE, 0xB5, 0x59, 0xF9, 0xC1, 0x33, 0x90, 0x98, 0x72, 0x5F, 0x9E, 0xDE, 0xF3, 0x61, 0xCE, 0x49,
    0x15, 0xEB, 0x5E, 0x3F, 0x67, 0x01, 0x6F, 0x7D, 0x3B, 0x3E, 0xDD, 0x10, 0xAC, 0xF6, 0xFB, 0xE9,
    0x44, 0xFB, 0x69, 0x60, 0x64, 0x0B, 0xEE, 0xF6, 0x32, 0xA9, 0x68, 0x22, 0x7E, 0x33, 0xDD, 0x76,
    0x8C, 0xCF, 0x70, 0x5E, 0x2F, 0xF4, 0x61, 0xC8, 0x42, 0x22, 0x7D, 0x6F, 0x25, 0xE1, 0xB2, 0xA8,
    0x80, 0xEF, 0xFE, 0xAE, 0x09, 0x7E, 0xCD, 0x29, 0xBE, 0xED, 0xA0, 0x55, 0xB2, 0x38, 0xBE, 0xF0,
    0xBA, 0xA9, 0x85, 0x28, 0xB7, 0x04, 0x6E, 0xFB, 0xBF, 0x24, 0xC6, 0x1C, 0xB1, 0x9B, 0x7B, 0x24,
    0x6E, 0xDC, 0x23, 0x71, 0x7F, 0xFB, 0x47, 0xF6, 0xB7, 0x5F, 0xDA, 0x57, 0x87, 0x69, 0x9C, 0x30,
    0x6D, 0x5F, 0xFC, 0x9B, 0x7F, 0x2D, 0xDE, 0x0D, 0x04, 0xDF, 0xA1, 0x21, 0x8D, 0xEB, 0x9F, 0xC0,
    0x54, 0xE6, 0xC8, 0x5C, 0x08, 0x5E, 0x66, 0xCF, 0x4F, 0x18, 0xDF, 0xE2, 0x43, 0x56, 0x14, 0x1E,
    0x51, 0x5E, 0x42, 0x12, 0x4E, 0x48, 0x39, 0xC9, 0x51, 0x40, 0x0D, 0x43, 0x2E, 0xF3, 0x19, 0x4F,
    0x15, 0xB6, 0xD8, 0x6D, 0x7A, 0x7D, 0x5B, 0xD3, 0xCB, 0xBD, 0x66, 0x8F, 0xC8, 0xDF, 0x96, 0x0B,
    0x5D, 0xF9, 0xD3, 0xA0, 0x22, 0x25, 0x98, 0x12, 0xA8, 0xC0, 0xF6, 0xC2, 0x0C, 0xC9, 0x10, 0xC2,
    0x41, 0x56, 0x82, 0x36, 0xAD, 0xD2, 0x5B, 0xF3, 0xAB, 0xE5, 0x6B, 0xE0, 0xC4, 0xE4, 0x0F, 0xF7,
    0x92, 0x93, 0xC8, 0x36, 0x66, 0x44, 0x5D, 0xDA, 0x20, 0x0E, 0xF0, 0xB1, 0xD0, 0x3A, 0x07, 0x3B,
    0xD4, 0xB0, 0xE7, 0x2C, 0x82, 0x64, 0x8A, 0x18, 0x96, 0x70, 0x36, 0x41, 0x7A, 0xB5, 0x42, 0x0D,
    0xF9, 0x78, 0x67, 0x8B, 0x93, 0x4F, 0xF1, 0xC7, 0x73, 0xB5, 0xC6, 0xFB, 0xD4, 0xC8, 0x2F, 0xA0,
    0xB4, 0x0F, 0xB5, 0x8E, 0x80, 0x38, 0x81, 0x35, 0x71, 0x60, 0xB0, 0x37, 0x71, 0x83, 0x46, 0x19,
    0x39, 0x5D, 0x6D, 0xFC, 0xC1, 0x9F, 0xDB, 0xDF, 0x45, 0x3D, 0x4A, 0xF5, 0x83, 0xF2, 0x57, 0x22,
    0x57, 0x1F, 0x86, 0x3A, 0x68, 0xA9, 0x14, 0x29, 0xB4, 0xA2, 0xDD, 0x77, 0x1D, 0x9F, 0x94, 0xCA,
    0xAB, 0x10, 0x01, 0x51, 0x76, 0xF0, 0x38, 0xE5, 0x5B, 0x58, 0x50, 0x2B, 0xCF, 0xA3, 0x80, 0x5F,
    0xFF, 0x3D, 0xA8, 0xF9, 0xCC, 0x93, 0xD8, 0xF1, 0x07, 0x85, 0xE6, 0xE3, 0x9F, 0x49, 0x5F, 0x71,
    0x1D, 0x5E, 0xF0, 0x49, 0x26, 0x2F, 0x3F, 0x23, 0x51, 0x90, 0xC9, 0x85, 0xAB, 0x12, 0x0C, 0xDF,
    0xC1, 0xC2, 0xB2, 0x8C, 0xAC, 0x49, 0xFE, 0x0B, 0xD1, 0xD7, 0xCD, 0x90, 0x21, 0x27, 0xFF, 0x1C,
    0xE1, 0xD9, 0x01, 0x38, 0xE6, 0x69, 0x25, 0x23, 0xEF, 0x73, 0x12, 0x1E, 0x86, 0x52, 0x1E, 0xD4,
    0x14, 0x0E, 0x89, 0xA8, 0x24, 0x75, 0xA4, 0x81, 0x61, 0x9C, 0x41, 0x4B, 0xA4, 0x3B, 0xC9, 0x91,
    0x49, 0x79, 0xB7, 0x52, 0x55, 0xEF, 0x9B, 0x42, 0x3F, 0x10, 0xAD, 0xEE, 0xFA, 0x68, 0x5F, 0x62,
    0x3A, 0xC8, 0x7E, 0x07, 0x9F, 0x3F, 0xE1, 0x78, 0x06, 0x7C, 0x7C, 0xCC, 0x7D, 0x3D, 0xC0, 0xDB,
    0x1B, 0x73, 0x6B, 0xA1, 0x85, 0xFB, 0xD7, 0xB4, 0x8B, 0x8A, 0x0E, 0x7F, 0xE7, 0xC2, 0xC2, 0x0F,
    0xF1, 0x3C, 0xAD, 0xA3, 0x96, 0xCD, 0x4C, 0x8C, 0x6A, 0x06, 0xAE, 0x89, 0x26, 0x15, 0xC2, 0xDA,
    0xB8, 0x88, 0xEB, 0xB2, 0xE3, 0x83, 0xC1, 0xAF, 0xBA, 0x55, 0x89, 0x7F, 0x75, 0xA7, 0xDF, 0x42,
    0x4F, 0xFD, 0x71, 0x8F, 0x7E, 0xF0, 0xD6, 0x7B, 0x77, 0x5B, 0x16, 0x08, 0x00, 0x0F, 0x90, 0x13,
    0x85, 0x05, 0x65, 0x08, 0x85, 0x00, 0x08, 0x6A, 0x95, 0xBF, 0x60, 0x6F, 0x01, 0x03, 0x45, 0x1C,
    0x6E, 0xB1, 0xCA, 0xC9, 0xC9, 0xD5, 0xE9, 0x51, 0x16, 0x5F, 0x2F, 0xC9, 0x0B, 0xD1, 0x47, 0xD8,
    0x19, 0x9A, 0x16, 0x53, 0xAC, 0xC7, 0xEF, 0x59, 0xAF, 0x35, 0x31, 0xEA, 0xED, 0xF0, 0xCF, 0xED,
    0x45, 0xFF, 0xF7, 0xBF, 0xFC, 0xA0, 0x8A, 0xFE, 0xC7, 0xA0, 0xDA, 0xB4, 0xF3, 0x5A, 0xF2, 0x67,
    0xC9, 0xBC, 0xC1, 0x3C, 0xC2, 0x2A, 0x9D, 0xF6, 0xA4, 0x35, 0x8A, 0x83, 0xFB, 0x85, 0xB9, 0x7D,
    0x6C, 0x3F, 0xB6, 0x1D, 0xDB, 0x17, 0x34, 0x30, 0x8D, 0x47, 0xDF, 0x99, 0x67, 0xA1, 0xE3, 0xA7,
    0x1C, 0xC5, 0x76, 0xEE, 0x8B, 0x2F, 0xC4, 0x7C, 0x35, 0x49, 0xEE, 0x08, 0x82, 0x62, 0xAC, 0x3E,
    0xF2, 0x54, 0x2A, 0xA2, 0xE5, 0x52, 0x61, 0x97, 0xC3, 0xB7, 0x2B, 0x60, 0x9B, 0x99, 0xAB, 0xA0,
    0x49, 0x11, 0x6D, 0xA6, 0x1D, 0x36, 0x67, 0x38, 0x1E, 0x40, 0xDF, 0xEE, 0x77, 0xC8, 0xAE, 0x8D,
    0x15, 0xF7, 0xEC, 0x4B, 0x1F, 0x9C, 0xB3, 0xB6, 0xF2, 0xFB, 0x22, 0x61, 0xEB, 0xBA, 0x57, 0x6D,
    0x8D, 0xF1, 0xA1, 0x0B, 0x38, 0xD0, 0x76, 0xB9, 0xBE, 0x4B, 0x4E, 0xA0, 0x65, 0x07, 0x65, 0x86,
    0x6D, 0xB6, 0x0E, 0x7F, 0x47, 0xE7, 0xFE, 0xE8, 0xAE, 0xD9, 0xBD, 0x3A, 0xCD, 0x5E, 0x78, 0x1C,
    0xFA, 0x3A, 0x88, 0x1D, 0x65, 0xF7, 0x8C, 0x45, 0x0C, 0x96, 0x68, 0xAA, 0x73, 0x16, 0xF9, 0x6C,
    0xAA, 0x2A, 0x3C, 0x2A, 0xF7, 0xF4, 0x28, 0xDD, 0xAB, 0x71, 0x75, 0x98, 0xC5, 0x75, 0x50, 0x03,
    0x1F, 0xDA, 0x78, 0xE7, 0xCC, 0x56, 0x68, 0xF5, 0x19, 0xF9, 0x83, 0xEE, 0x11, 0x4D, 0xA9, 0x74,
    0xD5, 0x7D, 0x29, 0x44, 0x66, 0x71, 0x91, 0xDB, 0x2E, 0x5E, 0xDA, 0x96, 0x0E, 0x7C, 0xE9, 0x72,
    0xAD, 0x7B, 0x87, 0x16, 0xF1, 0xAB, 0xB5, 0xDF, 0xA6, 0x32, 0x2B, 0x1A, 0x70, 0xC7, 0xE0, 0xE3,
    0xF9, 0xD4, 0xD2, 0xC5, 0xD3, 0x38, 0xE8, 0xDE, 0xC7, 0xBD, 0x91, 0xB5, 0x5D, 0xF0, 0xF9, 0x59,
    0xB2, 0x91, 0x41, 0x2E, 0x72, 0x57, 0x3C, 0xF4, 0x61, 0xD0, 0x7C, 0xCA, 0x89, 0x72, 0x3A, 0xB4,
    0xE0, 0x66, 0x47, 0xF9, 0x5D, 0x9B, 0xCC, 0x14, 0xE0, 0x71, 0xD7, 0x5F, 0xE4, 0xC3, 0x4C, 0xCE,
    0x5E, 0xDD, 0x83, 0x2D, 0x7F, 0x7F, 0xA0, 0x19, 0x35, 0x3D, 0x54, 0xCF, 0xDA, 0x7F, 0xA8, 0xE3,
    0xAC, 0x93, 0x6B, 0x2B, 0xFA, 0x35, 0x19, 0x12, 0x94, 0xFE, 0x84, 0xA4, 0x7E, 0x1B, 0xFD, 0xF6,
    0x51, 0x18, 0xA6, 0x5A, 0x01, 0x36, 0xEA, 0x63, 0xA1, 0x1A, 0xF1, 0xB4, 0xB2, 0xA2, 0x7D, 0xAB,
    0x13, 0x7B, 0x3F, 0x95, 0x5B, 0x0E, 0x2B, 0xEF, 0x4E, 0xAB, 0xD1, 0x95, 0x7F, 0x07, 0xE5, 0xB4,
    0x8F, 0x4F, 0x20, 0x6E, 0xF5, 0x92, 0x68, 0x6A, 0x0D, 0x2E, 0xD4, 0xE8, 0x10, 0x06, 0xC2, 0xDE,
    0x41, 0xEE, 0x1D, 0xB9, 0xAF, 0x31, 0xB8, 0x67, 0xB4, 0xD3, 0xA1, 0xB4, 0x65, 0x22, 0x10, 0x10,
    0xF5, 0x93, 0x2D, 0x1D, 0x47, 0x6B, 0x2C, 0xFD, 0x2F, 0xBD, 0x5A, 0xBF, 0x93, 0xDD, 0xD6, 0x75,
    0xBE, 0x17, 0xA0, 0xF6, 0x3A, 0x42, 0x2C, 0x28, 0x33, 0x4A, 0x32, 0x32, 0x25, 0xE2, 0x0F, 0x10,
    0xB9, 0x68, 0x3C, 0x1E, 0x16, 0xFB, 0x16, 0xA0, 0x58, 0x30, 0x33, 0x29, 0xA8, 0xC2, 0x1B, 0x16,
    0x2C, 0xD6, 0x45, 0x8A, 0x4C, 0x52, 0x6C, 0x0A, 0x15, 0x9C, 0xC9, 0xF2, 0x01, 0x34, 0x0B, 0x17,
    0x2C, 0xBC, 0x9E, 0x89, 0xC7, 0x85, 0x8A, 0x68, 0x26, 0x2A, 0xDC, 0x64, 0xC4, 0x62, 0x8B, 0x2D,
    0xF6, 0x3D, 0x40, 0xE2, 0x4C, 0x54, 0x70, 0x26, 0x86, 0x9C, 0x50, 0x2A, 0xD8, 0x5C, 0xD1, 0x2B,
    0x65, 0x12, 0x15, 0x02, 0x65, 0xD0, 0xC1, 0x23, 0x01, 0x5C, 0x7F, 0xDF, 0xBD, 0x78, 0xCB, 0x25,
    0xE9, 0x22, 0x94, 0xD7, 0x7E, 0xDC, 0x7D, 0xFB, 0xF0, 0x00, 0xDC, 0x7B, 0x7E, 0x7C, 0xE7, 0x9C,
    0xEF, 0x1C, 0x50, 0x08, 0x21, 0xF6, 0xF1, 0x2B, 0x8A, 0x12, 0x6F, 0x49, 0x8D, 0xB7, 0xA0, 0xE3,
    0x71, 0x24, 0x64, 0xA1, 0x55, 0xAE, 0x1E, 0x64, 0xD7, 0xCB, 0x40, 0xFB, 0x0B, 0x1D, 0xD4, 0x22,
    0xD1, 0xAA, 0x16, 0x61, 0xED, 0xB7, 0xC2, 0xEB, 0x44, 0x8F, 0x7B, 0xF0, 0x4F, 0xC4, 0x65, 0x5C,
    0x8A, 0x50, 0x87, 0x5A, 0xF8, 0x0D, 0xBE, 0xC6, 0x0F, 0xBE, 0xEC, 0x45, 0x58, 0xE1, 0xAF, 0xB4,
    0x07, 0xD1, 0x9D, 0x81, 0x1B, 0x34, 0xC2, 0xBE, 0xFE, 0x4E, 0xF0, 0x74, 0x7C, 0x30, 0xC8, 0xC5,
    0xEC, 0x75, 0xA5, 0x93, 0xB5, 0xB0, 0x8C, 0x9B, 0x38, 0x8F, 0xCB, 0x44, 0xC4, 0x79, 0x22, 0x92,
    0x14, 0xBF, 0xF8, 0x37, 0xC7, 0xA7, 0x4E, 0x84, 0x9F, 0xD6, 0xC2, 0x1B, 0x52, 0x7B, 0xE3, 0x94,
    0x6F, 0x89, 0xC6, 0x5B, 0x48, 0x09, 0x7D, 0xC3, 0x63, 0x95, 0xE3, 0xCD, 0xBB, 0x6B, 0x74, 0xD2,
    0xD5, 0x49, 0x2E, 0xDB, 0x9B, 0xD8, 0x77, 0x72, 0xD3, 0xAF, 0x45, 0xB4, 0x83, 0xCD, 0x83, 0x5C,
    0x64, 0xC2, 0xAF, 0xB0, 0xB0, 0xA8, 0x29, 0xD1, 0x9A, 0xE0, 0x19, 0xE1, 0xCE, 0xCC, 0x0F, 0xCF,
    0x04, 0x5A, 0xEC, 0xF1, 0xCB, 0x6D, 0x68, 0x73, 0x07, 0xD6, 0x90, 0xC5, 0x81, 0x93, 0x35, 0xC2,
    0xCE, 0x3E, 0x37, 0x8B, 0x69, 0x9D, 0xB5, 0x37, 0xEA, 0xF0, 0x17, 0xB2, 0x10, 0xA6, 0x54, 0x3A,
    0xAA, 0xC4, 0xCC, 0x6B, 0x44, 0x08, 0xA9, 0x45, 0xC7, 0x45, 0x21, 0xBA, 0xD7, 0x28, 0x2D, 0xE2,
    0x74, 0x86, 0x4D, 0x70, 0x7D, 0xFC, 0xD5, 0x70, 0x53, 0x14, 0x3F, 0x6A, 0xDD, 0x4A, 0x62, 0xCD,
    0x4A, 0x4A, 0x6B, 0x6F, 0x8F, 0xDF, 0x98, 0xD2, 0xFD, 0xF5, 0x3A, 0xF1, 0xEC, 0x2B, 0x36, 0x0F,
    0x71, 0x85, 0x31, 0x22, 0xFC, 0xBC, 0xC8, 0xD5, 0x9D, 0xCB, 0x2D, 0xCC, 0x11, 0x97, 0xAB, 0x22,
    0xC9, 0x45, 0x87, 0x8F, 0xF4, 0x01, 0x7C, 0x01, 0xE3, 0x26, 0xD8, 0x29, 0x97, 0xD6, 0xEE, 0xD0,
    0x08, 0xDF, 0x61, 0x6B, 0xBF, 0xC1, 0xBB, 0x84, 0x83, 0xC2, 0x12, 0xDF, 0x41, 0x54, 0x5A, 0xA1,
    0x11, 0xF0, 0x82, 0xD7, 0x8A, 0xA8, 0x84, 0xAB, 0x44, 0x50, 0xC1, 0x09, 0x46, 0x9C, 0xC5, 0x5A,
    0x01, 0x5C, 0x2B, 0x35, 0x96, 0x9D, 0x63, 0xBD, 0x20, 0x0F, 0xEE, 0x6F, 0x55, 0x6A, 0xB1, 0x71,
    0x55, 0x1A, 0xA3, 0x45, 0x62, 0x4C, 0xED, 0x04, 0x0A, 0xF2, 0x26, 0x30, 0x43, 0x2E, 0xC2, 0x8B,
    0xA9, 0xBF, 0xD8, 0xD2, 0x22, 0x82, 0xF2, 0x15, 0x31, 0x91, 0xC2, 0x59, 0x30, 0xAD, 0x48, 0x21,
    0x44, 0x5C, 0x16, 0x17, 0x80, 0x16, 0x91, 0x85, 0x66, 0xB0, 0x62, 0xED, 0xBE, 0x51, 0x63, 0x9F,
    0xE0, 0xEB, 0x3A, 0xA6, 0xE5, 0xE3, 0xEB, 0x1F, 0xC2, 0x52, 0x25, 0xDD, 0xEF, 0x84, 0x95, 0xF0,
    0x6E, 0x83, 0x25, 0x22, 0x55, 0x86, 0x95, 0xD7, 0xCA, 0x26, 0x4A, 0x89, 0x82, 0xE8, 0xBD, 0xD3,
    0x5E, 0x77, 0xB9, 0x81, 0xFE, 0x3A, 0x33, 0xAD, 0x08, 0x3E, 0xEC, 0x8F, 0x58, 0xE6, 0xA4, 0x15,
    0x48, 0x9A, 0xFC, 0x8C, 0x0F, 0x03, 0xCE, 0xC4, 0x1A, 0xEC, 0x89, 0x45, 0x88, 0x5F, 0xA8, 0x4B,
    0x5B, 0xC2, 0x25, 0x27, 0x70, 0x41, 0xAB, 0xDA, 0x89, 0xC8, 0x36, 0x75, 0x61, 0x6A, 0x55, 0xC7,
    0xE7, 0xAF, 0x15, 0x38, 0xD1, 0x45, 0xE7, 0x1A, 0xD9, 0xFA, 0xF5, 0x99, 0x28, 0x0D, 0x4B, 0x5C,
    0x8E, 0xCD, 0x81, 0xAB, 0x30, 0x15, 0x1D, 0x96, 0x68, 0x27, 0x7E, 0x1D, 0x54, 0x61, 0xDE, 0x86,
    0x65, 0x26, 0x86, 0x6B, 0x3A, 0x7A, 0xA7, 0x8B, 0xE0, 0x81, 0xE8, 0xDE, 0x30, 0x8B, 0x08, 0x3B,
    0xF1, 0x32, 0xBD, 0x05, 0x81, 0x60, 0x16, 0x91, 0xED, 0x00, 0x7C, 0x94, 0x5D, 0xD0, 0xE8, 0x09,
    0x2D, 0x04, 0xBD, 0x09, 0xCE, 0x0A, 0xAA, 0x8D, 0xA6, 0xB7, 0x7F, 0x28, 0x7C, 0xE4, 0x24, 0xB3,
    0x9E, 0xC2, 0xED, 0xA9, 0xD7, 0x5A, 0x39, 0xB1, 0xE9, 0xBF, 0x96, 0xF4, 0x8D, 0xFC, 0xEF, 0x12,
    0x70, 0xAC, 0xBD, 0xBB, 0x25, 0xA0, 0xF9, 0xE0, 0xD2, 0xED, 0x2F, 0x1B, 0x91, 0x19, 0xF3, 0xEF,
    0xC6, 0x61, 0x06, 0x38, 0xB5, 0x18, 0x8C, 0x71, 0x3C, 0x11, 0x91, 0x05, 0x67, 0x62, 0x83, 0xC2,
    0x42, 0x07, 0xFB, 0xCB, 0x7D, 0x22, 0x19, 0xE1, 0x8B, 0x3D, 0xA3, 0x1C, 0xBE, 0xA6, 0x56, 0x25,
    0xD7, 0xCF, 0x28, 0x03, 0xB7, 0x4B, 0xE0, 0x73, 0x2F, 0x27, 0x78, 0x4E, 0x29, 0x7A, 0x7B, 0x37,
    0x4E, 0xB1, 0x53, 0xB9, 0x0F, 0x3F, 0x1B, 0xDF, 0xDA, 0x34, 0xB4, 0x4B, 0x5A, 0x78, 0x9E, 0xE7,
    0x8E, 0xCA, 0x9A, 0x9D, 0xBE, 0x5D, 0xE9, 0x64, 0xBD, 0x55, 0x87, 0x3A, 0xCA, 0x23, 0x58, 0x5C,
    0x78, 0xB5, 0x55, 0x4C, 0x24, 0x72, 0x2E, 0xDB, 0xA8, 0x0D, 0xAA, 0xA0, 0x62, 0xC8, 0x76, 0x8C,
    0x04, 0xBF, 0xC6, 0x45, 0xF9, 0x4C, 0xCC, 0xA0, 0x4D, 0x43, 0x1B, 0x27, 0xFF, 0x96, 0x88, 0xEC,
    0x27, 0x10, 0x20, 0xC0, 0x1D, 0xEB, 0x30, 0x62, 0x6D, 0x43, 0x17, 0x32, 0xC0, 0x96, 0x65, 0x68,
    0xF2, 0x08, 0xEF, 0x0D, 0xA3, 0xBB, 0xE0, 0x09, 0x08, 0x01, 0x4D, 0x4C, 0xA5, 0x4A, 0xEE, 0x9C,
    0x75, 0xD8, 0x8B, 0xC8, 0x49, 0xD2, 0x96, 0xDA, 0x06, 0xB7, 0xEB, 0x75, 0x8B, 0x66, 0xDD, 0xBB,
    0x0B, 0x9B, 0xF8, 0x23, 0x7B, 0xE1, 0xB6, 0xFF, 0x1B, 0x77, 0xA1, 0x28, 0xDC, 0x85, 0x65, 0xD8,
    0xFB, 0x39, 0x6C, 0xAA, 0x3D, 0x73, 0x4E, 0xC3, 0x58, 0x70, 0x55, 0xB9, 0x07, 0x37, 0x5C, 0x15,
    0x41, 0x9D, 0xBC, 0x5F, 0x4A, 0xE0, 0xBA, 0x5D, 0x19, 0xED, 0x2B, 0xA4, 0xCB, 0x4D, 0x41, 0x1D,
    0x77, 0xC2, 0xB4, 0xC0, 0x86, 0x95, 0x87, 0xF6, 0xE4, 0x09, 0x2B, 0x8C, 0x50, 0xA6, 0x8C, 0xE5,
    0xFB, 0x56, 0x92, 0xA8, 0x15, 0xFB, 0x85, 0xAF, 0x95, 0xB6, 0x62, 0xC4, 0x69, 0xF8, 0x66, 0xB7,
    0x8D, 0x3D, 0x29, 0x03, 0xB4, 0xAE, 0x03, 0x93, 0x87, 0x25, 0x05, 0xC0, 0x22, 0xEB, 0x22, 0x6E,
    0xE0, 0x05, 0xEE, 0x1E, 0x94, 0x8A, 0x39, 0x31, 0xB1, 0x5B, 0x0B, 0x97, 0x17, 0x94, 0xCB, 0x01,
    0xAB, 0xF6, 0xFD, 0x65, 0xEB, 0x05, 0xCF, 0x58, 0x37, 0x28, 0x3D, 0xC6, 0x9D, 0xBD, 0xA2, 0x7F,
    0xFC, 0xF1, 0xE8, 0xEB, 0xE4, 0xFD, 0x42, 0x6C, 0xBD, 0x69, 0x8A, 0x36, 0x6E, 0x54, 0xC7, 0xEC,
    0x39, 0xF7, 0x00, 0x6E, 0xD8, 0x3C, 0x5D, 0xA7, 0x2F, 0x94, 0x26, 0x92, 0x67, 0xB2, 0xE5, 0x87,
    0x38, 0x9D, 0xF3, 0xBB, 0xB0, 0x62, 0xCE, 0xEA, 0xFF, 0x0C, 0xDF, 0x05, 0x43, 0x6C, 0xD1, 0x65,
    0xB7, 0x9D, 0xF0, 0xED, 0x42, 0xBE, 0x2C, 0x02, 0x16, 0xA0, 0xE2, 0x94, 0x07, 0xE7, 0x4F, 0x78,
    0xAA, 0x20, 0x20, 0x86, 0x27, 0x36, 0x27, 0xE6, 0x3D, 0x0A, 0x16, 0x5A, 0x23, 0x41, 0x5E, 0xF5,
    0x15, 0x5D, 0x9C, 0x10, 0x20, 0x00, 0x66, 0x74, 0x1E, 0xDF, 0xB7, 0x88, 0x8A, 0xC0, 0x20, 0xD5,
    0xAD, 0xD3, 0x6B, 0x35, 0xAC, 0x14, 0xA5, 0x80, 0x67, 0xCB, 0x8A, 0x81, 0xEC, 0xFB, 0x81, 0xA9,
    0x7D, 0x53, 0x89, 0x10, 0xF9, 0x27, 0x5E, 0x75, 0xD9, 0xBD, 0x70, 0xAB, 0x67, 0x08, 0xBC, 0x4F,
    0x5B, 0xD9, 0x05, 0x56, 0xDE, 0x29, 0x44, 0x6F, 0x7C, 0x68, 0xC1, 0x04, 0x31, 0x73, 0x38, 0x0B,
    0x4B, 0xF5, 0x85, 0xF9, 0xBE, 0x5A, 0x20, 0x12, 0x77, 0x43, 0x11, 0x45, 0x40, 0x4F, 0x3A, 0x86,
    0x85, 0x4D, 0xA0, 0x39, 0xE5, 0xC5, 0x31, 0x90, 0x8A, 0x08, 0xA1, 0x42, 0xF3, 0xA7, 0x8E, 0xFB,
    0xE5, 0x31, 0xF2, 0x18, 0x50, 0x48, 0x31, 0x20, 0x05, 0xF4, 0x67, 0x1C, 0x8B, 0x7F, 0x28, 0x01,
    0x47, 0xD9, 0x32, 0x55, 0xC6, 0x48, 0x10, 0xB6, 0x74, 0xE4, 0xD8, 0x9C, 0x69, 0xFF, 0xCB, 0x94,
    0x51, 0xE8, 0x95, 0x6B, 0x88, 0x97, 0x6D, 0x57, 0x90, 0xE4, 0xD1, 0x24, 0xB5, 0xD5, 0xE2, 0x78,
    0x53, 0x63, 0x93, 0x01, 0x89, 0x39, 0xFC, 0x18, 0x77, 0xB7, 0x90, 0xA6, 0xC0, 0x76, 0x31, 0x8C,
    0x14, 0x3C, 0x02, 0x58, 0x1F, 0x51, 0x02, 0x68, 0x5B, 0x20, 0x63, 0x27, 0xE7, 0x99, 0xB2, 0x33,
    0xFC, 0xA2, 0xE0, 0xE6, 0x22, 0xE6, 0x5A, 0x13, 0xBF, 0x94, 0xF7, 0x6B, 0xBB, 0x76, 0x26, 0x46,
    0x64, 0xC8, 0xC5, 0x5C, 0x4C, 0xA9, 0x7A, 0xFC, 0xC3, 0xD6, 0x6B, 0x91, 0x2B, 0xAF, 0xD7, 0x7E,
    0x83, 0xD8, 0x43, 0xE2, 0xD2, 0xAC, 0x97, 0x7D, 0xE6, 0xCA, 0x65, 0x90, 0xC2, 0x89, 0xDB, 0x93,
    0x11, 0x4D, 0x61, 0xF5, 0x58, 0xB2, 0x62, 0x80, 0xC1, 0x07, 0xC0, 0xCB, 0x96, 0xC3, 0x0E, 0x08,
    0x44, 0x50, 0xEC, 0x23, 0x2D, 0x85, 0x39, 0xC3, 0x09, 0xBE, 0x09, 0xE1, 0x59, 0x89, 0x94, 0x09,
    0x54, 0xB2, 0x44, 0xC2, 0x81, 0x6B, 0xF8, 0x00, 0xF4, 0x32, 0x5D, 0xC7, 0x77, 0x10, 0xFF, 0x5B,
    0x8B, 0x11, 0x1B, 0x6D, 0x63, 0x93, 0x44, 0x62, 0x8B, 0x70, 0x21, 0xBA, 0x93, 0x90, 0x6C, 0x2A,
    0x91, 0x10, 0xE2, 0xB4, 0xB3, 0x38, 0x64, 0xAE, 0x8D, 0xD3, 0xA9, 0xD7, 0x20, 0x43, 0x78, 0x9D,
    0x37, 0x98, 0x2F, 0x83, 0x36, 0x1B, 0x83, 0xCE, 0x98, 0xF4, 0x29, 0x38, 0xEF, 0x9E, 0x82, 0xAC,
    0xB7, 0x20, 0x79, 0xB3, 0xFA, 0xE4, 0x89, 0x00, 0xF5, 0xBD, 0x47, 0xD9, 0x9A, 0xC2, 0x65, 0x3E,
    0xF3, 0xF6, 0x36, 0x4B, 0x38, 0x25, 0x87, 0x15, 0x90, 0x32, 0x60, 0xD6, 0xDA, 0x56, 0x76, 0xA8,
    0xAF, 0x21, 0xF0, 0x84, 0x92, 0xB3, 0x10, 0xED, 0xE3, 0x9B, 0x08, 0x28, 0xBD, 0x5C, 0x89, 0x15,
    0x83, 0x8C, 0x2D, 0x5E, 0xD8, 0x78, 0x4B, 0x9A, 0xA3, 0x38, 0x96, 0x7A, 0x5B, 0x24, 0xC8, 0x8C,
    0x7A, 0x59, 0x96, 0x51, 0xE4, 0x3F, 0x80, 0x2A, 0x28, 0xF1, 0xF9, 0x8C, 0x19, 0x2C, 0x21, 0xDA,
    0x50, 0xDE, 0x59, 0xDD, 0x51, 0xDC, 0x59, 0xDB, 0x59, 0xDA, 0x5D, 0x65, 0xDF, 0x19, 0xE3, 0x80,
    0x25, 0xD5, 0xC6, 0xD1, 0xEE, 0x52, 0xE2, 0x73, 0xF8, 0xA6, 0xC3, 0xA9, 0xF0, 0x4D, 0xFD, 0xA4,
    0x2E, 0xC7, 0xE6, 0x00, 0xE1, 0xE5, 0x0E, 0xC2, 0x39, 0x21, 0x2A, 0x77, 0xEC, 0xEA, 0xA7, 0x54,
    0xE9, 0xD7, 0x33, 0xB1, 0xAA, 0x96, 0xE4, 0xE2, 0x79, 0xBD, 0xB2, 0x16, 0xA4, 0xC2, 0xFB, 0x35,
    0x64, 0x0E, 0xDB, 0x25, 0xE7, 0xFA, 0xE3, 0xA8, 0xF3, 0x02, 0xCA, 0xEB, 0x2A, 0x68, 0xD9, 0x64,
    0x0F, 0x8B, 0x42, 0x98, 0x9F, 0x1F, 0xBA, 0x27, 0xFC, 0xB0, 0x79, 0xAC, 0x90, 0x78, 0x11, 0x3A,
    0x50, 0xA3, 0x28, 0x9F, 0x92, 0x82, 0x51, 0xA1, 0x31, 0x43, 0xD0, 0x43, 0x54, 0x32, 0x21, 0x07,
    0x2D, 0x1E, 0x96, 0xD6, 0x45, 0x1E, 0x41, 0xC6, 0x4A, 0xEC, 0x53, 0x1F, 0xC5, 0x48, 0x08, 0xFE,
    0x78, 0x4A, 0xBD, 0xE8, 0x6A, 0x34, 0xF2, 0x8B, 0xCD, 0xDE, 0xAF, 0xFE, 0xBE, 0x3E, 0x92, 0x45,
    0x3E, 0xDD, 0xBA, 0x55, 0xC6, 0x7F, 0x05, 0x7D, 0x21, 0xCE, 0x96, 0xCE, 0x8A, 0xBF, 0xD6, 0xDD,
    0x54, 0x7D, 0xD6, 0x24, 0xFE, 0x17, 0x60, 0xE9, 0x87, 0x0A, 0x2C, 0x2B, 0xDB, 0xE3, 0xD7, 0xDB,
    0xA7, 0x08, 0x51, 0xE0, 0x25, 0xB8, 0x56, 0x3F, 0x43, 0x37, 0xC9, 0x23, 0x02, 0xA6, 0xF1, 0xA4,
    0x22, 0xB3, 0xC6, 0xCD, 0x11, 0xF3, 0x70, 0x4B, 0xD9, 0x19, 0x90, 0x57, 0x61, 0x08, 0x5F, 0x43,
    0xF7, 0x18, 0x84, 0x48, 0xB4, 0xB4, 0x04, 0x74, 0x40, 0x31, 0x0D, 0x2B, 0x1F, 0x2C, 0x31, 0x47,
    0x00, 0x16, 0x8A, 0xD5, 0x3C, 0x45, 0xAC, 0xB6, 0xE2, 0xCF, 0x37, 0x0E, 0x43, 0x3B, 0x04, 0x79,
    0x99, 0x45, 0xB9, 0xAC, 0x27, 0x87, 0x9B, 0x3D, 0x57, 0x6A, 0x47, 0x62, 0x86, 0x73, 0x36, 0x36,
    0x9E, 0x10, 0xB7, 0x76, 0x74, 0x8B, 0x5D, 0xCA, 0x33, 0xAF, 0x63, 0x2C, 0x4B, 0x4F, 0xA9, 0xC2,
    0xE0, 0x66, 0x90, 0x07, 0xF9, 0x37, 0x54, 0x05, 0x0B, 0x5A, 0xA2, 0x71, 0x74, 0xCD, 0x27, 0x5F,
    0xBE, 0xB1, 0x84, 0xDB, 0x33, 0x9F, 0x6F, 0xD2, 0x07, 0xC6, 0x96, 0xE5, 0x85, 0x65, 0x79, 0xE1,
    0x6D, 0x7D, 0x96, 0x9E, 0x4A, 0xCE, 0x55, 0xA4, 0xEF, 0x3D, 0xE2, 0x14, 0x24, 0xCB, 0x74, 0xA4,
    0x0A, 0xD1, 0x9D, 0x9A, 0xB2, 0x0C, 0x7E, 0x0E, 0x2F, 0xF9, 0xD6, 0x8F, 0x70, 0x90, 0x4C, 0x7D,
    0x32, 0x53, 0x0B, 0x55, 0xB0, 0x13, 0x66, 0xCA, 0x07, 0x97, 0x34, 0x28, 0x95, 0x39, 0x4C, 0xBD,
    0xBE, 0xE9, 0x9F, 0x16, 0x21, 0x9B, 0x67, 0x79, 0xF4, 0xA9, 0xD9, 0xBC, 0xD6, 0x86, 0x75, 0x42,
    0x20, 0x36, 0xE0, 0x0D, 0xF1, 0xF9, 0x5A, 0x3D, 0x04, 0xAB, 0x89, 0xB8, 0xF2, 0xBE, 0x6B, 0x79,
    0x6E, 0xD5, 0x51, 0x15, 0x41, 0xB9, 0x4F, 0x6A, 0xB5, 0x88, 0x16, 0xEC, 0x9A, 0x16, 0xE0, 0xAE,
    0x9B, 0x65, 0x54, 0xC9, 0x1A, 0xE1, 0x72, 0x05, 0x86, 0x7C, 0xD5, 0xE6, 0xC5, 0x66, 0xEC, 0x71,
    0x0A, 0xA0, 0x07, 0x91, 0x3D, 0xC0, 0xF6, 0xC9, 0xB9, 0x4E, 0x99, 0x3E, 0x49, 0x15, 0x42, 0x08,
    0x25, 0x36, 0xFB, 0x69, 0x4F, 0x9D, 0x69, 0xA0, 0x4E, 0x64, 0x5B, 0x20, 0xCB, 0xE4, 0xAC, 0xF8,
    0x6D, 0x80, 0x9C, 0x16, 0xD5, 0x2F, 0x6B, 0x2D, 0x77, 0xB4, 0xE6, 0xC8, 0x2A, 0x5C, 0x8B, 0x06,
    0xF3, 0x03, 0x83, 0x60, 0x8C, 0xCA, 0x02, 0x16, 0x8B, 0x11, 0x9F, 0xC1, 0x03, 0x84, 0x04, 0xDD,
    0x2D, 0xF5, 0xEB, 0xB8, 0x18, 0x15, 0x44, 0x0D, 0x4F, 0x71, 0x96, 0x93, 0x28, 0x01, 0xC5, 0xDF,
    0x74, 0xA8, 0xD4, 0x11, 0x0C, 0xA2, 0xF2, 0x1E, 0x59, 0x73, 0x18, 0xB9, 0x34, 0x3B, 0xBC, 0xA0,
    0xF6, 0xCC, 0x23, 0x62, 0x00, 0x21, 0xDD, 0x90, 0xB2, 0xFB, 0xE4, 0xCF, 0xA8, 0x20, 0xB9, 0x5A,
    0x6C, 0x02, 0x16, 0xC3, 0x5B, 0xBF, 0xB3, 0x2A, 0x1B, 0x89, 0x32, 0x9E, 0x29, 0xF4, 0x0E, 0x20,
    0x5B, 0x41, 0xA5, 0x3E, 0x03, 0x9A, 0x60, 0xD6, 0xC6, 0xF6, 0x8F, 0x2C, 0xC0, 0x30, 0xF7, 0xFA,
    0xCA, 0x80, 0x33, 0x88, 0xFA, 0x04, 0x2A, 0x57, 0xC9, 0x4F, 0xB1, 0x30, 0xDD, 0x74, 0x96, 0x5D,
    0x61, 0xBB, 0x47, 0xA0, 0xE6, 0x4F, 0x75, 0x82, 0x91, 0xB9, 0x88, 0x80, 0xD2, 0xC1, 0x01, 0xC4,
    0x43, 0x1A, 0xEE, 0x90, 0xBA, 0x78, 0xBF, 0x88, 0x6F, 0x40, 0xD2, 0x79, 0x47, 0xDF, 0x31, 0x4B,
    0xB3, 0x8B, 0xCC, 0x50, 0x02, 0xC8, 0x06, 0x10, 0x8D, 0xEC, 0x08, 0x59, 0x14, 0x3A, 0xAC, 0x15,
    0xA0, 0x4B, 0x44, 0x1B, 0xE4, 0x0D, 0x4C, 0xAE, 0x6F, 0x89, 0x09, 0x10, 0x73, 0xB5, 0x71, 0x3B,
    0xBD, 0xC7, 0x36, 0x4A, 0xF2, 0xD3, 0xD4, 0x76, 0x4F, 0x8E, 0xCE, 0xC3, 0x76, 0x96, 0xCC, 0xC3,
    0xB0, 0x17, 0x01, 0xDF, 0xC6, 0x32, 0xAA, 0x88, 0xBC, 0x05, 0xFC, 0xE5, 0x7E, 0x6B, 0x6B, 0x73,
    0xA2, 0xB4, 0x6C, 0xC3, 0x7B, 0xB8, 0x0C, 0x2E, 0x21, 0x81, 0x66, 0x77, 0x1F, 0xE7, 0xA1, 0x86,
    0x01, 0x7B, 0xD8, 0x2C, 0xF9, 0x31, 0x22, 0xEB, 0xD7, 0x0D, 0x68, 0x08, 0x44, 0x2C, 0x28, 0x0E,
    0x5C, 0x1E, 0xDE, 0x45, 0x93, 0xFD, 0x35, 0x16, 0x69, 0xD0, 0xFA, 0x74, 0xAA, 0x86, 0x70, 0xD9,
    0xA5, 0x16, 0xB6, 0x01, 0x94, 0x25, 0x15, 0xC7, 0xEE, 0x92, 0xA9, 0x99, 0x96, 0xB0, 0xBD, 0x16,
    0xF1, 0x19, 0x83, 0x85, 0x6F, 0xE5, 0xA0, 0x3B, 0xE0, 0xB5, 0x71, 0x1E, 0xFF, 0xB8, 0x0C, 0x7E,
    0x05, 0xB6, 0xD3, 0x31, 0x65, 0xCF, 0x43, 0x74, 0x1C, 0x7D, 0x96, 0x06, 0xC8, 0x46, 0xF0, 0x36,
    0x79, 0x03, 0x0C, 0xF2, 0x5F, 0xCE, 0x27, 0x8A, 0x41, 0xB1, 0xF1, 0xFD, 0x27, 0x61, 0x2D, 0x0B,
    0x2D, 0xC8, 0xAD, 0x02, 0xED, 0xB7, 0x6C, 0x5B, 0x2F, 0xC0, 0x87, 0xBF, 0xE2, 0x20, 0xA3, 0x77,
    0x62, 0x92, 0x96, 0x85, 0x5F, 0x69, 0xE1, 0xFF, 0x86, 0xBD, 0x34, 0x47, 0x18, 0x9C, 0x60, 0xD8,
    0x01, 0x86, 0x9D, 0x5F, 0xD8, 0xF1, 0xC5, 0x0F, 0xF0, 0x7B, 0x93, 0xB9, 0x74, 0xE4, 0xEC, 0xAA,
    0x1D, 0xBB, 0xC2, 0xCC, 0x1C, 0xE1, 0xE6, 0xDF, 0x54, 0x6E, 0x51, 0xE3, 0x40, 0x7D, 0x54, 0x3A,
    0x0A, 0x2E, 0x8F, 0x82, 0x01, 0xCD, 0x60, 0x89, 0x7C, 0xD5, 0x21, 0x43, 0x65, 0xB8, 0x05, 0xDE,
    0xD2, 0x96, 0x6E, 0xF0, 0x9A, 0xCC, 0xF5, 0x97, 0x24, 0xB5, 0x70, 0x2E, 0xC4, 0xFC, 0x93, 0x8C,
    0x9F, 0xB2, 0x72, 0x04, 0x14, 0xFB, 0x7F, 0xE9, 0x86, 0x18, 0xE8, 0xC2, 0x1B, 0xC5, 0x26, 0xB1,
    0x48, 0xE3, 0xDC, 0xEF, 0x37, 0x97, 0xAC, 0x48, 0x95, 0x7B, 0xC2, 0xBB, 0xA7, 0x1D, 0x36, 0xE6,
    0xE3, 0x96, 0x3B, 0x6F, 0xA3, 0x35, 0xEC, 0xFC, 0x0A, 0x6D, 0x0E, 0xF8, 0x8F, 0xD8, 0x99, 0x1D,
    0x41, 0x0A, 0xC8, 0xEF, 0x55, 0xCE, 0x5F, 0xC8, 0xFC, 0x22, 0xDB, 0x79, 0x9F, 0xC0, 0x5F, 0x4E,
    0x6F, 0x32, 0x4E, 0x6E, 0x7E, 0xD6, 0x20, 0x92, 0x49, 0x3C, 0x3D, 0x2D, 0x56, 0x47, 0x5E, 0x3F,
    0x2E, 0x7B, 0x92, 0xD1, 0xEB, 0x24, 0xA7, 0x06, 0xE1, 0x33, 0x10, 0x14, 0x9D, 0x6B, 0x7E, 0x38,
    0x7B, 0x41, 0xA6, 0xF1, 0xB5, 0xB5, 0xD1, 0x2B, 0x7B, 0x56, 0x38, 0xDB, 0x96, 0x20, 0xE2, 0xDE,
    0x05, 0xF0, 0x91, 0x28, 0x87, 0xCB, 0xAD, 0xB8, 0xBA, 0x51, 0xE4, 0x9C, 0x3C, 0x79, 0x70, 0x2C,
    0xAB, 0x52, 0x13, 0x52, 0xAA, 0x8C, 0x35, 0xD7, 0xEF, 0xDC, 0xC0, 0x83, 0xC1, 0x6D, 0xBB, 0x73,
    0xDA, 0x83, 0x08, 0xB4, 0x36, 0x41, 0x80, 0x68, 0x92, 0x76, 0xB6, 0xEF, 0x29, 0x13, 0x95, 0xED,
    0xCE, 0x99, 0x0F, 0x66, 0x08, 0xA4, 0xB0, 0xF6, 0xD9, 0x47, 0x73, 0x26, 0x72, 0x0A, 0xCB, 0x72,
    0x48, 0x02, 0x74, 0x16, 0x7F, 0xD1, 0x23, 0x59, 0x5D, 0xAA, 0x22, 0x70, 0x48, 0xE6, 0x6A, 0x27,
    0x0B, 0x5F, 0x14, 0x85, 0x09, 0xB5, 0x71, 0x41, 0x4C, 0x41, 0x08, 0x0D, 0xCA, 0x11, 0x7F, 0x5C,
    0x53, 0x8C, 0x5B, 0xC6, 0xE4, 0x94, 0xE2, 0xCC, 0x8B, 0x9D, 0x15, 0x62, 0x3F, 0x28, 0xAD, 0x0C,
    0xF5, 0xBE, 0x13, 0x21, 0x18, 0x27, 0x39, 0xDB, 0x4E, 0x00, 0xF5, 0x41, 0x6D, 0xF7, 0xBF, 0xAA,
    0x2A, 0x6E, 0xAF, 0xFE, 0x27, 0xB0, 0xBB, 0x27, 0xE8, 0x4F, 0xB1, 0xB9, 0x57, 0x17, 0xE9, 0xD3,
    0x33, 0x11, 0xE5, 0x72, 0x5D, 0xE0, 0xD8, 0xFE, 0xCC, 0x95, 0xDF, 0x72, 0x59, 0xDF, 0x5F, 0x46,
    0x46, 0xC9, 0xB3, 0xEB, 0x15, 0xEA, 0x55, 0x6C, 0xBA, 0x71, 0x22, 0x82, 0x3C, 0x8E, 0xF5, 0xC9,
    0x6E, 0x3F, 0x6E, 0x58, 0xAD, 0x90, 0x60, 0xDD, 0x40, 0x84, 0x93, 0x10, 0x5F, 0x37, 0x2C, 0x63,
    0x6D, 0x78, 0x1D, 0xF9, 0x3C, 0x79, 0xF7, 0xCA, 0x38, 0x0F, 0xC9, 0x6E, 0x3C, 0x6C, 0x2C, 0x5B,
    0x94, 0x6E, 0xF3, 0x97, 0xC7, 0xA2, 0x4B, 0x2C, 0x30, 0x93, 0x1E, 0xE5, 0xEE, 0x2B, 0xE6, 0x00,
    0x6C, 0x08, 0xD9, 0x31, 0x55, 0xE8, 0x6E, 0x24, 0x1B, 0xF1, 0xBF, 0xE5, 0x75, 0xEC, 0x48, 0x48,
    0x8A, 0xC8, 0xD4, 0x06, 0x98, 0xB2, 0x05, 0xB5, 0xE8, 0xED, 0x1C, 0x05, 0xB9, 0x19, 0xC9, 0x1C,
    0x49, 0x66, 0xB8, 0x44, 0x10, 0xFD, 0xB3, 0x65, 0x86, 0x16, 0x1F, 0x9C, 0x24, 0xE6, 0x62, 0x1C,
    0xA3, 0xC5, 0xA6, 0x8E, 0xEE, 0xA2, 0x78, 0x20, 0xE3, 0x32, 0xF1, 0xCE, 0xC4, 0x34, 0x42, 0x4F,
    0x5F, 0x71, 0x7C, 0xC0, 0x66, 0x1E, 0x21, 0x18, 0x1A, 0x94, 0xE2, 0x2D, 0x3D, 0x13, 0x19, 0x34,
    0xC1, 0x75, 0x57, 0xFD, 0xC5, 0x66, 0xAA, 0x80, 0x4A, 0xDF, 0x34, 0x6C, 0x0E, 0x39, 0xBC, 0xA1,
    0xC4, 0xB6, 0x3E, 0x8D, 0x23, 0x1C, 0xCE, 0xA4, 0x2C, 0xE9, 0xC3, 0xB2, 0x9C, 0x5B, 0xA1, 0x94,
    0x03, 0x67, 0xBD, 0xE8, 0xE0, 0x96, 0xA8, 0x24, 0xF9, 0x93, 0x1D, 0x88, 0x19, 0x7A, 0xB5, 0x1C,
    0x34, 0x13, 0x62, 0x5B, 0x9B, 0xB1, 0xDB, 0xE6, 0x10, 0x27, 0x60, 0xC7, 0x11, 0x7D, 0x82, 0xFE,
    0x1F, 0x5E, 0x3E, 0xB0, 0xDD, 0x79, 0x2A, 0x6D, 0xAD, 0xCD, 0x3E, 0x06, 0x52, 0x5A, 0x76, 0x82,
    0xA5, 0xDD, 0x29, 0xA2, 0x9F, 0x67, 0x58, 0x9F, 0x13, 0x8B, 0x14, 0x5D, 0x78, 0x2F, 0x39, 0xBD,
    0x00, 0xE4, 0xA3, 0x12, 0x56, 0x99, 0xBF, 0x04, 0x20, 0x2D, 0xAA, 0x71, 0xD0, 0x49, 0x9B, 0xCA,
    0x76, 0xC9, 0x78, 0x6C, 0x83, 0xCB, 0xA2, 0x9D, 0xD8, 0xF9, 0xA7, 0x78, 0xC5, 0x7A, 0x39, 0x5F,
    0x12, 0x5C, 0xB6, 0xAA, 0x47, 0xDA, 0x90, 0xB1, 0x7B, 0x12, 0xC9, 0x00, 0x66, 0x87, 0x45, 0xB0,
    0xE0, 0x84, 0x59, 0x3D, 0x42, 0xF2, 0xAF, 0x01, 0xB8, 0xFD, 0x1E, 0xF1, 0x15, 0xC7, 0x25, 0xCE,
    0x5C, 0x6F, 0x70, 0xA6, 0x2A, 0x70, 0xA6, 0x0E, 0xEF, 0xE2, 0x8C, 0x07, 0x2D, 0x62, 0x91, 0xC0,
    0x90, 0x79, 0xD0, 0x73, 0x04, 0x65, 0x68, 0x59, 0x34, 0xA8, 0xA6, 0x64, 0x4C, 0xBE, 0xE2, 0xE2,
    0x97, 0x65, 0x73, 0x3A, 0x26, 0x6E, 0x2A, 0xEC, 0x99, 0xA2, 0xE5, 0x28, 0x62, 0xCE, 0xF2, 0x9D,
    0x38, 0x2E, 0x9B, 0x71, 0x00, 0x11, 0xA7, 0x73, 0x0E, 0x1F, 0xE0, 0xE0, 0xBF, 0xD4, 0xC1, 0x61,
    0x51, 0xB6, 0x82, 0x0F, 0xE3, 0x94, 0xC9, 0xCE, 0x44, 0x2C, 0x7B, 0x99, 0x20, 0xC9, 0xCA, 0x92,
    0x18, 0xF1, 0xA1, 0xCE, 0xE9, 0xD3, 0xC2, 0xCE, 0x39, 0x1D, 0xD4, 0xFE, 0x20, 0x4C, 0xCF, 0x16,
    0x1C, 0xC6, 0x4A, 0xE1, 0xE2, 0x67, 0xCF, 0x4D, 0x40, 0xCE, 0x5C, 0x11, 0xA2, 0xBA, 0x29, 0x14,
    0x78, 0xD5, 0x4B, 0x10, 0x22, 0xAE, 0xBE, 0x29, 0xF1, 0x73, 0x05, 0xED, 0x30, 0x1C, 0xCD, 0xD1,
    0x40, 0xDD, 0xFB, 0x1D, 0x1C, 0x96, 0xA9, 0x05, 0xFB, 0x0D, 0x1B, 0x2D, 0x47, 0x9D, 0x35, 0x07,
    0x80, 0xE1, 0xBF, 0xD8, 0x7B, 0xBB, 0xB9, 0xCF, 0xF8, 0xB9, 0xD5, 0xBC, 0xCE, 0x18, 0x0F, 0xAB,
    0x5D, 0xAE, 0x93, 0xB0, 0xFC, 0x4C, 0x65, 0xBF, 0xC9, 0xE2, 0x67, 0xC8, 0x13, 0xD7, 0x2D, 0x50,
    0xAC, 0xBE, 0xAF, 0x10, 0xE3, 0xB5, 0x6B, 0x90, 0x4B, 0x55, 0x72, 0xBA, 0xB6, 0x31, 0xE5, 0x34,
    0xCB, 0x38, 0x36, 0x7A, 0x62, 0xD9, 0x00, 0x30, 0x07, 0x5A, 0x68, 0x85, 0x63, 0x6A, 0x91, 0xC3,
    0x62, 0x10, 0xD9, 0x66, 0x3F, 0x55, 0x3A, 0x29, 0x51, 0xBD, 0x3A, 0xF5, 0x4B, 0x20, 0x7E, 0x06,
    0x35, 0xFF, 0x17, 0x6B, 0x6E, 0x93, 0x65, 0x10, 0xB6, 0xC8, 0x75, 0x70, 0x72, 0xBA, 0x1D, 0xBD,
    0x63, 0x2E, 0x97, 0xD1, 0x41, 0x76, 0xB0, 0xCC, 0x0A, 0xB3, 0xB1, 0x3A, 0x4D, 0x97, 0x63, 0xC5,
    0x17, 0xDC, 0x30, 0xF3, 0x24, 0x52, 0x37, 0xEB, 0xFF, 0x1C, 0x29, 0xBD, 0x40, 0xC9, 0xCA, 0xC4,
    0xFE, 0x90, 0xE4, 0x93, 0xF8, 0x17, 0xD5, 0x7A, 0xF0, 0xA8, 0x8E, 0x41, 0x1D, 0x22, 0x31, 0x0C,
    0x68, 0xEB, 0xB7, 0x6E, 0xE7, 0xF1, 0xED, 0xFF, 0x2B, 0xC3, 0x0A, 0xD5, 0x4F, 0xC7, 0x15, 0x08,
    0x4D, 0xBF, 0xA9, 0xE5, 0x23, 0x93, 0xDA, 0xB9, 0xDC, 0x09, 0x27, 0xE5, 0x0B, 0xD6, 0x92, 0xC8,
    0x26, 0xA8, 0x1A, 0xCA, 0x92, 0x09, 0xF0, 0x0A, 0xF5, 0x05, 0x30, 0x57, 0xF8, 0xF5, 0x3F, 0xDD,
    0x6B, 0xBF, 0xD7, 0x76, 0xA7, 0xE7, 0xC9, 0x6B, 0xC9, 0xC5, 0xFF, 0x08, 0x6F, 0x99, 0x40, 0x1B,
    0x08, 0xFC, 0x29, 0x9C, 0xBE, 0x43, 0xC2, 0xF1, 0x03, 0xFB, 0x08, 0x81, 0xB9, 0xFF, 0x23, 0x80,
    0x39, 0xE2, 0x9B, 0x7A, 0xB2, 0x3D, 0x3A, 0x3E, 0x90, 0xF9, 0x15, 0x32, 0xCE, 0x45, 0x2D, 0x66,
    0x08, 0xD1, 0xDD, 0x33, 0x6E, 0x88, 0x0D, 0x2E, 0x9A, 0xE5, 0x99, 0x1D, 0x33, 0xB0, 0xE1, 0x43,
    0x26, 0xF1, 0x49, 0x0F, 0x39, 0x3D, 0xB5, 0x93, 0x07, 0xB9, 0x28, 0xEE, 0x38, 0x08, 0x49, 0xF6,
    0xC3, 0x31, 0x36, 0xF4, 0x34, 0x5C, 0xFE, 0x6D, 0xA1, 0xFF, 0x40, 0x91, 0x20, 0x67, 0x96, 0x6D,
    0xBF, 0xA4, 0x4A, 0x2F, 0x7F, 0xED, 0x39, 0x85, 0xBC, 0x02, 0x3E, 0x93, 0xDC, 0xD0, 0x08, 0x1D,
    0x14, 0xFB, 0xE0, 0x87, 0xFA, 0xC8, 0xD3, 0x0C, 0x16, 0x6B, 0x94, 0xF3, 0x24, 0x3D, 0x65, 0x63,
    0x40, 0xD5, 0xA7, 0x71, 0x15, 0x1A, 0xF1, 0xB9, 0x0F, 0xCA, 0x08, 0x81, 0xC3, 0x3B, 0xBB, 0xF8,
    0xF2, 0x75, 0x57, 0xE0, 0x7B, 0xF8, 0x14, 0xBD, 0x41, 0x8A, 0x06, 0xA0, 0x0A, 0x1E, 0x6C, 0xD4,
    0x11, 0x99, 0x0F, 0x1A, 0x49, 0x85, 0xF6, 0x35, 0x09, 0xD0, 0x5E, 0xAC, 0xD9, 0xF0, 0x41, 0x4D,
    0xDD, 0x2C, 0xC3, 0xF3, 0x10, 0xA2, 0x53, 0x9F, 0xF5, 0x9C, 0xA7, 0x0D, 0x3B, 0x34, 0x05, 0x6E,
    0x03, 0xCD, 0xC9, 0xB3, 0xCB, 0xF9, 0x8A, 0x4D, 0x34, 0xDF, 0x61, 0x9A, 0x87, 0x15, 0x26, 0xE0,
    0x11, 0xAF, 0x89, 0xEA, 0x58, 0xA5, 0x12, 0x2B, 0x07, 0x9C, 0xD6, 0x41, 0xF3, 0xEA, 0x45, 0xBB,
    0xA6, 0x96, 0x0F, 0xC0, 0x99, 0xD0, 0xBF, 0x74, 0xD1, 0x8F, 0x1A, 0x70, 0xDF, 0xE4, 0x3D, 0x8A,
    0x94, 0x88, 0x6F, 0x25, 0xE9, 0x95, 0xE8, 0x13, 0x0D, 0x89, 0x4E, 0xA9, 0x3C, 0xBC, 0xD7, 0x92,
    0x1A, 0x7A, 0x7A, 0xEF, 0xF7, 0x98, 0x56, 0x4E, 0x82, 0x1C, 0x70, 0x0A, 0x7E, 0xD9, 0x38, 0x34,
    0xC9, 0xF7, 0xED, 0x5C, 0x7D, 0x6A, 0xC3, 0x6E, 0x66, 0x23, 0xBA, 0x63, 0xDD, 0x40, 0xE9, 0xC4,
    0x8F, 0xFF, 0xB0, 0x92, 0x43, 0x2A, 0x56, 0xDE, 0xA5, 0x25, 0x9A, 0x35, 0x59, 0x7E, 0x7B, 0x9C,
    0x3D, 0xA0, 0xC5, 0x45, 0x19, 0xB4, 0x4F, 0x71, 0x18, 0xAB, 0x73, 0xFB, 0xD3, 0xDB, 0x7B, 0x2D,
    0x7B, 0x02, 0x42, 0xF8, 0x53, 0x73, 0x57, 0x24, 0x3D, 0x31, 0x43, 0x8F, 0xA5, 0xD7, 0xDE, 0x55,
    0xD0, 0x7C, 0x1F, 0xFB, 0x45, 0x79, 0x50, 0x61, 0xF9, 0xCE, 0x16, 0x35, 0xFB, 0x71, 0xD8, 0xE5,
    0x68, 0x74, 0xEF, 0x09, 0x28, 0x1C, 0x9D, 0xAF, 0x1C, 0xC3, 0x68, 0x94, 0xD0, 0x1A, 0x60, 0xBE,
    0x76, 0x8A, 0x68, 0xB8, 0xF2, 0x9C, 0xA3, 0x51, 0xF1, 0x1D, 0xBC, 0x25, 0xD8, 0x60, 0x12, 0x11,
    0x0E, 0xE5, 0xF1, 0x0E, 0x6D, 0x71, 0x33, 0x0B, 0x64, 0x55, 0xCB, 0xF2, 0x4F, 0x2D, 0x48, 0xC1,
    0x67, 0xDE, 0xD1, 0x51, 0x0E, 0x40, 0xC4, 0x37, 0x34, 0x1A, 0x01, 0xAF, 0x85, 0x28, 0x10, 0x0B,
    0xC7, 0xD7, 0x19, 0x51, 0x9B, 0xA5, 0x95, 0xEA, 0x2C, 0xA9, 0xFF, 0xFD, 0x6E, 0xCC, 0x41, 0x91,
    0x7A, 0x2C, 0x16, 0x18, 0xE6, 0x01, 0xD8, 0x40, 0x86, 0xA6, 0x39, 0x2D, 0xE0, 0x08, 0x55, 0xDB,
    0x9E, 0x34, 0x60, 0xD0, 0xCE, 0x02, 0xF2, 0x1C, 0x98, 0xBB, 0xCB, 0x48, 0x1D, 0xE8, 0x30, 0x3B,
    0xAD, 0x9E, 0x0A, 0x47, 0x4C, 0x70, 0xCB, 0xC9, 0x46, 0x0E, 0x17, 0x4C, 0xAD, 0xBA, 0xED, 0x48,
    0x14, 0xA0, 0x56, 0x1F, 0xD5, 0xB2, 0x66, 0x2E, 0x3E, 0xF9, 0x35, 0x58, 0x50, 0x17, 0x74, 0x7B,
    0x81, 0x7D, 0x32, 0x0A, 0x58, 0x81, 0x5C, 0xC5, 0xA9, 0x03, 0x2B, 0x7F, 0xA6, 0xCB, 0xD0, 0x61,
    0xAF, 0x22, 0x89, 0xD4, 0xEF, 0xFA, 0xF9, 0xB1, 0x4B, 0xC5, 0x5D, 0x4D, 0xED, 0x55, 0xBB, 0x7E,
    0xFA, 0xDD, 0xFF, 0xA7, 0x54, 0x92, 0x2E, 0x4F, 0x6E, 0x90, 0x27, 0xE1, 0xA4, 0xD8, 0x5B, 0x3D,
    0xFE, 0xB9, 0x9D, 0x2A, 0xD1, 0x9F, 0x83, 0x50, 0x76, 0xB1, 0x70, 0xD6, 0x7A, 0xAE, 0x31, 0xEA,
    0xDF, 0x0B, 0x97, 0x6F, 0xC2, 0xF3, 0xF0, 0xE2, 0x32, 0xD0, 0x8E, 0x75, 0xAC, 0x28, 0xF1, 0x86,
    0xDC, 0x75, 0x46, 0xE5, 0x7E, 0x7A, 0xF6, 0x39, 0xC5, 0x63, 0xC7, 0x37, 0x5C, 0x06, 0x6D, 0x09,
    0xF9, 0xF0, 0x14, 0x7B, 0xBE, 0x15, 0x12, 0x71, 0x9C, 0x56, 0xF4, 0xCE, 0xD9, 0xEC, 0xCF, 0x64,
    0x8F, 0xB5, 0x9B, 0x55, 0x78, 0xA0, 0x41, 0x9E, 0x5F, 0x6C, 0x56, 0x72, 0xF9, 0xFC, 0x7E, 0x9C,
    0xA2, 0x42, 0x60, 0x54, 0x21, 0x38, 0x03, 0xFD, 0xA6, 0x4B, 0x7C, 0xEA, 0x6E, 0x85, 0x0C, 0xDB,
    0x92, 0x87, 0xA2, 0x2F, 0x56, 0x8C, 0x9E, 0x57, 0x55, 0xDD, 0x44, 0xD7, 0x0F, 0xDA, 0xE5, 0x23,
    0x7C, 0xB8, 0x8F, 0xED, 0x91, 0x66, 0xE3, 0xBB, 0x63, 0x13, 0xB0, 0x59, 0x57, 0xF5, 0xFA, 0x5A,
    0xA0, 0xCF, 0x5C, 0x09, 0xF4, 0x69, 0xCB, 0x02, 0x99, 0x88, 0xD9, 0x52, 0xD2, 0xB7, 0xF1, 0xD8,
    0x52, 0x24, 0x23, 0x91, 0xC8, 0xC6, 0x59, 0xEE, 0xC0, 0xC1, 0xC7, 0xE3, 0x44, 0xCE, 0xEE, 0xC0,
    0xB2, 0xDF, 0xB7, 0xDD, 0x18, 0x61, 0x45, 0xD8, 0x5E, 0x9D, 0x5D, 0x8C, 0x67, 0xFA, 0x37, 0x34,
    0x1F, 0xFA, 0x55, 0x82, 0xEC, 0x1B, 0xF9, 0x30, 0x4A, 0xF9, 0xC8, 0x19, 0xB9, 0xA0, 0x0E, 0xDD,
    0x53, 0x7E, 0xCF, 0x3E, 0xC4, 0xFE, 0x47, 0x71, 0xC6, 0xDE, 0xF7, 0xC6, 0x20, 0x82, 0xCF, 0xB3,
    0x74, 0x82, 0xBD, 0x50, 0x22, 0xBD, 0x54, 0x39, 0x92, 0xCB, 0x06, 0x1A, 0x52, 0x41, 0x31, 0x89,
    0x8C, 0xF9, 0x12, 0x77, 0x0B, 0x46, 0xFA, 0x5B, 0x38, 0xD2, 0x8A, 0x35, 0xD0, 0x52, 0xC8, 0x41,
    0xC8, 0x22, 0x17, 0xD1, 0xCE, 0x72, 0xEA, 0x50, 0xA9, 0x9F, 0xB5, 0x81, 0xEC, 0x4E, 0x8C, 0xD9,
    0xB4, 0xA6, 0x7E, 0x45, 0x0A, 0x1C, 0x48, 0x32, 0x16, 0xFB, 0x7F, 0x0F, 0xF0, 0x8D, 0x9D, 0xD0,
    0x41, 0xC6, 0xD9, 0x48, 0x14, 0xCF, 0x70, 0x22, 0xE2, 0xFF, 0x67, 0xB5, 0x7C, 0xF2, 0x76, 0xF4,
    0x09, 0x0E, 0xED, 0x76, 0xCD, 0xB0, 0x53, 0xB5, 0x8F, 0xDF, 0x39, 0xD6, 0xE3, 0x43, 0x66, 0xDB,
    0x58, 0xB8, 0x03, 0xFB, 0xFF, 0x00, 0xC0, 0x21, 0x9F, 0x3D, 0xE3, 0x0E, 0x0E, 0xEF, 0x41, 0xA0,
    0x66, 0x29, 0x6A, 0x09, 0x0B, 0x19, 0xE7, 0xEF, 0xCC, 0x3B, 0xEB, 0xFB, 0x6E, 0x76, 0xF0, 0x73,
    0xDB, 0x55, 0x16, 0x8E, 0xDF, 0xB3, 0xA7, 0x22, 0x5D, 0xA5, 0x23, 0xFA, 0x22, 0x57, 0x7D, 0x96,
    0xC6, 0xE5, 0x9C, 0x23, 0xF7, 0xC3, 0xF9, 0xBB, 0xC4, 0x41, 0x60, 0x9F, 0x33, 0xF2, 0x49, 0x70,
    0xEB, 0x3F, 0xB8, 0xA0, 0x83, 0x85, 0xF8, 0x2D, 0x6D, 0x54, 0x3D, 0x6C, 0x23, 0x55, 0x10, 0xFE,
    0xDE, 0x6E, 0xE2, 0xBD, 0xE4, 0xD9, 0xFB, 0x52, 0xA4, 0x88, 0x8E, 0xF5, 0x6E, 0x0A, 0x17, 0x2E,
    0x9C, 0x38, 0x85, 0x41, 0x3E, 0xB4, 0xC6, 0x1B, 0x0E, 0x29, 0x45, 0x04, 0x9C, 0x04, 0x35, 0xA2,
    0xA0, 0xA0, 0x49, 0xCE, 0x20, 0x17, 0x29, 0x9C, 0xD8, 0x24, 0x1D, 0x27, 0xB8, 0x20, 0x2A, 0x04,
    0x12, 0x69, 0xF9, 0x11, 0x72, 0x61, 0xA4, 0x20, 0x25, 0xE7, 0x17, 0x07, 0xC9, 0x05, 0xCD, 0x26,
    0x9C, 0x94, 0x22, 0xC5, 0xAD, 0xA2, 0xC0, 0x15, 0x20, 0xB1, 0x87, 0xAC, 0xE0, 0x93, 0x6C, 0x2F,
    0xB3, 0xBB, 0x49, 0xEE, 0x84, 0x78, 0x2B, 0xEB, 0xCD, 0xF8, 0xCD, 0x7C, 0x33, 0xF3, 0xCD, 0xBC,
    0x37, 0xA5, 0xF4, 0xB4, 0x9E, 0xE2, 0xC3, 0xC7, 0x34, 0x06, 0x6A, 0x5F, 0xB8, 0x73, 0xC0, 0x10,
    0x65, 0x5F, 0xDC, 0xBF, 0xED, 0xD6, 0x00, 0x3C, 0xD0, 0x6F, 0xB5, 0x1B, 0xB4, 0x43, 0x0D, 0x86,
    0x88, 0x97, 0x16, 0x04, 0xC1, 0x20, 0x92, 0x16, 0x94, 0xD7, 0xD9, 0xE1, 0x81, 0x5B, 0x77, 0x49,
    0x2E, 0xD5, 0x4B, 0x35, 0x51, 0x5E, 0x7E, 0x2C, 0x7D, 0xF0, 0x93, 0xBD, 0x4F, 0x27, 0x27, 0x15,
    0x07, 0xC8, 0x6F, 0x9E, 0x7C, 0xA2, 0x57, 0x6E, 0x1D, 0x77, 0x42, 0xFB, 0x5D, 0x0B, 0x23, 0xCB,
    0x1D, 0x5A, 0x8D, 0x9E, 0x09, 0x9B, 0x6F, 0x9E, 0x79, 0xA2, 0x8F, 0x07, 0x28, 0x74, 0xB3, 0xD9,
    0xCA, 0xD9, 0xE1, 0x1B, 0x46, 0xA1, 0x24, 0x9C, 0xF2, 0x9B, 0x2E, 0xEF, 0xF4, 0xE0, 0x53, 0x12,
    0xD8, 0x53, 0xCB, 0x99, 0x93, 0xAF, 0xEC, 0xB4, 0x16, 0xC6, 0x4D, 0xF4, 0xF2, 0xC3, 0x35, 0xD3,
    0xE3, 0x89, 0xE5, 0xA5, 0xC5, 0x41, 0x09, 0x37, 0xC5, 0x51, 0xB3, 0x58, 0xA5, 0xBF, 0xC5, 0xE3,
    0x8B, 0x87, 0xCD, 0x14, 0x73, 0xA7, 0xA1, 0x1D, 0xF7, 0x53, 0xE6, 0x0D, 0x4C, 0xA9, 0x3E, 0xF7,
    0x55, 0x9F, 0xF9, 0xB8, 0x23, 0x64, 0x9B, 0xBB, 0xBB, 0x50, 0x9C, 0xAE, 0x9F, 0x1D, 0xC7, 0x42,
    0x52, 0xFB, 0xBB, 0xB1, 0x4D, 0xD9, 0x8F, 0xB0, 0x93, 0x82, 0x4C, 0x02, 0x7C, 0xE9, 0xC9, 0x40,
    0xD7, 0xF8, 0x38, 0xA0, 0x74, 0xB6, 0xE5, 0x02, 0xA7, 0x1A, 0xB1, 0x50, 0xA6, 0x5A, 0xF2, 0x4F,
    0x64, 0x25, 0x56, 0xBC, 0x9D, 0x09, 0x80, 0x05, 0x92, 0x32, 0xE0, 0xD0, 0x91, 0xB2, 0x8D, 0xFA,
    0x6E, 0x9E, 0x82, 0x15, 0x51, 0x40, 0x61, 0xBA, 0x52, 0x2B, 0x0F, 0x2C, 0x8F, 0x0A, 0x5F, 0x13,
    0x65, 0x7E, 0xD2, 0xF0, 0xC9, 0xA7, 0xA7, 0xD7, 0x6C, 0xA3, 0x68, 0xD8, 0x6B, 0x96, 0x47, 0x3E,
    0xA2, 0xEB, 0xDB, 0xB9, 0x0C, 0x94, 0x86, 0x8E, 0xB2, 0x33, 0x07, 0x3F, 0x20, 0x4A, 0x14, 0xC7,
    0xCB, 0xA9, 0x0F, 0xF3, 0x12, 0x2F, 0xFE, 0x92, 0x25, 0xE8, 0x3F, 0xD4, 0xF7, 0x29, 0x95, 0x69,
    0x96, 0x9C, 0x3D, 0x35, 0x5E, 0xFA, 0x6B, 0xAF, 0x54, 0x42, 0x8D, 0xDF, 0xBB, 0xDF, 0x08, 0x1A,
    0xF9, 0x90, 0x75, 0xCB, 0x55, 0x03, 0xF4, 0x7A, 0xB6, 0xD6, 0x88, 0xA8, 0x3E, 0xF2, 0xC2, 0xF4,
    0x90, 0x38, 0x27, 0x32, 0xAC, 0x1D, 0x4A, 0x98, 0x08, 0xDE, 0xFA, 0xB2, 0x1F, 0xF5, 0xC2, 0x0A,
    0xFC, 0xB8, 0x3D, 0x65, 0x6A, 0x8F, 0x77, 0xD9, 0x2A, 0x28, 0xA4, 0x8C, 0xAE, 0x14, 0xD4, 0x49,
    0x93, 0x97, 0xF2, 0x33, 0xCF, 0x72, 0xE0, 0x5E, 0x7B, 0x5E, 0xF6, 0x98, 0xAA, 0x4E, 0x83, 0xAA,
    0x44, 0x13, 0xCC, 0x85, 0xDA, 0xA0, 0xEA, 0x91, 0x02, 0x6C, 0x80, 0x88, 0xF1, 0xA0, 0x4A, 0x68,
    0x0E, 0xF1, 0x81, 0x1C, 0x88, 0x88, 0xCB, 0xE5, 0x44, 0x2A, 0xD9, 0x92, 0x53, 0xE8, 0x4D, 0x46,
    0xA1, 0x44, 0x56, 0x0A, 0x49, 0xD4, 0x2C, 0x41, 0x54, 0xCA, 0x08, 0x95, 0xD0, 0x08, 0x36, 0x84,
    0xD3, 0x10, 0xE2, 0x45, 0x8E, 0xCE, 0x25, 0x4E, 0xCE, 0x4C, 0xA4, 0x5B, 0x98, 0x62, 0xF2, 0x54,
    0xBD, 0x1B, 0x8D, 0x99, 0x08, 0x0E, 0xF1, 0x81, 0x9C, 0x79, 0x77, 0x32, 0x1F, 0x44, 0x36, 0xFC,
    0xD1, 0xC7, 0x2B, 0x1F, 0x62, 0xCC, 0x32, 0xD9, 0x08, 0xAF, 0x20, 0x2F, 0x6D, 0x3B, 0xF4, 0xD2,
    0x99, 0x9B, 0x86, 0x2F, 0x98, 0x5B, 0xFD, 0x9F, 0x62, 0x63, 0x56, 0xE2, 0x32, 0x6F, 0x7E, 0x33,
    0xFF, 0x7D, 0xC1, 0x98, 0x1A, 0x23, 0xF1, 0xCA, 0x20, 0x3E, 0xCA, 0x56, 0x8E, 0x0F, 0x75, 0x83,
    0xEA, 0x09, 0xA4, 0x8A, 0x19, 0xEC, 0xC4, 0x19, 0x65, 0xD1, 0xEE, 0xA6, 0xEB, 0xBE, 0xD2, 0xB8,
    0x42, 0x32, 0xE8, 0xC7, 0x86, 0xC6, 0x5C, 0x5D, 0x26, 0xA2, 0xC4, 0xA3, 0xC5, 0x47, 0x8B, 0x5D,
    0xD6, 0x0E, 0x51, 0xF2, 0x4F, 0xB5, 0x99, 0x44, 0x9C, 0x28, 0x13, 0xC1, 0x81, 0x73, 0x07, 0xB8,
    0x21, 0x0E, 0xE4, 0x4E, 0xC4, 0xD3, 0xBC, 0x03, 0xF6, 0x53, 0xD8, 0xC0, 0x90, 0xA1, 0x84, 0xC7,
    0xFA, 0x28, 0xC5, 0xFE, 0xE9, 0xAA, 0x74, 0xD7, 0x42, 0x97, 0x91, 0x72, 0xE4, 0x4B, 0xE3, 0xAD,
    0x63, 0x36, 0xA0, 0xA3, 0xD9, 0xAD, 0x81, 0xB8, 0x3D, 0x98, 0xA5, 0xD0, 0x63, 0x64, 0x9D, 0x38,
    0x4F, 0x78, 0xE8, 0x01, 0xAB, 0x31, 0x00, 0x6D, 0x63, 0xDE, 0x73, 0x1A, 0x6B, 0xB1, 0x9E, 0xD2,
    0x43, 0x06, 0x78, 0x2F, 0x9C, 0x32, 0x12, 0xE9, 0x52, 0xB3, 0x1E, 0xBE, 0x20, 0xD4, 0xD6, 0x02,
    0x15, 0xBA, 0x96, 0xC9, 0x80, 0x6F, 0x27, 0x55, 0xCA, 0x60, 0x02, 0x9F, 0x6D, 0xD3, 0x80, 0x27,
    0x23, 0x43, 0x87, 0x9A, 0x59, 0x49, 0x4E, 0x9A, 0x40, 0x6D, 0xBF, 0x06, 0x87, 0xC9, 0xE9, 0x9F,
    0xE7, 0xD7, 0x99, 0xC3, 0x0B, 0x13, 0x99, 0xF0, 0xB6, 0x9F, 0xF5, 0xE7, 0xEA, 0x2B, 0x05, 0x5B,
    0xAF, 0xD8, 0xA9, 0xE2, 0x7A, 0x2E, 0xFF, 0x28, 0x1C, 0x33, 0x43, 0xE7, 0x7E, 0xD1, 0x08, 0x63,
    0x61, 0x3C, 0xAC, 0x69, 0x4F, 0x8B, 0x86, 0xEE, 0x6E, 0xF0, 0x5B, 0x3C, 0x75, 0x44, 0x84, 0xF2,
    0x6B, 0xF0, 0xED, 0x77, 0x43, 0xD6, 0x0E, 0x46, 0x74, 0xFE, 0xF6, 0x7F, 0x5F, 0x8E, 0xF8, 0x45,
    0xB9, 0x9E, 0xB7, 0x68, 0xB1, 0xF6, 0x53, 0x42, 0x9E, 0x5C, 0xA4, 0xAD, 0x59, 0x20, 0x2D, 0x70,
    0xA6, 0x9E, 0x3F, 0x0C, 0xCE, 0xD1, 0x26, 0x07, 0x8B, 0xEE, 0xF0, 0x2A, 0x91, 0x4A, 0xEF, 0xD5,
    0xF5, 0x8A, 0x1B, 0xBB, 0x11, 0xC7, 0x3E, 0x0F, 0x82, 0xAB, 0x30, 0x89, 0x68, 0xC0, 0xF3, 0x61,
    0x33, 0x98, 0xF7, 0x0C, 0x2A, 0xD8, 0xFC, 0xDD, 0xF5, 0x9B, 0x2D, 0x3B, 0xA7, 0xF3, 0xE5, 0xC6,
    0x30, 0x4E, 0xC8, 0xEA, 0x9C, 0xBE, 0x93, 0xFB, 0x51, 0x95, 0x7C, 0x49, 0x90, 0x25, 0xA7, 0x91,
    0xDD, 0x35, 0xF9, 0xAB, 0xD2, 0x2F, 0x0A, 0x8A, 0xA7, 0xF4, 0xC5, 0xAA, 0x2D, 0xE8, 0x33, 0xED,
    0x9A, 0x15, 0x5D, 0x33, 0x6B, 0xAB, 0xE3, 0x7A, 0xCD, 0x2A, 0x41, 0x08, 0xED, 0x9E, 0xDC, 0xEF,
    0x87, 0x00, 0x5D, 0x13, 0x4D, 0x85, 0x00, 0xB8, 0x07, 0x06, 0x2E, 0x69, 0xAE, 0xAB, 0x7C, 0x28,
    0xBE, 0xD6, 0xB6, 0x0E, 0xA5, 0xE7, 0x57, 0xED, 0x92, 0xF6, 0x0F, 0x21, 0xD3, 0x89, 0x4B, 0x7D,
    0xB1, 0x61, 0xEE, 0x6B, 0xA7, 0x9B, 0x07, 0x94, 0x47, 0xD1, 0x4E, 0x0B, 0xAE, 0xC6, 0xE9, 0x59,
    0x3F, 0xE4, 0x95, 0x8B, 0x0B, 0xD7, 0x6F, 0xB5, 0x6C, 0xDB, 0xD6, 0x85, 0xD0, 0x96, 0xB6, 0x36,
    0x3B, 0x47, 0xF1, 0x35, 0x85, 0xB5, 0x27, 0x1C, 0x93, 0x26, 0xCE, 0x0E, 0x2F, 0x0E, 0x26, 0x98,
    0x5B, 0xFF, 0x5C, 0xD2, 0xCB, 0xD0, 0xE2, 0xAF, 0x6D, 0x60, 0xDD, 0x34, 0x75, 0xDD, 0x10, 0x05,
    0xE1, 0x09, 0x7A, 0x6C, 0x12, 0x1F, 0x6D, 0xAF, 0x6C, 0xE0, 0x4F, 0x08, 0x87, 0xE6, 0xE5, 0x05,
    0xF9, 0xB2, 0x49, 0x0C, 0xFC, 0x0B, 0xBD, 0x5B, 0x4F, 0x8C, 0xDC, 0xD6, 0x79, 0x7F, 0x24, 0xE5,
    0x65, 0x6A, 0x22, 0xA2, 0x0A, 0x18, 0xB1, 0x9B, 0xB5, 0xC4, 0x1C, 0x53, 0x44, 0x12, 0x7D, 0xC8,
    0x41, 0x29, 0x76, 0xF7, 0x51, 0x36, 0xD0, 0x2D, 0x10, 0xA0, 0x32, 0x90, 0x08, 0x2E, 0x90, 0xC3,
    0xE6, 0xD0, 0x43, 0x7A, 0x48, 0x27, 0x07, 0x1D, 0x16, 0xE8, 0x6A, 0x48, 0x5B, 0x07, 0x1D, 0x02,
    0x54, 0x02, 0x0A, 0xC7, 0x45, 0xD3, 0xC2, 0x3E, 0xF4, 0xD2, 0x00, 0x81, 0x75, 0xD8, 0x83, 0x82,
    0x6A, 0x86, 0x94, 0xF6, 0x60, 0xA0, 0x46, 0x23, 0x2A, 0x8E, 0x23, 0x14, 0x05, 0x1A, 0x3A, 0x5A,
    0x47, 0x01, 0x8C, 0x46, 0xB4, 0xCC, 0x75, 0xB8, 0x11, 0x39, 0xEC, 0xEF, 0xF7, 0x3D, 0xCE, 0xEC,
    0xAE, 0x2C, 0xA7, 0xDA, 0x58, 0xCE, 0xEE, 0xCE, 0xEC, 0xEE, 0x70, 0xE6, 0xBD, 0xEF, 0x7D, 0x7F,
    0x7F, 0xDF, 0x1F, 0x2A, 0x15, 0x29, 0xA5, 0x6A, 0x3C, 0x74, 0xA2, 0x94, 0xC5, 0x3F, 0x3C, 0xBE,
    0xA2, 0x54, 0xD8, 0x75, 0xA5, 0x9A, 0xA8, 0x2B, 0x4A, 0x47, 0x47, 0x94, 0x9F, 0xCD, 0x45, 0x6E,
    0x89, 0x37, 0x34, 0x9E, 0x52, 0x63, 0x3B, 0xC3, 0xBB, 0x4B, 0xE5, 0x77, 0xB5, 0x72, 0xB6, 0xBE,
    0x8D, 0x17, 0xDD, 0x48, 0x8D, 0xB9, 0x44, 0x64, 0x45, 0x7E, 0x6E, 0xE5, 0x4E, 0xA9, 0xAA, 0xB9,
    0xF6, 0xF4, 0x9A, 0xDB, 0x75, 0x9D, 0x52, 0x76, 0x7E, 0x06, 0x6F, 0xD1, 0x4A, 0x2D, 0x7A, 0x89,
    0x9A, 0x7E, 0xA5, 0x5D, 0x97, 0x39, 0xB5, 0x5D, 0xAA, 0x56, 0xAD, 0x2A, 0xAD, 0xFE, 0x44, 0x05,
    0x99, 0x52, 0x6E, 0x79, 0x54, 0xD9, 0x35, 0x76, 0x98, 0x38, 0xD8, 0xA1, 0x2B, 0x94, 0xFF, 0xF6,
    0x3A, 0x5E, 0x3C, 0x8C, 0x17, 0xF1, 0x91, 0x56, 0x3D, 0x86, 0x1D, 0xDC, 0xC8, 0xCF, 0x9C, 0x7C,
    0x7E, 0xEB, 0x74, 0x19, 0x74, 0x5D, 0x23, 0x6B, 0xF9, 0xA0, 0xD4, 0x3D, 0x57, 0xAF, 0xD9, 0x79,
    0x73, 0x50, 0x5D, 0xD2, 0x4E, 0x24, 0x8B, 0x79, 0xBF, 0x9C, 0x28, 0x87, 0x67, 0xE8, 0xFE, 0xBC,
    0xC3, 0x0E, 0x41, 0x16, 0x64, 0x4E, 0xE5, 0x15, 0xAA, 0xB1, 0x2B, 0xFC, 0xDB, 0xE0, 0x05, 0xAD,
    0xBC, 0x3C, 0xC8, 0xDC, 0x72, 0xBE, 0x72, 0x8B, 0xB0, 0xFB, 0xEA, 0x45, 0xAE, 0xC5, 0xB3, 0x73,
    0xD5, 0x14, 0x8F, 0x11, 0x1E, 0x97, 0xD5, 0x6E, 0x66, 0xAC, 0x81, 0x00, 0x1F, 0xCC, 0x70, 0x12,
    0x30, 0xE3, 0xA2, 0xC5, 0x37, 0x9A, 0x73, 0x83, 0x08, 0x6C, 0xE9, 0x08, 0x87, 0x1E, 0xF0, 0xA2,
    0xDD, 0x82, 0x1E, 0x9C, 0xC7, 0x7C, 0xD9, 0xDD, 0xB6, 0x0A, 0x5F, 0x1E, 0x83, 0xD9, 0xC7, 0xDD,
    0x42, 0x1D, 0xC3, 0x9B, 0x0E, 0x84, 0x78, 0x33, 0x38, 0xA4, 0xE2, 0xAE, 0x92, 0x0F, 0x8F, 0xE4,
    0xBC, 0x66, 0xA1, 0x58, 0x59, 0xB9, 0x56, 0x4E, 0x1E, 0x66, 0x4E, 0xE6, 0x6D, 0xAF, 0x64, 0x2A,
    0xDD, 0x36, 0xEB, 0xCC, 0x77, 0x89, 0xB3, 0x3D, 0x88, 0xB4, 0x5A, 0x00, 0x7F, 0x4A, 0x3F, 0xB7,
    0x23, 0x8D, 0xFD, 0x52, 0x3C, 0xB8, 0x55, 0x5A, 0x81, 0x6C, 0xF0, 0x2D, 0xC0, 0xFE, 0x7E, 0x0E,
    0x26, 0xDB, 0x38, 0xBB, 0x9F, 0xF8, 0xB9, 0x7E, 0xB9, 0x55, 0xF3, 0x93, 0x08, 0x64, 0xD4, 0x38,
    0x92, 0x53, 0x91, 0xCA, 0x98, 0x2C, 0x06, 0x73, 0x40, 0x74, 0x03, 0x8E, 0xAB, 0x30, 0xC1, 0xF6,
    0xE6, 0x52, 0xAA, 0x82, 0x2E, 0x53, 0xEB, 0x87, 0x55, 0xEC, 0x67, 0xFE, 0xB3, 0xC5, 0x4C, 0x82,
    0xE0, 0x49, 0x82, 0xCF, 0xF3, 0x23, 0x78, 0x17, 0x3E, 0x43, 0x21, 0x8D, 0xEF, 0xFB, 0xBF, 0x9D,
    0xFE, 0xEF, 0x95, 0xB2, 0x0C, 0x24, 0x02, 0xB2, 0x26, 0x86, 0x2B, 0x94, 0xD2, 0x50, 0xC9, 0xFB,
    0xFC, 0x5C, 0xCE, 0x4F, 0xE6, 0x81, 0x25, 0x2A, 0x8C, 0x3C, 0xD0, 0xB1, 0x88, 0x45, 0x2A, 0x48,
    0xFC, 0x36, 0x48, 0x9B, 0x44, 0xB3, 0x7D, 0xA1, 0x54, 0x78, 0x8B, 0x9B, 0x53, 0x61, 0x71, 0x6C,
    0x2C, 0xA2, 0x16, 0xA8, 0x9B, 0xEA, 0x48, 0xAF, 0xBE, 0x64, 0x9A, 0x93, 0x69, 0x90, 0x87, 0xCB,
    0x3F, 0x03, 0x09, 0xAB, 0x4E, 0x89, 0xBD, 0x8E, 0x59, 0x0D, 0x4F, 0x04, 0x1A, 0x5B, 0xE5, 0x26,
    0x3A, 0xD2, 0x91, 0x93, 0xF9, 0x59, 0x70, 0xED, 0x6A, 0xE1, 0x94, 0xFE, 0xFB, 0x4D, 0x09, 0xDD,
    0x2E, 0xE3, 0x52, 0xA5, 0x2B, 0xA5, 0x5F, 0xD8, 0x5D, 0x77, 0x51, 0x59, 0x5D, 0x1D, 0x83, 0xD4,
    0x38, 0x0F, 0x2A, 0x1E, 0xC3, 0xD0, 0xC8, 0xFD, 0xB4, 0x90, 0x1E, 0xAB, 0x30, 0xE3, 0x89, 0xC1,
    0x2B, 0xD5, 0xFD, 0x20, 0xC5, 0x07, 0x40, 0xD9, 0x72, 0x0D, 0xC2, 0x63, 0xD5, 0x5A, 0x7C, 0x9E,
    0xE0, 0x68, 0x63, 0x28, 0x73, 0x85, 0x1D, 0x5B, 0x9C, 0xB8, 0x01, 0x05, 0xD8, 0xC6, 0xA9, 0xBD,
    0xCA, 0x6E, 0x07, 0x45, 0x3C, 0x09, 0x3B, 0x23, 0x4A, 0x0D, 0xF5, 0x5A, 0x0D, 0xAF, 0x15, 0xEB,
    0xE1, 0x8B, 0x45, 0xA9, 0x4F, 0xE6, 0xA2, 0x0B, 0xDA, 0x8A, 0x54, 0x1C, 0x57, 0x30, 0x95, 0x46,
    0x75, 0x27, 0x5B, 0xAC, 0x2B, 0xDF, 0x16, 0xBE, 0xED, 0xDA, 0xAE, 0x9D, 0xCA, 0x7C, 0x3F, 0x89,
    0xEF, 0xB8, 0xD3, 0x30, 0x34, 0x75, 0x40, 0xD6, 0xE2, 0xD3, 0x84, 0x2C, 0xA8, 0x68, 0x1B, 0x3D,
    0xDF, 0x70, 0x96, 0xB9, 0x9A, 0x47, 0x69, 0x70, 0x92, 0x13, 0x97, 0xF1, 0xAE, 0x92, 0x3B, 0xE0,
    0x48, 0xB1, 0xC3, 0x53, 0xD0, 0xE8, 0xDB, 0x25, 0x72, 0x97, 0x9F, 0x9A, 0xB4, 0x94, 0x45, 0x4C,
    0xD9, 0x40, 0x7C, 0x4E, 0x85, 0xE3, 0x82, 0x47, 0x39, 0x9E, 0xC0, 0xE8, 0xF9, 0xCA, 0xD9, 0x56,
    0xF1, 0xC4, 0xEE, 0xA2, 0x7E, 0x47, 0x9F, 0x82, 0x70, 0x6A, 0xD1, 0x09, 0xB1, 0xF0, 0xF5, 0x5E,
    0x52, 0x41, 0xF7, 0x62, 0x57, 0x5B, 0x5D, 0x04, 0xFE, 0x81, 0xD9, 0xD4, 0x26, 0xBB, 0xC1, 0x1A,
    0x76, 0x87, 0xC5, 0x6D, 0x68, 0xC3, 0xD8, 0x7E, 0x0F, 0x2A, 0xF7, 0xEC, 0x2D, 0x5C, 0xB9, 0x56,
    0xE0, 0xCA, 0xDD, 0x42, 0x2B, 0x6B, 0x52, 0x60, 0xB7, 0xB4, 0xA0, 0x32, 0x16, 0xFC, 0x0C, 0xB4,
    0x96, 0xDA, 0xA2, 0x69, 0x44, 0x61, 0xE6, 0x76, 0x05, 0x65, 0xA2, 0x5E, 0x53, 0x54, 0x81, 0x67,
    0xB0, 0xC7, 0x39, 0x90, 0x41, 0x01, 0x4D, 0xBF, 0x9C, 0xAE, 0xF1, 0xB1, 0x2F, 0xF4, 0xC8, 0x69,
    0x54, 0x48, 0x45, 0x84, 0xA7, 0x2A, 0xC0, 0x87, 0x30, 0xBB, 0xD2, 0x9F, 0x76, 0xB2, 0x88, 0x93,
    0x4D, 0xA8, 0x44, 0xE4, 0x9A, 0x5F, 0x4D, 0x09, 0x5F, 0xC3, 0xA9, 0x79, 0x5D, 0x8F, 0xC8, 0xB0,
    0xDC, 0xA8, 0xA6, 0xF0, 0xCE, 0xEF, 0xB2, 0xA0, 0xB2, 0xD2, 0xE7, 0x41, 0x10, 0xDE, 0xD9, 0x88,
    0xA9, 0x90, 0xC1, 0x20, 0x55, 0xFE, 0x89, 0xE5, 0x9F, 0x8F, 0xBF, 0x92, 0xED, 0xBA, 0x12, 0xBE,
    0x7D, 0xBA, 0x85, 0xA1, 0xD3, 0xA3, 0x28, 0xF2, 0x10, 0x44, 0x52, 0x6D, 0x49, 0x80, 0x9D, 0xF3,
    0xCF, 0xD2, 0x9C, 0x83, 0xBF, 0x42, 0xBE, 0xC0, 0x37, 0x79, 0x3C, 0xF4, 0x10, 0xE6, 0xE1, 0xBC,
    0x85, 0xD7, 0x43, 0x6A, 0x21, 0x4C, 0x03, 0x9F, 0x1A, 0xD3, 0x69, 0xC0, 0x0F, 0xBF, 0xFB, 0x02,
    0x2C, 0x8C, 0xDA, 0x49, 0xEF, 0xE6, 0x65, 0xD0, 0xB8, 0x45, 0x90, 0xEF, 0x62, 0xEF, 0x2A, 0x6E,
    0x8C, 0x54, 0x61, 0xF1, 0xDD, 0x04, 0x9E, 0x7B, 0x11, 0xD2, 0x38, 0x86, 0x77, 0x1D, 0x05, 0x71,
    0x4F, 0xE0, 0x61, 0xDC, 0x4C, 0x87, 0x6D, 0xDA, 0x79, 0x28, 0xA9, 0x5D, 0x1B, 0x15, 0xA3, 0xB9,
    0xF0, 0x81, 0xEF, 0xD2, 0x2B, 0xBD, 0xAD, 0x38, 0x4B, 0x7B, 0x75, 0x55, 0xFC, 0xC3, 0xAD, 0x07,
    0xB9, 0x6A, 0x21, 0x50, 0x8D, 0x25, 0x82, 0x0C, 0xA2, 0xA1, 0xDD, 0xD4, 0xE0, 0x77, 0xCB, 0x93,
    0xD2, 0x7B, 0xDF, 0x48, 0xE1, 0x27, 0x9D, 0xCA, 0xA6, 0x9F, 0x69, 0x15, 0x2D, 0x2E, 0x80, 0xC5,
    0xF9, 0x85, 0xB7, 0x35, 0x28, 0xE0, 0xBD, 0x93, 0xDD, 0xA1, 0xC0, 0x62, 0x28, 0x58, 0xC0, 0x62,
    0x07, 0xB1, 0x98, 0x2D, 0xC1, 0xA6, 0xF7, 0xFA, 0x46, 0xA5, 0x7D, 0x89, 0x0F, 0x0F, 0x78, 0xD1,
    0xAB, 0x8C, 0x2B, 0xDA, 0xED, 0x1F, 0xC0, 0xB5, 0x35, 0xAA, 0xBF, 0x55, 0xC8, 0x3B, 0x22, 0x9E,
    0x71, 0x81, 0xDE, 0xC1, 0x2A, 0x41, 0x1B, 0xB8, 0x46, 0xE7, 0xBC, 0x48, 0x47, 0x6F, 0x51, 0xA3,
    0xF1, 0x02, 0x0D, 0x7A, 0x81, 0x7C, 0xB0, 0xA9, 0x74, 0x30, 0x1B, 0x7E, 0xB0, 0xE6, 0x26, 0x7E,
    0x46, 0xAF, 0xD4, 0x9E, 0xFE, 0x46, 0xC1, 0x28, 0xD0, 0x25, 0x16, 0x24, 0x11, 0x66, 0x9E, 0x38,
    0x83, 0x63, 0x58, 0x77, 0x95, 0xF2, 0xB2, 0x0A, 0x07, 0x14, 0xB8, 0xD1, 0xA3, 0x0D, 0x6E, 0xD6,
    0xD8, 0xE9, 0xCA, 0x20, 0xF7, 0x27, 0x73, 0x93, 0x67, 0xBB, 0xEC, 0xF8, 0x9A, 0x5B, 0x06, 0xDF,
    0x86, 0x7A, 0x04, 0x88, 0xBD, 0x70, 0x70, 0x63, 0x17, 0x5B, 0x7A, 0xCF, 0x55, 0x0B, 0xF8, 0xF8,
    0x71, 0x18, 0x10, 0x7E, 0x2D, 0xC6, 0xA1, 0xD9, 0x9F, 0xBA, 0xE3, 0x89, 0x9F, 0x54, 0x13, 0x7D,
    0x0A, 0xB4, 0x7A, 0x65, 0x43, 0x7F, 0x19, 0xBB, 0x65, 0x4C, 0x52, 0x82, 0x4C, 0x3C, 0xF7, 0x18,
    0x47, 0x7B, 0xB2, 0x72, 0xB7, 0x61, 0xBC, 0x5D, 0xD6, 0x35, 0x9E, 0x89, 0xA7, 0x6A, 0x30, 0x01,
    0x71, 0x1D, 0xCC, 0x61, 0x62, 0x43, 0xA2, 0x73, 0xE2, 0x9D, 0xE1, 0xA8, 0x71, 0x66, 0x1F, 0xB4,
    0xFE, 0xF1, 0xC4, 0x48, 0x80, 0xFC, 0xF4, 0x8A, 0x75, 0xA5, 0xCF, 0xE5, 0x56, 0xE3, 0x47, 0x41,
    0xAE, 0xBF, 0xD7, 0xE2, 0xA3, 0x11, 0xED, 0x25, 0xE8, 0x12, 0xD8, 0x4B, 0x47, 0xA3, 0x97, 0x90,
    0x02, 0x4F, 0xA9, 0x55, 0x58, 0x52, 0x4F, 0x68, 0x08, 0xC7, 0xC7, 0x30, 0x84, 0xE3, 0xBC, 0x72,
    0x1C, 0x7C, 0xD6, 0xC7, 0xA1, 0xEB, 0xC1, 0xAF, 0x41, 0x0B, 0xB4, 0x1C, 0x57, 0x26, 0xFC, 0xCC,
    0x84, 0xC2, 0xD5, 0xB4, 0x82, 0x30, 0x87, 0x92, 0xC5, 0x13, 0x57, 0x4E, 0xF3, 0x38, 0x23, 0xB4,
    0x97, 0x7D, 0x07, 0x82, 0xAA, 0xBE, 0x43, 0x03, 0x29, 0xD5, 0xAE, 0xAF, 0x4F, 0xCD, 0xE1, 0x7C,
    0x4A, 0xEE, 0x73, 0x8A, 0x2D, 0xC0, 0xF7, 0xE3, 0xD4, 0x32, 0x3B, 0x17, 0x3D, 0xA4, 0x46, 0x20,
    0x80, 0x45, 0x12, 0xB9, 0xA8, 0xBF, 0xD4, 0x75, 0x51, 0x54, 0x46, 0x2F, 0x28, 0x1B, 0xB5, 0x6F,
    0x81, 0x32, 0x60, 0x04, 0x83, 0xBF, 0xC5, 0x67, 0x0F, 0xFB, 0xF0, 0x4C, 0xCE, 0x87, 0x39, 0x3E,
    0xAB, 0x2B, 0x15, 0x27, 0xFC, 0xDD, 0xCD, 0xD0, 0x16, 0x1C, 0x44, 0x97, 0x3B, 0x9D, 0xE2, 0xAE,
    0xE0, 0x03, 0x7E, 0x34, 0x22, 0x1D, 0xB8, 0x0E, 0xB3, 0xAC, 0x95, 0x7B, 0x27, 0x81, 0xCB, 0xB3,
    0xEF, 0x15, 0x41, 0x1C, 0xA9, 0xED, 0xC6, 0xBF, 0x9E, 0xA9, 0x45, 0xED, 0xBE, 0x01, 0xBF, 0x79,
    0x6A, 0xE3, 0x1D, 0x5C, 0xDE, 0xF8, 0xB0, 0x1C, 0x2B, 0xBB, 0x1C, 0xF3, 0x34, 0x75, 0xD0, 0x60,
    0xCB, 0x25, 0x97, 0xF1, 0xCC, 0x8F, 0x3A, 0x0A, 0x2D, 0xD7, 0x11, 0x41, 0x82, 0xF7, 0x52, 0x57,
    0x4F, 0xF7, 0x83, 0xB4, 0x4A, 0x28, 0x55, 0x48, 0x3F, 0x24, 0x7E, 0xCF, 0x16, 0x27, 0xD8, 0xD2,
    0x84, 0x35, 0x35, 0x1E, 0x6B, 0x4C, 0x18, 0xEA, 0x11, 0xF9, 0x6A, 0xEA, 0xD7, 0x9E, 0x2B, 0xE6,
    0x9F, 0x68, 0xFA, 0x0F, 0xB0, 0x43, 0x1C, 0x05, 0x54, 0xD0, 0x3E, 0x96, 0xA5, 0x85, 0x72, 0xB7,
    0x62, 0xFA, 0x16, 0xBA, 0x1B, 0x4D, 0xA1, 0xFD, 0xA2, 0x51, 0x76, 0x03, 0x86, 0xA4, 0xE0, 0x7A,
    0x78, 0x27, 0x53, 0xFE, 0xBD, 0x52, 0x39, 0xF7, 0x6A, 0x88, 0x01, 0x48, 0x2E, 0xC5, 0xD6, 0xFA,
    0x39, 0xE8, 0x44, 0x82, 0x98, 0x9D, 0xB8, 0xDB, 0x38, 0x65, 0xD8, 0x4E, 0x79, 0x23, 0x9E, 0x78,
    0x0F, 0xAD, 0xCE, 0x7D, 0xB4, 0x06, 0x3B, 0xA7, 0xD8, 0x45, 0xDE, 0xEC, 0xCA, 0x1E, 0xC2, 0xE1,
    0x8D, 0x48, 0x6B, 0xD2, 0xD3, 0x6A, 0xD3, 0x17, 0xE9, 0x57, 0xA8, 0x35, 0x13, 0x71, 0x94, 0xFC,
    0x1E, 0xC3, 0x98, 0x46, 0x84, 0x04, 0xF8, 0x50, 0x13, 0x14, 0x16, 0x9C, 0xB2, 0x08, 0xBF, 0x36,
    0x31, 0x9B, 0x22, 0xA7, 0xAC, 0xE7, 0x2B, 0x12, 0x37, 0xC3, 0x8C, 0x9B, 0x82, 0x19, 0x5B, 0x60,
    0xC6, 0x12, 0x98, 0x31, 0x57, 0x47, 0x19, 0xB2, 0x04, 0x33, 0xF6, 0x0E, 0x7C, 0xDC, 0xC7, 0xFD,
    0x1E, 0x33, 0x16, 0x60, 0x20, 0xD4, 0xC9, 0xC9, 0xDC, 0x5D, 0x98, 0x91, 0x1E, 0x6C, 0xC9, 0x2D,
    0x97, 0x16, 0xBC, 0xE2, 0xD8, 0xAA, 0x57, 0x1C, 0x15, 0xD3, 0xA6, 0x0A, 0xF1, 0x41, 0xDD, 0x93,
    0x45, 0xA3, 0xFE, 0xF1, 0xD1, 0xC5, 0xFD, 0x2E, 0x9F, 0x3A, 0x59, 0x07, 0x86, 0x91, 0xC1, 0x07,
    0x74, 0x30, 0x47, 0x90, 0xBF, 0x00, 0x04, 0xE0, 0xE4, 0x90, 0x55, 0xC8, 0x85, 0x68, 0x1D, 0x17,
    0xB0, 0x44, 0x7A, 0x99, 0xE1, 0x93, 0xB8, 0x8F, 0xFC, 0xA6, 0xEF, 0x45, 0x90, 0x02, 0xCA, 0xA6,
    0x2A, 0xDF, 0xC1, 0xF5, 0xB8, 0xEA, 0xD7, 0x9E, 0x39, 0x6F, 0xF2, 0x8D, 0xB8, 0x8A, 0xD1, 0x54,
    0x0D, 0xE0, 0x6F, 0xED, 0xED, 0xF8, 0x66, 0x05, 0xD4, 0xAA, 0x9A, 0x30, 0xD1, 0xAA, 0xD5, 0x70,
    0xE6, 0x93, 0x94, 0xB0, 0x8A, 0x31, 0xA5, 0x9D, 0x10, 0x10, 0x8D, 0x15, 0xC2, 0x54, 0x8C, 0x34,
    0xA4, 0x08, 0xCF, 0x35, 0x41, 0x82, 0xB4, 0x03, 0xBB, 0x3D, 0xB9, 0x25, 0xC0, 0x6A, 0xB6, 0x70,
    0x1B, 0x4E, 0x54, 0x90, 0x43, 0xE5, 0xBC, 0x02, 0x80, 0xC5, 0x29, 0x35, 0x31, 0x0B, 0x10, 0x81,
    0x35, 0xA1, 0x0B, 0x91, 0x73, 0xC5, 0xD1, 0xF4, 0xC9, 0x40, 0x55, 0xF2, 0xE5, 0x4D, 0xC2, 0x51,
    0x8A, 0x64, 0x04, 0x1D, 0xB1, 0x11, 0x10, 0x21, 0x97, 0xC7, 0x20, 0xCB, 0x16, 0x90, 0xE0, 0xD3,
    0x00, 0x06, 0xA9, 0x01, 0x06, 0x08, 0xAF, 0xA4, 0xFA, 0xAC, 0xE0, 0x2B, 0x81, 0x03, 0x99, 0x81,
    0x06, 0x69, 0xA3, 0x27, 0x2B, 0x9B, 0x41, 0x85, 0x38, 0x0A, 0xE9, 0xCA, 0x23, 0x0B, 0x11, 0xBE,
    0x74, 0x04, 0xF6, 0x44, 0x61, 0xA4, 0x5F, 0x4C, 0x23, 0x18, 0x95, 0xF2, 0xB6, 0xA7, 0xA2, 0x9B,
    0xE6, 0x12, 0xE0, 0xEC, 0x5C, 0x4B, 0x1F, 0x99, 0x80, 0x6E, 0x7C, 0x37, 0x56, 0x77, 0xB2, 0x3B,
    0x49, 0xD2, 0x19, 0xEB, 0x15, 0x17, 0x14, 0x4A, 0x34, 0xF3, 0x38, 0x03, 0x36, 0xBD, 0x02, 0x36,
    0x46, 0x53, 0xE4, 0x0E, 0xF8, 0xBF, 0xA5, 0x7B, 0xC6, 0x2B, 0x42, 0xB9, 0x4F, 0xDF, 0x33, 0xC6,
    0x39, 0x48, 0xFC, 0x7D, 0x4B, 0x20, 0xD4, 0xDB, 0xED, 0xE9, 0xF6, 0xF4, 0x44, 0xCC, 0x0B, 0xE4,
    0xFC, 0x21, 0xB7, 0x4C, 0xCD, 0x96, 0x6A, 0xC6, 0x45, 0x24, 0x4F, 0x26, 0x51, 0x34, 0x2E, 0xF7,
    0xA8, 0xD1, 0x88, 0xB2, 0x87, 0xDE, 0x48, 0x34, 0x00, 0xB3, 0x56, 0x21, 0xBE, 0x75, 0x84, 0xC8,
    0x4B, 0xBB, 0x35, 0x3F, 0x05, 0xAE, 0x18, 0xC3, 0x0E, 0x09, 0x73, 0x04, 0x78, 0x23, 0x8C, 0x08,
    0x36, 0x72, 0xA0, 0x70, 0x6E, 0xE9, 0x6E, 0x0D, 0xF2, 0x78, 0x8A, 0x89, 0xF0, 0x09, 0xC4, 0xAC,
    0xAE, 0x20, 0x10, 0x8E, 0x99, 0x3E, 0x99, 0x00, 0x46, 0x53, 0xC6, 0x41, 0x60, 0xDC, 0xB4, 0xE9,
    0x91, 0x58, 0x39, 0xB6, 0x00, 0xDA, 0xE2, 0xE5, 0x3F, 0x6F, 0xF0, 0xAA, 0x9F, 0xE9, 0x97, 0x78,
    0xD9, 0xA3, 0x97, 0xAD, 0xED, 0x06, 0x97, 0x5B, 0x35, 0xE1, 0xE5, 0x48, 0x2F, 0xF3, 0x72, 0x78,
    0x15, 0x7C, 0x01, 0xFE, 0xEA, 0x20, 0xBC, 0xC9, 0x73, 0xBD, 0x97, 0xB5, 0xF8, 0x5B, 0x27, 0x7B,
    0x4D, 0xF5, 0x23, 0x60, 0x0E, 0xC0, 0x0A, 0x24, 0x1B, 0x30, 0x67, 0x13, 0xCC, 0xD5, 0x3B, 0x60,
    0xAE, 0x9E, 0x46, 0xFB, 0xC8, 0xD9, 0x9A, 0x2F, 0x1C, 0x18, 0x33, 0x10, 0x45, 0x6B, 0x49, 0xAC,
    0xEF, 0x57, 0xF3, 0x85, 0x8F, 0x5D, 0x1F, 0xF0, 0x09, 0x3F, 0xEB, 0x05, 0x50, 0xBA, 0x06, 0xBF,
    0xB1, 0x06, 0x4B, 0x19, 0xBF, 0x50, 0xAB, 0x2F, 0xED, 0x60, 0xAF, 0xCF, 0xFF, 0x20, 0x61, 0x62,
    0x19, 0x6F, 0xFA, 0xEF, 0x4E, 0x70, 0x12, 0x11, 0x9A, 0x8E, 0x98, 0x6A, 0x3B, 0xA5, 0x64, 0x94,
    0x31, 0x4F, 0x5B, 0xB8, 0x45, 0x4A, 0x67, 0x92, 0xBE, 0x5E, 0x10, 0x98, 0xD3, 0x56, 0x91, 0xDC,
    0x04, 0x39, 0x53, 0xF4, 0xAB, 0x74, 0xE3, 0x56, 0x2D, 0x67, 0x0F, 0x13, 0xFA, 0x56, 0xC9, 0xD9,
    0xDB, 0x5E, 0x47, 0x9E, 0xAC, 0xAC, 0x76, 0x25, 0x47, 0x48, 0xB6, 0xBB, 0x8B, 0xD3, 0x4D, 0x01,
    0x73, 0x32, 0x15, 0x6C, 0xC2, 0x6C, 0x03, 0x46, 0x4F, 0x9F, 0x81, 0x9C, 0xA0, 0x55, 0x89, 0xF2,
    0x90, 0x87, 0xCA, 0x84, 0x60, 0x30, 0x8F, 0xB6, 0xFC, 0x0F, 0xC4, 0x8B, 0x09, 0x0D, 0x21, 0x23,
    0xBA, 0xE3, 0x67, 0xDC, 0x52, 0x3E, 0x43, 0x19, 0x55, 0x80, 0x77, 0xFE, 0xA6, 0xD3, 0x95, 0x3D,
    0x8F, 0x2F, 0xAB, 0x36, 0x4E, 0xB4, 0x4D, 0x07, 0xC4, 0xE4, 0x0D, 0xF6, 0x85, 0x20, 0x0E, 0xD4,
    0x30, 0x02, 0x1B, 0xE9, 0x93, 0x6C, 0x40, 0x29, 0xFF, 0xBF, 0xDB, 0xE7, 0xE3, 0x57, 0xC8, 0xCD,
    0x6F, 0x21, 0x27, 0xCF, 0x6C, 0x60, 0x80, 0xA5, 0x48, 0x0C, 0xF6, 0x70, 0x5C, 0xA8, 0xEE, 0x95,
    0xD2, 0xAD, 0xE1, 0x99, 0xA0, 0xBA, 0x38, 0x06, 0xB3, 0x40, 0x60, 0xBC, 0x72, 0xA8, 0x82, 0x17,
    0x6B, 0x26, 0x85, 0x2E, 0x20, 0x2A, 0xB2, 0xCA, 0x9B, 0x25, 0x2C, 0x76, 0xEA, 0xEA, 0x13, 0xEF,
    0x67, 0x35, 0x56, 0x87, 0xA3, 0x3A, 0x57, 0x7A, 0xD7, 0xEA, 0xF9, 0xBC, 0x8D, 0x0B, 0x6D, 0xA5,
    0x7E, 0xE6, 0xBD, 0x55, 0xDA, 0xE5, 0x08, 0x2B, 0xFC, 0xAC, 0x51, 0xE9, 0xA6, 0xF1, 0xE8, 0x85,
    0xB5, 0xD5, 0xA8, 0xA4, 0xA1, 0x74, 0xC0, 0x5D, 0x44, 0x45, 0xF1, 0x44, 0x43, 0xEA, 0x5A, 0x34,
    0xB2, 0xF3, 0x78, 0x25, 0x9A, 0x37, 0x82, 0xFE, 0x12, 0x0E, 0xDA, 0x88, 0xBA, 0xD0, 0x9D, 0x8D,
    0x45, 0x3F, 0xD3, 0xCA, 0xDA, 0x1E, 0x93, 0xDF, 0x38, 0xDB, 0x98, 0xCE, 0x55, 0x9F, 0xCA, 0xFC,
    0x0D, 0x98, 0x1B, 0x84, 0x80, 0x43, 0x7A, 0xF9, 0x50, 0xB5, 0xC3, 0x29, 0x65, 0x61, 0xA1, 0xB6,
    0x6A, 0xA7, 0x00, 0xFD, 0x4D, 0xF0, 0x52, 0x1D, 0xAE, 0x14, 0x9A, 0x31, 0xCD, 0xFC, 0x3C, 0xA5,
    0xA3, 0xCB, 0xC1, 0xCD, 0xC2, 0x9E, 0x4C, 0xA5, 0x52, 0xBB, 0x59, 0x78, 0xE3, 0xDD, 0x26, 0xF4,
    0x5E, 0xFD, 0x4F, 0xBB, 0x6E, 0xAE, 0x3C, 0x75, 0xC8, 0xFD, 0xE0, 0x16, 0xD8, 0x1F, 0xDC, 0x21,
    0xEE, 0x89, 0xE9, 0xE6, 0xAD, 0xBB, 0x1F, 0x10, 0xDC, 0x5C, 0xBF, 0x00, 0x46, 0x2D, 0x2E, 0x69,
    0xF5, 0xB5, 0x1B, 0xEF, 0x54, 0xAD, 0xBB, 0xF2, 0x3F, 0x6E, 0xD6, 0x5E, 0x0E, 0xF3, 0x50, 0xA5,
    0x62, 0xAD, 0x83, 0xCA, 0x79, 0x77, 0xE2, 0x24, 0xDA, 0x55, 0xB1, 0x65, 0xCC, 0x47, 0xE7, 0xEA,
    0x73, 0xF8, 0x78, 0x73, 0x02, 0x3F, 0x56, 0x33, 0xFC, 0x46, 0x19, 0x4C, 0x22, 0x60, 0x6D, 0xA0,
    0x9B, 0x66, 0x1E, 0xCC, 0x3C, 0x6B, 0x81, 0x77, 0x61, 0x84, 0x03, 0x81, 0xB1, 0x56, 0x4D, 0x99,
    0x0D, 0x6D, 0x0A, 0x0B, 0x66, 0x30, 0xE9, 0xDE, 0xF3, 0xEA, 0xD8, 0xE8, 0x6B, 0xF5, 0x94, 0xF2,
    0xCF, 0x33, 0xBB, 0x57, 0x26, 0x05, 0xD3, 0xA5, 0x7F, 0x15, 0x81, 0xC4, 0xCD, 0x83, 0x64, 0x04,
    0x79, 0x43, 0x28, 0x58, 0x22, 0xA0, 0xEC, 0x21, 0x3C, 0xCA, 0x3B, 0xCC, 0xC2, 0x3B, 0x93, 0x4B,
    0xE9, 0xF9, 0x7A, 0xAE, 0x0C, 0xCE, 0x4F, 0xDC, 0xC6, 0xCB, 0x7F, 0x93, 0x34, 0x4F, 0x2B, 0x7F,
    0x03, 0xDE, 0x5D, 0x90, 0x94, 0x0D, 0xCC, 0x11, 0xAE, 0x24, 0x60, 0xDE, 0x01, 0xED, 0xDE, 0x5E,
    0x2E, 0x74, 0x71, 0x56, 0xD5, 0xD3, 0xF4, 0x1B, 0x27, 0xC6, 0xC1, 0x94, 0x3A, 0xC1, 0xE2, 0x08,
    0x6C, 0x42, 0x5D, 0x42, 0x54, 0xF0, 0x01, 0x8B, 0x10, 0xA8, 0x95, 0x3A, 0x06, 0x91, 0x00, 0xF1,
    0xA9, 0xA3, 0xEB, 0x6E, 0xE1, 0xC2, 0x34, 0xBE, 0x05, 0x67, 0x06, 0xA6, 0xC7, 0x25, 0x1C, 0x8F,
    0x0B, 0xAF, 0xC9, 0x24, 0x10, 0x76, 0xA6, 0x73, 0x90, 0x7B, 0xA4, 0x5E, 0x82, 0xB2, 0xC4, 0xC7,
    0x80, 0x52, 0xAF, 0xFF, 0x18, 0xF8, 0xF5, 0x56, 0x87, 0x95, 0xD6, 0xD3, 0xF3, 0xF9, 0x1F, 0x2D,
    0x04, 0xD7, 0x2A, 0xB7, 0x75, 0xF3, 0xF1, 0xA5, 0x56, 0x95, 0xFE, 0xE6, 0x5C, 0x89, 0x7D, 0x13,
    0x6D, 0x8D, 0x58, 0xF3, 0x22, 0x3B, 0x70, 0x1A, 0xB0, 0x90, 0xD5, 0xB2, 0x77, 0x57, 0xB2, 0x10,
    0x81, 0xB4, 0x21, 0x7F, 0xBC, 0x1C, 0x1E, 0xE6, 0x9F, 0x87, 0x4A, 0x8B, 0x49, 0x79, 0xAD, 0x0A,
    0x5E, 0x2D, 0x82, 0x04, 0x52, 0x0E, 0x97, 0x0B, 0xEF, 0x16, 0xAC, 0xA2, 0x51, 0x63, 0x18, 0xDF,
    0xA9, 0x2C, 0xD8, 0xC0, 0x7B, 0x47, 0x4E, 0xE1, 0xDF, 0x2C, 0x54, 0x7A, 0x51, 0x7D, 0xFE, 0x7D,
    0xA4, 0x27, 0x69, 0xED, 0xB6, 0x61, 0x92, 0xDA, 0xD4, 0xD7, 0x19, 0xCF, 0x5D, 0xF0, 0x7C, 0x6C,
    0x57, 0x34, 0x10, 0x68, 0xB8, 0xFF, 0xCB, 0x21, 0xE0, 0xB5, 0x01, 0x6E, 0xAF, 0xE7, 0x2A, 0xFE,
    0xA5, 0x71, 0x0A, 0xAC, 0xC1, 0xE1, 0x3A, 0x34, 0xB5, 0x05, 0x51, 0xE2, 0x5F, 0xA5, 0x36, 0xC7,
    0x12, 0x49, 0xED, 0x65, 0xF6, 0x64, 0xA0, 0x68, 0x49, 0xD4, 0x55, 0x41, 0x44, 0x85, 0xC1, 0x0F,
    0xF1, 0x54, 0xC3, 0x82, 0x02, 0x08, 0x44, 0x07, 0xE7, 0xCA, 0xA3, 0x81, 0x14, 0xAB, 0xCA, 0xDE,
    0xDF, 0x36, 0xEA, 0x6B, 0xA5, 0xBB, 0xBC, 0x55, 0x83, 0x8D, 0xF3, 0xEF, 0x37, 0x5E, 0x31, 0xDF,
    0x75, 0x3F, 0xEF, 0x54, 0x7A, 0xAE, 0x45, 0xEE, 0x91, 0xB4, 0x33, 0xAD, 0x80, 0x94, 0xA9, 0x28,
    0x62, 0xC9, 0x22, 0x6C, 0x1A, 0xE2, 0x92, 0x2D, 0x57, 0xC6, 0x7F, 0x8C, 0x2B, 0x48, 0x75, 0x86,
    0xEA, 0x78, 0x94, 0xE6, 0x7E, 0x61, 0x41, 0xD6, 0x30, 0x5D, 0x40, 0x87, 0x1B, 0x60, 0x69, 0x0D,
    0x99, 0x2E, 0xAD, 0xC1, 0x7C, 0x58, 0xC6, 0xA2, 0x6B, 0x4C, 0x13, 0x83, 0x9D, 0x48, 0xA2, 0xCD,
    0x64, 0x10, 0x42, 0xCD, 0x98, 0x33, 0xD2, 0xDA, 0x9A, 0x59, 0x10, 0x9A, 0xCF, 0xFB, 0xF7, 0x4B,
    0x81, 0xD1, 0x2D, 0x7A, 0x8C, 0xC3, 0xF8, 0x6C, 0x33, 0x55, 0x1B, 0xAE, 0xDC, 0x04, 0xC6, 0x1F,
    0xC2, 0xBB, 0xC0, 0x20, 0xAF, 0x62, 0x4B, 0x2D, 0xA8, 0x47, 0xF4, 0x90, 0xAE, 0x67, 0x03, 0x94,
    0xB5, 0x7E, 0x36, 0x72, 0x4B, 0xFD, 0x1C, 0xD0, 0x4B, 0xBC, 0x72, 0x13, 0x96, 0x0E, 0xEC, 0xD8,
    0x57, 0x6D, 0xF3, 0x69, 0xED, 0x87, 0xAB, 0xEB, 0x29, 0x97, 0xAC, 0xCB, 0xAA, 0xF6, 0x26, 0x0E,
    0x58, 0xED, 0x5F, 0x51, 0xE1, 0xB7, 0x0F, 0x49, 0x06, 0xE7, 0x97, 0x86, 0x97, 0xFC, 0xCD, 0xF2,
    0xE0, 0x52, 0xAD, 0x16, 0x4A, 0xE4, 0x58, 0xF9, 0xF8, 0x9B, 0xC8, 0xD2, 0x2E, 0xCE, 0x95, 0x73,
    0xE7, 0x3B, 0xC3, 0x90, 0xD1, 0x7D, 0xC6, 0x54, 0xC0, 0x98, 0x9C, 0xFB, 0x8C, 0xC9, 0x89, 0xA4,
    0xE2, 0xC3, 0x6C, 0xF4, 0x92, 0x52, 0x9F, 0x51, 0x73, 0x85, 0x0A, 0xAA, 0xF0, 0x24, 0x48, 0x85,
    0xB7, 0xC3, 0x41, 0x9C, 0x02, 0x22, 0x8E, 0x23, 0xA2, 0x72, 0xA7, 0x14, 0x62, 0xE1, 0x9C, 0x68,
    0x2E, 0xDB, 0xC2, 0x2D, 0x15, 0x63, 0xD1, 0x66, 0x9E, 0xBB, 0x78, 0x94, 0x83, 0x6C, 0xE4, 0x67,
    0x43, 0xBB, 0x82, 0x88, 0x68, 0xBD, 0x3C, 0x3B, 0xA9, 0xC1, 0x9E, 0x60, 0x88, 0xD7, 0xE8, 0x5C,
    0xB7, 0xDD, 0x7B, 0xF7, 0xFC, 0x42, 0x3F, 0x07, 0x53, 0x7C, 0x3C, 0xFA, 0x96, 0x2C, 0x20, 0xDE,
    0xD8, 0x33, 0x9F, 0xA5, 0xBF, 0xDE, 0xBB, 0x80, 0xFE, 0xB8, 0x05, 0xE8, 0x6F, 0x89, 0xAC, 0xDC,
    0x64, 0x8A, 0xB1, 0x24, 0x89, 0x37, 0x75, 0xAD, 0x2E, 0x73, 0xCF, 0x97, 0xF6, 0xD5, 0x5A, 0x64,
    0x14, 0x4E, 0x22, 0xFF, 0x67, 0x30, 0x23, 0xD9, 0x81, 0xEB, 0x3E, 0x5B, 0x39, 0x5B, 0x48, 0x1B,
    0x36, 0x15, 0xE2, 0xEC, 0x60, 0x19, 0xAE, 0xB0, 0xA4, 0x96, 0xE0, 0xAD, 0x64, 0x16, 0xCE, 0xD8,
    0x81, 0x75, 0xC1, 0xCD, 0x12, 0x2C, 0x0C, 0x2E, 0x64, 0xE1, 0xC9, 0x9A, 0xEE, 0xE4, 0xD5, 0x44,
    0x3B, 0xEF, 0xD7, 0x56, 0x3B, 0x0A, 0xFE, 0x77, 0x8E, 0xB9, 0xEE, 0x7C, 0x09, 0x0B, 0xA5, 0x5B,
    0x93, 0x52, 0xAB, 0x9E, 0x58, 0x6D, 0xEC, 0x16, 0x43, 0xBE, 0xD9, 0xBD, 0x55, 0x6A, 0xF7, 0xC3,
    0x6A, 0xCE, 0x08, 0x72, 0x50, 0xAB, 0xB3, 0x2B, 0xD9, 0x31, 0xC8, 0x52, 0x4A, 0x12, 0x39, 0xA3,
    0x15, 0x7D, 0x28, 0xB3, 0x9D, 0x97, 0x12, 0x3F, 0x2B, 0xBC, 0x0C, 0xD7, 0x67, 0x55, 0x52, 0x98,
    0x7C, 0x9A, 0x7B, 0x8D, 0x7B, 0x1B, 0xE6, 0x04, 0x53, 0xA6, 0x2F, 0xC7, 0x13, 0x1C, 0xBC, 0x5D,
    0xB1, 0x12, 0x89, 0x4F, 0x36, 0xCE, 0x16, 0x9F, 0xDE, 0x01, 0x34, 0x70, 0x8B, 0x86, 0x22, 0x85,
    0xDF, 0x08, 0x8A, 0x78, 0x10, 0xA5, 0x8D, 0x57, 0x4F, 0x13, 0x53, 0xE4, 0x0E, 0xF0, 0x0B, 0x10,
    0x19, 0xD8, 0x4B, 0x26, 0xE2, 0xAD, 0x0A, 0x99, 0x9D, 0x8A, 0x07, 0xF0, 0x72, 0x23, 0x15, 0x3C,
    0x5B, 0x51, 0x5E, 0xF3, 0xB9, 0xFE, 0xB7, 0x96, 0x98, 0xE7, 0x09, 0x61, 0x14, 0xCB, 0x52, 0x39,
    0xE1, 0xD5, 0x43, 0xC6, 0x8B, 0x35, 0x64, 0xAE, 0xCB, 0x85, 0x9B, 0x95, 0x7D, 0x8C, 0x59, 0x1C,
    0xAA, 0x25, 0xD1, 0x1D, 0x7C, 0xC8, 0xBB, 0x59, 0xC3, 0xCA, 0xA9, 0xD2, 0x52, 0x89, 0x99, 0x03,
    0x1A, 0x48, 0xE2, 0x95, 0x44, 0xC2, 0xCC, 0x53, 0x52, 0xEB, 0x7E, 0x9C, 0x25, 0xEE, 0x08, 0x30,
    0xAE, 0xB4, 0xD3, 0x7F, 0x03, 0xEB, 0xBF, 0xAE, 0xE2, 0xB8, 0x74, 0xDB, 0x38, 0xC3, 0x69, 0x11,
    0x30, 0xF3, 0x46, 0x8D, 0x82, 0xC4, 0xBB, 0x51, 0xAB, 0x51, 0x18, 0x21, 0xB2, 0x91, 0x15, 0xD8,
    0x8D, 0x01, 0xB8, 0x91, 0x6C, 0x07, 0x76, 0x08, 0xE6, 0x13, 0xB4, 0x3D, 0xC1, 0xFD, 0xE5, 0x08,
    0x36, 0x93, 0x5A, 0x75, 0x64, 0x3F, 0xC1, 0x75, 0xAE, 0x4B, 0xFC, 0x1B, 0xD0, 0xBA, 0xA3, 0x7E,
    0xE6, 0x0A, 0x98, 0x80, 0xC7, 0x9E, 0x50, 0x3C, 0x3E, 0xB5, 0xDE, 0x4E, 0x46, 0xAA, 0x60, 0xBD,
    0x27, 0xFE, 0x95, 0xC9, 0x8F, 0x93, 0x60, 0x10, 0x55, 0x8B, 0xF0, 0x28, 0x10, 0x25, 0xC0, 0xA7,
    0x96, 0xE7, 0xF0, 0x5A, 0xBE, 0xE4, 0x9F, 0xAC, 0x96, 0x4E, 0x25, 0x50, 0x2A, 0x45, 0x74, 0xDB,
    0x0B, 0xE2, 0xF3, 0xA5, 0x06, 0x4E, 0xF0, 0x72, 0x7A, 0x6A, 0x7A, 0xF1, 0x90, 0x38, 0xFF, 0x87,
    0xC1, 0xA6, 0xEF, 0xFC, 0xA4, 0x1E, 0xFA, 0x06, 0xDC, 0x5A, 0xAF, 0x33, 0xA5, 0x1F, 0x92, 0xF0,
    0x11, 0x37, 0x05, 0xEA, 0x4A, 0x70, 0xB0, 0x30, 0x72, 0x7E, 0x9B, 0x07, 0x9B, 0xA6, 0x93, 0xD1,
    0xCE, 0xFA, 0x19, 0x42, 0x72, 0xC5, 0xEA, 0x89, 0x23, 0x3F, 0xE0, 0x82, 0x9B, 0x4B, 0x81, 0x27,
    0xEB, 0x7F, 0xE0, 0x9A, 0x42, 0xE1, 0xFA, 0xA2, 0x7A, 0xE2, 0x32, 0x97, 0x96, 0x0A, 0x69, 0x20,
    0x3E, 0x0C, 0x7F, 0x2D, 0xD0, 0x6B, 0xB1, 0x14, 0xE9, 0x4B, 0x01, 0x02, 0x92, 0x75, 0xAE, 0xD6,
    0xB1, 0x3A, 0x88, 0x00, 0xA1, 0xCE, 0x68, 0xA0, 0xD8, 0xAC, 0xF1, 0xDE, 0x3A, 0x05, 0x9D, 0x09,
    0x2A, 0xEF, 0x17, 0x2C, 0xE2, 0xC3, 0x1B, 0x97, 0x83, 0xC4, 0x9D, 0x84, 0x15, 0x5C, 0x8F, 0x66,
    0x3A, 0x25, 0xC0, 0x17, 0xEE, 0x0A, 0x70, 0xCE, 0xEF, 0x26, 0x2B, 0x57, 0x91, 0xA6, 0xB6, 0x34,
    0xE4, 0xB7, 0x60, 0x3E, 0xF4, 0x7A, 0x90, 0x96, 0x77, 0x9B, 0x40, 0x09, 0xBC, 0xFC, 0x2B, 0xC9,
    0x22, 0x2D, 0x23, 0x32, 0x8D, 0xCC, 0x2B, 0xFE, 0xBA, 0x44, 0x85, 0x78, 0x50, 0x40, 0xD6, 0x11,
    0xE2, 0x0F, 0xC2, 0x15, 0x0D, 0x3D, 0x98, 0xC5, 0x9F, 0x1E, 0xA0, 0xC1, 0x8B, 0xBD, 0x3D, 0x64,
    0xB8, 0x52, 0x8F, 0x99, 0x40, 0xD2, 0xB1, 0xBD, 0xC0, 0x72, 0xEB, 0xC0, 0xAA, 0x63, 0xA4, 0xB0,
    0x23, 0x7F, 0xD5, 0xBF, 0x9A, 0x11, 0x4E, 0xF8, 0xD7, 0xA5, 0xEA, 0x1B, 0xA6, 0xCA, 0x86, 0x61,
    0x6B, 0x3F, 0x7B, 0xAE, 0x1C, 0x9E, 0x19, 0x3A, 0x13, 0x37, 0x47, 0xC2, 0x78, 0x80, 0x15, 0x27,
    0xC3, 0x80, 0x50, 0x4A, 0xC5, 0xFB, 0x82, 0x0C, 0x86, 0xE3, 0x8B, 0x36, 0xF8, 0x75, 0x8E, 0x05,
    0xB2, 0x9D, 0x6E, 0x86, 0x5B, 0xD8, 0x9B, 0x88, 0xB9, 0xC8, 0x4D, 0x33, 0x7A, 0x8E, 0x25, 0x70,
    0x06, 0x19, 0x72, 0x70, 0x01, 0x7E, 0xF5, 0x76, 0xDF, 0xC9, 0xD1, 0x74, 0xD7, 0x75, 0xDF, 0x5A,
    0x1A, 0xF6, 0x05, 0x63, 0xE8, 0xFC, 0xD3, 0x94, 0xD4, 0xCF, 0x33, 0x93, 0xA8, 0x12, 0xD5, 0xEC,
    0x03, 0x05, 0x6D, 0xE3, 0xFD, 0xAF, 0x29, 0xEA, 0x38, 0xF3, 0xA0, 0xC3, 0xF8, 0xEC, 0x2C, 0x4F,
    0x36, 0x87, 0x64, 0xC9, 0xA4, 0xEB, 0xF2, 0x55, 0x7D, 0x2E, 0x5F, 0xD7, 0xCF, 0x65, 0x7D, 0x77,
    0xEA, 0xA2, 0x8A, 0x5F, 0xA8, 0xA5, 0x83, 0xC2, 0xEF, 0x46, 0xFA, 0x1C, 0xAD, 0x55, 0x33, 0xC3,
    0x70, 0x2B, 0x77, 0x7B, 0x90, 0x6B, 0xA4, 0x43, 0x9F, 0x63, 0x58, 0x21, 0x2A, 0x1F, 0xC3, 0x12,
    0xE0, 0x26, 0x21, 0x67, 0x56, 0xD4, 0xA0, 0x23, 0x0D, 0x70, 0xEE, 0x90, 0x0E, 0xEE, 0xD9, 0x2A,
    0x78, 0x33, 0xA7, 0x8F, 0xC3, 0x5F, 0x0D, 0xDC, 0xDC, 0x90, 0x86, 0xDF, 0xA7, 0x23, 0xC0, 0x3D,
    0xFA, 0x7B, 0x4C, 0x1A, 0xDC, 0x52, 0xCA, 0x40, 0x2D, 0x0E, 0x1E, 0x42, 0x21, 0x37, 0x7E, 0x8B,
    0x0C, 0x26, 0xEE, 0xCA, 0xF4, 0xCD, 0x3A, 0xE8, 0x9A, 0x54, 0x85, 0xF1, 0x75, 0x28, 0x6E, 0x85,
    0x5C, 0xA2, 0x63, 0x77, 0x09, 0xF8, 0x83, 0xC9, 0x0E, 0x88, 0x43, 0x76, 0x13, 0xCD, 0x3A, 0x46,
    0xF0, 0xAF, 0x16, 0x52, 0xE1, 0xA1, 0x05, 0x37, 0xE4, 0x5F, 0x03, 0xE4, 0xD6, 0x57, 0xFC, 0x8D,
    0xED, 0xDB, 0x4D, 0xEC, 0xDC, 0x79, 0xA3, 0x74, 0xE0, 0x0D, 0xB4, 0xC3, 0x5C, 0x1A, 0xF8, 0x3B,
    0x94, 0x1A, 0xB9, 0xFB, 0x1B, 0xA8, 0x40, 0x7A, 0x17, 0x1E, 0xE0, 0xC2, 0x46, 0xA9, 0xD6, 0x3E,
    0x03, 0xB0, 0x9E, 0x49, 0xBD, 0x1C, 0x0B, 0xB3, 0xA7, 0xE5, 0x45, 0xF0, 0x04, 0x0B, 0x90, 0xE3,
    0x35, 0x56, 0x80, 0x99, 0x9A, 0xB7, 0x67, 0xA0, 0x58, 0xF7, 0xB2, 0xBE, 0x46, 0x1F, 0x48, 0x48,
    0x4B, 0xFA, 0x9C, 0xDB, 0x14, 0xF1, 0x13, 0xAB, 0x05, 0x8C, 0xE8, 0xBC, 0x7C, 0xF1, 0xB8, 0x5B,
    0xAC, 0x2B, 0xA7, 0x80, 0x9C, 0xEE, 0x42, 0x6E, 0x1F, 0x40, 0xC8, 0xF7, 0x14, 0x0B, 0x9E, 0x74,
    0x39, 0x92, 0x1A, 0x32, 0x22, 0x3A, 0xC2, 0x8A, 0x23, 0x4A, 0x1A, 0x88, 0xAF, 0x51, 0xEF, 0x2E,
    0x31, 0xA4, 0x17, 0xBB, 0x2B, 0x9D, 0x8F, 0xFF, 0xE0, 0xE4, 0x0F, 0xFE, 0x15, 0x59, 0x10, 0xB8,
    0xD5, 0x57, 0x3A, 0x2D, 0xF2, 0xD8, 0xDA, 0xA9, 0x74, 0xDE, 0x63, 0xA5, 0xF3, 0x83, 0x87, 0xAB,
    0x74, 0xCE, 0xB5, 0x6A, 0xB0, 0xC9, 0x4A, 0xA7, 0xC0, 0x13, 0x4F, 0x4D, 0xC3, 0xA0, 0x04, 0x44,
    0x3E, 0x1D, 0xB0, 0x94, 0x5D, 0x3C, 0xA3, 0xC2, 0xCF, 0xF6, 0x2D, 0x0B, 0x1A, 0x53, 0x08, 0xED,
    0x4F, 0x69, 0x60, 0xFF, 0x9F, 0xF6, 0x77, 0x66, 0x8D, 0x4B, 0xA2, 0x67, 0x56, 0xA4, 0x1E, 0x4F,
    0x8C, 0x5B, 0x84, 0xAA, 0xD9, 0xE9, 0xAF, 0x1E, 0x5C, 0x6F, 0x7A, 0xC8, 0x04, 0xD6, 0x7A, 0x0D,
    0x2B, 0x79, 0x5D, 0x35, 0xD7, 0x46, 0x70, 0x61, 0x21, 0x4B, 0xCD, 0x88, 0x17, 0x01, 0xB5, 0xEC,
    0x17, 0x15, 0xC2, 0xEE, 0x10, 0x61, 0x04, 0x31, 0x6D, 0x50, 0x7C, 0x7C, 0x35, 0x6E, 0xC8, 0x6A,
    0xDC, 0x21, 0xA8, 0xF3, 0x9F, 0x21, 0xCC, 0xE9, 0xC2, 0x62, 0xB1, 0xA2, 0xF1, 0x98, 0xBE, 0xCE,
    0xAA, 0x71, 0x52, 0x84, 0xDD, 0x55, 0x8D, 0x7B, 0x38, 0x1C, 0xFB, 0x0F, 0x08, 0x36, 0xFF, 0x0E,
    0x1C, 0x0B, 0x77, 0xD2, 0x91, 0xCF, 0x4F, 0xE3, 0xF1, 0x99, 0x8F, 0xE2, 0x58, 0xA5, 0x0E, 0xE2,
    0xC1, 0x4E, 0xC2, 0x82, 0xCD, 0x2C, 0x41, 0xBF, 0xFC, 0xF5, 0x07, 0xA6, 0xF4, 0x7D, 0x09, 0x47,
    0x9A, 0x16, 0xF7, 0x55, 0x0B, 0xA7, 0xF4, 0xA5, 0x42, 0xDF, 0x21, 0xA0, 0x4F, 0xE5, 0xCD, 0x75,
    0x4D, 0xB8, 0x15, 0x05, 0xBB, 0xC0, 0x05, 0xA1, 0x17, 0x3C, 0xBC, 0x61, 0x52, 0xA9, 0x3E, 0xA6,
    0xF9, 0x82, 0xF8, 0xB5, 0xD3, 0x7C, 0x19, 0xB3, 0x45, 0xD6, 0x19, 0x87, 0xB0, 0xB7, 0xF9, 0x12,
    0x3D, 0xA0, 0xF9, 0xC2, 0x78, 0xDF, 0xA8, 0x6C, 0x27, 0x5A, 0x22, 0xCD, 0x43, 0x64, 0x8B, 0x05,
    0x15, 0xEC, 0x89, 0x96, 0x0F, 0xD1, 0x88, 0x2A, 0x94, 0xB4, 0x9F, 0x58, 0x6C, 0xE1, 0x5F, 0xFD,
    0x43, 0x9A, 0xB4, 0x76, 0x9D, 0x4E, 0xA6, 0x47, 0x97, 0xA6, 0x6C, 0x64, 0xFF, 0x13, 0x54, 0x69,
    0xA7, 0x24, 0x80, 0x7D, 0xFD, 0x7C, 0xC1, 0xCF, 0x98, 0x6B, 0x21, 0x39, 0x0C, 0xBF, 0x9F, 0x43,
    0x0D, 0xA0, 0x97, 0xF8, 0x01, 0x2A, 0x1C, 0x39, 0x55, 0x63, 0x42, 0x1E, 0x2F, 0x47, 0x20, 0x2E,
    0x36, 0xD9, 0xC9, 0x1F, 0xAC, 0xDB, 0xB2, 0xBD, 0xBB, 0xDB, 0xD2, 0x8B, 0xA2, 0x9F, 0x8D, 0x38,
    0x6C, 0x4E, 0xF0, 0x1D, 0xC3, 0xA6, 0x6C, 0x4F, 0x36, 0xBD, 0xD5, 0x84, 0xEE, 0xAB, 0x3F, 0x46,
    0x3E, 0xB6, 0x76, 0xEC, 0x0B, 0xEE, 0x2D, 0xC9, 0xA6, 0xAF, 0xAF, 0x4C, 0xB3, 0x69, 0xFB, 0xDE,
    0x3D, 0xC9, 0xA6, 0xAF, 0xE3, 0x33, 0x4B, 0xCC, 0xA6, 0x7F, 0x52, 0x56, 0xAD, 0xB7, 0x72, 0xC7,
    0xBD, 0xDA, 0xD5, 0xC8, 0xA6, 0x4D, 0xC8, 0xB1, 0xB2, 0x59, 0x3D, 0x11, 0x71, 0x9D, 0x5F, 0x45,
    0x6F, 0xCC, 0xFB, 0xEA, 0xFB, 0x1C, 0xF8, 0x98, 0xBE, 0x4F, 0x6E, 0x0C, 0xDD, 0x97, 0xAE, 0x98,
    0xD2, 0xD9, 0x4C, 0xC3, 0x3F, 0x3E, 0x89, 0xFF, 0xE2, 0xAE, 0x24, 0x9E, 0x1E, 0xE2, 0xCB, 0xC8,
    0x90, 0xD5, 0x81, 0x75, 0xFA, 0xA6, 0x7D, 0x77, 0xAD, 0xBB, 0xDF, 0xD5, 0x76, 0x61, 0x25, 0x69,
    0xD6, 0x76, 0x91, 0x3C, 0x29, 0x30, 0x5E, 0x76, 0xCA, 0xF4, 0xA7, 0x95, 0x7A, 0xFE, 0x31, 0x17,
    0xA9, 0x52, 0x90, 0xFF, 0x7B, 0x36, 0xFA, 0xEC, 0x21, 0x7F, 0x03, 0xA0, 0xE0, 0x0C, 0xF4, 0x07,
    0x54, 0x4C, 0xF3, 0x7A, 0xA5, 0xDD, 0x5F, 0x9C, 0x2F, 0x74, 0x79, 0x96, 0x59, 0xCC, 0x67, 0x8D,
    0x80, 0x8E, 0x99, 0x5F, 0xCF, 0xCC, 0x8A, 0x72, 0x63, 0x22, 0x96, 0x2E, 0x77, 0xAA, 0x8B, 0x77,
    0xE1, 0xBF, 0xCE, 0xE0, 0x50, 0xF1, 0xE1, 0x13, 0xD8, 0xEE, 0xCD, 0xA3, 0x60, 0xE5, 0xAD, 0x5F,
    0xD3, 0x6C, 0xC9, 0x49, 0x66, 0x6E, 0x4A, 0xA7, 0x0C, 0xB5, 0x6F, 0x36, 0xBC, 0x72, 0x07, 0xD1,
    0xA0, 0xBA, 0x55, 0xB2, 0xB2, 0xC1, 0x31, 0x8A, 0xA7, 0xA0, 0x9D, 0x83, 0xDC, 0x66, 0xAF, 0x88,
    0x45, 0x8A, 0xB9, 0xC2, 0x79, 0xA7, 0x8B, 0x74, 0x36, 0xB2, 0xEF, 0xD8, 0x1F, 0xFC, 0xBD, 0xF2,
    0xFF, 0xF3, 0x92, 0x5A, 0xFA, 0xBB, 0xC4, 0x9A, 0xC0, 0xA6, 0x49, 0x1E, 0xA2, 0x43, 0xF3, 0xF3,
    0xCC, 0xF9, 0x4D, 0xF0, 0x1F, 0x80, 0x87, 0xC5, 0x59, 0xB5, 0x34, 0xE5, 0xDD, 0x4F, 0x85, 0x77,
    0x8B, 0x7C, 0x2A, 0xBF, 0xE0, 0x74, 0xEF, 0x17, 0xF0, 0x5E, 0x5F, 0xFB, 0xFD, 0x5B, 0x56, 0x3D,
    0x10, 0xAB, 0xF7, 0x02, 0xB1, 0x20, 0x19, 0x4A, 0x3D, 0x24, 0x7A, 0xD8, 0x7A, 0x48, 0xD8, 0xB5,
    0x56, 0xBB, 0xE4, 0x17, 0x5E, 0x07, 0x33, 0x3D, 0xB6, 0xB8, 0x1A, 0x64, 0x27, 0xB8, 0xE2, 0x25,
    0x9A, 0x09, 0x11, 0xCF, 0x73, 0xEC, 0xC2, 0x53, 0x40, 0xB1, 0x0C, 0xE3, 0xD0, 0xAF, 0x8D, 0x08,
    0x40, 0x5B, 0x3A, 0x1D, 0x24, 0xF5, 0x8A, 0xC5, 0x38, 0x16, 0x4B, 0x6B, 0xE5, 0xC2, 0x75, 0x47,
    0x61, 0x17, 0x11, 0x04, 0xA9, 0x3A, 0xEC, 0x9C, 0xE6, 0x2B, 0x63, 0xFF, 0xCA, 0x33, 0xA3, 0x23,
    0xEA, 0x50, 0x03, 0x63, 0x6D, 0xD6, 0x05, 0x44, 0x51, 0x86, 0x76, 0x55, 0x83, 0xD6, 0x2B, 0x07,
    0xE0, 0x0B, 0x4E, 0x20, 0x3A, 0x15, 0x80, 0x86, 0x89, 0xCD, 0x5E, 0x25, 0x4B, 0xF8, 0xDD, 0xC5,
    0x8F, 0x2B, 0xD4, 0x6B, 0x66, 0x07, 0xB8, 0x22, 0x73, 0x27, 0xFA, 0xF4, 0x0B, 0xF7, 0x55, 0xED,
    0xA5, 0xFA, 0x30, 0x2B, 0xE1, 0xE7, 0x16, 0x7B, 0xFB, 0xCE, 0xAE, 0x12, 0xFE, 0xE2, 0x7D, 0x25,
    0xFC, 0xD7, 0x94, 0xF5, 0x3C, 0x64, 0xF0, 0x3B, 0xEA, 0x32, 0x7A, 0x57, 0x5D, 0xE6, 0x1F, 0x87,
    0x52, 0xA1, 0x02, 0x63, 0xD8, 0x60, 0xE6, 0x32, 0x60, 0x94, 0x1D, 0xED, 0x86, 0x02, 0x6C, 0xB6,
    0xD1, 0x89, 0x23, 0x7F, 0x28, 0x85, 0x94, 0x55, 0xE9, 0xB7, 0x1D, 0x96, 0xEE, 0x94, 0x65, 0xDA,
    0x53, 0x7D, 0x7F, 0xCA, 0xF4, 0xDC, 0x4C, 0xD3, 0xCD, 0x74, 0xDD, 0xF6, 0x5E, 0x96, 0x66, 0x96,
    0xE9, 0xBC, 0x99, 0x76, 0x96, 0xE9, 0xBD, 0xA9, 0xBE, 0xF9, 0x36, 0x47, 0x60, 0x87, 0x84, 0xEC,
    0x9D, 0x91, 0x6A, 0x57, 0x41, 0xE7, 0x67, 0x41, 0xFA, 0x8B, 0x24, 0x94, 0xB4, 0xAB, 0xE1, 0xE9,
    0x46, 0xB1, 0xA8, 0xC4, 0xF3, 0xC8, 0x8B, 0x8D, 0xBD, 0x9D, 0x4D, 0xCB, 0x4A, 0xD3, 0x4E, 0x5B,
    0x42, 0x66, 0x1A, 0x47, 0x62, 0x82, 0x9C, 0x69, 0x3C, 0xB9, 0xD2, 0xF3, 0xEA, 0xE3, 0x9A, 0x89,
    0x76, 0x1A, 0xFE, 0x1C, 0x97, 0x6F, 0x8C, 0x39, 0x6F, 0x05, 0x55, 0xE4, 0x65, 0x89, 0x06, 0x63,
    0x09, 0xB7, 0x3A, 0x92, 0xBA, 0x69, 0x4E, 0xFE, 0x49, 0x58, 0x00, 0x3A, 0x50, 0xE3, 0xA0, 0x3B,
    0xDF, 0x15, 0x5A, 0xD8, 0xE3, 0x1B, 0x5F, 0x97, 0xCF, 0x9E, 0xFF, 0xF4, 0x75, 0x3E, 0xEF, 0x4C,
    0x12, 0xCD, 0xBF, 0xDF, 0xD1, 0xE5, 0x71, 0xC2, 0xE7, 0xA5, 0x9A, 0xC8, 0x8E, 0x01, 0x41, 0xC3,
    0xC6, 0x54, 0x3B, 0x78, 0x91, 0x39, 0x04, 0x91, 0xCD, 0x10, 0x99, 0x84, 0x55, 0xB3, 0xDA, 0x7F,
    0x0B, 0x1B, 0x41, 0x9B, 0x63, 0x09, 0xC2, 0x06, 0xD7, 0x45, 0x7D, 0xED, 0x45, 0x9A, 0x66, 0xD5,
    0x6E, 0x99, 0x08, 0x4C, 0xF7, 0x36, 0x25, 0x52, 0x22, 0xB3, 0x6B, 0xAD, 0x0F, 0x2B, 0x49, 0xB4,
    0x5D, 0x2C, 0xD2, 0xFA, 0x45, 0x98, 0xB4, 0xC4, 0xAB, 0x93, 0x30, 0x8B, 0x55, 0x1B, 0x66, 0xA9,
    0xD5, 0xEA, 0x24, 0xB5, 0x11, 0x33, 0x3A, 0xA7, 0x0E, 0xB3, 0x8E, 0x11, 0x23, 0xF5, 0x0B, 0x3F,
    0x8F, 0x07, 0x38, 0x1B, 0x7B, 0x58, 0xED, 0x4A, 0xBB, 0xAA, 0xE6, 0x27, 0xA9, 0xE1, 0x65, 0x40,
    0xD3, 0x0D, 0x70, 0xF4, 0x51, 0xE5, 0x5F, 0xAD, 0x9A, 0xE0, 0x1C, 0xC2, 0xCD, 0x72, 0xD1, 0x68,
    0x64, 0xBB, 0xDA, 0xBF, 0x51, 0x6B, 0xFF, 0xAD, 0x4A, 0x7B, 0xB7, 0x8B, 0xE0, 0x3C, 0x12, 0xF8,
    0xDB, 0xDD, 0xB7, 0x54, 0x7A, 0xA7, 0xF8, 0x3D, 0x9A, 0x88, 0xD1, 0xAC, 0x89, 0x98, 0x3B, 0x99,
    0x3B, 0x19, 0x98, 0x26, 0x22, 0xC1, 0x8A, 0xDB, 0xE3, 0xC3, 0x53, 0x38, 0x7F, 0xFB, 0xA0, 0x72,
    0x5C, 0xB3, 0xBB, 0x1C, 0xF7, 0x56, 0x15, 0xB8, 0x50, 0xED, 0x96, 0xD1, 0x07, 0x4A, 0x7C, 0x50,
    0x1D, 0xB8, 0x2C, 0x7D, 0x0B, 0xF5, 0xC9, 0x3B, 0x92, 0x70, 0x48, 0xBE, 0x14, 0xF5, 0x09, 0x45,
    0x32, 0x63, 0x61, 0xB4, 0x13, 0x27, 0xFA, 0xC4, 0xB5, 0xBF, 0x9D, 0x8E, 0xDB, 0xD4, 0x86, 0x0F,
    0xEE, 0x0A, 0x95, 0xBA, 0x5B, 0xEE, 0x6E, 0x4C, 0x40, 0x5B, 0x98, 0xF8, 0x09, 0x85, 0xCA, 0xDA,
    0x93, 0x0A, 0x97, 0x73, 0xE5, 0x7E, 0x00, 0x7A, 0x68, 0xFE, 0xCC, 0xDA, 0xDC, 0xAA, 0xCF, 0xDA,
    0xE2, 0x5E, 0x4B, 0x78, 0x38, 0x99, 0x12, 0xA4, 0xE5, 0xF1, 0x5D, 0xF3, 0x91, 0x7B, 0x01, 0xD9,
    0x1F, 0x55, 0x0D, 0x18, 0xC5, 0x2E, 0x91, 0x57, 0x9E, 0x4A, 0xAC, 0x1A, 0xDC, 0xBB, 0x23, 0x4D,
    0x49, 0x82, 0x84, 0x34, 0xA2, 0x19, 0x72, 0x0D, 0xD6, 0x55, 0x1A, 0xC3, 0x1A, 0xFC, 0x0A, 0x9A,
    0x5D, 0x43, 0x4F, 0x55, 0xDC, 0xBA, 0xB5, 0x4C, 0xA3, 0xF9, 0x89, 0x38, 0x47, 0x9F, 0xE3, 0x4E,
    0x13, 0xA8, 0x8A, 0x50, 0xC4, 0x3A, 0x24, 0x8B, 0x8F, 0x9A, 0x4E, 0x4C, 0x48, 0x22, 0x39, 0x82,
    0xE7, 0xC8, 0x58, 0xD1, 0xE7, 0x34, 0x32, 0x10, 0xF7, 0x31, 0xF5, 0x18, 0xB6, 0xED, 0x9E, 0x44,
    0xB6, 0xA0, 0xD9, 0x7A, 0x5B, 0x54, 0xE1, 0x57, 0x33, 0xAB, 0xAE, 0xF6, 0xD2, 0x64, 0xAD, 0x6C,
    0x45, 0x1A, 0x41, 0xEC, 0x63, 0x69, 0xFA, 0x74, 0x7A, 0xAE, 0xAA, 0x07, 0x16, 0x32, 0x74, 0x26,
    0xA3, 0xAA, 0x9E, 0xC9, 0x59, 0xF6, 0x5D, 0xE9, 0x8C, 0xC2, 0x8B, 0x12, 0xF5, 0xD5, 0x42, 0x2F,
    0x61, 0x78, 0x56, 0xF5, 0xFC, 0x0E, 0x2E, 0xBE, 0xDE, 0x6D, 0xBC, 0xD3, 0x1C, 0x77, 0x2B, 0xDF,
    0x2D, 0x2F, 0x07, 0xD9, 0x6A, 0xF8, 0x52, 0x3E, 0xA6, 0x5F, 0xB2, 0xA5, 0x26, 0xED, 0xE7, 0xBD,
    0x7E, 0xC7, 0xE4, 0xA6, 0x19, 0x9E, 0x64, 0x2D, 0x27, 0x51, 0xD2, 0xBD, 0x33, 0x16, 0x60, 0x5A,
    0x7F, 0x78, 0x2D, 0xA6, 0xBA, 0xE2, 0x4D, 0x4F, 0x6E, 0x9F, 0x5E, 0x29, 0x18, 0x48, 0x4C, 0x7F,
    0x29, 0x16, 0x0D, 0x5B, 0x52, 0xB3, 0x99, 0x39, 0x03, 0xF8, 0x3C, 0x51, 0xB0, 0xCC, 0x99, 0xCE,
    0x3B, 0xA8, 0xB9, 0x4B, 0x8F, 0x2D, 0x7F, 0x82, 0x82, 0xEC, 0xEF, 0x6E, 0x19, 0xE3, 0xFB, 0x7B,
    0xDD, 0xFF, 0xDB, 0x32, 0x36, 0x32, 0x0A, 0xFA, 0x50, 0x76, 0x50, 0x1E, 0xF3, 0xC5, 0xDF, 0xCC,
    0x57, 0x30, 0xA2, 0xBE, 0xD0, 0x0B, 0xFF, 0x86, 0xB8, 0x90, 0x46, 0xC1, 0x4E, 0xA1, 0x77, 0x7C,
    0x88, 0x0A, 0x61, 0x6D, 0x0A, 0x21, 0x8B, 0x22, 0x2F, 0x47, 0xDC, 0x2F, 0x48, 0xEA, 0x82, 0xCD,
    0xF9, 0x2D, 0x24, 0x6F, 0x45, 0x70, 0x15, 0x8F, 0x37, 0x4E, 0xE5, 0xE1, 0x77, 0xB1, 0xD0, 0x29,
    0x90, 0xF5, 0x97, 0xB0, 0x85, 0x0B, 0x08, 0x90, 0x48, 0x04, 0xBC, 0x09, 0x58, 0x7C, 0x14, 0x64,
    0x2D, 0xE0, 0x41, 0x58, 0x74, 0xA6, 0x35, 0xA4, 0x41, 0x13, 0xE6, 0x0A, 0xC4, 0x7E, 0x0B, 0x48,
    0x25, 0x64, 0x62, 0xE0, 0x5F, 0xD7, 0xAA, 0xBE, 0x5D, 0xF8, 0xBF, 0x46, 0xFC, 0xBD, 0x93, 0xAB,
    0x05, 0x08, 0xE0, 0x42, 0xA6, 0xBE, 0xC2, 0xEA, 0xE0, 0x7F, 0x89, 0xBA, 0x32, 0xE4, 0xC5, 0x9B,
    0xC6, 0x6B, 0xCF, 0x7C, 0xC9, 0xEB, 0x95, 0x4A, 0x5F, 0x6C, 0x70, 0xDE, 0x89, 0x74, 0x0B, 0xA5,
    0xA0, 0x81, 0x6F, 0xE6, 0x9C, 0x55, 0x3F, 0x62, 0xC9, 0x0E, 0x64, 0xE5, 0x56, 0xF1, 0x44, 0x77,
    0x73, 0x8D, 0x94, 0x1C, 0x2D, 0x53, 0x72, 0x64, 0x39, 0x88, 0x0A, 0xFD, 0x21, 0xF0, 0xD9, 0xCD,
    0xCA, 0x2B, 0xC3, 0xA4, 0xD9, 0x95, 0x06, 0xC7, 0x76, 0xE5, 0x15, 0xBD, 0x87, 0x59, 0x52, 0xED,
    0x0B, 0x85, 0x37, 0xEB, 0x13, 0xA7, 0x95, 0x3A, 0x64, 0x6F, 0x23, 0x3D, 0xE2, 0xDA, 0x9C, 0x4B,
    0x49, 0x03, 0x04, 0xA0, 0xE0, 0x0D, 0x64, 0x4E, 0xEE, 0xFB, 0x15, 0xD2, 0xC5, 0x26, 0x94, 0x06,
    0xF6, 0xE0, 0xDD, 0xD3, 0xA7, 0x25, 0x17, 0x33, 0x06, 0x6B, 0xAC, 0x24, 0xA0, 0x2B, 0x77, 0xA0,
    0x86, 0xD0, 0xAA, 0xCD, 0xF9, 0x9C, 0x79, 0x47, 0x2E, 0xC5, 0xE9, 0x69, 0xA3, 0x09, 0xE9, 0x49,
    0xEC, 0x6F, 0x14, 0xA3, 0x61, 0xE8, 0x6C, 0x95, 0x4D, 0xB8, 0xF1, 0xC6, 0x7B, 0xB5, 0x4B, 0xAC,
    0xD9, 0x4E, 0x13, 0x26, 0x17, 0x1A, 0xB9, 0xA6, 0xF4, 0x37, 0xB2, 0xBE, 0xE6, 0xF2, 0x3A, 0x1D,
    0x26, 0xB0, 0xF3, 0x5F, 0xBB, 0x55, 0x98, 0xC7, 0x1C, 0xAA, 0x61, 0x97, 0x32, 0x0D, 0xCE, 0x91,
    0xA6, 0xAB, 0xFB, 0xA5, 0x69, 0x6B, 0xB0, 0x87, 0x26, 0x4B, 0xC2, 0xE2, 0xDA, 0x0C, 0x6A, 0x8B,
    0xC5, 0x5A, 0xD3, 0x10, 0xBC, 0x6F, 0x6A, 0x9F, 0x36, 0x1E, 0x99, 0x25, 0xCF, 0x83, 0xC6, 0x5A,
    0xF7, 0x35, 0xC5, 0xAC, 0xD4, 0x37, 0x8D, 0xBB, 0x2C, 0xBE, 0x2C, 0xB0, 0x60, 0x43, 0xC2, 0x50,
    0x50, 0xAB, 0xFB, 0xBE, 0xE6, 0x0B, 0xDD, 0xC1, 0x45, 0x77, 0xC5, 0x60, 0x33, 0x6C, 0xEC, 0xDB,
    0x59, 0x6C, 0x7D, 0x08, 0x7B, 0xB7, 0x6A, 0xEA, 0xFE, 0x02, 0x01, 0x16, 0x4B, 0x9E, 0xC4, 0xA8,
    0x76, 0xD1, 0x1C, 0xE7, 0x7A, 0x37, 0xEF, 0xF6, 0x39, 0xA0, 0xF1, 0x1D, 0x8C, 0xA0, 0xFE, 0xAD,
    0x8A, 0xBA, 0x9A, 0xFA, 0x1B, 0x35, 0xB1, 0x0D, 0x5B, 0xDF, 0xC8, 0x7E, 0x1A, 0x9F, 0xC5, 0x61,
    0x28, 0x3C, 0x90, 0x73, 0x14, 0x5F, 0xD4, 0x89, 0xDF, 0x40, 0x95, 0xD3, 0x9D, 0x54, 0x29, 0x90,
    0x42, 0xDC, 0x95, 0x2F, 0xAA, 0xBE, 0xB1, 0xB4, 0xEB, 0x2B, 0x2C, 0x02, 0x95, 0x2E, 0xBF, 0x52,
    0x5E, 0x39, 0x1E, 0x7F, 0xD9, 0xBB, 0x75, 0xB7, 0xFC, 0x66, 0x14, 0x5C, 0xBF, 0x40, 0xCB, 0x4C,
    0x5B, 0xE9, 0x30, 0x32, 0xE0, 0xBC, 0xC9, 0xFC, 0x2F, 0x5C, 0xA2, 0x72, 0x57, 0x75, 0x63, 0x9D,
    0x5A, 0x3E, 0xFF, 0x56, 0x75, 0x38, 0x5E, 0x0D, 0x9C, 0x0F, 0x8B, 0x34, 0xBA, 0x62, 0xB7, 0xFB,
    0x48, 0xA9, 0xEA, 0xFE, 0x49, 0x46, 0xA8, 0x6C, 0x24, 0x91, 0x24, 0x9C, 0xD5, 0x62, 0x47, 0x9C,
    0x5B, 0xCB, 0x01, 0xA5, 0x09, 0xB3, 0x13, 0xCE, 0xCA, 0x9B, 0x21, 0x9E, 0x76, 0xAA, 0x17, 0x72,
    0xAF, 0xC0, 0xB4, 0xCA, 0x69, 0x99, 0xBC, 0x6A, 0xFE, 0xA3, 0x79, 0x55, 0xA1, 0xC2, 0x81, 0x34,
    0xC3, 0xA5, 0x68, 0xE4, 0x67, 0x67, 0xE9, 0x71, 0x3C, 0x13, 0x49, 0xE0, 0xE0, 0x39, 0x2D, 0xB0,
    0x47, 0x36, 0xFB, 0x1E, 0x95, 0xB3, 0x0B, 0xFF, 0x77, 0x8C, 0xCA, 0x55, 0x40, 0x6D, 0x56, 0x7C,
    0x71, 0x36, 0x2A, 0x67, 0x89, 0x3D, 0x2C, 0xEC, 0xE4, 0xC8, 0xD1, 0xEF, 0xD7, 0xBD, 0x5D, 0x05,
    0x6A, 0x92, 0xC3, 0x17, 0xFD, 0x72, 0x12, 0xA2, 0x9E, 0x7F, 0x64, 0xC3, 0x71, 0xC5, 0xDE, 0xE1,
    0x38, 0x4D, 0xDD, 0x16, 0xB8, 0x2B, 0x4D, 0x45, 0x89, 0xE5, 0x82, 0x4B, 0xE5, 0x69, 0x36, 0x1B,
    0x8D, 0xB4, 0x63, 0x0E, 0x6E, 0x6E, 0x1E, 0x69, 0x05, 0x47, 0x08, 0x80, 0xD2, 0xE9, 0xAF, 0xBA,
    0xCE, 0xDA, 0x7E, 0x61, 0xCF, 0x5C, 0x83, 0x9F, 0x4B, 0x6F, 0x84, 0x43, 0x2B, 0x55, 0xDF, 0x77,
    0xD9, 0xA9, 0xCE, 0xEE, 0xFB, 0x00, 0x15, 0x8B, 0x47, 0x0F, 0x38, 0xC0, 0xEC, 0x9F, 0x60, 0xDB,
    0x4A, 0x0B, 0x26, 0x18, 0xED, 0x8C, 0xEF, 0xFE, 0xCC, 0x53, 0x00, 0xCC, 0xED, 0xB7, 0x8B, 0x5D,
    0x1A, 0x76, 0x9F, 0x31, 0x48, 0xF0, 0x89, 0x4F, 0x3E, 0x30, 0xC5, 0xFA, 0x56, 0x68, 0xEE, 0x4F,
    0x10, 0x61, 0x9E, 0x30, 0xF5, 0x19, 0xB0, 0x33, 0x2E, 0x46, 0x41, 0xCE, 0xF6, 0x96, 0x7F, 0xB5,
    0xF1, 0x5F, 0xAA, 0x83, 0xF7, 0x2A, 0xEF, 0x5E, 0xD9, 0x07, 0x7E, 0x96, 0x97, 0x0A, 0x8E, 0xB3,
    0xB5, 0xF4, 0x58, 0x80, 0xBE, 0x56, 0xF6, 0x07, 0x99, 0xC6, 0x9C, 0xCF, 0xF5, 0xC9, 0x2E, 0x92,
    0x69, 0xCC, 0x66, 0xD7, 0xB4, 0x93, 0xA9, 0x2B, 0xF9, 0xB3, 0xE7, 0x87, 0x99, 0x2C, 0x50, 0x0F,
    0x98, 0x2C, 0x58, 0xE7, 0x64, 0x41, 0x33, 0x5B, 0xF7, 0xF0, 0x5E, 0x60, 0xCC, 0xC9, 0x1C, 0x29,
    0x32, 0xEA, 0x1E, 0x01, 0x49, 0xFD, 0x71, 0x9A, 0x0B, 0x58, 0x7B, 0x2E, 0x0D, 0xF2, 0xE9, 0x44,
    0x2F, 0xE7, 0xDC, 0x1C, 0x26, 0xEF, 0x5F, 0x56, 0x7B, 0x5A, 0x23, 0x7D, 0xA1, 0x86, 0x37, 0xCF,
    0x98, 0x21, 0x7D, 0x4E, 0x11, 0xB8, 0x77, 0x38, 0x2E, 0xC2, 0x94, 0xB5, 0xA4, 0x93, 0x40, 0xF4,
    0x54, 0x97, 0xA1, 0x83, 0x2E, 0x53, 0xCB, 0xA5, 0xD3, 0x40, 0x63, 0x25, 0x96, 0xF7, 0x23, 0x6C,
    0x70, 0x85, 0xD9, 0x21, 0x21, 0x59, 0x8C, 0xE0, 0xBF, 0x0C, 0x0B, 0xE9, 0x97, 0xAE, 0x3E, 0xA3,
    0xFC, 0xF3, 0x51, 0x3F, 0xF8, 0xB1, 0xCF, 0x09, 0x9F, 0xC3, 0x04, 0x55, 0x1C, 0xD0, 0xB2, 0x8B,
    0xB5, 0xDD, 0x74, 0x8A, 0xF5, 0x11, 0x3F, 0xCB, 0x9C, 0x23, 0x6F, 0xBB, 0xB1, 0x58, 0x8E, 0xF3,
    0x4F, 0xE1, 0xF5, 0x2B, 0x04, 0x09, 0x39, 0x5E, 0x3F, 0x0E, 0xDE, 0x58, 0xC4, 0xDF, 0xFE, 0xCB,
    0x2B, 0x19, 0xEF, 0x25, 0x62, 0x1C, 0xE3, 0x3D, 0x0A, 0x08, 0x51, 0xEC, 0x8A, 0xC1, 0x50, 0xE2,
    0x1B, 0xB0, 0x2C, 0x04, 0xCF, 0xC0, 0xC9, 0xEC, 0x6A, 0xC8, 0x5F, 0x12, 0x13, 0xEE, 0x25, 0xFE,
    0x4D, 0xE9, 0xE1, 0xB4, 0xD2, 0xE1, 0xA2, 0x1D, 0x68, 0x65, 0x70, 0x9F, 0x41, 0x18, 0x21, 0xFB,
    0x30, 0xE9, 0xDB, 0xEE, 0xB6, 0x74, 0x1E, 0x3A, 0x73, 0x67, 0x54, 0xBA, 0xFD, 0x82, 0xDC, 0xE3,
    0x90, 0x71, 0xEE, 0x6D, 0x29, 0x96, 0xC0, 0x77, 0xB7, 0xA6, 0xB4, 0xB4, 0x9F, 0x9F, 0x61, 0x5F,
    0x41, 0x3F, 0xCB, 0x38, 0x1D, 0x31, 0x6C, 0x59, 0xB5, 0xBB, 0xB5, 0x26, 0x7D, 0x9B, 0xA4, 0xE0,
    0xE4, 0xBB, 0x30, 0x1D, 0xBE, 0x19, 0x6E, 0x8B, 0x53, 0x76, 0xE2, 0x3D, 0x63, 0x00, 0xC0, 0x31,
    0x8E, 0x78, 0xBA, 0x0E, 0x3A, 0x22, 0x64, 0xD0, 0x79, 0xE7, 0xD5, 0xC2, 0xDD, 0xEA, 0x6E, 0x16,
    0x43, 0x87, 0xFD, 0x3A, 0x78, 0x70, 0x18, 0x15, 0xD2, 0x50, 0x6B, 0xF2, 0x1A, 0xB8, 0xC8, 0x46,
    0xA2, 0x34, 0x11, 0x1B, 0xF5, 0x4C, 0xE3, 0x56, 0xEE, 0xD5, 0xED, 0x74, 0xEB, 0x8A, 0x35, 0x59,
    0x26, 0x30, 0x78, 0xED, 0x00, 0x38, 0x83, 0x44, 0x32, 0x58, 0x66, 0x0C, 0xDF, 0xE3, 0xE2, 0x1F,
    0xCD, 0x6D, 0x67, 0x32, 0xEF, 0x97, 0x38, 0x45, 0xDE, 0x4B, 0xDA, 0x83, 0xBF, 0x59, 0x49, 0xFC,
    0x73, 0xEC, 0x2E, 0xBA, 0xC5, 0xD8, 0xDE, 0x9A, 0x30, 0xBA, 0xE9, 0xBE, 0x43, 0x6B, 0x25, 0xAD,
    0x5D, 0x04, 0x1C, 0x6C, 0x49, 0xA6, 0x53, 0x58, 0xC0, 0x31, 0x3F, 0x8D, 0x45, 0x95, 0xE6, 0x8C,
    0x5F, 0x08, 0xFA, 0x5B, 0x10, 0x24, 0xE7, 0x15, 0x38, 0xBC, 0x41, 0x24, 0x0F, 0x4F, 0x57, 0x73,
    0x7C, 0x91, 0x8E, 0xDA, 0xE1, 0xD0, 0x08, 0xBB, 0x0A, 0xDE, 0xD6, 0x98, 0x65, 0x4F, 0xF6, 0x0A,
    0x92, 0xE1, 0x60, 0x23, 0x0B, 0xFF, 0x02, 0x17, 0x20, 0xA4, 0x41, 0x11, 0xA7, 0x5F, 0x2D, 0x9A,
    0xA1, 0xFB, 0x4E, 0xA5, 0x9D, 0x5F, 0x16, 0xCE, 0x36, 0xDD, 0xD4, 0x25, 0x45, 0x61, 0xAB, 0x35,
    0x7F, 0x47, 0xF7, 0x1F, 0xD5, 0xF6, 0xD0, 0x53, 0xA7, 0x6C, 0x67, 0xDA, 0x0A, 0x6A, 0x82, 0xEF,
    0x97, 0x0B, 0x76, 0xF5, 0x05, 0x8B, 0xB3, 0xD1, 0x6A, 0xBE, 0x76, 0xEF, 0x55, 0xE1, 0x39, 0x36,
    0xE5, 0xCE, 0x02, 0xA7, 0xFE, 0xAD, 0xF2, 0x37, 0x25, 0x0E, 0x9E, 0x10, 0xF6, 0x5D, 0x93, 0xD0,
    0x11, 0xBA, 0xD9, 0x7D, 0xF0, 0x68, 0x8E, 0x63, 0xAF, 0x71, 0xA4, 0xEB, 0xF9, 0x6D, 0xAF, 0x53,
    0x3F, 0x82, 0x4A, 0x9E, 0x5D, 0x47, 0x00, 0x1C, 0x4A, 0xF1, 0xD7, 0xAE, 0x09, 0xF4, 0x8E, 0xF9,
    0x39, 0xC3, 0xD0, 0x65, 0x2D, 0x75, 0xED, 0xAD, 0xE6, 0x8A, 0xA9, 0xFA, 0x67, 0x46, 0xC2, 0x44,
    0x9C, 0x75, 0xCB, 0xA8, 0x1D, 0x6E, 0x94, 0x9C, 0x60, 0x69, 0x38, 0xF9, 0x87, 0x13, 0xC6, 0x6C,
    0xC4, 0xB7, 0x72, 0x17, 0xC9, 0x4A, 0x1E, 0x6C, 0xFA, 0x85, 0xC3, 0x5A, 0x9A, 0x0C, 0xF9, 0x9B,
    0x7B, 0xCF, 0x62, 0xB1, 0xB4, 0xEA, 0xF8, 0x1E, 0x7A, 0x1E, 0xCD, 0xB0, 0x99, 0x77, 0xB2, 0x60,
    0xD3, 0x57, 0x5D, 0x0E, 0x77, 0xEA, 0xD6, 0x9F, 0xEC, 0x46, 0x08, 0x4A, 0x54, 0x46, 0x1B, 0x2A,
    0x53, 0x04, 0x57, 0x30, 0xCF, 0x13, 0x4E, 0xF9, 0x34, 0x32, 0x0C, 0x06, 0x99, 0xB1, 0x78, 0x8B,
    0x6F, 0xB0, 0xE2, 0x7B, 0x50, 0x69, 0x27, 0x09, 0xAE, 0x6E, 0x0F, 0xB2, 0x40, 0x6E, 0xA0, 0xE8,
    0x5A, 0xF6, 0x82, 0x78, 0xFB, 0xA2, 0x03, 0xD3, 0x73, 0x92, 0x23, 0x40, 0x1D, 0xAB, 0x6A, 0x8E,
    0x01, 0xD9, 0x25, 0xF7, 0x88, 0xB8, 0x3D, 0xA9, 0x99, 0x7D, 0x11, 0x8F, 0x11, 0xFE, 0x6E, 0x41,
    0x9C, 0xDC, 0x63, 0xF3, 0x32, 0xE2, 0xEB, 0xB4, 0x15, 0x12, 0x5F, 0x3C, 0x43, 0xEC, 0xE2, 0x20,
    0x05, 0x67, 0x4E, 0xA2, 0x2E, 0x8E, 0x4C, 0x17, 0x5B, 0x6E, 0x62, 0x83, 0xA4, 0xCF, 0x76, 0xFD,
    0x8D, 0x9F, 0x81, 0x14, 0x5C, 0x0E, 0xC8, 0x4C, 0x24, 0x27, 0xAC, 0xC7, 0x4A, 0xBF, 0x02, 0x97,
    0x24, 0x1E, 0x33, 0xA6, 0xD4, 0x1E, 0x3B, 0xBD, 0xDB, 0x2F, 0x7F, 0x9A, 0x77, 0x78, 0x98, 0x64,
    0xA4, 0xB7, 0x82, 0x7D, 0x8E, 0xF5, 0x1D, 0xF3, 0xC4, 0x2C, 0x24, 0x43, 0xD8, 0x03, 0x1C, 0x65,
    0x71, 0xB7, 0xA5, 0x2B, 0x20, 0xA3, 0x78, 0x8B, 0x14, 0x83, 0x92, 0xC7, 0x34, 0x01, 0x2A, 0x6C,
    0xD7, 0x1E, 0xB2, 0xA0, 0xD6, 0xBB, 0x80, 0x2B, 0xDE, 0x39, 0x5C, 0x79, 0x33, 0xC1, 0x95, 0x7B,
    0x49, 0xCC, 0x61, 0x4C, 0x64, 0x11, 0x5D, 0xC2, 0xCF, 0x24, 0x26, 0x90, 0x35, 0xEC, 0x7A, 0xA5,
    0xE6, 0x5E, 0x13, 0x64, 0x35, 0x10, 0x4F, 0x35, 0xE2, 0xAF, 0xFD, 0xD3, 0x6B, 0xE7, 0xEB, 0xFD,
    0x9D, 0xB1, 0xFE, 0x0E, 0xD2, 0x7F, 0x64, 0x77, 0x37, 0x2C, 0x7A, 0x49, 0x70, 0xAE, 0x74, 0x72,
    0x19, 0xF9, 0x08, 0x2B, 0x35, 0x8C, 0x93, 0x21, 0xE3, 0xC6, 0x28, 0x48, 0xC2, 0x0B, 0xB9, 0x77,
    0xAB, 0xE4, 0x64, 0x5F, 0xAB, 0x69, 0x52, 0xE1, 0xB3, 0x95, 0x9F, 0x68, 0xCE, 0xD5, 0x44, 0x32,
    0xCA, 0xA2, 0x82, 0xB7, 0x59, 0xDC, 0xF2, 0x0B, 0x42, 0x3C, 0x2E, 0x7F, 0xA1, 0x50, 0xDE, 0x07,
    0x95, 0x02, 0xE5, 0xF8, 0x4A, 0xD9, 0xB7, 0x00, 0xFC, 0xFD, 0x6F, 0x80, 0x85, 0xBB, 0x88, 0xE5,
    0x95, 0x8E, 0x9C, 0xC6, 0x25, 0xA0, 0xE0, 0x70, 0x80, 0x2D, 0xB9, 0x1F, 0xB6, 0x1B, 0x98, 0xED,
    0xC6, 0x21, 0xB6, 0xEB, 0xBA, 0x5B, 0xC8, 0x75, 0x1B, 0x4E, 0xB3, 0x8D, 0x39, 0xD5, 0xD6, 0xC6,
    0x32, 0x54, 0xFA, 0x40, 0x06, 0x4C, 0x07, 0x9E, 0xAC, 0x76, 0x85, 0x68, 0x62, 0x82, 0x75, 0xFD,
    0x1B, 0xD8, 0xA6, 0x86, 0xB9, 0xA5, 0xD0, 0x9B, 0xF0, 0x0E, 0x68, 0xE8, 0x19, 0x80, 0xA0, 0x87,
    0x17, 0xC3, 0x9E, 0x01, 0x19, 0x6F, 0xC9, 0x24, 0xEF, 0x1E, 0xC0, 0x80, 0x7E, 0xB4, 0xF1, 0xFB,
    0xFD, 0x68, 0xE3, 0x77, 0x0B, 0xEF, 0x16, 0xD0, 0xB5, 0x30, 0x00, 0x46, 0x1F, 0x9E, 0x63, 0xE6,
    0xBE, 0x92, 0x09, 0x03, 0xE8, 0x90, 0x39, 0x31, 0xD4, 0xDB, 0xED, 0x23, 0x1B, 0x92, 0x5E, 0x80,
    0x37, 0x38, 0x8F, 0x25, 0x2A, 0x23, 0x65, 0x6B, 0x2B, 0x56, 0xEB, 0x4E, 0x71, 0x54, 0x99, 0xA1,
    0x5C, 0x3F, 0x67, 0x23, 0x87, 0x1F, 0x1F, 0x3F, 0x4E, 0x6F, 0x10, 0xF2, 0x7A, 0xB8, 0x6D, 0xEE,
    0x68, 0xA4, 0x01, 0x3E, 0xBF, 0x0B, 0x16, 0x01, 0x2E, 0xD7, 0x01, 0xC7, 0x7D, 0x74, 0x06, 0x9D,
    0x8B, 0x09, 0xE9, 0x26, 0xC0, 0x10, 0x36, 0xAB, 0x90, 0x66, 0x3C, 0xE1, 0x16, 0xA5, 0xF0, 0x6B,
    0x41, 0x7A, 0xFD, 0x2D, 0x84, 0x52, 0xEC, 0xA3, 0x2F, 0x3F, 0xB4, 0xC0, 0x81, 0x85, 0x5C, 0x86,
    0xF0, 0xA6, 0xB7, 0x6C, 0xF6, 0x45, 0xAF, 0x3D, 0xE0, 0x0B, 0xE8, 0xCD, 0xBB, 0x18, 0x56, 0x70,
    0xC9, 0xB1, 0xB4, 0x90, 0x59, 0x8B, 0x43, 0x1C, 0x19, 0x22, 0x3B, 0xF4, 0x5F, 0xED, 0xE7, 0x80,
    0xE8, 0x1B, 0x98, 0x1C, 0x48, 0x60, 0xE2, 0x06, 0x57, 0xCC, 0x5D, 0x0B, 0xDF, 0xE1, 0x94, 0x17,
    0xC7, 0x9F, 0x08, 0x2D, 0xA4, 0xD5, 0x6D, 0xE5, 0xAB, 0xCC, 0xB8, 0xF1, 0xBE, 0xE3, 0x5E, 0xB6,
    0xFB, 0x6E, 0xBD, 0x47, 0x7D, 0x23, 0x89, 0x55, 0x2E, 0x72, 0x88, 0x06, 0x4A, 0xDC, 0x8F, 0xFD,
    0x3F, 0xF2, 0xA3, 0x48, 0xA8, 0x60, 0xE1, 0x5E, 0xF9, 0x3F, 0xA9, 0x77, 0xA2, 0xD1, 0xA7, 0x70,
    0x4F, 0x8C, 0x97, 0xB0, 0xAD, 0x0F, 0x60, 0x48, 0x7D, 0x54, 0xEB, 0x47, 0x7A, 0x17, 0x51, 0xAB,
    0x1F, 0x29, 0x39, 0x0D, 0x27, 0x9D, 0xE4, 0x38, 0x2A, 0x5C, 0xCE, 0xCC, 0x79, 0xD4, 0x76, 0xD9,
    0x1F, 0x48, 0x70, 0xBA, 0x64, 0x6E, 0xF1, 0x34, 0x19, 0x14, 0xCE, 0xE3, 0x4C, 0x2E, 0x93, 0x44,
    0x1E, 0x4A, 0x4A, 0xD5, 0xFD, 0xA9, 0x8E, 0xC2, 0x7B, 0x0E, 0xE1, 0xE0, 0x76, 0x19, 0xE3, 0xA3,
    0xB8, 0xDB, 0x84, 0x64, 0xC3, 0xC4, 0x84, 0x67, 0xFB, 0x19, 0x0E, 0x7D, 0xA4, 0x37, 0x87, 0x72,
    0x82, 0xC1, 0x2A, 0xFB, 0x0C, 0xEE, 0xA0, 0xC9, 0x2C, 0x1F, 0x76, 0x7E, 0x3E, 0xA8, 0x59, 0xB5,
    0xF4, 0xA5, 0x47, 0xEF, 0xB3, 0xA0, 0x2A, 0x95, 0xDA, 0x75, 0xE1, 0xA9, 0x74, 0x92, 0x3F, 0xE2,
    0xBD, 0xFE, 0x80, 0x77, 0x82, 0xD8, 0x74, 0x6F, 0x84, 0x2D, 0x76, 0xEF, 0xE7, 0x3E, 0xC1, 0x34,
    0xEA, 0xA3, 0x9D, 0x08, 0xA1, 0xB8, 0x91, 0xD1, 0x3D, 0x81, 0x44, 0x31, 0xF8, 0x17, 0x33, 0xE5,
    0x64, 0x66, 0x2C, 0x1F, 0x6A, 0x54, 0x24, 0x9F, 0xFF, 0xAD, 0xB4, 0x8B, 0x9C, 0x68, 0xCE, 0x53,
    0xC1, 0x0F, 0x99, 0x00, 0xCE, 0xCA, 0x86, 0xFB, 0xEC, 0x2B, 0x24, 0x7B, 0xFA, 0x0A, 0xC2, 0x7C,
    0x04, 0xD5, 0xBE, 0xAF, 0xC0, 0x56, 0x62, 0x6B, 0xCE, 0x1E, 0xCF, 0x6E, 0x9F, 0x5F, 0x9A, 0xCE,
    0x51, 0xC7, 0xC5, 0x0C, 0x88, 0xD4, 0x7E, 0xE3, 0x36, 0x88, 0x5E, 0xC8, 0x4C, 0x16, 0x0E, 0x49,
    0x55, 0xC5, 0xEF, 0x6F, 0xD4, 0x23, 0x16, 0x3C, 0x82, 0x77, 0x2F, 0x8C, 0xD5, 0x02, 0x07, 0xB3,
    0x73, 0xDA, 0xC6, 0xB4, 0x85, 0xC5, 0xD1, 0xC1, 0x50, 0xED, 0xAD, 0x63, 0xED, 0xA1, 0x9F, 0x0E,
    0x3B, 0xE4, 0x50, 0x00, 0xEF, 0x3E, 0x6F, 0x65, 0x8E, 0x81, 0x9B, 0xB2, 0x24, 0xA8, 0x4D, 0x60,
    0x61, 0x9D, 0x91, 0x4F, 0xDE, 0xCF, 0xE9, 0xD3, 0x97, 0x7B, 0xFA, 0xAD, 0xFB, 0xEE, 0x45, 0xDB,
    0xDB, 0xFE, 0x78, 0x62, 0xDA, 0xFE, 0x70, 0x88, 0xB6, 0x57, 0xB6, 0x0C, 0xB5, 0x6C, 0x7F, 0x5C,
    0xDA, 0x69, 0x7F, 0xFC, 0x1F, 0xBD, 0x59, 0x41, 0x88, 0xDD, 0xD6, 0x15, 0xBD, 0xD2, 0x8B, 0x2D,
    0xA7, 0x8A, 0xF3, 0xBC, 0xB0, 0xC1, 0x24, 0xF1, 0xA8, 0xD0, 0x16, 0x52, 0x6A, 0x8F, 0xBA, 0x70,
    0xA1, 0x85, 0x99, 0x91, 0x68, 0x16, 0x59, 0xD6, 0x1B, 0xD7, 0x8B, 0x14, 0x26, 0xCB, 0x16, 0xDA,
    0x8E, 0x17, 0x6E, 0x19, 0xA8, 0x3D, 0x52, 0xE2, 0x45, 0x16, 0x59, 0xD8, 0xBB, 0x2C, 0x0C, 0x25,
    0x8B, 0x96, 0xAE, 0x0A, 0xB3, 0x30, 0x65, 0x16, 0x9E, 0x2F, 0x85, 0x2E, 0x03, 0xB5, 0x4C, 0x70,
    0xBD, 0x08, 0x14, 0x05, 0xBB, 0x84, 0x2E, 0x8A, 0x1F, 0xA9, 0x26, 0x68, 0x62, 0xFD, 0xAF, 0x9E,
    0xF3, 0x24, 0xFD, 0xF9, 0x76, 0x70, 0x88, 0x33, 0xDF, 0xFE, 0xC9, 0x7C, 0xFF, 0xFF, 0xA4, 0xFF,
    0xDE, 0x3D, 0xF7, 0x9E, 0x7B, 0xEE, 0x7D, 0x4F, 0x22, 0xCA, 0x88, 0x48, 0x58, 0xE0, 0xAD, 0x8D,
    0x45, 0xF4, 0x04, 0x1F, 0x36, 0x1A, 0x11, 0x75, 0x17, 0xE3, 0xA1, 0xCE, 0xC5, 0xA9, 0xA2, 0x58,
    0x74, 0x3A, 0x12, 0xC9, 0xDA, 0x46, 0x54, 0xE9, 0x19, 0x89, 0x44, 0xE7, 0x4E, 0x25, 0x51, 0xAC,
    0x53, 0x99, 0xC8, 0x58, 0xDC, 0x26, 0x68, 0x25, 0x1A, 0xCB, 0xDE, 0x6B, 0x91, 0x6F, 0x98, 0x45,
    0xDC, 0x12, 0x6F, 0x41, 0x9B, 0x07, 0x77, 0x6A, 0xCF, 0x84, 0x71, 0xA3, 0x4C, 0x90, 0x46, 0xAA,
    0x52, 0x65, 0x24, 0x97, 0x94, 0xF1, 0x8B, 0x48, 0x30, 0xA4, 0xF3, 0xE0, 0xDA, 0xF8, 0x4C, 0xF2,
    0xDE, 0xEE, 0xF0, 0xF3, 0x2D, 0x18, 0x92, 0xDB, 0x7F, 0xBA, 0x2F, 0xE2, 0xF3, 0xED, 0x38, 0x8D,
    0x7C, 0x91, 0x43, 0xFC, 0xA0, 0x64, 0xF6, 0x35, 0x67, 0x14, 0x7E, 0x21, 0xCE, 0x7D, 0x91, 0x43,
    0xB0, 0xFE, 0x55, 0x91, 0x6F, 0x61, 0xE4, 0xAA, 0x1D, 0x7F, 0x62, 0x24, 0x21, 0xFE, 0x1C, 0x3A,
    0x22, 0x48, 0xF1, 0xA1, 0x1A, 0x86, 0x89, 0x4E, 0x5A, 0x0C, 0xE9, 0x55, 0x7C, 0x30, 0x8B, 0x4F,
    0x0D, 0x0A, 0x66, 0xD8, 0xC0, 0x24, 0x85, 0x9D, 0xB5, 0x5F, 0x1E, 0xE3, 0x91, 0x11, 0x7D, 0x25,
    0x76, 0x8B, 0x25, 0x7E, 0x77, 0xDA, 0xC6, 0x19, 0x27, 0x69, 0xE2, 0x56, 0x3A, 0x8F, 0x9C, 0x5A,
    0x99, 0x28, 0x5E, 0x51, 0xC6, 0x03, 0xA2, 0x6D, 0x22, 0x02, 0x30, 0x67, 0x37, 0xBB, 0xED, 0xED,
    0x26, 0x57, 0x7B, 0x0B, 0x2F, 0xF5, 0xB3, 0x88, 0x6C, 0xF3, 0xED, 0xE2, 0x33, 0x46, 0xE5, 0x74,
    0xDC, 0xF2, 0x4D, 0xE7, 0xD5, 0xC5, 0x39, 0xA0, 0xFA, 0x3E, 0x2D, 0x64, 0x98, 0x0E, 0x6F, 0xE2,
    0xCD, 0x83, 0x85, 0x72, 0x9E, 0xEC, 0x4D, 0x07, 0xF3, 0x23, 0xDE, 0x40, 0xA3, 0x97, 0x81, 0x56,
    0xE5, 0x5B, 0xB3, 0xD0, 0x2C, 0xEC, 0x0C, 0xBF, 0x51, 0xF4, 0x49, 0x54, 0x63, 0xED, 0x07, 0xB0,
    0x4D, 0x5F, 0xC1, 0xF8, 0x0D, 0xFC, 0xD0, 0x2B, 0x30, 0xBE, 0xE2, 0xD6, 0xE2, 0xB6, 0x2D, 0x2C,
    0x4C, 0x83, 0x1C, 0xE6, 0x47, 0x18, 0x86, 0xCD, 0x2B, 0xA2, 0x6A, 0x55, 0x01, 0x4B, 0xD2, 0x48,
    0x5B, 0x59, 0x30, 0xFE, 0x75, 0x91, 0x73, 0xB1, 0x38, 0xE0, 0xDE, 0xE9, 0x29, 0xCD, 0x19, 0xC1,
    0x56, 0xA4, 0xAE, 0xE4, 0x94, 0xCA, 0x9F, 0x90, 0x89, 0x07, 0xCB, 0x37, 0x45, 0x7E, 0x8F, 0x5F,
    0x3B, 0x72, 0xE6, 0x4B, 0x21, 0x89, 0xB0, 0x8C, 0xBA, 0x83, 0x29, 0x97, 0xFC, 0x74, 0xF6, 0x22,
    0x9D, 0xE1, 0x93, 0x30, 0x11, 0x62, 0xA6, 0x18, 0xD4, 0x20, 0xC3, 0xB7, 0x9A, 0x8E, 0xFF, 0x3B,
    0x7E, 0x78, 0x89, 0x16, 0x95, 0x61, 0x2A, 0x61, 0x4B, 0xBB, 0xC0, 0x71, 0x9D, 0x63, 0xC2, 0x4B,
    0xB0, 0x54, 0x95, 0x12, 0xA5, 0x88, 0x66, 0xE6, 0xB5, 0xB9, 0x46, 0xB4, 0xDD, 0xEA, 0xB4, 0xFC,
    0x88, 0x51, 0x9F, 0x59, 0xBA, 0xB2, 0xD1, 0x52, 0x77, 0x8B, 0x01, 0x0F, 0xC2, 0x25, 0xC9, 0x6A,
    0x49, 0x40, 0x0C, 0x0D, 0xE2, 0xA5, 0x0B, 0x9D, 0x02, 0x91, 0x34, 0x6E, 0x45, 0x38, 0x0C, 0x19,
    0x21, 0x05, 0xFF, 0x9E, 0xC4, 0xBD, 0x7D, 0x1A, 0xAE, 0x96, 0x1D, 0xBA, 0xDA, 0xCA, 0x8C, 0xCC,
    0x06, 0xCB, 0x65, 0x2C, 0x34, 0x01, 0xB4, 0xB8, 0xE6, 0xDD, 0xC7, 0x22, 0x2B, 0x18, 0x77, 0x0D,
    0x7E, 0x18, 0xBC, 0x86, 0xF1, 0xDA, 0x2F, 0xC5, 0x6F, 0xDB, 0x1C, 0x21, 0x48, 0xE8, 0x8A, 0x46,
    0x82, 0x18, 0x66, 0xD5, 0xA2, 0x4B, 0x40, 0x0B, 0x3F, 0x68, 0x8D, 0x6A, 0x8B, 0xBD, 0x39, 0xED,
    0x0A, 0x36, 0xD2, 0x8B, 0xF3, 0x49, 0x22, 0xBA, 0xBB, 0xE9, 0xFE, 0x79, 0xAC, 0x56, 0xBC, 0xE9,
    0x62, 0xE1, 0xFC, 0x24, 0xEC, 0x7F, 0x0B, 0xA6, 0xF8, 0x84, 0xE4, 0xC8, 0x33, 0xD3, 0x8A, 0xE2,
    0x79, 0x39, 0x2C, 0xB9, 0x54, 0xEB, 0x1D, 0xF3, 0x65, 0x5E, 0x5A, 0xF1, 0x2C, 0x51, 0x7D, 0x59,
    0x2B, 0xF2, 0xFD, 0xA2, 0xFA, 0x0A, 0xAD, 0x70, 0xD2, 0x43, 0x58, 0x4B, 0x30, 0xBE, 0xC0, 0xF1,
    0x90, 0x31, 0x7C, 0x4E, 0x9E, 0xA5, 0x56, 0xBC, 0x80, 0x42, 0x55, 0xBC, 0x20, 0xFA, 0xF5, 0xD4,
    0x66, 0xB6, 0xC8, 0xFE, 0xB5, 0xE2, 0xB8, 0x00, 0xD9, 0xA6, 0x8F, 0xA1, 0xF2, 0x02, 0x60, 0xDA,
    0x44, 0x7E, 0x28, 0x99, 0x9F, 0xA2, 0x56, 0x10, 0xCE, 0x69, 0xC0, 0x42, 0xB4, 0x6C, 0x61, 0x99,
    0x86, 0xEB, 0x49, 0xB4, 0xE2, 0x99, 0x02, 0x98, 0xBE, 0x6C, 0x62, 0x47, 0x43, 0x03, 0xB3, 0xDF,
    0xB8, 0x3C, 0xDA, 0x17, 0x81, 0x1E, 0x2D, 0x94, 0xCA, 0xCF, 0x55, 0x85, 0xE0, 0xD3, 0xFE, 0xC4,
    0xCD, 0x25, 0x4C, 0x37, 0xC5, 0x2F, 0x97, 0x00, 0x01, 0xD4, 0x1E, 0xBF, 0x11, 0x4B, 0xE2, 0x40,
    0xCA, 0x52, 0x9B, 0xD4, 0x67, 0x40, 0x9D, 0x0B, 0xB8, 0xF3, 0x94, 0x64, 0x67, 0x57, 0x9D, 0x96,
    0xCA, 0x37, 0xCD, 0xB7, 0xA2, 0x17, 0x9E, 0x65, 0x2B, 0x43, 0xA5, 0xB3, 0xD3, 0xA8, 0xA2, 0xD1,
    0x79, 0x13, 0xBC, 0x53, 0x45, 0x59, 0x1A, 0xFD, 0x89, 0x38, 0x22, 0x39, 0x14, 0xC5, 0xEB, 0xC1,
    0x3F, 0xCB, 0x83, 0x93, 0x3D, 0x49, 0x84, 0x13, 0xAC, 0x30, 0x12, 0xAC, 0x06, 0x17, 0xDD, 0x5F,
    0xE0, 0xCB, 0x09, 0x8B, 0x17, 0x5C, 0x9A, 0x51, 0xCF, 0x39, 0x99, 0xEB, 0x82, 0xFE, 0xEB, 0xE2,
    0x82, 0xEB, 0x58, 0x1B, 0x6C, 0x91, 0xAF, 0x6B, 0xB0, 0xB3, 0xF5, 0x8A, 0x38, 0x77, 0x90, 0x5B,
    0xF1, 0x91, 0x87, 0x22, 0xCF, 0x88, 0x1A, 0x28, 0xC6, 0x0D, 0x48, 0xC7, 0x82, 0x75, 0xAE, 0x67,
    0x4E, 0x8A, 0x5B, 0x83, 0x2D, 0x23, 0x14, 0xA6, 0x08, 0xC5, 0x43, 0xDF, 0xBE, 0x8E, 0xC1, 0x13,
    0x18, 0xB4, 0x4A, 0x76, 0x00, 0x77, 0x7A, 0xB1, 0xCE, 0xDD, 0xC2, 0xDF, 0x39, 0x6B, 0x82, 0xB6,
    0x6D, 0xBA, 0x70, 0x97, 0xC5, 0xE1, 0xB5, 0xD9, 0x7A, 0x31, 0x11, 0xEF, 0x8E, 0x81, 0x55, 0x10,
    0x13, 0xA7, 0x4E, 0xE2, 0xC9, 0x44, 0x60, 0x16, 0x16, 0x80, 0xCB, 0xD2, 0xB1, 0x53, 0xC2, 0x2E,
    0x27, 0x7B, 0xA8, 0xBD, 0x08, 0xB1, 0x78, 0xB8, 0xD7, 0xCF, 0x88, 0x43, 0x71, 0x60, 0x26, 0x7E,
    0x66, 0xC4, 0x31, 0xCB, 0x73, 0xF6, 0xA5, 0x63, 0x9B, 0x5C, 0x28, 0xA7, 0x57, 0x8A, 0x97, 0x0F,
    0x46, 0x80, 0x9B, 0xCB, 0xCB, 0xB2, 0xD4, 0x0D, 0x64, 0x29, 0xFC, 0x2A, 0x15, 0xA8, 0xA8, 0xF3,
    0x8D, 0xA0, 0x80, 0x63, 0xF5, 0x7F, 0xAC, 0x36, 0x37, 0xF2, 0x6D, 0x78, 0xD6, 0xDB, 0xD9, 0x92,
    0xB5, 0x81, 0xCB, 0x37, 0x48, 0xE7, 0xBC, 0xA7, 0x51, 0x3F, 0xDF, 0xD3, 0x45, 0x00, 0x5D, 0x85,
    0xD6, 0xAB, 0xBA, 0x73, 0xDA, 0xF5, 0x7D, 0x21, 0x38, 0x88, 0x19, 0x3C, 0x40, 0x70, 0xFE, 0xC1,
    0x48, 0x4A, 0xD7, 0xF1, 0xAB, 0x21, 0x99, 0x37, 0x68, 0x20, 0xE6, 0xBB, 0x88, 0x3B, 0x2E, 0xEA,
    0xBD, 0x14, 0xCF, 0x60, 0x86, 0xAA, 0x5D, 0x03, 0x52, 0xAC, 0xDB, 0x08, 0x06, 0x39, 0x11, 0x90,
    0x3E, 0x1A, 0x72, 0x05, 0x19, 0x89, 0x7E, 0x5E, 0x60, 0xF0, 0x02, 0x06, 0x6D, 0xCB, 0x73, 0x14,
    0x77, 0x9E, 0xC0, 0x9D, 0x7E, 0x1C, 0xDE, 0x3E, 0x97, 0x27, 0x64, 0x9E, 0x4D, 0xE6, 0x07, 0x22,
    0xDF, 0x43, 0x55, 0x03, 0x7B, 0xB0, 0xCA, 0x9B, 0x43, 0x9D, 0x40, 0x77, 0xA3, 0x7F, 0x16, 0x6B,
    0xC7, 0x74, 0x1C, 0x97, 0x4B, 0x89, 0x2C, 0x43, 0xD8, 0xA0, 0x14, 0xEF, 0x54, 0xFA, 0x7E, 0xA9,
    0xBE, 0x88, 0xE9, 0x3A, 0xB0, 0x5C, 0x17, 0x0B, 0xCE, 0xF8, 0xB7, 0xF2, 0x32, 0xF9, 0xF9, 0x2B,
    0x58, 0xFE, 0x17, 0xB8, 0xFC, 0xC8, 0xB1, 0x19, 0x8E, 0x7B, 0xEC, 0x80, 0x70, 0xAF, 0xF7, 0x61,
    0x8E, 0xD8, 0x54, 0x7B, 0x12, 0x45, 0xF2, 0x46, 0x69, 0x08, 0x0F, 0x7B, 0x29, 0xDD, 0xE2, 0x34,
    0xE4, 0xBD, 0x8D, 0x05, 0x8A, 0x4F, 0x5B, 0x8B, 0xDA, 0xF9, 0x0D, 0x06, 0x51, 0xCB, 0x46, 0xF4,
    0x6E, 0xEC, 0xC4, 0xBA, 0x70, 0x0A, 0xDC, 0x79, 0xDD, 0x1D, 0x9F, 0xBD, 0xE8, 0x31, 0x8C, 0xF2,
    0xF2, 0x5B, 0xB9, 0xB7, 0x6A, 0x66, 0xF3, 0x2A, 0xB2, 0x9D, 0x99, 0xFA, 0xA8, 0x10, 0x13, 0xF4,
    0x09, 0x2A, 0xC1, 0x6A, 0x8E, 0x5C, 0x60, 0x1C, 0x60, 0xBD, 0x7A, 0x50, 0x33, 0x19, 0xB8, 0x22,
    0xCC, 0x57, 0x95, 0x97, 0x22, 0x1B, 0xBA, 0x48, 0xB0, 0x48, 0x07, 0x2C, 0xD6, 0x68, 0x86, 0x02,
    0x55, 0xCC, 0x3D, 0x4D, 0xED, 0x6B, 0xB9, 0x27, 0xAB, 0x9D, 0x1F, 0x56, 0xA0, 0x11, 0x80, 0xB5,
    0x2A, 0xB7, 0x1B, 0x19, 0xBF, 0xA6, 0xB1, 0xFA, 0x35, 0xA8, 0x6F, 0xE3, 0x7D, 0x32, 0xA6, 0xAD,
    0x93, 0xAB, 0x16, 0x53, 0xEE, 0xD2, 0xD4, 0xE4, 0x8D, 0x74, 0xAA, 0x80, 0xD4, 0x3D, 0xA2, 0xD8,
    0xEA, 0xD4, 0x70, 0xA5, 0x90, 0xF7, 0x04, 0x3C, 0x55, 0xAC, 0x39, 0x3D, 0xD3, 0xF1, 0x6B, 0x86,
    0x1E, 0x26, 0x27, 0x34, 0x0D, 0x4C, 0x88, 0x18, 0x37, 0x24, 0x1E, 0x68, 0x3B, 0xEE, 0x2F, 0x65,
    0x2C, 0x05, 0x34, 0x2A, 0x7E, 0xD1, 0xB8, 0x4B, 0x72, 0x12, 0x9B, 0xCE, 0x03, 0xF8, 0xFA, 0x92,
    0xD1, 0x0D, 0xD8, 0x17, 0xC6, 0x7E, 0x61, 0x1B, 0xD4, 0xFE, 0xE3, 0x17, 0x45, 0x72, 0xF5, 0x09,
    0x27, 0x16, 0x36, 0x74, 0xB8, 0x44, 0xF6, 0xB2, 0x7C, 0xD5, 0xDD, 0xD8, 0x4B, 0x26, 0x32, 0x5E,
    0xE9, 0x17, 0x7E, 0xC1, 0x9A, 0x19, 0xA4, 0x61, 0x8C, 0x8A, 0xFA, 0xD7, 0xE0, 0x1E, 0xAF, 0x2D,
    0x21, 0xE6, 0xE8, 0x6C, 0x0F, 0x82, 0xC6, 0xC1, 0xED, 0x09, 0x26, 0xD5, 0x25, 0x14, 0x6A, 0x0C,
    0xBF, 0x45, 0x57, 0xD0, 0x39, 0xFF, 0xAF, 0x82, 0xC4, 0xC1, 0xA7, 0x19, 0x0A, 0x25, 0xF2, 0x4A,
    0xF4, 0xC7, 0x46, 0xFC, 0xCF, 0xD0, 0x8D, 0xA1, 0x37, 0x73, 0x1B, 0xCF, 0xB8, 0x28, 0xD1, 0xE7,
    0xD8, 0xC6, 0xCC, 0x68, 0xE2, 0x23, 0x75, 0xA6, 0x92, 0x8D, 0xB5, 0x74, 0x03, 0xFA, 0x28, 0xA3,
    0x30, 0x0D, 0xAF, 0xE4, 0xFE, 0x5D, 0xA3, 0x2A, 0x70, 0x04, 0xDF, 0x35, 0x0A, 0xE0, 0x38, 0x11,
    0x7F, 0x5A, 0xF9, 0x16, 0xAC, 0x0C, 0x74, 0xB9, 0x60, 0x8B, 0xCD, 0xE6, 0xE3, 0x8B, 0xCD, 0xDC,
    0x6C, 0x46, 0xE2, 0xAF, 0xE4, 0x72, 0x08, 0x4B, 0x6D, 0xDA, 0x1E, 0xAF, 0x0B, 0xEA, 0x13, 0xD9,
    0x4D, 0x59, 0x88, 0x1E, 0x11, 0x76, 0x77, 0x2A, 0x8B, 0x25, 0x5A, 0x92, 0xE5, 0x39, 0xDB, 0xDD,
    0x77, 0xBC, 0x51, 0x4A, 0x87, 0xF5, 0xFB, 0x22, 0xAE, 0x98, 0x21, 0xAB, 0x43, 0xF1, 0xD2, 0xAA,
    0xE3, 0x65, 0xEC, 0xEC, 0x8E, 0x64, 0x83, 0x3D, 0x46, 0xF8, 0x76, 0xED, 0xD6, 0x91, 0x84, 0x97,
    0x81, 0x22, 0x12, 0xE8, 0x8B, 0x5F, 0x46, 0x71, 0x43, 0x18, 0xEE, 0x24, 0xFE, 0x2A, 0x79, 0x7F,
    0xAA, 0x38, 0x20, 0xEF, 0x7E, 0x6E, 0xD7, 0x63, 0xB6, 0x77, 0x47, 0x0C, 0x6C, 0xC0, 0x0C, 0x51,
    0x2C, 0x74, 0xCA, 0x90, 0x15, 0x00, 0xE1, 0xD4, 0x48, 0x54, 0xB7, 0x1E, 0xC9, 0x08, 0x18, 0xAE,
    0xE4, 0xFA, 0x23, 0xA3, 0x0C, 0xBE, 0x03, 0x82, 0x82, 0xF6, 0x87, 0xF7, 0x06, 0x79, 0xDF, 0x7A,
    0x9C, 0xBC, 0x8F, 0x06, 0x79, 0xC7, 0x1D, 0xEB, 0x33, 0xF2, 0xEE, 0x64, 0xA8, 0x8C, 0x3B, 0x49,
    0xEA, 0x97, 0xAA, 0xC6, 0xFE, 0x21, 0x7A, 0x1D, 0xE9, 0x73, 0x17, 0xD6, 0x35, 0xE3, 0x0E, 0x41,
    0x88, 0x3D, 0x25, 0x74, 0x58, 0xD4, 0xE7, 0x0D, 0x06, 0x31, 0x30, 0x86, 0xC3, 0x33, 0x58, 0x9C,
    0x59, 0xF0, 0x92, 0x55, 0xBD, 0xE7, 0xFE, 0x90, 0xCA, 0x71, 0xC4, 0xE1, 0x7D, 0xFB, 0xFF, 0x77,
    0xFB, 0x6E, 0x41, 0xFC, 0x46, 0xFC, 0x0F, 0xF3, 0x3E, 0x1E, 0x5F, 0x97, 0x53, 0x56, 0xDE, 0x31,
    0xF7, 0x91, 0xA3, 0x33, 0x74, 0xF7, 0xA7, 0xF2, 0x9E, 0x0E, 0xF1, 0xED, 0x5E, 0x2F, 0xE3, 0x4E,
    0x3A, 0x74, 0x04, 0x36, 0x64, 0xF0, 0x72, 0x22, 0x32, 0x01, 0x2F, 0xC2, 0x9B, 0x85, 0xF8, 0xD8,
    0x75, 0xD8, 0x58, 0xA0, 0x2F, 0x91, 0x68, 0x0D, 0xDC, 0xF8, 0x10, 0xF0, 0xB0, 0xF9, 0xF0, 0x4D,
    0x90, 0xFB, 0xC6, 0x19, 0xAF, 0x72, 0x77, 0x1C, 0xB3, 0x49, 0x78, 0x5F, 0x5D, 0xAB, 0xE5, 0xC8,
    0xDE, 0x36, 0x06, 0x51, 0x80, 0xED, 0x2E, 0x6A, 0x7A, 0xEF, 0x2D, 0x18, 0x1F, 0x5C, 0x2B, 0x3D,
    0xB4, 0xAE, 0xF0, 0x3B, 0xAC, 0xBF, 0x6C, 0xC8, 0xA7, 0xE8, 0x35, 0x63, 0xE1, 0x28, 0xEC, 0xA9,
    0xF4, 0x1D, 0xD3, 0x45, 0x22, 0x1C, 0xE4, 0x1D, 0xB9, 0xB0, 0x30, 0x23, 0xEF, 0xB2, 0x56, 0x0B,
    0xD7, 0x04, 0xA5, 0x26, 0x60, 0x81, 0xBE, 0x05, 0x52, 0xD4, 0xF4, 0x21, 0x34, 0x8D, 0x7E, 0xA6,
    0xB9, 0x54, 0x62, 0x19, 0xC3, 0xCF, 0x19, 0x38, 0x15, 0x61, 0x0B, 0x1F, 0xE6, 0x09, 0xFE, 0x18,
    0x22, 0x09, 0x67, 0x0F, 0x1F, 0x1F, 0x92, 0x77, 0xBB, 0x95, 0xA2, 0xB5, 0x3D, 0x43, 0xB1, 0xDD,
    0x84, 0xB1, 0x41, 0x8A, 0x4A, 0x14, 0xBE, 0x5B, 0xC2, 0xCD, 0x2E, 0xBA, 0xFC, 0x31, 0xCC, 0xC5,
    0xF7, 0xCB, 0xDC, 0xFE, 0xAD, 0xE6, 0x7B, 0xB4, 0xF7, 0x52, 0x7B, 0x52, 0xD1, 0xB1, 0x2F, 0x1E,
    0x76, 0x0A, 0x32, 0x01, 0x33, 0x65, 0x1B, 0x4E, 0x90, 0x2D, 0x1E, 0xCA, 0xD8, 0xDC, 0x12, 0x8A,
    0x13, 0x1C, 0xBE, 0x4E, 0x8F, 0x53, 0x3B, 0xA3, 0x3F, 0x82, 0x08, 0xA8, 0x2C, 0x70, 0x7A, 0xCB,
    0x6C, 0x0C, 0x73, 0xD0, 0xC3, 0x37, 0x60, 0x92, 0xDB, 0xB8, 0x74, 0xBC, 0xD0, 0xF3, 0x31, 0xB0,
    0x84, 0x70, 0x38, 0x93, 0x95, 0xCE, 0x17, 0x7A, 0xDF, 0xBA, 0x42, 0x3A, 0xFF, 0x8B, 0xAD, 0x04,
    0x94, 0x91, 0xD6, 0xB6, 0xBF, 0x50, 0xBF, 0x5F, 0xDA, 0x02, 0x17, 0xDE, 0x9B, 0x38, 0xBB, 0xDB,
    0x27, 0xE0, 0xF6, 0x25, 0x98, 0x5E, 0xC1, 0xEF, 0xD8, 0xF4, 0x84, 0xD8, 0x05, 0x45, 0xD8, 0x14,
    0xF1, 0x3F, 0x98, 0x80, 0x34, 0xA6, 0xEB, 0x2D, 0x20, 0xA7, 0xEF, 0x9F, 0xC9, 0x76, 0xA6, 0x16,
    0xF2, 0x9C, 0x47, 0x21, 0x4F, 0x1F, 0xC0, 0xD1, 0xBE, 0x85, 0x8A, 0x2C, 0x9B, 0xF0, 0xE1, 0xFA,
    0x37, 0x03, 0x20, 0xB6, 0x99, 0x58, 0x60, 0x09, 0x70, 0x7F, 0xCC, 0x8F, 0x27, 0xD1, 0x7A, 0xC9,
    0xAB, 0x88, 0xAE, 0x3C, 0x2F, 0xB6, 0xCA, 0x85, 0xA6, 0x3B, 0x62, 0x80, 0xFE, 0x2C, 0x30, 0x07,
    0x35, 0x15, 0xE8, 0x53, 0xCC, 0x8B, 0xBD, 0x23, 0x35, 0x28, 0xD7, 0x20, 0x35, 0xF2, 0xAA, 0x07,
    0x90, 0x09, 0x75, 0x28, 0xB5, 0x4A, 0x09, 0x9B, 0x7D, 0xEA, 0x8F, 0xE2, 0x19, 0x82, 0xCB, 0x32,
    0xCA, 0x3B, 0x98, 0x3C, 0x33, 0x25, 0x8C, 0x67, 0x32, 0x6C, 0x13, 0x5D, 0x9E, 0xF8, 0x6C, 0xF6,
    0x5B, 0xFE, 0xF8, 0x9B, 0xA1, 0x71, 0xEB, 0x57, 0xC1, 0xD0, 0x6B, 0x75, 0xC8, 0x2D, 0x89, 0x35,
    0x5C, 0xDB, 0xF3, 0x72, 0x1B, 0x0E, 0x28, 0xEC, 0x5A, 0xED, 0x94, 0xF4, 0xA2, 0x61, 0x4A, 0xAC,
    0x33, 0x27, 0x58, 0xB7, 0x55, 0x43, 0xA7, 0x67, 0xF4, 0x65, 0x98, 0x03, 0x97, 0x0D, 0x87, 0xAA,
    0xD9, 0x05, 0x8F, 0x89, 0x26, 0xE3, 0x2E, 0x22, 0xE2, 0x39, 0x56, 0xC8, 0xBE, 0x00, 0x6F, 0x36,
    0x3D, 0x66, 0xF2, 0x23, 0x7C, 0x3B, 0x95, 0x3F, 0x4F, 0xFB, 0x97, 0x6F, 0x18, 0x89, 0xAE, 0x20,
    0x74, 0xAC, 0x89, 0x68, 0xBB, 0x6F, 0xF3, 0x22, 0xA0, 0x66, 0x7A, 0x29, 0x96, 0xBC, 0x9C, 0x43,
    0x35, 0x77, 0x4B, 0xCA, 0x26, 0x4F, 0x67, 0xB4, 0x51, 0x14, 0x4E, 0x9E, 0x03, 0x59, 0xA7, 0x5B,
    0xDB, 0x75, 0x89, 0x70, 0xA8, 0xCA, 0xA5, 0x7A, 0x72, 0x70, 0x4C, 0x0A, 0x65, 0x62, 0x05, 0xB4,
    0x53, 0xD0, 0x5E, 0x42, 0xF7, 0x14, 0xD9, 0x4C, 0x0F, 0x93, 0x82, 0xFD, 0x02, 0x18, 0xCE, 0xF4,
    0xD8, 0xBE, 0xF1, 0xDF, 0x6C, 0xA2, 0xDA, 0x02, 0x7B, 0x36, 0x1E, 0xFE, 0x2D, 0xB1, 0x8F, 0xCA,
    0xC1, 0x98, 0x1B, 0xDC, 0xE9, 0xA7, 0x10, 0xAD, 0x8A, 0xED, 0x14, 0xE6, 0x71, 0x0C, 0xD0, 0x2C,
    0x62, 0x3A, 0x55, 0x40, 0x75, 0x99, 0x25, 0x7E, 0xEE, 0x19, 0xD8, 0x15, 0xDE, 0xDE, 0x86, 0x88,
    0xED, 0xCE, 0x5A, 0x7B, 0x7D, 0x38, 0xEE, 0x21, 0x88, 0x1F, 0x18, 0xFD, 0x41, 0x26, 0x8D, 0x07,
    0xE5, 0xD9, 0xB6, 0xA7, 0x4C, 0xD2, 0x6D, 0xF9, 0xDD, 0xCA, 0x2B, 0xC3, 0x78, 0x5B, 0x19, 0xB8,
    0xE4, 0xFE, 0x64, 0x33, 0x7B, 0xA7, 0x1E, 0x7E, 0x5E, 0x75, 0x22, 0x56, 0x0D, 0x8F, 0x53, 0xB8,
    0xBD, 0x66, 0x7B, 0x69, 0xF7, 0x09, 0xF2, 0xC3, 0x47, 0x5A, 0x9E, 0xB9, 0x9A, 0x0F, 0x75, 0x70,
    0xFF, 0x85, 0xC4, 0xC5, 0x42, 0xEB, 0x22, 0x87, 0x31, 0x62, 0x37, 0xAA, 0x4F, 0x82, 0xC1, 0x89,
    0xAD, 0xDA, 0xA0, 0x9D, 0x77, 0x1A, 0x6C, 0x06, 0x9C, 0x1A, 0x3A, 0x83, 0x75, 0x6C, 0x9A, 0x3A,
    0xB6, 0x29, 0xF9, 0x5B, 0x5B, 0xEB, 0x76, 0x09, 0x14, 0xD8, 0x38, 0x49, 0xEB, 0x7E, 0x4D, 0xA3,
    0xEF, 0xB1, 0x97, 0x2D, 0x89, 0xBB, 0x12, 0x6B, 0xA0, 0xB5, 0xDB, 0xC2, 0xE9, 0xAE, 0x10, 0x4B,
    0x77, 0x05, 0x69, 0xB1, 0x48, 0x25, 0x03, 0x11, 0xFC, 0x9D, 0x35, 0x99, 0x5A, 0x7F, 0xA0, 0xDF,
    0x77, 0x4A, 0xB2, 0x1A, 0x4B, 0x70, 0x19, 0x29, 0x43, 0xAE, 0xA1, 0x9D, 0x85, 0xF5, 0x37, 0x9D,
    0x0C, 0x16, 0xC0, 0xFE, 0x42, 0x00, 0x40, 0x88, 0x80, 0x10, 0xB0, 0xE9, 0x88, 0x84, 0x20, 0xD0,
    0x5E, 0x6F, 0x0B, 0x61, 0x08, 0x71, 0x88, 0x05, 0x72, 0xC0, 0x36, 0xAE, 0x25, 0x37, 0x26, 0x13,
    0x6E, 0x6B, 0xD0, 0x7F, 0x23, 0x45, 0x4F, 0x3D, 0x7D, 0x24, 0x47, 0xA7, 0x07, 0xA1, 0x79, 0x80,
    0xBD, 0x30, 0x4F, 0x1C, 0xD7, 0xF7, 0x85, 0xA4, 0xEB, 0x3F, 0x57, 0x38, 0xC5, 0xF3, 0x9B, 0xDC,
    0x12, 0x5E, 0xE0, 0x01, 0xE8, 0x79, 0x22, 0x39, 0xDE, 0x65, 0x31, 0xA3, 0x0D, 0x6C, 0xE4, 0xD2,
    0x4D, 0x24, 0x6C, 0xF0, 0x2E, 0xF7, 0x11, 0x1F, 0x93, 0x37, 0xBB, 0x44, 0xB2, 0xC5, 0x1D, 0xC4,
    0x32, 0xED, 0xD5, 0x4C, 0x3A, 0xEE, 0xBB, 0x18, 0x53, 0x7B, 0x05, 0x48, 0x86, 0x2B, 0x23, 0x36,
    0xE8, 0x41, 0x0E, 0xA0, 0xEE, 0xF8, 0x8D, 0x9C, 0x5D, 0x48, 0x3C, 0x7B, 0xFA, 0xA9, 0xFE, 0x8B,
    0x0F, 0xC7, 0x68, 0xC5, 0x05, 0xE0, 0x7A, 0x81, 0xB8, 0xD2, 0x7D, 0xE1, 0xF2, 0xCA, 0xF3, 0x1B,
    0xE2, 0xAD, 0x99, 0xA8, 0x74, 0x24, 0xB6, 0x22, 0xDA, 0xD5, 0x34, 0x8F, 0xA4, 0x75, 0x3F, 0x6E,
    0xCB, 0xA8, 0x31, 0x51, 0xEA, 0xD4, 0x9B, 0x48, 0x8D, 0xE5, 0x4D, 0x4E, 0x76, 0x15, 0x79, 0x01,
    0x1B, 0x13, 0x76, 0x08, 0x88, 0x83, 0xAD, 0x5D, 0x4B, 0x74, 0x76, 0x20, 0xDD, 0x95, 0xD1, 0xF4,
    0x0A, 0x70, 0x6D, 0x71, 0x10, 0x2D, 0x40, 0x78, 0x9B, 0x27, 0x04, 0xD9, 0xBD, 0xA9, 0x1A, 0x8D,
    0x5F, 0x11, 0xF9, 0x5D, 0xBB, 0x1A, 0xF7, 0xC7, 0xC1, 0xFB, 0x0B, 0x4E, 0x57, 0x23, 0xBB, 0xC3,
    0xC1, 0x67, 0x08, 0x62, 0xAA, 0x35, 0xFD, 0xFA, 0x43, 0xFF, 0x1B, 0xCC, 0x0B, 0x55, 0xF7, 0xB2,
    0x3C, 0x8E, 0x07, 0x05, 0x7F, 0xAE, 0xA7, 0x82, 0x3B, 0x3C, 0xEC, 0x90, 0xBD, 0xE7, 0x69, 0xAA,
    0xAD, 0x92, 0x71, 0x80, 0x46, 0x10, 0x64, 0xAA, 0x81, 0x0E, 0x0A, 0x56, 0xDC, 0x00, 0xB3, 0x60,
    0x7B, 0xB2, 0xDC, 0x3D, 0x0C, 0x70, 0x27, 0xB6, 0x87, 0xE9, 0xF4, 0xB1, 0x3F, 0x5A, 0xE9, 0x3A,
    0xB3, 0x24, 0xB6, 0x67, 0xC3, 0x78, 0x9D, 0xE9, 0x1F, 0x3D, 0xE8, 0xA2, 0x7F, 0xF2, 0xE0, 0xE6,
    0xFD, 0x51, 0x88, 0x7B, 0x0F, 0x2D, 0x20, 0x52, 0x39, 0xA7, 0xB5, 0x2B, 0xB8, 0x88, 0xBC, 0x0B,
    0xAE, 0xC4, 0xA2, 0x3E, 0xC5, 0x1D, 0x2C, 0xF5, 0x4C, 0x05, 0x1E, 0x06, 0xDB, 0xBD, 0x0E, 0xE7,
    0x58, 0xE9, 0xEA, 0xCD, 0x09, 0xFC, 0xE9, 0xFB, 0x58, 0x81, 0xCB, 0xB7, 0xE3, 0xA0, 0x7D, 0x9D,
    0x9D, 0xF5, 0x08, 0x97, 0x03, 0xF8, 0x42, 0x55, 0xA8, 0xE4, 0x23, 0xCE, 0x75, 0x33, 0xEE, 0x8E,
    0x90, 0x79, 0xBA, 0x17, 0xD8, 0x93, 0x0A, 0x19, 0x0E, 0x25, 0xBA, 0x46, 0x0E, 0x1E, 0x94, 0xA4,
    0x7D, 0xE4, 0x69, 0xB9, 0xF5, 0x47, 0xD9, 0xC5, 0x61, 0x31, 0xCE, 0x0A, 0xC8, 0x49, 0x83, 0x6E,
    0x29, 0x82, 0xF4, 0xF8, 0xB7, 0xD0, 0x50, 0xD5, 0xB0, 0x68, 0x05, 0x4E, 0xD0, 0xE3, 0x9E, 0x1A,
    0x7C, 0x88, 0x60, 0xA7, 0x2F, 0xAC, 0x3E, 0xD1, 0xB5, 0xCE, 0x2D, 0xB3, 0x25, 0x13, 0x6C, 0xE2,
    0x82, 0xD2, 0x1F, 0xBC, 0xFA, 0x00, 0xB7, 0x1D, 0x2B, 0x7A, 0xA9, 0x1A, 0x2A, 0x47, 0xFF, 0x9A,
    0x1F, 0x08, 0xF6, 0x95, 0x7C, 0x60, 0x2E, 0xDF, 0x49, 0xBB, 0xB6, 0xC8, 0x3E, 0x39, 0xBD, 0x3A,
    0x6C, 0xA3, 0xF7, 0x01, 0x08, 0x7D, 0x26, 0x2B, 0x61, 0xD9, 0x3D, 0x95, 0x2F, 0xE4, 0x70, 0x52,
    0xC8, 0xA3, 0x2F, 0xDD, 0xDE, 0x02, 0x6B, 0xB0, 0x51, 0x43, 0xD3, 0x51, 0x3A, 0x24, 0x65, 0xF4,
    0x53, 0xB0, 0xFE, 0x13, 0x4C, 0xD0, 0x54, 0xDD, 0x53, 0x16, 0xBF, 0xEE, 0x03, 0x9A, 0xF4, 0xBB,
    0x10, 0x12, 0xC3, 0x1E, 0x79, 0x61, 0x79, 0xCF, 0x1E, 0xC4, 0x4D, 0xDB, 0xA3, 0x9F, 0x64, 0x0F,
    0x3D, 0x09, 0x9D, 0x1B, 0x67, 0xFE, 0x0F, 0x95, 0x54, 0xBF, 0x6B, 0x1C, 0x47, 0x14, 0xFE, 0x76,
    0x07, 0x7B, 0x9D, 0xAC, 0xA3, 0xF1, 0x1F, 0x20, 0xB1, 0x8D, 0xCB, 0xD3, 0x6D, 0x08, 0x2A, 0x0E,
    0xB2, 0x77, 0xBB, 0x4E, 0x20, 0x29, 0x54, 0xC8, 0x5D, 0x8A, 0x14, 0x36, 0xC1, 0xBD, 0x5C, 0x28,
    0xA0, 0xC0, 0x9E, 0x6E, 0x6C, 0x15, 0x86, 0x98, 0xA0, 0x40, 0x8C, 0x9B, 0x14, 0x71, 0x13, 0x70,
    0x3A, 0x39, 0xB8, 0xB8, 0xC0, 0x99, 0x1B, 0xA1, 0x42, 0x85, 0x8A, 0x2C, 0x16, 0x58, 0x45, 0x8A,
    0x0C, 0x52, 0x48, 0x8A, 0x34, 0x23, 0xB1, 0x0E, 0x4B, 0xD8, 0xDB, 0xC9, 0x9B, 0xD9, 0x53, 0x2A,
    0x37, 0x7E, 0x77, 0xBB, 0xF3, 0xF6, 0xBD, 0x37, 0xEF, 0xE7, 0x37, 0x03, 0xA4, 0xB3, 0xB4, 0xC6,
    0xFC, 0x0D, 0xCF, 0x18, 0x73, 0x48, 0x0F, 0xB1, 0x60, 0xC6, 0x34, 0x23, 0x63, 0x0A, 0xB4, 0x64,
    0x1C, 0x1D, 0xB4, 0xCB, 0x5C, 0x16, 0xB4, 0x5F, 0x23, 0xF7, 0x56, 0xD7, 0x2F, 0x25, 0xFC, 0x6D,
    0x7F, 0xD6, 0x8B, 0x4F, 0x9B, 0x1B, 0x5C, 0x90, 0x75, 0x26, 0x5B, 0xB6, 0xC3, 0x99, 0xDC, 0x0C,
    0xF5, 0x34, 0x28, 0x02, 0xD9, 0x70, 0xB5, 0xCC, 0x84, 0xEA, 0x51, 0x50, 0xD1, 0xF2, 0x9A, 0xF8,
    0x68, 0xED, 0xB7, 0x73, 0x79, 0x77, 0x01, 0xCA, 0x9A, 0x87, 0x5E, 0xA1, 0x97, 0xB8, 0x57, 0x6C,
    0x72, 0xBF, 0x1E, 0xAD, 0x9E, 0xCD, 0xA2, 0x8F, 0x54, 0x20, 0x2B, 0x7E, 0x52, 0xD3, 0xDF, 0x2F,
    0x7A, 0x4C, 0xEC, 0x2E, 0x78, 0x45, 0x2F, 0x74, 0x89, 0x8B, 0xE7, 0x17, 0xF2, 0x84, 0xC9, 0x5D,
    0x6E, 0xE5, 0x19, 0xC9, 0x69, 0x4B, 0x13, 0x1F, 0xEA, 0xA6, 0xC3, 0xC4, 0x06, 0x79, 0x5D, 0x84,
    0xEA, 0x5C, 0xE4, 0x75, 0x95, 0x3A, 0x42, 0xBD, 0x18, 0xD2, 0x22, 0x71, 0x6D, 0xE5, 0x5A, 0xF4,
    0xE7, 0xFA, 0x5E, 0xF3, 0x7D, 0x85, 0x05, 0xD2, 0x69, 0x20, 0x26, 0x39, 0x2D, 0x5B, 0xE4, 0x9B,
    0xAC, 0x72, 0xCA, 0x86, 0x8A, 0x78, 0x0E, 0xF0, 0x56, 0x6D, 0xAD, 0xA4, 0x73, 0xD2, 0x12, 0xF1,
    0x5C, 0x00, 0x03, 0xA7, 0xF5, 0x98, 0x40, 0xFA, 0x6A, 0x9A, 0x35, 0x8F, 0x67, 0xF0, 0x65, 0xBB,
    0x27, 0x6F, 0xFD, 0x71, 0xFA, 0xEC, 0x3B, 0x23, 0xFF, 0xBB, 0x4F, 0xC4, 0xE8, 0xDC, 0x88, 0x3B,
    0xEF, 0xDF, 0xF9, 0xDF, 0x68, 0x42, 0x13, 0xA3, 0xD2, 0x7D, 0x5B, 0x7C, 0x31, 0xDD, 0x37, 0x3B,
    0x4D, 0xAC, 0xE3, 0xCC, 0x45, 0x6B, 0xC0, 0x1B, 0x98, 0x86, 0x9B, 0x99, 0x31, 0x6B, 0x26, 0x33,
    0x19, 0xCF, 0x40, 0x9A, 0x6E, 0x74, 0x5C, 0x8E, 0xBB, 0x88, 0xA2, 0x82, 0xFF, 0x55, 0xB2, 0x6A,
    0x8C, 0xBC, 0x0F, 0xFA, 0x8C, 0x25, 0x09, 0xFE, 0xD6, 0x01, 0x89, 0x4A, 0x90, 0x70, 0x39, 0x5D,
    0xF6, 0x1A, 0x17, 0xC6, 0xFF, 0x47, 0x7B, 0x54, 0x90, 0xA7, 0x13, 0xBB, 0xA0, 0xE4, 0xAE, 0xD7,
    0x49, 0x20, 0xED, 0x12, 0xF9, 0x5A, 0xDB, 0x6E, 0xCA, 0xF2, 0x59, 0x83, 0x58, 0x96, 0xD5, 0xCF,
    0xA7, 0x6A, 0x98, 0x47, 0xE5, 0x97, 0x3A, 0xEF, 0x53, 0xBC, 0x8D, 0x32, 0x8A, 0xA9, 0x67, 0xBD,
    0x3C, 0xFC, 0x35, 0x2B, 0xD1, 0x8B, 0xD9, 0x69, 0x91, 0x23, 0x09, 0x45, 0xA9, 0x63, 0x74, 0x3C,
    0x35, 0x49, 0x78, 0xD6, 0x41, 0x3F, 0x0F, 0x7F, 0x10, 0x8B, 0x08, 0x2A, 0x4C, 0xB3, 0x79, 0x4C,
    0xA2, 0x17, 0x13, 0x6C, 0x38, 0x26, 0x62, 0x72, 0xC9, 0x31, 0x8C, 0x26, 0x25, 0x1C, 0x37, 0x0F,
    0x6E, 0xE3, 0x4E, 0x92, 0xB6, 0x9D, 0x39, 0x5F, 0x8D, 0x94, 0x5F, 0x63, 0xBA, 0x7D, 0x74, 0x72,
    0xB8, 0x73, 0xEF, 0xB5, 0x1E, 0x0C, 0xE7, 0x59, 0xAC, 0xDE, 0xD3, 0x58, 0xEA, 0x07, 0x87, 0xB2,
    0xD4, 0x11, 0xD8, 0x03, 0x39, 0x29, 0xF9, 0x2D, 0x5F, 0x43, 0x4D, 0xF8, 0xCE, 0x8D, 0x73, 0x35,
    0x98, 0xA7, 0xD3, 0x65, 0x45, 0x88, 0xCD, 0x98, 0xB3, 0x97, 0x6A, 0xEC, 0x4B, 0x76, 0x2C, 0x7F,
    0xA9, 0xA2, 0x5B, 0xB8, 0x0B, 0x72, 0x3A, 0xC3, 0x48, 0x60, 0xE2, 0xD5, 0xAC, 0x0C, 0x14, 0x97,
    0x91, 0x9D, 0xC6, 0x24, 0xC6, 0x28, 0x96, 0xE9, 0x5A, 0x11, 0x3D, 0x50, 0x7C, 0x5F, 0x07, 0x7B,
    0x9A, 0x15, 0xA5, 0x15, 0x87, 0x22, 0x3A, 0x3C, 0x27, 0xCB, 0x59, 0x9A, 0x6D, 0xB5, 0xBA, 0xDA,
    0xD3, 0x39, 0xED, 0x21, 0x20, 0x53, 0x9B, 0x53, 0xC1, 0x65, 0xA0, 0x28, 0x7A, 0x85, 0xA4, 0x1B,
    0x0A, 0x7E, 0x5A, 0xA1, 0x1E, 0x81, 0x0C, 0x7D, 0x3D, 0xC1, 0x80, 0x0B, 0x26, 0x75, 0x37, 0xBC,
    0xAF, 0x58, 0xD5, 0x90, 0xE5, 0xC1, 0x59, 0x8D, 0xAD, 0x56, 0x17, 0x83, 0x6F, 0xAB, 0x12, 0x09,
    0x79, 0xB9, 0x84, 0x01, 0xFB, 0xA6, 0xB3, 0x88, 0x15, 0x26, 0x13, 0x56, 0x74, 0x3D, 0x1D, 0xBA,
    0x94, 0x36, 0xA1, 0x3D, 0xE9, 0x49, 0x9A, 0x8D, 0xB6, 0xE3, 0x23, 0xC9, 0x10, 0x95, 0xAF, 0x02,
    0xC1, 0x31, 0x07, 0xF0, 0xED, 0xAE, 0x57, 0x74, 0xA3, 0xBD, 0xD2, 0x7F, 0x79, 0xA2, 0x91, 0xF8,
    0x0A, 0x6C, 0x5F, 0x61, 0x9C, 0x1E, 0xCB, 0x74, 0x75, 0xBF, 0x0A, 0x1F, 0x8E, 0x73, 0xF0, 0x55,
    0x81, 0x88, 0x20, 0x1B, 0xF1, 0x35, 0x74, 0x43, 0xAD, 0xDF, 0x41, 0x79, 0x05, 0x18, 0x87, 0x32,
    0xDE, 0xAB, 0x59, 0x45, 0xF5, 0x7E, 0x5C, 0x31, 0x9D, 0x52, 0x7C, 0xAA, 0xB6, 0x0F, 0x3A, 0x36,
    0x81, 0x48, 0xB0, 0x11, 0x64, 0x97, 0x71, 0xDB, 0x0D, 0xCA, 0xD3, 0xAC, 0x4A, 0x45, 0xBA, 0x5D,
    0x79, 0xD4, 0xE9, 0xCB, 0x26, 0x9B, 0xAD, 0x1F, 0xBC, 0x5A, 0xFF, 0x3A, 0xDD, 0xF2, 0xFE, 0x2D,
    0x83, 0xDF, 0x65, 0x5C, 0xC3, 0x08, 0xA6, 0x2C, 0x6C, 0x37, 0xAD, 0x39, 0xAD, 0x53, 0xD0, 0xC4,
    0x58, 0x71, 0x71, 0x05, 0xB8, 0xC1, 0x3F, 0x09, 0x97, 0x83, 0x4F, 0x8D, 0x18, 0x65, 0x7E, 0x15,
    0x98, 0x7D, 0xF1, 0x4C, 0x5E, 0x05, 0x95, 0xD5, 0x43, 0x00, 0xAA, 0xED, 0x3D, 0x8B, 0x8E, 0x15,
    0x84, 0x96, 0x5F, 0xB4, 0xC7, 0x70, 0x88, 0x85, 0x5D, 0x1C, 0xA3, 0xD3, 0x63, 0x37, 0xE4, 0xAE,
    0x3D, 0x62, 0xBE, 0xAB, 0xB5, 0x74, 0xB7, 0x81, 0xC3, 0xC5, 0x17, 0x84, 0x14, 0xF6, 0x7A, 0x66,
    0xF9, 0x9B, 0xF6, 0xD5, 0xB7, 0xE1, 0xA8, 0x40, 0x22, 0x45, 0x00, 0x23, 0xB7, 0xEF, 0xBA, 0x63,
    0xAA, 0x2D, 0x1B, 0x62, 0xF8, 0x81, 0x7E, 0xF1, 0xD9, 0xC9, 0xD3, 0x9F, 0xFC, 0x1F, 0x9F, 0xE2,
    0x11, 0x65, 0x83, 0x44, 0xE1, 0xAB, 0x22, 0x5C, 0xCB, 0x38, 0xC7, 0x93, 0xEB, 0xF8, 0xD6, 0x56,
    0xEA, 0x50, 0x68, 0x61, 0x9F, 0xCC, 0xA3, 0xF8, 0xD6, 0xA7, 0x45, 0xEB, 0xC2, 0x9B, 0xB4, 0xDE,
    0x1B, 0xB5, 0x6E, 0x2A, 0xA9, 0x31, 0x3B, 0xC6, 0x1C, 0x49, 0xEF, 0xAC, 0x40, 0x7E, 0x93, 0x00,
    0x02, 0x3A, 0x34, 0x54, 0x96, 0x47, 0x16, 0x63, 0x77, 0xEE, 0x23, 0xF2, 0x21, 0x5C, 0x8F, 0xB4,
    0xBB, 0x12, 0x5A, 0x13, 0x4B, 0xEB, 0x7F, 0xE0, 0xC3, 0xC7, 0xCD, 0xE7, 0x1A, 0xB1, 0xAB, 0xD6,
    0x82, 0xEF, 0xBE, 0x0A, 0xCE, 0xEB, 0xA9, 0x05, 0xE6, 0x51, 0x39, 0xF3, 0xAA, 0xAD, 0xE8, 0xA1,
    0x43, 0xE0, 0x00, 0x79, 0xE4, 0x20, 0xAA, 0xED, 0x75, 0xFB, 0x1F, 0x4D, 0x93, 0xBF, 0x6F, 0x13,
    0x31, 0x14, 0xC7, 0xBF, 0x67, 0x43, 0x4E, 0xD4, 0x08, 0x77, 0x00, 0x09, 0xB5, 0xE2, 0xB2, 0x74,
    0x60, 0xC8, 0x25, 0x4B, 0x87, 0x1B, 0x9C, 0xD6, 0x2D, 0x43, 0x87, 0x0E, 0x4C, 0xFC, 0x15, 0x20,
    0xD1, 0x21, 0x43, 0x90, 0x42, 0xE5, 0x90, 0x81, 0xA1, 0x03, 0xFC, 0x07, 0x54, 0x62, 0x61, 0xAA,
    0x3A, 0xDC, 0x10, 0xA0, 0x6A, 0xAE, 0xCD, 0x46, 0x07, 0x2E, 0x64, 0x64, 0x31, 0xB4, 0x03, 0x52,
    0x17, 0x0B, 0x82, 0xB8, 0x22, 0xD2, 0xF0, 0x2E, 0xE9, 0x2F, 0xBD, 0xC5, 0xF2, 0x7B, 0xF6, 0xFB,
    0x7E, 0x3F, 0x7E, 0xC6, 0xBA, 0x56, 0x4A, 0x2C, 0x5B, 0x17, 0x94, 0xD9, 0x61, 0x5A, 0xAE, 0xF2,
    0x7E, 0xD2, 0x50, 0x62, 0xE9, 0x5B, 0x5A, 0x38, 0x02, 0xA0, 0xB8, 0xC1, 0x8C, 0xE7, 0x24, 0x6C,
    0xC0, 0x52, 0xC5, 0x32, 0x40, 0xA3, 0x81, 0x62, 0xE2, 0x67, 0xDE, 0xB1, 0xAE, 0x6F, 0x07, 0x92,
    0x8F, 0x86, 0x08, 0xC0, 0x52, 0x28, 0x30, 0xC3, 0x46, 0x69, 0x04, 0x5F, 0xE3, 0xBD, 0x2E, 0x74,
    0x34, 0xDA, 0xF0, 0x9B, 0x88, 0x1B, 0x21, 0xFB, 0x0B, 0x14, 0xB0, 0xAE, 0xDB, 0xA8, 0x63, 0x21,
    0xAB, 0xF8, 0x9F, 0xF5, 0x9F, 0x54, 0x0D, 0x64, 0x20, 0xBD, 0x5D, 0x88, 0xD1, 0x60, 0xDE, 0x4F,
    0xE8, 0x30, 0x4F, 0x50, 0xCD, 0xAF, 0x09, 0x00, 0x07, 0x09, 0x6C, 0x53, 0xF3, 0xDD, 0x5C, 0x19,
    0x4B, 0x07, 0x4A, 0x7C, 0xD5, 0x8B, 0x36, 0x28, 0xB6, 0x48, 0x19, 0xEF, 0xA6, 0x4E, 0x1C, 0x81,
    0x9D, 0xF8, 0xAD, 0x7E, 0xF2, 0xCC, 0x16, 0xDB, 0xE2, 0xD5, 0x4A, 0xAF, 0xE3, 0x3C, 0x0A, 0x3F,
    0x15, 0x9A, 0x4E, 0x31, 0xAC, 0x4D, 0x89, 0xE1, 0x4D, 0x98, 0x91, 0x46, 0xF1, 0x1F, 0x6D, 0x60,
    0x71, 0x80, 0xDB, 0x18, 0x70, 0x23, 0x71, 0x8F, 0x3A, 0x29, 0x92, 0x51, 0xA3, 0x88, 0x50, 0x82,
    0xD0, 0x9E, 0xF6, 0x1C, 0x2D, 0xD5, 0x59, 0xD4, 0x11, 0xC3, 0xB1, 0x44, 0xE8, 0x08, 0x95, 0xA7,
    0x7A, 0xD8, 0x96, 0x62, 0xC9, 0x0E, 0x42, 0xC9, 0x52, 0xA7, 0x02, 0xDE, 0x3C, 0xC1, 0x39, 0xAC,
    0x72, 0x0E, 0x2B, 0x24, 0x35, 0x24, 0x49, 0x12, 0x2C, 0xDF, 0x02, 0x73, 0x15, 0x2B, 0xB4, 0x82,
    0xE3, 0x49, 0x80, 0x98, 0x27, 0x84, 0x46, 0x7B, 0x1D, 0x5D, 0xAF, 0x52, 0x3D, 0x79, 0x13, 0x09,
    0x35, 0x6A, 0xA3, 0x7A, 0xAD, 0xCC, 0x36, 0x46, 0xD9, 0x9D, 0x47, 0xB9, 0x3D, 0xCA, 0x3D, 0x48,
    0xA7, 0x15, 0xC9, 0x90, 0x29, 0xA4, 0x41, 0x63, 0x4E, 0xB4, 0xF6, 0xEC, 0x6C, 0x0E, 0xFE, 0x2A,
    0x66, 0x37, 0xC1, 0x5C, 0xBE, 0xC4, 0x6C, 0x23, 0x70, 0x4D, 0x1E, 0xC4, 0x29, 0xBC, 0x0C, 0x04,
    0xB0, 0x3E, 0x27, 0xF8, 0x7E, 0x5A, 0xDC, 0x04, 0x66, 0xC6, 0xA4, 0xDB, 0x58, 0x78, 0x97, 0x93,
    0xFE, 0x95, 0x5C, 0x92, 0xCE, 0x22, 0x3F, 0x31, 0xEA, 0x2A, 0xE4, 0x18, 0xBE, 0x21, 0xF3, 0xCC,
    0x4C, 0x60, 0x97, 0xC4, 0x32, 0xC1, 0xF6, 0x27, 0xB0, 0xBB, 0xE7, 0xB0, 0xB3, 0x0B, 0xD8, 0x41,
    0x5B, 0xBC, 0x59, 0xE9, 0x7D, 0x9C, 0xC0, 0xB6, 0x63, 0xD8, 0x9E, 0x99, 0x42, 0x34, 0xF5, 0xC3,
    0xC7, 0x5D, 0x80, 0x13, 0xEC, 0x4A, 0x76, 0x06, 0xFC, 0x09, 0x4B, 0x7D, 0x2D, 0x11, 0x9E, 0x51,
    0xAD, 0x5F, 0x00, 0xA7, 0xF6, 0x35, 0xDA, 0x2A, 0x51, 0xE4, 0xA9, 0xE8, 0x12, 0x38, 0xDD, 0xD6,
    0xD9, 0xFB, 0xDE, 0x73, 0x71, 0xAC, 0x94, 0x94, 0xFC, 0xC5, 0x17, 0x5B, 0x5E, 0x47, 0xC1, 0xAE,
    0x1D, 0x6E, 0x6C, 0xC5, 0xBF, 0x79, 0x22, 0x56, 0x56, 0x37, 0xBD, 0x8C, 0x77, 0xF7, 0xD3, 0xD8,
    0x85, 0x4A, 0x3E, 0xE4, 0xDD, 0x7E, 0x52, 0x21, 0xE5, 0xDE, 0x20, 0xE4, 0x9F, 0x6C, 0xD1, 0x8C,
    0x2D, 0xB1, 0xB6, 0x78, 0x9B, 0xD4, 0x03, 0x5D, 0x38, 0xBA, 0xAF, 0xA6, 0x43, 0x3C, 0x97, 0x3B,
    0x2A, 0x8A, 0xB6, 0x8B, 0xB9, 0xC1, 0x9D, 0x7C, 0xC6, 0xA2, 0xDC, 0xF1, 0x07, 0x27, 0x5F, 0x1A,
    0x57, 0x0F, 0xC8, 0xAE, 0x53, 0x92, 0xEF, 0x9D, 0xC0, 0x83, 0xA7, 0xF3, 0x02, 0x43, 0x42, 0xC5,
    0xAA, 0xF9, 0x99, 0xC9, 0x4D, 0xEF, 0x14, 0x65, 0xC7, 0x0E, 0xE8, 0xBD, 0x79, 0x33, 0xBB, 0x3E,
    0x9B, 0xD8, 0x5A, 0x48, 0xA5, 0xB6, 0x56, 0x92, 0x2C, 0x9B, 0xDD, 0x7A, 0xAC, 0xB3, 0x9D, 0x86,
    0x14, 0x7E, 0xD3, 0xBA, 0x38, 0xBC, 0x95, 0x27, 0x9C, 0x0A, 0xE5, 0x6B, 0x60, 0x7A, 0x32, 0x36,
    0xBE, 0x71, 0x71, 0x30, 0x1E, 0x9B, 0x22, 0x37, 0x43, 0x71, 0xAC, 0xAB, 0x21, 0xD5, 0x9C, 0xB7,
    0x14, 0x38, 0x35, 0xE3, 0x4F, 0x43, 0xBF, 0x84, 0xB9, 0xF9, 0x9E, 0xE5, 0x96, 0xBB, 0xD6, 0x81,
    0x14, 0x9B, 0x37, 0xBC, 0xB4, 0xD3, 0x4F, 0x94, 0x6F, 0x62, 0x81, 0xDD, 0xA6, 0xFE, 0x0F, 0x55,
    0x55, 0x31, 0x6C, 0x1C, 0xC7, 0x15, 0x7D, 0xB3, 0xA3, 0x68, 0x9D, 0x4C, 0xE8, 0x71, 0x61, 0x20,
    0x85, 0x28, 0x6D, 0x4A, 0x05, 0xA0, 0xB9, 0x29, 0x98, 0xE0, 0x0C, 0x90, 0xDC, 0x35, 0x64, 0x40,
    0x45, 0x0A, 0xA9, 0x88, 0x91, 0xC2, 0x0E, 0xA4, 0x22, 0x08, 0x02, 0x38, 0xC0, 0x11, 0x88, 0x0A,
    0x43, 0x20, 0x6F, 0x57, 0x66, 0xA9, 0xC2, 0xEC, 0x5C, 0xB8, 0x88, 0x80, 0x14, 0x29, 0x52, 0x98,
    0x10, 0x54, 0xB0, 0x38, 0xF2, 0x86, 0x54, 0x00, 0x15, 0x4A, 0xAC, 0xA1, 0x84, 0x40, 0x40, 0x1C,
    0x80, 0x93, 0xD0, 0x8A, 0x02, 0xB8, 0xD0, 0xDA, 0x5A, 0x86, 0x7B, 0xD6, 0xDE, 0x4D, 0xDE, 0xDC,
    0x51, 0x06, 0x72, 0x77, 0xFF, 0x76, 0x77, 0x76, 0xE6, 0xCF, 0xFF, 0xEF, 0xBD, 0xFF, 0x07, 0xE9,
    0x10, 0xE9, 0x0D, 0xA7, 0xCC, 0x8C, 0xA8, 0x81, 0x0C, 0x90, 0x87, 0xDE, 0x2F, 0x69, 0x73, 0x68,
    0x9B, 0x99, 0x4C, 0xBF, 0x85, 0x61, 0x75, 0x2B, 0xF2, 0x23, 0xC8, 0xCA, 0x62, 0xF9, 0x14, 0xA4,
    0x9D, 0xC5, 0xAA, 0x2C, 0x33, 0xCF, 0xB9, 0x3F, 0x2D, 0x81, 0xBF, 0x02, 0xE9, 0x08, 0x6A, 0x3C,
    0x46, 0xFB, 0xF7, 0x6B, 0xFA, 0xDE, 0x4F, 0xEC, 0xF6, 0x8F, 0xEE, 0xC9, 0xEA, 0x73, 0xA4, 0x17,
    0x16, 0xD0, 0xCE, 0x1A, 0x59, 0xFD, 0x11, 0xFA, 0xEE, 0x6F, 0x90, 0xCD, 0x5A, 0xB4, 0x7F, 0xF8,
    0x9E, 0x38, 0xFE, 0x6D, 0x47, 0xB6, 0xFF, 0xB4, 0xF2, 0xC5, 0xEF, 0x73, 0xE9, 0xBF, 0xC0, 0xCC,
    0x2D, 0xE0, 0x77, 0x39, 0xF0, 0x36, 0x40, 0x1F, 0xB9, 0x3A, 0xDA, 0x96, 0x75, 0x64, 0x5B, 0xCC,
    0xA5, 0xB9, 0x58, 0xAF, 0x80, 0x35, 0x0E, 0xEF, 0x7D, 0x53, 0xB5, 0xFA, 0x4B, 0x6D, 0x1A, 0xB4,
    0x1A, 0x6A, 0xD7, 0xD9, 0xDE, 0xFC, 0x59, 0x79, 0xFC, 0xD0, 0xEA, 0x71, 0x1F, 0xC9, 0x18, 0x91,
    0xF7, 0x1E, 0xDA, 0xE9, 0x92, 0x2B, 0x1D, 0x5A, 0xDC, 0x09, 0x29, 0x20, 0x31, 0x80, 0x67, 0x8C,
    0xB2, 0x61, 0x7C, 0x9C, 0x80, 0xE2, 0x64, 0x50, 0x39, 0x26, 0xC8, 0xD8, 0x39, 0x93, 0x83, 0x39,
    0x84, 0x0F, 0x37, 0x38, 0x13, 0xE6, 0x75, 0x0D, 0x32, 0x59, 0x21, 0x29, 0x2F, 0x43, 0x73, 0x6A,
    0xCC, 0x00, 0xB2, 0xF0, 0x7A, 0xCC, 0x25, 0xDE, 0x9B, 0xC9, 0xFA, 0x98, 0xEB, 0x23, 0xBE, 0x00,
    0x17, 0x60, 0x0B, 0x5C, 0xEF, 0xC7, 0xDC, 0xC9, 0x13, 0x0A, 0x9C, 0xA7, 0xAD, 0x74, 0xBB, 0x89,
    0x49, 0x0E, 0xBE, 0x34, 0x89, 0x7A, 0x60, 0xCE, 0xE9, 0xF7, 0xCD, 0x1B, 0xFA, 0xB9, 0x59, 0xD2,
    0xF7, 0xCC, 0xA2, 0x8E, 0xCB, 0xC5, 0x44, 0x95, 0x8B, 0xCB, 0x2A, 0x5F, 0xDD, 0xD6, 0xF9, 0xF5,
    0x91, 0xBE, 0x3C, 0x58, 0x54, 0xEE, 0xFB, 0x5C, 0xF4, 0x3A, 0x2D, 0x6E, 0xA5, 0x17, 0x23, 0xD1,
    0x70, 0xB7, 0x4D, 0x78, 0x54, 0xC2, 0xE7, 0x55, 0x74, 0x60, 0x1C, 0xA3, 0x1F, 0xCB, 0xC7, 0xCF,
    0x5D, 0xC6, 0x6B, 0xBC, 0x77, 0x6C, 0xE3, 0xF2, 0x85, 0x89, 0xF3, 0x81, 0x51, 0x79, 0x51, 0x2A,
    0x64, 0x79, 0x92, 0xA7, 0x79, 0x61, 0x35, 0x23, 0x1C, 0xE7, 0x21, 0x93, 0xDE, 0x15, 0x1B, 0x2E,
    0x6B, 0xB2, 0x0A, 0x59, 0xF6, 0x65, 0x15, 0x82, 0x6D, 0xE5, 0xB1, 0xBF, 0xD8, 0x84, 0x4B, 0xB5,
    0xD4, 0x47, 0xA3, 0x1E, 0xB9, 0xD5, 0xD7, 0x45, 0x5D, 0x5C, 0xB4, 0x7D, 0xE2, 0xD7, 0xC4, 0xA6,
    0x17, 0x72, 0x52, 0x26, 0x23, 0x5F, 0x4C, 0x5D, 0x57, 0xD2, 0x41, 0x97, 0x51, 0xCD, 0x64, 0xF5,
    0x05, 0xD3, 0xC4, 0x16, 0xC9, 0x45, 0x53, 0xA7, 0xFF, 0x81, 0x7E, 0xF6, 0xD0, 0x15, 0x2D, 0xD4,
    0x91, 0x27, 0x7D, 0x93, 0x9C, 0x93, 0xC7, 0x01, 0xBF, 0xD8, 0x65, 0x7C, 0x88, 0xEA, 0x80, 0x2E,
    0xFA, 0x51, 0x2D, 0x76, 0xC8, 0x42, 0x2B, 0x9E, 0x3A, 0xBD, 0xDB, 0xA0, 0xBA, 0x2A, 0xBD, 0xC3,
    0x12, 0xC4, 0xD1, 0x36, 0xB4, 0x45, 0x5F, 0x1B, 0x31, 0x42, 0x16, 0xD5, 0x48, 0xAC, 0x36, 0x6B,
    0x10, 0xAD, 0x24, 0x7B, 0xBF, 0x4A, 0x45, 0x23, 0xAB, 0x25, 0xB5, 0xBB, 0x93, 0x17, 0x3F, 0xFB,
    0x78, 0xDF, 0x57, 0x71, 0x3D, 0x28, 0x07, 0xEB, 0xBB, 0xA3, 0x79, 0x69, 0xB6, 0xE6, 0x63, 0xBB,
    0x79, 0x4E, 0xDB, 0xEA, 0x9C, 0xDE, 0xB7, 0x49, 0xF2, 0x2F, 0x43, 0xBC, 0xDB, 0xA4, 0xF7, 0xA2,
    0x9C, 0x5C, 0xBF, 0x0A, 0xF4, 0x8F, 0xE9, 0xB9, 0x65, 0xE8, 0xB4, 0xB2, 0x81, 0xCE, 0x99, 0x06,
    0x2A, 0x14, 0x5E, 0x5D, 0xFF, 0xD3, 0xCD, 0x15, 0x79, 0x73, 0xE5, 0xD1, 0xFF, 0xFF, 0xAC, 0x5A,
    0xF9, 0xE6, 0xD3, 0x15, 0xAA, 0x1A, 0xEF, 0x13, 0x9E, 0x77, 0x19, 0xB5, 0xB2, 0x50, 0xE1, 0x39,
    0x10, 0x4F, 0x4B, 0x7C, 0x29, 0x46, 0x45, 0x1E, 0x57, 0x69, 0xAE, 0x4D, 0x46, 0x49, 0x64, 0x98,
    0x7E, 0x7B, 0xB4, 0xED, 0xA9, 0x89, 0x16, 0xC9, 0x27, 0xED, 0x6B, 0x71, 0x33, 0xD8, 0xC0, 0xC9,
    0x27, 0xF5, 0xD5, 0xC9, 0x5D, 0x77, 0x08, 0x31, 0x7A, 0xD7, 0x90, 0xCF, 0x8A, 0xD6, 0x09, 0x72,
    0x4B, 0x82, 0x0E, 0xB3, 0x7C, 0xBA, 0x47, 0xE1, 0x1B, 0x44, 0x01, 0xBA, 0x1E, 0xC2, 0x80, 0xB0,
    0x44, 0x7E, 0x93, 0x2A, 0x5D, 0x44, 0x7C, 0xD4, 0xA5, 0xA3, 0x21, 0x09, 0xBD, 0xEF, 0xC9, 0xED,
    0x36, 0x79, 0x59, 0x25, 0x3D, 0xAB, 0x64, 0x91, 0xB6, 0x4C, 0x4B, 0xB8, 0x6E, 0xE0, 0x09, 0xD1,
    0x8B, 0xA3, 0x9F, 0xA3, 0xED, 0x73, 0x50, 0x97, 0xD0, 0x1F, 0x56, 0x88, 0x6D, 0x0F, 0xA2, 0xA6,
    0xFB, 0x6D, 0x31, 0x14, 0xDE, 0xA5, 0x96, 0xA2, 0xA9, 0xEA, 0x22, 0xBE, 0x77, 0xA3, 0xD1, 0xB3,
    0xB1, 0xED, 0x20, 0xE5, 0xEE, 0xE4, 0x42, 0x0E, 0xE9, 0xE0, 0xCF, 0xD0, 0xA1, 0x40, 0x98, 0x73,
    0x61, 0x10, 0x0F, 0xA6, 0x25, 0x41, 0xE2, 0x91, 0x96, 0xDC, 0xDB, 0xBE, 0x4C, 0x29, 0x88, 0x3A,
    0xE6, 0xB2, 0x84, 0x82, 0x97, 0x1F, 0x73, 0xF6, 0x0F, 0x67, 0x97, 0x38, 0xE4, 0x3A, 0x1C, 0x26,
    0xC4, 0x98, 0x93, 0xCC, 0x86, 0xFA, 0x8B, 0x8E, 0x71, 0x6D, 0x7C, 0xF6, 0x03, 0xF9, 0xD9, 0x2F,
    0x7F, 0x7D, 0xB4, 0xF6, 0xE6, 0xB5, 0xAD, 0xEC, 0xC3, 0x4F, 0x29, 0x89, 0x99, 0xE0, 0xE2, 0xC7,
    0x34, 0xC1, 0x59, 0xF8, 0x0E, 0x35, 0xE2, 0xC4, 0x3F, 0x70, 0x1B, 0xB3, 0x65, 0x7C, 0x95, 0x25,
    0x74, 0x16, 0xB2, 0x3C, 0x55, 0xC9, 0x4F, 0xA2, 0xCA, 0xFE, 0xA5, 0x73, 0x59, 0x21, 0x32, 0x04,
    0xE1, 0x1A, 0x5E, 0xA3, 0x2A, 0xA9, 0x66, 0xFD, 0x98, 0xF1, 0x39, 0xA2, 0x4E, 0x9A, 0xB1, 0xC3,
    0xAA, 0x4D, 0xD1, 0x0F, 0xB5, 0x56, 0xC9, 0x8A, 0x30, 0x36, 0xAC, 0xDE, 0x82, 0xA5, 0x19, 0x72,
    0x52, 0xF4, 0x2E, 0x5F, 0x56, 0x65, 0x40, 0x74, 0xCA, 0x43, 0xA8, 0xAB, 0x50, 0xEF, 0x9C, 0x31,
    0x68, 0x90, 0xFE, 0xB7, 0x96, 0x5F, 0xEF, 0xD9, 0xEC, 0x55, 0x1D, 0xD5, 0x0B, 0xE7, 0x93, 0x1B,
    0x84, 0x29, 0xE6, 0xAA, 0x39, 0xC2, 0xFF, 0x74, 0x94, 0xC9, 0x4B, 0xB6, 0x9D, 0x65, 0xF9, 0x6F,
    0x36, 0xEA, 0xE1, 0x5D, 0xA7, 0x3F, 0x4B, 0x72, 0x3D, 0xEC, 0xB3, 0x29, 0x95, 0x50, 0xF4, 0x32,
    0x37, 0x61, 0x17, 0x53, 0xFE, 0x7C, 0x68, 0x1B, 0x04, 0xE9, 0x19, 0x71, 0x7B, 0x60, 0xA0, 0x2F,
    0x19, 0xA4, 0x2A, 0x60, 0xED, 0xD1, 0xC6, 0x55, 0xB8, 0x4A, 0x86, 0x18, 0xB3, 0x98, 0x74, 0x1E,
    0xD5, 0xDD, 0xFC, 0xF4, 0xD0, 0x3B, 0xED, 0xD1, 0x1D, 0x21, 0x7E, 0x32, 0xC0, 0x1B, 0x18, 0xE1,
    0x6A, 0xC4, 0x40, 0xF5, 0x3E, 0x67, 0x5A, 0x74, 0x6B, 0xEE, 0x32, 0xE1, 0x33, 0xAB, 0xA9, 0x19,
    0x8E, 0xDB, 0xC8, 0x66, 0xD4, 0xEF, 0x36, 0x56, 0x31, 0xA6, 0x36, 0x8B, 0xE1, 0x49, 0x00, 0x6E,
    0x22, 0xAB, 0xD0, 0xF7, 0x9A, 0x95, 0x4A, 0xEF, 0xDD, 0x35, 0xFD, 0x57, 0xBF, 0x2B, 0xDD, 0x02,
    0xD2, 0xB7, 0x0C, 0x5A, 0xC5, 0x54, 0xCE, 0x33, 0x15, 0xC7, 0x1E, 0x96, 0xB3, 0xF5, 0xB2, 0x9B,
    0x6F, 0x6E, 0xCA, 0xE7, 0xEB, 0x46, 0xFA, 0x2E, 0xE1, 0xDC, 0x98, 0x30, 0xA0, 0x4E, 0x40, 0xE1,
    0xE7, 0xF4, 0x1E, 0xBB, 0xE5, 0x36, 0x92, 0x9B, 0x56, 0x34, 0x2D, 0xD2, 0x4B, 0x86, 0x71, 0xBB,
    0x22, 0x2D, 0xE5, 0xD7, 0x35, 0x7A, 0x19, 0xD4, 0xA3, 0x0A, 0x6D, 0x0F, 0xFA, 0xFE, 0x74, 0xD6,
    0x47, 0x26, 0xAA, 0x5B, 0x64, 0xFA, 0xDF, 0x17, 0xAA, 0xC2, 0xB1, 0x52, 0x36, 0xC4, 0xE8, 0x8A,
    0x49, 0xCA, 0x84, 0x9A, 0xF9, 0x80, 0xC0, 0xE7, 0x3A, 0xE8, 0x26, 0x58, 0x13, 0x1A, 0x39, 0x69,
    0xA6, 0x89, 0x56, 0xAF, 0x1D, 0x56, 0xDD, 0xEB, 0x07, 0xE5, 0xD1, 0x83, 0x46, 0xB0, 0x4D, 0xC6,
    0x1D, 0x4B, 0xCD, 0x4D, 0x1B, 0x6E, 0xF8, 0xB0, 0x20, 0x9A, 0x79, 0x65, 0xEF, 0x2C, 0x6A, 0x73,
    0xA7, 0xA3, 0xCD, 0xE6, 0xA4, 0x30, 0x12, 0xAA, 0x26, 0xC9, 0x4F, 0xC0, 0x3E, 0xB1, 0x65, 0xDA,
    0x0E, 0xBE, 0x55, 0x25, 0x5D, 0x28, 0xFF, 0xB7, 0x3C, 0x1A, 0x85, 0xD6, 0x7E, 0xE3, 0x9D, 0xF1,
    0xE5, 0xD0, 0x99, 0x29, 0x8F, 0xD3, 0xEC, 0x4C, 0xC4, 0xEF, 0x8C, 0x9B, 0xD0, 0xC4, 0xF2, 0x9C,
    0x38, 0xE4, 0x88, 0x0A, 0x9D, 0xDC, 0x91, 0x34, 0x02, 0xE1, 0x26, 0x42, 0x59, 0x9E, 0x47, 0x4C,
    0x0A, 0xFD, 0xDB, 0xC2, 0x7F, 0x6E, 0x3A, 0x44, 0x87, 0x35, 0x50, 0x34, 0xE2, 0x9D, 0x24, 0x5F,
    0x66, 0xDB, 0x23, 0xFC, 0x6D, 0x20, 0x6F, 0x59, 0xBA, 0xF8, 0x49, 0x1D, 0xB4, 0x33, 0x39, 0x36,
    0x0E, 0x18, 0xDA, 0x16, 0x7B, 0xBE, 0x0A, 0x37, 0x45, 0x68, 0xFC, 0x64, 0xAD, 0xE5, 0xA9, 0x73,
    0xC5, 0xB0, 0x24, 0x16, 0x59, 0x08, 0xD2, 0xAC, 0x6E, 0xBD, 0xD2, 0x89, 0xFD, 0xC1, 0x33, 0x31,
    0x1A, 0x78, 0x53, 0xDC, 0xDD, 0x77, 0x94, 0xEC, 0xF4, 0xD4, 0x41, 0xB1, 0x71, 0x15, 0xE1, 0x24,
    0x45, 0x3C, 0x9E, 0xA4, 0x71, 0x2A, 0xFC, 0x45, 0xA1, 0x2E, 0x58, 0xF5, 0x98, 0x62, 0x87, 0xF9,
    0x1D, 0xFE, 0x27, 0xF1, 0xBA, 0x43, 0x6C, 0xEE, 0x24, 0xB9, 0xA8, 0x34, 0x21, 0x5E, 0x02, 0xD5,
    0xA4, 0x4C, 0x82, 0x35, 0x51, 0x8B, 0x2A, 0x94, 0xC4, 0x3C, 0x96, 0x63, 0x27, 0xD9, 0x34, 0xFA,
    0x7C, 0x99, 0x69, 0x43, 0xB1, 0x7D, 0xD5, 0x50, 0x2F, 0x59, 0x9A, 0xAB, 0x3C, 0x3E, 0x24, 0x23,
    0xD8, 0x09, 0xC8, 0x29, 0xCB, 0x03, 0x6A, 0x03, 0xD9, 0x2F, 0x1A, 0x02, 0x39, 0x9A, 0xF4, 0xAF,
    0xF0, 0x5D, 0xA3, 0xB8, 0xFA, 0x74, 0xDC, 0x12, 0xB5, 0x36, 0xB1, 0x89, 0x1F, 0x22, 0x28, 0x32,
    0x9C, 0x76, 0x01, 0x9D, 0x60, 0x01, 0xB3, 0x62, 0x12, 0x68, 0x87, 0xC1, 0xCF, 0x2C, 0x04, 0xBA,
    0xE8, 0xE8, 0xA0, 0x8F, 0xDE, 0xED, 0x8F, 0xD0, 0xEB, 0x1C, 0x96, 0xD9, 0xCC, 0xC2, 0x46, 0xB2,
    0xFE, 0x1E, 0xD4, 0xFE, 0x7D, 0xB6, 0xFE, 0xDB, 0x25, 0x7D, 0x4E, 0xAB, 0x31, 0xB6, 0x93, 0x4A,
    0x7C, 0x85, 0xDB, 0x29, 0x3E, 0xC8, 0x89, 0xB4, 0x74, 0x38, 0x8E, 0x81, 0x47, 0xF4, 0xFE, 0x1E,
    0x30, 0xCB, 0x33, 0x8E, 0x54, 0x14, 0x67, 0xD8, 0x1D, 0x95, 0x53, 0x36, 0x31, 0x59, 0xBE, 0x13,
    0x40, 0x97, 0x55, 0x8F, 0x1B, 0x39, 0xEC, 0xFC, 0xA0, 0x96, 0x35, 0x39, 0x30, 0x9A, 0x64, 0x64,
    0xA2, 0x11, 0xAD, 0x72, 0xE9, 0x2E, 0x05, 0x03, 0x45, 0xB0, 0xE6, 0xB8, 0xC3, 0xD3, 0x13, 0x15,
    0x89, 0xC1, 0x17, 0xD0, 0x4F, 0xD6, 0x98, 0xD5, 0x22, 0x29, 0x5F, 0x0C, 0xB1, 0x87, 0x93, 0x3B,
    0x1C, 0xD4, 0x01, 0x76, 0xDE, 0xDF, 0x62, 0x96, 0x0E, 0x23, 0x69, 0xA9, 0x97, 0xF2, 0xA5, 0xF8,
    0x18, 0x53, 0x88, 0xCB, 0xFC, 0x0F, 0x95, 0x54, 0xCF, 0x6B, 0x13, 0x41, 0x14, 0xFE, 0x66, 0x56,
    0x5C, 0x6C, 0x6A, 0x52, 0xA1, 0x07, 0xB1, 0xB1, 0xE9, 0xA1, 0x87, 0x52, 0x42, 0x53, 0x24, 0x94,
    0x22, 0xFD, 0xB1, 0xE0, 0xFF, 0xE0, 0xBF, 0x61, 0x91, 0x82, 0xA7, 0x26, 0x73, 0x57, 0xB0, 0x37,
    0xAF, 0xD2, 0x93, 0x6C, 0x0F, 0x06, 0x2A, 0x58, 0x04, 0x71, 0xE9, 0x45, 0xA4, 0x50, 0xB6, 0xF6,
    0xD0, 0x83, 0x52, 0x96, 0x8A, 0x08, 0x05, 0x25, 0x87, 0x88, 0xC5, 0xA6, 0x89, 0xDF, 0x7B, 0x9B,
    0x34, 0x22, 0xA6, 0xD6, 0x61, 0x67, 0x98, 0x9D, 0xDD, 0xF7, 0xBE, 0x1F, 0xEF, 0xED, 0xC2, 0x82,
    0xC3, 0x6C, 0xCA, 0x5A, 0x91, 0xA5, 0x70, 0x14, 0x86, 0xE1, 0xB3, 0x6A, 0x9B, 0xA3, 0xB1, 0x22,
    0x07, 0x18, 0x59, 0x95, 0xD5, 0x46, 0xE8, 0x0E, 0xE3, 0x70, 0x8C, 0x2A, 0x16, 0xE3, 0xD1, 0x8F,
    0xD9, 0x8D, 0x3B, 0xC5, 0xB5, 0x87, 0x83, 0x7C, 0x58, 0x43, 0x11, 0x19, 0xF4, 0xD9, 0x48, 0xBC,
    0x86, 0x66, 0xD2, 0x5C, 0x8D, 0x01, 0x82, 0x84, 0xA7, 0x29, 0x8A, 0xA2, 0x06, 0x67, 0x40, 0x49,
    0x0F, 0xE5, 0xBC, 0x9C, 0xA6, 0x78, 0x6D, 0x3B, 0x3F, 0xB3, 0x33, 0xB0, 0x81, 0x6F, 0xAE, 0x14,
    0xF9, 0x75, 0x34, 0x04, 0xC3, 0xAA, 0x16, 0xA2, 0x54, 0x04, 0x45, 0xB5, 0x9C, 0xF6, 0xB4, 0x14,
    0x02, 0x42, 0xF0, 0x62, 0x7C, 0x72, 0x31, 0x2D, 0x7F, 0x41, 0x19, 0x67, 0x54, 0x89, 0xE1, 0xFE,
    0x49, 0x0C, 0xB4, 0x46, 0x81, 0x49, 0xDE, 0x78, 0x53, 0x3C, 0x5D, 0xE3, 0x26, 0xCF, 0x8D, 0xB5,
    0x92, 0x5D, 0x4E, 0xCE, 0xD9, 0x18, 0x41, 0xBF, 0x9C, 0xE6, 0x32, 0x27, 0x0D, 0xD8, 0xF7, 0x4D,
    0x3E, 0x3D, 0xE2, 0xFC, 0xC4, 0x79, 0xE8, 0xF8, 0x66, 0xCC, 0x39, 0xA6, 0x11, 0xFD, 0x26, 0x86,
    0xD0, 0x59, 0xFE, 0x81, 0x26, 0x89, 0x30, 0x75, 0x35, 0xCD, 0x8C, 0xA9, 0xE9, 0x14, 0x6A, 0xAA,
    0x14, 0x29, 0x36, 0x6C, 0xAB, 0x43, 0x46, 0x69, 0xD9, 0xB8, 0x2F, 0xA2, 0x48, 0x33, 0x5B, 0xDC,
    0x1F, 0x72, 0xDE, 0x4A, 0x52, 0xF1, 0x39, 0xDE, 0x88, 0x1B, 0x9A, 0x65, 0x1C, 0xBD, 0x31, 0x26,
    0x36, 0x57, 0x90, 0x07, 0x56, 0xE0, 0x39, 0x54, 0xC3, 0xB0, 0x15, 0x3E, 0x91, 0x6A, 0xB4, 0x0A,
    0x81, 0x61, 0x3F, 0x15, 0x56, 0x67, 0xA5, 0x27, 0x7C, 0x7D, 0xF9, 0x69, 0x2F, 0xEE, 0x92, 0x32,
    0x89, 0xC9, 0x14, 0x73, 0x19, 0x92, 0xF1, 0x03, 0x3F, 0x99, 0x0C, 0x7F, 0x86, 0xCF, 0xF7, 0x35,
    0x18, 0x5E, 0x84, 0x82, 0xC3, 0x32, 0x4A, 0x01, 0x72, 0xC8, 0xB2, 0x75, 0xB4, 0x71, 0xE6, 0xC9,
    0xC4, 0x21, 0x53, 0x87, 0xF7, 0x0A, 0xF6, 0x6B, 0x84, 0x0F, 0x65, 0xDC, 0x7F, 0x8B, 0xE1, 0x9A,
    0x63, 0x35, 0x59, 0x4E, 0xED, 0xE0, 0x1A, 0x4C, 0x71, 0xC8, 0x6C, 0xE7, 0x31, 0xB3, 0x03, 0x16,
    0x95, 0x55, 0x05, 0x3D, 0x60, 0x5D, 0xA1, 0x6D, 0x78, 0x23, 0x0C, 0x1F, 0x77, 0x3A, 0x92, 0xE3,
    0xBA, 0x79, 0x47, 0xEC, 0x24, 0x5B, 0x0A, 0x4C, 0x03, 0x4B, 0x7E, 0x5C, 0x0D, 0xD7, 0x8F, 0xD6,
    0xBF, 0x0B, 0x85, 0xF6, 0x6E, 0x83, 0xD2, 0x56, 0x50, 0xF1, 0x85, 0x43, 0x66, 0xD6, 0x13, 0xAA,
    0x11, 0xFE, 0x18, 0xD5, 0x63, 0x36, 0xC6, 0xE7, 0x7B, 0x01, 0xB2, 0x62, 0xE9, 0x9C, 0xA0, 0x2F,
    0x01, 0x65, 0x51, 0x3A, 0x01, 0xCA, 0xCA, 0xA7, 0xCB, 0x9E, 0x93, 0x85, 0xAA, 0xC7, 0xD7, 0xA5,
    0x1D, 0x5E, 0x4B, 0x05, 0x9A, 0xF8, 0xDD, 0x4A, 0xD3, 0xA6, 0x8F, 0x0B, 0x77, 0x1B, 0x22, 0xFC,
    0x85, 0xA8, 0xA9, 0x49, 0x64, 0x42, 0xDF, 0x4C, 0x34, 0x41, 0x0C, 0x66, 0x34, 0x83, 0x96, 0x69,
    0xA6, 0xE9, 0x5C, 0x59, 0x78, 0xBC, 0xBC, 0xC2, 0xA5, 0x25, 0x95, 0x3D, 0x3D, 0xFB, 0xF6, 0xA4,
    0x4D, 0x2C, 0x29, 0x21, 0x27, 0x75, 0x7A, 0x70, 0x93, 0x81, 0x8F, 0x34, 0x28, 0xCB, 0x67, 0x69,
    0x9E, 0x9A, 0xF0, 0x61, 0x7C, 0x42, 0x41, 0xBE, 0x94, 0x6C, 0x19, 0x5E, 0x3C, 0x12, 0xC0, 0xB6,
    0xBB, 0xDF, 0x0B, 0x86, 0x85, 0x8F, 0xD0, 0x2B, 0x49, 0xE6, 0x72, 0x28, 0x67, 0xFB, 0x52, 0x32,
    0x95, 0xB1, 0x1B, 0x74, 0x55, 0x51, 0x64, 0x31, 0x95, 0xCB, 0x1A, 0x2F, 0xD1, 0x02, 0x13, 0xC3,
    0x97, 0x5C, 0x78, 0x73, 0xDC, 0x95, 0xA5, 0xEB, 0x9C, 0x2C, 0xBE, 0x9A, 0xA7, 0xD6, 0x16, 0x64,
    0xE7, 0x29, 0x5E, 0x2E, 0xD0, 0x7F, 0x86, 0xD3, 0x37, 0xE4, 0x59, 0xD3, 0x6A, 0x6D, 0x4C, 0x5D,
    0x23, 0xF5, 0x9C, 0x6E, 0x2C, 0x00, 0x3F, 0x02, 0xBB, 0x15, 0x79, 0x2E, 0xC9, 0xB9, 0x46, 0xC1,
    0x35, 0x6F, 0xBB, 0x03, 0xEB, 0xA2, 0x8B, 0x5F, 0x67, 0x5C, 0xB2, 0x48, 0x61, 0x17, 0x05, 0x4C,
    0x29, 0x79, 0xB1, 0xFE, 0xB0, 0xEA, 0x3D, 0x92, 0x9B, 0xCA, 0x52, 0x98, 0xF9, 0x49, 0xA7, 0xED,
    0x94, 0xCB, 0x7F, 0x21, 0xCE, 0xB8, 0x03, 0xF2, 0x24, 0x5B, 0x72, 0x26, 0x73, 0x7C, 0x09, 0xE4,
    0x8F, 0x55, 0x14, 0x1E, 0x46, 0x3D, 0xC9, 0x2A, 0x1C, 0x0D, 0x50, 0x26, 0xE2, 0x89, 0xB7, 0x27,
    0x70, 0x36, 0x45, 0xDE, 0x16, 0xED, 0x9B, 0xEA, 0x49, 0x40, 0x4F, 0xC8, 0x84, 0x9E, 0xCC, 0x2B,
    0x0F, 0xF7, 0x7F, 0x9E, 0xF4, 0x63, 0xF2, 0x0B, 0xA5, 0x56, 0xCF, 0x6F, 0x1B, 0x45, 0x18, 0x7D,
    0x3B, 0x43, 0x32, 0xB4, 0x8E, 0xBD, 0xE1, 0x50, 0x51, 0xC9, 0x71, 0xCD, 0x01, 0x89, 0x28, 0x72,
    0xEA, 0x1C, 0x7C, 0x70, 0x61, 0x13, 0x6F, 0xE1, 0x80, 0xC4, 0x01, 0x72, 0xA8, 0xE1, 0xC0, 0x81,
    0xFE, 0x03, 0x25, 0x3E, 0xE4, 0x10, 0xA4, 0x28, 0x5E, 0x94, 0x3B, 0xF5, 0xA9, 0x5C, 0x23, 0x71,
    0x89, 0x36, 0x87, 0x2C, 0xA8, 0x07, 0x10, 0x21, 0x1E, 0xE8, 0xA1, 0x07, 0x24, 0xB4, 0x08, 0x71,
    0x5F, 0x89, 0x20, 0xA1, 0x54, 0x48, 0x8B, 0xE4, 0xA8, 0x0E, 0x72, 0xBA, 0xBC, 0x99, 0x8D, 0x43,
    0xD2, 0x9E, 0xAA, 0x4E, 0x3C, 0x3B, 0x33, 0xDF, 0xFC, 0xFA, 0x7E, 0xBC, 0xEF, 0x4D, 0x00, 0xA0,
    0x1F, 0xE3, 0xC6, 0x35, 0xB6, 0x09, 0x50, 0x03, 0xA4, 0x0F, 0xA4, 0x80, 0x87, 0x7D, 0x57, 0x0C,
    0xDE, 0xF8, 0x71, 0x20, 0xD2, 0x21, 0xBE, 0x5D, 0xC4, 0xA2, 0x0B, 0x57, 0x69, 0xA5, 0x53, 0x11,
    0xCF, 0x23, 0x15, 0x3A, 0x45, 0x39, 0xC1, 0x5C, 0xB8, 0xDD, 0xCA, 0x46, 0x66, 0xF1, 0xC5, 0x1F,
    0x85, 0x73, 0xE1, 0xDE, 0x53, 0x42, 0x4A, 0xEC, 0x62, 0x96, 0x26, 0xD0, 0x98, 0x0B, 0x87, 0x66,
    0xE8, 0x8C, 0x20, 0x46, 0x90, 0xEB, 0x50, 0x1E, 0x4A, 0x1E, 0x8A, 0x76, 0xEF, 0xFE, 0x1E, 0x3A,
    0x1E, 0x22, 0x0F, 0xB1, 0xE7, 0x68, 0x4F, 0x06, 0x5E, 0xFD, 0xD0, 0xEC, 0x2D, 0x02, 0x33, 0xC0,
    0x4B, 0x18, 0x97, 0xEE, 0xF0, 0x12, 0xC4, 0xD1, 0xAB, 0x8F, 0x20, 0x63, 0xB8, 0xBE, 0x0C, 0x20,
    0xA9, 0x18, 0xE4, 0x17, 0xE0, 0x47, 0xEB, 0x2D, 0x08, 0x3D, 0xDB, 0xE0, 0x47, 0x4D, 0xC1, 0x89,
    0xF1, 0x00, 0x88, 0xB1, 0xA0, 0x69, 0xE5, 0x54, 0x83, 0x06, 0xAA, 0xCB, 0x88, 0x20, 0x3E, 0xD7,
    0x11, 0xC5, 0xB3, 0xAB, 0xC0, 0x96, 0xBC, 0x0F, 0x4A, 0xD6, 0xCD, 0xA7, 0x75, 0x30, 0x99, 0xA2,
    0x56, 0xCE, 0x7A, 0x78, 0x19, 0xFF, 0x97, 0x00, 0x70, 0x34, 0x20, 0xE8, 0x26, 0x49, 0x07, 0x15,
    0x06, 0x40, 0x91, 0xE6, 0xCC, 0xD2, 0xCE, 0xC6, 0x06, 0xD0, 0x69, 0xF1, 0xA4, 0xAA, 0xEF, 0x68,
    0x57, 0x4B, 0xBF, 0xA0, 0x15, 0x54, 0x52, 0xE2, 0xC2, 0x19, 0x38, 0x83, 0x59, 0x60, 0xD4, 0x00,
    0x7E, 0xE8, 0x67, 0xD9, 0x93, 0x7A, 0x96, 0x65, 0xBD, 0xAA, 0xA6, 0xD9, 0x4B, 0x90, 0x09, 0x86,
    0x70, 0x03, 0x36, 0x4B, 0x6C, 0xD8, 0x7F, 0x4E, 0x91, 0x4A, 0xD1, 0x75, 0xB2, 0x51, 0x35, 0xD3,
    0xE0, 0xA9, 0xC8, 0xDA, 0x9F, 0xA2, 0x8B, 0x79, 0xB4, 0x82, 0x79, 0x54, 0xA9, 0xA9, 0x4B, 0x4D,
    0x0B, 0xD4, 0x54, 0x0E, 0xF2, 0xB6, 0x4E, 0x59, 0x17, 0xC6, 0xE3, 0x5B, 0x6A, 0x80, 0xD4, 0x8D,
    0x9D, 0xA4, 0xF5, 0xFB, 0x47, 0x71, 0x37, 0xCB, 0x74, 0x18, 0x86, 0x3B, 0x3C, 0x22, 0x6D, 0x65,
    0x26, 0x72, 0xE1, 0xF6, 0x99, 0xD1, 0x82, 0x56, 0x0B, 0x7D, 0x56, 0xE7, 0x76, 0x0E, 0xB7, 0xCD,
    0x9A, 0xF3, 0x32, 0x5B, 0x1D, 0xA2, 0x06, 0x05, 0x40, 0x31, 0x08, 0xDA, 0xB8, 0xDB, 0x60, 0xE8,
    0xBE, 0x8D, 0x34, 0x31, 0x45, 0x74, 0xB9, 0x9C, 0xF3, 0xCD, 0x9C, 0x88, 0x2D, 0xD2, 0xE8, 0xF7,
    0x35, 0x8B, 0x8B, 0x0A, 0x30, 0xC1, 0xBD, 0xF3, 0xAD, 0x79, 0xD8, 0x1D, 0x92, 0xCD, 0x55, 0xD6,
    0x5E, 0xDE, 0x9D, 0x72, 0x52, 0xDC, 0xBE, 0x14, 0x0B, 0x5F, 0xEA, 0x29, 0x9E, 0xB0, 0x80, 0x02,
    0xAF, 0x2A, 0x4D, 0xF1, 0xD8, 0x05, 0xE0, 0x06, 0xB5, 0xFB, 0x0E, 0xF6, 0x2E, 0xA3, 0xC4, 0x69,
    0x91, 0x43, 0xF4, 0xE5, 0x97, 0xFA, 0xE8, 0x1B, 0x3D, 0x9F, 0x94, 0x12, 0x91, 0x88, 0xBF, 0x9C,
    0xBF, 0xF1, 0xD5, 0xDB, 0xBF, 0x26, 0x51, 0x37, 0x30, 0x51, 0xB3, 0x65, 0x99, 0x51, 0x1B, 0xAB,
    0x77, 0x07, 0xA8, 0x52, 0xFB, 0x08, 0xF2, 0x3D, 0xC8, 0x40, 0x13, 0x36, 0x88, 0x15, 0x52, 0x47,
    0x33, 0x60, 0x57, 0xDA, 0x77, 0xCC, 0xF2, 0xD7, 0x27, 0x3C, 0xF7, 0xF9, 0xFF, 0x84, 0xBF, 0x8C,
    0xD4, 0x83, 0xC7, 0xDC, 0x91, 0x5A, 0x32, 0x67, 0xCE, 0x0D, 0x1E, 0x07, 0x69, 0x2B, 0xF0, 0xDC,
    0x80, 0x59, 0x25, 0x1F, 0xA6, 0x78, 0xBC, 0x87, 0xD6, 0x5D, 0xB8, 0x9B, 0x26, 0xC5, 0x54, 0xEA,
    0xA9, 0x91, 0x2B, 0xEE, 0x3E, 0xB3, 0x67, 0x3C, 0xC0, 0x22, 0x4C, 0x84, 0xDD, 0x55, 0xC8, 0xF7,
    0x21, 0x7E, 0x22, 0xA8, 0x9B, 0x88, 0x0A, 0xB4, 0x26, 0xA9, 0x98, 0x69, 0xF5, 0xAE, 0x8F, 0x34,
    0x42, 0xA5, 0x89, 0x9A, 0x87, 0x66, 0x05, 0x91, 0x8B, 0x44, 0xDD, 0x8C, 0xE5, 0xA6, 0x16, 0x0F,
    0x7D, 0x3C, 0x22, 0x12, 0xAD, 0xE7, 0xB1, 0x05, 0x35, 0x42, 0x71, 0xCD, 0x24, 0xD5, 0x8C, 0x75,
    0x44, 0xED, 0xD9, 0x54, 0xBE, 0xF8, 0x6B, 0xDA, 0xA8, 0x31, 0x5D, 0x3A, 0x98, 0xED, 0xA0, 0x15,
    0xE3, 0x3A, 0xE3, 0x7E, 0x9D, 0xD1, 0xD5, 0x36, 0x27, 0xA6, 0xCF, 0xA5, 0xCB, 0x34, 0xA6, 0x97,
    0x50, 0xAF, 0x6A, 0xF7, 0xB7, 0xD8, 0x49, 0x17, 0x71, 0xCD, 0xF4, 0x12, 0x91, 0x4E, 0x3F, 0xB5,
    0x08, 0x2D, 0xBB, 0xDB, 0x64, 0x15, 0xCB, 0xCA, 0x01, 0xDE, 0xBA, 0xF7, 0xE4, 0xE3, 0x14, 0x75,
    0x1B, 0xA7, 0xC9, 0x1E, 0x26, 0xB2, 0x13, 0xEC, 0x63, 0x25, 0x5B, 0xC6, 0xC4, 0xB2, 0x11, 0xF5,
    0x07, 0xE8, 0xDE, 0xCB, 0x76, 0xA3, 0xD3, 0x15, 0x50, 0x8C, 0xFB, 0x2B, 0x84, 0xC1, 0x24, 0xFB,
    0xB7, 0x73, 0xC8, 0x18, 0x82, 0x58, 0xB0, 0x93, 0x84, 0xF4, 0x13, 0x42, 0x7B, 0xEB, 0xF4, 0xB6,
    0x31, 0xCA, 0xD9, 0xF5, 0x2D, 0x22, 0x61, 0x00, 0x9F, 0x85, 0xE1, 0xBF, 0xDB, 0xF9, 0x08, 0x73,
    0xBB, 0x61, 0x48, 0xC9, 0x28, 0x1F, 0xC1, 0xB9, 0x78, 0x46, 0xBE, 0xD8, 0x66, 0xC7, 0x65, 0xB6,
    0x7D, 0x93, 0x74, 0xD6, 0x06, 0xC2, 0xDA, 0x90, 0x9E, 0x99, 0xDD, 0xDF, 0xE6, 0xC8, 0x65, 0xF7,
    0x70, 0xE7, 0x30, 0xA4, 0xCB, 0x04, 0x9B, 0x5D, 0x0E, 0x1F, 0xE8, 0xDC, 0xE7, 0x7E, 0xAE, 0x0A,
    0x89, 0xA5, 0x4C, 0x0A, 0x3D, 0x46, 0x79, 0x80, 0xF2, 0x01, 0xE4, 0x01, 0xF5, 0x61, 0x75, 0xF6,
    0x39, 0x5F, 0x1E, 0xB2, 0xD3, 0x27, 0xFE, 0x0B, 0xA7, 0x98, 0x96, 0xDC, 0x7F, 0xD4, 0x6E, 0xB7,
    0x7D, 0xDA, 0x29, 0x8F, 0x4F, 0x27, 0xD5, 0xB1, 0xF1, 0x17, 0x3B, 0xE4, 0x2A, 0xAC, 0x68, 0xD3,
    0xED, 0xF7, 0xCC, 0x0C, 0x39, 0xE2, 0x2C, 0x13, 0xC6, 0x1B, 0xF3, 0x94, 0x62, 0xCE, 0xC9, 0x9B,
    0x1A, 0x95, 0x7D, 0x5A, 0xE5, 0xA3, 0xAB, 0x51, 0xDF, 0x43, 0x35, 0x4E, 0x30, 0x90, 0xBE, 0x73,
    0xC2, 0xD8, 0xD7, 0x0D, 0xAD, 0xF1, 0xF2, 0x5A, 0xDF, 0x47, 0x5C, 0x4E, 0x14, 0xF9, 0xAE, 0x99,
    0x67, 0x22, 0xA9, 0x8E, 0xB5, 0x53, 0x64, 0x9A, 0xD5, 0x7B, 0x45, 0xA8, 0x61, 0x87, 0x91, 0xA0,
    0x76, 0x55, 0x86, 0xED, 0xEB, 0x13, 0x26, 0xCD, 0x3A, 0x8A, 0xD5, 0x18, 0xDF, 0x27, 0x86, 0x16,
    0xD5, 0x09, 0xC4, 0x71, 0x84, 0xA2, 0x79, 0x49, 0x66, 0xF2, 0xB0, 0x58, 0x2A, 0xA1, 0xE7, 0x37,
    0xDA, 0x6D, 0x32, 0x84, 0x71, 0x84, 0xA1, 0x08, 0xF2, 0x85, 0x81, 0x9C, 0xD1, 0xCB, 0xA4, 0xAF,
    0x62, 0xB7, 0x04, 0xCB, 0x16, 0xA8, 0x73, 0x6F, 0x95, 0xC4, 0x84, 0xF6, 0xAD, 0xDC, 0x8E, 0xC4,
    0x69, 0x7F, 0x38, 0xC8, 0x19, 0xC2, 0x46, 0x86, 0xDB, 0x49, 0xF8, 0x76, 0x7D, 0x33, 0x7F, 0xBB,
    0xCC, 0x75, 0x3C, 0xCD, 0xF0, 0xCB, 0x06, 0x03, 0x10, 0x4F, 0xB4, 0xFD, 0xB1, 0x1B, 0xEC, 0x0C,
    0x99, 0x57, 0xFD, 0xF9, 0xC9, 0xF2, 0x1A, 0x1A, 0x92, 0x29, 0x5E, 0x21, 0xF1, 0x44, 0x48, 0xF8,
    0x3A, 0xC0, 0x24, 0x4E, 0x8D, 0x0A, 0xD0, 0x3C, 0x24, 0x11, 0x9C, 0x3F, 0x7C, 0xF3, 0x24, 0x19,
    0x7D, 0x47, 0x25, 0x1E, 0xF2, 0xDA, 0x99, 0x3B, 0xA7, 0x4E, 0x11, 0xE3, 0x5F, 0x69, 0x77, 0x7D,
    0x38, 0x3F, 0x93, 0x88, 0x08, 0x94, 0xA8, 0xC2, 0x0B, 0x78, 0x02, 0x12, 0x27, 0x96, 0x81, 0x4B,
    0x95, 0x3A, 0xBC, 0x22, 0x10, 0xBA, 0x46, 0x2E, 0x4E, 0x54, 0x92, 0x11, 0xC1, 0x9F, 0xDD, 0x82,
    0x33, 0x0E, 0xCB, 0x8B, 0xF9, 0x21, 0xFB, 0x87, 0xF1, 0xC4, 0x0B, 0xFA, 0xE4, 0xEC, 0x9C, 0x1A,
    0xD4, 0x3B, 0x81, 0x79, 0xCC, 0x49, 0x1C, 0x91, 0x64, 0xB4, 0x57, 0x2B, 0xC6, 0x26, 0x43, 0x13,
    0x6F, 0x6A, 0x14, 0x72, 0x1A, 0x07, 0xDF, 0xF9, 0x90, 0x4A, 0xC4, 0x6C, 0x3E, 0xE0, 0xAD, 0x46,
    0xE2, 0x59, 0xD5, 0x4A, 0x29, 0x0A, 0xB4, 0x7E, 0x33, 0x70, 0xE2, 0x08, 0x69, 0x09, 0xAB, 0x42,
    0x93, 0x70, 0x8A, 0x28, 0x14, 0xA8, 0x4C, 0xBE, 0x49, 0x5B, 0x00, 0x5D, 0xAD, 0xF1, 0xBF, 0x07,
    0x5F, 0xF9, 0xA9, 0xD4, 0x15, 0x7A, 0x89, 0xAF, 0x6E, 0xA7, 0x81, 0x52, 0x0D, 0xE2, 0x17, 0x4B,
    0x00, 0x85, 0x00, 0xFF, 0x01, 0x7D, 0x92, 0x31, 0x4E, 0xC3, 0x50, 0x10, 0x44, 0xC7, 0x89, 0x14,
    0x17, 0x16, 0xB8, 0xA4, 0x74, 0x9B, 0xCE, 0x27, 0x08, 0xB6, 0x68, 0xE8, 0x69, 0x5C, 0x50, 0x70,
    0x11, 0x62, 0x22, 0x72, 0x01, 0x24, 0x0E, 0x92, 0x36, 0x05, 0x51, 0x9C, 0x1B, 0x58, 0x48, 0xA9,
    0x49, 0x93, 0xDA, 0xBF, 0x30, 0x52, 0x04, 0x9F, 0x98, 0xD9, 0x5D, 0x47, 0x0A, 0x0D, 0x96, 0xEC,
    0xE2, 0xCF, 0xDF, 0x9D, 0xB7, 0x3B, 0x06, 0x46, 0x3E, 0x38, 0x02, 0x51, 0x37, 0xEF, 0x6A, 0x84,
    0xEF, 0xCF, 0xEE, 0x05, 0x43, 0x87, 0x03, 0x10, 0x1C, 0xF0, 0x06, 0x60, 0x85, 0x0C, 0x18, 0x74,
    0x7C, 0x80, 0xC5, 0xB6, 0xD8, 0xE7, 0x94, 0x03, 0x93, 0x57, 0x94, 0x4B, 0xA4, 0x39, 0xF8, 0xC6,
    0x15, 0x7B, 0x54, 0xAC, 0x94, 0x6A, 0x4F, 0xC1, 0x53, 0x02, 0x6B, 0x13, 0xCA, 0xC9, 0x2C, 0xAA,
    0x29, 0xD7, 0xBD, 0xCC, 0x6A, 0xB4, 0x78, 0x04, 0x26, 0xCB, 0xCB, 0x09, 0x10, 0xFB, 0x90, 0x00,
    0x83, 0x16, 0x3F, 0x90, 0x67, 0xE4, 0xA7, 0xBC, 0xDB, 0xAC, 0x2B, 0x84, 0x9B, 0xDB, 0x5A, 0xEE,
    0xAB, 0x99, 0xA2, 0x18, 0x49, 0x85, 0x87, 0xED, 0xFD, 0x8E, 0xCA, 0xB0, 0x15, 0xC5, 0x0B, 0x45,
    0x26, 0x10, 0x49, 0x45, 0x86, 0x48, 0x14, 0x76, 0xE3, 0xB9, 0x17, 0x80, 0x4C, 0xFC, 0xE3, 0x86,
    0xF6, 0x9C, 0x53, 0xBB, 0xD1, 0x1C, 0x18, 0x2F, 0x21, 0xD6, 0x50, 0x67, 0x33, 0xFE, 0x5A, 0xB3,
    0x49, 0x47, 0x96, 0xE9, 0x78, 0x65, 0xE5, 0xDA, 0x7D, 0xD0, 0x06, 0x9E, 0xE7, 0xDD, 0x01, 0x57,
    0x9F, 0x45, 0x2B, 0xB6, 0x0E, 0xE1, 0x4E, 0x3F, 0xA1, 0x63, 0x5B, 0x1A, 0xD2, 0xB5, 0x46, 0x5C,
    0x71, 0x09, 0xFD, 0x87, 0x24, 0x6A, 0x9A, 0xE6, 0xD1, 0x41, 0x08, 0x38, 0xEB, 0xC9, 0x33, 0x13,
    0x04, 0x59, 0x9A, 0xCE, 0x1A, 0x1C, 0x53, 0x99, 0x76, 0xDE, 0x7C, 0x70, 0xFB, 0x9B, 0x1B, 0x77,
    0xE7, 0x4E, 0x1B, 0xEA, 0xF7, 0x6F, 0x01, 0x58, 0x02, 0xDD, 0x8E, 0x93, 0x17, 0x06, 0xA1, 0x68,
    0x1A, 0xC2, 0x93, 0xA5, 0x90, 0xCC, 0x34, 0x06, 0x82, 0x48, 0x0E, 0xC3, 0xD6, 0x82, 0xF0, 0x32,
    0xC8, 0xB5, 0xB4, 0x90, 0x28, 0x78, 0x47, 0xB2, 0x08, 0xBF, 0x2B, 0x0D, 0x63, 0x9D, 0xF7, 0x5E,
    0x16, 0x07, 0xF9, 0x2E, 0x26, 0xBA, 0x95, 0xE8, 0x88, 0xB3, 0x44, 0x14, 0x73, 0x91, 0xEB, 0x3F,
    0xD2, 0xD8, 0x4F, 0xF2, 0xDA, 0x63, 0x7A, 0xC3, 0x2C, 0x0D, 0x33, 0xCD, 0x0D, 0xB3, 0x16, 0xCC,
    0x7D, 0xE1, 0xFE, 0x60, 0x96, 0x86, 0xC9, 0xC9, 0x05, 0x33, 0xEE, 0x31, 0xDD, 0x19, 0x66, 0x29,
    0x77, 0x04, 0x33, 0x3D, 0x61, 0xCE, 0xFE, 0xC7, 0x0C, 0xCF, 0x31, 0x7F, 0x01, 0x25, 0x8D, 0xB1,
    0x0D, 0xC2, 0x40, 0x0C, 0x45, 0x1D, 0x52, 0xA4, 0xA0, 0xB8, 0x0D, 0x60, 0x84, 0x4C, 0x80, 0x9C,
    0x0D, 0x58, 0x87, 0x06, 0x1D, 0x1B, 0x30, 0x0A, 0x0D, 0xFD, 0x21, 0x1A, 0xDA, 0xDB, 0x00, 0xC4,
    0x04, 0x29, 0x5C, 0x44, 0x88, 0xE4, 0x61, 0x0B, 0x17, 0xAF, 0x78, 0x5F, 0x7A, 0x16, 0xF9, 0x5F,
    0x7B, 0x0B, 0x26, 0x0B, 0xEA, 0x1C, 0xFC, 0x5C, 0x06, 0xD7, 0xCF, 0x7B, 0x75, 0xDD, 0x8F, 0x3E,
    0xE8, 0xD6, 0x8E, 0x22, 0x24, 0xCB, 0x43, 0xCB, 0xDE, 0x72, 0x4D, 0x30, 0x62, 0x0A, 0x6F, 0xE6,
    0x02, 0x0F, 0x96, 0x1E, 0xCE, 0x4C, 0x6B, 0x50, 0x5E, 0x2B, 0xC8, 0x9C, 0xA4, 0x2C, 0xC5, 0x73,
    0x3E, 0x78, 0xA1, 0x03, 0xAF, 0x35, 0x5F, 0xF5, 0xB2, 0x1C, 0x76, 0xF1, 0x65, 0x73, 0x0D, 0x76,
    0x35, 0xD8, 0xB8, 0xFE, 0x01,
};

static const EpdGlyph chareink_12_italicGlyphs[] = {
    { 0, 0, 6, 0, 0, 0, 0 }, // U+0020
    { 8, 16, 9, 1, 16, 32, 0 }, // !
    { 9, 7, 9, 2, 18, 16, 32 }, // "
    { 17, 19, 19, 1, 18, 81, 48 }, // #
    { 15, 21, 15, 0, 18, 79, 129 }, // $
    { 21, 16, 22, 1, 16, 84, 208 }, // %
    { 18, 16, 18, 0, 16, 72, 292 }, // &
    { 4, 7, 4, 2, 18, 7, 364 }, // '
    { 11, 21, 11, 1, 18, 58, 371 }, // (
    { 11, 21, 11, -2, 18, 58, 429 }, // )
    { 11, 10, 13, 2, 17, 28, 487 }, // *
    { 15, 15, 25, 5, 15, 57, 515 }, // +
    { 7, 8, 8, -2, 3, 14, 572 }, // ,
    { 8, 3, 8, 0, 8, 6, 586 }, // -
    { 5, 4, 8, 0, 4, 5, 592 }, // .
    { 13, 19, 12, 0, 16, 62, 597 }, // /
    { 15, 16, 15, 0, 16, 60, 659 }, // 0
    { 10, 16, 15, 2, 16, 40, 719 }, // 1
    { 16, 16, 15, -1, 16, 64, 759 }, // 2
    { 15, 16, 15, 0, 16, 60, 823 }, // 3
    { 14, 18, 15, 0, 16, 63, 883 }, // 4
    { 15, 16, 15, 0, 16, 60, 946 }, // 5
    { 14, 18, 15, 0, 18, 63, 1006 }, // 6
    { 15, 18, 15, 1, 16, 68, 1069 }, // 7
    { 14, 16, 15, 0, 16, 56, 1137 }, // 8
    { 14, 19, 15, 1, 16, 67, 1193 }, // 9
    { 7, 12, 8, 0, 12, 21, 1260 }, // :
    { 9, 17, 8, -2, 12, 39, 1281 }, // ;
    { 15, 15, 25, 5, 15, 57, 1320 }, // <
    { 15, 8, 25, 5, 12, 30, 1377 }, // =
    { 15, 15, 25, 5, 15, 57, 1407 }, // >
    { 11, 16, 13, 2, 16, 44, 1464 }, // ?
    { 21, 21, 23, 1, 16, 111, 1508 }, // @
    { 19, 16, 18, -2, 16, 76, 1619 }, // A
    { 17, 16, 16, -1, 16, 68, 1695 }, // B
    { 16, 16, 16, 1, 16, 64, 1763 }, // C
    { 19, 16, 17, -1, 16, 76, 1827 }, // D
    { 17, 16, 15, -1, 16, 68, 1903 }, // E
    { 16, 16, 14, -1, 16, 64, 1971 }, // F
    { 17, 16, 18, 1, 16, 68, 2035 }, // G
    { 21, 16, 19, -1, 16, 84, 2103 }, // H
    { 11, 16, 9, -1, 16, 44, 2187 }, // I
    { 15, 16, 12, -1, 16, 60, 2231 }, // J
    { 19, 16, 17, -1, 16, 76, 2291 }, // K
    { 14, 16, 14, -1, 16, 56, 2367 }, // L
    { 25, 16, 22, -1, 16, 100, 2423 }, // M
    { 21, 16, 18, -1, 16, 84, 2523 }, // N
    { 17, 16, 18, 1, 16, 68, 2607 }, // O
    { 16, 16, 15, -1, 16, 64, 2675 }, // P
    { 18, 20, 18, 1, 16, 90, 2739 }, // Q
    { 18, 16, 17, -1, 16, 72, 2829 }, // R
    { 15, 16, 14, -1, 16, 60, 2901 }, // S
    { 16, 16, 15, 1, 16, 64, 2961 }, // T
    { 18, 16, 18, 2, 16, 72, 3025 }, // U
    { 17, 16, 17, 2, 16, 68, 3097 }, // V
    { 24, 16, 24, 2, 16, 96, 3165 }, // W
    { 20, 16, 17, -2, 16, 80, 3261 }, // X
    { 17, 16, 17, 2, 16, 68, 3341 }, // Y
    { 17, 16, 15, -1, 16, 68, 3409 }, // Z
    { 12, 21, 11, 1, 18, 63, 3477 }, // [
    { 13, 19, 12, 0, 16, 62, 3540 }, // <backslash>
    { 12, 21, 11, -2, 18, 63, 3602 }, // ]
    { 9, 4, 9, 1, 17, 9, 3665 }, // ^
    { 9, 3, 8, -2, -1, 7, 3674 }, // _
    { 7, 5, 10, 2, 18, 9, 3681 }, // `
    { 14, 12, 14, 0, 12, 42, 3690 }, // a
    { 13, 18, 13, 0, 18, 59, 3732 }, // b
    { 11, 12, 12, 0, 12, 33, 3791 }, // c
    { 14, 18, 14, 0, 18, 63, 3824 }, // d
    { 12, 12, 12, 0, 12, 36, 3887 }, // e
    { 16, 23, 9, -4, 18, 92, 3923 }, // f
    { 14, 17, 12, -1, 12, 60, 4015 }, // g
    { 14, 18, 14, 0, 18, 63, 4075 }, // h
    { 8, 18, 7, 0, 18, 36, 4138 }, // i
    { 12, 23, 8, -4, 18, 69, 4174 }, // j
    { 14, 18, 13, 0, 18, 63, 4243 }, // k
    { 8, 18, 7, 0, 18, 36, 4306 }, // l
    { 21, 12, 20, 0, 12, 63, 4342 }, // m
    { 14, 12, 14, 0, 12, 42, 4405 }, // n
    { 13, 12, 13, 0, 12, 39, 4447 }, // o
    { 16, 17, 13, -3, 12, 68, 4486 }, // p
    { 14, 17, 14, 0, 12, 60, 4554 }, // q
    { 12, 12, 10, 0, 12, 36, 4614 }, // r
    { 11, 12, 10, -1, 12, 33, 4650 }, // s
    { 9, 15, 8, 1, 15, 34, 4683 }, // t
    { 14, 12, 14, 0, 12, 42, 4717 }, // u
    { 13, 12, 12, 0, 12, 39, 4759 }, // v
    { 19, 12, 18, 0, 12, 57, 4798 }, // w
    { 16, 12, 14, -1, 12, 48, 4855 }, // x
    { 17, 17, 13, -3, 12, 73, 4903 }, // y
    { 14, 14, 12, -1, 13, 49, 4976 }, // z
    { 12, 21, 12, 1, 16, 63, 5025 }, // {
    { 3, 26, 10, 3, 20, 20, 5088 }, // |
    { 13, 21, 12, -1, 16, 69, 5108 }, // }
    { 17, 5, 21, 2, 10, 22, 5177 }, // ~
    { 0, 0, 6, 0, 0, 0, 0 }, // U+00A0
    { 7, 17, 8, 0, 12, 30, 0 }, // U+00A1
    { 13, 18, 15, 1, 15, 59, 30 }, // U+00A2
    { 17, 16, 15, -1, 16, 68, 89 }, // U+00A3
    { 14, 14, 15, 1, 18, 49, 157 }, // U+00A4
    { 17, 16, 15, 0, 16, 68, 206 }, // U+00A5
    { 2, 23, 9, 3, 18, 12, 274 }, // U+00A6
    { 14, 22, 13, 0, 18, 77, 286 }, // U+00A7
    { 10, 3, 8, 1, 17, 8, 363 }, // U+00A8
    { 20, 21, 21, 1, 19, 105, 371 }, // U+00A9
    { 10, 10, 9, 1, 17, 25, 476 }, // U+00AA
    { 12, 12, 10, 0, 12, 36, 501 }, // U+00AB
    { 14, 7, 16, 1, 11, 25, 537 }, // U+00AC
    { 8, 3, 8, 0, 8, 6, 562 }, // U+00AD
    { 20, 21, 21, 1, 19, 105, 568 }, // U+00AE
    { 10, 3, 8, 1, 17, 8, 673 }, // U+00AF
    { 6, 7, 8, 1, 18, 11, 681 }, // U+00B0
    { 15, 14, 25, 5, 14, 53, 692 }, // U+00B1
    { 10, 11, 10, 1, 20, 28, 745 }, // U+00B2
    { 10, 11, 10, 1, 20, 28, 773 }, // U+00B3
    { 7, 5, 8, 3, 18, 9, 801 }, // U+00B4
    { 15, 17, 14, -1, 12, 64, 810 }, // U+00B5
    { 12, 19, 13, 1, 16, 57, 874 }, // U+00B6
    { 4, 3, 5, 0, 10, 3, 931 }, // U+00B7
    { 7, 7, 6, -2, 1, 13, 934 }, // U+00B8
    { 6, 11, 10, 3, 20, 17, 947 }, // U+00B9
    { 10, 10, 9, 0, 17, 25, 964 }, // U+00BA
    { 11, 12, 10, -1, 12, 33, 989 }, // U+00BB
    { 20, 19, 22, 1, 18, 95, 1022 }, // U+00BC
    { 21, 17, 22, 1, 17, 90, 1117 }, // U+00BD
    { 21, 19, 22, 1, 18, 100, 1207 }, // U+00BE
    { 11, 17, 13, 0, 12, 47, 1307 }, // U+00BF
    { 19, 23, 18, -2, 23, 110, 1354 }, // U+00C0
    { 19, 23, 18, -2, 23, 110, 1464 }, // U+00C1
    { 19, 22, 18, -2, 22, 105, 1574 }, // U+00C2
    { 19, 22, 18, -2, 22, 105, 1679 }, // U+00C3
    { 19, 22, 18, -2, 22, 105, 1784 }, // U+00C4
    { 19, 25, 18, -2, 25, 119, 1889 }, // U+00C5
    { 27, 16, 24, -2, 16, 108, 2008 }, // U+00C6
    { 16, 22, 16, 1, 16, 88, 2116 }, // U+00C7
    { 17, 23, 15, -1, 23, 98, 2204 }, // U+00C8
    { 17, 23, 15, -1, 23, 98, 2302 }, // U+00C9
    { 17, 22, 15, -1, 22, 94, 2400 }, // U+00CA
    { 17, 22, 15, -1, 22, 94, 2494 }, // U+00CB
    { 11, 23, 9, -1, 23, 64, 2588 }, // U+00CC
    { 12, 23, 9, -1, 23, 69, 2652 }, // U+00CD
    { 12, 22, 9, -1, 22, 66, 2721 }, // U+00CE
    { 13, 22, 9, -1, 22, 72, 2787 }, // U+00CF
    { 19, 16, 17, -1, 16, 76, 2859 }, // U+00D0
    { 21, 22, 18, -1, 22, 116, 2935 }, // U+00D1
    { 17, 23, 18, 1, 23, 98, 3051 }, // U+00D2
    { 17, 23, 18, 1, 23, 98, 3149 }, // U+00D3
    { 17, 22, 18, 1, 22, 94, 3247 }, // U+00D4
    { 17, 22, 18, 1, 22, 94, 3341 }, // U+00D5
    { 17, 22, 18, 1, 22, 94, 3435 }, // U+00D6
    { 15, 15, 25, 5, 15, 57, 3529 }, // U+00D7
    { 17, 20, 18, 1, 18, 85, 3586 }, // U+00D8
    { 18, 23, 18, 2, 23, 104, 3671 }, // U+00D9
    { 18, 23, 18, 2, 23, 104, 3775 }, // U+00DA
    { 18, 22, 18, 2, 22, 99, 3879 }, // U+00DB
    { 18, 22, 18, 2, 22, 99, 3978 }, // U+00DC
    { 17, 23, 17, 2, 23, 98, 4077 }, // U+00DD
    { 16, 16, 15, -1, 16, 64, 4175 }, // U+00DE
    { 19, 23, 15, -4, 18, 110, 4239 }, // U+00DF
    { 14, 18, 14, 0, 18, 63, 4349 }, // U+00E0
    { 14, 18, 14, 0, 18, 63, 4412 }, // U+00E1
    { 14, 17, 14, 0, 17, 60, 4475 }, // U+00E2
    { 15, 18, 14, 0, 18, 68, 4535 }, // U+00E3
    { 14, 17, 14, 0, 17, 60, 4603 }, // U+00E4
    { 14, 21, 14, 0, 21, 74, 4663 }, // U+00E5
    { 19, 12, 19, 0, 12, 57, 4737 }, // U+00E6
    { 11, 18, 12, 0, 12, 50, 4794 }, // U+00E7
    { 12, 18, 12, 0, 18, 54, 4844 }, // U+00E8
    { 12, 18, 12, 0, 18, 54, 4898 }, // U+00E9
    { 13, 17, 12, 0, 17, 56, 4952 }, // U+00EA
    { 13, 17, 12, 0, 17, 56, 5008 }, // U+00EB
    { 8, 18, 7, 0, 18, 36, 5064 }, // U+00EC
    { 10, 18, 7, 0, 18, 45, 5100 }, // U+00ED
    { 10, 17, 7, 0, 17, 43, 5145 }, // U+00EE
    { 10, 17, 7, 0, 17, 43, 5188 }, // U+00EF
    { 13, 18, 13, 0, 18, 59, 5231 }, // U+00F0
    { 14, 18, 14, 0, 18, 63, 5290 }, // U+00F1
    { 13, 18, 13, 0, 18, 59, 5353 }, // U+00F2
    { 13, 18, 13, 0, 18, 59, 5412 }, // U+00F3
    { 13, 17, 13, 0, 17, 56, 5471 }, // U+00F4
    { 14, 18, 13, 0, 18, 63, 5527 }, // U+00F5
    { 13, 17, 13, 0, 17, 56, 5590 }, // U+00F6
    { 15, 11, 25, 5, 13, 42, 5646 }, // U+00F7
    { 13, 16, 13, 0, 14, 52, 5688 }, // U+00F8
    { 14, 18, 14, 0, 18, 63, 5740 }, // U+00F9
    { 14, 18, 14, 0, 18, 63, 5803 }, // U+00FA
    { 14, 17, 14, 0, 17, 60, 5866 }, // U+00FB
    { 14, 17, 14, 0, 17, 60, 5926 }, // U+00FC
    { 17, 23, 13, -3, 18, 98, 5986 }, // U+00FD
    { 16, 23, 13, -3, 18, 92, 6084 }, // U+00FE
    { 17, 22, 13, -3, 17, 94, 6176 }, // U+00FF
    { 19, 21, 18, -2, 21, 100, 0 }, // U+0100
    { 14, 17, 14, 0, 17, 60, 100 }, // U+0101
    { 19, 23, 18, -2, 23, 110, 160 }, // U+0102
    { 14, 18, 14, 0, 18, 63, 270 }, // U+0103
    { 19, 22, 18, -2, 16, 105, 333 }, // U+0104
    { 14, 18, 14, 0, 12, 63, 438 }, // U+0105
    { 16, 23, 16, 1, 23, 92, 501 }, // U+0106
    { 13, 18, 12, 0, 18, 59, 593 }, // U+0107
    { 16, 22, 16, 1, 22, 88, 652 }, // U+0108
    { 13, 17, 12, 0, 17, 56, 740 }, // U+0109
    { 16, 22, 16, 1, 22, 88, 796 }, // U+010A
    { 11, 17, 12, 0, 17, 47, 884 }, // U+010B
    { 16, 22, 16, 1, 22, 88, 931 }, // U+010C
    { 14, 17, 12, 0, 17, 60, 1019 }, // U+010D
    { 19, 22, 17, -1, 22, 105, 1079 }, // U+010E
    { 19, 18, 17, 0, 18, 86, 1184 }, // U+010F
    { 19, 16, 17, -1, 16, 76, 1270 }, // U+0110
    { 16, 18, 14, 0, 18, 72, 1346 }, // U+0111
    { 17, 21, 15, -1, 21, 90, 1418 }, // U+0112
    { 13, 17, 12, 0, 17, 56, 1508 }, // U+0113
    { 17, 23, 15, -1, 23, 98, 1564 }, // U+0114
    { 13, 18, 12, 0, 18, 59, 1662 }, // U+0115
    { 17, 22, 15, -1, 22, 94, 1721 }, // U+0116
    { 12, 17, 12, 0, 17, 51, 1815 }, // U+0117
    { 17, 22, 15, -1, 16, 94, 1866 }, // U+0118
    { 12, 17, 12, 0, 12, 51, 1960 }, // U+0119
    { 17, 22, 15, -1, 22, 94, 2011 }, // U+011A
    { 13, 17, 12, 0, 17, 56, 2105 }, // U+011B
    { 17, 22, 18, 1, 22, 94, 2161 }, // U+011C
    { 14, 22, 12, -1, 17, 77, 2255 }, // U+011D
    { 17, 23, 18, 1, 23, 98, 2332 }, // U+011E
    { 14, 23, 12, -1, 18, 81, 2430 }, // U+011F
    { 17, 22, 18, 1, 22, 94, 2511 }, // U+0120
    { 14, 22, 12, -1, 17, 77, 2605 }, // U+0121
    { 17, 23, 18, 1, 16, 98, 2682 }, // U+0122
    { 14, 23, 12, -1, 18, 81, 2780 }, // U+0123
    { 21, 22, 19, -1, 22, 116, 2861 }, // U+0124
    { 14, 23, 14, 0, 23, 81, 2977 }, // U+0125
    { 21, 16, 19, -1, 16, 84, 3058 }, // U+0126
    { 14, 18, 14, 0, 18, 63, 3142 }, // U+0127
    { 13, 22, 9, -1, 22, 72, 3205 }, // U+0128
    { 11, 18, 7, 0, 18, 50, 3277 }, // U+0129
    { 11, 21, 9, -1, 21, 58, 3327 }, // U+012A
    { 9, 16, 7, 0, 16, 36, 3385 }, // U+012B
    { 13, 23, 9, -1, 23, 75, 3421 }, // U+012C
    { 10, 18, 7, 0, 18, 45, 3496 }, // U+012D
    { 11, 22, 9, -1, 16, 61, 3541 }, // U+012E
    { 8, 24, 7, 0, 18, 48, 3602 }, // U+012F
    { 11, 22, 9, -1, 22, 61, 3650 }, // U+0130
    { 8, 12, 7, 0, 12, 24, 3711 }, // U+0131
    { 23, 16, 21, -1, 16, 92, 3735 }, // U+0132
    { 15, 23, 15, 0, 18, 87, 3827 }, // U+0133
    { 16, 22, 12, -1, 22, 88, 3914 }, // U+0134
    { 14, 23, 8, -4, 17, 81, 4002 }, // U+0135
    { 19, 23, 17, -1, 16, 110, 4083 }, // U+0136
    { 14, 25, 13, 0, 18, 88, 4193 }, // U+0137
    { 14, 13, 13, 0, 13, 46, 4281 }, // U+0138
    { 15, 23, 14, -1, 23, 87, 4327 }, // U+0139
    { 11, 24, 7, 0, 24, 66, 4414 }, // U+013A
    { 14, 23, 14, -1, 16, 81, 4480 }, // U+013B
    { 9, 25, 7, -1, 18, 57, 4561 }, // U+013C
    { 16, 18, 14, -1, 18, 72, 4618 }, // U+013D
    { 12, 18, 10, 0, 18, 54, 4690 }, // U+013E
    { 18, 16, 17, -1, 16, 72, 4744 }, // U+013F
    { 11, 18, 11, 0, 18, 50, 4816 }, // U+0140
    { 14, 16, 14, -1, 16, 56, 4866 }, // U+0141
    { 11, 18, 8, -1, 18, 50, 4922 }, // U+0142
    { 21, 23, 18, -1, 23, 121, 4972 }, // U+0143
    { 14, 18, 14, 0, 18, 63, 5093 }, // U+0144
    { 21, 23, 18, -1, 16, 121, 5156 }, // U+0145
    { 14, 19, 14, 0, 12, 67, 5277 }, // U+0146
    { 21, 22, 18, -1, 22, 116, 5344 }, // U+0147
    { 14, 17, 14, 0, 17, 60, 5460 }, // U+0148
    { 19, 21, 19, -1, 16, 100, 5520 }, // U+014A
    { 13, 17, 14, 0, 12, 56, 5620 }, // U+014B
    { 17, 21, 18, 1, 21, 90, 5676 }, // U+014C
    { 13, 17, 13, 0, 17, 56, 5766 }, // U+014D
    { 17, 23, 18, 1, 23, 98, 5822 }, // U+014E
    { 13, 18, 13, 0, 18, 59, 5920 }, // U+014F
    { 18, 22, 18, 1, 22, 99, 5979 }, // U+0150
    { 16, 17, 13, 0, 17, 68, 6078 }, // U+0151
    { 26, 16, 26, 1, 16, 104, 6146 }, // U+0152
    { 19, 12, 19, 0, 12, 57, 6250 }, // U+0153
    { 18, 23, 17, -1, 23, 104, 6307 }, // U+0154
    { 12, 18, 10, 0, 18, 54, 6411 }, // U+0155
    { 18, 23, 17, -1, 16, 104, 6465 }, // U+0156
    { 14, 19, 10, -2, 12, 67, 6569 }, // U+0157
    { 18, 22, 17, -1, 22, 99, 6636 }, // U+0158
    { 12, 17, 10, 0, 17, 51, 6735 }, // U+0159
    { 15, 23, 14, -1, 23, 87, 6786 }, // U+015A
    { 12, 18, 10, -1, 18, 54, 6873 }, // U+015B
    { 15, 22, 14, -1, 22, 83, 6927 }, // U+015C
    { 12, 17, 10, -1, 17, 51, 7010 }, // U+015D
    { 15, 22, 14, -1, 16, 83, 7061 }, // U+015E
    { 11, 18, 10, -1, 12, 50, 7144 }, // U+015F
    { 16, 22, 14, -1, 22, 88, 7194 }, // U+0160
    { 13, 17, 10, -1, 17, 56, 7282 }, // U+0161
    { 16, 22, 15, 1, 16, 88, 7338 }, // U+0162
    { 10, 21, 8, 0, 15, 53, 7426 }, // U+0163
    { 16, 22, 15, 1, 22, 88, 7479 }, // U+0164
    { 11, 18, 10, 1, 18, 50, 7567 }, // U+0165
    { 16, 16, 15, 1, 16, 64, 7617 }, // U+0166
    { 10, 15, 8, 0, 15, 38, 7681 }, // U+0167
    { 18, 22, 18, 2, 22, 99, 7719 }, // U+0168
    { 14, 18, 14, 0, 18, 63, 7818 }, // U+0169
    { 18, 21, 18, 2, 21, 95, 7881 }, // U+016A
    { 14, 17, 14, 0, 17, 60, 7976 }, // U+016B
    { 18, 23, 18, 2, 23, 104, 8036 }, // U+016C
    { 14, 18, 14, 0, 18, 63, 8140 }, // U+016D
    { 18, 25, 18, 2, 25, 113, 8203 }, // U+016E
    { 14, 21, 14, 0, 21, 74, 8316 }, // U+016F
    { 18, 22, 18, 2, 22, 99, 8390 }, // U+0170
    { 17, 17, 14, 0, 17, 73, 8489 }, // U+0171
    { 18, 22, 18, 2, 16, 99, 8562 }, // U+0172
    { 14, 18, 14, 0, 12, 63, 8661 }, // U+0173
    { 24, 22, 24, 2, 22, 132, 8724 }, // U+0174
    { 19, 17, 18, 0, 17, 81, 8856 }, // U+0175
    { 17, 22, 17, 2, 22, 94, 8937 }, // U+0176
    { 17, 22, 13, -3, 17, 94, 9031 }, // U+0177
    { 17, 22, 17, 2, 22, 94, 9125 }, // U+0178
    { 17, 23, 15, -1, 23, 98, 9219 }, // U+0179
    { 14, 19, 12, -1, 18, 67, 9317 }, // U+017A
    { 17, 22, 15, -1, 22, 94, 9384 }, // U+017B
    { 14, 18, 12, -1, 17, 63, 9478 }, // U+017C
    { 17, 22, 15, -1, 22, 94, 9541 }, // U+017D
    { 14, 18, 12, -1, 17, 63, 9635 }, // U+017E
    { 16, 23, 9, -4, 18, 92, 9698 }, // U+017F
    { 21, 21, 20, 1, 21, 111, 0 }, // U+01A0
    { 16, 14, 16, 0, 14, 56, 111 }, // U+01A1
    { 21, 22, 21, 2, 22, 116, 167 }, // U+01AF
    { 18, 16, 17, 0, 16, 72, 283 }, // U+01B0
    { 35, 22, 32, -1, 22, 193, 355 }, // U+01C4
    { 31, 18, 29, -1, 17, 140, 548 }, // U+01C5
    { 27, 19, 26, 0, 18, 129, 688 }, // U+01C6
    { 28, 16, 26, -1, 16, 112, 817 }, // U+01C7
    { 23, 23, 21, -1, 18, 133, 929 }, // U+01C8
    { 15, 23, 15, 0, 18, 87, 1062 }, // U+01C9
    { 33, 16, 31, -1, 16, 132, 1149 }, // U+01CA
    { 27, 23, 26, -1, 18, 156, 1281 }, // U+01CB
    { 22, 23, 22, 0, 18, 127, 1437 }, // U+01CC
    { 19, 22, 18, -2, 22, 105, 1564 }, // U+01CD
    { 15, 17, 14, 0, 17, 64, 1669 }, // U+01CE
    { 13, 22, 9, -1, 22, 72, 1733 }, // U+01CF
    { 11, 17, 7, 0, 17, 47, 1805 }, // U+01D0
    { 17, 22, 18, 1, 22, 94, 1852 }, // U+01D1
    { 14, 17, 13, 0, 17, 60, 1946 }, // U+01D2
    { 18, 22, 18, 2, 22, 99, 2006 }, // U+01D3
    { 14, 17, 14, 0, 17, 60, 2105 }, // U+01D4
    { 18, 27, 18, 2, 27, 122, 2165 }, // U+01D5
    { 14, 22, 14, 0, 22, 77, 2287 }, // U+01D6
    { 18, 28, 18, 2, 28, 126, 2364 }, // U+01D7
    { 14, 23, 14, 0, 23, 81, 2490 }, // U+01D8
    { 18, 28, 18, 2, 28, 126, 2571 }, // U+01D9
    { 15, 23, 14, 0, 23, 87, 2697 }, // U+01DA
    { 18, 28, 18, 2, 28, 126, 2784 }, // U+01DB
    { 14, 23, 14, 0, 23, 81, 2910 }, // U+01DC
    { 11, 12, 12, 0, 12, 33, 2991 }, // U+01DD
    { 19, 27, 18, -2, 27, 129, 3024 }, // U+01DE
    { 15, 21, 14, 0, 21, 79, 3153 }, // U+01DF
    { 19, 26, 18, -2, 26, 124, 3232 }, // U+01E0
    { 15, 21, 14, 0, 21, 79, 3356 }, // U+01E1
    { 27, 21, 24, -2, 21, 142, 3435 }, // U+01E2
    { 19, 17, 19, 0, 17, 81, 3577 }, // U+01E3
    { 17, 16, 18, 1, 16, 68, 3658 }, // U+01E4
    { 16, 17, 13, -1, 12, 68, 3726 }, // U+01E5
    { 17, 22, 18, 1, 22, 94, 3794 }, // U+01E6
    { 14, 22, 12, -1, 17, 77, 3888 }, // U+01E7
    { 19, 22, 17, -1, 22, 105, 3965 }, // U+01E8
    { 15, 23, 13, 0, 23, 87, 4070 }, // U+01E9
    { 17, 22, 18, 1, 16, 94, 4157 }, // U+01EA
    { 13, 17, 13, 0, 12, 56, 4251 }, // U+01EB
    { 17, 27, 18, 1, 21, 115, 4307 }, // U+01EC
    { 13, 21, 13, 0, 16, 69, 4422 }, // U+01ED
    { 18, 27, 15, -2, 22, 122, 4491 }, // U+01EE
    { 16, 22, 13, -2, 17, 88, 4613 }, // U+01EF
    { 15, 23, 8, -4, 17, 87, 4701 }, // U+01F0
    { 35, 16, 32, -1, 16, 140, 4788 }, // U+01F1
    { 31, 17, 29, -1, 16, 132, 4928 }, // U+01F2
    { 26, 19, 26, 0, 18, 124, 5060 }, // U+01F3
    { 17, 23, 18, 1, 23, 98, 5184 }, // U+01F4
    { 14, 23, 12, -1, 18, 81, 5282 }, // U+01F5
    { 26, 16, 27, -1, 16, 104, 5363 }, // U+01F6
    { 19, 21, 15, -3, 16, 100, 5467 }, // U+01F7
    { 21, 23, 18, -1, 23, 121, 5567 }, // U+01F8
    { 14, 18, 14, 0, 18, 63, 5688 }, // U+01F9
    { 19, 30, 18, -2, 30, 143, 5751 }, // U+01FA
    { 15, 25, 14, 0, 25, 94, 5894 }, // U+01FB
    { 27, 23, 24, -2, 23, 156, 5988 }, // U+01FC
    { 19, 18, 19, 0, 18, 86, 6144 }, // U+01FD
    { 17, 25, 18, 1, 23, 107, 6230 }, // U+01FE
    { 13, 20, 13, 0, 18, 65, 6337 }, // U+01FF
    { 19, 22, 18, -2, 22, 105, 6402 }, // U+0200
    { 14, 17, 14, 0, 17, 60, 6507 }, // U+0201
    { 19, 22, 18, -2, 22, 105, 6567 }, // U+0202
    { 14, 17, 14, 0, 17, 60, 6672 }, // U+0203
    { 17, 22, 15, -1, 22, 94, 6732 }, // U+0204
    { 13, 17, 12, 0, 17, 56, 6826 }, // U+0205
    { 17, 22, 15, -1, 22, 94, 6882 }, // U+0206
    { 12, 17, 12, 0, 17, 51, 6976 }, // U+0207
    { 13, 22, 9, -1, 22, 72, 7027 }, // U+0208
    { 12, 17, 7, -2, 17, 51, 7099 }, // U+0209
    { 12, 22, 9, -1, 22, 66, 7150 }, // U+020A
    { 9, 17, 7, 0, 17, 39, 7216 }, // U+020B
    { 17, 22, 18, 1, 22, 94, 7255 }, // U+020C
    { 14, 17, 13, 0, 17, 60, 7349 }, // U+020D
    { 17, 22, 18, 1, 22, 94, 7409 }, // U+020E
    { 13, 17, 13, 0, 17, 56, 7503 }, // U+020F
    { 18, 22, 17, -1, 22, 99, 7559 }, // U+0210
    { 12, 17, 10, 0, 17, 51, 7658 }, // U+0211
    { 18, 22, 17, -1, 22, 99, 7709 }, // U+0212
    { 12, 17, 10, 0, 17, 51, 7808 }, // U+0213
    { 18, 22, 18, 2, 22, 99, 7859 }, // U+0214
    { 14, 17, 14, 0, 17, 60, 7958 }, // U+0215
    { 18, 22, 18, 2, 22, 99, 8018 }, // U+0216
    { 14, 17, 14, 0, 17, 60, 8117 }, // U+0217
    { 15, 23, 14, -1, 16, 87, 8177 }, // U+0218
    { 11, 19, 10, -1, 12, 53, 8264 }, // U+0219
    { 16, 23, 15, 1, 16, 92, 8317 }, // U+021A
    { 10, 22, 8, 0, 15, 55, 8409 }, // U+021B
    { 15, 21, 14, -1, 16, 79, 8464 }, // U+021C
    { 12, 18, 10, -1, 12, 54, 8543 }, // U+021D
    { 21, 22, 19, -1, 22, 116, 8597 }, // U+021E
    { 15, 23, 14, 0, 23, 87, 8713 }, // U+021F
    { 7, 5, 0, -9, 18, 9, 0 }, // U+0300
    { 8, 5, 0, -8, 18, 10, 9 }, // U+0301
    { 10, 4, 0, -10, 17, 10, 19 }, // U+0302
    { 10, 4, 0, -10, 18, 10, 29 }, // U+0303
    { 10, 3, 0, -10, 17, 8, 39 }, // U+0304
    { 18, 3, 0, -13, 20, 14, 47 }, // U+0305
    { 9, 5, 0, -9, 18, 12, 61 }, // U+0306
    { 4, 3, 0, -7, 17, 3, 73 }, // U+0307
    { 9, 3, 0, -9, 17, 7, 76 }, // U+0308
    { 5, 7, 0, -7, 20, 9, 83 }, // U+0309
    { 7, 8, 0, -8, 21, 14, 92 }, // U+030A
    { 13, 4, 0, -10, 17, 13, 106 }, // U+030B
    { 10, 4, 0, -9, 17, 10, 119 }, // U+030C
    { 3, 4, 0, -6, 17, 3, 129 }, // U+030D
    { 7, 4, 0, -8, 17, 7, 132 }, // U+030E
    { 12, 4, 0, -12, 17, 12, 139 }, // U+030F
    { 9, 7, 0, -9, 20, 16, 151 }, // U+0310
    { 8, 4, 0, -9, 17, 8, 167 }, // U+0311
    { 5, 5, 0, -7, 18, 7, 175 }, // U+0312
    { 5, 6, 0, -7, 19, 8, 182 }, // U+0313
    { 5, 8, 0, -7, 20, 10, 190 }, // U+0314
    { 5, 6, 4, 1, 22, 8, 200 }, // U+0315
    { 7, 5, 0, -12, -1, 9, 208 }, // U+0316
    { 7, 5, 0, -12, -1, 9, 217 }, // U+0317
    { 5, 5, 0, -11, -1, 7, 226 }, // U+0318
    { 5, 5, 0, -11, -1, 7, 233 }, // U+0319
    { 6, 7, 7, 2, 18, 11, 240 }, // U+031A
    { 5, 7, 3, -2, 16, 9, 251 }, // U+031B
    { 5, 7, 0, -11, 0, 9, 260 }, // U+031C
    { 6, 4, 0, -12, -2, 6, 269 }, // U+031D
    { 5, 5, 0, -11, -1, 7, 275 }, // U+031E
    { 6, 5, 0, -12, -1, 8, 282 }, // U+031F
    { 7, 3, 0, -12, -1, 6, 290 }, // U+0320
    { 8, 6, 0, -8, 0, 12, 296 }, // U+0321
    { 8, 7, 0, -3, 1, 14, 308 }, // U+0322
    { 4, 3, 0, -11, -2, 3, 322 }, // U+0323
    { 9, 3, 0, -13, -2, 7, 325 }, // U+0324
    { 8, 8, 0, -13, 0, 16, 332 }, // U+0325
    { 5, 6, 0, -11, -1, 8, 348 }, // U+0326
    { 7, 7, 0, -12, 1, 13, 356 }, // U+0327
    { 6, 6, 0, -11, 0, 9, 369 }, // U+0328
    { 3, 4, 0, -10, -2, 3, 378 }, // U+0329
    { 7, 5, 0, -12, -1, 9, 381 }, // U+032A
    { 9, 5, 0, -13, -1, 12, 390 }, // U+032B
    { 9, 4, 0, -13, -2, 9, 402 }, // U+032C
    { 10, 5, 0, -14, -2, 13, 411 }, // U+032D
    { 9, 5, 0, -13, -1, 12, 424 }, // U+032E
    { 8, 4, 0, -13, -1, 8, 436 }, // U+032F
    { 11, 4, 0, -14, -1, 11, 444 }, // U+0330
    { 9, 3, 0, -13, -1, 7, 455 }, // U+0331
    { 17, 3, 0, -17, -1, 13, 462 }, // U+0332
    { 18, 6, 0, -18, -1, 27, 475 }, // U+0333
    { 11, 4, 0, -12, 8, 11, 502 }, // U+0334
    { 9, 3, 0, -11, 8, 7, 513 }, // U+0335
    { 16, 3, 0, -15, 8, 12, 520 }, // U+0336
    { 12, 17, 0, -13, 14, 51, 532 }, // U+0337
    { 14, 21, 0, -14, 16, 74, 583 }, // U+0338
    { 4, 7, 0, -11, 0, 7, 657 }, // U+0339
    { 7, 5, 0, -12, -1, 9, 664 }, // U+033A
    { 9, 7, 0, -13, 0, 16, 673 }, // U+033B
    { 9, 4, 0, -13, -1, 9, 689 }, // U+033C
    { 9, 5, 0, -9, 18, 12, 698 }, // U+033D
    { 6, 10, 0, -7, 23, 15, 710 }, // U+033E
    { 19, 6, 0, -14, 20, 29, 725 }, // U+033F
    { 8, 4, 0, -9, 17, 8, 754 }, // U+0346
    { 11, 6, 0, -14, -1, 17, 762 }, // U+0347
    { 7, 4, 0, -12, -2, 7, 779 }, // U+0348
    { 7, 6, 0, -12, -1, 11, 786 }, // U+0349
    { 11, 6, 0, -10, 19, 17, 797 }, // U+034A
    { 11, 8, 0, -10, 21, 22, 814 }, // U+034B
    { 13, 7, 0, -11, 20, 23, 836 }, // U+034C
    { 9, 4, 0, -13, -1, 9, 859 }, // U+034D
    { 5, 5, 0, -11, -2, 7, 868 }, // U+034E
    { 0, 0, 0, 0, 0, 0, 875 }, // U+034F
    { 12, 9, 0, -10, 23, 27, 875 }, // U+0350
    { 4, 7, 0, -6, 21, 7, 902 }, // U+0351
    { 9, 7, 0, -9, 20, 16, 909 }, // U+0352
    { 6, 5, 0, -12, -2, 8, 925 }, // U+0353
    { 11, 9, 0, -15, -1, 25, 933 }, // U+0354
    { 11, 8, 0, -14, -1, 22, 958 }, // U+0355
    { 21, 9, 0, -19, -1, 48, 980 }, // U+0356
    { 5, 7, 0, -7, 21, 9, 1028 }, // U+0357
    { 4, 3, 4, 1, 17, 3, 1037 }, // U+0358
    { 8, 7, 0, -13, 0, 14, 1040 }, // U+0359
    { 12, 8, 0, -15, 0, 24, 1054 }, // U+035A
    { 5, 5, 0, -7, 18, 7, 1078 }, // U+035B
    { 20, 4, 0, -13, -6, 20, 1085 }, // U+035C
    { 19, 5, 0, -6, 25, 24, 1105 }, // U+035D
    { 18, 3, 0, -6, 23, 14, 1129 }, // U+035E
    { 18, 3, 0, -12, -7, 14, 1143 }, // U+035F
    { 24, 5, 0, -9, 24, 30, 1157 }, // U+0360
    { 19, 5, 0, -7, 24, 24, 1187 }, // U+0361
    { 24, 9, 0, -14, -5, 54, 1211 }, // U+0362
    { 9, 9, 0, -9, 21, 21, 1265 }, // U+0363
    { 7, 9, 0, -8, 21, 16, 1286 }, // U+0364
    { 5, 10, 0, -7, 24, 13, 1302 }, // U+0365
    { 8, 9, 0, -9, 21, 18, 1315 }, // U+0366
    { 9, 8, 0, -9, 21, 18, 1333 }, // U+0367
    { 7, 8, 0, -8, 21, 14, 1351 }, // U+0368
    { 9, 12, 0, -9, 24, 27, 1365 }, // U+0369
    { 9, 12, 0, -9, 24, 27, 1392 }, // U+036A
    { 13, 9, 0, -11, 21, 30, 1419 }, // U+036B
    { 8, 8, 0, -8, 21, 16, 1449 }, // U+036C
    { 6, 9, 0, -7, 22, 14, 1465 }, // U+036D
    { 8, 7, 0, -8, 20, 14, 1479 }, // U+036E
    { 10, 8, 0, -10, 21, 20, 1493 }, // U+036F
    { 17, 23, 15, -1, 23, 98, 0 }, // U+0400
    { 17, 22, 15, -1, 22, 94, 98 }, // U+0401
    { 17, 18, 18, 1, 18, 77, 192 }, // U+0402
    { 17, 23, 14, -1, 23, 98, 269 }, // U+0403
    { 16, 18, 16, 1, 18, 72, 367 }, // U+0404
    { 15, 18, 14, -1, 18, 68, 439 }, // U+0405
    { 11, 16, 9, -1, 16, 44, 507 }, // U+0406
    { 13, 22, 9, -1, 22, 72, 551 }, // U+0407
    { 15, 16, 12, -1, 16, 60, 623 }, // U+0408
    { 25, 18, 24, -2, 18, 113, 683 }, // U+0409
    { 24, 17, 24, -1, 17, 102, 796 }, // U+040A
    { 16, 18, 18, 1, 18, 72, 898 }, // U+040B
    { 20, 23, 17, -1, 23, 115, 970 }, // U+040C
    { 21, 23, 18, -1, 23, 121, 1085 }, // U+040D
    { 19, 23, 18, 1, 23, 110, 1206 }, // U+040E
    { 21, 22, 19, -1, 17, 116, 1316 }, // U+040F
    { 19, 17, 18, -2, 17, 81, 1432 }, // U+0410
    { 16, 18, 16, -1, 18, 72, 1513 }, // U+0411
    { 17, 18, 16, -1, 18, 77, 1585 }, // U+0412
    { 17, 18, 14, -1, 18, 77, 1662 }, // U+0413
    { 23, 23, 18, -3, 18, 133, 1739 }, // U+0414
    { 17, 18, 15, -1, 18, 77, 1872 }, // U+0415
    { 27, 17, 23, -1, 17, 115, 1949 }, // U+0416
    { 15, 18, 14, -1, 18, 68, 2064 }, // U+0417
    { 21, 17, 18, -1, 17, 90, 2132 }, // U+0418
    { 21, 23, 18, -1, 23, 121, 2222 }, // U+0419
    { 20, 17, 17, -1, 17, 85, 2343 }, // U+041A
    { 22, 18, 18, -2, 18, 99, 2428 }, // U+041B
    { 25, 18, 22, -1, 18, 113, 2527 }, // U+041C
    { 21, 18, 19, -1, 18, 95, 2640 }, // U+041D
    { 17, 18, 18, 1, 18, 77, 2735 }, // U+041E
    { 21, 18, 19, -1, 18, 95, 2812 }, // U+041F
    { 16, 18, 15, -1, 18, 72, 2907 }, // U+0420
    { 16, 18, 16, 1, 18, 72, 2979 }, // U+0421
    { 16, 18, 15, 1, 18, 72, 3051 }, // U+0422
    { 19, 18, 18, 1, 18, 86, 3123 }, // U+0423
    { 20, 18, 21, 1, 18, 90, 3209 }, // U+0424
    { 20, 18, 17, -2, 18, 90, 3299 }, // U+0425
    { 21, 22, 19, -1, 17, 116, 3389 }, // U+0426
    { 16, 17, 17, 2, 17, 68, 3505 }, // U+0427
    { 27, 17, 25, -1, 17, 115, 3573 }, // U+0428
    { 27, 22, 25, -1, 17, 149, 3688 }, // U+0429
    { 16, 18, 17, 1, 18, 72, 3837 }, // U+042A
    { 25, 18, 22, -1, 18, 113, 3909 }, // U+042B
    { 16, 18, 15, -1, 18, 72, 4022 }, // U+042C
    { 16, 18, 16, 0, 18, 72, 4094 }, // U+042D
    { 26, 18, 25, -1, 18, 117, 4166 }, // U+042E
    { 21, 18, 17, -2, 18, 95, 4283 }, // U+042F
    { 14, 14, 14, 0, 14, 49, 4378 }, // U+0430
    { 15, 18, 14, 0, 18, 68, 4427 }, // U+0431
    { 13, 14, 13, 0, 14, 46, 4495 }, // U+0432
    { 12, 14, 11, 0, 14, 42, 4541 }, // U+0433
    { 13, 20, 13, 0, 20, 65, 4583 }, // U+0434
    { 12, 14, 12, 0, 14, 42, 4648 }, // U+0435
    { 23, 13, 24, 0, 13, 75, 4690 }, // U+0436
    { 12, 14, 12, -1, 14, 42, 4765 }, // U+0437
    { 14, 13, 14, 0, 13, 46, 4807 }, // U+0438
    { 14, 18, 14, 0, 18, 63, 4853 }, // U+0439
    { 14, 13, 13, 0, 13, 46, 4916 }, // U+043A
    { 18, 13, 15, -2, 13, 59, 4962 }, // U+043B
    { 21, 12, 18, -2, 12, 63, 5021 }, // U+043C
    { 15, 13, 14, 0, 13, 49, 5084 }, // U+043D
    { 13, 14, 13, 0, 14, 46, 5133 }, // U+043E
    { 14, 13, 14, 0, 13, 46, 5179 }, // U+043F
    { 16, 20, 13, -3, 14, 80, 5225 }, // U+0440
    { 11, 13, 12, 0, 13, 36, 5305 }, // U+0441
    { 21, 12, 20, 0, 12, 63, 5341 }, // U+0442
    { 17, 18, 13, -3, 12, 77, 5404 }, // U+0443
    { 19, 25, 19, 0, 19, 119, 5481 }, // U+0444
    { 16, 13, 14, -1, 13, 52, 5600 }, // U+0445
    { 14, 18, 14, 0, 13, 63, 5652 }, // U+0446
    { 13, 13, 12, 0, 13, 43, 5715 }, // U+0447
    { 20, 13, 20, 0, 13, 65, 5758 }, // U+0448
    { 20, 18, 20, 0, 13, 90, 5823 }, // U+0449
    { 13, 13, 14, 0, 13, 43, 5913 }, // U+044A
    { 18, 13, 17, 0, 13, 59, 5956 }, // U+044B
    { 11, 13, 12, 0, 13, 36, 6015 }, // U+044C
    { 13, 14, 12, -1, 14, 46, 6051 }, // U+044D
    { 20, 14, 19, -1, 14, 70, 6097 }, // U+044E
    { 15, 14, 13, -2, 14, 53, 6167 }, // U+044F
    { 12, 18, 12, 0, 18, 54, 6220 }, // U+0450
    { 13, 17, 12, 0, 17, 56, 6274 }, // U+0451
    { 14, 24, 14, 0, 19, 84, 6330 }, // U+0452
    { 12, 18, 11, 0, 18, 54, 6414 }, // U+0453
    { 13, 14, 12, 0, 14, 46, 6468 }, // U+0454
    { 11, 14, 10, -1, 14, 39, 6514 }, // U+0455
    { 8, 18, 7, 0, 18, 36, 6553 }, // U+0456
    { 10, 17, 7, 0, 17, 43, 6589 }, // U+0457
    { 12, 23, 8, -4, 18, 69, 6632 }, // U+0458
    { 19, 13, 17, -2, 13, 62, 6701 }, // U+0459
    { 18, 13, 18, 0, 13, 59, 6763 }, // U+045A
    { 14, 19, 14, 0, 19, 67, 6822 }, // U+045B
    { 14, 18, 13, 0, 18, 63, 6889 }, // U+045C
    { 14, 18, 14, 0, 18, 63, 6952 }, // U+045D
    { 17, 24, 13, -3, 18, 102, 7015 }, // U+045E
    { 14, 18, 14, 0, 13, 63, 7117 }, // U+045F
    { 16, 18, 18, 1, 18, 72, 7180 }, // U+0462
    { 17, 13, 18, 0, 13, 56, 7252 }, // U+0463
    { 18, 18, 19, 1, 18, 81, 7308 }, // U+0472
    { 14, 14, 14, 0, 14, 49, 7389 }, // U+0473
    { 19, 18, 18, 2, 18, 86, 7438 }, // U+0474
    { 16, 13, 15, 0, 13, 52, 7524 }, // U+0475
    { 21, 27, 18, -1, 23, 142, 7576 }, // U+048A
    { 14, 22, 14, 0, 18, 77, 7718 }, // U+048B
    { 16, 19, 15, -1, 19, 76, 7795 }, // U+048C
    { 11, 15, 12, 0, 15, 42, 7871 }, // U+048D
    { 16, 18, 14, -1, 18, 72, 7913 }, // U+048E
    { 16, 20, 13, -3, 14, 80, 7985 }, // U+048F
    { 16, 20, 13, -1, 20, 80, 8065 }, // U+0490
    { 11, 15, 10, 0, 15, 42, 8145 }, // U+0491
    { 17, 18, 14, -1, 18, 77, 8187 }, // U+0492
    { 12, 14, 11, 0, 14, 42, 8264 }, // U+0493
    { 16, 24, 16, -1, 18, 96, 8306 }, // U+0494
    { 12, 19, 12, 1, 13, 57, 8402 }, // U+0495
    { 27, 22, 23, -1, 17, 149, 8459 }, // U+0496
    { 23, 18, 24, 0, 13, 104, 8608 }, // U+0497
    { 15, 24, 14, -1, 18, 90, 8712 }, // U+0498
    { 12, 20, 12, -1, 14, 60, 8802 }, // U+0499
    { 20, 22, 17, -1, 17, 110, 8862 }, // U+049A
    { 14, 19, 13, 0, 13, 67, 8972 }, // U+049B
    { 21, 17, 18, -1, 17, 90, 9039 }, // U+049C
    { 15, 13, 14, 0, 13, 49, 9129 }, // U+049D
    { 20, 17, 17, -1, 17, 85, 9178 }, // U+049E
    { 14, 19, 13, 0, 19, 67, 9263 }, // U+049F
    { 20, 18, 19, 1, 18, 90, 9330 }, // U+04A0
    { 16, 13, 16, 0, 13, 52, 9420 }, // U+04A1
    { 21, 22, 19, -1, 17, 116, 9472 }, // U+04A2
    { 15, 19, 14, 0, 13, 72, 9588 }, // U+04A3
    { 25, 18, 22, -1, 18, 113, 9660 }, // U+04A4
    { 17, 13, 17, 0, 13, 56, 9773 }, // U+04A5
    { 25, 24, 24, -1, 18, 150, 9829 }, // U+04A6
    { 19, 18, 20, 0, 12, 86, 9979 }, // U+04A7
    { 20, 19, 19, 0, 19, 95, 10065 }, // U+04A8
    { 16, 14, 16, 0, 14, 56, 10160 }, // U+04A9
    { 16, 24, 16, 1, 18, 96, 10216 }, // U+04AA
    { 11, 19, 12, 0, 13, 53, 10312 }, // U+04AB
    { 16, 23, 15, 1, 18, 92, 10365 }, // U+04AC
    { 21, 17, 20, 0, 12, 90, 10457 }, // U+04AD
    { 17, 18, 17, 2, 18, 77, 10547 }, // U+04AE
    { 14, 19, 13, 0, 13, 67, 10624 }, // U+04AF
    { 18, 18, 17, 1, 18, 81, 10691 }, // U+04B0
    { 14, 19, 13, 0, 13, 67, 10772 }, // U+04B1
    { 20, 23, 17, -2, 18, 115, 10839 }, // U+04B2
    { 16, 18, 14, -1, 13, 72, 10954 }, // U+04B3
    { 23, 23, 22, 1, 18, 133, 11026 }, // U+04B4
    { 14, 22, 14, 0, 17, 77, 11159 }, // U+04B5
    { 16, 22, 17, 2, 17, 88, 11236 }, // U+04B6
    { 13, 18, 12, 0, 13, 59, 11324 }, // U+04B7
    { 16, 17, 17, 2, 17, 68, 11383 }, // U+04B8
    { 14, 13, 13, 0, 13, 46, 11451 }, // U+04B9
    { 16, 17, 16, -1, 17, 68, 11497 }, // U+04BA
    { 14, 18, 14, 0, 18, 63, 11565 }, // U+04BB
    { 21, 18, 20, 0, 18, 95, 11628 }, // U+04BC
    { 15, 14, 15, 0, 14, 53, 11723 }, // U+04BD
    { 21, 23, 20, 0, 18, 121, 11776 }, // U+04BE
    { 15, 19, 15, 0, 14, 72, 11897 }, // U+04BF
    { 11, 16, 9, -1, 16, 44, 11969 }, // U+04C0
    { 27, 23, 23, -1, 23, 156, 12013 }, // U+04C1
    { 23, 18, 24, 0, 18, 104, 12169 }, // U+04C2
    { 20, 23, 17, -1, 17, 115, 12273 }, // U+04C3
    { 14, 19, 13, 0, 13, 67, 12388 }, // U+04C4
    { 22, 22, 18, -2, 18, 121, 12455 }, // U+04C5
    { 18, 17, 15, -2, 13, 77, 12576 }, // U+04C6
    { 21, 24, 19, -1, 18, 126, 12653 }, // U+04C7
    { 14, 19, 14, 0, 13, 67, 12779 }, // U+04C8
    { 21, 22, 18, -1, 18, 116, 12846 }, // U+04C9
    { 15, 17, 14, 0, 13, 64, 12962 }, // U+04CA
    { 16, 22, 17, 2, 17, 88, 13026 }, // U+04CB
    { 12, 17, 12, 0, 13, 51, 13114 }, // U+04CC
    { 25, 22, 22, -1, 18, 138, 13165 }, // U+04CD
    { 21, 16, 18, -2, 12, 84, 13303 }, // U+04CE
    { 11, 19, 8, -1, 19, 53, 13387 }, // U+04CF
    { 19, 23, 18, -2, 23, 110, 13440 }, // U+04D0
    { 14, 18, 14, 0, 18, 63, 13550 }, // U+04D1
    { 19, 22, 18, -2, 22, 105, 13613 }, // U+04D2
    { 14, 17, 14, 0, 17, 60, 13718 }, // U+04D3
    { 27, 16, 24, -2, 16, 108, 13778 }, // U+04D4
    { 19, 12, 19, 0, 12, 57, 13886 }, // U+04D5
    { 17, 23, 15, -1, 23, 98, 13943 }, // U+04D6
    { 13, 18, 12, 0, 18, 59, 14041 }, // U+04D7
    { 17, 18, 17, 0, 18, 77, 14100 }, // U+04D8
    { 11, 12, 12, 0, 12, 33, 14177 }, // U+04D9
    { 17, 22, 17, 0, 22, 94, 14210 }, // U+04DA
    { 12, 17, 12, 0, 17, 51, 14304 }, // U+04DB
    { 27, 22, 23, -1, 22, 149, 14355 }, // U+04DC
    { 23, 17, 24, 0, 17, 98, 14504 }, // U+04DD
    { 15, 22, 14, -1, 22, 83, 14602 }, // U+04DE
    { 13, 17, 12, -1, 17, 56, 14685 }, // U+04DF
    { 16, 17, 15, 0, 17, 68, 14741 }, // U+04E0
    { 16, 18, 13, -2, 13, 72, 14809 }, // U+04E1
    { 21, 21, 18, -1, 21, 111, 14881 }, // U+04E2
    { 14, 17, 14, 0, 17, 60, 14992 }, // U+04E3
    { 21, 22, 18, -1, 22, 116, 15052 }, // U+04E4
    { 14, 17, 14, 0, 17, 60, 15168 }, // U+04E5
    { 17, 22, 18, 1, 22, 94, 15228 }, // U+04E6
    { 13, 17, 13, 0, 17, 56, 15322 }, // U+04E7
    { 17, 16, 18, 1, 16, 68, 15378 }, // U+04E8
    { 13, 12, 13, 0, 12, 39, 15446 }, // U+04E9
    { 17, 22, 18, 1, 22, 94, 15485 }, // U+04EA
    { 13, 17, 13, 0, 17, 56, 15579 }, // U+04EB
    { 16, 22, 16, 0, 22, 88, 15635 }, // U+04EC
    { 13, 17, 12, -1, 17, 56, 15723 }, // U+04ED
    { 19, 21, 18, 1, 21, 100, 15779 }, // U+04EE
    { 17, 23, 13, -3, 17, 98, 15879 }, // U+04EF
    { 19, 22, 18, 1, 22, 105, 15977 }, // U+04F0
    { 17, 23, 13, -3, 17, 98, 16082 }, // U+04F1
    { 19, 22, 18, 1, 22, 105, 16180 }, // U+04F2
    { 19, 23, 13, -3, 17, 110, 16285 }, // U+04F3
    { 16, 22, 17, 2, 22, 88, 16395 }, // U+04F4
    { 13, 17, 12, 0, 17, 56, 16483 }, // U+04F5
    { 17, 23, 14, -1, 18, 98, 16539 }, // U+04F6
    { 12, 19, 11, 0, 14, 57, 16637 }, // U+04F7
    { 25, 22, 22, -1, 22, 138, 16694 }, // U+04F8
    { 18, 17, 17, 0, 17, 77, 16832 }, // U+04F9
    { 17, 24, 14, -1, 18, 102, 16909 }, // U+04FA
    { 12, 20, 11, 0, 14, 60, 17011 }, // U+04FB
    { 20, 24, 17, -2, 18, 120, 17071 }, // U+04FC
    { 16, 18, 14, -1, 13, 72, 17191 }, // U+04FD
    { 20, 18, 17, -2, 18, 90, 17263 }, // U+04FE
    { 16, 13, 14, -1, 13, 52, 17353 }, // U+04FF
    { 19, 21, 18, -2, 16, 100, 0 }, // U+1EA0
    { 14, 17, 14, 0, 12, 60, 100 }, // U+1EA1
    { 19, 24, 18, -2, 24, 114, 160 }, // U+1EA2
    { 14, 20, 14, 0, 20, 70, 274 }, // U+1EA3
    { 19, 28, 18, -2, 28, 133, 344 }, // U+1EA4
    { 14, 23, 14, 0, 23, 81, 477 }, // U+1EA5
    { 19, 28, 18, -2, 28, 133, 558 }, // U+1EA6
    { 14, 23, 14, 0, 23, 81, 691 }, // U+1EA7
    { 19, 29, 18, -2, 29, 138, 772 }, // U+1EA8
    { 14, 24, 14, 0, 24, 84, 910 }, // U+1EA9
    { 19, 27, 18, -2, 27, 129, 994 }, // U+1EAA
    { 15, 22, 14, 0, 22, 83, 1123 }, // U+1EAB
    { 19, 27, 18, -2, 22, 129, 1206 }, // U+1EAC
    { 14, 22, 14, 0, 17, 77, 1335 }, // U+1EAD
    { 19, 28, 18, -2, 28, 133, 1412 }, // U+1EAE
    { 14, 23, 14, 0, 23, 81, 1545 }, // U+1EAF
    { 19, 28, 18, -2, 28, 133, 1626 }, // U+1EB0
    { 14, 23, 14, 0, 23, 81, 1759 }, // U+1EB1
    { 19, 29, 18, -2, 29, 138, 1840 }, // U+1EB2
    { 14, 24, 14, 0, 24, 84, 1978 }, // U+1EB3
    { 19, 27, 18, -2, 27, 129, 2062 }, // U+1EB4
    { 15, 22, 14, 0, 22, 83, 2191 }, // U+1EB5
    { 19, 28, 18, -2, 23, 133, 2274 }, // U+1EB6
    { 14, 23, 14, 0, 18, 81, 2407 }, // U+1EB7
    { 17, 21, 15, -1, 16, 90, 2488 }, // U+1EB8
    { 12, 17, 12, 0, 12, 51, 2578 }, // U+1EB9
    { 17, 24, 15, -1, 24, 102, 2629 }, // U+1EBA
    { 12, 20, 12, 0, 20, 60, 2731 }, // U+1EBB
    { 17, 22, 15, -1, 22, 94, 2791 }, // U+1EBC
    { 13, 18, 12, 0, 18, 59, 2885 }, // U+1EBD
    { 17, 28, 15, -1, 28, 119, 2944 }, // U+1EBE
    { 13, 23, 12, 0, 23, 75, 3063 }, // U+1EBF
    { 17, 28, 15, -1, 28, 119, 3138 }, // U+1EC0
    { 13, 23, 12, 0, 23, 75, 3257 }, // U+1EC1
    { 17, 29, 15, -1, 29, 124, 3332 }, // U+1EC2
    { 13, 24, 12, 0, 24, 78, 3456 }, // U+1EC3
    { 17, 27, 15, -1, 27, 115, 3534 }, // U+1EC4
    { 14, 22, 12, 0, 22, 77, 3649 }, // U+1EC5
    { 17, 27, 15, -1, 22, 115, 3726 }, // U+1EC6
    { 13, 22, 12, 0, 17, 72, 3841 }, // U+1EC7
    { 11, 24, 9, -1, 24, 66, 3913 }, // U+1EC8
    { 9, 20, 7, 0, 20, 45, 3979 }, // U+1EC9
    { 11, 21, 9, -1, 16, 58, 4024 }, // U+1ECA
    { 8, 23, 7, 0, 18, 46, 4082 }, // U+1ECB
    { 17, 21, 18, 1, 16, 90, 4128 }, // U+1ECC
    { 13, 17, 13, 0, 12, 56, 4218 }, // U+1ECD
    { 17, 24, 18, 1, 24, 102, 4274 }, // U+1ECE
    { 13, 20, 13, 0, 20, 65, 4376 }, // U+1ECF
    { 17, 28, 18, 1, 28, 119, 4441 }, // U+1ED0
    { 14, 23, 13, 0, 23, 81, 4560 }, // U+1ED1
    { 17, 28, 18, 1, 28, 119, 4641 }, // U+1ED2
    { 13, 23, 13, 0, 23, 75, 4760 }, // U+1ED3
    { 17, 29, 18, 1, 29, 124, 4835 }, // U+1ED4
    { 13, 24, 13, 0, 24, 78, 4959 }, // U+1ED5
    { 17, 27, 18, 1, 27, 115, 5037 }, // U+1ED6
    { 14, 22, 13, 0, 22, 77, 5152 }, // U+1ED7
    { 17, 27, 18, 1, 22, 115, 5229 }, // U+1ED8
    { 13, 22, 13, 0, 17, 72, 5344 }, // U+1ED9
    { 21, 23, 20, 1, 23, 121, 5416 }, // U+1EDA
    { 16, 18, 16, 0, 18, 72, 5537 }, // U+1EDB
    { 21, 23, 20, 1, 23, 121, 5609 }, // U+1EDC
    { 16, 18, 16, 0, 18, 72, 5730 }, // U+1EDD
    { 21, 24, 20, 1, 24, 126, 5802 }, // U+1EDE
    { 16, 20, 16, 0, 20, 80, 5928 }, // U+1EDF
    { 21, 22, 20, 1, 22, 116, 6008 }, // U+1EE0
    { 16, 18, 16, 0, 18, 72, 6124 }, // U+1EE1
    { 21, 26, 20, 1, 21, 137, 6196 }, // U+1EE2
    { 16, 19, 16, 0, 14, 76, 6333 }, // U+1EE3
    { 18, 21, 18, 2, 16, 95, 6409 }, // U+1EE4
    { 14, 17, 14, 0, 12, 60, 6504 }, // U+1EE5
    { 18, 24, 18, 2, 24, 108, 6564 }, // U+1EE6
    { 14, 20, 14, 0, 20, 70, 6672 }, // U+1EE7
    { 21, 23, 21, 2, 23, 121, 6742 }, // U+1EE8
    { 18, 18, 17, 0, 18, 81, 6863 }, // U+1EE9
    { 21, 23, 21, 2, 23, 121, 6944 }, // U+1EEA
    { 18, 18, 17, 0, 18, 81, 7065 }, // U+1EEB
    { 21, 24, 21, 2, 24, 126, 7146 }, // U+1EEC
    { 18, 20, 17, 0, 20, 90, 7272 }, // U+1EED
    { 21, 22, 21, 2, 22, 116, 7362 }, // U+1EEE
    { 18, 18, 17, 0, 18, 81, 7478 }, // U+1EEF
    { 21, 27, 21, 2, 22, 142, 7559 }, // U+1EF0
    { 18, 21, 17, 0, 16, 95, 7701 }, // U+1EF1
    { 17, 23, 17, 2, 23, 98, 7796 }, // U+1EF2
    { 17, 23, 13, -3, 18, 98, 7894 }, // U+1EF3
    { 17, 21, 17, 2, 16, 90, 7992 }, // U+1EF4
    { 17, 17, 13, -3, 12, 73, 8082 }, // U+1EF5
    { 17, 24, 17, 2, 24, 102, 8155 }, // U+1EF6
    { 17, 25, 13, -3, 20, 107, 8257 }, // U+1EF7
    { 17, 22, 17, 2, 22, 94, 8364 }, // U+1EF8
    { 17, 23, 13, -3, 18, 98, 8458 }, // U+1EF9
    { 0, 0, 13, 0, 0, 0, 0 }, // U+2000
    { 0, 0, 25, 0, 0, 0, 0 }, // U+2001
    { 0, 0, 13, 0, 0, 0, 0 }, // U+2002
    { 0, 0, 25, 0, 0, 0, 0 }, // U+2003
    { 0, 0, 8, 0, 0, 0, 0 }, // U+2004
    { 0, 0, 6, 0, 0, 0, 0 }, // U+2005
    { 0, 0, 4, 0, 0, 0, 0 }, // U+2006
    { 0, 0, 15, 0, 0, 0, 0 }, // U+2007
    { 0, 0, 8, 0, 0, 0, 0 }, // U+2008
    { 0, 0, 5, 0, 0, 0, 0 }, // U+2009
    { 0, 0, 1, 0, 0, 0, 0 }, // U+200A
    { 0, 0, 0, 0, 0, 0, 0 }, // U+200B
    { 0, 0, 0, 0, 0, 0, 0 }, // U+200C
    { 0, 0, 0, 0, 0, 0, 0 }, // U+200D
    { 0, 0, 0, 0, 0, 0, 0 }, // U+200E
    { 0, 0, 0, 0, 0, 0, 0 }, // U+200F
    { 8, 3, 8, 0, 8, 6, 0 }, // U+2010
    { 8, 3, 8, 0, 8, 6, 6 }, // U+2011
    { 15, 3, 15, 0, 8, 12, 12 }, // U+2012
    { 14, 3, 13, -1, 8, 11, 24 }, // U+2013
    { 27, 3, 25, -1, 8, 21, 35 }, // U+2014
    { 26, 3, 24, -1, 8, 20, 56 }, // U+2015
    { 8, 26, 13, 2, 20, 52, 76 }, // U+2016
    { 18, 6, 16, -3, -1, 27, 128 }, // U+2017
    { 6, 8, 7, 2, 18, 12, 155 }, // U+2018
    { 6, 8, 7, 2, 18, 12, 167 }, // U+2019
    { 6, 8, 7, -1, 3, 12, 179 }, // U+201A
    { 5, 8, 6, 2, 16, 10, 191 }, // U+201B
    { 11, 8, 12, 2, 18, 22, 201 }, // U+201C
    { 12, 8, 12, 2, 18, 24, 223 }, // U+201D
    { 12, 8, 12, -1, 3, 24, 247 }, // U+201E
    { 11, 8, 12, 2, 16, 22, 271 }, // U+201F
    { 14, 22, 13, 0, 19, 77, 293 }, // U+2020
    { 15, 23, 13, -1, 19, 87, 370 }, // U+2021
    { 7, 6, 8, 0, 11, 11, 457 }, // U+2022
    { 10, 11, 12, 1, 12, 28, 468 }, // U+2023
    { 5, 4, 8, 0, 4, 5, 496 }, // U+2024
    { 13, 4, 16, 0, 4, 13, 501 }, // U+2025
    { 21, 4, 25, 1, 4, 21, 514 }, // U+2026
    { 4, 3, 5, 0, 10, 3, 535 }, // U+2027
    { 0, 0, 0, 0, 0, 0, 538 }, // U+2028
    { 0, 0, 0, 0, 0, 0, 538 }, // U+2029
    { 0, 0, 0, 0, 0, 0, 538 }, // U+202A
    { 0, 0, 0, 0, 0, 0, 538 }, // U+202B
    { 0, 0, 0, 0, 0, 0, 538 }, // U+202C
    { 0, 0, 0, 0, 0, 0, 538 }, // U+202D
    { 0, 0, 0, 0, 0, 0, 538 }, // U+202E
    { 0, 0, 5, 0, 0, 0, 538 }, // U+202F
    { 29, 16, 30, 1, 16, 116, 538 }, // U+2030
    { 38, 16, 40, 1, 16, 152, 654 }, // U+2031
    { 8, 7, 8, 1, 16, 14, 806 }, // U+2032
    { 13, 7, 13, 1, 16, 23, 820 }, // U+2033
    { 18, 7, 18, 1, 16, 32, 843 }, // U+2034
    { 8, 7, 8, 1, 16, 14, 875 }, // U+2035
    { 13, 7, 13, 1, 16, 23, 889 }, // U+2036
    { 18, 7, 18, 1, 16, 32, 912 }, // U+2037
    { 7, 4, 6, 0, 1, 7, 944 }, // U+2038
    { 7, 12, 6, 0, 12, 21, 951 }, // U+2039
    { 8, 12, 6, -2, 12, 24, 972 }, // U+203A
    { 17, 14, 19, 1, 14, 60, 996 }, // U+203B
    { 14, 16, 15, 1, 16, 56, 1056 }, // U+203C
    { 11, 16, 13, 2, 16, 44, 1112 }, // U+203D
    { 15, 3, 13, 2, 21, 12, 1156 }, // U+203E
    { 9, 4, 8, -2, -1, 9, 1168 }, // U+203F
    { 9, 4, 8, 1, 18, 9, 1177 }, // U+2040
    { 10, 17, 11, 1, 12, 43, 1186 }, // U+2041
    { 22, 18, 25, 1, 17, 99, 1229 }, // U+2042
    { 18, 17, 13, -2, 17, 77, 1328 }, // U+2044
    { 13, 17, 14, 1, 12, 56, 1405 }, // U+204A
    { 15, 5, 25, 5, 10, 19, 1461 }, // U+2053
    { 23, 7, 23, 1, 16, 41, 1480 }, // U+2057
    { 0, 0, 0, 0, 0, 0, 1521 }, // U+2060
    { 0, 0, 0, 0, 0, 0, 1521 }, // U+2061
    { 0, 0, 0, 0, 0, 0, 1521 }, // U+2062
    { 0, 0, 0, 0, 0, 0, 1521 }, // U+2063
    { 0, 0, 0, 0, 0, 0, 1521 }, // U+206A
    { 0, 0, 0, 0, 0, 0, 1521 }, // U+206B
    { 0, 0, 0, 0, 0, 0, 1521 }, // U+206C
    { 0, 0, 0, 0, 0, 0, 1521 }, // U+206D
    { 0, 0, 0, 0, 0, 0, 1521 }, // U+206E
    { 0, 0, 0, 0, 0, 0, 1521 }, // U+206F
    { 10, 11, 10, 1, 20, 28, 0 }, // U+2070
    { 6, 12, 5, 1, 21, 18, 28 }, // U+2071
    { 10, 12, 10, 1, 21, 30, 46 }, // U+2074
    { 10, 10, 10, 1, 19, 25, 76 }, // U+2075
    { 9, 11, 10, 2, 20, 25, 101 }, // U+2076
    { 11, 10, 10, 1, 19, 28, 126 }, // U+2077
    { 10, 11, 10, 1, 20, 28, 154 }, // U+2078
    { 9, 12, 10, 2, 20, 27, 182 }, // U+2079
    { 6, 6, 6, 2, 18, 9, 209 }, // U+207A
    { 5, 2, 5, 2, 15, 3, 218 }, // U+207B
    { 8, 4, 7, 1, 17, 8, 221 }, // U+207C
    { 8, 13, 7, 2, 21, 26, 229 }, // U+207D
    { 8, 13, 7, 0, 21, 26, 255 }, // U+207E
    { 10, 8, 9, 1, 17, 20, 281 }, // U+207F
    { 10, 11, 10, -2, 5, 28, 301 }, // U+2080
    { 7, 11, 10, -1, 5, 20, 329 }, // U+2081
    { 10, 11, 10, -2, 5, 28, 349 }, // U+2082
    { 10, 11, 10, -2, 6, 28, 377 }, // U+2083
    { 10, 12, 10, -2, 6, 30, 405 }, // U+2084
    { 10, 11, 10, -2, 5, 28, 435 }, // U+2085
    { 9, 11, 10, -1, 5, 25, 463 }, // U+2086
    { 11, 11, 10, -2, 5, 31, 488 }, // U+2087
    { 10, 11, 10, -2, 5, 28, 519 }, // U+2088
    { 9, 12, 10, -1, 5, 27, 547 }, // U+2089
    { 7, 6, 6, -2, 3, 11, 574 }, // U+208A
    { 6, 3, 5, -2, 1, 5, 585 }, // U+208B
    { 8, 4, 7, -2, 2, 8, 590 }, // U+208C
    { 8, 13, 7, -1, 6, 26, 598 }, // U+208D
    { 8, 13, 7, -3, 6, 26, 624 }, // U+208E
    { 9, 9, 9, -1, 3, 21, 650 }, // U+2090
    { 7, 8, 8, -1, 2, 14, 671 }, // U+2091
    { 9, 8, 9, -1, 2, 18, 685 }, // U+2092
    { 10, 9, 9, -2, 3, 23, 703 }, // U+2093
    { 8, 8, 8, -2, 2, 16, 726 }, // U+2094
    { 10, 13, 9, -2, 7, 33, 742 }, // U+2095
    { 10, 12, 9, -2, 6, 30, 775 }, // U+2096
    { 5, 12, 5, -1, 6, 15, 805 }, // U+2097
    { 14, 8, 13, -2, 2, 28, 820 }, // U+2098
    { 10, 8, 9, -2, 2, 20, 848 }, // U+2099
    { 10, 11, 8, -3, 2, 28, 868 }, // U+209A
    { 7, 8, 6, -2, 2, 14, 896 }, // U+209B
    { 6, 10, 6, -1, 4, 15, 910 }, // U+209C
    { 14, 16, 15, 0, 16, 56, 0 }, // U+20A0
    { 15, 21, 15, 0, 18, 79, 56 }, // U+20A1
    { 14, 16, 15, 1, 16, 56, 135 }, // U+20A2
    { 17, 16, 15, -1, 16, 68, 191 }, // U+20A3
    { 17, 16, 15, -1, 16, 68, 259 }, // U+20A4
    { 16, 16, 15, 0, 14, 64, 327 }, // U+20A5
    { 16, 16, 15, -1, 16, 64, 391 }, // U+20A6
    { 28, 16, 27, -1, 16, 112, 455 }, // U+20A7
    { 25, 16, 24, -1, 16, 100, 567 }, // U+20A8
    { 16, 16, 15, 0, 16, 64, 667 }, // U+20A9
    { 12, 11, 13, 0, 11, 33, 731 }, // U+20AA
    { 16, 22, 14, 0, 18, 88, 764 }, // U+20AB
    { 17, 16, 15, -1, 16, 68, 852 }, // U+20AC
    { 17, 16, 15, -1, 16, 68, 920 }, // U+20AD
    { 15, 16, 15, 1, 16, 60, 988 }, // U+20AE
    { 19, 18, 19, 0, 14, 86, 1048 }, // U+20AF
    { 9, 17, 11, 1, 16, 39, 1134 }, // U+20B0
    { 17, 16, 15, -1, 16, 68, 1173 }, // U+20B1
    { 15, 21, 15, 0, 19, 79, 1241 }, // U+20B2
    { 16, 16, 16, -1, 16, 64, 1320 }, // U+20B3
    { 15, 16, 15, 0, 16, 60, 1384 }, // U+20B4
    { 15, 21, 15, 0, 18, 79, 1444 }, // U+20B5
    { 14, 18, 15, 1, 18, 63, 1523 }, // U+20B6
    { 15, 16, 15, 0, 16, 60, 1586 }, // U+20B7
    { 16, 16, 15, 0, 16, 64, 1646 }, // U+20B8
    { 14, 18, 15, 2, 18, 63, 1710 }, // U+20B9
    { 14, 16, 15, 0, 16, 56, 1773 }, // U+20BA
    { 18, 18, 18, 1, 18, 81, 1829 }, // U+20BB
    { 22, 19, 22, -1, 19, 105, 1910 }, // U+20BC
    { 16, 16, 15, -1, 16, 64, 2015 }, // U+20BD
    { 17, 18, 15, -1, 18, 77, 2079 }, // U+20BE
    { 15, 22, 15, -1, 19, 83, 2156 }, // U+20BF
    { 16, 16, 15, -1, 16, 64, 2239 }, // U+20C0
    { 23, 9, 25, 1, 12, 52, 0 }, // U+2190
    { 9, 22, 13, 2, 18, 50, 52 }, // U+2191
    { 23, 9, 25, 1, 12, 52, 102 }, // U+2192
    { 9, 22, 13, 2, 18, 50, 154 }, // U+2193
    { 23, 9, 25, 1, 12, 52, 204 }, // U+2194
    { 9, 22, 13, 2, 18, 50, 256 }, // U+2195
    { 17, 17, 25, 4, 16, 73, 306 }, // U+2196
    { 17, 17, 25, 4, 16, 73, 379 }, // U+2197
    { 17, 17, 25, 4, 16, 73, 452 }, // U+2198
    { 17, 17, 25, 4, 16, 73, 525 }, // U+2199
    { 22, 11, 24, 1, 13, 61, 598 }, // U+219A
    { 22, 10, 24, 1, 13, 55, 659 }, // U+219B
    { 13, 23, 13, 0, 17, 75, 714 }, // U+21A8
    { 23, 11, 25, 1, 13, 64, 789 }, // U+21AE
    { 20, 15, 20, 0, 17, 75, 853 }, // U+21B6
    { 19, 15, 20, 1, 17, 72, 928 }, // U+21B7
    { 19, 15, 20, 1, 14, 72, 1000 }, // U+21BA
    { 20, 15, 20, 0, 14, 75, 1072 }, // U+21BB
    { 23, 12, 25, 1, 14, 69, 1147 }, // U+21D0
    { 12, 23, 13, 0, 18, 69, 1216 }, // U+21D1
    { 23, 12, 25, 1, 14, 69, 1285 }, // U+21D2
    { 12, 23, 13, 0, 18, 69, 1354 }, // U+21D3
    { 23, 12, 25, 1, 14, 69, 1423 }, // U+21D4
    { 12, 23, 13, 0, 18, 69, 1492 }, // U+21D5
    { 13, 19, 13, 0, 18, 62, 0 }, // U+2202
    { 12, 17, 14, 1, 17, 51, 62 }, // U+2203
    { 12, 23, 14, 1, 20, 69, 113 }, // U+2204
    { 21, 21, 25, 2, 20, 111, 182 }, // U+2205
    { 16, 19, 16, 0, 19, 76, 293 }, // U+2206
    { 19, 18, 19, 0, 18, 86, 369 }, // U+220F
    { 16, 16, 14, -1, 16, 64, 455 }, // U+2211
    { 15, 2, 25, 5, 9, 8, 519 }, // U+2212
    { 16, 15, 24, 4, 14, 60, 527 }, // U+2213
    { 13, 19, 12, 0, 16, 62, 587 }, // U+2215
    { 4, 3, 5, 0, 10, 3, 649 }, // U+2219
    { 15, 18, 14, 0, 18, 68, 652 }, // U+221A
    { 17, 9, 25, 4, 12, 39, 720 }, // U+221E
    { 13, 15, 13, 0, 13, 49, 759 }, // U+2221
    { 8, 27, 13, 2, 21, 54, 808 }, // U+2225
    { 13, 27, 13, 0, 21, 88, 862 }, // U+2226
    { 13, 11, 15, 1, 13, 36, 950 }, // U+2227
    { 12, 11, 15, 2, 13, 33, 986 }, // U+2228
    { 12, 24, 12, 0, 19, 72, 1019 }, // U+222B
    { 13, 11, 25, 6, 13, 36, 1091 }, // U+2234
    { 13, 11, 25, 6, 13, 36, 1127 }, // U+2235
    { 15, 5, 25, 5, 10, 19, 1163 }, // U+223C
    { 15, 9, 25, 5, 12, 34, 1182 }, // U+2248
    { 15, 14, 25, 5, 18, 53, 1216 }, // U+225F
    { 15, 12, 25, 5, 13, 45, 1269 }, // U+2260
    { 15, 8, 25, 5, 11, 30, 1314 }, // U+2261
    { 15, 14, 25, 5, 14, 53, 1344 }, // U+2262
    { 15, 15, 25, 5, 14, 57, 1397 }, // U+2264
    { 15, 15, 25, 5, 14, 57, 1454 }, // U+2265
    { 15, 17, 25, 5, 16, 64, 1511 }, // U+226E
    { 15, 17, 25, 5, 16, 64, 1575 }, // U+226F
    { 15, 16, 25, 5, 15, 60, 1639 }, // U+2282
    { 15, 16, 25, 5, 15, 60, 1699 }, // U+2283
    { 15, 19, 25, 5, 17, 72, 1759 }, // U+2284
    { 15, 19, 25, 5, 17, 72, 1831 }, // U+2285
    { 15, 19, 25, 5, 18, 72, 1903 }, // U+2286
    { 15, 19, 25, 5, 18, 72, 1975 }, // U+2287
    { 13, 14, 15, 1, 13, 46, 2047 }, // U+22BB
    { 13, 14, 15, 1, 17, 46, 2093 }, // U+22BC
    { 13, 14, 15, 2, 17, 46, 2139 }, // U+22BD
    { 25, 23, 17, -4, 18, 144, 0 }, // U+FB00
    { 21, 23, 16, -4, 18, 121, 144 }, // U+FB01
    { 20, 23, 16, -4, 18, 115, 265 }, // U+FB02
    { 29, 23, 25, -4, 18, 167, 380 }, // U+FB03
    { 29, 23, 25, -4, 18, 167, 547 }, // U+FB04
    { 24, 24, 24, 0, 21, 144, 0 }, // U+FFFD
};

static const EpdUnicodeInterval chareink_12_italicIntervals[] = {
    { 0x20, 0x7E, 0x0 },
    { 0xA0, 0xFF, 0x5F },
    { 0x100, 0x148, 0xBF },
    { 0x14A, 0x17F, 0x108 },
    { 0x1A0, 0x1A1, 0x13E },
    { 0x1AF, 0x1B0, 0x140 },
    { 0x1C4, 0x21F, 0x142 },
    { 0x300, 0x33F, 0x19E },
    { 0x346, 0x36F, 0x1DE },
    { 0x400, 0x45F, 0x208 },
    { 0x462, 0x463, 0x268 },
    { 0x472, 0x475, 0x26A },
    { 0x48A, 0x4FF, 0x26E },
    { 0x1EA0, 0x1EF9, 0x2E4 },
    { 0x2000, 0x2042, 0x33E },
    { 0x2044, 0x2044, 0x381 },
    { 0x204A, 0x204A, 0x382 },
    { 0x2053, 0x2053, 0x383 },
    { 0x2057, 0x2057, 0x384 },
    { 0x2060, 0x2063, 0x385 },
    { 0x206A, 0x206F, 0x389 },
    { 0x2070, 0x2071, 0x38F },
    { 0x2074, 0x208E, 0x391 },
    { 0x2090, 0x209C, 0x3AC },
    { 0x20A0, 0x20C0, 0x3B9 },
    { 0x2190, 0x219B, 0x3DA },
    { 0x21A8, 0x21A8, 0x3E6 },
    { 0x21AE, 0x21AE, 0x3E7 },
    { 0x21B6, 0x21B7, 0x3E8 },
    { 0x21BA, 0x21BB, 0x3EA },
    { 0x21D0, 0x21D5, 0x3EC },
    { 0x2202, 0x2206, 0x3F2 },
    { 0x220F, 0x220F, 0x3F7 },
    { 0x2211, 0x2213, 0x3F8 },
    { 0x2215, 0x2215, 0x3FB },
    { 0x2219, 0x221A, 0x3FC },
    { 0x221E, 0x221E, 0x3FE },
    { 0x2221, 0x2221, 0x3FF },
    { 0x2225, 0x2228, 0x400 },
    { 0x222B, 0x222B, 0x404 },
    { 0x2234, 0x2235, 0x405 },
    { 0x223C, 0x223C, 0x407 },
    { 0x2248, 0x2248, 0x408 },
    { 0x225F, 0x2262, 0x409 },
    { 0x2264, 0x2265, 0x40D },
    { 0x226E, 0x226F, 0x40F },
    { 0x2282, 0x2287, 0x411 },
    { 0x22BB, 0x22BD, 0x417 },
    { 0xFB00, 0xFB04, 0x41A },
    { 0xFFFD, 0xFFFD, 0x41F },
};

static const EpdFontGroup chareink_12_italicGroups[] = {
    { 0, 3086, 5199, 95, 0 },
    { 3086, 3052, 6270, 96, 95 },
    { 6138, 4655, 9790, 127, 191 },
    { 10793, 4159, 8800, 96, 318 },
    { 14952, 1054, 1513, 106, 414 },
    { 16006, 7823, 17405, 220, 520 },
    { 23829, 2994, 8556, 90, 740 },
    { 26823, 980, 1521, 81, 830 },
    { 27803, 660, 925, 42, 911 },
    { 28463, 1591, 2303, 33, 953 },
    { 30054, 722, 1561, 24, 986 },
    { 30776, 1213, 2185, 40, 1010 },
    { 31989, 376, 714, 5, 1050 },
    { 32365, 120, 144, 1, 1055 },
};

static const EpdKernClassEntry chareink_12_italicKernLeftClasses[] = {
    { 0x0022, 1 }, // "
    { 0x0027, 1 }, // '
    { 0x0028, 2 }, // (
    { 0x002C, 3 }, // ,
    { 0x002E, 3 }, // .
    { 0x0041, 4 }, // A
    { 0x0044, 5 }, // D
    { 0x0046, 6 }, // F
    { 0x004B, 7 }, // K
    { 0x004C, 8 }, // L
    { 0x004F, 5 }, // O
    { 0x0050, 6 }, // P
    { 0x0051, 5 }, // Q
    { 0x0052, 9 }, // R
    { 0x0054, 10 }, // T
    { 0x0055, 11 }, // U
    { 0x0056, 12 }, // V
    { 0x0057, 13 }, // W
    { 0x0058, 7 }, // X
    { 0x0059, 12 }, // Y
    { 0x005B, 2 }, // [
    { 0x0061, 14 }, // a
    { 0x0062, 15 }, // b
    { 0x0063, 16 }, // c
    { 0x0065, 16 }, // e
    { 0x0066, 17 }, // f
    { 0x0067, 18 }, // g
    { 0x0068, 14 }, // h
    { 0x006B, 19 }, // k
    { 0x006D, 14 }, // m
    { 0x006E, 14 }, // n
    { 0x006F, 15 }, // o
    { 0x0070, 15 }, // p
    { 0x0071, 18 }, // q
    { 0x0072, 20 }, // r
    { 0x0073, 16 }, // s
    { 0x0074, 16 }, // t
    { 0x0075, 14 }, // u
    { 0x0076, 21 }, // v
    { 0x0077, 21 }, // w
    { 0x0078, 19 }, // x
    { 0x0079, 21 }, // y
    { 0x007A, 16 }, // z
    { 0x007B, 2 }, // {
    { 0x00C0, 4 }, // U+00C0
    { 0x00C1, 4 }, // U+00C1
    { 0x00C2, 4 }, // U+00C2
    { 0x00C3, 4 }, // U+00C3
    { 0x00C4, 4 }, // U+00C4
    { 0x00C5, 4 }, // U+00C5
    { 0x00D0, 5 }, // U+00D0
    { 0x00D2, 5 }, // U+00D2
    { 0x00D3, 5 }, // U+00D3
    { 0x00D4, 5 }, // U+00D4
    { 0x00D5, 5 }, // U+00D5
    { 0x00D6, 5 }, // U+00D6
    { 0x00D9, 11 }, // U+00D9
    { 0x00DA, 11 }, // U+00DA
    { 0x00DB, 11 }, // U+00DB
    { 0x00DC, 11 }, // U+00DC
    { 0x00DD, 12 }, // U+00DD
    { 0x00DE, 5 }, // U+00DE
    { 0x00E0, 14 }, // U+00E0
    { 0x00E1, 14 }, // U+00E1
    { 0x00E2, 14 }, // U+00E2
    { 0x00E3, 14 }, // U+00E3
    { 0x00E4, 14 }, // U+00E4
    { 0x00E5, 14 }, // U+00E5
    { 0x00E6, 16 }, // U+00E6
    { 0x00E7, 16 }, // U+00E7
    { 0x00EE, 22 }, // U+00EE
    { 0x00EF, 22 }, // U+00EF
    { 0x00F1, 14 }, // U+00F1
    { 0x00F2, 23 }, // U+00F2
    { 0x00F3, 23 }, // U+00F3
    { 0x00F4, 23 }, // U+00F4
    { 0x00F5, 23 }, // U+00F5
    { 0x00F6, 23 }, // U+00F6
    { 0x00F8, 16 }, // U+00F8
    { 0x00F9, 14 }, // U+00F9
    { 0x00FA, 14 }, // U+00FA
    { 0x00FB, 14 }, // U+00FB
    { 0x00FC, 14 }, // U+00FC
    { 0x00FD, 21 }, // U+00FD
    { 0x00FE, 15 }, // U+00FE
    { 0x00FF, 21 }, // U+00FF
    { 0x0100, 4 }, // U+0100
    { 0x0101, 14 }, // U+0101
    { 0x0102, 4 }, // U+0102
    { 0x0103, 14 }, // U+0103
    { 0x0104, 4 }, // U+0104
    { 0x0105, 14 }, // U+0105
    { 0x0107, 16 }, // U+0107
    { 0x0109, 16 }, // U+0109
    { 0x010B, 16 }, // U+010B
    { 0x010D, 16 }, // U+010D
    { 0x010E, 5 }, // U+010E
    { 0x010F, 24 }, // U+010F
    { 0x0110, 5 }, // U+0110
    { 0x0119, 16 }, // U+0119
    { 0x011D, 18 }, // U+011D
    { 0x011F, 18 }, // U+011F
    { 0x0121, 18 }, // U+0121
    { 0x0123, 18 }, // U+0123
    { 0x0125, 14 }, // U+0125
    { 0x0127, 14 }, // U+0127
    { 0x0129, 22 }, // U+0129
    { 0x012B, 22 }, // U+012B
    { 0x012D, 22 }, // U+012D
    { 0x0136, 7 }, // U+0136
    { 0x0137, 19 }, // U+0137
    { 0x0138, 16 }, // U+0138
    { 0x0139, 8 }, // U+0139
    { 0x013B, 8 }, // U+013B
    { 0x013D, 25 }, // U+013D
    { 0x013E, 26 }, // U+013E
    { 0x0141, 8 }, // U+0141
    { 0x0144, 14 }, // U+0144
    { 0x0146, 18 }, // U+0146
    { 0x0148, 14 }, // U+0148
    { 0x014B, 18 }, // U+014B
    { 0x014C, 5 }, // U+014C
    { 0x014D, 23 }, // U+014D
    { 0x014E, 5 }, // U+014E
    { 0x014F, 23 }, // U+014F
    { 0x0150, 5 }, // U+0150
    { 0x0151, 23 }, // U+0151
    { 0x0153, 16 }, // U+0153
    { 0x0154, 9 }, // U+0154
    { 0x0155, 20 }, // U+0155
    { 0x0156, 9 }, // U+0156
    { 0x0157, 20 }, // U+0157
    { 0x0158, 9 }, // U+0158
    { 0x0159, 20 }, // U+0159
    { 0x015B, 16 }, // U+015B
    { 0x015D, 16 }, // U+015D
    { 0x015F, 18 }, // U+015F
    { 0x0161, 16 }, // U+0161
    { 0x0162, 10 }, // U+0162
    { 0x0163, 18 }, // U+0163
    { 0x0164, 10 }, // U+0164
    { 0x0165, 27 }, // U+0165
    { 0x0166, 10 }, // U+0166
    { 0x0167, 16 }, // U+0167
    { 0x0168, 11 }, // U+0168
    { 0x0169, 14 }, // U+0169
    { 0x016A, 11 }, // U+016A
    { 0x016B, 14 }, // U+016B
    { 0x016C, 11 }, // U+016C
    { 0x016D, 14 }, // U+016D
    { 0x016E, 11 }, // U+016E
    { 0x016F, 14 }, // U+016F
    { 0x0170, 11 }, // U+0170
    { 0x0171, 14 }, // U+0171
    { 0x0172, 11 }, // U+0172
    { 0x0173, 18 }, // U+0173
    { 0x0174, 13 }, // U+0174
    { 0x0175, 21 }, // U+0175
    { 0x0176, 12 }, // U+0176
    { 0x0177, 21 }, // U+0177
    { 0x0178, 12 }, // U+0178
    { 0x017A, 16 }, // U+017A
    { 0x017C, 16 }, // U+017C
    { 0x017E, 16 }, // U+017E
    { 0x017F, 17 }, // U+017F
    { 0x01A0, 5 }, // U+01A0
    { 0x01A1, 28 }, // U+01A1
    { 0x01AF, 10 }, // U+01AF
    { 0x01B0, 28 }, // U+01B0
    { 0x01C5, 16 }, // U+01C5
    { 0x01C6, 16 }, // U+01C6
    { 0x01C9, 18 }, // U+01C9
    { 0x01CD, 4 }, // U+01CD
    { 0x01CE, 14 }, // U+01CE
    { 0x01D0, 22 }, // U+01D0
    { 0x01D1, 5 }, // U+01D1
    { 0x01D2, 23 }, // U+01D2
    { 0x01D3, 11 }, // U+01D3
    { 0x01D4, 14 }, // U+01D4
    { 0x01D5, 11 }, // U+01D5
    { 0x01D6, 14 }, // U+01D6
    { 0x01D7, 11 }, // U+01D7
    { 0x01D8, 14 }, // U+01D8
    { 0x01D9, 11 }, // U+01D9
    { 0x01DA, 14 }, // U+01DA
    { 0x01DB, 11 }, // U+01DB
    { 0x01DC, 14 }, // U+01DC
    { 0x01DD, 15 }, // U+01DD
    { 0x01DE, 4 }, // U+01DE
    { 0x01DF, 14 }, // U+01DF
    { 0x01E0, 4 }, // U+01E0
    { 0x01E1, 14 }, // U+01E1
    { 0x01E5, 18 }, // U+01E5
    { 0x01E7, 18 }, // U+01E7
    { 0x01E8, 7 }, // U+01E8
    { 0x01E9, 19 }, // U+01E9
    { 0x01EA, 5 }, // U+01EA
    { 0x01EB, 15 }, // U+01EB
    { 0x01EC, 5 }, // U+01EC
    { 0x01ED, 23 }, // U+01ED
    { 0x01EF, 18 }, // U+01EF
    { 0x01F2, 16 }, // U+01F2
    { 0x01F3, 16 }, // U+01F3
    { 0x01F5, 18 }, // U+01F5
    { 0x01F6, 5 }, // U+01F6
    { 0x01F7, 6 }, // U+01F7
    { 0x01F9, 14 }, // U+01F9
    { 0x01FA, 4 }, // U+01FA
    { 0x01FB, 14 }, // U+01FB
    { 0x0200, 4 }, // U+0200
    { 0x0201, 14 }, // U+0201
    { 0x0202, 4 }, // U+0202
    { 0x0203, 14 }, // U+0203
    { 0x020B, 22 }, // U+020B
    { 0x020C, 5 }, // U+020C
    { 0x020D, 23 }, // U+020D
    { 0x020E, 5 }, // U+020E
    { 0x020F, 23 }, // U+020F
    { 0x0210, 9 }, // U+0210
    { 0x0211, 20 }, // U+0211
    { 0x0212, 9 }, // U+0212
    { 0x0213, 20 }, // U+0213
    { 0x0214, 11 }, // U+0214
    { 0x0215, 14 }, // U+0215
    { 0x0216, 11 }, // U+0216
    { 0x0217, 14 }, // U+0217
    { 0x0219, 18 }, // U+0219
    { 0x021A, 10 }, // U+021A
    { 0x021B, 18 }, // U+021B
    { 0x021D, 18 }, // U+021D
    { 0x021F, 14 }, // U+021F
    { 0x0403, 10 }, // U+0403
    { 0x0409, 9 }, // U+0409
    { 0x040E, 12 }, // U+040E
    { 0x0410, 4 }, // U+0410
    { 0x0413, 10 }, // U+0413
    { 0x041E, 5 }, // U+041E
    { 0x0420, 6 }, // U+0420
    { 0x0422, 10 }, // U+0422
    { 0x0423, 12 }, // U+0423
    { 0x0424, 5 }, // U+0424
    { 0x0425, 7 }, // U+0425
    { 0x042A, 9 }, // U+042A
    { 0x042C, 9 }, // U+042C
    { 0x042D, 5 }, // U+042D
    { 0x042E, 5 }, // U+042E
    { 0x0430, 14 }, // U+0430
    { 0x0433, 16 }, // U+0433
    { 0x0434, 16 }, // U+0434
    { 0x0435, 16 }, // U+0435
    { 0x0436, 16 }, // U+0436
    { 0x0437, 14 }, // U+0437
    { 0x0438, 16 }, // U+0438
    { 0x0439, 16 }, // U+0439
    { 0x043A, 16 }, // U+043A
    { 0x043B, 16 }, // U+043B
    { 0x043C, 16 }, // U+043C
    { 0x043D, 16 }, // U+043D
    { 0x043E, 15 }, // U+043E
    { 0x043F, 16 }, // U+043F
    { 0x0440, 15 }, // U+0440
    { 0x0441, 16 }, // U+0441
    { 0x0442, 16 }, // U+0442
    { 0x0443, 21 }, // U+0443
    { 0x0444, 15 }, // U+0444
    { 0x0445, 19 }, // U+0445
    { 0x0446, 16 }, // U+0446
    { 0x0447, 16 }, // U+0447
    { 0x0448, 16 }, // U+0448
    { 0x0449, 16 }, // U+0449
    { 0x044A, 29 }, // U+044A
    { 0x044C, 29 }, // U+044C
    { 0x044D, 15 }, // U+044D
    { 0x044E, 15 }, // U+044E
    { 0x0452, 14 }, // U+0452
    { 0x0453, 16 }, // U+0453
    { 0x0454, 16 }, // U+0454
    { 0x0455, 16 }, // U+0455
    { 0x0457, 17 }, // U+0457
    { 0x0459, 29 }, // U+0459
    { 0x045A, 29 }, // U+045A
    { 0x045B, 14 }, // U+045B
    { 0x045C, 16 }, // U+045C
    { 0x045D, 16 }, // U+045D
    { 0x045E, 21 }, // U+045E
    { 0x045F, 16 }, // U+045F
    { 0x0472, 5 }, // U+0472
    { 0x0473, 15 }, // U+0473
    { 0x0475, 16 }, // U+0475
    { 0x048B, 16 }, // U+048B
    { 0x048C, 9 }, // U+048C
    { 0x048D, 29 }, // U+048D
    { 0x048E, 6 }, // U+048E
    { 0x0490, 10 }, // U+0490
    { 0x0491, 16 }, // U+0491
    { 0x0492, 10 }, // U+0492
    { 0x0493, 16 }, // U+0493
    { 0x0495, 16 }, // U+0495
    { 0x0497, 16 }, // U+0497
    { 0x0499, 14 }, // U+0499
    { 0x049B, 16 }, // U+049B
    { 0x049D, 16 }, // U+049D
    { 0x049F, 16 }, // U+049F
    { 0x04A1, 16 }, // U+04A1
    { 0x04A3, 16 }, // U+04A3
    { 0x04A5, 16 }, // U+04A5
    { 0x04A7, 29 }, // U+04A7
    { 0x04AB, 16 }, // U+04AB
    { 0x04AC, 10 }, // U+04AC
    { 0x04AD, 16 }, // U+04AD
    { 0x04AE, 12 }, // U+04AE
    { 0x04AF, 21 }, // U+04AF
    { 0x04B0, 12 }, // U+04B0
    { 0x04B1, 21 }, // U+04B1
    { 0x04B2, 7 }, // U+04B2
    { 0x04B3, 19 }, // U+04B3
    { 0x04B5, 16 }, // U+04B5
    { 0x04B7, 16 }, // U+04B7
    { 0x04B9, 16 }, // U+04B9
    { 0x04BB, 14 }, // U+04BB
    { 0x04BC, 5 }, // U+04BC
    { 0x04BD, 16 }, // U+04BD
    { 0x04BE, 5 }, // U+04BE
    { 0x04BF, 16 }, // U+04BF
    { 0x04C2, 16 }, // U+04C2
    { 0x04C4, 16 }, // U+04C4
    { 0x04C6, 16 }, // U+04C6
    { 0x04C8, 16 }, // U+04C8
    { 0x04CA, 16 }, // U+04CA
    { 0x04CC, 16 }, // U+04CC
    { 0x04CE, 16 }, // U+04CE
    { 0x04D0, 4 }, // U+04D0
    { 0x04D1, 14 }, // U+04D1
    { 0x04D2, 4 }, // U+04D2
    { 0x04D3, 14 }, // U+04D3
    { 0x04D5, 16 }, // U+04D5
    { 0x04D8, 5 }, // U+04D8
    { 0x04D9, 15 }, // U+04D9
    { 0x04DA, 5 }, // U+04DA
    { 0x04DB, 23 }, // U+04DB
    { 0x04DD, 16 }, // U+04DD
    { 0x04E1, 18 }, // U+04E1
    { 0x04E3, 16 }, // U+04E3
    { 0x04E5, 16 }, // U+04E5
    { 0x04E6, 5 }, // U+04E6
    { 0x04E7, 23 }, // U+04E7
    { 0x04E8, 5 }, // U+04E8
    { 0x04E9, 15 }, // U+04E9
    { 0x04EA, 5 }, // U+04EA
    { 0x04EB, 23 }, // U+04EB
    { 0x04EC, 5 }, // U+04EC
    { 0x04ED, 23 }, // U+04ED
    { 0x04EE, 12 }, // U+04EE
    { 0x04EF, 21 }, // U+04EF
    { 0x04F0, 12 }, // U+04F0
    { 0x04F1, 21 }, // U+04F1
    { 0x04F2, 12 }, // U+04F2
    { 0x04F3, 21 }, // U+04F3
    { 0x04F5, 16 }, // U+04F5
    { 0x04F6, 10 }, // U+04F6
    { 0x04F7, 16 }, // U+04F7
    { 0x04FA, 10 }, // U+04FA
    { 0x04FB, 16 }, // U+04FB
    { 0x04FC, 7 }, // U+04FC
    { 0x04FD, 19 }, // U+04FD
    { 0x04FE, 7 }, // U+04FE
    { 0x04FF, 19 }, // U+04FF
    { 0x1EA0, 4 }, // U+1EA0
    { 0x1EA1, 14 }, // U+1EA1
    { 0x1EA2, 4 }, // U+1EA2
    { 0x1EA3, 14 }, // U+1EA3
    { 0x1EA4, 4 }, // U+1EA4
    { 0x1EA5, 14 }, // U+1EA5
    { 0x1EA6, 4 }, // U+1EA6
    { 0x1EA7, 14 }, // U+1EA7
    { 0x1EA8, 4 }, // U+1EA8
    { 0x1EA9, 14 }, // U+1EA9
    { 0x1EAA, 4 }, // U+1EAA
    { 0x1EAB, 14 }, // U+1EAB
    { 0x1EAC, 4 }, // U+1EAC
    { 0x1EAD, 14 }, // U+1EAD
    { 0x1EAE, 4 }, // U+1EAE
    { 0x1EAF, 14 }, // U+1EAF
    { 0x1EB0, 4 }, // U+1EB0
    { 0x1EB1, 14 }, // U+1EB1
    { 0x1EB2, 4 }, // U+1EB2
    { 0x1EB3, 14 }, // U+1EB3
    { 0x1EB4, 4 }, // U+1EB4
    { 0x1EB5, 14 }, // U+1EB5
    { 0x1EB6, 4 }, // U+1EB6
    { 0x1EB7, 14 }, // U+1EB7
    { 0x1EB9, 16 }, // U+1EB9
    { 0x1ECC, 5 }, // U+1ECC
    { 0x1ECD, 15 }, // U+1ECD
    { 0x1ECE, 5 }, // U+1ECE
    { 0x1ECF, 23 }, // U+1ECF
    { 0x1ED0, 5 }, // U+1ED0
    { 0x1ED1, 23 }, // U+1ED1
    { 0x1ED2, 5 }, // U+1ED2
    { 0x1ED3, 23 }, // U+1ED3
    { 0x1ED4, 5 }, // U+1ED4
    { 0x1ED5, 23 }, // U+1ED5
    { 0x1ED6, 5 }, // U+1ED6
    { 0x1ED7, 23 }, // U+1ED7
    { 0x1ED8, 5 }, // U+1ED8
    { 0x1ED9, 23 }, // U+1ED9
    { 0x1EE4, 11 }, // U+1EE4
    { 0x1EE5, 18 }, // U+1EE5
    { 0x1EE6, 11 }, // U+1EE6
    { 0x1EE7, 14 }, // U+1EE7
    { 0x1EF2, 12 }, // U+1EF2
    { 0x1EF3, 21 }, // U+1EF3
    { 0x1EF4, 12 }, // U+1EF4
    { 0x1EF5, 18 }, // U+1EF5
    { 0x1EF6, 12 }, // U+1EF6
    { 0x1EF7, 21 }, // U+1EF7
    { 0x1EF8, 12 }, // U+1EF8
    { 0x1EF9, 21 }, // U+1EF9
    { 0x2018, 1 }, // U+2018
    { 0x2019, 1 }, // U+2019
    { 0x201A, 3 }, // U+201A
    { 0x201C, 1 }, // U+201C
    { 0x201D, 1 }, // U+201D
    { 0x201E, 3 }, // U+201E
    { 0x2026, 3 }, // U+2026
    { 0xFB00, 17 }, // U+FB00
};

static const EpdKernClassEntry chareink_12_italicKernRightClasses[] = {
    { 0x0022, 1 }, // "
    { 0x0027, 1 }, // '
    { 0x0029, 2 }, // )
    { 0x002C, 3 }, // ,
    { 0x002E, 3 }, // .
    { 0x003A, 4 }, // :
    { 0x003B, 4 }, // ;
    { 0x0041, 5 }, // A
    { 0x0043, 6 }, // C
    { 0x0047, 6 }, // G
    { 0x004F, 6 }, // O
    { 0x0051, 6 }, // Q
    { 0x0054, 7 }, // T
    { 0x0055, 8 }, // U
    { 0x0056, 9 }, // V
    { 0x0057, 10 }, // W
    { 0x0058, 11 }, // X
    { 0x0059, 9 }, // Y
    { 0x005D, 2 }, // ]
    { 0x0061, 12 }, // a
    { 0x0062, 13 }, // b
    { 0x0063, 14 }, // c
    { 0x0064, 14 }, // d
    { 0x0065, 14 }, // e
    { 0x0066, 4 }, // f
    { 0x0067, 15 }, // g
    { 0x0068, 13 }, // h
    { 0x006A, 16 }, // j
    { 0x006B, 13 }, // k
    { 0x006C, 13 }, // l
    { 0x006D, 17 }, // m
    { 0x006E, 17 }, // n
    { 0x006F, 14 }, // o
    { 0x0070, 4 }, // p
    { 0x0071, 14 }, // q
    { 0x0072, 17 }, // r
    { 0x0073, 12 }, // s
    { 0x0074, 4 }, // t
    { 0x0075, 17 }, // u
    { 0x0076, 18 }, // v
    { 0x0077, 18 }, // w
    { 0x0078, 19 }, // x
    { 0x0079, 18 }, // y
    { 0x007A, 17 }, // z
    { 0x007D, 2 }, // }
    { 0x00C0, 5 }, // U+00C0
    { 0x00C1, 5 }, // U+00C1
    { 0x00C2, 5 }, // U+00C2
    { 0x00C3, 5 }, // U+00C3
    { 0x00C4, 5 }, // U+00C4
    { 0x00C5, 5 }, // U+00C5
    { 0x00C6, 5 }, // U+00C6
    { 0x00C7, 6 }, // U+00C7
    { 0x00D2, 6 }, // U+00D2
    { 0x00D3, 6 }, // U+00D3
    { 0x00D4, 6 }, // U+00D4
    { 0x00D5, 6 }, // U+00D5
    { 0x00D6, 6 }, // U+00D6
    { 0x00D9, 8 }, // U+00D9
    { 0x00DA, 8 }, // U+00DA
    { 0x00DB, 8 }, // U+00DB
    { 0x00DC, 8 }, // U+00DC
    { 0x00DD, 9 }, // U+00DD
    { 0x00E0, 20 }, // U+00E0
    { 0x00E1, 20 }, // U+00E1
    { 0x00E2, 20 }, // U+00E2
    { 0x00E3, 20 }, // U+00E3
    { 0x00E4, 20 }, // U+00E4
    { 0x00E5, 20 }, // U+00E5
    { 0x00E6, 12 }, // U+00E6
    { 0x00E7, 14 }, // U+00E7
    { 0x00E8, 21 }, // U+00E8
    { 0x00E9, 21 }, // U+00E9
    { 0x00EA, 21 }, // U+00EA
    { 0x00EB, 21 }, // U+00EB
    { 0x00EE, 22 }, // U+00EE
    { 0x00EF, 22 }, // U+00EF
    { 0x00F0, 14 }, // U+00F0
    { 0x00F1, 17 }, // U+00F1
    { 0x00F2, 21 }, // U+00F2
    { 0x00F3, 21 }, // U+00F3
    { 0x00F4, 21 }, // U+00F4
    { 0x00F5, 21 }, // U+00F5
    { 0x00F6, 21 }, // U+00F6
    { 0x00F8, 17 }, // U+00F8
    { 0x00F9, 17 }, // U+00F9
    { 0x00FA, 17 }, // U+00FA
    { 0x00FB, 17 }, // U+00FB
    { 0x00FC, 17 }, // U+00FC
    { 0x00FD, 18 }, // U+00FD
    { 0x00FE, 13 }, // U+00FE
    { 0x00FF, 18 }, // U+00FF
    { 0x0100, 5 }, // U+0100
    { 0x0101, 20 }, // U+0101
    { 0x0102, 5 }, // U+0102
    { 0x0103, 20 }, // U+0103
    { 0x0104, 5 }, // U+0104
    { 0x0105, 15 }, // U+0105
    { 0x0106, 6 }, // U+0106
    { 0x0107, 21 }, // U+0107
    { 0x0108, 6 }, // U+0108
    { 0x0109, 21 }, // U+0109
    { 0x010A, 6 }, // U+010A
    { 0x010B, 21 }, // U+010B
    { 0x010C, 6 }, // U+010C
    { 0x010D, 21 }, // U+010D
    { 0x010F, 14 }, // U+010F
    { 0x0111, 14 }, // U+0111
    { 0x0113, 21 }, // U+0113
    { 0x0115, 21 }, // U+0115
    { 0x0117, 21 }, // U+0117
    { 0x0119, 23 }, // U+0119
    { 0x011B, 21 }, // U+011B
    { 0x011C, 6 }, // U+011C
    { 0x011D, 20 }, // U+011D
    { 0x011E, 6 }, // U+011E
    { 0x011F, 20 }, // U+011F
    { 0x0120, 6 }, // U+0120
    { 0x0121, 20 }, // U+0121
    { 0x0122, 6 }, // U+0122
    { 0x0123, 20 }, // U+0123
    { 0x0125, 13 }, // U+0125
    { 0x0127, 13 }, // U+0127
    { 0x0129, 22 }, // U+0129
    { 0x012B, 22 }, // U+012B
    { 0x012D, 22 }, // U+012D
    { 0x0135, 16 }, // U+0135
    { 0x0137, 13 }, // U+0137
    { 0x0138, 17 }, // U+0138
    { 0x013A, 13 }, // U+013A
    { 0x013C, 13 }, // U+013C
    { 0x013E, 13 }, // U+013E
    { 0x0140, 13 }, // U+0140
    { 0x0142, 13 }, // U+0142
    { 0x0144, 17 }, // U+0144
    { 0x0146, 17 }, // U+0146
    { 0x0148, 17 }, // U+0148
    { 0x014B, 4 }, // U+014B
    { 0x014C, 6 }, // U+014C
    { 0x014D, 21 }, // U+014D
    { 0x014E, 6 }, // U+014E
    { 0x014F, 21 }, // U+014F
    { 0x0150, 6 }, // U+0150
    { 0x0151, 21 }, // U+0151
    { 0x0152, 6 }, // U+0152
    { 0x0153, 14 }, // U+0153
    { 0x0155, 17 }, // U+0155
    { 0x0157, 4 }, // U+0157
    { 0x0159, 17 }, // U+0159
    { 0x015B, 20 }, // U+015B
    { 0x015D, 20 }, // U+015D
    { 0x015F, 15 }, // U+015F
    { 0x0161, 20 }, // U+0161
    { 0x0162, 7 }, // U+0162
    { 0x0163, 4 }, // U+0163
    { 0x0164, 7 }, // U+0164
    { 0x0165, 4 }, // U+0165
    { 0x0166, 7 }, // U+0166
    { 0x0168, 8 }, // U+0168
    { 0x0169, 17 }, // U+0169
    { 0x016A, 8 }, // U+016A
    { 0x016B, 17 }, // U+016B
    { 0x016C, 8 }, // U+016C
    { 0x016D, 17 }, // U+016D
    { 0x016E, 8 }, // U+016E
    { 0x016F, 17 }, // U+016F
    { 0x0170, 8 }, // U+0170
    { 0x0171, 17 }, // U+0171
    { 0x0172, 8 }, // U+0172
    { 0x0173, 17 }, // U+0173
    { 0x0174, 10 }, // U+0174
    { 0x0175, 18 }, // U+0175
    { 0x0176, 9 }, // U+0176
    { 0x0177, 18 }, // U+0177
    { 0x0178, 9 }, // U+0178
    { 0x017A, 17 }, // U+017A
    { 0x017C, 17 }, // U+017C
    { 0x017E, 17 }, // U+017E
    { 0x017F, 13 }, // U+017F
    { 0x01A0, 6 }, // U+01A0
    { 0x01A1, 14 }, // U+01A1
    { 0x01AF, 8 }, // U+01AF
    { 0x01B0, 17 }, // U+01B0
    { 0x01C6, 14 }, // U+01C6
    { 0x01C9, 13 }, // U+01C9
    { 0x01CC, 17 }, // U+01CC
    { 0x01CD, 5 }, // U+01CD
    { 0x01CE, 20 }, // U+01CE
    { 0x01D0, 22 }, // U+01D0
    { 0x01D1, 6 }, // U+01D1
    { 0x01D2, 21 }, // U+01D2
    { 0x01D3, 8 }, // U+01D3
    { 0x01D4, 17 }, // U+01D4
    { 0x01D5, 8 }, // U+01D5
    { 0x01D6, 17 }, // U+01D6
    { 0x01D7, 8 }, // U+01D7
    { 0x01D8, 17 }, // U+01D8
    { 0x01D9, 8 }, // U+01D9
    { 0x01DA, 17 }, // U+01DA
    { 0x01DB, 8 }, // U+01DB
    { 0x01DC, 17 }, // U+01DC
    { 0x01DD, 14 }, // U+01DD
    { 0x01DE, 5 }, // U+01DE
    { 0x01DF, 20 }, // U+01DF
    { 0x01E0, 5 }, // U+01E0
    { 0x01E1, 20 }, // U+01E1
    { 0x01E2, 5 }, // U+01E2
    { 0x01E3, 20 }, // U+01E3
    { 0x01E4, 6 }, // U+01E4
    { 0x01E5, 15 }, // U+01E5
    { 0x01E6, 6 }, // U+01E6
    { 0x01E7, 20 }, // U+01E7
    { 0x01E9, 13 }, // U+01E9
    { 0x01EA, 6 }, // U+01EA
    { 0x01EB, 23 }, // U+01EB
    { 0x01EC, 6 }, // U+01EC
    { 0x01ED, 21 }, // U+01ED
    { 0x01EF, 4 }, // U+01EF
    { 0x01F0, 16 }, // U+01F0
    { 0x01F3, 14 }, // U+01F3
    { 0x01F4, 6 }, // U+01F4
    { 0x01F5, 20 }, // U+01F5
    { 0x01F9, 17 }, // U+01F9
    { 0x01FA, 5 }, // U+01FA
    { 0x01FB, 20 }, // U+01FB
    { 0x01FC, 5 }, // U+01FC
    { 0x01FD, 20 }, // U+01FD
    { 0x0200, 5 }, // U+0200
    { 0x0201, 20 }, // U+0201
    { 0x0202, 5 }, // U+0202
    { 0x0203, 20 }, // U+0203
    { 0x0205, 21 }, // U+0205
    { 0x0207, 21 }, // U+0207
    { 0x020B, 22 }, // U+020B
    { 0x020C, 6 }, // U+020C
    { 0x020D, 21 }, // U+020D
    { 0x020E, 6 }, // U+020E
    { 0x020F, 21 }, // U+020F
    { 0x0211, 17 }, // U+0211
    { 0x0213, 17 }, // U+0213
    { 0x0214, 8 }, // U+0214
    { 0x0215, 17 }, // U+0215
    { 0x0216, 8 }, // U+0216
    { 0x0217, 17 }, // U+0217
    { 0x0219, 15 }, // U+0219
    { 0x021A, 7 }, // U+021A
    { 0x021B, 4 }, // U+021B
    { 0x021D, 4 }, // U+021D
    { 0x021F, 13 }, // U+021F
    { 0x0402, 7 }, // U+0402
    { 0x0404, 6 }, // U+0404
    { 0x040B, 7 }, // U+040B
    { 0x0410, 5 }, // U+0410
    { 0x0414, 5 }, // U+0414
    { 0x041B, 5 }, // U+041B
    { 0x041E, 6 }, // U+041E
    { 0x0421, 6 }, // U+0421
    { 0x0422, 7 }, // U+0422
    { 0x0424, 6 }, // U+0424
    { 0x0425, 11 }, // U+0425
    { 0x0430, 12 }, // U+0430
    { 0x0431, 13 }, // U+0431
    { 0x0432, 17 }, // U+0432
    { 0x0433, 17 }, // U+0433
    { 0x0434, 24 }, // U+0434
    { 0x0435, 14 }, // U+0435
    { 0x0436, 17 }, // U+0436
    { 0x0437, 17 }, // U+0437
    { 0x0438, 17 }, // U+0438
    { 0x0439, 17 }, // U+0439
    { 0x043A, 17 }, // U+043A
    { 0x043B, 24 }, // U+043B
    { 0x043C, 17 }, // U+043C
    { 0x043D, 17 }, // U+043D
    { 0x043E, 14 }, // U+043E
    { 0x043F, 17 }, // U+043F
    { 0x0440, 4 }, // U+0440
    { 0x0441, 14 }, // U+0441
    { 0x0442, 17 }, // U+0442
    { 0x0443, 18 }, // U+0443
    { 0x0444, 14 }, // U+0444
    { 0x0445, 19 }, // U+0445
    { 0x0446, 17 }, // U+0446
    { 0x0447, 17 }, // U+0447
    { 0x0448, 17 }, // U+0448
    { 0x0449, 17 }, // U+0449
    { 0x044B, 17 }, // U+044B
    { 0x044C, 17 }, // U+044C
    { 0x044D, 17 }, // U+044D
    { 0x044E, 17 }, // U+044E
    { 0x044F, 17 }, // U+044F
    { 0x0450, 21 }, // U+0450
    { 0x0451, 21 }, // U+0451
    { 0x0452, 13 }, // U+0452
    { 0x0453, 17 }, // U+0453
    { 0x0454, 14 }, // U+0454
    { 0x0455, 12 }, // U+0455
    { 0x0457, 13 }, // U+0457
    { 0x0458, 16 }, // U+0458
    { 0x0459, 24 }, // U+0459
    { 0x045A, 17 }, // U+045A
    { 0x045B, 13 }, // U+045B
    { 0x045C, 17 }, // U+045C
    { 0x045D, 17 }, // U+045D
    { 0x045E, 18 }, // U+045E
    { 0x045F, 17 }, // U+045F
    { 0x0472, 6 }, // U+0472
    { 0x0473, 14 }, // U+0473
    { 0x0474, 9 }, // U+0474
    { 0x0475, 18 }, // U+0475
    { 0x048B, 17 }, // U+048B
    { 0x048D, 17 }, // U+048D
    { 0x048F, 17 }, // U+048F
    { 0x0491, 17 }, // U+0491
    { 0x0493, 17 }, // U+0493
    { 0x0495, 17 }, // U+0495
    { 0x0497, 17 }, // U+0497
    { 0x0499, 17 }, // U+0499
    { 0x049B, 17 }, // U+049B
    { 0x049D, 17 }, // U+049D
    { 0x049F, 13 }, // U+049F
    { 0x04A1, 17 }, // U+04A1
    { 0x04A3, 17 }, // U+04A3
    { 0x04A5, 17 }, // U+04A5
    { 0x04A7, 17 }, // U+04A7
    { 0x04A8, 6 }, // U+04A8
    { 0x04A9, 14 }, // U+04A9
    { 0x04AA, 6 }, // U+04AA
    { 0x04AB, 14 }, // U+04AB
    { 0x04AC, 7 }, // U+04AC
    { 0x04AD, 17 }, // U+04AD
    { 0x04AE, 9 }, // U+04AE
    { 0x04AF, 18 }, // U+04AF
    { 0x04B0, 9 }, // U+04B0
    { 0x04B1, 18 }, // U+04B1
    { 0x04B2, 11 }, // U+04B2
    { 0x04B3, 19 }, // U+04B3
    { 0x04B4, 7 }, // U+04B4
    { 0x04B5, 17 }, // U+04B5
    { 0x04B7, 17 }, // U+04B7
    { 0x04B9, 17 }, // U+04B9
    { 0x04BB, 13 }, // U+04BB
    { 0x04C2, 17 }, // U+04C2
    { 0x04C4, 17 }, // U+04C4
    { 0x04C6, 24 }, // U+04C6
    { 0x04C8, 17 }, // U+04C8
    { 0x04CA, 17 }, // U+04CA
    { 0x04CC, 17 }, // U+04CC
    { 0x04CE, 17 }, // U+04CE
    { 0x04D0, 5 }, // U+04D0
    { 0x04D1, 20 }, // U+04D1
    { 0x04D2, 5 }, // U+04D2
    { 0x04D3, 20 }, // U+04D3
    { 0x04D4, 5 }, // U+04D4
    { 0x04D5, 12 }, // U+04D5
    { 0x04D7, 21 }, // U+04D7
    { 0x04D8, 6 }, // U+04D8
    { 0x04D9, 14 }, // U+04D9
    { 0x04DA, 6 }, // U+04DA
    { 0x04DB, 21 }, // U+04DB
    { 0x04DD, 17 }, // U+04DD
    { 0x04E1, 4 }, // U+04E1
    { 0x04E3, 17 }, // U+04E3
    { 0x04E5, 17 }, // U+04E5
    { 0x04E6, 6 }, // U+04E6
    { 0x04E7, 21 }, // U+04E7
    { 0x04E8, 6 }, // U+04E8
    { 0x04E9, 14 }, // U+04E9
    { 0x04EA, 6 }, // U+04EA
    { 0x04EB, 21 }, // U+04EB
    { 0x04ED, 17 }, // U+04ED
    { 0x04EF, 18 }, // U+04EF
    { 0x04F1, 18 }, // U+04F1
    { 0x04F3, 18 }, // U+04F3
    { 0x04F5, 17 }, // U+04F5
    { 0x04F7, 17 }, // U+04F7
    { 0x04F9, 17 }, // U+04F9
    { 0x04FB, 17 }, // U+04FB
    { 0x04FC, 11 }, // U+04FC
    { 0x04FD, 19 }, // U+04FD
    { 0x04FE, 11 }, // U+04FE
    { 0x04FF, 19 }, // U+04FF
    { 0x1EA0, 5 }, // U+1EA0
    { 0x1EA1, 15 }, // U+1EA1
    { 0x1EA2, 5 }, // U+1EA2
    { 0x1EA3, 20 }, // U+1EA3
    { 0x1EA4, 5 }, // U+1EA4
    { 0x1EA5, 20 }, // U+1EA5
    { 0x1EA6, 5 }, // U+1EA6
    { 0x1EA7, 20 }, // U+1EA7
    { 0x1EA8, 5 }, // U+1EA8
    { 0x1EA9, 20 }, // U+1EA9
    { 0x1EAA, 5 }, // U+1EAA
    { 0x1EAB, 20 }, // U+1EAB
    { 0x1EAC, 5 }, // U+1EAC
    { 0x1EAD, 20 }, // U+1EAD
    { 0x1EAE, 5 }, // U+1EAE
    { 0x1EAF, 20 }, // U+1EAF
    { 0x1EB0, 5 }, // U+1EB0
    { 0x1EB1, 20 }, // U+1EB1
    { 0x1EB2, 5 }, // U+1EB2
    { 0x1EB3, 20 }, // U+1EB3
    { 0x1EB4, 5 }, // U+1EB4
    { 0x1EB5, 20 }, // U+1EB5
    { 0x1EB6, 5 }, // U+1EB6
    { 0x1EB7, 20 }, // U+1EB7
    { 0x1EB9, 23 }, // U+1EB9
    { 0x1EBB, 21 }, // U+1EBB
    { 0x1EBD, 21 }, // U+1EBD
    { 0x1EBF, 21 }, // U+1EBF
    { 0x1EC1, 21 }, // U+1EC1
    { 0x1EC3, 21 }, // U+1EC3
    { 0x1EC5, 21 }, // U+1EC5
    { 0x1EC7, 21 }, // U+1EC7
    { 0x1ECC, 6 }, // U+1ECC
    { 0x1ECD, 14 }, // U+1ECD
    { 0x1ECE, 6 }, // U+1ECE
    { 0x1ECF, 21 }, // U+1ECF
    { 0x1ED0, 6 }, // U+1ED0
    { 0x1ED1, 21 }, // U+1ED1
    { 0x1ED2, 6 }, // U+1ED2
    { 0x1ED3, 21 }, // U+1ED3
    { 0x1ED4, 6 }, // U+1ED4
    { 0x1ED5, 21 }, // U+1ED5
    { 0x1ED6, 6 }, // U+1ED6
    { 0x1ED7, 21 }, // U+1ED7
    { 0x1ED8, 6 }, // U+1ED8
    { 0x1ED9, 21 }, // U+1ED9
    { 0x1EE4, 8 }, // U+1EE4
    { 0x1EE5, 4 }, // U+1EE5
    { 0x1EE6, 8 }, // U+1EE6
    { 0x1EE7, 17 }, // U+1EE7
    { 0x1EF2, 9 }, // U+1EF2
    { 0x1EF3, 18 }, // U+1EF3
    { 0x1EF4, 9 }, // U+1EF4
    { 0x1EF5, 18 }, // U+1EF5
    { 0x1EF6, 9 }, // U+1EF6
    { 0x1EF7, 18 }, // U+1EF7
    { 0x1EF8, 9 }, // U+1EF8
    { 0x1EF9, 18 }, // U+1EF9
    { 0x2018, 1 }, // U+2018
    { 0x2019, 1 }, // U+2019
    { 0x201A, 3 }, // U+201A
    { 0x201C, 1 }, // U+201C
    { 0x201D, 1 }, // U+201D
    { 0x201E, 3 }, // U+201E
    { 0x2026, 3 }, // U+2026
    { 0xFB00, 4 }, // U+FB00
    { 0xFB03, 4 }, // U+FB03
    { 0xFB04, 4 }, // U+FB04
};

static const int8_t chareink_12_italicKernMatrix[] = {
       0,    0,   -3,    0,   -3,    0,    0,    0,    0,    0,    0,   -1,    0,   -1,   -1,    0,    0,    0,   -1,   -1,   -1,    0,   -1,   -2,
       0,    0,    0,    0,    0,    0,    0,    0,    0,    0,    0,    0,    0,    0,    0,    1,    0,    0,    0,    0,    0,    0,    0,    0,
      -3,    0,    0,    0,    0,    0,   -3,    0,   -3,   -3,    0,    0,    0,    0,    0,    0,    0,   -2,    0,    0,    0,    0,    0,    0,
      -3,    0,    0,    0,    0,   -1,   -3,   -1,   -3,   -3,    0,    0,    0,    0,    0,    0,    0,   -2,    0,    0,    0,    0,    0,    0,
       0,    0,    0,    0,    0,    0,   -1,    0,   -1,   -1,   -1,    0,    0,    0,    0,    0,    0,    0,    0,    0,    0,    0,    0,    0,
       0,    0,   -3,    0,   -1,    0,    0,    0,    0,    0,    0,   -1,    0,   -1,   -1,    0,    0,    0,    0,   -1,   -1,    0,   -1,   -1,
       0,    0,    0,    0,    0,   -1,    0,    0,    0,    0,    0,    0,    0,    0,    0,    0,    0,    0,    0,    0,    0,    0,    0,    0,
      -4,    0,    0,    0,    0,    0,   -2,    0,   -3,   -2,    0,    0,    0,    0,    0,    0,    0,   -1,    0,    0,    0,    0,    0,    0,
       0,    0,    0,    0,    0,    0,   -1,    0,   -2,   -2,    0,    0,    0,    0,    0,    0,    0,    0,    0,    0,    0,    0,    0,    0,
       0,    0,   -2,    0,   -2,    0,    0,    0,    0,    0,    0,   -1,    0,   -2,   -1,    0,    0,    0,    0,   -1,   -1,    0,   -2,   -2,
       0,    0,    0,    0,   -1,    0,    0,    0,    0,    0,    0,    0,    0,   -1,    0,    0,    0,    0,    0,    0,    0,    0,    0,   -1,
       0,    0,   -2,    0,   -2,    0,    0,    0,    0,    0,    0,   -2,    0,   -2,   -1,    0,   -1,    0,    0,   -1,   -1,    0,   -2,   -2,
       0,    0,   -2,    0,   -2,    0,    0,    0,    0,    0,    0,   -1,    0,   -1,   -1,    0,   -1,    0,    0,   -1,   -1,    0,   -1,   -2,
      -2,    0,    0,    0,    0,    0,    0,    0,    0,    0,    0,    0,    0,    0,    0,    0,    0,   -1,    0,    0,    0,    0,    0,    0,
      -2,    0,    0,    0,    0,    0,    0,    0,    0,    0,    0,    0,    0,    0,    0,    0,    0,   -1,   -1,    0,    0,    0,    0,   -1,
      -1,    0,    0,    0,    0,    0,    0,    0,    0,    0,    0,    0,    0,    0,    0,    0,    0,    0,    0,    0,    0,    0,    0,    0,
       1,    1,    0,    0,    0,    0,    0,    0,    0,    0,    0,    0,    0,    0,    0,    0,    0,    0,    0,    0,    0,    0,    0,    0,
      -1,    0,    0,    0,    0,    0,    0,    0,    0,    0,    0,    0,    0,    0,    0,    2,    0,    0,    0,    0,    0,    0,    0,    0,
      -1,    0,    0,    0,    0,    0,    0,    0,    0,    0,    0,    0,    0,   -1,    0,    0,    0,    0,    0,    0,   -1,    0,   -1,    0,
       0,    0,   -2,    0,    0,    0,    0,    0,    0,    0,    0,    0,    0,   -1,    0,    0,    0,    0,    0,    0,   -1,    0,   -1,   -2,
      -1,    0,   -2,    0,    0,    0,    0,    0,    0,    0,    0,   -1,    0,   -1,   -1,    0,    0,    0,    0,   -1,   -1,    0,   -1,   -1,
       0,    0,    0,    0,    0,    0,    0,    0,    0,    0,    0,    0,    0,    0,    0,    0,    0,    0,    0,    0,    0,    2,    0,    0,
      -1,    0,    0,    0,    0,    0,    0,    0,    0,    0,    0,    0,    0,    0,    0,    0,    0,   -1,   -1,    0,    0,    0,    0,   -1,
       0,    0,   -3,   -3,    0,    0,    0,    0,    0,    0,    0,   -3,    0,   -3,   -3,   -2,   -3,   -3,   -3,   -3,   -3,    0,   -3,    0,
      -2,    0,    0,    0,    0,    0,   -1,    0,   -1,    0,    0,    0,    0,    0,    0,    0,    0,   -1,    0,    0,    0,    0,    0,    0,
       0,    0,   -3,   -3,    0,    0,    0,    0,    0,    0,    0,   -3,    0,   -3,   -3,   -2,   -3,   -3,   -3,   -2,   -3,    0,   -3,    0,
       0,    0,   -2,   -2,    0,    0,    0,    0,    0,    0,    0,   -2,    0,   -2,   -2,   -2,   -2,   -2,   -2,   -2,   -2,    0,   -2,    0,
       0,    0,    0,    0,    0,    0,    0,    0,    0,    0,    0,   -2,   -1,   -2,   -2,    0,    0,    0,    0,   -2,   -2,    0,   -2,    0,
      -3,    0,    0,    0,    0,    0,    0,    0,    0,    0,    0,    0,    0,   -1,    0,    0,    0,   -1,    0,    0,   -1,    0,    0,    0,
};

static const EpdLigaturePair chareink_12_italicLigaturePairs[] = {
    { 0x00660066, 0xFB00 }, // f f -> U+FB00
    { 0x00660069, 0xFB01 }, // f i -> U+FB01
    { 0x0066006C, 0xFB02 }, // f l -> U+FB02
    { 0xFB000069, 0xFB03 }, // U+FB00 i -> U+FB03
    { 0xFB00006C, 0xFB04 }, // U+FB00 l -> U+FB04
};

static const EpdFontData chareink_12_italic = {
    chareink_12_italicBitmaps,
    chareink_12_italicGlyphs,
    chareink_12_italicIntervals,
    50,
    26,
    21,
    -7,
    true,
    chareink_12_italicGroups,
    14,
    chareink_12_italicKernLeftClasses,
    chareink_12_italicKernRightClasses,
    chareink_12_italicKernMatrix,
    426,
    450,
    29,
    24,
    chareink_12_italicLigaturePairs,
    5,
};
