/**
 * generated by fontconvert.py
 * name: chareink_15_bolditalic
 * size: 15
 * mode: 2-bit  compressed: true
 * Command used: fontconvert.py chareink_15_bolditalic 15 ../builtinFonts/source/ChareInk/ChareInk7SPWT-BoldItalic.ttf --2bit --compress --force-autohint
 */
#pragma once
#include "EpdFontData.h"

static const uint8_t chareink_15_bolditalicBitmaps[44674] = {
    0xA5, 0x5A, 0xBF, 0xAF, 0xDF, 0xD6, 0x75, 0xBF, 0x24, 0xFD, 0x1E, 0x1B, 0x13, 0x28, 0x85, 0xA0,
    0xF2, 0xA0, 0x17, 0xF4, 0x76, 0xE8, 0xD2, 0xA1, 0xE1, 0xDA, 0xC1, 0xF2, 0xA5, 0x2D, 0xA0, 0x1E,
    0x34, 0x54, 0x40, 0xEC, 0x2E, 0xF9, 0x03, 0x3A, 0x64, 0x78, 0x6B, 0x17, 0xEB, 0xD2, 0xD2, 0xD0,
    0x21, 0x83, 0x85, 0x8E, 0xED, 0xA2, 0x21, 0x43, 0x36, 0x2D, 0x1D, 0x25, 0x5F, 0xCA, 0x02, 0xEA,
    0xC1, 0x43, 0x18, 0x79, 0xF0, 0x10, 0x20, 0xA5, 0x6C, 0x15, 0x29, 0xEC, 0x41, 0x94, 0x45, 0xCB,
    0x94, 0x44, 0xF2, 0xF4, 0xF3, 0x39, 0x97, 0x7C, 0x4F, 0x8A, 0x54, 0x34, 0x41, 0x1E, 0xFC, 0xA5,
    0xF8, 0xE3, 0xF2, 0xDE, 0x73, 0xCF, 0x8F, 0xCF, 0xF9, 0x9C, 0x43, 0x9B, 0xB3, 0xC6, 0x75, 0xD5,
    0x5C, 0xAE, 0x99, 0xD4, 0xD2, 0xBA, 0xBE, 0x1C, 0xB2, 0xD9, 0xAC, 0xC6, 0x1B, 0xDB, 0xE6, 0x7D,
    0x32, 0x98, 0x9B, 0xE6, 0xAC, 0x31, 0xA6, 0xE8, 0xF3, 0x25, 0x95, 0xC6, 0x77, 0x45, 0x6F, 0x12,
    0xF3, 0x17, 0xF6, 0xF6, 0xEC, 0x3E, 0x59, 0xDC, 0x9D, 0xD9, 0x5D, 0x9D, 0x5C, 0x36, 0xBA, 0x6C,
    0x38, 0x9F, 0xF5, 0x6F, 0x66, 0xED, 0xDF, 0x65, 0xAD, 0x89, 0x7F, 0x59, 0x73, 0xDE, 0x98, 0x74,
    0xB0, 0xB5, 0x31, 0x73, 0x81, 0x9B, 0x1F, 0x64, 0xBD, 0x31, 0x55, 0x32, 0x1A, 0x53, 0xB6, 0x37,
    0x8D, 0xC9, 0xBB, 0xB7, 0x4C, 0x29, 0xF8, 0x7B, 0x87, 0x87, 0x0E, 0x8F, 0x3B, 0x3C, 0x4E, 0x07,
    0x3C, 0x6E, 0xE6, 0xF8, 0x38, 0xE7, 0x93, 0xDB, 0x3C, 0x0C, 0xAF, 0x7A, 0x8C, 0xC9, 0x2B, 0xAC,
    0x33, 0x95, 0xFB, 0xE4, 0x89, 0x39, 0xA3, 0x0B, 0x63, 0xA4, 0x29, 0xF1, 0xCB, 0xE5, 0x89, 0x49,
    0x45, 0x16, 0x53, 0x3D, 0xFB, 0xF7, 0x31, 0x5D, 0xCF, 0x97, 0x6D, 0x39, 0x0C, 0xCE, 0xF8, 0x3B,
    0xED, 0x94, 0x8A, 0x4D, 0xEA, 0x42, 0x26, 0xCC, 0x29, 0x90, 0xC8, 0x61, 0x90, 0xF1, 0xB2, 0xF2,
    0x12, 0x87, 0x52, 0xB0, 0xC4, 0x79, 0x3F, 0x9C, 0x33, 0x43, 0x68, 0x6F, 0xE6, 0x9F, 0xAC, 0xD9,
    0xF0, 0xE3, 0x72, 0x28, 0xDB, 0xFF, 0x08, 0xB5, 0xFF, 0xE2, 0xC1, 0x98, 0x08, 0x07, 0xDD, 0x58,
    0xB1, 0x33, 0xA8, 0x07, 0xAA, 0x69, 0x70, 0x38, 0xCF, 0xA5, 0x0F, 0x2E, 0xF1, 0x98, 0x40, 0x5E,
    0x48, 0x5A, 0x3D, 0x18, 0x8C, 0xAD, 0x93, 0xD9, 0x76, 0xC9, 0x64, 0xCA, 0xDE, 0xD7, 0x65, 0x63,
    0x7C, 0xB2, 0x98, 0xD9, 0x64, 0x73, 0x3E, 0x42, 0x25, 0x65, 0x5F, 0x51, 0x13, 0xAE, 0x91, 0x1C,
    0x22, 0x2F, 0xD9, 0xF4, 0xD6, 0xE1, 0x2F, 0xB2, 0xA9, 0xBA, 0x73, 0x4F, 0xE6, 0xF2, 0xE1, 0xE2,
    0xEC, 0xE7, 0x53, 0x29, 0x77, 0x87, 0xA5, 0x18, 0x8A, 0xA9, 0xBA, 0x38, 0x54, 0xAD, 0x49, 0x46,
    0x8C, 0xA5, 0x06, 0x16, 0x58, 0xC8, 0x4C, 0xF9, 0x58, 0x0E, 0x50, 0xA6, 0x6D, 0x7D, 0x0D, 0x23,
    0xF9, 0x74, 0x36, 0x45, 0x97, 0x2C, 0xB6, 0x37, 0x1F, 0x98, 0x6C, 0x5D, 0x0D, 0x54, 0x92, 0x49,
    0xA7, 0x02, 0xBD, 0xC7, 0xE3, 0x59, 0x0A, 0x57, 0x70, 0xBB, 0x89, 0xDC, 0xA0, 0x19, 0x86, 0x0A,
    0xD2, 0x87, 0x26, 0xB4, 0x26, 0x83, 0x69, 0x71, 0x63, 0x2A, 0x31, 0xAD, 0x1B, 0x3C, 0x5E, 0x0A,
    0xBF, 0x81, 0x46, 0x8C, 0x08, 0xB6, 0x96, 0x49, 0x1F, 0xA4, 0xF6, 0x72, 0x55, 0xD6, 0x42, 0xE4,
    0x6D, 0xB9, 0x14, 0x3E, 0x95, 0x7C, 0xCA, 0x71, 0xE1, 0xDA, 0x6A, 0x2C, 0xA1, 0x3A, 0x69, 0x4B,
    0xE9, 0xE0, 0x3D, 0x76, 0xC5, 0xFC, 0xC6, 0xCD, 0xA6, 0x5C, 0x53, 0xDC, 0x86, 0x79, 0x1F, 0x48,
    0x97, 0xCB, 0x75, 0x2B, 0x75, 0xF4, 0x89, 0x24, 0x99, 0xD5, 0x65, 0x06, 0x97, 0x75, 0x6F, 0x66,
    0x54, 0x1B, 0x64, 0xC2, 0xFA, 0xF6, 0x09, 0x64, 0x32, 0x06, 0xA2, 0x1B, 0xCA, 0x01, 0xE1, 0x3C,
    0x85, 0xC2, 0x1D, 0x95, 0xF0, 0xE4, 0x14, 0x77, 0x53, 0xDA, 0x07, 0x76, 0x73, 0x10, 0x12, 0xD3,
    0xF2, 0x09, 0xB4, 0xA0, 0x97, 0xA1, 0x36, 0x09, 0x9E, 0x52, 0x37, 0xF9, 0x42, 0xF3, 0xC3, 0x45,
    0x26, 0x5A, 0xC5, 0xE8, 0x5B, 0x76, 0xDE, 0xE6, 0xAB, 0x4D, 0xCE, 0x09, 0x5A, 0x1D, 0x79, 0xFA,
    0x4F, 0x3E, 0xEB, 0x02, 0x05, 0xFE, 0xC1, 0xB6, 0x21, 0x04, 0x45, 0xAA, 0x7A, 0x5D, 0x02, 0xF7,
    0x79, 0x63, 0xD5, 0x81, 0x58, 0x0F, 0x83, 0x72, 0x5C, 0x7C, 0xBC, 0xF9, 0xBA, 0xB9, 0x86, 0x91,
    0x58, 0x19, 0x82, 0x5B, 0x93, 0x0F, 0x5F, 0x4E, 0xEE, 0xB7, 0xF2, 0xA1, 0x78, 0xD8, 0x1F, 0xD2,
    0xDD, 0x32, 0xD9, 0xB7, 0x93, 0xF1, 0x88, 0xA6, 0xEE, 0x66, 0x1C, 0x7D, 0xF3, 0x0F, 0x3F, 0xD0,
    0xFB, 0x67, 0x3D, 0xFC, 0xC1, 0xAF, 0x7D, 0x6C, 0xA4, 0xF3, 0x63, 0xB5, 0x64, 0x62, 0x6C, 0x53,
    0xB4, 0x45, 0x5B, 0xB5, 0xAE, 0x3E, 0xA0, 0x6B, 0x0F, 0x22, 0x77, 0x64, 0x2D, 0x65, 0xB4, 0x8D,
    0x7C, 0x2A, 0xE5, 0x6C, 0x19, 0xAB, 0xF0, 0x4A, 0xC3, 0x10, 0xCA, 0xA1, 0xFC, 0x0C, 0xEA, 0x61,
    0x84, 0xC2, 0x47, 0x8D, 0xB9, 0x85, 0x9F, 0x33, 0xBA, 0x31, 0x4C, 0xF4, 0xA7, 0x0C, 0x8A, 0x81,
    0x91, 0x33, 0xDC, 0xE4, 0x01, 0xBC, 0x63, 0x86, 0x01, 0xA5, 0xAD, 0x86, 0x62, 0x31, 0xA1, 0x73,
    0x43, 0x22, 0x57, 0xA4, 0xC9, 0x57, 0x38, 0x9F, 0x9D, 0xA0, 0xB3, 0xF0, 0xA5, 0x34, 0xA9, 0x7C,
    0xB4, 0x9A, 0x72, 0x71, 0x23, 0xDC, 0x51, 0xDA, 0x04, 0x62, 0x9B, 0x82, 0x03, 0xDC, 0xC0, 0xE1,
    0x0D, 0x1C, 0x6E, 0x4E, 0xE1, 0x93, 0x5D, 0xB6, 0x66, 0x2B, 0x2C, 0x11, 0xBA, 0x38, 0xBB, 0x79,
    0x5F, 0x57, 0x7B, 0xA3, 0x4E, 0x42, 0x8F, 0xC0, 0xAE, 0x64, 0x3E, 0xFC, 0x09, 0x8C, 0x28, 0xAD,
    0x71, 0xBD, 0xB1, 0x23, 0xCD, 0x96, 0xBD, 0x70, 0xBD, 0xBC, 0xEA, 0x3A, 0x88, 0x54, 0x82, 0x7B,
    0xE6, 0x00, 0x71, 0x73, 0xC8, 0xB3, 0xEA, 0x29, 0xC2, 0x26, 0x00, 0x24, 0xA1, 0x5A, 0x48, 0xC1,
    0xE5, 0x8D, 0x6F, 0x18, 0x2D, 0xEA, 0x55, 0xC6, 0x71, 0xA7, 0x9E, 0x58, 0xC0, 0xD7, 0x32, 0xBA,
    0x7B, 0xC9, 0xF8, 0xF1, 0xB8, 0x9F, 0xF2, 0x56, 0xB9, 0xEA, 0x55, 0x7A, 0x1D, 0x57, 0x79, 0x8F,
    0x2B, 0xE0, 0x01, 0x61, 0x0F, 0x4B, 0x49, 0x4B, 0xF3, 0xB6, 0x31, 0x3E, 0x2B, 0x84, 0x0D, 0xB6,
    0xB3, 0x18, 0xDF, 0x57, 0xBA, 0xC3, 0xA1, 0xE0, 0x72, 0x00, 0x5F, 0xA1, 0x92, 0x35, 0x76, 0xA1,
    0x65, 0x4F, 0x4D, 0xD2, 0xD5, 0x79, 0x78, 0xAD, 0xE0, 0xB3, 0x62, 0xDD, 0x85, 0xF1, 0xC3, 0x0F,
    0xB0, 0xE8, 0x87, 0x42, 0x3D, 0xCF, 0x06, 0x8A, 0x18, 0xE0, 0xAA, 0xEE, 0x29, 0xA0, 0xA0, 0xA2,
    0x8E, 0x0E, 0xDE, 0x8B, 0x4E, 0x78, 0xEE, 0x5A, 0x0C, 0x93, 0x84, 0x6B, 0x7B, 0xC6, 0x06, 0x4E,
    0xA8, 0x45, 0xC0, 0x5B, 0x0D, 0x44, 0x04, 0xB4, 0x3C, 0x16, 0x38, 0xBF, 0x1B, 0x8C, 0x5C, 0xC0,
    0x04, 0x9D, 0xEF, 0xCA, 0xB1, 0x98, 0x33, 0x08, 0xBB, 0x52, 0xF6, 0x6F, 0x84, 0xD0, 0x4A, 0xAD,
    0x99, 0x54, 0x85, 0x1B, 0x8C, 0x2A, 0x93, 0xAA, 0xD4, 0x89, 0x19, 0xD8, 0x98, 0x07, 0x9A, 0xE3,
    0xFE, 0xF8, 0x9E, 0x06, 0x38, 0xE3, 0x59, 0x63, 0x4A, 0xE3, 0x96, 0x91, 0xC5, 0x15, 0x7B, 0x20,
    0x07, 0x46, 0xFE, 0xCD, 0x3F, 0x8A, 0x6A, 0xB1, 0xE7, 0xA4, 0x4D, 0x8C, 0x61, 0x78, 0x05, 0xDF,
    0xEA, 0xAA, 0x3A, 0x13, 0xAC, 0x54, 0x0D, 0x6A, 0xFB, 0x6A, 0xC5, 0x48, 0xAA, 0xCB, 0x1C, 0x44,
    0xA3, 0x9B, 0x37, 0x98, 0x21, 0x70, 0x5D, 0xAD, 0x8D, 0xA9, 0x9E, 0x18, 0x1A, 0x33, 0x0A, 0x44,
    0x39, 0xAC, 0x4A, 0x77, 0x7C, 0x9D, 0xC6, 0xED, 0x99, 0x77, 0x3E, 0x84, 0x7B, 0xCC, 0x15, 0xFC,
    0xF0, 0x2B, 0xA9, 0x8B, 0x15, 0x9B, 0xF4, 0x5F, 0x09, 0x54, 0xCF, 0x93, 0xCF, 0xE1, 0x6C, 0x33,
    0xB7, 0x7D, 0x45, 0x57, 0x9B, 0x30, 0x91, 0xFF, 0x06, 0x3A, 0x09, 0x94, 0xE8, 0xFD, 0x3A, 0x06,
    0x65, 0xA3, 0xF6, 0x83, 0x9F, 0x48, 0x8F, 0x8C, 0x58, 0x0D, 0x70, 0x78, 0xAC, 0xF1, 0x4B, 0x05,
    0x2F, 0x05, 0x28, 0x05, 0x92, 0xA8, 0x88, 0x8C, 0xB6, 0x51, 0x51, 0x54, 0x53, 0x89, 0xC2, 0x21,
    0x27, 0x53, 0xD1, 0x54, 0x05, 0x0A, 0x60, 0xAA, 0x3A, 0x55, 0xA4, 0xCA, 0xBB, 0xCD, 0x15, 0x23,
    0x48, 0xDD, 0xC3, 0xC2, 0x3C, 0xA9, 0xDC, 0x98, 0x55, 0x2C, 0x4C, 0x53, 0xD1, 0x3D, 0x42, 0xEB,
    0x06, 0x4C, 0x0E, 0xA7, 0x9C, 0x32, 0x38, 0x53, 0x9B, 0x33, 0xC6, 0x72, 0x1A, 0x91, 0xC9, 0x2C,
    0x5B, 0xA1, 0x77, 0x07, 0x6F, 0xC3, 0x90, 0x6A, 0x86, 0xB5, 0xDC, 0x88, 0x45, 0xE5, 0x13, 0x98,
    0x56, 0xB0, 0x31, 0x3B, 0x96, 0x33, 0x5C, 0xCA, 0xAE, 0xC8, 0x08, 0x25, 0xBD, 0x29, 0x89, 0xDA,
    0xE4, 0x36, 0x03, 0x1C, 0x22, 0x60, 0xE3, 0x0E, 0x1A, 0x67, 0xA8, 0xDE, 0x43, 0x94, 0x0A, 0x7C,
    0xD0, 0x3D, 0xE2, 0xCB, 0xD4, 0xD4, 0x23, 0x55, 0x19, 0x42, 0xE3, 0x73, 0x69, 0xED, 0x6C, 0xE5,
    0x86, 0xB4, 0x9E, 0x66, 0xF4, 0x0F, 0xD6, 0xCD, 0xB1, 0x30, 0x4A, 0xBD, 0x92, 0x86, 0xCC, 0xB0,
    0xE5, 0x54, 0x9D, 0x0C, 0x7B, 0xF5, 0x70, 0xBF, 0x54, 0xD3, 0x02, 0x1D, 0xDC, 0x53, 0x8C, 0xD9,
    0xBC, 0xF0, 0x77, 0x19, 0x2F, 0x5B, 0xF8, 0x1B, 0x98, 0x08, 0x61, 0x85, 0x1B, 0xAB, 0x89, 0x11,
    0xED, 0x8B, 0xC3, 0x8A, 0x2E, 0x3E, 0x82, 0xE9, 0xB1, 0x18, 0x30, 0xE8, 0xA6, 0x29, 0x5A, 0xE4,
    0x42, 0x57, 0x9B, 0x4B, 0x71, 0xC4, 0x6B, 0x3B, 0x32, 0x1E, 0xCD, 0xB4, 0xC0, 0xB5, 0x18, 0x97,
    0x47, 0xEB, 0x7E, 0x71, 0x1F, 0x8F, 0x68, 0xA1, 0x68, 0x92, 0x23, 0x5A, 0x4C, 0x47, 0xC4, 0xC7,
    0xC6, 0xEA, 0xB3, 0xC0, 0x1B, 0x87, 0x2A, 0xE2, 0x8F, 0x74, 0xD6, 0xE7, 0x91, 0xF9, 0xE5, 0xBF,
    0xD3, 0xA7, 0xBA, 0xC7, 0x49, 0xEF, 0xD1, 0xC4, 0x47, 0xA4, 0x0D, 0xE6, 0x78, 0x52, 0x3F, 0xE8,
    0x34, 0x70, 0x4F, 0x6F, 0xA8, 0xC7, 0xCC, 0xDB, 0x13, 0xDE, 0xE2, 0xC3, 0x93, 0x0B, 0xA3, 0x23,
    0xBB, 0xD3, 0x45, 0x80, 0xAA, 0x0C, 0x58, 0x38, 0x44, 0x81, 0x50, 0x07, 0x89, 0x1B, 0x02, 0x3D,
    0x8A, 0x9E, 0x46, 0xAF, 0x01, 0x2A, 0x12, 0x15, 0x10, 0x4C, 0x6E, 0x41, 0xEE, 0xAA, 0x0D, 0x69,
    0x18, 0x78, 0x93, 0x19, 0xE3, 0xEB, 0x55, 0x74, 0x4A, 0x22, 0x15, 0xCD, 0x54, 0xD5, 0x27, 0x7E,
    0x86, 0xF5, 0x44, 0xF1, 0x64, 0xFD, 0x37, 0xE8, 0x84, 0xEE, 0x0B, 0x1F, 0xA5, 0x9B, 0x56, 0x2D,
    0x93, 0xA5, 0xA9, 0x1A, 0xA7, 0x3E, 0x0B, 0x35, 0x57, 0xDF, 0x8F, 0xB7, 0xCA, 0x1E, 0xC1, 0x7B,
    0x7B, 0xC2, 0xE2, 0x57, 0x24, 0xFF, 0x6A, 0x2E, 0xA6, 0x7C, 0x2A, 0x3F, 0xEA, 0xC0, 0x0E, 0xBA,
    0xCB, 0xFE, 0x1D, 0xD0, 0x83, 0xE4, 0xBB, 0x85, 0xA4, 0xB2, 0xF8, 0x74, 0x70, 0xAD, 0xED, 0x9D,
    0xED, 0x80, 0xB1, 0xEF, 0x8C, 0xEE, 0xC2, 0x9C, 0xCD, 0x65, 0xBB, 0x22, 0xD6, 0x1E, 0xF2, 0x0C,
    0x64, 0xA1, 0xCD, 0x47, 0x3B, 0xC1, 0xC3, 0x14, 0x19, 0x22, 0x1F, 0x30, 0x9A, 0x83, 0x99, 0x61,
    0x19, 0x17, 0x55, 0x43, 0xAE, 0x70, 0xC4, 0xE8, 0x56, 0x12, 0x66, 0x92, 0xF0, 0xB4, 0x3E, 0x81,
    0xB3, 0xB8, 0x0F, 0x6C, 0x5C, 0x8F, 0x8A, 0x24, 0x19, 0xF9, 0xCE, 0x96, 0x1C, 0x4A, 0x3D, 0x56,
    0x0F, 0x14, 0xB1, 0x7F, 0xC5, 0xA3, 0x5C, 0xA4, 0xB2, 0x57, 0x45, 0x8A, 0x99, 0x09, 0xBD, 0x20,
    0x4A, 0x29, 0x2F, 0x65, 0x44, 0x52, 0x3B, 0xBE, 0x05, 0xD8, 0x80, 0x69, 0x20, 0xDA, 0x40, 0x22,
    0x10, 0x2A, 0x54, 0x00, 0x10, 0x99, 0x08, 0x0C, 0xE4, 0x6E, 0x4A, 0x9A, 0x99, 0x47, 0x80, 0x18,
    0xDC, 0x05, 0x78, 0xC7, 0xE1, 0x2D, 0x44, 0x40, 0xD8, 0x20, 0xBE, 0x10, 0x93, 0x35, 0xE6, 0x97,
    0x0E, 0xA1, 0x8F, 0x0C, 0x01, 0x82, 0xCD, 0x27, 0xA4, 0x06, 0x64, 0xBD, 0xBA, 0x1E, 0x9E, 0x04,
    0x3E, 0x81, 0xB1, 0x98, 0xDD, 0x5A, 0xE0, 0x9D, 0x67, 0x6E, 0xAC, 0x40, 0x53, 0x69, 0x1D, 0x3C,
    0x11, 0xC6, 0x02, 0xD0, 0x8F, 0x9B, 0x06, 0x82, 0xDD, 0x57, 0x32, 0xC5, 0x48, 0xAD, 0x48, 0xD1,
    0xFC, 0xD3, 0x30, 0xD1, 0xCC, 0x5C, 0x06, 0xD9, 0x18, 0x21, 0x56, 0xB6, 0x30, 0x7E, 0x36, 0x50,
    0x1D, 0xEF, 0x55, 0x27, 0x28, 0x92, 0x47, 0x08, 0x52, 0xE0, 0xE9, 0xB6, 0x7C, 0xA2, 0x30, 0x69,
    0xB8, 0xC7, 0xC3, 0xC6, 0x83, 0xEC, 0x20, 0xD6, 0xE1, 0x87, 0xCC, 0x32, 0x2B, 0x04, 0x40, 0x14,
    0xA5, 0xF2, 0x35, 0x19, 0x1A, 0x37, 0x67, 0xCE, 0xBE, 0xA7, 0x60, 0x0D, 0x57, 0xA2, 0x28, 0x23,
    0x55, 0x80, 0x54, 0x44, 0x64, 0x99, 0x88, 0xD2, 0x58, 0x0E, 0xF3, 0x86, 0x1E, 0x62, 0x27, 0x9A,
    0x23, 0x33, 0xD1, 0x98, 0xD4, 0xE9, 0x74, 0x4B, 0x38, 0x81, 0x19, 0xA9, 0x0F, 0xA4, 0x5C, 0xA2,
    0x56, 0xDC, 0x2E, 0xD3, 0x69, 0x87, 0x9C, 0x07, 0x31, 0x72, 0xD1, 0xAB, 0x9E, 0x1B, 0x5E, 0xCD,
    0x11, 0x91, 0x96, 0x3B, 0xBE, 0xB6, 0xC5, 0x54, 0x53, 0x69, 0xB5, 0x00, 0x4F, 0xA1, 0x1A, 0x13,
    0x52, 0x06, 0xE0, 0x83, 0xEE, 0x01, 0xB3, 0xFD, 0x92, 0x12, 0x39, 0xBA, 0x01, 0x70, 0x60, 0x57,
    0xF0, 0xC0, 0xDD, 0xCD, 0x27, 0x4F, 0xC0, 0x77, 0x34, 0xA1, 0xE0, 0x9D, 0xF4, 0x1A, 0x24, 0x4D,
    0xC9, 0x45, 0x8C, 0x82, 0x87, 0x4F, 0x35, 0x15, 0x33, 0x29, 0xF7, 0xDC, 0x27, 0x4C, 0x59, 0x69,
    0x6E, 0x86, 0x05, 0xB8, 0x5C, 0xAA, 0xBB, 0xBC, 0xC5, 0x57, 0x0F, 0xB8, 0xDC, 0x2F, 0x38, 0xE9,
    0x65, 0x4E, 0x8A, 0xD8, 0xB1, 0x1C, 0xB8, 0x2D, 0xF7, 0xF6, 0x7C, 0xF2, 0x04, 0xF5, 0xCF, 0xBE,
    0xDC, 0x06, 0xFF, 0xCA, 0x11, 0xD4, 0x53, 0x53, 0x4A, 0x88, 0xDD, 0x6D, 0xF1, 0xF8, 0xFE, 0x25,
    0xA5, 0x1B, 0x13, 0xEC, 0xF4, 0xB5, 0xC0, 0xED, 0x18, 0x6B, 0x10, 0xA4, 0x6A, 0xA1, 0xDD, 0x6C,
    0x62, 0x96, 0x77, 0x28, 0xD0, 0x4C, 0x7A, 0xBD, 0x9A, 0xF6, 0x7C, 0x12, 0x49, 0x47, 0x11, 0x11,
    0xAA, 0x87, 0x86, 0xBE, 0x59, 0x09, 0xE3, 0x38, 0x05, 0x64, 0xAF, 0x6A, 0x9F, 0x41, 0x7D, 0x90,
    0x3A, 0xB0, 0xCC, 0x1B, 0x70, 0x35, 0xBD, 0xFA, 0x1A, 0x82, 0xEA, 0x62, 0xF0, 0xA3, 0x3A, 0xA6,
    0x60, 0x2F, 0x18, 0x88, 0xC4, 0xA8, 0xFA, 0xA5, 0x80, 0xCA, 0x8D, 0x54, 0x5D, 0x8C, 0x0D, 0x98,
    0x16, 0x0E, 0x93, 0x46, 0xBE, 0x14, 0x8D, 0xCB, 0x41, 0xE5, 0x14, 0x55, 0xA5, 0x19, 0x5C, 0xB3,
    0xCE, 0xA8, 0xDE, 0xF6, 0xC7, 0x4C, 0x01, 0xC1, 0x64, 0xC6, 0xEB, 0xD0, 0xC5, 0xE0, 0x08, 0xA8,
    0x9A, 0xA4, 0xD7, 0x7D, 0x1E, 0x3B, 0xA9, 0x83, 0x56, 0xC3, 0xFE, 0xC2, 0x36, 0x57, 0x31, 0xEF,
    0x13, 0xD1, 0xC1, 0xB6, 0x99, 0xE3, 0xA2, 0xDB, 0x64, 0x26, 0xAA, 0x37, 0x51, 0x45, 0x53, 0xE5,
    0x4A, 0x9F, 0xD4, 0x16, 0xD5, 0x29, 0x5D, 0xDB, 0x39, 0x06, 0x0B, 0x9F, 0x54, 0xC9, 0xDB, 0xBC,
    0x63, 0x89, 0x92, 0x10, 0x94, 0x32, 0x60, 0xAB, 0x1A, 0x59, 0xC9, 0x8C, 0xAB, 0x82, 0x81, 0x55,
    0x3D, 0x23, 0x3A, 0x90, 0xA9, 0x44, 0x46, 0x25, 0xF2, 0x05, 0x33, 0xAD, 0x7C, 0xB7, 0x39, 0x8C,
    0x96, 0x52, 0x3C, 0xDA, 0x89, 0x60, 0x51, 0x2C, 0x24, 0x05, 0xA9, 0x28, 0x35, 0x90, 0x5F, 0xF1,
    0xE8, 0x14, 0x8F, 0xAC, 0x1E, 0x29, 0xEF, 0xEE, 0x10, 0x46, 0xFE, 0x4B, 0xD7, 0xFF, 0x96, 0x8B,
    0xDB, 0x89, 0x72, 0x14, 0x4B, 0xA1, 0xE9, 0x4A, 0x05, 0x16, 0x3A, 0x84, 0x86, 0x0F, 0x82, 0x93,
    0xEE, 0x5A, 0x63, 0xA7, 0x45, 0x2C, 0xF5, 0xCE, 0x2A, 0x3D, 0xE9, 0x63, 0x2E, 0xD7, 0x6D, 0xF0,
    0x0D, 0x3B, 0x6D, 0x1B, 0x3B, 0x25, 0x69, 0x38, 0xA1, 0x16, 0x15, 0x08, 0x8A, 0x7D, 0x5C, 0xA9,
    0xB9, 0xA7, 0x49, 0xAF, 0x41, 0x97, 0x97, 0xB1, 0x5A, 0x01, 0x76, 0x6E, 0x98, 0x82, 0xED, 0x67,
    0x30, 0xED, 0xC4, 0xC0, 0x68, 0x12, 0x46, 0x24, 0xF0, 0x4E, 0xB9, 0x27, 0xF7, 0x2F, 0x44, 0x80,
    0x41, 0x7F, 0x15, 0x8D, 0xC5, 0xED, 0x0B, 0xF5, 0xAE, 0x05, 0x36, 0x0B, 0x41, 0x07, 0xD9, 0x4A,
    0x75, 0x2E, 0x6E, 0x1A, 0x40, 0x06, 0x83, 0xAD, 0x40, 0x4F, 0xF8, 0x66, 0xF1, 0x58, 0x8A, 0x27,
    0x34, 0xDE, 0x17, 0x8B, 0xFB, 0x0C, 0x66, 0x11, 0xFB, 0x74, 0xA5, 0x9D, 0x67, 0x8C, 0xE3, 0x64,
    0xBD, 0xC8, 0x05, 0xEA, 0xF9, 0xAA, 0xCC, 0xF4, 0x82, 0x05, 0xDB, 0x84, 0xC4, 0x25, 0xB0, 0x41,
    0x6D, 0xDD, 0x92, 0x9B, 0x68, 0x65, 0xF3, 0x2F, 0x42, 0x35, 0x7C, 0x3E, 0x2B, 0x25, 0x84, 0x68,
    0x78, 0x3F, 0xC3, 0x3A, 0x6A, 0x8C, 0x51, 0xCB, 0x38, 0xC8, 0x17, 0x18, 0xA6, 0x9A, 0xC2, 0xC0,
    0xE5, 0x4A, 0x46, 0x2A, 0x40, 0x99, 0xBB, 0x59, 0x59, 0x20, 0x22, 0x27, 0x68, 0xD5, 0x57, 0x4D,
    0xC8, 0x6E, 0x05, 0xF4, 0xCE, 0xFA, 0xAF, 0x0B, 0xBF, 0x23, 0xD4, 0xA3, 0x70, 0xC1, 0x14, 0x20,
    0x9E, 0xD0, 0xA2, 0xD5, 0x99, 0xF1, 0x62, 0xC1, 0x60, 0x67, 0x9D, 0xDB, 0x30, 0x63, 0x55, 0xB1,
    0x3A, 0x04, 0x1D, 0x62, 0x4F, 0x01, 0x98, 0x19, 0xA4, 0x4B, 0x34, 0x48, 0xD5, 0x41, 0x72, 0x2D,
    0xA6, 0xC3, 0xD7, 0xEA, 0xB0, 0x09, 0x8B, 0x9A, 0x76, 0x07, 0xC9, 0x3A, 0x30, 0x78, 0x68, 0x17,
    0x3B, 0x47, 0xD3, 0xD2, 0x98, 0x28, 0xD1, 0xF8, 0x56, 0x45, 0x17, 0x9A, 0x31, 0x42, 0x0B, 0x23,
    0x8C, 0xBE, 0xB8, 0xEE, 0xE3, 0x42, 0xEF, 0xD5, 0xD9, 0x19, 0x6A, 0x63, 0x42, 0xC8, 0x40, 0xE1,
    0xD4, 0x54, 0x54, 0x3A, 0xF9, 0xAA, 0xD2, 0xEA, 0x2D, 0xA1, 0x13, 0xB5, 0x1B, 0x66, 0x27, 0x82,
    0xC2, 0x6D, 0x52, 0x82, 0x41, 0xEB, 0xAD, 0x98, 0x9D, 0x42, 0x17, 0x91, 0x5A, 0xE5, 0x71, 0x3D,
    0x7C, 0xCD, 0x4E, 0x00, 0xE2, 0x62, 0x39, 0x22, 0xD3, 0x53, 0x8D, 0x32, 0xE7, 0x28, 0x3D, 0x3D,
    0x45, 0xB3, 0xEC, 0x14, 0xCD, 0x7C, 0x44, 0x33, 0x3A, 0xA7, 0xC4, 0xDC, 0xAD, 0x7B, 0x4E, 0x02,
    0x25, 0x28, 0xD6, 0x1B, 0x73, 0xF4, 0x57, 0x8E, 0x4E, 0x58, 0x0B, 0x90, 0x0C, 0x71, 0x8E, 0xD0,
    0xD3, 0xE5, 0xFC, 0x10, 0x77, 0x4D, 0xA7, 0xD4, 0xDC, 0x88, 0x3B, 0xDC, 0x70, 0x3C, 0x86, 0x9E,
    0x93, 0x48, 0xA7, 0x98, 0xDC, 0xE2, 0x0E, 0xDB, 0x50, 0xC3, 0x96, 0x5B, 0x4A, 0xCD, 0x52, 0xF8,
    0x8F, 0xBB, 0xE8, 0x75, 0xE3, 0xAC, 0x8F, 0x28, 0xB2, 0x49, 0x7E, 0xAA, 0x02, 0x62, 0x8B, 0x7F,
    0xA6, 0x94, 0x8A, 0x14, 0xD0, 0x2B, 0x5D, 0x23, 0xAD, 0xD2, 0x74, 0x5D, 0x2A, 0xBC, 0xA3, 0x12,
    0x56, 0xD1, 0x1C, 0xF1, 0x5D, 0x95, 0x58, 0x73, 0xD2, 0x11, 0x6F, 0xC6, 0x55, 0x54, 0x59, 0xF9,
    0x9A, 0xAB, 0x5B, 0x43, 0xB3, 0x85, 0xC6, 0x29, 0x48, 0x74, 0x1D, 0x8B, 0x2C, 0xC4, 0x0C, 0xBC,
    0xD2, 0x8E, 0x88, 0xA8, 0x94, 0x7C, 0x39, 0x6E, 0x96, 0x71, 0xA3, 0xA8, 0x06, 0x40, 0x16, 0x4C,
    0x46, 0xED, 0x25, 0x97, 0xA2, 0x6A, 0x0A, 0x7A, 0x03, 0x40, 0xB8, 0x06, 0x8F, 0x27, 0x01, 0xCE,
    0x86, 0x88, 0x32, 0xA3, 0x39, 0xCF, 0x7D, 0x60, 0xC6, 0x7E, 0x23, 0x2F, 0x19, 0xF7, 0x92, 0x2A,
    0x35, 0x57, 0x8C, 0xF0, 0x8C, 0x5A, 0x37, 0x63, 0x22, 0x24, 0x17, 0x22, 0xCD, 0xC7, 0x20, 0x68,
    0xD9, 0xC4, 0x92, 0xA0, 0x87, 0x1C, 0x7E, 0x05, 0x53, 0x3D, 0x3E, 0x61, 0xF2, 0x96, 0x98, 0xFC,
    0x29, 0x0F, 0x5F, 0x4E, 0x28, 0xDE, 0x46, 0x76, 0x05, 0x66, 0x02, 0x99, 0x7B, 0xBD, 0xF6, 0xFD,
    0xEB, 0x8D, 0xD6, 0x6F, 0x2F, 0x99, 0xF3, 0xFF, 0x36, 0xF4, 0xAB, 0x9E, 0x58, 0x59, 0x76, 0xF7,
    0x06, 0x78, 0x2B, 0x21, 0x42, 0xF5, 0x4D, 0x6B, 0x16, 0xA3, 0xFA, 0x66, 0x4B, 0x06, 0x29, 0x5C,
    0x0A, 0x72, 0x52, 0x51, 0x3D, 0xDF, 0x0B, 0x64, 0xF3, 0x99, 0xE6, 0xFA, 0x72, 0x20, 0x3A, 0xB9,
    0xA6, 0x20, 0x30, 0x98, 0x97, 0x5F, 0x84, 0x79, 0xC9, 0x89, 0x18, 0x5E, 0x82, 0x9A, 0x1F, 0xEA,
    0xF8, 0xEF, 0x40, 0x0F, 0xA0, 0x42, 0x36, 0xCC, 0x54, 0x2F, 0x0F, 0xEC, 0x44, 0x3D, 0xD3, 0xB0,
    0x57, 0xB2, 0xC1, 0xC5, 0x5C, 0x07, 0xAB, 0xE4, 0xB3, 0xBA, 0xB7, 0x52, 0x15, 0xFA, 0x3E, 0x96,
    0xC5, 0x8A, 0x81, 0x49, 0x03, 0x91, 0x9B, 0xC8, 0x15, 0xB6, 0x91, 0x18, 0xF6, 0x80, 0x66, 0xB6,
    0xC6, 0x16, 0x89, 0xB3, 0xD1, 0x50, 0x9A, 0x19, 0x44, 0x37, 0xDB, 0xAB, 0xEA, 0xCD, 0x56, 0xE2,
    0xC7, 0x0C, 0xA1, 0xCD, 0x35, 0x84, 0x3A, 0x8A, 0x63, 0x59, 0x09, 0x42, 0x9D, 0x95, 0x9E, 0x01,
    0xD5, 0x14, 0x5A, 0xA2, 0x61, 0x3F, 0x2D, 0x24, 0x90, 0x29, 0x65, 0x54, 0x01, 0x32, 0xB0, 0xA0,
    0xEB, 0x1D, 0x3C, 0xB9, 0x61, 0x24, 0x4A, 0x46, 0x04, 0x28, 0x9F, 0xCD, 0x96, 0x39, 0xDB, 0xDF,
    0x18, 0x09, 0x6B, 0x8F, 0x66, 0xFF, 0x85, 0x36, 0x4B, 0xEE, 0x09, 0x72, 0x12, 0x76, 0xA8, 0xD0,
    0x09, 0x51, 0x4A, 0x7A, 0x04, 0x50, 0xD6, 0x69, 0xD1, 0x8E, 0x59, 0xB5, 0x80, 0x87, 0xF6, 0x08,
    0xE7, 0x58, 0x71, 0xEB, 0x3C, 0xD8, 0x2D, 0x7F, 0x79, 0xCD, 0x26, 0xB5, 0xA2, 0x10, 0xE4, 0x8C,
    0x7D, 0x40, 0xF8, 0xA2, 0xF2, 0x28, 0x40, 0x2C, 0x55, 0x41, 0x1C, 0x2D, 0x16, 0x0E, 0x49, 0x20,
    0x0E, 0xDF, 0x7B, 0x28, 0x11, 0xAE, 0xB4, 0x4A, 0xD5, 0x63, 0x6C, 0xE0, 0x65, 0xCA, 0x1C, 0xB5,
    0x38, 0xC7, 0x2C, 0x73, 0x9C, 0xAB, 0x56, 0xED, 0x68, 0x25, 0xFF, 0x99, 0xB6, 0x3C, 0x3A, 0x15,
    0xAD, 0x63, 0x4B, 0x44, 0x55, 0x4F, 0x97, 0x21, 0x34, 0x01, 0xC7, 0x11, 0x25, 0x08, 0x63, 0xBC,
    0x0F, 0x11, 0x02, 0xEC, 0x24, 0xD0, 0x18, 0x73, 0xF5, 0xAC, 0xBC, 0x17, 0x62, 0x36, 0xA8, 0x82,
    0xB5, 0x3B, 0xA4, 0x05, 0x2A, 0x12, 0xAF, 0xD7, 0x16, 0xC2, 0x1E, 0x05, 0x90, 0xA3, 0xD9, 0x89,
    0x7D, 0x2C, 0x8B, 0xD5, 0x27, 0xF5, 0x54, 0x13, 0x7B, 0x64, 0xB4, 0xD1, 0x5D, 0x5D, 0x4C, 0xFE,
    0x83, 0xC6, 0x9A, 0x5A, 0x6B, 0x6F, 0x43, 0xCC, 0x64, 0x8C, 0x58, 0xB6, 0x67, 0x65, 0xB5, 0xB0,
    0x99, 0xF2, 0x7A, 0x53, 0xC6, 0x12, 0xBD, 0xDD, 0xA7, 0xAF, 0x22, 0x5F, 0xAE, 0xF7, 0x2A, 0xCD,
    0x69, 0x01, 0x71, 0x3A, 0x28, 0x0C, 0xC9, 0x48, 0x35, 0x3B, 0x10, 0xD6, 0x1A, 0xB5, 0x3F, 0x36,
    0xE5, 0xE9, 0x1A, 0xC5, 0x50, 0x28, 0x49, 0x8F, 0x4D, 0x6D, 0x4D, 0xEE, 0x41, 0x5D, 0x56, 0x8B,
    0x79, 0x38, 0x18, 0x15, 0x5D, 0x3C, 0xD7, 0xBF, 0x9C, 0x5F, 0x68, 0x72, 0xBE, 0x7A, 0x50, 0xFE,
    0xF2, 0x20, 0xA8, 0x5C, 0x13, 0xB1, 0x8B, 0x15, 0x70, 0xEC, 0xB3, 0xB1, 0x01, 0xC7, 0xC6, 0x1B,
    0x4A, 0xE7, 0xD8, 0x89, 0xD3, 0xBA, 0x93, 0x75, 0x9D, 0xDE, 0xBD, 0xB5, 0xDD, 0xD5, 0xBE, 0x1C,
    0x5F, 0x64, 0xA3, 0xEE, 0xE4, 0x45, 0xF6, 0xD6, 0xB5, 0x3A, 0x3C, 0x99, 0xEE, 0xE4, 0xC5, 0x0F,
    0xB6, 0x7D, 0xF4, 0x2F, 0x89, 0xFC, 0x8A, 0x7D, 0xFD, 0x71, 0x83, 0xDC, 0xB6, 0x0F, 0x6E, 0x95,
    0x19, 0x7B, 0x28, 0xBE, 0x9F, 0xF8, 0x6D, 0xC1, 0xDC, 0x72, 0x6C, 0x33, 0x01, 0x38, 0x97, 0xB7,
    0xE8, 0x20, 0x9E, 0x85, 0x11, 0xB0, 0x21, 0x55, 0xB6, 0x49, 0x77, 0x02, 0x6D, 0xBF, 0x4B, 0xAC,
    0x65, 0x0F, 0x84, 0xC4, 0xA8, 0x71, 0x3D, 0x10, 0x9B, 0xF8, 0x06, 0xE7, 0x1B, 0xF2, 0x19, 0xCB,
    0x06, 0x7E, 0xCD, 0x98, 0x70, 0x82, 0x87, 0x83, 0x45, 0x86, 0xCC, 0xE5, 0xEF, 0x69, 0x9E, 0xE1,
    0xE8, 0x89, 0xBF, 0x7F, 0x80, 0x0C, 0xCD, 0x30, 0x3A, 0xE4, 0xEA, 0x9A, 0x2D, 0x23, 0x3F, 0xA7,
    0xF7, 0x64, 0x6B, 0x68, 0xE0, 0x29, 0x03, 0x82, 0x00, 0x00, 0x0E, 0xEA, 0x86, 0xD9, 0xD8, 0x5D,
    0x29, 0x81, 0xE2, 0x76, 0xCC, 0xC0, 0x50, 0xF8, 0x2B, 0x16, 0x4C, 0x3F, 0xBB, 0xDE, 0x8E, 0x58,
    0xB1, 0x47, 0x9A, 0x6A, 0xF8, 0x09, 0xE1, 0x50, 0xBA, 0x58, 0x64, 0x29, 0x18, 0x41, 0xB0, 0xAB,
    0xA8, 0xCE, 0x73, 0x7A, 0x76, 0xBA, 0xD5, 0xE5, 0xBA, 0xFB, 0xC6, 0x5C, 0x58, 0xCD, 0x9F, 0xC3,
    0xD5, 0xC1, 0x33, 0x6C, 0xE7, 0xB5, 0xAE, 0xEB, 0xCC, 0x31, 0x4D, 0x93, 0x1C, 0x33, 0x0F, 0xD2,
    0xCD, 0x7E, 0xBA, 0xEE, 0x5D, 0xA0, 0x48, 0x4D, 0x37, 0x67, 0xA7, 0x25, 0x58, 0xF8, 0x41, 0x20,
    0xD6, 0x2D, 0x15, 0x63, 0x38, 0x68, 0xFB, 0x67, 0xFF, 0xC7, 0x75, 0xDA, 0x1F, 0x42, 0x2A, 0x07,
    0x16, 0x36, 0x14, 0x57, 0xFB, 0x43, 0x4C, 0xEC, 0x43, 0x18, 0xCF, 0x68, 0x55, 0x63, 0x27, 0x76,
    0x3E, 0xD2, 0xD8, 0xD8, 0x2A, 0x47, 0xA9, 0xE5, 0xC2, 0x9A, 0x83, 0x01, 0xB9, 0x0E, 0x38, 0x60,
    0x81, 0xE3, 0xD0, 0x1A, 0x52, 0x64, 0x6C, 0x00, 0x64, 0x90, 0xF4, 0x4D, 0xA8, 0x75, 0xF0, 0x5D,
    0x68, 0x18, 0x55, 0xDA, 0x90, 0x50, 0x63, 0x2A, 0xE3, 0xC3, 0x81, 0xDF, 0x66, 0x1E, 0x41, 0xBA,
    0x62, 0xFC, 0xEB, 0xD8, 0x84, 0xDF, 0xCB, 0x9D, 0x66, 0xCB, 0x1B, 0x49, 0x2C, 0x19, 0x19, 0xC9,
    0x3F, 0xD4, 0x27, 0x61, 0x2F, 0x84, 0x62, 0xC3, 0x4C, 0x9B, 0x82, 0xB1, 0x39, 0xA6, 0x2D, 0x31,
    0x65, 0xE8, 0xCA, 0x4D, 0xB3, 0xD8, 0x9E, 0x79, 0xF1, 0x09, 0xF5, 0x92, 0x72, 0x9D, 0xEC, 0xB1,
    0x7E, 0xAB, 0xE0, 0xC1, 0xF1, 0x90, 0x4F, 0xF1, 0x63, 0x03, 0x8B, 0x46, 0x04, 0x3D, 0xBC, 0x8A,
    0x88, 0x39, 0x78, 0x50, 0x8F, 0x0F, 0x41, 0x77, 0xD8, 0xCB, 0xAA, 0xF8, 0xED, 0x23, 0xB4, 0xCC,
    0xC1, 0x17, 0x67, 0xF5, 0x28, 0x4C, 0x00, 0x6D, 0x14, 0xC3, 0x9E, 0xE3, 0x08, 0xFB, 0x56, 0xFB,
    0x67, 0x5E, 0xFB, 0x6C, 0x50, 0x4F, 0x93, 0xB3, 0xDB, 0x5C, 0x8E, 0xAC, 0x4F, 0xA1, 0xBD, 0x7C,
    0x8E, 0xD5, 0x77, 0xC1, 0x75, 0x92, 0xE3, 0x3E, 0x8A, 0x40, 0xB7, 0x7A, 0x8E, 0x50, 0x4F, 0xDB,
    0x8E, 0xEC, 0xC3, 0xD0, 0xB0, 0xBA, 0xDC, 0x04, 0x02, 0x73, 0xF0, 0xBD, 0x8D, 0x9E, 0xCB, 0xFE,
    0x5D, 0xF4, 0xD2, 0xDA, 0x77, 0x16, 0x9E, 0xBB, 0xDF, 0x9B, 0xA3, 0xE7, 0x76, 0x76, 0xFA, 0x27,
    0x76, 0x17, 0x02, 0xD2, 0x08, 0x8A, 0xA0, 0x9A, 0x26, 0xED, 0x70, 0xD8, 0xFA, 0x35, 0x3F, 0x1B,
    0xBD, 0x24, 0x5A, 0xD4, 0xB9, 0x1E, 0x1C, 0xC2, 0xB7, 0xDA, 0x31, 0x56, 0xF3, 0x5B, 0x38, 0x46,
    0x52, 0x3D, 0x7E, 0x28, 0xAB, 0x52, 0x7D, 0x86, 0xBB, 0x53, 0x12, 0xA5, 0x0A, 0xCD, 0xFB, 0x93,
    0x46, 0xD2, 0xD1, 0x0C, 0x26, 0xD4, 0xA3, 0xDA, 0x8E, 0x58, 0xA3, 0xDF, 0x85, 0xE2, 0xA0, 0xED,
    0x53, 0x8B, 0x06, 0xEE, 0x1C, 0x8D, 0xB5, 0x75, 0x84, 0xEC, 0x78, 0xFA, 0x3D, 0x86, 0x8C, 0xAD,
    0x49, 0xFE, 0x95, 0xB3, 0xB4, 0x6A, 0x03, 0x90, 0x6A, 0x93, 0xDC, 0xE0, 0x7B, 0x78, 0xE9, 0x60,
    0xD7, 0x84, 0xBA, 0xC2, 0x73, 0x0D, 0x63, 0xF0, 0x80, 0x15, 0x8A, 0x75, 0x77, 0x65, 0xCA, 0x97,
    0x10, 0x4C, 0x78, 0x70, 0xA7, 0x23, 0xA7, 0x36, 0xB1, 0x09, 0xA3, 0x75, 0x1B, 0x52, 0xF4, 0x33,
    0x66, 0x48, 0x08, 0xEE, 0xEE, 0xB1, 0x1F, 0x8D, 0x89, 0x7C, 0xEB, 0x7F, 0xFD, 0x73, 0xA8, 0x69,
    0x16, 0xAA, 0x04, 0xEB, 0xC8, 0x72, 0xA0, 0x15, 0x17, 0xFD, 0x58, 0xDB, 0xA2, 0x29, 0xB5, 0x01,
    0x7F, 0xF2, 0x9D, 0x36, 0x48, 0xF9, 0xBD, 0xA1, 0xB6, 0xA3, 0x76, 0x8F, 0x21, 0xBB, 0x7B, 0xFC,
    0xA5, 0xAC, 0x88, 0x85, 0xC3, 0x70, 0x34, 0x14, 0x13, 0x11, 0xE1, 0x37, 0x32, 0xFC, 0x4C, 0xB4,
    0x7C, 0x75, 0xB3, 0x5B, 0x40, 0xE4, 0x90, 0x71, 0xDF, 0x46, 0x2E, 0x07, 0x80, 0x10, 0x5F, 0x14,
    0x56, 0x10, 0xDE, 0xC4, 0x13, 0xF6, 0xC0, 0x91, 0x2E, 0x51, 0x89, 0xFB, 0x56, 0xBB, 0xC3, 0xA8,
    0x84, 0x92, 0xF8, 0xE5, 0xD4, 0xD2, 0x8E, 0xFC, 0x94, 0x26, 0x57, 0x74, 0xA8, 0x3C, 0xC3, 0x50,
    0x73, 0x7C, 0xFF, 0x30, 0x5C, 0x5C, 0x58, 0x23, 0xCF, 0xE0, 0xC3, 0xC4, 0xAD, 0xD1, 0xF7, 0x3A,
    0xBD, 0x1D, 0x7F, 0xAF, 0x7D, 0xCB, 0x36, 0x3B, 0x71, 0x0A, 0x24, 0x82, 0xD3, 0x46, 0xDE, 0x49,
    0xF0, 0xBA, 0xC0, 0xF7, 0x2D, 0x30, 0xF0, 0xBE, 0xE2, 0x15, 0xAB, 0x3B, 0x3B, 0x81, 0x3C, 0x4F,
    0xA4, 0x9F, 0xA9, 0xBC, 0xBB, 0x1A, 0x7F, 0x97, 0x3C, 0x09, 0x5A, 0x58, 0x98, 0xD2, 0xFF, 0x01,
    0xAB, 0xDC, 0xC1, 0xCD, 0x9E, 0x9F, 0x59, 0xA0, 0x68, 0xC5, 0x2D, 0x24, 0x8D, 0x31, 0xF6, 0x34,
    0xCF, 0x09, 0x89, 0x91, 0x16, 0x03, 0x7E, 0x84, 0x11, 0xB9, 0x0F, 0x20, 0x0B, 0x39, 0x2B, 0x51,
    0xD3, 0x50, 0x85, 0xD0, 0x1D, 0x4B, 0x2B, 0xEA, 0xAB, 0x80, 0xFB, 0xD5, 0xDB, 0x13, 0x02, 0x19,
    0xE1, 0x0E, 0x8B, 0x55, 0x7D, 0x24, 0xC2, 0x19, 0x1B, 0x42, 0x5B, 0x98, 0x77, 0x7B, 0xEF, 0x3A,
    0xC6, 0xAD, 0x22, 0x96, 0x68, 0x23, 0x5E, 0xA3, 0x37, 0x81, 0x17, 0x27, 0xCC, 0xC0, 0xE1, 0x2E,
    0x61, 0x09, 0x8A, 0x26, 0xF3, 0xA0, 0x90, 0x14, 0x51, 0xAD, 0x06, 0x6D, 0x2C, 0x58, 0x8B, 0x0A,
    0x2C, 0x4E, 0x41, 0x3C, 0x85, 0x41, 0xEA, 0x92, 0x3D, 0x7F, 0x4F, 0xE7, 0x78, 0x9F, 0x8E, 0xA8,
    0xA8, 0xC0, 0x15, 0xE9, 0xB3, 0x0A, 0x26, 0xA2, 0x85, 0xE6, 0x8A, 0x20, 0xB4, 0xBF, 0x06, 0x19,
    0xFB, 0x4F, 0x1A, 0x54, 0xD6, 0x25, 0x97, 0xAB, 0xFC, 0x76, 0x73, 0xD2, 0x1B, 0x9D, 0x14, 0x4F,
    0x5F, 0x80, 0xE3, 0x53, 0xC7, 0x37, 0x87, 0xA0, 0x8B, 0x30, 0xD5, 0xE2, 0x3A, 0xD7, 0x2E, 0xD9,
    0x72, 0x48, 0x3E, 0x9F, 0x6A, 0x2B, 0xA9, 0xD6, 0xEF, 0x0B, 0x61, 0x7C, 0x2D, 0x95, 0xAB, 0x63,
    0x39, 0xF9, 0x5A, 0xDE, 0x1D, 0x6D, 0xCF, 0xAF, 0x2A, 0xFC, 0x20, 0x73, 0x0E, 0xC5, 0x40, 0x4F,
    0xE6, 0x8A, 0x28, 0x04, 0xED, 0xFE, 0x48, 0xE4, 0x1E, 0xA6, 0xC6, 0x62, 0xB8, 0xE6, 0x5A, 0x41,
    0xBF, 0x32, 0x01, 0xB5, 0xF2, 0x79, 0x6B, 0x81, 0x9C, 0xA9, 0xBE, 0xBB, 0x99, 0x43, 0x5C, 0xE0,
    0xF0, 0x39, 0x04, 0xFF, 0x6D, 0x61, 0xE8, 0x13, 0x0C, 0x34, 0x9B, 0xA9, 0x97, 0x6D, 0x2E, 0x52,
    0xA9, 0x8B, 0x34, 0x74, 0x2F, 0x88, 0xAE, 0x9E, 0x1C, 0xDA, 0xCD, 0x45, 0x50, 0xAA, 0x84, 0x6F,
    0xE4, 0x5B, 0xFD, 0x8C, 0x04, 0xC2, 0x2B, 0xD7, 0x0E, 0x51, 0x0A, 0x5D, 0x00, 0xCF, 0x9C, 0xDF,
    0x90, 0x06, 0xBC, 0x74, 0x52, 0x40, 0x40, 0xB5, 0x3A, 0x17, 0xC4, 0xBC, 0x05, 0xEB, 0xBB, 0x06,
    0x6C, 0x0D, 0x04, 0x7A, 0x65, 0xEB, 0x57, 0x8B, 0xCA, 0x3E, 0x12, 0xDB, 0xD8, 0x1B, 0xE0, 0x37,
    0xBC, 0x51, 0x15, 0xF1, 0x86, 0xF9, 0x18, 0x21, 0x0D, 0x4D, 0xDC, 0x0B, 0x03, 0xA8, 0x32, 0xA6,
    0x2A, 0x97, 0x04, 0xA5, 0x37, 0x48, 0x8F, 0x33, 0xE1, 0x0E, 0x78, 0x7E, 0x63, 0x1F, 0xCA, 0x64,
    0xDB, 0x7C, 0x91, 0xB5, 0x44, 0xB9, 0x1B, 0xE4, 0x33, 0x9A, 0xA8, 0xFA, 0x1E, 0xA5, 0x99, 0xFC,
    0x1C, 0xFE, 0x46, 0xAC, 0x23, 0x9F, 0xEB, 0x83, 0xC2, 0x07, 0x99, 0x69, 0x39, 0xF2, 0xAB, 0x48,
    0x36, 0xF1, 0x73, 0xAA, 0x39, 0x6E, 0x52, 0x44, 0x5B, 0x5F, 0xC2, 0x48, 0x83, 0x03, 0xBA, 0x4E,
    0x90, 0xA9, 0x58, 0xC7, 0x7F, 0x8E, 0x32, 0x29, 0xD9, 0x4A, 0x22, 0x0D, 0xAB, 0xB7, 0x4B, 0x76,
    0x3A, 0x7E, 0x6C, 0x51, 0x35, 0x84, 0xCB, 0xD5, 0x70, 0x26, 0xCC, 0xE5, 0xDA, 0x07, 0x64, 0x6A,
    0x88, 0xC2, 0x1E, 0xF7, 0x71, 0x67, 0x58, 0xFC, 0xB3, 0xE9, 0x78, 0x83, 0xD5, 0x2D, 0x76, 0xEC,
    0xF9, 0x6D, 0x57, 0x19, 0x48, 0xC7, 0x6F, 0x66, 0x6B, 0xC5, 0x46, 0xF6, 0x23, 0x45, 0xE6, 0x50,
    0x6F, 0x99, 0x2B, 0xA6, 0x8F, 0x32, 0x72, 0xBB, 0x71, 0xEF, 0x95, 0x46, 0x02, 0x9D, 0x47, 0xAA,
    0xB9, 0xB7, 0xA2, 0xFF, 0x96, 0xD7, 0xF9, 0xC3, 0x58, 0x21, 0xD0, 0xFB, 0xF4, 0x7D, 0xBB, 0x35,
    0xF1, 0xCC, 0x5F, 0x21, 0x29, 0x56, 0x6C, 0x53, 0x8E, 0xF8, 0x4D, 0x65, 0x2B, 0x53, 0x36, 0x22,
    0x23, 0xC9, 0xBB, 0x28, 0xB7, 0xDF, 0x9D, 0x63, 0x66, 0xD4, 0xDF, 0x62, 0x6B, 0xA0, 0xD9, 0x90,
    0xAE, 0x09, 0x20, 0xE3, 0xBA, 0x4B, 0xF4, 0xA3, 0x14, 0x99, 0xF9, 0x15, 0x60, 0x5A, 0xB3, 0xE3,
    0xB2, 0x09, 0x93, 0x56, 0x1B, 0x5C, 0x94, 0x8E, 0xCB, 0x7D, 0x30, 0xC0, 0xF8, 0xA3, 0x34, 0x34,
    0x96, 0x6F, 0xA2, 0x83, 0x8D, 0x91, 0x9C, 0xEB, 0x17, 0x04, 0xAD, 0x17, 0xE3, 0x8F, 0x10, 0xCD,
    0xDC, 0xAA, 0xBF, 0x7D, 0x75, 0x89, 0xFF, 0x9F, 0x02, 0x5D, 0xDE, 0xFF, 0x7F, 0x7F, 0xC6, 0xFE,
    0x4F, 0xAC, 0x01, 0xE2, 0xB7, 0xC2, 0xE7, 0x7E, 0x21, 0x72, 0xA7, 0xF8, 0xDB, 0x94, 0xC4, 0xFB,
    0xFC, 0x66, 0x62, 0x97, 0x13, 0x26, 0xF8, 0x2A, 0xE1, 0x5D, 0xBF, 0x51, 0x42, 0xB6, 0x25, 0x70,
    0x7A, 0x7F, 0xD3, 0xDF, 0x99, 0xC3, 0x27, 0xC6, 0xFC, 0x25, 0x39, 0xBB, 0xFD, 0x1D, 0x5D, 0x7A,
    0x09, 0xCD, 0xB1, 0xC8, 0xC5, 0x86, 0x45, 0x7B, 0xCC, 0x78, 0xFF, 0x0B, 0xCD, 0x5A, 0xBD, 0x93,
    0xDD, 0x56, 0x15, 0xBF, 0x92, 0xF0, 0x0A, 0x22, 0x86, 0x4B, 0x41, 0x66, 0x00, 0x0F, 0xA3, 0x86,
    0x36, 0x7B, 0xF9, 0x03, 0x8C, 0xAF, 0xE2, 0x2D, 0x52, 0x50, 0xD8, 0x45, 0x5C, 0x51, 0x84, 0x82,
    0x82, 0x61, 0x86, 0x59, 0x0A, 0x8A, 0x14, 0x71, 0xA4, 0xB0, 0x33, 0x50, 0x30, 0x03, 0xA6, 0x4A,
    0x9B, 0x82, 0x82, 0x19, 0x0A, 0x53, 0x64, 0x18, 0x17, 0xBB, 0x96, 0xD6, 0x5B, 0xB8, 0x70, 0x81,
    0x9C, 0x14, 0x29, 0x28, 0x22, 0x27, 0xCB, 0xA4, 0x48, 0x91, 0x9B, 0xA0, 0x80, 0x6C, 0x5F, 0xE9,
    0xF2, 0xFB, 0x9D, 0xFB, 0xDE, 0x7A, 0x6D, 0x63, 0x3E, 0x37, 0xD8, 0xCF, 0x7E, 0x77, 0xDF, 0xD3,
    0xC7, 0x39, 0xE7, 0x9E, 0x8F, 0xDF, 0xF9, 0xD0, 0x53, 0xAF, 0x2A, 0x3B, 0x94, 0x3E, 0x5B, 0xD4,
    0xAB, 0x4A, 0xA9, 0x53, 0x55, 0xD6, 0x27, 0xA3, 0xDA, 0x53, 0xB6, 0x2A, 0xBB, 0xC2, 0x65, 0x3E,
    0x09, 0xAA, 0xED, 0xAC, 0x2B, 0x7D, 0x11, 0xB2, 0xD0, 0xD4, 0xDD, 0xA9, 0x0A, 0x57, 0xE9, 0x46,
    0xA9, 0xBC, 0x57, 0x2A, 0x1D, 0x95, 0x3A, 0x1D, 0x0E, 0x55, 0x1D, 0x42, 0xD3, 0x86, 0x5F, 0xF4,
    0xED, 0x3B, 0xB7, 0xC6, 0xFA, 0xAD, 0x71, 0xD7, 0x0E, 0xFE, 0x54, 0xE9, 0xAC, 0x2A, 0xBC, 0x6E,
    0xB2, 0x05, 0x57, 0x86, 0x9F, 0x8E, 0xE0, 0xE2, 0x9F, 0x2D, 0xBC, 0xD5, 0x4D, 0x38, 0xFF, 0xF3,
    0xDE, 0xDC, 0x7B, 0xDF, 0xA5, 0x21, 0x78, 0x55, 0xE0, 0x76, 0x65, 0x8F, 0xD1, 0xC4, 0xEB, 0xD9,
    0x0B, 0x58, 0xEA, 0x00, 0x4E, 0xE1, 0x23, 0x87, 0x65, 0x67, 0x56, 0x10, 0xA2, 0xC5, 0xB1, 0xFE,
    0x0B, 0xB8, 0xD8, 0xF1, 0xEA, 0x09, 0x4B, 0x8E, 0xE3, 0x2A, 0x0D, 0xBC, 0x25, 0x74, 0xF8, 0x1A,
    0xC2, 0xA2, 0x92, 0x00, 0x59, 0x1E, 0x38, 0x03, 0xBA, 0xCA, 0xE2, 0xB4, 0x32, 0xFD, 0x7A, 0xA9,
    0x79, 0x11, 0x97, 0xA1, 0xC4, 0x32, 0xA9, 0xCF, 0xE3, 0xD8, 0x1B, 0xBB, 0x4A, 0x15, 0x9D, 0xDF,
    0x1E, 0xF7, 0x54, 0x1B, 0x40, 0x6E, 0x49, 0x66, 0xCA, 0xE3, 0xD5, 0x59, 0x95, 0x38, 0xE5, 0x54,
    0xD6, 0x67, 0x9D, 0xD2, 0x95, 0x56, 0xEA, 0xDB, 0xF1, 0xD0, 0x25, 0x8A, 0xCC, 0xAB, 0x74, 0x08,
    0xB3, 0x9A, 0xCC, 0x78, 0x89, 0x5B, 0x78, 0x85, 0xB4, 0x2E, 0x98, 0xE0, 0xCB, 0xF0, 0x71, 0x08,
    0xFB, 0x21, 0x24, 0x01, 0x2A, 0x50, 0xDA, 0x63, 0x07, 0xAA, 0xED, 0x4B, 0x10, 0x5A, 0x72, 0xCF,
    0x5D, 0x04, 0xCA, 0x5A, 0x87, 0x26, 0x8A, 0xA0, 0x02, 0xA5, 0x2D, 0x82, 0x88, 0x37, 0x45, 0x11,
    0x1D, 0x76, 0xC4, 0xC3, 0xF9, 0xC2, 0x8D, 0xB4, 0x3C, 0x05, 0x3A, 0xAB, 0xDD, 0xAA, 0x92, 0x1F,
    0xC1, 0x48, 0xA9, 0x8C, 0xF2, 0xAA, 0x3F, 0xFC, 0xE9, 0x47, 0xF1, 0xFF, 0x9B, 0xD8, 0xFA, 0xFA,
    0xF3, 0x1F, 0x70, 0xD3, 0x95, 0xBB, 0xB8, 0x19, 0xD7, 0xD9, 0xC1, 0x74, 0x85, 0x4F, 0x26, 0xA8,
    0xC4, 0x54, 0x20, 0x74, 0x41, 0x85, 0x91, 0x5A, 0xC3, 0x52, 0x86, 0x01, 0xBC, 0x43, 0x97, 0x2E,
    0xE5, 0x02, 0x41, 0x6B, 0xA7, 0xC7, 0x0C, 0x92, 0x57, 0xF0, 0x8C, 0x09, 0xD2, 0x86, 0xDB, 0x41,
    0x4E, 0x83, 0xDD, 0xB0, 0xB2, 0x4C, 0x4D, 0xEE, 0xA1, 0xCF, 0x5C, 0x36, 0xAB, 0x5A, 0xD5, 0x5D,
    0x31, 0xC0, 0x24, 0xED, 0x87, 0x0B, 0xAD, 0x50, 0xA9, 0xE4, 0x22, 0x65, 0x53, 0x53, 0xBB, 0x33,
    0xB7, 0x07, 0x0B, 0x56, 0x7C, 0xC6, 0x81, 0xA5, 0x8A, 0xCA, 0xC7, 0x1F, 0x33, 0x24, 0x30, 0xA8,
    0x86, 0x78, 0x7B, 0x2A, 0x73, 0x1B, 0xE1, 0xD7, 0xA3, 0xDA, 0xC5, 0xAD, 0x79, 0xA7, 0x93, 0x70,
    0xCE, 0x6D, 0xA6, 0xBD, 0xED, 0xB4, 0x72, 0x67, 0x8A, 0x51, 0xB9, 0xE2, 0x85, 0x86, 0xBA, 0x79,
    0xF9, 0x27, 0x1A, 0x96, 0xCF, 0x6E, 0x3E, 0x4F, 0x6D, 0x9C, 0x79, 0x53, 0xBE, 0xDC, 0xA8, 0x78,
    0xE6, 0xCC, 0xCB, 0x1A, 0x97, 0xE5, 0x3B, 0x5D, 0x8D, 0x7B, 0xDE, 0x7C, 0x2E, 0x0D, 0xCF, 0x3B,
    0xDC, 0x0B, 0x6A, 0xE9, 0x50, 0x74, 0x79, 0xB8, 0xFC, 0x8A, 0x38, 0x98, 0xA9, 0x14, 0xBC, 0xA2,
    0xE8, 0x55, 0x3A, 0xAB, 0xD3, 0x4E, 0xDC, 0x65, 0x12, 0x2F, 0x81, 0x03, 0xAA, 0x6D, 0x6C, 0xBB,
    0xAE, 0xAE, 0xE9, 0xCE, 0x66, 0xCE, 0xBC, 0xE6, 0xF5, 0x70, 0x2D, 0x1B, 0x6D, 0xB5, 0xA7, 0xBB,
    0xF2, 0xDD, 0x4F, 0x9F, 0x5F, 0xDA, 0x46, 0x94, 0x3C, 0x5C, 0xBC, 0x08, 0xCF, 0x2C, 0xF6, 0x11,
    0x1F, 0x65, 0x53, 0x0C, 0x5E, 0xD5, 0xBA, 0xCB, 0xDD, 0xA2, 0xEA, 0x5F, 0x21, 0x50, 0x82, 0x32,
    0x07, 0xD0, 0xC0, 0xF9, 0x41, 0x2D, 0xA6, 0x4B, 0x7D, 0x5D, 0x65, 0x38, 0x53, 0xDC, 0xF6, 0x4A,
    0x1F, 0x38, 0x65, 0x18, 0x03, 0x78, 0xBD, 0x1B, 0xE8, 0x2B, 0x20, 0x46, 0x5B, 0x7E, 0xFB, 0x91,
    0x0F, 0x5F, 0x35, 0xC1, 0x85, 0x70, 0x10, 0x16, 0x4D, 0xA3, 0x3C, 0x5E, 0x5D, 0x4A, 0x21, 0x46,
    0x77, 0x21, 0x10, 0xD4, 0x85, 0x6D, 0x74, 0x50, 0x97, 0xD9, 0x5F, 0xA0, 0xAE, 0x14, 0x92, 0x43,
    0x5D, 0xA6, 0x9B, 0xA1, 0xAE, 0xD4, 0x9B, 0x2A, 0xBB, 0x59, 0x19, 0xF8, 0xD4, 0x99, 0x37, 0x45,
    0xA2, 0x1B, 0x95, 0xB9, 0xEE, 0xA1, 0xAE, 0xD4, 0x97, 0x3D, 0xD4, 0x65, 0xBA, 0x05, 0xEA, 0xCA,
    0xE7, 0xFC, 0x53, 0xA8, 0x2B, 0x8C, 0xE5, 0x27, 0x50, 0x17, 0x38, 0xEE, 0xFE, 0x4B, 0x75, 0x99,
    0x10, 0x34, 0xE5, 0x0C, 0xAE, 0x18, 0xAC, 0x7F, 0xF9, 0xB9, 0xDF, 0x7F, 0xE9, 0xEA, 0xA6, 0xF5,
    0xC5, 0xC0, 0x7B, 0xD5, 0x63, 0x17, 0x2A, 0xC0, 0xCB, 0xF2, 0x4F, 0xAE, 0x7B, 0xF4, 0x75, 0xEC,
    0xB6, 0xED, 0x3B, 0xAA, 0xDD, 0xEE, 0xED, 0x96, 0xD7, 0x90, 0x1C, 0x10, 0xC5, 0xB8, 0x36, 0xF2,
    0xDF, 0x36, 0xAA, 0x3D, 0xD7, 0x2C, 0xE9, 0x6D, 0x48, 0xD9, 0x52, 0xC5, 0xDB, 0xB3, 0xBA, 0xC6,
    0x4B, 0xA7, 0xB4, 0x9A, 0x15, 0x83, 0x14, 0xEB, 0x76, 0xAF, 0x32, 0xF0, 0x6E, 0xF3, 0xCE, 0xEE,
    0x8C, 0xD8, 0xFC, 0x76, 0x97, 0x53, 0xC5, 0xA6, 0x32, 0xCE, 0x4C, 0xE5, 0x54, 0x0E, 0x25, 0xEC,
    0xAC, 0x5D, 0xE1, 0x55, 0xE9, 0xE0, 0xCD, 0x06, 0x51, 0x00, 0xC5, 0xC3, 0xD1, 0x2C, 0xE3, 0xD6,
    0x76, 0xC6, 0xC1, 0xD1, 0xED, 0x40, 0x40, 0x84, 0x39, 0x01, 0x86, 0x2A, 0x54, 0x5C, 0x54, 0xDB,
    0xC0, 0x69, 0xC3, 0x2F, 0xD3, 0xF0, 0x51, 0xF0, 0x59, 0x58, 0xEA, 0x31, 0xFB, 0xF0, 0xD0, 0xF4,
    0x82, 0x66, 0x54, 0x8A, 0xD2, 0x5C, 0x0C, 0x17, 0x3B, 0xAC, 0xD1, 0xA8, 0xA4, 0x71, 0xD5, 0x95,
    0x10, 0x10, 0x58, 0x8B, 0x09, 0x6F, 0x3B, 0x8B, 0x77, 0x8D, 0x77, 0x7B, 0xEC, 0x5D, 0xAF, 0x8E,
    0x6B, 0xBC, 0x93, 0xF6, 0x6D, 0xBA, 0xFC, 0xBF, 0xFD, 0x2E, 0xCF, 0xFF, 0xC5, 0x5F, 0x22, 0x6A,
    0x65, 0x87, 0x80, 0xC3, 0x59, 0xF9, 0x76, 0x6A, 0x2F, 0xAB, 0xED, 0x9D, 0x30, 0xBC, 0x3E, 0x26,
    0xF0, 0x5D, 0x65, 0x1A, 0x8D, 0xF8, 0xC5, 0xC7, 0x16, 0x1F, 0x5F, 0x3A, 0x64, 0x58, 0x97, 0x80,
    0xE9, 0xBA, 0xB1, 0x5B, 0xAE, 0xEC, 0x66, 0x98, 0x76, 0x6B, 0xD4, 0xF8, 0xEB, 0xEC, 0x8E, 0xCB,
    0xFF, 0x36, 0xAA, 0xED, 0x21, 0x9A, 0x63, 0x78, 0x16, 0x61, 0x90, 0xB8, 0xB3, 0x2A, 0x43, 0x08,
    0xE8, 0xEB, 0x50, 0xD4, 0xCF, 0xA1, 0x18, 0xF8, 0xE6, 0x62, 0xBB, 0x0C, 0x6E, 0x56, 0x7C, 0x3C,
    0x2B, 0xCB, 0x90, 0x00, 0xDD, 0x1B, 0x60, 0x65, 0x2B, 0x7D, 0x1D, 0xEE, 0x5A, 0x36, 0x79, 0x4F,
    0x0F, 0xDA, 0xC6, 0xC6, 0x7F, 0x90, 0x13, 0xB1, 0xCE, 0x26, 0xBF, 0x73, 0x04, 0xFF, 0x74, 0x92,
    0x14, 0xB0, 0x10, 0x32, 0x68, 0x55, 0xA8, 0x46, 0x77, 0x0A, 0xC6, 0xC8, 0x1D, 0x31, 0x16, 0xA7,
    0xF1, 0x15, 0x3B, 0xD0, 0xDD, 0x46, 0x65, 0xAB, 0x02, 0x58, 0x53, 0x76, 0x79, 0xAF, 0x47, 0xC0,
    0x45, 0xAF, 0xFD, 0xA9, 0x8B, 0xD9, 0xA0, 0x5B, 0xEE, 0x58, 0x9F, 0xEF, 0xB8, 0xBE, 0x30, 0xA8,
    0xD4, 0x95, 0xC8, 0x4D, 0xE9, 0x08, 0x2F, 0x45, 0x3A, 0x83, 0xEB, 0x8E, 0xC4, 0x1F, 0x50, 0x81,
    0xF9, 0xF3, 0x81, 0x2B, 0x4E, 0x7F, 0x45, 0x91, 0xA8, 0xC8, 0xF3, 0xFD, 0x24, 0x88, 0x24, 0x5F,
    0x6B, 0x99, 0x04, 0x68, 0x34, 0xA6, 0x36, 0x08, 0x74, 0x49, 0x82, 0x8E, 0x7E, 0xE1, 0xB1, 0x5D,
    0x58, 0x4D, 0x48, 0x40, 0x22, 0x86, 0x08, 0x64, 0xD9, 0x6F, 0xFB, 0x6C, 0x4C, 0xC7, 0x6B, 0x6D,
    0x55, 0xAB, 0x4B, 0xE6, 0xA7, 0xF0, 0x53, 0xBD, 0x33, 0x99, 0xFD, 0x8B, 0x5B, 0x43, 0xB9, 0x35,
    0xF1, 0x26, 0xE8, 0x99, 0xD7, 0x82, 0x08, 0xE8, 0xE6, 0x23, 0x03, 0x17, 0x01, 0x45, 0xBA, 0xCB,
    0x06, 0x37, 0x57, 0x57, 0x0E, 0x74, 0x11, 0x50, 0x64, 0x00, 0xDD, 0x2A, 0x83, 0xF8, 0x7A, 0x46,
    0x82, 0x36, 0x73, 0xF9, 0x10, 0x18, 0x16, 0x7B, 0x05, 0x10, 0x44, 0xA5, 0x8D, 0x24, 0x24, 0xD8,
    0x0A, 0x10, 0xCE, 0x6C, 0x70, 0x16, 0x64, 0x43, 0x45, 0xD5, 0xA4, 0x3E, 0x65, 0x52, 0x2C, 0x3B,
    0x84, 0xD0, 0x59, 0x04, 0x77, 0x55, 0xDE, 0x70, 0xED, 0x0B, 0x43, 0x3E, 0xD9, 0xD0, 0x4F, 0x48,
    0x40, 0xED, 0x65, 0xAB, 0xDA, 0x91, 0x5B, 0xDB, 0x84, 0x2C, 0xA9, 0x2B, 0x76, 0x70, 0x39, 0x7C,
    0x03, 0x19, 0xBF, 0x6C, 0x98, 0x35, 0xA1, 0x41, 0xF2, 0xF6, 0xA2, 0x23, 0x18, 0x01, 0x9F, 0x08,
    0x05, 0xD8, 0xF7, 0x8B, 0xB2, 0x5B, 0x81, 0x03, 0xC4, 0x05, 0x10, 0x5F, 0xFE, 0x18, 0x71, 0x5E,
    0x02, 0x57, 0xDE, 0x51, 0x42, 0xF0, 0x48, 0x58, 0x07, 0x0C, 0xAA, 0x9C, 0xB0, 0x0D, 0x11, 0x0F,
    0x19, 0xE6, 0x8D, 0xD0, 0x99, 0x9B, 0x1E, 0x3E, 0x31, 0x86, 0xD7, 0x40, 0x3F, 0x0D, 0x97, 0x55,
    0x2C, 0x1A, 0x56, 0xB9, 0x5B, 0x2E, 0x5D, 0xE7, 0x33, 0x04, 0x1D, 0xD7, 0xC4, 0xDF, 0x0F, 0xFD,
    0xAF, 0xF3, 0xFA, 0x98, 0xF0, 0x55, 0x2B, 0x2B, 0xCD, 0x84, 0xBB, 0x48, 0x22, 0x17, 0x3C, 0xD2,
    0xB2, 0x9A, 0x8F, 0x78, 0x97, 0xFD, 0xA3, 0x24, 0xA5, 0xEF, 0x60, 0x4D, 0x96, 0x02, 0x0C, 0x32,
    0xCF, 0xD4, 0x59, 0x48, 0x12, 0xD5, 0xB2, 0xDA, 0x9E, 0x2C, 0xEB, 0x2E, 0x85, 0xB3, 0x87, 0x0A,
    0x19, 0x2E, 0x65, 0xC9, 0xD0, 0x10, 0x16, 0x42, 0x57, 0x30, 0x0D, 0x77, 0x28, 0x0D, 0x34, 0x01,
    0x87, 0xAB, 0x3A, 0x0A, 0xD4, 0x96, 0x22, 0x26, 0x22, 0x68, 0x4C, 0xC7, 0xA5, 0x44, 0x83, 0x55,
    0x4F, 0x97, 0xB4, 0xB1, 0x3E, 0x30, 0xB2, 0xD6, 0x22, 0xE7, 0xDC, 0x52, 0x06, 0x24, 0x33, 0x3A,
    0x61, 0xD9, 0x3D, 0x55, 0xD2, 0xD6, 0xE7, 0x1C, 0x33, 0xCA, 0xAA, 0x78, 0xA3, 0x84, 0xE7, 0xE6,
    0x87, 0xE1, 0x5F, 0x8A, 0xC1, 0x27, 0x2B, 0x67, 0x32, 0x16, 0x2C, 0x4E, 0x3D, 0x11, 0x3C, 0xF7,
    0x14, 0x25, 0x7E, 0x8E, 0xC7, 0x9F, 0x36, 0x69, 0x63, 0xBC, 0xE2, 0x6E, 0xAE, 0x67, 0x59, 0x93,
    0xAA, 0x57, 0x44, 0xCE, 0x5D, 0xF9, 0xBC, 0x6B, 0x44, 0x42, 0xD1, 0xB3, 0x24, 0xA7, 0xFF, 0xD8,
    0x1F, 0xDE, 0xFD, 0xCC, 0x24, 0xE7, 0xDD, 0xC2, 0x15, 0x15, 0x78, 0x58, 0x62, 0xB6, 0x91, 0xA2,
    0x47, 0x59, 0x1C, 0x9E, 0x45, 0x84, 0x45, 0x92, 0x41, 0x1A, 0xEA, 0x28, 0x7B, 0x7B, 0x73, 0x4E,
    0xDF, 0x10, 0xF0, 0x08, 0xDD, 0x59, 0xCA, 0x3B, 0x6B, 0x5F, 0xF4, 0x52, 0xF7, 0x4B, 0xA1, 0xC1,
    0xE6, 0x46, 0x1C, 0x8C, 0xB4, 0x2B, 0x2F, 0xEE, 0x16, 0x1C, 0x35, 0x51, 0x77, 0x10, 0xEF, 0x37,
    0x4C, 0xF8, 0x71, 0xD7, 0x28, 0x64, 0xB1, 0x03, 0x16, 0x6A, 0x0D, 0xE1, 0x6B, 0x8F, 0x09, 0x1B,
    0xE1, 0xA4, 0x3B, 0xC1, 0xBD, 0x2E, 0xF1, 0x90, 0x91, 0xDD, 0x05, 0xA5, 0xEE, 0x4C, 0x2C, 0xDA,
    0x57, 0x85, 0x2E, 0x5B, 0x8E, 0xFA, 0xEE, 0x15, 0x54, 0xD6, 0x03, 0xA4, 0x04, 0x37, 0xCB, 0x45,
    0x77, 0x2D, 0x41, 0x9C, 0xC4, 0x5F, 0x34, 0xE3, 0x3A, 0x38, 0x05, 0x3D, 0x52, 0xE9, 0x4A, 0xA4,
    0xA2, 0x97, 0x33, 0xC5, 0xBC, 0x3A, 0x58, 0xA0, 0xF6, 0x66, 0x0E, 0xF3, 0x2A, 0x99, 0x88, 0x36,
    0x8B, 0x32, 0xA8, 0xAF, 0xAB, 0x34, 0xDC, 0xC5, 0x17, 0x6C, 0x04, 0x46, 0x2A, 0x5F, 0x54, 0x92,
    0xC4, 0x08, 0x47, 0x02, 0x44, 0xA4, 0xC2, 0x94, 0xAF, 0xA2, 0x79, 0x0E, 0x45, 0x2F, 0xAF, 0xAA,
    0x75, 0xB5, 0x51, 0xDC, 0xEF, 0x1E, 0xD2, 0x68, 0xF5, 0xFE, 0xE1, 0xF2, 0xAA, 0xE1, 0x76, 0xB0,
    0x71, 0x54, 0xB3, 0xD0, 0x05, 0x10, 0x18, 0x28, 0x5E, 0x47, 0xA1, 0xA0, 0xA3, 0xDF, 0x72, 0xFB,
    0x96, 0xBE, 0x81, 0x7C, 0x50, 0xF2, 0xC2, 0x82, 0x56, 0x4A, 0x45, 0x9D, 0xAB, 0x33, 0x50, 0x68,
    0x39, 0xC5, 0x8D, 0xA4, 0x97, 0xD1, 0x78, 0xC1, 0x07, 0x21, 0xF0, 0x4C, 0xCD, 0xD6, 0xA9, 0x28,
    0x8D, 0x26, 0x15, 0x93, 0x31, 0x8D, 0x52, 0xD9, 0x2B, 0xF4, 0x8F, 0xCB, 0x7C, 0x94, 0x18, 0x9E,
    0x98, 0x60, 0x51, 0x9B, 0xF2, 0x51, 0x1C, 0x27, 0xD4, 0x00, 0xA4, 0x16, 0xA9, 0x17, 0x1C, 0xE7,
    0x27, 0x29, 0xD8, 0x59, 0xD4, 0x0C, 0xCA, 0xDE, 0x62, 0x5C, 0x4D, 0x28, 0x37, 0xB3, 0x99, 0x89,
    0x52, 0x0E, 0xFE, 0x83, 0x4A, 0xF9, 0xFF, 0x28, 0x18, 0xC2, 0x8D, 0xA1, 0x01, 0x87, 0x45, 0x54,
    0x03, 0x05, 0xD6, 0xC8, 0xB3, 0xAA, 0x12, 0x25, 0x54, 0x85, 0x2C, 0xE9, 0x11, 0x04, 0x50, 0x3F,
    0xD3, 0xDA, 0x20, 0xC4, 0x20, 0x68, 0x63, 0x29, 0xC1, 0x40, 0xF1, 0x42, 0x01, 0x91, 0x90, 0xC6,
    0xD3, 0x99, 0xB4, 0x9B, 0x40, 0x01, 0x7A, 0x35, 0x4B, 0x1B, 0x38, 0xB2, 0x10, 0xC0, 0x15, 0x8B,
    0x94, 0x25, 0xC7, 0xF8, 0x64, 0x8C, 0x3E, 0x50, 0x21, 0xE9, 0x32, 0x56, 0x46, 0x24, 0xA3, 0xA5,
    0xC9, 0x16, 0xC2, 0xDC, 0xBD, 0x71, 0xEA, 0xF1, 0x17, 0xB1, 0x8B, 0x8E, 0xCC, 0xC0, 0x84, 0xC0,
    0xD9, 0xCE, 0xAA, 0xF8, 0x1B, 0x14, 0x97, 0xBB, 0xCC, 0xDD, 0x07, 0xC9, 0x13, 0x66, 0xB6, 0x09,
    0x13, 0xB6, 0x3B, 0xE8, 0xAE, 0x0F, 0x66, 0xFC, 0x9D, 0xE5, 0xFB, 0x83, 0xE6, 0x1C, 0xE4, 0xCD,
    0xFB, 0xF8, 0x26, 0x29, 0xA2, 0x05, 0xA9, 0xDB, 0xD5, 0x9B, 0x28, 0xC8, 0xD0, 0x66, 0x79, 0x12,
    0xE2, 0x9B, 0x42, 0x50, 0x59, 0x64, 0x99, 0xAD, 0xDE, 0xE4, 0xC7, 0x37, 0xF0, 0x6B, 0xA9, 0x04,
    0x02, 0x47, 0x5E, 0x5B, 0x4B, 0xB1, 0x66, 0x26, 0x92, 0x06, 0x35, 0x10, 0x6A, 0x51, 0xA4, 0xB1,
    0xCC, 0xD1, 0xAC, 0x46, 0x79, 0xAC, 0xF4, 0xB0, 0x76, 0x55, 0x7F, 0x82, 0xBE, 0x15, 0x84, 0xC1,
    0xBA, 0x88, 0x00, 0xE7, 0x32, 0xB9, 0x0E, 0x37, 0xE2, 0xD2, 0xBA, 0x87, 0x20, 0xE0, 0x99, 0x07,
    0xF9, 0x36, 0xD0, 0xBF, 0x16, 0x75, 0x5A, 0x46, 0x31, 0xAD, 0x80, 0x16, 0x5E, 0xD7, 0xCE, 0x49,
    0x2B, 0x24, 0x73, 0x8E, 0x95, 0xB6, 0xB3, 0xEE, 0xDA, 0x3F, 0xEE, 0xF9, 0x80, 0xF7, 0x92, 0x12,
    0x70, 0x31, 0x91, 0x1F, 0xD9, 0x4A, 0xF2, 0x85, 0xE7, 0xF8, 0x26, 0xC7, 0x81, 0x40, 0xD0, 0x1D,
    0xA4, 0x99, 0x83, 0x0C, 0x03, 0x2B, 0xE7, 0x06, 0x4D, 0xBA, 0xFE, 0x4B, 0x20, 0x92, 0xD4, 0x37,
    0x17, 0x80, 0x7A, 0xBA, 0x68, 0x8F, 0x4E, 0xAB, 0x18, 0xCD, 0x1D, 0x36, 0x8B, 0x9D, 0xBD, 0x47,
    0x12, 0xB8, 0x01, 0x24, 0x84, 0x32, 0x4A, 0xB8, 0x94, 0x91, 0xDE, 0x56, 0x19, 0xB4, 0x9C, 0x71,
    0x16, 0xD5, 0x30, 0x1B, 0xA0, 0x55, 0x2C, 0xD0, 0x42, 0x1A, 0x9A, 0x6A, 0x44, 0x9A, 0x90, 0x51,
    0xC6, 0x11, 0x40, 0xC4, 0x92, 0x35, 0x0F, 0xF7, 0x8F, 0x44, 0xAC, 0x95, 0x97, 0xA4, 0x83, 0x44,
    0xA2, 0xC3, 0xDC, 0x6D, 0xC5, 0x91, 0x11, 0x1E, 0xF2, 0x9F, 0xF7, 0x85, 0xDE, 0x30, 0x12, 0x3A,
    0x28, 0x30, 0x0F, 0xC4, 0x65, 0x48, 0xC8, 0xD8, 0xFE, 0x58, 0xCC, 0x76, 0x93, 0xA3, 0x9E, 0x60,
    0x68, 0xE5, 0xA9, 0x05, 0x85, 0xF0, 0x16, 0x27, 0x59, 0x72, 0x1D, 0xDA, 0xD3, 0x18, 0xA0, 0x22,
    0x1D, 0xE8, 0xE1, 0x7C, 0x3B, 0xF0, 0x4C, 0x7B, 0x97, 0x23, 0xA3, 0x5A, 0xA0, 0xFF, 0xD4, 0x8B,
    0x51, 0x8A, 0x08, 0xA4, 0xC6, 0x1D, 0x25, 0x1A, 0x89, 0xE7, 0x24, 0x96, 0xAD, 0xCD, 0x53, 0x26,
    0xAC, 0x08, 0x58, 0x44, 0xA7, 0x20, 0x4A, 0xE5, 0x7F, 0x95, 0xAC, 0xBD, 0x35, 0xB2, 0x6A, 0xCD,
    0xDD, 0x53, 0x25, 0x6C, 0x31, 0x6E, 0xAE, 0x7D, 0xB7, 0x90, 0x7A, 0xF5, 0x4C, 0xE1, 0x1E, 0x72,
    0xDC, 0x8B, 0x71, 0x66, 0x33, 0x31, 0xEF, 0x5E, 0x11, 0xCA, 0xA0, 0x1F, 0xFF, 0x33, 0x6C, 0x46,
    0xA1, 0xEC, 0x04, 0x2B, 0xAE, 0x43, 0x88, 0x2C, 0x80, 0x2B, 0x84, 0xAD, 0x19, 0xCB, 0x9F, 0x44,
    0x61, 0x59, 0x46, 0x2D, 0x14, 0xD6, 0x8E, 0x10, 0x26, 0x5E, 0x57, 0x2C, 0xB9, 0x40, 0xA3, 0xC4,
    0x65, 0x05, 0x62, 0x38, 0x6F, 0x26, 0x5A, 0xD7, 0x2C, 0xAD, 0x0C, 0xF0, 0x96, 0xB5, 0x92, 0x64,
    0xF0, 0x46, 0x5D, 0x69, 0x76, 0x7C, 0x9E, 0x35, 0x00, 0x8A, 0xA3, 0x6A, 0x75, 0xF8, 0xF8, 0xEB,
    0x29, 0xD0, 0x29, 0xA7, 0xA5, 0x15, 0xBE, 0xE5, 0xFB, 0x58, 0xF6, 0xD0, 0xD8, 0x16, 0x3D, 0x96,
    0x3D, 0x54, 0x3F, 0xAC, 0x52, 0xA6, 0x3D, 0x19, 0x32, 0xC6, 0x3E, 0x5D, 0xB2, 0x85, 0xDA, 0xF3,
    0x2C, 0x60, 0x3C, 0xE7, 0x60, 0x9E, 0x95, 0x8C, 0xC7, 0x07, 0x25, 0x15, 0x9F, 0xFF, 0x06, 0x4E,
    0xDF, 0x2F, 0x68, 0xBF, 0x79, 0xD4, 0x4C, 0x5E, 0x7C, 0xC9, 0xAD, 0xC6, 0x68, 0x30, 0xC9, 0x2C,
    0x82, 0xCD, 0xD8, 0x0B, 0x63, 0x1F, 0xD6, 0x09, 0x23, 0x11, 0x8D, 0x26, 0x29, 0x3E, 0xA5, 0xAA,
    0xEB, 0x9D, 0xA0, 0xD1, 0xB2, 0xD2, 0x24, 0xA6, 0x87, 0x49, 0xF6, 0x17, 0x9A, 0x44, 0x3B, 0x9A,
    0xA4, 0xAD, 0x60, 0x92, 0x0F, 0x26, 0x9A, 0x04, 0x15, 0x2C, 0x4C, 0xC2, 0xAC, 0xA8, 0x03, 0xB4,
    0x85, 0x86, 0x9D, 0x26, 0xB1, 0x62, 0x92, 0x9A, 0x26, 0xC9, 0xA4, 0x82, 0x35, 0xB7, 0xA8, 0xE3,
    0x88, 0x72, 0x3F, 0x3E, 0xAE, 0xFB, 0xBD, 0xFB, 0x4D, 0x70, 0xEC, 0xD9, 0x64, 0x77, 0x44, 0xA6,
    0x87, 0x7A, 0x60, 0x01, 0x43, 0x2F, 0x55, 0xF2, 0x60, 0x02, 0x3D, 0xA7, 0x18, 0xC5, 0x95, 0xBA,
    0x6C, 0x21, 0x9E, 0x95, 0x60, 0x35, 0x11, 0xBA, 0xCB, 0x41, 0x90, 0x9E, 0x93, 0xDD, 0x4C, 0x40,
    0x58, 0x3B, 0xA6, 0x01, 0xDB, 0x80, 0x32, 0x62, 0xFF, 0xD1, 0x1B, 0x27, 0x82, 0x6A, 0xCD, 0xC1,
    0x16, 0x07, 0xB9, 0x0B, 0x4C, 0xFD, 0x67, 0x71, 0x02, 0x42, 0x63, 0x1A, 0x44, 0xED, 0xB1, 0x9D,
    0x59, 0x0F, 0xE6, 0x05, 0x0A, 0x23, 0xF2, 0x49, 0xF5, 0x9D, 0x4F, 0x0F, 0xB7, 0xC0, 0x4F, 0x83,
    0xB0, 0x11, 0xA0, 0xA5, 0x05, 0x4E, 0x62, 0xDB, 0xF2, 0x21, 0x83, 0x74, 0x66, 0x1F, 0xF1, 0x40,
    0x07, 0xFC, 0x34, 0x08, 0x7B, 0x29, 0x1D, 0xD6, 0xDD, 0x24, 0x3B, 0x18, 0x28, 0xF6, 0xFA, 0xB2,
    0x3E, 0xFC, 0x68, 0x4E, 0x7C, 0xD2, 0x6E, 0x20, 0x63, 0x1F, 0x71, 0xD4, 0x98, 0x57, 0xC4, 0x0B,
    0x64, 0x10, 0x92, 0x3F, 0x28, 0x6F, 0x1B, 0xC6, 0x36, 0xDC, 0xE3, 0x6C, 0x73, 0x61, 0x2D, 0xE7,
    0x59, 0x8A, 0xB2, 0x05, 0x6C, 0x2C, 0xE7, 0x42, 0x7C, 0x78, 0x83, 0x10, 0xA2, 0xFF, 0xD3, 0xA5,
    0x2C, 0x8B, 0x91, 0x4C, 0xE6, 0xE2, 0xA5, 0x90, 0x95, 0xDA, 0xE0, 0xD8, 0x93, 0x0E, 0x1D, 0x6D,
    0xD9, 0xAC, 0xBB, 0xA5, 0x68, 0x61, 0xEB, 0x1E, 0xC4, 0xE2, 0x08, 0x64, 0x22, 0xB0, 0x3E, 0x1A,
    0x85, 0x08, 0x2E, 0x1A, 0x9E, 0xB1, 0xAE, 0xA6, 0x18, 0x9A, 0x21, 0x8B, 0x88, 0xAF, 0x07, 0xD4,
    0xA0, 0x6D, 0x2F, 0xD5, 0x8C, 0x16, 0x20, 0x60, 0x99, 0x5B, 0x43, 0xCC, 0x9F, 0x05, 0x74, 0xAC,
    0x9C, 0x89, 0xB1, 0x70, 0x11, 0x56, 0xE2, 0xF2, 0xC2, 0x29, 0x76, 0xA7, 0x4A, 0x6D, 0x48, 0x61,
    0x1E, 0xF9, 0xEA, 0x89, 0x99, 0x56, 0x4F, 0xAC, 0x3C, 0xB0, 0x53, 0x1C, 0xC2, 0x27, 0x2B, 0x25,
    0x1F, 0x11, 0x38, 0x34, 0xF2, 0xB8, 0xA7, 0x37, 0x04, 0xD0, 0xD1, 0xDE, 0xAB, 0x38, 0x42, 0x90,
    0x0E, 0x56, 0x14, 0xD7, 0xDE, 0x94, 0x74, 0x77, 0x9B, 0x1B, 0xD5, 0x13, 0xDB, 0xF2, 0x6C, 0xCE,
    0xB0, 0x07, 0xA8, 0xCB, 0xCC, 0xB1, 0x7B, 0xEE, 0x90, 0xCA, 0x3D, 0x2B, 0x2F, 0x1F, 0x40, 0x2A,
    0x5B, 0x2C, 0x5D, 0x24, 0x9C, 0xBF, 0x8B, 0xB5, 0xDE, 0xA7, 0xDA, 0x4A, 0x77, 0xEA, 0x82, 0x12,
    0x66, 0x4A, 0x06, 0xDC, 0x4A, 0xFD, 0x3A, 0x2A, 0x4F, 0x56, 0x1B, 0x81, 0x65, 0x3C, 0x56, 0x1B,
    0xA0, 0x5E, 0x63, 0x1A, 0x59, 0xD9, 0x52, 0x72, 0xD8, 0x7A, 0x92, 0x51, 0xB2, 0xC8, 0x62, 0x43,
    0x3E, 0x9B, 0x31, 0x0B, 0x29, 0x9F, 0xFE, 0x19, 0x87, 0xCD, 0x2D, 0x70, 0x22, 0xDB, 0x5B, 0x97,
    0xCF, 0xCC, 0x12, 0x9D, 0x1D, 0x0A, 0x3E, 0x32, 0x84, 0x41, 0x07, 0x9C, 0xE4, 0xA3, 0xA2, 0xD2,
    0xD5, 0xE3, 0xF7, 0xD8, 0x19, 0x24, 0xED, 0xEB, 0xF2, 0xE0, 0xA2, 0x5C, 0xD1, 0x17, 0xC3, 0x91,
    0x23, 0xF7, 0x9B, 0xAD, 0xFD, 0xE4, 0xC4, 0xF8, 0x68, 0xE9, 0xE9, 0xBB, 0x38, 0xEE, 0x62, 0xA8,
    0xCB, 0xAC, 0x6B, 0x5E, 0x43, 0xE8, 0x89, 0xF1, 0xD9, 0x44, 0x6E, 0xC9, 0xC3, 0xF9, 0x8A, 0x61,
    0xA8, 0x52, 0xDA, 0x4B, 0xAB, 0xAB, 0xC7, 0x7D, 0xBE, 0x0E, 0x4E, 0x38, 0x65, 0xE1, 0x3B, 0xF4,
    0x31, 0xE3, 0x84, 0x19, 0x59, 0xC1, 0xCF, 0xF8, 0x3C, 0x0D, 0x4A, 0xD0, 0x7C, 0x9E, 0x4A, 0x5E,
    0xC2, 0x49, 0x18, 0x6A, 0x8F, 0x2C, 0x20, 0xCC, 0xD8, 0xB9, 0x75, 0xA7, 0xEF, 0xD4, 0x87, 0xAB,
    0xC9, 0x12, 0xED, 0x2C, 0xE3, 0x26, 0x62, 0xC2, 0x83, 0xB3, 0xA6, 0x13, 0xDB, 0x95, 0x4C, 0x04,
    0xE8, 0xD4, 0x1C, 0x14, 0xE5, 0xDD, 0xD5, 0x38, 0x25, 0x2A, 0xAE, 0xBB, 0xD5, 0x88, 0x68, 0x39,
    0x61, 0x86, 0x49, 0xF8, 0xE1, 0x77, 0xC7, 0x38, 0xE7, 0x01, 0xAD, 0x7A, 0x29, 0x51, 0xD1, 0x20,
    0x91, 0x7A, 0xDC, 0x06, 0xAA, 0xBC, 0xF5, 0x1C, 0xFE, 0x29, 0x7B, 0x33, 0x54, 0xCC, 0xCD, 0x33,
    0x95, 0x85, 0x30, 0x14, 0x2D, 0x2A, 0x9E, 0xAE, 0x54, 0x47, 0xEA, 0x89, 0xB3, 0x83, 0xF5, 0xA9,
    0xCF, 0x97, 0x3A, 0xBC, 0x83, 0xF6, 0x29, 0x5C, 0x01, 0xD4, 0x6F, 0x20, 0x55, 0x0F, 0x11, 0x9B,
    0xD0, 0x16, 0xB0, 0xD3, 0x08, 0x3B, 0xA0, 0x9C, 0x37, 0xF6, 0x58, 0x03, 0x36, 0x48, 0xC9, 0xB9,
    0xB5, 0xA8, 0x67, 0x00, 0x43, 0x57, 0x01, 0x08, 0x43, 0x7D, 0x6F, 0x91, 0xAE, 0x60, 0x9B, 0x75,
    0x14, 0x0D, 0x19, 0x7B, 0x27, 0x79, 0x56, 0xE0, 0x38, 0x62, 0x8F, 0x8F, 0x6E, 0x58, 0x39, 0xAF,
    0xDA, 0xAB, 0xE8, 0xD2, 0xCD, 0x7A, 0x36, 0x4C, 0xD8, 0x65, 0x3B, 0x32, 0x43, 0x13, 0x7D, 0x78,
    0x0D, 0x3D, 0x08, 0x02, 0xDD, 0xD5, 0x37, 0x42, 0x26, 0x6D, 0xF0, 0xE1, 0x9A, 0xE9, 0x01, 0x1A,
    0x62, 0x78, 0x80, 0x2F, 0x47, 0x33, 0xB0, 0x0B, 0x3C, 0x1D, 0xB5, 0xEB, 0x65, 0x67, 0xF7, 0xA5,
    0xC3, 0x0E, 0x0E, 0x57, 0xC1, 0x4A, 0xDE, 0xEC, 0x02, 0xCF, 0x8F, 0xA0, 0x39, 0xE5, 0x5E, 0x8F,
    0xA4, 0x5C, 0xA2, 0x02, 0xB3, 0x40, 0x28, 0x0B, 0xCD, 0xF0, 0x0E, 0xBC, 0xBF, 0x85, 0x37, 0x92,
    0x42, 0xEE, 0x48, 0x9B, 0xBD, 0x73, 0xC2, 0x9A, 0x4C, 0xC2, 0x8E, 0xBD, 0x0D, 0x2C, 0xCC, 0x7E,
    0xD6, 0xEC, 0xFB, 0xA3, 0x61, 0xC6, 0xFF, 0x4A, 0x5B, 0x37, 0x97, 0x88, 0x67, 0xC8, 0x22, 0x48,
    0x3D, 0x61, 0xCB, 0xCB, 0x81, 0xA3, 0x97, 0x74, 0xC1, 0x44, 0xDD, 0xB7, 0x89, 0x85, 0xA1, 0x29,
    0x9D, 0xED, 0x49, 0x3E, 0xF7, 0xAC, 0x2D, 0xC9, 0x16, 0xCE, 0x40, 0xFA, 0x30, 0xC2, 0x17, 0xF9,
    0x7C, 0x9C, 0x08, 0xDC, 0x91, 0x81, 0x8C, 0x83, 0xA9, 0x19, 0xD4, 0x74, 0x7C, 0xCC, 0xD6, 0x8B,
    0x76, 0x3B, 0x01, 0xA8, 0xE4, 0x4A, 0x5F, 0x07, 0xB5, 0x4D, 0x1C, 0x27, 0xAE, 0x32, 0x6E, 0xE0,
    0x88, 0xF0, 0x3C, 0x50, 0xA9, 0xFB, 0x84, 0x99, 0xE6, 0x73, 0xE6, 0xAF, 0xAE, 0x46, 0x15, 0x37,
    0xC4, 0xBE, 0x0C, 0xF9, 0x85, 0xF5, 0x6C, 0x4F, 0x6B, 0x6D, 0xC6, 0x39, 0x27, 0xB0, 0x3F, 0x00,
    0xC0, 0xD9, 0xC3, 0xF2, 0x3E, 0x50, 0x61, 0x1B, 0xD7, 0x3E, 0xF2, 0xBD, 0x02, 0x25, 0xCE, 0x3D,
    0x49, 0x8A, 0xBD, 0xE0, 0xCC, 0xEC, 0x04, 0x80, 0xD1, 0xC3, 0x52, 0xF4, 0x9C, 0x41, 0xFE, 0x57,
    0xA4, 0xF2, 0x7E, 0x33, 0xF3, 0xE6, 0x76, 0x38, 0xEF, 0x11, 0xDE, 0xF8, 0xB2, 0x9E, 0xBE, 0xFE,
    0x37, 0x52, 0xA9, 0x0B, 0x32, 0xE6, 0x45, 0xFB, 0xFA, 0xC1, 0x28, 0x2D, 0x6B, 0x82, 0x4C, 0x7A,
    0x1A, 0x27, 0xF5, 0x5D, 0x18, 0xA9, 0x87, 0x7A, 0x37, 0xE0, 0x65, 0x25, 0xB2, 0x54, 0x39, 0x22,
    0x20, 0x47, 0x64, 0x5E, 0x84, 0x19, 0x48, 0xB5, 0x48, 0xBE, 0x06, 0xE5, 0x06, 0xBB, 0x03, 0x74,
    0x20, 0xC8, 0x7C, 0x3B, 0x0B, 0x94, 0xC4, 0x8A, 0xDD, 0xC0, 0xCA, 0x59, 0x80, 0x49, 0xEB, 0xC0,
    0x71, 0x0C, 0x5B, 0xF7, 0xAB, 0xFC, 0xE1, 0xC3, 0xBC, 0x19, 0xB3, 0x5F, 0x7E, 0x00, 0xBF, 0x79,
    0x6E, 0xED, 0xA0, 0x52, 0xAC, 0x5E, 0x79, 0x2B, 0x54, 0xFC, 0xB9, 0x82, 0xDA, 0x66, 0xDA, 0xB4,
    0x33, 0x33, 0x69, 0x5F, 0xF7, 0xF9, 0x9C, 0x92, 0x8B, 0x24, 0x57, 0xEB, 0x22, 0xD6, 0x8D, 0x60,
    0x5E, 0xF7, 0x66, 0xC4, 0x19, 0xA6, 0x5D, 0x8E, 0x18, 0x06, 0xED, 0xBF, 0xCC, 0xFB, 0x6F, 0xC0,
    0x35, 0xEF, 0xC4, 0xE1, 0xA4, 0x4C, 0x03, 0x99, 0xC7, 0x65, 0x6C, 0x25, 0xBF, 0xD8, 0x58, 0x21,
    0x2D, 0xFD, 0xC2, 0x72, 0xF7, 0xEF, 0x11, 0x04, 0x2C, 0x8B, 0x76, 0xB0, 0x4B, 0x38, 0x86, 0xAE,
    0xDF, 0x07, 0xB7, 0x11, 0x7B, 0x9A, 0xE3, 0x9E, 0x92, 0xB0, 0x43, 0x94, 0x6A, 0x3B, 0xA2, 0x2E,
    0x9D, 0x83, 0xC3, 0x2E, 0x49, 0x4C, 0xD2, 0xAF, 0xB3, 0xF0, 0xA8, 0x57, 0x03, 0x14, 0x46, 0xF2,
    0xDA, 0x10, 0x27, 0xC2, 0x81, 0x05, 0x41, 0x39, 0xC7, 0x72, 0x86, 0x29, 0x09, 0x2E, 0xA3, 0x8A,
    0x41, 0x77, 0x27, 0xC7, 0x81, 0x36, 0xB1, 0xE3, 0x55, 0x19, 0xA7, 0x48, 0x32, 0x3A, 0xF3, 0x40,
    0xC5, 0xB8, 0x3D, 0x45, 0x1E, 0x25, 0x5A, 0xB3, 0x8C, 0x25, 0x58, 0xE8, 0xCC, 0x48, 0x26, 0xE7,
    0x58, 0xF0, 0x59, 0xA4, 0xA6, 0x2D, 0x72, 0x22, 0x17, 0x18, 0xA6, 0x86, 0x14, 0x05, 0xFA, 0x21,
    0xC0, 0x35, 0xD9, 0x88, 0xE9, 0x55, 0x7B, 0x28, 0x75, 0xFF, 0x26, 0x2A, 0x0A, 0x33, 0x24, 0xF0,
    0xD7, 0x98, 0x8F, 0x8E, 0x3C, 0xF6, 0xA4, 0x76, 0xB2, 0xBB, 0x1E, 0x4D, 0xC4, 0xF9, 0xC4, 0xEE,
    0x63, 0x1E, 0xFD, 0x1F, 0x7B, 0x3D, 0xF6, 0x8E, 0x67, 0x62, 0x21, 0x7A, 0x9A, 0x13, 0xA3, 0x23,
    0xB1, 0x58, 0x2B, 0xD7, 0x10, 0xCB, 0x42, 0x2C, 0xDB, 0xBE, 0x1F, 0xCA, 0xED, 0x31, 0xFC, 0xF1,
    0x17, 0xB3, 0xFD, 0xF0, 0x20, 0xE8, 0x70, 0x0B, 0x62, 0x39, 0x88, 0xE5, 0x8E, 0x89, 0xD5, 0x42,
    0x2C, 0x3E, 0x49, 0x28, 0x8F, 0xE8, 0xCA, 0x70, 0x5D, 0x9E, 0x4E, 0x4A, 0xCD, 0x29, 0x83, 0x15,
    0x29, 0x9A, 0x36, 0xA2, 0xCE, 0x37, 0xF8, 0xBB, 0x9E, 0x5A, 0xB2, 0x3D, 0xB3, 0x1F, 0x73, 0x1F,
    0x7F, 0x19, 0xB0, 0x8E, 0x80, 0x42, 0x22, 0x40, 0xB2, 0x3D, 0x02, 0x91, 0xE1, 0xD7, 0x49, 0x71,
    0xC0, 0x08, 0x40, 0x53, 0x6C, 0xEE, 0x06, 0xFF, 0x7B, 0xCB, 0xDC, 0x0F, 0x83, 0x1C, 0xAE, 0xCB,
    0x6C, 0xC9, 0x40, 0xEC, 0xAE, 0x53, 0x69, 0xDD, 0x7B, 0xF9, 0xC9, 0xC7, 0x67, 0xC1, 0x4D, 0x7E,
    0x49, 0x15, 0xAB, 0x68, 0xB6, 0xE6, 0x1C, 0x30, 0xB3, 0x80, 0xB2, 0xD5, 0xAB, 0x9F, 0x01, 0xB7,
    0x54, 0xA6, 0xCB, 0x9C, 0x46, 0xB4, 0x07, 0x4B, 0x1C, 0x51, 0xC8, 0xA1, 0xF5, 0xEB, 0xA4, 0x35,
    0x19, 0x27, 0x61, 0xD2, 0x44, 0x1C, 0x7B, 0xCE, 0x22, 0x09, 0xF0, 0x28, 0x59, 0x6D, 0xCC, 0x88,
    0x4F, 0x64, 0xC8, 0x24, 0x74, 0x5F, 0x87, 0xC3, 0x00, 0x49, 0x3D, 0x2B, 0xF6, 0xBA, 0x93, 0x4A,
    0x9E, 0x3F, 0xDD, 0xB0, 0xEF, 0x49, 0x8D, 0x69, 0x99, 0xF0, 0xEF, 0x8D, 0xD2, 0x69, 0xC8, 0x24,
    0xB3, 0x5F, 0xD7, 0xD8, 0x45, 0x90, 0xA9, 0x8F, 0x3B, 0x6A, 0xE9, 0xA5, 0x53, 0xD6, 0x32, 0x80,
    0xE3, 0x58, 0xBC, 0x17, 0xB4, 0x29, 0x45, 0xC9, 0xB3, 0x94, 0x8A, 0xD2, 0xD0, 0x54, 0x11, 0x3E,
    0xE5, 0xE9, 0x27, 0xAF, 0x7D, 0x89, 0xA6, 0xC8, 0x96, 0xA3, 0x73, 0x71, 0xF4, 0x28, 0xCD, 0xD0,
    0x42, 0x61, 0xF8, 0xC8, 0x29, 0x09, 0xB7, 0xE4, 0xA1, 0x1A, 0xC0, 0x5D, 0xB0, 0x55, 0x4F, 0xD8,
    0x7F, 0x46, 0x4D, 0xF0, 0xE7, 0x5A, 0xFC, 0x81, 0x8A, 0xFC, 0x72, 0x05, 0x62, 0xC4, 0x33, 0x52,
    0x32, 0xA1, 0x98, 0x6A, 0x10, 0xE5, 0x6D, 0xC3, 0x1A, 0x8E, 0x13, 0xEE, 0x3B, 0x2B, 0x3E, 0xEA,
    0x61, 0x3E, 0xD2, 0x8C, 0x30, 0xFC, 0x75, 0x98, 0xEF, 0xCF, 0x92, 0x8A, 0xC9, 0x72, 0xC6, 0x7C,
    0xB0, 0xAC, 0x3F, 0x3E, 0x34, 0x4A, 0x7A, 0xB2, 0x2A, 0xFC, 0x3B, 0xCD, 0x5B, 0xBD, 0xAF, 0xE7,
    0x54, 0x7A, 0x3E, 0xB6, 0x99, 0xB1, 0x84, 0x57, 0xEB, 0xD1, 0x66, 0xC9, 0x66, 0xB9, 0x85, 0x53,
    0xA4, 0xD9, 0x14, 0x38, 0x7F, 0x00, 0x60, 0x03, 0x52, 0x28, 0x28, 0x98, 0x02, 0xA4, 0x48, 0x14,
    0xA4, 0x88, 0x14, 0x29, 0x24, 0x9A, 0x14, 0x29, 0x36, 0x52, 0x16, 0x1B, 0x90, 0x36, 0x8A, 0xB6,
    0x60, 0x94, 0x26, 0x25, 0x14, 0x29, 0x56, 0x8B, 0x94, 0x49, 0xB1, 0x05, 0xC5, 0x80, 0xCD, 0x22,
    0x2D, 0x05, 0xC5, 0x18, 0x28, 0x28, 0x52, 0xE0, 0x81, 0x59, 0x21, 0x41, 0x81, 0x87, 0x35, 0x83,
    0x67, 0xC6, 0xF6, 0xC9, 0xF3, 0x3C, 0xE7, 0xF8, 0x77, 0x7F, 0x77, 0x86, 0x61, 0x87, 0xE5, 0x63,
    0xE6, 0xDE, 0xB9, 0x9E, 0x7B, 0x6D, 0xFF, 0x7C, 0xDE, 0xAF, 0xF3, 0xBE, 0xCF, 0xFB, 0x61, 0x63,
    0x62, 0x6B, 0x7B, 0x63, 0x12, 0x1D, 0x53, 0x6B, 0x3B, 0x73, 0xF4, 0xEB, 0xD8, 0x49, 0x1E, 0x8B,
    0x81, 0xC7, 0x46, 0x47, 0xCB, 0x63, 0x64, 0x47, 0x1C, 0x63, 0x3B, 0x19, 0x7E, 0x8A, 0xC7, 0xFC,
    0x93, 0x99, 0x37, 0x9E, 0xE3, 0xD1, 0x3E, 0x82, 0x63, 0xB0, 0x26, 0x0B, 0x6E, 0x9C, 0xE3, 0x55,
    0x8F, 0xB7, 0x7A, 0x3C, 0x8E, 0x45, 0x17, 0xE1, 0x58, 0xB5, 0xA1, 0x2D, 0x8D, 0x2D, 0x03, 0x5B,
    0x86, 0xAB, 0x09, 0x6C, 0x1D, 0xE1, 0x23, 0xB6, 0x4D, 0x26, 0x1E, 0xAD, 0xAD, 0x53, 0x3B, 0xBB,
    0xA3, 0x23, 0xB0, 0xB1, 0x2B, 0x1F, 0xB2, 0x47, 0x5D, 0x86, 0x4B, 0x39, 0x6F, 0x59, 0xF2, 0x31,
    0xB2, 0xA1, 0x35, 0x4D, 0x9B, 0x0F, 0xE9, 0x14, 0xAD, 0x78, 0x6E, 0xD1, 0x15, 0x43, 0xBC, 0x60,
    0x99, 0xAA, 0x2D, 0xFA, 0x64, 0x8E, 0x56, 0x63, 0xEB, 0xA2, 0xC7, 0x45, 0x8B, 0xE5, 0xB2, 0xA1,
    0x1A, 0xFF, 0xB6, 0x01, 0x29, 0x41, 0xF3, 0x5F, 0x6B, 0x09, 0x3A, 0x4F, 0x07, 0xA7, 0x8D, 0x09,
    0xFB, 0x08, 0x0F, 0x0F, 0xC7, 0xB4, 0xC5, 0x19, 0x0B, 0xD2, 0x40, 0xC7, 0xCA, 0x75, 0xF2, 0xFE,
    0x70, 0xCD, 0xBB, 0x4F, 0xDF, 0x6A, 0x61, 0x88, 0xD8, 0x7B, 0xCC, 0x7D, 0xA0, 0x34, 0x6B, 0x21,
    0x03, 0x2C, 0x6C, 0xF1, 0xE0, 0xE0, 0xD5, 0x6F, 0x5A, 0x2A, 0x9E, 0xEF, 0xEA, 0x90, 0xCB, 0x50,
    0x5C, 0x3A, 0x5E, 0x1D, 0x97, 0x5C, 0x0C, 0x2C, 0xBC, 0xC7, 0x63, 0x43, 0x5E, 0x03, 0x2B, 0x2E,
    0xD7, 0x84, 0x5C, 0xCE, 0xF1, 0x21, 0x97, 0x3A, 0x56, 0xE0, 0x15, 0x5C, 0xD6, 0x21, 0xFF, 0x91,
    0xCB, 0x78, 0x21, 0x7F, 0x29, 0x79, 0xED, 0x8E, 0x70, 0x89, 0xAF, 0xB3, 0x3C, 0x04, 0x5C, 0xCB,
    0x44, 0xA2, 0x24, 0xD6, 0x31, 0x39, 0x5F, 0x4A, 0xD4, 0x2D, 0xAF, 0xAE, 0x5C, 0xF1, 0x57, 0x78,
    0x18, 0xA8, 0xB1, 0x6F, 0x83, 0xC1, 0x21, 0x1F, 0x92, 0x19, 0xCF, 0x26, 0x5F, 0xE0, 0x7F, 0x25,
    0xAF, 0x64, 0x9A, 0xBC, 0x36, 0x60, 0x3A, 0xF5, 0x4C, 0x0F, 0xD9, 0x18, 0xD8, 0xD8, 0xFE, 0x35,
    0x35, 0x31, 0x1C, 0x4C, 0xD5, 0xE8, 0x97, 0xBA, 0x9F, 0xAC, 0xD1, 0x00, 0xC4, 0xDD, 0x6F, 0x3D,
    0xE7, 0xF1, 0x24, 0x5A, 0x78, 0x0C, 0xAC, 0x0E, 0xB2, 0x91, 0x1A, 0xBF, 0xCA, 0x42, 0x96, 0xC3,
    0xCD, 0xF2, 0x38, 0x25, 0x61, 0xA9, 0xC2, 0x8F, 0x9A, 0x3E, 0x82, 0x1E, 0x47, 0xB2, 0x3C, 0x53,
    0xC7, 0x05, 0x55, 0x9C, 0xB6, 0xA2, 0xBC, 0xE9, 0x36, 0x33, 0xCA, 0xC8, 0x2C, 0xC5, 0x65, 0x42,
    0xD9, 0x9C, 0xAE, 0xE4, 0xA4, 0x85, 0x92, 0xCC, 0xB9, 0x4A, 0xDA, 0xE2, 0xCE, 0xB8, 0x87, 0xE5,
    0x44, 0x93, 0x69, 0x7A, 0x2C, 0x97, 0xD8, 0x5F, 0x51, 0x9C, 0x96, 0x7A, 0x7A, 0x5C, 0xFB, 0xD3,
    0xBC, 0xC2, 0x07, 0xB8, 0x27, 0xF1, 0xD3, 0x4D, 0xE9, 0x65, 0xC7, 0xD3, 0x35, 0x2C, 0x62, 0x30,
    0xE0, 0x34, 0x5A, 0x53, 0xC8, 0x27, 0xAE, 0x53, 0x5C, 0xCA, 0x07, 0x47, 0x41, 0xD1, 0xEB, 0xE7,
    0x04, 0x7E, 0xFA, 0xA2, 0x8F, 0x7A, 0xC8, 0xA6, 0xCB, 0xA0, 0x86, 0x04, 0x66, 0x15, 0x88, 0x1A,
    0x48, 0x8E, 0x86, 0xC0, 0xC7, 0x55, 0x24, 0xB4, 0x38, 0x83, 0xBF, 0x8B, 0xE7, 0x20, 0x8E, 0xBC,
    0x2E, 0x76, 0x9C, 0x3F, 0x76, 0xC8, 0xB9, 0xBD, 0x21, 0xE7, 0xC1, 0xC9, 0x9B, 0xE5, 0xFC, 0xEE,
    0x43, 0xCE, 0x87, 0x2F, 0xE5, 0x9C, 0xF4, 0x83, 0x3B, 0x1A, 0x67, 0xFC, 0xF9, 0x6C, 0xD2, 0x6E,
    0x31, 0x45, 0xF9, 0xF4, 0x37, 0xC4, 0xF9, 0xCF, 0xB4, 0x02, 0xD9, 0xCF, 0x64, 0xFB, 0xF3, 0xEE,
    0xE4, 0x9E, 0x83, 0xBC, 0x55, 0x9C, 0xE7, 0xCE, 0x1C, 0x13, 0x3C, 0x2D, 0x1B, 0xF4, 0xE7, 0xF6,
    0x85, 0x0F, 0x80, 0xEF, 0xC8, 0x5A, 0x98, 0x3C, 0x7C, 0x40, 0xD0, 0x93, 0x6D, 0x68, 0x91, 0x24,
    0xA5, 0x93, 0xE3, 0x1A, 0x74, 0x3E, 0xB7, 0x9A, 0xFB, 0xD3, 0x39, 0x1E, 0xC9, 0x74, 0x0E, 0xF9,
    0x1D, 0xC8, 0x90, 0xF3, 0xB2, 0x82, 0xC9, 0x0F, 0x15, 0x8D, 0xBF, 0x2A, 0xB9, 0xC9, 0x6B, 0xEE,
    0xFA, 0x76, 0x33, 0x84, 0xBB, 0x4E, 0x92, 0x6E, 0x7B, 0x01, 0x9B, 0xF0, 0x25, 0xEC, 0xD6, 0x15,
    0x22, 0x4F, 0x17, 0x13, 0x8D, 0xDC, 0xC6, 0x33, 0x19, 0x28, 0xB4, 0xCC, 0x6F, 0x9C, 0x0B, 0x6D,
    0x37, 0x1F, 0x92, 0x4F, 0x9E, 0xBF, 0x6B, 0x99, 0x7E, 0x8C, 0x2E, 0xB1, 0xE0, 0x9D, 0x59, 0x9B,
    0x4D, 0x26, 0xED, 0x43, 0x8A, 0xD0, 0xE4, 0xEB, 0x4B, 0x33, 0x1D, 0xF1, 0x65, 0x70, 0xF9, 0x78,
    0xA9, 0x7D, 0x99, 0xD7, 0xA6, 0x49, 0x06, 0x13, 0x5D, 0x99, 0xE9, 0x51, 0x60, 0xE1, 0x0C, 0x07,
    0xE9, 0xE4, 0x99, 0xE6, 0x02, 0xD4, 0x36, 0x3C, 0x8E, 0xA1, 0xBA, 0x41, 0xED, 0x4F, 0x0D, 0x19,
    0xE7, 0xBE, 0x90, 0xE0, 0xA3, 0xD5, 0xD9, 0xCB, 0x09, 0xFC, 0xF2, 0x7D, 0x43, 0x95, 0xC3, 0xF3,
    0x2D, 0x86, 0xEC, 0x43, 0x81, 0xDD, 0xA6, 0x74, 0x2D, 0x64, 0xF2, 0x67, 0xF9, 0xE0, 0xEA, 0x14,
    0x19, 0x90, 0x47, 0xD2, 0x6A, 0xEE, 0x19, 0x87, 0x5F, 0x20, 0x10, 0x0A, 0x81, 0x38, 0xE4, 0x88,
    0xDB, 0x6A, 0xA2, 0x8C, 0x41, 0x09, 0x18, 0xC1, 0x8A, 0x78, 0x5E, 0xD3, 0xCB, 0xD5, 0xD1, 0xC9,
    0xE1, 0x0A, 0xCE, 0x65, 0x33, 0xF5, 0x5B, 0x0D, 0x10, 0x05, 0x7E, 0x81, 0x2D, 0xE2, 0x17, 0xF0,
    0x5E, 0x40, 0x5D, 0xBC, 0x8F, 0x12, 0x98, 0xE1, 0xB4, 0x4C, 0x85, 0x0F, 0x96, 0xF0, 0xA0, 0xFC,
    0xAB, 0xC7, 0xE5, 0x6C, 0x35, 0x07, 0xD6, 0x51, 0x6A, 0x15, 0x85, 0xCC, 0xA9, 0x8B, 0x0B, 0xFD,
    0xEB, 0xA7, 0x20, 0xEE, 0x78, 0xF3, 0x01, 0xA9, 0x2D, 0xDE, 0xA1, 0xA4, 0xAB, 0x77, 0x7B, 0xF9,
    0x63, 0x51, 0x7E, 0xAE, 0x26, 0x75, 0xE4, 0x47, 0x47, 0xFB, 0x3A, 0xE4, 0xA6, 0xB8, 0x60, 0xE4,
    0x28, 0x0D, 0xBD, 0x3F, 0xB7, 0x04, 0xF9, 0x02, 0x0D, 0x54, 0x5F, 0x1F, 0xEB, 0x48, 0xBB, 0xDA,
    0x8E, 0xA9, 0x8E, 0x94, 0x70, 0x36, 0x34, 0xE3, 0x09, 0x45, 0xB0, 0x01, 0xE4, 0xFE, 0xFB, 0x5A,
    0xFE, 0x51, 0x22, 0x00, 0x0F, 0x65, 0xF5, 0xA9, 0xB5, 0xCB, 0xD7, 0x13, 0x41, 0x70, 0x8A, 0x5A,
    0x95, 0x76, 0x7E, 0x24, 0xBD, 0xD0, 0xB2, 0x5C, 0xA8, 0x81, 0xED, 0x9B, 0x63, 0x4F, 0x2E, 0x25,
    0x48, 0x5D, 0x3D, 0xF3, 0xC5, 0x00, 0x0D, 0x32, 0x44, 0x18, 0x46, 0x09, 0xC7, 0x39, 0xFE, 0x87,
    0xB5, 0x81, 0xAA, 0x0E, 0xFF, 0x63, 0x8F, 0x8B, 0xE1, 0x74, 0x0A, 0x69, 0x42, 0x38, 0x83, 0x7F,
    0xD8, 0x4B, 0xE2, 0x99, 0x0C, 0xCE, 0x60, 0xAA, 0xBA, 0xC0, 0x75, 0xAC, 0x4C, 0xD0, 0x72, 0x77,
    0xC8, 0xC4, 0x8F, 0x7C, 0x31, 0xE6, 0x4D, 0xBC, 0x7F, 0x11, 0xE9, 0xE4, 0x3A, 0x6B, 0x19, 0xEE,
    0x86, 0xCD, 0xF1, 0xDF, 0x89, 0x1D, 0x3E, 0x47, 0x30, 0x65, 0x8B, 0xA8, 0x12, 0xF0, 0x46, 0xF2,
    0xC4, 0xFD, 0x80, 0xE8, 0xE3, 0xAF, 0x98, 0xC9, 0xC7, 0x18, 0x7C, 0xE6, 0x27, 0x74, 0x5A, 0x79,
    0x9D, 0xD2, 0xBF, 0xE1, 0x4A, 0x3C, 0xE4, 0xA4, 0x86, 0x5A, 0x58, 0x1D, 0x1D, 0x58, 0xB2, 0x8D,
    0x04, 0xE1, 0x76, 0x3E, 0xA0, 0x83, 0x4E, 0xE0, 0x3E, 0x16, 0x20, 0x8C, 0x25, 0x9D, 0x02, 0x0B,
    0xDD, 0xDA, 0x87, 0x10, 0x0F, 0xDF, 0x00, 0xB7, 0xB8, 0x90, 0x62, 0x07, 0xCB, 0x98, 0xB1, 0x06,
    0xDC, 0x84, 0x19, 0xD2, 0x39, 0x80, 0x69, 0x3E, 0xB8, 0x42, 0x58, 0xD8, 0x78, 0x8D, 0x1E, 0xF5,
    0x17, 0xE6, 0x87, 0x60, 0x91, 0xAE, 0x25, 0xEE, 0x73, 0xC9, 0xB6, 0xA5, 0x30, 0x15, 0xFE, 0xCA,
    0x7D, 0x96, 0xAD, 0x95, 0x0F, 0x21, 0x40, 0xB3, 0x2D, 0xF8, 0x2C, 0x86, 0x80, 0xC2, 0x02, 0xF3,
    0xDA, 0xF2, 0xA0, 0xF9, 0x97, 0x34, 0x8E, 0x82, 0xCC, 0x67, 0x35, 0xA5, 0xD6, 0xD1, 0x88, 0xE8,
    0xB7, 0xCB, 0x79, 0x77, 0x25, 0xAD, 0xF9, 0x19, 0xB9, 0x89, 0xF0, 0x34, 0x74, 0x10, 0x4E, 0xB4,
    0x8B, 0x85, 0x36, 0x53, 0x51, 0x9E, 0xB6, 0x25, 0x40, 0x01, 0x65, 0x77, 0x9A, 0xE3, 0x26, 0x6A,
    0x93, 0x16, 0x0E, 0x07, 0x2A, 0xC5, 0x63, 0x62, 0xC6, 0xE9, 0xDC, 0xED, 0x0B, 0x17, 0x39, 0x71,
    0x5B, 0xF1, 0x0E, 0x3E, 0xDA, 0x41, 0xAF, 0x43, 0xD1, 0xA5, 0x23, 0x61, 0x40, 0x35, 0x48, 0x48,
    0x34, 0x58, 0x7A, 0x7F, 0xF8, 0x8E, 0xEF, 0x41, 0x06, 0x29, 0x56, 0x81, 0xEF, 0x19, 0x73, 0xD8,
    0x1B, 0xD6, 0x3B, 0x70, 0x5B, 0x7C, 0xDA, 0x0C, 0x4A, 0xB7, 0xCA, 0x93, 0xF8, 0x93, 0x47, 0xBF,
    0xBE, 0x63, 0xD6, 0x89, 0x51, 0xC2, 0xC5, 0xF9, 0xBD, 0xBC, 0x73, 0x90, 0xE5, 0x50, 0xE5, 0x60,
    0x9B, 0x1A, 0x07, 0xD7, 0xCF, 0x40, 0xE1, 0x64, 0x1A, 0xFA, 0x26, 0xCF, 0x54, 0xB7, 0x42, 0x65,
    0x6D, 0x5E, 0x07, 0xC7, 0x54, 0x36, 0x19, 0xA6, 0xAE, 0xC5, 0xEF, 0x97, 0x72, 0x71, 0xAC, 0x8C,
    0xBC, 0x37, 0xDF, 0xD1, 0x3A, 0x27, 0x3D, 0xB9, 0x18, 0xB9, 0xF1, 0xF7, 0xB8, 0x80, 0x13, 0x9F,
    0x82, 0x93, 0x0C, 0x6E, 0x41, 0x09, 0xFE, 0x82, 0x1B, 0x71, 0x21, 0x70, 0xE2, 0x10, 0xCA, 0x61,
    0x4C, 0xCD, 0xFF, 0x63, 0x07, 0xED, 0x9A, 0xDA, 0xC5, 0x89, 0x06, 0x11, 0x66, 0xB4, 0xA5, 0x7D,
    0x68, 0x8D, 0x67, 0x70, 0xD3, 0xD9, 0xD7, 0x6C, 0x36, 0xC3, 0xD8, 0xEB, 0x02, 0x1E, 0x00, 0xBC,
    0x40, 0x7B, 0x11, 0x24, 0x71, 0x2F, 0x94, 0x3B, 0x54, 0x5D, 0x53, 0x37, 0x90, 0xEB, 0x29, 0x6C,
    0xA4, 0xB8, 0xD3, 0x33, 0x89, 0x1C, 0x33, 0x50, 0xDE, 0xFC, 0x0B, 0x0C, 0x16, 0x0E, 0x4B, 0x01,
    0xAE, 0x22, 0x60, 0x4B, 0xBB, 0x95, 0x72, 0x54, 0x44, 0x60, 0x7C, 0x48, 0x1C, 0xB0, 0xBB, 0x95,
    0x46, 0x9D, 0xB5, 0x45, 0x19, 0x4D, 0x05, 0x82, 0x43, 0x05, 0x27, 0x80, 0x7B, 0x42, 0x8A, 0xA2,
    0xE8, 0xBE, 0x49, 0xA3, 0xAE, 0xF8, 0xB4, 0x74, 0x15, 0xF5, 0x8C, 0x15, 0x4D, 0x05, 0x41, 0x67,
    0xAF, 0xCD, 0x8C, 0xF8, 0x69, 0x77, 0x04, 0xC6, 0x9E, 0xA2, 0xCF, 0xAC, 0xD6, 0x33, 0xC8, 0x27,
    0x66, 0x60, 0x20, 0x7C, 0x28, 0x9C, 0x89, 0xA8, 0x8A, 0x1A, 0x99, 0x8F, 0x0B, 0xF7, 0x7F, 0x19,
    0xCA, 0x41, 0x09, 0xD4, 0x10, 0xEC, 0x0B, 0x79, 0x08, 0xDA, 0xA4, 0x76, 0xC5, 0xAF, 0xD6, 0x7E,
    0xBC, 0x52, 0x0E, 0xF8, 0x35, 0x65, 0x36, 0x10, 0x10, 0x7A, 0xC3, 0xC9, 0xC1, 0xC9, 0x43, 0x10,
    0x89, 0x82, 0x41, 0xBE, 0x9E, 0xB1, 0x7E, 0x31, 0x73, 0xD7, 0x63, 0x72, 0x9F, 0x93, 0xC7, 0xDD,
    0x09, 0x23, 0x2E, 0x85, 0x11, 0x0F, 0x94, 0xA4, 0xD9, 0x72, 0x1C, 0xBA, 0xE0, 0x94, 0x66, 0x67,
    0xDF, 0xB4, 0x70, 0x5B, 0x00, 0x3F, 0x55, 0x5F, 0x75, 0x21, 0xA2, 0x5A, 0x99, 0xCC, 0xF0, 0xDF,
    0xF9, 0x00, 0x39, 0x14, 0x6F, 0x2B, 0x0C, 0x10, 0xE7, 0x01, 0x42, 0x84, 0xF3, 0xF6, 0xE0, 0x62,
    0x25, 0xAD, 0x74, 0xED, 0x2F, 0xD8, 0x8E, 0x31, 0xB0, 0x2B, 0x7A, 0xD0, 0x85, 0x28, 0xC0, 0xCC,
    0x28, 0x03, 0xE4, 0x0A, 0xAC, 0xCB, 0x86, 0x43, 0x7B, 0x41, 0xE4, 0xE0, 0x1B, 0x1B, 0x3F, 0x56,
    0x7A, 0xAC, 0x4C, 0xC7, 0x99, 0x4A, 0xBD, 0xB3, 0x13, 0xC2, 0xB1, 0xE3, 0xCC, 0x41, 0x62, 0x20,
    0x40, 0x70, 0xD6, 0x02, 0x27, 0xE2, 0xF3, 0x79, 0x8B, 0x28, 0x18, 0x4D, 0xB4, 0xAC, 0xA2, 0x84,
    0x0A, 0xA2, 0x41, 0x18, 0x28, 0xB2, 0xBB, 0xBC, 0x4A, 0x18, 0xD0, 0x6C, 0x82, 0x72, 0x32, 0x4B,
    0xE7, 0x44, 0x32, 0xC3, 0x0D, 0x19, 0x23, 0x14, 0x98, 0xCA, 0xC8, 0x12, 0xF2, 0x4D, 0xFD, 0xF5,
    0x11, 0x58, 0xD2, 0x62, 0x1E, 0x16, 0x05, 0x75, 0x80, 0x60, 0x52, 0x82, 0xC6, 0x82, 0x19, 0x8A,
    0x3C, 0x34, 0xE3, 0x89, 0xB6, 0xD0, 0x17, 0x8A, 0x6B, 0xFC, 0x56, 0xC5, 0xE5, 0x1C, 0x52, 0xA2,
    0xAD, 0x2D, 0x19, 0x25, 0xD3, 0xEE, 0xEC, 0x3E, 0x6A, 0xBE, 0xA5, 0x26, 0x96, 0x08, 0x96, 0xD6,
    0x1E, 0x1B, 0x2A, 0xBF, 0x4B, 0x8E, 0x84, 0xF1, 0xEF, 0xD6, 0xC4, 0x6E, 0xD6, 0x82, 0xC2, 0x17,
    0xBF, 0x0D, 0x0B, 0x72, 0xB9, 0xD2, 0xB4, 0x73, 0x0F, 0xF1, 0xBA, 0x13, 0x51, 0x78, 0x18, 0xF4,
    0xEE, 0xF0, 0x37, 0xDE, 0xB1, 0xA5, 0xE2, 0xAF, 0x6C, 0x37, 0x49, 0x37, 0xF2, 0xDA, 0xCB, 0x0E,
    0x15, 0x9F, 0x16, 0x2C, 0xC1, 0x7A, 0x00, 0x0B, 0x88, 0x41, 0x40, 0x3F, 0xCF, 0x48, 0x72, 0x0B,
    0xE8, 0x20, 0x25, 0x2D, 0xA5, 0xF3, 0x88, 0x00, 0x3E, 0xED, 0x15, 0x52, 0x48, 0x86, 0x2D, 0xD2,
    0x92, 0xB2, 0x8C, 0xD0, 0x65, 0xAD, 0x6C, 0x09, 0xA8, 0x06, 0xF7, 0x5F, 0xC7, 0x2B, 0x5D, 0x1A,
    0x2D, 0xA2, 0x02, 0x3E, 0x8C, 0x5D, 0x8D, 0x03, 0x32, 0x74, 0x11, 0x3F, 0x99, 0x5D, 0xFC, 0x13,
    0xB5, 0xB1, 0x43, 0x41, 0xCA, 0x52, 0x8D, 0xFC, 0xE9, 0x91, 0x44, 0xF5, 0x10, 0xB8, 0xF7, 0x95,
    0x85, 0x78, 0x40, 0x98, 0xFC, 0x3B, 0xD9, 0xA0, 0x60, 0xAD, 0xDC, 0x35, 0x65, 0xC0, 0x70, 0x3A,
    0xCA, 0x42, 0x2C, 0x41, 0x99, 0xAE, 0xE2, 0xA6, 0x54, 0x88, 0x8D, 0xDA, 0x23, 0xFE, 0x42, 0xC4,
    0xC0, 0x4D, 0x2A, 0x61, 0x7C, 0x85, 0x47, 0x90, 0x7E, 0xC2, 0x37, 0xF8, 0x92, 0xA1, 0xA0, 0x53,
    0x49, 0x66, 0x9F, 0x60, 0x30, 0x18, 0xA5, 0x1F, 0x0E, 0x8E, 0xF0, 0x57, 0x5D, 0x70, 0x34, 0xE6,
    0x4F, 0x57, 0x9A, 0x23, 0x2E, 0x3F, 0x31, 0xFB, 0x34, 0x2C, 0x9D, 0xFD, 0xFE, 0x62, 0x62, 0x1A,
    0xD8, 0x83, 0x89, 0x12, 0x61, 0x20, 0x80, 0xC5, 0xCF, 0xF9, 0x28, 0x13, 0x63, 0xE9, 0x27, 0x61,
    0x1E, 0xAA, 0x32, 0xCF, 0x18, 0x03, 0x6D, 0x43, 0x7C, 0xDB, 0xB9, 0x56, 0xA5, 0x1F, 0x9C, 0xFB,
    0x39, 0x44, 0x6A, 0xAF, 0x42, 0xB2, 0x17, 0xBE, 0x44, 0x28, 0x8A, 0x54, 0x76, 0x10, 0xCB, 0x84,
    0x9A, 0xE5, 0x1F, 0x12, 0xCA, 0xF0, 0xC7, 0x09, 0x25, 0x3D, 0x14, 0x4A, 0x70, 0xA6, 0xDF, 0x5C,
    0x59, 0xEB, 0x24, 0x44, 0xA4, 0x1B, 0xF9, 0x00, 0x0B, 0xA5, 0x5E, 0x6C, 0x6A, 0xC7, 0xB0, 0x38,
    0x47, 0xC2, 0x59, 0xF5, 0x99, 0xAF, 0xFF, 0xC0, 0xE8, 0x58, 0xF4, 0x02, 0x7E, 0xAB, 0x3A, 0x6C,
    0xB8, 0x59, 0x85, 0x30, 0x9C, 0xF3, 0xF5, 0x9F, 0x2E, 0x9B, 0xFE, 0x1E, 0x60, 0xD7, 0x36, 0x6D,
    0x8C, 0xA8, 0x99, 0x5C, 0xB8, 0xCF, 0x70, 0x41, 0xAC, 0x1B, 0x0C, 0x79, 0x7D, 0x0D, 0xBA, 0xEB,
    0xF5, 0x43, 0x66, 0xF8, 0xC3, 0x50, 0x9E, 0xEF, 0x17, 0x11, 0xF0, 0x83, 0xE4, 0x44, 0xC0, 0x9E,
    0x64, 0x5A, 0xF7, 0xC3, 0xF0, 0x40, 0x22, 0xC9, 0x65, 0xE4, 0x7F, 0x88, 0x4D, 0xF8, 0x63, 0x5E,
    0x8E, 0xDA, 0x6A, 0xFC, 0x35, 0x38, 0x0D, 0xCF, 0xDB, 0xF6, 0xDE, 0x70, 0x07, 0xDA, 0x9F, 0x82,
    0x67, 0x86, 0x07, 0x6B, 0x9C, 0xC0, 0xB0, 0x17, 0x98, 0x88, 0x21, 0xFC, 0x25, 0x4E, 0x90, 0x92,
    0x71, 0xC9, 0x5C, 0x1F, 0x29, 0xBD, 0xC9, 0x2F, 0x0D, 0x01, 0x36, 0x89, 0x36, 0x6B, 0x8A, 0xA7,
    0x56, 0xF4, 0x1B, 0xEB, 0xD1, 0x34, 0x64, 0x05, 0x5B, 0x4A, 0xA6, 0x48, 0x26, 0x49, 0x12, 0x88,
    0x18, 0xF4, 0x34, 0x2E, 0x41, 0x66, 0x94, 0x27, 0x98, 0x1B, 0xDF, 0x44, 0xF4, 0x40, 0x4B, 0xC5,
    0xEF, 0xF0, 0x5E, 0xB3, 0xCB, 0xB6, 0x0C, 0x53, 0xCE, 0x12, 0xC4, 0x1E, 0x50, 0x21, 0x44, 0x61,
    0x20, 0x15, 0xBB, 0x92, 0xC9, 0x13, 0xF3, 0x27, 0x5A, 0x65, 0xC6, 0x3C, 0xEB, 0x04, 0xC8, 0xCC,
    0x2C, 0x6B, 0x57, 0xE6, 0xCF, 0xF0, 0x7D, 0x9F, 0xF9, 0x37, 0x85, 0x29, 0x42, 0xF6, 0x0C, 0x16,
    0x16, 0xAE, 0xDF, 0xAA, 0xA4, 0x8F, 0x97, 0xE1, 0x83, 0x43, 0xD4, 0xBD, 0x1A, 0x83, 0x86, 0x91,
    0x85, 0xCB, 0x03, 0xC9, 0xFA, 0xEE, 0x85, 0x72, 0x3E, 0xEE, 0x6C, 0x13, 0xC4, 0xC6, 0x8B, 0x0A,
    0x29, 0xCD, 0x75, 0x7F, 0x97, 0xA0, 0x9E, 0x55, 0x5D, 0x2E, 0x2B, 0x0C, 0xBD, 0x6E, 0x46, 0x0D,
    0xE2, 0x42, 0x67, 0xE5, 0xDE, 0x7A, 0xBD, 0x61, 0xFB, 0xCB, 0xE9, 0x2C, 0xBA, 0x40, 0xBE, 0xBF,
    0x7C, 0x60, 0x4F, 0xFA, 0xED, 0x0E, 0x1C, 0x43, 0xB7, 0xC9, 0x58, 0x8D, 0x8C, 0x2A, 0x9A, 0x70,
    0xD7, 0xEA, 0x82, 0x75, 0x5E, 0x32, 0x1B, 0xED, 0x18, 0x5D, 0x4A, 0x6F, 0x0F, 0x95, 0x0D, 0x88,
    0xEE, 0x5C, 0x4E, 0x5E, 0xB5, 0xBC, 0xDE, 0x32, 0x97, 0x2B, 0xB3, 0x01, 0x36, 0x90, 0x5F, 0xBD,
    0x68, 0x17, 0x5C, 0x38, 0x0B, 0x8C, 0x8B, 0x94, 0xB1, 0x32, 0xF1, 0xC5, 0xBA, 0x98, 0x03, 0x56,
    0x88, 0x5E, 0x56, 0xFD, 0x96, 0x32, 0x61, 0x19, 0xF7, 0xEC, 0x35, 0x16, 0x7D, 0x13, 0x8C, 0x24,
    0xD7, 0x32, 0x12, 0xBA, 0xCB, 0x91, 0x22, 0x97, 0x93, 0x6E, 0xF3, 0xB0, 0x1D, 0x0E, 0x18, 0x61,
    0xA1, 0xFF, 0xAA, 0x83, 0xFA, 0x1B, 0xE6, 0xF8, 0xCC, 0xA3, 0x21, 0xBE, 0x7C, 0xF8, 0x81, 0x3D,
    0x05, 0xD5, 0x57, 0xD2, 0x6A, 0xE0, 0x57, 0xCD, 0x5C, 0x4E, 0xBC, 0xAD, 0xEE, 0xBD, 0xC2, 0x46,
    0x85, 0xA7, 0x64, 0x73, 0x19, 0x9E, 0xA2, 0x8D, 0x2A, 0x4F, 0xD9, 0x46, 0x5D, 0x32, 0xEF, 0x6C,
    0xC0, 0x3F, 0x91, 0x94, 0x3A, 0x6A, 0xD3, 0xCE, 0x51, 0xBC, 0xB8, 0x47, 0xA4, 0x1D, 0xA8, 0x60,
    0xAD, 0x07, 0x37, 0x81, 0xFA, 0xFC, 0xAA, 0x6C, 0xE4, 0xA2, 0xF5, 0x18, 0x4E, 0x51, 0x30, 0x2F,
    0x11, 0xEC, 0xE0, 0x0F, 0x16, 0xAA, 0x60, 0x75, 0xBF, 0xE9, 0xDC, 0xEE, 0x0B, 0x16, 0xFF, 0x04,
    0x34, 0x02, 0x3B, 0x3A, 0xB0, 0x81, 0x62, 0xA9, 0xCA, 0x26, 0xAC, 0xA9, 0x53, 0x41, 0x40, 0x30,
    0xD4, 0x5D, 0xD5, 0xA5, 0x12, 0xC4, 0x84, 0x03, 0x76, 0x01, 0x81, 0xBA, 0x61, 0x91, 0xE3, 0x04,
    0x62, 0xD9, 0xA5, 0x8B, 0x08, 0xFF, 0xF6, 0x7D, 0x24, 0xF0, 0xAB, 0x52, 0x6F, 0xD5, 0x13, 0x63,
    0x55, 0x03, 0x09, 0x77, 0x5F, 0x60, 0x12, 0x40, 0x96, 0x32, 0xA1, 0x12, 0xB7, 0xB4, 0x42, 0x22,
    0x7B, 0x0D, 0x21, 0xE3, 0x62, 0x7C, 0x89, 0xAC, 0x76, 0x2C, 0xD0, 0xB0, 0x4C, 0xB7, 0x97, 0xFB,
    0xB1, 0xFA, 0x52, 0xF1, 0x20, 0x74, 0x20, 0xB7, 0xA0, 0x2C, 0x45, 0xB1, 0x31, 0xDD, 0x1D, 0x94,
    0x8A, 0xA8, 0x98, 0xA9, 0x82, 0xA3, 0x62, 0x77, 0xB1, 0x0B, 0xBD, 0x88, 0xFF, 0x85, 0xF6, 0x01,
    0xA5, 0x5A, 0xD1, 0xDB, 0x34, 0xDA, 0x4F, 0xEC, 0x66, 0x54, 0xCA, 0xDB, 0x1E, 0x37, 0x1B, 0x44,
    0x4F, 0xAD, 0x43, 0xE8, 0xAC, 0xBA, 0x46, 0x23, 0x52, 0x97, 0x21, 0x71, 0x9E, 0x2C, 0x68, 0x98,
    0xBE, 0xF4, 0xF8, 0x7F, 0x74, 0xDC, 0x09, 0x64, 0x71, 0xCB, 0xFA, 0xF4, 0xC4, 0xB0, 0xCC, 0x14,
    0xEC, 0x4E, 0x0E, 0xFE, 0xE4, 0xEA, 0x13, 0xB0, 0xAA, 0x75, 0x56, 0x9B, 0xBA, 0xD2, 0x7B, 0xF0,
    0x9F, 0xB3, 0xAB, 0xC0, 0x15, 0xCB, 0x56, 0x8A, 0xB7, 0xF6, 0x5D, 0xB9, 0xFD, 0xCF, 0x88, 0x1E,
    0x6C, 0xAB, 0xD0, 0x30, 0xA8, 0x0E, 0x3A, 0x11, 0x6D, 0x26, 0x0B, 0x9F, 0x17, 0x5A, 0x97, 0x48,
    0x9C, 0x13, 0x24, 0xF3, 0xFD, 0x0A, 0x21, 0x3D, 0x7A, 0x33, 0xFA, 0x35, 0x82, 0x1D, 0xAB, 0xE6,
    0x45, 0xF1, 0xA9, 0x42, 0xE9, 0x44, 0x5A, 0x92, 0x85, 0xF0, 0x49, 0x41, 0x84, 0xC6, 0x45, 0xC4,
    0xC5, 0xCA, 0x54, 0x19, 0x2A, 0x53, 0x2B, 0x1B, 0x06, 0x41, 0x65, 0x4A, 0x77, 0x5D, 0x03, 0x9E,
    0x5C, 0x5D, 0xD3, 0x95, 0x78, 0x4C, 0xA8, 0xBE, 0x49, 0xB8, 0xD7, 0xBF, 0x30, 0xBA, 0x1A, 0x9C,
    0xE9, 0xC0, 0x25, 0xD6, 0x3C, 0xC6, 0xC7, 0x3B, 0x0A, 0x7D, 0x14, 0x97, 0x98, 0xF2, 0x21, 0xEB,
    0xA3, 0x15, 0x98, 0x07, 0xE0, 0x72, 0x8A, 0x97, 0xA6, 0x81, 0xF0, 0x5F, 0xEF, 0x12, 0x86, 0x0D,
    0xD7, 0x34, 0x1A, 0x19, 0x68, 0x61, 0xE3, 0x57, 0x19, 0x38, 0x09, 0x42, 0xCF, 0xC3, 0xFF, 0x92,
    0xE1, 0xAA, 0xAD, 0xDE, 0xFA, 0x05, 0x02, 0xDD, 0x6C, 0x15, 0xD4, 0xF8, 0xF5, 0xB4, 0x57, 0xB8,
    0x92, 0x15, 0x65, 0xDB, 0x4C, 0xA1, 0x0A, 0xF6, 0xBC, 0x9C, 0x41, 0x9B, 0xE6, 0x49, 0xDB, 0xDA,
    0x8B, 0x4D, 0xDF, 0x20, 0x2D, 0x28, 0xEE, 0x8D, 0x67, 0x58, 0xBC, 0x45, 0xC2, 0x6A, 0xCF, 0xC1,
    0x06, 0xC0, 0x25, 0xFB, 0x4B, 0x40, 0xB2, 0x20, 0x0D, 0x2B, 0xD9, 0x37, 0xE7, 0xEF, 0x15, 0xBD,
    0x7D, 0xFE, 0xC9, 0x31, 0xB3, 0x6F, 0xCC, 0x0C, 0xB8, 0x82, 0xD0, 0x26, 0xE9, 0x36, 0x15, 0xF7,
    0x8E, 0x11, 0x2A, 0x29, 0x98, 0xAE, 0x09, 0xA2, 0xDC, 0xFD, 0x1E, 0xB5, 0xB4, 0x8E, 0x2A, 0x17,
    0xC4, 0x07, 0x6F, 0xB1, 0x14, 0xBD, 0xAC, 0x96, 0xF2, 0x4B, 0xB6, 0xFB, 0x52, 0xE1, 0xA2, 0x3A,
    0x3C, 0x0D, 0x6B, 0x7D, 0x9A, 0x80, 0xBE, 0xC3, 0x7D, 0x84, 0x2F, 0xD9, 0x9B, 0x2C, 0xB2, 0x35,
    0x2A, 0x07, 0x9A, 0xA0, 0x54, 0x6A, 0x8F, 0x4D, 0x0E, 0xA0, 0x4B, 0xE3, 0xC2, 0x73, 0x7E, 0x6C,
    0x36, 0x71, 0xC3, 0xE5, 0x50, 0xD8, 0xF2, 0x17, 0x35, 0xEB, 0x38, 0x81, 0x73, 0x33, 0xA1, 0x0B,
    0xB2, 0xBC, 0xBF, 0x72, 0x2E, 0xA5, 0x51, 0x90, 0x65, 0xD1, 0x27, 0x73, 0x0E, 0x8F, 0x6E, 0x91,
    0x15, 0xB6, 0x4B, 0x3D, 0x63, 0x6B, 0xB2, 0x7E, 0x07, 0xBC, 0x6C, 0xF8, 0x74, 0xDE, 0x8A, 0xD6,
    0xD6, 0x5B, 0x90, 0x24, 0xFA, 0xCA, 0x86, 0xC4, 0x9F, 0x1A, 0x81, 0x07, 0x7F, 0xA4, 0x02, 0x26,
    0x55, 0x53, 0xD2, 0x5B, 0x11, 0x57, 0x0B, 0x26, 0x1B, 0xA6, 0x2A, 0x5F, 0x78, 0x69, 0x79, 0x39,
    0xB7, 0xAA, 0xE3, 0xC2, 0x89, 0x18, 0xE2, 0x38, 0xD6, 0x5F, 0xB2, 0x16, 0xCF, 0x3E, 0xE6, 0x17,
    0x26, 0xD9, 0x10, 0xA6, 0xB5, 0x1F, 0xCC, 0x3C, 0x10, 0xDB, 0xC6, 0xCA, 0x29, 0x18, 0x2B, 0xD2,
    0xDA, 0xB9, 0x8D, 0x7C, 0x38, 0xE2, 0x3B, 0xAA, 0x7E, 0xB3, 0x7B, 0x75, 0x08, 0xEC, 0x76, 0x00,
    0xB7, 0xC1, 0x49, 0xD6, 0x70, 0x7B, 0xB1, 0x8B, 0xD5, 0xD2, 0x56, 0xC5, 0x50, 0xF1, 0xAA, 0x43,
    0x70, 0xEA, 0x9D, 0xB9, 0xB0, 0x8F, 0xF6, 0x67, 0xE6, 0xCA, 0xE4, 0xBF, 0x9F, 0x8C, 0x7D, 0xBE,
    0x8D, 0x96, 0xA7, 0x4D, 0x76, 0x69, 0xA0, 0x1F, 0x08, 0x0F, 0x1B, 0x16, 0x54, 0x1A, 0x9D, 0x89,
    0x90, 0x89, 0x0A, 0x3F, 0xB2, 0xB5, 0xFD, 0x9B, 0x3E, 0x7B, 0x91, 0xF5, 0x22, 0x97, 0x20, 0xAA,
    0xA2, 0x12, 0x39, 0x89, 0x8A, 0x1E, 0x97, 0x34, 0xC9, 0xFD, 0x39, 0x52, 0x65, 0xB2, 0x4E, 0x8B,
    0xE4, 0x22, 0x1C, 0xB8, 0x4B, 0xB2, 0x9E, 0x4E, 0xB3, 0x62, 0x51, 0x1A, 0x51, 0xF3, 0xE8, 0x07,
    0xEF, 0xE7, 0x07, 0x03, 0x46, 0x2A, 0x9A, 0x3C, 0x3E, 0xA8, 0xF2, 0x4E, 0xA0, 0x5C, 0x44, 0x1D,
    0x6A, 0xAE, 0x76, 0x53, 0x06, 0x97, 0xB4, 0x55, 0xB7, 0x26, 0x73, 0xDA, 0x37, 0xED, 0xD9, 0xAF,
    0x65, 0x70, 0x9F, 0x11, 0xA2, 0xA9, 0x04, 0xDC, 0xB9, 0xBC, 0x87, 0xBC, 0x37, 0x72, 0xD6, 0xAD,
    0x2B, 0x8C, 0xDF, 0xF5, 0x87, 0x0C, 0x0E, 0x19, 0x45, 0x41, 0x35, 0x8C, 0xF2, 0xC8, 0xF9, 0x0E,
    0x7B, 0x46, 0xEB, 0xAF, 0xF9, 0x94, 0x84, 0xA8, 0x0C, 0xCC, 0xC1, 0xBF, 0xD8, 0x92, 0x35, 0xA3,
    0x1F, 0x78, 0x1C, 0xB0, 0xAA, 0x34, 0x15, 0xBB, 0x5D, 0x93, 0x2C, 0xFF, 0xC8, 0x9B, 0x03, 0x9F,
    0x8F, 0x39, 0xFC, 0xE2, 0x04, 0xEC, 0x1A, 0x3F, 0x9B, 0x73, 0xCC, 0xFA, 0x5D, 0x2B, 0xF5, 0x9A,
    0x2A, 0x2A, 0xB1, 0xEA, 0x40, 0x92, 0xE5, 0xD3, 0x47, 0x46, 0x00, 0x2E, 0xD7, 0x94, 0x0C, 0x89,
    0x0C, 0x94, 0x2C, 0x05, 0x52, 0x86, 0xF2, 0x3A, 0x10, 0x08, 0xB1, 0x63, 0x71, 0x6E, 0x96, 0x78,
    0xF3, 0xA9, 0x00, 0x11, 0x70, 0xDF, 0x64, 0xA1, 0x6B, 0x3E, 0xA4, 0x4C, 0x8D, 0xFD, 0x04, 0x8F,
    0x80, 0x43, 0x14, 0x66, 0x96, 0x30, 0xAA, 0x9A, 0x8E, 0x34, 0x04, 0x04, 0xA1, 0x5E, 0x06, 0x21,
    0x2F, 0x7C, 0xB0, 0xC0, 0x6A, 0x96, 0xC1, 0x9F, 0x5D, 0xA0, 0xC0, 0xEE, 0x5C, 0x27, 0xE1, 0xB7,
    0xD2, 0x6C, 0xD7, 0x38, 0x62, 0xB9, 0xC0, 0x63, 0xF5, 0xE0, 0xCC, 0xDB, 0xC8, 0x2C, 0x98, 0x7B,
    0x9C, 0x62, 0x09, 0xBE, 0x58, 0xA0, 0x12, 0xDB, 0x01, 0x03, 0x2D, 0x21, 0x51, 0x01, 0x51, 0x50,
    0x2B, 0x58, 0xC4, 0xF2, 0x25, 0xA1, 0x1B, 0xF0, 0x88, 0x22, 0x4A, 0x3A, 0x0B, 0xCD, 0xA5, 0xF3,
    0x09, 0x7E, 0xFE, 0x0D, 0xC0, 0x85, 0xCB, 0xB7, 0x1F, 0xEF, 0xFB, 0x5F, 0x99, 0x2B, 0x8B, 0x38,
    0xCF, 0xE4, 0xB6, 0xC2, 0xD6, 0x59, 0xCE, 0xEA, 0xC3, 0x10, 0xE7, 0xCB, 0x03, 0xC7, 0x9B, 0x47,
    0x16, 0xE6, 0x81, 0x73, 0xD0, 0xA8, 0x27, 0x3F, 0x56, 0x7D, 0x64, 0x1F, 0x00, 0x5C, 0x1D, 0x93,
    0x59, 0x09, 0x98, 0x12, 0x4F, 0x65, 0x66, 0xC8, 0xC1, 0x00, 0x13, 0xCB, 0xA6, 0x53, 0x36, 0x5A,
    0x48, 0x66, 0x75, 0x31, 0x3C, 0xC4, 0xCF, 0x67, 0xD8, 0x8B, 0x17, 0x0E, 0xDD, 0x60, 0xBA, 0xF9,
    0x42, 0x93, 0xD6, 0xDE, 0x78, 0x64, 0x61, 0xAE, 0xF3, 0xED, 0x71, 0x47, 0x32, 0x34, 0xDA, 0xCF,
    0x1F, 0x2B, 0xF0, 0x16, 0xCE, 0xDC, 0xAA, 0x71, 0x8F, 0xFA, 0xDB, 0xD7, 0xDC, 0x92, 0x9E, 0x6D,
    0x1F, 0xA2, 0xBA, 0xFC, 0xBD, 0xDE, 0x77, 0xD9, 0x19, 0xF1, 0x37, 0x7D, 0x7C, 0xB3, 0xE6, 0x86,
    0xE7, 0x3D, 0x46, 0x0F, 0xF1, 0x08, 0x88, 0x48, 0xED, 0x27, 0x24, 0xB8, 0xB0, 0xBF, 0xD3, 0x1F,
    0x00, 0x1A, 0x2A, 0xC0, 0xAB, 0x06, 0xE5, 0xDB, 0x77, 0x74, 0x74, 0xDA, 0xEF, 0x0E, 0x61, 0x3B,
    0x14, 0xCE, 0xED, 0xCC, 0xCB, 0xED, 0x76, 0xD9, 0xDE, 0xDC, 0xE5, 0x86, 0xBE, 0xA4, 0x63, 0xD7,
    0x41, 0x21, 0xC4, 0xBB, 0x5F, 0xD9, 0x55, 0xF8, 0x0C, 0x75, 0x16, 0x8D, 0x8D, 0x02, 0x87, 0x6B,
    0x94, 0x59, 0x57, 0x8F, 0x2A, 0x9D, 0x65, 0x65, 0x90, 0xC0, 0x6B, 0x30, 0x2C, 0x84, 0xBE, 0x87,
    0x57, 0xDA, 0x15, 0x2C, 0xAB, 0x69, 0x69, 0x56, 0x34, 0x1F, 0x5A, 0x15, 0xCB, 0x19, 0x37, 0x38,
    0x79, 0x04, 0x6B, 0xC2, 0x6D, 0xC5, 0xEF, 0x20, 0x63, 0x55, 0xD7, 0x7E, 0xD9, 0x7C, 0x54, 0xC5,
    0x5F, 0x43, 0xF5, 0x31, 0xD3, 0xEB, 0xDA, 0x7A, 0x6C, 0x7B, 0xAB, 0x2C, 0x85, 0x3B, 0x5E, 0x92,
    0x0F, 0x8C, 0x29, 0x2B, 0xFE, 0x63, 0xD6, 0xB8, 0x68, 0xD8, 0x60, 0x26, 0x3F, 0xD5, 0x40, 0x2F,
    0xEC, 0x3B, 0xAD, 0xEC, 0xF5, 0x67, 0x33, 0xF1, 0x7B, 0xF5, 0xA9, 0x32, 0xD5, 0x5F, 0xD0, 0x93,
    0x2F, 0x5C, 0x50, 0xF7, 0x85, 0xF6, 0x19, 0x25, 0x30, 0x2A, 0x91, 0x74, 0x78, 0x58, 0x22, 0xB7,
    0xDF, 0xB0, 0x90, 0x72, 0x66, 0xF1, 0x75, 0x44, 0x9F, 0xA2, 0xB0, 0xD7, 0xC8, 0x61, 0x28, 0x47,
    0xE2, 0x06, 0x14, 0x9A, 0x5E, 0x71, 0x2E, 0x5E, 0x73, 0xF2, 0x8A, 0xF4, 0xC4, 0x34, 0x6F, 0x31,
    0x07, 0x63, 0x6D, 0xA3, 0x40, 0x9A, 0xF8, 0x28, 0x76, 0xDE, 0x3B, 0x4C, 0x53, 0x70, 0x72, 0x22,
    0x4C, 0x4E, 0x66, 0x26, 0x39, 0x6F, 0x2C, 0x4A, 0xC6, 0x4C, 0xA3, 0x8D, 0xC6, 0xE4, 0x9C, 0x85,
    0x3E, 0x3A, 0xBB, 0x81, 0x7B, 0x3E, 0x51, 0xE1, 0x45, 0x35, 0x27, 0x5F, 0xC1, 0x75, 0xAB, 0x3D,
    0xEE, 0x6B, 0x67, 0x90, 0xD9, 0x15, 0x57, 0xA8, 0x80, 0x83, 0xD4, 0x3F, 0xC7, 0x41, 0xCE, 0xF8,
    0xC8, 0x81, 0x87, 0xD8, 0x26, 0x8A, 0x59, 0xB0, 0x76, 0x53, 0x5C, 0x54, 0xA2, 0xFE, 0x26, 0x1B,
    0x33, 0x56, 0x7D, 0xFA, 0x49, 0x22, 0x7A, 0x1B, 0xBC, 0xB9, 0xFB, 0xF2, 0x29, 0x73, 0x1D, 0x13,
    0x8A, 0x92, 0xCF, 0xC3, 0xF5, 0xA6, 0xE7, 0x95, 0xE6, 0x8A, 0xBA, 0x00, 0x42, 0xEE, 0x1A, 0xB5,
    0x30, 0x61, 0x89, 0x6F, 0xA4, 0xF5, 0x06, 0x79, 0xBD, 0x10, 0xAA, 0x06, 0x93, 0x0E, 0xBC, 0x6B,
    0x3E, 0x58, 0x1D, 0xDA, 0xAF, 0xDE, 0x67, 0xD5, 0x8B, 0x56, 0x90, 0x60, 0xBB, 0x04, 0x2C, 0x36,
    0x56, 0x1F, 0x60, 0xB7, 0x8C, 0x88, 0x69, 0x4B, 0x01, 0xB7, 0xC4, 0x3C, 0xFA, 0x39, 0x9A, 0x45,
    0xD3, 0x32, 0x67, 0xAB, 0xB0, 0x15, 0xD9, 0xBF, 0x71, 0xD0, 0xF9, 0x69, 0x23, 0xD8, 0x4C, 0x6C,
    0x88, 0x3B, 0x99, 0x73, 0x29, 0x37, 0x28, 0x3A, 0xDA, 0xE8, 0xB2, 0x97, 0x15, 0x8A, 0x24, 0x27,
    0x90, 0x84, 0x85, 0x6C, 0x67, 0x17, 0x01, 0x63, 0x61, 0xEB, 0x24, 0x22, 0x26, 0x06, 0x67, 0x18,
    0x2E, 0x99, 0x90, 0x48, 0x06, 0x06, 0x16, 0x98, 0xC0, 0xB0, 0x19, 0x0C, 0x40, 0x38, 0x65, 0xD2,
    0x35, 0xC4, 0x3A, 0xAD, 0x4C, 0xA3, 0xAE, 0x06, 0xDF, 0x32, 0x87, 0x50, 0x58, 0xC3, 0x9D, 0xBC,
    0x6D, 0x84, 0xF6, 0x63, 0x65, 0x4A, 0x92, 0xCA, 0x96, 0x93, 0xB5, 0x39, 0xBB, 0x94, 0x45, 0xEF,
    0x84, 0xCE, 0x01, 0x30, 0x93, 0x8C, 0x39, 0x58, 0xEA, 0x76, 0x35, 0xAD, 0x83, 0x75, 0xCB, 0x85,
    0x28, 0x1E, 0x43, 0xF9, 0x30, 0x73, 0x5A, 0xD8, 0xB5, 0x63, 0x7D, 0xD6, 0xD0, 0x5F, 0x13, 0xE2,
    0x51, 0x48, 0x9C, 0x90, 0xC0, 0xBE, 0x9D, 0x02, 0x75, 0xC8, 0xE9, 0xAE, 0x20, 0x28, 0x43, 0x49,
    0x19, 0x89, 0x6A, 0x93, 0x95, 0xD3, 0x0A, 0xCD, 0x73, 0x69, 0x58, 0x32, 0x87, 0x1C, 0xD4, 0x39,
    0xA3, 0x6D, 0x40, 0x08, 0x7C, 0x18, 0x33, 0x9E, 0xA2, 0x24, 0x1F, 0x38, 0x3D, 0x50, 0x22, 0xF2,
    0xCC, 0x32, 0x13, 0xF3, 0x4B, 0xE3, 0xC4, 0x92, 0xAA, 0xAC, 0xA8, 0x96, 0xB8, 0x64, 0x03, 0xC7,
    0x94, 0xC8, 0x62, 0xEC, 0xE0, 0x70, 0x4D, 0x57, 0x18, 0x67, 0x53, 0x91, 0x4E, 0x40, 0x4A, 0xF7,
    0xBB, 0x81, 0xA7, 0xC9, 0xC5, 0x69, 0x7E, 0xFC, 0xBF, 0x25, 0x74, 0x36, 0xCB, 0x33, 0x96, 0x44,
    0xE1, 0x4F, 0x68, 0x47, 0xAC, 0x8F, 0x49, 0x68, 0x9A, 0x5B, 0xC0, 0xB6, 0x6F, 0xD4, 0x39, 0xF7,
    0x92, 0x63, 0xED, 0xBD, 0x64, 0x15, 0xD7, 0xCE, 0x0D, 0x63, 0x55, 0x63, 0x1F, 0x1D, 0x52, 0x38,
    0x99, 0x87, 0x16, 0xEE, 0xCB, 0xD6, 0xAA, 0x26, 0xD0, 0x20, 0xDD, 0xC9, 0x2F, 0xD2, 0xB4, 0xD5,
    0x7E, 0x84, 0x68, 0x2E, 0xD3, 0x95, 0x90, 0xE2, 0x95, 0x6E, 0xF2, 0xAF, 0x70, 0x72, 0x32, 0xF7,
    0x22, 0x7F, 0x03, 0xDB, 0x11, 0x7C, 0x55, 0xDF, 0xD4, 0x95, 0xFD, 0xDC, 0x32, 0x71, 0x3C, 0x9D,
    0x5F, 0x3E, 0x0C, 0x95, 0x82, 0xC8, 0x87, 0xD3, 0x30, 0xC1, 0xBA, 0xC1, 0x8D, 0xA3, 0x9D, 0xC7,
    0xD3, 0x1A, 0x23, 0xA0, 0x6B, 0xC8, 0x54, 0x29, 0x2D, 0x38, 0x51, 0xA1, 0xC9, 0xB9, 0x12, 0x1F,
    0xE6, 0x70, 0x5F, 0xE9, 0x4C, 0x43, 0xA1, 0x33, 0x5E, 0x63, 0xD5, 0x34, 0x6C, 0xE9, 0xA7, 0x24,
    0x59, 0x0E, 0xC5, 0x67, 0xBD, 0xD7, 0x45, 0x26, 0x37, 0xC2, 0x33, 0x73, 0x06, 0x70, 0x70, 0x73,
    0x16, 0x44, 0x81, 0xAA, 0x40, 0x53, 0x16, 0x78, 0x18, 0x77, 0x4F, 0x70, 0xD2, 0x25, 0x73, 0x04,
    0x74, 0xAB, 0x92, 0x22, 0xD6, 0x20, 0x5C, 0xE7, 0x26, 0x38, 0xF5, 0xC6, 0x58, 0xD9, 0xE6, 0x22,
    0x96, 0xE8, 0x0A, 0xDB, 0x3C, 0x60, 0xFB, 0x31, 0xB1, 0x87, 0x75, 0x42, 0x8F, 0xC6, 0xF7, 0x67,
    0x8C, 0xBA, 0xDD, 0x74, 0xD2, 0xAD, 0xE4, 0xC7, 0x75, 0x73, 0x0E, 0x43, 0x8D, 0x1B, 0x1C, 0x1C,
    0x77, 0x32, 0x17, 0x90, 0x50, 0x36, 0x6C, 0x9E, 0xB8, 0x88, 0x40, 0xB1, 0xDA, 0xF6, 0x14, 0xDD,
    0xAB, 0x5D, 0xE1, 0x86, 0xA6, 0xFB, 0xD8, 0x98, 0x12, 0x0F, 0x0A, 0x51, 0x74, 0xC5, 0x6C, 0x91,
    0x90, 0x6B, 0x3E, 0xCE, 0xCD, 0x4F, 0x6C, 0x25, 0x8B, 0x61, 0xAF, 0xBB, 0xB0, 0xF8, 0xA5, 0x84,
    0x5A, 0x26, 0x87, 0x63, 0xA4, 0x7E, 0x4F, 0x92, 0x9A, 0x99, 0xE1, 0x9C, 0xB7, 0x1B, 0x62, 0x91,
    0xBB, 0x8D, 0x0F, 0xC7, 0x0D, 0x6E, 0x03, 0x5B, 0x58, 0x40, 0x74, 0xC5, 0xB6, 0xF7, 0x0B, 0x9C,
    0x2B, 0x28, 0xD5, 0x36, 0xF6, 0x9D, 0x96, 0x63, 0x4D, 0xD6, 0xC1, 0x1A, 0x06, 0x8A, 0x2A, 0xB2,
    0x57, 0xC7, 0xD8, 0x3E, 0x47, 0xE8, 0xA0, 0xCB, 0xCE, 0x5B, 0x3A, 0x7B, 0x38, 0x32, 0x6A, 0xD7,
    0x39, 0x39, 0x35, 0x2E, 0xB0, 0xAA, 0x28, 0xC2, 0x73, 0xBB, 0x8C, 0x99, 0xCE, 0x76, 0x2B, 0x7D,
    0xBA, 0xBD, 0x19, 0xD2, 0xAF, 0x16, 0x08, 0x00, 0x2C, 0x30, 0x92, 0xDC, 0x19, 0x5E, 0x2A, 0x92,
    0xBF, 0xAA, 0xDD, 0xA6, 0x9F, 0x36, 0xD1, 0x69, 0x62, 0xB7, 0x91, 0x82, 0x5C, 0x05, 0xAD, 0x56,
    0x85, 0xEA, 0x31, 0xA6, 0xAF, 0x64, 0x33, 0xE7, 0x2C, 0x0F, 0x42, 0xEB, 0x1C, 0xB1, 0x9C, 0x9B,
    0xAD, 0x88, 0xAD, 0x07, 0x0A, 0xAD, 0xAE, 0x05, 0x16, 0x38, 0x50, 0xA0, 0xD1, 0x3C, 0xFA, 0xB7,
    0xF5, 0x10, 0xEB, 0x1F, 0x5F, 0xF5, 0xCC, 0x80, 0x83, 0x34, 0x73, 0xDA, 0x45, 0xCB, 0x71, 0x0A,
    0x1B, 0xB4, 0x75, 0xAE, 0xE3, 0x94, 0x2F, 0x8C, 0x96, 0xE5, 0x1D, 0xD0, 0x47, 0x51, 0xC2, 0x65,
    0x97, 0x80, 0x5A, 0x0F, 0x70, 0x8A, 0x86, 0xDD, 0xBC, 0x7A, 0x9B, 0x19, 0xCD, 0x56, 0x3F, 0x47,
    0x96, 0x7E, 0xCE, 0x7D, 0x92, 0x70, 0xA2, 0x33, 0x6D, 0xAF, 0x63, 0xB5, 0x11, 0xAB, 0x66, 0x9F,
    0xD5, 0xB4, 0xFC, 0x7A, 0xAC, 0xDA, 0x6B, 0x58, 0x6D, 0x5A, 0xD1, 0xCE, 0x74, 0x91, 0xA6, 0xC7,
    0x41, 0xCE, 0xAD, 0xCF, 0xF4, 0xB5, 0x59, 0x65, 0x28, 0x48, 0x98, 0xD5, 0xDB, 0x8F, 0x6C, 0x89,
    0xC8, 0x41, 0x60, 0x1A, 0xB1, 0x3E, 0x8A, 0xE0, 0x34, 0x9A, 0x9F, 0xC8, 0x8D, 0x07, 0x2E, 0x33,
    0x57, 0xA5, 0x52, 0x78, 0xCB, 0x25, 0xB9, 0xDB, 0x74, 0x69, 0x3E, 0x87, 0x2F, 0x7A, 0x26, 0xDA,
    0x57, 0xB1, 0xC3, 0xC0, 0x04, 0x10, 0xEE, 0xC8, 0x60, 0xC8, 0x7D, 0x99, 0xCB, 0x6F, 0x6B, 0xEB,
    0x5E, 0xDE, 0x52, 0xB4, 0xD8, 0xD7, 0x33, 0x04, 0xB0, 0x5D, 0x72, 0x0F, 0x4E, 0x62, 0x64, 0x21,
    0x1C, 0x85, 0x69, 0x17, 0xF2, 0xC1, 0x0C, 0x5F, 0xE3, 0x19, 0xA5, 0xB8, 0x68, 0x46, 0x30, 0xF1,
    0xDC, 0x98, 0x4E, 0xE0, 0xE1, 0xE1, 0x31, 0xEB, 0xC9, 0x02, 0x25, 0xFC, 0x53, 0x57, 0x77, 0xA5,
    0x8D, 0xCE, 0x4A, 0x7E, 0x08, 0x8B, 0x27, 0xE7, 0x2D, 0x18, 0xDC, 0x1F, 0x1A, 0x3D, 0x46, 0x4F,
    0x55, 0xD1, 0xB1, 0x1B, 0x09, 0x64, 0x5C, 0x2A, 0x4C, 0xD7, 0x86, 0x53, 0x64, 0xF1, 0x28, 0xCE,
    0xA5, 0x43, 0x5F, 0x00, 0xA9, 0x3D, 0xEB, 0x4E, 0x89, 0x82, 0xB6, 0x89, 0x9A, 0xB0, 0xE2, 0x7D,
    0x9B, 0xB2, 0x3C, 0x56, 0x6A, 0x6E, 0x83, 0x85, 0x47, 0xAA, 0xB1, 0xE0, 0xA4, 0x74, 0x41, 0x54,
    0x5D, 0x5D, 0xC1, 0x83, 0x9D, 0x1E, 0x05, 0x45, 0x39, 0xA6, 0xA9, 0x29, 0x4D, 0x0E, 0x69, 0xF2,
    0xD3, 0x1A, 0xD1, 0xF4, 0x9B, 0xCB, 0x1C, 0x4C, 0xCE, 0x3A, 0xAA, 0x47, 0x41, 0x4D, 0x0B, 0xF9,
    0x8F, 0x3F, 0x76, 0x1B, 0x8D, 0x6A, 0x4C, 0x64, 0x40, 0xEE, 0x97, 0x00, 0x3A, 0x89, 0x20, 0x87,
    0x00, 0x52, 0x32, 0x54, 0xA6, 0xE6, 0xE5, 0x2A, 0xB5, 0x60, 0xF1, 0xF5, 0x06, 0x0F, 0xEF, 0x4F,
    0xB0, 0xA5, 0x91, 0xB5, 0xF4, 0x99, 0x85, 0xE1, 0xE2, 0xCE, 0xB2, 0xEA, 0xEF, 0xAC, 0x5D, 0x15,
    0x79, 0x9B, 0x84, 0xD9, 0x5C, 0xAB, 0x9C, 0x57, 0x36, 0xDD, 0xE4, 0x15, 0x21, 0x50, 0x07, 0x71,
    0xA3, 0x76, 0xD3, 0xA9, 0xEF, 0x42, 0x4F, 0xDB, 0x68, 0x75, 0xBE, 0xAB, 0x65, 0x9B, 0xBB, 0xE1,
    0x85, 0x7A, 0x0E, 0x17, 0xC4, 0x1A, 0xDB, 0x7C, 0xDE, 0xDA, 0xF3, 0xC4, 0x3B, 0xFA, 0x3B, 0xF4,
    0x2D, 0x1C, 0xF7, 0xF7, 0xEC, 0x1B, 0x8C, 0xFF, 0x8C, 0x5C, 0x43, 0x2D, 0x9C, 0x8E, 0x63, 0x1C,
    0xD1, 0x24, 0x27, 0x8E, 0x84, 0x11, 0xCE, 0xB8, 0x9A, 0xFD, 0x54, 0xEF, 0x18, 0x13, 0x6E, 0xF0,
    0x90, 0x7E, 0x38, 0x6E, 0x73, 0xEE, 0xC5, 0x74, 0xD8, 0x58, 0xDE, 0xCD, 0xD6, 0x7F, 0xA7, 0x12,
    0x71, 0x23, 0x05, 0xCC, 0x45, 0x69, 0x92, 0xEC, 0x10, 0xC0, 0x61, 0x14, 0xCF, 0xD7, 0xA6, 0x79,
    0x41, 0x51, 0xE7, 0x40, 0x63, 0x50, 0xB6, 0xFE, 0x93, 0xD5, 0x45, 0x22, 0x1A, 0xE2, 0xD6, 0x18,
    0x51, 0x81, 0x7E, 0xF4, 0x83, 0xC1, 0x72, 0xC2, 0x77, 0x98, 0xFC, 0xB3, 0xB3, 0xAA, 0x80, 0x33,
    0x9F, 0xFA, 0x8A, 0xAC, 0x04, 0x0A, 0x3F, 0x15, 0xC1, 0xD3, 0xCD, 0x33, 0xB9, 0xCF, 0xCA, 0x0D,
    0x14, 0x37, 0x79, 0xC5, 0xC1, 0x67, 0xBC, 0xCD, 0xBC, 0x6E, 0xA7, 0x48, 0xDB, 0x9E, 0x00, 0xB9,
    0xCC, 0xCF, 0x34, 0x6F, 0x99, 0x75, 0x67, 0xB5, 0xBF, 0x5A, 0xFF, 0x54, 0x43, 0x5C, 0x6B, 0xBE,
    0x60, 0xEE, 0x12, 0x99, 0x10, 0xE0, 0x6D, 0x62, 0x19, 0xEC, 0x42, 0xCD, 0x58, 0xA5, 0x6C, 0xBF,
    0x60, 0x0F, 0xC4, 0x2A, 0x0B, 0xC3, 0x0B, 0xC5, 0x9A, 0xBF, 0xCA, 0xF5, 0xDE, 0x85, 0x25, 0xCD,
    0x90, 0x30, 0xD3, 0x5C, 0xD6, 0x28, 0x91, 0xB2, 0x5F, 0xFF, 0xC1, 0x95, 0x6D, 0x4A, 0x04, 0x06,
    0x9C, 0x28, 0xD8, 0xD0, 0x31, 0xCD, 0xE5, 0x53, 0xB3, 0xE2, 0x72, 0xEB, 0xFB, 0x2E, 0x1B, 0x04,
    0xFE, 0xA7, 0x00, 0x3C, 0xAE, 0xA9, 0x03, 0xE6, 0xD1, 0x5B, 0xB8, 0xFE, 0xFD, 0xFD, 0x89, 0xC1,
    0xE3, 0x4D, 0x97, 0x0D, 0x95, 0x55, 0x9B, 0x8C, 0x15, 0x90, 0x5E, 0xF8, 0x71, 0x97, 0xC6, 0xAB,
    0xBB, 0x07, 0x60, 0xC9, 0xAE, 0x75, 0xC6, 0x34, 0x9E, 0xFD, 0x7B, 0x9F, 0xC6, 0x03, 0x8F, 0xE5,
    0x57, 0xEC, 0xFC, 0xBF, 0x7C, 0x91, 0x02, 0xAE, 0xB4, 0xB8, 0x20, 0x9D, 0x4C, 0xDB, 0x7B, 0x3B,
    0x85, 0x3D, 0x3A, 0xB9, 0xE6, 0x22, 0xAC, 0xE5, 0xBB, 0x23, 0xE7, 0xEC, 0x1A, 0x52, 0x2E, 0x7C,
    0x27, 0x80, 0xCD, 0x76, 0x15, 0x85, 0x53, 0x7A, 0x26, 0xF8, 0x15, 0x0E, 0x21, 0x33, 0x35, 0xA4,
    0x66, 0x98, 0xF0, 0x93, 0x59, 0xA3, 0x04, 0x80, 0x63, 0xE7, 0xAD, 0xC9, 0xFA, 0x2F, 0xF8, 0x20,
    0x04, 0x50, 0x03, 0x61, 0xE0, 0x44, 0xCA, 0x1C, 0x01, 0xFB, 0xF3, 0x09, 0xF7, 0x8A, 0x07, 0x6D,
    0x4D, 0xDA, 0x71, 0xB8, 0x5A, 0xE0, 0x43, 0x94, 0x59, 0xBB, 0xB7, 0x8F, 0x9E, 0x5A, 0xF8, 0xEA,
    0xC5, 0x3E, 0xB7, 0xBB, 0xA2, 0xC5, 0x10, 0xEE, 0x0B, 0x87, 0xE5, 0xA1, 0x4A, 0xF3, 0x33, 0x5B,
    0x8D, 0x83, 0x93, 0xC4, 0x67, 0xEC, 0x9B, 0x6C, 0xFA, 0xE3, 0xEC, 0x43, 0x4C, 0x3F, 0xFE, 0x0E,
    0xDF, 0xFE, 0xDD, 0x9D, 0xA4, 0x2B, 0x64, 0x75, 0xDA, 0xBD, 0xB2, 0xBA, 0xFC, 0x28, 0x92, 0x2A,
    0x38, 0x5E, 0x30, 0x43, 0x60, 0xB9, 0x1D, 0xF6, 0x78, 0x8E, 0xC4, 0x73, 0xE6, 0x78, 0xEE, 0xAE,
    0xE1, 0xB9, 0x22, 0xCF, 0xA1, 0x13, 0xD6, 0x7C, 0x8D, 0xB0, 0xFC, 0x07, 0x27, 0x26, 0xC8, 0x48,
    0x3F, 0x0A, 0x78, 0x6D, 0x86, 0xEF, 0xD0, 0xFE, 0x4E, 0x99, 0xB1, 0xB5, 0xBB, 0x2E, 0x93, 0x3C,
    0xB6, 0x1F, 0xD5, 0xAA, 0x39, 0xAA, 0xF5, 0x00, 0x3B, 0xEF, 0x6A, 0x30, 0x51, 0x32, 0xFF, 0x53,
    0x7E, 0x0B, 0xF6, 0x81, 0x05, 0xDC, 0xA6, 0xD0, 0x08, 0x0F, 0x51, 0x7C, 0xDC, 0xBE, 0x4C, 0xA1,
    0x08, 0x79, 0x9D, 0xD5, 0xEB, 0x02, 0xAE, 0x8E, 0xF0, 0xEA, 0x6D, 0x65, 0x36, 0xAE, 0x9B, 0x56,
    0xD1, 0xF5, 0x9D, 0x1F, 0x3D, 0xB9, 0x53, 0x8A, 0x34, 0x6B, 0x98, 0xFD, 0x74, 0x68, 0x3C, 0x7D,
    0x1B, 0x96, 0x64, 0xA6, 0x68, 0x50, 0x02, 0xDD, 0xF9, 0xE2, 0x8D, 0xAB, 0x5D, 0xD8, 0x07, 0x35,
    0x2D, 0x9A, 0x97, 0xB7, 0x93, 0x25, 0x01, 0x3C, 0x66, 0xB5, 0xAF, 0x4F, 0x54, 0x83, 0x66, 0x43,
    0x58, 0x65, 0x63, 0x75, 0xD2, 0x2C, 0xD1, 0xB8, 0x55, 0x0D, 0x47, 0x84, 0x41, 0xD9, 0x13, 0x13,
    0x83, 0xC9, 0x8F, 0xB4, 0xB3, 0xF0, 0x6A, 0x64, 0x52, 0x32, 0x20, 0x23, 0x21, 0x69, 0x28, 0xC6,
    0xC8, 0xAA, 0x24, 0x39, 0x27, 0x27, 0xBE, 0x28, 0x50, 0x3B, 0xC3, 0xD2, 0x30, 0xAC, 0x71, 0xA2,
    0xFA, 0xBA, 0xDC, 0x2F, 0x37, 0xE2, 0x3E, 0x3E, 0xE4, 0x3E, 0x24, 0xF7, 0xDD, 0xA9, 0x6B, 0xB8,
    0x77, 0xED, 0x83, 0x9F, 0x1D, 0x36, 0x55, 0x9D, 0x5A, 0x96, 0x3F, 0x57, 0x87, 0x81, 0x67, 0x38,
    0x1A, 0xCD, 0x4E, 0xFD, 0x3F, 0x3C, 0x43, 0xC5, 0x06, 0x8D, 0xAF, 0x2B, 0xF7, 0x9C, 0x7E, 0xE7,
    0xAE, 0x99, 0xC5, 0xB4, 0x66, 0xA2, 0x38, 0xFD, 0x04, 0x5B, 0xD1, 0xB4, 0x42, 0xD3, 0xFA, 0x32,
    0x34, 0xB0, 0x76, 0xF3, 0xB1, 0xFD, 0xB4, 0x15, 0xBB, 0x4D, 0xC7, 0x86, 0x86, 0xB2, 0x45, 0x4E,
    0x11, 0x0B, 0x25, 0x6B, 0xF6, 0x2D, 0xFF, 0xAD, 0x37, 0x51, 0xD7, 0x01, 0xDD, 0xBD, 0x15, 0x92,
    0xCF, 0xFE, 0xC5, 0x23, 0x5F, 0x21, 0xFF, 0x3F, 0x97, 0x13, 0x2E, 0x6E, 0xB4, 0x36, 0xED, 0xB2,
    0xEB, 0xDE, 0x15, 0x60, 0x0D, 0x38, 0x45, 0x2A, 0xBD, 0x5A, 0xD6, 0xC2, 0x59, 0x35, 0x40, 0x60,
    0xAA, 0x13, 0x96, 0x63, 0x80, 0x7B, 0xB4, 0xB3, 0xEC, 0xC4, 0xF8, 0x83, 0xA0, 0x36, 0x30, 0x02,
    0xF5, 0x05, 0xAC, 0x17, 0xD0, 0xF0, 0x35, 0xEC, 0x4E, 0x6A, 0x28, 0xBD, 0x3A, 0x67, 0x2C, 0xF9,
    0x54, 0x67, 0x46, 0x6E, 0xA7, 0xDF, 0xCF, 0xD5, 0xBB, 0x04, 0x39, 0x9F, 0x9C, 0xB7, 0x15, 0x27,
    0x7B, 0x18, 0x11, 0x05, 0x34, 0xD9, 0x39, 0xE6, 0xE8, 0x7E, 0xC1, 0x1D, 0x04, 0xA4, 0xAD, 0xB7,
    0x06, 0x2D, 0x54, 0xC2, 0x5E, 0x25, 0x5F, 0x7A, 0x2A, 0x8D, 0xAF, 0x32, 0x29, 0x1B, 0x13, 0x06,
    0xE3, 0x0B, 0x89, 0xAE, 0x5C, 0x1C, 0xF8, 0x1A, 0x4F, 0x25, 0x06, 0x84, 0x8D, 0xDC, 0xDC, 0xB4,
    0x29, 0xDE, 0xD3, 0x8B, 0x3C, 0xBF, 0xD1, 0x70, 0x41, 0x5B, 0x6C, 0xDB, 0x04, 0x00, 0xF4, 0x6F,
    0xC2, 0x09, 0xB7, 0xD8, 0xD2, 0xFE, 0x1C, 0x14, 0x77, 0x45, 0x9F, 0x0F, 0xC5, 0x18, 0x03, 0x6D,
    0x64, 0x8B, 0x81, 0x6A, 0x52, 0x5B, 0xBF, 0xCA, 0x97, 0x11, 0xFA, 0xCA, 0x64, 0x9F, 0xDB, 0xA9,
    0x28, 0x63, 0x88, 0x20, 0x67, 0xA5, 0xA8, 0x79, 0x0F, 0x46, 0xB1, 0xE6, 0x50, 0x78, 0x6A, 0xD9,
    0x7E, 0x8A, 0xEC, 0xB3, 0x6A, 0x7F, 0x73, 0xA0, 0xD1, 0x59, 0x2F, 0x82, 0xB5, 0xF3, 0x01, 0x82,
    0xE6, 0xA1, 0x9B, 0x18, 0x5F, 0x37, 0x81, 0x73, 0x18, 0xC1, 0x28, 0x7B, 0x3D, 0x3A, 0x1F, 0xD1,
    0xD8, 0xAB, 0x16, 0x0F, 0x5C, 0xDD, 0x6B, 0x1F, 0x05, 0x7D, 0x59, 0x20, 0xB3, 0x67, 0x99, 0x58,
    0x59, 0x32, 0x31, 0x14, 0x39, 0x2C, 0x76, 0xD9, 0x89, 0xC3, 0xE5, 0xEE, 0xFD, 0xC7, 0xBD, 0x02,
    0x42, 0x3A, 0xEF, 0x46, 0x80, 0xF3, 0x71, 0x87, 0x84, 0x94, 0xEC, 0x37, 0x6E, 0x72, 0xD9, 0xC7,
    0x63, 0x37, 0xBC, 0xAA, 0x09, 0x0F, 0x1A, 0x70, 0xB0, 0x28, 0xCF, 0x91, 0xA3, 0x69, 0xB7, 0xAA,
    0xDC, 0x71, 0xC0, 0x73, 0xEC, 0x15, 0xD0, 0xD3, 0xDE, 0x0D, 0x7A, 0x46, 0xBE, 0x39, 0xC9, 0x34,
    0xB4, 0x65, 0x6D, 0x69, 0x49, 0x19, 0xDE, 0xDF, 0xD7, 0x14, 0x05, 0x3B, 0x50, 0xD9, 0xD5, 0x71,
    0x4B, 0x19, 0x5C, 0x71, 0xD6, 0xBA, 0x87, 0x97, 0xDB, 0x44, 0x68, 0xBC, 0xEC, 0xF4, 0x94, 0xEA,
    0xAD, 0x4D, 0xA6, 0xB2, 0x1D, 0xFF, 0xAE, 0xB2, 0x61, 0xAB, 0xEB, 0x56, 0x7B, 0xD3, 0xEE, 0x21,
    0x27, 0xD4, 0x4D, 0xF5, 0xBA, 0xD0, 0x23, 0x71, 0x9C, 0x7E, 0x75, 0x67, 0xAF, 0xB3, 0xD5, 0x5B,
    0x22, 0xC4, 0x9B, 0xAF, 0x9B, 0x15, 0x6E, 0x38, 0x91, 0x78, 0xA3, 0xE2, 0xF0, 0x6F, 0xD2, 0x73,
    0xA8, 0x92, 0x95, 0x1C, 0x73, 0x67, 0xED, 0xC7, 0xDE, 0xDB, 0x8D, 0x14, 0x6D, 0x56, 0x95, 0x5C,
    0xDC, 0xAB, 0x5D, 0xB2, 0xEA, 0xBD, 0x9B, 0x9A, 0x01, 0x3B, 0x3F, 0x63, 0xE1, 0x32, 0x66, 0x1A,
    0xC7, 0x36, 0x68, 0x45, 0x5D, 0x26, 0x83, 0x7B, 0xF1, 0xC6, 0x5A, 0xFF, 0x3E, 0xF2, 0x59, 0xAF,
    0x68, 0xD5, 0x5A, 0x5A, 0x57, 0x11, 0xFA, 0x57, 0x11, 0x8E, 0x87, 0x3C, 0xAB, 0x37, 0x81, 0x1E,
    0x64, 0x41, 0x14, 0x5E, 0x13, 0x79, 0x33, 0x20, 0xE6, 0x58, 0xB5, 0xC1, 0x28, 0x19, 0x6D, 0x3F,
    0x6F, 0x8D, 0xAC, 0x2D, 0x03, 0xB0, 0x64, 0x5D, 0x7E, 0x25, 0x1A, 0x00, 0x91, 0x27, 0xFE, 0x84,
    0x53, 0x7E, 0x41, 0x95, 0xF9, 0xED, 0x85, 0x58, 0x39, 0x40, 0xD7, 0x58, 0xCD, 0x86, 0xDD, 0x59,
    0x73, 0x1B, 0x48, 0xE1, 0x1E, 0x8F, 0xB7, 0xA8, 0x55, 0x8D, 0xF5, 0xDD, 0xB3, 0x9B, 0x8E, 0xF9,
    0x42, 0x29, 0xB4, 0xD7, 0x48, 0xA1, 0xBB, 0x29, 0x29, 0x7C, 0x85, 0xBA, 0xD9, 0xAD, 0x90, 0x02,
    0x36, 0x75, 0x19, 0x4D, 0xF9, 0xFE, 0x2B, 0x1C, 0x9D, 0x7F, 0x85, 0x23, 0xA0, 0x14, 0x46, 0x4A,
    0xE1, 0xD9, 0xAF, 0x2D, 0x05, 0xD7, 0x91, 0xC9, 0xDD, 0xCB, 0x58, 0x4C, 0xC9, 0x7E, 0xAF, 0x74,
    0xEF, 0x87, 0x7E, 0xA2, 0xCC, 0xD9, 0x87, 0x73, 0x3D, 0xDD, 0x36, 0xEE, 0x15, 0xEF, 0x5D, 0xD9,
    0x65, 0x6C, 0xF2, 0x9F, 0xAA, 0xBB, 0x39, 0x67, 0x20, 0xB7, 0xA1, 0x42, 0xA6, 0x32, 0xDF, 0x68,
    0xF7, 0x52, 0xDD, 0xDE, 0x15, 0xBD, 0x52, 0xC9, 0x75, 0xA2, 0x4B, 0xCB, 0xAE, 0x9A, 0xA1, 0xA4,
    0x4F, 0x2E, 0xF9, 0xFF, 0x01, 0xE5, 0x5B, 0x31, 0xAC, 0xE5, 0xD6, 0x71, 0xBD, 0xE4, 0xCB, 0x7E,
    0x02, 0xCB, 0x00, 0x74, 0x11, 0x39, 0xB2, 0xB7, 0x60, 0xCA, 0x18, 0x0E, 0x44, 0xB7, 0x01, 0xEC,
    0x25, 0x1D, 0x23, 0x50, 0xA1, 0x42, 0x2E, 0xAC, 0x4A, 0x85, 0x5D, 0xB8, 0x53, 0xF1, 0xEB, 0x20,
    0xB6, 0xF8, 0xAC, 0x2D, 0x54, 0xB8, 0xD0, 0x22, 0x01, 0x9C, 0x52, 0x2E, 0x52, 0x24, 0x48, 0x00,
    0xA5, 0x54, 0xB1, 0x12, 0x29, 0xAB, 0xD8, 0x42, 0x85, 0x28, 0xB9, 0x30, 0x10, 0x15, 0x62, 0xD6,
    0xEB, 0x18, 0xD0, 0x16, 0xA2, 0xD6, 0x94, 0xCC, 0xBF, 0x26, 0x79, 0x73, 0xCE, 0x99, 0xCB, 0xF7,
    0xDF, 0xDF, 0x55, 0x6C, 0x19, 0xF0, 0x42, 0x56, 0xF2, 0x77, 0xFF, 0x7B, 0xEF, 0xF3, 0x5D, 0x92,
    0x77, 0xE6, 0xCE, 0x9C, 0x39, 0x33, 0x73, 0xE9, 0x1C, 0x7E, 0x1E, 0xE1, 0x8B, 0xDB, 0x79, 0xBD,
    0x15, 0xF6, 0xE6, 0x67, 0xE7, 0x2E, 0x7D, 0x2B, 0xF6, 0x83, 0x4B, 0xBC, 0xDF, 0x17, 0xAD, 0x6B,
    0xDE, 0xF3, 0xDD, 0xEA, 0xB2, 0x39, 0xF2, 0x6F, 0x0C, 0x91, 0x6F, 0x23, 0xEF, 0xAB, 0x6C, 0xC6,
    0x49, 0xA3, 0x6B, 0x7A, 0x97, 0x7A, 0x9D, 0x9E, 0xCF, 0xAE, 0x98, 0x9C, 0x2B, 0x07, 0xE7, 0x3B,
    0x5C, 0xA2, 0x4D, 0x70, 0x0C, 0xBF, 0xC5, 0xAC, 0xAF, 0x30, 0x0E, 0xBF, 0xB1, 0xDF, 0x63, 0x6C,
    0x95, 0xAE, 0x87, 0xE1, 0x38, 0x5E, 0x0F, 0x3A, 0xDF, 0xB7, 0xAE, 0x1C, 0x1D, 0xAE, 0xCE, 0x41,
    0xF8, 0xE5, 0xB7, 0xB1, 0xBF, 0xE3, 0x2B, 0x87, 0x83, 0xBE, 0xD7, 0x5C, 0xBF, 0xE9, 0xC2, 0x8F,
    0x3E, 0x34, 0x7B, 0xA7, 0xFB, 0x5D, 0x59, 0x9F, 0x5C, 0x5C, 0xE9, 0xEF, 0x35, 0xAE, 0xBE, 0xE5,
    0x5F, 0x68, 0xCB, 0xBE, 0xFC, 0x4D, 0x57, 0x0E, 0xA9, 0x1F, 0xF2, 0x29, 0xF2, 0x7D, 0x3A, 0xBB,
    0xBA, 0xC7, 0x0D, 0x8A, 0x11, 0xB7, 0x48, 0x31, 0x90, 0x7F, 0x64, 0xF8, 0x66, 0x8F, 0xF7, 0x06,
    0xB2, 0xB5, 0x75, 0x07, 0xD1, 0xF0, 0x82, 0xDB, 0x60, 0xE6, 0xE9, 0x5A, 0x85, 0x9B, 0x64, 0xBA,
    0xA9, 0x2B, 0x67, 0xBD, 0xD5, 0x8B, 0xBD, 0xAD, 0x7A, 0xFB, 0xB2, 0xFD, 0xE5, 0x96, 0xD2, 0xCF,
    0x99, 0x3F, 0x9B, 0x4B, 0x3F, 0xA5, 0xFE, 0x37, 0x13, 0x05, 0x69, 0x9E, 0x18, 0x24, 0x4F, 0xDD,
    0xED, 0x30, 0x16, 0xAA, 0x4A, 0x30, 0xD6, 0x4F, 0x0E, 0xF7, 0x8E, 0x20, 0x0D, 0x14, 0x17, 0xE3,
    0x00, 0xF5, 0x47, 0xD5, 0x4C, 0x7A, 0xC3, 0xE4, 0xF4, 0x06, 0x8D, 0x9B, 0x0E, 0xD3, 0x51, 0x6F,
    0xD9, 0x80, 0x3B, 0xF6, 0xDB, 0x5B, 0x81, 0x09, 0x41, 0x5B, 0x25, 0x66, 0x09, 0x55, 0x41, 0x4D,
    0xAE, 0x58, 0x9F, 0xE6, 0x92, 0x65, 0x9E, 0x4B, 0x06, 0x75, 0x51, 0x00, 0xAE, 0xDD, 0xA6, 0xA7,
    0x4B, 0xB6, 0x9E, 0xFB, 0xC3, 0x12, 0x67, 0x9A, 0x77, 0x32, 0x3C, 0xB3, 0x44, 0xBE, 0x78, 0xDE,
    0x43, 0x4B, 0x33, 0xD4, 0x52, 0x42, 0x19, 0xAB, 0xC3, 0x72, 0x66, 0x63, 0x82, 0x39, 0xD7, 0x1D,
    0x26, 0x12, 0x4B, 0x3B, 0xD9, 0x4C, 0x21, 0xCA, 0x3E, 0x9B, 0x38, 0x79, 0x28, 0x29, 0x9D, 0xF1,
    0x05, 0x26, 0x8A, 0xF9, 0xE3, 0x44, 0x2C, 0x5F, 0xEC, 0x5F, 0xF2, 0x6F, 0xE0, 0xEA, 0x9C, 0x42,
    0xEC, 0xBF, 0x71, 0xD0, 0x9E, 0xDB, 0x8D, 0xC9, 0x10, 0x3E, 0x46, 0x73, 0xDE, 0x6E, 0x87, 0x7D,
    0x7D, 0x18, 0xD1, 0xAC, 0xDB, 0x27, 0x57, 0x4E, 0x87, 0x8F, 0xC5, 0xE0, 0x3E, 0xFE, 0x07, 0xEB,
    0x83, 0xAB, 0x43, 0x48, 0xBF, 0xB8, 0x86, 0x2F, 0x76, 0xD3, 0x6C, 0x4E, 0x30, 0xFD, 0xD1, 0xD5,
    0x23, 0x95, 0xDA, 0xF4, 0xB8, 0x2B, 0xCC, 0x05, 0x8A, 0x85, 0x0D, 0x60, 0xAD, 0x5B, 0x2A, 0x37,
    0x9F, 0xD2, 0x2E, 0xF3, 0x52, 0x69, 0x4E, 0x3D, 0xCF, 0xA6, 0x5D, 0xBC, 0x35, 0xE3, 0x76, 0x34,
    0xA2, 0xF2, 0xA0, 0xE5, 0x9C, 0x96, 0x0D, 0x8D, 0x35, 0x1D, 0x2D, 0x34, 0xE3, 0x1C, 0x1B, 0x5D,
    0x44, 0x86, 0x40, 0x33, 0x1D, 0x5C, 0x33, 0xD8, 0xC7, 0x7A, 0x88, 0xF1, 0x8A, 0x53, 0xF7, 0xB2,
    0xF8, 0x2A, 0xDB, 0xC7, 0xBE, 0x82, 0xF1, 0x42, 0xCD, 0x05, 0x3E, 0xD2, 0x37, 0x20, 0x59, 0x59,
    0xD1, 0xFE, 0x26, 0x07, 0x87, 0xE2, 0xC7, 0xCF, 0x7B, 0x38, 0x42, 0xE7, 0x1A, 0x0A, 0xB1, 0xD2,
    0xC5, 0xBC, 0xE7, 0xC7, 0xEB, 0x18, 0xCD, 0x03, 0xE1, 0x67, 0x8E, 0x36, 0x95, 0x34, 0xC9, 0x60,
    0xA2, 0xBB, 0xF2, 0xC5, 0xD6, 0x24, 0x87, 0xA7, 0x56, 0x26, 0xB8, 0xCB, 0x57, 0x67, 0x72, 0xC3,
    0xA8, 0x9D, 0x89, 0x0D, 0x4B, 0x90, 0x49, 0x15, 0x53, 0xBC, 0x3E, 0xDE, 0x53, 0xA1, 0xF9, 0x9C,
    0x53, 0x55, 0x92, 0xB9, 0xF6, 0x9C, 0x07, 0x8F, 0x2D, 0x29, 0x45, 0xA0, 0xC4, 0x58, 0x7C, 0x09,
    0x9C, 0x4F, 0xFE, 0xDA, 0x12, 0xE4, 0xBD, 0x9A, 0x8D, 0x9B, 0xB8, 0x45, 0x17, 0xA4, 0xA5, 0xCF,
    0x99, 0xB0, 0xD1, 0x9A, 0xEE, 0x61, 0x11, 0xF8, 0x23, 0x99, 0xCA, 0x0E, 0x52, 0xC3, 0xD7, 0xB3,
    0x21, 0xA3, 0x73, 0x71, 0x0E, 0x4B, 0xDA, 0xED, 0x3C, 0xBC, 0x0F, 0xF6, 0xEF, 0xDB, 0x53, 0x8A,
    0x15, 0x1F, 0xC4, 0xDC, 0x2D, 0xA7, 0x63, 0x10, 0xED, 0xBB, 0x7A, 0x3D, 0x69, 0x86, 0xDD, 0x90,
    0xC0, 0xB8, 0x4B, 0x78, 0xE8, 0xD0, 0xD0, 0x40, 0x81, 0x36, 0x77, 0xA8, 0xE3, 0x7C, 0x94, 0xA8,
    0xB4, 0x49, 0x57, 0x4F, 0xB2, 0xF1, 0x60, 0xCF, 0x5C, 0xBC, 0x08, 0xDF, 0x34, 0xBE, 0x4F, 0xD6,
    0x0C, 0x6B, 0x05, 0xA8, 0xE2, 0xCD, 0x76, 0x3E, 0x5B, 0x32, 0xEA, 0xA8, 0x1C, 0x8A, 0xE1, 0xD9,
    0xC4, 0x77, 0x34, 0xE4, 0x9F, 0xCC, 0x31, 0xAE, 0x08, 0xF7, 0x4C, 0x66, 0x38, 0x51, 0xD3, 0x66,
    0x53, 0xFA, 0xDC, 0x4A, 0x97, 0x80, 0x2F, 0xE5, 0x83, 0xE0, 0x00, 0xA2, 0xD0, 0xD0, 0x01, 0x17,
    0xD9, 0x70, 0x03, 0xB7, 0x80, 0xD6, 0x7C, 0x4A, 0xEB, 0xF7, 0x6D, 0x36, 0xA6, 0x03, 0xCE, 0x58,
    0x5D, 0x33, 0xE5, 0x6D, 0x3E, 0x34, 0xE3, 0xDF, 0xF3, 0xFA, 0x85, 0xD7, 0x0F, 0x95, 0x56, 0xFF,
    0xF7, 0x72, 0x25, 0xAC, 0xD6, 0x77, 0x64, 0xE3, 0xC4, 0x2B, 0x4C, 0xE2, 0xFC, 0x43, 0x26, 0x10,
    0x69, 0xBA, 0xF0, 0x01, 0xCA, 0xCC, 0xA7, 0xF0, 0xA1, 0x18, 0x83, 0x8F, 0xCA, 0xF0, 0xA9, 0x5D,
    0xAE, 0x20, 0x04, 0xAD, 0xEC, 0x03, 0x1D, 0xB7, 0xEE, 0xC3, 0x87, 0xA6, 0xDB, 0x3E, 0xB4, 0xA6,
    0x26, 0x5E, 0xC1, 0x11, 0x5B, 0xC2, 0x07, 0xDA, 0xF1, 0x3E, 0xBE, 0x2E, 0x98, 0xC1, 0xA2, 0xFC,
    0x92, 0x9E, 0x4B, 0x43, 0x7C, 0xA7, 0x27, 0xC6, 0x60, 0x22, 0x6F, 0xF6, 0xA5, 0x00, 0x37, 0x7F,
    0xB3, 0xC7, 0xC5, 0xB0, 0x20, 0xFE, 0x05, 0x68, 0x4E, 0x1F, 0x7E, 0xE8, 0x03, 0xAA, 0xB9, 0xA7,
    0x0E, 0x3E, 0xFA, 0x4A, 0xB0, 0xC1, 0x36, 0xA3, 0x69, 0x96, 0xE3, 0x8E, 0x83, 0xA9, 0xA4, 0x59,
    0x5F, 0x86, 0xC0, 0x11, 0x69, 0x49, 0x6C, 0x7A, 0x4F, 0x8F, 0x94, 0x24, 0xF2, 0x36, 0xE6, 0xCB,
    0x16, 0x1D, 0x68, 0x31, 0x1C, 0x53, 0xF6, 0x1A, 0x93, 0x69, 0x8C, 0x4B, 0x6C, 0x4C, 0x1C, 0xC6,
    0x34, 0xAD, 0xE6, 0xAE, 0x31, 0xD1, 0x84, 0x89, 0x63, 0xCC, 0x2B, 0xBB, 0x85, 0x63, 0xCA, 0x48,
    0x63, 0xF2, 0xB6, 0x69, 0xA9, 0xF7, 0x9E, 0xF8, 0xEE, 0xFD, 0x94, 0x99, 0x21, 0xED, 0x0C, 0xA2,
    0xA3, 0xE0, 0x3C, 0x8D, 0x5E, 0xBF, 0x54, 0x56, 0x16, 0xD3, 0x34, 0xB5, 0x74, 0x9B, 0x21, 0xE3,
    0xC9, 0x69, 0x17, 0x8F, 0x99, 0xEF, 0xD2, 0xF9, 0x04, 0x8B, 0x0B, 0x30, 0x69, 0x21, 0x10, 0xEE,
    0x0C, 0x4C, 0x55, 0xB4, 0xD1, 0x0B, 0xE4, 0x88, 0x7D, 0xE2, 0x87, 0xDD, 0x1A, 0xC1, 0x3C, 0x69,
    0x4E, 0xC9, 0x62, 0xF6, 0x51, 0x76, 0x8C, 0x29, 0x1D, 0xE6, 0x07, 0xAD, 0x20, 0x04, 0xB6, 0x39,
    0x43, 0x0B, 0xED, 0x45, 0x46, 0x53, 0x95, 0x3D, 0x2E, 0x51, 0x7E, 0x74, 0x0B, 0x3E, 0xEF, 0xF1,
    0x92, 0xAE, 0xBB, 0x65, 0x9B, 0x23, 0xD1, 0xDD, 0xA5, 0x90, 0x3C, 0xFD, 0x76, 0x17, 0xA6, 0x56,
    0x70, 0xD2, 0x84, 0x7B, 0x07, 0x05, 0x97, 0x70, 0x4D, 0xB8, 0x67, 0x86, 0xDB, 0xD2, 0x68, 0xF4,
    0x5B, 0xC1, 0x74, 0x6D, 0x81, 0xE7, 0xCD, 0x11, 0x73, 0x98, 0xF9, 0xEC, 0x6C, 0x8D, 0x71, 0x52,
    0x6B, 0x76, 0xE4, 0x87, 0xC4, 0x10, 0x80, 0x6B, 0xD4, 0xEC, 0xCD, 0x82, 0xDE, 0x9C, 0x33, 0x43,
    0xB8, 0x64, 0x6E, 0x7A, 0x1F, 0x6C, 0xE7, 0x9A, 0x67, 0x44, 0x51, 0x98, 0x29, 0xCE, 0xD6, 0x60,
    0x47, 0xCE, 0xBF, 0xDF, 0x9B, 0x89, 0x42, 0xB7, 0x4B, 0x30, 0x25, 0xBA, 0xA4, 0xDD, 0x12, 0x98,
    0x35, 0x27, 0x03, 0xAD, 0x09, 0x0B, 0x82, 0xEB, 0x53, 0x4D, 0xB8, 0x73, 0x33, 0x65, 0x03, 0x0D,
    0x8A, 0xA0, 0x59, 0x79, 0x4C, 0x93, 0xE7, 0x22, 0x3C, 0x98, 0x4D, 0x75, 0x11, 0x7D, 0xBE, 0x73,
    0x0F, 0x98, 0x95, 0x4B, 0xB7, 0x83, 0xB4, 0x2C, 0xA0, 0x86, 0xC7, 0xE9, 0xB8, 0x57, 0xE6, 0x67,
    0x1A, 0x97, 0x84, 0xC6, 0x90, 0xD2, 0x9B, 0x6A, 0x68, 0x4D, 0xA5, 0xEC, 0x1B, 0x81, 0xD4, 0xCB,
    0xC4, 0x28, 0x2D, 0xF4, 0xE0, 0x7C, 0xD3, 0x17, 0x3D, 0xAD, 0x6C, 0xF6, 0xAD, 0x68, 0x49, 0x7E,
    0xD7, 0x5F, 0x9B, 0x65, 0x68, 0x12, 0x13, 0x97, 0x5A, 0xD2, 0xB5, 0xDE, 0x63, 0xF5, 0x80, 0x4F,
    0x50, 0x17, 0xD6, 0xA8, 0x84, 0x11, 0x8D, 0x32, 0x37, 0xCA, 0x07, 0x95, 0x40, 0x71, 0x0D, 0x59,
    0x01, 0x15, 0x8C, 0x3B, 0x00, 0x15, 0x3C, 0xD4, 0xD7, 0xD3, 0xE8, 0x24, 0x18, 0xA3, 0x1E, 0x5F,
    0x71, 0x32, 0xE5, 0xCB, 0x07, 0x59, 0xCA, 0x91, 0xE9, 0x41, 0xEF, 0xBD, 0x3B, 0xB6, 0x3E, 0x17,
    0xFF, 0x63, 0x00, 0xB9, 0x60, 0x80, 0xF8, 0xE2, 0x00, 0xE8, 0x9B, 0x1A, 0x36, 0x88, 0x0F, 0x23,
    0x6A, 0x8B, 0x7C, 0xD9, 0x74, 0xE1, 0xCB, 0xC3, 0xCF, 0x17, 0x17, 0xB8, 0xF0, 0xE9, 0x00, 0xFC,
    0xF6, 0xDF, 0xF0, 0xD3, 0x09, 0xDD, 0xE0, 0x19, 0x98, 0xE4, 0x42, 0x9A, 0x53, 0x65, 0x0B, 0x04,
    0xAC, 0xDB, 0x64, 0x81, 0x33, 0x15, 0x88, 0x4A, 0x84, 0x2D, 0x85, 0x76, 0x18, 0xB0, 0xC5, 0x6F,
    0x8C, 0x19, 0x39, 0xA6, 0x4B, 0xE6, 0xF3, 0x31, 0x69, 0x18, 0xE3, 0x39, 0x66, 0xFE, 0x0B, 0x44,
    0xAE, 0x31, 0xF1, 0x73, 0x89, 0x31, 0xAE, 0x3E, 0xCB, 0x6D, 0x3E, 0xE9, 0x74, 0x41, 0x52, 0x73,
    0xB2, 0xBF, 0x33, 0x31, 0x4B, 0xD3, 0x43, 0x16, 0xD4, 0xB1, 0x1E, 0x45, 0xFE, 0x10, 0xF4, 0x57,
    0xC5, 0xFB, 0x66, 0x39, 0x8F, 0xF2, 0xC7, 0x01, 0xFE, 0x8B, 0xD7, 0x9D, 0x91, 0x38, 0x8E, 0xD1,
    0xAB, 0x37, 0xCC, 0xA3, 0xF2, 0x12, 0x3F, 0xE9, 0xDA, 0x7C, 0x2D, 0xDE, 0xE7, 0xED, 0x61, 0xCE,
    0x1C, 0xF2, 0x04, 0xB1, 0x7F, 0xA5, 0x4F, 0xEC, 0x66, 0xDA, 0x2E, 0xB1, 0x40, 0x38, 0x4B, 0x08,
    0xEF, 0x04, 0x98, 0x2D, 0xAD, 0x9F, 0xA0, 0x4E, 0x4B, 0x22, 0xD9, 0x13, 0x5F, 0xA1, 0x28, 0x30,
    0x13, 0x88, 0xE9, 0x67, 0x7B, 0xB5, 0xC9, 0x26, 0x43, 0x8D, 0xF3, 0x7F, 0x39, 0x5A, 0x60, 0xB5,
    0x79, 0x36, 0x1B, 0x65, 0xA9, 0x31, 0x25, 0x46, 0x97, 0x9D, 0x7F, 0xC2, 0xA2, 0x8A, 0xA8, 0x11,
    0xA2, 0x09, 0x02, 0x42, 0x97, 0x01, 0x11, 0x09, 0x06, 0x33, 0x6D, 0xA9, 0x17, 0x8E, 0x80, 0x61,
    0x22, 0x6A, 0xEC, 0x11, 0x9E, 0x69, 0x29, 0xF5, 0xF8, 0x1D, 0x22, 0x56, 0x7B, 0xE5, 0xAC, 0xBE,
    0x8D, 0x2B, 0xBB, 0x57, 0x5D, 0xF1, 0x1C, 0x8C, 0xF4, 0x1D, 0x44, 0x1D, 0x58, 0x2F, 0x38, 0x83,
    0xDB, 0x9D, 0xD3, 0x20, 0x05, 0x0C, 0xFE, 0x66, 0xE6, 0xDE, 0x8A, 0x12, 0x0C, 0x10, 0x85, 0xF9,
    0xAB, 0x7E, 0x6B, 0x73, 0x53, 0x4D, 0x30, 0x78, 0x67, 0xE4, 0xCD, 0xDD, 0xE3, 0xE0, 0xE1, 0xF2,
    0x72, 0x4C, 0x9B, 0xBF, 0x59, 0x97, 0xB7, 0x75, 0x02, 0x08, 0xC3, 0x6C, 0x18, 0xBA, 0x7B, 0x7A,
    0x36, 0x7F, 0x9E, 0x01, 0x67, 0xF2, 0x0E, 0xE8, 0xA6, 0xE1, 0x70, 0x18, 0x12, 0xD5, 0xBA, 0xD5,
    0xD7, 0xB8, 0xA6, 0x51, 0x3E, 0xDA, 0x7A, 0xEC, 0x23, 0x57, 0x7C, 0x04, 0x12, 0xB2, 0x0A, 0x29,
    0x28, 0xC5, 0xB3, 0x54, 0x10, 0x81, 0xCC, 0xAD, 0x8D, 0x82, 0x95, 0xAD, 0xD7, 0xFE, 0xDC, 0x7C,
    0x65, 0xC2, 0x4F, 0xB9, 0x8D, 0xBD, 0x17, 0xF7, 0xEC, 0x3E, 0xB0, 0x71, 0xFD, 0x17, 0x45, 0xEE,
    0x0A, 0x06, 0xA7, 0x56, 0x7A, 0x48, 0xC5, 0x63, 0x4A, 0x82, 0xD5, 0x07, 0x92, 0xE8, 0x0D, 0x25,
    0x10, 0x4C, 0x03, 0x8A, 0x89, 0xE9, 0x83, 0x7F, 0x1B, 0x97, 0xB7, 0x71, 0xC5, 0x94, 0x6B, 0x8E,
    0xE4, 0x33, 0x8B, 0x68, 0x09, 0xBC, 0xBD, 0xE7, 0x37, 0xCD, 0x3D, 0xB1, 0x38, 0x99, 0x8C, 0xD1,
    0xE0, 0x14, 0xE2, 0x3B, 0xC8, 0xEF, 0xA8, 0x00, 0x69, 0x40, 0x26, 0x96, 0x6E, 0x7E, 0x7B, 0x4A,
    0xC2, 0x8D, 0xF1, 0x39, 0x6E, 0xB2, 0x5B, 0x77, 0x74, 0x8A, 0x62, 0xA4, 0x4B, 0xFD, 0x0D, 0x99,
    0x4C, 0x89, 0xC5, 0xFE, 0x06, 0x93, 0x07, 0xA6, 0x0D, 0x58, 0xA8, 0x9A, 0x91, 0x07, 0xFE, 0x43,
    0x8F, 0x63, 0xCE, 0x50, 0x53, 0xF0, 0xE6, 0xB6, 0x52, 0x81, 0x68, 0xDE, 0x8C, 0x7E, 0x77, 0xB6,
    0x08, 0xAB, 0x88, 0x71, 0x22, 0x90, 0xF7, 0x93, 0x5A, 0x65, 0x0D, 0xB0, 0xC0, 0x1E, 0x30, 0x66,
    0x6C, 0x9F, 0x44, 0xAB, 0x55, 0xC2, 0x40, 0xCE, 0xB3, 0x9B, 0xC4, 0xC6, 0x7A, 0xAD, 0x63, 0x65,
    0xB9, 0x82, 0xF2, 0x00, 0x61, 0xFA, 0x9E, 0xD0, 0xBC, 0xBA, 0x07, 0x4F, 0x9C, 0xE8, 0xAB, 0xCC,
    0x10, 0x00, 0x8B, 0xCC, 0x3E, 0x62, 0xFF, 0x0B, 0x69, 0x9D, 0x7E, 0x11, 0x92, 0x03, 0xCB, 0xA1,
    0x76, 0xA0, 0xC6, 0x4E, 0x54, 0x4B, 0x34, 0x4B, 0x5E, 0x5C, 0x8F, 0xE7, 0x48, 0x74, 0xD2, 0x74,
    0xB0, 0x5C, 0x99, 0xF9, 0x7C, 0x8E, 0x1F, 0x80, 0x0E, 0x83, 0x17, 0x43, 0x0D, 0x99, 0x79, 0x95,
    0x13, 0x54, 0x10, 0x95, 0x37, 0xCC, 0xC1, 0x2A, 0x14, 0xF7, 0xFC, 0xFC, 0x1F, 0x25, 0x8D, 0x1E,
    0x7A, 0xA3, 0x6E, 0x1A, 0xC6, 0x13, 0x4C, 0x63, 0x94, 0x93, 0xB6, 0x17, 0x59, 0xFD, 0x98, 0xE2,
    0x9E, 0x60, 0x55, 0x78, 0xAD, 0x5F, 0xF7, 0xB4, 0x17, 0x7A, 0xA9, 0x1D, 0xBE, 0xFF, 0x07, 0xB1,
    0xB1, 0xF4, 0xBF, 0x62, 0x78, 0x93, 0xD5, 0x14, 0xF2, 0x75, 0x01, 0x37, 0x15, 0x84, 0xD0, 0xD5,
    0x53, 0x41, 0xF5, 0xDE, 0x92, 0x2C, 0x25, 0x50, 0x22, 0x54, 0x4C, 0xFC, 0xDC, 0x1A, 0xF2, 0xAB,
    0x07, 0x4F, 0x64, 0x6A, 0x15, 0x31, 0x96, 0x10, 0xEB, 0x71, 0x2C, 0xF5, 0x3F, 0xA2, 0x03, 0x28,
    0xAB, 0x02, 0xB6, 0x54, 0x87, 0xD0, 0xB5, 0x23, 0x77, 0x96, 0x08, 0xA5, 0x3F, 0xF2, 0x5A, 0x97,
    0xB6, 0x57, 0x39, 0xFB, 0x05, 0x5A, 0xC6, 0xE9, 0x09, 0x00, 0xD4, 0x0E, 0x1D, 0x60, 0x0E, 0xCA,
    0x7B, 0xCD, 0x13, 0x77, 0x4B, 0x86, 0x50, 0x61, 0x04, 0x32, 0x30, 0x28, 0x0F, 0xAA, 0xA4, 0xF2,
    0x68, 0x77, 0x7B, 0x40, 0x0A, 0xF1, 0x39, 0x1F, 0x05, 0x30, 0x20, 0x9F, 0x1C, 0x0E, 0x07, 0x68,
    0xEE, 0xF8, 0xBB, 0xAD, 0xA5, 0x09, 0x9D, 0xBF, 0x7E, 0xC8, 0x7F, 0x2D, 0xE2, 0x48, 0x9D, 0x81,
    0x55, 0x56, 0x87, 0xAC, 0x55, 0xC4, 0x3A, 0xAF, 0x5E, 0xDE, 0xD4, 0x89, 0x29, 0x0D, 0x9B, 0x96,
    0x75, 0xF8, 0xFE, 0x9F, 0x8C, 0x11, 0xD8, 0x2B, 0x8D, 0x9D, 0x8F, 0xB4, 0xE7, 0xA4, 0xBD, 0xC4,
    0xB4, 0x37, 0xDE, 0xA7, 0x3D, 0x4B, 0x5E, 0x1B, 0x53, 0xBB, 0xBB, 0xA8, 0xF6, 0x70, 0x22, 0x6C,
    0x70, 0x65, 0x46, 0x85, 0x03, 0x96, 0xB2, 0x36, 0x67, 0xA7, 0x74, 0x5D, 0x59, 0x41, 0x23, 0xD4,
    0xD8, 0xB2, 0xD5, 0xB4, 0x0D, 0xF6, 0xA7, 0x1C, 0x95, 0x00, 0xA7, 0xD0, 0xFF, 0xEA, 0x36, 0xC3,
    0x1B, 0xBB, 0xDE, 0x34, 0x5B, 0x0C, 0x18, 0x45, 0x65, 0xEB, 0xD0, 0xC1, 0x8E, 0x5E, 0x1A, 0x13,
    0x64, 0x39, 0x47, 0xBA, 0x84, 0xDD, 0x42, 0x97, 0xD0, 0x32, 0x75, 0x79, 0xA4, 0x7A, 0x58, 0x31,
    0x0E, 0xCA, 0x8A, 0x1B, 0xC5, 0x3E, 0x24, 0x6C, 0xE9, 0xDA, 0xF8, 0xBF, 0x62, 0x00, 0x19, 0xD2,
    0x25, 0x3B, 0x73, 0x06, 0xD4, 0x17, 0x20, 0x6E, 0x0B, 0x49, 0xD5, 0x45, 0x88, 0xFB, 0x2C, 0xE9,
    0x38, 0x9A, 0x63, 0x42, 0x4B, 0x09, 0x18, 0xFD, 0x35, 0xE3, 0x0B, 0xBF, 0x2F, 0x14, 0x56, 0xBB,
    0x4F, 0x45, 0xC7, 0x8F, 0x9C, 0x93, 0xF6, 0x74, 0x39, 0xAA, 0x4E, 0x2C, 0x36, 0xD9, 0x43, 0x86,
    0xF8, 0x99, 0xB2, 0xE3, 0xC9, 0x85, 0xE0, 0xC2, 0xC8, 0x65, 0x59, 0x9E, 0x08, 0x54, 0x3C, 0x7E,
    0x1A, 0x3A, 0x2E, 0xCE, 0x00, 0x60, 0x6B, 0xBC, 0x26, 0x4B, 0x06, 0x8E, 0xF2, 0x55, 0xDC, 0x93,
    0x15, 0x2F, 0xF2, 0x84, 0x13, 0xC2, 0x11, 0xE0, 0xF4, 0xCC, 0x5F, 0x43, 0x56, 0x9C, 0x0F, 0x65,
    0xDF, 0xBC, 0x86, 0xB0, 0xC6, 0x10, 0xB3, 0x86, 0x7C, 0x2E, 0x16, 0x62, 0xEF, 0xB6, 0xD7, 0xFB,
    0xEA, 0x32, 0x86, 0xD0, 0x4A, 0xA8, 0xC3, 0xB2, 0xD8, 0xE7, 0x8F, 0x41, 0x6E, 0x0B, 0x3A, 0x9F,
    0x26, 0xCB, 0x73, 0xC4, 0xF2, 0x28, 0xBC, 0x4C, 0x47, 0x02, 0xEC, 0x38, 0x67, 0x4D, 0x5F, 0xB3,
    0xBF, 0x6F, 0xF2, 0x91, 0x57, 0x62, 0x45, 0xDA, 0xF4, 0xB6, 0xAF, 0xA8, 0x61, 0x2B, 0x80, 0x69,
    0x55, 0x8A, 0xF1, 0x90, 0x16, 0x0E, 0xC9, 0x1C, 0x72, 0x43, 0x46, 0x4A, 0x7B, 0x19, 0x10, 0xC7,
    0x45, 0xFF, 0x38, 0xEF, 0x21, 0x6A, 0xFE, 0x89, 0x15, 0x9C, 0xF8, 0x48, 0x99, 0x17, 0x54, 0x9A,
    0xC8, 0x05, 0x33, 0x1D, 0x30, 0xDE, 0x6D, 0x9F, 0x93, 0xCE, 0x7D, 0x26, 0x94, 0x69, 0x13, 0xD5,
    0x9C, 0x35, 0x7D, 0x7D, 0xBA, 0x38, 0xF9, 0x3F, 0xB8, 0x32, 0xC9, 0xD6, 0xFD, 0x79, 0x5C, 0x36,
    0x62, 0xE5, 0xDD, 0x6F, 0xFD, 0xE1, 0xF9, 0x1A, 0xDB, 0x6C, 0xC5, 0x36, 0x26, 0xD9, 0x9D, 0x4E,
    0x1D, 0xDC, 0x22, 0xE5, 0xAD, 0x2E, 0x6B, 0xB9, 0x54, 0xB5, 0x79, 0x65, 0xF3, 0xC6, 0x12, 0xFF,
    0x58, 0x72, 0x79, 0xC5, 0xF4, 0xDD, 0x02, 0x96, 0xD3, 0x29, 0x58, 0x59, 0xDD, 0xB5, 0xEC, 0x73,
    0xE1, 0x00, 0xAF, 0x5D, 0xA9, 0x9E, 0xC1, 0x1C, 0x9E, 0x7C, 0x86, 0xB9, 0xE5, 0x3F, 0x4B, 0x19,
    0x56, 0xCA, 0x59, 0x48, 0xA0, 0xA1, 0x15, 0x02, 0x48, 0xE7, 0x5E, 0x61, 0x45, 0x17, 0x58, 0x93,
    0xB5, 0x46, 0xB9, 0x23, 0x92, 0xC2, 0x88, 0x13, 0x6C, 0xC9, 0x9D, 0xBC, 0x0F, 0x8B, 0xC9, 0x6B,
    0x07, 0x09, 0xCF, 0xF5, 0xBD, 0xFD, 0xD4, 0xFF, 0xF9, 0xA3, 0x45, 0x77, 0x64, 0x16, 0xFD, 0x6D,
    0xFF, 0xFC, 0x4C, 0xC5, 0xFE, 0xC0, 0x8B, 0x8D, 0x35, 0x2D, 0x61, 0xA2, 0xE9, 0x40, 0xE3, 0xEE,
    0xFA, 0x0E, 0x8A, 0x65, 0xE1, 0x7E, 0x8A, 0xFD, 0x6D, 0xA7, 0x0C, 0xC5, 0x09, 0x45, 0xDC, 0x57,
    0xA4, 0xE2, 0xEF, 0x65, 0x53, 0x06, 0x82, 0x11, 0xF9, 0x17, 0xFD, 0x87, 0x40, 0x15, 0x7F, 0x87,
    0x30, 0xD0, 0xEC, 0x6B, 0xBB, 0xDF, 0x53, 0x30, 0xBA, 0x13, 0xDE, 0x3C, 0xF1, 0xEF, 0xB1, 0x44,
    0xCF, 0xFA, 0x03, 0x68, 0x7D, 0xD1, 0x02, 0xE5, 0x76, 0xC0, 0x5A, 0x28, 0xA1, 0xC2, 0x34, 0xE3,
    0x1F, 0x0B, 0xF5, 0xAC, 0x2A, 0xA4, 0x74, 0x36, 0x95, 0x8E, 0x1B, 0x66, 0x35, 0x77, 0x56, 0xEA,
    0x96, 0x85, 0x4A, 0x90, 0x44, 0xCC, 0x78, 0xAE, 0x07, 0xC8, 0xF8, 0x3A, 0x33, 0xED, 0x8A, 0xED,
    0x00, 0x96, 0x55, 0x77, 0xFC, 0xEB, 0x3D, 0x88, 0xAA, 0x9B, 0x21, 0x81, 0xD0, 0xF2, 0x9E, 0xDE,
    0x76, 0x01, 0x6B, 0xFD, 0x4D, 0x66, 0x35, 0x1D, 0x59, 0x70, 0x8F, 0x8C, 0x25, 0x1F, 0x61, 0x17,
    0x09, 0x53, 0xDF, 0x88, 0x34, 0xDD, 0x95, 0xB7, 0x94, 0xFC, 0x28, 0x87, 0xE3, 0x5A, 0xE6, 0xDD,
    0x06, 0xBF, 0x3B, 0x26, 0x21, 0x09, 0x39, 0x70, 0x3A, 0x35, 0x2B, 0x0C, 0x2F, 0xF2, 0x3D, 0xAD,
    0x9F, 0xD1, 0xC2, 0x5B, 0xF5, 0xC6, 0xB1, 0x62, 0x09, 0xF6, 0x48, 0xB3, 0x88, 0xE4, 0x4D, 0x2E,
    0x6F, 0x59, 0x44, 0x5A, 0xC9, 0xA9, 0x14, 0x32, 0x59, 0x90, 0xE0, 0xFA, 0x8A, 0x73, 0x8D, 0xBF,
    0x87, 0x62, 0x76, 0xC3, 0x27, 0x55, 0x0C, 0x0D, 0x01, 0x03, 0xF2, 0x69, 0xF7, 0xBB, 0x15, 0xF3,
    0x00, 0x8D, 0x77, 0x17, 0x69, 0x3C, 0xFE, 0xBA, 0x1D, 0xBA, 0x03, 0x48, 0xA7, 0x86, 0x6C, 0x86,
    0xB6, 0xEA, 0xBE, 0xEE, 0x62, 0x98, 0x47, 0x95, 0xCE, 0xAA, 0x67, 0x40, 0x8B, 0xE5, 0xDB, 0xDE,
    0xB2, 0x5C, 0x57, 0x22, 0x64, 0xC4, 0xF3, 0xC6, 0x70, 0xCA, 0x55, 0x2A, 0x83, 0xBF, 0xBE, 0xC8,
    0x62, 0x59, 0x0C, 0x13, 0x02, 0x4D, 0xDE, 0x03, 0x19, 0x16, 0xD6, 0xE2, 0x86, 0x64, 0x8D, 0x58,
    0xE2, 0xF6, 0x6C, 0x02, 0x28, 0x05, 0x4A, 0x7A, 0x79, 0xD2, 0xA2, 0xD7, 0xE2, 0x5D, 0x2B, 0x5A,
    0x1E, 0x01, 0x55, 0x3E, 0x3E, 0xC0, 0xE7, 0x7F, 0xE6, 0x59, 0x83, 0xF9, 0x50, 0x6B, 0x2B, 0x37,
    0x60, 0x7E, 0xC5, 0xB8, 0xC9, 0x55, 0x43, 0x0C, 0x53, 0x17, 0x48, 0xB3, 0xF1, 0x6F, 0x6A, 0x4E,
    0x72, 0x80, 0x5C, 0xAF, 0xA9, 0xF7, 0xE7, 0x5D, 0x0F, 0xFF, 0xAE, 0xD6, 0xE7, 0x2E, 0x45, 0x67,
    0xDE, 0xC6, 0xB3, 0xA9, 0x4D, 0x39, 0x02, 0x95, 0x6A, 0xDD, 0xA9, 0x1D, 0xEB, 0xF3, 0xF0, 0x0C,
    0x44, 0x53, 0x76, 0x3F, 0x04, 0x50, 0x8F, 0x10, 0x98, 0xCF, 0xCB, 0x00, 0xBF, 0x1E, 0x43, 0x9E,
    0xA8, 0x82, 0xFF, 0x56, 0x06, 0x78, 0x46, 0x47, 0xF1, 0xC7, 0x9F, 0xFB, 0x83, 0x7E, 0xFA, 0x50,
    0x2D, 0xB4, 0x78, 0x3F, 0x80, 0x90, 0xFB, 0xE7, 0x90, 0x78, 0x2D, 0x85, 0xDF, 0xE7, 0x1F, 0xAD,
    0x08, 0xCB, 0xEF, 0xBF, 0x0E, 0x5D, 0x8B, 0x6A, 0x69, 0x79, 0xD4, 0x63, 0xDA, 0x63, 0xE9, 0x69,
    0x16, 0xBF, 0xE2, 0x52, 0x3F, 0x3F, 0x13, 0x4E, 0x90, 0x7D, 0x02, 0xE0, 0xBE, 0xC3, 0xDA, 0x26,
    0xDC, 0x21, 0x3F, 0xDB, 0xD8, 0x84, 0x94, 0xCF, 0xEE, 0x5B, 0xAB, 0xE6, 0x5B, 0x6B, 0xFF, 0xD5,
    0x7A, 0xAB, 0x60, 0x2E, 0x89, 0xB7, 0xC6, 0x9B, 0x49, 0xA6, 0xB6, 0xDB, 0x4D, 0x4B, 0x9A, 0xD5,
    0x74, 0x53, 0xCF, 0xED, 0x96, 0x5A, 0x6E, 0x4F, 0xAC, 0xDB, 0x38, 0xDF, 0xD7, 0x6C, 0xEB, 0xB1,
    0x49, 0x57, 0x82, 0x53, 0x00, 0xA0, 0xF6, 0x30, 0xDA, 0x72, 0x12, 0x84, 0x54, 0x5B, 0xAB, 0xED,
    0x8A, 0x96, 0xEB, 0xAA, 0xA5, 0x8A, 0x5A, 0x39, 0x19, 0x54, 0xFD, 0xA8, 0x60, 0x7C, 0x38, 0xD0,
    0xB6, 0x13, 0x5C, 0x9D, 0x78, 0x89, 0xE4, 0xB9, 0x03, 0x7E, 0x80, 0x71, 0xC5, 0xFE, 0x71, 0x64,
    0xC9, 0x6F, 0x93, 0x54, 0xB1, 0xDD, 0xC6, 0xFC, 0xF9, 0x49, 0xB0, 0x95, 0xD7, 0x99, 0x3A, 0x33,
    0x1F, 0x84, 0x96, 0x60, 0xD9, 0xB0, 0xEA, 0x5A, 0xFD, 0xA2, 0xD1, 0x6E, 0xC0, 0x5F, 0x11, 0x24,
    0xAD, 0xE1, 0xBF, 0x87, 0x82, 0xD2, 0xAB, 0xAA, 0x1C, 0xF9, 0x75, 0x0B, 0x9B, 0xC7, 0xB9, 0xE3,
    0x67, 0x43, 0x3F, 0x8C, 0x0B, 0x98, 0x64, 0x6F, 0xF3, 0xDF, 0xE2, 0x20, 0x6E, 0xCC, 0x12, 0x6D,
    0xB2, 0x22, 0xE8, 0xAD, 0x3B, 0x4E, 0xB2, 0x79, 0x0B, 0x16, 0x33, 0x36, 0xE0, 0x99, 0x52, 0x18,
    0x2C, 0xE7, 0xA7, 0xCC, 0xEF, 0x71, 0x10, 0x96, 0x0C, 0x3B, 0x66, 0xC8, 0xE6, 0xDC, 0x73, 0x5A,
    0xBC, 0x6A, 0x69, 0x73, 0xF8, 0x7D, 0x45, 0xB9, 0x0A, 0x01, 0x80, 0xBE, 0xC6, 0xA2, 0x32, 0x13,
    0xC4, 0xB4, 0x67, 0x04, 0xCB, 0xBA, 0xE5, 0xE0, 0x87, 0xB5, 0x3F, 0x30, 0x85, 0xC8, 0x3F, 0x40,
    0x99, 0x31, 0xBB, 0x52, 0xBD, 0x0C, 0x82, 0x61, 0x95, 0x28, 0xF2, 0x14, 0x2D, 0x61, 0x64, 0x55,
    0x8E, 0x2C, 0x1A, 0x9C, 0xB5, 0x96, 0xF7, 0x1C, 0x55, 0x79, 0x8E, 0x3F, 0x9E, 0xB9, 0x2D, 0x59,
    0xCE, 0x4E, 0x75, 0xDC, 0x4A, 0xEE, 0x99, 0xEE, 0x96, 0x5B, 0xFD, 0xCF, 0x6A, 0xB9, 0x56, 0xC8,
    0x75, 0x05, 0x98, 0x35, 0x82, 0x11, 0x0F, 0x80, 0xF8, 0xE3, 0x3F, 0x99, 0x75, 0x07, 0xA8, 0x60,
    0x71, 0xA7, 0xD1, 0x95, 0xAE, 0x58, 0xBA, 0x5B, 0x53, 0xCC, 0xAC, 0x47, 0x46, 0x16, 0x2D, 0x7E,
    0x43, 0xE1, 0x54, 0xA1, 0x7F, 0xAB, 0xC3, 0xBA, 0x2B, 0x53, 0x0C, 0xD8, 0xF5, 0xF7, 0xA4, 0x24,
    0xF0, 0x94, 0xFE, 0xDF, 0x88, 0x53, 0x8A, 0xB4, 0x2D, 0x06, 0xA5, 0x3F, 0x38, 0xAE, 0xED, 0x5B,
    0x7B, 0x05, 0x2F, 0x8B, 0x68, 0x09, 0xB4, 0x92, 0xA9, 0x4E, 0x53, 0x69, 0x6E, 0xEA, 0xC8, 0x28,
    0x0B, 0x89, 0xC5, 0x0D, 0x64, 0x52, 0x75, 0xA7, 0x74, 0x9C, 0x06, 0xD2, 0x53, 0x65, 0x50, 0xF5,
    0xE9, 0x5A, 0x7D, 0x82, 0x5A, 0x0A, 0xA6, 0x26, 0x04, 0xE8, 0x29, 0x4E, 0xA5, 0xA6, 0x47, 0xA8,
    0x07, 0x11, 0x5A, 0x54, 0xFC, 0x33, 0x34, 0xE9, 0xC2, 0xD4, 0x84, 0x26, 0xE2, 0x0B, 0xBC, 0x82,
    0x06, 0x08, 0x38, 0x6B, 0x92, 0x92, 0x75, 0xE3, 0x56, 0xF5, 0xDE, 0x45, 0xFF, 0xB0, 0x65, 0x71,
    0x0A, 0x76, 0xF5, 0xFE, 0xFF, 0x4F, 0x93, 0x34, 0x34, 0x44, 0x9D, 0x11, 0xB9, 0xD0, 0xB6, 0xB2,
    0x86, 0xA8, 0x7D, 0xD2, 0x8E, 0x03, 0x77, 0xDE, 0x10, 0xAD, 0x0E, 0x0D, 0xD1, 0xF1, 0xD0, 0x10,
    0x9D, 0x3E, 0x59, 0x43, 0x74, 0xFE, 0xAD, 0x0D, 0xD1, 0xEA, 0x21, 0x34, 0x44, 0xA3, 0xD3, 0x61,
    0x8B, 0x8F, 0x01, 0xED, 0x82, 0x34, 0x6E, 0xB7, 0x75, 0xE8, 0xEA, 0x40, 0xAD, 0x0F, 0x75, 0x4C,
    0xAA, 0xF8, 0xCF, 0xC8, 0x88, 0xA7, 0xC8, 0x5F, 0x1B, 0x0F, 0xED, 0x50, 0x96, 0x54, 0xE1, 0xDA,
    0x23, 0x59, 0x61, 0xD2, 0xD7, 0x56, 0xAA, 0x6B, 0x58, 0x54, 0x0C, 0xDD, 0x50, 0x26, 0x94, 0xFD,
    0x63, 0x29, 0x75, 0xB1, 0x23, 0x8D, 0xA2, 0xC1, 0xB1, 0xB0, 0xD9, 0x1E, 0x9A, 0xA1, 0xAC, 0x73,
    0x83, 0xD6, 0x90, 0x2A, 0xB0, 0xA5, 0xE0, 0x9A, 0xDD, 0xCA, 0xFD, 0x19, 0x6B, 0x32, 0x1C, 0x7A,
    0xA1, 0x8D, 0xF5, 0x42, 0x21, 0xFD, 0xF3, 0xEB, 0xE9, 0x5B, 0x8D, 0x2D, 0xC2, 0xA3, 0x5B, 0xC2,
    0xEB, 0x42, 0xAC, 0xB4, 0xFC, 0x7E, 0x27, 0x97, 0x55, 0x0F, 0xA4, 0x38, 0xEF, 0x07, 0x5D, 0x62,
    0xA9, 0xF8, 0x94, 0x78, 0x5E, 0xAF, 0x2F, 0xCD, 0x34, 0xBE, 0xB2, 0x85, 0x59, 0xC5, 0x33, 0xB7,
    0x83, 0x94, 0x7B, 0x96, 0x31, 0x47, 0x9A, 0x62, 0x19, 0xFB, 0xFD, 0xE6, 0x1E, 0x89, 0x0F, 0x14,
    0x4A, 0x6C, 0xCA, 0x28, 0x94, 0xD8, 0x94, 0xED, 0x4C, 0xA0, 0x39, 0x70, 0x71, 0xB8, 0x5E, 0xA3,
    0x36, 0x96, 0xC8, 0xD4, 0xF0, 0xD7, 0xFA, 0x92, 0x0F, 0x37, 0x73, 0x8F, 0x58, 0xD6, 0xCE, 0x99,
    0x88, 0x9C, 0xD1, 0xF7, 0x85, 0x0D, 0x5C, 0xE2, 0xE8, 0x00, 0xDA, 0xF7, 0xF3, 0xA8, 0xE1, 0x61,
    0xF2, 0x28, 0x55, 0x39, 0xAD, 0xF4, 0xB8, 0x53, 0xC8, 0x63, 0xF9, 0xC1, 0xB4, 0xD6, 0x19, 0x72,
    0x28, 0xC4, 0xB9, 0x83, 0xA7, 0x7D, 0x8B, 0xF7, 0x49, 0x58, 0xA7, 0x25, 0xC0, 0x35, 0x60, 0x20,
    0x94, 0x23, 0x35, 0xD0, 0xA2, 0x15, 0x30, 0x99, 0x12, 0x0E, 0x78, 0x96, 0x32, 0x22, 0x96, 0x15,
    0xB8, 0xC8, 0xDC, 0x13, 0x53, 0xA5, 0x8B, 0x3A, 0xAB, 0x83, 0x5D, 0x2B, 0x56, 0xAF, 0x9A, 0x35,
    0x07, 0x55, 0x4E, 0xEB, 0x1E, 0xD7, 0x22, 0xC7, 0x26, 0x8B, 0xE2, 0xCA, 0x95, 0x67, 0xE4, 0xA2,
    0x1E, 0xA6, 0xCE, 0x16, 0xBB, 0x78, 0x6F, 0x28, 0x84, 0x46, 0xA1, 0x8E, 0x87, 0xB7, 0xA7, 0x67,
    0x52, 0x6C, 0xF9, 0x6C, 0xE4, 0xD7, 0x97, 0x78, 0x83, 0x3D, 0x5C, 0x3C, 0xD7, 0x7E, 0xA1, 0x86,
    0x3B, 0x7C, 0xB8, 0x16, 0xD6, 0xD8, 0x1D, 0x34, 0xEB, 0xBD, 0x0A, 0xEA, 0xC4, 0x46, 0x89, 0x68,
    0x8D, 0x6D, 0xF6, 0x15, 0x59, 0x91, 0x07, 0xD5, 0x56, 0xDF, 0xE3, 0xA6, 0x98, 0x40, 0xA3, 0x96,
    0xFA, 0xA2, 0x30, 0xA0, 0x92, 0xE1, 0x74, 0x30, 0x05, 0xAB, 0xB2, 0xEB, 0x68, 0xD8, 0xEE, 0x32,
    0x1D, 0x7C, 0xA5, 0xD0, 0xB8, 0x2D, 0x4F, 0x0C, 0x05, 0x97, 0xD0, 0xE1, 0xAA, 0x2F, 0xBC, 0x85,
    0x4E, 0x5E, 0xDA, 0x3F, 0x50, 0x7D, 0x56, 0x83, 0x76, 0x47, 0x35, 0x92, 0xAE, 0x8E, 0x4C, 0xDF,
    0xC8, 0x6F, 0x61, 0xCB, 0xA1, 0x23, 0xDB, 0x40, 0xB3, 0xEC, 0x97, 0x78, 0x82, 0x71, 0xC6, 0xC2,
    0x8B, 0x0B, 0x2D, 0xD8, 0xC8, 0x17, 0x53, 0xD9, 0x22, 0xF9, 0x40, 0x54, 0xA7, 0x71, 0x35, 0xBF,
    0x9C, 0xB6, 0x9E, 0xEB, 0x4E, 0xCD, 0x45, 0xCC, 0x85, 0x57, 0xC6, 0x89, 0x29, 0x2E, 0x69, 0x4D,
    0x56, 0x22, 0x3D, 0xFB, 0xC3, 0xA5, 0xF6, 0x46, 0x59, 0xCF, 0x32, 0x74, 0x55, 0x43, 0x72, 0x2D,
    0xB7, 0xD2, 0xA6, 0x00, 0x13, 0xB2, 0xDB, 0x0A, 0xA9, 0x2C, 0x24, 0x21, 0xCB, 0x66, 0xB3, 0xD0,
    0x09, 0x6E, 0xD8, 0x27, 0x44, 0x78, 0x3D, 0xD4, 0xF0, 0xCF, 0xBB, 0x83, 0x6A, 0xFA, 0xB1, 0xF0,
    0x5C, 0x8C, 0xA1, 0x86, 0x1F, 0xDA, 0x81, 0x9F, 0xE3, 0xF9, 0x37, 0xD9, 0x09, 0xB4, 0x0B, 0x56,
    0xE7, 0x65, 0x89, 0x50, 0x7E, 0xE0, 0xED, 0x62, 0x2B, 0xE0, 0xE9, 0xC0, 0x65, 0x0D, 0x89, 0x27,
    0x77, 0x08, 0xFC, 0x57, 0x99, 0x07, 0xBB, 0xEF, 0xA9, 0xAA, 0x72, 0x43, 0x9F, 0x6F, 0x14, 0xBA,
    0xC0, 0x72, 0xBF, 0x8E, 0x3F, 0x79, 0x2B, 0xF0, 0xDD, 0x87, 0x55, 0xD7, 0x30, 0x11, 0xCB, 0x36,
    0x98, 0x0F, 0xE9, 0x8A, 0x00, 0xB7, 0x3C, 0xDF, 0xB2, 0x54, 0x05, 0xC1, 0x26, 0x90, 0xBF, 0xA4,
    0x7D, 0x19, 0xB3, 0xA1, 0x29, 0x49, 0x26, 0x4D, 0x74, 0x3D, 0x2E, 0x76, 0x90, 0xBB, 0x66, 0x8B,
    0x76, 0x9E, 0x6D, 0xB5, 0xBB, 0x9E, 0xF9, 0x77, 0x55, 0xAA, 0x61, 0x58, 0xA9, 0xD4, 0xC1, 0x5D,
    0x03, 0xB6, 0x0A, 0x2A, 0xF5, 0xB1, 0xD2, 0x51, 0xBF, 0xE6, 0xDF, 0xDA, 0x37, 0x5A, 0xBA, 0x5F,
    0x18, 0x03, 0x0A, 0x28, 0xBA, 0xAD, 0xF8, 0xA1, 0x62, 0x1A, 0xC0, 0xEA, 0xB0, 0x1D, 0xEE, 0x40,
    0x45, 0xFF, 0x2F, 0x54, 0x3E, 0x8C, 0xD9, 0x6E, 0x22, 0x9B, 0x65, 0x84, 0xCF, 0x32, 0xF1, 0xC7,
    0xCE, 0xC3, 0x47, 0xB2, 0xFC, 0xEB, 0xA9, 0xF6, 0x00, 0x79, 0xF1, 0xE6, 0xA9, 0x6E, 0xCB, 0xBE,
    0x98, 0xF2, 0x81, 0x76, 0x9E, 0xCE, 0x6C, 0xAC, 0x90, 0x45, 0x3B, 0x7F, 0x4A, 0xC4, 0x65, 0xD3,
    0x8E, 0x01, 0xAC, 0xB2, 0xE2, 0x92, 0x53, 0xDF, 0x25, 0xD1, 0x1A, 0x24, 0x2D, 0x44, 0x1B, 0xD2,
    0x21, 0x3F, 0xF3, 0xFE, 0xDB, 0x70, 0x87, 0xB5, 0x01, 0x2A, 0x5F, 0x99, 0x02, 0xAF, 0xB0, 0x1A,
    0x6E, 0x61, 0xDB, 0x73, 0xF6, 0x5B, 0x79, 0x37, 0x50, 0xFD, 0xFD, 0x75, 0xDB, 0x5A, 0xC7, 0xE4,
    0xBC, 0x66, 0x03, 0x53, 0xFB, 0xB4, 0xEE, 0x35, 0xDA, 0x76, 0x43, 0x82, 0xCD, 0x2D, 0x89, 0xBA,
    0x7B, 0x47, 0xDE, 0xCF, 0x06, 0x56, 0xF1, 0x33, 0x9F, 0xAE, 0xD1, 0x8A, 0x18, 0x3D, 0x64, 0x03,
    0xDB, 0x9E, 0xCD, 0xD7, 0x11, 0x5F, 0x92, 0x29, 0x11, 0x58, 0x14, 0x53, 0x73, 0x6B, 0x61, 0xAD,
    0xEC, 0xC5, 0x3E, 0xF1, 0xCC, 0x75, 0x21, 0x10, 0x67, 0xDE, 0x96, 0xB6, 0x6B, 0x45, 0x1C, 0xC7,
    0xB3, 0xED, 0x19, 0x79, 0xB6, 0x3D, 0x33, 0x69, 0xAD, 0xF9, 0xDB, 0x6F, 0x6D, 0x1E, 0x18, 0x5D,
    0xEC, 0xB4, 0x3D, 0x1B, 0x38, 0x64, 0x1D, 0x7A, 0xC8, 0xE4, 0x8B, 0x8F, 0x5D, 0x56, 0xDA, 0x0E,
    0x66, 0x3A, 0x08, 0xCD, 0xEB, 0x5B, 0xEC, 0x4D, 0xB1, 0x29, 0x59, 0x03, 0x2F, 0x4A, 0xB8, 0x57,
    0xD9, 0xFC, 0xDC, 0xE7, 0xA7, 0xA3, 0x7F, 0xF3, 0x87, 0x4B, 0x79, 0xE7, 0x75, 0x9F, 0xF9, 0xB7,
    0xFC, 0x35, 0x3F, 0x34, 0x6D, 0x33, 0xB0, 0xEB, 0x5D, 0x77, 0xDA, 0x35, 0xD9, 0x40, 0x97, 0x34,
    0x90, 0xFC, 0xB8, 0x3A, 0x2C, 0x76, 0x9B, 0xAB, 0xD0, 0xF9, 0xA4, 0x32, 0xE9, 0x9F, 0x8A, 0xDD,
    0x0E, 0x9C, 0x83, 0x9B, 0x93, 0xE1, 0x8F, 0x67, 0x13, 0x00, 0x26, 0x0B, 0xF5, 0x4D, 0xE4, 0x3C,
    0xA3, 0xB8, 0x30, 0x5E, 0x34, 0xCF, 0xDD, 0xB0, 0x6D, 0x5C, 0xFC, 0x43, 0x6E, 0x02, 0x60, 0xB2,
    0x62, 0xCC, 0xD5, 0x80, 0x82, 0x2C, 0xBF, 0xA7, 0xDB, 0x26, 0x2D, 0x71, 0x32, 0xC2, 0x3F, 0x32,
    0xA2, 0xEA, 0xDC, 0xDE, 0x8F, 0xB4, 0xB2, 0xB5, 0xDA, 0xC7, 0x8F, 0xD5, 0x4A, 0xF3, 0xDB, 0xB4,
    0x52, 0xFC, 0xBE, 0x78, 0x78, 0xF9, 0x36, 0xEF, 0xC4, 0xCD, 0x5C, 0x8C, 0xFC, 0x5F, 0x9F, 0x6C,
    0x82, 0xDF, 0x0D, 0x2C, 0x15, 0x41, 0x6F, 0x96, 0x4E, 0x08, 0x71, 0x2A, 0xE7, 0x92, 0x5B, 0x52,
    0x25, 0x42, 0x38, 0x16, 0x73, 0xA9, 0x96, 0x96, 0x1A, 0x91, 0x32, 0xE8, 0x6D, 0xAA, 0xB1, 0x49,
    0x21, 0x84, 0x21, 0x2B, 0xE4, 0x5E, 0xE5, 0x56, 0x17, 0x75, 0x43, 0xAC, 0xDF, 0x0F, 0x23, 0xAC,
    0x28, 0xC4, 0xC8, 0x00, 0x71, 0xC4, 0x11, 0x55, 0x03, 0x84, 0xE3, 0x5A, 0xA6, 0xDA, 0x26, 0xC4,
    0x96, 0x68, 0xA6, 0x13, 0xD6, 0x06, 0x87, 0xB8, 0xDD, 0xBF, 0x88, 0x38, 0xD0, 0x9A, 0xA0, 0xD0,
    0x5C, 0xF5, 0x3E, 0xA2, 0x5E, 0x2C, 0x78, 0x0A, 0xDF, 0x00, 0xA0, 0xAC, 0x2F, 0xB3, 0xB8, 0xF8,
    0x3A, 0xA6, 0x1D, 0xAB, 0x1B, 0xA4, 0x86, 0x4F, 0xAD, 0x4A, 0x6A, 0xCB, 0xB9, 0x01, 0xA0, 0xF6,
    0xCF, 0x82, 0x44, 0x91, 0x9E, 0xBC, 0xC1, 0xE6, 0x0F, 0x7C, 0xA6, 0x7E, 0x0E, 0xA7, 0x4C, 0x61,
    0xEF, 0x52, 0xAA, 0x7D, 0x98, 0xA0, 0x7D, 0x3F, 0xC5, 0xA9, 0x1D, 0x72, 0xF5, 0x01, 0xB0, 0x3E,
    0x12, 0xD3, 0xB9, 0xBD, 0x81, 0x54, 0x5F, 0x08, 0x23, 0x16, 0xF2, 0xA7, 0x50, 0x40, 0x86, 0xBB,
    0xE4, 0x6D, 0x3E, 0x92, 0x73, 0xE3, 0x7E, 0x57, 0xD6, 0x03, 0x7C, 0xEF, 0x42, 0x53, 0x80, 0x08,
    0x43, 0xB7, 0x19, 0xDC, 0x71, 0xAF, 0x65, 0x27, 0x54, 0xE3, 0x94, 0x2A, 0x6D, 0x81, 0x33, 0xD1,
    0xEB, 0x1E, 0xA2, 0x2B, 0x53, 0xCD, 0x66, 0x80, 0x34, 0xBE, 0x91, 0x80, 0xCF, 0xD2, 0x54, 0x71,
    0xCD, 0x82, 0xB7, 0x48, 0x97, 0xDD, 0x70, 0xF8, 0xE6, 0x6A, 0xD8, 0x46, 0x88, 0x73, 0x2E, 0x73,
    0x2B, 0x13, 0xF3, 0x3E, 0x90, 0x6A, 0xA1, 0xAF, 0x62, 0x83, 0x44, 0x87, 0xFD, 0x9D, 0xEE, 0x65,
    0x64, 0xDC, 0x1A, 0x9C, 0xEF, 0x67, 0xF8, 0xF5, 0x57, 0xDD, 0x5F, 0xE2, 0xDF, 0x36, 0x5B, 0x8A,
    0xEC, 0x9F, 0x1C, 0x59, 0xB6, 0x4A, 0xC0, 0x6C, 0x28, 0x71, 0xFE, 0x01, 0x41, 0x89, 0xEC, 0xE8,
    0xBA, 0x04, 0xC6, 0xEF, 0x57, 0xF0, 0x0B, 0x14, 0x41, 0x8E, 0x00, 0x79, 0x09, 0x5E, 0xAC, 0x7A,
    0x14, 0x0E, 0x4B, 0xF5, 0x13, 0xAF, 0x1D, 0x1E, 0xC0, 0x0E, 0x28, 0x36, 0x01, 0x2B, 0x6C, 0x5F,
    0x7D, 0x98, 0xDB, 0x5F, 0xF2, 0xFD, 0x2B, 0x58, 0x00, 0x02, 0xC2, 0x93, 0xD4, 0x17, 0x09, 0xD4,
    0xE3, 0xB3, 0x8B, 0x37, 0xC7, 0x7E, 0x66, 0xD4, 0xE6, 0x32, 0x00, 0x60, 0x60, 0x8E, 0x9C, 0x3F,
    0xD3, 0xED, 0xC4, 0x36, 0x26, 0x7E, 0xDC, 0x41, 0xB8, 0x67, 0xF3, 0x0E, 0x77, 0xE1, 0xF5, 0xD6,
    0x28, 0xD3, 0x56, 0x38, 0x42, 0x03, 0x56, 0x67, 0xFF, 0x7D, 0x37, 0xBA, 0xF1, 0x7C, 0x9F, 0xC7,
    0x24, 0x79, 0x38, 0x6F, 0xEE, 0x72, 0x59, 0x4D, 0x1C, 0x4C, 0x42, 0xB4, 0x76, 0x96, 0x34, 0x9C,
    0xB9, 0x55, 0x3E, 0xFF, 0x97, 0x41, 0xC2, 0x7E, 0x4D, 0x12, 0x68, 0x0B, 0x72, 0xB6, 0x66, 0x5D,
    0x9D, 0xB9, 0xE2, 0x0B, 0xEE, 0x0B, 0xDA, 0xAA, 0x01, 0x92, 0xC6, 0xE9, 0xEF, 0x94, 0xBA, 0x01,
    0x6E, 0x30, 0x49, 0xDB, 0xA0, 0x99, 0x89, 0x72, 0x03, 0x81, 0x8B, 0xE1, 0x73, 0xC5, 0x47, 0x43,
    0xCE, 0x9D, 0xB2, 0x4C, 0x75, 0x04, 0x9F, 0x50, 0x42, 0x00, 0xE6, 0x98, 0xE5, 0x38, 0x1C, 0x51,
    0x61, 0xA2, 0x3E, 0xDF, 0x76, 0xF6, 0x47, 0xB0, 0x7B, 0x27, 0xA1, 0xFB, 0x73, 0x4B, 0x72, 0xBA,
    0x2A, 0x8B, 0x63, 0x1E, 0xFE, 0x16, 0x91, 0x2C, 0x74, 0x87, 0xFF, 0x70, 0xBB, 0x77, 0x22, 0xD1,
    0xA7, 0xC2, 0x8B, 0xFE, 0xA8, 0x88, 0xB5, 0x67, 0xBC, 0x7C, 0xD9, 0x9D, 0xF7, 0x5B, 0x54, 0x72,
    0xD7, 0xE4, 0x52, 0xA6, 0xA8, 0xF4, 0xE6, 0xD9, 0xD9, 0x7F, 0x3D, 0xBC, 0x20, 0x09, 0xB8, 0x9D,
    0x27, 0xF2, 0x3F, 0x51, 0x55, 0x31, 0xD3, 0x3E, 0x7F, 0x85, 0xDB, 0xBB, 0xA6, 0x14, 0x02, 0xF2,
    0xAA, 0x72, 0xE4, 0xD8, 0xF4, 0x61, 0x5C, 0xBA, 0x26, 0x2A, 0xBA, 0x58, 0xD9, 0xD2, 0x9E, 0x8B,
    0x28, 0x26, 0xF2, 0x8B, 0x62, 0x6D, 0x54, 0x74, 0x5E, 0xB7, 0xC5, 0x80, 0x05, 0xF4, 0x56, 0xCA,
    0x2B, 0x69, 0x54, 0x5F, 0xC7, 0x12, 0xC3, 0xA7, 0x4E, 0xAA, 0x13, 0xC3, 0x48, 0x22, 0xCA, 0x79,
    0x10, 0x2F, 0x07, 0x96, 0x0E, 0xA9, 0x0B, 0xC4, 0x84, 0xFA, 0xE7, 0x5E, 0x61, 0x2D, 0x5D, 0xA8,
    0x0A, 0xEE, 0x77, 0xBE, 0x46, 0xB8, 0xE6, 0xC3, 0x0F, 0x87, 0x20, 0xAE, 0x27, 0x1F, 0x8A, 0x6A,
    0x22, 0x5B, 0x93, 0xC3, 0x7D, 0xA0, 0xE6, 0xF6, 0x4D, 0xED, 0xC9, 0xE1, 0xD6, 0x52, 0xE0, 0x44,
    0x7F, 0xB1, 0x7A, 0x0F, 0x7F, 0xCF, 0xD4, 0x97, 0x41, 0x4A, 0xAC, 0x67, 0x38, 0x98, 0xE5, 0x4D,
    0xCA, 0xEF, 0x2A, 0x8A, 0x81, 0xB0, 0x50, 0x59, 0xD9, 0x4C, 0xF2, 0x25, 0x12, 0x55, 0xA5, 0xBD,
    0x54, 0x15, 0x34, 0x28, 0x80, 0xFB, 0xD8, 0x33, 0xED, 0x5A, 0x66, 0xB9, 0x65, 0xB4, 0x54, 0x57,
    0x27, 0xEC, 0x6C, 0xCB, 0x2F, 0xC1, 0xC9, 0x91, 0x88, 0x8D, 0xEA, 0xE1, 0xB8, 0xE8, 0x9B, 0x79,
    0x75, 0x03, 0x29, 0x21, 0x29, 0xA6, 0x5C, 0x9A, 0x44, 0x1B, 0xB6, 0x9B, 0x04, 0x97, 0xBE, 0xD4,
    0xE4, 0x5D, 0xEE, 0xDF, 0x9F, 0xB9, 0x41, 0xB2, 0xCA, 0xFC, 0xFB, 0x5D, 0xE2, 0xAF, 0x75, 0xAA,
    0x40, 0x11, 0x31, 0xE8, 0x64, 0xE4, 0x7C, 0x2C, 0xEF, 0x5D, 0x70, 0xEF, 0xEC, 0xD8, 0xE7, 0x37,
    0x7B, 0x50, 0x84, 0x66, 0xDE, 0x05, 0x4B, 0x64, 0x80, 0x7E, 0xD9, 0x8D, 0xF7, 0x55, 0x4E, 0xCF,
    0xA4, 0x06, 0x5A, 0xC3, 0x6B, 0xDC, 0x1A, 0x04, 0xEF, 0x44, 0x2A, 0xBB, 0x97, 0xEC, 0xA6, 0x86,
    0x72, 0x3C, 0x88, 0xA2, 0xE2, 0x12, 0xCC, 0x21, 0x55, 0x35, 0x58, 0x9B, 0xA2, 0xB2, 0xB9, 0x50,
    0x51, 0x49, 0x1B, 0xC2, 0xED, 0x09, 0x11, 0xEE, 0x46, 0x1A, 0xED, 0x04, 0xA9, 0x21, 0x62, 0x38,
    0x1A, 0x32, 0x7F, 0x07, 0xE2, 0x94, 0x6B, 0x78, 0x66, 0xE7, 0x64, 0xD5, 0xE4, 0x52, 0xD8, 0xC6,
    0x55, 0x37, 0x45, 0x7D, 0xAC, 0x85, 0x79, 0xFA, 0x83, 0x85, 0x92, 0x23, 0xDF, 0x1B, 0x29, 0x78,
    0x3D, 0x7D, 0x8D, 0x72, 0x1F, 0xB0, 0x65, 0x2F, 0xA9, 0x0B, 0x83, 0x19, 0xD6, 0x15, 0x29, 0x73,
    0xDD, 0x06, 0x91, 0xBF, 0x1F, 0x0F, 0x1B, 0x61, 0xCB, 0x16, 0xEB, 0x9F, 0xA8, 0x72, 0x36, 0x2B,
    0x49, 0x3E, 0xE6, 0x6B, 0x9F, 0xFE, 0x06, 0xB6, 0x78, 0x44, 0x0C, 0xCF, 0x08, 0x07, 0x32, 0xD2,
    0x82, 0x2F, 0x20, 0x15, 0x10, 0x70, 0x28, 0xF6, 0x0F, 0x61, 0x03, 0xDB, 0xC9, 0x7A, 0xE0, 0x6B,
    0x56, 0xEF, 0xB8, 0x4A, 0x5C, 0x88, 0x86, 0xB8, 0xFF, 0xA3, 0xDA, 0x7B, 0x92, 0xDE, 0xA6, 0x9A,
    0xB8, 0x09, 0x9C, 0x47, 0x97, 0x94, 0xBB, 0xD0, 0xA0, 0xA8, 0x47, 0xDD, 0x97, 0x1E, 0xC6, 0xAE,
    0x3E, 0xDE, 0x34, 0x55, 0x59, 0xEB, 0x3D, 0xB6, 0x95, 0x23, 0x9E, 0xBE, 0x63, 0x07, 0x3F, 0xC3,
    0x08, 0xF7, 0x35, 0x15, 0xE6, 0x58, 0xF1, 0xDC, 0xE8, 0x8D, 0x3C, 0x4E, 0xBD, 0x55, 0xBF, 0x3D,
    0x48, 0x55, 0xCE, 0xD1, 0x37, 0x49, 0xD5, 0xC8, 0x69, 0x5E, 0x65, 0xB1, 0x87, 0x7B, 0xFE, 0x33,
    0xD6, 0x83, 0x6A, 0x62, 0xDF, 0xA9, 0x86, 0x3F, 0x75, 0xD8, 0x6B, 0xD5, 0x05, 0x7F, 0xB5, 0xE2,
    0x8E, 0x1A, 0x81, 0x6D, 0xC8, 0xCA, 0xEC, 0x49, 0xA7, 0x13, 0x96, 0x8A, 0xE7, 0x68, 0x01, 0xFB,
    0x6C, 0x97, 0xDD, 0x72, 0x42, 0x20, 0x89, 0xC5, 0x01, 0xC1, 0x5B, 0xF8, 0x60, 0xCB, 0xF8, 0x27,
    0xB1, 0xBF, 0x36, 0x82, 0xEA, 0x57, 0xFE, 0xF1, 0x31, 0xEF, 0x59, 0x14, 0x0A, 0x1D, 0x6E, 0xD8,
    0x8D, 0x9E, 0x7D, 0xC2, 0x7C, 0xBF, 0xAF, 0x7A, 0x20, 0x53, 0xE3, 0x4A, 0x2D, 0x1C, 0xEF, 0x6F,
    0xF2, 0xE5, 0xD6, 0x04, 0x1E, 0x3B, 0x92, 0xD3, 0xCE, 0x25, 0x35, 0x75, 0x19, 0xAE, 0x7A, 0x79,
    0x6F, 0xB5, 0xF9, 0x8D, 0x7E, 0x6E, 0xE5, 0x27, 0xD1, 0xF6, 0x8D, 0x64, 0xFE, 0xCE, 0x6F, 0x72,
    0xEA, 0xC6, 0x9A, 0x59, 0x47, 0xDB, 0x25, 0x96, 0xF3, 0x73, 0x86, 0x4D, 0x5E, 0xC5, 0x3D, 0x4B,
    0x43, 0xED, 0x61, 0xB8, 0x2F, 0x56, 0xDC, 0xF1, 0x97, 0xB2, 0x0B, 0xCE, 0xA9, 0xBE, 0xE0, 0xFD,
    0x7F, 0x95, 0x7A, 0x14, 0x28, 0x59, 0xE4, 0xD7, 0x74, 0x91, 0x9E, 0x8E, 0x9E, 0xCC, 0xF6, 0xEC,
    0x4C, 0xFB, 0xB9, 0xE2, 0xC3, 0x1B, 0x34, 0x62, 0xCB, 0x44, 0xD2, 0x6E, 0x2B, 0x26, 0x22, 0xF3,
    0x87, 0x36, 0x81, 0x72, 0x97, 0xB6, 0x8E, 0x7F, 0xD4, 0x30, 0xB2, 0xDE, 0x43, 0xAC, 0x6B, 0x10,
    0x91, 0x76, 0x04, 0xB2, 0x8C, 0x2B, 0xF5, 0x25, 0x2B, 0xB7, 0x31, 0x8E, 0xA9, 0x99, 0x93, 0xCF,
    0x21, 0x1F, 0x6E, 0x14, 0x8D, 0xE1, 0xDB, 0x4B, 0x39, 0xE3, 0x32, 0x6A, 0xF7, 0x98, 0x01, 0x6C,
    0xDB, 0xFA, 0xEA, 0x21, 0x14, 0x80, 0xD9, 0x21, 0x49, 0xE5, 0xD5, 0x88, 0x83, 0x3C, 0x8F, 0xCF,
    0xD7, 0xA9, 0x94, 0x74, 0x29, 0x34, 0x4D, 0xD6, 0x8A, 0x9D, 0x99, 0x68, 0x2C, 0xE6, 0x18, 0xB1,
    0x23, 0xAA, 0x32, 0x7B, 0x92, 0x50, 0xCA, 0x80, 0xBF, 0xE8, 0x31, 0x34, 0x3D, 0x60, 0xD7, 0xBA,
    0xDB, 0x4D, 0x1F, 0xD2, 0x5A, 0xFB, 0x4E, 0xF8, 0xE6, 0x0D, 0xE8, 0x9B, 0x4E, 0xAD, 0x76, 0xAA,
    0xFD, 0xAF, 0x0F, 0xBA, 0x8D, 0xED, 0xD9, 0x34, 0xF5, 0x7B, 0x43, 0xC7, 0x37, 0xF4, 0x7C, 0x0F,
    0xCF, 0xFB, 0x35, 0xED, 0x83, 0x8F, 0x9F, 0xF5, 0x88, 0xFE, 0xF0, 0xF0, 0x1F, 0x58, 0xFE, 0xE1,
    0xCA, 0xF0, 0xE4, 0xA2, 0xD2, 0x09, 0x1A, 0x4F, 0xA3, 0x92, 0xAA, 0xA9, 0x79, 0x53, 0x2B, 0x3D,
    0x99, 0x3B, 0xA9, 0x95, 0x51, 0x88, 0x67, 0xAB, 0x15, 0x61, 0xCF, 0xCF, 0x7D, 0xF2, 0x4B, 0x30,
    0xD3, 0x52, 0x24, 0x6C, 0x42, 0x71, 0xD8, 0xCD, 0x31, 0x77, 0x18, 0x14, 0x17, 0x36, 0xF3, 0x2D,
    0x47, 0x05, 0xA2, 0xA7, 0x59, 0xD9, 0x20, 0x64, 0x7E, 0xFE, 0xC1, 0xA6, 0x92, 0x9A, 0x5B, 0xF9,
    0x07, 0x8D, 0x9E, 0xFB, 0x69, 0x85, 0xAF, 0x19, 0x1F, 0xDE, 0xA8, 0xFB, 0x7C, 0x38, 0xDA, 0x7C,
    0x7A, 0x00, 0x08, 0x26, 0xB6, 0x1B, 0x40, 0x1C, 0x4A, 0x86, 0xEB, 0xA3, 0x75, 0x9B, 0xFB, 0xBB,
    0x6A, 0x58, 0xFF, 0x0F, 0x7D, 0x55, 0x31, 0x6F, 0x1C, 0x45, 0x14, 0x7E, 0xBB, 0x1B, 0x3C, 0x89,
    0x56, 0x62, 0x52, 0x20, 0x14, 0x11, 0x60, 0x52, 0xD0, 0x26, 0xD3, 0x50, 0xA4, 0xB8, 0xF3, 0x6C,
    0x92, 0x22, 0x85, 0x8B, 0xB8, 0x88, 0x44, 0x49, 0x24, 0x28, 0x11, 0x6E, 0x28, 0x5C, 0x5C, 0x6E,
    0x27, 0x58, 0xA2, 0x49, 0x11, 0x17, 0xE9, 0xD3, 0xF0, 0x03, 0x28, 0x5C, 0xB8, 0x38, 0xDF, 0x8E,
    0x73, 0x85, 0x8B, 0x14, 0x19, 0xC7, 0x05, 0x12, 0x14, 0x4C, 0x64, 0xA3, 0x44, 0x42, 0x88, 0x01,
    0x16, 0x58, 0xCB, 0xB3, 0xF7, 0x78, 0xB3, 0x7B, 0x01, 0x23, 0x04, 0x7B, 0x77, 0xEF, 0x76, 0xDF,
    0xBE, 0x99, 0x37, 0xEF, 0xFB, 0xBE, 0x79, 0xA3, 0x80, 0x05, 0x50, 0x3E, 0x41, 0x93, 0xCC, 0x21,
    0x69, 0x40, 0x16, 0xD2, 0xCB, 0x46, 0xD4, 0xC2, 0x09, 0x0D, 0xA0, 0x1C, 0xA0, 0x4F, 0xB1, 0x66,
    0x7F, 0x04, 0x6E, 0x5B, 0x55, 0x8C, 0xD3, 0x36, 0xDF, 0x40, 0x7C, 0x8C, 0x68, 0xBD, 0xD4, 0x02,
    0x71, 0x05, 0xF1, 0x00, 0xD1, 0x2B, 0xA4, 0xEB, 0x38, 0x1A, 0x7C, 0xD1, 0xD9, 0xE2, 0x0E, 0x7C,
    0xE4, 0xB2, 0xA7, 0xA6, 0x94, 0xF1, 0x65, 0x21, 0x1D, 0x48, 0x16, 0xAA, 0xBD, 0x20, 0x41, 0x42,
    0x53, 0xCE, 0xDA, 0x6A, 0x36, 0x27, 0x4B, 0xF7, 0xE2, 0xD9, 0xC9, 0xDE, 0x23, 0x08, 0x42, 0x6F,
    0x65, 0x06, 0xD2, 0x86, 0xE1, 0xEC, 0xF9, 0xEF, 0x7E, 0xB9, 0xE1, 0x25, 0xDF, 0x43, 0x53, 0x6A,
    0x10, 0x7A, 0x0C, 0xC2, 0x2B, 0x2B, 0x82, 0xF2, 0xBC, 0xA1, 0x1F, 0xDD, 0x73, 0xAB, 0x0A, 0x50,
    0x30, 0xCE, 0x7D, 0x05, 0xF3, 0x0A, 0x24, 0x16, 0x0C, 0x35, 0xD0, 0x77, 0x79, 0x38, 0x18, 0x4D,
    0x9A, 0xA1, 0x1C, 0x2E, 0x8F, 0x86, 0x93, 0xC1, 0xF6, 0xA8, 0xDE, 0x96, 0x45, 0x00, 0x5E, 0x97,
    0x26, 0xC3, 0x0F, 0x03, 0xC8, 0x9F, 0xA9, 0x4A, 0x64, 0x0D, 0x30, 0x4F, 0xC5, 0x35, 0x90, 0xD7,
    0x54, 0xE0, 0x1B, 0x78, 0xBB, 0x69, 0x7E, 0xF5, 0xE2, 0x09, 0x06, 0x8E, 0x36, 0x6F, 0x00, 0xA6,
    0x85, 0xC4, 0x7B, 0x88, 0xB7, 0xEC, 0x74, 0x02, 0xC7, 0x3A, 0xD1, 0x70, 0xBE, 0x94, 0x37, 0x6D,
    0xF5, 0x24, 0xA8, 0x42, 0xCC, 0xE6, 0xCA, 0xDF, 0x15, 0xF7, 0x6D, 0x01, 0x69, 0xAD, 0x7E, 0xC1,
    0xA7, 0x41, 0x41, 0x48, 0x7D, 0x46, 0x9F, 0xA4, 0xC8, 0x5D, 0xF9, 0x1C, 0xF5, 0xDD, 0xDC, 0xB6,
    0x09, 0x21, 0x17, 0x71, 0x2D, 0xFF, 0x03, 0xD7, 0xC4, 0x5D, 0x29, 0xBF, 0x0D, 0xCC, 0xAC, 0x73,
    0x18, 0x25, 0xB8, 0x12, 0x86, 0xE0, 0x41, 0x21, 0xA7, 0x58, 0x07, 0x5B, 0x30, 0x00, 0x0E, 0x99,
    0x49, 0x6B, 0xE9, 0x71, 0x86, 0xB0, 0xC5, 0xF4, 0x88, 0xEB, 0x8F, 0x01, 0x20, 0xDD, 0x6F, 0x87,
    0x4C, 0xAF, 0x67, 0xB5, 0x80, 0x44, 0x67, 0x36, 0x33, 0x2A, 0x94, 0x41, 0xB5, 0x2A, 0x64, 0x86,
    0x99, 0xB4, 0x78, 0xE5, 0xC9, 0x35, 0x2F, 0x2A, 0x94, 0x04, 0x07, 0x8C, 0x00, 0x26, 0x00, 0x4D,
    0x0E, 0xB5, 0xDA, 0xF5, 0xEA, 0xC4, 0x29, 0xD4, 0xF9, 0x31, 0x08, 0x48, 0x3D, 0x2C, 0x43, 0x66,
    0xDF, 0x1E, 0xE6, 0x87, 0x07, 0x73, 0x49, 0x38, 0x3B, 0x62, 0xA7, 0x24, 0x76, 0x8A, 0x2B, 0x49,
    0x5D, 0x6D, 0x04, 0x24, 0x82, 0x36, 0x02, 0xDD, 0xA7, 0x6D, 0x86, 0x07, 0xFE, 0xD8, 0xCB, 0x09,
    0x7F, 0xB4, 0x32, 0x43, 0x2B, 0x35, 0x15, 0xB9, 0x8F, 0x7A, 0x92, 0xDB, 0x86, 0x8A, 0xA4, 0x65,
    0xAF, 0x83, 0xD4, 0x9C, 0x14, 0x04, 0x62, 0x86, 0x06, 0x75, 0xEA, 0xB9, 0x91, 0x34, 0x79, 0x79,
    0x41, 0x05, 0x71, 0x14, 0xF9, 0xD8, 0x6E, 0x24, 0x49, 0x24, 0x0C, 0xB2, 0x3D, 0x33, 0xDA, 0xCE,
    0xF5, 0x6B, 0xF0, 0xDE, 0xF2, 0x85, 0xE1, 0x68, 0x38, 0x1C, 0xED, 0x0C, 0x4A, 0x6C, 0xE4, 0x4D,
    0xA7, 0x60, 0xFA, 0x2F, 0x22, 0x4F, 0x0B, 0x4F, 0x18, 0x02, 0x79, 0xDA, 0xE9, 0xE9, 0x3B, 0xA3,
    0x24, 0xD6, 0xBD, 0x9E, 0x88, 0x26, 0xB1, 0xA0, 0x69, 0x14, 0x69, 0xDA, 0x4C, 0x5A, 0x66, 0x2A,
    0xF4, 0x02, 0xDB, 0xCC, 0x56, 0x05, 0x29, 0x92, 0x23, 0xEE, 0x91, 0x36, 0x65, 0xD4, 0x63, 0x50,
    0xA7, 0x6C, 0xDE, 0x49, 0x34, 0xEB, 0xAC, 0xE9, 0xAC, 0x87, 0xEE, 0x12, 0xFF, 0x7E, 0x9D, 0x36,
    0xFC, 0x06, 0x22, 0x69, 0x7E, 0xD7, 0xAF, 0xE9, 0x3E, 0xB6, 0x9B, 0xA4, 0x33, 0x34, 0xE4, 0x3C,
    0x74, 0x30, 0x43, 0x20, 0x7E, 0x6A, 0x80, 0x8C, 0x16, 0xC6, 0x0D, 0xCD, 0x54, 0x00, 0xA1, 0xD0,
    0xB9, 0x93, 0xE8, 0xA6, 0x04, 0xF9, 0xC2, 0xAD, 0xA0, 0x63, 0x85, 0x34, 0xF1, 0x97, 0x9B, 0xEB,
    0xDE, 0xFD, 0x0E, 0xFC, 0x75, 0x9D, 0xA5, 0x1F, 0x33, 0x7D, 0x08, 0xD1, 0xD5, 0x85, 0xC7, 0xD9,
    0xE0, 0x2E, 0xF4, 0xB1, 0x12, 0xFA, 0x71, 0x31, 0x1B, 0xB3, 0x7D, 0xE6, 0x18, 0x08, 0xA7, 0x03,
    0x97, 0xFF, 0x2F, 0x70, 0xFD, 0x55, 0xAE, 0x5C, 0xCF, 0xC1, 0xF3, 0xF4, 0x90, 0x74, 0x78, 0x39,
    0x3B, 0xB0, 0x03, 0xE2, 0x0A, 0x43, 0x85, 0xB4, 0xBF, 0x83, 0x24, 0xE6, 0xE0, 0xEA, 0x00, 0xD6,
    0xD7, 0x61, 0xAB, 0x44, 0x4F, 0xF8, 0xE6, 0x2F, 0x48, 0x46, 0x61, 0xEB, 0xEA, 0x60, 0x15, 0xCE,
    0xF2, 0x67, 0x4D, 0x86, 0xC4, 0x54, 0x91, 0x20, 0xE4, 0x68, 0xD4, 0x8A, 0x87, 0x37, 0x98, 0x9D,
    0x32, 0x27, 0x8B, 0x31, 0x84, 0xCC, 0xF3, 0xDD, 0xC0, 0xF5, 0x79, 0xE0, 0x11, 0xAB, 0x79, 0x6F,
    0x3B, 0x88, 0xDB, 0x3E, 0x6F, 0x87, 0x61, 0xD3, 0xDB, 0x32, 0x5A, 0xA2, 0x76, 0x86, 0x61, 0xC4,
    0x9E, 0xE8, 0xED, 0x2D, 0x5E, 0xF0, 0xDE, 0xBD, 0xDF, 0x03, 0x1D, 0xA3, 0x1D, 0xDD, 0xDE, 0x8C,
    0xC3, 0xF9, 0xCA, 0xC6, 0x6C, 0xDF, 0xD7, 0x93, 0xD1, 0xB2, 0xE4, 0x2B, 0x5A, 0xCD, 0xD5, 0x1C,
    0x2E, 0xD3, 0xBE, 0x89, 0x9F, 0xBE, 0x2A, 0x0E, 0x29, 0x1E, 0xDA, 0x9E, 0xF1, 0xFC, 0x3E, 0x29,
    0x8A, 0x0A, 0x3E, 0x43, 0xFE, 0x8C, 0x00, 0xA8, 0x49, 0xB2, 0xBE, 0x8C, 0x89, 0xC3, 0x15, 0x6A,
    0x06, 0x43, 0x8A, 0x2E, 0x7A, 0x1C, 0x8E, 0xE1, 0x9C, 0x42, 0x3B, 0x5C, 0x67, 0x18, 0x56, 0x61,
    0xCD, 0xE6, 0xF3, 0xE2, 0x1D, 0x1A, 0x1F, 0x3E, 0x4B, 0x2A, 0xB7, 0x80, 0x6A, 0x09, 0x2E, 0xF5,
    0xA8, 0xD0, 0x0D, 0x3D, 0x26, 0x5A, 0x7C, 0x8E, 0xD7, 0x1C, 0xD3, 0x97, 0x29, 0xC1, 0x7B, 0xE4,
    0x40, 0x9A, 0xE9, 0x22, 0x31, 0x90, 0x54, 0x84, 0x38, 0xF5, 0x17, 0xC8, 0x5D, 0x7C, 0xBE, 0x48,
    0x39, 0x8F, 0x00, 0x8E, 0x16, 0xB3, 0xA4, 0x7E, 0x7E, 0x25, 0x33, 0x83, 0x8C, 0xF6, 0x2A, 0x7C,
    0x4A, 0x30, 0x93, 0x08, 0x1F, 0xD8, 0x72, 0x30, 0x19, 0x7D, 0x10, 0x56, 0x85, 0x87, 0xD2, 0xC0,
    0x0E, 0x5C, 0xBA, 0x34, 0x99, 0xA8, 0x9A, 0x5B, 0xE9, 0x77, 0xC2, 0xFB, 0xEF, 0xBF, 0xA2, 0x4A,
    0xD2, 0xCC, 0x9B, 0x4B, 0xF3, 0x82, 0x26, 0xE4, 0x54, 0x4A, 0xCC, 0x12, 0x27, 0x66, 0xC7, 0x31,
    0x25, 0xBD, 0xBF, 0xE3, 0xBA, 0x32, 0x80, 0x42, 0x00, 0xCA, 0x4D, 0x5A, 0x0C, 0x39, 0x2A, 0x7A,
    0x8C, 0x4B, 0x28, 0x2D, 0xBC, 0x5E, 0xFC, 0x2D, 0xB1, 0xB4, 0x48, 0x36, 0xA3, 0xE8, 0x21, 0xA3,
    0x01, 0x30, 0x87, 0xF8, 0x9E, 0x7D, 0x42, 0x63, 0x5B, 0x18, 0x5C, 0x25, 0xCF, 0xDA, 0xBE, 0x8D,
    0x32, 0x91, 0x0F, 0x12, 0xCA, 0xB4, 0xE6, 0xAE, 0x52, 0x83, 0x5E, 0xB3, 0xA9, 0x61, 0x05, 0xCD,
    0xFB, 0x3A, 0x70, 0x46, 0x83, 0xBF, 0x22, 0xD8, 0x09, 0x54, 0x03, 0x83, 0x77, 0x93, 0x90, 0xD9,
    0xCB, 0x6C, 0xAF, 0xDE, 0x06, 0x71, 0x23, 0x94, 0xB3, 0x40, 0x52, 0x5F, 0x25, 0x1A, 0xC0, 0xB3,
    0x6F, 0x46, 0x0A, 0x8D, 0x28, 0xF2, 0x29, 0xFC, 0xE6, 0xCF, 0x2D, 0x41, 0xDA, 0x4A, 0x4B, 0xA8,
    0x1E, 0x78, 0xE4, 0x8F, 0xB2, 0xD8, 0x59, 0xCC, 0x71, 0x5D, 0x51, 0x73, 0xC1, 0x36, 0x6D, 0xA4,
    0xCE, 0x0C, 0xF5, 0xAF, 0x20, 0x6B, 0xE5, 0x33, 0x9B, 0x9B, 0x48, 0x19, 0x24, 0x1D, 0x3D, 0xE9,
    0x61, 0x2C, 0x69, 0xAD, 0xDF, 0x7D, 0x2E, 0x89, 0x96, 0x1A, 0x69, 0x85, 0xDF, 0x2F, 0xAA, 0x49,
    0x44, 0xB4, 0xEC, 0x80, 0xA2, 0x92, 0x35, 0xD7, 0x45, 0xD9, 0xB4, 0x3B, 0x8A, 0x60, 0xA9, 0xC2,
    0xA3, 0x85, 0xDA, 0xFE, 0x71, 0x46, 0x75, 0x9A, 0xFB, 0xBD, 0xBB, 0x7F, 0x8A, 0x8B, 0xFD, 0xBC,
    0x80, 0x06, 0x23, 0x24, 0xA3, 0x38, 0xFE, 0x21, 0xB5, 0xEE, 0xEE, 0x25, 0xD2, 0xA9, 0x43, 0xF9,
    0x68, 0x07, 0x10, 0xE8, 0x6F, 0xE1, 0xD1, 0xDF, 0x40, 0xBE, 0xD6, 0xAD, 0x22, 0xF6, 0x99, 0x06,
    0xAA, 0xBE, 0xA9, 0x3C, 0x24, 0x18, 0xC3, 0x7A, 0xAF, 0xC4, 0x53, 0xD7, 0xE6, 0xA2, 0xCF, 0xD8,
    0x05, 0x9B, 0x0B, 0x59, 0x89, 0xA3, 0xAA, 0x4F, 0xF1, 0x5D, 0xFF, 0xD7, 0xEF, 0x8F, 0x04, 0x3B,
    0xB2, 0xD2, 0x79, 0xFF, 0xB4, 0xD8, 0x34, 0xE7, 0x22, 0xD3, 0x75, 0xFE, 0xC2, 0xCB, 0x1B, 0x5E,
    0x31, 0x37, 0xCE, 0xED, 0x94, 0x9B, 0xB1, 0x30, 0xA4, 0x66, 0xFE, 0x83, 0x23, 0x11, 0xEC, 0x04,
    0x71, 0x6B, 0x76, 0xE2, 0xCA, 0x4D, 0xE6, 0x2E, 0x94, 0x74, 0x5A, 0x3B, 0x92, 0x61, 0x66, 0xA7,
    0xA4, 0xFC, 0x8B, 0x4F, 0x82, 0xF8, 0xBC, 0x56, 0x19, 0x8D, 0x7B, 0xAE, 0xFC, 0x2A, 0xA9, 0x87,
    0x3F, 0x30, 0x41, 0xDC, 0x77, 0xA5, 0xBA, 0xDE, 0x84, 0xFC, 0xA0, 0x56, 0xEC, 0xD0, 0xE7, 0x5D,
    0xBA, 0x37, 0xF5, 0x97, 0x6B, 0xBB, 0x0D, 0x7F, 0x5C, 0x8B, 0x8D, 0x45, 0x22, 0x45, 0xA7, 0x6E,
    0xF5, 0xA3, 0xC4, 0x26, 0x49, 0x0A, 0xA8, 0x8A, 0x69, 0x10, 0x5F, 0xDC, 0xF0, 0xF1, 0x98, 0xF3,
    0x17, 0xD4, 0x22, 0x0B, 0xC0, 0xED, 0xD8, 0xB8, 0x65, 0x41, 0xF2, 0xCD, 0x3C, 0x43, 0xD3, 0x4E,
    0xF9, 0x6E, 0x3D, 0xCE, 0x9F, 0xD5, 0x8A, 0x53, 0x13, 0xBF, 0xE5, 0x68, 0xD3, 0x95, 0xA5, 0x4E,
    0xEE, 0x80, 0xF4, 0x34, 0x0E, 0x98, 0x8B, 0xDB, 0x23, 0xFF, 0xC9, 0xF1, 0x93, 0x9A, 0xCF, 0x4E,
    0xA5, 0xCA, 0xED, 0x98, 0xBF, 0xDC, 0xC9, 0x9B, 0x8B, 0x27, 0xFB, 0x21, 0xB6, 0x0D, 0x5D, 0xC9,
    0xAF, 0xC9, 0xFB, 0x8C, 0xA2, 0x7C, 0x60, 0x2E, 0xA8, 0xB4, 0x1E, 0x0B, 0x1D, 0xE4, 0xCA, 0x9C,
    0x26, 0x26, 0x69, 0x7F, 0x7B, 0x13, 0x83, 0x78, 0x71, 0x8F, 0x4E, 0xF8, 0x22, 0xEB, 0xD6, 0xE4,
    0x68, 0x05, 0x40, 0xEA, 0x6E, 0x52, 0xF4, 0x65, 0xC1, 0x0D, 0x73, 0xD4, 0x85, 0x27, 0xA0, 0xCE,
    0x70, 0xA4, 0xE3, 0x58, 0xDE, 0x23, 0xC1, 0xB9, 0xB1, 0xB8, 0xD6, 0x6C, 0x67, 0x7F, 0x98, 0x78,
    0x7A, 0x59, 0x68, 0x63, 0x6B, 0x58, 0xAA, 0xC5, 0xF5, 0x4A, 0x3A, 0x36, 0xFF, 0x0C, 0x48, 0x0B,
    0x54, 0x07, 0xF7, 0xE9, 0xD3, 0x16, 0xF0, 0xC3, 0x97, 0xF2, 0x7A, 0x0B, 0x7F, 0x02, 0xDD, 0x7D,
    0x3D, 0xAC, 0xDD, 0xE6, 0x99, 0x26, 0x79, 0x18, 0x89, 0x13, 0x33, 0x18, 0x06, 0x8B, 0x78, 0x16,
    0x63, 0xCD, 0x86, 0x53, 0x06, 0x9B, 0x99, 0x70, 0x8B, 0x2D, 0xA6, 0xB0, 0xC5, 0x63, 0x0B, 0x58,
    0x17, 0x2E, 0xE4, 0xC2, 0xAE, 0x66, 0x01, 0xA7, 0x58, 0x60, 0x81, 0xCD, 0x02, 0x37, 0x65, 0x8A,
    0x48, 0xA4, 0x24, 0x60, 0x55, 0xA4, 0xB0, 0xBA, 0x2D, 0xED, 0x22, 0xC0, 0x2E, 0x30, 0x58, 0x28,
    0xDD, 0xA6, 0xB0, 0x4C, 0xCA, 0x2A, 0x5C, 0xB8, 0x30, 0x6D, 0x4D, 0xD6, 0x85, 0x0A, 0x1F, 0xDB,
    0x9A, 0x64, 0x07, 0x2E, 0x4C, 0x49, 0xB4, 0xC3, 0x2B, 0x91, 0xFC, 0xF6, 0x79, 0x9E, 0xF7, 0xE3,
    0xB9, 0xE7, 0xEA, 0xC7, 0x76, 0x6C, 0xF9, 0x67, 0xE7, 0xE0, 0xDE, 0x73, 0xEE, 0x39, 0x87, 0xFC,
    0x7E, 0xDE, 0xEF, 0xFD, 0x79, 0xDE, 0x9F, 0xEF, 0xBB, 0x41, 0x70, 0x3A, 0xC0, 0xA3, 0xD8, 0xE0,
    0x29, 0x9D, 0xF8, 0xA7, 0x6B, 0xF1, 0x14, 0x8F, 0xFC, 0x33, 0x6F, 0xF8, 0xFC, 0x9F, 0x02, 0x7B,
    0x38, 0x3C, 0xAA, 0x02, 0x4F, 0x6D, 0xE0, 0x9A, 0xB8, 0x0B, 0x8A, 0x2E, 0x1C, 0x83, 0x6C, 0x08,
    0xCA, 0x20, 0x99, 0x82, 0x23, 0xEB, 0x95, 0x5B, 0xF3, 0xA2, 0xA6, 0x40, 0x6B, 0x5D, 0x5A, 0x05,
    0xD9, 0x98, 0x6C, 0x82, 0xD8, 0xB9, 0x3E, 0x58, 0x39, 0x37, 0x1E, 0x7C, 0xD3, 0x04, 0xE9, 0x18,
    0xE1, 0x9B, 0x19, 0x57, 0xF3, 0x9E, 0x01, 0xDF, 0x04, 0xAF, 0xE2, 0x9B, 0xA0, 0x58, 0xA7, 0x68,
    0xB0, 0xA9, 0xD1, 0x45, 0x97, 0xE3, 0x69, 0xC0, 0x15, 0xC7, 0xC3, 0x1E, 0x77, 0xBD, 0xE5, 0x30,
    0xBA, 0xA1, 0x6C, 0x82, 0x68, 0xCA, 0x3A, 0xFF, 0xE1, 0x5D, 0x8F, 0x6F, 0x60, 0x74, 0xEA, 0x2D,
    0x72, 0xBC, 0xBF, 0x48, 0xA6, 0xAC, 0x89, 0x37, 0xEE, 0xF2, 0x18, 0x5C, 0x4A, 0xC7, 0xAC, 0x4A,
    0x1B, 0x77, 0x19, 0x63, 0xCC, 0x06, 0x35, 0x73, 0x11, 0xAD, 0xE1, 0x96, 0x29, 0xE0, 0xC5, 0x7D,
    0x50, 0xEC, 0xC7, 0x18, 0xE2, 0x8C, 0x9E, 0x82, 0xBA, 0xC5, 0x4F, 0x32, 0x72, 0x8C, 0xE8, 0xA7,
    0x6E, 0xF1, 0x51, 0x3A, 0x86, 0xAE, 0xC2, 0xBB, 0xAC, 0x0F, 0xB2, 0x1E, 0x43, 0x88, 0xE6, 0x55,
    0xBD, 0x8F, 0xF7, 0xA5, 0xEB, 0xDC, 0x06, 0x23, 0x4E, 0xB9, 0x54, 0x41, 0xBC, 0x5D, 0xA5, 0x18,
    0xB4, 0x41, 0xC3, 0x7C, 0xE2, 0xFA, 0x45, 0xEC, 0x32, 0x78, 0xF9, 0x1E, 0xB2, 0x6C, 0xD0, 0x44,
    0xD4, 0x73, 0x22, 0x22, 0x4B, 0xC1, 0x2E, 0xD3, 0x6A, 0xE5, 0x82, 0x70, 0xCD, 0xAE, 0x39, 0xF9,
    0xC0, 0x0F, 0x38, 0x9E, 0xFC, 0xE4, 0x83, 0x9D, 0x6F, 0x52, 0x7D, 0x33, 0xDF, 0xE7, 0x9B, 0x6C,
    0x54, 0x3F, 0xF8, 0xB3, 0x70, 0x62, 0x9B, 0x20, 0x7C, 0x1E, 0x57, 0x64, 0xCE, 0x5D, 0x08, 0xCA,
    0xDB, 0xF5, 0xC0, 0x49, 0x6A, 0x7A, 0x45, 0x50, 0x83, 0xBC, 0x4D, 0xD9, 0x06, 0xAB, 0x97, 0xC5,
    0x70, 0x39, 0x97, 0x31, 0x1D, 0x35, 0x7E, 0x87, 0x91, 0x70, 0xAC, 0xBC, 0x1A, 0xDF, 0xB0, 0xE1,
    0x64, 0xDC, 0xF6, 0x86, 0x7B, 0xA2, 0x0E, 0x43, 0x08, 0x07, 0xCE, 0xF4, 0x52, 0x50, 0x62, 0x3D,
    0x30, 0xF3, 0x35, 0x38, 0xB4, 0xE4, 0xDC, 0xC2, 0x7A, 0xE6, 0x65, 0x47, 0x9E, 0x23, 0x3D, 0x48,
    0xBE, 0x0F, 0xDD, 0x3A, 0x1D, 0xC0, 0x01, 0x98, 0x74, 0x17, 0x81, 0xD4, 0x24, 0xE7, 0xE9, 0xA0,
    0xDE, 0xB0, 0xC1, 0x0D, 0xFB, 0xEB, 0x78, 0xE5, 0xC0, 0xA7, 0x89, 0x9F, 0x71, 0x62, 0x35, 0xE7,
    0x5D, 0xB2, 0xD3, 0xB2, 0xCB, 0x1A, 0xDC, 0xFA, 0x2A, 0xAE, 0x03, 0x3D, 0xB3, 0x3E, 0x25, 0xF5,
    0x8A, 0xEB, 0x98, 0x69, 0xCD, 0xD6, 0x8F, 0x61, 0x66, 0x9C, 0xF2, 0x26, 0x75, 0x5A, 0x45, 0x4E,
    0x0E, 0x94, 0x0B, 0x31, 0x54, 0x4C, 0x89, 0x23, 0x04, 0x61, 0xD0, 0x6B, 0x50, 0x6E, 0x48, 0x66,
    0x7E, 0x7D, 0x70, 0x15, 0x27, 0xC4, 0xAF, 0xED, 0xAA, 0xDA, 0x75, 0x09, 0xA6, 0x1E, 0xFC, 0x04,
    0x2C, 0x5D, 0x9F, 0xC3, 0x78, 0xAF, 0x4C, 0x78, 0x9D, 0xF4, 0xFE, 0x30, 0x7B, 0x6F, 0xF4, 0xCB,
    0x76, 0xF8, 0xCB, 0x85, 0xC2, 0x94, 0x44, 0x42, 0xAE, 0x82, 0x7E, 0x37, 0xEA, 0x51, 0x14, 0xE4,
    0xF2, 0xF8, 0x5F, 0xB2, 0x13, 0x3B, 0x65, 0x8F, 0xCB, 0x2F, 0xBA, 0xD5, 0x2F, 0xFF, 0xEA, 0x49,
    0xF8, 0xD6, 0x9A, 0xE0, 0xB5, 0x1A, 0xB2, 0xAD, 0x00, 0x5B, 0x10, 0x6B, 0x69, 0xF5, 0xB1, 0x08,
    0xB6, 0x1C, 0x5A, 0xB2, 0x62, 0xB9, 0x00, 0x4C, 0x91, 0x34, 0x18, 0x47, 0xC1, 0x77, 0x23, 0xDE,
    0xC5, 0x1D, 0xBE, 0xCB, 0x7F, 0x8F, 0x2B, 0xC9, 0xED, 0xC1, 0x9E, 0xD4, 0x8A, 0xA4, 0x85, 0xAD,
    0x2C, 0x92, 0x1D, 0x8E, 0x6A, 0x79, 0xFB, 0xBA, 0x1A, 0xC4, 0x5D, 0x41, 0xD4, 0xAB, 0x7F, 0xAC,
    0xB7, 0xD6, 0x1F, 0xAD, 0xA9, 0xBB, 0x20, 0x11, 0xB5, 0xD1, 0x79, 0x9B, 0x91, 0x10, 0x5A, 0xD2,
    0x82, 0x54, 0x40, 0xDF, 0xBC, 0x22, 0xAF, 0x8A, 0x2E, 0xC1, 0x05, 0xC5, 0xDA, 0x5E, 0x4B, 0xD0,
    0x83, 0xAF, 0xAF, 0x82, 0x26, 0x29, 0x5E, 0x29, 0x6C, 0xE9, 0x94, 0x9C, 0xA5, 0x44, 0xE7, 0x63,
    0xF1, 0x41, 0x47, 0x99, 0xEA, 0x0B, 0xD7, 0x84, 0xEE, 0x35, 0xD7, 0x16, 0x8E, 0x03, 0xC4, 0x6A,
    0x5E, 0xE7, 0xEB, 0x05, 0x12, 0xFC, 0x03, 0x2E, 0x35, 0xFA, 0x2C, 0x38, 0x5C, 0xF4, 0x50, 0xF4,
    0x9A, 0xB0, 0x46, 0x4B, 0x09, 0xDA, 0x90, 0x5C, 0x6B, 0x0D, 0x1A, 0xB3, 0x27, 0xD1, 0xF1, 0x55,
    0xE2, 0x49, 0xE3, 0xDC, 0x75, 0xB0, 0xD6, 0xF3, 0x2F, 0x50, 0x2E, 0xC0, 0xA1, 0xEE, 0xAC, 0x6B,
    0x12, 0x0A, 0x3F, 0x46, 0xE4, 0x1A, 0x48, 0x5D, 0xC9, 0x59, 0x15, 0x1D, 0x84, 0x57, 0x2D, 0x82,
    0xE1, 0xA0, 0xAA, 0x20, 0xDE, 0xA0, 0x2F, 0xC4, 0xAF, 0xDE, 0x90, 0x35, 0xA0, 0x0D, 0xF0, 0x55,
    0x3A, 0xAE, 0x20, 0xC1, 0x68, 0xF1, 0xB2, 0xEB, 0x6A, 0xF7, 0xBE, 0x1A, 0x71, 0x2E, 0x67, 0x07,
    0x24, 0x69, 0x9F, 0x52, 0x01, 0x91, 0xE4, 0x45, 0x38, 0x64, 0x43, 0xDA, 0xBC, 0x12, 0x4F, 0xF1,
    0xE6, 0x31, 0x74, 0xF1, 0xEB, 0x45, 0x48, 0x6F, 0xD4, 0x15, 0xA5, 0x71, 0xA2, 0x68, 0xB0, 0xF3,
    0x8F, 0x6B, 0xB4, 0xD6, 0xAA, 0x7F, 0xB6, 0x4F, 0x82, 0x60, 0x16, 0xE5, 0x06, 0x7D, 0x83, 0xA5,
    0x30, 0xD0, 0xC9, 0x7F, 0x43, 0xF1, 0xC1, 0x80, 0xCB, 0xAE, 0x70, 0x77, 0x9C, 0x7B, 0xD3, 0xCD,
    0x92, 0xF2, 0x20, 0x38, 0xA5, 0x05, 0x2D, 0x65, 0x1D, 0xC4, 0x06, 0x46, 0x1B, 0xB3, 0x22, 0x58,
    0x08, 0x3E, 0x3F, 0xB2, 0x36, 0xC6, 0x3D, 0xF2, 0x2C, 0xF9, 0x36, 0x9B, 0x31, 0xD8, 0x21, 0x73,
    0x94, 0xAA, 0xD4, 0x51, 0x3B, 0xA7, 0xEF, 0x40, 0xB0, 0x86, 0xB8, 0xFB, 0x11, 0xD4, 0x0D, 0xF4,
    0x12, 0x18, 0xEB, 0x49, 0xE9, 0x91, 0x66, 0x52, 0xA3, 0xB3, 0x88, 0xEC, 0xA4, 0xDF, 0x9C, 0xD4,
    0x00, 0x39, 0x33, 0x90, 0xAE, 0x0E, 0x8A, 0x5B, 0xE2, 0xC2, 0xA1, 0xA4, 0x10, 0xCF, 0xA9, 0x04,
    0xF8, 0x49, 0xE3, 0xF6, 0x42, 0xF2, 0x40, 0x9D, 0x98, 0x99, 0x76, 0x75, 0x1D, 0x7A, 0x85, 0x62,
    0x92, 0xC4, 0x07, 0x2B, 0x8D, 0x36, 0xC8, 0xEC, 0xA5, 0xB4, 0x97, 0x5A, 0xC3, 0x0E, 0xF2, 0xD6,
    0xBE, 0xB3, 0x97, 0xA3, 0xEB, 0x5D, 0xD9, 0x83, 0xF2, 0x85, 0x8A, 0x3A, 0xE3, 0x34, 0x01, 0xDE,
    0x00, 0xF2, 0x50, 0x14, 0xB0, 0x6A, 0xF9, 0x48, 0xC9, 0x58, 0xA1, 0x79, 0x7C, 0x90, 0x93, 0x65,
    0x46, 0xA9, 0x93, 0x02, 0x56, 0x82, 0xA2, 0x75, 0x76, 0xC2, 0x1D, 0xF1, 0x9C, 0x5F, 0xC5, 0x98,
    0xF2, 0x4F, 0x26, 0x29, 0x82, 0x8F, 0xDA, 0x92, 0x4D, 0x4C, 0x6C, 0x22, 0x75, 0x34, 0x00, 0x41,
    0x49, 0xA2, 0xA3, 0x89, 0x56, 0xDA, 0x62, 0x92, 0xAA, 0xC5, 0x07, 0x19, 0x9B, 0x68, 0x68, 0x94,
    0xEB, 0x65, 0x14, 0x97, 0x9D, 0x96, 0x35, 0x6E, 0x8F, 0x48, 0xDD, 0x27, 0xA2, 0x4B, 0xA2, 0x95,
    0xD6, 0x17, 0x92, 0xE1, 0x7B, 0x1F, 0x60, 0x16, 0xDC, 0x0C, 0x6E, 0x69, 0xF0, 0x93, 0x4D, 0xC1,
    0x8A, 0xE6, 0xA8, 0x0A, 0xD0, 0x0D, 0xD9, 0x41, 0x1C, 0x5E, 0x53, 0x49, 0x54, 0x45, 0xC5, 0x8F,
    0x8A, 0x86, 0x1F, 0xE5, 0x52, 0x00, 0x2F, 0x6E, 0x82, 0xC0, 0xAB, 0x8B, 0x54, 0xCF, 0x91, 0xD3,
    0x7A, 0xD7, 0x12, 0x4C, 0x13, 0xCF, 0xC8, 0xA4, 0x9C, 0xEB, 0x16, 0x6E, 0x6A, 0x5B, 0x31, 0x23,
    0xDE, 0x5A, 0x9D, 0xF3, 0x79, 0x35, 0x6F, 0x09, 0x0A, 0x6E, 0xC0, 0x68, 0x2A, 0xA9, 0xB5, 0x76,
    0xD1, 0x87, 0x18, 0x0E, 0x08, 0xCA, 0x99, 0x43, 0xD5, 0xE4, 0xBD, 0x28, 0x6C, 0xBA, 0xD3, 0x6B,
    0x4B, 0x11, 0xAF, 0xA2, 0x92, 0xC3, 0x45, 0x2B, 0x53, 0xB7, 0x89, 0x69, 0xD6, 0xA5, 0x09, 0x5D,
    0x1E, 0x9B, 0xEE, 0xCD, 0xAC, 0x09, 0xB0, 0xC1, 0x5D, 0x4D, 0x34, 0x5C, 0x7A, 0x5A, 0x72, 0x8D,
    0x42, 0xD6, 0x31, 0x48, 0x34, 0xC4, 0x20, 0x35, 0x9E, 0x28, 0x8C, 0x86, 0x66, 0xCF, 0x22, 0xCF,
    0x35, 0x9E, 0xAE, 0xF9, 0xE6, 0x80, 0x79, 0x44, 0x8E, 0x70, 0x87, 0x28, 0x89, 0x94, 0x5B, 0xAA,
    0xE7, 0xE2, 0x5D, 0x19, 0x93, 0x17, 0xC5, 0xD8, 0xD4, 0x6A, 0xAB, 0x99, 0xB6, 0x35, 0xA2, 0x92,
    0x0C, 0xA8, 0x0E, 0x64, 0x25, 0x39, 0xAE, 0x96, 0xA3, 0x2B, 0x1B, 0x4D, 0x98, 0x0B, 0x08, 0x4A,
    0xE1, 0x39, 0xD2, 0x58, 0xA9, 0x7B, 0xB9, 0x68, 0x55, 0xEA, 0x46, 0x7B, 0x96, 0x46, 0x69, 0x62,
    0x21, 0x0F, 0xDC, 0x08, 0x81, 0x2B, 0xBA, 0x55, 0xCF, 0x59, 0xE7, 0xD4, 0xFE, 0xE1, 0xCB, 0xA6,
    0x86, 0x4C, 0xFC, 0xA1, 0xC1, 0xD6, 0x32, 0xAD, 0x14, 0x28, 0x08, 0x05, 0xFA, 0x00, 0x69, 0x24,
    0xE0, 0xF8, 0x21, 0xB0, 0xD9, 0xE0, 0x15, 0xF7, 0x4A, 0xE5, 0x6C, 0x61, 0x09, 0x78, 0x04, 0x02,
    0x3A, 0x1E, 0x93, 0x5E, 0xC4, 0x50, 0xDC, 0xD2, 0xCC, 0x05, 0x7D, 0x10, 0x48, 0x1F, 0x51, 0x8E,
    0x27, 0x34, 0x1B, 0x49, 0x6B, 0x39, 0x48, 0xC1, 0x9A, 0x9A, 0x8A, 0xB7, 0x16, 0x5D, 0x46, 0x2C,
    0x93, 0x0F, 0x5B, 0x94, 0x25, 0xD9, 0xC9, 0xA9, 0x75, 0xA0, 0xD0, 0xD0, 0x49, 0xD9, 0xA1, 0xB3,
    0x0C, 0xC2, 0xB2, 0x86, 0x8E, 0xA9, 0xA1, 0x05, 0xD7, 0xFC, 0xA6, 0x49, 0x47, 0xA0, 0x23, 0xAE,
    0x4D, 0x05, 0x1D, 0xB7, 0xFF, 0x4D, 0x41, 0x18, 0xAE, 0x8E, 0xB3, 0x17, 0xDE, 0xF0, 0xAA, 0x5D,
    0x3C, 0xDB, 0x8B, 0xD0, 0x0C, 0x0C, 0x97, 0x24, 0x6D, 0x35, 0xAA, 0xB5, 0x68, 0x58, 0x49, 0x5B,
    0xF5, 0xB2, 0x0F, 0x49, 0x67, 0x66, 0x73, 0xA3, 0xEE, 0xB2, 0x56, 0xE3, 0x29, 0x1A, 0x2D, 0x4B,
    0x59, 0x49, 0x62, 0xA4, 0x5F, 0x83, 0x70, 0xD6, 0xB0, 0xB0, 0xD2, 0xB4, 0xE6, 0xC9, 0x20, 0x83,
    0x9E, 0x77, 0x1A, 0x96, 0x71, 0x75, 0x6C, 0xFC, 0x49, 0xB3, 0x09, 0x72, 0xD0, 0xE2, 0x81, 0x5C,
    0x94, 0x4E, 0x48, 0x5C, 0x21, 0xFB, 0x69, 0x10, 0x7E, 0x0C, 0x5E, 0xB1, 0x17, 0x4D, 0x60, 0xF8,
    0x66, 0xF0, 0x7A, 0xF8, 0x2C, 0x3B, 0x7F, 0x14, 0xEB, 0xD1, 0x67, 0x8E, 0x0B, 0x99, 0xB8, 0xAE,
    0xE4, 0x0F, 0x34, 0x63, 0x4B, 0x3E, 0x19, 0x83, 0xE3, 0x45, 0x55, 0xB7, 0xC5, 0x1B, 0x98, 0x40,
    0xBD, 0x72, 0xA1, 0x20, 0xDE, 0x98, 0xB2, 0xEF, 0x40, 0xC0, 0xA1, 0x90, 0xA4, 0x5D, 0x76, 0x67,
    0x85, 0x63, 0x8B, 0xF3, 0x93, 0x39, 0x21, 0xEE, 0xE2, 0x27, 0x52, 0x30, 0xA1, 0x09, 0xAB, 0xCC,
    0x82, 0xDB, 0x22, 0xDC, 0xB5, 0xBC, 0x97, 0xF2, 0x43, 0x7D, 0x52, 0xBF, 0xEF, 0x4E, 0x4E, 0x5A,
    0x69, 0xB0, 0x9F, 0xA1, 0xB9, 0x82, 0x88, 0x84, 0xEC, 0x0E, 0xCE, 0xDA, 0xD0, 0x5A, 0xC5, 0x5A,
    0x49, 0x2A, 0x6C, 0x42, 0xEC, 0xD0, 0x0D, 0xA9, 0x9B, 0x62, 0xC2, 0x6B, 0x00, 0x01, 0x58, 0x54,
    0x0A, 0xFA, 0xA3, 0xCF, 0x52, 0x3A, 0x69, 0x34, 0x01, 0xDF, 0x73, 0xB0, 0x25, 0x96, 0x3D, 0x1F,
    0xA0, 0x0A, 0xCA, 0x36, 0x03, 0xD3, 0xAD, 0x7F, 0x60, 0x8A, 0x0F, 0x90, 0x56, 0x2C, 0x57, 0xCC,
    0x1A, 0x9C, 0x46, 0xB6, 0xF6, 0xA8, 0xC9, 0x80, 0x54, 0x9F, 0x43, 0x05, 0x35, 0xD4, 0xB6, 0x60,
    0xDE, 0x7C, 0x48, 0x21, 0x25, 0xC0, 0xC0, 0xE5, 0x18, 0x6A, 0xE0, 0x7B, 0xF3, 0x85, 0x6F, 0xAD,
    0x89, 0x09, 0x7E, 0xE0, 0xD5, 0x5F, 0x5C, 0xC9, 0x3E, 0x3E, 0x2E, 0xF2, 0x9E, 0x13, 0xFD, 0x9D,
    0xE9, 0xF2, 0xBA, 0xBD, 0xD7, 0x11, 0xFB, 0x56, 0x4E, 0x25, 0x08, 0x9F, 0x23, 0x04, 0x89, 0xA9,
    0x40, 0xE7, 0x58, 0xAA, 0x8B, 0xDC, 0x08, 0xDE, 0xFE, 0x18, 0x88, 0x75, 0x0E, 0xC7, 0x47, 0x88,
    0xE6, 0x26, 0x4D, 0xA9, 0x94, 0x5E, 0x28, 0x84, 0x74, 0x69, 0x08, 0xE2, 0x99, 0xF2, 0x16, 0x5A,
    0x4B, 0xB5, 0xF8, 0xAF, 0xD0, 0x52, 0xA7, 0x23, 0x81, 0x73, 0x34, 0x53, 0x7F, 0x84, 0xEE, 0x1C,
    0x17, 0x1E, 0x77, 0x0B, 0x8E, 0x13, 0x95, 0xD0, 0x95, 0x6B, 0xE8, 0xA0, 0x41, 0xA8, 0x73, 0x8A,
    0x43, 0x07, 0xF3, 0x1B, 0x48, 0xC3, 0x94, 0xF2, 0x04, 0xC5, 0xBC, 0xAD, 0x61, 0x56, 0xEA, 0x15,
    0x29, 0x94, 0xB8, 0x93, 0xB6, 0x20, 0xAE, 0xDD, 0x6A, 0x9E, 0xC8, 0xD4, 0x4A, 0xDA, 0x18, 0x10,
    0x17, 0xCC, 0x5F, 0x0D, 0x06, 0xC6, 0x5B, 0xF1, 0x61, 0x29, 0x95, 0xB1, 0x92, 0x74, 0xE2, 0x33,
    0x89, 0x6B, 0x29, 0x6D, 0x82, 0xCF, 0xC0, 0xA4, 0x8F, 0xA7, 0xC4, 0x99, 0xF1, 0x34, 0x91, 0x6D,
    0x73, 0xCC, 0x01, 0xC3, 0x24, 0x15, 0x21, 0xB5, 0x80, 0x87, 0xF2, 0xA1, 0x0C, 0xEF, 0x02, 0x29,
    0xD1, 0x7A, 0x52, 0xDB, 0x0E, 0xB2, 0x69, 0x44, 0x4E, 0x44, 0x6E, 0x42, 0x6F, 0x34, 0x53, 0x50,
    0xD8, 0x8E, 0x7E, 0x0C, 0xEF, 0x6E, 0x69, 0xEA, 0x64, 0xEA, 0x0B, 0xCE, 0x0E, 0x23, 0x99, 0x21,
    0x63, 0x40, 0x14, 0xF1, 0x1D, 0x17, 0x4D, 0x68, 0x30, 0xBF, 0x36, 0x15, 0xEF, 0xD0, 0x07, 0xCA,
    0x3E, 0x76, 0x74, 0x8E, 0xC6, 0xE2, 0xA3, 0x9E, 0x6B, 0xD6, 0x39, 0x77, 0x85, 0x8D, 0x9D, 0x73,
    0x23, 0xE6, 0xB4, 0x9A, 0x12, 0x2C, 0x18, 0xBC, 0xA5, 0x3E, 0x77, 0x72, 0x90, 0x9A, 0x72, 0x90,
    0x61, 0xA7, 0x1A, 0xA2, 0xA9, 0xBE, 0x32, 0x65, 0x64, 0x00, 0x77, 0xB2, 0xF3, 0x0E, 0x0B, 0x96,
    0x77, 0x30, 0x26, 0x6B, 0x0F, 0x9B, 0xFF, 0x05, 0x41, 0x6C, 0x16, 0x04, 0x51, 0x37, 0xF7, 0x31,
    0xFF, 0x1B, 0xD3, 0xAB, 0x6B, 0xE9, 0xD5, 0xFB, 0x20, 0x88, 0xE8, 0x6E, 0x04, 0x91, 0xDC, 0x17,
    0x41, 0x00, 0x19, 0x83, 0x7F, 0x69, 0x9D, 0x3B, 0xEF, 0x7E, 0x9A, 0xFF, 0x19, 0xD4, 0x1F, 0xAA,
    0x1D, 0x71, 0x23, 0x3C, 0x8C, 0x46, 0x23, 0x58, 0x43, 0x14, 0x92, 0x39, 0x12, 0x38, 0xCD, 0xA9,
    0x33, 0x3A, 0x2E, 0xBE, 0x7B, 0xDD, 0xF1, 0x2E, 0xF2, 0x50, 0x36, 0x52, 0x3D, 0x41, 0x81, 0x55,
    0xB8, 0xFA, 0x99, 0x39, 0x30, 0x03, 0x0A, 0x34, 0x56, 0x72, 0x6C, 0x6B, 0x34, 0x96, 0x83, 0xD8,
    0x55, 0x28, 0x9F, 0x81, 0x38, 0x47, 0xB0, 0x37, 0x32, 0xD5, 0x5B, 0xEF, 0x2F, 0xEA, 0x70, 0x41,
    0x35, 0x87, 0x28, 0xB3, 0xC5, 0x56, 0xB5, 0xC7, 0x56, 0xC1, 0x3D, 0xD8, 0x2A, 0xF4, 0xD8, 0x6A,
    0x5A, 0xB0, 0x55, 0x7A, 0x0F, 0x65, 0xEE, 0x21, 0x6E, 0x7B, 0x77, 0x13, 0xA2, 0x8C, 0x13, 0x65,
    0x22, 0x4F, 0x99, 0x50, 0xE0, 0xA1, 0xA0, 0x0B, 0x12, 0xD0, 0xD9, 0x32, 0x70, 0x20, 0xD8, 0x00,
    0x15, 0x59, 0x43, 0x1D, 0xB0, 0x39, 0x11, 0x49, 0xB8, 0x24, 0x1B, 0xE4, 0x06, 0x61, 0xA6, 0x2B,
    0xF7, 0x34, 0xBD, 0x79, 0x2E, 0x54, 0x41, 0x30, 0xF0, 0x19, 0x26, 0xBC, 0x3E, 0x1C, 0x85, 0x30,
    0x6F, 0x73, 0xED, 0xA3, 0x10, 0x1B, 0xDA, 0xED, 0x96, 0x51, 0x88, 0x96, 0x51, 0x08, 0xA8, 0x14,
    0x59, 0x85, 0x5F, 0xEF, 0x46, 0x21, 0xB6, 0xF0, 0xD9, 0xA2, 0x10, 0xFD, 0xA2, 0xC4, 0xD9, 0x5B,
    0xB8, 0xD6, 0x3D, 0x9C, 0xA4, 0x4C, 0xFE, 0xAB, 0xF4, 0x7A, 0x8A, 0x75, 0xE4, 0x2E, 0xC0, 0x73,
    0xC8, 0xC5, 0x01, 0x8C, 0x42, 0x10, 0xD1, 0x61, 0x49, 0xF1, 0x78, 0x7F, 0x4C, 0xE0, 0xDA, 0x4C,
    0x68, 0x75, 0xA4, 0x6F, 0x5C, 0xA4, 0x55, 0xB1, 0x49, 0x2B, 0x03, 0x28, 0x6A, 0xD5, 0x1C, 0xDF,
    0xBB, 0xA0, 0x8B, 0xEF, 0x2F, 0xF8, 0x74, 0xE8, 0xD2, 0x7A, 0x46, 0x0B, 0x65, 0x0E, 0xBF, 0x45,
    0xD8, 0x1E, 0xAD, 0x58, 0x18, 0x51, 0x71, 0xC4, 0x50, 0x53, 0xD8, 0x13, 0x90, 0x2B, 0x24, 0x69,
    0xD9, 0x50, 0x0C, 0x39, 0x34, 0x9C, 0x8C, 0x31, 0x85, 0x1B, 0x2A, 0x96, 0xCA, 0xCD, 0x41, 0xE3,
    0xC3, 0x51, 0x9F, 0xEA, 0x0D, 0x63, 0x61, 0xD7, 0x66, 0xB1, 0x03, 0xBD, 0xD4, 0xD0, 0xBD, 0x31,
    0xC9, 0xB1, 0xAB, 0x01, 0x20, 0x62, 0xCC, 0x73, 0x45, 0x41, 0x80, 0xEF, 0xDF, 0xE7, 0x86, 0xE1,
    0x29, 0x20, 0x16, 0x52, 0x50, 0x28, 0x2C, 0xB0, 0x30, 0x41, 0x60, 0x38, 0x01, 0xDA, 0x42, 0x48,
    0x72, 0x2A, 0x1C, 0x41, 0x6F, 0x48, 0x62, 0x4C, 0x7C, 0xC6, 0x32, 0x3B, 0x51, 0x97, 0xA3, 0x8F,
    0x67, 0xA3, 0xAA, 0x96, 0x3E, 0xD7, 0x73, 0x64, 0x66, 0x43, 0xB3, 0x08, 0x8A, 0xD1, 0x3C, 0x28,
    0x7B, 0x36, 0xFD, 0xCF, 0x8F, 0xF2, 0x9B, 0xBC, 0x36, 0x17, 0x1F, 0x65, 0x1D, 0x57, 0x4E, 0x0E,
    0x34, 0x9F, 0xC1, 0x1B, 0xB5, 0x6B, 0x31, 0x08, 0xD8, 0x35, 0x45, 0x10, 0xBE, 0x95, 0x4E, 0x8F,
    0x47, 0x2B, 0x02, 0xA0, 0x82, 0xBD, 0xDE, 0xD3, 0x31, 0x93, 0x79, 0xDA, 0xE4, 0x88, 0x33, 0xB9,
    0xE9, 0xDC, 0x4B, 0x6E, 0x84, 0xED, 0xAB, 0xE9, 0x2D, 0x2C, 0xD2, 0x5A, 0xF2, 0xCD, 0x12, 0x33,
    0x28, 0xB7, 0xDF, 0xE8, 0xCD, 0xCA, 0x9D, 0xA9, 0x79, 0x27, 0xD8, 0x21, 0x15, 0x56, 0xAB, 0xAF,
    0x1B, 0x3F, 0x6F, 0x0E, 0x71, 0xFA, 0x8E, 0x0C, 0xD0, 0x70, 0xAE, 0x64, 0x64, 0xC5, 0x8F, 0xCE,
    0x5D, 0x73, 0xB3, 0x19, 0xF1, 0x3D, 0x37, 0x18, 0x98, 0x48, 0x27, 0x0F, 0x27, 0xE8, 0x2A, 0x08,
    0x50, 0x68, 0x1C, 0x20, 0x5D, 0x34, 0x1B, 0x22, 0x58, 0xEB, 0x33, 0x73, 0x62, 0x0C, 0x15, 0xD8,
    0xA8, 0x02, 0xF9, 0x1C, 0x75, 0x63, 0x9E, 0x0E, 0x7B, 0xCD, 0xFB, 0x50, 0x9F, 0x2D, 0x03, 0x96,
    0x2B, 0xD5, 0x31, 0x88, 0x67, 0x81, 0x8F, 0x29, 0xB0, 0x29, 0xDD, 0xD3, 0x6C, 0xA4, 0x66, 0xED,
    0x33, 0xEB, 0x5F, 0x81, 0x06, 0x3D, 0x3A, 0x23, 0xAD, 0xB8, 0xFF, 0xDB, 0x38, 0x81, 0xE4, 0xB3,
    0x26, 0xD0, 0x2F, 0x13, 0x30, 0x16, 0x80, 0x07, 0xE4, 0xE5, 0xDA, 0x52, 0x02, 0x72, 0x6A, 0xFC,
    0x1F, 0xF9, 0x12, 0x22, 0x79, 0xC5, 0xBF, 0x02, 0x1C, 0xE7, 0x3E, 0x30, 0x8E, 0xA7, 0xA7, 0xC9,
    0x7B, 0x9C, 0xC1, 0x69, 0x8E, 0xE4, 0x12, 0x07, 0xFA, 0x9C, 0xF4, 0x89, 0x9E, 0x32, 0x67, 0x41,
    0x71, 0x5A, 0x12, 0x39, 0x85, 0x8A, 0x3A, 0xC5, 0x4E, 0x51, 0x30, 0x90, 0x03, 0x4F, 0x75, 0x9B,
    0x50, 0x49, 0xA4, 0xA6, 0x0B, 0x30, 0xFF, 0x62, 0x08, 0x61, 0xF0, 0x37, 0x54, 0x24, 0x6B, 0x3C,
    0xFD, 0xDA, 0x84, 0xBC, 0x40, 0x4B, 0xCB, 0x2B, 0x9B, 0x5E, 0x09, 0x55, 0x06, 0x0B, 0xE2, 0x94,
    0x2E, 0xA5, 0x73, 0x25, 0x92, 0x99, 0x1B, 0x20, 0xA5, 0x2A, 0xE2, 0x42, 0x31, 0x11, 0x6D, 0x01,
    0x8E, 0x79, 0x7A, 0xD5, 0x0A, 0x37, 0xD6, 0x2D, 0x80, 0xBA, 0x79, 0xDF, 0x63, 0xEA, 0x89, 0x24,
    0x62, 0x81, 0xDE, 0x39, 0xF1, 0x47, 0x95, 0x8D, 0x46, 0xD6, 0x7C, 0x30, 0x21, 0x2C, 0x7A, 0x7B,
    0xAD, 0x37, 0x5A, 0x88, 0xA3, 0x40, 0x41, 0xA2, 0xE9, 0x9C, 0x69, 0x78, 0x30, 0x12, 0x72, 0x9A,
    0x29, 0x74, 0x16, 0xBE, 0x3C, 0xA0, 0x04, 0x65, 0x81, 0x03, 0xB4, 0x98, 0xAB, 0xF4, 0xBD, 0x8C,
    0x1D, 0x07, 0xA5, 0x11, 0x69, 0x38, 0x9E, 0x08, 0x46, 0x09, 0x25, 0x09, 0x08, 0x9D, 0xD7, 0xB4,
    0xA2, 0x81, 0x34, 0x68, 0x0D, 0xA6, 0x88, 0x69, 0x01, 0x7C, 0x87, 0x68, 0xE6, 0x79, 0xF8, 0x30,
    0xC7, 0xC8, 0x8B, 0xE9, 0x7C, 0x11, 0xE0, 0x0F, 0x88, 0xAF, 0x5B, 0x49, 0xD7, 0x68, 0x6A, 0xFF,
    0xD6, 0x5B, 0x38, 0xD9, 0x15, 0x33, 0x7B, 0xE5, 0xC6, 0x56, 0x30, 0x95, 0xAD, 0x5E, 0x0C, 0x62,
    0xB3, 0x04, 0xC9, 0xE4, 0x9E, 0x81, 0x32, 0x64, 0xCF, 0x98, 0x6A, 0x65, 0x35, 0x9A, 0x6D, 0xD9,
    0x1B, 0x78, 0x1F, 0x83, 0xBD, 0xDB, 0xE0, 0x13, 0xFD, 0x27, 0x28, 0x3C, 0xC5, 0x96, 0x53, 0x62,
    0xB7, 0x8B, 0x0B, 0x33, 0xD7, 0x0C, 0x63, 0x13, 0xC0, 0x10, 0xB7, 0x47, 0x74, 0xBF, 0x1A, 0xC6,
    0xEF, 0x2A, 0x8B, 0x40, 0x18, 0xA0, 0x2F, 0x3C, 0xE4, 0x81, 0x75, 0x20, 0xD9, 0xC1, 0x0E, 0x17,
    0x27, 0x3A, 0x6E, 0x16, 0xC8, 0xA0, 0x14, 0x39, 0x21, 0x1F, 0xBB, 0x50, 0x00, 0x8B, 0x08, 0x00,
    0xDA, 0x69, 0xA6, 0x15, 0xE0, 0x85, 0x15, 0x15, 0x31, 0x59, 0x1B, 0xAA, 0x58, 0x2D, 0x32, 0x50,
    0x2D, 0x16, 0x71, 0x14, 0xAC, 0x63, 0x68, 0x7C, 0xC2, 0x7B, 0x00, 0xF3, 0x80, 0xB3, 0x65, 0x18,
    0xFE, 0xA8, 0xBB, 0x2E, 0x8D, 0x57, 0x7B, 0x3C, 0x2C, 0x24, 0xBC, 0xAF, 0x98, 0xFB, 0x64, 0x0E,
    0x63, 0x25, 0x5F, 0xAF, 0x0F, 0x2D, 0x9E, 0x6E, 0xD1, 0xF7, 0x48, 0xE6, 0x44, 0x10, 0x3E, 0x99,
    0x44, 0x4C, 0xD1, 0x9C, 0xBA, 0x4C, 0xFE, 0x84, 0xF4, 0x9E, 0xF1, 0x53, 0xE4, 0x44, 0x67, 0x9A,
    0x32, 0x1A, 0x75, 0x1F, 0x96, 0xE7, 0x9D, 0x92, 0x54, 0xBA, 0x47, 0x52, 0xD2, 0x04, 0x50, 0xC9,
    0xBC, 0xA6, 0xBB, 0x20, 0xBF, 0x23, 0xE4, 0xA2, 0xD4, 0x6F, 0x83, 0xDD, 0x3A, 0x1A, 0xCF, 0x95,
    0xE1, 0xE2, 0xAC, 0x8F, 0x66, 0xFC, 0x59, 0xB4, 0x05, 0x0D, 0x2A, 0x83, 0x28, 0xC5, 0x26, 0x19,
    0xF1, 0x87, 0x23, 0xD2, 0x40, 0xEB, 0x68, 0x3F, 0xED, 0xEB, 0xFE, 0xA7, 0xF4, 0x36, 0xC2, 0xFA,
    0xBF, 0x2B, 0x47, 0x12, 0xFC, 0x92, 0xE3, 0x93, 0x97, 0xDF, 0x9A, 0x14, 0x96, 0xD7, 0x15, 0xD3,
    0xC0, 0x80, 0x6F, 0x80, 0x6B, 0x62, 0x5A, 0xE9, 0x04, 0xCE, 0x0C, 0x98, 0x06, 0xB3, 0xCA, 0xC8,
    0x6E, 0xD2, 0xEA, 0x8A, 0xEC, 0x14, 0xCA, 0x84, 0x00, 0x58, 0x56, 0x65, 0x8B, 0x6F, 0x4B, 0xC5,
    0xB2, 0xA5, 0xBB, 0x5A, 0x28, 0x08, 0xF4, 0xCA, 0xAC, 0x15, 0x0C, 0x59, 0x2C, 0x6C, 0x50, 0x8B,
    0x9C, 0xF5, 0x20, 0xB5, 0x1E, 0xCD, 0xE9, 0xC0, 0x61, 0xD2, 0xD8, 0x3F, 0x85, 0xBB, 0x60, 0xFD,
    0xEB, 0xA6, 0xBE, 0x86, 0xB1, 0xDE, 0x82, 0x0F, 0x00, 0x86, 0x3E, 0x4F, 0xF5, 0x05, 0x39, 0x1C,
    0x49, 0xD2, 0x04, 0x1F, 0xAC, 0xDD, 0x59, 0xBA, 0x6B, 0x44, 0x70, 0xFB, 0x5A, 0x16, 0x79, 0x1B,
    0x0C, 0x0A, 0x04, 0x7F, 0x4E, 0x1D, 0x26, 0x83, 0x4B, 0x56, 0x86, 0xD5, 0xA3, 0xD5, 0xEC, 0x85,
    0x00, 0x28, 0xAF, 0xB9, 0xD2, 0x21, 0x2B, 0xAC, 0x49, 0xDA, 0xE6, 0x5D, 0xB9, 0xA6, 0x67, 0x12,
    0xCA, 0x96, 0xFF, 0x94, 0xAA, 0x87, 0x66, 0x6F, 0xE3, 0x0D, 0x10, 0x17, 0x67, 0x51, 0x0F, 0x81,
    0x46, 0x2E, 0xF6, 0x67, 0x78, 0xB9, 0x4D, 0x87, 0x14, 0x6E, 0x08, 0x1C, 0xF7, 0x89, 0xB8, 0x95,
    0x60, 0x01, 0x7C, 0xC6, 0x78, 0x19, 0x95, 0xE9, 0xF9, 0x99, 0x89, 0xC9, 0x8A, 0xD6, 0x9F, 0x57,
    0x41, 0xB3, 0xBA, 0xD7, 0x27, 0x34, 0x3E, 0xFA, 0x79, 0x73, 0x71, 0x4B, 0x57, 0x25, 0x3D, 0x70,
    0xFF, 0x89, 0x39, 0x86, 0x1E, 0x29, 0x36, 0xF5, 0x65, 0x77, 0x72, 0x4E, 0x66, 0x86, 0x19, 0xD0,
    0xC2, 0x3F, 0xD3, 0xCD, 0x08, 0x31, 0xDE, 0xBF, 0x2A, 0x36, 0x21, 0xDA, 0xCE, 0x2F, 0xC3, 0xFF,
    0x95, 0x1B, 0x26, 0x37, 0xA0, 0x0D, 0x9F, 0x0D, 0x19, 0x37, 0x6F, 0xEA, 0x35, 0x08, 0xE4, 0xE6,
    0xB4, 0x2B, 0xDD, 0x55, 0xA8, 0x19, 0x97, 0xDE, 0x9A, 0x9E, 0x08, 0xDD, 0xC9, 0x9B, 0x63, 0x7A,
    0xA2, 0x4A, 0xF7, 0xE7, 0xB2, 0x09, 0xFE, 0x3A, 0x70, 0x17, 0xAF, 0x59, 0xE0, 0xD1, 0x79, 0x28,
    0x23, 0x30, 0x97, 0xDD, 0xB1, 0xE8, 0xF9, 0x5C, 0x5E, 0xEC, 0x02, 0x08, 0xD8, 0xB5, 0x4F, 0x5C,
    0xF0, 0x37, 0x59, 0x34, 0xC0, 0x15, 0x8B, 0x5F, 0x1F, 0xEA, 0xF4, 0x86, 0x3B, 0x33, 0x10, 0xA6,
    0xA4, 0x33, 0x80, 0x55, 0x97, 0x41, 0xB5, 0x36, 0xC7, 0x7A, 0xA0, 0x47, 0xA6, 0x7A, 0x8E, 0x72,
    0x1C, 0x0E, 0xEF, 0x20, 0xAC, 0xD0, 0xCE, 0xD1, 0x06, 0x8B, 0x87, 0xC5, 0x09, 0xD7, 0x24, 0x30,
    0x14, 0x45, 0x4A, 0xFD, 0x4A, 0x9A, 0xE6, 0xDD, 0x0F, 0x82, 0xB4, 0x7F, 0x02, 0x54, 0x3C, 0x85,
    0xBF, 0xCB, 0x27, 0x5D, 0x0B, 0xF9, 0x59, 0x1F, 0x83, 0x2C, 0x3D, 0x06, 0x0E, 0xB9, 0x4C, 0x0F,
    0xC9, 0xF2, 0x1D, 0x64, 0x4B, 0x72, 0xE7, 0x3A, 0xEB, 0x63, 0x9A, 0xB2, 0xBC, 0x13, 0x0A, 0x4C,
    0x07, 0xF2, 0x0F, 0x58, 0x47, 0x0C, 0x95, 0xF0, 0xF2, 0x5C, 0x97, 0x37, 0x0E, 0x28, 0xE2, 0xA2,
    0xBB, 0xA6, 0x1C, 0xEB, 0x6A, 0x3E, 0x41, 0xFE, 0x7D, 0x56, 0x28, 0xE5, 0x87, 0x58, 0xDE, 0xCB,
    0x94, 0x1A, 0x67, 0x4A, 0x4B, 0x52, 0x7B, 0x11, 0xAD, 0xC2, 0x49, 0xCD, 0x2D, 0xAB, 0x72, 0x9F,
    0x56, 0x8B, 0xFB, 0x0F, 0x42, 0xD2, 0x04, 0x3D, 0x0F, 0x5D, 0x70, 0xDB, 0x4D, 0xBF, 0xA1, 0x79,
    0x69, 0xF2, 0xEB, 0xC5, 0x75, 0x30, 0x5C, 0x50, 0xA2, 0xC1, 0xFA, 0x13, 0x78, 0x9B, 0x63, 0xDA,
    0x17, 0xA7, 0xE2, 0x31, 0x7F, 0x72, 0xE5, 0xA0, 0xFE, 0xDC, 0x1B, 0xC0, 0x6F, 0x77, 0x3A, 0x41,
    0xE6, 0xD8, 0xCD, 0x06, 0x5B, 0xEA, 0x37, 0xC1, 0x9B, 0x37, 0x5C, 0x84, 0x85, 0xFE, 0xE0, 0x9D,
    0x29, 0x76, 0x37, 0xD0, 0x6E, 0x57, 0x37, 0xD9, 0x26, 0xF0, 0x89, 0xDF, 0x44, 0x6A, 0x39, 0xEA,
    0xC8, 0x9D, 0x59, 0x43, 0xC6, 0x7B, 0x95, 0x6C, 0x1C, 0xF5, 0x90, 0x1A, 0x4B, 0x8C, 0x06, 0x25,
    0xAD, 0xD5, 0x4A, 0xBA, 0x22, 0x6D, 0x09, 0x95, 0xE0, 0x39, 0xAC, 0x99, 0x1B, 0x03, 0x8A, 0x3A,
    0x89, 0xB1, 0x06, 0x50, 0x29, 0xF5, 0x6B, 0xE7, 0x18, 0x6A, 0x9D, 0xE3, 0x41, 0xB6, 0xAE, 0xA0,
    0x3F, 0x8E, 0x1E, 0x06, 0xCA, 0x01, 0x30, 0x7E, 0x4E, 0x45, 0x09, 0xA6, 0x25, 0x2B, 0x37, 0x84,
    0xF1, 0x35, 0x98, 0x07, 0x4A, 0xD5, 0xBD, 0x2D, 0x47, 0x17, 0x48, 0x98, 0xE9, 0xA0, 0x0F, 0x3F,
    0x82, 0x0A, 0xB8, 0xE3, 0x26, 0x7A, 0x56, 0xB9, 0x7B, 0x01, 0xCA, 0xF6, 0x06, 0x40, 0x1E, 0x8C,
    0x75, 0x36, 0x41, 0x9B, 0xBC, 0xD8, 0xB8, 0x2B, 0xA0, 0xD1, 0x80, 0x49, 0xFF, 0xFE, 0x4D, 0x4C,
    0x23, 0x72, 0x63, 0x51, 0x25, 0x6D, 0xB2, 0x8F, 0x25, 0x0D, 0xCA, 0xD7, 0xB8, 0xA4, 0xAB, 0x7A,
    0x43, 0x6A, 0xAE, 0x8B, 0x0D, 0x43, 0xBF, 0x6B, 0xAA, 0x25, 0x46, 0x7E, 0xA5, 0xE0, 0x9B, 0x94,
    0xAA, 0x13, 0x5A, 0x67, 0x90, 0x7A, 0xA2, 0x2C, 0xD3, 0xC2, 0x8B, 0xF8, 0x1D, 0x85, 0xE9, 0xF5,
    0x0C, 0x54, 0x1F, 0xEB, 0x66, 0x85, 0x25, 0x25, 0x9F, 0x25, 0xB4, 0xDD, 0x43, 0x4D, 0x81, 0x1B,
    0xB9, 0x54, 0x27, 0x70, 0xF7, 0xDB, 0x34, 0x6E, 0xAE, 0x89, 0x27, 0x42, 0x95, 0x93, 0x98, 0xDD,
    0x95, 0x59, 0x12, 0x08, 0xE8, 0xDF, 0xF1, 0xAA, 0xF8, 0x2E, 0x81, 0x0B, 0xEB, 0x67, 0x20, 0x3C,
    0x33, 0xC6, 0x26, 0x77, 0xC0, 0x0D, 0x54, 0xA9, 0x67, 0xD8, 0x08, 0xD1, 0xD1, 0xC1, 0x3A, 0x8B,
    0x2D, 0x32, 0x18, 0xA6, 0x35, 0x00, 0xD6, 0x0E, 0xB3, 0x61, 0x64, 0x50, 0x78, 0xAF, 0xA5, 0x7D,
    0xEC, 0xC6, 0xB2, 0x89, 0xB1, 0x52, 0x8F, 0x39, 0x68, 0x1C, 0x73, 0x5B, 0x4B, 0x56, 0x1F, 0xE4,
    0x3D, 0x58, 0x5F, 0xA6, 0x4B, 0x93, 0xA4, 0x62, 0x64, 0x38, 0x90, 0x01, 0x95, 0xCE, 0x72, 0x7F,
    0x0C, 0x94, 0x53, 0x78, 0x94, 0xB1, 0x2B, 0x5B, 0xE5, 0xF0, 0x71, 0x4F, 0x02, 0xD5, 0x47, 0x1E,
    0x50, 0xC4, 0xE7, 0xC2, 0x82, 0x81, 0xFB, 0x25, 0xC7, 0x6D, 0xB1, 0x1D, 0x76, 0x13, 0x99, 0xF4,
    0xAE, 0x24, 0x7A, 0x8D, 0xA2, 0x45, 0xE7, 0x38, 0xD5, 0x0A, 0x2A, 0x37, 0x34, 0x47, 0x4E, 0x37,
    0x33, 0x40, 0x30, 0x07, 0x47, 0xD1, 0xEA, 0xDF, 0x61, 0xD8, 0x9B, 0xBA, 0x81, 0xD4, 0x41, 0x54,
    0x71, 0x37, 0x95, 0xE4, 0xD1, 0xFA, 0x58, 0x97, 0x0C, 0xE4, 0xB6, 0x6B, 0xAE, 0xFB, 0x99, 0xD0,
    0xDC, 0xBA, 0x18, 0x8B, 0x09, 0x1C, 0x8F, 0x95, 0x7C, 0x12, 0xF2, 0x00, 0xD6, 0xCA, 0xB1, 0x1E,
    0x91, 0x59, 0x12, 0xBC, 0x95, 0x0A, 0xE3, 0xFC, 0xD7, 0x68, 0xAB, 0xCD, 0xF0, 0x56, 0xA4, 0xE1,
    0x5B, 0xDA, 0x19, 0x52, 0x8D, 0x6F, 0x31, 0x8E, 0xBC, 0xCB, 0x86, 0xFF, 0x2C, 0x23, 0xE3, 0xF0,
    0x5D, 0x7B, 0x14, 0x2B, 0xB8, 0xD7, 0x06, 0xD4, 0x53, 0xD0, 0xC5, 0xE1, 0x45, 0x3A, 0xF5, 0xA0,
    0x0D, 0xA8, 0x05, 0x8D, 0x47, 0xF3, 0xD8, 0x92, 0xC3, 0x67, 0x3A, 0x9B, 0xF9, 0x2D, 0xA1, 0xB1,
    0x5A, 0xC5, 0x01, 0xCA, 0x1E, 0x4F, 0x9A, 0xB7, 0xE0, 0x45, 0xBF, 0xC5, 0x9A, 0xE5, 0x41, 0x01,
    0x8A, 0x88, 0xC1, 0x74, 0xCB, 0xDF, 0xF2, 0x7D, 0x7C, 0xC3, 0xC9, 0xA3, 0x93, 0xEF, 0xDB, 0x2D,
    0x14, 0x54, 0xB2, 0xAE, 0x12, 0xD1, 0x9A, 0x6D, 0x73, 0x8F, 0x78, 0xEF, 0xAD, 0xDA, 0xB6, 0x12,
    0x7A, 0xC2, 0xF2, 0x6A, 0xE7, 0xB1, 0x27, 0x03, 0x24, 0xE7, 0xE7, 0x1C, 0xE0, 0x29, 0x86, 0x92,
    0x4B, 0x26, 0x2A, 0x71, 0x72, 0x56, 0x32, 0x71, 0xA5, 0x93, 0x49, 0x54, 0x99, 0x6C, 0xFE, 0x60,
    0x19, 0xB0, 0x49, 0xB9, 0xE1, 0xF4, 0xCB, 0x4D, 0xA1, 0x90, 0x72, 0xB1, 0x29, 0xF8, 0x57, 0xCB,
    0x84, 0x07, 0x8C, 0xB3, 0xE4, 0x7B, 0x14, 0x7A, 0xB8, 0x70, 0x77, 0xE7, 0xC1, 0xD6, 0xA9, 0x2F,
    0x5C, 0xB7, 0x7D, 0xDE, 0xAB, 0x56, 0x58, 0x12, 0x78, 0xBD, 0x98, 0x4F, 0x41, 0x09, 0x98, 0x81,
    0x43, 0xE6, 0xE1, 0x17, 0x66, 0x9E, 0xE4, 0x82, 0x92, 0x15, 0x6C, 0xF0, 0xFA, 0x4B, 0x9F, 0x25,
    0x18, 0xF8, 0x4F, 0x32, 0xE2, 0xC2, 0x32, 0xEF, 0xBE, 0x0F, 0xF1, 0x9E, 0x01, 0x12, 0x13, 0xB8,
    0x9A, 0x15, 0xE4, 0xE9, 0x2B, 0xD0, 0xB9, 0x29, 0x67, 0x72, 0x49, 0x91, 0x7A, 0x45, 0xE9, 0x39,
    0x7E, 0x4E, 0xC5, 0x3B, 0x02, 0x8F, 0xCD, 0xE9, 0x58, 0x83, 0xC3, 0x8F, 0x4D, 0x69, 0x9F, 0x8C,
    0x19, 0x7F, 0xD1, 0x14, 0x9A, 0x1B, 0xD8, 0x01, 0x7E, 0xF7, 0xE1, 0xC7, 0x33, 0xF3, 0x3C, 0x6F,
    0xAB, 0x12, 0xD0, 0xA0, 0x7B, 0x12, 0xD3, 0xFA, 0xC8, 0x02, 0xC9, 0xF9, 0xE6, 0x31, 0x47, 0x73,
    0xFF, 0x06, 0x6C, 0x10, 0x6E, 0xFB, 0xD7, 0xE0, 0xB5, 0x50, 0x5C, 0x8A, 0xB7, 0xB1, 0xB1, 0x5E,
    0x6D, 0x5C, 0x3A, 0xC6, 0x86, 0x6F, 0xF8, 0x36, 0xED, 0xF9, 0x96, 0xF7, 0x55, 0x9C, 0x17, 0xDF,
    0x32, 0x3A, 0xA0, 0x29, 0x63, 0x59, 0x00, 0x8E, 0x52, 0x97, 0x5A, 0xFE, 0xCA, 0xDD, 0x7E, 0xCF,
    0x0D, 0xF5, 0xE4, 0xA6, 0x78, 0x7F, 0x35, 0xC1, 0xBE, 0x7D, 0xD5, 0xDD, 0xED, 0xEF, 0x74, 0xE7,
    0xA3, 0x27, 0xC7, 0xCD, 0x79, 0xB2, 0x78, 0x79, 0x6D, 0x2E, 0xD5, 0x66, 0x27, 0xC9, 0xF8, 0xE7,
    0x07, 0x89, 0xDA, 0x51, 0xB8, 0x2C, 0x6E, 0x5D, 0xB5, 0xEA, 0x20, 0x0D, 0x20, 0x67, 0xF0, 0x68,
    0x32, 0x7A, 0x3D, 0x61, 0x19, 0xB8, 0x59, 0x30, 0x8B, 0xEC, 0x0A, 0x74, 0xC2, 0x31, 0x68, 0x14,
    0x2D, 0xB9, 0x55, 0xFE, 0x05, 0x95, 0x2A, 0xCC, 0x57, 0xB0, 0xF7, 0x96, 0x63, 0xB8, 0xF7, 0x19,
    0x86, 0x1C, 0xC8, 0x0C, 0x84, 0xC1, 0x8C, 0xC2, 0x55, 0x99, 0x2A, 0x54, 0x18, 0x1B, 0x05, 0xFB,
    0xCF, 0xE0, 0x01, 0xAC, 0x10, 0x21, 0xCE, 0xC6, 0xBD, 0x88, 0x39, 0x3E, 0xE5, 0x88, 0x24, 0x93,
    0x91, 0xA8, 0xB6, 0xF8, 0xA3, 0xD8, 0xE2, 0x25, 0x78, 0x96, 0xCF, 0x8C, 0xF5, 0x87, 0x4F, 0x31,
    0xA6, 0x3E, 0x86, 0xF5, 0xF5, 0x70, 0x86, 0xB2, 0xC1, 0x1A, 0x12, 0x2D, 0x9A, 0x4A, 0x62, 0xCB,
    0x4C, 0xAD, 0xD7, 0x44, 0xE6, 0x42, 0xAF, 0xC0, 0x8B, 0x50, 0xC1, 0x4F, 0x39, 0xB6, 0x45, 0x89,
    0x41, 0x3B, 0x67, 0xD0, 0x0A, 0xCD, 0x65, 0x48, 0x9D, 0xBD, 0x37, 0x53, 0xE5, 0xB5, 0x51, 0x0F,
    0xEE, 0x64, 0x87, 0x6D, 0x34, 0x1D, 0x59, 0xCB, 0x26, 0xB2, 0x50, 0x65, 0xD6, 0x44, 0x0B, 0xAA,
    0x09, 0x4E, 0x3F, 0x1D, 0x8E, 0xA3, 0xF9, 0xD3, 0x0C, 0x0E, 0x03, 0x5B, 0xD5, 0xD0, 0xF1, 0xC7,
    0x28, 0x17, 0xC9, 0x40, 0xF5, 0x0F, 0x00, 0x58, 0x92, 0x75, 0xBB, 0xFC, 0x06, 0xC3, 0x86, 0xA4,
    0x8C, 0x82, 0x3B, 0xF4, 0x76, 0x73, 0x42, 0xFF, 0xE2, 0x2A, 0x6B, 0x1C, 0xE2, 0x59, 0x5E, 0x75,
    0xED, 0x46, 0xB9, 0x97, 0x44, 0x9B, 0x01, 0x66, 0x2C, 0x89, 0xA0, 0x18, 0x87, 0x1A, 0x1D, 0xBA,
    0x81, 0x8C, 0xC3, 0xC6, 0x46, 0x4E, 0xE4, 0x49, 0x15, 0xEB, 0xEE, 0x32, 0xAD, 0xE4, 0x9E, 0x70,
    0x26, 0x9E, 0xB2, 0x49, 0x89, 0x3A, 0x3D, 0x29, 0x8F, 0x0A, 0xCD, 0xCC, 0x45, 0x00, 0x49, 0xCB,
    0xC6, 0x20, 0x41, 0xEC, 0x14, 0x91, 0x26, 0xDD, 0x37, 0x8C, 0xE1, 0x34, 0x84, 0xA9, 0x67, 0x98,
    0x0D, 0x09, 0xDD, 0xFF, 0x2A, 0x60, 0x08, 0x47, 0x68, 0x37, 0x2C, 0x31, 0x53, 0xCB, 0x2A, 0xD3,
    0xA9, 0xCC, 0x11, 0xA3, 0x8E, 0xF4, 0xEE, 0x75, 0x4D, 0x94, 0xBE, 0x59, 0x4D, 0xD0, 0xBC, 0x2D,
    0x6E, 0x25, 0x8A, 0x06, 0xC8, 0xBA, 0x0A, 0x68, 0x5C, 0xF7, 0x0C, 0x75, 0x15, 0xB7, 0xD7, 0xBC,
    0x15, 0x16, 0x33, 0x86, 0x39, 0xF8, 0x25, 0xCC, 0x2C, 0xC6, 0x5E, 0x93, 0x18, 0x01, 0x63, 0xC7,
    0x69, 0x75, 0x0A, 0xE3, 0x29, 0x80, 0xBE, 0x19, 0xA7, 0x39, 0x31, 0xEA, 0x83, 0xED, 0x43, 0x08,
    0x9A, 0x57, 0x5E, 0x9D, 0x02, 0x34, 0x0F, 0xAE, 0xA0, 0xE3, 0x40, 0x5B, 0x5E, 0xC0, 0x74, 0x43,
    0x29, 0xCB, 0xB1, 0x46, 0x0F, 0x68, 0xFA, 0x3B, 0x58, 0x8F, 0x18, 0x5D, 0xC5, 0x0D, 0xFB, 0x88,
    0xE7, 0xA4, 0x57, 0x96, 0x40, 0x6A, 0xE9, 0x58, 0x6B, 0x75, 0x3E, 0xD2, 0xBE, 0x7B, 0x58, 0xAB,
    0x47, 0xDD, 0xEF, 0xD6, 0x91, 0x13, 0xD9, 0xA0, 0xAC, 0xF2, 0x1B, 0x75, 0xC5, 0x0C, 0x30, 0xDF,
    0x8D, 0xB4, 0x40, 0xB0, 0x0F, 0xC9, 0x2C, 0x87, 0xA1, 0x96, 0x5F, 0x40, 0xF2, 0x60, 0xDD, 0x61,
    0x30, 0xCA, 0xB7, 0xE0, 0xA8, 0x8E, 0x04, 0x3A, 0x57, 0xA8, 0x10, 0x01, 0x8C, 0x89, 0xBE, 0xE1,
    0xE5, 0x01, 0x08, 0xC8, 0xC0, 0x9A, 0x87, 0xBC, 0x88, 0xC3, 0x4A, 0xA1, 0x72, 0xA6, 0x50, 0x2E,
    0x2C, 0xA1, 0x88, 0xC5, 0x33, 0xA0, 0x73, 0x06, 0x3A, 0x86, 0x83, 0x4D, 0xF5, 0x61, 0x78, 0x0F,
    0x61, 0xFD, 0x7F, 0xB5, 0xA4, 0x30, 0x15, 0x54, 0x96, 0xC4, 0xFC, 0xC7, 0xD1, 0xD4, 0x11, 0x05,
    0x65, 0x39, 0x75, 0x09, 0xA6, 0x53, 0x36, 0xDC, 0x54, 0x3F, 0x98, 0x88, 0xB8, 0x87, 0x03, 0xBF,
    0x24, 0xB7, 0x22, 0xD8, 0x03, 0x35, 0x83, 0xA3, 0xE4, 0xFB, 0x31, 0x98, 0xB1, 0xA8, 0x97, 0xA1,
    0x20, 0x92, 0x4A, 0xC1, 0x03, 0x82, 0x34, 0x55, 0xA0, 0xB1, 0xA0, 0x00, 0x76, 0xF4, 0x42, 0x36,
    0x14, 0x95, 0x3B, 0xDF, 0x03, 0xF8, 0x9F, 0x99, 0x59, 0x01, 0x13, 0x2B, 0xDC, 0xB8, 0x26, 0x1D,
    0x98, 0x06, 0xF3, 0x1C, 0xF2, 0xF7, 0x7D, 0x09, 0x34, 0x46, 0xBD, 0x0E, 0x55, 0x4F, 0xEC, 0x9E,
    0x18, 0x3F, 0x53, 0xCA, 0xA1, 0xDF, 0x31, 0x9D, 0x7F, 0xE5, 0x2E, 0x62, 0x95, 0xCB, 0x36, 0x6E,
    0x7F, 0x12, 0x8D, 0xF9, 0x7B, 0xEE, 0xE4, 0x58, 0xBC, 0x36, 0xE3, 0x8D, 0xE7, 0x82, 0xBF, 0x98,
    0x08, 0xA4, 0x1F, 0xB1, 0x80, 0x22, 0x91, 0xCA, 0x24, 0x8B, 0x53, 0x6F, 0xDF, 0xCF, 0x7A, 0x4F,
    0x04, 0xD4, 0x7D, 0x3F, 0x99, 0x5F, 0x09, 0xA5, 0x7E, 0xBC, 0x02, 0x2B, 0x36, 0x8A, 0x10, 0x90,
    0xA2, 0xF1, 0xE6, 0x50, 0x26, 0x70, 0x0F, 0x32, 0x81, 0x01, 0xEF, 0x1D, 0x68, 0x85, 0x95, 0x27,
    0xB0, 0x20, 0xCC, 0x5A, 0x46, 0x3E, 0xF7, 0xFA, 0x62, 0xB6, 0x6F, 0x4A, 0xC3, 0x39, 0x09, 0x2F,
    0x6A, 0x98, 0x1D, 0x3F, 0xFA, 0x4C, 0xA7, 0xC0, 0x2B, 0xB3, 0x3E, 0x3E, 0xC4, 0x6C, 0x78, 0x5F,
    0x01, 0x58, 0xCB, 0xB8, 0x06, 0xB3, 0x65, 0xE7, 0x05, 0xAB, 0xCA, 0x54, 0xA1, 0x94, 0xF3, 0xC2,
    0x16, 0xAF, 0x11, 0x4F, 0xC5, 0x1D, 0xCD, 0xF2, 0x8A, 0x9E, 0x53, 0x13, 0xC0, 0x0D, 0xC3, 0x60,
    0x8A, 0x78, 0xC2, 0x12, 0x65, 0x67, 0xA1, 0xBF, 0xA3, 0x17, 0xDB, 0x1A, 0x68, 0xD7, 0x75, 0x2C,
    0x30, 0x75, 0x1D, 0xBD, 0xED, 0x8C, 0x69, 0x1A, 0x70, 0x4E, 0x1D, 0xD6, 0x6B, 0xE8, 0x37, 0x05,
    0x07, 0x3E, 0x50, 0x48, 0xB2, 0x62, 0xFC, 0x8D, 0xAE, 0x76, 0x40, 0xC3, 0x11, 0xC8, 0x4C, 0xC8,
    0xA9, 0x77, 0xD4, 0x76, 0x8E, 0x7E, 0x1D, 0x20, 0xFF, 0x65, 0xD8, 0x08, 0xAA, 0xB9, 0x08, 0x9D,
    0x00, 0x2F, 0x00, 0x3F, 0x90, 0xE1, 0x6B, 0x22, 0xEA, 0xF3, 0x13, 0x97, 0xC4, 0xB5, 0xA0, 0x25,
    0x94, 0x56, 0xB8, 0xB7, 0x31, 0x14, 0x74, 0x94, 0xDC, 0x45, 0x9E, 0x3E, 0xE2, 0x7E, 0x47, 0x8D,
    0xD8, 0x59, 0x82, 0x31, 0xDB, 0x91, 0x1B, 0xAC, 0xEF, 0xDB, 0x54, 0xC7, 0xB4, 0xE3, 0x32, 0x50,
    0x44, 0x27, 0x8B, 0xAF, 0xDF, 0xC7, 0x0C, 0x6A, 0xCB, 0x2C, 0x8D, 0x91, 0xF3, 0xFE, 0x7F, 0x84,
    0xCF, 0xFE, 0x5B, 0xD9, 0x64, 0xEE, 0xCE, 0x68, 0x3E, 0xFE, 0x25, 0x9F, 0xAF, 0xAE, 0x7D, 0x91,
    0x60, 0x59, 0x2D, 0x31, 0xDE, 0xE0, 0xE8, 0x18, 0x8E, 0xE0, 0x22, 0x00, 0xC6, 0x33, 0x80, 0x22,
    0xED, 0xD4, 0x67, 0xDD, 0xA5, 0xEF, 0x40, 0x67, 0x63, 0x30, 0xE0, 0x32, 0xF7, 0x51, 0xA3, 0xE2,
    0xA2, 0x0C, 0xF2, 0xC3, 0x38, 0xC9, 0xCA, 0x31, 0x0E, 0xF0, 0xFA, 0xF8, 0x3D, 0x9A, 0x8B, 0x17,
    0xFA, 0x0C, 0x7F, 0x46, 0xB4, 0x1E, 0x68, 0x50, 0xB5, 0x32, 0xAA, 0xAF, 0x2A, 0xB7, 0x4F, 0xD9,
    0xE6, 0xC0, 0xD8, 0x1D, 0xAD, 0x81, 0x2E, 0x4B, 0x8E, 0x35, 0x1B, 0xC5, 0xB1, 0xE2, 0xD3, 0xA2,
    0xD5, 0x04, 0x72, 0xF9, 0x08, 0x42, 0xE2, 0x0C, 0x72, 0x0D, 0xE2, 0x66, 0xBA, 0x0A, 0xB8, 0x3C,
    0xD1, 0xE5, 0x5D, 0x31, 0x30, 0xB7, 0xF6, 0x49, 0xA3, 0xFA, 0x8C, 0xFA, 0x02, 0x91, 0xD6, 0x91,
    0xC0, 0x8A, 0x08, 0xA8, 0x33, 0x2D, 0xE8, 0x7F, 0xFD, 0x30, 0x1F, 0x7E, 0xA3, 0xF0, 0xF4, 0xE1,
    0xE2, 0xB1, 0xFF, 0x0D, 0xBE, 0x8C, 0x9B, 0x05, 0x80, 0x29, 0x46, 0xD7, 0x2F, 0xA1, 0xD8, 0xDF,
    0xEC, 0x22, 0x08, 0x88, 0xF3, 0x6D, 0x1F, 0x4D, 0x54, 0x34, 0x57, 0x05, 0x34, 0xE9, 0x65, 0x77,
    0x0E, 0x86, 0xB6, 0x6E, 0x2F, 0x51, 0x1A, 0xF2, 0x83, 0xE2, 0xDB, 0x0B, 0xDB, 0xE2, 0xDB, 0x92,
    0x25, 0x28, 0xBE, 0xF8, 0xAF, 0x55, 0x68, 0xD1, 0x82, 0xCC, 0x0A, 0xCB, 0xF2, 0x1B, 0x85, 0x1D,
    0x1B, 0x45, 0x38, 0x09, 0xA1, 0x19, 0x9F, 0xD9, 0xC7, 0x1A, 0xD4, 0xBE, 0x68, 0xA6, 0x65, 0xB6,
    0x87, 0x1E, 0xE8, 0x46, 0xA2, 0xA2, 0x64, 0x7D, 0xA3, 0xC0, 0xB3, 0xE2, 0xA8, 0x97, 0x79, 0xC7,
    0x40, 0x15, 0x29, 0x54, 0x40, 0x5F, 0xAE, 0x78, 0x1F, 0x46, 0x8D, 0x46, 0xBA, 0x68, 0x8B, 0x0F,
    0xA0, 0xEC, 0xE3, 0x91, 0x78, 0xCA, 0x9D, 0x9B, 0x98, 0x43, 0x62, 0x94, 0xA9, 0x5D, 0x92, 0x79,
    0x56, 0x04, 0x58, 0xDE, 0x66, 0x3A, 0x56, 0x31, 0x0A, 0xD5, 0x4C, 0x5B, 0x85, 0xAD, 0xA2, 0xAE,
    0x91, 0x62, 0x83, 0x54, 0xEA, 0xC5, 0xE0, 0x3E, 0xBC, 0x1E, 0xB0, 0x86, 0x73, 0xCA, 0xDC, 0x4B,
    0xA4, 0xC0, 0x54, 0xB3, 0xDB, 0x9B, 0x70, 0x28, 0xEF, 0xB8, 0x37, 0xA8, 0x6D, 0x66, 0x9A, 0xC7,
    0xB2, 0xAB, 0xA9, 0x6A, 0x9F, 0x54, 0xAC, 0x30, 0x52, 0xEA, 0x25, 0xDE, 0xA6, 0x56, 0x2B, 0xB3,
    0xF3, 0x4B, 0x6A, 0x35, 0x94, 0xB5, 0xA3, 0xD3, 0x70, 0x96, 0x82, 0x98, 0x12, 0x62, 0xD4, 0x6F,
    0x41, 0x2B, 0x4F, 0x05, 0xEC, 0xD6, 0x07, 0x6E, 0x4C, 0xE6, 0x12, 0x4E, 0xFF, 0x3B, 0x40, 0x81,
    0x63, 0xBD, 0x39, 0x4E, 0xE7, 0x34, 0xEF, 0xE9, 0x84, 0xCA, 0x5B, 0xCC, 0x98, 0xAF, 0x2A, 0x95,
    0xAD, 0xF2, 0x16, 0x29, 0x78, 0x2E, 0x57, 0x1D, 0xC4, 0x35, 0x95, 0x71, 0x0D, 0xCC, 0x8E, 0x7F,
    0x3C, 0x63, 0x36, 0x51, 0xFF, 0x97, 0x2C, 0x01, 0x53, 0x82, 0x38, 0xB4, 0x7A, 0x5F, 0xB9, 0x86,
    0x41, 0x29, 0xF9, 0x2D, 0x94, 0x99, 0xCC, 0x54, 0x97, 0x90, 0xAA, 0x2E, 0xE1, 0xBC, 0x10, 0xF9,
    0x2D, 0xE5, 0x31, 0x27, 0x5B, 0x51, 0x21, 0x95, 0x5A, 0x0C, 0x9B, 0xC9, 0x11, 0x89, 0xBD, 0x47,
    0xB4, 0x53, 0xAE, 0x69, 0xC9, 0x3D, 0x4B, 0xDC, 0x1D, 0x1D, 0x30, 0xCB, 0x13, 0xAC, 0x0A, 0x9E,
    0x7E, 0xCC, 0xE0, 0x3A, 0xC4, 0x32, 0x79, 0x0F, 0x2C, 0x70, 0x66, 0x3C, 0x4A, 0x2B, 0xCC, 0xC6,
    0xDE, 0x60, 0xC4, 0x6C, 0x54, 0xAD, 0xC1, 0x47, 0xEB, 0x85, 0xC7, 0xCB, 0x69, 0x9B, 0x2B, 0x53,
    0xA3, 0x96, 0xCE, 0x91, 0x22, 0xB6, 0x94, 0x52, 0xED, 0xE3, 0xC1, 0xCF, 0x1A, 0xE2, 0xED, 0x12,
    0xA5, 0x0C, 0x9B, 0x5F, 0x6A, 0x30, 0x4F, 0x5B, 0xBD, 0xA2, 0x01, 0xE4, 0xBA, 0xFA, 0xD3, 0x4B,
    0x49, 0xEA, 0xCF, 0x2C, 0x25, 0x99, 0xBE, 0x60, 0x29, 0x49, 0xEE, 0x4B, 0x49, 0x58, 0x76, 0x0D,
    0x7D, 0xD5, 0x5B, 0x29, 0x89, 0xA1, 0xF7, 0x72, 0xB7, 0x2A, 0x30, 0xDF, 0xAD, 0x14, 0x4C, 0x2D,
    0x6B, 0xF2, 0x83, 0x65, 0xC6, 0x69, 0xF3, 0x38, 0x2E, 0x7F, 0xBA, 0xF5, 0xCA, 0xA4, 0xBE, 0xF0,
    0x30, 0x23, 0x55, 0xDD, 0x12, 0xA9, 0xD2, 0x1A, 0x6C, 0xBC, 0x52, 0x58, 0x71, 0x19, 0x32, 0x52,
    0xF9, 0x39, 0xBF, 0x1C, 0xB1, 0xF0, 0xB4, 0xAA, 0x39, 0x7C, 0x29, 0xF3, 0xF2, 0x74, 0x90, 0x79,
    0xE8, 0x0F, 0x65, 0x1E, 0x8A, 0x2F, 0x9B, 0x79, 0xF8, 0x2F, 0x6B, 0x82, 0x08, 0xE2, 0x6B, 0xA6,
    0x3D, 0xA2, 0xC5, 0xEC, 0x7B, 0xE3, 0x4E, 0xF9, 0x74, 0xD7, 0x59, 0xCC, 0x4B, 0xEC, 0x47, 0xC1,
    0xA8, 0x61, 0x1D, 0x09, 0xB6, 0x69, 0x9D, 0x7B, 0xCC, 0x14, 0x12, 0x71, 0xCC, 0xEA, 0x0D, 0x3F,
    0x7F, 0xE1, 0xC0, 0x09, 0x68, 0xF8, 0xFD, 0x9B, 0xC4, 0x5E, 0x05, 0x3D, 0x80, 0x93, 0x07, 0x85,
    0x03, 0xEA, 0x3E, 0x52, 0xE6, 0xAC, 0xFB, 0xEC, 0xC2, 0x81, 0x2F, 0x1B, 0xF5, 0x79, 0xE7, 0x25,
    0xB8, 0x06, 0x1F, 0xD3, 0x52, 0xCE, 0xC5, 0x41, 0xD4, 0x47, 0x90, 0xF2, 0x38, 0xC9, 0x1D, 0xAF,
    0x1F, 0x10, 0xF5, 0xC1, 0xE3, 0x2F, 0xB7, 0x4C, 0x24, 0x73, 0x19, 0x29, 0xDF, 0x61, 0xF5, 0x9E,
    0x9F, 0xAF, 0x50, 0xE0, 0xE1, 0x54, 0x3F, 0x46, 0x60, 0xD8, 0x57, 0x8E, 0xD6, 0x2C, 0x63, 0x18,
    0x7E, 0xBC, 0xB3, 0x9D, 0xA1, 0x95, 0xE1, 0xAB, 0x9B, 0x25, 0x27, 0x9D, 0xFA, 0x4D, 0x0F, 0x9D,
    0xC6, 0xE1, 0xAF, 0x2A, 0xDA, 0x4F, 0x2D, 0xDA, 0x64, 0x24, 0x93, 0x85, 0xAE, 0x51, 0xBB, 0x3B,
    0x38, 0xE5, 0xEB, 0x2C, 0x43, 0xA6, 0xE0, 0xC0, 0xA1, 0x6F, 0x3E, 0xE7, 0xB0, 0x77, 0x11, 0xFE,
    0x0F, 0x0F, 0x23, 0x7C, 0x70, 0xE1, 0xCC, 0x5F, 0x66, 0xBB, 0xEF, 0x8F, 0xF0, 0x27, 0x21, 0xFC,
    0x50, 0xB0, 0xA2, 0xF4, 0xC5, 0xAA, 0xC9, 0xC6, 0x0A, 0x6B, 0x31, 0xEE, 0x57, 0xD8, 0xD8, 0x63,
    0x87, 0xC8, 0x4D, 0x59, 0xD2, 0x56, 0x84, 0x78, 0xB2, 0xC4, 0xBC, 0x0C, 0x52, 0x6A, 0x05, 0xAE,
    0xEC, 0x45, 0x9E, 0xA6, 0x0A, 0x0C, 0xB5, 0xBD, 0x67, 0x5B, 0x1C, 0x2B, 0xC7, 0x94, 0x78, 0x13,
    0xE3, 0x3E, 0xC8, 0x81, 0x6B, 0x7A, 0x74, 0xFE, 0xD6, 0x16, 0xD4, 0x95, 0xF5, 0x99, 0x97, 0xAA,
    0x22, 0x0C, 0x69, 0x22, 0x35, 0x81, 0x9E, 0x9E, 0x72, 0xC1, 0x2F, 0x21, 0x85, 0x9D, 0x80, 0x37,
    0xD8, 0x1D, 0x5A, 0x89, 0x02, 0x04, 0xF9, 0x3B, 0x07, 0x27, 0x81, 0x21, 0x98, 0xB2, 0xC9, 0x6F,
    0x42, 0x53, 0xBC, 0x09, 0xF1, 0x7A, 0xF4, 0x02, 0xE5, 0x9B, 0x00, 0x5B, 0x36, 0x59, 0xC9, 0x63,
    0x96, 0xC7, 0x2D, 0x08, 0xE9, 0x5F, 0x48, 0xC1, 0xA6, 0x17, 0x9F, 0x78, 0x5A, 0x92, 0xD5, 0xDD,
    0x92, 0xAC, 0xF6, 0x69, 0x6C, 0x1F, 0x7E, 0x51, 0x35, 0x83, 0x77, 0x7D, 0x9B, 0x9D, 0x14, 0x4B,
    0xB5, 0x4D, 0xB1, 0x14, 0xEE, 0xED, 0xC1, 0x52, 0x2C, 0xC7, 0x95, 0x62, 0xC9, 0xCE, 0x35, 0xE9,
    0xFE, 0x5C, 0x34, 0xEB, 0x7F, 0x77, 0x90, 0x62, 0x99, 0x0F, 0xA5, 0x58, 0x9C, 0xDF, 0xA0, 0xC0,
    0x14, 0xCB, 0xDA, 0x52, 0x2C, 0x7F, 0xF5, 0x48, 0x34, 0xD6, 0x00, 0x4B, 0x57, 0x86, 0xFA, 0xE4,
    0x0D, 0xD8, 0xD0, 0xFA, 0x23, 0xA5, 0x58, 0x62, 0x10, 0x99, 0x29, 0x96, 0x6C, 0x58, 0x4D, 0xCB,
    0xAE, 0x83, 0xC8, 0x17, 0x50, 0x8E, 0x87, 0x93, 0xEB, 0xAF, 0xFA, 0xB7, 0xDE, 0x26, 0xEE, 0x56,
    0x59, 0x7E, 0x35, 0x85, 0xA9, 0x85, 0x2F, 0x4C, 0xFD, 0xA7, 0xC3, 0x85, 0xA9, 0xFD, 0xB2, 0x69,
    0x82, 0xE4, 0xFA, 0xB3, 0x72, 0x81, 0xC2, 0x04, 0xC9, 0x8C, 0x31, 0x85, 0xCE, 0x27, 0x88, 0x98,
    0x1C, 0x82, 0x39, 0x5D, 0x55, 0xD2, 0xF3, 0xDD, 0x6E, 0x72, 0x28, 0x50, 0x72, 0x68, 0x49, 0x10,
    0x15, 0x5D, 0x6D, 0x09, 0xA2, 0xE0, 0x18, 0xF9, 0x82, 0xCB, 0x92, 0x99, 0xC1, 0xFA, 0x6E, 0xB1,
    0x56, 0x6A, 0x2E, 0x59, 0x1C, 0xF6, 0x2F, 0x56, 0xB0, 0x99, 0x3F, 0x8C, 0x82, 0xCD, 0xE2, 0x50,
    0xC1, 0xE6, 0xB0, 0xC3, 0x5B, 0xE5, 0x4E, 0x81, 0x8C, 0x21, 0x00, 0x1F, 0x60, 0x38, 0x25, 0x10,
    0xBC, 0xE4, 0x8B, 0xEA, 0xCF, 0xCC, 0x17, 0x41, 0x08, 0xDF, 0x1C, 0x97, 0x7C, 0xD1, 0xAD, 0xDD,
    0x7C, 0x51, 0x67, 0x5C, 0xA1, 0xD6, 0x27, 0x8F, 0x30, 0xC8, 0xC7, 0xF1, 0x0E, 0x40, 0x7A, 0x54,
    0x65, 0x4E, 0x39, 0x31, 0xF2, 0x06, 0x22, 0x2B, 0xF5, 0x42, 0xDC, 0xFA, 0xDB, 0x22, 0x07, 0x62,
    0x7E, 0xF1, 0x57, 0xED, 0xCF, 0x41, 0xED, 0x5E, 0x5A, 0x35, 0xDB, 0x63, 0x1C, 0xE2, 0xE6, 0x1F,
    0x25, 0x50, 0xAA, 0x64, 0x02, 0x56, 0x15, 0x80, 0x13, 0x9C, 0xA9, 0x6D, 0xC3, 0xC2, 0xAC, 0xB2,
    0x2F, 0xF7, 0xA6, 0xCA, 0x47, 0x07, 0x5A, 0x25, 0x34, 0x43, 0x06, 0xCF, 0x3F, 0xFE, 0x44, 0x59,
    0xEA, 0x5C, 0xB9, 0x87, 0x9B, 0x5D, 0xCD, 0xBC, 0x12, 0xD9, 0x88, 0xA4, 0xC9, 0x95, 0xA9, 0x5E,
    0x11, 0x6F, 0xBD, 0x1A, 0x24, 0xEF, 0xE1, 0xD5, 0xFD, 0x1F, 0x06, 0x7B, 0xD7, 0xEE, 0xB9, 0xD3,
    0x63, 0x3C, 0xDD, 0xEA, 0xAA, 0xFC, 0xC3, 0x77, 0x61, 0x87, 0x5F, 0x05, 0xC2, 0x9D, 0xB8, 0x7D,
    0xCD, 0x6A, 0x4B, 0xB9, 0x0B, 0xA1, 0x1E, 0x83, 0xE4, 0x0E, 0x77, 0x43, 0xBE, 0x5B, 0x6F, 0x5E,
    0x76, 0xA7, 0xCA, 0x77, 0x5E, 0x9F, 0x5E, 0x76, 0xDC, 0xDE, 0x09, 0xEE, 0xA8, 0xC2, 0xFD, 0xFB,
    0xB2, 0x40, 0xD9, 0x13, 0xD9, 0x02, 0x7D, 0xDC, 0x76, 0x1C, 0xC4, 0x98, 0x51, 0xF5, 0x5F, 0x52,
    0xD6, 0xB3, 0xD8, 0x65, 0x81, 0x66, 0xF1, 0xE9, 0xC2, 0x65, 0x8E, 0x6D, 0x60, 0xC1, 0x19, 0xB1,
    0x80, 0x0A, 0xDF, 0xFE, 0x34, 0x16, 0x18, 0x01, 0xDA, 0x58, 0x33, 0xDA, 0x5B, 0x78, 0x8B, 0x52,
    0xF4, 0xA8, 0xFB, 0x47, 0x76, 0xDC, 0xC8, 0x5D, 0x4F, 0xC6, 0x50, 0xD1, 0xE0, 0x66, 0xEB, 0x3F,
    0xF7, 0xE6, 0x3F, 0xAF, 0xEE, 0xF6, 0x9F, 0xE3, 0x4F, 0xF7, 0x9F, 0xB5, 0xB8, 0xA1, 0x80, 0x1D,
    0x3C, 0x17, 0x2A, 0xA5, 0xF7, 0x47, 0xD6, 0x43, 0xCE, 0xC5, 0x53, 0xB0, 0x30, 0xF9, 0x55, 0x66,
    0x9B, 0xDB, 0x9F, 0x1E, 0x8F, 0x4C, 0x13, 0xC3, 0x53, 0x52, 0xF9, 0x9A, 0xF4, 0x5D, 0xFD, 0xD6,
    0xA8, 0x8C, 0x52, 0xB9, 0xDE, 0xD6, 0xDF, 0x59, 0x31, 0x5E, 0x28, 0x0C, 0x82, 0x95, 0xB4, 0x84,
    0x42, 0x6A, 0x5B, 0xAC, 0x4A, 0x31, 0x84, 0xCC, 0x4E, 0xC9, 0x54, 0x1E, 0x39, 0x5C, 0x5B, 0x07,
    0xB5, 0x19, 0x85, 0x56, 0x05, 0x18, 0x8F, 0x50, 0xB9, 0x67, 0x8E, 0x2D, 0x9C, 0x80, 0xE6, 0x56,
    0xEE, 0xCA, 0x06, 0xCE, 0x4F, 0xD7, 0x97, 0xED, 0xF0, 0x9B, 0xC7, 0xB3, 0xEE, 0x12, 0xBB, 0x2B,
    0xC4, 0x57, 0x6B, 0x5F, 0x3E, 0xA7, 0x3D, 0x48, 0xCA, 0xC9, 0x25, 0xD4, 0x22, 0x98, 0x29, 0x3D,
    0xD0, 0xD7, 0xA7, 0xEF, 0x31, 0xC4, 0xF7, 0x66, 0x95, 0x61, 0xB2, 0x4D, 0x8C, 0xD9, 0xB2, 0x70,
    0xA0, 0xA8, 0x3E, 0x4F, 0x25, 0xEF, 0xA7, 0xD5, 0xAB, 0xCA, 0xB8, 0x2C, 0x95, 0xBC, 0x1F, 0x3F,
    0xFF, 0xC2, 0x83, 0xEA, 0x55, 0xDB, 0xCF, 0xA8, 0x57, 0xDD, 0xAD, 0xE4, 0xBD, 0x4F, 0x59, 0x5C,
    0x7C, 0xFF, 0xB2, 0xB8, 0xBF, 0x58, 0x72, 0xA1, 0x47, 0x3F, 0x23, 0x17, 0xEA, 0xEE, 0x9F, 0x0B,
    0xCD, 0x0F, 0xE5, 0x42, 0x23, 0x15, 0x7F, 0xB7, 0x8B, 0x6F, 0x3F, 0x2E, 0xBE, 0xBD, 0xB6, 0x1D,
    0xFD, 0x96, 0x1F, 0xAD, 0x3D, 0xB9, 0x16, 0x7A, 0x09, 0x5C, 0x89, 0xEB, 0x6D, 0xBA, 0xA3, 0x91,
    0x8C, 0xA6, 0x80, 0x65, 0x55, 0x82, 0x59, 0xB2, 0x03, 0x7E, 0xCA, 0x4B, 0x29, 0xA0, 0xAF, 0x80,
    0x5E, 0x08, 0xB7, 0xD4, 0x40, 0x7B, 0xD2, 0x2D, 0xB4, 0x5B, 0xCA, 0xA0, 0x7D, 0x51, 0xE1, 0x42,
    0xBE, 0xA5, 0x12, 0xFA, 0x50, 0x63, 0x5D, 0xE0, 0x49, 0x18, 0x6C, 0xAB, 0xA1, 0x99, 0x28, 0x76,
    0x77, 0xB8, 0xBD, 0x75, 0xA6, 0xF1, 0xBE, 0xB2, 0x61, 0x39, 0xC5, 0x13, 0x24, 0xCC, 0x89, 0x86,
    0xDE, 0xF0, 0x8F, 0x28, 0x69, 0xBC, 0x3B, 0xA7, 0x5A, 0x74, 0xB3, 0x47, 0x0A, 0xA2, 0x09, 0x83,
    0x25, 0x8D, 0x51, 0x29, 0x92, 0xE1, 0x2F, 0x00, 0xB7, 0x7F, 0x4E, 0x27, 0x88, 0x04, 0x65, 0xD2,
    0xD8, 0xEA, 0x9C, 0x2B, 0x25, 0xD6, 0x25, 0xD6, 0x7E, 0x63, 0xA6, 0x45, 0x2E, 0xB6, 0x1B, 0x34,
    0x69, 0xE1, 0x2D, 0x77, 0x66, 0x36, 0x4F, 0xE8, 0xEC, 0x60, 0x87, 0x66, 0xA8, 0x8D, 0x4D, 0x03,
    0x39, 0x5F, 0x7B, 0xA3, 0xB4, 0x8F, 0x53, 0xF5, 0x8C, 0x8A, 0x35, 0x59, 0x63, 0x35, 0x43, 0xA9,
    0x2C, 0x1D, 0x5D, 0x97, 0x9B, 0x90, 0xDE, 0xBE, 0x01, 0x3A, 0x26, 0x05, 0x69, 0xDD, 0x80, 0x8D,
    0x4C, 0xFD, 0x86, 0x3E, 0x74, 0xE0, 0xA0, 0xC8, 0x5D, 0x53, 0x7C, 0xA0, 0x2A, 0xE0, 0xD0, 0x43,
    0x93, 0xD4, 0xDB, 0xF7, 0xD2, 0x2C, 0x79, 0xEC, 0x43, 0x99, 0x06, 0x02, 0x6C, 0x06, 0x56, 0x80,
    0xBF, 0x58, 0xF8, 0xB0, 0x7E, 0x5A, 0xB1, 0xF9, 0x8F, 0x2C, 0x8B, 0x20, 0xC7, 0x8D, 0x65, 0xB1,
    0x81, 0x72, 0xDA, 0x1C, 0xB9, 0xCA, 0x05, 0x48, 0x3D, 0x46, 0x8A, 0x54, 0xFB, 0x46, 0x5F, 0x83,
    0x39, 0x5C, 0x5C, 0x40, 0x34, 0x0A, 0x60, 0x4B, 0x17, 0x93, 0x99, 0x38, 0x90, 0xFA, 0x24, 0x3D,
    0x98, 0xF2, 0xEA, 0x2C, 0xBE, 0xE3, 0xD7, 0x29, 0x71, 0x62, 0x1F, 0xF9, 0xAE, 0x83, 0x83, 0x7C,
    0x69, 0xDD, 0x6C, 0xAB, 0xBE, 0x6C, 0x44, 0xC7, 0xCC, 0xF4, 0x3D, 0x17, 0x6C, 0xEB, 0xC4, 0x42,
    0x77, 0xDD, 0x76, 0x1A, 0x53, 0xDC, 0xF3, 0x2E, 0xBB, 0x49, 0xFA, 0x46, 0x8A, 0x6D, 0x56, 0x56,
    0xD6, 0x9B, 0x31, 0x93, 0x3F, 0xAB, 0x68, 0xDD, 0x31, 0xB1, 0x36, 0x66, 0xD0, 0xA5, 0xDC, 0x6A,
    0x0B, 0x40, 0x97, 0x0F, 0xF9, 0x90, 0x4E, 0x11, 0x94, 0x6F, 0x85, 0xEF, 0xFA, 0xA2, 0x67, 0x02,
    0x94, 0x65, 0xBD, 0x2D, 0x31, 0x67, 0x3A, 0xCB, 0xDB, 0xAC, 0x61, 0xA4, 0x12, 0xDC, 0x53, 0x13,
    0x84, 0xC3, 0x0A, 0x7C, 0x3F, 0x70, 0x6F, 0xB9, 0x39, 0x93, 0x9B, 0x40, 0xA4, 0x5E, 0xDF, 0x56,
    0x44, 0x7E, 0x58, 0x9C, 0x1E, 0x28, 0xF1, 0x8A, 0x09, 0x1B, 0xF8, 0xCA, 0xE9, 0x2D, 0x16, 0xDB,
    0x5C, 0xC5, 0x70, 0xCA, 0x2B, 0x33, 0xC0, 0x9C, 0x9E, 0xCE, 0x4F, 0xC5, 0x7B, 0xEE, 0xE9, 0xB1,
    0x50, 0xF4, 0x1B, 0x4F, 0x7D, 0x7E, 0xC3, 0xD5, 0x5D, 0xDA, 0x73, 0x27, 0xDD, 0x54, 0xBA, 0xFF,
    0x68, 0x9E, 0xD6, 0xB1, 0x99, 0x2C, 0xFE, 0xB0, 0x4B, 0xC7, 0x8F, 0x1C, 0x2A, 0x1D, 0xAF, 0x58,
    0x3A, 0x3E, 0xA8, 0x74, 0xFC, 0x77, 0xE5, 0x6E, 0xE9, 0xB8, 0x07, 0x83, 0x2A, 0xA7, 0xCC, 0x79,
    0x6B, 0xD6, 0xF8, 0xFD, 0xEA, 0x7E, 0x73, 0xEA, 0x7D, 0xEA, 0x02, 0x36, 0x0F, 0xAC, 0x0B, 0xD8,
    0x1C, 0xAE, 0x0B, 0x20, 0xB5, 0x9E, 0xB0, 0xD6, 0x01, 0xE8, 0xD8, 0x34, 0xE3, 0x06, 0x6C, 0xF7,
    0x2B, 0xA9, 0x58, 0xCF, 0xEE, 0x5F, 0xB1, 0xCE, 0xED, 0xE8, 0x16, 0x38, 0xEA, 0xB7, 0xEA, 0xB5,
    0xDC, 0x02, 0x75, 0x05, 0x31, 0x88, 0xD0, 0xBF, 0x40, 0x05, 0xC3, 0x46, 0x15, 0x0C, 0xD3, 0x03,
    0x2B, 0x18, 0x06, 0xAB, 0x60, 0x38, 0xA3, 0x0A, 0x86, 0xF9, 0x8F, 0xCA, 0xEB, 0xCE, 0xAC, 0x60,
    0xF0, 0xB2, 0x58, 0xEC, 0x6A, 0xFA, 0x62, 0xBD, 0x13, 0xE1, 0xB9, 0x64, 0xFE, 0xC2, 0x02, 0xBD,
    0x6A, 0xD7, 0xD7, 0xDC, 0x0F, 0xFD, 0x8C, 0x03, 0xA0, 0xA7, 0x36, 0xA4, 0xFC, 0x73, 0x3B, 0x5D,
    0xC1, 0xBA, 0x46, 0x55, 0x66, 0x5F, 0x26, 0x8C, 0x9D, 0xE8, 0x08, 0x17, 0x1F, 0x0D, 0xF2, 0xEF,
    0xC5, 0x4F, 0x02, 0x24, 0x62, 0x99, 0xF9, 0x60, 0x7B, 0xE6, 0xB8, 0x65, 0x1C, 0x7F, 0x5A, 0xC4,
    0x7A, 0x21, 0xA1, 0x41, 0x75, 0x2B, 0xA4, 0xE3, 0x6D, 0x47, 0x01, 0x7D, 0x36, 0x8A, 0x63, 0x3F,
    0x06, 0xDF, 0xBA, 0xB7, 0x30, 0xB6, 0x52, 0x8A, 0x8A, 0x62, 0x17, 0xEF, 0x8F, 0x3E, 0x88, 0x9D,
    0xDF, 0xE9, 0x7D, 0x0C, 0x3B, 0x25, 0xD9, 0x53, 0xAB, 0x19, 0x58, 0xFB, 0x08, 0xB6, 0x3D, 0x8D,
    0xCB, 0xD3, 0x41, 0x24, 0x48, 0x89, 0x13, 0x85, 0xEE, 0xF3, 0xC5, 0x92, 0x1F, 0x9E, 0x6B, 0x7C,
    0x68, 0xAE, 0xD9, 0x10, 0xCB, 0xDC, 0xA2, 0x61, 0xCC, 0x95, 0x67, 0x0F, 0x7C, 0x38, 0x2E, 0x73,
    0x2D, 0xAC, 0xFE, 0xD1, 0x4A, 0xF3, 0x6D, 0xEB, 0xFB, 0xB8, 0x28, 0x41, 0x4D, 0xFB, 0x41, 0x73,
    0xF5, 0x27, 0x12, 0x70, 0x07, 0x43, 0xDA, 0x6A, 0xAE, 0x3F, 0xDE, 0x9D, 0x6B, 0xCD, 0xB9, 0xD2,
    0x78, 0xBF, 0x4F, 0x77, 0xF6, 0x16, 0x27, 0xFC, 0xC7, 0x83, 0xB9, 0x6E, 0xFC, 0x5C, 0xB5, 0x81,
    0x6F, 0x3B, 0x57, 0xD9, 0x5F, 0x2B, 0x41, 0xFF, 0xD4, 0xB9, 0x7E, 0x5B, 0xF6, 0x0A, 0xC8, 0x41,
    0xCD, 0xCC, 0x5E, 0xB8, 0x9D, 0x10, 0xA3, 0x3C, 0x6E, 0x0B, 0xEF, 0x49, 0x8A, 0xBF, 0x54, 0xF1,
    0x48, 0xA9, 0xE2, 0x91, 0x7E, 0x29, 0x1E, 0x89, 0x59, 0x3C, 0x12, 0x52, 0x05, 0xC9, 0xD9, 0x13,
    0xE3, 0x0B, 0x7C, 0xE8, 0x29, 0x69, 0x77, 0xF8, 0x9F, 0xDA, 0xE2, 0x13, 0x05, 0x43, 0x59, 0xD6,
    0x3E, 0xE6, 0x57, 0x5C, 0xDC, 0xC1, 0xFD, 0xEC, 0x01, 0x28, 0xC9, 0x17, 0x91, 0x8B, 0x37, 0x2C,
    0x49, 0x2A, 0x37, 0xA7, 0x22, 0x67, 0xBA, 0x41, 0x96, 0x42, 0xD1, 0xB7, 0xC0, 0x6A, 0xAB, 0xB7,
    0x27, 0x62, 0x58, 0xFD, 0x79, 0xE0, 0x4B, 0xD6, 0x2D, 0xE6, 0x5A, 0x59, 0xA1, 0xB6, 0x9D, 0x6B,
    0xE1, 0xCB, 0x00, 0x7C, 0x85, 0x6C, 0xB0, 0xDB, 0x22, 0x73, 0x0A, 0x93, 0xB5, 0xE8, 0x5A, 0xAB,
    0xBA, 0x10, 0x16, 0xF7, 0x58, 0x66, 0xA9, 0x07, 0x3A, 0xF0, 0x27, 0x4D, 0xA6, 0x6D, 0x46, 0x5B,
    0x79, 0xD7, 0x54, 0x13, 0x67, 0x2D, 0xAC, 0x83, 0xE5, 0x5E, 0x3D, 0x7E, 0x86, 0xC5, 0x07, 0x6D,
    0x89, 0xD8, 0xEE, 0x9F, 0x92, 0x4A, 0x1F, 0x90, 0xC1, 0xA2, 0xC6, 0x61, 0xD4, 0xBF, 0x4A, 0xE6,
    0xDA, 0xFD, 0x57, 0xB2, 0x5E, 0x97, 0xEC, 0xA7, 0xFB, 0x3E, 0x0A, 0xA1, 0x15, 0xD4, 0x46, 0x0B,
    0xE1, 0x49, 0x59, 0x8F, 0x6A, 0x51, 0x2D, 0x7F, 0xEA, 0x3E, 0x8B, 0xE2, 0x4B, 0xEE, 0xB3, 0xD8,
    0x7C, 0x96, 0x2A, 0xFE, 0x94, 0xE2, 0x9E, 0xEE, 0x53, 0x8A, 0x7B, 0xCE, 0x60, 0x25, 0x2F, 0x2E,
    0xC5, 0x3D, 0x66, 0xCD, 0x0A, 0xBF, 0x06, 0x85, 0x57, 0xA9, 0xBF, 0xF1, 0x53, 0x06, 0x5A, 0x7A,
    0xD7, 0x8D, 0x25, 0x5C, 0xDF, 0x8D, 0xE2, 0x3B, 0x9A, 0xF2, 0x8F, 0x48, 0xC1, 0xEC, 0x24, 0x80,
    0xC0, 0x1B, 0xAF, 0xCF, 0x70, 0x58, 0x6F, 0xF2, 0x9B, 0xA1, 0xC6, 0x94, 0x8F, 0x33, 0xBC, 0xF6,
    0x92, 0xD3, 0x51, 0x2C, 0xB3, 0xAF, 0x77, 0xAD, 0x47, 0x62, 0x96, 0xE3, 0x12, 0xAD, 0x93, 0x74,
    0x3D, 0x70, 0x0F, 0xAB, 0x99, 0xD1, 0xDB, 0x28, 0x73, 0x6C, 0x67, 0x9B, 0x70, 0x74, 0xE8, 0x07,
    0x73, 0x0A, 0xA0, 0xD1, 0xB0, 0x8A, 0xC7, 0x08, 0x41, 0x09, 0x92, 0x92, 0xF1, 0x7F, 0xE0, 0xB3,
    0x97, 0x00, 0x8A, 0x3E, 0xB9, 0x05, 0x53, 0x5F, 0x96, 0x4D, 0xFA, 0x47, 0xEB, 0xA2, 0x0A, 0x1D,
    0x55, 0xF8, 0x2B, 0x64, 0xD1, 0x77, 0xD1, 0xCA, 0xBE, 0x54, 0xF9, 0x9D, 0x56, 0x85, 0x2F, 0x0A,
    0x0A, 0xEC, 0x84, 0x20, 0xEF, 0x09, 0x5B, 0x1E, 0x63, 0x89, 0x66, 0x2D, 0x45, 0xEA, 0x0F, 0x0C,
    0xC2, 0x88, 0x9F, 0x12, 0x50, 0xA4, 0x82, 0xA9, 0x2C, 0x4A, 0x38, 0xF9, 0x90, 0xE1, 0xB8, 0x00,
    0xCF, 0xED, 0x37, 0xB3, 0xED, 0xD3, 0x50, 0x32, 0xAE, 0x76, 0xB7, 0x78, 0xEE, 0x07, 0xF0, 0x65,
    0xBB, 0xCD, 0x1B, 0x1F, 0xE1, 0xBC, 0x93, 0xA5, 0x6B, 0x69, 0x36, 0x4E, 0xFA, 0x21, 0xE7, 0x8D,
    0x83, 0xE7, 0x25, 0x3A, 0xA5, 0xB8, 0x05, 0xF2, 0xDF, 0x85, 0xB0, 0xBA, 0xBF, 0x77, 0xC0, 0x78,
    0xF9, 0x00, 0x5C, 0x01, 0x50, 0x07, 0x18, 0x7D, 0x9E, 0x05, 0xF8, 0x89, 0xCB, 0x5B, 0xD6, 0x7B,
    0x8C, 0x35, 0x6B, 0x29, 0xEA, 0xCE, 0xB6, 0x92, 0x48, 0x57, 0xB0, 0xA2, 0xC9, 0x3D, 0xFF, 0xFC,
    0xF3, 0xCF, 0x2E, 0xBA, 0xCD, 0x0E, 0x50, 0xF0, 0x52, 0xEA, 0xFD, 0xAD, 0x8C, 0xC1, 0xAA, 0x40,
    0xC8, 0xE4, 0x6F, 0x84, 0x89, 0x32, 0x9F, 0xBF, 0x94, 0xA7, 0xE8, 0x46, 0x8B, 0x27, 0xF2, 0xD2,
    0x3D, 0x2B, 0x66, 0x97, 0xE5, 0x2C, 0xDD, 0xE5, 0x31, 0xEE, 0xDD, 0x8B, 0x7D, 0x79, 0xD6, 0x95,
    0x57, 0xA0, 0xD1, 0xA6, 0x7C, 0x53, 0xBF, 0xD3, 0xB9, 0x17, 0xE6, 0xF4, 0x1A, 0x0F, 0x1F, 0x71,
    0x4A, 0x5B, 0xFF, 0xF3, 0x12, 0x72, 0x1F, 0x83, 0xEF, 0x71, 0x91, 0x3A, 0x26, 0xE5, 0x9A, 0xC0,
    0x9D, 0x9D, 0x7D, 0x98, 0xC0, 0x07, 0x45, 0xBF, 0xD6, 0xC9, 0x7A, 0x83, 0xF1, 0x6F, 0x74, 0xFA,
    0x50, 0xAC, 0xC9, 0xFE, 0x83, 0x81, 0x24, 0x0B, 0xC1, 0x98, 0x99, 0x29, 0x0D, 0x98, 0x17, 0xCD,
    0x4E, 0x6C, 0xD0, 0x1B, 0x02, 0x1F, 0xE0, 0x34, 0x6D, 0xE6, 0x43, 0x51, 0x0F, 0x95, 0x28, 0xBD,
    0x47, 0xA4, 0x4A, 0x48, 0xA4, 0xCD, 0x6E, 0x96, 0x29, 0xD9, 0x49, 0xD4, 0x3D, 0xBC, 0xA3, 0x90,
    0xB6, 0xFB, 0xCE, 0x79, 0xA8, 0x42, 0xD4, 0xF8, 0x03, 0x5B, 0xFE, 0xD6, 0x6B, 0xED, 0xD7, 0xBA,
    0x45, 0x55, 0x06, 0xBB, 0xD5, 0x20, 0xDB, 0xC7, 0x73, 0xFE, 0xD0, 0x99, 0x02, 0x66, 0x11, 0xFE,
    0x06, 0x5D, 0xEB, 0x8C, 0x3F, 0x6D, 0xE2, 0x14, 0x44, 0x86, 0x98, 0xBD, 0xB8, 0x81, 0x6F, 0x7C,
    0x93, 0x7E, 0x13, 0x1C, 0x51, 0x69, 0xBC, 0x3A, 0x72, 0x2B, 0x3B, 0x93, 0x28, 0x1D, 0x2D, 0xFB,
    0xD2, 0x95, 0x1B, 0x91, 0x39, 0x7D, 0xCF, 0x3D, 0x63, 0x29, 0xD3, 0x0F, 0xA7, 0xDA, 0x33, 0x86,
    0xC5, 0x03, 0xC3, 0x65, 0x8F, 0x94, 0x1D, 0xB1, 0x40, 0x3A, 0xBE, 0x70, 0x5B, 0x9F, 0xE4, 0x43,
    0x7D, 0xD5, 0x82, 0xF9, 0xE7, 0x9C, 0x50, 0x48, 0x36, 0x2A, 0x57, 0xAC, 0x33, 0x15, 0x3A, 0x15,
    0x65, 0x71, 0xA7, 0x37, 0xF5, 0x84, 0xB2, 0xD7, 0xD0, 0x50, 0x25, 0x3C, 0x25, 0xC0, 0x5A, 0x30,
    0x58, 0x9F, 0x3A, 0xE0, 0x6F, 0xCD, 0xE9, 0x88, 0x27, 0x42, 0x9F, 0xDA, 0xD4, 0xCF, 0xEA, 0xD3,
    0xC8, 0xBA, 0x37, 0xAD, 0xBE, 0xC5, 0xA4, 0xDF, 0xF0, 0x5E, 0x81, 0x2F, 0x14, 0xAE, 0x0D, 0x1E,
    0xB0, 0xBF, 0xFE, 0x50, 0xAC, 0x8E, 0x50, 0x66, 0x4E, 0x0C, 0x84, 0xD5, 0xA2, 0x58, 0x6A, 0x78,
    0xC0, 0x38, 0x49, 0xE7, 0x8B, 0x68, 0x2B, 0x8E, 0x53, 0x8A, 0xD2, 0x39, 0x7F, 0x22, 0x91, 0x61,
    0x4D, 0x0B, 0xDA, 0x9A, 0x8F, 0x6B, 0xBB, 0x43, 0xCD, 0xD5, 0xCE, 0x87, 0x2D, 0xE9, 0x3E, 0x2B,
    0x68, 0xBB, 0xF1, 0x41, 0x5B, 0x46, 0xED, 0x98, 0x10, 0x7D, 0x9D, 0x26, 0x9F, 0xB1, 0x0C, 0xB8,
    0x5F, 0x58, 0x46, 0x46, 0x73, 0x5A, 0x40, 0x81, 0xDE, 0x6F, 0x93, 0x75, 0x3E, 0x93, 0x5D, 0xDB,
    0x86, 0x79, 0xC5, 0x2A, 0xBE, 0xF4, 0x6E, 0xFF, 0xF6, 0xC1, 0xBB, 0xFD, 0xAB, 0xBB, 0x76, 0xFB,
    0x47, 0xDA, 0xE6, 0xF7, 0x44, 0xB6, 0xDD, 0xED, 0xCF, 0x9D, 0x59, 0x9B, 0x23, 0xE8, 0x5E, 0xBB,
    0xFD, 0x47, 0xDB, 0xED, 0xDF, 0xED, 0x28, 0x0D, 0xAF, 0x48, 0x0C, 0x64, 0x86, 0xE3, 0x41, 0x41,
    0xF5, 0x57, 0xB1, 0x69, 0xC1, 0x69, 0xD3, 0x42, 0x7F, 0x70, 0x9C, 0xCE, 0x78, 0xA0, 0xC4, 0xE4,
    0x67, 0x85, 0xEB, 0xAF, 0x7F, 0x77, 0x7F, 0x73, 0xEF, 0xEE, 0x7E, 0xCC, 0xA2, 0x66, 0x31, 0xD8,
    0x7A, 0x65, 0x35, 0xA2, 0x07, 0x47, 0x5D, 0xF9, 0x88, 0x4E, 0x6A, 0x1C, 0xA4, 0x58, 0xC9, 0xCA,
    0x67, 0x08, 0xE6, 0x03, 0x81, 0x64, 0x68, 0xF0, 0x0D, 0x62, 0xC7, 0x9F, 0xCD, 0xDA, 0x30, 0xC5,
    0xAD, 0x4F, 0xF2, 0x45, 0x33, 0x05, 0x63, 0x14, 0xF6, 0x62, 0xD4, 0x4B, 0x41, 0x2F, 0xC6, 0xBC,
    0x14, 0xF2, 0x62, 0xC4, 0x2B, 0xDA, 0xDE, 0x30, 0xFA, 0x1B, 0xBC, 0x73, 0x5D, 0xF8, 0x12, 0x31,
    0xA5, 0xD0, 0xC9, 0x47, 0x24, 0xFD, 0x97, 0xA2, 0x55, 0xF8, 0x79, 0x68, 0x15, 0xDF, 0x4D, 0xAB,
    0x43, 0x4D, 0x1C, 0x75, 0xFF, 0x78, 0xA4, 0xFE, 0xF8, 0x9E, 0x93, 0x10, 0xB6, 0x87, 0x25, 0xF9,
    0x6D, 0xC5, 0xED, 0x4E, 0xE0, 0xD4, 0x7B, 0xD5, 0x8F, 0xAC, 0x1F, 0xF6, 0x5E, 0x12, 0xB7, 0x2D,
    0x81, 0xE8, 0x7C, 0x49, 0x94, 0x92, 0x7D, 0x47, 0xD6, 0x5F, 0xE3, 0xFE, 0xE5, 0x48, 0x4A, 0xCC,
    0x20, 0xE1, 0xD6, 0xC5, 0x4C, 0xB6, 0xEE, 0x94, 0xD1, 0xE3, 0xB8, 0x15, 0xCD, 0xCF, 0x6E, 0x28,
    0xDE, 0xAB, 0x5B, 0xE8, 0x7D, 0xD6, 0x49, 0x65, 0xF0, 0x0C, 0xEB, 0x06, 0x26, 0x23, 0x9A, 0xD2,
    0x21, 0xED, 0x4B, 0x96, 0x12, 0x4A, 0xAB, 0x59, 0x0D, 0x97, 0x02, 0x3B, 0xD4, 0x5B, 0xAA, 0xF9,
    0xA5, 0xA5, 0x58, 0xCB, 0x24, 0xE7, 0x96, 0xA4, 0x8B, 0x9A, 0xE0, 0x21, 0x1D, 0xE0, 0x11, 0x02,
    0xC8, 0x53, 0xD1, 0xC5, 0xB7, 0x31, 0xAC, 0x43, 0x07, 0x78, 0xEC, 0xFB, 0x03, 0x3C, 0xDC, 0x72,
    0x80, 0xC7, 0xB9, 0xBB, 0x0F, 0xF0, 0x40, 0x63, 0xDD, 0xC1, 0x01, 0x1E, 0x62, 0x8F, 0x67, 0xDD,
    0xE5, 0x7A, 0x1F, 0x64, 0xBC, 0x3A, 0xE5, 0x6E, 0xF6, 0x07, 0x78, 0x0C, 0x87, 0x73, 0xB3, 0xDE,
    0x90, 0x2D, 0xD5, 0xA3, 0xDE, 0x31, 0xF3, 0x6A, 0x49, 0x07, 0xC9, 0x7D, 0x9D, 0x5B, 0x9C, 0x5C,
    0x73, 0x4F, 0xE8, 0x27, 0xB3, 0x68, 0xD0, 0x66, 0x07, 0x9B, 0x10, 0xA9, 0xE8, 0x10, 0xC5, 0x76,
    0xD9, 0x8B, 0xEF, 0x6B, 0x21, 0xB2, 0x43, 0xB5, 0x10, 0xF7, 0x56, 0x4C, 0xF4, 0x92, 0xDF, 0xDC,
    0xA3, 0x9E, 0xCD, 0x0E, 0xEA, 0xB1, 0x86, 0xA7, 0x90, 0xAE, 0xCA, 0x1C, 0x49, 0xB6, 0xED, 0x6C,
    0x37, 0xAB, 0xE2, 0xBA, 0xE7, 0xC8, 0xD3, 0x2F, 0x73, 0x0C, 0x59, 0xF2, 0x50, 0x8E, 0x21, 0x53,
    0x89, 0x53, 0xD6, 0xFC, 0x02, 0xAB, 0x9F, 0x05, 0x96, 0xEE, 0xDD, 0xF3, 0x8B, 0xF8, 0x70, 0x37,
    0xAD, 0x86, 0x3D, 0x29, 0x11, 0xB3, 0x58, 0x1E, 0xCF, 0xDA, 0xBC, 0xAD, 0xBF, 0xED, 0xF3, 0x43,
    0x8F, 0x23, 0xEB, 0x83, 0x93, 0x08, 0x77, 0x68, 0x63, 0x36, 0xC7, 0x68, 0x63, 0x54, 0xC9, 0xEC,
    0x28, 0xC1, 0x37, 0x3F, 0xE5, 0x88, 0xB6, 0xF4, 0x4B, 0xD0, 0x66, 0xC5, 0x33, 0xB5, 0xCA, 0x2B,
    0x13, 0x13, 0x64, 0x1B, 0xFD, 0xA1, 0x4F, 0xB6, 0x8F, 0x4C, 0xBB, 0x3C, 0x5C, 0xC5, 0xBD, 0x46,
    0x9C, 0x73, 0xC0, 0x78, 0x3D, 0x9D, 0x30, 0xEE, 0x24, 0x96, 0x45, 0x50, 0x4D, 0x91, 0xA7, 0x0D,
    0x89, 0xE4, 0xBD, 0x36, 0x10, 0xB3, 0xA7, 0xFB, 0xFA, 0x1F, 0xA8, 0xB6, 0xBB, 0x63, 0xFB, 0xF2,
    0xD0, 0x74, 0x5C, 0x99, 0x1D, 0xE7, 0xE9, 0x96, 0xE3, 0x2F, 0xAC, 0x96, 0x80, 0x1B, 0x8D, 0x26,
    0xCF, 0xB0, 0xA9, 0x42, 0x42, 0xF5, 0x46, 0x20, 0xB9, 0xBC, 0x66, 0x72, 0xC7, 0x6D, 0x77, 0x85,
    0x68, 0x93, 0x8E, 0x12, 0x41, 0x96, 0x92, 0x5C, 0x12, 0xC7, 0xA5, 0xCE, 0xCE, 0xF7, 0x0C, 0x7D,
    0x7A, 0x88, 0xA7, 0x4D, 0x36, 0x06, 0x78, 0x79, 0xC0, 0x98, 0x42, 0x9F, 0x8F, 0xD0, 0x5E, 0x7B,
    0x84, 0x05, 0x0B, 0x05, 0x4B, 0xC1, 0xFD, 0x06, 0xD4, 0x8D, 0x89, 0xCE, 0x19, 0x60, 0xC9, 0xB5,
    0xE7, 0xFF, 0x5C, 0xA7, 0x93, 0x38, 0x25, 0x35, 0xC7, 0x95, 0x79, 0x75, 0x78, 0xB9, 0x68, 0x18,
    0x83, 0x55, 0x65, 0xC5, 0x9C, 0x41, 0xB3, 0x73, 0x67, 0x40, 0xAC, 0x6C, 0x2A, 0x27, 0xFC, 0x14,
    0xF7, 0x4B, 0x14, 0xD7, 0x58, 0x7A, 0xCD, 0xB2, 0x51, 0x98, 0x08, 0xB7, 0xBF, 0x6C, 0x9D, 0x66,
    0x71, 0x5C, 0xC0, 0xAD, 0x2F, 0x6D, 0xF0, 0x1B, 0xC5, 0x61, 0x5E, 0x49, 0xD0, 0x76, 0x50, 0x03,
    0xE1, 0xBA, 0xDB, 0xCC, 0x5E, 0x7E, 0xC8, 0xBC, 0x52, 0x5D, 0x95, 0xC3, 0x16, 0x4F, 0x27, 0x5D,
    0xBA, 0xE6, 0xF2, 0x36, 0xBE, 0xFC, 0x30, 0xB3, 0xBA, 0xFE, 0xEA, 0x1B, 0x3E, 0x4B, 0x98, 0xB8,
    0x07, 0x0B, 0xF6, 0x04, 0x14, 0xE8, 0x6F, 0x83, 0x44, 0x67, 0xE6, 0x54, 0x3E, 0x8A, 0xB5, 0xD6,
    0x0E, 0x8D, 0xFA, 0x24, 0x0B, 0x2D, 0x06, 0x6E, 0x23, 0xE6, 0x06, 0x8D, 0xAC, 0x07, 0x6C, 0xB8,
    0xC3, 0x4A, 0xCD, 0x41, 0xFB, 0x33, 0xC0, 0x63, 0xDF, 0xC7, 0xEF, 0xCF, 0xB9, 0x91, 0x98, 0xDB,
    0x33, 0xE0, 0xAD, 0xB6, 0x2A, 0x1F, 0x52, 0x86, 0x89, 0x09, 0x25, 0xED, 0x5B, 0xC1, 0xB5, 0x50,
    0xED, 0x19, 0xF3, 0x86, 0xD0, 0xAF, 0xA0, 0xDF, 0xE3, 0x3A, 0x09, 0x62, 0x09, 0xC5, 0x66, 0xE3,
    0x36, 0xF3, 0x93, 0x8D, 0x5B, 0x7F, 0x35, 0x1F, 0x75, 0xF8, 0xDC, 0x39, 0x1D, 0x0F, 0x51, 0x70,
    0xB5, 0x54, 0x28, 0xCB, 0x33, 0x4A, 0x55, 0x33, 0x1B, 0xF1, 0x14, 0x04, 0x74, 0x04, 0xEF, 0xB8,
    0x50, 0x7D, 0x38, 0xF3, 0x0A, 0xE2, 0xC2, 0x7C, 0xF2, 0x60, 0x3B, 0x21, 0xD2, 0x49, 0xA6, 0x14,
    0x66, 0xFE, 0x09, 0x28, 0xBF, 0x36, 0xA8, 0x2F, 0x53, 0x4D, 0x86, 0x17, 0x47, 0x3B, 0xA1, 0xD3,
    0x9D, 0x85, 0x81, 0x48, 0x61, 0x03, 0xC1, 0x7C, 0x4F, 0x01, 0x23, 0xC6, 0x63, 0x59, 0x51, 0x85,
    0x19, 0xA4, 0x3A, 0xB5, 0x62, 0x64, 0xB7, 0xAB, 0x19, 0x04, 0x60, 0x78, 0x47, 0x7F, 0xDA, 0xA7,
    0x3B, 0x0F, 0x25, 0x6D, 0x8E, 0x3A, 0x15, 0x2B, 0xFC, 0x83, 0xD3, 0xC9, 0x7A, 0xDA, 0x22, 0x51,
    0x6C, 0x22, 0x9D, 0x14, 0xF0, 0xD7, 0x3E, 0x2B, 0xB3, 0x33, 0xBF, 0xD0, 0xCF, 0x4F, 0x53, 0x7D,
    0x4D, 0x47, 0xA3, 0x28, 0x90, 0x78, 0x82, 0x48, 0xA7, 0xE3, 0xB9, 0x01, 0xDC, 0xAD, 0x1E, 0xEA,
    0x58, 0xD1, 0x02, 0x62, 0x5A, 0x25, 0x73, 0x90, 0x4D, 0x91, 0xB2, 0x30, 0x60, 0x8E, 0x95, 0x92,
    0xC5, 0x2B, 0x39, 0x2C, 0x18, 0x4D, 0x04, 0x9D, 0xC4, 0x52, 0xFF, 0xE2, 0xB5, 0x79, 0x77, 0x70,
    0x89, 0xCA, 0x3D, 0x2A, 0x20, 0x9D, 0x13, 0xC0, 0x69, 0xE9, 0x3A, 0x19, 0xFF, 0x3D, 0x48, 0x20,
    0x28, 0xF5, 0x33, 0x67, 0x35, 0x06, 0x80, 0x25, 0x3D, 0x3A, 0x65, 0xAA, 0x0E, 0xCE, 0xC4, 0x65,
    0xD0, 0x2A, 0xDB, 0xAC, 0x94, 0x12, 0x35, 0x50, 0xDE, 0x27, 0x66, 0x2A, 0x6D, 0xE2, 0x14, 0xDE,
    0xB7, 0xBD, 0xFB, 0xEB, 0x7C, 0x74, 0x73, 0x7B, 0xC9, 0xDD, 0x8F, 0x7F, 0x41, 0xFE, 0xF0, 0xF1,
    0xD0, 0x3C, 0xBB, 0xDE, 0x4E, 0x9E, 0x75, 0xE7, 0xC7, 0xDD, 0xB7, 0xC7, 0x57, 0xF7, 0x1E, 0x0A,
    0x8E, 0xC6, 0x1E, 0x05, 0xB7, 0xC3, 0xB4, 0x27, 0x68, 0x87, 0xB9, 0x7D, 0x17, 0x03, 0x1D, 0x9C,
    0x70, 0x40, 0x2F, 0xC5, 0xD5, 0x16, 0x8B, 0x95, 0x37, 0xFD, 0xDF, 0x05, 0xEE, 0xA5, 0x3F, 0x40,
    0x61, 0x07, 0xE9, 0xED, 0xA9, 0xAE, 0xBC, 0x9E, 0x0B, 0x16, 0xED, 0x8F, 0x51, 0xDB, 0xE9, 0x48,
    0xF9, 0x1F, 0x6E, 0xBB, 0xE0, 0xCF, 0xE0, 0xE4, 0xD5, 0x7B, 0xDD, 0xEA, 0x72, 0x57, 0xBC, 0x78,
    0xD3, 0xAD, 0x7F, 0x59, 0xFE, 0xAA, 0x73, 0xD9, 0x90, 0xFD, 0xCA, 0x4D, 0x68, 0xF1, 0x23, 0x60,
    0x60, 0x58, 0x6E, 0x6E, 0x8E, 0x5B, 0xE7, 0x3A, 0xF2, 0x51, 0xAB, 0xA2, 0x01, 0x16, 0x5C, 0x30,
    0xF7, 0x34, 0xE0, 0xD5, 0x70, 0x68, 0xA1, 0xFC, 0x89, 0xD5, 0xEB, 0x10, 0xAA, 0xAA, 0xD2, 0xA9,
    0x91, 0x05, 0x8F, 0xC3, 0xE4, 0x71, 0x90, 0x50, 0xC6, 0x75, 0x7B, 0xC4, 0x00, 0x66, 0xEE, 0xCF,
    0x2B, 0x49, 0x2D, 0xB2, 0x23, 0xB0, 0xD7, 0x7A, 0xDC, 0x29, 0xD1, 0x4D, 0x26, 0x60, 0xEC, 0x9C,
    0xF5, 0x2F, 0x3C, 0x41, 0x37, 0x99, 0x81, 0x36, 0xEB, 0x8E, 0xC5, 0x16, 0x5C, 0x9F, 0x36, 0x38,
    0xC6, 0xC3, 0x52, 0xB4, 0xF5, 0x2B, 0x19, 0xFC, 0x5E, 0x30, 0x9E, 0x36, 0x7D, 0x68, 0x2F, 0xD8,
    0xB1, 0xD9, 0x72, 0x2F, 0xF5, 0x09, 0xA7, 0x4C, 0x67, 0x5A, 0xC1, 0x54, 0xD3, 0xF7, 0x79, 0x56,
    0x7B, 0x7B, 0x66, 0x0B, 0xCB, 0x65, 0xB6, 0x53, 0x85, 0x47, 0x6E, 0xAE, 0xE1, 0x53, 0xB6, 0xDC,
    0xF2, 0x9F, 0xB5, 0x25, 0xCF, 0x24, 0xEE, 0xA1, 0x62, 0x2E, 0x58, 0x35, 0x41, 0xE3, 0x8F, 0x45,
    0x77, 0xAA, 0xFE, 0x25, 0x63, 0x9C, 0x66, 0xFE, 0x22, 0x69, 0xC9, 0x56, 0x23, 0x61, 0x55, 0xDA,
    0x30, 0x16, 0x3C, 0xA4, 0x56, 0x93, 0xC6, 0x39, 0x7E, 0xD7, 0x8E, 0x9C, 0xB2, 0xBA, 0x95, 0xD9,
    0xB2, 0xE3, 0x40, 0xCE, 0xE9, 0xAC, 0xD2, 0x8F, 0xD6, 0x6B, 0x9B, 0xC0, 0xCA, 0x28, 0x99, 0x8A,
    0xBF, 0x90, 0x6B, 0x23, 0xDE, 0x10, 0x2C, 0xE7, 0x76, 0x04, 0xC1, 0xF7, 0xA9, 0xCA, 0x7F, 0x22,
    0xAB, 0xC2, 0x9D, 0x3C, 0xF8, 0x6E, 0x7E, 0xAC, 0x1E, 0x58, 0x3E, 0xC0, 0x12, 0x5E, 0x7A, 0xAC,
    0xBF, 0x15, 0x90, 0xCA, 0x0E, 0xD2, 0x3F, 0xAA, 0x8C, 0x71, 0x96, 0x06, 0xC5, 0x9F, 0x1D, 0x79,
    0xED, 0x3B, 0xE9, 0xA1, 0xA3, 0xC7, 0x45, 0xFF, 0xC9, 0xE2, 0xB3, 0xB1, 0x3F, 0xA6, 0x26, 0x9D,
    0x79, 0xB8, 0xB4, 0xB3, 0xCD, 0x3B, 0xD7, 0x7D, 0x81, 0x63, 0xBB, 0xA4, 0x8D, 0x83, 0xC3, 0x99,
    0x84, 0xDD, 0x87, 0xC2, 0x23, 0xCE, 0x8E, 0x43, 0xD6, 0xE9, 0x29, 0xC9, 0x4E, 0xC1, 0x79, 0xB5,
    0x52, 0xCD, 0x3A, 0xEB, 0xAA, 0x54, 0x39, 0x2A, 0x5C, 0x91, 0x0B, 0xF4, 0x32, 0x89, 0x0B, 0x23,
    0x94, 0x13, 0xCC, 0x95, 0xEF, 0x4F, 0xAA, 0x59, 0xDF, 0xD3, 0x69, 0x29, 0xF3, 0x64, 0x47, 0xD9,
    0xB4, 0x3A, 0x25, 0x68, 0x52, 0xAE, 0xC5, 0x8A, 0x78, 0xF2, 0x69, 0xC9, 0x8F, 0x58, 0xF2, 0x44,
    0x00, 0x75, 0x64, 0x95, 0x7B, 0xB2, 0x8C, 0x62, 0x5C, 0x6A, 0x75, 0xBE, 0xA6, 0x0C, 0x88, 0x47,
    0x41, 0x99, 0x72, 0x69, 0x01, 0xF7, 0x44, 0x91, 0x97, 0xD3, 0xFE, 0xE0, 0xAB, 0xFB, 0x3C, 0xBE,
    0x95, 0x67, 0x4A, 0x6A, 0xB8, 0x9A, 0x07, 0x67, 0xA1, 0x39, 0x1C, 0x9A, 0xC1, 0x57, 0xB0, 0xD3,
    0x29, 0x27, 0xEC, 0x32, 0x6A, 0x09, 0x56, 0x7A, 0x32, 0xEA, 0xE3, 0x7B, 0x4C, 0xA1, 0x1D, 0x0D,
    0x97, 0xDF, 0xD6, 0x5E, 0x42, 0x9D, 0x98, 0xCF, 0xF3, 0x7F, 0xE4, 0xD8, 0xB3, 0xA8, 0x7F, 0xA5,
    0x03, 0x72, 0x62, 0x97, 0x28, 0x2D, 0xA7, 0x73, 0xB3, 0x6F, 0x28, 0xF2, 0x6C, 0xC7, 0x11, 0x52,
    0x2D, 0x43, 0x71, 0x33, 0xCF, 0xF0, 0xB6, 0x72, 0x72, 0xBC, 0x2E, 0xD7, 0x21, 0x3B, 0x92, 0x45,
    0x9E, 0xD9, 0xAB, 0x43, 0x24, 0x95, 0xB2, 0x80, 0x36, 0x2A, 0xBB, 0xA5, 0x90, 0xC5, 0x42, 0xF3,
    0xDC, 0x5E, 0x48, 0x8B, 0x28, 0x93, 0x4D, 0x93, 0x78, 0xB0, 0xDF, 0xD0, 0x2B, 0x9B, 0x9C, 0xD8,
    0xE5, 0x7D, 0x42, 0x3A, 0x6E, 0xA2, 0x05, 0x3A, 0xE0, 0xEE, 0xDB, 0x89, 0xD5, 0x89, 0x01, 0xCD,
    0x28, 0x93, 0xCA, 0xB0, 0x97, 0x3C, 0xF8, 0x81, 0x48, 0x58, 0xB6, 0xA2, 0x63, 0x4C, 0x20, 0xEB,
    0x95, 0xC5, 0x59, 0x69, 0x97, 0xFD, 0x17, 0x38, 0x73, 0xB1, 0xD1, 0x99, 0x8B, 0x7C, 0xA8, 0xF2,
    0xE1, 0xEE, 0x33, 0x17, 0xB3, 0x07, 0x9F, 0xB9, 0xC8, 0xD3, 0x70, 0x62, 0xE6, 0x6F, 0x0E, 0x9F,
    0xB9, 0x78, 0xE8, 0x04, 0x0B, 0xD6, 0x46, 0x83, 0xAD, 0xA0, 0x44, 0x6B, 0x3B, 0xC1, 0xA2, 0xE5,
    0x86, 0x04, 0x38, 0xBE, 0xF8, 0xB5, 0x13, 0x2C, 0x2A, 0xB8, 0x9C, 0x84, 0xB9, 0xF7, 0x9C, 0x60,
    0xF1, 0x95, 0x2E, 0x70, 0xA7, 0x05, 0xDE, 0x96, 0x7A, 0xDC, 0xBD, 0xC0, 0xF1, 0x83, 0x17, 0x98,
    0x67, 0x71, 0x61, 0x81, 0xEB, 0x2F, 0xBE, 0xC0, 0x80, 0xA4, 0x79, 0x8F, 0x05, 0x86, 0x5C, 0xDA,
    0x02, 0xAF, 0xB1, 0xC0, 0xCE, 0x89, 0x2E, 0xA9, 0x3F, 0xD9, 0xA3, 0x65, 0x48, 0xEC, 0x3E, 0x0B,
    0x7C, 0x8A, 0xD1, 0x9C, 0xE2, 0x32, 0x17, 0xA6, 0x67, 0x1D, 0xFB, 0xC8, 0xDD, 0x84, 0xA7, 0x56,
    0xDD, 0x61, 0x72, 0xAC, 0x75, 0xCA, 0xE0, 0x9A, 0xF8, 0x96, 0xC8, 0x3A, 0x54, 0xF1, 0x7E, 0xC6,
    0xAA, 0x68, 0xD0, 0xE3, 0x7F, 0xFA, 0xA2, 0x9C, 0x83, 0x9A, 0x94, 0xD0, 0x20, 0x1C, 0x0F, 0x0D,
    0x73, 0xDB, 0x1A, 0x9E, 0xD8, 0xF9, 0x12, 0x1B, 0xAB, 0xA5, 0xE3, 0x29, 0xFC, 0xE4, 0x97, 0x4C,
    0x95, 0x68, 0xA4, 0xEE, 0x6A, 0x0A, 0xEB, 0x8D, 0x41, 0xBF, 0xB0, 0x9E, 0x83, 0x5D, 0x8B, 0xEA,
    0xEE, 0x63, 0x51, 0xC3, 0x5A, 0xDB, 0x3F, 0xDA, 0x80, 0x7B, 0x4D, 0x4F, 0x33, 0xCB, 0x06, 0xC7,
    0xD6, 0xB6, 0xB7, 0xDB, 0x66, 0x61, 0xEE, 0x2D, 0x1A, 0x6C, 0x7F, 0xBB, 0x22, 0x7C, 0xAE, 0x82,
    0x8F, 0xD1, 0x70, 0x83, 0x3B, 0x7C, 0x03, 0xEE, 0x4E, 0xAF, 0xFC, 0x3F, 0x4F, 0xB0, 0xE2, 0xE5,
    0xCC, 0x59, 0x5D, 0x83, 0x6B, 0xEF, 0xA3, 0x22, 0x23, 0x1D, 0xB9, 0xD9, 0x99, 0x73, 0x45, 0x70,
    0x90, 0xB7, 0x2C, 0x32, 0x82, 0x0F, 0x08, 0xC8, 0x95, 0xEA, 0x34, 0xE9, 0x84, 0x32, 0x3E, 0xF0,
    0x1F, 0x84, 0x00, 0xC1, 0x0B, 0x7E, 0xBD, 0x26, 0x17, 0x78, 0x98, 0xB7, 0xB5, 0x17, 0x3E, 0xD8,
    0x60, 0x47, 0x3A, 0xFA, 0x50, 0x88, 0x47, 0x75, 0xED, 0xB6, 0x3C, 0xFD, 0x87, 0x89, 0xD5, 0x4D,
    0xD8, 0x99, 0x91, 0x07, 0x7E, 0xB5, 0x8F, 0x48, 0x10, 0x45, 0x68, 0x2B, 0xB8, 0x45, 0xC2, 0x0E,
    0x99, 0x41, 0x95, 0xB0, 0x44, 0x0C, 0xAC, 0x36, 0x56, 0xC3, 0x22, 0x21, 0xB0, 0x22, 0x96, 0x68,
    0x62, 0xEB, 0xAA, 0x62, 0x59, 0x39, 0xA6, 0x05, 0x54, 0xC6, 0x62, 0xA5, 0xEB, 0xA9, 0xA1, 0x1D,
    0x15, 0xAD, 0x98, 0xE1, 0xE8, 0xB6, 0xD1, 0x7D, 0xC1, 0x3F, 0x33, 0x20, 0xCC, 0xFA, 0x72, 0x6B,
    0x6D, 0x50, 0x66, 0x4A, 0xEB, 0xEB, 0x1F, 0x7A, 0xB8, 0x83, 0xA0, 0x6D, 0x90, 0xAD, 0x5F, 0xD9,
    0xC2, 0x68, 0xEE, 0xCD, 0xDD, 0x22, 0x68, 0xFB, 0xE2, 0xDB, 0x7C, 0x68, 0xBE, 0x29, 0x01, 0x30,
    0x5B, 0xEB, 0xCD, 0xA6, 0xFD, 0x79, 0x8F, 0x6A, 0xF8, 0xE6, 0x77, 0xBC, 0x2A, 0x86, 0xF7, 0x8A,
    0x78, 0x46, 0xB5, 0x35, 0x3D, 0x85, 0xCF, 0x9E, 0xF3, 0xD6, 0x4E, 0x36, 0x38, 0xFD, 0xED, 0x25,
    0x73, 0x70, 0x3A, 0x94, 0x0E, 0xD6, 0x04, 0x9D, 0x55, 0xA9, 0x28, 0xA7, 0x51, 0xF1, 0xBA, 0x29,
    0xEA, 0xEF, 0x43, 0x6A, 0xE3, 0x68, 0x4F, 0x6B, 0x63, 0x69, 0x23, 0xB6, 0xF1, 0xB4, 0x51, 0xDB,
    0x98, 0xDA, 0xC8, 0xED, 0xF7, 0xAD, 0xFB, 0xA3, 0x52, 0x6D, 0xA3, 0xA4, 0x0D, 0xBB, 0x3B, 0xA8,
    0x12, 0xF5, 0x6E, 0xCE, 0x76, 0x74, 0xA2, 0xB9, 0xB1, 0xB6, 0xCF, 0x92, 0x95, 0xBB, 0xA1, 0xC1,
    0x68, 0x93, 0xAD, 0xFD, 0x3F, 0x48, 0x92, 0x6B, 0xA4, 0xFF, 0x9A, 0x14, 0x6D, 0xF2, 0xF5, 0xDD,
    0xDC, 0xF1, 0x8D, 0x9C, 0xE6, 0x99, 0xAF, 0xA1, 0xDB, 0x60, 0x24, 0xC8, 0xBA, 0x7C, 0xE5, 0xFB,
    0xE0, 0xE1, 0x9D, 0x1F, 0xA3, 0x52, 0xF0, 0xAA, 0xFC, 0x5A, 0xFF, 0x4B, 0x80, 0xE5, 0xEF, 0x2D,
    0x70, 0xD2, 0x6C, 0x63, 0xC6, 0xDB, 0x08, 0xFF, 0xFD, 0x4F, 0x9C, 0xC8, 0x07, 0xB9, 0x6E, 0xD9,
    0xAC, 0xED, 0xC4, 0xEC, 0x27, 0x1B, 0x96, 0x7F, 0xDF, 0x13, 0x57, 0xB4, 0x36, 0xD9, 0x6D, 0x67,
    0xE1, 0xDB, 0x57, 0xD7, 0x6A, 0x4D, 0x29, 0xB9, 0xC9, 0x5A, 0x66, 0x0C, 0x7A, 0x75, 0xB0, 0xA0,
    0x89, 0xB7, 0x36, 0xF9, 0xC6, 0xC2, 0x01, 0xC5, 0x0D, 0xD3, 0x73, 0xCB, 0xFB, 0x43, 0xFE, 0xDD,
    0xFD, 0x50, 0xF5, 0xFF, 0x57, 0x87, 0x67, 0x7E, 0x5E, 0x74, 0xB4, 0xD7, 0x04, 0xC7, 0xFA, 0x92,
    0x44, 0x7C, 0x5B, 0xE6, 0x35, 0x50, 0x61, 0x26, 0x4D, 0x00, 0x48, 0xAC, 0x30, 0x3C, 0xC3, 0xEF,
    0xDC, 0x3A, 0x73, 0x81, 0x68, 0x83, 0x7B, 0x6E, 0x78, 0x64, 0x1B, 0x41, 0x66, 0xFD, 0xA6, 0x02,
    0xD0, 0x2C, 0x37, 0x4F, 0x27, 0x81, 0xF0, 0x3F, 0x8C, 0x0C, 0xB6, 0xE4, 0xB7, 0xDB, 0x9A, 0xBB,
    0xE2, 0x82, 0xBD, 0xFD, 0xA0, 0xBC, 0x70, 0x38, 0x40, 0x78, 0x2F, 0xB3, 0xDD, 0x55, 0x25, 0x9B,
    0xD8, 0xFF, 0xE9, 0x70, 0xF3, 0x9F, 0x50, 0x3F, 0x0B, 0x7C, 0x51, 0x1D, 0xDE, 0xDD, 0x28, 0x96,
    0xE2, 0x19, 0x07, 0x3F, 0x64, 0x00, 0x21, 0xBB, 0xD3, 0xFA, 0x43, 0x0C, 0xFD, 0xA6, 0xE2, 0x2D,
    0xB3, 0x9D, 0x9B, 0x82, 0xEF, 0x1E, 0x6C, 0x7E, 0x5C, 0x36, 0x3E, 0xDE, 0x7B, 0xBC, 0x09, 0x99,
    0x2D, 0xDD, 0x70, 0xE7, 0x60, 0xAA, 0x58, 0xFD, 0x4B, 0x95, 0xED, 0xC4, 0x2A, 0x82, 0xB0, 0x3F,
    0x05, 0x95, 0x35, 0x28, 0x6F, 0x14, 0xFA, 0xEA, 0xD3, 0x6F, 0xB2, 0x30, 0x92, 0xBB, 0x28, 0x5D,
    0xBF, 0xE0, 0x10, 0x09, 0x59, 0x72, 0xB0, 0x75, 0x3D, 0x0C, 0x77, 0x74, 0x79, 0x7E, 0x50, 0x14,
    0x11, 0x5E, 0x0A, 0x56, 0x7D, 0x06, 0x5E, 0x9B, 0x32, 0x38, 0x27, 0x04, 0xDE, 0x33, 0xA0, 0xF6,
    0x9D, 0xFE, 0x17, 0x76, 0x5C, 0x51, 0x64, 0x41, 0x94, 0x6A, 0x1B, 0x44, 0x59, 0xFE, 0x2B, 0x58,
    0xFA, 0xEE, 0x10, 0xFC, 0x24, 0x7F, 0x11, 0x16, 0xA7, 0x64, 0xE0, 0x5D, 0x35, 0x53, 0x4C, 0x04,
    0xE7, 0x95, 0x89, 0xBA, 0x42, 0x44, 0x0A, 0x7D, 0x91, 0x00, 0xAB, 0xC9, 0x5B, 0x9C, 0x83, 0x10,
    0xF2, 0x21, 0x6A, 0x95, 0x46, 0xAD, 0x71, 0xA1, 0xD6, 0x7A, 0xA1, 0x56, 0xB2, 0xC4, 0x9A, 0x9A,
    0x6D, 0x69, 0xF0, 0xDF, 0xBB, 0x7F, 0xB2, 0x7F, 0xB1, 0xA2, 0x83, 0x0D, 0x8D, 0x36, 0x9A, 0x9B,
    0x9D, 0x6A, 0x91, 0x9B, 0xD2, 0xB9, 0xA9, 0x02, 0xAF, 0x5E, 0xD4, 0xD2, 0xBF, 0xCA, 0xE2, 0xBE,
    0x71, 0x25, 0x96, 0x54, 0x43, 0xB3, 0x7B, 0xE4, 0xF4, 0x03, 0x2B, 0x44, 0xA3, 0x85, 0x02, 0x2A,
    0x12, 0xB3, 0x8D, 0xB7, 0x91, 0x6D, 0x8B, 0x3A, 0x54, 0x21, 0x7A, 0xFA, 0xE0, 0x78, 0xB1, 0xA5,
    0x42, 0xF4, 0xFF, 0x01, 0xD5, 0x5B, 0xBD, 0xAF, 0xDF, 0x56, 0x19, 0x3E, 0xB6, 0x69, 0x2C, 0xD5,
    0x48, 0xEE, 0x00, 0x43, 0x1B, 0x29, 0x9E, 0x29, 0x2A, 0xE6, 0x0F, 0x48, 0xE3, 0x5F, 0x89, 0x04,
    0x43, 0x86, 0x32, 0xB4, 0x13, 0x0B, 0x7B, 0x85, 0xB2, 0x30, 0x74, 0x49, 0xEC, 0xAA, 0x43, 0x07,
    0x06, 0x22, 0x21, 0xC1, 0x08, 0x43, 0x07, 0x24, 0x86, 0x30, 0x30, 0xDC, 0x21, 0xD4, 0x6E, 0x19,
    0x18, 0x3A, 0xD4, 0x94, 0x81, 0x81, 0xA1, 0xEE, 0x07, 0x42, 0x6A, 0x87, 0xBA, 0xC5, 0x2A, 0x4E,
    0x62, 0xFB, 0xF0, 0x3C, 0xCF, 0x6B, 0xFF, 0x7E, 0xF7, 0x06, 0x5A, 0x45, 0x22, 0x5F, 0xF7, 0xE6,
    0xC6, 0xF7, 0x77, 0xFD, 0x75, 0xDE, 0xF7, 0x39, 0xEF, 0xFB, 0xBC, 0x1F, 0xE7, 0x5C, 0xE7, 0xDC,
    0x53, 0xD7, 0x1C, 0xBE, 0x8A, 0x9E, 0xC7, 0x5A, 0x47, 0xCF, 0x63, 0xE4, 0x07, 0x1C, 0x63, 0x3F,
    0xE2, 0x98, 0xEA, 0x98, 0x7F, 0x3A, 0xF1, 0xC6, 0x77, 0x78, 0xF4, 0x97, 0x70, 0x0C, 0x96, 0x64,
    0xC6, 0x8D, 0x53, 0xBC, 0x38, 0x97, 0x78, 0xEF, 0x79, 0x23, 0x8F, 0x45, 0x1B, 0xE1, 0x58, 0x36,
    0xA1, 0xDF, 0x39, 0xBF, 0x0B, 0xFC, 0x2E, 0x5C, 0x5C, 0xE0, 0xAB, 0x08, 0x8F, 0xF8, 0x26, 0x19,
    0x79, 0xF4, 0xBE, 0x4A, 0xFD, 0x64, 0x47, 0x77, 0xE2, 0xEB, 0x82, 0x8E, 0x78, 0x92, 0xC7, 0xEA,
    0xF0, 0x59, 0xE7, 0x03, 0xEF, 0xF1, 0x56, 0x48, 0xE3, 0xDF, 0xF5, 0xBB, 0xA2, 0xCF, 0xFB, 0x64,
    0x0A, 0x3D, 0x6E, 0x2B, 0xBA, 0x7C, 0x88, 0x66, 0x8C, 0x5A, 0xB6, 0x45, 0x1F, 0x4F, 0xD1, 0xE2,
    0xEA, 0xA6, 0xE8, 0xD2, 0x11, 0x1F, 0x70, 0xB1, 0xCF, 0x86, 0xC0, 0xC7, 0xFE, 0xFB, 0x94, 0xB1,
    0x3F, 0x7B, 0xB3, 0xFC, 0xE8, 0x30, 0x5A, 0xB6, 0xA3, 0x02, 0xF8, 0x50, 0xB6, 0xEB, 0x87, 0x4C,
    0xA3, 0xB9, 0x78, 0xD4, 0xE5, 0x3F, 0xEA, 0x78, 0x45, 0xA7, 0x6E, 0xE8, 0x7C, 0xC7, 0x63, 0x22,
    0xC1, 0xD2, 0xDD, 0xE1, 0x45, 0x8F, 0x00, 0x8A, 0x14, 0x39, 0xB8, 0xDD, 0xAE, 0xF2, 0x26, 0xCD,
    0x2A, 0xEC, 0x11, 0x7F, 0x59, 0x25, 0xBD, 0x87, 0xF8, 0xF1, 0xFD, 0x10, 0x52, 0x70, 0xD4, 0x18,
    0xD4, 0x85, 0x9A, 0xA7, 0x64, 0x10, 0x62, 0x86, 0x8F, 0xA6, 0x36, 0xD7, 0xB1, 0x5C, 0x78, 0x9C,
    0x6B, 0x62, 0x32, 0x14, 0xB8, 0x33, 0x6D, 0xB3, 0xE6, 0x51, 0x42, 0xCF, 0x05, 0x3B, 0xBE, 0x8D,
    0xA2, 0x76, 0x26, 0x7A, 0x84, 0x17, 0x3B, 0x9E, 0x78, 0x52, 0x02, 0x35, 0xA6, 0x4A, 0xEC, 0x71,
    0x79, 0x81, 0x1E, 0xC5, 0xC5, 0xE1, 0xA0, 0xC4, 0xBD, 0x03, 0x56, 0x76, 0x87, 0x67, 0xF5, 0x52,
    0xBD, 0x3C, 0x17, 0x20, 0xA1, 0xF9, 0xC9, 0xB7, 0x4E, 0x1D, 0xB0, 0xE3, 0xAA, 0x82, 0xB4, 0x91,
    0x62, 0x52, 0x25, 0xBC, 0x66, 0x7A, 0x84, 0x3C, 0x4D, 0x25, 0xD2, 0x4F, 0x7A, 0xD3, 0x60, 0x0E,
    0x56, 0x4A, 0xC8, 0xF0, 0x78, 0xCE, 0xD7, 0xCC, 0x00, 0xD1, 0xE3, 0xD1, 0xBA, 0xC9, 0x7B, 0x62,
    0x87, 0xB1, 0x0B, 0xE2, 0x29, 0x60, 0x81, 0x67, 0x32, 0x19, 0x9E, 0x04, 0xD6, 0x43, 0xA4, 0xAC,
    0x2F, 0x87, 0x1F, 0xD7, 0x10, 0x37, 0xA8, 0x7F, 0xB5, 0xD0, 0x2A, 0xC3, 0x59, 0x26, 0xFB, 0xA9,
    0x8E, 0xD7, 0x0F, 0x3C, 0x13, 0xCA, 0x5A, 0xA3, 0xE6, 0x70, 0x3C, 0x55, 0xD0, 0x4A, 0xAD, 0x37,
    0xFA, 0x55, 0xA7, 0x08, 0x86, 0x19, 0x72, 0xC0, 0xF3, 0x9B, 0x36, 0x0F, 0xCA, 0x66, 0xF3, 0x8A,
    0x3A, 0x7B, 0xEA, 0x8F, 0x17, 0x92, 0x78, 0x9A, 0x37, 0x0E, 0xD4, 0x78, 0xAA, 0x20, 0x3D, 0xBB,
    0xFB, 0x29, 0x74, 0x78, 0xB5, 0x81, 0xF1, 0xE1, 0x55, 0x43, 0xDD, 0xB9, 0xB8, 0xBA, 0xB2, 0xC9,
    0x47, 0xD5, 0x12, 0xBF, 0xAA, 0x11, 0xDD, 0x9A, 0x0C, 0xD0, 0x68, 0x88, 0x7B, 0xBB, 0x1E, 0x63,
    0x48, 0x21, 0x5A, 0x0C, 0x75, 0x2B, 0x8B, 0x25, 0xA8, 0x82, 0x14, 0xE2, 0x11, 0xE4, 0x18, 0x3F,
    0x9A, 0xAC, 0x17, 0xA6, 0x42, 0x94, 0xC0, 0xE2, 0x54, 0xD9, 0x0A, 0x54, 0x3C, 0xEC, 0xA7, 0xCD,
    0x68, 0x4F, 0x17, 0x7D, 0xDE, 0x6D, 0x08, 0x7F, 0x70, 0x4E, 0xBF, 0x86, 0x3C, 0x62, 0x50, 0xD0,
    0x26, 0xE7, 0xF5, 0x83, 0xCE, 0xDC, 0x55, 0x04, 0x0B, 0xAE, 0x05, 0x40, 0x36, 0xEC, 0xA2, 0x96,
    0x54, 0x91, 0x36, 0xF2, 0x19, 0xDE, 0xE3, 0x35, 0x1D, 0x79, 0xE7, 0x4E, 0x51, 0x04, 0x7B, 0x12,
    0xFF, 0xA4, 0x4A, 0xFE, 0xDC, 0x64, 0x7A, 0xA4, 0x1E, 0x7A, 0x9D, 0xED, 0xDC, 0x7D, 0x8F, 0x60,
    0x65, 0x77, 0x48, 0xA9, 0xDC, 0x1B, 0xA7, 0x0E, 0xD8, 0x1F, 0xD2, 0x1E, 0xDA, 0xD5, 0x3E, 0x52,
    0x62, 0x9A, 0x51, 0x84, 0xBC, 0x31, 0x64, 0xBF, 0x0C, 0xD8, 0x6B, 0xF7, 0x1A, 0xD8, 0xBB, 0x8F,
    0x62, 0x3B, 0xFC, 0x3B, 0x01, 0x6F, 0x78, 0x02, 0xDE, 0x8F, 0xDC, 0x29, 0x8A, 0x62, 0x5F, 0xC3,
    0xBF, 0x07, 0x62, 0xB7, 0x5F, 0x1D, 0xC5, 0x4E, 0x15, 0xA4, 0x5F, 0x15, 0xC5, 0xBE, 0xE9, 0x1E,
    0x63, 0x51, 0x30, 0x40, 0x0D, 0x84, 0x90, 0xD8, 0xCF, 0xCE, 0x00, 0x3D, 0x33, 0xBA, 0xFB, 0x10,
    0xC5, 0x4E, 0x19, 0x85, 0xDE, 0x75, 0x21, 0x4A, 0xB5, 0xBE, 0xE3, 0x9E, 0x35, 0x9D, 0x32, 0x8A,
    0x48, 0x85, 0xC2, 0xC5, 0x3D, 0xD0, 0x28, 0x86, 0xFB, 0x7C, 0x85, 0x71, 0x30, 0x7F, 0xBE, 0x41,
    0x16, 0x52, 0xF4, 0x08, 0xA3, 0xD9, 0xE8, 0x4A, 0x47, 0x40, 0x00, 0x9D, 0xFB, 0x2D, 0x95, 0x2C,
    0x08, 0x2B, 0x22, 0x5A, 0xC6, 0x1B, 0x13, 0x5A, 0x38, 0xC4, 0x98, 0xF6, 0x57, 0xD2, 0x8A, 0xCF,
    0x38, 0x3E, 0x13, 0x5E, 0x83, 0xAC, 0x21, 0xE7, 0xD2, 0xCD, 0x9C, 0x8A, 0x92, 0x73, 0xE9, 0x1B,
    0x0A, 0xD4, 0x1D, 0x07, 0x27, 0x77, 0x1B, 0x0B, 0x26, 0x8A, 0x3C, 0x7E, 0x7F, 0x92, 0x58, 0xD7,
    0x50, 0x7C, 0xF0, 0x3B, 0x7F, 0x71, 0x89, 0xA7, 0x74, 0x28, 0x5A, 0xFF, 0xA6, 0xCF, 0x26, 0x4C,
    0x49, 0x55, 0xF8, 0x6B, 0xC4, 0x12, 0x2A, 0x47, 0x30, 0x98, 0xF3, 0xC0, 0xA1, 0x2F, 0xDB, 0xBA,
    0xAA, 0x21, 0xD1, 0xE5, 0x71, 0xFF, 0x72, 0x56, 0xD7, 0x75, 0x45, 0xE9, 0x1D, 0x27, 0xC9, 0xE2,
    0xB4, 0xAB, 0xF7, 0x16, 0xF1, 0xAC, 0x66, 0x4A, 0xF6, 0x2C, 0x46, 0x24, 0x53, 0xB8, 0x73, 0x27,
    0x26, 0xAF, 0xA0, 0xC0, 0x34, 0x85, 0xC1, 0x30, 0x41, 0x34, 0x2C, 0x1D, 0xCC, 0x23, 0x6B, 0x2C,
    0xC8, 0xFB, 0xE6, 0x69, 0x69, 0xDE, 0xE0, 0x0A, 0xAA, 0xE4, 0x98, 0x37, 0x42, 0xD5, 0x89, 0x99,
    0x40, 0xB1, 0xBF, 0x02, 0x2E, 0xA2, 0x49, 0x49, 0xA7, 0xD7, 0x31, 0x85, 0x88, 0x5D, 0xC0, 0xA4,
    0xD8, 0xE1, 0x6D, 0x99, 0x30, 0xE9, 0x89, 0xFD, 0x68, 0xB1, 0x20, 0x02, 0x66, 0xE9, 0x65, 0x9B,
    0x98, 0x1C, 0x63, 0xF4, 0x1B, 0x19, 0xFF, 0x7F, 0x90, 0x24, 0xDD, 0x79, 0x9A, 0xF3, 0x22, 0x9B,
    0xC6, 0xAF, 0xAF, 0x2C, 0xEE, 0xCE, 0xAF, 0x08, 0x42, 0xC0, 0x15, 0x71, 0xDC, 0x01, 0x33, 0x38,
    0xB5, 0x6C, 0xA1, 0xEC, 0xA0, 0x77, 0x3E, 0x28, 0xE3, 0x0A, 0x7F, 0x43, 0x34, 0x35, 0xE3, 0x57,
    0xE1, 0x10, 0xF4, 0xC0, 0x9C, 0x14, 0x97, 0xCC, 0x51, 0xBF, 0xBF, 0x72, 0x61, 0x0D, 0xD4, 0x78,
    0xE6, 0xF1, 0x1D, 0xA6, 0x35, 0xE9, 0x70, 0x25, 0x1A, 0x70, 0x25, 0x98, 0x08, 0xA5, 0x97, 0x2D,
    0x54, 0x50, 0x30, 0xC1, 0x38, 0xAF, 0x91, 0x75, 0x5B, 0xD7, 0x83, 0x5B, 0x7E, 0x1A, 0x5F, 0x3B,
    0x08, 0x43, 0xC3, 0xCB, 0x61, 0x2C, 0xC5, 0x5F, 0x61, 0x40, 0xAD, 0xAF, 0xB2, 0xBE, 0x68, 0xA1,
    0x30, 0x28, 0xB8, 0xEC, 0x23, 0x5A, 0x91, 0x87, 0x59, 0x33, 0xE9, 0x82, 0xB6, 0x5F, 0x87, 0xD6,
    0x29, 0xA9, 0xA4, 0xC9, 0x86, 0xBC, 0x13, 0xE9, 0x9E, 0x35, 0xF5, 0x82, 0x71, 0xB3, 0x2A, 0xA5,
    0x10, 0x81, 0x1C, 0x70, 0xD9, 0xCF, 0xB8, 0x2C, 0x2F, 0x5D, 0xC4, 0x08, 0xB8, 0x9C, 0xFE, 0x1B,
    0x6A, 0x26, 0x3D, 0x2C, 0x24, 0xEE, 0xD3, 0xF6, 0x18, 0x32, 0xA4, 0x81, 0x91, 0x62, 0xCF, 0x66,
    0x01, 0x82, 0x07, 0x2F, 0x03, 0x3C, 0xCA, 0xF8, 0x8A, 0xFE, 0xF1, 0x8A, 0xF3, 0x4C, 0x10, 0x30,
    0x64, 0xC0, 0x1B, 0x09, 0x24, 0x41, 0x30, 0x0B, 0x10, 0x3C, 0xE3, 0x2A, 0x00, 0x9E, 0xF9, 0x16,
    0x6B, 0xD9, 0xBC, 0xC2, 0xDB, 0x52, 0x92, 0x4B, 0x2C, 0x0B, 0x10, 0x3C, 0x92, 0xEE, 0x1B, 0xAB,
    0x77, 0x92, 0xC5, 0xF2, 0xD1, 0xF8, 0x2D, 0x27, 0xB9, 0x92, 0x0A, 0x69, 0x79, 0x74, 0x23, 0x99,
    0x59, 0x59, 0xB9, 0x9A, 0xB3, 0x64, 0x0A, 0x09, 0x75, 0x1A, 0x89, 0xF3, 0xCF, 0x03, 0xF1, 0x8B,
    0x0B, 0xC8, 0x81, 0x4C, 0x01, 0x6C, 0x3E, 0xF3, 0x0D, 0xED, 0x24, 0xF2, 0x37, 0x8D, 0x87, 0x80,
    0xDD, 0x77, 0x69, 0x29, 0x24, 0x10, 0x47, 0x53, 0x49, 0x28, 0xAF, 0xB9, 0x4F, 0xAE, 0xBA, 0x61,
    0x90, 0x4D, 0xF0, 0x63, 0xA6, 0xCC, 0xA0, 0xE4, 0xC7, 0xE0, 0x37, 0x8F, 0x2E, 0x6E, 0x49, 0x2B,
    0x73, 0x50, 0x6E, 0x25, 0x94, 0x98, 0x6D, 0x51, 0x60, 0x76, 0xE5, 0x80, 0x58, 0x04, 0x67, 0x48,
    0xFE, 0x3D, 0xBA, 0xFC, 0xCD, 0x69, 0x0F, 0x58, 0x28, 0x1B, 0xEE, 0x88, 0x57, 0x34, 0xA7, 0x23,
    0xBD, 0x8A, 0x66, 0x46, 0xB8, 0x0A, 0xBC, 0x93, 0x6E, 0x45, 0x2B, 0x23, 0x5A, 0xF8, 0xDF, 0xD3,
    0xAF, 0x68, 0x64, 0x04, 0x2B, 0xA8, 0xC5, 0x65, 0x25, 0x45, 0xBB, 0x2A, 0x07, 0xB9, 0xB0, 0xA7,
    0xAF, 0x0B, 0x7B, 0x2E, 0x51, 0xCF, 0x2C, 0x9E, 0x84, 0x65, 0xE5, 0x24, 0x03, 0x12, 0xEA, 0x99,
    0xED, 0x0B, 0x78, 0x7B, 0x30, 0x45, 0xC3, 0xC3, 0x73, 0x41, 0x65, 0x3F, 0x17, 0x80, 0xD8, 0x79,
    0xFC, 0x0F, 0x21, 0x18, 0x03, 0x2B, 0xA5, 0x7E, 0xC6, 0xDD, 0x5F, 0xD0, 0xE2, 0x21, 0x53, 0x88,
    0xDD, 0x91, 0x32, 0xC1, 0x5A, 0x6D, 0xB9, 0x8F, 0x51, 0x25, 0xC9, 0xAE, 0x18, 0x45, 0xBE, 0x3C,
    0xBC, 0x07, 0x31, 0xF2, 0xB7, 0xA0, 0x56, 0xD6, 0x14, 0xBB, 0x87, 0x48, 0xCD, 0x47, 0x60, 0xE1,
    0x62, 0x38, 0x12, 0x7D, 0x06, 0xEF, 0x83, 0xB2, 0xCE, 0x87, 0x5B, 0x28, 0x23, 0x52, 0xF4, 0x06,
    0xCD, 0x2D, 0x3D, 0x92, 0x58, 0x1D, 0x5C, 0x81, 0x33, 0x47, 0xB4, 0x48, 0xDC, 0x84, 0x4B, 0x3E,
    0x49, 0xBC, 0x02, 0x70, 0xB7, 0x23, 0x60, 0x72, 0x4A, 0x22, 0x46, 0xFA, 0xE6, 0x87, 0x5E, 0x5E,
    0x49, 0xCC, 0x1C, 0x19, 0x7C, 0xB5, 0x34, 0x0B, 0x8F, 0x8A, 0xA0, 0xCA, 0x32, 0x3C, 0x51, 0xAB,
    0x13, 0x0C, 0xBA, 0x77, 0xFF, 0xB5, 0xC1, 0xF0, 0xE8, 0xC5, 0xF3, 0xFB, 0xEB, 0x83, 0xF6, 0x75,
    0x64, 0x99, 0x13, 0x03, 0xBE, 0x32, 0x28, 0x75, 0xDA, 0x6B, 0xBC, 0xFB, 0x86, 0x0B, 0x3F, 0x69,
    0x54, 0x51, 0x22, 0x13, 0x4F, 0x9D, 0x82, 0xEA, 0xC6, 0x50, 0x48, 0x9B, 0x38, 0x34, 0x8D, 0x41,
    0x34, 0x93, 0x0F, 0x2A, 0x3A, 0x0B, 0x79, 0x13, 0xDD, 0x88, 0x90, 0xD5, 0xBA, 0xCC, 0xBB, 0x80,
    0x88, 0xC4, 0xB5, 0xCB, 0xB8, 0x0B, 0xF3, 0x23, 0xE6, 0xCC, 0xBA, 0xE0, 0x76, 0x1B, 0xBF, 0xB3,
    0xC3, 0xA8, 0x00, 0xEE, 0x65, 0x17, 0x72, 0xF6, 0xCF, 0xD4, 0xCF, 0x31, 0x85, 0xED, 0xF1, 0x24,
    0xA6, 0x16, 0x34, 0xCA, 0x24, 0x92, 0xAF, 0x2A, 0x3A, 0x10, 0x14, 0x58, 0x21, 0xEF, 0x9F, 0xA8,
    0xFF, 0xFE, 0xA6, 0x5F, 0x38, 0x32, 0xE4, 0xA0, 0x38, 0x5F, 0x36, 0x10, 0xED, 0x14, 0x0C, 0x98,
    0xD8, 0xE5, 0xFF, 0x25, 0x2D, 0xE5, 0xA8, 0xFD, 0x5E, 0x37, 0x64, 0x36, 0x69, 0x2F, 0x22, 0xC4,
    0x0F, 0xE5, 0x39, 0x39, 0xC9, 0xC0, 0xB7, 0x38, 0xE4, 0xE6, 0x4A, 0x2F, 0x0D, 0x25, 0x32, 0x44,
    0x5A, 0x5B, 0xD1, 0x21, 0x25, 0x2C, 0x1B, 0x5E, 0x47, 0x2E, 0xAE, 0x0C, 0x32, 0xF4, 0x41, 0xFE,
    0xC5, 0x67, 0x7E, 0x89, 0x2D, 0x96, 0x82, 0x1F, 0x74, 0x1D, 0x2A, 0x70, 0x88, 0xC7, 0x5E, 0xB0,
    0x1C, 0x9F, 0x49, 0xD6, 0xC7, 0x12, 0x08, 0x21, 0xD6, 0xBE, 0x21, 0x1B, 0xE2, 0x06, 0x66, 0x26,
    0xF1, 0x94, 0x3D, 0x9B, 0x18, 0xC2, 0x8A, 0x9E, 0xD5, 0x81, 0xFF, 0xB3, 0xE7, 0x53, 0xEC, 0x46,
    0x65, 0x13, 0xE7, 0xAE, 0xFE, 0x80, 0xFE, 0xEF, 0x2F, 0x2D, 0xDB, 0x7D, 0x75, 0x57, 0x4A, 0x19,
    0x4F, 0x77, 0x0B, 0x58, 0x94, 0x55, 0xF8, 0xCE, 0x89, 0xC6, 0x27, 0x50, 0x25, 0x30, 0x8B, 0xFB,
    0xE6, 0x0F, 0x0F, 0x9C, 0x29, 0x37, 0x2B, 0xDA, 0x7D, 0x6A, 0xAD, 0x76, 0xC5, 0xBA, 0xC2, 0x72,
    0x06, 0x6F, 0x27, 0xA8, 0xD9, 0x58, 0x23, 0x35, 0x4E, 0x27, 0x10, 0xA8, 0xFF, 0x01, 0xA2, 0xE2,
    0xBB, 0x60, 0xD7, 0x11, 0xC9, 0xFB, 0x5C, 0x40, 0xCD, 0xE7, 0x61, 0xD8, 0x7F, 0xC2, 0xC9, 0xCE,
    0x23, 0xBB, 0xCE, 0x61, 0x5B, 0x91, 0xE7, 0x54, 0x89, 0x30, 0x8E, 0xA5, 0x24, 0xF1, 0xB6, 0xB6,
    0xC3, 0x51, 0x94, 0x44, 0x9B, 0x83, 0x8B, 0xBB, 0xAC, 0x9C, 0x3E, 0xA7, 0x6C, 0x32, 0xD2, 0x14,
    0x5C, 0x15, 0x68, 0xBA, 0x25, 0x3D, 0xBC, 0xE4, 0x91, 0x80, 0x2D, 0xEB, 0x6C, 0x4D, 0x2A, 0x7A,
    0xA7, 0xB2, 0xBC, 0x18, 0x16, 0x8B, 0xD2, 0x6E, 0x13, 0xF7, 0x9E, 0xC1, 0x26, 0x07, 0x4C, 0x95,
    0x52, 0x50, 0x0B, 0x63, 0x1F, 0x7A, 0x24, 0xF3, 0xD1, 0xC3, 0x35, 0x55, 0x69, 0x89, 0xEE, 0x28,
    0x2F, 0x37, 0x5B, 0x6B, 0xB2, 0xD8, 0x95, 0x7B, 0xD4, 0x24, 0xB7, 0x8A, 0xD0, 0xD0, 0xFF, 0x4E,
    0xF6, 0x1E, 0x23, 0xF8, 0xEB, 0x1B, 0xA6, 0x9F, 0xCE, 0x21, 0x5D, 0x61, 0xA2, 0xE7, 0x94, 0xCC,
    0x24, 0x21, 0x17, 0x74, 0x8E, 0x48, 0xAF, 0xC4, 0x8B, 0x04, 0xF9, 0x39, 0xEE, 0x08, 0xFD, 0xCF,
    0x98, 0xFF, 0xCE, 0xC4, 0x4B, 0xF7, 0x85, 0xFE, 0x15, 0x4D, 0x01, 0xE1, 0xF6, 0x2D, 0x5E, 0x96,
    0x2C, 0xFC, 0xD6, 0x14, 0x5C, 0x9F, 0xB7, 0x79, 0x72, 0x2F, 0x9A, 0xB3, 0x3C, 0xB6, 0x22, 0xC7,
    0x61, 0xF4, 0x9F, 0xA9, 0x46, 0x67, 0x49, 0x19, 0x19, 0xC2, 0x95, 0x83, 0x75, 0x23, 0x8B, 0xEB,
    0x98, 0x84, 0x57, 0xC1, 0x71, 0x55, 0x61, 0xE2, 0x33, 0xAB, 0xC2, 0x04, 0x04, 0x1C, 0xDF, 0x57,
    0xA8, 0x16, 0x9B, 0x7C, 0x28, 0xE1, 0x70, 0x39, 0x42, 0xC0, 0xCF, 0x27, 0x57, 0xFF, 0x15, 0xB5,
    0xF1, 0x80, 0xCC, 0x7E, 0x82, 0x17, 0x2E, 0xC4, 0x3A, 0x64, 0x0D, 0x57, 0x7C, 0x06, 0x8A, 0x50,
    0x80, 0xBF, 0x79, 0x58, 0x0C, 0xE3, 0x38, 0x5B, 0x3F, 0xAC, 0xB6, 0x75, 0x1D, 0x9D, 0x7F, 0x7C,
    0x77, 0xBA, 0xE0, 0x8C, 0xFA, 0x35, 0x3C, 0x14, 0xFD, 0xDA, 0xE5, 0x63, 0x1C, 0xE3, 0xBA, 0x14,
    0x7F, 0x09, 0x20, 0x7D, 0xC0, 0xB0, 0xCB, 0xD5, 0x86, 0x05, 0x20, 0xBF, 0xE1, 0xAC, 0xAC, 0x26,
    0xDF, 0x23, 0x49, 0xAA, 0xE2, 0x25, 0x47, 0x15, 0x1C, 0xD1, 0x51, 0xEA, 0xBF, 0xA0, 0x3A, 0x18,
    0xEA, 0x26, 0x5E, 0x64, 0x94, 0x84, 0x73, 0xA1, 0xDB, 0x54, 0xD9, 0x58, 0xF4, 0xC9, 0x94, 0x4C,
    0x6C, 0x33, 0xFC, 0x79, 0x86, 0xBE, 0x24, 0x72, 0x6B, 0xB0, 0xA8, 0xE7, 0x16, 0x09, 0x45, 0xD6,
    0x5A, 0x5B, 0x33, 0xD7, 0x58, 0xB1, 0x3F, 0x34, 0xC0, 0xD4, 0xD5, 0x55, 0x97, 0x19, 0x01, 0x8A,
    0xB9, 0xB7, 0x5A, 0xE7, 0x69, 0x4B, 0x3B, 0xDE, 0xB7, 0x9A, 0x37, 0x95, 0x4A, 0x0A, 0x9C, 0x2C,
    0xD7, 0x45, 0xD0, 0xC0, 0xCA, 0xBE, 0xE5, 0x90, 0x09, 0xB9, 0x1B, 0x81, 0x0B, 0x4A, 0xBD, 0x25,
    0xC7, 0x65, 0x8A, 0x9A, 0xA2, 0x94, 0x11, 0x94, 0x48, 0x03, 0xFD, 0xDB, 0xCC, 0x5F, 0x17, 0x79,
    0x3C, 0xFB, 0x2C, 0x76, 0x5F, 0xB2, 0xC4, 0x9A, 0x1D, 0x63, 0x06, 0xBC, 0x0C, 0xD7, 0xF3, 0x51,
    0xB3, 0xB3, 0xD4, 0xC3, 0x3A, 0x85, 0x2E, 0x78, 0xD1, 0xE8, 0x69, 0x30, 0x16, 0x0A, 0xFF, 0xD9,
    0x58, 0xFB, 0x8B, 0x0C, 0x28, 0x72, 0xEC, 0x1F, 0x88, 0x7D, 0x86, 0x23, 0x17, 0xB2, 0x0B, 0x82,
    0x10, 0xA9, 0xEF, 0x75, 0xEE, 0xCC, 0xA1, 0x16, 0x8F, 0x96, 0xFD, 0x22, 0x44, 0xA8, 0x46, 0x4C,
    0xF6, 0x77, 0x4A, 0x35, 0x33, 0x47, 0x3A, 0xBE, 0x06, 0xF1, 0x48, 0xD0, 0xE3, 0x4F, 0x82, 0x0E,
    0x30, 0x9F, 0x37, 0x39, 0x06, 0x3C, 0x78, 0x2E, 0xD8, 0x34, 0xE1, 0x0A, 0x64, 0xAC, 0x07, 0x46,
    0xC3, 0x31, 0xED, 0x16, 0x68, 0x1E, 0xF5, 0x07, 0x20, 0x89, 0x00, 0x79, 0x93, 0xE6, 0xE9, 0x88,
    0x64, 0x86, 0x70, 0xFA, 0x3D, 0x12, 0x27, 0xED, 0xF3, 0x22, 0xA1, 0x2C, 0x90, 0x8F, 0x47, 0x64,
    0xCE, 0x42, 0x6D, 0x46, 0x60, 0x09, 0x5B, 0x68, 0x45, 0x9D, 0x9B, 0x85, 0xCA, 0x53, 0xB4, 0x48,
    0xE4, 0x6A, 0x5A, 0x5B, 0xFC, 0x85, 0x9A, 0x55, 0x17, 0x07, 0x77, 0x6C, 0xA1, 0x68, 0x9D, 0x7B,
    0x93, 0x3E, 0xBF, 0x55, 0x4B, 0x45, 0xC8, 0xAB, 0x6F, 0xF3, 0x42, 0xA9, 0x88, 0x09, 0x85, 0xD4,
    0x34, 0x42, 0x4C, 0x21, 0xDE, 0x80, 0x99, 0x93, 0xCD, 0x19, 0x6A, 0xAC, 0x2F, 0x47, 0xB9, 0xF9,
    0xBB, 0x18, 0xD5, 0xEE, 0xCB, 0xC7, 0xCC, 0x12, 0x41, 0xD2, 0x01, 0xDF, 0x87, 0xEB, 0x75, 0x27,
    0x33, 0xBE, 0x45, 0xC4, 0x65, 0xEB, 0x36, 0x5B, 0xEB, 0x97, 0x1C, 0x48, 0x35, 0xE3, 0xF1, 0x58,
    0xBC, 0x02, 0x47, 0xD8, 0xB2, 0x99, 0x06, 0x5B, 0x69, 0xAD, 0x86, 0xA8, 0x25, 0x5D, 0x6A, 0xD3,
    0xCE, 0x5A, 0x9D, 0xA0, 0x95, 0x1F, 0xB0, 0x81, 0x55, 0xC0, 0x4D, 0x92, 0x99, 0x98, 0x5D, 0x42,
    0xAE, 0xF1, 0xA1, 0x2C, 0x8F, 0x01, 0x07, 0x90, 0x31, 0x2F, 0x79, 0x95, 0x3D, 0xB0, 0xBA, 0x29,
    0x5B, 0x22, 0x16, 0x28, 0x71, 0x3D, 0xD6, 0xDF, 0xD2, 0xB6, 0x8B, 0xB4, 0x5F, 0x73, 0x00, 0x7F,
    0xD8, 0x87, 0x11, 0x59, 0x9A, 0x68, 0x92, 0x45, 0xDE, 0x7E, 0xE9, 0x1F, 0xDB, 0xE9, 0x4E, 0x1A,
    0x6B, 0xB1, 0x4B, 0x8C, 0x54, 0x59, 0x75, 0x00, 0xD5, 0x5A, 0x4D, 0xE2, 0x0E, 0xA4, 0x04, 0x5C,
    0x87, 0xA2, 0x22, 0xB0, 0x9F, 0x4F, 0x42, 0xD6, 0xAB, 0x1D, 0x08, 0x36, 0x31, 0x6C, 0x9D, 0xC0,
    0x75, 0x86, 0xAE, 0x13, 0xBC, 0x7D, 0x20, 0x7C, 0x9B, 0x44, 0x00, 0x5B, 0x05, 0x3F, 0x3A, 0x41,
    0xDC, 0x86, 0xC2, 0xD8, 0x19, 0xC8, 0xCE, 0x50, 0x36, 0xD6, 0x75, 0x2B, 0xCE, 0x2B, 0xD0, 0x2B,
    0xD2, 0x2B, 0xD4, 0x07, 0xAC, 0xFF, 0xB8, 0xA7, 0x7E, 0xE5, 0xBE, 0x2A, 0xA4, 0xEB, 0xDD, 0x13,
    0xCC, 0xF0, 0x14, 0x59, 0xF1, 0xAE, 0xB3, 0xCB, 0xF3, 0x48, 0xD3, 0xFD, 0xAD, 0x9A, 0x98, 0xFE,
    0xBC, 0x01, 0xA8, 0xB7, 0x5B, 0xA0, 0xEA, 0x7B, 0xC2, 0xDA, 0x31, 0x87, 0x63, 0x41, 0x98, 0xB3,
    0x20, 0x44, 0x48, 0x26, 0xB4, 0x8E, 0xD8, 0x52, 0x49, 0xBC, 0x98, 0xE8, 0x3A, 0x19, 0xA4, 0xF0,
    0xDD, 0x00, 0xBE, 0x7A, 0xCC, 0x91, 0x6D, 0xF9, 0x42, 0x01, 0x9D, 0x18, 0x86, 0x86, 0xA1, 0xBB,
    0x71, 0x3A, 0x30, 0x94, 0xDD, 0xA9, 0x24, 0x37, 0xB1, 0x55, 0xAB, 0x20, 0xA3, 0x03, 0x86, 0xC1,
    0xD1, 0x7D, 0xC5, 0xD0, 0xD9, 0x4A, 0x40, 0x6A, 0x20, 0x9E, 0x1F, 0xF7, 0x79, 0xA5, 0x3A, 0x52,
    0x4F, 0x2B, 0xEE, 0xA8, 0xE5, 0x72, 0x0E, 0xF1, 0xC6, 0x78, 0x60, 0xA2, 0xD8, 0x21, 0xB2, 0x7A,
    0xB2, 0x11, 0xE2, 0x16, 0x68, 0xB1, 0x9D, 0xC5, 0x8B, 0x6F, 0xF7, 0x22, 0x46, 0xD5, 0x13, 0x2C,
    0xAB, 0x44, 0x8D, 0xCE, 0xB8, 0xD1, 0x19, 0x39, 0x2A, 0xED, 0x42, 0x09, 0xB8, 0x62, 0x28, 0x7E,
    0x5C, 0xE1, 0x09, 0xC5, 0x90, 0xBB, 0x64, 0xD9, 0xDF, 0x8E, 0xF3, 0x46, 0x92, 0xC6, 0x92, 0xCE,
    0x68, 0xD2, 0x19, 0x4F, 0xAE, 0x44, 0xB9, 0x31, 0xE5, 0x3E, 0x01, 0x67, 0x57, 0x8A, 0x05, 0x16,
    0x54, 0xFC, 0xB5, 0x54, 0xAB, 0xB6, 0x54, 0x45, 0xDB, 0x9A, 0xA2, 0x86, 0x3D, 0x18, 0x4A, 0x78,
    0xC6, 0xFF, 0x02, 0x34, 0xE7, 0x97, 0xEB, 0x2D, 0xC8, 0xF1, 0xC3, 0x1E, 0x59, 0xE5, 0x32, 0x32,
    0x94, 0xB0, 0xDB, 0x5E, 0x22, 0xA6, 0xB1, 0xE0, 0x31, 0x28, 0xC1, 0x92, 0x3B, 0xAD, 0x03, 0x88,
    0x22, 0x49, 0xA1, 0x30, 0x20, 0xA4, 0x97, 0x4E, 0xF9, 0xA5, 0xB1, 0xE4, 0x9A, 0x61, 0x66, 0xEC,
    0x6A, 0x6E, 0x32, 0x31, 0x61, 0xC5, 0x98, 0x47, 0x59, 0x67, 0xCD, 0xFF, 0xD0, 0x4A, 0x21, 0xB5,
    0xA8, 0x5E, 0xDC, 0x11, 0x4F, 0x98, 0x41, 0x38, 0x31, 0x44, 0xCF, 0x69, 0xA7, 0x18, 0x5D, 0x2B,
    0x48, 0xFB, 0x41, 0x1A, 0x1B, 0x18, 0x35, 0xCB, 0xE5, 0x4D, 0x77, 0x4E, 0xAA, 0x22, 0xB5, 0x53,
    0xA8, 0xEE, 0xC3, 0xD5, 0x26, 0x15, 0xAC, 0x0D, 0xE3, 0xC1, 0x29, 0x5C, 0xEB, 0x76, 0x9C, 0xB3,
    0x80, 0x6D, 0x53, 0xB2, 0xDB, 0x90, 0xB5, 0x98, 0xBD, 0x06, 0xED, 0x35, 0x6A, 0x6F, 0x61, 0x3B,
    0xF8, 0x43, 0x5C, 0xD9, 0x22, 0x8B, 0xA9, 0xC1, 0x78, 0xE3, 0x5E, 0x8E, 0xBB, 0x27, 0xF6, 0xA9,
    0xF2, 0x7D, 0x33, 0x46, 0x2E, 0xE2, 0x1C, 0xE3, 0xC3, 0xAF, 0xB2, 0xB8, 0xE5, 0x84, 0xC5, 0xED,
    0xA4, 0xDE, 0xF0, 0x70, 0x2C, 0xEE, 0xD8, 0xA2, 0xBB, 0xF5, 0xDE, 0xD6, 0x45, 0xE2, 0xD5, 0x8D,
    0xB7, 0x4B, 0x78, 0x70, 0xF3, 0xF0, 0xCB, 0x37, 0xF1, 0x6E, 0xEF, 0x3F, 0x9E, 0x99, 0xE0, 0x14,
    0xCC, 0x70, 0x3E, 0x45, 0x92, 0x93, 0xFB, 0x06, 0x39, 0x0E, 0x86, 0x82, 0x52, 0x6C, 0x28, 0x72,
    0x91, 0x4A, 0x10, 0x56, 0xAA, 0xCF, 0x63, 0xAA, 0xCC, 0xAE, 0x07, 0xC3, 0x33, 0x23, 0xA6, 0x7A,
    0x55, 0x90, 0xC7, 0xB2, 0x9D, 0xC3, 0xD7, 0x8D, 0x7D, 0xD7, 0x4A, 0x3B, 0xAC, 0x8C, 0x57, 0x6E,
    0x18, 0x0D, 0x4E, 0x5A, 0x14, 0xEA, 0x72, 0xCF, 0xDC, 0x2F, 0x31, 0x33, 0xA3, 0x59, 0x23, 0x34,
    0xD1, 0x9E, 0x47, 0xB2, 0x77, 0xC6, 0xD9, 0xC2, 0x4C, 0x13, 0x53, 0x4E, 0x24, 0xE2, 0x17, 0x0B,
    0xFF, 0xA2, 0x82, 0x3E, 0x01, 0x33, 0xD9, 0x3B, 0x1F, 0x1C, 0xB9, 0x9C, 0x01, 0xDC, 0x50, 0x82,
    0x82, 0x46, 0x91, 0x7E, 0xF8, 0x7F, 0x28, 0xF2, 0xB3, 0x0B, 0xA1, 0x66, 0xFA, 0xC9, 0xF2, 0xB8,
    0x3B, 0x16, 0x92, 0xAB, 0x7D, 0x79, 0xAC, 0xD3, 0x4F, 0xF9, 0x5D, 0xF9, 0xA6, 0xA7, 0x96, 0xC8,
    0x31, 0x47, 0xAD, 0x1F, 0x45, 0x33, 0x6B, 0xFF, 0x01, 0x63, 0x73, 0xA9, 0x89, 0x19, 0x4C, 0x95,
    0x8E, 0x78, 0xA4, 0x6C, 0xB3, 0x41, 0xEB, 0x4F, 0x09, 0xD3, 0xFB, 0xA2, 0x27, 0x17, 0x7F, 0xE2,
    0x3F, 0x6F, 0xD8, 0x07, 0x82, 0x16, 0xC7, 0xEB, 0x64, 0xB5, 0x07, 0xB2, 0x2D, 0xE9, 0x54, 0x92,
    0x1F, 0x5A, 0xC2, 0xA2, 0x5D, 0x05, 0xEB, 0x6E, 0xC8, 0x2B, 0xC3, 0x7E, 0xB2, 0x2C, 0x49, 0xB0,
    0xCD, 0x90, 0xCF, 0x9C, 0x04, 0xD7, 0x03, 0x39, 0xFF, 0x2F, 0xD8, 0x61, 0xAD, 0x24, 0x26, 0xB7,
    0xB0, 0xC1, 0x42, 0x87, 0x58, 0xC1, 0xAA, 0x3B, 0x62, 0x55, 0x72, 0xCA, 0x42, 0x75, 0xA6, 0x52,
    0xCE, 0x26, 0xA0, 0x61, 0xA9, 0xB9, 0x70, 0x46, 0x62, 0x75, 0xAD, 0xEE, 0x78, 0x10, 0xF9, 0x5D,
    0xC7, 0xF8, 0x42, 0xE3, 0x25, 0xD7, 0x24, 0xFE, 0x97, 0x4C, 0x36, 0xD5, 0x1E, 0x4C, 0x6C, 0x61,
    0x71, 0x2D, 0xFA, 0xB4, 0x8D, 0x83, 0xAB, 0xCA, 0x01, 0xD3, 0x6A, 0xF5, 0x75, 0xD5, 0x59, 0x78,
    0xD6, 0x1D, 0xDA, 0x48, 0xF7, 0x18, 0xC6, 0xA4, 0x75, 0x87, 0xFD, 0x7A, 0xF0, 0x11, 0xD6, 0x98,
    0x50, 0xAA, 0xB0, 0xBD, 0x99, 0xE5, 0x2C, 0x7E, 0xB5, 0x9D, 0x3C, 0xEE, 0xE9, 0xB5, 0xEF, 0x37,
    0xCB, 0xD6, 0x6E, 0x4E, 0xC8, 0xA3, 0x12, 0x7F, 0x7B, 0x94, 0x45, 0x5D, 0xB2, 0x14, 0xB0, 0x6C,
    0x65, 0x37, 0xC8, 0xD5, 0x71, 0x2F, 0xE2, 0x20, 0x90, 0x51, 0x4F, 0x48, 0x88, 0x39, 0xB3, 0x3A,
    0x1A, 0x15, 0x7F, 0xC0, 0xFC, 0xF5, 0x43, 0xB0, 0xAD, 0xA6, 0x67, 0xA8, 0x3A, 0xB3, 0x4C, 0x67,
    0xD8, 0x29, 0xCC, 0xD2, 0xA6, 0xE8, 0x58, 0x62, 0xB6, 0x1F, 0x79, 0xEB, 0xF7, 0x5B, 0x86, 0x2F,
    0x23, 0x3C, 0xA4, 0x2C, 0xEA, 0x86, 0x9B, 0xDD, 0x15, 0xFD, 0x0B, 0x4C, 0x22, 0x58, 0xA9, 0x16,
    0x15, 0xDE, 0x1C, 0x76, 0xD6, 0x1A, 0x70, 0xE5, 0x99, 0xBA, 0xCD, 0x3E, 0x1F, 0x4B, 0xB6, 0xB0,
    0x1A, 0xD6, 0x90, 0x23, 0x97, 0x83, 0xB5, 0xE2, 0x8A, 0x21, 0xE3, 0x99, 0x4E, 0xAE, 0x05, 0x64,
    0x66, 0xA5, 0x9D, 0xD3, 0x72, 0x27, 0x9C, 0x28, 0x56, 0x77, 0x2E, 0x67, 0xEB, 0xD2, 0xDA, 0x62,
    0x4A, 0x0A, 0x6E, 0xF9, 0xE9, 0xF7, 0xEA, 0x10, 0x37, 0xCC, 0xB6, 0x3F, 0xDA, 0x7B, 0xE4, 0xDA,
    0x91, 0xB4, 0x0E, 0x5A, 0x27, 0xD5, 0x04, 0xEB, 0x24, 0x58, 0x91, 0xE2, 0x9C, 0x22, 0x58, 0xAD,
    0xC1, 0xB5, 0xEE, 0x3B, 0xEA, 0xDC, 0x0B, 0x7C, 0x07, 0x61, 0xCD, 0x5A, 0x86, 0xBF, 0xB8, 0x7D,
    0x30, 0xB0, 0x06, 0x6B, 0x22, 0xF8, 0xA9, 0xDC, 0x25, 0xFE, 0xB5, 0x79, 0x4D, 0x21, 0xFF, 0x87,
    0x5F, 0x13, 0xDD, 0xB0, 0xB5, 0x8D, 0x6E, 0xCD, 0xFF, 0x89, 0xEE, 0xF2, 0x15, 0xE8, 0x8E, 0x77,
    0x8D, 0x6E, 0x73, 0x97, 0x46, 0x6B, 0x0D, 0x2A, 0xDB, 0x3A, 0xF0, 0x9E, 0x42, 0xCA, 0x95, 0x40,
    0x1B, 0xE6, 0x98, 0xF1, 0x9C, 0x27, 0x28, 0x41, 0x67, 0xAB, 0x63, 0x67, 0x26, 0x12, 0xC0, 0xDB,
    0xEF, 0x93, 0x01, 0x44, 0x01, 0x78, 0x08, 0xEE, 0x3A, 0x3B, 0x92, 0x00, 0xC1, 0x24, 0xBA, 0x02,
    0xD3, 0x0A, 0x50, 0x6D, 0x75, 0x10, 0x13, 0x38, 0x51, 0x81, 0x13, 0x17, 0x18, 0x19, 0x18, 0x1B,
    0xA8, 0x81, 0xEF, 0x36, 0x3E, 0xC8, 0xDB, 0x23, 0xCD, 0x31, 0xA2, 0x7D, 0x2F, 0x31, 0x01, 0x6A,
    0xD4, 0xD4, 0xBB, 0x15, 0xCD, 0xF5, 0xC7, 0xB7, 0x4F, 0x03, 0xA8, 0x47, 0x21, 0x9B, 0x8D, 0x73,
    0x66, 0xEA, 0xBC, 0xEE, 0xE2, 0x3F, 0xB1, 0x8B, 0xF8, 0x4C, 0xF8, 0x91, 0x65, 0x6C, 0xBA, 0x39,
    0x38, 0x6E, 0xB2, 0xD5, 0x1D, 0x26, 0xDB, 0xDE, 0x03, 0x93, 0x75, 0xD6, 0xB6, 0xA3, 0x99, 0x5A,
    0xC6, 0x50, 0xCE, 0xF7, 0x00, 0xC8, 0x07, 0x4C, 0xA9, 0x6E, 0x9F, 0x6C, 0x6F, 0xC1, 0x7D, 0xA5,
    0x82, 0xED, 0x37, 0x6B, 0x17, 0x6E, 0x7D, 0xCB, 0x2D, 0xF6, 0xFB, 0x43, 0xF1, 0x16, 0xF7, 0x2F,
    0xC1, 0x3E, 0xF3, 0xD7, 0xB8, 0x7E, 0xC1, 0x36, 0x55, 0x81, 0x74, 0x11, 0x50, 0x0E, 0x28, 0xE2,
    0x63, 0xD9, 0xA7, 0x41, 0xA9, 0xA5, 0x0F, 0xAA, 0xAB, 0xCD, 0x39, 0x81, 0xE6, 0x40, 0x7B, 0xA3,
    0xA0, 0x92, 0x2D, 0x55, 0xA8, 0xF3, 0x77, 0xDD, 0xBF, 0xAD, 0x14, 0x04, 0x10, 0xF8, 0x8B, 0xC7,
    0x2B, 0xF2, 0xBD, 0x98, 0xCA, 0x65, 0xAD, 0x7C, 0xB4, 0x3E, 0xA5, 0x9D, 0xB6, 0xD4, 0xA0, 0x6C,
    0x0E, 0xD2, 0x4D, 0xFB, 0x45, 0xA4, 0x63, 0x4A, 0x98, 0x07, 0x0C, 0xB5, 0xBF, 0xED, 0x7D, 0xE2,
    0xD9, 0x5A, 0x81, 0x01, 0xB0, 0x48, 0xDC, 0x31, 0x34, 0x32, 0xBD, 0xE5, 0x4B, 0xFD, 0x5B, 0xCC,
    0x3B, 0x67, 0xBE, 0xAD, 0x60, 0x99, 0x10, 0x79, 0x6D, 0xB3, 0x93, 0xEE, 0x72, 0xE5, 0xF4, 0x50,
    0xF5, 0xA5, 0xB6, 0x42, 0x55, 0xAD, 0x2B, 0x74, 0xEB, 0xE8, 0x32, 0x44, 0x2D, 0xA2, 0xAC, 0x79,
    0x80, 0x2B, 0x0E, 0xB9, 0x65, 0xD9, 0x1F, 0x6B, 0xC1, 0x8A, 0xFD, 0x8E, 0x56, 0xD1, 0xCE, 0xA0,
    0x24, 0x03, 0x1D, 0x30, 0x3F, 0x7E, 0x0A, 0xF2, 0x0C, 0x78, 0x80, 0x89, 0x20, 0x57, 0xFA, 0x40,
    0x03, 0x0A, 0x35, 0x1F, 0x68, 0xC3, 0x6A, 0x81, 0xF1, 0xB2, 0xDB, 0x83, 0xD2, 0x5A, 0xB7, 0x6E,
    0x99, 0xB2, 0xD5, 0xBC, 0x44, 0xC3, 0x69, 0x08, 0xED, 0xCE, 0x31, 0x4C, 0x68, 0x1F, 0x5A, 0xCD,
    0x0A, 0x5B, 0xFE, 0x5E, 0x66, 0x92, 0x6C, 0x56, 0x4D, 0xEB, 0xD6, 0x65, 0xEE, 0x87, 0x04, 0xCC,
    0x1D, 0x29, 0xA6, 0x3F, 0x74, 0xA0, 0xF5, 0xD1, 0xE2, 0xD3, 0xE5, 0xD6, 0x71, 0x05, 0x0F, 0x19,
    0x7F, 0x70, 0x7D, 0x24, 0x5F, 0xA2, 0x18, 0x41, 0xAD, 0x3F, 0xB1, 0x53, 0x54, 0xB4, 0x0C, 0x0B,
    0x0B, 0x9B, 0xB1, 0xF9, 0xBF, 0xF8, 0x57, 0x27, 0x9E, 0x36, 0x92, 0x49, 0x1E, 0xC9, 0xA7, 0xD2,
    0xCD, 0xD5, 0xB6, 0x71, 0x6B, 0x5B, 0x44, 0xDC, 0x2A, 0xF7, 0x6D, 0xDF, 0xD7, 0x33, 0xF1, 0x74,
    0xC5, 0xC5, 0x5F, 0xF8, 0x94, 0x6B, 0x71, 0x2D, 0x5B, 0x92, 0x3D, 0x3E, 0x82, 0x5C, 0xAF, 0x6C,
    0x5D, 0x51, 0xFB, 0x73, 0x96, 0xF5, 0xEF, 0x6F, 0xAC, 0xF8, 0x97, 0x6C, 0x7F, 0xB8, 0x63, 0x6D,
    0x46, 0x93, 0xE0, 0x2F, 0x79, 0x0F, 0x35, 0x6B, 0xCF, 0x2A, 0xB2, 0x6E, 0x22, 0x65, 0xEA, 0x19,
    0x73, 0x37, 0x6E, 0xF3, 0xE2, 0x76, 0x05, 0x26, 0x66, 0xE5, 0xDF, 0x26, 0xB5, 0x39, 0xD5, 0xF1,
    0xE4, 0x2E, 0x83, 0x75, 0x5F, 0xD9, 0x49, 0x10, 0xED, 0xA3, 0x16, 0x51, 0x6D, 0x51, 0xBA, 0xE8,
    0x37, 0x3C, 0xB5, 0x66, 0xC8, 0x89, 0x73, 0x7B, 0xDF, 0x50, 0x15, 0xAD, 0xEE, 0xED, 0xBA, 0xF9,
    0xF5, 0xEA, 0xE1, 0xAF, 0x83, 0xF6, 0x0D, 0xBF, 0x07, 0x82, 0x27, 0xCE, 0x7D, 0x66, 0xE2, 0xB5,
    0xBC, 0xB3, 0xDF, 0x6F, 0x01, 0xC1, 0xA9, 0xEF, 0xB1, 0xD5, 0x78, 0xC8, 0x93, 0xFB, 0xBC, 0xFD,
    0xAF, 0x8D, 0x44, 0x0F, 0x07, 0xC4, 0x64, 0xB8, 0xB0, 0x75, 0x9E, 0x65, 0xA6, 0x59, 0x38, 0x9E,
    0x90, 0xEA, 0xE1, 0x22, 0xF7, 0x1F, 0xAD, 0x56, 0xBF, 0x6F, 0xD5, 0x56, 0x14, 0x3E, 0xB6, 0x49,
    0x2C, 0xEA, 0xE1, 0x32, 0xC0, 0x52, 0x55, 0x78, 0xC9, 0x00, 0x55, 0xC5, 0xED, 0x1F, 0xD0, 0xF4,
    0x9A, 0x66, 0x60, 0x60, 0x48, 0x86, 0x76, 0x66, 0x05, 0x54, 0xA9, 0x63, 0x3B, 0x40, 0x6C, 0xE8,
    0xD0, 0x21, 0x03, 0xF9, 0x0F, 0xC2, 0xC0, 0xD0, 0x8D, 0xA5, 0x95, 0x22, 0xF5, 0x11, 0x1B, 0x32,
    0x30, 0x30, 0xC4, 0x22, 0x03, 0x03, 0x43, 0xAD, 0x30, 0x20, 0x15, 0xA9, 0xDC, 0x82, 0x85, 0x1C,
    0xB8, 0xF6, 0xE9, 0x77, 0xAE, 0x5F, 0x92, 0x17, 0x55, 0x6C, 0xB5, 0xDF, 0xFD, 0xF1, 0x7C, 0xAF,
    0xCF, 0x8F, 0xEF, 0x9C, 0xF3, 0x5D, 0x6B, 0xB6, 0xCC, 0xDB, 0x3C, 0x28, 0x6E, 0xF5, 0xD1, 0x34,
    0x67, 0xE6, 0x37, 0x68, 0xBC, 0x23, 0x1D, 0x19, 0x74, 0x8F, 0xD1, 0xBA, 0x12, 0x5D, 0x26, 0xFF,
    0xE4, 0xDA, 0x98, 0x8E, 0xCF, 0xA7, 0xA3, 0x4D, 0xA7, 0x93, 0xA7, 0xD3, 0xD1, 0x1D, 0xEC, 0xAC,
    0xFA, 0x88, 0x6B, 0xF3, 0xBF, 0x76, 0x56, 0x89, 0xE0, 0xDE, 0xAB, 0xEC, 0xB5, 0xD7, 0x46, 0xFE,
    0xF2, 0x3A, 0x3B, 0x71, 0x80, 0xDB, 0xD2, 0xF7, 0x34, 0x47, 0xAB, 0x51, 0xAB, 0x2A, 0x9D, 0x19,
    0xCA, 0x2D, 0xEE, 0x46, 0x17, 0x34, 0x21, 0xAE, 0x72, 0xAB, 0x1C, 0xAD, 0x92, 0xA1, 0x34, 0xC3,
    0x5A, 0x76, 0x92, 0x28, 0x6C, 0x95, 0x93, 0x9B, 0x5C, 0xD8, 0xC6, 0x4D, 0x5A, 0xF4, 0xB4, 0x42,
    0xC1, 0x8A, 0xDE, 0xE3, 0x3B, 0xBD, 0x59, 0xEF, 0x22, 0x9B, 0xD4, 0x49, 0x13, 0x17, 0xD0, 0x32,
    0x47, 0xA7, 0x83, 0x2E, 0x6E, 0x4C, 0xF6, 0x00, 0x0F, 0x21, 0xF9, 0x26, 0xB9, 0xC8, 0xC6, 0x9C,
    0xBA, 0xD4, 0x89, 0x02, 0x2E, 0xB6, 0x82, 0x8E, 0x68, 0x12, 0xB6, 0x11, 0x2B, 0x17, 0xA3, 0xC9,
    0x48, 0xAB, 0x81, 0x97, 0x1C, 0x40, 0x76, 0x52, 0xA7, 0x85, 0xC9, 0x7A, 0x5A, 0xA0, 0x75, 0x68,
    0x4D, 0x6A, 0x63, 0xCB, 0x0A, 0xE0, 0x2F, 0xC9, 0x36, 0x27, 0x8A, 0xD2, 0x6C, 0x95, 0x3A, 0x6F,
    0x03, 0x5E, 0xC8, 0xE6, 0x08, 0x76, 0xCC, 0x65, 0xE5, 0xED, 0x41, 0x77, 0xF9, 0x5B, 0x5E, 0x86,
    0x39, 0xC3, 0x52, 0xA3, 0x2A, 0x23, 0xF2, 0xC4, 0x2A, 0x5D, 0x9C, 0xA5, 0x4D, 0x3A, 0xBA, 0x2A,
    0xB4, 0x0B, 0x68, 0xB1, 0x45, 0xC7, 0x19, 0x91, 0x92, 0x49, 0x4F, 0x74, 0x42, 0x55, 0x59, 0xBC,
    0xFF, 0x7B, 0x19, 0xF1, 0x3E, 0xBB, 0x74, 0xB8, 0xCF, 0xD9, 0xB9, 0x74, 0xBE, 0xA0, 0x48, 0x96,
    0x73, 0x9A, 0xEE, 0x63, 0xB4, 0x14, 0x93, 0x70, 0xC0, 0x44, 0xD7, 0x44, 0x91, 0xA0, 0x6B, 0x20,
    0x34, 0x6A, 0x65, 0x82, 0xE6, 0x5F, 0x58, 0x15, 0x0D, 0x58, 0xA6, 0x1B, 0x68, 0x89, 0x00, 0xF3,
    0xDB, 0xA8, 0xFE, 0x94, 0x74, 0xB2, 0x23, 0x94, 0xFD, 0x71, 0x27, 0xCB, 0xDD, 0x81, 0x39, 0x71,
    0x43, 0x74, 0x76, 0xE9, 0xE1, 0x5D, 0x2A, 0xDF, 0xDF, 0x77, 0x01, 0x3B, 0x1E, 0xC8, 0x6C, 0x6C,
    0x60, 0x45, 0x65, 0x30, 0x54, 0x67, 0xA2, 0x41, 0x64, 0xE5, 0xD2, 0x71, 0x31, 0xB5, 0x67, 0xEC,
    0x1E, 0x48, 0x37, 0x81, 0x8C, 0xFD, 0xF7, 0x92, 0x97, 0x1B, 0x5C, 0x25, 0xFB, 0xEF, 0x06, 0x0A,
    0x42, 0x7B, 0x62, 0x6A, 0x53, 0x22, 0x9D, 0x12, 0xB5, 0xAA, 0x11, 0x65, 0x82, 0x44, 0x74, 0x00,
    0x4B, 0xDC, 0xC5, 0x40, 0xB9, 0xE5, 0xDE, 0xF0, 0x25, 0x24, 0x80, 0xC8, 0x3E, 0x39, 0xE2, 0xA2,
    0xD0, 0x60, 0x88, 0x42, 0x63, 0xA9, 0x01, 0xEE, 0xF0, 0x53, 0xDC, 0x11, 0x7E, 0x0A, 0xA6, 0xE3,
    0x77, 0x42, 0x50, 0x29, 0x50, 0x09, 0xCA, 0xA5, 0x55, 0x5A, 0xD0, 0x03, 0xC4, 0xAA, 0x7C, 0x06,
    0x33, 0x3A, 0xAE, 0x54, 0x9F, 0x56, 0x30, 0x4E, 0x17, 0x08, 0x71, 0xF2, 0x94, 0x0B, 0x59, 0xFA,
    0x93, 0x91, 0x6F, 0x11, 0xDF, 0x87, 0x8C, 0x2A, 0xE9, 0xC7, 0xA5, 0x3A, 0x5D, 0x7E, 0xEB, 0x6E,
    0xD2, 0xDC, 0xCA, 0xD4, 0xA0, 0x84, 0x2B, 0x52, 0x62, 0x46, 0x38, 0xF0, 0x68, 0x3F, 0x95, 0x00,
    0xC9, 0x27, 0xB3, 0xAA, 0xF3, 0x4C, 0xCB, 0x24, 0x74, 0x71, 0xEB, 0x61, 0x46, 0x08, 0xCA, 0x8B,
    0xE2, 0x1A, 0x45, 0x5D, 0x62, 0xBF, 0x1E, 0x13, 0x3E, 0x63, 0x55, 0xF9, 0x47, 0x6D, 0xBA, 0x67,
    0xAF, 0x67, 0x74, 0xBD, 0x30, 0xDF, 0xB8, 0x49, 0x2E, 0xF0, 0x2C, 0xB9, 0xFC, 0xCA, 0x95, 0xDD,
    0x4E, 0xED, 0xB9, 0x94, 0x9F, 0xBD, 0x68, 0xF5, 0x76, 0x97, 0x56, 0xBA, 0xE9, 0xCA, 0xD0, 0xE5,
    0x17, 0xE1, 0xAF, 0x51, 0x8D, 0x7E, 0x62, 0xD3, 0x9A, 0x12, 0x54, 0xA8, 0x1B, 0x42, 0x47, 0x21,
    0xFE, 0x99, 0x9D, 0x06, 0x91, 0xBE, 0x19, 0x40, 0x69, 0x1F, 0xC1, 0xF9, 0x22, 0xAD, 0x4A, 0x55,
    0x97, 0x59, 0xD4, 0x04, 0x7D, 0x5A, 0x0F, 0x40, 0xD5, 0x91, 0xFA, 0xD0, 0x25, 0x1F, 0x1C, 0xC1,
    0x3A, 0xD3, 0x93, 0x19, 0xBC, 0x21, 0xDF, 0xF9, 0xDF, 0x91, 0x6B, 0xB3, 0xDE, 0x1D, 0x73, 0x70,
    0xD6, 0xC7, 0x59, 0x37, 0x8F, 0x79, 0x3A, 0xEB, 0xEC, 0x31, 0x7F, 0x67, 0x5D, 0x3E, 0xE6, 0x35,
    0x7D, 0x7E, 0xE4, 0x78, 0xA6, 0x67, 0x7C, 0x9F, 0x75, 0xFF, 0x91, 0x53, 0xF5, 0x21, 0x02, 0xA6,
    0x18, 0x0E, 0x41, 0x78, 0x66, 0xD3, 0xE6, 0x10, 0x87, 0x32, 0xE8, 0x0F, 0xA1, 0xD8, 0x69, 0xF4,
    0x11, 0x1A, 0x03, 0x0A, 0xE1, 0x00, 0x90, 0xE5, 0x26, 0x2F, 0x0E, 0x31, 0x19, 0x94, 0x3D, 0x84,
    0x25, 0x9E, 0x45, 0x46, 0xCF, 0x82, 0x73, 0x86, 0xA4, 0x99, 0x46, 0x77, 0x60, 0x85, 0x3E, 0xEA,
    0x03, 0x24, 0x1B, 0xAA, 0xEE, 0x53, 0xFF, 0x78, 0x85, 0x78, 0xCD, 0x85, 0x7C, 0x07, 0x5C, 0xA1,
    0xDB, 0xB8, 0x37, 0x8D, 0x6A, 0xCB, 0x2A, 0x6D, 0xE0, 0xCE, 0x23, 0x47, 0x39, 0x0A, 0xEF, 0x6A,
    0xB8, 0xEE, 0xF7, 0xCD, 0x21, 0x21, 0xCB, 0xED, 0x5E, 0xB6, 0x96, 0x8D, 0x79, 0xC3, 0xCB, 0x90,
    0x65, 0xF6, 0x98, 0xF8, 0xB2, 0x33, 0x35, 0x5E, 0x48, 0xDA, 0xC8, 0xE9, 0x6A, 0x90, 0x77, 0x74,
    0x35, 0x5F, 0x9C, 0x0F, 0xD6, 0xF1, 0x96, 0xB6, 0x09, 0x94, 0x55, 0xAA, 0x0B, 0x98, 0x74, 0x83,
    0x50, 0x9B, 0x2C, 0x5C, 0x17, 0xA5, 0x90, 0x44, 0xE5, 0x4B, 0x68, 0x79, 0x83, 0xAC, 0x45, 0x26,
    0xC7, 0x10, 0x12, 0x8A, 0x3B, 0x65, 0xDC, 0x12, 0x00, 0xA5, 0x4F, 0xB2, 0xAB, 0xA2, 0x34, 0x4B,
    0x9C, 0x79, 0xCA, 0xB2, 0xD5, 0x74, 0xB0, 0x50, 0x72, 0xBE, 0xE3, 0xC7, 0x3D, 0xE5, 0xDB, 0xBD,
    0xB6, 0xF2, 0x42, 0x99, 0x25, 0x36, 0x5F, 0x72, 0xF2, 0x8E, 0xAA, 0xE9, 0xDE, 0x7C, 0x71, 0x8D,
    0xEE, 0x22, 0x86, 0xC9, 0x10, 0xD8, 0x76, 0x11, 0x65, 0x18, 0x49, 0xE2, 0x98, 0x4C, 0x89, 0xF2,
    0x92, 0xD2, 0x1A, 0x50, 0x9A, 0x0A, 0x40, 0x23, 0xA1, 0x72, 0xC9, 0x8C, 0x34, 0x43, 0x91, 0x05,
    0x56, 0x12, 0x06, 0x85, 0xE2, 0x1F, 0x76, 0xD8, 0x21, 0xA6, 0x16, 0xCA, 0x62, 0xC8, 0x49, 0x55,
    0xA1, 0xA5, 0x9B, 0x07, 0x69, 0x10, 0x62, 0xBA, 0x40, 0x13, 0xD5, 0xAA, 0x3A, 0xF9, 0x87, 0x7F,
    0xE9, 0x48, 0xDF, 0x01, 0x15, 0xD0, 0xB0, 0x0A, 0xBE, 0x8B, 0xDA, 0xBC, 0x22, 0xAD, 0x5E, 0xBF,
    0x82, 0x3F, 0xF9, 0x3B, 0x16, 0x2F, 0x8D, 0x8D, 0x1D, 0x03, 0x26, 0x9D, 0xF3, 0x5A, 0x45, 0x69,
    0x83, 0x02, 0x48, 0xF6, 0x2F, 0x59, 0x0A, 0xFB, 0x12, 0x11, 0x66, 0xD5, 0x6D, 0x41, 0x1B, 0xFF,
    0xDC, 0x52, 0x93, 0x58, 0x05, 0xF1, 0xA7, 0xC9, 0x87, 0x05, 0xF1, 0xAA, 0x4D, 0xAD, 0x1D, 0x62,
    0x36, 0xA8, 0x21, 0x02, 0x45, 0x03, 0x46, 0xAE, 0x4C, 0x83, 0x00, 0x59, 0x65, 0x23, 0x07, 0x3F,
    0x06, 0x04, 0x32, 0xC7, 0x0D, 0x5A, 0xA8, 0xE2, 0x26, 0x6E, 0x02, 0x0B, 0x3B, 0x27, 0xB8, 0xCF,
    0xF8, 0x90, 0x43, 0x11, 0x08, 0x3F, 0xEE, 0x63, 0xC4, 0xEC, 0x36, 0x17, 0x79, 0x9D, 0xD7, 0xF2,
    0x00, 0xD2, 0x33, 0xCA, 0x71, 0x9C, 0x3D, 0xE7, 0xCB, 0x6D, 0xE2, 0xD8, 0xE4, 0xCF, 0x5F, 0x7E,
    0x40, 0x90, 0xF2, 0x5A, 0x21, 0x83, 0x70, 0x6C, 0xA6, 0x6C, 0x41, 0x8F, 0x92, 0x45, 0xD1, 0xE0,
    0x59, 0x57, 0xEA, 0x67, 0x5A, 0x05, 0xA8, 0x1E, 0x63, 0x29, 0x62, 0x3F, 0xF8, 0x7F, 0x72, 0x06,
    0xE6, 0x07, 0x5D, 0xB7, 0x40, 0x0B, 0x37, 0x68, 0x73, 0x35, 0x6C, 0x0D, 0x37, 0x1A, 0x51, 0x85,
    0xB7, 0x3F, 0x14, 0x0A, 0x96, 0xF3, 0x5A, 0x9D, 0x2F, 0xD2, 0x8D, 0x75, 0x1C, 0x3C, 0xC2, 0x7D,
    0x40, 0x3B, 0xAA, 0x28, 0x6C, 0x3C, 0x5D, 0x83, 0x58, 0x17, 0xC1, 0x71, 0xC2, 0xC4, 0x34, 0x46,
    0x4C, 0x9E, 0x6E, 0x7A, 0xA5, 0xC0, 0x08, 0x49, 0x11, 0xFF, 0x4D, 0xD1, 0x6E, 0x15, 0xD8, 0x4D,
    0xEA, 0x52, 0xFA, 0x2A, 0x6A, 0x2E, 0x78, 0xEA, 0xF7, 0xD4, 0x88, 0xEB, 0x8B, 0x71, 0xC8, 0xC7,
    0x61, 0xB4, 0xF4, 0xDC, 0xE2, 0x79, 0xCF, 0xDE, 0xDF, 0xB3, 0x27, 0xF6, 0x57, 0xC3, 0xCC, 0x5A,
    0xF0, 0xC1, 0x97, 0x71, 0xF2, 0xC2, 0xF3, 0x82, 0xDA, 0x95, 0x6A, 0x3F, 0xA9, 0x6E, 0xB5, 0x5F,
    0x92, 0x64, 0x83, 0x78, 0x85, 0xA3, 0x5A, 0x06, 0x98, 0x74, 0x6A, 0x72, 0xCA, 0x2C, 0xEB, 0x5B,
    0xEE, 0xA7, 0x2D, 0xF3, 0x17, 0x3F, 0xE4, 0x1F, 0xFB, 0x54, 0xC2, 0xBA, 0xE3, 0xFC, 0xCE, 0x5F,
    0x89, 0xFE, 0x68, 0x28, 0x7A, 0x9D, 0x45, 0xEF, 0xF0, 0x60, 0xA7, 0x8E, 0x2C, 0x4A, 0x70, 0xAD,
    0x89, 0xEA, 0x09, 0x9D, 0x15, 0xDF, 0x0E, 0xAF, 0x79, 0x31, 0x22, 0x68, 0x0F, 0x4D, 0xF0, 0xEC,
    0x34, 0xD2, 0xD2, 0x44, 0x3A, 0x4F, 0x44, 0x9E, 0x81, 0x66, 0x37, 0x55, 0x1F, 0xDD, 0xD4, 0x7D,
    0x7C, 0x53, 0x76, 0xB0, 0x89, 0xE4, 0x2B, 0x65, 0x6D, 0xFA, 0x61, 0x64, 0xFD, 0x87, 0x11, 0xD1,
    0x16, 0x0E, 0x10, 0x73, 0xA9, 0x46, 0xCA, 0x8C, 0x47, 0x56, 0xD4, 0x8D, 0xE7, 0x90, 0x07, 0x0F,
    0x58, 0xFB, 0xD3, 0x4B, 0xC4, 0x05, 0xC2, 0x93, 0x5B, 0x9E, 0xF5, 0x46, 0x25, 0xFF, 0xD9, 0x3D,
    0x32, 0x6D, 0x41, 0x9F, 0xE5, 0x3C, 0x5C, 0x9C, 0xEC, 0x07, 0x25, 0xB7, 0x35, 0xCD, 0x73, 0x91,
    0xD1, 0x98, 0xC1, 0x20, 0x8C, 0x6F, 0x09, 0x04, 0x21, 0x7C, 0x82, 0xBA, 0x7D, 0x32, 0xC8, 0x87,
    0x4F, 0xB9, 0xCB, 0xA6, 0xF5, 0xBC, 0x91, 0xB6, 0x11, 0x2A, 0x98, 0x2F, 0x77, 0x81, 0x14, 0x31,
    0x0A, 0x98, 0x13, 0x6B, 0x6E, 0xBB, 0x91, 0x3E, 0x1C, 0xC8, 0xE9, 0xDE, 0x7C, 0x76, 0x8D, 0xE8,
    0x5F, 0x7D, 0x94, 0xB1, 0x8E, 0xDD, 0x44, 0x14, 0x86, 0x7F, 0xDB, 0x64, 0x5D, 0x4C, 0x31, 0x0D,
    0xA9, 0x56, 0x62, 0x1E, 0x00, 0xC1, 0x3C, 0x01, 0x3B, 0x23, 0x56, 0x28, 0x25, 0x14, 0xAC, 0x52,
    0xDE, 0x9A, 0xEA, 0xB6, 0x14, 0xE1, 0x8E, 0xA5, 0x2D, 0x28, 0x28, 0xB2, 0x1D, 0x05, 0x45, 0x78,
    0x01, 0x14, 0x8A, 0x74, 0xEC, 0xF5, 0x4C, 0xB2, 0xC5, 0x16, 0x29, 0xE2, 0x25, 0x0A, 0x14, 0x5B,
    0x64, 0x20, 0x0B, 0x14, 0x11, 0x62, 0x40, 0x26, 0xF8, 0xEE, 0x8E, 0x3D, 0x9C, 0xF1, 0xCD, 0x8A,
    0x0E, 0xCB, 0xB2, 0x6C, 0xCF, 0xF1, 0x9C, 0x73, 0xFE, 0xFF, 0x3B, 0xC6, 0xD2, 0xA3, 0xB5, 0x68,
    0x99, 0x37, 0x65, 0x54, 0x8D, 0x15, 0x9D, 0x7C, 0x1C, 0xF8, 0x5F, 0xB1, 0x1A, 0x52, 0x11, 0x65,
    0x33, 0xD5, 0xC1, 0x60, 0xB2, 0x60, 0x23, 0x50, 0x75, 0xD2, 0xBD, 0x07, 0x2C, 0x1F, 0xD1, 0x0A,
    0xF3, 0x4A, 0xC7, 0x2A, 0x88, 0xC6, 0x7C, 0x3B, 0x69, 0x60, 0x8D, 0x32, 0x82, 0x47, 0xA8, 0x01,
    0xA9, 0xAF, 0xAE, 0x7A, 0xFE, 0x22, 0xA8, 0x5B, 0xC1, 0xA6, 0xD1, 0x26, 0x7A, 0xEF, 0xF2, 0x29,
    0x1C, 0x64, 0x83, 0x94, 0x9C, 0x4A, 0x5E, 0x68, 0x30, 0x87, 0x2A, 0x00, 0x69, 0x83, 0x9B, 0xA6,
    0x43, 0x35, 0x00, 0x6D, 0xA1, 0xD5, 0x7E, 0x90, 0x6E, 0xB2, 0xCD, 0xEE, 0x84, 0xF9, 0x28, 0xD6,
    0x10, 0x03, 0x26, 0x54, 0x3D, 0x78, 0x07, 0x99, 0xBC, 0xFA, 0x31, 0x1A, 0x8C, 0x36, 0x57, 0x34,
    0x9A, 0x22, 0xAA, 0x6A, 0x90, 0xCF, 0xFD, 0xCE, 0xA4, 0xAB, 0x94, 0x02, 0x4F, 0xA9, 0xB9, 0x53,
    0xC4, 0xE2, 0x88, 0x92, 0x21, 0x02, 0xAC, 0x03, 0x56, 0x40, 0x4D, 0x59, 0x14, 0xF2, 0x16, 0x90,
    0x1A, 0x05, 0x25, 0xCA, 0xEB, 0x9F, 0xE4, 0xED, 0xE5, 0x00, 0x75, 0xCF, 0xA9, 0xF7, 0x07, 0xEE,
    0xDA, 0xAA, 0x57, 0xB0, 0x09, 0x22, 0x69, 0xB5, 0x18, 0x64, 0x63, 0x79, 0x27, 0x4E, 0x7A, 0xEE,
    0xCD, 0xC2, 0xEF, 0xA4, 0x06, 0x30, 0xBE, 0x18, 0xAD, 0x8E, 0x2C, 0xB4, 0x94, 0x55, 0x1B, 0xDE,
    0xC9, 0x93, 0x48, 0xAB, 0xA9, 0x2F, 0xD3, 0x90, 0x7B, 0xAF, 0x22, 0xEA, 0x01, 0xD2, 0x43, 0x34,
    0xDB, 0xD2, 0x03, 0xEE, 0xE0, 0xDD, 0x22, 0x45, 0xDA, 0x33, 0xDF, 0xBE, 0x45, 0xCD, 0xA4, 0xF3,
    0x44, 0x0B, 0x3C, 0x9D, 0x1D, 0x7C, 0x04, 0xD8, 0xE9, 0xC6, 0x01, 0xB0, 0xD3, 0x51, 0xE7, 0x24,
    0x1B, 0x6A, 0x8F, 0x2C, 0x54, 0xD9, 0x43, 0x69, 0xD2, 0x45, 0x61, 0xBE, 0x94, 0x01, 0xBC, 0x81,
    0x01, 0xE8, 0x83, 0x21, 0x77, 0x42, 0x4F, 0xB3, 0x9E, 0xAF, 0x2F, 0xC2, 0x51, 0x3F, 0x14, 0xEB,
    0x71, 0x4C, 0x89, 0x6B, 0x5F, 0xF7, 0x78, 0x13, 0xD8, 0x7D, 0x15, 0x59, 0x4A, 0xDA, 0xDC, 0xED,
    0xE4, 0x61, 0xCF, 0x3B, 0xB2, 0xC9, 0x64, 0x2B, 0x5B, 0x2A, 0x7A, 0xFF, 0xF2, 0x43, 0x67, 0x9B,
    0x5C, 0x67, 0x6B, 0xB4, 0x65, 0x79, 0x41, 0x39, 0xEA, 0x46, 0x9C, 0x06, 0x96, 0x3D, 0xB7, 0x14,
    0xE8, 0xDA, 0xD9, 0x73, 0x33, 0x7B, 0x8E, 0xE5, 0x49, 0xF2, 0x5F, 0xF6, 0x94, 0xCB, 0x90, 0x7D,
    0xDC, 0x57, 0xD7, 0xB7, 0x8B, 0x0B, 0x93, 0x34, 0xE4, 0x08, 0x71, 0x3E, 0x90, 0x0B, 0x4E, 0x91,
    0x08, 0x50, 0x0D, 0x58, 0x40, 0x41, 0xDF, 0x59, 0x9D, 0x1F, 0x44, 0xF7, 0x35, 0xF3, 0x82, 0xCC,
    0xF1, 0x36, 0x91, 0xA5, 0x14, 0x6D, 0x97, 0x5E, 0xED, 0xC7, 0x52, 0x4F, 0x28, 0x26, 0xF0, 0x11,
    0xC5, 0xC2, 0x67, 0xF9, 0x60, 0x6B, 0xA7, 0x0E, 0x7B, 0xE1, 0xEC, 0xD2, 0xD5, 0x19, 0x28, 0x22,
    0xAA, 0x9A, 0x89, 0x32, 0x43, 0x91, 0xFA, 0xFA, 0x45, 0x90, 0x9F, 0x13, 0x4E, 0x13, 0x11, 0x95,
    0x49, 0xB8, 0xC6, 0xA9, 0x4C, 0x69, 0x26, 0x0A, 0x59, 0x76, 0xF2, 0xBB, 0x22, 0x33, 0x0E, 0xEC,
    0xB6, 0x88, 0x78, 0x83, 0xA0, 0xEE, 0x4C, 0x45, 0xA8, 0xC8, 0x4D, 0x76, 0xE4, 0x9B, 0xCC, 0x52,
    0xAB, 0xB7, 0x2C, 0x09, 0x62, 0xE9, 0x87, 0xCC, 0x92, 0xD9, 0xB2, 0x84, 0xA8, 0xCA, 0x41, 0x9E,
    0x67, 0x96, 0x48, 0xBB, 0x2E, 0xA5, 0xC8, 0x49, 0xD8, 0x23, 0x8A, 0x24, 0x4B, 0x32, 0x46, 0x62,
    0xCB, 0x6B, 0x6E, 0x92, 0xE0, 0xF5, 0x33, 0x48, 0x26, 0x6F, 0x6B, 0xFA, 0x6A, 0x33, 0xD2, 0xF4,
    0xF0, 0x6E, 0xC5, 0xFD, 0xC8, 0xA8, 0xD8, 0xE4, 0xE5, 0xBD, 0x68, 0xCA, 0x71, 0x44, 0x9C, 0xCA,
    0x68, 0xBE, 0x0A, 0x8C, 0x3A, 0x32, 0x17, 0x94, 0x45, 0x8F, 0xFF, 0x01, 0x24, 0xAE, 0x01, 0xFA,
    0x6E, 0x0B, 0xD0, 0x00, 0xD6, 0x67, 0x63, 0xB8, 0xFE, 0x5F, 0x80, 0x54, 0xFA, 0xE0, 0x40, 0xA3,
    0x4C, 0xF1, 0xE6, 0xC7, 0xF4, 0x46, 0x33, 0xCF, 0x1B, 0xEE, 0xB8, 0xAB, 0x7D, 0x99, 0x9D, 0x59,
    0x91, 0x28, 0xAC, 0xA3, 0x5B, 0xE2, 0x41, 0x13, 0x16, 0x2B, 0xBD, 0xE3, 0x33, 0x3D, 0x6C, 0x06,
    0xF3, 0x38, 0x6B, 0xF4, 0x59, 0xBE, 0xAC, 0x5F, 0xF3, 0xD3, 0x64, 0xE0, 0x68, 0x16, 0x8B, 0x9E,
    0x4C, 0xDB, 0xA3, 0xAC, 0x36, 0xD6, 0x97, 0x91, 0x3F, 0x1A, 0xC8, 0x0C, 0x45, 0xDC, 0xD0, 0x49,
    0x30, 0xD0, 0xB0, 0x2F, 0x7F, 0x61, 0x57, 0x1B, 0x72, 0x75, 0x6F, 0xCD, 0x4F, 0x7F, 0xFE, 0x7B,
    0x54, 0xE9, 0xD6, 0xA5, 0x36, 0xB8, 0x1D, 0xDE, 0xA1, 0x01, 0xB2, 0x47, 0xB0, 0x8D, 0x78, 0xFE,
    0x30, 0xCA, 0xBB, 0x9D, 0x55, 0xE5, 0x18, 0xD9, 0x6F, 0x41, 0x2D, 0x68, 0x8F, 0xFB, 0x8D, 0xEC,
    0xB1, 0xD3, 0x8B, 0xC6, 0x9E, 0x46, 0xD8, 0x7F, 0x9A, 0x6A, 0x8B, 0x48, 0x1E, 0x76, 0xE3, 0xCA,
    0x27, 0x13, 0xCC, 0xC9, 0x15, 0xFD, 0x43, 0xBA, 0x9D, 0xA9, 0x7A, 0x15, 0x3F, 0xE5, 0xCF, 0x30,
    0xE2, 0xFE, 0x59, 0x8A, 0x66, 0xF1, 0xC5, 0xD3, 0xB0, 0x3A, 0x26, 0x40, 0x76, 0x7B, 0xEC, 0x86,
    0xAC, 0x3B, 0x8D, 0x07, 0xFB, 0x83, 0x26, 0x7C, 0xE0, 0x3F, 0x0D, 0xE2, 0xD1, 0x40, 0x5C, 0xD3,
    0xAF, 0x42, 0xCD, 0xA5, 0xAD, 0xD8, 0xE5, 0xBA, 0x1E, 0x28, 0x8C, 0x4E, 0x9A, 0x10, 0xEA, 0x94,
    0x7F, 0xDF, 0xF3, 0x27, 0x51, 0x4C, 0x0F, 0x68, 0xBE, 0x25, 0x0D, 0xD7, 0x08, 0x65, 0x60, 0x94,
    0x6E, 0xC5, 0xEF, 0x63, 0xDD, 0xEF, 0xF6, 0x4B, 0x67, 0x8A, 0x81, 0x75, 0x0A, 0xB1, 0x0E, 0xB2,
    0x19, 0xAB, 0xC0, 0x9D, 0x79, 0x60, 0x9B, 0x65, 0xFA, 0x75, 0x2C, 0x92, 0x79, 0x19, 0xC4, 0xC9,
    0x40, 0x01, 0xB4, 0xBB, 0xDC, 0x0F, 0xF4, 0x5F, 0x20, 0xAF, 0x14, 0xF3, 0x14, 0x3B, 0x0A, 0xB7,
    0xE2, 0x0F, 0xA7, 0xC7, 0x5D, 0x64, 0x17, 0x6F, 0xBF, 0xEC, 0x97, 0xC4, 0xC8, 0x9F, 0x91, 0xAA,
    0x11, 0x87, 0xBD, 0xDC, 0xCF, 0x72, 0xCD, 0x05, 0x5D, 0xB5, 0xF5, 0xA6, 0x20, 0xD3, 0x76, 0x37,
    0x04, 0x2F, 0xEF, 0x98, 0x6F, 0x41, 0x78, 0x70, 0x37, 0x16, 0x51, 0x38, 0x2A, 0xBC, 0x1C, 0xD7,
    0x50, 0xD3, 0x0C, 0x13, 0xF1, 0x43, 0xA4, 0x56, 0xA9, 0xCB, 0xF3, 0xB2, 0x77, 0xCC, 0x9E, 0x3A,
    0x3B, 0x53, 0x1F, 0xDE, 0x50, 0x87, 0x67, 0xC3, 0xDE, 0xB2, 0x48, 0x4D, 0x71, 0x44, 0x36, 0xB5,
    0x48, 0xA3, 0x78, 0x56, 0x05, 0x62, 0x8E, 0xBE, 0xD5, 0xDC, 0x55, 0x97, 0x9D, 0x39, 0xFA, 0x17,
    0x75, 0x57, 0xBF, 0xAF, 0xD7, 0xD6, 0x15, 0x3F, 0xB6, 0x03, 0x56, 0xEB, 0xC1, 0x0C, 0xA9, 0xDA,
    0x8A, 0xC1, 0x6B, 0x5A, 0x25, 0x38, 0x52, 0x97, 0x0C, 0x0F, 0xAE, 0xF3, 0xD8, 0xCA, 0x00, 0x03,
    0x6F, 0xEA, 0xC0, 0xD2, 0xA1, 0xE9, 0x42, 0x86, 0x0E, 0x89, 0xF4, 0x05, 0x9B, 0xBE, 0x21, 0x03,
    0x03, 0xFC, 0x07, 0xB0, 0x33, 0x64, 0xC9, 0xF0, 0xA4, 0x7E, 0x8B, 0x2F, 0x20, 0x95, 0x21, 0xC3,
    0xB3, 0x8A, 0x3A, 0xB5, 0x52, 0x1C, 0x88, 0x84, 0x54, 0x2A, 0xB8, 0xE4, 0xF9, 0x25, 0x86, 0x5C,
    0xFB, 0xF4, 0xF3, 0xB9, 0xFE, 0x02, 0xE9, 0xD0, 0x87, 0xB8, 0xB6, 0xEF, 0xCF, 0x73, 0x3F, 0xE7,
    0x73, 0x3E, 0xE7, 0x7C, 0x45, 0x76, 0x44, 0xA4, 0xD6, 0x5E, 0xB2, 0xF9, 0x73, 0x2B, 0xDA, 0x94,
    0x92, 0x0D, 0xB2, 0x27, 0xC6, 0x8A, 0xC4, 0x13, 0x86, 0xF2, 0x03, 0x55, 0x6F, 0xBE, 0x54, 0x7D,
    0x3E, 0xA7, 0x43, 0xB6, 0x3B, 0x96, 0xF6, 0x44, 0xEE, 0x54, 0xCE, 0x95, 0x0F, 0xFC, 0xBB, 0x62,
    0x9E, 0x39, 0x27, 0x46, 0xD5, 0xCA, 0x71, 0x9D, 0x31, 0xD7, 0x7D, 0x21, 0x62, 0xEE, 0x54, 0x22,
    0xB3, 0x7C, 0x22, 0xE9, 0x10, 0x77, 0xD2, 0xAA, 0x56, 0x09, 0x76, 0xE0, 0x4E, 0x97, 0xD0, 0x1C,
    0x58, 0x89, 0x5A, 0xEC, 0xAB, 0x3A, 0x49, 0xED, 0xB5, 0x2B, 0xBE, 0xDF, 0xF7, 0xA9, 0xFF, 0xF4,
    0x89, 0xD5, 0xB3, 0x97, 0x7C, 0xE9, 0x0E, 0xF6, 0x77, 0xA7, 0x62, 0x25, 0xF5, 0xDD, 0x27, 0x4D,
    0xE6, 0x4F, 0x3A, 0xD1, 0xDD, 0x7D, 0xC9, 0xC7, 0x4F, 0x7B, 0xD1, 0x33, 0x97, 0x24, 0x1F, 0xB0,
    0x5A, 0x6F, 0xAC, 0xDE, 0xC9, 0xE6, 0x27, 0x57, 0xAD, 0x99, 0x06, 0x1F, 0xEB, 0x7E, 0x6E, 0x73,
    0x7D, 0x38, 0x4A, 0x89, 0x73, 0x44, 0xE7, 0x4A, 0xB0, 0x5A, 0xE2, 0x27, 0x8D, 0xC8, 0xC9, 0x01,
    0xC7, 0xC9, 0xCF, 0xCE, 0x09, 0xC6, 0x06, 0x29, 0x5F, 0xB6, 0x5D, 0x3E, 0xCA, 0x14, 0xCF, 0x92,
    0xDB, 0xDA, 0x8A, 0xCF, 0x9D, 0xE4, 0x77, 0x61, 0xF3, 0x9E, 0xE9, 0x44, 0x52, 0xDA, 0xD7, 0xE2,
    0xCA, 0xF9, 0x78, 0xF1, 0x49, 0xA7, 0x57, 0x55, 0xF3, 0xA1, 0xF8, 0xBE, 0xD3, 0xED, 0x09, 0x3D,
    0xA6, 0x91, 0xF6, 0xDE, 0xF0, 0x87, 0xD4, 0x9B, 0xCC, 0x9A, 0xC7, 0xCE, 0x47, 0xAA, 0x65, 0x93,
    0xAA, 0x8E, 0x92, 0xE3, 0x12, 0x72, 0xE4, 0xBC, 0xF0, 0x3A, 0x38, 0x1F, 0x36, 0x00, 0x09, 0xB5,
    0x19, 0x30, 0x71, 0xB1, 0xC7, 0x52, 0xB9, 0x2D, 0x29, 0xCE, 0x90, 0x18, 0xC6, 0x11, 0x27, 0x2E,
    0xE1, 0x1A, 0x8C, 0xC8, 0x32, 0x02, 0x7C, 0x02, 0x82, 0x30, 0xC0, 0x38, 0x82, 0xE4, 0x5F, 0x8D,
    0x84, 0x35, 0xD8, 0x4D, 0x96, 0x11, 0x9C, 0xDA, 0x71, 0x3A, 0x57, 0x6E, 0xEE, 0x85, 0xAF, 0x8A,
    0x47, 0x63, 0x54, 0xEF, 0x4D, 0xBC, 0x40, 0x0B, 0x57, 0x76, 0x3F, 0xD9, 0x6C, 0x55, 0x8C, 0x61,
    0x95, 0x36, 0x70, 0x2F, 0xFC, 0xFB, 0x3F, 0x5B, 0xBD, 0xEA, 0x8C, 0x95, 0x9B, 0xE1, 0x4B, 0x82,
    0xC7, 0xA5, 0xEC, 0xB9, 0x90, 0x0D, 0x2F, 0xD3, 0x60, 0x8E, 0xF6, 0x85, 0xEA, 0xE6, 0xD4, 0x5F,
    0xB0, 0x59, 0xB1, 0x71, 0xC7, 0x1F, 0xF7, 0x75, 0xA7, 0xFA, 0x52, 0xED, 0x45, 0xDE, 0x3A, 0x3F,
    0xD4, 0xD6, 0x16, 0x5F, 0xCF, 0x6A, 0x8B, 0x3B, 0xF8, 0x2C, 0xEF, 0xEA, 0xC5, 0xA6, 0xDC, 0x9D,
    0x4D, 0x63, 0x76, 0xBD, 0xA9, 0xCC, 0xE9, 0x01, 0x4D, 0xEA, 0x6A, 0xA9, 0x73, 0x36, 0xA5, 0x6B,
    0xA5, 0xAD, 0xFB, 0xF6, 0x58, 0xAB, 0x7D, 0xEB, 0xF4, 0xAB, 0xAE, 0xBC, 0x9E, 0xF1, 0xB2, 0x27,
    0xB8, 0x75, 0x8A, 0x3D, 0xF4, 0x43, 0x75, 0xA9, 0x76, 0xD9, 0x2C, 0x65, 0x93, 0x60, 0xF7, 0x4E,
    0x74, 0x48, 0x80, 0xD3, 0x2C, 0x40, 0x55, 0x6D, 0x1D, 0xF0, 0x9E, 0x4C, 0x40, 0x7D, 0x36, 0x0F,
    0x46, 0x31, 0x67, 0x86, 0xE9, 0x47, 0x9D, 0x1F, 0xFA, 0x14, 0xA8, 0x60, 0x1A, 0x88, 0xD1, 0x94,
    0xB3, 0x64, 0x5D, 0x0A, 0x1A, 0x0E, 0x84, 0xC0, 0x4B, 0xE9, 0x12, 0xEC, 0xEE, 0x05, 0x98, 0x2B,
    0x61, 0xD6, 0x17, 0xE1, 0x72, 0x0B, 0x2A, 0xFC, 0x83, 0x79, 0xFD, 0xAF, 0x97, 0x97, 0x12, 0xE6,
    0x12, 0x9B, 0xBE, 0x18, 0x02, 0x52, 0xA6, 0xCB, 0x0F, 0x67, 0x29, 0x06, 0xBE, 0xC0, 0x69, 0x24,
    0xB1, 0x25, 0x3E, 0x18, 0x6D, 0xAD, 0x39, 0xF0, 0xA9, 0xBB, 0x0D, 0x34, 0xDB, 0x7B, 0x3E, 0x1B,
    0x3E, 0x10, 0xFD, 0x4C, 0x53, 0x9F, 0x79, 0xBA, 0x68, 0xCC, 0xC6, 0x44, 0x71, 0xC4, 0x5C, 0x65,
    0x43, 0xAC, 0x96, 0xB0, 0xE7, 0x83, 0xB4, 0x2E, 0xBC, 0x38, 0x29, 0x7D, 0x02, 0x97, 0x17, 0xEE,
    0xAD, 0xCC, 0x27, 0x13, 0xBD, 0x70, 0x39, 0xF1, 0xE4, 0x64, 0xD9, 0xCF, 0x89, 0x3F, 0x3E, 0x55,
    0x52, 0x7E, 0x87, 0xE8, 0x6B, 0xC1, 0x00, 0x1E, 0xD6, 0xF1, 0x25, 0x9D, 0x80, 0xCE, 0x2B, 0xE3,
    0x69, 0x7B, 0xC7, 0x97, 0xC2, 0xB5, 0x6E, 0x63, 0xF9, 0xB8, 0x18, 0x9E, 0xBF, 0x79, 0x1E, 0x0F,
    0x66, 0x03, 0x05, 0x5A, 0x0D, 0x14, 0x82, 0xD1, 0x75, 0x97, 0xD2, 0x1B, 0x7F, 0x53, 0x58, 0xB6,
    0x45, 0x4B, 0x65, 0xB1, 0xD8, 0xC1, 0x11, 0x78, 0x9E, 0xF1, 0x38, 0xC4, 0x46, 0x4A, 0xB3, 0x14,
    0xE6, 0x22, 0x7E, 0xC4, 0x8C, 0xF1, 0x1C, 0xD1, 0x70, 0x5A, 0xAD, 0xF2, 0x5E, 0x42, 0xA3, 0x71,
    0xEB, 0x60, 0x73, 0x6B, 0xE7, 0x64, 0xAC, 0xB5, 0xAB, 0xE7, 0xF6, 0x86, 0x83, 0xA1, 0xC5, 0x5C,
    0x06, 0x58, 0xA3, 0xF3, 0xD1, 0x79, 0x31, 0x3E, 0xBF, 0xAB, 0xFB, 0x9A, 0xC1, 0xCA, 0xDB, 0x98,
    0xDD, 0x97, 0x56, 0x63, 0x97, 0xB9, 0xDA, 0xFA, 0xC8, 0x1B, 0x77, 0x19, 0xF4, 0x98, 0xCA, 0xAA,
    0xB8, 0xAF, 0x67, 0x2D, 0x99, 0xA7, 0xBC, 0x2C, 0xBC, 0x3D, 0x2B, 0x63, 0x0E, 0x70, 0x87, 0x4E,
    0xD1, 0x87, 0x70, 0xA3, 0x71, 0x75, 0x0F, 0x03, 0xE0, 0x89, 0x64, 0x26, 0x52, 0x4A, 0x5F, 0x1A,
    0x6B, 0x2A, 0xC9, 0xFA, 0xDC, 0x4A, 0x4C, 0xBA, 0xC8, 0x79, 0xFC, 0x43, 0x90, 0xB8, 0x55, 0xAB,
    0x7E, 0xB5, 0x96, 0xF5, 0x6A, 0xFD, 0xF6, 0x6A, 0xB5, 0x5E, 0xFD, 0xBF, 0xFF, 0xB2, 0x5A, 0x5F,
    0xDA, 0x59, 0xAF, 0x6B, 0xF5, 0xF8, 0x0F, 0xF5, 0x88, 0x2E, 0x62, 0x8F, 0x24, 0x68, 0xD7, 0xCF,
    0xE7, 0x10, 0x27, 0x21, 0xDC, 0x94, 0x7A, 0x09, 0x13, 0x8E, 0x5C, 0x80, 0x63, 0x32, 0xEA, 0x5E,
    0x49, 0xE6, 0x18, 0x07, 0x17, 0x18, 0x30, 0x06, 0xE0, 0x67, 0x0C, 0x7E, 0x38, 0x1C, 0x4F, 0x05,
    0x81, 0x01, 0x3B, 0x9E, 0x64, 0x4D, 0x1F, 0x46, 0xE0, 0x75, 0x22, 0xD7, 0x10, 0xB4, 0x9E, 0x3E,
    0x1B, 0x8E, 0xC5, 0xBC, 0x1F, 0x42, 0xB6, 0xFE, 0x46, 0xDE, 0xFC, 0x41, 0x64, 0x06, 0xFA, 0xD8,
    0x87, 0xAF, 0x9D, 0x2A, 0xF4, 0x34, 0x54, 0x6A, 0x47, 0x09, 0x09, 0x0A, 0x63, 0x24, 0x83, 0xAA,
    0x34, 0xC0, 0x20, 0xE9, 0x49, 0xA2, 0x9B, 0x41, 0x51, 0xCA, 0x45, 0x51, 0x18, 0xC8, 0x81, 0x00,
    0x2D, 0xF9, 0x51, 0x06, 0xA9, 0xA0, 0xDE, 0x91, 0x7C, 0x47, 0x1B, 0x4C, 0x8F, 0x1D, 0x65, 0x6F,
    0xE4, 0xF7, 0x65, 0xB0, 0xA8, 0x2A, 0x41, 0xB5, 0xB9, 0xED, 0x36, 0x6A, 0x13, 0xED, 0x90, 0x5A,
    0x73, 0x4D, 0x21, 0xB8, 0xA0, 0x7D, 0x4C, 0x6F, 0x03, 0x84, 0x80, 0x74, 0x20, 0x6E, 0x4B, 0xE9,
    0x6C, 0x2B, 0x89, 0xE7, 0x36, 0x40, 0x13, 0x54, 0xCE, 0x02, 0x33, 0xF2, 0x91, 0xCD, 0x10, 0x29,
    0x65, 0xB5, 0xBD, 0x06, 0x38, 0xCD, 0xDF, 0x03, 0xEB, 0x21, 0xBE, 0x89, 0x87, 0x51, 0x91, 0x92,
    0x43, 0xB5, 0x35, 0x7D, 0xAC, 0x53, 0x4A, 0x52, 0x37, 0x2D, 0x25, 0xFB, 0xC8, 0xB9, 0xA0, 0x3D,
    0x23, 0x97, 0x3F, 0x00, 0x9C, 0x26, 0xB7, 0xDA, 0xF8, 0xCB, 0xC9, 0x94, 0x3C, 0xBF, 0x99, 0x0F,
    0xBF, 0xAD, 0x00, 0x3E, 0xA3, 0x16, 0xD7, 0xCB, 0x67, 0xBE, 0x7C, 0x5D, 0xF1, 0x76, 0x12, 0xFF,
    0x40, 0x91, 0x2A, 0xA7, 0x20, 0x20, 0xB4, 0x05, 0x63, 0xCF, 0x46, 0xD9, 0xDC, 0x97, 0x96, 0x91,
    0x26, 0x31, 0xFB, 0xB3, 0x0D, 0xA0, 0x41, 0xCE, 0x24, 0xC4, 0x47, 0x4A, 0xF1, 0x3B, 0x4E, 0xA2,
    0xC6, 0xDF, 0xD4, 0x00, 0x29, 0x93, 0x61, 0x4D, 0xD2, 0x3A, 0x83, 0x36, 0xE9, 0xCA, 0x30, 0xA5,
    0xC0, 0x26, 0x59, 0xC3, 0x36, 0xAF, 0x0A, 0x06, 0x9B, 0xA0, 0xBF, 0x78, 0x2A, 0xA6, 0xE8, 0x3F,
    0xF8, 0xAB, 0x9C, 0xFC, 0x62, 0xEB, 0xE3, 0x2D, 0x59, 0xBB, 0x77, 0xFF, 0xA4, 0xDB, 0xCF, 0xC7,
    0x55, 0xF1, 0xE7, 0x79, 0xFB, 0x19, 0xF1, 0x4F, 0xEC, 0xEB, 0x03, 0x24, 0xA8, 0x9C, 0xE4, 0xE1,
    0x5C, 0xC8, 0xB4, 0xBC, 0x0D, 0x28, 0xE4, 0xC4, 0xFB, 0xF2, 0xC2, 0x26, 0x8F, 0x25, 0xFB, 0x0F,
    0x95, 0x17, 0x0C, 0xDE, 0x42, 0x56, 0x92, 0xDF, 0xB8, 0xE8, 0x69, 0x9F, 0x1F, 0xD8, 0xF6, 0xEA,
    0xEE, 0xBF, 0xF2, 0xF7, 0xDE, 0x3F, 0x49, 0x43, 0x13, 0x50, 0xBE, 0xA2, 0xDB, 0xC3, 0x36, 0x21,
    0xF6, 0x37, 0xF9, 0x64, 0xA0, 0xD1, 0xF0, 0x4C, 0x93, 0x87, 0x90, 0x09, 0xD1, 0x02, 0xF5, 0x20,
    0xFF, 0xF8, 0xBA, 0xF4, 0xA6, 0x41, 0x65, 0xEA, 0xBB, 0xA4, 0x50, 0xF0, 0xAF, 0xEA, 0xF5, 0x40,
    0x85, 0x0D, 0x40, 0x60, 0x62, 0xC8, 0x3B, 0x8B, 0x80, 0xD0, 0x74, 0xB2, 0x3E, 0x21, 0xC3, 0xE1,
    0x56, 0xB7, 0xA8, 0x24, 0x1F, 0x19, 0x2E, 0x13, 0xB5, 0x2F, 0x02, 0xAD, 0x60, 0xC1, 0xFD, 0x31,
    0xD2, 0x0B, 0x19, 0x94, 0x65, 0xAF, 0xAC, 0x74, 0xB7, 0x5F, 0x67, 0x3E, 0xDF, 0x76, 0xA6, 0xDF,
    0xA2, 0x8B, 0x1D, 0x62, 0x20, 0x43, 0x70, 0xF4, 0xA7, 0x76, 0xCE, 0x69, 0xF3, 0xBD, 0x3E, 0x9A,
    0xD3, 0x7D, 0x3D, 0x3B, 0x14, 0x05, 0x26, 0xEC, 0xD5, 0xB6, 0xDD, 0x7D, 0x08, 0x29, 0xC9, 0xCF,
    0x0E, 0xC9, 0xBC, 0x32, 0x16, 0xA2, 0xAD, 0x70, 0xDF, 0x33, 0x4F, 0x06, 0xC1, 0x17, 0x2F, 0xAA,
    0x0D, 0x70, 0xE5, 0x12, 0x0F, 0x1F, 0xC9, 0xEB, 0x3C, 0x15, 0x72, 0x25, 0xEB, 0x93, 0x8C, 0x96,
    0x27, 0xCC, 0x6F, 0x71, 0xC8, 0x52, 0x33, 0xCD, 0x6F, 0x39, 0xC9, 0x9C, 0xC5, 0xA4, 0x12, 0x89,
    0x91, 0x29, 0x61, 0x0A, 0x10, 0x54, 0xE9, 0x08, 0x48, 0x12, 0xC8, 0xC9, 0x8F, 0x3B, 0xEB, 0x0A,
    0xFA, 0x65, 0x58, 0xFC, 0x00, 0xFF, 0xB2, 0x37, 0x0A, 0x8A, 0x9D, 0x65, 0x16, 0xEA, 0x96, 0x3C,
    0x9B, 0x85, 0xF0, 0x7E, 0x09, 0x65, 0x35, 0x4D, 0x89, 0x20, 0x66, 0x66, 0xBD, 0xCC, 0xE6, 0x6D,
    0x09, 0x2A, 0x5B, 0x3B, 0x0A, 0xD5, 0x4C, 0xD6, 0xCE, 0x8C, 0x17, 0x7A, 0xC5, 0x2D, 0x07, 0xB0,
    0x41, 0x2E, 0x6A, 0x02, 0x59, 0xA3, 0x0A, 0xD9, 0x1D, 0xF5, 0xCA, 0x28, 0x85, 0xC5, 0x5B, 0x69,
    0x33, 0x1C, 0x0B, 0x79, 0xB8, 0xA5, 0x24, 0xF5, 0xB8, 0xC4, 0xDB, 0x86, 0x30, 0xAB, 0x0D, 0xC2,
    0xA1, 0x4E, 0x7A, 0x76, 0xA1, 0x2B, 0x9C, 0x5B, 0xA7, 0xBE, 0xC8, 0xAC, 0x6E, 0xF7, 0xA8, 0x93,
    0x4E, 0x1E, 0x3D, 0x3D, 0x61, 0x5E, 0x6D, 0x57, 0xC0, 0x37, 0xA5, 0xE9, 0x7B, 0x08, 0x74, 0xF0,
    0x42, 0x2B, 0x48, 0xC3, 0x00, 0x76, 0xEA, 0x15, 0xB7, 0x95, 0xF9, 0x13, 0x28, 0x59, 0xEE, 0x75,
    0xA8, 0x93, 0xB6, 0x58, 0x27, 0xDD, 0xDD, 0xD4, 0x49, 0x17, 0x51, 0x27, 0xC9, 0xB0, 0x61, 0x62,
    0xE4, 0x36, 0x6A, 0x13, 0xED, 0x15, 0x50, 0xA4, 0x6B, 0xB0, 0xEE, 0x50, 0xAB, 0x48, 0x29, 0x64,
    0xDF, 0x42, 0xA8, 0x14, 0xB9, 0x83, 0x57, 0x59, 0xB4, 0xF8, 0x4B, 0x8F, 0x03, 0x11, 0xD2, 0xBA,
    0x4F, 0xF5, 0xA1, 0x84, 0x5D, 0x18, 0xB8, 0x00, 0xE8, 0x73, 0xC1, 0x01, 0x95, 0x0D, 0xB2, 0x63,
    0x1E, 0x4D, 0xC8, 0x50, 0x75, 0x27, 0xF5, 0xFD, 0xF9, 0x97, 0x99, 0x37, 0x50, 0x03, 0xDB, 0x52,
    0xDA, 0x58, 0x2D, 0x11, 0xCF, 0x48, 0x9F, 0x68, 0x55, 0x8C, 0x11, 0x05, 0x32, 0x75, 0xE9, 0x24,
    0x05, 0xA1, 0xFD, 0x48, 0xDA, 0xE0, 0xC8, 0x8E, 0x2E, 0x1D, 0x18, 0xCA, 0x13, 0x3F, 0x67, 0x59,
    0x02, 0x5A, 0x6A, 0xBE, 0x15, 0x3E, 0xFB, 0xEA, 0x73, 0x24, 0x66, 0x9D, 0xDA, 0x3B, 0x4F, 0x57,
    0x7F, 0x99, 0x92, 0xC3, 0x03, 0xED, 0x96, 0x7A, 0x8C, 0x95, 0xE5, 0x27, 0xDF, 0xF6, 0x21, 0x2C,
    0x74, 0x0E, 0x66, 0xBF, 0x51, 0x53, 0x7E, 0x7A, 0x7A, 0xCA, 0x97, 0x57, 0x34, 0x1A, 0x4D, 0xA4,
    0xF1, 0x60, 0x90, 0xD1, 0xDC, 0xAF, 0x92, 0x39, 0xBA, 0x29, 0xCC, 0x70, 0x4B, 0x13, 0xAA, 0xC1,
    0xEC, 0x75, 0x13, 0x04, 0x34, 0x44, 0x49, 0x68, 0x18, 0x24, 0x41, 0x46, 0x42, 0x23, 0x55, 0x08,
    0x0E, 0x2A, 0x18, 0xE0, 0x39, 0x0A, 0xA3, 0x8F, 0xFC, 0x4E, 0xFF, 0x51, 0xF1, 0x94, 0x9F, 0xDE,
    0xD2, 0x7F, 0x43, 0x4E, 0x07, 0xDE, 0x85, 0x17, 0x80, 0xAA, 0x82, 0x42, 0xE1, 0x5E, 0x86, 0xC7,
    0x70, 0x24, 0x14, 0x65, 0xE9, 0x24, 0x8B, 0x56, 0x87, 0x79, 0xEC, 0x8E, 0xD8, 0x9D, 0x93, 0xD4,
    0x86, 0x5D, 0x7F, 0xAC, 0x28, 0xC8, 0x16, 0xC9, 0x9F, 0x35, 0x81, 0xE7, 0x78, 0xDA, 0x48, 0xF9,
    0x03, 0x14, 0x81, 0x1A, 0x50, 0x0F, 0x1F, 0x23, 0x12, 0x5B, 0x66, 0xA5, 0xEB, 0xE9, 0xB5, 0x10,
    0xDD, 0x36, 0x88, 0xDC, 0xCE, 0x0B, 0xD4, 0xF3, 0xDF, 0xE4, 0x43, 0x32, 0x41, 0xDA, 0x0D, 0x52,
    0x7E, 0x36, 0x24, 0x4C, 0x94, 0xA6, 0x37, 0x36, 0x99, 0x71, 0x1B, 0xA4, 0x3A, 0x60, 0x8C, 0x2D,
    0xE2, 0x90, 0xDF, 0xA8, 0xAC, 0x92, 0x1C, 0xF2, 0xD2, 0xC5, 0x63, 0xB7, 0xA4, 0x0D, 0x9D, 0x43,
    0xEE, 0xD5, 0xED, 0xD0, 0x2E, 0x3D, 0xA8, 0xAC, 0xA2, 0x8B, 0x63, 0x4C, 0x09, 0xEE, 0x73, 0x18,
    0x59, 0x36, 0xE6, 0x4C, 0x73, 0x6C, 0x8D, 0x89, 0xD9, 0x23, 0x97, 0x85, 0x79, 0x24, 0xFE, 0x90,
    0x69, 0x31, 0xE3, 0x60, 0x7F, 0x8A, 0xC2, 0x35, 0xC8, 0xE6, 0x96, 0x42, 0x27, 0x37, 0xB8, 0xC3,
    0xCB, 0x36, 0x80, 0x18, 0xF0, 0x0C, 0x7E, 0xDA, 0xD9, 0x78, 0xEA, 0xAD, 0xE5, 0xB1, 0xA8, 0xF4,
    0x22, 0xD0, 0x72, 0x9C, 0x9C, 0x25, 0x0C, 0xC1, 0x11, 0x8F, 0xBF, 0xA3, 0xC1, 0xF5, 0x69, 0x57,
    0x03, 0x1A, 0x9F, 0xB8, 0x12, 0x49, 0x65, 0x48, 0x1D, 0x8C, 0xC9, 0x7B, 0x14, 0x00, 0x60, 0x22,
    0x8A, 0x46, 0xFC, 0x90, 0xA9, 0xAB, 0xBC, 0x4B, 0x47, 0x5C, 0x39, 0x87, 0xFA, 0x45, 0xA8, 0xDC,
    0x6C, 0x28, 0x56, 0x4A, 0x1B, 0x6A, 0x15, 0x04, 0x1F, 0x33, 0x51, 0x78, 0x20, 0xAE, 0x2B, 0x04,
    0x18, 0xAA, 0x46, 0x3C, 0x50, 0x25, 0xB7, 0xA0, 0x01, 0xAC, 0x45, 0xED, 0xE8, 0x41, 0xE3, 0x9E,
    0x0F, 0x1B, 0xEA, 0xF3, 0xD6, 0x2E, 0x9C, 0x50, 0xFE, 0xDA, 0x28, 0x03, 0xC3, 0xF4, 0x0A, 0x5C,
    0x85, 0xD2, 0x0A, 0x21, 0xE1, 0x20, 0x2D, 0xD8, 0xB9, 0x66, 0x89, 0x87, 0x80, 0x80, 0x20, 0xE3,
    0x98, 0x8E, 0xFC, 0x76, 0xA8, 0xEA, 0x71, 0xC0, 0x44, 0x37, 0x85, 0x38, 0xBC, 0xBE, 0xC9, 0x4D,
    0x41, 0x75, 0x43, 0xF1, 0x69, 0x96, 0x3A, 0xBD, 0xD9, 0x64, 0xAD, 0x98, 0x3E, 0x67, 0xFD, 0x12,
    0x00, 0x48, 0x1E, 0xF1, 0xE0, 0x25, 0x2A, 0xD0, 0x16, 0x0A, 0xB2, 0x97, 0x7A, 0xAD, 0x96, 0xE2,
    0xE0, 0xD1, 0xBE, 0xCD, 0x87, 0xC3, 0x03, 0x94, 0x1D, 0xAB, 0xBD, 0x31, 0x99, 0x8A, 0x53, 0xC0,
    0x29, 0xBB, 0x86, 0xBC, 0x78, 0xEF, 0x81, 0x85, 0x15, 0x87, 0xAC, 0x16, 0xDE, 0xF9, 0xFD, 0xC6,
    0xC9, 0x6D, 0xF3, 0xEA, 0x4C, 0xF2, 0xFC, 0x26, 0x53, 0xFA, 0x9A, 0x75, 0xBF, 0x61, 0x2E, 0x2A,
    0x1A, 0x3A, 0xAE, 0x63, 0x94, 0x04, 0x47, 0xD2, 0x05, 0xC9, 0x3E, 0x56, 0x44, 0x07, 0x34, 0x75,
    0xED, 0xE8, 0x81, 0x29, 0x10, 0x83, 0x95, 0x49, 0xCA, 0x1F, 0x5D, 0x16, 0x68, 0x41, 0x23, 0x36,
    0x25, 0x4F, 0xCA, 0x52, 0x30, 0x66, 0x65, 0xC9, 0xDF, 0x23, 0x96, 0x77, 0xAA, 0x18, 0x7A, 0x03,
    0x46, 0xD2, 0x30, 0x42, 0x70, 0x83, 0xF4, 0xA1, 0x9C, 0xAC, 0x08, 0xA4, 0xC5, 0x9A, 0x9A, 0xA5,
    0x70, 0x1B, 0xCE, 0x74, 0x2C, 0x1F, 0x00, 0xCE, 0x09, 0xFE, 0xD2, 0xC8, 0x6F, 0xD0, 0x82, 0x7F,
    0x32, 0xE1, 0x1C, 0x04, 0xEE, 0x04, 0x8D, 0x2C, 0x81, 0x60, 0xAC, 0xB7, 0xFC, 0x52, 0x05, 0xC1,
    0x4D, 0x3E, 0x94, 0x31, 0x60, 0xB9, 0x9C, 0x0B, 0xF9, 0x6B, 0xC9, 0x5C, 0xAF, 0x23, 0x9A, 0x95,
    0x0E, 0xEB, 0xB0, 0xB4, 0x8B, 0xE0, 0x11, 0x58, 0xD6, 0x17, 0x8C, 0x26, 0x20, 0x1D, 0xEB, 0x8F,
    0x0B, 0x2E, 0x5E, 0x3E, 0x20, 0x10, 0x7E, 0xF9, 0x54, 0xFF, 0x05, 0xAD, 0x55, 0x3B, 0x8F, 0x14,
    0x47, 0x10, 0xAE, 0xE9, 0x3E, 0x7B, 0x24, 0x5A, 0xBA, 0x22, 0xB4, 0x7C, 0x12, 0x4B, 0xE0, 0x80,
    0xC0, 0xDC, 0x24, 0x04, 0x04, 0x33, 0x37, 0x93, 0x11, 0x10, 0xC0, 0xCF, 0x70, 0x62, 0x91, 0x10,
    0x10, 0x0C, 0xDA, 0x91, 0x1C, 0x38, 0x70, 0x60, 0x7E, 0x02, 0xFF, 0xC0, 0xC9, 0x06, 0x17, 0x9C,
    0x6F, 0x5A, 0x6C, 0xB0, 0x81, 0x83, 0x1B, 0x89, 0x80, 0x80, 0x80, 0x95, 0x40, 0x22, 0x82, 0x6B,
    0xA4, 0x09, 0x16, 0xB1, 0xBB, 0xE3, 0x7A, 0xCC, 0xBE, 0xCE, 0x36, 0x0F, 0x99, 0xD1, 0x6D, 0xF7,
    0x5E, 0x75, 0x4F, 0xD5, 0x57, 0xDF, 0x57, 0x55, 0x0B, 0xA0, 0x4F, 0x14, 0x64, 0x4B, 0x64, 0xFB,
    0x76, 0x29, 0xFF, 0x0C, 0xA7, 0xB2, 0x75, 0xF2, 0x2C, 0xFB, 0x2D, 0x51, 0xA3, 0x59, 0x16, 0xB2,
    0x0F, 0xF4, 0xBD, 0xE8, 0x31, 0x6C, 0x3D, 0x7F, 0x02, 0x2C, 0xC1, 0x74, 0x60, 0xBB, 0x2A, 0xEE,
    0x3C, 0x9E, 0x36, 0x58, 0x86, 0xEB, 0x65, 0x9B, 0x96, 0x0F, 0xAE, 0x95, 0x37, 0xA1, 0x84, 0x2F,
    0xFE, 0xBB, 0xB6, 0xED, 0x7D, 0xBF, 0x8F, 0xDC, 0x6A, 0xE4, 0xBA, 0x92, 0xFD, 0x60, 0xB6, 0x8B,
    0xB3, 0x37, 0xCA, 0x95, 0x4E, 0xDE, 0x18, 0x28, 0xF2, 0xFD, 0x8D, 0xA7, 0x2F, 0x47, 0xB2, 0x57,
    0x5E, 0x2E, 0xCB, 0x34, 0x2D, 0x47, 0x57, 0xCA, 0x80, 0x0F, 0xA7, 0xAE, 0xF3, 0xB6, 0xF3, 0xA6,
    0x2B, 0xA2, 0x0E, 0x60, 0x01, 0xF0, 0xD3, 0xDA, 0x35, 0xF1, 0xC9, 0x38, 0x89, 0x4F, 0xC2, 0xC9,
    0x7C, 0x12, 0x4E, 0xE1, 0xF3, 0x22, 0xCE, 0x44, 0x8D, 0xCC, 0x27, 0xE3, 0x24, 0x3E, 0x19, 0x27,
    0xF1, 0xB9, 0xFF, 0x7F, 0xF8, 0xFC, 0x24, 0x4E, 0x61, 0xD4, 0x2D, 0x78, 0xAD, 0x99, 0x2B, 0xBB,
    0x64, 0x92, 0xF2, 0x77, 0x27, 0x14, 0xFB, 0xDC, 0xD3, 0x57, 0xCC, 0xF9, 0x6C, 0x34, 0xA7, 0x25,
    0x1E, 0xB3, 0xC8, 0x29, 0x7A, 0x3A, 0x6B, 0xC4, 0x0C, 0x6C, 0x06, 0x2B, 0xDA, 0xB3, 0x99, 0xDE,
    0xFC, 0xB4, 0xB9, 0x58, 0xE7, 0x73, 0x49, 0xB4, 0x61, 0x6B, 0xD2, 0xD1, 0xB5, 0xE1, 0x39, 0x49,
    0x89, 0x4F, 0x3B, 0xB6, 0x2E, 0x99, 0x8E, 0xFC, 0x67, 0x76, 0xF0, 0x94, 0x8E, 0x6C, 0x7B, 0x4C,
    0x5F, 0x17, 0xC8, 0xC6, 0x82, 0x8E, 0xB0, 0x61, 0x4F, 0xA2, 0xBC, 0x60, 0xCF, 0xD9, 0xE9, 0xBF,
    0x1A, 0x1D, 0x1B, 0xE1, 0xC6, 0x86, 0xC4, 0xAB, 0x92, 0xF1, 0xE7, 0x82, 0xDD, 0x31, 0x73, 0x71,
    0xCF, 0x51, 0xCC, 0x23, 0x36, 0x8F, 0xD9, 0x9E, 0xA7, 0x2B, 0xBC, 0xEE, 0x17, 0x86, 0x5E, 0xFF,
    0xC1, 0x08, 0x86, 0x9C, 0x10, 0x24, 0xE2, 0xE4, 0x60, 0x13, 0xDC, 0x6C, 0x5C, 0xFF, 0x37, 0xE4,
    0x5D, 0x63, 0x54, 0xB1, 0x31, 0x63, 0xA3, 0x1D, 0xB3, 0x71, 0xC4, 0x37, 0x91, 0x8D, 0xD1, 0x39,
    0xDF, 0xCC, 0xDB, 0x92, 0x75, 0xE3, 0xFA, 0xAF, 0x59, 0x3C, 0x94, 0x96, 0xCC, 0x60, 0xE7, 0x61,
    0x9D, 0x63, 0x0F, 0x2D, 0x77, 0x2C, 0x67, 0xCF, 0xED, 0x42, 0x57, 0x86, 0x0D, 0x98, 0x40, 0xF5,
    0x24, 0xCF, 0xB9, 0x6E, 0xBF, 0xB5, 0x60, 0x1B, 0xE9, 0xEC, 0x44, 0xBA, 0xDF, 0x0B, 0x92, 0xEF,
    0x95, 0x32, 0xB8, 0x0E, 0xFF, 0x7C, 0xAC, 0xB6, 0x5E, 0x62, 0x1F, 0xF1, 0xD6, 0x4A, 0x47, 0x3A,
    0x2F, 0xD3, 0xE3, 0x21, 0x45, 0xFA, 0x5D, 0xFD, 0xD6, 0xAB, 0x86, 0xA4, 0xF4, 0xA9, 0xDA, 0xE3,
    0x46, 0x5A, 0x37, 0x87, 0x98, 0x9A, 0x33, 0x6A, 0xA5, 0xCE, 0x4D, 0x75, 0xD1, 0x35, 0x47, 0xC5,
    0xA9, 0x0E, 0xA4, 0x9C, 0xAE, 0x0F, 0xE9, 0xE5, 0x0F, 0x6F, 0x20, 0x7A, 0xFD, 0x02, 0xCC, 0xB3,
    0x33, 0xB0, 0x93, 0x49, 0x65, 0x7E, 0x1D, 0x57, 0x9C, 0xDB, 0xC5, 0x4F, 0x74, 0xEB, 0x09, 0xC4,
    0x93, 0x89, 0xB7, 0x93, 0xBF, 0x8A, 0xE8, 0xF5, 0x19, 0xBD, 0xF7, 0x96, 0x18, 0xA2, 0xF7, 0x73,
    0x0A, 0x98, 0x07, 0x9D, 0x59, 0x4C, 0x6B, 0x54, 0xAC, 0xE6, 0xDB, 0x82, 0x3F, 0xBB, 0x00, 0x04,
    0x92, 0x69, 0xEC, 0x0B, 0xEE, 0xE2, 0xA9, 0x3B, 0xA3, 0x2E, 0x5E, 0x00, 0x16, 0xD4, 0xC5, 0x0D,
    0x61, 0x77, 0x17, 0xBB, 0xB8, 0x21, 0x8A, 0x1D, 0x75, 0xB1, 0x09, 0xD2, 0xC5, 0x2F, 0x3D, 0x12,
    0xE8, 0xE8, 0x79, 0x25, 0x5D, 0xEC, 0x76, 0x3C, 0x47, 0x35, 0xD7, 0xB8, 0xEB, 0x3A, 0x8A, 0xE0,
    0x5E, 0x99, 0xB9, 0x24, 0x4B, 0xA5, 0xC6, 0xF0, 0x67, 0x22, 0x01, 0xCA, 0x38, 0x36, 0x53, 0x18,
    0xC9, 0x90, 0xE2, 0x42, 0x43, 0xC0, 0x3D, 0x22, 0xDC, 0xDB, 0x31, 0x9D, 0x07, 0x78, 0x47, 0xE7,
    0x29, 0xA4, 0xD4, 0x1C, 0x11, 0xDE, 0x3E, 0x61, 0x29, 0x74, 0xE2, 0x0D, 0xA4, 0x89, 0xE0, 0x9E,
    0x6A, 0xF6, 0x48, 0xA9, 0x94, 0xBA, 0xA8, 0x3B, 0xCA, 0xDE, 0xCE, 0xA2, 0x53, 0x29, 0x6B, 0xAC,
    0x80, 0x44, 0xA6, 0x58, 0xA9, 0x8C, 0xAA, 0x92, 0xE5, 0x93, 0x68, 0x0F, 0x40, 0x7A, 0x9D, 0xD7,
    0x3D, 0x59, 0x53, 0x59, 0xB3, 0x14, 0xC8, 0xC9, 0xA1, 0x94, 0x3C, 0x1E, 0x97, 0x82, 0x7F, 0x2E,
    0x61, 0xA5, 0x66, 0x75, 0xCC, 0x56, 0x9B, 0xD5, 0xBE, 0x87, 0xF5, 0xA9, 0xDE, 0xA4, 0xB7, 0xD4,
    0x83, 0x7A, 0x5B, 0x7B, 0x86, 0xD5, 0xAA, 0xD1, 0x15, 0x89, 0xA2, 0x52, 0x84, 0x8A, 0x56, 0x91,
    0x6B, 0x16, 0x7D, 0x46, 0x46, 0xE4, 0x3B, 0x90, 0x4E, 0x1D, 0xCE, 0x55, 0x49, 0x0E, 0x9E, 0x1D,
    0x6A, 0xF3, 0x1E, 0xD2, 0x52, 0xD8, 0x89, 0x67, 0xBE, 0x42, 0x2B, 0x7C, 0x29, 0x91, 0x8C, 0xCC,
    0x9B, 0x66, 0x9D, 0xF9, 0x31, 0xE9, 0xCA, 0xC7, 0x4C, 0xFA, 0x11, 0x70, 0x58, 0x9A, 0x04, 0xE6,
    0x3D, 0xD4, 0x32, 0xA0, 0x84, 0xD7, 0x7B, 0xB3, 0x2D, 0x01, 0x63, 0xAD, 0x56, 0xA3, 0xB6, 0xA8,
    0x2F, 0x1C, 0x2D, 0x73, 0x3F, 0x94, 0x6D, 0x9E, 0xEB, 0x1D, 0x69, 0x69, 0x1E, 0x13, 0x7D, 0x51,
    0xCD, 0x7B, 0x0F, 0x5A, 0x36, 0xDE, 0xE9, 0x65, 0xA9, 0x74, 0xE9, 0x24, 0xD5, 0x6D, 0x7B, 0x6C,
    0xF5, 0xA5, 0xE8, 0xA6, 0x5A, 0xB7, 0x47, 0x24, 0xF6, 0x49, 0xC6, 0xCD, 0x46, 0xC3, 0x08, 0xBD,
    0x0B, 0xD8, 0x60, 0xC0, 0x70, 0x14, 0x70, 0xF6, 0x63, 0xC0, 0x9B, 0x10, 0x28, 0xBB, 0xAF, 0xF1,
    0xB9, 0xFB, 0xCD, 0x0E, 0x84, 0xFB, 0x3D, 0x6E, 0xFD, 0xB5, 0x67, 0xBC, 0x7D, 0x06, 0xA8, 0x7B,
    0xDF, 0xBF, 0xB5, 0x76, 0x54, 0xD4, 0xA7, 0x39, 0xD0, 0x74, 0x5C, 0xD0, 0x4B, 0xAD, 0x5E, 0xDE,
    0xA5, 0xED, 0xB4, 0x1F, 0x25, 0x9B, 0x5F, 0x07, 0x78, 0x7C, 0xE9, 0xAB, 0xE4, 0xB0, 0x17, 0xF0,
    0x72, 0x1A, 0xB0, 0x4C, 0x88, 0x1B, 0xE6, 0x28, 0x26, 0xAE, 0x4C, 0xA0, 0x5A, 0x6A, 0x49, 0xE1,
    0x32, 0xD3, 0x79, 0x80, 0x94, 0x51, 0xBC, 0x99, 0x05, 0x2B, 0x7D, 0xEF, 0xAB, 0xBE, 0x2E, 0x28,
    0x50, 0xFE, 0x49, 0x16, 0x7D, 0x3D, 0xA8, 0xBE, 0x95, 0xEA, 0x5B, 0xDF, 0x69, 0x34, 0x5F, 0xD5,
    0x77, 0xF0, 0x64, 0xAE, 0xF9, 0xAA, 0xBE, 0x2D, 0xB8, 0x3E, 0x5F, 0xE2, 0x4B, 0xF2, 0x25, 0x7D,
    0x4F, 0x55, 0xDF, 0xED, 0x7C, 0xAD, 0x57, 0x1C, 0x3C, 0x16, 0x33, 0xD2, 0x77, 0x76, 0x44, 0xA5,
    0x88, 0x45, 0xAF, 0xEF, 0x74, 0x10, 0xB0, 0xCD, 0x02, 0x9E, 0x7C, 0x17, 0xF0, 0xC6, 0xC7, 0xF2,
    0xA5, 0xF3, 0x1F, 0xF8, 0x1E, 0xDF, 0xA7, 0x7C, 0xA7, 0xFC, 0x3E, 0xFB, 0x81, 0x19, 0xE5, 0x9B,
    0x51, 0xA1, 0x27, 0xAD, 0xC6, 0xB1, 0x2A, 0xCB, 0xDF, 0xAD, 0x57, 0x3B, 0x8F, 0xDC, 0x54, 0x14,
    0x3E, 0xF6, 0x4D, 0xF6, 0x46, 0x18, 0xE1, 0x14, 0x41, 0x44, 0x4A, 0x14, 0x53, 0x22, 0x04, 0x71,
    0x43, 0x91, 0x62, 0x67, 0x6C, 0x94, 0x82, 0x82, 0x82, 0x14, 0xAC, 0x90, 0xF8, 0x05, 0xE9, 0x96,
    0x12, 0x09, 0x6F, 0xC6, 0x52, 0x0A, 0x0A, 0x8A, 0x6C, 0x43, 0x4D, 0x0B, 0x41, 0x28, 0x14, 0x41,
    0xDA, 0x62, 0x88, 0x1D, 0x51, 0x52, 0x60, 0x94, 0x72, 0x0B, 0x4C, 0x48, 0x89, 0x84, 0xA3, 0x18,
    0xC5, 0x49, 0x3C, 0xBE, 0x7C, 0xDF, 0xB5, 0x3D, 0x3B, 0xD9, 0xEC, 0x04, 0x24, 0x62, 0x69, 0xCE,
    0xDE, 0xC7, 0x79, 0x3F, 0xEF, 0x4A, 0x56, 0x8A, 0x32, 0x9D, 0x48, 0x11, 0xA4, 0x22, 0xBA, 0x10,
    0x71, 0x2B, 0x11, 0xA7, 0x16, 0x91, 0x06, 0xBF, 0xD6, 0xFE, 0xC2, 0xA2, 0x75, 0xCD, 0x77, 0xAD,
    0x57, 0xEB, 0xD6, 0x2F, 0x9C, 0x36, 0xCC, 0x9D, 0x26, 0x4A, 0xDD, 0x3A, 0x02, 0x6E, 0x24, 0x8A,
    0xBF, 0x32, 0x12, 0x2F, 0x0F, 0x63, 0x3F, 0xF5, 0xD3, 0x50, 0xD4, 0xEF, 0x20, 0x9B, 0x15, 0x92,
    0x19, 0xF3, 0xC4, 0x18, 0xF3, 0xEA, 0xD6, 0x47, 0x60, 0x19, 0x09, 0x30, 0x9F, 0xFA, 0x73, 0x7F,
    0x6B, 0x6B, 0x16, 0x19, 0xF3, 0x00, 0x28, 0xCF, 0xDC, 0xF1, 0x0F, 0xE8, 0x48, 0x0E, 0x2E, 0xD8,
    0xE1, 0x73, 0x62, 0x91, 0x09, 0x74, 0xCC, 0x45, 0xF6, 0x96, 0xAC, 0x67, 0x15, 0xD4, 0x17, 0xC9,
    0x2A, 0xF1, 0x67, 0xE2, 0x3C, 0xA8, 0xE4, 0x3C, 0xB4, 0xB9, 0x73, 0x7F, 0x6B, 0xB1, 0x64, 0x7D,
    0x5E, 0x55, 0xAA, 0x88, 0x24, 0x51, 0x95, 0x97, 0x46, 0x52, 0xA9, 0x2A, 0x90, 0xE8, 0xB5, 0xBF,
    0x97, 0xAC, 0x61, 0x69, 0x00, 0xA3, 0x4B, 0x91, 0x63, 0x72, 0xF0, 0x6D, 0x74, 0xF1, 0x4B, 0xB0,
    0xC1, 0x98, 0xF7, 0x72, 0xC9, 0xE2, 0x33, 0xA6, 0x90, 0x05, 0xF0, 0x4A, 0xFA, 0x44, 0xB7, 0x84,
    0xEA, 0x49, 0x9A, 0x50, 0xCF, 0x7A, 0x42, 0x8F, 0x05, 0x64, 0x51, 0xAB, 0xFD, 0x94, 0x9E, 0xFB,
    0x2C, 0xA7, 0xEF, 0xFC, 0x8A, 0x50, 0xB5, 0xD6, 0x87, 0xD0, 0x70, 0x0E, 0x8B, 0x72, 0x42, 0xFF,
    0xA6, 0xEC, 0x80, 0xCB, 0x57, 0x32, 0x05, 0xFD, 0x4F, 0x05, 0xA0, 0x53, 0x25, 0xB0, 0x59, 0x6A,
    0xFF, 0x06, 0xE0, 0x1E, 0x91, 0x81, 0x17, 0x14, 0xE2, 0xB4, 0xE2, 0x9B, 0x58, 0x83, 0xD7, 0xE7,
    0xF4, 0x81, 0x97, 0x6F, 0x3C, 0x86, 0x0B, 0x62, 0x59, 0xFD, 0x4E, 0x12, 0x28, 0x7B, 0xB6, 0x47,
    0xE0, 0xE7, 0xF4, 0x54, 0xC7, 0x65, 0x44, 0xB7, 0x69, 0xC3, 0xBB, 0x87, 0x8C, 0xE5, 0x39, 0xC8,
    0x17, 0x75, 0x9B, 0x77, 0x09, 0xB5, 0xF3, 0xE2, 0x0C, 0x77, 0x15, 0x55, 0x7C, 0x9B, 0xBA, 0xA9,
    0x9C, 0x74, 0x37, 0xA9, 0xB9, 0x0F, 0x8F, 0xC6, 0x6E, 0x41, 0xF5, 0x37, 0x05, 0xE1, 0xD7, 0x29,
    0x79, 0x82, 0xC6, 0xAF, 0x02, 0xF8, 0xCD, 0x5C, 0x24, 0x68, 0x7B, 0x0D, 0x8C, 0x5D, 0x87, 0xDD,
    0x97, 0x37, 0x3A, 0x72, 0x01, 0xB5, 0xA1, 0xA9, 0xCA, 0x9A, 0x8D, 0x1D, 0x16, 0x2F, 0xFA, 0x58,
    0x2F, 0xC4, 0xA5, 0x0E, 0xF9, 0x98, 0x1A, 0x42, 0xAD, 0x72, 0x0F, 0xA0, 0x72, 0x4C, 0xEE, 0x36,
    0x12, 0x35, 0x72, 0x0B, 0xB6, 0x4B, 0x18, 0x8B, 0x29, 0xBC, 0x5C, 0x02, 0x2A, 0xAB, 0xAC, 0x2F,
    0x32, 0x92, 0xF8, 0x0B, 0xBB, 0x1F, 0x0F, 0x2D, 0x70, 0x4D, 0x6A, 0xC1, 0x71, 0x01, 0x0F, 0x5D,
    0x90, 0x51, 0x2D, 0x26, 0x47, 0xFC, 0x10, 0xFE, 0x19, 0xB3, 0xD9, 0xA4, 0x48, 0x2A, 0x6C, 0x0E,
    0x3E, 0x6B, 0xFB, 0x81, 0x33, 0x78, 0xBD, 0xB0, 0x40, 0x0E, 0x7F, 0x9B, 0x47, 0x83, 0x37, 0xAF,
    0xDF, 0xBA, 0xFE, 0xB5, 0xA5, 0xB0, 0xAB, 0xB5, 0x78, 0xC3, 0xA7, 0xCB, 0xBE, 0x38, 0x9C, 0xB1,
    0x38, 0x7F, 0x14, 0x5B, 0x30, 0x34, 0x54, 0x7C, 0xE8, 0x0F, 0x5B, 0xFF, 0x05, 0x29, 0x5F, 0x83,
    0xB4, 0x33, 0x20, 0xF5, 0xFE, 0xFC, 0xE0, 0x41, 0xCB, 0x03, 0x62, 0xC8, 0x2B, 0x3C, 0xF9, 0x04,
    0x3F, 0x37, 0x1F, 0x77, 0xEF, 0x30, 0xCB, 0x72, 0x87, 0x99, 0x82, 0x42, 0xBF, 0x20, 0x5F, 0xE4,
    0x4E, 0x21, 0x7E, 0xEC, 0x41, 0x06, 0xB5, 0x9D, 0x08, 0xB8, 0xCF, 0x35, 0xC4, 0xD5, 0x6F, 0xB1,
    0x3E, 0x28, 0xEB, 0x0E, 0x76, 0xDE, 0x9F, 0xF4, 0x3D, 0x79, 0x86, 0xD0, 0x95, 0xD5, 0x2C, 0xF2,
    0xFD, 0x58, 0x72, 0x8D, 0x78, 0xB5, 0x6B, 0x6A, 0x6D, 0xCA, 0x1D, 0xEF, 0x6E, 0x13, 0x5C, 0x8B,
    0x11, 0xA4, 0xA4, 0x82, 0x4E, 0xEA, 0x97, 0xD8, 0x43, 0x22, 0x26, 0xFA, 0x6E, 0xED, 0x5F, 0x35,
    0x8D, 0x36, 0x95, 0x07, 0xDC, 0x66, 0xA0, 0xA3, 0xD5, 0xE1, 0xC0, 0x0C, 0x67, 0x1B, 0x15, 0x13,
    0x16, 0xC7, 0x90, 0x19, 0x62, 0xBF, 0x09, 0x75, 0x1A, 0x1F, 0x3A, 0x78, 0x48, 0x70, 0x8D, 0xFE,
    0xA4, 0xD8, 0xA1, 0x72, 0xB8, 0xBC, 0xEB, 0xE3, 0xA4, 0x87, 0x82, 0xF2, 0xF3, 0xA8, 0x55, 0xE6,
    0x85, 0x82, 0xD1, 0x9B, 0x3E, 0x97, 0x2D, 0x7C, 0xF9, 0xFC, 0xC5, 0x69, 0x2C, 0x1E, 0x16, 0x58,
    0x34, 0x58, 0x74, 0x3C, 0x49, 0xA5, 0xD5, 0xB8, 0xBA, 0x8D, 0x44, 0x6D, 0xD1, 0xE9, 0xFC, 0xDF,
    0xB0, 0x30, 0x7F, 0x60, 0xD1, 0x80, 0xCA, 0x80, 0x2A, 0x00, 0xB9, 0x06, 0xB9, 0x43, 0x69, 0x57,
    0xB0, 0x70, 0xAF, 0xFD, 0x37, 0x59, 0x83, 0x66, 0xA8, 0x71, 0xF1, 0x58, 0xD7, 0x68, 0x83, 0x21,
    0x9A, 0xD3, 0x04, 0x4D, 0x6D, 0x8E, 0x96, 0xD4, 0x04, 0xE8, 0x4A, 0xF0, 0x55, 0xE9, 0xA1, 0x12,
    0x14, 0x74, 0x72, 0x2B, 0x3F, 0x96, 0x1A, 0x7E, 0x6E, 0x71, 0xBB, 0x73, 0x4A, 0xE4, 0xD4, 0x65,
    0x91, 0x37, 0xE0, 0xF3, 0x39, 0xCE, 0xEA, 0x20, 0xC6, 0x7D, 0xAE, 0x4A, 0x9D, 0x6B, 0x40, 0x3F,
    0x75, 0xD0, 0x64, 0x85, 0x3A, 0xCE, 0x81, 0x31, 0x01, 0xDF, 0xB0, 0xEE, 0xE3, 0xCE, 0xA8, 0xB0,
    0x8F, 0xCB, 0xF1, 0x18, 0x55, 0x96, 0xA2, 0xBF, 0x89, 0xFC, 0x80, 0x36, 0xC9, 0x80, 0xB1, 0x2F,
    0xF5, 0xE3, 0x87, 0xF9, 0x19, 0xF6, 0x69, 0xC9, 0x04, 0x64, 0xCA, 0x46, 0xEB, 0xB7, 0x88, 0xFF,
    0xB4, 0x8F, 0x3D, 0xC7, 0x57, 0x10, 0x5B, 0x36, 0x4C, 0xCD, 0x9F, 0x53, 0x89, 0xD8, 0x40, 0x80,
    0x7F, 0x69, 0x1C, 0x20, 0x36, 0x2D, 0x40, 0x15, 0x0C, 0x62, 0x0E, 0x7D, 0x30, 0xEC, 0x52, 0x86,
    0x6E, 0x63, 0x52, 0xDD, 0x9A, 0x58, 0xC1, 0x58, 0xA7, 0x3E, 0xEA, 0xEC, 0x19, 0xC2, 0x75, 0xBC,
    0x9D, 0x0F, 0x45, 0x4E, 0x04, 0xE6, 0x9E, 0x6C, 0x66, 0x37, 0xCC, 0xB7, 0x6D, 0x2D, 0xDB, 0xA6,
    0xCC, 0xC5, 0xF9, 0xE6, 0x80, 0xF2, 0x98, 0x67, 0x76, 0xE5, 0xEC, 0xCC, 0x74, 0xEF, 0xB6, 0x8F,
    0x9C, 0xCC, 0xD4, 0x85, 0x6C, 0x98, 0x38, 0x1E, 0x86, 0x90, 0xBC, 0x1C, 0x99, 0x47, 0x32, 0xEF,
    0x3E, 0x36, 0xA6, 0x29, 0x05, 0x73, 0x28, 0xB5, 0x3A, 0x2E, 0x95, 0xB5, 0xA3, 0x45, 0x9C, 0xAB,
    0xE9, 0x38, 0x05, 0xFC, 0x65, 0xBF, 0x60, 0x89, 0xCA, 0xEB, 0x04, 0x17, 0x06, 0xE4, 0x43, 0xCD,
    0x6A, 0x6D, 0x17, 0x23, 0x47, 0x02, 0x6B, 0x03, 0x7B, 0x06, 0x7A, 0xE9, 0x2A, 0x8A, 0x3D, 0x6A,
    0x87, 0xEE, 0x70, 0x70, 0xE1, 0xF0, 0x48, 0x57, 0x23, 0xA1, 0x73, 0x34, 0xE7, 0xB5, 0x22, 0x8F,
    0x3C, 0x2B, 0xC7, 0x1E, 0xE4, 0xE7, 0xAB, 0xB7, 0xBA, 0x1A, 0x47, 0xDD, 0xEC, 0x29, 0xB2, 0xF1,
    0x68, 0xE5, 0xCC, 0x1E, 0xD9, 0x74, 0x3F, 0x31, 0x32, 0x3D, 0x4D, 0xDF, 0x82, 0x8B, 0x93, 0x21,
    0x67, 0x66, 0x98, 0x79, 0x01, 0x1C, 0xCD, 0x28, 0x88, 0xA1, 0x3C, 0x3B, 0x3C, 0xB3, 0x47, 0x34,
    0x01, 0x71, 0xE3, 0x08, 0xE5, 0xE9, 0x19, 0xDE, 0xCB, 0x36, 0x55, 0x73, 0xE6, 0x6B, 0x75, 0x26,
    0x8E, 0x74, 0x76, 0xCC, 0x2C, 0x2C, 0x03, 0x76, 0xA9, 0x8D, 0x15, 0x06, 0x76, 0x10, 0x59, 0x4F,
    0x51, 0xF8, 0x76, 0xC7, 0xF3, 0x98, 0x81, 0x05, 0x2B, 0x0A, 0xA3, 0xD8, 0x95, 0x11, 0xBF, 0xC6,
    0x7F, 0xD5, 0x08, 0xDC, 0x0A, 0x56, 0xA9, 0x5F, 0xE9, 0x92, 0xBF, 0x00, 0x7C, 0x94, 0x94, 0x93,
    0x81, 0x4F, 0x68, 0xA8, 0xF7, 0x15, 0x48, 0x29, 0x91, 0x0C, 0x0B, 0x56, 0x84, 0xD9, 0xAD, 0x29,
    0x8C, 0x54, 0xB3, 0xDA, 0x0E, 0x3E, 0xE8, 0xA3, 0xF7, 0x69, 0x7A, 0x3A, 0xC3, 0x1B, 0x23, 0x76,
    0x5B, 0xBE, 0x84, 0xCE, 0xDA, 0x62, 0x5A, 0x19, 0x39, 0xC3, 0xF7, 0xA9, 0xD8, 0x1A, 0x4B, 0x29,
    0x77, 0xC1, 0xF2, 0xCA, 0xEE, 0xA9, 0x12, 0x32, 0xAE, 0xB2, 0x56, 0x59, 0x62, 0x4E, 0x56, 0xDA,
    0x41, 0x0C, 0xE5, 0xCF, 0xB3, 0xF1, 0x4E, 0x68, 0x65, 0x82, 0xC6, 0x2D, 0x8F, 0xAD, 0x6B, 0x29,
    0x1D, 0xC2, 0x5C, 0x6A, 0x30, 0x23, 0x41, 0xF7, 0x3E, 0x40, 0xE1, 0xD3, 0xD8, 0x80, 0xCC, 0xCF,
    0x2D, 0x65, 0x79, 0xB4, 0x17, 0xF3, 0xB6, 0x55, 0x74, 0x87, 0xC7, 0x81, 0xCB, 0xB2, 0xB6, 0x3D,
    0xA1, 0x1F, 0x1A, 0xC9, 0x11, 0xC0, 0x5E, 0x58, 0x14, 0x8B, 0x6C, 0xC9, 0x2C, 0x03, 0xCB, 0xAA,
    0x67, 0x3A, 0xEC, 0x76, 0x5D, 0xB8, 0x94, 0x4E, 0xD0, 0x04, 0x6E, 0x3D, 0x66, 0x19, 0xFB, 0x90,
    0x6D, 0x28, 0x3D, 0x1F, 0xB2, 0x75, 0x96, 0x09, 0x6D, 0xFD, 0x52, 0x8F, 0x89, 0xC7, 0x99, 0x1A,
    0x14, 0xE0, 0xB5, 0x00, 0xAF, 0x6E, 0xE5, 0x51, 0xC6, 0xA5, 0x5B, 0xF6, 0xCC, 0x56, 0x0D, 0x99,
    0x52, 0xA3, 0x84, 0xBA, 0xD5, 0xE0, 0x8E, 0x36, 0x37, 0x21, 0x46, 0x42, 0xDE, 0x09, 0xBC, 0x0F,
    0x30, 0xA5, 0xC4, 0x84, 0x86, 0xC0, 0x7D, 0x21, 0x05, 0x07, 0x17, 0xD9, 0x9F, 0xF7, 0xF3, 0xE5,
    0xDB, 0x85, 0xFC, 0x22, 0x82, 0x66, 0x99, 0x06, 0x27, 0x87, 0x36, 0x32, 0x2A, 0xAC, 0x8A, 0x90,
    0xCF, 0xDE, 0xAC, 0x7F, 0x84, 0xD8, 0x87, 0xCE, 0x0E, 0x94, 0x55, 0x65, 0x4B, 0x3F, 0x43, 0xFF,
    0x86, 0x71, 0xCB, 0x21, 0x76, 0x82, 0x3D, 0xF4, 0xA0, 0x74, 0xFC, 0x99, 0xC3, 0x70, 0xCD, 0xC3,
    0x29, 0x7C, 0x01, 0xE1, 0x7C, 0xCD, 0xEB, 0x9A, 0xBC, 0x62, 0x7A, 0xAC, 0xF7, 0x48, 0xBD, 0x4C,
    0x4F, 0x9A, 0x46, 0x2F, 0x56, 0xD1, 0xEE, 0xE0, 0xBC, 0x40, 0x86, 0x7F, 0x1A, 0x54, 0x3E, 0xEE,
    0xE6, 0xD2, 0x37, 0x74, 0xFB, 0x68, 0xEF, 0x8F, 0xA6, 0xCB, 0x78, 0xD9, 0x68, 0x74, 0xCB, 0xF8,
    0x6C, 0x2F, 0x1F, 0x73, 0xFD, 0x89, 0x9D, 0xCF, 0xC3, 0xD1, 0xFF, 0x0E, 0x99, 0xF7, 0xDC, 0x90,
    0x1D, 0x92, 0xC6, 0xE9, 0x36, 0xED, 0x27, 0x5B, 0x13, 0xC4, 0x0E, 0x27, 0x5B, 0xA5, 0x39, 0x07,
    0x31, 0x0D, 0x1D, 0xCE, 0xC1, 0x26, 0xEC, 0xA7, 0x24, 0xA7, 0x25, 0x53, 0xFD, 0xA9, 0xC9, 0x66,
    0x8B, 0xB6, 0x1D, 0x4B, 0x76, 0x75, 0x8D, 0x42, 0x03, 0x5E, 0xD1, 0x0F, 0x89, 0x29, 0xD4, 0x4A,
    0xE0, 0x9F, 0x66, 0x07, 0xFA, 0xC2, 0xE5, 0x65, 0x80, 0xF1, 0xE5, 0xA7, 0x1E, 0x02, 0xE3, 0xC7,
    0xAA, 0x64, 0x86, 0x40, 0x42, 0x0D, 0x8C, 0xF6, 0xD4, 0xD8, 0xEA, 0x57, 0x78, 0x61, 0xFA, 0x5E,
    0x86, 0xF4, 0x06, 0xC3, 0xA8, 0xC2, 0x7B, 0x06, 0xB3, 0x5A, 0x17, 0xA4, 0xC5, 0xAC, 0x46, 0x30,
    0x43, 0x8C, 0x28, 0x4E, 0x71, 0x60, 0x24, 0x4D, 0xFF, 0x9F, 0x00, 0xFE, 0x79, 0xB1, 0xB2, 0xA1,
    0xE3, 0x3F, 0xB5, 0x93, 0x31, 0x8E, 0xDB, 0x30, 0x14, 0x44, 0xBF, 0xA4, 0x00, 0x0E, 0xA0, 0x42,
    0x29, 0xD2, 0xA5, 0x60, 0x93, 0x5E, 0x37, 0x58, 0x1A, 0xD8, 0x72, 0x9B, 0xDC, 0xC4, 0x4D, 0x7A,
    0xE9, 0x08, 0x39, 0x42, 0x6E, 0x90, 0x9C, 0x20, 0xD2, 0x0D, 0x56, 0x37, 0x58, 0x15, 0x9B, 0xD4,
    0x2C, 0x94, 0xC0, 0x8B, 0x95, 0xFC, 0x33, 0xF3, 0x49, 0xCA, 0xEE, 0x83, 0x08, 0xB0, 0x07, 0x20,
    0x69, 0x71, 0xE6, 0xFD, 0xB1, 0x88, 0xD4, 0x67, 0x69, 0x9F, 0x45, 0xA4, 0x53, 0xD1, 0x4D, 0xA4,
    0x50, 0xAD, 0xF4, 0x22, 0x52, 0xAD, 0xDA, 0xFC, 0x59, 0xB1, 0xBD, 0x7C, 0x74, 0xE1, 0xAB, 0x48,
    0x13, 0xC4, 0x4F, 0x38, 0xD6, 0x42, 0x47, 0xA8, 0x9F, 0xA5, 0x4B, 0x3A, 0x40, 0x0F, 0xCA, 0xA7,
    0x97, 0x26, 0xE9, 0x1B, 0x2C, 0xEA, 0x11, 0xFB, 0xC3, 0x58, 0x28, 0x44, 0x74, 0x2C, 0xA3, 0xF6,
    0x49, 0x8F, 0x15, 0xB5, 0x80, 0x5E, 0x4C, 0xA5, 0xC2, 0xED, 0x52, 0x5E, 0xF5, 0x80, 0xDB, 0x05,
    0x9B, 0xB5, 0xE9, 0x26, 0x0D, 0x15, 0x8B, 0xCD, 0x19, 0x8A, 0x45, 0x38, 0x82, 0xAD, 0x45, 0x1C,
    0xF4, 0x6D, 0x13, 0xDE, 0xD1, 0x96, 0x3F, 0x4D, 0x3F, 0xBA, 0x1E, 0xAA, 0x47, 0x86, 0x10, 0xBF,
    0xC9, 0xC0, 0xE3, 0x6E, 0x96, 0xF6, 0x8B, 0xD8, 0x53, 0x9F, 0x5D, 0xCF, 0xFB, 0x36, 0xB8, 0x14,
    0xA7, 0xAF, 0x3C, 0xA6, 0xFE, 0xE9, 0xCC, 0xA8, 0xEF, 0xB9, 0x65, 0xF1, 0x24, 0xBA, 0xE4, 0x65,
    0x1F, 0x66, 0xA6, 0x3C, 0x20, 0x8D, 0x43, 0x34, 0x98, 0x63, 0xC2, 0x20, 0x05, 0x48, 0x30, 0xF9,
    0x30, 0x32, 0x00, 0xC2, 0xD0, 0x17, 0x3E, 0x1D, 0x28, 0xF9, 0x89, 0xA1, 0x91, 0x8D, 0xDE, 0x61,
    0x19, 0x90, 0x08, 0x8E, 0x37, 0x0E, 0xE3, 0x61, 0xB3, 0x58, 0xEE, 0xF7, 0x77, 0xBA, 0xF7, 0x3A,
    0x12, 0x64, 0xF7, 0xBC, 0xDF, 0xB8, 0xF0, 0xFB, 0xB3, 0xB9, 0xA8, 0x5E, 0x37, 0x5B, 0x52, 0x92,
    0x67, 0x18, 0x93, 0x5E, 0x24, 0x47, 0x39, 0x05, 0x9B, 0x58, 0x8C, 0x42, 0x6F, 0x8C, 0xB2, 0xD8,
    0xD4, 0xE8, 0xCD, 0x1B, 0xF4, 0x72, 0xF7, 0xC6, 0x09, 0xFA, 0xB9, 0x48, 0x51, 0xD6, 0xDB, 0x28,
    0xD1, 0x1B, 0xD9, 0x23, 0x8A, 0x5B, 0xEC, 0xB8, 0xBD, 0x62, 0x2A, 0x63, 0x14, 0xBE, 0x82, 0x51,
    0x26, 0x46, 0xE1, 0x2B, 0xB0, 0xCD, 0x78, 0x88, 0xD2, 0xC6, 0x28, 0xDD, 0x3F, 0x45, 0x91, 0x76,
    0xB9, 0xE3, 0x80, 0x35, 0x34, 0xFA, 0xB4, 0xE6, 0x22, 0x2A, 0x2D, 0x3C, 0x06, 0x3D, 0x3D, 0xAE,
    0x71, 0x40, 0xE1, 0x13, 0x4F, 0xA5, 0x96, 0x5C, 0xEB, 0x48, 0x1B, 0x70, 0x57, 0x87, 0xD4, 0x48,
    0xA7, 0x6C, 0xB4, 0x3D, 0x73, 0x2A, 0x25, 0xF1, 0x3C, 0xAC, 0x66, 0x74, 0x4C, 0xBD, 0xA4, 0x7F,
    0xD4, 0x2A, 0x4D, 0xD2, 0xAA, 0x69, 0xA4, 0x30, 0x96, 0xC0, 0xFA, 0xC6, 0x76, 0xB2, 0x60, 0x2E,
    0x24, 0x12, 0xB1, 0xA0, 0xD8, 0xE6, 0xAF, 0xBA, 0x38, 0x7B, 0xEB, 0xA8, 0xFF, 0x35, 0x11, 0x8E,
    0x8E, 0x15, 0x2E, 0x8A, 0x35, 0xAD, 0x5F, 0x78, 0x8F, 0xEC, 0x30, 0x5A, 0x36, 0xB6, 0x98, 0xB4,
    0xBA, 0x5F, 0x2D, 0xFD, 0x30, 0x0D, 0x03, 0x09, 0x54, 0xBA, 0x34, 0xB0, 0x79, 0xD3, 0x57, 0x91,
    0x8B, 0x94, 0x2F, 0xB7, 0x70, 0x7E, 0x7E, 0x1B, 0x13, 0x1C, 0xCD, 0x70, 0x74, 0x87, 0x13, 0xDB,
    0xCB, 0x3F, 0x2A, 0xE7, 0x62, 0x0E, 0x5D, 0x48, 0x70, 0x68, 0x3A, 0xC2, 0xF1, 0x19, 0x0E, 0x4D,
    0x27, 0x38, 0x53, 0x86, 0xB3, 0x66, 0x38, 0x43, 0x86, 0xD3, 0xEC, 0x70, 0xD8, 0x8D, 0x08, 0x67,
    0x49, 0x70, 0x52, 0xBD, 0x39, 0xFB, 0x0C, 0xA7, 0xBA, 0xC2, 0x99, 0x33, 0x9C, 0x2D, 0xC3, 0xE9,
    0xFE, 0x13, 0x9C, 0xBF, 0x4D, 0x8E, 0xC1, 0x09, 0x02, 0x41, 0x0C, 0x45, 0xE3, 0x5C, 0x3D, 0xD8,
    0x81, 0x53, 0x82, 0x25, 0x58, 0xDA, 0x1E, 0xB6, 0x10, 0x2F, 0xF6, 0xA1, 0x6C, 0x03, 0x82, 0x15,
    0x88, 0x15, 0xCC, 0x41, 0x70, 0x91, 0x75, 0x9F, 0xF9, 0x93, 0x1C, 0x0C, 0x03, 0x8F, 0x47, 0x7E,
    0x32, 0x31, 0xB3, 0x8D, 0x45, 0x1D, 0x02, 0x85, 0x54, 0x52, 0x49, 0xED, 0x2C, 0x9F, 0xF3, 0xD0,
    0xF5, 0xB4, 0x28, 0x5F, 0x16, 0xE6, 0xA3, 0xF4, 0x49, 0x43, 0xE1, 0x91, 0x09, 0x85, 0x77, 0x6C,
    0xD1, 0xAC, 0xB7, 0xD1, 0x2C, 0x77, 0x90, 0x7A, 0x43, 0x8F, 0x17, 0xAC, 0xD5, 0x79, 0x83, 0xE6,
    0xFC, 0x5E, 0x7C, 0xBD, 0xF3, 0xED, 0x2A, 0xA2, 0xDF, 0x3A, 0x5B, 0xD2, 0x82, 0x2D, 0xA9, 0x1B,
    0xEA, 0x3C, 0xB4, 0xCE, 0xEB, 0xDA, 0x4F, 0xAC, 0xE3, 0x23, 0x18, 0x6A, 0x35, 0xD4, 0xF6, 0xF6,
    0x57, 0x3F,
};

static const EpdGlyph chareink_15_bolditalicGlyphs[] = {
    { 0, 0, 8, 0, 0, 0, 0 }, // U+0020
    { 9, 22, 12, 2, 22, 50, 0 }, // !
    { 12, 10, 12, 2, 23, 30, 50 }, // "
    { 21, 24, 23, 1, 23, 126, 80 }, // #
    { 19, 26, 19, 0, 23, 124, 206 }, // $
    { 27, 23, 28, 1, 22, 156, 330 }, // %
    { 23, 23, 23, 0, 22, 133, 486 }, // &
    { 6, 10, 5, 2, 23, 15, 619 }, // '
    { 15, 27, 13, 1, 23, 102, 634 }, // (
    { 14, 27, 13, -2, 23, 95, 736 }, // )
    { 14, 14, 16, 3, 23, 49, 831 }, // *
    { 20, 19, 31, 6, 19, 95, 880 }, // +
    { 9, 11, 10, -2, 5, 25, 975 }, // ,
    { 11, 4, 11, 0, 10, 11, 1000 }, // -
    { 7, 5, 10, 0, 5, 9, 1011 }, // .
    { 17, 24, 16, -1, 21, 102, 1020 }, // /
    { 19, 23, 19, 0, 22, 110, 1122 }, // 0
    { 13, 22, 19, 2, 22, 72, 1232 }, // 1
    { 20, 22, 19, -1, 22, 110, 1304 }, // 2
    { 19, 23, 19, 0, 22, 110, 1414 }, // 3
    { 18, 23, 19, 0, 22, 104, 1524 }, // 4
    { 19, 22, 19, 0, 21, 105, 1628 }, // 5
    { 18, 24, 19, 0, 23, 108, 1733 }, // 6
    { 21, 22, 19, 0, 21, 116, 1841 }, // 7
    { 19, 23, 19, 0, 22, 110, 1957 }, // 8
    { 18, 24, 19, 1, 22, 108, 2067 }, // 9
    { 9, 16, 10, 0, 16, 36, 2175 }, // :
    { 11, 21, 10, -2, 15, 58, 2211 }, // ;
    { 20, 18, 31, 6, 18, 90, 2269 }, // <
    { 20, 8, 31, 6, 13, 40, 2359 }, // =
    { 20, 18, 31, 6, 18, 90, 2399 }, // >
    { 15, 22, 17, 2, 22, 83, 2489 }, // ?
    { 27, 27, 29, 1, 22, 183, 2572 }, // @
    { 24, 22, 22, -2, 22, 132, 2755 }, // A
    { 21, 21, 20, -1, 21, 111, 2887 }, // B
    { 21, 23, 21, 1, 22, 121, 2998 }, // C
    { 23, 21, 22, -1, 21, 121, 3119 }, // D
    { 21, 21, 19, -1, 21, 111, 3240 }, // E
    { 21, 21, 17, -1, 21, 111, 3351 }, // F
    { 22, 23, 23, 1, 22, 127, 3462 }, // G
    { 27, 21, 24, -1, 21, 142, 3589 }, // H
    { 14, 21, 11, -1, 21, 74, 3731 }, // I
    { 19, 22, 16, -1, 21, 105, 3805 }, // J
    { 25, 22, 22, -1, 21, 138, 3910 }, // K
    { 18, 21, 18, -1, 21, 95, 4048 }, // L
    { 31, 21, 28, -1, 21, 163, 4143 }, // M
    { 27, 21, 24, -1, 21, 142, 4306 }, // N
    { 23, 23, 24, 1, 22, 133, 4448 }, // O
    { 21, 21, 19, -1, 21, 111, 4581 }, // P
    { 24, 27, 24, 1, 22, 162, 4692 }, // Q
    { 22, 22, 21, -1, 21, 121, 4854 }, // R
    { 19, 23, 18, -1, 22, 110, 4975 }, // S
    { 21, 21, 20, 1, 21, 111, 5085 }, // T
    { 23, 22, 23, 2, 21, 127, 5196 }, // U
    { 22, 22, 21, 2, 21, 121, 5323 }, // V
    { 31, 22, 30, 2, 21, 171, 5444 }, // W
    { 25, 21, 21, -2, 21, 132, 5615 }, // X
    { 22, 21, 21, 2, 21, 116, 5747 }, // Y
    { 22, 21, 19, -1, 21, 116, 5863 }, // Z
    { 15, 26, 14, 1, 22, 98, 5979 }, // [
    { 17, 24, 15, -1, 21, 102, 6077 }, // <backslash>
    { 15, 26, 14, -2, 22, 98, 6179 }, // ]
    { 12, 6, 11, 1, 23, 18, 6277 }, // ^
    { 12, 3, 11, -3, -2, 9, 6295 }, // _
    { 10, 6, 13, 2, 23, 15, 6304 }, // `
    { 18, 16, 18, 0, 16, 72, 6319 }, // a
    { 16, 23, 17, 0, 23, 92, 6391 }, // b
    { 15, 16, 15, 0, 16, 60, 6483 }, // c
    { 19, 23, 18, 0, 23, 110, 6543 }, // d
    { 15, 16, 15, 0, 16, 60, 6653 }, // e
    { 21, 30, 11, -5, 23, 158, 6713 }, // f
    { 19, 23, 15, -2, 16, 110, 6871 }, // g
    { 18, 23, 18, 0, 23, 104, 6981 }, // h
    { 10, 23, 10, 0, 23, 58, 7085 }, // i
    { 15, 30, 10, -5, 23, 113, 7143 }, // j
    { 18, 23, 17, 0, 23, 104, 7256 }, // k
    { 10, 23, 10, 0, 23, 58, 7360 }, // l
    { 26, 16, 26, 0, 16, 104, 7418 }, // m
    { 19, 16, 18, 0, 16, 76, 7522 }, // n
    { 17, 16, 17, 0, 16, 68, 7598 }, // o
    { 21, 23, 17, -4, 16, 121, 7666 }, // p
    { 18, 23, 18, 0, 16, 104, 7787 }, // q
    { 15, 16, 13, 0, 16, 60, 7891 }, // r
    { 14, 16, 13, -1, 16, 56, 7951 }, // s
    { 13, 19, 11, 0, 19, 62, 8007 }, // t
    { 19, 16, 18, 0, 16, 76, 8069 }, // u
    { 18, 16, 16, -1, 16, 72, 8145 }, // v
    { 25, 16, 23, -1, 16, 100, 8217 }, // w
    { 20, 16, 18, -1, 16, 80, 8317 }, // x
    { 22, 23, 17, -3, 16, 127, 8397 }, // y
    { 17, 18, 15, -1, 17, 77, 8524 }, // z
    { 16, 26, 15, 1, 22, 104, 8601 }, // {
    { 4, 33, 12, 4, 25, 33, 8705 }, // |
    { 16, 26, 15, -1, 22, 104, 8738 }, // }
    { 22, 7, 26, 2, 13, 39, 8842 }, // ~
    { 0, 0, 8, 0, 0, 0, 0 }, // U+00A0
    { 9, 22, 11, 0, 16, 50, 0 }, // U+00A1
    { 17, 22, 19, 1, 19, 94, 50 }, // U+00A2
    { 21, 22, 19, -1, 22, 116, 144 }, // U+00A3
    { 19, 17, 19, 0, 22, 81, 260 }, // U+00A4
    { 22, 21, 19, 0, 21, 116, 341 }, // U+00A5
    { 3, 30, 11, 4, 23, 23, 457 }, // U+00A6
    { 18, 27, 17, 0, 22, 122, 480 }, // U+00A7
    { 12, 5, 11, 2, 23, 15, 602 }, // U+00A8
    { 26, 24, 26, 1, 23, 156, 617 }, // U+00A9
    { 13, 13, 12, 1, 22, 43, 773 }, // U+00AA
    { 15, 15, 13, 0, 15, 57, 816 }, // U+00AB
    { 18, 8, 19, 1, 13, 36, 873 }, // U+00AC
    { 11, 4, 11, 0, 10, 11, 909 }, // U+00AD
    { 26, 24, 26, 1, 23, 156, 920 }, // U+00AE
    { 13, 3, 11, 1, 21, 10, 1076 }, // U+00AF
    { 8, 7, 10, 1, 22, 14, 1086 }, // U+00B0
    { 20, 19, 31, 6, 19, 95, 1100 }, // U+00B1
    { 13, 13, 12, 1, 25, 43, 1195 }, // U+00B2
    { 13, 13, 12, 1, 25, 43, 1238 }, // U+00B3
    { 9, 6, 10, 4, 23, 14, 1281 }, // U+00B4
    { 20, 22, 18, -2, 15, 110, 1295 }, // U+00B5
    { 16, 23, 17, 1, 21, 92, 1405 }, // U+00B6
    { 5, 4, 6, 0, 13, 5, 1497 }, // U+00B7
    { 8, 8, 8, -2, 1, 16, 1502 }, // U+00B8
    { 9, 13, 12, 3, 25, 30, 1518 }, // U+00B9
    { 13, 13, 11, 0, 22, 43, 1548 }, // U+00BA
    { 15, 15, 13, -2, 15, 57, 1591 }, // U+00BB
    { 25, 23, 28, 2, 22, 144, 1648 }, // U+00BC
    { 26, 22, 28, 2, 22, 143, 1792 }, // U+00BD
    { 26, 23, 28, 1, 22, 150, 1935 }, // U+00BE
    { 14, 21, 16, 0, 16, 74, 2085 }, // U+00BF
    { 24, 29, 22, -2, 29, 174, 2159 }, // U+00C0
    { 24, 29, 22, -2, 29, 174, 2333 }, // U+00C1
    { 24, 29, 22, -2, 29, 174, 2507 }, // U+00C2
    { 24, 28, 22, -2, 28, 168, 2681 }, // U+00C3
    { 24, 29, 22, -2, 29, 174, 2849 }, // U+00C4
    { 24, 31, 22, -2, 31, 186, 3023 }, // U+00C5
    { 34, 21, 31, -2, 21, 179, 3209 }, // U+00C6
    { 21, 29, 21, 1, 22, 153, 3388 }, // U+00C7
    { 21, 29, 19, -1, 29, 153, 3541 }, // U+00C8
    { 21, 29, 19, -1, 29, 153, 3694 }, // U+00C9
    { 21, 29, 19, -1, 29, 153, 3847 }, // U+00CA
    { 21, 29, 19, -1, 29, 153, 4000 }, // U+00CB
    { 14, 29, 11, -1, 29, 102, 4153 }, // U+00CC
    { 15, 29, 11, -1, 29, 109, 4255 }, // U+00CD
    { 15, 29, 11, -1, 29, 109, 4364 }, // U+00CE
    { 16, 29, 11, -1, 29, 116, 4473 }, // U+00CF
    { 23, 21, 22, -1, 21, 121, 4589 }, // U+00D0
    { 27, 28, 24, -1, 28, 189, 4710 }, // U+00D1
    { 23, 30, 24, 1, 29, 173, 4899 }, // U+00D2
    { 23, 30, 24, 1, 29, 173, 5072 }, // U+00D3
    { 23, 30, 24, 1, 29, 173, 5245 }, // U+00D4
    { 23, 29, 24, 1, 28, 167, 5418 }, // U+00D5
    { 23, 30, 24, 1, 29, 173, 5585 }, // U+00D6
    { 19, 18, 31, 6, 18, 86, 5758 }, // U+00D7
    { 23, 28, 24, 1, 24, 161, 5844 }, // U+00D8
    { 23, 30, 23, 2, 29, 173, 6005 }, // U+00D9
    { 23, 30, 23, 2, 29, 173, 6178 }, // U+00DA
    { 23, 30, 23, 2, 29, 173, 6351 }, // U+00DB
    { 23, 30, 23, 2, 29, 173, 6524 }, // U+00DC
    { 22, 29, 21, 2, 29, 160, 6697 }, // U+00DD
    { 20, 21, 19, -1, 21, 105, 6857 }, // U+00DE
    { 25, 30, 19, -6, 23, 188, 6962 }, // U+00DF
    { 18, 23, 18, 0, 23, 104, 7150 }, // U+00E0
    { 18, 23, 18, 0, 23, 104, 7254 }, // U+00E1
    { 18, 23, 18, 0, 23, 104, 7358 }, // U+00E2
    { 19, 23, 18, 0, 23, 110, 7462 }, // U+00E3
    { 18, 23, 18, 0, 23, 104, 7572 }, // U+00E4
    { 18, 25, 18, 0, 25, 113, 7676 }, // U+00E5
    { 25, 16, 25, 0, 16, 100, 7789 }, // U+00E6
    { 15, 23, 15, 0, 16, 87, 7889 }, // U+00E7
    { 15, 23, 15, 0, 23, 87, 7976 }, // U+00E8
    { 16, 23, 15, 0, 23, 92, 8063 }, // U+00E9
    { 16, 23, 15, 0, 23, 92, 8155 }, // U+00EA
    { 17, 23, 15, 0, 23, 98, 8247 }, // U+00EB
    { 11, 23, 10, 0, 23, 64, 8345 }, // U+00EC
    { 13, 23, 10, 0, 23, 75, 8409 }, // U+00ED
    { 13, 23, 10, 0, 23, 75, 8484 }, // U+00EE
    { 13, 23, 10, 0, 23, 75, 8559 }, // U+00EF
    { 17, 24, 17, 0, 24, 102, 8634 }, // U+00F0
    { 19, 23, 18, 0, 23, 110, 8736 }, // U+00F1
    { 17, 23, 17, 0, 23, 98, 8846 }, // U+00F2
    { 17, 23, 17, 0, 23, 98, 8944 }, // U+00F3
    { 17, 23, 17, 0, 23, 98, 9042 }, // U+00F4
    { 18, 23, 17, 0, 23, 104, 9140 }, // U+00F5
    { 17, 23, 17, 0, 23, 98, 9244 }, // U+00F6
    { 20, 14, 31, 6, 16, 70, 9342 }, // U+00F7
    { 17, 22, 17, 0, 19, 94, 9412 }, // U+00F8
    { 19, 23, 18, 0, 23, 110, 9506 }, // U+00F9
    { 19, 23, 18, 0, 23, 110, 9616 }, // U+00FA
    { 19, 23, 18, 0, 23, 110, 9726 }, // U+00FB
    { 19, 23, 18, 0, 23, 110, 9836 }, // U+00FC
    { 22, 30, 17, -3, 23, 165, 9946 }, // U+00FD
    { 21, 30, 17, -4, 23, 158, 10111 }, // U+00FE
    { 22, 30, 17, -3, 23, 165, 10269 }, // U+00FF
    { 24, 27, 22, -2, 27, 162, 0 }, // U+0100
    { 18, 21, 18, 0, 21, 95, 162 }, // U+0101
    { 24, 29, 22, -2, 29, 174, 257 }, // U+0102
    { 18, 23, 18, 0, 23, 104, 431 }, // U+0103
    { 24, 28, 22, -2, 21, 168, 535 }, // U+0104
    { 18, 23, 18, 0, 16, 104, 703 }, // U+0105
    { 21, 30, 21, 1, 29, 158, 807 }, // U+0106
    { 16, 23, 15, 0, 23, 92, 965 }, // U+0107
    { 21, 30, 21, 1, 29, 158, 1057 }, // U+0108
    { 16, 23, 15, 0, 23, 92, 1215 }, // U+0109
    { 21, 30, 21, 1, 29, 158, 1307 }, // U+010A
    { 15, 23, 15, 0, 23, 87, 1465 }, // U+010B
    { 21, 29, 21, 1, 28, 153, 1552 }, // U+010C
    { 18, 23, 15, 0, 23, 104, 1705 }, // U+010D
    { 23, 29, 22, -1, 29, 167, 1809 }, // U+010E
    { 24, 23, 22, 0, 23, 138, 1976 }, // U+010F
    { 23, 21, 22, -1, 21, 121, 2114 }, // U+0110
    { 21, 23, 18, 0, 23, 121, 2235 }, // U+0111
    { 21, 27, 19, -1, 27, 142, 2356 }, // U+0112
    { 17, 21, 15, 0, 21, 90, 2498 }, // U+0113
    { 21, 29, 19, -1, 29, 153, 2588 }, // U+0114
    { 17, 23, 15, 0, 23, 98, 2741 }, // U+0115
    { 21, 29, 19, -1, 29, 153, 2839 }, // U+0116
    { 15, 23, 15, 0, 23, 87, 2992 }, // U+0117
    { 21, 28, 19, -1, 21, 147, 3079 }, // U+0118
    { 15, 23, 15, 0, 16, 87, 3226 }, // U+0119
    { 21, 29, 19, -1, 29, 153, 3313 }, // U+011A
    { 17, 23, 15, 0, 23, 98, 3466 }, // U+011B
    { 22, 30, 23, 1, 29, 165, 3564 }, // U+011C
    { 19, 30, 15, -2, 23, 143, 3729 }, // U+011D
    { 22, 29, 23, 1, 28, 160, 3872 }, // U+011E
    { 19, 30, 15, -2, 23, 143, 4032 }, // U+011F
    { 22, 30, 23, 1, 29, 165, 4175 }, // U+0120
    { 19, 30, 15, -2, 23, 143, 4340 }, // U+0121
    { 22, 31, 23, 1, 22, 171, 4483 }, // U+0122
    { 19, 31, 15, -2, 24, 148, 4654 }, // U+0123
    { 27, 29, 24, -1, 29, 196, 4802 }, // U+0124
    { 18, 30, 18, 0, 30, 135, 4998 }, // U+0125
    { 27, 21, 24, -1, 21, 142, 5133 }, // U+0126
    { 18, 23, 18, 0, 23, 104, 5275 }, // U+0127
    { 16, 28, 11, -1, 28, 112, 5379 }, // U+0128
    { 14, 23, 10, 0, 23, 81, 5491 }, // U+0129
    { 15, 27, 11, -1, 27, 102, 5572 }, // U+012A
    { 12, 21, 10, 0, 21, 63, 5674 }, // U+012B
    { 16, 29, 11, -1, 29, 116, 5737 }, // U+012C
    { 13, 23, 10, 0, 23, 75, 5853 }, // U+012D
    { 14, 28, 11, -1, 21, 98, 5928 }, // U+012E
    { 10, 30, 10, 0, 23, 75, 6026 }, // U+012F
    { 14, 29, 11, -1, 29, 102, 6101 }, // U+0130
    { 10, 16, 10, 0, 16, 40, 6203 }, // U+0131
    { 30, 22, 27, -1, 21, 165, 6243 }, // U+0132
    { 20, 30, 20, 0, 23, 150, 6408 }, // U+0133
    { 20, 30, 16, -1, 29, 150, 6558 }, // U+0134
    { 17, 30, 10, -5, 23, 128, 6708 }, // U+0135
    { 25, 30, 22, -1, 21, 188, 6836 }, // U+0136
    { 18, 31, 17, 0, 23, 140, 7024 }, // U+0137
    { 17, 16, 17, 0, 16, 68, 7164 }, // U+0138
    { 18, 29, 18, -1, 29, 131, 7232 }, // U+0139
    { 14, 31, 10, 0, 31, 109, 7363 }, // U+013A
    { 18, 30, 18, -1, 21, 135, 7472 }, // U+013B
    { 11, 31, 10, -1, 23, 86, 7607 }, // U+013C
    { 20, 23, 18, -1, 23, 115, 7693 }, // U+013D
    { 15, 23, 13, 0, 23, 87, 7808 }, // U+013E
    { 23, 21, 22, -1, 21, 121, 7895 }, // U+013F
    { 14, 23, 14, 0, 23, 81, 8016 }, // U+0140
    { 18, 21, 18, -1, 21, 95, 8097 }, // U+0141
    { 14, 23, 10, -1, 23, 81, 8192 }, // U+0142
    { 27, 29, 24, -1, 29, 196, 8273 }, // U+0143
    { 19, 23, 18, 0, 23, 110, 8469 }, // U+0144
    { 27, 30, 24, -1, 21, 203, 8579 }, // U+0145
    { 19, 24, 18, 0, 16, 114, 8782 }, // U+0146
    { 27, 29, 24, -1, 29, 196, 8896 }, // U+0147
    { 19, 23, 18, 0, 23, 110, 9092 }, // U+0148
    { 25, 29, 24, -1, 22, 182, 9202 }, // U+014A
    { 17, 23, 18, 0, 16, 98, 9384 }, // U+014B
    { 23, 28, 24, 1, 27, 161, 9482 }, // U+014C
    { 17, 21, 17, 0, 21, 90, 9643 }, // U+014D
    { 23, 30, 24, 1, 29, 173, 9733 }, // U+014E
    { 17, 23, 17, 0, 23, 98, 9906 }, // U+014F
    { 24, 30, 24, 1, 29, 180, 10004 }, // U+0150
    { 21, 23, 17, 0, 23, 121, 10184 }, // U+0151
    { 34, 23, 33, 1, 22, 196, 10305 }, // U+0152
    { 25, 16, 25, 0, 16, 100, 10501 }, // U+0153
    { 22, 30, 21, -1, 29, 165, 10601 }, // U+0154
    { 15, 23, 13, 0, 23, 87, 10766 }, // U+0155
    { 22, 30, 21, -1, 21, 165, 10853 }, // U+0156
    { 17, 25, 13, -2, 16, 107, 11018 }, // U+0157
    { 22, 30, 21, -1, 29, 165, 11125 }, // U+0158
    { 16, 23, 13, 0, 23, 92, 11290 }, // U+0159
    { 19, 30, 18, -1, 29, 143, 11382 }, // U+015A
    { 16, 23, 13, -1, 23, 92, 11525 }, // U+015B
    { 19, 30, 18, -1, 29, 143, 11617 }, // U+015C
    { 16, 23, 13, -1, 23, 92, 11760 }, // U+015D
    { 19, 29, 18, -1, 22, 138, 11852 }, // U+015E
    { 14, 23, 13, -1, 16, 81, 11990 }, // U+015F
    { 20, 29, 18, -1, 28, 145, 12071 }, // U+0160
    { 17, 23, 13, -1, 23, 98, 12216 }, // U+0161
    { 21, 28, 20, 1, 21, 147, 12314 }, // U+0162
    { 13, 26, 11, 0, 19, 85, 12461 }, // U+0163
    { 21, 29, 20, 1, 29, 153, 12546 }, // U+0164
    { 16, 23, 12, 0, 23, 92, 12699 }, // U+0165
    { 21, 21, 20, 1, 21, 111, 12791 }, // U+0166
    { 13, 19, 11, 0, 19, 62, 12902 }, // U+0167
    { 23, 29, 23, 2, 28, 167, 12964 }, // U+0168
    { 19, 23, 18, 0, 23, 110, 13131 }, // U+0169
    { 23, 28, 23, 2, 27, 161, 13241 }, // U+016A
    { 19, 21, 18, 0, 21, 100, 13402 }, // U+016B
    { 23, 30, 23, 2, 29, 173, 13502 }, // U+016C
    { 19, 23, 18, 0, 23, 110, 13675 }, // U+016D
    { 23, 32, 23, 2, 31, 184, 13785 }, // U+016E
    { 19, 25, 18, 0, 25, 119, 13969 }, // U+016F
    { 23, 30, 23, 2, 29, 173, 14088 }, // U+0170
    { 22, 23, 18, 0, 23, 127, 14261 }, // U+0171
    { 23, 28, 23, 2, 21, 161, 14388 }, // U+0172
    { 19, 23, 18, 0, 16, 110, 14549 }, // U+0173
    { 31, 30, 30, 2, 29, 233, 14659 }, // U+0174
    { 25, 23, 23, -1, 23, 144, 14892 }, // U+0175
    { 22, 29, 21, 2, 29, 160, 15036 }, // U+0176
    { 22, 30, 17, -3, 23, 165, 15196 }, // U+0177
    { 22, 29, 21, 2, 29, 160, 15361 }, // U+0178
    { 22, 29, 19, -1, 29, 160, 15521 }, // U+0179
    { 17, 24, 15, -1, 23, 102, 15681 }, // U+017A
    { 22, 29, 19, -1, 29, 160, 15783 }, // U+017B
    { 17, 24, 15, -1, 23, 102, 15943 }, // U+017C
    { 22, 29, 19, -1, 29, 160, 16045 }, // U+017D
    { 17, 24, 15, -1, 23, 102, 16205 }, // U+017E
    { 21, 30, 11, -5, 23, 158, 16307 }, // U+017F
    { 27, 27, 25, 1, 26, 183, 0 }, // U+01A0
    { 21, 19, 20, 0, 19, 100, 183 }, // U+01A1
    { 28, 28, 27, 2, 27, 196, 283 }, // U+01AF
    { 23, 21, 21, 0, 21, 121, 479 }, // U+01B0
    { 44, 29, 41, -1, 29, 319, 600 }, // U+01C4
    { 40, 24, 38, -1, 23, 240, 919 }, // U+01C5
    { 35, 24, 33, 0, 23, 210, 1159 }, // U+01C6
    { 36, 22, 33, -1, 21, 198, 1369 }, // U+01C7
    { 29, 30, 27, -1, 23, 218, 1567 }, // U+01C8
    { 20, 30, 20, 0, 23, 150, 1785 }, // U+01C9
    { 42, 22, 39, -1, 21, 231, 1935 }, // U+01CA
    { 35, 30, 33, -1, 23, 263, 2166 }, // U+01CB
    { 29, 30, 28, 0, 23, 218, 2429 }, // U+01CC
    { 24, 29, 22, -2, 29, 174, 2647 }, // U+01CD
    { 19, 23, 18, 0, 23, 110, 2821 }, // U+01CE
    { 16, 29, 11, -1, 29, 116, 2931 }, // U+01CF
    { 14, 23, 10, 0, 23, 81, 3047 }, // U+01D0
    { 23, 30, 24, 1, 29, 173, 3128 }, // U+01D1
    { 18, 23, 17, 0, 23, 104, 3301 }, // U+01D2
    { 23, 30, 23, 2, 29, 173, 3405 }, // U+01D3
    { 19, 23, 18, 0, 23, 110, 3578 }, // U+01D4
    { 23, 35, 23, 2, 34, 202, 3688 }, // U+01D5
    { 19, 28, 18, 0, 28, 133, 3890 }, // U+01D6
    { 23, 37, 23, 2, 36, 213, 4023 }, // U+01D7
    { 19, 30, 18, 0, 30, 143, 4236 }, // U+01D8
    { 23, 37, 23, 2, 36, 213, 4379 }, // U+01D9
    { 19, 30, 18, 0, 30, 143, 4592 }, // U+01DA
    { 23, 37, 23, 2, 36, 213, 4735 }, // U+01DB
    { 19, 30, 18, 0, 30, 143, 4948 }, // U+01DC
    { 15, 16, 15, 0, 16, 60, 5091 }, // U+01DD
    { 24, 34, 22, -2, 34, 204, 5151 }, // U+01DE
    { 20, 27, 18, 0, 27, 135, 5355 }, // U+01DF
    { 24, 33, 22, -2, 33, 198, 5490 }, // U+01E0
    { 20, 27, 18, 0, 27, 135, 5688 }, // U+01E1
    { 34, 27, 31, -2, 27, 230, 5823 }, // U+01E2
    { 25, 21, 25, 0, 21, 132, 6053 }, // U+01E3
    { 22, 23, 23, 1, 22, 127, 6185 }, // U+01E4
    { 21, 23, 17, -2, 16, 121, 6312 }, // U+01E5
    { 22, 29, 23, 1, 28, 160, 6433 }, // U+01E6
    { 19, 30, 15, -2, 23, 143, 6593 }, // U+01E7
    { 25, 30, 22, -1, 29, 188, 6736 }, // U+01E8
    { 19, 30, 17, 0, 30, 143, 6924 }, // U+01E9
    { 23, 29, 24, 1, 22, 167, 7067 }, // U+01EA
    { 17, 23, 17, 0, 16, 98, 7234 }, // U+01EB
    { 23, 33, 24, 1, 26, 190, 7332 }, // U+01EC
    { 17, 28, 17, 0, 21, 119, 7522 }, // U+01ED
    { 23, 36, 19, -3, 29, 207, 7641 }, // U+01EE
    { 21, 30, 16, -3, 23, 158, 7848 }, // U+01EF
    { 19, 30, 10, -5, 23, 143, 8006 }, // U+01F0
    { 44, 21, 41, -1, 21, 231, 8149 }, // U+01F1
    { 40, 22, 38, -1, 21, 220, 8380 }, // U+01F2
    { 34, 24, 33, 0, 23, 204, 8600 }, // U+01F3
    { 22, 30, 23, 1, 29, 165, 8804 }, // U+01F4
    { 19, 30, 15, -2, 23, 143, 8969 }, // U+01F5
    { 34, 22, 34, -2, 21, 187, 9112 }, // U+01F6
    { 23, 29, 19, -3, 22, 167, 9299 }, // U+01F7
    { 27, 29, 24, -1, 29, 196, 9466 }, // U+01F8
    { 19, 23, 18, 0, 23, 110, 9662 }, // U+01F9
    { 24, 38, 22, -2, 38, 228, 9772 }, // U+01FA
    { 19, 32, 18, 0, 32, 152, 10000 }, // U+01FB
    { 34, 29, 31, -2, 29, 247, 10152 }, // U+01FC
    { 25, 23, 25, 0, 23, 144, 10399 }, // U+01FD
    { 23, 33, 24, 1, 29, 190, 10543 }, // U+01FE
    { 17, 26, 17, 0, 23, 111, 10733 }, // U+01FF
    { 24, 29, 22, -2, 29, 174, 10844 }, // U+0200
    { 19, 23, 18, 0, 23, 110, 11018 }, // U+0201
    { 24, 28, 22, -2, 28, 168, 11128 }, // U+0202
    { 18, 23, 18, 0, 23, 104, 11296 }, // U+0203
    { 21, 29, 19, -1, 29, 153, 11400 }, // U+0204
    { 17, 23, 15, 0, 23, 98, 11553 }, // U+0205
    { 21, 28, 19, -1, 28, 147, 11651 }, // U+0206
    { 16, 23, 15, 0, 23, 92, 11798 }, // U+0207
    { 16, 29, 11, -1, 29, 116, 11890 }, // U+0208
    { 17, 23, 10, -3, 23, 98, 12006 }, // U+0209
    { 15, 28, 11, -1, 28, 105, 12104 }, // U+020A
    { 12, 23, 10, 0, 23, 69, 12209 }, // U+020B
    { 23, 30, 24, 1, 29, 173, 12278 }, // U+020C
    { 18, 23, 17, 0, 23, 104, 12451 }, // U+020D
    { 23, 29, 24, 1, 28, 167, 12555 }, // U+020E
    { 17, 23, 17, 0, 23, 98, 12722 }, // U+020F
    { 22, 30, 21, -1, 29, 165, 12820 }, // U+0210
    { 17, 23, 13, -1, 23, 98, 12985 }, // U+0211
    { 22, 29, 21, -1, 28, 160, 13083 }, // U+0212
    { 15, 22, 13, 0, 22, 83, 13243 }, // U+0213
    { 23, 30, 23, 2, 29, 173, 13326 }, // U+0214
    { 19, 23, 18, 0, 23, 110, 13499 }, // U+0215
    { 23, 29, 23, 2, 28, 167, 13609 }, // U+0216
    { 19, 23, 18, 0, 23, 110, 13776 }, // U+0217
    { 19, 31, 18, -1, 22, 148, 13886 }, // U+0218
    { 14, 24, 13, -1, 16, 84, 14034 }, // U+0219
    { 21, 30, 20, 1, 21, 158, 14118 }, // U+021A
    { 13, 27, 11, 0, 19, 88, 14276 }, // U+021B
    { 19, 27, 17, -1, 22, 129, 14364 }, // U+021C
    { 16, 23, 13, -2, 16, 92, 14493 }, // U+021D
    { 27, 29, 24, -1, 29, 196, 14585 }, // U+021E
    { 19, 30, 18, 0, 30, 143, 14781 }, // U+021F
    { 10, 6, 0, -12, 23, 15, 0 }, // U+0300
    { 9, 6, 0, -10, 23, 14, 15 }, // U+0301
    { 12, 6, 0, -13, 23, 18, 29 }, // U+0302
    { 13, 4, 0, -13, 22, 13, 47 }, // U+0303
    { 13, 3, 0, -13, 21, 10, 60 }, // U+0304
    { 23, 3, 0, -17, 25, 18, 70 }, // U+0305
    { 11, 6, 0, -11, 23, 17, 88 }, // U+0306
    { 6, 5, 0, -9, 23, 8, 105 }, // U+0307
    { 12, 5, 0, -12, 23, 15, 113 }, // U+0308
    { 7, 7, 0, -9, 24, 13, 128 }, // U+0309
    { 9, 8, 0, -10, 25, 18, 141 }, // U+030A
    { 17, 6, 0, -13, 23, 26, 159 }, // U+030B
    { 13, 6, 0, -12, 23, 20, 185 }, // U+030C
    { 4, 6, 0, -8, 23, 6, 205 }, // U+030D
    { 8, 6, 0, -10, 23, 12, 211 }, // U+030E
    { 17, 6, 0, -16, 23, 26, 223 }, // U+030F
    { 11, 9, 0, -11, 26, 25, 249 }, // U+0310
    { 11, 6, 0, -12, 22, 17, 274 }, // U+0311
    { 6, 7, 0, -9, 24, 11, 291 }, // U+0312
    { 6, 7, 0, -9, 23, 11, 302 }, // U+0313
    { 7, 10, 0, -10, 26, 18, 313 }, // U+0314
    { 7, 7, 5, 1, 26, 13, 331 }, // U+0315
    { 10, 6, 0, -16, -2, 15, 344 }, // U+0316
    { 9, 6, 0, -16, -2, 14, 359 }, // U+0317
    { 6, 6, 0, -14, -2, 9, 373 }, // U+0318
    { 7, 6, 0, -15, -2, 11, 382 }, // U+0319
    { 9, 7, 9, 2, 22, 16, 393 }, // U+031A
    { 7, 10, 4, -3, 20, 18, 409 }, // U+031B
    { 6, 7, 0, -14, -2, 11, 427 }, // U+031C
    { 8, 5, 0, -15, -1, 10, 438 }, // U+031D
    { 8, 5, 0, -15, -2, 10, 448 }, // U+031E
    { 8, 6, 0, -15, -2, 12, 458 }, // U+031F
    { 9, 2, 0, -15, -2, 5, 470 }, // U+0320
    { 12, 8, 0, -11, 1, 24, 475 }, // U+0321
    { 10, 8, 0, -4, 1, 20, 499 }, // U+0322
    { 6, 5, 0, -14, -2, 8, 519 }, // U+0323
    { 12, 5, 0, -17, -2, 15, 527 }, // U+0324
    { 9, 8, 0, -16, -2, 18, 542 }, // U+0325
    { 7, 7, 0, -15, -2, 13, 560 }, // U+0326
    { 9, 8, 0, -15, 1, 18, 573 }, // U+0327
    { 8, 7, 0, -14, 0, 14, 591 }, // U+0328
    { 4, 6, 0, -13, -2, 6, 605 }, // U+0329
    { 10, 5, 0, -16, -2, 13, 611 }, // U+032A
    { 12, 6, 0, -17, -1, 18, 624 }, // U+032B
    { 13, 6, 0, -17, -1, 20, 642 }, // U+032C
    { 12, 6, 0, -18, -2, 18, 662 }, // U+032D
    { 11, 6, 0, -16, -1, 17, 680 }, // U+032E
    { 11, 6, 0, -17, -2, 17, 697 }, // U+032F
    { 14, 4, 0, -18, -3, 14, 714 }, // U+0330
    { 13, 3, 0, -17, -2, 10, 728 }, // U+0331
    { 24, 3, 0, -23, -2, 18, 738 }, // U+0332
    { 25, 7, 0, -24, -2, 44, 756 }, // U+0333
    { 13, 4, 0, -15, 10, 13, 800 }, // U+0334
    { 11, 2, 0, -14, 9, 6, 813 }, // U+0335
    { 20, 2, 0, -19, 9, 10, 819 }, // U+0336
    { 16, 22, 0, -17, 18, 88, 829 }, // U+0337
    { 17, 26, 0, -17, 20, 111, 917 }, // U+0338
    { 6, 7, 0, -15, -2, 11, 1028 }, // U+0339
    { 10, 5, 0, -16, -2, 13, 1039 }, // U+033A
    { 12, 7, 0, -17, -2, 21, 1052 }, // U+033B
    { 12, 4, 0, -17, -2, 12, 1073 }, // U+033C
    { 12, 6, 0, -12, 23, 18, 1085 }, // U+033D
    { 7, 12, 0, -9, 28, 21, 1103 }, // U+033E
    { 24, 7, 0, -18, 25, 42, 1124 }, // U+033F
    { 10, 5, 0, -11, 21, 13, 1166 }, // U+0346
    { 15, 7, 0, -19, -2, 27, 1179 }, // U+0347
    { 9, 6, 0, -16, -2, 14, 1206 }, // U+0348
    { 8, 7, 0, -15, -2, 14, 1220 }, // U+0349
    { 14, 8, 0, -13, 24, 28, 1234 }, // U+034A
    { 13, 8, 0, -12, 25, 26, 1262 }, // U+034B
    { 16, 9, 0, -14, 25, 36, 1288 }, // U+034C
    { 12, 6, 0, -17, 0, 18, 1324 }, // U+034D
    { 7, 7, 0, -15, -2, 13, 1342 }, // U+034E
    { 0, 0, 0, 0, 0, 0, 1355 }, // U+034F
    { 15, 11, 0, -13, 28, 42, 1355 }, // U+0350
    { 6, 7, 0, -9, 25, 11, 1397 }, // U+0351
    { 11, 9, 0, -12, 25, 25, 1408 }, // U+0352
    { 8, 8, 0, -15, -2, 16, 1433 }, // U+0353
    { 14, 11, 0, -19, -1, 39, 1449 }, // U+0354
    { 14, 11, 0, -18, -1, 39, 1488 }, // U+0355
    { 27, 12, 0, -24, 0, 81, 1527 }, // U+0356
    { 6, 7, 0, -9, 25, 11, 1608 }, // U+0357
    { 6, 5, 5, 1, 23, 8, 1619 }, // U+0358
    { 10, 9, 0, -16, -1, 23, 1627 }, // U+0359
    { 15, 8, 0, -19, -2, 30, 1650 }, // U+035A
    { 8, 7, 0, -10, 24, 14, 1680 }, // U+035B
    { 25, 6, 0, -16, -7, 38, 1694 }, // U+035C
    { 25, 6, 0, -8, 31, 38, 1732 }, // U+035D
    { 23, 3, 0, -8, 29, 18, 1770 }, // U+035E
    { 23, 3, 0, -15, -9, 18, 1788 }, // U+035F
    { 30, 7, 0, -11, 30, 53, 1806 }, // U+0360
    { 25, 6, 0, -9, 29, 38, 1859 }, // U+0361
    { 30, 10, 0, -18, -7, 75, 1897 }, // U+0362
    { 12, 9, 0, -12, 26, 27, 1972 }, // U+0363
    { 10, 9, 0, -11, 26, 23, 1999 }, // U+0364
    { 6, 14, 0, -9, 30, 21, 2022 }, // U+0365
    { 11, 10, 0, -12, 26, 28, 2043 }, // U+0366
    { 12, 10, 0, -12, 26, 30, 2071 }, // U+0367
    { 10, 9, 0, -11, 26, 23, 2101 }, // U+0368
    { 11, 14, 0, -12, 31, 39, 2124 }, // U+0369
    { 12, 14, 0, -12, 31, 42, 2163 }, // U+036A
    { 17, 9, 0, -15, 26, 39, 2205 }, // U+036B
    { 10, 9, 0, -10, 26, 23, 2244 }, // U+036C
    { 9, 11, 0, -10, 28, 25, 2267 }, // U+036D
    { 11, 9, 0, -11, 26, 25, 2292 }, // U+036E
    { 13, 9, 0, -13, 26, 30, 2317 }, // U+036F
    { 21, 30, 19, -1, 29, 158, 0 }, // U+0400
    { 21, 30, 19, -1, 29, 158, 158 }, // U+0401
    { 22, 22, 23, 1, 21, 121, 316 }, // U+0402
    { 21, 30, 18, -1, 29, 158, 437 }, // U+0403
    { 21, 23, 21, 1, 22, 121, 595 }, // U+0404
    { 19, 23, 18, -1, 22, 110, 716 }, // U+0405
    { 14, 22, 11, -1, 21, 77, 826 }, // U+0406
    { 16, 30, 11, -1, 29, 120, 903 }, // U+0407
    { 19, 22, 16, -1, 21, 105, 1023 }, // U+0408
    { 32, 22, 30, -3, 21, 176, 1128 }, // U+0409
    { 30, 22, 30, -1, 21, 165, 1304 }, // U+040A
    { 21, 22, 24, 1, 21, 116, 1469 }, // U+040B
    { 25, 30, 21, -1, 29, 188, 1585 }, // U+040C
    { 27, 30, 23, -1, 29, 203, 1773 }, // U+040D
    { 25, 30, 23, 1, 29, 188, 1976 }, // U+040E
    { 27, 28, 24, -1, 21, 189, 2164 }, // U+040F
    { 24, 22, 22, -2, 21, 132, 2353 }, // U+0410
    { 22, 22, 20, -2, 21, 121, 2485 }, // U+0411
    { 21, 22, 20, -1, 21, 116, 2606 }, // U+0412
    { 21, 22, 18, -1, 21, 116, 2722 }, // U+0413
    { 28, 28, 23, -3, 21, 196, 2838 }, // U+0414
    { 21, 22, 19, -1, 21, 116, 3034 }, // U+0415
    { 35, 23, 30, -2, 22, 202, 3150 }, // U+0416
    { 19, 23, 18, -1, 22, 110, 3352 }, // U+0417
    { 27, 22, 23, -1, 21, 149, 3462 }, // U+0418
    { 27, 30, 23, -1, 29, 203, 3611 }, // U+0419
    { 25, 23, 21, -1, 22, 144, 3814 }, // U+041A
    { 27, 22, 23, -2, 21, 149, 3958 }, // U+041B
    { 31, 22, 28, -1, 21, 171, 4107 }, // U+041C
    { 27, 22, 24, -1, 21, 149, 4278 }, // U+041D
    { 23, 23, 24, 1, 22, 133, 4427 }, // U+041E
    { 27, 22, 24, -1, 21, 149, 4560 }, // U+041F
    { 21, 22, 19, -1, 21, 116, 4709 }, // U+0420
    { 21, 23, 21, 1, 22, 121, 4825 }, // U+0421
    { 21, 22, 20, 1, 21, 116, 4946 }, // U+0422
    { 25, 22, 23, 1, 21, 138, 5062 }, // U+0423
    { 26, 22, 27, 1, 21, 143, 5200 }, // U+0424
    { 25, 22, 21, -2, 21, 138, 5343 }, // U+0425
    { 27, 28, 24, -1, 21, 189, 5481 }, // U+0426
    { 21, 22, 21, 2, 21, 116, 5670 }, // U+0427
    { 35, 22, 31, -1, 21, 193, 5786 }, // U+0428
    { 35, 28, 31, -1, 21, 245, 5979 }, // U+0429
    { 20, 22, 22, 1, 21, 110, 6224 }, // U+042A
    { 32, 22, 29, -1, 21, 176, 6334 }, // U+042B
    { 20, 22, 19, -1, 21, 110, 6510 }, // U+042C
    { 21, 23, 21, 0, 22, 121, 6620 }, // U+042D
    { 33, 23, 32, -1, 22, 190, 6741 }, // U+042E
    { 26, 22, 22, -2, 21, 143, 6931 }, // U+042F
    { 18, 17, 18, 0, 16, 77, 7074 }, // U+0430
    { 20, 23, 18, 0, 22, 115, 7151 }, // U+0431
    { 17, 17, 17, 0, 16, 73, 7266 }, // U+0432
    { 16, 17, 15, -1, 16, 68, 7339 }, // U+0433
    { 17, 25, 17, 0, 24, 107, 7407 }, // U+0434
    { 15, 17, 15, 0, 16, 64, 7514 }, // U+0435
    { 30, 17, 30, 0, 16, 128, 7578 }, // U+0436
    { 16, 17, 15, -1, 16, 68, 7706 }, // U+0437
    { 19, 17, 18, 0, 16, 81, 7774 }, // U+0438
    { 19, 23, 18, 0, 22, 110, 7855 }, // U+0439
    { 17, 17, 17, 0, 16, 73, 7965 }, // U+043A
    { 23, 16, 19, -3, 15, 92, 8038 }, // U+043B
    { 26, 17, 23, -2, 16, 111, 8130 }, // U+043C
    { 19, 17, 18, 0, 16, 81, 8241 }, // U+043D
    { 17, 17, 17, 0, 16, 73, 8322 }, // U+043E
    { 19, 17, 18, 0, 16, 81, 8395 }, // U+043F
    { 21, 23, 17, -4, 16, 121, 8476 }, // U+0440
    { 15, 17, 15, 0, 16, 64, 8597 }, // U+0441
    { 26, 17, 26, 0, 16, 111, 8661 }, // U+0442
    { 22, 23, 17, -3, 16, 127, 8772 }, // U+0443
    { 24, 31, 24, 0, 24, 186, 8899 }, // U+0444
    { 20, 17, 18, -1, 16, 85, 9085 }, // U+0445
    { 19, 24, 18, 0, 16, 114, 9170 }, // U+0446
    { 16, 17, 16, 0, 16, 68, 9284 }, // U+0447
    { 26, 17, 26, 0, 16, 111, 9352 }, // U+0448
    { 26, 24, 26, 0, 16, 156, 9463 }, // U+0449
    { 17, 17, 18, 0, 16, 73, 9619 }, // U+044A
    { 23, 17, 22, 0, 16, 98, 9692 }, // U+044B
    { 15, 17, 15, 0, 16, 64, 9790 }, // U+044C
    { 16, 17, 16, -1, 16, 68, 9854 }, // U+044D
    { 26, 17, 24, -2, 16, 111, 9922 }, // U+044E
    { 20, 17, 16, -3, 16, 85, 10033 }, // U+044F
    { 15, 24, 15, 0, 23, 90, 10118 }, // U+0450
    { 17, 24, 15, 0, 23, 102, 10208 }, // U+0451
    { 18, 30, 18, 0, 23, 135, 10310 }, // U+0452
    { 16, 24, 15, -1, 23, 96, 10445 }, // U+0453
    { 17, 17, 16, 0, 16, 73, 10541 }, // U+0454
    { 14, 17, 13, -1, 16, 60, 10614 }, // U+0455
    { 10, 24, 10, 0, 23, 60, 10674 }, // U+0456
    { 13, 24, 10, 0, 23, 78, 10734 }, // U+0457
    { 15, 31, 10, -5, 24, 117, 10812 }, // U+0458
    { 25, 17, 22, -3, 16, 107, 10929 }, // U+0459
    { 23, 17, 23, 0, 16, 98, 11036 }, // U+045A
    { 18, 24, 18, 0, 23, 108, 11134 }, // U+045B
    { 17, 24, 17, 0, 23, 102, 11242 }, // U+045C
    { 19, 24, 18, 0, 23, 114, 11344 }, // U+045D
    { 22, 29, 17, -3, 22, 160, 11458 }, // U+045E
    { 19, 24, 18, 0, 16, 114, 11618 }, // U+045F
    { 21, 22, 22, 1, 21, 116, 11732 }, // U+0462
    { 22, 17, 22, 0, 16, 94, 11848 }, // U+0463
    { 23, 23, 24, 1, 22, 133, 11942 }, // U+0472
    { 18, 17, 18, 0, 16, 77, 12075 }, // U+0473
    { 25, 23, 23, 2, 22, 144, 12152 }, // U+0474
    { 22, 17, 19, -1, 16, 94, 12296 }, // U+0475
    { 27, 36, 23, -1, 29, 243, 12390 }, // U+048A
    { 19, 28, 18, 0, 22, 133, 12633 }, // U+048B
    { 20, 24, 19, -1, 23, 120, 12766 }, // U+048C
    { 15, 19, 15, 0, 18, 72, 12886 }, // U+048D
    { 21, 22, 17, -1, 21, 116, 12958 }, // U+048E
    { 21, 23, 17, -4, 16, 121, 13074 }, // U+048F
    { 21, 26, 16, -1, 25, 137, 13195 }, // U+0490
    { 14, 19, 13, 0, 18, 67, 13332 }, // U+0491
    { 21, 22, 18, -1, 21, 116, 13399 }, // U+0492
    { 16, 17, 15, -1, 16, 68, 13515 }, // U+0493
    { 21, 29, 20, -1, 21, 153, 13583 }, // U+0494
    { 15, 23, 16, 1, 16, 87, 13736 }, // U+0495
    { 35, 29, 30, -2, 22, 254, 13823 }, // U+0496
    { 30, 24, 30, 0, 16, 180, 14077 }, // U+0497
    { 19, 29, 18, -1, 22, 138, 14257 }, // U+0498
    { 16, 23, 15, -1, 16, 92, 14395 }, // U+0499
    { 25, 29, 21, -1, 22, 182, 14487 }, // U+049A
    { 17, 24, 17, 0, 16, 102, 14669 }, // U+049B
    { 26, 23, 23, -1, 22, 150, 14771 }, // U+049C
    { 19, 17, 18, 0, 16, 81, 14921 }, // U+049D
    { 25, 23, 21, -1, 22, 144, 15002 }, // U+049E
    { 17, 24, 17, 0, 23, 102, 15146 }, // U+049F
    { 26, 23, 25, 1, 22, 150, 15248 }, // U+04A0
    { 21, 17, 20, 0, 16, 90, 15398 }, // U+04A1
    { 27, 28, 24, -1, 21, 189, 15488 }, // U+04A2
    { 19, 24, 18, 0, 16, 114, 15677 }, // U+04A3
    { 31, 22, 28, -1, 21, 171, 15791 }, // U+04A4
    { 22, 17, 22, 0, 16, 94, 15962 }, // U+04A5
    { 31, 29, 31, -1, 21, 225, 16056 }, // U+04A6
    { 25, 23, 25, 0, 16, 144, 16281 }, // U+04A7
    { 26, 23, 24, 0, 22, 150, 16425 }, // U+04A8
    { 20, 17, 21, 0, 16, 85, 16575 }, // U+04A9
    { 21, 29, 21, 1, 22, 153, 16660 }, // U+04AA
    { 15, 23, 15, 0, 16, 87, 16813 }, // U+04AB
    { 21, 28, 20, 1, 21, 147, 16900 }, // U+04AC
    { 26, 24, 26, 0, 16, 156, 17047 }, // U+04AD
    { 22, 22, 21, 2, 21, 121, 17203 }, // U+04AE
    { 20, 23, 17, -1, 16, 115, 17324 }, // U+04AF
    { 22, 22, 21, 2, 21, 121, 17439 }, // U+04B0
    { 20, 23, 17, -1, 16, 115, 17560 }, // U+04B1
    { 25, 28, 21, -2, 21, 175, 17675 }, // U+04B2
    { 20, 24, 18, -1, 16, 120, 17850 }, // U+04B3
    { 30, 28, 28, 1, 21, 210, 17970 }, // U+04B4
    { 19, 29, 18, 0, 21, 138, 18180 }, // U+04B5
    { 21, 28, 21, 2, 21, 147, 18318 }, // U+04B6
    { 16, 24, 16, 0, 16, 96, 18465 }, // U+04B7
    { 21, 22, 21, 2, 21, 116, 18561 }, // U+04B8
    { 18, 17, 17, 0, 16, 77, 18677 }, // U+04B9
    { 21, 22, 21, -1, 21, 116, 18754 }, // U+04BA
    { 18, 24, 18, 0, 23, 108, 18870 }, // U+04BB
    { 27, 23, 26, 0, 22, 156, 18978 }, // U+04BC
    { 19, 17, 19, 0, 16, 81, 19134 }, // U+04BD
    { 27, 29, 26, 0, 22, 196, 19215 }, // U+04BE
    { 19, 24, 19, 0, 16, 114, 19411 }, // U+04BF
    { 14, 22, 11, -1, 21, 77, 19525 }, // U+04C0
    { 35, 30, 30, -2, 29, 263, 19602 }, // U+04C1
    { 30, 23, 30, 0, 22, 173, 19865 }, // U+04C2
    { 25, 30, 21, -1, 22, 188, 20038 }, // U+04C3
    { 17, 23, 17, 0, 16, 98, 20226 }, // U+04C4
    { 27, 27, 23, -2, 21, 183, 20324 }, // U+04C5
    { 23, 21, 19, -3, 15, 121, 20507 }, // U+04C6
    { 27, 29, 24, -1, 21, 196, 20628 }, // U+04C7
    { 18, 23, 18, 0, 16, 104, 20824 }, // U+04C8
    { 27, 28, 22, -1, 21, 189, 20928 }, // U+04C9
    { 19, 22, 18, 0, 16, 105, 21117 }, // U+04CA
    { 21, 28, 21, 2, 21, 147, 21222 }, // U+04CB
    { 15, 22, 16, 0, 16, 83, 21369 }, // U+04CC
    { 31, 28, 28, -1, 21, 217, 21452 }, // U+04CD
    { 26, 22, 23, -2, 16, 143, 21669 }, // U+04CE
    { 14, 24, 11, -1, 23, 84, 21812 }, // U+04CF
    { 24, 30, 22, -2, 29, 180, 21896 }, // U+04D0
    { 18, 23, 18, 0, 22, 104, 22076 }, // U+04D1
    { 24, 30, 22, -2, 29, 180, 22180 }, // U+04D2
    { 18, 24, 18, 0, 23, 108, 22360 }, // U+04D3
    { 34, 22, 31, -2, 21, 187, 22468 }, // U+04D4
    { 25, 17, 25, 0, 16, 107, 22655 }, // U+04D5
    { 21, 30, 19, -1, 29, 158, 22762 }, // U+04D6
    { 16, 23, 15, 0, 22, 92, 22920 }, // U+04D7
    { 22, 23, 21, 0, 22, 127, 23012 }, // U+04D8
    { 15, 17, 15, 0, 16, 64, 23139 }, // U+04D9
    { 22, 30, 21, 0, 29, 165, 23203 }, // U+04DA
    { 15, 24, 15, 0, 23, 90, 23368 }, // U+04DB
    { 35, 30, 30, -2, 29, 263, 23458 }, // U+04DC
    { 30, 24, 30, 0, 23, 180, 23721 }, // U+04DD
    { 19, 30, 18, -1, 29, 143, 23901 }, // U+04DE
    { 17, 24, 15, -1, 23, 102, 24044 }, // U+04DF
    { 22, 22, 19, -1, 21, 121, 24146 }, // U+04E0
    { 21, 24, 16, -3, 17, 126, 24267 }, // U+04E1
    { 27, 28, 23, -1, 27, 189, 24393 }, // U+04E2
    { 19, 22, 18, 0, 21, 105, 24582 }, // U+04E3
    { 27, 30, 23, -1, 29, 203, 24687 }, // U+04E4
    { 19, 24, 18, 0, 23, 114, 24890 }, // U+04E5
    { 23, 30, 24, 1, 29, 173, 25004 }, // U+04E6
    { 17, 24, 17, 0, 23, 102, 25177 }, // U+04E7
    { 23, 23, 24, 1, 22, 133, 25279 }, // U+04E8
    { 17, 17, 17, 0, 16, 73, 25412 }, // U+04E9
    { 23, 30, 24, 1, 29, 173, 25485 }, // U+04EA
    { 17, 24, 17, 0, 23, 102, 25658 }, // U+04EB
    { 21, 30, 21, 0, 29, 158, 25760 }, // U+04EC
    { 17, 24, 16, -1, 23, 102, 25918 }, // U+04ED
    { 25, 28, 23, 1, 27, 175, 26020 }, // U+04EE
    { 22, 28, 17, -3, 21, 154, 26195 }, // U+04EF
    { 25, 30, 23, 1, 29, 188, 26349 }, // U+04F0
    { 22, 31, 17, -3, 24, 171, 26537 }, // U+04F1
    { 25, 30, 23, 1, 29, 188, 26708 }, // U+04F2
    { 24, 31, 17, -3, 24, 186, 26896 }, // U+04F3
    { 21, 30, 21, 2, 29, 158, 27082 }, // U+04F4
    { 16, 24, 16, 0, 23, 96, 27240 }, // U+04F5
    { 21, 28, 18, -1, 21, 147, 27336 }, // U+04F6
    { 16, 24, 15, -1, 16, 96, 27483 }, // U+04F7
    { 32, 30, 29, -1, 29, 240, 27579 }, // U+04F8
    { 23, 24, 22, 0, 23, 138, 27819 }, // U+04F9
    { 21, 28, 18, -1, 21, 147, 27957 }, // U+04FA
    { 16, 23, 15, -1, 16, 92, 28104 }, // U+04FB
    { 25, 29, 21, -2, 21, 182, 28196 }, // U+04FC
    { 20, 24, 18, -1, 16, 120, 28378 }, // U+04FD
    { 25, 22, 21, -2, 21, 138, 28498 }, // U+04FE
    { 20, 17, 18, -1, 16, 85, 28636 }, // U+04FF
    { 24, 29, 22, -2, 22, 174, 0 }, // U+1EA0
    { 18, 23, 18, 0, 16, 104, 174 }, // U+1EA1
    { 24, 30, 22, -2, 30, 180, 278 }, // U+1EA2
    { 18, 24, 18, 0, 24, 108, 458 }, // U+1EA3
    { 24, 35, 22, -2, 35, 210, 566 }, // U+1EA4
    { 18, 30, 18, 0, 30, 135, 776 }, // U+1EA5
    { 24, 35, 22, -2, 35, 210, 911 }, // U+1EA6
    { 18, 29, 18, 0, 29, 131, 1121 }, // U+1EA7
    { 24, 36, 22, -2, 36, 216, 1252 }, // U+1EA8
    { 18, 30, 18, 0, 30, 135, 1468 }, // U+1EA9
    { 24, 34, 22, -2, 34, 204, 1603 }, // U+1EAA
    { 19, 29, 18, 0, 29, 138, 1807 }, // U+1EAB
    { 24, 36, 22, -2, 29, 216, 1945 }, // U+1EAC
    { 18, 30, 18, 0, 23, 135, 2161 }, // U+1EAD
    { 24, 35, 22, -2, 35, 210, 2296 }, // U+1EAE
    { 18, 30, 18, 0, 30, 135, 2506 }, // U+1EAF
    { 24, 35, 22, -2, 35, 210, 2641 }, // U+1EB0
    { 18, 30, 18, 0, 30, 135, 2851 }, // U+1EB1
    { 24, 36, 22, -2, 36, 216, 2986 }, // U+1EB2
    { 18, 30, 18, 0, 30, 135, 3202 }, // U+1EB3
    { 24, 34, 22, -2, 34, 204, 3337 }, // U+1EB4
    { 19, 29, 18, 0, 29, 138, 3541 }, // U+1EB5
    { 24, 36, 22, -2, 29, 216, 3679 }, // U+1EB6
    { 18, 30, 18, 0, 23, 135, 3895 }, // U+1EB7
    { 21, 28, 19, -1, 21, 147, 4030 }, // U+1EB8
    { 15, 23, 15, 0, 16, 87, 4177 }, // U+1EB9
    { 21, 30, 19, -1, 30, 158, 4264 }, // U+1EBA
    { 15, 24, 15, 0, 24, 90, 4422 }, // U+1EBB
    { 21, 28, 19, -1, 28, 147, 4512 }, // U+1EBC
    { 17, 23, 15, 0, 23, 98, 4659 }, // U+1EBD
    { 21, 35, 19, -1, 35, 184, 4757 }, // U+1EBE
    { 17, 30, 15, 0, 30, 128, 4941 }, // U+1EBF
    { 21, 35, 19, -1, 35, 184, 5069 }, // U+1EC0
    { 16, 29, 15, 0, 29, 116, 5253 }, // U+1EC1
    { 21, 36, 19, -1, 36, 189, 5369 }, // U+1EC2
    { 16, 30, 15, 0, 30, 120, 5558 }, // U+1EC3
    { 21, 34, 19, -1, 34, 179, 5678 }, // U+1EC4
    { 18, 29, 15, 0, 29, 131, 5857 }, // U+1EC5
    { 21, 36, 19, -1, 29, 189, 5988 }, // U+1EC6
    { 16, 30, 15, 0, 23, 120, 6177 }, // U+1EC7
    { 14, 30, 11, -1, 30, 105, 6297 }, // U+1EC8
    { 11, 24, 10, 0, 24, 66, 6402 }, // U+1EC9
    { 14, 28, 11, -1, 21, 98, 6468 }, // U+1ECA
    { 10, 30, 10, 0, 23, 75, 6566 }, // U+1ECB
    { 23, 29, 24, 1, 22, 167, 6641 }, // U+1ECC
    { 17, 23, 17, 0, 16, 98, 6808 }, // U+1ECD
    { 23, 31, 24, 1, 30, 179, 6906 }, // U+1ECE
    { 17, 24, 17, 0, 24, 102, 7085 }, // U+1ECF
    { 23, 36, 24, 1, 35, 207, 7187 }, // U+1ED0
    { 17, 30, 17, 0, 30, 128, 7394 }, // U+1ED1
    { 23, 36, 24, 1, 35, 207, 7522 }, // U+1ED2
    { 17, 29, 17, 0, 29, 124, 7729 }, // U+1ED3
    { 23, 37, 24, 1, 36, 213, 7853 }, // U+1ED4
    { 17, 30, 17, 0, 30, 128, 8066 }, // U+1ED5
    { 23, 35, 24, 1, 34, 202, 8194 }, // U+1ED6
    { 18, 29, 17, 0, 29, 131, 8396 }, // U+1ED7
    { 23, 36, 24, 1, 29, 207, 8527 }, // U+1ED8
    { 17, 30, 17, 0, 23, 128, 8734 }, // U+1ED9
    { 27, 30, 25, 1, 29, 203, 8862 }, // U+1EDA
    { 21, 23, 20, 0, 23, 121, 9065 }, // U+1EDB
    { 27, 30, 25, 1, 29, 203, 9186 }, // U+1EDC
    { 21, 23, 20, 0, 23, 121, 9389 }, // U+1EDD
    { 27, 31, 25, 1, 30, 210, 9510 }, // U+1EDE
    { 21, 24, 20, 0, 24, 126, 9720 }, // U+1EDF
    { 27, 29, 25, 1, 28, 196, 9846 }, // U+1EE0
    { 21, 23, 20, 0, 23, 121, 10042 }, // U+1EE1
    { 27, 33, 25, 1, 26, 223, 10163 }, // U+1EE2
    { 21, 25, 20, 0, 18, 132, 10386 }, // U+1EE3
    { 23, 28, 23, 2, 21, 161, 10518 }, // U+1EE4
    { 19, 23, 18, 0, 16, 110, 10679 }, // U+1EE5
    { 23, 31, 23, 2, 30, 179, 10789 }, // U+1EE6
    { 19, 24, 18, 0, 24, 114, 10968 }, // U+1EE7
    { 28, 30, 27, 2, 29, 210, 11082 }, // U+1EE8
    { 23, 23, 21, 0, 23, 133, 11292 }, // U+1EE9
    { 28, 30, 27, 2, 29, 210, 11425 }, // U+1EEA
    { 23, 23, 21, 0, 23, 133, 11635 }, // U+1EEB
    { 28, 31, 27, 2, 30, 217, 11768 }, // U+1EEC
    { 23, 24, 21, 0, 24, 138, 11985 }, // U+1EED
    { 28, 29, 27, 2, 28, 203, 12123 }, // U+1EEE
    { 23, 23, 21, 0, 23, 133, 12326 }, // U+1EEF
    { 28, 34, 27, 2, 27, 238, 12459 }, // U+1EF0
    { 23, 28, 21, 0, 21, 161, 12697 }, // U+1EF1
    { 22, 29, 21, 2, 29, 160, 12858 }, // U+1EF2
    { 22, 30, 17, -3, 23, 165, 13018 }, // U+1EF3
    { 22, 28, 21, 2, 21, 154, 13183 }, // U+1EF4
    { 22, 23, 17, -3, 16, 127, 13337 }, // U+1EF5
    { 22, 30, 21, 2, 30, 165, 13464 }, // U+1EF6
    { 22, 31, 17, -3, 24, 171, 13629 }, // U+1EF7
    { 22, 28, 21, 2, 28, 154, 13800 }, // U+1EF8
    { 22, 29, 17, -3, 22, 160, 13954 }, // U+1EF9
    { 0, 0, 16, 0, 0, 0, 0 }, // U+2000
    { 0, 0, 31, 0, 0, 0, 0 }, // U+2001
    { 0, 0, 16, 0, 0, 0, 0 }, // U+2002
    { 0, 0, 31, 0, 0, 0, 0 }, // U+2003
    { 0, 0, 10, 0, 0, 0, 0 }, // U+2004
    { 0, 0, 8, 0, 0, 0, 0 }, // U+2005
    { 0, 0, 5, 0, 0, 0, 0 }, // U+2006
    { 0, 0, 19, 0, 0, 0, 0 }, // U+2007
    { 0, 0, 10, 0, 0, 0, 0 }, // U+2008
    { 0, 0, 6, 0, 0, 0, 0 }, // U+2009
    { 0, 0, 1, 0, 0, 0, 0 }, // U+200A
    { 0, 0, 0, 0, 0, 0, 0 }, // U+200B
    { 0, 0, 0, 0, 0, 0, 0 }, // U+200C
    { 0, 0, 0, 0, 0, 0, 0 }, // U+200D
    { 0, 0, 0, 0, 0, 0, 0 }, // U+200E
    { 0, 0, 0, 0, 0, 0, 0 }, // U+200F
    { 11, 4, 11, 0, 10, 11, 0 }, // U+2010
    { 11, 4, 11, 0, 10, 11, 11 }, // U+2011
    { 19, 3, 19, 0, 9, 15, 22 }, // U+2012
    { 18, 3, 16, -1, 9, 14, 37 }, // U+2013
    { 33, 3, 31, -1, 9, 25, 51 }, // U+2014
    { 34, 3, 30, -2, 9, 26, 76 }, // U+2015
    { 10, 33, 16, 3, 25, 83, 102 }, // U+2016
    { 24, 7, 21, -4, -2, 42, 185 }, // U+2017
    { 8, 10, 9, 2, 23, 20, 227 }, // U+2018
    { 9, 10, 9, 2, 23, 23, 247 }, // U+2019
    { 8, 10, 9, -1, 4, 20, 270 }, // U+201A
    { 7, 11, 9, 2, 22, 20, 290 }, // U+201B
    { 15, 10, 16, 2, 23, 38, 310 }, // U+201C
    { 16, 10, 16, 2, 23, 40, 348 }, // U+201D
    { 15, 10, 16, -1, 4, 38, 388 }, // U+201E
    { 14, 11, 16, 2, 22, 39, 426 }, // U+201F
    { 18, 29, 16, 0, 24, 131, 465 }, // U+2020
    { 20, 31, 16, -2, 24, 155, 596 }, // U+2021
    { 9, 7, 9, 0, 14, 16, 751 }, // U+2022
    { 14, 14, 15, 1, 15, 49, 767 }, // U+2023
    { 7, 5, 10, 0, 5, 9, 816 }, // U+2024
    { 17, 5, 20, 0, 5, 22, 825 }, // U+2025
    { 27, 5, 31, 1, 5, 34, 847 }, // U+2026
    { 5, 4, 6, 0, 13, 5, 881 }, // U+2027
    { 0, 0, 0, 0, 0, 0, 886 }, // U+2028
    { 0, 0, 0, 0, 0, 0, 886 }, // U+2029
    { 0, 0, 0, 0, 0, 0, 886 }, // U+202A
    { 0, 0, 0, 0, 0, 0, 886 }, // U+202B
    { 0, 0, 0, 0, 0, 0, 886 }, // U+202C
    { 0, 0, 0, 0, 0, 0, 886 }, // U+202D
    { 0, 0, 0, 0, 0, 0, 886 }, // U+202E
    { 0, 0, 6, 0, 0, 0, 886 }, // U+202F
    { 38, 23, 39, 1, 22, 219, 886 }, // U+2030
    { 50, 23, 51, 1, 22, 288, 1105 }, // U+2031
    { 9, 10, 11, 2, 22, 23, 1393 }, // U+2032
    { 16, 10, 17, 2, 22, 40, 1416 }, // U+2033
    { 22, 10, 23, 2, 22, 55, 1456 }, // U+2034
    { 9, 10, 11, 2, 22, 23, 1511 }, // U+2035
    { 16, 10, 17, 2, 22, 40, 1534 }, // U+2036
    { 22, 10, 23, 2, 22, 55, 1574 }, // U+2037
    { 10, 5, 8, -1, 1, 13, 1629 }, // U+2038
    { 10, 15, 7, -1, 15, 38, 1642 }, // U+2039
    { 10, 15, 7, -2, 15, 38, 1680 }, // U+203A
    { 22, 19, 24, 1, 18, 105, 1718 }, // U+203B
    { 17, 22, 20, 2, 22, 94, 1823 }, // U+203C
    { 14, 22, 17, 3, 22, 77, 1917 }, // U+203D
    { 20, 3, 17, 2, 26, 15, 1994 }, // U+203E
    { 12, 6, 10, -3, -2, 18, 2009 }, // U+203F
    { 11, 6, 10, 1, 22, 17, 2027 }, // U+2040
    { 13, 22, 15, 2, 16, 72, 2044 }, // U+2041
    { 28, 24, 32, 1, 23, 168, 2116 }, // U+2042
    { 22, 22, 16, -2, 22, 121, 2284 }, // U+2044
    { 17, 22, 17, 1, 15, 94, 2405 }, // U+204A
    { 20, 6, 31, 6, 12, 30, 2499 }, // U+2053
    { 29, 10, 30, 2, 22, 73, 2529 }, // U+2057
    { 0, 0, 0, 0, 0, 0, 2602 }, // U+2060
    { 0, 0, 0, 0, 0, 0, 2602 }, // U+2061
    { 0, 0, 0, 0, 0, 0, 2602 }, // U+2062
    { 0, 0, 0, 0, 0, 0, 2602 }, // U+2063
    { 0, 0, 0, 0, 0, 0, 2602 }, // U+206A
    { 0, 0, 0, 0, 0, 0, 2602 }, // U+206B
    { 0, 0, 0, 0, 0, 0, 2602 }, // U+206C
    { 0, 0, 0, 0, 0, 0, 2602 }, // U+206D
    { 0, 0, 0, 0, 0, 0, 2602 }, // U+206E
    { 0, 0, 0, 0, 0, 0, 2602 }, // U+206F
    { 13, 13, 12, 2, 25, 43, 0 }, // U+2070
    { 7, 14, 6, 2, 26, 25, 43 }, // U+2071
    { 12, 14, 12, 2, 25, 42, 68 }, // U+2074
    { 13, 13, 12, 1, 25, 43, 110 }, // U+2075
    { 12, 15, 12, 2, 27, 45, 153 }, // U+2076
    { 15, 14, 12, 1, 25, 53, 198 }, // U+2077
    { 13, 13, 12, 1, 25, 43, 251 }, // U+2078
    { 13, 15, 12, 2, 25, 49, 294 }, // U+2079
    { 9, 8, 8, 2, 22, 18, 343 }, // U+207A
    { 7, 3, 7, 2, 20, 6, 361 }, // U+207B
    { 9, 6, 8, 2, 22, 14, 367 }, // U+207C
    { 10, 17, 9, 2, 26, 43, 381 }, // U+207D
    { 10, 17, 9, 0, 26, 43, 424 }, // U+207E
    { 13, 10, 12, 1, 22, 33, 467 }, // U+207F
    { 13, 13, 12, -2, 6, 43, 500 }, // U+2080
    { 9, 13, 12, -1, 6, 30, 543 }, // U+2081
    { 14, 13, 12, -3, 6, 46, 573 }, // U+2082
    { 13, 13, 12, -3, 6, 43, 619 }, // U+2083
    { 12, 13, 12, -2, 6, 39, 662 }, // U+2084
    { 13, 13, 12, -2, 6, 43, 701 }, // U+2085
    { 12, 14, 12, -2, 7, 42, 744 }, // U+2086
    { 14, 13, 12, -2, 6, 46, 786 }, // U+2087
    { 12, 13, 12, -2, 6, 39, 832 }, // U+2088
    { 13, 15, 12, -2, 6, 49, 871 }, // U+2089
    { 9, 8, 8, -2, 4, 18, 920 }, // U+208A
    { 7, 3, 7, -2, 1, 6, 938 }, // U+208B
    { 9, 5, 8, -2, 3, 12, 944 }, // U+208C
    { 9, 17, 9, -1, 8, 39, 956 }, // U+208D
    { 10, 17, 9, -4, 8, 43, 995 }, // U+208E
    { 12, 10, 11, -2, 3, 30, 1038 }, // U+2090
    { 10, 10, 10, -2, 3, 25, 1068 }, // U+2091
    { 11, 10, 11, 0, 3, 28, 1093 }, // U+2092
    { 14, 10, 12, -3, 3, 35, 1121 }, // U+2093
    { 10, 10, 10, -2, 3, 25, 1156 }, // U+2094
    { 12, 14, 12, -2, 7, 42, 1181 }, // U+2095
    { 12, 14, 11, -2, 7, 42, 1223 }, // U+2096
    { 7, 14, 6, -2, 7, 25, 1265 }, // U+2097
    { 18, 10, 17, -2, 3, 45, 1290 }, // U+2098
    { 12, 10, 12, -2, 3, 30, 1335 }, // U+2099
    { 14, 14, 10, -5, 3, 49, 1365 }, // U+209A
    { 10, 10, 8, -3, 3, 25, 1414 }, // U+209B
    { 9, 12, 8, -2, 5, 27, 1439 }, // U+209C
    { 19, 22, 19, 0, 22, 105, 0 }, // U+20A0
    { 18, 26, 19, 1, 23, 117, 105 }, // U+20A1
    { 18, 23, 19, 1, 22, 104, 222 }, // U+20A2
    { 21, 21, 19, -1, 21, 111, 326 }, // U+20A3
    { 21, 22, 19, -1, 22, 116, 437 }, // U+20A4
    { 20, 21, 19, 0, 19, 105, 553 }, // U+20A5
    { 21, 21, 19, -1, 21, 111, 658 }, // U+20A6
    { 36, 21, 35, -1, 21, 189, 769 }, // U+20A7
    { 32, 22, 31, -1, 21, 176, 958 }, // U+20A8
    { 21, 22, 19, -1, 21, 116, 1134 }, // U+20A9
    { 16, 14, 16, 0, 14, 56, 1250 }, // U+20AA
    { 21, 27, 18, 0, 23, 142, 1306 }, // U+20AB
    { 21, 23, 19, -1, 22, 121, 1448 }, // U+20AC
    { 21, 22, 19, -1, 21, 116, 1569 }, // U+20AD
    { 19, 21, 19, 1, 21, 100, 1685 }, // U+20AE
    { 24, 22, 24, 0, 17, 132, 1785 }, // U+20AF
    { 11, 22, 14, 1, 22, 61, 1917 }, // U+20B0
    { 22, 21, 19, -1, 21, 116, 1978 }, // U+20B1
    { 19, 26, 19, 0, 23, 124, 2094 }, // U+20B2
    { 21, 22, 19, -2, 22, 116, 2218 }, // U+20B3
    { 20, 23, 19, -1, 22, 115, 2334 }, // U+20B4
    { 18, 26, 19, 1, 23, 117, 2449 }, // U+20B5
    { 18, 23, 19, 2, 23, 104, 2566 }, // U+20B6
    { 19, 22, 19, 0, 22, 105, 2670 }, // U+20B7
    { 20, 21, 19, 0, 21, 105, 2775 }, // U+20B8
    { 18, 23, 19, 2, 22, 104, 2880 }, // U+20B9
    { 18, 21, 19, 0, 21, 95, 2984 }, // U+20BA
    { 23, 24, 24, 1, 23, 138, 3079 }, // U+20BB
    { 28, 24, 28, -1, 24, 168, 3217 }, // U+20BC
    { 21, 21, 19, -1, 21, 111, 3385 }, // U+20BD
    { 21, 23, 19, -1, 23, 121, 3496 }, // U+20BE
    { 21, 27, 19, -2, 24, 142, 3617 }, // U+20BF
    { 20, 22, 19, -1, 22, 110, 3759 }, // U+20C0
    { 28, 12, 31, 2, 15, 84, 0 }, // U+2190
    { 12, 28, 16, 2, 22, 84, 84 }, // U+2191
    { 28, 12, 31, 2, 15, 84, 168 }, // U+2192
    { 12, 28, 16, 2, 22, 84, 252 }, // U+2193
    { 28, 12, 31, 2, 15, 84, 336 }, // U+2194
    { 12, 28, 16, 2, 22, 84, 420 }, // U+2195
    { 22, 22, 31, 5, 20, 121, 504 }, // U+2196
    { 22, 22, 31, 5, 20, 121, 625 }, // U+2197
    { 22, 22, 31, 5, 20, 121, 746 }, // U+2198
    { 22, 22, 31, 5, 20, 121, 867 }, // U+2199
    { 27, 13, 30, 2, 15, 88, 988 }, // U+219A
    { 27, 14, 30, 2, 16, 95, 1076 }, // U+219B
    { 16, 31, 16, 0, 23, 124, 1171 }, // U+21A8
    { 28, 14, 31, 2, 16, 98, 1295 }, // U+21AE
    { 25, 18, 25, 0, 20, 113, 1393 }, // U+21B6
    { 24, 18, 25, 1, 20, 108, 1506 }, // U+21B7
    { 24, 18, 25, 1, 17, 108, 1614 }, // U+21BA
    { 25, 18, 25, 0, 17, 113, 1722 }, // U+21BB
    { 30, 16, 31, 1, 17, 120, 1835 }, // U+21D0
    { 16, 30, 16, 0, 23, 120, 1955 }, // U+21D1
    { 30, 16, 31, 1, 17, 120, 2075 }, // U+21D2
    { 16, 30, 16, 0, 23, 120, 2195 }, // U+21D3
    { 30, 16, 31, 1, 17, 120, 2315 }, // U+21D4
    { 16, 30, 16, 0, 23, 120, 2435 }, // U+21D5
    { 16, 23, 16, 0, 22, 92, 0 }, // U+2202
    { 14, 22, 18, 2, 21, 77, 92 }, // U+2203
    { 14, 29, 18, 2, 25, 102, 169 }, // U+2204
    { 25, 27, 31, 3, 25, 169, 271 }, // U+2205
    { 22, 25, 20, -1, 24, 138, 440 }, // U+2206
    { 23, 22, 23, 0, 22, 127, 578 }, // U+220F
    { 21, 23, 18, -1, 22, 121, 705 }, // U+2211
    { 20, 3, 31, 6, 11, 15, 826 }, // U+2212
    { 20, 19, 30, 5, 19, 95, 841 }, // U+2213
    { 17, 26, 16, -1, 22, 111, 936 }, // U+2215
    { 5, 4, 6, 0, 13, 5, 1047 }, // U+2219
    { 19, 23, 18, 0, 22, 110, 1052 }, // U+221A
    { 22, 9, 31, 5, 14, 50, 1162 }, // U+221E
    { 16, 19, 16, 0, 17, 76, 1212 }, // U+2221
    { 10, 35, 16, 3, 26, 88, 1288 }, // U+2225
    { 18, 35, 16, -1, 26, 158, 1376 }, // U+2226
    { 16, 15, 18, 1, 17, 60, 1534 }, // U+2227
    { 16, 15, 18, 2, 17, 60, 1594 }, // U+2228
    { 15, 31, 15, 0, 24, 117, 1654 }, // U+222B
    { 16, 14, 31, 8, 16, 56, 1771 }, // U+2234
    { 16, 14, 31, 8, 16, 56, 1827 }, // U+2235
    { 20, 7, 31, 6, 13, 35, 1883 }, // U+223C
    { 20, 12, 31, 6, 15, 60, 1918 }, // U+2248
    { 20, 18, 31, 6, 23, 90, 1978 }, // U+225F
    { 20, 15, 31, 6, 17, 75, 2068 }, // U+2260
    { 20, 11, 31, 6, 15, 55, 2143 }, // U+2261
    { 20, 18, 31, 6, 19, 90, 2198 }, // U+2262
    { 20, 19, 31, 6, 18, 95, 2288 }, // U+2264
    { 20, 19, 31, 6, 18, 95, 2383 }, // U+2265
    { 20, 23, 31, 6, 21, 115, 2478 }, // U+226E
    { 20, 23, 31, 6, 21, 115, 2593 }, // U+226F
    { 20, 19, 31, 6, 18, 95, 2708 }, // U+2282
    { 19, 19, 31, 6, 18, 91, 2803 }, // U+2283
    { 20, 24, 31, 6, 21, 120, 2894 }, // U+2284
    { 19, 24, 31, 6, 21, 114, 3014 }, // U+2285
    { 19, 23, 31, 6, 22, 110, 3128 }, // U+2286
    { 19, 23, 31, 6, 22, 110, 3238 }, // U+2287
    { 16, 18, 18, 2, 17, 72, 3348 }, // U+22BB
    { 16, 19, 18, 2, 21, 76, 3420 }, // U+22BC
    { 16, 19, 18, 3, 21, 76, 3496 }, // U+22BD
    { 32, 30, 23, -5, 23, 240, 0 }, // U+FB00
    { 27, 30, 21, -5, 23, 203, 240 }, // U+FB01
    { 27, 30, 21, -5, 23, 203, 443 }, // U+FB02
    { 38, 30, 32, -5, 23, 285, 646 }, // U+FB03
    { 38, 30, 32, -5, 23, 285, 931 }, // U+FB04
    { 31, 31, 30, -1, 27, 241, 0 }, // U+FFFD
};

static const EpdUnicodeInterval chareink_15_bolditalicIntervals[] = {
    { 0x20, 0x7E, 0x0 },
    { 0xA0, 0xFF, 0x5F },
    { 0x100, 0x148, 0xBF },
    { 0x14A, 0x17F, 0x108 },
    { 0x1A0, 0x1A1, 0x13E },
    { 0x1AF, 0x1B0, 0x140 },
    { 0x1C4, 0x21F, 0x142 },
    { 0x300, 0x33F, 0x19E },
    { 0x346, 0x36F, 0x1DE },
    { 0x400, 0x45F, 0x208 },
    { 0x462, 0x463, 0x268 },
    { 0x472, 0x475, 0x26A },
    { 0x48A, 0x4FF, 0x26E },
    { 0x1EA0, 0x1EF9, 0x2E4 },
    { 0x2000, 0x2042, 0x33E },
    { 0x2044, 0x2044, 0x381 },
    { 0x204A, 0x204A, 0x382 },
    { 0x2053, 0x2053, 0x383 },
    { 0x2057, 0x2057, 0x384 },
    { 0x2060, 0x2063, 0x385 },
    { 0x206A, 0x206F, 0x389 },
    { 0x2070, 0x2071, 0x38F },
    { 0x2074, 0x208E, 0x391 },
    { 0x2090, 0x209C, 0x3AC },
    { 0x20A0, 0x20C0, 0x3B9 },
    { 0x2190, 0x219B, 0x3DA },
    { 0x21A8, 0x21A8, 0x3E6 },
    { 0x21AE, 0x21AE, 0x3E7 },
    { 0x21B6, 0x21B7, 0x3E8 },
    { 0x21BA, 0x21BB, 0x3EA },
    { 0x21D0, 0x21D5, 0x3EC },
    { 0x2202, 0x2206, 0x3F2 },
    { 0x220F, 0x220F, 0x3F7 },
    { 0x2211, 0x2213, 0x3F8 },
    { 0x2215, 0x2215, 0x3FB },
    { 0x2219, 0x221A, 0x3FC },
    { 0x221E, 0x221E, 0x3FE },
    { 0x2221, 0x2221, 0x3FF },
    { 0x2225, 0x2228, 0x400 },
    { 0x222B, 0x222B, 0x404 },
    { 0x2234, 0x2235, 0x405 },
    { 0x223C, 0x223C, 0x407 },
    { 0x2248, 0x2248, 0x408 },
    { 0x225F, 0x2262, 0x409 },
    { 0x2264, 0x2265, 0x40D },
    { 0x226E, 0x226F, 0x40F },
    { 0x2282, 0x2287, 0x411 },
    { 0x22BB, 0x22BD, 0x417 },
    { 0xFB00, 0xFB04, 0x41A },
    { 0xFFFD, 0xFFFD, 0x41F },
};

static const EpdFontGroup chareink_15_bolditalicGroups[] = {
    { 0, 4508, 8881, 95, 0 },
    { 4508, 3967, 10434, 96, 95 },
    { 8475, 6234, 16465, 127, 191 },
    { 14709, 5807, 14924, 96, 318 },
    { 20516, 1482, 2347, 106, 414 },
    { 21998, 10790, 28721, 220, 520 },
    { 32788, 3986, 14114, 90, 740 },
    { 36774, 1435, 2602, 81, 830 },
    { 38209, 991, 1466, 42, 911 },
    { 39200, 2267, 3869, 33, 953 },
    { 41467, 1022, 2555, 24, 986 },
    { 42489, 1545, 3572, 40, 1010 },
    { 44034, 514, 1216, 5, 1050 },
    { 44548, 126, 241, 1, 1055 },
};

static const EpdKernClassEntry chareink_15_bolditalicKernLeftClasses[] = {
    { 0x0022, 1 }, // "
    { 0x0027, 1 }, // '
    { 0x0028, 2 }, // (
    { 0x002C, 3 }, // ,
    { 0x002E, 3 }, // .
    { 0x0041, 4 }, // A
    { 0x0044, 5 }, // D
    { 0x0046, 6 }, // F
    { 0x004B, 7 }, // K
    { 0x004C, 8 }, // L
    { 0x004F, 5 }, // O
    { 0x0050, 6 }, // P
    { 0x0051, 5 }, // Q
    { 0x0052, 9 }, // R
    { 0x0054, 10 }, // T
    { 0x0055, 11 }, // U
    { 0x0056, 12 }, // V
    { 0x0057, 13 }, // W
    { 0x0058, 7 }, // X
    { 0x0059, 12 }, // Y
    { 0x005B, 2 }, // [
    { 0x0061, 14 }, // a
    { 0x0062, 15 }, // b
    { 0x0063, 16 }, // c
    { 0x0065, 16 }, // e
    { 0x0066, 17 }, // f
    { 0x0067, 18 }, // g
    { 0x0068, 14 }, // h
    { 0x006B, 19 }, // k
    { 0x006D, 14 }, // m
    { 0x006E, 14 }, // n
    { 0x006F, 15 }, // o
    { 0x0070, 15 }, // p
    { 0x0071, 18 }, // q
    { 0x0072, 20 }, // r
    { 0x0073, 16 }, // s
    { 0x0074, 16 }, // t
    { 0x0075, 14 }, // u
    { 0x0076, 21 }, // v
    { 0x0077, 21 }, // w
    { 0x0078, 19 }, // x
    { 0x0079, 21 }, // y
    { 0x007A, 16 }, // z
    { 0x007B, 2 }, // {
    { 0x00C0, 4 }, // U+00C0
    { 0x00C1, 4 }, // U+00C1
    { 0x00C2, 4 }, // U+00C2
    { 0x00C3, 4 }, // U+00C3
    { 0x00C4, 4 }, // U+00C4
    { 0x00C5, 4 }, // U+00C5
    { 0x00D0, 5 }, // U+00D0
    { 0x00D2, 5 }, // U+00D2
    { 0x00D3, 5 }, // U+00D3
    { 0x00D4, 5 }, // U+00D4
    { 0x00D5, 5 }, // U+00D5
    { 0x00D6, 5 }, // U+00D6
    { 0x00D9, 11 }, // U+00D9
    { 0x00DA, 11 }, // U+00DA
    { 0x00DB, 11 }, // U+00DB
    { 0x00DC, 11 }, // U+00DC
    { 0x00DD, 12 }, // U+00DD
    { 0x00DE, 5 }, // U+00DE
    { 0x00E0, 14 }, // U+00E0
    { 0x00E1, 14 }, // U+00E1
    { 0x00E2, 14 }, // U+00E2
    { 0x00E3, 14 }, // U+00E3
    { 0x00E4, 14 }, // U+00E4
    { 0x00E5, 14 }, // U+00E5
    { 0x00E6, 16 }, // U+00E6
    { 0x00E7, 16 }, // U+00E7
    { 0x00EE, 22 }, // U+00EE
    { 0x00EF, 22 }, // U+00EF
    { 0x00F1, 14 }, // U+00F1
    { 0x00F2, 15 }, // U+00F2
    { 0x00F3, 15 }, // U+00F3
    { 0x00F4, 15 }, // U+00F4
    { 0x00F5, 15 }, // U+00F5
    { 0x00F6, 15 }, // U+00F6
    { 0x00F8, 16 }, // U+00F8
    { 0x00F9, 14 }, // U+00F9
    { 0x00FA, 14 }, // U+00FA
    { 0x00FB, 14 }, // U+00FB
    { 0x00FC, 14 }, // U+00FC
    { 0x00FD, 21 }, // U+00FD
    { 0x00FE, 15 }, // U+00FE
    { 0x00FF, 21 }, // U+00FF
    { 0x0100, 4 }, // U+0100
    { 0x0101, 14 }, // U+0101
    { 0x0102, 4 }, // U+0102
    { 0x0103, 14 }, // U+0103
    { 0x0104, 4 }, // U+0104
    { 0x0105, 14 }, // U+0105
    { 0x0107, 16 }, // U+0107
    { 0x0109, 16 }, // U+0109
    { 0x010B, 16 }, // U+010B
    { 0x010D, 16 }, // U+010D
    { 0x010E, 5 }, // U+010E
    { 0x010F, 23 }, // U+010F
    { 0x0110, 5 }, // U+0110
    { 0x0119, 16 }, // U+0119
    { 0x011D, 18 }, // U+011D
    { 0x011F, 18 }, // U+011F
    { 0x0121, 18 }, // U+0121
    { 0x0123, 18 }, // U+0123
    { 0x0125, 14 }, // U+0125
    { 0x0127, 14 }, // U+0127
    { 0x0129, 22 }, // U+0129
    { 0x012B, 22 }, // U+012B
    { 0x012D, 22 }, // U+012D
    { 0x0136, 7 }, // U+0136
    { 0x0137, 19 }, // U+0137
    { 0x0138, 16 }, // U+0138
    { 0x0139, 8 }, // U+0139
    { 0x013B, 8 }, // U+013B
    { 0x013D, 24 }, // U+013D
    { 0x013E, 25 }, // U+013E
    { 0x0141, 8 }, // U+0141
    { 0x0144, 14 }, // U+0144
    { 0x0146, 18 }, // U+0146
    { 0x0148, 14 }, // U+0148
    { 0x014B, 18 }, // U+014B
    { 0x014C, 5 }, // U+014C
    { 0x014D, 15 }, // U+014D
    { 0x014E, 5 }, // U+014E
    { 0x014F, 15 }, // U+014F
    { 0x0150, 5 }, // U+0150
    { 0x0151, 15 }, // U+0151
    { 0x0153, 16 }, // U+0153
    { 0x0154, 9 }, // U+0154
    { 0x0155, 20 }, // U+0155
    { 0x0156, 9 }, // U+0156
    { 0x0157, 20 }, // U+0157
    { 0x0158, 9 }, // U+0158
    { 0x0159, 20 }, // U+0159
    { 0x015B, 16 }, // U+015B
    { 0x015D, 16 }, // U+015D
    { 0x015F, 18 }, // U+015F
    { 0x0161, 16 }, // U+0161
    { 0x0162, 10 }, // U+0162
    { 0x0163, 18 }, // U+0163
    { 0x0164, 10 }, // U+0164
    { 0x0165, 26 }, // U+0165
    { 0x0166, 10 }, // U+0166
    { 0x0167, 16 }, // U+0167
    { 0x0168, 11 }, // U+0168
    { 0x0169, 14 }, // U+0169
    { 0x016A, 11 }, // U+016A
    { 0x016B, 14 }, // U+016B
    { 0x016C, 11 }, // U+016C
    { 0x016D, 14 }, // U+016D
    { 0x016E, 11 }, // U+016E
    { 0x016F, 14 }, // U+016F
    { 0x0170, 11 }, // U+0170
    { 0x0171, 14 }, // U+0171
    { 0x0172, 11 }, // U+0172
    { 0x0173, 18 }, // U+0173
    { 0x0174, 13 }, // U+0174
    { 0x0175, 21 }, // U+0175
    { 0x0176, 12 }, // U+0176
    { 0x0177, 21 }, // U+0177
    { 0x0178, 12 }, // U+0178
    { 0x017A, 16 }, // U+017A
    { 0x017C, 16 }, // U+017C
    { 0x017E, 16 }, // U+017E
    { 0x017F, 17 }, // U+017F
    { 0x01A0, 5 }, // U+01A0
    { 0x01A1, 27 }, // U+01A1
    { 0x01AF, 10 }, // U+01AF
    { 0x01B0, 27 }, // U+01B0
    { 0x01C5, 16 }, // U+01C5
    { 0x01C6, 16 }, // U+01C6
    { 0x01C9, 18 }, // U+01C9
    { 0x01CD, 4 }, // U+01CD
    { 0x01CE, 14 }, // U+01CE
    { 0x01D0, 22 }, // U+01D0
    { 0x01D1, 5 }, // U+01D1
    { 0x01D2, 15 }, // U+01D2
    { 0x01D3, 11 }, // U+01D3
    { 0x01D4, 14 }, // U+01D4
    { 0x01D5, 11 }, // U+01D5
    { 0x01D6, 14 }, // U+01D6
    { 0x01D7, 11 }, // U+01D7
    { 0x01D8, 14 }, // U+01D8
    { 0x01D9, 11 }, // U+01D9
    { 0x01DA, 14 }, // U+01DA
    { 0x01DB, 11 }, // U+01DB
    { 0x01DC, 14 }, // U+01DC
    { 0x01DD, 15 }, // U+01DD
    { 0x01DE, 4 }, // U+01DE
    { 0x01DF, 14 }, // U+01DF
    { 0x01E0, 4 }, // U+01E0
    { 0x01E1, 14 }, // U+01E1
    { 0x01E5, 18 }, // U+01E5
    { 0x01E7, 18 }, // U+01E7
    { 0x01E8, 7 }, // U+01E8
    { 0x01E9, 19 }, // U+01E9
    { 0x01EA, 5 }, // U+01EA
    { 0x01EB, 15 }, // U+01EB
    { 0x01EC, 5 }, // U+01EC
    { 0x01ED, 15 }, // U+01ED
    { 0x01EF, 18 }, // U+01EF
    { 0x01F2, 16 }, // U+01F2
    { 0x01F3, 16 }, // U+01F3
    { 0x01F5, 18 }, // U+01F5
    { 0x01F6, 5 }, // U+01F6
    { 0x01F7, 6 }, // U+01F7
    { 0x01F9, 14 }, // U+01F9
    { 0x01FA, 4 }, // U+01FA
    { 0x01FB, 14 }, // U+01FB
    { 0x0200, 4 }, // U+0200
    { 0x0201, 14 }, // U+0201
    { 0x0202, 4 }, // U+0202
    { 0x0203, 14 }, // U+0203
    { 0x020B, 22 }, // U+020B
    { 0x020C, 5 }, // U+020C
    { 0x020D, 15 }, // U+020D
    { 0x020E, 5 }, // U+020E
    { 0x020F, 15 }, // U+020F
    { 0x0210, 9 }, // U+0210
    { 0x0211, 20 }, // U+0211
    { 0x0212, 9 }, // U+0212
    { 0x0213, 20 }, // U+0213
    { 0x0214, 11 }, // U+0214
    { 0x0215, 14 }, // U+0215
    { 0x0216, 11 }, // U+0216
    { 0x0217, 14 }, // U+0217
    { 0x0219, 18 }, // U+0219
    { 0x021A, 10 }, // U+021A
    { 0x021B, 18 }, // U+021B
    { 0x021D, 18 }, // U+021D
    { 0x021F, 14 }, // U+021F
    { 0x0403, 10 }, // U+0403
    { 0x0409, 9 }, // U+0409
    { 0x040E, 12 }, // U+040E
    { 0x0410, 4 }, // U+0410
    { 0x0413, 10 }, // U+0413
    { 0x041E, 5 }, // U+041E
    { 0x0420, 6 }, // U+0420
    { 0x0422, 10 }, // U+0422
    { 0x0423, 12 }, // U+0423
    { 0x0424, 5 }, // U+0424
    { 0x0425, 7 }, // U+0425
    { 0x042A, 9 }, // U+042A
    { 0x042C, 9 }, // U+042C
    { 0x042D, 5 }, // U+042D
    { 0x042E, 5 }, // U+042E
    { 0x0430, 14 }, // U+0430
    { 0x0433, 16 }, // U+0433
    { 0x0434, 16 }, // U+0434
    { 0x0435, 16 }, // U+0435
    { 0x0436, 16 }, // U+0436
    { 0x0437, 14 }, // U+0437
    { 0x0438, 16 }, // U+0438
    { 0x0439, 16 }, // U+0439
    { 0x043A, 16 }, // U+043A
    { 0x043B, 16 }, // U+043B
    { 0x043C, 16 }, // U+043C
    { 0x043D, 16 }, // U+043D
    { 0x043E, 15 }, // U+043E
    { 0x043F, 16 }, // U+043F
    { 0x0440, 15 }, // U+0440
    { 0x0441, 16 }, // U+0441
    { 0x0442, 16 }, // U+0442
    { 0x0443, 21 }, // U+0443
    { 0x0444, 15 }, // U+0444
    { 0x0445, 19 }, // U+0445
    { 0x0446, 16 }, // U+0446
    { 0x0447, 16 }, // U+0447
    { 0x0448, 16 }, // U+0448
    { 0x0449, 16 }, // U+0449
    { 0x044A, 28 }, // U+044A
    { 0x044C, 28 }, // U+044C
    { 0x044D, 15 }, // U+044D
    { 0x044E, 15 }, // U+044E
    { 0x0452, 14 }, // U+0452
    { 0x0453, 16 }, // U+0453
    { 0x0454, 16 }, // U+0454
    { 0x0455, 16 }, // U+0455
    { 0x0457, 17 }, // U+0457
    { 0x0459, 28 }, // U+0459
    { 0x045A, 28 }, // U+045A
    { 0x045B, 14 }, // U+045B
    { 0x045C, 16 }, // U+045C
    { 0x045D, 16 }, // U+045D
    { 0x045E, 21 }, // U+045E
    { 0x045F, 16 }, // U+045F
    { 0x0472, 5 }, // U+0472
    { 0x0473, 15 }, // U+0473
    { 0x0475, 16 }, // U+0475
    { 0x048B, 16 }, // U+048B
    { 0x048C, 9 }, // U+048C
    { 0x048D, 28 }, // U+048D
    { 0x048E, 6 }, // U+048E
    { 0x0490, 10 }, // U+0490
    { 0x0491, 16 }, // U+0491
    { 0x0492, 10 }, // U+0492
    { 0x0493, 16 }, // U+0493
    { 0x0495, 16 }, // U+0495
    { 0x0497, 16 }, // U+0497
    { 0x0499, 14 }, // U+0499
    { 0x049B, 16 }, // U+049B
    { 0x049D, 16 }, // U+049D
    { 0x049F, 16 }, // U+049F
    { 0x04A1, 16 }, // U+04A1
    { 0x04A3, 16 }, // U+04A3
    { 0x04A5, 16 }, // U+04A5
    { 0x04A7, 28 }, // U+04A7
    { 0x04AB, 16 }, // U+04AB
    { 0x04AC, 10 }, // U+04AC
    { 0x04AD, 16 }, // U+04AD
    { 0x04AE, 12 }, // U+04AE
    { 0x04AF, 21 }, // U+04AF
    { 0x04B0, 12 }, // U+04B0
    { 0x04B1, 21 }, // U+04B1
    { 0x04B2, 7 }, // U+04B2
    { 0x04B3, 19 }, // U+04B3
    { 0x04B5, 16 }, // U+04B5
    { 0x04B7, 16 }, // U+04B7
    { 0x04B9, 16 }, // U+04B9
    { 0x04BB, 14 }, // U+04BB
    { 0x04BC, 5 }, // U+04BC
    { 0x04BD, 16 }, // U+04BD
    { 0x04BE, 5 }, // U+04BE
    { 0x04BF, 16 }, // U+04BF
    { 0x04C2, 16 }, // U+04C2
    { 0x04C4, 16 }, // U+04C4
    { 0x04C6, 16 }, // U+04C6
    { 0x04C8, 16 }, // U+04C8
    { 0x04CA, 16 }, // U+04CA
    { 0x04CC, 16 }, // U+04CC
    { 0x04CE, 16 }, // U+04CE
    { 0x04D0, 4 }, // U+04D0
    { 0x04D1, 14 }, // U+04D1
    { 0x04D2, 4 }, // U+04D2
    { 0x04D3, 14 }, // U+04D3
    { 0x04D5, 16 }, // U+04D5
    { 0x04D8, 5 }, // U+04D8
    { 0x04D9, 15 }, // U+04D9
    { 0x04DA, 5 }, // U+04DA
    { 0x04DB, 15 }, // U+04DB
    { 0x04DD, 16 }, // U+04DD
    { 0x04E1, 18 }, // U+04E1
    { 0x04E3, 16 }, // U+04E3
    { 0x04E5, 16 }, // U+04E5
    { 0x04E6, 5 }, // U+04E6
    { 0x04E7, 15 }, // U+04E7
    { 0x04E8, 5 }, // U+04E8
    { 0x04E9, 15 }, // U+04E9
    { 0x04EA, 5 }, // U+04EA
    { 0x04EB, 15 }, // U+04EB
    { 0x04EC, 5 }, // U+04EC
    { 0x04ED, 15 }, // U+04ED
    { 0x04EE, 12 }, // U+04EE
    { 0x04EF, 21 }, // U+04EF
    { 0x04F0, 12 }, // U+04F0
    { 0x04F1, 21 }, // U+04F1
    { 0x04F2, 12 }, // U+04F2
    { 0x04F3, 21 }, // U+04F3
    { 0x04F5, 16 }, // U+04F5
    { 0x04F6, 10 }, // U+04F6
    { 0x04F7, 16 }, // U+04F7
    { 0x04FA, 10 }, // U+04FA
    { 0x04FB, 16 }, // U+04FB
    { 0x04FC, 7 }, // U+04FC
    { 0x04FD, 19 }, // U+04FD
    { 0x04FE, 7 }, // U+04FE
    { 0x04FF, 19 }, // U+04FF
    { 0x1EA0, 4 }, // U+1EA0
    { 0x1EA1, 14 }, // U+1EA1
    { 0x1EA2, 4 }, // U+1EA2
    { 0x1EA3, 14 }, // U+1EA3
    { 0x1EA4, 4 }, // U+1EA4
    { 0x1EA5, 14 }, // U+1EA5
    { 0x1EA6, 4 }, // U+1EA6
    { 0x1EA7, 14 }, // U+1EA7
    { 0x1EA8, 4 }, // U+1EA8
    { 0x1EA9, 14 }, // U+1EA9
    { 0x1EAA, 4 }, // U+1EAA
    { 0x1EAB, 14 }, // U+1EAB
    { 0x1EAC, 4 }, // U+1EAC
    { 0x1EAD, 14 }, // U+1EAD
    { 0x1EAE, 4 }, // U+1EAE
    { 0x1EAF, 14 }, // U+1EAF
    { 0x1EB0, 4 }, // U+1EB0
    { 0x1EB1, 14 }, // U+1EB1
    { 0x1EB2, 4 }, // U+1EB2
    { 0x1EB3, 14 }, // U+1EB3
    { 0x1EB4, 4 }, // U+1EB4
    { 0x1EB5, 14 }, // U+1EB5
    { 0x1EB6, 4 }, // U+1EB6
    { 0x1EB7, 14 }, // U+1EB7
    { 0x1EB9, 16 }, // U+1EB9
    { 0x1ECC, 5 }, // U+1ECC
    { 0x1ECD, 15 }, // U+1ECD
    { 0x1ECE, 5 }, // U+1ECE
    { 0x1ECF, 15 }, // U+1ECF
    { 0x1ED0, 5 }, // U+1ED0
    { 0x1ED1, 15 }, // U+1ED1
    { 0x1ED2, 5 }, // U+1ED2
    { 0x1ED3, 15 }, // U+1ED3
    { 0x1ED4, 5 }, // U+1ED4
    { 0x1ED5, 15 }, // U+1ED5
    { 0x1ED6, 5 }, // U+1ED6
    { 0x1ED7, 15 }, // U+1ED7
    { 0x1ED8, 5 }, // U+1ED8
    { 0x1ED9, 15 }, // U+1ED9
    { 0x1EE4, 11 }, // U+1EE4
    { 0x1EE5, 18 }, // U+1EE5
    { 0x1EE6, 11 }, // U+1EE6
    { 0x1EE7, 14 }, // U+1EE7
    { 0x1EF2, 12 }, // U+1EF2
    { 0x1EF3, 21 }, // U+1EF3
    { 0x1EF4, 12 }, // U+1EF4
    { 0x1EF5, 18 }, // U+1EF5
    { 0x1EF6, 12 }, // U+1EF6
    { 0x1EF7, 21 }, // U+1EF7
    { 0x1EF8, 12 }, // U+1EF8
    { 0x1EF9, 21 }, // U+1EF9
    { 0x2018, 1 }, // U+2018
    { 0x2019, 1 }, // U+2019
    { 0x201A, 3 }, // U+201A
    { 0x201C, 1 }, // U+201C
    { 0x201D, 1 }, // U+201D
    { 0x201E, 3 }, // U+201E
    { 0x2026, 3 }, // U+2026
    { 0xFB00, 17 }, // U+FB00
};

static const EpdKernClassEntry chareink_15_bolditalicKernRightClasses[] = {
    { 0x0022, 1 }, // "
    { 0x0027, 1 }, // '
    { 0x0029, 2 }, // )
    { 0x002C, 3 }, // ,
    { 0x002E, 3 }, // .
    { 0x003A, 4 }, // :
    { 0x003B, 4 }, // ;
    { 0x0041, 5 }, // A
    { 0x0043, 6 }, // C
    { 0x0047, 6 }, // G
    { 0x004F, 6 }, // O
    { 0x0051, 6 }, // Q
    { 0x0054, 7 }, // T
    { 0x0055, 8 }, // U
    { 0x0056, 9 }, // V
    { 0x0057, 10 }, // W
    { 0x0058, 11 }, // X
    { 0x0059, 9 }, // Y
    { 0x005D, 2 }, // ]
    { 0x0061, 12 }, // a
    { 0x0062, 13 }, // b
    { 0x0063, 14 }, // c
    { 0x0064, 14 }, // d
    { 0x0065, 14 }, // e
    { 0x0066, 4 }, // f
    { 0x0067, 15 }, // g
    { 0x0068, 13 }, // h
    { 0x006A, 16 }, // j
    { 0x006B, 13 }, // k
    { 0x006C, 13 }, // l
    { 0x006D, 17 }, // m
    { 0x006E, 17 }, // n
    { 0x006F, 14 }, // o
    { 0x0070, 4 }, // p
    { 0x0071, 14 }, // q
    { 0x0072, 17 }, // r
    { 0x0073, 12 }, // s
    { 0x0074, 4 }, // t
    { 0x0075, 17 }, // u
    { 0x0076, 18 }, // v
    { 0x0077, 18 }, // w
    { 0x0078, 19 }, // x
    { 0x0079, 18 }, // y
    { 0x007A, 17 }, // z
    { 0x007D, 2 }, // }
    { 0x00C0, 5 }, // U+00C0
    { 0x00C1, 5 }, // U+00C1
    { 0x00C2, 5 }, // U+00C2
    { 0x00C3, 5 }, // U+00C3
    { 0x00C4, 5 }, // U+00C4
    { 0x00C5, 5 }, // U+00C5
    { 0x00C6, 5 }, // U+00C6
    { 0x00C7, 6 }, // U+00C7
    { 0x00D2, 6 }, // U+00D2
    { 0x00D3, 6 }, // U+00D3
    { 0x00D4, 6 }, // U+00D4
    { 0x00D5, 6 }, // U+00D5
    { 0x00D6, 6 }, // U+00D6
    { 0x00D9, 8 }, // U+00D9
    { 0x00DA, 8 }, // U+00DA
    { 0x00DB, 8 }, // U+00DB
    { 0x00DC, 8 }, // U+00DC
    { 0x00DD, 9 }, // U+00DD
    { 0x00E0, 20 }, // U+00E0
    { 0x00E1, 20 }, // U+00E1
    { 0x00E2, 20 }, // U+00E2
    { 0x00E3, 20 }, // U+00E3
    { 0x00E4, 20 }, // U+00E4
    { 0x00E5, 20 }, // U+00E5
    { 0x00E6, 12 }, // U+00E6
    { 0x00E7, 14 }, // U+00E7
    { 0x00E8, 21 }, // U+00E8
    { 0x00E9, 21 }, // U+00E9
    { 0x00EA, 21 }, // U+00EA
    { 0x00EB, 21 }, // U+00EB
    { 0x00EE, 22 }, // U+00EE
    { 0x00EF, 22 }, // U+00EF
    { 0x00F0, 14 }, // U+00F0
    { 0x00F1, 17 }, // U+00F1
    { 0x00F2, 21 }, // U+00F2
    { 0x00F3, 21 }, // U+00F3
    { 0x00F4, 21 }, // U+00F4
    { 0x00F5, 21 }, // U+00F5
    { 0x00F6, 21 }, // U+00F6
    { 0x00F8, 17 }, // U+00F8
    { 0x00F9, 17 }, // U+00F9
    { 0x00FA, 17 }, // U+00FA
    { 0x00FB, 17 }, // U+00FB
    { 0x00FC, 17 }, // U+00FC
    { 0x00FD, 18 }, // U+00FD
    { 0x00FE, 13 }, // U+00FE
    { 0x00FF, 18 }, // U+00FF
    { 0x0100, 5 }, // U+0100
    { 0x0101, 20 }, // U+0101
    { 0x0102, 5 }, // U+0102
    { 0x0103, 20 }, // U+0103
    { 0x0104, 5 }, // U+0104
    { 0x0105, 15 }, // U+0105
    { 0x0106, 6 }, // U+0106
    { 0x0107, 21 }, // U+0107
    { 0x0108, 6 }, // U+0108
    { 0x0109, 21 }, // U+0109
    { 0x010A, 6 }, // U+010A
    { 0x010B, 21 }, // U+010B
    { 0x010C, 6 }, // U+010C
    { 0x010D, 21 }, // U+010D
    { 0x010F, 14 }, // U+010F
    { 0x0111, 14 }, // U+0111
    { 0x0113, 21 }, // U+0113
    { 0x0115, 21 }, // U+0115
    { 0x0117, 21 }, // U+0117
    { 0x0119, 23 }, // U+0119
    { 0x011B, 21 }, // U+011B
    { 0x011C, 6 }, // U+011C
    { 0x011D, 20 }, // U+011D
    { 0x011E, 6 }, // U+011E
    { 0x011F, 20 }, // U+011F
    { 0x0120, 6 }, // U+0120
    { 0x0121, 20 }, // U+0121
    { 0x0122, 6 }, // U+0122
    { 0x0123, 20 }, // U+0123
    { 0x0125, 13 }, // U+0125
    { 0x0127, 13 }, // U+0127
    { 0x0129, 22 }, // U+0129
    { 0x012B, 22 }, // U+012B
    { 0x012D, 22 }, // U+012D
    { 0x0135, 16 }, // U+0135
    { 0x0137, 13 }, // U+0137
    { 0x0138, 17 }, // U+0138
    { 0x013A, 13 }, // U+013A
    { 0x013C, 13 }, // U+013C
    { 0x013E, 13 }, // U+013E
    { 0x0140, 13 }, // U+0140
    { 0x0142, 13 }, // U+0142
    { 0x0144, 17 }, // U+0144
    { 0x0146, 17 }, // U+0146
    { 0x0148, 17 }, // U+0148
    { 0x014B, 4 }, // U+014B
    { 0x014C, 6 }, // U+014C
    { 0x014D, 21 }, // U+014D
    { 0x014E, 6 }, // U+014E
    { 0x014F, 21 }, // U+014F
    { 0x0150, 6 }, // U+0150
    { 0x0151, 21 }, // U+0151
    { 0x0152, 6 }, // U+0152
    { 0x0153, 14 }, // U+0153
    { 0x0155, 17 }, // U+0155
    { 0x0157, 4 }, // U+0157
    { 0x0159, 17 }, // U+0159
    { 0x015B, 20 }, // U+015B
    { 0x015D, 20 }, // U+015D
    { 0x015F, 15 }, // U+015F
    { 0x0161, 20 }, // U+0161
    { 0x0162, 7 }, // U+0162
    { 0x0163, 4 }, // U+0163
    { 0x0164, 7 }, // U+0164
    { 0x0165, 4 }, // U+0165
    { 0x0166, 7 }, // U+0166
    { 0x0168, 8 }, // U+0168
    { 0x0169, 17 }, // U+0169
    { 0x016A, 8 }, // U+016A
    { 0x016B, 17 }, // U+016B
    { 0x016C, 8 }, // U+016C
    { 0x016D, 17 }, // U+016D
    { 0x016E, 8 }, // U+016E
    { 0x016F, 17 }, // U+016F
    { 0x0170, 8 }, // U+0170
    { 0x0171, 17 }, // U+0171
    { 0x0172, 8 }, // U+0172
    { 0x0173, 17 }, // U+0173
    { 0x0174, 10 }, // U+0174
    { 0x0175, 18 }, // U+0175
    { 0x0176, 9 }, // U+0176
    { 0x0177, 18 }, // U+0177
    { 0x0178, 9 }, // U+0178
    { 0x017A, 17 }, // U+017A
    { 0x017C, 17 }, // U+017C
    { 0x017E, 17 }, // U+017E
    { 0x017F, 13 }, // U+017F
    { 0x01A0, 6 }, // U+01A0
    { 0x01A1, 14 }, // U+01A1
    { 0x01AF, 8 }, // U+01AF
    { 0x01B0, 17 }, // U+01B0
    { 0x01C6, 14 }, // U+01C6
    { 0x01C9, 13 }, // U+01C9
    { 0x01CC, 17 }, // U+01CC
    { 0x01CD, 5 }, // U+01CD
    { 0x01CE, 20 }, // U+01CE
    { 0x01D0, 22 }, // U+01D0
    { 0x01D1, 6 }, // U+01D1
    { 0x01D2, 21 }, // U+01D2
    { 0x01D3, 8 }, // U+01D3
    { 0x01D4, 17 }, // U+01D4
    { 0x01D5, 8 }, // U+01D5
    { 0x01D6, 17 }, // U+01D6
    { 0x01D7, 8 }, // U+01D7
    { 0x01D8, 17 }, // U+01D8
    { 0x01D9, 8 }, // U+01D9
    { 0x01DA, 17 }, // U+01DA
    { 0x01DB, 8 }, // U+01DB
    { 0x01DC, 17 }, // U+01DC
    { 0x01DD, 14 }, // U+01DD
    { 0x01DE, 5 }, // U+01DE
    { 0x01DF, 20 }, // U+01DF
    { 0x01E0, 5 }, // U+01E0
    { 0x01E1, 20 }, // U+01E1
    { 0x01E2, 5 }, // U+01E2
    { 0x01E3, 20 }, // U+01E3
    { 0x01E4, 6 }, // U+01E4
    { 0x01E5, 15 }, // U+01E5
    { 0x01E6, 6 }, // U+01E6
    { 0x01E7, 20 }, // U+01E7
    { 0x01E9, 13 }, // U+01E9
    { 0x01EA, 6 }, // U+01EA
    { 0x01EB, 23 }, // U+01EB
    { 0x01EC, 6 }, // U+01EC
    { 0x01ED, 21 }, // U+01ED
    { 0x01EF, 4 }, // U+01EF
    { 0x01F0, 16 }, // U+01F0
    { 0x01F3, 14 }, // U+01F3
    { 0x01F4, 6 }, // U+01F4
    { 0x01F5, 20 }, // U+01F5
    { 0x01F9, 17 }, // U+01F9
    { 0x01FA, 5 }, // U+01FA
    { 0x01FB, 20 }, // U+01FB
    { 0x01FC, 5 }, // U+01FC
    { 0x01FD, 20 }, // U+01FD
    { 0x0200, 5 }, // U+0200
    { 0x0201, 20 }, // U+0201
    { 0x0202, 5 }, // U+0202
    { 0x0203, 20 }, // U+0203
    { 0x0205, 21 }, // U+0205
    { 0x0207, 21 }, // U+0207
    { 0x020B, 22 }, // U+020B
    { 0x020C, 6 }, // U+020C
    { 0x020D, 21 }, // U+020D
    { 0x020E, 6 }, // U+020E
    { 0x020F, 21 }, // U+020F
    { 0x0211, 17 }, // U+0211
    { 0x0213, 17 }, // U+0213
    { 0x0214, 8 }, // U+0214
    { 0x0215, 17 }, // U+0215
    { 0x0216, 8 }, // U+0216
    { 0x0217, 17 }, // U+0217
    { 0x0219, 15 }, // U+0219
    { 0x021A, 7 }, // U+021A
    { 0x021B, 4 }, // U+021B
    { 0x021D, 4 }, // U+021D
    { 0x021F, 13 }, // U+021F
    { 0x0402, 7 }, // U+0402
    { 0x0404, 6 }, // U+0404
    { 0x040B, 7 }, // U+040B
    { 0x0410, 5 }, // U+0410
    { 0x0414, 5 }, // U+0414
    { 0x041B, 5 }, // U+041B
    { 0x041E, 6 }, // U+041E
    { 0x0421, 6 }, // U+0421
    { 0x0422, 7 }, // U+0422
    { 0x0424, 6 }, // U+0424
    { 0x0425, 11 }, // U+0425
    { 0x0430, 12 }, // U+0430
    { 0x0431, 13 }, // U+0431
    { 0x0432, 17 }, // U+0432
    { 0x0433, 17 }, // U+0433
    { 0x0434, 24 }, // U+0434
    { 0x0435, 14 }, // U+0435
    { 0x0436, 17 }, // U+0436
    { 0x0437, 17 }, // U+0437
    { 0x0438, 17 }, // U+0438
    { 0x0439, 17 }, // U+0439
    { 0x043A, 17 }, // U+043A
    { 0x043B, 24 }, // U+043B
    { 0x043C, 17 }, // U+043C
    { 0x043D, 17 }, // U+043D
    { 0x043E, 14 }, // U+043E
    { 0x043F, 17 }, // U+043F
    { 0x0440, 4 }, // U+0440
    { 0x0441, 14 }, // U+0441
    { 0x0442, 17 }, // U+0442
    { 0x0443, 18 }, // U+0443
    { 0x0444, 14 }, // U+0444
    { 0x0445, 19 }, // U+0445
    { 0x0446, 17 }, // U+0446
    { 0x0447, 17 }, // U+0447
    { 0x0448, 17 }, // U+0448
    { 0x0449, 17 }, // U+0449
    { 0x044B, 17 }, // U+044B
    { 0x044C, 17 }, // U+044C
    { 0x044D, 17 }, // U+044D
    { 0x044E, 17 }, // U+044E
    { 0x044F, 17 }, // U+044F
    { 0x0450, 21 }, // U+0450
    { 0x0451, 21 }, // U+0451
    { 0x0452, 13 }, // U+0452
    { 0x0453, 17 }, // U+0453
    { 0x0454, 14 }, // U+0454
    { 0x0455, 12 }, // U+0455
    { 0x0457, 13 }, // U+0457
    { 0x0458, 16 }, // U+0458
    { 0x0459, 24 }, // U+0459
    { 0x045A, 17 }, // U+045A
    { 0x045B, 13 }, // U+045B
    { 0x045C, 17 }, // U+045C
    { 0x045D, 17 }, // U+045D
    { 0x045E, 18 }, // U+045E
    { 0x045F, 17 }, // U+045F
    { 0x0472, 6 }, // U+0472
    { 0x0473, 14 }, // U+0473
    { 0x0474, 9 }, // U+0474
    { 0x0475, 18 }, // U+0475
    { 0x048B, 17 }, // U+048B
    { 0x048D, 17 }, // U+048D
    { 0x048F, 17 }, // U+048F
    { 0x0491, 17 }, // U+0491
    { 0x0493, 17 }, // U+0493
    { 0x0495, 17 }, // U+0495
    { 0x0497, 17 }, // U+0497
    { 0x0499, 17 }, // U+0499
    { 0x049B, 17 }, // U+049B
    { 0x049D, 17 }, // U+049D
    { 0x049F, 13 }, // U+049F
    { 0x04A1, 17 }, // U+04A1
    { 0x04A3, 17 }, // U+04A3
    { 0x04A5, 17 }, // U+04A5
    { 0x04A7, 17 }, // U+04A7
    { 0x04A8, 6 }, // U+04A8
    { 0x04A9, 14 }, // U+04A9
    { 0x04AA, 6 }, // U+04AA
    { 0x04AB, 14 }, // U+04AB
    { 0x04AC, 7 }, // U+04AC
    { 0x04AD, 17 }, // U+04AD
    { 0x04AE, 9 }, // U+04AE
    { 0x04AF, 18 }, // U+04AF
    { 0x04B0, 9 }, // U+04B0
    { 0x04B1, 18 }, // U+04B1
    { 0x04B2, 11 }, // U+04B2
    { 0x04B3, 19 }, // U+04B3
    { 0x04B4, 7 }, // U+04B4
    { 0x04B5, 17 }, // U+04B5
    { 0x04B7, 17 }, // U+04B7
    { 0x04B9, 17 }, // U+04B9
    { 0x04BB, 13 }, // U+04BB
    { 0x04C2, 17 }, // U+04C2
    { 0x04C4, 17 }, // U+04C4
    { 0x04C6, 24 }, // U+04C6
    { 0x04C8, 17 }, // U+04C8
    { 0x04CA, 17 }, // U+04CA
    { 0x04CC, 17 }, // U+04CC
    { 0x04CE, 17 }, // U+04CE
    { 0x04D0, 5 }, // U+04D0
    { 0x04D1, 20 }, // U+04D1
    { 0x04D2, 5 }, // U+04D2
    { 0x04D3, 20 }, // U+04D3
    { 0x04D4, 5 }, // U+04D4
    { 0x04D5, 12 }, // U+04D5
    { 0x04D7, 21 }, // U+04D7
    { 0x04D8, 6 }, // U+04D8
    { 0x04D9, 14 }, // U+04D9
    { 0x04DA, 6 }, // U+04DA
    { 0x04DB, 21 }, // U+04DB
    { 0x04DD, 17 }, // U+04DD
    { 0x04E1, 4 }, // U+04E1
    { 0x04E3, 17 }, // U+04E3
    { 0x04E5, 17 }, // U+04E5
    { 0x04E6, 6 }, // U+04E6
    { 0x04E7, 21 }, // U+04E7
    { 0x04E8, 6 }, // U+04E8
    { 0x04E9, 14 }, // U+04E9
    { 0x04EA, 6 }, // U+04EA
    { 0x04EB, 21 }, // U+04EB
    { 0x04ED, 17 }, // U+04ED
    { 0x04EF, 18 }, // U+04EF
    { 0x04F1, 18 }, // U+04F1
    { 0x04F3, 18 }, // U+04F3
    { 0x04F5, 17 }, // U+04F5
    { 0x04F7, 17 }, // U+04F7
    { 0x04F9, 17 }, // U+04F9
    { 0x04FB, 17 }, // U+04FB
    { 0x04FC, 11 }, // U+04FC
    { 0x04FD, 19 }, // U+04FD
    { 0x04FE, 11 }, // U+04FE
    { 0x04FF, 19 }, // U+04FF
    { 0x1EA0, 5 }, // U+1EA0
    { 0x1EA1, 15 }, // U+1EA1
    { 0x1EA2, 5 }, // U+1EA2
    { 0x1EA3, 20 }, // U+1EA3
    { 0x1EA4, 5 }, // U+1EA4
    { 0x1EA5, 20 }, // U+1EA5
    { 0x1EA6, 5 }, // U+1EA6
    { 0x1EA7, 20 }, // U+1EA7
    { 0x1EA8, 5 }, // U+1EA8
    { 0x1EA9, 20 }, // U+1EA9
    { 0x1EAA, 5 }, // U+1EAA
    { 0x1EAB, 20 }, // U+1EAB
    { 0x1EAC, 5 }, // U+1EAC
    { 0x1EAD, 20 }, // U+1EAD
    { 0x1EAE, 5 }, // U+1EAE
    { 0x1EAF, 20 }, // U+1EAF
    { 0x1EB0, 5 }, // U+1EB0
    { 0x1EB1, 20 }, // U+1EB1
    { 0x1EB2, 5 }, // U+1EB2
    { 0x1EB3, 20 }, // U+1EB3
    { 0x1EB4, 5 }, // U+1EB4
    { 0x1EB5, 20 }, // U+1EB5
    { 0x1EB6, 5 }, // U+1EB6
    { 0x1EB7, 20 }, // U+1EB7
    { 0x1EB9, 23 }, // U+1EB9
    { 0x1EBB, 21 }, // U+1EBB
    { 0x1EBD, 21 }, // U+1EBD
    { 0x1EBF, 21 }, // U+1EBF
    { 0x1EC1, 21 }, // U+1EC1
    { 0x1EC3, 21 }, // U+1EC3
    { 0x1EC5, 21 }, // U+1EC5
    { 0x1EC7, 21 }, // U+1EC7
    { 0x1ECC, 6 }, // U+1ECC
    { 0x1ECD, 14 }, // U+1ECD
    { 0x1ECE, 6 }, // U+1ECE
    { 0x1ECF, 21 }, // U+1ECF
    { 0x1ED0, 6 }, // U+1ED0
    { 0x1ED1, 21 }, // U+1ED1
    { 0x1ED2, 6 }, // U+1ED2
    { 0x1ED3, 21 }, // U+1ED3
    { 0x1ED4, 6 }, // U+1ED4
    { 0x1ED5, 21 }, // U+1ED5
    { 0x1ED6, 6 }, // U+1ED6
    { 0x1ED7, 21 }, // U+1ED7
    { 0x1ED8, 6 }, // U+1ED8
    { 0x1ED9, 21 }, // U+1ED9
    { 0x1EE4, 8 }, // U+1EE4
    { 0x1EE5, 4 }, // U+1EE5
    { 0x1EE6, 8 }, // U+1EE6
    { 0x1EE7, 17 }, // U+1EE7
    { 0x1EF2, 9 }, // U+1EF2
    { 0x1EF3, 18 }, // U+1EF3
    { 0x1EF4, 9 }, // U+1EF4
    { 0x1EF5, 18 }, // U+1EF5
    { 0x1EF6, 9 }, // U+1EF6
    { 0x1EF7, 18 }, // U+1EF7
    { 0x1EF8, 9 }, // U+1EF8
    { 0x1EF9, 18 }, // U+1EF9
    { 0x2018, 1 }, // U+2018
    { 0x2019, 1 }, // U+2019
    { 0x201A, 3 }, // U+201A
    { 0x201C, 1 }, // U+201C
    { 0x201D, 1 }, // U+201D
    { 0x201E, 3 }, // U+201E
    { 0x2026, 3 }, // U+2026
    { 0xFB00, 4 }, // U+FB00
    { 0xFB03, 4 }, // U+FB03
    { 0xFB04, 4 }, // U+FB04
};

static const int8_t chareink_15_bolditalicKernMatrix[] = {
       0,    0,   -3,    0,   -4,    0,    0,    0,    0,    0,    0,   -2,    0,   -1,   -2,    0,    0,    0,   -1,   -2,   -1,    0,   -1,   -3,
       0,    0,    0,    0,    0,    0,    0,    0,    0,    0,    0,    0,    0,    0,    0,    1,    0,    0,    0,    0,    0,    0,    0,    0,
      -3,    0,    0,    0,    0,    0,   -3,    0,   -4,   -3,    0,    0,    0,    0,    0,    0,    0,   -2,    0,    0,    0,    0,    0,    0,
      -4,    0,    0,    0,    0,   -2,   -3,   -2,   -4,   -3,    0,    0,    0,    0,    0,    0,    0,   -2,    0,    0,    0,    0,    0,    0,
       0,    0,    0,    0,    0,    0,   -1,    0,   -1,   -1,   -1,    0,    0,    0,    0,    0,    0,    0,    0,    0,    0,    0,    0,    0,
       0,    0,   -3,    0,   -1,    0,    0,    0,    0,    0,    0,   -1,    0,   -1,   -1,    0,    0,    0,    0,   -1,   -1,    0,   -1,   -2,
       0,    0,    0,    0,    0,   -2,    0,    0,    0,    0,    0,    0,    0,    0,    0,    0,    0,    0,    0,    0,    0,    0,    0,    0,
      -5,    0,    0,    0,    0,    0,   -2,    0,   -3,   -2,    0,    0,    0,    0,    0,    0,    0,   -2,    0,    0,    0,    0,    0,    0,
       0,    0,    0,    0,    0,    0,   -2,    0,   -3,   -2,    0,    0,    0,    0,    0,    0,    0,    0,    0,    0,    0,    0,    0,    0,
       0,    0,   -2,    0,   -2,    0,    0,    0,    0,    0,    0,   -2,    0,   -2,   -1,    0,    0,    0,    0,   -1,   -1,    0,   -2,   -2,
       0,    0,    0,    0,   -1,    0,    0,    0,    0,    0,    0,    0,    0,   -1,    0,    0,    0,    0,    0,    0,    0,    0,    0,   -1,
       0,    0,   -3,    0,   -2,    0,    0,    0,    0,    0,    0,   -2,    0,   -2,   -1,    0,   -1,    0,    0,   -1,   -1,    0,   -2,   -3,
       0,    0,   -2,    0,   -2,    0,    0,    0,    0,    0,    0,   -2,    0,   -2,   -1,    0,   -1,    0,    0,   -1,   -1,    0,   -2,   -2,
      -3,    0,    0,    0,    0,    0,    0,    0,    0,    0,    0,    0,    0,    0,    0,    0,    0,   -1,    0,    0,    0,    0,    0,    0,
      -2,    0,    0,    0,    0,    0,    0,    0,    0,    0,    0,    0,    0,    0,    0,    0,    0,   -1,   -1,    0,    0,    0,    0,   -1,
      -1,    0,    0,    0,    0,    0,    0,    0,    0,    0,    0,    0,    0,    0,    0,    0,    0,    0,    0,    0,    0,    0,    0,    0,
       1,    2,    0,    0,    0,    0,    0,    0,    0,    0,    0,    0,    0,    0,    0,    0,    0,    0,    0,    0,    0,    0,    0,    0,
      -1,    0,    0,    0,    0,    0,    0,    0,    0,    0,    0,    0,    0,    0,    0,    2,    0,    0,    0,    0,    0,    0,    0,    0,
      -1,    0,    0,    0,    0,    0,    0,    0,    0,    0,    0,    0,    0,   -1,    0,    0,    0,    0,    0,    0,   -1,    0,   -1,    0,
       0,    0,   -2,    0,    0,    0,    0,    0,    0,    0,    0,    0,    0,   -1,    0,    0,    0,    0,    0,    0,   -1,    0,   -1,   -2,
      -2,    0,   -2,    0,    0,    0,    0,    0,    0,    0,    0,   -1,    0,   -1,   -1,    0,    0,    0,    0,   -1,   -1,    0,   -1,   -1,
       0,    0,    0,    0,    0,    0,    0,    0,    0,    0,    0,    0,    0,    0,    0,    0,    0,    0,    0,    0,    0,    2,    0,    0,
       0,    0,   -4,   -4,    0,    0,    0,    0,    0,    0,    0,   -4,    0,   -4,   -4,   -3,   -4,   -4,   -4,   -4,   -4,    0,   -4,    0,
      -2,    0,    0,    0,    0,    0,   -1,    0,   -1,    0,    0,    0,    0,    0,    0,    0,    0,   -2,    0,    0,    0,    0,    0,    0,
       0,    0,   -4,   -4,    0,    0,    0,    0,    0,    0,    0,   -4,    0,   -4,   -4,   -3,   -4,   -4,   -4,   -3,   -4,    0,   -4,    0,
       0,    0,   -2,   -2,    0,    0,    0,    0,    0,    0,    0,   -2,    0,   -2,   -2,   -2,   -2,   -2,   -2,   -2,   -2,    0,   -2,    0,
       0,    0,    0,    0,    0,    0,    0,    0,    0,    0,    0,   -2,   -2,   -2,   -2,    0,    0,    0,    0,   -2,   -2,    0,   -2,    0,
      -3,    0,    0,    0,    0,    0,    0,    0,    0,    0,    0,    0,    0,   -1,    0,    0,    0,   -1,    0,    0,   -1,    0,    0,    0,
};

static const EpdLigaturePair chareink_15_bolditalicLigaturePairs[] = {
    { 0x00660066, 0xFB00 }, // f f -> U+FB00
    { 0x00660069, 0xFB01 }, // f i -> U+FB01
    { 0x0066006C, 0xFB02 }, // f l -> U+FB02
    { 0xFB000069, 0xFB03 }, // U+FB00 i -> U+FB03
    { 0xFB00006C, 0xFB04 }, // U+FB00 l -> U+FB04
};

static const EpdFontData chareink_15_bolditalic = {
    chareink_15_bolditalicBitmaps,
    chareink_15_bolditalicGlyphs,
    chareink_15_bolditalicIntervals,
    50,
    33,
    26,
    -8,
    true,
    chareink_15_bolditalicGroups,
    14,
    chareink_15_bolditalicKernLeftClasses,
    chareink_15_bolditalicKernRightClasses,
    chareink_15_bolditalicKernMatrix,
    426,
    450,
    28,
    24,
    chareink_15_bolditalicLigaturePairs,
    5,
};
