/**
 * generated by fontconvert.py
 * name: newsreader_13_regular
 * size: 13
 * mode: 2-bit  compressed: true
 * Command used: fontconvert.py newsreader_13_regular 13 ../builtinFonts/source/Newsreader/Newsreader-Regular.ttf --2bit --compress --force-autohint
 */
#pragma once
#include "EpdFontData.h"

static const uint8_t newsreader_13_regularBitmaps[16609] = {
    0x95, 0x58, 0x3D, 0x6C, 0x1C, 0xC7, 0x15, 0xFE, 0x76, 0x47, 0xE6, 0x4A, 0xDC, 0x23, 0x47, 0x85,
    0x81, 0x18, 0x26, 0xED, 0x15, 0x02, 0x17, 0x84, 0x40, 0x71, 0x19, 0x84, 0x80, 0x15, 0xE0, 0xEE,
    0x76, 0x2D, 0x17, 0x2E, 0xE2, 0xC0, 0x6A, 0xDC, 0xC4, 0x45, 0x54, 0x1A, 0x29, 0x44, 0x16, 0x2E,
    0x54, 0x1C, 0x75, 0x23, 0xA5, 0x10, 0x90, 0xA4, 0x60, 0x9D, 0x22, 0x56, 0x10, 0x17, 0xB6, 0x1B,
    0xD1, 0x80, 0x8A, 0x0B, 0x72, 0xD4, 0xAD, 0xC4, 0x42, 0x85, 0x0D, 0x78, 0x65, 0x15, 0x2E, 0x14,
    0x40, 0xEB, 0x48, 0x88, 0x81, 0x24, 0xB0, 0x57, 0xD1, 0x3A, 0x5C, 0xC5, 0x77, 0x37, 0xF9, 0xDE,
    0x1C, 0x25, 0x53, 0xB6, 0x25, 0x25, 0x77, 0xB7, 0xB3, 0x3B, 0xB3, 0xF3, 0xF3, 0x7E, 0xBF, 0xF7,
    0xDE, 0xAD, 0xEF, 0xDC, 0x5C, 0xDF, 0xF9, 0xFD, 0xCA, 0xF5, 0xC6, 0xB2, 0xC1, 0x9F, 0xBF, 0x36,
    0x55, 0xF7, 0x9A, 0x0D, 0xFE, 0x39, 0xBB, 0xF9, 0x93, 0xEC, 0x53, 0x95, 0x62, 0xDF, 0x3E, 0xA8,
    0x00, 0xB8, 0x6C, 0x70, 0x62, 0x03, 0x2F, 0x2C, 0x63, 0xA6, 0x01, 0x35, 0x05, 0x6B, 0x2D, 0x4E,
    0xE4, 0xD2, 0x6F, 0x34, 0x94, 0xB5, 0x43, 0xEF, 0x8A, 0x79, 0xD0, 0x97, 0xF7, 0xDE, 0xD9, 0x14,
    0x27, 0x32, 0xE0, 0x60, 0x8A, 0xC6, 0x32, 0x54, 0x03, 0xBE, 0x2D, 0x82, 0x3B, 0x36, 0x78, 0xF5,
    0xC5, 0x4F, 0xB6, 0x1B, 0xC7, 0xCB, 0x6D, 0x34, 0x97, 0x33, 0xFD, 0xD1, 0xB2, 0x67, 0x1B, 0x88,
    0x2D, 0x3C, 0x5B, 0x61, 0xD6, 0x1A, 0xA5, 0x4B, 0x6C, 0x6F, 0x61, 0xF9, 0xE3, 0xB4, 0xF1, 0xE3,
    0x6B, 0xAA, 0x71, 0xA7, 0xDA, 0xEE, 0x25, 0x1F, 0xD4, 0xBE, 0x2D, 0x65, 0x03, 0x6C, 0xBB, 0xDD,
    0xC2, 0x02, 0x0A, 0xAD, 0x0E, 0xA6, 0xD1, 0x69, 0x61, 0x1E, 0xBD, 0x25, 0xAC, 0xA0, 0x8E, 0x71,
    0x1E, 0x55, 0xE4, 0x65, 0x6C, 0x48, 0x71, 0x1D, 0x4F, 0x83, 0x6F, 0xE7, 0x23, 0xD3, 0x6C, 0xAE,
    0x5C, 0x2C, 0x75, 0xF9, 0x87, 0xB2, 0x03, 0xEF, 0x4A, 0xD1, 0x84, 0x7A, 0xB9, 0x68, 0x61, 0x5A,
    0xE5, 0x2D, 0x34, 0x14, 0x9F, 0x56, 0x7C, 0x8E, 0x9D, 0xF7, 0xF8, 0x96, 0x2B, 0x4B, 0xAE, 0x8C,
    0x33, 0x6F, 0x60, 0x80, 0xF5, 0x08, 0xD0, 0xE8, 0xC3, 0x2B, 0x83, 0x0C, 0x11, 0x1F, 0x50, 0x6B,
    0x83, 0xF0, 0x93, 0x12, 0x48, 0x6A, 0xC0, 0x1B, 0x7B, 0xD6, 0x74, 0x4B, 0x95, 0x45, 0x91, 0x59,
    0x51, 0xD9, 0xA5, 0x00, 0x3D, 0xBF, 0x3A, 0xAF, 0x4D, 0xF8, 0x17, 0x54, 0x48, 0x0C, 0xA7, 0x0E,
    0xD1, 0x41, 0x54, 0xFA, 0xD5, 0xB3, 0xDA, 0x04, 0xE3, 0xB4, 0x6B, 0x76, 0x6E, 0x2E, 0x7E, 0x70,
    0x15, 0xC0, 0x01, 0x2F, 0x5B, 0xD1, 0x5E, 0xD1, 0x0C, 0xB2, 0xBE, 0x36, 0xB5, 0x4E, 0x2B, 0xB6,
    0xA1, 0xE9, 0xA8, 0xEC, 0x08, 0xCA, 0x00, 0x0B, 0xC8, 0x3D, 0x20, 0xF3, 0x32, 0x65, 0x02, 0x9E,
    0xDF, 0x42, 0xCF, 0xE3, 0x21, 0x3A, 0x6D, 0xA1, 0x52, 0xB9, 0x4E, 0x3B, 0x5E, 0x19, 0xA6, 0x4D,
    0x2F, 0xD7, 0x58, 0x53, 0xE9, 0x3E, 0x0A, 0x83, 0x82, 0x58, 0x59, 0xF3, 0x2C, 0x94, 0xCD, 0x93,
    0xE3, 0xFA, 0x2D, 0xFF, 0xAC, 0x01, 0xC5, 0x24, 0x2F, 0xC8, 0x8F, 0x82, 0x74, 0x28, 0x60, 0x9B,
    0x05, 0x93, 0x47, 0x19, 0xF5, 0x81, 0xE8, 0xB5, 0x3B, 0x43, 0xAD, 0x8E, 0x5D, 0xC9, 0xA8, 0x1D,
    0x6A, 0x91, 0xFA, 0x06, 0x8E, 0x63, 0x06, 0x7E, 0x86, 0xA3, 0xE0, 0xD4, 0xCD, 0x3D, 0xCF, 0xE5,
    0x9E, 0xE7, 0x62, 0xF2, 0xBC, 0xC2, 0x03, 0x28, 0xA3, 0x6A, 0x1D, 0xA4, 0xED, 0x22, 0x7A, 0x4D,
    0xE8, 0x08, 0xEA, 0x06, 0x0D, 0xA7, 0x40, 0x5C, 0x21, 0x1C, 0x51, 0x99, 0x29, 0xBA, 0xEC, 0xF4,
    0x10, 0xBE, 0x0D, 0x75, 0x3D, 0x43, 0xD9, 0xC3, 0x29, 0x8D, 0xA6, 0xC7, 0x35, 0x21, 0xC5, 0x17,
    0xA4, 0x88, 0x72, 0x24, 0x15, 0x7A, 0x2D, 0x8A, 0x39, 0x85, 0xCA, 0x41, 0xB9, 0xE1, 0x89, 0x9D,
    0x02, 0x03, 0xCB, 0xCB, 0xF8, 0xB4, 0xB6, 0x3C, 0xCE, 0x32, 0xBF, 0x3C, 0x81, 0xD6, 0xA1, 0xDD,
    0x79, 0x5E, 0xE9, 0xA6, 0x76, 0x80, 0x26, 0xB0, 0x08, 0x3C, 0xE7, 0x7E, 0x33, 0x78, 0x66, 0x06,
    0x33, 0xB3, 0x08, 0x43, 0x6B, 0xAF, 0x5A, 0xDA, 0x11, 0x84, 0xBA, 0xD9, 0xA0, 0x78, 0xC1, 0xAB,
    0x0E, 0xA1, 0x3A, 0xCE, 0x25, 0x5C, 0xA8, 0x32, 0xCE, 0xF5, 0x6D, 0xEE, 0x1F, 0xE3, 0x0E, 0x7D,
    0x77, 0xDE, 0xE4, 0xC7, 0xAD, 0x7A, 0x9B, 0x28, 0xC6, 0x81, 0xE9, 0xF2, 0x0D, 0xDE, 0x82, 0xA3,
    0x28, 0x49, 0xE1, 0x8F, 0x80, 0x79, 0x0E, 0x5D, 0xCF, 0x31, 0xCD, 0xF3, 0xD7, 0x5A, 0x14, 0x77,
    0x85, 0x15, 0x95, 0xFB, 0x46, 0xA7, 0x91, 0xB5, 0x63, 0x2B, 0x87, 0xC9, 0x64, 0xBE, 0x95, 0x9D,
    0x84, 0x36, 0x32, 0x00, 0x2B, 0xFB, 0x78, 0xA9, 0x26, 0x0B, 0xD6, 0x1A, 0xD2, 0x49, 0xA3, 0x13,
    0xCD, 0x4C, 0x89, 0x54, 0x37, 0xA0, 0xC9, 0xE0, 0x94, 0xA5, 0x62, 0x06, 0x7C, 0x43, 0x6A, 0xA3,
    0xD4, 0xAD, 0x94, 0x4D, 0xD8, 0x3B, 0xE2, 0x1B, 0x52, 0x72, 0x2C, 0xF7, 0xED, 0x06, 0xDC, 0x87,
    0x12, 0x4E, 0x71, 0x0A, 0x7E, 0x2E, 0xF7, 0xC8, 0x1D, 0x44, 0x01, 0xF4, 0x56, 0xF3, 0xFF, 0xBC,
    0x34, 0x1C, 0xA2, 0x55, 0x21, 0xAE, 0xE5, 0x17, 0xF5, 0x11, 0x37, 0xD1, 0x5A, 0x42, 0x33, 0x3C,
    0x53, 0xD2, 0x74, 0x53, 0xA7, 0x78, 0x6B, 0x47, 0x39, 0x1A, 0x19, 0xE6, 0x53, 0xD1, 0xE9, 0x9A,
    0x28, 0xD8, 0xCB, 0x45, 0xC3, 0xCA, 0xC8, 0x76, 0x1A, 0x58, 0x72, 0x12, 0xE8, 0x60, 0x57, 0x4A,
    0x7C, 0x4F, 0x17, 0x2D, 0xD6, 0x55, 0x1E, 0x66, 0x25, 0xAA, 0x0E, 0x5A, 0x51, 0xAA, 0x55, 0x19,
    0x9A, 0xC1, 0x39, 0x13, 0x5A, 0x83, 0xC1, 0x10, 0x9B, 0x83, 0xBC, 0xF4, 0x87, 0x3D, 0xC4, 0xA7,
    0xA1, 0x6E, 0xA6, 0xD8, 0x29, 0xD0, 0xEC, 0x60, 0x29, 0xC8, 0x4F, 0x0A, 0x19, 0xBE, 0x4D, 0xA3,
    0x63, 0x74, 0xB8, 0x5E, 0x0F, 0xCD, 0x1A, 0xED, 0x09, 0x75, 0x7D, 0x24, 0x09, 0x06, 0xE1, 0x38,
    0x06, 0xDA, 0xEE, 0xB8, 0x53, 0xC2, 0x2A, 0x35, 0x12, 0x82, 0x66, 0x47, 0xCE, 0x9E, 0x77, 0x9C,
    0x3A, 0x2B, 0x85, 0xFF, 0xE5, 0x17, 0x4B, 0xFA, 0x4A, 0x31, 0x61, 0xFE, 0x29, 0x7D, 0x6B, 0x98,
    0x04, 0x67, 0x2F, 0xE7, 0xF9, 0xC1, 0xC9, 0x00, 0x57, 0x6C, 0x21, 0xCC, 0xF1, 0x27, 0x84, 0x06,
    0xB4, 0x33, 0xFE, 0xE6, 0x8C, 0x08, 0x49, 0x06, 0xF9, 0x4A, 0x26, 0x60, 0x62, 0x04, 0x93, 0x8F,
    0x26, 0x86, 0xB9, 0x0F, 0x77, 0x3C, 0x4D, 0xBB, 0xE4, 0xED, 0x24, 0x0F, 0xE1, 0x2D, 0x96, 0x9F,
    0x7F, 0x9B, 0x12, 0xE0, 0xE0, 0x69, 0x37, 0x81, 0x9F, 0xB8, 0x0A, 0xAA, 0x13, 0x4F, 0xC3, 0x88,
    0xB6, 0x96, 0x27, 0xAE, 0x72, 0xDA, 0xB7, 0x59, 0x9C, 0x7B, 0x06, 0xFB, 0x01, 0x73, 0x7F, 0x5F,
    0xEE, 0x90, 0xB8, 0x6D, 0xB0, 0x3A, 0xA6, 0xAC, 0xE3, 0x8D, 0xB9, 0x5C, 0x6C, 0x81, 0x5B, 0x75,
    0xC4, 0x0A, 0xC8, 0x1C, 0x82, 0x5C, 0x8C, 0x42, 0x5F, 0x2E, 0xD0, 0xED, 0x45, 0x3A, 0xD5, 0xE7,
    0x72, 0x42, 0x5A, 0xAD, 0xF1, 0xEF, 0x32, 0xCC, 0x4E, 0xA9, 0x9B, 0x84, 0x84, 0x5C, 0x9F, 0xF6,
    0x0B, 0x7A, 0x4D, 0xA5, 0xD3, 0xA1, 0x77, 0xAB, 0xE8, 0x04, 0x85, 0xD6, 0x67, 0xCA, 0xD5, 0xF4,
    0x54, 0x1C, 0x8C, 0x93, 0x30, 0xED, 0x84, 0x79, 0x5C, 0x08, 0x8B, 0x3C, 0xCE, 0x71, 0xA4, 0x26,
    0x2D, 0xAD, 0x65, 0x5E, 0xCC, 0x53, 0x38, 0x5F, 0xB5, 0xF9, 0x03, 0x5E, 0xC5, 0x6D, 0x45, 0xB6,
    0x20, 0x36, 0xF1, 0x33, 0x92, 0x75, 0x17, 0x64, 0xC1, 0x6B, 0xA4, 0x30, 0x20, 0x64, 0x61, 0x96,
    0x58, 0x27, 0xB0, 0x48, 0xF7, 0x91, 0x1D, 0x57, 0xC4, 0xF0, 0xBA, 0x76, 0x28, 0xEA, 0xE8, 0x0B,
    0x74, 0xB4, 0xC5, 0x36, 0x62, 0x31, 0x58, 0x9D, 0x92, 0xF7, 0x30, 0xD3, 0xC2, 0xC6, 0x80, 0x1C,
    0x0C, 0x63, 0x3B, 0x26, 0x5F, 0x73, 0x39, 0xED, 0xBF, 0x24, 0xA3, 0xD5, 0x37, 0x97, 0xF4, 0x03,
    0xA3, 0xDC, 0xFB, 0x40, 0xDE, 0xF5, 0x79, 0xB5, 0xF6, 0x5C, 0x64, 0x14, 0xB5, 0xFA, 0xEA, 0x8D,
    0x22, 0xB1, 0x94, 0xD5, 0x14, 0x27, 0x2E, 0xA5, 0xAB, 0x86, 0x76, 0x50, 0x8A, 0x1F, 0x1F, 0x21,
    0x81, 0x3C, 0x06, 0xBF, 0x31, 0x13, 0xF7, 0x11, 0x9A, 0xC4, 0x4E, 0x20, 0x04, 0x3B, 0x8E, 0x49,
    0x9A, 0xF3, 0x12, 0xE9, 0x2C, 0xF3, 0xCD, 0x3C, 0xA5, 0xAC, 0x45, 0xE4, 0x19, 0x2E, 0x8C, 0x53,
    0x12, 0x46, 0xA7, 0x32, 0x6F, 0x54, 0x74, 0x0D, 0xBF, 0x16, 0x3B, 0xAE, 0x79, 0x9E, 0x5F, 0x3A,
    0x38, 0x69, 0x09, 0x13, 0xDC, 0x30, 0x16, 0x3F, 0xED, 0x70, 0xC8, 0x2B, 0xEF, 0x0F, 0xB5, 0x65,
    0x48, 0x66, 0x85, 0xC6, 0xF9, 0x14, 0x71, 0x2D, 0x53, 0xC5, 0x54, 0x45, 0x04, 0xBA, 0xE7, 0xC4,
    0xF9, 0x74, 0x6C, 0x6D, 0x4D, 0x8A, 0x84, 0xFC, 0x45, 0x5E, 0x0D, 0x5E, 0x07, 0x54, 0xAE, 0x30,
    0xB9, 0x02, 0x62, 0xB2, 0x15, 0x96, 0xF1, 0xCD, 0x98, 0x03, 0x0F, 0x9F, 0x17, 0xE3, 0x0F, 0x66,
    0xB8, 0xB6, 0xC5, 0x3D, 0x44, 0x19, 0xCF, 0x08, 0x64, 0x0F, 0xAC, 0xCD, 0xDB, 0x94, 0x2C, 0xE3,
    0x20, 0x5F, 0xCF, 0xF3, 0xE8, 0x43, 0x2D, 0x1A, 0x59, 0x85, 0x4C, 0x76, 0x23, 0x5E, 0x90, 0xED,
    0xB5, 0x49, 0x57, 0x3D, 0x04, 0x2A, 0xB9, 0x13, 0x86, 0x72, 0xAA, 0x9E, 0xB2, 0x5F, 0xD0, 0x6A,
    0xA7, 0x6A, 0xFA, 0x91, 0x44, 0x0E, 0x2A, 0x4C, 0x04, 0x28, 0xD0, 0xB1, 0x3F, 0x34, 0xBB, 0x92,
    0x73, 0x22, 0x74, 0xB2, 0xE4, 0xB2, 0x67, 0xDF, 0x4F, 0xE8, 0x24, 0x15, 0x85, 0xA8, 0x5F, 0x12,
    0xA0, 0x15, 0x29, 0x56, 0x7C, 0xC9, 0x43, 0x28, 0xC6, 0xD4, 0xBF, 0xE7, 0x5D, 0x12, 0x23, 0x36,
    0x38, 0xFC, 0x1E, 0xE7, 0x4E, 0x11, 0xDB, 0xC7, 0x8C, 0x46, 0x84, 0x1A, 0x52, 0x10, 0x64, 0x13,
    0xD8, 0x75, 0xA8, 0xBB, 0x67, 0xB0, 0x10, 0x83, 0xB4, 0xC2, 0x5A, 0xFB, 0xF5, 0xD7, 0x57, 0x1F,
    0x37, 0xD3, 0x0D, 0xD2, 0x84, 0xFB, 0xA4, 0xDE, 0xB3, 0xE5, 0xE1, 0xF7, 0xE6, 0x68, 0x31, 0x8F,
    0xFD, 0x16, 0xC9, 0x08, 0xEF, 0xBF, 0xE3, 0x0D, 0x52, 0xEE, 0xC5, 0xE5, 0xDC, 0xA6, 0x85, 0x47,
    0x3C, 0x0A, 0x88, 0x1C, 0x7F, 0x4E, 0x7D, 0x96, 0x07, 0x3C, 0x81, 0xE4, 0xBF, 0xBF, 0x31, 0x47,
    0xC4, 0x31, 0xA2, 0x2F, 0x99, 0xB4, 0xC9, 0xC6, 0x13, 0xB7, 0x0C, 0x24, 0x7C, 0x3C, 0x27, 0x82,
    0x14, 0x78, 0x2F, 0x44, 0x4D, 0x04, 0x61, 0xA8, 0xBF, 0xD5, 0x32, 0x76, 0x49, 0x9A, 0x58, 0xA6,
    0x84, 0x32, 0x59, 0xB9, 0x03, 0x46, 0xD2, 0x24, 0xA9, 0x88, 0x28, 0x8F, 0x47, 0x18, 0x8C, 0xB8,
    0x3D, 0xA5, 0x88, 0xFB, 0x4A, 0xFE, 0x7F, 0xAE, 0x7D, 0xBB, 0xC6, 0x23, 0x46, 0x74, 0x94, 0x3B,
    0x5E, 0xA4, 0x51, 0x54, 0xCF, 0x12, 0xDF, 0xBD, 0xF7, 0x24, 0xC8, 0x78, 0x23, 0xE6, 0x24, 0xC0,
    0x18, 0xB3, 0xD4, 0x4C, 0xD7, 0x28, 0x6A, 0xF0, 0x70, 0x81, 0x0F, 0x33, 0x34, 0xFA, 0xF8, 0x51,
    0x8D, 0xE9, 0x18, 0x8D, 0x04, 0xEA, 0x95, 0x4C, 0x05, 0xB9, 0x77, 0xB9, 0x44, 0x36, 0x44, 0xDE,
    0xC1, 0x5A, 0x94, 0xAE, 0x69, 0xCC, 0xAB, 0x62, 0x41, 0x31, 0xF6, 0xF7, 0x1B, 0xA8, 0xBC, 0x4C,
    0xFF, 0x9A, 0x42, 0xD9, 0xF4, 0xEF, 0xA6, 0x3A, 0x5D, 0x44, 0x42, 0x2D, 0x85, 0x82, 0x8A, 0x35,
    0x8D, 0xA4, 0x44, 0x9B, 0x41, 0x7B, 0x01, 0x83, 0xFA, 0x30, 0x0D, 0xE2, 0xDD, 0xA8, 0xC4, 0xD4,
    0x6D, 0x45, 0xE6, 0x33, 0xB5, 0x25, 0x4D, 0x22, 0x8D, 0xCE, 0xD8, 0xD0, 0xB3, 0x32, 0xE5, 0x8B,
    0x09, 0x12, 0x43, 0xD8, 0x24, 0xD2, 0x44, 0x86, 0x4D, 0x98, 0xB3, 0x51, 0x15, 0x1B, 0x8C, 0xA4,
    0x49, 0xA4, 0x89, 0xA4, 0x09, 0x25, 0xF9, 0x50, 0x59, 0x52, 0x0A, 0x82, 0xCC, 0xD1, 0xC3, 0xF5,
    0xC6, 0x2A, 0x55, 0x0F, 0x66, 0x0F, 0xBB, 0xEE, 0xB6, 0x4D, 0xF6, 0x9A, 0xC4, 0x68, 0xF5, 0xA5,
    0x11, 0x84, 0x85, 0x84, 0x09, 0x2E, 0xAE, 0xE5, 0x41, 0x46, 0x68, 0x9B, 0xFE, 0xE7, 0x32, 0x87,
    0xAC, 0x07, 0x86, 0xEF, 0xCB, 0x80, 0xC8, 0xE1, 0xF6, 0x71, 0x1B, 0xD2, 0xC5, 0xA9, 0x89, 0xB9,
    0xC2, 0xE1, 0xC8, 0x04, 0x4F, 0xEE, 0x63, 0x4B, 0x93, 0x57, 0x8F, 0x4A, 0x2B, 0x95, 0x9B, 0xF3,
    0x08, 0x1D, 0x08, 0xDC, 0x0B, 0x1C, 0xCA, 0x66, 0xEA, 0x36, 0x71, 0xA3, 0x43, 0x58, 0xA3, 0x5C,
    0x82, 0xCC, 0xA1, 0x01, 0x29, 0xD7, 0x3F, 0x25, 0x21, 0x6D, 0x71, 0x9E, 0xBE, 0xD0, 0x77, 0x97,
    0x2B, 0x82, 0x8F, 0x85, 0x36, 0x37, 0x44, 0x02, 0xD5, 0x67, 0x12, 0xA4, 0xC5, 0x79, 0x7A, 0xDC,
    0x2E, 0xC8, 0x1C, 0xD2, 0xAB, 0x7B, 0xAB, 0x06, 0xFE, 0x58, 0x54, 0xE9, 0x20, 0x77, 0x2C, 0x0D,
    0x2D, 0x97, 0x7A, 0x14, 0x5F, 0x75, 0x67, 0xF2, 0x26, 0x80, 0x52, 0xFF, 0xA0, 0x24, 0x4B, 0x31,
    0x2D, 0x57, 0xAC, 0x9C, 0x56, 0x2C, 0x78, 0x35, 0x19, 0x20, 0xE0, 0x5A, 0xCE, 0xAC, 0xC3, 0x8C,
    0x03, 0x7D, 0x0E, 0x44, 0x13, 0xE7, 0xAC, 0xD8, 0x69, 0x11, 0xF9, 0xB8, 0xA4, 0x60, 0xB7, 0xAF,
    0x6D, 0xCA, 0xCC, 0x78, 0x30, 0xF2, 0xAA, 0xE8, 0x4C, 0x89, 0xB2, 0xC6, 0x62, 0x1B, 0xA2, 0xB6,
    0x97, 0x6B, 0x77, 0x5E, 0xC0, 0x94, 0x21, 0x26, 0x05, 0x5D, 0x8A, 0x9D, 0x37, 0x4D, 0x24, 0xDA,
    0xA1, 0x37, 0x96, 0x58, 0x22, 0xE8, 0x84, 0x45, 0x8C, 0xD5, 0x7B, 0x38, 0x44, 0x72, 0xCE, 0x52,
    0xD2, 0x8B, 0x34, 0x41, 0xBB, 0x9D, 0x6B, 0xD3, 0x3A, 0x4A, 0xCB, 0xB9, 0xCE, 0x33, 0x67, 0x98,
    0x2B, 0x31, 0xAB, 0x14, 0xD8, 0x71, 0xF0, 0xF1, 0x3F, 0x3F, 0x48, 0x7C, 0x1A, 0x54, 0xE2, 0x7E,
    0xBE, 0xA0, 0x07, 0x4E, 0x0A, 0x7A, 0x4C, 0xF0, 0x4B, 0xDC, 0xDF, 0x01, 0x1C, 0x73, 0xD3, 0x27,
    0x0D, 0x16, 0x32, 0x58, 0x4B, 0x64, 0x63, 0x92, 0x33, 0x2D, 0x2A, 0xA3, 0x55, 0x75, 0x53, 0x62,
    0x5A, 0x60, 0xC5, 0x48, 0xA2, 0xB1, 0x73, 0xF1, 0xE9, 0x77, 0xE9, 0x84, 0x53, 0x82, 0x5F, 0x1E,
    0x93, 0x43, 0xF8, 0x46, 0xF0, 0x20, 0xA5, 0xA0, 0x38, 0x7B, 0x1D, 0xB3, 0x82, 0x7F, 0x0D, 0x41,
    0x9F, 0x45, 0xA1, 0x6E, 0x45, 0x94, 0xBB, 0x26, 0x36, 0x70, 0x5E, 0x8C, 0x80, 0x7C, 0x7B, 0x77,
    0xD8, 0xE0, 0x6B, 0xA1, 0x7B, 0x20, 0xAA, 0x49, 0xA4, 0x39, 0x22, 0xCD, 0xBC, 0x53, 0x17, 0x2B,
    0x95, 0x2A, 0x32, 0xB8, 0xC8, 0xF8, 0xD2, 0x96, 0x78, 0xB3, 0xC2, 0x9D, 0x23, 0x3A, 0x06, 0x41,
    0xEC, 0x82, 0x71, 0x48, 0xBF, 0xCA, 0xAD, 0xB5, 0x99, 0x6F, 0xB1, 0x1A, 0x89, 0x91, 0x0F, 0x79,
    0x76, 0x47, 0x79, 0x25, 0xCF, 0xAC, 0x16, 0x54, 0xB1, 0x26, 0xE8, 0x12, 0xB2, 0x4C, 0x0A, 0xAF,
    0x22, 0xFA, 0x19, 0xE9, 0x58, 0x40, 0x9B, 0x99, 0x5F, 0x8B, 0xCE, 0x20, 0x99, 0xB8, 0x33, 0x10,
    0x7A, 0x17, 0x7F, 0xE2, 0x20, 0x12, 0x8C, 0x67, 0xA5, 0x0A, 0x71, 0xA1, 0x7B, 0xC1, 0xF1, 0xF7,
    0xCB, 0xF3, 0x51, 0x45, 0x87, 0x53, 0x92, 0x95, 0x53, 0x1C, 0x47, 0x85, 0xAB, 0x4D, 0xD2, 0xC9,
    0xBA, 0x07, 0x7A, 0x5B, 0xE2, 0xF8, 0xDF, 0x25, 0xAC, 0x0F, 0x1F, 0x44, 0x79, 0x49, 0x6F, 0xD4,
    0x2F, 0x28, 0xA0, 0x69, 0xC9, 0x80, 0x16, 0xC5, 0x40, 0xD7, 0x44, 0x8E, 0x39, 0x17, 0x32, 0xCB,
    0x8B, 0x25, 0x23, 0xD2, 0x19, 0x43, 0xF8, 0x60, 0x28, 0x00, 0xFF, 0x8E, 0x64, 0xED, 0x26, 0x91,
    0x13, 0x13, 0x09, 0xF6, 0x5B, 0x72, 0xCE, 0x90, 0xCC, 0x60, 0x48, 0x09, 0x7A, 0x15, 0x0F, 0x54,
    0x22, 0x23, 0x25, 0xA6, 0x1B, 0x94, 0xF7, 0x95, 0xDC, 0x7A, 0x10, 0x55, 0xF2, 0x87, 0x86, 0xEA,
    0x5D, 0x2B, 0x5F, 0x70, 0x66, 0x6E, 0x87, 0x0C, 0xC1, 0xE5, 0x51, 0x0A, 0x61, 0x99, 0x67, 0x9E,
    0x70, 0x41, 0xBB, 0x3D, 0x09, 0xE0, 0xDE, 0x6E, 0x72, 0x4C, 0x1B, 0xFF, 0xD6, 0xB0, 0xC7, 0xE1,
    0x03, 0x1C, 0x9E, 0x61, 0xAC, 0x5A, 0x4C, 0x26, 0xE1, 0x72, 0xBF, 0xBD, 0x5B, 0x3C, 0xA8, 0x89,
    0x1E, 0x73, 0x23, 0xF3, 0x87, 0x84, 0xCB, 0x79, 0x49, 0xDF, 0x42, 0x61, 0xEA, 0xA1, 0x0E, 0xF9,
    0x7B, 0xA8, 0xC3, 0x10, 0x50, 0x0C, 0x9E, 0xB4, 0xA7, 0xBB, 0xDD, 0x10, 0x80, 0x3A, 0x28, 0xB1,
    0x8B, 0x94, 0xBD, 0x68, 0xBC, 0xAB, 0x98, 0x99, 0xC1, 0xDA, 0xA2, 0x6F, 0x96, 0x1B, 0x38, 0xBF,
    0xE9, 0x6D, 0xA7, 0x2A, 0x9D, 0x50, 0xFA, 0x66, 0x90, 0x47, 0x78, 0xCB, 0xCB, 0x68, 0xF9, 0x65,
    0x3F, 0x34, 0xD5, 0x3E, 0x17, 0x9C, 0x02, 0xFA, 0x28, 0xCB, 0xD4, 0xBC, 0xD6, 0x2C, 0x46, 0xC3,
    0x2B, 0x75, 0x58, 0x8C, 0x18, 0x88, 0x20, 0x9B, 0x6E, 0xED, 0x89, 0xE9, 0x7B, 0x42, 0xFC, 0x3F,
    0xC6, 0x74, 0xD8, 0x2E, 0xBB, 0x09, 0xBB, 0x02, 0x70, 0x95, 0x00, 0x45, 0xCB, 0x65, 0x0B, 0xC4,
    0x38, 0xAF, 0xD4, 0xCC, 0xC5, 0x92, 0x33, 0x15, 0x6E, 0x8C, 0xC1, 0xFA, 0xB5, 0xDA, 0x6A, 0xFA,
    0xE7, 0x9C, 0x9D, 0xB2, 0x14, 0xA6, 0xAC, 0xB9, 0xAD, 0xAA, 0x9E, 0x8A, 0xAC, 0x89, 0x73, 0x57,
    0x14, 0xB1, 0xF8, 0xA2, 0xFE, 0xDD, 0x29, 0xAD, 0x3D, 0x37, 0x6F, 0xB0, 0x85, 0x8B, 0x51, 0x7E,
    0x04, 0xEB, 0x12, 0x9A, 0x7B, 0x68, 0xC9, 0x21, 0x04, 0x22, 0xCD, 0x98, 0x49, 0xAC, 0x21, 0x26,
    0xE6, 0xF1, 0x99, 0x01, 0xBA, 0xB7, 0x6E, 0xFB, 0x63, 0xA6, 0xFE, 0x2A, 0x5B, 0x7A, 0x1E, 0x4D,
    0x4B, 0x65, 0x48, 0x22, 0x91, 0x38, 0xE2, 0xC7, 0x38, 0x43, 0xB0, 0x62, 0x75, 0xE8, 0x5B, 0x04,
    0xAF, 0x30, 0x6F, 0x39, 0x48, 0x91, 0x4B, 0x22, 0xFC, 0xA0, 0x88, 0x8B, 0x6D, 0xE6, 0xD5, 0x8F,
    0xAB, 0xF5, 0xDA, 0x0E, 0x30, 0x7C, 0x02, 0xD0, 0x35, 0xFB, 0xAF, 0x22, 0x12, 0x4C, 0x6F, 0xA3,
    0x0A, 0xB3, 0x26, 0x2A, 0x22, 0xD5, 0xC8, 0xF9, 0x04, 0xD3, 0x9D, 0xAF, 0x24, 0x37, 0x2D, 0xE8,
    0xFD, 0x61, 0xAA, 0x59, 0x7B, 0xEE, 0xE4, 0x52, 0x52, 0x2C, 0x45, 0x1B, 0x27, 0x19, 0xC6, 0xA4,
    0x8C, 0x41, 0x92, 0x4F, 0xD2, 0xFE, 0xEF, 0x85, 0xFC, 0x6B, 0x4C, 0x47, 0xBF, 0xB4, 0xA9, 0xAA,
    0x22, 0x09, 0x84, 0x92, 0x61, 0x7D, 0xFF, 0x55, 0x04, 0x59, 0x3C, 0x4C, 0x58, 0xA1, 0x27, 0x52,
    0x45, 0xEC, 0x7E, 0xA6, 0x32, 0x8B, 0xBE, 0xFC, 0x33, 0x10, 0xA1, 0x33, 0xB9, 0xF5, 0xF5, 0x28,
    0xFC, 0x55, 0xB9, 0x3B, 0x63, 0xEA, 0xE3, 0xB2, 0x1F, 0x05, 0x97, 0xCB, 0xCE, 0x37, 0xCD, 0x92,
    0x0E, 0xC5, 0x7F, 0x9E, 0x44, 0x55, 0x9E, 0x30, 0x41, 0x0E, 0x79, 0x9F, 0xE7, 0x45, 0xB4, 0xB8,
    0xC6, 0x52, 0x8C, 0xB5, 0xA0, 0xBA, 0x25, 0x95, 0x64, 0xCD, 0x8B, 0x4E, 0x9B, 0x47, 0xA9, 0x94,
    0x5F, 0xF1, 0x30, 0x1A, 0xFA, 0x79, 0x92, 0x07, 0xF9, 0x93, 0x12, 0xA6, 0x78, 0xE8, 0x5F, 0x19,
    0xB1, 0xEA, 0x1E, 0x74, 0x47, 0xAC, 0x3D, 0xBB, 0xFE, 0x88, 0x7E, 0x5B, 0xC9, 0x16, 0x62, 0xCD,
    0x92, 0x88, 0xB5, 0x5C, 0x4E, 0x56, 0x79, 0x6E, 0x38, 0xF8, 0xEE, 0x70, 0x68, 0x23, 0x8A, 0xC0,
    0xBF, 0x3C, 0x46, 0x7C, 0xD3, 0xA6, 0xC1, 0x93, 0x44, 0x96, 0x4F, 0x44, 0xC6, 0x4A, 0x51, 0x1F,
    0x63, 0x7C, 0xEF, 0x74, 0xD0, 0xAE, 0x25, 0xAC, 0x4B, 0x19, 0xEA, 0xCA, 0xBD, 0x16, 0x07, 0x59,
    0xC8, 0x30, 0xCA, 0x4F, 0x7D, 0x3A, 0x66, 0x68, 0x7A, 0x8C, 0x5D, 0x17, 0xF7, 0xED, 0xDA, 0x8E,
    0xBE, 0xE3, 0x13, 0x93, 0xB4, 0xD7, 0x97, 0xB4, 0xD7, 0x1B, 0xFC, 0x8E, 0x86, 0x5B, 0x1C, 0xC1,
    0xE9, 0x47, 0x1B, 0xAE, 0xD9, 0x42, 0xF7, 0xF3, 0x6F, 0x19, 0xFC, 0xE4, 0x56, 0x48, 0xEE, 0xEC,
    0x5D, 0x2B, 0x07, 0x17, 0xF2, 0xEE, 0xCF, 0xBF, 0x2F, 0x97, 0x6C, 0x23, 0x24, 0xDF, 0xA3, 0xE0,
    0xDC, 0x76, 0xB6, 0x56, 0x36, 0xE2, 0x94, 0xE8, 0xC7, 0xCA, 0x6B, 0x78, 0x48, 0xBF, 0xAA, 0xAE,
    0x5F, 0x2D, 0xBB, 0xB9, 0xCF, 0xD3, 0x02, 0x5B, 0x9D, 0x76, 0xD1, 0xDB, 0x45, 0xEE, 0xDD, 0x87,
    0x84, 0x0B, 0xCD, 0xA5, 0xD4, 0x9E, 0x1D, 0x7B, 0x8F, 0x04, 0x14, 0x96, 0x17, 0xC3, 0x90, 0xCB,
    0x07, 0x26, 0xBE, 0x9E, 0x27, 0x95, 0x2E, 0x23, 0xC6, 0xB7, 0x36, 0xA3, 0x5D, 0x47, 0xFE, 0xCC,
    0x3A, 0x40, 0x90, 0x59, 0xA6, 0x21, 0x30, 0x66, 0x7C, 0x44, 0x7E, 0x89, 0xF5, 0x4C, 0x45, 0xA5,
    0x48, 0x26, 0x26, 0xDB, 0xA2, 0xA1, 0x86, 0x11, 0xE3, 0xD3, 0x79, 0x9D, 0x26, 0xA0, 0x42, 0x57,
    0x19, 0x28, 0xB3, 0x0F, 0xCF, 0x18, 0x75, 0x6D, 0xFB, 0x4A, 0xEA, 0xFF, 0xF5, 0xE5, 0xEB, 0xC0,
    0x5D, 0x6F, 0x47, 0x9C, 0x72, 0x24, 0x70, 0xDA, 0x97, 0x85, 0x4D, 0x01, 0xBB, 0x05, 0x66, 0x01,
    0x83, 0xB4, 0xF6, 0x33, 0xB1, 0xB2, 0xA8, 0xE1, 0x92, 0x12, 0x09, 0x0D, 0x49, 0x8A, 0x69, 0xF7,
    0x3F, 0x19, 0x96, 0x19, 0xF2, 0xB1, 0x1E, 0xD6, 0xD4, 0x3C, 0x49, 0x8A, 0xE9, 0x74, 0x52, 0x8B,
    0xF4, 0x59, 0xE6, 0x56, 0x33, 0xF4, 0x67, 0x92, 0xC4, 0x30, 0xA6, 0x7F, 0x4B, 0x28, 0x59, 0x73,
    0xCB, 0xA4, 0xAE, 0x95, 0x1A, 0x59, 0xFE, 0xCC, 0x68, 0x38, 0xEA, 0xE4, 0xEF, 0xA7, 0xA9, 0x37,
    0x25, 0x13, 0x9C, 0x94, 0x68, 0x5D, 0x7B, 0x03, 0xFD, 0x8D, 0x68, 0xBF, 0xA4, 0x2A, 0x22, 0x1F,
    0x49, 0x90, 0x74, 0xFA, 0xC3, 0x62, 0xBA, 0xE3, 0xDD, 0x24, 0x56, 0xCE, 0x51, 0x0E, 0x4B, 0x93,
    0xF1, 0x5A, 0xC2, 0x92, 0x84, 0xEF, 0x0E, 0x9A, 0x4C, 0x9C, 0x18, 0x07, 0x7B, 0xF7, 0x47, 0x6A,
    0x48, 0x85, 0x44, 0x3C, 0x69, 0xBA, 0x28, 0xF9, 0xB6, 0xDD, 0xFB, 0x91, 0xFF, 0x42, 0x54, 0xF6,
    0xB0, 0xF9, 0xD3, 0xA8, 0xBB, 0x28, 0xBF, 0xE5, 0x12, 0x59, 0x68, 0xD6, 0xE5, 0xDF, 0x82, 0xBC,
    0xF1, 0x59, 0xF1, 0x47, 0x17, 0xE9, 0xFF, 0x0B, 0xBD, 0x58, 0xCF, 0x6B, 0x1C, 0xD7, 0x1D, 0xFF,
    0xCE, 0x3C, 0x65, 0xC7, 0xD2, 0xAC, 0xF6, 0xE9, 0xD0, 0x82, 0x63, 0xAD, 0xBC, 0x86, 0xFA, 0x20,
    0xC2, 0x46, 0x23, 0x1A, 0x41, 0x75, 0xD8, 0xD9, 0x19, 0x39, 0x07, 0x1F, 0x02, 0x35, 0x85, 0xF6,
    0x14, 0x4A, 0x5D, 0x1A, 0x4A, 0xDB, 0x43, 0xAD, 0x83, 0x0E, 0x2E, 0xAC, 0xD9, 0xB1, 0x55, 0x28,
    0x6D, 0x28, 0x6C, 0xFF, 0x03, 0x95, 0xF6, 0x90, 0xE4, 0x12, 0x51, 0x0C, 0x5D, 0xB0, 0xE4, 0x7D,
    0xB5, 0x0E, 0xA1, 0xF8, 0xD0, 0x97, 0x04, 0x5A, 0x7A, 0xCA, 0xA4, 0x71, 0xC8, 0xA1, 0x04, 0x4F,
    0xE9, 0xD0, 0x4C, 0xEA, 0xD9, 0x7D, 0xFD, 0x7C, 0xDF, 0xEE, 0x4A, 0x4A, 0xEC, 0xC4, 0x4E, 0x8A,
    0x3D, 0xD2, 0xBC, 0xD9, 0x79, 0xF3, 0xBE, 0xBF, 0xDE, 0xFB, 0x7E, 0xBF, 0x9F, 0xEF, 0x7B, 0x37,
    0xEE, 0x25, 0xB4, 0x5D, 0x5D, 0x7D, 0xFB, 0x9B, 0x3F, 0xFB, 0xE8, 0x9D, 0x2B, 0x1F, 0x29, 0x22,
    0x45, 0x27, 0x49, 0xC4, 0x8B, 0x85, 0xBC, 0xF0, 0xB6, 0x2A, 0x2F, 0x57, 0xFD, 0x8D, 0x24, 0x5F,
    0x93, 0xDB, 0x54, 0x5E, 0xF4, 0xFF, 0x4E, 0x91, 0xFA, 0x96, 0x29, 0xC4, 0x90, 0x56, 0xA9, 0x42,
    0xD4, 0x23, 0x1A, 0xF4, 0x9C, 0xFC, 0x34, 0x65, 0xA4, 0xFB, 0x54, 0x0F, 0x49, 0xC8, 0x84, 0x9E,
    0xCF, 0x88, 0x6E, 0x12, 0x49, 0x45, 0x91, 0x29, 0x29, 0x8A, 0x49, 0x68, 0xC2, 0x00, 0x5A, 0x27,
    0x6A, 0xD2, 0x89, 0x79, 0x9A, 0xAF, 0x91, 0xFF, 0x82, 0x31, 0x07, 0xC6, 0xA0, 0x13, 0xD7, 0xE9,
    0xD1, 0x5B, 0x6F, 0xA6, 0xBA, 0xBE, 0x2A, 0xAA, 0x74, 0x4B, 0xBD, 0x7B, 0xF7, 0xC3, 0x05, 0x87,
    0x7E, 0xF2, 0x0A, 0xBD, 0x76, 0x75, 0x44, 0xEE, 0x1D, 0x37, 0x03, 0x99, 0xAF, 0x6A, 0x44, 0x81,
    0x0B, 0xC5, 0xF6, 0x36, 0x89, 0xDC, 0x12, 0x2F, 0xC6, 0xE0, 0xAD, 0x00, 0xB1, 0x8C, 0xD1, 0xE4,
    0x0F, 0xEA, 0x39, 0xF6, 0x23, 0x21, 0xF2, 0x4D, 0x4C, 0x86, 0x2F, 0xC8, 0x1C, 0x3F, 0x9D, 0x41,
    0x2A, 0xCF, 0x95, 0xCF, 0xD2, 0x5E, 0x8B, 0x28, 0x24, 0x6A, 0x24, 0xE4, 0x8F, 0xC8, 0x33, 0x59,
    0xE8, 0x0D, 0xFB, 0xD4, 0xCD, 0x29, 0x28, 0x28, 0x18, 0x52, 0xD8, 0xD5, 0xB9, 0x34, 0x89, 0x33,
    0x50, 0xE4, 0xA5, 0xE4, 0x80, 0x3A, 0x6B, 0x51, 0x1A, 0xB9, 0xAA, 0x31, 0x62, 0xDD, 0x77, 0x9B,
    0x79, 0xB8, 0xDB, 0x24, 0xD7, 0x60, 0x26, 0x56, 0xE2, 0x9F, 0x92, 0x93, 0x92, 0x50, 0x02, 0x82,
    0x77, 0x6B, 0x74, 0x29, 0x5F, 0xAF, 0x0B, 0xBD, 0x55, 0x3D, 0x2B, 0xE3, 0xE5, 0xD9, 0xD5, 0x80,
    0x4E, 0x78, 0xAB, 0x6D, 0x22, 0xB1, 0x1A, 0x72, 0x63, 0x7F, 0x05, 0x34, 0xE3, 0xE1, 0xEB, 0xC9,
    0xB9, 0xBA, 0x97, 0xAE, 0x55, 0xE7, 0x69, 0x90, 0x2D, 0x7B, 0xA0, 0xDD, 0x74, 0x34, 0xB9, 0x9A,
    0xAE, 0x50, 0x83, 0xA8, 0x62, 0xEE, 0xD8, 0x49, 0xA2, 0xC5, 0xDC, 0x3F, 0xAF, 0x76, 0x5A, 0xE4,
    0xA9, 0xC5, 0x3D, 0x7F, 0x5B, 0x65, 0x2D, 0x79, 0x5E, 0x47, 0xDF, 0x4B, 0xF8, 0x93, 0xC4, 0x34,
    0xE3, 0x5A, 0x98, 0xA1, 0x9D, 0xBA, 0xAB, 0xB6, 0xFC, 0x73, 0xD9, 0x8A, 0xAF, 0xF6, 0x82, 0xA4,
    0x8C, 0x92, 0xB6, 0xAF, 0xA4, 0x9B, 0x0A, 0x75, 0x9D, 0x74, 0x13, 0x03, 0x06, 0x30, 0xDF, 0x23,
    0xAC, 0x9D, 0xE0, 0xC6, 0xC5, 0x34, 0x38, 0x26, 0x96, 0x1B, 0xD9, 0x1A, 0xD5, 0x7F, 0x30, 0x9C,
    0xD5, 0xB7, 0x3D, 0xF5, 0x86, 0x50, 0x43, 0xA1, 0x6E, 0x8B, 0xDF, 0xBD, 0xF7, 0x67, 0x74, 0xD6,
    0x68, 0xD7, 0x35, 0x2C, 0x83, 0x25, 0xF8, 0xE9, 0x7A, 0xB3, 0x57, 0x51, 0xB0, 0x4F, 0x7B, 0x5B,
    0x4B, 0x0D, 0x9E, 0x59, 0x45, 0xD5, 0x69, 0x23, 0xC1, 0xEB, 0xE8, 0x35, 0xC6, 0xAB, 0x9F, 0x46,
    0xE5, 0xC5, 0x4E, 0xDC, 0xA2, 0x2D, 0x4A, 0xDD, 0x78, 0xB6, 0xD2, 0x18, 0x76, 0x87, 0xE0, 0x92,
    0x9F, 0xED, 0x2C, 0xB4, 0x68, 0xC7, 0xC3, 0xF4, 0x92, 0xA4, 0xDA, 0x56, 0x33, 0xD2, 0x6E, 0xEF,
    0x8A, 0xDC, 0xD0, 0x6B, 0x94, 0x0B, 0xFD, 0xC0, 0xFF, 0x42, 0xE8, 0xD2, 0xD7, 0xE6, 0xDE, 0x7F,
    0xEF, 0xEA, 0x22, 0x25, 0x4A, 0xAD, 0x3B, 0x8D, 0xFF, 0xA1, 0xC5, 0x1D, 0x9E, 0x25, 0x93, 0x76,
    0x4D, 0x5D, 0x98, 0x72, 0x35, 0x30, 0x99, 0x1A, 0x98, 0x03, 0xD8, 0x56, 0xF5, 0xF0, 0xEA, 0xE3,
    0xB5, 0x62, 0x0E, 0x30, 0xDB, 0xD0, 0xAA, 0xBA, 0x0A, 0xB3, 0xE1, 0x26, 0x0F, 0x7D, 0x75, 0x67,
    0xE8, 0x06, 0x82, 0x82, 0xAA, 0x22, 0xDE, 0x95, 0xDA, 0xA7, 0xE7, 0x7E, 0x19, 0xC4, 0xAE, 0x1A,
    0x50, 0x8B, 0x32, 0xA1, 0xE4, 0xF8, 0x71, 0x29, 0xF1, 0x0B, 0x79, 0xFE, 0x76, 0x7C, 0x43, 0xC9,
    0x4C, 0x94, 0x74, 0x2F, 0xB9, 0x9C, 0x77, 0xFC, 0xC2, 0xAE, 0x95, 0x31, 0xF1, 0x02, 0xD6, 0x82,
    0xD6, 0x25, 0x9D, 0x16, 0xCA, 0xBF, 0x96, 0x89, 0xB4, 0x14, 0xD9, 0xD0, 0xBF, 0x95, 0x4B, 0xA1,
    0x5B, 0x3E, 0x6D, 0xD6, 0x09, 0x03, 0xB0, 0xC4, 0xE0, 0x19, 0x53, 0x9D, 0xDD, 0x2F, 0x85, 0x25,
    0x92, 0x23, 0x65, 0x13, 0x7E, 0x2B, 0x12, 0x74, 0xC1, 0x2D, 0x73, 0xF8, 0xBC, 0xD0, 0x4B, 0x32,
    0xBE, 0xA4, 0xB3, 0x2B, 0x98, 0x3A, 0x17, 0xD6, 0x6E, 0x3D, 0xA7, 0x49, 0x5C, 0xBB, 0x10, 0x53,
    0xF3, 0x64, 0x7B, 0xC1, 0xD1, 0xC6, 0x24, 0x35, 0x26, 0xCB, 0x40, 0xE6, 0xC7, 0x34, 0x48, 0x98,
    0x6B, 0xE2, 0xE7, 0x84, 0xC5, 0x00, 0x5B, 0xCD, 0x51, 0x90, 0xF2, 0x80, 0x5D, 0x9E, 0xAB, 0x35,
    0x76, 0xF5, 0x75, 0x0E, 0x8D, 0xE6, 0x5C, 0x2C, 0xD2, 0xA5, 0x46, 0xE9, 0x8D, 0x6A, 0xD5, 0x20,
    0x26, 0xFF, 0x29, 0x0C, 0x81, 0xEF, 0x65, 0x04, 0xD9, 0xD7, 0xA1, 0x17, 0x46, 0xC1, 0x0B, 0xD7,
    0x59, 0xB1, 0xB3, 0x55, 0x74, 0x37, 0x0C, 0xBA, 0xA5, 0xF5, 0x05, 0xF6, 0x04, 0x8C, 0xF8, 0x4D,
    0x4A, 0x75, 0x07, 0xA3, 0x35, 0x2D, 0x53, 0x8D, 0xB0, 0x9C, 0x90, 0x50, 0x82, 0x85, 0x9B, 0x81,
    0xCA, 0xBF, 0xA6, 0xE2, 0xAD, 0x4E, 0x5D, 0x6E, 0x8C, 0x62, 0xBD, 0x4F, 0x54, 0xAB, 0x40, 0xF3,
    0xDD, 0xAF, 0x41, 0x84, 0x0B, 0x7D, 0xD6, 0xCE, 0xB6, 0x17, 0xDC, 0x04, 0x9A, 0xD7, 0x59, 0x31,
    0x56, 0x11, 0xF1, 0x3D, 0x48, 0x68, 0x05, 0x0C, 0xC8, 0x4D, 0xC7, 0xFE, 0x4E, 0x0B, 0x44, 0x09,
    0xB9, 0x44, 0x4B, 0xD4, 0x28, 0x9C, 0x51, 0x8F, 0xE9, 0xD8, 0xB9, 0xE0, 0xB9, 0xB3, 0x58, 0x18,
    0x27, 0x3D, 0xFD, 0xBA, 0xF6, 0x10, 0x83, 0x73, 0x1C, 0xE5, 0x9E, 0x62, 0x8A, 0x74, 0x42, 0x36,
    0xB9, 0xD6, 0xB8, 0xB9, 0xCC, 0x8D, 0x0D, 0x0F, 0xF8, 0x1E, 0xB9, 0xAF, 0xA3, 0x11, 0x98, 0x3C,
    0xF2, 0x38, 0x29, 0xD4, 0x98, 0xAE, 0x2A, 0x40, 0xD7, 0x44, 0xA2, 0x01, 0x01, 0xB4, 0xEC, 0xB2,
    0xAB, 0x67, 0xB4, 0xC7, 0xB2, 0xDA, 0x3C, 0x11, 0x01, 0x52, 0x21, 0x54, 0x44, 0xD8, 0x20, 0x96,
    0x40, 0xA8, 0x07, 0x29, 0x75, 0x31, 0xA6, 0xD2, 0x9B, 0xA4, 0x16, 0x68, 0xF8, 0x24, 0xE5, 0xBE,
    0x04, 0x56, 0x0E, 0x27, 0x1F, 0xEF, 0x65, 0xB0, 0x9A, 0xA1, 0xF8, 0xC9, 0xC8, 0x15, 0x8A, 0xB3,
    0x68, 0x0E, 0x06, 0xF3, 0x5D, 0x8E, 0x0C, 0xFF, 0x09, 0xD9, 0xEB, 0x73, 0xDE, 0x97, 0xCF, 0x6B,
    0x1A, 0xFF, 0x1A, 0x5F, 0xEB, 0xDC, 0x74, 0xA6, 0xD2, 0x88, 0x67, 0xC3, 0xBD, 0xCB, 0x22, 0x39,
    0x21, 0x7A, 0x40, 0x1E, 0x88, 0xD4, 0x9F, 0x10, 0xE9, 0x14, 0x87, 0x22, 0xF7, 0x39, 0x2C, 0x8E,
    0x89, 0x4C, 0xEE, 0x9B, 0xE2, 0x3E, 0xF3, 0xFB, 0x15, 0xF3, 0x13, 0xDC, 0x9C, 0x3F, 0xB4, 0xCD,
    0x5E, 0xAB, 0xDC, 0xF4, 0xA7, 0x7D, 0xCE, 0x91, 0xBD, 0x72, 0x6A, 0xEF, 0x3C, 0xDB, 0x5B, 0x67,
    0xD8, 0x5B, 0x3E, 0x66, 0x6F, 0xF1, 0x68, 0xEB, 0xCB, 0x3C, 0xC1, 0x68, 0x60, 0x98, 0xC0, 0x1D,
    0x59, 0xDF, 0xFE, 0x86, 0x06, 0x74, 0x52, 0x2D, 0x64, 0x62, 0xE7, 0x40, 0x73, 0x04, 0xAC, 0x87,
    0xAC, 0x88, 0x2F, 0x34, 0xAB, 0xA8, 0x43, 0xE4, 0x0D, 0x6A, 0x09, 0x63, 0xC0, 0x08, 0xEC, 0x37,
    0x39, 0x07, 0xF1, 0x97, 0x26, 0xF1, 0x30, 0x11, 0xB3, 0x2E, 0x90, 0x0E, 0x06, 0x67, 0x6C, 0xD0,
    0xCD, 0xD9, 0x14, 0x43, 0x7A, 0x97, 0x30, 0x45, 0xE1, 0x20, 0x65, 0x28, 0x18, 0xCF, 0xEE, 0x49,
    0x24, 0xD3, 0x0F, 0x81, 0x65, 0x97, 0x90, 0xB8, 0x9D, 0x14, 0x49, 0xA8, 0xF5, 0x2C, 0x5B, 0x85,
    0x2F, 0xEC, 0x6E, 0x3C, 0xA1, 0x16, 0x53, 0xDB, 0x13, 0xE7, 0x17, 0x8C, 0xE1, 0x30, 0x8A, 0x1A,
    0xF1, 0xF8, 0x85, 0x91, 0x0D, 0x70, 0x86, 0x64, 0x16, 0xF4, 0x80, 0xA9, 0x83, 0x11, 0x32, 0x02,
    0x3E, 0xD9, 0xB5, 0x1B, 0x4E, 0x43, 0x15, 0x9A, 0xCF, 0x9F, 0x45, 0x27, 0x73, 0xFA, 0x31, 0xEE,
    0x80, 0x3F, 0x70, 0x28, 0x1D, 0x3A, 0xF3, 0x32, 0x00, 0xBD, 0x14, 0xEF, 0x7F, 0xA7, 0x03, 0x65,
    0x9B, 0xB8, 0xAB, 0xB8, 0x67, 0xD9, 0xD8, 0xF1, 0xED, 0x11, 0xDB, 0x2A, 0x52, 0x8F, 0x8E, 0xFA,
    0x88, 0x6F, 0xD7, 0x1A, 0xA7, 0x69, 0x9E, 0xED, 0x62, 0x1E, 0xD6, 0x24, 0x3A, 0x35, 0x51, 0xF9,
    0xFA, 0xA7, 0x65, 0x14, 0x5F, 0x52, 0x46, 0x0D, 0xF7, 0x12, 0x64, 0xB4, 0x0E, 0x65, 0x38, 0xC8,
    0x07, 0x9C, 0xFF, 0x57, 0x90, 0xC6, 0x50, 0xC2, 0x3C, 0x16, 0x3B, 0xD6, 0x91, 0x28, 0x3B, 0xA8,
    0x0A, 0xF8, 0x39, 0xBE, 0xCE, 0xE0, 0x1B, 0xE0, 0x85, 0xA1, 0x93, 0xD6, 0x70, 0x2F, 0x8F, 0x65,
    0x54, 0x68, 0x7C, 0xCF, 0x81, 0xFF, 0x08, 0xFC, 0xE7, 0xE8, 0xA8, 0xCF, 0xF2, 0x3F, 0x81, 0x9B,
    0x3D, 0xB4, 0x05, 0xDA, 0xCB, 0xE0, 0xC1, 0x2B, 0x71, 0xF6, 0x47, 0x14, 0x11, 0x40, 0x04, 0x13,
    0xF4, 0xCC, 0xAB, 0x8B, 0xE0, 0xF8, 0xB9, 0x7F, 0x69, 0x34, 0xA4, 0xA7, 0x11, 0x84, 0x99, 0x1D,
    0xFF, 0xCA, 0x23, 0x8C, 0x2F, 0x9D, 0x9E, 0x18, 0xBA, 0x7F, 0xD5, 0xF1, 0x0C, 0xD2, 0xF6, 0x6B,
    0x1B, 0x83, 0x58, 0xB2, 0x5F, 0xE6, 0x70, 0xC4, 0xCF, 0xFC, 0xD1, 0x26, 0x93, 0xF7, 0x6B, 0x65,
    0xA3, 0x6F, 0x0D, 0x0E, 0x4A, 0x91, 0x3E, 0x4C, 0x46, 0x60, 0x46, 0x3D, 0x78, 0xE6, 0x8B, 0xCC,
    0xC4, 0x2D, 0xC0, 0xC2, 0x29, 0x78, 0x3A, 0x33, 0x04, 0xA7, 0x48, 0x43, 0x0E, 0x36, 0xAE, 0x16,
    0x23, 0x14, 0x42, 0x1D, 0xF8, 0xAF, 0x93, 0x4D, 0xBB, 0xDA, 0xB6, 0x4A, 0xC5, 0x28, 0x3F, 0x09,
    0x39, 0xB7, 0xE4, 0xE8, 0x16, 0x29, 0x70, 0x6B, 0x60, 0x3E, 0xE6, 0x08, 0x4F, 0xE1, 0xB3, 0xA2,
    0xDC, 0x41, 0xDE, 0x0F, 0x30, 0x70, 0xD6, 0x1B, 0x23, 0x21, 0x7D, 0x35, 0xA6, 0xA7, 0xBE, 0x1D,
    0xA4, 0xC8, 0x8C, 0x02, 0x4C, 0x14, 0x0A, 0x63, 0x34, 0x11, 0x37, 0x0D, 0x85, 0x06, 0x81, 0xA0,
    0x04, 0xDC, 0x5C, 0x09, 0x24, 0x0B, 0x34, 0x11, 0x37, 0x8D, 0x04, 0x8D, 0xAF, 0xD1, 0x88, 0x0C,
    0x0D, 0x0D, 0xB9, 0xE9, 0x72, 0xD3, 0xE0, 0xC6, 0x57, 0xC8, 0x09, 0x42, 0x45, 0x19, 0x47, 0x7B,
    0x10, 0x4F, 0x92, 0x8D, 0x0D, 0xA0, 0x99, 0xC9, 0xAA, 0x3B, 0x03, 0x14, 0x3D, 0x1F, 0x57, 0x60,
    0x03, 0xF2, 0x06, 0x62, 0xB3, 0xC1, 0xCA, 0x73, 0x21, 0x2B, 0x6E, 0x43, 0xAF, 0x36, 0x27, 0x0E,
    0xD4, 0xBB, 0x14, 0x40, 0x25, 0x87, 0x31, 0x3B, 0xE0, 0x9E, 0x7B, 0xE0, 0xB0, 0x82, 0xA4, 0x29,
    0x0E, 0x10, 0xC4, 0x97, 0x61, 0xA9, 0x44, 0x89, 0x09, 0x42, 0xE6, 0x63, 0x19, 0x72, 0x0D, 0x3C,
    0xC6, 0x5F, 0x4E, 0xE9, 0xCE, 0x63, 0x95, 0x65, 0x43, 0xBF, 0x0B, 0x4E, 0x35, 0x9F, 0xF3, 0xDD,
    0x57, 0x1E, 0xA7, 0x2C, 0xFF, 0x2A, 0x86, 0x8E, 0x90, 0x6F, 0x4E, 0x0E, 0x30, 0xFC, 0x5C, 0xFA,
    0x38, 0x65, 0xD5, 0x04, 0x3B, 0x55, 0x67, 0xFC, 0xE3, 0xF0, 0x7A, 0x4C, 0xEB, 0xE5, 0x51, 0xB3,
    0xE9, 0xD3, 0x1F, 0x14, 0x40, 0x26, 0x20, 0xBF, 0xE9, 0xAA, 0xDD, 0x4D, 0xEB, 0x26, 0x8B, 0xA3,
    0x78, 0x47, 0xDC, 0x59, 0x7C, 0x87, 0xC5, 0xA1, 0x52, 0xC5, 0x56, 0x2C, 0x64, 0x07, 0x43, 0xED,
    0x7F, 0xE1, 0x85, 0x84, 0xD6, 0xDB, 0x6D, 0x54, 0x79, 0x7B, 0x39, 0xB5, 0xDC, 0x7F, 0x6B, 0x57,
    0x79, 0x7F, 0x41, 0x1D, 0x16, 0xB4, 0x51, 0xED, 0xED, 0xED, 0xCD, 0x93, 0xFB, 0x6E, 0x86, 0xDC,
    0x2D, 0x80, 0xA8, 0x1D, 0x64, 0x73, 0x14, 0xBB, 0x1A, 0x71, 0xF4, 0xC7, 0x3B, 0x8B, 0xCA, 0xDB,
    0xB0, 0x22, 0xD9, 0xCB, 0x89, 0x2B, 0xB5, 0x89, 0x47, 0x1E, 0xD6, 0x3D, 0x73, 0xAF, 0xC5, 0xD8,
    0xB3, 0xA1, 0x9C, 0x5D, 0xE4, 0x52, 0x0D, 0x6E, 0xAE, 0x39, 0xCD, 0x63, 0x74, 0x95, 0x81, 0x46,
    0xD0, 0xC3, 0x3A, 0x0B, 0xEE, 0x6C, 0xB3, 0x4D, 0x40, 0x08, 0x37, 0xC1, 0x3B, 0x2A, 0xD8, 0x86,
    0x86, 0x3B, 0x3A, 0x28, 0xEE, 0xD1, 0x3F, 0xAE, 0x3D, 0xCB, 0x43, 0xF0, 0xB5, 0x35, 0xC0, 0xCC,
    0x13, 0x95, 0x1E, 0x70, 0x63, 0x37, 0x3E, 0x35, 0xA4, 0x49, 0x08, 0x5F, 0x78, 0x82, 0xD2, 0xB1,
    0xBA, 0x8C, 0xBD, 0xA0, 0xA5, 0xE6, 0x51, 0xF1, 0x65, 0xB7, 0x7F, 0xB1, 0x6B, 0x94, 0x25, 0xFF,
    0xFF, 0xA5, 0x8B, 0x23, 0xE9, 0xFA, 0x13, 0xB6, 0x3B, 0x3B, 0xEC, 0x70, 0x5C, 0x46, 0xC8, 0xE3,
    0x13, 0xFF, 0xCC, 0xAB, 0x74, 0xEA, 0x95, 0x46, 0x41, 0xDE, 0x1D, 0x61, 0xF7, 0x0E, 0x25, 0xEF,
    0x2F, 0xF7, 0x69, 0x9E, 0x90, 0xEA, 0x9A, 0x7C, 0x08, 0xB0, 0xCA, 0x54, 0xA0, 0x15, 0xFF, 0x62,
    0x77, 0x61, 0x2F, 0xA7, 0x2E, 0x13, 0x86, 0x9F, 0xDB, 0x30, 0x56, 0xBB, 0x46, 0x33, 0x7B, 0xA4,
    0x56, 0x1A, 0xA3, 0x16, 0x74, 0x01, 0x9A, 0xC5, 0xE2, 0xFD, 0x17, 0x33, 0xBC, 0x97, 0xB8, 0x19,
    0x55, 0xC3, 0xC9, 0xDD, 0xC2, 0xDD, 0x17, 0xDA, 0xCD, 0xEC, 0x98, 0x94, 0xA6, 0x48, 0x67, 0xE9,
    0x22, 0x5B, 0xA5, 0x41, 0xFA, 0x0A, 0x32, 0xF2, 0x75, 0x27, 0x07, 0x6A, 0xE5, 0x98, 0x5E, 0xF0,
    0x71, 0x81, 0x1B, 0x3E, 0xC0, 0x26, 0xA4, 0x40, 0xF7, 0xA1, 0x6A, 0x01, 0x1A, 0x54, 0xBB, 0x7A,
    0x90, 0x08, 0x1D, 0x30, 0xA6, 0x0D, 0xC1, 0xA3, 0x8B, 0x3B, 0x10, 0x6F, 0x26, 0x88, 0x5B, 0x05,
    0x0E, 0xD9, 0x5E, 0x54, 0x74, 0xD3, 0xA1, 0xF5, 0xC6, 0xCC, 0xEE, 0x3B, 0x26, 0x95, 0x29, 0x76,
    0xD3, 0xAD, 0xC0, 0x05, 0x2F, 0xCC, 0xB4, 0xA7, 0xBD, 0xBB, 0x71, 0x3F, 0x04, 0xB8, 0x00, 0x5A,
    0x0A, 0x79, 0x2E, 0xBF, 0xE9, 0x16, 0x51, 0x4C, 0xA7, 0x62, 0x3E, 0x12, 0x41, 0x58, 0xEF, 0x1E,
    0x52, 0x51, 0x65, 0x88, 0x3A, 0x82, 0xFA, 0x32, 0x5E, 0xE0, 0x28, 0x8F, 0xC1, 0xA5, 0x71, 0x21,
    0xEE, 0xC8, 0xB8, 0xB0, 0xFF, 0x7B, 0xC1, 0xCF, 0x83, 0xED, 0x1C, 0xE5, 0x05, 0xEA, 0xDA, 0x7B,
    0x89, 0xE7, 0xC5, 0x6B, 0xDE, 0x34, 0xAB, 0xB0, 0xB4, 0x34, 0x74, 0x20, 0x4D, 0x68, 0x50, 0x5D,
    0x09, 0xBD, 0xA9, 0xB4, 0xCC, 0x4A, 0xAB, 0x09, 0xBA, 0x59, 0x15, 0xDF, 0xDD, 0xA9, 0x06, 0xC9,
    0x6A, 0xEB, 0x51, 0x89, 0x9A, 0x22, 0x41, 0x57, 0xF3, 0x58, 0xFE, 0x42, 0x15, 0x7A, 0xBA, 0x91,
    0xB4, 0x7C, 0xB5, 0x00, 0x0F, 0xF1, 0x15, 0x0D, 0x94, 0xF7, 0x37, 0x15, 0x78, 0xAA, 0x8D, 0x7F,
    0x5F, 0x05, 0x8B, 0xDA, 0x7F, 0xAB, 0xC0, 0xF2, 0xAF, 0xEF, 0x90, 0x52, 0xA8, 0x96, 0x45, 0x76,
    0x7C, 0x36, 0x0E, 0x45, 0x0D, 0xEE, 0x17, 0x55, 0x19, 0x35, 0xD2, 0xC6, 0xF9, 0x61, 0x43, 0x26,
    0x37, 0x5D, 0x1D, 0x37, 0x30, 0x2D, 0x12, 0xE5, 0xD0, 0x20, 0x03, 0x0A, 0x75, 0x70, 0xA3, 0xA6,
    0xCC, 0xFD, 0x8C, 0xA2, 0xCA, 0x4D, 0x7A, 0xD9, 0x48, 0x83, 0x0D, 0xF8, 0x20, 0x71, 0x06, 0x49,
    0xBE, 0xDF, 0x72, 0xDF, 0x48, 0x90, 0x05, 0x30, 0x5B, 0x05, 0xCF, 0xCA, 0x3E, 0xD2, 0xD2, 0x53,
    0x0D, 0x93, 0x00, 0x99, 0x7B, 0xF0, 0x65, 0xE4, 0x28, 0xC1, 0xA7, 0x10, 0xBF, 0x4D, 0xB0, 0xD8,
    0xA7, 0xD8, 0x13, 0xD9, 0xA9, 0xD6, 0x27, 0x95, 0x3B, 0xF1, 0x5E, 0x53, 0x9E, 0x57, 0x99, 0xFF,
    0x8B, 0x44, 0x46, 0xA6, 0x2C, 0xD8, 0x41, 0xA4, 0x45, 0xDA, 0x28, 0x39, 0xD3, 0x35, 0x31, 0xD0,
    0x9C, 0x83, 0xB0, 0x84, 0xA3, 0x23, 0xC5, 0x4D, 0x68, 0x02, 0xDD, 0x78, 0x61, 0x5B, 0xB5, 0xFA,
    0xEE, 0x5D, 0xAE, 0xCB, 0x25, 0x7F, 0xF6, 0x35, 0x56, 0xF2, 0xFB, 0xA6, 0xC4, 0xEC, 0x60, 0x53,
    0x06, 0xA1, 0x2B, 0x99, 0xA3, 0xD3, 0xF9, 0xE9, 0xAA, 0x3E, 0x54, 0x48, 0x4D, 0x5C, 0xCD, 0x3A,
    0x47, 0x30, 0xE1, 0x0E, 0x9D, 0xFC, 0x7A, 0x0B, 0x80, 0xF0, 0xAC, 0x31, 0x77, 0x93, 0x4F, 0x1B,
    0xF6, 0x92, 0x3D, 0x0E, 0xF2, 0x62, 0xC7, 0x72, 0xAF, 0xE8, 0xE0, 0x01, 0xC5, 0x4F, 0x30, 0x84,
    0xB5, 0x52, 0x79, 0x4A, 0xA8, 0xF1, 0x30, 0x5A, 0x8C, 0x03, 0xED, 0xDC, 0x5F, 0x57, 0x15, 0xC8,
    0x17, 0x6E, 0xCF, 0x2D, 0xC9, 0x24, 0xD9, 0xEE, 0xA6, 0xF7, 0x90, 0xA1, 0xBA, 0xDF, 0x2C, 0xC3,
    0x7E, 0x73, 0xE2, 0xAA, 0x90, 0xEC, 0xDD, 0x27, 0x3B, 0x28, 0x16, 0x68, 0xA6, 0xD1, 0x6B, 0xD2,
    0x4D, 0x6B, 0x65, 0x3B, 0xA5, 0xF4, 0x3A, 0xC5, 0x7C, 0xB0, 0xE6, 0x8C, 0x56, 0xE4, 0x39, 0x13,
    0x52, 0xB7, 0x43, 0x51, 0xC1, 0x00, 0x07, 0x68, 0x43, 0xBA, 0x58, 0xD9, 0xA3, 0x30, 0x04, 0xA8,
    0x5D, 0xCD, 0x2C, 0xF0, 0xF1, 0x29, 0x60, 0x05, 0x0B, 0xF5, 0x6B, 0xA2, 0xAF, 0x23, 0xA6, 0x2E,
    0xF6, 0x8F, 0x5C, 0xEF, 0x4F, 0x23, 0x0A, 0xDE, 0x31, 0xB1, 0x97, 0xA3, 0x36, 0x4A, 0x7D, 0x3E,
    0x7B, 0xFA, 0xCC, 0x3B, 0x28, 0xA3, 0x62, 0x2E, 0x66, 0x07, 0xE5, 0x22, 0x06, 0xF1, 0xB5, 0x3C,
    0x85, 0x5F, 0x93, 0xC0, 0xE3, 0x42, 0xEA, 0x74, 0x18, 0x6B, 0x0F, 0x95, 0x08, 0xAC, 0x12, 0x9D,
    0x89, 0x12, 0x48, 0x70, 0x58, 0x23, 0x3F, 0xA1, 0xDA, 0x17, 0x24, 0xC4, 0x60, 0x43, 0xCE, 0x3F,
    0x63, 0x71, 0x4D, 0xCD, 0xD1, 0xCE, 0xA3, 0x13, 0xBA, 0xFA, 0x8C, 0xC8, 0x2F, 0x56, 0x5A, 0xBD,
    0xD9, 0x86, 0x3A, 0x31, 0xAD, 0x27, 0x1F, 0x85, 0x10, 0x1B, 0x61, 0x6C, 0x88, 0x8F, 0x6D, 0x87,
    0x1F, 0x4D, 0xCF, 0x94, 0xCF, 0x13, 0xA7, 0xA7, 0x2B, 0x34, 0x3D, 0x7D, 0xAD, 0xF1, 0xA1, 0x26,
    0x4C, 0xEE, 0xFE, 0x43, 0x85, 0x3E, 0xEA, 0xDF, 0xC8, 0xC9, 0xBC, 0xA2, 0xED, 0xDC, 0x3E, 0xD0,
    0x9B, 0x7B, 0xED, 0x79, 0xEF, 0xE0, 0x3D, 0xE4, 0x9F, 0x54, 0xC6, 0xA5, 0x93, 0xC9, 0xB4, 0x23,
    0x5E, 0x1E, 0xDA, 0x73, 0x8F, 0xAE, 0xDD, 0x4D, 0x72, 0xBE, 0xE7, 0xC3, 0xBE, 0x09, 0x0C, 0x15,
    0x01, 0x02, 0x36, 0xE4, 0x9D, 0x88, 0xBC, 0xEF, 0x81, 0x1A, 0x5C, 0xAA, 0x7D, 0xEA, 0xDE, 0x2B,
    0xDC, 0x21, 0x27, 0xF8, 0xDF, 0xDB, 0x3D, 0x1F, 0xA2, 0x94, 0x97, 0xE9, 0x4B, 0xB1, 0x78, 0x7A,
    0xBC, 0xDD, 0xBC, 0x91, 0xD0, 0xD2, 0x12, 0x36, 0xB8, 0x9B, 0x5F, 0x9C, 0x85, 0x7B, 0x0B, 0x5B,
    0xAB, 0xC8, 0x3E, 0x8E, 0x2E, 0xB3, 0x3D, 0x72, 0x72, 0xEF, 0x01, 0xB4, 0xFC, 0xC0, 0xCE, 0xA0,
    0xF4, 0xB5, 0x6F, 0xBA, 0x49, 0xB0, 0xDD, 0xB3, 0x2A, 0x30, 0x20, 0xE6, 0xF6, 0x04, 0x48, 0x4C,
    0xB7, 0x95, 0xC2, 0x6C, 0x8C, 0xE0, 0xA7, 0x20, 0xD9, 0x74, 0xB1, 0xEF, 0x92, 0xC8, 0x07, 0xFD,
    0x3A, 0x79, 0xB7, 0x62, 0x6A, 0xAF, 0x92, 0xF3, 0x1F, 0xA8, 0xA8, 0xED, 0x8E, 0x99, 0x27, 0x8F,
    0xC1, 0x91, 0xEC, 0x31, 0x3A, 0xE6, 0xE0, 0x87, 0x09, 0xC9, 0xCC, 0x7E, 0x42, 0x2D, 0x66, 0x91,
    0x72, 0x7F, 0xBC, 0xD9, 0x66, 0x10, 0x63, 0xBC, 0x0E, 0x27, 0xAF, 0x1F, 0x8C, 0xC0, 0xA3, 0x8B,
    0xD7, 0x08, 0xAF, 0x0C, 0x81, 0xB9, 0xB4, 0x00, 0x26, 0xE3, 0x9C, 0x51, 0xD0, 0x49, 0xA5, 0x92,
    0x14, 0x5D, 0xCD, 0xC9, 0x0C, 0xEF, 0xA3, 0xD5, 0x76, 0xDB, 0xCE, 0xD0, 0xCA, 0x87, 0xD7, 0xF6,
    0x60, 0x65, 0xB7, 0x79, 0xCC, 0xFE, 0x28, 0x93, 0x7A, 0x8F, 0x56, 0x79, 0xA7, 0xB8, 0x42, 0xDA,
    0xC9, 0xAA, 0x24, 0x51, 0x3D, 0x77, 0xD6, 0x48, 0xBC, 0x8D, 0x25, 0xDB, 0xB1, 0x90, 0x87, 0x00,
    0xE3, 0x1D, 0x02, 0x1F, 0x3C, 0x5C, 0xB4, 0xA7, 0x71, 0x30, 0xB1, 0xB2, 0xC5, 0x51, 0x60, 0x3F,
    0xFD, 0x0F, 0xBD, 0x5A, 0x4D, 0x6C, 0xDD, 0x56, 0x76, 0x3E, 0xE4, 0xB5, 0x45, 0xCB, 0x94, 0x44,
    0x2F, 0xA6, 0x13, 0x37, 0x92, 0x4D, 0xB7, 0xC8, 0xC2, 0x4D, 0x65, 0x51, 0x28, 0xB4, 0xD0, 0x42,
    0xEF, 0x91, 0x89, 0x17, 0x6E, 0x3B, 0x2D, 0xEC, 0x01, 0xC6, 0xD3, 0xC5, 0x2C, 0xE2, 0x02, 0x5D,
    0x05, 0x4D, 0xA4, 0x85, 0x16, 0x5E, 0x48, 0x7E, 0xD4, 0xB8, 0xC0, 0x2C, 0xAB, 0x2C, 0x02, 0x14,
    0x05, 0x0A, 0x68, 0x31, 0x40, 0x5D, 0x6F, 0xEA, 0x85, 0x8A, 0xAA, 0x80, 0xE4, 0xC7, 0x58, 0x40,
    0x83, 0x36, 0x8B, 0xD0, 0x76, 0xDB, 0xD9, 0x14, 0x08, 0xD3, 0x38, 0x93, 0x45, 0xD1, 0x9A, 0x41,
    0x88, 0x9A, 0x6E, 0xDE, 0xD3, 0xED, 0xF7, 0x5D, 0xF2, 0x3D, 0xFD, 0xD9, 0x92, 0xE5, 0x89, 0x2B,
    0x9B, 0xF7, 0x3D, 0x5E, 0x92, 0xE7, 0x7E, 0xF7, 0xDC, 0xF3, 0xF3, 0xDD, 0xC3, 0x27, 0x9E, 0x4E,
    0x64, 0xDF, 0xDF, 0x24, 0x9B, 0x35, 0x36, 0x1D, 0x1C, 0x56, 0x17, 0x8D, 0xFD, 0xB7, 0x68, 0x94,
    0x1F, 0x89, 0x38, 0x5E, 0x2C, 0x32, 0xEC, 0xE0, 0xB1, 0x31, 0x95, 0x89, 0x9C, 0xB7, 0x73, 0x91,
    0x29, 0xAB, 0x10, 0x69, 0xE9, 0x52, 0x24, 0x97, 0x75, 0x91, 0x44, 0x9A, 0x62, 0x27, 0x12, 0x88,
    0x8A, 0xC4, 0x8B, 0x1C, 0x11, 0x37, 0xF1, 0xF0, 0x60, 0xDA, 0x4E, 0xA5, 0xD5, 0x09, 0xF5, 0xCE,
    0xA1, 0x46, 0x0B, 0x75, 0x2F, 0x9F, 0x50, 0xE9, 0x29, 0x2F, 0x92, 0x06, 0xCE, 0x9C, 0x87, 0xE9,
    0x82, 0x77, 0x31, 0x6B, 0x78, 0x71, 0x11, 0xB8, 0x59, 0x70, 0xB3, 0x90, 0x63, 0x82, 0x41, 0x47,
    0x2C, 0x8C, 0xE7, 0x68, 0x7C, 0xB3, 0xFE, 0xA1, 0xFF, 0xEC, 0x14, 0x9B, 0xEB, 0x3D, 0x98, 0xB2,
    0x0D, 0xF3, 0x72, 0x0F, 0xE6, 0x08, 0x61, 0x0E, 0x11, 0xE6, 0xB8, 0x81, 0x29, 0x06, 0x66, 0xE7,
    0x30, 0x98, 0x19, 0x60, 0x4E, 0x2A, 0x49, 0x86, 0xEC, 0x24, 0x53, 0x5A, 0x9C, 0xA2, 0x1A, 0xCF,
    0xD2, 0xD1, 0x4C, 0x60, 0xA7, 0x0D, 0x81, 0x18, 0x27, 0x75, 0x1E, 0x47, 0x6B, 0x0D, 0x37, 0x29,
    0x9A, 0x2A, 0x2D, 0xBD, 0xB7, 0x8B, 0xBB, 0x76, 0x19, 0x46, 0x07, 0xA8, 0x0E, 0xF3, 0x13, 0xD7,
    0x4B, 0x76, 0xA9, 0xCE, 0xEA, 0x61, 0x6A, 0x13, 0x53, 0x26, 0x8B, 0x82, 0x69, 0x86, 0x62, 0xC7,
    0xE2, 0x1B, 0x4C, 0xB1, 0x0B, 0x38, 0x09, 0x94, 0x3E, 0xFA, 0x48, 0xE7, 0xD2, 0xA6, 0x30, 0x45,
    0xD1, 0x23, 0x6C, 0xC6, 0xD8, 0xCC, 0xF4, 0x9B, 0xC6, 0x1B, 0x68, 0xBC, 0x74, 0xA0, 0x2B, 0x17,
    0x02, 0x59, 0xF0, 0x22, 0x2A, 0xD4, 0x8B, 0x00, 0xD9, 0xBF, 0x1C, 0xAD, 0x7B, 0x51, 0x69, 0xFE,
    0xAF, 0x07, 0x7F, 0x16, 0xDC, 0xC4, 0x2A, 0xCD, 0x71, 0x20, 0x15, 0x0B, 0xE4, 0x63, 0xC6, 0xDE,
    0xEF, 0x0A, 0xE1, 0x78, 0x29, 0x47, 0x13, 0xAA, 0x44, 0xA8, 0x73, 0x33, 0xE5, 0xB6, 0x8E, 0xDD,
    0xF4, 0xB5, 0x1C, 0xC2, 0x66, 0xA8, 0x1B, 0x17, 0xFD, 0x0F, 0x71, 0xFD, 0xFB, 0xB8, 0x5F, 0x4A,
    0x0E, 0xCB, 0x51, 0xA1, 0x69, 0x0A, 0x30, 0x53, 0x0E, 0x84, 0x2A, 0xAC, 0x4E, 0x06, 0x71, 0x45,
    0x45, 0x1D, 0x48, 0x74, 0x1F, 0x0D, 0xE4, 0x32, 0xAA, 0x97, 0x79, 0xA9, 0x04, 0x7E, 0x8C, 0x31,
    0x59, 0x1B, 0x40, 0xE9, 0x5D, 0x82, 0xC4, 0xEB, 0x02, 0xD1, 0x05, 0x45, 0x75, 0xC4, 0x4D, 0x25,
    0x8C, 0x3E, 0xD0, 0xA5, 0x8D, 0x09, 0x5B, 0x1C, 0x44, 0x63, 0x80, 0x7C, 0x5E, 0xE4, 0x94, 0xB5,
    0x03, 0xD5, 0xF2, 0x68, 0x06, 0x44, 0x44, 0xE5, 0x12, 0xD5, 0x26, 0x50, 0xFD, 0xE6, 0x0B, 0xA1,
    0x1A, 0xC2, 0x15, 0x07, 0x72, 0x55, 0x85, 0xEA, 0xB7, 0x81, 0xEA, 0x4F, 0xC4, 0x4B, 0xEC, 0xFF,
    0x96, 0xF9, 0xF9, 0x61, 0x2B, 0xE9, 0xA1, 0xFA, 0xC1, 0xC3, 0xE4, 0xFC, 0x3E, 0x54, 0x3F, 0xAC,
    0x50, 0x99, 0x15, 0x0E, 0x71, 0xB8, 0xF1, 0xB6, 0x29, 0xD7, 0xA8, 0xF2, 0xBD, 0xA8, 0x8E, 0xA0,
    0x2B, 0x6B, 0x97, 0xAE, 0xD6, 0x80, 0xAA, 0xB2, 0xA5, 0x4A, 0x7C, 0x5C, 0x6C, 0xCC, 0xD8, 0x3F,
    0x8B, 0x65, 0x15, 0x0B, 0x0B, 0x81, 0xB8, 0xB8, 0x21, 0xAA, 0x38, 0xEE, 0xEB, 0x38, 0x48, 0xE5,
    0x0C, 0xAC, 0xC6, 0xFA, 0x0A, 0xC3, 0x05, 0x38, 0xAC, 0xE5, 0x57, 0xA3, 0xA8, 0x61, 0x49, 0xE6,
    0xA7, 0xD4, 0x67, 0xE2, 0xA7, 0x95, 0xCB, 0x1D, 0xBA, 0x7C, 0xC7, 0xE5, 0x14, 0x06, 0x78, 0x87,
    0xA3, 0xC0, 0xD6, 0xE5, 0xE4, 0x0E, 0xCF, 0xB7, 0xB5, 0x7E, 0x2A, 0xF2, 0xF4, 0xC7, 0x3A, 0x56,
    0x29, 0x40, 0x63, 0x4A, 0x7E, 0xDC, 0x20, 0x00, 0xF8, 0x03, 0x7C, 0x0A, 0x08, 0xD0, 0x65, 0xE7,
    0x0D, 0x1A, 0x25, 0xBA, 0x7C, 0x76, 0xC1, 0x90, 0x01, 0xB5, 0x41, 0xAB, 0x45, 0xD7, 0x1A, 0xBA,
    0x1C, 0x3E, 0xB8, 0x0E, 0x47, 0x9E, 0x8D, 0x5C, 0xAD, 0x39, 0xED, 0x41, 0x1C, 0xB3, 0x97, 0x52,
    0xF1, 0xEE, 0x63, 0xC4, 0x62, 0x15, 0x73, 0x1C, 0xC7, 0xFD, 0x7F, 0x88, 0x39, 0x72, 0x5A, 0x05,
    0x74, 0xB2, 0x21, 0x76, 0xDA, 0x8A, 0xEC, 0xD4, 0x49, 0xE1, 0x80, 0x05, 0x34, 0xDC, 0xC0, 0x3F,
    0x2F, 0xF2, 0x22, 0x95, 0x42, 0x0F, 0x05, 0xC4, 0x35, 0xC4, 0xC7, 0xA9, 0x5D, 0x8E, 0xE6, 0xE2,
    0x97, 0x4F, 0x25, 0xD0, 0x5B, 0xCB, 0x98, 0xDB, 0x4F, 0x0A, 0x5C, 0xB0, 0x4B, 0xCA, 0x28, 0x21,
    0xCC, 0xCE, 0x7B, 0x68, 0x5C, 0x02, 0x0C, 0x42, 0xF8, 0xE8, 0x02, 0x34, 0x60, 0xE5, 0xBD, 0x2E,
    0x33, 0x0D, 0xDE, 0xE5, 0x72, 0x66, 0x0B, 0x78, 0xD0, 0x4D, 0x54, 0x36, 0x50, 0xC0, 0xDF, 0x9F,
    0x52, 0x05, 0xEF, 0x09, 0x35, 0xC9, 0x45, 0xC0, 0xB8, 0x3E, 0x1E, 0xFF, 0xA3, 0x2F, 0xAB, 0xB3,
    0x94, 0x20, 0x57, 0xFD, 0xF4, 0x82, 0x2C, 0x3A, 0x89, 0x4A, 0x81, 0x90, 0xE0, 0x30, 0xBC, 0x07,
    0x65, 0x01, 0x9E, 0x93, 0xAA, 0x34, 0x58, 0x6A, 0x4B, 0xEB, 0x8B, 0x47, 0xB2, 0x3B, 0x9E, 0xF2,
    0xEF, 0x74, 0xA0, 0x75, 0x07, 0x12, 0x17, 0x30, 0xFC, 0x38, 0x8E, 0x21, 0x1C, 0x83, 0x98, 0x9B,
    0x54, 0x87, 0x23, 0x4A, 0x6B, 0x8C, 0xE8, 0xC8, 0x76, 0x9F, 0xD1, 0x8E, 0x8D, 0xE3, 0x24, 0x8E,
    0x61, 0x3C, 0xDB, 0xA0, 0x0C, 0xCA, 0xDA, 0x9D, 0x20, 0x5C, 0xCC, 0x7E, 0xC1, 0x93, 0xB5, 0xEB,
    0xD6, 0x37, 0x5A, 0x7F, 0x1A, 0x43, 0xEF, 0x58, 0x70, 0xBB, 0x10, 0x55, 0xDA, 0x8E, 0x2E, 0xEC,
    0xAD, 0xCA, 0x47, 0xA7, 0x11, 0x57, 0x7C, 0xAC, 0xFE, 0xC0, 0xA3, 0xDD, 0x90, 0xBE, 0xBC, 0xFA,
    0x9D, 0x40, 0x42, 0x46, 0x40, 0x74, 0xBE, 0x33, 0x2E, 0x3A, 0x35, 0x01, 0x96, 0x7F, 0xED, 0xD8,
    0xBB, 0x94, 0xE4, 0xEE, 0xCF, 0x62, 0x2F, 0xD4, 0x9D, 0x92, 0xFA, 0x84, 0x7B, 0x04, 0x91, 0x84,
    0xF1, 0xB9, 0x96, 0x8E, 0x02, 0x98, 0xB7, 0x8D, 0x43, 0xE5, 0xD5, 0x67, 0xF5, 0xF7, 0xBD, 0xE7,
    0xEB, 0xC9, 0xD9, 0x01, 0xCA, 0xAD, 0xCF, 0x0F, 0x06, 0x05, 0x33, 0x82, 0xF4, 0x1D, 0xF1, 0x20,
    0xC8, 0xD4, 0x83, 0x7C, 0x46, 0xDD, 0xCF, 0x9C, 0x4F, 0xB5, 0x6E, 0xD2, 0xDD, 0x78, 0x1D, 0x76,
    0x99, 0x9D, 0xF0, 0x75, 0xE2, 0x96, 0x3D, 0x04, 0x65, 0x8D, 0x60, 0x06, 0xC7, 0x98, 0x91, 0x9A,
    0xCA, 0x71, 0x95, 0x72, 0x54, 0xB7, 0x46, 0xE0, 0x49, 0xFF, 0xDC, 0x20, 0x79, 0x2E, 0x8A, 0xBF,
    0xA8, 0x12, 0xC4, 0x48, 0x9D, 0x1E, 0x98, 0x18, 0x26, 0x4E, 0x63, 0xD5, 0x32, 0xAC, 0x4C, 0xC3,
    0x57, 0xC9, 0xC4, 0x59, 0x99, 0xD1, 0xFA, 0x9B, 0x8C, 0x8E, 0x8A, 0xF0, 0xB5, 0x21, 0xB2, 0x25,
    0x4B, 0x7A, 0x4B, 0xDA, 0x39, 0xF3, 0xCD, 0xB8, 0x58, 0x29, 0xF3, 0x01, 0x1E, 0x2B, 0x96, 0x99,
    0x4E, 0xB9, 0x96, 0x13, 0x13, 0x66, 0xD5, 0xFB, 0x21, 0x05, 0x69, 0xEB, 0x3B, 0x5E, 0xCB, 0x71,
    0x57, 0x1A, 0xB9, 0xB4, 0xE2, 0x5E, 0x48, 0x79, 0x81, 0xB5, 0x34, 0xB7, 0x7A, 0x6C, 0x56, 0x91,
    0xFF, 0x2D, 0x06, 0x99, 0x2A, 0x1A, 0xE9, 0x35, 0x61, 0xBC, 0x43, 0x7E, 0x77, 0x98, 0xCB, 0x5D,
    0xC4, 0x4A, 0xE0, 0x83, 0x05, 0x9F, 0x9B, 0x90, 0x3A, 0xE4, 0x99, 0x30, 0xC0, 0x98, 0x47, 0xE3,
    0x7D, 0xF7, 0x16, 0x84, 0xCC, 0x3E, 0x80, 0x59, 0x34, 0x18, 0xF5, 0x0A, 0x0C, 0xA4, 0x52, 0x5C,
    0x44, 0x34, 0x88, 0xE1, 0x89, 0x88, 0x7B, 0x25, 0x02, 0xC6, 0xFF, 0x8A, 0x20, 0xBB, 0x22, 0xBD,
    0x9F, 0xCD, 0x65, 0x64, 0x04, 0x51, 0xAC, 0xE7, 0x12, 0x08, 0x39, 0xDE, 0x25, 0xFD, 0x49, 0xBC,
    0x80, 0x35, 0x8A, 0x10, 0x13, 0x02, 0xC9, 0xC1, 0x06, 0x24, 0x2C, 0x64, 0xDA, 0x88, 0xF7, 0xFE,
    0x05, 0xA4, 0x41, 0xC7, 0xBE, 0xEE, 0x5C, 0x90, 0xF0, 0x7D, 0x51, 0x9F, 0x45, 0x02, 0xE5, 0xAF,
    0xDD, 0x78, 0x6B, 0xCD, 0xD6, 0x98, 0xC6, 0x10, 0x05, 0x4D, 0x33, 0x28, 0xB6, 0x48, 0x31, 0xDE,
    0x8F, 0x5E, 0xF5, 0x34, 0xA0, 0x6D, 0x3B, 0x9A, 0x94, 0xB9, 0x71, 0xF1, 0xBA, 0x66, 0xF9, 0xBF,
    0x93, 0x69, 0x98, 0x1C, 0x45, 0xD7, 0xDA, 0x95, 0x0E, 0x5F, 0xE5, 0x6A, 0xAC, 0x99, 0xEC, 0xBB,
    0x6B, 0xB4, 0x40, 0x77, 0x1A, 0xBE, 0x9E, 0xB0, 0x72, 0x2F, 0x6E, 0x70, 0x1A, 0xEB, 0x2A, 0x01,
    0x8F, 0x44, 0x88, 0x00, 0xAF, 0xE2, 0x48, 0xE1, 0x15, 0x4C, 0x73, 0x0B, 0xEC, 0x2F, 0x5F, 0xB5,
    0xBA, 0xC8, 0xAC, 0x8B, 0xA2, 0x3E, 0x8D, 0xED, 0xCF, 0x9F, 0x0E, 0x64, 0x2E, 0xE9, 0x85, 0x9C,
    0x27, 0x18, 0x7E, 0x21, 0x51, 0x33, 0x69, 0xF0, 0x15, 0xCF, 0x01, 0x0E, 0x3A, 0x6E, 0xE8, 0x17,
    0x35, 0x77, 0xFD, 0x08, 0x4B, 0x61, 0xF7, 0x96, 0xA2, 0xF5, 0x8C, 0xA5, 0xF8, 0xF5, 0x2A, 0xF4,
    0x48, 0xE5, 0xB8, 0x15, 0x79, 0xE6, 0xDF, 0xC9, 0xDB, 0xD1, 0xC0, 0xED, 0xA5, 0x76, 0x24, 0xAD,
    0x65, 0x4C, 0x90, 0x49, 0x45, 0x4C, 0xF2, 0x43, 0x56, 0x42, 0xC2, 0xF1, 0x65, 0x47, 0x27, 0xA6,
    0xB4, 0x8E, 0xAC, 0x02, 0x27, 0xF6, 0x3E, 0xBC, 0xFA, 0x93, 0x83, 0xEE, 0x34, 0x9D, 0x4D, 0x6A,
    0x4B, 0x17, 0xA0, 0xCC, 0x62, 0x41, 0x07, 0x2E, 0x66, 0x33, 0x81, 0xE9, 0xCC, 0x0F, 0x57, 0x0C,
    0x04, 0x3A, 0x08, 0x71, 0xB8, 0x55, 0x0C, 0xD8, 0x7F, 0xDC, 0xDF, 0x12, 0xF5, 0x58, 0x47, 0xAA,
    0xF0, 0x91, 0x1A, 0x91, 0x1E, 0x53, 0xE7, 0xD9, 0x47, 0xE6, 0x24, 0x41, 0x27, 0x2C, 0xDF, 0xFC,
    0x1B, 0x79, 0xFD, 0xF6, 0xC0, 0x96, 0xD8, 0x5B, 0xD1, 0x0E, 0x34, 0x19, 0x93, 0x31, 0x10, 0xEB,
    0x8F, 0x6E, 0x5C, 0xBD, 0x3A, 0x7B, 0x65, 0x07, 0x44, 0xCD, 0x38, 0x63, 0x20, 0xBE, 0xC8, 0xB4,
    0x15, 0x32, 0x8A, 0xCE, 0x89, 0x19, 0x8C, 0xCA, 0x10, 0x62, 0x83, 0x31, 0x23, 0x43, 0x8F, 0xE5,
    0xB5, 0x2F, 0x5F, 0x0E, 0xF3, 0x59, 0x15, 0xFE, 0xE3, 0xEF, 0x74, 0xAF, 0x41, 0x29, 0xBF, 0xF6,
    0x23, 0x1F, 0x6B, 0x7A, 0xE0, 0xBF, 0x2C, 0xEC, 0x92, 0xF1, 0x6C, 0x76, 0xFE, 0xF8, 0x93, 0x62,
    0x79, 0xBD, 0xB2, 0xC1, 0x28, 0x48, 0xAD, 0xC2, 0x70, 0x14, 0x0C, 0xDF, 0xFF, 0x52, 0xDA, 0x3A,
    0xD5, 0x55, 0xCC, 0x6C, 0x97, 0x4D, 0x29, 0x60, 0x66, 0xD0, 0xC9, 0x33, 0x3E, 0x9A, 0xB0, 0x70,
    0xDD, 0x0B, 0xAE, 0xEF, 0x39, 0x7B, 0xEF, 0xC8, 0x5A, 0xC5, 0x29, 0x6B, 0xEA, 0x64, 0xD0, 0x71,
    0x33, 0x22, 0x1C, 0x7D, 0x01, 0x84, 0x91, 0x75, 0x5A, 0x36, 0xA3, 0xB4, 0x9D, 0x73, 0xB5, 0x0F,
    0x46, 0xF8, 0xEE, 0x2D, 0x1F, 0x6A, 0x38, 0xE8, 0x9F, 0x9F, 0xB5, 0x3B, 0x0A, 0x39, 0x6B, 0x0C,
    0x89, 0x67, 0x06, 0xFB, 0x18, 0x2F, 0x71, 0xE3, 0x70, 0x9B, 0xF7, 0xCA, 0x40, 0xA2, 0xB1, 0x5C,
    0x39, 0xFC, 0x19, 0x97, 0xCD, 0xC7, 0x86, 0xBF, 0xA5, 0x64, 0xDA, 0x32, 0x1D, 0x45, 0x5C, 0x4A,
    0xEF, 0x7E, 0x4B, 0xA7, 0x0B, 0x56, 0x0E, 0x89, 0xF2, 0x8C, 0x8F, 0x00, 0xDB, 0xC7, 0x81, 0x34,
    0x48, 0x9D, 0x7D, 0xF3, 0x09, 0xBA, 0xA0, 0x9E, 0x12, 0x66, 0xDC, 0x63, 0x44, 0xC7, 0x38, 0xE4,
    0xED, 0x9F, 0xCB, 0x6C, 0x2A, 0x66, 0x07, 0x75, 0xD8, 0x7F, 0xBA, 0xF0, 0x95, 0x33, 0x52, 0xCE,
    0x33, 0x83, 0xD9, 0xCB, 0x76, 0x07, 0xBB, 0x95, 0xFC, 0xCE, 0x9C, 0xDB, 0xD7, 0x8B, 0xEC, 0xD7,
    0xCB, 0x8E, 0x2F, 0x33, 0x32, 0x21, 0x67, 0xC5, 0xF8, 0x0A, 0x4C, 0xFB, 0xDD, 0x95, 0xD1, 0x42,
    0xFC, 0x65, 0x5C, 0x39, 0x43, 0x4B, 0x9B, 0x27, 0x13, 0x4C, 0x99, 0x53, 0x41, 0x34, 0xD3, 0x33,
    0xB4, 0x3E, 0xEC, 0x79, 0xD5, 0xE7, 0xB4, 0x41, 0x7A, 0xBB, 0xFA, 0x65, 0xC9, 0xBE, 0xBB, 0x6C,
    0x82, 0x98, 0x04, 0x21, 0x43, 0x03, 0x86, 0x8A, 0x67, 0xEF, 0xB2, 0x09, 0x62, 0x26, 0x4F, 0x4E,
    0xB0, 0xB5, 0xD5, 0x23, 0x3D, 0x6C, 0xCC, 0x49, 0x9B, 0x8D, 0xC7, 0xE6, 0x8C, 0x18, 0x66, 0x2C,
    0x2F, 0xE6, 0xB1, 0x69, 0x98, 0x57, 0x54, 0x64, 0x1C, 0xC7, 0x1D, 0x51, 0x0F, 0x10, 0xE1, 0x40,
    0x12, 0xD5, 0x57, 0x18, 0xFC, 0x3E, 0xA8, 0x60, 0xBA, 0x48, 0x38, 0x98, 0x9E, 0x9B, 0x04, 0x65,
    0x50, 0x56, 0x42, 0x11, 0x86, 0xBC, 0xAC, 0x8A, 0x0E, 0x08, 0xA5, 0x66, 0x10, 0xAF, 0x0A, 0x4D,
    0xDF, 0x87, 0x3C, 0xDF, 0xC8, 0x1B, 0xC3, 0x31, 0x07, 0x19, 0xB5, 0xBC, 0x2F, 0x40, 0x4A, 0x52,
    0xCE, 0xE5, 0x06, 0x0E, 0x3F, 0x82, 0xA7, 0xA5, 0x41, 0x37, 0xE8, 0x98, 0x10, 0xB7, 0x88, 0xE3,
    0x8E, 0x48, 0x2F, 0x11, 0xBF, 0x79, 0x8B, 0x95, 0x84, 0xE7, 0xE1, 0x3D, 0xF0, 0x38, 0x56, 0x33,
    0x98, 0x69, 0xEA, 0x1B, 0xDA, 0xCA, 0xC1, 0x4C, 0x72, 0xF9, 0x2D, 0x8C, 0x90, 0x73, 0x2F, 0x68,
    0xA7, 0xE1, 0x7E, 0x8B, 0xD9, 0x6F, 0x41, 0x9D, 0xEF, 0x00, 0xC1, 0x98, 0x21, 0x81, 0x08, 0xE6,
    0x40, 0x50, 0x1C, 0xA4, 0xB1, 0x81, 0xA4, 0x95, 0x78, 0xC9, 0xC1, 0x4E, 0xE5, 0x26, 0x88, 0xC7,
    0x10, 0xE2, 0x65, 0x6E, 0x6E, 0x21, 0xA2, 0xF1, 0xD1, 0xB0, 0x4B, 0xAC, 0x26, 0x36, 0x45, 0xD5,
    0x0A, 0x0E, 0x1E, 0x05, 0xDF, 0xB8, 0xD1, 0x52, 0x26, 0xAB, 0x06, 0xDF, 0xB2, 0xD5, 0x0D, 0x82,
    0x07, 0x69, 0x63, 0x5C, 0x3D, 0x8C, 0x1B, 0x93, 0xB8, 0xD4, 0x90, 0x03, 0x1A, 0x5B, 0x27, 0x30,
    0xEF, 0x43, 0x34, 0x64, 0x67, 0xC0, 0x97, 0x57, 0x9F, 0xBB, 0xAE, 0x1D, 0xDF, 0xA3, 0xA1, 0xEB,
    0x44, 0x80, 0x39, 0x15, 0xA0, 0x30, 0xCF, 0xF0, 0xAC, 0xF7, 0xD5, 0x67, 0xC9, 0xFF, 0x64, 0xFD,
    0x9E, 0x26, 0xE8, 0xED, 0xC1, 0x83, 0x2F, 0x8B, 0xFA, 0x05, 0xDC, 0x0C, 0x5E, 0xA1, 0x8A, 0x2A,
    0xF4, 0x3F, 0xC1, 0x71, 0x73, 0xFF, 0xF2, 0x4C, 0xF7, 0x96, 0xC7, 0x79, 0xBB, 0x6B, 0xED, 0x88,
    0xA3, 0x3F, 0x0A, 0xD3, 0xAE, 0xCA, 0x5B, 0x17, 0x37, 0x4E, 0xD4, 0x9D, 0x25, 0xEC, 0xB4, 0xA6,
    0x44, 0x49, 0xAF, 0x60, 0x73, 0xAC, 0x76, 0xB0, 0x37, 0x63, 0x79, 0xFD, 0x96, 0x9F, 0x63, 0x77,
    0xA4, 0xE0, 0x1C, 0x89, 0xDA, 0x60, 0x13, 0xB2, 0x01, 0x57, 0x48, 0x94, 0x93, 0xA1, 0xC1, 0x96,
    0x2A, 0x51, 0x60, 0xB9, 0x68, 0x42, 0x36, 0x7E, 0x8C, 0xC6, 0x4D, 0xD1, 0xA8, 0x02, 0x8D, 0x74,
    0xD9, 0x84, 0x6C, 0x7C, 0x36, 0x6E, 0xE2, 0x60, 0xB8, 0x24, 0xCC, 0x8D, 0x47, 0xBC, 0x5E, 0x31,
    0x11, 0x13, 0x12, 0x61, 0x41, 0xD6, 0x36, 0x4D, 0xB2, 0x3F, 0xDA, 0x92, 0xE0, 0x33, 0x1D, 0x39,
    0x87, 0x65, 0xAE, 0xB4, 0xCE, 0xB6, 0x11, 0xA1, 0x66, 0x84, 0x5A, 0xBC, 0x12, 0xA8, 0xE6, 0x8F,
    0xCE, 0x2C, 0x66, 0x17, 0x1B, 0xF4, 0xAB, 0x5B, 0x7F, 0xCA, 0x66, 0xF9, 0x88, 0x88, 0xCB, 0xF0,
    0xD0, 0x68, 0x03, 0x02, 0xB7, 0x02, 0xA9, 0xBF, 0x48, 0x7A, 0x43, 0x9E, 0xFF, 0x7F, 0x5A, 0x95,
    0x53, 0xC7, 0x45, 0xA6, 0xC0, 0xF9, 0xCE, 0x4C, 0x57, 0xB5, 0x10, 0x43, 0x1A, 0x5F, 0x72, 0x55,
    0xF6, 0x40, 0xED, 0xF6, 0xA1, 0x22, 0x8D, 0x25, 0x0A, 0x81, 0x3B, 0x51, 0xB0, 0xBD, 0x1E, 0xD4,
    0x1B, 0x6C, 0x82, 0x08, 0x8D, 0x97, 0x10, 0x6A, 0x8E, 0xC6, 0x2E, 0xF7, 0xE2, 0x35, 0xE5, 0x4F,
    0x40, 0x25, 0xB5, 0x95, 0xAA, 0x0A, 0xD6, 0x6F, 0x68, 0x41, 0xC7, 0xB8, 0xB1, 0x0C, 0x7E, 0x9F,
    0x29, 0xA3, 0x20, 0x62, 0xF7, 0x89, 0x4E, 0x5B, 0x6F, 0x75, 0xBC, 0x38, 0x20, 0xAC, 0x82, 0x45,
    0x8F, 0x05, 0x2F, 0xF2, 0xB7, 0x4F, 0xDA, 0xB9, 0x6F, 0xEA, 0x89, 0x2C, 0x72, 0x2E, 0x80, 0x13,
    0x9A, 0x5C, 0xC3, 0x82, 0xA6, 0x99, 0xF3, 0xFE, 0xBA, 0xF3, 0xE8, 0x16, 0xB2, 0xE9, 0xF2, 0x2C,
    0x1F, 0x41, 0xEC, 0xAD, 0xAB, 0x28, 0x2C, 0x56, 0xCD, 0xC0, 0x8E, 0xD5, 0x63, 0x40, 0x08, 0x0A,
    0x56, 0x8D, 0xB0, 0x8E, 0x7E, 0xC9, 0x2F, 0xEC, 0x01, 0x41, 0xB2, 0x59, 0xF4, 0x9A, 0x81, 0xBD,
    0x3B, 0x31, 0xAE, 0xE7, 0x0E, 0x03, 0x0E, 0xE5, 0x18, 0x81, 0xEE, 0xEE, 0x61, 0x2C, 0x1D, 0x7B,
    0x6F, 0x13, 0x1C, 0x68, 0x6B, 0x49, 0x79, 0x48, 0x4F, 0x10, 0x06, 0x31, 0x0D, 0xC2, 0x5F, 0xCA,
    0x29, 0xFE, 0x0D, 0x4C, 0xD7, 0x4A, 0xE7, 0x89, 0x91, 0x53, 0x8E, 0x7B, 0xA5, 0xB4, 0x47, 0x22,
    0x4F, 0x07, 0x72, 0xCC, 0xC5, 0x49, 0xBD, 0x5E, 0x3D, 0x0A, 0x5B, 0x65, 0xF5, 0x09, 0xEE, 0x68,
    0x96, 0x35, 0x34, 0x62, 0xB4, 0x0C, 0x34, 0xF6, 0x7C, 0x8B, 0xD1, 0x27, 0x30, 0x79, 0xB5, 0x09,
    0x6B, 0xBC, 0x6E, 0xE8, 0x02, 0x93, 0xA3, 0x91, 0x43, 0x81, 0xC7, 0xE4, 0xD4, 0xA0, 0x5C, 0x73,
    0xDE, 0x4A, 0x99, 0xF0, 0xEE, 0x1E, 0x05, 0xA4, 0x55, 0x20, 0xC0, 0x5C, 0x60, 0xAD, 0xE8, 0xD2,
    0xCE, 0xF9, 0xBD, 0x0A, 0x90, 0xB2, 0x1E, 0x4A, 0xB9, 0x2E, 0x79, 0x2E, 0xF7, 0x53, 0xEB, 0x66,
    0x74, 0x04, 0x90, 0xB5, 0x2F, 0xCE, 0x82, 0x84, 0x97, 0x72, 0xE3, 0x4A, 0x13, 0x6B, 0xDB, 0xA4,
    0xE4, 0x71, 0xB3, 0x15, 0x92, 0x7B, 0x64, 0x2B, 0x32, 0x38, 0xC3, 0x9A, 0xD7, 0xA4, 0x9B, 0x98,
    0x5A, 0x41, 0xC9, 0x93, 0x39, 0x16, 0xD6, 0xB0, 0xFF, 0x60, 0x09, 0x0D, 0x27, 0xF1, 0xF6, 0x95,
    0xEA, 0x36, 0x13, 0xDE, 0x20, 0xE0, 0x37, 0xC8, 0x36, 0xE4, 0x24, 0x58, 0x0F, 0x4E, 0x52, 0xFF,
    0x11, 0x0B, 0x0B, 0x72, 0x92, 0xFB, 0x80, 0x6A, 0xD5, 0x4F, 0x58, 0x1A, 0x04, 0xCC, 0x7B, 0xFB,
    0xEB, 0x6C, 0xAD, 0x01, 0x7A, 0x36, 0xB3, 0x80, 0x3D, 0xFC, 0x04, 0x40, 0x32, 0x7F, 0x05, 0xDC,
    0xBB, 0xF9, 0x6C, 0x02, 0x16, 0x10, 0xC3, 0x04, 0x8F, 0xB6, 0x8A, 0x01, 0x6F, 0xE9, 0x6B, 0xDD,
    0xB1, 0xF9, 0x58, 0xB5, 0x97, 0xE2, 0x1B, 0x0F, 0x72, 0x24, 0x6B, 0x57, 0xE1, 0x72, 0x59, 0xBC,
    0xA5, 0x16, 0x33, 0x56, 0x6E, 0x32, 0x4E, 0xBF, 0x7A, 0x68, 0x3A, 0x70, 0x84, 0xD8, 0x76, 0x7A,
    0xF1, 0x3A, 0x19, 0x59, 0x22, 0x70, 0x07, 0xDC, 0xD1, 0xC4, 0x3D, 0x74, 0x6D, 0xD0, 0x64, 0xA6,
    0xA4, 0x26, 0xBC, 0x0D, 0x28, 0xEE, 0x32, 0x49, 0xF8, 0xE4, 0x32, 0x2A, 0xAA, 0xA8, 0x19, 0x86,
    0x5A, 0x5D, 0x08, 0x1E, 0x17, 0xFE, 0xBD, 0xD8, 0xBC, 0x68, 0x50, 0x86, 0x87, 0xF6, 0xBF, 0xC6,
    0xC8, 0xA4, 0x98, 0xC0, 0x53, 0x00, 0x7F, 0x8D, 0x62, 0x03, 0xA9, 0x06, 0x96, 0xA2, 0x46, 0xC2,
    0x8E, 0x00, 0xDA, 0x43, 0x32, 0x2B, 0x8D, 0x62, 0xD6, 0xD1, 0xE1, 0xF3, 0x9E, 0x7C, 0x47, 0x69,
    0x13, 0x69, 0x36, 0x93, 0x0D, 0x4F, 0xC7, 0x6E, 0x5D, 0x0D, 0xBB, 0x52, 0xB3, 0x42, 0x56, 0x8F,
    0x19, 0x32, 0xC1, 0x3D, 0xFB, 0x94, 0x70, 0xE0, 0xDE, 0x57, 0x5D, 0xED, 0xFD, 0x32, 0x5D, 0xA0,
    0x6F, 0xEE, 0x6C, 0x10, 0xE0, 0xCC, 0xDE, 0xF9, 0x7B, 0xDC, 0x2A, 0xB5, 0xC5, 0xCA, 0xC0, 0x24,
    0xAB, 0x38, 0xCB, 0x68, 0xE7, 0xBE, 0x53, 0xC7, 0xD8, 0x81, 0x5D, 0xBA, 0x03, 0x21, 0xFD, 0xB0,
    0xDD, 0xC3, 0xB3, 0x4F, 0x77, 0xD9, 0x11, 0x74, 0x07, 0xEF, 0x19, 0x53, 0x72, 0x61, 0x9A, 0x8B,
    0xB7, 0x58, 0x0F, 0x30, 0xBF, 0x10, 0xFC, 0x67, 0xE1, 0xFF, 0xDB, 0xF3, 0x74, 0x87, 0x55, 0x45,
    0x10, 0xE7, 0xC4, 0xE6, 0xA4, 0xAE, 0x1A, 0x05, 0x3A, 0x5A, 0x74, 0xB2, 0x05, 0x86, 0x10, 0x17,
    0xA6, 0xB6, 0x99, 0xCB, 0x29, 0x28, 0xC2, 0x07, 0x03, 0xD3, 0x8F, 0x84, 0xB5, 0x01, 0x1F, 0x9E,
    0x06, 0x6E, 0xCF, 0x0C, 0xB8, 0x91, 0x88, 0x3F, 0x23, 0xEE, 0x9F, 0xC7, 0xEA, 0x5E, 0xE9, 0x26,
    0x0C, 0x30, 0x81, 0x61, 0x62, 0x76, 0x52, 0x27, 0x33, 0xBF, 0x38, 0xEB, 0x79, 0x2C, 0xB1, 0x6F,
    0x30, 0x4C, 0xB6, 0x63, 0x95, 0x83, 0x1C, 0x79, 0x97, 0xFD, 0x8F, 0xE0, 0x0D, 0xB0, 0x38, 0xDF,
    0xD4, 0x8F, 0xEA, 0x4D, 0xF9, 0xAF, 0x34, 0xB0, 0xB5, 0x8C, 0xE0, 0xFE, 0xF7, 0xC9, 0xDC, 0xF4,
    0x94, 0xEA, 0x0D, 0xEC, 0x7B, 0xD6, 0x66, 0x32, 0xF9, 0x8C, 0x81, 0xDB, 0xE0, 0x2A, 0xFE, 0x52,
    0x2E, 0x79, 0x29, 0xE3, 0xF0, 0x3F, 0xE4, 0xB3, 0x8B, 0x70, 0xA6, 0x56, 0x2A, 0x0E, 0x0C, 0x39,
    0xC0, 0x98, 0x2D, 0x38, 0xFA, 0x96, 0xD9, 0xEF, 0xDA, 0x4F, 0x10, 0xAC, 0x73, 0x99, 0x80, 0xC6,
    0xDD, 0x2C, 0x90, 0xD9, 0xAE, 0xA9, 0x7C, 0x8D, 0x55, 0x7B, 0xE1, 0x05, 0x53, 0x5D, 0x7C, 0x10,
    0xD1, 0x63, 0x9C, 0xAE, 0x73, 0x13, 0xA3, 0xE5, 0x27, 0x40, 0xF4, 0xBB, 0x2C, 0x38, 0x74, 0xCE,
    0x79, 0x7F, 0xA0, 0x1E, 0x7E, 0x9C, 0x43, 0x6C, 0x02, 0xD6, 0xD1, 0x8A, 0xB0, 0x72, 0x43, 0xCE,
    0xEF, 0x49, 0x57, 0xEC, 0x78, 0x4E, 0x1A, 0xAB, 0xC2, 0x5C, 0xF5, 0xC6, 0xAF, 0xAE, 0xF1, 0x29,
    0xE5, 0xA8, 0xF8, 0x49, 0xE2, 0xA7, 0x2A, 0x3B, 0x4C, 0xE3, 0x48, 0xED, 0xD6, 0x4F, 0x59, 0x00,
    0x00, 0x1F, 0x73, 0x36, 0x63, 0x2F, 0x1A, 0xE7, 0xCB, 0xB6, 0x7B, 0xB0, 0x89, 0x13, 0x95, 0x6D,
    0x1B, 0x5B, 0x3D, 0xCA, 0x17, 0x8B, 0xBB, 0x68, 0x4D, 0xF7, 0x58, 0xA9, 0x4B, 0xAC, 0xC4, 0x68,
    0xDE, 0x9A, 0xC9, 0x10, 0x8E, 0x0F, 0x58, 0x00, 0x61, 0xAD, 0x39, 0x72, 0x52, 0x47, 0xE7, 0x37,
    0xF6, 0xB1, 0xD3, 0x10, 0xF3, 0x8B, 0xDA, 0x32, 0x88, 0x2C, 0x88, 0x27, 0xE1, 0xF8, 0xC9, 0xFC,
    0x32, 0x55, 0x6B, 0x4C, 0xE2, 0xEF, 0x56, 0x21, 0x8F, 0x05, 0xED, 0x81, 0x48, 0xCE, 0xE1, 0xE3,
    0xA7, 0x10, 0x3B, 0x8E, 0x60, 0xA5, 0x37, 0xFF, 0xF5, 0x9D, 0x0F, 0x17, 0xA7, 0xE1, 0x0C, 0x0F,
    0x21, 0x67, 0xF8, 0x1C, 0xE4, 0x5C, 0x39, 0x3A, 0x76, 0x53, 0xAA, 0x6A, 0x17, 0x3C, 0x51, 0x5C,
    0xA1, 0x39, 0x39, 0x6D, 0x3F, 0x1F, 0x24, 0x22, 0xD3, 0x6E, 0x08, 0xA9, 0x17, 0x37, 0x0E, 0x82,
    0xC0, 0x98, 0x5A, 0x15, 0xC1, 0x0E, 0x81, 0x80, 0xFB, 0x6C, 0x8C, 0xE3, 0xE8, 0xA2, 0x37, 0xB2,
    0xD2, 0x25, 0xDF, 0x6B, 0xD4, 0x23, 0xC7, 0x77, 0x71, 0xE7, 0x1A, 0xB5, 0xD9, 0xFA, 0x67, 0xF2,
    0xB3, 0x36, 0x4E, 0x4F, 0x38, 0x75, 0x16, 0x3E, 0x7E, 0x55, 0xE4, 0xEA, 0x5B, 0x6D, 0x98, 0x08,
    0xCB, 0x58, 0xC2, 0xD2, 0x8D, 0x4C, 0x52, 0xFE, 0x90, 0x79, 0x6F, 0x22, 0x87, 0x75, 0x96, 0xEC,
    0x24, 0x57, 0xE0, 0x9A, 0xD9, 0x31, 0xCE, 0x41, 0x75, 0x7C, 0xEC, 0x38, 0x58, 0xE0, 0xCC, 0xF8,
    0x8A, 0x99, 0xAF, 0x1A, 0x27, 0xC5, 0xBF, 0x29, 0xF6, 0x5F, 0x5D, 0x13, 0x78, 0x93, 0x52, 0x3D,
    0x06, 0xE1, 0x95, 0x41, 0xE6, 0x3F, 0xBB, 0xC2, 0x02, 0x03, 0xC3, 0x47, 0xB2, 0x21, 0xAD, 0x6F,
    0x4B, 0xBB, 0xCB, 0x41, 0x75, 0xBE, 0xEF, 0xAD, 0x3A, 0xB6, 0x04, 0xEE, 0x16, 0x11, 0x8C, 0xBD,
    0x18, 0xD6, 0xBD, 0x9D, 0x19, 0x3B, 0xD7, 0xF9, 0xB8, 0x4F, 0x92, 0x8C, 0x73, 0x50, 0xA9, 0x56,
    0xE4, 0xC2, 0x19, 0x35, 0x61, 0xFB, 0x5B, 0xCF, 0x18, 0xF7, 0x85, 0x40, 0xF3, 0x5D, 0xDD, 0x04,
    0xAD, 0xF6, 0x34, 0x23, 0xE8, 0x19, 0xA9, 0xA9, 0x4F, 0x9F, 0x91, 0x1C, 0xBF, 0x1A, 0x51, 0xEB,
    0x91, 0x8C, 0xBE, 0x3A, 0xAD, 0xB3, 0x88, 0x3F, 0x09, 0x62, 0x9A, 0x64, 0xA6, 0xB0, 0xDF, 0x8A,
    0x5E, 0x42, 0xEB, 0x62, 0x4A, 0xB2, 0xE7, 0xE9, 0x9B, 0x43, 0x34, 0xA0, 0x8A, 0x1B, 0x85, 0xFD,
    0xDC, 0x93, 0x48, 0x2B, 0xF3, 0x49, 0xEE, 0x8E, 0x3A, 0x81, 0xA2, 0x9E, 0x80, 0xA2, 0x85, 0x5B,
    0x09, 0x29, 0xED, 0x0A, 0xCF, 0xE7, 0xF8, 0xDB, 0x80, 0xB5, 0xFA, 0xA7, 0x0F, 0x96, 0x29, 0xC0,
    0x62, 0xB4, 0x11, 0x04, 0x9E, 0x24, 0x91, 0xE1, 0xB1, 0xED, 0xB1, 0x8F, 0x36, 0x0D, 0xFF, 0x32,
    0x6C, 0xCE, 0xFD, 0x41, 0xBC, 0x87, 0xDD, 0x31, 0x76, 0x88, 0x8E, 0x9B, 0x2F, 0x63, 0x3C, 0xDB,
    0xEB, 0x10, 0xD4, 0xEB, 0xA0, 0xA2, 0xFE, 0x3A, 0xA4, 0x3B, 0xAD, 0xBF, 0x19, 0x46, 0xEA, 0x63,
    0x6C, 0x75, 0xD7, 0xC4, 0xC1, 0x4E, 0xEC, 0x87, 0xF1, 0x51, 0x27, 0xD0, 0x8C, 0xDE, 0xBC, 0x25,
    0x03, 0xB7, 0x07, 0xBA, 0x7C, 0xA1, 0xF1, 0xF2, 0x86, 0x5E, 0xD6, 0x86, 0x7E, 0xB2, 0x67, 0xE8,
    0x2C, 0xF7, 0x6F, 0x1B, 0x7A, 0x9D, 0x4B, 0xCC, 0x8F, 0x20, 0x86, 0xAB, 0x7D, 0x1D, 0x17, 0xDC,
    0xF8, 0xEA, 0xDA, 0x35, 0xA9, 0xC2, 0xB0, 0x5E, 0xDA, 0xB2, 0x9E, 0x5B, 0x16, 0x05, 0x45, 0xE8,
    0xB8, 0x08, 0x43, 0xED, 0x38, 0x78, 0x98, 0x1A, 0x3E, 0x30, 0x5C, 0x6D, 0x7C, 0x66, 0x2A, 0x39,
    0xCD, 0x3B, 0x55, 0xBC, 0xAA, 0xD7, 0x50, 0x55, 0x05, 0xB4, 0x19, 0x53, 0x2B, 0xAB, 0xCB, 0x84,
    0x55, 0xED, 0xB5, 0x00, 0xDA, 0x76, 0x7A, 0x43, 0xA0, 0xC6, 0x99, 0xEA, 0xB5, 0x3C, 0xA9, 0x0C,
    0xE8, 0x21, 0xB4, 0x6C, 0xDF, 0x05, 0x44, 0x04, 0xCC, 0x75, 0x30, 0x3C, 0x50, 0xD9, 0x02, 0xC6,
    0xBF, 0xAE, 0x2E, 0xE6, 0xC3, 0xD8, 0xDE, 0x0C, 0x39, 0xC9, 0x24, 0x68, 0xC9, 0x8A, 0xB7, 0x94,
    0x88, 0x77, 0x33, 0x0A, 0x4E, 0x22, 0x42, 0x8C, 0xC9, 0xE2, 0x14, 0xF2, 0xEC, 0x8A, 0x94, 0x00,
    0xF0, 0x44, 0x2C, 0x64, 0x63, 0xD5, 0x31, 0x99, 0x13, 0x9B, 0x3A, 0x16, 0xE4, 0x7C, 0xF3, 0x9F,
    0xEF, 0x02, 0xF8, 0x6E, 0x2F, 0xAD, 0xF2, 0xD0, 0xE9, 0x7E, 0x35, 0xEF, 0x5B, 0xE8, 0xCF, 0xBE,
    0xC7, 0x9F, 0xCA, 0xC8, 0xB5, 0x1D, 0x76, 0xA3, 0xB3, 0x21, 0xD5, 0xF1, 0xE5, 0x82, 0xAC, 0x78,
    0x51, 0x28, 0xE0, 0x55, 0xB3, 0xD0, 0x72, 0xF2, 0xC9, 0x52, 0xAC, 0xEE, 0x6F, 0xDE, 0x8B, 0xEC,
    0xFF, 0xB8, 0xF8, 0x50, 0xE4, 0x1B, 0x0E, 0xB6, 0xC5, 0xB7, 0x7E, 0xEB, 0x0C, 0x32, 0x2C, 0xC5,
    0xCA, 0x94, 0xD9, 0x1D, 0x93, 0x06, 0x9B, 0xB4, 0x74, 0xE1, 0xBD, 0x1D, 0x33, 0xBF, 0xFD, 0x73,
    0x79, 0xF7, 0x03, 0xAC, 0xC6, 0x5D, 0xBE, 0x8B, 0xE3, 0xCF, 0x01, 0x5C, 0x32, 0xAB, 0x29, 0xF0,
    0x59, 0xCC, 0x51, 0xE5, 0x63, 0xFC, 0x19, 0x01, 0x7F, 0x54, 0xF2, 0x71, 0xB5, 0x63, 0xE4, 0x16,
    0xB3, 0xFE, 0xBD, 0x81, 0x49, 0x07, 0xD5, 0x3B, 0x93, 0x68, 0x57, 0x57, 0x56, 0x27, 0x28, 0x08,
    0x90, 0x10, 0x7E, 0xF6, 0x18, 0xAE, 0x84, 0x65, 0x5D, 0x19, 0xEC, 0x3B, 0x51, 0x57, 0x75, 0xC0,
    0x03, 0x91, 0xC9, 0x69, 0xC6, 0xD7, 0xA4, 0x01, 0x1B, 0x66, 0xA6, 0xC8, 0x57, 0x44, 0x7D, 0x81,
    0x01, 0xFF, 0xBD, 0xE2, 0x29, 0xB5, 0x86, 0xA8, 0x1E, 0x55, 0xEF, 0xF0, 0xB1, 0x0D, 0xFD, 0xCB,
    0x6A, 0xDF, 0x6D, 0x4A, 0x0C, 0x6E, 0x8C, 0xB1, 0x42, 0xA6, 0xED, 0xB5, 0x91, 0x9D, 0xBB, 0xC3,
    0xC2, 0x2C, 0x24, 0xB8, 0xEF, 0x06, 0x7F, 0xA1, 0xD2, 0xA1, 0x45, 0x74, 0xA0, 0x62, 0xAB, 0x74,
    0xC8, 0x1B, 0x21, 0x53, 0x7D, 0x8D, 0x67, 0xD4, 0x7F, 0x31, 0xE7, 0xE7, 0xFB, 0x27, 0xB0, 0x7B,
    0x4E, 0x34, 0x9E, 0xD0, 0x94, 0xDD, 0x7B, 0x05, 0x99, 0xD5, 0xFE, 0x0F, 0x6B, 0xCE, 0x1B, 0x1A,
    0xA4, 0x3B, 0xCD, 0xAB, 0x3F, 0xCE, 0x67, 0x30, 0xF3, 0x49, 0x50, 0xDA, 0x6B, 0xE6, 0x59, 0xDE,
    0xB7, 0x5E, 0x09, 0xA4, 0x42, 0x58, 0x3E, 0xDA, 0xDD, 0x6D, 0x81, 0x38, 0x0F, 0xA2, 0x7B, 0x18,
    0xA1, 0x68, 0x3C, 0xAC, 0x5E, 0xA3, 0x9E, 0x90, 0x01, 0xBE, 0x3E, 0xF5, 0x69, 0xB8, 0x73, 0x66,
    0x00, 0x47, 0x77, 0xEF, 0xB8, 0xFF, 0x64, 0xE5, 0x31, 0xC9, 0xB2, 0x61, 0xCD, 0x98, 0x6D, 0x61,
    0x4F, 0xC8, 0x5F, 0x27, 0x67, 0xB8, 0x3D, 0xB2, 0x7B, 0x6F, 0x51, 0x27, 0xA4, 0x0F, 0xC8, 0x45,
    0x9E, 0xBF, 0x98, 0x8A, 0x1F, 0xE7, 0x30, 0x62, 0x20, 0x4A, 0x4F, 0x1B, 0x08, 0xE6, 0xA5, 0x79,
    0x51, 0x4F, 0x88, 0x8F, 0x6C, 0xD4, 0xD3, 0xA1, 0x63, 0x04, 0x91, 0xC9, 0xFA, 0xA7, 0x60, 0xF5,
    0x43, 0x18, 0xC8, 0xA3, 0xB3, 0xDE, 0x84, 0x1C, 0xAA, 0xE2, 0xDC, 0xDE, 0x77, 0xE2, 0xD8, 0xD3,
    0x8D, 0xD8, 0xC5, 0xA4, 0xB7, 0x14, 0xAD, 0xF3, 0x47, 0x26, 0x4D, 0xD6, 0x06, 0xF8, 0xF3, 0x0D,
    0x5B, 0x25, 0x63, 0x4D, 0xF9, 0x5C, 0x23, 0xBC, 0x99, 0x57, 0xCE, 0x17, 0x80, 0xA5, 0xE8, 0xBF,
    0x72, 0xEE, 0xE9, 0xAA, 0xB1, 0x4B, 0x57, 0xBE, 0xF4, 0x95, 0x62, 0xED, 0xD0, 0x95, 0xBF, 0x47,
    0x57, 0xD9, 0x7E, 0x5D, 0x81, 0x6B, 0xA5, 0x53, 0xCE, 0x65, 0x16, 0xB9, 0xCB, 0x17, 0xD1, 0xD5,
    0xFF, 0x01, 0xB5, 0x58, 0xBF, 0x6F, 0xDD, 0xD6, 0x15, 0xFE, 0x78, 0xAF, 0x2B, 0xCA, 0xA2, 0x24,
    0x6A, 0x68, 0x01, 0x35, 0x92, 0x4C, 0x0F, 0x19, 0x8C, 0x40, 0x16, 0x35, 0x68, 0xD0, 0x20, 0x3E,
    0x5E, 0x35, 0x40, 0xBD, 0x14, 0x70, 0x16, 0x77, 0xC9, 0xD2, 0xB1, 0xE8, 0x50, 0x7B, 0xF0, 0xE0,
    0x02, 0x4F, 0x7A, 0x74, 0x55, 0x20, 0x40, 0xB2, 0xBC, 0xFE, 0x07, 0x2E, 0xD0, 0x21, 0xF5, 0x52,
    0x0D, 0x1D, 0x54, 0x40, 0xF6, 0xA3, 0xAD, 0xC1, 0x43, 0x86, 0x30, 0x4E, 0xD1, 0xA1, 0x19, 0x4C,
    0x37, 0x09, 0x3A, 0x74, 0x08, 0xD3, 0x10, 0x28, 0xD5, 0xBC, 0xF7, 0xD8, 0xEF, 0x5C, 0x3E, 0x4A,
    0x8E, 0xE3, 0xC6, 0x36, 0x50, 0x3F, 0x49, 0x47, 0x57, 0x3C, 0x97, 0xE7, 0x7C, 0xF7, 0xDC, 0xF3,
    0x53, 0x00, 0x54, 0x0E, 0x20, 0x84, 0x2C, 0x9C, 0x41, 0x5D, 0xE1, 0x78, 0xAA, 0x42, 0x17, 0x6E,
    0xEE, 0x03, 0xC1, 0x9B, 0x19, 0x70, 0xB8, 0x05, 0xE8, 0x4F, 0x12, 0xA0, 0x53, 0x71, 0x4F, 0x6D,
    0xB8, 0xB9, 0x04, 0x9C, 0x9A, 0x4F, 0x42, 0x79, 0xF2, 0x75, 0x0A, 0xAC, 0x75, 0xB9, 0xE7, 0x88,
    0x82, 0x6E, 0xF8, 0x06, 0x3E, 0x76, 0xA0, 0x53, 0xCA, 0x29, 0xE0, 0x0C, 0x3E, 0xA3, 0x60, 0x87,
    0xBB, 0x0A, 0x0A, 0xE2, 0x3E, 0xA7, 0x1E, 0xEB, 0xEC, 0x8E, 0xCE, 0xDC, 0x7B, 0x05, 0xAA, 0x0A,
    0x61, 0x04, 0xEF, 0xC3, 0xC4, 0xF9, 0x2A, 0xC7, 0xE1, 0x21, 0x22, 0xDF, 0x04, 0xA8, 0x02, 0x78,
    0x23, 0xD8, 0x4F, 0x21, 0x44, 0x67, 0x42, 0x7D, 0x8F, 0x7A, 0xEB, 0x52, 0x53, 0xC3, 0x35, 0x50,
    0x05, 0x52, 0x44, 0xE4, 0x01, 0x44, 0x32, 0x6B, 0xF7, 0xAC, 0xBF, 0xC8, 0xE3, 0x4A, 0x1E, 0x0B,
    0x94, 0x6B, 0x70, 0x53, 0x68, 0x42, 0x4D, 0xB0, 0xCC, 0x63, 0x66, 0x8A, 0x5B, 0x83, 0x7A, 0x4C,
    0x4D, 0xAE, 0x9C, 0x8B, 0x9F, 0x85, 0x06, 0xB3, 0x27, 0x87, 0xAB, 0x7F, 0x5D, 0xF7, 0x77, 0x28,
    0xB3, 0xD4, 0x99, 0xCE, 0x7C, 0xE3, 0x9B, 0x88, 0xF2, 0x4E, 0xFF, 0x4C, 0x22, 0xC4, 0xAA, 0x44,
    0xEF, 0xEB, 0x0A, 0x83, 0xCB, 0xFD, 0x06, 0xFB, 0x82, 0xD3, 0xFC, 0xC6, 0xDA, 0xC5, 0xC9, 0xC2,
    0x2B, 0x27, 0x0B, 0x67, 0xB2, 0xE5, 0xE4, 0x73, 0x41, 0xEC, 0x5F, 0xD7, 0x7D, 0x21, 0x43, 0xFD,
    0xF9, 0xDB, 0x63, 0x44, 0x57, 0x7E, 0x5A, 0x10, 0x7D, 0x98, 0x6E, 0x41, 0xE7, 0x5C, 0xB8, 0xF9,
    0x3A, 0x91, 0x70, 0xA1, 0x8A, 0x9F, 0x21, 0xB0, 0x07, 0xE3, 0x51, 0x3A, 0x76, 0x31, 0x14, 0xC3,
    0xCA, 0xE2, 0x10, 0x4E, 0x69, 0x17, 0x5D, 0xBE, 0x34, 0x59, 0x10, 0x7E, 0xC3, 0x0A, 0xCC, 0xE4,
    0xAD, 0x4E, 0x63, 0xD2, 0x42, 0x6E, 0x43, 0x04, 0xE6, 0x3C, 0x88, 0x23, 0x2A, 0x52, 0xBE, 0x74,
    0x56, 0x94, 0xCA, 0x4B, 0x73, 0x3A, 0x9F, 0x2A, 0xC5, 0x3A, 0xAB, 0x61, 0x3D, 0x36, 0x88, 0x09,
    0xAC, 0x45, 0x3B, 0xCD, 0x27, 0x7D, 0x9C, 0x45, 0xEA, 0x27, 0x6F, 0x97, 0x98, 0x3F, 0x47, 0x53,
    0xA8, 0x0A, 0x41, 0x21, 0x72, 0x2A, 0xC4, 0xC6, 0xA2, 0x94, 0x2B, 0x33, 0x02, 0x03, 0x62, 0x79,
    0xEF, 0xA8, 0xAE, 0xE5, 0x4A, 0xC2, 0x79, 0xA7, 0xB4, 0xB8, 0xD6, 0xFD, 0x84, 0x6C, 0xE7, 0x4B,
    0xD3, 0xB5, 0x6C, 0x39, 0x59, 0x29, 0xE7, 0x09, 0x1B, 0x6C, 0x4E, 0x21, 0x6F, 0x7B, 0x09, 0xF5,
    0x47, 0x72, 0x8A, 0x43, 0x87, 0x6C, 0xEE, 0x4A, 0x67, 0x2D, 0xAC, 0x0E, 0x8A, 0x41, 0x7D, 0x4C,
    0x0F, 0x94, 0xAB, 0x5A, 0xB1, 0x26, 0x1D, 0x39, 0xC9, 0x22, 0xE8, 0x76, 0xF9, 0x75, 0x51, 0xF8,
    0xAB, 0x5C, 0x68, 0x98, 0x0A, 0xA5, 0x0C, 0x11, 0xD2, 0x00, 0xA1, 0x3F, 0xDE, 0x71, 0xEB, 0x91,
    0xB7, 0x3D, 0xF2, 0x70, 0x78, 0x11, 0x3B, 0x67, 0x51, 0x10, 0xC1, 0xB4, 0xCE, 0x0F, 0xC8, 0x75,
    0xD3, 0x52, 0xF6, 0x1B, 0xA1, 0x6B, 0xB4, 0x54, 0x24, 0x9A, 0xE5, 0xA2, 0x9D, 0x1D, 0x44, 0xAA,
    0x98, 0x09, 0x6F, 0x0E, 0xDC, 0x6C, 0xC5, 0x1D, 0x77, 0x2E, 0xD7, 0xC3, 0x37, 0xFE, 0x40, 0x61,
    0xB7, 0x7F, 0x7F, 0x35, 0x13, 0x91, 0xC6, 0xCA, 0x2F, 0xE5, 0x08, 0x10, 0x97, 0xB0, 0x87, 0x17,
    0xB7, 0x43, 0x84, 0x97, 0x67, 0x2D, 0x34, 0xAC, 0xD4, 0xB2, 0x5C, 0x06, 0x12, 0x59, 0x9B, 0xC6,
    0x27, 0xD3, 0xF9, 0x34, 0xBD, 0xC6, 0xC3, 0xFB, 0x97, 0x1F, 0x18, 0x8F, 0x17, 0x12, 0xE4, 0x8D,
    0x83, 0x85, 0xC7, 0x40, 0x2C, 0xEF, 0xAF, 0x59, 0x21, 0xFF, 0x8B, 0x2C, 0x09, 0xA9, 0x85, 0x84,
    0x42, 0x82, 0x6F, 0x93, 0x59, 0x21, 0xAB, 0x42, 0x36, 0x03, 0x5E, 0x5D, 0x19, 0xD0, 0x1F, 0x8B,
    0x40, 0x74, 0x9C, 0x92, 0xB0, 0xB5, 0x24, 0xFE, 0x24, 0xE6, 0xB4, 0xC1, 0x89, 0xA9, 0x6C, 0x2D,
    0xCC, 0x08, 0x41, 0x00, 0x7C, 0xF3, 0x9B, 0x4A, 0xA9, 0x92, 0x0A, 0x83, 0x67, 0x7C, 0xE7, 0x41,
    0x38, 0x0C, 0xAC, 0xDC, 0xE6, 0x7B, 0x0D, 0xD8, 0x12, 0xB9, 0x0E, 0x2F, 0x0E, 0x6F, 0x24, 0x78,
    0xED, 0x7D, 0x9A, 0xB8, 0x97, 0x62, 0xA9, 0x4F, 0x1B, 0xC7, 0x09, 0x43, 0x97, 0x16, 0xF9, 0xC2,
    0x30, 0xA6, 0x69, 0xAF, 0x58, 0x4C, 0xE4, 0x9B, 0xD9, 0x58, 0xE2, 0x3A, 0xC2, 0xFA, 0x6E, 0xC3,
    0x4E, 0xEF, 0x34, 0x6C, 0x86, 0x85, 0x65, 0x63, 0xD8, 0xB0, 0x9D, 0xAA, 0x61, 0xAB, 0xAA, 0x61,
    0xEB, 0xB2, 0x61, 0xEB, 0x7F, 0x5B, 0x36, 0xF4, 0x50, 0x62, 0x22, 0x85, 0x5B, 0x88, 0xC5, 0xC5,
    0x27, 0xDF, 0x5A, 0x91, 0xD4, 0xE0, 0xEB, 0xC7, 0x99, 0xAE, 0x99, 0x36, 0xBC, 0xAA, 0x0D, 0xE8,
    0x38, 0xC3, 0x52, 0x15, 0x73, 0x23, 0xD2, 0x35, 0x79, 0x8D, 0x21, 0xD6, 0xB1, 0x94, 0x31, 0x46,
    0xCA, 0xE8, 0x21, 0xD5, 0x22, 0x4C, 0x33, 0x20, 0xD2, 0x25, 0x8D, 0x3B, 0x48, 0x6B, 0x8D, 0x18,
    0x69, 0xA8, 0xE1, 0xA7, 0x69, 0xA0, 0x19, 0xD0, 0x42, 0x55, 0x29, 0x14, 0x23, 0x4B, 0x63, 0x4B,
    0x03, 0x4B, 0xBD, 0x34, 0x70, 0x79, 0x6B, 0x69, 0x10, 0x8B, 0x16, 0x6B, 0x78, 0x7C, 0x9B, 0xAE,
    0x59, 0xBA, 0x75, 0x9A, 0x2B, 0x9D, 0xE4, 0x34, 0xA9, 0x58, 0x66, 0x7C, 0xBA, 0xED, 0x59, 0x1F,
    0x75, 0x6F, 0x8C, 0xA5, 0xF0, 0x51, 0x6D, 0x6A, 0xB7, 0x0C, 0x08, 0x2E, 0xA7, 0x5E, 0xA6, 0xE6,
    0xE7, 0x91, 0x70, 0x18, 0x57, 0x4F, 0xB9, 0x45, 0x70, 0xA2, 0xC8, 0xC2, 0xD9, 0x17, 0x30, 0x69,
    0xA3, 0x64, 0x4E, 0x16, 0xE7, 0xBA, 0xB2, 0x49, 0xBC, 0xE5, 0x87, 0xAD, 0xF2, 0xA5, 0xFA, 0x00,
    0x5E, 0x7F, 0x29, 0x27, 0x74, 0x37, 0x65, 0xAD, 0xF1, 0xC4, 0xA3, 0x66, 0x59, 0x37, 0x70, 0xDE,
    0x0A, 0xAA, 0x5A, 0xE7, 0x95, 0x08, 0x96, 0xB4, 0xF5, 0x8B, 0xF7, 0x69, 0xEC, 0xAB, 0x0F, 0x79,
    0xD2, 0xC8, 0xE5, 0xF3, 0xD2, 0x97, 0xDC, 0x46, 0xA6, 0x64, 0x60, 0xDE, 0xA1, 0xF7, 0x19, 0xEB,
    0x96, 0x33, 0xF8, 0x0F, 0xCE, 0xC0, 0x38, 0xD9, 0x3E, 0x2E, 0x32, 0x19, 0x56, 0xB6, 0xE8, 0x4C,
    0xF2, 0x6F, 0x5D, 0xFB, 0x97, 0xEA, 0x0F, 0x92, 0xAE, 0xCE, 0x7D, 0x53, 0xD1, 0x29, 0xC1, 0x14,
    0xCB, 0x84, 0x55, 0x62, 0xD3, 0x8A, 0xF7, 0xFF, 0x62, 0x33, 0x4A, 0x50, 0x0F, 0x2F, 0x22, 0xFE,
    0x25, 0xF4, 0x23, 0x03, 0x96, 0xA5, 0x83, 0xDD, 0xED, 0x03, 0x55, 0x33, 0xD2, 0x96, 0x98, 0x06,
    0xFD, 0xFE, 0x55, 0xA9, 0x1B, 0x3B, 0x84, 0xEC, 0x14, 0x36, 0xAF, 0x11, 0xED, 0xD6, 0x01, 0x71,
    0x7E, 0x91, 0x34, 0x55, 0xD1, 0x96, 0xC7, 0xC0, 0xD6, 0x49, 0x79, 0x42, 0xE5, 0xEA, 0x1F, 0xB2,
    0x87, 0xF2, 0xDD, 0x84, 0xFC, 0x82, 0xC8, 0x23, 0x2B, 0xC7, 0x0A, 0x14, 0xDF, 0x05, 0x6E, 0xA1,
    0x49, 0x63, 0x2A, 0x9D, 0xD8, 0x4F, 0x3F, 0x24, 0x8B, 0xC7, 0x63, 0x8D, 0xF5, 0x7F, 0x44, 0x45,
    0xDD, 0xAE, 0xD4, 0x5E, 0xCA, 0x67, 0xBD, 0xA5, 0x70, 0x8A, 0x8D, 0xF8, 0xD0, 0xBF, 0x59, 0x88,
    0xBA, 0x0D, 0x6B, 0xEE, 0x4C, 0xDE, 0xA6, 0xF1, 0xD4, 0xE3, 0x04, 0x77, 0x25, 0x24, 0xFB, 0xAD,
    0xE5, 0x2E, 0x4E, 0xAA, 0x19, 0x70, 0x20, 0x3A, 0xDE, 0x15, 0xF9, 0xBA, 0x25, 0xEA, 0xC7, 0x2D,
    0x83, 0x31, 0xD0, 0xAE, 0x86, 0x36, 0xA3, 0x0A, 0xF7, 0x8F, 0xB2, 0x4F, 0xD2, 0x95, 0x2B, 0xA2,
    0xE6, 0x78, 0x76, 0x2C, 0xCB, 0x9D, 0x5C, 0x90, 0x0C, 0xBF, 0x21, 0xA9, 0xAB, 0xC7, 0x86, 0xA1,
    0x29, 0x26, 0x29, 0x8D, 0x48, 0x0C, 0xA1, 0x2D, 0xAB, 0xC6, 0x15, 0x27, 0xE6, 0xAD, 0xBA, 0xD9,
    0x20, 0x47, 0x6F, 0x88, 0x19, 0x83, 0xD0, 0x48, 0xE2, 0xD8, 0x97, 0x9D, 0xCD, 0x87, 0x31, 0x32,
    0x7F, 0x01, 0xB3, 0xB3, 0x98, 0x5B, 0x96, 0x75, 0xF3, 0x71, 0x47, 0xD8, 0x0A, 0x71, 0xE0, 0x9B,
    0x05, 0xE9, 0x24, 0x0C, 0x23, 0x3F, 0xB8, 0x6C, 0xBA, 0xBC, 0x31, 0xFB, 0x7D, 0x18, 0xFE, 0x26,
    0xDC, 0x2B, 0x4F, 0x8B, 0x68, 0xD7, 0x52, 0xBF, 0x79, 0xD5, 0x7C, 0xD3, 0xBB, 0x17, 0xA5, 0xA4,
    0xD7, 0x35, 0xB5, 0xC5, 0x9F, 0x5F, 0xE1, 0x46, 0x77, 0xC7, 0x5A, 0xF8, 0xD3, 0x4C, 0x32, 0xC5,
    0x32, 0xA1, 0xF4, 0xA1, 0xF7, 0x32, 0xB1, 0xC2, 0x7E, 0xC4, 0x86, 0x00, 0x2B, 0x74, 0x6E, 0x09,
    0xBA, 0xB8, 0x96, 0x06, 0x81, 0xC1, 0x40, 0xC1, 0xF5, 0x88, 0x1C, 0x95, 0x4A, 0xC6, 0xE0, 0x79,
    0x23, 0xAB, 0x4B, 0x0A, 0x9C, 0x63, 0x3B, 0x8A, 0x5B, 0x9B, 0xF2, 0xC7, 0x9C, 0x67, 0x4B, 0xF1,
    0x27, 0x63, 0x5B, 0xBF, 0xD1, 0x06, 0xE2, 0x0C, 0xEC, 0x1D, 0x8A, 0xC3, 0xC8, 0xC5, 0x9C, 0xC4,
    0x83, 0xF5, 0xFD, 0xAA, 0x97, 0xEC, 0x04, 0x65, 0xB7, 0xA3, 0x2A, 0x6F, 0x1B, 0x5D, 0xD6, 0xBB,
    0xB8, 0x1E, 0x2A, 0x42, 0xF5, 0x6E, 0x16, 0xAC, 0x7B, 0x6C, 0x9F, 0x32, 0x56, 0xAF, 0xE1, 0x6B,
    0x95, 0x62, 0xAC, 0xD5, 0x6A, 0xA8, 0xA4, 0x33, 0x09, 0x92, 0xC9, 0x05, 0x69, 0x39, 0xE8, 0x99,
    0x56, 0xD6, 0xD5, 0x63, 0x95, 0xD0, 0xA1, 0x44, 0x48, 0x20, 0x16, 0x8F, 0xA5, 0x10, 0xD7, 0xD4,
    0xB8, 0x12, 0x31, 0x8E, 0x72, 0x36, 0x59, 0xF3, 0xEA, 0xAB, 0x0C, 0x85, 0xF7, 0xA1, 0xF1, 0x10,
    0x74, 0x78, 0x9E, 0xC3, 0xCA, 0x35, 0xEA, 0x5F, 0xC5, 0x06, 0xBC, 0x77, 0x8E, 0x12, 0x6C, 0xF9,
    0x0C, 0x9B, 0x82, 0x48, 0x7D, 0x16, 0x6F, 0x94, 0xEA, 0x11, 0x9D, 0x73, 0x65, 0xAA, 0x16, 0xFB,
    0xFE, 0xDC, 0xBA, 0x90, 0xF4, 0x87, 0x9B, 0xCD, 0x79, 0x26, 0x57, 0x34, 0x5E, 0xD5, 0xD9, 0x80,
    0xED, 0x0F, 0x8B, 0x43, 0x6F, 0x2F, 0x5F, 0x3E, 0x8C, 0x5C, 0xEF, 0x28, 0xCF, 0xBA, 0x9D, 0x0D,
    0xEF, 0xFE, 0x58, 0xE2, 0x32, 0xC0, 0xD8, 0x4D, 0x37, 0x07, 0x19, 0x1B, 0x12, 0xC1, 0xDB, 0x15,
    0x9F, 0x9E, 0x9F, 0x13, 0xBB, 0x38, 0x27, 0x42, 0x36, 0x84, 0xDC, 0x68, 0xDD, 0x0D, 0xA7, 0xEE,
    0x76, 0xB9, 0x75, 0xB7, 0x79, 0xB1, 0xDC, 0xAC, 0xF4, 0x10, 0xAB, 0x4F, 0xB8, 0xDB, 0xF0, 0x45,
    0xDC, 0xAD, 0x17, 0xC2, 0xFD, 0x38, 0xC5, 0xC1, 0x3E, 0x3C, 0xAA, 0xFD, 0x6D, 0x9B, 0x16, 0x9D,
    0xDA, 0xE8, 0xFB, 0x85, 0xCA, 0x22, 0xDB, 0x9D, 0x30, 0x14, 0x77, 0x4B, 0x1C, 0x44, 0x38, 0xF4,
    0x4D, 0x47, 0x32, 0x49, 0xA9, 0xCA, 0xBB, 0x10, 0xF7, 0x72, 0xFE, 0x6C, 0x1B, 0x41, 0x02, 0x99,
    0x17, 0x8F, 0x39, 0x73, 0xEA, 0x59, 0xAF, 0x14, 0xB5, 0x5B, 0x22, 0x2E, 0x54, 0x9A, 0xCF, 0x22,
    0x5D, 0xD7, 0x13, 0xC4, 0x03, 0xB3, 0x15, 0xAA, 0x3C, 0x92, 0x06, 0x48, 0x67, 0xC4, 0xBF, 0x13,
    0xB1, 0x4D, 0x21, 0xDA, 0x8A, 0x89, 0xE1, 0xAE, 0xAA, 0x62, 0xE3, 0x3D, 0xCC, 0x79, 0x7D, 0xD4,
    0xB4, 0x49, 0x6C, 0x67, 0x4E, 0xBC, 0x62, 0xD1, 0xF6, 0x92, 0x39, 0xBA, 0x52, 0xD2, 0xA5, 0xB6,
    0xF3, 0xE7, 0xAC, 0x2D, 0x7C, 0xF6, 0x87, 0x7D, 0x05, 0x5B, 0x32, 0x9D, 0xBB, 0x38, 0x7D, 0xD6,
    0xF4, 0x83, 0xFC, 0x99, 0x11, 0xA7, 0xE6, 0xBB, 0xD1, 0xC4, 0x9F, 0x17, 0x7B, 0x31, 0x02, 0xB6,
    0xE5, 0xEF, 0xB1, 0xC5, 0x37, 0xB8, 0xD7, 0x5A, 0x73, 0x90, 0xE8, 0x87, 0x1C, 0x12, 0xCA, 0x73,
    0xB8, 0x41, 0xEF, 0xED, 0xD8, 0x24, 0xCA, 0x82, 0xC3, 0x30, 0xF7, 0xF3, 0x69, 0x97, 0x41, 0x34,
    0x48, 0x30, 0xC5, 0xF6, 0x3F, 0xA0, 0x95, 0x36, 0x19, 0x23, 0xED, 0x99, 0x80, 0xEF, 0xFF, 0x3F,
    0xC1, 0x31, 0x53, 0xF9, 0x23, 0xEC, 0x5F, 0xD0, 0x58, 0x9F, 0x45, 0xD2, 0x42, 0xF3, 0x2F, 0xA5,
    0x85, 0xF7, 0x4E, 0xE2, 0x13, 0x59, 0x25, 0x7D, 0x28, 0xFD, 0x9B, 0xC0, 0xE2, 0xE4, 0x7C, 0xAF,
    0x36, 0x61, 0x8E, 0xD0, 0x37, 0x61, 0x80, 0x95, 0x65, 0x9C, 0x91, 0xCC, 0xA8, 0x6E, 0xF7, 0xA7,
    0x46, 0xA2, 0xC0, 0xB7, 0x29, 0xAA, 0x7C, 0xDE, 0x92, 0x55, 0x63, 0xB4, 0x13, 0xAB, 0x2F, 0x0B,
    0xCF, 0x13, 0xB3, 0x4F, 0x2C, 0x32, 0x95, 0xA9, 0x11, 0x6C, 0x7E, 0xD7, 0x4F, 0x91, 0x5C, 0xD5,
    0x99, 0x9B, 0x87, 0xC3, 0x8D, 0xF9, 0x05, 0x05, 0xFC, 0xE0, 0xCA, 0x92, 0x9D, 0x1C, 0xBE, 0xE3,
    0x2B, 0x8F, 0x47, 0x5E, 0xEE, 0xD5, 0x3A, 0xF9, 0x28, 0x59, 0xEC, 0x37, 0x66, 0x5B, 0x32, 0x61,
    0xE6, 0x34, 0x0D, 0xAA, 0xED, 0x96, 0x27, 0x8B, 0x8A, 0xA2, 0xF5, 0x63, 0xFA, 0x98, 0xFF, 0x1E,
    0x51, 0xAC, 0xAE, 0x4A, 0xAE, 0x37, 0xAD, 0xEF, 0xD0, 0xF8, 0x32, 0x84, 0x71, 0x98, 0xCB, 0xFC,
    0x49, 0x9F, 0x67, 0x87, 0xB9, 0x0F, 0x5E, 0x76, 0x98, 0xCB, 0x4E, 0x86, 0x39, 0xDE, 0x73, 0x27,
    0x84, 0xEF, 0xC3, 0xBD, 0x04, 0xE7, 0x7E, 0xAB, 0xE9, 0x45, 0xEA, 0x94, 0x92, 0x82, 0x2E, 0xA9,
    0x75, 0x99, 0xBE, 0xEF, 0xB4, 0xF9, 0xEB, 0x95, 0x80, 0x64, 0x05, 0x64, 0xFD, 0xD5, 0xDB, 0xE9,
    0x0C, 0x6E, 0x4D, 0xE3, 0xFC, 0x8B, 0x83, 0xF4, 0x8E, 0x44, 0xBB, 0xD4, 0x8A, 0x4B, 0x4F, 0x18,
    0x52, 0x3C, 0x44, 0xC6, 0x33, 0xFF, 0x66, 0x8F, 0x5A, 0x54, 0x61, 0xAD, 0x1F, 0xD9, 0x6E, 0x5D,
    0x6E, 0x4B, 0x1E, 0x28, 0xC9, 0xE0, 0x74, 0x8F, 0x44, 0x46, 0x31, 0x76, 0x80, 0x25, 0xB3, 0x71,
    0x24, 0xBD, 0xBA, 0x91, 0xE1, 0xC6, 0x91, 0x56, 0x9E, 0x86, 0x63, 0xB4, 0xD7, 0x25, 0xEE, 0xD2,
    0x86, 0xD5, 0x01, 0x18, 0xB3, 0x1F, 0xA5, 0xCE, 0xFD, 0x89, 0x82, 0xEB, 0xDD, 0xF0, 0x9F, 0x65,
    0xF0, 0xD7, 0xE4, 0x59, 0x3E, 0x97, 0xF0, 0x8E, 0x09, 0x29, 0x97, 0x1E, 0x86, 0x87, 0xDE, 0x66,
    0x5E, 0x95, 0x69, 0xE7, 0x55, 0x40, 0xE3, 0x97, 0x3F, 0xC6, 0xF5, 0x65, 0x65, 0x5E, 0x3F, 0x31,
    0xDC, 0xF3, 0xA1, 0xED, 0x06, 0xD2, 0xCA, 0xFC, 0x5D, 0xE6, 0x11, 0xEB, 0x81, 0xCE, 0xF6, 0x04,
    0xDB, 0xCC, 0x6D, 0x83, 0xDB, 0x37, 0x07, 0x86, 0x2D, 0xBC, 0x1D, 0xC3, 0x9B, 0x89, 0xDC, 0x0E,
    0xE7, 0x76, 0x20, 0x7F, 0xDE, 0x43, 0x3B, 0xAF, 0x4B, 0xEF, 0x24, 0x55, 0x54, 0x25, 0xFC, 0x9B,
    0x55, 0x94, 0xD3, 0x7A, 0x2E, 0xAD, 0x5A, 0xDE, 0x0C, 0xEB, 0x71, 0xC0, 0x32, 0xC3, 0x1E, 0xF2,
    0x01, 0x3D, 0x8B, 0x29, 0xF0, 0x77, 0x6D, 0x7A, 0xF2, 0xAB, 0x30, 0x0F, 0x38, 0x9A, 0x95, 0x32,
    0xA3, 0x3F, 0xFD, 0x8B, 0xFD, 0x9F, 0xCF, 0x51, 0x81, 0x23, 0xBB, 0x1A, 0x49, 0x55, 0x97, 0x59,
    0x11, 0xB1, 0xE4, 0x93, 0x65, 0x9D, 0x48, 0xC6, 0x5F, 0x78, 0xE2, 0x00, 0xC9, 0x2E, 0x87, 0x51,
    0xF3, 0xCA, 0x0E, 0x80, 0x1E, 0x1D, 0x78, 0xC8, 0xB2, 0x90, 0x63, 0x83, 0x29, 0xAF, 0x69, 0xC4,
    0x5E, 0xF2, 0x00, 0x83, 0x91, 0x53, 0x06, 0xEC, 0x1D, 0x8A, 0x0A, 0xCB, 0xEC, 0x45, 0x98, 0xED,
    0xDE, 0xA4, 0xEA, 0x1E, 0xC7, 0x7A, 0xF9, 0xB7, 0x02, 0xBB, 0x87, 0x1E, 0x23, 0x83, 0xBF, 0x7C,
    0x26, 0x51, 0x4E, 0x3C, 0xDD, 0x1C, 0x6B, 0xF4, 0x12, 0x8F, 0x4D, 0xF0, 0xD5, 0xE3, 0x66, 0xA2,
    0x20, 0x86, 0xE6, 0x5F, 0x34, 0xF3, 0xB6, 0x9B, 0x3F, 0x2B, 0x9D, 0x98, 0xBB, 0x77, 0x94, 0xAE,
    0x17, 0xD3, 0xA1, 0xD1, 0x23, 0x30, 0x69, 0x0E, 0xCF, 0xFB, 0x3F, 0xD1, 0x1F, 0x3F, 0x28, 0x7A,
    0xD2, 0x95, 0xEF, 0x70, 0x60, 0x61, 0xD3, 0x76, 0x83, 0x81, 0xFB, 0xBA, 0xF5, 0x94, 0x3D, 0x9E,
    0x7A, 0xB5, 0xC7, 0x86, 0xEB, 0x41, 0x12, 0x62, 0xEB, 0x9A, 0x53, 0x38, 0x7F, 0xA3, 0xA0, 0x39,
    0x43, 0x77, 0x7B, 0xCB, 0xCE, 0x07, 0x4E, 0x31, 0x19, 0x14, 0x5E, 0x64, 0x21, 0xB5, 0xD3, 0xA9,
    0xDB, 0x7F, 0x99, 0x7C, 0x4F, 0x4A, 0x6C, 0xD5, 0xDE, 0x93, 0x34, 0x7D, 0x2E, 0xB5, 0xA9, 0x6C,
    0xD2, 0x47, 0x1A, 0x37, 0x73, 0xEB, 0x72, 0xF7, 0xA9, 0xD4, 0xC8, 0x6A, 0xCA, 0x80, 0x49, 0xEE,
    0x4A, 0x65, 0xCE, 0x38, 0xA8, 0xB1, 0xE8, 0x26, 0x53, 0xA9, 0x32, 0xF8, 0x2F, 0xCB, 0x60, 0xBF,
    0x20, 0xCF, 0x50, 0xC2, 0x78, 0x80, 0x69, 0x42, 0x2D, 0xBF, 0xE3, 0x05, 0x13, 0x06, 0xA6, 0x06,
    0xEE, 0x07, 0x72, 0x5B, 0x2C, 0x74, 0x16, 0x70, 0x32, 0x30, 0xE8, 0xB1, 0xD9, 0x9F, 0x4C, 0xFA,
    0x33, 0x61, 0xC7, 0xFF, 0x3F, 0x0C, 0x0C, 0x0E, 0x8C, 0x13, 0xD8, 0x4C, 0x64, 0xF4, 0x7F, 0x70,
    0x3F, 0xD8, 0xFD, 0xBB, 0x61, 0x83, 0xCE, 0x17, 0xDB, 0x0D, 0x3A, 0x95, 0xFA, 0x0F, 0x6A, 0xF8,
    0xE4, 0x58, 0x18, 0xF4, 0x34, 0xD6, 0xF0, 0xBB, 0xDB, 0x33, 0x30, 0xD8, 0xEB, 0xFB, 0xFB, 0x37,
    0xB7, 0x37, 0x1E, 0x3E, 0x30, 0xE1, 0x00, 0x50, 0xB9, 0x01, 0x8F, 0x4E, 0x05, 0xFF, 0x07, 0xF6,
    0x0B, 0x7F, 0x6A, 0xF9, 0xFD, 0x1B, 0x3E, 0x3C, 0x90, 0xD5, 0x61, 0x6C, 0x66, 0xE0, 0x7E, 0xA0,
    0xFF, 0xC3, 0x44, 0x26, 0x81, 0xB3, 0x81, 0x49, 0x66, 0xC3, 0x87, 0x3F, 0x15, 0x0C, 0x0E, 0xEC,
    0x07, 0xF8, 0x1D, 0x6A, 0xEA, 0x2F, 0x30, 0x30, 0xC0, 0x0D, 0x95, 0xF7, 0xFF, 0xB0, 0x87, 0x4F,
    0x1E, 0x68, 0x39, 0x03, 0x0F, 0xB3, 0xC3, 0x06, 0xFE, 0x0B, 0xDC, 0x0C, 0xC6, 0x9D, 0xFA, 0x0E,
    0x8C, 0x0C, 0x07, 0x74, 0x40, 0x5C, 0x86, 0x0F, 0xE1, 0x3F, 0x58, 0x90, 0xDC, 0x02, 0x72, 0xD9,
    0xFF, 0xFF, 0x0C, 0x0C, 0x00, 0xC5, 0x59, 0x3F, 0x8C, 0x14, 0xD7, 0x19, 0xFF, 0xCD, 0x7B, 0xB0,
    0x63, 0x6E, 0x8E, 0x1B, 0x22, 0x11, 0x09, 0x87, 0xC3, 0xE3, 0x82, 0xE2, 0xB0, 0xB8, 0x9B, 0x4B,
    0x74, 0x05, 0xC5, 0xED, 0xED, 0x18, 0x24, 0x53, 0x50, 0xD8, 0x8A, 0x42, 0x1D, 0x47, 0x41, 0x11,
    0x42, 0x4A, 0x7C, 0x05, 0x91, 0x28, 0x16, 0x6E, 0xC0, 0x51, 0x5C, 0x24, 0xC5, 0xA6, 0x8A, 0x94,
    0x6A, 0x0B, 0x0A, 0x8B, 0x22, 0xA1, 0x40, 0xCA, 0x46, 0x5A, 0xD8, 0x67, 0xAC, 0xC8, 0x8A, 0x5C,
    0x78, 0x64, 0xA2, 0x34, 0x89, 0x94, 0x89, 0x4C, 0x94, 0x22, 0x51, 0x18, 0xDB, 0x23, 0x65, 0x2C,
    0xEF, 0xDD, 0xE4, 0xF7, 0xBD, 0x99, 0xD9, 0x33, 0x7F, 0x82, 0x39, 0xE2, 0x3B, 0x16, 0x76, 0x76,
    0xF6, 0xDD, 0xBC, 0xEF, 0xFB, 0x7D, 0xFF, 0xBF, 0xEF, 0x2D, 0xB0, 0x08, 0xBE, 0x6E, 0xC8, 0x65,
    0xCC, 0xB7, 0xB3, 0xCE, 0x8B, 0xFA, 0x35, 0x2F, 0x3A, 0xE0, 0xC5, 0xF3, 0x63, 0x60, 0xAF, 0x6B,
    0x80, 0x59, 0x9D, 0x00, 0x73, 0x2A, 0x03, 0x96, 0x9C, 0x1C, 0x58, 0x2B, 0x0B, 0x20, 0xC3, 0x10,
    0x30, 0x58, 0x81, 0x32, 0x08, 0xA1, 0x23, 0xF8, 0x91, 0xCB, 0x3D, 0xC6, 0x07, 0xDC, 0x64, 0x94,
    0x62, 0x4D, 0x28, 0x4E, 0x5E, 0x83, 0x86, 0x87, 0xDC, 0xA9, 0x75, 0xDC, 0x18, 0xBA, 0x26, 0xDF,
    0x45, 0xB2, 0x7E, 0xD4, 0x5A, 0x77, 0xF2, 0x3C, 0xD0, 0x49, 0xE1, 0x9F, 0x48, 0xDB, 0xDE, 0xED,
    0xC2, 0x4B, 0xD7, 0xAB, 0x3D, 0x5E, 0x8C, 0x4E, 0xB5, 0xF3, 0xB5, 0x06, 0x1C, 0xDE, 0x90, 0xCB,
    0x8C, 0x5C, 0xCE, 0x4F, 0x68, 0x2F, 0xC9, 0xE5, 0xC2, 0x84, 0x81, 0x15, 0xE2, 0x37, 0x22, 0xC4,
    0xAB, 0x11, 0xB1, 0x88, 0x10, 0x33, 0x22, 0xC4, 0xB4, 0x4E, 0x81, 0xA3, 0x56, 0x08, 0x58, 0x21,
    0xC6, 0x4F, 0x22, 0x84, 0x03, 0x04, 0x09, 0x42, 0x03, 0x2E, 0x1D, 0x83, 0x1B, 0x55, 0x2C, 0x5B,
    0xEB, 0xB8, 0x3E, 0xF4, 0xE2, 0xC7, 0x4A, 0xD0, 0x92, 0x67, 0x45, 0x8F, 0x67, 0x96, 0x89, 0x7E,
    0x63, 0x1F, 0x49, 0xFE, 0x8C, 0x58, 0x76, 0x21, 0xDA, 0x11, 0xE0, 0xC0, 0x11, 0xE0, 0xA6, 0xD3,
    0xCB, 0xF4, 0xC7, 0xC6, 0x1F, 0x60, 0xF6, 0x10, 0x96, 0x5C, 0x4C, 0xD0, 0x2F, 0x87, 0x18, 0xF8,
    0xD1, 0x3E, 0x5F, 0x36, 0x3A, 0x65, 0x14, 0xBC, 0x1A, 0x75, 0xFD, 0xA8, 0xB0, 0xFF, 0x87, 0xE1,
    0x4F, 0xC2, 0x37, 0x73, 0x37, 0x91, 0x27, 0xAF, 0x9F, 0xE1, 0xE5, 0x6B, 0x1B, 0xD8, 0x61, 0xEC,
    0x67, 0x79, 0xC7, 0x7D, 0x3E, 0x55, 0xB8, 0xC4, 0x0D, 0x2B, 0x29, 0x5C, 0x6A, 0x3E, 0x99, 0x6D,
    0x98, 0x3B, 0xA3, 0x08, 0xD9, 0x10, 0x0B, 0xD4, 0x7E, 0xD4, 0x26, 0xCF, 0x04, 0xEE, 0x3A, 0xDC,
    0x3B, 0x89, 0x93, 0xB5, 0xB1, 0xA2, 0x13, 0x9D, 0xB6, 0x11, 0x7A, 0x29, 0x6E, 0xF9, 0x22, 0xC4,
    0x55, 0xD9, 0x21, 0x22, 0x88, 0x09, 0x71, 0x66, 0x46, 0x8C, 0x71, 0xF8, 0x61, 0x81, 0x16, 0xB7,
    0xD7, 0x18, 0xE4, 0x1E, 0x63, 0x8D, 0x6E, 0xE4, 0xF4, 0x8E, 0xF9, 0xEF, 0x45, 0x9F, 0xC7, 0x94,
    0xA8, 0x31, 0x08, 0xC5, 0x59, 0x0E, 0x55, 0xDA, 0x76, 0x48, 0x51, 0x27, 0x34, 0xC7, 0xC5, 0x36,
    0xA3, 0x63, 0x45, 0x1C, 0xEA, 0x78, 0x76, 0x4B, 0x15, 0x97, 0x08, 0x25, 0x21, 0x6F, 0xF5, 0x63,
    0x42, 0x79, 0x4E, 0x5C, 0x0A, 0xFB, 0x65, 0x9B, 0x08, 0xE5, 0xBD, 0x12, 0xEF, 0x88, 0x49, 0xFC,
    0x9F, 0x62, 0x94, 0xAB, 0x96, 0x30, 0xD3, 0x19, 0x56, 0x32, 0x15, 0xF7, 0x2B, 0xAE, 0x07, 0x73,
    0x7D, 0x3B, 0xA3, 0x25, 0xC4, 0x97, 0xDA, 0x08, 0x72, 0x9A, 0xA1, 0x2B, 0x71, 0xE0, 0xC7, 0x39,
    0x6D, 0x40, 0x4F, 0xA2, 0xCE, 0x61, 0x63, 0x5E, 0x74, 0x1E, 0x3D, 0xAC, 0xF3, 0x1D, 0x4F, 0x3F,
    0xE8, 0xC1, 0x37, 0xF8, 0x6D, 0xEC, 0x9E, 0x88, 0x96, 0x74, 0xFD, 0xC0, 0x28, 0x9A, 0x0F, 0xE9,
    0x3D, 0xB5, 0x05, 0x46, 0x0F, 0x5A, 0xA0, 0x53, 0x41, 0x56, 0xA9, 0xEC, 0x5C, 0x68, 0x82, 0xDB,
    0x97, 0xCB, 0x21, 0xBE, 0x77, 0x1D, 0xE6, 0xDD, 0x94, 0x22, 0x5E, 0x5D, 0xCA, 0x73, 0x67, 0xB7,
    0x3F, 0xBA, 0x9F, 0x07, 0x55, 0xE1, 0x31, 0x3E, 0xB0, 0xD8, 0xC2, 0xEA, 0x12, 0x4A, 0x53, 0x09,
    0x19, 0x88, 0x39, 0xE6, 0x6D, 0x5A, 0xC2, 0x45, 0x5C, 0xCA, 0xBD, 0x37, 0x93, 0x61, 0x63, 0x8E,
    0x53, 0xD6, 0x1C, 0x8E, 0xA0, 0x16, 0xCE, 0x70, 0x52, 0xC1, 0xBE, 0xCA, 0xEF, 0x2D, 0xC1, 0xAE,
    0x36, 0x76, 0x26, 0xA5, 0x3E, 0x0F, 0x74, 0x6D, 0xFE, 0xEE, 0x6F, 0x19, 0xBB, 0xAD, 0x04, 0xB8,
    0x65, 0xAB, 0x03, 0xDF, 0xCF, 0xCD, 0xC5, 0x3B, 0x8C, 0x9D, 0x9B, 0xA8, 0x35, 0x1D, 0x93, 0x01,
    0xB1, 0x5F, 0xDF, 0x0A, 0x76, 0x95, 0x92, 0xF5, 0x1E, 0x29, 0x60, 0x36, 0x02, 0x5A, 0xCE, 0x0E,
    0xC2, 0xF6, 0x5F, 0x91, 0xE8, 0x3D, 0x29, 0xD1, 0xBB, 0x55, 0xD8, 0x16, 0xEC, 0x0C, 0x29, 0xC3,
    0x2D, 0x79, 0xE7, 0xFC, 0x0E, 0xCF, 0x36, 0x7A, 0x17, 0x15, 0xCC, 0xB4, 0x32, 0x7D, 0x46, 0x9A,
    0x9B, 0x4F, 0xF2, 0x67, 0x3B, 0x74, 0x98, 0xF4, 0xA9, 0x11, 0x37, 0x69, 0xDD, 0x8B, 0x06, 0x6D,
    0xAF, 0x89, 0xDE, 0xFC, 0x51, 0xD1, 0x8B, 0xFD, 0x61, 0x59, 0x16, 0xD4, 0x64, 0x97, 0xD8, 0x8E,
    0xF2, 0x3D, 0xCD, 0xF7, 0x1E, 0x9D, 0x78, 0xA8, 0xDE, 0x3E, 0xE3, 0xB8, 0x84, 0x4E, 0x7D, 0x6C,
    0xAE, 0xD9, 0x32, 0xA3, 0xF8, 0x9E, 0xE2, 0x7B, 0x2F, 0xF7, 0xB6, 0x49, 0x43, 0x40, 0x1D, 0x68,
    0x88, 0x4B, 0x62, 0x94, 0x4F, 0xC5, 0x76, 0x60, 0xB0, 0xAC, 0xDF, 0x8F, 0x17, 0xCA, 0xB2, 0x8C,
    0x51, 0x08, 0xD7, 0x9B, 0xD0, 0x79, 0x2B, 0x28, 0x4D, 0x98, 0x36, 0x22, 0xF9, 0xD6, 0x02, 0x12,
    0x8C, 0x22, 0x86, 0x12, 0x4A, 0xCB, 0xB5, 0x3E, 0xA3, 0x06, 0xE2, 0x58, 0xFF, 0xFD, 0xF4, 0x03,
    0x10, 0x35, 0x26, 0x6F, 0x0B, 0xD1, 0xDD, 0xFC, 0xFE, 0x38, 0x88, 0x11, 0xDC, 0x0C, 0x07, 0xE9,
    0xB9, 0x86, 0x09, 0x4B, 0x25, 0x15, 0x08, 0x7A, 0x5F, 0x3B, 0xD0, 0x66, 0xFE, 0x05, 0x74, 0xCB,
    0xF2, 0xD3, 0x54, 0x2A, 0x14, 0x1B, 0xAE, 0x9B, 0x52, 0x2D, 0x2F, 0x97, 0xEB, 0x18, 0xC5, 0xF0,
    0x15, 0x10, 0xDE, 0x01, 0xBE, 0x49, 0x3F, 0x7D, 0x71, 0xB9, 0xB1, 0xC7, 0x81, 0xC7, 0x43, 0x73,
    0xB7, 0x04, 0x4D, 0x9B, 0x5E, 0xF0, 0x2E, 0x7E, 0xF9, 0x73, 0xED, 0xA5, 0xD3, 0x7E, 0x93, 0x8D,
    0x63, 0xFF, 0xA4, 0xC9, 0xBC, 0xB7, 0x62, 0xBF, 0x53, 0x8E, 0x0B, 0x92, 0x12, 0x6D, 0x85, 0x11,
    0x3A, 0xF1, 0x8B, 0x6B, 0x65, 0x54, 0xE9, 0xF0, 0x48, 0xD5, 0x5D, 0x3D, 0xCF, 0x7A, 0x1E, 0xFE,
    0x0D, 0x58, 0x58, 0xB8, 0xAF, 0xB2, 0xF4, 0x2D, 0xF9, 0xCF, 0x4E, 0x7F, 0x97, 0x35, 0x49, 0x19,
    0x3A, 0xF7, 0xA2, 0x60, 0xA4, 0x7F, 0x18, 0x2E, 0x2C, 0xD2, 0xDD, 0x66, 0x2D, 0x48, 0x14, 0x4E,
    0xB3, 0x30, 0x6D, 0x51, 0x4A, 0x4C, 0xC5, 0x74, 0xA4, 0x3E, 0xB7, 0x2C, 0x09, 0x4C, 0xAF, 0x94,
    0xC7, 0x20, 0xC1, 0xCA, 0x9C, 0x4F, 0xEF, 0x3A, 0x6E, 0x74, 0x6E, 0xD4, 0x3D, 0x38, 0x49, 0x8A,
    0x64, 0x1A, 0x13, 0xC4, 0xC8, 0xBB, 0xC8, 0xBC, 0xF8, 0x02, 0x32, 0x62, 0xA6, 0x26, 0x25, 0x4E,
    0x29, 0x20, 0x51, 0xEB, 0x42, 0xD1, 0xEB, 0x23, 0x89, 0xF5, 0x80, 0x00, 0xF5, 0x3B, 0x3D, 0xE0,
    0x54, 0x51, 0x41, 0xDE, 0xE7, 0x34, 0x14, 0xE6, 0xBE, 0x4A, 0xA5, 0x9E, 0xAD, 0x58, 0x65, 0x67,
    0xB0, 0x97, 0xCE, 0xBF, 0x90, 0xE1, 0xD0, 0x0C, 0xF6, 0xC2, 0xD4, 0xAC, 0x3C, 0xBA, 0xE4, 0x49,
    0xC6, 0xDA, 0xC0, 0x8D, 0x7D, 0x52, 0x35, 0xC4, 0xB2, 0x02, 0x51, 0xB1, 0xA2, 0xF4, 0xD4, 0xB1,
    0x5B, 0xE6, 0xB0, 0x4A, 0x56, 0x44, 0xAA, 0x0B, 0xEB, 0x99, 0x6C, 0x5B, 0xB8, 0xAF, 0xB7, 0x9D,
    0xA0, 0x2D, 0xC5, 0x02, 0x4E, 0x29, 0x9D, 0x1A, 0xFB, 0xB4, 0xF1, 0x79, 0xFD, 0x6F, 0x36, 0x7E,
    0xD8, 0xEB, 0xD4, 0x2D, 0x0E, 0x7B, 0x88, 0xE0, 0x54, 0xBC, 0xAC, 0xCD, 0x40, 0xA5, 0x65, 0x99,
    0x15, 0xF2, 0xB4, 0xE8, 0x98, 0x1E, 0xDB, 0x89, 0x5E, 0x67, 0x74, 0x89, 0x8A, 0x3D, 0x96, 0xF4,
    0xAF, 0xFF, 0x9E, 0xEE, 0xCA, 0x1A, 0xE3, 0xBC, 0x66, 0x85, 0xC5, 0x91, 0x6F, 0x6C, 0x0B, 0x60,
    0x9D, 0x9A, 0x90, 0xA1, 0x72, 0xBD, 0x4A, 0x4F, 0xFE, 0x10, 0xFD, 0xA3, 0x13, 0x05, 0xE7, 0x5D,
    0xEA, 0xF7, 0x02, 0x3E, 0x2D, 0xCB, 0x0F, 0x62, 0xD1, 0xEE, 0x58, 0x94, 0x4B, 0x4F, 0xA0, 0x6E,
    0x05, 0xA5, 0x88, 0xE4, 0x51, 0xDB, 0xF3, 0x3F, 0x7C, 0x02, 0x75, 0x7E, 0x35, 0x69, 0x89, 0x6D,
    0x98, 0x6F, 0xA8, 0xD1, 0xD5, 0xD5, 0xE9, 0x5A, 0xA1, 0x61, 0x12, 0x9C, 0x7A, 0xD3, 0x2C, 0x0F,
    0xD4, 0x3D, 0x66, 0x43, 0x89, 0xFE, 0x31, 0xBC, 0x84, 0xAA, 0xFC, 0x5E, 0x39, 0x6E, 0x0A, 0x93,
    0x67, 0x17, 0xE3, 0xDD, 0xF0, 0xB2, 0xDD, 0x39, 0xCE, 0x4B, 0xE6, 0x78, 0xE9, 0x6D, 0xB6, 0x7C,
    0xC9, 0x63, 0xFF, 0xA5, 0x9D, 0x75, 0xAF, 0xE7, 0x17, 0x2C, 0xF3, 0xC7, 0x54, 0x2A, 0xD2, 0xB5,
    0x92, 0x30, 0x71, 0x1F, 0x7A, 0x2A, 0x5C, 0x3F, 0x77, 0x75, 0x2D, 0xEE, 0x3A, 0x99, 0x6B, 0x02,
    0x3C, 0xE2, 0x23, 0xB4, 0x15, 0x87, 0x19, 0x7B, 0xAC, 0x52, 0x2F, 0xEE, 0x54, 0x75, 0xA0, 0x9A,
    0x60, 0x4C, 0x89, 0xE1, 0x7D, 0x1B, 0x86, 0xBE, 0x9D, 0x0F, 0x07, 0x9A, 0x31, 0x88, 0x83, 0x1B,
    0xAC, 0x28, 0xBD, 0x37, 0xA4, 0xCB, 0xB9, 0xC8, 0x5A, 0x23, 0x63, 0x01, 0xBC, 0x77, 0xE9, 0xFE,
    0xCB, 0x24, 0xA1, 0xEF, 0x51, 0xFA, 0x50, 0x72, 0xAE, 0x50, 0x0F, 0x0A, 0xB9, 0x91, 0x15, 0x56,
    0x24, 0xF5, 0x0F, 0x79, 0x86, 0xD6, 0x72, 0x63, 0xFE, 0x3D, 0xE3, 0x0C, 0xD4, 0xB6, 0x74, 0x2C,
    0xC1, 0xCD, 0x97, 0x17, 0xD7, 0xF5, 0x88, 0x37, 0x4E, 0x19, 0xB3, 0x45, 0x6C, 0xA3, 0xDB, 0xC5,
    0x4A, 0x21, 0x64, 0xC3, 0x42, 0x68, 0x92, 0x5A, 0x9B, 0x8B, 0xFE, 0xE5, 0xCC, 0x72, 0x69, 0xCA,
    0xD8, 0xD8, 0x5E, 0x25, 0x35, 0xA0, 0x23, 0xD1, 0x38, 0x2F, 0x26, 0x92, 0x9B, 0xBA, 0x2C, 0x6C,
    0x13, 0xF2, 0xC8, 0x72, 0x1E, 0xD9, 0x09, 0x68, 0xA6, 0xEE, 0x32, 0x24, 0xA9, 0x3D, 0x19, 0x76,
    0x09, 0x1E, 0x42, 0x56, 0x39, 0x5B, 0xB6, 0xB5, 0x3F, 0x92, 0x82, 0x27, 0x75, 0x6B, 0x7F, 0x53,
    0x7B, 0xEF, 0x02, 0x9F, 0xB5, 0x32, 0xDA, 0xDA, 0xA5, 0x83, 0x22, 0x10, 0x97, 0x1C, 0xB2, 0x54,
    0xB0, 0xFE, 0x41, 0xC8, 0x56, 0x60, 0x05, 0xB5, 0x63, 0xC1, 0xCA, 0xCA, 0xE7, 0x04, 0xBB, 0xC0,
    0xF8, 0xD4, 0xEF, 0x52, 0xEE, 0x0B, 0x32, 0x84, 0x52, 0x5A, 0x6E, 0x14, 0x3A, 0x96, 0x20, 0x64,
    0xD0, 0x28, 0x30, 0x37, 0x03, 0xFF, 0x93, 0xD8, 0xF9, 0x67, 0x84, 0x63, 0x47, 0x31, 0x85, 0x7E,
    0x63, 0x00, 0x82, 0x24, 0x70, 0x86, 0xAB, 0x21, 0x72, 0x3F, 0x56, 0x19, 0xA1, 0xFB, 0xB1, 0xC3,
    0x8C, 0x10, 0x7A, 0x46, 0x27, 0x04, 0x8F, 0x22, 0xB0, 0x8C, 0x6D, 0x9F, 0xDE, 0x15, 0x9C, 0x1F,
    0x0A, 0x82, 0xB5, 0x64, 0x27, 0xE0, 0xB3, 0x34, 0x49, 0xBB, 0xE3, 0x1D, 0x8F, 0x31, 0xC7, 0x64,
    0xF6, 0xC2, 0x0D, 0xE8, 0x2B, 0x06, 0xFD, 0x29, 0x6C, 0xEA, 0x1D, 0x79, 0x48, 0x0B, 0x75, 0x5D,
    0xA3, 0x53, 0x82, 0xF6, 0x23, 0x45, 0xEC, 0x81, 0x48, 0x42, 0xDD, 0x8B, 0x5C, 0x54, 0xBE, 0x65,
    0x2A, 0xC3, 0x8A, 0x3D, 0x81, 0x20, 0x19, 0x7E, 0x92, 0x8C, 0x2B, 0x7E, 0x9E, 0xDE, 0x90, 0x11,
    0x30, 0x7A, 0xC8, 0x67, 0xDA, 0xF4, 0x19, 0x88, 0xCF, 0xB8, 0x8D, 0xCF, 0x28, 0xF1, 0x99, 0xC0,
    0xC2, 0xAF, 0x7D, 0xC6, 0xCA, 0x11, 0xD0, 0x67, 0x9C, 0xC6, 0x67, 0x74, 0xE3, 0x33, 0xF3, 0x0F,
    0x78, 0x3B, 0x6B, 0x88, 0xA4, 0xCF, 0x00, 0x73, 0x3A, 0xEA, 0xBC, 0x1F, 0x51, 0x10, 0x2A, 0x6F,
    0xD3, 0x0E, 0xEE, 0x86, 0x98, 0xC1, 0x8F, 0x02, 0x8A, 0xF1, 0x51, 0x8A, 0x21, 0xAD, 0xB0, 0x02,
    0xF7, 0x83, 0x58, 0x7D, 0x92, 0x21, 0xA7, 0x74, 0x3A, 0xED, 0x5A, 0x21, 0xDC, 0x0F, 0xF9, 0xF0,
    0x5B, 0x75, 0xD3, 0x81, 0x90, 0xEC, 0x45, 0x08, 0x27, 0x39, 0xBF, 0x8D, 0x36, 0x50, 0x77, 0x7B,
    0xBA, 0x34, 0xBB, 0x6D, 0xA8, 0x72, 0x60, 0x60, 0xA0, 0xB8, 0x2F, 0x27, 0x5B, 0x71, 0x7B, 0x89,
    0xEF, 0x0E, 0x69, 0x7B, 0x27, 0x25, 0x80, 0x76, 0x6D, 0xAB, 0xB7, 0xDF, 0xD7, 0xE9, 0xFA, 0xA6,
    0xBE, 0x39, 0x23, 0x53, 0x80, 0xFA, 0x2B, 0xF4, 0x09, 0xB3, 0xA7, 0x49, 0x10, 0x4F, 0x93, 0x6E,
    0x10, 0xC4, 0x55, 0x01, 0xC0, 0x12, 0xAF, 0x0E, 0x1B, 0x6E, 0xF9, 0xEA, 0x8C, 0x98, 0xF3, 0x3F,
    0x6B, 0x49, 0x92, 0x76, 0x53, 0x11, 0xE5, 0x44, 0x23, 0xCA, 0x9F, 0xB7, 0x2A, 0x8A, 0xD9, 0x14,
    0xC5, 0xE9, 0xDB, 0xA2, 0x4C, 0xAE, 0xC7, 0x76, 0x61, 0xCE, 0x33, 0x36, 0x10, 0x06, 0x6E, 0x29,
    0x9D, 0xF8, 0x97, 0x3B, 0x4A, 0x18, 0xD5, 0xA2, 0x2B, 0x43, 0xA4, 0xBB, 0xB6, 0x13, 0xE9, 0x54,
    0x64, 0xA1, 0x2D, 0x08, 0xAF, 0xA7, 0x40, 0xFA, 0x60, 0x0A, 0x27, 0x9D, 0x54, 0x08, 0x90, 0xE0,
    0x41, 0x36, 0xFD, 0x0C, 0xA3, 0x98, 0xE1, 0x78, 0x49, 0x52, 0x78, 0xDE, 0xA4, 0xF0, 0xF6, 0x56,
    0x53, 0xF8, 0xF2, 0xFD, 0x29, 0x9C, 0x9D, 0x9C, 0x97, 0xD9, 0x29, 0xE1, 0x05, 0x07, 0x87, 0x84,
    0x1B, 0x77, 0x2D, 0x38, 0xE5, 0x86, 0x4E, 0x6E, 0x32, 0x67, 0xBC, 0x93, 0xA1, 0xA0, 0x27, 0xB4,
    0xE1, 0x7D, 0x10, 0x3B, 0xEC, 0xE6, 0x87, 0xF4, 0x09, 0x0A, 0x22, 0x99, 0xD0, 0x63, 0xB8, 0x79,
    0x97, 0xC9, 0x47, 0x0E, 0xBE, 0x0E, 0x8C, 0x54, 0xAA, 0x8E, 0xA7, 0xDB, 0xA8, 0x5B, 0x95, 0xBC,
    0x88, 0xF5, 0x03, 0xF8, 0xFE, 0x1F, 0x70, 0x78, 0x0D, 0xCF, 0xC9, 0x41, 0x5B, 0xAD, 0xDB, 0xF1,
    0x13, 0xE9, 0xB6, 0x76, 0xD6, 0xED, 0x74, 0xD3, 0xFF, 0x11, 0x71, 0x0C, 0x0E, 0x6C, 0x55, 0xAF,
    0x93, 0x96, 0x40, 0xDA, 0xAC, 0x81, 0xB4, 0x47, 0x68, 0x5D, 0x6B, 0xF1, 0x0F, 0x3F, 0xB2, 0x47,
    0x93, 0xF6, 0x90, 0xC8, 0x48, 0x9A, 0x58, 0x94, 0xD9, 0x62, 0x1A, 0x5F, 0xB6, 0x98, 0xCA, 0x22,
    0x85, 0x98, 0x95, 0xE9, 0x66, 0x4A, 0x1C, 0x8D, 0x93, 0xF1, 0x5A, 0x44, 0x06, 0x6E, 0x69, 0x33,
    0xF7, 0x06, 0xEE, 0x7B, 0x79, 0xF5, 0x91, 0x5C, 0x25, 0x42, 0x79, 0x62, 0xC3, 0xC9, 0x99, 0x9A,
    0xC8, 0x9B, 0x4D, 0xDA, 0x03, 0x1F, 0x1C, 0x6C, 0xC6, 0x5E, 0xE2, 0x96, 0xA3, 0x38, 0xBC, 0xD3,
    0x64, 0x63, 0x89, 0x00, 0x5D, 0x05, 0x82, 0x9D, 0x02, 0xA8, 0x0D, 0x4B, 0x6B, 0xBE, 0x39, 0x63,
    0xA9, 0x4E, 0xDB, 0xC5, 0x16, 0xD7, 0x7A, 0x78, 0xA9, 0xFF, 0x46, 0x82, 0xD6, 0xDD, 0x2D, 0x88,
    0xB3, 0xB9, 0xB8, 0x62, 0x17, 0xD9, 0x31, 0x19, 0x27, 0x93, 0xB3, 0x1F, 0x7E, 0x5F, 0x95, 0xD9,
    0x77, 0x50, 0x9F, 0x09, 0x38, 0xA5, 0x58, 0x7D, 0x1F, 0x9F, 0x92, 0x4C, 0x60, 0xAC, 0xA3, 0x6B,
    0x3E, 0x3E, 0x41, 0x5A, 0x5E, 0xD9, 0x82, 0x6C, 0xE3, 0x89, 0x6E, 0x70, 0xCC, 0x1E, 0xFC, 0xCA,
    0xE9, 0xA4, 0xBC, 0xB2, 0x51, 0x0E, 0xBF, 0x8C, 0x24, 0xCE, 0x50, 0x01, 0xAB, 0x30, 0x5A, 0xB8,
    0x15, 0xF2, 0x27, 0x59, 0x8E, 0x65, 0x39, 0xB4, 0x44, 0xBA, 0xF6, 0xF0, 0x86, 0x83, 0x8B, 0x91,
    0x43, 0x90, 0x79, 0x91, 0xC4, 0x8A, 0xB2, 0x26, 0x93, 0x93, 0x1C, 0x3F, 0x7B, 0x95, 0x30, 0x92,
    0x68, 0xA6, 0xC5, 0xB7, 0x6C, 0x73, 0x30, 0x4A, 0x47, 0x77, 0x03, 0x82, 0x27, 0x7C, 0xD8, 0x7E,
    0xDA, 0x8F, 0xFC, 0x2F, 0x7C, 0x4D, 0xF9, 0xD5, 0xDC, 0xA4, 0xB5, 0x37, 0x38, 0x80, 0xDF, 0xAD,
    0x94, 0x52, 0x07, 0x86, 0x74, 0x8C, 0xBE, 0xF5, 0xD5, 0x67, 0x21, 0x51, 0x8B, 0x0D, 0x49, 0x60,
    0xAA, 0xC3, 0xF4, 0x19, 0xFC, 0x1F, 0x12, 0x61, 0xC5, 0x56, 0x2A, 0x7B, 0x60, 0x5A, 0xB9, 0x1B,
    0xAE, 0x8B, 0x9A, 0xF6, 0x58, 0x58, 0x84, 0x77, 0xBB, 0xE4, 0x30, 0xB2, 0x5E, 0xC5, 0xC2, 0x53,
    0x49, 0x14, 0x55, 0x67, 0x4C, 0xB2, 0x3C, 0x14, 0x22, 0xE2, 0x77, 0x49, 0x1D, 0x51, 0x74, 0xBC,
    0x1B, 0xA8, 0x43, 0x6A, 0xE2, 0x79, 0x72, 0xEA, 0x66, 0x4F, 0x62, 0x32, 0xC9, 0xC2, 0xFB, 0x38,
    0xEF, 0x64, 0x95, 0xF5, 0x16, 0xCA, 0x2B, 0x65, 0xEF, 0xE2, 0xA3, 0xE5, 0x92, 0xAF, 0xF4, 0xBE,
    0x0E, 0xE7, 0xBB, 0xB5, 0xCF, 0x0B, 0x8C, 0x5E, 0xA5, 0x82, 0x06, 0x72, 0x30, 0xE0, 0x8E, 0xA5,
    0x51, 0x9A, 0x1B, 0x45, 0x54, 0x55, 0x7C, 0xE1, 0xD9, 0xB8, 0x5F, 0xB6, 0xC8, 0xB4, 0x69, 0x70,
    0xE4, 0x4F, 0xC0, 0x6D, 0xCE, 0x9F, 0x1C, 0x9D, 0x37, 0x8D, 0x95, 0x6F, 0xC5, 0x58, 0x95, 0x52,
    0x50, 0x1D, 0x92, 0xC0, 0xF7, 0xCA, 0xC8, 0x29, 0x73, 0x49, 0x56, 0xAB, 0x4F, 0x65, 0x95, 0x6A,
    0xB9, 0x90, 0x65, 0x81, 0xB3, 0x2A, 0xCD, 0xAB, 0x1C, 0x03, 0xC6, 0x34, 0x13, 0xDB, 0x5D, 0x99,
    0x33, 0x83, 0xD2, 0xFE, 0xEE, 0x54, 0xC6, 0xF7, 0xE7, 0xBB, 0x2A, 0x53, 0x55, 0xF1, 0xAD, 0xEA,
    0xAE, 0x68, 0x5F, 0x2D, 0x94, 0xB5, 0xD4, 0x09, 0x5A, 0xCA, 0x79, 0x62, 0x4B, 0x61, 0x32, 0x26,
    0x4B, 0x15, 0x58, 0xA8, 0x47, 0x8F, 0xAA, 0x24, 0x78, 0x51, 0x55, 0x12, 0x6C, 0x65, 0xB8, 0x76,
    0x15, 0xE7, 0x7E, 0xC1, 0x52, 0x73, 0x4B, 0x58, 0x27, 0x4E, 0xC1, 0xE4, 0x48, 0x3A, 0x4B, 0x4C,
    0x9E, 0x8A, 0xA9, 0x39, 0x25, 0x6C, 0x2F, 0x11, 0x2A, 0xEF, 0xC9, 0x6E, 0x71, 0x60, 0x09, 0x92,
    0xCA, 0xE8, 0x79, 0xA3, 0x37, 0xFB, 0x83, 0xC1, 0xE6, 0x92, 0xA0, 0x2F, 0x73, 0x9B, 0x22, 0x84,
    0xDF, 0xBC, 0x8D, 0x00, 0xA8, 0xA6, 0x81, 0xD3, 0xE5, 0xCB, 0x25, 0xC7, 0x19, 0x0A, 0xB0, 0xA8,
    0xD2, 0x29, 0x06, 0x5C, 0x82, 0xC1, 0x2C, 0xDC, 0xDB, 0x31, 0x56, 0x16, 0xE1, 0xFC, 0x87, 0x9B,
    0x12, 0x6B, 0x7D, 0x26, 0x49, 0xF1, 0x00, 0xF9, 0x29, 0xA3, 0x2F, 0x0A, 0xC5, 0x0F, 0x62, 0x9B,
    0xC4, 0xE9, 0xF3, 0xE7, 0xDE, 0xC6, 0xB9, 0xFE, 0xA8, 0x87, 0x4B, 0xD1, 0x25, 0x99, 0x31, 0x6F,
    0x8A, 0xBF, 0x8C, 0x99, 0x10, 0x1D, 0x39, 0xF7, 0x52, 0xF9, 0x8C, 0xE4, 0xFE, 0x55, 0x2A, 0xF9,
    0x23, 0xF2, 0xF4, 0xFE, 0x85, 0x8A, 0xA4, 0xFD, 0xD1, 0xB2, 0x1A, 0x9A, 0xB2, 0xE6, 0xA7, 0x82,
    0xC9, 0x92, 0x6D, 0x72, 0xAA, 0xCC, 0xF6, 0x45, 0xE5, 0x55, 0x0A, 0xA3, 0xFA, 0x3A, 0x79, 0x90,
    0x0C, 0xE5, 0xB4, 0x6D, 0x8A, 0xDF, 0x12, 0x64, 0xD3, 0xF0, 0xAF, 0xC4, 0xE8, 0x52, 0x4F, 0x77,
    0x48, 0xA5, 0x6F, 0x0D, 0x27, 0x76, 0xAA, 0x01, 0xBF, 0x0E, 0xEC, 0x85, 0x38, 0x44, 0xEB, 0xC2,
    0x00, 0xA5, 0x6F, 0x3C, 0x71, 0x50, 0x1B, 0x8A, 0x36, 0x0E, 0x77, 0xDB, 0x4C, 0x90, 0x4C, 0x12,
    0x84, 0x14, 0x21, 0x75, 0xED, 0xE4, 0x06, 0x54, 0xC1, 0xA2, 0xA5, 0x23, 0x5E, 0x8E, 0x52, 0xEF,
    0x14, 0xC6, 0x37, 0x33, 0x02, 0x62, 0x55, 0x3A, 0x04, 0xE9, 0x95, 0xE4, 0xB7, 0xC2, 0x8E, 0x6C,
    0x5C, 0x7B, 0x9C, 0x05, 0x92, 0xEA, 0x77, 0x39, 0xF6, 0x10, 0x89, 0x1C, 0x1F, 0x5A, 0xA6, 0x07,
    0x53, 0x9B, 0xDC, 0xA4, 0xEE, 0x5C, 0x9D, 0x1C, 0xEF, 0xA5, 0x61, 0x92, 0x63, 0xD1, 0x33, 0x53,
    0xDC, 0x9C, 0x28, 0x5A, 0xDB, 0xA7, 0xD5, 0x0B, 0x06, 0x17, 0xCD, 0xBD, 0xD2, 0x83, 0x33, 0xAE,
    0xE8, 0xAC, 0xDA, 0x88, 0x94, 0x99, 0x6D, 0xDA, 0x9E, 0xF1, 0xEC, 0x59, 0xB5, 0xBF, 0xD2, 0xC9,
    0x9F, 0xE0, 0xA4, 0x8B, 0xBC, 0xFB, 0x98, 0xB7, 0xDF, 0x92, 0xE9, 0xE7, 0x72, 0xED, 0xBB, 0xA7,
    0xBF, 0x83, 0xD3, 0xDF, 0x2E, 0x7B, 0xCE, 0xAD, 0xE8, 0x11, 0x7E, 0xA5, 0xB3, 0x59, 0x39, 0x11,
    0x7F, 0x4A, 0xBF, 0x9A, 0x6F, 0x51, 0xDD, 0x87, 0xD1, 0x5A, 0x36, 0xD2, 0x88, 0x21, 0xBE, 0xD1,
    0x88, 0xE3, 0xAF, 0xEB, 0x31, 0x3D, 0x2B, 0x96, 0x53, 0xCF, 0x90, 0x36, 0x68, 0x33, 0xF4, 0x24,
    0x65, 0x65, 0x7D, 0xE8, 0x8F, 0xC8, 0xF0, 0x2F, 0x95, 0x23, 0x04, 0xB6, 0x78, 0x5A, 0xFD, 0x8B,
    0xAD, 0xE6, 0xAC, 0xA1, 0x9C, 0x5F, 0x55, 0x2D, 0x82, 0xB4, 0x67, 0xFF, 0x05, 0x45, 0x51, 0x31,
    0x4E, 0x03, 0x31, 0x10, 0x9C, 0x3B, 0x23, 0x19, 0x62, 0x82, 0x79, 0x40, 0x22, 0x53, 0x52, 0x40,
    0x2E, 0x45, 0x8A, 0x2B, 0xEE, 0x12, 0x07, 0x8A, 0x94, 0xF0, 0x03, 0x78, 0x42, 0x8A, 0xD0, 0x05,
    0xE5, 0xF8, 0x49, 0x9E, 0x40, 0x41, 0x11, 0x89, 0x08, 0x8C, 0x28, 0x68, 0x1D, 0x21, 0x41, 0xC9,
    0x35, 0xD4, 0x58, 0x82, 0x22, 0x12, 0x17, 0x99, 0x75, 0x52, 0xE0, 0xC2, 0x33, 0x9A, 0xDD, 0x95,
    0x67, 0xD6, 0xDE, 0xD3, 0xA9, 0x00, 0x04, 0x24, 0x40, 0xCC, 0x07, 0xA7, 0xA6, 0xEA, 0xBD, 0x58,
    0x75, 0xE6, 0x2A, 0xC9, 0x06, 0x27, 0x58, 0x13, 0x4E, 0x24, 0xC6, 0x8D, 0x1D, 0x8D, 0x9A, 0x92,
    0x51, 0x5D, 0x7E, 0x57, 0xD7, 0x4A, 0xAB, 0xC1, 0x6B, 0xE5, 0xE5, 0xB3, 0xCB, 0x24, 0xD3, 0x0B,
    0x3B, 0x3A, 0xD8, 0xC6, 0xBF, 0xC2, 0xFB, 0x1B, 0x85, 0xEB, 0xC6, 0xCE, 0xD5, 0xC3, 0x17, 0x43,
    0x13, 0xA3, 0xC8, 0x32, 0x04, 0x65, 0x77, 0xE7, 0xEA, 0xD1, 0x73, 0xDD, 0x94, 0xFE, 0xF3, 0x2D,
    0x14, 0xD4, 0xC2, 0x7F, 0x04, 0x03, 0x2B, 0xBF, 0x58, 0x61, 0x26, 0x8A, 0x7B, 0xD7, 0x63, 0xBF,
    0x05, 0x11, 0x51, 0x82, 0x91, 0x29, 0x79, 0x81, 0xB8, 0x00, 0xF8, 0xB3, 0x8D, 0x0C, 0x59, 0x2C,
    0x67, 0xB0, 0xA4, 0x2E, 0x13, 0x4C, 0x09, 0x72, 0x6E, 0x86, 0xA1, 0xA7, 0xEF, 0x3A, 0x04, 0xAC,
    0x9C, 0x1F, 0x86, 0x1C, 0xE3, 0xBC, 0xA1, 0x8A, 0x78, 0x29, 0x65, 0xFD, 0x38, 0x63, 0xEF, 0xC6,
    0xD7, 0x14, 0x7F, 0x72, 0x3F, 0xE0, 0xA2, 0x70, 0xB3, 0x16, 0xD8, 0x69, 0x99, 0xE7, 0xC2, 0xC4,
    0xC5, 0x8F, 0x3C, 0xEB, 0x3B, 0x98, 0x2E, 0x7B, 0xB5, 0x73, 0x58, 0x2A, 0x2E, 0x5B, 0x98, 0x46,
    0x6E, 0xAC, 0xA4, 0x6E, 0x23, 0x0F, 0x93, 0x1D, 0xC4, 0x15, 0x92, 0x22, 0xE9, 0x66, 0x59, 0x67,
    0x78, 0x99, 0x24, 0xDD, 0x56, 0x96, 0x13, 0x4D, 0x87, 0xED, 0xCB, 0x36, 0xF6, 0x6B, 0xB1, 0xB9,
    0x6B, 0x09, 0x53, 0xB1, 0x52, 0x22, 0x83, 0x8D, 0x74, 0x0D, 0x69, 0x54, 0x8A, 0xA2, 0xCB, 0xDC,
    0x9C, 0x16, 0x35, 0xDC, 0x0A, 0x5E, 0xCE, 0xC9, 0x96, 0x06, 0xC8, 0x57, 0xB0, 0x5F, 0x27, 0xA5,
    0xA4, 0x30, 0x04, 0x64, 0x98, 0x51, 0xAE, 0x06, 0x51, 0x0A, 0xB4, 0x47, 0x70, 0x8B, 0x75, 0xE0,
    0x94, 0x52, 0x9A, 0x4D, 0x81, 0x5A, 0x05, 0x36, 0x27, 0x0A, 0x97, 0x55, 0x16, 0x47, 0xDC, 0x6B,
    0x0E, 0xFA, 0x37, 0x2B, 0xBD, 0x49, 0x89, 0x70, 0x90, 0x62, 0xA1, 0x2C, 0x0D, 0xAE, 0xDB, 0x23,
    0x3B, 0xD1, 0x48, 0xD5, 0x0A, 0x82, 0x79, 0x17, 0x99, 0x9E, 0x47, 0x87, 0x88, 0x80, 0x5A, 0x91,
    0x85, 0x89, 0x0E, 0x9B, 0x0A, 0xCF, 0xE1, 0x0F, 0xE3, 0x7E, 0x60, 0x63, 0xB3, 0x45, 0xEE, 0x03,
    0x3F, 0x04, 0x6E, 0x91, 0xB3, 0xB1, 0xE1, 0x7E, 0xC0, 0x60, 0xC3, 0xC0, 0x7D, 0x80, 0xB1, 0x86,
    0x21, 0xF9, 0x00, 0x87, 0x0D, 0xF3, 0xEA, 0x97, 0xF5, 0xFF, 0x0F, 0x30, 0x1F, 0x00, 0x8A, 0x49,
    0x7F, 0x01, 0x00, 0x65, 0x53, 0xBF, 0x6F, 0x1C, 0x45, 0x14, 0xFE, 0x76, 0x9F, 0xB9, 0x51, 0xBC,
    0x6B, 0x86, 0xD2, 0x22, 0xC6, 0x9B, 0xC2, 0x45, 0x14, 0x5D, 0x72, 0x1B, 0x29, 0x45, 0x8A, 0xDB,
    0xDB, 0xB5, 0x53, 0x26, 0x12, 0x50, 0x53, 0x10, 0x4A, 0x24, 0x84, 0x28, 0x2C, 0x44, 0x71, 0xCE,
    0xAD, 0x95, 0x2A, 0x9D, 0x05, 0x7F, 0x00, 0x29, 0x09, 0x95, 0x0B, 0xA4, 0x18, 0xE9, 0x74, 0x37,
    0x17, 0x4B, 0xA9, 0x40, 0x19, 0x91, 0xC2, 0x82, 0x6A, 0x51, 0x28, 0x2D, 0xB4, 0x58, 0x0B, 0x5A,
    0xA4, 0xBD, 0x0C, 0xDF, 0xDE, 0x61, 0x85, 0x1F, 0x2B, 0x7D, 0x7A, 0xF3, 0xDE, 0xCE, 0xFB, 0xE6,
    0xBD, 0xF9, 0xE6, 0x41, 0x42, 0xC8, 0x3A, 0x7A, 0x8D, 0xFF, 0xEB, 0x24, 0xB8, 0x93, 0x6E, 0x86,
    0x83, 0xFE, 0xC6, 0xDD, 0xE1, 0xE5, 0x83, 0xA3, 0x2D, 0x53, 0xC7, 0xA6, 0xBA, 0x9E, 0xD7, 0x1F,
    0xE4, 0xF5, 0xE7, 0x59, 0xFD, 0x1C, 0xCD, 0x31, 0x26, 0x4F, 0x91, 0x3E, 0x40, 0xFA, 0x3D, 0xF4,
    0xE9, 0x5B, 0xCA, 0x55, 0x6A, 0x9A, 0xAF, 0x6E, 0xE1, 0x42, 0x8C, 0x95, 0x37, 0xC0, 0x6F, 0xC7,
    0xB9, 0x46, 0x0A, 0x31, 0x09, 0xD6, 0xC4, 0xE2, 0x61, 0x02, 0x8F, 0x26, 0x70, 0x0E, 0x52, 0x00,
    0x09, 0xF0, 0x3F, 0xEF, 0xDC, 0x0C, 0x80, 0xDE, 0x9C, 0x04, 0xA3, 0x02, 0x83, 0x1D, 0x13, 0xE4,
    0xAB, 0x28, 0x11, 0x47, 0xF0, 0xB7, 0x4B, 0x20, 0xCA, 0xA0, 0x99, 0x14, 0x70, 0x99, 0x66, 0x40,
    0xB3, 0xF0, 0x30, 0x06, 0x02, 0x7A, 0x05, 0x4C, 0x17, 0x97, 0x55, 0xA6, 0x72, 0xE7, 0xAA, 0x5E,
    0xFB, 0x03, 0xB8, 0x72, 0xB0, 0xFA, 0xD5, 0xC5, 0xB2, 0x63, 0xA5, 0x82, 0x91, 0x31, 0xD1, 0x27,
    0xAE, 0xC1, 0x8C, 0x58, 0x9D, 0xD2, 0xFB, 0x46, 0x94, 0x31, 0x22, 0xC5, 0xD2, 0xC7, 0x9F, 0x46,
    0x30, 0x24, 0x12, 0x22, 0x22, 0x34, 0x11, 0x10, 0x62, 0xD2, 0xD2, 0x27, 0x58, 0x60, 0xCB, 0xFA,
    0x47, 0x5B, 0x33, 0x0F, 0xD5, 0xEF, 0x33, 0x70, 0x72, 0x0C, 0xFC, 0x7E, 0x66, 0x90, 0x7C, 0x5B,
    0xDF, 0xD3, 0xE3, 0xFE, 0xA7, 0xF7, 0xE7, 0xBA, 0x7B, 0xA9, 0x96, 0x67, 0x6C, 0xE7, 0xAC, 0xD4,
    0x59, 0x3F, 0x15, 0xAB, 0x55, 0x51, 0x89, 0x19, 0x27, 0xF8, 0x4D, 0x33, 0xF0, 0xC5, 0xB1, 0xD5,
    0x1F, 0xBE, 0x68, 0xFC, 0x93, 0xA2, 0x57, 0x1C, 0x7E, 0x2C, 0xB6, 0x2B, 0xA8, 0x74, 0x66, 0x12,
    0x29, 0xE2, 0x60, 0xBF, 0xDE, 0xF0, 0x8B, 0x2F, 0x3B, 0xE2, 0x9C, 0x2B, 0xA3, 0xF0, 0xA8, 0x90,
    0xA7, 0x9B, 0x5B, 0x38, 0xBB, 0xF5, 0xDD, 0x22, 0xA0, 0x3F, 0x49, 0x8C, 0x7F, 0x1A, 0x1C, 0x62,
    0xE2, 0x35, 0xBC, 0x89, 0x01, 0x94, 0xD1, 0x39, 0x4A, 0xDF, 0xE2, 0x26, 0x76, 0xB1, 0x86, 0x0D,
    0x96, 0xF6, 0x11, 0x30, 0xE5, 0x6D, 0x18, 0x78, 0x25, 0x46, 0xCE, 0xA0, 0x07, 0xEE, 0x52, 0xCC,
    0xDD, 0x69, 0x74, 0x96, 0x2A, 0x13, 0x3C, 0x29, 0xBC, 0xB2, 0xC2, 0x30, 0x41, 0xA4, 0x73, 0xF5,
    0xA4, 0xF4, 0xCA, 0x3D, 0x0C, 0x03, 0x3B, 0xCA, 0x46, 0x27, 0x0F, 0x71, 0xFE, 0xF1, 0x52, 0x9B,
    0xD6, 0x7A, 0xD3, 0x02, 0xC1, 0x76, 0x83, 0x2E, 0x7B, 0xD9, 0xC5, 0x3A, 0x75, 0x68, 0x69, 0xE1,
    0xB3, 0x7D, 0xE7, 0xE6, 0x0B, 0xE9, 0x5A, 0xC1, 0xE4, 0xDC, 0xFF, 0xFB, 0x3F, 0x2A, 0xE2, 0x08,
    0x2B, 0xCC, 0x4A, 0xA0, 0xF7, 0x1B, 0x78, 0xAE, 0xB8, 0xF2, 0xC8, 0xFF, 0xBA, 0x33, 0xC7, 0x3D,
    0x46, 0xD6, 0xA0, 0xB3, 0x55, 0x26, 0x2A, 0x6E, 0x94, 0x0C, 0x89, 0x9F, 0x43, 0x6F, 0x1B, 0x06,
    0x2C, 0x22, 0xE7, 0x2C, 0x06, 0x7B, 0xAC, 0xE0, 0x76, 0x1B, 0xA8, 0xB9, 0x23, 0x6A, 0x77, 0x94,
    0x4C, 0x19, 0xB4, 0x29, 0x96, 0xDC, 0x63, 0xDF, 0x59, 0x5D, 0xF6, 0xDC, 0x2F, 0x90, 0x9F, 0x27,
    0x0C, 0x46, 0xD9, 0x74, 0xF1, 0xD4, 0x28, 0x94, 0x55, 0x66, 0xB9, 0xA6, 0x70, 0x56, 0x67, 0x62,
    0x99, 0xE4, 0xAA, 0x57, 0x85, 0xFE, 0x07, 0x8B, 0x67, 0xB6, 0x42, 0x18, 0x20, 0x04, 0x3A, 0x2E,
    0xF7, 0x4F, 0x47, 0xF8, 0x66, 0x56, 0x6D, 0x86, 0x9E, 0x18, 0x83, 0x61, 0x88, 0x20, 0x37, 0xA8,
    0x43, 0x1E, 0x6F, 0x50, 0xD1, 0xE4, 0x3F, 0x3D, 0xAA, 0xC3, 0xDE, 0x6D, 0x33, 0x2B, 0x87, 0x61,
    0x24, 0x76, 0x56, 0xF6, 0xC2, 0x08, 0xF5, 0xAC, 0x94, 0x66, 0x04, 0xE5, 0xF2, 0x96, 0xA5, 0x25,
    0x6B, 0x39, 0x69, 0xD7, 0x21, 0xD9, 0xC5, 0x5A, 0xBF, 0xFD, 0xDC, 0x34, 0x9F, 0x85, 0xC1, 0x76,
    0x5E, 0xDD, 0xD0, 0xF7, 0xD1, 0xDC, 0x0D, 0x7E, 0x44, 0x6A, 0xDE, 0x75, 0xB5, 0xCC, 0x11, 0xA3,
    0x03, 0x1C, 0x80, 0x03, 0x93, 0x52, 0x60, 0x8F, 0x0D, 0x53, 0x51, 0x8F, 0xCD, 0xB9, 0x12, 0x11,
    0x75, 0xCC, 0x29, 0xE5, 0x9B, 0x93, 0xEC, 0xB5, 0xF7, 0x96, 0x53, 0xB2, 0xD4, 0xB5, 0x9D, 0x90,
    0x57, 0x2B, 0x69, 0x6F, 0x3B, 0x9D, 0x2F, 0xD7, 0xE7, 0x53, 0x74, 0x80, 0xE4, 0x26, 0xC8, 0x8F,
    0x94, 0x33, 0x63, 0xDF, 0x51, 0x7B, 0x5D, 0xC8, 0xCB, 0x85, 0xA7, 0x2D, 0x14, 0x2F, 0xF8, 0x96,
    0xC5, 0xA5, 0xC5, 0x64, 0x7A, 0x66, 0x80, 0x3E, 0xCF, 0x23, 0x1F, 0x79, 0x62, 0x26, 0x53, 0x44,
    0x26, 0x3E, 0xE6, 0x8B, 0xBA, 0x6E, 0xFC, 0xE3, 0x35, 0xDC, 0x88, 0x0F, 0x95, 0x28, 0x1C, 0xC6,
    0xBB, 0x5A, 0x24, 0x2F, 0xE3, 0xFE, 0xEB, 0x22, 0xB3, 0x22, 0xEE, 0x6F, 0x8A, 0xFF, 0x83, 0x8D,
    0xAF, 0x5E, 0x15, 0xFF, 0x85, 0x8D, 0xAF, 0x25, 0xE2, 0xB3, 0xEC, 0x39, 0x06, 0x5E, 0x23, 0x56,
    0x2C, 0xA5, 0x5F, 0x9A, 0x66, 0xEA, 0x5E, 0xFE, 0xA3, 0x34, 0xCA, 0xF3, 0xAF, 0x42, 0x97, 0xA6,
    0x00, 0x35, 0xC5, 0x5F, 0x45, 0x8E, 0x31, 0x0A, 0xC2, 0x50, 0x10, 0x44, 0x5F, 0x8C, 0x10, 0xC9,
    0x57, 0x73, 0x81, 0x80, 0xAD, 0x45, 0x84, 0x14, 0x16, 0x29, 0x04, 0x73, 0x18, 0x0F, 0xE0, 0x05,
    0x14, 0x8F, 0x90, 0xA3, 0xA4, 0xB4, 0x11, 0xFF, 0x11, 0xD2, 0xDB, 0xA4, 0x48, 0xEF, 0x6F, 0x05,
    0x75, 0xDD, 0x9F, 0x04, 0x5C, 0x18, 0x06, 0x76, 0x66, 0x67, 0x16, 0x12, 0xF9, 0xD2, 0x4F, 0x78,
    0x81, 0x4C, 0xB9, 0x81, 0xA5, 0x52, 0x0D, 0x91, 0xD2, 0x16, 0x26, 0x16, 0xD2, 0x41, 0x88, 0x95,
    0x8E, 0x6A, 0x2D, 0xA1, 0x18, 0x84, 0xB9, 0x6E, 0x5A, 0x30, 0x3E, 0x61, 0xD5, 0xC8, 0x43, 0x9E,
    0x72, 0x7F, 0x8B, 0x3D, 0x60, 0xAA, 0xD9, 0xE6, 0x9A, 0xE5, 0xC6, 0xA9, 0x10, 0x30, 0x5D, 0xB9,
    0xB4, 0x38, 0xAD, 0x73, 0xA3, 0xDE, 0x4A, 0xD3, 0x42, 0x5F, 0xBB, 0xF3, 0x0D, 0x56, 0x93, 0x44,
    0x5A, 0xAB, 0x4D, 0x31, 0xE3, 0xD4, 0x98, 0x8E, 0x73, 0x19, 0x75, 0x24, 0x25, 0xC1, 0x8B, 0x01,
    0x1F, 0x85, 0x1B, 0x0C, 0x7B, 0x11, 0xED, 0x66, 0x31, 0x6E, 0x3D, 0x6E, 0xFA, 0x8F, 0x23, 0xF2,
    0x77, 0xA6, 0xBF, 0xE3, 0x6F, 0xFD, 0x01, 0xAD, 0x90, 0x31, 0x0E, 0xC2, 0x30, 0x0C, 0x45, 0x7F,
    0x92, 0xA1, 0x03, 0x43, 0x17, 0xD6, 0xC2, 0x11, 0x72, 0x02, 0x50, 0x36, 0xAE, 0xD3, 0x81, 0x03,
    0x20, 0xCE, 0xC4, 0xDE, 0x4A, 0xBD, 0x80, 0x8F, 0xE0, 0x23, 0x74, 0xC8, 0xD0, 0x25, 0x32, 0x36,
    0x15, 0x02, 0xA1, 0x22, 0x40, 0x42, 0x96, 0xAD, 0xC8, 0xB2, 0xFF, 0x7F, 0x0E, 0x00, 0x2F, 0x80,
    0x93, 0x03, 0xB9, 0x54, 0xEB, 0xA3, 0x0F, 0x27, 0x80, 0x3D, 0x03, 0x17, 0x64, 0x60, 0xA7, 0x81,
    0x3A, 0xD5, 0x09, 0x51, 0x44, 0x7A, 0x37, 0x61, 0x7A, 0x6E, 0x06, 0x0A, 0x04, 0x9D, 0xCB, 0x6F,
    0x9A, 0x7B, 0x0D, 0x74, 0xB9, 0xCB, 0x66, 0x91, 0xD0, 0x6C, 0x7B, 0xB4, 0x3E, 0x41, 0xD5, 0x9D,
    0xA6, 0x8D, 0xDD, 0x53, 0xE5, 0xA9, 0x62, 0x5B, 0xFD, 0x10, 0x1C, 0x38, 0x96, 0x58, 0x14, 0x9B,
    0xD0, 0xAC, 0x08, 0xAD, 0x6E, 0x8F, 0x81, 0xFC, 0xCB, 0x6E, 0x94, 0xE1, 0x37, 0xBD, 0x99, 0x10,
    0x55, 0x51, 0xC6, 0x35, 0x46, 0x07, 0xB4, 0xC6, 0x09, 0x36, 0x52, 0x4F, 0x33, 0xE7, 0xA3, 0xDA,
    0x77, 0xDC, 0x88, 0xBF, 0xF1, 0x58, 0xF0, 0x9C, 0x5D, 0xD5, 0xD7, 0xC9, 0x59, 0x2F, 0xD9, 0x54,
    0x45, 0x6F, 0x39, 0xDA, 0x25, 0x18, 0xAD, 0x3A, 0xF6, 0x8B, 0xCA, 0xE6, 0x3B, 0xFC, 0xC1, 0xF7,
    0x0A,
};

static const EpdGlyph newsreader_13_regularGlyphs[] = {
    { 0, 0, 6, 0, 0, 0, 0 }, // U+0020
    { 3, 19, 7, 2, 19, 15, 0 }, // !
    { 7, 7, 9, 1, 19, 13, 15 }, // "
    { 13, 19, 15, 1, 19, 62, 28 }, // #
    { 13, 25, 15, 1, 22, 82, 90 }, // $
    { 20, 19, 21, 1, 19, 95, 172 }, // %
    { 18, 19, 20, 2, 19, 86, 267 }, // &
    { 3, 7, 5, 1, 19, 6, 353 }, // '
    { 6, 24, 8, 1, 20, 36, 359 }, // (
    { 7, 24, 8, 0, 20, 42, 395 }, // )
    { 10, 10, 12, 1, 19, 25, 437 }, // *
    { 11, 11, 13, 1, 12, 31, 462 }, // +
    { 5, 9, 6, 0, 3, 12, 493 }, // ,
    { 6, 2, 10, 2, 7, 3, 505 }, // -
    { 3, 3, 5, 1, 3, 3, 508 }, // .
    { 10, 19, 11, 0, 19, 48, 511 }, // /
    { 13, 19, 15, 1, 19, 62, 559 }, // 0
    { 13, 19, 15, 1, 19, 62, 621 }, // 1
    { 13, 20, 15, 1, 19, 65, 683 }, // 2
    { 12, 19, 15, 2, 19, 57, 748 }, // 3
    { 15, 19, 15, 1, 19, 72, 805 }, // 4
    { 14, 20, 15, 1, 20, 70, 877 }, // 5
    { 12, 20, 15, 2, 20, 60, 947 }, // 6
    { 12, 19, 15, 2, 19, 57, 1007 }, // 7
    { 13, 19, 15, 1, 19, 62, 1064 }, // 8
    { 12, 20, 15, 1, 19, 60, 1126 }, // 9
    { 3, 12, 7, 2, 12, 9, 1186 }, // :
    { 5, 17, 8, 1, 12, 22, 1195 }, // ;
    { 12, 14, 14, 1, 13, 42, 1217 }, // <
    { 10, 7, 14, 2, 9, 18, 1259 }, // =
    { 12, 14, 14, 1, 13, 42, 1277 }, // >
    { 10, 19, 11, 0, 19, 48, 1319 }, // ?
    { 23, 24, 24, 1, 20, 138, 1367 }, // @
    { 20, 19, 19, 0, 19, 95, 1505 }, // A
    { 16, 18, 17, 0, 18, 72, 1600 }, // B
    { 17, 19, 18, 1, 19, 81, 1672 }, // C
    { 19, 18, 20, 0, 18, 86, 1753 }, // D
    { 16, 20, 17, 0, 19, 80, 1839 }, // E
    { 15, 19, 15, 0, 19, 72, 1919 }, // F
    { 19, 19, 20, 1, 19, 91, 1991 }, // G
    { 21, 19, 21, 0, 19, 100, 2082 }, // H
    { 8, 19, 9, 0, 19, 38, 2182 }, // I
    { 11, 19, 12, 1, 19, 53, 2220 }, // J
    { 20, 19, 19, 0, 19, 95, 2273 }, // K
    { 16, 20, 16, 0, 20, 80, 2368 }, // L
    { 25, 19, 26, 1, 19, 119, 2448 }, // M
    { 20, 19, 20, 0, 19, 95, 2567 }, // N
    { 18, 19, 20, 1, 19, 86, 2662 }, // O
    { 16, 18, 16, 0, 18, 72, 2748 }, // P
    { 19, 25, 20, 1, 19, 119, 2820 }, // Q
    { 17, 18, 17, 0, 18, 77, 2939 }, // R
    { 13, 19, 15, 1, 19, 62, 3016 }, // S
    { 18, 20, 18, 0, 20, 90, 3078 }, // T
    { 21, 19, 21, 0, 19, 100, 3168 }, // U
    { 20, 19, 18, -1, 19, 95, 3268 }, // V
    { 27, 19, 26, -1, 19, 129, 3363 }, // W
    { 20, 19, 19, 0, 19, 95, 3492 }, // X
    { 19, 19, 18, -1, 19, 91, 3587 }, // Y
    { 16, 20, 16, 0, 19, 80, 3678 }, // Z
    { 7, 24, 9, 2, 19, 42, 3758 }, // [
    { 10, 19, 11, 0, 19, 48, 3800 }, // <backslash>
    { 7, 24, 9, 0, 19, 42, 3848 }, // ]
    { 11, 11, 14, 1, 19, 31, 3890 }, // ^
    { 11, 2, 11, 0, -3, 6, 3921 }, // _
    { 6, 5, 14, 2, 19, 8, 3927 }, // `
    { 11, 12, 12, 1, 12, 33, 3935 }, // a
    { 15, 20, 14, -1, 20, 75, 3968 }, // b
    { 10, 12, 11, 1, 12, 30, 4043 }, // c
    { 14, 20, 15, 1, 20, 70, 4073 }, // d
    { 11, 12, 12, 1, 12, 33, 4143 }, // e
    { 13, 20, 9, 0, 20, 65, 4176 }, // f
    { 13, 19, 14, 1, 12, 62, 4241 }, // g
    { 16, 20, 14, -1, 20, 80, 4303 }, // h
    { 7, 20, 7, 0, 20, 35, 4383 }, // i
    { 5, 28, 6, 0, 20, 35, 4418 }, // j
    { 16, 20, 14, -1, 20, 80, 4453 }, // k
    { 8, 20, 7, -1, 20, 40, 4533 }, // l
    { 23, 12, 22, 0, 12, 69, 4573 }, // m
    { 16, 12, 15, 0, 12, 48, 4642 }, // n
    { 12, 12, 14, 1, 12, 36, 4690 }, // o
    { 15, 19, 15, 0, 12, 72, 4726 }, // p
    { 14, 19, 14, 1, 12, 67, 4798 }, // q
    { 11, 12, 11, 0, 12, 33, 4865 }, // r
    { 9, 12, 10, 0, 12, 27, 4898 }, // s
    { 9, 14, 9, 0, 14, 32, 4925 }, // t
    { 14, 12, 15, 1, 12, 42, 4957 }, // u
    { 15, 12, 14, -1, 12, 45, 4999 }, // v
    { 20, 12, 20, 0, 12, 60, 5044 }, // w
    { 14, 12, 13, 0, 12, 42, 5104 }, // x
    { 15, 19, 14, -1, 12, 72, 5146 }, // y
    { 10, 12, 11, 1, 12, 30, 5218 }, // z
    { 9, 24, 9, 0, 19, 54, 5248 }, // {
    { 2, 28, 6, 2, 21, 14, 5302 }, // |
    { 8, 24, 9, 0, 19, 48, 5316 }, // }
    { 11, 4, 14, 1, 8, 11, 5364 }, // ~
    { 0, 0, 6, 0, 0, 0, 0 }, // U+00A0
    { 3, 19, 7, 2, 12, 15, 0 }, // U+00A1
    { 10, 18, 15, 3, 18, 45, 15 }, // U+00A2
    { 13, 20, 15, 1, 19, 65, 60 }, // U+00A3
    { 9, 9, 11, 1, 10, 21, 125 }, // U+00A4
    { 18, 19, 16, -1, 19, 86, 146 }, // U+00A5
    { 2, 27, 6, 2, 20, 14, 232 }, // U+00A6
    { 12, 23, 14, 1, 19, 69, 246 }, // U+00A7
    { 8, 3, 13, 3, 18, 6, 315 }, // U+00A8
    { 20, 20, 23, 1, 19, 100, 321 }, // U+00A9
    { 10, 13, 12, 2, 18, 33, 421 }, // U+00AA
    { 12, 12, 13, 1, 12, 36, 454 }, // U+00AB
    { 10, 6, 14, 2, 9, 15, 490 }, // U+00AC
    { 6, 2, 10, 2, 7, 3, 505 }, // U+00AD
    { 12, 13, 14, 1, 19, 39, 508 }, // U+00AE
    { 7, 2, 13, 3, 17, 4, 547 }, // U+00AF
    { 8, 9, 10, 1, 18, 18, 551 }, // U+00B0
    { 10, 12, 14, 2, 12, 30, 569 }, // U+00B1
    { 8, 11, 9, 0, 18, 22, 599 }, // U+00B2
    { 8, 10, 9, 0, 18, 20, 621 }, // U+00B3
    { 6, 5, 14, 5, 19, 8, 641 }, // U+00B4
    { 12, 19, 14, 2, 12, 57, 649 }, // U+00B5
    { 15, 22, 15, 0, 18, 83, 706 }, // U+00B6
    { 3, 3, 7, 2, 7, 3, 789 }, // U+00B7
    { 6, 9, 14, 3, 2, 14, 792 }, // U+00B8
    { 7, 10, 7, 0, 18, 18, 806 }, // U+00B9
    { 9, 12, 13, 2, 18, 27, 824 }, // U+00BA
    { 12, 12, 14, 1, 12, 36, 851 }, // U+00BB
    { 19, 18, 20, 0, 18, 86, 887 }, // U+00BC
    { 21, 19, 21, 0, 18, 100, 973 }, // U+00BD
    { 19, 18, 20, 0, 18, 86, 1073 }, // U+00BE
    { 11, 19, 11, 0, 12, 53, 1159 }, // U+00BF
    { 20, 24, 19, 0, 24, 120, 1212 }, // U+00C0
    { 20, 24, 19, 0, 24, 120, 1332 }, // U+00C1
    { 20, 24, 19, 0, 24, 120, 1452 }, // U+00C2
    { 20, 24, 19, 0, 24, 120, 1572 }, // U+00C3
    { 20, 23, 19, 0, 23, 115, 1692 }, // U+00C4
    { 20, 25, 19, 0, 25, 125, 1807 }, // U+00C5
    { 26, 20, 27, 0, 19, 130, 1932 }, // U+00C6
    { 17, 26, 18, 1, 19, 111, 2062 }, // U+00C7
    { 16, 25, 17, 0, 24, 100, 2173 }, // U+00C8
    { 16, 25, 17, 0, 24, 100, 2273 }, // U+00C9
    { 16, 25, 17, 0, 24, 100, 2373 }, // U+00CA
    { 16, 24, 16, 0, 23, 96, 2473 }, // U+00CB
    { 8, 24, 10, 1, 24, 48, 2569 }, // U+00CC
    { 8, 24, 9, 0, 24, 48, 2617 }, // U+00CD
    { 9, 24, 9, 0, 24, 54, 2665 }, // U+00CE
    { 8, 23, 10, 1, 23, 46, 2719 }, // U+00CF
    { 19, 18, 20, 0, 18, 86, 2765 }, // U+00D0
    { 20, 24, 20, 0, 24, 120, 2851 }, // U+00D1
    { 18, 24, 20, 1, 24, 108, 2971 }, // U+00D2
    { 18, 24, 20, 1, 24, 108, 3079 }, // U+00D3
    { 18, 24, 20, 1, 24, 108, 3187 }, // U+00D4
    { 18, 24, 20, 1, 24, 108, 3295 }, // U+00D5
    { 18, 24, 20, 1, 24, 108, 3403 }, // U+00D6
    { 10, 10, 14, 2, 11, 25, 3511 }, // U+00D7
    { 19, 19, 20, 1, 19, 91, 3536 }, // U+00D8
    { 21, 24, 21, 0, 24, 126, 3627 }, // U+00D9
    { 21, 24, 21, 0, 24, 126, 3753 }, // U+00DA
    { 21, 24, 21, 0, 24, 126, 3879 }, // U+00DB
    { 21, 24, 21, 0, 24, 126, 4005 }, // U+00DC
    { 20, 24, 18, -1, 24, 120, 4131 }, // U+00DD
    { 16, 19, 16, 0, 19, 76, 4251 }, // U+00DE
    { 16, 20, 17, 0, 20, 80, 4327 }, // U+00DF
    { 11, 19, 12, 1, 19, 53, 4407 }, // U+00E0
    { 12, 19, 12, 1, 19, 57, 4460 }, // U+00E1
    { 11, 19, 12, 1, 19, 53, 4517 }, // U+00E2
    { 11, 19, 12, 1, 19, 53, 4570 }, // U+00E3
    { 12, 18, 11, 0, 18, 54, 4623 }, // U+00E4
    { 11, 19, 12, 1, 19, 53, 4677 }, // U+00E5
    { 17, 12, 18, 1, 12, 51, 4730 }, // U+00E6
    { 10, 19, 11, 1, 12, 48, 4781 }, // U+00E7
    { 11, 19, 12, 1, 19, 53, 4829 }, // U+00E8
    { 10, 19, 12, 1, 19, 48, 4882 }, // U+00E9
    { 11, 19, 12, 1, 19, 53, 4930 }, // U+00EA
    { 10, 18, 12, 1, 18, 45, 4983 }, // U+00EB
    { 8, 19, 8, 0, 19, 38, 5028 }, // U+00EC
    { 9, 19, 8, 0, 19, 43, 5066 }, // U+00ED
    { 9, 19, 8, 0, 19, 43, 5109 }, // U+00EE
    { 8, 18, 7, 0, 18, 36, 5152 }, // U+00EF
    { 12, 20, 14, 1, 20, 60, 5188 }, // U+00F0
    { 16, 19, 15, 0, 19, 76, 5248 }, // U+00F1
    { 12, 19, 14, 1, 19, 57, 5324 }, // U+00F2
    { 12, 19, 14, 1, 19, 57, 5381 }, // U+00F3
    { 12, 19, 14, 1, 19, 57, 5438 }, // U+00F4
    { 12, 19, 14, 1, 19, 57, 5495 }, // U+00F5
    { 12, 18, 14, 1, 18, 54, 5552 }, // U+00F6
    { 10, 12, 14, 2, 12, 30, 5606 }, // U+00F7
    { 14, 12, 14, 0, 12, 42, 5636 }, // U+00F8
    { 14, 19, 15, 1, 19, 67, 5678 }, // U+00F9
    { 14, 19, 15, 1, 19, 67, 5745 }, // U+00FA
    { 14, 19, 15, 1, 19, 67, 5812 }, // U+00FB
    { 14, 18, 15, 1, 18, 63, 5879 }, // U+00FC
    { 14, 26, 13, -1, 19, 91, 5942 }, // U+00FD
    { 15, 27, 14, -1, 20, 102, 6033 }, // U+00FE
    { 14, 25, 13, -1, 18, 88, 6135 }, // U+00FF
    { 20, 23, 19, 0, 23, 115, 0 }, // U+0100
    { 11, 17, 12, 1, 17, 47, 115 }, // U+0101
    { 20, 24, 19, 0, 24, 120, 162 }, // U+0102
    { 11, 19, 12, 1, 19, 53, 282 }, // U+0103
    { 20, 26, 19, 0, 19, 130, 335 }, // U+0104
    { 12, 19, 12, 1, 12, 57, 465 }, // U+0105
    { 17, 24, 19, 1, 24, 102, 522 }, // U+0106
    { 10, 19, 11, 1, 19, 48, 624 }, // U+0107
    { 17, 24, 18, 1, 24, 102, 672 }, // U+0108
    { 10, 19, 11, 1, 19, 48, 774 }, // U+0109
    { 17, 24, 19, 1, 24, 102, 822 }, // U+010A
    { 10, 18, 11, 1, 18, 45, 924 }, // U+010B
    { 17, 24, 18, 1, 24, 102, 969 }, // U+010C
    { 10, 19, 11, 1, 19, 48, 1071 }, // U+010D
    { 19, 24, 20, 0, 24, 114, 1119 }, // U+010E
    { 17, 20, 15, 1, 20, 85, 1233 }, // U+010F
    { 19, 18, 20, 0, 18, 86, 1318 }, // U+0110
    { 14, 20, 15, 1, 20, 70, 1404 }, // U+0111
    { 16, 24, 17, 0, 23, 96, 1474 }, // U+0112
    { 11, 17, 12, 1, 17, 47, 1570 }, // U+0113
    { 16, 25, 17, 0, 24, 100, 1617 }, // U+0114
    { 11, 19, 12, 1, 19, 53, 1717 }, // U+0115
    { 16, 24, 17, 0, 23, 96, 1770 }, // U+0116
    { 11, 18, 12, 1, 18, 50, 1866 }, // U+0117
    { 16, 27, 17, 0, 20, 108, 1916 }, // U+0118
    { 11, 19, 12, 1, 12, 53, 2024 }, // U+0119
    { 16, 25, 17, 0, 24, 100, 2077 }, // U+011A
    { 11, 19, 12, 1, 19, 53, 2177 }, // U+011B
    { 19, 24, 20, 1, 24, 114, 2230 }, // U+011C
    { 13, 26, 14, 1, 19, 85, 2344 }, // U+011D
    { 19, 24, 20, 1, 24, 114, 2429 }, // U+011E
    { 13, 26, 14, 1, 19, 85, 2543 }, // U+011F
    { 19, 24, 20, 1, 24, 114, 2628 }, // U+0120
    { 13, 25, 14, 1, 18, 82, 2742 }, // U+0121
    { 19, 24, 20, 1, 24, 114, 2824 }, // U+0122
    { 13, 26, 14, 1, 19, 85, 2938 }, // U+0123
    { 21, 24, 21, 0, 24, 126, 3023 }, // U+0124
    { 16, 25, 14, -1, 25, 100, 3149 }, // U+0125
    { 21, 19, 21, 0, 19, 100, 3249 }, // U+0126
    { 16, 20, 14, -1, 20, 80, 3349 }, // U+0127
    { 8, 24, 9, 0, 24, 48, 3429 }, // U+0128
    { 9, 19, 8, 0, 19, 43, 3477 }, // U+0129
    { 7, 23, 9, 1, 23, 41, 3520 }, // U+012A
    { 7, 17, 9, 1, 17, 30, 3561 }, // U+012B
    { 8, 24, 9, 0, 24, 48, 3591 }, // U+012C
    { 9, 19, 8, 0, 19, 43, 3639 }, // U+012D
    { 8, 26, 9, 1, 19, 52, 3682 }, // U+012E
    { 7, 27, 7, 0, 20, 48, 3734 }, // U+012F
    { 7, 23, 9, 1, 23, 41, 3782 }, // U+0130
    { 8, 12, 8, 0, 12, 24, 3823 }, // U+0131
    { 12, 24, 12, 1, 24, 72, 3847 }, // U+0134
    { 9, 27, 6, -1, 19, 61, 3919 }, // U+0135
    { 20, 27, 20, 0, 19, 135, 3980 }, // U+0136
    { 16, 28, 14, -1, 20, 112, 4115 }, // U+0137
    { 16, 12, 15, 0, 12, 48, 4227 }, // U+0138
    { 16, 25, 16, 0, 25, 100, 4275 }, // U+0139
    { 8, 25, 7, -1, 25, 50, 4375 }, // U+013A
    { 16, 27, 16, 0, 20, 108, 4425 }, // U+013B
    { 8, 28, 8, 0, 20, 56, 4533 }, // U+013C
    { 16, 19, 16, 0, 19, 76, 4589 }, // U+013D
    { 10, 20, 7, -1, 20, 50, 4665 }, // U+013E
    { 16, 20, 16, 0, 20, 80, 4715 }, // U+013F
    { 9, 20, 7, -1, 20, 45, 4795 }, // U+0140
    { 16, 20, 17, 1, 20, 80, 4840 }, // U+0141
    { 7, 20, 8, 1, 20, 35, 4920 }, // U+0142
    { 20, 24, 20, 0, 24, 120, 4955 }, // U+0143
    { 16, 19, 15, 0, 19, 76, 5075 }, // U+0144
    { 20, 26, 20, 0, 19, 130, 5151 }, // U+0145
    { 16, 20, 15, 0, 12, 80, 5281 }, // U+0146
    { 20, 24, 20, 0, 24, 120, 5361 }, // U+0147
    { 16, 19, 15, 0, 19, 76, 5481 }, // U+0148
    { 20, 26, 20, 0, 19, 130, 5557 }, // U+014A
    { 13, 20, 15, 0, 12, 65, 5687 }, // U+014B
    { 18, 23, 20, 1, 23, 104, 5752 }, // U+014C
    { 12, 17, 14, 1, 17, 51, 5856 }, // U+014D
    { 18, 24, 20, 1, 24, 108, 5907 }, // U+014E
    { 12, 19, 14, 1, 19, 57, 6015 }, // U+014F
    { 18, 24, 20, 1, 24, 108, 6072 }, // U+0150
    { 12, 19, 14, 1, 19, 57, 6180 }, // U+0151
    { 26, 20, 28, 1, 19, 130, 6237 }, // U+0152
    { 20, 12, 22, 1, 12, 60, 6367 }, // U+0153
    { 17, 24, 17, 0, 24, 102, 6427 }, // U+0154
    { 11, 19, 11, 0, 19, 53, 6529 }, // U+0155
    { 17, 26, 17, 0, 18, 111, 6582 }, // U+0156
    { 10, 20, 10, 0, 12, 50, 6693 }, // U+0157
    { 17, 24, 17, 0, 24, 102, 6743 }, // U+0158
    { 11, 19, 11, 0, 19, 53, 6845 }, // U+0159
    { 13, 24, 15, 1, 24, 78, 6898 }, // U+015A
    { 9, 19, 10, 0, 19, 43, 6976 }, // U+015B
    { 13, 24, 15, 1, 24, 78, 7019 }, // U+015C
    { 9, 19, 10, 0, 19, 43, 7097 }, // U+015D
    { 13, 26, 15, 1, 19, 85, 7140 }, // U+015E
    { 9, 19, 10, 0, 12, 43, 7225 }, // U+015F
    { 13, 24, 15, 1, 24, 78, 7268 }, // U+0160
    { 9, 19, 10, 0, 19, 43, 7346 }, // U+0161
    { 18, 27, 18, 0, 20, 122, 7389 }, // U+0162
    { 9, 21, 9, 0, 14, 48, 7511 }, // U+0163
    { 18, 24, 18, 0, 24, 108, 7559 }, // U+0164
    { 9, 18, 9, 0, 18, 41, 7667 }, // U+0165
    { 18, 20, 18, 0, 20, 90, 7708 }, // U+0166
    { 9, 14, 9, 0, 14, 32, 7798 }, // U+0167
    { 21, 24, 21, 0, 24, 126, 7830 }, // U+0168
    { 14, 19, 15, 1, 19, 67, 7956 }, // U+0169
    { 21, 23, 21, 0, 23, 121, 8023 }, // U+016A
    { 14, 17, 15, 1, 17, 60, 8144 }, // U+016B
    { 21, 24, 21, 0, 24, 126, 8204 }, // U+016C
    { 14, 19, 15, 1, 19, 67, 8330 }, // U+016D
    { 21, 25, 21, 0, 25, 132, 8397 }, // U+016E
    { 14, 19, 15, 1, 19, 67, 8529 }, // U+016F
    { 21, 24, 21, 0, 24, 126, 8596 }, // U+0170
    { 14, 19, 15, 1, 19, 67, 8722 }, // U+0171
    { 21, 26, 21, 0, 19, 137, 8789 }, // U+0172
    { 14, 19, 15, 1, 12, 67, 8926 }, // U+0173
    { 27, 24, 26, -1, 24, 162, 8993 }, // U+0174
    { 20, 19, 20, 0, 19, 95, 9155 }, // U+0175
    { 19, 24, 18, -1, 24, 114, 9250 }, // U+0176
    { 15, 26, 14, -1, 19, 98, 9364 }, // U+0177
    { 19, 23, 18, -1, 23, 110, 9462 }, // U+0178
    { 16, 25, 16, 0, 24, 100, 9572 }, // U+0179
    { 10, 19, 11, 1, 19, 48, 9672 }, // U+017A
    { 17, 24, 17, 0, 23, 102, 9720 }, // U+017B
    { 11, 18, 11, 0, 18, 50, 9822 }, // U+017C
    { 16, 25, 16, 0, 24, 100, 9872 }, // U+017D
    { 10, 19, 11, 1, 19, 48, 9972 }, // U+017E
    { 18, 22, 20, 1, 22, 99, 0 }, // U+01A0
    { 13, 16, 15, 1, 16, 52, 99 }, // U+01A1
    { 23, 22, 21, 0, 22, 127, 151 }, // U+01AF
    { 15, 16, 16, 1, 16, 60, 278 }, // U+01B0
    { 36, 25, 36, 0, 24, 225, 338 }, // U+01C4
    { 31, 18, 31, 0, 18, 140, 563 }, // U+01C5
    { 24, 20, 25, 1, 20, 120, 703 }, // U+01C6
    { 27, 20, 27, 0, 20, 135, 823 }, // U+01C7
    { 20, 27, 21, 0, 20, 135, 958 }, // U+01C8
    { 12, 28, 12, -1, 20, 84, 1093 }, // U+01C9
    { 31, 19, 31, 0, 19, 148, 1177 }, // U+01CA
    { 24, 28, 25, 0, 20, 168, 1325 }, // U+01CB
    { 20, 28, 21, 0, 20, 140, 1493 }, // U+01CC
    { 19, 24, 20, 1, 24, 114, 1633 }, // U+01E6
    { 13, 26, 14, 1, 19, 85, 1747 }, // U+01E7
    { 18, 26, 20, 1, 19, 117, 1832 }, // U+01EA
    { 12, 19, 14, 1, 12, 57, 1949 }, // U+01EB
    { 20, 29, 19, 0, 29, 145, 2006 }, // U+01FA
    { 12, 26, 12, 1, 26, 78, 2151 }, // U+01FB
    { 26, 25, 27, 0, 24, 163, 2229 }, // U+01FC
    { 17, 19, 18, 1, 19, 81, 2392 }, // U+01FD
    { 19, 24, 20, 1, 24, 114, 2473 }, // U+01FE
    { 14, 19, 14, 0, 19, 67, 2587 }, // U+01FF
    { 20, 24, 19, 0, 24, 120, 2654 }, // U+0200
    { 13, 19, 12, -1, 19, 62, 2774 }, // U+0201
    { 20, 24, 19, 0, 24, 120, 2836 }, // U+0202
    { 11, 19, 12, 1, 19, 53, 2956 }, // U+0203
    { 16, 25, 17, 0, 24, 100, 3009 }, // U+0204
    { 12, 19, 12, 0, 19, 57, 3109 }, // U+0205
    { 16, 25, 17, 0, 24, 100, 3166 }, // U+0206
    { 11, 19, 12, 1, 19, 53, 3266 }, // U+0207
    { 11, 24, 9, -3, 24, 66, 3319 }, // U+0208
    { 10, 19, 8, -2, 19, 48, 3385 }, // U+0209
    { 8, 24, 9, 0, 24, 48, 3433 }, // U+020A
    { 9, 19, 8, 0, 19, 43, 3481 }, // U+020B
    { 18, 24, 20, 1, 24, 108, 3524 }, // U+020C
    { 12, 19, 14, 1, 19, 57, 3632 }, // U+020D
    { 18, 24, 20, 1, 24, 108, 3689 }, // U+020E
    { 12, 19, 14, 1, 19, 57, 3797 }, // U+020F
    { 17, 24, 17, 0, 24, 102, 3854 }, // U+0210
    { 11, 19, 11, 0, 19, 53, 3956 }, // U+0211
    { 17, 24, 17, 0, 24, 102, 4009 }, // U+0212
    { 11, 19, 11, 0, 19, 53, 4111 }, // U+0213
    { 21, 24, 21, 0, 24, 126, 4164 }, // U+0214
    { 14, 19, 15, 1, 19, 67, 4290 }, // U+0215
    { 21, 24, 21, 0, 24, 126, 4357 }, // U+0216
    { 14, 19, 15, 1, 19, 67, 4483 }, // U+0217
    { 13, 26, 15, 1, 19, 85, 4550 }, // U+0218
    { 9, 19, 10, 0, 12, 43, 4635 }, // U+0219
    { 18, 28, 18, 0, 20, 126, 4678 }, // U+021A
    { 9, 21, 9, 0, 14, 48, 4804 }, // U+021B
    { 6, 5, 0, -4, 19, 8, 0 }, // U+0300
    { 6, 5, 0, -2, 19, 8, 8 }, // U+0301
    { 8, 5, 0, -4, 19, 10, 16 }, // U+0302
    { 8, 5, 0, -4, 19, 10, 26 }, // U+0303
    { 7, 2, 0, -3, 17, 4, 36 }, // U+0304
    { 8, 5, 0, -4, 19, 10, 40 }, // U+0306
    { 3, 3, 0, -2, 17, 3, 50 }, // U+0307
    { 8, 3, 0, -4, 18, 6, 53 }, // U+0308
    { 5, 6, 0, -2, 19, 8, 59 }, // U+0309
    { 5, 6, 0, -2, 19, 8, 67 }, // U+030A
    { 9, 5, 0, -3, 19, 12, 75 }, // U+030B
    { 8, 5, 0, -4, 19, 10, 87 }, // U+030C
    { 9, 5, 0, -6, 19, 12, 97 }, // U+030F
    { 8, 5, 0, -4, 19, 10, 109 }, // U+0311
    { 4, 5, 0, -2, 19, 5, 119 }, // U+0312
    { 7, 6, 0, -1, 16, 11, 124 }, // U+031B
    { 3, 3, 0, -2, -2, 3, 135 }, // U+0323
    { 8, 3, 0, -4, -2, 6, 138 }, // U+0324
    { 5, 6, 0, -3, -1, 8, 144 }, // U+0326
    { 6, 9, 0, -4, 2, 14, 152 }, // U+0327
    { 6, 9, 0, -5, 1, 14, 166 }, // U+0328
    { 8, 5, 0, -4, -1, 10, 180 }, // U+032E
    { 7, 2, 0, -3, -3, 4, 190 }, // U+0331
    { 8, 2, 0, -4, 15, 4, 194 }, // U+0335
    { 20, 24, 19, 0, 19, 120, 0 }, // U+1EA0
    { 11, 17, 12, 1, 12, 47, 120 }, // U+1EA1
    { 20, 25, 19, 0, 25, 125, 167 }, // U+1EA2
    { 11, 20, 12, 1, 20, 55, 292 }, // U+1EA3
    { 20, 26, 19, 0, 26, 130, 347 }, // U+1EA4
    { 12, 21, 12, 1, 21, 63, 477 }, // U+1EA5
    { 20, 25, 19, 0, 25, 125, 540 }, // U+1EA6
    { 14, 21, 12, -2, 21, 74, 665 }, // U+1EA7
    { 20, 27, 19, 0, 27, 135, 739 }, // U+1EA8
    { 11, 23, 12, 1, 23, 64, 874 }, // U+1EA9
    { 20, 26, 19, 0, 26, 130, 938 }, // U+1EAA
    { 11, 21, 12, 1, 21, 58, 1068 }, // U+1EAB
    { 20, 29, 19, 0, 24, 145, 1126 }, // U+1EAC
    { 11, 24, 12, 1, 19, 66, 1271 }, // U+1EAD
    { 20, 26, 19, 0, 26, 130, 1337 }, // U+1EAE
    { 11, 21, 12, 1, 21, 58, 1467 }, // U+1EAF
    { 20, 26, 19, 0, 26, 130, 1525 }, // U+1EB0
    { 11, 21, 12, 1, 21, 58, 1655 }, // U+1EB1
    { 20, 26, 19, 0, 26, 130, 1713 }, // U+1EB2
    { 11, 21, 12, 1, 21, 58, 1843 }, // U+1EB3
    { 20, 25, 19, 0, 25, 125, 1901 }, // U+1EB4
    { 11, 21, 12, 1, 21, 58, 2026 }, // U+1EB5
    { 20, 29, 19, 0, 24, 145, 2084 }, // U+1EB6
    { 11, 24, 12, 1, 19, 66, 2229 }, // U+1EB7
    { 16, 24, 17, 0, 19, 96, 2295 }, // U+1EB8
    { 10, 17, 12, 1, 12, 43, 2391 }, // U+1EB9
    { 16, 26, 17, 0, 25, 104, 2434 }, // U+1EBA
    { 11, 20, 12, 1, 20, 55, 2538 }, // U+1EBB
    { 16, 25, 17, 0, 24, 100, 2593 }, // U+1EBC
    { 11, 19, 12, 1, 19, 53, 2693 }, // U+1EBD
    { 17, 27, 17, 0, 26, 115, 2746 }, // U+1EBE
    { 13, 21, 12, 1, 21, 69, 2861 }, // U+1EBF
    { 16, 26, 17, 0, 25, 104, 2930 }, // U+1EC0
    { 13, 21, 12, -1, 21, 69, 3034 }, // U+1EC1
    { 16, 28, 17, 0, 27, 112, 3103 }, // U+1EC2
    { 12, 23, 12, 1, 23, 69, 3215 }, // U+1EC3
    { 16, 27, 17, 0, 26, 108, 3284 }, // U+1EC4
    { 11, 21, 12, 1, 21, 58, 3392 }, // U+1EC5
    { 16, 29, 17, 0, 24, 116, 3450 }, // U+1EC6
    { 10, 24, 12, 1, 19, 60, 3566 }, // U+1EC7
    { 8, 25, 9, 0, 25, 50, 3626 }, // U+1EC8
    { 8, 19, 8, 0, 19, 38, 3676 }, // U+1EC9
    { 7, 24, 9, 1, 19, 42, 3714 }, // U+1ECA
    { 7, 25, 7, 0, 20, 44, 3756 }, // U+1ECB
    { 18, 24, 20, 1, 19, 108, 3800 }, // U+1ECC
    { 12, 17, 14, 1, 12, 51, 3908 }, // U+1ECD
    { 18, 25, 20, 1, 25, 113, 3959 }, // U+1ECE
    { 12, 20, 14, 1, 20, 60, 4072 }, // U+1ECF
    { 18, 26, 20, 1, 26, 117, 4132 }, // U+1ED0
    { 14, 21, 14, 1, 21, 74, 4249 }, // U+1ED1
    { 18, 26, 20, 1, 26, 117, 4323 }, // U+1ED2
    { 14, 21, 14, -1, 21, 74, 4440 }, // U+1ED3
    { 18, 27, 20, 1, 27, 122, 4514 }, // U+1ED4
    { 13, 23, 14, 1, 23, 75, 4636 }, // U+1ED5
    { 18, 26, 20, 1, 26, 117, 4711 }, // U+1ED6
    { 12, 21, 14, 1, 21, 63, 4828 }, // U+1ED7
    { 18, 29, 20, 1, 24, 131, 4891 }, // U+1ED8
    { 12, 24, 14, 1, 19, 72, 5022 }, // U+1ED9
    { 18, 24, 20, 1, 24, 108, 5094 }, // U+1EDA
    { 13, 19, 15, 1, 19, 62, 5202 }, // U+1EDB
    { 18, 24, 20, 1, 24, 108, 5264 }, // U+1EDC
    { 13, 19, 15, 1, 19, 62, 5372 }, // U+1EDD
    { 18, 25, 20, 1, 25, 113, 5434 }, // U+1EDE
    { 13, 20, 15, 1, 20, 65, 5547 }, // U+1EDF
    { 18, 24, 20, 1, 24, 108, 5612 }, // U+1EE0
    { 13, 19, 15, 1, 19, 62, 5720 }, // U+1EE1
    { 18, 27, 20, 1, 22, 122, 5782 }, // U+1EE2
    { 13, 21, 15, 1, 16, 69, 5904 }, // U+1EE3
    { 21, 24, 21, 0, 19, 126, 5973 }, // U+1EE4
    { 14, 17, 15, 1, 12, 60, 6099 }, // U+1EE5
    { 21, 25, 21, 0, 25, 132, 6159 }, // U+1EE6
    { 14, 20, 15, 1, 20, 70, 6291 }, // U+1EE7
    { 23, 24, 21, 0, 24, 138, 6361 }, // U+1EE8
    { 15, 19, 16, 1, 19, 72, 6499 }, // U+1EE9
    { 23, 24, 21, 0, 24, 138, 6571 }, // U+1EEA
    { 15, 19, 16, 1, 19, 72, 6709 }, // U+1EEB
    { 23, 25, 21, 0, 25, 144, 6781 }, // U+1EEC
    { 15, 20, 16, 1, 20, 75, 6925 }, // U+1EED
    { 23, 24, 21, 0, 24, 138, 7000 }, // U+1EEE
    { 15, 19, 16, 1, 19, 72, 7138 }, // U+1EEF
    { 23, 27, 21, 0, 22, 156, 7210 }, // U+1EF0
    { 15, 21, 16, 1, 16, 79, 7366 }, // U+1EF1
    { 19, 24, 18, -1, 24, 114, 7445 }, // U+1EF2
    { 14, 26, 13, -1, 19, 91, 7559 }, // U+1EF3
    { 19, 24, 18, 0, 19, 114, 7650 }, // U+1EF4
    { 14, 19, 13, -1, 12, 67, 7764 }, // U+1EF5
    { 19, 25, 18, -1, 25, 119, 7831 }, // U+1EF6
    { 14, 27, 14, 0, 20, 95, 7950 }, // U+1EF7
    { 19, 24, 18, -1, 24, 114, 8045 }, // U+1EF8
    { 15, 26, 14, -1, 19, 98, 8159 }, // U+1EF9
    { 6, 2, 10, 2, 7, 3, 0 }, // U+2010
    { 11, 2, 13, 1, 7, 6, 3 }, // U+2013
    { 16, 2, 18, 1, 7, 8, 9 }, // U+2014
    { 5, 7, 6, 1, 19, 9, 17 }, // U+2018
    { 5, 7, 7, 1, 19, 9, 26 }, // U+2019
    { 5, 7, 6, 0, 3, 9, 35 }, // U+201A
    { 10, 7, 11, 1, 19, 18, 44 }, // U+201C
    { 10, 7, 12, 1, 19, 18, 62 }, // U+201D
    { 10, 7, 11, 0, 3, 18, 80 }, // U+201E
    { 7, 10, 9, 1, 19, 18, 98 }, // U+2020
    { 7, 10, 11, 2, 19, 18, 116 }, // U+2021
    { 7, 7, 11, 2, 10, 13, 134 }, // U+2022
    { 15, 3, 17, 1, 3, 12, 147 }, // U+2026
    { 29, 19, 31, 1, 19, 138, 159 }, // U+2030
    { 4, 7, 6, 1, 19, 7, 297 }, // U+2032
    { 8, 7, 10, 1, 19, 14, 304 }, // U+2033
    { 6, 12, 8, 1, 12, 18, 318 }, // U+2039
    { 6, 12, 8, 1, 12, 18, 336 }, // U+203A
    { 15, 19, 2, -6, 19, 72, 354 }, // U+2044
    { 18, 19, 20, 1, 19, 86, 426 }, // U+2052
    { 8, 10, 10, 1, 18, 20, 0 }, // U+2070
    { 10, 10, 10, 0, 18, 25, 20 }, // U+2074
    { 12, 24, 15, 2, 21, 72, 0 }, // U+20A1
    { 14, 19, 15, 1, 19, 67, 72 }, // U+20A3
    { 14, 20, 15, 1, 19, 70, 139 }, // U+20A4
    { 16, 19, 15, 0, 19, 76, 209 }, // U+20A6
    { 17, 19, 15, -1, 19, 81, 285 }, // U+20A7
    { 17, 19, 15, -1, 19, 81, 366 }, // U+20A9
    { 13, 24, 15, 1, 19, 78, 447 }, // U+20AB
    { 16, 19, 16, 0, 19, 76, 525 }, // U+20AC
    { 17, 19, 15, -1, 19, 81, 601 }, // U+20AD
    { 16, 18, 15, 0, 18, 72, 682 }, // U+20B1
    { 14, 25, 15, 1, 22, 88, 754 }, // U+20B2
    { 10, 18, 15, 3, 18, 45, 842 }, // U+20B5
    { 13, 20, 15, 1, 19, 65, 887 }, // U+20B9
    { 14, 19, 15, 1, 19, 67, 952 }, // U+20BA
    { 14, 19, 15, 0, 19, 67, 1019 }, // U+20BC
    { 14, 18, 15, 1, 18, 63, 1086 }, // U+20BD
    { 10, 2, 14, 2, 7, 5, 0 }, // U+2212
    { 15, 19, 2, -6, 19, 72, 5 }, // U+2215
    { 7, 7, 14, 3, 9, 13, 77 }, // U+2219
    { 12, 8, 14, 1, 10, 24, 90 }, // U+2248
    { 10, 12, 14, 2, 12, 30, 114 }, // U+2260
    { 13, 13, 14, 0, 13, 43, 144 }, // U+2264
    { 13, 13, 14, 0, 13, 43, 187 }, // U+2265
    { 21, 20, 17, 0, 20, 105, 0 }, // U+FB00
    { 16, 20, 16, 0, 20, 80, 105 }, // U+FB01
    { 16, 20, 16, 0, 20, 80, 185 }, // U+FB02
    { 24, 20, 24, 0, 20, 120, 265 }, // U+FB03
    { 24, 20, 24, 0, 20, 120, 385 }, // U+FB04
};

static const EpdUnicodeInterval newsreader_13_regularIntervals[] = {
    { 0x20, 0x7E, 0x0 },
    { 0xA0, 0xFF, 0x5F },
    { 0x100, 0x131, 0xBF },
    { 0x134, 0x148, 0xF1 },
    { 0x14A, 0x17E, 0x106 },
    { 0x1A0, 0x1A1, 0x13B },
    { 0x1AF, 0x1B0, 0x13D },
    { 0x1C4, 0x1CC, 0x13F },
    { 0x1E6, 0x1E7, 0x148 },
    { 0x1EA, 0x1EB, 0x14A },
    { 0x1FA, 0x21B, 0x14C },
    { 0x300, 0x304, 0x16E },
    { 0x306, 0x30C, 0x173 },
    { 0x30F, 0x30F, 0x17A },
    { 0x311, 0x312, 0x17B },
    { 0x31B, 0x31B, 0x17D },
    { 0x323, 0x324, 0x17E },
    { 0x326, 0x328, 0x180 },
    { 0x32E, 0x32E, 0x183 },
    { 0x331, 0x331, 0x184 },
    { 0x335, 0x335, 0x185 },
    { 0x1EA0, 0x1EF9, 0x186 },
    { 0x2010, 0x2010, 0x1E0 },
    { 0x2013, 0x2014, 0x1E1 },
    { 0x2018, 0x201A, 0x1E3 },
    { 0x201C, 0x201E, 0x1E6 },
    { 0x2020, 0x2022, 0x1E9 },
    { 0x2026, 0x2026, 0x1EC },
    { 0x2030, 0x2030, 0x1ED },
    { 0x2032, 0x2033, 0x1EE },
    { 0x2039, 0x203A, 0x1F0 },
    { 0x2044, 0x2044, 0x1F2 },
    { 0x2052, 0x2052, 0x1F3 },
    { 0x2070, 0x2070, 0x1F4 },
    { 0x2074, 0x2074, 0x1F5 },
    { 0x20A1, 0x20A1, 0x1F6 },
    { 0x20A3, 0x20A4, 0x1F7 },
    { 0x20A6, 0x20A7, 0x1F9 },
    { 0x20A9, 0x20A9, 0x1FB },
    { 0x20AB, 0x20AD, 0x1FC },
    { 0x20B1, 0x20B2, 0x1FF },
    { 0x20B5, 0x20B5, 0x201 },
    { 0x20B9, 0x20BA, 0x202 },
    { 0x20BC, 0x20BD, 0x204 },
    { 0x2212, 0x2212, 0x206 },
    { 0x2215, 0x2215, 0x207 },
    { 0x2219, 0x2219, 0x208 },
    { 0x2248, 0x2248, 0x209 },
    { 0x2260, 0x2260, 0x20A },
    { 0x2264, 0x2265, 0x20B },
    { 0xFB00, 0xFB04, 0x20D },
};

static const EpdFontGroup newsreader_13_regularGroups[] = {
    { 0, 3000, 5375, 95, 0 },
    { 3000, 2778, 6223, 96, 95 },
    { 5778, 4000, 10020, 124, 191 },
    { 9778, 2299, 4852, 51, 315 },
    { 12077, 184, 198, 24, 366 },
    { 12261, 2792, 8257, 90, 390 },
    { 15053, 379, 512, 20, 480 },
    { 15432, 43, 45, 2, 500 },
    { 15475, 785, 1149, 16, 502 },
    { 16260, 163, 230, 7, 518 },
    { 16423, 186, 505, 5, 525 },
};

static const EpdKernClassEntry newsreader_13_regularKernLeftClasses[] = {
    { 0x0020, 1 }, // U+0020
    { 0x0022, 2 }, // "
    { 0x0026, 3 }, // &
    { 0x0027, 2 }, // '
    { 0x0028, 4 }, // (
    { 0x0029, 5 }, // )
    { 0x002A, 6 }, // *
    { 0x002C, 7 }, // ,
    { 0x002D, 8 }, // -
    { 0x002E, 9 }, // .
    { 0x002F, 10 }, // /
    { 0x003A, 11 }, // :
    { 0x003B, 11 }, // ;
    { 0x003F, 12 }, // ?
    { 0x0040, 13 }, // @
    { 0x0041, 14 }, // A
    { 0x0042, 15 }, // B
    { 0x0043, 16 }, // C
    { 0x0044, 17 }, // D
    { 0x0045, 18 }, // E
    { 0x0046, 19 }, // F
    { 0x0047, 20 }, // G
    { 0x0048, 21 }, // H
    { 0x0049, 21 }, // I
    { 0x004A, 22 }, // J
    { 0x004B, 23 }, // K
    { 0x004C, 24 }, // L
    { 0x004D, 25 }, // M
    { 0x004E, 26 }, // N
    { 0x004F, 27 }, // O
    { 0x0050, 28 }, // P
    { 0x0051, 29 }, // Q
    { 0x0052, 30 }, // R
    { 0x0053, 31 }, // S
    { 0x0054, 32 }, // T
    { 0x0055, 33 }, // U
    { 0x0056, 34 }, // V
    { 0x0057, 35 }, // W
    { 0x0058, 36 }, // X
    { 0x0059, 37 }, // Y
    { 0x005A, 38 }, // Z
    { 0x005B, 39 }, // [
    { 0x005C, 40 }, // <backslash>
    { 0x005D, 41 }, // ]
    { 0x005F, 42 }, // _
    { 0x0061, 43 }, // a
    { 0x0062, 44 }, // b
    { 0x0063, 45 }, // c
    { 0x0064, 46 }, // d
    { 0x0065, 47 }, // e
    { 0x0066, 48 }, // f
    { 0x0067, 49 }, // g
    { 0x0068, 50 }, // h
    { 0x0069, 51 }, // i
    { 0x006A, 52 }, // j
    { 0x006B, 53 }, // k
    { 0x006C, 54 }, // l
    { 0x006D, 50 }, // m
    { 0x006E, 50 }, // n
    { 0x006F, 55 }, // o
    { 0x0070, 44 }, // p
    { 0x0071, 56 }, // q
    { 0x0072, 57 }, // r
    { 0x0073, 58 }, // s
    { 0x0074, 59 }, // t
    { 0x0075, 60 }, // u
    { 0x0076, 61 }, // v
    { 0x0077, 62 }, // w
    { 0x0078, 63 }, // x
    { 0x0079, 64 }, // y
    { 0x007A, 65 }, // z
    { 0x007B, 66 }, // {
    { 0x007D, 67 }, // }
    { 0x00A0, 1 }, // U+00A0
    { 0x00A1, 68 }, // U+00A1
    { 0x00A9, 69 }, // U+00A9
    { 0x00AA, 70 }, // U+00AA
    { 0x00AB, 71 }, // U+00AB
    { 0x00AD, 8 }, // U+00AD
    { 0x00AE, 72 }, // U+00AE
    { 0x00B7, 73 }, // U+00B7
    { 0x00BA, 74 }, // U+00BA
    { 0x00BB, 75 }, // U+00BB
    { 0x00BF, 76 }, // U+00BF
    { 0x00C0, 14 }, // U+00C0
    { 0x00C1, 14 }, // U+00C1
    { 0x00C2, 14 }, // U+00C2
    { 0x00C3, 14 }, // U+00C3
    { 0x00C4, 14 }, // U+00C4
    { 0x00C5, 14 }, // U+00C5
    { 0x00C6, 18 }, // U+00C6
    { 0x00C7, 16 }, // U+00C7
    { 0x00C8, 18 }, // U+00C8
    { 0x00C9, 18 }, // U+00C9
    { 0x00CA, 18 }, // U+00CA
    { 0x00CB, 18 }, // U+00CB
    { 0x00CC, 21 }, // U+00CC
    { 0x00CD, 21 }, // U+00CD
    { 0x00CE, 21 }, // U+00CE
    { 0x00CF, 21 }, // U+00CF
    { 0x00D0, 17 }, // U+00D0
    { 0x00D1, 26 }, // U+00D1
    { 0x00D2, 27 }, // U+00D2
    { 0x00D3, 27 }, // U+00D3
    { 0x00D4, 27 }, // U+00D4
    { 0x00D5, 27 }, // U+00D5
    { 0x00D6, 27 }, // U+00D6
    { 0x00D8, 77 }, // U+00D8
    { 0x00D9, 33 }, // U+00D9
    { 0x00DA, 33 }, // U+00DA
    { 0x00DB, 33 }, // U+00DB
    { 0x00DC, 33 }, // U+00DC
    { 0x00DD, 37 }, // U+00DD
    { 0x00DE, 78 }, // U+00DE
    { 0x00DF, 79 }, // U+00DF
    { 0x00E0, 43 }, // U+00E0
    { 0x00E1, 80 }, // U+00E1
    { 0x00E2, 43 }, // U+00E2
    { 0x00E3, 43 }, // U+00E3
    { 0x00E4, 81 }, // U+00E4
    { 0x00E5, 43 }, // U+00E5
    { 0x00E6, 47 }, // U+00E6
    { 0x00E7, 45 }, // U+00E7
    { 0x00E8, 47 }, // U+00E8
    { 0x00E9, 47 }, // U+00E9
    { 0x00EA, 47 }, // U+00EA
    { 0x00EB, 82 }, // U+00EB
    { 0x00EC, 51 }, // U+00EC
    { 0x00ED, 83 }, // U+00ED
    { 0x00EE, 84 }, // U+00EE
    { 0x00EF, 85 }, // U+00EF
    { 0x00F0, 86 }, // U+00F0
    { 0x00F1, 50 }, // U+00F1
    { 0x00F2, 55 }, // U+00F2
    { 0x00F3, 87 }, // U+00F3
    { 0x00F4, 55 }, // U+00F4
    { 0x00F5, 55 }, // U+00F5
    { 0x00F6, 55 }, // U+00F6
    { 0x00F8, 88 }, // U+00F8
    { 0x00F9, 60 }, // U+00F9
    { 0x00FA, 60 }, // U+00FA
    { 0x00FB, 60 }, // U+00FB
    { 0x00FC, 60 }, // U+00FC
    { 0x00FD, 64 }, // U+00FD
    { 0x00FE, 44 }, // U+00FE
    { 0x00FF, 64 }, // U+00FF
    { 0x0100, 14 }, // U+0100
    { 0x0101, 43 }, // U+0101
    { 0x0102, 14 }, // U+0102
    { 0x0103, 43 }, // U+0103
    { 0x0104, 89 }, // U+0104
    { 0x0105, 90 }, // U+0105
    { 0x0106, 16 }, // U+0106
    { 0x0107, 91 }, // U+0107
    { 0x0108, 16 }, // U+0108
    { 0x0109, 45 }, // U+0109
    { 0x010A, 16 }, // U+010A
    { 0x010B, 45 }, // U+010B
    { 0x010C, 16 }, // U+010C
    { 0x010D, 45 }, // U+010D
    { 0x010E, 17 }, // U+010E
    { 0x010F, 92 }, // U+010F
    { 0x0110, 17 }, // U+0110
    { 0x0111, 93 }, // U+0111
    { 0x0112, 18 }, // U+0112
    { 0x0113, 47 }, // U+0113
    { 0x0114, 18 }, // U+0114
    { 0x0115, 47 }, // U+0115
    { 0x0116, 18 }, // U+0116
    { 0x0117, 47 }, // U+0117
    { 0x0118, 18 }, // U+0118
    { 0x0119, 47 }, // U+0119
    { 0x011A, 18 }, // U+011A
    { 0x011B, 82 }, // U+011B
    { 0x011C, 20 }, // U+011C
    { 0x011D, 49 }, // U+011D
    { 0x011E, 20 }, // U+011E
    { 0x011F, 49 }, // U+011F
    { 0x0120, 20 }, // U+0120
    { 0x0121, 49 }, // U+0121
    { 0x0122, 20 }, // U+0122
    { 0x0123, 49 }, // U+0123
    { 0x0124, 21 }, // U+0124
    { 0x0125, 50 }, // U+0125
    { 0x0126, 21 }, // U+0126
    { 0x0127, 50 }, // U+0127
    { 0x0128, 21 }, // U+0128
    { 0x0129, 94 }, // U+0129
    { 0x012A, 21 }, // U+012A
    { 0x012B, 95 }, // U+012B
    { 0x012C, 21 }, // U+012C
    { 0x012D, 96 }, // U+012D
    { 0x012E, 21 }, // U+012E
    { 0x012F, 51 }, // U+012F
    { 0x0130, 21 }, // U+0130
    { 0x0131, 51 }, // U+0131
    { 0x0134, 22 }, // U+0134
    { 0x0135, 97 }, // U+0135
    { 0x0136, 23 }, // U+0136
    { 0x0137, 53 }, // U+0137
    { 0x0138, 53 }, // U+0138
    { 0x0139, 24 }, // U+0139
    { 0x013A, 54 }, // U+013A
    { 0x013B, 24 }, // U+013B
    { 0x013C, 54 }, // U+013C
    { 0x013D, 98 }, // U+013D
    { 0x013E, 99 }, // U+013E
    { 0x013F, 24 }, // U+013F
    { 0x0141, 24 }, // U+0141
    { 0x0142, 100 }, // U+0142
    { 0x0143, 26 }, // U+0143
    { 0x0144, 50 }, // U+0144
    { 0x0145, 26 }, // U+0145
    { 0x0146, 50 }, // U+0146
    { 0x0147, 26 }, // U+0147
    { 0x0148, 50 }, // U+0148
    { 0x014A, 26 }, // U+014A
    { 0x014B, 50 }, // U+014B
    { 0x014C, 27 }, // U+014C
    { 0x014D, 55 }, // U+014D
    { 0x014E, 27 }, // U+014E
    { 0x014F, 55 }, // U+014F
    { 0x0150, 27 }, // U+0150
    { 0x0151, 101 }, // U+0151
    { 0x0152, 18 }, // U+0152
    { 0x0153, 47 }, // U+0153
    { 0x0154, 30 }, // U+0154
    { 0x0155, 102 }, // U+0155
    { 0x0156, 30 }, // U+0156
    { 0x0157, 57 }, // U+0157
    { 0x0158, 30 }, // U+0158
    { 0x0159, 57 }, // U+0159
    { 0x015A, 31 }, // U+015A
    { 0x015B, 103 }, // U+015B
    { 0x015C, 31 }, // U+015C
    { 0x015D, 58 }, // U+015D
    { 0x015E, 31 }, // U+015E
    { 0x015F, 58 }, // U+015F
    { 0x0160, 31 }, // U+0160
    { 0x0161, 58 }, // U+0161
    { 0x0162, 32 }, // U+0162
    { 0x0163, 59 }, // U+0163
    { 0x0164, 32 }, // U+0164
    { 0x0165, 104 }, // U+0165
    { 0x0166, 105 }, // U+0166
    { 0x0167, 106 }, // U+0167
    { 0x0168, 33 }, // U+0168
    { 0x0169, 60 }, // U+0169
    { 0x016A, 33 }, // U+016A
    { 0x016B, 60 }, // U+016B
    { 0x016C, 33 }, // U+016C
    { 0x016D, 60 }, // U+016D
    { 0x016E, 33 }, // U+016E
    { 0x016F, 60 }, // U+016F
    { 0x0170, 33 }, // U+0170
    { 0x0171, 107 }, // U+0171
    { 0x0172, 33 }, // U+0172
    { 0x0173, 60 }, // U+0173
    { 0x0174, 35 }, // U+0174
    { 0x0175, 62 }, // U+0175
    { 0x0176, 37 }, // U+0176
    { 0x0177, 64 }, // U+0177
    { 0x0178, 37 }, // U+0178
    { 0x0179, 38 }, // U+0179
    { 0x017A, 65 }, // U+017A
    { 0x017B, 38 }, // U+017B
    { 0x017C, 65 }, // U+017C
    { 0x017D, 38 }, // U+017D
    { 0x017E, 65 }, // U+017E
    { 0x01A0, 108 }, // U+01A0
    { 0x01A1, 109 }, // U+01A1
    { 0x01AF, 110 }, // U+01AF
    { 0x01B0, 111 }, // U+01B0
    { 0x01C4, 38 }, // U+01C4
    { 0x01C5, 65 }, // U+01C5
    { 0x01C6, 65 }, // U+01C6
    { 0x01C7, 22 }, // U+01C7
    { 0x01C8, 52 }, // U+01C8
    { 0x01C9, 52 }, // U+01C9
    { 0x01CA, 22 }, // U+01CA
    { 0x01CB, 52 }, // U+01CB
    { 0x01CC, 52 }, // U+01CC
    { 0x01E6, 20 }, // U+01E6
    { 0x01E7, 49 }, // U+01E7
    { 0x01EA, 27 }, // U+01EA
    { 0x01EB, 55 }, // U+01EB
    { 0x01FA, 14 }, // U+01FA
    { 0x01FB, 43 }, // U+01FB
    { 0x01FC, 18 }, // U+01FC
    { 0x01FD, 47 }, // U+01FD
    { 0x01FE, 77 }, // U+01FE
    { 0x01FF, 88 }, // U+01FF
    { 0x0200, 14 }, // U+0200
    { 0x0201, 43 }, // U+0201
    { 0x0202, 14 }, // U+0202
    { 0x0203, 43 }, // U+0203
    { 0x0204, 18 }, // U+0204
    { 0x0205, 47 }, // U+0205
    { 0x0206, 18 }, // U+0206
    { 0x0207, 47 }, // U+0207
    { 0x0208, 21 }, // U+0208
    { 0x0209, 51 }, // U+0209
    { 0x020A, 21 }, // U+020A
    { 0x020B, 112 }, // U+020B
    { 0x020C, 27 }, // U+020C
    { 0x020D, 55 }, // U+020D
    { 0x020E, 27 }, // U+020E
    { 0x020F, 55 }, // U+020F
    { 0x0210, 30 }, // U+0210
    { 0x0211, 57 }, // U+0211
    { 0x0212, 30 }, // U+0212
    { 0x0213, 57 }, // U+0213
    { 0x0214, 33 }, // U+0214
    { 0x0215, 60 }, // U+0215
    { 0x0216, 33 }, // U+0216
    { 0x0217, 60 }, // U+0217
    { 0x0218, 31 }, // U+0218
    { 0x0219, 58 }, // U+0219
    { 0x021A, 32 }, // U+021A
    { 0x021B, 59 }, // U+021B
    { 0x1EA0, 14 }, // U+1EA0
    { 0x1EA1, 43 }, // U+1EA1
    { 0x1EA2, 14 }, // U+1EA2
    { 0x1EA3, 43 }, // U+1EA3
    { 0x1EA4, 14 }, // U+1EA4
    { 0x1EA5, 113 }, // U+1EA5
    { 0x1EA6, 14 }, // U+1EA6
    { 0x1EA7, 43 }, // U+1EA7
    { 0x1EA8, 14 }, // U+1EA8
    { 0x1EA9, 114 }, // U+1EA9
    { 0x1EAA, 14 }, // U+1EAA
    { 0x1EAB, 43 }, // U+1EAB
    { 0x1EAC, 14 }, // U+1EAC
    { 0x1EAD, 43 }, // U+1EAD
    { 0x1EAE, 14 }, // U+1EAE
    { 0x1EAF, 43 }, // U+1EAF
    { 0x1EB0, 14 }, // U+1EB0
    { 0x1EB1, 43 }, // U+1EB1
    { 0x1EB2, 14 }, // U+1EB2
    { 0x1EB3, 43 }, // U+1EB3
    { 0x1EB4, 14 }, // U+1EB4
    { 0x1EB5, 43 }, // U+1EB5
    { 0x1EB6, 14 }, // U+1EB6
    { 0x1EB7, 43 }, // U+1EB7
    { 0x1EB8, 18 }, // U+1EB8
    { 0x1EB9, 47 }, // U+1EB9
    { 0x1EBA, 18 }, // U+1EBA
    { 0x1EBB, 47 }, // U+1EBB
    { 0x1EBC, 18 }, // U+1EBC
    { 0x1EBD, 47 }, // U+1EBD
    { 0x1EBE, 18 }, // U+1EBE
    { 0x1EBF, 115 }, // U+1EBF
    { 0x1EC0, 18 }, // U+1EC0
    { 0x1EC1, 47 }, // U+1EC1
    { 0x1EC2, 18 }, // U+1EC2
    { 0x1EC3, 116 }, // U+1EC3
    { 0x1EC4, 18 }, // U+1EC4
    { 0x1EC5, 117 }, // U+1EC5
    { 0x1EC6, 18 }, // U+1EC6
    { 0x1EC7, 47 }, // U+1EC7
    { 0x1EC8, 21 }, // U+1EC8
    { 0x1EC9, 51 }, // U+1EC9
    { 0x1ECA, 21 }, // U+1ECA
    { 0x1ECB, 51 }, // U+1ECB
    { 0x1ECC, 27 }, // U+1ECC
    { 0x1ECD, 55 }, // U+1ECD
    { 0x1ECE, 27 }, // U+1ECE
    { 0x1ECF, 55 }, // U+1ECF
    { 0x1ED0, 27 }, // U+1ED0
    { 0x1ED1, 118 }, // U+1ED1
    { 0x1ED2, 27 }, // U+1ED2
    { 0x1ED3, 55 }, // U+1ED3
    { 0x1ED4, 27 }, // U+1ED4
    { 0x1ED5, 119 }, // U+1ED5
    { 0x1ED6, 27 }, // U+1ED6
    { 0x1ED7, 55 }, // U+1ED7
    { 0x1ED8, 27 }, // U+1ED8
    { 0x1ED9, 55 }, // U+1ED9
    { 0x1EDA, 108 }, // U+1EDA
    { 0x1EDB, 109 }, // U+1EDB
    { 0x1EDC, 108 }, // U+1EDC
    { 0x1EDD, 109 }, // U+1EDD
    { 0x1EDE, 108 }, // U+1EDE
    { 0x1EDF, 109 }, // U+1EDF
    { 0x1EE0, 108 }, // U+1EE0
    { 0x1EE1, 109 }, // U+1EE1
    { 0x1EE2, 108 }, // U+1EE2
    { 0x1EE3, 109 }, // U+1EE3
    { 0x1EE4, 33 }, // U+1EE4
    { 0x1EE5, 60 }, // U+1EE5
    { 0x1EE6, 33 }, // U+1EE6
    { 0x1EE7, 60 }, // U+1EE7
    { 0x1EE8, 110 }, // U+1EE8
    { 0x1EE9, 111 }, // U+1EE9
    { 0x1EEA, 110 }, // U+1EEA
    { 0x1EEB, 111 }, // U+1EEB
    { 0x1EEC, 110 }, // U+1EEC
    { 0x1EED, 111 }, // U+1EED
    { 0x1EEE, 110 }, // U+1EEE
    { 0x1EEF, 111 }, // U+1EEF
    { 0x1EF0, 120 }, // U+1EF0
    { 0x1EF1, 111 }, // U+1EF1
    { 0x1EF2, 37 }, // U+1EF2
    { 0x1EF3, 64 }, // U+1EF3
    { 0x1EF4, 37 }, // U+1EF4
    { 0x1EF5, 121 }, // U+1EF5
    { 0x1EF6, 37 }, // U+1EF6
    { 0x1EF7, 64 }, // U+1EF7
    { 0x1EF8, 37 }, // U+1EF8
    { 0x1EF9, 64 }, // U+1EF9
    { 0x2013, 8 }, // U+2013
    { 0x2014, 8 }, // U+2014
    { 0x2018, 122 }, // U+2018
    { 0x2019, 123 }, // U+2019
    { 0x201A, 124 }, // U+201A
    { 0x201C, 122 }, // U+201C
    { 0x201D, 123 }, // U+201D
    { 0x201E, 125 }, // U+201E
    { 0x2022, 126 }, // U+2022
    { 0x2026, 9 }, // U+2026
    { 0x2032, 127 }, // U+2032
    { 0x2033, 127 }, // U+2033
    { 0x2039, 71 }, // U+2039
    { 0x203A, 75 }, // U+203A
    { 0xFB00, 128 }, // U+FB00
    { 0xFB01, 51 }, // U+FB01
    { 0xFB02, 54 }, // U+FB02
    { 0xFB03, 51 }, // U+FB03
    { 0xFB04, 54 }, // U+FB04
};

static const EpdKernClassEntry newsreader_13_regularKernRightClasses[] = {
    { 0x0020, 1 }, // U+0020
    { 0x0021, 2 }, // !
    { 0x0022, 3 }, // "
    { 0x0026, 4 }, // &
    { 0x0027, 3 }, // '
    { 0x0028, 5 }, // (
    { 0x0029, 6 }, // )
    { 0x002A, 7 }, // *
    { 0x002C, 8 }, // ,
    { 0x002D, 9 }, // -
    { 0x002E, 10 }, // .
    { 0x002F, 11 }, // /
    { 0x003A, 12 }, // :
    { 0x003B, 12 }, // ;
    { 0x003F, 13 }, // ?
    { 0x0040, 14 }, // @
    { 0x0041, 15 }, // A
    { 0x0042, 16 }, // B
    { 0x0043, 17 }, // C
    { 0x0044, 16 }, // D
    { 0x0045, 16 }, // E
    { 0x0046, 16 }, // F
    { 0x0047, 17 }, // G
    { 0x0048, 16 }, // H
    { 0x0049, 16 }, // I
    { 0x004A, 18 }, // J
    { 0x004B, 16 }, // K
    { 0x004C, 16 }, // L
    { 0x004D, 19 }, // M
    { 0x004E, 16 }, // N
    { 0x004F, 17 }, // O
    { 0x0050, 16 }, // P
    { 0x0051, 17 }, // Q
    { 0x0052, 16 }, // R
    { 0x0053, 20 }, // S
    { 0x0054, 21 }, // T
    { 0x0055, 22 }, // U
    { 0x0056, 23 }, // V
    { 0x0057, 24 }, // W
    { 0x0058, 25 }, // X
    { 0x0059, 26 }, // Y
    { 0x005A, 27 }, // Z
    { 0x005C, 28 }, // <backslash>
    { 0x005D, 29 }, // ]
    { 0x005F, 30 }, // _
    { 0x0061, 31 }, // a
    { 0x0062, 32 }, // b
    { 0x0063, 33 }, // c
    { 0x0064, 34 }, // d
    { 0x0065, 33 }, // e
    { 0x0066, 35 }, // f
    { 0x0067, 36 }, // g
    { 0x0068, 37 }, // h
    { 0x0069, 38 }, // i
    { 0x006A, 39 }, // j
    { 0x006B, 40 }, // k
    { 0x006C, 41 }, // l
    { 0x006D, 42 }, // m
    { 0x006E, 42 }, // n
    { 0x006F, 33 }, // o
    { 0x0070, 43 }, // p
    { 0x0071, 34 }, // q
    { 0x0072, 42 }, // r
    { 0x0073, 44 }, // s
    { 0x0074, 45 }, // t
    { 0x0075, 46 }, // u
    { 0x0076, 47 }, // v
    { 0x0077, 48 }, // w
    { 0x0078, 49 }, // x
    { 0x0079, 50 }, // y
    { 0x007A, 51 }, // z
    { 0x007B, 52 }, // {
    { 0x007C, 53 }, // |
    { 0x007D, 54 }, // }
    { 0x00A0, 1 }, // U+00A0
    { 0x00A1, 55 }, // U+00A1
    { 0x00A6, 53 }, // U+00A6
    { 0x00A9, 56 }, // U+00A9
    { 0x00AA, 57 }, // U+00AA
    { 0x00AB, 58 }, // U+00AB
    { 0x00AD, 9 }, // U+00AD
    { 0x00AE, 59 }, // U+00AE
    { 0x00B2, 60 }, // U+00B2
    { 0x00B3, 61 }, // U+00B3
    { 0x00B7, 62 }, // U+00B7
    { 0x00B9, 63 }, // U+00B9
    { 0x00BA, 64 }, // U+00BA
    { 0x00BB, 65 }, // U+00BB
    { 0x00BF, 66 }, // U+00BF
    { 0x00C0, 15 }, // U+00C0
    { 0x00C1, 15 }, // U+00C1
    { 0x00C2, 15 }, // U+00C2
    { 0x00C3, 15 }, // U+00C3
    { 0x00C4, 15 }, // U+00C4
    { 0x00C5, 15 }, // U+00C5
    { 0x00C6, 67 }, // U+00C6
    { 0x00C7, 17 }, // U+00C7
    { 0x00C8, 16 }, // U+00C8
    { 0x00C9, 16 }, // U+00C9
    { 0x00CA, 16 }, // U+00CA
    { 0x00CB, 16 }, // U+00CB
    { 0x00CC, 16 }, // U+00CC
    { 0x00CD, 16 }, // U+00CD
    { 0x00CE, 16 }, // U+00CE
    { 0x00CF, 16 }, // U+00CF
    { 0x00D0, 16 }, // U+00D0
    { 0x00D1, 16 }, // U+00D1
    { 0x00D2, 17 }, // U+00D2
    { 0x00D3, 17 }, // U+00D3
    { 0x00D4, 17 }, // U+00D4
    { 0x00D5, 17 }, // U+00D5
    { 0x00D6, 17 }, // U+00D6
    { 0x00D8, 68 }, // U+00D8
    { 0x00D9, 22 }, // U+00D9
    { 0x00DA, 22 }, // U+00DA
    { 0x00DB, 22 }, // U+00DB
    { 0x00DC, 22 }, // U+00DC
    { 0x00DD, 26 }, // U+00DD
    { 0x00DE, 16 }, // U+00DE
    { 0x00DF, 69 }, // U+00DF
    { 0x00E0, 70 }, // U+00E0
    { 0x00E1, 31 }, // U+00E1
    { 0x00E2, 71 }, // U+00E2
    { 0x00E3, 72 }, // U+00E3
    { 0x00E4, 73 }, // U+00E4
    { 0x00E5, 74 }, // U+00E5
    { 0x00E6, 31 }, // U+00E6
    { 0x00E7, 33 }, // U+00E7
    { 0x00E8, 75 }, // U+00E8
    { 0x00E9, 33 }, // U+00E9
    { 0x00EA, 76 }, // U+00EA
    { 0x00EB, 77 }, // U+00EB
    { 0x00EC, 78 }, // U+00EC
    { 0x00ED, 79 }, // U+00ED
    { 0x00EE, 80 }, // U+00EE
    { 0x00EF, 81 }, // U+00EF
    { 0x00F0, 82 }, // U+00F0
    { 0x00F1, 42 }, // U+00F1
    { 0x00F2, 83 }, // U+00F2
    { 0x00F3, 33 }, // U+00F3
    { 0x00F4, 84 }, // U+00F4
    { 0x00F5, 33 }, // U+00F5
    { 0x00F6, 85 }, // U+00F6
    { 0x00F8, 86 }, // U+00F8
    { 0x00F9, 87 }, // U+00F9
    { 0x00FA, 46 }, // U+00FA
    { 0x00FB, 46 }, // U+00FB
    { 0x00FC, 46 }, // U+00FC
    { 0x00FD, 50 }, // U+00FD
    { 0x00FE, 88 }, // U+00FE
    { 0x00FF, 50 }, // U+00FF
    { 0x0100, 15 }, // U+0100
    { 0x0101, 89 }, // U+0101
    { 0x0102, 15 }, // U+0102
    { 0x0103, 90 }, // U+0103
    { 0x0104, 15 }, // U+0104
    { 0x0105, 31 }, // U+0105
    { 0x0106, 17 }, // U+0106
    { 0x0107, 33 }, // U+0107
    { 0x0108, 17 }, // U+0108
    { 0x0109, 91 }, // U+0109
    { 0x010A, 17 }, // U+010A
    { 0x010B, 33 }, // U+010B
    { 0x010C, 17 }, // U+010C
    { 0x010D, 92 }, // U+010D
    { 0x010E, 16 }, // U+010E
    { 0x010F, 34 }, // U+010F
    { 0x0110, 16 }, // U+0110
    { 0x0111, 34 }, // U+0111
    { 0x0112, 16 }, // U+0112
    { 0x0113, 93 }, // U+0113
    { 0x0114, 16 }, // U+0114
    { 0x0115, 94 }, // U+0115
    { 0x0116, 16 }, // U+0116
    { 0x0117, 33 }, // U+0117
    { 0x0118, 16 }, // U+0118
    { 0x0119, 33 }, // U+0119
    { 0x011A, 16 }, // U+011A
    { 0x011B, 95 }, // U+011B
    { 0x011C, 17 }, // U+011C
    { 0x011D, 96 }, // U+011D
    { 0x011E, 17 }, // U+011E
    { 0x011F, 97 }, // U+011F
    { 0x0120, 17 }, // U+0120
    { 0x0121, 36 }, // U+0121
    { 0x0122, 17 }, // U+0122
    { 0x0123, 36 }, // U+0123
    { 0x0124, 16 }, // U+0124
    { 0x0125, 37 }, // U+0125
    { 0x0126, 16 }, // U+0126
    { 0x0127, 98 }, // U+0127
    { 0x0128, 99 }, // U+0128
    { 0x0129, 100 }, // U+0129
    { 0x012A, 16 }, // U+012A
    { 0x012B, 101 }, // U+012B
    { 0x012C, 16 }, // U+012C
    { 0x012D, 102 }, // U+012D
    { 0x012E, 16 }, // U+012E
    { 0x012F, 38 }, // U+012F
    { 0x0130, 16 }, // U+0130
    { 0x0131, 103 }, // U+0131
    { 0x0134, 18 }, // U+0134
    { 0x0135, 104 }, // U+0135
    { 0x0136, 16 }, // U+0136
    { 0x0137, 37 }, // U+0137
    { 0x0138, 42 }, // U+0138
    { 0x0139, 16 }, // U+0139
    { 0x013A, 41 }, // U+013A
    { 0x013B, 16 }, // U+013B
    { 0x013C, 41 }, // U+013C
    { 0x013D, 16 }, // U+013D
    { 0x013E, 41 }, // U+013E
    { 0x013F, 16 }, // U+013F
    { 0x0140, 41 }, // U+0140
    { 0x0141, 105 }, // U+0141
    { 0x0142, 106 }, // U+0142
    { 0x0143, 16 }, // U+0143
    { 0x0144, 42 }, // U+0144
    { 0x0145, 16 }, // U+0145
    { 0x0146, 42 }, // U+0146
    { 0x0147, 16 }, // U+0147
    { 0x0148, 42 }, // U+0148
    { 0x014A, 16 }, // U+014A
    { 0x014B, 42 }, // U+014B
    { 0x014C, 17 }, // U+014C
    { 0x014D, 33 }, // U+014D
    { 0x014E, 17 }, // U+014E
    { 0x014F, 107 }, // U+014F
    { 0x0150, 17 }, // U+0150
    { 0x0151, 33 }, // U+0151
    { 0x0152, 17 }, // U+0152
    { 0x0153, 33 }, // U+0153
    { 0x0154, 16 }, // U+0154
    { 0x0155, 42 }, // U+0155
    { 0x0156, 16 }, // U+0156
    { 0x0157, 42 }, // U+0157
    { 0x0158, 16 }, // U+0158
    { 0x0159, 108 }, // U+0159
    { 0x015A, 20 }, // U+015A
    { 0x015B, 44 }, // U+015B
    { 0x015C, 20 }, // U+015C
    { 0x015D, 109 }, // U+015D
    { 0x015E, 20 }, // U+015E
    { 0x015F, 44 }, // U+015F
    { 0x0160, 20 }, // U+0160
    { 0x0161, 110 }, // U+0161
    { 0x0162, 21 }, // U+0162
    { 0x0163, 45 }, // U+0163
    { 0x0164, 21 }, // U+0164
    { 0x0165, 111 }, // U+0165
    { 0x0166, 112 }, // U+0166
    { 0x0167, 113 }, // U+0167
    { 0x0168, 22 }, // U+0168
    { 0x0169, 46 }, // U+0169
    { 0x016A, 22 }, // U+016A
    { 0x016B, 46 }, // U+016B
    { 0x016C, 22 }, // U+016C
    { 0x016D, 114 }, // U+016D
    { 0x016E, 22 }, // U+016E
    { 0x016F, 46 }, // U+016F
    { 0x0170, 22 }, // U+0170
    { 0x0171, 46 }, // U+0171
    { 0x0172, 22 }, // U+0172
    { 0x0173, 46 }, // U+0173
    { 0x0174, 24 }, // U+0174
    { 0x0175, 48 }, // U+0175
    { 0x0176, 26 }, // U+0176
    { 0x0177, 50 }, // U+0177
    { 0x0178, 26 }, // U+0178
    { 0x0179, 27 }, // U+0179
    { 0x017A, 115 }, // U+017A
    { 0x017B, 27 }, // U+017B
    { 0x017C, 51 }, // U+017C
    { 0x017D, 27 }, // U+017D
    { 0x017E, 116 }, // U+017E
    { 0x01A0, 17 }, // U+01A0
    { 0x01A1, 33 }, // U+01A1
    { 0x01AF, 22 }, // U+01AF
    { 0x01B0, 46 }, // U+01B0
    { 0x01C4, 16 }, // U+01C4
    { 0x01C5, 16 }, // U+01C5
    { 0x01C6, 34 }, // U+01C6
    { 0x01C7, 16 }, // U+01C7
    { 0x01C8, 16 }, // U+01C8
    { 0x01C9, 41 }, // U+01C9
    { 0x01CA, 16 }, // U+01CA
    { 0x01CB, 16 }, // U+01CB
    { 0x01CC, 42 }, // U+01CC
    { 0x01E6, 17 }, // U+01E6
    { 0x01E7, 117 }, // U+01E7
    { 0x01EA, 17 }, // U+01EA
    { 0x01EB, 33 }, // U+01EB
    { 0x01FA, 15 }, // U+01FA
    { 0x01FB, 74 }, // U+01FB
    { 0x01FC, 67 }, // U+01FC
    { 0x01FD, 31 }, // U+01FD
    { 0x01FE, 68 }, // U+01FE
    { 0x01FF, 86 }, // U+01FF
    { 0x0200, 15 }, // U+0200
    { 0x0201, 118 }, // U+0201
    { 0x0202, 15 }, // U+0202
    { 0x0203, 119 }, // U+0203
    { 0x0204, 16 }, // U+0204
    { 0x0205, 120 }, // U+0205
    { 0x0206, 16 }, // U+0206
    { 0x0207, 121 }, // U+0207
    { 0x0208, 16 }, // U+0208
    { 0x0209, 122 }, // U+0209
    { 0x020A, 16 }, // U+020A
    { 0x020B, 123 }, // U+020B
    { 0x020C, 17 }, // U+020C
    { 0x020D, 124 }, // U+020D
    { 0x020E, 17 }, // U+020E
    { 0x020F, 33 }, // U+020F
    { 0x0210, 16 }, // U+0210
    { 0x0211, 125 }, // U+0211
    { 0x0212, 16 }, // U+0212
    { 0x0213, 126 }, // U+0213
    { 0x0214, 22 }, // U+0214
    { 0x0215, 127 }, // U+0215
    { 0x0216, 22 }, // U+0216
    { 0x0217, 46 }, // U+0217
    { 0x0218, 20 }, // U+0218
    { 0x0219, 44 }, // U+0219
    { 0x021A, 21 }, // U+021A
    { 0x021B, 45 }, // U+021B
    { 0x1EA0, 15 }, // U+1EA0
    { 0x1EA1, 31 }, // U+1EA1
    { 0x1EA2, 15 }, // U+1EA2
    { 0x1EA3, 128 }, // U+1EA3
    { 0x1EA4, 15 }, // U+1EA4
    { 0x1EA5, 71 }, // U+1EA5
    { 0x1EA6, 15 }, // U+1EA6
    { 0x1EA7, 129 }, // U+1EA7
    { 0x1EA8, 15 }, // U+1EA8
    { 0x1EA9, 71 }, // U+1EA9
    { 0x1EAA, 15 }, // U+1EAA
    { 0x1EAB, 130 }, // U+1EAB
    { 0x1EAC, 15 }, // U+1EAC
    { 0x1EAD, 71 }, // U+1EAD
    { 0x1EAE, 15 }, // U+1EAE
    { 0x1EAF, 131 }, // U+1EAF
    { 0x1EB0, 15 }, // U+1EB0
    { 0x1EB1, 132 }, // U+1EB1
    { 0x1EB2, 15 }, // U+1EB2
    { 0x1EB3, 131 }, // U+1EB3
    { 0x1EB4, 15 }, // U+1EB4
    { 0x1EB5, 133 }, // U+1EB5
    { 0x1EB6, 15 }, // U+1EB6
    { 0x1EB7, 90 }, // U+1EB7
    { 0x1EB8, 16 }, // U+1EB8
    { 0x1EB9, 33 }, // U+1EB9
    { 0x1EBA, 16 }, // U+1EBA
    { 0x1EBB, 33 }, // U+1EBB
    { 0x1EBC, 16 }, // U+1EBC
    { 0x1EBD, 121 }, // U+1EBD
    { 0x1EBE, 16 }, // U+1EBE
    { 0x1EBF, 76 }, // U+1EBF
    { 0x1EC0, 16 }, // U+1EC0
    { 0x1EC1, 134 }, // U+1EC1
    { 0x1EC2, 16 }, // U+1EC2
    { 0x1EC3, 76 }, // U+1EC3
    { 0x1EC4, 16 }, // U+1EC4
    { 0x1EC5, 135 }, // U+1EC5
    { 0x1EC6, 16 }, // U+1EC6
    { 0x1EC7, 76 }, // U+1EC7
    { 0x1EC8, 16 }, // U+1EC8
    { 0x1EC9, 136 }, // U+1EC9
    { 0x1ECA, 16 }, // U+1ECA
    { 0x1ECB, 38 }, // U+1ECB
    { 0x1ECC, 17 }, // U+1ECC
    { 0x1ECD, 33 }, // U+1ECD
    { 0x1ECE, 17 }, // U+1ECE
    { 0x1ECF, 33 }, // U+1ECF
    { 0x1ED0, 17 }, // U+1ED0
    { 0x1ED1, 84 }, // U+1ED1
    { 0x1ED2, 17 }, // U+1ED2
    { 0x1ED3, 137 }, // U+1ED3
    { 0x1ED4, 17 }, // U+1ED4
    { 0x1ED5, 84 }, // U+1ED5
    { 0x1ED6, 17 }, // U+1ED6
    { 0x1ED7, 138 }, // U+1ED7
    { 0x1ED8, 17 }, // U+1ED8
    { 0x1ED9, 84 }, // U+1ED9
    { 0x1EDA, 17 }, // U+1EDA
    { 0x1EDB, 33 }, // U+1EDB
    { 0x1EDC, 17 }, // U+1EDC
    { 0x1EDD, 83 }, // U+1EDD
    { 0x1EDE, 17 }, // U+1EDE
    { 0x1EDF, 33 }, // U+1EDF
    { 0x1EE0, 17 }, // U+1EE0
    { 0x1EE1, 33 }, // U+1EE1
    { 0x1EE2, 17 }, // U+1EE2
    { 0x1EE3, 33 }, // U+1EE3
    { 0x1EE4, 22 }, // U+1EE4
    { 0x1EE5, 46 }, // U+1EE5
    { 0x1EE6, 22 }, // U+1EE6
    { 0x1EE7, 46 }, // U+1EE7
    { 0x1EE8, 22 }, // U+1EE8
    { 0x1EE9, 46 }, // U+1EE9
    { 0x1EEA, 22 }, // U+1EEA
    { 0x1EEB, 87 }, // U+1EEB
    { 0x1EEC, 22 }, // U+1EEC
    { 0x1EED, 46 }, // U+1EED
    { 0x1EEE, 22 }, // U+1EEE
    { 0x1EEF, 46 }, // U+1EEF
    { 0x1EF0, 22 }, // U+1EF0
    { 0x1EF1, 46 }, // U+1EF1
    { 0x1EF2, 26 }, // U+1EF2
    { 0x1EF3, 139 }, // U+1EF3
    { 0x1EF4, 26 }, // U+1EF4
    { 0x1EF5, 50 }, // U+1EF5
    { 0x1EF6, 26 }, // U+1EF6
    { 0x1EF7, 50 }, // U+1EF7
    { 0x1EF8, 26 }, // U+1EF8
    { 0x1EF9, 50 }, // U+1EF9
    { 0x2013, 140 }, // U+2013
    { 0x2014, 140 }, // U+2014
    { 0x2018, 141 }, // U+2018
    { 0x2019, 142 }, // U+2019
    { 0x201A, 143 }, // U+201A
    { 0x201C, 141 }, // U+201C
    { 0x201D, 142 }, // U+201D
    { 0x201E, 144 }, // U+201E
    { 0x2020, 145 }, // U+2020
    { 0x2021, 146 }, // U+2021
    { 0x2022, 147 }, // U+2022
    { 0x2026, 10 }, // U+2026
    { 0x2032, 148 }, // U+2032
    { 0x2033, 148 }, // U+2033
    { 0x2039, 58 }, // U+2039
    { 0x203A, 65 }, // U+203A
    { 0x2070, 61 }, // U+2070
    { 0xFB00, 69 }, // U+FB00
    { 0xFB01, 35 }, // U+FB01
    { 0xFB02, 35 }, // U+FB02
    { 0xFB03, 69 }, // U+FB03
    { 0xFB04, 69 }, // U+FB04
};

static const int8_t newsreader_13_regularKernMatrix[] = {
       0,    0,   -1,    0,    0,    0,   -1,   -2,    0,   -1,   -1,    0,    0,    0,   -1,    0,    0,   -1,    0,    0,   -1,    0,   -1,   -1,   -1,   -1,    0,   -1,   -1,   -1,    0,    0,    0,    0,    0,    0,    0,    0,    0,    0,    0,    0,    0,    0,    0,    0,   -1,   -1,    0,   -1,    0,    0,    0,    0,    0,    0,    0,    0,   -1,    0,    0,    0,    0,    0,    0,    0,   -1,    0,    0,    0,    0,    0,    0,    0,    0,    0,    0,    0,    0,    0,    0,    0,    0,    0,    0,    0,    0,    0,    0,    0,    0,    0,    0,    0,    0,    0,    0,    0,    0,    0,    0,    0,    0,    0,    0,    0,    0,    0,    0,    0,    0,   -1,    0,    0,    0,    0,    0,    0,    0,    0,    0,    0,    0,    0,    0,    0,    0,    0,    0,    0,    0,    0,    0,    0,    0,    0,    0,    0,   -1,    0,   -1,   -1,   -2,   -2,    0,    0,    0,   -1,
      -1,    0,    0,   -1,    0,    0,    0,   -3,   -3,   -3,    0,   -1,    0,    0,   -2,    0,    0,   -2,    0,    0,    0,    0,    0,    0,    0,    0,    0,    0,    0,    0,   -2,    0,   -2,   -2,   -1,   -2,    0,    0,    0,    0,    0,   -1,   -1,   -1,   -1,    0,    0,    0,   -1,    0,   -1,   -1,    0,    0,   -1,    0,    0,   -3,    0,    0,    0,    0,    0,    0,   -1,   -3,   -2,    0,   -1,   -2,   -2,   -2,   -3,   -2,   -3,   -2,   -3,    1,    0,    0,    0,   -1,   -3,   -2,   -2,   -2,    0,    0,   -2,   -3,   -2,   -3,   -2,   -3,   -3,   -2,   -3,    0,    0,    0,    0,    0,    0,    0,    0,    0,   -2,   -2,   -2,   -2,   -1,    0,   -1,    0,   -1,   -1,   -3,   -1,   -2,   -2,   -2,    2,    0,   -2,    0,   -1,    0,   -2,   -1,   -2,   -2,   -2,   -2,   -2,   -2,    0,   -2,   -2,    0,   -3,    0,    0,   -3,   -3,    0,    0,    0,    0,
      -1,    0,   -1,    0,    0,    0,   -1,    0,    0,    0,    0,    0,    0,    0,    0,    0,    0,    0,    0,    0,   -2,   -1,   -2,   -1,    0,   -2,    0,    0,    0,    0,    0,    0,   -1,   -1,    0,    0,    0,    0,    0,    0,    0,    0,    0,    0,    0,    0,    0,    0,    0,    0,    0,    0,    0,   -1,    0,    0,    0,   -1,    0,    0,    0,    0,    0,    0,    0,    0,    0,    0,    0,    0,    0,    0,    0,    0,   -1,   -1,   -1,    0,    0,    0,    0,   -1,   -1,   -1,   -1,   -1,    0,    0,    0,    0,   -1,   -1,   -1,   -1,   -1,    0,    0,    0,    0,    0,    0,    0,    0,    0,   -1,    0,   -1,    0,    0,    0,    0,   -2,    0,    0,    0,    0,    0,    0,    0,   -1,   -1,    0,    0,   -1,    0,    0,    0,    0,    0,    0,    0,    0,    0,   -1,   -1,    0,   -1,   -1,    0,    0,    0,    0,    0,    0,    0,    0,    0,    0,
       0,    0,    0,   -1,   -1,    0,   -1,   -1,   -2,   -1,    0,   -1,    0,    0,    0,    0,   -1,    0,    0,    0,    0,    0,    0,    0,    0,    0,    0,    0,    0,    0,   -1,    0,   -1,   -1,   -1,    0,    0,    0,    0,    0,    0,   -1,   -1,   -1,   -1,   -1,   -1,   -1,    0,   -1,   -1,   -1,    0,    0,    0,   -1,    0,   -1,   -1,    0,    0,    0,    0,    0,   -1,    0,    0,   -1,   -1,   -1,   -1,   -1,   -1,   -1,   -1,   -1,   -1,    0,    0,    0,    0,   -1,   -1,   -1,   -1,   -1,   -1,    0,   -1,   -1,   -1,   -1,   -1,   -1,   -1,    0,    0,    0,    0,    0,    0,    0,    0,    0,    0,    0,   -1,   -1,   -1,   -1,   -1,    0,   -1,   -1,   -1,   -1,    0,    0,   -1,   -1,   -1,    1,    0,   -1,    0,   -1,   -1,   -1,    1,   -1,   -1,   -1,   -1,    0,   -1,    0,   -1,   -1,   -1,   -2,   -1,    0,   -1,   -1,    0,    0,    0,    0,
       0,    0,    0,    0,    0,   -1,    0,   -1,    0,   -1,    0,    0,    0,    0,    0,    0,    0,    0,    0,    0,    0,    0,    0,    0,    0,    0,    0,    0,   -1,    0,    0,    0,    0,    0,    0,    0,    0,    0,    0,    0,    0,    0,    0,    0,    0,    0,    0,    0,    0,    0,    0,    0,    0,   -1,    0,    0,    0,    0,    0,    0,    0,    0,    0,    0,    0,    0,    0,    0,    0,    0,    0,    0,    0,    0,    0,    0,    0,    0,    0,    0,    0,    0,    0,    0,    0,    0,    0,    0,    0,    0,    0,    0,    0,    0,    0,    0,    0,    0,    0,    0,    0,    0,    0,    0,    0,    0,    0,    0,    0,    0,    0,    0,    0,    0,    0,    0,    0,    0,    0,    0,    0,    0,    0,    0,    0,    0,    0,    0,    0,    0,    0,    0,    0,    0,    0,    0,    0,    0,    0,    0,    0,    0,   -1,   -1,    0,    0,    0,    0,
      -1,    0,    0,   -1,   -1,   -1,    0,   -4,   -3,   -4,    0,   -1,    0,    0,   -2,   -1,   -1,   -2,   -1,    0,    0,    0,   -1,    0,   -1,   -1,    0,    0,   -1,    0,   -2,    0,   -2,   -2,   -1,   -1,   -1,   -1,   -1,   -1,   -1,   -1,   -1,   -1,   -1,   -1,   -1,   -1,   -1,   -1,   -1,   -1,    0,   -1,   -1,    0,    0,   -2,    0,    0,    0,    0,    0,    0,   -2,   -3,   -3,   -1,   -1,   -2,   -1,   -1,   -1,   -2,   -2,   -2,   -2,   -1,   -1,    1,    1,   -1,   -2,   -2,   -2,   -2,   -1,   -1,   -2,   -2,   -2,   -2,   -2,   -2,   -2,   -1,   -1,    0,   -1,    1,    0,    0,   -1,    1,   -1,   -1,   -2,   -1,   -1,   -1,   -1,    0,   -1,   -1,   -1,   -1,   -1,   -2,   -1,   -2,   -2,    0,    1,   -2,   -1,   -1,   -1,   -2,   -1,   -1,   -2,   -2,   -2,   -2,   -2,   -1,   -2,   -2,   -1,   -3,    0,    0,   -4,   -4,    0,    0,    0,    0,
      -2,    0,   -3,    0,   -1,   -1,   -4,    0,   -1,    0,    0,    0,   -1,    0,    0,    0,   -1,    0,    0,    0,   -5,   -2,   -3,   -4,    0,   -5,    0,   -3,   -1,    0,    0,    0,    0,    0,    0,    0,    0,    0,   -1,    0,    0,    0,   -1,    0,   -1,   -1,   -2,   -2,    0,   -2,    0,   -1,    0,   -1,    0,   -1,    0,   -1,   -4,    0,    0,   -1,    0,    0,    0,    0,    0,   -1,    0,    0,    0,    0,    0,    0,    0,    0,    0,    0,    0,    0,    0,    0,    0,    0,    0,    0,   -1,    0,    0,    0,    0,    0,    0,    0,    0,    0,    0,    0,    0,    0,    0,    0,    0,   -1,    0,    0,    0,    0,    0,    0,   -1,   -5,   -1,   -1,    0,    0,    0,    0,    0,    0,    0,    0,    0,    0,    0,    0,   -1,    0,    0,    0,    0,    0,    0,    0,    0,    0,    0,    0,   -2,   -1,   -7,   -7,    0,    0,    0,    0,    0,   -3,
       0,    0,   -3,    0,    0,   -2,   -3,   -1,    0,   -1,    0,   -1,    0,    0,   -1,   -1,    0,   -2,   -1,    0,   -3,   -1,   -2,   -2,   -2,   -3,   -2,    0,   -2,    0,   -1,    0,    0,    0,   -1,    0,   -1,   -1,   -1,   -1,   -1,   -1,   -1,    0,   -1,   -1,   -1,   -1,   -2,   -1,   -1,    0,    0,   -2,    0,    0,    0,    0,    0,    0,    0,    0,    0,    0,   -2,    0,   -2,    0,   -1,   -1,   -1,   -1,   -1,   -1,    0,    0,    0,   -1,   -1,   -1,   -1,    0,    0,    0,    0,    0,   -1,   -1,   -1,   -1,    0,    0,    0,    0,    0,    0,    0,   -1,   -1,   -1,   -1,   -1,   -1,   -1,    0,    0,    0,   -1,    0,    0,   -1,   -5,   -1,   -1,   -1,   -1,    0,   -1,   -1,    0,    0,   -1,   -1,    0,   -1,   -1,   -1,   -1,   -1,   -1,   -1,   -1,   -1,    0,    0,   -1,    0,    0,   -1,    0,   -3,   -3,   -1,   -1,    0,    0,    0,   -3,
      -1,    0,   -3,    0,   -1,   -1,   -4,    0,   -1,    0,    0,    0,   -1,    0,    0,    0,   -1,    0,    0,    0,   -3,   -2,   -3,   -2,    0,   -3,    0,   -3,   -1,    0,    0,    0,    0,    0,    0,    0,    0,    0,   -1,    0,    0,    0,   -1,    0,   -1,   -1,   -2,   -2,    0,   -2,    0,   -1,    0,   -1,    0,   -1,    0,   -1,   -4,    0,    0,   -1,    0,    0,    0,    0,    0,   -1,    0,    0,    0,    0,    0,    0,    0,    0,    0,    0,    0,    0,    0,    0,    0,    0,    0,    0,   -1,    0,    0,    0,    0,    0,    0,    0,    0,    0,    0,    0,    0,    0,    0,    0,    0,   -1,    0,    0,    0,    0,    0,    0,   -1,   -5,   -1,   -1,    0,    0,    0,    0,    0,    0,    0,    0,    0,    0,    0,    0,   -1,    0,    0,    0,    0,    0,    0,    0,    0,    0,    0,    0,   -2,   -1,   -4,   -4,    0,    0,    0,    0,    0,   -3,
      -1,    0,    0,    0,    0,    0,    0,   -3,    0,   -3,   -4,   -1,    0,    0,   -2,    0,    0,   -2,    0,    0,    0,    0,    0,    0,    0,    0,    0,    0,    0,    0,   -2,    0,   -3,   -3,   -1,   -2,    0,    0,    0,    0,    0,   -1,   -1,   -2,   -1,   -1,    0,    0,   -1,    0,   -1,    0,    0,    0,    0,    0,    0,    0,    0,    0,    0,    0,    0,    0,    0,    0,   -2,    0,   -1,   -2,   -2,   -2,   -2,   -2,   -3,   -3,   -3,    0,    0,    0,    0,   -1,   -3,   -3,   -3,   -3,   -1,    0,   -2,   -2,   -3,   -3,   -3,   -3,   -3,   -2,   -2,    0,    0,    0,    0,    0,    0,    0,    0,    0,   -3,   -1,   -2,   -2,   -1,    0,   -1,   -1,   -1,   -1,   -2,   -2,   -2,   -3,   -3,    0,    0,   -3,   -1,   -1,   -1,   -2,   -2,   -2,   -2,   -2,   -2,   -3,   -3,    0,   -3,   -3,    0,    0,    0,    0,   -3,   -3,    0,    0,    0,    0,
       0,    0,   -1,    0,    0,   -1,   -1,    0,   -1,    0,    0,    0,   -1,    0,    0,    0,    0,    0,    0,    0,   -2,   -1,   -2,   -1,    0,   -2,    0,   -1,    0,    0,    0,    0,    0,    0,    0,    0,    0,    0,    0,    0,    0,    0,    0,    0,    0,    0,    0,    0,    0,    0,    0,    0,    0,   -1,    0,    0,    0,   -1,    0,    0,    0,   -1,    0,    0,    0,    0,    0,    0,    0,    0,    0,    0,    0,    0,    0,    0,    0,    0,    0,    0,    0,    0,    0,    0,    0,    0,    0,    0,    0,    0,    0,    0,    0,    0,    0,    0,    0,    0,    0,    0,    0,    0,    0,    0,    0,    0,    0,    0,    0,    0,    0,   -3,    0,    0,    0,    0,    0,    0,    0,    0,    0,    0,    0,    0,    0,    0,    0,    0,    0,    0,    0,    0,    0,    0,    0,    0,    0,    0,    0,   -1,   -1,    0,    0,    0,    0,    0,    0,    0,
       0,    0,    0,    0,    0,   -1,    0,    0,    0,    0,    0,    0,    0,    0,    0,    0,    0,    0,    0,    0,    0,    0,    0,    0,    0,    0,    0,    0,   -1,    0,    0,    0,    0,    0,    0,    0,    0,    0,    0,    0,    0,    0,    0,    0,    0,    0,    0,    0,    0,    0,    0,    0,    0,   -1,    0,    0,    0,   -1,    0,    0,    0,    0,    0,    0,   -1,    0,    0,    0,    0,    0,    0,    0,    0,    0,    0,    0,    0,    0,    0,    0,    0,    0,    0,    0,    0,    0,    0,    0,    0,    0,    0,    0,    0,    0,    0,    0,    0,    0,    0,    0,    0,    0,    0,    0,    0,    0,    0,    0,    0,    0,    0,    0,    0,    0,    0,    0,    0,    0,    0,    0,    0,    0,    0,    0,    0,    0,    0,    0,    0,    0,    0,    0,    0,    0,    0,    0,    0,    0,    0,    0,    0,    0,   -2,   -2,    0,    0,    0,    0,
       0,    0,    0,    0,    0,    0,    0,   -2,    0,   -2,    0,    0,    0,    0,   -1,   -1,    0,   -2,   -1,    0,    0,   -1,   -1,   -1,   -1,   -1,    0,    0,    0,    0,    0,    0,    0,    0,    0,    0,    0,    0,    0,    0,    0,    0,    0,    0,    0,    0,    0,    0,    0,    0,    0,    0,    0,    0,    0,    0,    0,    0,    0,    0,    0,    0,    0,    0,    0,    0,   -1,    0,    0,    0,    0,    0,    0,    0,    0,    0,    0,    0,    0,    0,    0,    0,    0,    0,    0,    0,    0,    0,    0,    0,    0,    0,    0,    0,    0,    0,    0,    0,   -1,    0,    0,    0,    0,    0,    0,    0,    0,    0,    0,    0,    0,    0,    0,    0,    0,    0,    0,    0,    0,    0,    0,    0,    0,    0,    0,    0,    0,    0,    0,    0,    0,    0,    0,    0,    0,    0,    0,    0,    0,    0,    0,    0,   -2,   -2,    0,    0,    0,    0,
      -1,    0,   -2,   -1,    0,    0,   -3,    0,   -1,    0,    0,    0,   -1,   -1,    0,    0,   -1,    0,    0,   -1,   -3,   -2,   -3,   -2,    0,   -3,    0,   -2,    0,    0,    0,    0,   -1,   -1,    0,    0,    0,    0,    0,    0,    0,    0,    0,    0,   -1,   -1,   -2,   -1,    0,   -2,    0,    0,    0,    0,    0,   -1,   -2,   -1,   -2,    0,    0,   -1,    0,   -2,    0,    0,    0,   -2,    0,    0,    0,    0,    0,    0,   -1,   -1,   -1,    0,    0,    0,    0,   -1,   -1,   -1,   -1,   -1,   -1,    0,    0,    0,   -1,   -1,   -1,   -1,   -1,    0,    0,    0,    0,    0,    0,    0,    0,    0,   -1,    0,   -1,    0,    0,    0,   -1,   -3,   -1,   -1,    0,    0,    0,    0,    0,   -1,   -1,    0,    0,   -1,    0,    0,   -1,    0,    0,    0,    0,    0,    0,   -1,   -1,    0,   -1,   -1,   -2,   -1,   -3,   -2,    0,    0,   -3,   -2,   -1,    0,
       0,    0,    0,    0,    0,   -1,   -1,    0,    0,    0,    0,    0,   -1,    0,   -1,   -1,    0,   -1,   -1,    0,   -1,   -1,   -1,   -1,   -1,   -1,   -1,    0,   -1,    0,   -1,    0,    0,    0,   -1,    0,   -1,   -1,    0,   -1,   -1,   -1,    0,    0,    0,    0,   -1,   -1,   -1,   -1,   -1,    0,    0,    0,    0,    0,    0,    0,    0,    0,    0,    0,    0,    0,   -1,    0,   -1,    0,   -1,   -1,   -1,   -1,   -1,   -1,    0,    0,    0,   -1,   -1,   -1,   -1,    0,    0,    0,    0,    0,    0,   -1,   -1,   -1,    0,    0,    0,    0,    0,    0,    0,   -1,   -1,   -1,   -1,   -1,   -1,    0,    0,    0,    0,   -1,    0,    0,    0,   -1,    0,    0,   -1,   -1,    0,   -1,   -1,    0,    0,   -1,   -1,    0,   -1,   -1,    0,   -1,   -1,   -1,   -1,   -1,   -1,    0,    0,   -1,    0,    0,   -1,    0,    0,    0,    0,    0,   -1,    0,    0,    0,
       0,    0,    0,    0,    0,    0,    0,    0,    0,    0,    0,    0,    0,    0,   -1,    0,    0,    0,    0,    0,    0,    0,   -1,   -1,   -1,    0,    0,    0,    0,    0,    0,    0,    0,    0,    0,    0,    0,    0,    0,    0,    0,    0,    0,    0,    0,    0,   -1,    0,    0,   -1,    0,    0,    0,    0,    0,    0,    0,    0,    0,    0,    0,    0,    0,    0,    0,    0,   -1,    0,    0,    0,    0,    0,    0,    0,    0,    0,    0,    0,    0,    0,    0,    0,    0,    0,    0,    0,    0,    0,    0,    0,    0,    0,    0,    0,    0,    0,    0,    0,    0,    0,    0,    0,    0,    0,    0,    0,    0,    0,    0,    0,    0,    0,    0,    0,    0,    0,    0,    0,    0,    0,    0,    0,    0,    0,    0,    0,    0,    0,    0,    0,    0,    0,    0,    0,    0,    0,    0,    0,   -1,    0,    0,    0,    0,    0,    0,    0,    0,    0,
       0,    0,    0,   -1,    0,   -1,    0,   -2,    0,   -2,    0,    0,   -1,    0,   -2,   -1,    0,   -2,   -1,    0,   -1,   -1,   -1,   -1,   -2,   -2,   -1,    0,   -1,    0,   -1,    0,   -1,   -1,    0,    0,   -1,    0,    0,   -1,   -1,    0,    0,    0,    0,    0,    0,    0,    0,    0,    0,    0,    0,   -1,    0,    0,    0,    0,    0,    0,    0,    0,    0,    0,    0,    0,   -2,    0,    0,   -1,   -1,   -1,   -1,   -1,   -1,   -1,   -1,    0,    0,    0,    0,   -1,   -1,   -1,   -1,   -1,    0,   -1,   -1,   -1,   -1,   -1,   -1,   -1,   -1,    0,    0,   -1,   -1,    0,    0,    0,    0,    0,    0,   -1,   -1,    0,    0,    0,    0,   -1,    0,    0,    0,    0,    0,   -1,   -1,   -1,   -1,    0,    0,   -1,    0,    0,    0,   -1,   -1,   -1,   -1,   -1,   -1,   -1,   -1,    0,   -1,   -1,    0,    0,    0,    0,   -2,   -2,   -1,    0,    0,    0,
       0,    0,    0,    0,    0,    0,   -1,    0,    0,    0,    0,    0,    0,    0,   -1,    0,    0,    0,    0,    0,    0,    0,   -1,   -1,    0,   -1,    0,    0,    0,    0,    0,    0,    0,    0,    0,    0,    0,    0,    0,    0,    0,    0,   -1,    0,    0,    0,   -1,   -1,    0,   -1,   -1,    0,    0,    0,    0,    0,    0,    0,    0,    0,    0,    0,    0,    0,   -1,    0,   -1,    0,    0,    0,    0,    0,    0,    0,    0,    0,    0,    0,    0,    0,    0,    0,    0,    0,    0,    0,    0,    0,    0,    0,    0,    0,    0,    0,    0,    0,    0,    0,    0,    0,    0,    0,    0,    0,    0,    0,    0,    0,    0,    0,    0,    0,    0,    0,   -1,   -1,    0,    0,    0,    0,    0,    0,    0,    0,    0,    0,    0,    0,    0,    0,    0,    0,    0,    0,    0,    0,    0,    0,   -1,    0,    0,    0,    0,    0,    0,    0,    0,    0,
      -1,    0,    0,   -1,    0,    0,    0,   -3,   -2,   -3,   -1,   -1,    0,   -1,   -2,    0,   -1,   -2,   -1,   -1,    0,    0,    0,    0,   -1,    0,    0,    0,    0,    0,   -2,    0,   -2,   -2,   -1,   -2,    0,   -1,   -1,    0,    0,   -2,   -2,   -2,   -1,   -1,   -1,   -1,   -1,   -1,   -2,    0,    0,    0,    0,    0,    0,   -2,    0,    0,    0,   -2,    0,    0,   -2,    0,   -3,   -1,   -1,   -2,   -2,   -2,   -2,   -2,   -2,   -2,   -2,    0,   -1,    0,    0,   -1,   -2,   -2,   -2,   -2,   -1,    0,   -2,   -2,   -2,   -2,   -2,   -2,   -2,   -2,   -2,    0,    0,    0,   -1,   -1,   -2,    0,    0,   -1,   -2,   -2,   -2,   -2,   -1,    0,   -1,   -1,   -2,   -2,   -2,   -1,   -2,   -2,   -2,    1,    0,   -2,   -1,   -2,   -1,   -2,    0,   -2,   -2,   -2,   -2,   -1,   -2,   -1,   -2,   -2,   -1,   -2,    0,    0,   -3,   -3,    0,    0,   -1,    0,
       0,    0,   -1,    0,    0,    0,   -1,   -1,    0,   -1,    0,    0,   -1,    0,   -1,    0,    0,   -1,    0,   -1,   -1,    0,   -1,   -1,   -1,   -1,   -1,    0,    0,    0,   -1,    0,    0,    0,    0,    0,    0,    0,    0,    0,    0,    0,    0,    0,    0,    0,   -1,   -1,   -1,   -1,    0,    0,    0,    0,    0,    0,    0,    0,    0,    0,    0,    0,    0,    0,   -1,    0,   -1,    0,    0,   -1,   -1,   -1,   -1,   -1,    0,    0,    0,    0,    0,    0,    0,    0,    0,    0,    0,    0,    0,    0,   -1,   -1,    0,    0,    0,    0,    0,    0,    0,    0,    0,    0,    0,    0,    0,    0,    0,    0,    0,    0,    0,    0,    0,   -1,    0,    0,    0,    0,    0,   -1,   -1,    0,    0,    0,    0,    0,    0,    0,    0,   -1,   -1,   -1,   -1,   -1,   -1,    0,    0,    0,    0,    0,   -1,    0,   -1,   -1,   -1,   -1,   -1,   -1,    0,    0,
       0,    0,    0,   -1,    0,    0,    0,    0,   -1,    0,    0,    0,    0,   -1,    0,    0,   -1,    0,    0,    0,    0,    0,    0,    0,    0,    0,    0,    0,    0,    0,   -1,    0,   -1,   -1,    0,   -1,    0,    0,   -1,    0,    0,    0,   -1,   -1,   -1,   -1,   -1,   -1,    0,   -1,   -1,    0,    0,    0,    0,    0,    0,   -1,    0,    0,    0,   -1,    0,    0,   -1,    0,    0,   -1,    0,   -1,   -1,   -1,   -1,   -1,   -1,   -1,   -1,    0,    0,    0,    0,   -1,   -1,   -1,   -1,   -1,   -1,    0,   -1,   -1,   -1,   -1,   -1,   -1,   -1,   -1,   -1,    0,    0,    0,    0,    0,    0,   -1,    0,   -1,   -1,    0,   -1,   -1,   -1,    0,   -1,   -1,   -1,   -1,   -1,   -1,   -1,   -1,   -1,    1,    0,   -1,    0,    0,   -1,   -1,   -1,   -1,   -1,   -1,   -1,   -1,   -1,    0,   -1,   -1,   -1,   -1,    0,    0,    0,    0,    0,    0,    0,    0,
       0,    0,    0,   -1,    0,    0,    0,   -2,   -1,   -2,   -1,   -1,    0,   -1,   -2,    0,   -1,   -1,   -1,    0,    0,    0,    0,    0,    0,    0,    0,    0,    0,    0,   -1,    0,   -1,   -1,   -1,   -1,    0,   -1,   -1,    0,    0,   -1,   -1,   -1,   -1,   -1,   -1,   -1,   -1,   -1,   -1,    0,    0,    0,    0,    0,    0,   -1,    0,    0,    0,   -1,    0,    0,   -1,    0,   -2,   -1,   -1,   -1,   -1,   -1,   -1,   -1,   -1,   -1,   -1,    0,   -1,   -1,   -1,   -1,   -1,   -1,   -1,   -1,   -1,    0,   -1,   -1,   -1,   -1,   -1,   -1,   -1,   -1,   -1,    0,    0,   -1,   -1,   -1,   -1,   -1,    0,   -1,   -1,   -1,   -1,   -1,   -1,    0,   -1,   -1,   -1,   -1,   -1,   -1,   -1,   -2,   -1,    1,   -1,   -1,   -1,   -1,   -1,   -1,   -1,   -1,   -1,   -1,   -1,   -2,   -1,   -1,   -2,   -1,   -1,   -1,    0,    0,   -2,   -2,    0,    0,    0,    0,
      -1,    0,    0,   -1,    0,    0,   -1,    0,   -2,    0,    0,    0,    0,   -1,    0,    0,   -2,    0,    0,   -1,   -1,   -1,   -1,   -1,    0,   -1,    0,    0,    0,    0,   -1,    0,   -1,   -1,    0,   -1,    0,    0,    0,    0,    0,    0,    0,   -1,   -1,   -1,   -2,   -2,    0,   -3,    0,    0,    0,    0,    0,   -1,   -1,   -2,   -1,    0,    0,   -2,    0,   -1,    0,    0,    0,   -4,    0,   -1,   -1,   -1,   -1,   -1,   -1,   -1,   -1,    0,    0,    0,    0,   -1,   -1,   -1,   -1,   -2,   -1,    0,   -1,   -1,   -1,   -1,   -1,   -1,   -1,   -1,   -1,    0,    0,    0,    0,    0,    0,    0,   -1,   -1,   -1,    0,   -1,   -1,   -1,   -1,   -1,   -1,    0,    0,   -1,   -1,   -1,   -1,   -1,    1,    0,   -1,    0,    0,   -1,   -1,   -1,   -1,   -1,   -1,   -1,   -2,   -1,    0,   -1,   -1,   -3,   -2,   -1,   -1,    0,    0,   -1,   -1,   -1,    0,
      -1,    0,   -3,    0,    0,   -1,   -3,    0,    0,    0,    0,    0,   -1,    0,    0,    0,   -1,    0,    0,   -1,   -3,   -1,   -3,   -2,   -1,   -3,   -1,   -2,    0,    0,    0,    0,    0,    0,    0,    0,    0,    0,    0,    0,    0,    0,    0,    0,    0,    0,   -2,   -1,    0,   -2,    0,    0,    0,    0,    0,    0,   -1,    0,   -2,    0,    0,    0,    0,   -1,    0,    0,    0,   -1,    0,    0,    0,    0,    0,    0,    0,    0,    0,    0,    0,    0,    0,    0,    0,    0,    0,    0,    0,    0,    0,    0,    0,    0,    0,    0,    0,    0,    0,    0,    0,    0,    0,    0,    0,    0,    0,    0,    0,    0,    0,    0,    0,   -6,    0,    0,    0,    0,    0,    0,    0,    0,    0,    0,    0,    0,    0,    0,    0,    0,    0,    0,    0,    0,    0,    0,    0,    0,    0,    0,   -2,    0,   -3,   -2,    0,    0,   -3,   -3,    0,    0,
       0,    0,    0,   -1,    0,    0,   -1,    0,   -1,    0,    0,    0,    0,   -1,    0,    0,   -1,    0,    0,    0,   -1,   -1,    0,    0,    0,    0,    0,    0,    0,    0,   -1,    0,   -1,   -1,    0,   -1,    0,    0,   -1,    0,    0,    0,   -1,    0,   -1,   -1,   -1,   -1,    0,   -1,    0,    0,    0,    0,    0,    0,    0,   -1,   -1,    0,    0,   -1,    0,   -1,    0,    0,    0,   -1,    0,   -1,   -1,   -1,   -1,   -1,   -1,   -1,   -1,    0,    0,    0,    0,   -1,   -1,   -1,   -1,   -1,   -1,    0,   -1,   -1,   -1,   -1,   -1,   -1,   -1,   -1,   -1,    0,    0,    0,    0,    0,    0,   -1,    0,    0,   -1,    0,    0,    0,   -1,   -1,   -1,   -1,    0,    0,   -1,   -1,   -1,   -1,   -1,    0,    0,   -1,    0,    0,   -1,   -1,   -1,   -1,   -1,   -1,   -1,   -1,   -1,    0,   -1,   -1,   -1,   -1,   -1,    0,    0,    0,   -1,   -1,    0,    0,
       0,    0,    0,   -1,    0,    0,    0,   -1,   -1,   -1,    0,   -1,    0,   -1,   -1,    0,   -1,   -1,    0,    0,    0,    0,    0,    0,    0,    0,    0,    0,    0,    0,   -1,    0,   -1,   -1,   -1,   -1,    0,   -1,   -1,    0,    0,   -1,   -1,   -1,   -1,   -1,   -1,   -1,   -1,   -1,   -1,    0,    0,    0,    0,    0,    0,   -1,    0,    0,    0,   -1,    0,    0,   -1,    0,   -1,   -1,   -1,   -1,   -1,   -1,   -1,   -1,   -1,   -1,   -1,    0,   -1,   -1,   -1,   -1,   -1,   -1,   -1,   -1,   -1,    0,   -1,   -1,   -1,   -1,   -1,   -1,   -1,   -1,   -1,    0,    0,   -1,   -1,    0,   -1,   -1,    0,   -1,   -1,   -1,   -1,   -1,   -1,    0,   -1,   -1,   -1,   -1,   -1,   -1,   -1,   -1,   -1,    1,   -1,   -1,   -1,   -1,   -1,   -1,   -1,   -1,   -1,   -1,   -1,   -1,   -1,   -1,   -1,   -1,   -1,   -1,    0,    0,   -1,   -1,    0,    0,    0,    0,
       0,    0,    0,   -1,    0,   -1,    0,   -1,    0,   -1,    0,    0,   -1,    0,   -1,   -1,    0,   -1,   -1,    0,   -1,   -1,   -1,   -1,   -2,   -2,   -1,    0,   -1,    0,   -1,    0,    0,    0,    0,    0,   -1,    0,    0,   -1,   -1,    0,    0,    0,    0,    0,    0,    0,    0,    0,    0,    0,    0,   -1,    0,    0,    0,    0,    0,    0,    0,    0,    0,    0,   -1,    0,   -2,    0,    0,   -1,   -1,   -1,   -1,   -1,    0,    0,    0,    0,    0,    0,    0,    0,    0,    0,    0,    0,    0,   -1,   -1,   -1,    0,    0,    0,    0,    0,    0,    0,   -1,   -1,    0,    0,    0,    0,    0,    0,   -1,    0,    0,    0,    0,    0,   -1,    0,    0,    0,    0,    0,   -1,   -1,    0,    0,    0,    0,    0,    0,    0,    0,   -1,   -1,   -1,   -1,   -1,   -1,    0,    0,    0,    0,    0,    0,    0,    0,    0,   -1,   -1,   -1,    0,    0,    0,
      -1,    0,    0,   -1,    0,    0,    0,   -3,   -3,   -3,   -1,    0,    0,    0,   -2,   -1,    0,   -3,   -1,    0,    0,    0,   -1,   -1,   -1,   -1,    0,    0,    0,    0,   -1,    0,   -2,   -2,    0,   -1,    0,    0,    0,    0,    0,    0,    0,   -1,    0,    0,    0,    0,    0,    0,   -1,    0,    0,    0,    0,    0,    0,   -2,    0,    0,    0,   -2,    0,    0,   -1,    0,   -3,    0,    0,   -1,   -1,   -1,   -1,   -1,   -2,   -2,   -2,    0,    0,    0,    0,   -2,   -2,   -2,   -2,   -2,    0,    0,   -1,   -1,   -2,   -2,   -2,   -2,   -2,   -1,   -1,    0,   -1,    0,    0,    0,    0,    0,   -1,   -1,   -2,    0,   -1,   -1,    0,    0,    0,    0,   -1,   -1,   -1,   -1,   -1,   -2,   -2,    0,    0,   -2,    0,    0,    0,   -1,   -1,   -1,   -1,   -1,   -1,   -2,   -2,    0,   -2,   -2,    0,   -3,    0,    0,   -3,   -3,    0,    0,   -1,    0,
       0,    0,    0,   -1,    0,   -1,    0,   -1,    0,   -1,    0,    0,   -1,    0,   -1,   -1,    0,   -1,   -1,    0,   -1,   -1,   -1,   -1,   -2,   -2,   -1,    0,   -1,    0,   -1,    0,    0,    0,    0,    0,   -1,    0,    0,   -1,   -1,    0,    0,    0,    0,    0,    0,    0,    0,    0,    0,    0,    0,   -1,    0,    0,    0,    0,    0,    0,    0,    0,    0,    0,   -1,    0,   -2,    0,    0,   -1,   -1,   -1,   -1,   -1,    0,    0,    0,    0,    0,    0,    0,    0,    0,    0,    0,    0,    0,   -1,   -1,   -1,    0,    0,    0,    0,    0,    0,    0,   -1,   -1,    0,    0,    0,    0,    0,    0,   -1,    0,    0,    0,    0,    0,   -1,    0,    0,    0,    0,    0,   -1,   -1,    0,    0,    0,    0,    0,    0,    0,    0,   -1,   -1,   -1,   -1,   -1,   -1,    0,    0,    0,    0,    0,    0,    0,    0,    0,   -2,   -2,   -1,    0,    0,    0,
       0,    0,   -1,    0,    0,    0,   -1,    0,   -1,    0,    0,    0,   -1,    0,    0,    0,   -1,    0,    0,    0,   -1,   -1,   -1,   -1,    0,   -1,    0,    0,   -1,    0,    0,    0,   -1,   -1,    0,    0,    0,    0,    0,    0,    0,    0,    0,    0,    0,    0,   -1,   -1,    0,   -1,    0,    0,    0,    0,    0,    0,   -1,   -1,    0,    0,    0,   -1,    0,    0,    0,    0,    0,   -1,    0,    0,    0,    0,    0,    0,   -1,   -1,   -1,    0,    0,    0,    0,   -1,   -1,   -1,   -1,   -1,    0,    0,    0,    0,   -1,   -1,   -1,   -1,   -1,    0,    0,    0,    0,    0,    0,    0,    0,    0,    0,    0,   -1,    0,    0,    0,    0,   -1,   -1,    0,    0,    0,    0,    0,    0,   -1,   -1,    0,    0,   -1,    0,    0,    0,    0,    0,    0,    0,    0,    0,   -1,   -1,    0,   -1,   -1,   -1,   -1,    0,   -1,    0,    0,   -1,   -1,   -1,    0,
       0,    0,    0,    0,    0,    0,   -1,    0,    0,    0,    0,    0,   -1,    0,   -1,    0,    0,   -1,    0,   -1,   -1,    0,   -1,   -1,   -1,   -1,   -1,    0,    0,    0,   -1,    0,    0,    0,   -1,    0,    0,   -1,   -1,    0,    0,   -1,   -1,    0,    0,    0,   -1,   -1,   -1,   -1,   -1,    0,    0,    0,    0,    0,    0,    0,    0,    0,    0,    0,    0,    0,   -1,    0,   -1,    0,   -1,   -1,   -1,   -1,   -1,   -1,    0,    0,    0,   -1,   -1,   -1,   -1,    0,    0,    0,    0,    0,    0,    0,   -1,   -1,    0,    0,    0,    0,    0,    0,    0,    0,    0,   -1,   -1,   -1,   -1,   -1,    0,    0,    0,   -1,    0,    0,    0,   -1,    0,    0,   -1,   -1,    0,   -1,   -1,    0,    0,    0,   -1,    0,   -1,   -1,    0,   -1,   -1,   -1,   -1,   -1,   -1,    0,    0,   -1,    0,    0,   -1,    0,   -1,   -1,    0,    0,    0,    0,    0,    0,
      -1,    0,    0,   -1,    0,    0,    0,   -5,   -3,   -3,   -2,   -2,    0,   -1,   -3,    0,   -1,   -2,    0,   -1,    0,    0,    0,    0,    0,    0,   -1,    0,    0,    0,   -3,    0,   -4,   -4,   -1,   -3,    0,   -1,   -1,    0,    0,   -3,   -3,   -3,   -3,   -3,   -3,   -3,   -3,   -3,   -3,    0,    0,    0,    0,    0,    0,   -3,    0,    0,    0,   -3,    0,    0,   -3,    0,   -4,   -1,   -1,   -5,   -5,   -5,   -5,   -3,   -6,   -6,   -6,   -1,   -2,   -1,   -1,   -2,   -7,   -4,   -7,   -4,   -3,    0,   -5,   -5,   -6,   -4,   -6,   -6,   -7,   -5,   -5,    0,    0,   -1,   -1,   -1,   -3,   -1,    0,   -1,   -4,   -5,   -4,   -5,   -5,    0,   -5,   -3,   -5,   -3,   -3,   -3,   -5,   -5,   -6,    1,   -1,   -5,   -3,   -4,   -4,   -3,   -3,   -5,   -5,   -5,   -5,   -4,   -6,   -1,   -4,   -4,   -3,   -3,    0,    0,   -5,   -3,    0,    0,   -2,    0,
       0,    0,    0,   -1,    0,    0,    0,   -2,   -1,   -2,   -1,   -1,    0,   -1,   -2,    0,   -1,   -2,   -1,    0,    0,    0,    0,    0,    0,    0,    0,    0,    0,    0,   -1,    0,   -1,   -1,   -1,   -1,    0,   -1,   -1,    0,    0,   -1,   -1,   -1,   -1,   -1,   -1,   -1,   -1,   -1,   -1,    0,    0,    0,    0,    0,    0,   -1,    0,    0,    0,   -1,    0,    0,   -2,    0,   -2,   -1,   -1,   -1,   -1,   -1,   -1,   -1,   -1,   -1,   -1,    0,   -1,   -1,   -1,   -1,   -1,   -1,   -1,   -1,   -1,    0,   -1,   -1,   -1,   -1,   -1,   -1,   -1,   -1,   -1,    0,    0,   -1,   -1,   -1,   -1,   -1,    0,   -1,   -1,   -1,   -1,   -1,   -1,    0,   -1,   -1,   -1,   -1,   -1,   -1,   -1,   -2,   -1,    1,   -1,   -2,   -1,   -1,   -1,   -1,   -1,   -1,   -1,   -1,   -1,   -2,   -1,   -1,   -2,   -1,   -1,   -1,    0,    0,   -2,   -2,    0,    0,    0,    0,
      -1,    0,    0,   -2,    0,    0,    0,   -3,   -2,   -3,   -2,   -2,    0,   -2,   -3,    0,   -1,   -2,    0,   -1,    0,    0,    0,    0,    0,    0,   -1,    0,    0,    0,   -3,    0,   -3,   -3,   -2,   -2,    0,   -1,   -1,    0,    0,   -2,   -2,   -3,   -2,   -2,   -2,   -2,   -2,   -2,   -2,    0,    0,    0,    0,   -1,    0,   -3,    0,    0,    0,   -2,    0,   -1,   -3,    0,   -4,   -1,   -2,   -1,   -3,   -3,   -3,   -3,   -2,   -3,   -3,    1,   -2,   -1,    0,   -2,   -2,   -3,   -3,   -3,   -2,    0,   -3,   -1,   -3,   -3,   -3,   -2,   -3,   -2,   -2,    0,    0,   -1,   -1,    0,   -2,   -1,   -1,    0,   -3,   -2,   -3,   -1,   -2,    0,   -2,   -2,   -2,   -2,   -2,    1,   -3,    0,   -3,    2,   -1,   -1,    1,   -2,   -1,   -3,    0,   -2,   -3,   -3,   -2,    0,   -3,   -1,   -1,   -3,   -2,   -2,    0,    0,   -3,   -3,    0,    0,   -2,    0,
      -1,    0,    0,   -2,    0,    0,    0,   -4,   -2,   -2,   -1,   -1,    0,   -2,   -2,    0,   -1,   -2,    0,   -1,    0,    0,    0,    0,    0,    0,   -1,    0,    0,    0,   -2,    0,   -2,   -2,   -1,   -2,    0,   -1,    0,    0,    0,   -1,   -1,   -2,   -2,   -1,   -1,   -1,   -1,   -1,   -2,    0,    0,    0,    0,   -1,    0,   -2,    0,    0,    0,   -2,    0,    0,   -2,    0,   -3,   -1,   -1,   -2,   -2,   -2,   -2,   -2,   -3,   -2,   -2,    1,   -1,   -1,    0,   -1,   -3,   -2,   -2,   -2,   -1,    1,   -2,   -3,   -2,   -2,   -2,   -3,   -3,   -2,   -2,    0,    0,   -1,   -1,    0,   -1,    0,    0,    0,   -2,   -2,   -2,   -2,   -2,    0,   -3,   -1,   -2,   -2,   -2,   -1,   -2,   -1,   -2,    2,   -1,   -2,    0,   -2,   -2,   -2,   -1,   -3,   -2,   -2,   -3,   -2,   -2,   -1,   -2,   -2,   -1,   -2,    0,    0,   -4,   -2,    0,    0,   -1,    0,
      -1,    0,    0,   -1,    0,    0,   -1,    0,   -2,    0,    0,    0,    0,   -1,    0,    0,   -2,    0,    0,   -1,    0,   -1,   -1,    0,    0,    0,    0,    0,    0,    0,   -1,    0,   -1,   -1,    0,   -1,    0,    0,    0,    0,    0,    0,    0,   -1,   -1,   -1,   -2,   -2,    0,   -3,    0,    0,    0,    0,    0,   -1,   -1,   -2,   -1,    0,    0,   -2,    0,   -1,    0,    0,    0,   -2,    0,   -1,   -1,   -1,   -1,   -1,   -1,   -1,   -1,    0,    0,    0,    0,   -1,   -1,   -1,   -1,   -1,   -1,    0,   -1,   -1,   -1,   -1,   -1,   -1,   -1,   -1,   -1,    0,    0,    0,    0,    0,    0,    0,    0,   -1,   -1,    0,   -1,   -1,   -1,    0,   -1,   -1,    0,    0,   -1,    0,   -1,   -1,   -1,    1,    0,   -1,    0,    0,   -1,   -1,   -1,   -1,   -1,   -1,   -1,   -1,   -1,    0,   -1,   -1,   -3,   -2,   -1,   -1,    0,    0,   -1,   -1,   -1,    0,
      -1,    0,    0,   -2,    0,    0,    0,   -5,   -3,   -3,   -2,   -2,    0,   -2,   -3,    0,   -2,   -2,    0,   -1,    0,    0,    0,    0,    0,    0,   -1,    0,    0,    0,   -3,    0,   -4,   -4,   -2,   -3,    0,   -1,   -1,    0,    0,   -3,   -3,   -3,   -3,   -3,   -3,   -3,   -3,   -3,   -3,    0,    0,    0,    0,   -2,   -1,   -3,   -1,    0,    0,   -3,    0,   -1,   -3,    0,   -4,   -2,   -4,   -4,   -3,   -6,   -6,   -3,   -5,   -4,   -7,    0,   -2,   -1,   -1,   -2,   -6,   -4,   -7,   -4,   -5,    0,   -3,   -4,   -4,   -6,   -7,   -6,   -6,   -3,   -5,    0,    0,   -1,   -1,    0,   -3,   -1,    0,    0,   -6,   -4,   -3,   -4,   -3,    0,   -5,   -3,   -3,   -5,   -5,   -2,   -3,   -3,   -7,    2,   -1,   -4,   -2,   -5,   -3,   -6,   -3,   -5,   -3,   -6,   -5,   -4,   -6,   -1,   -4,   -7,   -3,   -3,   -1,    0,   -5,   -3,    0,    0,   -2,    0,
       0,    0,    0,    0,    0,    0,   -1,    0,    0,    0,    0,    0,    0,    0,   -1,    0,   -1,    0,    0,    0,   -1,   -1,   -1,   -1,    0,    0,   -1,    0,    0,    0,    0,    0,    0,    0,    0,    0,    0,    0,    0,    0,    0,    0,   -1,    0,   -1,   -1,   -2,   -1,    0,   -2,   -1,    0,    0,    0,    0,    0,    0,    0,   -1,    0,    0,    0,    0,    0,    0,    0,    0,   -1,    0,    0,    0,    0,    0,    0,    0,    0,    0,    0,    0,    0,    0,    0,    0,    0,    0,    0,   -1,    0,    0,    0,    0,    0,    0,    0,    0,    0,    0,    0,    0,    0,    0,    0,    0,    0,    0,    0,    0,    0,    0,    0,   -1,   -1,   -1,   -1,   -1,   -1,    0,    0,    0,    0,    0,    1,    0,    0,    0,    0,   -1,    0,    0,    0,    0,    0,    0,    0,    0,    0,    0,    0,   -2,    0,   -1,    0,    0,    0,   -1,   -1,    0,    0,
      -1,    0,    0,   -1,   -1,    0,   -1,   -1,   -2,   -1,    0,    0,    0,    0,    0,    0,   -1,   -1,    0,    0,    0,    0,    0,    0,    0,    0,    0,    0,    0,    0,   -1,    0,   -1,   -1,    0,    0,    0,    0,    0,    0,    0,    0,    0,    0,   -1,   -1,   -1,   -1,    0,   -1,    0,    0,    0,    0,    0,   -1,    0,   -1,    0,    0,    0,    0,    0,    0,   -1,    0,    0,   -1,    0,   -1,   -1,   -1,   -1,   -1,   -1,   -1,   -1,    1,    0,    0,    0,    0,   -1,   -1,   -1,   -1,   -1,    0,   -1,   -1,   -1,   -1,   -1,   -1,   -1,    0,    0,    0,    0,    0,    0,    0,    0,    0,    0,    0,   -1,    0,    0,    0,   -1,    0,   -1,   -1,    0,    0,    0,    0,   -1,    0,   -1,    2,    0,   -1,    0,    0,   -1,   -1,    1,   -1,   -1,   -1,   -1,    0,   -1,    0,    0,   -1,   -1,   -2,    0,    0,   -1,   -1,    0,    0,    0,    0,
      -1,    0,    0,    0,    0,    0,    0,    0,    0,    0,    0,    0,    0,    0,    0,    0,    0,    0,    0,    0,   -2,   -1,   -2,   -1,    0,   -2,    0,   -4,    0,    0,    0,    0,    0,    0,    0,    0,    0,    0,    0,    0,    0,    0,    0,    0,    0,    0,   -1,    0,    0,   -1,    0,    0,    0,    0,    0,    0,    0,    0,    0,    0,    0,    0,    0,    0,    0,    0,    0,    0,    0,    0,    0,    0,    0,    0,    0,    0,    0,    0,    0,    0,    0,    0,    0,    0,    0,    0,    0,    0,    0,    0,    0,    0,    0,    0,    0,    0,    0,    0,    0,    0,    0,    0,    0,    0,    0,    0,    0,    0,    0,    0,    0,   -2,    0,    0,    0,    0,    0,    0,    0,    0,    0,    0,    0,    0,    0,    0,    0,    0,    0,    0,    0,    0,    0,    0,    0,    0,    0,    0,   -1,    0,    0,    0,    0,    0,    0,    0,    0,    0,
       0,    0,    0,    0,    0,    0,    0,    0,   -1,    0,    0,    0,    0,    0,    0,    0,    0,    0,    0,    0,    0,    0,    0,    0,    0,    0,    0,    0,    0,    0,    0,    0,    0,    0,    0,    0,    0,    0,    0,    0,    0,    0,    0,    0,    0,    0,    0,    0,    0,    0,    0,    0,    0,    0,    0,    0,    0,    0,    0,    0,    0,    0,    0,    0,    0,    0,    0,    0,    0,    0,    0,    0,    0,    0,    0,    0,    0,    0,    0,    0,    0,    0,    0,    0,    0,    0,    0,    0,    0,    0,    0,    0,    0,    0,    0,    0,    0,    0,    0,    0,    0,    0,    0,    0,    0,    0,    0,    0,    0,    0,    0,    0,    0,    0,    0,    0,    0,    0,    0,    0,    0,    0,    0,    0,    0,    0,    0,    0,    0,    0,    0,    0,    0,    0,    0,    0,    0,    0,    0,   -1,    0,    0,    0,    0,    0,    0,    0,    0,
      -1,    0,    0,    0,    0,    0,    0,    0,    0,    0,    0,    0,    0,    0,    0,    0,    0,    0,    0,    0,    0,    0,    0,    0,    0,    0,    0,    0,    0,    0,    0,    0,    0,    0,    0,    0,    0,    0,    0,    0,    0,    0,    0,    0,    0,    0,    0,    0,    0,    0,    0,    0,    0,    0,    0,    0,    0,    0,    0,    0,    0,    0,    0,    0,    0,    0,    0,    0,    0,    0,    0,    0,    0,    0,    0,    0,    0,    0,    0,    0,    0,    0,    0,    0,    0,    0,    0,    0,    0,    0,    0,    0,    0,    0,    0,    0,    0,    0,    0,    0,    0,    0,    0,    0,    0,    0,    0,    0,    0,    0,    0,    0,    0,    0,    0,    0,    0,    0,    0,    0,    0,    0,    0,    0,    0,    0,    0,    0,    0,    0,    0,    0,    0,    0,    0,    0,    0,    0,    0,    0,    0,    0,    0,    0,    0,    0,    0,    0,
       0,    0,   -2,    0,    0,   -1,   -2,    0,   -1,    0,    0,    0,   -1,    0,    0,    0,   -1,    0,    0,    0,   -3,   -1,   -3,   -2,    0,   -3,    0,   -2,    0,    0,    0,    0,    0,    0,    0,    0,    0,    0,    0,    0,    0,    0,    0,    0,    0,    0,   -1,   -1,   -1,   -1,    0,    0,    0,    0,    0,    0,   -1,   -1,   -1,    0,    0,   -1,    0,   -1,    0,    0,    0,   -1,    0,    0,    0,    0,    0,    0,    0,    0,    0,    0,    0,    0,    0,    0,    0,    0,    0,    0,    0,    0,    0,    0,    0,    0,    0,    0,    0,    0,    0,    0,    0,    0,    0,    0,    0,    0,    0,    0,    0,    0,    0,    0,    0,   -3,    0,    0,    0,    0,    0,    0,    0,    0,    0,    0,    0,    0,    0,    0,    0,    0,    0,    0,    0,    0,    0,    0,    0,    0,    0,    0,   -1,   -1,   -2,   -2,    0,    0,   -2,   -2,    0,    0,
       0,    0,   -2,   -1,    0,   -1,   -1,   -1,    0,   -1,    0,    0,   -1,    0,   -1,   -1,    0,   -1,   -1,    0,   -4,   -1,   -3,   -2,   -1,   -4,   -1,   -3,   -1,    0,    0,    0,    0,    0,    0,    0,    0,    0,    0,    0,    0,    0,    0,    0,    0,    0,   -1,   -1,   -1,   -1,   -1,    0,    0,   -1,    0,    0,    0,    0,   -1,    0,    0,    0,    0,    0,   -1,    0,    0,    0,    0,    0,    0,    0,    0,    0,    0,    0,    0,    0,    0,    0,    0,    0,    0,    0,    0,    0,    0,    0,    0,    0,    0,    0,    0,    0,    0,    0,    0,    0,   -1,    0,    0,    0,    0,    0,    0,    0,    0,    0,    0,    0,    0,   -4,    0,    0,   -1,   -1,    0,    0,    0,    0,    0,    0,    0,    0,    0,    0,    0,    0,    0,    0,    0,    0,    0,    0,    0,    0,    0,    0,   -1,    0,   -2,   -2,   -1,   -1,   -2,   -1,    0,    0,
       0,    0,   -1,    0,    0,   -1,   -1,    0,   -1,    0,    0,    0,   -1,    0,   -1,   -1,    0,    0,   -1,    0,   -3,   -1,   -2,   -2,   -1,   -3,   -1,   -1,   -1,    0,    0,    0,   -1,    0,    0,    0,    0,    0,    0,    0,    0,    0,    0,    0,    0,    0,    0,    0,   -1,   -1,    0,    0,    0,   -1,    0,    0,    0,   -1,    0,    0,    0,   -1,    0,   -1,    0,    0,    0,    0,    0,    0,    0,    0,    0,    0,   -1,   -1,   -1,    0,    0,    0,    0,   -1,   -1,   -1,   -1,   -1,    0,    0,    0,    0,   -1,   -1,   -1,   -1,   -1,    0,    0,    0,   -1,    0,    0,    0,    0,    0,    0,    0,   -1,    0,    0,    0,    0,   -3,    0,    0,    0,    0,    0,    0,    0,   -1,   -1,    0,    0,   -1,    0,    0,    0,    0,    0,    0,    0,    0,    0,   -1,   -1,    0,   -1,   -1,   -1,   -1,   -1,   -1,    0,    0,   -1,    0,    0,    0,
       0,    0,    0,   -1,    0,    0,   -1,    0,   -1,    0,    0,    0,   -1,    0,    0,    0,   -1,    0,    0,    0,   -1,   -1,   -1,    0,    0,   -1,    0,    0,    0,    0,    0,    0,    0,    0,    0,    0,    0,    0,    0,    0,    0,    0,    0,    0,    0,    0,   -1,   -1,    0,   -1,    0,    0,    0,    0,    0,    0,    0,   -1,    0,    0,    0,   -1,    0,    0,   -1,    0,    0,   -1,    0,    0,    0,    0,    0,    0,    0,    0,    0,    0,    0,    0,    0,    0,    0,    0,    0,    0,    0,    0,    0,    0,    0,    0,    0,    0,    0,    0,    0,    0,    0,    0,    0,    0,    0,    0,    0,    0,    0,    0,    0,    0,    0,   -1,    0,    0,    0,    0,    0,    0,    0,    0,    0,    0,    0,    0,    0,    0,    0,    0,    0,    0,    0,    0,    0,    0,    0,    0,    0,    0,   -1,   -1,    0,    0,    0,    0,   -1,    0,    0,    0,
       0,    0,   -2,    0,    0,   -1,   -1,    0,    0,    0,    0,    0,   -1,    0,   -1,   -1,    0,    0,   -1,   -1,   -3,   -1,   -3,   -2,   -1,   -3,   -1,   -2,   -1,    0,    0,    0,    0,    0,    0,    0,    0,    0,    0,    0,    0,    0,    0,    0,    0,    0,   -1,   -1,   -1,   -1,   -1,    0,    0,   -1,    0,    0,    0,    0,   -1,    0,    0,    0,    0,    0,   -1,    0,    0,    0,    0,    0,    0,    0,    0,    0,    0,    0,    0,    0,    0,    0,    0,    0,    0,    0,    0,    0,    0,    0,    0,    0,    0,    0,    0,    0,    0,    0,    0,    0,   -1,    0,    0,    0,    0,    0,    0,    0,    0,    0,    0,    0,    0,   -3,    0,    0,   -1,   -1,    0,    0,    0,    0,    0,    0,    0,    0,    0,    0,    0,    0,    0,    0,    0,    0,    0,    0,    0,    0,    0,    0,   -1,    0,   -2,   -1,    0,    0,   -2,   -1,    0,    0,
       1,    2,    4,    0,    0,    3,    2,   -1,   -2,   -1,    0,    0,    4,    0,   -1,    3,    0,    0,    2,    0,    3,    3,    4,    4,    3,    4,    2,    3,    4,    0,   -1,    0,   -1,   -1,    0,   -1,    0,    2,    2,    0,    0,    0,    0,   -1,    0,    0,    0,    0,    0,    0,    0,    0,    2,    4,    0,    0,    3,   -2,    2,    2,    2,   -2,    2,    3,    0,    0,    0,    0,    0,    2,   -1,    0,    1,    0,    1,   -2,    0,    6,    2,    3,    5,   -1,    0,   -2,   -1,   -1,    1,    0,    1,    2,   -2,    0,    0,    1,    0,   -1,    1,    3,    3,    5,    5,    6,    2,    4,    0,   -1,    0,    2,    0,    2,    0,    3,    0,    1,    0,    1,    1,    3,    0,    2,   -1,    8,    4,    2,    4,    0,    2,    0,    4,    1,   -1,    0,    1,    3,    0,    4,    2,    0,    1,   -2,    3,    3,   -1,   -1,    3,    3,   -1,    0,
       0,    0,    0,   -1,    0,    0,    0,   -2,   -1,   -2,    0,    0,   -1,    0,   -1,   -1,    0,   -1,   -1,   -1,   -3,   -1,   -2,   -1,   -2,   -3,   -1,   -1,    0,    0,   -1,    0,   -1,   -1,    0,    0,    0,    0,    0,    0,    0,    0,    0,   -1,    0,    0,    0,    0,   -1,    0,    0,    0,    0,    0,    0,    0,    0,   -1,    0,    0,    0,   -1,   -1,    0,    0,    0,    0,    0,    0,   -1,   -1,   -1,   -1,   -1,   -1,   -1,   -1,    0,    0,    0,    0,   -1,   -1,   -1,   -1,   -1,    0,    0,   -1,   -1,   -1,   -1,   -1,   -1,   -1,    0,    0,    0,   -1,    0,    0,    0,    0,    0,    0,   -1,   -1,    0,   -1,   -1,    0,   -3,    0,    0,    0,    0,    0,   -1,   -1,   -1,   -1,    0,    0,   -1,    0,    0,    0,   -1,   -1,   -1,   -1,   -1,   -1,   -1,   -1,    0,   -1,   -1,    0,   -1,    0,    0,   -2,   -2,   -1,    0,    0,    0,
       0,    0,   -2,   -1,    0,   -1,   -2,    0,   -1,    0,    0,    0,   -1,    0,    0,    0,   -1,    0,    0,    0,   -3,   -1,   -3,   -2,    0,   -3,    0,   -2,    0,    0,    0,    0,    0,    0,    0,    0,    0,    0,    0,    0,    0,    0,    0,    0,    0,    0,   -1,   -1,    0,   -1,    0,    0,    0,    0,    0,    0,   -1,   -1,   -1,    0,    0,   -1,    0,   -1,    0,    0,    0,   -1,    0,    0,    0,    0,    0,    0,    0,    0,    0,    0,    0,    0,    0,    0,    0,    0,    0,    0,    0,    0,    0,    0,    0,    0,    0,    0,    0,    0,    0,    0,    0,    0,    0,    0,    0,    0,    0,    0,    0,    0,    0,    0,    0,   -3,    0,    0,    0,    0,    0,    0,    0,    0,    0,    0,    0,    0,    0,    0,    0,    0,    0,    0,    0,    0,    0,    0,    0,    0,    0,    0,   -1,   -1,   -2,   -2,    0,    0,   -2,   -2,    0,    0,
       0,    0,    0,   -1,    0,    0,   -1,    0,   -1,    0,    0,    0,   -1,    0,    0,    0,   -1,    0,    0,    0,   -1,   -1,    0,    0,    0,    0,    0,   -1,    0,    0,    0,    0,    0,    0,    0,    0,    0,    0,    0,    0,    0,    0,    0,    0,    0,    0,   -1,   -1,    0,   -1,    0,    0,    0,    0,    0,    0,    0,   -1,    0,    0,    0,   -1,    0,    0,   -1,    0,    0,   -1,    0,    0,    0,    0,    0,    0,    0,    0,    0,    0,    0,    0,    0,    0,    0,    0,    0,    0,    0,    0,    0,    0,    0,    0,    0,    0,    0,    0,    0,    0,    0,    0,    0,    0,    0,    0,    0,    0,    0,    0,    0,    0,    0,   -1,    0,    0,    0,    0,    0,    0,    0,    0,    0,    0,    0,    0,    0,    0,    0,    0,    0,    0,    0,    0,    0,    0,    0,    0,    0,    0,   -1,   -1,   -1,   -1,    0,    0,   -1,   -1,    0,    0,
       0,    0,    0,   -1,    0,    0,    0,    0,    0,    0,    0,    0,    0,    0,    0,    0,    0,    0,    0,    0,    0,    0,    0,    0,    0,    0,    0,    0,    0,    0,    0,    0,    0,    0,    0,    0,    0,    0,    0,    0,    0,    0,    0,    0,    0,    0,    0,    0,    0,    0,    0,    0,    0,    0,    0,    0,    0,    0,    0,    0,    0,    0,    0,    0,   -1,    0,    0,    0,    0,    0,    0,    0,    0,    0,    0,    0,    0,    0,    0,    0,    0,    0,    0,    0,    0,    0,    0,    0,    0,    0,    0,    0,    0,    0,    0,    0,    0,    0,    0,    0,    0,    0,    0,    0,    0,    0,    0,    0,    0,    0,    0,    0,    0,    0,    0,    0,    0,    0,    0,    0,    0,    0,    0,    0,    0,    0,    0,    0,    0,    0,    0,    0,    0,    0,    0,    0,    0,    0,    0,    0,    0,    0,    0,    0,    0,    0,    0,    0,
       0,    0,   -2,    0,    0,    0,   -2,    0,   -2,    0,    0,    0,   -1,    0,    0,    0,   -1,    0,    0,    0,   -3,   -1,   -2,   -1,    0,   -3,    0,   -2,    0,    0,   -1,    0,   -1,   -1,    0,   -1,    0,    0,    0,    0,    0,    0,   -1,   -1,   -1,   -1,   -1,   -1,   -1,   -1,   -1,    0,    0,    0,    0,    0,   -1,   -2,   -1,    0,    0,   -2,    0,   -1,    0,    0,    0,   -1,    0,   -1,   -1,   -1,   -1,   -1,   -1,   -1,   -1,    0,    0,    0,    0,   -1,   -1,   -1,   -1,   -2,   -1,    0,   -1,   -1,   -1,   -1,   -1,   -1,   -1,   -1,   -1,    0,    0,    0,    0,    0,    0,    0,    0,   -1,   -1,    0,   -1,   -1,   -1,   -3,   -1,   -1,   -1,   -1,   -1,   -1,   -1,   -1,   -1,    0,    0,   -1,    0,    0,   -1,   -1,   -1,   -1,   -1,   -1,   -1,   -1,   -1,    0,   -1,   -1,   -1,   -2,   -2,   -1,    0,    0,   -2,   -1,   -1,    0,
       0,    0,   -1,   -1,    0,    0,   -1,    0,   -1,    0,    0,    0,   -1,    0,    0,    0,   -1,    0,    0,    0,   -1,   -1,   -1,   -1,    0,   -1,    0,    0,    0,    0,    0,    0,    0,    0,    0,    0,    0,    0,    0,    0,    0,    0,    0,    0,    0,    0,   -1,   -1,    0,   -1,    0,    0,    0,    0,    0,    0,   -1,   -1,    0,    0,    0,   -2,    0,    0,   -1,    0,    0,   -1,    0,    0,    0,    0,    0,    0,    0,    0,    0,    0,    0,    0,    0,    0,    0,    0,    0,    0,    0,    0,    0,    0,    0,    0,    0,    0,    0,    0,    0,    0,    0,    0,    0,    0,    0,    0,    0,    0,    0,    0,    0,    0,    0,   -1,    0,    0,    0,    0,    0,    0,    0,    0,    0,    0,    0,    0,    0,    0,    0,    0,    0,    0,    0,    0,    0,    0,    0,    0,    0,    0,   -1,   -1,   -1,   -1,    0,    0,   -1,   -1,    0,    0,
       0,    0,   -2,    0,    0,   -1,   -1,    0,    0,    0,    0,    0,   -1,    0,   -1,   -1,    0,   -1,   -1,    0,   -4,   -1,   -3,   -2,   -1,   -4,   -1,   -3,   -1,    0,    0,    0,    0,    0,    0,    0,    0,    0,    0,    0,    0,    0,    0,    0,    0,    0,   -1,   -1,   -1,   -1,   -1,    0,    0,   -1,    0,    0,    0,    0,   -1,    0,    0,    0,    0,    0,   -1,    0,    0,    0,    0,    0,    0,    0,    0,    0,    0,    0,    0,    0,    0,    0,    0,    0,    0,    0,    0,    0,    0,    0,    0,    0,    0,    0,    0,    0,    0,    0,    0,    0,   -1,    0,    0,    0,    0,    0,    0,    0,    0,    0,    0,    0,    0,   -4,    0,    0,   -1,   -1,    0,    0,    0,    0,    0,    0,    0,    0,    0,    0,    0,    0,    0,    0,    0,    0,    0,    0,    0,    0,    0,    0,   -1,    0,   -2,   -2,    0,    0,   -2,   -1,    0,    0,
       0,    0,   -1,   -1,    0,    0,    0,    0,    0,    0,    0,    0,   -1,    0,    0,   -1,    0,    0,   -1,    0,   -3,   -1,   -2,   -2,    0,   -3,   -1,   -1,    0,    0,    0,    0,    0,    0,    0,    0,    0,    0,    0,    0,    0,    0,    0,    0,    0,    0,    0,    0,    0,    0,    0,    0,    0,    0,    0,    0,    0,    0,    0,    0,    0,    0,    0,    0,   -1,    0,    0,    0,    0,    0,    0,    0,    0,    0,    0,    0,    0,    0,    0,    0,    0,    0,    0,    0,    0,    0,    0,    0,    0,    0,    0,    0,    0,    0,    0,    0,    0,    0,   -1,    0,    0,    0,    0,    0,    0,    0,    0,    0,    0,    0,    0,   -3,    0,    0,    0,    0,    0,    0,    0,    0,    0,    0,    0,    0,    0,    0,    0,    0,    0,    0,    0,    0,    0,    0,    0,    0,    0,    0,    0,    0,    0,    0,    0,    0,   -1,    0,    0,    0,
      -1,    0,    0,   -1,    0,   -1,    0,   -2,   -2,   -2,   -1,    0,   -1,    0,   -1,   -1,    0,   -2,   -1,   -1,   -3,   -1,   -2,   -1,   -2,   -3,   -1,   -1,   -1,    0,   -1,    0,   -1,   -1,    0,   -1,   -1,    0,    0,   -1,   -1,    0,    0,   -1,    0,    0,    0,    0,    0,    0,    0,    0,    0,   -1,    0,    0,    0,   -2,    0,    0,    0,   -2,    0,    0,    0,    0,    0,    0,    0,   -1,   -1,   -1,   -1,   -1,   -1,   -1,   -1,    0,    0,    0,    0,   -1,   -1,   -1,   -1,   -1,    0,   -1,   -1,   -1,   -1,   -1,   -1,   -1,   -1,   -1,   -1,   -1,   -1,    0,    0,    0,    0,    0,    0,   -1,   -1,    0,   -1,   -1,    0,   -3,    0,    0,    0,    0,   -1,   -1,   -1,   -1,   -1,    0,    0,   -1,    0,    0,    0,   -1,   -1,   -1,   -1,   -1,   -1,   -1,   -1,    0,   -1,   -1,    0,   -2,    0,    0,   -2,   -2,   -1,    0,   -1,    0,
       0,    0,   -1,    0,    0,   -1,   -1,   -1,    0,   -1,    0,    0,   -1,    0,   -1,   -1,    0,    0,   -1,    0,   -3,   -1,   -2,   -2,   -1,   -3,   -1,   -2,   -1,    0,    0,    0,    0,    0,    0,    0,    0,    0,    0,    0,    0,    0,    0,   -1,    0,    0,   -1,   -1,   -1,   -1,    0,    0,    0,   -1,    0,    0,    0,    0,    0,    0,    0,    0,    0,    0,   -1,    0,    0,    0,    0,    0,    0,    0,    0,    0,    0,    0,    0,    0,    0,    0,    0,    0,    0,    0,    0,    0,    0,    0,    0,    0,    0,    0,    0,    0,    0,    0,    0,    0,   -1,    0,    0,    0,    0,    0,    0,    0,    0,    0,   -1,   -1,    0,   -3,    0,    0,    0,    0,    0,    0,    0,    0,    0,    0,    0,    0,    0,    0,    0,    0,    0,    0,    0,    0,    0,    0,    0,    0,    0,    0,   -1,    0,   -1,   -1,   -1,   -1,   -1,   -1,    0,    0,
       0,    0,   -1,    0,    0,   -1,   -1,    0,   -1,    0,    0,    0,   -1,    0,   -1,   -1,   -1,    0,   -1,   -1,   -3,   -1,   -2,   -2,   -1,   -3,   -1,   -1,    0,    0,    0,    0,   -1,   -1,    0,    0,    0,    0,    0,    0,    0,    0,    0,    0,    0,    0,    0,    0,    0,    0,    0,    0,    0,    0,    0,    0,    0,   -1,    0,    0,    0,   -1,    0,    0,    0,    0,    0,   -1,    0,    0,    0,    0,    0,    0,   -1,   -1,   -1,    0,    0,    0,    0,   -1,   -1,   -1,   -1,   -1,    0,    0,    0,    0,   -1,   -1,   -1,   -1,   -1,    0,    0,    0,   -1,    0,    0,    0,    0,    0,    0,   -1,   -1,    0,    0,    0,    0,   -3,    0,    0,    0,    0,    0,    0,    0,   -1,   -1,    0,    0,   -1,    0,    0,    0,    0,    0,    0,    0,    0,    0,   -1,   -1,    0,   -1,   -1,    0,   -1,    0,    0,    0,    0,   -1,    0,   -1,    0,
       0,    0,   -2,   -1,    0,   -1,   -1,    0,   -1,    0,    0,    0,   -1,    0,    0,    0,   -1,    0,    0,    0,   -3,   -1,   -3,   -2,    0,   -3,    0,   -2,    0,    0,    0,    0,    0,    0,    0,    0,    0,    0,    0,    0,    0,    0,    0,    0,    0,    0,    0,    0,    0,   -1,    0,    0,    0,    0,    0,    0,   -1,   -1,   -1,    0,    0,   -1,    0,   -1,   -1,    0,    0,   -1,    0,    0,    0,    0,    0,    0,    0,    0,    0,    0,    0,    0,    0,    0,    0,    0,    0,    0,    0,    0,    0,    0,    0,    0,    0,    0,    0,    0,    0,    0,    0,    0,    0,    0,    0,    0,    0,    0,    0,    0,    0,    0,    0,   -3,    0,    0,    0,    0,    0,    0,    0,    0,    0,    0,    0,    0,    0,    0,    0,    0,    0,    0,    0,    0,    0,    0,    0,    0,    0,    0,   -1,   -1,   -1,   -1,    0,    0,   -2,   -1,    0,    0,
      -1,    0,    0,   -1,    0,   -1,    0,   -2,   -1,   -2,   -1,    0,   -1,    0,   -2,   -1,    0,   -2,   -1,   -1,   -3,   -1,   -2,   -1,   -2,   -3,   -1,    0,   -1,    0,   -1,    0,   -1,   -1,    0,   -1,   -1,    0,    0,   -1,   -1,   -1,    0,   -1,    0,    0,    0,    0,    0,    0,   -1,    0,    0,   -1,    0,    0,    0,   -2,    0,    0,    0,   -1,    0,    0,    0,    0,    0,    0,    0,   -1,   -1,   -1,   -1,   -1,   -1,   -1,   -1,    0,    0,    0,    0,   -1,   -1,   -1,   -1,   -1,    0,   -1,   -1,   -1,   -1,   -1,   -1,   -1,   -1,   -1,   -1,   -1,   -1,    0,    0,    0,    0,    0,    0,   -1,   -1,   -1,   -1,   -1,    0,   -3,    0,    0,   -1,   -1,   -1,   -1,   -1,   -1,   -1,    0,    0,   -1,   -1,   -1,    0,   -1,   -1,   -1,   -1,   -1,   -1,   -1,   -1,    0,   -1,   -1,    0,   -1,    0,    0,   -2,   -2,   -1,    0,   -1,    0,
      -1,    0,    0,   -1,    0,   -1,    0,   -2,   -1,   -2,    0,    0,   -1,    0,   -1,   -1,    0,   -2,   -1,   -1,   -3,   -1,   -2,   -1,   -2,   -3,   -1,    0,   -1,    0,   -1,    0,   -1,   -1,    0,   -1,   -1,    0,    0,   -1,   -1,    0,    0,   -1,    0,    0,    0,    0,    0,    0,   -1,    0,    0,   -1,    0,    0,    0,   -1,    0,    0,    0,   -1,    0,    0,    0,    0,    0,    0,    0,   -1,   -1,   -1,   -1,   -1,   -1,   -1,   -1,    0,    0,    0,    0,   -1,   -1,   -1,   -1,   -1,    0,   -1,   -1,   -1,   -1,   -1,   -1,   -1,   -1,   -1,   -1,   -1,   -1,    0,    0,    0,    0,    0,    0,   -1,   -1,    0,   -1,   -1,    0,   -3,    0,    0,   -1,   -1,   -1,   -1,   -1,   -1,   -1,    0,    0,   -1,    0,    0,    0,   -1,   -1,   -1,   -1,   -1,   -1,   -1,   -1,    0,   -1,   -1,    0,   -1,    0,    0,   -2,   -2,   -1,    0,   -1,    0,
       0,    0,   -1,    0,    0,    0,    0,    0,   -2,    0,    0,    0,   -1,    0,    0,    0,   -1,    0,    0,    0,   -3,   -1,   -2,   -1,    0,   -3,    0,   -1,    0,    0,   -1,    0,   -1,   -1,    0,   -1,    0,    0,    0,    0,    0,    0,    0,   -1,   -1,    0,    0,    0,    0,    0,    0,    0,    0,    0,    0,    0,    0,   -2,    0,    0,    0,   -2,    0,    0,    0,    0,    0,   -1,    0,   -1,   -1,   -1,   -1,   -1,   -1,   -1,   -1,    0,    0,    0,    0,   -1,   -1,   -1,   -1,   -1,    0,    0,   -1,   -1,   -1,   -1,   -1,   -1,   -1,   -1,   -1,    0,    0,    0,    0,    0,    0,    0,    0,   -1,   -1,    0,   -1,   -1,   -1,   -3,   -1,    0,    0,    0,   -1,   -1,   -1,   -1,   -1,    0,    0,   -1,    0,    0,    0,   -1,   -1,   -1,   -1,   -1,   -1,   -1,   -1,    0,   -1,   -1,    0,   -2,    0,    0,    0,    0,   -1,    0,   -1,    0,
      -1,    0,    0,   -1,    0,   -1,    0,   -2,   -1,   -2,   -1,    0,   -1,    0,   -2,   -1,    0,   -2,   -1,   -1,   -3,   -1,   -2,   -1,   -2,   -3,   -1,    0,   -1,    0,   -1,    0,   -1,   -1,    0,   -1,   -1,    0,    0,   -1,   -1,    0,    0,   -1,    0,    0,    0,    0,    0,    0,   -1,    0,    0,   -1,    0,    0,    0,   -1,    0,    0,    0,   -1,    0,    0,    0,    0,    0,    0,    0,   -1,   -1,   -1,   -1,   -1,   -1,   -1,   -1,    0,    0,    0,    0,   -1,   -1,   -1,   -1,   -1,    0,   -1,   -1,   -1,   -1,   -1,   -1,   -1,   -1,   -1,   -1,   -1,   -1,    0,    0,    0,    0,    0,    0,   -1,   -1,    0,   -1,   -1,    0,   -3,    0,    0,   -1,   -1,   -1,   -1,   -1,   -1,   -1,    0,    0,   -1,    0,    0,    0,   -1,   -1,   -1,   -1,   -1,   -1,   -1,   -1,    0,   -1,   -1,    0,   -1,    0,    0,   -2,   -2,   -1,    0,   -1,    0,
       0,    0,   -1,    0,    0,   -1,   -1,    0,   -1,    0,    0,    0,   -1,    0,    0,   -1,    0,    0,   -1,    0,   -3,   -1,   -2,   -2,    0,   -3,   -1,   -1,    0,    0,    0,    0,    0,    0,    0,    0,    0,    0,    0,    0,    0,    0,    0,    0,    0,    0,    0,    0,   -1,    0,    0,    0,    0,    0,    0,    0,    0,   -1,    0,    0,    0,   -1,    0,    0,    0,    0,    0,    0,    0,    0,    0,    0,    0,    0,    0,    0,    0,    0,    0,    0,    0,    0,    0,    0,    0,    0,    0,    0,    0,    0,    0,    0,    0,    0,    0,    0,    0,    0,   -1,    0,    0,    0,    0,    0,    0,    0,    0,    0,    0,    0,    0,   -3,    0,    0,    0,    0,    0,    0,    0,    0,    0,    0,    0,    0,    0,    0,    0,    0,    0,    0,    0,    0,    0,    0,    0,    0,    0,    0,    0,   -1,    0,    0,    0,    0,   -1,    0,    0,    0,
       0,    0,    0,   -1,   -1,    0,   -1,    0,   -2,   -1,    0,   -1,    0,    0,   -1,    0,   -1,   -1,    0,    0,    0,    0,    0,    0,    0,    0,    0,    0,    0,    0,   -1,    0,   -1,   -1,    0,    0,    0,    0,    0,    0,    0,    0,    0,   -1,   -1,   -1,   -1,   -1,    0,   -1,    0,    0,    0,    0,    0,   -1,    0,   -1,    0,    0,    0,    0,    0,    0,   -1,    0,   -1,   -1,    0,   -1,   -1,   -1,   -1,   -1,   -1,   -1,   -1,    1,    0,    0,    0,    0,   -1,   -1,   -1,   -1,   -1,    0,   -1,   -1,   -1,   -1,   -1,   -1,   -1,    0,    0,    0,    0,    0,    0,    0,    0,    0,    0,    0,   -1,    0,   -1,   -1,   -1,    0,   -1,   -1,    0,    0,    0,    0,   -1,   -1,   -1,    2,    0,   -1,    0,    0,   -1,   -1,    1,   -1,   -1,   -1,   -1,    0,   -1,    0,    0,   -1,   -1,   -2,   -1,    0,   -1,   -1,    0,    0,    0,    0,
       0,    0,   -1,    0,    0,   -1,   -1,   -1,    0,   -1,    0,    0,    0,    0,    0,    0,    0,    0,    0,    0,    0,    0,    0,    0,    0,    0,    0,    0,    0,    0,    0,    0,    0,    0,    0,    0,    0,    0,    0,    0,    0,    0,    0,    0,    0,    0,    0,    0,    0,    0,    0,    0,    0,    0,    0,    0,    0,    0,    0,    0,    0,    0,    0,    0,    0,    0,    0,    0,    0,    0,    0,    0,    0,    0,    0,    0,    0,    0,    0,    0,    0,    0,    0,    0,    0,    0,    0,    0,    0,    0,    0,    0,    0,    0,    0,    0,    0,    0,    0,    0,    0,    0,    0,    0,    0,    0,    0,    0,    0,    0,    0,    0,    0,    0,    0,    0,    0,    0,    0,    0,    0,    0,    0,    0,    0,    0,    0,    0,    0,    0,    0,    0,    0,    0,    0,    0,    0,    0,    0,    0,   -1,   -1,   -1,   -1,    0,    0,    0,   -1,
       0,    0,   -1,    0,    0,    0,   -1,   -1,    0,   -1,    0,    0,    0,    0,    0,    0,    0,    0,    0,    0,   -2,   -1,   -2,   -1,    0,   -2,    0,    0,    0,    0,    0,    0,    0,    0,    0,    0,    0,    0,    0,    0,    0,    0,    0,    0,    0,    0,    0,    0,    0,    0,    0,    0,    0,    0,    0,    0,    0,   -1,    0,    0,    0,    0,    0,    0,   -1,    0,    0,    0,    0,    0,    0,    0,    0,    0,    0,    0,    0,    0,    0,    0,    0,    0,    0,    0,    0,    0,    0,    0,    0,    0,    0,    0,    0,    0,    0,    0,    0,    0,    0,    0,    0,    0,    0,    0,    0,    0,    0,    0,    0,    0,    0,   -2,    0,    0,    0,    0,    0,    0,    0,    0,    0,    0,    0,    0,    0,    0,    0,    0,    0,    0,    0,    0,    0,    0,    0,    0,    0,    0,    0,    0,   -1,   -1,   -1,   -1,    0,    0,    0,   -1,
       0,    0,    0,    0,    0,   -1,    0,   -1,    0,   -1,    0,    0,    0,    0,   -1,    0,    0,   -1,    0,    0,    0,    0,   -1,   -1,   -1,   -2,    0,    0,   -1,    0,    0,    0,    0,    0,    0,    0,    0,    0,    0,    0,    0,    0,    0,    0,    0,    0,    0,    0,    0,    0,    0,    0,    0,   -1,    0,    0,    0,    0,    0,    0,    0,    0,    0,    0,    0,    0,   -1,    0,    0,    0,    0,    0,    0,    0,    0,    0,    0,    0,    0,    0,    0,    0,    0,    0,    0,    0,    0,    0,    0,    0,    0,    0,    0,    0,    0,    0,    0,    0,    0,    0,    0,    0,    0,    0,    0,    0,    0,    0,    0,    0,    0,    0,    0,    0,    0,    0,    0,    0,    0,    0,    0,    0,    0,    0,    0,    0,    0,    0,    0,    0,    0,    0,    0,    0,    0,    0,    0,    0,    0,    0,    0,    0,   -1,   -1,    0,    0,    0,    0,
       0,    0,    0,    0,    0,   -1,    0,    0,    0,    0,    0,    0,    0,    0,    0,    0,    0,    0,    0,    0,    0,    0,    0,    0,    0,    0,    0,    0,   -1,    0,    0,    0,    0,    0,    0,    0,    0,    0,    0,    0,    0,    0,    0,    0,    0,    0,    0,    0,    0,    0,    0,    0,    0,   -1,    0,    0,    0,    0,    0,    0,    0,    0,    0,    0,    0,    0,    0,    0,    0,    0,    0,    0,    0,    0,    0,    0,    0,    0,    0,    0,    0,    0,    0,    0,    0,    0,    0,    0,    0,    0,    0,    0,    0,    0,    0,    0,    0,    0,    0,    0,    0,    0,    0,    0,    0,    0,    0,    0,    0,    0,    0,    0,    0,    0,    0,    0,    0,    0,    0,    0,    0,    0,    0,    0,    0,    0,    0,    0,    0,    0,    0,    0,    0,    0,    0,    0,    0,    0,    0,    0,    0,    0,    0,    0,    0,    0,    0,    0,
       0,    0,   -1,   -1,    0,   -1,   -1,    0,   -2,    0,    0,    0,   -1,    0,    0,   -1,    0,    0,    0,    0,   -3,   -1,   -3,   -2,    0,   -3,    0,    0,   -1,    0,   -1,   -1,   -1,   -1,    0,   -1,   -1,    0,   -1,   -1,   -1,    0,   -1,    0,   -1,    0,    0,    0,    0,    0,    0,    0,    0,   -1,    0,    0,    0,   -2,    0,   -1,    0,    0,   -1,    0,    0,   -1,    0,    0,    0,   -1,   -1,   -1,   -1,   -1,   -1,   -1,   -1,    0,    0,    0,    0,   -1,   -1,   -1,   -1,   -1,    0,   -1,   -1,   -1,   -1,   -1,   -1,   -1,   -1,   -1,   -1,   -1,   -1,    0,    0,    0,    0,   -1,   -1,   -1,   -1,    0,    0,    0,   -1,   -5,   -1,    0,    0,    0,   -1,   -1,   -1,   -1,   -1,    0,    0,   -1,    0,    0,    0,   -1,   -1,   -1,   -1,   -1,   -1,   -1,   -1,    0,   -1,   -1,    0,   -2,   -1,   -1,    0,    0,    0,    0,    0,    0,
      -1,    0,    0,    0,    0,   -1,    0,   -4,    0,   -4,    0,    0,    0,    0,   -2,    0,    0,   -2,   -1,    0,    0,    0,    0,    0,   -1,   -1,    0,    0,   -1,    0,    0,    0,   -1,   -1,    0,    0,    0,    0,    0,    0,    0,    0,    0,    0,    0,    0,    0,    0,    0,    0,    0,    0,    0,    0,    0,    0,    0,   -1,    0,    0,    0,    0,    0,    0,    0,    0,   -3,    0,    0,    0,    0,    0,    0,    0,   -1,   -1,   -1,    0,    0,    0,    0,   -1,   -1,   -1,   -1,   -1,    0,    0,    0,    0,   -1,   -1,   -1,   -1,   -1,    0,    0,    0,    0,    0,    0,    0,    0,    1,    0,    0,   -1,    0,    0,    0,    0,    0,    0,    0,    0,    0,    0,    0,    0,   -1,   -1,    0,    0,   -1,    0,    0,    0,    0,    0,    0,    0,    0,    0,   -1,   -1,    0,   -1,   -1,    0,    0,    0,    0,   -4,   -4,    0,    0,    0,    0,
       0,    0,    0,    0,    0,    0,    0,   -1,    0,   -1,    0,   -1,    0,    0,   -1,   -1,    0,   -2,   -1,    0,   -3,   -1,   -2,   -2,   -2,   -3,   -1,    0,    0,    0,   -1,    0,    0,    0,   -1,    0,   -1,   -1,   -1,   -1,   -2,   -1,   -1,    0,   -1,   -1,   -1,   -1,   -2,   -1,   -1,    0,    0,    0,    0,    0,    0,    0,    0,    0,    0,    0,    0,    0,    0,    0,   -2,    0,   -1,   -1,   -1,   -1,   -1,   -1,    0,    0,    0,   -1,   -1,   -1,   -1,    0,    0,    0,    0,    0,   -1,   -1,   -1,   -1,    0,    0,    0,    0,    0,    0,    0,   -1,   -1,   -1,   -1,   -1,   -1,   -1,    0,    0,    0,   -1,    0,    0,   -1,   -3,   -1,   -1,   -1,   -1,    0,   -1,   -1,    0,    0,   -1,   -1,    0,   -1,   -1,   -1,   -1,   -1,   -1,   -1,   -1,   -1,    0,    0,   -1,    0,    0,   -1,    0,    0,    0,   -1,   -1,    0,    0,    0,    0,
       0,    0,    0,    0,    0,   -1,    0,    0,    0,    0,    0,    0,    0,    0,    0,    0,    0,    0,    0,    0,    0,    0,    0,    0,    0,    0,    0,    0,    0,    0,    0,    0,    0,    0,    0,    0,    0,    0,    0,    0,    0,    0,    0,    0,    0,    0,    0,    0,    0,    0,    0,    0,    0,    0,    0,    0,    0,    0,    0,    0,    0,    0,    0,    0,    0,    0,    0,    0,    0,    0,    0,    0,    0,    0,    0,    0,    0,    0,    0,    0,    0,    0,    0,    0,    0,    0,    0,    0,    0,    0,    0,    0,    0,    0,    0,    0,    0,    0,    0,    0,    0,    0,    0,    0,    0,    0,    0,    0,    0,    0,    0,    0,    0,    0,    0,    0,    0,    0,    0,    0,    0,    0,    0,    0,    0,    0,    0,    0,    0,    0,    0,    0,    0,    0,    0,    0,    0,    0,    0,    0,    0,    0,    0,    0,    0,    0,    0,    0,
       0,   -1,   -3,   -1,    0,   -2,   -2,   -1,    0,   -1,    0,   -1,   -2,    0,   -2,   -1,    0,   -2,   -1,    0,   -3,   -2,   -3,   -2,   -2,   -4,   -1,    0,   -1,    0,   -1,   -1,    0,    0,   -1,    0,   -1,   -1,   -1,   -1,   -1,   -1,   -1,   -1,   -1,   -1,   -2,   -2,   -2,   -2,   -1,    0,    0,   -1,   -1,    0,    0,    0,   -2,    0,    0,    0,    0,    0,   -2,   -2,   -2,    0,   -1,   -1,   -1,   -1,   -1,   -1,    0,    0,    0,   -1,   -1,   -1,   -1,    0,    0,    0,    0,    0,   -1,   -1,   -1,   -1,    0,    0,    0,    0,    0,    0,    0,   -1,   -1,   -1,   -1,   -1,   -1,   -1,    0,    0,    0,   -1,   -1,   -1,   -1,   -6,   -1,   -1,   -1,   -1,    0,   -1,   -1,    0,    0,   -1,   -1,    0,   -1,   -1,   -1,   -1,   -1,   -1,   -1,   -1,   -1,    0,    0,   -1,    0,    0,   -2,    0,   -3,   -3,   -1,   -1,    0,    0,    0,   -3,
       0,    0,   -1,    0,    0,    0,   -1,    0,    0,   -1,    0,    0,    0,    0,   -1,   -1,   -1,   -1,   -1,   -1,   -3,   -1,   -2,   -2,   -1,   -3,   -1,    0,    0,    0,   -1,   -1,   -1,   -1,    0,    0,   -1,    0,    0,   -1,   -1,    0,    0,    0,   -1,    0,   -1,    0,    0,   -1,   -1,    0,    0,    0,    0,    0,    0,   -1,    0,    0,    0,    0,    0,    0,   -1,    0,   -1,   -1,    0,   -1,   -1,   -1,   -1,   -1,   -1,   -1,   -1,    0,    0,    0,    0,   -1,   -1,   -1,   -1,   -1,    0,   -1,   -1,   -1,   -1,   -1,   -1,   -1,   -1,    0,    0,   -1,   -1,    0,    0,    0,    0,    0,   -1,   -1,   -1,    0,    0,    0,   -1,   -2,   -1,    0,   -1,   -1,    0,   -1,   -1,   -1,   -1,    0,    0,   -1,    0,    0,    0,   -1,   -1,   -1,   -1,   -1,   -1,   -1,   -1,    0,   -1,   -1,   -1,    0,   -1,   -1,   -1,   -1,    0,    0,    0,    0,
       0,    0,    0,   -1,    0,   -1,    0,   -1,    0,   -1,    0,    0,   -1,    0,   -1,   -1,    0,   -1,   -1,    0,   -1,   -1,   -1,   -2,   -2,   -3,   -1,    0,   -1,    0,   -1,    0,    0,    0,    0,    0,   -1,    0,    0,   -1,   -1,    0,    0,    0,    0,    0,    0,    0,    0,    0,    0,    0,    0,   -1,    0,    0,    0,    0,    0,    0,    0,    0,    0,    0,   -1,    0,   -2,    0,    0,   -1,   -1,   -1,   -1,   -1,    0,    0,    0,    0,    0,    0,    0,    0,    0,    0,    0,    0,    0,   -1,   -1,   -1,    0,    0,    0,    0,    0,    0,    0,   -1,   -1,    0,    0,    0,    0,    0,    0,   -1,    0,    0,    0,    0,    0,   -1,    0,    0,    0,    0,    0,   -1,   -1,    0,    0,    0,    0,    0,    0,    0,    0,   -1,   -1,   -1,   -1,   -1,   -1,    0,    0,    0,    0,    0,    0,    0,    0,    0,   -1,   -1,   -1,    0,    0,    0,
       0,    0,    0,   -1,    0,   -1,    0,   -3,   -1,   -3,   -1,    0,   -1,    0,   -2,   -1,    0,   -3,   -1,    0,   -1,   -1,   -2,   -1,   -3,   -3,   -1,    0,   -1,    0,   -1,    0,   -1,   -1,    0,    0,   -1,    0,    0,   -1,   -1,    0,    0,    0,    0,    0,    0,    0,    0,    0,    0,    0,    0,   -1,    0,    0,    0,   -1,    0,    0,    0,   -1,    0,    0,   -1,    0,   -3,    0,    0,   -1,   -1,   -1,   -1,   -1,   -1,   -1,   -1,    0,    0,    0,    0,    0,   -1,   -1,   -1,   -1,    0,   -1,   -1,   -1,   -1,   -1,   -1,   -1,   -1,    0,    0,   -1,   -1,    0,    0,    0,    0,    0,    0,    0,   -1,    0,    0,    0,    0,   -1,    0,    0,    0,    0,    0,   -1,   -1,   -1,   -1,    0,    0,   -1,    0,    0,    0,   -1,   -1,   -1,   -1,   -1,   -1,   -1,   -1,    0,   -1,   -1,    0,   -1,    0,    0,   -3,   -3,   -1,    0,    0,    0,
       0,    0,   -1,   -1,    0,   -1,   -1,    0,    0,    0,    0,    0,   -1,    0,   -1,   -1,   -1,    0,   -1,    0,   -1,   -1,   -1,   -1,   -1,   -1,   -1,   -1,    0,    0,    0,    0,    0,    0,   -1,    0,    0,   -1,   -1,    0,    0,   -1,   -1,    0,   -1,   -1,   -2,   -2,   -1,   -2,   -1,    0,    0,    0,    0,    0,   -1,    0,   -1,    0,    0,    0,    0,    0,   -1,    0,    0,   -1,   -1,    0,    0,    0,    0,    0,    0,    0,    0,   -1,   -1,   -1,   -1,    0,    0,    0,    0,    0,   -1,    0,    0,    0,    0,    0,    0,    0,    0,    0,    0,    0,   -1,   -1,   -1,   -1,   -1,   -1,    0,    0,    0,   -1,    0,    0,   -1,   -1,   -1,   -1,   -1,   -1,    0,    0,    0,    0,    0,   -1,   -1,    0,   -1,   -1,   -1,    0,    0,    0,    0,    0,    0,    0,    0,   -1,    0,    0,   -2,    0,   -1,   -1,    0,    0,   -1,   -1,    0,    0,
       0,    0,   -3,    0,    0,   -1,   -2,    0,   -1,    0,    0,    0,   -1,    0,    0,    0,   -1,    0,    0,    0,   -3,   -1,   -3,   -2,    0,   -3,    0,   -2,    0,    0,    0,    0,    0,    0,    0,    0,    0,    0,    0,    0,    0,    0,    0,    0,    0,    0,   -1,   -1,   -1,   -1,    0,    0,    0,    0,    0,    0,   -1,   -1,   -1,    0,    0,   -1,    0,   -1,    0,    0,    0,   -1,    0,    0,    0,    0,    0,    0,    0,    0,    0,    0,    0,    0,    0,    0,    0,    0,    0,    0,    0,    0,    0,    0,    0,    0,    0,    0,    0,    0,    0,    0,    0,    0,    0,    0,    0,    0,    0,    0,    0,    0,    0,    0,    0,   -3,    0,    0,    0,    0,    0,    0,    0,    0,    0,    0,    0,    0,    0,    0,    0,    0,    0,    0,    0,    0,    0,    0,    0,    0,    0,    0,   -1,   -1,   -2,   -2,    0,    0,   -2,   -2,    0,    0,
       0,    0,   -2,    0,    0,   -1,   -2,    0,   -1,    0,    0,    0,   -1,    0,    0,    0,   -1,    0,    0,    0,   -3,   -1,   -3,   -2,    0,   -3,    0,   -2,    0,    0,    0,    0,    0,    0,    0,    0,    0,    0,    0,    0,    0,    0,    0,    0,    0,    0,   -1,   -1,   -1,   -1,    0,    0,    0,    0,    0,    0,   -1,   -1,   -1,    0,    0,   -1,    0,   -1,    0,    0,    0,   -1,    0,    0,    0,    0,    0,    0,    0,    0,    0,    0,    0,    0,    0,    0,    0,    0,    0,    0,    0,    0,    0,    0,    0,    0,    0,    0,    0,    0,    0,    0,    0,    0,    0,    0,    0,    0,    0,    0,    0,    0,    0,    0,    0,   -3,    0,    0,    0,    0,    0,    0,    0,    0,    0,    0,    0,    0,    0,    0,    0,    0,    0,    0,    0,    0,    0,    0,    0,    0,    0,    0,   -1,   -1,   -4,   -2,    0,    0,   -2,   -2,    0,    0,
       0,    0,   -3,    0,    0,   -1,   -1,    0,    0,    0,    0,    0,   -1,    0,   -1,   -1,    0,    0,   -1,   -1,   -3,   -1,   -3,   -2,   -1,   -3,   -1,   -2,   -1,    0,    0,    0,    0,    0,    0,    0,    0,    0,    0,    0,    0,    0,    0,    0,    0,    0,   -1,   -1,   -1,   -1,   -1,    0,    0,   -1,    0,    0,    0,    0,   -1,    0,    0,    0,    0,    0,   -1,    0,    0,    0,    0,    0,    0,    0,    0,    0,    0,    0,    0,    0,    0,    0,    0,    0,    0,    0,    0,    0,    0,    0,    0,    0,    0,    0,    0,    0,    0,    0,    0,    0,   -1,    0,    0,    0,    0,    0,    0,    0,    0,    0,    0,    0,    0,   -3,    0,    0,   -1,   -1,    0,    0,    0,    0,    0,    0,    0,    0,    0,    0,    0,    0,    0,    0,    0,    0,    0,    0,    0,    0,    0,    0,   -1,    0,   -2,   -1,    0,    0,   -2,   -1,    0,    0,
       0,    0,    1,   -1,    0,    0,   -1,    0,   -1,    0,    0,    0,    0,    0,    0,    0,   -1,    0,    0,    0,   -1,   -1,    0,    0,    0,    0,    0,   -1,    1,    0,    0,    1,    0,    0,    0,    0,    0,    0,    0,    0,    0,    0,    0,    0,    0,    0,   -1,   -1,    0,   -1,    0,    0,    0,    1,    0,    0,    0,   -1,    0,    0,    0,   -1,    0,    0,   -1,    0,    0,   -1,    0,    0,    0,    0,    0,    0,    0,    0,    0,    1,    0,    0,    0,    0,    0,    0,    0,    0,    0,    1,    0,    0,    0,    0,    0,    0,    0,    0,    0,    0,    0,    0,    0,    0,    0,    0,    0,    0,    0,    0,    0,    0,    0,   -1,    0,    0,    0,    0,    0,    0,    0,    0,    0,    0,    0,    0,    0,    0,    0,    0,    0,    0,    0,    0,    0,    0,    0,    0,    0,    0,   -1,   -1,   -1,    0,    0,    0,   -1,   -1,    0,    0,
       0,    0,    0,   -1,    0,    0,   -1,    0,   -1,    0,    0,    0,   -1,    0,    0,    0,   -1,    0,    0,    0,   -1,   -1,    0,    0,    0,    0,    0,   -1,    0,    0,    0,    0,    0,    0,    0,    0,    0,    0,    0,    0,    0,    0,    0,    0,    0,    0,   -1,   -1,    0,   -1,    0,    0,    0,    0,    0,    0,    0,   -1,    0,    0,    0,   -1,    0,    0,   -1,    0,    0,   -1,    0,    0,    0,    0,    0,    0,    0,    0,    0,    0,    0,    0,    0,    0,    0,    0,    0,    0,    0,    0,    0,    0,    0,    0,    0,    0,    0,    0,    0,    0,    0,    0,    0,    0,    0,    0,    0,    0,    0,    0,    0,    0,    0,   -1,    0,    0,    0,    0,    0,    0,    0,    0,    0,    0,    0,    0,    0,    0,    0,    0,    0,    0,    0,    0,    0,    0,    0,    0,    0,    0,   -1,   -1,    0,    0,    0,    0,   -1,   -1,    0,    0,
       0,    0,    1,   -1,    0,    0,    0,    0,   -1,    0,    0,    0,    0,    0,    0,    0,   -1,    0,    0,    0,   -1,   -1,    0,    0,    0,    0,    0,   -1,    0,    0,    0,    0,    0,    0,    0,    0,    0,    0,    0,    0,    0,    0,    0,    0,    0,    0,   -1,   -1,    0,   -1,    0,    0,    0,    0,    0,    0,    0,   -1,    0,    0,    0,   -1,    0,    0,   -1,    0,    0,   -1,    0,    0,    0,    0,    0,    0,    0,    0,    0,    0,    0,    0,    0,    0,    0,    0,    0,    0,    0,    0,    0,    0,    0,    0,    0,    0,    0,    0,    0,    0,    0,    0,    0,    0,    0,    0,    0,    0,    0,    0,    0,    0,    0,   -1,    0,    0,    0,    0,    0,    0,    0,    0,    0,    0,    0,    0,    0,    0,    0,    0,    0,    0,    0,    0,    0,    0,    0,    0,    0,    0,   -1,   -1,    0,    0,    0,    0,   -1,   -1,    0,    0,
       0,    0,   -1,   -1,    0,   -1,   -1,   -1,    0,   -1,    0,    0,   -1,    0,   -1,   -1,    0,   -1,   -1,    0,   -1,   -1,   -1,   -1,   -1,   -1,   -1,    0,   -1,    0,    0,    0,    0,    0,    0,    0,    0,    0,    0,    0,    0,    0,    0,    0,    0,    0,   -1,    0,   -1,   -1,    0,    0,    0,   -1,    0,    0,    0,    0,    0,    0,    0,    0,    0,    0,   -1,    0,    0,    0,    0,    0,    0,    0,    0,    0,    0,    0,    0,    0,    0,    0,    0,    0,    0,    0,    0,    0,    0,    0,    0,    0,    0,    0,    0,    0,    0,    0,    0,    0,   -1,    0,    0,    0,    0,    0,    0,    0,    0,    0,    0,    0,    0,   -1,    0,    0,    0,    0,    0,    0,    0,    0,    0,    0,    0,    0,    0,    0,    0,    0,    0,    0,    0,    0,    0,    0,    0,    0,    0,    0,   -1,    0,    0,    0,   -1,   -1,   -1,    0,    0,    0,
       0,    0,   -3,    0,    0,   -1,   -1,    0,    0,    0,    0,    0,   -1,    0,   -1,   -1,    0,   -1,   -1,    0,   -4,   -1,   -3,   -2,   -1,   -4,   -1,   -3,   -1,    0,    0,    0,    0,    0,    0,    0,    0,    0,    0,    0,    0,    0,    0,    0,    0,    0,   -1,   -1,   -1,   -1,   -1,    0,    0,   -1,    0,    0,    0,    0,   -1,    0,    0,    0,    0,    0,   -1,    0,    0,    0,    0,    0,    0,    0,    0,    0,    0,    0,    0,    0,    0,    0,    0,    0,    0,    0,    0,    0,    0,    0,    0,    0,    0,    0,    0,    0,    0,    0,    0,    0,   -1,    0,    0,    0,    0,    0,    0,    0,    0,    0,    0,    0,    0,   -4,    0,    0,   -1,   -1,    0,    0,    0,    0,    0,    0,    0,    0,    0,    0,    0,    0,    0,    0,    0,    0,    0,    0,    0,    0,    0,    0,   -1,    0,   -2,   -2,    0,    0,   -2,   -1,    0,    0,
       0,    0,   -3,    0,    0,   -1,   -1,    0,    0,    0,    0,    0,   -1,    0,   -1,   -1,    0,   -1,   -1,    0,   -4,   -1,   -3,   -2,   -1,   -4,   -1,   -3,   -1,    0,    0,    0,    0,    0,    0,    0,    0,    0,    0,    0,    0,    0,    0,    0,    0,    0,   -1,   -1,   -1,   -2,   -1,    0,    0,   -1,    0,    0,    0,    0,   -1,    0,    0,    0,    0,    0,   -1,    0,    0,    0,    0,    0,    0,    0,    0,    0,    0,    0,    0,    0,    0,    0,    0,    0,    0,    0,    0,    0,    0,    0,    0,    0,    0,    0,    0,    0,    0,    0,    0,    0,   -1,    0,    0,    0,    0,    0,    0,    0,    0,    0,    0,    0,    0,   -4,    0,    0,   -1,   -1,    0,    0,    0,    0,    0,    0,    0,    0,    0,    0,    0,    0,    0,    0,    0,    0,    0,    0,    0,    0,    0,    0,   -2,    0,   -3,   -3,    0,    0,   -2,   -1,    0,    0,
      -1,    0,   -2,   -1,    0,    0,   -3,    0,   -1,    0,    0,    0,   -1,   -1,    0,    0,   -1,    0,    0,   -1,   -3,   -2,   -3,   -2,    0,   -3,    0,   -2,    0,    0,    0,    0,   -1,   -1,    0,    0,    0,    0,    0,    0,    0,    0,    0,    0,   -1,   -1,   -2,   -1,    0,   -3,    0,    0,    0,    0,    0,   -1,   -2,   -1,   -2,    0,    0,   -1,    0,   -2,    0,    0,    0,   -2,    0,    0,    0,    0,    0,    0,   -1,   -1,   -1,    0,    0,    0,    0,   -1,   -1,   -1,   -1,   -1,   -1,    0,    0,    0,   -1,   -1,   -1,   -1,   -1,    0,    0,    0,    0,    0,    0,    0,    0,    0,   -1,    0,   -1,    0,    0,    0,   -1,   -3,   -1,   -1,    0,    0,    0,    0,    0,   -1,   -1,    0,    0,   -1,    0,    0,   -1,    0,    0,    0,    0,    0,    0,   -1,   -1,    0,   -1,   -1,   -3,   -1,   -3,   -2,    0,    0,   -3,   -2,   -1,    0,
       0,    0,   -2,    0,    0,   -1,   -2,    0,   -1,    0,    0,    0,   -1,    0,    0,    0,   -1,    0,    0,    0,   -3,   -1,   -3,   -2,    0,   -3,    0,   -2,    0,    0,    0,    0,    0,    0,    0,    0,    0,    0,    0,    0,    0,    0,    0,    0,    0,    0,   -1,   -1,   -1,   -2,    0,    0,    0,    0,    0,    0,   -1,   -1,   -1,    0,    0,   -1,    0,   -1,    0,    0,    0,   -1,    0,    0,    0,    0,    0,    0,    0,    0,    0,    0,    0,    0,    0,    0,    0,    0,    0,    0,    0,    0,    0,    0,    0,    0,    0,    0,    0,    0,    0,    0,    0,    0,    0,    0,    0,    0,    0,    0,    0,    0,    0,    0,    0,   -3,    0,    0,    0,    0,    0,    0,    0,    0,    0,    0,    0,    0,    0,    0,    0,    0,    0,    0,    0,    0,    0,    0,    0,    0,    0,    0,   -2,   -1,   -2,   -2,    0,    0,   -2,   -2,    0,    0,
       0,    0,   -1,    0,    0,   -1,   -1,    0,   -1,    0,    0,    0,   -1,    0,   -1,   -1,    0,    0,   -1,    0,   -3,   -1,   -2,   -2,   -1,   -3,   -1,   -1,    0,    0,    0,    0,   -1,    0,    0,    0,    0,    0,    0,    0,    0,    0,    0,    0,    0,    0,    0,    0,   -1,   -1,    0,    0,    0,   -1,    0,    0,    0,   -1,    0,    0,    0,   -1,    0,   -1,    0,    0,    0,    0,    0,    0,    0,    0,    0,    0,   -1,   -1,   -1,    0,    0,    0,    0,   -1,   -1,   -1,   -1,   -1,    0,    0,    0,    0,   -1,   -1,   -1,   -1,   -1,    0,    0,    0,   -1,    0,    0,    0,    0,    0,    0,    0,   -1,    0,    0,    0,    0,   -3,    0,    0,    0,    0,    0,    0,    0,   -1,   -1,    0,    0,   -1,    0,    0,    0,    0,    0,    0,    0,    0,    0,   -1,   -1,    0,   -1,   -1,   -1,   -1,   -1,   -1,    0,    0,   -1,    0,    0,    0,
       0,    1,    2,    0,    0,    3,    1,    0,   -1,    0,    0,    0,    2,    0,    0,    0,    0,    0,    0,    0,    0,    0,    0,    0,    0,    0,    0,    0,    3,    0,    0,    3,    0,    0,    0,    0,    2,    1,    1,    2,    2,    0,    0,    0,    0,    0,   -1,   -1,    0,   -1,    0,    0,    0,    3,    0,    0,    0,   -1,    0,    0,    0,    0,    0,    0,   -1,    0,    0,    0,    0,    0,    0,    0,    0,    0,    0,    0,    0,    1,    1,    1,    1,    0,    0,    0,    0,    0,    0,    2,    0,    0,    0,    0,    0,    0,    0,    0,    0,    2,    0,    1,    1,    1,    1,    1,    0,    0,    0,    0,    0,    0,    0,    0,    0,    0,    0,    0,    0,    0,    0,    0,    0,    1,    1,    0,    0,    0,    0,    0,    0,    0,    0,    0,    0,    0,    0,    1,    0,    0,   -1,   -1,    1,    1,    0,    0,    0,    0,    0,    0,
       0,    0,    0,   -1,    0,    0,   -1,    0,   -1,    0,    0,    0,    0,    0,    0,    0,   -1,    0,    0,    0,   -1,   -1,   -1,    0,    0,   -1,    0,    0,    0,    0,    0,    0,    0,    0,    0,    0,    0,    0,    0,    0,    0,    0,    0,    0,    0,    0,   -1,   -1,    0,   -1,    0,    0,    0,    0,    0,    0,    0,   -1,    0,    0,    0,   -1,    0,    0,   -1,    0,    0,   -1,    0,    0,    0,    0,    0,    0,    0,    0,    0,    0,    0,    0,    0,    0,    0,    0,    0,    0,    0,    0,    0,    0,    0,    0,    0,    0,    0,    0,    0,    0,    0,    0,    0,    0,    0,    0,    0,    0,    0,    0,    0,    0,    0,   -1,    0,    0,    0,    0,    0,    0,    0,    0,    0,    0,    0,    0,    0,    0,    0,    0,    0,    0,    0,    0,    0,    0,    0,    0,    0,    0,   -1,   -1,    0,    0,    0,    0,   -1,    0,    0,    0,
       0,    0,    0,   -1,    0,    0,    0,    0,   -1,    0,    0,    0,    0,    0,    0,    0,   -1,    0,    0,    0,   -1,   -1,    0,    0,    0,    0,    0,   -1,    0,    0,    0,    0,    0,    0,    0,    0,    0,    0,    0,    0,    0,    0,    0,    0,    0,    0,   -1,   -1,    0,   -1,    0,    0,    0,    0,    0,    0,    0,   -1,    0,    0,    0,   -1,    0,    0,   -1,    0,    0,   -1,    0,    0,    0,    0,    0,    0,    0,    0,    0,    0,    0,    0,    0,    0,    0,    0,    0,    0,    0,    0,    0,    0,    0,    0,    0,    0,    0,    0,    0,    0,    0,    0,    0,    0,    0,    0,    0,    0,    0,    0,    0,    0,    0,   -1,    0,    0,    0,    0,    0,    0,    0,    0,    0,    0,    0,    0,    0,    0,    0,    0,    0,    0,    0,    0,    0,    0,    0,    0,    0,    0,   -1,   -1,   -1,    0,    0,    0,   -1,   -1,    0,    0,
       0,    0,    0,   -1,    0,    0,    0,    0,   -1,    0,    0,    0,    0,    0,    0,    0,   -1,    0,    0,    0,   -1,   -1,    0,    0,    0,    0,    0,   -1,    0,    0,    0,    0,    0,    0,    0,    0,    0,    0,    0,    0,    0,    0,    0,    0,    0,    0,   -1,   -1,    0,   -1,    0,    0,    0,    0,    0,    0,    0,   -1,    0,    0,    0,   -1,    0,    0,   -1,    0,    0,   -1,    0,    0,    0,    0,    0,    0,    0,    0,    0,    0,    0,    0,    0,    0,    0,    0,    0,    0,    0,    0,    0,    0,    0,    0,    0,    0,    0,    0,    0,    0,    0,    0,    0,    0,    0,    0,    0,    0,    0,    0,    0,    0,    0,   -1,    0,    0,    0,    0,    0,    0,    0,    0,    0,    0,    0,    0,    0,    0,    0,    0,    0,    0,    0,    0,    0,    0,    0,    0,    0,    0,   -1,   -1,    0,    0,    0,    0,   -1,   -1,    0,    0,
       0,    0,    1,   -1,    0,    0,    0,    0,   -1,    0,    0,    0,    0,    0,    0,    0,   -1,    0,    0,    0,   -1,   -1,    0,    0,    0,    0,    0,   -1,    0,    0,    0,    0,    0,    0,    0,    0,    0,    0,    0,    0,    0,    0,    0,    0,    0,    0,   -1,   -1,    0,   -1,    0,    0,    0,    0,    0,    0,    0,   -1,    0,    0,    0,   -1,    0,    0,   -1,    0,    0,   -1,    0,    0,    0,    0,    0,    0,    0,    0,    0,    0,    0,    0,    0,    0,    0,    0,    0,    0,    0,    0,    0,    0,    0,    0,    0,    0,    0,    0,    0,    0,    0,    0,    0,    0,    0,    0,    0,    0,    0,    0,    0,    0,    0,   -1,    0,    0,    0,    0,    0,    0,    0,    0,    0,    0,    0,    0,    0,    0,    0,    0,    0,    0,    0,    0,    0,    0,    0,    0,    0,    0,   -1,   -1,   -1,    0,    0,    0,   -1,   -1,    0,    0,
       0,    0,    1,   -1,    0,    0,    0,    0,    0,    0,    0,    0,    0,    0,    0,    0,    0,    0,    0,    0,    0,    0,    0,    0,    0,    0,    0,    0,    0,    0,    0,    0,    0,    0,    0,    0,    0,    0,    0,    0,    0,    0,    0,    0,    0,    0,    0,    0,    0,    0,    0,    0,    0,    0,    0,    0,    0,    0,    1,    0,    0,    0,    0,    0,   -1,    0,    0,    0,    0,    0,    0,    0,    0,    0,    0,    0,    0,    0,    0,    0,    0,    0,    0,    0,    0,    0,    0,    0,    0,    0,    0,    0,    0,    0,    0,    0,    0,    0,    0,    0,    0,    0,    0,    0,    0,    0,    0,    0,    0,    0,    0,    0,    0,    0,    0,    0,    0,    0,    0,    0,    0,    0,    0,    0,    0,    0,    0,    0,    0,    0,    0,    0,    0,    0,    0,    0,    0,    0,    0,    0,    1,    0,    0,    0,    0,    0,    0,    0,
      -1,    0,   -5,    0,    0,   -1,   -3,    0,    0,    0,    0,    0,   -1,    0,    0,    0,   -1,    0,    0,   -1,   -6,   -1,   -2,   -3,   -1,   -5,   -1,   -2,    0,    0,    0,    0,    0,    0,    0,    0,    0,    0,    0,    0,    0,    0,    0,    0,    0,    0,   -2,   -1,    0,   -2,    0,    0,    0,    0,    0,    0,   -1,    0,   -2,    0,    0,    0,    0,   -1,    0,    0,    0,   -1,    0,    0,    0,    0,    0,    0,    0,    0,    0,    0,    0,    0,    0,    0,    0,    0,    0,    0,    0,    0,    0,    0,    0,    0,    0,    0,    0,    0,    0,    0,    0,    0,    0,    0,    0,    0,    0,    0,    0,    0,    0,    0,    0,   -6,    0,    0,    0,    0,    0,    0,    0,    0,    0,    0,    0,    0,    0,    0,    0,    0,    0,    0,    0,    0,    0,    0,    0,    0,    0,    0,   -2,    0,   -3,   -4,    0,    0,   -3,   -3,    0,    0,
       0,    1,    2,    0,    0,    2,    1,    0,   -1,    0,    0,    0,    2,    0,    0,    0,    0,    0,    0,    0,    0,    0,    0,    0,    0,    0,    0,    0,    3,    0,    0,    2,    0,    0,    0,    0,    2,    0,    1,    2,    2,    0,    0,    0,    0,    0,   -1,   -1,    0,   -1,    0,    0,    0,    3,    0,    0,    0,   -1,    0,    0,    0,    0,    0,    0,   -1,    0,    0,    0,    0,    0,    0,    0,    0,    0,    0,    0,    0,    0,    0,    0,    0,    0,    0,    0,    0,    0,    0,    2,    0,    0,    0,    0,    0,    0,    0,    0,    0,    2,    0,    0,    0,    0,    0,    1,    0,    0,    0,    0,    0,    1,    0,    0,    0,    0,    0,    0,    0,    0,    0,    0,    0,    0,    0,    0,    0,    0,    0,    0,    0,    0,    0,    0,    0,    0,    0,    0,    0,    0,   -1,   -1,    1,    1,    0,    0,    0,    0,    0,    0,
       0,    0,    0,   -1,    0,    0,    0,    0,   -1,    0,    0,    0,   -1,    0,    0,    0,    0,    0,    0,    0,    0,    0,    0,    0,    0,    0,    0,    0,    0,    0,    0,    0,   -1,   -1,    0,    0,    0,    0,    0,    0,    0,    0,    0,    0,    0,    0,    0,    0,    0,    0,    0,    0,    0,    0,    0,    0,    0,   -1,    0,    0,    0,    0,    0,    0,    0,    0,    0,    0,    0,    0,    0,    0,    0,    0,   -1,   -1,   -1,    0,    0,    0,    0,    0,   -1,   -1,   -1,   -1,    0,    0,    0,    0,   -1,   -1,   -1,   -1,   -1,    0,    0,    0,    0,    0,    0,    0,    0,    0,    0,    0,   -1,    0,    0,    0,    0,    0,    0,    0,    0,    0,    0,    0,    0,   -1,   -1,    0,    0,   -1,    0,    0,    0,    0,    0,    0,    0,    0,    0,   -1,   -1,    0,   -1,   -1,    0,   -1,    0,    0,    0,    0,    0,    0,    0,    0,
       0,    0,   -2,    0,    0,   -1,   -1,    0,    0,    0,    0,    0,   -1,    0,   -1,   -1,    0,   -1,   -1,    0,   -4,   -1,   -3,   -2,   -1,   -4,   -1,   -3,   -1,    0,    0,    0,    0,    0,    0,    0,    0,    0,    0,    0,    0,    0,    0,    0,    0,    0,   -1,   -1,   -1,   -1,   -1,    0,    0,   -1,    0,    0,    0,    0,   -1,    0,    0,    0,    0,    0,   -1,    0,    0,    0,    0,    0,    0,    0,    0,    0,    0,    0,    0,    0,    0,    0,    0,    0,    0,    0,    0,    0,    0,    0,    0,    0,    0,    0,    0,    0,    0,    0,    0,    0,   -1,    0,    0,    0,    0,    0,    0,    0,    0,    0,    0,    0,    0,   -4,    0,    0,   -1,   -1,    0,    0,    0,    0,    0,    0,    0,    0,    0,    0,    0,    0,    0,    0,    0,    0,    0,    0,    0,    0,    0,    0,   -1,    0,   -3,   -2,    0,    0,   -2,   -1,    0,    0,
      -1,    0,    0,   -1,    0,   -1,    0,   -2,   -2,   -2,   -1,    0,   -1,    0,   -1,   -1,    0,   -2,   -1,   -1,   -3,   -1,   -2,   -1,   -2,   -3,   -1,   -1,    0,    0,   -1,    0,   -1,   -1,    0,   -1,   -1,    0,    0,   -1,   -1,    0,    0,   -1,    0,    0,    0,    0,    0,    0,    0,    0,    0,   -1,    0,    0,    0,   -2,    0,    0,    0,   -2,    0,    0,    0,    0,    0,    0,    0,   -1,   -1,   -1,   -1,   -1,   -1,   -1,   -1,    0,    0,    0,    0,   -1,   -1,   -1,   -1,   -1,    0,   -1,   -1,   -1,   -1,   -1,   -1,   -1,   -1,   -1,   -1,   -1,   -1,    0,    0,    0,    0,    0,    0,   -1,   -1,    0,   -1,   -1,    0,   -3,    0,    0,    0,    0,   -1,   -1,   -1,   -1,   -1,    0,    0,   -1,    0,    0,    0,   -1,   -1,   -1,   -1,   -1,   -1,   -1,   -1,    0,   -1,   -1,    0,   -2,    0,    0,   -2,   -2,   -1,    0,   -1,    0,
       0,    0,   -1,    0,    0,   -1,   -1,   -1,    0,   -1,    0,    0,   -1,    0,   -1,   -1,    0,    0,   -1,    0,   -3,   -1,   -2,   -2,   -1,   -3,   -1,   -2,    0,    0,    0,    0,    0,    0,    0,    0,    0,    0,    0,    0,    0,    0,    0,   -1,    0,    0,   -1,   -1,   -1,   -1,    0,    0,    0,   -1,    0,    0,    0,    0,    0,    0,    0,    0,    0,    0,   -1,    0,    0,    0,    0,    0,    0,    0,    0,    0,    0,    0,    0,    0,    0,    0,    0,    0,    0,    0,    0,    0,    0,    0,    0,    0,    0,    0,    0,    0,    0,    0,    0,    0,   -1,    0,    0,    0,    0,    0,    0,    0,    0,    0,   -1,   -1,    0,   -3,    0,    0,    0,    0,    0,    0,    0,    0,    0,    0,    0,    0,    0,    0,    0,    0,    0,    0,    0,    0,    0,    0,    0,    0,    0,    0,   -1,    0,   -1,   -1,   -1,   -1,   -1,   -1,    0,    0,
       0,    0,    0,    0,    0,    0,    0,    0,   -1,    0,    0,    0,    0,    0,   -1,   -1,   -1,    0,   -1,   -1,   -3,   -1,   -2,   -2,   -1,   -3,   -1,   -1,    0,    0,    0,    0,   -1,   -1,    0,    0,    0,    0,    0,    0,    0,    0,    0,    0,    0,    0,    0,    0,    0,    0,    0,    0,    0,    0,    0,    0,    0,   -1,    0,    0,    0,   -1,    0,    0,    0,    0,    0,   -1,    0,    0,    0,    0,    0,    0,   -1,   -1,   -1,    0,    0,    0,    0,   -1,   -1,   -1,   -1,   -1,    0,    0,    0,    0,   -1,   -1,   -1,   -1,   -1,    0,    0,    0,   -1,    0,    0,    0,    0,    0,    0,   -1,   -1,    0,    0,    0,    0,   -3,    0,    0,    0,    0,    0,    0,    0,   -1,   -1,    0,    0,   -1,    0,    0,    0,    0,    0,    0,    0,    0,    0,   -1,   -1,    0,   -1,   -1,    0,   -1,    0,    0,    0,    0,   -1,    0,   -1,    0,
      -1,    0,    0,   -1,    0,    0,    0,   -5,   -5,   -5,   -2,   -3,    0,   -1,   -3,    0,   -1,   -2,    0,   -1,    0,    0,    0,    0,    0,    0,   -1,    0,    0,    0,   -6,    0,   -6,   -6,   -1,   -5,    0,   -1,   -1,    0,    0,   -5,   -3,   -5,   -4,   -5,   -3,   -5,   -3,   -5,   -5,    0,    0,    0,    0,    0,    0,   -6,    0,    0,    0,   -3,    0,    0,   -5,    0,   -4,   -1,   -1,   -5,   -5,   -5,   -5,   -6,   -6,   -6,   -6,   -1,   -2,   -1,   -1,   -2,   -6,   -6,   -6,   -6,   -5,    0,   -5,   -5,   -6,   -6,   -6,   -6,   -6,   -5,   -5,    0,    0,   -1,   -1,   -1,   -3,   -1,    0,   -1,   -6,   -5,   -4,   -5,   -4,    0,   -4,   -5,   -5,   -5,   -5,   -4,   -5,   -5,   -6,    1,   -1,   -5,   -3,   -4,   -4,   -6,   -3,   -5,   -5,   -5,   -5,   -4,   -6,   -1,   -4,   -6,   -5,   -5,    0,    0,   -5,   -5,    0,    0,   -2,    0,
       0,    0,   -1,    0,    0,   -1,   -1,    0,   -1,    0,    0,    0,   -1,    0,   -1,   -1,   -1,    0,   -1,   -1,   -3,   -1,   -2,   -2,   -1,   -3,   -1,   -1,    0,    0,    0,    0,   -1,   -1,    0,    0,    0,    0,    0,    0,    0,    0,    0,    0,    0,    0,    0,    0,    0,    0,    0,    0,    0,    0,    0,    0,    0,   -1,    0,    0,    0,   -1,    0,    0,    0,    0,    0,   -1,    0,    0,    0,    0,    0,    0,   -1,   -1,   -1,    0,    0,    0,    0,   -1,   -1,   -1,   -1,   -1,    0,    0,    0,    0,   -1,   -1,   -1,   -1,   -1,    0,    0,    0,   -1,    0,    0,    0,    0,    0,    0,   -1,   -1,    0,    0,    0,    0,   -3,    0,    0,    0,    0,    0,    0,    0,   -1,   -1,    0,    0,   -1,    0,    0,    0,    0,    0,    0,    0,    0,    0,   -1,   -1,    0,   -1,   -1,    0,   -2,    0,    0,    0,    0,   -1,    0,   -1,    0,
       0,    0,   -2,   -1,    0,   -1,   -1,    0,   -1,    0,    0,    0,   -1,    0,    0,    0,   -1,    0,    0,    0,   -3,   -1,   -3,   -2,    0,   -3,    0,   -2,    0,    0,    0,    0,    0,    0,    0,    0,    0,    0,    0,    0,    0,    0,    0,    0,    0,    0,    0,    0,    0,   -1,    0,    0,    0,    0,    0,    0,   -1,   -1,   -1,    0,    0,   -1,    0,   -1,   -1,    0,    0,   -1,    0,    0,    0,    0,    0,    0,    0,    0,    0,    0,    0,    0,    0,    0,    0,    0,    0,    0,    0,    0,    0,    0,    0,    0,    0,    0,    0,    0,    0,    0,    0,    0,    0,    0,    0,    0,    0,    0,    0,    0,    0,    0,    0,   -3,    0,    0,    0,    0,    0,    0,    0,    0,    0,    0,    0,    0,    0,    0,    0,    0,    0,    0,    0,    0,    0,    0,    0,    0,    0,    0,   -1,   -1,   -1,   -2,    0,    0,   -2,   -1,    0,    0,
       0,    0,    0,   -1,    0,    0,    0,   -2,    0,   -2,    0,    0,   -1,    0,   -1,    0,    0,   -1,   -1,    0,    0,    0,   -1,    0,   -2,   -1,    0,    0,    0,    0,    0,    0,    0,    0,    0,    0,    0,    0,    0,    0,    0,    0,    0,    0,    0,    0,    0,    0,    0,    0,    0,    0,    0,    0,    0,    0,    0,   -1,    0,    0,    0,    0,    0,    0,   -1,    0,    0,    0,    0,    0,    0,    0,    0,    0,    0,    0,    0,    0,    0,    0,    0,    0,    0,    0,    0,    0,    0,    0,    0,    0,    0,    0,    0,    0,    0,    0,    0,    0,    0,    0,    0,    0,    0,    0,    0,    0,    0,    0,    0,    0,    0,    0,    0,    0,    0,    0,    0,    0,    0,    0,    0,    0,    0,    0,    0,    0,    0,    0,    0,    0,    0,    0,    0,    0,    0,    0,    0,    0,    0,    0,    0,    0,   -2,   -2,    0,    0,    0,    0,
       0,    0,    0,    0,    0,   -1,    0,   -1,    0,   -1,    0,    0,    0,    0,    0,    0,    0,    0,    0,    0,    0,    0,    0,    0,    0,    0,    0,    0,    0,    0,    0,    0,    0,    0,    0,    0,    0,    0,    0,    0,    0,    0,    0,    0,    0,    0,    0,    0,   -1,    0,    0,    0,    0,    0,    0,    0,    0,    0,    0,    0,    0,    0,    0,    0,   -1,    0,    0,    0,    0,    0,    0,    0,    0,    0,    0,    0,    0,    0,    0,    0,    0,    0,    0,    0,    0,    0,    0,    0,    0,    0,    0,    0,    0,    0,    0,    0,    0,    0,    0,    0,    0,    0,    0,    0,    0,    0,    0,    0,    0,    0,    0,    0,    0,    0,    0,    0,    0,    0,    0,    0,    0,    0,    0,    0,    0,    0,    0,    0,    0,    0,    0,    0,    0,    0,    0,    0,    0,    0,    0,    0,    0,    0,   -1,   -1,    0,    0,    0,    0,
      -1,    0,    1,   -1,    0,    1,    0,   -2,   -1,   -2,    0,   -1,    1,    0,   -2,    0,    0,   -2,    0,    0,    1,    0,    1,    1,    0,    1,    0,    0,    2,    0,   -1,    1,   -1,   -1,   -1,   -1,    0,    0,    0,    1,    0,   -1,   -1,   -1,   -1,   -1,   -1,   -1,   -1,   -1,   -1,    0,    0,    2,    0,    0,    0,   -2,    0,    0,    0,    0,    0,    0,   -2,    0,    0,    0,   -1,   -1,   -1,   -1,   -1,   -1,   -1,   -1,   -1,    0,    0,    0,    0,    0,   -1,   -1,   -1,   -1,   -1,    0,   -1,   -1,   -1,   -1,   -1,   -1,   -1,   -1,   -1,    0,    0,    0,    0,    0,    0,    0,    0,    0,   -1,   -1,   -1,   -1,   -1,    1,   -1,   -1,   -1,   -1,   -1,   -1,   -1,   -1,   -1,    0,    0,   -1,   -1,   -1,   -1,   -1,   -1,   -1,   -1,   -1,   -1,   -1,   -1,    0,    2,   -1,   -1,   -1,    0,    0,   -2,   -2,    0,    0,    0,    0,
      -1,    0,    0,    0,    0,    0,    0,   -1,   -1,   -1,    0,    0,    0,    0,    0,    0,    0,    0,    0,    0,    0,    0,    0,    0,    0,    0,    0,    0,    0,    0,    0,    0,   -1,   -1,    0,    0,    0,    0,    0,    0,    0,    0,    0,    0,    0,    0,    0,    0,    0,    0,    0,    0,    0,    0,    0,    0,    0,   -1,    0,    0,    0,    0,    0,    0,    0,    0,    0,    0,    0,    0,    0,    0,    0,    0,   -1,   -1,   -1,    0,    0,    0,    0,    0,   -1,   -1,   -1,   -1,    0,    0,    0,    0,   -1,   -1,   -1,   -1,   -1,    0,    0,    0,    0,    0,    0,    0,    0,    0,    0,    0,   -1,    0,    0,    0,    0,    0,    0,    0,    0,    0,    0,    0,    0,   -1,   -1,    0,    0,   -1,    0,    0,    0,    0,    0,    0,    0,    0,    0,   -1,   -1,    0,   -1,   -1,    0,   -1,    0,    0,   -1,   -1,    0,    0,    0,    0,
       0,    0,    0,   -1,    0,    0,    0,    0,   -1,    0,    0,    0,   -1,    0,    0,    0,   -1,    0,    0,    0,   -1,   -1,    0,    0,    0,    0,    0,   -1,    0,    0,    0,    0,    0,    0,    0,    0,    0,    0,    0,    0,    0,    0,    0,    0,    0,    0,   -1,   -1,    0,   -1,    0,    0,    0,    0,    0,    0,    0,   -1,    0,    0,    0,   -1,    0,    0,   -1,    0,    0,   -1,    0,    0,    0,    0,    0,    0,    0,    0,    0,    0,    0,    0,    0,    0,    0,    0,    0,    0,    0,    0,    0,    0,    0,    0,    0,    0,    0,    0,    0,    0,    0,    0,    0,    0,    0,    0,    0,    0,    0,    0,    0,    0,    0,   -1,    0,    0,    0,    0,    0,    0,    0,    0,    0,    0,    0,    0,    0,    0,    0,    0,    0,    0,    0,    0,    0,    0,    0,    0,    0,    0,   -1,   -1,    0,    0,    0,    0,   -1,   -1,    0,    0,
       0,    0,   -2,    0,    0,    0,   -2,    0,   -1,    0,    0,    0,   -1,    0,    0,    0,   -1,    0,    0,    0,   -3,   -1,   -3,   -2,    0,   -3,    0,   -2,    0,    0,    0,    0,    0,    0,    0,    0,    0,    0,    0,    0,    0,    0,    0,    0,    0,    0,   -1,   -1,   -1,   -1,    0,    0,    0,    0,    0,    0,   -1,   -1,   -1,    0,    0,   -1,    0,   -1,    0,    0,    0,   -1,    0,    0,    0,    0,    0,    0,    0,    0,    0,    0,    0,    0,    0,    0,    0,    0,    0,    0,    0,    0,    0,    0,    0,    0,    0,    0,    0,    0,    0,    0,    0,    0,    0,    0,    0,    0,    0,    0,    0,    0,    0,    0,    0,   -3,    0,    0,    0,    0,    0,    0,    0,    0,    0,    0,    0,    0,    0,    0,    0,    0,    0,    0,    0,    0,    0,    0,    0,    0,    0,    0,   -1,   -1,   -2,   -2,    0,    0,   -2,   -2,    0,    0,
       0,    0,   -1,    0,    0,    0,   -2,    0,   -1,    0,    0,    0,    0,    0,    0,    0,   -1,    0,    0,    0,   -3,   -1,   -3,   -2,    0,   -3,    0,   -2,    1,    0,    0,    0,    0,    0,    0,    0,    0,    0,    0,    0,    0,    0,    0,    0,    0,    0,   -1,   -1,   -1,   -1,    0,    0,    0,    0,    0,    0,   -1,   -1,   -1,    0,    0,   -1,    0,   -1,    0,    0,    0,   -1,    0,    0,    0,    0,    0,    0,    0,    0,    0,    0,    0,    0,    0,    0,    0,    0,    0,    0,    0,    0,    0,    0,    0,    0,    0,    0,    0,    0,    0,    0,    0,    0,    0,    0,    0,    0,    0,    0,    0,    0,    0,    0,    0,   -3,    0,    0,    0,    0,    0,    0,    0,    0,    0,    0,    0,    0,    0,    0,    0,    0,    0,    0,    0,    0,    0,    0,    0,    0,    0,    0,   -1,   -1,   -3,   -2,    0,    0,   -2,   -2,    0,    0,
       0,    0,   -1,    0,    0,    1,   -1,    0,    0,    0,    0,    0,    0,    0,   -1,   -1,    0,    0,   -1,   -1,   -3,   -1,   -3,   -2,   -1,   -3,   -1,   -2,    1,    0,    0,    0,    0,    0,    0,    0,    0,    0,    0,    0,    0,    0,    0,    0,    0,    0,   -1,   -1,   -1,   -1,   -1,    0,    0,    1,    0,    0,    0,    0,   -1,    0,    0,    0,    0,    0,   -1,    0,    0,    0,    0,    0,    0,    0,    0,    0,    0,    0,    0,    0,    0,    0,    0,    0,    0,    0,    0,    0,    0,    0,    0,    0,    0,    0,    0,    0,    0,    0,    0,    0,   -1,    0,    0,    0,    0,    0,    0,    0,    0,    0,    0,    0,    0,   -3,    0,    0,   -1,   -1,    0,    0,    0,    0,    0,    0,    0,    0,    0,    0,    0,    0,    0,    0,    0,    0,    0,    0,    0,    0,    0,    0,   -1,    0,   -2,   -1,    0,    0,   -2,   -1,    0,    0,
       0,    0,    0,    0,    0,    1,   -1,    0,    0,    0,    0,    0,    0,    0,   -1,   -1,    0,    0,   -1,   -1,   -3,   -1,   -3,   -2,   -1,   -3,   -1,   -2,    1,    0,    0,    1,    0,    0,    0,    0,    0,    0,    0,    0,    0,    0,    0,    0,    0,    0,   -1,   -1,   -1,   -1,   -1,    0,    0,    1,    0,    0,    0,    0,   -1,    0,    0,    0,    0,    0,   -1,    0,    0,    0,    0,    0,    0,    0,    0,    0,    0,    0,    0,    0,    0,    0,    0,    0,    0,    0,    0,    0,    0,    0,    0,    0,    0,    0,    0,    0,    0,    0,    0,    0,   -1,    0,    0,    0,    0,    0,    0,    0,    0,    0,    0,    0,    0,   -3,    0,    0,   -1,   -1,    0,    0,    0,    0,    0,    0,    0,    0,    0,    0,    0,    0,    0,    0,    0,    0,    0,    0,    0,    0,    0,    0,   -1,    0,   -2,   -1,    0,    0,   -2,   -1,    0,    0,
       0,    0,   -2,    0,    0,   -1,   -1,    0,    0,    0,    0,    0,   -1,    0,   -1,   -1,    0,    0,   -1,   -1,   -3,   -1,   -3,   -2,   -1,   -3,   -1,   -2,   -1,    0,    0,    0,    0,    0,    0,    0,    0,    0,    0,    0,    0,    0,    0,    0,    0,    0,   -1,   -1,   -1,   -1,   -1,    0,    0,   -1,    0,    0,    0,    0,   -1,    0,    0,    0,    0,    0,   -1,    0,    0,    0,    0,    0,    0,    0,    0,    0,    0,    0,    0,    0,    0,    0,    0,    0,    0,    0,    0,    0,    0,    0,    0,    0,    0,    0,    0,    0,    0,    0,    0,    0,   -1,    0,    0,    0,    0,    0,    0,    0,    0,    0,    0,    0,    0,   -3,    0,    0,   -1,   -1,    0,    0,    0,    0,    0,    0,    0,    0,    0,    0,    0,    0,    0,    0,    0,    0,    0,    0,    0,    0,    0,    0,   -1,    0,   -3,   -1,    0,    0,   -2,   -1,    0,    0,
       0,    0,   -2,    0,    0,   -1,   -1,    0,    0,    0,    0,    0,   -1,    0,   -1,   -1,    0,   -1,   -1,    0,   -4,   -1,   -3,   -2,   -1,   -4,   -1,   -3,    0,    0,    0,    0,    0,    0,    0,    0,    0,    0,    0,    0,    0,    0,    0,    0,    0,    0,   -1,   -1,   -1,   -1,   -1,    0,    0,    0,    0,    0,    0,    0,   -1,    0,    0,    0,    0,    0,   -1,    0,    0,    0,    0,    0,    0,    0,    0,    0,    0,    0,    0,    0,    0,    0,    0,    0,    0,    0,    0,    0,    0,    0,    0,    0,    0,    0,    0,    0,    0,    0,    0,    0,   -1,    0,    0,    0,    0,    0,    0,    0,    0,    0,    0,    0,    0,   -4,    0,    0,   -1,   -1,    0,    0,    0,    0,    0,    0,    0,    0,    0,    0,    0,    0,    0,    0,    0,    0,    0,    0,    0,    0,    0,    0,   -1,    0,   -2,   -3,    0,    0,   -2,   -1,    0,    0,
       0,    0,   -1,    0,    0,    0,   -1,    0,    0,    0,    0,    0,   -1,    0,   -1,   -1,    0,   -1,   -1,    0,   -4,   -1,   -3,   -2,   -1,   -4,   -1,   -3,    0,    0,    0,    0,    0,    0,    0,    0,    0,    0,    0,    0,    0,    0,    0,    0,    0,    0,   -1,   -1,   -1,   -1,   -1,    0,    0,    0,    0,    0,    0,    0,   -1,    0,    0,    0,    0,    0,   -1,    0,    0,    0,    0,    0,    0,    0,    0,    0,    0,    0,    0,    0,    0,    0,    0,    0,    0,    0,    0,    0,    0,    0,    0,    0,    0,    0,    0,    0,    0,    0,    0,    0,   -1,    0,    0,    0,    0,    0,    0,    0,    0,    0,    0,    0,    0,   -4,    0,    0,   -1,   -1,    0,    0,    0,    0,    0,    0,    0,    0,    0,    0,    0,    0,    0,    0,    0,    0,    0,    0,    0,    0,    0,    0,   -1,    0,   -2,   -2,    0,    0,   -2,   -1,    0,    0,
      -1,    0,    1,   -1,    0,    1,    0,   -2,   -1,   -2,    0,   -1,    1,    0,   -2,    0,    0,   -2,    0,    0,    1,    0,    1,    1,    0,    1,    0,    0,    2,    0,   -1,    1,   -1,   -1,   -1,   -1,    0,    0,    0,    1,    0,   -1,   -1,   -1,   -1,   -1,   -1,   -1,   -1,   -1,   -1,    0,    0,    2,    0,    0,    0,   -2,    0,    0,    0,    0,    0,    0,   -2,    0,    0,    0,   -1,   -1,   -1,   -1,   -1,   -1,   -1,   -1,   -1,    0,    0,    0,    0,    0,   -1,   -1,   -1,   -1,   -1,    0,   -1,   -1,   -1,   -1,   -1,   -1,   -1,   -1,   -1,    0,    1,    0,    0,    0,    0,    0,    0,    0,   -1,   -1,   -1,   -1,   -1,    1,   -1,   -1,   -1,   -1,   -1,   -1,   -1,   -1,   -1,    0,    0,   -1,   -1,   -1,   -1,   -1,   -1,   -1,   -1,   -1,   -1,   -1,   -1,    0,    2,   -1,   -1,   -1,    0,    0,   -2,   -2,    0,    0,    0,    0,
      -1,    0,    0,   -1,    0,   -1,    0,   -3,   -1,   -2,   -1,    0,   -1,    0,   -2,   -1,    0,   -2,   -1,   -1,   -3,   -1,   -2,   -1,   -2,   -3,   -1,    0,   -1,    0,   -1,    0,   -1,   -1,    0,   -1,   -1,    0,    0,   -1,   -1,    0,    0,   -1,    0,    0,    0,    0,    0,    0,   -1,    0,    0,   -1,    0,    0,    0,   -1,    0,    0,    0,   -1,    0,    0,    0,    0,    0,    0,    0,   -1,   -1,   -1,   -1,   -1,   -1,   -1,   -1,    0,    0,    0,    0,   -1,   -1,   -1,   -1,   -1,    0,   -1,   -1,   -1,   -1,   -1,   -1,   -1,   -1,   -1,   -1,   -1,   -1,    0,    0,    0,    0,    0,    0,   -1,   -1,    0,   -1,   -1,    0,   -3,    0,    0,   -1,   -1,   -1,   -1,   -1,   -1,   -1,    0,    0,   -1,    0,    0,    0,   -1,   -1,   -1,   -1,   -1,   -1,   -1,   -1,    0,   -1,   -1,    0,   -1,    0,    0,   -3,   -3,   -1,    0,   -1,    0,
      -1,    0,    0,   -1,    0,    0,    0,   -7,   -3,   -4,    0,   -1,    0,    0,   -3,    0,    0,   -2,    0,    0,    0,    0,    1,    0,    0,    0,    0,    0,    0,    0,   -2,    0,   -2,   -2,   -1,   -2,    0,    0,    0,    0,    0,   -1,   -1,   -1,   -1,    0,    0,    0,    0,    0,   -1,   -1,    0,    0,   -1,    0,    0,   -3,    0,    0,    0,    0,    0,    0,   -1,   -3,   -3,    0,   -1,   -2,   -3,   -3,   -3,   -2,   -3,   -4,   -3,    1,    0,    0,    0,   -1,   -4,   -2,   -2,   -2,    0,    0,   -2,   -3,   -2,   -2,   -2,   -2,   -4,   -3,   -3,    0,    0,    0,    0,    0,    0,    1,    0,    0,   -2,   -2,   -2,   -2,   -1,    0,   -1,    0,   -1,   -1,   -3,   -1,   -3,   -2,   -2,    2,    0,   -2,    0,   -1,    0,   -2,   -1,   -3,   -2,   -2,   -3,   -2,   -2,    0,   -2,   -2,    0,   -3,    0,    0,   -7,   -4,    0,    0,    0,    0,
      -1,    0,    0,   -1,   -1,    0,    0,   -7,   -4,   -4,    0,   -1,    0,    0,   -3,    0,   -1,   -2,    0,    0,    0,    0,    0,    0,    0,    0,    0,    0,    0,    0,   -2,    0,   -2,   -3,   -1,   -2,    0,    0,    0,    0,    0,   -2,   -2,   -2,   -1,   -1,   -1,   -1,   -1,   -1,   -1,   -1,    0,    0,   -2,    0,    0,   -3,    0,    0,    0,    0,    0,    0,   -2,   -3,   -3,   -1,   -1,   -3,   -3,   -3,   -3,   -2,   -4,   -4,   -4,    1,    0,    0,    1,   -1,   -4,   -4,   -4,   -2,   -1,    0,   -3,   -3,   -4,   -4,   -4,   -4,   -4,   -4,   -4,    0,    0,    0,    0,    0,    0,    1,    0,   -1,   -2,   -3,   -2,   -2,   -1,    0,   -1,   -1,   -1,   -1,   -4,   -1,   -3,   -2,   -4,    2,    0,   -3,   -1,   -3,   -1,   -2,   -2,   -3,   -3,   -3,   -3,   -3,   -4,    0,   -3,   -2,   -1,   -4,    0,    0,   -7,   -4,    0,    0,    0,    0,
      -2,    0,   -3,    0,   -1,   -1,   -4,    0,   -1,    0,    0,    0,   -1,    0,    0,    0,   -1,    0,    0,    0,   -5,   -2,   -3,   -4,    0,   -5,    0,   -3,   -1,    0,    0,    0,    0,    0,    0,    0,    0,    0,   -1,    0,    0,    0,   -1,    0,   -1,   -1,   -2,   -2,    0,   -2,    0,   -1,    0,   -1,   -1,   -1,    0,   -1,   -4,    0,    0,   -1,    0,    0,    0,    0,    0,   -1,    0,    0,    0,    0,    0,    0,    0,    0,    0,    0,    0,    0,    0,    0,    0,    0,    0,    0,   -1,    0,    0,    0,    0,    0,    0,    0,    0,    0,    0,    0,    0,    0,    0,    0,    0,   -1,    0,    0,    0,    0,    0,    0,   -1,   -5,   -1,   -1,    0,    0,    0,    0,    0,    0,    0,    0,    0,    0,    0,    0,   -1,    0,    0,    0,    0,    0,    0,    0,    0,    0,    0,    0,   -2,   -1,   -7,   -7,    0,    0,    0,    0,    0,   -3,
      -2,    0,   -3,    0,   -1,   -1,   -4,    0,   -1,    0,    0,    0,   -1,    0,    0,    0,   -1,    0,    0,    0,   -3,   -2,   -3,   -2,    0,   -3,    0,   -3,   -1,    0,    0,    0,    0,    0,    0,    0,    0,    0,   -1,    0,    0,    0,   -1,    0,   -1,   -1,   -2,   -2,    0,   -2,    0,   -1,    0,   -1,   -1,   -1,    0,   -1,   -4,    0,    0,   -1,    0,    0,    0,    0,    0,   -1,    0,    0,    0,    0,    0,    0,    0,    0,    0,    0,    0,    0,    0,    0,    0,    0,    0,    0,   -1,    0,    0,    0,    0,    0,    0,    0,    0,    0,    0,    0,    0,    0,    0,    0,    0,   -1,    0,    0,    0,    0,    0,    0,   -1,   -5,   -1,   -1,    0,    0,    0,    0,    0,    0,    0,    0,    0,    0,    0,    0,   -1,    0,    0,    0,    0,    0,    0,    0,    0,    0,    0,    0,   -2,   -1,   -4,   -4,    0,    0,    0,    0,    0,   -3,
       0,    0,    0,    0,    0,    0,    0,    0,    0,    0,    0,    0,    0,    0,   -1,    0,    0,    0,    0,   -1,   -2,    0,   -2,   -1,   -1,   -2,    0,    0,    0,    0,    0,    0,    0,    0,    0,    0,    0,    0,    0,    0,    0,    0,    0,    0,    0,   -1,   -1,   -1,   -1,   -1,   -1,    0,    0,    0,    0,    0,    0,    0,    0,    0,    0,    0,    0,    0,    0,    0,    0,    0,    0,    0,    0,    0,    0,    0,    0,    0,    0,    0,    0,    0,    0,    0,    0,    0,    0,    0,   -1,    0,    0,    0,    0,    0,    0,    0,    0,    0,    0,    0,    0,    0,    0,    0,    0,    0,    0,    0,    0,    0,    0,    0,    0,   -2,    0,   -1,   -1,   -1,    0,    0,    0,    0,    0,    0,    0,    0,    0,    0,   -1,    0,    0,    0,    0,    0,    0,    0,    0,    0,    0,    0,   -1,    0,    0,    0,    0,    0,    0,    0,    0,    0,
      -1,    0,    0,   -1,   -1,    0,    0,   -3,   -3,   -3,    0,   -1,    0,    0,    0,    0,    0,    0,    0,    0,    0,    0,    0,    0,    0,    0,    0,    0,    1,    0,    0,    0,    0,    0,    0,    0,    0,    0,    0,    0,    0,    0,    0,    0,    0,    0,    0,    0,    0,    0,    0,   -1,    0,    0,   -2,   -1,    0,   -3,    0,    0,    0,    0,    0,    0,   -2,   -3,    0,    0,    0,    0,    0,    0,    0,    0,    0,    0,    0,    0,    0,    0,    0,    0,    0,    0,    0,    0,    0,    0,    0,    0,    0,    0,    0,    0,    0,    0,    0,    0,    0,    0,    0,    0,    0,    0,    0,    0,    0,    0,    0,    0,    0,    0,    0,    0,    0,    0,    0,    0,    0,    0,    0,    0,    0,    0,    0,    0,    0,    0,    0,    0,    0,    0,    0,    0,    0,    0,    0,    0,    0,   -3,    0,    0,   -3,   -3,    0,    0,    0,    0,
       2,    2,    8,    0,    0,    3,    2,   -1,   -2,   -1,    0,    0,    4,    0,   -1,    3,    0,    0,    2,    0,    3,    3,    4,    4,    3,    4,    2,    3,    4,    0,   -1,    0,   -1,   -1,    0,   -1,    0,    4,    4,    0,    0,    0,    0,   -1,    0,    0,    0,    0,    0,    0,    0,    0,    4,    4,    0,    0,    3,   -2,    2,    2,    2,   -2,    2,    3,    0,    0,    0,    0,    0,    2,   -1,    0,    1,    0,    1,   -2,    0,    6,    2,    3,    5,   -1,    0,   -2,   -1,   -1,    1,    0,    1,    2,   -2,    0,    0,    1,    0,   -1,    1,    3,    3,    5,    5,    6,    2,    4,    0,   -1,    0,    2,    0,    2,    0,    3,    0,    1,    0,    1,    1,    3,    0,    2,   -1,    8,    4,    2,    4,    0,    2,    0,    4,    1,   -1,    0,    1,    3,    0,    4,    2,    0,    1,   -2,    6,    7,   -1,   -1,    3,    3,   -1,    0,
};

static const EpdLigaturePair newsreader_13_regularLigaturePairs[] = {
    { 0x00660066, 0xFB00 }, // f f -> U+FB00
    { 0x00660069, 0xFB01 }, // f i -> U+FB01
    { 0x0066006C, 0xFB02 }, // f l -> U+FB02
    { 0xFB000069, 0xFB03 }, // U+FB00 i -> U+FB03
    { 0xFB00006C, 0xFB04 }, // U+FB00 l -> U+FB04
};

static const EpdFontData newsreader_13_regular = {
    newsreader_13_regularBitmaps,
    newsreader_13_regularGlyphs,
    newsreader_13_regularIntervals,
    51,
    27,
    20,
    -8,
    true,
    newsreader_13_regularGroups,
    11,
    newsreader_13_regularKernLeftClasses,
    newsreader_13_regularKernRightClasses,
    newsreader_13_regularKernMatrix,
    429,
    438,
    128,
    148,
    newsreader_13_regularLigaturePairs,
    5,
};
