/**
 * generated by fontconvert.py
 * name: newsreader_13_bold
 * size: 13
 * mode: 2-bit  compressed: true
 * Command used: fontconvert.py newsreader_13_bold 13 ../builtinFonts/source/Newsreader/NewsreaderText-Bold.ttf --2bit --compress --force-autohint
 */
#pragma once
#include "EpdFontData.h"

static const uint8_t newsreader_13_boldBitmaps[18173] = {
    0x9D, 0x58, 0x4D, 0x8C, 0x14, 0xC7, 0x15, 0x7E, 0xDD, 0x15, 0x6F, 0xDB, 0x6E, 0xD8, 0xB2, 0x94,
    0x38, 0x17, 0x58, 0xDA, 0x87, 0x1C, 0xAC, 0x68, 0xED, 0x46, 0x09, 0x91, 0xF6, 0xB0, 0x50, 0x8D,
    0x39, 0x70, 0x48, 0x24, 0x38, 0x30, 0xE6, 0xC0, 0x81, 0x6B, 0xFE, 0xD0, 0x72, 0x20, 0x12, 0x89,
    0x58, 0xBA, 0x31, 0x47, 0x4B, 0x31, 0xA7, 0xE4, 0xE0, 0x43, 0x2E, 0xB9, 0x18, 0x1F, 0x58, 0x45,
    0x8E, 0xE4, 0x03, 0x6C, 0x17, 0xBB, 0x8A, 0x90, 0x62, 0x45, 0x34, 0x5E, 0xD9, 0x3E, 0xA0, 0xC8,
    0x6D, 0x1B, 0x64, 0xC5, 0x56, 0x44, 0xAD, 0xE9, 0x35, 0xBD, 0xA6, 0xBB, 0x5F, 0xBE, 0x57, 0xB3,
    0x78, 0x09, 0x01, 0x93, 0x64, 0x66, 0xBA, 0xA6, 0xBA, 0xE7, 0x55, 0xD5, 0xAB, 0xF7, 0xF3, 0xBD,
    0xAF, 0x26, 0xCF, 0x99, 0xB9, 0xFC, 0xC3, 0x8A, 0xEB, 0x4C, 0x7C, 0xA6, 0xDA, 0x49, 0x78, 0x75,
    0xCC, 0xB7, 0x1D, 0x1B, 0xBE, 0x7A, 0xF7, 0xE3, 0xF5, 0x66, 0xFE, 0x54, 0xA2, 0xD5, 0xB2, 0x75,
    0x14, 0xAB, 0x82, 0x66, 0xB6, 0x12, 0x55, 0xC7, 0x29, 0x0A, 0x2D, 0x4D, 0x4F, 0x12, 0xD5, 0xBB,
    0x14, 0x06, 0xFF, 0xE5, 0xD8, 0x91, 0x11, 0x2D, 0xCC, 0x90, 0xB2, 0xB5, 0xC6, 0xED, 0xB3, 0xBF,
    0x3A, 0x76, 0x28, 0xB0, 0x0B, 0x0F, 0x93, 0xA7, 0x9D, 0x96, 0xB6, 0xEC, 0xA4, 0x98, 0xCF, 0x25,
    0xD7, 0xFB, 0x64, 0xE7, 0xAD, 0xAB, 0x3F, 0xF9, 0xC1, 0xCA, 0xCA, 0x96, 0xA0, 0x5D, 0x26, 0xE3,
    0xAC, 0xE6, 0x85, 0x90, 0x39, 0x4B, 0xB9, 0x0D, 0x4A, 0xA6, 0x2D, 0x65, 0xAD, 0x26, 0x3B, 0x5A,
    0x36, 0xB4, 0xF3, 0x9D, 0xDF, 0x6E, 0xF9, 0xE1, 0xF5, 0x3B, 0x5B, 0x57, 0xF9, 0xBA, 0xDB, 0xC6,
    0x95, 0x4C, 0xA0, 0xB6, 0x10, 0xED, 0x25, 0xFF, 0x0A, 0x07, 0xA2, 0xE3, 0xEA, 0x8E, 0xA3, 0x5D,
    0x81, 0x9B, 0xA7, 0x19, 0xEA, 0xB4, 0xDD, 0x4E, 0x46, 0xB9, 0xAD, 0xA4, 0x6D, 0x37, 0x49, 0xCA,
    0x99, 0x98, 0xE8, 0xA2, 0x3E, 0x9B, 0x91, 0x7E, 0x75, 0xF9, 0x95, 0x81, 0x78, 0x69, 0x19, 0xC2,
    0xC1, 0xE5, 0x66, 0x37, 0xD4, 0xBF, 0xA8, 0x2D, 0x2D, 0x40, 0x98, 0x8E, 0x43, 0x98, 0x76, 0x85,
    0xCE, 0x60, 0x86, 0x79, 0x9D, 0x6D, 0xA7, 0xF8, 0x43, 0x0B, 0xD5, 0xCB, 0x82, 0xF2, 0x9A, 0x28,
    0xC6, 0x08, 0xCA, 0x21, 0xA6, 0x30, 0x3B, 0x69, 0x48, 0x91, 0xB9, 0xD6, 0xE2, 0xE7, 0x77, 0x2C,
    0x11, 0xA3, 0x43, 0x7C, 0x86, 0xEB, 0x88, 0xA9, 0xA3, 0x4B, 0xAC, 0x2A, 0xFD, 0x2E, 0x6B, 0x2A,
    0x15, 0xBF, 0xAD, 0x3A, 0xC5, 0x56, 0xBB, 0x68, 0x20, 0x53, 0xC7, 0x3D, 0x95, 0x37, 0xE6, 0x7A,
    0x62, 0xBE, 0xD5, 0x53, 0xDE, 0x6A, 0xCE, 0x98, 0x17, 0xE7, 0x4F, 0xCD, 0xCE, 0x62, 0xB4, 0x9D,
    0x24, 0x17, 0x15, 0xB3, 0xA1, 0xD3, 0xC5, 0x25, 0x34, 0xD6, 0x50, 0xA7, 0xF0, 0x95, 0xD2, 0x3C,
    0xB5, 0x81, 0x53, 0x95, 0xB2, 0x51, 0x16, 0xD3, 0x93, 0x10, 0x54, 0x56, 0x15, 0x71, 0x96, 0xD0,
    0x1E, 0xBA, 0x18, 0x34, 0xAA, 0xBE, 0x27, 0x5A, 0x9C, 0x0E, 0x9A, 0xD8, 0xEE, 0x0E, 0x9C, 0xA6,
    0x13, 0xAA, 0x80, 0xE0, 0x33, 0xA4, 0xE8, 0xB9, 0xE3, 0x21, 0x53, 0xC4, 0x55, 0x7E, 0x2E, 0x59,
    0x50, 0xD8, 0xFF, 0x76, 0x31, 0x97, 0x23, 0x3D, 0x6E, 0x98, 0xD7, 0x8E, 0x8E, 0x36, 0x6F, 0xF5,
    0x32, 0x1B, 0x57, 0xAA, 0x7A, 0x36, 0xDA, 0x5B, 0xEF, 0x82, 0x9C, 0xF8, 0xD5, 0xCE, 0x33, 0xCF,
    0xC3, 0x4A, 0x34, 0x05, 0xD7, 0xD2, 0x2E, 0x8A, 0xA5, 0x3F, 0x2D, 0xFD, 0x13, 0x32, 0xCC, 0xF7,
    0x0B, 0x3A, 0x8E, 0x7E, 0x50, 0x8D, 0xFB, 0x54, 0xD6, 0x64, 0x8E, 0x5A, 0x6D, 0xF3, 0xB0, 0x55,
    0xAD, 0xC9, 0xD2, 0x2B, 0x2E, 0xE8, 0x4B, 0xD2, 0xB7, 0x1C, 0xD6, 0x23, 0xCD, 0x9B, 0x5F, 0x78,
    0xF8, 0x69, 0x43, 0xBD, 0xC9, 0x92, 0xA5, 0x2E, 0x6C, 0x65, 0x1F, 0x18, 0x27, 0xC3, 0x29, 0x72,
    0x94, 0x74, 0x94, 0x33, 0x0D, 0xB9, 0x3D, 0xA8, 0xC5, 0xE6, 0x30, 0x2F, 0x0C, 0x2E, 0x86, 0x7F,
    0xD4, 0x4D, 0xD2, 0x20, 0x72, 0x1C, 0xCD, 0xD5, 0x08, 0xAD, 0x86, 0x4A, 0x6E, 0xA2, 0x2A, 0xAF,
    0xA7, 0x29, 0xB7, 0x96, 0x38, 0xF0, 0x72, 0xBA, 0x82, 0x72, 0xD8, 0x16, 0x1C, 0x99, 0x12, 0x05,
    0xF8, 0xD2, 0xF4, 0x1C, 0xB9, 0xD0, 0xC6, 0x94, 0x60, 0x40, 0x1B, 0x31, 0xD7, 0x86, 0x79, 0x1F,
    0x33, 0x84, 0xB1, 0x27, 0xB8, 0x1D, 0xAA, 0x96, 0x5C, 0x9F, 0x8C, 0xBB, 0x69, 0xE2, 0xA7, 0xC8,
    0x14, 0x94, 0xE0, 0x93, 0xD1, 0xDC, 0x0D, 0x28, 0x87, 0x5E, 0x4B, 0xC1, 0xA6, 0x26, 0xED, 0xC1,
    0xA0, 0x3B, 0x4D, 0x7D, 0xF2, 0x65, 0x17, 0xF0, 0x0D, 0x4C, 0x90, 0x93, 0xFF, 0x09, 0x61, 0x8D,
    0xF5, 0x30, 0xE3, 0x0E, 0x88, 0x4E, 0x8A, 0xAC, 0x96, 0x3C, 0xEA, 0x28, 0xCA, 0x18, 0xF6, 0x32,
    0x56, 0xCC, 0xBC, 0x8A, 0xAB, 0x2D, 0x99, 0xFB, 0xF1, 0x10, 0x48, 0x78, 0x8D, 0x65, 0x6B, 0x91,
    0xD7, 0x26, 0xC8, 0x0C, 0xD7, 0x09, 0x37, 0x31, 0x23, 0x9E, 0x18, 0xB6, 0xA6, 0x05, 0xA2, 0xDD,
    0x08, 0x68, 0xCE, 0x20, 0x80, 0x9D, 0x5B, 0x9A, 0x6B, 0xBD, 0x7C, 0x62, 0xFD, 0x0E, 0xDB, 0xE7,
    0xE8, 0x94, 0xC9, 0x76, 0xEB, 0xAF, 0x2E, 0x21, 0xE6, 0xC6, 0x69, 0x12, 0x2C, 0x50, 0xB8, 0x4E,
    0x21, 0x94, 0xEE, 0xBC, 0x76, 0xB0, 0x87, 0x2C, 0x92, 0x67, 0x14, 0xBB, 0xB2, 0xE2, 0x92, 0x5F,
    0x6B, 0xA2, 0x9E, 0x29, 0xD9, 0x70, 0xD1, 0x5D, 0x47, 0x83, 0x29, 0xF4, 0x35, 0xF8, 0x26, 0x5A,
    0x5B, 0xA4, 0x78, 0xC8, 0x9E, 0x1F, 0xC7, 0x04, 0x6C, 0xF4, 0x09, 0x54, 0xC5, 0xD7, 0x15, 0x4B,
    0x33, 0xC8, 0xEC, 0x6F, 0x49, 0xFC, 0xD0, 0x0B, 0x24, 0x61, 0x41, 0x17, 0x49, 0x2C, 0x24, 0x2A,
    0x9C, 0xF6, 0x4B, 0xC8, 0x62, 0x30, 0x5C, 0xDC, 0x78, 0xED, 0x28, 0xBF, 0x11, 0xAC, 0xCF, 0xD9,
    0x26, 0x6C, 0x2F, 0x92, 0x31, 0xA4, 0xAF, 0xD6, 0xEA, 0x13, 0xDE, 0xE7, 0x4A, 0xAE, 0x34, 0x92,
    0xA8, 0xE4, 0xE2, 0x34, 0x37, 0x17, 0x63, 0xBE, 0x44, 0x46, 0xE2, 0x16, 0xAE, 0x73, 0xB4, 0x27,
    0xA7, 0x34, 0x5E, 0x47, 0xB3, 0x4E, 0x01, 0x82, 0x63, 0xF1, 0x68, 0x65, 0x0A, 0xB3, 0xDF, 0x85,
    0x1D, 0x54, 0xFD, 0x70, 0x23, 0x9A, 0x1A, 0xE2, 0xBC, 0x9E, 0xFB, 0x82, 0x07, 0x8E, 0x86, 0xA4,
    0x1E, 0xAF, 0x69, 0x25, 0x8C, 0x48, 0x2C, 0x9A, 0x79, 0xB7, 0x55, 0x3E, 0x3A, 0xF1, 0x1A, 0x87,
    0xF4, 0xF8, 0x3B, 0x39, 0x70, 0xBB, 0xF3, 0x37, 0xDF, 0x49, 0x5F, 0x5B, 0xED, 0x12, 0x75, 0xC6,
    0x56, 0xF5, 0x33, 0x63, 0x73, 0x45, 0x62, 0x24, 0xA8, 0x5D, 0x66, 0xF1, 0x0D, 0x1A, 0xFC, 0x4C,
    0x98, 0x23, 0x40, 0x4F, 0x56, 0x40, 0x20, 0xC5, 0x5E, 0x0C, 0x70, 0x37, 0x1A, 0x1D, 0x1C, 0x0F,
    0x91, 0x8C, 0x1A, 0x8D, 0xF0, 0x5D, 0x8D, 0xC5, 0x6B, 0x2F, 0xBE, 0xAD, 0xF6, 0x71, 0x97, 0x53,
    0xE4, 0x27, 0x6B, 0x68, 0xC8, 0x90, 0x38, 0xF2, 0x4A, 0xD7, 0x03, 0x7E, 0x5D, 0xD5, 0x98, 0x08,
    0xC0, 0x38, 0x4B, 0xA1, 0x43, 0xB8, 0xE6, 0xC0, 0x27, 0xA7, 0x06, 0x02, 0xF4, 0x7C, 0x8F, 0xBE,
    0x7E, 0xCD, 0x8B, 0xAB, 0x10, 0x16, 0x30, 0x2D, 0xD1, 0x1C, 0x62, 0x8F, 0x92, 0x9B, 0xBF, 0x40,
    0xD0, 0xD5, 0x14, 0x36, 0x74, 0x0A, 0xBE, 0x6D, 0xC4, 0xF6, 0x81, 0x9B, 0xA5, 0xF4, 0xC3, 0xE5,
    0x77, 0xEB, 0x68, 0x8D, 0xA3, 0xAB, 0x80, 0xAB, 0x56, 0x9F, 0x54, 0x4D, 0x5A, 0xED, 0xA9, 0x8C,
    0x65, 0xE2, 0xBD, 0x43, 0xD4, 0xAA, 0x2E, 0x76, 0xA6, 0x9A, 0x72, 0xE6, 0x32, 0xD3, 0xED, 0x8A,
    0x8F, 0x75, 0xF1, 0x81, 0x7D, 0xBC, 0xD2, 0xBC, 0xFD, 0xA2, 0xEA, 0x23, 0xCE, 0x66, 0xFD, 0x62,
    0x6F, 0xFB, 0xB6, 0xF5, 0x2D, 0x2C, 0x09, 0xE0, 0x2E, 0x0F, 0x7E, 0x17, 0x9D, 0x94, 0x07, 0x79,
    0x74, 0xC8, 0xFF, 0x60, 0xFC, 0x06, 0x2A, 0xB1, 0x80, 0x04, 0x68, 0x24, 0xCE, 0x55, 0xB7, 0xB0,
    0xAF, 0x60, 0x45, 0xEE, 0x17, 0x44, 0xC7, 0x99, 0x04, 0x1E, 0x98, 0x56, 0xBD, 0x64, 0x5A, 0x09,
    0x7F, 0x7C, 0x76, 0xA1, 0xF1, 0x11, 0x24, 0xC0, 0x01, 0xFF, 0x2C, 0x90, 0x6E, 0xB1, 0x6D, 0xE4,
    0xD0, 0x14, 0xE6, 0xAB, 0x81, 0x27, 0x71, 0x67, 0x3A, 0x2C, 0xE3, 0xFC, 0xDC, 0x2C, 0x6E, 0x1D,
    0xB1, 0x35, 0x36, 0x6E, 0xB1, 0x75, 0x86, 0x05, 0x64, 0x1B, 0xC0, 0x5E, 0x1B, 0x37, 0xDA, 0xC5,
    0x2D, 0xA6, 0x6A, 0x21, 0x91, 0x63, 0x77, 0xAA, 0x87, 0x84, 0x59, 0x16, 0x1B, 0x21, 0xAB, 0x3A,
    0x63, 0x83, 0xC1, 0x0F, 0xE9, 0x5F, 0xE6, 0x1F, 0xFB, 0xB4, 0x9A, 0x80, 0xEE, 0xC9, 0xCD, 0xD2,
    0x9A, 0x0C, 0x08, 0x9F, 0xD1, 0x6C, 0x5A, 0x50, 0x74, 0x00, 0xDA, 0xBF, 0x79, 0x5F, 0xAA, 0x6D,
    0xE6, 0x1E, 0x06, 0x08, 0xF0, 0x93, 0xE8, 0xFF, 0x6D, 0xDC, 0x3C, 0x9F, 0x5B, 0x9A, 0x8A, 0x7A,
    0xD2, 0x99, 0x59, 0x17, 0x8C, 0x1A, 0x7C, 0x24, 0x21, 0xED, 0xE0, 0x4A, 0x1E, 0x95, 0x15, 0x66,
    0x48, 0x6B, 0x8C, 0x4C, 0x6B, 0x4C, 0x21, 0x4A, 0x52, 0x7E, 0x56, 0x90, 0xC9, 0x23, 0x94, 0xC7,
    0x07, 0xC1, 0x09, 0xA8, 0x47, 0xA2, 0x56, 0xD4, 0xE2, 0x51, 0x2A, 0x52, 0x03, 0x06, 0xC6, 0x0E,
    0x8F, 0x4A, 0x32, 0xEF, 0xCD, 0xD5, 0x31, 0xF3, 0x38, 0x57, 0x9F, 0x4F, 0xC5, 0x4A, 0x3C, 0x3A,
    0x82, 0xCD, 0x13, 0xF6, 0x4A, 0x5B, 0x21, 0x18, 0x16, 0x0C, 0x54, 0x32, 0x76, 0x1A, 0xD3, 0xC5,
    0x62, 0x47, 0xA4, 0xC7, 0x68, 0x61, 0xE3, 0x41, 0xE4, 0x77, 0x01, 0x09, 0xDA, 0x89, 0x21, 0xB3,
    0x12, 0x2A, 0xAA, 0x1F, 0x1D, 0x7D, 0x15, 0xF3, 0x54, 0x1E, 0xCD, 0x30, 0x29, 0x00, 0xA6, 0xD5,
    0x6B, 0xA3, 0x8B, 0xF8, 0x51, 0x04, 0xA6, 0x65, 0x5E, 0x5C, 0x4F, 0xC8, 0x68, 0x99, 0x52, 0x4B,
    0x2E, 0xAD, 0x1D, 0x1D, 0xF7, 0xFD, 0x15, 0x79, 0x73, 0xDC, 0x7F, 0x95, 0x12, 0x02, 0x13, 0x10,
    0x0C, 0xFA, 0x23, 0xF0, 0x47, 0x86, 0xDA, 0x84, 0x3D, 0x5A, 0x98, 0x53, 0x65, 0x30, 0xD4, 0xD3,
    0xB1, 0xDB, 0xB0, 0xA3, 0x37, 0xA8, 0xB7, 0x2C, 0x86, 0x7D, 0xFF, 0x7C, 0x59, 0x51, 0xDA, 0xC2,
    0xA4, 0x12, 0x77, 0xF0, 0xCB, 0x80, 0x9F, 0xC4, 0x9E, 0xBE, 0x30, 0x02, 0x02, 0x6F, 0x71, 0x16,
    0x94, 0xC3, 0x39, 0xC9, 0x66, 0xC3, 0xCB, 0x1E, 0xD4, 0x3D, 0xB2, 0x7A, 0xDB, 0x79, 0x2B, 0xAA,
    0x07, 0x1F, 0x62, 0x67, 0x9D, 0x1A, 0xCE, 0x9F, 0x7F, 0xBC, 0xA4, 0x77, 0x02, 0xAA, 0x30, 0x3B,
    0x1E, 0xE4, 0xF6, 0x9B, 0xDE, 0x08, 0x93, 0xF3, 0x6F, 0xD0, 0xDC, 0xBA, 0x68, 0xFD, 0xF8, 0x4F,
    0x0D, 0x86, 0x31, 0x93, 0x14, 0xC8, 0xD9, 0x14, 0xC5, 0x62, 0x40, 0x51, 0x17, 0x3F, 0xA1, 0x2B,
    0x8D, 0xB1, 0x68, 0xB4, 0x43, 0xA3, 0x3A, 0x34, 0xC4, 0xD2, 0x98, 0x25, 0xE7, 0x31, 0x03, 0xB6,
    0x19, 0xA4, 0xD4, 0x71, 0x3C, 0x88, 0xA2, 0x70, 0x12, 0x56, 0xEF, 0x20, 0x19, 0x88, 0x5B, 0xA5,
    0xFC, 0x61, 0x38, 0x17, 0x12, 0xD5, 0x6D, 0xCA, 0x45, 0xCE, 0x95, 0x24, 0xDF, 0x83, 0xDE, 0x78,
    0xCC, 0x35, 0x81, 0x6B, 0x12, 0xD7, 0x0B, 0xB8, 0x4E, 0xC1, 0xF3, 0x9D, 0x44, 0x00, 0x3C, 0x72,
    0xD2, 0xC8, 0xFA, 0xC0, 0xDC, 0xC1, 0x97, 0x26, 0x23, 0x06, 0x83, 0xD2, 0x8D, 0x40, 0xAE, 0xCA,
    0x1D, 0xED, 0x66, 0xDA, 0x8A, 0x7C, 0xFD, 0xA4, 0xA3, 0x1F, 0x71, 0x11, 0x63, 0xF0, 0x0A, 0xD3,
    0xAC, 0xB1, 0xD1, 0xFE, 0x3E, 0xA8, 0x90, 0xAC, 0xBA, 0xD3, 0xC8, 0x90, 0x13, 0x49, 0x33, 0xA3,
    0x9B, 0xB0, 0x32, 0x1F, 0x5B, 0x50, 0x9B, 0xAC, 0xBC, 0x8A, 0x8C, 0x79, 0x01, 0x93, 0x80, 0x8D,
    0xBD, 0x15, 0xB2, 0x8D, 0x3B, 0x90, 0x16, 0xE4, 0x9C, 0xD3, 0x99, 0xC4, 0xF7, 0x32, 0xDB, 0xC4,
    0xA2, 0xB4, 0x60, 0xE5, 0x98, 0x23, 0x80, 0x83, 0xC3, 0xFA, 0x68, 0x40, 0x0B, 0x9C, 0xBA, 0xDA,
    0xA1, 0xB9, 0x32, 0xA0, 0x59, 0x62, 0x34, 0x96, 0x2D, 0x9A, 0xBC, 0x46, 0x93, 0x36, 0x68, 0x74,
    0x87, 0x26, 0x1A, 0xD0, 0x84, 0x80, 0x46, 0x29, 0x0A, 0x68, 0x8C, 0x34, 0xA9, 0x8B, 0x3C, 0x19,
    0xEB, 0xA4, 0xE0, 0x80, 0x52, 0xA2, 0xC0, 0xCD, 0xC1, 0x62, 0x80, 0x6D, 0xD5, 0x20, 0xB1, 0x10,
    0x95, 0xBA, 0x46, 0x54, 0xA6, 0xEF, 0x08, 0x79, 0x2B, 0x85, 0xA9, 0xF9, 0x8D, 0x0B, 0x19, 0x10,
    0x90, 0x41, 0x50, 0xE0, 0x51, 0x89, 0x72, 0xB5, 0x2E, 0xB0, 0x2E, 0x71, 0xB7, 0xA8, 0x5A, 0xD4,
    0x8D, 0xA8, 0x05, 0x5C, 0xAB, 0xE1, 0x88, 0x00, 0xFD, 0x18, 0x07, 0x51, 0x9B, 0xE0, 0x8D, 0xB5,
    0x39, 0x24, 0xA3, 0xC7, 0x1A, 0x0F, 0x2F, 0x1B, 0x17, 0xFA, 0x21, 0x9E, 0x6D, 0x03, 0xA3, 0xE3,
    0x73, 0x7A, 0x2D, 0x7B, 0xA4, 0x4B, 0x64, 0x75, 0xAF, 0x26, 0x2D, 0x1E, 0xF1, 0x2A, 0x97, 0x52,
    0x21, 0x53, 0xEB, 0xF5, 0x34, 0xBE, 0x0E, 0x03, 0x49, 0x5B, 0xD1, 0xD1, 0x37, 0xDD, 0x03, 0x8D,
    0x68, 0xDA, 0xE6, 0x40, 0x2E, 0x40, 0x20, 0x84, 0x51, 0x5F, 0x12, 0x2B, 0xAA, 0x66, 0x01, 0xFF,
    0x4E, 0x2A, 0xB9, 0xCC, 0xAC, 0x7B, 0x4F, 0xDD, 0x24, 0x03, 0xBD, 0xEA, 0x89, 0x3C, 0x54, 0x7E,
    0xE5, 0x67, 0x0F, 0xDD, 0x8F, 0x5A, 0x5C, 0x20, 0x56, 0x4B, 0x89, 0x30, 0x96, 0x14, 0xEC, 0x48,
    0xA0, 0x55, 0x1E, 0xC1, 0x5F, 0x28, 0x52, 0x46, 0xE2, 0x8D, 0x5F, 0x96, 0x44, 0x55, 0x92, 0xA8,
    0xB1, 0x44, 0x64, 0xE2, 0x85, 0x05, 0xEE, 0x84, 0xD4, 0x02, 0xB8, 0x73, 0xF8, 0xF8, 0x00, 0x3B,
    0x41, 0xFF, 0xFC, 0x6E, 0x96, 0xFF, 0xBE, 0xD1, 0x55, 0xFC, 0x4A, 0x27, 0xC1, 0x12, 0x2C, 0x0F,
    0xF4, 0xA4, 0xE9, 0xB1, 0xDC, 0x00, 0x63, 0x23, 0x35, 0x60, 0x75, 0x94, 0x79, 0x61, 0x75, 0x94,
    0xDF, 0x06, 0xE8, 0xCF, 0x90, 0xFE, 0xA2, 0xA2, 0x3E, 0xA5, 0xF4, 0x72, 0x7F, 0xB4, 0x9E, 0x00,
    0xF2, 0x81, 0x74, 0x06, 0x1F, 0x20, 0xAD, 0xFB, 0xF9, 0xC3, 0xFD, 0xE1, 0xCF, 0x41, 0x8D, 0x76,
    0x2C, 0x60, 0xA5, 0x7F, 0x60, 0xDD, 0x31, 0xBA, 0x79, 0x5C, 0xF9, 0x9F, 0x3A, 0x06, 0x81, 0xF6,
    0xF3, 0x37, 0x68, 0xE2, 0x0D, 0x24, 0xF4, 0xC4, 0xBA, 0xB8, 0xC0, 0xFD, 0x1F, 0x4D, 0x83, 0xC2,
    0x8A, 0xED, 0xAB, 0x5A, 0x71, 0x96, 0xD8, 0x00, 0x1A, 0x66, 0xD8, 0x86, 0x2F, 0x2A, 0x42, 0x11,
    0x8B, 0x98, 0x15, 0x4B, 0xFD, 0x46, 0x80, 0x4D, 0x12, 0xA4, 0x63, 0x6C, 0x5A, 0xB8, 0x50, 0x6E,
    0x41, 0xD4, 0x50, 0xE2, 0x16, 0xA4, 0xC4, 0xCD, 0x40, 0x9B, 0x6A, 0x4A, 0x4A, 0x9C, 0xF0, 0x06,
    0xDE, 0x87, 0x0A, 0x92, 0x7E, 0x04, 0x15, 0xA3, 0x4E, 0x10, 0x93, 0xDF, 0x12, 0x57, 0x89, 0xDA,
    0xCA, 0xD7, 0xD8, 0xD2, 0x53, 0x0B, 0x1F, 0xB0, 0x99, 0xB6, 0xB1, 0x00, 0x26, 0xD8, 0xC3, 0x6E,
    0xF8, 0x0B, 0x53, 0x6B, 0xA9, 0x4B, 0xC8, 0xD4, 0x42, 0xC9, 0x31, 0x02, 0x6B, 0x70, 0xB1, 0x87,
    0xB1, 0x4A, 0xEA, 0x26, 0x4D, 0x35, 0x8B, 0x19, 0xA3, 0x03, 0xED, 0xA4, 0xAC, 0x71, 0x99, 0xA3,
    0x0C, 0xC8, 0x54, 0x9B, 0x6B, 0x28, 0xBE, 0xDD, 0x42, 0xDC, 0x81, 0x34, 0xF2, 0x6C, 0xC0, 0x27,
    0xA1, 0xCB, 0x3F, 0x09, 0xCE, 0x41, 0x30, 0xCA, 0x07, 0xFA, 0x15, 0x24, 0x21, 0x63, 0x2A, 0x01,
    0x32, 0x84, 0x96, 0xAC, 0x46, 0x41, 0xEB, 0xEB, 0xBF, 0x61, 0x07, 0x19, 0xD3, 0x80, 0x25, 0xCB,
    0xAA, 0x98, 0x0A, 0x19, 0x0E, 0xED, 0x9B, 0x29, 0x51, 0xFC, 0x4A, 0x21, 0xE1, 0x55, 0xDF, 0x53,
    0x9F, 0xCA, 0xCA, 0xC7, 0x9F, 0x67, 0x43, 0xF2, 0x60, 0xDA, 0x9F, 0x9E, 0x42, 0x98, 0x2C, 0xA8,
    0x84, 0x29, 0x9C, 0x14, 0x42, 0x3C, 0x29, 0x2B, 0x4A, 0xEA, 0x0E, 0x4A, 0xCC, 0xD7, 0xE7, 0x8C,
    0xDA, 0x07, 0xD0, 0xC0, 0x0E, 0xD3, 0x86, 0x76, 0xC8, 0x78, 0x2D, 0x94, 0x00, 0xEA, 0x47, 0xBD,
    0x30, 0x9B, 0x72, 0x49, 0x4A, 0x73, 0x2B, 0xCB, 0x78, 0x76, 0x90, 0x34, 0xF7, 0xAA, 0x8B, 0xAF,
    0x33, 0xE3, 0x8A, 0x23, 0xDE, 0xFA, 0x8F, 0x87, 0x12, 0xC6, 0x5B, 0x3D, 0x41, 0x61, 0x5E, 0x5A,
    0x43, 0xAD, 0x46, 0x68, 0xD7, 0x33, 0xB0, 0xD5, 0x16, 0x71, 0x0D, 0xDC, 0x81, 0x9F, 0xFA, 0xB1,
    0xD9, 0x43, 0x19, 0x05, 0x45, 0xBD, 0x29, 0x72, 0x31, 0x07, 0xD6, 0x4B, 0x1D, 0x6D, 0x87, 0x4F,
    0x27, 0xA1, 0x7B, 0xBC, 0x7F, 0x18, 0x1D, 0x5E, 0x61, 0xF6, 0x1A, 0x6C, 0x67, 0x7E, 0x0F, 0x47,
    0xC1, 0x47, 0x7F, 0x78, 0x94, 0xCD, 0x08, 0x77, 0x9A, 0x12, 0x76, 0x0C, 0x32, 0xE9, 0x6F, 0x26,
    0xFD, 0x4D, 0x26, 0x64, 0xCF, 0xDF, 0x2C, 0xA0, 0x6C, 0x0A, 0x05, 0xAA, 0x70, 0x34, 0xE8, 0x0E,
    0x6F, 0x9E, 0xFB, 0x1E, 0xF5, 0xC5, 0xAB, 0x23, 0x3F, 0x93, 0xAF, 0x3D, 0x7F, 0xB2, 0xEA, 0x4A,
    0x31, 0xA5, 0xC9, 0x4D, 0x45, 0x19, 0x0E, 0x91, 0x27, 0x6A, 0xA1, 0xE1, 0xCA, 0x73, 0xD0, 0xEC,
    0x67, 0x91, 0x4B, 0x8A, 0x53, 0x54, 0x4D, 0x20, 0x7E, 0x8E, 0x34, 0xDA, 0x72, 0x58, 0xC8, 0x21,
    0x09, 0x90, 0x03, 0x3E, 0xCF, 0x21, 0x48, 0x09, 0x90, 0xCB, 0x5C, 0xEF, 0xE2, 0xA1, 0x74, 0x8B,
    0x71, 0x2D, 0x67, 0x03, 0xEC, 0x3A, 0xE2, 0xB1, 0x01, 0xC5, 0x92, 0x62, 0xBD, 0x31, 0xEA, 0x9C,
    0xD3, 0x72, 0x32, 0xAA, 0x70, 0x46, 0xA0, 0x12, 0xB4, 0x86, 0x05, 0x26, 0x8C, 0x15, 0x4E, 0x63,
    0xCE, 0x76, 0x41, 0xA7, 0x9B, 0xB8, 0x36, 0x6B, 0x97, 0x82, 0xF7, 0xD9, 0x9F, 0xFE, 0xE2, 0x4F,
    0xBB, 0x74, 0x6F, 0x9B, 0xFB, 0x18, 0xE6, 0xF1, 0xA7, 0xC0, 0xE3, 0x27, 0x0D, 0x37, 0x09, 0x57,
    0xA1, 0xE7, 0x0F, 0xD6, 0x47, 0x9D, 0x7E, 0x70, 0x25, 0xA1, 0x7E, 0xF1, 0x4D, 0xB6, 0x8B, 0x01,
    0x2B, 0xAC, 0x91, 0x8E, 0xD7, 0x58, 0xDE, 0x58, 0x52, 0x18, 0x56, 0x5E, 0xE5, 0x16, 0x48, 0x5C,
    0xE5, 0xEF, 0xDE, 0x90, 0x10, 0xD2, 0x1F, 0x38, 0x23, 0x6B, 0x75, 0x00, 0x0D, 0x1E, 0x1D, 0xBA,
    0xB7, 0xD6, 0x13, 0x86, 0x61, 0x7F, 0xE0, 0x13, 0x82, 0xAE, 0xAC, 0x82, 0x35, 0xA6, 0xF9, 0x10,
    0x07, 0x65, 0x0A, 0xC7, 0xE7, 0x02, 0xA9, 0xD1, 0x48, 0xDB, 0x6D, 0xFD, 0xC1, 0x8D, 0xBB, 0x47,
    0x7E, 0xA1, 0xF2, 0x22, 0xC9, 0xDF, 0xFC, 0x02, 0x01, 0x5A, 0x06, 0xC3, 0x87, 0xC2, 0x0F, 0x50,
    0xB1, 0x1B, 0x5D, 0xA7, 0x4B, 0x38, 0x9F, 0x0E, 0x12, 0xA4, 0x72, 0xD2, 0x31, 0x9F, 0x9D, 0x83,
    0xD9, 0x85, 0x92, 0x14, 0xBF, 0x61, 0x9C, 0x27, 0xD2, 0xAB, 0x96, 0xDA, 0x9E, 0x92, 0x68, 0xFD,
    0x88, 0x15, 0xB8, 0x87, 0x75, 0xA9, 0x94, 0x12, 0xF4, 0xD0, 0xBA, 0x00, 0xC0, 0xBD, 0x23, 0xE7,
    0x1F, 0xC6, 0xFE, 0x92, 0x6F, 0x24, 0x27, 0x79, 0x9F, 0xF7, 0x51, 0x25, 0xBD, 0xA8, 0xDA, 0xF8,
    0xEB, 0xC3, 0xE5, 0x0F, 0x19, 0x63, 0xBA, 0xA8, 0x82, 0xC9, 0xE6, 0xC7, 0x87, 0x8C, 0x7C, 0x15,
    0xFD, 0x07, 0x3E, 0x83, 0x5E, 0x6A, 0x66, 0x9F, 0x1E, 0x1F, 0x0A, 0xBD, 0x6A, 0xE6, 0xA1, 0xAA,
    0xA5, 0x20, 0xDE, 0x11, 0xBC, 0xB0, 0x03, 0xFD, 0x93, 0xA4, 0x57, 0x11, 0x76, 0x20, 0x10, 0xFA,
    0x0E, 0x0A, 0xC2, 0xAA, 0x94, 0x8B, 0x12, 0xBF, 0x81, 0xB8, 0x03, 0x22, 0xF3, 0x3E, 0x1D, 0x82,
    0x85, 0x12, 0xEA, 0xE8, 0xC7, 0x6C, 0x61, 0xE2, 0xDA, 0x10, 0xF6, 0x21, 0x5F, 0x90, 0xBD, 0x80,
    0xF7, 0x5D, 0x00, 0x65, 0xDA, 0xD0, 0xDA, 0xCA, 0x5B, 0x98, 0x1B, 0x0B, 0x89, 0x7B, 0xC4, 0xE3,
    0x94, 0x4D, 0x67, 0xFA, 0xB0, 0x2A, 0xB3, 0xF2, 0x53, 0xC4, 0xC1, 0x7F, 0x61, 0xB5, 0xB2, 0xCB,
    0x7B, 0x84, 0x41, 0xB8, 0x5E, 0xE2, 0x3C, 0xB4, 0xDA, 0x05, 0xBD, 0x70, 0x4C, 0x61, 0x83, 0x42,
    0x04, 0x86, 0x32, 0x33, 0x07, 0xEA, 0xB4, 0x18, 0xE6, 0x8A, 0x68, 0xC8, 0xC2, 0x8F, 0x86, 0x97,
    0x90, 0xDF, 0x67, 0xF9, 0x25, 0xDE, 0xD7, 0x85, 0xC3, 0x7D, 0x81, 0x8E, 0x20, 0xC4, 0x2D, 0x0A,
    0x6F, 0x95, 0x16, 0xFC, 0x3E, 0x8E, 0x1E, 0xC3, 0x03, 0xA1, 0x7B, 0xEF, 0x36, 0xF6, 0xE8, 0x50,
    0xDE, 0xAC, 0xD2, 0xD7, 0x19, 0x27, 0x67, 0x40, 0x01, 0x34, 0xD8, 0x0C, 0x62, 0x99, 0xAE, 0x2C,
    0xC0, 0x82, 0xF7, 0x02, 0xEF, 0x18, 0x6C, 0xEF, 0xC0, 0x43, 0x67, 0xF1, 0xF4, 0x95, 0xB3, 0x89,
    0x8F, 0xBE, 0xE2, 0x5B, 0xAB, 0x7C, 0x61, 0x9F, 0x3F, 0xFC, 0x19, 0x61, 0x86, 0x6A, 0xB3, 0x8B,
    0xE8, 0x04, 0xAE, 0xAE, 0xCF, 0x9B, 0x60, 0xA5, 0x79, 0xCA, 0x34, 0x01, 0x37, 0x11, 0x12, 0x8C,
    0x77, 0xAA, 0xDB, 0xC5, 0x9E, 0xDD, 0x47, 0x2F, 0x83, 0x5E, 0x3E, 0x43, 0x31, 0xEA, 0x15, 0x66,
    0xEA, 0xD2, 0xB5, 0xEC, 0xC1, 0xE1, 0xD2, 0x1D, 0xFE, 0x98, 0x70, 0x91, 0xF8, 0xD3, 0x68, 0x50,
    0x2E, 0x95, 0x21, 0xC7, 0x1B, 0x76, 0xDF, 0xB0, 0xB9, 0xFA, 0xF7, 0xDB, 0xCF, 0xA1, 0x30, 0xF7,
    0x61, 0xFF, 0xE2, 0x39, 0x83, 0x9F, 0xE2, 0x96, 0x84, 0x30, 0x54, 0x70, 0x27, 0xE6, 0xC3, 0xE9,
    0xBA, 0xDC, 0x0F, 0xAD, 0xFF, 0x8A, 0xEB, 0xEF, 0xE3, 0x6A, 0x00, 0xDC, 0xF4, 0x87, 0x70, 0x1C,
    0x53, 0xCD, 0x10, 0xBA, 0xB4, 0x86, 0xB1, 0xB3, 0x13, 0xAA, 0x8D, 0xDA, 0x58, 0x38, 0xAF, 0xAD,
    0xC3, 0x7E, 0xC7, 0xB0, 0x95, 0xF4, 0xC7, 0xAF, 0xAD, 0x62, 0x82, 0x5D, 0xE5, 0x4F, 0x29, 0xBE,
    0xAB, 0xEE, 0x66, 0xC0, 0xDD, 0xD4, 0x79, 0x2A, 0x8C, 0xE8, 0xB5, 0xF2, 0xB7, 0x8D, 0x9C, 0x71,
    0xCB, 0xCE, 0x20, 0xF9, 0x67, 0x00, 0x41, 0x90, 0xFD, 0xA5, 0x07, 0xE9, 0x80, 0xC7, 0xC0, 0x9D,
    0xF6, 0xFE, 0xD4, 0x39, 0x15, 0x75, 0x54, 0xC7, 0x6D, 0x5A, 0xE7, 0x5D, 0x8E, 0x93, 0x15, 0x56,
    0x77, 0x78, 0x52, 0x29, 0xA8, 0x17, 0x88, 0x7A, 0xBC, 0x0F, 0x29, 0xF8, 0x2A, 0xD4, 0xFB, 0xDB,
    0x86, 0x7A, 0xED, 0x86, 0x7A, 0xB8, 0xE4, 0x2F, 0x95, 0x40, 0xA8, 0x43, 0xE1, 0x0F, 0xF6, 0xC2,
    0x8C, 0x05, 0x9E, 0x22, 0xA9, 0x00, 0xDC, 0xC7, 0x23, 0x8C, 0x2F, 0x33, 0x6B, 0x0A, 0xFF, 0x57,
    0x93, 0x90, 0x75, 0xF9, 0x6B, 0x40, 0xB5, 0x0A, 0x06, 0x3A, 0x33, 0xBC, 0x5C, 0x49, 0x4D, 0x38,
    0xA6, 0x9A, 0xD8, 0x6A, 0xFF, 0x8E, 0x6D, 0x24, 0xFF, 0xD3, 0xD9, 0x38, 0x5B, 0xA4, 0x6D, 0x99,
    0xF4, 0x22, 0xBB, 0xF9, 0x1B, 0xCC, 0x71, 0x49, 0x2A, 0xFB, 0x7D, 0x2F, 0xF7, 0x6B, 0x50, 0x39,
    0x10, 0x0C, 0xE7, 0xDF, 0xB5, 0xFC, 0xDF, 0xA7, 0x6C, 0x50, 0x53, 0x19, 0xAC, 0x49, 0x0F, 0xF7,
    0x5F, 0xFF, 0x16, 0xDB, 0xD3, 0x3E, 0xAF, 0x11, 0xCC, 0x7F, 0xFE, 0xF2, 0x56, 0xD8, 0xFE, 0x0B,
    0xBD, 0x59, 0x4D, 0x6C, 0x1D, 0xD5, 0x15, 0x3E, 0x33, 0x17, 0x3C, 0x91, 0x87, 0x78, 0xA2, 0x4A,
    0x48, 0x2D, 0xB6, 0x33, 0x2C, 0x58, 0x58, 0xC8, 0x61, 0x2C, 0x95, 0x56, 0xAE, 0x64, 0x67, 0x26,
    0xF1, 0x22, 0x0B, 0x54, 0x11, 0xA9, 0xBC, 0x66, 0x01, 0x52, 0xD8, 0x82, 0x40, 0x2F, 0x55, 0xBD,
    0x60, 0x51, 0x77, 0x26, 0x78, 0x81, 0x44, 0x17, 0x44, 0xAA, 0x58, 0xB1, 0x68, 0x16, 0x55, 0x05,
    0x29, 0x52, 0xBC, 0xC8, 0x22, 0xAA, 0x92, 0xCC, 0x25, 0x5E, 0x20, 0x41, 0xAB, 0x0C, 0x20, 0x9A,
    0x45, 0x16, 0x19, 0x89, 0xFC, 0xB4, 0x65, 0xD1, 0xDB, 0x66, 0x4C, 0xC6, 0x61, 0xE6, 0x9D, 0x7E,
    0xE7, 0xBE, 0x9F, 0x38, 0x0D, 0x81, 0x24, 0x6A, 0xFA, 0x9C, 0x99, 0xF7, 0xE6, 0xE7, 0x9E, 0xFF,
    0xF3, 0x9D, 0x73, 0x6E, 0x56, 0x98, 0x57, 0x88, 0xE8, 0x89, 0x99, 0x85, 0x85, 0x85, 0x95, 0x33,
    0x3D, 0xB6, 0x97, 0x73, 0x44, 0x2F, 0x12, 0x15, 0x94, 0x57, 0xFE, 0xF9, 0x26, 0x5A, 0xAA, 0x53,
    0x45, 0xF9, 0x38, 0xF1, 0x76, 0xE2, 0x47, 0x88, 0xDF, 0xC5, 0xED, 0x6D, 0x31, 0x57, 0x01, 0x97,
    0x4E, 0x2F, 0x21, 0x4D, 0x8E, 0x26, 0x95, 0x11, 0x75, 0x2F, 0x91, 0xCF, 0x35, 0x31, 0xD7, 0x5E,
    0xCF, 0x35, 0x71, 0xE1, 0x14, 0x4C, 0x6A, 0xB5, 0xA1, 0xB1, 0xC0, 0x10, 0x45, 0x25, 0x51, 0xAC,
    0x29, 0x60, 0x36, 0x8F, 0x72, 0x27, 0xA1, 0x86, 0x48, 0x69, 0x3A, 0x34, 0x45, 0x7E, 0xC6, 0xDC,
    0xF3, 0x99, 0xAB, 0x94, 0x79, 0x1D, 0xDC, 0x21, 0xCB, 0xEC, 0xE3, 0xF4, 0x06, 0x9F, 0x8A, 0x0E,
    0x2E, 0xE9, 0xD7, 0x16, 0xD4, 0xBA, 0x9E, 0x7F, 0x2A, 0x58, 0xE2, 0xE6, 0x71, 0x27, 0x8B, 0x59,
    0x87, 0x55, 0xD8, 0xD0, 0x34, 0x05, 0x8D, 0x53, 0xE2, 0xB4, 0x93, 0x28, 0x68, 0x41, 0xD8, 0xEF,
    0x91, 0xA5, 0x4C, 0x8F, 0xA6, 0x9F, 0x27, 0x44, 0x42, 0x43, 0x35, 0xDF, 0x78, 0x8B, 0x44, 0x16,
    0x11, 0xA4, 0x7F, 0x0B, 0x14, 0x21, 0x6F, 0x9F, 0xAB, 0xFD, 0x36, 0x94, 0xD7, 0xCE, 0x46, 0xAE,
    0x8D, 0x32, 0xA7, 0xE8, 0x89, 0x48, 0x43, 0xA3, 0x04, 0x4F, 0x92, 0x90, 0xEB, 0x30, 0xE7, 0xB7,
    0x92, 0xFC, 0x6B, 0xED, 0x72, 0x85, 0x75, 0x47, 0x82, 0x2E, 0xFF, 0x6E, 0x09, 0x0B, 0x23, 0xAC,
    0xE9, 0x62, 0x7D, 0xAA, 0x13, 0x65, 0x1A, 0xAA, 0xE3, 0xE2, 0x94, 0x0B, 0x2B, 0x38, 0x44, 0x2B,
    0x61, 0x7A, 0x8E, 0xAF, 0xB5, 0x95, 0x98, 0x17, 0x9F, 0x2E, 0x6C, 0x15, 0x5C, 0xEE, 0x6A, 0xA7,
    0x22, 0xAF, 0x08, 0x44, 0x7D, 0xE3, 0xF3, 0xBE, 0x0F, 0x0F, 0xF7, 0x5E, 0xF5, 0x5F, 0x0D, 0x8A,
    0x99, 0x9D, 0x26, 0xA7, 0x1D, 0xF1, 0x3A, 0x64, 0x64, 0xC8, 0xA8, 0x9A, 0xB8, 0xA0, 0x60, 0x2D,
    0xCD, 0x1E, 0xFF, 0x49, 0x99, 0xAF, 0xBE, 0xFE, 0x99, 0x4E, 0xDB, 0xC0, 0x83, 0xD4, 0x15, 0x4E,
    0x41, 0xE2, 0x5D, 0x1A, 0xAB, 0xC8, 0x65, 0x68, 0x4D, 0x0F, 0x41, 0xFB, 0xDA, 0x7B, 0xA7, 0x34,
    0x31, 0x29, 0xD0, 0xF3, 0x3E, 0x33, 0x4D, 0x1C, 0x7C, 0x69, 0xD2, 0x83, 0xA2, 0x22, 0x2C, 0xD0,
    0x1C, 0x3B, 0x06, 0xD7, 0x38, 0x34, 0xED, 0xE8, 0xD0, 0x2D, 0xA3, 0xBD, 0x26, 0x7A, 0xBD, 0x06,
    0x97, 0xC0, 0x30, 0xB5, 0x41, 0x11, 0x68, 0x48, 0x1C, 0x24, 0x3E, 0x19, 0x3A, 0xB2, 0x8D, 0x40,
    0x92, 0xFF, 0xD5, 0x39, 0x00, 0x0E, 0x44, 0x0B, 0x84, 0x7B, 0xF0, 0xAA, 0x82, 0x51, 0x84, 0x94,
    0xCB, 0x59, 0xF8, 0x76, 0xF5, 0x63, 0x7E, 0xE1, 0xE8, 0xF5, 0x8F, 0xF4, 0xB5, 0x55, 0xCD, 0x4A,
    0x5F, 0x5F, 0x3A, 0x72, 0xED, 0xA3, 0x1F, 0xED, 0x7F, 0x61, 0xE7, 0x9E, 0x13, 0x8A, 0x33, 0x61,
    0xA7, 0x78, 0x03, 0xAE, 0x25, 0x87, 0x9D, 0xCB, 0x6B, 0xC5, 0xF8, 0x9C, 0xF3, 0x67, 0xFA, 0x61,
    0x32, 0xBB, 0xBC, 0xCB, 0x6F, 0xE5, 0xA1, 0x11, 0xB2, 0xFD, 0x13, 0x1C, 0xD3, 0xD9, 0xD8, 0x3F,
    0xB8, 0x3C, 0x76, 0xE3, 0x38, 0xB3, 0x57, 0xF9, 0xFC, 0xC6, 0x33, 0xFF, 0x4E, 0x1A, 0x5A, 0xC4,
    0xDF, 0xAE, 0x87, 0x76, 0x8D, 0x47, 0x7C, 0x90, 0xB5, 0xD7, 0x78, 0xDD, 0xB3, 0xAA, 0x74, 0x4A,
    0xC5, 0xE4, 0x1B, 0x6A, 0x92, 0xDD, 0x2B, 0x91, 0xBF, 0x49, 0x63, 0x47, 0xDA, 0x68, 0xA9, 0x38,
    0x44, 0xAC, 0xA0, 0x48, 0xAC, 0xEF, 0xF8, 0xD5, 0x63, 0xCD, 0x37, 0xF8, 0xDC, 0x69, 0xBF, 0x84,
    0xD7, 0xC1, 0x8E, 0x2A, 0x7C, 0x41, 0xC0, 0x1A, 0x5F, 0xDA, 0x7E, 0xD9, 0x8F, 0xC7, 0xDC, 0x46,
    0xBC, 0x61, 0x52, 0x36, 0x86, 0xB7, 0x1C, 0x39, 0x8E, 0x18, 0x47, 0x80, 0x83, 0x3A, 0x38, 0xE8,
    0x5E, 0x8E, 0x24, 0x59, 0x41, 0x2E, 0xB9, 0xC9, 0xA1, 0x09, 0xD5, 0x7A, 0x66, 0x62, 0xE3, 0x02,
    0x98, 0xBB, 0x26, 0x32, 0x3F, 0x43, 0x6C, 0xDD, 0xFC, 0x0B, 0x1B, 0xAF, 0x75, 0xBF, 0x6A, 0x7E,
    0xE5, 0x5D, 0xD4, 0x71, 0xA3, 0x58, 0xC7, 0xA7, 0x15, 0x5C, 0x18, 0xF4, 0x68, 0xE0, 0xBE, 0x4E,
    0x27, 0xD9, 0xE1, 0xD0, 0x84, 0x53, 0xB8, 0xE5, 0x22, 0xED, 0xF6, 0x4A, 0xBF, 0x3C, 0x23, 0x01,
    0x02, 0x17, 0x86, 0x67, 0x1B, 0xB8, 0xCF, 0xD3, 0x27, 0x95, 0x9E, 0xA7, 0xEC, 0xFB, 0xA0, 0x8D,
    0x8C, 0xF5, 0x11, 0x3F, 0xE5, 0xC3, 0x31, 0xD1, 0x9A, 0x68, 0xB8, 0x8C, 0x98, 0xA0, 0x79, 0x42,
    0xB2, 0xC1, 0x9D, 0x31, 0x4D, 0x89, 0xDA, 0xDB, 0xE1, 0x26, 0x13, 0x28, 0xE3, 0xF5, 0x7C, 0x49,
    0x08, 0x6F, 0x6F, 0x8E, 0x1B, 0x87, 0xCF, 0x69, 0x72, 0xF5, 0xBA, 0x41, 0x2A, 0x5F, 0x6E, 0x13,
    0x2A, 0xA1, 0xB9, 0xF8, 0x46, 0x83, 0x0C, 0x28, 0x2C, 0xC3, 0x42, 0x5B, 0xC8, 0x8F, 0x7D, 0x27,
    0xF9, 0x09, 0xBF, 0x76, 0x7B, 0xBE, 0x8F, 0xA0, 0xF0, 0xF6, 0x79, 0x08, 0xA3, 0xC3, 0xF0, 0xAB,
    0xAB, 0xE1, 0x58, 0x20, 0xC5, 0x6E, 0x50, 0x80, 0x83, 0x41, 0x7E, 0xD7, 0x38, 0xC8, 0x44, 0x9C,
    0x2C, 0x53, 0xC8, 0x85, 0xA8, 0xBB, 0xC3, 0x2A, 0xED, 0x20, 0x99, 0x9E, 0x76, 0xDE, 0x31, 0x20,
    0x9A, 0xD5, 0x34, 0x4B, 0xF4, 0x1A, 0x12, 0x9E, 0x58, 0x4F, 0x10, 0x7D, 0xAF, 0xF6, 0x25, 0x69,
    0x3D, 0xB8, 0x30, 0x58, 0xCD, 0x92, 0xD0, 0x5F, 0xD7, 0xB0, 0xD9, 0x61, 0x2D, 0xE9, 0x5B, 0x1C,
    0x87, 0x47, 0xCD, 0x2F, 0x21, 0xE5, 0xDA, 0x1C, 0xA4, 0x5C, 0x9E, 0x81, 0x94, 0xF3, 0x21, 0x37,
    0x34, 0xEB, 0x1C, 0xD8, 0x10, 0xD9, 0x1A, 0x02, 0x85, 0x3C, 0x43, 0x62, 0x3E, 0xBA, 0x9F, 0x56,
    0x04, 0x0D, 0x90, 0x67, 0x61, 0x42, 0xC3, 0xCF, 0x18, 0xE1, 0xAD, 0xC8, 0xC0, 0x07, 0x90, 0xA9,
    0x97, 0xA8, 0x52, 0x22, 0x66, 0x17, 0x3D, 0xB4, 0xE0, 0x36, 0x08, 0x82, 0x49, 0x78, 0xC4, 0x17,
    0xEC, 0xA0, 0xD0, 0x86, 0xFA, 0x2C, 0xDD, 0xFA, 0x71, 0x2B, 0x1A, 0x02, 0x4B, 0x3F, 0xDC, 0x19,
    0xB8, 0x44, 0xD3, 0x16, 0x77, 0x3E, 0x96, 0x40, 0x9B, 0x4F, 0xF1, 0xCC, 0x57, 0xE2, 0xD8, 0x32,
    0x04, 0xA1, 0x69, 0x02, 0xB2, 0xA8, 0x7F, 0x1C, 0x87, 0xAC, 0x40, 0xBE, 0x82, 0x7C, 0x72, 0x7B,
    0x62, 0x1A, 0x3C, 0xDB, 0x85, 0xD5, 0x19, 0xD0, 0xD1, 0x6B, 0xE8, 0x24, 0x9E, 0x96, 0xA9, 0x00,
    0x0E, 0x2C, 0xA4, 0xEA, 0x11, 0xA3, 0xF2, 0x56, 0xEE, 0x81, 0xE5, 0x5B, 0xD9, 0x14, 0xB4, 0x26,
    0x14, 0x7B, 0x7E, 0x6D, 0xD9, 0x5A, 0x40, 0x15, 0xF4, 0x9D, 0xF0, 0xC4, 0xDD, 0x89, 0x70, 0xD5,
    0x60, 0xE2, 0xDC, 0xF8, 0x23, 0xE4, 0xCC, 0x25, 0xBB, 0xE7, 0xC5, 0x12, 0xBB, 0x84, 0x7F, 0x20,
    0x38, 0x06, 0xF3, 0x06, 0xB5, 0x2A, 0x90, 0xF2, 0x3E, 0xC3, 0xF3, 0x4D, 0x1F, 0x2A, 0x29, 0x17,
    0xED, 0x4F, 0x86, 0xDF, 0xC1, 0x58, 0x0F, 0x19, 0x2F, 0x5B, 0xC6, 0xF1, 0x90, 0xB1, 0x6F, 0xD5,
    0xD5, 0xD1, 0x90, 0x31, 0x8F, 0x18, 0xCF, 0x92, 0xBA, 0x85, 0x31, 0x22, 0x91, 0x03, 0xA4, 0xBB,
    0x30, 0xB6, 0x9F, 0x16, 0xCE, 0x83, 0x8D, 0x70, 0x9A, 0x49, 0x93, 0x5B, 0xB8, 0x7B, 0x22, 0x92,
    0xDB, 0x37, 0xB7, 0x30, 0x4E, 0x45, 0x90, 0xDD, 0xF2, 0xE6, 0xB4, 0x78, 0xC2, 0x0F, 0x6A, 0x89,
    0x6D, 0x5C, 0xBB, 0x1A, 0x70, 0x4A, 0x46, 0x04, 0xF9, 0xF5, 0x31, 0x08, 0x12, 0x0B, 0xD2, 0x4F,
    0x48, 0x0C, 0xF8, 0x03, 0x5B, 0x87, 0xC6, 0x29, 0x44, 0x10, 0x50, 0xCC, 0xD7, 0x19, 0x20, 0x0F,
    0xD5, 0x0B, 0x41, 0x6E, 0x41, 0x63, 0x12, 0xB8, 0x04, 0xA0, 0x7B, 0xC5, 0x88, 0xF5, 0xFE, 0x51,
    0x28, 0xD8, 0xB2, 0x02, 0x2F, 0xD9, 0x7C, 0x95, 0x9F, 0xE7, 0x6B, 0xAB, 0x39, 0x04, 0x50, 0x7B,
    0x45, 0xB6, 0x35, 0x71, 0xF7, 0x84, 0xE8, 0xEF, 0x5A, 0x77, 0xC7, 0xA2, 0xBA, 0x67, 0xDD, 0x6D,
    0xC4, 0x00, 0xD3, 0x12, 0x96, 0x10, 0x01, 0x84, 0x5E, 0xC3, 0xD3, 0x91, 0xBB, 0xED, 0x47, 0xD9,
    0x98, 0xBB, 0x22, 0xDA, 0x3D, 0xF2, 0x88, 0xFC, 0xFC, 0x44, 0x0F, 0x15, 0x1F, 0x04, 0x9E, 0xFD,
    0x19, 0x8B, 0x24, 0xBE, 0x95, 0xC4, 0x2E, 0xDD, 0x69, 0x03, 0xEF, 0x9C, 0xD8, 0x63, 0x39, 0xB7,
    0x81, 0x27, 0x92, 0x94, 0x12, 0x07, 0xB3, 0x92, 0x60, 0x08, 0xBC, 0xDA, 0x06, 0x9E, 0x80, 0x3D,
    0xD4, 0x46, 0x39, 0x8D, 0xC4, 0x15, 0x90, 0x12, 0xA0, 0xEF, 0x0F, 0x03, 0xCF, 0xE0, 0x95, 0x81,
    0x24, 0x33, 0xB6, 0x3C, 0xD8, 0x4A, 0x19, 0x70, 0xE7, 0x79, 0xA1, 0x89, 0x88, 0x36, 0xC2, 0xC5,
    0xAA, 0xA0, 0x3E, 0x43, 0x8E, 0x67, 0x20, 0xC4, 0xF4, 0x22, 0x12, 0x19, 0x08, 0x2C, 0x29, 0x72,
    0x32, 0x30, 0x92, 0xB2, 0x0B, 0xCA, 0x56, 0x91, 0xA7, 0x88, 0x3B, 0x6B, 0x30, 0x1B, 0xD9, 0x87,
    0x52, 0x9E, 0x3D, 0xE8, 0xF2, 0xF6, 0x81, 0x06, 0x60, 0x09, 0x03, 0x80, 0xF6, 0x9C, 0x5B, 0x48,
    0x12, 0xCD, 0xF6, 0x2D, 0x13, 0x02, 0xB0, 0x55, 0xDB, 0x39, 0xF8, 0x3A, 0x67, 0xE8, 0x10, 0x86,
    0x92, 0x1C, 0xA2, 0x31, 0xF1, 0xCE, 0x66, 0xD7, 0x20, 0x17, 0xC2, 0x04, 0x8A, 0x9D, 0x8C, 0x50,
    0xA8, 0x56, 0xA1, 0xEC, 0x54, 0x4A, 0x83, 0x34, 0xE5, 0x61, 0xAD, 0xB7, 0x3F, 0xC4, 0x0E, 0x39,
    0x4C, 0x24, 0x01, 0xB0, 0x0D, 0xA1, 0xE0, 0x7C, 0x80, 0xDB, 0x0B, 0x48, 0x54, 0x3F, 0x0B, 0x7B,
    0x3F, 0xAF, 0x69, 0x92, 0x37, 0xF1, 0x70, 0x98, 0x58, 0x91, 0x30, 0x4A, 0xFB, 0x35, 0x8B, 0x26,
    0xA6, 0xE5, 0x22, 0x21, 0xA7, 0x1D, 0x86, 0xFB, 0x89, 0x91, 0xED, 0x67, 0x62, 0x31, 0x08, 0x1F,
    0x3B, 0xAE, 0x21, 0x73, 0x25, 0xAE, 0x54, 0x62, 0x04, 0x86, 0x88, 0xA2, 0xA1, 0xE8, 0x6E, 0x15,
    0x17, 0xAD, 0xFB, 0x37, 0x3C, 0x1B, 0x2E, 0x99, 0x68, 0x8A, 0x25, 0x0B, 0xA2, 0xA3, 0x28, 0xF8,
    0x9B, 0x81, 0x76, 0x87, 0xC0, 0x0A, 0x62, 0xC6, 0x89, 0xE0, 0xC3, 0xF0, 0x33, 0x35, 0xE4, 0x52,
    0x60, 0x49, 0x8D, 0x25, 0x13, 0xA0, 0xE1, 0x00, 0xF4, 0x0E, 0xED, 0xF8, 0x56, 0x2E, 0xFB, 0x05,
    0x48, 0xC5, 0x98, 0x58, 0x12, 0x08, 0x97, 0x8F, 0x41, 0xA7, 0xB4, 0xAE, 0xB4, 0x31, 0x8D, 0xC7,
    0xC1, 0x1E, 0xF3, 0xE0, 0x74, 0x71, 0x2A, 0xA0, 0xAB, 0xA4, 0x8F, 0x74, 0x35, 0xFD, 0x64, 0xA2,
    0xA9, 0xC8, 0x72, 0xE9, 0x1C, 0x10, 0x5D, 0x4E, 0xFC, 0x0F, 0x74, 0x79, 0x3A, 0x45, 0xDB, 0x35,
    0x30, 0x96, 0xCF, 0x65, 0xAC, 0x03, 0x83, 0xF7, 0x99, 0xEE, 0xFC, 0x43, 0xBA, 0xB3, 0x34, 0x8B,
    0x93, 0xFE, 0x1A, 0x74, 0x80, 0xDF, 0xF6, 0xF2, 0xE0, 0x07, 0x3A, 0x00, 0xB9, 0x32, 0x8B, 0xDE,
    0xA0, 0xCF, 0xA9, 0x71, 0x19, 0xEB, 0xBB, 0x38, 0xC5, 0x9C, 0xAD, 0x78, 0x17, 0xD1, 0x4E, 0x04,
    0xD7, 0xC5, 0x02, 0x4E, 0xE7, 0xB9, 0x90, 0x93, 0xBB, 0x5C, 0x69, 0x5B, 0x38, 0x24, 0x1D, 0x1A,
    0x47, 0xEE, 0xE4, 0x05, 0xEE, 0x46, 0x25, 0xF4, 0x8F, 0xA0, 0x25, 0x9E, 0x4B, 0xCF, 0xB9, 0x3A,
    0x6C, 0x17, 0x05, 0x4E, 0x83, 0x0D, 0xEE, 0x58, 0x5B, 0x53, 0x0F, 0xB7, 0xBC, 0x1A, 0x6F, 0x45,
    0xF2, 0x56, 0x4F, 0x60, 0xCE, 0xE0, 0x56, 0x4E, 0xF1, 0xE7, 0xDD, 0x02, 0x99, 0x74, 0x69, 0x14,
    0x5B, 0xED, 0xBC, 0x70, 0x40, 0x7A, 0xA8, 0x67, 0xB6, 0x96, 0x94, 0x08, 0xF8, 0xDB, 0x43, 0x25,
    0x24, 0x94, 0xC3, 0x12, 0xA7, 0x7F, 0xA2, 0x1D, 0x50, 0xE7, 0x1A, 0x9C, 0x3E, 0x04, 0x44, 0xAA,
    0xB3, 0x9C, 0x18, 0xA5, 0x19, 0x5D, 0xB2, 0x4E, 0x4B, 0x9C, 0xA2, 0x0A, 0xA7, 0xA0, 0xC1, 0x49,
    0xC1, 0x50, 0x00, 0x4F, 0x23, 0xD9, 0x2C, 0xA7, 0xD8, 0x58, 0x6C, 0x95, 0xAE, 0xD5, 0xC4, 0x8D,
    0xA0, 0xD9, 0xCB, 0x02, 0xE1, 0xB9, 0x30, 0xB1, 0x01, 0xB1, 0x30, 0x62, 0x09, 0x2D, 0xFD, 0xCB,
    0xC0, 0x2A, 0x68, 0x59, 0x04, 0x05, 0x44, 0x3F, 0x03, 0xEF, 0x48, 0x52, 0xE7, 0x68, 0xC3, 0x9D,
    0x9E, 0x80, 0x16, 0xDB, 0xA6, 0xDE, 0xF4, 0xFB, 0x76, 0x12, 0x2C, 0x52, 0x3D, 0xA4, 0x65, 0x70,
    0x55, 0xB0, 0x0C, 0x0A, 0xBA, 0x75, 0x80, 0x02, 0xAA, 0xC3, 0xD2, 0x41, 0x71, 0xDF, 0xEC, 0x66,
    0x00, 0x0A, 0xD1, 0x6A, 0xEC, 0xF7, 0x03, 0x84, 0xB4, 0xB5, 0x33, 0xF8, 0x3F, 0x70, 0x7C, 0x57,
    0xF8, 0x08, 0x1A, 0xF7, 0xA4, 0xF4, 0x65, 0x27, 0x1F, 0x3C, 0x47, 0x4B, 0xFE, 0xB7, 0xC0, 0x5F,
    0xC6, 0xCB, 0x13, 0x7E, 0xF9, 0xC0, 0x39, 0x86, 0x7B, 0xAA, 0xD1, 0xA8, 0xA2, 0x87, 0xE9, 0xFD,
    0x60, 0x75, 0xF4, 0x93, 0xD9, 0x45, 0x3F, 0xFB, 0xAA, 0x44, 0x1F, 0x14, 0x25, 0xFE, 0x69, 0xB7,
    0xAC, 0x4E, 0xAA, 0x0F, 0x30, 0x01, 0x39, 0xFC, 0xB7, 0xC7, 0x84, 0x27, 0x03, 0x9F, 0x5D, 0x9C,
    0xC0, 0x14, 0x7D, 0x32, 0x1C, 0xA0, 0x2A, 0xB0, 0xD9, 0x0B, 0x1A, 0x07, 0x51, 0x95, 0x82, 0x25,
    0x08, 0x8A, 0x69, 0x13, 0x18, 0x93, 0x21, 0x4B, 0xFC, 0x0C, 0x45, 0xDD, 0xD3, 0xAA, 0x8E, 0xCE,
    0x6B, 0x6A, 0x3D, 0x08, 0x92, 0x4A, 0x13, 0x11, 0x65, 0x91, 0xB0, 0x46, 0x49, 0xC4, 0x89, 0x37,
    0xBA, 0x99, 0xFB, 0x49, 0xBE, 0x29, 0x31, 0x74, 0x94, 0x06, 0x0D, 0x18, 0x9D, 0x92, 0xD3, 0x10,
    0x9E, 0x5F, 0x3E, 0x46, 0x63, 0xEF, 0x75, 0x5B, 0x72, 0x37, 0xA5, 0xD9, 0x30, 0xF7, 0x71, 0x82,
    0x2D, 0x0C, 0x2A, 0x91, 0xC2, 0x8C, 0x93, 0x05, 0xDA, 0x41, 0x26, 0x27, 0xA8, 0xBA, 0x30, 0x47,
    0x5F, 0x69, 0xE7, 0xDD, 0x21, 0x63, 0xDB, 0x7D, 0x0C, 0xA3, 0xF7, 0xE5, 0xF7, 0x84, 0x2F, 0x46,
    0xA1, 0x4D, 0xC1, 0x72, 0x73, 0x1F, 0xA7, 0x8A, 0x1C, 0x83, 0x42, 0x2F, 0x7C, 0x93, 0xF0, 0x76,
    0xBE, 0x8F, 0xD9, 0x9E, 0x0F, 0xEE, 0x71, 0xBF, 0xC6, 0xA5, 0x37, 0x8C, 0xE1, 0x07, 0xCD, 0xD7,
    0x06, 0x92, 0x6D, 0xB7, 0xEC, 0x69, 0x14, 0x57, 0x9D, 0x0E, 0xB0, 0x33, 0xED, 0xA1, 0xDB, 0xBB,
    0x7F, 0xBE, 0xF4, 0x6D, 0xFA, 0x4A, 0x7F, 0x86, 0xEE, 0xF0, 0x16, 0x4C, 0xB2, 0x3D, 0x1E, 0xD7,
    0x68, 0xA7, 0xD1, 0xFC, 0xFA, 0x99, 0x78, 0x09, 0xB8, 0xA6, 0xD1, 0xA3, 0xC0, 0x75, 0x25, 0xE2,
    0x2E, 0x91, 0x9D, 0x0D, 0x73, 0x42, 0xE2, 0x77, 0x5E, 0x30, 0x46, 0x52, 0xDE, 0xEB, 0xF7, 0xA3,
    0xA3, 0x71, 0xC0, 0x76, 0x21, 0xFD, 0x26, 0xF1, 0xBF, 0x6E, 0x4A, 0xF4, 0xE7, 0xBD, 0xFE, 0x85,
    0x3D, 0x6E, 0xBC, 0x27, 0x4D, 0x11, 0x30, 0x7E, 0x12, 0x23, 0xAC, 0xD5, 0x94, 0xB7, 0x1C, 0x40,
    0x75, 0x17, 0xF7, 0x27, 0x2B, 0xBC, 0x93, 0x05, 0x1B, 0xC9, 0x68, 0x9D, 0xD0, 0x20, 0x27, 0x87,
    0x40, 0x6D, 0xB7, 0x80, 0x0A, 0x29, 0xF2, 0x40, 0xE1, 0x5D, 0xCC, 0x5A, 0x88, 0x78, 0x54, 0x13,
    0x74, 0x77, 0xB9, 0x5E, 0x86, 0x78, 0xD2, 0x66, 0x9F, 0xAD, 0x21, 0x4D, 0x58, 0x4B, 0x05, 0xA9,
    0x14, 0xC6, 0x27, 0x54, 0x62, 0xAF, 0x5F, 0x22, 0xE2, 0x75, 0x8A, 0x55, 0xB3, 0xA0, 0x8A, 0xF4,
    0xD3, 0x2B, 0x75, 0xC4, 0x93, 0x9B, 0xF4, 0x24, 0x18, 0x94, 0x32, 0x3A, 0x21, 0xF7, 0x88, 0x8E,
    0x0E, 0x6D, 0x32, 0xD9, 0xD2, 0x62, 0xB7, 0xC0, 0xBB, 0xE3, 0x64, 0x77, 0x3E, 0x00, 0xF8, 0xFE,
    0x17, 0x8D, 0x6F, 0x58, 0xB0, 0x80, 0xBB, 0x26, 0xBA, 0xC1, 0x67, 0x6B, 0xF4, 0x64, 0xE3, 0x47,
    0xC8, 0xAB, 0x2C, 0xEA, 0x56, 0x76, 0x4F, 0xE9, 0xDE, 0x56, 0xBF, 0x68, 0x9B, 0x30, 0x4C, 0x10,
    0x8B, 0x8B, 0x34, 0xED, 0xEA, 0x7B, 0x5C, 0x2D, 0x9D, 0xF1, 0x1C, 0xF1, 0x2B, 0xF4, 0x8B, 0x96,
    0x66, 0xC2, 0x7B, 0xE4, 0x1D, 0xEE, 0x2B, 0x82, 0x6B, 0x8D, 0x6A, 0x98, 0x56, 0x46, 0x13, 0x62,
    0xB7, 0xA2, 0x8D, 0x3C, 0x81, 0x03, 0x66, 0xA4, 0x65, 0x91, 0x01, 0x45, 0x47, 0x6F, 0x99, 0xC8,
    0xEE, 0xA5, 0xA8, 0x36, 0xD7, 0xF9, 0x97, 0x2C, 0xC3, 0xB9, 0x74, 0xCE, 0x7F, 0xC8, 0x68, 0x6E,
    0x8E, 0xB6, 0x4F, 0xF5, 0x9B, 0xC6, 0xBB, 0x63, 0xDC, 0x5A, 0xC6, 0x63, 0xFC, 0x7C, 0xAD, 0xFE,
    0xCA, 0x17, 0x4C, 0x13, 0x54, 0xD1, 0x9B, 0xC4, 0x00, 0xC0, 0x10, 0xED, 0x54, 0x97, 0x3B, 0xCF,
    0x81, 0x19, 0x7C, 0x84, 0x99, 0x9A, 0x83, 0x1E, 0x3D, 0xFB, 0x55, 0xCA, 0x4D, 0x5E, 0x72, 0xCF,
    0xAD, 0x5D, 0x04, 0x6E, 0x5E, 0xFA, 0x57, 0x9B, 0x68, 0x4F, 0x93, 0xD2, 0x8E, 0xDC, 0x86, 0x19,
    0xDB, 0x78, 0x46, 0xFA, 0xC6, 0x9B, 0xAF, 0x84, 0x68, 0xB3, 0x71, 0xF1, 0xB4, 0x6D, 0x2F, 0x5B,
    0x6B, 0x54, 0xF4, 0xFC, 0x3F, 0x25, 0xA0, 0xE3, 0x93, 0x89, 0x34, 0xBB, 0x32, 0x4D, 0xE0, 0xDF,
    0xFC, 0x40, 0x54, 0x07, 0xD1, 0x75, 0xDE, 0xC4, 0x7B, 0xEA, 0x94, 0x1A, 0xE6, 0x16, 0xAC, 0x85,
    0x5A, 0x06, 0x26, 0x0F, 0xC7, 0x2C, 0xAD, 0x90, 0x23, 0xA3, 0xCC, 0x51, 0x59, 0x16, 0xD8, 0xBD,
    0xA2, 0xD9, 0xD1, 0xC2, 0x24, 0xB8, 0x50, 0xC6, 0x7B, 0xAB, 0xD4, 0xC1, 0xC2, 0x66, 0xCB, 0xC2,
    0x6D, 0x31, 0xD7, 0x01, 0x97, 0x2E, 0x6A, 0xC3, 0x4B, 0x22, 0x9C, 0xCB, 0x99, 0xB7, 0x5E, 0x4C,
    0x60, 0xFE, 0xBF, 0x6B, 0x8E, 0x70, 0x49, 0x7C, 0xCE, 0xE0, 0x1F, 0x7E, 0x0C, 0x26, 0x1F, 0xB0,
    0xBB, 0x58, 0xC6, 0x4B, 0x26, 0x55, 0xF5, 0x6D, 0xEC, 0xAA, 0x90, 0x0B, 0x4C, 0x58, 0xB6, 0x1A,
    0xD4, 0x32, 0xE5, 0x89, 0x1B, 0x27, 0x75, 0x2E, 0x10, 0x70, 0x5B, 0x7B, 0xE7, 0xA1, 0x61, 0x4D,
    0x93, 0x28, 0x09, 0x12, 0x3F, 0x71, 0xE4, 0xC5, 0xAE, 0x0B, 0xE7, 0x7E, 0x43, 0x27, 0x88, 0xDE,
    0x0D, 0x50, 0x9C, 0xEB, 0xA0, 0xAB, 0xF4, 0x89, 0x1D, 0xF2, 0xAA, 0x73, 0x0A, 0xAF, 0xFA, 0xDF,
    0xD8, 0xC3, 0x39, 0x5C, 0xDD, 0xBA, 0x05, 0x78, 0x27, 0xF6, 0xBE, 0xED, 0xF4, 0x82, 0xC2, 0xA3,
    0xEE, 0x05, 0x88, 0x9F, 0xC8, 0x28, 0xB6, 0x92, 0xD2, 0x0C, 0x6A, 0x98, 0xD3, 0x38, 0x79, 0xBE,
    0x77, 0x33, 0xFF, 0xA2, 0x0E, 0x5A, 0x10, 0x64, 0xC1, 0x0C, 0x69, 0x46, 0x51, 0x41, 0x7B, 0x79,
    0x12, 0x3F, 0x5B, 0x46, 0x59, 0xAF, 0x8B, 0xFC, 0x4D, 0x68, 0x11, 0xE3, 0x4B, 0xFE, 0x26, 0xD1,
    0x55, 0x78, 0x58, 0x37, 0x37, 0xC7, 0xC3, 0x22, 0x4F, 0xF2, 0xAB, 0x5C, 0xA4, 0x16, 0x57, 0x42,
    0x60, 0xE1, 0x9D, 0xFF, 0xF2, 0x26, 0x6D, 0xC7, 0x33, 0x8B, 0x55, 0x11, 0x56, 0x96, 0x5B, 0x76,
    0x39, 0xC6, 0x38, 0xF1, 0xAF, 0x34, 0x41, 0x19, 0x7F, 0x68, 0xBC, 0xEB, 0x0D, 0xDD, 0x14, 0xE4,
    0x46, 0x4B, 0x6D, 0x9C, 0x9D, 0x51, 0x9B, 0x67, 0x28, 0xDC, 0xEC, 0x77, 0x3E, 0xF0, 0xC2, 0x6E,
    0x99, 0xF5, 0x64, 0xBF, 0xE5, 0xDE, 0x56, 0xFF, 0xC0, 0xEE, 0x13, 0x87, 0x28, 0xD8, 0xFB, 0xB4,
    0x2F, 0xC3, 0xF0, 0xBD, 0xF1, 0x26, 0x3A, 0x3D, 0x4E, 0xF1, 0xD5, 0x64, 0x2A, 0xD5, 0xE3, 0xA3,
    0x51, 0xFD, 0x2E, 0x57, 0x7B, 0x9F, 0x54, 0x92, 0xEE, 0x1C, 0xEB, 0x51, 0x7C, 0x49, 0xCE, 0x46,
    0xEF, 0x98, 0x38, 0x63, 0xB4, 0x22, 0x17, 0xAD, 0xCD, 0x07, 0xAB, 0xBF, 0xAC, 0x54, 0x85, 0xCC,
    0x0B, 0xAE, 0x60, 0x92, 0xB8, 0x44, 0x0E, 0xE6, 0x75, 0xD9, 0xD5, 0xED, 0xEF, 0xD8, 0x71, 0xA7,
    0xB3, 0xBF, 0x5F, 0x38, 0x12, 0x18, 0x12, 0xE8, 0xD1, 0xAD, 0x8C, 0x7F, 0x95, 0xA9, 0x45, 0x98,
    0x99, 0x10, 0x4D, 0x39, 0x1B, 0x0E, 0xD0, 0x7F, 0xE0, 0xCC, 0x68, 0x3E, 0x4C, 0x00, 0xFC, 0x3D,
    0x43, 0x7C, 0xA1, 0x0C, 0x20, 0x85, 0x74, 0x19, 0x02, 0xB8, 0x32, 0x67, 0xCA, 0x46, 0xE5, 0xF8,
    0xCD, 0x32, 0xD4, 0xC4, 0xF0, 0x5E, 0xAA, 0xA5, 0xEF, 0x07, 0x66, 0xC8, 0x1E, 0xA7, 0xEC, 0x72,
    0x6E, 0xBD, 0xEC, 0xE5, 0x5A, 0xB0, 0x22, 0xFA, 0xF4, 0xEF, 0x78, 0x1F, 0x69, 0x86, 0xFC, 0x46,
    0x9F, 0x64, 0x53, 0x5B, 0xDD, 0x2F, 0x9D, 0xB1, 0xC4, 0x36, 0xEB, 0x1E, 0x2A, 0xCC, 0xE2, 0x02,
    0xB9, 0x7A, 0xE1, 0xFE, 0xE8, 0x48, 0x19, 0x97, 0xC9, 0x04, 0x65, 0xCC, 0x4E, 0x85, 0x83, 0xD8,
    0x3C, 0x3E, 0xF6, 0x7E, 0xD0, 0x44, 0xB7, 0x2D, 0xDC, 0x72, 0xC9, 0xC7, 0x81, 0x5D, 0x5C, 0xF9,
    0xD5, 0x9F, 0xB0, 0x28, 0x2C, 0xFA, 0xA3, 0xF1, 0xE2, 0x60, 0x08, 0xEF, 0xD3, 0x49, 0x51, 0xBC,
    0x50, 0xDC, 0x8D, 0xD7, 0x38, 0x85, 0x6A, 0x5D, 0x54, 0x76, 0x05, 0x8C, 0x44, 0x36, 0xA4, 0xC8,
    0x86, 0xF8, 0x2F, 0x22, 0x2A, 0x49, 0xBD, 0xB6, 0x30, 0xA7, 0x60, 0x5C, 0x07, 0x64, 0x1C, 0xD9,
    0x9D, 0xC9, 0x64, 0x5B, 0x8A, 0x64, 0xAF, 0x55, 0x9A, 0x30, 0x4F, 0x1E, 0xAD, 0x01, 0x55, 0xB4,
    0x6C, 0x77, 0xF6, 0xFF, 0x03, 0xC1, 0xF4, 0xCB, 0xB5, 0xBD, 0x4C, 0x8F, 0x48, 0x6D, 0x8E, 0x8B,
    0xBC, 0x60, 0xCA, 0x57, 0xAD, 0x2E, 0x82, 0xDD, 0xD2, 0xA6, 0xC4, 0xAB, 0x8D, 0x03, 0x19, 0xFC,
    0x32, 0xDE, 0x80, 0x2B, 0x39, 0xBB, 0x6D, 0xAD, 0xBD, 0x74, 0xEC, 0x8E, 0x96, 0x14, 0x14, 0x44,
    0x99, 0x3D, 0x6E, 0x16, 0x17, 0xE2, 0x9E, 0x07, 0x0A, 0x4E, 0xE9, 0x37, 0x2E, 0xA0, 0x43, 0x65,
    0x6E, 0xEB, 0xC9, 0xF0, 0x0C, 0x2D, 0xB6, 0x83, 0xCE, 0xFB, 0xD0, 0xA2, 0xEE, 0xD3, 0xB4, 0x5A,
    0x0C, 0x34, 0x70, 0xB2, 0xBE, 0x6B, 0xC7, 0xFB, 0x4A, 0xCA, 0x2B, 0x3E, 0x1E, 0xFD, 0x07, 0xBD,
    0x5A, 0x4F, 0x8C, 0x15, 0x47, 0x7E, 0xFE, 0x75, 0x37, 0x4C, 0x7B, 0x69, 0xCF, 0x14, 0x52, 0xEC,
    0x3D, 0x98, 0x81, 0xCE, 0x21, 0x07, 0xE2, 0x05, 0x9A, 0x03, 0x52, 0x26, 0x12, 0xD0, 0xCD, 0x72,
    0xC8, 0xC1, 0x8A, 0xF0, 0x81, 0x67, 0x1F, 0x38, 0xB0, 0x87, 0x1C, 0xAC, 0xC8, 0xD9, 0xE1, 0xC0,
    0x01, 0x45, 0xB0, 0xDD, 0x0E, 0x87, 0x3D, 0xF8, 0x60, 0xA4, 0xC8, 0x5A, 0x29, 0xB9, 0x20, 0xC5,
    0x8A, 0xB4, 0x70, 0x98, 0x91, 0xE5, 0x48, 0x44, 0xC2, 0xD3, 0x0D, 0x1C, 0x90, 0x82, 0x22, 0xF7,
    0x82, 0x46, 0x3E, 0x44, 0x8A, 0xDB, 0xBB, 0xC6, 0x56, 0xB0, 0xA2, 0x6D, 0x4C, 0xB3, 0xBC, 0x19,
    0xBA, 0xBB, 0xF2, 0x7D, 0xD5, 0xEF, 0xCD, 0xBC, 0x19, 0x86, 0x99, 0x61, 0x81, 0x3C, 0x78, 0x35,
    0xFD, 0xAA, 0xAB, 0xAB, 0xBE, 0xFA, 0xD5, 0xEF, 0xCF, 0xF7, 0xAB, 0x6A, 0x11, 0xF3, 0x09, 0x75,
    0x26, 0x62, 0xF5, 0x8E, 0xCB, 0xF0, 0xB3, 0x95, 0x85, 0x5D, 0x9B, 0x7B, 0xB8, 0x25, 0x6E, 0xCB,
    0xCB, 0xB4, 0x44, 0x31, 0xA1, 0x13, 0xDC, 0xBA, 0xC9, 0x7B, 0x53, 0x61, 0x8E, 0x5B, 0x3F, 0xD5,
    0xB8, 0x2C, 0x15, 0xEE, 0x4D, 0x48, 0x9A, 0x88, 0x7D, 0xEF, 0x72, 0xCD, 0x1E, 0x75, 0x2E, 0x6E,
    0x64, 0xE1, 0x5E, 0x29, 0xAA, 0x92, 0x9D, 0x78, 0x3A, 0xB1, 0x33, 0x71, 0x6A, 0x39, 0x8B, 0xBB,
    0x45, 0xD8, 0x97, 0x00, 0x2D, 0x44, 0x1C, 0x5D, 0xCA, 0xC8, 0xC0, 0x22, 0xD3, 0x95, 0x3C, 0x4C,
    0xA3, 0x5A, 0x95, 0xBB, 0xD1, 0x16, 0xCF, 0x7B, 0x3A, 0x0B, 0x3E, 0x2A, 0x83, 0x1B, 0xA8, 0xD1,
    0x4E, 0x93, 0x66, 0xE9, 0xF7, 0xDA, 0x2B, 0xE6, 0x44, 0xBC, 0x68, 0x16, 0xAD, 0x75, 0x1F, 0x85,
    0xDF, 0x5F, 0x7A, 0xFA, 0x35, 0x16, 0x3E, 0x21, 0x7B, 0x95, 0xE9, 0x9D, 0xF3, 0x30, 0x03, 0x3D,
    0x26, 0xE2, 0xD3, 0xFC, 0x7D, 0x30, 0x28, 0x80, 0xD5, 0xC5, 0x6F, 0x4F, 0x30, 0x19, 0x27, 0xF3,
    0x4B, 0xB1, 0x16, 0x2F, 0x37, 0xE8, 0x4D, 0x43, 0x10, 0x53, 0x82, 0xB9, 0xEC, 0x11, 0xA7, 0x15,
    0x25, 0x12, 0x67, 0x6E, 0x24, 0xAA, 0xEF, 0x64, 0xE8, 0x45, 0x11, 0x4C, 0x3D, 0x69, 0x65, 0xCE,
    0x07, 0x85, 0x68, 0x33, 0xAD, 0xC1, 0x27, 0xA8, 0x64, 0x41, 0x13, 0xF3, 0x21, 0x60, 0x16, 0x2D,
    0xAE, 0xCE, 0xFC, 0x2F, 0xD6, 0xC0, 0x2C, 0x6F, 0xB0, 0xB5, 0x63, 0xE0, 0xC6, 0x06, 0x64, 0xC3,
    0x4B, 0x4D, 0xB9, 0xEE, 0xD5, 0x11, 0x6E, 0xDD, 0xE2, 0xBD, 0xD3, 0xBC, 0xA7, 0x1C, 0xCA, 0xBC,
    0x00, 0x36, 0x80, 0xC1, 0x3D, 0xE7, 0xDE, 0x0C, 0xFA, 0x8E, 0x29, 0x57, 0x45, 0x70, 0x52, 0x88,
    0x4F, 0x9C, 0x98, 0x02, 0xD0, 0x79, 0xB5, 0x5C, 0xC1, 0xDD, 0x22, 0xAE, 0x20, 0x7A, 0x4E, 0x77,
    0xDC, 0xAC, 0x20, 0xC7, 0x90, 0x03, 0x2C, 0x3C, 0x03, 0x94, 0x03, 0x89, 0xFA, 0x27, 0xB3, 0xAE,
    0xD1, 0x98, 0x8E, 0xD4, 0x89, 0x4A, 0x65, 0xDA, 0x4E, 0xB0, 0xC8, 0xE8, 0x2C, 0xAD, 0xED, 0xBE,
    0xB6, 0xEB, 0x30, 0xD3, 0xAA, 0x0C, 0xFF, 0xAB, 0xF6, 0x74, 0x5C, 0xCD, 0xA1, 0x63, 0x0E, 0x82,
    0xFF, 0xBB, 0x84, 0x02, 0xC1, 0x58, 0xB2, 0x70, 0x51, 0x14, 0xC6, 0x18, 0xBB, 0x88, 0xD5, 0x87,
    0x0C, 0x1C, 0xF6, 0x5A, 0x74, 0x92, 0xB0, 0x52, 0x9D, 0xB9, 0x0B, 0xD3, 0x25, 0xEE, 0x9F, 0xC5,
    0x57, 0xBD, 0x85, 0xFA, 0xDF, 0xA1, 0xCD, 0x9B, 0x94, 0xBE, 0x1E, 0xA8, 0x13, 0x75, 0xC5, 0x31,
    0x15, 0x98, 0x32, 0x17, 0x83, 0x6B, 0xF1, 0x0A, 0x7E, 0x6C, 0x03, 0x08, 0xE7, 0x03, 0x1D, 0xD9,
    0xB9, 0x6A, 0xDF, 0xA9, 0xE4, 0x27, 0xFA, 0x13, 0xB1, 0x3E, 0x11, 0xA7, 0x12, 0x17, 0x5D, 0x45,
    0xDD, 0x9C, 0x8C, 0x22, 0x16, 0xDE, 0x77, 0x75, 0x70, 0xA4, 0x1F, 0xE3, 0xD2, 0x74, 0xCB, 0xFF,
    0x09, 0xAA, 0x5F, 0x09, 0x75, 0xE5, 0xEB, 0xDC, 0x86, 0x78, 0xF0, 0x60, 0x37, 0x40, 0x8B, 0xE1,
    0x2B, 0xB5, 0x04, 0x2F, 0x19, 0xC0, 0xBB, 0x4A, 0x78, 0x5E, 0x21, 0xD6, 0x9D, 0x4D, 0xC1, 0xDB,
    0x32, 0x80, 0xE7, 0x1E, 0xD1, 0x91, 0x03, 0x78, 0xEF, 0x96, 0x50, 0xE0, 0x8B, 0xF2, 0xE7, 0x44,
    0x60, 0xE9, 0xCC, 0xB9, 0x9D, 0x7B, 0x32, 0xFB, 0x0C, 0xF0, 0xE4, 0x9C, 0x74, 0x23, 0x99, 0x61,
    0xDD, 0x7C, 0xF0, 0xE8, 0x4F, 0xA0, 0xD0, 0xF1, 0xC7, 0x69, 0x16, 0x44, 0x52, 0x7B, 0xB9, 0x38,
    0xD7, 0xA1, 0x0F, 0x7B, 0x43, 0xE0, 0xF8, 0x72, 0xD8, 0x54, 0xAD, 0xBC, 0xC0, 0x2D, 0xAF, 0x3F,
    0x50, 0xA7, 0x3F, 0x41, 0xBF, 0xE3, 0xD0, 0x4A, 0x2B, 0x8F, 0x73, 0x39, 0x28, 0xE9, 0xDD, 0xE9,
    0x4C, 0xA6, 0xF5, 0x05, 0x0E, 0xD5, 0x81, 0x38, 0xF7, 0x2C, 0x02, 0x7C, 0xCD, 0x4A, 0xC4, 0xBD,
    0x5D, 0x74, 0x66, 0x6F, 0x06, 0x7B, 0x09, 0x02, 0xDC, 0x2A, 0x7F, 0xEA, 0x26, 0x85, 0xFD, 0x28,
    0x63, 0xDB, 0xF8, 0x59, 0xE0, 0xED, 0xB2, 0xD1, 0xB1, 0x4F, 0x49, 0xFA, 0xC5, 0xB2, 0xF7, 0x70,
    0xB4, 0x6E, 0x23, 0xD1, 0x97, 0x75, 0x0E, 0x00, 0x71, 0x01, 0x24, 0xF0, 0x35, 0x19, 0x50, 0xA1,
    0x87, 0xF4, 0x3C, 0x1D, 0x0A, 0xAA, 0x1C, 0xA8, 0x38, 0x40, 0xA2, 0x2A, 0xBC, 0x41, 0x7B, 0x45,
    0x95, 0xDB, 0x47, 0x55, 0xC0, 0x56, 0x2D, 0x1E, 0xF4, 0xE8, 0xCE, 0x52, 0x09, 0xE7, 0xA7, 0x0B,
    0x4F, 0xEB, 0x6F, 0xD8, 0xF1, 0x8E, 0x1B, 0xE8, 0xAA, 0x3E, 0x04, 0x41, 0xDF, 0xA4, 0x17, 0x3B,
    0x8D, 0x67, 0xFF, 0x63, 0x30, 0x4B, 0x3C, 0x09, 0xBF, 0x20, 0xDE, 0x5D, 0x9D, 0xD9, 0x7D, 0x4C,
    0x35, 0x44, 0x8D, 0x57, 0xE2, 0x96, 0xC6, 0x85, 0x1A, 0x5E, 0x78, 0x7D, 0x22, 0xCA, 0xE3, 0xCC,
    0x86, 0x97, 0x89, 0xDC, 0x66, 0x5F, 0x64, 0x00, 0xDB, 0x1D, 0xE0, 0x5E, 0x4A, 0xC0, 0x01, 0x01,
    0x07, 0x4B, 0x80, 0xE3, 0xF3, 0x03, 0x74, 0x0E, 0x1D, 0x93, 0x7A, 0xA8, 0x7B, 0x1D, 0xE0, 0x76,
    0x1D, 0xC0, 0xF9, 0x10, 0xF0, 0x8F, 0x31, 0x45, 0xDC, 0x85, 0xFD, 0x6E, 0x9B, 0x59, 0x84, 0x53,
    0x30, 0x8E, 0x89, 0x80, 0x03, 0x5D, 0x12, 0xEA, 0x9C, 0xA5, 0x1D, 0x60, 0x0B, 0x32, 0x0A, 0x82,
    0xDD, 0x6A, 0x42, 0x25, 0x02, 0x82, 0x4C, 0xE1, 0x67, 0xE2, 0xDB, 0xDF, 0x2C, 0x87, 0x87, 0xAD,
    0xBD, 0xB7, 0x87, 0x32, 0xDE, 0x1D, 0x00, 0x0E, 0x20, 0x9F, 0xC8, 0x00, 0xA1, 0xC2, 0xC0, 0xE3,
    0xE8, 0xD5, 0x4E, 0xB4, 0x9C, 0x02, 0xEC, 0x3D, 0x10, 0xAC, 0x47, 0xC0, 0x58, 0xD1, 0xDE, 0xEC,
    0xA0, 0xC2, 0x35, 0x82, 0x42, 0x0B, 0xD9, 0x8F, 0x47, 0x0E, 0xE2, 0x11, 0xDF, 0x69, 0x7A, 0x27,
    0x3F, 0xD4, 0xDA, 0xF8, 0xAA, 0x53, 0x66, 0x8C, 0xD1, 0x30, 0x10, 0x7C, 0xE3, 0xFC, 0xA1, 0x0A,
    0x8F, 0xDE, 0xAF, 0xBD, 0xAF, 0xB4, 0x4E, 0xE7, 0x8F, 0x6B, 0x7A, 0x3C, 0xAF, 0x95, 0x63, 0xBA,
    0xC1, 0xF2, 0x53, 0xE1, 0x0B, 0x58, 0xB4, 0x0F, 0x9D, 0xB1, 0x74, 0xB4, 0x84, 0x2B, 0x34, 0xB8,
    0x2E, 0xCD, 0x0C, 0x71, 0xED, 0x7C, 0x5E, 0x5C, 0xAF, 0xC8, 0xF6, 0x71, 0x39, 0xE5, 0x1D, 0x29,
    0x1C, 0x9D, 0x2D, 0x0D, 0x64, 0xE9, 0x44, 0x7D, 0x59, 0x86, 0xD4, 0xCE, 0x5A, 0xEB, 0x46, 0xF7,
    0x8E, 0x0F, 0xB5, 0x73, 0x2B, 0xA4, 0xAC, 0x74, 0xC9, 0x96, 0x34, 0x68, 0x67, 0x68, 0x13, 0x7E,
    0xB4, 0xA1, 0xD8, 0x26, 0x57, 0xC3, 0x9B, 0xDC, 0x8C, 0xD8, 0x9E, 0x30, 0xEC, 0x4D, 0x61, 0x5B,
    0x07, 0x0A, 0x74, 0x3C, 0x3B, 0x88, 0x91, 0xD5, 0x10, 0xCA, 0x48, 0xC5, 0x3A, 0x50, 0xB6, 0x61,
    0x05, 0x5D, 0x5A, 0x5F, 0x34, 0x88, 0x39, 0xF4, 0x16, 0xE1, 0xFB, 0x26, 0xD4, 0x0D, 0x20, 0xFD,
    0xB4, 0x1F, 0x5B, 0xAB, 0x20, 0x6D, 0x31, 0x90, 0x2A, 0x4B, 0xC3, 0x6F, 0xC2, 0xD5, 0xC1, 0xDB,
    0x44, 0x8C, 0x30, 0xCA, 0x44, 0x28, 0x38, 0xFD, 0xCA, 0x17, 0xA3, 0xC2, 0x46, 0x86, 0x2F, 0x71,
    0x89, 0xB9, 0xBE, 0xDF, 0x9B, 0xF5, 0x9D, 0x7B, 0x26, 0x31, 0x32, 0xC0, 0x28, 0xFA, 0xDE, 0x16,
    0x85, 0x97, 0x7C, 0x36, 0x78, 0x78, 0x07, 0x4C, 0xCD, 0x7D, 0x38, 0x5D, 0x4A, 0x23, 0x6E, 0xA6,
    0x60, 0x85, 0xEC, 0x76, 0x1C, 0xF3, 0x81, 0xD8, 0xB3, 0xC1, 0x6C, 0x8C, 0x6A, 0x18, 0x9F, 0x0A,
    0x50, 0x97, 0x2E, 0xA1, 0xB7, 0xF4, 0xB7, 0x70, 0x65, 0x1A, 0xDE, 0xC3, 0xA9, 0xD1, 0xA7, 0x2A,
    0x7D, 0x04, 0xF2, 0x0C, 0xC4, 0x46, 0x43, 0x04, 0x69, 0x23, 0x63, 0x7A, 0x31, 0xE2, 0x93, 0x60,
    0x1A, 0xC0, 0x2A, 0x9F, 0xED, 0x94, 0x2D, 0xB2, 0x9D, 0xA3, 0x8D, 0xE9, 0xCB, 0x3F, 0x34, 0xB1,
    0x4E, 0xAD, 0xF6, 0xAB, 0x92, 0x96, 0xAC, 0xBD, 0x4A, 0x15, 0xC1, 0x75, 0xB8, 0x1A, 0xC3, 0x5F,
    0x18, 0x9B, 0xC3, 0x7B, 0x17, 0x20, 0x94, 0x52, 0x69, 0x9D, 0xFC, 0xBD, 0xAE, 0xCF, 0x49, 0xF0,
    0x45, 0x26, 0xFD, 0x46, 0x7C, 0x77, 0xE1, 0x44, 0xE6, 0x21, 0x3C, 0x80, 0x34, 0x81, 0xD2, 0x9D,
    0xF1, 0x86, 0x74, 0x0A, 0x24, 0xEE, 0x25, 0xCF, 0x64, 0x5C, 0x7E, 0xC6, 0x29, 0xC0, 0xAA, 0x48,
    0x3B, 0x06, 0x9F, 0x17, 0x31, 0x13, 0x63, 0x08, 0xCB, 0x90, 0xFC, 0xE8, 0x8F, 0x9D, 0xC9, 0xDF,
    0x6E, 0x76, 0x4D, 0xCE, 0x75, 0xCF, 0xE8, 0x91, 0x18, 0xFE, 0x62, 0x66, 0x62, 0x3E, 0x57, 0xC9,
    0xDC, 0xB8, 0x1C, 0x87, 0x65, 0x68, 0x07, 0x74, 0xC3, 0xD3, 0x60, 0x8C, 0xFE, 0x7C, 0x9A, 0x61,
    0x02, 0x3E, 0xC2, 0x8D, 0x1C, 0xB4, 0xB1, 0x6E, 0x07, 0xC8, 0xC9, 0x2E, 0xA6, 0xAB, 0x67, 0xC2,
    0xC7, 0xAC, 0x4B, 0x60, 0xB7, 0xB6, 0xFE, 0xB0, 0x8F, 0x5B, 0x10, 0x38, 0xD8, 0x5D, 0x81, 0x5B,
    0x20, 0x09, 0x1A, 0x31, 0x12, 0xAD, 0xC3, 0x56, 0x57, 0x90, 0xD1, 0xFF, 0x00, 0x3A, 0x9E, 0x46,
    0x37, 0x10, 0x8C, 0x42, 0x54, 0x85, 0x90, 0xAC, 0x4E, 0x84, 0xD3, 0x8B, 0x69, 0xF0, 0xA5, 0x7E,
    0x5C, 0xFA, 0xFF, 0xAB, 0x19, 0x28, 0x54, 0x99, 0x46, 0xAD, 0x8D, 0xE0, 0xE1, 0xEA, 0x82, 0xC6,
    0x0E, 0x0C, 0x4E, 0xFB, 0x6B, 0xB2, 0x7E, 0x70, 0xE8, 0xBE, 0x3B, 0xA3, 0x6F, 0xE6, 0x76, 0x5D,
    0x8B, 0xFA, 0x28, 0xB7, 0xCA, 0xF8, 0xE3, 0xAB, 0x92, 0x2E, 0x0C, 0xF5, 0x6A, 0x8E, 0x1A, 0x76,
    0xC5, 0x4B, 0x46, 0x18, 0x3F, 0xC2, 0x0B, 0x4C, 0x8A, 0xD1, 0x38, 0x33, 0x71, 0xD9, 0x44, 0xE8,
    0x8E, 0x48, 0xAF, 0xAE, 0xD4, 0x9D, 0xF9, 0x5F, 0x4A, 0x37, 0x6C, 0x69, 0x22, 0xA7, 0x2E, 0x1D,
    0x2C, 0xFC, 0x18, 0xC4, 0x49, 0xAE, 0x1E, 0x7E, 0xBE, 0x44, 0x04, 0xAD, 0xD9, 0x8E, 0xD6, 0xC4,
    0x03, 0x6A, 0xB3, 0xF2, 0x9B, 0x46, 0xEA, 0x91, 0xCE, 0xB1, 0x36, 0x08, 0x86, 0x7E, 0xA9, 0xD6,
    0xF9, 0x17, 0x37, 0x71, 0x93, 0x22, 0x7C, 0xEA, 0xF3, 0x4B, 0x20, 0xAE, 0xA7, 0xF7, 0x2E, 0xCD,
    0x2C, 0x12, 0xA8, 0xBE, 0xB1, 0x1A, 0x19, 0xEA, 0x6A, 0x78, 0x9F, 0xDE, 0xDA, 0x70, 0x57, 0x57,
    0x76, 0x72, 0x21, 0xD4, 0x78, 0x04, 0x2A, 0xB4, 0x46, 0x66, 0x16, 0x2F, 0xAE, 0x86, 0x5A, 0x6E,
    0x04, 0x35, 0x6C, 0x43, 0x24, 0x1B, 0x4E, 0xF5, 0xA9, 0xAE, 0xBE, 0xAE, 0x3B, 0xE6, 0xD1, 0x57,
    0x4F, 0xB0, 0x94, 0x27, 0x2F, 0x74, 0xAB, 0x8E, 0xDC, 0xEA, 0xFF, 0xCB, 0xC9, 0x2A, 0xEB, 0xB2,
    0xAC, 0x1D, 0x59, 0x5A, 0x7A, 0x6B, 0x34, 0x76, 0xE9, 0x4F, 0x21, 0xEE, 0xD7, 0x7B, 0xD1, 0xA0,
    0x77, 0x2A, 0x56, 0xB6, 0x89, 0x82, 0xF4, 0xC2, 0xD1, 0x0F, 0xCD, 0x73, 0x3B, 0x6E, 0x69, 0x0F,
    0x59, 0x13, 0x86, 0x75, 0x86, 0x7F, 0xD2, 0x7A, 0x76, 0x22, 0xAE, 0x7D, 0x93, 0x6C, 0xA5, 0xAD,
    0x2A, 0xD7, 0xFF, 0xA7, 0xDB, 0xFD, 0xD6, 0x17, 0xD6, 0x6F, 0x74, 0x39, 0x70, 0x2C, 0xEB, 0xC0,
    0x0D, 0x75, 0xB2, 0xC1, 0xDC, 0x79, 0xA1, 0x74, 0x31, 0x8E, 0xEC, 0xC9, 0x89, 0x10, 0xD8, 0x4A,
    0x39, 0xFC, 0x9E, 0xC9, 0x46, 0x38, 0xD2, 0xD0, 0xDE, 0xC7, 0xCA, 0xB4, 0x0C, 0x9E, 0xD4, 0x8C,
    0xDA, 0x89, 0x3C, 0xA4, 0xBD, 0x7B, 0x40, 0xC4, 0x0F, 0xFF, 0x8D, 0xCA, 0x97, 0x9F, 0xE9, 0xF5,
    0xA6, 0xFB, 0xEB, 0xCF, 0x21, 0x6D, 0x9F, 0xD2, 0x67, 0x43, 0x5D, 0x06, 0x36, 0x84, 0x00, 0x27,
    0x3F, 0xCB, 0xC1, 0xDF, 0xBC, 0x84, 0x34, 0xEE, 0x82, 0x18, 0xA5, 0x91, 0x4E, 0x8B, 0xD6, 0xFB,
    0x91, 0x88, 0xCA, 0x26, 0xDC, 0x82, 0x56, 0x0B, 0x6B, 0x74, 0x2A, 0x5B, 0x5B, 0x8F, 0x8A, 0x72,
    0xEF, 0x76, 0x5A, 0xF9, 0xD3, 0x24, 0x35, 0xBC, 0xE8, 0x5B, 0x35, 0xFC, 0xD1, 0x99, 0x2E, 0x9D,
    0x84, 0x19, 0x86, 0x5C, 0x60, 0xBB, 0xA4, 0x7B, 0x21, 0x4B, 0xB0, 0xE8, 0x57, 0x2C, 0x0E, 0x65,
    0x51, 0x4B, 0x59, 0x84, 0xD7, 0xE8, 0x47, 0x34, 0x69, 0x67, 0x4B, 0x6B, 0xD3, 0x60, 0x70, 0x68,
    0x99, 0x16, 0xD4, 0xF0, 0x86, 0xA0, 0x18, 0xAA, 0xC5, 0xA7, 0x12, 0x30, 0xE4, 0xA2, 0x9B, 0x7E,
    0xA0, 0xB3, 0x2E, 0x81, 0x1D, 0xFA, 0x3A, 0x31, 0x5B, 0x0F, 0xC6, 0x4B, 0xDB, 0x66, 0x49, 0x4D,
    0x9C, 0x5D, 0x4A, 0xBD, 0x87, 0x96, 0x1C, 0xAE, 0x69, 0xC9, 0x01, 0x24, 0xED, 0xA1, 0xE3, 0x5D,
    0xB8, 0x3E, 0x2D, 0xEA, 0x07, 0x60, 0x44, 0x88, 0x53, 0x8F, 0xE0, 0x9A, 0x7E, 0xD0, 0x4C, 0x01,
    0x70, 0x2F, 0xCC, 0x69, 0x3A, 0x71, 0x1D, 0xB6, 0x5D, 0x87, 0xCC, 0xA8, 0xE0, 0xFB, 0x3C, 0x74,
    0xC0, 0x49, 0xD8, 0x00, 0xA3, 0x3A, 0x27, 0xF8, 0xE3, 0xD2, 0xEF, 0xA7, 0xA5, 0x9B, 0xF8, 0xA6,
    0xBF, 0x33, 0xA2, 0xEE, 0x0F, 0xFB, 0x6B, 0x70, 0xCD, 0xFE, 0xD2, 0x8C, 0xBE, 0x15, 0xB3, 0xAB,
    0xE2, 0x06, 0xFD, 0xC5, 0x09, 0xF3, 0x6C, 0xE1, 0xEE, 0xC7, 0xA8, 0xB7, 0x5B, 0x2B, 0x53, 0xDA,
    0xA8, 0x82, 0x4C, 0x7F, 0x16, 0x15, 0x53, 0xA8, 0x38, 0x0C, 0x1F, 0x32, 0xFD, 0x96, 0xD9, 0xAC,
    0x40, 0xA5, 0xBC, 0x19, 0x05, 0x89, 0x4A, 0x3C, 0x62, 0x7C, 0xDF, 0xD3, 0x48, 0x46, 0x37, 0x34,
    0x6B, 0x4B, 0x57, 0x5A, 0x6F, 0x76, 0xE4, 0xD1, 0x0A, 0x87, 0x4B, 0x4E, 0x28, 0xCC, 0x51, 0xFA,
    0xEA, 0x61, 0xEF, 0x73, 0xC3, 0x24, 0x0D, 0xEB, 0xE3, 0x9E, 0x11, 0x83, 0x86, 0xD9, 0x36, 0x0A,
    0xC4, 0x10, 0x39, 0x99, 0x58, 0x5A, 0xA6, 0xB4, 0x8C, 0x37, 0x30, 0x5D, 0xA8, 0x37, 0xA4, 0xAF,
    0x0A, 0x0F, 0x6A, 0x64, 0xE7, 0x94, 0x79, 0xDA, 0x3A, 0xC6, 0x68, 0xB0, 0x88, 0x19, 0xB9, 0x9D,
    0x2A, 0x27, 0xD6, 0x58, 0xE4, 0x15, 0xDF, 0x31, 0xB2, 0x59, 0x7C, 0xF7, 0xE2, 0x7B, 0x16, 0x00,
    0x6B, 0x64, 0x32, 0x74, 0x5C, 0x67, 0xC6, 0x4A, 0x38, 0xE4, 0xDB, 0xDA, 0x47, 0xEE, 0xA6, 0x7E,
    0xA0, 0x97, 0xD5, 0x9C, 0x1D, 0x75, 0xEE, 0x29, 0x97, 0x74, 0x68, 0x69, 0xFB, 0x74, 0xA1, 0xF8,
    0x11, 0xC5, 0x49, 0x81, 0xA2, 0xE2, 0xDC, 0x5A, 0x52, 0xB2, 0xCA, 0x51, 0x29, 0x19, 0x6E, 0x6C,
    0xCD, 0xDA, 0x1A, 0x3D, 0xAF, 0x3D, 0xB4, 0x7F, 0xB4, 0xD6, 0xEA, 0x41, 0x1D, 0xDE, 0xCC, 0x57,
    0xA1, 0x58, 0x7B, 0xAD, 0xB6, 0xA0, 0xC2, 0xA7, 0x42, 0x81, 0x36, 0x37, 0x5D, 0x0B, 0x8F, 0x2D,
    0x53, 0xB4, 0x38, 0x36, 0x82, 0xA2, 0x30, 0x5C, 0xF9, 0x61, 0xEF, 0xAA, 0x3F, 0x5C, 0xAB, 0x55,
    0xAB, 0x71, 0x5F, 0x3D, 0x56, 0x8D, 0xAA, 0x7C, 0x38, 0x9D, 0xAF, 0x56, 0xAC, 0x86, 0x59, 0x4A,
    0x87, 0xE9, 0xB5, 0x17, 0xAD, 0x50, 0x61, 0x0C, 0xE4, 0x82, 0x0F, 0x23, 0xBC, 0xE6, 0x28, 0x7E,
    0x5F, 0xA2, 0xF8, 0xA2, 0x46, 0x71, 0xB3, 0x45, 0x71, 0x1D, 0x79, 0x84, 0x93, 0xE9, 0x0C, 0x45,
    0x5C, 0xA0, 0x08, 0x2A, 0x14, 0xAA, 0x46, 0xE1, 0xB6, 0x28, 0x6C, 0x44, 0x65, 0x4C, 0x96, 0x45,
    0xC8, 0x22, 0x28, 0x5D, 0xFA, 0xA8, 0xB0, 0x36, 0xC4, 0x88, 0x26, 0x43, 0x1A, 0x8E, 0x35, 0xB3,
    0xF2, 0x25, 0xFA, 0x61, 0xE7, 0x69, 0x94, 0x7E, 0x87, 0x94, 0x74, 0x13, 0x31, 0x39, 0xAD, 0x61,
    0x7B, 0x4F, 0x47, 0xD8, 0xAC, 0x8B, 0xD0, 0x59, 0x0B, 0xA1, 0x3F, 0x40, 0xD8, 0xEF, 0xB6, 0xBA,
    0x96, 0x36, 0x48, 0xC3, 0x64, 0xE8, 0x99, 0xBC, 0x6C, 0x28, 0xA3, 0x43, 0x83, 0x06, 0xCF, 0x8A,
    0x78, 0x23, 0xDF, 0x03, 0x5A, 0x76, 0x85, 0x1A, 0x50, 0x0C, 0xC7, 0xFD, 0x7F, 0x58, 0x0C, 0xE6,
    0xD8, 0x67, 0x0F, 0x62, 0x88, 0x7E, 0xA7, 0x72, 0x63, 0xC9, 0xF3, 0x2C, 0x46, 0x46, 0x84, 0x05,
    0x11, 0x56, 0x43, 0x84, 0x37, 0x08, 0xEE, 0x9A, 0x4E, 0x30, 0x72, 0x9A, 0xA3, 0x08, 0x4B, 0x14,
    0x3E, 0xC1, 0x79, 0x04, 0xE7, 0x2C, 0x83, 0x8B, 0x3B, 0x70, 0x0E, 0xC1, 0xA1, 0x70, 0xE0, 0xD9,
    0x8D, 0x84, 0x06, 0x5B, 0x9A, 0xCB, 0x45, 0xC1, 0x9D, 0x53, 0x8A, 0x8D, 0xDB, 0xD4, 0x6E, 0x43,
    0xB0, 0x6F, 0xB5, 0xA0, 0x69, 0xC0, 0xAA, 0x2D, 0xC3, 0x5C, 0x07, 0x04, 0x76, 0xC5, 0x9F, 0xC7,
    0x9A, 0x4E, 0x6D, 0x40, 0xE4, 0xE1, 0xC4, 0x10, 0xEA, 0xE8, 0xC2, 0xDC, 0x84, 0x99, 0xE9, 0x4A,
    0xD7, 0xDD, 0xEB, 0x0D, 0x7E, 0x91, 0xA6, 0xDB, 0x0B, 0xC8, 0x29, 0x42, 0xF1, 0x2A, 0xB0, 0x02,
    0xAF, 0x0C, 0x10, 0x5E, 0x0B, 0xAC, 0x64, 0x70, 0x8B, 0x8A, 0x4C, 0x33, 0x34, 0x5E, 0x96, 0x5B,
    0x2F, 0x8A, 0x7B, 0xBC, 0x9D, 0xEB, 0x4F, 0x23, 0x71, 0x16, 0xE0, 0x57, 0x7C, 0xD2, 0xC3, 0x39,
    0x64, 0xC8, 0x6E, 0xE9, 0xF6, 0x25, 0x46, 0x8C, 0x3C, 0x81, 0x81, 0xD3, 0xC1, 0x5E, 0x36, 0x1E,
    0x7A, 0xBD, 0x37, 0xB2, 0xCC, 0x3B, 0x1A, 0x09, 0xFE, 0xB9, 0x0C, 0x13, 0xED, 0x67, 0xFE, 0x57,
    0x86, 0xD6, 0x32, 0x04, 0xC3, 0xD7, 0x7F, 0x8F, 0xB1, 0x5B, 0xBB, 0xAF, 0xBE, 0x45, 0x1F, 0xDF,
    0x30, 0x97, 0x43, 0xD0, 0x3C, 0x4D, 0x55, 0xE4, 0xB0, 0xCB, 0xB9, 0x5C, 0xD0, 0x46, 0xE2, 0xDD,
    0x05, 0xA6, 0x5A, 0x82, 0x1C, 0x99, 0x42, 0x90, 0xC1, 0xCA, 0xC2, 0xF3, 0x88, 0xA3, 0x29, 0x34,
    0xD8, 0x6A, 0xD7, 0x00, 0x6A, 0xE2, 0x36, 0xA6, 0xA3, 0xBE, 0x03, 0xA6, 0x18, 0xC2, 0xC1, 0x28,
    0x85, 0x60, 0xFC, 0x02, 0xE2, 0x51, 0x0B, 0xD3, 0x09, 0x12, 0x9D, 0x02, 0x96, 0xF0, 0x9A, 0x95,
    0x8D, 0xCB, 0x94, 0x07, 0x81, 0x24, 0xCB, 0xE3, 0x8D, 0xE9, 0xC8, 0xFB, 0xB6, 0x56, 0x45, 0x78,
    0xB3, 0x74, 0x1F, 0x2D, 0x81, 0xC5, 0x5A, 0x2E, 0x36, 0xD2, 0x84, 0xC9, 0x9C, 0xB3, 0x30, 0x27,
    0xFE, 0x02, 0x77, 0x08, 0x28, 0xF1, 0xB7, 0x20, 0xE5, 0x03, 0x53, 0x2F, 0x5F, 0xB0, 0x4D, 0x98,
    0x1D, 0xF6, 0x13, 0xA5, 0x22, 0xD7, 0x8D, 0x9E, 0x51, 0xB0, 0xE6, 0x73, 0x51, 0x5C, 0x12, 0xFB,
    0x52, 0xD2, 0x8F, 0xE3, 0xF9, 0x77, 0xC0, 0x89, 0xE8, 0x8E, 0x4B, 0xC5, 0x6C, 0x4A, 0x0E, 0x98,
    0x6D, 0x3B, 0xD9, 0x1D, 0x47, 0x66, 0xFB, 0x26, 0x15, 0xB3, 0x03, 0xA1, 0x97, 0xFF, 0xB0, 0x6B,
    0xFC, 0x99, 0x7F, 0x7F, 0x58, 0x69, 0x9A, 0x4C, 0xD2, 0xE5, 0xE1, 0xB9, 0x57, 0xBA, 0xC7, 0x5F,
    0xF5, 0x4D, 0x67, 0x07, 0x3D, 0x92, 0x22, 0x39, 0x63, 0xE9, 0xBB, 0xF1, 0x7C, 0xAF, 0x2F, 0x6F,
    0x70, 0xD8, 0x01, 0xE9, 0x39, 0x65, 0xA5, 0xF9, 0x74, 0x61, 0x2F, 0xA4, 0x9F, 0xC7, 0x80, 0xD7,
    0xB8, 0xF7, 0x6B, 0x4B, 0x4B, 0x4D, 0xD0, 0x3A, 0xCE, 0xE0, 0xE7, 0x8F, 0x31, 0xC6, 0x33, 0xCC,
    0x63, 0x39, 0xA2, 0xB0, 0x6F, 0x1D, 0x2B, 0x10, 0x7E, 0xB2, 0x76, 0x7A, 0x06, 0x91, 0xA7, 0x3D,
    0x02, 0x29, 0xC9, 0x1B, 0x58, 0x25, 0xAB, 0x19, 0xFA, 0xAD, 0xA9, 0x11, 0x35, 0x03, 0x5B, 0x5B,
    0x80, 0xC0, 0x66, 0x5A, 0xDA, 0x59, 0xC3, 0xF8, 0x43, 0xD0, 0x86, 0x35, 0x30, 0xDA, 0xD9, 0xAC,
    0x0A, 0x72, 0x26, 0x79, 0xE2, 0x34, 0x27, 0x98, 0x14, 0x2B, 0x26, 0xC5, 0x01, 0x69, 0x60, 0x4C,
    0x3A, 0xAF, 0x23, 0x34, 0xD6, 0xE6, 0x41, 0x0B, 0xD7, 0x0B, 0x90, 0x24, 0xF8, 0x9D, 0x8B, 0xC5,
    0x8C, 0x60, 0xAF, 0x9E, 0x74, 0xBB, 0x16, 0x3F, 0xF7, 0x67, 0x1A, 0x1D, 0xE8, 0x6A, 0xCD, 0xD8,
    0x6B, 0xEB, 0xFE, 0x8A, 0xAD, 0x51, 0x9D, 0xA0, 0x3A, 0x25, 0x3D, 0xD4, 0x5D, 0xCA, 0x30, 0x00,
    0x84, 0xDC, 0xA7, 0xF4, 0xB0, 0x02, 0x9A, 0x59, 0xFA, 0x3B, 0x7C, 0x98, 0x67, 0x36, 0xA5, 0x91,
    0x1C, 0xD2, 0x05, 0x34, 0x2E, 0x0C, 0xC5, 0x04, 0x2D, 0x05, 0xB8, 0xDC, 0xD1, 0xC7, 0x74, 0xE5,
    0xEA, 0x91, 0x83, 0x22, 0x73, 0x10, 0x43, 0x5F, 0xDB, 0xC9, 0x61, 0xAF, 0x74, 0xC9, 0x6F, 0xA7,
    0xBF, 0x5F, 0x2F, 0xEA, 0xDF, 0xDF, 0xD7, 0x33, 0x47, 0xD7, 0xE4, 0x08, 0x01, 0xBD, 0x0B, 0x83,
    0x40, 0xCB, 0x18, 0xC9, 0x89, 0x45, 0x03, 0x4A, 0xFA, 0x36, 0x7C, 0xB8, 0x55, 0x5D, 0x25, 0x7A,
    0xF4, 0x69, 0x37, 0x23, 0xB2, 0xF5, 0x8C, 0x6C, 0x9B, 0x77, 0x09, 0xD2, 0x6E, 0x57, 0x4C, 0xE5,
    0x39, 0x64, 0xBB, 0x53, 0xF2, 0x7D, 0xBE, 0x84, 0x15, 0xD5, 0xE8, 0xBD, 0x81, 0x6C, 0x5B, 0xED,
    0x2F, 0xAE, 0x27, 0xDB, 0x5F, 0x9B, 0x33, 0x32, 0x6E, 0xA0, 0x1B, 0x32, 0x0F, 0xA5, 0xFE, 0xCC,
    0x5D, 0x88, 0xA3, 0x46, 0xAE, 0x04, 0x99, 0x03, 0xEB, 0x99, 0x0C, 0x0B, 0x39, 0x8F, 0x68, 0x12,
    0xC0, 0xBE, 0xE1, 0x38, 0xA1, 0xF3, 0x99, 0xA7, 0x1B, 0x34, 0x2B, 0xF1, 0xDD, 0x2F, 0xFE, 0x83,
    0x44, 0xF4, 0x5E, 0x51, 0xB7, 0x4B, 0xBB, 0xF6, 0xE7, 0x5B, 0x99, 0xC6, 0x32, 0x21, 0x31, 0x69,
    0x40, 0x89, 0x20, 0xBF, 0xD3, 0xC3, 0x33, 0x31, 0xF5, 0xAB, 0x3B, 0xE5, 0xCE, 0x30, 0xFA, 0x47,
    0x1D, 0xF9, 0x3A, 0x42, 0x84, 0x0B, 0x1E, 0x48, 0x38, 0xE5, 0xFC, 0x6E, 0xBE, 0xDE, 0x81, 0x05,
    0xDB, 0x06, 0x63, 0x85, 0x70, 0xE6, 0x4A, 0xD9, 0xE5, 0x66, 0x2F, 0x08, 0xC3, 0x27, 0x12, 0xE6,
    0x58, 0xE0, 0xEA, 0xCA, 0x1E, 0x2B, 0xDB, 0x0C, 0x86, 0xF8, 0x71, 0x14, 0xFF, 0xAA, 0x52, 0xB9,
    0xF7, 0x0F, 0xB5, 0x1C, 0x44, 0x0A, 0x72, 0xA3, 0x85, 0x15, 0x72, 0xA3, 0x04, 0x2B, 0x84, 0x6F,
    0x0C, 0x83, 0x4D, 0x81, 0x20, 0xE6, 0x56, 0xFC, 0x03, 0xB1, 0xF4, 0x14, 0xB2, 0x86, 0x5C, 0x1A,
    0x1F, 0xCE, 0xB3, 0x39, 0x59, 0x8E, 0x71, 0x9F, 0x7D, 0xBF, 0xA1, 0xB9, 0xB4, 0x25, 0xB7, 0x34,
    0x97, 0xA7, 0x73, 0x6E, 0x5D, 0xDA, 0x3A, 0x5A, 0x38, 0x17, 0xCA, 0x9D, 0xEA, 0x47, 0x61, 0x65,
    0x51, 0xEB, 0x72, 0x5B, 0xEF, 0x77, 0x1E, 0x24, 0xE1, 0xA1, 0x93, 0xD7, 0x90, 0xFE, 0xCC, 0x82,
    0x17, 0x63, 0xF6, 0x78, 0x64, 0x42, 0xBE, 0xCE, 0x78, 0x86, 0x92, 0xBC, 0x26, 0xEA, 0x18, 0x1C,
    0x47, 0x17, 0x7A, 0x5E, 0x88, 0x38, 0x20, 0x84, 0xEA, 0x0A, 0xC4, 0x01, 0x95, 0x3A, 0x6E, 0xAC,
    0x89, 0x90, 0xAC, 0x3B, 0xD5, 0xF8, 0x4A, 0x48, 0x87, 0x0D, 0x24, 0x2E, 0xDA, 0xA7, 0xF4, 0x31,
    0xB7, 0xE6, 0xE3, 0xF9, 0x93, 0x7B, 0xA1, 0x2E, 0x87, 0xA8, 0x97, 0x7F, 0x41, 0xED, 0xB9, 0x30,
    0xDC, 0x46, 0x5A, 0x63, 0x67, 0x69, 0xFD, 0x2A, 0x47, 0x53, 0xFF, 0x27, 0xA5, 0xE3, 0x72, 0x5D,
    0xAB, 0x1D, 0x64, 0x30, 0x0E, 0xCC, 0x67, 0xD7, 0xE4, 0x90, 0xCA, 0x6C, 0x47, 0xAC, 0x05, 0x8D,
    0xD0, 0x4D, 0xF0, 0x30, 0xA2, 0x41, 0xC8, 0x8A, 0xA2, 0x9D, 0x8D, 0x1B, 0xAB, 0xE5, 0xDE, 0xF2,
    0x67, 0x3C, 0xEA, 0x89, 0x11, 0xE8, 0xDD, 0xBF, 0x66, 0x5A, 0xB5, 0x97, 0x8A, 0xA3, 0x87, 0x84,
    0xBC, 0x3B, 0xE8, 0xB4, 0xBE, 0xC4, 0x1C, 0x9A, 0x5F, 0x5C, 0x6E, 0x2F, 0x7F, 0x97, 0x84, 0xD9,
    0xBE, 0x59, 0xDC, 0xBA, 0xC7, 0xC3, 0x17, 0xB6, 0xD9, 0x6E, 0x10, 0x0E, 0x8F, 0x6C, 0x36, 0x75,
    0x11, 0x1A, 0x3B, 0xAF, 0xE9, 0x16, 0x7C, 0x66, 0x9E, 0x9F, 0x26, 0x3E, 0x28, 0x13, 0xAA, 0xFB,
    0x80, 0xBA, 0x96, 0x81, 0xB5, 0xB3, 0xD0, 0x33, 0xA0, 0xDC, 0xCD, 0xCC, 0xCC, 0xEC, 0x01, 0xDD,
    0x3D, 0xF9, 0x70, 0x5A, 0x71, 0x17, 0xFD, 0x00, 0x9A, 0x9C, 0xA2, 0x19, 0xE7, 0x2B, 0xC5, 0xC5,
    0x7D, 0x40, 0xD9, 0x7A, 0xF2, 0x61, 0xB4, 0xBE, 0x50, 0x5D, 0x93, 0x00, 0xB4, 0x46, 0x5C, 0x1E,
    0xD2, 0x65, 0x82, 0x08, 0x97, 0x41, 0x68, 0x7D, 0x2D, 0x9E, 0x1F, 0x80, 0x58, 0xF8, 0x59, 0x60,
    0x40, 0x0C, 0x52, 0xAF, 0x66, 0xAA, 0x3B, 0x66, 0x17, 0xD7, 0x1B, 0xD4, 0x81, 0xC3, 0x6C, 0xED,
    0xC1, 0x1A, 0xDC, 0x86, 0x63, 0x94, 0x7F, 0x44, 0x01, 0x67, 0x47, 0x47, 0xEB, 0x14, 0x0E, 0x46,
    0x02, 0x1A, 0xA6, 0x37, 0x31, 0x57, 0x7B, 0x4C, 0x77, 0x63, 0xD8, 0xE5, 0x29, 0x51, 0x7F, 0x48,
    0xE4, 0x53, 0xD8, 0xD3, 0x07, 0x4B, 0x07, 0x74, 0x7E, 0x1D, 0x32, 0xD7, 0xCE, 0x78, 0xBC, 0xA5,
    0x99, 0x38, 0x99, 0x9D, 0xA9, 0x15, 0x3F, 0x5B, 0x38, 0xB5, 0x56, 0xE7, 0xC1, 0xED, 0xBB, 0x4B,
    0x47, 0x7A, 0xF5, 0xC8, 0xCB, 0x09, 0x20, 0x45, 0xD6, 0x71, 0xA4, 0x65, 0xCE, 0xCB, 0x83, 0x4E,
    0x59, 0x6D, 0xED, 0x2D, 0x25, 0x3C, 0xAF, 0x27, 0xEF, 0xB8, 0x5A, 0xAD, 0x89, 0x75, 0xE4, 0xA7,
    0x4E, 0x4B, 0x57, 0xA7, 0x7D, 0xAF, 0xFA, 0xF7, 0x48, 0x6C, 0x06, 0x39, 0x87, 0x07, 0x02, 0xB6,
    0x39, 0xDA, 0x1F, 0x92, 0xA2, 0x97, 0x2C, 0x76, 0x2B, 0xDA, 0x22, 0x3C, 0x84, 0x9E, 0x00, 0xB7,
    0x09, 0xF9, 0x0E, 0x46, 0xFE, 0x3C, 0x62, 0xE7, 0x9E, 0xAE, 0xC8, 0xB7, 0x54, 0xBF, 0x8C, 0xC5,
    0x6F, 0x58, 0x0C, 0x4F, 0x68, 0x53, 0x9E, 0xC6, 0x21, 0xC6, 0x5A, 0xD5, 0x0B, 0x99, 0x44, 0x32,
    0xB2, 0x00, 0xDC, 0x1A, 0xFE, 0xD7, 0x04, 0xD9, 0xAB, 0xC8, 0x38, 0x3C, 0x84, 0x3F, 0x32, 0x89,
    0x00, 0x93, 0x08, 0x37, 0x9A, 0x84, 0x4E, 0x73, 0xFF, 0x6B, 0x6E, 0x37, 0xCF, 0xD1, 0x74, 0xAE,
    0xF0, 0x40, 0xA0, 0x18, 0x39, 0x20, 0x96, 0xB4, 0x01, 0xF4, 0x97, 0xA3, 0x3B, 0x21, 0x98, 0x74,
    0x85, 0xE0, 0xFD, 0xCB, 0x44, 0x26, 0x97, 0x48, 0x15, 0x75, 0xC7, 0xAD, 0xFD, 0x8D, 0x75, 0xA7,
    0xA2, 0xEE, 0x20, 0xD5, 0x7F, 0x41, 0xE8, 0x72, 0xCB, 0x6C, 0x10, 0xC5, 0x64, 0xCA, 0x63, 0x26,
    0xEA, 0x4F, 0x50, 0xA5, 0xF7, 0x10, 0xD3, 0xE9, 0x95, 0x39, 0xD3, 0xC2, 0x45, 0xE9, 0xF6, 0xA9,
    0x78, 0xBE, 0x7F, 0x3D, 0xB5, 0xB5, 0xB7, 0xAE, 0xB6, 0x7F, 0x0F, 0xF6, 0xA1, 0x1B, 0xBB, 0xD9,
    0x77, 0xC1, 0x64, 0x47, 0xDB, 0xBA, 0x0E, 0xF9, 0x62, 0x88, 0xB2, 0xBA, 0x64, 0xD1, 0xF4, 0x15,
    0x74, 0x2B, 0x17, 0x74, 0x14, 0x68, 0x9F, 0x3D, 0x92, 0x48, 0x0D, 0xD3, 0xA9, 0xDC, 0x01, 0x21,
    0xC9, 0x74, 0x82, 0xF8, 0xA9, 0xA2, 0xA0, 0x90, 0x34, 0x73, 0x48, 0x38, 0x43, 0xA4, 0x9E, 0x20,
    0x3B, 0x7E, 0x8B, 0x7E, 0xC3, 0x42, 0xA5, 0xA0, 0xCA, 0x40, 0xF4, 0x51, 0xA5, 0x10, 0x83, 0xAD,
    0x3B, 0x2D, 0x82, 0x47, 0x98, 0x97, 0xF1, 0xB5, 0x5C, 0xBC, 0xFE, 0x94, 0xAA, 0x4E, 0xA1, 0x76,
    0x8F, 0xAD, 0x31, 0xB1, 0xF0, 0x0B, 0x89, 0xFF, 0x1B, 0x28, 0x1E, 0x47, 0x0A, 0xEB, 0x82, 0x9E,
    0x0D, 0x07, 0x8B, 0x8B, 0x6E, 0x73, 0xB0, 0x32, 0x2F, 0x4A, 0x90, 0xAE, 0x11, 0xD1, 0x2F, 0x06,
    0x0A, 0x6E, 0xE8, 0x9F, 0x79, 0x51, 0x41, 0x0E, 0x73, 0x47, 0xD5, 0x3D, 0x42, 0x65, 0x79, 0xDB,
    0x1E, 0x62, 0x6C, 0xED, 0x32, 0x28, 0x40, 0xA3, 0xA3, 0xD3, 0x4E, 0xDF, 0xED, 0x7B, 0xDC, 0x10,
    0xCF, 0x0A, 0xBB, 0xD9, 0xD5, 0x8E, 0x8B, 0xFA, 0xED, 0x47, 0xF7, 0xE1, 0x7D, 0x0F, 0xA4, 0xEF,
    0x89, 0xF7, 0xD8, 0x79, 0xCC, 0xE8, 0x1D, 0x98, 0xFD, 0x4F, 0x9E, 0xD3, 0x65, 0xCA, 0x1C, 0xA3,
    0xB0, 0x4B, 0xA3, 0xC2, 0x3E, 0x07, 0xDD, 0xB5, 0x42, 0x08, 0xBE, 0xEE, 0x03, 0x60, 0x5A, 0x62,
    0xEE, 0x5E, 0xC3, 0x5C, 0x53, 0x67, 0xCC, 0x6F, 0xFB, 0x88, 0x95, 0xA0, 0x77, 0xC0, 0x15, 0x94,
    0xB3, 0x4C, 0xC1, 0xA8, 0x4A, 0xB4, 0x67, 0xA6, 0xB3, 0xC3, 0x53, 0x20, 0x13, 0x16, 0x4C, 0x80,
    0xE8, 0x82, 0xDF, 0xAA, 0x4A, 0x13, 0xB7, 0x78, 0xBC, 0xC5, 0xD7, 0x77, 0xD4, 0xCF, 0x05, 0xF9,
    0x44, 0x24, 0xDB, 0xBB, 0xCD, 0x94, 0xB8, 0xC5, 0x6A, 0x22, 0x05, 0x87, 0xA0, 0x73, 0xA7, 0xB1,
    0xA1, 0xC5, 0x10, 0xA8, 0x3E, 0x8A, 0x1B, 0x1F, 0xE2, 0xC1, 0xFF, 0xA4, 0xA1, 0x75, 0xE7, 0x9A,
    0x64, 0x34, 0xDC, 0xF0, 0x30, 0xFB, 0x30, 0x59, 0x17, 0xB4, 0x41, 0xE0, 0x15, 0x62, 0x90, 0x42,
    0x13, 0xB7, 0x30, 0x2F, 0xAE, 0x9C, 0x93, 0xEE, 0x7D, 0x0A, 0xF3, 0xA2, 0x82, 0xF8, 0x47, 0xAA,
    0xA1, 0x9F, 0x7E, 0xDB, 0xEA, 0xFD, 0x15, 0x28, 0x52, 0x9C, 0x53, 0x28, 0x09, 0x78, 0x2B, 0xD3,
    0xF8, 0xC2, 0xCE, 0xF8, 0xD2, 0x13, 0x7A, 0x84, 0x18, 0xD9, 0xCF, 0x29, 0x9E, 0xB6, 0x72, 0x4B,
    0x37, 0xE8, 0x3F, 0x6D, 0x32, 0xAB, 0x2B, 0x53, 0xB3, 0x5A, 0xBC, 0xC5, 0x78, 0x66, 0x18, 0x7B,
    0xF7, 0x6E, 0x10, 0x73, 0xB3, 0xEB, 0x8B, 0x97, 0xD2, 0xBC, 0x0F, 0xD1, 0x1D, 0x04, 0xA5, 0x78,
    0x95, 0xD2, 0x34, 0x32, 0x20, 0xD7, 0xE4, 0xCB, 0x60, 0x96, 0x39, 0x4F, 0xC6, 0x44, 0x98, 0x44,
    0xC6, 0x39, 0x5F, 0x45, 0xA3, 0x9C, 0xE5, 0x55, 0x48, 0x64, 0x02, 0xB3, 0x72, 0x7F, 0xD9, 0xF6,
    0xDE, 0xBD, 0x63, 0x52, 0x3C, 0x12, 0x17, 0xAA, 0x4A, 0x63, 0x4E, 0x15, 0xA1, 0x5E, 0x5B, 0x06,
    0x49, 0x49, 0xFE, 0x6F, 0x27, 0xCB, 0x29, 0xAF, 0x7A, 0xD5, 0xE1, 0x71, 0x9A, 0x69, 0xC2, 0x97,
    0x4B, 0xB0, 0xFC, 0xC9, 0xFE, 0x30, 0x9B, 0xF2, 0xEF, 0xFE, 0x9D, 0xD9, 0xF2, 0xB6, 0xAA, 0x91,
    0x0D, 0x3B, 0x37, 0x37, 0x8C, 0x80, 0x07, 0x40, 0x47, 0xEF, 0xF6, 0xD2, 0x6B, 0x60, 0x0C, 0x39,
    0x75, 0x7B, 0xB7, 0x39, 0xFF, 0x54, 0x83, 0x85, 0x62, 0x88, 0xE7, 0x9B, 0x5D, 0xB6, 0x1E, 0xA8,
    0xA4, 0x51, 0xDF, 0xCC, 0x80, 0xFC, 0x33, 0x80, 0x9C, 0x84, 0xC7, 0x55, 0xAA, 0xE9, 0x9D, 0xB8,
    0x89, 0x7E, 0x28, 0xFD, 0xDD, 0x4F, 0xBE, 0x01, 0x80, 0x2C, 0xF3, 0x2F, 0x4F, 0x56, 0xA7, 0x54,
    0x79, 0x01, 0xE3, 0x22, 0x25, 0xD0, 0xCC, 0x41, 0x80, 0xD4, 0x2B, 0x7F, 0xE4, 0xE7, 0x93, 0xE1,
    0xFC, 0xD9, 0x18, 0xBE, 0x60, 0x2F, 0xB7, 0x50, 0x1E, 0x0F, 0x66, 0x6F, 0x5F, 0x18, 0x15, 0x9E,
    0x7E, 0x0E, 0xE1, 0x79, 0x2B, 0x84, 0xE7, 0x46, 0x53, 0x72, 0xE5, 0x2C, 0xB7, 0x26, 0xC1, 0xDE,
    0xBA, 0x37, 0xDF, 0x36, 0x2B, 0xBC, 0xFF, 0x03, 0xB5, 0x58, 0x3D, 0x90, 0xD5, 0xD6, 0x15, 0x3E,
    0x92, 0x60, 0xE5, 0x20, 0x76, 0xE5, 0xC2, 0x45, 0x26, 0x86, 0x95, 0x4B, 0x86, 0x59, 0x2C, 0x0A,
    0x17, 0x14, 0x6F, 0x91, 0x30, 0x45, 0x8A, 0x14, 0xB8, 0xC8, 0x86, 0x82, 0x02, 0x77, 0x49, 0x66,
    0x92, 0x79, 0x5B, 0x50, 0x30, 0x19, 0xB0, 0x14, 0xC8, 0x4C, 0x0A, 0x17, 0xA1, 0xC9, 0xA4, 0x48,
    0x43, 0xCB, 0x52, 0x64, 0x0B, 0x0A, 0x27, 0x83, 0x57, 0x17, 0xB6, 0xA0, 0xA0, 0x58, 0x19, 0xC6,
    0xA1, 0xA0, 0x58, 0x4D, 0x1C, 0xE3, 0x49, 0x28, 0x72, 0x03, 0x82, 0xE8, 0xED, 0x4A, 0x3A, 0xF9,
    0xCE, 0xBD, 0xEF, 0xBD, 0xDD, 0xC1, 0x4B, 0x7E, 0x3C, 0xC9, 0xDB, 0x7D, 0xBA, 0x57, 0xF7, 0xF7,
    0xBB, 0xE7, 0xEF, 0x3B, 0xF7, 0x11, 0x11, 0x7D, 0x88, 0xAF, 0xAF, 0xF1, 0x08, 0x15, 0x1E, 0x27,
    0x29, 0xE0, 0xA7, 0xDA, 0x1D, 0x0D, 0x5B, 0x4A, 0x28, 0x68, 0xBC, 0x9A, 0x82, 0x3A, 0xCE, 0x29,
    0xD4, 0x1D, 0x51, 0xFC, 0x18, 0xC3, 0xB2, 0x02, 0xC3, 0x98, 0x89, 0x3C, 0x6E, 0x31, 0x87, 0xD1,
    0x94, 0x30, 0x9A, 0xFA, 0x22, 0x25, 0xEF, 0x45, 0x4F, 0x14, 0xAD, 0xA3, 0x7D, 0xCD, 0x6B, 0xB0,
    0xA8, 0xDF, 0x50, 0x46, 0x5E, 0x7F, 0xAE, 0x22, 0xA7, 0x68, 0xB0, 0x38, 0xB9, 0x39, 0xD1, 0x47,
    0x98, 0x8A, 0x49, 0x27, 0x9D, 0x82, 0x55, 0x3F, 0x2C, 0x93, 0x9C, 0x31, 0xB0, 0x66, 0x4A, 0x36,
    0xB4, 0xD7, 0xDA, 0xA2, 0x29, 0xD2, 0xE4, 0x74, 0x13, 0x54, 0xE1, 0x93, 0x86, 0xA2, 0x11, 0x99,
    0x4F, 0x4D, 0x13, 0x9C, 0x16, 0x28, 0x5D, 0x2E, 0x7A, 0x60, 0x2D, 0x13, 0x45, 0x9E, 0x22, 0xE0,
    0x09, 0xC9, 0xC3, 0xC6, 0x03, 0x40, 0x25, 0xD2, 0xF4, 0x1F, 0x37, 0xD7, 0xD2, 0x1C, 0x6B, 0x0A,
    0x73, 0x4A, 0x6A, 0x07, 0x6D, 0x19, 0x73, 0x25, 0x4F, 0x1C, 0x98, 0xDE, 0xE6, 0xDC, 0x6C, 0xBE,
    0x9F, 0x2C, 0x68, 0x6A, 0x45, 0x44, 0x43, 0x5D, 0xF4, 0x41, 0x1B, 0x69, 0x62, 0xAC, 0x91, 0x28,
    0xC6, 0xDA, 0x89, 0xF2, 0xDA, 0xF0, 0x95, 0x06, 0x2E, 0x34, 0x65, 0xDB, 0x9C, 0x07, 0xF5, 0x1F,
    0x52, 0x7B, 0x86, 0x63, 0x9E, 0xB2, 0x15, 0x6F, 0xBB, 0xB4, 0x15, 0x4A, 0xAA, 0x71, 0xC5, 0xBD,
    0x66, 0xCB, 0x59, 0x69, 0x64, 0xFE, 0x33, 0xF9, 0xCC, 0xAC, 0xF8, 0x26, 0x97, 0xEE, 0xD6, 0x8A,
    0x1C, 0xD3, 0xEF, 0xA9, 0x01, 0x50, 0xEC, 0x92, 0x54, 0x03, 0x8A, 0x20, 0x2C, 0x1C, 0xE1, 0x20,
    0x85, 0x8D, 0x1C, 0xA7, 0xF8, 0x39, 0x05, 0xB2, 0x35, 0xDA, 0xC9, 0xEB, 0xE4, 0xB0, 0xD2, 0xCD,
    0xE6, 0x90, 0x4C, 0x0E, 0xCB, 0x53, 0xBA, 0x71, 0x1E, 0x3C, 0xD1, 0x5D, 0x98, 0xA7, 0x28, 0xA8,
    0x94, 0x41, 0x6E, 0x6B, 0x90, 0x60, 0x50, 0x2F, 0xC2, 0x38, 0x88, 0x41, 0x85, 0xC8, 0x66, 0x4E,
    0x86, 0x52, 0xD8, 0x52, 0x70, 0xB5, 0xFB, 0x41, 0x4F, 0x7E, 0xBF, 0x74, 0xF6, 0xB1, 0x80, 0xF3,
    0x00, 0x4E, 0x8F, 0x91, 0xD3, 0xA1, 0x49, 0x25, 0x96, 0x2E, 0xAA, 0x0E, 0x13, 0x2F, 0x15, 0x25,
    0xC5, 0x31, 0xF6, 0x72, 0x7B, 0x81, 0x81, 0x55, 0xE2, 0x8A, 0x92, 0xDC, 0x60, 0x26, 0x27, 0x95,
    0x8D, 0x32, 0x11, 0xAD, 0x01, 0x53, 0x70, 0x6D, 0x00, 0x1F, 0x3B, 0xDB, 0x1A, 0xBC, 0x73, 0x6E,
    0x67, 0xE0, 0xAE, 0x03, 0x8C, 0x0C, 0xA8, 0x88, 0x27, 0x60, 0xD3, 0x31, 0x56, 0x35, 0x86, 0x5A,
    0x92, 0x45, 0x5A, 0x1D, 0xB4, 0x40, 0xF5, 0x9C, 0x67, 0x70, 0x8E, 0xCE, 0x7D, 0x6F, 0x0C, 0x13,
    0x12, 0x9F, 0x31, 0x52, 0x0F, 0x98, 0xCA, 0x00, 0x8A, 0x6F, 0xDD, 0x0A, 0x3A, 0x0F, 0xB5, 0x27,
    0xBA, 0x15, 0xBD, 0x91, 0x9C, 0x7B, 0x3F, 0x54, 0x64, 0xAA, 0x38, 0x84, 0xCE, 0xB8, 0x0D, 0xBE,
    0xE4, 0xBB, 0x9F, 0x67, 0xE5, 0x9A, 0xC3, 0x73, 0x0E, 0x7B, 0x10, 0xF6, 0xF1, 0x50, 0xC7, 0x4A,
    0x36, 0xC9, 0xD9, 0xCC, 0xC2, 0x60, 0x54, 0x4A, 0xAC, 0xD3, 0x3A, 0x00, 0x52, 0x85, 0xD0, 0xCC,
    0x6C, 0x56, 0x66, 0xAA, 0x48, 0x97, 0x0B, 0xE6, 0x7B, 0xDD, 0x59, 0x95, 0x3D, 0x19, 0x25, 0xDC,
    0x13, 0xFE, 0xC5, 0x63, 0x42, 0xE3, 0x63, 0xFA, 0x7F, 0x56, 0x1C, 0xB0, 0xC5, 0x2C, 0x0E, 0x8F,
    0x62, 0x91, 0x42, 0x60, 0xA1, 0x4B, 0x17, 0xA3, 0x3C, 0x7A, 0xB1, 0xD4, 0xC2, 0x37, 0xA0, 0xA1,
    0x26, 0x36, 0xD6, 0x75, 0x71, 0xAC, 0x1E, 0xFF, 0xB1, 0x58, 0xB6, 0x01, 0x12, 0x6A, 0x16, 0x17,
    0x32, 0xAB, 0x89, 0x28, 0x89, 0x76, 0xAA, 0xB1, 0x54, 0x33, 0x19, 0xE0, 0xEE, 0x1A, 0xBB, 0x53,
    0x3D, 0x2E, 0xD5, 0x39, 0xA9, 0x3A, 0x95, 0x54, 0x17, 0x51, 0x5D, 0x3A, 0xAF, 0x18, 0xA7, 0x16,
    0x1F, 0x80, 0x93, 0xEF, 0x5A, 0xB0, 0x9F, 0x3A, 0xAC, 0x6B, 0x3C, 0xF8, 0x92, 0x3C, 0x0E, 0x8C,
    0x01, 0x39, 0xAB, 0x80, 0x44, 0x9C, 0x68, 0x59, 0xCC, 0x80, 0x61, 0x3B, 0x8F, 0x69, 0x18, 0x6A,
    0x40, 0x10, 0x00, 0xD2, 0xB7, 0x77, 0x91, 0xF5, 0xBB, 0xA6, 0xF4, 0x66, 0x1B, 0xD9, 0x04, 0x5B,
    0xCC, 0x99, 0xE5, 0x8F, 0xDE, 0xA0, 0x99, 0x1B, 0xB4, 0x72, 0x23, 0xE2, 0x74, 0x66, 0x44, 0xC3,
    0x91, 0x07, 0x63, 0xD0, 0x46, 0xF3, 0x95, 0x2D, 0x37, 0x6B, 0x5B, 0x6E, 0xB4, 0xB6, 0x5C, 0x67,
    0x5B, 0xDE, 0xE1, 0xD4, 0x94, 0x8A, 0x95, 0x2D, 0x13, 0x6D, 0xCB, 0xA8, 0xB6, 0x65, 0xD8, 0xDA,
    0xD2, 0x63, 0x5B, 0x3A, 0xE3, 0x92, 0xA4, 0xAC, 0x50, 0x26, 0x28, 0x95, 0x27, 0xEE, 0x08, 0x85,
    0xF8, 0x25, 0x3A, 0x33, 0xD8, 0x32, 0xAC, 0x5F, 0xC7, 0x63, 0x87, 0xF7, 0x1F, 0x62, 0x6C, 0x51,
    0xB1, 0x0F, 0x33, 0xC4, 0x71, 0x12, 0x38, 0x2D, 0x5D, 0xF6, 0xFE, 0xA6, 0x81, 0x80, 0x06, 0xAC,
    0x42, 0x98, 0xE3, 0xBD, 0xDE, 0xBC, 0xC0, 0xE7, 0x69, 0x68, 0xB0, 0x64, 0x7A, 0xE0, 0xF5, 0x21,
    0xEC, 0x51, 0xC5, 0x35, 0xE6, 0x0C, 0x88, 0x37, 0x10, 0x72, 0x94, 0xD7, 0x9B, 0x97, 0x98, 0xE5,
    0x05, 0x10, 0xE4, 0xC5, 0xB3, 0x2F, 0x11, 0x5E, 0x2E, 0x89, 0x8C, 0xD8, 0x6C, 0x6E, 0x75, 0x62,
    0x15, 0x3E, 0x56, 0x90, 0xD5, 0xD0, 0x38, 0xA6, 0x5A, 0x1D, 0x59, 0x25, 0x4D, 0xB5, 0x64, 0x3E,
    0x51, 0x3A, 0x99, 0x61, 0xBD, 0xE4, 0x32, 0xBD, 0xF2, 0x09, 0xDE, 0xEF, 0x28, 0x2A, 0xBE, 0xE2,
    0x92, 0x37, 0xC5, 0xF0, 0x34, 0x03, 0x66, 0x9B, 0x28, 0x44, 0x43, 0xD1, 0x56, 0xB2, 0xDE, 0x4A,
    0x80, 0x14, 0x50, 0xAF, 0x36, 0x6E, 0xF3, 0x3D, 0x7E, 0xD8, 0x4E, 0x61, 0x25, 0x02, 0x24, 0xAC,
    0x26, 0x01, 0xD7, 0x22, 0x32, 0x48, 0x3F, 0x1C, 0xEF, 0xF4, 0x16, 0x7D, 0x40, 0xB4, 0x18, 0x93,
    0x18, 0x29, 0x1E, 0xC5, 0x38, 0xB8, 0x22, 0x58, 0xB7, 0xE4, 0xBF, 0x18, 0x6A, 0xEA, 0xC8, 0x57,
    0x38, 0x4F, 0x48, 0x6B, 0x08, 0xA7, 0x60, 0x30, 0x3A, 0x12, 0xAB, 0xF1, 0xF2, 0x06, 0xBC, 0x39,
    0x06, 0xF6, 0x59, 0x59, 0xE1, 0x94, 0x8A, 0x3F, 0x41, 0x00, 0xEC, 0x4B, 0x60, 0x42, 0x28, 0x0D,
    0x75, 0x54, 0xA3, 0x2B, 0x92, 0xA0, 0x1A, 0x72, 0xD1, 0xD1, 0x0C, 0x6F, 0xA5, 0x73, 0x74, 0x9D,
    0x2E, 0x89, 0x48, 0x73, 0x33, 0xF5, 0xC7, 0x66, 0xB7, 0x19, 0xBE, 0xF9, 0xAC, 0xCB, 0xB8, 0x70,
    0xFA, 0x4D, 0x6B, 0x8D, 0x41, 0x1D, 0x56, 0xF1, 0xDD, 0x96, 0xA0, 0xE8, 0xD0, 0x82, 0x4F, 0xFE,
    0x7A, 0x0D, 0x01, 0x48, 0x87, 0xCC, 0xF9, 0xCF, 0xB8, 0xBD, 0x4C, 0xF1, 0x86, 0xA2, 0x06, 0x52,
    0x42, 0x74, 0x52, 0x01, 0x5F, 0x93, 0x90, 0x74, 0x8D, 0x40, 0xB5, 0x5A, 0xA8, 0x56, 0x0B, 0xD5,
    0x6A, 0xA1, 0xDA, 0x4A, 0xA8, 0xF6, 0xFE, 0x84, 0x6A, 0xFB, 0xAF, 0x53, 0x2D, 0x0B, 0xD5, 0x8E,
    0x84, 0x6A, 0x45, 0x6E, 0xC5, 0x94, 0x6A, 0x53, 0x50, 0x6D, 0x0D, 0xAA, 0x15, 0x8D, 0x1A, 0x0F,
    0x58, 0x15, 0x3B, 0x13, 0xF1, 0x0C, 0x26, 0x42, 0xF4, 0x5E, 0x62, 0x3E, 0x26, 0x60, 0x54, 0xE9,
    0x8E, 0x30, 0x35, 0xFC, 0x7B, 0xEB, 0x74, 0x2C, 0xEB, 0x62, 0x7D, 0xD9, 0x07, 0x8B, 0x27, 0x67,
    0x74, 0x7C, 0x07, 0xD4, 0x1C, 0x60, 0xB3, 0x79, 0xA1, 0x4A, 0x59, 0x44, 0xA8, 0x4B, 0x68, 0xFB,
    0x47, 0x24, 0x12, 0x15, 0x92, 0x21, 0xC3, 0xE5, 0xA6, 0x7F, 0xF2, 0x49, 0xE4, 0x31, 0xF7, 0x13,
    0x79, 0x2A, 0x11, 0xF9, 0xB7, 0xBE, 0x2D, 0xD5, 0x77, 0x5F, 0x19, 0xE0, 0x9B, 0x5C, 0xA0, 0x30,
    0x8A, 0x16, 0xAC, 0xEE, 0xA6, 0x40, 0x3B, 0x01, 0x65, 0x90, 0xFF, 0x5D, 0x51, 0x90, 0x4E, 0x40,
    0x8F, 0x73, 0xAE, 0x44, 0x20, 0xB8, 0x1C, 0x36, 0x5D, 0x81, 0xE8, 0xC1, 0x87, 0xAD, 0xA1, 0xF0,
    0x0A, 0xA0, 0xC0, 0x68, 0xAE, 0x12, 0xEE, 0x3B, 0x21, 0x0B, 0x05, 0xE8, 0xED, 0x7D, 0xC6, 0x10,
    0x43, 0x7D, 0xC8, 0x12, 0x5C, 0x18, 0x10, 0xFE, 0xDF, 0xB4, 0xA6, 0x99, 0xD3, 0x01, 0xC0, 0xF6,
    0x88, 0x3E, 0x83, 0x47, 0x4C, 0x98, 0x17, 0x12, 0xF0, 0xFE, 0xD8, 0x79, 0x60, 0xEA, 0xEB, 0x32,
    0xA7, 0x15, 0xFF, 0x59, 0x4B, 0x54, 0x61, 0xEC, 0x32, 0x7C, 0x89, 0xD8, 0xB3, 0xD9, 0xC6, 0x57,
    0x0C, 0x54, 0xCB, 0x55, 0x40, 0x6F, 0x4D, 0x6D, 0xFE, 0x55, 0xDB, 0x3F, 0x42, 0x86, 0x10, 0xC5,
    0xC0, 0x42, 0x5E, 0xF9, 0x1D, 0x0E, 0xE6, 0x17, 0x12, 0x6A, 0xC8, 0xDB, 0xD0, 0x74, 0x18, 0xA7,
    0x80, 0x9E, 0x3C, 0x2C, 0x01, 0x33, 0x79, 0x07, 0x90, 0xEA, 0x44, 0x09, 0x65, 0x5E, 0x0C, 0x75,
    0x20, 0xBA, 0xB1, 0x24, 0xF5, 0x2E, 0x48, 0x73, 0x55, 0x84, 0x69, 0x3A, 0x61, 0x33, 0xDA, 0xC7,
    0x32, 0xBF, 0x3E, 0xDB, 0x52, 0x9A, 0xDA, 0x94, 0xE5, 0xB8, 0x6B, 0xD8, 0x6E, 0xC1, 0xC4, 0x28,
    0x8A, 0x90, 0x11, 0x79, 0xDD, 0xD2, 0xF9, 0x2B, 0x48, 0x30, 0xB0, 0xF5, 0xF8, 0x54, 0xCB, 0x70,
    0x5B, 0x6C, 0xE4, 0x9A, 0x3C, 0xC5, 0x1E, 0xDD, 0x08, 0x62, 0xFA, 0x19, 0xD6, 0x45, 0xBE, 0x38,
    0xEC, 0xB2, 0x50, 0xF1, 0xA9, 0x06, 0x07, 0x8F, 0x10, 0xBB, 0xB8, 0x9B, 0xE1, 0x17, 0x4B, 0xEF,
    0x37, 0x92, 0x47, 0x18, 0x1F, 0xE0, 0x6A, 0x1F, 0xFF, 0x90, 0xF9, 0x7E, 0x1F, 0x72, 0x15, 0xE7,
    0xB1, 0xE8, 0xDB, 0xB9, 0x31, 0x8D, 0x15, 0x9F, 0xD2, 0xC4, 0xA2, 0xAC, 0x6C, 0xB6, 0x66, 0x72,
    0x18, 0x31, 0x2B, 0x4F, 0xB2, 0x0A, 0xB1, 0xE2, 0xC6, 0x6D, 0x24, 0xFE, 0x74, 0x78, 0x94, 0x05,
    0x79, 0x8F, 0x1A, 0xF0, 0x65, 0x09, 0x8F, 0x77, 0x2B, 0x48, 0xD6, 0x05, 0x5B, 0xB1, 0x5B, 0x21,
    0x0C, 0xDC, 0xD1, 0xD4, 0x07, 0x2F, 0xA0, 0xD0, 0x53, 0xB0, 0xEC, 0x08, 0x31, 0x96, 0x82, 0x2A,
    0x10, 0x5B, 0x46, 0x96, 0x22, 0x8F, 0x0E, 0x79, 0xE3, 0xAD, 0x61, 0x2F, 0x32, 0x3F, 0x6A, 0x3D,
    0x17, 0x39, 0x1A, 0x7D, 0x42, 0x46, 0x94, 0x13, 0x9F, 0xEF, 0x06, 0xEE, 0x88, 0x55, 0x92, 0xB2,
    0xD3, 0xFA, 0xA0, 0x83, 0xA4, 0x4D, 0xD6, 0x37, 0x34, 0x0F, 0x92, 0x75, 0x24, 0x97, 0x41, 0xEB,
    0x21, 0xB1, 0x88, 0xF3, 0xE4, 0x65, 0x83, 0x58, 0x8A, 0x75, 0xD6, 0x44, 0x81, 0xFE, 0x43, 0x91,
    0xC7, 0xC2, 0x91, 0xE9, 0x1A, 0xFB, 0x4C, 0x7C, 0x13, 0x6B, 0x0C, 0x8C, 0x65, 0x8B, 0x1A, 0x1D,
    0x23, 0xD0, 0x6D, 0x11, 0xE3, 0x05, 0x79, 0x5F, 0x90, 0xEC, 0x68, 0x0E, 0x46, 0x42, 0x41, 0xCA,
    0xE2, 0x0C, 0xC8, 0xB3, 0x9C, 0xAD, 0x9B, 0x70, 0x82, 0x42, 0xB4, 0x77, 0x42, 0x34, 0x72, 0x0C,
    0xA9, 0xAE, 0x38, 0x43, 0xA6, 0x7C, 0x78, 0x71, 0xE3, 0x95, 0xE0, 0x4F, 0x24, 0x1D, 0x01, 0xB7,
    0x1C, 0x91, 0xDB, 0xD4, 0xE4, 0xDF, 0x4B, 0x69, 0xF6, 0xC4, 0x74, 0x5F, 0xA4, 0x48, 0x23, 0x4E,
    0x13, 0xA4, 0x12, 0x26, 0x89, 0x45, 0xF0, 0x62, 0xE5, 0x3F, 0x6F, 0x5D, 0x09, 0x90, 0x88, 0x8C,
    0x5D, 0xA1, 0xE2, 0x2D, 0x56, 0x6B, 0x41, 0x35, 0x8E, 0x71, 0x2C, 0xE8, 0x2E, 0x58, 0x6F, 0x9B,
    0xC4, 0x3C, 0x1B, 0xB7, 0x77, 0xE3, 0x96, 0xF7, 0xED, 0x66, 0x0F, 0xDC, 0x64, 0x70, 0xC7, 0x13,
    0xDC, 0x3C, 0xC5, 0xBD, 0xB0, 0x83, 0x3B, 0x15, 0xDC, 0x4A, 0x78, 0xDF, 0xE0, 0x26, 0x1B, 0x5E,
    0x91, 0xC7, 0x9E, 0x98, 0xA7, 0x43, 0x8E, 0x72, 0xAC, 0x43, 0xBD, 0xDD, 0xD1, 0x22, 0x12, 0x77,
    0xAF, 0x3D, 0x60, 0xF2, 0x38, 0xE5, 0xB2, 0x0E, 0xBE, 0x68, 0x03, 0x6D, 0x62, 0x3B, 0x0F, 0x35,
    0x60, 0xDF, 0x6D, 0xE2, 0xDC, 0xAF, 0x65, 0xDB, 0x75, 0x08, 0x32, 0x9A, 0x9B, 0x1E, 0xFA, 0x80,
    0x2B, 0x99, 0x23, 0x0C, 0x77, 0x28, 0xB6, 0x5C, 0x4B, 0x42, 0x98, 0xA2, 0x72, 0x04, 0x59, 0x94,
    0x32, 0xA6, 0xEF, 0xB5, 0x70, 0xEC, 0x04, 0x7B, 0x23, 0x91, 0x9B, 0xB4, 0x98, 0x2E, 0x7A, 0x43,
    0x4C, 0x00, 0xDC, 0x01, 0x8F, 0x81, 0xAC, 0x54, 0xF2, 0xF9, 0x52, 0x83, 0x84, 0x53, 0xA2, 0x06,
    0x2D, 0x67, 0xE7, 0x73, 0xFF, 0x99, 0xA6, 0xC1, 0x80, 0xDC, 0xD3, 0x53, 0x46, 0x42, 0x30, 0x78,
    0x5C, 0x85, 0x65, 0xE7, 0xEB, 0xF8, 0x2A, 0x36, 0xE5, 0xA5, 0xEF, 0x27, 0x26, 0x66, 0xB8, 0x9C,
    0xBF, 0x93, 0x70, 0xE3, 0x41, 0xA0, 0xC2, 0xC6, 0x12, 0x61, 0x90, 0x22, 0x40, 0x04, 0x53, 0x47,
    0x39, 0x22, 0x0B, 0xC3, 0x21, 0xCF, 0xC9, 0x76, 0x92, 0x9C, 0xCE, 0x4A, 0xDE, 0x89, 0xBC, 0x66,
    0x19, 0x40, 0x16, 0x48, 0x1C, 0xD7, 0x78, 0xAD, 0xB8, 0xAC, 0x6D, 0xF0, 0x8D, 0x81, 0x4A, 0xE6,
    0x73, 0x5C, 0x10, 0x8A, 0x83, 0x8A, 0x77, 0x7E, 0x3C, 0x76, 0xCD, 0x65, 0xA3, 0x9B, 0x14, 0x19,
    0x48, 0x70, 0xAA, 0x9A, 0xA5, 0xE5, 0x7D, 0x46, 0x92, 0x0E, 0xE7, 0xE1, 0x23, 0x9D, 0x9C, 0x6A,
    0x32, 0x6A, 0xE1, 0x85, 0x00, 0x28, 0x89, 0x7A, 0x8E, 0xB4, 0x60, 0x3F, 0x24, 0x80, 0x80, 0x8C,
    0x29, 0xD9, 0xAF, 0x54, 0x1C, 0x52, 0x38, 0x3B, 0x3E, 0x13, 0xC3, 0x73, 0x44, 0x69, 0x26, 0x03,
    0xFE, 0xB7, 0xD5, 0x84, 0xF3, 0xEC, 0x8C, 0xCA, 0x22, 0x1A, 0x1C, 0xA3, 0x13, 0x63, 0xCB, 0x73,
    0x6E, 0x8B, 0x42, 0x8B, 0xD7, 0x4C, 0xF2, 0xB9, 0x8C, 0xEA, 0xA4, 0xBD, 0x35, 0x2F, 0x62, 0x2D,
    0xFA, 0xA8, 0x16, 0xA2, 0x7E, 0xFD, 0x9F, 0xE4, 0xB6, 0x0E, 0xA8, 0x5E, 0xD7, 0x87, 0x8F, 0xBB,
    0xBF, 0x90, 0x43, 0xCD, 0xE8, 0xB8, 0x75, 0x25, 0x45, 0x96, 0xCC, 0x98, 0x76, 0x2A, 0x0E, 0x43,
    0xD9, 0x20, 0x64, 0xA7, 0xBE, 0x2D, 0xCC, 0xB4, 0x3C, 0x51, 0xD2, 0x2E, 0x0A, 0xAC, 0x5F, 0x43,
    0x81, 0xFC, 0xAF, 0x28, 0xF0, 0xB5, 0xB7, 0x4D, 0x8E, 0x54, 0xF0, 0x40, 0xD3, 0xED, 0x01, 0xF9,
    0xA7, 0x77, 0xC2, 0x05, 0xC5, 0xBF, 0xD5, 0xB8, 0x72, 0x46, 0x2A, 0xDA, 0xB4, 0x74, 0x67, 0xB9,
    0xEF, 0x29, 0xF6, 0xEE, 0xDD, 0x46, 0x2E, 0x9C, 0x19, 0xAE, 0x30, 0x6E, 0x6F, 0x6E, 0x61, 0x40,
    0x5B, 0x1E, 0x93, 0xDB, 0xDF, 0x5B, 0x93, 0x0B, 0x0E, 0xA2, 0x48, 0xF0, 0x25, 0x30, 0x81, 0x2D,
    0xCA, 0x10, 0x57, 0x1C, 0x85, 0x13, 0x25, 0x57, 0x61, 0x40, 0x05, 0x52, 0x0C, 0x67, 0x2F, 0xAE,
    0x96, 0xA6, 0x1E, 0xC7, 0x09, 0xBF, 0x02, 0xA6, 0x0C, 0x32, 0xC6, 0x2E, 0x15, 0xC2, 0x4D, 0x54,
    0xE1, 0xB2, 0x19, 0x8E, 0x86, 0x39, 0x32, 0x09, 0x6B, 0x77, 0xB0, 0xC5, 0xB8, 0x07, 0xED, 0x29,
    0x9F, 0xDE, 0x73, 0xCC, 0x95, 0x13, 0x5D, 0x69, 0xF0, 0xA4, 0x0D, 0xAB, 0xE4, 0x9E, 0xF6, 0xFF,
    0x31, 0x05, 0x0B, 0xFF, 0xD9, 0xEA, 0xA8, 0x4B, 0xF2, 0x35, 0x6F, 0xB4, 0x26, 0x17, 0xE4, 0xE0,
    0x0B, 0xAC, 0xED, 0x3F, 0xC0, 0x32, 0xEE, 0x5D, 0xB5, 0x13, 0xEB, 0xE1, 0x6A, 0xC0, 0xCB, 0x4B,
    0x2C, 0xF7, 0xAE, 0x22, 0x97, 0xFB, 0xA9, 0xBD, 0xF0, 0xC8, 0x75, 0x4A, 0x9A, 0x52, 0x18, 0x32,
    0xD2, 0x1D, 0x51, 0x22, 0xE3, 0xD6, 0x84, 0x48, 0x24, 0xFC, 0x69, 0x2E, 0x92, 0x91, 0x19, 0x5C,
    0xCA, 0x60, 0x28, 0x10, 0x74, 0x9B, 0x95, 0x5E, 0x7F, 0x06, 0xA4, 0x24, 0xE9, 0xB7, 0x8A, 0x3F,
    0x56, 0xFE, 0xBA, 0xA2, 0x6A, 0xCC, 0x3A, 0xCE, 0x27, 0x1F, 0xC5, 0x3D, 0xFB, 0xFD, 0xA7, 0xF6,
    0x7E, 0xF7, 0xF5, 0xFF, 0x18, 0x46, 0x1D, 0x48, 0x50, 0x62, 0x01, 0x9A, 0xAE, 0xFE, 0xDF, 0x31,
    0x8A, 0x65, 0x35, 0x54, 0x20, 0x98, 0xAD, 0x1E, 0xA2, 0xF2, 0xCD, 0x31, 0xC8, 0x62, 0xBB, 0xCD,
    0x9E, 0x96, 0x7B, 0xDA, 0x7D, 0x60, 0x2E, 0xFD, 0x11, 0x98, 0x25, 0xFC, 0x25, 0x44, 0xE8, 0x7C,
    0xB6, 0x4B, 0x8E, 0x24, 0xBF, 0x34, 0x98, 0xBB, 0x86, 0xFE, 0x06, 0x0F, 0xF9, 0x81, 0x01, 0x70,
    0xBD, 0xCA, 0xE3, 0xD4, 0xB0, 0x2D, 0x42, 0x8D, 0xF9, 0x75, 0x41, 0xF4, 0x1E, 0xDF, 0x57, 0x14,
    0x9F, 0x81, 0x19, 0x23, 0x4B, 0x38, 0x34, 0xA5, 0x24, 0x9F, 0xC3, 0xD6, 0x6F, 0x25, 0x77, 0x37,
    0xB9, 0xB2, 0x24, 0xCD, 0x92, 0x3D, 0xEF, 0x7E, 0xE5, 0x02, 0xC7, 0x2C, 0xEA, 0xA0, 0xFE, 0x3D,
    0x1C, 0xB5, 0x10, 0xCA, 0x17, 0x93, 0xF3, 0xF2, 0x0B, 0xC0, 0x3E, 0x4E, 0x7B, 0x2C, 0x6C, 0x44,
    0x37, 0xA7, 0xFE, 0x86, 0xD8, 0x21, 0x78, 0x47, 0x4B, 0x6A, 0x5C, 0xEE, 0x85, 0xDD, 0x5E, 0x25,
    0x10, 0x37, 0x21, 0xEE, 0x8B, 0xF3, 0xC8, 0xC7, 0x16, 0xC8, 0x86, 0x35, 0xFA, 0xCE, 0xED, 0xA3,
    0x3A, 0xD6, 0xC5, 0xEB, 0xB0, 0xCB, 0x6B, 0xCF, 0x2A, 0x42, 0x68, 0x8C, 0x1F, 0xFC, 0x05, 0x62,
    0xDF, 0x4E, 0xB3, 0xDF, 0xD4, 0x61, 0x19, 0x5C, 0x69, 0x69, 0x90, 0x28, 0x67, 0xBD, 0xA7, 0x37,
    0x70, 0x1F, 0x72, 0xA1, 0xF3, 0x10, 0x5F, 0xDC, 0xC6, 0xC1, 0xB2, 0x25, 0x4A, 0x0C, 0x7D, 0x8E,
    0x70, 0x03, 0xD6, 0x7A, 0x56, 0x52, 0x17, 0x53, 0x7C, 0xA7, 0x3B, 0x5F, 0xCD, 0xC8, 0x6F, 0x0E,
    0x22, 0xB4, 0xD2, 0xA4, 0xF8, 0x92, 0x78, 0x23, 0x41, 0x03, 0x05, 0xE3, 0x9A, 0x80, 0x48, 0x3F,
    0xFA, 0x69, 0x42, 0x0F, 0xEB, 0xFD, 0x49, 0xED, 0x70, 0x83, 0xE0, 0xE6, 0xF2, 0x71, 0xEF, 0x79,
    0x7E, 0xF2, 0xE4, 0xF9, 0x3B, 0x45, 0x65, 0x27, 0xB1, 0x64, 0x1C, 0xEF, 0xCA, 0x84, 0x9C, 0xDE,
    0x83, 0xF4, 0x1E, 0xE1, 0x94, 0xDD, 0xE5, 0xB3, 0xDD, 0xD9, 0xA7, 0x79, 0xA2, 0xE6, 0x57, 0x61,
    0x20, 0x23, 0x89, 0x8B, 0xF6, 0xEA, 0x20, 0xB7, 0x93, 0xFF, 0xAA, 0x62, 0x82, 0x80, 0xF9, 0x7C,
    0x20, 0x2E, 0x3E, 0xC9, 0xCD, 0x7C, 0x69, 0xBD, 0x85, 0xEF, 0x22, 0x4D, 0xBB, 0x03, 0x25, 0x71,
    0x13, 0x77, 0xA7, 0x17, 0xE9, 0x5E, 0x21, 0xBD, 0xBF, 0x0E, 0x92, 0x8A, 0x2A, 0x7B, 0xF9, 0x12,
    0xB7, 0xD2, 0x82, 0xF9, 0x92, 0xFC, 0x9A, 0xF2, 0x4F, 0xCB, 0x64, 0xFF, 0x20, 0xDF, 0x50, 0xC3,
    0x70, 0x81, 0x6D, 0xC2, 0x5F, 0x7D, 0xE7, 0x0B, 0x05, 0x0C, 0x8C, 0x4B, 0x18, 0xEC, 0x0F, 0x70,
    0xFF, 0x63, 0xFC, 0xF0, 0xC5, 0x82, 0xE9, 0x00, 0x03, 0x03, 0xC3, 0x0F, 0x1E, 0xF9, 0x6F, 0xCD,
    0xFD, 0x5F, 0x0C, 0xF4, 0x18, 0x18, 0x98, 0xFF, 0x7F, 0x0D, 0x75, 0x10, 0x60, 0x70, 0x6E, 0xD0,
    0x91, 0x65, 0x77, 0xF8, 0xFF, 0x81, 0xE9, 0x07, 0x43, 0xED, 0xFF, 0xFF, 0xB5, 0xB5, 0xF2, 0xF5,
    0xE7, 0xFF, 0x7F, 0xFE, 0xFB, 0xA5, 0x96, 0x81, 0xF9, 0x87, 0xFD, 0x07, 0x79, 0xC6, 0x07, 0x5F,
    0x80, 0xBA, 0xF8, 0xCF, 0x65, 0x33, 0x5F, 0xBC, 0x7F, 0x81, 0xC1, 0x5E, 0xFF, 0x3E, 0x7F, 0xB7,
    0x77, 0x53, 0x73, 0x83, 0x00, 0x83, 0xD3, 0x85, 0x0A, 0xFE, 0xF5, 0x0C, 0xF5, 0x17, 0x80, 0xDA,
    0xFE, 0xD9, 0x73, 0x1F, 0xBE, 0xB0, 0xA3, 0x82, 0x9B, 0x0B, 0xA8, 0xB2, 0xFE, 0x02, 0xFF, 0x7F,
    0xA6, 0x0B, 0x15, 0x26, 0x8C, 0x07, 0x19, 0x58, 0x18, 0xE4, 0xB6, 0xFC, 0xF8, 0x5F, 0xCB, 0xB0,
    0x80, 0xFD, 0x01, 0xFF, 0x81, 0xDA, 0xFD, 0x0F, 0x18, 0x50, 0xCD, 0x97, 0xF7, 0xFF, 0xF0, 0x47,
    0x4E, 0x8E, 0x95, 0x81, 0xC9, 0xA1, 0x80, 0x8F, 0xF9, 0x2F, 0xFB, 0x07, 0xBE, 0xAF, 0xB7, 0x81,
    0x56, 0xB1, 0x31, 0x5C, 0xD0, 0x61, 0x77, 0xF8, 0xC0, 0xCF, 0xF0, 0x77, 0xF1, 0x17, 0x14, 0xB7,
    0x41, 0x9C, 0x0B, 0x74, 0xCA, 0xFF, 0xFF, 0xA1, 0xA1, 0x01, 0x00, 0xC5, 0x5A, 0x3D, 0x8C, 0x15,
    0xD7, 0x15, 0x3E, 0x33, 0x83, 0x19, 0x87, 0xB1, 0x77, 0x50, 0x64, 0x29, 0xB6, 0x61, 0x19, 0x97,
    0x9B, 0x68, 0xE1, 0x51, 0x10, 0x8B, 0x62, 0x97, 0x19, 0x4C, 0x11, 0x45, 0x29, 0xB0, 0x94, 0x90,
    0x14, 0x14, 0x76, 0x91, 0xC2, 0x58, 0x91, 0x96, 0x48, 0x14, 0x14, 0xC0, 0x1B, 0x1B, 0x45, 0x29,
    0x50, 0x14, 0x8A, 0x28, 0x4D, 0x0A, 0x53, 0xB8, 0x70, 0x70, 0xB1, 0x5B, 0xB8, 0xA0, 0xC0, 0x3B,
    0x23, 0x88, 0x42, 0x81, 0x22, 0x8F, 0x1C, 0x59, 0x14, 0x14, 0x1E, 0x61, 0x1B, 0x2B, 0x50, 0x30,
    0x96, 0x1E, 0xF6, 0x2C, 0xCC, 0x9B, 0x9B, 0xEF, 0x3B, 0x33, 0xF3, 0xDE, 0xEE, 0x1A, 0x96, 0xF5,
    0x12, 0x9C, 0x87, 0x19, 0xDE, 0xBB, 0x33, 0x73, 0xEF, 0xF9, 0xCE, 0xCF, 0x77, 0xCE, 0xB9, 0xD7,
    0x22, 0x41, 0x2A, 0x22, 0xF6, 0x10, 0x17, 0x09, 0x0B, 0x5C, 0x3C, 0xC3, 0xAF, 0x77, 0x4A, 0x5C,
    0x26, 0xFB, 0xB8, 0xE7, 0x5C, 0xAE, 0xF1, 0xF5, 0x58, 0x80, 0x7B, 0x9E, 0x98, 0x48, 0x24, 0xF7,
    0x2A, 0x91, 0x5D, 0xE7, 0x93, 0x4C, 0x1C, 0x63, 0x70, 0xEF, 0x98, 0xE0, 0x9E, 0x2F, 0x62, 0x62,
    0xC9, 0xC5, 0xAD, 0x64, 0x1A, 0x13, 0xE5, 0x4E, 0x2A, 0xB6, 0x71, 0x4C, 0x6C, 0x1B, 0x9D, 0x0E,
    0x1F, 0x6B, 0xA0, 0x4B, 0x70, 0x35, 0xA7, 0xE2, 0xD7, 0x00, 0x73, 0x6D, 0x36, 0x91, 0x7F, 0x78,
    0xE0, 0xA7, 0xC6, 0x8E, 0x71, 0x07, 0xF3, 0x24, 0x95, 0x5D, 0x1A, 0xBB, 0x0A, 0x53, 0xE3, 0x17,
    0xE1, 0xF5, 0xCA, 0x33, 0xFD, 0x62, 0xD1, 0xCB, 0xDB, 0xC7, 0xFD, 0x42, 0x5F, 0x3D, 0x29, 0xDD,
    0x27, 0x8C, 0x71, 0xF1, 0x9B, 0xD9, 0x78, 0xD9, 0x86, 0x29, 0xE5, 0x07, 0xA3, 0xDB, 0xA2, 0x77,
    0x92, 0xA8, 0x83, 0x16, 0x10, 0xA5, 0x9F, 0xE0, 0x25, 0xF7, 0x20, 0x7E, 0xDB, 0x8A, 0x2C, 0x27,
    0xC8, 0x05, 0x1F, 0xD2, 0xCD, 0x58, 0x90, 0x35, 0x20, 0x30, 0xDF, 0x98, 0x4A, 0x9C, 0x58, 0x8C,
    0xD8, 0x29, 0xC0, 0x48, 0x41, 0x5C, 0xC7, 0x08, 0x71, 0x46, 0xA4, 0x57, 0x18, 0xC8, 0x69, 0x52,
    0x1B, 0x2A, 0xC2, 0x5C, 0x16, 0x66, 0xC2, 0xE8, 0x09, 0x91, 0x4D, 0xBA, 0xE6, 0xB6, 0xA1, 0xCC,
    0xCE, 0x65, 0xA1, 0x53, 0x6D, 0xC1, 0xEB, 0xD2, 0x4F, 0x6D, 0x53, 0x78, 0x9F, 0x55, 0x5E, 0x61,
    0x1C, 0xA2, 0x9A, 0x2B, 0x7A, 0xF7, 0xCC, 0xA5, 0xB2, 0x47, 0xC1, 0x6D, 0x15, 0x6F, 0x16, 0x7F,
    0xFB, 0x67, 0x28, 0xDD, 0x87, 0xB8, 0xB8, 0xF1, 0x07, 0xB2, 0xE2, 0xE3, 0x50, 0x70, 0xE9, 0xF3,
    0x79, 0x4F, 0x9F, 0x37, 0xD4, 0xC6, 0x4E, 0x6A, 0xD5, 0xF9, 0x88, 0x2A, 0x3D, 0x46, 0xF9, 0x7D,
    0x87, 0xD0, 0xF2, 0x1E, 0x1E, 0x9E, 0xA6, 0x91, 0x9C, 0x5B, 0xF3, 0x90, 0xAE, 0x6F, 0x4C, 0x0A,
    0xCB, 0x38, 0xB5, 0x58, 0x19, 0x95, 0x3B, 0x4D, 0x04, 0x80, 0x85, 0x89, 0x2E, 0xE0, 0x6E, 0xDE,
    0x2F, 0xF0, 0x48, 0x26, 0xB2, 0x05, 0x28, 0x2A, 0x79, 0x3D, 0x94, 0xE0, 0x72, 0xEC, 0xD4, 0x5B,
    0x65, 0x30, 0x90, 0x49, 0x3B, 0xED, 0x24, 0x98, 0x1B, 0x10, 0x10, 0x6C, 0x24, 0xE7, 0x60, 0x00,
    0xE8, 0x08, 0x88, 0x60, 0x24, 0x49, 0xFC, 0xC2, 0x2F, 0x8C, 0x00, 0x92, 0x57, 0x27, 0x45, 0xEF,
    0xED, 0x52, 0xFC, 0x7C, 0x64, 0x09, 0xD9, 0xAB, 0x22, 0x07, 0x8B, 0x8A, 0xE9, 0xC2, 0x2A, 0x4C,
    0x83, 0x91, 0xF1, 0xBE, 0x8D, 0xA9, 0x5C, 0x03, 0x53, 0xB5, 0x26, 0xA6, 0x0F, 0x88, 0x29, 0x29,
    0x24, 0x34, 0x19, 0x0D, 0xDB, 0xE3, 0xF4, 0xA7, 0x73, 0xB1, 0xFE, 0x8C, 0xE5, 0x76, 0xC1, 0x3E,
    0x7B, 0x27, 0x44, 0xB6, 0x5A, 0x8D, 0x08, 0x1E, 0xE6, 0x5E, 0x32, 0x91, 0x53, 0x84, 0xA9, 0x93,
    0xD1, 0x29, 0xF1, 0xD7, 0xC5, 0xCC, 0xFD, 0x30, 0xA5, 0xF7, 0xD1, 0x56, 0xCE, 0x30, 0x81, 0xF1,
    0xB0, 0x66, 0xEB, 0x80, 0xEA, 0xC4, 0x1A, 0x27, 0x9B, 0xE9, 0x3C, 0xEF, 0xEE, 0xA0, 0x6F, 0xFD,
    0x13, 0xCE, 0xD5, 0x9B, 0xA3, 0xE0, 0xF1, 0xD4, 0x08, 0xDF, 0x53, 0x0A, 0xB2, 0x1C, 0xF9, 0xBB,
    0x57, 0x2B, 0x48, 0x5A, 0x72, 0x92, 0x11, 0xE4, 0x5C, 0x25, 0xEA, 0xE3, 0xBC, 0xE7, 0x39, 0xEA,
    0x83, 0x8C, 0xAE, 0xC9, 0x15, 0x20, 0x33, 0x44, 0x9B, 0x0D, 0x8D, 0xE4, 0x04, 0xB9, 0x53, 0x41,
    0xA6, 0xF4, 0xC2, 0xE3, 0x8C, 0xAE, 0xFE, 0x80, 0x20, 0x75, 0xAD, 0x53, 0x91, 0xF4, 0x4A, 0x2A,
    0xFD, 0x75, 0x37, 0xEE, 0x07, 0x31, 0x9C, 0x75, 0x76, 0x76, 0x99, 0xF5, 0xD6, 0xE1, 0x8D, 0x37,
    0xCA, 0x5E, 0x86, 0xE8, 0x3C, 0x87, 0xA7, 0xAF, 0x17, 0x23, 0xA0, 0x94, 0xD0, 0x82, 0x42, 0xC4,
    0xCA, 0x8F, 0x3F, 0x34, 0x9E, 0xAA, 0x2E, 0x9E, 0x9C, 0x07, 0xC6, 0x93, 0xBD, 0x2C, 0x9E, 0xCA,
    0x47, 0xC6, 0x93, 0xFB, 0x71, 0xEC, 0xCC, 0xA7, 0x12, 0x45, 0x62, 0xA9, 0x3F, 0x5A, 0xF7, 0x41,
    0x28, 0xBA, 0xF6, 0x23, 0x59, 0x02, 0xFE, 0xA7, 0x46, 0x52, 0x6D, 0xFB, 0xEA, 0x47, 0xD9, 0x89,
    0x95, 0x3E, 0xA7, 0x80, 0xA4, 0x47, 0xA5, 0x39, 0x4A, 0x49, 0x09, 0x11, 0x4C, 0x80, 0xB4, 0xC4,
    0xBA, 0xC6, 0x7B, 0x33, 0x90, 0x4B, 0xDC, 0xFD, 0xBC, 0xA7, 0xD2, 0x4F, 0x48, 0x02, 0x0E, 0xBB,
    0xF5, 0x3E, 0x2C, 0x1E, 0x1A, 0x38, 0xA8, 0x1B, 0x91, 0x1E, 0xC0, 0x74, 0x25, 0x6E, 0x51, 0x93,
    0x29, 0x9D, 0x50, 0xE5, 0x0F, 0x4B, 0xE9, 0x99, 0x4E, 0x75, 0xA4, 0xB5, 0x96, 0xE1, 0x54, 0x1C,
    0xE5, 0xBD, 0xDF, 0xE2, 0x0D, 0x1A, 0x4E, 0x66, 0x77, 0xCA, 0xA4, 0xB5, 0x6E, 0xE3, 0x0C, 0x3B,
    0xAA, 0x20, 0xE7, 0x61, 0x36, 0xC6, 0x1F, 0xA7, 0xB3, 0xD4, 0xB7, 0x76, 0xA9, 0x9B, 0xF1, 0xF6,
    0xF6, 0x1F, 0xC6, 0x1D, 0x22, 0xEB, 0xDD, 0x91, 0x07, 0x7E, 0x1B, 0x32, 0xDF, 0x9D, 0xA0, 0xBD,
    0xAC, 0x7F, 0x8F, 0x20, 0x3B, 0x6F, 0xAD, 0x84, 0x6C, 0xDD, 0x6B, 0x21, 0xC3, 0x48, 0x31, 0x21,
    0x2F, 0x8C, 0x21, 0x67, 0x2D, 0xE4, 0xB0, 0x08, 0x2B, 0x85, 0x8C, 0xE4, 0xE1, 0x41, 0x0F, 0x00,
    0x94, 0xCA, 0xB3, 0x0E, 0xD8, 0x3E, 0x6D, 0xD6, 0x83, 0xEB, 0x46, 0xFE, 0x3B, 0x34, 0x99, 0x46,
    0x17, 0xE4, 0xEE, 0x57, 0x56, 0xF5, 0x00, 0x93, 0xD9, 0xAA, 0x36, 0x4F, 0x31, 0x4E, 0xF3, 0x32,
    0x75, 0x60, 0x44, 0x08, 0xCB, 0xA0, 0xD8, 0xE3, 0x60, 0x72, 0x87, 0x2B, 0x83, 0xC9, 0xD6, 0x60,
    0xDA, 0xAB, 0xC1, 0x64, 0xD3, 0x01, 0x8B, 0x55, 0xC1, 0x14, 0x8E, 0x83, 0xA9, 0xA0, 0x24, 0x93,
    0xE3, 0x60, 0x3A, 0x41, 0x9B, 0x84, 0x1A, 0x4C, 0x41, 0xC3, 0xE4, 0x90, 0xC1, 0x8E, 0x36, 0x06,
    0xA5, 0xF9, 0xF8, 0x7C, 0xC7, 0xA2, 0xF3, 0x6D, 0xDA, 0xC7, 0x50, 0xFF, 0xC3, 0xB9, 0x2E, 0x5A,
    0x9A, 0xCF, 0x7B, 0x0A, 0x84, 0x3E, 0x42, 0x62, 0x6B, 0x92, 0x97, 0x4B, 0x2F, 0x74, 0x3E, 0xE5,
    0xEF, 0xCF, 0x88, 0x6E, 0x81, 0x21, 0x34, 0x43, 0x8B, 0x4C, 0x12, 0x91, 0x0F, 0xD5, 0x37, 0x8C,
    0x8E, 0x6C, 0xAA, 0x28, 0xC2, 0x0C, 0xD1, 0x03, 0xC6, 0x83, 0x29, 0x8C, 0xEC, 0x20, 0x08, 0x2F,
    0xC2, 0xEF, 0x5E, 0x25, 0x41, 0xE3, 0x87, 0xFB, 0xA0, 0x37, 0x08, 0x32, 0x45, 0x45, 0xF0, 0xBF,
    0x6C, 0x8F, 0x04, 0x65, 0x27, 0x42, 0x6F, 0x40, 0xEA, 0xAB, 0xFC, 0x62, 0x96, 0x6E, 0x6A, 0xC8,
    0x7B, 0xC1, 0x47, 0x45, 0xEF, 0x32, 0x46, 0x0C, 0x49, 0x2F, 0xB9, 0x6D, 0xBC, 0x7C, 0xB1, 0x7B,
    0xFA, 0x14, 0x79, 0xED, 0x65, 0x8A, 0xA9, 0xF9, 0xCD, 0x89, 0x08, 0xA8, 0x3F, 0x62, 0x44, 0x51,
    0x23, 0xF5, 0x15, 0x55, 0xDE, 0x01, 0xF2, 0x94, 0xE5, 0xE6, 0x0B, 0x3A, 0x1A, 0x01, 0x15, 0xF4,
    0xB9, 0xBD, 0xB4, 0xCB, 0xB4, 0xD3, 0x01, 0x72, 0x6F, 0xCD, 0x0F, 0x58, 0x41, 0x18, 0x30, 0x0C,
    0x01, 0xA9, 0x9B, 0xCD, 0x30, 0xBF, 0x4C, 0x72, 0x2A, 0x9F, 0xB9, 0xA1, 0xF5, 0x32, 0x51, 0x7A,
    0xFA, 0xB2, 0x90, 0xAD, 0x5B, 0x1B, 0x11, 0xB2, 0x65, 0x02, 0x24, 0x99, 0xF3, 0xE5, 0x90, 0x3C,
    0x3E, 0x68, 0xCA, 0x83, 0xC0, 0x90, 0xC4, 0x91, 0x9C, 0x42, 0x00, 0xFA, 0xDA, 0x90, 0xC1, 0x99,
    0x9B, 0xC0, 0x3C, 0xF4, 0xAF, 0x80, 0xAA, 0x96, 0x7E, 0xB6, 0x92, 0xAB, 0x9B, 0x48, 0x09, 0x33,
    0xB5, 0xC5, 0xCA, 0x48, 0xB1, 0xAF, 0x3C, 0x9A, 0x1C, 0x8A, 0xC7, 0x22, 0x87, 0xED, 0x92, 0x3A,
    0xF1, 0x02, 0x97, 0xF4, 0xD6, 0x6F, 0xA2, 0x6F, 0x3A, 0x13, 0x71, 0x06, 0xD3, 0xA4, 0x2F, 0x05,
    0x35, 0xD5, 0xA3, 0x4A, 0xCD, 0xA1, 0xC3, 0x29, 0x86, 0xA8, 0x92, 0x67, 0x31, 0x83, 0x1D, 0x1B,
    0xD9, 0x8D, 0x67, 0x9E, 0x81, 0xFB, 0x3A, 0x54, 0x7A, 0x8A, 0x27, 0x8E, 0x8E, 0x07, 0xB0, 0x06,
    0x9E, 0x90, 0xDD, 0x78, 0x65, 0x06, 0xAF, 0x04, 0xCE, 0xF0, 0xD0, 0x6B, 0x67, 0x8C, 0xD1, 0x14,
    0x73, 0xB4, 0xA1, 0x1C, 0xD3, 0x8A, 0x8C, 0x55, 0x2C, 0x13, 0xFB, 0xD7, 0x8B, 0xF0, 0x95, 0xB2,
    0x8F, 0x38, 0x30, 0x95, 0x39, 0xF4, 0x2B, 0xA3, 0xD5, 0x5F, 0x92, 0x3F, 0x1D, 0x9A, 0xCA, 0x37,
    0xB9, 0x4D, 0xF3, 0x2B, 0x67, 0x19, 0xFD, 0xAF, 0x2D, 0xD8, 0xDC, 0xB2, 0x4D, 0x29, 0x0C, 0x7A,
    0x9D, 0xF4, 0x55, 0x8D, 0xAF, 0xB7, 0xB1, 0x52, 0xE1, 0xDF, 0x3D, 0x74, 0x11, 0x72, 0xF8, 0x11,
    0x9E, 0x67, 0x9C, 0x4D, 0x35, 0x82, 0x81, 0x2B, 0x0D, 0x44, 0xC0, 0xBC, 0xE2, 0xDF, 0x3D, 0xDC,
    0x0D, 0x10, 0x8B, 0x3C, 0x4D, 0x7B, 0xE3, 0x15, 0x07, 0x95, 0x89, 0x55, 0x84, 0x9F, 0x1C, 0x2A,
    0x13, 0x63, 0xE8, 0x6D, 0xAE, 0x48, 0xC9, 0xE8, 0x46, 0x3C, 0x23, 0xCC, 0x11, 0x8A, 0x2A, 0x4D,
    0x12, 0xFB, 0x9F, 0x66, 0x43, 0xFF, 0x4A, 0x11, 0xF6, 0x4D, 0x6D, 0x0E, 0xFD, 0xB2, 0xA2, 0xB1,
    0x7A, 0x83, 0xA7, 0x42, 0x53, 0xF4, 0x4D, 0xD4, 0x6B, 0xFD, 0xC9, 0xFF, 0x18, 0x8C, 0x06, 0xF6,
    0x71, 0x7E, 0x36, 0x0A, 0xD9, 0x2D, 0xC8, 0x5E, 0x26, 0x0D, 0x6F, 0xBD, 0x8F, 0x72, 0x47, 0x68,
    0x0F, 0x97, 0x32, 0x9E, 0x0B, 0xD3, 0xED, 0x50, 0x9E, 0x07, 0x91, 0x60, 0x6C, 0xFA, 0x40, 0xF8,
    0xC9, 0xEF, 0xDA, 0x01, 0x95, 0x51, 0x5E, 0x82, 0x8C, 0xCF, 0xE0, 0x15, 0x9F, 0xAF, 0xA4, 0xE6,
    0xD0, 0x6F, 0x6E, 0x60, 0x1E, 0xA2, 0xDE, 0xAE, 0x4E, 0x9C, 0xEF, 0xF6, 0xAA, 0x85, 0x89, 0x30,
    0x7B, 0xA6, 0x21, 0x3F, 0x51, 0xB5, 0x5E, 0x2B, 0xC2, 0xFD, 0x65, 0x5F, 0xA0, 0xD6, 0xE1, 0x32,
    0xB5, 0x3E, 0xA5, 0x6A, 0x2D, 0x2C, 0x55, 0x2B, 0xB9, 0x03, 0xA5, 0x8D, 0x99, 0x68, 0x48, 0x70,
    0x10, 0x74, 0x72, 0xDA, 0xA7, 0x55, 0x8F, 0xF7, 0xCE, 0x57, 0xAD, 0x1E, 0xAD, 0x56, 0x8F, 0x6E,
    0x2B, 0x23, 0x42, 0x6C, 0xAC, 0x47, 0xBB, 0x55, 0xEC, 0x5A, 0x7A, 0x24, 0xBB, 0x9E, 0x15, 0xF9,
    0x50, 0xDE, 0xF0, 0x23, 0xFF, 0xAB, 0xCC, 0x36, 0x7F, 0x91, 0x13, 0x33, 0x70, 0xF0, 0x91, 0x6A,
    0xC0, 0x29, 0x10, 0xD9, 0x19, 0x04, 0x31, 0x5C, 0x01, 0x6A, 0xCA, 0x20, 0x34, 0x66, 0xA3, 0xD4,
    0xA8, 0x79, 0x22, 0xAE, 0x86, 0x0E, 0x81, 0xEE, 0xA0, 0x04, 0x41, 0xF7, 0xB6, 0x2F, 0x57, 0x2D,
    0x7D, 0xCF, 0xBA, 0xA3, 0x12, 0x73, 0x0B, 0x79, 0xA0, 0x70, 0xEA, 0xF3, 0x09, 0x05, 0x1A, 0xA8,
    0x8E, 0x29, 0xBB, 0xAA, 0x32, 0x44, 0xE0, 0xAA, 0xBC, 0x9C, 0xCE, 0x19, 0xFE, 0xBA, 0x1B, 0xD1,
    0x5B, 0xF2, 0x34, 0x9D, 0x97, 0xBE, 0x3E, 0xA3, 0x6A, 0xA6, 0xF8, 0x8C, 0x00, 0x6A, 0xEA, 0xE8,
    0x8F, 0x71, 0x21, 0x90, 0xF2, 0xC5, 0x48, 0x50, 0xA9, 0xCA, 0x2F, 0xC0, 0x3D, 0x27, 0x67, 0x91,
    0x32, 0xA7, 0x65, 0x19, 0x02, 0xE7, 0x6E, 0x25, 0xD0, 0xBA, 0x55, 0x39, 0x05, 0x21, 0x60, 0x06,
    0x5A, 0x8F, 0x3C, 0x05, 0x0C, 0xAF, 0x62, 0x08, 0x15, 0x45, 0xD1, 0xA6, 0x1D, 0x7E, 0x98, 0x63,
    0x7E, 0x94, 0xC9, 0x8B, 0xD1, 0x40, 0x82, 0xBB, 0xB9, 0xF8, 0xF3, 0xF0, 0x1A, 0x6B, 0xA4, 0x92,
    0xE9, 0x50, 0xE3, 0xEF, 0xFC, 0x7C, 0xD6, 0xC6, 0xDF, 0x04, 0xE4, 0xB2, 0xA0, 0xDA, 0xA3, 0x5B,
    0x29, 0xB6, 0x3A, 0x48, 0x13, 0x7F, 0x0B, 0xD2, 0x0C, 0xB8, 0x1A, 0x7F, 0xAF, 0x62, 0xCD, 0x3D,
    0x78, 0x65, 0xBA, 0x8B, 0xBF, 0xAB, 0xC6, 0x68, 0x16, 0x3C, 0xD6, 0xC8, 0x19, 0x2B, 0x3B, 0x04,
    0xF2, 0x86, 0x1B, 0x87, 0x57, 0x63, 0xF0, 0x43, 0xE0, 0xC3, 0x12, 0x1D, 0x0B, 0x42, 0x3A, 0xFF,
    0x5A, 0xEE, 0x67, 0x1F, 0xBA, 0x45, 0x70, 0x19, 0xAA, 0x84, 0x1D, 0x98, 0xAB, 0x98, 0x31, 0xE2,
    0x97, 0x42, 0x53, 0x3A, 0xA8, 0xBF, 0x7A, 0x9F, 0xC3, 0x71, 0x7E, 0x8E, 0x74, 0x90, 0x2C, 0xEB,
    0x9E, 0x58, 0x3B, 0xEE, 0xF4, 0xA2, 0x27, 0xE2, 0x3E, 0x62, 0x7F, 0x7E, 0xCE, 0x9D, 0x4B, 0x37,
    0x59, 0x9A, 0x88, 0x8C, 0x38, 0xB7, 0x53, 0x6F, 0x7F, 0xBE, 0x5E, 0x4F, 0xF7, 0x10, 0x2A, 0xDE,
    0x1D, 0xE8, 0x36, 0x5A, 0xE8, 0x74, 0x3B, 0xD5, 0xE9, 0xB6, 0xE3, 0xB6, 0xC9, 0xFF, 0x39, 0xB7,
    0xC9, 0x1B, 0xCC, 0x40, 0x8E, 0x89, 0xBC, 0x3F, 0xA6, 0x23, 0xF5, 0x6E, 0x88, 0xF0, 0x50, 0xFF,
    0xA3, 0x47, 0x2C, 0xB0, 0xC0, 0x59, 0xD6, 0x5F, 0x95, 0x4F, 0xB7, 0x36, 0x58, 0x07, 0x52, 0x3D,
    0xEC, 0x0B, 0xD0, 0x05, 0x19, 0x4C, 0x72, 0x51, 0xF6, 0x3A, 0x05, 0x3B, 0x95, 0xCD, 0x0B, 0xE8,
    0xAC, 0x0A, 0x7F, 0xD5, 0x9F, 0x7E, 0x6D, 0x6A, 0xBF, 0x58, 0xFB, 0x0F, 0x3B, 0x73, 0x37, 0xE3,
    0x37, 0x37, 0xEB, 0xFE, 0x6D, 0xD1, 0x2C, 0xF4, 0x51, 0x22, 0xAD, 0x7E, 0x1E, 0xA9, 0x76, 0xF4,
    0x3C, 0x18, 0xF0, 0xAC, 0xD8, 0x4B, 0x73, 0xE0, 0x34, 0x98, 0x01, 0xDD, 0x9A, 0x57, 0xA0, 0x0A,
    0xF5, 0x73, 0x58, 0xB5, 0x77, 0x15, 0x9E, 0xDE, 0x47, 0xF2, 0x13, 0x56, 0x22, 0x80, 0x25, 0x1A,
    0x1D, 0xF0, 0x0C, 0x0E, 0xA1, 0x35, 0x70, 0x96, 0xB0, 0x70, 0xC0, 0x20, 0x5F, 0x84, 0x06, 0xDC,
    0x02, 0xA4, 0xDF, 0x47, 0x30, 0x1D, 0x46, 0x1F, 0x96, 0x8C, 0xD2, 0xDB, 0xC9, 0x2E, 0x0B, 0xFA,
    0x45, 0x93, 0x14, 0xAD, 0x24, 0xB3, 0x97, 0x12, 0xA7, 0xF4, 0xBF, 0xAA, 0xAC, 0xA1, 0xE1, 0x6C,
    0x98, 0x95, 0xB3, 0xD7, 0x49, 0x14, 0x1E, 0xCC, 0x7B, 0x71, 0x3D, 0x17, 0xBB, 0x75, 0xF4, 0xED,
    0x7D, 0x00, 0x67, 0x69, 0xB4, 0x03, 0x40, 0x4B, 0x2A, 0xA5, 0xBC, 0x3B, 0x2A, 0x0D, 0x70, 0xB3,
    0xF7, 0x57, 0xC3, 0x1E, 0x1A, 0xD3, 0x44, 0x92, 0xB0, 0x8C, 0xAC, 0x51, 0xA1, 0xD9, 0x15, 0x62,
    0xC0, 0xBD, 0xBF, 0x52, 0xF8, 0x11, 0x9E, 0xFB, 0x98, 0x29, 0x7C, 0x07, 0x02, 0xA3, 0xC4, 0x13,
    0x2F, 0x47, 0x98, 0xF4, 0xD1, 0x80, 0xBB, 0xD0, 0xC6, 0x17, 0x48, 0xB9, 0xDB, 0x58, 0x41, 0xD4,
    0x4D, 0xB5, 0x73, 0x82, 0xB5, 0x0C, 0xD9, 0xB8, 0x69, 0xFD, 0xD1, 0xA7, 0x78, 0x37, 0x2B, 0x3F,
    0x0F, 0xAF, 0x14, 0xEE, 0x37, 0x15, 0x67, 0x6C, 0x81, 0xDC, 0x1B, 0xCA, 0x30, 0x8C, 0x17, 0x9D,
    0xA5, 0x45, 0x09, 0x96, 0x34, 0x5E, 0x51, 0xF9, 0x9E, 0x43, 0xE7, 0x1F, 0x7E, 0x05, 0x8D, 0x7D,
    0x03, 0x11, 0x76, 0x5A, 0xF9, 0x13, 0x17, 0x5A, 0x2C, 0x94, 0x6E, 0x7E, 0x6A, 0x9D, 0x3D, 0x21,
    0xBD, 0x1B, 0xA9, 0x65, 0xFE, 0x21, 0xFE, 0x99, 0x54, 0x3E, 0x70, 0xE3, 0x4E, 0x5F, 0x90, 0x5F,
    0x16, 0xE7, 0x52, 0x00, 0x48, 0xF1, 0xF2, 0x01, 0x20, 0xA0, 0x67, 0xD2, 0x3F, 0x81, 0xE4, 0x6D,
    0x60, 0x70, 0x4A, 0x2F, 0x27, 0x08, 0x0B, 0xFE, 0xD1, 0xA3, 0x35, 0x02, 0x1B, 0x53, 0x6E, 0x62,
    0x79, 0xFB, 0x7D, 0xA1, 0x38, 0xD2, 0x54, 0x6B, 0x56, 0xF1, 0x82, 0x58, 0x37, 0x6A, 0xB1, 0x5E,
    0xC3, 0x8F, 0xF2, 0xA2, 0x78, 0xD1, 0xB8, 0x4B, 0x9D, 0x83, 0xC3, 0xDE, 0x84, 0xEB, 0x38, 0x15,
    0xDC, 0x6F, 0xD0, 0x8A, 0x7F, 0xB9, 0x41, 0x83, 0x5E, 0xD7, 0xCF, 0x60, 0x0A, 0x09, 0xFF, 0x96,
    0xB7, 0xB6, 0x90, 0xAE, 0xA1, 0xB2, 0x2E, 0x8A, 0xBC, 0x09, 0x04, 0xAE, 0x79, 0x0E, 0x15, 0x34,
    0xAC, 0x6A, 0xC5, 0xDD, 0x5E, 0xD2, 0x13, 0x0E, 0x08, 0x7B, 0xD0, 0xF8, 0x53, 0x20, 0x2F, 0x58,
    0xB9, 0x57, 0x96, 0xAC, 0x92, 0x66, 0x03, 0x34, 0x2D, 0x23, 0x50, 0x68, 0x15, 0x81, 0x09, 0x01,
    0x52, 0x40, 0x21, 0x07, 0x61, 0x15, 0x40, 0xFA, 0xA8, 0xF9, 0xE7, 0x0C, 0x04, 0x22, 0x22, 0x84,
    0x08, 0xED, 0x02, 0xDF, 0xC2, 0xCA, 0x2F, 0xD7, 0xDD, 0x9B, 0x7D, 0xD8, 0xC9, 0xBD, 0xC3, 0x16,
    0xC9, 0x7B, 0x92, 0x76, 0xB1, 0xCA, 0xDD, 0x72, 0xBD, 0x94, 0xAD, 0x9B, 0xB4, 0xC5, 0x41, 0xE5,
    0x7C, 0x6A, 0xD0, 0xAC, 0xB8, 0xFE, 0xD8, 0x3E, 0xD2, 0xEE, 0xCB, 0xC8, 0x22, 0x0C, 0xE1, 0xA5,
    0x5D, 0x03, 0xDF, 0xC3, 0x3D, 0xEF, 0x0B, 0x68, 0x18, 0xCD, 0x00, 0x8C, 0x27, 0xBD, 0x14, 0x4B,
    0x86, 0xA7, 0x21, 0x51, 0xD2, 0x43, 0xBB, 0x5A, 0x3F, 0x40, 0xED, 0x9A, 0xBF, 0x31, 0x93, 0xFF,
    0x25, 0x77, 0xC1, 0x40, 0x17, 0x76, 0xE9, 0xC3, 0xDC, 0x69, 0x90, 0xC3, 0x77, 0xFC, 0xA5, 0xB9,
    0x18, 0xAE, 0x9E, 0x2F, 0xDF, 0x97, 0x54, 0x1E, 0xD2, 0x8A, 0x9C, 0xA4, 0x72, 0x44, 0xBF, 0xA3,
    0x9B, 0xF2, 0xBD, 0xD8, 0x6B, 0x13, 0xF0, 0x77, 0x89, 0xEE, 0x55, 0xDD, 0xFA, 0x66, 0x6D, 0x01,
    0xF7, 0xC7, 0x62, 0xE7, 0xE8, 0x97, 0x37, 0xC1, 0x87, 0xB4, 0x16, 0xEA, 0x99, 0xF9, 0x14, 0xB8,
    0x0A, 0xE2, 0xCA, 0x89, 0x2B, 0x23, 0xAE, 0xCB, 0xC4, 0x35, 0xB7, 0x06, 0xAE, 0x7B, 0xC4, 0x75,
    0x6D, 0x6D, 0x5C, 0xEF, 0x69, 0x72, 0x77, 0xF0, 0xF5, 0xC2, 0x94, 0x4C, 0xB8, 0xDC, 0x19, 0x61,
    0xC5, 0xB9, 0x0D, 0x59, 0xE8, 0xE6, 0x70, 0x5D, 0x4E, 0xF4, 0x93, 0x48, 0xBB, 0x3A, 0x2B, 0x96,
    0x5D, 0xF2, 0xBD, 0x08, 0xFD, 0x62, 0xC3, 0xAA, 0xDC, 0xEE, 0xF4, 0xE3, 0x29, 0x99, 0xDE, 0x88,
    0xD0, 0xCB, 0x93, 0xC1, 0x66, 0xBA, 0x50, 0x9F, 0xC9, 0xA0, 0xD2, 0x6A, 0x5B, 0x92, 0x3A, 0xA1,
    0xE7, 0xA7, 0xF4, 0xFC, 0x98, 0x9E, 0xFF, 0x0A, 0xC4, 0x31, 0xF4, 0xFC, 0xE1, 0x5A, 0x9E, 0x7F,
    0x9B, 0x9E, 0xFF, 0xDA, 0xA3, 0x92, 0x01, 0x2A, 0x2D, 0xCD, 0x3D, 0x33, 0x53, 0xD2, 0x73, 0x73,
    0xEB, 0x3B, 0x4B, 0xDE, 0xD4, 0x63, 0xA7, 0xE1, 0x22, 0x78, 0x87, 0x7C, 0xFC, 0xE4, 0x7D, 0x04,
    0x81, 0xF5, 0x4A, 0xE4, 0x0C, 0x8F, 0xCA, 0xEF, 0xCD, 0xD4, 0x16, 0xF7, 0xCA, 0x06, 0xD4, 0x8D,
    0xCF, 0xEB, 0xCC, 0x65, 0xBA, 0x8F, 0x91, 0xEA, 0xAE, 0x83, 0x67, 0x6E, 0x17, 0xE0, 0xC9, 0x8A,
    0x3C, 0x59, 0x92, 0x27, 0x07, 0xE4, 0xC9, 0x82, 0x3C, 0x79, 0x7D, 0x0D, 0x9E, 0xAC, 0xC9, 0x93,
    0x77, 0x37, 0x52, 0x38, 0x80, 0x3B, 0xA1, 0xAE, 0x53, 0x8D, 0xE3, 0xEC, 0xB3, 0x12, 0x93, 0xD6,
    0x73, 0xE0, 0x77, 0x43, 0xE6, 0x1F, 0x4B, 0x8E, 0x7F, 0x4A, 0x90, 0xCD, 0x01, 0xA4, 0x2F, 0xFF,
    0x66, 0xD9, 0x45, 0x29, 0x0B, 0x22, 0xD3, 0x4C, 0x85, 0x79, 0xDF, 0x3C, 0x2F, 0x9B, 0xFF, 0x3E,
    0xB7, 0x04, 0x9A, 0xE7, 0x40, 0xB1, 0x81, 0xCB, 0x00, 0x59, 0xC9, 0x43, 0x21, 0x9C, 0xA3, 0x7C,
    0x0C, 0x90, 0x5F, 0xD9, 0x85, 0xF4, 0x59, 0x0A, 0x8F, 0xC9, 0xA6, 0x11, 0x59, 0x89, 0x46, 0x2F,
    0xFA, 0x53, 0xAC, 0xF9, 0x4B, 0x89, 0x6D, 0x3C, 0x14, 0xDE, 0x5A, 0x89, 0xA1, 0xBA, 0x45, 0x95,
    0xEB, 0xAC, 0xFC, 0x79, 0xBB, 0xB2, 0xCC, 0xFD, 0xA1, 0x55, 0x1F, 0x3C, 0xDB, 0x29, 0x82, 0x7A,
    0xE0, 0xC2, 0x3A, 0xC7, 0x22, 0x2F, 0x89, 0x1E, 0xAE, 0x64, 0x5D, 0x1D, 0xF4, 0x42, 0x97, 0x8B,
    0x6B, 0x74, 0x32, 0x01, 0xA4, 0x1B, 0x6C, 0x10, 0x99, 0x47, 0x64, 0x68, 0xA8, 0x9D, 0xEC, 0x81,
    0xC8, 0xB8, 0x43, 0x49, 0x2B, 0x72, 0xC3, 0xFD, 0x78, 0xB7, 0x99, 0xA7, 0x60, 0xAB, 0x10, 0x95,
    0x66, 0xFF, 0x81, 0x78, 0xDA, 0x9F, 0xB5, 0x49, 0x03, 0xD4, 0xE2, 0xBD, 0x8F, 0xFF, 0x43, 0x3D,
    0xE8, 0xE6, 0x58, 0x73, 0x8A, 0x70, 0x12, 0x85, 0x3F, 0xDB, 0xF7, 0xFE, 0x78, 0xE3, 0xD9, 0xBD,
    0x8E, 0xD5, 0x92, 0x21, 0x71, 0xCF, 0x28, 0xF2, 0x82, 0x4A, 0x74, 0xB4, 0xD9, 0xF6, 0x65, 0xFD,
    0xC3, 0x28, 0x20, 0x75, 0x37, 0xB0, 0x14, 0x85, 0x83, 0x7C, 0xAF, 0xC5, 0xB2, 0xB6, 0x04, 0xAD,
    0xAF, 0x1D, 0xE9, 0x1A, 0xED, 0x88, 0x73, 0x3C, 0x27, 0x8E, 0x3A, 0xB8, 0x9E, 0xC5, 0x2C, 0x25,
    0x97, 0x4C, 0xD9, 0x03, 0x2A, 0xCA, 0x4F, 0x1C, 0xAC, 0xDB, 0x85, 0xB8, 0x56, 0x0E, 0x00, 0x99,
    0x65, 0xEE, 0xD4, 0xA2, 0xD0, 0x34, 0x05, 0xB4, 0xC8, 0xBC, 0x94, 0xD0, 0xDC, 0x68, 0x15, 0xB4,
    0x01, 0xA1, 0xD5, 0x2A, 0x6C, 0xA9, 0xC2, 0xE6, 0x2A, 0x6C, 0xDC, 0x1C, 0x76, 0xAC, 0x73, 0x38,
    0x55, 0x68, 0x91, 0x5C, 0x00, 0xB4, 0xD8, 0x7F, 0x00, 0x34, 0x15, 0xA4, 0xEE, 0x02, 0x76, 0x00,
    0x68, 0x5B, 0x1E, 0x13, 0x9A, 0x2C, 0x36, 0x9B, 0xA4, 0xD2, 0x1C, 0x66, 0x71, 0x3F, 0xAD, 0x60,
    0x40, 0x06, 0x51, 0xB3, 0xAB, 0xE6, 0x34, 0x87, 0x42, 0x73, 0x3C, 0x0B, 0x1C, 0x3C, 0x86, 0xD5,
    0x74, 0x78, 0xC8, 0x61, 0x8D, 0x31, 0xF1, 0x87, 0x54, 0x60, 0xC0, 0x93, 0x05, 0x5E, 0xA3, 0x2E,
    0xCC, 0xE8, 0x8D, 0xD4, 0x89, 0xBA, 0xA3, 0x1B, 0x3F, 0x0F, 0x7D, 0x6F, 0x0C, 0xA0, 0xE9, 0x00,
    0x36, 0x15, 0xE0, 0xE7, 0x8C, 0xAB, 0xD0, 0xD0, 0x76, 0x91, 0xFC, 0x9F, 0xDC, 0x92, 0xA8, 0x5C,
    0xBC, 0xFE, 0x75, 0x2C, 0x5E, 0x2F, 0x7B, 0xDE, 0x7E, 0x2B, 0x7F, 0x4C, 0xDB, 0xB5, 0x6D, 0x53,
    0xC3, 0xE1, 0x8D, 0x4F, 0xC8, 0xC9, 0x84, 0xFB, 0x8D, 0xD9, 0xC6, 0x8D, 0xD4, 0x0C, 0x0F, 0x38,
    0xDC, 0x2B, 0x90, 0xCD, 0x25, 0x1C, 0x58, 0xCD, 0xA1, 0x56, 0x2E, 0x0D, 0x6D, 0xB4, 0xFD, 0x88,
    0x8C, 0x68, 0xB8, 0xA5, 0x43, 0xED, 0xC4, 0xDB, 0x93, 0xE2, 0x66, 0x6B, 0x56, 0xB1, 0x51, 0xCD,
    0xFB, 0xE6, 0x8A, 0xA4, 0xF6, 0xAA, 0x60, 0x2D, 0x6C, 0x1C, 0x30, 0x48, 0x96, 0xE8, 0x8F, 0x63,
    0xB7, 0xDC, 0x17, 0x8D, 0xEB, 0xBB, 0xE5, 0x1D, 0xFE, 0xB2, 0xE3, 0x67, 0x19, 0x6F, 0x65, 0xE9,
    0x90, 0x29, 0x6D, 0x93, 0x62, 0x02, 0x3F, 0x42, 0x1D, 0x8A, 0xBE, 0x08, 0xD5, 0x02, 0x77, 0x51,
    0x2C, 0xEE, 0x79, 0x46, 0x05, 0x77, 0x73, 0x17, 0x58, 0x59, 0xEE, 0xE5, 0x6C, 0xD5, 0xF8, 0x2C,
    0x62, 0x24, 0xBF, 0x66, 0xA5, 0x66, 0xFA, 0x55, 0x83, 0x21, 0x01, 0x9B, 0x96, 0x55, 0x3C, 0xEE,
    0x81, 0xF2, 0x56, 0x23, 0x61, 0xBF, 0x76, 0x86, 0xF0, 0x58, 0x32, 0x6C, 0xE6, 0x0C, 0x2D, 0xD8,
    0x87, 0x47, 0x65, 0x07, 0x40, 0x10, 0x57, 0xF1, 0xFC, 0xBF, 0x9A, 0x73, 0x36, 0xAD, 0x30, 0x8A,
    0x46, 0x21, 0x16, 0x3D, 0x22, 0x6D, 0xCE, 0x7E, 0xE8, 0x0E, 0x75, 0x53, 0xF5, 0xB8, 0xAA, 0xDE,
    0xDC, 0x33, 0x3C, 0xBB, 0x98, 0xE5, 0x1E, 0xF2, 0x0E, 0x1E, 0xFC, 0xF8, 0xEC, 0x2D, 0x40, 0x37,
    0xEE, 0x90, 0xE7, 0x34, 0xC9, 0x25, 0x1E, 0xAD, 0x96, 0x79, 0x77, 0x86, 0x12, 0x0C, 0x1E, 0x26,
    0xF2, 0xEA, 0x41, 0x33, 0x6A, 0x29, 0x9A, 0x0D, 0xDD, 0xF1, 0x93, 0x54, 0xB1, 0x82, 0x18, 0x28,
    0x88, 0xDC, 0x19, 0xDA, 0xCB, 0x40, 0x9C, 0x79, 0x34, 0x08, 0x2F, 0x88, 0xFC, 0x1A, 0x8D, 0x1A,
    0x6A, 0x2C, 0x37, 0x6F, 0x0C, 0xA3, 0x21, 0xD7, 0x9C, 0xBE, 0x74, 0x49, 0x4D, 0xCF, 0x8A, 0xAC,
    0xB3, 0xDD, 0x9E, 0x0C, 0x08, 0x6E, 0xC8, 0xFF, 0x59, 0xE1, 0x02, 0x69, 0x6F, 0x86, 0x1A, 0xD8,
    0xC9, 0x9D, 0x9A, 0x09, 0x62, 0xF2, 0xF9, 0x22, 0xF7, 0x2F, 0xC3, 0xCF, 0x78, 0xB4, 0xC2, 0xEC,
    0xD4, 0x6C, 0xFA, 0x3F, 0xDC, 0x42, 0xE3, 0x41, 0x2D, 0x4E, 0x94, 0xAC, 0x75, 0xD7, 0x1F, 0x4F,
    0xEC, 0xE8, 0x68, 0x4C, 0x5F, 0x31, 0x76, 0x1D, 0x14, 0x56, 0x16, 0x66, 0x3C, 0xC7, 0xD8, 0x23,
    0x66, 0x7F, 0x6A, 0xD5, 0x13, 0x78, 0x7F, 0x8F, 0xB8, 0xF7, 0x52, 0xF2, 0x12, 0x8F, 0x28, 0x75,
    0x77, 0xED, 0x44, 0xE3, 0x61, 0x4E, 0xD4, 0x6C, 0xFA, 0xE6, 0x7A, 0xBA, 0x40, 0x8D, 0x87, 0xD1,
    0xD8, 0xE9, 0x4E, 0x33, 0xC7, 0x50, 0x42, 0xD7, 0xCB, 0x96, 0x39, 0xA3, 0x8B, 0x40, 0xE9, 0x17,
    0x01, 0xB3, 0x2E, 0x74, 0xC0, 0x33, 0x92, 0x02, 0x73, 0x81, 0xF3, 0x79, 0xCC, 0x9D, 0xED, 0xE5,
    0xF1, 0x08, 0xB7, 0x31, 0xCD, 0x9F, 0xBA, 0x23, 0xCF, 0x76, 0x7B, 0x38, 0x7D, 0x34, 0x4A, 0x9F,
    0x81, 0xE8, 0xEF, 0x47, 0x8B, 0x03, 0xED, 0xFC, 0x94, 0x9B, 0x63, 0xFB, 0x46, 0xCB, 0xC2, 0x8E,
    0x55, 0x6B, 0xC7, 0x6C, 0x99, 0x1D, 0x65, 0x7D, 0x76, 0x5C, 0xE9, 0x8C, 0xFF, 0x05, 0x75, 0x51,
    0x31, 0x4E, 0xC3, 0x40, 0x10, 0x1C, 0xFB, 0x90, 0x0E, 0xC9, 0xC4, 0x9B, 0x07, 0x10, 0xF2, 0x01,
    0x14, 0x37, 0x14, 0x14, 0x09, 0x67, 0xC4, 0x1B, 0xF2, 0x8F, 0x14, 0x94, 0x89, 0x62, 0x89, 0x07,
    0xF0, 0x95, 0x94, 0x11, 0x4A, 0x71, 0x90, 0x07, 0xC4, 0x88, 0x07, 0x70, 0x12, 0x25, 0xCD, 0x09,
    0x8C, 0x64, 0x21, 0x9B, 0x65, 0xCF, 0x49, 0x41, 0xC3, 0x4A, 0xA3, 0xD9, 0x1B, 0xED, 0xEE, 0xED,
    0xDC, 0x41, 0x31, 0xB3, 0x05, 0x84, 0xBE, 0xA6, 0xD3, 0x1C, 0x12, 0x22, 0xF0, 0x54, 0x02, 0xF9,
    0x7A, 0x92, 0xD8, 0x96, 0x6A, 0xDE, 0x7A, 0xDA, 0x72, 0xE6, 0x97, 0xCA, 0xCD, 0x47, 0x11, 0xFE,
    0xE6, 0xC8, 0x8F, 0x92, 0x62, 0x3D, 0x51, 0xE5, 0x26, 0x54, 0x96, 0x7C, 0x5F, 0xF3, 0xAE, 0x31,
    0xCA, 0x93, 0x6D, 0xCC, 0x27, 0x67, 0x1F, 0xAC, 0x43, 0xE5, 0x95, 0xB6, 0xF3, 0x51, 0xEC, 0xFA,
    0xD2, 0xFB, 0x8F, 0x9E, 0x14, 0x83, 0xF4, 0x81, 0x59, 0xE7, 0x03, 0xAC, 0xA3, 0x52, 0xE1, 0xE4,
    0x8F, 0x42, 0xFC, 0xFD, 0xAE, 0xF3, 0x11, 0x86, 0xCF, 0xFC, 0x1A, 0x76, 0x6B, 0xF9, 0xB9, 0xC5,
    0x22, 0xAA, 0xD4, 0x4B, 0x43, 0xDE, 0xEC, 0xBC, 0xB1, 0x3C, 0xCC, 0x17, 0xA8, 0x70, 0x88, 0xA4,
    0x46, 0x24, 0x8E, 0x60, 0x96, 0x50, 0xC1, 0xD0, 0x7C, 0x98, 0xA7, 0x41, 0x6F, 0xC8, 0x9E, 0x1E,
    0xF8, 0xE2, 0xC0, 0x6E, 0xCF, 0x4F, 0xA1, 0x1C, 0x1B, 0xBA, 0xEB, 0xFC, 0x5F, 0x65, 0xA9, 0x8C,
    0xC8, 0x1C, 0x35, 0xE7, 0x32, 0xA2, 0x6D, 0x80, 0xD9, 0x82, 0xAE, 0xFD, 0x04, 0x70, 0x1B, 0xDA,
    0x7A, 0x83, 0xD8, 0x36, 0x1D, 0x6B, 0xEC, 0xB9, 0x87, 0xBD, 0x7E, 0x09, 0xA9, 0xAB, 0x26, 0x98,
    0x21, 0xEB, 0xFA, 0x4A, 0x74, 0x73, 0xCC, 0xEE, 0xCD, 0xD7, 0xE3, 0x33, 0x0D, 0xB3, 0xFB, 0xAC,
    0x7F, 0x0C, 0x6D, 0x5D, 0x3D, 0x26, 0x5D, 0xB8, 0x99, 0x6C, 0xD3, 0x8F, 0xEC, 0x28, 0xF6, 0xD9,
    0x8D, 0x38, 0xA1, 0x92, 0x2C, 0xE5, 0x84, 0xE3, 0x3E, 0x5C, 0xEC, 0x94, 0x4B, 0x9C, 0xB8, 0x7B,
    0x94, 0x25, 0xE7, 0xCA, 0x1E, 0x87, 0xBD, 0xC6, 0x82, 0x99, 0xA0, 0x94, 0xDF, 0x2A, 0xC4, 0xA6,
    0xA4, 0x03, 0xC1, 0xA5, 0x60, 0x85, 0xCE, 0x72, 0x90, 0x49, 0x8E, 0xE7, 0x82, 0x60, 0x51, 0xEC,
    0xC5, 0x22, 0x6B, 0xB1, 0x95, 0x1E, 0xE4, 0xF0, 0x3E, 0x51, 0x2B, 0xD5, 0xCB, 0x0A, 0x17, 0xC4,
    0x96, 0xC0, 0x4D, 0x6C, 0x25, 0xB9, 0xC5, 0xB2, 0x4A, 0x11, 0xB5, 0xA1, 0xA1, 0xBB, 0xA6, 0xA7,
    0x2B, 0xA8, 0x47, 0x2E, 0xB1, 0x32, 0x8C, 0x9E, 0x62, 0xAF, 0x0A, 0x49, 0x56, 0x11, 0x97, 0xA7,
    0xD0, 0x55, 0xB8, 0x0A, 0x5E, 0xF0, 0x0B, 0xE3, 0xFE, 0xC1, 0x7F, 0xFF, 0xF8, 0xC1, 0xEF, 0x1F,
    0xEC, 0xFF, 0xF0, 0xFF, 0x67, 0xFE, 0x7F, 0xE0, 0xEF, 0x17, 0x5B, 0xFB, 0x7A, 0xA6, 0x7F, 0x0C,
    0x0C, 0xF6, 0x0C, 0xCC, 0x7F, 0x18, 0xD4, 0x3F, 0x30, 0xF6, 0x1F, 0x90, 0xB0, 0x67, 0xF8, 0xFF,
    0xFF, 0xF6, 0xFF, 0xFF, 0x0C, 0xFC, 0x07, 0x80, 0xA2, 0xEC, 0xFF, 0x19, 0x00, 0x75, 0x54, 0xBF,
    0x6F, 0x1C, 0x45, 0x14, 0xFE, 0x76, 0x87, 0xE4, 0x90, 0x77, 0x9D, 0xA1, 0x8C, 0x64, 0xA4, 0x6B,
    0x5D, 0x44, 0xDA, 0x03, 0xB9, 0x48, 0x71, 0xD2, 0xAC, 0xB8, 0x82, 0x82, 0x14, 0x2E, 0x7C, 0x49,
    0x41, 0x11, 0xA0, 0x46, 0xF2, 0x49, 0x08, 0x51, 0xE0, 0xE8, 0x16, 0xA5, 0xA0, 0x40, 0x48, 0xFC,
    0x09, 0x29, 0x28, 0xE8, 0x48, 0x41, 0x81, 0x84, 0xC3, 0x4E, 0xEC, 0x02, 0x89, 0xC6, 0x6B, 0x39,
    0x47, 0x1A, 0x8A, 0x95, 0x5C, 0x44, 0x82, 0x82, 0x89, 0x59, 0xE4, 0xB5, 0x34, 0x7B, 0x8F, 0x6F,
    0xD6, 0x8E, 0x5D, 0x20, 0x46, 0x7A, 0x77, 0xF3, 0xDE, 0xBE, 0x5F, 0xF3, 0xBD, 0x6F, 0x06, 0x38,
    0x02, 0xD2, 0x19, 0xAE, 0x0B, 0x12, 0xF1, 0xEA, 0xF8, 0x7E, 0xE5, 0xDF, 0xF2, 0xD9, 0xBB, 0x37,
    0x95, 0xFB, 0xA8, 0x98, 0xAF, 0x6C, 0x24, 0xEE, 0x08, 0x92, 0xCE, 0xF4, 0xCB, 0x5F, 0x21, 0xEB,
    0x95, 0x3E, 0xB9, 0x03, 0x99, 0xD9, 0x44, 0x6E, 0xC2, 0x9C, 0x14, 0xEF, 0xC8, 0x0F, 0x1F, 0x6B,
    0x91, 0xDC, 0x48, 0x15, 0xFD, 0x55, 0x63, 0xFD, 0x11, 0xD4, 0xD7, 0xC0, 0x1B, 0x39, 0xB8, 0x3E,
    0x2C, 0x45, 0xAC, 0x59, 0x6C, 0x43, 0x30, 0x56, 0x1E, 0x1B, 0xDA, 0xE1, 0x1B, 0x63, 0x61, 0x44,
    0x70, 0xAF, 0xDB, 0x02, 0x55, 0xFC, 0x57, 0xA5, 0x33, 0xE8, 0x1C, 0xD4, 0x81, 0xF0, 0x1F, 0x59,
    0x03, 0x25, 0x2D, 0xDD, 0xDA, 0x58, 0x22, 0xA7, 0x9B, 0xA8, 0x32, 0x56, 0xE5, 0xF4, 0x7A, 0x15,
    0x98, 0x30, 0x50, 0xD7, 0xBD, 0x3A, 0x7D, 0xB0, 0x05, 0x38, 0x54, 0x03, 0x68, 0xEA, 0x3E, 0x16,
    0x71, 0x99, 0xC8, 0x17, 0x22, 0x1D, 0x13, 0x6D, 0x94, 0x8D, 0x6E, 0xE7, 0x6E, 0x00, 0xA9, 0x52,
    0x55, 0xDA, 0x51, 0x2A, 0xB9, 0x7D, 0x5B, 0x14, 0xBB, 0x97, 0xE7, 0xEF, 0x77, 0x9F, 0xA6, 0xDA,
    0xD9, 0x51, 0x76, 0xDC, 0xAB, 0xD3, 0xF2, 0x9F, 0x14, 0x62, 0x47, 0xB1, 0xC0, 0x2A, 0xAF, 0x58,
    0xE2, 0x4D, 0xE8, 0x3D, 0x41, 0x86, 0x7E, 0x09, 0x2B, 0x62, 0xC9, 0x1F, 0xF5, 0x77, 0xC5, 0xDA,
    0x07, 0x05, 0x9B, 0x31, 0x29, 0xE0, 0xFD, 0x8C, 0xA6, 0x3F, 0x9B, 0x5D, 0x7D, 0x70, 0xFF, 0xBD,
    0xC7, 0x66, 0x77, 0x7C, 0xDB, 0x4A, 0xE5, 0x5E, 0x2A, 0xA7, 0xF6, 0x6B, 0x6D, 0x75, 0x52, 0x19,
    0x8C, 0x75, 0xE1, 0xE1, 0x32, 0x9A, 0x9E, 0x8E, 0x69, 0x4A, 0x9D, 0x81, 0xF9, 0xE9, 0x4B, 0xC1,
    0xEE, 0x2E, 0x4C, 0x77, 0x43, 0x3B, 0x63, 0x77, 0x56, 0x20, 0xB1, 0xBB, 0x1D, 0x7B, 0x5D, 0xD5,
    0x89, 0x33, 0x0F, 0xF3, 0xE1, 0xA1, 0xAC, 0x2A, 0x76, 0x25, 0xD7, 0x96, 0x9F, 0x9F, 0x3D, 0x53,
    0xED, 0xC1, 0x31, 0xF4, 0x8B, 0xEC, 0xF7, 0x73, 0x93, 0x2C, 0xE4, 0x59, 0x2C, 0x8A, 0x83, 0x6B,
    0x93, 0x16, 0x59, 0x35, 0xAC, 0x31, 0x87, 0xC9, 0x23, 0x8F, 0x0E, 0xAA, 0x8E, 0x1B, 0x36, 0xBA,
    0x06, 0x0C, 0x09, 0x64, 0xE6, 0xB0, 0x52, 0xFE, 0x11, 0x60, 0x79, 0x85, 0xEF, 0xB6, 0xD8, 0xE4,
    0x85, 0xE0, 0x67, 0xE5, 0x07, 0x4E, 0xBB, 0xCC, 0x1A, 0x2B, 0x10, 0x1E, 0xD7, 0x6B, 0xAA, 0x86,
    0x30, 0xCF, 0x0F, 0x69, 0xE0, 0x0C, 0xCB, 0xAF, 0xBE, 0xC5, 0xD5, 0x0A, 0x08, 0x2D, 0xA6, 0xD3,
    0x29, 0xB0, 0xDD, 0x02, 0x67, 0x73, 0x1B, 0x35, 0xAA, 0x81, 0xC7, 0x18, 0x4F, 0xF8, 0xD5, 0x50,
    0x86, 0x96, 0x23, 0x63, 0x9D, 0x7B, 0xDD, 0xB4, 0x9F, 0x67, 0x98, 0xEB, 0x95, 0xA1, 0xCC, 0xFB,
    0x79, 0x21, 0xF6, 0x58, 0x87, 0x29, 0x4C, 0xAE, 0xBA, 0xB9, 0xC5, 0x9A, 0x14, 0xA5, 0xC4, 0xC2,
    0xC1, 0xAA, 0x82, 0xBD, 0x3D, 0x66, 0xDC, 0x2A, 0x9B, 0x54, 0x96, 0x9B, 0x19, 0x37, 0x37, 0x98,
    0x29, 0xB6, 0xA1, 0x1D, 0x77, 0x4D, 0xE6, 0x0B, 0xE8, 0x93, 0x25, 0x2D, 0xF4, 0xD4, 0xAE, 0x2C,
    0xD8, 0x76, 0xC7, 0xCD, 0xD0, 0xD1, 0x59, 0x72, 0xED, 0x06, 0x3E, 0xE1, 0xE4, 0x03, 0x7B, 0x98,
    0x57, 0x0A, 0x98, 0xDF, 0xC2, 0xE7, 0xAC, 0x0A, 0x90, 0x2D, 0x64, 0x2A, 0x9B, 0x86, 0x87, 0x0D,
    0xA7, 0x3C, 0x37, 0xDC, 0xED, 0x36, 0xCD, 0x53, 0x7A, 0x90, 0x26, 0xAA, 0xCB, 0x2F, 0x5B, 0xEE,
    0x29, 0x19, 0xB0, 0x0A, 0x86, 0x73, 0x32, 0xAA, 0x0B, 0x59, 0x5B, 0xE6, 0x91, 0x94, 0xF5, 0xE0,
    0x98, 0x45, 0xF7, 0xE3, 0xCA, 0x4C, 0x80, 0x39, 0xED, 0x25, 0x45, 0x2E, 0x65, 0xBA, 0x25, 0x6A,
    0xDE, 0x92, 0x61, 0xAE, 0x0C, 0x32, 0x21, 0xA8, 0xFB, 0xEC, 0xE2, 0x88, 0x85, 0x4F, 0x79, 0x32,
    0xD9, 0xE6, 0x08, 0x96, 0xF9, 0x65, 0xCE, 0x28, 0xB4, 0x3B, 0x02, 0x3E, 0x00, 0x2A, 0x94, 0x4D,
    0xF2, 0xDC, 0x67, 0x93, 0x96, 0x59, 0x4B, 0x12, 0x62, 0x95, 0x17, 0x10, 0xF2, 0x1D, 0xCD, 0xAF,
    0x1B, 0x69, 0xB4, 0xD4, 0x11, 0x03, 0x2D, 0x22, 0xE2, 0x5A, 0x84, 0x30, 0x32, 0x5D, 0x0E, 0xEF,
    0x12, 0x91, 0x88, 0xA2, 0xBA, 0x5E, 0x9D, 0x12, 0xA5, 0xD0, 0xB9, 0x76, 0x91, 0x9C, 0xE1, 0xFA,
    0xF7, 0x1C, 0x56, 0x12, 0x06, 0x4F, 0x4E, 0x18, 0xC2, 0x5F, 0x32, 0x3C, 0xDC, 0xB5, 0xE5, 0x85,
    0x79, 0x19, 0xF2, 0x18, 0xB1, 0xFD, 0x89, 0xCF, 0xE5, 0x35, 0xCA, 0x2D, 0xA6, 0x73, 0x9C, 0x5E,
    0xDE, 0xEB, 0x99, 0x1F, 0xE3, 0xB3, 0x65, 0x7D, 0xA1, 0x93, 0x54, 0x94, 0x4F, 0x3C, 0x52, 0xEE,
    0x6F, 0x51, 0xC6, 0xAA, 0x9B, 0xB6, 0xBC, 0x71, 0x81, 0x76, 0xB3, 0xFE, 0x50, 0x69, 0xBF, 0x83,
    0x66, 0xF1, 0xD3, 0x1D, 0xE8, 0x3B, 0x3F, 0x62, 0x67, 0xE4, 0xE2, 0x7A, 0xBF, 0xD2, 0x0F, 0xB5,
    0x7D, 0x90, 0x66, 0x71, 0x33, 0x7A, 0xA2, 0xAB, 0xBD, 0xD6, 0x4C, 0x92, 0xBA, 0x4B, 0xB3, 0x5F,
    0x9A, 0x51, 0x99, 0x55, 0x7B, 0xBE, 0x9C, 0x24, 0xA7, 0x54, 0xAB, 0x00, 0x4B, 0x19, 0x9E, 0x97,
    0x45, 0x60, 0xC6, 0x15, 0x39, 0x6D, 0x39, 0x17, 0x69, 0x03, 0x9D, 0xAE, 0x5E, 0x11, 0x4F, 0x75,
    0xF3, 0x7F, 0x5E, 0x91, 0x7F, 0x01, 0x45, 0x8E, 0x31, 0x0A, 0xC2, 0x30, 0x14, 0x86, 0xFF, 0x44,
    0x30, 0xD8, 0x42, 0xBB, 0x38, 0x09, 0xDA, 0xC5, 0x51, 0x71, 0x71, 0x70, 0x28, 0x34, 0xE0, 0x09,
    0x3C, 0x81, 0x47, 0x70, 0x71, 0x6F, 0xC1, 0x0B, 0xF4, 0x0C, 0x8E, 0x4E, 0x9E, 0xA0, 0xF6, 0x06,
    0xCD, 0x11, 0x3A, 0xF4, 0x00, 0x19, 0x33, 0xD4, 0x3E, 0x9F, 0x36, 0x60, 0xC2, 0x07, 0xEF, 0x7D,
    0xE4, 0xBD, 0xFC, 0x19, 0xF5, 0x44, 0x16, 0xE3, 0x49, 0x99, 0x27, 0x20, 0x0C, 0x30, 0x29, 0x80,
    0x90, 0xDB, 0x25, 0x73, 0xF0, 0xBA, 0x66, 0xAD, 0x81, 0x98, 0xDB, 0x0D, 0xB3, 0x67, 0x5A, 0x40,
    0xB2, 0x56, 0xAC, 0x23, 0xAF, 0x13, 0x93, 0x3B, 0x5E, 0xCA, 0x37, 0x77, 0x89, 0x59, 0xE8, 0x3B,
    0xDD, 0x1A, 0xF5, 0x5E, 0xCB, 0x72, 0x86, 0x13, 0x1D, 0x9B, 0x73, 0x95, 0x2A, 0x9E, 0x9A, 0x43,
    0x1A, 0xAC, 0x62, 0xA2, 0x8C, 0x7A, 0x5C, 0xA1, 0x8A, 0xA0, 0x7A, 0x70, 0xB9, 0x85, 0x68, 0x11,
    0xF8, 0x38, 0xC2, 0x22, 0x71, 0x82, 0xCA, 0x9D, 0x43, 0x6C, 0x20, 0x5E, 0xA5, 0xA7, 0x86, 0xE0,
    0x38, 0xA0, 0xEF, 0x30, 0xF1, 0xEF, 0x88, 0x34, 0xE4, 0xA0, 0x31, 0xA5, 0x91, 0xD0, 0xE2, 0xD2,
    0xA9, 0x41, 0x67, 0xDD, 0x2F, 0xD4, 0xFF, 0xE9, 0x07, 0xAD, 0x90, 0xBD, 0x0D, 0x02, 0x31, 0x0C,
    0x46, 0xBF, 0xE4, 0x8A, 0x14, 0x14, 0x37, 0x00, 0xC5, 0x8D, 0xC0, 0x08, 0x77, 0x12, 0x03, 0x40,
    0x83, 0x28, 0x19, 0x81, 0x09, 0x00, 0x51, 0x53, 0xB0, 0x08, 0x3B, 0x24, 0x23, 0xA4, 0xA3, 0xA5,
    0xA3, 0x24, 0x05, 0x48, 0x9C, 0x94, 0xC8, 0x38, 0x06, 0x24, 0xFE, 0x9A, 0x93, 0x48, 0x9A, 0xC4,
    0xB1, 0xDF, 0x8B, 0x0D, 0x65, 0xD7, 0xF6, 0x80, 0xE5, 0x3C, 0x0D, 0xBC, 0xF1, 0x95, 0xAF, 0x50,
    0xF3, 0x86, 0x8E, 0x2A, 0x02, 0x65, 0x28, 0x03, 0x50, 0xBB, 0xDA, 0xA1, 0x47, 0xBC, 0xD0, 0x4F,
    0xD3, 0x34, 0x7E, 0x0D, 0x83, 0x78, 0xA3, 0x88, 0xC5, 0x7B, 0xF6, 0x57, 0x58, 0xD3, 0x85, 0xF8,
    0x0C, 0xC5, 0x2E, 0x73, 0x4C, 0x30, 0x7E, 0xD0, 0x14, 0x41, 0x35, 0x3A, 0x07, 0x39, 0x15, 0xB9,
    0xC8, 0x12, 0x05, 0x36, 0x44, 0xA9, 0xCE, 0x9C, 0x5C, 0x2A, 0x90, 0x5F, 0x01, 0xC5, 0xC8, 0x33,
    0x14, 0xED, 0x60, 0xF6, 0xC4, 0xC0, 0xDA, 0x15, 0xFC, 0xAA, 0x5F, 0xD3, 0x2D, 0x6D, 0x19, 0x38,
    0xEC, 0x00, 0xBC, 0x22, 0xCF, 0x83, 0xB1, 0xAD, 0x6D, 0xAD, 0xC7, 0x42, 0x25, 0x44, 0x94, 0xAE,
    0x74, 0xCF, 0x91, 0x3C, 0xFA, 0xBB, 0xB7, 0xA6, 0xF3, 0x50, 0xE4, 0xCF, 0x69, 0xF2, 0xE4, 0x3D,
    0x68, 0x9D, 0x2E, 0x15, 0xCD, 0x68, 0x43, 0x5E, 0xDC, 0x27, 0x71, 0xAF, 0x82, 0xB8, 0x49, 0xDC,
    0xB9, 0x2B, 0xF5, 0x59, 0x2A, 0xEE, 0x91, 0xB8, 0xC7, 0x7F, 0x70, 0xDF, 0x00,
};

static const EpdGlyph newsreader_13_boldGlyphs[] = {
    { 0, 0, 6, 0, 0, 0, 0 }, // U+0020
    { 5, 19, 7, 1, 19, 24, 0 }, // !
    { 9, 7, 11, 1, 18, 16, 24 }, // "
    { 15, 18, 17, 1, 18, 68, 40 }, // #
    { 13, 24, 17, 2, 21, 78, 108 }, // $
    { 21, 19, 23, 1, 19, 100, 186 }, // %
    { 19, 19, 20, 1, 19, 91, 286 }, // &
    { 4, 7, 6, 1, 18, 7, 377 }, // '
    { 7, 24, 8, 1, 20, 42, 384 }, // (
    { 7, 24, 8, 0, 20, 42, 426 }, // )
    { 10, 10, 11, 1, 19, 25, 468 }, // *
    { 10, 10, 14, 2, 11, 25, 493 }, // +
    { 6, 10, 7, 0, 4, 15, 518 }, // ,
    { 7, 3, 9, 1, 8, 6, 533 }, // -
    { 4, 4, 6, 1, 4, 4, 539 }, // .
    { 10, 18, 11, 0, 18, 45, 543 }, // /
    { 14, 19, 17, 1, 19, 67, 588 }, // 0
    { 13, 18, 17, 2, 18, 59, 655 }, // 1
    { 15, 20, 17, 1, 19, 75, 714 }, // 2
    { 13, 19, 17, 1, 19, 62, 789 }, // 3
    { 17, 18, 17, 0, 18, 77, 851 }, // 4
    { 13, 20, 17, 2, 20, 65, 928 }, // 5
    { 14, 20, 17, 2, 20, 70, 993 }, // 6
    { 14, 19, 17, 1, 19, 67, 1063 }, // 7
    { 13, 19, 17, 2, 19, 62, 1130 }, // 8
    { 14, 20, 17, 1, 19, 70, 1192 }, // 9
    { 4, 12, 6, 1, 12, 12, 1262 }, // :
    { 5, 17, 6, 0, 12, 22, 1274 }, // ;
    { 12, 14, 14, 1, 13, 42, 1296 }, // <
    { 10, 8, 14, 2, 10, 20, 1338 }, // =
    { 12, 14, 14, 1, 13, 42, 1358 }, // >
    { 11, 19, 12, 0, 19, 53, 1400 }, // ?
    { 23, 23, 25, 1, 19, 133, 1453 }, // @
    { 21, 18, 20, 0, 18, 95, 1586 }, // A
    { 17, 19, 19, 1, 19, 81, 1681 }, // B
    { 17, 19, 19, 1, 19, 81, 1762 }, // C
    { 19, 19, 21, 1, 19, 91, 1843 }, // D
    { 17, 20, 18, 1, 19, 85, 1934 }, // E
    { 16, 19, 17, 1, 19, 76, 2019 }, // F
    { 19, 19, 20, 1, 19, 91, 2095 }, // G
    { 21, 18, 23, 1, 18, 95, 2186 }, // H
    { 8, 18, 10, 1, 18, 36, 2281 }, // I
    { 12, 19, 12, 0, 19, 57, 2317 }, // J
    { 21, 18, 21, 1, 18, 95, 2374 }, // K
    { 16, 19, 17, 1, 18, 76, 2469 }, // L
    { 27, 18, 29, 1, 18, 122, 2545 }, // M
    { 20, 18, 21, 0, 18, 90, 2667 }, // N
    { 19, 19, 21, 1, 19, 91, 2757 }, // O
    { 16, 19, 18, 1, 19, 76, 2848 }, // P
    { 20, 25, 22, 1, 19, 125, 2924 }, // Q
    { 19, 19, 19, 1, 19, 91, 3049 }, // R
    { 14, 19, 15, 0, 19, 67, 3140 }, // S
    { 18, 19, 18, 0, 19, 86, 3207 }, // T
    { 20, 19, 20, 0, 19, 95, 3293 }, // U
    { 21, 18, 19, 0, 18, 95, 3388 }, // V
    { 29, 18, 28, 0, 18, 131, 3483 }, // W
    { 22, 18, 21, 0, 18, 99, 3614 }, // X
    { 21, 18, 19, -1, 18, 95, 3713 }, // Y
    { 17, 20, 17, 0, 19, 85, 3808 }, // Z
    { 6, 23, 8, 2, 19, 35, 3893 }, // [
    { 10, 18, 11, 0, 18, 45, 3928 }, // <backslash>
    { 7, 23, 8, -1, 19, 41, 3973 }, // ]
    { 11, 10, 14, 1, 18, 28, 4014 }, // ^
    { 11, 3, 11, 0, -2, 9, 4042 }, // _
    { 6, 5, 14, 2, 19, 8, 4051 }, // `
    { 13, 12, 13, 1, 12, 39, 4059 }, // a
    { 15, 19, 16, 0, 19, 72, 4098 }, // b
    { 12, 12, 13, 1, 12, 36, 4170 }, // c
    { 15, 19, 16, 1, 19, 72, 4206 }, // d
    { 12, 12, 13, 1, 12, 36, 4278 }, // e
    { 14, 19, 11, 0, 19, 67, 4314 }, // f
    { 14, 19, 15, 1, 12, 67, 4381 }, // g
    { 16, 19, 16, 0, 19, 76, 4448 }, // h
    { 8, 19, 8, 0, 19, 38, 4524 }, // i
    { 6, 27, 7, 0, 19, 41, 4562 }, // j
    { 16, 19, 16, 0, 19, 76, 4603 }, // k
    { 8, 19, 8, 0, 19, 38, 4679 }, // l
    { 23, 12, 24, 1, 12, 69, 4717 }, // m
    { 16, 12, 17, 1, 12, 48, 4786 }, // n
    { 13, 12, 15, 1, 12, 39, 4834 }, // o
    { 15, 19, 17, 1, 12, 72, 4873 }, // p
    { 15, 19, 16, 1, 12, 72, 4945 }, // q
    { 11, 12, 13, 1, 12, 33, 5017 }, // r
    { 10, 12, 11, 0, 12, 30, 5050 }, // s
    { 11, 15, 11, 1, 15, 42, 5080 }, // t
    { 15, 13, 15, 0, 13, 49, 5122 }, // u
    { 16, 12, 14, -1, 12, 48, 5171 }, // v
    { 22, 12, 21, -1, 12, 66, 5219 }, // w
    { 15, 12, 14, 0, 12, 45, 5285 }, // x
    { 16, 19, 15, -1, 12, 76, 5330 }, // y
    { 13, 12, 12, 0, 12, 39, 5406 }, // z
    { 8, 24, 8, 0, 19, 48, 5445 }, // {
    { 2, 27, 6, 2, 20, 14, 5493 }, // |
    { 8, 24, 9, 0, 19, 48, 5507 }, // }
    { 10, 4, 14, 2, 8, 10, 5555 }, // ~
    { 0, 0, 6, 0, 0, 0, 0 }, // U+00A0
    { 4, 19, 6, 1, 12, 19, 0 }, // U+00A1
    { 12, 18, 17, 3, 18, 54, 19 }, // U+00A2
    { 15, 20, 17, 1, 19, 75, 73 }, // U+00A3
    { 10, 9, 12, 1, 10, 23, 148 }, // U+00A4
    { 19, 18, 16, -2, 18, 86, 171 }, // U+00A5
    { 2, 27, 6, 2, 20, 14, 257 }, // U+00A6
    { 13, 23, 15, 1, 19, 75, 271 }, // U+00A7
    { 9, 4, 13, 2, 18, 9, 346 }, // U+00A8
    { 19, 20, 21, 1, 19, 95, 355 }, // U+00A9
    { 10, 13, 11, 1, 18, 33, 450 }, // U+00AA
    { 13, 12, 14, 1, 12, 39, 483 }, // U+00AB
    { 11, 7, 14, 1, 10, 20, 522 }, // U+00AC
    { 7, 3, 9, 1, 8, 6, 542 }, // U+00AD
    { 12, 13, 14, 1, 19, 39, 548 }, // U+00AE
    { 7, 3, 13, 3, 17, 6, 587 }, // U+00AF
    { 9, 10, 10, 0, 19, 23, 593 }, // U+00B0
    { 10, 12, 14, 2, 12, 30, 616 }, // U+00B1
    { 9, 10, 9, 0, 18, 23, 646 }, // U+00B2
    { 9, 10, 9, 0, 18, 23, 669 }, // U+00B3
    { 6, 5, 14, 6, 19, 8, 692 }, // U+00B4
    { 14, 19, 16, 2, 12, 67, 700 }, // U+00B5
    { 16, 23, 17, 1, 19, 92, 767 }, // U+00B6
    { 4, 4, 6, 1, 8, 4, 859 }, // U+00B7
    { 6, 9, 13, 3, 1, 14, 863 }, // U+00B8
    { 8, 10, 8, 0, 18, 20, 877 }, // U+00B9
    { 10, 13, 12, 1, 18, 33, 897 }, // U+00BA
    { 13, 12, 15, 1, 12, 39, 930 }, // U+00BB
    { 21, 18, 21, 0, 18, 95, 969 }, // U+00BC
    { 21, 19, 22, 0, 18, 100, 1064 }, // U+00BD
    { 21, 20, 21, 0, 19, 105, 1164 }, // U+00BE
    { 11, 19, 14, 2, 12, 53, 1269 }, // U+00BF
    { 22, 23, 20, -1, 23, 127, 1322 }, // U+00C0
    { 21, 23, 21, 0, 23, 121, 1449 }, // U+00C1
    { 21, 23, 20, 0, 23, 121, 1570 }, // U+00C2
    { 21, 24, 20, 0, 24, 126, 1691 }, // U+00C3
    { 22, 23, 20, -1, 23, 127, 1817 }, // U+00C4
    { 22, 25, 20, -1, 25, 138, 1944 }, // U+00C5
    { 29, 20, 28, -1, 19, 145, 2082 }, // U+00C6
    { 18, 26, 19, 1, 19, 117, 2227 }, // U+00C7
    { 17, 24, 18, 1, 23, 102, 2344 }, // U+00C8
    { 17, 24, 18, 1, 23, 102, 2446 }, // U+00C9
    { 17, 24, 18, 1, 23, 102, 2548 }, // U+00CA
    { 17, 24, 18, 1, 23, 102, 2650 }, // U+00CB
    { 9, 23, 10, 0, 23, 52, 2752 }, // U+00CC
    { 9, 23, 11, 1, 23, 52, 2804 }, // U+00CD
    { 10, 23, 10, 0, 23, 58, 2856 }, // U+00CE
    { 10, 23, 11, 1, 23, 58, 2914 }, // U+00CF
    { 19, 19, 21, 1, 19, 91, 2972 }, // U+00D0
    { 20, 24, 21, 0, 24, 120, 3063 }, // U+00D1
    { 19, 24, 21, 1, 24, 114, 3183 }, // U+00D2
    { 19, 24, 21, 1, 24, 114, 3297 }, // U+00D3
    { 19, 24, 21, 1, 24, 114, 3411 }, // U+00D4
    { 19, 24, 21, 1, 24, 114, 3525 }, // U+00D5
    { 19, 24, 21, 1, 24, 114, 3639 }, // U+00D6
    { 10, 10, 14, 2, 11, 25, 3753 }, // U+00D7
    { 21, 19, 21, 0, 19, 100, 3778 }, // U+00D8
    { 20, 24, 20, 0, 24, 120, 3878 }, // U+00D9
    { 20, 24, 20, 0, 24, 120, 3998 }, // U+00DA
    { 20, 24, 20, 0, 24, 120, 4118 }, // U+00DB
    { 20, 24, 20, 0, 24, 120, 4238 }, // U+00DC
    { 21, 23, 20, -1, 23, 121, 4358 }, // U+00DD
    { 16, 18, 18, 1, 18, 72, 4479 }, // U+00DE
    { 18, 19, 19, 0, 19, 86, 4551 }, // U+00DF
    { 13, 19, 13, 1, 19, 62, 4637 }, // U+00E0
    { 13, 19, 13, 1, 19, 62, 4699 }, // U+00E1
    { 13, 19, 13, 1, 19, 62, 4761 }, // U+00E2
    { 13, 19, 13, 1, 19, 62, 4823 }, // U+00E3
    { 13, 18, 13, 1, 18, 59, 4885 }, // U+00E4
    { 13, 19, 13, 1, 19, 62, 4944 }, // U+00E5
    { 18, 12, 19, 1, 12, 54, 5006 }, // U+00E6
    { 12, 19, 13, 1, 12, 57, 5060 }, // U+00E7
    { 12, 19, 13, 1, 19, 57, 5117 }, // U+00E8
    { 12, 19, 13, 1, 19, 57, 5174 }, // U+00E9
    { 12, 19, 13, 1, 19, 57, 5231 }, // U+00EA
    { 12, 18, 13, 1, 18, 54, 5288 }, // U+00EB
    { 9, 18, 8, -1, 18, 41, 5342 }, // U+00EC
    { 9, 18, 8, 0, 18, 41, 5383 }, // U+00ED
    { 10, 18, 8, -1, 18, 45, 5424 }, // U+00EE
    { 9, 18, 9, 0, 18, 41, 5469 }, // U+00EF
    { 13, 20, 15, 1, 20, 65, 5510 }, // U+00F0
    { 16, 18, 17, 1, 18, 72, 5575 }, // U+00F1
    { 13, 19, 15, 1, 19, 62, 5647 }, // U+00F2
    { 13, 19, 15, 1, 19, 62, 5709 }, // U+00F3
    { 13, 19, 15, 1, 19, 62, 5771 }, // U+00F4
    { 13, 19, 15, 1, 19, 62, 5833 }, // U+00F5
    { 13, 18, 15, 1, 18, 59, 5895 }, // U+00F6
    { 10, 12, 14, 2, 12, 30, 5954 }, // U+00F7
    { 15, 12, 15, 0, 12, 45, 5984 }, // U+00F8
    { 15, 19, 15, 0, 19, 72, 6029 }, // U+00F9
    { 15, 19, 15, 0, 19, 72, 6101 }, // U+00FA
    { 15, 19, 15, 0, 19, 72, 6173 }, // U+00FB
    { 15, 18, 15, 0, 18, 68, 6245 }, // U+00FC
    { 16, 25, 14, -1, 18, 100, 6313 }, // U+00FD
    { 15, 26, 16, 0, 19, 98, 6413 }, // U+00FE
    { 16, 25, 15, 0, 18, 100, 6511 }, // U+00FF
    { 22, 23, 20, -1, 23, 127, 0 }, // U+0100
    { 13, 18, 13, 1, 18, 59, 127 }, // U+0101
    { 21, 23, 20, 0, 23, 121, 186 }, // U+0102
    { 13, 18, 13, 1, 18, 59, 307 }, // U+0103
    { 22, 26, 20, -1, 19, 143, 366 }, // U+0104
    { 13, 19, 14, 1, 12, 62, 509 }, // U+0105
    { 17, 24, 19, 1, 24, 102, 571 }, // U+0106
    { 12, 19, 13, 1, 19, 57, 673 }, // U+0107
    { 17, 24, 19, 1, 24, 102, 730 }, // U+0108
    { 12, 19, 13, 1, 19, 57, 832 }, // U+0109
    { 18, 24, 20, 1, 24, 108, 889 }, // U+010A
    { 12, 18, 13, 1, 18, 54, 997 }, // U+010B
    { 17, 24, 19, 1, 24, 102, 1051 }, // U+010C
    { 12, 19, 13, 1, 19, 57, 1153 }, // U+010D
    { 19, 23, 21, 1, 23, 110, 1210 }, // U+010E
    { 18, 19, 16, 1, 19, 86, 1320 }, // U+010F
    { 19, 19, 21, 1, 19, 91, 1406 }, // U+0110
    { 15, 19, 16, 1, 19, 72, 1497 }, // U+0111
    { 17, 24, 18, 1, 23, 102, 1569 }, // U+0112
    { 11, 18, 13, 1, 18, 50, 1671 }, // U+0113
    { 17, 24, 18, 1, 23, 102, 1721 }, // U+0114
    { 12, 19, 13, 1, 19, 57, 1823 }, // U+0115
    { 17, 24, 18, 1, 23, 102, 1880 }, // U+0116
    { 12, 18, 13, 1, 18, 54, 1982 }, // U+0117
    { 17, 26, 18, 1, 19, 111, 2036 }, // U+0118
    { 12, 19, 13, 1, 12, 57, 2147 }, // U+0119
    { 17, 24, 18, 1, 23, 102, 2204 }, // U+011A
    { 12, 19, 13, 1, 19, 57, 2306 }, // U+011B
    { 19, 24, 20, 1, 24, 114, 2363 }, // U+011C
    { 14, 25, 15, 1, 18, 88, 2477 }, // U+011D
    { 19, 24, 20, 1, 24, 114, 2565 }, // U+011E
    { 14, 25, 15, 1, 18, 88, 2679 }, // U+011F
    { 19, 24, 20, 1, 24, 114, 2767 }, // U+0120
    { 14, 25, 15, 1, 18, 88, 2881 }, // U+0121
    { 19, 25, 20, 1, 25, 119, 2969 }, // U+0122
    { 14, 26, 15, 1, 19, 91, 3088 }, // U+0123
    { 21, 23, 23, 1, 23, 121, 3179 }, // U+0124
    { 16, 24, 16, 0, 24, 96, 3300 }, // U+0125
    { 21, 18, 23, 1, 18, 95, 3396 }, // U+0126
    { 16, 19, 16, 0, 19, 76, 3491 }, // U+0127
    { 9, 24, 10, 0, 24, 54, 3567 }, // U+0128
    { 9, 18, 8, -1, 18, 41, 3621 }, // U+0129
    { 10, 23, 10, 0, 23, 58, 3662 }, // U+012A
    { 7, 17, 9, 1, 17, 30, 3720 }, // U+012B
    { 8, 23, 10, 1, 23, 46, 3750 }, // U+012C
    { 9, 18, 8, -1, 18, 41, 3796 }, // U+012D
    { 9, 25, 10, 0, 18, 57, 3837 }, // U+012E
    { 8, 26, 8, 0, 19, 52, 3894 }, // U+012F
    { 8, 23, 10, 1, 23, 46, 3946 }, // U+0130
    { 8, 12, 8, 0, 12, 24, 3992 }, // U+0131
    { 13, 24, 12, 0, 24, 78, 4016 }, // U+0134
    { 9, 26, 8, -1, 18, 59, 4094 }, // U+0135
    { 21, 26, 21, 1, 18, 137, 4153 }, // U+0136
    { 16, 27, 15, 0, 19, 108, 4290 }, // U+0137
    { 16, 12, 16, 0, 12, 48, 4398 }, // U+0138
    { 17, 24, 17, 1, 23, 102, 4446 }, // U+0139
    { 9, 24, 8, 0, 24, 54, 4548 }, // U+013A
    { 17, 26, 17, 1, 18, 111, 4602 }, // U+013B
    { 8, 27, 8, 0, 19, 54, 4713 }, // U+013C
    { 16, 19, 17, 1, 18, 76, 4767 }, // U+013D
    { 11, 19, 8, 0, 19, 53, 4843 }, // U+013E
    { 17, 19, 18, 1, 18, 81, 4896 }, // U+013F
    { 11, 19, 10, 0, 19, 53, 4977 }, // U+0140
    { 17, 19, 17, 1, 18, 81, 5030 }, // U+0141
    { 8, 19, 10, 1, 19, 38, 5111 }, // U+0142
    { 20, 23, 21, 0, 23, 115, 5149 }, // U+0143
    { 16, 18, 17, 1, 18, 72, 5264 }, // U+0144
    { 20, 26, 21, 0, 18, 130, 5336 }, // U+0145
    { 16, 20, 17, 1, 12, 80, 5466 }, // U+0146
    { 20, 23, 21, 0, 23, 115, 5546 }, // U+0147
    { 16, 18, 17, 1, 18, 72, 5661 }, // U+0148
    { 20, 25, 21, 0, 18, 125, 5733 }, // U+014A
    { 14, 20, 16, 1, 12, 70, 5858 }, // U+014B
    { 19, 23, 21, 1, 23, 110, 5928 }, // U+014C
    { 13, 18, 15, 1, 18, 59, 6038 }, // U+014D
    { 19, 24, 21, 1, 24, 114, 6097 }, // U+014E
    { 13, 19, 15, 1, 19, 62, 6211 }, // U+014F
    { 19, 23, 21, 1, 23, 110, 6273 }, // U+0150
    { 13, 18, 15, 1, 18, 59, 6383 }, // U+0151
    { 28, 20, 29, 1, 19, 140, 6442 }, // U+0152
    { 21, 12, 22, 1, 12, 63, 6582 }, // U+0153
    { 19, 24, 19, 1, 24, 114, 6645 }, // U+0154
    { 11, 18, 13, 1, 18, 50, 6759 }, // U+0155
    { 19, 27, 19, 1, 19, 129, 6809 }, // U+0156
    { 11, 20, 13, 1, 12, 55, 6938 }, // U+0157
    { 19, 24, 19, 1, 24, 114, 6993 }, // U+0158
    { 11, 18, 13, 1, 18, 50, 7107 }, // U+0159
    { 14, 24, 15, 0, 24, 84, 7157 }, // U+015A
    { 10, 19, 11, 0, 19, 48, 7241 }, // U+015B
    { 14, 24, 15, 0, 24, 84, 7289 }, // U+015C
    { 10, 19, 11, 0, 19, 48, 7373 }, // U+015D
    { 14, 26, 15, 0, 19, 91, 7421 }, // U+015E
    { 10, 19, 11, 0, 12, 48, 7512 }, // U+015F
    { 14, 24, 15, 0, 24, 84, 7560 }, // U+0160
    { 10, 18, 11, 0, 18, 45, 7644 }, // U+0161
    { 19, 26, 19, 0, 19, 124, 7689 }, // U+0162
    { 10, 22, 11, 1, 15, 55, 7813 }, // U+0163
    { 18, 23, 18, 0, 23, 104, 7868 }, // U+0164
    { 11, 19, 11, 1, 19, 53, 7972 }, // U+0165
    { 19, 19, 19, 0, 19, 91, 8025 }, // U+0166
    { 11, 15, 11, 1, 15, 42, 8116 }, // U+0167
    { 20, 24, 20, 0, 24, 120, 8158 }, // U+0168
    { 15, 19, 15, 0, 19, 72, 8278 }, // U+0169
    { 20, 23, 20, 0, 23, 115, 8350 }, // U+016A
    { 15, 18, 15, 0, 18, 68, 8465 }, // U+016B
    { 20, 24, 20, 0, 24, 120, 8533 }, // U+016C
    { 15, 19, 15, 0, 19, 72, 8653 }, // U+016D
    { 20, 25, 20, 0, 25, 125, 8725 }, // U+016E
    { 15, 19, 15, 0, 19, 72, 8850 }, // U+016F
    { 20, 23, 20, 0, 23, 115, 8922 }, // U+0170
    { 15, 18, 15, 0, 18, 68, 9037 }, // U+0171
    { 20, 25, 20, 0, 18, 125, 9105 }, // U+0172
    { 15, 20, 15, 0, 13, 75, 9230 }, // U+0173
    { 29, 23, 28, 0, 23, 167, 9305 }, // U+0174
    { 22, 18, 21, -1, 18, 99, 9472 }, // U+0175
    { 21, 23, 19, -1, 23, 121, 9571 }, // U+0176
    { 16, 25, 15, -1, 18, 100, 9692 }, // U+0177
    { 21, 23, 20, 0, 23, 121, 9792 }, // U+0178
    { 17, 24, 17, 0, 23, 102, 9913 }, // U+0179
    { 13, 18, 12, 0, 18, 59, 10015 }, // U+017A
    { 17, 24, 18, 1, 23, 102, 10074 }, // U+017B
    { 12, 18, 12, 0, 18, 54, 10176 }, // U+017C
    { 17, 24, 17, 0, 23, 102, 10230 }, // U+017D
    { 13, 18, 12, 0, 18, 59, 10332 }, // U+017E
    { 19, 23, 21, 1, 23, 110, 0 }, // U+01A0
    { 14, 16, 15, 1, 16, 56, 110 }, // U+01A1
    { 23, 22, 21, 0, 22, 127, 166 }, // U+01AF
    { 17, 16, 16, 0, 16, 68, 293 }, // U+01B0
    { 37, 24, 38, 1, 23, 222, 361 }, // U+01C4
    { 33, 19, 33, 1, 19, 157, 583 }, // U+01C5
    { 27, 19, 28, 1, 19, 129, 740 }, // U+01C6
    { 28, 19, 29, 1, 18, 133, 869 }, // U+01C7
    { 22, 27, 24, 1, 19, 149, 1002 }, // U+01C8
    { 14, 27, 15, 0, 19, 95, 1151 }, // U+01C9
    { 32, 19, 32, 0, 19, 152, 1246 }, // U+01CA
    { 26, 27, 27, 0, 19, 176, 1398 }, // U+01CB
    { 21, 27, 23, 1, 19, 142, 1574 }, // U+01CC
    { 19, 24, 20, 1, 24, 114, 1716 }, // U+01E6
    { 14, 25, 15, 1, 18, 88, 1830 }, // U+01E7
    { 19, 26, 21, 1, 19, 124, 1918 }, // U+01EA
    { 13, 19, 15, 1, 12, 62, 2042 }, // U+01EB
    { 22, 28, 20, -1, 28, 154, 2104 }, // U+01FA
    { 13, 25, 13, 1, 25, 82, 2258 }, // U+01FB
    { 29, 24, 28, -1, 23, 174, 2340 }, // U+01FC
    { 18, 19, 19, 1, 19, 86, 2514 }, // U+01FD
    { 21, 24, 21, 0, 24, 126, 2600 }, // U+01FE
    { 15, 19, 15, 0, 19, 72, 2726 }, // U+01FF
    { 21, 23, 20, -1, 23, 121, 2798 }, // U+0200
    { 14, 18, 13, 0, 18, 63, 2919 }, // U+0201
    { 21, 23, 20, 0, 23, 121, 2982 }, // U+0202
    { 13, 19, 13, 1, 19, 62, 3103 }, // U+0203
    { 18, 24, 18, 0, 23, 108, 3165 }, // U+0204
    { 13, 18, 13, 0, 18, 59, 3273 }, // U+0205
    { 17, 24, 18, 1, 23, 102, 3332 }, // U+0206
    { 12, 19, 13, 1, 19, 57, 3434 }, // U+0207
    { 11, 23, 10, -2, 23, 64, 3491 }, // U+0208
    { 11, 18, 9, -2, 18, 50, 3555 }, // U+0209
    { 8, 23, 10, 1, 23, 46, 3605 }, // U+020A
    { 9, 19, 8, -1, 19, 43, 3651 }, // U+020B
    { 19, 23, 21, 1, 23, 110, 3694 }, // U+020C
    { 13, 18, 15, 1, 18, 59, 3804 }, // U+020D
    { 19, 24, 21, 1, 24, 114, 3863 }, // U+020E
    { 13, 19, 15, 1, 19, 62, 3977 }, // U+020F
    { 19, 23, 19, 1, 23, 110, 4039 }, // U+0210
    { 12, 18, 13, 0, 18, 54, 4149 }, // U+0211
    { 19, 23, 19, 1, 23, 110, 4203 }, // U+0212
    { 11, 19, 13, 1, 19, 53, 4313 }, // U+0213
    { 20, 23, 20, 0, 23, 115, 4366 }, // U+0214
    { 15, 18, 15, 0, 18, 68, 4481 }, // U+0215
    { 20, 24, 20, 0, 24, 120, 4549 }, // U+0216
    { 15, 19, 15, 0, 19, 72, 4669 }, // U+0217
    { 14, 26, 15, 0, 19, 91, 4741 }, // U+0218
    { 10, 19, 11, 0, 12, 48, 4832 }, // U+0219
    { 18, 27, 18, 0, 19, 122, 4880 }, // U+021A
    { 11, 22, 11, 1, 15, 61, 5002 }, // U+021B
    { 6, 5, 0, -5, 19, 8, 0 }, // U+0300
    { 6, 5, 0, -1, 19, 8, 8 }, // U+0301
    { 10, 5, 0, -5, 19, 13, 16 }, // U+0302
    { 10, 5, 0, -5, 19, 13, 29 }, // U+0303
    { 7, 3, 0, -4, 17, 6, 42 }, // U+0304
    { 10, 5, 0, -5, 18, 13, 48 }, // U+0306
    { 4, 4, 0, -2, 18, 4, 61 }, // U+0307
    { 9, 4, 0, -4, 18, 9, 65 }, // U+0308
    { 6, 7, 0, -3, 19, 11, 74 }, // U+0309
    { 5, 7, 0, -2, 19, 9, 85 }, // U+030A
    { 9, 4, 0, -3, 18, 9, 94 }, // U+030B
    { 10, 5, 0, -5, 19, 13, 103 }, // U+030C
    { 9, 4, 0, -6, 18, 9, 116 }, // U+030F
    { 10, 6, 0, -5, 19, 15, 125 }, // U+0311
    { 4, 6, 0, -2, 19, 6, 140 }, // U+0312
    { 7, 6, 0, -1, 16, 11, 146 }, // U+031B
    { 4, 4, 0, -2, -1, 4, 157 }, // U+0323
    { 9, 4, 0, -4, -1, 9, 161 }, // U+0324
    { 5, 6, 0, -3, -1, 8, 170 }, // U+0326
    { 6, 9, 0, -3, 1, 14, 178 }, // U+0327
    { 6, 8, 0, -5, 1, 12, 192 }, // U+0328
    { 10, 5, 0, -5, -1, 13, 204 }, // U+032E
    { 7, 3, 0, -4, -2, 6, 217 }, // U+0331
    { 10, 3, 0, -5, 16, 8, 223 }, // U+0335
    { 22, 23, 21, -1, 18, 127, 0 }, // U+1EA0
    { 13, 17, 13, 1, 12, 56, 127 }, // U+1EA1
    { 21, 25, 21, 0, 25, 132, 183 }, // U+1EA2
    { 13, 19, 13, 1, 19, 62, 315 }, // U+1EA3
    { 22, 25, 20, -1, 25, 138, 377 }, // U+1EA4
    { 14, 21, 13, 1, 21, 74, 515 }, // U+1EA5
    { 22, 25, 20, -1, 25, 138, 589 }, // U+1EA6
    { 16, 20, 13, -2, 20, 80, 727 }, // U+1EA7
    { 22, 27, 20, -1, 27, 149, 807 }, // U+1EA8
    { 13, 23, 14, 1, 23, 75, 956 }, // U+1EA9
    { 21, 25, 20, 0, 25, 132, 1031 }, // U+1EAA
    { 13, 20, 13, 1, 20, 65, 1163 }, // U+1EAB
    { 22, 28, 21, -1, 23, 154, 1228 }, // U+1EAC
    { 13, 24, 13, 1, 19, 78, 1382 }, // U+1EAD
    { 22, 25, 21, -1, 25, 138, 1460 }, // U+1EAE
    { 13, 20, 13, 1, 20, 65, 1598 }, // U+1EAF
    { 22, 25, 20, -1, 25, 138, 1663 }, // U+1EB0
    { 13, 20, 13, 1, 20, 65, 1801 }, // U+1EB1
    { 21, 26, 20, -1, 26, 137, 1866 }, // U+1EB2
    { 13, 22, 13, 1, 22, 72, 2003 }, // U+1EB3
    { 21, 26, 20, 0, 26, 137, 2075 }, // U+1EB4
    { 13, 21, 13, 1, 21, 69, 2212 }, // U+1EB5
    { 22, 28, 21, -1, 23, 154, 2281 }, // U+1EB6
    { 13, 23, 13, 1, 18, 75, 2435 }, // U+1EB7
    { 17, 24, 18, 1, 19, 102, 2510 }, // U+1EB8
    { 12, 17, 13, 1, 12, 51, 2612 }, // U+1EB9
    { 17, 26, 18, 1, 25, 111, 2663 }, // U+1EBA
    { 11, 19, 12, 1, 19, 53, 2774 }, // U+1EBB
    { 17, 25, 18, 1, 24, 107, 2827 }, // U+1EBC
    { 12, 19, 13, 1, 19, 57, 2934 }, // U+1EBD
    { 17, 26, 18, 1, 25, 111, 2991 }, // U+1EBE
    { 14, 21, 13, 1, 21, 74, 3102 }, // U+1EBF
    { 18, 26, 18, 0, 25, 117, 3176 }, // U+1EC0
    { 15, 21, 13, -2, 21, 79, 3293 }, // U+1EC1
    { 17, 28, 18, 1, 27, 119, 3372 }, // U+1EC2
    { 13, 23, 13, 1, 23, 75, 3491 }, // U+1EC3
    { 17, 26, 18, 1, 25, 111, 3566 }, // U+1EC4
    { 12, 20, 13, 1, 20, 60, 3677 }, // U+1EC5
    { 17, 28, 18, 1, 23, 119, 3737 }, // U+1EC6
    { 12, 24, 13, 1, 19, 72, 3856 }, // U+1EC7
    { 9, 25, 10, 1, 25, 57, 3928 }, // U+1EC8
    { 8, 19, 8, 0, 19, 38, 3985 }, // U+1EC9
    { 8, 23, 10, 1, 18, 46, 4023 }, // U+1ECA
    { 8, 24, 8, 0, 19, 48, 4069 }, // U+1ECB
    { 19, 24, 21, 1, 19, 114, 4117 }, // U+1ECC
    { 13, 17, 15, 1, 12, 56, 4231 }, // U+1ECD
    { 19, 25, 21, 1, 25, 119, 4287 }, // U+1ECE
    { 13, 19, 15, 1, 19, 62, 4406 }, // U+1ECF
    { 19, 25, 21, 1, 25, 119, 4468 }, // U+1ED0
    { 15, 21, 15, 1, 21, 79, 4587 }, // U+1ED1
    { 19, 25, 21, 1, 25, 119, 4666 }, // U+1ED2
    { 15, 21, 15, -1, 21, 79, 4785 }, // U+1ED3
    { 19, 27, 21, 1, 27, 129, 4864 }, // U+1ED4
    { 14, 23, 15, 1, 23, 81, 4993 }, // U+1ED5
    { 19, 25, 21, 1, 25, 119, 5074 }, // U+1ED6
    { 13, 20, 15, 1, 20, 65, 5193 }, // U+1ED7
    { 19, 29, 21, 1, 24, 138, 5258 }, // U+1ED8
    { 13, 24, 15, 1, 19, 78, 5396 }, // U+1ED9
    { 19, 24, 21, 1, 24, 114, 5474 }, // U+1EDA
    { 14, 19, 15, 1, 19, 67, 5588 }, // U+1EDB
    { 19, 24, 21, 1, 24, 114, 5655 }, // U+1EDC
    { 14, 19, 15, 1, 19, 67, 5769 }, // U+1EDD
    { 19, 25, 21, 1, 25, 119, 5836 }, // U+1EDE
    { 14, 19, 15, 1, 19, 67, 5955 }, // U+1EDF
    { 19, 24, 21, 1, 24, 114, 6022 }, // U+1EE0
    { 14, 19, 15, 1, 19, 67, 6136 }, // U+1EE1
    { 19, 28, 21, 1, 23, 133, 6203 }, // U+1EE2
    { 14, 21, 15, 1, 16, 74, 6336 }, // U+1EE3
    { 20, 24, 20, 0, 19, 120, 6410 }, // U+1EE4
    { 15, 18, 15, 0, 13, 68, 6530 }, // U+1EE5
    { 20, 25, 20, 0, 25, 125, 6598 }, // U+1EE6
    { 15, 19, 15, 0, 19, 72, 6723 }, // U+1EE7
    { 23, 24, 21, 0, 24, 138, 6795 }, // U+1EE8
    { 17, 19, 16, 0, 19, 81, 6933 }, // U+1EE9
    { 23, 24, 21, 0, 24, 138, 7014 }, // U+1EEA
    { 17, 19, 16, 0, 19, 81, 7152 }, // U+1EEB
    { 23, 25, 21, 0, 25, 144, 7233 }, // U+1EEC
    { 17, 19, 16, 0, 19, 81, 7377 }, // U+1EED
    { 23, 24, 21, 0, 24, 138, 7458 }, // U+1EEE
    { 17, 19, 16, 0, 19, 81, 7596 }, // U+1EEF
    { 23, 27, 21, 0, 22, 156, 7677 }, // U+1EF0
    { 17, 21, 16, 0, 16, 90, 7833 }, // U+1EF1
    { 21, 23, 19, -1, 23, 121, 7923 }, // U+1EF2
    { 16, 25, 14, -1, 18, 100, 8044 }, // U+1EF3
    { 21, 23, 19, -1, 18, 121, 8144 }, // U+1EF4
    { 16, 19, 14, -1, 12, 76, 8265 }, // U+1EF5
    { 21, 25, 20, -1, 25, 132, 8341 }, // U+1EF6
    { 15, 26, 15, 0, 19, 98, 8473 }, // U+1EF7
    { 21, 24, 19, -1, 24, 126, 8571 }, // U+1EF8
    { 16, 25, 15, -1, 18, 100, 8697 }, // U+1EF9
    { 7, 3, 9, 1, 8, 6, 0 }, // U+2010
    { 11, 3, 13, 1, 8, 9, 6 }, // U+2013
    { 16, 3, 18, 1, 8, 12, 15 }, // U+2014
    { 6, 8, 7, 1, 19, 12, 27 }, // U+2018
    { 6, 8, 7, 0, 19, 12, 39 }, // U+2019
    { 6, 8, 7, 0, 4, 12, 51 }, // U+201A
    { 12, 8, 13, 1, 19, 24, 63 }, // U+201C
    { 12, 8, 13, 0, 19, 24, 87 }, // U+201D
    { 12, 8, 13, 0, 4, 24, 111 }, // U+201E
    { 7, 10, 9, 1, 19, 18, 135 }, // U+2020
    { 7, 10, 11, 2, 19, 18, 153 }, // U+2021
    { 7, 7, 11, 2, 9, 13, 171 }, // U+2022
    { 19, 4, 20, 1, 4, 19, 184 }, // U+2026
    { 32, 19, 34, 1, 19, 152, 203 }, // U+2030
    { 5, 7, 6, 1, 18, 9, 355 }, // U+2032
    { 10, 7, 12, 1, 18, 18, 364 }, // U+2033
    { 7, 12, 8, 1, 12, 21, 382 }, // U+2039
    { 7, 12, 9, 1, 12, 21, 403 }, // U+203A
    { 16, 18, 2, -7, 18, 72, 424 }, // U+2044
    { 18, 18, 20, 1, 18, 81, 496 }, // U+2052
    { 9, 10, 11, 1, 18, 23, 0 }, // U+2070
    { 11, 10, 11, 0, 18, 28, 23 }, // U+2074
    { 14, 24, 17, 2, 21, 84, 0 }, // U+20A1
    { 15, 19, 16, 1, 19, 72, 84 }, // U+20A3
    { 15, 20, 16, 1, 19, 75, 156 }, // U+20A4
    { 15, 18, 17, 1, 18, 68, 231 }, // U+20A6
    { 19, 19, 17, -1, 19, 91, 299 }, // U+20A7
    { 19, 18, 17, -1, 18, 86, 390 }, // U+20A9
    { 15, 24, 17, 1, 19, 90, 476 }, // U+20AB
    { 17, 19, 18, 1, 19, 81, 566 }, // U+20AC
    { 18, 18, 16, 0, 18, 81, 647 }, // U+20AD
    { 17, 19, 18, 1, 19, 81, 728 }, // U+20B1
    { 16, 24, 17, 1, 21, 96, 809 }, // U+20B2
    { 12, 18, 17, 3, 18, 54, 905 }, // U+20B5
    { 15, 20, 17, 1, 19, 75, 959 }, // U+20B9
    { 16, 19, 17, 1, 18, 76, 1034 }, // U+20BA
    { 15, 18, 17, 1, 18, 68, 1110 }, // U+20BC
    { 15, 19, 17, 1, 19, 72, 1178 }, // U+20BD
    { 11, 2, 14, 1, 7, 6, 0 }, // U+2212
    { 16, 19, 2, -7, 19, 76, 6 }, // U+2215
    { 8, 7, 14, 3, 9, 14, 82 }, // U+2219
    { 11, 8, 14, 2, 10, 22, 96 }, // U+2248
    { 11, 12, 14, 1, 12, 33, 118 }, // U+2260
    { 13, 13, 14, 0, 13, 43, 151 }, // U+2264
    { 13, 13, 14, 0, 13, 43, 194 }, // U+2265
    { 23, 19, 19, 0, 19, 110, 0 }, // U+FB00
    { 17, 19, 17, 0, 19, 81, 110 }, // U+FB01
    { 17, 19, 17, 0, 19, 81, 191 }, // U+FB02
    { 26, 19, 26, 0, 19, 124, 272 }, // U+FB03
    { 26, 19, 26, 0, 19, 124, 396 }, // U+FB04
};

static const EpdUnicodeInterval newsreader_13_boldIntervals[] = {
    { 0x20, 0x7E, 0x0 },
    { 0xA0, 0xFF, 0x5F },
    { 0x100, 0x131, 0xBF },
    { 0x134, 0x148, 0xF1 },
    { 0x14A, 0x17E, 0x106 },
    { 0x1A0, 0x1A1, 0x13B },
    { 0x1AF, 0x1B0, 0x13D },
    { 0x1C4, 0x1CC, 0x13F },
    { 0x1E6, 0x1E7, 0x148 },
    { 0x1EA, 0x1EB, 0x14A },
    { 0x1FA, 0x21B, 0x14C },
    { 0x300, 0x304, 0x16E },
    { 0x306, 0x30C, 0x173 },
    { 0x30F, 0x30F, 0x17A },
    { 0x311, 0x312, 0x17B },
    { 0x31B, 0x31B, 0x17D },
    { 0x323, 0x324, 0x17E },
    { 0x326, 0x328, 0x180 },
    { 0x32E, 0x32E, 0x183 },
    { 0x331, 0x331, 0x184 },
    { 0x335, 0x335, 0x185 },
    { 0x1EA0, 0x1EF9, 0x186 },
    { 0x2010, 0x2010, 0x1E0 },
    { 0x2013, 0x2014, 0x1E1 },
    { 0x2018, 0x201A, 0x1E3 },
    { 0x201C, 0x201E, 0x1E6 },
    { 0x2020, 0x2022, 0x1E9 },
    { 0x2026, 0x2026, 0x1EC },
    { 0x2030, 0x2030, 0x1ED },
    { 0x2032, 0x2033, 0x1EE },
    { 0x2039, 0x203A, 0x1F0 },
    { 0x2044, 0x2044, 0x1F2 },
    { 0x2052, 0x2052, 0x1F3 },
    { 0x2070, 0x2070, 0x1F4 },
    { 0x2074, 0x2074, 0x1F5 },
    { 0x20A1, 0x20A1, 0x1F6 },
    { 0x20A3, 0x20A4, 0x1F7 },
    { 0x20A6, 0x20A7, 0x1F9 },
    { 0x20A9, 0x20A9, 0x1FB },
    { 0x20AB, 0x20AD, 0x1FC },
    { 0x20B1, 0x20B2, 0x1FF },
    { 0x20B5, 0x20B5, 0x201 },
    { 0x20B9, 0x20BA, 0x202 },
    { 0x20BC, 0x20BD, 0x204 },
    { 0x2212, 0x2212, 0x206 },
    { 0x2215, 0x2215, 0x207 },
    { 0x2219, 0x2219, 0x208 },
    { 0x2248, 0x2248, 0x209 },
    { 0x2260, 0x2260, 0x20A },
    { 0x2264, 0x2265, 0x20B },
    { 0xFB00, 0xFB04, 0x20D },
};

static const EpdFontGroup newsreader_13_boldGroups[] = {
    { 0, 3120, 5565, 95, 0 },
    { 3120, 3039, 6611, 96, 95 },
    { 6159, 4185, 10391, 124, 191 },
    { 10344, 2561, 5063, 51, 315 },
    { 12905, 210, 231, 24, 366 },
    { 13115, 3411, 8797, 90, 390 },
    { 16526, 377, 577, 20, 480 },
    { 16903, 54, 51, 2, 500 },
    { 16957, 825, 1250, 16, 502 },
    { 17782, 179, 237, 7, 518 },
    { 17961, 212, 520, 5, 525 },
};

static const EpdKernClassEntry newsreader_13_boldKernLeftClasses[] = {
    { 0x0020, 1 }, // U+0020
    { 0x0022, 2 }, // "
    { 0x0026, 3 }, // &
    { 0x0027, 2 }, // '
    { 0x0028, 4 }, // (
    { 0x0029, 5 }, // )
    { 0x002A, 6 }, // *
    { 0x002C, 7 }, // ,
    { 0x002D, 8 }, // -
    { 0x002E, 7 }, // .
    { 0x002F, 9 }, // /
    { 0x003A, 10 }, // :
    { 0x003B, 10 }, // ;
    { 0x003F, 11 }, // ?
    { 0x0040, 12 }, // @
    { 0x0041, 13 }, // A
    { 0x0042, 14 }, // B
    { 0x0043, 15 }, // C
    { 0x0044, 16 }, // D
    { 0x0045, 17 }, // E
    { 0x0046, 18 }, // F
    { 0x0047, 19 }, // G
    { 0x0048, 20 }, // H
    { 0x0049, 20 }, // I
    { 0x004A, 21 }, // J
    { 0x004B, 22 }, // K
    { 0x004C, 23 }, // L
    { 0x004D, 24 }, // M
    { 0x004E, 25 }, // N
    { 0x004F, 26 }, // O
    { 0x0050, 27 }, // P
    { 0x0051, 28 }, // Q
    { 0x0052, 29 }, // R
    { 0x0053, 30 }, // S
    { 0x0054, 31 }, // T
    { 0x0055, 32 }, // U
    { 0x0056, 33 }, // V
    { 0x0057, 34 }, // W
    { 0x0058, 35 }, // X
    { 0x0059, 36 }, // Y
    { 0x005A, 37 }, // Z
    { 0x005B, 38 }, // [
    { 0x005C, 39 }, // <backslash>
    { 0x005D, 40 }, // ]
    { 0x005F, 41 }, // _
    { 0x0061, 42 }, // a
    { 0x0062, 43 }, // b
    { 0x0063, 44 }, // c
    { 0x0064, 45 }, // d
    { 0x0065, 46 }, // e
    { 0x0066, 47 }, // f
    { 0x0067, 48 }, // g
    { 0x0068, 49 }, // h
    { 0x0069, 50 }, // i
    { 0x006A, 51 }, // j
    { 0x006B, 52 }, // k
    { 0x006C, 53 }, // l
    { 0x006D, 49 }, // m
    { 0x006E, 49 }, // n
    { 0x006F, 54 }, // o
    { 0x0070, 43 }, // p
    { 0x0071, 55 }, // q
    { 0x0072, 56 }, // r
    { 0x0073, 57 }, // s
    { 0x0074, 58 }, // t
    { 0x0075, 59 }, // u
    { 0x0076, 60 }, // v
    { 0x0077, 61 }, // w
    { 0x0078, 62 }, // x
    { 0x0079, 63 }, // y
    { 0x007A, 64 }, // z
    { 0x007B, 65 }, // {
    { 0x007D, 66 }, // }
    { 0x00A0, 1 }, // U+00A0
    { 0x00A1, 67 }, // U+00A1
    { 0x00A9, 68 }, // U+00A9
    { 0x00AA, 69 }, // U+00AA
    { 0x00AB, 70 }, // U+00AB
    { 0x00AD, 8 }, // U+00AD
    { 0x00AE, 71 }, // U+00AE
    { 0x00B7, 72 }, // U+00B7
    { 0x00BA, 73 }, // U+00BA
    { 0x00BB, 74 }, // U+00BB
    { 0x00BF, 75 }, // U+00BF
    { 0x00C0, 13 }, // U+00C0
    { 0x00C1, 13 }, // U+00C1
    { 0x00C2, 13 }, // U+00C2
    { 0x00C3, 13 }, // U+00C3
    { 0x00C4, 13 }, // U+00C4
    { 0x00C5, 13 }, // U+00C5
    { 0x00C6, 17 }, // U+00C6
    { 0x00C7, 15 }, // U+00C7
    { 0x00C8, 17 }, // U+00C8
    { 0x00C9, 17 }, // U+00C9
    { 0x00CA, 17 }, // U+00CA
    { 0x00CB, 17 }, // U+00CB
    { 0x00CC, 20 }, // U+00CC
    { 0x00CD, 20 }, // U+00CD
    { 0x00CE, 20 }, // U+00CE
    { 0x00CF, 20 }, // U+00CF
    { 0x00D0, 16 }, // U+00D0
    { 0x00D1, 25 }, // U+00D1
    { 0x00D2, 26 }, // U+00D2
    { 0x00D3, 26 }, // U+00D3
    { 0x00D4, 26 }, // U+00D4
    { 0x00D5, 26 }, // U+00D5
    { 0x00D6, 26 }, // U+00D6
    { 0x00D8, 76 }, // U+00D8
    { 0x00D9, 32 }, // U+00D9
    { 0x00DA, 32 }, // U+00DA
    { 0x00DB, 32 }, // U+00DB
    { 0x00DC, 32 }, // U+00DC
    { 0x00DD, 36 }, // U+00DD
    { 0x00DE, 77 }, // U+00DE
    { 0x00DF, 78 }, // U+00DF
    { 0x00E0, 42 }, // U+00E0
    { 0x00E1, 79 }, // U+00E1
    { 0x00E2, 42 }, // U+00E2
    { 0x00E3, 42 }, // U+00E3
    { 0x00E4, 80 }, // U+00E4
    { 0x00E5, 42 }, // U+00E5
    { 0x00E6, 46 }, // U+00E6
    { 0x00E7, 44 }, // U+00E7
    { 0x00E8, 46 }, // U+00E8
    { 0x00E9, 46 }, // U+00E9
    { 0x00EA, 81 }, // U+00EA
    { 0x00EB, 82 }, // U+00EB
    { 0x00EC, 50 }, // U+00EC
    { 0x00ED, 83 }, // U+00ED
    { 0x00EE, 84 }, // U+00EE
    { 0x00EF, 85 }, // U+00EF
    { 0x00F0, 86 }, // U+00F0
    { 0x00F1, 49 }, // U+00F1
    { 0x00F2, 54 }, // U+00F2
    { 0x00F3, 87 }, // U+00F3
    { 0x00F4, 54 }, // U+00F4
    { 0x00F5, 54 }, // U+00F5
    { 0x00F6, 54 }, // U+00F6
    { 0x00F8, 88 }, // U+00F8
    { 0x00F9, 59 }, // U+00F9
    { 0x00FA, 59 }, // U+00FA
    { 0x00FB, 59 }, // U+00FB
    { 0x00FC, 59 }, // U+00FC
    { 0x00FD, 63 }, // U+00FD
    { 0x00FE, 43 }, // U+00FE
    { 0x00FF, 63 }, // U+00FF
    { 0x0100, 13 }, // U+0100
    { 0x0101, 42 }, // U+0101
    { 0x0102, 13 }, // U+0102
    { 0x0103, 42 }, // U+0103
    { 0x0104, 13 }, // U+0104
    { 0x0105, 89 }, // U+0105
    { 0x0106, 15 }, // U+0106
    { 0x0107, 90 }, // U+0107
    { 0x0108, 15 }, // U+0108
    { 0x0109, 44 }, // U+0109
    { 0x010A, 15 }, // U+010A
    { 0x010B, 44 }, // U+010B
    { 0x010C, 15 }, // U+010C
    { 0x010D, 44 }, // U+010D
    { 0x010E, 16 }, // U+010E
    { 0x010F, 91 }, // U+010F
    { 0x0110, 16 }, // U+0110
    { 0x0111, 92 }, // U+0111
    { 0x0112, 17 }, // U+0112
    { 0x0113, 46 }, // U+0113
    { 0x0114, 17 }, // U+0114
    { 0x0115, 46 }, // U+0115
    { 0x0116, 17 }, // U+0116
    { 0x0117, 46 }, // U+0117
    { 0x0118, 17 }, // U+0118
    { 0x0119, 46 }, // U+0119
    { 0x011A, 17 }, // U+011A
    { 0x011B, 93 }, // U+011B
    { 0x011C, 19 }, // U+011C
    { 0x011D, 48 }, // U+011D
    { 0x011E, 19 }, // U+011E
    { 0x011F, 48 }, // U+011F
    { 0x0120, 19 }, // U+0120
    { 0x0121, 48 }, // U+0121
    { 0x0122, 19 }, // U+0122
    { 0x0123, 48 }, // U+0123
    { 0x0124, 20 }, // U+0124
    { 0x0125, 49 }, // U+0125
    { 0x0126, 20 }, // U+0126
    { 0x0127, 49 }, // U+0127
    { 0x0128, 20 }, // U+0128
    { 0x0129, 94 }, // U+0129
    { 0x012A, 20 }, // U+012A
    { 0x012B, 95 }, // U+012B
    { 0x012C, 20 }, // U+012C
    { 0x012D, 96 }, // U+012D
    { 0x012E, 20 }, // U+012E
    { 0x012F, 50 }, // U+012F
    { 0x0130, 20 }, // U+0130
    { 0x0131, 50 }, // U+0131
    { 0x0134, 21 }, // U+0134
    { 0x0135, 97 }, // U+0135
    { 0x0136, 22 }, // U+0136
    { 0x0137, 52 }, // U+0137
    { 0x0138, 52 }, // U+0138
    { 0x0139, 23 }, // U+0139
    { 0x013A, 53 }, // U+013A
    { 0x013B, 23 }, // U+013B
    { 0x013C, 53 }, // U+013C
    { 0x013D, 98 }, // U+013D
    { 0x013E, 99 }, // U+013E
    { 0x013F, 23 }, // U+013F
    { 0x0141, 23 }, // U+0141
    { 0x0142, 100 }, // U+0142
    { 0x0143, 25 }, // U+0143
    { 0x0144, 49 }, // U+0144
    { 0x0145, 25 }, // U+0145
    { 0x0146, 49 }, // U+0146
    { 0x0147, 25 }, // U+0147
    { 0x0148, 49 }, // U+0148
    { 0x014A, 25 }, // U+014A
    { 0x014B, 49 }, // U+014B
    { 0x014C, 26 }, // U+014C
    { 0x014D, 54 }, // U+014D
    { 0x014E, 26 }, // U+014E
    { 0x014F, 54 }, // U+014F
    { 0x0150, 26 }, // U+0150
    { 0x0151, 101 }, // U+0151
    { 0x0152, 17 }, // U+0152
    { 0x0153, 46 }, // U+0153
    { 0x0154, 29 }, // U+0154
    { 0x0155, 56 }, // U+0155
    { 0x0156, 29 }, // U+0156
    { 0x0157, 56 }, // U+0157
    { 0x0158, 29 }, // U+0158
    { 0x0159, 56 }, // U+0159
    { 0x015A, 30 }, // U+015A
    { 0x015B, 57 }, // U+015B
    { 0x015C, 30 }, // U+015C
    { 0x015D, 57 }, // U+015D
    { 0x015E, 30 }, // U+015E
    { 0x015F, 57 }, // U+015F
    { 0x0160, 30 }, // U+0160
    { 0x0161, 57 }, // U+0161
    { 0x0162, 31 }, // U+0162
    { 0x0163, 58 }, // U+0163
    { 0x0164, 31 }, // U+0164
    { 0x0165, 102 }, // U+0165
    { 0x0166, 103 }, // U+0166
    { 0x0167, 58 }, // U+0167
    { 0x0168, 32 }, // U+0168
    { 0x0169, 59 }, // U+0169
    { 0x016A, 32 }, // U+016A
    { 0x016B, 59 }, // U+016B
    { 0x016C, 32 }, // U+016C
    { 0x016D, 59 }, // U+016D
    { 0x016E, 32 }, // U+016E
    { 0x016F, 59 }, // U+016F
    { 0x0170, 32 }, // U+0170
    { 0x0171, 104 }, // U+0171
    { 0x0172, 32 }, // U+0172
    { 0x0173, 59 }, // U+0173
    { 0x0174, 34 }, // U+0174
    { 0x0175, 61 }, // U+0175
    { 0x0176, 36 }, // U+0176
    { 0x0177, 63 }, // U+0177
    { 0x0178, 36 }, // U+0178
    { 0x0179, 37 }, // U+0179
    { 0x017A, 64 }, // U+017A
    { 0x017B, 37 }, // U+017B
    { 0x017C, 64 }, // U+017C
    { 0x017D, 37 }, // U+017D
    { 0x017E, 64 }, // U+017E
    { 0x01A0, 105 }, // U+01A0
    { 0x01A1, 106 }, // U+01A1
    { 0x01AF, 107 }, // U+01AF
    { 0x01B0, 108 }, // U+01B0
    { 0x01C4, 37 }, // U+01C4
    { 0x01C5, 64 }, // U+01C5
    { 0x01C6, 64 }, // U+01C6
    { 0x01C7, 21 }, // U+01C7
    { 0x01C8, 51 }, // U+01C8
    { 0x01C9, 51 }, // U+01C9
    { 0x01CA, 21 }, // U+01CA
    { 0x01CB, 51 }, // U+01CB
    { 0x01CC, 51 }, // U+01CC
    { 0x01E6, 19 }, // U+01E6
    { 0x01E7, 48 }, // U+01E7
    { 0x01EA, 26 }, // U+01EA
    { 0x01EB, 54 }, // U+01EB
    { 0x01FA, 13 }, // U+01FA
    { 0x01FB, 42 }, // U+01FB
    { 0x01FC, 17 }, // U+01FC
    { 0x01FD, 46 }, // U+01FD
    { 0x01FE, 76 }, // U+01FE
    { 0x01FF, 109 }, // U+01FF
    { 0x0200, 13 }, // U+0200
    { 0x0201, 42 }, // U+0201
    { 0x0202, 13 }, // U+0202
    { 0x0203, 42 }, // U+0203
    { 0x0204, 17 }, // U+0204
    { 0x0205, 46 }, // U+0205
    { 0x0206, 17 }, // U+0206
    { 0x0207, 81 }, // U+0207
    { 0x0208, 20 }, // U+0208
    { 0x0209, 50 }, // U+0209
    { 0x020A, 20 }, // U+020A
    { 0x020B, 110 }, // U+020B
    { 0x020C, 26 }, // U+020C
    { 0x020D, 54 }, // U+020D
    { 0x020E, 26 }, // U+020E
    { 0x020F, 54 }, // U+020F
    { 0x0210, 29 }, // U+0210
    { 0x0211, 56 }, // U+0211
    { 0x0212, 29 }, // U+0212
    { 0x0213, 56 }, // U+0213
    { 0x0214, 32 }, // U+0214
    { 0x0215, 59 }, // U+0215
    { 0x0216, 32 }, // U+0216
    { 0x0217, 59 }, // U+0217
    { 0x0218, 30 }, // U+0218
    { 0x0219, 57 }, // U+0219
    { 0x021A, 31 }, // U+021A
    { 0x021B, 58 }, // U+021B
    { 0x1EA0, 13 }, // U+1EA0
    { 0x1EA1, 42 }, // U+1EA1
    { 0x1EA2, 13 }, // U+1EA2
    { 0x1EA3, 42 }, // U+1EA3
    { 0x1EA4, 13 }, // U+1EA4
    { 0x1EA5, 111 }, // U+1EA5
    { 0x1EA6, 13 }, // U+1EA6
    { 0x1EA7, 42 }, // U+1EA7
    { 0x1EA8, 13 }, // U+1EA8
    { 0x1EA9, 112 }, // U+1EA9
    { 0x1EAA, 13 }, // U+1EAA
    { 0x1EAB, 42 }, // U+1EAB
    { 0x1EAC, 13 }, // U+1EAC
    { 0x1EAD, 42 }, // U+1EAD
    { 0x1EAE, 13 }, // U+1EAE
    { 0x1EAF, 42 }, // U+1EAF
    { 0x1EB0, 13 }, // U+1EB0
    { 0x1EB1, 42 }, // U+1EB1
    { 0x1EB2, 13 }, // U+1EB2
    { 0x1EB3, 42 }, // U+1EB3
    { 0x1EB4, 13 }, // U+1EB4
    { 0x1EB5, 42 }, // U+1EB5
    { 0x1EB6, 13 }, // U+1EB6
    { 0x1EB7, 42 }, // U+1EB7
    { 0x1EB8, 17 }, // U+1EB8
    { 0x1EB9, 46 }, // U+1EB9
    { 0x1EBA, 17 }, // U+1EBA
    { 0x1EBB, 46 }, // U+1EBB
    { 0x1EBC, 17 }, // U+1EBC
    { 0x1EBD, 46 }, // U+1EBD
    { 0x1EBE, 17 }, // U+1EBE
    { 0x1EBF, 113 }, // U+1EBF
    { 0x1EC0, 17 }, // U+1EC0
    { 0x1EC1, 81 }, // U+1EC1
    { 0x1EC2, 17 }, // U+1EC2
    { 0x1EC3, 114 }, // U+1EC3
    { 0x1EC4, 17 }, // U+1EC4
    { 0x1EC5, 81 }, // U+1EC5
    { 0x1EC6, 17 }, // U+1EC6
    { 0x1EC7, 81 }, // U+1EC7
    { 0x1EC8, 20 }, // U+1EC8
    { 0x1EC9, 50 }, // U+1EC9
    { 0x1ECA, 20 }, // U+1ECA
    { 0x1ECB, 50 }, // U+1ECB
    { 0x1ECC, 26 }, // U+1ECC
    { 0x1ECD, 54 }, // U+1ECD
    { 0x1ECE, 26 }, // U+1ECE
    { 0x1ECF, 54 }, // U+1ECF
    { 0x1ED0, 26 }, // U+1ED0
    { 0x1ED1, 115 }, // U+1ED1
    { 0x1ED2, 26 }, // U+1ED2
    { 0x1ED3, 54 }, // U+1ED3
    { 0x1ED4, 26 }, // U+1ED4
    { 0x1ED5, 116 }, // U+1ED5
    { 0x1ED6, 26 }, // U+1ED6
    { 0x1ED7, 54 }, // U+1ED7
    { 0x1ED8, 26 }, // U+1ED8
    { 0x1ED9, 54 }, // U+1ED9
    { 0x1EDA, 105 }, // U+1EDA
    { 0x1EDB, 106 }, // U+1EDB
    { 0x1EDC, 105 }, // U+1EDC
    { 0x1EDD, 106 }, // U+1EDD
    { 0x1EDE, 105 }, // U+1EDE
    { 0x1EDF, 106 }, // U+1EDF
    { 0x1EE0, 105 }, // U+1EE0
    { 0x1EE1, 106 }, // U+1EE1
    { 0x1EE2, 105 }, // U+1EE2
    { 0x1EE3, 106 }, // U+1EE3
    { 0x1EE4, 32 }, // U+1EE4
    { 0x1EE5, 59 }, // U+1EE5
    { 0x1EE6, 32 }, // U+1EE6
    { 0x1EE7, 59 }, // U+1EE7
    { 0x1EE8, 107 }, // U+1EE8
    { 0x1EE9, 108 }, // U+1EE9
    { 0x1EEA, 107 }, // U+1EEA
    { 0x1EEB, 108 }, // U+1EEB
    { 0x1EEC, 107 }, // U+1EEC
    { 0x1EED, 108 }, // U+1EED
    { 0x1EEE, 107 }, // U+1EEE
    { 0x1EEF, 108 }, // U+1EEF
    { 0x1EF0, 117 }, // U+1EF0
    { 0x1EF1, 118 }, // U+1EF1
    { 0x1EF2, 36 }, // U+1EF2
    { 0x1EF3, 63 }, // U+1EF3
    { 0x1EF4, 36 }, // U+1EF4
    { 0x1EF5, 63 }, // U+1EF5
    { 0x1EF6, 36 }, // U+1EF6
    { 0x1EF7, 63 }, // U+1EF7
    { 0x1EF8, 36 }, // U+1EF8
    { 0x1EF9, 63 }, // U+1EF9
    { 0x2013, 119 }, // U+2013
    { 0x2014, 119 }, // U+2014
    { 0x2018, 120 }, // U+2018
    { 0x2019, 121 }, // U+2019
    { 0x201A, 122 }, // U+201A
    { 0x201C, 120 }, // U+201C
    { 0x201D, 121 }, // U+201D
    { 0x201E, 122 }, // U+201E
    { 0x2022, 123 }, // U+2022
    { 0x2026, 7 }, // U+2026
    { 0x2032, 124 }, // U+2032
    { 0x2033, 124 }, // U+2033
    { 0x2039, 70 }, // U+2039
    { 0x203A, 74 }, // U+203A
    { 0xFB00, 47 }, // U+FB00
    { 0xFB01, 50 }, // U+FB01
    { 0xFB02, 53 }, // U+FB02
    { 0xFB03, 50 }, // U+FB03
    { 0xFB04, 53 }, // U+FB04
};

static const EpdKernClassEntry newsreader_13_boldKernRightClasses[] = {
    { 0x0020, 1 }, // U+0020
    { 0x0021, 2 }, // !
    { 0x0022, 3 }, // "
    { 0x0026, 4 }, // &
    { 0x0027, 3 }, // '
    { 0x0028, 5 }, // (
    { 0x0029, 6 }, // )
    { 0x002A, 7 }, // *
    { 0x002C, 8 }, // ,
    { 0x002D, 9 }, // -
    { 0x002E, 10 }, // .
    { 0x002F, 11 }, // /
    { 0x003A, 12 }, // :
    { 0x003B, 12 }, // ;
    { 0x003F, 13 }, // ?
    { 0x0040, 14 }, // @
    { 0x0041, 15 }, // A
    { 0x0042, 16 }, // B
    { 0x0043, 17 }, // C
    { 0x0044, 16 }, // D
    { 0x0045, 16 }, // E
    { 0x0046, 16 }, // F
    { 0x0047, 17 }, // G
    { 0x0048, 16 }, // H
    { 0x0049, 16 }, // I
    { 0x004A, 18 }, // J
    { 0x004B, 16 }, // K
    { 0x004C, 16 }, // L
    { 0x004D, 19 }, // M
    { 0x004E, 16 }, // N
    { 0x004F, 17 }, // O
    { 0x0050, 16 }, // P
    { 0x0051, 17 }, // Q
    { 0x0052, 16 }, // R
    { 0x0053, 20 }, // S
    { 0x0054, 21 }, // T
    { 0x0055, 22 }, // U
    { 0x0056, 23 }, // V
    { 0x0057, 24 }, // W
    { 0x0058, 25 }, // X
    { 0x0059, 26 }, // Y
    { 0x005A, 27 }, // Z
    { 0x005C, 28 }, // <backslash>
    { 0x005D, 29 }, // ]
    { 0x005F, 30 }, // _
    { 0x0061, 31 }, // a
    { 0x0062, 32 }, // b
    { 0x0063, 33 }, // c
    { 0x0064, 34 }, // d
    { 0x0065, 33 }, // e
    { 0x0066, 35 }, // f
    { 0x0067, 36 }, // g
    { 0x0068, 37 }, // h
    { 0x0069, 38 }, // i
    { 0x006A, 39 }, // j
    { 0x006B, 37 }, // k
    { 0x006C, 40 }, // l
    { 0x006D, 41 }, // m
    { 0x006E, 41 }, // n
    { 0x006F, 33 }, // o
    { 0x0070, 42 }, // p
    { 0x0071, 34 }, // q
    { 0x0072, 41 }, // r
    { 0x0073, 43 }, // s
    { 0x0074, 44 }, // t
    { 0x0075, 45 }, // u
    { 0x0076, 46 }, // v
    { 0x0077, 47 }, // w
    { 0x0078, 48 }, // x
    { 0x0079, 49 }, // y
    { 0x007A, 50 }, // z
    { 0x007B, 51 }, // {
    { 0x007C, 52 }, // |
    { 0x007D, 53 }, // }
    { 0x00A0, 1 }, // U+00A0
    { 0x00A1, 54 }, // U+00A1
    { 0x00A6, 52 }, // U+00A6
    { 0x00A9, 55 }, // U+00A9
    { 0x00AA, 56 }, // U+00AA
    { 0x00AB, 57 }, // U+00AB
    { 0x00AD, 9 }, // U+00AD
    { 0x00AE, 58 }, // U+00AE
    { 0x00B2, 59 }, // U+00B2
    { 0x00B3, 52 }, // U+00B3
    { 0x00B7, 60 }, // U+00B7
    { 0x00B9, 61 }, // U+00B9
    { 0x00BA, 62 }, // U+00BA
    { 0x00BB, 63 }, // U+00BB
    { 0x00BF, 64 }, // U+00BF
    { 0x00C0, 15 }, // U+00C0
    { 0x00C1, 15 }, // U+00C1
    { 0x00C2, 15 }, // U+00C2
    { 0x00C3, 15 }, // U+00C3
    { 0x00C4, 15 }, // U+00C4
    { 0x00C5, 15 }, // U+00C5
    { 0x00C6, 65 }, // U+00C6
    { 0x00C7, 17 }, // U+00C7
    { 0x00C8, 16 }, // U+00C8
    { 0x00C9, 16 }, // U+00C9
    { 0x00CA, 16 }, // U+00CA
    { 0x00CB, 16 }, // U+00CB
    { 0x00CC, 16 }, // U+00CC
    { 0x00CD, 16 }, // U+00CD
    { 0x00CE, 16 }, // U+00CE
    { 0x00CF, 16 }, // U+00CF
    { 0x00D0, 16 }, // U+00D0
    { 0x00D1, 16 }, // U+00D1
    { 0x00D2, 17 }, // U+00D2
    { 0x00D3, 17 }, // U+00D3
    { 0x00D4, 17 }, // U+00D4
    { 0x00D5, 17 }, // U+00D5
    { 0x00D6, 17 }, // U+00D6
    { 0x00D8, 66 }, // U+00D8
    { 0x00D9, 22 }, // U+00D9
    { 0x00DA, 22 }, // U+00DA
    { 0x00DB, 22 }, // U+00DB
    { 0x00DC, 22 }, // U+00DC
    { 0x00DD, 26 }, // U+00DD
    { 0x00DE, 16 }, // U+00DE
    { 0x00DF, 35 }, // U+00DF
    { 0x00E0, 67 }, // U+00E0
    { 0x00E1, 31 }, // U+00E1
    { 0x00E2, 68 }, // U+00E2
    { 0x00E3, 69 }, // U+00E3
    { 0x00E4, 70 }, // U+00E4
    { 0x00E5, 31 }, // U+00E5
    { 0x00E6, 31 }, // U+00E6
    { 0x00E7, 33 }, // U+00E7
    { 0x00E8, 71 }, // U+00E8
    { 0x00E9, 33 }, // U+00E9
    { 0x00EA, 72 }, // U+00EA
    { 0x00EB, 73 }, // U+00EB
    { 0x00EC, 74 }, // U+00EC
    { 0x00ED, 75 }, // U+00ED
    { 0x00EE, 76 }, // U+00EE
    { 0x00EF, 77 }, // U+00EF
    { 0x00F0, 78 }, // U+00F0
    { 0x00F1, 41 }, // U+00F1
    { 0x00F2, 79 }, // U+00F2
    { 0x00F3, 33 }, // U+00F3
    { 0x00F4, 80 }, // U+00F4
    { 0x00F5, 33 }, // U+00F5
    { 0x00F6, 81 }, // U+00F6
    { 0x00F8, 82 }, // U+00F8
    { 0x00F9, 83 }, // U+00F9
    { 0x00FA, 45 }, // U+00FA
    { 0x00FB, 45 }, // U+00FB
    { 0x00FC, 45 }, // U+00FC
    { 0x00FD, 49 }, // U+00FD
    { 0x00FE, 84 }, // U+00FE
    { 0x00FF, 49 }, // U+00FF
    { 0x0100, 15 }, // U+0100
    { 0x0101, 85 }, // U+0101
    { 0x0102, 15 }, // U+0102
    { 0x0103, 86 }, // U+0103
    { 0x0104, 15 }, // U+0104
    { 0x0105, 31 }, // U+0105
    { 0x0106, 17 }, // U+0106
    { 0x0107, 33 }, // U+0107
    { 0x0108, 17 }, // U+0108
    { 0x0109, 87 }, // U+0109
    { 0x010A, 17 }, // U+010A
    { 0x010B, 33 }, // U+010B
    { 0x010C, 17 }, // U+010C
    { 0x010D, 88 }, // U+010D
    { 0x010E, 16 }, // U+010E
    { 0x010F, 34 }, // U+010F
    { 0x0110, 16 }, // U+0110
    { 0x0111, 34 }, // U+0111
    { 0x0112, 16 }, // U+0112
    { 0x0113, 89 }, // U+0113
    { 0x0114, 16 }, // U+0114
    { 0x0115, 90 }, // U+0115
    { 0x0116, 16 }, // U+0116
    { 0x0117, 33 }, // U+0117
    { 0x0118, 16 }, // U+0118
    { 0x0119, 33 }, // U+0119
    { 0x011A, 16 }, // U+011A
    { 0x011B, 79 }, // U+011B
    { 0x011C, 17 }, // U+011C
    { 0x011D, 91 }, // U+011D
    { 0x011E, 17 }, // U+011E
    { 0x011F, 92 }, // U+011F
    { 0x0120, 17 }, // U+0120
    { 0x0121, 36 }, // U+0121
    { 0x0122, 17 }, // U+0122
    { 0x0123, 36 }, // U+0123
    { 0x0124, 16 }, // U+0124
    { 0x0125, 37 }, // U+0125
    { 0x0126, 16 }, // U+0126
    { 0x0127, 93 }, // U+0127
    { 0x0128, 94 }, // U+0128
    { 0x0129, 95 }, // U+0129
    { 0x012A, 16 }, // U+012A
    { 0x012B, 96 }, // U+012B
    { 0x012C, 16 }, // U+012C
    { 0x012D, 97 }, // U+012D
    { 0x012E, 16 }, // U+012E
    { 0x012F, 38 }, // U+012F
    { 0x0130, 16 }, // U+0130
    { 0x0131, 98 }, // U+0131
    { 0x0134, 18 }, // U+0134
    { 0x0135, 99 }, // U+0135
    { 0x0136, 16 }, // U+0136
    { 0x0137, 37 }, // U+0137
    { 0x0138, 41 }, // U+0138
    { 0x0139, 16 }, // U+0139
    { 0x013A, 40 }, // U+013A
    { 0x013B, 16 }, // U+013B
    { 0x013C, 40 }, // U+013C
    { 0x013D, 16 }, // U+013D
    { 0x013E, 40 }, // U+013E
    { 0x013F, 16 }, // U+013F
    { 0x0140, 40 }, // U+0140
    { 0x0141, 100 }, // U+0141
    { 0x0142, 101 }, // U+0142
    { 0x0143, 16 }, // U+0143
    { 0x0144, 41 }, // U+0144
    { 0x0145, 16 }, // U+0145
    { 0x0146, 41 }, // U+0146
    { 0x0147, 16 }, // U+0147
    { 0x0148, 41 }, // U+0148
    { 0x014A, 16 }, // U+014A
    { 0x014B, 41 }, // U+014B
    { 0x014C, 17 }, // U+014C
    { 0x014D, 33 }, // U+014D
    { 0x014E, 17 }, // U+014E
    { 0x014F, 102 }, // U+014F
    { 0x0150, 17 }, // U+0150
    { 0x0151, 33 }, // U+0151
    { 0x0152, 17 }, // U+0152
    { 0x0153, 33 }, // U+0153
    { 0x0154, 16 }, // U+0154
    { 0x0155, 41 }, // U+0155
    { 0x0156, 16 }, // U+0156
    { 0x0157, 41 }, // U+0157
    { 0x0158, 16 }, // U+0158
    { 0x0159, 103 }, // U+0159
    { 0x015A, 20 }, // U+015A
    { 0x015B, 43 }, // U+015B
    { 0x015C, 20 }, // U+015C
    { 0x015D, 104 }, // U+015D
    { 0x015E, 20 }, // U+015E
    { 0x015F, 43 }, // U+015F
    { 0x0160, 20 }, // U+0160
    { 0x0161, 105 }, // U+0161
    { 0x0162, 21 }, // U+0162
    { 0x0163, 44 }, // U+0163
    { 0x0164, 21 }, // U+0164
    { 0x0165, 44 }, // U+0165
    { 0x0166, 106 }, // U+0166
    { 0x0167, 107 }, // U+0167
    { 0x0168, 22 }, // U+0168
    { 0x0169, 45 }, // U+0169
    { 0x016A, 22 }, // U+016A
    { 0x016B, 45 }, // U+016B
    { 0x016C, 22 }, // U+016C
    { 0x016D, 45 }, // U+016D
    { 0x016E, 22 }, // U+016E
    { 0x016F, 45 }, // U+016F
    { 0x0170, 22 }, // U+0170
    { 0x0171, 45 }, // U+0171
    { 0x0172, 22 }, // U+0172
    { 0x0173, 45 }, // U+0173
    { 0x0174, 24 }, // U+0174
    { 0x0175, 47 }, // U+0175
    { 0x0176, 26 }, // U+0176
    { 0x0177, 49 }, // U+0177
    { 0x0178, 26 }, // U+0178
    { 0x0179, 27 }, // U+0179
    { 0x017A, 108 }, // U+017A
    { 0x017B, 27 }, // U+017B
    { 0x017C, 50 }, // U+017C
    { 0x017D, 27 }, // U+017D
    { 0x017E, 109 }, // U+017E
    { 0x01A0, 17 }, // U+01A0
    { 0x01A1, 33 }, // U+01A1
    { 0x01AF, 22 }, // U+01AF
    { 0x01B0, 45 }, // U+01B0
    { 0x01C4, 16 }, // U+01C4
    { 0x01C5, 16 }, // U+01C5
    { 0x01C6, 34 }, // U+01C6
    { 0x01C7, 16 }, // U+01C7
    { 0x01C8, 16 }, // U+01C8
    { 0x01C9, 40 }, // U+01C9
    { 0x01CA, 16 }, // U+01CA
    { 0x01CB, 16 }, // U+01CB
    { 0x01CC, 41 }, // U+01CC
    { 0x01E6, 17 }, // U+01E6
    { 0x01E7, 110 }, // U+01E7
    { 0x01EA, 17 }, // U+01EA
    { 0x01EB, 33 }, // U+01EB
    { 0x01FA, 15 }, // U+01FA
    { 0x01FB, 31 }, // U+01FB
    { 0x01FC, 65 }, // U+01FC
    { 0x01FD, 31 }, // U+01FD
    { 0x01FE, 66 }, // U+01FE
    { 0x01FF, 82 }, // U+01FF
    { 0x0200, 15 }, // U+0200
    { 0x0201, 111 }, // U+0201
    { 0x0202, 15 }, // U+0202
    { 0x0203, 112 }, // U+0203
    { 0x0204, 16 }, // U+0204
    { 0x0205, 113 }, // U+0205
    { 0x0206, 16 }, // U+0206
    { 0x0207, 114 }, // U+0207
    { 0x0208, 16 }, // U+0208
    { 0x0209, 115 }, // U+0209
    { 0x020A, 16 }, // U+020A
    { 0x020B, 116 }, // U+020B
    { 0x020C, 17 }, // U+020C
    { 0x020D, 117 }, // U+020D
    { 0x020E, 17 }, // U+020E
    { 0x020F, 33 }, // U+020F
    { 0x0210, 16 }, // U+0210
    { 0x0211, 118 }, // U+0211
    { 0x0212, 16 }, // U+0212
    { 0x0213, 119 }, // U+0213
    { 0x0214, 22 }, // U+0214
    { 0x0215, 120 }, // U+0215
    { 0x0216, 22 }, // U+0216
    { 0x0217, 45 }, // U+0217
    { 0x0218, 20 }, // U+0218
    { 0x0219, 43 }, // U+0219
    { 0x021A, 21 }, // U+021A
    { 0x021B, 44 }, // U+021B
    { 0x1EA0, 15 }, // U+1EA0
    { 0x1EA1, 31 }, // U+1EA1
    { 0x1EA2, 15 }, // U+1EA2
    { 0x1EA3, 31 }, // U+1EA3
    { 0x1EA4, 15 }, // U+1EA4
    { 0x1EA5, 68 }, // U+1EA5
    { 0x1EA6, 15 }, // U+1EA6
    { 0x1EA7, 121 }, // U+1EA7
    { 0x1EA8, 15 }, // U+1EA8
    { 0x1EA9, 68 }, // U+1EA9
    { 0x1EAA, 15 }, // U+1EAA
    { 0x1EAB, 122 }, // U+1EAB
    { 0x1EAC, 15 }, // U+1EAC
    { 0x1EAD, 68 }, // U+1EAD
    { 0x1EAE, 15 }, // U+1EAE
    { 0x1EAF, 123 }, // U+1EAF
    { 0x1EB0, 15 }, // U+1EB0
    { 0x1EB1, 85 }, // U+1EB1
    { 0x1EB2, 15 }, // U+1EB2
    { 0x1EB3, 123 }, // U+1EB3
    { 0x1EB4, 15 }, // U+1EB4
    { 0x1EB5, 122 }, // U+1EB5
    { 0x1EB6, 15 }, // U+1EB6
    { 0x1EB7, 86 }, // U+1EB7
    { 0x1EB8, 16 }, // U+1EB8
    { 0x1EB9, 33 }, // U+1EB9
    { 0x1EBA, 16 }, // U+1EBA
    { 0x1EBB, 33 }, // U+1EBB
    { 0x1EBC, 16 }, // U+1EBC
    { 0x1EBD, 89 }, // U+1EBD
    { 0x1EBE, 16 }, // U+1EBE
    { 0x1EBF, 72 }, // U+1EBF
    { 0x1EC0, 16 }, // U+1EC0
    { 0x1EC1, 124 }, // U+1EC1
    { 0x1EC2, 16 }, // U+1EC2
    { 0x1EC3, 72 }, // U+1EC3
    { 0x1EC4, 16 }, // U+1EC4
    { 0x1EC5, 125 }, // U+1EC5
    { 0x1EC6, 16 }, // U+1EC6
    { 0x1EC7, 72 }, // U+1EC7
    { 0x1EC8, 16 }, // U+1EC8
    { 0x1EC9, 126 }, // U+1EC9
    { 0x1ECA, 16 }, // U+1ECA
    { 0x1ECB, 38 }, // U+1ECB
    { 0x1ECC, 17 }, // U+1ECC
    { 0x1ECD, 33 }, // U+1ECD
    { 0x1ECE, 17 }, // U+1ECE
    { 0x1ECF, 33 }, // U+1ECF
    { 0x1ED0, 17 }, // U+1ED0
    { 0x1ED1, 80 }, // U+1ED1
    { 0x1ED2, 17 }, // U+1ED2
    { 0x1ED3, 127 }, // U+1ED3
    { 0x1ED4, 17 }, // U+1ED4
    { 0x1ED5, 80 }, // U+1ED5
    { 0x1ED6, 17 }, // U+1ED6
    { 0x1ED7, 128 }, // U+1ED7
    { 0x1ED8, 17 }, // U+1ED8
    { 0x1ED9, 80 }, // U+1ED9
    { 0x1EDA, 17 }, // U+1EDA
    { 0x1EDB, 33 }, // U+1EDB
    { 0x1EDC, 17 }, // U+1EDC
    { 0x1EDD, 79 }, // U+1EDD
    { 0x1EDE, 17 }, // U+1EDE
    { 0x1EDF, 33 }, // U+1EDF
    { 0x1EE0, 17 }, // U+1EE0
    { 0x1EE1, 33 }, // U+1EE1
    { 0x1EE2, 17 }, // U+1EE2
    { 0x1EE3, 33 }, // U+1EE3
    { 0x1EE4, 22 }, // U+1EE4
    { 0x1EE5, 45 }, // U+1EE5
    { 0x1EE6, 22 }, // U+1EE6
    { 0x1EE7, 45 }, // U+1EE7
    { 0x1EE8, 22 }, // U+1EE8
    { 0x1EE9, 45 }, // U+1EE9
    { 0x1EEA, 22 }, // U+1EEA
    { 0x1EEB, 83 }, // U+1EEB
    { 0x1EEC, 22 }, // U+1EEC
    { 0x1EED, 45 }, // U+1EED
    { 0x1EEE, 22 }, // U+1EEE
    { 0x1EEF, 45 }, // U+1EEF
    { 0x1EF0, 22 }, // U+1EF0
    { 0x1EF1, 45 }, // U+1EF1
    { 0x1EF2, 26 }, // U+1EF2
    { 0x1EF3, 129 }, // U+1EF3
    { 0x1EF4, 26 }, // U+1EF4
    { 0x1EF5, 49 }, // U+1EF5
    { 0x1EF6, 26 }, // U+1EF6
    { 0x1EF7, 49 }, // U+1EF7
    { 0x1EF8, 26 }, // U+1EF8
    { 0x1EF9, 49 }, // U+1EF9
    { 0x2013, 130 }, // U+2013
    { 0x2014, 130 }, // U+2014
    { 0x2018, 131 }, // U+2018
    { 0x2019, 132 }, // U+2019
    { 0x201A, 133 }, // U+201A
    { 0x201C, 131 }, // U+201C
    { 0x201D, 132 }, // U+201D
    { 0x201E, 133 }, // U+201E
    { 0x2020, 134 }, // U+2020
    { 0x2021, 135 }, // U+2021
    { 0x2022, 136 }, // U+2022
    { 0x2026, 10 }, // U+2026
    { 0x2032, 137 }, // U+2032
    { 0x2033, 137 }, // U+2033
    { 0x2039, 57 }, // U+2039
    { 0x203A, 63 }, // U+203A
    { 0x2070, 52 }, // U+2070
    { 0xFB00, 35 }, // U+FB00
    { 0xFB01, 35 }, // U+FB01
    { 0xFB02, 35 }, // U+FB02
    { 0xFB03, 35 }, // U+FB03
    { 0xFB04, 35 }, // U+FB04
};

static const int8_t newsreader_13_boldKernMatrix[] = {
       0,    0,   -1,    0,    0,    0,   -1,   -1,    0,   -1,   -1,    0,    0,    0,   -1,    0,    0,   -1,    0,    0,   -1,    0,   -1,   -1,   -1,   -1,    0,   -1,   -1,   -1,    0,    0,    0,    0,    0,    0,    0,    0,    0,    0,    0,    0,    0,    0,    0,   -1,   -1,    0,   -1,    0,    0,    0,    0,    0,    0,    0,    0,   -1,    0,    0,    0,    0,    0,    0,   -1,    0,    0,    0,    0,    0,    0,    0,    0,    0,    0,    0,    0,    0,    0,    0,    0,    0,    0,    0,    0,    0,    0,    0,    0,    0,    0,    0,    0,    0,    0,    0,    0,    0,    0,    0,    0,    0,    0,    0,    0,   -1,    0,    0,    0,    0,    0,    0,    0,    0,    0,    0,    0,    0,    0,    0,    0,    0,    0,    0,    0,    0,    0,    0,   -1,    0,   -1,   -1,   -1,    0,    0,    0,   -1,
      -1,    0,    0,   -1,    0,    0,    0,   -3,   -3,   -3,    0,   -1,    0,    0,   -3,    0,    0,   -2,    0,    0,    0,    0,    1,    0,    0,    0,    0,    0,    0,    0,   -2,    0,   -2,   -2,   -1,   -2,    0,    0,    0,    0,   -1,   -1,   -1,   -1,    0,    0,    0,   -1,    0,   -1,   -1,    0,    0,   -1,    0,    0,   -3,    0,    0,    0,    0,    0,   -1,   -3,   -3,    0,   -2,   -2,   -2,   -2,   -2,   -2,   -3,    1,    0,    0,    1,   -1,   -3,   -2,   -2,   -2,    0,    1,   -2,   -3,   -2,   -3,   -2,   -3,   -2,   -3,    0,    0,    0,    0,    1,    0,    1,    0,    0,   -2,   -1,   -2,   -1,    0,   -1,   -1,   -1,   -3,    0,   -2,   -1,   -2,    3,    0,   -2,    0,   -1,    0,    0,   -2,   -2,    0,   -2,    0,   -1,   -2,    0,   -3,    0,    0,   -3,    0,    0,    0,    0,
      -1,    0,   -1,    0,    0,    0,   -1,    0,    0,    0,    0,    0,    0,    0,    0,    0,    0,    0,    0,    0,   -2,   -1,   -2,   -1,    0,   -2,    0,    0,    0,    0,    0,    0,   -1,   -1,    0,    0,    0,    0,    0,    0,    0,    0,    0,    0,    0,    0,    0,    0,    0,    0,    0,    0,   -1,    0,    0,    0,   -1,    0,    0,    0,    0,    0,    0,    0,    1,    0,    0,    0,    0,    0,   -1,   -1,   -1,    0,    0,    0,    0,   -1,   -1,   -1,   -1,   -1,    0,    0,    0,    0,   -1,   -1,   -1,   -1,    0,    0,    0,    0,    0,    0,    0,    0,    0,   -1,    0,   -1,    0,    0,    0,   -2,    0,    0,    0,    0,    0,    0,   -1,   -1,    0,    0,   -1,    0,    0,    0,    0,    0,    0,   -1,   -1,    0,   -1,   -1,    0,    0,    0,    0,    0,    0,    0,    0,    0,
       0,    0,    0,   -1,   -1,    0,   -1,   -1,   -2,   -1,    0,   -1,    0,    0,    0,    0,   -1,    0,    0,    0,    0,    0,    0,    0,    0,    0,    0,    0,    0,    0,   -1,    0,   -1,   -1,   -1,    0,    0,    0,    0,    0,   -1,   -1,   -1,   -1,   -1,   -1,   -1,    0,   -1,   -1,   -1,    0,    0,    0,   -1,    0,   -1,   -1,    0,    0,    0,    0,   -1,    0,    0,   -1,   -1,   -1,   -1,   -1,   -1,   -1,   -1,    0,    0,    0,    0,   -1,   -1,   -1,   -1,   -1,   -1,    0,   -1,   -1,   -1,   -1,   -1,   -1,    0,    0,    0,    0,    0,    0,    0,    0,    0,    0,    0,   -1,   -1,   -1,   -1,    0,   -1,   -1,   -1,    0,    0,   -1,   -1,   -1,    2,    0,   -1,    0,   -1,   -1,    1,   -1,   -1,    1,   -1,    0,    0,   -1,   -1,   -2,   -1,    0,   -1,    0,    0,    0,    0,
       0,    0,    0,    0,    0,   -1,    0,   -1,    0,   -1,    0,    0,    0,    0,    0,    0,    0,    0,    0,    0,    0,    0,    0,    0,    0,    0,    0,    0,   -1,    0,    0,    0,    0,    0,    0,    0,    0,    0,    0,    0,    0,    0,    0,    0,    0,    0,    0,    0,    0,    0,    0,    0,   -1,    0,    0,    0,    0,    0,    0,    0,    0,    0,    0,    0,    0,    0,    0,    0,    0,    0,    0,    0,    0,    0,    0,    0,    0,    0,    0,    0,    0,    0,    0,    0,    0,    0,    0,    0,    0,    0,    0,    0,    0,    0,    0,    0,    0,    0,    0,    0,    0,    0,    0,    0,    0,    0,    0,    0,    0,    0,    0,    0,    0,    0,    0,    0,    0,    0,    0,    0,    0,    0,    0,    0,    0,    0,    0,    0,    0,    0,    0,    0,   -1,    0,    0,    0,    0,
      -1,    0,    0,   -1,   -1,   -1,    0,   -4,   -3,   -4,    0,   -1,    0,    0,   -3,   -1,   -1,   -2,   -1,    0,    0,    0,   -1,    0,   -1,   -1,    0,    0,   -1,    0,   -2,    0,   -2,   -2,   -1,   -2,   -1,   -1,   -1,   -1,   -1,   -1,   -2,   -1,   -1,   -1,   -1,   -1,   -1,   -1,   -1,    0,   -1,   -2,    0,    0,   -3,    0,    0,    0,    0,    0,   -2,   -3,   -3,   -1,   -2,   -1,   -1,   -1,   -2,   -1,   -1,   -1,   -1,    1,    1,   -1,   -2,   -2,   -2,   -2,   -1,   -1,   -2,   -2,   -2,   -2,   -2,   -2,   -1,   -2,    0,   -1,    1,    0,    0,   -1,    1,   -1,   -1,   -2,   -1,    0,   -2,    0,   -1,   -1,   -1,   -2,   -2,   -1,   -2,   -2,    0,    1,   -2,   -1,   -1,   -1,   -1,   -2,   -2,   -1,   -2,   -1,   -2,   -2,   -1,   -3,    0,    0,   -4,    0,    0,    0,    0,
      -1,    0,   -3,    0,   -1,   -1,   -4,    0,   -1,    0,    0,    0,   -1,    0,    0,    0,   -1,    0,    0,    0,   -3,   -2,   -3,   -3,    0,   -3,    0,   -3,   -1,    0,    0,    0,    0,    0,    0,    0,    0,    0,   -1,    0,    0,   -1,    0,   -1,   -1,   -2,   -2,    0,   -2,    0,   -1,    0,   -1,    0,   -1,    0,   -1,   -4,    0,   -1,    0,    0,    0,    0,    0,   -1,    0,    0,    0,    0,    0,    0,    0,    0,    0,    0,    0,    0,    0,    0,    0,    0,   -1,    0,    0,    0,    0,    0,    0,    0,    0,    0,    0,    0,    0,    0,    0,    0,   -1,    0,    0,    0,    0,    0,    0,   -3,   -1,    0,    0,    0,    0,    0,    0,    0,    0,    0,    0,    0,    0,   -1,    0,    0,    0,    0,    0,    0,    0,    0,   -2,   -1,   -4,   -4,    0,    0,    0,    0,   -4,
       0,    0,   -3,    0,    0,   -2,   -3,   -1,    0,   -1,    0,   -1,    0,    0,   -2,   -1,    0,   -2,   -1,    0,   -3,   -1,   -3,   -2,   -2,   -3,   -2,    0,   -2,    0,   -1,    0,    0,    0,   -1,    0,   -1,   -1,   -1,   -1,   -1,   -1,    0,   -1,   -1,   -1,   -1,   -2,   -2,   -1,    0,    0,   -2,    0,    0,    0,    0,    0,    0,    0,    0,    0,   -1,    0,   -2,    0,   -1,   -1,   -1,   -1,    0,    0,    0,   -1,   -1,   -1,   -1,    0,    0,    0,    0,    0,   -1,   -1,   -1,   -1,    0,    0,    0,    0,    0,    0,   -1,   -1,   -1,   -1,   -1,   -1,   -1,    0,    0,    0,   -1,    0,    0,   -5,   -1,   -1,   -1,    0,   -1,   -1,    0,    0,   -1,   -1,    0,   -1,   -1,   -1,   -1,   -1,   -1,    0,    0,   -1,    0,    0,   -2,    0,   -3,   -3,   -1,    0,    0,    0,   -3,
      -1,    0,    0,    0,    0,    0,    0,   -3,    0,   -3,   -5,   -1,    0,    0,   -2,    0,    0,   -2,    0,    0,    0,    0,    0,    0,    0,    0,    0,    0,    0,    0,   -2,    0,   -3,   -3,   -1,   -2,    0,    0,    0,    0,   -1,   -1,   -2,   -1,   -1,    0,    0,   -1,    0,   -1,    0,    0,    0,    0,    0,    0,    0,    0,    0,    0,    0,    0,    0,    0,   -2,    0,   -2,   -2,   -2,   -2,   -3,   -3,   -3,    0,    0,    0,    0,   -1,   -3,   -3,   -3,   -3,   -1,    0,   -2,   -2,   -3,   -3,   -3,   -3,   -2,   -2,    0,    0,    0,    0,    0,    0,    0,    0,    0,   -3,   -1,   -2,   -2,    0,   -1,   -1,   -1,   -2,   -2,   -2,   -3,   -3,    0,    0,   -3,   -1,   -1,   -1,   -2,   -2,   -2,   -3,   -3,    0,   -3,   -3,    0,    0,    0,    0,   -3,    0,    0,    0,    0,
       0,    0,   -1,    0,    0,   -1,   -1,    0,   -1,    0,    0,    0,   -1,    0,    0,    0,    0,    0,    0,    0,   -2,   -1,   -2,   -2,    0,   -2,    0,   -1,    0,    0,    0,    0,    0,    0,    0,    0,    0,    0,    0,    0,    0,    0,    0,    0,    0,    0,    0,    0,    0,    0,    0,    0,   -1,    0,    0,    0,   -1,    0,    0,   -1,    0,    0,    0,    0,    0,    0,    0,    0,    0,    0,    0,    0,    0,    0,    0,    0,    0,    0,    0,    0,    0,    0,    0,    0,    0,    0,    0,    0,    0,    0,    0,    0,    0,    0,    0,    0,    0,    0,    0,    0,    0,    0,    0,    0,    0,   -3,    0,    0,    0,    0,    0,    0,    0,    0,    0,    0,    0,    0,    0,    0,    0,    0,    0,    0,    0,    0,    0,    0,    0,   -1,   -1,    0,    0,    0,    0,    0,    0,
       0,    0,    0,    0,    0,   -1,    0,    0,    0,    0,    0,    0,    0,    0,    0,    0,    0,    0,    0,    0,    0,    0,    0,    0,    0,    0,    0,    0,   -1,    0,    0,    0,    0,    0,    0,    0,    0,    0,    0,    0,    0,    0,    0,    0,    0,    0,    0,    0,    0,    0,    0,    0,   -1,    0,    0,    0,   -1,    0,    0,    0,    0,    0,   -1,    0,    0,    0,    0,    0,    0,    0,    0,    0,    0,    0,    0,    0,    0,    0,    0,    0,    0,    0,    0,    0,    0,    0,    0,    0,    0,    0,    0,    0,    0,    0,    0,    0,    0,    0,    0,    0,    0,    0,    0,    0,    0,    0,    0,    0,    0,    0,    0,    0,    0,    0,    0,    0,    0,    0,    0,    0,    0,    0,    0,    0,    0,    0,    0,    0,    0,    0,    0,    0,   -2,    0,    0,    0,    0,
       0,    0,    0,    0,    0,    0,    0,   -1,    0,   -1,    0,    0,    0,    0,   -1,   -1,    0,   -2,   -1,    0,    0,   -1,   -1,   -1,   -1,   -2,    0,    0,    0,    0,    0,    0,    0,    0,    0,    0,    0,    0,    0,    0,    0,    0,    0,    0,    0,    0,    0,    0,    0,    0,    0,    0,    0,    0,    0,    0,    0,    0,    0,    0,    0,    0,    0,    0,   -1,    0,    0,    0,    0,    0,    0,    0,    0,    0,    0,    0,    0,    0,    0,    0,    0,    0,    0,    0,    0,    0,    0,    0,    0,    0,    0,    0,    0,   -1,    0,    0,    0,    0,    0,    0,    0,    0,    0,    0,    0,    0,    0,    0,    0,    0,    0,    0,    0,    0,    0,    0,    0,    0,    0,    0,    0,    0,    0,    0,    0,    0,    0,    0,    0,    0,    0,    0,   -1,    0,    0,    0,    0,
      -1,    0,   -3,   -1,    0,    0,   -3,    0,   -1,    0,    0,    0,   -2,   -1,    0,    0,   -1,    0,    0,   -1,   -3,   -2,   -3,   -2,    0,   -3,    0,   -2,    0,    0,    0,    0,   -1,   -1,    0,    0,    0,    0,    0,    0,    0,    0,    0,   -1,   -1,   -2,   -1,    0,   -2,    0,    0,    0,    0,    0,   -1,   -2,   -1,   -2,    0,   -1,    0,   -2,    0,    0,    0,   -2,    0,    0,    0,    0,   -1,   -1,   -1,    0,    0,    0,    0,   -1,   -1,   -1,   -1,   -1,   -1,    0,    0,    0,   -1,   -1,   -1,   -1,    0,    0,    0,    0,    0,    0,    0,    0,    0,   -1,    0,   -1,    0,    0,    0,   -3,   -1,    0,    0,    0,    0,    0,   -1,   -1,    0,    0,   -1,    0,    0,   -1,    0,    0,    0,   -1,   -1,    0,   -1,   -1,   -2,   -1,   -3,   -3,    0,   -3,   -3,   -1,    0,
       0,    0,    0,    0,    0,   -1,   -1,    0,    0,    0,    0,    0,   -1,    0,   -1,   -1,    0,   -1,   -1,    0,   -1,   -1,   -1,   -1,   -1,   -1,   -1,    0,   -1,    0,   -1,    0,    0,    0,   -1,    0,   -1,   -1,    0,   -1,   -1,    0,    0,    0,    0,   -1,   -1,   -1,   -1,   -1,    0,    0,    0,    0,    0,    0,    0,    0,    0,    0,    0,    0,   -1,    0,   -1,    0,   -1,   -1,   -1,   -1,    0,    0,    0,   -1,   -1,   -1,   -1,    0,    0,    0,    0,    0,    0,   -1,   -1,   -1,    0,    0,    0,    0,    0,    0,   -1,   -1,   -1,   -1,   -1,   -1,    0,    0,    0,    0,   -1,    0,    0,   -1,    0,   -1,   -1,    0,   -1,   -1,    0,    0,   -1,   -1,    0,   -1,   -1,    0,   -1,   -1,   -1,    0,    0,   -1,    0,    0,   -1,    0,    0,    0,    0,   -1,    0,    0,    0,
       0,    0,    0,    0,    0,    0,    0,    0,    0,    0,    0,    0,    0,    0,   -1,    0,    0,    0,    0,    0,    0,    0,   -1,   -1,   -1,    0,    0,    0,    0,    0,    0,    0,    0,    0,    0,    0,    0,    0,    0,    0,    0,    0,    0,    0,    0,   -1,    0,    0,   -1,    0,    0,    0,    0,    0,    0,    0,    0,    0,    0,    0,    0,    0,    0,    0,   -1,    0,    0,    0,    0,    0,    0,    0,    0,    0,    0,    0,    0,    0,    0,    0,    0,    0,    0,    0,    0,    0,    0,    0,    0,    0,    0,    0,    0,    0,    0,    0,    0,    0,    0,    0,    0,    0,    0,    0,    0,    0,    0,    0,    0,    0,    0,    0,    0,    0,    0,    0,    0,    0,    0,    0,    0,    0,    0,    0,    0,    0,    0,    0,   -1,    0,    0,    0,    0,    0,    0,    0,    0,
       0,    0,    0,   -1,    0,   -1,    0,   -2,    0,   -2,    0,    0,   -1,    0,   -2,   -1,    0,   -2,   -1,    0,   -1,   -1,   -1,   -1,   -2,   -2,   -1,    0,   -1,    0,   -1,    0,   -1,   -1,    0,    0,   -1,    0,    0,   -1,    0,    0,    0,    0,    0,    0,    0,    0,    0,    0,    0,    0,   -1,    0,    0,    0,    0,    0,    0,    0,    0,    0,    0,    0,   -2,    0,   -1,   -1,   -1,   -1,   -1,   -1,   -1,    0,    0,    0,    0,   -1,   -1,   -1,   -1,   -1,    0,   -1,   -1,   -1,   -1,   -1,   -1,   -1,    0,    0,   -1,   -1,    0,    0,    0,    0,    0,    0,   -1,   -1,    0,    0,    0,   -1,    0,    0,    0,    0,   -1,   -1,   -1,   -1,    0,    0,   -1,    0,    0,    0,   -1,   -1,   -1,   -1,   -1,    0,   -1,   -1,    0,    0,    0,    0,   -2,   -1,    0,    0,    0,
       0,    0,    0,    0,    0,    0,   -1,    0,    0,    0,    0,    0,    0,    0,   -1,    0,    0,    0,    0,    0,    0,    0,   -1,   -1,    0,   -1,    0,    0,    0,    0,    0,    0,    0,    0,    0,    0,    0,    0,    0,    0,    0,   -1,    0,    0,    0,   -1,   -1,    0,   -1,   -1,    0,    0,    0,    0,    0,    0,    0,    0,    0,    0,    0,    0,   -1,    0,   -1,    0,    0,    0,    0,    0,    0,    0,    0,    0,    0,    0,    0,    0,    0,    0,    0,    0,    0,    0,    0,    0,    0,    0,    0,    0,    0,    0,    0,    0,    0,    0,    0,    0,    0,    0,    0,    0,    0,    0,    0,    0,    0,   -1,   -1,    0,    0,    0,    0,    0,    0,    0,    0,    0,    0,    0,    0,    0,    0,    0,    0,    0,    0,    0,   -1,    0,    0,    0,    0,    0,    0,    0,    0,
      -1,    0,    0,   -1,    0,    0,    0,   -3,   -2,   -3,   -2,   -1,    0,   -1,   -2,    0,   -1,   -2,   -1,   -1,    0,    0,    0,    0,   -1,    0,    0,    0,    0,    0,   -2,    0,   -2,   -2,   -1,   -2,    0,   -1,   -1,    0,   -2,   -2,   -2,   -1,   -1,   -1,   -1,   -1,   -1,   -1,    0,    0,    0,    0,    0,    0,   -2,    0,    0,   -2,    0,    0,   -2,    0,   -3,   -1,   -2,   -2,   -2,   -2,   -2,   -2,   -2,    0,   -1,    0,    0,   -1,   -2,   -2,   -2,   -2,   -1,    0,   -2,   -2,   -2,   -2,   -2,   -2,   -2,   -2,    0,    0,    0,   -1,   -1,   -2,    0,    0,   -1,   -2,   -2,   -1,   -2,    0,   -1,   -1,   -1,   -2,   -1,   -2,   -1,   -2,    1,    0,   -2,   -1,   -2,   -1,    0,   -2,   -2,    0,   -2,   -1,   -1,   -2,   -1,   -2,    0,    0,   -3,    0,    0,   -1,    0,
       0,    0,   -1,    0,    0,    0,   -1,   -1,    0,   -1,    0,    0,   -1,    0,   -1,    0,    0,   -1,    0,   -1,   -1,    0,   -1,   -1,   -1,   -1,   -1,    0,    0,    0,   -1,    0,    0,    0,    0,    0,    0,    0,    0,    0,    0,    0,    0,    0,    0,   -1,   -1,   -1,   -1,    0,    0,    0,    0,    0,    0,    0,    0,    0,    0,    0,    0,    0,   -1,    0,   -1,    0,   -1,   -1,   -1,   -1,    0,    0,    0,    0,    0,    0,    0,    0,    0,    0,    0,    0,    0,    0,   -1,   -1,    0,    0,    0,    0,    0,    0,    0,    0,    0,    0,    0,    0,    0,    0,    0,    0,    0,    0,    0,   -1,    0,    0,    0,    0,   -1,   -1,    0,    0,    0,    0,    0,    0,    0,    0,   -1,   -1,   -1,    0,    0,    0,    0,    0,   -1,    0,   -1,   -1,   -1,   -1,   -1,    0,    0,
       0,    0,    0,   -1,    0,    0,    0,    0,   -1,    0,    0,    0,    0,   -1,    0,    0,   -1,    0,    0,    0,    0,    0,    0,    0,    0,    0,    0,    0,    0,    0,   -1,    0,   -1,   -1,    0,   -1,    0,    0,   -1,    0,    0,   -1,   -1,   -1,   -1,   -1,   -1,    0,   -1,   -1,    0,    0,    0,    0,    0,    0,   -1,    0,    0,   -1,    0,    0,   -1,    0,    0,   -1,   -1,   -1,   -1,   -1,   -1,   -1,   -1,    0,    0,    0,    0,   -1,   -1,   -1,   -1,   -1,   -1,    0,   -1,   -1,   -1,   -1,   -1,   -1,   -1,   -1,    0,    0,    0,    0,    0,    0,   -1,    0,   -1,   -1,    0,   -1,   -1,    0,   -1,   -1,   -1,   -1,   -1,   -1,   -1,   -1,    2,    0,   -1,    0,    0,   -1,   -1,   -1,   -1,   -1,   -1,    0,   -1,   -1,   -1,   -1,    0,    0,    0,    0,    0,    0,    0,
       0,    0,    0,   -1,    0,    0,    0,   -2,   -1,   -2,   -1,   -1,    0,   -1,   -2,    0,   -1,   -1,   -1,    0,    0,    0,    0,    0,    0,    0,    0,    0,    0,    0,   -1,    0,   -1,   -1,   -1,   -1,    0,   -1,   -1,    0,   -1,   -1,   -1,   -1,   -1,   -1,   -1,   -1,   -1,   -1,    0,    0,    0,    0,    0,    0,   -1,    0,    0,   -1,    0,    0,   -1,    0,   -2,   -1,   -1,   -1,   -1,   -1,   -1,   -1,   -1,    0,   -1,   -1,   -1,   -1,   -1,   -1,   -1,   -1,   -1,    0,   -1,   -1,   -1,   -1,   -1,   -1,   -1,   -1,    0,    0,   -1,   -1,    0,   -1,   -1,    0,   -1,   -1,   -1,   -1,   -1,    0,   -1,   -1,   -1,   -1,   -1,   -1,   -1,   -1,    2,   -1,   -1,    0,   -1,   -1,   -1,   -1,   -1,   -1,   -1,   -1,   -1,   -1,   -1,   -1,    0,    0,   -2,    0,    0,    0,    0,
      -1,    0,    0,   -1,    0,    0,   -1,    0,   -2,    0,    0,    0,    0,   -1,    0,    0,   -2,    0,    0,   -1,   -1,   -1,   -1,   -1,    0,   -1,    0,    0,    0,    0,   -1,    0,   -1,   -1,    0,   -1,    0,    0,    0,    0,    0,    0,   -1,   -1,   -1,   -2,   -2,    0,   -3,    0,    0,    0,    0,    0,   -1,   -1,   -2,   -1,    0,   -2,    0,   -1,    0,    0,    0,   -3,   -1,   -1,   -1,   -1,   -1,   -1,   -1,    0,    0,    0,    0,   -1,   -1,   -1,   -1,   -1,   -1,    0,   -1,   -1,   -1,   -1,   -1,   -1,   -1,   -1,    0,    0,    0,    0,    0,    0,    0,   -1,   -1,   -1,    0,   -1,   -1,   -1,   -1,    0,    0,   -1,   -1,   -1,   -1,   -1,    1,    0,   -1,    0,    0,   -1,   -1,   -1,   -1,   -1,   -1,    0,   -1,   -1,   -3,   -2,   -1,   -1,    0,   -1,   -1,   -1,    0,
      -1,    0,   -3,    0,    0,   -1,   -3,    0,    0,    0,    0,    0,   -2,    0,    0,    0,   -1,    0,    0,   -1,   -3,   -1,   -3,   -2,   -1,   -3,   -1,   -2,    0,    0,    0,    0,    0,    0,    0,    0,    0,    0,    0,    0,    0,    0,    0,    0,    0,   -1,   -1,    0,   -2,    0,    0,    0,    0,    0,    0,   -1,    0,   -2,    0,    0,    0,   -1,    0,    0,    0,   -1,    0,    0,    0,    0,    0,    0,    0,    0,    0,    0,    0,    0,    0,    0,    0,    0,    0,    0,    0,    0,    0,    0,    0,    0,    0,    0,    0,    0,    0,    0,    0,    0,    0,    0,    0,    0,    0,    0,    0,   -3,    0,    0,    0,    0,    0,    0,    0,    0,    0,    0,    0,    0,    0,    0,    0,    0,    0,    0,    0,    0,    0,    0,   -2,    0,   -3,   -2,    0,   -3,   -3,    0,    0,
       0,    0,    0,   -1,    0,    0,   -1,    0,   -1,    0,    0,    0,    0,   -1,    0,    0,   -1,    0,    0,    0,   -1,   -1,    0,    0,    0,    0,    0,    0,    0,    0,   -1,    0,   -1,   -1,    0,   -1,    0,    0,   -1,    0,    0,   -1,    0,   -1,   -1,   -1,   -1,    0,   -1,    0,    0,    0,    0,    0,    0,    0,   -1,   -1,    0,   -1,    0,   -1,    0,    0,    0,   -1,   -1,   -1,   -1,   -1,   -1,   -1,   -1,    0,    0,    0,    0,   -1,   -1,   -1,   -1,   -1,   -1,    0,   -1,   -1,   -1,   -1,   -1,   -1,   -1,   -1,    0,    0,    0,    0,    0,    0,   -1,    0,    0,   -1,    0,    0,    0,   -1,   -1,    0,    0,   -1,   -1,   -1,   -1,   -1,    1,    0,   -1,    0,    0,   -1,   -1,   -1,   -1,   -1,   -1,    0,   -1,   -1,   -1,   -1,   -1,    0,    0,   -1,   -1,    0,    0,
       0,    0,    0,   -1,    0,    0,    0,   -1,   -1,   -1,    0,   -1,    0,   -1,   -1,    0,   -1,   -1,    0,    0,    0,    0,    0,    0,    0,    0,    0,    0,    0,    0,   -1,    0,   -1,   -1,   -1,   -1,    0,   -1,   -1,    0,   -1,   -1,   -1,   -1,   -1,   -1,   -1,   -1,   -1,   -1,    0,    0,    0,    0,    0,    0,   -1,    0,    0,   -1,    0,    0,   -1,    0,   -1,   -1,   -1,   -1,   -1,   -1,   -1,   -1,   -1,    0,   -1,   -1,   -1,   -1,   -1,   -1,   -1,   -1,   -1,    0,   -1,   -1,   -1,   -1,   -1,   -1,   -1,   -1,    0,    0,   -1,   -1,   -1,   -1,   -1,    0,   -1,   -1,   -1,   -1,   -1,    0,   -1,   -1,   -1,   -1,   -1,   -1,   -1,   -1,    2,   -1,   -1,    0,   -1,   -1,   -1,   -1,   -1,   -1,   -1,   -1,   -1,   -1,   -1,   -1,    0,    0,   -1,    0,    0,    0,    0,
       0,    0,    0,   -1,    0,   -1,    0,   -1,    0,   -1,    0,    0,   -1,    0,   -2,   -1,    0,   -1,   -1,    0,   -1,   -1,   -1,   -1,   -2,   -2,   -1,    0,   -1,    0,   -1,    0,    0,    0,    0,    0,   -1,    0,    0,   -1,    0,    0,    0,    0,    0,    0,    0,    0,    0,    0,    0,    0,   -1,    0,    0,    0,    0,    0,    0,    0,    0,    0,   -1,    0,   -2,    0,   -1,   -1,   -1,   -1,    0,    0,    0,    0,    0,    0,    0,    0,    0,    0,    0,    0,    0,   -1,   -1,   -1,    0,    0,    0,    0,    0,    0,   -1,   -1,    0,    0,    0,    0,    0,    0,   -1,    0,    0,    0,    0,   -1,    0,    0,    0,    0,   -1,   -1,    0,    0,    0,    0,    0,    0,    0,    0,   -1,   -1,   -1,    0,    0,    0,    0,    0,    0,    0,    0,    0,   -1,   -1,    0,    0,    0,
      -1,    0,    0,   -1,    0,    0,    0,   -4,   -3,   -4,   -2,    0,    0,    0,   -2,   -1,    0,   -3,   -1,    0,    0,    0,   -1,   -1,   -1,   -1,    0,    0,    0,    0,   -1,    0,   -1,   -2,    0,   -1,    0,    0,    0,    0,    0,    0,   -1,    0,    0,    0,    0,    0,    0,   -1,    0,    0,    0,    0,    0,    0,   -2,    0,    0,   -2,    0,    0,   -1,    0,   -3,    0,   -1,   -1,   -1,   -1,   -1,   -1,   -1,    0,    0,    0,    0,   -1,   -1,   -1,   -1,   -1,    0,    0,   -1,   -1,   -1,   -1,   -1,   -1,   -1,   -1,    0,   -1,    0,    0,    0,    0,    0,   -1,   -1,   -1,    0,   -1,   -1,    0,    0,   -1,   -1,   -1,   -1,   -1,   -1,   -1,    0,    0,   -1,    0,    0,    0,   -1,   -1,   -1,   -1,   -1,    0,   -1,   -1,    0,   -3,    0,    0,   -4,    0,    0,   -1,    0,
       0,    0,    0,   -1,    0,   -1,    0,   -1,    0,   -1,    0,    0,   -1,    0,   -2,   -1,    0,   -1,   -1,    0,   -1,   -1,   -1,   -1,   -2,   -2,   -1,    0,   -1,    0,   -1,    0,    0,    0,    0,    0,   -1,    0,    0,   -1,    0,    0,    0,    0,    0,    0,    0,    0,    0,    0,    0,    0,    0,    0,    0,    0,    0,    0,    0,    0,    0,    0,   -1,    0,   -2,    0,   -1,   -1,   -1,   -1,    0,    0,    0,    0,    0,    0,    0,    0,    0,    0,    0,    0,    0,   -1,   -1,   -1,    0,    0,    0,    0,    0,    0,   -1,   -1,    0,    0,    0,    0,    0,    0,   -1,    0,    0,    0,    0,   -1,    0,    0,    0,    0,   -1,   -1,    0,    0,    0,    0,    0,    0,    0,    0,   -1,   -1,   -1,    0,    0,    0,    0,    0,    0,    0,    0,    0,   -1,   -1,    0,    0,    0,
       0,    0,   -1,    0,    0,    0,   -1,    0,   -1,    0,    0,    0,   -1,    0,    0,    0,   -1,    0,    0,    0,   -1,   -1,   -1,   -1,    0,   -1,    0,    0,   -1,    0,    0,    0,   -1,   -1,    0,    0,    0,    0,    0,    0,    0,    0,    0,    0,    0,   -1,   -1,    0,   -1,    0,    0,    0,    0,    0,    0,   -1,   -1,    0,    0,   -1,    0,    0,    0,    0,    0,   -1,    0,    0,    0,    0,   -1,   -1,   -1,    0,    0,    0,    0,   -1,   -1,   -1,   -1,   -1,    0,    0,    0,    0,   -1,   -1,   -1,   -1,    0,    0,    0,    0,    0,    0,    0,    0,    0,    0,    0,   -1,    0,    0,    0,   -1,   -1,    0,    0,    0,    0,    0,   -1,   -1,    0,    0,   -1,    0,    0,    0,    0,    0,    0,   -1,   -1,    0,   -1,   -1,   -1,   -1,    0,   -1,    0,   -1,   -1,   -1,    0,
       0,    0,    0,    0,    0,    0,   -1,    0,    0,    0,    0,    0,   -1,    0,   -1,    0,    0,   -1,    0,   -1,   -1,    0,   -1,   -1,   -1,   -1,   -1,    0,    0,    0,   -1,    0,    0,    0,   -1,    0,    0,   -1,   -1,    0,   -1,   -1,    0,    0,    0,   -1,   -1,   -1,   -1,   -1,    0,    0,    0,    0,    0,    0,    0,    0,    0,    0,    0,    0,   -1,    0,   -1,    0,   -1,   -1,   -1,   -1,    0,    0,    0,   -1,   -1,   -1,   -1,    0,    0,    0,    0,    0,    0,    0,   -1,   -1,    0,    0,    0,    0,    0,    0,    0,    0,   -1,   -1,   -1,   -1,   -1,    0,    0,    0,   -1,    0,    0,   -1,    0,   -1,   -1,    0,   -1,   -1,    0,    0,    0,   -1,    0,   -1,   -1,    0,   -1,   -1,   -1,    0,    0,   -1,    0,    0,   -1,    0,   -1,   -1,    0,    0,    0,    0,    0,
      -1,    0,    0,   -1,    0,    0,    0,   -3,   -3,   -3,   -2,   -2,    0,   -1,   -3,    0,   -1,   -2,    0,   -1,    0,    0,    0,    0,    0,    0,   -1,    0,    0,    0,   -3,    0,   -3,   -3,   -1,   -3,    0,   -1,   -1,    0,   -3,   -3,   -3,   -2,   -3,   -3,   -3,   -3,   -3,   -2,    0,    0,    0,    0,    0,    0,   -3,    0,    0,   -3,    0,    0,   -2,    0,   -4,   -1,   -5,   -5,   -5,   -5,   -5,   -6,   -5,   -1,   -3,   -1,    0,   -2,   -6,   -3,   -6,   -3,   -3,    0,   -5,   -5,   -6,   -3,   -6,   -6,   -5,   -5,    0,    0,   -1,   -1,   -1,   -3,    0,    0,   -1,   -3,   -5,   -4,   -4,    0,   -3,   -4,   -2,   -3,   -3,   -5,   -4,   -6,    1,   -1,   -5,   -3,   -4,   -4,   -2,   -5,   -5,   -3,   -6,   -1,   -3,   -3,   -3,   -3,    0,    0,   -3,    0,    0,   -2,    0,
       0,    0,    0,   -1,    0,    0,    0,   -2,   -1,   -2,   -1,   -1,    0,   -1,   -2,    0,   -1,   -1,   -1,    0,    0,    0,    0,    0,    0,    0,    0,    0,    0,    0,   -1,    0,   -1,   -1,   -1,   -1,    0,   -1,   -1,    0,   -1,   -1,   -1,   -1,   -1,   -1,   -1,   -1,   -1,   -1,    0,    0,    0,    0,    0,    0,   -1,    0,    0,   -1,    0,    0,   -1,    0,   -2,   -1,   -1,   -1,   -1,   -1,   -1,   -1,   -1,    0,   -1,   -1,   -1,   -1,   -1,   -1,   -1,   -1,   -1,    0,   -1,   -1,   -1,   -1,   -1,   -1,   -1,   -1,    0,    0,   -1,   -1,    0,   -1,   -1,    0,   -1,   -1,   -1,   -1,   -1,    0,   -1,   -1,   -1,   -1,   -1,   -1,   -1,   -1,    2,   -1,   -2,    0,   -1,   -1,   -1,   -1,   -1,   -1,   -1,   -1,   -1,   -1,   -1,   -1,    0,    0,   -2,    0,    0,    0,    0,
      -1,    0,    0,   -2,    0,    0,    0,   -3,   -3,   -3,   -2,   -2,    0,   -2,   -3,    0,   -2,   -2,    0,   -1,    0,    0,    0,    0,    0,    0,   -1,    0,    0,    0,   -3,    1,   -3,   -3,   -2,   -2,    0,   -1,   -1,    0,   -2,   -2,   -2,   -2,   -2,   -2,   -2,   -2,   -2,   -2,    0,    0,    0,    0,   -1,    0,   -3,    0,    0,   -2,    0,   -1,   -2,    0,   -4,   -2,   -1,   -3,   -3,   -2,   -1,   -3,   -2,    1,   -2,   -1,    0,   -1,   -2,   -3,   -3,   -3,   -2,    1,   -3,   -2,   -3,   -2,   -3,   -2,   -2,   -2,    0,    0,   -1,   -1,    0,   -2,   -1,   -1,    0,   -3,   -1,   -2,   -1,    0,   -2,   -2,   -2,   -2,    1,   -3,    0,   -3,    3,   -1,    0,    1,   -2,    0,    1,   -2,   -3,    1,   -2,   -1,    0,   -3,   -2,   -3,    0,    0,   -3,    0,    0,   -2,    0,
      -1,    0,    0,   -2,    0,    0,    0,   -2,   -2,   -2,   -2,   -2,    0,   -2,   -2,    0,   -1,   -2,    0,   -1,    0,    0,    0,    0,    0,    0,   -1,    0,    0,    0,   -2,    1,   -2,   -2,   -2,   -2,    0,   -1,    0,    0,   -2,   -2,   -2,   -2,   -1,   -1,   -1,   -1,   -1,   -2,    0,    0,    0,    0,   -1,    0,   -2,    0,    0,   -2,    0,    0,   -2,    0,   -3,   -1,   -2,   -2,   -2,   -2,   -2,   -2,   -2,    1,   -2,   -1,    0,   -1,   -3,   -2,   -2,   -2,   -1,    1,   -2,   -3,   -2,   -2,   -2,   -3,   -2,   -2,    0,    0,   -1,   -1,    0,   -2,    0,    0,    0,   -2,   -2,   -2,   -2,    0,   -2,   -2,   -2,   -2,   -1,   -2,   -1,   -2,    2,   -1,   -2,    0,   -2,   -1,   -1,   -2,   -2,   -1,   -2,   -1,   -2,   -2,   -1,   -2,    0,    0,   -2,    0,    0,   -1,    0,
      -1,    0,    0,   -1,    0,    0,   -1,    0,   -2,    0,    0,    0,    0,   -1,    0,    0,   -2,    0,    0,   -1,    0,   -1,   -1,    0,    0,    0,    0,    0,    0,    0,   -1,    0,   -1,   -1,    0,   -1,    0,    0,    0,    0,    0,    0,   -1,   -1,   -1,   -2,   -2,    0,   -3,    0,    0,    0,    0,    0,   -1,   -1,   -2,   -1,    0,   -2,    0,   -1,    0,    0,    0,   -1,   -1,   -1,   -1,   -1,   -1,   -1,   -1,    0,    0,    0,    0,   -1,   -1,   -1,   -1,   -1,   -1,    0,   -1,   -1,   -1,   -1,   -1,   -1,   -1,   -1,    0,    0,    0,    0,    0,    0,    0,    0,   -1,   -1,    0,   -1,   -1,    0,   -1,    0,    0,   -1,   -1,   -1,   -1,   -1,    1,    0,   -1,    0,    0,   -1,   -1,   -1,   -1,   -1,   -1,    0,   -1,   -1,   -3,   -2,   -1,   -1,    0,   -1,   -1,   -1,    0,
      -1,    0,    0,   -2,    0,    0,    0,   -3,   -3,   -3,   -2,   -2,    0,   -2,   -3,    0,   -2,   -2,    0,   -1,    0,    0,    0,    0,    0,    0,   -1,    0,    0,    0,   -3,    0,   -4,   -4,   -2,   -3,    0,   -1,   -1,    0,   -3,   -3,   -3,   -3,   -3,   -3,   -3,   -3,   -3,   -3,    0,    0,    0,    0,   -2,   -1,   -3,   -1,    0,   -3,    0,   -1,   -3,    0,   -4,   -2,   -4,   -3,   -6,   -5,   -5,   -4,   -6,    1,   -3,   -1,   -1,   -1,   -5,   -4,   -6,   -4,   -4,    1,   -3,   -5,   -4,   -6,   -7,   -5,   -3,   -5,    0,    0,   -1,   -1,    0,   -3,   -1,    0,    0,   -6,   -4,   -3,   -4,    0,   -3,   -3,   -5,   -5,   -2,   -3,   -3,   -7,    2,   -1,   -4,   -2,   -3,   -3,   -2,   -5,   -3,   -3,   -6,   -1,   -4,   -7,   -3,   -3,   -1,    0,   -3,    0,    0,   -2,    0,
       0,    0,    0,    0,    0,    0,   -1,    0,    0,    0,    0,    0,    0,    0,   -1,    0,   -1,    0,    0,    0,   -1,   -1,   -1,   -1,    0,    0,   -1,    0,    0,    0,    0,    0,    0,    0,    0,    0,    0,    0,    0,    0,    0,   -1,    0,   -1,   -1,   -2,   -1,    0,   -2,   -1,    0,    0,    0,    0,    0,    0,    0,   -1,    0,    0,    0,    0,    0,    0,    0,   -1,    0,    0,    0,    0,    0,    0,    0,    0,    0,    0,    0,    0,    0,    0,    0,    0,   -1,    0,    0,    0,    0,    0,    0,    0,    0,    0,    0,    0,    0,    0,    0,    0,    0,    0,    0,    0,    0,    0,    0,   -1,   -1,   -1,   -1,    0,    0,    0,    0,    0,    1,    0,    0,    0,    0,   -1,    0,    0,    0,    0,    0,    0,    0,    0,   -2,    0,   -1,    0,    0,   -1,   -1,    0,    0,
      -1,    0,    0,   -1,   -1,    0,   -1,   -1,   -2,   -1,    0,    0,    0,    0,    0,    0,   -1,   -1,    0,    0,    0,    0,    0,    0,    0,    0,    0,    0,    0,    0,   -1,    0,   -1,   -1,    0,    0,    0,    0,    0,    0,    0,    0,    0,   -1,   -1,   -1,   -1,    0,   -1,    0,    0,    0,    0,    0,   -1,    0,   -1,    0,    0,    0,    0,    0,   -1,    0,    0,   -1,   -1,   -1,   -1,   -1,   -1,   -1,   -1,    1,    0,    0,    0,    0,   -1,   -1,   -1,   -1,   -1,    0,   -1,   -1,   -1,   -1,   -1,   -1,    0,    0,    0,    0,    0,    0,    0,    0,    0,    0,    0,   -1,    0,    0,    0,    0,   -1,    0,    0,    0,    0,   -1,    0,   -1,    2,    0,   -1,    1,    0,   -1,    2,   -1,   -1,    1,   -1,    0,    1,   -1,   -1,   -2,    0,    0,   -1,    0,    0,    0,    0,
      -1,    0,    0,    0,    0,    0,    0,    0,    0,    0,    0,    0,    0,    0,    0,    0,    0,    0,    0,    0,   -2,   -1,   -2,   -2,    0,   -2,    0,   -4,    0,    0,    0,    0,    0,    0,    0,    0,    0,    0,    0,    0,    0,    0,    0,    0,    0,   -1,    0,    0,   -1,    0,    0,    0,    0,    0,    0,    0,    0,    0,    0,    0,    0,    0,    0,    0,    0,    0,    0,    0,    0,    0,    0,    0,    0,    0,    0,    0,    0,    0,    0,    0,    0,    0,    0,    0,    0,    0,    0,    0,    0,    0,    0,    0,    0,    0,    0,    0,    0,    0,    0,    0,    0,    0,    0,    0,    0,   -2,    0,    0,    0,    0,    0,    0,    0,    0,    0,    0,    0,    0,    0,    0,    0,    0,    0,    0,    0,    0,    0,    0,   -1,    0,    0,    0,    0,    0,    0,    0,    0,
       0,    0,    0,    0,    0,    0,    0,    0,   -1,    0,    0,    0,    0,    0,    0,    0,    0,    0,    0,    0,    0,    0,    0,    0,    0,    0,    0,    0,    0,    0,    0,    0,    0,    0,    0,    0,    0,    0,    0,    0,    0,    0,    0,    0,    0,    0,    0,    0,    0,    0,    0,    0,    0,    0,    0,    0,    0,    0,    0,    0,    0,    0,    0,    0,    0,    0,    0,    0,    0,    0,    0,    0,    0,    0,    0,    0,    0,    0,    0,    0,    0,    0,    0,    0,    0,    0,    0,    0,    0,    0,    0,    0,    0,    0,    0,    0,    0,    0,    0,    0,    0,    0,    0,    0,    0,    0,    0,    0,    0,    0,    0,    0,    0,    0,    0,    0,    0,    0,    0,    0,    0,    0,    0,    0,    0,    0,    0,    0,    0,   -1,    0,    0,    0,    0,    0,    0,    0,
      -1,    0,    0,    0,    0,    0,    0,    0,    0,    0,    0,    0,    0,    0,    0,    0,    0,    0,    0,    0,    0,    0,    0,    0,    0,    0,    0,    0,    0,    0,    0,    0,    0,    0,    0,    0,    0,    0,    0,    0,    0,    0,    0,    0,    0,    0,    0,    0,    0,    0,    0,    0,    0,    0,    0,    0,    0,    0,    0,    0,    0,    0,    0,    0,    0,    0,    0,    0,    0,    0,    0,    0,    0,    0,    0,    0,    0,    0,    0,    0,    0,    0,    0,    0,    0,    0,    0,    0,    0,    0,    0,    0,    0,    0,    0,    0,    0,    0,    0,    0,    0,    0,    0,    0,    0,    0,    0,    0,    0,    0,    0,    0,    0,    0,    0,    0,    0,    0,    0,    0,    0,    0,    0,    0,    0,    0,    0,    0,    0,    0,    0,    0,    0,    0,    0,    0,    0,
       0,    0,   -2,    0,    0,   -1,   -2,    0,   -1,    0,    0,    0,   -1,    0,    0,    0,   -1,    0,    0,    0,   -3,   -1,   -3,   -2,    0,   -3,    0,   -2,    0,    0,    0,    0,    0,    0,    0,    0,    0,    0,    0,    0,    0,    0,    0,    0,    0,   -1,   -1,   -1,   -1,    0,    0,    0,    0,    0,    0,   -1,   -1,   -1,    0,   -1,    0,   -1,    0,    0,    0,   -1,    0,    0,    0,    0,    0,    0,    0,    0,    0,    0,    0,    0,    0,    0,    0,    0,    0,    0,    0,    0,    0,    0,    0,    0,    0,    0,    0,    0,    0,    0,    0,    0,    0,    0,    0,    0,    0,    0,    0,   -3,    0,    0,    0,    0,    0,    0,    0,    0,    0,    0,    0,    0,    0,    0,    0,    0,    0,    0,    0,    0,    0,    0,   -1,   -1,   -2,   -2,    0,   -2,   -2,    0,    0,
       0,    0,   -2,   -1,    0,   -1,   -1,   -1,    0,   -1,    0,    0,   -2,    0,   -1,   -1,    0,   -1,   -1,    0,   -3,   -1,   -3,   -2,   -1,   -4,   -1,   -2,   -1,    0,    0,    0,    0,    0,    0,    0,    0,    0,    0,    0,    0,    0,    0,    0,    0,   -1,   -1,   -1,   -1,   -1,    0,    0,   -1,    0,    0,    0,    0,   -1,    0,    0,    0,    0,   -1,    0,    0,    0,    0,    0,    0,    0,    0,    0,    0,    0,    0,    0,    0,    0,    0,    0,    0,    0,    0,    0,    0,    0,    0,    0,    0,    0,    0,    0,    0,   -1,    0,    0,    0,    0,    0,    0,    0,    0,    0,    0,    0,   -3,    0,   -1,   -1,    0,    0,    0,    0,    0,    0,    0,    0,    0,    0,    0,    0,    0,    0,    0,    0,    0,    0,    0,   -1,    0,   -2,   -1,   -1,   -2,   -1,    0,    0,
       0,    0,   -1,    0,    0,   -1,   -1,    0,   -1,    0,    0,    0,   -1,    0,   -1,   -1,    0,    0,   -1,    0,   -3,   -1,   -2,   -2,   -1,   -3,   -1,   -1,   -1,    0,    0,    0,   -1,    0,    0,    0,    0,    0,    0,    0,    0,    0,    0,    0,    0,    0,    0,   -1,   -1,    0,    0,    0,   -1,    0,    0,    0,   -1,    0,    0,   -1,    0,   -1,    0,    0,    0,    0,    0,    0,    0,    0,   -1,   -1,   -1,    0,    0,    0,    0,   -1,   -1,   -1,   -1,   -1,    0,    0,    0,    0,   -1,   -1,   -1,   -1,    0,    0,    0,   -1,    0,    0,    0,    0,    0,    0,    0,   -1,    0,    0,    0,   -3,    0,    0,    0,    0,    0,    0,   -1,   -1,    0,    0,   -1,    0,    0,    0,    0,    0,    0,   -1,   -1,    0,   -1,   -1,   -1,   -1,   -1,   -1,    0,   -2,    0,    0,    0,
       0,    0,    0,   -1,    0,    0,   -1,    0,   -1,    0,    0,    0,   -1,    0,    0,    0,   -1,    0,    0,    0,   -1,   -1,   -1,    0,    0,   -1,    0,    0,    0,    0,    0,    0,    0,    0,    0,    0,    0,    0,    0,    0,    0,    0,    0,    0,    0,   -1,   -1,    0,   -1,    0,    0,    0,    0,    0,    0,    0,   -1,    0,    0,   -1,    0,    0,   -1,    0,    0,   -1,    0,    0,    0,    0,    0,    0,    0,    0,    0,    0,    0,    0,    0,    0,    0,    0,    0,    0,    0,    0,    0,    0,    0,    0,    0,    0,    0,    0,    0,    0,    0,    0,    0,    0,    0,    0,    0,    0,    0,   -1,    0,    0,    0,    0,    0,    0,    0,    0,    0,    0,    0,    0,    0,    0,    0,    0,    0,    0,    0,    0,    0,    0,   -1,   -1,    0,    0,    0,   -1,    0,    0,    0,
       0,    0,   -2,    0,    0,   -1,   -1,    0,    0,    0,    0,    0,   -1,    0,   -1,   -1,    0,    0,   -1,   -1,   -3,   -1,   -3,   -2,   -1,   -4,   -1,   -2,   -1,    0,    0,    0,    0,    0,    0,    0,    0,    0,    0,    0,    0,    0,    0,    0,    0,   -1,   -1,   -1,   -1,   -1,    0,    0,   -1,    0,    0,    0,    0,   -1,    0,    0,    0,    0,   -1,    0,    0,    0,    0,    0,    0,    0,    0,    0,    0,    0,    0,    0,    0,    0,    0,    0,    0,    0,    0,    0,    0,    0,    0,    0,    0,    0,    0,    0,    0,   -1,    0,    0,    0,    0,    0,    0,    0,    0,    0,    0,    0,   -3,    0,   -1,   -1,    0,    0,    0,    0,    0,    0,    0,    0,    0,    0,    0,    0,    0,    0,    0,    0,    0,    0,    0,   -1,    0,   -1,   -1,    0,   -2,   -1,    0,    0,
       1,    3,    4,    0,    0,    3,    3,   -1,   -2,   -1,    0,    0,    4,    0,   -1,    3,    0,    0,    2,    1,    3,    3,    4,    4,    3,    4,    2,    3,    4,    0,   -1,    0,   -1,   -1,    0,   -1,    0,    2,    2,    0,    0,    0,   -1,    0,    0,    0,    0,    0,    0,    0,    0,    2,    3,    0,    0,    3,   -2,    2,    2,   -2,    3,    3,    0,    0,    0,    0,    2,   -1,    0,    1,    1,   -1,    1,    6,    2,    4,    5,   -1,    1,   -1,    0,   -1,    1,    0,    0,    1,   -1,    0,    0,    1,   -1,    1,    3,    3,    5,    5,    6,    2,    4,    0,   -1,    0,    2,    0,    2,    3,    0,    0,    1,    1,    3,    0,    3,   -1,    7,    4,    2,    4,    0,    2,    4,    1,   -1,    3,    0,    4,    2,    0,    1,   -2,    3,    4,   -1,    4,    3,   -1,    0,
       0,    0,    0,   -1,    0,    0,    0,   -2,   -1,   -2,    0,    0,   -1,    0,   -1,   -1,    0,   -1,   -1,   -1,   -2,   -1,   -2,   -1,   -1,   -3,   -1,   -1,    0,    0,   -1,    0,   -1,   -1,    0,    0,    0,    0,    0,    0,    0,    0,   -1,    0,    0,    0,    0,    0,    0,    0,    0,    0,    0,    0,    0,    0,   -1,    0,    0,   -1,   -1,    0,    0,    0,    0,    0,   -1,   -1,   -1,   -1,   -1,   -1,   -1,    0,    0,    0,    0,   -1,   -1,   -1,   -1,   -1,    0,    0,   -1,   -1,   -1,   -1,   -1,   -1,    0,    0,    0,   -1,    0,    0,    0,    0,    0,    0,   -1,   -1,    0,   -1,   -1,   -2,    0,    0,    0,    0,   -1,   -1,   -1,   -1,    0,    0,   -1,    0,    0,    0,   -1,   -1,   -1,   -1,   -1,    0,   -1,   -1,    0,   -1,    0,    0,   -2,   -1,    0,    0,    0,
       0,    0,   -2,   -1,    0,   -1,   -2,    0,   -1,    0,    0,    0,   -1,    0,    0,    0,   -1,    0,    0,    0,   -3,   -1,   -3,   -2,    0,   -3,    0,   -2,    0,    0,    0,    0,    0,    0,    0,    0,    0,    0,    0,    0,    0,    0,    0,    0,    0,   -1,   -1,    0,   -1,    0,    0,    0,    0,    0,    0,   -1,   -1,   -1,    0,   -1,    0,   -1,    0,    0,    0,   -1,    0,    0,    0,    0,    0,    0,    0,    0,    0,    0,    0,    0,    0,    0,    0,    0,    0,    0,    0,    0,    0,    0,    0,    0,    0,    0,    0,    0,    0,    0,    0,    0,    0,    0,    0,    0,    0,    0,    0,   -3,    0,    0,    0,    0,    0,    0,    0,    0,    0,    0,    0,    0,    0,    0,    0,    0,    0,    0,    0,    0,    0,    0,   -1,   -1,   -2,   -2,    0,   -2,   -1,    0,    0,
       0,    0,    0,   -1,    0,    0,   -1,    0,   -1,    0,    0,    0,   -1,    0,    0,    0,   -1,    0,    0,    0,   -1,   -1,    0,    0,    0,    0,    0,   -1,    0,    0,    0,    0,    0,    0,    0,    0,    0,    0,    0,    0,    0,    0,    0,    0,    0,   -1,   -1,    0,   -1,    0,    0,    0,    0,    0,    0,    0,   -1,    0,    0,   -1,    0,    0,   -1,    0,    0,   -1,    0,    0,    0,    0,    0,    0,    0,    0,    0,    0,    0,    0,    0,    0,    0,    0,    0,    0,    0,    0,    0,    0,    0,    0,    0,    0,    0,    0,    0,    0,    0,    0,    0,    0,    0,    0,    0,    0,    0,   -1,    0,    0,    0,    0,    0,    0,    0,    0,    0,    0,    0,    0,    0,    0,    0,    0,    0,    0,    0,    0,    0,    0,   -1,   -1,   -1,   -1,    0,   -1,   -1,    0,    0,
       0,    0,    0,   -1,    0,    0,    0,    0,    0,    0,    0,    0,    0,    0,    0,    0,    0,    0,    0,    0,    0,    0,    0,    0,    0,    0,    0,    0,    0,    0,    0,    0,    0,    0,    0,    0,    0,    0,    0,    0,    0,    0,    0,    0,    0,    0,    0,    0,    0,    0,    0,    0,    0,    0,    0,    0,    0,    0,    0,    0,    0,    0,   -1,    0,    0,    0,    0,    0,    0,    0,    0,    0,    0,    0,    0,    0,    0,    0,    0,    0,    0,    0,    0,    0,    0,    0,    0,    0,    0,    0,    0,    0,    0,    0,    0,    0,    0,    0,    0,    0,    0,    0,    0,    0,    0,    0,    0,    0,    0,    0,    0,    0,    0,    0,    1,    0,    0,    0,    0,    0,    0,    0,    0,    0,    0,    0,    0,    0,    0,    0,    0,    0,    0,    0,    0,    0,    0,
       0,    0,   -1,    0,    0,    0,   -1,    0,   -2,    0,    0,    0,   -1,    0,    0,    0,   -1,    0,    0,    0,   -3,   -1,   -2,   -2,    0,   -3,    0,   -1,    0,    0,   -1,    0,   -1,   -1,    0,   -1,    0,    0,    0,    0,    0,   -1,   -1,   -1,   -1,   -1,   -1,   -1,   -1,   -1,    0,    0,    0,    0,    0,   -1,   -2,   -1,    0,   -2,    0,   -1,    0,    0,    0,   -1,   -1,   -1,   -1,   -1,   -1,   -1,   -1,    0,    0,    0,    0,   -1,   -1,   -1,   -1,   -2,   -1,    0,   -1,   -1,   -1,   -1,   -1,   -1,   -1,   -1,    0,    0,    0,    0,    0,    0,    0,    0,   -1,   -1,    0,   -1,   -1,   -3,   -1,   -1,   -1,   -1,   -1,   -1,   -1,   -1,    0,    0,   -1,    0,    0,   -1,   -1,   -1,   -1,   -1,   -1,    0,   -1,   -1,   -1,   -2,   -1,   -1,    0,   -2,   -1,   -1,    0,
       0,    0,   -1,   -1,    0,    0,   -1,    0,   -1,    0,    0,    0,   -1,    0,    0,    0,   -1,    0,    0,    0,   -1,   -1,   -1,   -1,    0,   -1,    0,    0,    0,    0,    0,    0,    0,    0,    0,    0,    0,    0,    0,    0,    0,    0,    0,    0,    0,   -1,   -1,    0,   -1,    0,    0,    0,    0,    0,    0,   -1,   -1,    0,    0,   -2,    0,    0,   -1,    0,    0,   -1,    0,    0,    0,    0,    0,    0,    0,    0,    0,    0,    0,    0,    0,    0,    0,    0,    0,    0,    0,    0,    0,    0,    0,    0,    0,    0,    0,    0,    0,    0,    0,    0,    0,    0,    0,    0,    0,    0,    0,   -1,    0,    0,    0,    0,    0,    0,    0,    0,    0,    0,    0,    0,    0,    0,    0,    0,    0,    0,    0,    0,    0,    0,   -1,   -1,   -1,   -1,    0,   -1,   -1,    0,    0,
       0,    0,   -2,    0,    0,   -1,   -1,    0,    0,    0,    0,    0,   -2,    0,   -1,   -1,    0,   -1,   -1,    0,   -3,   -1,   -3,   -2,   -1,   -4,   -1,   -3,   -1,    0,    0,    0,    0,    0,    0,    0,    0,    0,    0,    0,    0,    0,    0,    0,    0,   -1,   -1,   -1,   -1,   -1,    0,    0,   -1,    0,    0,    0,    0,   -1,    0,    0,    0,    0,   -1,    0,    0,    0,    0,    0,    0,    0,    0,    0,    0,    0,    0,    0,    0,    0,    0,    0,    0,    0,    0,    0,    0,    0,    0,    0,    0,    0,    0,    0,    0,   -1,    0,    0,    0,    0,    0,    0,    0,    0,    0,    0,    0,   -3,    0,   -1,   -1,    0,    0,    0,    0,    0,    0,    0,    0,    0,    0,    0,    0,    0,    0,    0,    0,    0,    0,    0,   -1,    0,   -2,   -1,    0,   -2,   -1,    0,    0,
       0,    0,   -1,   -1,    0,    0,    0,    0,    0,    0,    0,    0,   -1,    0,    0,   -1,    0,    0,   -1,    0,   -2,   -1,   -2,   -2,    0,   -3,   -1,   -1,    0,    0,    0,    0,    0,    0,    0,    0,    0,    0,    0,    0,    0,    0,    0,    0,    0,    0,    0,    0,    0,    0,    0,    0,    0,    0,    0,    0,    0,    0,    0,    0,    0,    0,   -1,    0,    0,    0,    0,    0,    0,    0,    0,    0,    0,    0,    0,    0,    0,    0,    0,    0,    0,    0,    0,    0,    0,    0,    0,    0,    0,    0,    0,    0,    0,   -1,    0,    0,    0,    0,    0,    0,    0,    0,    0,    0,    0,   -2,    0,    0,    0,    0,    0,    0,    0,    0,    0,    0,    0,    0,    0,    0,    0,    0,    0,    0,    0,    0,    0,    0,    0,    0,    0,    0,    0,   -1,    0,    0,    0,
      -1,    0,    0,   -1,    0,   -1,    0,   -2,   -2,   -2,   -1,    0,   -1,    0,   -2,   -1,    0,   -2,   -1,   -1,   -3,   -1,   -2,   -2,   -2,   -3,   -1,   -1,   -1,    0,   -1,    0,   -1,   -1,    0,   -1,   -1,    0,    0,   -1,    0,    0,   -1,    0,    0,    0,    0,    0,    0,    0,    0,    0,   -1,    0,    0,    0,   -1,    0,    0,   -1,    0,    0,    0,    0,    0,    0,   -1,   -1,   -1,   -1,   -1,   -1,   -1,    0,    0,    0,    0,   -1,   -1,   -1,   -1,   -1,    0,   -1,   -1,   -1,   -1,   -1,   -1,   -1,   -1,   -1,   -1,   -1,    0,    0,    0,    0,    0,    0,   -1,   -1,    0,   -1,   -1,   -3,    0,    0,    0,   -1,   -1,   -1,   -1,   -1,    0,    0,   -1,    0,    0,    0,   -1,   -1,   -1,   -1,   -1,    0,   -1,   -1,    0,   -2,    0,    0,   -2,   -1,    0,   -1,    0,
       0,    0,   -1,    0,    0,   -1,   -1,   -1,    0,   -1,    0,    0,   -1,    0,   -1,   -1,    0,    0,   -1,    0,   -3,   -1,   -2,   -2,   -1,   -3,   -1,   -2,   -1,    0,    0,    0,    0,    0,    0,    0,    0,    0,    0,    0,    0,    0,   -1,    0,    0,   -1,   -1,   -1,   -1,    0,    0,    0,   -1,    0,    0,    0,    0,    0,    0,    0,    0,    0,   -1,    0,    0,    0,    0,    0,    0,    0,    0,    0,    0,    0,    0,    0,    0,    0,    0,    0,    0,    0,    0,    0,    0,    0,    0,    0,    0,    0,    0,    0,    0,   -1,    0,    0,    0,    0,    0,    0,    0,    0,    0,   -1,   -1,   -3,    0,    0,    0,    0,    0,    0,    0,    0,    0,    0,    0,    0,    0,    0,    0,    0,    0,    0,    0,    0,    0,    0,   -1,    0,   -1,   -1,   -1,   -2,   -1,    0,    0,
       0,    0,   -1,    0,    0,   -1,   -1,    0,   -1,    0,    0,    0,   -1,    0,   -1,   -1,   -1,    0,   -1,   -1,   -3,   -1,   -2,   -2,   -1,   -3,   -1,   -1,    0,    0,    0,    0,   -1,   -1,    0,    0,    0,    0,    0,    0,    0,    0,    0,    0,    0,    0,    0,    0,    0,    0,    0,    0,    0,    0,    0,    0,   -1,    0,    0,   -1,    0,    0,    0,    0,    0,   -1,    0,    0,    0,    0,   -1,   -1,   -1,    0,    0,    0,    0,   -1,   -1,   -1,   -1,   -1,    0,    0,    0,    0,   -1,   -1,   -1,   -1,    0,    0,    0,   -1,    0,    0,    0,    0,    0,    0,   -1,   -1,    0,    0,    0,   -3,    0,    0,    0,    0,    0,    0,   -1,   -1,    0,    0,   -1,    0,    0,    0,    0,    0,    0,   -1,   -1,    0,   -1,   -1,    0,   -1,    0,    0,    0,   -1,    0,   -1,    0,
       0,    0,   -1,   -1,    0,   -1,   -1,    0,   -1,    0,    0,    0,   -1,    0,    0,    0,   -1,    0,    0,    0,   -3,   -1,   -2,   -2,    0,   -3,    0,   -2,    0,    0,    0,    0,    0,    0,    0,    0,    0,    0,    0,    0,    0,    0,    0,    0,    0,    0,    0,    0,   -1,    0,    0,    0,    0,    0,    0,   -1,   -1,   -1,    0,   -1,    0,   -1,   -1,    0,    0,   -1,    0,    0,    0,    0,    0,    0,    0,    0,    0,    0,    0,    0,    0,    0,    0,    0,    0,    0,    0,    0,    0,    0,    0,    0,    0,    0,    0,    0,    0,    0,    0,    0,    0,    0,    0,    0,    0,    0,    0,   -3,    0,    0,    0,    0,    0,    0,    0,    0,    0,    0,    0,    0,    0,    0,    0,    0,    0,    0,    0,    0,    0,    0,   -1,   -1,   -1,   -1,    0,   -2,   -1,    0,    0,
      -1,    0,    0,   -1,    0,   -2,    0,   -2,   -2,   -2,   -1,    0,   -1,    0,   -2,   -1,    0,   -2,   -1,   -1,   -3,   -1,   -2,   -2,   -3,   -3,   -1,    0,   -1,    0,   -1,    0,   -1,   -1,    0,   -1,   -1,    0,    0,   -1,   -1,    0,   -1,    0,    0,    0,    0,    0,    0,   -1,    0,    0,   -1,    0,    0,    0,   -2,    0,    0,   -1,    0,    0,    0,    0,    0,    0,   -1,   -1,   -1,   -1,   -1,   -1,   -1,    0,    0,    0,    0,   -1,   -1,   -1,   -1,   -1,    0,   -1,   -1,   -1,   -1,   -1,   -1,   -1,   -1,   -1,   -1,   -1,    0,    0,    0,    0,    0,    0,   -1,   -1,   -1,   -1,   -1,   -3,    0,   -1,   -1,   -1,   -1,   -1,   -1,   -1,    0,    0,   -1,   -1,   -1,    0,   -1,   -1,   -1,   -1,   -1,    0,   -1,   -1,    0,   -2,    0,    0,   -2,   -1,    0,   -1,    0,
      -1,    0,    0,   -1,    0,   -1,    0,   -2,   -1,   -2,    0,    0,   -1,    0,   -1,   -1,    0,   -1,   -1,   -1,   -3,   -1,   -2,   -1,   -2,   -3,   -1,    0,   -1,    0,   -1,    0,   -1,   -1,    0,   -1,   -1,    0,    0,   -1,    0,    0,   -1,    0,    0,    0,    0,    0,    0,   -1,    0,    0,   -1,    0,    0,    0,   -1,    0,    0,   -1,    0,    0,    0,    0,    0,    0,   -1,   -1,   -1,   -1,   -1,   -1,   -1,    0,    0,    0,    0,   -1,   -1,   -1,   -1,   -1,    0,   -1,   -1,   -1,   -1,   -1,   -1,   -1,   -1,   -1,   -1,   -1,    0,    0,    0,    0,    0,    0,   -1,   -1,    0,   -1,   -1,   -3,    0,   -1,   -1,   -1,   -1,   -1,   -1,   -1,    0,    0,   -1,    0,    0,    0,   -1,   -1,   -1,   -1,   -1,    0,   -1,   -1,    0,   -1,    0,    0,   -2,   -1,    0,   -1,    0,
       0,    0,   -1,    0,    0,    0,    0,    0,   -2,    0,    0,    0,   -1,    0,    0,    0,   -1,    0,    0,    0,   -3,   -1,   -2,   -2,    0,   -3,    0,   -1,    0,    0,   -1,    0,   -1,   -1,    0,   -1,    0,    0,    0,    0,    0,    0,   -1,   -1,    0,    0,    0,    0,    0,    0,    0,    0,    0,    0,    0,    0,   -2,    0,    0,   -2,    0,    0,    0,    0,    0,   -1,   -1,   -1,   -1,   -1,   -1,   -1,   -1,    0,    0,    0,    0,   -1,   -1,   -1,   -1,   -1,    0,    0,   -1,   -1,   -1,   -1,   -1,   -1,   -1,   -1,    0,    0,    0,    0,    0,    0,    0,    0,   -1,   -1,    0,   -1,   -1,   -3,   -1,    0,    0,   -1,   -1,   -1,   -1,   -1,    0,    0,   -1,    0,    0,    0,   -1,   -1,   -1,   -1,   -1,    0,   -1,   -1,    0,   -2,    0,    0,    0,   -1,    0,   -1,    0,
      -1,    0,    0,   -1,    0,   -1,    0,   -2,   -1,   -2,   -1,    0,   -1,    0,   -2,   -1,    0,   -2,   -1,   -1,   -3,   -1,   -2,   -1,   -3,   -3,   -1,    0,   -1,    0,   -1,    0,   -1,   -1,    0,   -1,   -1,    0,    0,   -1,    0,    0,   -1,    0,    0,    0,    0,    0,    0,   -1,    0,    0,   -1,    0,    0,    0,   -2,    0,    0,   -1,    0,    0,    0,    0,    0,    0,   -1,   -1,   -1,   -1,   -1,   -1,   -1,    0,    0,    0,    0,   -1,   -1,   -1,   -1,   -1,    0,   -1,   -1,   -1,   -1,   -1,   -1,   -1,   -1,   -1,   -1,   -1,    0,    0,    0,    0,    0,    0,   -1,   -1,    0,   -1,   -1,   -3,    0,   -1,   -1,   -1,   -1,   -1,   -1,   -1,    0,    0,   -1,    0,    0,    0,   -1,   -1,   -1,   -1,   -1,    0,   -1,   -1,    0,   -1,    0,    0,   -2,   -1,    0,   -1,    0,
       0,    0,   -1,    0,    0,   -1,   -1,    0,   -1,    0,    0,    0,   -1,    0,    0,   -1,    0,    0,   -1,    0,   -3,   -1,   -3,   -2,    0,   -3,   -1,   -1,    0,    0,    0,    0,    0,    0,    0,    0,    0,    0,    0,    0,    0,    0,    0,    0,    0,    0,    0,   -1,    0,    0,    0,    0,    0,    0,    0,    0,   -1,    0,    0,   -1,    0,    0,    0,    0,    0,    0,    0,    0,    0,    0,    0,    0,    0,    0,    0,    0,    0,    0,    0,    0,    0,    0,    0,    0,    0,    0,    0,    0,    0,    0,    0,    0,    0,   -1,    0,    0,    0,    0,    0,    0,    0,    0,    0,    0,    0,   -3,    0,    0,    0,    0,    0,    0,    0,    0,    0,    0,    0,    0,    0,    0,    0,    0,    0,    0,    0,    0,    0,    0,    0,   -1,    0,    0,    0,   -1,    0,    0,    0,
       0,    0,    0,   -1,   -1,    0,   -1,   -1,   -2,   -1,    0,   -1,    0,    0,   -1,    0,   -1,   -1,    0,    0,    0,    0,    0,    0,    0,    0,    0,    0,    0,    0,   -1,    0,   -1,   -1,    0,    0,    0,    0,    0,    0,    0,    0,   -1,   -1,   -1,   -1,   -1,    0,   -1,    0,    0,    0,    0,    0,   -1,    0,   -1,    0,    0,    0,    0,    0,   -1,    0,   -1,   -1,   -1,   -1,   -1,   -1,   -1,   -1,   -1,    1,    0,    0,    0,    0,   -1,   -1,   -1,   -1,   -1,    0,   -1,   -1,   -1,   -1,   -1,   -1,    0,    0,    0,    0,    0,    0,    0,    0,    0,    0,    0,   -1,    0,   -1,   -1,    0,   -1,    0,    0,    0,    0,   -1,    0,   -1,    2,    0,   -1,    0,    0,   -1,    2,   -1,   -1,    1,   -1,    0,    1,   -1,   -1,   -2,   -1,    0,   -1,    0,    0,    0,    0,
       0,    0,   -1,    0,    0,   -1,   -1,   -1,    0,   -1,    0,    0,    0,    0,    0,    0,    0,    0,    0,    0,    0,    0,    0,    0,    0,    0,    0,    0,    0,    0,    0,    0,    0,    0,    0,    0,    0,    0,    0,    0,    0,    0,    0,    0,    0,    0,    0,    0,    0,    0,    0,    0,    0,    0,    0,    0,    0,    0,    0,    0,    0,    0,    0,    0,    0,    0,    0,    0,    0,    0,    0,    0,    0,    0,    0,    0,    0,    0,    0,    0,    0,    0,    0,    0,    0,    0,    0,    0,    0,    0,    0,    0,    0,    0,    0,    0,    0,    0,    0,    0,    0,    0,    0,    0,    0,    0,    0,    0,    0,    0,    0,    0,    0,    0,    0,    0,    0,    0,    0,    0,    0,    0,    0,    0,    0,    0,    0,    0,    0,    0,   -1,   -1,   -1,    0,    0,    0,   -1,
       0,    0,   -1,    0,    0,    0,   -1,   -1,    0,   -1,    0,    0,    0,    0,    0,    0,    0,    0,    0,    0,   -2,   -1,   -2,   -2,    0,   -3,    0,    0,    0,    0,    0,    0,    0,    0,    0,    0,    0,    0,    0,    0,    0,    0,    0,    0,    0,    0,    0,    0,    0,    0,    0,    0,    0,    0,    0,    0,   -1,    0,    0,    0,    0,    0,   -1,    0,    0,    0,    0,    0,    0,    0,    0,    0,    0,    0,    0,    0,    0,    0,    0,    0,    0,    0,    0,    0,    0,    0,    0,    0,    0,    0,    0,    0,    0,    0,    0,    0,    0,    0,    0,    0,    0,    0,    0,    0,    0,   -2,    0,    0,    0,    0,    0,    0,    0,    0,    0,    0,    0,    0,    0,    0,    0,    0,    0,    0,    0,    0,    0,    0,    0,    0,   -1,   -1,   -1,    0,    0,    0,   -1,
       0,    0,    0,    0,    0,   -1,    0,   -1,    0,   -1,    0,    0,    0,    0,   -1,    0,    0,   -1,    0,    0,    0,    0,   -1,   -1,   -1,   -2,    0,    0,   -1,    0,    0,    0,    0,    0,    0,    0,    0,    0,    0,    0,    0,    0,    0,    0,    0,    0,    0,    0,    0,    0,    0,    0,   -1,    0,    0,    0,    0,    0,    0,    0,    0,    0,    0,    0,   -2,    0,    0,    0,    0,    0,    0,    0,    0,    0,    0,    0,    0,    0,    0,    0,    0,    0,    0,    0,    0,    0,    0,    0,    0,    0,    0,    0,    0,    0,    0,    0,    0,    0,    0,    0,    0,    0,    0,    0,    0,    0,    0,    0,    0,    0,    0,    0,    0,    0,    0,    0,    0,    0,    0,    0,    0,    0,    0,    0,    0,    0,    0,    0,    0,    0,    0,    0,   -1,    0,    0,    0,    0,
       0,    0,    0,    0,    0,   -1,    0,    0,    0,    0,    0,    0,    0,    0,    0,    0,    0,    0,    0,    0,    0,    0,    0,    0,    0,    0,    0,    0,   -1,    0,    0,    0,    0,    0,    0,    0,    0,    0,    0,    0,    0,    0,    0,    0,    0,    0,    0,    0,    0,    0,    0,    0,   -1,    0,    0,    0,    0,    0,    0,    0,    0,    0,    0,    0,    0,    0,    0,    0,    0,    0,    0,    0,    0,    0,    0,    0,    0,    0,    0,    0,    0,    0,    0,    0,    0,    0,    0,    0,    0,    0,    0,    0,    0,    0,    0,    0,    0,    0,    0,    0,    0,    0,    0,    0,    0,    0,    0,    0,    0,    0,    0,    0,    0,    0,    0,    0,    0,    0,    0,    0,    0,    0,    0,    0,    0,    0,    0,    0,    0,    0,    0,    0,    0,    0,    0,    0,    0,
       0,    0,   -1,   -1,    0,   -1,   -1,    0,   -1,    0,    0,    0,   -1,    0,    0,   -1,    0,    0,    0,    0,   -2,   -1,   -2,   -2,    0,   -3,    0,    0,   -1,    0,   -1,   -1,   -1,   -1,    0,   -1,   -1,    0,   -1,   -1,    0,   -1,    0,   -1,    0,    0,    0,    0,    0,    0,    0,    0,   -1,    0,    0,    0,   -2,    0,   -1,    0,   -1,    0,    0,   -1,    0,    0,   -1,   -1,   -1,   -1,   -1,   -1,   -1,    0,    0,    0,    0,   -1,   -1,   -1,   -1,   -1,    0,   -1,   -1,   -1,   -1,   -1,   -1,   -1,   -1,   -1,   -1,   -1,    0,    0,    0,    0,   -1,   -1,   -1,   -1,    0,    0,    0,   -3,   -1,    0,    0,   -1,   -1,   -1,   -1,   -1,    0,    0,   -1,    0,    0,    0,   -1,   -1,   -1,   -1,   -1,    0,   -1,   -1,    0,   -1,   -1,   -1,    0,    0,    0,    0,    0,
      -1,    0,    0,    0,    0,   -1,    0,   -4,    0,   -4,    0,    0,    0,    0,   -2,    0,    0,   -2,   -1,    0,    0,    0,    0,    0,   -1,   -1,    0,    0,   -1,    0,    0,    0,   -1,   -1,    0,    0,    0,    0,    0,    0,    0,    0,    0,    0,    0,    0,    0,    0,    0,    0,    0,    0,    0,    0,    0,    0,   -1,    0,    0,    0,    0,    0,    0,    0,   -3,    0,    0,    0,    0,    0,   -1,   -1,   -1,    0,    0,    0,    0,   -1,   -1,   -1,   -1,   -1,    0,    0,    0,    0,   -1,   -1,   -1,   -1,    0,    0,    0,    0,    0,    0,    0,    0,    1,    0,    0,   -1,    0,    0,    0,    0,    0,    0,    0,    0,    0,    0,   -1,   -1,    1,    0,   -1,    0,    0,    0,    0,    0,    0,   -1,   -1,    0,   -1,   -1,    0,    0,    0,    0,   -4,    0,    0,    0,    0,
       0,    0,    0,    0,    0,    0,    0,   -1,    0,   -1,    0,   -1,    0,    0,   -1,   -1,    0,   -2,   -1,    0,   -3,   -1,   -3,   -2,   -2,   -3,   -1,    0,    0,    0,   -1,    0,    0,    0,   -1,    0,   -1,   -1,   -1,   -2,   -1,   -1,    0,   -1,   -1,   -1,   -1,   -2,   -1,   -1,    0,    0,    0,    0,    0,    0,    0,    0,    0,    0,    0,    0,    0,    0,   -2,    0,   -1,   -1,   -1,   -1,    0,    0,    0,   -1,   -1,   -1,   -1,    0,    0,    0,    0,    0,   -1,   -1,   -1,   -1,    0,    0,    0,    0,    0,    0,   -1,   -1,   -1,   -1,   -1,   -1,   -1,    0,    0,    0,   -1,    0,    0,   -3,   -1,   -1,   -1,    0,   -1,   -1,    0,    0,   -1,   -1,    0,   -1,   -1,   -1,   -1,   -1,   -1,    0,    0,   -1,    0,    0,   -1,    0,    0,    0,   -1,    0,    0,    0,    0,
       0,    0,    0,    0,    0,   -1,    0,    0,    0,    0,    0,    0,    0,    0,    0,    0,    0,    0,    0,    0,    0,    0,    0,    0,    0,    0,    0,    0,    0,    0,    0,    0,    0,    0,    0,    0,    0,    0,    0,    0,    0,    0,    0,    0,    0,    0,    0,    0,    0,    0,    0,    0,    0,    0,    0,    0,    0,    0,    0,    0,    0,    0,    0,    0,    0,    0,    0,    0,    0,    0,    0,    0,    0,    0,    0,    0,    0,    0,    0,    0,    0,    0,    0,    0,    0,    0,    0,    0,    0,    0,    0,    0,    0,    0,    0,    0,    0,    0,    0,    0,    0,    0,    0,    0,    0,    0,    0,    0,    0,    0,    0,    0,    0,    0,    0,    0,    0,    0,    0,    0,    0,    0,    0,    0,    0,    0,    0,    0,    0,    0,    0,    0,    0,    0,    0,    0,    0,
       0,   -1,   -3,   -1,    0,   -2,   -2,   -1,    0,   -1,    0,   -1,   -2,    0,   -2,   -1,    0,   -2,   -1,    0,   -3,   -1,   -3,   -2,   -2,   -4,   -1,    0,   -1,    0,   -1,   -1,    0,    0,   -1,    0,   -1,   -1,   -1,   -1,   -1,   -1,   -1,   -1,   -1,   -2,   -2,   -2,   -2,   -1,    0,    0,   -1,   -1,    0,    0,    0,   -2,    0,    0,    0,    0,   -2,   -3,   -2,    0,   -1,   -1,   -1,   -1,    0,    0,    0,   -1,   -1,   -1,   -1,    0,    0,    0,    0,    0,   -1,   -1,   -1,   -1,    0,    0,    0,    0,    0,    0,   -1,   -1,   -1,   -1,   -1,   -1,   -1,    0,    0,    0,   -1,   -1,   -1,   -6,   -1,   -1,   -1,    0,   -1,   -1,    0,    0,   -1,   -1,    0,   -1,   -1,   -1,   -1,   -1,   -1,    0,    0,   -1,    0,    0,   -2,    0,   -3,   -2,   -1,    0,    0,    0,   -2,
       0,    0,   -1,    0,    0,    0,   -1,    0,    0,   -1,    0,    0,    0,    0,   -1,   -1,   -1,   -1,   -1,   -1,   -2,   -2,   -3,   -2,   -1,   -3,   -1,    0,    0,    0,   -1,   -1,   -1,   -1,    0,    0,   -1,    0,    0,   -1,    0,    0,    0,   -1,    0,   -1,    0,    0,   -1,   -1,    0,    0,    0,    0,    0,    0,   -2,    0,    0,    0,    0,    0,   -1,    0,   -1,   -1,   -1,   -1,   -1,   -1,   -1,   -1,   -1,    0,    0,    0,    0,   -1,   -1,   -1,   -1,   -1,    0,   -1,   -1,   -1,   -1,   -1,   -1,   -1,    0,    0,   -1,   -1,    0,    0,    0,    0,    0,   -1,   -1,   -1,    0,    0,    0,   -2,   -1,   -1,   -1,    0,   -1,   -1,   -1,   -1,    0,    0,   -1,    0,    0,    0,   -1,   -1,   -1,   -1,   -1,    0,   -1,   -1,   -1,    0,   -1,   -1,   -1,    0,    0,    0,    0,
       0,    0,    0,   -1,    0,   -1,    0,   -1,    0,   -1,    0,    0,   -1,    0,   -2,   -1,    0,   -1,   -1,    0,   -1,   -1,   -1,   -1,   -1,   -2,   -1,    0,   -1,    0,   -1,    0,    0,    0,    0,    0,   -1,    0,    0,   -1,    0,    0,    0,    0,    0,    0,    0,    0,    0,    0,    0,    0,   -1,    0,    0,    0,    0,    0,    0,    0,    0,    0,   -1,    0,   -2,    0,   -1,   -1,   -1,   -1,    0,    0,    0,    0,    0,    0,    0,    0,    0,    0,    0,    0,    0,   -1,   -1,   -1,    0,    0,    0,    0,    0,    0,   -1,   -1,    0,    0,    0,    0,    0,    0,   -1,    0,    0,    0,    0,   -1,    0,    0,    0,    0,   -1,   -1,    0,    0,    0,    0,    0,    0,    0,    0,   -1,   -1,   -1,    0,    0,    0,    0,    0,    0,    0,    0,    0,   -1,   -1,    0,    0,    0,
       0,    0,    0,   -1,    0,   -1,    0,   -2,   -1,   -2,   -1,    0,   -2,    0,   -2,   -1,    0,   -3,   -1,    0,   -1,   -1,   -2,   -1,   -3,   -3,   -1,    0,   -1,    0,   -1,    0,   -1,   -1,    0,    0,   -1,    0,    0,   -1,    0,    0,    0,    0,    0,    0,    0,    0,    0,    0,    0,    0,   -1,    0,    0,    0,   -1,    0,    0,   -1,    0,    0,   -1,    0,   -3,    0,   -1,   -1,   -1,   -1,   -1,   -1,   -1,    0,    0,    0,    0,    0,   -1,   -1,   -1,   -1,    0,   -1,   -1,   -1,   -1,   -1,   -1,   -1,    0,    0,   -1,   -1,    0,    0,    0,    0,    0,    0,    0,   -1,    0,    0,    0,   -1,    0,    0,    0,    0,   -1,   -1,   -1,   -1,    0,    0,   -1,    0,    0,    0,   -1,   -1,   -1,   -1,   -1,    0,   -1,   -1,    0,   -1,    0,    0,   -2,   -1,    0,    0,    0,
       0,    0,   -1,   -1,    0,   -1,   -2,    0,    0,    0,    0,    0,   -1,    0,   -1,   -1,   -1,    0,   -1,    0,   -1,   -1,   -1,   -1,   -1,   -1,   -1,   -1,    0,    0,    0,    0,    0,    0,   -1,    0,    0,   -1,   -1,    0,   -1,   -1,    0,   -1,   -1,   -2,   -1,   -1,   -2,   -1,    0,    0,    0,    0,    0,   -1,    0,   -1,    0,    0,    0,    0,   -1,    0,    0,   -1,    0,    0,    0,    0,    0,    0,    0,   -1,   -1,   -1,   -1,    0,    0,    0,    0,    0,   -1,    0,    0,    0,    0,    0,    0,    0,    0,    0,    0,   -1,   -1,   -1,   -1,   -1,   -1,    0,    0,    0,   -1,    0,    0,   -1,   -1,   -1,   -1,    0,    0,    0,    0,    0,   -1,   -1,    0,   -1,   -1,   -1,    0,    0,    0,    0,    0,   -1,    0,    0,   -2,    0,   -1,   -1,    0,   -1,   -1,    0,    0,
       0,    0,   -3,    0,    0,   -1,   -2,    0,   -1,    0,    0,    0,   -1,    0,    0,    0,   -1,    0,    0,    0,   -3,   -1,   -3,   -2,    0,   -3,    0,   -2,    0,    0,    0,    0,    0,    0,    0,    0,    0,    0,    0,    0,    0,    0,    0,    0,    0,   -1,   -1,   -1,   -1,    0,    0,    0,    0,    0,    0,   -1,   -1,   -1,    0,   -1,    0,   -1,    0,    0,    0,   -1,    0,    0,    0,    0,    0,    0,    0,    0,    0,    0,    0,    0,    0,    0,    0,    0,    0,    0,    0,    0,    0,    0,    0,    0,    0,    0,    0,    0,    0,    0,    0,    0,    0,    0,    0,    0,    0,    0,    0,   -3,    0,    0,    0,    0,    0,    0,    0,    0,    0,    0,    0,    0,    0,    0,    0,    0,    0,    0,    0,    0,    0,    0,   -1,   -1,   -2,   -2,    0,   -2,   -2,    0,    0,
       0,    0,   -2,    0,    0,   -1,   -2,    0,   -1,    0,    0,    0,   -1,    0,    0,    0,   -1,    0,    0,    0,   -3,   -1,   -3,   -2,    0,   -3,    0,   -2,    0,    0,    0,    0,    0,    0,    0,    0,    0,    0,    0,    0,    0,    0,    0,    0,    0,   -1,   -1,   -1,   -1,    0,    0,    0,    0,    0,    0,   -1,   -1,   -1,    0,   -1,    0,   -1,    0,    0,    0,   -1,    0,    0,    0,    0,    0,    0,    0,    0,    0,    0,    0,    0,    0,    0,    0,    0,    0,    0,    0,    0,    0,    0,    0,    0,    0,    0,    0,    0,    0,    0,    0,    0,    0,    0,    0,    0,    0,    0,    0,   -3,    0,    0,    0,    0,    0,    0,    0,    0,    0,    0,    0,    0,    0,    0,    0,    0,    0,    0,    0,    0,    0,    0,   -1,   -1,   -3,   -2,    0,   -2,   -2,    0,    0,
       0,    0,   -2,    0,    0,   -1,   -1,    0,    0,    0,    0,    0,   -1,    0,   -1,   -1,    0,    0,   -1,   -1,   -3,   -1,   -3,   -2,   -1,   -4,   -1,   -2,   -1,    0,    0,    0,    0,    0,    0,    0,    0,    0,    0,    0,    0,    0,    0,    0,    0,   -1,   -1,   -1,   -1,   -1,    0,    0,   -1,    0,    0,    0,    0,   -1,    0,    0,    0,    0,   -1,    0,    0,    0,    0,    0,    0,    0,    0,    0,    0,    0,    0,    0,    0,    0,    0,    0,    0,    0,    0,    0,    0,    0,    0,    0,    0,    0,    0,    0,    0,   -1,    0,    0,    0,    0,    0,    0,    0,    0,    0,    0,    0,   -3,    0,   -1,   -1,    0,    0,    0,    0,    0,    0,    0,    0,    0,    0,    0,    0,    0,    0,    0,    0,    0,    0,    0,   -1,    0,   -2,   -1,    0,   -2,   -1,    0,    0,
       0,    0,   -3,    0,    0,   -1,   -1,    0,    0,    0,    0,    0,   -1,    0,   -1,   -1,    0,    0,   -1,   -1,   -3,   -1,   -3,   -2,   -1,   -4,   -1,   -2,   -1,    0,    0,    0,    0,    0,    0,    0,    0,    0,    0,    0,    0,    0,    0,    0,    0,   -1,   -1,   -1,   -1,   -1,    0,    0,   -1,    0,    0,    0,    0,   -1,    0,    0,    0,    0,   -1,    0,    0,    0,    0,    0,    0,    0,    0,    0,    0,    0,    0,    0,    0,    0,    0,    0,    0,    0,    0,    0,    0,    0,    0,    0,    0,    0,    0,    0,    0,   -1,    0,    0,    0,    0,    0,    0,    0,    0,    0,    0,    0,   -3,    0,   -1,   -1,    0,    0,    0,    0,    0,    0,    0,    0,    0,    0,    0,    0,    0,    0,    0,    0,    0,    0,    0,   -1,    0,   -2,   -1,    0,   -2,   -1,    0,    0,
       0,    0,    1,   -1,    0,    0,    0,    0,   -1,    0,    0,    0,    0,    0,    0,    0,   -1,    0,    0,    0,   -1,   -1,    0,    0,    0,    0,    0,   -1,    1,    0,    0,    1,    0,    0,    0,    0,    1,    0,    0,    1,    0,    0,    0,    0,    0,   -1,   -1,    0,   -1,    0,    0,    0,    1,    0,    0,    0,   -1,    0,    0,   -1,    0,    0,   -1,    0,    0,   -1,    0,    0,    0,    0,    0,    0,    0,    2,    0,    0,    0,    0,    0,    0,    0,    0,    0,    1,    0,    0,    0,    0,    0,    0,    0,    0,    1,    0,    0,    0,    0,    0,    0,    0,    0,    0,    0,    0,    0,   -1,    0,    0,    0,    0,    0,    0,    0,    0,    0,    0,    0,    0,    0,    0,    0,    0,    0,    0,    0,    0,    0,    0,   -1,   -1,   -1,    1,    0,   -1,   -1,    0,    0,
       0,    0,    0,   -1,    0,    0,   -1,    0,   -1,    0,    0,    0,   -1,    0,    0,    0,   -1,    0,    0,    0,   -1,   -1,    0,    0,    0,    0,    0,   -1,    0,    0,    0,    0,    0,    0,    0,    0,    0,    0,    0,    0,    0,    0,    0,    0,    0,   -1,   -1,    0,   -1,    0,    0,    0,    0,    0,    0,    0,   -1,    1,    0,   -1,    0,    0,   -1,    0,    0,   -1,    0,    0,    0,    0,    0,    0,    0,    0,    0,    0,    0,    0,    0,    0,    0,    0,    0,    0,    0,    0,    0,    0,    0,    0,    0,    0,    0,    0,    0,    0,    0,    0,    0,    0,    0,    0,    0,    0,    0,   -1,    0,    0,    0,    0,    0,    0,    0,    0,    0,    0,    0,    0,    0,    0,    0,    0,    0,    0,    0,    0,    0,    0,   -1,   -1,    1,    0,    0,   -1,   -1,    0,    0,
       0,    0,    1,   -1,    0,    0,    1,    0,   -1,    0,    0,    0,    0,    0,    0,    0,   -1,    0,    0,    0,   -1,   -1,    0,    0,    0,    0,    0,   -1,    0,    0,    0,    0,    0,    0,    0,    0,    0,    0,    0,    0,    0,    0,    0,    0,    0,   -1,   -1,    0,   -1,    0,    0,    0,    0,    0,    0,    0,   -1,    0,    0,   -1,    0,    0,   -1,    0,    0,   -1,    0,    0,    0,    0,    0,    0,    0,    0,    0,    0,    0,    0,    0,    0,    0,    0,    0,    0,    0,    0,    0,    0,    0,    0,    0,    0,    0,    0,    0,    0,    0,    0,    0,    0,    0,    0,    0,    0,    0,   -1,    0,    0,    0,    0,    0,    0,    0,    0,    0,    0,    0,    0,    0,    0,    0,    0,    0,    0,    0,    0,    0,    0,   -1,   -1,    1,    1,    0,   -1,   -1,    0,    0,
       0,    0,   -1,   -1,    0,   -1,   -1,   -1,    0,   -1,    0,    0,   -1,    0,   -1,   -1,    0,   -1,   -1,    0,   -1,   -1,   -1,   -1,   -1,   -1,   -1,    0,   -1,    0,    0,    0,    0,    0,    0,    0,    0,    0,    0,    0,    0,    0,    0,    0,    0,   -1,    0,   -1,   -1,    0,    0,    0,   -1,    0,    0,    0,    0,    0,    0,    0,    0,    0,   -1,    0,    0,    0,    0,    0,    0,    0,    0,    0,    0,    0,    0,    0,    0,    0,    0,    0,    0,    0,    0,    0,    0,    0,    0,    0,    0,    0,    0,    0,    0,   -1,    0,    0,    0,    0,    0,    0,    0,    0,    0,    0,    0,   -1,    0,    0,    0,    0,    0,    0,    0,    0,    0,    0,    0,    0,    0,    0,    0,    0,    0,    0,    0,    0,    0,    0,   -1,    0,    0,    0,   -1,   -1,    0,    0,    0,
       0,    0,   -3,    0,    0,   -1,   -1,    0,    0,    0,    0,    0,   -2,    0,   -1,   -1,    0,   -1,   -1,    0,   -3,   -1,   -3,   -2,   -1,   -4,   -1,   -3,   -1,    0,    0,    0,    0,    0,    0,    0,    0,    0,    0,    0,    0,    0,    0,    0,    0,   -1,   -1,   -1,   -1,   -1,    0,    0,   -1,    0,    0,    0,    0,   -1,    0,    0,    0,    0,   -1,    0,    0,    0,    0,    0,    0,    0,    0,    0,    0,    0,    0,    0,    0,    0,    0,    0,    0,    0,    0,    0,    0,    0,    0,    0,    0,    0,    0,    0,    0,   -1,    0,    0,    0,    0,    0,    0,    0,    0,    0,    0,    0,   -3,    0,   -1,   -1,    0,    0,    0,    0,    0,    0,    0,    0,    0,    0,    0,    0,    0,    0,    0,    0,    0,    0,    0,   -1,    0,   -2,   -1,    0,   -2,   -1,    0,    0,
       0,    0,   -2,    0,    0,   -1,   -1,    0,    0,    0,    0,    0,   -2,    0,   -1,   -1,    0,   -1,   -1,    0,   -3,   -1,   -3,   -2,   -1,   -4,   -1,   -3,   -1,    0,    0,    0,    0,    0,    0,    0,    0,    0,    0,    0,    0,    0,    0,    0,    0,   -1,   -1,   -1,   -1,   -1,    0,    0,   -1,    0,    0,    0,    0,   -1,    0,    0,    0,    0,   -1,    0,    0,    0,    0,    0,    0,    0,    0,    0,    0,    0,    0,    0,    0,    0,    0,    0,    0,    0,    0,    0,    0,    0,    0,    0,    0,    0,    0,    0,    0,   -1,    0,    0,    0,    0,    0,    0,    0,    0,    0,    0,    0,   -3,    0,   -1,   -1,    0,    0,    0,    0,    0,    0,    0,    0,    0,    0,    0,    0,    0,    0,    0,    0,    0,    0,    0,   -1,    0,   -2,   -2,    0,   -2,   -1,    0,    0,
       0,    0,   -2,    0,    0,   -1,   -2,    0,   -1,    0,    0,    0,   -1,    0,    0,    0,   -1,    0,    0,    0,   -3,   -1,   -3,   -2,    0,   -3,    0,   -2,    0,    0,    0,    0,    0,    0,    0,    0,    0,    0,    0,    0,    0,    0,    0,    0,    0,   -1,   -1,   -1,   -2,    0,    0,    0,    0,    0,    0,   -1,   -1,   -1,    0,   -1,    0,   -1,    0,    0,    0,   -1,    0,    0,    0,    0,    0,    0,    0,    0,    0,    0,    0,    0,    0,    0,    0,    0,    0,    0,    0,    0,    0,    0,    0,    0,    0,    0,    0,    0,    0,    0,    0,    0,    0,    0,    0,    0,    0,    0,    0,   -3,    0,    0,    0,    0,    0,    0,    0,    0,    0,    0,    0,    0,    0,    0,    0,    0,    0,    0,    0,    0,    0,    0,   -2,   -1,   -2,   -2,    0,   -2,   -2,    0,    0,
       0,    0,   -1,    0,    0,   -1,   -1,    0,   -1,    0,    0,    0,   -1,    0,   -1,   -1,    0,    0,   -1,    0,   -3,   -1,   -2,   -2,   -1,   -3,   -1,   -1,    0,    0,    0,    0,   -1,    0,    0,    0,    0,    0,    0,    0,    0,    0,    0,    0,    0,    0,    0,   -1,   -1,    0,    0,    0,   -1,    0,    0,    0,   -1,    0,    0,   -1,    0,   -1,    0,    0,    0,    0,    0,    0,    0,    0,   -1,   -1,   -1,    0,    0,    0,    0,   -1,   -1,   -1,   -1,   -1,    0,    0,    0,    0,   -1,   -1,   -1,   -1,    0,    0,    0,   -1,    0,    0,    0,    0,    0,    0,    0,   -1,    0,    0,    0,   -3,    0,    0,    0,    0,    0,    0,   -1,   -1,    0,    0,   -1,    0,    0,    0,    0,    0,    0,   -1,   -1,    0,   -1,   -1,   -1,   -1,   -1,   -1,    0,   -2,    0,    0,    0,
       1,    2,    3,    0,    0,    3,    2,    0,   -1,    0,    0,    0,    3,    0,    0,    0,    0,    0,    0,    0,    0,    0,    0,    0,    0,    0,    0,    0,    4,    0,    0,    3,    0,    0,    0,    0,    3,    1,    2,    3,    0,    0,    0,    0,    0,    0,    0,    0,    0,    0,    0,    0,    3,    0,    0,    0,   -1,    1,    0,    0,    0,    0,   -1,    0,    0,    0,    0,    0,    0,    0,    0,    0,    0,    1,    1,    1,    1,    0,    0,    0,    0,    0,    0,    3,    0,    0,    0,    0,    0,    0,    0,    0,    3,    0,    1,    1,    1,    1,    2,    0,    0,    0,    0,    0,    0,    0,    0,    0,    1,    0,    0,    0,    0,    0,    1,    1,    0,    0,    0,    0,    0,    0,    0,    0,    0,    1,    0,    0,    0,   -1,    2,    2,    0,    0,    0,    0,    0,
       0,    0,    0,   -1,    0,    0,    0,    0,   -1,    0,    0,    0,    0,    0,    0,    0,   -1,    0,    0,    0,   -1,   -1,   -1,    0,    0,   -1,    0,    0,    0,    0,    0,    0,    0,    0,    0,    0,    0,    0,    0,    0,    0,    0,    0,    0,    0,   -1,   -1,    0,   -1,    0,    0,    0,    0,    0,    0,    0,   -1,    0,    0,   -1,    0,    0,   -1,    0,    0,   -1,    0,    0,    0,    0,    0,    0,    0,    0,    0,    0,    0,    0,    0,    0,    0,    0,    0,    0,    0,    0,    0,    0,    0,    0,    0,    0,    0,    0,    1,    0,    0,    0,    0,    0,    0,    0,    0,    0,    0,   -1,    0,    0,    0,    0,    0,    0,    0,    0,    0,    0,    0,    0,    0,    0,    0,    0,    0,    0,    0,    0,    0,    0,   -1,   -1,    0,    0,    0,   -1,    0,    0,    0,
       0,    0,   -3,    0,    0,   -1,   -1,    0,    0,    0,    0,    0,   -1,    0,   -1,   -1,    0,    0,   -1,   -1,   -3,   -1,   -3,   -2,   -1,   -4,   -1,   -2,   -1,    0,    0,    0,    0,    0,    0,    0,    0,    0,    0,    0,    0,    0,    0,    0,    0,   -1,   -1,   -1,   -1,   -1,    0,    0,   -1,    0,    0,    0,    0,   -1,    0,    0,    0,    0,   -1,    0,    0,    0,    0,    0,    0,    0,    0,    0,    0,    0,    0,    0,    0,    0,    0,    0,    0,    0,    0,    0,    0,    0,    0,    0,    0,    0,    0,    0,    0,   -1,    0,    0,    0,    0,    0,    0,    0,    0,    0,    0,    0,   -3,    0,   -1,   -1,    0,    0,    0,    0,    0,    0,    0,    0,    0,    0,    0,    0,    0,    0,    0,    0,    0,    0,    0,   -1,    0,   -1,   -1,    0,   -2,   -1,    0,    0,
       0,    0,    1,   -1,    0,    0,    0,    0,   -1,    0,    0,    0,    0,    0,    0,    0,   -1,    0,    0,    0,   -1,   -1,    0,    0,    0,    0,    0,   -1,    0,    0,    0,    0,    0,    0,    0,    0,    0,    0,    0,    0,    0,    0,    0,    0,    0,   -1,   -1,    0,   -1,    0,    0,    0,    0,    0,    0,    0,   -1,    0,    0,   -1,    0,    0,   -1,    0,    0,   -1,    0,    0,    0,    0,    0,    0,    0,    0,    0,    0,    0,    0,    0,    0,    0,    0,    0,    0,    0,    0,    0,    0,    0,    0,    0,    0,    0,    0,    0,    0,    0,    0,    0,    0,    0,    0,    0,    0,    0,   -1,    0,    0,    0,    0,    0,    0,    0,    0,    0,    0,    0,    0,    0,    0,    0,    0,    0,    0,    0,    0,    0,    0,   -1,   -1,    0,    0,    0,   -1,   -1,    0,    0,
       0,    0,    0,   -1,    0,    0,    0,    0,   -1,    0,    0,    0,    0,    0,    0,    0,   -1,    0,    0,    0,   -1,   -1,    0,    0,    0,    0,    0,   -1,    0,    0,    0,    0,    0,    0,    0,    0,    0,    0,    0,    0,    0,    0,    0,    0,    0,   -1,   -1,    0,   -1,    0,    0,    0,    0,    0,    0,    0,   -1,    0,    0,   -1,    0,    0,   -1,    0,    0,   -1,    0,    0,    0,    0,    0,    0,    0,    0,    0,    0,    0,    0,    0,    0,    0,    0,    0,    0,    0,    0,    0,    0,    0,    0,    0,    0,    0,    0,    0,    0,    0,    0,    0,    0,    0,    0,    0,    0,    0,   -1,    0,    0,    0,    0,    0,    0,    0,    0,    0,    0,    0,    0,    0,    0,    0,    0,    0,    0,    0,    0,    0,    0,   -1,   -1,    0,    0,    0,   -1,   -1,    0,    0,
       0,    0,    1,   -1,    0,    0,    0,    0,   -1,    0,    0,    0,    0,    0,    0,    0,   -1,    0,    0,    0,   -1,   -1,    0,    0,    0,    0,    0,   -1,    0,    0,    0,    0,    0,    0,    0,    0,    0,    0,    0,    0,    0,    0,    0,    0,    0,   -1,   -1,    0,   -1,    0,    0,    0,    0,    0,    0,    0,   -1,    0,    0,   -1,    0,    0,   -1,    0,    0,   -1,    0,    0,    0,    0,    0,    0,    0,    0,    0,    0,    0,    0,    0,    0,    0,    0,    0,    0,    0,    0,    0,    0,    0,    0,    0,    0,    0,    0,    0,    0,    0,    0,    0,    0,    0,    0,    0,    0,    0,   -1,    0,    0,    0,    0,    0,    0,    0,    0,    0,    0,    0,    0,    0,    0,    0,    0,    0,    0,    0,    0,    0,    0,   -1,   -1,   -1,    0,    0,   -1,   -1,    0,    0,
       0,    0,    0,   -1,    0,    0,    0,    0,    0,    0,    0,    0,    0,    0,    0,    0,    0,    0,    0,    0,    0,    0,    0,    0,    0,    0,    0,    0,    0,    0,    0,    0,    0,    0,    0,    0,    0,    0,    0,    0,    0,    0,    0,    0,    0,    0,    0,    0,    0,    0,    0,    0,    0,    0,    0,    0,    0,    1,    0,    0,    0,    0,   -1,    0,    0,    0,    0,    0,    0,    0,    0,    0,    0,    0,    0,    0,    0,    0,    0,    0,    0,    0,    0,    0,    0,    0,    0,    0,    0,    0,    0,    0,    0,    0,    0,    0,    0,    0,    0,    0,    0,    0,    0,    0,    0,    0,    0,    0,    0,    0,    0,    0,    0,    0,    1,    0,    0,    0,    0,    0,    0,    0,    0,    0,    0,    0,    0,    0,    0,    0,    1,    0,    0,    0,    0,    0,    0,
      -1,    0,   -5,    0,    0,   -1,   -2,    0,    0,    0,    0,    0,   -2,    0,    0,    0,   -1,    0,    0,   -1,   -5,   -1,   -1,   -3,   -1,   -4,   -1,   -2,    0,    0,    0,    0,    0,    0,    0,    0,    0,    0,    0,    0,    0,    0,    0,    0,    0,   -1,   -1,    0,   -2,    0,    0,    0,    0,    0,    0,   -1,    0,   -2,    0,    0,    0,   -1,    0,    0,    0,   -1,    0,    0,    0,    0,    0,    0,    0,    0,    0,    0,    0,    0,    0,    0,    0,    0,    0,    0,    0,    0,    0,    0,    0,    0,    0,    0,    0,    0,    0,    0,    0,    0,    0,    0,    0,    0,    0,    0,    0,   -5,    0,    0,    0,    0,    0,    0,    0,    0,    0,    0,    0,    0,    0,    0,    0,    0,    0,    0,    0,    0,    0,    0,   -2,    0,   -3,   -4,    0,   -3,   -3,    0,    0,
       1,    2,    3,    0,    0,    3,    2,    0,   -1,    0,    0,    0,    3,    0,    0,    0,    0,    0,    0,    0,    0,    0,    0,    0,    0,    0,    0,    0,    4,    0,    0,    3,    0,    0,    0,    0,    3,    1,    2,    3,    0,    0,    0,    0,    0,    0,    0,    0,    0,    0,    0,    0,    4,    0,    0,    0,   -1,    1,    0,    0,    0,    0,   -1,    0,    0,    0,    0,    0,    0,    0,    0,    0,    0,    1,    1,    1,    1,    0,    0,    0,    0,    0,    0,    3,    0,    0,    0,    1,    0,    0,    0,    0,    3,    0,    1,    1,    1,    1,    2,    0,    0,    0,    0,    0,    2,    0,    0,    0,    1,    0,    0,    0,    0,    0,    1,    1,    0,    0,    0,    0,    0,    0,    0,    0,    0,    1,    0,    0,    0,   -1,    2,    2,    0,    0,    0,    0,    0,
       0,    0,    0,   -1,    0,    0,    0,    0,   -1,    0,    0,    0,   -1,    0,    0,    0,    0,    0,    0,    0,    0,    0,    0,    0,    0,    0,    0,    0,    0,    0,    0,    0,   -1,   -1,    0,    0,    0,    0,    0,    0,    0,    0,    0,    0,    0,    0,    0,    0,    0,    0,    0,    0,    0,    0,    0,    0,   -1,    0,    0,    0,    0,    0,    0,    0,    0,    0,    0,    0,    0,    0,   -1,   -1,   -1,    0,    0,    0,    0,    0,   -1,   -1,   -1,   -1,    0,    0,    0,    0,   -1,   -1,   -1,   -1,    0,    0,    0,    0,    0,    0,    0,    0,    0,    0,    0,   -1,    0,    0,    0,    0,    0,    0,    0,    0,    0,    0,   -1,   -1,    0,    0,   -1,    0,    0,    0,    0,    0,    0,   -1,   -1,    0,   -1,   -1,    0,   -1,    0,    0,    0,    0,    0,    0,    0,
       0,    0,   -2,    0,    0,   -1,   -1,    0,    0,    0,    0,    0,   -1,    0,   -1,   -1,    0,   -1,   -1,    0,   -3,   -1,   -3,   -2,   -1,   -4,   -1,   -3,   -1,    0,    0,    0,    0,    0,    0,    0,    0,    0,    0,    0,    0,    0,    0,    0,    0,   -1,   -1,   -1,   -1,   -1,    0,    0,   -1,    0,    0,    0,    0,   -1,    0,    0,    0,    0,   -1,    0,    0,    0,    0,    0,    0,    0,    0,    0,    0,    0,    0,    0,    0,    0,    0,    0,    0,    0,    0,    0,    0,    0,    0,    0,    0,    0,    0,    0,    0,   -1,    0,    0,    0,    0,    0,    0,    0,    0,    0,    0,    0,   -3,    0,   -1,   -1,    0,    0,    0,    0,    0,    0,    0,    0,    0,    0,    0,    0,    0,    0,    0,    0,    0,    0,    0,   -1,    0,   -2,   -2,    0,   -2,   -1,    0,    0,
       0,    0,    1,    0,    0,    1,    0,    0,   -1,    0,    0,    0,    0,    0,   -1,   -1,   -1,    0,   -1,   -1,   -3,   -1,   -2,   -2,   -1,   -3,   -1,   -1,    1,    0,    0,    1,   -1,   -1,    0,    0,    1,    0,    0,    1,    0,    0,    0,    0,    0,    0,    0,    0,    0,    0,    0,    0,    1,    0,    0,    0,   -1,    0,    0,   -1,    0,    0,    0,    0,    0,   -1,    0,    0,    0,    0,   -1,   -1,   -1,    0,    0,    0,    0,   -1,   -1,   -1,   -1,   -1,    0,    1,    0,    0,   -1,   -1,   -1,   -1,    0,    0,    1,   -1,    0,    0,    0,    0,    0,    0,   -1,   -1,    0,    0,    0,   -3,    0,    0,    0,    0,    0,    0,   -1,   -1,    0,    0,   -1,    0,    0,    0,    0,    0,    0,   -1,   -1,    0,   -1,   -1,    0,   -1,    0,    1,    0,   -1,    0,   -1,    0,
      -1,    0,    0,   -1,    0,    0,    0,   -3,   -5,   -3,   -2,   -3,    0,   -1,   -3,    0,   -1,   -2,    0,   -1,    0,    0,    0,    0,    0,    0,   -1,    0,    0,    0,   -6,    0,   -6,   -6,   -1,   -5,    0,   -1,   -1,    0,   -3,   -3,   -5,   -2,   -3,   -3,   -5,   -2,   -5,   -2,    0,    0,    0,    0,    0,    0,   -5,    0,    0,   -3,    0,    0,   -3,    0,   -4,   -1,   -5,   -5,   -5,   -5,   -5,   -6,   -5,   -1,   -3,   -1,    0,   -2,   -6,   -6,   -6,   -6,   -3,    0,   -5,   -5,   -6,   -6,   -6,   -6,   -5,   -5,    0,    0,   -1,   -1,   -1,   -3,    0,    0,   -1,   -6,   -5,   -4,   -4,    0,   -3,   -4,   -2,   -5,   -3,   -5,   -4,   -6,    1,   -1,   -5,   -3,   -4,   -4,   -2,   -5,   -5,   -3,   -6,   -1,   -3,   -6,   -5,   -6,    0,    0,   -3,    0,    0,   -2,    0,
       0,    0,   -2,   -1,    0,   -1,   -1,    0,   -1,    0,    0,    0,   -1,    0,    0,    0,   -1,    0,    0,    0,   -3,   -1,   -2,   -2,    0,   -3,    0,   -2,    0,    0,    0,    0,    0,    0,    0,    0,    0,    0,    0,    0,    0,    0,    0,    0,    0,    0,    0,    0,   -1,    0,    0,    0,    0,    0,    0,   -1,   -1,   -1,    0,   -1,    0,   -1,   -1,    0,    0,   -1,    0,    0,    0,    0,    0,    0,    0,    0,    0,    0,    0,    0,    0,    0,    0,    0,    0,    0,    0,    0,    0,    0,    0,    0,    0,    0,    0,    0,    0,    0,    0,    0,    0,    0,    0,    0,    0,    0,    0,   -3,    0,    0,    0,    0,    0,    0,    0,    0,    0,    0,    0,    0,    0,    0,    0,    0,    0,    0,    0,    0,    0,    0,   -1,   -1,   -1,   -1,    0,   -2,   -1,    0,    0,
       0,    0,    0,   -1,    0,    0,    0,   -1,    0,   -1,    0,    0,   -1,    0,   -2,    0,    0,   -1,   -1,    0,    0,    0,   -1,    0,   -1,   -1,    0,    0,    0,    0,    0,    0,    0,    0,    0,    0,    0,    0,    0,    0,    0,    0,    0,    0,    0,    0,    0,    0,    0,    0,    0,    0,    0,    0,    0,    0,   -1,    0,    0,    0,    0,    0,   -1,    0,    0,    0,    0,    0,    0,    0,    0,    0,    0,    0,    0,    0,    0,    0,    0,    0,    0,    0,    0,    0,    0,    0,    0,    0,    0,    0,    0,    0,    0,    0,    0,    0,    0,    0,    0,    0,    0,    0,    0,    0,    0,    0,    0,    0,    0,    0,    0,    0,    0,    0,    0,    0,    0,    0,    0,    0,    0,    0,    0,    0,    0,    0,    0,    0,    0,    0,    0,    0,   -1,    0,    0,    0,    0,
       0,    0,    0,    0,    0,   -1,    0,   -1,    0,   -1,    0,    0,    0,    0,    0,    0,    0,    0,    0,    0,    0,    0,    0,    0,    0,    0,    0,    0,    0,    0,    0,    0,    0,    0,    0,    0,    0,    0,    0,    0,    0,    0,    0,    0,    0,    0,    0,   -1,    0,    0,    0,    0,    0,    0,    0,    0,    0,    0,    0,    0,    0,    0,   -1,    0,    0,    0,    0,    0,    0,    0,    0,    0,    0,    0,    0,    0,    0,    0,    0,    0,    0,    0,    0,    0,    0,    0,    0,    0,    0,    0,    0,    0,    0,    0,    0,    0,    0,    0,    0,    0,    0,    0,    0,    0,    0,    0,    0,    0,    0,    0,    0,    0,    0,    0,    0,    0,    0,    0,    0,    0,    0,    0,    0,    0,    0,    0,    0,    0,    0,    0,    0,    0,   -1,    0,    0,    0,    0,
      -1,    1,    1,   -1,    0,    2,    0,   -2,   -2,   -2,    0,   -1,    1,    0,   -2,    0,    0,   -1,    0,    0,    1,    0,    1,    1,    1,    1,    0,    0,    2,    0,   -1,    1,   -1,   -1,   -1,   -1,    1,    0,    0,    1,   -1,   -1,   -1,   -1,   -1,   -1,   -1,   -1,   -1,   -1,    0,    0,    2,    0,    0,    0,   -2,    0,    0,    0,    0,    0,   -2,    0,    0,    0,   -1,   -1,   -1,   -1,   -1,   -1,   -1,    0,    0,    0,    0,    0,   -1,   -1,   -1,   -1,   -1,    1,   -1,   -1,   -1,   -1,   -1,   -1,   -1,   -1,    1,    0,    0,    0,    0,    0,    0,    0,    0,   -1,   -1,   -1,   -1,    1,   -1,   -1,   -1,   -1,   -1,   -1,   -1,   -1,    0,    0,   -1,   -1,   -1,   -1,   -1,   -1,   -1,   -1,   -1,    0,    3,   -1,   -1,   -2,    0,    1,   -2,    0,    0,    0,    0,
      -1,    0,    0,    0,    0,    0,    0,   -1,   -1,   -1,    0,    0,    0,    0,    0,    0,    0,    0,    0,    0,    0,    0,    0,    0,    0,    0,    0,    0,    0,    0,    0,    0,   -1,   -1,    0,    0,    0,    0,    0,    0,    0,    0,    0,    0,    0,    0,    0,    0,    0,    0,    0,    0,    0,    0,    0,    0,   -1,    1,    0,    0,    0,    0,    0,    0,    0,    0,    0,    0,    0,    0,   -1,   -1,   -1,    0,    0,    0,    0,    0,   -1,   -1,   -1,   -1,    0,    0,    0,    0,   -1,   -1,   -1,   -1,    0,    0,    0,    0,    0,    0,    0,    0,    0,    0,    0,   -1,    0,    0,    0,    0,    0,    0,    0,    0,    0,    0,   -1,   -1,    0,    0,   -1,    0,    0,    0,    0,    0,    0,   -1,   -1,    0,   -1,   -1,    0,   -1,    1,    0,   -1,    0,    0,    0,    0,
       0,    0,   -3,    0,    0,   -1,   -1,    0,    0,    0,    0,    0,   -2,    0,   -1,   -1,    0,   -1,   -1,    0,   -3,   -1,   -3,   -2,   -1,   -4,   -1,   -3,   -1,    0,    0,    0,    0,    0,    0,    0,    0,    0,    0,    0,    0,    0,    0,    0,    0,   -1,   -1,   -1,   -1,   -1,    0,    0,   -1,    0,    0,    0,    0,   -1,    0,    0,    0,    0,   -1,    0,    0,    0,    0,    0,    0,    0,    0,    0,    0,    0,    0,    0,    0,    0,    0,    0,    0,    0,    0,    0,    0,    0,    0,    0,    0,    0,    0,    0,    0,   -1,    0,    0,    0,    0,    0,    0,    0,    0,    0,    0,    0,   -3,    0,   -1,   -1,    0,    0,    0,    0,    0,    0,    0,    0,    0,    0,    0,    0,    0,    0,    0,    0,    0,    0,    0,   -1,    0,   -2,   -2,    0,   -2,   -1,    0,    0,
       0,    0,    0,   -1,    0,    0,    0,    0,   -1,    0,    0,    0,   -1,    0,    0,    0,   -1,    0,    0,    0,   -1,   -1,    0,    0,    0,    0,    0,   -1,    0,    0,    0,    0,    0,    0,    0,    0,    0,    0,    0,    0,    0,    0,    0,    0,    0,   -1,   -1,    0,   -1,    0,    0,    0,    0,    0,    0,    0,   -1,    0,    0,   -1,    0,    0,   -1,    0,    0,   -1,    0,    0,    0,    0,    0,    0,    0,    0,    0,    0,    0,    0,    0,    0,    0,    0,    0,    0,    0,    0,    0,    0,    0,    0,    0,    0,    0,    0,    0,    0,    0,    0,    0,    0,    0,    0,    0,    0,    0,   -1,    0,    0,    0,    0,    0,    0,    0,    0,    0,    0,    0,    0,    0,    0,    0,    0,    0,    0,    0,    0,    0,    0,   -1,   -1,    0,    0,    0,   -1,   -1,    0,    0,
       0,    0,   -1,    0,    0,    0,   -2,    0,   -1,    0,    0,    0,    0,    0,    0,    0,   -1,    0,    0,    0,   -3,   -1,   -3,   -2,    0,   -3,    0,   -2,    1,    0,    0,    0,    0,    0,    0,    0,    0,    0,    0,    0,    0,    0,    0,    0,    0,   -1,   -1,   -1,   -1,    0,    0,    0,    1,    0,    0,   -1,   -1,   -1,    0,   -1,    0,   -1,    0,    0,    0,   -1,    0,    0,    0,    0,    0,    0,    0,    0,    0,    0,    0,    0,    0,    0,    0,    0,    0,    0,    0,    0,    0,    0,    0,    0,    0,    0,    0,    0,    0,    0,    0,    0,    0,    0,    0,    0,    0,    0,    0,   -3,    0,    0,    0,    0,    0,    0,    0,    0,    0,    0,    0,    0,    0,    0,    0,    0,    0,    0,    0,    0,    0,    0,   -1,   -1,   -2,   -2,    0,   -2,   -2,    0,    0,
       0,    0,   -1,    0,    0,    0,   -1,    0,   -1,    0,    0,    0,    0,    0,    0,    0,   -1,    0,    0,    0,   -3,   -1,   -3,   -2,    0,   -3,    0,   -2,    1,    0,    0,    0,    0,    0,    0,    0,    0,    0,    0,    0,    0,    0,    0,    0,    0,   -1,   -1,   -1,   -1,    0,    0,    0,    0,    0,    0,   -1,   -1,   -1,    0,   -1,    0,   -1,    0,    0,    0,   -1,    0,    0,    0,    0,    0,    0,    0,    0,    0,    0,    0,    0,    0,    0,    0,    0,    0,    0,    0,    0,    0,    0,    0,    0,    0,    0,    0,    0,    0,    0,    0,    0,    0,    0,    0,    0,    0,    0,    0,   -3,    0,    0,    0,    0,    0,    0,    0,    0,    0,    0,    0,    0,    0,    0,    0,    0,    0,    0,    0,    0,    0,    0,   -1,   -1,   -3,   -1,    0,   -2,   -2,    0,    0,
       0,    0,    0,    0,    0,    1,   -1,    0,    0,    0,    0,    0,    0,    0,   -1,   -1,    0,    0,   -1,   -1,   -3,   -1,   -3,   -2,   -1,   -4,   -1,   -2,    1,    0,    0,    0,    0,    0,    0,    0,    0,    0,    0,    0,    0,    0,    0,    0,    0,   -1,   -1,   -1,   -1,   -1,    0,    0,    2,    0,    0,    0,    0,   -1,    0,    0,    0,    0,   -1,    0,    0,    0,    0,    0,    0,    0,    0,    0,    0,    0,    0,    0,    0,    0,    0,    0,    0,    0,    0,    0,    0,    0,    0,    0,    0,    0,    0,    0,    0,   -1,    0,    0,    0,    0,    0,    0,    0,    0,    0,    0,    0,   -3,    0,   -1,   -1,    0,    0,    0,    0,    0,    0,    0,    0,    0,    0,    0,    0,    0,    0,    0,    0,    0,    0,    0,   -1,    0,   -2,   -1,    0,   -2,   -1,    0,    0,
       0,    0,    0,    0,    0,    1,   -1,    0,    0,    0,    0,    0,    0,    0,   -1,   -1,    0,    0,   -1,   -1,   -3,   -1,   -3,   -2,   -1,   -4,   -1,   -2,    1,    0,    0,    1,    0,    0,    0,    0,    1,    0,    0,    1,    0,    0,    0,    0,    0,   -1,   -1,   -1,   -1,   -1,    0,    0,    1,    0,    0,    0,    0,   -1,    0,    0,    0,    0,   -1,    0,    0,    0,    0,    0,    0,    0,    0,    0,    0,    0,    0,    0,    0,    0,    0,    0,    0,    0,    0,    1,    0,    0,    0,    0,    0,    0,    0,    0,    1,   -1,    0,    0,    0,    0,    0,    0,    0,    0,    0,    0,    0,   -3,    0,   -1,   -1,    0,    0,    0,    0,    0,    0,    0,    0,    0,    0,    0,    0,    0,    0,    0,    0,    0,    0,    0,   -1,    0,   -2,    0,    0,   -2,   -1,    0,    0,
       0,    0,   -1,    0,    0,    0,   -1,    0,    0,    0,    0,    0,   -1,    0,   -1,   -1,    0,   -1,   -1,    0,   -3,   -1,   -3,   -2,   -1,   -4,   -1,   -3,    1,    0,    0,    0,    0,    0,    0,    0,    0,    0,    0,    0,    0,    0,    0,    0,    0,   -1,   -1,   -1,   -1,   -1,    0,    0,    1,    0,    0,    0,    0,   -1,    0,    0,    0,    0,   -1,    0,    0,    0,    0,    0,    0,    0,    0,    0,    0,    0,    0,    0,    0,    0,    0,    0,    0,    0,    0,    0,    0,    0,    0,    0,    0,    0,    0,    0,    0,   -1,    0,    0,    0,    0,    0,    0,    0,    0,    0,    0,    0,   -3,    0,   -1,   -1,    0,    0,    0,    0,    0,    0,    0,    0,    0,    0,    0,    0,    0,    0,    0,    0,    0,    0,    0,   -1,    0,   -2,   -2,    0,   -2,   -1,    0,    0,
       0,    0,   -1,    0,    0,    0,   -1,    0,    0,    0,    0,    0,   -1,    0,   -1,   -1,    0,   -1,   -1,    0,   -3,   -1,   -3,   -2,   -1,   -4,   -1,   -3,    0,    0,    0,    0,    0,    0,    0,    0,    0,    0,    0,    0,    0,    0,    0,    0,    0,   -1,   -1,   -1,   -1,   -1,    0,    0,    0,    0,    0,    0,    0,   -1,    0,    0,    0,    0,   -1,    0,    0,    0,    0,    0,    0,    0,    0,    0,    0,    0,    0,    0,    0,    0,    0,    0,    0,    0,    0,    0,    0,    0,    0,    0,    0,    0,    0,    0,    0,   -1,    0,    0,    0,    0,    0,    0,    0,    0,    0,    0,    0,   -3,    0,   -1,   -1,    0,    0,    0,    0,    0,    0,    0,    0,    0,    0,    0,    0,    0,    0,    0,    0,    0,    0,    0,   -1,    0,   -2,   -1,    0,   -2,   -1,    0,    0,
      -1,    1,    1,   -1,    0,    2,    0,   -2,   -2,   -2,    0,   -1,    1,    0,   -2,    0,    0,   -1,    0,    0,    1,    0,    1,    1,    1,    1,    0,    0,    2,    0,   -1,    1,   -1,   -1,   -1,   -1,    1,    0,    0,    1,   -1,   -1,   -1,   -1,   -1,   -1,   -1,   -1,   -1,   -1,    0,    0,    2,    0,    0,    0,   -2,    0,    0,    0,    0,    0,   -2,    0,    0,    0,   -1,   -1,   -1,   -1,   -1,   -1,   -1,    0,    0,    0,    0,    0,   -1,   -1,   -1,   -1,   -1,    1,   -1,   -1,   -1,   -1,   -1,   -1,   -1,   -1,    1,    1,    0,    0,    0,    0,    0,    0,    0,   -1,   -1,   -1,   -1,    1,   -1,   -1,   -1,   -1,   -1,   -1,   -1,   -1,    0,    0,   -1,   -1,   -1,   -1,   -1,   -1,   -1,   -1,   -1,    0,    3,   -1,   -1,   -2,    0,    1,   -2,    0,    0,    0,    0,
      -1,    0,    0,    0,    0,    0,    0,   -1,   -1,   -1,    0,    0,    0,    0,    0,    0,    0,    0,    0,    0,    0,    0,    0,    0,    0,    0,    0,    0,    0,    0,    0,    0,   -1,   -1,    0,    0,    0,    0,    0,    0,    0,    0,    0,    0,    0,    0,    0,    0,    0,    0,    0,    0,    0,    0,    0,    0,   -1,    1,    0,    0,    0,    0,    0,    0,    0,    0,    0,    0,    0,    0,   -1,   -1,   -1,    0,    0,    0,    0,    0,   -1,   -1,   -1,   -1,    0,    0,    0,    0,   -1,   -1,   -1,   -1,    0,    0,    0,    0,    1,    0,    0,    0,    0,    0,    0,   -1,    0,    0,    0,    0,    0,    0,    0,    0,    0,    0,   -1,   -1,    0,    0,   -1,    0,    0,    0,    0,    0,    0,   -1,   -1,    0,   -1,   -1,    0,   -1,    1,    0,   -1,    0,    0,    0,    0,
       0,    0,   -3,    0,    0,   -2,   -3,   -1,    0,   -1,    0,   -1,    0,    0,   -2,   -1,    0,   -2,   -1,    0,   -3,   -1,   -3,   -2,   -2,   -3,   -2,    0,   -2,    0,   -1,    0,    0,    0,   -1,    0,   -1,   -1,   -1,   -1,   -1,   -1,    0,   -1,   -1,   -1,   -1,   -2,   -2,   -1,    0,    0,   -2,    0,    0,    0,    0,    0,    0,    0,    0,    0,   -1,    0,   -2,    0,   -1,   -1,   -1,   -1,    0,    0,    0,   -1,   -1,   -1,   -1,    0,    0,    0,    0,    0,   -1,   -1,   -1,   -1,    0,    0,    0,    0,    0,    0,   -1,   -1,   -1,   -1,   -1,   -1,   -1,    0,    0,    0,   -1,    0,    0,   -6,   -1,   -1,   -1,    0,   -1,   -1,    0,    0,   -1,   -1,    0,   -1,   -1,   -1,   -1,   -1,   -1,    0,    0,   -1,    0,    0,   -2,    0,   -3,   -3,   -1,    0,    0,    0,   -3,
      -1,    0,    0,   -1,    0,    0,    0,   -4,   -3,   -4,    0,   -1,    0,    0,   -3,    0,    0,   -2,    0,    0,    0,    0,    1,    1,    0,    1,    0,    0,    0,    0,   -2,    0,   -2,   -2,   -1,   -2,    0,    0,    0,    0,   -1,   -1,   -1,   -1,    0,    0,    0,    0,    0,   -1,   -1,    0,    0,   -1,    0,    0,   -3,    0,    0,    0,    0,    0,   -1,   -3,   -3,    0,   -2,   -2,   -2,   -2,   -2,   -3,   -3,    1,    0,    1,    1,   -1,   -3,   -2,   -2,   -2,    0,    1,   -2,   -2,   -2,   -2,   -2,   -2,   -3,   -3,    0,    0,    0,    0,    0,    0,    1,    0,    0,   -2,   -1,   -1,   -1,    0,   -1,   -1,   -1,   -3,    0,   -2,   -1,   -2,    3,    0,   -2,    1,   -1,    0,    0,   -2,   -2,   -1,   -2,    0,   -1,   -2,    0,   -3,    0,    0,   -4,    0,    0,    0,    0,
      -1,    0,    0,   -1,   -1,    0,    0,   -4,   -4,   -4,    0,   -1,    0,    0,   -3,    0,   -1,   -2,    0,    0,    0,    0,    0,    0,    0,    0,    0,    0,    0,    0,   -2,    0,   -2,   -3,   -1,   -2,    0,    0,    0,    0,   -2,   -2,   -2,   -1,   -1,   -1,   -1,   -1,   -1,   -1,   -1,    0,    0,   -2,    0,    0,   -3,    0,    0,    0,    0,    0,   -2,   -3,   -3,   -1,   -2,   -3,   -3,   -2,   -3,   -3,   -3,    1,    0,    1,    1,   -1,   -4,   -4,   -4,   -2,   -1,    1,   -3,   -3,   -4,   -4,   -4,   -4,   -3,   -3,    1,    0,    1,    0,    0,    0,    1,    0,    0,   -2,   -3,   -2,   -2,    0,   -1,   -1,   -1,   -3,   -1,   -3,   -2,   -4,    2,    0,   -2,   -1,   -3,   -1,   -1,   -3,   -3,   -2,   -4,    0,   -2,   -2,   -1,   -4,    0,    0,   -4,    0,    0,    0,    0,
      -1,    0,   -3,    0,   -1,   -1,   -4,    0,   -1,    0,    0,    0,   -1,    0,    0,    0,   -1,    0,    0,    0,   -3,   -2,   -3,   -3,    0,   -3,    0,   -3,   -1,    0,    0,    0,    0,    0,    0,    0,    0,    0,   -1,    0,    0,   -1,    0,   -1,   -1,   -2,   -2,    0,   -2,    0,   -1,    0,   -1,   -1,   -1,    0,   -1,   -4,    0,   -1,    0,    0,    0,    0,    0,   -1,    0,    0,    0,    0,    0,    0,    0,    0,    0,    0,    0,    0,    0,    0,    0,    0,   -1,    0,    0,    0,    0,    0,    0,    0,    0,    0,    0,    0,    0,    0,    0,    0,   -1,    0,    0,    0,    0,    0,    0,   -3,   -1,    0,    0,    0,    0,    0,    0,    0,    0,    0,    0,    0,    0,   -1,    0,    0,    0,    0,    0,    0,    0,    0,   -2,   -1,   -4,   -4,    0,    0,    0,    0,   -4,
       0,    0,    0,    0,    0,    0,    0,    0,    0,    0,    0,    0,    0,    0,   -1,    0,    0,    0,    0,   -1,   -2,    0,   -2,   -1,   -1,   -2,    0,    0,    0,    0,    0,    0,    0,    0,    0,    0,    0,    0,    0,    0,    0,    0,    0,    0,   -1,   -1,   -1,   -1,   -1,   -1,    0,    0,    0,    0,    0,    0,    0,    0,    0,    0,    0,    0,    0,    0,    0,    0,    0,    0,    0,    0,    0,    0,    0,    0,    0,    0,    0,    0,    0,    0,    0,    0,   -1,    0,    0,    0,    0,    0,    0,    0,    0,    0,    0,    0,    0,    0,    0,    0,    0,    0,    0,    0,    0,    0,    0,   -2,    0,   -1,   -1,    0,    0,    0,    0,    0,    0,    0,    0,    0,    0,   -1,    0,    0,    0,    0,    0,    0,    0,    0,   -1,    0,    0,    0,    0,    0,    0,    0,    0,
      -1,    0,    0,   -1,   -1,    1,    0,   -4,   -4,   -4,    0,   -2,    0,    0,    0,    0,    0,    0,    0,    0,    0,    0,    0,    0,    0,    0,    0,    0,    1,    0,    0,    0,    0,    0,    0,    0,    0,    0,    0,    0,    0,    0,    0,    0,    0,    0,    0,    0,    0,    0,   -1,    0,    1,   -2,   -1,    0,   -3,    0,    0,    0,    0,    0,   -2,   -3,    0,    0,    0,    0,    0,    0,    0,    0,    0,    0,    0,    0,    0,    0,    0,    0,    0,    0,    0,    0,    0,    0,    0,    0,    0,    0,    0,    0,    0,    0,    0,    0,    0,    0,    0,    0,    0,    0,    0,    0,    0,    0,    0,    0,    0,    0,    0,    0,    0,    0,    0,    0,    0,    0,    0,    0,    0,    0,    0,    0,    0,    0,    0,    0,    0,   -4,    0,    0,   -4,    0,    0,    0,    0,
};

static const EpdLigaturePair newsreader_13_boldLigaturePairs[] = {
    { 0x00660066, 0xFB00 }, // f f -> U+FB00
    { 0x00660069, 0xFB01 }, // f i -> U+FB01
    { 0x0066006C, 0xFB02 }, // f l -> U+FB02
    { 0xFB000069, 0xFB03 }, // U+FB00 i -> U+FB03
    { 0xFB00006C, 0xFB04 }, // U+FB00 l -> U+FB04
};

static const EpdFontData newsreader_13_bold = {
    newsreader_13_boldBitmaps,
    newsreader_13_boldGlyphs,
    newsreader_13_boldIntervals,
    51,
    27,
    20,
    -8,
    true,
    newsreader_13_boldGroups,
    11,
    newsreader_13_boldKernLeftClasses,
    newsreader_13_boldKernRightClasses,
    newsreader_13_boldKernMatrix,
    429,
    438,
    124,
    137,
    newsreader_13_boldLigaturePairs,
    5,
};
