/**
 * generated by fontconvert.py
 * name: newsreader_18_bolditalic
 * size: 18
 * mode: 2-bit  compressed: true
 * Command used: fontconvert.py newsreader_18_bolditalic 18 ../builtinFonts/source/Newsreader/NewsreaderText-BoldItalic.ttf --2bit --compress --force-autohint
 */
#pragma once
#include "EpdFontData.h"

static const uint8_t newsreader_18_bolditalicBitmaps[33062] = {
    0xBD, 0x5A, 0xBF, 0xAF, 0xDE, 0xD6, 0x79, 0x3E, 0x24, 0x13, 0x11, 0x35, 0x53, 0xD3, 0x43, 0x87,
    0x54, 0x8E, 0xC5, 0x8C, 0x41, 0x20, 0x89, 0x1E, 0x02, 0xD4, 0x40, 0xAF, 0x44, 0xD6, 0x1E, 0x0D,
    0xD4, 0x59, 0xDA, 0xA5, 0x4B, 0x86, 0x4E, 0x19, 0x22, 0x0F, 0x6E, 0xAB, 0xA2, 0x37, 0x22, 0x1D,
    0x0D, 0x19, 0xB2, 0x08, 0xE8, 0x3F, 0xE0, 0xA1, 0x28, 0xEC, 0x2B, 0x14, 0xD2, 0xE0, 0xC1, 0x40,
    0xAF, 0x4D, 0x3A, 0x1A, 0x32, 0x64, 0x28, 0xA5, 0x0C, 0x19, 0x0C, 0x34, 0x4C, 0x22, 0xD4, 0x85,
    0x5B, 0x40, 0x0C, 0xCA, 0x36, 0xDF, 0xB5, 0xF9, 0xF1, 0xF4, 0x79, 0x9E, 0xF7, 0x7C, 0xDF, 0xBD,
    0xFA, 0x91, 0xA5, 0x43, 0xAF, 0xAD, 0x8F, 0xDF, 0x77, 0x48, 0x9E, 0xF3, 0x9E, 0xF7, 0xE7, 0xF3,
    0xBE, 0xEF, 0x71, 0xAE, 0xAB, 0x5D, 0xB5, 0xB8, 0xD4, 0xB7, 0xAE, 0x9B, 0x5D, 0xEE, 0x9D, 0xF3,
    0xA3, 0xCB, 0x17, 0x17, 0x61, 0xA0, 0x98, 0x5C, 0xB4, 0x3A, 0x57, 0xF6, 0x2E, 0xDE, 0x38, 0x57,
    0x39, 0x97, 0x8C, 0xCE, 0x1D, 0xE0, 0xD2, 0x3A, 0xF7, 0xB2, 0x3B, 0xF3, 0x97, 0x0D, 0x2E, 0xF1,
    0xB5, 0x6B, 0x66, 0x97, 0xF1, 0x32, 0xE9, 0xF9, 0x7C, 0xA9, 0xA6, 0x6A, 0xF4, 0xAD, 0x4F, 0x96,
    0x64, 0x29, 0xC6, 0x62, 0x68, 0xEA, 0x2E, 0x5E, 0xE2, 0x39, 0x1B, 0xF2, 0xBE, 0x72, 0x57, 0xDC,
    0xEC, 0xA6, 0xA4, 0xE7, 0xDB, 0xE7, 0xDC, 0x77, 0xF0, 0x79, 0xC0, 0x1F, 0xF1, 0x70, 0x09, 0x5F,
    0x73, 0x37, 0xE1, 0xF3, 0xFD, 0xAC, 0x76, 0x2E, 0xED, 0xB1, 0x9E, 0xBB, 0x12, 0x0F, 0xCE, 0x45,
    0x53, 0xC1, 0x7B, 0xF5, 0x0C, 0x12, 0xF1, 0x37, 0x9E, 0xBB, 0xF3, 0xD9, 0x7A, 0x54, 0xBB, 0x0B,
    0x11, 0x1F, 0x9E, 0xF3, 0xFD, 0xC3, 0x97, 0xF0, 0xF0, 0xB9, 0xA3, 0xF5, 0xCE, 0x67, 0x75, 0x85,
    0xC7, 0x16, 0xE7, 0x0E, 0x39, 0x73, 0xA2, 0x99, 0x0B, 0xCD, 0x3C, 0x9F, 0x99, 0x39, 0x79, 0x7C,
    0x66, 0x77, 0x98, 0xF6, 0xB6, 0xA7, 0xB7, 0x5E, 0xE1, 0xC6, 0x32, 0x7E, 0x9D, 0xF8, 0x52, 0x81,
    0x9D, 0xB9, 0xC6, 0x83, 0x41, 0xD5, 0x71, 0xB3, 0x71, 0xF9, 0xCF, 0x6E, 0xFA, 0x3E, 0xDE, 0xBC,
    0xF5, 0x77, 0x8B, 0xAB, 0x5E, 0xCF, 0xF2, 0x3A, 0x9D, 0xF9, 0x54, 0xF7, 0xA7, 0xCF, 0xE3, 0xA5,
    0xF5, 0x3E, 0x26, 0xED, 0x16, 0xCC, 0x9F, 0xFA, 0x7B, 0xE0, 0x55, 0xE5, 0x31, 0x73, 0xEC, 0xC1,
    0x51, 0xF0, 0x07, 0x0C, 0x75, 0xA5, 0x07, 0x7F, 0xE2, 0x47, 0x1E, 0x4B, 0x1D, 0x54, 0x18, 0x48,
    0x6E, 0x82, 0xE9, 0xEE, 0xAD, 0xBF, 0xC6, 0xD7, 0x3C, 0x2B, 0xF0, 0x75, 0xFC, 0xCD, 0xD6, 0xB9,
    0x97, 0x5E, 0x2A, 0xFA, 0xEC, 0xC1, 0x8F, 0xEF, 0xCD, 0xCE, 0x1F, 0x1E, 0xDC, 0x80, 0x6C, 0x6E,
    0xDE, 0x69, 0x31, 0x97, 0xC7, 0xE4, 0xD7, 0x48, 0x8C, 0x1B, 0xF1, 0xA4, 0xBB, 0x78, 0x11, 0x1F,
    0xC9, 0x3D, 0xE3, 0x24, 0xDE, 0x72, 0xDF, 0xC0, 0x93, 0xB8, 0x71, 0xC5, 0xE5, 0xE3, 0xD6, 0x2E,
    0x65, 0x8B, 0x4B, 0x36, 0x65, 0xA3, 0xBB, 0xE4, 0x92, 0x4D, 0xB2, 0x71, 0x97, 0x5D, 0xBC, 0xB8,
    0x15, 0x17, 0xE7, 0x5D, 0x53, 0xE3, 0x52, 0xB5, 0x65, 0x8F, 0x4B, 0x3E, 0xE4, 0x23, 0x58, 0x91,
    0x4C, 0x99, 0x38, 0xB2, 0xA4, 0x73, 0xE1, 0xBE, 0x5B, 0x97, 0x3F, 0x9C, 0x8B, 0xC8, 0x2F, 0x89,
    0xC7, 0x65, 0x5B, 0xB6, 0xE7, 0x6F, 0xE5, 0xD1, 0x36, 0x9D, 0x28, 0xA6, 0x35, 0x5A, 0x78, 0xE9,
    0x5C, 0x43, 0xF6, 0x71, 0x12, 0x5C, 0x0A, 0x4C, 0x82, 0x4B, 0x36, 0xA5, 0xD0, 0xA7, 0x3A, 0x59,
    0xB0, 0x14, 0xF8, 0xBD, 0xE2, 0xBF, 0xAC, 0x75, 0x65, 0xEB, 0x79, 0x49, 0xA7, 0x8E, 0x17, 0x08,
    0x52, 0x97, 0xEC, 0x84, 0xD4, 0x47, 0xDD, 0x43, 0x5E, 0x72, 0xB1, 0x08, 0x24, 0x75, 0xDC, 0xA3,
    0x77, 0x15, 0xB6, 0x16, 0xD9, 0x25, 0x06, 0xB9, 0x76, 0xE9, 0x5A, 0x5E, 0xFE, 0x04, 0xD2, 0xC0,
    0xE5, 0xE6, 0xC2, 0xB7, 0xFD, 0x23, 0x8A, 0x09, 0x53, 0xF2, 0x35, 0x28, 0x73, 0x0A, 0xD9, 0x47,
    0xDD, 0x86, 0x8F, 0x16, 0x8F, 0x16, 0x92, 0xB8, 0xE6, 0xAB, 0xFB, 0xD0, 0xA5, 0x4B, 0xEA, 0xEB,
    0xC5, 0xE5, 0x73, 0xE2, 0xFB, 0xD9, 0x95, 0x93, 0xF3, 0x0F, 0x46, 0x57, 0x4D, 0xAE, 0xFB, 0x6D,
    0xCF, 0x4B, 0x45, 0x09, 0x4F, 0xAE, 0x00, 0x11, 0xD5, 0x46, 0x06, 0x51, 0xFA, 0x9A, 0xC2, 0xCF,
    0xA9, 0x75, 0x3D, 0x14, 0xDD, 0x8F, 0x14, 0xDF, 0xB5, 0xCF, 0x49, 0x7D, 0xBE, 0xE4, 0x9B, 0x7C,
    0xCA, 0xA7, 0x62, 0x28, 0xFB, 0xB2, 0xA6, 0x5A, 0x53, 0xAB, 0xDC, 0xB7, 0x1D, 0x99, 0x8B, 0xAD,
    0xC5, 0xA0, 0xE9, 0x18, 0x53, 0xC8, 0x46, 0x22, 0xB3, 0x22, 0xB0, 0x07, 0x3C, 0x71, 0x55, 0x0D,
    0x99, 0x80, 0x28, 0xA8, 0x56, 0x6F, 0x03, 0xAD, 0x4B, 0xA0, 0x28, 0x20, 0x94, 0xDC, 0xC5, 0x85,
    0xB7, 0x6F, 0xE0, 0x17, 0xA4, 0x79, 0xD5, 0x8C, 0xAF, 0xA2, 0xB2, 0x92, 0xE5, 0x8E, 0x8A, 0x9C,
    0x62, 0xA7, 0xAF, 0xEC, 0x6C, 0xF0, 0x6B, 0xB8, 0x35, 0xEC, 0x6F, 0xD1, 0x1C, 0x30, 0x65, 0x06,
    0x6E, 0x7D, 0xA8, 0xB5, 0xDD, 0x47, 0xB8, 0x8C, 0x5A, 0x0E, 0xEB, 0x3B, 0x68, 0x46, 0x01, 0x82,
    0x16, 0x59, 0x37, 0x34, 0x42, 0x12, 0x84, 0xB9, 0x63, 0xBC, 0x6C, 0xB5, 0x3E, 0x9F, 0x00, 0x41,
    0x93, 0xE6, 0x29, 0x69, 0x2F, 0x5A, 0xFA, 0x10, 0xD3, 0x9C, 0x35, 0x7D, 0xCC, 0x7C, 0xD7, 0xB5,
    0x07, 0xEE, 0x46, 0x0E, 0x65, 0x07, 0x03, 0xFD, 0x26, 0xF1, 0x27, 0x70, 0x06, 0xC9, 0x17, 0x43,
    0x3C, 0x7D, 0xE0, 0x6E, 0x81, 0x9E, 0x18, 0x44, 0xBC, 0x80, 0x47, 0xFF, 0xD0, 0x69, 0x1F, 0xE2,
    0x10, 0xA6, 0x71, 0x1B, 0x9A, 0xA2, 0x36, 0x74, 0xFE, 0xF6, 0xE7, 0xEF, 0x41, 0xB1, 0xB7, 0x5C,
    0x44, 0x34, 0x93, 0x7C, 0xEE, 0xA4, 0x0C, 0xAF, 0x34, 0xAE, 0x58, 0x62, 0xDF, 0x97, 0x8B, 0xF3,
    0x3D, 0xA8, 0xAD, 0x5C, 0x3A, 0xE0, 0xF5, 0x2B, 0xAE, 0xA8, 0xF1, 0xC6, 0xD7, 0x29, 0xA2, 0xC9,
    0xFB, 0x7B, 0x98, 0xA0, 0xB8, 0xEF, 0x7F, 0xEA, 0xAB, 0xA5, 0x1B, 0x3F, 0x14, 0x75, 0xE7, 0xA8,
    0x0B, 0xB2, 0x68, 0xDA, 0xB9, 0xA4, 0xA1, 0x5D, 0x68, 0x61, 0xE7, 0x3E, 0x70, 0x81, 0x14, 0x4C,
    0x15, 0x56, 0x72, 0x85, 0x74, 0x90, 0xEF, 0xE5, 0xAD, 0x33, 0x6A, 0x9C, 0xFC, 0x14, 0xF9, 0xFF,
    0xD4, 0x0C, 0xC7, 0x8F, 0xCF, 0x70, 0xF9, 0x19, 0x33, 0x90, 0x0C, 0x7F, 0x8B, 0xBE, 0x00, 0x0E,
    0x00, 0xAA, 0x0B, 0x8D, 0xEA, 0xFA, 0x4C, 0x9A, 0xD7, 0xF4, 0x19, 0xF6, 0xCC, 0x4D, 0xB9, 0x66,
    0xA8, 0x66, 0x97, 0x6E, 0x53, 0xDC, 0x6D, 0x06, 0x98, 0x78, 0xB6, 0x2D, 0xC0, 0x77, 0xFF, 0x00,
    0xEF, 0xC0, 0x91, 0xCE, 0x50, 0xEF, 0x7B, 0x54, 0xC5, 0x0D, 0x9C, 0x6B, 0xE2, 0x5F, 0x87, 0x14,
    0x9B, 0xA9, 0xC3, 0x53, 0x6B, 0xC6, 0xA7, 0xFA, 0xAE, 0xC7, 0x2D, 0x7C, 0x4D, 0x64, 0x20, 0xDD,
    0x90, 0x2C, 0xAE, 0xC0, 0x0A, 0x43, 0x82, 0x07, 0x7D, 0x04, 0xE5, 0x4D, 0xE4, 0x7D, 0xE8, 0xE5,
    0xF5, 0xF7, 0x97, 0xDC, 0xD9, 0x86, 0x26, 0x37, 0xD3, 0xB3, 0x41, 0xF0, 0x1E, 0x1F, 0xE5, 0x09,
    0x1C, 0xC7, 0xDF, 0x92, 0x1A, 0xFC, 0x96, 0x9D, 0xE1, 0x71, 0x3A, 0x76, 0x47, 0xB2, 0xB0, 0x18,
    0xB7, 0x44, 0x17, 0x43, 0xD2, 0x5C, 0xC9, 0x8F, 0x8A, 0x5C, 0xA8, 0xC8, 0x8F, 0x86, 0x1F, 0x74,
    0x3C, 0x8E, 0x0E, 0xEA, 0x19, 0xEF, 0x47, 0xD7, 0xC0, 0x05, 0xBA, 0xE4, 0x9A, 0xB7, 0x07, 0x79,
    0xC4, 0x41, 0xBE, 0x9C, 0x1E, 0x12, 0xC6, 0x9A, 0x0D, 0x05, 0xDE, 0x82, 0x05, 0x6E, 0xDD, 0x45,
    0x3E, 0x91, 0x70, 0xEB, 0xD4, 0x1C, 0xCE, 0xE5, 0x8A, 0x8D, 0x6C, 0x9D, 0xD4, 0xD3, 0x07, 0xC0,
    0x7E, 0x29, 0x93, 0xAD, 0x6C, 0x9D, 0x1F, 0x25, 0x07, 0x33, 0xC9, 0x68, 0xA6, 0x31, 0x20, 0xA6,
    0xC1, 0x5B, 0x52, 0x60, 0x90, 0xC2, 0x47, 0x64, 0x00, 0xA6, 0x51, 0x40, 0x10, 0x0D, 0xB4, 0xE6,
    0x89, 0x83, 0x72, 0x36, 0x54, 0x51, 0x48, 0xA9, 0x0D, 0xDE, 0x27, 0x27, 0x65, 0xB9, 0x68, 0x1A,
    0x0B, 0x0F, 0xF1, 0x63, 0x3B, 0x30, 0x2E, 0xEC, 0xF3, 0x2E, 0x49, 0xC2, 0xBA, 0xFC, 0x88, 0xB9,
    0x38, 0x23, 0x9D, 0x2D, 0xDB, 0x79, 0xB9, 0x7A, 0xDE, 0x31, 0x3E, 0x77, 0xD3, 0x8E, 0x55, 0xA9,
    0xF9, 0x29, 0x2E, 0xD2, 0x8D, 0xE2, 0x1A, 0x4C, 0x0B, 0x02, 0x9B, 0xA5, 0xD6, 0x75, 0xB9, 0x81,
    0x02, 0x33, 0x46, 0x74, 0xEB, 0x4E, 0x61, 0x6E, 0xC9, 0x05, 0x8E, 0x2E, 0xB0, 0x13, 0xE4, 0x6B,
    0xCF, 0x9A, 0xB7, 0x12, 0x07, 0xBF, 0xE0, 0x9C, 0xE9, 0xCF, 0xF9, 0x59, 0xBC, 0xC1, 0x4D, 0x1C,
    0x92, 0x32, 0x84, 0xB2, 0x85, 0x1A, 0x8F, 0x29, 0xA1, 0x87, 0x94, 0xCE, 0xA1, 0xE2, 0xF1, 0x88,
    0x85, 0xFF, 0x20, 0xA3, 0x07, 0xDB, 0x94, 0xFC, 0x9C, 0x2A, 0xC5, 0xD0, 0xC6, 0x7C, 0x1A, 0xF5,
    0x66, 0x47, 0xA6, 0x89, 0xD9, 0xE4, 0x6C, 0xD4, 0x47, 0xDD, 0xAA, 0xF8, 0x27, 0x42, 0x4C, 0x79,
    0xAA, 0x53, 0xD1, 0x65, 0xA2, 0xBC, 0xE2, 0x34, 0x31, 0x4D, 0xD8, 0x34, 0xDF, 0x6C, 0x42, 0x46,
    0xE7, 0x72, 0x6D, 0xA6, 0xDB, 0x68, 0x1B, 0x16, 0xFE, 0xBC, 0xF8, 0xA5, 0x1D, 0x68, 0x24, 0x12,
    0xDB, 0x88, 0x40, 0xF8, 0x39, 0x68, 0xA4, 0xDE, 0xF1, 0x99, 0x8E, 0x89, 0x52, 0xAF, 0xE1, 0x8C,
    0xA8, 0xD8, 0x13, 0x65, 0x5D, 0x8D, 0x74, 0x99, 0x8D, 0xB4, 0xE9, 0x45, 0x7F, 0xEB, 0xAC, 0x4B,
    0x72, 0xDF, 0xD3, 0xFB, 0x63, 0x90, 0x68, 0xCA, 0x47, 0x62, 0xD3, 0x3A, 0xB2, 0xAF, 0xE1, 0xF4,
    0x05, 0x57, 0x4A, 0xB5, 0x53, 0x71, 0x56, 0x2A, 0x9C, 0xAE, 0xE7, 0xD6, 0xDA, 0xF9, 0x9F, 0x83,
    0x24, 0xAA, 0xC7, 0x1C, 0xF9, 0x87, 0x19, 0x9C, 0x0E, 0x0C, 0x09, 0xC1, 0xAF, 0x86, 0x0E, 0xE0,
    0xA9, 0x7C, 0x21, 0xAF, 0xF4, 0xB5, 0x80, 0xAB, 0xE3, 0xC4, 0x30, 0xE4, 0x6A, 0x02, 0xBD, 0x50,
    0xC6, 0x7C, 0xE3, 0x08, 0x80, 0x86, 0x72, 0x30, 0x8B, 0xC2, 0x27, 0x63, 0xDA, 0x5B, 0xE2, 0xAB,
    0x27, 0x7B, 0xC8, 0xF0, 0xB6, 0xDC, 0x29, 0xDF, 0x96, 0x3B, 0xF0, 0x3D, 0x1D, 0xFD, 0x5D, 0xFA,
    0xC3, 0x4B, 0xEE, 0x02, 0xA5, 0x17, 0xD7, 0xC1, 0xC7, 0xC8, 0x23, 0xE5, 0xBD, 0x29, 0xB5, 0x93,
    0x13, 0x57, 0xB8, 0x70, 0x8A, 0x14, 0xF2, 0xE6, 0x4E, 0x91, 0xD1, 0x65, 0xF3, 0xB3, 0xCC, 0xC3,
    0xEF, 0x37, 0x58, 0x4A, 0x4F, 0xFD, 0xCE, 0x1F, 0x3D, 0x94, 0x3F, 0x92, 0xC3, 0xC7, 0xEB, 0x0D,
    0xDD, 0x3D, 0xA3, 0xF6, 0xC4, 0x19, 0xBD, 0x03, 0x04, 0xC9, 0x47, 0xC4, 0x5C, 0xDC, 0x85, 0xD9,
    0x21, 0x2E, 0xF9, 0x09, 0x43, 0x99, 0xFF, 0x84, 0x21, 0x48, 0x6A, 0x20, 0xBE, 0x77, 0x14, 0xF7,
    0x47, 0x29, 0xA6, 0xA9, 0xDA, 0xDC, 0xF7, 0x98, 0xA0, 0x5C, 0x22, 0xF9, 0x23, 0xCC, 0x99, 0x2E,
    0x0C, 0x2B, 0x55, 0x8F, 0xB7, 0xF1, 0x15, 0xA3, 0x1D, 0x90, 0x01, 0x17, 0xE9, 0x5A, 0x78, 0x3C,
    0x53, 0x95, 0xA8, 0x53, 0xE0, 0x2F, 0x57, 0xA9, 0xC3, 0x86, 0x42, 0x87, 0x27, 0x63, 0x54, 0x75,
    0xBE, 0xE5, 0x0F, 0xD8, 0xDC, 0x28, 0xA6, 0xE7, 0xF4, 0x6D, 0xD0, 0xCF, 0xC8, 0x7F, 0x4C, 0x67,
    0x39, 0x01, 0x6A, 0x96, 0x9B, 0x1C, 0x81, 0x79, 0x1B, 0x93, 0xA3, 0xA0, 0xEA, 0x04, 0x70, 0xCC,
    0x8F, 0x66, 0x5E, 0xE4, 0x5D, 0x39, 0xEF, 0x9C, 0x86, 0x2C, 0x56, 0x1F, 0xFA, 0xA9, 0x1B, 0xCD,
    0x18, 0xDC, 0xD3, 0x35, 0xAE, 0x5D, 0x9D, 0xD1, 0x9F, 0xB2, 0xCD, 0xB7, 0x50, 0x9E, 0x02, 0xA2,
    0xEA, 0xD3, 0xF1, 0x31, 0xBD, 0xFA, 0x10, 0x33, 0x03, 0xE0, 0xFA, 0x09, 0x26, 0x52, 0xB6, 0x26,
    0x0E, 0x70, 0x03, 0x68, 0x10, 0x4F, 0x93, 0xD7, 0x37, 0xDC, 0x53, 0x7F, 0x5B, 0xF1, 0x1F, 0x8A,
    0x5D, 0xDA, 0x23, 0xE0, 0x4C, 0x3E, 0x30, 0xA4, 0x27, 0xF6, 0xFF, 0xA0, 0xF0, 0x14, 0xCC, 0x3E,
    0xDE, 0x8B, 0x97, 0xFB, 0x48, 0xA9, 0xD6, 0xE5, 0x36, 0x28, 0x11, 0x91, 0xB5, 0xBB, 0x46, 0x7E,
    0x55, 0x7B, 0x05, 0x16, 0x0C, 0x0A, 0x6A, 0xAC, 0xBD, 0x69, 0x5F, 0x41, 0xCF, 0x33, 0x0D, 0x5C,
    0xDA, 0x41, 0x74, 0x70, 0xE9, 0x07, 0x47, 0x47, 0x47, 0xAD, 0x7B, 0xC6, 0x5F, 0x84, 0x1B, 0xB7,
    0xBC, 0x0C, 0xF9, 0xAB, 0x01, 0xCF, 0x07, 0x93, 0x41, 0x1C, 0x72, 0x3B, 0x9E, 0xD9, 0xB4, 0x67,
    0x57, 0xF3, 0x3B, 0xAF, 0x49, 0xB4, 0xA4, 0x58, 0x22, 0xCF, 0x77, 0x6D, 0x1B, 0xEC, 0xCF, 0x69,
    0x8A, 0xEB, 0x67, 0x56, 0xC2, 0x33, 0x0C, 0x45, 0xA9, 0x7F, 0x75, 0x84, 0x7A, 0x7C, 0xE0, 0x6A,
    0xA1, 0x81, 0x2B, 0x41, 0xD5, 0x6F, 0x18, 0xC3, 0x5E, 0x84, 0xDA, 0xC1, 0x21, 0x94, 0xA0, 0x87,
    0xDA, 0x56, 0x9D, 0x18, 0xCC, 0x79, 0x13, 0xFF, 0xBE, 0xF3, 0x38, 0xE1, 0x24, 0x94, 0xD2, 0xE6,
    0xD2, 0x74, 0xB7, 0xDC, 0x7E, 0x69, 0x5B, 0x84, 0xD7, 0xBA, 0x65, 0x4E, 0xCD, 0x1C, 0x17, 0x31,
    0x26, 0x2D, 0x83, 0x5A, 0x09, 0x5F, 0x22, 0xEC, 0x23, 0x6C, 0x23, 0x9B, 0x02, 0xE2, 0xB1, 0xF7,
    0xCA, 0x1A, 0x5F, 0xCF, 0xDF, 0x7A, 0x0F, 0x58, 0x6D, 0xA1, 0x17, 0x18, 0x73, 0xE0, 0xBA, 0x64,
    0x85, 0x3B, 0x5C, 0xE0, 0x7E, 0x90, 0xCD, 0xF4, 0x59, 0x4F, 0x3D, 0x80, 0x3E, 0x1D, 0xE7, 0x08,
    0xDF, 0x60, 0x4A, 0xFE, 0xF1, 0x86, 0x2A, 0x3F, 0xBB, 0xA5, 0xAC, 0x4B, 0xA0, 0x4A, 0x97, 0xDF,
    0x84, 0x71, 0x83, 0x9E, 0x68, 0xAE, 0xF8, 0xE4, 0xD6, 0x95, 0xC9, 0x94, 0xAE, 0x70, 0xE1, 0xC9,
    0x58, 0x41, 0xB2, 0xB7, 0x17, 0xCE, 0x95, 0xF9, 0xE3, 0xAE, 0x2F, 0x11, 0xA1, 0x1A, 0x9F, 0x2D,
    0x45, 0x9F, 0xE0, 0xC5, 0xA1, 0x02, 0xD3, 0xAA, 0x16, 0xD1, 0xE4, 0xCE, 0xAD, 0x40, 0x1F, 0x35,
    0x77, 0xD8, 0xF1, 0x2E, 0x5C, 0x2D, 0xE8, 0x41, 0x50, 0xF9, 0x26, 0xC4, 0xBD, 0xF2, 0xC4, 0x7D,
    0x59, 0x5E, 0xF3, 0x1A, 0x36, 0xAB, 0x5D, 0xBF, 0xE8, 0x4F, 0x9E, 0x92, 0xF2, 0xBB, 0x76, 0x31,
    0x7C, 0x6C, 0x5E, 0xD6, 0x51, 0x79, 0xE5, 0x43, 0x56, 0x53, 0x7E, 0xF9, 0x0A, 0x57, 0x28, 0x98,
    0xBB, 0xFC, 0x0D, 0xD1, 0x90, 0xDD, 0xB3, 0xE8, 0xD0, 0x7B, 0x83, 0x41, 0x8A, 0xF9, 0xC9, 0xA4,
    0x08, 0x11, 0xCD, 0xB2, 0x22, 0xF8, 0x2E, 0x59, 0xDE, 0x62, 0xA8, 0xE0, 0x43, 0x0B, 0x25, 0xD5,
    0xD1, 0x6D, 0xBE, 0xC2, 0x50, 0x33, 0x09, 0xCB, 0xD1, 0x08, 0xF3, 0x5A, 0x90, 0x80, 0xD0, 0x88,
    0x30, 0xA7, 0x17, 0xCC, 0x06, 0x9C, 0x63, 0xDC, 0x49, 0x64, 0x95, 0x7D, 0x4A, 0x64, 0xE2, 0x37,
    0x05, 0xEF, 0x2B, 0x3C, 0x35, 0x16, 0xA6, 0x33, 0x7F, 0x87, 0x5A, 0x05, 0x2F, 0x06, 0xF3, 0x67,
    0x84, 0x62, 0x78, 0xC2, 0x3F, 0x4E, 0x8B, 0x75, 0x49, 0x10, 0x21, 0xFB, 0x22, 0x58, 0xC2, 0x7B,
    0xD8, 0x06, 0x89, 0xC5, 0xEA, 0xA4, 0xCE, 0x8F, 0xA4, 0x35, 0xF2, 0x9F, 0x77, 0x96, 0x8E, 0x51,
    0xDD, 0x13, 0xDF, 0x22, 0xC0, 0x93, 0x5C, 0x7C, 0xE3, 0xCC, 0x04, 0x2E, 0x48, 0x13, 0x08, 0x50,
    0x30, 0x1F, 0x2F, 0xE5, 0xA2, 0xD0, 0x8D, 0x99, 0x19, 0x84, 0x89, 0xD2, 0x2C, 0xC7, 0xA5, 0xCE,
    0x73, 0xE6, 0x0D, 0x4C, 0xE0, 0xF3, 0x8E, 0x7A, 0x8A, 0x29, 0xFF, 0x7D, 0xC7, 0x6C, 0x50, 0x7D,
    0xAE, 0xF3, 0xC7, 0x66, 0x78, 0x3D, 0x36, 0x57, 0xA7, 0x82, 0x67, 0xF0, 0xE6, 0xB2, 0xA3, 0x45,
    0xBA, 0x9A, 0xB5, 0x8A, 0xB0, 0xAF, 0x08, 0x24, 0x25, 0xAD, 0x10, 0xC3, 0x0B, 0x16, 0x7A, 0x23,
    0x13, 0x45, 0x25, 0xF9, 0x24, 0x06, 0xDC, 0x9A, 0xD9, 0x34, 0x5A, 0x12, 0x34, 0x19, 0xED, 0x7E,
    0xCC, 0xFB, 0xC7, 0x22, 0xE6, 0xF3, 0x88, 0x27, 0x9A, 0xE0, 0x82, 0x32, 0x18, 0x78, 0x19, 0xCE,
    0x43, 0xD7, 0x3C, 0xD3, 0x9D, 0xC7, 0x26, 0x91, 0x9D, 0x89, 0x80, 0xBD, 0xC1, 0x0F, 0x9B, 0xA9,
    0x74, 0x53, 0x4C, 0x3E, 0x2B, 0xE6, 0x0D, 0xE2, 0xB0, 0xE6, 0xEA, 0x26, 0x2D, 0x10, 0x18, 0x25,
    0x76, 0x93, 0x7A, 0xD9, 0xDD, 0xAC, 0xE1, 0xC0, 0x35, 0x49, 0x9F, 0xE4, 0x15, 0xC6, 0x3A, 0x3E,
    0x92, 0xAF, 0x46, 0x1E, 0x87, 0xF1, 0xC8, 0x93, 0xC3, 0x14, 0x53, 0x60, 0xB4, 0x33, 0x09, 0x98,
    0x38, 0x67, 0x69, 0x09, 0x97, 0xE7, 0x52, 0xD8, 0x0B, 0x1D, 0x0C, 0xE8, 0xBE, 0x43, 0xC2, 0xAA,
    0x9D, 0xB6, 0x9B, 0x59, 0xD8, 0x05, 0xEE, 0x34, 0xF5, 0x41, 0xE3, 0xD6, 0xA3, 0xDB, 0x1B, 0x8B,
    0x7A, 0x37, 0x0C, 0x88, 0x42, 0xF9, 0x38, 0x17, 0x71, 0x49, 0xA7, 0x98, 0x2B, 0xBE, 0x7C, 0x4D,
    0x8B, 0x1D, 0x44, 0x7A, 0xF4, 0x79, 0x43, 0x5B, 0x99, 0x92, 0xCF, 0x41, 0xC8, 0xBF, 0xD1, 0x6C,
    0x9C, 0x6E, 0x36, 0x64, 0x74, 0x60, 0x60, 0x29, 0x37, 0x54, 0x97, 0xB6, 0x42, 0xBE, 0x51, 0x1F,
    0xE4, 0x90, 0x18, 0x36, 0x26, 0x7C, 0x5D, 0x95, 0x3B, 0x70, 0x65, 0xA8, 0xB6, 0x56, 0x9E, 0xA4,
    0x34, 0x70, 0x42, 0xD8, 0xC4, 0xD1, 0xED, 0x45, 0xB8, 0xD4, 0x87, 0xB0, 0x6C, 0xC8, 0xC9, 0xB9,
    0x7A, 0xB7, 0xA5, 0x73, 0x76, 0xB9, 0x2C, 0x12, 0x18, 0x30, 0x33, 0x7F, 0x74, 0xB4, 0xB5, 0x1D,
    0x1D, 0x1B, 0x87, 0x0E, 0x4D, 0x08, 0x07, 0xB6, 0xE6, 0x81, 0x6D, 0xE8, 0x1B, 0xE2, 0xDC, 0x2D,
    0x89, 0x32, 0x92, 0x1F, 0x1E, 0xB5, 0x11, 0xDB, 0x0F, 0x2C, 0xE0, 0x4E, 0x6B, 0x16, 0x50, 0x8B,
    0x2D, 0xB9, 0x6D, 0xE7, 0x82, 0x81, 0xBF, 0x4B, 0xA7, 0x7B, 0x2C, 0xCC, 0x07, 0x95, 0x76, 0xA9,
    0x82, 0xAB, 0x98, 0xDD, 0xA9, 0xFA, 0x19, 0xE2, 0x87, 0x05, 0x68, 0xB0, 0x32, 0x34, 0x6D, 0x7F,
    0xEF, 0xC8, 0x1F, 0x3D, 0xB2, 0xAA, 0xC9, 0x56, 0x91, 0x2C, 0x9B, 0x4D, 0x0A, 0xBD, 0x69, 0x87,
    0xC5, 0x92, 0x03, 0x8B, 0xD7, 0x93, 0x6C, 0x20, 0xEA, 0xC3, 0x62, 0x06, 0x36, 0x0D, 0x91, 0xEE,
    0x56, 0xDE, 0x8D, 0x89, 0x3F, 0x08, 0xB9, 0xC0, 0x0C, 0x0B, 0x27, 0xBA, 0xE6, 0xDF, 0x96, 0x3A,
    0xCC, 0xBC, 0x05, 0x2E, 0x4B, 0x7B, 0x56, 0x99, 0x01, 0x88, 0x6D, 0x66, 0x71, 0x1E, 0x5C, 0x27,
    0xDB, 0x68, 0x00, 0x98, 0xCD, 0xAF, 0x7F, 0x4E, 0xCA, 0x3B, 0x1F, 0x00, 0xE4, 0xAA, 0x39, 0xBF,
    0x7B, 0xF4, 0xAE, 0xFB, 0xE6, 0xD1, 0x7B, 0xA4, 0x78, 0xB6, 0x22, 0x0D, 0x5F, 0x91, 0x55, 0x71,
    0x4E, 0x51, 0x93, 0x07, 0xFE, 0x9B, 0x42, 0xAE, 0x81, 0x3D, 0x82, 0x17, 0x9C, 0x58, 0xE4, 0x53,
    0x0B, 0x44, 0x33, 0x95, 0x4C, 0xFC, 0xE2, 0x62, 0x96, 0x21, 0x0D, 0x16, 0xDC, 0x23, 0xC9, 0x7D,
    0x70, 0x41, 0x01, 0x7A, 0x5B, 0x46, 0xFA, 0x9F, 0xEE, 0xD6, 0xB4, 0xC5, 0x9D, 0x2D, 0xF3, 0x8C,
    0x35, 0xB7, 0x61, 0xCD, 0x62, 0x97, 0x89, 0x69, 0xCD, 0xE6, 0xC9, 0x35, 0x29, 0x9C, 0xC8, 0x40,
    0xFA, 0x4A, 0x18, 0xBF, 0xDB, 0xA9, 0x76, 0x69, 0xF3, 0xE6, 0xCF, 0x4A, 0xED, 0x76, 0x93, 0x59,
    0x22, 0xF3, 0x78, 0x6A, 0x97, 0x3C, 0x91, 0x1A, 0xEE, 0x27, 0x79, 0xE2, 0x7D, 0x11, 0xB2, 0x4F,
    0x0D, 0xCF, 0xED, 0xA8, 0xB0, 0x42, 0x8D, 0x16, 0x58, 0xF7, 0x5A, 0xA4, 0xE9, 0x82, 0xCE, 0x3D,
    0x35, 0x20, 0x1A, 0x9E, 0x31, 0xD0, 0xEE, 0x73, 0x95, 0xE6, 0x99, 0x03, 0x16, 0x9E, 0x24, 0x1E,
    0x79, 0xDC, 0x6F, 0x13, 0x23, 0xA7, 0x63, 0x41, 0xF7, 0xF0, 0x6F, 0xAB, 0x8C, 0x5B, 0x2E, 0xEF,
    0xA1, 0x29, 0x2D, 0xF9, 0x72, 0x1E, 0x20, 0x09, 0x2E, 0x04, 0xCE, 0x6F, 0xA7, 0x00, 0x3B, 0xFA,
    0x37, 0x61, 0xEE, 0xAB, 0xC1, 0x3F, 0x17, 0xB5, 0x6D, 0xD6, 0x8A, 0x04, 0xBE, 0x8D, 0xA7, 0xE0,
    0x8B, 0x37, 0x06, 0xB9, 0x02, 0x20, 0x04, 0x9A, 0xAC, 0x2D, 0xA7, 0x52, 0xA2, 0x28, 0xD9, 0x9B,
    0x5E, 0x7B, 0x1F, 0xFC, 0xF6, 0x6B, 0xE6, 0xED, 0x9B, 0xA9, 0xDC, 0x86, 0x57, 0xBD, 0x55, 0xB3,
    0xC6, 0xCC, 0xF6, 0xBC, 0x35, 0xAF, 0x1E, 0x13, 0xE5, 0x0E, 0xC6, 0x5D, 0x06, 0x2E, 0xB1, 0xC4,
    0x07, 0x26, 0xB3, 0x00, 0x23, 0x29, 0x20, 0x83, 0x16, 0xAF, 0x53, 0x2F, 0xB8, 0x35, 0x26, 0xE6,
    0xC0, 0x24, 0x74, 0xBC, 0xB6, 0x9E, 0xE6, 0x5A, 0x66, 0x59, 0xC6, 0x2F, 0x33, 0x36, 0x4B, 0x53,
    0x83, 0x5D, 0x5B, 0x58, 0x31, 0x93, 0x94, 0x78, 0x83, 0x08, 0x42, 0x70, 0x32, 0x1A, 0x6D, 0x0E,
    0x93, 0x8A, 0x65, 0x18, 0x26, 0x05, 0x05, 0x8F, 0x37, 0x25, 0xA8, 0xEB, 0xA2, 0xFE, 0x50, 0x0B,
    0xDD, 0xD0, 0x42, 0x95, 0x45, 0xD3, 0x16, 0xB1, 0xF3, 0xA8, 0xEB, 0x55, 0x5B, 0x33, 0xDE, 0x98,
    0x5B, 0xF9, 0x12, 0xFE, 0x9D, 0x3F, 0x7A, 0x47, 0x44, 0x2B, 0x5E, 0x29, 0xFB, 0x55, 0xC0, 0x9E,
    0x48, 0xE3, 0x24, 0xEE, 0x49, 0x7C, 0xA2, 0x9C, 0x78, 0x40, 0x13, 0xFC, 0x33, 0xE8, 0x8B, 0x1F,
    0x71, 0x3F, 0x39, 0x75, 0xEF, 0xFB, 0x2A, 0x66, 0xFC, 0x9A, 0x55, 0x94, 0x6B, 0x24, 0xF0, 0x0A,
    0x88, 0x8D, 0x7F, 0x2D, 0xE5, 0xBD, 0x87, 0xCF, 0x43, 0xE9, 0xE7, 0x75, 0xA2, 0x86, 0xD7, 0xB8,
    0xB1, 0x1C, 0x44, 0xC5, 0xA3, 0x14, 0x67, 0xC2, 0xAE, 0x0F, 0xB5, 0x9D, 0xCB, 0x60, 0x49, 0x2E,
    0x86, 0x24, 0xF0, 0x4E, 0xF1, 0x28, 0x6E, 0x1D, 0x82, 0x05, 0x87, 0x62, 0x43, 0x56, 0x17, 0x4B,
    0x6E, 0x3C, 0x42, 0x16, 0xF8, 0xE3, 0x51, 0x9B, 0xBF, 0x00, 0x89, 0x1D, 0x4A, 0xFB, 0x11, 0x6B,
    0xFC, 0x2F, 0x8C, 0x6D, 0x07, 0xA0, 0x71, 0x90, 0x5A, 0x66, 0x48, 0xA9, 0x16, 0x63, 0xD6, 0xBE,
    0xE8, 0xCE, 0x70, 0x12, 0xE2, 0x67, 0x26, 0x14, 0x93, 0x7A, 0xE6, 0x5C, 0x40, 0x18, 0x94, 0x21,
    0x0D, 0x8F, 0xE2, 0x3B, 0x7F, 0xC4, 0x3D, 0xD7, 0xB8, 0xD1, 0x1A, 0x2F, 0x88, 0x9D, 0xBB, 0xC5,
    0xCA, 0x65, 0x15, 0x06, 0x19, 0x8D, 0x2E, 0x30, 0xE5, 0x27, 0xA4, 0x7A, 0x63, 0xAB, 0x6A, 0xA0,
    0xF6, 0x4A, 0x18, 0x3E, 0xE1, 0x06, 0xFD, 0xFB, 0x75, 0xAC, 0xC2, 0x17, 0x0E, 0x60, 0x1E, 0x0C,
    0x09, 0x39, 0xA8, 0xE2, 0x0B, 0x29, 0x92, 0x1F, 0xBE, 0x10, 0x0F, 0xD8, 0xF3, 0x81, 0x4A, 0x89,
    0xCD, 0x74, 0x41, 0x18, 0x3E, 0x5F, 0x19, 0x12, 0x2F, 0x81, 0xF7, 0xF7, 0xF4, 0x82, 0x6B, 0x7E,
    0x23, 0x8E, 0xE0, 0xC6, 0xFB, 0xA0, 0x6D, 0xC4, 0x8D, 0xC5, 0x6A, 0x8F, 0x92, 0xCB, 0x01, 0x05,
    0x52, 0x93, 0x11, 0x2E, 0x70, 0xC9, 0x90, 0x7A, 0xF6, 0xD0, 0x70, 0x2B, 0x8B, 0x18, 0x01, 0xE2,
    0x22, 0x12, 0xD6, 0x16, 0x65, 0x07, 0x53, 0xF4, 0x51, 0x56, 0x8B, 0x0B, 0x93, 0xD6, 0xA6, 0x37,
    0x50, 0x20, 0xA4, 0x04, 0x6F, 0x28, 0x4E, 0x6D, 0xC5, 0xBA, 0x6A, 0x96, 0xEA, 0xF9, 0xFB, 0xE6,
    0x91, 0xDE, 0x30, 0xF7, 0x6C, 0x7E, 0x6B, 0xB6, 0x0A, 0xD3, 0x4F, 0x4C, 0x71, 0xCC, 0x43, 0xB2,
    0x78, 0x86, 0xB1, 0x8F, 0xCD, 0x4C, 0xE4, 0x59, 0x3B, 0x02, 0x79, 0x4A, 0xA7, 0x9C, 0xA4, 0xC8,
    0xC8, 0xAD, 0xB8, 0x76, 0xD3, 0x6B, 0xED, 0x6E, 0x48, 0x43, 0xD5, 0x7F, 0x14, 0xA6, 0x36, 0x27,
    0x81, 0x9F, 0x9F, 0x3F, 0x86, 0x46, 0x2B, 0x73, 0xC6, 0x01, 0x10, 0xB1, 0x7E, 0x52, 0x9A, 0x70,
    0x31, 0xA1, 0x2E, 0xB3, 0x8C, 0x87, 0x70, 0x67, 0x2B, 0x51, 0x53, 0x59, 0x4C, 0x13, 0x22, 0xAF,
    0xED, 0xC5, 0xFE, 0x33, 0x86, 0xC8, 0xC4, 0x00, 0x4D, 0x88, 0x7A, 0x56, 0x88, 0x09, 0xC6, 0xF9,
    0x7F, 0x8F, 0xC5, 0xA7, 0xEC, 0xED, 0xC5, 0xDE, 0x66, 0x50, 0x26, 0x87, 0x0B, 0xB7, 0xE8, 0x05,
    0x47, 0x99, 0xC5, 0x2C, 0x5A, 0x98, 0x6C, 0xCB, 0x97, 0xF4, 0x29, 0xF6, 0xA6, 0xFE, 0x75, 0x05,
    0xA0, 0x6D, 0x88, 0x6B, 0x3B, 0xF6, 0xD6, 0x7B, 0xF6, 0x36, 0xF3, 0x63, 0xEC, 0x4D, 0x1F, 0x67,
    0xAF, 0x45, 0x27, 0xEA, 0x25, 0xD3, 0xE1, 0x21, 0xB0, 0x40, 0xE9, 0xA2, 0x81, 0xB5, 0x10, 0x0F,
    0xA4, 0xCB, 0xBC, 0x18, 0xF5, 0x5D, 0x80, 0xB7, 0x01, 0xFF, 0xDA, 0x0E, 0x2B, 0xFF, 0x79, 0xAB,
    0x64, 0x45, 0xCF, 0x44, 0x7F, 0x16, 0x84, 0xC2, 0x6D, 0x9E, 0x11, 0xCA, 0xE6, 0xAC, 0x50, 0x72,
    0x13, 0x4A, 0x1E, 0xAA, 0xFA, 0xDB, 0x7D, 0x8A, 0x00, 0xA1, 0x88, 0x0D, 0xA3, 0x98, 0xE8, 0xA9,
    0xF7, 0x04, 0x48, 0x04, 0xC4, 0x04, 0x48, 0x16, 0xE5, 0x2C, 0x1B, 0x37, 0xFD, 0xF5, 0x7A, 0xFE,
    0x34, 0xF9, 0x28, 0x1E, 0x4F, 0x3E, 0x6C, 0xE6, 0x4C, 0x05, 0x5A, 0x03, 0x1C, 0x23, 0x11, 0xCB,
    0x39, 0x79, 0xE2, 0x51, 0x42, 0x51, 0xE4, 0x02, 0xD2, 0xA1, 0x64, 0x8E, 0x15, 0x0C, 0xC0, 0x91,
    0x1A, 0x49, 0x0F, 0x32, 0xFF, 0xB2, 0x65, 0x7E, 0x3A, 0x33, 0xB1, 0xCF, 0x6B, 0xDA, 0xC9, 0x5D,
    0xC2, 0xE1, 0xD4, 0x6C, 0xC9, 0x79, 0x8B, 0xB5, 0x16, 0xB6, 0x56, 0x51, 0xB8, 0x51, 0x86, 0x3B,
    0x28, 0xCF, 0xD0, 0xCD, 0x7D, 0xAF, 0x0A, 0x74, 0x3C, 0xA7, 0x92, 0x10, 0x50, 0x6E, 0x31, 0xC1,
    0xE3, 0x44, 0x2B, 0x41, 0x63, 0xD5, 0x23, 0x69, 0x4E, 0xB1, 0x02, 0xBB, 0x45, 0x99, 0x12, 0xAB,
    0xF3, 0x82, 0xFF, 0xC2, 0xAF, 0xEE, 0x9D, 0x52, 0xC5, 0xEC, 0x80, 0x4A, 0x9A, 0xA3, 0x6E, 0xBD,
    0xBD, 0xE4, 0x03, 0x41, 0x62, 0xBB, 0x21, 0xE5, 0x9B, 0x92, 0x4C, 0xCC, 0x5E, 0xEB, 0xA9, 0x29,
    0x77, 0x5F, 0xE6, 0xF6, 0xD3, 0x7D, 0xD0, 0xA8, 0xE6, 0x33, 0xA0, 0xCD, 0xB6, 0x99, 0xAF, 0x67,
    0xA0, 0x9B, 0x29, 0x6F, 0x48, 0x66, 0x9E, 0xF5, 0xF0, 0xD9, 0xCC, 0xE7, 0x19, 0x0F, 0x17, 0xFA,
    0x51, 0x84, 0x16, 0x8F, 0x57, 0x84, 0x83, 0x87, 0xC2, 0x5B, 0xF1, 0x89, 0xAD, 0x91, 0xF4, 0x36,
    0xE3, 0x85, 0x60, 0x22, 0xD3, 0x53, 0xC3, 0x9A, 0xF6, 0x7D, 0x17, 0xFC, 0xF9, 0xEF, 0x1A, 0x96,
    0xBF, 0x2E, 0x82, 0xD5, 0x7D, 0xF0, 0xF8, 0x70, 0x7E, 0x3A, 0x4C, 0xB2, 0x93, 0xC1, 0xB6, 0x5F,
    0x5A, 0x8D, 0x26, 0x52, 0x45, 0xDD, 0xCA, 0x38, 0x70, 0x72, 0xE9, 0x62, 0xA5, 0xCE, 0x50, 0x35,
    0xF3, 0x56, 0xB0, 0xF6, 0xB6, 0xAB, 0x50, 0xB8, 0x24, 0xE4, 0x84, 0x73, 0x6F, 0x20, 0xCC, 0xD8,
    0x0B, 0xC4, 0x2A, 0x3C, 0xD6, 0x8C, 0x98, 0xBA, 0x6C, 0x74, 0x89, 0x27, 0xCB, 0x24, 0x7A, 0x31,
    0x25, 0x6F, 0xE5, 0xA9, 0x4A, 0x83, 0x38, 0x57, 0x4C, 0x06, 0x4A, 0x9C, 0xFB, 0x48, 0x85, 0xC7,
    0x3E, 0x31, 0xB0, 0x96, 0x29, 0x3D, 0xE9, 0x0B, 0x2B, 0x05, 0x5E, 0xB1, 0x8B, 0x3A, 0x1F, 0xFE,
    0xBE, 0x61, 0x8C, 0x9F, 0x49, 0x38, 0xDD, 0x27, 0xA2, 0xA9, 0x7B, 0x64, 0x02, 0xD9, 0x9E, 0x2D,
    0x0F, 0x04, 0x07, 0xD3, 0x58, 0xCD, 0xA0, 0x6A, 0xF7, 0x54, 0xBF, 0xEB, 0x9E, 0x3B, 0xFA, 0x7B,
    0xEE, 0xA6, 0x82, 0x0E, 0x9F, 0x90, 0x74, 0x36, 0x24, 0x36, 0x34, 0x15, 0x01, 0x24, 0xAB, 0x79,
    0x2D, 0x4C, 0x7F, 0x64, 0x0F, 0x3D, 0xB6, 0xA4, 0x32, 0xDE, 0xC2, 0x0D, 0x60, 0xE8, 0xAA, 0x1F,
    0x22, 0x22, 0x17, 0x97, 0xFD, 0x62, 0xCB, 0x5D, 0x60, 0x08, 0xBE, 0x45, 0x49, 0x9C, 0xBB, 0x02,
    0x7D, 0x60, 0x43, 0x6C, 0x4A, 0x7B, 0x3F, 0x14, 0xB2, 0xBD, 0x29, 0xDF, 0x26, 0xCA, 0x1C, 0x2F,
    0x43, 0xAE, 0xD7, 0xE9, 0x23, 0xD3, 0x3E, 0xDF, 0xE6, 0xAA, 0x98, 0xCD, 0xEA, 0xE4, 0x61, 0xE8,
    0x32, 0x14, 0x89, 0xC1, 0xAB, 0xFB, 0x14, 0x5A, 0xFA, 0x1F, 0x04, 0xD2, 0x2B, 0x3D, 0xB0, 0x9C,
    0x0C, 0x93, 0x76, 0xA1, 0x03, 0x66, 0x99, 0x52, 0x34, 0xBA, 0x4B, 0xB9, 0xCC, 0x3D, 0xCA, 0x56,
    0xC5, 0xB4, 0xDB, 0x55, 0x51, 0xB3, 0x7D, 0xA9, 0xAB, 0xDB, 0x61, 0xC4, 0xF7, 0x76, 0x18, 0x71,
    0x08, 0x18, 0xB1, 0xB7, 0x7A, 0x2C, 0x03, 0xC1, 0xB1, 0x30, 0xD4, 0xA8, 0xD6, 0x15, 0x43, 0x7B,
    0x66, 0x48, 0x69, 0x8E, 0x43, 0xBA, 0xDE, 0x7E, 0x60, 0x3C, 0x5C, 0xAE, 0x5A, 0xC9, 0xCF, 0x3F,
    0xB2, 0x7A, 0x95, 0xC1, 0x97, 0x5D, 0xA1, 0x5C, 0x8F, 0x86, 0x4E, 0x74, 0xB5, 0xEC, 0x4A, 0x78,
    0xF6, 0x44, 0xF2, 0x28, 0xE4, 0x8B, 0x1B, 0xC3, 0x70, 0xEE, 0xAA, 0x75, 0x07, 0xC0, 0xD1, 0xCA,
    0x80, 0xDC, 0x60, 0xD5, 0xB7, 0xC8, 0xB0, 0x05, 0x50, 0x50, 0x98, 0xB5, 0xA8, 0xAD, 0x91, 0xA0,
    0xB2, 0x19, 0xF3, 0x74, 0xE5, 0x32, 0xB4, 0x22, 0x76, 0x3A, 0x61, 0x4A, 0x94, 0x69, 0x7C, 0xF4,
    0x0F, 0x5E, 0xC8, 0xA3, 0xA5, 0xF0, 0xA1, 0x44, 0x9D, 0xBA, 0xC9, 0xCA, 0x5E, 0x47, 0x69, 0xE0,
    0x65, 0xF1, 0x29, 0xB2, 0x04, 0xBF, 0x30, 0xEB, 0xB4, 0x3C, 0x41, 0x19, 0x2C, 0xDB, 0xAA, 0x34,
    0xDC, 0xD7, 0x55, 0x2E, 0xF4, 0xC7, 0x2E, 0xB0, 0xFB, 0x34, 0x7A, 0xD9, 0x46, 0x92, 0x90, 0xC8,
    0x2D, 0x67, 0x3C, 0xC0, 0xB3, 0xC7, 0xDA, 0xB3, 0xCE, 0xC1, 0xEA, 0x9C, 0x3E, 0x30, 0x25, 0x14,
    0x17, 0xBD, 0x3A, 0x39, 0x11, 0xD2, 0x63, 0xDC, 0x48, 0x36, 0x42, 0x88, 0x29, 0x3D, 0xAF, 0x4A,
    0x4C, 0xEC, 0x9B, 0xE4, 0x56, 0xE4, 0xBA, 0xE8, 0x88, 0xBC, 0xDC, 0xD7, 0x03, 0x86, 0x94, 0xEC,
    0xF6, 0x1E, 0x73, 0x57, 0x06, 0xF3, 0xA1, 0xE8, 0xF2, 0x8C, 0x27, 0x9A, 0xED, 0x63, 0x4F, 0x8C,
    0x67, 0x37, 0x07, 0x5E, 0xFF, 0xBE, 0x3D, 0x71, 0x60, 0x09, 0x97, 0x7C, 0xBE, 0x5A, 0x50, 0xAC,
    0x99, 0x40, 0x27, 0xFC, 0x67, 0x00, 0xBB, 0x4A, 0xE6, 0x43, 0x27, 0x2E, 0xB3, 0xA9, 0xC1, 0xDA,
    0xF5, 0x5D, 0xB5, 0x84, 0xD5, 0x7B, 0x95, 0xA6, 0xB1, 0xEE, 0x27, 0x84, 0x54, 0xEE, 0xAA, 0x96,
    0x95, 0xB3, 0x9E, 0xB0, 0xCA, 0xFE, 0xA7, 0xB7, 0xDB, 0xD0, 0x0D, 0x68, 0x76, 0xB7, 0xB7, 0xA1,
    0x8A, 0x1C, 0x2F, 0xC1, 0x58, 0xF7, 0xB7, 0xD9, 0xFA, 0x3D, 0xBD, 0xAD, 0x39, 0xB9, 0xE4, 0xFA,
    0x0E, 0x7D, 0x12, 0xCB, 0xAB, 0x07, 0xD9, 0xAB, 0xC3, 0x07, 0x17, 0xD2, 0xB7, 0xA7, 0x83, 0x3C,
    0xE9, 0xA7, 0x2B, 0xF8, 0x75, 0xFD, 0x42, 0xDA, 0xEB, 0xD7, 0x7C, 0x29, 0x7B, 0x95, 0xD8, 0x8B,
    0x9E, 0xEC, 0xF6, 0xFF, 0x0F, 0x5D, 0x7B, 0x56, 0x8C, 0xA7, 0xAC, 0x88, 0x6F, 0x07, 0xF4, 0x18,
    0xFA, 0xAB, 0xB8, 0x4F, 0x1F, 0x7B, 0x15, 0xCE, 0xF1, 0xBF, 0x00, 0x2B, 0xF2, 0x3A, 0x9A, 0x61,
    0xFF, 0xB0, 0xB2, 0x25, 0x9A, 0xB2, 0x3E, 0xED, 0xBF, 0x0F, 0x50, 0x3F, 0xBA, 0x03, 0x98, 0xE3,
    0xFF, 0xE0, 0x91, 0xE1, 0x9B, 0x47, 0x47, 0x47, 0x48, 0xBB, 0x56, 0xFF, 0x93, 0xA5, 0xE8, 0x8F,
    0x93, 0xE1, 0x79, 0x10, 0x70, 0xFF, 0x3D, 0xDA, 0xF2, 0xD6, 0x95, 0x33, 0xF4, 0xAE, 0xEB, 0xCB,
    0x4D, 0xE4, 0xEB, 0x6A, 0x4E, 0x56, 0x78, 0x1E, 0xC0, 0x97, 0x6E, 0x2C, 0x36, 0x70, 0x36, 0x6C,
    0xF1, 0xF4, 0xD5, 0x04, 0x65, 0x6C, 0x98, 0x93, 0x75, 0xC3, 0x05, 0x7F, 0xCE, 0x0F, 0x7F, 0xB3,
    0x5E, 0xF2, 0x5F, 0x7C, 0xEA, 0xE7, 0xCE, 0xFF, 0x08, 0x8F, 0xAC, 0x08, 0xD3, 0xD9, 0xCC, 0xF2,
    0xE5, 0x97, 0x3F, 0xB4, 0x62, 0x6A, 0x64, 0x01, 0x3A, 0x80, 0x5F, 0x41, 0x4E, 0x3A, 0x51, 0x3A,
    0x49, 0x79, 0x99, 0x42, 0xA5, 0xC8, 0x18, 0xA0, 0x77, 0xF2, 0x9B, 0x64, 0xAD, 0x7C, 0xDF, 0xFD,
    0xC2, 0x6F, 0x73, 0x60, 0xAE, 0xD1, 0xC3, 0xD7, 0x81, 0x1E, 0xFF, 0x00, 0xB1, 0x77, 0xC1, 0xDB,
    0xFE, 0x27, 0xA4, 0xB0, 0xEB, 0x13, 0x0F, 0x8F, 0xD4, 0x0C, 0x5D, 0x9B, 0x6F, 0x52, 0x12, 0x59,
    0xF5, 0xD0, 0x25, 0xC6, 0x97, 0xD8, 0xA2, 0x09, 0x52, 0xD9, 0x8C, 0x8D, 0xA5, 0x57, 0x57, 0x04,
    0xFC, 0x35, 0x59, 0xDC, 0x2B, 0xF4, 0x60, 0xF4, 0x64, 0xC2, 0xB8, 0xA7, 0xFF, 0x5E, 0xC0, 0xBF,
    0x77, 0xB0, 0xAD, 0xBE, 0x5A, 0xB2, 0x96, 0x75, 0x81, 0x4C, 0x27, 0x26, 0xAC, 0xA2, 0x76, 0xEE,
    0x58, 0x8A, 0x39, 0xEC, 0xF2, 0xAC, 0xE0, 0x85, 0xD4, 0x5F, 0xB0, 0x36, 0xD3, 0x69, 0x4E, 0x1D,
    0xFA, 0x4C, 0x1C, 0xC8, 0xB6, 0xCD, 0x18, 0xF2, 0xDB, 0x72, 0x52, 0xF9, 0x8F, 0x4F, 0xA8, 0x2A,
    0xEE, 0x84, 0x31, 0x73, 0x15, 0x3E, 0x9B, 0x91, 0x47, 0x04, 0x7C, 0x28, 0xDE, 0x12, 0x7C, 0x8D,
    0x60, 0x52, 0xEC, 0xEB, 0x66, 0xF9, 0x6A, 0xB6, 0x4D, 0x9B, 0x5F, 0xF5, 0xD5, 0x7A, 0x82, 0x4D,
    0x88, 0xAD, 0x30, 0x36, 0x3A, 0xAB, 0xAE, 0x6E, 0x2C, 0x40, 0x8D, 0x22, 0xB4, 0x79, 0x7B, 0x8D,
    0x7C, 0xE4, 0x93, 0x6D, 0xEC, 0xB3, 0x25, 0xDD, 0xE6, 0x9B, 0x72, 0x53, 0x7E, 0xE1, 0x5B, 0x95,
    0xD0, 0xE7, 0xFD, 0x1E, 0xBF, 0x85, 0xEF, 0x77, 0xAB, 0x6D, 0xDA, 0x63, 0x7F, 0x2D, 0xD9, 0x62,
    0x75, 0xEA, 0x7D, 0x8F, 0x96, 0x10, 0x4A, 0xC6, 0x7B, 0x35, 0x34, 0x1C, 0x27, 0x29, 0x27, 0xD4,
    0x2F, 0x1E, 0xF7, 0xFD, 0x47, 0xE2, 0xA7, 0xE0, 0x66, 0xCC, 0x6A, 0xD3, 0x6D, 0xE8, 0x15, 0xED,
    0x86, 0x7B, 0xF3, 0x06, 0x06, 0x4C, 0x9E, 0xEB, 0xD6, 0x77, 0xCF, 0x96, 0xD8, 0x93, 0x5D, 0x79,
    0x2F, 0x4C, 0xD6, 0x18, 0x05, 0x51, 0x28, 0xC4, 0x67, 0x61, 0xB8, 0x7A, 0x6C, 0xB2, 0xD0, 0x67,
    0x09, 0xAD, 0x17, 0x17, 0xE2, 0xD1, 0x99, 0xC9, 0x42, 0x94, 0x68, 0xFA, 0x10, 0x46, 0xC2, 0x70,
    0x78, 0xBA, 0x0A, 0xB1, 0x23, 0x4C, 0x22, 0x4B, 0x72, 0x2F, 0xC9, 0xAA, 0x60, 0x68, 0x91, 0x79,
    0xAF, 0x6D, 0xD1, 0x9A, 0x83, 0xDB, 0x9C, 0xCD, 0x37, 0xF4, 0x8D, 0x06, 0xDE, 0xF9, 0x47, 0xF0,
    0xA5, 0x6B, 0xFE, 0xAB, 0x99, 0x0D, 0x38, 0x16, 0x4C, 0xE6, 0x5C, 0x9C, 0xD5, 0xE7, 0x48, 0xD5,
    0xAD, 0x06, 0xE9, 0xD4, 0xC0, 0x4E, 0x75, 0x35, 0x90, 0xC4, 0xE2, 0x97, 0x96, 0x90, 0x2B, 0xDC,
    0x1C, 0xD5, 0xBB, 0x23, 0x12, 0xD1, 0xD6, 0x88, 0x7F, 0xE8, 0x76, 0x7D, 0xFF, 0xC8, 0x07, 0x1C,
    0xCB, 0xF4, 0xE3, 0x1F, 0x39, 0x54, 0x00, 0x25, 0x8F, 0x74, 0x07, 0x98, 0x8D, 0x70, 0x7D, 0x60,
    0xD0, 0x2D, 0x95, 0x2D, 0x74, 0x6A, 0x1A, 0xF3, 0xD0, 0x94, 0x25, 0x33, 0xEE, 0xFC, 0xB4, 0x5B,
    0x44, 0x81, 0x40, 0x61, 0xCE, 0xFA, 0x53, 0xDD, 0xBE, 0x9D, 0xAB, 0x1E, 0x95, 0xB8, 0x1B, 0xFA,
    0xA0, 0x3C, 0x51, 0xD4, 0xDC, 0x67, 0x05, 0xF0, 0x37, 0x6C, 0xF1, 0x9E, 0xB0, 0x11, 0xB5, 0x9D,
    0xBB, 0x31, 0xF6, 0x77, 0xC1, 0x65, 0x4F, 0x63, 0xAF, 0x66, 0xF0, 0x1D, 0x49, 0xBE, 0x67, 0xB8,
    0x01, 0x84, 0xF2, 0xD0, 0x17, 0xCC, 0xCB, 0xE3, 0x41, 0x7D, 0xB1, 0xBC, 0x52, 0x4D, 0xD9, 0xF6,
    0x3A, 0xFB, 0xBE, 0x9B, 0x6C, 0x81, 0x87, 0xC7, 0x6D, 0x35, 0xE3, 0xCA, 0x5A, 0x7D, 0x32, 0x9E,
    0x9C, 0x5B, 0x25, 0xF6, 0x78, 0x7E, 0xA2, 0xF7, 0x02, 0x13, 0x4C, 0x99, 0xEA, 0x2D, 0x2C, 0x50,
    0xBC, 0x54, 0x4D, 0x71, 0x6A, 0x0F, 0x86, 0x93, 0x76, 0xD5, 0x24, 0x1A, 0xBB, 0x11, 0xA6, 0x7E,
    0x31, 0xF2, 0x8F, 0xE8, 0x3B, 0x18, 0x3A, 0x8A, 0xF1, 0x6C, 0x0F, 0x48, 0x9A, 0x91, 0xEE, 0xEA,
    0x41, 0x7B, 0x95, 0xA9, 0x6A, 0xF7, 0x3B, 0xFF, 0x4A, 0xB5, 0xBE, 0xC4, 0x18, 0xB1, 0x3B, 0x17,
    0x64, 0x78, 0x5F, 0x09, 0xB3, 0x69, 0x98, 0xE9, 0x97, 0xB5, 0x76, 0xC4, 0xA6, 0x72, 0xF3, 0xC4,
    0x80, 0xF5, 0xFA, 0xBA, 0xE1, 0x74, 0x60, 0x79, 0x62, 0x20, 0x7F, 0x6A, 0x60, 0x62, 0x11, 0x1A,
    0x49, 0x4C, 0xA4, 0x2E, 0x70, 0xBA, 0x69, 0xDA, 0x50, 0xBF, 0x71, 0x45, 0x68, 0x4C, 0x9D, 0x57,
    0x11, 0x74, 0xBB, 0x0F, 0x9F, 0xD5, 0xB2, 0x17, 0x61, 0x39, 0xED, 0x27, 0x92, 0xAD, 0x58, 0x0F,
    0xD2, 0x4E, 0x40, 0x6C, 0xDC, 0x35, 0x76, 0x86, 0x11, 0xA8, 0xAB, 0xA9, 0xF0, 0x53, 0xB2, 0x66,
    0x3F, 0x80, 0xAF, 0x7B, 0xD0, 0xE7, 0x6D, 0xB6, 0x4C, 0xBB, 0xC6, 0x74, 0x4E, 0xA5, 0x88, 0x3D,
    0x55, 0xA1, 0xFA, 0x2F, 0xD6, 0xE0, 0x57, 0x72, 0x0A, 0xA2, 0xAF, 0x5F, 0xC8, 0x16, 0x64, 0xB7,
    0x3C, 0x31, 0xF3, 0xA0, 0xA7, 0x1C, 0x67, 0x48, 0x9A, 0x25, 0x87, 0xC9, 0xDA, 0x80, 0x7F, 0x81,
    0x4C, 0x87, 0x8D, 0xC7, 0xD6, 0x3A, 0x1A, 0x5A, 0x3F, 0xB3, 0x16, 0x6E, 0xB1, 0x51, 0x47, 0xB4,
    0x12, 0x58, 0x0D, 0xA2, 0xE3, 0x78, 0x69, 0x0F, 0x62, 0x9C, 0xF6, 0x43, 0x54, 0x29, 0x91, 0xD6,
    0xD5, 0x74, 0x3D, 0xF1, 0xDF, 0x63, 0xE6, 0x9A, 0x31, 0xD5, 0xBF, 0x25, 0x56, 0x67, 0x73, 0x84,
    0x4C, 0x0F, 0xDE, 0x7D, 0x02, 0x58, 0x68, 0x7C, 0x0E, 0xE7, 0xBE, 0xC5, 0x8A, 0xDE, 0x17, 0x7E,
    0xBE, 0x5C, 0x7E, 0xF2, 0xFA, 0x32, 0xF9, 0x7E, 0xF4, 0x6F, 0x95, 0x5F, 0x24, 0x3E, 0x41, 0xA4,
    0xF1, 0x13, 0x56, 0x2D, 0x78, 0xF8, 0x80, 0x6D, 0xF1, 0x81, 0xC7, 0x10, 0x54, 0x02, 0x19, 0xB0,
    0xA8, 0x4E, 0x1F, 0x30, 0x73, 0xC4, 0x3E, 0x20, 0x49, 0xFD, 0x28, 0xE7, 0x37, 0x6D, 0xF8, 0xA7,
    0x35, 0x87, 0x33, 0x69, 0x28, 0xA2, 0x96, 0xB7, 0xA7, 0xE9, 0xDA, 0xCB, 0xF9, 0x1C, 0xBB, 0xAB,
    0xAF, 0xFA, 0x29, 0xE5, 0x99, 0xA9, 0xDA, 0xFB, 0x92, 0x4B, 0x7F, 0x7A, 0xCF, 0xBF, 0x76, 0x73,
    0x3B, 0x56, 0xD3, 0xCB, 0xD5, 0x7F, 0x22, 0xA6, 0x60, 0x8B, 0xD8, 0xA1, 0x1F, 0xE5, 0xB0, 0x23,
    0xF6, 0xE2, 0x69, 0x02, 0xE5, 0x64, 0xEB, 0x77, 0xF7, 0x87, 0x06, 0xB7, 0xDE, 0xA7, 0x0D, 0xD0,
    0x4A, 0x4A, 0xCE, 0x1F, 0xD1, 0x30, 0xA3, 0x4E, 0xDE, 0x7F, 0xE0, 0x19, 0xA6, 0x1A, 0x04, 0x90,
    0xE0, 0xAE, 0xEF, 0x06, 0x72, 0xDD, 0x75, 0x0F, 0x18, 0x01, 0xE0, 0x90, 0x79, 0x94, 0xA9, 0x58,
    0x18, 0x4B, 0x5F, 0x63, 0x52, 0x5D, 0x8D, 0x19, 0x9C, 0x38, 0x4B, 0x10, 0x13, 0x43, 0x83, 0x0E,
    0xC2, 0xA8, 0xD2, 0x72, 0x6D, 0xA6, 0xFE, 0x77, 0x0B, 0x03, 0x50, 0xE7, 0x2B, 0xC0, 0xB1, 0xEB,
    0xDD, 0x3F, 0x35, 0x08, 0x68, 0x15, 0x0B, 0x14, 0x5F, 0xC9, 0x75, 0x70, 0x2A, 0x5D, 0xAD, 0xAA,
    0x20, 0xAD, 0x04, 0xB3, 0x99, 0x79, 0xF7, 0x84, 0x91, 0x3C, 0xD9, 0x27, 0x69, 0x60, 0x27, 0x0C,
    0x93, 0xCC, 0x48, 0x5A, 0x35, 0x8B, 0x27, 0x05, 0x07, 0x15, 0x75, 0xF2, 0x55, 0x47, 0x44, 0xB6,
    0x67, 0x7C, 0x68, 0xA8, 0xC4, 0x8E, 0xA7, 0xC6, 0x91, 0x2F, 0xA7, 0x9E, 0x37, 0x0A, 0xA5, 0x4D,
    0x83, 0xB8, 0xC1, 0x57, 0x37, 0x0F, 0x84, 0x20, 0x96, 0x80, 0x20, 0x06, 0x22, 0x88, 0xB6, 0x92,
    0x7B, 0x60, 0x9B, 0xB4, 0x19, 0x19, 0xC7, 0x87, 0x4A, 0x6D, 0xE2, 0x09, 0x79, 0x5A, 0x33, 0xA9,
    0xA8, 0xC0, 0x2A, 0xEF, 0x90, 0xF3, 0xE3, 0x8F, 0x56, 0xD7, 0xFD, 0x12, 0xF1, 0xBD, 0xF2, 0x58,
    0x2B, 0x9B, 0xE5, 0xDC, 0xD5, 0xE1, 0x97, 0x29, 0xD8, 0xF9, 0xAA, 0x71, 0x67, 0x62, 0x76, 0x3E,
    0xAB, 0x0D, 0x1D, 0x7A, 0xC1, 0x53, 0x55, 0x50, 0xAE, 0xCD, 0x19, 0xA6, 0xBC, 0xEF, 0x87, 0x0E,
    0xEA, 0xF4, 0xC3, 0x1F, 0x9D, 0x7C, 0x0A, 0x7F, 0xF5, 0xAF, 0xC9, 0xD0, 0xFB, 0xBB, 0x21, 0xCD,
    0x96, 0x65, 0xEF, 0x3A, 0x0C, 0xB6, 0xB7, 0xFD, 0xE1, 0x1F, 0xAD, 0xD6, 0xED, 0x7F, 0x6D, 0x6C,
    0xAF, 0xB7, 0x58, 0x1E, 0x4F, 0xA7, 0xA6, 0xAF, 0xDA, 0x1B, 0xF0, 0xC6, 0xDF, 0x56, 0x03, 0xD3,
    0x1B, 0xD4, 0x25, 0x56, 0x56, 0x8B, 0x85, 0x78, 0x6C, 0xFC, 0x3D, 0xD7, 0xB4, 0xEC, 0x6B, 0x2F,
    0xD9, 0x98, 0xF3, 0x20, 0x9F, 0x0E, 0x43, 0xF1, 0x8C, 0x0C, 0xED, 0x87, 0x5A, 0xE0, 0x3D, 0x0B,
    0x7C, 0x3A, 0xCC, 0x41, 0x99, 0x91, 0x76, 0x9E, 0xE4, 0x20, 0x38, 0xE0, 0x50, 0xB2, 0xC6, 0x91,
    0x7F, 0x15, 0x66, 0xC9, 0x26, 0x78, 0xCE, 0x56, 0xED, 0x60, 0x1D, 0xF9, 0x6C, 0x8E, 0x8F, 0xB8,
    0x1E, 0x43, 0x7B, 0xDB, 0x0D, 0x57, 0xC8, 0xC2, 0x03, 0xB0, 0x75, 0xF3, 0xA5, 0x62, 0x86, 0xDC,
    0x74, 0x1E, 0x07, 0xE2, 0xA5, 0x73, 0xE5, 0x79, 0x11, 0x9D, 0xCC, 0xA9, 0x46, 0x24, 0x1A, 0xE5,
    0x74, 0x79, 0x7D, 0x3E, 0x5F, 0x2E, 0xF9, 0x22, 0xF1, 0x00, 0x56, 0x8E, 0x46, 0x06, 0x06, 0x83,
    0xE9, 0xF1, 0x56, 0xE1, 0xA8, 0xDC, 0xA6, 0x03, 0x8C, 0xA0, 0x19, 0x1A, 0xFF, 0xB1, 0xBF, 0xF9,
    0xC9, 0x9A, 0xAC, 0x17, 0xA1, 0x93, 0x9B, 0xC1, 0xF7, 0xE9, 0x7D, 0x50, 0x58, 0x90, 0xFE, 0x63,
    0x06, 0x81, 0x01, 0xBF, 0x72, 0xFE, 0x7A, 0x9F, 0x67, 0x42, 0x5A, 0x70, 0xEF, 0x10, 0x4E, 0x23,
    0xEB, 0x2D, 0x0B, 0xB1, 0xA3, 0x30, 0x0A, 0x03, 0xDB, 0xE8, 0x28, 0x9E, 0x74, 0x54, 0x96, 0x25,
    0xB4, 0x05, 0xB1, 0x73, 0xC9, 0xAF, 0x6D, 0xD2, 0x6D, 0xBA, 0x5C, 0xE4, 0x89, 0x81, 0x68, 0xF9,
    0x96, 0x0E, 0x0E, 0x2C, 0x2F, 0x34, 0xC4, 0x94, 0x1B, 0x59, 0x2C, 0x92, 0x04, 0xD1, 0x8C, 0xF7,
    0x80, 0x2C, 0xE3, 0x91, 0xBC, 0x1A, 0x12, 0x68, 0x30, 0x1B, 0x59, 0xF0, 0x15, 0x48, 0xD8, 0x2E,
    0x83, 0x9D, 0x79, 0x37, 0x30, 0x84, 0x2C, 0x9D, 0x67, 0x0E, 0x36, 0xA9, 0x2E, 0xD6, 0xD5, 0xE5,
    0x43, 0x3B, 0x18, 0x80, 0xDC, 0xA2, 0x58, 0xD9, 0x83, 0xF4, 0x0B, 0x52, 0x8D, 0xBC, 0x99, 0x4E,
    0xB6, 0xEE, 0xAD, 0xEE, 0x93, 0x68, 0x8C, 0xDF, 0xA6, 0x66, 0x7C, 0xC5, 0xD2, 0x2A, 0xD3, 0x63,
    0x03, 0x2D, 0x22, 0x18, 0x52, 0x7A, 0xD9, 0xB9, 0x3F, 0xF6, 0x71, 0x5F, 0x24, 0xFF, 0xB2, 0xBC,
    0xE4, 0xFC, 0x71, 0xF9, 0xDF, 0xF0, 0x0B, 0x60, 0x08, 0x03, 0x19, 0x74, 0xBC, 0x18, 0x78, 0x00,
    0x9C, 0x88, 0x1C, 0x2B, 0x60, 0x65, 0x4F, 0x49, 0xE4, 0xA0, 0x71, 0x06, 0x5A, 0xFF, 0x2B, 0xDF,
    0x16, 0xFD, 0x73, 0xF9, 0x06, 0xC8, 0x1C, 0x3C, 0x2B, 0xDB, 0xAF, 0x64, 0x0B, 0xE3, 0x5E, 0x33,
    0xF0, 0xA4, 0xF8, 0x96, 0xD5, 0x87, 0x6A, 0x3C, 0xA4, 0x42, 0xB1, 0x02, 0x51, 0x4E, 0x2A, 0x4A,
    0xA8, 0xB9, 0xF8, 0xDB, 0x5D, 0xDA, 0x1D, 0xAA, 0x43, 0x7E, 0x7F, 0x80, 0x49, 0xC9, 0x80, 0x1D,
    0xD8, 0x64, 0xE6, 0x5F, 0xB0, 0x22, 0x90, 0x6C, 0x08, 0x53, 0x1A, 0xEB, 0x95, 0xCD, 0x67, 0x30,
    0x8E, 0x5A, 0xA3, 0xB7, 0x62, 0xB0, 0x6A, 0x7B, 0x59, 0xE6, 0x2C, 0x48, 0x91, 0xDF, 0x06, 0x9D,
    0x6F, 0x46, 0x1F, 0xB9, 0xC8, 0x4E, 0x6C, 0x5E, 0xDD, 0x1D, 0xDD, 0xDC, 0x7F, 0xA9, 0xDA, 0xB8,
    0x05, 0x12, 0x39, 0xD0, 0x29, 0x36, 0x24, 0xD3, 0xAB, 0xBB, 0xC2, 0x32, 0x92, 0x6D, 0x75, 0x1F,
    0xAE, 0x89, 0xA6, 0x01, 0x3E, 0xA8, 0x29, 0x8C, 0x66, 0x48, 0x57, 0xF8, 0x95, 0x79, 0x0C, 0xF3,
    0x9E, 0xD5, 0x92, 0x17, 0x1E, 0xCD, 0xAA, 0x94, 0x68, 0x33, 0x17, 0x79, 0x71, 0x63, 0x27, 0x72,
    0x48, 0x6F, 0x65, 0x87, 0x4B, 0x78, 0x82, 0xA8, 0x0A, 0x67, 0x71, 0x27, 0x7D, 0x8D, 0x76, 0x5F,
    0x5B, 0x65, 0x3C, 0x4C, 0x76, 0x38, 0xD3, 0x29, 0x62, 0x88, 0xAC, 0x3F, 0xA0, 0xC2, 0xFE, 0x64,
    0xCC, 0xB8, 0x6C, 0xEC, 0x38, 0xF3, 0x95, 0x45, 0x90, 0xC2, 0x6A, 0x50, 0x67, 0xBF, 0x86, 0x03,
    0xC0, 0x87, 0x8F, 0x7D, 0x25, 0x92, 0xCD, 0xD5, 0x7E, 0x38, 0xFB, 0xF5, 0xCC, 0x32, 0xBF, 0x7B,
    0x45, 0xB2, 0x82, 0x05, 0xE9, 0xD9, 0x76, 0xC3, 0xB3, 0xC4, 0x82, 0x94, 0xAB, 0xE5, 0x63, 0xC4,
    0xCA, 0x24, 0x9E, 0xF0, 0x92, 0xAD, 0x2D, 0xB2, 0x43, 0xFF, 0x5A, 0xBB, 0xA6, 0x27, 0x96, 0x9C,
    0x01, 0x1F, 0xE9, 0x55, 0x1E, 0x50, 0xDC, 0x9C, 0xEE, 0x59, 0xAF, 0xCE, 0xC6, 0x0E, 0xF2, 0x98,
    0x69, 0x1E, 0x99, 0xDB, 0xD4, 0x3C, 0x02, 0x74, 0x7A, 0x2A, 0xEB, 0x5D, 0xF7, 0x5C, 0xE4, 0x87,
    0xEC, 0xED, 0xF9, 0x06, 0xB2, 0x50, 0xC0, 0xA2, 0x03, 0xC2, 0x9A, 0xFF, 0x05, 0xDD, 0x5B, 0xBD,
    0xB3, 0xDE, 0xD4, 0x99, 0x3F, 0x92, 0xC0, 0x0A, 0x16, 0x58, 0x2E, 0x92, 0x19, 0x82, 0x63, 0x8B,
    0x22, 0x45, 0xC6, 0x63, 0x5F, 0xA5, 0xA0, 0xB8, 0xC5, 0xBD, 0x96, 0xD6, 0x14, 0x5B, 0x64, 0x66,
    0xA1, 0x58, 0x9A, 0x6D, 0xA0, 0xD8, 0x8A, 0xC6, 0x14, 0xDE, 0x59, 0x67, 0xF6, 0x62, 0x89, 0xB8,
    0x48, 0x41, 0xC1, 0xDD, 0xBF, 0x00, 0x17, 0x29, 0xCC, 0x4B, 0x81, 0x77, 0x86, 0x9D, 0xF5, 0xCE,
    0x18, 0x24, 0xEC, 0x82, 0x62, 0x8B, 0x28, 0xA1, 0xA0, 0xDB, 0x88, 0xC4, 0xB3, 0xCC, 0x40, 0x11,
    0x79, 0x57, 0x33, 0x91, 0xB1, 0xA4, 0xB3, 0xBF, 0xDF, 0xF3, 0x9C, 0xF7, 0xC3, 0xF6, 0x85, 0x64,
    0x59, 0xC8, 0x04, 0xDE, 0xF1, 0x95, 0xDE, 0xF7, 0x48, 0xE7, 0x3C, 0xDF, 0x1F, 0xE7, 0x39, 0x8F,
    0x8D, 0x49, 0x73, 0x13, 0x8F, 0xC6, 0xB3, 0x8D, 0x49, 0x27, 0xDC, 0x6A, 0x13, 0xB5, 0x66, 0xE3,
    0xF3, 0xA8, 0x31, 0x7E, 0x6D, 0xCC, 0x8E, 0x31, 0x11, 0x6E, 0x83, 0x31, 0x49, 0x69, 0x02, 0xDC,
    0x0A, 0x4C, 0xEB, 0xF1, 0xBE, 0x31, 0x59, 0x67, 0x42, 0xDC, 0x6C, 0x67, 0xE2, 0xD9, 0xF8, 0x58,
    0x27, 0x1B, 0x4D, 0x80, 0x75, 0x12, 0xB7, 0xCE, 0x0B, 0xF8, 0x0B, 0x30, 0xD7, 0x9C, 0xE2, 0x2F,
    0x0E, 0x46, 0xF8, 0xAB, 0xB0, 0x46, 0x6A, 0x7B, 0x13, 0xF4, 0x59, 0x6B, 0xB2, 0xD2, 0x96, 0xC1,
    0x18, 0x6F, 0x9B, 0xB4, 0x3B, 0x8F, 0x95, 0x9E, 0x2E, 0x4D, 0x38, 0xE1, 0xED, 0xEC, 0x36, 0xDE,
    0xB6, 0xBF, 0xC4, 0x74, 0xFB, 0xB6, 0x67, 0x62, 0x5B, 0x9E, 0xC2, 0xDA, 0x5E, 0x03, 0x50, 0x5B,
    0x80, 0x0C, 0x80, 0xBE, 0x05, 0xE0, 0x10, 0x20, 0x89, 0x9F, 0xE0, 0x69, 0x8E, 0x10, 0x48, 0xA7,
    0x90, 0xBD, 0xEA, 0x16, 0xAE, 0x85, 0x1D, 0x01, 0xD2, 0xF2, 0x5A, 0x58, 0x42, 0xB4, 0x7D, 0xD8,
    0x99, 0xC4, 0x12, 0xA9, 0xAA, 0x37, 0x61, 0x4E, 0x64, 0x8F, 0x60, 0x79, 0x63, 0xBE, 0x6B, 0xD2,
    0x91, 0x13, 0x8B, 0x9E, 0x57, 0xAE, 0xEB, 0xBD, 0x69, 0x3F, 0xB9, 0xC2, 0xD9, 0x80, 0x66, 0xE2,
    0x81, 0xC3, 0x69, 0xC3, 0x6B, 0xC5, 0x4B, 0x00, 0x14, 0xC0, 0x91, 0x9C, 0xE0, 0xB1, 0x52, 0x63,
    0x62, 0xCC, 0xC5, 0x33, 0x6B, 0x07, 0x99, 0x53, 0x1B, 0x5C, 0x66, 0x2C, 0x4D, 0xB8, 0x56, 0x06,
    0xF0, 0x39, 0x8E, 0x65, 0x4B, 0x4C, 0x5B, 0x5C, 0xAA, 0x33, 0x10, 0x30, 0x46, 0x6D, 0x54, 0xC7,
    0xE5, 0xAE, 0x49, 0x80, 0xF7, 0x5E, 0x58, 0xFB, 0x6D, 0x6C, 0xE2, 0x3C, 0x33, 0x63, 0x60, 0x6D,
    0x93, 0x9E, 0xFB, 0x7D, 0x7D, 0x94, 0x33, 0xF0, 0x79, 0x62, 0xB1, 0x30, 0x87, 0x16, 0xFF, 0x6C,
    0x6D, 0x6B, 0x8A, 0xC1, 0x27, 0x42, 0x3D, 0x96, 0xCE, 0xCD, 0x2E, 0x80, 0x8E, 0xC4, 0xC2, 0xB7,
    0x6D, 0x08, 0x08, 0xB1, 0xF5, 0xC8, 0x80, 0x62, 0xD8, 0x23, 0x53, 0xEC, 0xEF, 0x39, 0x17, 0xCC,
    0x23, 0x1B, 0xAD, 0x9D, 0xC0, 0x56, 0x87, 0x88, 0x62, 0x93, 0x08, 0xC5, 0x01, 0x9F, 0xFB, 0x82,
    0xAD, 0x39, 0xF9, 0x96, 0x5D, 0xEC, 0xF3, 0xB9, 0x08, 0x30, 0x9E, 0x84, 0x95, 0xFA, 0x72, 0x3A,
    0xE8, 0xCB, 0xB9, 0x70, 0x49, 0xD8, 0x1C, 0x59, 0x5E, 0x0F, 0xD9, 0x5E, 0x1E, 0x58, 0x65, 0x3D,
    0x11, 0x88, 0xB0, 0xE2, 0xAE, 0x0A, 0x83, 0x58, 0x6D, 0x19, 0xE2, 0xBB, 0xF9, 0x95, 0x4A, 0x91,
    0xE0, 0xEB, 0x35, 0xFD, 0xFA, 0x88, 0xF9, 0x82, 0x8F, 0x0F, 0x5C, 0xE2, 0x5C, 0xE4, 0xCC, 0xB5,
    0x37, 0xBE, 0x6E, 0x80, 0x39, 0x18, 0xA2, 0x28, 0xC2, 0x1D, 0x92, 0x20, 0x2A, 0x90, 0x43, 0xDF,
    0xE2, 0x16, 0x8A, 0xEB, 0x4F, 0x94, 0x58, 0xD6, 0x08, 0xDE, 0x7C, 0x2B, 0x9B, 0xE5, 0x2B, 0xAF,
    0x89, 0x5C, 0x39, 0xC1, 0x9B, 0xC9, 0xEF, 0x19, 0x93, 0x4D, 0x56, 0x7B, 0xB6, 0x8B, 0x06, 0xBE,
    0x0D, 0x6E, 0xA5, 0x1D, 0x38, 0x83, 0x35, 0x20, 0xEA, 0xAC, 0x8E, 0xED, 0x10, 0xB7, 0x94, 0xFB,
    0x2D, 0xC7, 0x03, 0x48, 0xBF, 0xE4, 0x75, 0x14, 0x0E, 0x91, 0x77, 0xB1, 0x6A, 0x56, 0x6D, 0x5E,
    0x36, 0xE1, 0x60, 0xE2, 0x8E, 0x1A, 0x64, 0xEB, 0xA4, 0x71, 0x13, 0x42, 0x4B, 0x5D, 0x4D, 0xF3,
    0x33, 0x49, 0x97, 0x7D, 0x3A, 0xC5, 0x93, 0x0D, 0x66, 0xFC, 0x20, 0xE5, 0xC4, 0x5D, 0x54, 0x17,
    0x2C, 0x08, 0xEE, 0x18, 0x6F, 0x12, 0x1B, 0x34, 0x69, 0x89, 0x95, 0x30, 0xAF, 0xF1, 0x7A, 0x68,
    0xC6, 0x8D, 0x2E, 0x68, 0x20, 0xBE, 0x7A, 0x88, 0xCA, 0xA4, 0x8F, 0xCA, 0xBD, 0x18, 0x90, 0xC2,
    0x7C, 0x67, 0xCB, 0xD8, 0x3C, 0xC8, 0x77, 0x77, 0x81, 0xB2, 0x6F, 0x76, 0x77, 0x02, 0xCA, 0x72,
    0x77, 0x2F, 0x24, 0x2A, 0xBB, 0x17, 0x22, 0xDE, 0x76, 0xAE, 0xB9, 0x1B, 0x06, 0x1F, 0x35, 0x7B,
    0x17, 0xF0, 0xCA, 0xB6, 0xE9, 0xF7, 0x7C, 0x6B, 0x3A, 0xAF, 0xDB, 0x01, 0x49, 0x6D, 0xD0, 0x6C,
    0x81, 0x84, 0x12, 0x3A, 0x4A, 0xA9, 0x27, 0xE2, 0x07, 0xCC, 0x3B, 0xC6, 0xEF, 0x45, 0xFF, 0x4D,
    0x95, 0x9B, 0x73, 0xD4, 0x66, 0x51, 0x2D, 0x63, 0xDE, 0x9A, 0x45, 0x37, 0xAA, 0xE7, 0x6B, 0xA0,
    0x3C, 0x98, 0xB4, 0xB5, 0x79, 0x38, 0x80, 0x5A, 0xEB, 0xCF, 0xB0, 0x9C, 0xAC, 0x09, 0x46, 0x00,
    0x2A, 0x4A, 0x5B, 0x47, 0x7D, 0xDA, 0x9B, 0xEA, 0xE7, 0xD5, 0xE3, 0x91, 0xFD, 0xA5, 0xCD, 0x8B,
    0xDE, 0xD6, 0xDE, 0xB5, 0x68, 0x7F, 0x2D, 0x70, 0xAA, 0x22, 0x34, 0xB5, 0x59, 0x0E, 0x1C, 0xA7,
    0xFF, 0xB8, 0x0E, 0x0F, 0x14, 0x74, 0x34, 0xDF, 0x26, 0x01, 0x80, 0xB2, 0xCA, 0x7D, 0x0B, 0x8C,
    0xE3, 0x31, 0x81, 0x14, 0x3A, 0x78, 0xA2, 0xAC, 0x2D, 0xE0, 0xC8, 0x3A, 0xCA, 0xB8, 0x03, 0xD4,
    0x80, 0xA6, 0xEE, 0x0D, 0xC4, 0xF5, 0x3A, 0x75, 0x61, 0xC7, 0x5C, 0x30, 0xE6, 0x3B, 0xB0, 0x73,
    0xD8, 0xD2, 0x1B, 0x99, 0x28, 0x04, 0x1E, 0x88, 0x5F, 0xA3, 0x2E, 0xF9, 0xF8, 0x0B, 0xC8, 0x66,
    0x40, 0xF5, 0xF3, 0xD4, 0x76, 0xD6, 0xDE, 0x24, 0x59, 0xDE, 0x82, 0xC6, 0x05, 0x89, 0x4E, 0x30,
    0x6F, 0x68, 0xD8, 0xB5, 0xE8, 0xAF, 0xED, 0xCD, 0xF7, 0xDA, 0xDD, 0xAD, 0xE3, 0xA7, 0xC2, 0x1B,
    0xED, 0x07, 0xF5, 0xF5, 0x9D, 0x23, 0xDB, 0x70, 0x7E, 0xBF, 0xCB, 0xBB, 0xEE, 0xF8, 0x76, 0x12,
    0xFB, 0x37, 0x2F, 0xB5, 0xDD, 0xF6, 0xCE, 0xE2, 0xF0, 0x4F, 0xB0, 0xA8, 0xDF, 0x46, 0x8D, 0x07,
    0x46, 0xDC, 0xC5, 0x3A, 0xA9, 0x88, 0x12, 0x7A, 0xF5, 0xB1, 0x85, 0x09, 0x9D, 0xDC, 0x37, 0xD5,
    0x6C, 0xFE, 0x3D, 0x6C, 0x2F, 0x98, 0x9D, 0x1D, 0x13, 0xFD, 0x8D, 0xF1, 0x3F, 0xCC, 0xCD, 0xBF,
    0xB4, 0xFC, 0x71, 0x22, 0x2E, 0x53, 0xBC, 0x66, 0x22, 0xE1, 0x29, 0xB9, 0x22, 0x5C, 0xDF, 0x75,
    0xA6, 0xA5, 0xBF, 0xA0, 0x1D, 0x0F, 0x3F, 0x77, 0xE7, 0x39, 0xAA, 0xC6, 0x48, 0xD3, 0x6D, 0x55,
    0xDD, 0xA9, 0xFA, 0x26, 0x35, 0x4A, 0x95, 0x90, 0x42, 0x2B, 0x3B, 0xB4, 0x98, 0x17, 0xB9, 0x52,
    0x2C, 0x2A, 0x0C, 0x89, 0xD8, 0xF2, 0x74, 0x3C, 0x06, 0x79, 0x51, 0xBF, 0x00, 0x85, 0xA4, 0x3A,
    0x52, 0x19, 0xB1, 0x02, 0x5E, 0x39, 0xE3, 0xD5, 0x49, 0x7E, 0x3E, 0xB4, 0x16, 0xEB, 0x36, 0xE2,
    0x40, 0xBD, 0x9C, 0xF3, 0x62, 0x0B, 0x55, 0xEF, 0xC2, 0xB3, 0xA3, 0x9F, 0x5F, 0x14, 0x04, 0x2E,
    0xC2, 0xAC, 0xC0, 0x61, 0x58, 0x4B, 0x56, 0xC3, 0xAC, 0x4C, 0xD8, 0x5F, 0x0F, 0x86, 0xF4, 0xD3,
    0x9E, 0x71, 0xC0, 0xBC, 0xB8, 0x1F, 0x4F, 0x3E, 0xED, 0x06, 0xF6, 0xD6, 0x8B, 0x8B, 0x86, 0x7C,
    0x12, 0xC2, 0xAA, 0x21, 0x7B, 0x68, 0x3F, 0x04, 0x06, 0x05, 0x2D, 0x5A, 0x30, 0xD7, 0x54, 0x00,
    0x3E, 0xD3, 0x27, 0x05, 0x93, 0x07, 0x4E, 0x47, 0x23, 0xBD, 0x4C, 0x3C, 0x30, 0xB4, 0x40, 0x94,
    0x00, 0x90, 0x76, 0xE9, 0xF4, 0x18, 0xA4, 0xFC, 0x6F, 0xE3, 0x05, 0x28, 0xC6, 0x87, 0x00, 0x5B,
    0xD8, 0x57, 0xE9, 0x62, 0x67, 0x3E, 0xFD, 0xB4, 0x8F, 0x6E, 0x19, 0x4F, 0xB4, 0x45, 0x82, 0x8D,
    0xBB, 0x0A, 0x33, 0x4C, 0xBC, 0x71, 0x4D, 0xE4, 0x9A, 0x95, 0xEB, 0xEB, 0xC5, 0x5C, 0x9D, 0xC4,
    0x02, 0x3A, 0x21, 0xCE, 0xF1, 0x16, 0x5D, 0x45, 0x02, 0x93, 0xB4, 0xC3, 0x16, 0x9D, 0x77, 0xBF,
    0x4B, 0xF5, 0xEE, 0xF6, 0x10, 0xB0, 0x6C, 0x7B, 0x4D, 0xB4, 0xB2, 0xE7, 0xB5, 0xEE, 0x78, 0x7D,
    0x4F, 0xAE, 0x97, 0x1A, 0xBE, 0x03, 0xA0, 0x98, 0x45, 0xA0, 0xDF, 0xBB, 0x48, 0x6F, 0x64, 0x76,
    0xC5, 0x68, 0x76, 0xE8, 0xE6, 0xCC, 0x05, 0x3A, 0x24, 0xD3, 0xEF, 0x4A, 0x84, 0xDA, 0x11, 0x51,
    0x5E, 0xA3, 0xA6, 0x37, 0xE2, 0x3A, 0x6B, 0xCA, 0x35, 0x7C, 0x4F, 0xA4, 0xFB, 0x33, 0xD2, 0x11,
    0x3F, 0x2D, 0x6E, 0x43, 0x28, 0xD8, 0xDA, 0x5C, 0x2C, 0x5E, 0x2D, 0x16, 0xB5, 0xD5, 0xEF, 0xEC,
    0xEB, 0x73, 0xD6, 0x41, 0x18, 0x61, 0x8E, 0x48, 0x56, 0x06, 0x2D, 0x4C, 0xBD, 0x6A, 0xFD, 0xC1,
    0xEC, 0x6E, 0xC7, 0x09, 0x8D, 0xCE, 0x80, 0xF5, 0x45, 0x8D, 0x70, 0xF7, 0xF1, 0x40, 0x01, 0x57,
    0x26, 0x18, 0x4D, 0xDC, 0x40, 0x8F, 0xFD, 0x91, 0x02, 0x2B, 0x72, 0xDE, 0xBB, 0x40, 0xFC, 0x77,
    0xD5, 0xD2, 0x4B, 0xE6, 0xFE, 0x1C, 0x75, 0x9E, 0xA5, 0x6F, 0x83, 0x75, 0x17, 0x35, 0xCD, 0x36,
    0xEE, 0xE3, 0x2E, 0x1C, 0x83, 0x11, 0x0B, 0x5A, 0xF8, 0xCE, 0xA4, 0xB6, 0xF4, 0x5B, 0xE0, 0xE6,
    0x9D, 0xB5, 0x8F, 0x86, 0xFB, 0xCB, 0x0B, 0x17, 0xE3, 0x18, 0xE9, 0x21, 0x8D, 0xA0, 0x01, 0x47,
    0x18, 0xDD, 0xE0, 0xB2, 0xB2, 0xDC, 0x64, 0x39, 0x9D, 0x9E, 0xC7, 0xB9, 0x90, 0x75, 0x3C, 0xC2,
    0x27, 0x56, 0xAD, 0x6D, 0xC2, 0x09, 0x7A, 0x9E, 0x35, 0x45, 0x1D, 0x8C, 0x48, 0x2D, 0x52, 0xBC,
    0xE9, 0xF7, 0x70, 0x2D, 0x09, 0x3D, 0xF8, 0x93, 0xE6, 0xD9, 0x65, 0x12, 0xF1, 0x82, 0x49, 0x6B,
    0x3A, 0xF9, 0x63, 0xF4, 0xCD, 0xD7, 0xFC, 0x4F, 0x7B, 0xF1, 0xF8, 0x1C, 0x43, 0xA0, 0xB3, 0x22,
    0x6B, 0xAA, 0xEF, 0x9E, 0xC8, 0x98, 0x6C, 0xB3, 0xF2, 0x03, 0x4B, 0x4A, 0xA4, 0xA9, 0x45, 0x03,
    0x41, 0x7F, 0x7D, 0x68, 0x1F, 0x63, 0xF0, 0x6D, 0x65, 0xD1, 0x07, 0x4D, 0x34, 0x1D, 0x5A, 0xEC,
    0xEF, 0x9A, 0x8A, 0xA6, 0xDF, 0x44, 0x85, 0x84, 0x90, 0x7F, 0x9D, 0xE4, 0xC7, 0x4F, 0x30, 0x76,
    0xDA, 0x5C, 0x85, 0x96, 0xC0, 0x88, 0x69, 0x3A, 0x5B, 0xB4, 0xB5, 0xC6, 0x6F, 0x69, 0x6D, 0x12,
    0x5E, 0x66, 0x09, 0x4C, 0x61, 0x2F, 0x71, 0x2C, 0xAD, 0x25, 0x34, 0x49, 0xD8, 0xDC, 0xC4, 0x37,
    0x12, 0x7C, 0xBD, 0xBB, 0x6B, 0x7C, 0x2F, 0xAC, 0xF0, 0x1D, 0x36, 0xF1, 0xAD, 0x96, 0xF8, 0xF2,
    0x07, 0x64, 0xB5, 0xC4, 0xD7, 0x50, 0x66, 0x3B, 0x5E, 0x55, 0x26, 0x70, 0xC6, 0xA9, 0x7D, 0xDF,
    0xB6, 0xBB, 0x3E, 0x1D, 0x48, 0xD0, 0x1C, 0x09, 0x27, 0xE2, 0x7B, 0x19, 0xA9, 0x58, 0xD0, 0x78,
    0xB4, 0xC1, 0xD3, 0x10, 0xF8, 0xA8, 0xE1, 0xB2, 0x16, 0x14, 0x07, 0x17, 0x3B, 0xF7, 0xF1, 0xC3,
    0x6B, 0x23, 0xFE, 0x40, 0xDE, 0x75, 0x42, 0x82, 0x35, 0xB5, 0x2D, 0x55, 0xBF, 0x6D, 0xCC, 0x51,
    0x38, 0x09, 0x7E, 0xFD, 0xBE, 0x66, 0x54, 0x31, 0x5E, 0x18, 0xE4, 0x56, 0xCE, 0xBC, 0x99, 0x3A,
    0x93, 0x1B, 0x13, 0x0D, 0xEA, 0x61, 0xAA, 0x37, 0xE4, 0x71, 0xA2, 0x95, 0x56, 0x6F, 0x49, 0x23,
    0xB7, 0xA8, 0x13, 0x85, 0x0D, 0xC6, 0xA8, 0x7C, 0x38, 0xDF, 0xF5, 0x70, 0x83, 0x0D, 0x7F, 0xCA,
    0x1B, 0x24, 0x7E, 0x0B, 0x37, 0x02, 0x0A, 0xCB, 0xB8, 0x12, 0x13, 0x8D, 0x81, 0x37, 0x6E, 0x47,
    0xE2, 0x56, 0x6E, 0xA1, 0xC4, 0x6F, 0xDA, 0x9D, 0xDE, 0x90, 0x4E, 0xD6, 0x21, 0xC3, 0x0B, 0x39,
    0x01, 0xF6, 0xF1, 0x46, 0xDF, 0x0E, 0x24, 0xE1, 0xB8, 0x78, 0x4B, 0x44, 0xE9, 0xBC, 0xD1, 0xE5,
    0x29, 0x8C, 0xA7, 0x48, 0x42, 0x35, 0x75, 0x99, 0xEE, 0x4F, 0x25, 0x72, 0x27, 0x9E, 0x6D, 0x4D,
    0xC5, 0x8E, 0x31, 0x85, 0xC5, 0xAC, 0x0C, 0xB3, 0x52, 0x50, 0x1C, 0x43, 0xA3, 0xA9, 0x46, 0xDE,
    0xE0, 0x1C, 0x6E, 0x2C, 0x36, 0x6A, 0x7E, 0x28, 0x1A, 0x13, 0xFE, 0x17, 0xB3, 0x2F, 0x60, 0xA6,
    0xB9, 0xA5, 0x64, 0xBF, 0xE2, 0x67, 0x46, 0x5D, 0xBC, 0xD0, 0x5B, 0xE8, 0xC2, 0xD6, 0x85, 0x83,
    0x72, 0x19, 0x4F, 0x34, 0xDA, 0x04, 0x93, 0x0B, 0x74, 0xB9, 0x26, 0x58, 0x9A, 0x2E, 0xDB, 0xC1,
    0xD9, 0x92, 0xDC, 0x5E, 0x56, 0x6B, 0x3A, 0xA3, 0x50, 0x52, 0xCD, 0x21, 0x12, 0x4D, 0x57, 0xE2,
    0x52, 0x82, 0x63, 0x54, 0x67, 0xE2, 0xF5, 0x1B, 0x51, 0xB3, 0x00, 0xBA, 0x59, 0x4A, 0x60, 0xA6,
    0x42, 0xC3, 0xF4, 0x25, 0xBD, 0x9B, 0x17, 0x6F, 0x59, 0x89, 0x3B, 0x62, 0x9D, 0xD7, 0x15, 0xEB,
    0x5D, 0x65, 0xD0, 0x19, 0xCD, 0xE7, 0x52, 0x4D, 0xF8, 0x92, 0x5C, 0x92, 0xBC, 0x58, 0x92, 0x17,
    0x49, 0xE1, 0x43, 0xDB, 0x16, 0x7C, 0x6E, 0xAD, 0x43, 0xFF, 0x45, 0x71, 0x9A, 0x2E, 0x15, 0x5C,
    0x11, 0xEE, 0xD8, 0xBC, 0x75, 0x60, 0xF6, 0x76, 0xB8, 0xDC, 0xA4, 0x98, 0xAE, 0x5E, 0xE8, 0x98,
    0x75, 0xD4, 0x51, 0xEE, 0x48, 0x4E, 0x34, 0xAD, 0x0C, 0x3E, 0xD0, 0x9F, 0xD7, 0x95, 0x74, 0x47,
    0x73, 0xD0, 0x0A, 0xB1, 0x66, 0xD4, 0x14, 0x34, 0xC9, 0x05, 0x0B, 0x47, 0x34, 0x02, 0x97, 0xA4,
    0xEF, 0x69, 0x2E, 0x5A, 0x10, 0x7C, 0xB6, 0xA8, 0xC6, 0x35, 0xD5, 0xA9, 0xA6, 0x60, 0x54, 0x17,
    0xF2, 0x6D, 0x50, 0xEA, 0x1D, 0xD9, 0x94, 0x17, 0xF9, 0xC7, 0xD5, 0xC0, 0xB8, 0x42, 0x12, 0x9A,
    0xF2, 0x1E, 0xBA, 0x9F, 0x50, 0x1A, 0x32, 0x25, 0x3B, 0xD3, 0xD1, 0xE2, 0x55, 0xC1, 0xEE, 0xA2,
    0x28, 0xCA, 0x03, 0x39, 0xEB, 0xE5, 0xFF, 0xAB, 0x9C, 0x77, 0xBF, 0x40, 0xCE, 0xF1, 0x17, 0xC8,
    0xD9, 0xFF, 0xEA, 0xE5, 0xEC, 0xF7, 0x61, 0x2E, 0x58, 0x5F, 0x12, 0xD3, 0x72, 0x89, 0x58, 0x57,
    0x09, 0xF6, 0xE7, 0xC3, 0xF6, 0x00, 0x7A, 0x0F, 0x7D, 0x59, 0x7A, 0xB3, 0xBF, 0x00, 0x7A, 0x53,
    0x4E, 0x30, 0x9A, 0x3A, 0x1A, 0x0D, 0x4D, 0xA4, 0x21, 0x98, 0x37, 0x1E, 0xFE, 0x65, 0xD2, 0xFB,
    0xF2, 0x97, 0xB3, 0xE3, 0x42, 0xB3, 0x9E, 0xF3, 0xE7, 0xE5, 0xB6, 0x1D, 0xC9, 0xED, 0x31, 0x4F,
    0x73, 0xA7, 0xFC, 0xAA, 0xFC, 0xEC, 0xD4, 0x7F, 0xC5, 0xCE, 0xC6, 0xAF, 0xDC, 0x43, 0x7E, 0xA5,
    0x0B, 0x14, 0xCD, 0xA6, 0x5D, 0xA4, 0x6A, 0xD3, 0x89, 0xD8, 0xA3, 0x89, 0x2B, 0xA1, 0x37, 0x7E,
    0x4D, 0x16, 0x88, 0x6E, 0xAA, 0x0D, 0x37, 0xC2, 0x0C, 0x67, 0xCA, 0x7E, 0x27, 0x5E, 0xDA, 0xEB,
    0xD5, 0x84, 0x07, 0x23, 0x1A, 0x76, 0x5D, 0x2D, 0xF9, 0x65, 0xA9, 0x2C, 0x98, 0x6C, 0xF1, 0x26,
    0xA7, 0x64, 0xBA, 0x0B, 0x4F, 0x14, 0x21, 0xC4, 0x19, 0xC9, 0x10, 0x4B, 0xB1, 0x67, 0x26, 0xC4,
    0x99, 0x06, 0x03, 0xF0, 0x8F, 0x39, 0xBC, 0x6F, 0x6B, 0xA6, 0xB5, 0x9E, 0x1D, 0x12, 0x3E, 0x5F,
    0xE7, 0x25, 0xF8, 0xFC, 0x78, 0xF5, 0x4D, 0xF3, 0xC3, 0x94, 0x1C, 0x55, 0xBE, 0x44, 0x76, 0x5E,
    0xBC, 0xE9, 0x68, 0xA1, 0x63, 0x10, 0x69, 0xFA, 0xFF, 0x63, 0x35, 0xDA, 0x01, 0x3A, 0x05, 0x21,
    0xD6, 0xEE, 0xF5, 0xA4, 0x4E, 0x18, 0x15, 0x5F, 0x02, 0xF2, 0xCA, 0xBA, 0x11, 0xE4, 0xEC, 0x78,
    0x9A, 0x6E, 0xC2, 0x93, 0xA9, 0x32, 0x5C, 0x07, 0x71, 0x91, 0x4C, 0x8F, 0x1A, 0x3E, 0x97, 0xC1,
    0x77, 0x99, 0x4C, 0x08, 0x7F, 0x42, 0x08, 0xFB, 0x93, 0xB7, 0x74, 0x4F, 0x6D, 0x96, 0xCF, 0x21,
    0x7A, 0x48, 0x57, 0xF5, 0xE5, 0x13, 0xD0, 0x1F, 0x96, 0xBA, 0xC1, 0xC6, 0xB6, 0xE8, 0xB4, 0xEA,
    0xA4, 0x21, 0x03, 0x7D, 0xD1, 0x0E, 0x71, 0x78, 0xDB, 0x1A, 0x9B, 0x67, 0xC9, 0x7D, 0xE1, 0xFA,
    0xE5, 0xF9, 0x19, 0x2A, 0x98, 0x3C, 0xE7, 0x66, 0x8D, 0x5E, 0xCF, 0x4A, 0xDE, 0xCB, 0x2A, 0x46,
    0x05, 0x52, 0x47, 0x50, 0x2C, 0x09, 0xAC, 0xB5, 0x6B, 0x9B, 0x8E, 0xD7, 0xAC, 0x7A, 0x68, 0xF9,
    0x05, 0x00, 0x0E, 0x55, 0xF6, 0xBA, 0x71, 0x85, 0x8D, 0x68, 0xCE, 0xC3, 0x51, 0x36, 0xCE, 0x71,
    0xCD, 0x7C, 0x1D, 0xCE, 0x17, 0x79, 0x3C, 0x12, 0x1C, 0x51, 0xD4, 0x6D, 0xF1, 0xCF, 0x41, 0x29,
    0xF2, 0x3F, 0x7A, 0x4F, 0x09, 0x21, 0x1B, 0x56, 0xF5, 0x86, 0x65, 0xA1, 0x25, 0xDC, 0xAC, 0x27,
    0x2C, 0x7F, 0xF4, 0xAB, 0xD7, 0x3C, 0x09, 0xE6, 0xE6, 0xAA, 0x2C, 0x70, 0x42, 0x08, 0x80, 0x9C,
    0xB9, 0x0E, 0x86, 0x11, 0x8A, 0x99, 0x9F, 0xA9, 0x6A, 0x78, 0xD5, 0x2C, 0x3B, 0x48, 0x55, 0xC9,
    0x6D, 0xA5, 0x45, 0x25, 0xA8, 0xF0, 0xB4, 0xBC, 0xE3, 0x76, 0x02, 0xB2, 0xF3, 0x33, 0xA7, 0x44,
    0x30, 0xC1, 0x5D, 0x99, 0xB3, 0xAC, 0x59, 0xAD, 0x54, 0xDE, 0x19, 0x4B, 0xAC, 0x2B, 0x7A, 0xAA,
    0x18, 0x40, 0xE2, 0xBE, 0x8F, 0x53, 0xA8, 0x3D, 0xD9, 0xA7, 0x53, 0x93, 0x20, 0xD0, 0x45, 0x55,
    0x4A, 0x30, 0xA1, 0x0A, 0x51, 0x12, 0xBD, 0xD6, 0x5A, 0x76, 0xB5, 0x64, 0x12, 0x29, 0x71, 0x54,
    0x1A, 0x8B, 0x24, 0xF9, 0xA8, 0xBC, 0x4A, 0xE8, 0xA0, 0xF5, 0x6D, 0x2D, 0xBB, 0xEC, 0x08, 0x37,
    0x44, 0x2F, 0x97, 0xFA, 0xC1, 0x57, 0x95, 0x53, 0x9D, 0x52, 0x43, 0x03, 0x85, 0xC4, 0x7F, 0xB0,
    0x64, 0xDC, 0x8F, 0xA9, 0xF7, 0x42, 0x3A, 0xC5, 0xB9, 0xB3, 0xD2, 0x01, 0x42, 0xCE, 0x56, 0xC2,
    0x3F, 0x46, 0xEC, 0x6A, 0x95, 0xBA, 0xAB, 0x95, 0xF5, 0xF7, 0x8A, 0xFB, 0x89, 0x5F, 0xA8, 0x1D,
    0x2B, 0xC1, 0xB1, 0x3E, 0x75, 0x95, 0xC1, 0xB0, 0x3E, 0x98, 0xFA, 0xEB, 0xB2, 0x05, 0x50, 0xEA,
    0xAD, 0xD4, 0x3F, 0x96, 0xD4, 0x0F, 0x5F, 0x48, 0xBD, 0xFF, 0x55, 0x50, 0x1F, 0x7C, 0x85, 0xD4,
    0x1F, 0xFA, 0x85, 0x59, 0x57, 0xB6, 0x30, 0x4B, 0x84, 0x1F, 0x7F, 0x34, 0xAA, 0xB7, 0x8E, 0xCB,
    0x6F, 0x35, 0xF5, 0x51, 0x23, 0xC5, 0x85, 0x70, 0x8C, 0x5C, 0x04, 0xB4, 0x5A, 0xB7, 0xAA, 0xEA,
    0xF5, 0xC3, 0x6F, 0xAD, 0xE6, 0x8B, 0xBE, 0x47, 0xBC, 0xF8, 0xE3, 0xCA, 0x43, 0x9C, 0xBE, 0x87,
    0xE0, 0xEF, 0x3D, 0xF7, 0xB7, 0x46, 0x4A, 0x5B, 0x20, 0x26, 0x77, 0x4A, 0x22, 0x0E, 0x4E, 0x1C,
    0x9F, 0x38, 0x18, 0x71, 0x71, 0xE2, 0xCD, 0xC4, 0xFF, 0x89, 0x63, 0x95, 0x62, 0xB2, 0xA4, 0xA5,
    0x5A, 0x89, 0xCD, 0x8D, 0xC6, 0x36, 0x9D, 0x3F, 0x3F, 0x38, 0x5F, 0xA2, 0x63, 0xB1, 0x9C, 0x2F,
    0xF5, 0xD5, 0xCC, 0x6A, 0x74, 0x35, 0x27, 0x2F, 0xAF, 0xAA, 0xB0, 0x69, 0xBB, 0xCA, 0xBE, 0xEF,
    0x57, 0x4C, 0xD6, 0x8B, 0x8D, 0x6C, 0x56, 0x96, 0x8E, 0x4F, 0x30, 0x71, 0xA9, 0xB3, 0x0C, 0x08,
    0x7E, 0xEA, 0x8B, 0x1F, 0x18, 0x50, 0xAF, 0x5D, 0x1C, 0x38, 0xE0, 0x6B, 0x49, 0x73, 0x3E, 0x70,
    0x40, 0x30, 0xF7, 0xD6, 0x03, 0x5E, 0x35, 0x99, 0x0D, 0xE4, 0x0F, 0xEF, 0xAF, 0x38, 0xC6, 0x77,
    0x92, 0x5F, 0xF3, 0x24, 0x20, 0x4F, 0xEE, 0xD9, 0x21, 0x2D, 0x16, 0x97, 0x1D, 0xE6, 0xBA, 0xB0,
    0x20, 0x2E, 0xEB, 0x26, 0xE3, 0x92, 0x69, 0x1A, 0x1B, 0xE4, 0xB1, 0x60, 0x2D, 0x5C, 0xD3, 0x8D,
    0xE5, 0xEA, 0xB1, 0xB0, 0x5D, 0x31, 0x14, 0x0E, 0x08, 0x3E, 0xA1, 0x35, 0x9F, 0xB3, 0xAE, 0x3C,
    0x3E, 0xC6, 0x39, 0x4B, 0x6C, 0xE3, 0x92, 0xE7, 0x1D, 0x33, 0x73, 0xBC, 0xAC, 0x45, 0x6A, 0xA8,
    0x5F, 0x65, 0x74, 0x33, 0x13, 0x5C, 0x2C, 0x58, 0x91, 0x95, 0x12, 0xAE, 0xE0, 0xA2, 0x8C, 0x10,
    0xE0, 0xC9, 0xB8, 0x82, 0x26, 0x18, 0x0A, 0xF4, 0x83, 0xDF, 0x52, 0x94, 0x35, 0x0D, 0xBC, 0xEF,
    0x2D, 0xA5, 0x33, 0x3D, 0xF0, 0x2D, 0x21, 0xE2, 0x1C, 0xA5, 0xBA, 0xC4, 0x1A, 0xA6, 0x78, 0x47,
    0xB3, 0x31, 0xCD, 0xDB, 0xAB, 0xCE, 0x97, 0xEA, 0x31, 0x66, 0xF2, 0x2E, 0xE7, 0x3D, 0xB5, 0x2C,
    0xCF, 0x21, 0xFE, 0x49, 0x99, 0x6D, 0x52, 0x3C, 0xC8, 0x2E, 0x2C, 0x4F, 0x9C, 0x79, 0x2C, 0xC4,
    0x61, 0x58, 0xD8, 0x61, 0x3B, 0x5F, 0xE1, 0x63, 0x29, 0x44, 0x63, 0x26, 0x87, 0x79, 0x72, 0xC2,
    0xB7, 0x59, 0x09, 0xE7, 0x82, 0x45, 0xA7, 0xE9, 0x07, 0x16, 0xCC, 0xD4, 0xE8, 0x65, 0x98, 0x8B,
    0xB8, 0xF5, 0x39, 0x8C, 0x9F, 0x04, 0x9F, 0x4C, 0x22, 0xC8, 0x90, 0xBE, 0xA0, 0x9A, 0xDF, 0x22,
    0x62, 0x34, 0xCB, 0x65, 0x09, 0x38, 0xAA, 0x4F, 0xA9, 0x04, 0xA6, 0x13, 0xCE, 0x1B, 0xAB, 0x3B,
    0x0E, 0x7E, 0xAE, 0x09, 0x82, 0x5F, 0xA7, 0xF9, 0x41, 0x49, 0x39, 0x35, 0x67, 0x71, 0x05, 0x10,
    0xB8, 0xBB, 0xA3, 0xAC, 0x88, 0x81, 0x28, 0x52, 0xA7, 0xC7, 0x44, 0xE4, 0x11, 0x97, 0xFC, 0x29,
    0xB3, 0x18, 0x2C, 0x71, 0x1A, 0x38, 0x49, 0x49, 0x01, 0x89, 0xA3, 0x47, 0x2E, 0xBD, 0x87, 0x07,
    0x6F, 0xB3, 0x58, 0x92, 0x69, 0xD1, 0xB2, 0xC3, 0x03, 0x66, 0x44, 0x3B, 0xC0, 0x9A, 0x13, 0x4E,
    0x80, 0x0A, 0x4E, 0x88, 0x72, 0xA0, 0xCF, 0xB2, 0x11, 0x12, 0xA0, 0xFA, 0x02, 0x27, 0x40, 0xC2,
    0x74, 0x16, 0x6F, 0x03, 0x59, 0x99, 0x00, 0x60, 0xEF, 0x97, 0x92, 0x4E, 0x65, 0x9F, 0xB1, 0x5A,
    0x91, 0x4B, 0xB2, 0x25, 0xD0, 0xA4, 0xF4, 0x4C, 0x46, 0x4F, 0x5A, 0x26, 0x10, 0x51, 0x9E, 0x76,
    0xA7, 0x32, 0x4C, 0xCE, 0xB8, 0x0F, 0x21, 0x0D, 0xA1, 0x73, 0x53, 0x99, 0xDB, 0x25, 0xAB, 0xFF,
    0xAD, 0xCC, 0x3A, 0x83, 0x31, 0xE2, 0x36, 0xEF, 0xFB, 0x9C, 0x13, 0x46, 0x26, 0x2C, 0xA2, 0x50,
    0x7A, 0x3C, 0xBA, 0x42, 0x66, 0x8D, 0x1B, 0xB7, 0x17, 0x89, 0x6E, 0x2B, 0xB2, 0x56, 0xA0, 0xDA,
    0x9A, 0x8A, 0x19, 0xD8, 0xB3, 0x04, 0x1D, 0x4F, 0xA2, 0x6F, 0x59, 0xAF, 0xAE, 0xE7, 0x03, 0x75,
    0x59, 0xCF, 0x88, 0x83, 0x9A, 0x44, 0xE9, 0xAA, 0xDB, 0x3A, 0xF6, 0xBE, 0x7A, 0x2E, 0xD1, 0xDC,
    0xAA, 0xE3, 0xEB, 0x90, 0xBB, 0x60, 0x3F, 0x4A, 0xCC, 0xB0, 0x0D, 0x23, 0x08, 0x56, 0x63, 0xF6,
    0x00, 0xD8, 0x00, 0x4A, 0xD8, 0x69, 0x4F, 0xA5, 0x22, 0x66, 0x83, 0x9C, 0x1B, 0x2D, 0x0B, 0x88,
    0x2E, 0x3D, 0xD4, 0x33, 0x36, 0xA3, 0x32, 0x76, 0xDB, 0xCC, 0xEF, 0x7E, 0x0B, 0xC8, 0xD3, 0x9A,
    0x87, 0x1E, 0x05, 0x99, 0x4A, 0xF6, 0x4E, 0x71, 0x93, 0xF1, 0xC7, 0xDF, 0x9B, 0xC7, 0xBF, 0xF1,
    0xE4, 0xF9, 0x7D, 0xA8, 0xB9, 0xFD, 0xB6, 0x16, 0x0B, 0xC4, 0xF7, 0xAB, 0x7B, 0x7B, 0x29, 0x6A,
    0xBF, 0xF1, 0xE4, 0x9D, 0x91, 0xFD, 0x3F, 0x7C, 0xFF, 0xAC, 0xB5, 0x01, 0x89, 0xCF, 0xAD, 0x58,
    0xE4, 0x99, 0x03, 0x4A, 0x03, 0xDF, 0x2C, 0xF2, 0x8E, 0x4A, 0x9D, 0x33, 0xAC, 0xE3, 0x3A, 0x6A,
    0xBD, 0x01, 0x3B, 0x9D, 0xF4, 0xF9, 0x5A, 0x83, 0x0C, 0x4B, 0x04, 0xDC, 0xDE, 0xBF, 0x8B, 0xB5,
    0xE6, 0xA4, 0xF4, 0x26, 0xEC, 0x34, 0x47, 0x24, 0x53, 0x3F, 0x32, 0xE1, 0xBA, 0xC8, 0x55, 0xDD,
    0x91, 0xF2, 0x1E, 0xD2, 0xB5, 0x39, 0x14, 0x3C, 0xE0, 0x15, 0x07, 0x35, 0x67, 0xF1, 0x6D, 0x40,
    0x4E, 0xF6, 0x87, 0xC4, 0x95, 0x7F, 0x4C, 0x3F, 0x22, 0x62, 0x61, 0x79, 0xEC, 0x33, 0xEB, 0xE0,
    0x3B, 0xC0, 0x91, 0xC1, 0x24, 0x23, 0x96, 0xA0, 0x34, 0xAE, 0xF1, 0x14, 0xDE, 0x35, 0x90, 0x93,
    0x1F, 0xDB, 0x61, 0xE3, 0xC5, 0x20, 0x32, 0x9B, 0x8B, 0xF2, 0xBA, 0x6D, 0xD2, 0x92, 0x91, 0x25,
    0x1E, 0x23, 0xD9, 0x08, 0x7A, 0xF6, 0x46, 0xAF, 0x21, 0x6C, 0x9C, 0x34, 0x1E, 0xCA, 0xD9, 0xC4,
    0xA8, 0xDE, 0x3F, 0x70, 0xC9, 0xB8, 0x94, 0x16, 0x02, 0x07, 0x91, 0x45, 0x62, 0xA9, 0xB4, 0x64,
    0xB6, 0x91, 0xFC, 0x31, 0xB9, 0xA1, 0x59, 0x7B, 0xD8, 0x21, 0x1A, 0xB9, 0xC8, 0x92, 0x2D, 0x7D,
    0xAF, 0x2B, 0xE7, 0x66, 0xF9, 0x52, 0x1F, 0xF4, 0xB3, 0x73, 0x40, 0x00, 0x3A, 0xB9, 0x78, 0x43,
    0x02, 0x50, 0x25, 0xF4, 0xE9, 0x3E, 0xD5, 0x74, 0xEA, 0xDE, 0xB0, 0x87, 0x8F, 0x9C, 0x9F, 0xFF,
    0xE2, 0x61, 0x49, 0x0A, 0xE4, 0x30, 0x49, 0x6B, 0xAA, 0x9F, 0x33, 0x2C, 0xD5, 0xCF, 0xFE, 0x81,
    0x61, 0xA1, 0xAF, 0x57, 0x9A, 0x91, 0xAF, 0xCB, 0x59, 0xDC, 0xCB, 0x14, 0x51, 0x2D, 0xD1, 0x04,
    0x1B, 0x1A, 0x8F, 0x14, 0xA7, 0xD2, 0x96, 0xA0, 0x51, 0x37, 0xD7, 0x2A, 0x48, 0xAB, 0x67, 0xF9,
    0xB7, 0x56, 0xD4, 0xB8, 0xA2, 0x40, 0xE4, 0x2A, 0xB7, 0x85, 0x2B, 0xE4, 0x3A, 0xBE, 0x7C, 0xFF,
    0x00, 0xFA, 0x33, 0xCB, 0x36, 0x92, 0x11, 0x4A, 0x86, 0x35, 0xDF, 0xCD, 0x35, 0x51, 0x59, 0x13,
    0x2A, 0x1A, 0xEE, 0xB2, 0xF3, 0x2F, 0xC7, 0x96, 0xF0, 0x8F, 0xB3, 0xE5, 0x4F, 0xA0, 0xDF, 0xFC,
    0x49, 0xF4, 0x2F, 0xAB, 0xFB, 0xEE, 0x18, 0xBA, 0xD0, 0xE8, 0x1B, 0xB6, 0x89, 0x28, 0xC2, 0x0F,
    0x0F, 0xEA, 0x59, 0xF8, 0x36, 0xD1, 0x9F, 0xE6, 0x92, 0x63, 0x79, 0x56, 0xDE, 0x87, 0x16, 0x44,
    0x5A, 0xB8, 0xEC, 0x92, 0x6E, 0xE3, 0xF1, 0xC1, 0xFA, 0x5F, 0x48, 0x9A, 0xB7, 0xFF, 0xFF, 0x23,
    0xF4, 0x8F, 0x98, 0xC5, 0xE7, 0xE8, 0x7F, 0xFA, 0x95, 0xE9, 0xFF, 0x8B, 0xFB, 0x1B, 0xFD, 0x2E,
    0xBA, 0xD5, 0xF2, 0x5C, 0x09, 0xE9, 0x7E, 0xCA, 0x0F, 0x2F, 0x16, 0xB9, 0x61, 0x53, 0xC1, 0xC0,
    0x3E, 0x1C, 0x39, 0xDB, 0xE8, 0x05, 0x41, 0xBC, 0x59, 0x68, 0xE9, 0x8D, 0x75, 0xC8, 0x52, 0x52,
    0xE2, 0x3D, 0x49, 0xF8, 0xA4, 0x59, 0x47, 0x77, 0xBB, 0xF0, 0xDB, 0x8D, 0xE8, 0x9B, 0x94, 0x16,
    0xED, 0xAF, 0x5B, 0x61, 0xFB, 0xEF, 0x15, 0xFA, 0x46, 0x9F, 0xCD, 0xB2, 0xCE, 0xAA, 0x0A, 0x19,
    0xBA, 0xDA, 0xF5, 0xF8, 0xF9, 0x63, 0xED, 0x66, 0xC3, 0xCE, 0xAC, 0xB5, 0x59, 0x57, 0xD4, 0x7A,
    0x71, 0x71, 0x45, 0xA3, 0xB5, 0xBC, 0x53, 0xB9, 0x82, 0x9B, 0x66, 0x61, 0x6E, 0x1F, 0xD1, 0xBB,
    0x56, 0x0C, 0x3A, 0xC6, 0x58, 0x4B, 0x84, 0x85, 0x9C, 0xED, 0x83, 0x08, 0x71, 0xC0, 0xB3, 0xAC,
    0x4D, 0x8F, 0xAD, 0xCD, 0x63, 0xFC, 0x66, 0x25, 0x89, 0x05, 0xA2, 0x40, 0xC5, 0x8D, 0x01, 0x79,
    0x56, 0xE0, 0x30, 0x26, 0xDE, 0xFA, 0x33, 0x96, 0xC5, 0x91, 0xD0, 0xD3, 0xCF, 0x1E, 0x44, 0x90,
    0x8E, 0x69, 0x4F, 0x91, 0xB1, 0xAE, 0x94, 0xAE, 0x4C, 0x28, 0x5D, 0x59, 0x5D, 0x6B, 0x85, 0xBD,
    0x1E, 0x3F, 0x25, 0xB5, 0x3F, 0xE9, 0x79, 0xBE, 0x37, 0x69, 0xD5, 0x4E, 0xA4, 0xC4, 0x83, 0x66,
    0x39, 0x1F, 0x9A, 0x35, 0x8B, 0x0E, 0x27, 0xE9, 0x9C, 0x31, 0xD0, 0xE2, 0xEB, 0x5A, 0xE4, 0xF3,
    0xA5, 0xD8, 0x6F, 0x47, 0xA9, 0x6A, 0x1C, 0xAE, 0x06, 0x6D, 0x0E, 0x48, 0xFB, 0x54, 0x4B, 0x95,
    0x7A, 0x18, 0xC0, 0xBB, 0xA0, 0x50, 0xB4, 0x5A, 0xDE, 0x2E, 0x1A, 0x69, 0xA7, 0x42, 0x2E, 0x1E,
    0xBA, 0x46, 0x2A, 0xAD, 0xFA, 0x93, 0xD6, 0xD6, 0x48, 0xB8, 0x8B, 0xA5, 0x02, 0xFD, 0x57, 0x52,
    0x38, 0xF4, 0x6D, 0x5C, 0xC7, 0x12, 0xB6, 0xE3, 0x8E, 0x8E, 0x23, 0x98, 0x62, 0x39, 0x73, 0x0D,
    0x47, 0x5F, 0x4F, 0xF0, 0x5C, 0xAD, 0xD1, 0x55, 0xD9, 0x78, 0xB6, 0xB9, 0x51, 0xB9, 0x5C, 0x76,
    0x2C, 0x6C, 0xB9, 0xE8, 0x93, 0xB1, 0xF3, 0x82, 0xF7, 0x5F, 0xAD, 0xAB, 0xD4, 0xC2, 0x9A, 0x79,
    0xE5, 0x81, 0x5A, 0xB1, 0x51, 0x39, 0x86, 0x5D, 0x39, 0x6B, 0x59, 0xFB, 0xA9, 0x07, 0xDD, 0x55,
    0xF1, 0xAB, 0x37, 0x8C, 0x1C, 0xAE, 0xA6, 0x3D, 0xC2, 0x46, 0x55, 0xA7, 0x03, 0x6C, 0x03, 0xFB,
    0x9B, 0x19, 0x4A, 0x2B, 0xC7, 0xF3, 0x09, 0x43, 0x6F, 0xD6, 0x79, 0xEC, 0xD6, 0x40, 0x24, 0x2D,
    0xDA, 0xC8, 0xE6, 0x55, 0x73, 0xC2, 0x1E, 0xB2, 0xCD, 0x3F, 0xCE, 0xA7, 0xED, 0xDD, 0x8F, 0x6D,
    0x5F, 0xD9, 0x57, 0xF1, 0xCA, 0x1C, 0x23, 0xF4, 0xF7, 0xE1, 0xB0, 0xD6, 0x3B, 0xA9, 0xA6, 0xE8,
    0xF1, 0x88, 0x26, 0xBC, 0xB5, 0xEB, 0xE4, 0xA2, 0xEB, 0xBC, 0xE7, 0x13, 0x4E, 0x4F, 0xEC, 0x2B,
    0x1A, 0x60, 0x1A, 0xD8, 0x48, 0x3C, 0x4C, 0xD2, 0x43, 0xB7, 0x04, 0x11, 0x70, 0x16, 0xE4, 0x09,
    0x26, 0x48, 0x6F, 0x80, 0xA7, 0xA0, 0x12, 0xCE, 0x54, 0x5A, 0xC1, 0x25, 0x9E, 0xC2, 0xE2, 0xB7,
    0x8D, 0x20, 0x83, 0xEC, 0xA3, 0x9A, 0x8C, 0x60, 0xC3, 0xEE, 0x85, 0x72, 0xD5, 0xB2, 0x57, 0x89,
    0x68, 0x78, 0xB6, 0xFC, 0x87, 0x9E, 0xB8, 0x0C, 0x8C, 0xE3, 0x3B, 0x3C, 0x0B, 0x7E, 0xFC, 0x6B,
    0x67, 0x88, 0xD7, 0x07, 0x60, 0x80, 0x65, 0x87, 0xA2, 0xBD, 0x0D, 0x64, 0xCE, 0xCB, 0x66, 0x94,
    0x02, 0x7F, 0x6C, 0x59, 0x7F, 0xDA, 0xFC, 0x24, 0xFD, 0x8B, 0xB9, 0xB4, 0x1A, 0x80, 0x3A, 0x50,
    0x2F, 0xDC, 0x28, 0x78, 0x72, 0x20, 0x59, 0x63, 0x86, 0xDD, 0x7C, 0x29, 0x58, 0x00, 0x9F, 0x02,
    0x38, 0xC0, 0x5E, 0xA0, 0x73, 0xD8, 0xEC, 0x0A, 0x1A, 0x59, 0x7F, 0xDC, 0xBE, 0xFA, 0x8C, 0x7D,
    0xB7, 0x40, 0x52, 0x39, 0xA7, 0xC0, 0x9D, 0x78, 0xF8, 0x93, 0xA7, 0x27, 0x59, 0xEC, 0x29, 0x4B,
    0x3A, 0x24, 0x34, 0x11, 0xD3, 0x58, 0x4F, 0x0E, 0xB8, 0xB4, 0xD1, 0xEC, 0x00, 0xC5, 0xF0, 0xE8,
    0x19, 0x45, 0x22, 0x6C, 0xD0, 0x69, 0x85, 0x11, 0xC6, 0xB2, 0xC4, 0x2F, 0x02, 0x29, 0x5A, 0x08,
    0x48, 0x38, 0x01, 0x44, 0x6C, 0x2B, 0xF2, 0xF0, 0x6D, 0xFE, 0x4F, 0xE3, 0xE3, 0xC2, 0x8A, 0x6C,
    0xBE, 0x63, 0x27, 0x15, 0x87, 0x1D, 0x90, 0x0B, 0xAE, 0x94, 0xE3, 0xE4, 0xD2, 0xE0, 0xFD, 0x86,
    0x19, 0x63, 0xF9, 0x12, 0x4F, 0x9C, 0x5E, 0x72, 0x3D, 0x30, 0x9E, 0x96, 0x6C, 0xF2, 0xAF, 0x5D,
    0x26, 0x45, 0x73, 0xE5, 0x5C, 0x8B, 0x65, 0xEF, 0xD2, 0xC1, 0x60, 0x61, 0x1B, 0x70, 0xE9, 0x64,
    0x0C, 0x46, 0x59, 0x3C, 0x64, 0x26, 0x9D, 0x75, 0xC9, 0x40, 0x00, 0x1F, 0xD9, 0x8E, 0x20, 0xE0,
    0xB0, 0x32, 0xA4, 0xD0, 0x8C, 0x6A, 0x9D, 0x1C, 0x5B, 0x17, 0x2D, 0x3D, 0xC0, 0xD1, 0xAA, 0x79,
    0x14, 0xB7, 0xC6, 0x36, 0x4F, 0x55, 0xAD, 0x5F, 0xDB, 0x8F, 0xDA, 0xA2, 0x3F, 0x96, 0x57, 0x40,
    0x86, 0x3D, 0x6C, 0xEC, 0xFF, 0x44, 0xEA, 0xCF, 0x82, 0x0A, 0xA3, 0x49, 0x75, 0x0B, 0x5E, 0x0C,
    0x92, 0x3C, 0x3B, 0x43, 0x22, 0x33, 0x60, 0xFE, 0x88, 0xF5, 0x46, 0xAA, 0x42, 0xDA, 0x69, 0xC2,
    0xE1, 0xFE, 0x8E, 0xE2, 0xEF, 0x72, 0xD6, 0xFB, 0x75, 0x36, 0x3D, 0x5F, 0xD2, 0x69, 0xB3, 0x9B,
    0x50, 0x1C, 0xCD, 0x71, 0x67, 0xCA, 0x93, 0x7A, 0x76, 0xA9, 0xB1, 0xD0, 0x49, 0xC4, 0xA5, 0xD9,
    0x66, 0x07, 0xEA, 0x3B, 0x2E, 0x56, 0xD1, 0x39, 0x06, 0xCB, 0x1E, 0x88, 0x8B, 0xAE, 0x2B, 0x2C,
    0xBE, 0x4F, 0xCE, 0x55, 0x2B, 0x0B, 0x17, 0xAF, 0xCC, 0x0C, 0xF3, 0xC1, 0xE4, 0xDB, 0x68, 0x0C,
    0xA7, 0x78, 0x48, 0x87, 0xF4, 0xAE, 0x2D, 0x33, 0xC0, 0x63, 0x04, 0x77, 0x38, 0x3D, 0x85, 0xEF,
    0x57, 0xB3, 0x29, 0xAC, 0x81, 0x4F, 0x49, 0x32, 0xF4, 0xB8, 0x4E, 0x33, 0x4E, 0x49, 0x96, 0x24,
    0x43, 0x9A, 0x65, 0x4B, 0xB8, 0x3C, 0x2A, 0x78, 0xF8, 0x01, 0x80, 0xDA, 0x18, 0x09, 0x90, 0x9A,
    0x5A, 0x10, 0xA8, 0x21, 0x54, 0x43, 0xB0, 0x86, 0x70, 0x4D, 0x66, 0x5D, 0xF1, 0x58, 0x97, 0x25,
    0x6C, 0xFE, 0xBC, 0x6A, 0x08, 0x9D, 0x31, 0xAC, 0x14, 0x36, 0x2E, 0x11, 0x10, 0x52, 0x79, 0x30,
    0x04, 0xED, 0x09, 0xEE, 0x8C, 0x80, 0x9E, 0x1A, 0xBF, 0x43, 0x4C, 0xDD, 0xDF, 0xAC, 0x1E, 0x30,
    0x1C, 0x43, 0x2C, 0xDE, 0x1C, 0x0E, 0x02, 0x18, 0x4A, 0x52, 0x57, 0x75, 0xD1, 0x64, 0x6D, 0xD5,
    0x12, 0x2A, 0x05, 0x25, 0xB1, 0x52, 0x8E, 0x1B, 0x01, 0x12, 0x26, 0x77, 0x0A, 0x4B, 0xEE, 0xC1,
    0x18, 0x67, 0x85, 0x27, 0x29, 0x47, 0xD8, 0x72, 0xDF, 0xD1, 0x14, 0xB5, 0xB1, 0x3F, 0x23, 0xFA,
    0x80, 0x2E, 0x43, 0x0F, 0xB2, 0x16, 0xEE, 0xB9, 0x33, 0xE1, 0x90, 0xB4, 0xA6, 0xA8, 0x8B, 0x5A,
    0x08, 0x4D, 0xBB, 0xA4, 0xE7, 0xBC, 0x32, 0x9A, 0xC9, 0x5C, 0xD9, 0xAD, 0x34, 0xAE, 0x07, 0x15,
    0xBA, 0xF6, 0x98, 0x92, 0x69, 0xFB, 0x84, 0xE6, 0xC7, 0x64, 0x82, 0x08, 0x09, 0x95, 0x80, 0x07,
    0xC3, 0x45, 0x48, 0x09, 0x5B, 0x69, 0x55, 0xBC, 0xBA, 0x06, 0x05, 0x1D, 0x2A, 0x10, 0x4E, 0xC6,
    0xA8, 0xEA, 0x8F, 0x67, 0xDD, 0x93, 0x45, 0xCB, 0x82, 0x03, 0xE3, 0x52, 0x19, 0xB0, 0xDB, 0x0A,
    0xD1, 0xE1, 0xA1, 0x78, 0x3C, 0x95, 0xCC, 0x5D, 0x0A, 0xAD, 0x9C, 0xF5, 0x9C, 0xCB, 0x73, 0x54,
    0x6A, 0x00, 0x9A, 0xC5, 0x3B, 0x38, 0x91, 0x3D, 0x7B, 0x0F, 0x19, 0xA5, 0x34, 0x18, 0x83, 0x14,
    0x24, 0x64, 0xF0, 0xB8, 0x1E, 0x5B, 0x33, 0x9E, 0x94, 0xD3, 0xBE, 0xC9, 0x15, 0xAC, 0x92, 0xC1,
    0x11, 0x20, 0xCB, 0xCD, 0x0F, 0x61, 0xF4, 0x06, 0xA4, 0x34, 0xB3, 0x45, 0x7B, 0xD4, 0xCE, 0x5A,
    0xCF, 0xA5, 0x14, 0xB5, 0xBC, 0x08, 0x77, 0x40, 0x31, 0xA5, 0x67, 0x3B, 0xBF, 0xF3, 0x9B, 0x47,
    0xD8, 0x5E, 0xB8, 0x94, 0x51, 0x2B, 0x89, 0x1A, 0x32, 0x04, 0xC2, 0x3A, 0x0F, 0xD7, 0x13, 0xCA,
    0xCE, 0x55, 0x00, 0xF1, 0xAB, 0x34, 0x0D, 0xD6, 0x02, 0x25, 0xEB, 0xAE, 0x32, 0x49, 0x92, 0x13,
    0xCC, 0xD9, 0xED, 0x4E, 0xCE, 0x98, 0x77, 0x44, 0x34, 0x50, 0xA5, 0x4E, 0x24, 0x73, 0x11, 0x03,
    0xF7, 0x7C, 0x68, 0x6F, 0x89, 0x55, 0x7A, 0xB6, 0xC0, 0x7A, 0x30, 0xCC, 0x7C, 0x87, 0x14, 0x44,
    0x93, 0x52, 0x21, 0xFB, 0xD5, 0x25, 0x73, 0xD2, 0xE1, 0x28, 0xC4, 0x72, 0x0A, 0x48, 0x5D, 0x57,
    0x62, 0x98, 0x8E, 0x24, 0xEB, 0x9A, 0x46, 0xB0, 0x6F, 0x1E, 0x32, 0xFE, 0xCC, 0x8C, 0x22, 0xFD,
    0xB0, 0x75, 0x87, 0x11, 0x6C, 0xCB, 0xC2, 0xFA, 0xB0, 0x82, 0x21, 0x2B, 0xE1, 0xD7, 0xB2, 0xDA,
    0x78, 0x1A, 0x85, 0x30, 0xD3, 0xAB, 0x5E, 0x6F, 0xA5, 0xA1, 0x10, 0x2E, 0x08, 0x5B, 0x5B, 0x5B,
    0x56, 0xF4, 0xE1, 0x45, 0x0B, 0x65, 0xAB, 0x5A, 0x7A, 0x9B, 0x06, 0x4A, 0x66, 0xD9, 0x0E, 0x40,
    0x77, 0x86, 0xE7, 0x99, 0xF8, 0xF8, 0x0E, 0xEE, 0x2E, 0x6B, 0x21, 0x2B, 0x51, 0xA0, 0xB8, 0xC3,
    0xCE, 0x3C, 0x94, 0x54, 0xCE, 0x75, 0x22, 0x5D, 0x63, 0x74, 0xC9, 0xDA, 0xA7, 0x88, 0xC2, 0x33,
    0xF8, 0x7D, 0x9B, 0x5A, 0xF5, 0x03, 0xCA, 0x36, 0x28, 0x0F, 0x68, 0xCB, 0x81, 0xA3, 0x3E, 0x87,
    0x3C, 0xB8, 0x07, 0x96, 0x85, 0x8D, 0x6D, 0x1F, 0xDB, 0xFF, 0xB6, 0xF6, 0xEC, 0x6F, 0xE7, 0xBD,
    0xAC, 0xDF, 0xCE, 0xFE, 0x33, 0xB0, 0x41, 0x30, 0xD7, 0xC8, 0x24, 0x8A, 0x0E, 0x5C, 0x89, 0xA5,
    0x31, 0xD3, 0xD6, 0x60, 0x52, 0x32, 0xB0, 0x97, 0x98, 0xE8, 0xE0, 0x5F, 0x34, 0x1D, 0x87, 0x44,
    0xEC, 0x7F, 0xC0, 0x8C, 0x12, 0x46, 0x23, 0x5F, 0xC8, 0x49, 0x6E, 0xB9, 0x02, 0x9E, 0x1C, 0xA4,
    0x64, 0xDA, 0x99, 0xE3, 0x14, 0xEB, 0xD4, 0xFD, 0x68, 0xB0, 0x99, 0x2F, 0x81, 0x61, 0xC1, 0xE5,
    0xF4, 0x64, 0x05, 0x28, 0x8E, 0x46, 0x80, 0xAC, 0x6A, 0x84, 0x98, 0x89, 0x8C, 0xB8, 0x69, 0xF3,
    0x78, 0x24, 0x1F, 0x6E, 0x02, 0x6A, 0x4F, 0x5E, 0x80, 0x11, 0xE0, 0x91, 0x78, 0x64, 0x80, 0x0F,
    0x69, 0x20, 0x91, 0x6E, 0xD9, 0xC5, 0x78, 0xA5, 0x13, 0x43, 0x77, 0x2C, 0xB3, 0x71, 0x9E, 0x4F,
    0x8F, 0xEC, 0xEF, 0x2B, 0xB4, 0x9D, 0x1B, 0x5C, 0x67, 0x8B, 0x67, 0x9F, 0x66, 0xFA, 0x0A, 0xE8,
    0x20, 0x12, 0x6E, 0xB8, 0x62, 0xF9, 0x84, 0x61, 0x36, 0x17, 0x49, 0x30, 0xF0, 0x76, 0x9A, 0x78,
    0xAC, 0x7F, 0xC4, 0x83, 0xCF, 0xD8, 0x48, 0x5D, 0xC9, 0xDE, 0x93, 0x0A, 0xBA, 0xEC, 0x29, 0xEE,
    0xAC, 0xCF, 0x8D, 0xE9, 0xBD, 0x98, 0x28, 0xFA, 0x13, 0xC8, 0x7F, 0x37, 0x6C, 0x4C, 0x92, 0x6F,
    0x51, 0xD1, 0x9F, 0xFD, 0x9A, 0xA8, 0x97, 0x8A, 0x79, 0xDA, 0x6D, 0x33, 0x7F, 0x86, 0x6B, 0xB8,
    0x4A, 0xCF, 0x42, 0x1F, 0xE5, 0xD7, 0xC9, 0x83, 0x3D, 0x68, 0x74, 0x28, 0x84, 0x4C, 0x1D, 0xCC,
    0x05, 0x34, 0x1B, 0x47, 0x6B, 0x81, 0x7D, 0x80, 0x0E, 0x4A, 0x5C, 0xCD, 0x55, 0x11, 0x5B, 0xBC,
    0x24, 0xF0, 0xA1, 0x83, 0xAD, 0xA3, 0x5B, 0x75, 0x70, 0xF0, 0x10, 0xE5, 0x66, 0xE9, 0x0B, 0x80,
    0x05, 0xC8, 0x37, 0x19, 0xFB, 0xB3, 0x00, 0xBF, 0xE8, 0xB4, 0x4E, 0x8C, 0x37, 0x77, 0x62, 0x5F,
    0xBB, 0x7E, 0x04, 0xEF, 0x93, 0x8B, 0xC5, 0xBA, 0x85, 0x25, 0x75, 0xC1, 0x4A, 0x0E, 0x42, 0x6A,
    0xD7, 0x31, 0x1D, 0xCD, 0x67, 0xF7, 0xE9, 0x71, 0x2B, 0x5A, 0x92, 0x1C, 0x8F, 0xE8, 0xFF, 0x70,
    0x89, 0x98, 0x98, 0x96, 0x96, 0xDB, 0x1C, 0xF6, 0x77, 0x16, 0xDD, 0x67, 0x94, 0xFD, 0x6B, 0xAF,
    0x21, 0xA9, 0x99, 0x07, 0x9A, 0x82, 0x7D, 0x05, 0x60, 0xAB, 0x41, 0x0E, 0x42, 0x4A, 0x22, 0x26,
    0x75, 0x38, 0x0A, 0x8C, 0x3D, 0x1B, 0xF4, 0x5A, 0xCB, 0xBE, 0x86, 0x7A, 0x95, 0xE9, 0x4B, 0x62,
    0x2C, 0x1B, 0x12, 0xBF, 0xFB, 0x9C, 0x6A, 0x12, 0xB6, 0x35, 0x0B, 0xC4, 0x59, 0x18, 0x22, 0xC0,
    0xA6, 0x7D, 0xCC, 0x74, 0x27, 0x8E, 0xC7, 0x60, 0xF6, 0xC2, 0x09, 0x59, 0x0A, 0xFF, 0x27, 0x02,
    0x54, 0x16, 0x0E, 0x82, 0x3C, 0xEB, 0x81, 0x28, 0xB8, 0x17, 0x0F, 0x11, 0xA3, 0x69, 0x54, 0x5D,
    0xBA, 0x64, 0xA3, 0xE2, 0xFD, 0xDA, 0xDA, 0xD7, 0x98, 0x89, 0xBC, 0xCF, 0xD6, 0xED, 0x1B, 0xF4,
    0xAC, 0x79, 0x91, 0xAF, 0x0B, 0xEE, 0x12, 0x5D, 0x75, 0x07, 0xE2, 0x12, 0xC4, 0xD5, 0x09, 0xFF,
    0xB3, 0xF7, 0x45, 0xB3, 0xFC, 0xE4, 0x65, 0x53, 0x8D, 0xF4, 0x42, 0x90, 0x58, 0x23, 0xB8, 0x04,
    0x37, 0xF9, 0x7F, 0x21, 0x8E, 0x16, 0x0D, 0x3D, 0x92, 0x90, 0x2C, 0xC8, 0xA4, 0x3D, 0x18, 0xA6,
    0xC8, 0x65, 0x2D, 0x76, 0xA2, 0x82, 0x4D, 0x69, 0x6F, 0xFC, 0xE6, 0x76, 0x87, 0x10, 0x0B, 0x27,
    0x6A, 0x2D, 0x1C, 0xB0, 0xA2, 0x93, 0x36, 0x49, 0xB3, 0x62, 0x8C, 0xC6, 0x7A, 0x39, 0x2E, 0x7C,
    0x1D, 0x8C, 0xC9, 0xCE, 0xD2, 0x01, 0xD3, 0x76, 0x1F, 0x31, 0x7E, 0xFE, 0xE7, 0xE1, 0xCB, 0x45,
    0xE9, 0xAB, 0x6A, 0xA0, 0x12, 0x8C, 0x20, 0x08, 0xEE, 0x64, 0xCE, 0xC5, 0xE5, 0x49, 0xCB, 0x66,
    0x18, 0xE9, 0xFD, 0x05, 0x7D, 0x3C, 0x93, 0x24, 0xF0, 0x63, 0x97, 0x6A, 0xBA, 0x03, 0x48, 0xC3,
    0x43, 0x49, 0xCF, 0x54, 0x86, 0xEC, 0x90, 0x8E, 0x76, 0x9F, 0xB9, 0xA8, 0x76, 0xBB, 0x0B, 0x37,
    0xD2, 0x6E, 0x6B, 0x3E, 0x12, 0x8F, 0xA7, 0x6D, 0x12, 0xD8, 0x39, 0xB3, 0xCA, 0x8C, 0xCC, 0x72,
    0x8F, 0x3C, 0x79, 0xD3, 0x66, 0xFF, 0xC5, 0xC6, 0xF6, 0x30, 0x93, 0x9E, 0x29, 0xC9, 0x9F, 0xB5,
    0xF8, 0xD4, 0xDD, 0x87, 0x4D, 0xCB, 0xFF, 0x11, 0x02, 0xDD, 0x64, 0x9E, 0x58, 0xE3, 0xC5, 0x0C,
    0x8E, 0xA3, 0xF1, 0x3E, 0x44, 0x8A, 0x6C, 0x0E, 0xC7, 0x03, 0xF6, 0xC3, 0x4F, 0x41, 0x8D, 0x5B,
    0x83, 0x7C, 0x07, 0x22, 0x06, 0x8F, 0x24, 0x37, 0x64, 0xD1, 0x21, 0x1E, 0x12, 0xE1, 0x3C, 0x7B,
    0xD1, 0xAB, 0x9B, 0x35, 0x15, 0xE3, 0xB4, 0xEC, 0xDB, 0xE4, 0xF0, 0x51, 0xB4, 0x56, 0xB7, 0xBF,
    0xA2, 0x2F, 0xBA, 0xD1, 0xD6, 0x43, 0xA9, 0x64, 0x79, 0x7E, 0x1E, 0xCA, 0xFF, 0x0D, 0xC9, 0x5E,
    0x51, 0x7F, 0xCA, 0x2D, 0xAE, 0xFE, 0x77, 0xA0, 0x65, 0xEF, 0xED, 0xDF, 0xB5, 0xCB, 0xD3, 0x5E,
    0x3D, 0x8E, 0x73, 0x67, 0x98, 0xEA, 0xA3, 0x5D, 0x67, 0xE7, 0xAC, 0xFB, 0x40, 0xB3, 0xA2, 0x58,
    0x4F, 0x82, 0xE2, 0x9E, 0x61, 0x33, 0xB9, 0x2D, 0xE7, 0xDF, 0x1F, 0x4B, 0x32, 0xF1, 0x1B, 0xF1,
    0x1C, 0x13, 0x4B, 0x2C, 0x95, 0xD6, 0x87, 0xB9, 0x35, 0x82, 0x1C, 0xA4, 0x06, 0xC1, 0x1C, 0x0A,
    0x8B, 0xC1, 0x57, 0x03, 0x3C, 0x5C, 0x48, 0x48, 0x4F, 0xCE, 0x25, 0xA5, 0x5E, 0xCC, 0xD8, 0x10,
    0xB3, 0xDD, 0xDC, 0x95, 0xE7, 0xB3, 0xBB, 0x52, 0x83, 0xE8, 0x74, 0x7B, 0xBF, 0x3E, 0x60, 0xD3,
    0x32, 0x88, 0xC3, 0x52, 0x1B, 0x21, 0xD7, 0xB8, 0x1E, 0xD3, 0xDD, 0xBF, 0x6B, 0x20, 0x88, 0x1A,
    0x69, 0xB0, 0x92, 0x8D, 0x14, 0xED, 0x5D, 0xBF, 0xCA, 0xE8, 0x03, 0xE6, 0x3C, 0x50, 0x4E, 0x22,
    0x24, 0x28, 0x4E, 0xDC, 0x92, 0x4D, 0x93, 0xF9, 0x07, 0x84, 0xCC, 0x5A, 0x65, 0xD4, 0x20, 0xFC,
    0x94, 0x8F, 0x46, 0x23, 0x93, 0xE7, 0x82, 0xC7, 0x43, 0x2A, 0xA2, 0xAC, 0x65, 0x5F, 0xB8, 0x65,
    0x4F, 0x75, 0xDA, 0x75, 0x4B, 0x09, 0xC5, 0x7F, 0x90, 0xE2, 0x43, 0xBF, 0x3E, 0x49, 0x96, 0x16,
    0x8D, 0x7E, 0xD5, 0x87, 0xAC, 0x66, 0xCC, 0x83, 0x58, 0x9A, 0x50, 0x30, 0xD0, 0xD7, 0x14, 0x9A,
    0x6B, 0xF6, 0x2B, 0x2F, 0xF4, 0xBF, 0xE5, 0x5C, 0x3D, 0xAC, 0xDE, 0xD6, 0x79, 0x3E, 0x24, 0xE5,
    0xCB, 0xC6, 0x4C, 0x4C, 0x0D, 0x46, 0x90, 0xFA, 0x47, 0xCC, 0xD0, 0x21, 0x35, 0x24, 0xD3, 0x83,
    0x07, 0x0D, 0x92, 0xC9, 0xC8, 0x43, 0x06, 0x0F, 0xF6, 0x92, 0xA5, 0x05, 0xDA, 0x0E, 0x5D, 0xE2,
    0xA1, 0xF2, 0x60, 0xA0, 0x2A, 0x70, 0x65, 0xD2, 0xD6, 0x90, 0xC1, 0x43, 0xB4, 0x74, 0xEA, 0x60,
    0x0D, 0x46, 0x61, 0x7F, 0x1E, 0xAC, 0xC1, 0x40, 0x0D, 0x54, 0x16, 0x69, 0x7B, 0xF0, 0x90, 0x85,
    0x4E, 0x80, 0x76, 0x08, 0xD0, 0xD0, 0x8E, 0x0A, 0x03, 0x6E, 0x51, 0xD1, 0x29, 0x51, 0x53, 0x36,
    0x3F, 0x9E, 0xBE, 0xCF, 0xF3, 0x1E, 0x7E, 0x3F, 0xF7, 0x7E, 0xD7, 0x8E, 0x1D, 0x39, 0x8D, 0xD3,
    0x0B, 0xE9, 0x7E, 0xF7, 0xE3, 0xCF, 0xE1, 0x39, 0xCF, 0xFB, 0xFF, 0x73, 0x68, 0x8C, 0x31, 0x89,
    0xB5, 0xF2, 0xDB, 0x44, 0xD6, 0x96, 0xF2, 0x11, 0x58, 0xDB, 0x98, 0x23, 0x7F, 0xEE, 0xC8, 0xF9,
    0x11, 0xF7, 0xFC, 0x88, 0x96, 0xFC, 0x08, 0x79, 0xA3, 0xDC, 0xD9, 0xE2, 0xC3, 0xB7, 0x23, 0x3E,
    0xBC, 0x8F, 0x39, 0xAA, 0x19, 0x6C, 0x8D, 0x8F, 0x6B, 0x59, 0x87, 0x8F, 0xFD, 0x98, 0x27, 0x1F,
    0x09, 0x2C, 0x06, 0x4A, 0x0D, 0x9F, 0x95, 0xE4, 0xE9, 0x80, 0x41, 0xCB, 0x68, 0xC2, 0x47, 0xED,
    0xE3, 0x96, 0xB0, 0x31, 0x85, 0xDC, 0x12, 0x7C, 0xB2, 0xA8, 0x46, 0xCE, 0x0A, 0xB3, 0xF4, 0xE5,
    0x08, 0x4E, 0xCA, 0xE3, 0x33, 0xF9, 0x2F, 0x77, 0xC5, 0x32, 0x85, 0x6B, 0x38, 0x5F, 0x9A, 0x8B,
    0x72, 0x73, 0xD5, 0x9A, 0x47, 0x30, 0xF0, 0x68, 0x8A, 0x12, 0x2B, 0x7B, 0xD6, 0xCA, 0xF9, 0x0A,
    0x33, 0x8A, 0xED, 0x84, 0x03, 0xCB, 0xA3, 0xD7, 0x66, 0x8A, 0x77, 0x5F, 0x96, 0xB5, 0xC8, 0x25,
    0x69, 0x9F, 0x8C, 0xA6, 0xAA, 0xD3, 0xC1, 0xB3, 0x79, 0xD6, 0x07, 0x93, 0xCC, 0x44, 0xE6, 0x5D,
    0xB5, 0xC9, 0x20, 0x13, 0xCE, 0x3A, 0xCF, 0xD6, 0x59, 0x27, 0x4F, 0x2C, 0xDA, 0xC8, 0xE6, 0x55,
    0x73, 0xC2, 0xEE, 0xD9, 0xE6, 0x6F, 0xA7, 0x53, 0xF6, 0xD3, 0x0F, 0x6C, 0x5F, 0xD9, 0xE7, 0xE5,
    0x92, 0x29, 0xB6, 0x79, 0xD4, 0x87, 0x03, 0x87, 0xFD, 0x86, 0xD9, 0x23, 0x3C, 0x75, 0x44, 0x24,
    0xAC, 0x02, 0x92, 0xEA, 0x87, 0xAF, 0xD8, 0x1D, 0xF8, 0xD9, 0xBB, 0xC2, 0x8F, 0x40, 0x67, 0xEB,
    0x13, 0x2C, 0xE3, 0x29, 0xBE, 0xC6, 0xEA, 0xB0, 0x95, 0xE2, 0x7B, 0x51, 0xC7, 0x39, 0xAB, 0xF8,
    0x66, 0x8A, 0x6F, 0x12, 0xF0, 0x64, 0x5C, 0x12, 0xDF, 0xB8, 0x06, 0x58, 0x82, 0x28, 0xF1, 0x0D,
    0x5A, 0x3E, 0x33, 0xE8, 0x4C, 0x25, 0xB7, 0xF8, 0xBD, 0x49, 0x70, 0xCB, 0xB4, 0x78, 0xD5, 0x72,
    0x72, 0x9C, 0x9E, 0x20, 0x8A, 0xF1, 0xCE, 0x2A, 0xBE, 0x8F, 0x00, 0xDF, 0x5C, 0xA8, 0x25, 0xE7,
    0x5B, 0xA1, 0x96, 0x4C, 0x7E, 0x90, 0xB1, 0xC1, 0x32, 0x26, 0x69, 0x41, 0xFF, 0xB6, 0xC0, 0x79,
    0xF2, 0xD1, 0x5D, 0x26, 0x28, 0xE5, 0x9F, 0x2F, 0xA3, 0xB4, 0x9E, 0x9C, 0x3C, 0x0B, 0x9A, 0xC5,
    0xB6, 0xC7, 0xFC, 0x31, 0x8B, 0xA4, 0xDD, 0x5A, 0x69, 0xD2, 0x3F, 0x99, 0x9B, 0x02, 0x3C, 0x57,
    0x35, 0x42, 0x6F, 0x80, 0x6E, 0x8A, 0x46, 0x9E, 0x9A, 0xB5, 0xA1, 0x95, 0x49, 0xC8, 0x5C, 0x89,
    0xBA, 0xAC, 0xAB, 0x10, 0xCC, 0x4D, 0x26, 0x34, 0x29, 0xD3, 0xA5, 0x21, 0xEC, 0x59, 0x7F, 0xBF,
    0x7D, 0xFE, 0x71, 0x7B, 0xBD, 0xB0, 0xE7, 0xEC, 0x94, 0x0A, 0xAD, 0x80, 0xBB, 0xBF, 0xF4, 0x26,
    0x37, 0xF8, 0x4B, 0xFA, 0xA1, 0xF0, 0xC9, 0x2D, 0x4A, 0x65, 0x85, 0x2F, 0xD3, 0x8B, 0x1C, 0x19,
    0x12, 0x85, 0x2F, 0x56, 0xF8, 0xA2, 0x47, 0x09, 0x5F, 0x58, 0xF2, 0x64, 0xA0, 0xF0, 0x05, 0x0D,
    0xD9, 0xDD, 0x53, 0xF8, 0x4C, 0x07, 0x5E, 0x03, 0x27, 0x12, 0xBE, 0x8A, 0xEC, 0x69, 0x1E, 0x59,
    0xBC, 0x82, 0x5B, 0xCE, 0x28, 0x7C, 0xA7, 0x64, 0x40, 0x70, 0x9E, 0xC2, 0x17, 0x63, 0x26, 0x8D,
    0x89, 0x4A, 0xC2, 0x17, 0xCA, 0x65, 0x42, 0x8E, 0xA0, 0x01, 0x79, 0xEB, 0x50, 0x46, 0xDE, 0xB3,
    0x43, 0x22, 0xE7, 0x63, 0xC7, 0x1F, 0xC6, 0x49, 0x61, 0xBB, 0xF5, 0xD1, 0xE9, 0x87, 0x8A, 0x1F,
    0xC8, 0xC4, 0xA5, 0xE8, 0x47, 0xFC, 0x5E, 0xA3, 0xDC, 0xA2, 0x77, 0xA6, 0xE5, 0xED, 0x61, 0xE9,
    0x01, 0x2C, 0xDD, 0x02, 0xDA, 0x52, 0x58, 0x9A, 0xA8, 0x9D, 0x9E, 0x67, 0x84, 0x55, 0x70, 0x61,
    0x94, 0x3A, 0x4A, 0xA0, 0x79, 0x83, 0x58, 0xDF, 0x3B, 0x23, 0x9D, 0xE8, 0x6C, 0x54, 0xE0, 0x1D,
    0x0D, 0x94, 0x07, 0x02, 0x5D, 0xCC, 0x5F, 0x6F, 0xB3, 0xBE, 0x8C, 0xB8, 0x57, 0xD9, 0x6B, 0xD4,
    0x47, 0x82, 0x44, 0x34, 0xE5, 0xFE, 0x68, 0xC0, 0xCE, 0x71, 0xED, 0x01, 0x78, 0xE1, 0x03, 0xB0,
    0x5C, 0x49, 0xD8, 0x4F, 0x73, 0xD8, 0xA0, 0xAC, 0x94, 0x7A, 0x4B, 0x15, 0x13, 0xE2, 0x97, 0x0D,
    0xFA, 0x58, 0x8A, 0x57, 0xD1, 0xAB, 0x9E, 0xE2, 0x1C, 0x8A, 0x6E, 0xF3, 0x4B, 0xBF, 0xBA, 0xCC,
    0x37, 0x19, 0xC6, 0xBC, 0xCA, 0x01, 0x4E, 0x08, 0x21, 0xA8, 0x84, 0x30, 0x8E, 0x1C, 0x16, 0xDE,
    0xCD, 0x4A, 0xC1, 0xD6, 0x5A, 0xB9, 0xDB, 0xAB, 0xA6, 0xCB, 0x8A, 0x31, 0x6E, 0x20, 0xEB, 0x54,
    0x32, 0x80, 0xB7, 0x9C, 0x57, 0x45, 0x5C, 0xEE, 0xD8, 0x5E, 0x58, 0x75, 0x03, 0x6B, 0x92, 0x4B,
    0x8A, 0x73, 0x93, 0x11, 0x16, 0x15, 0xE2, 0x8F, 0x82, 0x64, 0x34, 0xCC, 0xFA, 0x34, 0xED, 0xE6,
    0xC1, 0xE6, 0x5F, 0xC7, 0xF1, 0xEB, 0x8A, 0xFC, 0xF2, 0x6A, 0x99, 0x9B, 0x70, 0x0E, 0x55, 0x75,
    0x04, 0x75, 0xE6, 0x55, 0x3A, 0x03, 0xCF, 0x2D, 0x50, 0xC5, 0xFE, 0x26, 0x80, 0x8D, 0x5A, 0x48,
    0xAA, 0xB9, 0x7C, 0x00, 0xD9, 0xC3, 0xC0, 0x86, 0x3B, 0x80, 0x8D, 0x76, 0x00, 0x7B, 0xFC, 0xB7,
    0x04, 0xD6, 0x3B, 0x0C, 0x6C, 0xF0, 0xD9, 0xC0, 0x42, 0x73, 0x86, 0xB8, 0x4C, 0x78, 0x39, 0xF8,
    0x64, 0x30, 0x41, 0x9F, 0x89, 0xDE, 0x0A, 0x6A, 0x59, 0xD4, 0x77, 0xD7, 0x2B, 0x4A, 0x6F, 0x41,
    0xF0, 0x1A, 0x6F, 0x19, 0x0D, 0xC4, 0xD3, 0x8A, 0xF2, 0x01, 0x1D, 0xB2, 0x46, 0xC1, 0x8C, 0x69,
    0x38, 0x0C, 0x4D, 0x46, 0x0E, 0x24, 0xE5, 0xC0, 0x53, 0x81, 0xAD, 0x5F, 0x17, 0x85, 0x33, 0x2A,
    0x8C, 0xE7, 0x6F, 0xE8, 0x50, 0x6F, 0xE8, 0x80, 0xDD, 0x06, 0xAB, 0xAA, 0x46, 0x70, 0x67, 0xBE,
    0x96, 0x28, 0x46, 0x0E, 0x07, 0xA8, 0x2F, 0x7C, 0x46, 0xCD, 0x21, 0x8E, 0x04, 0x43, 0x0A, 0x3F,
    0x02, 0x3E, 0x70, 0x23, 0x98, 0x31, 0x76, 0x57, 0x67, 0xEB, 0xFF, 0xC7, 0x01, 0x1E, 0xB8, 0x10,
    0x4C, 0x08, 0x1E, 0x04, 0x76, 0x8E, 0x03, 0xCF, 0x9A, 0x67, 0xA0, 0x74, 0x86, 0x02, 0xF3, 0x8D,
    0x55, 0xF7, 0x54, 0x9C, 0xB5, 0xFF, 0xF2, 0xD7, 0x56, 0xB2, 0xFD, 0xDA, 0xEB, 0x44, 0x88, 0x45,
    0x8E, 0xE2, 0x77, 0x00, 0x01, 0x46, 0xE4, 0x78, 0x24, 0xC4, 0x8B, 0x9B, 0xAB, 0xF2, 0xED, 0x65,
    0x72, 0xA1, 0x28, 0xBA, 0xAA, 0x24, 0x1B, 0xC6, 0x9D, 0xE8, 0x46, 0xF0, 0x21, 0xCD, 0x37, 0x79,
    0x0A, 0xCF, 0x25, 0x27, 0x0A, 0x07, 0x1E, 0x53, 0xA1, 0x16, 0xA5, 0x6F, 0xC8, 0x8B, 0x21, 0xC1,
    0x00, 0x33, 0xEE, 0x4D, 0x6A, 0xA8, 0xCC, 0x9F, 0x98, 0x3F, 0x56, 0xDF, 0x29, 0x52, 0x8F, 0x6A,
    0x9A, 0x9C, 0x0E, 0x6D, 0x36, 0xDD, 0xAE, 0xDD, 0x3F, 0x62, 0x89, 0x38, 0x8C, 0x58, 0x63, 0x5E,
    0x5E, 0x75, 0x21, 0xFC, 0x06, 0xC1, 0xC1, 0xC7, 0xA7, 0x80, 0x4B, 0xF7, 0x4A, 0x70, 0x05, 0x34,
    0xF8, 0x1F, 0x59, 0x05, 0x18, 0xB8, 0x03, 0x6E, 0x59, 0x28, 0x0E, 0x7B, 0x30, 0x46, 0x4B, 0x95,
    0x43, 0x00, 0xBB, 0x71, 0x67, 0x3C, 0x29, 0xB0, 0x38, 0x2C, 0x97, 0x6C, 0x1F, 0xCE, 0xC9, 0x6F,
    0xF3, 0xD5, 0xF2, 0x3F, 0x76, 0xE3, 0xE3, 0xB0, 0x8C, 0x09, 0x22, 0x24, 0x74, 0xC8, 0x48, 0x29,
    0x41, 0xFC, 0x55, 0x4C, 0x34, 0x93, 0xF9, 0x5E, 0x9E, 0xBD, 0x4C, 0x35, 0x6C, 0x91, 0x6D, 0x0A,
    0x2C, 0xA1, 0xB0, 0xEA, 0x08, 0x15, 0x63, 0x4C, 0x3C, 0x8A, 0xF6, 0xBA, 0x22, 0x1F, 0xF0, 0x6B,
    0x3C, 0xA6, 0x6A, 0xD8, 0xDB, 0x4E, 0x0F, 0x3B, 0x73, 0xA8, 0xA6, 0x7C, 0x09, 0xA6, 0x92, 0x87,
    0xAA, 0x93, 0x9B, 0x76, 0xE4, 0x2E, 0xB9, 0x86, 0x87, 0xD3, 0x5E, 0x1D, 0x25, 0x5B, 0xF2, 0xEA,
    0x58, 0x59, 0x50, 0x7E, 0x29, 0xF7, 0x59, 0x35, 0xEE, 0x72, 0xD8, 0xEA, 0x61, 0xB2, 0x96, 0xB8,
    0x63, 0xC5, 0xF8, 0x1D, 0x0C, 0x1D, 0x16, 0xEF, 0xD7, 0xF0, 0x24, 0x6E, 0xD1, 0xAD, 0xA4, 0xEB,
    0x47, 0xFF, 0x2C, 0xE3, 0x74, 0xAB, 0xBC, 0x70, 0xBE, 0x9D, 0xF8, 0x37, 0xB7, 0xF8, 0xF4, 0x69,
    0xA6, 0x89, 0xEF, 0x68, 0xC2, 0x81, 0x65, 0x7C, 0xEF, 0x00, 0x4D, 0xC2, 0x0D, 0x9A, 0x14, 0x2A,
    0xC2, 0x80, 0x73, 0x4D, 0x93, 0xFC, 0x4E, 0x3B, 0xBD, 0x84, 0xD3, 0x32, 0x76, 0x4B, 0xF0, 0x97,
    0x18, 0xB0, 0xDE, 0xA2, 0x49, 0xB1, 0x26, 0xD5, 0x16, 0x4D, 0x9A, 0x9D, 0x34, 0x59, 0xD2, 0xA1,
    0x83, 0x33, 0x4F, 0x9A, 0xB4, 0xDB, 0x34, 0xF9, 0xF6, 0x35, 0xC2, 0xB8, 0x54, 0xA7, 0x69, 0xC3,
    0x75, 0xA5, 0x49, 0xAF, 0xAC, 0xA3, 0x21, 0x48, 0x40, 0x37, 0x53, 0xF9, 0x5D, 0x59, 0x5F, 0x88,
    0xD0, 0x30, 0xCE, 0xE8, 0x66, 0x0A, 0xA4, 0x1D, 0x3C, 0x09, 0x85, 0x3F, 0x1E, 0xC8, 0x25, 0xC4,
    0x5E, 0x8E, 0x66, 0xDD, 0x0C, 0xBC, 0xAD, 0x31, 0x7B, 0x45, 0x3D, 0xED, 0x43, 0xFB, 0x66, 0xA9,
    0x90, 0x07, 0xF6, 0xE6, 0x0B, 0x70, 0x18, 0x89, 0x77, 0x6C, 0x2F, 0xE1, 0xD1, 0x2B, 0xB0, 0x03,
    0xF5, 0x9F, 0x3C, 0x9D, 0x8A, 0x5C, 0x34, 0xEC, 0x96, 0x13, 0x75, 0xB2, 0x44, 0xCC, 0xC1, 0x1A,
    0x90, 0xBE, 0xC8, 0x2E, 0x16, 0x13, 0xBD, 0x31, 0x93, 0x94, 0x44, 0x05, 0xCE, 0x19, 0xE0, 0xEC,
    0xD5, 0xD0, 0x9F, 0x34, 0x44, 0x33, 0x24, 0x93, 0xC7, 0x26, 0xC7, 0xA5, 0x01, 0x1E, 0x6A, 0x3B,
    0x1F, 0x18, 0x08, 0x96, 0x9D, 0x86, 0x53, 0x23, 0x99, 0x77, 0xF1, 0x86, 0x71, 0x97, 0x52, 0x75,
    0x05, 0x35, 0x29, 0x0F, 0x9F, 0x18, 0xAA, 0xE7, 0x29, 0x5C, 0xBA, 0xE4, 0x44, 0x20, 0x80, 0xA2,
    0x32, 0xA8, 0xAA, 0x3A, 0x3E, 0x19, 0x91, 0x0D, 0x9E, 0x2C, 0x03, 0x41, 0x73, 0xC9, 0x53, 0xCF,
    0xCB, 0xEC, 0xAC, 0xFA, 0xE7, 0xCE, 0x3F, 0x0C, 0x9C, 0x36, 0x3F, 0x4E, 0x52, 0xC8, 0xC1, 0xEC,
    0xA8, 0xA5, 0x2A, 0x45, 0xA0, 0x62, 0xC2, 0x21, 0x69, 0x3D, 0xEB, 0x89, 0x1B, 0xDD, 0xA4, 0x5D,
    0x34, 0x8A, 0xDB, 0x69, 0x9F, 0x13, 0x77, 0xFA, 0x53, 0x5B, 0x06, 0x08, 0x8F, 0xC0, 0x0D, 0x24,
    0x9B, 0xD0, 0xE0, 0x61, 0x99, 0x79, 0x64, 0xB2, 0x65, 0x28, 0xCA, 0x59, 0x06, 0xA6, 0xE7, 0xA2,
    0x84, 0x35, 0x5E, 0xEE, 0x11, 0xEB, 0xDE, 0xEF, 0x94, 0x1B, 0x9C, 0x0E, 0xEE, 0x9D, 0x18, 0x1E,
    0x78, 0xF8, 0x43, 0x2B, 0x67, 0xB5, 0x72, 0x51, 0x1C, 0x3E, 0x4A, 0xF2, 0x7B, 0xD8, 0xAA, 0x3E,
    0x57, 0xEE, 0x44, 0xC0, 0x01, 0x30, 0x22, 0xE5, 0x59, 0x8F, 0xBC, 0xEA, 0xD7, 0xC7, 0x79, 0x29,
    0x71, 0x1B, 0xCD, 0x6B, 0x6A, 0x0E, 0xCE, 0xF0, 0x89, 0x14, 0x6A, 0xDF, 0x7E, 0xF8, 0x6A, 0x4E,
    0xE7, 0x9A, 0x10, 0x0B, 0x6E, 0x9D, 0xBA, 0x66, 0x17, 0x0C, 0x29, 0x76, 0xDF, 0x6C, 0xD3, 0x1F,
    0x52, 0xF6, 0x3F, 0xCD, 0x30, 0x86, 0x4E, 0x7A, 0x4F, 0xC7, 0x15, 0x4F, 0xCE, 0xA8, 0x90, 0x60,
    0x09, 0xEE, 0xB5, 0x1F, 0x2E, 0xAA, 0x9A, 0xBC, 0x6F, 0xB7, 0xDD, 0xED, 0x63, 0x58, 0x7B, 0x6D,
    0xAE, 0x0A, 0x0B, 0x08, 0xDD, 0x4F, 0x62, 0x84, 0xFD, 0x10, 0xC2, 0x43, 0x4F, 0x05, 0xC1, 0xD4,
    0x72, 0xDB, 0x32, 0x60, 0x8D, 0x60, 0xA7, 0xB6, 0x28, 0x89, 0x7A, 0xDC, 0x47, 0x70, 0xC2, 0x8B,
    0x26, 0x98, 0x04, 0x4A, 0xC0, 0x6E, 0x2C, 0x05, 0x3E, 0x77, 0xEA, 0x0A, 0xB8, 0x73, 0xC9, 0xA2,
    0xEA, 0xF7, 0xB1, 0xBE, 0x56, 0x81, 0x5F, 0x45, 0x89, 0xCE, 0x84, 0x47, 0xE3, 0xA6, 0x53, 0x2D,
    0x43, 0x6E, 0x9E, 0x3C, 0x84, 0xFC, 0x3E, 0x35, 0x90, 0x22, 0x2F, 0x6B, 0xDB, 0x40, 0xBE, 0xFF,
    0x4C, 0xE4, 0x83, 0xDB, 0x81, 0x7C, 0x78, 0xBB, 0x90, 0x37, 0x30, 0x86, 0x49, 0xCF, 0xE8, 0x89,
    0x9F, 0xD1, 0x01, 0x46, 0xAB, 0x5A, 0xF2, 0x78, 0xF1, 0xEC, 0x04, 0xB0, 0x83, 0xA5, 0x6F, 0xC1,
    0xE1, 0xF1, 0x90, 0x0E, 0x40, 0x3A, 0x93, 0x27, 0xE3, 0xA9, 0xCE, 0xA5, 0x79, 0x58, 0xFE, 0xBE,
    0x0A, 0xEE, 0x16, 0x71, 0x2D, 0x89, 0x71, 0x35, 0x0F, 0x17, 0xE8, 0x87, 0xF8, 0xF0, 0xA1, 0x9B,
    0x49, 0x3A, 0x2D, 0x5E, 0x19, 0x14, 0xA0, 0x67, 0x5C, 0x30, 0x97, 0x53, 0x67, 0x42, 0x06, 0x61,
    0x32, 0xAF, 0x2A, 0x17, 0xDF, 0xA7, 0x00, 0x79, 0xBC, 0xF4, 0x2E, 0x12, 0xA8, 0x8E, 0x36, 0x01,
    0xD2, 0x75, 0xC9, 0x70, 0xFD, 0x26, 0x96, 0x8C, 0xA0, 0x10, 0x05, 0x52, 0x99, 0xB4, 0x5E, 0xED,
    0xBC, 0x97, 0x40, 0xF5, 0x8E, 0xF0, 0x1A, 0xB5, 0x78, 0xCD, 0x27, 0x8B, 0xCD, 0xE3, 0x93, 0xA1,
    0x28, 0x44, 0x53, 0x0E, 0x50, 0xD6, 0x8B, 0x57, 0x46, 0xCD, 0x90, 0x38, 0xF9, 0xFC, 0xA5, 0x7E,
    0x34, 0x9A, 0x36, 0xF8, 0x4D, 0x42, 0xC7, 0x77, 0x9B, 0x4D, 0x07, 0x23, 0x2B, 0xBF, 0x3C, 0xA0,
    0x8D, 0x02, 0x2A, 0x50, 0x21, 0x6F, 0x03, 0xA6, 0x81, 0x72, 0xC4, 0xD2, 0x12, 0x17, 0x26, 0x5E,
    0x74, 0x5E, 0x75, 0x75, 0x42, 0x43, 0xC4, 0x94, 0x26, 0xC6, 0xCF, 0x3D, 0x7E, 0x8E, 0x61, 0xA7,
    0xA1, 0x4C, 0xB7, 0x91, 0x53, 0x32, 0xD9, 0x1F, 0xB6, 0x52, 0x69, 0xC4, 0x0E, 0x05, 0x74, 0x37,
    0xDF, 0x06, 0x83, 0xD3, 0xDD, 0x1C, 0x8E, 0x70, 0x37, 0x6F, 0xBF, 0x52, 0x51, 0x83, 0x12, 0xEB,
    0x57, 0x5B, 0x11, 0xFE, 0xE6, 0x19, 0x8D, 0xCD, 0xEF, 0xDE, 0x42, 0xFD, 0x4E, 0xE4, 0xA6, 0xEC,
    0xD4, 0x2B, 0x4C, 0x0D, 0x73, 0x0D, 0x95, 0x3A, 0x7C, 0x23, 0x7D, 0x16, 0x59, 0x07, 0xF4, 0x7F,
    0x50, 0xAB, 0xB7, 0xCB, 0x33, 0xE6, 0x3E, 0xDF, 0x3D, 0x41, 0xD5, 0x63, 0xD1, 0x6D, 0xF8, 0xEF,
    0xF3, 0xB1, 0x5E, 0x1D, 0xFC, 0x06, 0xC1, 0xC1, 0x3B, 0x56, 0xB3, 0x21, 0xF4, 0x68, 0xF2, 0x42,
    0xC9, 0x08, 0x74, 0x6D, 0x0B, 0x0F, 0x47, 0x8E, 0x41, 0xA9, 0xC8, 0x31, 0x80, 0x0B, 0xD7, 0xC7,
    0xE6, 0x18, 0x2D, 0xB6, 0xFF, 0x7E, 0x7E, 0xD2, 0xE8, 0x02, 0xD9, 0xA6, 0xCA, 0x6A, 0x6C, 0xB7,
    0x77, 0x79, 0x1D, 0xCD, 0x31, 0x30, 0xF1, 0x69, 0x27, 0xC3, 0x0E, 0xD8, 0x24, 0xE5, 0x19, 0xC6,
    0x30, 0xF7, 0x1F, 0x32, 0x98, 0xAF, 0xC0, 0x1B, 0xB6, 0x37, 0x45, 0xB0, 0xA6, 0xF8, 0xFD, 0x5E,
    0x90, 0x8C, 0xA1, 0x08, 0xFA, 0x98, 0x1C, 0xCF, 0xDF, 0x2D, 0x94, 0x10, 0x0C, 0x29, 0x7E, 0x83,
    0x41, 0xB3, 0x06, 0x8A, 0x38, 0x79, 0xCF, 0x92, 0x8D, 0x98, 0xFC, 0x58, 0xE4, 0xB3, 0xAC, 0x31,
    0x39, 0x20, 0x73, 0xBF, 0xA1, 0xE6, 0xBA, 0xA1, 0x8B, 0x32, 0xA9, 0x52, 0x10, 0xAE, 0xFC, 0x47,
    0x1C, 0x4A, 0xF2, 0x3D, 0x59, 0x66, 0x41, 0x76, 0x87, 0x7B, 0xD4, 0x48, 0x48, 0x6B, 0xD2, 0x1A,
    0x2E, 0x56, 0x45, 0x8F, 0x5E, 0xC6, 0xF4, 0x2B, 0x17, 0x25, 0xDC, 0x2F, 0x91, 0x0C, 0x94, 0x3B,
    0x8D, 0xB0, 0x8C, 0x95, 0x73, 0x78, 0x8D, 0xBC, 0x26, 0xF3, 0x7F, 0x44, 0x36, 0xDF, 0xF6, 0x1B,
    0x64, 0x4B, 0xBF, 0x3C, 0xD9, 0x3C, 0xF1, 0x32, 0x20, 0xB3, 0x70, 0xB0, 0x22, 0x2A, 0xC8, 0xA8,
    0x7C, 0x86, 0xB8, 0x8E, 0xC6, 0x59, 0xDB, 0x55, 0x62, 0xEF, 0x6B, 0x45, 0x36, 0x86, 0xCB, 0xF2,
    0x20, 0x05, 0x30, 0x55, 0x97, 0xAD, 0x50, 0xBD, 0x7B, 0xDD, 0x7C, 0xED, 0xA5, 0x2D, 0x2D, 0xD7,
    0xEB, 0x51, 0x8B, 0xAA, 0x7F, 0xA7, 0xE5, 0x11, 0x8E, 0xE9, 0xEF, 0x3F, 0xC1, 0x34, 0x6D, 0xEF,
    0xA9, 0xBE, 0x8E, 0x9D, 0xC7, 0x55, 0x2A, 0x82, 0xAA, 0x93, 0xFB, 0xED, 0x45, 0x7D, 0x4F, 0xFE,
    0xDF, 0x6B, 0x3F, 0xD5, 0x90, 0x47, 0xB0, 0x8B, 0x90, 0x94, 0xD6, 0x88, 0xA2, 0xA3, 0x5D, 0x08,
    0x35, 0xE1, 0x11, 0xAB, 0x7E, 0x3E, 0xA3, 0x55, 0x90, 0xA7, 0x22, 0x1D, 0x2D, 0xEB, 0x37, 0x72,
    0x1D, 0xF1, 0xB4, 0x75, 0xAC, 0x99, 0xF3, 0x1B, 0x32, 0x47, 0x0C, 0x74, 0xAF, 0x6D, 0x41, 0xB0,
    0x78, 0xC9, 0x53, 0x48, 0x90, 0x33, 0x7C, 0x74, 0xD1, 0x1D, 0x48, 0x2A, 0xE4, 0xCF, 0x34, 0xEC,
    0x93, 0xA0, 0x14, 0xA3, 0x65, 0xF6, 0xEF, 0xAB, 0x61, 0x95, 0x1E, 0xD8, 0x5B, 0x07, 0x78, 0xEB,
    0x95, 0x24, 0xF9, 0x9A, 0x4F, 0xAB, 0x0D, 0x0B, 0xE1, 0xD2, 0x2F, 0x5F, 0x47, 0x1A, 0x9A, 0x3B,
    0xE7, 0x65, 0x16, 0x8E, 0x58, 0x9E, 0x96, 0xA9, 0x64, 0xFA, 0xBD, 0xF3, 0xDA, 0xD3, 0x3C, 0xDD,
    0x1D, 0x3D, 0x3D, 0xB9, 0x78, 0xC9, 0x3C, 0xB0, 0x78, 0x19, 0x8F, 0xEF, 0x65, 0x64, 0xE7, 0x09,
    0x52, 0xA4, 0x18, 0x10, 0x5A, 0x27, 0x59, 0x24, 0x20, 0x53, 0x1B, 0x93, 0xCB, 0x0D, 0xAB, 0xFD,
    0x1D, 0x5C, 0xA2, 0x18, 0x8F, 0x66, 0xF2, 0xAA, 0x72, 0x49, 0x39, 0x8A, 0x19, 0x05, 0x94, 0x21,
    0x6C, 0xAB, 0x79, 0x0A, 0x2E, 0x38, 0x98, 0x23, 0x3D, 0x3C, 0x46, 0x0B, 0x62, 0xF3, 0x33, 0xF5,
    0xE1, 0x8E, 0x39, 0x76, 0x3C, 0x73, 0xE9, 0x9E, 0xC9, 0xDC, 0x45, 0x36, 0x3F, 0xB3, 0x38, 0xF8,
    0xCC, 0x3D, 0x59, 0x0C, 0x4B, 0x32, 0x99, 0x40, 0xEB, 0x6A, 0x80, 0xC6, 0x63, 0xCE, 0x8E, 0x49,
    0xB7, 0x8C, 0xEB, 0x7B, 0x0F, 0x0E, 0x68, 0x1B, 0x6C, 0xB9, 0x5F, 0xDE, 0xAB, 0x0C, 0x73, 0x71,
    0xCC, 0x69, 0x63, 0x30, 0x46, 0x32, 0xAC, 0x92, 0x2F, 0x34, 0xB6, 0x5A, 0x2A, 0x60, 0x68, 0xA2,
    0xA9, 0x18, 0x5B, 0x8A, 0xF2, 0x4A, 0xFA, 0x62, 0x29, 0x37, 0xE0, 0xEE, 0xEC, 0x03, 0x79, 0x70,
    0xB8, 0xEC, 0x65, 0xDD, 0xD5, 0x7F, 0x46, 0x4B, 0xE8, 0x17, 0x19, 0xC8, 0x36, 0x32, 0x50, 0x3A,
    0xCA, 0x40, 0xA2, 0x79, 0x64, 0xA0, 0xAC, 0x13, 0xAF, 0x46, 0xC6, 0x92, 0x53, 0x55, 0x9D, 0x8C,
    0xA7, 0x63, 0x39, 0xF5, 0x17, 0x1E, 0xDC, 0xCF, 0x32, 0xED, 0x42, 0x71, 0xCF, 0x2C, 0xF3, 0xBD,
    0x9F, 0x45, 0x24, 0xFC, 0x71, 0x80, 0x48, 0x4B, 0xE3, 0x32, 0x23, 0x56, 0x3D, 0xB2, 0x48, 0xFF,
    0x68, 0x37, 0x00, 0x3B, 0x82, 0x48, 0x48, 0x12, 0xDA, 0x4F, 0x24, 0x18, 0x6F, 0x9C, 0xCF, 0xA9,
    0x44, 0xCA, 0x77, 0x10, 0x89, 0xA1, 0xCF, 0x8A, 0x48, 0xF1, 0x97, 0x25, 0x12, 0xFD, 0x95, 0x0D,
    0x22, 0xFD, 0x59, 0x37, 0x07, 0xDB, 0xF4, 0xB0, 0x19, 0x94, 0x7B, 0x74, 0x19, 0xB1, 0x80, 0x94,
    0xFA, 0x38, 0xED, 0xE7, 0x28, 0x91, 0x9C, 0x22, 0xA7, 0x05, 0xFB, 0xEA, 0x4D, 0xE4, 0x3A, 0x3F,
    0x92, 0x91, 0xE2, 0x5B, 0x22, 0x48, 0x84, 0xDE, 0xB7, 0x57, 0xE5, 0x5A, 0x8B, 0x62, 0x50, 0x81,
    0xEA, 0x0E, 0x91, 0x97, 0xD9, 0x59, 0xD8, 0x94, 0xAA, 0x05, 0xD0, 0x9D, 0x7C, 0x11, 0xE0, 0x85,
    0x10, 0xCB, 0x0B, 0xC9, 0x10, 0xD8, 0x21, 0x1A, 0x85, 0x6F, 0x66, 0xDC, 0xCD, 0x1B, 0x28, 0xF5,
    0x65, 0xC3, 0x05, 0xDA, 0x02, 0xC4, 0x19, 0x40, 0xE6, 0xE4, 0x01, 0x9D, 0xB8, 0xB7, 0x58, 0x94,
    0x48, 0x62, 0xF4, 0x33, 0x77, 0xA9, 0x62, 0xD3, 0xF2, 0xAF, 0x66, 0xE4, 0xEA, 0x39, 0xB5, 0x4B,
    0x52, 0xED, 0xBE, 0x4A, 0xCD, 0x98, 0x56, 0x33, 0x0F, 0x5C, 0xA5, 0x0A, 0x33, 0xDD, 0x79, 0x15,
    0x59, 0xF5, 0x3C, 0x20, 0xCA, 0x34, 0x44, 0xF2, 0xDB, 0x48, 0x9C, 0xA4, 0x20, 0xF7, 0xEC, 0xCF,
    0x6B, 0xF3, 0x91, 0x8C, 0xFF, 0x94, 0x68, 0xA6, 0x33, 0xFE, 0x81, 0x20, 0xC3, 0xA7, 0x70, 0x23,
    0x3F, 0x23, 0x0C, 0x22, 0xAE, 0x63, 0xF8, 0xB8, 0x68, 0xD2, 0x70, 0x72, 0x05, 0x59, 0x26, 0xD8,
    0x5A, 0x65, 0x76, 0xD0, 0x36, 0x9A, 0x8E, 0xC9, 0x93, 0x23, 0x99, 0xC8, 0x4D, 0x2D, 0xCE, 0xA2,
    0xC2, 0xE8, 0x4A, 0xC0, 0x91, 0x7A, 0xE4, 0x58, 0xC8, 0xCA, 0xFF, 0xDF, 0x14, 0xA8, 0x1F, 0xFE,
    0x10, 0xF1, 0x24, 0xA6, 0x19, 0x69, 0x86, 0xB1, 0x9E, 0x97, 0x5D, 0x74, 0xF3, 0xAA, 0xB8, 0xCA,
    0xC0, 0xAE, 0xB0, 0xE2, 0xA2, 0xB8, 0xC8, 0x64, 0xE3, 0x74, 0x3E, 0x23, 0xA1, 0x32, 0x3C, 0xCC,
    0xA7, 0xC9, 0x82, 0x0A, 0xCC, 0x7A, 0x5C, 0x9E, 0x26, 0x2E, 0x54, 0x97, 0xC2, 0x3B, 0xE3, 0x91,
    0x59, 0x24, 0x94, 0x06, 0x8A, 0x91, 0xD5, 0x7D, 0x60, 0x71, 0xBF, 0x2C, 0xFB, 0xBB, 0x58, 0x3E,
    0xD2, 0x7F, 0xCC, 0x4C, 0x96, 0x9C, 0x1C, 0xFE, 0x03, 0x89, 0x78, 0x3C, 0x69, 0x92, 0xA9, 0x63,
    0x7D, 0x15, 0x40, 0x68, 0xC9, 0xCF, 0xA7, 0x57, 0xB7, 0x8F, 0xF4, 0x56, 0x40, 0x66, 0xC9, 0x74,
    0xAE, 0xCD, 0x0E, 0x66, 0x29, 0x7E, 0x5F, 0x98, 0xE5, 0x3E, 0x71, 0x40, 0x43, 0x96, 0xB4, 0x25,
    0x14, 0xDC, 0x97, 0xE0, 0x32, 0x41, 0xE0, 0xCD, 0xBC, 0x40, 0xF3, 0x55, 0x30, 0x0B, 0x34, 0x99,
    0xAE, 0x3E, 0x9A, 0xB5, 0xBC, 0xEA, 0x0B, 0xAE, 0x2A, 0x9D, 0x4D, 0x8A, 0x92, 0x90, 0x6B, 0x52,
    0x55, 0xDC, 0xB8, 0x75, 0x71, 0x45, 0xE4, 0x04, 0x2E, 0x68, 0x3D, 0xC8, 0x81, 0xFB, 0xB9, 0xE6,
    0x62, 0xBE, 0x7F, 0x6F, 0x36, 0x05, 0x4C, 0x74, 0x32, 0xA5, 0x61, 0x20, 0xD9, 0x2C, 0x58, 0x33,
    0x76, 0xD7, 0x1A, 0x2F, 0x7F, 0x15, 0x8F, 0x69, 0xDC, 0xBC, 0x2A, 0xEF, 0x22, 0xF5, 0x24, 0x54,
    0xA4, 0x63, 0x38, 0xA9, 0xFA, 0x49, 0x0F, 0x3A, 0xE7, 0x26, 0x6D, 0x89, 0x90, 0x2C, 0x17, 0x00,
    0x3D, 0x6D, 0x6B, 0x3F, 0x74, 0xD7, 0xCA, 0x51, 0xFC, 0x99, 0x69, 0x7B, 0x07, 0xC0, 0xC9, 0xBA,
    0xAB, 0xC0, 0x26, 0x82, 0xC6, 0x92, 0xA5, 0x60, 0x9A, 0x91, 0x26, 0x31, 0xE0, 0x81, 0xF5, 0xEA,
    0x95, 0xC9, 0x5C, 0x3C, 0x54, 0x0A, 0xFB, 0xAB, 0x74, 0x4E, 0xDD, 0x5C, 0x92, 0x72, 0x4E, 0x18,
    0x28, 0x93, 0xB7, 0xF3, 0xB1, 0x75, 0xA3, 0x07, 0xCC, 0x56, 0xAA, 0xE2, 0x76, 0x14, 0xC2, 0xFD,
    0x6E, 0x84, 0xFD, 0xDB, 0x82, 0xB0, 0x08, 0x53, 0x21, 0x8A, 0x76, 0x14, 0x1C, 0x44, 0x90, 0x20,
    0x47, 0x02, 0x9E, 0x85, 0x57, 0x18, 0xC0, 0xEE, 0x01, 0x01, 0x11, 0x20, 0x91, 0x1F, 0x11, 0x1F,
    0xE1, 0x0C, 0xD7, 0x33, 0xA1, 0x31, 0x2C, 0xC5, 0x22, 0xFC, 0x44, 0xA3, 0x57, 0xE4, 0x52, 0xEE,
    0x36, 0xDF, 0x38, 0x00, 0xB4, 0x4A, 0x73, 0x42, 0xCE, 0x56, 0xA9, 0x50, 0xC7, 0x9F, 0xD3, 0x73,
    0xF5, 0x33, 0x75, 0x29, 0x35, 0x3A, 0xD0, 0x22, 0x1B, 0x25, 0x47, 0x25, 0x43, 0x05, 0x2C, 0x70,
    0x0D, 0x41, 0xF9, 0x4A, 0x36, 0x0E, 0x0F, 0xA6, 0x01, 0x8C, 0xCE, 0x0C, 0x0C, 0x7E, 0x37, 0x2D,
    0xFE, 0x33, 0xF4, 0x8C, 0xAB, 0x7F, 0x20, 0x9B, 0x72, 0xDC, 0xF4, 0xD6, 0x3C, 0xB9, 0x7B, 0xCA,
    0x75, 0x42, 0x87, 0xBA, 0x50, 0x83, 0xB9, 0xE8, 0x3D, 0xD6, 0xC0, 0x73, 0x38, 0x80, 0x17, 0x98,
    0x89, 0xD9, 0x52, 0xC5, 0x5A, 0x77, 0x50, 0x09, 0xA7, 0xA6, 0xBB, 0x89, 0x23, 0xD1, 0xE3, 0x98,
    0xC4, 0x37, 0xE9, 0x7A, 0xA8, 0xCD, 0x73, 0x53, 0x71, 0xE1, 0x7E, 0x7B, 0xC0, 0x79, 0xD5, 0x6A,
    0xB9, 0xEF, 0x62, 0x65, 0xB3, 0x5A, 0x97, 0x56, 0xD4, 0xD4, 0x4D, 0xD1, 0xDF, 0x5B, 0x83, 0xD5,
    0xF0, 0xE9, 0xE1, 0xF2, 0x17, 0x86, 0x5E, 0xE8, 0x8F, 0x49, 0x5C, 0xD5, 0x34, 0xB7, 0xD6, 0x3E,
    0xE2, 0x3D, 0x0B, 0x14, 0x6E, 0xAC, 0x58, 0x95, 0xD9, 0xFB, 0x98, 0x49, 0x3F, 0x98, 0x55, 0x27,
    0x8D, 0xD6, 0x5A, 0x72, 0xE5, 0x93, 0xC8, 0xC1, 0xAC, 0x89, 0x74, 0xF1, 0x0F, 0x07, 0xB5, 0x16,
    0xCE, 0xF9, 0xB6, 0xAD, 0xBA, 0xE2, 0xF1, 0x52, 0x73, 0x9D, 0x73, 0x15, 0x0B, 0x79, 0x24, 0x57,
    0xDD, 0x7C, 0x54, 0x57, 0x57, 0x74, 0xE9, 0xD2, 0xDD, 0xEA, 0x42, 0xE3, 0x96, 0x96, 0x04, 0x9E,
    0x4E, 0xE6, 0x54, 0xA6, 0x36, 0x86, 0x08, 0xF5, 0x13, 0xEB, 0xC8, 0x6A, 0x1D, 0x7F, 0x42, 0x2A,
    0x35, 0x38, 0x58, 0x2A, 0x9B, 0xC2, 0xBD, 0x10, 0x05, 0x2D, 0x01, 0xE0, 0x0E, 0x6B, 0xB5, 0x59,
    0x15, 0x4F, 0xDD, 0xE9, 0x39, 0x13, 0x6D, 0xA2, 0xF9, 0xFA, 0x39, 0x4C, 0x08, 0x6B, 0xA7, 0xD4,
    0xE7, 0x13, 0x37, 0x66, 0x3E, 0x68, 0xE7, 0x7A, 0x52, 0xAC, 0xEA, 0x7C, 0x5C, 0x11, 0x28, 0xED,
    0x56, 0xF4, 0x61, 0x35, 0x41, 0xC9, 0xC3, 0xAB, 0xE2, 0xC1, 0x9C, 0x2F, 0xD1, 0xC3, 0x82, 0x42,
    0x91, 0x28, 0xE2, 0x60, 0x8A, 0x9E, 0x5B, 0x9A, 0xE2, 0x67, 0x75, 0x5C, 0x46, 0x23, 0xE1, 0xA6,
    0xD3, 0x05, 0x01, 0xF7, 0x2D, 0x58, 0x31, 0xFB, 0x6F, 0xF8, 0x79, 0x13, 0x28, 0x59, 0xBC, 0x6B,
    0xF3, 0xE3, 0xD1, 0x18, 0x8F, 0xA1, 0x8C, 0x55, 0xFD, 0xAC, 0x86, 0x33, 0xD3, 0x8B, 0xBB, 0x03,
    0x8C, 0xBA, 0x75, 0xF0, 0xED, 0x3D, 0xA1, 0xD5, 0xBB, 0xB5, 0xE3, 0x4A, 0x91, 0x50, 0x1E, 0xE3,
    0x92, 0x80, 0x63, 0x48, 0x8A, 0x3C, 0x31, 0xB7, 0x81, 0x24, 0x4D, 0x68, 0xC5, 0x1D, 0xAD, 0x0B,
    0x5B, 0x16, 0xF6, 0xD1, 0xE7, 0x97, 0xD1, 0xA5, 0xF1, 0x7B, 0xA2, 0xC3, 0xC2, 0xA6, 0xB6, 0x3F,
    0x61, 0xB8, 0xAF, 0x2C, 0xA3, 0x33, 0x44, 0x42, 0x74, 0xC2, 0xA8, 0xE9, 0xAF, 0xD9, 0x9E, 0xF0,
    0x36, 0xA7, 0x18, 0x8D, 0x41, 0x89, 0x36, 0x9D, 0xD3, 0xF2, 0xC0, 0x94, 0xFE, 0x17, 0x68, 0x25,
    0xFA, 0x4F, 0xA1, 0x7D, 0xE0, 0xF2, 0x5A, 0x6C, 0xD3, 0xD6, 0xAC, 0x74, 0x6F, 0x7C, 0x50, 0xCF,
    0x7A, 0x8B, 0xC5, 0x15, 0xCA, 0xDD, 0xB0, 0xEE, 0x06, 0xD2, 0x34, 0xAA, 0xDE, 0xAC, 0x82, 0xAB,
    0xD1, 0xA6, 0x8A, 0xB8, 0x0B, 0x2C, 0x55, 0x0D, 0xA8, 0x7A, 0x50, 0x19, 0x0F, 0xDD, 0x45, 0xF5,
    0x7A, 0x0C, 0xD5, 0x18, 0xE9, 0xB8, 0x56, 0x07, 0xAC, 0xE2, 0xB2, 0x69, 0xCF, 0x6B, 0xC1, 0x7D,
    0x5E, 0x87, 0x07, 0x89, 0x62, 0xC6, 0x83, 0x34, 0x6D, 0x30, 0x31, 0x01, 0x6A, 0x35, 0xFF, 0x59,
    0x6E, 0xB0, 0xC5, 0xF1, 0x39, 0x24, 0x0B, 0xE8, 0x19, 0x37, 0xAA, 0xD0, 0xB5, 0x61, 0x6E, 0xF5,
    0xF3, 0xED, 0xDE, 0x39, 0x0A, 0xD5, 0x34, 0x07, 0x70, 0xF4, 0xB5, 0xA7, 0x59, 0x4E, 0x77, 0x7C,
    0xB3, 0x9B, 0xDF, 0x82, 0x1D, 0xDF, 0x86, 0xCD, 0x6F, 0xC9, 0x70, 0x4C, 0xBE, 0xBD, 0x89, 0x1A,
    0xDC, 0xDF, 0xB8, 0xD0, 0xA6, 0x12, 0x00, 0x3C, 0x17, 0x3E, 0xD2, 0x22, 0xCB, 0xE1, 0x69, 0xDD,
    0xDC, 0x70, 0x18, 0x25, 0x7F, 0x0B, 0xA5, 0xFE, 0x20, 0x4A, 0x2A, 0x21, 0x2E, 0xAC, 0xB7, 0x1B,
    0x48, 0x1F, 0x41, 0x8E, 0xA7, 0x48, 0x8E, 0x0B, 0x14, 0x8B, 0x7D, 0x3E, 0xE8, 0x19, 0x3E, 0x28,
    0x23, 0x39, 0xB2, 0x72, 0x4F, 0x82, 0x90, 0xAA, 0x8E, 0x5D, 0xD4, 0xC2, 0x5C, 0xD0, 0x9C, 0x4E,
    0x56, 0xCB, 0xAB, 0xA2, 0xA9, 0x1C, 0x6C, 0xEC, 0xDA, 0x32, 0xBA, 0x7C, 0x46, 0xC2, 0xDF, 0x77,
    0xE9, 0x02, 0xBD, 0xF3, 0x39, 0x11, 0x8E, 0x18, 0x77, 0xF4, 0x7A, 0xDB, 0x21, 0xE7, 0x25, 0x9D,
    0x4F, 0xD8, 0x8D, 0x13, 0x59, 0xB7, 0x3E, 0x11, 0x58, 0x97, 0x55, 0x9E, 0x4F, 0x00, 0xD7, 0x78,
    0x3C, 0x41, 0x58, 0x3D, 0xC0, 0x07, 0x54, 0x93, 0x59, 0x03, 0x3C, 0xE1, 0x32, 0x28, 0x94, 0x04,
    0xC4, 0x55, 0xA3, 0xAB, 0x0E, 0x40, 0xFB, 0x2D, 0x67, 0xEE, 0x20, 0xFC, 0x1E, 0x03, 0xBB, 0x21,
    0x60, 0x00, 0x97, 0x47, 0x3D, 0x51, 0x45, 0x37, 0x00, 0xD2, 0x1C, 0x35, 0x41, 0xCC, 0x14, 0xF0,
    0x7D, 0x05, 0xB6, 0x5F, 0x87, 0xFA, 0xCA, 0xD6, 0x66, 0xEE, 0x9E, 0x6C, 0x36, 0xD2, 0x2B, 0xC1,
    0xFC, 0x51, 0xAE, 0xE9, 0xE8, 0x48, 0x31, 0xA7, 0x5E, 0x10, 0x2A, 0x86, 0x4A, 0xCA, 0x13, 0xC6,
    0x51, 0xC3, 0xF1, 0x37, 0x64, 0xC1, 0xD5, 0x61, 0x64, 0x2A, 0x4A, 0x90, 0x0D, 0x16, 0x57, 0xA7,
    0x09, 0xA9, 0x4C, 0x68, 0xBB, 0x06, 0x03, 0x77, 0x68, 0xB2, 0x1B, 0x12, 0x71, 0x8B, 0x97, 0x31,
    0x7C, 0x48, 0xD4, 0x3A, 0xEC, 0x73, 0x1D, 0x7C, 0x27, 0xE6, 0x4A, 0x5E, 0xA3, 0x82, 0x73, 0x0A,
    0xCF, 0xB5, 0x26, 0xAC, 0x1C, 0x64, 0x1A, 0x23, 0xD2, 0x33, 0x3C, 0x70, 0x9A, 0x4A, 0x72, 0xE3,
    0xF4, 0xE4, 0xE1, 0x34, 0x6A, 0x2E, 0xF6, 0x17, 0xF4, 0xA4, 0x4B, 0x57, 0x54, 0x08, 0x37, 0xAC,
    0xD5, 0x6F, 0xC5, 0xD0, 0x11, 0x13, 0x83, 0xDA, 0xB8, 0x80, 0x89, 0x58, 0x04, 0x89, 0x18, 0x23,
    0xAE, 0x0F, 0x33, 0x74, 0x4E, 0x86, 0xBE, 0x4A, 0x42, 0xBC, 0xB6, 0xC1, 0xD0, 0x17, 0xB5, 0xB7,
    0xE4, 0xF3, 0x19, 0xFA, 0xCF, 0x1B, 0x72, 0x67, 0xCA, 0xC6, 0x88, 0x9C, 0x2B, 0x07, 0x73, 0x02,
    0x25, 0x2C, 0x18, 0xE6, 0x3F, 0x75, 0x95, 0xA8, 0xA2, 0x5B, 0x85, 0x24, 0xC6, 0xBE, 0x25, 0xDA,
    0xFD, 0xB1, 0x31, 0xB0, 0xF1, 0x32, 0x40, 0xE9, 0x6A, 0xF2, 0xFB, 0x78, 0x9C, 0x6F, 0x81, 0x8B,
    0x29, 0xD2, 0xF5, 0x3F, 0x2D, 0xE1, 0x01, 0x5F, 0x16, 0x97, 0x15, 0x9A, 0x17, 0xD9, 0x36, 0xD0,
    0xAE, 0x58, 0xC0, 0x39, 0x3A, 0x47, 0xF8, 0x4E, 0xB6, 0x3D, 0x46, 0xAE, 0x7A, 0x0D, 0x4C, 0xF5,
    0x8B, 0x8E, 0x49, 0x01, 0x7A, 0x87, 0xC3, 0xAA, 0x33, 0x3A, 0xD5, 0xA0, 0x6D, 0xED, 0xB6, 0xEC,
    0xAD, 0x87, 0xFC, 0x16, 0x07, 0x3B, 0xC3, 0xC1, 0x06, 0x20, 0x24, 0xAE, 0x00, 0x0A, 0x34, 0x2D,
    0x30, 0x4B, 0xEB, 0x50, 0x40, 0x81, 0x45, 0x99, 0x0D, 0xFF, 0x83, 0x2B, 0x4C, 0xBE, 0xDD, 0x13,
    0x13, 0xA8, 0xC4, 0x62, 0xED, 0x41, 0xA7, 0x07, 0xFE, 0x7C, 0x4B, 0xA6, 0x70, 0x41, 0x26, 0x20,
    0xDE, 0xE5, 0x52, 0xFB, 0x40, 0x50, 0xCA, 0xAF, 0xC5, 0x06, 0xC9, 0x54, 0x06, 0x73, 0x37, 0x13,
    0xBC, 0x0A, 0x87, 0xA8, 0x3F, 0x88, 0x29, 0x94, 0x9F, 0xA0, 0xE1, 0xAD, 0x32, 0x67, 0xFE, 0x62,
    0xDB, 0xC4, 0xCF, 0xC5, 0x05, 0x6F, 0x2E, 0x76, 0xEF, 0x8C, 0x17, 0xF7, 0x60, 0x83, 0x9E, 0x7C,
    0x49, 0x2D, 0x3C, 0xFC, 0xB6, 0xD8, 0xF5, 0x6D, 0xFB, 0xD0, 0x7D, 0x67, 0x9C, 0x1B, 0x87, 0x0A,
    0xC6, 0xDF, 0x41, 0xEF, 0xC8, 0xD0, 0xA7, 0x04, 0x08, 0xD4, 0xDA, 0x62, 0x41, 0x1D, 0x35, 0xCB,
    0xE0, 0x4D, 0x39, 0x01, 0x54, 0x5B, 0x39, 0x81, 0x1B, 0x90, 0x08, 0x42, 0x21, 0xE0, 0x8C, 0xA7,
    0x55, 0xD5, 0x13, 0x02, 0x1D, 0x6E, 0x88, 0x72, 0xE1, 0x35, 0xB4, 0x8A, 0x8B, 0xFF, 0x5C, 0x5F,
    0x60, 0xC1, 0x33, 0x1B, 0x4E, 0xB1, 0xF6, 0x18, 0x59, 0xDE, 0x20, 0xB3, 0x78, 0x87, 0xF9, 0x56,
    0x93, 0x7D, 0xA2, 0xC5, 0x48, 0x44, 0x69, 0x7C, 0x1A, 0x13, 0x58, 0x9D, 0x7A, 0x3E, 0xA8, 0xED,
    0x91, 0xF5, 0x4F, 0xCD, 0x4A, 0xE9, 0xB2, 0x3A, 0xAA, 0x58, 0x43, 0x38, 0xFB, 0x2F, 0xC5, 0xDA,
    0x39, 0x51, 0x15, 0x3B, 0xAD, 0x6B, 0xEF, 0xFB, 0xDA, 0x1E, 0x71, 0xA0, 0x2E, 0xDD, 0xDC, 0xDB,
    0x0B, 0xAC, 0xE7, 0x6C, 0xE7, 0xD9, 0x51, 0xBC, 0xC6, 0xD8, 0xFE, 0x5A, 0x9C, 0x94, 0xD7, 0xAB,
    0x17, 0x84, 0x2D, 0x2F, 0x2D, 0xDB, 0xAC, 0xFB, 0x66, 0xFC, 0xA9, 0x61, 0x37, 0x55, 0x44, 0x1A,
    0x09, 0x1B, 0xC7, 0x23, 0x1C, 0xA1, 0xA2, 0x8D, 0x11, 0x70, 0x1B, 0x1E, 0xF0, 0xED, 0x0F, 0x72,
    0x1C, 0x78, 0x0D, 0xBD, 0x4B, 0x10, 0x3D, 0x00, 0x59, 0xB4, 0x94, 0x68, 0x0F, 0xE2, 0x7C, 0xCF,
    0x02, 0x92, 0x8E, 0x6C, 0x73, 0xA9, 0x2E, 0xF5, 0x59, 0x97, 0x21, 0x8A, 0x5D, 0x32, 0x0F, 0xFA,
    0xE0, 0x84, 0xCC, 0x1E, 0xF5, 0xD8, 0xE8, 0xF1, 0x25, 0x97, 0x1D, 0xBC, 0x2D, 0x27, 0x50, 0xD2,
    0xEC, 0xE4, 0x04, 0x96, 0x7D, 0x41, 0x04, 0x93, 0x98, 0x89, 0x1E, 0x27, 0x35, 0x64, 0x5A, 0x5A,
    0xC0, 0x95, 0x13, 0xE0, 0xEE, 0x46, 0xD4, 0x02, 0xA9, 0x21, 0x27, 0x4E, 0x10, 0xB3, 0x78, 0x22,
    0xF9, 0x64, 0xA6, 0x6F, 0xF3, 0x06, 0x53, 0x7C, 0xC4, 0xA2, 0x84, 0x9C, 0x20, 0xF9, 0xDC, 0x8E,
    0x00, 0xF6, 0xD1, 0x91, 0x1A, 0x28, 0x21, 0x90, 0xF6, 0xD4, 0xC2, 0xB8, 0x19, 0x92, 0x1B, 0xDD,
    0x50, 0xE5, 0x87, 0x70, 0xCF, 0x1B, 0x77, 0x7A, 0x9D, 0xA1, 0x4B, 0xD0, 0x04, 0x33, 0x0B, 0xCE,
    0x15, 0xCC, 0xB9, 0xA9, 0xDC, 0xEF, 0xB6, 0x79, 0x72, 0xCE, 0x42, 0xF9, 0x2E, 0xFB, 0x9B, 0xF6,
    0x7B, 0x4B, 0x25, 0x85, 0x78, 0x6B, 0x42, 0x04, 0x6B, 0x53, 0xDB, 0x3F, 0x98, 0x7E, 0xF0, 0xB6,
    0x7D, 0x94, 0x94, 0x78, 0x28, 0xFB, 0x4F, 0x19, 0x5B, 0x78, 0x00, 0xE1, 0x18, 0xD0, 0x27, 0x21,
    0x34, 0x09, 0x96, 0x76, 0x1A, 0x9B, 0x55, 0xEF, 0x36, 0xA4, 0x03, 0xB2, 0x60, 0x4B, 0xBA, 0x6A,
    0x22, 0x3E, 0x6B, 0x71, 0x51, 0x97, 0xB0, 0x58, 0xA7, 0x3D, 0x99, 0x01, 0xD5, 0x05, 0xD1, 0x9B,
    0xE7, 0x22, 0x82, 0xDE, 0xAC, 0xED, 0x1B, 0xEA, 0xAC, 0xDF, 0x71, 0x06, 0xFA, 0xBA, 0x5B, 0xA0,
    0x13, 0xAE, 0xC2, 0x7D, 0x46, 0xE3, 0xFF, 0x27, 0x21, 0x0B, 0x73, 0xB8, 0x87, 0x67, 0x40, 0xCD,
    0xA0, 0x63, 0x13, 0xA5, 0xE6, 0xB5, 0x5A, 0xE3, 0xEC, 0xA3, 0xF9, 0xD1, 0x76, 0x74, 0x68, 0xF3,
    0xF3, 0x8D, 0x67, 0xFB, 0x14, 0xA2, 0x11, 0xDB, 0x9E, 0x12, 0x76, 0xEE, 0xFD, 0x69, 0x3F, 0xEB,
    0x4F, 0x67, 0xFF, 0x16, 0xD8, 0x20, 0x98, 0x6A, 0x79, 0x04, 0x05, 0x2C, 0x66, 0x2A, 0xD9, 0x8A,
    0xF3, 0x6F, 0xE0, 0xFF, 0x3B, 0xF9, 0x42, 0x72, 0xF3, 0x7E, 0x64, 0x99, 0x7F, 0x9A, 0x57, 0x75,
    0x82, 0xED, 0x06, 0x3E, 0xC4, 0xB5, 0x84, 0xAF, 0xB2, 0x92, 0xAE, 0xEA, 0x90, 0x74, 0x2D, 0x3F,
    0x47, 0xBA, 0xDE, 0x92, 0x47, 0x51, 0xBA, 0x04, 0x5D, 0x95, 0xAE, 0x35, 0xBA, 0x2A, 0x5D, 0xD9,
    0xA0, 0xD2, 0xA5, 0xE8, 0xCA, 0xDF, 0xB6, 0x51, 0xE9, 0xCA, 0x46, 0x95, 0xAE, 0xD0, 0xAA, 0x74,
    0x19, 0xFB, 0x2B, 0x95, 0xAE, 0x74, 0xD9, 0xBA, 0x66, 0x90, 0x5E, 0x9B, 0x3B, 0x66, 0x74, 0x13,
    0x27, 0x5D, 0x81, 0x93, 0x2E, 0x72, 0x1E, 0x6E, 0x46, 0x35, 0x06, 0x01, 0x64, 0xE0, 0xA4, 0x4B,
    0xFB, 0xF4, 0xE7, 0xCE, 0x7D, 0xA3, 0xDD, 0x19, 0xC4, 0x71, 0xCE, 0x67, 0xCD, 0x62, 0xF4, 0xBA,
    0x6B, 0x47, 0xD5, 0x70, 0x3C, 0xCB, 0xF5, 0xC6, 0xF8, 0x93, 0xB9, 0x1F, 0x75, 0xAE, 0x9C, 0x0C,
    0x4E, 0xBA, 0xC2, 0x41, 0x38, 0x36, 0x86, 0xC1, 0x8A, 0xC5, 0xD7, 0xB1, 0x3F, 0xB5, 0xA3, 0x08,
    0xD7, 0x8F, 0xED, 0x5D, 0xF1, 0xC7, 0xA5, 0xBD, 0x14, 0x4C, 0x65, 0x21, 0x54, 0xAA, 0x45, 0x6B,
    0x72, 0x3F, 0x47, 0xD6, 0x89, 0x1F, 0x93, 0x0C, 0x42, 0x00, 0xE1, 0x6E, 0x8D, 0x77, 0x90, 0x6F,
    0x96, 0x88, 0xA7, 0xAA, 0x23, 0x9C, 0x16, 0x51, 0x4C, 0x06, 0x66, 0xB6, 0x55, 0x88, 0xD4, 0xC3,
    0x61, 0xFA, 0x63, 0x74, 0xBB, 0x63, 0x8E, 0xC1, 0xB3, 0x8D, 0xEA, 0x0A, 0x8B, 0x43, 0xA9, 0x8A,
    0x11, 0x42, 0xE4, 0xBC, 0x1C, 0xDD, 0x90, 0xE2, 0xB2, 0x21, 0xC1, 0xDC, 0x37, 0x77, 0xF8, 0xE7,
    0x5E, 0x16, 0x9A, 0xB8, 0x4D, 0x02, 0xBE, 0x37, 0xB4, 0x8B, 0xAC, 0x48, 0x3E, 0xE0, 0xCB, 0xCA,
    0xA3, 0x98, 0xB0, 0x1F, 0x3C, 0x75, 0x6A, 0xE9, 0x13, 0xD8, 0x06, 0xBE, 0x0C, 0xA2, 0x6F, 0x70,
    0xFC, 0xD2, 0x25, 0xF1, 0x35, 0xBA, 0xFB, 0x39, 0x8E, 0x85, 0xF6, 0x71, 0xF2, 0xED, 0xA8, 0xD9,
    0x9F, 0x8F, 0x34, 0xD2, 0xF8, 0x31, 0x23, 0x8F, 0x91, 0x97, 0xDB, 0x96, 0x4A, 0xCF, 0xAA, 0xAF,
    0x8C, 0x30, 0x14, 0xBA, 0x1F, 0x6B, 0xC2, 0xEE, 0x90, 0x91, 0xCF, 0x16, 0x76, 0x2D, 0xB4, 0xFA,
    0xCB, 0xA4, 0xA5, 0xAB, 0x66, 0x15, 0xAC, 0x09, 0x1C, 0xB9, 0x1A, 0x63, 0xCE, 0x0F, 0xBA, 0xD3,
    0xC9, 0xB3, 0x8F, 0x02, 0x60, 0xA2, 0x9B, 0x82, 0xF7, 0xAB, 0x1A, 0x1B, 0x6A, 0xCE, 0xA1, 0xDB,
    0x15, 0x3B, 0x6C, 0x3A, 0xEE, 0xFB, 0xB0, 0x35, 0xDC, 0x23, 0xAC, 0x4C, 0x48, 0x91, 0xA7, 0x9D,
    0x08, 0x46, 0xF6, 0x26, 0xAC, 0x0F, 0xEB, 0x08, 0x0A, 0xE5, 0x5D, 0xCA, 0x2A, 0x67, 0xB5, 0x08,
    0x6A, 0x5D, 0x16, 0x85, 0x54, 0xF7, 0xAE, 0xE7, 0x87, 0x27, 0xC0, 0xA2, 0x62, 0xC2, 0x24, 0x85,
    0x38, 0x6C, 0x10, 0xD9, 0xAA, 0x85, 0xE4, 0xA2, 0x56, 0x91, 0xE8, 0xC6, 0x23, 0xEE, 0xEF, 0x81,
    0x06, 0xC8, 0x98, 0x0C, 0x3E, 0xC7, 0x14, 0xC4, 0x92, 0xE8, 0x66, 0x7D, 0xE1, 0x90, 0x24, 0x6A,
    0x8F, 0x33, 0xB3, 0xB6, 0xA4, 0xD3, 0x55, 0x39, 0x24, 0xDF, 0xD1, 0x94, 0x9B, 0xEE, 0xBD, 0xE9,
    0xB8, 0x51, 0xCC, 0x72, 0xB7, 0x4E, 0x3A, 0x6A, 0xC7, 0x7F, 0x13, 0x69, 0xB9, 0x05, 0xEC, 0x22,
    0xCF, 0x96, 0x87, 0x46, 0xF4, 0x89, 0xE8, 0x8A, 0x26, 0xCA, 0x12, 0x7B, 0xDA, 0x95, 0x6B, 0x1E,
    0x42, 0xFB, 0xC7, 0x53, 0x60, 0xF2, 0xA7, 0xA1, 0x0B, 0x2F, 0xB2, 0x7F, 0x88, 0x83, 0x59, 0x97,
    0xF8, 0xDE, 0x08, 0xAE, 0x91, 0x53, 0xE2, 0x36, 0xB2, 0xA2, 0x41, 0xA6, 0xA7, 0xAC, 0x58, 0x28,
    0xA9, 0x89, 0x2E, 0x76, 0xD4, 0x34, 0x29, 0xDA, 0x59, 0x65, 0xB2, 0xD8, 0x51, 0xE3, 0xB6, 0xD5,
    0xE4, 0x19, 0xB7, 0x2E, 0xB5, 0x72, 0x11, 0xF1, 0x8D, 0x3B, 0xB4, 0xBA, 0x32, 0x53, 0x51, 0xB9,
    0x60, 0xC8, 0x3E, 0xC6, 0xCD, 0x45, 0x53, 0xD2, 0xD1, 0x6C, 0xB1, 0x03, 0x2B, 0x68, 0xA8, 0xF5,
    0xC3, 0x73, 0x87, 0x37, 0xE4, 0x39, 0x5E, 0x50, 0x88, 0x1D, 0xCF, 0x62, 0x81, 0x42, 0x19, 0x08,
    0xA3, 0x98, 0x1F, 0xC5, 0xD8, 0x31, 0x2D, 0xDD, 0xF0, 0xAC, 0xA7, 0x4F, 0x9E, 0xF5, 0x0E, 0x64,
    0xC7, 0xB5, 0x99, 0xFB, 0x60, 0xAE, 0xAE, 0x57, 0x94, 0x3B, 0x25, 0x80, 0xFB, 0x68, 0x0B, 0xBA,
    0xB5, 0xB5, 0x83, 0xD9, 0xF1, 0x6D, 0xA6, 0x8D, 0xC6, 0x2C, 0xE9, 0x0E, 0x33, 0xCE, 0x8E, 0x71,
    0x85, 0x91, 0xD8, 0xDB, 0x5A, 0xA8, 0x2F, 0x3F, 0x03, 0x1D, 0x2C, 0x71, 0x75, 0xF2, 0x2E, 0xA6,
    0xB1, 0x44, 0xF4, 0x16, 0xB6, 0xB8, 0xEA, 0x41, 0x26, 0x03, 0xDA, 0xD3, 0x3B, 0x4D, 0x1C, 0x5B,
    0xA0, 0x98, 0x32, 0x49, 0xFA, 0x0C, 0xCD, 0x96, 0x82, 0x38, 0xDD, 0x21, 0x38, 0x56, 0x11, 0x37,
    0x10, 0x88, 0xA7, 0x4B, 0xD0, 0x0D, 0xAB, 0x81, 0xDA, 0x3C, 0x8C, 0x9E, 0xED, 0x86, 0x2B, 0x07,
    0x28, 0x29, 0x24, 0x86, 0x25, 0x8A, 0x31, 0xE1, 0xD6, 0x12, 0xAD, 0xB2, 0x6C, 0x96, 0xBE, 0x45,
    0xCB, 0xCD, 0xFD, 0x7F, 0x0D, 0xFB, 0x19, 0xE6, 0xB6, 0xB2, 0xA9, 0xB2, 0x0B, 0x16, 0xB8, 0x6F,
    0xB8, 0x78, 0xCF, 0xB5, 0x51, 0x47, 0x35, 0x56, 0x8A, 0x38, 0xE6, 0x84, 0x62, 0x8E, 0x70, 0x1D,
    0x78, 0x33, 0x6E, 0x6A, 0x5C, 0xB9, 0xEF, 0x7E, 0x8F, 0x59, 0x48, 0xF6, 0x06, 0x63, 0x2E, 0x1E,
    0xDB, 0xFC, 0x52, 0xED, 0x7F, 0x3F, 0xA5, 0xD1, 0x15, 0xDB, 0xA6, 0xA1, 0xB5, 0x3D, 0xFB, 0xE1,
    0xAB, 0x1A, 0x3F, 0x09, 0x2D, 0x4F, 0xAD, 0xCA, 0x81, 0x1D, 0x1D, 0x25, 0x35, 0x19, 0x21, 0x37,
    0x00, 0x49, 0xD8, 0xA0, 0x0D, 0x66, 0x90, 0x9D, 0xB9, 0x89, 0x5B, 0x18, 0x18, 0xCD, 0x6F, 0xBA,
    0x2F, 0xC4, 0xEA, 0xFE, 0x86, 0x94, 0xC9, 0x04, 0xF4, 0x8E, 0x0C, 0xB0, 0x9F, 0xA1, 0xD6, 0xC8,
    0xB9, 0x49, 0x60, 0xF1, 0xCA, 0x44, 0xDD, 0xB7, 0xD1, 0x92, 0xE6, 0x92, 0xFD, 0xEB, 0xBE, 0xB4,
    0x8A, 0x9B, 0xDD, 0x0A, 0xDB, 0x55, 0xD8, 0xA3, 0x16, 0x0B, 0x27, 0x94, 0x45, 0x9B, 0xA2, 0x19,
    0x50, 0x78, 0xBE, 0x8F, 0x86, 0xB4, 0x07, 0x5B, 0x34, 0xE2, 0x2A, 0x2C, 0x23, 0x74, 0x9F, 0x65,
    0xE8, 0x0B, 0xEC, 0x99, 0x83, 0x93, 0x1B, 0x34, 0x54, 0xCB, 0x34, 0xE4, 0xB2, 0x68, 0x11, 0x6C,
    0x23, 0x2C, 0xA2, 0xAA, 0x0B, 0x74, 0xA2, 0x59, 0x76, 0xB5, 0x08, 0x6D, 0xFF, 0x95, 0xED, 0x97,
    0x37, 0x56, 0xFD, 0x68, 0xF7, 0xBC, 0xB8, 0x91, 0xEE, 0x76, 0x4D, 0x3E, 0x9A, 0x7E, 0x5B, 0x35,
    0x3D, 0xEF, 0xD8, 0xBC, 0xA9, 0xFB, 0x1E, 0x22, 0xFB, 0xAA, 0xCB, 0xEB, 0x67, 0xBA, 0x3B, 0xD4,
    0x75, 0xD1, 0xB3, 0x2A, 0xA1, 0x1F, 0xE0, 0x56, 0x6D, 0x7D, 0x77, 0x3B, 0x1E, 0x40, 0x3D, 0xF4,
    0x12, 0xB0, 0xF7, 0x5A, 0xDB, 0xEC, 0x3F, 0x01, 0xC7, 0xFA, 0xD6, 0x85, 0x72, 0x79, 0xC5, 0x5D,
    0x8E, 0xC6, 0x71, 0x7E, 0xAA, 0x23, 0xE3, 0x6E, 0xF9, 0xCF, 0x76, 0xF6, 0x51, 0x87, 0x5C, 0x8D,
    0x0C, 0x59, 0x2C, 0x3A, 0x06, 0xC1, 0x16, 0xA2, 0x9E, 0xEF, 0x31, 0xA3, 0xDA, 0x32, 0xFD, 0xCF,
    0x84, 0xC4, 0xDE, 0xCB, 0x73, 0xB8, 0xAD, 0xFB, 0xBE, 0x6A, 0x17, 0x49, 0x50, 0xC5, 0x06, 0x5B,
    0xCA, 0xFD, 0x7C, 0x1F, 0x09, 0x1D, 0xFA, 0x42, 0xE4, 0xF7, 0x23, 0x3B, 0x9C, 0x48, 0x3F, 0x78,
    0xA1, 0x83, 0x5B, 0xD3, 0x88, 0xB7, 0xBA, 0x2A, 0x52, 0xB4, 0xCE, 0x9B, 0xA2, 0xC0, 0xFB, 0x6E,
    0xF7, 0x82, 0xFB, 0xC5, 0x74, 0x41, 0x34, 0xCE, 0x1E, 0x69, 0x32, 0x7C, 0x2D, 0x01, 0xDB, 0xFE,
    0x19, 0x37, 0x03, 0x01, 0xB7, 0xD5, 0x60, 0xDE, 0xF7, 0xF9, 0xC6, 0x66, 0x0C, 0xE0, 0xBA, 0x84,
    0x4F, 0xA8, 0xA5, 0x5F, 0x0A, 0x1F, 0x55, 0xCB, 0x64, 0x29, 0x21, 0x49, 0x31, 0x85, 0xCF, 0xDF,
    0xFA, 0x60, 0x84, 0x6F, 0xD2, 0x23, 0x02, 0x9B, 0xAB, 0x37, 0xC3, 0xCC, 0x7A, 0x0A, 0x6C, 0x33,
    0x27, 0x59, 0x14, 0xDD, 0xDC, 0xF5, 0x38, 0x28, 0xB0, 0xD3, 0xE1, 0xF0, 0x24, 0xE9, 0xE7, 0x5C,
    0x63, 0xD4, 0xAF, 0xB6, 0x03, 0x62, 0x90, 0xF3, 0xF9, 0x46, 0xF2, 0xDB, 0xD3, 0x6E, 0x57, 0xBF,
    0xD7, 0x1C, 0xEE, 0xA4, 0x0B, 0xA8, 0xC6, 0x4D, 0xC6, 0x3F, 0x7A, 0x73, 0x4F, 0xA4, 0x22, 0x2B,
    0x60, 0x15, 0xAA, 0x65, 0x92, 0xCF, 0xA0, 0x59, 0xBC, 0x93, 0x66, 0xE5, 0x17, 0xA0, 0x59, 0xFC,
    0x65, 0x69, 0xF6, 0x04, 0xDA, 0x47, 0x5F, 0x03, 0x47, 0x5F, 0x44, 0x7C, 0x9C, 0x61, 0x8B, 0x46,
    0x36, 0xAD, 0x0A, 0xDA, 0xDD, 0x57, 0xCF, 0xE4, 0x2E, 0xB5, 0x4D, 0x44, 0x49, 0x0F, 0x65, 0x9C,
    0x3F, 0xDD, 0x34, 0xA5, 0x35, 0xAC, 0xE9, 0x35, 0x16, 0x57, 0xC4, 0x6C, 0xE6, 0xE2, 0xC3, 0x26,
    0xB5, 0x49, 0xCB, 0x80, 0x1D, 0xC4, 0x95, 0xA8, 0x78, 0x3A, 0x30, 0x57, 0x99, 0x57, 0xD1, 0xD0,
    0xD5, 0x58, 0x2D, 0xFB, 0x69, 0x4B, 0x12, 0xD3, 0xA4, 0x56, 0xCD, 0x4A, 0x33, 0x77, 0x41, 0x30,
    0xF6, 0x11, 0xFB, 0x9C, 0xD3, 0xB8, 0x46, 0xE4, 0x9A, 0xAB, 0x70, 0x7E, 0x44, 0xC3, 0x0A, 0x9F,
    0x62, 0x83, 0x75, 0x2D, 0x98, 0x84, 0xF2, 0x04, 0x23, 0x31, 0x69, 0x44, 0x17, 0xEF, 0x1E, 0x67,
    0x27, 0x29, 0x8A, 0x54, 0x87, 0xF4, 0x76, 0xAB, 0x99, 0x8F, 0x1E, 0xD1, 0x7D, 0x9D, 0x9B, 0x2C,
    0x47, 0xAB, 0x21, 0x57, 0x26, 0x35, 0xD3, 0xEC, 0x3D, 0x36, 0x95, 0xCE, 0x7D, 0x47, 0xE3, 0xCC,
    0x52, 0xF4, 0x76, 0xEC, 0xBA, 0x8E, 0x59, 0x9A, 0xA7, 0x65, 0x0E, 0x41, 0x27, 0x83, 0xC6, 0x5D,
    0x5A, 0xEA, 0x0E, 0x8E, 0xC4, 0x31, 0x33, 0xFB, 0xF5, 0x18, 0x4B, 0x44, 0x9F, 0x62, 0x1A, 0x03,
    0xF2, 0xC5, 0x73, 0x80, 0xFA, 0x3B, 0x43, 0xEC, 0xCE, 0x2F, 0x86, 0x18, 0x70, 0xD2, 0x4D, 0x2E,
    0xF2, 0xC8, 0x8F, 0xC5, 0x0A, 0x76, 0x17, 0x4D, 0xD0, 0x86, 0xA5, 0x5F, 0x9A, 0x2B, 0x1B, 0x36,
    0xA2, 0x27, 0x58, 0x1E, 0xFA, 0xD3, 0x80, 0x15, 0x94, 0xAE, 0xE6, 0xAD, 0x6B, 0x97, 0x2A, 0x61,
    0xF2, 0xBA, 0x73, 0x99, 0x3F, 0x5B, 0x86, 0x79, 0xD2, 0x12, 0x26, 0x2B, 0x7A, 0x23, 0x65, 0xC3,
    0x54, 0xFB, 0x5B, 0x60, 0x30, 0x6D, 0x60, 0xB0, 0xBC, 0xDD, 0x18, 0x3C, 0xAD, 0x8E, 0xFA, 0x2A,
    0xB9, 0x40, 0xCD, 0xA5, 0x59, 0x58, 0x0D, 0xAB, 0x91, 0x3B, 0x8C, 0x69, 0x59, 0xA6, 0xDE, 0xAC,
    0xBA, 0x0D, 0x3C, 0xF1, 0x82, 0xC4, 0x1C, 0x07, 0x5D, 0x51, 0x67, 0xE5, 0x33, 0x12, 0x4E, 0xFD,
    0x15, 0xF7, 0x64, 0x4D, 0x9A, 0x50, 0x80, 0xB4, 0x42, 0xC7, 0xA0, 0x1B, 0x3D, 0x6B, 0x8F, 0x99,
    0xA2, 0x1C, 0xCD, 0x18, 0x8C, 0x61, 0x1B, 0x4F, 0xD7, 0x65, 0xF0, 0xCB, 0xDC, 0x06, 0x1E, 0x6B,
    0xEB, 0x2A, 0xF0, 0xBF, 0x77, 0x54, 0x56, 0x15, 0x8F, 0xEE, 0xEA, 0x29, 0x13, 0x7C, 0xD2, 0xCE,
    0x29, 0xE7, 0x84, 0x55, 0x89, 0x25, 0xD4, 0x9D, 0xF6, 0x2E, 0x69, 0xB9, 0x6F, 0xF1, 0x7B, 0x2D,
    0x88, 0x41, 0x2D, 0x11, 0xF1, 0x23, 0x9E, 0xB8, 0x4E, 0xFD, 0x75, 0x97, 0x5C, 0xA1, 0xDE, 0xC5,
    0xD4, 0x1F, 0xD8, 0x7A, 0x8B, 0xC1, 0x2D, 0x3C, 0xA2, 0x17, 0xA0, 0xC5, 0xF3, 0x9E, 0x3C, 0x78,
    0xF8, 0x77, 0xA8, 0xAA, 0x8A, 0xAD, 0x13, 0x42, 0xEE, 0x64, 0xE0, 0xB7, 0xCC, 0x75, 0xF6, 0x5F,
    0x96, 0x05, 0x66, 0xA8, 0xE7, 0x8C, 0x62, 0xA3, 0x32, 0x80, 0x02, 0x94, 0xB9, 0xFB, 0xC3, 0x5C,
    0x61, 0xA1, 0xF1, 0xAC, 0xEB, 0x02, 0x2C, 0x16, 0xD5, 0xF4, 0xCA, 0x18, 0x37, 0x48, 0xB9, 0x97,
    0xCC, 0x12, 0x0F, 0x29, 0xB3, 0xF0, 0x8F, 0xC2, 0xE7, 0x35, 0x57, 0x1F, 0x82, 0x7E, 0x0E, 0x57,
    0x19, 0xFB, 0xAC, 0xDF, 0xA8, 0x66, 0xB8, 0x0D, 0xB4, 0xD3, 0x46, 0xF1, 0x43, 0x53, 0xD9, 0xAE,
    0xE8, 0xB1, 0xEB, 0xE2, 0xCD, 0xDD, 0xB6, 0x3B, 0x2E, 0xD6, 0xC6, 0x82, 0xB9, 0x65, 0x50, 0x3D,
    0x32, 0x75, 0xDE, 0xE3, 0x72, 0x63, 0x07, 0xA6, 0x7B, 0xD1, 0x82, 0xEB, 0xFC, 0xE5, 0x97, 0xD3,
    0x0C, 0x23, 0xC3, 0xFF, 0x68, 0xD6, 0x45, 0x4C, 0xA4, 0xDC, 0xCB, 0x55, 0x0B, 0x91, 0xAF, 0x3E,
    0xA3, 0x90, 0x71, 0x0A, 0x10, 0x8F, 0xAF, 0xF3, 0xF5, 0xEB, 0x0D, 0xC9, 0xEC, 0x3A, 0xE2, 0xD6,
    0x52, 0x89, 0xBF, 0x9E, 0x15, 0x2F, 0xFC, 0x07, 0x65, 0x60, 0x5F, 0x95, 0xDB, 0xE0, 0x97, 0xB7,
    0x5A, 0xB9, 0x3D, 0xA3, 0x1D, 0x2C, 0x9E, 0xDB, 0x47, 0xBE, 0x07, 0xF2, 0x83, 0x01, 0xE5, 0xF9,
    0x4F, 0x8B, 0x2B, 0x70, 0xFD, 0xDA, 0xDC, 0xBC, 0xE3, 0x0C, 0x71, 0xAA, 0x09, 0xBA, 0xC9, 0xBD,
    0x09, 0xA5, 0xDE, 0xDE, 0x73, 0x32, 0xD3, 0xE4, 0x87, 0xF2, 0x73, 0x71, 0xA6, 0x09, 0xB7, 0x0D,
    0x46, 0xD8, 0x29, 0x1A, 0xD7, 0x78, 0x39, 0x85, 0x19, 0x12, 0x06, 0x9C, 0x8E, 0x26, 0x0F, 0x1F,
    0xA0, 0xC9, 0xF0, 0xD9, 0x34, 0x49, 0x6E, 0x2B, 0x4D, 0x66, 0x0B, 0x00, 0x33, 0x49, 0x7B, 0xD0,
    0xA8, 0x5B, 0x54, 0x5D, 0x42, 0x8F, 0xCE, 0x83, 0xEB, 0x62, 0xA8, 0x4F, 0x90, 0x19, 0x45, 0x6E,
    0x14, 0x43, 0x9D, 0xF6, 0xD8, 0xF1, 0x2D, 0x1E, 0xFE, 0x08, 0x16, 0xE2, 0xAA, 0xDC, 0xF8, 0x58,
    0x2E, 0x37, 0x0E, 0xAE, 0x4F, 0x94, 0x35, 0xA4, 0xEB, 0xEB, 0x8D, 0x95, 0x07, 0xF8, 0xF7, 0x43,
    0xF0, 0xAF, 0xC3, 0x4A, 0xF9, 0x37, 0xD9, 0xE0, 0xDF, 0xA7, 0x3E, 0x97, 0x7F, 0x53, 0xAB, 0x7B,
    0xEC, 0xDC, 0xFE, 0xA9, 0xDB, 0x85, 0x55, 0x3E, 0xF7, 0x7E, 0xA0, 0x25, 0x63, 0x60, 0xD4, 0x6A,
    0xED, 0xFB, 0xD0, 0x00, 0xB2, 0x60, 0x20, 0x88, 0x7E, 0x1C, 0xDB, 0x9D, 0xB7, 0x0B, 0x30, 0x9D,
    0xBB, 0x30, 0x1E, 0xEF, 0xF2, 0xEC, 0xA5, 0x3A, 0x19, 0x7A, 0x94, 0x74, 0x52, 0xA4, 0x87, 0xDB,
    0xD9, 0xCB, 0xF4, 0x06, 0x6E, 0x08, 0x15, 0x7F, 0xEC, 0xA4, 0x6B, 0xC4, 0xE1, 0xF1, 0xE8, 0x07,
    0x3A, 0xBD, 0xD3, 0xC1, 0x0E, 0xCF, 0x8E, 0x4D, 0xAB, 0x8B, 0x97, 0xD8, 0x27, 0x03, 0x65, 0xCC,
    0x39, 0x6A, 0xC8, 0xA7, 0x49, 0x54, 0xCD, 0x95, 0x92, 0x81, 0x8E, 0x3C, 0x4C, 0x2E, 0x0A, 0xEB,
    0x9D, 0x87, 0x5D, 0xD4, 0x08, 0xFD, 0x4F, 0xE7, 0xB6, 0x3F, 0x7C, 0x78, 0xD4, 0xC3, 0x80, 0x2F,
    0xAA, 0xB5, 0x67, 0xE0, 0xA2, 0xB6, 0xB3, 0x85, 0x7C, 0x7B, 0x4B, 0x43, 0xC7, 0x37, 0xD5, 0x5E,
    0x7F, 0x96, 0x38, 0xDD, 0x16, 0xF3, 0x56, 0x63, 0x74, 0xE7, 0xD6, 0xFA, 0x2D, 0xDE, 0x75, 0x32,
    0x05, 0xF0, 0x49, 0x7E, 0x2E, 0xF3, 0xFC, 0x88, 0x85, 0x6C, 0xC8, 0xF9, 0xE9, 0x83, 0xBD, 0x95,
    0xDA, 0xD3, 0xB3, 0x28, 0x45, 0xD6, 0xB2, 0x56, 0x02, 0xCB, 0xB4, 0x8F, 0xF1, 0x46, 0x92, 0x38,
    0x1E, 0x83, 0xC9, 0x0B, 0x97, 0x1E, 0x36, 0x19, 0x30, 0xA4, 0x47, 0xBA, 0xA1, 0x6A, 0x84, 0x5F,
    0x33, 0xF4, 0xA8, 0xC6, 0x43, 0x84, 0x74, 0x61, 0x54, 0x5D, 0xBA, 0x64, 0xA3, 0xE2, 0x9D, 0xDA,
    0xDA, 0x9F, 0xC8, 0x00, 0xF6, 0x1D, 0x5B, 0xC7, 0xF6, 0x2D, 0x5A, 0x8D, 0x42, 0x3B, 0x66, 0x9C,
    0x20, 0x14, 0xDA, 0xE5, 0xED, 0x5B, 0xDB, 0x1E, 0x99, 0x2E, 0xBB, 0x73, 0xB1, 0xC8, 0x85, 0x0A,
    0x54, 0xE0, 0xA6, 0xB8, 0xA1, 0xEC, 0x73, 0x46, 0x7D, 0x4E, 0x56, 0x2F, 0x34, 0x8D, 0x4A, 0x71,
    0x3D, 0xFA, 0x30, 0xC8, 0xE6, 0x75, 0x3B, 0x0F, 0xCF, 0x64, 0x13, 0x8B, 0xC3, 0x66, 0xDD, 0xB3,
    0x87, 0x0F, 0x5B, 0x3D, 0x0C, 0x42, 0x20, 0xEB, 0x0D, 0x71, 0x4A, 0x80, 0x62, 0xC7, 0xCA, 0x01,
    0x52, 0xBD, 0x85, 0x5A, 0x34, 0xD7, 0x30, 0xA3, 0xFB, 0xC8, 0x23, 0xEB, 0x72, 0x70, 0xD5, 0x2A,
    0xE3, 0x39, 0xBF, 0xE9, 0xE8, 0xE8, 0x9F, 0xB4, 0xB9, 0xF3, 0x25, 0xB1, 0x48, 0x12, 0x3A, 0xD9,
    0x49, 0x38, 0xFE, 0x63, 0xC0, 0xDC, 0x81, 0x0A, 0xC7, 0x8B, 0x26, 0x59, 0xC1, 0x8C, 0x26, 0x34,
    0x89, 0x92, 0x56, 0x54, 0xA8, 0xF0, 0x6E, 0x9E, 0x7F, 0x1E, 0x4E, 0x67, 0xDD, 0x3F, 0x8D, 0xFB,
    0x22, 0xF7, 0x76, 0x14, 0x7D, 0x2B, 0x9E, 0x81, 0x1D, 0xD1, 0xC6, 0xD4, 0x87, 0x14, 0xAC, 0x88,
    0xE9, 0x66, 0x61, 0x29, 0xEF, 0x9A, 0x0B, 0x57, 0x34, 0x8E, 0x9D, 0xF3, 0xC4, 0xD7, 0x77, 0x6C,
    0x02, 0xC9, 0x98, 0xA8, 0x1C, 0x99, 0x33, 0xF4, 0xAA, 0xF2, 0x48, 0xF6, 0xEF, 0x3F, 0x9B, 0xFD,
    0xEB, 0xAF, 0x98, 0xFD, 0xCD, 0x6F, 0xC0, 0xFE, 0x68, 0x14, 0x45, 0xAF, 0xA8, 0x98, 0x31, 0x66,
    0xF7, 0xAF, 0x85, 0x8D, 0x6B, 0x26, 0xD1, 0x16, 0xB7, 0xB4, 0xF9, 0x5D, 0xB1, 0xFF, 0x6C, 0x74,
    0x83, 0xE7, 0x94, 0x00, 0x27, 0xDD, 0x9E, 0xD6, 0x2B, 0xDF, 0xD2, 0x47, 0xD7, 0x57, 0xCD, 0x86,
    0x56, 0x9C, 0x5D, 0x41, 0xFD, 0x59, 0x2C, 0x5E, 0x34, 0xFE, 0xE2, 0x0A, 0x77, 0x94, 0x21, 0xC0,
    0xDD, 0x04, 0xEB, 0x84, 0x03, 0xEB, 0x35, 0x8D, 0x24, 0x8E, 0x3E, 0xCC, 0x1A, 0x44, 0xB2, 0xFB,
    0x70, 0xEC, 0xAC, 0xDD, 0xEB, 0x1A, 0xD1, 0x05, 0xCD, 0xE1, 0xC3, 0x1D, 0x0F, 0x53, 0x96, 0x52,
    0xED, 0x89, 0x46, 0x10, 0x89, 0xA0, 0x04, 0xCD, 0x1E, 0x99, 0xCD, 0xC3, 0xA5, 0x7B, 0xE9, 0x52,
    0xA3, 0x2F, 0xAD, 0x5A, 0xBA, 0xE8, 0xB8, 0xD4, 0x7C, 0xFE, 0x1C, 0x23, 0xFD, 0x68, 0xD5, 0x05,
    0x78, 0x1A, 0x0A, 0xF9, 0xBE, 0x80, 0x7B, 0xCA, 0x90, 0xDF, 0x6B, 0x9E, 0x9E, 0x8D, 0xB2, 0xBF,
    0x5D, 0xBF, 0xAE, 0xF2, 0x07, 0xAE, 0xF8, 0xB6, 0x8B, 0xD9, 0xE8, 0xBE, 0x0C, 0x7E, 0x29, 0x7C,
    0x1E, 0xBC, 0x2D, 0xB4, 0x28, 0xBF, 0x6F, 0xF3, 0xA2, 0x61, 0x56, 0x57, 0x3C, 0x03, 0xA1, 0x45,
    0xDA, 0xA3, 0x9A, 0x84, 0x74, 0x73, 0x30, 0xB1, 0xBB, 0xCE, 0xBF, 0xD9, 0xB6, 0xF6, 0xAD, 0x5F,
    0x7E, 0xD4, 0x65, 0xF6, 0x57, 0x32, 0x80, 0x84, 0xB1, 0x9D, 0xD0, 0x1D, 0xA1, 0x77, 0xE3, 0x3A,
    0x53, 0x8B, 0xB7, 0xB5, 0x29, 0x62, 0x54, 0xD7, 0x22, 0x7E, 0x4B, 0xE3, 0xFD, 0xD7, 0xB5, 0xCB,
    0x2F, 0x28, 0xDB, 0xA3, 0xAD, 0x03, 0x1A, 0x12, 0x7C, 0x97, 0xD4, 0xFB, 0x72, 0xD6, 0x61, 0x83,
    0xE1, 0xBF, 0x98, 0x78, 0x24, 0xB7, 0xC9, 0x3A, 0x78, 0x16, 0x26, 0xD5, 0x1F, 0x61, 0x0F, 0x82,
    0x1E, 0x8C, 0x1A, 0x31, 0xC1, 0x1D, 0x9F, 0xC3, 0x75, 0xF7, 0x87, 0xF9, 0xCE, 0xB6, 0xF3, 0x1E,
    0xFD, 0x07, 0x54, 0x57, 0x24, 0x88, 0xA1, 0x9C, 0x98, 0x33, 0x28, 0x57, 0x18, 0xD5, 0x58, 0x4A,
    0x13, 0x15, 0x15, 0x1F, 0x6F, 0xAF, 0x32, 0x2A, 0x3B, 0x24, 0x8B, 0x4A, 0x4B, 0x19, 0x8F, 0xA7,
    0x6C, 0x62, 0xA8, 0xB7, 0x0C, 0x29, 0x63, 0x54, 0x60, 0xFC, 0x25, 0xDB, 0x18, 0x94, 0xE7, 0x2F,
    0xB3, 0x75, 0x03, 0xDC, 0xF6, 0xD9, 0xCC, 0xCD, 0xC3, 0x9F, 0xCF, 0xDC, 0xF6, 0x08, 0xE6, 0xDE,
    0x71, 0xF8, 0x9A, 0x9A, 0x95, 0x83, 0x3C, 0x3F, 0x6C, 0xF3, 0xFC, 0xE4, 0x78, 0xBE, 0x73, 0x2F,
    0x6A, 0x73, 0x3C, 0xDF, 0x2A, 0xCF, 0x3B, 0x1D, 0xEB, 0x2C, 0xC1, 0xDC, 0x15, 0xD8, 0x6F, 0xE7,
    0x75, 0xF7, 0x5D, 0x8A, 0xDB, 0x71, 0xDA, 0xDC, 0x16, 0xCD, 0x7E, 0xEE, 0x55, 0x5F, 0xDA, 0xAA,
    0xB5, 0x83, 0xE0, 0xA7, 0x60, 0x7E, 0x71, 0xF2, 0xAA, 0xE6, 0x2C, 0x80, 0x26, 0xF2, 0xC7, 0x92,
    0x3E, 0x5C, 0x31, 0xBF, 0x01, 0xF3, 0xE7, 0xD5, 0x4A, 0x36, 0x04, 0x96, 0xB4, 0x7B, 0x70, 0xBA,
    0x8B, 0x98, 0x07, 0x76, 0xCA, 0x64, 0x00, 0x2B, 0x01, 0x58, 0x66, 0xB9, 0x11, 0x4E, 0x8B, 0xF6,
    0xF4, 0x93, 0x82, 0x7A, 0xFE, 0x45, 0xF7, 0x40, 0x3B, 0x7E, 0xAE, 0xAD, 0xBA, 0x47, 0xF9, 0x42,
    0x33, 0x6D, 0x60, 0x9C, 0xB7, 0x0F, 0x3E, 0x39, 0x33, 0x49, 0x32, 0x17, 0xC4, 0xA3, 0xD9, 0xB2,
    0xFB, 0xCB, 0xB9, 0xE5, 0x74, 0x39, 0xEF, 0x6E, 0x3F, 0xE8, 0x70, 0x2C, 0x16, 0x97, 0xD1, 0x7E,
    0xBC, 0x78, 0x19, 0x9B, 0x1C, 0x02, 0xBC, 0x02, 0xEA, 0x32, 0xEA, 0x6B, 0x28, 0x28, 0x94, 0x6C,
    0x83, 0x19, 0xD9, 0xBC, 0xD8, 0x31, 0x21, 0xF0, 0x08, 0xE9, 0x2C, 0xA1, 0x5B, 0xC8, 0x97, 0xAA,
    0x24, 0x72, 0x68, 0xC0, 0x21, 0xB4, 0xF0, 0x24, 0xA4, 0xD7, 0x1B, 0x12, 0x36, 0x37, 0xDC, 0xBF,
    0x2F, 0x2E, 0xC3, 0x3E, 0xF7, 0xDF, 0x35, 0xB6, 0x11, 0xE4, 0xE5, 0xD0, 0x7E, 0xBC, 0xC4, 0x72,
    0xAA, 0x2E, 0xD6, 0x8A, 0x6E, 0x64, 0xC5, 0x39, 0x5A, 0xA2, 0xD0, 0x5A, 0xB5, 0xFB, 0x72, 0x08,
    0xB2, 0x34, 0x49, 0x40, 0xBB, 0x44, 0x54, 0x5E, 0xBD, 0xDF, 0x1A, 0x3A, 0x4C, 0xD1, 0xB4, 0x2F,
    0x9E, 0x03, 0xAA, 0xAE, 0xD5, 0x4D, 0xE1, 0xC2, 0x9B, 0xB4, 0xF5, 0xAD, 0x7B, 0xAD, 0x12, 0x6C,
    0x3B, 0xDD, 0x19, 0x84, 0xBE, 0x2E, 0xFC, 0x6D, 0xE7, 0x5D, 0x0D, 0xE3, 0xDC, 0x23, 0xC0, 0xA2,
    0x52, 0xE9, 0xD2, 0x6B, 0xAB, 0x6E, 0x5C, 0x93, 0x74, 0x5B, 0x39, 0x75, 0xED, 0x1E, 0xBE, 0xA5,
    0x9D, 0x5A, 0xCD, 0x35, 0x6D, 0x6D, 0x3D, 0xA5, 0x65, 0x90, 0x3B, 0x0E, 0x79, 0x0C, 0x4B, 0x6F,
    0xE1, 0xA3, 0x79, 0x25, 0x10, 0x09, 0x0E, 0xE5, 0x63, 0x12, 0x4B, 0x75, 0x7E, 0x08, 0x97, 0xE1,
    0x78, 0x12, 0x66, 0xC9, 0x1B, 0x1F, 0xA6, 0x75, 0x1A, 0x8F, 0x17, 0x78, 0x9F, 0x1C, 0x4A, 0x31,
    0x62, 0xB0, 0xB4, 0x02, 0x66, 0x50, 0x45, 0x2F, 0x5A, 0xBF, 0x45, 0xC5, 0xA0, 0xC1, 0x4E, 0x55,
    0xD1, 0x51, 0x71, 0x1E, 0x5A, 0x81, 0xF8, 0x41, 0x01, 0x2A, 0xAE, 0x1A, 0xA0, 0x3A, 0x42, 0xBF,
    0x41, 0x5B, 0x72, 0xFA, 0x79, 0xAA, 0x2A, 0xE3, 0x9E, 0xCB, 0x1B, 0xDB, 0x1E, 0x13, 0x6D, 0xC3,
    0x5D, 0xB2, 0x1D, 0xF6, 0xF0, 0x5E, 0x3D, 0x7A, 0x71, 0x4A, 0x59, 0x89, 0x02, 0x99, 0xCC, 0xEA,
    0x35, 0x89, 0x99, 0xBB, 0xE6, 0x2A, 0xF7, 0xF6, 0x3D, 0x48, 0xD8, 0x3E, 0x23, 0x86, 0xB0, 0x5E,
    0xED, 0xFA, 0x4F, 0xC7, 0x40, 0xF3, 0x84, 0x67, 0x09, 0xCF, 0xCF, 0xF4, 0x9D, 0x41, 0x37, 0xCD,
    0x7A, 0xAF, 0xF1, 0xBC, 0x3B, 0x73, 0xD8, 0x08, 0xDA, 0x5C, 0xD4, 0x91, 0x8E, 0x47, 0x1F, 0x6B,
    0x37, 0x5A, 0xA7, 0x0A, 0x6D, 0x27, 0x5B, 0xC5, 0x68, 0xFE, 0x15, 0xE3, 0xF6, 0xF8, 0x6B, 0x36,
    0x84, 0x09, 0x06, 0x7F, 0x78, 0x86, 0x9B, 0xAA, 0x3A, 0x68, 0x9E, 0x68, 0x9B, 0x0E, 0xA5, 0x84,
    0x58, 0x08, 0x31, 0x3B, 0xF4, 0x77, 0x4C, 0xD0, 0x09, 0x71, 0x13, 0xFE, 0xE5, 0x20, 0x2E, 0xE2,
    0x15, 0x5B, 0x26, 0xF5, 0xB7, 0xE2, 0x51, 0x8C, 0x59, 0x5D, 0xD5, 0x12, 0xE9, 0x86, 0xCB, 0x80,
    0x7B, 0x2D, 0xCF, 0xC2, 0x21, 0x0F, 0x59, 0x04, 0x7C, 0x1D, 0xC2, 0x84, 0x00, 0x3C, 0xF9, 0x35,
    0xD9, 0x69, 0xDF, 0xB1, 0x92, 0x9B, 0xA5, 0xEB, 0x56, 0xC9, 0x57, 0xF9, 0xA2, 0x7D, 0xA7, 0x47,
    0xBC, 0x0E, 0xD8, 0x64, 0xCF, 0x32, 0x96, 0xE6, 0xBE, 0x35, 0xBD, 0x29, 0x77, 0x2A, 0x24, 0xD1,
    0x6F, 0x9A, 0x10, 0xA7, 0x61, 0x8E, 0x7B, 0xE6, 0x76, 0xDD, 0xA9, 0xC3, 0x44, 0x4A, 0x95, 0x48,
    0xB1, 0x23, 0xD2, 0xB8, 0x9B, 0x48, 0x7C, 0xAD, 0xE7, 0xE7, 0x13, 0xE9, 0xBF, 0xBE, 0x5A, 0x22,
    0xCD, 0x8D, 0xD7, 0xEE, 0x4E, 0xD7, 0xFD, 0x16, 0x6E, 0xED, 0x06, 0xE6, 0xCF, 0x85, 0x79, 0xEF,
    0x05, 0xE2, 0x47, 0x0F, 0xAF, 0xEB, 0x19, 0xD1, 0x71, 0x01, 0x52, 0x85, 0xC8, 0x8E, 0x37, 0x30,
    0x9E, 0x48, 0x30, 0xC6, 0x9A, 0x56, 0x3B, 0xA9, 0xD2, 0xFC, 0x5D, 0x6D, 0xD6, 0x59, 0x65, 0x1D,
    0x12, 0xF7, 0xF6, 0x39, 0x97, 0x1C, 0x18, 0xB6, 0x56, 0xB7, 0x79, 0x85, 0x6B, 0x0D, 0x9A, 0xAF,
    0x50, 0x8F, 0x62, 0x7E, 0xB7, 0x28, 0x1A, 0x0B, 0x79, 0xC5, 0x19, 0xDD, 0xE3, 0xC9, 0xBC, 0x3C,
    0x42, 0x0B, 0x4C, 0x20, 0xC2, 0x2E, 0x41, 0xBE, 0x8F, 0xA2, 0x58, 0x37, 0xAB, 0x2A, 0xAB, 0xAD,
    0xAB, 0x52, 0xBA, 0x81, 0x26, 0x77, 0x19, 0x73, 0xEA, 0x67, 0x7F, 0x8B, 0x9A, 0xD1, 0x0D, 0x74,
    0xA9, 0xD8, 0x0F, 0x5A, 0x2C, 0xB9, 0xE4, 0x06, 0xDD, 0xE0, 0x43, 0x99, 0x4D, 0x68, 0xEE, 0x6D,
    0xCD, 0x31, 0x4D, 0x05, 0x3D, 0x32, 0x67, 0x7E, 0x68, 0x70, 0x78, 0x28, 0x43, 0x4E, 0xD6, 0xDE,
    0x8A, 0x8D, 0xE6, 0x77, 0xF0, 0x7E, 0xA6, 0xB3, 0x21, 0x8A, 0x83, 0xA6, 0xD8, 0x88, 0x0E, 0x9C,
    0x61, 0x72, 0x29, 0x98, 0xA2, 0xDB, 0xFC, 0xB6, 0xB9, 0x97, 0xE7, 0x0F, 0x01, 0xF4, 0x60, 0xF5,
    0xCA, 0xC7, 0x55, 0x0A, 0xE6, 0x70, 0x9E, 0x80, 0x68, 0x5B, 0xFB, 0x42, 0xCE, 0x64, 0x8D, 0x0C,
    0x91, 0x07, 0xFF, 0x22, 0x7F, 0xDC, 0x87, 0xAC, 0x56, 0x4E, 0x2B, 0x4F, 0x5E, 0x1C, 0x66, 0x98,
    0xDD, 0x5B, 0x25, 0xAF, 0x48, 0xEC, 0x15, 0x6B, 0x82, 0xE7, 0x53, 0x79, 0x68, 0xFC, 0x7D, 0x59,
    0xFD, 0x16, 0xD2, 0x7B, 0x86, 0xEF, 0x72, 0x0A, 0x5B, 0x36, 0x8D, 0xBB, 0xBE, 0x33, 0xCF, 0xBD,
    0xCA, 0x69, 0xB3, 0xC7, 0xE4, 0x00, 0xD2, 0x7C, 0x67, 0x96, 0xBF, 0x64, 0x88, 0x1A, 0x74, 0x7C,
    0x73, 0xCC, 0x8C, 0x74, 0xCE, 0xCC, 0xF1, 0x29, 0x4D, 0x7B, 0x3E, 0xCC, 0x2B, 0x8C, 0xBA, 0x8B,
    0x2B, 0x85, 0xB3, 0x8D, 0xB4, 0xBF, 0x75, 0xC5, 0x4C, 0x8B, 0x1D, 0x48, 0x47, 0x3B, 0x90, 0x36,
    0x5F, 0x00, 0x69, 0xD6, 0xA3, 0xF8, 0xD6, 0xAA, 0x8B, 0x31, 0x54, 0x22, 0x94, 0x1D, 0x9F, 0xC3,
    0x74, 0xD8, 0x9D, 0x97, 0x7F, 0x27, 0xEC, 0xFD, 0xBF, 0xD5, 0x5A, 0xBF, 0xAF, 0xDE, 0x56, 0x19,
    0x3E, 0xB6, 0x9B, 0xEB, 0x12, 0x97, 0xB8, 0x0B, 0x12, 0xEA, 0x2D, 0x71, 0x07, 0x06, 0x14, 0x92,
    0x38, 0x03, 0x43, 0x86, 0x7B, 0xAF, 0xDD, 0x66, 0xE8, 0xC0, 0xD0, 0x0C, 0x64, 0x62, 0x61, 0x60,
    0x62, 0x09, 0x43, 0x25, 0x82, 0x14, 0x6A, 0x43, 0x06, 0x86, 0x0E, 0xE4, 0x3F, 0x68, 0x27, 0xD4,
    0xDE, 0x0E, 0xCD, 0x90, 0xA1, 0x43, 0x52, 0x3B, 0xCD, 0xD0, 0x81, 0x01, 0x07, 0x24, 0x18, 0x90,
    0xC0, 0xFD, 0x01, 0x95, 0x00, 0xA9, 0x2E, 0x32, 0xC8, 0x69, 0x6C, 0x1F, 0x9E, 0xE7, 0x7D, 0x8F,
    0xBF, 0xEF, 0xCB, 0xCD, 0x4D, 0x0A, 0xA8, 0x20, 0xF1, 0x29, 0xB9, 0xFE, 0x75, 0x7C, 0x7C, 0xCE,
    0x73, 0xDE, 0x1F, 0xCF, 0xFB, 0xBE, 0xC7, 0x18, 0xFE, 0xA2, 0x5A, 0x0E, 0xDE, 0x24, 0x07, 0x93,
    0x34, 0x7A, 0x74, 0x97, 0x29, 0x9E, 0x6E, 0x5B, 0x5B, 0x75, 0x78, 0x62, 0xAD, 0x1D, 0x70, 0x98,
    0x4C, 0x86, 0xAB, 0x68, 0x36, 0xC6, 0xD6, 0xC6, 0xB7, 0xA5, 0x09, 0xD1, 0x96, 0x0D, 0x70, 0x3B,
    0x19, 0x8D, 0x09, 0x2C, 0xFE, 0x95, 0xB8, 0xEC, 0xE5, 0x6E, 0x60, 0xF3, 0x18, 0x6D, 0x71, 0xE9,
    0xA1, 0x3D, 0x2F, 0xB3, 0x51, 0x2E, 0xA5, 0x51, 0x88, 0xCB, 0xDE, 0xF0, 0xFD, 0xD0, 0xE2, 0x10,
    0x5B, 0x53, 0xE0, 0x1D, 0x63, 0x1B, 0xB9, 0x4C, 0x47, 0xB9, 0x44, 0xCB, 0xC0, 0x4A, 0x23, 0xF9,
    0x74, 0x3C, 0xE1, 0xB3, 0x72, 0xD7, 0xC4, 0x78, 0xB7, 0x6A, 0x8D, 0x29, 0x6A, 0x93, 0x62, 0x6C,
    0xBE, 0xCD, 0x13, 0x0E, 0x3C, 0xB4, 0x56, 0xC6, 0xBF, 0x65, 0xEF, 0x1A, 0xF7, 0x8B, 0xF1, 0x31,
    0xE3, 0x8F, 0xCB, 0x9C, 0xDC, 0x69, 0x56, 0x72, 0x76, 0x1D, 0xE7, 0x36, 0x60, 0x1E, 0xE8, 0xCE,
    0xB3, 0x65, 0x55, 0xE3, 0x33, 0xD1, 0x68, 0xA2, 0xC9, 0xE0, 0xD4, 0xD6, 0x38, 0x45, 0xE7, 0xB6,
    0xE6, 0x4C, 0x46, 0x3C, 0xF2, 0x78, 0xCA, 0xE9, 0x65, 0x1D, 0xE7, 0x3A, 0x9B, 0xAA, 0x31, 0x69,
    0x97, 0xE0, 0xFB, 0x36, 0x9C, 0xE5, 0xE3, 0x39, 0xF1, 0xC9, 0x97, 0x4F, 0x2F, 0x10, 0xAF, 0x30,
    0x5E, 0x81, 0xBC, 0xBA, 0x91, 0xD6, 0x47, 0xF7, 0xF7, 0x73, 0x73, 0x02, 0x33, 0x2C, 0xEC, 0x55,
    0x0C, 0xE2, 0x43, 0x62, 0x80, 0x39, 0xE2, 0x4D, 0x62, 0x6A, 0x2E, 0x71, 0x72, 0xB8, 0x88, 0x72,
    0x01, 0xD6, 0x98, 0x8E, 0x1F, 0xC2, 0xF1, 0xB8, 0xE2, 0x62, 0x7C, 0xB4, 0x16, 0x9C, 0x77, 0x8C,
    0x2C, 0x8C, 0x09, 0x6B, 0xC1, 0xCF, 0x98, 0xEB, 0x0A, 0x95, 0x89, 0xCD, 0x81, 0x57, 0x4F, 0x1B,
    0x05, 0x2F, 0x68, 0x04, 0x53, 0x79, 0x55, 0xD6, 0x28, 0x2A, 0xDD, 0xAB, 0xBD, 0xFB, 0x6A, 0xCA,
    0x21, 0xA2, 0x45, 0xD8, 0xB0, 0x45, 0x67, 0xBC, 0x51, 0xD6, 0xAA, 0xF1, 0xD8, 0x8D, 0xA9, 0x20,
    0x18, 0x9C, 0x50, 0x80, 0x63, 0x2F, 0xF3, 0x15, 0x41, 0x11, 0xFC, 0x3F, 0x34, 0x6B, 0x14, 0xB8,
    0x02, 0xC6, 0x9F, 0x36, 0x10, 0x90, 0x7E, 0xD0, 0x75, 0xE9, 0x55, 0xF9, 0x09, 0x0C, 0xA5, 0x1A,
    0x03, 0xBC, 0x91, 0x61, 0x09, 0x1A, 0x13, 0x17, 0x1D, 0xD0, 0x0E, 0xAE, 0x58, 0x83, 0xC1, 0x3F,
    0x59, 0x34, 0x29, 0xBA, 0x8E, 0x47, 0x91, 0x03, 0x5B, 0x52, 0x0C, 0xD2, 0x1E, 0x0B, 0x44, 0x69,
    0xE3, 0x08, 0xB3, 0x96, 0x03, 0x8E, 0xC6, 0xA8, 0xBA, 0x52, 0x1A, 0xFB, 0xCE, 0x1F, 0x3E, 0xE9,
    0x30, 0xBE, 0xC1, 0xE2, 0x9E, 0xB5, 0x89, 0xE5, 0x60, 0xDF, 0x91, 0x89, 0x34, 0x0B, 0xF4, 0xFA,
    0x3B, 0x62, 0xB6, 0xF2, 0x8D, 0x11, 0x36, 0xC5, 0xC6, 0x55, 0x70, 0x6F, 0xDA, 0x68, 0xC9, 0x69,
    0x6F, 0xFC, 0x6C, 0x6D, 0x1E, 0xF2, 0x7B, 0x51, 0x0F, 0x00, 0x85, 0xB2, 0x07, 0x48, 0x28, 0x8A,
    0xD4, 0x9D, 0x16, 0x7D, 0xE0, 0xC7, 0x61, 0x5A, 0xAF, 0x9A, 0x4C, 0x30, 0x02, 0xDC, 0x4E, 0x56,
    0x2D, 0xB2, 0x79, 0xD8, 0x61, 0x2A, 0xB5, 0x13, 0xEE, 0x3A, 0xAE, 0x31, 0xE2, 0x5C, 0xD7, 0xDE,
    0xB6, 0x09, 0xE6, 0x27, 0x2A, 0x34, 0x70, 0xAD, 0x4F, 0xE2, 0xCF, 0xE0, 0xD6, 0xB2, 0xE8, 0xCE,
    0x68, 0x27, 0xA2, 0x27, 0x85, 0xAC, 0x6C, 0xED, 0x24, 0xA2, 0xE8, 0xF9, 0x5D, 0x4E, 0xC8, 0xB6,
    0x7A, 0x95, 0x4D, 0x32, 0x91, 0x46, 0x5B, 0xCA, 0x1A, 0xC9, 0xF2, 0x56, 0xFC, 0x76, 0x6B, 0x9C,
    0x9C, 0xE0, 0x2A, 0x92, 0x4E, 0x02, 0xBE, 0x8C, 0xFB, 0x89, 0xAC, 0xB2, 0x88, 0x0C, 0xEE, 0x17,
    0x93, 0x2E, 0xB1, 0xBE, 0xAB, 0x0B, 0x4E, 0xC1, 0x43, 0x6B, 0xED, 0x84, 0x16, 0x82, 0xE6, 0x21,
    0xB6, 0xB2, 0xE0, 0x5C, 0x17, 0x4C, 0x23, 0xC5, 0x0B, 0x4F, 0xE8, 0x14, 0xB0, 0x78, 0x15, 0x6E,
    0x9E, 0xD5, 0x29, 0xD8, 0xDA, 0x63, 0x27, 0x32, 0x19, 0x03, 0xFD, 0x09, 0x30, 0xBE, 0x80, 0xC3,
    0xEB, 0x38, 0x66, 0x76, 0x12, 0x37, 0x10, 0xA4, 0x4F, 0x2B, 0x8C, 0x26, 0xB3, 0x7F, 0xDE, 0xA7,
    0x76, 0x02, 0xC6, 0xAB, 0x68, 0x4F, 0x38, 0xF3, 0x4D, 0xEC, 0x23, 0xFE, 0x29, 0x14, 0xF9, 0xCE,
    0xBC, 0xC5, 0x61, 0x56, 0xEC, 0xFC, 0x72, 0xD8, 0xCA, 0x90, 0x53, 0x8C, 0x33, 0x2B, 0x4A, 0x41,
    0x39, 0x94, 0xFE, 0x8C, 0x0C, 0x8E, 0x52, 0x2F, 0x02, 0x9F, 0x0A, 0xDE, 0x26, 0xEE, 0x56, 0x68,
    0x6B, 0xC7, 0x8A, 0xB5, 0x5B, 0x59, 0xC1, 0xD6, 0x3B, 0x6F, 0xBE, 0xB3, 0x20, 0x9B, 0xCE, 0xCF,
    0x76, 0xAA, 0xAF, 0x45, 0x87, 0xAF, 0xD7, 0xAA, 0x45, 0x45, 0x87, 0xE1, 0x2D, 0x08, 0xFF, 0x4D,
    0x16, 0x5E, 0xF0, 0xB5, 0x1F, 0x94, 0x17, 0x17, 0x15, 0xB4, 0xBF, 0x11, 0x3D, 0x5D, 0xD0, 0x4C,
    0x56, 0x58, 0x96, 0xE6, 0xB2, 0x51, 0xAD, 0xC4, 0x33, 0xAF, 0x73, 0x43, 0x83, 0x42, 0xB0, 0xB9,
    0xA2, 0xD8, 0x9B, 0x24, 0x37, 0xA5, 0x62, 0xD8, 0x98, 0xA2, 0x0D, 0x4A, 0x41, 0x10, 0xCD, 0xED,
    0x7C, 0x51, 0xF1, 0x1B, 0xA8, 0x8A, 0xE3, 0x82, 0x5E, 0x7A, 0x11, 0x58, 0x38, 0xEC, 0x76, 0x3C,
    0x5D, 0x2B, 0xFD, 0x6D, 0x2B, 0x8A, 0x5B, 0x37, 0x16, 0xFB, 0x64, 0x9B, 0x23, 0xC6, 0xE3, 0x4D,
    0x20, 0x74, 0xDA, 0xEC, 0x0A, 0x04, 0xA3, 0xD9, 0x8D, 0xE4, 0x9D, 0xA2, 0x35, 0xD3, 0x2C, 0xBA,
    0x6C, 0xF1, 0x4F, 0x6E, 0x71, 0x60, 0x22, 0x25, 0x7C, 0x78, 0xF4, 0x55, 0x51, 0x1F, 0xBB, 0x32,
    0xBD, 0xA3, 0x5B, 0x9D, 0x09, 0x83, 0xB4, 0x57, 0x4F, 0x8A, 0x1E, 0xA0, 0xE7, 0x7B, 0x2D, 0xCD,
    0x26, 0x54, 0xDA, 0xCE, 0xEC, 0xAA, 0x68, 0x13, 0x2A, 0x49, 0x0A, 0xC7, 0x60, 0xBA, 0x6D, 0xBA,
    0x97, 0x32, 0x1E, 0x43, 0x13, 0xB4, 0xEC, 0x00, 0xDD, 0x9A, 0x3D, 0xF6, 0x4E, 0xA1, 0xC4, 0x2D,
    0xB4, 0xA1, 0x6E, 0xEC, 0x49, 0xEF, 0x78, 0x8B, 0x36, 0xAC, 0x68, 0xB9, 0xA6, 0x7B, 0xC6, 0x83,
    0x1B, 0x28, 0xC6, 0x2F, 0xA3, 0xC9, 0xD9, 0x68, 0x0A, 0x8B, 0xF7, 0xEB, 0xCC, 0xFE, 0xB6, 0xCE,
    0xE6, 0xBB, 0x76, 0x0A, 0xA8, 0x8C, 0x95, 0x7D, 0xD9, 0x36, 0x7B, 0x15, 0x5E, 0xB2, 0x43, 0x36,
    0x05, 0x0D, 0xC5, 0xBB, 0xCA, 0x8B, 0x12, 0xB6, 0xA0, 0x55, 0xCD, 0x1D, 0xD5, 0x98, 0xC1, 0xCE,
    0xA9, 0x1B, 0x09, 0x69, 0xC6, 0x22, 0x9D, 0x0F, 0xA1, 0x37, 0x3A, 0x69, 0xD1, 0x8F, 0x58, 0x8D,
    0x04, 0x85, 0xC3, 0x57, 0xA3, 0x20, 0x0D, 0x33, 0x9D, 0xB3, 0xD8, 0x70, 0x95, 0x51, 0x31, 0xE3,
    0x2A, 0x43, 0x6A, 0xC9, 0x0F, 0xEF, 0x2F, 0x99, 0x56, 0x42, 0xE6, 0xFA, 0x53, 0xEF, 0xF9, 0x2F,
    0xF7, 0xD7, 0xBB, 0xFE, 0xCE, 0xE8, 0x8A, 0xB0, 0xBF, 0x63, 0x6A, 0xE7, 0xD9, 0x0C, 0x0E, 0x45,
    0x46, 0xCC, 0xCF, 0xBE, 0x45, 0x88, 0xB5, 0xBF, 0xF4, 0x08, 0x96, 0x42, 0xFB, 0x0B, 0x3F, 0x19,
    0x02, 0x35, 0xEF, 0x20, 0x01, 0xE9, 0x3F, 0x66, 0x31, 0xE3, 0x9F, 0xEE, 0x57, 0xB7, 0x44, 0xD7,
    0x68, 0xE3, 0x6D, 0x1F, 0xAE, 0x9C, 0x5B, 0x74, 0xC0, 0xFA, 0xC1, 0x70, 0x99, 0x0B, 0x17, 0xCE,
    0xAB, 0xA9, 0x80, 0x27, 0x54, 0x17, 0x8F, 0x4F, 0x37, 0x6E, 0x2C, 0xB1, 0x0C, 0x93, 0xF6, 0x5B,
    0x46, 0x6A, 0x32, 0xE7, 0x73, 0xCC, 0x0A, 0xBA, 0x35, 0x2C, 0x66, 0x31, 0x57, 0x1B, 0x0F, 0xD3,
    0xC6, 0x3D, 0x8C, 0x44, 0x97, 0xF8, 0x90, 0x8B, 0xA4, 0xEC, 0x41, 0x58, 0x88, 0xF8, 0x3C, 0x76,
    0x49, 0x14, 0x02, 0xF5, 0xC8, 0xF2, 0x66, 0xEF, 0xBC, 0x9A, 0x59, 0x1E, 0x1A, 0x7D, 0x98, 0x1B,
    0xAF, 0x5E, 0x1E, 0x1E, 0xD7, 0x87, 0x58, 0x7A, 0xFA, 0x76, 0xC1, 0x26, 0x29, 0x49, 0x2D, 0x08,
    0xF7, 0xB8, 0x3C, 0x8C, 0x5B, 0x3E, 0xDC, 0x86, 0x35, 0x82, 0x18, 0x0E, 0x0A, 0xCA, 0x40, 0x1A,
    0x20, 0xD2, 0x52, 0x2F, 0xA2, 0xEF, 0xF1, 0xA1, 0xFB, 0x55, 0xCB, 0x1C, 0x83, 0x79, 0xB9, 0x95,
    0x38, 0x83, 0xF2, 0x35, 0x88, 0x9F, 0xB6, 0x1F, 0x42, 0xD7, 0x3E, 0x1A, 0x16, 0x4F, 0x94, 0xA8,
    0x85, 0xE5, 0x99, 0xE3, 0x32, 0xDF, 0x6E, 0xCC, 0xDB, 0x80, 0x11, 0x46, 0xB4, 0xF5, 0xF1, 0x55,
    0xCC, 0x17, 0xB8, 0xC6, 0x24, 0x5D, 0x64, 0x63, 0xE0, 0x2F, 0xF0, 0xA7, 0x6E, 0x2C, 0x99, 0x7C,
    0x41, 0x07, 0x11, 0x4D, 0x4E, 0x2B, 0xBD, 0x99, 0x88, 0xD3, 0x4F, 0x54, 0x4D, 0x64, 0x49, 0xA9,
    0xA2, 0x8F, 0x07, 0xA8, 0x51, 0xF8, 0xCD, 0x09, 0x8D, 0xFC, 0x73, 0xD2, 0x13, 0x67, 0x2A, 0x2D,
    0x28, 0x39, 0x99, 0xF0, 0x2E, 0x28, 0x1A, 0xD5, 0x7C, 0xC6, 0x3F, 0x6A, 0x58, 0x60, 0xC3, 0x92,
    0x8D, 0x7E, 0x57, 0x42, 0x37, 0x0B, 0x5B, 0x02, 0xC1, 0x54, 0x08, 0x52, 0x78, 0xD7, 0xE9, 0xBE,
    0xAF, 0x82, 0xAA, 0xAB, 0x9B, 0xB5, 0xEB, 0x29, 0xC7, 0x18, 0x90, 0xD7, 0x88, 0x94, 0x8D, 0xF2,
    0x37, 0xFB, 0xD5, 0x28, 0x2B, 0x2A, 0x03, 0xAD, 0xD4, 0x30, 0x05, 0x5C, 0x56, 0x98, 0x9F, 0x98,
    0x42, 0x94, 0xE2, 0x3F, 0xC9, 0x52, 0x31, 0x1B, 0xF5, 0x77, 0x3B, 0x4E, 0xF3, 0xD8, 0x28, 0x76,
    0x2B, 0xBC, 0x87, 0x46, 0x51, 0xAE, 0xDA, 0x70, 0x1C, 0x92, 0x1C, 0xB8, 0x65, 0x8E, 0x5E, 0x98,
    0x84, 0xF4, 0x50, 0xE0, 0x02, 0xD2, 0x80, 0x4B, 0xBA, 0xD6, 0x5E, 0x8B, 0x46, 0xA7, 0x9C, 0x82,
    0x5D, 0xC7, 0xDF, 0xD8, 0x29, 0xD7, 0x0E, 0xBA, 0x08, 0x4B, 0x95, 0xCB, 0x18, 0x53, 0x27, 0xB7,
    0xA2, 0x68, 0x85, 0x64, 0xB2, 0xAE, 0x23, 0xBF, 0x46, 0xA3, 0x1D, 0xA7, 0x86, 0xC0, 0xA7, 0x3F,
    0xED, 0x24, 0xF4, 0x12, 0xFA, 0x8B, 0x9D, 0xA9, 0x3F, 0x85, 0xC1, 0xDC, 0xAE, 0x55, 0x4C, 0x71,
    0x2F, 0xFB, 0x7B, 0xAB, 0x1D, 0xC1, 0x54, 0xC7, 0x73, 0xEF, 0x3A, 0x6A, 0xF0, 0xA1, 0xD1, 0x59,
    0xC9, 0x4E, 0x3D, 0x7D, 0xE8, 0xD8, 0x18, 0x38, 0xC0, 0x79, 0x91, 0x97, 0xAF, 0x88, 0x96, 0xBC,
    0xED, 0xF1, 0x5C, 0x28, 0x60, 0x97, 0xFD, 0x89, 0xE7, 0xDB, 0x03, 0xD1, 0x8C, 0xC4, 0x4C, 0x65,
    0x14, 0xE4, 0xD1, 0x54, 0x1F, 0xDE, 0xA7, 0x90, 0x2F, 0x19, 0xF3, 0xA5, 0x0B, 0x78, 0x70, 0xE1,
    0x7C, 0x42, 0xBE, 0x81, 0x86, 0xE9, 0x2C, 0x86, 0x80, 0x28, 0xEE, 0x0A, 0x0E, 0x74, 0xCD, 0x41,
    0xED, 0xC9, 0xCD, 0x81, 0x13, 0xA0, 0xB7, 0xFC, 0x21, 0x2E, 0x23, 0x59, 0xBF, 0xE8, 0x85, 0x51,
    0x06, 0xC6, 0xE1, 0x01, 0xCE, 0xE3, 0xAA, 0xE7, 0x40, 0xDC, 0x57, 0x0E, 0xD7, 0x62, 0x16, 0x3B,
    0x66, 0xBB, 0x13, 0xDC, 0xCA, 0xA0, 0x26, 0x71, 0x09, 0x6A, 0x7C, 0xED, 0x7A, 0xC8, 0x6F, 0x5C,
    0xC2, 0xEC, 0x63, 0x73, 0xCF, 0x72, 0xE0, 0x00, 0xA8, 0x3B, 0x4B, 0x53, 0x0E, 0xDF, 0xD4, 0x1D,
    0xDF, 0xA2, 0x48, 0x1E, 0xC7, 0x47, 0x9F, 0x6B, 0x24, 0x94, 0x00, 0x8B, 0x1E, 0x77, 0x04, 0x87,
    0x1D, 0xCC, 0xF6, 0xDD, 0xD2, 0x97, 0x8E, 0x80, 0xD4, 0x75, 0x11, 0xE4, 0x4B, 0x34, 0xCD, 0x22,
    0x5A, 0x02, 0x6F, 0x67, 0xB4, 0x23, 0xB2, 0x1A, 0xED, 0x48, 0x16, 0x4C, 0x3B, 0x62, 0x2F, 0x14,
    0xFB, 0xB7, 0xC9, 0x60, 0xA4, 0x23, 0x31, 0x12, 0x9D, 0xD3, 0x88, 0xFB, 0xFD, 0xD3, 0xA2, 0xB8,
    0x1B, 0xAE, 0x8A, 0x92, 0xB5, 0x62, 0x16, 0xE9, 0xF2, 0xCE, 0xAB, 0xC1, 0xF2, 0x38, 0xCD, 0x9D,
    0xCA, 0x9A, 0x60, 0x4A, 0x9B, 0x95, 0xD7, 0x5C, 0x75, 0x5E, 0x6C, 0x38, 0x57, 0xE3, 0x2F, 0x46,
    0x20, 0x5A, 0x54, 0x3F, 0xB6, 0x07, 0x4F, 0x56, 0x8F, 0x56, 0x8D, 0x1F, 0xFD, 0x4B, 0xFB, 0x2D,
    0xAA, 0x03, 0xD4, 0xBD, 0xC7, 0xF2, 0x85, 0xD4, 0x67, 0xD0, 0x8D, 0x3C, 0x01, 0x75, 0xB4, 0xE0,
    0x1A, 0x39, 0x14, 0xF2, 0x74, 0xFA, 0xD1, 0x6D, 0x9B, 0xFF, 0xCD, 0xE6, 0x67, 0xB3, 0xDF, 0x07,
    0xD6, 0x07, 0x91, 0x3E, 0x93, 0xFD, 0x35, 0x98, 0x65, 0xE2, 0x45, 0x07, 0xC8, 0x28, 0x65, 0xB6,
    0xC5, 0x94, 0x23, 0xB2, 0x9E, 0x3A, 0xA1, 0x11, 0x60, 0xFC, 0xC3, 0x38, 0x6E, 0xA0, 0x47, 0xC6,
    0x09, 0xB4, 0x1A, 0xED, 0xAB, 0x3B, 0x4D, 0x26, 0xE4, 0xCC, 0xFE, 0x22, 0xC7, 0xD4, 0xA2, 0x91,
    0x8E, 0x91, 0x1C, 0x7D, 0xA4, 0x32, 0x92, 0xB8, 0x0C, 0x1E, 0x5C, 0xC2, 0x62, 0xC7, 0x3D, 0x65,
    0x7E, 0x1B, 0x18, 0xAF, 0x8C, 0x5E, 0xB8, 0x20, 0x18, 0xEB, 0x3C, 0xA1, 0x52, 0x9D, 0x73, 0x1C,
    0x99, 0xBE, 0x1D, 0xF7, 0xD5, 0x62, 0xEF, 0x1D, 0x14, 0xFE, 0xD2, 0xDD, 0x9E, 0x04, 0x22, 0xA6,
    0x88, 0xE4, 0x15, 0x3B, 0xEB, 0xB7, 0x04, 0x6A, 0x7F, 0xFF, 0x7E, 0x7C, 0x8E, 0x8A, 0xDB, 0xA2,
    0x8E, 0x85, 0x12, 0x9D, 0xD0, 0x01, 0x61, 0xC9, 0xA8, 0x70, 0x4A, 0x55, 0x3C, 0x95, 0x9F, 0x40,
    0x8D, 0x75, 0xAC, 0xDE, 0xE8, 0xE9, 0xC5, 0xE5, 0xAE, 0x9D, 0xBA, 0xD3, 0xE4, 0xF5, 0xBD, 0x7E,
    0xF1, 0x4A, 0xA0, 0x56, 0xEF, 0x0A, 0x6F, 0xEB, 0x13, 0x89, 0x43, 0xF2, 0x42, 0x7D, 0x08, 0x07,
    0x64, 0xDB, 0x40, 0xD4, 0x29, 0xA7, 0x77, 0x81, 0x2A, 0x70, 0x9D, 0x2B, 0x86, 0x24, 0xB9, 0x44,
    0xAD, 0xF6, 0x8F, 0x17, 0x67, 0x09, 0x93, 0x68, 0xDC, 0xBD, 0x4A, 0xA3, 0x24, 0x30, 0x2E, 0x7A,
    0xCB, 0x92, 0x91, 0x6A, 0xD0, 0xBE, 0xC4, 0x2F, 0xFF, 0x63, 0x34, 0xCE, 0xDE, 0x2D, 0x66, 0xF4,
    0x7E, 0xBE, 0x2B, 0x82, 0xF3, 0xC6, 0x48, 0xC5, 0xF8, 0x18, 0xB1, 0xD2, 0x1C, 0xBF, 0x0F, 0xC6,
    0x3C, 0xC6, 0x12, 0x1C, 0x31, 0x34, 0xCE, 0x3A, 0xF9, 0xDB, 0x26, 0xFC, 0xDB, 0x50, 0x8E, 0xB3,
    0x86, 0x86, 0x38, 0x6B, 0xE8, 0x8E, 0x92, 0xF7, 0xAC, 0x90, 0x1B, 0xC2, 0x9C, 0xEC, 0xB3, 0xE3,
    0x1B, 0xEB, 0xA0, 0x34, 0x90, 0x41, 0xF9, 0x12, 0xD9, 0x79, 0x56, 0xB0, 0x2E, 0x68, 0x89, 0xBD,
    0x9F, 0xF3, 0x56, 0x92, 0x6F, 0x61, 0x9A, 0x85, 0x98, 0xF5, 0x59, 0x9C, 0xB2, 0x95, 0xB8, 0x9A,
    0xFE, 0x82, 0x06, 0x85, 0x7D, 0xFA, 0x95, 0xB2, 0x04, 0x4F, 0x8F, 0x85, 0x74, 0xC5, 0xEC, 0x41,
    0x2B, 0x2B, 0x8A, 0x03, 0xFD, 0x6A, 0x51, 0x0B, 0xE6, 0xB6, 0x74, 0xA9, 0x03, 0xA2, 0x17, 0x4F,
    0xCA, 0xA1, 0x7A, 0x25, 0x47, 0x77, 0x34, 0x6F, 0xF0, 0x82, 0x2C, 0xD4, 0x24, 0xF7, 0x8A, 0x9E,
    0x9D, 0xF9, 0xB2, 0x00, 0x80, 0x53, 0x8C, 0x70, 0x36, 0x28, 0x09, 0xBB, 0x25, 0x66, 0x7B, 0x76,
    0x19, 0x83, 0x58, 0xBA, 0xCD, 0x65, 0xEE, 0x70, 0x96, 0x8D, 0x7C, 0xDB, 0xA5, 0x0B, 0xAA, 0x86,
    0xCB, 0xC3, 0x91, 0x51, 0x86, 0xB6, 0x75, 0x19, 0x1C, 0xA3, 0xB9, 0xE6, 0xC4, 0x53, 0x0E, 0x97,
    0x55, 0x88, 0x55, 0xD1, 0x53, 0x6D, 0xA0, 0x82, 0x1C, 0x0C, 0x2F, 0xAA, 0xAC, 0xAA, 0xA9, 0x54,
    0xB5, 0xF7, 0x2A, 0x89, 0xF5, 0x40, 0xCA, 0x1B, 0xA8, 0xE4, 0x10, 0x31, 0x6A, 0xAD, 0x6A, 0x78,
    0xDB, 0x11, 0xA3, 0xA9, 0x7E, 0x45, 0x5E, 0x0B, 0x71, 0xB3, 0xB7, 0xC9, 0x61, 0x99, 0x43, 0x38,
    0x47, 0x55, 0xCB, 0x5A, 0x38, 0x5F, 0x0B, 0xD5, 0x89, 0x3B, 0x71, 0xA8, 0xCC, 0x6C, 0x7C, 0x48,
    0x3F, 0xE3, 0x06, 0x73, 0x6A, 0x09, 0xA1, 0x3B, 0x65, 0x4D, 0x12, 0x24, 0x99, 0xEC, 0xF9, 0x5C,
    0x22, 0x26, 0x50, 0x92, 0x95, 0x48, 0x6C, 0xBD, 0xE6, 0xEC, 0x91, 0xD3, 0x9F, 0xCC, 0x19, 0x28,
    0xA7, 0x83, 0x7E, 0x77, 0xBF, 0x04, 0x39, 0xA6, 0xE1, 0xDD, 0xD1, 0x66, 0x41, 0xA9, 0x53, 0x0F,
    0xF2, 0xEF, 0xBB, 0xA3, 0xBB, 0xBE, 0xD5, 0xDE, 0x1F, 0xFA, 0x9E, 0xB8, 0xBF, 0x1B, 0x17, 0xD8,
    0xAB, 0xEF, 0x5A, 0x68, 0x2B, 0xE1, 0x72, 0xC7, 0xC2, 0x1D, 0xEF, 0xA9, 0x4D, 0x08, 0x3E, 0xD0,
    0x63, 0x74, 0x5B, 0x8F, 0xF1, 0x39, 0x3D, 0xEE, 0x39, 0x7A, 0x7B, 0x43, 0x8F, 0x5E, 0xAF, 0xDA,
    0x1F, 0xB4, 0x7A, 0x8C, 0x54, 0x5C, 0x20, 0x80, 0xCA, 0x1A, 0xB3, 0xFD, 0x37, 0xE4, 0x48, 0x06,
    0x56, 0x8B, 0x56, 0xCB, 0xF8, 0xB8, 0x54, 0x82, 0x8A, 0xE3, 0x88, 0xA9, 0x23, 0xC5, 0xBB, 0x8E,
    0x5F, 0x0C, 0x4A, 0xB1, 0x49, 0xB7, 0x3C, 0xC8, 0x6A, 0x41, 0x0A, 0x6C, 0xDD, 0xC0, 0xE4, 0xBB,
    0x0B, 0x77, 0xD1, 0xBF, 0x8B, 0x27, 0x35, 0xDA, 0x83, 0x31, 0x8F, 0x6F, 0x4C, 0xFC, 0xC4, 0x9A,
    0x77, 0x9B, 0x53, 0x4C, 0xB2, 0x98, 0x63, 0x5E, 0xBD, 0x06, 0xB0, 0xDB, 0x59, 0x62, 0xE2, 0x8D,
    0x7C, 0xCF, 0xEA, 0x17, 0x4E, 0x4F, 0x5D, 0x95, 0xF4, 0x00, 0x6D, 0x47, 0x4F, 0x39, 0x4E, 0x3B,
    0xFA, 0x82, 0xA4, 0xE7, 0x38, 0xE2, 0x81, 0xB3, 0xA4, 0xD0, 0xB4, 0xB4, 0xBE, 0x59, 0xBF, 0xC4,
    0x3D, 0x30, 0xF3, 0x33, 0xBD, 0x0C, 0xE5, 0x2E, 0xED, 0xC3, 0xEA, 0x56, 0x19, 0x33, 0xD2, 0x69,
    0x02, 0xFB, 0xF1, 0x2B, 0xB4, 0x74, 0x0C, 0x71, 0xA0, 0x17, 0x57, 0x38, 0x77, 0xC6, 0x36, 0x6B,
    0xD9, 0x78, 0x7D, 0x75, 0x9A, 0xF5, 0xE6, 0x01, 0x4A, 0x6A, 0x92, 0x75, 0x5E, 0xA3, 0x7F, 0x88,
    0xEB, 0x09, 0xD7, 0xA7, 0x37, 0x8C, 0x4B, 0xFB, 0x58, 0xB5, 0x51, 0x1E, 0x53, 0x41, 0x6A, 0x2E,
    0x3D, 0xC2, 0xA9, 0x90, 0x25, 0x45, 0xEF, 0x7A, 0xF3, 0xFE, 0x4E, 0xAB, 0x28, 0x72, 0x16, 0xBF,
    0x6C, 0x17, 0x5D, 0x1B, 0xA8, 0xD2, 0x4F, 0xAB, 0x13, 0xB0, 0x4D, 0x50, 0x3F, 0x29, 0x5D, 0xC3,
    0x48, 0x1F, 0x73, 0x59, 0x19, 0xE8, 0xEA, 0x75, 0x39, 0xBD, 0x69, 0xF8, 0x5C, 0x06, 0xD1, 0x86,
    0xD6, 0x2D, 0x58, 0x01, 0x11, 0xDB, 0x97, 0xEE, 0xA1, 0x11, 0xCB, 0xF3, 0x8C, 0x48, 0xC5, 0x3A,
    0xB9, 0xFD, 0x6A, 0x24, 0x79, 0x30, 0x12, 0xFB, 0xB6, 0xC2, 0x5A, 0xFC, 0x4E, 0xD7, 0xF9, 0x19,
    0xBA, 0x72, 0xCD, 0x5A, 0xC2, 0xB4, 0xF5, 0x2A, 0x24, 0x64, 0x75, 0xB9, 0x71, 0x81, 0xA6, 0x71,
    0xDC, 0x3F, 0x73, 0xC2, 0x84, 0x17, 0x07, 0x91, 0xF5, 0x48, 0x73, 0x11, 0x42, 0x49, 0xAC, 0x1A,
    0x48, 0xF7, 0xDB, 0xD0, 0xAF, 0xC5, 0x5A, 0x6B, 0x10, 0xE3, 0x44, 0xDB, 0xF9, 0x40, 0xA7, 0xB1,
    0x69, 0xB9, 0x21, 0x57, 0xCC, 0x29, 0x1C, 0xFC, 0x15, 0xCD, 0x6B, 0x17, 0xB1, 0xFC, 0xF6, 0x1E,
    0xAD, 0x2A, 0x64, 0xC4, 0x82, 0x85, 0x54, 0xE0, 0x57, 0x01, 0xBC, 0x70, 0x9E, 0xF5, 0x21, 0xAD,
    0x4B, 0xD6, 0x25, 0x03, 0xC5, 0xE4, 0x3D, 0xCB, 0x3C, 0x24, 0x46, 0x93, 0x33, 0xDD, 0x8A, 0x40,
    0x9F, 0xE6, 0xA5, 0xD5, 0xD0, 0xB8, 0x36, 0x4F, 0x56, 0xCD, 0x13, 0x38, 0x34, 0xB6, 0xF9, 0x06,
    0x62, 0x87, 0xDA, 0xBE, 0xD7, 0x16, 0xFD, 0x76, 0x5E, 0x59, 0x04, 0xC8, 0x33, 0x79, 0x67, 0x8C,
    0x0F, 0x44, 0x3D, 0x64, 0xFF, 0xAA, 0xD9, 0x50, 0x85, 0x0D, 0x95, 0x5F, 0x92, 0x67, 0xC1, 0x62,
    0x6C, 0xBE, 0xFB, 0x10, 0x19, 0xF9, 0x3A, 0xBA, 0x78, 0x4D, 0x8D, 0x7E, 0x5B, 0xA8, 0xAC, 0x55,
    0x94, 0x0B, 0x20, 0x29, 0xD6, 0x8A, 0x1E, 0x38, 0x19, 0x94, 0xB1, 0x89, 0x22, 0x53, 0x18, 0xAB,
    0x49, 0xAD, 0x46, 0x2A, 0xA9, 0x32, 0xD0, 0xCF, 0xDF, 0xCD, 0x12, 0xCE, 0x05, 0x5D, 0xD5, 0xCA,
    0x58, 0x46, 0x3E, 0x65, 0x12, 0x58, 0x72, 0x34, 0xD0, 0x84, 0x32, 0x16, 0x0A, 0x13, 0xB6, 0xA2,
    0x26, 0x13, 0xB8, 0x93, 0x24, 0x70, 0xEA, 0x9B, 0xE2, 0xB4, 0x93, 0x11, 0x6B, 0x2B, 0x99, 0xAE,
    0x5F, 0x36, 0xD2, 0x71, 0x2C, 0x21, 0x3D, 0xBD, 0xCD, 0xA8, 0x41, 0x24, 0xDD, 0x8C, 0x30, 0xAF,
    0xAC, 0x75, 0x6C, 0xDF, 0xBA, 0x94, 0x28, 0xF8, 0x0D, 0xA5, 0xD6, 0x1B, 0xD5, 0x97, 0x41, 0xC8,
    0xB6, 0xD7, 0xB9, 0x4C, 0x71, 0x41, 0x4A, 0x72, 0x62, 0x11, 0xBC, 0x6A, 0x0D, 0xCA, 0x9E, 0xB4,
    0xB8, 0x7A, 0x90, 0xAE, 0xDD, 0x3D, 0x9A, 0xE3, 0x6B, 0x33, 0x47, 0xF7, 0x13, 0x51, 0xE9, 0x50,
    0x06, 0x0A, 0x7A, 0x15, 0xCD, 0x44, 0x04, 0xBE, 0x8E, 0xB1, 0xDB, 0xED, 0xBF, 0x80, 0xCC, 0xCE,
    0x7B, 0x40, 0x23, 0xBD, 0xD7, 0x92, 0xCD, 0xCE, 0x21, 0x73, 0x23, 0xA4, 0xD8, 0xD1, 0xCC, 0x2F,
    0x26, 0xE2, 0xD0, 0x6C, 0xC3, 0x3E, 0x64, 0x64, 0x63, 0xB2, 0xB2, 0xBB, 0xA9, 0xA6, 0x2F, 0xAE,
    0x88, 0xD9, 0x0F, 0xBB, 0x9B, 0xEA, 0xBA, 0x62, 0x95, 0xB9, 0x67, 0x9B, 0x43, 0x96, 0xC9, 0x3B,
    0xEF, 0x38, 0xAC, 0xD9, 0x88, 0xD7, 0x96, 0xCC, 0x90, 0xA3, 0x5F, 0x95, 0x6A, 0xD9, 0x8F, 0x54,
    0x06, 0xF6, 0x94, 0x40, 0xA7, 0x4A, 0x94, 0x13, 0x25, 0x78, 0x71, 0x29, 0xF2, 0x1D, 0xD5, 0x62,
    0x52, 0xC2, 0x46, 0x20, 0x75, 0x16, 0x1B, 0x3A, 0xC9, 0x88, 0x07, 0xBA, 0x25, 0x4E, 0x7A, 0xDE,
    0x7F, 0xD3, 0xAE, 0xCD, 0xF5, 0x0D, 0x0D, 0x51, 0x77, 0x95, 0x5D, 0xED, 0xB9, 0x5C, 0x84, 0xDA,
    0x6A, 0xA8, 0x20, 0x9D, 0x34, 0x95, 0x0E, 0xCB, 0x94, 0xB4, 0x14, 0x9A, 0x76, 0x65, 0xA8, 0x7D,
    0x4B, 0x96, 0x23, 0x7F, 0x84, 0x0E, 0xA6, 0x44, 0x3F, 0x3E, 0xD7, 0x1C, 0x3E, 0xD3, 0xE2, 0xCE,
    0xEB, 0x5A, 0x13, 0x10, 0x13, 0x5B, 0xD5, 0xE9, 0x20, 0xAA, 0x03, 0xBB, 0x27, 0x49, 0xE6, 0xAA,
    0xA5, 0xD2, 0x34, 0x92, 0xD9, 0xA7, 0xC2, 0x94, 0x62, 0x58, 0xAB, 0xE6, 0xB8, 0xDD, 0xB2, 0xCD,
    0x0F, 0xE6, 0x53, 0xF6, 0xDE, 0x47, 0xB6, 0x17, 0x9B, 0x9A, 0xCD, 0xA0, 0x70, 0x51, 0xBF, 0x84,
    0xE9, 0x17, 0x75, 0x9D, 0x35, 0x4B, 0x64, 0xAC, 0x42, 0x74, 0x53, 0xD2, 0x75, 0xB0, 0x22, 0x27,
    0x3F, 0x17, 0xC4, 0x77, 0x1F, 0x81, 0x78, 0xFC, 0x08, 0xC4, 0xFD, 0xCF, 0x19, 0x71, 0x3C, 0x6B,
    0xD5, 0x5B, 0xE2, 0x36, 0xE3, 0xD5, 0xF2, 0x32, 0x49, 0xC9, 0x49, 0x26, 0x72, 0x9F, 0xA6, 0xE1,
    0x7A, 0xFC, 0xBF, 0x8F, 0xB8, 0xFD, 0xA9, 0x82, 0xD0, 0x59, 0xAD, 0x1E, 0x24, 0x62, 0x3B, 0x93,
    0x73, 0x0A, 0x5F, 0x7B, 0xF6, 0x00, 0xD8, 0x67, 0x56, 0x5E, 0x4A, 0xFC, 0x92, 0xD0, 0x59, 0xEB,
    0x52, 0xDC, 0x8C, 0x71, 0xA9, 0xC7, 0xBD, 0x9A, 0xF7, 0x5D, 0x67, 0x0C, 0x94, 0xEE, 0x7B, 0x12,
    0xB3, 0xFB, 0xF4, 0x44, 0x68, 0xDA, 0x6A, 0xFE, 0xED, 0xBA, 0x06, 0x01, 0x3B, 0x5A, 0x5F, 0xB2,
    0xB2, 0x7C, 0x7F, 0x7E, 0x53, 0xF2, 0xEB, 0xEA, 0x74, 0x60, 0x6A, 0x5C, 0xA2, 0xF6, 0x92, 0xF2,
    0x9F, 0xA7, 0x17, 0x1B, 0x7A, 0x46, 0x93, 0x12, 0x67, 0x57, 0xFE, 0x85, 0xCB, 0xB6, 0xB7, 0x76,
    0x2C, 0xD6, 0x55, 0xA2, 0x56, 0xD9, 0xED, 0x25, 0x92, 0x74, 0x3E, 0xF8, 0x31, 0x8E, 0xE0, 0x9D,
    0xD9, 0xA4, 0x77, 0x26, 0x13, 0x37, 0x08, 0x60, 0xDA, 0x1B, 0xC6, 0x6F, 0x81, 0x7F, 0x77, 0x60,
    0xCA, 0xB0, 0x5D, 0x11, 0x16, 0xA7, 0xF8, 0x31, 0x8C, 0x85, 0x67, 0x03, 0x10, 0xCA, 0x68, 0x0C,
    0xA7, 0x78, 0x48, 0x87, 0xF4, 0x1E, 0x02, 0x3B, 0x7C, 0x3D, 0xEB, 0x5D, 0xF6, 0xAD, 0x33, 0xDF,
    0xC0, 0xF9, 0xB5, 0x6C, 0x0A, 0x6B, 0xD0, 0x8F, 0x52, 0x72, 0x08, 0x2E, 0xF5, 0xB2, 0xAD, 0x96,
    0x2E, 0x75, 0x09, 0x7C, 0x1D, 0x4C, 0x92, 0xEF, 0x68, 0x60, 0x15, 0x1E, 0x8E, 0xF2, 0x65, 0x97,
    0x90, 0x17, 0x58, 0xF6, 0xAB, 0x0D, 0x94, 0xFB, 0x47, 0xA2, 0x1C, 0x7C, 0x1E, 0x28, 0x87, 0x9F,
    0x17, 0xCA, 0x42, 0x09, 0x63, 0xB1, 0xAE, 0x30, 0xB9, 0xCD, 0x1E, 0x03, 0xC4, 0x12, 0x1C, 0xBC,
    0x85, 0x49, 0xFF, 0xEA, 0x86, 0x3D, 0x67, 0xF4, 0x60, 0x6B, 0x6F, 0x0E, 0x07, 0x02, 0x0D, 0x9E,
    0x08, 0x7E, 0x5F, 0x17, 0x08, 0xAE, 0xAA, 0x96, 0x48, 0xD3, 0x93, 0x6A, 0xF9, 0xA4, 0x56, 0xA8,
    0x31, 0xA5, 0x93, 0xB0, 0xF3, 0x97, 0x81, 0x11, 0xCB, 0x3D, 0x93, 0x76, 0x01, 0x75, 0x92, 0x0A,
    0xE6, 0xF3, 0x64, 0x7F, 0x57, 0xF0, 0x27, 0xBA, 0x45, 0xCD, 0xAD, 0xAF, 0x6D, 0xE2, 0xFB, 0xA5,
    0x0B, 0xDF, 0x22, 0xB4, 0x83, 0x8B, 0x32, 0x22, 0xBB, 0x04, 0xA3, 0xC9, 0x52, 0xB1, 0x50, 0x87,
    0x24, 0xD1, 0xAA, 0x14, 0x2C, 0xC4, 0x9C, 0x68, 0xE0, 0x56, 0xBB, 0xF8, 0x55, 0x06, 0x23, 0x59,
    0x32, 0x7D, 0x7F, 0x7E, 0xF0, 0x7D, 0x31, 0x25, 0xC5, 0xF2, 0xFE, 0x16, 0x19, 0x29, 0x79, 0x81,
    0x09, 0xC6, 0xB4, 0xA5, 0xE0, 0x4D, 0x71, 0x43, 0xB9, 0x4B, 0xC3, 0xFA, 0x80, 0xD8, 0x61, 0xAD,
    0x0B, 0x16, 0x78, 0xEA, 0xA8, 0xEA, 0xBD, 0x5F, 0x5B, 0xF3, 0x0C, 0x53, 0x04, 0x93, 0xD1, 0xBC,
    0x80, 0xE4, 0x00, 0x80, 0x40, 0x34, 0x3F, 0x66, 0xEC, 0x3B, 0x75, 0x32, 0x77, 0x3E, 0x04, 0x14,
    0x64, 0xC3, 0x53, 0xC6, 0xB4, 0x2D, 0x46, 0x45, 0x82, 0x34, 0x7A, 0xE8, 0xAB, 0x29, 0x33, 0x39,
    0xC7, 0x36, 0xBB, 0xFF, 0xDE, 0xFE, 0x6B, 0x46, 0xE3, 0xA1, 0xF5, 0xD0, 0xFF, 0x97, 0xF3, 0x97,
    0xEA, 0x32, 0x45, 0xC2, 0xC2, 0x10, 0x35, 0xA7, 0x21, 0x58, 0x67, 0x29, 0x10, 0x5F, 0x30, 0xFE,
    0x3A, 0x43, 0xD4, 0x4A, 0xDD, 0x0D, 0x86, 0x1B, 0x10, 0x98, 0x17, 0x6D, 0xED, 0x33, 0xB3, 0x9C,
    0xF6, 0x9A, 0x05, 0x9F, 0x55, 0xE3, 0xC8, 0x68, 0x00, 0x42, 0xD6, 0x5D, 0xF3, 0xEC, 0xC7, 0x46,
    0x32, 0xAF, 0xE4, 0xF0, 0xA5, 0xCB, 0x22, 0x49, 0x3E, 0x7A, 0xC8, 0x4A, 0xF1, 0xDD, 0x6F, 0x6B,
    0x22, 0xB9, 0x7F, 0x98, 0xEB, 0xBE, 0x28, 0x14, 0x4D, 0xC3, 0x06, 0xC8, 0x3E, 0x93, 0x29, 0xD0,
    0x5D, 0x1C, 0x24, 0x76, 0x50, 0x07, 0x90, 0xB5, 0xAE, 0x64, 0xC7, 0xD9, 0x05, 0xF6, 0x39, 0xAD,
    0x2E, 0xBA, 0x5A, 0xBC, 0xCE, 0xF3, 0xD7, 0x2E, 0xB2, 0x16, 0x34, 0x26, 0x2D, 0xC4, 0x7F, 0xA2,
    0xF7, 0x34, 0xB2, 0x9E, 0x05, 0xA3, 0xAA, 0x73, 0x55, 0x78, 0x29, 0xA1, 0xBA, 0x1A, 0x6C, 0xC3,
    0xAC, 0x11, 0x93, 0xA6, 0x5A, 0x82, 0x4F, 0x3A, 0xF9, 0x76, 0xDA, 0x4B, 0xC2, 0x3E, 0x51, 0xD6,
    0xE4, 0xEA, 0xEF, 0x71, 0x0F, 0x85, 0x2B, 0xC0, 0x4B, 0x82, 0x21, 0x43, 0x50, 0x73, 0x8B, 0x15,
    0xB9, 0x98, 0x72, 0x7E, 0x20, 0x12, 0x35, 0xAC, 0xFA, 0x24, 0x76, 0x92, 0x4A, 0xBC, 0x14, 0xE2,
    0x59, 0x87, 0x97, 0x32, 0x3C, 0x84, 0x6B, 0x62, 0x11, 0xFE, 0x36, 0x53, 0xCC, 0x74, 0x1B, 0xB7,
    0x59, 0x81, 0xA7, 0xEB, 0x90, 0xFA, 0xBB, 0x94, 0xDF, 0x59, 0x7D, 0x97, 0xE2, 0xFB, 0x52, 0x7B,
    0xD7, 0xBC, 0x5E, 0xAC, 0xDE, 0x55, 0xBD, 0x73, 0x54, 0x4B, 0x50, 0x70, 0xF6, 0x10, 0xE7, 0xFC,
    0xFF, 0x85, 0x29, 0x62, 0xAD, 0x5C, 0x53, 0xB7, 0x3E, 0x85, 0x34, 0xC9, 0x6F, 0x30, 0xF0, 0x80,
    0xC5, 0xCD, 0xFD, 0xD2, 0x7C, 0xCD, 0x1C, 0xD9, 0x98, 0xD8, 0x16, 0x6D, 0xAD, 0x64, 0x6D, 0xFA,
    0xAC, 0x11, 0x58, 0x99, 0xB7, 0x63, 0xF6, 0x9F, 0x9F, 0x4D, 0x7B, 0xD9, 0xDC, 0x00, 0xEB, 0x6A,
    0x25, 0xB8, 0x64, 0x3D, 0xAD, 0x91, 0x9D, 0x0D, 0xCC, 0xE9, 0x4B, 0x46, 0x22, 0x18, 0x81, 0xAE,
    0x20, 0xBB, 0x84, 0x06, 0xF6, 0xB6, 0x6E, 0x9F, 0xD0, 0x03, 0x5D, 0x92, 0xF0, 0x0F, 0xAD, 0x1F,
    0x6A, 0xC4, 0x7B, 0xD8, 0xAF, 0x62, 0x64, 0xA2, 0x89, 0xAF, 0x4E, 0x34, 0xB1, 0xD0, 0xF9, 0x92,
    0xC3, 0x32, 0x4B, 0x36, 0x8B, 0x3E, 0xF2, 0x00, 0x7C, 0xA9, 0xE3, 0x59, 0x2F, 0x29, 0x59, 0x40,
    0x4F, 0x73, 0xC9, 0x94, 0x93, 0x14, 0x5A, 0x7D, 0x99, 0xD1, 0xA7, 0x44, 0xC2, 0x57, 0x8F, 0x0E,
    0xFD, 0xAE, 0x84, 0xB0, 0xE8, 0xE6, 0x14, 0x2B, 0xED, 0xD1, 0x43, 0xA2, 0x99, 0x75, 0x09, 0xAC,
    0x47, 0xED, 0x72, 0xD5, 0x33, 0xB1, 0x2D, 0x3A, 0x31, 0x08, 0x96, 0x0A, 0x9C, 0x53, 0xE7, 0x11,
    0x2E, 0x89, 0xD6, 0xF3, 0x93, 0x1D, 0x4B, 0xC4, 0x9C, 0x62, 0x11, 0xA2, 0xD3, 0x9B, 0x24, 0x46,
    0x4C, 0xF3, 0x7B, 0xED, 0x8B, 0x9B, 0x62, 0xD3, 0x47, 0xE0, 0x2E, 0x77, 0x6C, 0x53, 0xD9, 0xC4,
    0xFE, 0xF4, 0xE5, 0xBB, 0x1F, 0x8D, 0xCC, 0xB7, 0x36, 0xB5, 0xBD, 0xE6, 0x0C, 0x8E, 0x18, 0x7A,
    0xD9, 0x91, 0x61, 0x5D, 0x15, 0x4A, 0x53, 0x14, 0x52, 0x9D, 0xEB, 0x5D, 0x69, 0x48, 0xAF, 0x56,
    0x89, 0x62, 0x3D, 0x29, 0xAC, 0x8B, 0xA4, 0x73, 0x41, 0x57, 0x98, 0x7C, 0x94, 0x87, 0xF9, 0x43,
    0xD0, 0x2D, 0x16, 0x74, 0xDF, 0xB4, 0x5A, 0xEE, 0xCE, 0x14, 0x83, 0xF8, 0x11, 0xE8, 0x26, 0x87,
    0xA2, 0x5B, 0xFF, 0x1B, 0xE8, 0x26, 0xFF, 0x21, 0xBA, 0xC6, 0x9F, 0x5D, 0x56, 0x28, 0xA0, 0xF9,
    0xDF, 0x7B, 0xB6, 0x03, 0xA5, 0x01, 0x25, 0x88, 0x49, 0x30, 0xEE, 0x63, 0x93, 0x1E, 0xF4, 0xBB,
    0x4C, 0xED, 0xF3, 0x50, 0xB7, 0xB1, 0x98, 0x8F, 0xA7, 0x1F, 0xBD, 0xD2, 0xB5, 0xF6, 0x52, 0x7C,
    0x2E, 0x98, 0x97, 0xDD, 0x31, 0x1A, 0xB2, 0x2D, 0x26, 0xBD, 0x6A, 0xDC, 0x95, 0x50, 0xE6, 0x42,
    0x12, 0x85, 0xAB, 0x2B, 0x57, 0x5C, 0x9A, 0xB5, 0x12, 0x15, 0x8C, 0x9A, 0x75, 0x0E, 0xBA, 0xC2,
    0xA5, 0xF8, 0xDE, 0x72, 0x49, 0xB0, 0xF6, 0x41, 0x7C, 0x4F, 0xEC, 0xBF, 0x6E, 0x0C, 0x9C, 0x11,
    0x4B, 0xC7, 0xCC, 0x27, 0x8B, 0xD7, 0x70, 0x11, 0x65, 0x58, 0xAA, 0x63, 0x39, 0x65, 0x3E, 0xE3,
    0xF6, 0xB2, 0xAD, 0x67, 0xD9, 0x81, 0xF3, 0x90, 0xDB, 0x22, 0x34, 0xFD, 0x03, 0xB7, 0x13, 0xB7,
    0x2B, 0x87, 0xF8, 0x45, 0xB5, 0x96, 0x55, 0x7F, 0xA4, 0x9B, 0x3E, 0x28, 0xA2, 0xB2, 0x25, 0x47,
    0xCC, 0x82, 0xEE, 0xC4, 0xC9, 0xDC, 0x06, 0x89, 0x54, 0x33, 0x9C, 0xAB, 0xFD, 0x38, 0x98, 0x76,
    0xEB, 0x68, 0x87, 0xE8, 0xAE, 0x37, 0x30, 0x04, 0x38, 0xCD, 0xBD, 0x05, 0x41, 0xFD, 0xE0, 0xCC,
    0xFD, 0xC9, 0xEC, 0x83, 0x20, 0xD6, 0x59, 0x0B, 0x5B, 0x9A, 0xF6, 0xB2, 0x33, 0x27, 0x8E, 0xC7,
    0x60, 0xF6, 0xC2, 0xC9, 0x63, 0x4A, 0x5B, 0xAA, 0x85, 0xAC, 0x1B, 0x54, 0xDC, 0xA6, 0x93, 0x91,
    0xE1, 0xB3, 0x2A, 0xA5, 0xFB, 0x71, 0xAE, 0xD8, 0xA8, 0x78, 0xB7, 0xB6, 0xF6, 0x67, 0xCC, 0x33,
    0xBC, 0xCB, 0x02, 0x05, 0x6B, 0x70, 0x55, 0xEE, 0xF2, 0x8E, 0x6E, 0x45, 0x62, 0x47, 0xC6, 0x2A,
    0x8D, 0x7A, 0x10, 0xD2, 0xE4, 0x5A, 0x1B, 0x7D, 0xFC, 0xC1, 0x85, 0xC8, 0xE0, 0x22, 0xC8, 0x19,
    0x68, 0xB1, 0x3D, 0x97, 0xD5, 0x3F, 0x88, 0xF8, 0xAE, 0x39, 0xF4, 0xF6, 0xE6, 0x42, 0xE8, 0x26,
    0xA9, 0xCF, 0x58, 0x9F, 0x87, 0x2C, 0x44, 0xFA, 0x2F, 0x2C, 0x84, 0xF9, 0xEC, 0x85, 0x70, 0xFE,
    0x5F, 0x76, 0x1C, 0x48, 0x8B, 0x9B, 0x81, 0x50, 0x57, 0xF0, 0xAB, 0x93, 0xE6, 0x8B, 0xC6, 0x6C,
    0x92, 0x8C, 0xFF, 0xF6, 0x42, 0x40, 0xF7, 0xBC, 0x6A, 0xBE, 0x21, 0xBB, 0x33, 0x78, 0x1B, 0x4C,
    0x38, 0xA9, 0x4D, 0x5A, 0x06, 0x12, 0x25, 0x81, 0xE4, 0xC5, 0xE2, 0x13, 0xAF, 0x09, 0xA7, 0xD1,
    0xED, 0x49, 0xC6, 0x2A, 0xA3, 0xD2, 0xEA, 0x80, 0xD4, 0x66, 0x35, 0x3E, 0x24, 0x1C, 0x91, 0x7B,
    0xD8, 0x99, 0x65, 0x1F, 0x52, 0xD6, 0x1F, 0x15, 0x5D, 0xBC, 0x46, 0x7F, 0x1A, 0x95, 0xA4, 0x80,
    0x8C, 0x47, 0xEB, 0xA8, 0x31, 0x21, 0xBE, 0x60, 0xB6, 0x26, 0xBE, 0x84, 0x6E, 0x9E, 0x5A, 0xEF,
    0xDB, 0x53, 0x4F, 0xA6, 0xF1, 0x72, 0xB1, 0xD4, 0xEC, 0x29, 0xB6, 0xAB, 0x1C, 0x7C, 0xBA, 0xCA,
    0xA2, 0x79, 0x4B, 0xF9, 0xE9, 0x2A, 0x46, 0xD3, 0x84, 0x5D, 0x51, 0x67, 0xE5, 0x4B, 0xC6, 0x9A,
    0xF3, 0x52, 0x34, 0xB4, 0xEA, 0x2E, 0x33, 0x4D, 0x2A, 0xE9, 0x1E, 0x1A, 0xB0, 0xB8, 0xA2, 0x1C,
    0x59, 0x85, 0x8E, 0x00, 0x29, 0x37, 0x05, 0x69, 0x36, 0xEE, 0x48, 0x2E, 0xB4, 0x56, 0xDE, 0x1B,
    0x35, 0xAF, 0x9F, 0x4A, 0x12, 0x83, 0x29, 0x4D, 0xD9, 0x18, 0x23, 0x29, 0x5E, 0xF3, 0xAA, 0x7C,
    0x7C, 0x57, 0x53, 0xA0, 0x75, 0xB1, 0x5F, 0xCD, 0x6F, 0x8C, 0x71, 0xC3, 0x8D, 0x82, 0xE5, 0x40,
    0xD9, 0x80, 0x5E, 0x71, 0x7B, 0xD7, 0xB9, 0x9A, 0xF2, 0x73, 0xED, 0x0C, 0xF5, 0x37, 0x5C, 0x6D,
    0xEC, 0xD0, 0x04, 0xAC, 0xDB, 0x37, 0xA3, 0x3B, 0x8D, 0x5C, 0xD2, 0x5C, 0xD3, 0x85, 0xBA, 0x59,
    0xC1, 0x95, 0x9F, 0x0E, 0x6B, 0xAC, 0x39, 0x65, 0xED, 0xEC, 0x90, 0xC6, 0x89, 0x5C, 0x24, 0xF6,
    0x81, 0x9A, 0x91, 0xAB, 0x53, 0x78, 0x76, 0x33, 0x0F, 0xAC, 0x55, 0xB7, 0xA0, 0xDB, 0x28, 0x78,
    0x5C, 0x94, 0xBF, 0xC7, 0xF2, 0x75, 0x31, 0x2F, 0x91, 0xAA, 0x09, 0x4F, 0xB1, 0x50, 0x3D, 0xA4,
    0xBA, 0x59, 0x20, 0x2A, 0x5A, 0xC9, 0x66, 0x1C, 0x38, 0xCD, 0xDA, 0x67, 0x3C, 0xFB, 0x1C, 0xB8,
    0xDB, 0x29, 0xC3, 0xE0, 0x53, 0x36, 0xFA, 0x34, 0xAB, 0x1A, 0xE7, 0x11, 0x1D, 0x43, 0x3C, 0x6A,
    0x8D, 0x95, 0xB9, 0x67, 0xEA, 0x50, 0x2B, 0xBB, 0x4F, 0x65, 0x31, 0xFF, 0x09, 0x25, 0x90, 0xA1,
    0x4E, 0x04, 0x31, 0x14, 0x45, 0xEF, 0x4C, 0x93, 0x1D, 0x92, 0x09, 0x5B, 0x04, 0x86, 0x15, 0x14,
    0x89, 0x20, 0x5B, 0x04, 0x62, 0xC5, 0x6C, 0x3A, 0x09, 0x02, 0x09, 0xDF, 0x81, 0x01, 0x81, 0x40,
    0xB0, 0x99, 0x49, 0x10, 0xD8, 0xFD, 0x04, 0x04, 0x0A, 0x03, 0x62, 0xE5, 0x92, 0x29, 0xFC, 0xC0,
    0xCE, 0x86, 0x1F, 0x68, 0x30, 0xD8, 0x26, 0x4C, 0x48, 0x45, 0xA7, 0x8F, 0x02, 0xEF, 0x89, 0x97,
    0x97, 0xDC, 0xE4, 0xDE, 0x7B, 0x54, 0xDB, 0xD4, 0x01, 0x3E, 0xB1, 0xA9, 0xC6, 0x79, 0x2D, 0x3C,
    0x0B, 0x68, 0x4A, 0xDE, 0x32, 0x8B, 0x6B, 0x00, 0x83, 0x7B, 0x88, 0x0E, 0x95, 0x03, 0x79, 0xD6,
    0x2D, 0xB9, 0x9E, 0x4E, 0x31, 0x4C, 0x6D, 0x96, 0x12, 0xAB, 0xE9, 0x43, 0x3F, 0x93, 0x39, 0x12,
    0xF6, 0x20, 0xB1, 0x51, 0x99, 0x10, 0xAD, 0x88, 0xB0, 0x87, 0x8D, 0x43, 0x14, 0x57, 0x58, 0xCC,
    0x52, 0xAB, 0x48, 0x2B, 0x2A, 0x73, 0x07, 0x71, 0x1B, 0xAA, 0xAF, 0x20, 0xEA, 0x31, 0x66, 0xD2,
    0xA8, 0x95, 0x17, 0xDF, 0x81, 0x79, 0x85, 0x19, 0xE4, 0x5C, 0xB9, 0xCA, 0x27, 0x1E, 0x2E, 0xB3,
    0xAA, 0xDC, 0x42, 0xDE, 0x49, 0x3F, 0x19, 0x5E, 0xE6, 0x47, 0x43, 0xE9, 0x73, 0xC3, 0x7A, 0x69,
    0xC5, 0x9A, 0x10, 0xB8, 0x61, 0xE6, 0x05, 0xE3, 0x4C, 0xC3, 0x4C, 0x10, 0x2D, 0x76, 0x0A, 0x2C,
    0x15, 0xB3, 0xF2, 0x49, 0x73, 0x2A, 0x79, 0x8F, 0x68, 0xA1, 0xD6, 0x24, 0x4C, 0x14, 0xF6, 0xCC,
    0xCE, 0x12, 0x5B, 0xE0, 0xF9, 0x00, 0x17, 0x6D, 0x4A, 0x5D, 0x4E, 0x4E, 0x94, 0xCB, 0x02, 0xC5,
    0x02, 0xFB, 0x67, 0xD8, 0x06, 0x32, 0xE3, 0xB8, 0xAE, 0x52, 0x3A, 0xF1, 0x79, 0x0B, 0x51, 0x72,
    0xCB, 0x3C, 0x02, 0xD4, 0x88, 0x4E, 0x03, 0xC4, 0x5D, 0xDF, 0x7C, 0xF6, 0xB2, 0xE6, 0xB5, 0x3C,
    0x0E, 0x99, 0x57, 0xB6, 0x79, 0x8F, 0x27, 0x7E, 0x65, 0xDA, 0x29, 0x4B, 0xAF, 0x94, 0x74, 0xFC,
    0xCD, 0xED, 0x02, 0xF9, 0xDF, 0x66, 0x6D, 0x16, 0x12, 0xD2, 0xAC, 0xC3, 0xCD, 0x62, 0xAC, 0x02,
    0xEB, 0x81, 0x4D, 0x4C, 0x60, 0x98, 0xE6, 0x88, 0x55, 0xF1, 0x82, 0x66, 0xB7, 0x72, 0x72, 0x1E,
    0x99, 0x5C, 0xFE, 0x33, 0x19, 0xFC, 0x33, 0xF9, 0x0D, 0x1C, 0x47, 0x92, 0x57, 0xE4, 0x46, 0x8F,
    0x8F, 0x0F, 0x44, 0xA4, 0x7F, 0x00, 0xE5, 0x5C, 0x4D, 0xAF, 0xDD, 0x54, 0x96, 0x3D, 0xF6, 0x0D,
    0xCF, 0xEA, 0x98, 0xC4, 0x19, 0x80, 0x44, 0x11, 0x12, 0xF7, 0xA0, 0x46, 0x28, 0x89, 0x7B, 0xC0,
    0x20, 0x83, 0xF7, 0x62, 0x43, 0xA9, 0x85, 0x5A, 0x3D, 0x80, 0x96, 0xC8, 0xB8, 0x19, 0xD4, 0xA4,
    0x98, 0x50, 0x83, 0x6A, 0x35, 0xAD, 0x4E, 0x62, 0xA7, 0x51, 0xAB, 0x06, 0x0C, 0x2A, 0x3F, 0x21,
    0x03, 0x06, 0xF0, 0x18, 0x24, 0x83, 0x1A, 0xA4, 0xA5, 0x10, 0xBB, 0x61, 0xC0, 0xD4, 0xA9, 0xFC,
    0x00, 0x4C, 0x75, 0xA4, 0x92, 0x18, 0x34, 0xA6, 0x64, 0x09, 0x07, 0x6C, 0x9F, 0xDE, 0x7B, 0xED,
    0x7D, 0x7C, 0x7D, 0xDF, 0x7B, 0x89, 0x0A, 0x3A, 0x89, 0x2A, 0x70, 0x05, 0xF1, 0xCD, 0xBD, 0xFE,
    0x38, 0x67, 0xAF, 0xBD, 0xD6, 0xFE, 0x38, 0xE7, 0xC6, 0x18, 0x7A, 0x7D, 0x60, 0xF0, 0xB2, 0x19,
    0x0E, 0x65, 0x8D, 0x43, 0xDE, 0xE3, 0x90, 0x4E, 0x38, 0x24, 0xB6, 0xE2, 0x43, 0x9C, 0xB7, 0x7C,
    0x88, 0x5E, 0x1B, 0xF8, 0x10, 0x7E, 0x6A, 0xF9, 0x10, 0x54, 0xF8, 0x72, 0xD5, 0xA4, 0x1D, 0x1F,
    0xDA, 0x68, 0xA4, 0x83, 0xD7, 0xF9, 0xB6, 0xA0, 0x63, 0x6F, 0xCA, 0x86, 0x0E, 0x83, 0x49, 0xF8,
    0x92, 0x8F, 0x4D, 0xC0, 0x97, 0xA4, 0xBB, 0x1F, 0xF1, 0x25, 0xA9, 0xB5, 0x96, 0xEE, 0x97, 0xD0,
    0x0D, 0xE9, 0xCB, 0x28, 0x33, 0x2B, 0x1A, 0x42, 0x44, 0x57, 0xD9, 0xDA, 0x84, 0xFC, 0x7D, 0x6F,
    0x02, 0x1A, 0x4C, 0x38, 0xD1, 0xBD, 0x8D, 0xF1, 0x6D, 0x15, 0xD0, 0x98, 0x3C, 0xDB, 0xC7, 0xFC,
    0xBD, 0x95, 0x11, 0x2D, 0x5F, 0x41, 0x83, 0xC3, 0x4A, 0x86, 0xEC, 0xE9, 0x09, 0x69, 0xB3, 0xFC,
    0xD2, 0xE4, 0xB7, 0x3F, 0xA4, 0x41, 0xD8, 0xD1, 0x24, 0x5D, 0x3C, 0x98, 0xB2, 0x4A, 0x7A, 0xCF,
    0x66, 0x69, 0x47, 0x17, 0xE5, 0x2D, 0x0D, 0xA3, 0x6C, 0xE2, 0x9E, 0x9E, 0x9F, 0xB6, 0x74, 0x79,
    0xDA, 0xAE, 0x6C, 0x91, 0x37, 0xA1, 0xCD, 0xCA, 0xFA, 0xA4, 0xDD, 0xB2, 0xF5, 0xBF, 0x4E, 0xA7,
    0xED, 0x77, 0x7F, 0xB2, 0x5D, 0x69, 0xDF, 0xA3, 0x53, 0xA6, 0xC8, 0x66, 0x61, 0x17, 0xF4, 0xCB,
    0x21, 0x5C, 0xC2, 0x83, 0x8B, 0xE5, 0x1F, 0xF8, 0x4C, 0x1E, 0x5D, 0xC8, 0x80, 0x60, 0x3C, 0x13,
    0xA9, 0xBD, 0x23, 0x19, 0xE6, 0x0A, 0x96, 0x35, 0xB1, 0x0C, 0x73, 0x2B, 0xDB, 0x98, 0xD9, 0x1B,
    0x07, 0x21, 0x94, 0x3E, 0x08, 0xA1, 0xDF, 0x6D, 0x20, 0x54, 0x2F, 0x11, 0xF2, 0x1F, 0x84, 0xD0,
    0xC5, 0x87, 0x8D, 0x10, 0x26, 0xCD, 0x37, 0x31, 0x16, 0xEE, 0x21, 0x23, 0xE0, 0x01, 0xF3, 0xB7,
    0xFF, 0xB5, 0x31, 0xCD, 0x47, 0x87, 0x4D, 0x3C, 0xE8, 0x9B, 0x54, 0x6C, 0xF7, 0x7C, 0x71, 0x4B,
    0x4D, 0xFA, 0x85, 0xD8, 0x7D, 0x65, 0x5B, 0x3D, 0xF3, 0xF6, 0xE0, 0xA0, 0xDC, 0x31, 0xF7, 0x7B,
    0x29, 0x63, 0xCC, 0x6A, 0xD4, 0x37, 0xA1, 0x7B, 0x13, 0x4F, 0xEE, 0x41, 0xEE, 0x4D, 0x69, 0xE5,
    0xE8, 0x7D, 0xA3, 0x6F, 0x56, 0x77, 0xF4, 0x8D, 0xA2, 0x43, 0x17, 0xAD, 0xF4, 0xCD, 0xB9, 0x95,
    0x42, 0x3C, 0xE8, 0x1B, 0x07, 0x12, 0xD9, 0x57, 0xDF, 0x44, 0x95, 0x2F, 0x48, 0x27, 0x99, 0x7A,
    0xB8, 0x62, 0x45, 0x73, 0xB1, 0x62, 0x72, 0x36, 0xAF, 0x00, 0x5E, 0x03, 0x29, 0xE3, 0x20, 0x03,
    0x92, 0xC6, 0x36, 0xC0, 0xD9, 0x08, 0xEE, 0x6C, 0xA2, 0x92, 0x2E, 0x50, 0xE4, 0x08, 0x04, 0x7A,
    0x72, 0x62, 0x75, 0x40, 0x66, 0xEB, 0x7D, 0x71, 0xD2, 0x4E, 0x26, 0xC5, 0x77, 0x4D, 0x6A, 0x78,
    0x74, 0xD9, 0x74, 0x70, 0xF6, 0xAF, 0x79, 0xA0, 0xC1, 0x37, 0x9D, 0x0C, 0x0E, 0x16, 0xDF, 0x31,
    0xDB, 0x7C, 0x78, 0xD3, 0x3C, 0xB7, 0xDF, 0x74, 0x8C, 0xB1, 0x11, 0x94, 0x8D, 0xE0, 0x6C, 0x80,
    0x34, 0xDF, 0x2A, 0x63, 0xFF, 0x04, 0xDA, 0x70, 0x38, 0x1E, 0x1F, 0x10, 0xA7, 0x07, 0xB7, 0x98,
    0x2C, 0x50, 0xA7, 0x7B, 0x30, 0xEE, 0xCC, 0x03, 0x42, 0x9E, 0x27, 0x46, 0xD8, 0xD3, 0x81, 0xD1,
    0x67, 0x73, 0xBF, 0x87, 0x0B, 0x26, 0xF0, 0x6B, 0xED, 0x03, 0xB9, 0xD0, 0x2C, 0x50, 0x98, 0x2F,
    0xFA, 0xC0, 0x70, 0xF5, 0xAE, 0x98, 0x2E, 0x80, 0x73, 0x9A, 0xA0, 0xCB, 0x85, 0x2F, 0xAB, 0xFA,
    0x00, 0xD4, 0x9F, 0xDD, 0x70, 0xA1, 0xA4, 0x5B, 0x02, 0x1E, 0x09, 0x3A, 0xA1, 0xB8, 0x51, 0xF0,
    0xF9, 0xB0, 0x40, 0xDA, 0x6F, 0xF1, 0x10, 0xAF, 0x4D, 0xF1, 0x65, 0x0F, 0xFA, 0x39, 0x88, 0x2F,
    0x0A, 0x0C, 0xE7, 0x0C, 0x9B, 0xC0, 0xA4, 0x74, 0x07, 0xBE, 0xA9, 0x60, 0x1B, 0x7D, 0xB9, 0xCB,
    0xF7, 0x8B, 0x08, 0x57, 0xBA, 0x1F, 0x11, 0x8E, 0xFD, 0x44, 0x41, 0x65, 0xC2, 0x91, 0xB9, 0x18,
    0xEB, 0x68, 0x22, 0x3F, 0x61, 0xFA, 0x15, 0x8A, 0xA6, 0xC7, 0x63, 0xCA, 0x27, 0x9E, 0x94, 0xCF,
    0x04, 0xC6, 0x88, 0xA1, 0x2C, 0x41, 0xF3, 0x54, 0x46, 0xD7, 0xB0, 0x26, 0xB6, 0x7C, 0x6B, 0xB8,
    0x7D, 0x74, 0xBB, 0xE7, 0x01, 0x5C, 0x30, 0xE6, 0x97, 0x9B, 0x88, 0x3D, 0x5A, 0xAD, 0x84, 0xD9,
    0x54, 0x95, 0xFD, 0x59, 0xCD, 0x85, 0x7D, 0xCF, 0x66, 0x91, 0xD8, 0x73, 0x92, 0x33, 0x68, 0x9C,
    0x42, 0x0C, 0xFB, 0xB6, 0x8A, 0x68, 0x76, 0x41, 0x58, 0x95, 0x99, 0xEC, 0x60, 0x8E, 0xFA, 0x8E,
    0x92, 0xB9, 0x62, 0x19, 0x29, 0x23, 0x57, 0xB6, 0xD9, 0x64, 0x66, 0x54, 0xAA, 0x06, 0xFC, 0x8F,
    0x7E, 0x70, 0x33, 0x55, 0x31, 0xFE, 0x85, 0x7C, 0xA0, 0xC2, 0x49, 0x5F, 0x28, 0x2D, 0xE3, 0x0C,
    0x68, 0xAD, 0x59, 0x79, 0x53, 0xD4, 0xD3, 0x01, 0x67, 0x56, 0xDF, 0xEE, 0x96, 0xC3, 0x92, 0x93,
    0xB1, 0x48, 0xE8, 0x9A, 0x92, 0x74, 0x3D, 0xFC, 0xC0, 0x31, 0x52, 0x75, 0x74, 0x4D, 0x48, 0x16,
    0xCE, 0x98, 0xEE, 0xBE, 0xC9, 0xC7, 0x7B, 0x32, 0xE2, 0x5E, 0x8C, 0x26, 0x33, 0x93, 0x89, 0xB2,
    0x1E, 0xFB, 0xA3, 0x87, 0xCB, 0xBF, 0xE0, 0x8F, 0x62, 0x7B, 0x68, 0xCD, 0xCC, 0x01, 0xF6, 0x3C,
    0x07, 0x62, 0x6E, 0x19, 0xAF, 0x38, 0x98, 0x96, 0xB9, 0xE5, 0x5B, 0x0A, 0x2B, 0xC3, 0x81, 0xE7,
    0xA6, 0xA4, 0x4C, 0x1B, 0x0E, 0x0B, 0xC2, 0x49, 0x8A, 0x6A, 0x3C, 0x72, 0xA1, 0x24, 0x79, 0x24,
    0xC7, 0x21, 0x61, 0x64, 0x38, 0x7A, 0x5F, 0xB5, 0x6F, 0x2A, 0x21, 0x23, 0x7B, 0x8B, 0x87, 0x2E,
    0x7C, 0x24, 0x9B, 0x33, 0xC3, 0x96, 0x2E, 0xF0, 0x2B, 0x5F, 0x41, 0xC0, 0x58, 0xAE, 0xE7, 0x1B,
    0x30, 0x96, 0x32, 0x40, 0x61, 0xA5, 0x19, 0x13, 0x1C, 0xDE, 0xF7, 0xAE, 0x2C, 0xCF, 0x79, 0xEB,
    0x07, 0xD2, 0x71, 0xF5, 0xBD, 0xE9, 0x98, 0x3C, 0x80, 0x8E, 0xC1, 0xF7, 0xA7, 0xA3, 0x31, 0xA7,
    0x7D, 0x1A, 0x5E, 0xFA, 0x05, 0xDB, 0x9A, 0xB1, 0x3F, 0x92, 0xD0, 0x87, 0x87, 0xBD, 0x66, 0x4E,
    0x64, 0x3A, 0x48, 0x12, 0x4F, 0xE0, 0x3B, 0x76, 0x8B, 0xFA, 0x02, 0x3B, 0xBA, 0xB7, 0xC4, 0xCA,
    0xA3, 0x41, 0x64, 0xBE, 0x7D, 0xD9, 0x52, 0x38, 0xA0, 0x21, 0x0B, 0x4C, 0xB6, 0x20, 0xE0, 0x6C,
    0x45, 0x6E, 0x94, 0x37, 0x34, 0x1D, 0x20, 0x44, 0x98, 0xD9, 0x26, 0x98, 0x4C, 0x49, 0x91, 0x24,
    0xFB, 0xF7, 0xE1, 0x39, 0x80, 0x93, 0x4E, 0xF7, 0xEC, 0x18, 0xDA, 0xBE, 0x1C, 0x8D, 0xED, 0xD3,
    0x71, 0x89, 0xCB, 0xF3, 0xC5, 0x46, 0x72, 0x21, 0x7E, 0x97, 0xBF, 0xD7, 0xDE, 0x3F, 0x24, 0xFA,
    0x57, 0x97, 0xB1, 0xD0, 0xD7, 0xC0, 0xA5, 0x24, 0xB3, 0xFD, 0x92, 0x6A, 0x17, 0x85, 0xE6, 0x3B,
    0x62, 0xF9, 0x24, 0x1A, 0x16, 0xD1, 0x2F, 0x2A, 0x24, 0x54, 0x55, 0xE0, 0x5A, 0x50, 0x83, 0x0C,
    0x4A, 0x30, 0x4A, 0x8E, 0x98, 0x12, 0x7E, 0x27, 0x81, 0x7C, 0xDA, 0xBD, 0x66, 0xD7, 0xDC, 0xBA,
    0xC9, 0xBE, 0xC8, 0x41, 0x07, 0x84, 0x3A, 0x67, 0x90, 0xA4, 0x28, 0xAD, 0x62, 0x1A, 0x0C, 0x21,
    0xC9, 0xCE, 0x4F, 0x48, 0xB2, 0x04, 0x06, 0xB6, 0xD9, 0x64, 0xD4, 0xFA, 0x15, 0x17, 0x0B, 0x72,
    0x89, 0xFD, 0xF9, 0x2E, 0xC5, 0xF2, 0x4B, 0x8A, 0x7E, 0x1A, 0x39, 0x3D, 0x46, 0x12, 0xEC, 0x42,
    0xD4, 0x03, 0xB5, 0xDE, 0x7C, 0x9C, 0xFA, 0xF9, 0xC0, 0x5C, 0x73, 0xCE, 0x15, 0x35, 0xB1, 0x90,
    0x83, 0xC0, 0x77, 0xE4, 0xD0, 0x0B, 0x00, 0xAC, 0x3A, 0x29, 0xA7, 0x08, 0x65, 0xB6, 0x3E, 0x30,
    0xDF, 0x93, 0x5D, 0xD1, 0xF7, 0x66, 0xD7, 0xC7, 0x8F, 0x85, 0x5D, 0xE6, 0xAD, 0xCC, 0xA5, 0x2C,
    0x3E, 0x86, 0x96, 0x42, 0x0B, 0x78, 0xCC, 0x45, 0x43, 0x5F, 0x1D, 0x31, 0xA7, 0xE8, 0x6D, 0xCB,
    0x1F, 0xC8, 0x14, 0x20, 0xD5, 0xDE, 0xBD, 0x4D, 0x31, 0x84, 0x16, 0x02, 0x38, 0x28, 0xA1, 0x30,
    0x0C, 0x3A, 0x08, 0xE8, 0x44, 0x05, 0x81, 0x9D, 0x68, 0x20, 0xC0, 0x13, 0x05, 0x04, 0x7A, 0xA2,
    0x7F, 0x80, 0x4F, 0xD4, 0x6F, 0x8D, 0x9F, 0x3B, 0x6A, 0x0E, 0x1A, 0x4A, 0xEC, 0x3B, 0x76, 0xFD,
    0x18, 0xD0, 0x31, 0x82, 0x4E, 0x7D, 0x5A, 0xC6, 0x32, 0x2E, 0xF3, 0xB0, 0x27, 0x1F, 0x9D, 0x60,
    0x98, 0x61, 0xC1, 0x1F, 0x1C, 0xC6, 0x0F, 0x9D, 0xA2, 0x48, 0xF5, 0x34, 0xA3, 0x12, 0x99, 0x1B,
    0x3A, 0xF2, 0x90, 0x9F, 0xBA, 0xC6, 0xE4, 0x11, 0xA7, 0x22, 0xAB, 0x7E, 0x29, 0x5E, 0x46, 0xD3,
    0x3F, 0x0F, 0x46, 0xF2, 0x83, 0x3F, 0xE2, 0x6F, 0x4D, 0x50, 0x48, 0xA1, 0x85, 0x83, 0xB7, 0xBB,
    0x71, 0x03, 0x95, 0x4D, 0xCD, 0x93, 0xB5, 0x1C, 0x08, 0x34, 0x77, 0xB7, 0x9A, 0xC3, 0x0C, 0xCB,
    0x3A, 0xA0, 0x13, 0x2D, 0x1C, 0x04, 0x89, 0x0B, 0xA2, 0x85, 0x5A, 0x00, 0xA4, 0x9A, 0xAD, 0x4B,
    0x9A, 0x11, 0x15, 0xD0, 0x42, 0xCD, 0xFC, 0xC3, 0x1A, 0xF9, 0xB1, 0x66, 0x18, 0x2B, 0x16, 0xC1,
    0x39, 0xE5, 0x67, 0xDB, 0xB3, 0x7C, 0x6A, 0x72, 0x71, 0x93, 0xBF, 0x2F, 0x5C, 0xAE, 0xCF, 0x1A,
    0x40, 0x59, 0x8A, 0xE4, 0x15, 0x97, 0x39, 0xFF, 0x2E, 0x31, 0xA2, 0xB0, 0x76, 0xA2, 0x27, 0x55,
    0xD2, 0x4D, 0x8C, 0x8E, 0x3F, 0xA3, 0x2F, 0x9E, 0x3E, 0x74, 0xC2, 0x98, 0xA3, 0x8F, 0x1B, 0x95,
    0x03, 0x73, 0x83, 0x63, 0x66, 0x83, 0x1F, 0xD5, 0x8F, 0x93, 0x1F, 0x1B, 0xB9, 0x41, 0xBB, 0x3F,
    0x37, 0xA8, 0x3C, 0xFA, 0xE6, 0xAC, 0xDF, 0xE8, 0x04, 0x7C, 0x5C, 0x13, 0x5F, 0x79, 0x1C, 0xB9,
    0xC1, 0xDF, 0x50, 0xE6, 0x08, 0xCB, 0x87, 0x5A, 0x6E, 0x56, 0x8B, 0xC6, 0x83, 0x26, 0xC2, 0x7B,
    0x5E, 0x5B, 0x3F, 0x34, 0x37, 0x48, 0x9F, 0xC0, 0xDC, 0xE0, 0xA8, 0x59, 0x15, 0xF4, 0x9F, 0x4F,
    0xCF, 0x6D, 0x18, 0xB0, 0x1D, 0x20, 0xCE, 0x39, 0xAC, 0x87, 0x44, 0x36, 0x6E, 0x36, 0x6F, 0xD9,
    0x51, 0x9C, 0x42, 0x94, 0x29, 0x6B, 0x62, 0x34, 0x8A, 0xE0, 0xBC, 0xE6, 0xA0, 0xC2, 0x41, 0x26,
    0x6D, 0x69, 0x76, 0xA0, 0x0F, 0x59, 0x22, 0x6F, 0x11, 0x63, 0x28, 0xE6, 0x24, 0xA3, 0x94, 0xBD,
    0x69, 0x77, 0xC2, 0xBE, 0xF7, 0x1A, 0x87, 0x98, 0x57, 0xEC, 0x94, 0x10, 0x9E, 0x4C, 0x20, 0x4A,
    0xFF, 0x27, 0xB3, 0x37, 0x45, 0x20, 0xBC, 0x0D, 0xEA, 0x68, 0x1A, 0xF6, 0x64, 0x36, 0x72, 0x04,
    0xB3, 0xD2, 0x78, 0x54, 0x31, 0x8B, 0xA5, 0xD5, 0x33, 0xED, 0x7E, 0xD4, 0xC3, 0x20, 0x7C, 0x1E,
    0xDA, 0x3D, 0x19, 0x5A, 0x69, 0x2C, 0x89, 0x6C, 0xE7, 0xEB, 0x92, 0x1B, 0xBE, 0x00, 0x8B, 0x6E,
    0x7B, 0x38, 0xF5, 0x28, 0xD4, 0xAD, 0x0A, 0x19, 0x5D, 0x8A, 0x76, 0x95, 0x54, 0x12, 0x68, 0xF2,
    0x4C, 0xBB, 0x50, 0x92, 0x11, 0x85, 0x07, 0xC7, 0x4E, 0x29, 0xF6, 0x20, 0xA5, 0xB6, 0xF1, 0x70,
    0x6A, 0x87, 0x81, 0x70, 0x01, 0x45, 0xF6, 0xE3, 0x2A, 0x6D, 0x55, 0xE1, 0xC9, 0xAB, 0x46, 0x9E,
    0xDC, 0xA2, 0x81, 0x44, 0x12, 0xED, 0x95, 0x34, 0xBA, 0x41, 0x34, 0x4F, 0x27, 0x1A, 0xED, 0xEF,
    0xFF, 0x05, 0xAE, 0xFF, 0x27, 0xA8, 0xE4, 0x9B, 0xFD, 0x3F, 0xA2, 0x70, 0x48, 0x14, 0xCD, 0x2F,
    0x4F, 0x9E, 0xF5, 0xEC, 0x6A, 0xF4, 0x6D, 0x38, 0x04, 0x63, 0xD4, 0x27, 0x7D, 0xF2, 0x9D, 0x2D,
    0x52, 0xF2, 0x0B, 0xD4, 0x3B, 0x2D, 0xFE, 0x7F, 0x89, 0xDE, 0x5F, 0x4F, 0xC7, 0xA0, 0x8A, 0xAD,
    0x2D, 0x42, 0x48, 0xE6, 0x1A, 0x43, 0x2E, 0xB5, 0xB8, 0xD7, 0xC8, 0xCE, 0xC0, 0x47, 0xAF, 0xDF,
    0xA8, 0x69, 0x43, 0x71, 0x76, 0x57, 0x6D, 0xFA, 0xA2, 0x41, 0xDE, 0xB0, 0xCE, 0xF0, 0x97, 0xAF,
    0xA7, 0xD5, 0x27, 0x58, 0x9B, 0xC5, 0x75, 0xCB, 0x6F, 0x77, 0xAF, 0x35, 0x30, 0x8B, 0xA7, 0x72,
    0xBE, 0x23, 0xCF, 0x22, 0x40, 0x38, 0x10, 0xB0, 0x9B, 0xF1, 0xBD, 0x7F, 0x0D, 0x71, 0x69, 0x0F,
    0xE1, 0xD4, 0xB3, 0x10, 0x36, 0x73, 0x1A, 0x0F, 0xCE, 0x22, 0x98, 0x41, 0x78, 0x5A, 0x7E, 0xFB,
    0x11, 0x53, 0x88, 0x4F, 0x15, 0xA5, 0xDF, 0xC6, 0x18, 0xCD, 0x49, 0x9C, 0x5A, 0x04, 0x38, 0xB5,
    0xC6, 0x40, 0x18, 0xE6, 0xA3, 0x02, 0x73, 0x24, 0x4F, 0x26, 0x8E, 0xE0, 0xC9, 0x8C, 0x4B, 0xC5,
    0x13, 0xDC, 0xB2, 0x34, 0xBA, 0x16, 0x72, 0x67, 0x87, 0x65, 0x6E, 0x69, 0x50, 0xA5, 0x44, 0x77,
    0xE9, 0x11, 0x23, 0x6B, 0x03, 0x03, 0x20, 0x5F, 0x6E, 0xF5, 0xEB, 0x24, 0xFA, 0xE1, 0x01, 0x71,
    0xC9, 0xE0, 0x98, 0xB7, 0xD7, 0xA5, 0x5C, 0x01, 0x06, 0xA7, 0xA5, 0x18, 0x3F, 0xEA, 0xED, 0xED,
    0x37, 0xFC, 0x9D, 0xD6, 0xF7, 0x2C, 0x3A, 0x12, 0x37, 0xF9, 0x50, 0x60, 0xCA, 0xEC, 0x20, 0x3C,
    0xE5, 0x4E, 0xE2, 0xE0, 0x8E, 0x90, 0x20, 0x94, 0x10, 0xCA, 0x8E, 0x6A, 0x6B, 0xBF, 0x3A, 0x86,
    0x53, 0x1B, 0xE9, 0xE2, 0xFE, 0x7E, 0xE9, 0xD9, 0xD0, 0x0C, 0xDF, 0x7E, 0x79, 0x6D, 0x49, 0x82,
    0x16, 0xC6, 0xA6, 0xD1, 0xBC, 0x23, 0xFD, 0x87, 0x17, 0x04, 0x17, 0x1E, 0x08, 0x62, 0xF9, 0x59,
    0x81, 0x70, 0x5B, 0xA2, 0xF6, 0x39, 0x79, 0x72, 0x0A, 0x08, 0x4D, 0x5A, 0x98, 0xE3, 0xF6, 0xCB,
    0xDD, 0xB2, 0x42, 0x17, 0xD6, 0xB5, 0x27, 0xD5, 0x6F, 0xB8, 0xB2, 0x37, 0x67, 0x88, 0x8C, 0x61,
    0x7F, 0x84, 0x70, 0xBB, 0x53, 0x99, 0x6D, 0xA2, 0x51, 0x40, 0x7A, 0x2F, 0x79, 0xED, 0xC6, 0x8B,
    0xD5, 0x92, 0x4D, 0x1D, 0xF4, 0x71, 0xC3, 0xB6, 0xA6, 0xB0, 0x98, 0xB4, 0x6C, 0x6C, 0x63, 0xFF,
    0x83, 0x14, 0x85, 0xAC, 0xBD, 0x62, 0x3A, 0xA1, 0xF9, 0x86, 0xE6, 0x2F, 0xD9, 0x9B, 0x46, 0x19,
    0x1A, 0x36, 0x38, 0xF9, 0x4F, 0x6F, 0x60, 0xF1, 0x70, 0xD6, 0x16, 0xD7, 0xAE, 0xD4, 0x4E, 0xFB,
    0x5B, 0x2F, 0xAB, 0x90, 0xB7, 0x32, 0x3A, 0xAB, 0x9D, 0x97, 0x49, 0x5B, 0xDB, 0xBD, 0xD9, 0xD7,
    0xF7, 0x59, 0x99, 0x75, 0xEA, 0x1B, 0xBA, 0xE9, 0x91, 0xEE, 0x02, 0x3F, 0x15, 0x1F, 0x18, 0x9E,
    0x9C, 0x7D, 0x96, 0x1F, 0xA7, 0x3F, 0x4E, 0x80, 0xD8, 0xF8, 0xA7, 0x3C, 0x33, 0x4B, 0xD0, 0xAC,
    0x41, 0xCE, 0xFE, 0x4E, 0x85, 0x9C, 0x0C, 0x39, 0xB4, 0x9C, 0x10, 0xCD, 0x4A, 0xE4, 0xA4, 0x48,
    0x6C, 0x60, 0x66, 0x31, 0x72, 0x6A, 0xE4, 0xE4, 0x68, 0xD6, 0x23, 0x15, 0x24, 0xA7, 0x48, 0x22,
    0x49, 0x2E, 0x6A, 0x44, 0xAE, 0x95, 0x31, 0xB7, 0x34, 0x76, 0x17, 0xD1, 0x82, 0x93, 0x99, 0xB8,
    0xE5, 0x92, 0x24, 0x1A, 0xCE, 0x80, 0xAE, 0x7F, 0xCF, 0x7F, 0xFE, 0xA9, 0x45, 0x2A, 0x76, 0x13,
    0x46, 0xE1, 0x59, 0xF8, 0x99, 0x79, 0x7D, 0xAF, 0xD9, 0xE0, 0xF4, 0x3E, 0x1E, 0xC4, 0x60, 0x72,
    0x36, 0xCD, 0xF9, 0x34, 0x93, 0x87, 0x3F, 0xF7, 0xD8, 0xB5, 0x18, 0x53, 0x3A, 0xF3, 0xAB, 0x09,
    0x7C, 0x68, 0x8C, 0xF6, 0x99, 0x1C, 0x68, 0x34, 0x81, 0x1A, 0xF3, 0xBC, 0xCE, 0x8F, 0x7E, 0xB9,
    0x85, 0x42, 0xF4, 0xB0, 0x7E, 0x37, 0x3F, 0x62, 0x9D, 0xC9, 0x6A, 0x73, 0x89, 0x14, 0x60, 0x17,
    0xB3, 0x69, 0xD5, 0x11, 0x45, 0x7F, 0xBD, 0x51, 0x20, 0x7E, 0xDF, 0xFC, 0xF2, 0x40, 0x7C, 0x09,
    0x5E, 0x87, 0xAE, 0x82, 0x3B, 0x07, 0x96, 0xE2, 0x81, 0x81, 0xE5, 0xD4, 0xC3, 0x08, 0x2C, 0xE9,
    0x0F, 0x0A, 0x2C, 0x76, 0x13, 0xC4, 0x4C, 0x4B, 0x16, 0x8B, 0xFC, 0xE3, 0xD9, 0xCC, 0x74, 0x94,
    0x90, 0x9D, 0x48, 0x46, 0x29, 0x04, 0xE2, 0x4F, 0x5B, 0xCA, 0x23, 0xB6, 0xCD, 0x61, 0xB3, 0x5A,
    0xF7, 0xAF, 0x38, 0x2D, 0x61, 0xBE, 0xC5, 0x4D, 0x5E, 0xC4, 0x6D, 0xDC, 0x46, 0x5D, 0x38, 0x30,
    0xDD, 0x56, 0x53, 0x38, 0xF9, 0xB6, 0xA4, 0x98, 0x4E, 0x27, 0xF0, 0xE0, 0x22, 0x78, 0x0E, 0x5D,
    0xCA, 0xD2, 0xC2, 0x64, 0x23, 0x19, 0x69, 0x48, 0x9A, 0xEA, 0x03, 0xB2, 0x29, 0xAD, 0x4C, 0x5C,
    0xE6, 0x41, 0xC9, 0x28, 0xB2, 0x5E, 0x59, 0x36, 0x2A, 0xDB, 0x51, 0x52, 0xDA, 0x66, 0x89, 0xCA,
    0xE1, 0x2C, 0xCC, 0x0E, 0x16, 0x40, 0xA6, 0x9D, 0x2A, 0xE0, 0xCC, 0x3A, 0x95, 0x40, 0x47, 0x3A,
    0xD5, 0x40, 0x07, 0x8D, 0x13, 0x41, 0x47, 0x39, 0x55, 0x41, 0x07, 0x8E, 0x23, 0x96, 0xA2, 0xE3,
    0x74, 0x70, 0xFE, 0x58, 0x84, 0xD0, 0xE1, 0xA3, 0x4A, 0xE8, 0x00, 0x72, 0x52, 0xE8, 0xC8, 0xA6,
    0x5A, 0xE8, 0x20, 0x52, 0x31, 0x74, 0x54, 0x5B, 0xAA, 0xA1, 0x03, 0xE9, 0x90, 0x4E, 0xEF, 0x64,
    0xA6, 0x2E, 0x8E, 0x91, 0xAD, 0xFB, 0x1F, 0x1C, 0x7A, 0xDA, 0x98, 0x35, 0xFC, 0x53, 0x0E, 0x6A,
    0xF6, 0x1F, 0x58, 0x9D, 0xF2, 0x99, 0x70, 0x37, 0x59, 0x56, 0xF7, 0xF3, 0x0D, 0x82, 0x27, 0x6C,
    0xA3, 0x28, 0xE5, 0xC8, 0xC6, 0xE2, 0xA9, 0x5C, 0xE3, 0x60, 0xA5, 0x54, 0x83, 0x82, 0x2A, 0xD3,
    0x24, 0x83, 0x05, 0xD1, 0x20, 0xA3, 0xCA, 0xB3, 0x18, 0x91, 0x46, 0x68, 0xB6, 0xD6, 0xD2, 0xE7,
    0xB3, 0x2B, 0x92, 0x45, 0xE3, 0xA2, 0x13, 0xC7, 0x37, 0x72, 0xC4, 0x44, 0xE6, 0x99, 0xC8, 0xD9,
    0xE9, 0xAB, 0x98, 0xD2, 0x73, 0xE6, 0xE7, 0x3F, 0x46, 0x96, 0x71, 0x87, 0x86, 0xDC, 0xB3, 0xBC,
    0xC3, 0xB9, 0x06, 0xDD, 0xEC, 0x2C, 0x27, 0x6E, 0x5A, 0xE4, 0x29, 0x90, 0x30, 0xEF, 0xC4, 0x2B,
    0x91, 0x05, 0x3D, 0xF4, 0xAA, 0xB9, 0xB2, 0x90, 0x45, 0x36, 0x20, 0x34, 0x31, 0xAF, 0xF2, 0x0A,
    0x82, 0x98, 0xB4, 0x71, 0x07, 0x35, 0x0C, 0x27, 0x4E, 0x26, 0x98, 0x1B, 0x9C, 0xE0, 0x40, 0x07,
    0x89, 0x79, 0x47, 0x44, 0x04, 0x6D, 0x17, 0x8B, 0x02, 0x12, 0xD0, 0xD9, 0x5A, 0xFE, 0xB4, 0x9E,
    0x0C, 0xAD, 0x96, 0x8C, 0x28, 0x24, 0xA3, 0x2F, 0x06, 0xD1, 0xC2, 0xA8, 0xF8, 0xD1, 0xE4, 0x15,
    0x3A, 0xDF, 0x76, 0x6F, 0xD5, 0x30, 0x27, 0xCE, 0x71, 0xBF, 0xCC, 0xAA, 0xDD, 0x97, 0x81, 0x48,
    0x17, 0xFD, 0x4F, 0x4E, 0x7E, 0x6F, 0xA0, 0xF4, 0x36, 0xA1, 0x02, 0x97, 0xBC, 0xEC, 0x8A, 0x79,
    0x66, 0xE1, 0xBF, 0x4C, 0x0F, 0x5B, 0x79, 0x53, 0xD0, 0x23, 0xF1, 0xA0, 0xE2, 0xBF, 0x2A, 0xAB,
    0xBC, 0x4E, 0x9B, 0xB2, 0xE1, 0xBC, 0x23, 0x22, 0xBB, 0x63, 0xDC, 0xB2, 0xB8, 0x67, 0x5E, 0x62,
    0xA7, 0xA4, 0x5B, 0x5E, 0x20, 0x07, 0x9C, 0x24, 0xEB, 0x48, 0x16, 0xB9, 0x03, 0xF2, 0x39, 0x2C,
    0x00, 0xB6, 0x52, 0x8A, 0xB9, 0x04, 0x0F, 0x4D, 0x59, 0xB4, 0xAC, 0xF3, 0xB9, 0xB3, 0x84, 0xEF,
    0xF0, 0xC5, 0xCF, 0xE7, 0x05, 0xBC, 0xF3, 0x6F, 0xB0, 0x6B, 0xF7, 0x9A, 0x9C, 0x03, 0x5C, 0xF8,
    0x14, 0x2A, 0x47, 0x24, 0x8D, 0xB8, 0x09, 0xAA, 0x4C, 0x2C, 0x0A, 0xC1, 0x3C, 0x0C, 0x3E, 0x8A,
    0x7C, 0x2C, 0x3E, 0x62, 0xBC, 0xD2, 0x9C, 0xB7, 0x6E, 0x55, 0xE9, 0xA0, 0xEB, 0x73, 0x77, 0xFD,
    0x16, 0x33, 0x3E, 0x95, 0x80, 0x39, 0x65, 0x9C, 0x17, 0xA3, 0x68, 0xCF, 0xD1, 0x66, 0xA2, 0xAC,
    0x78, 0x91, 0xA5, 0x96, 0x05, 0x4F, 0x80, 0x2A, 0xEA, 0xB0, 0xEC, 0xBC, 0x3B, 0xD6, 0xFC, 0x2D,
    0x61, 0xC0, 0xBD, 0x24, 0x7A, 0x78, 0xDC, 0xC3, 0xDE, 0x64, 0xA4, 0x70, 0x3A, 0x64, 0xEC, 0x27,
    0x55, 0x3C, 0x51, 0x85, 0x38, 0xF0, 0x3A, 0xB3, 0x14, 0x7D, 0x6F, 0xED, 0x7E, 0xC0, 0x93, 0xEB,
    0x96, 0xE3, 0x3A, 0x68, 0x72, 0x18, 0xD7, 0x23, 0x99, 0xDC, 0x1C, 0xFF, 0xA0, 0x70, 0x83, 0x7B,
    0x3E, 0xDE, 0x69, 0xF9, 0xC3, 0xBD, 0xA6, 0xB2, 0x16, 0x61, 0x9A, 0xA4, 0x31, 0x93, 0xEC, 0x5B,
    0xBF, 0x4B, 0x1A, 0x1A, 0x42, 0xC5, 0x7D, 0x01, 0x32, 0x83, 0xF9, 0x8D, 0xAD, 0xFC, 0x40, 0xCF,
    0xA5, 0x4F, 0xF9, 0x6D, 0x2A, 0xDD, 0x2E, 0x36, 0x44, 0xDA, 0x5E, 0xF7, 0xEC, 0x57, 0x58, 0xE8,
    0xE1, 0x15, 0xF7, 0xBC, 0x58, 0x7A, 0xF1, 0x4A, 0xD6, 0xAC, 0x70, 0xBE, 0xF8, 0x2D, 0x49, 0x50,
    0x36, 0xAF, 0x73, 0xC5, 0x5C, 0x6A, 0x23, 0xD4, 0xD2, 0x81, 0xFD, 0x2C, 0x97, 0x0E, 0x1B, 0x5A,
    0x25, 0x7C, 0x31, 0x4F, 0x30, 0x1A, 0x61, 0x89, 0xB4, 0xC3, 0xE4, 0xED, 0x6D, 0x31, 0xD5, 0x6B,
    0xE2, 0x3A, 0x62, 0xD0, 0x8E, 0x6F, 0xE6, 0xDB, 0xCF, 0xF0, 0x99, 0x8D, 0xC5, 0x52, 0x39, 0x9A,
    0x33, 0xFF, 0x8D, 0xDE, 0xD0, 0x04, 0xCD, 0x29, 0x5B, 0x89, 0xF7, 0x19, 0xAB, 0x3A, 0x5D, 0x99,
    0x4A, 0x98, 0xCF, 0x2B, 0xA1, 0x49, 0x1D, 0xB0, 0xED, 0x73, 0x61, 0xE4, 0x71, 0x7B, 0x77, 0x5F,
    0x0B, 0x62, 0x25, 0x7C, 0xD4, 0xB5, 0x49, 0x09, 0x6F, 0x9A, 0xD4, 0xE9, 0xAA, 0xB6, 0x87, 0xD5,
    0x39, 0x1A, 0x4D, 0x5E, 0xDB, 0x2C, 0xEE, 0xC3, 0x81, 0xBE, 0x26, 0xC2, 0xD5, 0xE1, 0xC0, 0xCD,
    0xB8, 0x3F, 0x10, 0xDF, 0x06, 0xEE, 0x04, 0x7D, 0x6A, 0x09, 0x53, 0xEE, 0xC7, 0xFD, 0x82, 0xDB,
    0x0C, 0x69, 0x13, 0x8E, 0x1C, 0xCE, 0x8A, 0xA8, 0x25, 0x6F, 0x83, 0x03, 0x95, 0x77, 0xF7, 0x74,
    0x3E, 0x90, 0xE8, 0xA3, 0xEB, 0x38, 0x2D, 0x96, 0x42, 0x2E, 0x69, 0x81, 0x5B, 0x2D, 0xB6, 0xB3,
    0x78, 0xE3, 0x72, 0x37, 0x8B, 0x34, 0xEE, 0xC2, 0x66, 0x7F, 0x5F, 0xC8, 0xDE, 0xD3, 0xDA, 0x34,
    0x43, 0x03, 0x80, 0x33, 0xA6, 0x09, 0xDC, 0xC6, 0x14, 0xE0, 0x7D, 0xF3, 0x46, 0x00, 0x78, 0x66,
    0xDA, 0xC1, 0x05, 0x6D, 0x6D, 0x91, 0xA4, 0xBC, 0xAA, 0x00, 0xC0, 0xD8, 0x9D, 0x45, 0x6A, 0x7E,
    0x47, 0x48, 0x2D, 0x00, 0x0C, 0xE2, 0xA2, 0x5F, 0xA0, 0x65, 0x6A, 0x65, 0x53, 0x4B, 0xCF, 0x00,
    0xF8, 0xDC, 0x8B, 0x84, 0x6B, 0x96, 0x52, 0x41, 0xF3, 0xC2, 0xE5, 0xC4, 0x0F, 0xE5, 0x67, 0xFB,
    0x64, 0xB8, 0x51, 0x46, 0xC6, 0xB3, 0x7C, 0xDB, 0x4A, 0x8C, 0x59, 0xDD, 0x53, 0xF7, 0x97, 0x06,
    0xE8, 0xA0, 0x7B, 0x2A, 0x38, 0x5A, 0xAF, 0x96, 0xC6, 0x3A, 0x3E, 0x71, 0x9C, 0x1F, 0x0D, 0x15,
    0xB2, 0x1D, 0x99, 0xB4, 0xA4, 0x47, 0x51, 0xEE, 0xC7, 0x8F, 0x22, 0x4E, 0x8F, 0x84, 0x33, 0x19,
    0x3F, 0x23, 0x14, 0x5A, 0x8F, 0x51, 0x20, 0xA7, 0x22, 0x14, 0x68, 0x9E, 0x25, 0xE5, 0x14, 0xDC,
    0xEB, 0x21, 0xE7, 0x0E, 0x2C, 0xC6, 0xE3, 0x48, 0x71, 0x58, 0x57, 0x65, 0xB4, 0x85, 0xA9, 0x0E,
    0x9E, 0xD7, 0xBA, 0x00, 0xDC, 0x62, 0x78, 0xE1, 0x37, 0x22, 0x21, 0x49, 0x86, 0xDE, 0xED, 0xDE,
    0x65, 0xFC, 0x59, 0x3E, 0xC5, 0xF9, 0x39, 0x11, 0x91, 0xAD, 0x1B, 0x35, 0xE0, 0x54, 0xC3, 0x2B,
    0x03, 0x44, 0x1B, 0x52, 0x89, 0xDD, 0xEC, 0x6C, 0x6A, 0x7D, 0xA3, 0x34, 0x10, 0x4D, 0x48, 0xB5,
    0xDB, 0xC6, 0x4B, 0x22, 0xEE, 0x28, 0x5C, 0x98, 0xC5, 0x33, 0xD7, 0x32, 0xC9, 0x49, 0x85, 0x10,
    0xA2, 0x12, 0x37, 0x62, 0xCE, 0xB5, 0x22, 0x32, 0x0A, 0x86, 0x51, 0x56, 0xA0, 0xF0, 0x28, 0x51,
    0xDA, 0x48, 0x16, 0xAC, 0x88, 0xCC, 0xD4, 0x50, 0xDF, 0xD1, 0xEC, 0x49, 0xE6, 0x2F, 0x2D, 0x08,
    0x28, 0x5E, 0x9B, 0x66, 0xF0, 0x8F, 0x0A, 0x0D, 0x46, 0xCE, 0xE8, 0x92, 0xCF, 0x2B, 0x38, 0xE1,
    0x45, 0xD9, 0x4F, 0xC3, 0xF7, 0x78, 0xC6, 0x3C, 0xB5, 0xDF, 0x38, 0x8D, 0x78, 0x64, 0x0D, 0xFB,
    0xB2, 0x2B, 0x31, 0x83, 0x40, 0x31, 0x76, 0x14, 0x66, 0x91, 0xAC, 0x80, 0x83, 0xB6, 0x90, 0x95,
    0xCE, 0xC8, 0x0A, 0x38, 0xA2, 0x6B, 0x8B, 0x9C, 0xC7, 0x4A, 0xC7, 0xA2, 0x61, 0xD5, 0x06, 0xAB,
    0x78, 0x48, 0x88, 0xA4, 0xB9, 0xD6, 0x57, 0x77, 0x37, 0xF6, 0xA3, 0xE8, 0xB2, 0xB7, 0x6E, 0x47,
    0x39, 0x2B, 0x7B, 0xC3, 0x74, 0x37, 0x4A, 0xFE, 0x6A, 0x7B, 0x9F, 0xCD, 0x28, 0x4F, 0x18, 0x7D,
    0x10, 0x4F, 0x90, 0xB1, 0x64, 0xE7, 0x29, 0x19, 0x8F, 0xC9, 0xA9, 0x7E, 0x8B, 0xBD, 0x05, 0x6C,
    0x37, 0xCA, 0x5E, 0xA3, 0x62, 0xC7, 0xF8, 0x57, 0xCC, 0xD5, 0x47, 0xC8, 0xA3, 0x69, 0x73, 0x1F,
    0x58, 0x5C, 0x2D, 0x76, 0x9B, 0xE4, 0x75, 0x29, 0x29, 0xF8, 0xE1, 0x0C, 0x4B, 0xEE, 0x30, 0xBE,
    0xDF, 0x4B, 0x11, 0xF5, 0x6F, 0xE6, 0xF4, 0x01, 0x54, 0x52, 0x7D, 0x56, 0x26, 0x49, 0x20, 0x71,
    0x10, 0xB0, 0xD7, 0x72, 0x7A, 0xA4, 0x3C, 0xD2, 0x58, 0xE2, 0x68, 0x54, 0xB6, 0xD2, 0x9A, 0x13,
    0x16, 0x69, 0xE4, 0xCD, 0x14, 0x08, 0x9C, 0x14, 0xC8, 0x96, 0x0B, 0x3A, 0x33, 0x90, 0x88, 0xE2,
    0x28, 0x84, 0xBF, 0xF2, 0x0A, 0x8E, 0x30, 0x48, 0x83, 0x8A, 0x23, 0x90, 0x6F, 0x35, 0xE1, 0x57,
    0xFE, 0x68, 0x5C, 0x71, 0xF4, 0x09, 0xB4, 0x65, 0xBA, 0x60, 0x8F, 0x04, 0x14, 0x6D, 0xCA, 0x4B,
    0xFD, 0xA1, 0xED, 0xC9, 0x14, 0x7B, 0xBD, 0x38, 0x32, 0xA7, 0xDD, 0x2D, 0x6C, 0x66, 0x7B, 0x66,
    0x26, 0x52, 0x72, 0x19, 0x53, 0xCE, 0xB8, 0x77, 0xF1, 0x14, 0xEF, 0xBF, 0xD9, 0x63, 0x99, 0xC9,
    0xCC, 0xCE, 0x2E, 0x34, 0xCA, 0x1B, 0x50, 0xBB, 0x65, 0xFE, 0x24, 0x9D, 0x6F, 0x1D, 0x8B, 0xC8,
    0x5C, 0x90, 0x97, 0x8C, 0xDD, 0x8A, 0x6A, 0x0A, 0xEB, 0x48, 0xC4, 0xCB, 0x12, 0x95, 0x01, 0x9C,
    0xBC, 0x37, 0x8C, 0xD9, 0x23, 0x1C, 0x52, 0x76, 0xAE, 0x51, 0xFD, 0xD5, 0x96, 0x84, 0x1E, 0x20,
    0x76, 0x55, 0x16, 0x7D, 0x9E, 0xCA, 0x16, 0xF1, 0x51, 0xA2, 0x92, 0xD7, 0x63, 0x03, 0xC9, 0x61,
    0xF3, 0xB3, 0x27, 0x37, 0x02, 0x79, 0xCD, 0x11, 0x02, 0x71, 0x3C, 0xA5, 0xD3, 0x3D, 0xC5, 0x0E,
    0xF7, 0xD2, 0xDC, 0xEA, 0xC3, 0x82, 0x2A, 0x8A, 0xCA, 0x84, 0x7D, 0x79, 0xA4, 0xE0, 0xE4, 0x5D,
    0x71, 0xBB, 0x7C, 0x20, 0x6D, 0xCC, 0x26, 0x00, 0x02, 0x3A, 0x41, 0xD4, 0xC0, 0x27, 0x60, 0xC1,
    0x84, 0xAA, 0x20, 0x67, 0xF3, 0x5A, 0x5D, 0x96, 0x62, 0xCD, 0x81, 0x85, 0x0C, 0x9C, 0x02, 0x02,
    0x81, 0xD4, 0x48, 0x77, 0x97, 0x1B, 0xAB, 0x42, 0x2D, 0xB4, 0xB1, 0x65, 0x27, 0x6C, 0x92, 0xFB,
    0x05, 0x20, 0x99, 0x88, 0x30, 0x86, 0x5C, 0x9C, 0xD3, 0x77, 0x1A, 0x17, 0x1D, 0x78, 0xD8, 0x71,
    0xAB, 0x74, 0x81, 0x99, 0x68, 0x04, 0xDC, 0x5B, 0xB7, 0xAF, 0x20, 0x7B, 0x1A, 0x95, 0x2B, 0x62,
    0xCE, 0x3B, 0x9A, 0x80, 0x21, 0x11, 0x19, 0x85, 0x28, 0x5F, 0xCB, 0x67, 0x92, 0x80, 0x4D, 0xB2,
    0xA5, 0xB0, 0x55, 0x96, 0xF0, 0x57, 0xC9, 0x00, 0xAE, 0x58, 0x91, 0xF0, 0xC9, 0x51, 0x24, 0x6E,
    0xF1, 0xEC, 0xA4, 0x43, 0xE3, 0x3B, 0x96, 0x36, 0xC8, 0x32, 0xBA, 0xCC, 0x2F, 0x09, 0xAF, 0xD1,
    0xB0, 0x3F, 0x01, 0xF3, 0xDC, 0xC6, 0x52, 0x8D, 0x8E, 0x58, 0x5D, 0xF4, 0x47, 0xFA, 0xF4, 0x56,
    0x50, 0x83, 0x25, 0xDE, 0x46, 0x5F, 0xE1, 0xA1, 0x0B, 0x9B, 0xAB, 0x74, 0xD2, 0x46, 0x13, 0x77,
    0x7E, 0x33, 0x97, 0x14, 0x7B, 0x36, 0x41, 0x87, 0x1D, 0x96, 0xEE, 0xBC, 0x5E, 0xD2, 0xB4, 0xE7,
    0x4C, 0xAC, 0x0B, 0xDD, 0xDA, 0xE5, 0xE3, 0xFD, 0x9D, 0xC7, 0xA5, 0x93, 0x10, 0x4B, 0x27, 0x81,
    0xA5, 0xAD, 0x55, 0x69, 0xAB, 0x44, 0xDA, 0x46, 0x95, 0xB6, 0xF6, 0xE1, 0x49, 0x5B, 0xFD, 0xFF,
    0x95, 0xB6, 0x71, 0x53, 0xDA, 0x64, 0xBD, 0x16, 0xFB, 0xA4, 0xE3, 0x76, 0x5E, 0xDE, 0xBF, 0xC4,
    0x29, 0x5B, 0xF4, 0x0A, 0x8D, 0xC7, 0x2B, 0xB0, 0xFB, 0x58, 0x77, 0x87, 0x70, 0x41, 0x7C, 0xAD,
    0x15, 0x07, 0x60, 0x5C, 0x0C, 0x80, 0x11, 0xC5, 0x02, 0x34, 0xBC, 0x6E, 0x3A, 0x18, 0x90, 0x44,
    0xE4, 0x6A, 0xDE, 0xF6, 0xD1, 0x41, 0xB2, 0x54, 0xAB, 0x00, 0x11, 0x30, 0x52, 0xA2, 0x38, 0x94,
    0xD4, 0x63, 0x3C, 0x6D, 0x7A, 0x50, 0xB6, 0x8E, 0x06, 0x4A, 0x9C, 0x89, 0xDD, 0xDF, 0x71, 0x30,
    0xB8, 0x66, 0x6B, 0x22, 0x30, 0x94, 0xDD, 0x93, 0x0D, 0x03, 0x40, 0x08, 0x7B, 0xB5, 0xB1, 0x8B,
    0xB6, 0x41, 0xC5, 0xC1, 0xF7, 0x94, 0xD8, 0x7E, 0x2F, 0x0C, 0xB6, 0x15, 0x85, 0x78, 0x24, 0x30,
    0x68, 0xC1, 0x82, 0x2E, 0xC8, 0x62, 0x77, 0xA1, 0xCB, 0xC1, 0x56, 0x2D, 0x22, 0xBE, 0x37, 0x0A,
    0x2A, 0xB7, 0xF6, 0x92, 0xC3, 0xA1, 0xF2, 0x84, 0x93, 0x03, 0xA5, 0x8C, 0x64, 0xEB, 0x22, 0xDD,
    0x22, 0x61, 0xD1, 0x7F, 0xB2, 0x3A, 0xFD, 0x91, 0x07, 0x7D, 0xF7, 0x60, 0x54, 0x1E, 0x11, 0x39,
    0xFC, 0x2E, 0xC8, 0xA4, 0x89, 0xD7, 0x4A, 0x4A, 0x35, 0x6E, 0x71, 0xC5, 0xF9, 0x89, 0xBD, 0xCC,
    0xE3, 0xFE, 0x4D, 0xD0, 0x1C, 0x0C, 0x83, 0x7D, 0xC2, 0xC9, 0x11, 0x56, 0xA7, 0xF8, 0x5B, 0x5E,
    0x64, 0x4A, 0xFB, 0xEB, 0xF4, 0xF7, 0x68, 0x3A, 0x66, 0x4C, 0x9D, 0x53, 0x8E, 0x75, 0xCA, 0xFB,
    0xF3, 0x81, 0xE4, 0xB8, 0xF6, 0x48, 0xC9, 0x31, 0xEF, 0x43, 0x73, 0x86, 0xBE, 0x8F, 0x28, 0x3D,
    0xE9, 0xB1, 0x61, 0xE3, 0xA5, 0xFB, 0x22, 0x35, 0xB2, 0x6B, 0x4C, 0x9F, 0xFF, 0x9A, 0xAF, 0xF7,
    0xA9, 0x17, 0x33, 0x14, 0x8F, 0x95, 0x1C, 0x1B, 0x21, 0x5E, 0xA2, 0xB8, 0xAC, 0x00, 0xE1, 0xAD,
    0x86, 0x79, 0xF8, 0x04, 0x57, 0xDA, 0x5C, 0x73, 0xDE, 0xD3, 0x2E, 0x77, 0x25, 0x27, 0x9E, 0x54,
    0xAA, 0xB7, 0xFB, 0x3E, 0x46, 0x32, 0xFB, 0x7B, 0xE9, 0xE2, 0xDD, 0xFF, 0x63, 0x44, 0xD2, 0x58,
    0x0B, 0xA7, 0x1B, 0x9B, 0x1F, 0x47, 0xEB, 0x8F, 0x01, 0x6F, 0x2D, 0xCD, 0xE7, 0x44, 0xDA, 0xAB,
    0x1E, 0x08, 0x2A, 0xA5, 0x56, 0x6A, 0x33, 0x2C, 0xA2, 0x71, 0x77, 0xBC, 0x96, 0xDD, 0x39, 0xA3,
    0x6C, 0xFD, 0x91, 0x75, 0xAE, 0xE3, 0xF6, 0xCA, 0x81, 0x5B, 0xF8, 0xBB, 0x8D, 0x65, 0x10, 0xA3,
    0xFB, 0xDD, 0x7D, 0xBB, 0xF9, 0x75, 0xD8, 0xF9, 0xBB, 0xBC, 0xD5, 0x80, 0x77, 0x0D, 0x14, 0x65,
    0xBD, 0xC3, 0x09, 0xEC, 0x76, 0xDA, 0x46, 0xFD, 0xA1, 0xB8, 0x23, 0x8F, 0xE4, 0xF4, 0x9D, 0xED,
    0xCC, 0xDB, 0xA1, 0x32, 0x32, 0x36, 0xB2, 0xEF, 0xB4, 0xA1, 0x89, 0x26, 0xED, 0x99, 0xE9, 0x68,
    0x34, 0x9C, 0xB6, 0xF1, 0xCA, 0x4E, 0x29, 0xDD, 0xC0, 0xD2, 0x80, 0x53, 0x4B, 0xA9, 0xBF, 0x3F,
    0x3A, 0x16, 0x2C, 0x97, 0xDB, 0x90, 0x50, 0xA0, 0x13, 0x23, 0x1B, 0xFC, 0x3E, 0x76, 0x5E, 0x94,
    0x6D, 0x24, 0x5B, 0x91, 0x5B, 0xBC, 0xD3, 0xFD, 0x9D, 0xBE, 0x0E, 0xBF, 0x54, 0xC1, 0x5B, 0x2E,
    0x1E, 0x9C, 0x3F, 0xFF, 0xBA, 0xF1, 0xCE, 0xBF, 0xBE, 0x62, 0xBB, 0x44, 0xBC, 0xCB, 0xB4, 0xC3,
    0xB6, 0x31, 0x67, 0xDF, 0x83, 0xD0, 0x70, 0x66, 0x7F, 0x67, 0x36, 0xFB, 0x41, 0x1F, 0xFB, 0xD2,
    0x65, 0x75, 0x3B, 0x38, 0x78, 0x9F, 0xE5, 0x41, 0x1F, 0x6F, 0x4B, 0x5F, 0xCF, 0x6F, 0x04, 0xBB,
    0x48, 0x1B, 0xBF, 0x37, 0xE9, 0xD1, 0xA3, 0x6C, 0x60, 0xE3, 0x8E, 0x7A, 0x2E, 0xAB, 0xFA, 0x71,
    0xAB, 0x2B, 0x1B, 0x99, 0xAC, 0x78, 0x77, 0xB2, 0x3E, 0x26, 0xB5, 0xF5, 0xDB, 0xEB, 0x5A, 0x3B,
    0xD3, 0x5D, 0x3D, 0xBA, 0x7D, 0x1C, 0xFD, 0x42, 0x34, 0x31, 0xB0, 0xBA, 0x15, 0x17, 0x7B, 0x7E,
    0xA6, 0xB1, 0x5B, 0x50, 0x20, 0x4A, 0x9B, 0xC8, 0x36, 0x49, 0x17, 0xF1, 0xC6, 0xC1, 0x88, 0x20,
    0x9B, 0xBC, 0x60, 0xF4, 0x6C, 0xC6, 0x5D, 0xD8, 0x8A, 0x91, 0x6D, 0x39, 0x07, 0x66, 0xD2, 0x10,
    0x89, 0xA2, 0x9E, 0x06, 0x49, 0x69, 0x73, 0xF9, 0xEE, 0xBB, 0x36, 0xCC, 0x3F, 0xAB, 0xAC, 0xFD,
    0x1D, 0xDD, 0x80, 0xF2, 0xFF, 0x2A, 0xB2, 0x9F, 0x70, 0xE7, 0x38, 0x73, 0xBF, 0x26, 0x70, 0xCB,
    0x1B, 0xAE, 0x7D, 0x16, 0xF4, 0xAA, 0x72, 0x83, 0xCA, 0xDC, 0xCF, 0xD6, 0x3A, 0x37, 0x23, 0x9E,
    0x54, 0x87, 0x77, 0x77, 0x33, 0xF3, 0x22, 0x37, 0xB1, 0xC8, 0x31, 0x3D, 0xAE, 0xF5, 0x95, 0x3C,
    0xB3, 0x89, 0x65, 0x2B, 0x66, 0xA6, 0xED, 0xF0, 0xD6, 0xCC, 0xFC, 0x71, 0x56, 0x96, 0x3E, 0xD9,
    0xB6, 0x8A, 0x4A, 0x50, 0xAD, 0xB1, 0x74, 0xF6, 0xDF, 0xBC, 0xF4, 0x8C, 0xAE, 0x63, 0xB1, 0x9D,
    0x1C, 0x32, 0x70, 0x28, 0xAE, 0xF1, 0x70, 0x69, 0x67, 0x66, 0x7E, 0xCD, 0xE0, 0xF0, 0x26, 0x74,
    0xE9, 0x46, 0xDA, 0x5A, 0xD2, 0x4B, 0x47, 0x31, 0x87, 0x0F, 0x2F, 0x0D, 0xF6, 0x5A, 0xF1, 0xCE,
    0x9D, 0x4A, 0xF7, 0xCB, 0xB1, 0x76, 0x4F, 0xF7, 0x8C, 0x3B, 0x34, 0xFC, 0xBC, 0xA0, 0xC2, 0xAF,
    0x67, 0x5E, 0x57, 0xDB, 0x68, 0x91, 0x93, 0x14, 0x5E, 0x99, 0xF1, 0x0F, 0x16, 0xCA, 0x21, 0xA0,
    0x7B, 0x81, 0x6C, 0x06, 0x80, 0xF1, 0xEF, 0xA8, 0xB8, 0x74, 0x3E, 0x96, 0x33, 0x46, 0xC2, 0x38,
    0x23, 0xA8, 0x91, 0xE9, 0x99, 0x2C, 0x82, 0xA3, 0xD0, 0x4E, 0xA0, 0x2B, 0x8C, 0xFD, 0xE4, 0xF3,
    0xAF, 0x79, 0x0F, 0x51, 0xCF, 0x7D, 0x20, 0x70, 0xCF, 0x08, 0x7E, 0x26, 0xA9, 0x15, 0x94, 0xB4,
    0xDD, 0x5C, 0xFE, 0xC6, 0xEF, 0x07, 0x65, 0x0D, 0xB9, 0x50, 0xC0, 0xB6, 0xFF, 0x12, 0x04, 0xBB,
    0x1F, 0x19, 0x82, 0xD2, 0x3D, 0xD4, 0x6D, 0x95, 0x51, 0xED, 0x16, 0x3C, 0x8E, 0x41, 0x6C, 0x22,
    0x10, 0x59, 0x7F, 0xFF, 0xB4, 0x1F, 0xC1, 0x17, 0x4B, 0x46, 0x70, 0xF5, 0x98, 0x10, 0x74, 0xE2,
    0xB8, 0xDE, 0xB9, 0x60, 0x5D, 0x71, 0x9A, 0x14, 0xB3, 0x8E, 0x4B, 0xE6, 0xFD, 0xB1, 0x22, 0x78,
    0x69, 0x01, 0xE9, 0xF0, 0x93, 0x21, 0xA5, 0x36, 0xE7, 0xC7, 0xE5, 0xCF, 0x51, 0x2F, 0xE9, 0x76,
    0x74, 0xDE, 0x72, 0xB1, 0xD5, 0xF3, 0x4D, 0x29, 0xE6, 0x27, 0x1B, 0x90, 0x56, 0x80, 0xB4, 0x05,
    0xA4, 0xDD, 0x63, 0x81, 0xD4, 0xEB, 0x57, 0xBA, 0xB5, 0xB2, 0xBB, 0xAE, 0x01, 0x6F, 0xC2, 0x2F,
    0x96, 0xFD, 0xDB, 0xB6, 0x02, 0x82, 0x67, 0x57, 0xED, 0x4F, 0x90, 0x94, 0x7E, 0x13, 0xC9, 0x36,
    0x2F, 0xF4, 0x1D, 0x46, 0x1E, 0xE4, 0xEA, 0x33, 0x9B, 0x11, 0x29, 0x7F, 0x9D, 0x34, 0x94, 0x06,
    0x1D, 0x35, 0x37, 0xEE, 0x4B, 0xCA, 0xC7, 0x2B, 0xAB, 0x8B, 0x6C, 0x7F, 0x8D, 0xCF, 0x4F, 0x30,
    0x0E, 0xEE, 0x5D, 0x78, 0x56, 0xA9, 0x0A, 0xE7, 0xA6, 0x5E, 0xBD, 0xE7, 0x83, 0xE5, 0x62, 0xB5,
    0x34, 0x5F, 0xFF, 0x5A, 0x64, 0x76, 0xEF, 0x2C, 0xF4, 0x27, 0x28, 0xF2, 0x6F, 0x05, 0xE8, 0x5F,
    0xDC, 0xE8, 0xE3, 0x6E, 0xD9, 0x14, 0x4C, 0x8B, 0xB9, 0xE7, 0xAF, 0x48, 0x6D, 0xBC, 0x9E, 0x3A,
    0x7F, 0x3E, 0x33, 0xE7, 0xDF, 0x48, 0xB1, 0x55, 0xA3, 0xE1, 0xDF, 0x50, 0x78, 0xB2, 0xD8, 0x47,
    0x11, 0x98, 0x53, 0xC7, 0x1B, 0xEE, 0x5F, 0x03, 0xE0, 0x02, 0xF0, 0x02, 0x50, 0x0C, 0x64, 0xA3,
    0xD8, 0x0E, 0xEA, 0x36, 0x24, 0x7E, 0x69, 0x8B, 0x4A, 0xCB, 0xFE, 0x41, 0x16, 0xD9, 0xBE, 0x5A,
    0x68, 0x9C, 0x6E, 0xB1, 0xD1, 0x1F, 0x1C, 0x8A, 0xC5, 0x35, 0x56, 0xC8, 0x36, 0xDE, 0x83, 0x3F,
    0x6B, 0xD6, 0x7D, 0x3E, 0x93, 0x4F, 0xBA, 0x18, 0xB3, 0xAC, 0xE6, 0xF2, 0x75, 0x6F, 0x03, 0xBF,
    0x70, 0xD1, 0x0D, 0xCA, 0x9B, 0x6B, 0xD1, 0x7E, 0xCF, 0xAB, 0xD3, 0xDC, 0x82, 0xE7, 0x02, 0x22,
    0x6A, 0x58, 0x42, 0x47, 0xF3, 0x2F, 0xB6, 0x88, 0xAB, 0xC3, 0x11, 0xEB, 0x6D, 0x6D, 0xAB, 0xA4,
    0x78, 0x3A, 0x1C, 0xB8, 0xD6, 0xC8, 0xEB, 0x94, 0x63, 0x2E, 0x4F, 0x28, 0x6D, 0x2E, 0xF0, 0xD3,
    0xE1, 0x93, 0x2D, 0xF6, 0x50, 0xF2, 0x2A, 0x51, 0xF4, 0x4D, 0xE5, 0xDA, 0x4A, 0xF2, 0x63, 0x63,
    0xA4, 0x59, 0x61, 0x37, 0xD7, 0x92, 0x41, 0xA5, 0x7B, 0x78, 0x63, 0x1E, 0xCD, 0xAA, 0xE7, 0x54,
    0x38, 0x97, 0x4D, 0x49, 0xDD, 0xBC, 0xE7, 0xF2, 0xC5, 0xDD, 0x0F, 0x8D, 0xBF, 0xFB, 0x3E, 0xAF,
    0x76, 0x86, 0xB6, 0xE0, 0x7F, 0x87, 0x83, 0x9E, 0xC8, 0x94, 0xD8, 0x91, 0xFD, 0x54, 0x0D, 0xA6,
    0x7D, 0x06, 0x96, 0xE3, 0x5F, 0x28, 0x11, 0x15, 0xE3, 0xF5, 0xCE, 0xEE, 0xB2, 0xC5, 0x9E, 0x2A,
    0x5B, 0xE1, 0x5F, 0x5B, 0xB0, 0xFF, 0x58, 0xC0, 0x74, 0x37, 0x45, 0xA6, 0xAB, 0xFB, 0x59, 0x50,
    0xD7, 0xC5, 0xE4, 0x87, 0xD0, 0x07, 0x7F, 0x56, 0x98, 0x79, 0x83, 0x9B, 0x27, 0x4C, 0xCA, 0xDD,
    0xD6, 0xEF, 0xE5, 0x6B, 0xB8, 0x6F, 0xAB, 0x5C, 0xBF, 0x7A, 0xC8, 0x36, 0x8F, 0xFF, 0x62, 0x9B,
    0x9F, 0x34, 0x3B, 0x7E, 0xC7, 0x36, 0x2F, 0x2B, 0xB2, 0x79, 0x34, 0xF2, 0x73, 0xCB, 0x8A, 0x6C,
    0x2E, 0x75, 0x64, 0x7A, 0x65, 0xF1, 0xDB, 0x14, 0x5D, 0xD4, 0xD0, 0x0E, 0x80, 0x16, 0x9A, 0x62,
    0x16, 0x7F, 0x2D, 0x01, 0xCF, 0x9E, 0x3F, 0x4F, 0xC5, 0xDB, 0x3F, 0x59, 0xE2, 0x78, 0x24, 0x48,
    0x91, 0x16, 0xF1, 0x0D, 0xCE, 0x01, 0x29, 0xBF, 0x71, 0x3F, 0x37, 0xE1, 0xD5, 0x9D, 0x0D, 0xA4,
    0xBA, 0x25, 0x52, 0xFD, 0x12, 0xA9, 0x0B, 0x8F, 0x16, 0xA9, 0xB8, 0x99, 0x7F, 0x6D, 0x9F, 0x8E,
    0x6B, 0x6E, 0xC0, 0x3F, 0xDE, 0xCE, 0xCC, 0xBE, 0xED, 0x38, 0x94, 0xA3, 0xDD, 0xC2, 0x92, 0x49,
    0xCB, 0x9B, 0x96, 0x26, 0xAE, 0xE4, 0xA3, 0x3A, 0xF8, 0x67, 0x86, 0xE9, 0x2A, 0x23, 0x76, 0x24,
    0x1A, 0x08, 0xCF, 0xAA, 0xE4, 0xC5, 0xC2, 0x60, 0xE4, 0x6D, 0x1F, 0x69, 0xCD, 0xAE, 0x3D, 0x05,
    0xD8, 0x3D, 0x70, 0x83, 0x1F, 0xC6, 0x1A, 0x1F, 0xFF, 0x19, 0x75, 0xFF, 0x85, 0x79, 0x4D, 0x4E,
    0x76, 0x26, 0x0F, 0x73, 0x5D, 0x2C, 0x5B, 0x58, 0x2E, 0xE8, 0xA6, 0x40, 0xAF, 0x05, 0xE2, 0x97,
    0xD9, 0xA4, 0x68, 0x15, 0xA4, 0x72, 0x91, 0x0E, 0xAE, 0xC7, 0x36, 0xB8, 0x68, 0x3C, 0x21, 0x4A,
    0x8F, 0x65, 0xF2, 0xDF, 0x82, 0xFD, 0xDB, 0xFE, 0xDE, 0x5F, 0x56, 0x20, 0x86, 0xED, 0x7E, 0x98,
    0x60, 0x8B, 0x5F, 0x03, 0x1F, 0xE9, 0x60, 0x59, 0x7A, 0x0C, 0xEB, 0x57, 0x2F, 0xFA, 0x55, 0xC0,
    0x2A, 0xF8, 0xC5, 0x9C, 0xD3, 0xAF, 0xED, 0xA5, 0x7E, 0xED, 0x2C, 0xF5, 0xEB, 0x7F, 0x1F, 0xA9,
    0x7E, 0x99, 0x8B, 0xBC, 0x45, 0x3B, 0x6A, 0xD1, 0x20, 0xFC, 0x8C, 0xD0, 0x7C, 0x87, 0x91, 0x0D,
    0x91, 0xED, 0xD7, 0x51, 0xF6, 0xD7, 0xAE, 0x5F, 0xFF, 0x07, 0x6D, 0x52, 0xBD, 0x6E, 0xD4, 0x40,
    0x18, 0x1C, 0xDB, 0x52, 0x8C, 0x64, 0x29, 0xDB, 0xA4, 0x42, 0x82, 0xA5, 0x48, 0x81, 0x90, 0xC8,
    0x52, 0x52, 0x24, 0xD8, 0x11, 0x25, 0x6F, 0xC2, 0x33, 0x9C, 0x64, 0x77, 0x69, 0xF3, 0x10, 0x34,
    0xA4, 0x20, 0x14, 0x29, 0x50, 0x14, 0x71, 0x16, 0x79, 0x01, 0x2B, 0x2D, 0x8D, 0x23, 0x0A, 0xDA,
    0x45, 0xBA, 0xC2, 0x41, 0x7B, 0xFE, 0x98, 0x6F, 0xF7, 0x40, 0x39, 0x60, 0x75, 0xBA, 0xF5, 0xCE,
    0xF7, 0x33, 0xB3, 0xDF, 0xAC, 0x13, 0x2F, 0x72, 0x2D, 0x6B, 0x3C, 0x3B, 0x3B, 0x7B, 0xDF, 0x8A,
    0x04, 0xEE, 0x67, 0x67, 0x27, 0xC2, 0x15, 0x90, 0xA3, 0x1A, 0x6C, 0xE7, 0x1A, 0xDB, 0x98, 0xBE,
    0x0C, 0xB9, 0xF4, 0x4B, 0x6F, 0x43, 0x3E, 0x01, 0x6D, 0x63, 0xF5, 0xE8, 0x02, 0xDA, 0x9E, 0xE7,
    0x1A, 0x55, 0x5F, 0xFA, 0x62, 0x85, 0x7D, 0x68, 0xCC, 0x30, 0x36, 0xFC, 0x13, 0xDB, 0x63, 0x2C,
    0x8F, 0x2D, 0xB5, 0xA9, 0xB6, 0x75, 0xB0, 0x8D, 0x63, 0x6B, 0x6D, 0x5E, 0x4D, 0xB9, 0x7C, 0x51,
    0x02, 0xA5, 0x70, 0x53, 0x3E, 0x25, 0x9A, 0x16, 0x36, 0x28, 0xD5, 0xB5, 0x92, 0xC5, 0x96, 0xDA,
    0xB4, 0xD0, 0xB6, 0xDA, 0x58, 0x5B, 0x97, 0x63, 0xB1, 0x8A, 0xD4, 0x89, 0x5C, 0xE9, 0xB5, 0xE2,
    0x66, 0xAB, 0x22, 0xDF, 0xAA, 0xF0, 0xB1, 0x62, 0x2F, 0x56, 0xD4, 0xC0, 0x84, 0xA2, 0x37, 0xE7,
    0x57, 0xB5, 0xFC, 0xF8, 0xFE, 0xB5, 0x79, 0xAC, 0xE7, 0x72, 0x84, 0x6B, 0x10, 0x88, 0x63, 0x17,
    0x78, 0xC1, 0xB4, 0x6A, 0x64, 0x31, 0x4C, 0x53, 0x9E, 0x7F, 0xA8, 0x24, 0xEC, 0x7E, 0xBE, 0xC2,
    0x11, 0xB0, 0xC0, 0xAB, 0xCB, 0x8F, 0xB5, 0x8C, 0x97, 0x3F, 0x87, 0x7C, 0x44, 0x31, 0x6A, 0x56,
    0x36, 0xC3, 0xC9, 0xB1, 0x88, 0x91, 0xB9, 0x96, 0x49, 0xE4, 0x9B, 0xC8, 0x89, 0x84, 0x4A, 0x86,
    0x72, 0x82, 0x1D, 0xCA, 0x31, 0x9F, 0x5A, 0xEF, 0x26, 0xB3, 0x5E, 0xFA, 0x3A, 0xD8, 0x59, 0xE2,
    0xFF, 0x72, 0xAC, 0x57, 0x26, 0x70, 0x14, 0x8C, 0x63, 0x67, 0x4D, 0xBA, 0xA7, 0xD0, 0x25, 0x33,
    0x50, 0x0C, 0xFA, 0x65, 0x46, 0xA2, 0x47, 0x11, 0x9C, 0x79, 0x97, 0x04, 0x56, 0x9E, 0x7C, 0xCF,
    0x23, 0x58, 0x77, 0x75, 0x47, 0x09, 0x3A, 0xE2, 0x80, 0x19, 0x07, 0x11, 0x34, 0xBE, 0x5C, 0x25,
    0x90, 0x71, 0xD7, 0x27, 0x10, 0x6B, 0xCC, 0x99, 0x8F, 0x5F, 0x85, 0xAF, 0xBC, 0x4D, 0xA0, 0xE9,
    0xDB, 0x63, 0xBF, 0xF3, 0x0E, 0x78, 0xDB, 0xB8, 0x93, 0x95, 0xCD, 0x68, 0xBE, 0x95, 0xBE, 0x96,
    0x63, 0x6F, 0x6F, 0xA6, 0x6C, 0xED, 0xBA, 0x87, 0xA7, 0x26, 0x5B, 0x97, 0xDE, 0x0E, 0x2D, 0xB3,
    0xBD, 0x19, 0x6D, 0x3F, 0x67, 0x81, 0x75, 0x58, 0xA2, 0xAD, 0x38, 0x51, 0x60, 0x55, 0x4C, 0x79,
    0x50, 0x1E, 0x4E, 0xC9, 0x0E, 0xE6, 0x76, 0x0D, 0x21, 0xA8, 0xF1, 0x37, 0xD4, 0x41, 0xB0, 0x08,
    0x79, 0x70, 0x3D, 0xE3, 0x17, 0xBC, 0x8E, 0x19, 0x67, 0xEA, 0xAC, 0x3A, 0xB8, 0x4E, 0xF2, 0xC9,
    0x78, 0x7C, 0x42, 0x6A, 0xB4, 0x54, 0x10, 0x22, 0x30, 0x12, 0x41, 0x2C, 0x4F, 0x51, 0xDD, 0xE9,
    0x3E, 0x9A, 0x90, 0x49, 0xE3, 0xC6, 0x82, 0xA6, 0xC2, 0x0C, 0xB4, 0xC9, 0xA9, 0x41, 0x58, 0xDE,
    0x4A, 0x6F, 0x42, 0xBD, 0xCA, 0xE4, 0x35, 0x67, 0x3F, 0x2E, 0xFB, 0x22, 0xB0, 0x5F, 0xCB, 0x8B,
    0x9A, 0xC1, 0x75, 0x98, 0x0A, 0xCF, 0xC4, 0x05, 0x53, 0xAB, 0x26, 0x5D, 0xF6, 0x11, 0x70, 0xC5,
    0xCB, 0xD3, 0x0E, 0xB4, 0x5D, 0x4E, 0xA6, 0x80, 0xDA, 0xA3, 0xA6, 0xE7, 0x9E, 0x33, 0x03, 0x9F,
    0x46, 0x36, 0x69, 0x0A, 0x0E, 0x81, 0x07, 0xB1, 0xE2, 0x65, 0x1C, 0xBE, 0x03, 0x6C, 0xA7, 0xCC,
    0x4C, 0x62, 0x0D, 0x7F, 0x6E, 0x42, 0x3B, 0x40, 0x78, 0x35, 0xB5, 0x9E, 0x4F, 0x66, 0x01, 0x3C,
    0xC1, 0x66, 0xED, 0xA7, 0x6D, 0x33, 0xEB, 0x3E, 0xCD, 0x39, 0x49, 0x48, 0x4E, 0x72, 0x3A, 0x31,
    0x34, 0xDC, 0x0F, 0x25, 0x3F, 0xE3, 0xCD, 0x69, 0x66, 0x72, 0x4F, 0x27, 0xC2, 0x75, 0x70, 0x3F,
    0xB4, 0xF1, 0xB0, 0x4C, 0x7D, 0x37, 0x36, 0x2E, 0xEE, 0x87, 0x7E, 0x53, 0xA6, 0xD0, 0xE1, 0x96,
    0x9A, 0xE1, 0x3F, 0x6A, 0xB6, 0x54, 0xFF, 0x91, 0xE6, 0x06, 0xCD, 0xD3, 0x07, 0xC1, 0xBC, 0x42,
    0x5F, 0xE4, 0x05, 0x4A, 0xDA, 0x43, 0x69, 0x15, 0x37, 0x4A, 0xD3, 0x8D, 0xD2, 0x14, 0xA4, 0x34,
    0xA6, 0xA8, 0x6A, 0x16, 0x94, 0xAA, 0xDA, 0x0D, 0x7F, 0x49, 0x2B, 0xEF, 0xA2, 0x6A, 0x27, 0x8D,
    0xAA, 0x6E, 0x65, 0x50, 0x69, 0x22, 0xA3, 0x4A, 0x13, 0x5A, 0x4E, 0xD5, 0xBA, 0x51, 0x9A, 0x82,
    0x94, 0xA6, 0x29, 0x54, 0xC3, 0x02, 0x55, 0xCD, 0xF2, 0xED, 0x41, 0xFD, 0x02, 0x0D, 0xCA, 0xA1,
    0x15, 0xC3, 0x20, 0x18, 0x45, 0xE1, 0x07, 0x11, 0x88, 0x0A, 0x36, 0x28, 0x1B, 0x84, 0x11, 0xA8,
    0xEB, 0x58, 0x89, 0xCB, 0x30, 0x35, 0xD9, 0x00, 0x5C, 0x2C, 0xE7, 0x64, 0x81, 0xF4, 0x74, 0x01,
    0x04, 0x02, 0xC1, 0x9F, 0x57, 0xAE, 0xF9, 0xCC, 0x85, 0x11, 0x4C, 0x6C, 0x4A, 0x6C, 0x0A, 0xAB,
    0x3C, 0x8A, 0xFD, 0x0A, 0xC4, 0x27, 0x7B, 0x36, 0xDD, 0xC3, 0x2B, 0x1C, 0xC5, 0xD4, 0x05, 0x9C,
    0x8A, 0xCB, 0xE1, 0x5D, 0x15, 0x05, 0xE6, 0xC6, 0xC8, 0x27, 0x68, 0x0E, 0xEA, 0x20, 0x61, 0x8E,
    0x50, 0xBF, 0x86, 0xA7, 0xCB, 0xEA, 0x8A, 0x70, 0x9F, 0x7B, 0x27, 0xB9, 0x91, 0x1D, 0xBA, 0x03,
    0xF6, 0x02, 0x96, 0x15, 0x7E, 0x8C, 0x7F, 0x7D, 0x56, 0x31, 0x8F, 0xDC, 0x44, 0x14, 0x7E, 0xB6,
    0x45, 0x2C, 0x61, 0xB8, 0x09, 0xD2, 0x21, 0xA1, 0x44, 0x97, 0xA5, 0x48, 0x75, 0x5C, 0xB2, 0x0D,
    0x48, 0x27, 0xB1, 0xC2, 0x56, 0x52, 0x50, 0xA4, 0x48, 0x43, 0x44, 0x07, 0xF4, 0x20, 0x41, 0x91,
    0x22, 0x15, 0x76, 0x44, 0x91, 0x82, 0x82, 0xFC, 0x84, 0x94, 0xC9, 0x5E, 0x91, 0x20, 0xA5, 0xA0,
    0xB3, 0x93, 0x14, 0x14, 0x29, 0xE2, 0x14, 0xF4, 0x06, 0x22, 0x21, 0x2E, 0xCD, 0x44, 0x5A, 0x94,
    0xCD, 0x9D, 0xED, 0xC7, 0xF7, 0xBD, 0xD9, 0xBD, 0x04, 0x21, 0x70, 0x31, 0xDE, 0x9D, 0x79, 0xF3,
    0xE6, 0xBD, 0xEF, 0x7B, 0xDF, 0x1B, 0x8B, 0x88, 0x6C, 0x6E, 0x62, 0x90, 0xDD, 0x5D, 0x8E, 0x77,
    0xEE, 0x70, 0xEC, 0x3A, 0x0C, 0xB5, 0xB6, 0x22, 0x99, 0xAA, 0x17, 0x29, 0x1F, 0x4E, 0x97, 0x12,
    0x8F, 0x1B, 0x6E, 0x29, 0x69, 0x3F, 0x3B, 0xEB, 0x65, 0xE2, 0xAF, 0xC0, 0x3C, 0x6F, 0x3D, 0xCC,
    0xEB, 0x7B, 0x34, 0xD7, 0xF3, 0xF7, 0x1B, 0x89, 0x35, 0xFD, 0xAE, 0x92, 0x64, 0x74, 0x99, 0x48,
    0x3A, 0x9C, 0xDA, 0xC0, 0xFE, 0x7E, 0xB6, 0x23, 0xE2, 0x7A, 0x9A, 0xBB, 0x25, 0xCD, 0x27, 0x2F,
    0x5A, 0x98, 0x4F, 0x9E, 0xC3, 0x5C, 0x26, 0x7A, 0xBE, 0xE2, 0x08, 0x73, 0x99, 0x0C, 0x30, 0x17,
    0x37, 0xEE, 0xC8, 0x1D, 0x71, 0xBA, 0x3C, 0xD9, 0xF2, 0x6C, 0x2D, 0x24, 0x51, 0x1D, 0x84, 0x23,
    0xE2, 0xC8, 0x3E, 0x1F, 0x61, 0xB3, 0xE1, 0x18, 0xE3, 0xCE, 0x99, 0x97, 0x51, 0x87, 0xE7, 0x5D,
    0x1B, 0xD3, 0x06, 0xDB, 0xF1, 0xE0, 0x97, 0xEE, 0xEF, 0x2D, 0xE9, 0x52, 0x52, 0x64, 0x92, 0x7B,
    0x71, 0x85, 0x44, 0xDA, 0xC8, 0x0C, 0x8E, 0xE0, 0x07, 0xB1, 0xE4, 0x0B, 0x89, 0x2B, 0x9B, 0x13,
    0xA6, 0xCA, 0x71, 0x62, 0x87, 0xCA, 0x97, 0xBA, 0x7F, 0xF3, 0x68, 0x8E, 0x76, 0x7C, 0xCC, 0x0E,
    0x91, 0x28, 0x12, 0x78, 0xBD, 0x1E, 0xE7, 0xC5, 0x7A, 0x0E, 0x47, 0x99, 0x01, 0x50, 0x32, 0xBB,
    0xF6, 0xBF, 0xE6, 0x4E, 0xDA, 0x2B, 0x80, 0xCA, 0xE7, 0x18, 0xFF, 0xA7, 0x0A, 0x27, 0x91, 0x85,
    0x5C, 0xAA, 0x2E, 0x11, 0x7E, 0x7B, 0xB2, 0x11, 0x98, 0x9C, 0x01, 0x28, 0x20, 0x23, 0xC6, 0xB2,
    0x93, 0x69, 0x4F, 0x67, 0xB4, 0x8A, 0x6F, 0xEB, 0xFC, 0x06, 0x70, 0xEF, 0x8E, 0x0E, 0xC9, 0xE9,
    0x2E, 0xE6, 0x4F, 0xAC, 0xF7, 0x72, 0x62, 0xCF, 0x62, 0x9B, 0x16, 0xB2, 0x29, 0x49, 0x27, 0x40,
    0xF7, 0x27, 0xBE, 0xB7, 0x44, 0x06, 0x1E, 0xA6, 0x0D, 0x0F, 0x5B, 0x80, 0x60, 0x38, 0xA3, 0xC7,
    0xCE, 0xD9, 0x36, 0x26, 0x07, 0x3A, 0x64, 0x3E, 0x97, 0xED, 0x5B, 0xE4, 0xBF, 0x60, 0xEC, 0x4E,
    0x8B, 0xC4, 0x48, 0xAA, 0x52, 0x0B, 0xA0, 0x22, 0xFA, 0x1F, 0x69, 0x43, 0xB6, 0x3E, 0xD0, 0x06,
    0x4E, 0xE5, 0x47, 0x6D, 0x40, 0xB2, 0x78, 0x6D, 0x58, 0x14, 0x04, 0xBF, 0x95, 0xF7, 0x0E, 0xF4,
    0xE0, 0xA0, 0x92, 0xB8, 0xD1, 0xCE, 0xD3, 0x6F, 0xED, 0x99, 0x69, 0x51, 0x3F, 0x43, 0xAA, 0xB7,
    0xF7, 0xF5, 0x70, 0xDF, 0x80, 0x24, 0xB5, 0x5B, 0x92, 0x1F, 0x92, 0x4F, 0xEC, 0xC4, 0x6B, 0x26,
    0x39, 0x39, 0x7E, 0x5F, 0xA6, 0x58, 0x92, 0x6F, 0x42, 0xDA, 0x28, 0x38, 0xA2, 0xD8, 0xC9, 0x04,
    0x44, 0x44, 0xAD, 0x38, 0xB8, 0x4C, 0x9F, 0xD8, 0xAB, 0x1E, 0xC4, 0x11, 0x08, 0x99, 0xDF, 0x32,
    0x44, 0x23, 0x0D, 0xB0, 0x27, 0xFD, 0x60, 0x6F, 0xF7, 0x5B, 0xC0, 0xBF, 0x0C, 0x56, 0x49, 0x9F,
    0x17, 0x36, 0xDD, 0xF5, 0x09, 0x7F, 0x94, 0x17, 0xFC, 0x8C, 0xD8, 0xF5, 0xF9, 0xB5, 0xCE, 0xA6,
    0x07, 0x5D, 0x94, 0x0D, 0xA6, 0xFF, 0x18, 0xBF, 0x07, 0xD2, 0x3D, 0xB6, 0x7D, 0xBB, 0x0B, 0x0C,
    0x7C, 0x7E, 0x6E, 0x71, 0x1D, 0xA1, 0x45, 0xBD, 0x6B, 0x25, 0xEA, 0x71, 0x34, 0xFC, 0xE0, 0xFC,
    0xBC, 0x40, 0xB4, 0x79, 0x15, 0xF5, 0x49, 0xCF, 0xE9, 0xCC, 0x67, 0x0B, 0x0C, 0x98, 0x99, 0xB4,
    0x18, 0x80, 0x37, 0xD6, 0x06, 0xCC, 0x1C, 0x1F, 0x6D, 0xBA, 0x79, 0xB0, 0xC0, 0x20, 0x63, 0xEA,
    0x1A, 0xAC, 0x25, 0xE3, 0x57, 0xA5, 0x64, 0x20, 0x7C, 0xA8, 0x7D, 0x0C, 0x02, 0x26, 0xDF, 0x31,
    0xF5, 0xED, 0x79, 0xF5, 0x4E, 0x3C, 0x2F, 0x26, 0xA0, 0x45, 0xEA, 0x0A, 0x05, 0x96, 0x35, 0x60,
    0xB0, 0xEC, 0x12, 0x9F, 0x34, 0x00, 0x20, 0xE9, 0x01, 0x40, 0xD6, 0x47, 0x0A, 0x54, 0x12, 0x15,
    0xC3, 0x5C, 0x9B, 0xD2, 0x43, 0x0E, 0x79, 0x97, 0xF7, 0x0E, 0x75, 0xA0, 0x46, 0xE7, 0x6D, 0xAD,
    0xF5, 0xE9, 0x9F, 0xB0, 0x71, 0xF9, 0xAF, 0x14, 0xE8, 0xCF, 0x17, 0x97, 0x2C, 0xF9, 0xDF, 0x1F,
    0x8C, 0x33, 0x89, 0x6B, 0x3D, 0x50, 0xBD, 0xB1, 0x36, 0x8D, 0xF5, 0x8E, 0x3B, 0x04, 0xC9, 0xBA,
    0x4C, 0x58, 0xCF, 0x79, 0x2F, 0x2C, 0x71, 0x14, 0x1F, 0x0B, 0x1F, 0x25, 0x36, 0xE9, 0x59, 0x5E,
    0x45, 0x3A, 0x5A, 0xC1, 0x47, 0x44, 0x38, 0x6F, 0xA5, 0xAC, 0x08, 0x98, 0x4C, 0x49, 0xAC, 0x67,
    0x7A, 0xAB, 0xE7, 0x84, 0xA9, 0xC5, 0x85, 0x1A, 0x4F, 0xB5, 0x7B, 0xA9, 0x9D, 0x57, 0x24, 0x64,
    0x4B, 0x3A, 0x1A, 0x27, 0x81, 0x31, 0xF3, 0x0E, 0x71, 0x90, 0xB7, 0xA8, 0xFE, 0xA1, 0x37, 0x1F,
    0x4A, 0xF6, 0x90, 0x17, 0x5D, 0x6A, 0xC5, 0x3A, 0x87, 0x75, 0xD9, 0xB1, 0xB1, 0x48, 0x8D, 0x83,
    0x51, 0x17, 0x16, 0xB1, 0x8F, 0xB4, 0x32, 0x90, 0x28, 0xDE, 0xBA, 0x35, 0x59, 0x68, 0xE3, 0xC2,
    0xEB, 0xC3, 0xE1, 0x0D, 0xBE, 0x0E, 0xFB, 0x2B, 0x28, 0x8F, 0xA7, 0x8F, 0x46, 0x4F, 0x9D, 0x38,
    0xEE, 0xAB, 0xFB, 0x09, 0x4F, 0x9D, 0x74, 0xEE, 0x89, 0xFC, 0xEF, 0x63, 0x55, 0x5D, 0x84, 0x57,
    0xA8, 0xB3, 0x7A, 0x30, 0xCD, 0x51, 0x37, 0x91, 0x16, 0x14, 0x63, 0xDD, 0xC4, 0xA3, 0x69, 0x31,
    0x6B, 0x43, 0x16, 0xEB, 0xCE, 0x12, 0xDA, 0x47, 0x90, 0xEA, 0xB6, 0x1E, 0xCC, 0x2B, 0x53, 0xE1,
    0x92, 0xDB, 0xC3, 0xFA, 0x32, 0xC0, 0x50, 0xD8, 0xFA, 0x38, 0xBF, 0x6E, 0x08, 0xF5, 0x6B, 0x61,
    0xAF, 0x01, 0xFA, 0xC7, 0x9F, 0xA9, 0x97, 0x88, 0xC9, 0x15, 0x28, 0x2F, 0xD6, 0x50, 0xC9, 0x16,
    0xD7, 0x9A, 0x5A, 0xEA, 0x10, 0x62, 0x6D, 0x78, 0x6E, 0x43, 0x17, 0xF3, 0x9B, 0x14, 0xEE, 0x20,
    0xF5, 0x13, 0x6E, 0xAF, 0xE4, 0xD4, 0xCA, 0xCD, 0x6C, 0x15, 0x15, 0xFD, 0xA2, 0x23, 0x26, 0x0C,
    0xC6, 0xA1, 0x5A, 0x19, 0x07, 0x28, 0x3F, 0x6B, 0xE7, 0xF4, 0x72, 0x25, 0xE4, 0x10, 0xF9, 0x10,
    0x84, 0x99, 0x49, 0xE9, 0xDD, 0x11, 0x2E, 0xAB, 0xF7, 0x68, 0x19, 0x3F, 0xB4, 0xCC, 0x63, 0xBD,
    0xB6, 0xE2, 0xF6, 0xBC, 0x86, 0xE4, 0x43, 0xDC, 0xD9, 0x18, 0x5B, 0x9A, 0x6E, 0x30, 0xC2, 0x70,
    0x33, 0x84, 0x92, 0xC0, 0x31, 0xD6, 0x1A, 0x01, 0x95, 0xF5, 0x35, 0xE4, 0x5A, 0x7A, 0xBA, 0x5B,
    0x1A, 0x7A, 0x70, 0x5F, 0xE4, 0xB6, 0x11, 0xC9, 0x3D, 0x31, 0xFF, 0x87, 0xB6, 0xBF, 0xF4, 0x6C,
    0x09, 0x68, 0xB2, 0x89, 0x35, 0x7C, 0x63, 0x89, 0xFD, 0xB1, 0x1E, 0xD1, 0x7B, 0xD0, 0xAB, 0x7A,
    0x6B, 0xBD, 0x76, 0x76, 0xA8, 0x11, 0xF6, 0x6D, 0x3D, 0x58, 0x99, 0x56, 0x84, 0x21, 0xB7, 0x73,
    0x1A, 0x43, 0x17, 0xAA, 0xB0, 0xD3, 0x75, 0xAC, 0x02, 0x06, 0x21, 0x66, 0x79, 0xC9, 0xCF, 0x9A,
    0xD3, 0x10, 0xE6, 0xD1, 0xD5, 0xE0, 0x82, 0xE9, 0xAA, 0xE7, 0x67, 0xA1, 0xE8, 0xF3, 0x55, 0xAD,
    0x70, 0x17, 0xFD, 0x19, 0xE0, 0xA1, 0xC7, 0xCA, 0x5D, 0x4B, 0x62, 0x94, 0x70, 0xBF, 0x45, 0xFA,
    0x59, 0x8D, 0x8C, 0xEF, 0xDF, 0x87, 0xD6, 0xFC, 0x2C, 0xEB, 0x92, 0x21, 0xAD, 0x36, 0x81, 0x0C,
    0xEF, 0x4B, 0x02, 0x8D, 0x30, 0xE1, 0xB1, 0x6C, 0xB7, 0x78, 0x12, 0x09, 0xD0, 0x0A, 0xB2, 0x9F,
    0x2C, 0xD2, 0x82, 0xBA, 0xAC, 0x75, 0x99, 0x7B, 0x57, 0x8E, 0x89, 0x46, 0x8F, 0x99, 0xC8, 0x0E,
    0xE1, 0x48, 0x1E, 0x30, 0xB5, 0x5D, 0xF0, 0xA5, 0xD9, 0xC7, 0x23, 0x7E, 0x7A, 0x6D, 0x63, 0xDD,
    0x40, 0xA0, 0xEE, 0xC5, 0x63, 0x64, 0x5E, 0xF6, 0xE8, 0xEE, 0xE1, 0xD6, 0x89, 0xF5, 0x05, 0x83,
    0xB6, 0x40, 0x2D, 0xF0, 0xAD, 0x75, 0xD8, 0x5F, 0x30, 0xDE, 0xC6, 0xBA, 0xF3, 0x6A, 0x8D, 0x56,
    0xF5, 0x92, 0xF5, 0xB4, 0x90, 0x64, 0x91, 0x77, 0x68, 0x70, 0x5A, 0x25, 0xBD, 0xDB, 0x45, 0x45,
    0x5E, 0xE6, 0x67, 0x00, 0x8A, 0x7B, 0x80, 0x75, 0xFE, 0x8C, 0x3D, 0xE7, 0x11, 0x43, 0xBF, 0x1B,
    0x41, 0xC8, 0x15, 0xFA, 0x3B, 0x3B, 0x97, 0xFA, 0xB3, 0x3C, 0xD5, 0x53, 0x3A, 0xC4, 0xAB, 0x0D,
    0xA8, 0xC4, 0x3C, 0x84, 0x57, 0x8A, 0xF8, 0x97, 0xA2, 0xB3, 0xF6, 0xD4, 0xE1, 0xB6, 0x9C, 0xF3,
    0x3A, 0x33, 0xF8, 0x23, 0x1B, 0x09, 0xF3, 0xDB, 0x97, 0xBE, 0x1E, 0x3E, 0x61, 0xFC, 0xEA, 0x5F,
    0xBB, 0xF4, 0xA9, 0xFE, 0x52, 0x58, 0xC3, 0x22, 0x87, 0x5D, 0x28, 0x63, 0xD9, 0xDE, 0x1B, 0x79,
    0xE1, 0xB3, 0x4E, 0xA2, 0x4B, 0x56, 0x5D, 0xD1, 0xAA, 0xFD, 0xC8, 0xCA, 0x62, 0x2D, 0x3D, 0xE3,
    0x32, 0x88, 0x31, 0x30, 0x18, 0x98, 0x0F, 0x82, 0x53, 0x63, 0x58, 0x5F, 0x89, 0x6B, 0x4E, 0x41,
    0x65, 0x0A, 0xEF, 0xFC, 0xB8, 0x58, 0x77, 0x35, 0xDB, 0x83, 0x9A, 0x3B, 0xCE, 0xA2, 0x38, 0x45,
    0x4F, 0xB8, 0x03, 0xA4, 0x3E, 0xEC, 0xD8, 0xC7, 0xBA, 0x75, 0x60, 0x65, 0x1F, 0xF1, 0x9A, 0xBF,
    0xEA, 0x65, 0x5A, 0xFF, 0x85, 0x2B, 0xE0, 0x1A, 0xAF, 0xC0, 0xA0, 0x55, 0xF3, 0x95, 0xD1, 0x57,
    0x4A, 0xF1, 0xBF, 0xF5, 0x1C, 0xB9, 0xBE, 0x79, 0x1A, 0x41, 0x24, 0x0D, 0xA3, 0x5A, 0xD0, 0xC1,
    0xD4, 0x04, 0x8A, 0xFE, 0x76, 0xB0, 0xD7, 0x67, 0x47, 0xCD, 0x28, 0x94, 0xE2, 0x69, 0xAB, 0x40,
    0x2B, 0x52, 0xFB, 0x8A, 0x33, 0x81, 0x1E, 0x33, 0x71, 0x33, 0xFB, 0xE4, 0x90, 0xC6, 0xC3, 0x2E,
    0xC9, 0xBB, 0x70, 0xB1, 0x41, 0xCF, 0xF6, 0x38, 0x65, 0xD8, 0xC0, 0x55, 0x94, 0xDF, 0x6B, 0x7B,
    0x49, 0x17, 0x3B, 0x08, 0x58, 0x93, 0xAB, 0xB8, 0x88, 0xBA, 0xCB, 0xD3, 0x26, 0x19, 0x32, 0x5C,
    0x6A, 0x65, 0xE3, 0xF3, 0xC6, 0x2D, 0x37, 0x52, 0xDC, 0x38, 0xE7, 0x9A, 0x1A, 0xD5, 0x35, 0x73,
    0xCB, 0x74, 0x4C, 0xC0, 0x7A, 0xDD, 0x5C, 0x9E, 0x2C, 0x5C, 0x9F, 0xC5, 0x7A, 0x4E, 0xAB, 0x2E,
    0xF7, 0xB9, 0xDF, 0x4A, 0x34, 0xD5, 0xB8, 0xA1, 0x72, 0xEB, 0xD0, 0x0F, 0xA6, 0x7A, 0x9B, 0x8C,
    0x95, 0x3E, 0xB5, 0x3A, 0xAB, 0x88, 0xBA, 0x0B, 0xF7, 0x0A, 0xAC, 0x10, 0x16, 0x50, 0xE7, 0x12,
    0xE7, 0x96, 0x44, 0x9C, 0x2C, 0xA8, 0x75, 0x47, 0xCA, 0xF8, 0xD6, 0x11, 0x0B, 0x2B, 0xD9, 0x05,
    0xBC, 0xA7, 0x21, 0xF3, 0x3D, 0xDD, 0x37, 0x26, 0xC6, 0x57, 0x94, 0xB8, 0xFE, 0x98, 0x1B, 0xFF,
    0xF5, 0xE1, 0xB6, 0xFA, 0x98, 0x0B, 0x8D, 0x7B, 0xAD, 0xCD, 0xBF, 0x01, 0x75, 0x51, 0x31, 0x4E,
    0xC3, 0x40, 0x10, 0x5C, 0xDB, 0xC0, 0x49, 0xB9, 0xC2, 0xD4, 0xA4, 0xB8, 0x1F, 0x90, 0x0F, 0x10,
    0xE5, 0x9E, 0xC0, 0x37, 0xA8, 0xDC, 0x52, 0x10, 0xD9, 0x4F, 0xF0, 0x13, 0x78, 0x04, 0x05, 0x45,
    0x84, 0xEF, 0x09, 0xEE, 0x69, 0x4E, 0x82, 0x9E, 0x14, 0x29, 0x8C, 0x14, 0x7B, 0xB8, 0xDD, 0x4D,
    0x44, 0x52, 0xE4, 0x8A, 0x19, 0xCB, 0xB3, 0x3B, 0xB7, 0xB3, 0x47, 0x44, 0xB4, 0x00, 0xA6, 0x15,
    0x30, 0xD2, 0xE9, 0x79, 0x13, 0xCC, 0xA3, 0x90, 0x6D, 0x84, 0xEE, 0x55, 0x7A, 0xBF, 0x2C, 0x3D,
    0x0B, 0x66, 0x5B, 0x21, 0x13, 0x84, 0x9C, 0x4A, 0x2F, 0x97, 0xA5, 0x07, 0x25, 0x95, 0x0A, 0x95,
    0xCA, 0x33, 0x69, 0xA7, 0x52, 0xAF, 0x92, 0x17, 0x5A, 0xAA, 0x74, 0x33, 0xE6, 0x18, 0x6A, 0x7C,
    0x42, 0x4F, 0x87, 0x2F, 0xEC, 0x1D, 0xFC, 0x9D, 0xA7, 0x6B, 0x4F, 0x8F, 0x19, 0x7A, 0xDB, 0x38,
    0xC4, 0x35, 0x0D, 0x16, 0xD1, 0x04, 0x73, 0x48, 0x39, 0x6B, 0xE9, 0x35, 0x43, 0xB4, 0xA1, 0xFC,
    0xD9, 0xAD, 0x69, 0x63, 0x10, 0x8B, 0x3E, 0x9F, 0xFE, 0xE3, 0x3F, 0xF1, 0xAC, 0x03, 0x4F, 0xCA,
    0x31, 0x5D, 0xA0, 0x0E, 0x18, 0x28, 0xF9, 0x6F, 0x8F, 0xBF, 0x38, 0xF7, 0x07, 0xEF, 0x21, 0x55,
    0x99, 0x24, 0x34, 0x65, 0x02, 0x4F, 0xEC, 0x9F, 0xF3, 0xB8, 0x96, 0x87, 0x5D, 0xF8, 0xA3, 0xE1,
    0x2D, 0xC3, 0x3C, 0xC8, 0xBA, 0x13, 0x54, 0x68, 0x19, 0x92, 0x49, 0x37, 0xA5, 0x9A, 0x52, 0xAE,
    0xAE, 0x65, 0xA5, 0x95, 0x7C, 0x1B, 0x48, 0xD8, 0x5A, 0xE6, 0xB5, 0x90, 0xDD, 0x6D, 0x4E, 0x1F,
    0x88, 0xAF, 0xDB, 0x53, 0x9D, 0x30, 0x75, 0x5D, 0x49, 0x15, 0xB7, 0x17, 0xD2, 0x67, 0xD9, 0x9E,
    0xE6, 0x07, 0xE4, 0x51, 0x1D, 0x87, 0xA9, 0x46, 0x36, 0xFE, 0xA6, 0x8C, 0x2F, 0x75, 0x5C, 0xB9,
    0xFA, 0x65, 0xAB, 0xF6, 0xEC, 0xE9, 0x39, 0x26, 0x82, 0x3A, 0xFF, 0x01, 0x95, 0x54, 0x3D, 0x8E,
    0xD6, 0x30, 0x10, 0x75, 0x6C, 0x89, 0x20, 0x52, 0x84, 0x1E, 0xA1, 0xDC, 0x80, 0xB4, 0x54, 0x38,
    0x27, 0x62, 0x4F, 0x00, 0x89, 0xC4, 0x05, 0xA8, 0xA9, 0xB6, 0x86, 0x2B, 0x20, 0xC5, 0x12, 0x17,
    0x08, 0x27, 0x20, 0xC5, 0x1E, 0xC0, 0x45, 0x8A, 0xEC, 0x2A, 0xC9, 0x30, 0x9E, 0x37, 0xCE, 0xEE,
    0xC7, 0x82, 0x80, 0x14, 0x5F, 0x46, 0xFE, 0xE2, 0xE7, 0x99, 0xF7, 0x63, 0x63, 0xF0, 0x5C, 0xED,
    0x78, 0x8F, 0x47, 0x4F, 0x2B, 0x2A, 0xA2, 0x61, 0x0C, 0xA9, 0x7A, 0x6F, 0xC6, 0xE8, 0xB6, 0x54,
    0x35, 0xC1, 0xEE, 0xA6, 0x1E, 0xB8, 0x2A, 0x17, 0xE3, 0x83, 0x79, 0x9E, 0x16, 0xC9, 0x94, 0xD8,
    0x61, 0xDA, 0xD9, 0xD0, 0x20, 0x95, 0xDB, 0x4D, 0xB3, 0x28, 0xE2, 0xE4, 0x08, 0x55, 0xBD, 0x19,
    0x1F, 0xA5, 0x22, 0x79, 0x52, 0xF5, 0x6C, 0x3C, 0x3E, 0xD3, 0xDD, 0x75, 0x2A, 0x2D, 0x75, 0xF5,
    0x86, 0x2F, 0xF9, 0x33, 0x0A, 0x00, 0x22, 0x53, 0x2B, 0x7A, 0x3F, 0x17, 0xD4, 0x49, 0x55, 0x1E,
    0xA6, 0x8D, 0xBF, 0x43, 0x9F, 0x51, 0x52, 0x28, 0x75, 0x9C, 0x66, 0x35, 0x98, 0x21, 0xA1, 0x57,
    0x8A, 0xCE, 0x7B, 0x73, 0x9B, 0x8C, 0xAE, 0x6D, 0x7A, 0x46, 0x47, 0xC5, 0x7B, 0x4F, 0xF4, 0xE0,
    0x14, 0x88, 0x9B, 0xF0, 0x41, 0xD1, 0x3B, 0xA7, 0x1D, 0xD5, 0xD1, 0xF4, 0xA8, 0x8A, 0xDD, 0x54,
    0x7A, 0x38, 0x7F, 0x26, 0xE7, 0xD8, 0x98, 0xDA, 0xC4, 0xD2, 0x77, 0x5A, 0xCA, 0x09, 0x07, 0x52,
    0x4F, 0x00, 0xAF, 0x8E, 0xEE, 0xEA, 0xC6, 0xDC, 0x3F, 0x4F, 0xD0, 0x93, 0x25, 0x4C, 0xFE, 0x06,
    0xC3, 0xBA, 0x58, 0x48, 0x07, 0xBE, 0xB3, 0x09, 0xDF, 0xE9, 0x08, 0x8D, 0x36, 0xA8, 0x73, 0xE4,
    0x71, 0x73, 0xDF, 0x0C, 0x51, 0xCA, 0x61, 0x44, 0x9B, 0x72, 0x3C, 0x0B, 0x59, 0x96, 0x74, 0xEA,
    0x0D, 0x8C, 0xF5, 0xB3, 0x10, 0x2B, 0xCB, 0x85, 0xF2, 0x5F, 0xE9, 0xB2, 0x8F, 0xA0, 0x96, 0x82,
    0x2C, 0xF3, 0x34, 0xB2, 0xDC, 0x2E, 0x8E, 0x2A, 0xE1, 0xA6, 0xDE, 0xA3, 0x80, 0x8D, 0x24, 0x04,
    0x39, 0x39, 0xA3, 0x0F, 0xE2, 0x06, 0x9B, 0x55, 0x59, 0x4E, 0x56, 0xE4, 0x39, 0x94, 0x63, 0x69,
    0xF4, 0x15, 0x8F, 0x95, 0xDE, 0x7B, 0xB1, 0xC2, 0x34, 0x8D, 0x8C, 0x53, 0xA9, 0x03, 0xAB, 0xE3,
    0x82, 0x9E, 0x4F, 0x01, 0x7F, 0x92, 0x70, 0xE0, 0xE6, 0x1A, 0xC3, 0x67, 0x53, 0xF9, 0x0E, 0xED,
    0x26, 0x51, 0x66, 0x19, 0xC7, 0xD4, 0xA0, 0x6E, 0x86, 0x99, 0x98, 0xA4, 0x66, 0x55, 0x55, 0x85,
    0xDB, 0xEC, 0x47, 0x66, 0xA9, 0x3C, 0xE0, 0xC5, 0xEB, 0x71, 0x7A, 0xE8, 0x44, 0x1F, 0x0B, 0x39,
    0x84, 0x91, 0xDB, 0x05, 0x1E, 0xC4, 0x21, 0x8C, 0xD5, 0x47, 0x60, 0x55, 0xBB, 0xBA, 0x0F, 0xBA,
    0x51, 0x68, 0x10, 0x95, 0xD5, 0xCA, 0x21, 0xFC, 0xEB, 0xE3, 0x6B, 0xD1, 0xC6, 0xD1, 0x5B, 0xA3,
    0x84, 0x0D, 0xD2, 0x57, 0x45, 0xE9, 0xB4, 0x92, 0xF9, 0xFE, 0x08, 0xAC, 0x4B, 0xCE, 0x8C, 0x72,
    0x68, 0x6A, 0xB5, 0x56, 0x01, 0xF5, 0x33, 0x6D, 0x6E, 0x29, 0x67, 0xF5, 0xD7, 0xAA, 0x1E, 0x57,
    0xC6, 0x2E, 0x98, 0xFB, 0x97, 0x78, 0xDB, 0x07, 0xF1, 0x0E, 0xBF, 0xC6, 0xBB, 0xFA, 0x9F, 0x78,
    0xDB, 0x90, 0xE3, 0x7D, 0x5A, 0xEF, 0xEE, 0x4B, 0x62, 0x02, 0xA4, 0x0A, 0xE1, 0x12, 0x6F, 0x77,
    0x9C, 0xF1, 0xEE, 0xA7, 0x1C, 0x6F, 0x38, 0x6D, 0x3F, 0x23, 0x2A, 0xE8, 0x42, 0xBD, 0xC4, 0x3B,
    0x1B, 0x32, 0xD1, 0x3F, 0xE7, 0x78, 0x8B, 0x00, 0x88, 0x37, 0x7D, 0x1B, 0x34, 0xDE, 0xCD, 0x11,
    0x35, 0xDE, 0x56, 0xFC, 0x22, 0xF1, 0xF6, 0x47, 0x46, 0xB7, 0xC7, 0x9F, 0xE3, 0x6D, 0xCE, 0x78,
    0xCF, 0x67, 0xBC, 0x37, 0x8D, 0xF7, 0x53, 0xE3, 0x27, 0xC4, 0xDB, 0xC5, 0x92, 0xEE, 0xE3, 0xBD,
    0xFE, 0x35, 0xDE, 0x49, 0x84, 0xDB, 0x17, 0x2A, 0xD3, 0x2D, 0xB3, 0xA3, 0x56, 0x27, 0xCE, 0x8D,
    0xEC, 0x6D, 0x86, 0x76, 0x53, 0x53, 0x89, 0x0E, 0x6A, 0xA3, 0x29, 0x09, 0xB0, 0x67, 0x63, 0x0F,
    0x60, 0x80, 0x15, 0xC9, 0xAE, 0x86, 0x14, 0xFD, 0x74, 0x72, 0x80, 0x34, 0x30, 0xBF, 0x9A, 0x72,
    0x2F, 0x5A, 0x64, 0x83, 0xB3, 0x1A, 0x1F, 0x00, 0xB1, 0x9F, 0xB7, 0x2C, 0xBE, 0x14, 0x42, 0xA1,
    0x4B, 0xF6, 0x7A, 0x16, 0x24, 0x9D, 0x30, 0x06, 0x81, 0xC0, 0x3E, 0x58, 0x1B, 0xE2, 0x65, 0xDB,
    0x67, 0x4D, 0x70, 0x9D, 0x00, 0xA2, 0x4D, 0xFB, 0xEA, 0xED, 0x25, 0x6E, 0x15, 0x3F, 0x97, 0x39,
    0x01, 0x49, 0x96, 0x1D, 0x17, 0x18, 0xDB, 0x1F, 0x65, 0x9F, 0x6E, 0xA7, 0xE6, 0x26, 0xDF, 0xD0,
    0xDD, 0x23, 0x65, 0xF8, 0xF2, 0xCB, 0x49, 0xE0, 0x7B, 0xA4, 0xD4, 0xBB, 0x8E, 0x35, 0xB2, 0x10,
    0xEC, 0x5E, 0x1C, 0x36, 0x31, 0xD3, 0xF7, 0x55, 0xBD, 0xDA, 0xD0, 0xF0, 0x4E, 0xB5, 0xA5, 0x1F,
    0xB4, 0x99, 0x47, 0xFA, 0xFC, 0x04,
};

static const EpdGlyph newsreader_18_bolditalicGlyphs[] = {
    { 0, 0, 8, 0, 0, 0, 0 }, // U+0020
    { 14, 26, 10, 0, 26, 91, 0 }, // !
    { 15, 10, 15, 4, 25, 38, 91 }, // "
    { 23, 26, 23, 1, 26, 150, 129 }, // #
    { 22, 33, 23, 2, 29, 182, 279 }, // $
    { 29, 26, 32, 3, 26, 189, 461 }, // %
    { 28, 26, 26, 0, 26, 182, 650 }, // &
    { 8, 10, 8, 4, 25, 20, 832 }, // '
    { 14, 33, 10, 1, 27, 116, 852 }, // (
    { 14, 33, 10, -3, 27, 116, 968 }, // )
    { 13, 14, 16, 5, 27, 46, 1084 }, // *
    { 16, 15, 19, 1, 16, 60, 1130 }, // +
    { 10, 13, 9, -3, 6, 33, 1190 }, // ,
    { 11, 3, 13, 1, 10, 9, 1223 }, // -
    { 7, 6, 9, 0, 6, 11, 1232 }, // .
    { 21, 26, 15, -2, 26, 137, 1243 }, // /
    { 22, 26, 23, 2, 26, 143, 1380 }, // 0
    { 20, 26, 23, 2, 26, 130, 1523 }, // 1
    { 22, 27, 23, 0, 26, 149, 1653 }, // 2
    { 21, 26, 23, 1, 26, 137, 1802 }, // 3
    { 24, 26, 23, 0, 26, 156, 1939 }, // 4
    { 23, 27, 23, 1, 27, 156, 2095 }, // 5
    { 22, 28, 23, 2, 28, 154, 2251 }, // 6
    { 22, 26, 24, 5, 26, 143, 2405 }, // 7
    { 22, 26, 23, 1, 26, 143, 2548 }, // 8
    { 21, 27, 23, 2, 26, 142, 2691 }, // 9
    { 10, 17, 10, 0, 17, 43, 2833 }, // :
    { 13, 24, 10, -3, 17, 78, 2876 }, // ;
    { 21, 18, 19, 0, 17, 95, 2954 }, // <
    { 17, 9, 19, 1, 13, 39, 3049 }, // =
    { 21, 18, 19, -2, 17, 95, 3088 }, // >
    { 16, 26, 18, 3, 26, 104, 3183 }, // ?
    { 34, 32, 34, 1, 26, 272, 3287 }, // @
    { 29, 26, 27, -3, 26, 189, 3559 }, // A
    { 28, 25, 25, -2, 25, 175, 3748 }, // B
    { 26, 27, 26, 2, 27, 176, 3923 }, // C
    { 31, 25, 28, -2, 25, 194, 4099 }, // D
    { 29, 29, 24, -2, 27, 211, 4293 }, // E
    { 28, 27, 22, -2, 27, 189, 4504 }, // F
    { 27, 27, 28, 2, 27, 183, 4693 }, // G
    { 36, 26, 30, -2, 26, 234, 4876 }, // H
    { 20, 26, 13, -2, 26, 130, 5110 }, // I
    { 23, 26, 17, -2, 26, 150, 5240 }, // J
    { 34, 26, 27, -2, 26, 221, 5390 }, // K
    { 25, 28, 23, -2, 26, 175, 5611 }, // L
    { 42, 26, 36, -2, 26, 273, 5786 }, // M
    { 33, 26, 27, -1, 26, 215, 6059 }, // N
    { 27, 26, 28, 2, 26, 176, 6274 }, // O
    { 28, 25, 23, -2, 25, 175, 6450 }, // P
    { 27, 34, 28, 2, 26, 230, 6625 }, // Q
    { 28, 25, 25, -2, 25, 175, 6855 }, // R
    { 22, 27, 21, 1, 27, 149, 7030 }, // S
    { 26, 27, 25, 3, 27, 176, 7179 }, // T
    { 31, 26, 28, 2, 26, 202, 7355 }, // U
    { 28, 26, 26, 4, 26, 182, 7557 }, // V
    { 38, 26, 37, 4, 26, 247, 7739 }, // W
    { 34, 26, 27, -3, 26, 221, 7986 }, // X
    { 27, 26, 26, 4, 26, 176, 8207 }, // Y
    { 28, 28, 24, -1, 27, 196, 8383 }, // Z
    { 18, 31, 11, -1, 26, 140, 8579 }, // [
    { 5, 26, 14, 6, 26, 33, 8719 }, // <backslash>
    { 18, 31, 11, -4, 26, 140, 8752 }, // ]
    { 15, 14, 19, 3, 25, 53, 8892 }, // ^
    { 16, 2, 15, -5, -4, 8, 8945 }, // _
    { 6, 6, 19, 8, 25, 9, 8953 }, // `
    { 20, 17, 20, 0, 17, 85, 8962 }, // a
    { 18, 27, 19, 1, 27, 122, 9047 }, // b
    { 16, 17, 15, 0, 17, 68, 9169 }, // c
    { 23, 27, 20, 0, 27, 156, 9237 }, // d
    { 16, 17, 16, 0, 17, 68, 9393 }, // e
    { 31, 37, 13, -8, 27, 287, 9461 }, // f
    { 24, 27, 17, -3, 17, 162, 9748 }, // g
    { 21, 27, 20, -1, 27, 142, 9910 }, // h
    { 14, 27, 12, 0, 27, 95, 10052 }, // i
    { 23, 37, 11, -9, 27, 213, 10147 }, // j
    { 22, 27, 20, -1, 27, 149, 10360 }, // k
    { 14, 27, 11, 0, 27, 95, 10509 }, // l
    { 31, 17, 31, 0, 17, 132, 10604 }, // m
    { 22, 17, 22, 0, 17, 94, 10736 }, // n
    { 18, 17, 18, 0, 17, 77, 10830 }, // o
    { 25, 27, 21, -4, 17, 169, 10907 }, // p
    { 20, 27, 19, 0, 17, 135, 11076 }, // q
    { 19, 17, 17, 0, 17, 81, 11211 }, // r
    { 15, 17, 14, -1, 17, 64, 11292 }, // s
    { 13, 21, 13, 2, 21, 69, 11356 }, // t
    { 21, 17, 21, 0, 17, 90, 11425 }, // u
    { 19, 17, 19, 0, 17, 81, 11515 }, // v
    { 28, 17, 28, 0, 17, 119, 11596 }, // w
    { 23, 17, 19, -2, 17, 98, 11715 }, // x
    { 22, 27, 19, -3, 17, 149, 11813 }, // y
    { 19, 19, 16, -1, 18, 91, 11962 }, // z
    { 15, 33, 11, 1, 27, 124, 12053 }, // {
    { 15, 38, 9, -3, 28, 143, 12177 }, // |
    { 16, 33, 11, -4, 27, 132, 12320 }, // }
    { 17, 5, 19, 1, 11, 22, 12452 }, // ~
    { 0, 0, 8, 0, 0, 0, 0 }, // U+00A0
    { 14, 27, 10, -4, 17, 95, 0 }, // U+00A1
    { 19, 26, 23, 4, 26, 124, 95 }, // U+00A2
    { 23, 27, 23, 0, 26, 156, 219 }, // U+00A3
    { 15, 14, 17, 1, 15, 53, 375 }, // U+00A4
    { 26, 26, 23, 3, 26, 169, 428 }, // U+00A5
    { 15, 38, 9, -3, 28, 143, 597 }, // U+00A6
    { 22, 31, 21, 0, 26, 171, 740 }, // U+00A7
    { 13, 5, 19, 7, 25, 17, 911 }, // U+00A8
    { 28, 26, 31, 3, 26, 182, 928 }, // U+00A9
    { 18, 17, 18, 2, 26, 77, 1110 }, // U+00AA
    { 20, 17, 18, 0, 17, 85, 1187 }, // U+00AB
    { 16, 9, 19, 2, 12, 36, 1272 }, // U+00AC
    { 11, 3, 13, 1, 10, 9, 1308 }, // U+00AD
    { 18, 17, 21, 4, 26, 77, 1317 }, // U+00AE
    { 11, 3, 19, 8, 24, 9, 1394 }, // U+00AF
    { 13, 12, 14, 4, 26, 39, 1403 }, // U+00B0
    { 19, 17, 19, -1, 17, 81, 1442 }, // U+00B1
    { 14, 16, 13, 2, 26, 56, 1523 }, // U+00B2
    { 13, 15, 12, 2, 26, 49, 1579 }, // U+00B3
    { 10, 7, 19, 11, 26, 18, 1628 }, // U+00B4
    { 24, 26, 22, -3, 16, 156, 1646 }, // U+00B5
    { 24, 30, 23, 3, 25, 180, 1802 }, // U+00B6
    { 7, 6, 9, 1, 11, 11, 1982 }, // U+00B7
    { 9, 11, 19, 0, 1, 25, 1993 }, // U+00B8
    { 11, 15, 10, 2, 26, 42, 2018 }, // U+00B9
    { 17, 17, 17, 2, 26, 73, 2060 }, // U+00BA
    { 19, 17, 19, -1, 17, 81, 2133 }, // U+00BB
    { 27, 26, 31, 3, 26, 176, 2214 }, // U+00BC
    { 27, 27, 32, 3, 26, 183, 2390 }, // U+00BD
    { 29, 26, 31, 2, 26, 189, 2573 }, // U+00BE
    { 17, 27, 18, -1, 17, 115, 2762 }, // U+00BF
    { 29, 33, 27, -3, 33, 240, 2877 }, // U+00C0
    { 30, 33, 27, -3, 33, 248, 3117 }, // U+00C1
    { 29, 33, 27, -3, 33, 240, 3365 }, // U+00C2
    { 29, 33, 27, -3, 33, 240, 3605 }, // U+00C3
    { 29, 33, 27, -3, 33, 240, 3845 }, // U+00C4
    { 29, 34, 27, -3, 34, 247, 4085 }, // U+00C5
    { 43, 29, 37, -3, 27, 312, 4332 }, // U+00C6
    { 26, 37, 26, 2, 27, 241, 4644 }, // U+00C7
    { 29, 35, 24, -2, 33, 254, 4885 }, // U+00C8
    { 29, 35, 24, -2, 33, 254, 5139 }, // U+00C9
    { 29, 35, 24, -2, 33, 254, 5393 }, // U+00CA
    { 29, 35, 24, -2, 33, 254, 5647 }, // U+00CB
    { 20, 33, 13, -2, 33, 165, 5901 }, // U+00CC
    { 23, 33, 13, -2, 33, 190, 6066 }, // U+00CD
    { 21, 33, 13, -2, 33, 174, 6256 }, // U+00CE
    { 22, 33, 13, -2, 33, 182, 6430 }, // U+00CF
    { 31, 25, 28, -2, 25, 194, 6612 }, // U+00D0
    { 33, 33, 27, -1, 33, 273, 6806 }, // U+00D1
    { 27, 33, 28, 2, 33, 223, 7079 }, // U+00D2
    { 27, 33, 28, 2, 33, 223, 7302 }, // U+00D3
    { 27, 33, 28, 2, 33, 223, 7525 }, // U+00D4
    { 27, 33, 28, 2, 33, 223, 7748 }, // U+00D5
    { 27, 33, 28, 2, 33, 223, 7971 }, // U+00D6
    { 17, 14, 19, 1, 15, 60, 8194 }, // U+00D7
    { 34, 26, 29, -1, 26, 221, 8254 }, // U+00D8
    { 31, 33, 28, 2, 33, 256, 8475 }, // U+00D9
    { 31, 33, 28, 2, 33, 256, 8731 }, // U+00DA
    { 31, 33, 28, 2, 33, 256, 8987 }, // U+00DB
    { 31, 33, 28, 2, 33, 256, 9243 }, // U+00DC
    { 27, 33, 26, 4, 33, 223, 9499 }, // U+00DD
    { 27, 26, 24, -2, 26, 176, 9722 }, // U+00DE
    { 32, 37, 24, -8, 27, 296, 9898 }, // U+00DF
    { 20, 26, 20, 0, 26, 130, 10194 }, // U+00E0
    { 22, 26, 20, 0, 26, 143, 10324 }, // U+00E1
    { 20, 26, 20, 0, 26, 130, 10467 }, // U+00E2
    { 21, 26, 20, 0, 26, 137, 10597 }, // U+00E3
    { 21, 25, 20, 0, 25, 132, 10734 }, // U+00E4
    { 20, 27, 20, 0, 27, 135, 10866 }, // U+00E5
    { 28, 17, 27, 0, 17, 119, 11001 }, // U+00E6
    { 16, 27, 15, 0, 17, 108, 11120 }, // U+00E7
    { 16, 26, 16, 0, 26, 104, 11228 }, // U+00E8
    { 20, 26, 16, 0, 26, 130, 11332 }, // U+00E9
    { 17, 26, 16, 0, 26, 111, 11462 }, // U+00EA
    { 19, 25, 16, 0, 25, 119, 11573 }, // U+00EB
    { 12, 26, 12, 0, 26, 78, 11692 }, // U+00EC
    { 18, 26, 12, 0, 26, 117, 11770 }, // U+00ED
    { 15, 26, 12, 0, 26, 98, 11887 }, // U+00EE
    { 17, 25, 12, 0, 25, 107, 11985 }, // U+00EF
    { 20, 28, 18, 0, 28, 140, 12092 }, // U+00F0
    { 22, 26, 22, 0, 26, 143, 12232 }, // U+00F1
    { 18, 26, 18, 0, 26, 117, 12375 }, // U+00F2
    { 21, 26, 18, 0, 26, 137, 12492 }, // U+00F3
    { 18, 26, 18, 0, 26, 117, 12629 }, // U+00F4
    { 20, 26, 18, 0, 26, 130, 12746 }, // U+00F5
    { 20, 25, 18, 0, 25, 125, 12876 }, // U+00F6
    { 16, 17, 19, 1, 17, 68, 13001 }, // U+00F7
    { 23, 17, 19, -2, 17, 98, 13069 }, // U+00F8
    { 21, 26, 21, 0, 26, 137, 13167 }, // U+00F9
    { 22, 26, 21, 0, 26, 143, 13304 }, // U+00FA
    { 21, 26, 21, 0, 26, 137, 13447 }, // U+00FB
    { 21, 25, 21, 0, 25, 132, 13584 }, // U+00FC
    { 23, 36, 19, -3, 26, 207, 13716 }, // U+00FD
    { 24, 37, 19, -5, 27, 222, 13923 }, // U+00FE
    { 22, 35, 19, -3, 25, 193, 14145 }, // U+00FF
    { 29, 32, 27, -3, 32, 232, 0 }, // U+0100
    { 20, 24, 20, 0, 24, 120, 232 }, // U+0101
    { 29, 33, 27, -3, 33, 240, 352 }, // U+0102
    { 21, 26, 20, 0, 26, 137, 592 }, // U+0103
    { 29, 36, 27, -3, 26, 261, 729 }, // U+0104
    { 20, 27, 20, 0, 17, 135, 990 }, // U+0105
    { 26, 33, 26, 2, 33, 215, 1125 }, // U+0106
    { 20, 26, 15, 0, 26, 130, 1340 }, // U+0107
    { 26, 33, 26, 2, 33, 215, 1470 }, // U+0108
    { 17, 26, 15, 0, 26, 111, 1685 }, // U+0109
    { 26, 33, 26, 2, 33, 215, 1796 }, // U+010A
    { 16, 25, 15, 0, 25, 100, 2011 }, // U+010B
    { 26, 33, 26, 2, 33, 215, 2111 }, // U+010C
    { 19, 26, 15, 0, 26, 124, 2326 }, // U+010D
    { 31, 33, 28, -2, 33, 256, 2450 }, // U+010E
    { 31, 27, 21, 0, 27, 210, 2706 }, // U+010F
    { 31, 25, 28, -2, 25, 194, 2916 }, // U+0110
    { 25, 27, 20, 0, 27, 169, 3110 }, // U+0111
    { 29, 34, 24, -2, 32, 247, 3279 }, // U+0112
    { 18, 24, 16, 0, 24, 108, 3526 }, // U+0113
    { 29, 35, 24, -2, 33, 254, 3634 }, // U+0114
    { 19, 26, 16, 0, 26, 124, 3888 }, // U+0115
    { 29, 35, 24, -2, 33, 254, 4012 }, // U+0116
    { 16, 25, 16, 0, 25, 100, 4266 }, // U+0117
    { 29, 37, 24, -2, 27, 269, 4366 }, // U+0118
    { 16, 27, 16, 0, 17, 108, 4635 }, // U+0119
    { 29, 35, 24, -2, 33, 254, 4743 }, // U+011A
    { 19, 26, 16, 0, 26, 124, 4997 }, // U+011B
    { 27, 33, 28, 2, 33, 223, 5121 }, // U+011C
    { 24, 36, 17, -3, 26, 216, 5344 }, // U+011D
    { 27, 33, 28, 2, 33, 223, 5560 }, // U+011E
    { 24, 36, 17, -3, 26, 216, 5783 }, // U+011F
    { 27, 33, 28, 2, 33, 223, 5999 }, // U+0120
    { 24, 35, 17, -3, 25, 210, 6222 }, // U+0121
    { 27, 34, 28, 2, 34, 230, 6432 }, // U+0122
    { 24, 37, 17, -3, 27, 222, 6662 }, // U+0123
    { 36, 33, 30, -2, 33, 297, 6884 }, // U+0124
    { 22, 34, 20, -1, 34, 187, 7181 }, // U+0125
    { 36, 26, 30, -2, 26, 234, 7368 }, // U+0126
    { 21, 27, 20, -1, 27, 142, 7602 }, // U+0127
    { 22, 33, 13, -2, 33, 182, 7744 }, // U+0128
    { 17, 26, 12, 0, 26, 111, 7926 }, // U+0129
    { 21, 32, 13, -2, 32, 168, 8037 }, // U+012A
    { 16, 24, 12, 0, 24, 96, 8205 }, // U+012B
    { 22, 33, 13, -2, 33, 182, 8301 }, // U+012C
    { 17, 26, 12, 0, 26, 111, 8483 }, // U+012D
    { 20, 36, 13, -2, 26, 180, 8594 }, // U+012E
    { 15, 37, 12, -1, 27, 139, 8774 }, // U+012F
    { 20, 33, 13, -2, 33, 165, 8913 }, // U+0130
    { 12, 17, 12, 0, 17, 51, 9078 }, // U+0131
    { 24, 33, 17, -2, 33, 198, 9129 }, // U+0134
    { 24, 36, 11, -9, 26, 216, 9327 }, // U+0135
    { 34, 36, 27, -2, 26, 306, 9543 }, // U+0136
    { 22, 37, 20, -1, 27, 204, 9849 }, // U+0137
    { 23, 17, 22, 0, 17, 98, 10053 }, // U+0138
    { 25, 35, 23, -2, 33, 219, 10151 }, // U+0139
    { 19, 34, 11, 0, 34, 162, 10370 }, // U+013A
    { 25, 36, 23, -2, 26, 225, 10532 }, // U+013B
    { 17, 37, 11, -3, 27, 158, 10757 }, // U+013C
    { 28, 28, 23, -2, 26, 196, 10915 }, // U+013D
    { 21, 27, 12, 0, 27, 142, 11111 }, // U+013E
    { 25, 28, 23, -2, 26, 175, 11253 }, // U+013F
    { 16, 27, 14, 0, 27, 108, 11428 }, // U+0140
    { 24, 28, 23, -1, 26, 168, 11536 }, // U+0141
    { 15, 27, 13, 0, 27, 102, 11704 }, // U+0142
    { 33, 33, 27, -1, 33, 273, 11806 }, // U+0143
    { 23, 26, 22, 0, 26, 150, 12079 }, // U+0144
    { 33, 36, 27, -1, 26, 297, 12229 }, // U+0145
    { 22, 27, 22, 0, 17, 149, 12526 }, // U+0146
    { 33, 33, 27, -1, 33, 273, 12675 }, // U+0147
    { 22, 26, 22, 0, 26, 143, 12948 }, // U+0148
    { 33, 36, 27, -1, 26, 297, 13091 }, // U+014A
    { 21, 27, 21, 0, 17, 142, 13388 }, // U+014B
    { 27, 32, 28, 2, 32, 216, 13530 }, // U+014C
    { 19, 24, 18, 0, 24, 114, 13746 }, // U+014D
    { 27, 33, 28, 2, 33, 223, 13860 }, // U+014E
    { 20, 26, 18, 0, 26, 130, 14083 }, // U+014F
    { 28, 33, 28, 2, 33, 231, 14213 }, // U+0150
    { 23, 26, 18, 0, 26, 150, 14444 }, // U+0151
    { 39, 29, 38, 2, 27, 283, 14594 }, // U+0152
    { 27, 17, 27, 0, 17, 115, 14877 }, // U+0153
    { 28, 33, 25, -2, 33, 231, 14992 }, // U+0154
    { 20, 26, 17, 0, 26, 130, 15223 }, // U+0155
    { 28, 35, 25, -2, 25, 245, 15353 }, // U+0156
    { 20, 27, 17, -1, 17, 135, 15598 }, // U+0157
    { 28, 33, 25, -2, 33, 231, 15733 }, // U+0158
    { 20, 26, 17, 0, 26, 130, 15964 }, // U+0159
    { 22, 33, 21, 1, 33, 182, 16094 }, // U+015A
    { 19, 26, 14, -1, 26, 124, 16276 }, // U+015B
    { 22, 33, 21, 1, 33, 182, 16400 }, // U+015C
    { 17, 26, 14, -1, 26, 111, 16582 }, // U+015D
    { 22, 37, 21, 1, 27, 204, 16693 }, // U+015E
    { 15, 27, 14, -1, 17, 102, 16897 }, // U+015F
    { 22, 33, 21, 1, 33, 182, 16999 }, // U+0160
    { 18, 26, 14, -1, 26, 117, 17181 }, // U+0161
    { 26, 37, 25, 3, 27, 241, 17298 }, // U+0162
    { 16, 31, 13, -1, 21, 124, 17539 }, // U+0163
    { 26, 33, 25, 3, 33, 215, 17663 }, // U+0164
    { 19, 26, 13, 2, 26, 124, 17878 }, // U+0165
    { 26, 27, 25, 3, 27, 176, 18002 }, // U+0166
    { 14, 21, 14, 1, 21, 74, 18178 }, // U+0167
    { 31, 33, 28, 2, 33, 256, 18252 }, // U+0168
    { 21, 26, 21, 0, 26, 137, 18508 }, // U+0169
    { 31, 32, 28, 2, 32, 248, 18645 }, // U+016A
    { 21, 24, 21, 0, 24, 126, 18893 }, // U+016B
    { 31, 33, 28, 2, 33, 256, 19019 }, // U+016C
    { 21, 26, 21, 0, 26, 137, 19275 }, // U+016D
    { 31, 34, 28, 2, 34, 264, 19412 }, // U+016E
    { 21, 27, 21, 0, 27, 142, 19676 }, // U+016F
    { 31, 33, 28, 2, 33, 256, 19818 }, // U+0170
    { 24, 26, 21, 0, 26, 156, 20074 }, // U+0171
    { 31, 36, 28, 2, 26, 279, 20230 }, // U+0172
    { 21, 27, 21, 0, 17, 142, 20509 }, // U+0173
    { 38, 33, 37, 4, 33, 314, 20651 }, // U+0174
    { 28, 26, 28, 0, 26, 182, 20965 }, // U+0175
    { 27, 33, 26, 4, 33, 223, 21147 }, // U+0176
    { 22, 36, 19, -3, 26, 198, 21370 }, // U+0177
    { 27, 33, 26, 4, 33, 223, 21568 }, // U+0178
    { 28, 34, 24, -1, 33, 238, 21791 }, // U+0179
    { 20, 27, 16, -1, 26, 135, 22029 }, // U+017A
    { 28, 34, 24, -1, 33, 238, 22164 }, // U+017B
    { 19, 26, 16, -1, 25, 124, 22402 }, // U+017C
    { 28, 34, 24, -1, 33, 238, 22526 }, // U+017D
    { 20, 27, 16, -1, 26, 135, 22764 }, // U+017E
    { 30, 31, 28, 2, 31, 233, 0 }, // U+01A0
    { 22, 22, 19, 0, 22, 121, 233 }, // U+01A1
    { 34, 31, 28, 2, 31, 264, 354 }, // U+01AF
    { 26, 22, 22, 0, 22, 143, 618 }, // U+01B0
    { 56, 34, 50, -2, 33, 476, 761 }, // U+01C4
    { 48, 26, 43, -2, 25, 312, 1237 }, // U+01C5
    { 39, 27, 37, 0, 27, 264, 1549 }, // U+01C6
    { 46, 27, 40, -2, 26, 311, 1813 }, // U+01C7
    { 39, 37, 34, -2, 27, 361, 2124 }, // U+01C8
    { 25, 37, 22, 0, 27, 232, 2485 }, // U+01C9
    { 49, 26, 43, -1, 26, 319, 2717 }, // U+01CA
    { 42, 37, 38, -1, 27, 389, 3036 }, // U+01CB
    { 36, 37, 33, 0, 27, 333, 3425 }, // U+01CC
    { 27, 33, 28, 2, 33, 223, 3758 }, // U+01E6
    { 24, 36, 17, -3, 26, 216, 3981 }, // U+01E7
    { 27, 36, 28, 2, 26, 243, 4197 }, // U+01EA
    { 18, 27, 18, 0, 17, 122, 4440 }, // U+01EB
    { 32, 40, 27, -3, 40, 320, 4562 }, // U+01FA
    { 25, 35, 20, 0, 35, 219, 4882 }, // U+01FB
    { 43, 35, 37, -3, 33, 377, 5101 }, // U+01FC
    { 28, 26, 27, 0, 26, 182, 5478 }, // U+01FD
    { 34, 33, 29, -1, 33, 281, 5660 }, // U+01FE
    { 23, 26, 19, -2, 26, 150, 5941 }, // U+01FF
    { 29, 33, 27, -3, 33, 240, 6091 }, // U+0200
    { 20, 26, 20, 0, 26, 130, 6331 }, // U+0201
    { 29, 33, 27, -3, 33, 240, 6461 }, // U+0202
    { 20, 26, 20, 0, 26, 130, 6701 }, // U+0203
    { 29, 35, 24, -2, 33, 254, 6831 }, // U+0204
    { 16, 26, 16, 0, 26, 104, 7085 }, // U+0205
    { 29, 35, 24, -2, 33, 254, 7189 }, // U+0206
    { 17, 26, 16, 0, 26, 111, 7443 }, // U+0207
    { 20, 33, 13, -2, 33, 165, 7554 }, // U+0208
    { 14, 26, 12, 0, 26, 91, 7719 }, // U+0209
    { 20, 33, 13, -2, 33, 165, 7810 }, // U+020A
    { 15, 26, 12, 0, 26, 98, 7975 }, // U+020B
    { 27, 33, 28, 2, 33, 223, 8073 }, // U+020C
    { 18, 26, 18, 0, 26, 117, 8296 }, // U+020D
    { 27, 33, 28, 2, 33, 223, 8413 }, // U+020E
    { 19, 26, 18, 0, 26, 124, 8636 }, // U+020F
    { 28, 33, 25, -2, 33, 231, 8760 }, // U+0210
    { 19, 25, 17, 0, 25, 119, 8991 }, // U+0211
    { 28, 33, 25, -2, 33, 231, 9110 }, // U+0212
    { 19, 26, 17, 0, 26, 124, 9341 }, // U+0213
    { 31, 33, 28, 2, 33, 256, 9465 }, // U+0214
    { 21, 26, 21, 0, 26, 137, 9721 }, // U+0215
    { 31, 33, 28, 2, 33, 256, 9858 }, // U+0216
    { 21, 26, 21, 0, 26, 137, 10114 }, // U+0217
    { 22, 37, 21, 1, 27, 204, 10251 }, // U+0218
    { 15, 27, 14, -1, 17, 102, 10455 }, // U+0219
    { 26, 37, 25, 3, 27, 241, 10557 }, // U+021A
    { 15, 31, 13, 0, 21, 117, 10798 }, // U+021B
    { 7, 6, 0, -2, 25, 11, 0 }, // U+0300
    { 10, 7, 0, 2, 26, 18, 11 }, // U+0301
    { 12, 7, 0, -3, 26, 21, 29 }, // U+0302
    { 13, 6, 0, -2, 25, 20, 50 }, // U+0303
    { 11, 3, 0, -1, 24, 9, 70 }, // U+0304
    { 12, 7, 0, -1, 26, 21, 79 }, // U+0306
    { 6, 5, 0, 1, 25, 8, 100 }, // U+0307
    { 13, 5, 0, -2, 25, 17, 108 }, // U+0308
    { 8, 8, 0, 1, 26, 16, 125 }, // U+0309
    { 8, 7, 0, 0, 26, 14, 141 }, // U+030A
    { 15, 6, 0, -1, 25, 23, 155 }, // U+030B
    { 12, 7, 0, -1, 26, 21, 178 }, // U+030C
    { 12, 6, 0, -4, 25, 18, 199 }, // U+030F
    { 12, 7, 0, -2, 26, 21, 217 }, // U+0311
    { 7, 8, 0, 1, 27, 14, 238 }, // U+0312
    { 9, 7, 0, 1, 22, 16, 252 }, // U+031B
    { 6, 5, 0, -7, -2, 8, 268 }, // U+0323
    { 14, 5, 0, -11, -2, 18, 276 }, // U+0324
    { 7, 8, 0, -8, -2, 14, 294 }, // U+0326
    { 9, 11, 0, -9, 1, 25, 308 }, // U+0327
    { 8, 11, 0, -12, 1, 22, 333 }, // U+0328
    { 12, 7, 0, -9, -1, 21, 355 }, // U+032E
    { 12, 3, 0, -10, -3, 9, 376 }, // U+0331
    { 15, 2, 0, -4, 21, 8, 385 }, // U+0335
    { 29, 33, 27, -3, 26, 240, 0 }, // U+1EA0
    { 20, 24, 20, 0, 17, 120, 240 }, // U+1EA1
    { 29, 34, 27, -3, 34, 247, 360 }, // U+1EA2
    { 20, 26, 20, 0, 26, 130, 607 }, // U+1EA3
    { 36, 35, 27, -3, 35, 315, 737 }, // U+1EA4
    { 28, 29, 20, 0, 29, 203, 1052 }, // U+1EA5
    { 29, 35, 27, -3, 35, 254, 1255 }, // U+1EA6
    { 20, 28, 20, 0, 28, 140, 1509 }, // U+1EA7
    { 34, 37, 27, -3, 37, 315, 1649 }, // U+1EA8
    { 26, 31, 20, 0, 31, 202, 1964 }, // U+1EA9
    { 29, 35, 27, -3, 35, 254, 2166 }, // U+1EAA
    { 21, 29, 20, 0, 29, 153, 2420 }, // U+1EAB
    { 29, 40, 27, -3, 33, 290, 2573 }, // U+1EAC
    { 20, 33, 20, 0, 26, 165, 2863 }, // U+1EAD
    { 29, 35, 27, -3, 35, 254, 3028 }, // U+1EAE
    { 22, 29, 20, 0, 29, 160, 3282 }, // U+1EAF
    { 29, 35, 27, -3, 35, 254, 3442 }, // U+1EB0
    { 20, 28, 20, 0, 28, 140, 3696 }, // U+1EB1
    { 29, 36, 27, -3, 36, 261, 3836 }, // U+1EB2
    { 20, 29, 20, 0, 29, 145, 4097 }, // U+1EB3
    { 29, 35, 27, -3, 35, 254, 4242 }, // U+1EB4
    { 21, 29, 20, 0, 29, 153, 4496 }, // U+1EB5
    { 29, 40, 27, -3, 33, 290, 4649 }, // U+1EB6
    { 21, 33, 20, 0, 26, 174, 4939 }, // U+1EB7
    { 29, 34, 24, -2, 27, 247, 5113 }, // U+1EB8
    { 16, 24, 16, 0, 17, 96, 5360 }, // U+1EB9
    { 29, 36, 24, -2, 34, 261, 5456 }, // U+1EBA
    { 16, 26, 16, 0, 26, 104, 5717 }, // U+1EBB
    { 29, 35, 24, -2, 33, 254, 5821 }, // U+1EBC
    { 18, 26, 16, 0, 26, 117, 6075 }, // U+1EBD
    { 33, 37, 24, -2, 35, 306, 6192 }, // U+1EBE
    { 25, 29, 16, 0, 29, 182, 6498 }, // U+1EBF
    { 29, 37, 24, -2, 35, 269, 6680 }, // U+1EC0
    { 17, 28, 16, 0, 28, 119, 6949 }, // U+1EC1
    { 31, 39, 24, -2, 37, 303, 7068 }, // U+1EC2
    { 23, 31, 16, 0, 31, 179, 7371 }, // U+1EC3
    { 29, 37, 24, -2, 35, 269, 7550 }, // U+1EC4
    { 19, 29, 16, 0, 29, 138, 7819 }, // U+1EC5
    { 29, 40, 24, -2, 33, 290, 7957 }, // U+1EC6
    { 17, 33, 16, 0, 26, 141, 8247 }, // U+1EC7
    { 20, 34, 13, -2, 34, 170, 8388 }, // U+1EC8
    { 14, 26, 12, 0, 26, 91, 8558 }, // U+1EC9
    { 20, 33, 13, -2, 26, 165, 8649 }, // U+1ECA
    { 15, 34, 12, -1, 27, 128, 8814 }, // U+1ECB
    { 27, 33, 28, 2, 26, 223, 8942 }, // U+1ECC
    { 18, 24, 18, 0, 17, 108, 9165 }, // U+1ECD
    { 27, 35, 28, 2, 35, 237, 9273 }, // U+1ECE
    { 18, 26, 18, 0, 26, 117, 9510 }, // U+1ECF
    { 32, 36, 28, 2, 36, 288, 9627 }, // U+1ED0
    { 26, 29, 18, 0, 29, 189, 9915 }, // U+1ED1
    { 27, 35, 28, 2, 35, 237, 10104 }, // U+1ED2
    { 18, 28, 18, 0, 28, 126, 10341 }, // U+1ED3
    { 30, 37, 28, 2, 37, 278, 10467 }, // U+1ED4
    { 25, 31, 18, 0, 31, 194, 10745 }, // U+1ED5
    { 27, 35, 28, 2, 35, 237, 10939 }, // U+1ED6
    { 20, 29, 18, 0, 29, 145, 11176 }, // U+1ED7
    { 27, 40, 28, 2, 33, 270, 11321 }, // U+1ED8
    { 18, 33, 18, 0, 26, 149, 11591 }, // U+1ED9
    { 30, 33, 28, 2, 33, 248, 11740 }, // U+1EDA
    { 22, 26, 19, 0, 26, 143, 11988 }, // U+1EDB
    { 30, 33, 28, 2, 33, 248, 12131 }, // U+1EDC
    { 22, 26, 19, 0, 26, 143, 12379 }, // U+1EDD
    { 30, 35, 28, 2, 35, 263, 12522 }, // U+1EDE
    { 22, 26, 19, 0, 26, 143, 12785 }, // U+1EDF
    { 30, 33, 28, 2, 33, 248, 12928 }, // U+1EE0
    { 22, 26, 19, 0, 26, 143, 13176 }, // U+1EE1
    { 30, 38, 28, 2, 31, 285, 13319 }, // U+1EE2
    { 22, 29, 19, 0, 22, 160, 13604 }, // U+1EE3
    { 31, 33, 28, 2, 26, 256, 13764 }, // U+1EE4
    { 21, 24, 21, 0, 17, 126, 14020 }, // U+1EE5
    { 31, 35, 28, 2, 35, 272, 14146 }, // U+1EE6
    { 21, 26, 21, 0, 26, 137, 14418 }, // U+1EE7
    { 34, 33, 28, 2, 33, 281, 14555 }, // U+1EE8
    { 26, 26, 22, 0, 26, 169, 14836 }, // U+1EE9
    { 34, 33, 28, 2, 33, 281, 15005 }, // U+1EEA
    { 26, 26, 22, 0, 26, 169, 15286 }, // U+1EEB
    { 34, 35, 28, 2, 35, 298, 15455 }, // U+1EEC
    { 26, 26, 22, 0, 26, 169, 15753 }, // U+1EED
    { 34, 33, 28, 2, 33, 281, 15922 }, // U+1EEE
    { 26, 26, 22, 0, 26, 169, 16203 }, // U+1EEF
    { 34, 38, 28, 2, 31, 323, 16372 }, // U+1EF0
    { 26, 29, 22, 0, 22, 189, 16695 }, // U+1EF1
    { 27, 33, 26, 4, 33, 223, 16884 }, // U+1EF2
    { 22, 35, 19, -3, 25, 193, 17107 }, // U+1EF3
    { 27, 33, 26, 4, 26, 223, 17300 }, // U+1EF4
    { 22, 27, 19, -3, 17, 149, 17523 }, // U+1EF5
    { 27, 34, 26, 4, 34, 230, 17672 }, // U+1EF6
    { 22, 36, 19, -3, 26, 198, 17902 }, // U+1EF7
    { 27, 33, 26, 4, 33, 223, 18100 }, // U+1EF8
    { 22, 35, 19, -3, 25, 193, 18323 }, // U+1EF9
    { 11, 3, 13, 1, 10, 9, 0 }, // U+2010
    { 16, 2, 18, 1, 9, 8, 9 }, // U+2013
    { 22, 2, 24, 1, 9, 11, 17 }, // U+2014
    { 9, 11, 9, 4, 26, 25, 28 }, // U+2018
    { 10, 11, 9, 3, 26, 28, 53 }, // U+2019
    { 10, 11, 9, -3, 6, 28, 81 }, // U+201A
    { 17, 11, 17, 4, 26, 47, 109 }, // U+201C
    { 18, 11, 17, 3, 26, 50, 156 }, // U+201D
    { 18, 11, 17, -3, 6, 50, 206 }, // U+201E
    { 11, 14, 13, 5, 26, 39, 256 }, // U+2020
    { 12, 14, 13, 4, 26, 42, 295 }, // U+2021
    { 11, 10, 16, 2, 14, 28, 337 }, // U+2022
    { 24, 6, 26, 0, 6, 36, 365 }, // U+2026
    { 43, 26, 46, 3, 26, 280, 401 }, // U+2030
    { 10, 10, 8, 3, 25, 25, 681 }, // U+2032
    { 18, 10, 16, 3, 25, 45, 706 }, // U+2033
    { 12, 17, 11, 0, 17, 51, 751 }, // U+2039
    { 12, 17, 12, -1, 17, 51, 802 }, // U+203A
    { 28, 26, 3, -11, 26, 182, 853 }, // U+2044
    { 28, 26, 30, 2, 26, 182, 1035 }, // U+2052
    { 14, 15, 14, 3, 26, 53, 0 }, // U+2070
    { 15, 15, 14, 2, 26, 57, 53 }, // U+2074
    { 24, 33, 23, 2, 30, 198, 0 }, // U+20A1
    { 27, 27, 23, 0, 27, 183, 198 }, // U+20A3
    { 22, 27, 23, 1, 26, 149, 381 }, // U+20A4
    { 28, 26, 23, -1, 26, 182, 530 }, // U+20A6
    { 31, 26, 23, -4, 26, 202, 712 }, // U+20A7
    { 29, 26, 23, 0, 26, 189, 914 }, // U+20A9
    { 28, 33, 23, -3, 27, 231, 1103 }, // U+20AB
    { 26, 26, 23, 0, 26, 169, 1334 }, // U+20AC
    { 32, 26, 23, -3, 26, 208, 1503 }, // U+20AD
    { 29, 25, 23, -2, 25, 182, 1711 }, // U+20B1
    { 22, 33, 23, 2, 30, 182, 1893 }, // U+20B2
    { 19, 26, 23, 4, 26, 124, 2075 }, // U+20B5
    { 23, 27, 23, 3, 26, 156, 2199 }, // U+20B9
    { 22, 27, 23, 0, 26, 149, 2355 }, // U+20BA
    { 22, 26, 23, -1, 26, 143, 2504 }, // U+20BC
    { 27, 25, 23, -1, 25, 169, 2647 }, // U+20BD
    { 16, 3, 19, 1, 10, 12, 0 }, // U+2212
    { 28, 26, 3, -11, 26, 182, 12 }, // U+2215
    { 10, 10, 19, 4, 13, 25, 194 }, // U+2219
    { 19, 12, 19, 0, 14, 57, 219 }, // U+2248
    { 20, 16, 19, -1, 16, 80, 276 }, // U+2260
    { 23, 17, 19, -2, 17, 98, 356 }, // U+2264
    { 21, 17, 19, -2, 17, 90, 454 }, // U+2265
    { 42, 37, 24, -8, 27, 389, 0 }, // U+FB00
    { 31, 37, 23, -8, 27, 287, 389 }, // U+FB01
    { 34, 37, 23, -8, 27, 315, 676 }, // U+FB02
    { 42, 37, 34, -8, 27, 389, 991 }, // U+FB03
    { 45, 37, 34, -8, 27, 417, 1380 }, // U+FB04
};

static const EpdUnicodeInterval newsreader_18_bolditalicIntervals[] = {
    { 0x20, 0x7E, 0x0 },
    { 0xA0, 0xFF, 0x5F },
    { 0x100, 0x131, 0xBF },
    { 0x134, 0x148, 0xF1 },
    { 0x14A, 0x17E, 0x106 },
    { 0x1A0, 0x1A1, 0x13B },
    { 0x1AF, 0x1B0, 0x13D },
    { 0x1C4, 0x1CC, 0x13F },
    { 0x1E6, 0x1E7, 0x148 },
    { 0x1EA, 0x1EB, 0x14A },
    { 0x1FA, 0x21B, 0x14C },
    { 0x300, 0x304, 0x16E },
    { 0x306, 0x30C, 0x173 },
    { 0x30F, 0x30F, 0x17A },
    { 0x311, 0x312, 0x17B },
    { 0x31B, 0x31B, 0x17D },
    { 0x323, 0x324, 0x17E },
    { 0x326, 0x328, 0x180 },
    { 0x32E, 0x32E, 0x183 },
    { 0x331, 0x331, 0x184 },
    { 0x335, 0x335, 0x185 },
    { 0x1EA0, 0x1EF9, 0x186 },
    { 0x2010, 0x2010, 0x1E0 },
    { 0x2013, 0x2014, 0x1E1 },
    { 0x2018, 0x201A, 0x1E3 },
    { 0x201C, 0x201E, 0x1E6 },
    { 0x2020, 0x2022, 0x1E9 },
    { 0x2026, 0x2026, 0x1EC },
    { 0x2030, 0x2030, 0x1ED },
    { 0x2032, 0x2033, 0x1EE },
    { 0x2039, 0x203A, 0x1F0 },
    { 0x2044, 0x2044, 0x1F2 },
    { 0x2052, 0x2052, 0x1F3 },
    { 0x2070, 0x2070, 0x1F4 },
    { 0x2074, 0x2074, 0x1F5 },
    { 0x20A1, 0x20A1, 0x1F6 },
    { 0x20A3, 0x20A4, 0x1F7 },
    { 0x20A6, 0x20A7, 0x1F9 },
    { 0x20A9, 0x20A9, 0x1FB },
    { 0x20AB, 0x20AD, 0x1FC },
    { 0x20B1, 0x20B2, 0x1FF },
    { 0x20B5, 0x20B5, 0x201 },
    { 0x20B9, 0x20BA, 0x202 },
    { 0x20BC, 0x20BD, 0x204 },
    { 0x2212, 0x2212, 0x206 },
    { 0x2215, 0x2215, 0x207 },
    { 0x2219, 0x2219, 0x208 },
    { 0x2248, 0x2248, 0x209 },
    { 0x2260, 0x2260, 0x20A },
    { 0x2264, 0x2265, 0x20B },
    { 0xFB00, 0xFB04, 0x20D },
};

static const EpdFontGroup newsreader_18_bolditalicGroups[] = {
    { 0, 5965, 12474, 95, 0 },
    { 5965, 5593, 14338, 96, 95 },
    { 11558, 8083, 22899, 124, 191 },
    { 19641, 4580, 10915, 51, 315 },
    { 24221, 329, 393, 24, 366 },
    { 24550, 5284, 18516, 90, 390 },
    { 29834, 659, 1217, 20, 480 },
    { 30493, 106, 110, 2, 500 },
    { 30599, 1509, 2816, 16, 502 },
    { 32108, 272, 544, 7, 518 },
    { 32380, 682, 1797, 5, 525 },
};

static const EpdKernClassEntry newsreader_18_bolditalicKernLeftClasses[] = {
    { 0x0020, 1 }, // U+0020
    { 0x0022, 2 }, // "
    { 0x0026, 3 }, // &
    { 0x0027, 2 }, // '
    { 0x0028, 4 }, // (
    { 0x0029, 5 }, // )
    { 0x002A, 6 }, // *
    { 0x002C, 7 }, // ,
    { 0x002D, 8 }, // -
    { 0x002E, 9 }, // .
    { 0x002F, 10 }, // /
    { 0x003A, 11 }, // :
    { 0x003B, 12 }, // ;
    { 0x003F, 13 }, // ?
    { 0x0040, 14 }, // @
    { 0x0041, 15 }, // A
    { 0x0042, 16 }, // B
    { 0x0043, 17 }, // C
    { 0x0044, 18 }, // D
    { 0x0045, 19 }, // E
    { 0x0046, 20 }, // F
    { 0x0047, 21 }, // G
    { 0x0048, 22 }, // H
    { 0x0049, 22 }, // I
    { 0x004A, 23 }, // J
    { 0x004B, 24 }, // K
    { 0x004C, 25 }, // L
    { 0x004D, 26 }, // M
    { 0x004E, 27 }, // N
    { 0x004F, 28 }, // O
    { 0x0050, 29 }, // P
    { 0x0051, 30 }, // Q
    { 0x0052, 31 }, // R
    { 0x0053, 32 }, // S
    { 0x0054, 33 }, // T
    { 0x0055, 34 }, // U
    { 0x0056, 35 }, // V
    { 0x0057, 36 }, // W
    { 0x0058, 37 }, // X
    { 0x0059, 38 }, // Y
    { 0x005A, 39 }, // Z
    { 0x005B, 40 }, // [
    { 0x005C, 41 }, // <backslash>
    { 0x005D, 42 }, // ]
    { 0x005F, 43 }, // _
    { 0x0061, 44 }, // a
    { 0x0062, 45 }, // b
    { 0x0063, 46 }, // c
    { 0x0064, 47 }, // d
    { 0x0065, 48 }, // e
    { 0x0066, 49 }, // f
    { 0x0067, 50 }, // g
    { 0x0068, 51 }, // h
    { 0x0069, 52 }, // i
    { 0x006A, 53 }, // j
    { 0x006B, 54 }, // k
    { 0x006C, 55 }, // l
    { 0x006D, 51 }, // m
    { 0x006E, 51 }, // n
    { 0x006F, 56 }, // o
    { 0x0070, 57 }, // p
    { 0x0071, 58 }, // q
    { 0x0072, 59 }, // r
    { 0x0073, 60 }, // s
    { 0x0074, 61 }, // t
    { 0x0075, 62 }, // u
    { 0x0076, 63 }, // v
    { 0x0077, 64 }, // w
    { 0x0078, 65 }, // x
    { 0x0079, 66 }, // y
    { 0x007A, 67 }, // z
    { 0x007B, 68 }, // {
    { 0x007C, 69 }, // |
    { 0x007D, 70 }, // }
    { 0x00A0, 1 }, // U+00A0
    { 0x00A1, 71 }, // U+00A1
    { 0x00A6, 69 }, // U+00A6
    { 0x00A9, 72 }, // U+00A9
    { 0x00AA, 73 }, // U+00AA
    { 0x00AB, 74 }, // U+00AB
    { 0x00AD, 8 }, // U+00AD
    { 0x00AE, 75 }, // U+00AE
    { 0x00B7, 76 }, // U+00B7
    { 0x00BA, 73 }, // U+00BA
    { 0x00BB, 77 }, // U+00BB
    { 0x00BF, 78 }, // U+00BF
    { 0x00C0, 15 }, // U+00C0
    { 0x00C1, 15 }, // U+00C1
    { 0x00C2, 15 }, // U+00C2
    { 0x00C3, 15 }, // U+00C3
    { 0x00C4, 15 }, // U+00C4
    { 0x00C5, 15 }, // U+00C5
    { 0x00C6, 19 }, // U+00C6
    { 0x00C7, 17 }, // U+00C7
    { 0x00C8, 19 }, // U+00C8
    { 0x00C9, 19 }, // U+00C9
    { 0x00CA, 19 }, // U+00CA
    { 0x00CB, 19 }, // U+00CB
    { 0x00CC, 22 }, // U+00CC
    { 0x00CD, 22 }, // U+00CD
    { 0x00CE, 22 }, // U+00CE
    { 0x00CF, 22 }, // U+00CF
    { 0x00D0, 18 }, // U+00D0
    { 0x00D1, 27 }, // U+00D1
    { 0x00D2, 28 }, // U+00D2
    { 0x00D3, 28 }, // U+00D3
    { 0x00D4, 28 }, // U+00D4
    { 0x00D5, 28 }, // U+00D5
    { 0x00D6, 28 }, // U+00D6
    { 0x00D8, 79 }, // U+00D8
    { 0x00D9, 34 }, // U+00D9
    { 0x00DA, 34 }, // U+00DA
    { 0x00DB, 34 }, // U+00DB
    { 0x00DC, 34 }, // U+00DC
    { 0x00DD, 38 }, // U+00DD
    { 0x00DE, 80 }, // U+00DE
    { 0x00DF, 81 }, // U+00DF
    { 0x00E0, 44 }, // U+00E0
    { 0x00E1, 82 }, // U+00E1
    { 0x00E2, 44 }, // U+00E2
    { 0x00E3, 44 }, // U+00E3
    { 0x00E4, 83 }, // U+00E4
    { 0x00E5, 44 }, // U+00E5
    { 0x00E6, 48 }, // U+00E6
    { 0x00E7, 84 }, // U+00E7
    { 0x00E8, 48 }, // U+00E8
    { 0x00E9, 48 }, // U+00E9
    { 0x00EA, 85 }, // U+00EA
    { 0x00EB, 86 }, // U+00EB
    { 0x00EC, 87 }, // U+00EC
    { 0x00ED, 88 }, // U+00ED
    { 0x00EE, 89 }, // U+00EE
    { 0x00EF, 90 }, // U+00EF
    { 0x00F0, 91 }, // U+00F0
    { 0x00F1, 51 }, // U+00F1
    { 0x00F2, 56 }, // U+00F2
    { 0x00F3, 92 }, // U+00F3
    { 0x00F4, 93 }, // U+00F4
    { 0x00F5, 94 }, // U+00F5
    { 0x00F6, 95 }, // U+00F6
    { 0x00F8, 96 }, // U+00F8
    { 0x00F9, 62 }, // U+00F9
    { 0x00FA, 62 }, // U+00FA
    { 0x00FB, 62 }, // U+00FB
    { 0x00FC, 62 }, // U+00FC
    { 0x00FD, 66 }, // U+00FD
    { 0x00FE, 57 }, // U+00FE
    { 0x00FF, 66 }, // U+00FF
    { 0x0100, 15 }, // U+0100
    { 0x0101, 44 }, // U+0101
    { 0x0102, 15 }, // U+0102
    { 0x0103, 44 }, // U+0103
    { 0x0104, 97 }, // U+0104
    { 0x0105, 98 }, // U+0105
    { 0x0106, 17 }, // U+0106
    { 0x0107, 99 }, // U+0107
    { 0x0108, 17 }, // U+0108
    { 0x0109, 46 }, // U+0109
    { 0x010A, 17 }, // U+010A
    { 0x010B, 46 }, // U+010B
    { 0x010C, 17 }, // U+010C
    { 0x010D, 46 }, // U+010D
    { 0x010E, 18 }, // U+010E
    { 0x010F, 100 }, // U+010F
    { 0x0110, 18 }, // U+0110
    { 0x0111, 101 }, // U+0111
    { 0x0112, 19 }, // U+0112
    { 0x0113, 85 }, // U+0113
    { 0x0114, 19 }, // U+0114
    { 0x0115, 102 }, // U+0115
    { 0x0116, 19 }, // U+0116
    { 0x0117, 48 }, // U+0117
    { 0x0118, 103 }, // U+0118
    { 0x0119, 104 }, // U+0119
    { 0x011A, 19 }, // U+011A
    { 0x011B, 102 }, // U+011B
    { 0x011C, 21 }, // U+011C
    { 0x011D, 50 }, // U+011D
    { 0x011E, 21 }, // U+011E
    { 0x011F, 50 }, // U+011F
    { 0x0120, 21 }, // U+0120
    { 0x0121, 50 }, // U+0121
    { 0x0122, 21 }, // U+0122
    { 0x0123, 50 }, // U+0123
    { 0x0124, 22 }, // U+0124
    { 0x0125, 51 }, // U+0125
    { 0x0126, 105 }, // U+0126
    { 0x0127, 51 }, // U+0127
    { 0x0128, 22 }, // U+0128
    { 0x0129, 106 }, // U+0129
    { 0x012A, 22 }, // U+012A
    { 0x012B, 107 }, // U+012B
    { 0x012C, 22 }, // U+012C
    { 0x012D, 108 }, // U+012D
    { 0x012E, 109 }, // U+012E
    { 0x012F, 110 }, // U+012F
    { 0x0130, 22 }, // U+0130
    { 0x0131, 87 }, // U+0131
    { 0x0134, 23 }, // U+0134
    { 0x0135, 111 }, // U+0135
    { 0x0136, 24 }, // U+0136
    { 0x0137, 54 }, // U+0137
    { 0x0138, 54 }, // U+0138
    { 0x0139, 25 }, // U+0139
    { 0x013A, 55 }, // U+013A
    { 0x013B, 25 }, // U+013B
    { 0x013C, 112 }, // U+013C
    { 0x013D, 113 }, // U+013D
    { 0x013E, 114 }, // U+013E
    { 0x013F, 25 }, // U+013F
    { 0x0141, 25 }, // U+0141
    { 0x0142, 115 }, // U+0142
    { 0x0143, 27 }, // U+0143
    { 0x0144, 116 }, // U+0144
    { 0x0145, 27 }, // U+0145
    { 0x0146, 51 }, // U+0146
    { 0x0147, 27 }, // U+0147
    { 0x0148, 51 }, // U+0148
    { 0x014A, 117 }, // U+014A
    { 0x014B, 118 }, // U+014B
    { 0x014C, 28 }, // U+014C
    { 0x014D, 119 }, // U+014D
    { 0x014E, 28 }, // U+014E
    { 0x014F, 120 }, // U+014F
    { 0x0150, 28 }, // U+0150
    { 0x0151, 121 }, // U+0151
    { 0x0152, 19 }, // U+0152
    { 0x0153, 48 }, // U+0153
    { 0x0154, 31 }, // U+0154
    { 0x0155, 59 }, // U+0155
    { 0x0156, 31 }, // U+0156
    { 0x0157, 59 }, // U+0157
    { 0x0158, 31 }, // U+0158
    { 0x0159, 59 }, // U+0159
    { 0x015A, 32 }, // U+015A
    { 0x015B, 122 }, // U+015B
    { 0x015C, 32 }, // U+015C
    { 0x015D, 123 }, // U+015D
    { 0x015E, 32 }, // U+015E
    { 0x015F, 124 }, // U+015F
    { 0x0160, 32 }, // U+0160
    { 0x0161, 125 }, // U+0161
    { 0x0162, 33 }, // U+0162
    { 0x0163, 126 }, // U+0163
    { 0x0164, 33 }, // U+0164
    { 0x0165, 127 }, // U+0165
    { 0x0166, 128 }, // U+0166
    { 0x0167, 61 }, // U+0167
    { 0x0168, 34 }, // U+0168
    { 0x0169, 62 }, // U+0169
    { 0x016A, 34 }, // U+016A
    { 0x016B, 62 }, // U+016B
    { 0x016C, 34 }, // U+016C
    { 0x016D, 62 }, // U+016D
    { 0x016E, 34 }, // U+016E
    { 0x016F, 62 }, // U+016F
    { 0x0170, 34 }, // U+0170
    { 0x0171, 129 }, // U+0171
    { 0x0172, 34 }, // U+0172
    { 0x0173, 130 }, // U+0173
    { 0x0174, 36 }, // U+0174
    { 0x0175, 64 }, // U+0175
    { 0x0176, 38 }, // U+0176
    { 0x0177, 66 }, // U+0177
    { 0x0178, 38 }, // U+0178
    { 0x0179, 39 }, // U+0179
    { 0x017A, 67 }, // U+017A
    { 0x017B, 39 }, // U+017B
    { 0x017C, 67 }, // U+017C
    { 0x017D, 39 }, // U+017D
    { 0x017E, 67 }, // U+017E
    { 0x01A0, 131 }, // U+01A0
    { 0x01A1, 132 }, // U+01A1
    { 0x01AF, 133 }, // U+01AF
    { 0x01B0, 134 }, // U+01B0
    { 0x01C4, 39 }, // U+01C4
    { 0x01C5, 67 }, // U+01C5
    { 0x01C6, 67 }, // U+01C6
    { 0x01C7, 23 }, // U+01C7
    { 0x01C8, 53 }, // U+01C8
    { 0x01C9, 53 }, // U+01C9
    { 0x01CA, 23 }, // U+01CA
    { 0x01CB, 53 }, // U+01CB
    { 0x01CC, 53 }, // U+01CC
    { 0x01E6, 21 }, // U+01E6
    { 0x01E7, 50 }, // U+01E7
    { 0x01EA, 28 }, // U+01EA
    { 0x01EB, 56 }, // U+01EB
    { 0x01FA, 15 }, // U+01FA
    { 0x01FB, 44 }, // U+01FB
    { 0x01FC, 19 }, // U+01FC
    { 0x01FD, 48 }, // U+01FD
    { 0x01FE, 79 }, // U+01FE
    { 0x01FF, 96 }, // U+01FF
    { 0x0200, 15 }, // U+0200
    { 0x0201, 44 }, // U+0201
    { 0x0202, 15 }, // U+0202
    { 0x0203, 44 }, // U+0203
    { 0x0204, 19 }, // U+0204
    { 0x0205, 48 }, // U+0205
    { 0x0206, 19 }, // U+0206
    { 0x0207, 85 }, // U+0207
    { 0x0208, 22 }, // U+0208
    { 0x0209, 135 }, // U+0209
    { 0x020A, 22 }, // U+020A
    { 0x020B, 107 }, // U+020B
    { 0x020C, 28 }, // U+020C
    { 0x020D, 56 }, // U+020D
    { 0x020E, 28 }, // U+020E
    { 0x020F, 56 }, // U+020F
    { 0x0210, 31 }, // U+0210
    { 0x0211, 59 }, // U+0211
    { 0x0212, 31 }, // U+0212
    { 0x0213, 59 }, // U+0213
    { 0x0214, 34 }, // U+0214
    { 0x0215, 62 }, // U+0215
    { 0x0216, 34 }, // U+0216
    { 0x0217, 62 }, // U+0217
    { 0x0218, 32 }, // U+0218
    { 0x0219, 124 }, // U+0219
    { 0x021A, 33 }, // U+021A
    { 0x021B, 126 }, // U+021B
    { 0x1EA0, 15 }, // U+1EA0
    { 0x1EA1, 44 }, // U+1EA1
    { 0x1EA2, 15 }, // U+1EA2
    { 0x1EA3, 44 }, // U+1EA3
    { 0x1EA4, 15 }, // U+1EA4
    { 0x1EA5, 136 }, // U+1EA5
    { 0x1EA6, 15 }, // U+1EA6
    { 0x1EA7, 44 }, // U+1EA7
    { 0x1EA8, 15 }, // U+1EA8
    { 0x1EA9, 137 }, // U+1EA9
    { 0x1EAA, 15 }, // U+1EAA
    { 0x1EAB, 44 }, // U+1EAB
    { 0x1EAC, 15 }, // U+1EAC
    { 0x1EAD, 44 }, // U+1EAD
    { 0x1EAE, 15 }, // U+1EAE
    { 0x1EAF, 44 }, // U+1EAF
    { 0x1EB0, 15 }, // U+1EB0
    { 0x1EB1, 44 }, // U+1EB1
    { 0x1EB2, 15 }, // U+1EB2
    { 0x1EB3, 44 }, // U+1EB3
    { 0x1EB4, 15 }, // U+1EB4
    { 0x1EB5, 44 }, // U+1EB5
    { 0x1EB6, 15 }, // U+1EB6
    { 0x1EB7, 44 }, // U+1EB7
    { 0x1EB8, 19 }, // U+1EB8
    { 0x1EB9, 48 }, // U+1EB9
    { 0x1EBA, 19 }, // U+1EBA
    { 0x1EBB, 48 }, // U+1EBB
    { 0x1EBC, 19 }, // U+1EBC
    { 0x1EBD, 102 }, // U+1EBD
    { 0x1EBE, 19 }, // U+1EBE
    { 0x1EBF, 138 }, // U+1EBF
    { 0x1EC0, 19 }, // U+1EC0
    { 0x1EC1, 85 }, // U+1EC1
    { 0x1EC2, 19 }, // U+1EC2
    { 0x1EC3, 139 }, // U+1EC3
    { 0x1EC4, 19 }, // U+1EC4
    { 0x1EC5, 85 }, // U+1EC5
    { 0x1EC6, 19 }, // U+1EC6
    { 0x1EC7, 85 }, // U+1EC7
    { 0x1EC8, 22 }, // U+1EC8
    { 0x1EC9, 140 }, // U+1EC9
    { 0x1ECA, 22 }, // U+1ECA
    { 0x1ECB, 141 }, // U+1ECB
    { 0x1ECC, 28 }, // U+1ECC
    { 0x1ECD, 56 }, // U+1ECD
    { 0x1ECE, 28 }, // U+1ECE
    { 0x1ECF, 56 }, // U+1ECF
    { 0x1ED0, 28 }, // U+1ED0
    { 0x1ED1, 142 }, // U+1ED1
    { 0x1ED2, 28 }, // U+1ED2
    { 0x1ED3, 93 }, // U+1ED3
    { 0x1ED4, 28 }, // U+1ED4
    { 0x1ED5, 143 }, // U+1ED5
    { 0x1ED6, 28 }, // U+1ED6
    { 0x1ED7, 56 }, // U+1ED7
    { 0x1ED8, 28 }, // U+1ED8
    { 0x1ED9, 93 }, // U+1ED9
    { 0x1EDA, 131 }, // U+1EDA
    { 0x1EDB, 132 }, // U+1EDB
    { 0x1EDC, 131 }, // U+1EDC
    { 0x1EDD, 132 }, // U+1EDD
    { 0x1EDE, 131 }, // U+1EDE
    { 0x1EDF, 132 }, // U+1EDF
    { 0x1EE0, 131 }, // U+1EE0
    { 0x1EE1, 132 }, // U+1EE1
    { 0x1EE2, 131 }, // U+1EE2
    { 0x1EE3, 132 }, // U+1EE3
    { 0x1EE4, 34 }, // U+1EE4
    { 0x1EE5, 62 }, // U+1EE5
    { 0x1EE6, 34 }, // U+1EE6
    { 0x1EE7, 62 }, // U+1EE7
    { 0x1EE8, 133 }, // U+1EE8
    { 0x1EE9, 134 }, // U+1EE9
    { 0x1EEA, 133 }, // U+1EEA
    { 0x1EEB, 134 }, // U+1EEB
    { 0x1EEC, 133 }, // U+1EEC
    { 0x1EED, 134 }, // U+1EED
    { 0x1EEE, 133 }, // U+1EEE
    { 0x1EEF, 134 }, // U+1EEF
    { 0x1EF0, 144 }, // U+1EF0
    { 0x1EF1, 134 }, // U+1EF1
    { 0x1EF2, 38 }, // U+1EF2
    { 0x1EF3, 66 }, // U+1EF3
    { 0x1EF4, 38 }, // U+1EF4
    { 0x1EF5, 145 }, // U+1EF5
    { 0x1EF6, 38 }, // U+1EF6
    { 0x1EF7, 66 }, // U+1EF7
    { 0x1EF8, 38 }, // U+1EF8
    { 0x1EF9, 66 }, // U+1EF9
    { 0x2013, 8 }, // U+2013
    { 0x2014, 8 }, // U+2014
    { 0x2018, 146 }, // U+2018
    { 0x2019, 147 }, // U+2019
    { 0x201A, 148 }, // U+201A
    { 0x201C, 146 }, // U+201C
    { 0x201D, 147 }, // U+201D
    { 0x201E, 148 }, // U+201E
    { 0x2020, 149 }, // U+2020
    { 0x2021, 150 }, // U+2021
    { 0x2022, 151 }, // U+2022
    { 0x2026, 9 }, // U+2026
    { 0x2032, 152 }, // U+2032
    { 0x2033, 152 }, // U+2033
    { 0x2039, 74 }, // U+2039
    { 0x203A, 77 }, // U+203A
    { 0xFB00, 49 }, // U+FB00
    { 0xFB01, 153 }, // U+FB01
    { 0xFB02, 55 }, // U+FB02
    { 0xFB03, 153 }, // U+FB03
    { 0xFB04, 55 }, // U+FB04
};

static const EpdKernClassEntry newsreader_18_bolditalicKernRightClasses[] = {
    { 0x0020, 1 }, // U+0020
    { 0x0021, 2 }, // !
    { 0x0022, 3 }, // "
    { 0x0026, 4 }, // &
    { 0x0027, 3 }, // '
    { 0x0028, 5 }, // (
    { 0x0029, 6 }, // )
    { 0x002A, 7 }, // *
    { 0x002C, 8 }, // ,
    { 0x002D, 9 }, // -
    { 0x002E, 10 }, // .
    { 0x002F, 11 }, // /
    { 0x003A, 12 }, // :
    { 0x003B, 13 }, // ;
    { 0x003F, 14 }, // ?
    { 0x0040, 15 }, // @
    { 0x0041, 16 }, // A
    { 0x0042, 17 }, // B
    { 0x0043, 18 }, // C
    { 0x0044, 17 }, // D
    { 0x0045, 17 }, // E
    { 0x0046, 17 }, // F
    { 0x0047, 18 }, // G
    { 0x0048, 17 }, // H
    { 0x0049, 17 }, // I
    { 0x004A, 19 }, // J
    { 0x004B, 17 }, // K
    { 0x004C, 17 }, // L
    { 0x004D, 20 }, // M
    { 0x004E, 21 }, // N
    { 0x004F, 22 }, // O
    { 0x0050, 17 }, // P
    { 0x0051, 22 }, // Q
    { 0x0052, 17 }, // R
    { 0x0053, 23 }, // S
    { 0x0054, 24 }, // T
    { 0x0055, 25 }, // U
    { 0x0056, 26 }, // V
    { 0x0057, 27 }, // W
    { 0x0058, 28 }, // X
    { 0x0059, 29 }, // Y
    { 0x005A, 30 }, // Z
    { 0x005B, 31 }, // [
    { 0x005C, 32 }, // <backslash>
    { 0x005D, 33 }, // ]
    { 0x005F, 34 }, // _
    { 0x0061, 35 }, // a
    { 0x0062, 36 }, // b
    { 0x0063, 37 }, // c
    { 0x0064, 35 }, // d
    { 0x0065, 37 }, // e
    { 0x0066, 38 }, // f
    { 0x0067, 39 }, // g
    { 0x0068, 40 }, // h
    { 0x0069, 41 }, // i
    { 0x006A, 42 }, // j
    { 0x006B, 40 }, // k
    { 0x006C, 43 }, // l
    { 0x006D, 44 }, // m
    { 0x006E, 44 }, // n
    { 0x006F, 37 }, // o
    { 0x0070, 44 }, // p
    { 0x0071, 35 }, // q
    { 0x0072, 44 }, // r
    { 0x0073, 45 }, // s
    { 0x0074, 46 }, // t
    { 0x0075, 47 }, // u
    { 0x0076, 48 }, // v
    { 0x0077, 49 }, // w
    { 0x0078, 50 }, // x
    { 0x0079, 51 }, // y
    { 0x007A, 52 }, // z
    { 0x007B, 53 }, // {
    { 0x007C, 54 }, // |
    { 0x007D, 55 }, // }
    { 0x00A0, 1 }, // U+00A0
    { 0x00A1, 56 }, // U+00A1
    { 0x00A6, 54 }, // U+00A6
    { 0x00A9, 57 }, // U+00A9
    { 0x00AA, 58 }, // U+00AA
    { 0x00AB, 59 }, // U+00AB
    { 0x00AD, 9 }, // U+00AD
    { 0x00AE, 60 }, // U+00AE
    { 0x00B2, 61 }, // U+00B2
    { 0x00B3, 62 }, // U+00B3
    { 0x00B7, 63 }, // U+00B7
    { 0x00B9, 64 }, // U+00B9
    { 0x00BA, 65 }, // U+00BA
    { 0x00BB, 66 }, // U+00BB
    { 0x00BF, 67 }, // U+00BF
    { 0x00C0, 16 }, // U+00C0
    { 0x00C1, 16 }, // U+00C1
    { 0x00C2, 16 }, // U+00C2
    { 0x00C3, 16 }, // U+00C3
    { 0x00C4, 16 }, // U+00C4
    { 0x00C5, 16 }, // U+00C5
    { 0x00C6, 68 }, // U+00C6
    { 0x00C7, 18 }, // U+00C7
    { 0x00C8, 17 }, // U+00C8
    { 0x00C9, 17 }, // U+00C9
    { 0x00CA, 17 }, // U+00CA
    { 0x00CB, 17 }, // U+00CB
    { 0x00CC, 17 }, // U+00CC
    { 0x00CD, 17 }, // U+00CD
    { 0x00CE, 17 }, // U+00CE
    { 0x00CF, 17 }, // U+00CF
    { 0x00D0, 17 }, // U+00D0
    { 0x00D1, 21 }, // U+00D1
    { 0x00D2, 22 }, // U+00D2
    { 0x00D3, 22 }, // U+00D3
    { 0x00D4, 22 }, // U+00D4
    { 0x00D5, 22 }, // U+00D5
    { 0x00D6, 22 }, // U+00D6
    { 0x00D8, 69 }, // U+00D8
    { 0x00D9, 25 }, // U+00D9
    { 0x00DA, 25 }, // U+00DA
    { 0x00DB, 25 }, // U+00DB
    { 0x00DC, 25 }, // U+00DC
    { 0x00DD, 29 }, // U+00DD
    { 0x00DE, 17 }, // U+00DE
    { 0x00DF, 70 }, // U+00DF
    { 0x00E0, 71 }, // U+00E0
    { 0x00E1, 35 }, // U+00E1
    { 0x00E2, 72 }, // U+00E2
    { 0x00E3, 35 }, // U+00E3
    { 0x00E4, 73 }, // U+00E4
    { 0x00E5, 35 }, // U+00E5
    { 0x00E6, 35 }, // U+00E6
    { 0x00E7, 37 }, // U+00E7
    { 0x00E8, 74 }, // U+00E8
    { 0x00E9, 37 }, // U+00E9
    { 0x00EA, 75 }, // U+00EA
    { 0x00EB, 76 }, // U+00EB
    { 0x00EC, 77 }, // U+00EC
    { 0x00ED, 78 }, // U+00ED
    { 0x00EE, 79 }, // U+00EE
    { 0x00EF, 80 }, // U+00EF
    { 0x00F0, 81 }, // U+00F0
    { 0x00F1, 44 }, // U+00F1
    { 0x00F2, 82 }, // U+00F2
    { 0x00F3, 37 }, // U+00F3
    { 0x00F4, 83 }, // U+00F4
    { 0x00F5, 84 }, // U+00F5
    { 0x00F6, 85 }, // U+00F6
    { 0x00F8, 86 }, // U+00F8
    { 0x00F9, 87 }, // U+00F9
    { 0x00FA, 47 }, // U+00FA
    { 0x00FB, 47 }, // U+00FB
    { 0x00FC, 88 }, // U+00FC
    { 0x00FD, 51 }, // U+00FD
    { 0x00FE, 89 }, // U+00FE
    { 0x00FF, 90 }, // U+00FF
    { 0x0100, 16 }, // U+0100
    { 0x0101, 35 }, // U+0101
    { 0x0102, 16 }, // U+0102
    { 0x0103, 91 }, // U+0103
    { 0x0104, 16 }, // U+0104
    { 0x0105, 35 }, // U+0105
    { 0x0106, 18 }, // U+0106
    { 0x0107, 37 }, // U+0107
    { 0x0108, 18 }, // U+0108
    { 0x0109, 92 }, // U+0109
    { 0x010A, 18 }, // U+010A
    { 0x010B, 93 }, // U+010B
    { 0x010C, 18 }, // U+010C
    { 0x010D, 94 }, // U+010D
    { 0x010E, 17 }, // U+010E
    { 0x010F, 35 }, // U+010F
    { 0x0110, 17 }, // U+0110
    { 0x0111, 35 }, // U+0111
    { 0x0112, 17 }, // U+0112
    { 0x0113, 95 }, // U+0113
    { 0x0114, 17 }, // U+0114
    { 0x0115, 96 }, // U+0115
    { 0x0116, 17 }, // U+0116
    { 0x0117, 93 }, // U+0117
    { 0x0118, 17 }, // U+0118
    { 0x0119, 37 }, // U+0119
    { 0x011A, 17 }, // U+011A
    { 0x011B, 96 }, // U+011B
    { 0x011C, 18 }, // U+011C
    { 0x011D, 97 }, // U+011D
    { 0x011E, 18 }, // U+011E
    { 0x011F, 98 }, // U+011F
    { 0x0120, 18 }, // U+0120
    { 0x0121, 39 }, // U+0121
    { 0x0122, 18 }, // U+0122
    { 0x0123, 39 }, // U+0123
    { 0x0124, 17 }, // U+0124
    { 0x0125, 40 }, // U+0125
    { 0x0126, 17 }, // U+0126
    { 0x0127, 99 }, // U+0127
    { 0x0128, 100 }, // U+0128
    { 0x0129, 101 }, // U+0129
    { 0x012A, 17 }, // U+012A
    { 0x012B, 102 }, // U+012B
    { 0x012C, 17 }, // U+012C
    { 0x012D, 103 }, // U+012D
    { 0x012E, 17 }, // U+012E
    { 0x012F, 41 }, // U+012F
    { 0x0130, 17 }, // U+0130
    { 0x0131, 104 }, // U+0131
    { 0x0134, 19 }, // U+0134
    { 0x0135, 105 }, // U+0135
    { 0x0136, 17 }, // U+0136
    { 0x0137, 40 }, // U+0137
    { 0x0138, 44 }, // U+0138
    { 0x0139, 17 }, // U+0139
    { 0x013A, 43 }, // U+013A
    { 0x013B, 17 }, // U+013B
    { 0x013C, 43 }, // U+013C
    { 0x013D, 17 }, // U+013D
    { 0x013E, 43 }, // U+013E
    { 0x013F, 17 }, // U+013F
    { 0x0140, 43 }, // U+0140
    { 0x0141, 106 }, // U+0141
    { 0x0142, 107 }, // U+0142
    { 0x0143, 21 }, // U+0143
    { 0x0144, 44 }, // U+0144
    { 0x0145, 21 }, // U+0145
    { 0x0146, 44 }, // U+0146
    { 0x0147, 21 }, // U+0147
    { 0x0148, 44 }, // U+0148
    { 0x014A, 21 }, // U+014A
    { 0x014B, 44 }, // U+014B
    { 0x014C, 22 }, // U+014C
    { 0x014D, 108 }, // U+014D
    { 0x014E, 22 }, // U+014E
    { 0x014F, 109 }, // U+014F
    { 0x0150, 22 }, // U+0150
    { 0x0151, 37 }, // U+0151
    { 0x0152, 22 }, // U+0152
    { 0x0153, 37 }, // U+0153
    { 0x0154, 17 }, // U+0154
    { 0x0155, 44 }, // U+0155
    { 0x0156, 17 }, // U+0156
    { 0x0157, 44 }, // U+0157
    { 0x0158, 17 }, // U+0158
    { 0x0159, 110 }, // U+0159
    { 0x015A, 23 }, // U+015A
    { 0x015B, 45 }, // U+015B
    { 0x015C, 23 }, // U+015C
    { 0x015D, 111 }, // U+015D
    { 0x015E, 23 }, // U+015E
    { 0x015F, 45 }, // U+015F
    { 0x0160, 23 }, // U+0160
    { 0x0161, 112 }, // U+0161
    { 0x0162, 24 }, // U+0162
    { 0x0163, 46 }, // U+0163
    { 0x0164, 24 }, // U+0164
    { 0x0165, 46 }, // U+0165
    { 0x0166, 113 }, // U+0166
    { 0x0167, 114 }, // U+0167
    { 0x0168, 25 }, // U+0168
    { 0x0169, 47 }, // U+0169
    { 0x016A, 25 }, // U+016A
    { 0x016B, 47 }, // U+016B
    { 0x016C, 25 }, // U+016C
    { 0x016D, 115 }, // U+016D
    { 0x016E, 25 }, // U+016E
    { 0x016F, 47 }, // U+016F
    { 0x0170, 25 }, // U+0170
    { 0x0171, 47 }, // U+0171
    { 0x0172, 25 }, // U+0172
    { 0x0173, 47 }, // U+0173
    { 0x0174, 27 }, // U+0174
    { 0x0175, 49 }, // U+0175
    { 0x0176, 29 }, // U+0176
    { 0x0177, 116 }, // U+0177
    { 0x0178, 29 }, // U+0178
    { 0x0179, 30 }, // U+0179
    { 0x017A, 52 }, // U+017A
    { 0x017B, 30 }, // U+017B
    { 0x017C, 52 }, // U+017C
    { 0x017D, 30 }, // U+017D
    { 0x017E, 117 }, // U+017E
    { 0x01A0, 22 }, // U+01A0
    { 0x01A1, 37 }, // U+01A1
    { 0x01AF, 25 }, // U+01AF
    { 0x01B0, 47 }, // U+01B0
    { 0x01C4, 17 }, // U+01C4
    { 0x01C5, 17 }, // U+01C5
    { 0x01C6, 35 }, // U+01C6
    { 0x01C7, 17 }, // U+01C7
    { 0x01C8, 17 }, // U+01C8
    { 0x01C9, 43 }, // U+01C9
    { 0x01CA, 21 }, // U+01CA
    { 0x01CB, 21 }, // U+01CB
    { 0x01CC, 44 }, // U+01CC
    { 0x01E6, 18 }, // U+01E6
    { 0x01E7, 118 }, // U+01E7
    { 0x01EA, 22 }, // U+01EA
    { 0x01EB, 37 }, // U+01EB
    { 0x01FA, 16 }, // U+01FA
    { 0x01FB, 35 }, // U+01FB
    { 0x01FC, 68 }, // U+01FC
    { 0x01FD, 35 }, // U+01FD
    { 0x01FE, 69 }, // U+01FE
    { 0x01FF, 86 }, // U+01FF
    { 0x0200, 16 }, // U+0200
    { 0x0201, 119 }, // U+0201
    { 0x0202, 16 }, // U+0202
    { 0x0203, 72 }, // U+0203
    { 0x0204, 17 }, // U+0204
    { 0x0205, 120 }, // U+0205
    { 0x0206, 17 }, // U+0206
    { 0x0207, 121 }, // U+0207
    { 0x0208, 17 }, // U+0208
    { 0x0209, 122 }, // U+0209
    { 0x020A, 17 }, // U+020A
    { 0x020B, 123 }, // U+020B
    { 0x020C, 22 }, // U+020C
    { 0x020D, 124 }, // U+020D
    { 0x020E, 22 }, // U+020E
    { 0x020F, 84 }, // U+020F
    { 0x0210, 17 }, // U+0210
    { 0x0211, 125 }, // U+0211
    { 0x0212, 17 }, // U+0212
    { 0x0213, 126 }, // U+0213
    { 0x0214, 25 }, // U+0214
    { 0x0215, 127 }, // U+0215
    { 0x0216, 25 }, // U+0216
    { 0x0217, 47 }, // U+0217
    { 0x0218, 23 }, // U+0218
    { 0x0219, 45 }, // U+0219
    { 0x021A, 24 }, // U+021A
    { 0x021B, 46 }, // U+021B
    { 0x1EA0, 16 }, // U+1EA0
    { 0x1EA1, 35 }, // U+1EA1
    { 0x1EA2, 16 }, // U+1EA2
    { 0x1EA3, 35 }, // U+1EA3
    { 0x1EA4, 16 }, // U+1EA4
    { 0x1EA5, 72 }, // U+1EA5
    { 0x1EA6, 16 }, // U+1EA6
    { 0x1EA7, 128 }, // U+1EA7
    { 0x1EA8, 16 }, // U+1EA8
    { 0x1EA9, 72 }, // U+1EA9
    { 0x1EAA, 16 }, // U+1EAA
    { 0x1EAB, 91 }, // U+1EAB
    { 0x1EAC, 16 }, // U+1EAC
    { 0x1EAD, 72 }, // U+1EAD
    { 0x1EAE, 16 }, // U+1EAE
    { 0x1EAF, 35 }, // U+1EAF
    { 0x1EB0, 16 }, // U+1EB0
    { 0x1EB1, 35 }, // U+1EB1
    { 0x1EB2, 16 }, // U+1EB2
    { 0x1EB3, 35 }, // U+1EB3
    { 0x1EB4, 16 }, // U+1EB4
    { 0x1EB5, 91 }, // U+1EB5
    { 0x1EB6, 16 }, // U+1EB6
    { 0x1EB7, 91 }, // U+1EB7
    { 0x1EB8, 17 }, // U+1EB8
    { 0x1EB9, 37 }, // U+1EB9
    { 0x1EBA, 17 }, // U+1EBA
    { 0x1EBB, 129 }, // U+1EBB
    { 0x1EBC, 17 }, // U+1EBC
    { 0x1EBD, 130 }, // U+1EBD
    { 0x1EBE, 17 }, // U+1EBE
    { 0x1EBF, 75 }, // U+1EBF
    { 0x1EC0, 17 }, // U+1EC0
    { 0x1EC1, 131 }, // U+1EC1
    { 0x1EC2, 17 }, // U+1EC2
    { 0x1EC3, 75 }, // U+1EC3
    { 0x1EC4, 17 }, // U+1EC4
    { 0x1EC5, 96 }, // U+1EC5
    { 0x1EC6, 17 }, // U+1EC6
    { 0x1EC7, 75 }, // U+1EC7
    { 0x1EC8, 17 }, // U+1EC8
    { 0x1EC9, 132 }, // U+1EC9
    { 0x1ECA, 17 }, // U+1ECA
    { 0x1ECB, 41 }, // U+1ECB
    { 0x1ECC, 22 }, // U+1ECC
    { 0x1ECD, 37 }, // U+1ECD
    { 0x1ECE, 22 }, // U+1ECE
    { 0x1ECF, 37 }, // U+1ECF
    { 0x1ED0, 22 }, // U+1ED0
    { 0x1ED1, 83 }, // U+1ED1
    { 0x1ED2, 22 }, // U+1ED2
    { 0x1ED3, 133 }, // U+1ED3
    { 0x1ED4, 22 }, // U+1ED4
    { 0x1ED5, 83 }, // U+1ED5
    { 0x1ED6, 22 }, // U+1ED6
    { 0x1ED7, 134 }, // U+1ED7
    { 0x1ED8, 22 }, // U+1ED8
    { 0x1ED9, 83 }, // U+1ED9
    { 0x1EDA, 22 }, // U+1EDA
    { 0x1EDB, 37 }, // U+1EDB
    { 0x1EDC, 22 }, // U+1EDC
    { 0x1EDD, 82 }, // U+1EDD
    { 0x1EDE, 22 }, // U+1EDE
    { 0x1EDF, 37 }, // U+1EDF
    { 0x1EE0, 22 }, // U+1EE0
    { 0x1EE1, 84 }, // U+1EE1
    { 0x1EE2, 22 }, // U+1EE2
    { 0x1EE3, 37 }, // U+1EE3
    { 0x1EE4, 25 }, // U+1EE4
    { 0x1EE5, 47 }, // U+1EE5
    { 0x1EE6, 25 }, // U+1EE6
    { 0x1EE7, 47 }, // U+1EE7
    { 0x1EE8, 25 }, // U+1EE8
    { 0x1EE9, 47 }, // U+1EE9
    { 0x1EEA, 25 }, // U+1EEA
    { 0x1EEB, 87 }, // U+1EEB
    { 0x1EEC, 25 }, // U+1EEC
    { 0x1EED, 47 }, // U+1EED
    { 0x1EEE, 25 }, // U+1EEE
    { 0x1EEF, 47 }, // U+1EEF
    { 0x1EF0, 25 }, // U+1EF0
    { 0x1EF1, 47 }, // U+1EF1
    { 0x1EF2, 29 }, // U+1EF2
    { 0x1EF3, 135 }, // U+1EF3
    { 0x1EF4, 29 }, // U+1EF4
    { 0x1EF5, 51 }, // U+1EF5
    { 0x1EF6, 29 }, // U+1EF6
    { 0x1EF7, 51 }, // U+1EF7
    { 0x1EF8, 29 }, // U+1EF8
    { 0x1EF9, 136 }, // U+1EF9
    { 0x2013, 137 }, // U+2013
    { 0x2014, 137 }, // U+2014
    { 0x2018, 138 }, // U+2018
    { 0x2019, 139 }, // U+2019
    { 0x201A, 140 }, // U+201A
    { 0x201C, 138 }, // U+201C
    { 0x201D, 139 }, // U+201D
    { 0x201E, 140 }, // U+201E
    { 0x2020, 141 }, // U+2020
    { 0x2021, 142 }, // U+2021
    { 0x2022, 143 }, // U+2022
    { 0x2026, 10 }, // U+2026
    { 0x2032, 144 }, // U+2032
    { 0x2033, 144 }, // U+2033
    { 0x2039, 59 }, // U+2039
    { 0x203A, 66 }, // U+203A
    { 0x2070, 61 }, // U+2070
    { 0x2074, 145 }, // U+2074
    { 0xFB00, 146 }, // U+FB00
    { 0xFB01, 38 }, // U+FB01
    { 0xFB02, 38 }, // U+FB02
    { 0xFB03, 146 }, // U+FB03
    { 0xFB04, 146 }, // U+FB04
};

static const int8_t newsreader_18_bolditalicKernMatrix[] = {
       0,    0,   -2,    0,    0,    0,   -2,   -1,    0,   -1,   -1,    0,    0,   -2,    0,   -1,    0,    0,   -2,    0,    0,    0,    0,   -2,    0,   -2,   -2,   -1,   -2,    0,    0,   -2,   -1,   -1,    0,    0,    0,   -1,    0,    0,    0,    0,    0,    0,    0,    0,    0,    0,    0,    0,   -1,    0,    0,    0,    0,    0,    0,    0,    0,   -1,    0,    0,    0,    0,    0,    0,    0,   -1,    0,   -1,    0,    0,    0,    0,    0,    0,    0,    0,    0,    0,    0,    0,    0,    0,    0,    0,    0,    0,    0,   -1,    0,    0,    0,    0,    0,    0,    0,    0,    0,    0,    0,    0,    0,    0,    0,    0,    0,    0,    0,    0,    0,    0,   -2,    0,    0,   -1,    0,    0,    0,    0,    0,    0,    0,    0,    0,    0,    0,    0,    0,    0,    0,    0,    0,    0,   -1,   -1,    0,   -2,   -2,   -1,    0,    0,    0,   -2,    0,   -1,
      -2,    0,    0,   -1,    0,    0,    0,   -4,   -4,   -4,    0,    0,    0,    0,    0,   -3,    0,    0,   -3,    0,    0,    0,    0,    0,    0,    1,    1,    0,    1,    0,    0,    0,    0,    0,   -2,    1,   -2,    0,   -1,    1,   -1,   -1,    0,   -1,   -1,    0,   -1,   -1,   -1,   -2,    0,   -1,   -1,    0,    0,   -1,    0,    0,   -3,    0,    0,    0,    0,    0,    0,   -1,   -4,   -3,    0,    0,   -2,   -2,   -2,   -2,   -3,   -2,    1,   -1,    0,    1,    0,   -3,   -2,   -2,   -3,   -2,   -1,   -1,    2,    0,   -2,   -3,   -2,   -2,   -3,   -3,   -2,   -2,    2,    0,   -1,    0,    0,   -1,    0,    0,    0,   -2,   -2,   -1,   -1,    0,    0,    0,   -1,    0,   -1,   -2,   -3,    0,   -3,    3,    0,   -1,    0,   -1,   -1,   -2,   -2,   -2,    1,   -1,    0,   -2,    0,    0,   -4,    0,    0,   -4,    0,    0,    0,    0,    0,    0,
      -2,    0,   -1,    0,    0,    0,   -2,    0,    0,    0,    0,    0,    0,    0,    0,    1,    0,    0,    1,    0,    0,    0,    0,   -3,   -2,   -3,   -2,    1,   -3,    0,    0,    0,    0,    0,    0,    0,    0,    0,    0,    0,    0,    0,    0,    0,    0,    0,    0,    0,    0,    0,    0,    0,    0,    0,    0,    0,    0,    0,   -1,    0,    0,    0,    0,    0,    0,    0,    0,    1,    0,    0,    0,    0,    0,    0,    0,    0,    0,    0,    0,    0,    0,    0,    0,    0,    0,    0,    0,    0,    0,    0,    0,    0,    0,    0,    0,    0,    0,    0,    0,    0,    0,    0,    0,    0,    0,    0,    0,    0,    0,    0,    0,    0,   -3,    0,    0,    0,    0,    0,    0,    0,    0,    0,    0,    0,    0,    0,    0,    0,    0,    0,    0,    0,    0,    0,    0,    0,    0,   -1,   -1,    0,    0,    0,    0,   -1,    0,    0,
       0,    0,    1,   -1,   -1,    0,    0,   -1,   -3,   -2,    0,   -2,   -1,    0,    0,    0,    0,   -1,    0,    0,    0,   -1,    0,    0,    0,    0,    0,    0,    0,    0,    0,    0,    0,    0,   -2,    1,   -2,    1,    0,    1,   -1,    2,    0,   -2,   -1,   -1,   -2,   -2,   -2,   -1,   -2,   -2,   -1,    0,    0,    0,   -1,    0,   -2,    0,    0,    0,    0,    0,    0,   -2,    0,    0,   -1,    1,   -2,   -2,   -2,   -1,   -2,   -2,    0,   -1,   -1,    0,    0,   -2,   -2,   -2,   -2,   -2,   -2,   -2,    1,   -2,   -2,   -2,   -2,   -2,   -2,   -2,    0,    0,    1,    0,   -1,   -1,    0,   -1,    2,    0,    0,   -2,   -2,   -2,   -1,   -1,    0,   -1,   -2,   -2,   -2,    0,   -2,    0,   -2,    2,   -1,   -1,    0,   -2,   -2,    0,   -2,   -2,    2,   -1,    1,   -2,   -2,   -2,   -3,    0,    0,   -2,    0,    0,    0,    0,    0,    1,
       0,    0,   -1,    0,    0,   -1,   -2,    0,    0,    0,    0,    0,    0,    0,    0,    0,    0,    0,    0,    0,    0,    0,    0,    0,    0,    0,    0,    0,    0,    0,    0,    0,   -1,    0,    0,    0,    0,    0,    0,    0,    0,    0,    0,    0,    0,    0,    0,    0,    0,    0,    0,    0,    0,    0,   -1,    0,    0,    0,    0,    0,    0,    0,    0,    0,    0,    0,    0,    0,    0,    0,    0,    0,    0,    0,    0,    0,    0,    0,    0,    0,    0,    0,    0,    0,    0,    0,    0,    0,    0,    0,    0,    0,    0,    0,    0,    0,    0,    0,    0,    0,    0,    0,    0,    0,    0,    0,    0,    0,    0,    0,    0,    0,    0,    0,    0,    0,    0,    0,    0,    0,    0,    0,    0,    0,    0,    0,    0,    0,    0,    0,    0,    0,    0,    0,    0,    0,    0,   -1,    0,    0,    0,    0,    0,    0,    0,    0,
      -2,    0,    0,   -1,    0,   -2,    0,   -5,   -3,   -5,    0,   -1,   -1,   -1,    0,   -3,   -1,    0,   -3,   -1,   -1,    0,    0,    0,   -1,   -1,   -1,   -2,   -2,    0,    0,    0,   -2,    0,   -2,    0,   -1,    0,   -1,    0,   -1,   -1,    0,   -1,   -1,    0,   -1,    0,    0,   -1,    0,   -1,    0,    0,   -2,   -1,    0,    0,   -2,    0,    0,    0,    0,    0,    0,   -1,   -4,   -4,    0,    0,   -2,   -2,   -2,   -1,   -1,   -1,   -1,   -1,    1,    0,   -1,   -1,   -1,   -1,   -1,   -1,   -1,   -1,    0,    0,   -2,   -1,   -1,   -1,   -1,   -1,   -1,   -1,    1,   -1,    0,   -1,   -1,   -1,    1,   -1,   -1,   -1,   -1,   -1,    1,   -1,    0,    0,   -1,    0,   -1,   -1,   -2,   -1,   -1,   -1,    1,   -1,   -1,   -1,   -1,   -2,   -1,   -1,   -1,   -1,   -1,   -1,    0,    0,   -3,    0,    0,   -5,    0,    0,    0,    0,    0,    0,
      -1,    0,   -4,   -1,   -1,   -1,   -5,    0,   -2,    0,    0,    0,    0,   -2,   -2,    0,    0,   -3,    0,    0,    0,   -2,   -1,   -4,   -3,   -4,   -3,    0,   -4,    0,    0,   -4,    0,    0,    0,   -1,   -1,    1,   -1,    0,   -2,    1,    0,   -2,    0,   -2,   -2,   -2,   -2,    0,   -4,   -1,   -2,   -1,   -1,    0,   -3,    0,   -2,   -5,    0,    0,   -2,    0,    0,    0,    0,    0,   -4,    1,    0,    0,    0,   -1,   -1,   -1,   -2,   -2,   -2,   -2,   -1,   -1,   -1,   -1,   -1,   -2,   -2,   -2,    0,   -4,    0,   -1,   -1,   -1,   -1,   -1,   -1,   -1,    0,    0,   -2,   -2,   -2,   -2,    1,    0,   -1,   -1,   -1,   -2,    0,    0,   -4,   -2,   -2,   -4,   -1,   -1,    0,   -1,   -1,   -2,   -2,   -1,   -2,   -2,   -2,    0,   -1,   -1,   -1,   -2,   -1,   -1,   -4,   -4,   -2,   -6,   -5,    0,    0,    0,    0,   -5,    0,    1,
       0,    0,   -4,    0,    0,   -3,   -5,   -1,    0,   -1,    0,   -1,   -1,    0,    0,   -2,   -2,   -1,   -2,   -2,   -2,   -1,    0,   -4,   -1,   -3,   -3,   -3,   -4,   -2,   -1,    0,   -2,    0,    0,    0,    0,   -2,    0,    0,   -1,   -1,    0,   -1,   -1,   -1,   -1,   -1,   -1,   -1,    0,   -1,    0,    0,   -2,    0,    0,    0,    0,    0,    0,    0,    0,    0,    0,   -2,    0,   -2,   -1,   -2,    0,    0,    0,    0,    0,    0,   -1,   -1,   -1,   -1,    0,    0,    0,    0,    0,    0,   -1,   -1,    0,    0,    0,    0,    0,    0,    0,    0,    0,    0,    0,   -2,   -1,   -1,   -1,   -1,   -1,    0,    0,    0,    0,   -1,   -1,   -1,   -7,   -1,   -1,    0,   -1,    0,    0,    0,    0,   -1,   -1,    0,   -1,   -1,   -1,    0,    0,    0,    0,   -1,    0,    0,    0,    0,    0,   -5,   -4,   -1,    0,    0,    0,   -4,    0,   -2,
      -1,    0,   -4,   -1,   -1,   -1,   -5,    0,   -2,    0,    0,    0,    0,   -2,   -2,    0,    0,   -3,    0,    0,    0,   -2,   -1,   -4,   -3,   -4,   -3,    0,   -4,    0,    0,   -4,    0,    0,    0,   -1,   -1,   -1,   -1,    0,   -2,   -2,    0,   -2,    0,   -2,   -2,   -2,   -2,    0,   -4,   -1,   -2,   -1,   -1,    0,   -3,    0,   -2,   -5,    0,    0,   -2,    0,    0,    0,    0,    0,   -4,   -1,    0,    0,    0,   -1,   -1,   -1,   -2,   -2,   -2,   -2,   -1,   -1,   -1,   -1,   -1,   -1,   -2,   -2,    0,   -4,    0,   -1,   -1,   -1,   -1,   -1,   -1,   -1,    0,    0,   -2,   -2,   -2,   -2,   -2,    0,   -1,   -1,   -1,   -2,    0,    0,   -4,   -2,   -2,   -4,   -1,   -1,    0,   -1,   -1,   -2,   -2,   -1,   -2,   -2,   -2,    0,   -1,   -1,   -1,   -2,   -1,   -1,   -4,   -4,   -2,   -6,   -5,    0,    0,    0,    0,   -5,    0,   -1,
      -1,    0,    0,    0,    0,    0,    0,   -3,    0,   -3,   -6,   -1,   -1,    0,    0,   -3,    0,    0,   -2,    0,    0,    0,    0,    0,    0,    0,    0,    0,    0,    0,    0,    0,    0,    0,   -3,    0,   -4,    0,   -3,    0,    0,    0,    0,   -1,   -3,    0,   -2,   -1,   -1,   -2,   -1,   -1,    0,    0,    0,    0,    0,    0,    0,    0,    0,    0,    0,    0,    0,    0,    0,   -3,    0,    0,   -3,   -3,   -3,   -4,   -4,   -4,    0,    0,    0,    0,    0,   -4,   -4,   -4,   -4,   -4,   -2,   -2,    0,   -1,   -3,   -4,   -4,   -4,   -4,   -4,   -3,   -3,    0,    0,    0,    0,    0,    0,    0,    0,    0,   -4,   -4,   -1,   -3,   -3,    0,    0,   -2,   -1,   -1,   -3,   -3,   -4,   -4,    0,    0,   -4,   -1,   -1,   -2,   -3,   -4,   -4,   -4,    0,   -4,   -4,   -1,   -1,    0,    0,    0,   -3,    0,    0,    0,    0,    0,    0,
       0,    0,   -1,    0,    0,   -1,   -2,    0,   -1,    0,    0,    0,    0,   -1,    0,    0,    0,    0,    0,    0,    0,    0,    0,   -2,   -1,   -3,   -2,    0,   -3,    0,    0,   -2,    0,    0,    0,    0,    0,    0,    0,    0,    0,    0,    0,    0,    0,    0,    0,    0,    0,    0,    0,    0,    0,    0,    0,    0,    0,    0,   -1,   -1,    0,    0,   -1,    0,    0,    0,    0,    0,    0,    0,    0,    0,    0,    0,    0,    0,    0,    0,    0,    0,    0,    0,    0,    0,    0,    0,    0,    0,    0,    0,    0,    0,    0,    0,    0,    0,    0,    0,    0,    0,    0,    0,    0,    0,    0,    0,   -1,    0,    0,    0,    0,    0,   -4,    0,    0,    0,    0,    0,    0,    0,    0,    0,    0,    0,    0,    0,    0,    0,    0,    0,    0,    0,    0,    0,    0,    0,   -1,   -1,   -1,    0,    0,    0,    0,   -1,    0,    0,
       0,    0,   -1,    0,    0,   -1,   -2,    0,   -1,    0,    0,    0,    0,   -1,    0,    0,    0,    0,    0,    0,    0,    0,    0,   -2,   -1,   -3,   -2,    0,   -3,    0,    0,   -2,    0,    0,    0,    0,    0,    1,    0,    0,    0,    3,    0,    0,    0,    0,    0,    0,    0,    0,    0,    0,    0,    0,    0,    0,    0,    0,   -1,   -1,    0,    0,   -1,    0,    0,    0,    0,    0,    0,    1,    0,    0,    0,    0,    0,    0,    0,    0,    0,    0,    0,    0,    0,    0,    0,    0,    0,    0,    0,    0,    0,    0,    0,    0,    0,    0,    0,    0,    0,    0,    0,    0,    0,    0,    3,    0,   -1,    0,    0,    0,    0,    0,   -4,    0,    0,    0,    0,    0,    0,    0,    0,    0,    0,    0,    0,    0,    0,    0,    0,    0,    0,    0,    0,    0,    0,    0,   -1,   -1,   -1,    0,    0,    0,    0,   -1,    0,    1,
       0,    0,    0,    0,    0,   -2,   -1,    0,    0,    0,    0,    0,    0,   -2,    0,    0,    0,    0,    0,    0,    0,    0,    0,    0,    0,    0,    0,    0,    0,    0,    0,    0,   -1,    0,    0,    0,    0,    0,    0,    0,    0,    0,    0,    0,    0,    0,    0,    0,    0,    0,    0,    0,    0,    0,   -1,    0,    0,    0,   -1,    0,    0,    0,    0,    0,    0,    0,    0,    0,    0,    0,    0,    0,    0,    0,    0,    0,    0,    0,    0,    0,    0,    0,    0,    0,    0,    0,    0,    0,    0,    0,    0,    0,    0,    0,    0,    0,    0,    0,    0,    0,    0,    0,    0,    0,    0,    0,    0,    0,    0,    0,    0,    0,    0,    0,    0,    0,    0,    0,    0,    0,    0,    0,    0,    0,    0,    0,    0,    0,    0,    0,    0,    0,    0,    0,    0,    0,    0,    0,    0,   -2,    0,    0,    0,    0,    0,    0,
      -1,    0,    0,    0,    0,    0,    0,   -1,    0,   -1,    0,    0,    0,    0,    0,   -2,   -1,    0,   -2,   -1,   -1,    0,    0,   -1,   -1,   -2,   -2,   -2,   -3,   -1,    0,    0,    0,    0,    0,    0,    0,    0,    0,    0,    0,    0,    0,    0,    0,    0,    0,    0,    0,    0,    0,    0,    0,    0,    0,    0,    0,    0,    0,    0,    0,    0,    0,    0,    0,    0,    0,   -2,    0,    0,    0,    0,    0,    0,    0,    0,    0,    0,    0,    0,    0,    0,    0,    0,    0,    0,    0,    0,    0,    0,    0,    0,    0,    0,    0,    0,    0,    0,    0,   -1,    0,    0,    0,    0,    0,    0,    0,    0,    0,    0,    0,    0,   -1,    0,    0,    0,    0,    0,    0,    0,    0,    0,    0,    0,    0,    0,    0,    0,    0,    0,    0,    0,    0,    0,    0,    0,    0,    0,    0,   -1,    0,    0,    0,    0,    0,    0,
      -2,    0,   -3,   -1,    0,    0,   -4,    0,   -2,    0,    0,    0,    0,   -2,   -2,    0,    0,   -3,    0,    0,    0,   -3,   -1,   -4,   -3,   -4,   -3,    0,   -5,   -1,    0,   -3,    0,    0,   -1,   -1,   -1,   -2,   -1,    0,   -1,   -1,    0,   -1,    0,   -2,   -1,   -2,   -1,    0,   -2,    0,    0,    0,   -1,    0,   -2,   -3,   -2,   -3,    0,    0,   -2,    0,   -3,    0,    0,    0,   -3,   -2,   -1,   -1,   -1,   -1,   -1,   -1,   -1,   -1,   -1,   -1,   -1,   -1,   -1,   -1,   -1,   -1,   -1,   -1,    0,   -2,   -1,   -1,   -1,   -1,   -1,   -1,   -1,   -1,    0,    0,   -1,   -1,   -1,   -1,   -1,   -1,   -1,   -1,   -1,   -1,    0,    0,   -4,   -2,   -1,   -2,    0,   -1,   -1,   -1,   -1,   -1,   -1,   -1,   -1,   -1,   -1,   -1,   -1,   -1,   -1,   -1,   -1,   -1,   -2,   -2,   -2,   -4,   -4,    0,   -4,   -3,   -2,    0,    0,   -2,
       0,    0,    0,    0,    0,   -1,   -1,    0,    0,    0,    0,    0,    0,   -1,    0,   -2,   -1,    0,   -1,   -1,   -1,    0,    0,   -1,   -1,   -2,   -2,   -1,   -3,   -1,    0,    0,   -1,    0,    0,    0,    0,   -1,   -1,    0,    0,    0,    0,    0,    0,   -1,    0,    0,    0,    0,   -1,   -1,    0,    0,   -1,    0,    0,    0,    0,    0,    0,    0,    0,    0,    0,    0,    0,   -2,    0,   -1,    0,    0,    0,    0,    0,    0,    0,    0,    0,    0,    0,    0,    0,    0,    0,    0,    0,    0,    0,   -1,    0,    0,    0,    0,    0,    0,   -1,   -1,    0,   -1,    0,    0,    0,    0,    0,    0,    0,    0,    0,    0,    0,    0,   -1,   -1,    0,   -1,   -1,   -1,    0,    0,    0,    0,    0,    0,    0,    0,    0,    0,    0,    0,    0,    0,    0,    0,   -1,   -1,    0,    0,   -1,    0,   -1,   -1,    0,    0,    0,   -1,
       0,    0,    0,    0,    0,    0,   -1,    0,    0,    0,    0,    0,    0,   -1,    0,    0,    0,    0,    0,    0,    0,    0,    0,   -1,    0,   -1,   -1,    0,   -1,    0,    0,    0,    0,    0,    0,    0,    0,   -1,   -1,    0,    0,   -1,    0,    0,    0,    0,    0,    0,    0,    0,   -1,    0,    0,    0,    0,    0,    0,    0,    0,    0,    0,    0,    0,    0,    0,    0,    0,    0,    0,   -1,    0,    0,    0,    0,    0,    0,    0,    0,    0,    0,    0,    0,    0,    0,    0,    0,    0,    0,    0,   -1,    0,    0,    0,    0,    0,    0,   -1,   -1,    0,    0,    0,    0,    0,    0,   -1,    0,    0,    0,    0,    0,    0,    0,   -1,    0,    0,   -1,    0,   -1,    0,    0,    0,    0,    0,    0,    0,    0,    0,    0,    0,    0,    0,    0,    0,    0,   -1,   -1,    0,    0,    0,    0,   -1,    0,    0,    0,    0,   -1,
       0,    0,   -1,    0,    0,   -2,   -2,   -1,    0,   -1,    0,    0,    0,   -2,    0,   -2,   -1,    0,   -1,   -1,   -1,    0,    0,   -1,   -1,   -3,   -2,   -3,   -3,   -1,    0,   -1,   -1,    0,    0,    0,    0,    0,    0,    0,    0,    0,    0,    0,    0,    0,    0,    0,    0,    0,    0,    0,    0,    0,   -1,    0,    0,    0,    0,    0,    0,    0,    0,    0,    0,   -1,    0,   -2,    0,    0,    0,    0,    0,    0,    0,    0,    0,    0,    0,    0,    0,    0,    0,    0,    0,    0,    0,    0,    0,    0,    0,    0,    0,    0,    0,    0,    0,    0,    0,   -1,    0,    0,    0,    0,    0,    0,    0,    0,    0,    0,    0,    0,   -1,    0,    0,    0,    0,    0,    0,    0,    0,    0,    0,    0,    0,    0,    0,    0,    0,    0,    0,    0,    0,    0,    0,    0,    0,   -1,    0,   -1,   -1,    0,    0,    0,    0,    0,
       0,    0,    0,    0,    0,    0,   -1,    0,    0,    0,    0,    0,    0,    0,    0,    0,    0,    0,    0,    0,    0,    0,    0,   -1,    0,   -1,   -1,   -1,   -1,    0,    0,    0,    0,    0,    0,    0,    0,   -1,   -1,    0,   -1,   -1,    0,   -1,    0,   -1,   -1,   -1,   -1,    0,   -1,   -1,    0,    0,    0,    0,    0,    0,    0,    0,    0,    0,    0,    0,    0,    0,    0,    0,    0,   -1,    0,    0,    0,    0,    0,    0,   -1,   -1,   -1,   -1,    0,    0,    0,    0,    0,    0,   -1,   -1,    0,   -1,    0,    0,    0,    0,    0,    0,   -1,   -1,    0,    0,   -1,   -1,   -1,   -1,   -1,    0,    0,    0,    0,   -1,    0,    0,   -1,   -1,   -1,   -1,   -1,   -1,    0,    0,    0,   -1,   -1,    0,   -1,   -1,   -1,    0,    0,    0,    0,   -1,    0,    0,   -1,   -1,    0,    0,    0,    0,   -1,    0,    0,    0,    0,   -1,
      -1,    0,    0,   -1,    0,    0,    0,   -4,   -3,   -4,   -2,   -1,   -1,    0,    0,   -3,    0,   -1,   -3,   -1,    0,   -1,    0,    0,    0,    0,    0,   -1,    0,    0,    0,    0,    0,    0,   -2,    0,   -2,   -1,   -2,    0,   -2,   -1,    0,   -2,   -2,   -1,   -2,   -2,   -2,   -2,   -1,   -2,    0,    0,    0,    0,    0,    0,   -2,    0,    0,    0,   -2,    0,    0,   -1,    0,   -3,   -1,   -1,   -2,   -2,   -2,   -2,   -2,   -2,   -1,   -2,   -1,    0,   -1,   -2,   -2,   -2,   -2,   -2,   -2,   -2,    0,   -1,   -2,   -2,   -2,   -2,   -2,   -2,   -2,   -2,    1,    0,   -1,   -1,   -1,   -2,    0,   -1,   -1,   -2,   -2,   -2,   -1,   -2,    0,   -1,   -2,   -1,   -2,   -2,   -2,   -1,   -2,    1,   -1,   -2,   -1,   -2,   -2,   -2,   -2,   -2,    1,   -2,    0,   -2,   -1,   -1,   -3,    0,    0,   -4,    0,    0,   -2,    0,    0,   -1,
       0,    0,   -1,    0,    0,    0,   -2,    0,    0,    0,    0,    0,    0,   -2,    0,   -1,    0,    0,   -1,    0,    0,    0,    0,   -1,   -1,   -2,   -1,   -1,   -2,   -1,    0,   -1,    0,    0,    0,    0,    0,   -1,    0,    0,    0,    0,    0,    0,    0,   -1,    0,    0,    0,    0,    0,    0,    0,    0,    0,    0,    0,    0,    0,   -1,    0,    0,    0,    0,    0,    0,    0,   -1,    0,   -1,    0,    0,    0,    0,    0,    0,    0,    0,    0,    0,    0,    0,    0,    0,    0,    0,    0,    0,    0,    0,    0,    0,    0,    0,    0,    0,    0,    0,    0,    0,    0,    0,    0,    0,    0,    0,    0,    0,    0,    0,    0,    0,   -1,   -1,    0,    0,    0,    0,    0,    0,    0,    0,    0,    0,    0,    0,    0,    0,    0,    0,    0,    0,    0,    0,    0,    0,    0,   -1,   -1,    0,   -1,   -1,    0,    0,    0,   -1,
       0,    0,    0,   -1,    0,    0,    0,    0,   -1,    0,    0,    0,    0,    0,   -1,    0,    0,   -1,    0,    0,    0,   -1,    0,    0,    0,    0,    0,    0,    0,    0,    0,    0,    0,    0,   -1,    0,   -1,   -1,   -1,    0,   -1,   -1,    0,   -1,   -1,   -1,   -1,   -1,   -1,    0,   -1,   -1,    0,    0,    0,    0,    0,    0,   -2,    0,    0,    0,   -1,    0,    0,   -1,    0,    0,   -1,   -1,   -1,   -1,   -1,   -1,   -1,   -1,   -1,   -1,   -1,   -1,   -1,   -1,   -1,   -1,   -1,   -1,   -1,   -1,    0,   -1,   -1,   -1,   -1,   -1,   -1,   -1,   -1,   -1,    0,    0,   -1,   -1,   -1,   -1,   -1,    0,   -1,   -1,   -1,   -1,   -1,   -1,    0,   -1,   -1,   -1,   -1,   -1,   -1,   -1,   -1,    1,   -1,   -1,   -1,   -1,   -1,   -1,   -1,   -1,   -1,   -1,   -1,   -1,   -1,   -1,   -1,    0,    0,    0,    0,    0,    0,    0,    0,   -1,
       0,    0,    0,   -1,    0,    0,    1,   -2,   -1,   -2,    0,   -1,   -1,    0,   -1,   -2,    0,   -1,   -1,    0,    0,    0,    0,    0,    0,    0,    0,    0,    0,    0,    0,    0,    0,    0,   -1,    1,   -1,   -1,   -1,    0,   -1,   -1,    0,   -1,   -1,   -1,   -1,   -1,   -1,   -1,   -1,   -1,    0,    0,    0,    0,    0,    0,   -2,    0,    0,    0,   -1,    0,    0,   -2,    0,   -2,    0,   -1,   -1,   -1,   -1,   -1,   -1,   -1,    0,   -1,   -1,    0,   -1,   -1,   -1,   -1,   -1,   -1,   -1,   -1,    0,   -1,   -1,   -1,   -1,   -1,   -1,   -1,   -1,   -1,    0,    0,   -1,   -1,   -1,   -1,   -1,    0,   -1,   -1,   -1,   -1,   -1,   -2,    0,   -1,   -1,   -1,   -1,   -1,   -1,   -1,   -1,    2,   -1,   -2,   -1,   -1,   -1,   -1,   -1,   -1,    0,   -1,   -1,   -1,   -1,   -1,   -1,    0,    0,   -2,    0,    0,    0,    0,    0,   -1,
      -1,    0,    0,   -1,    0,    0,    0,    0,   -3,    0,    0,    0,    0,   -1,   -2,    0,    0,   -3,    0,    0,    0,   -3,   -1,    0,   -1,   -1,   -1,    0,   -1,    0,    0,    0,    0,    0,   -1,    1,   -2,   -2,   -1,    0,   -1,   -1,    0,   -1,   -1,   -2,   -2,   -2,   -2,   -1,   -3,   -1,    0,    0,    0,    0,   -2,   -1,   -2,   -1,    0,    0,   -2,    0,   -1,    0,    0,    0,   -3,   -2,   -1,   -1,   -1,   -2,   -2,   -2,   -1,   -1,   -1,   -1,   -2,   -2,   -2,   -2,   -2,   -2,   -2,   -2,    0,   -3,   -1,   -2,   -2,   -2,   -2,   -2,   -1,   -1,    0,    0,   -1,   -1,   -1,   -1,   -1,   -1,   -1,   -2,   -2,   -1,   -1,   -1,    0,   -2,   -2,   -3,   -1,   -1,   -1,   -2,   -2,    1,   -1,   -3,   -2,   -1,   -2,   -1,   -2,   -2,   -1,   -1,   -2,   -2,   -6,   -3,   -3,   -1,    0,    0,    0,   -1,   -2,    0,    0,   -2,
      -2,    0,   -4,    0,    0,    0,   -5,    0,    0,    0,    0,    0,    0,   -2,    0,    0,    0,   -1,    0,    0,    0,   -1,   -1,   -4,   -1,   -4,   -3,   -1,   -5,   -1,    0,   -2,    0,    0,    0,    0,    0,   -2,    0,    0,   -1,   -1,    0,   -1,    0,   -1,   -1,   -1,   -1,    0,   -1,   -1,    0,    0,    0,    0,   -1,   -1,    1,   -4,    0,    0,    0,    0,   -1,    0,    0,    0,   -1,   -2,    0,    0,    0,    0,    0,    0,   -1,   -1,   -1,   -1,    0,    0,    0,    0,    0,    0,   -1,   -1,    0,   -1,    0,    0,    0,    0,    0,    0,    0,    0,    0,    0,   -1,   -1,   -1,   -1,   -1,   -1,    0,    0,    0,   -1,    0,    0,   -4,   -1,   -1,   -1,   -1,    0,    0,    0,    0,   -1,   -1,    0,   -1,   -1,   -1,    0,    0,    0,    0,   -1,    0,    0,   -1,   -1,    0,   -4,   -4,    0,   -5,   -4,    0,    0,    0,   -2,
       0,    0,    0,   -1,    0,    0,   -1,    0,   -1,    0,    0,    0,    0,    0,   -1,    0,    0,   -1,    0,    0,    0,   -1,    0,   -1,   -1,    0,    0,    0,    0,    0,    0,    0,    0,    0,   -1,    0,   -1,   -1,   -1,    0,   -1,   -1,    0,   -1,   -1,   -1,   -1,   -1,   -1,    0,   -2,   -1,    0,    0,    0,    0,    0,    0,   -2,    0,    0,    0,   -1,    0,    0,   -1,    0,    0,   -1,   -1,   -1,   -1,   -1,   -1,   -1,   -1,   -1,   -1,   -1,   -1,   -1,   -1,   -1,   -1,   -1,   -1,   -1,   -1,    0,   -2,   -1,   -1,   -1,   -1,   -1,   -1,   -1,   -1,    0,    0,   -1,   -1,   -1,   -1,   -1,    0,   -1,   -1,   -1,   -1,   -1,   -1,   -1,   -1,   -1,   -2,   -1,   -1,   -1,   -1,   -1,    0,   -1,   -1,   -1,   -1,   -1,   -1,   -1,   -1,   -1,   -1,   -1,   -1,   -2,   -2,   -1,   -1,    0,    0,   -1,   -1,    0,    0,    0,   -1,
       0,    0,    0,   -1,    0,    0,    0,   -1,   -1,   -1,    0,    0,   -1,    0,   -1,   -1,    0,   -1,    0,    0,    0,   -1,    0,    0,    0,    0,    0,    0,    0,    0,    0,    0,    0,    0,   -1,    1,   -1,   -1,   -1,    0,   -1,   -1,    0,   -1,   -1,   -1,   -1,   -1,   -1,   -1,   -1,   -1,    0,    0,    0,    0,    0,    0,   -1,    0,    0,    0,   -1,    0,    0,   -1,    0,   -1,   -1,   -1,   -1,   -1,   -1,   -1,   -1,   -1,    0,   -1,   -1,   -1,   -1,   -1,   -1,   -1,   -1,   -1,   -1,   -1,    0,   -1,   -1,   -1,   -1,   -1,   -1,   -1,   -1,   -1,    0,    0,   -1,   -1,   -1,   -1,   -1,    0,   -1,   -1,   -1,   -1,   -1,   -2,    0,   -1,   -1,   -1,   -1,   -1,   -1,   -1,   -1,    1,   -1,   -1,   -1,   -1,   -1,   -1,   -1,   -1,    0,   -1,   -1,   -1,   -1,   -1,   -1,    0,    0,   -1,    0,    0,    0,    0,    0,   -1,
       0,    0,   -1,    0,    0,   -2,   -2,   -1,    0,   -1,    0,    0,    0,   -2,    0,   -1,   -1,    0,   -1,   -1,   -1,    0,    0,   -1,   -1,   -3,   -2,   -3,   -3,   -1,    0,   -1,   -1,    0,    0,    0,    0,    0,    0,    0,    0,    0,    0,    0,   -1,    0,    0,    0,    0,    0,    0,    0,    0,    0,   -1,    0,    0,    0,    0,    0,    0,    0,    0,    0,    0,   -1,    0,   -2,    0,    0,    0,    0,    0,    0,    0,    0,    0,    0,    0,    0,    0,    0,    0,    0,    0,    0,    0,    0,    0,    0,    0,    0,    0,    0,    0,    0,    0,    0,    0,   -1,    0,    0,    0,    0,    0,    0,    0,    0,    0,    0,   -1,   -1,   -1,    0,    0,    0,    0,    0,    0,    0,    0,    0,    0,    0,    0,    0,    0,    0,    0,    0,    0,    0,    0,    0,    0,    0,    0,   -1,   -1,   -1,   -1,    0,    0,    0,    0,    0,
      -1,    0,    0,   -1,    0,   -1,    0,   -4,   -3,   -4,   -2,    0,    0,    0,    0,   -3,   -1,    0,   -2,   -1,   -1,    0,    0,    0,   -1,   -1,   -1,   -3,   -2,    0,    0,    0,   -1,    0,   -1,    0,   -1,    0,   -1,    0,    0,    0,    0,    0,    0,    0,    0,    0,    0,   -1,    0,    0,    0,    0,    0,    0,    0,    0,   -2,    0,    0,    0,   -3,    0,    0,    0,    0,   -3,    0,    0,   -1,   -1,   -1,   -1,   -1,   -1,    0,    0,    0,    0,   -1,   -1,   -1,   -1,   -1,   -1,    0,    0,    0,    0,   -1,   -1,   -1,   -1,   -1,   -1,   -1,   -1,    0,   -1,    0,    0,    0,    0,    0,   -1,   -1,   -1,   -1,    0,    0,    0,    0,    0,    0,    0,    0,   -1,   -1,   -1,   -1,    0,    0,   -1,    0,    0,    0,   -1,   -1,   -1,   -1,    0,   -1,   -1,    0,    0,   -3,    0,    0,   -4,    0,    0,    0,    0,    0,    0,
       0,    0,   -1,    0,    0,    1,   -2,    2,    0,   -1,    0,    0,    2,   -2,    0,   -1,   -1,    0,   -1,   -1,   -1,    0,    0,   -1,   -1,   -3,   -2,   -3,   -3,   -1,    0,   -1,    2,    3,    0,    0,    0,    0,    0,    0,    0,    1,    0,    0,   -1,    0,    0,    0,    0,    0,    0,    0,    0,    0,    1,    0,    0,    0,    0,    0,    0,    0,    0,    0,    0,   -1,    0,   -2,    0,    0,    0,    0,    0,    0,    0,    0,    0,    0,    0,    0,    0,    0,    0,    0,    0,    0,    0,    0,    0,    0,    0,    0,    0,    0,    0,    0,    0,    0,    0,   -1,    0,    0,    0,    0,    1,    0,    0,    0,    0,    0,   -1,   -1,   -1,    0,    0,    0,    0,    0,    0,    0,    0,    0,    0,    0,    0,    0,    0,    0,    0,    0,    0,    0,    0,    0,    0,    0,    0,   -1,   -1,    1,   -1,    0,    0,    0,    0,    0,
      -1,    0,   -1,   -1,    0,    0,   -2,    0,   -2,    0,    0,    0,    0,   -2,   -1,    0,    0,   -1,    0,    0,    0,   -1,    0,   -1,   -1,   -2,   -2,    0,   -2,    0,    0,   -1,    0,    0,    0,    0,   -1,   -1,    0,    0,    0,    0,    0,    0,    0,    0,   -1,   -1,   -1,    0,   -1,    0,    0,    0,    0,    0,   -1,   -1,   -2,   -1,    0,    0,   -2,    0,   -1,    0,    0,    0,   -1,   -1,    0,    0,    0,   -1,   -1,   -1,    0,    0,    0,    0,   -1,   -1,   -1,   -1,   -1,    0,   -1,   -1,    0,   -1,    0,   -1,   -1,   -1,   -1,   -1,    0,    0,    0,    0,    0,    0,    0,    0,    0,    0,    0,   -1,   -1,    0,    0,    0,   -1,    0,   -1,   -1,    0,    0,    0,   -1,   -1,    0,    0,   -1,    0,    0,   -1,    0,   -1,   -1,   -1,    0,   -1,   -1,   -1,   -1,   -2,   -1,   -2,    0,   -2,   -1,   -1,    0,    0,   -1,
       0,    0,    0,    0,    0,   -1,   -1,    0,    0,    0,    0,    0,    0,   -1,    0,   -1,    0,    0,    0,    0,    0,    0,    0,   -1,   -1,   -1,   -1,   -1,   -1,   -1,    0,    0,    0,    0,    0,    0,    0,   -1,   -1,    0,   -1,   -1,    0,    0,    0,   -1,   -1,    0,    0,    0,   -1,   -1,    0,    0,    0,    0,    0,    0,    0,    0,    0,    0,    0,    0,    0,   -1,    0,   -1,    0,   -1,    0,    0,    0,    0,    0,    0,   -1,   -1,   -1,   -1,    0,    0,    0,    0,    0,    0,   -1,   -1,    0,   -1,    0,    0,    0,    0,    0,    0,   -1,   -1,    0,    0,   -1,   -1,   -1,   -1,   -1,    0,    0,    0,    0,    0,    0,    0,   -1,   -1,   -1,   -1,   -1,   -1,    0,    0,    0,   -1,   -1,    0,    0,    0,   -1,    0,    0,    0,    0,   -1,    0,    0,   -1,   -1,    0,   -1,   -1,    0,   -1,    0,    0,    0,    0,   -1,
      -1,    0,    0,   -1,    0,    0,    0,   -3,   -4,   -3,   -2,   -1,   -1,    0,    0,   -4,    0,   -1,   -2,    0,    0,   -1,    0,    0,    0,    0,    0,    0,    0,    0,    0,    0,    0,    0,   -3,    0,   -3,   -1,   -3,    0,   -2,   -1,    0,   -3,   -3,   -1,   -3,   -3,   -3,   -3,   -3,   -3,    0,    0,    0,    0,    0,    0,   -4,    0,    0,    0,   -3,    0,    0,   -2,    0,   -5,   -1,   -1,   -3,   -3,   -3,   -5,   -5,   -5,   -1,   -4,   -2,   -1,   -1,   -3,   -3,   -3,   -6,   -3,   -3,   -3,    0,   -5,   -3,   -5,   -3,   -6,   -6,   -6,   -5,   -5,    2,    0,   -2,   -2,   -2,   -4,   -1,    0,    0,   -3,   -3,   -5,   -4,   -4,    0,   -2,   -3,   -5,   -6,   -6,   -6,   -3,   -6,    0,   -2,   -5,   -4,   -5,   -5,   -4,   -3,   -6,   -1,   -2,   -2,   -3,   -5,   -5,   -4,    0,    0,   -3,    0,    0,   -3,    0,    0,   -1,
       0,    0,    0,   -1,    0,    0,    1,   -2,   -1,   -2,    0,   -1,   -1,    0,   -1,   -2,    0,   -1,   -1,    0,    0,    0,    0,    0,    0,    0,    0,    0,    0,    0,    0,    0,    0,    0,   -1,    1,   -1,   -1,   -1,    1,   -1,   -1,    0,   -1,   -1,   -1,   -1,   -1,   -1,   -1,   -1,   -1,    0,    0,    0,    0,    0,    0,   -2,    0,    0,    0,   -1,    0,    0,   -2,    0,   -3,    0,   -1,   -1,   -1,   -1,   -1,   -1,   -1,    0,   -1,   -1,   -1,   -1,   -1,   -1,   -1,   -1,   -1,   -1,   -1,    1,   -1,   -1,   -1,   -1,   -1,   -1,   -1,   -1,   -1,    1,    0,   -1,   -1,   -1,   -1,   -1,    0,   -1,   -1,   -1,   -1,   -1,   -2,    0,   -1,   -1,   -1,   -1,   -1,   -1,   -1,   -1,    2,   -1,   -2,   -1,   -1,   -1,   -1,   -1,   -1,    0,   -1,   -1,   -1,   -1,   -1,   -1,    0,    0,   -2,    0,    0,    0,    0,    0,   -1,
      -1,    0,    1,   -2,    0,    0,    2,   -4,   -3,   -4,   -2,   -2,   -2,    1,   -2,   -4,    0,   -2,   -3,    0,    0,   -1,   -1,    0,    0,    0,    0,    0,    0,    0,    0,    0,    0,    0,   -3,    2,   -3,   -2,   -3,    1,   -1,   -1,    1,   -3,   -3,   -2,   -3,   -3,   -3,   -3,   -3,   -3,    0,    0,    0,    0,   -1,    0,   -3,    0,    0,    0,   -3,    0,    0,   -3,    0,   -5,   -1,   -2,   -3,   -3,   -3,   -1,   -3,   -2,    1,   -2,   -1,    0,   -1,   -2,   -3,   -3,   -3,   -3,   -3,   -3,    2,   -2,   -3,   -3,   -3,   -2,   -3,   -2,   -3,   -2,    1,    0,   -1,   -1,    0,   -3,   -1,   -1,    0,   -3,   -3,   -2,   -3,    0,    0,   -2,   -3,   -3,   -1,   -2,   -2,    1,   -3,    3,   -1,    0,    0,   -3,   -1,   -1,   -3,   -3,    2,   -1,    0,   -3,   -1,   -3,   -3,    0,    0,   -4,    0,    0,   -1,    0,    0,   -2,
      -1,    0,    1,   -1,    0,    0,    2,   -3,   -3,   -3,   -2,   -2,   -2,    1,   -2,   -3,    0,   -1,   -2,    0,    0,   -1,   -1,    0,    0,    0,    0,    0,    0,    0,    0,    0,    0,    0,   -2,    2,   -2,   -1,   -2,    1,   -1,   -1,    1,   -2,   -2,   -2,   -2,   -2,   -2,   -2,   -2,   -2,    0,    0,    0,    0,    0,    0,   -3,    0,    0,    0,   -2,    0,    0,   -3,    0,   -4,   -1,   -1,   -2,   -2,   -2,   -2,   -2,   -3,    1,   -2,   -1,    0,   -1,   -4,   -2,   -2,   -2,   -2,   -2,   -2,    3,   -3,   -2,   -2,   -2,   -4,   -2,   -4,   -2,   -3,    1,    0,   -1,   -1,    0,   -3,   -1,   -1,    0,   -2,   -2,   -3,   -3,   -2,    0,   -2,   -2,   -2,   -3,   -3,   -3,   -1,   -2,    2,   -1,   -2,   -1,   -2,   -2,   -3,   -2,   -2,    0,   -1,   -1,   -2,   -3,   -2,   -3,    0,    0,   -3,    0,    0,   -1,    0,    0,   -1,
      -1,    0,    0,   -1,    0,    0,    0,    0,   -2,    0,    0,    0,    0,    0,   -2,    0,    0,   -3,    0,    0,    0,   -3,   -1,    0,   -1,   -1,   -1,    0,   -1,    0,    0,    0,    0,    0,   -1,    0,   -2,   -2,   -1,    0,   -1,   -1,    0,   -1,   -1,   -2,   -2,   -2,   -2,    0,   -3,   -1,    0,    0,    0,    0,   -1,   -1,   -2,   -1,    0,    0,   -2,    0,   -1,    0,    0,    0,   -1,   -2,   -1,   -1,   -1,   -2,   -2,   -2,    0,   -1,   -1,   -1,   -2,   -2,   -2,   -2,   -2,   -1,   -2,   -2,    0,   -3,   -1,   -2,   -2,   -2,   -2,   -2,   -1,   -1,    0,    0,   -1,   -1,   -1,   -1,   -1,   -1,   -1,   -2,   -2,   -1,   -1,   -1,    0,   -2,   -2,   -3,   -1,   -1,   -1,   -1,   -2,    2,   -1,   -1,   -1,   -1,   -2,   -1,   -2,   -2,    0,   -1,   -1,   -2,   -3,   -3,   -2,   -1,    0,    0,   -1,   -1,   -2,    0,    0,   -2,
      -1,    0,    0,   -2,    0,    0,    1,   -3,   -4,   -3,   -2,   -3,   -3,    0,   -3,   -4,    0,   -2,   -3,    0,    0,   -2,   -1,    0,    0,    0,    0,   -1,    0,   -1,    0,    0,    0,    0,   -4,    1,   -4,   -3,   -4,    1,   -2,   -1,    1,   -3,   -4,   -3,   -4,   -4,   -4,   -4,   -4,   -4,    0,    0,    0,    0,   -2,   -1,   -4,    0,    0,    0,   -4,    0,   -1,   -4,    0,   -5,   -2,   -3,   -8,   -4,   -4,   -5,   -4,   -6,    0,   -4,   -2,   -1,   -1,   -6,   -4,   -4,   -7,   -4,   -6,   -4,    3,   -6,   -8,   -4,   -4,   -6,   -4,   -6,   -4,   -5,    1,    0,   -3,   -2,   -1,   -5,   -1,   -1,    0,   -4,   -7,   -6,   -7,   -4,    0,   -6,   -7,   -4,   -6,   -5,   -6,   -3,   -8,    2,   -3,   -4,   -3,   -3,   -5,   -5,   -8,   -8,   -3,   -2,   -4,   -8,   -5,   -4,   -4,    0,    0,   -3,    0,    0,   -3,    0,    0,   -5,
       0,    0,    0,    0,    0,    0,    0,    0,    0,    0,    0,    0,    0,    0,    0,    0,    0,   -1,    0,    0,    0,   -1,    0,   -1,   -1,   -1,   -1,    0,   -1,   -1,    0,    0,    0,    0,    0,    0,    0,   -2,   -1,    0,   -1,   -1,    0,   -1,    0,   -1,   -1,   -1,   -1,    0,   -2,   -1,    0,    0,    0,    0,    0,    0,    0,    0,    0,    0,    0,    0,    0,    0,    0,    0,   -1,   -2,    0,    0,    0,    0,    0,    0,   -1,   -1,   -1,   -1,   -1,    0,    0,    0,    0,    0,   -1,   -1,    0,   -2,    0,    0,    0,    0,    0,    0,   -1,   -1,    0,    0,   -1,   -1,   -1,   -1,   -1,    0,    0,    0,    0,   -1,    0,    0,   -1,   -1,   -1,   -2,   -1,   -1,    0,    0,    0,    0,   -1,    0,   -2,   -1,   -1,    0,    0,    0,    0,   -1,    0,    0,   -2,   -2,    0,   -1,    0,    0,   -1,   -1,   -1,    0,    0,   -2,
      -1,    0,    1,   -1,   -1,    0,    1,   -1,   -2,   -1,    0,    0,    0,    0,    0,    0,    0,   -1,   -1,    0,    0,   -1,    0,    0,    0,    1,    1,    0,    1,    0,    0,    0,    0,    0,   -1,    1,   -1,    2,    0,    1,   -1,    3,    0,   -1,    0,   -1,   -1,   -1,   -1,    0,   -1,   -1,    0,    0,    0,    0,   -1,    0,   -1,    0,    0,    0,    0,    0,    0,   -1,    0,   -1,   -1,    2,   -1,   -1,   -1,   -1,   -1,   -1,    1,   -1,   -1,    1,    0,   -1,   -1,   -1,   -1,   -1,   -1,   -1,    1,   -1,   -1,   -1,   -1,   -1,   -1,   -1,    0,    0,    1,    0,   -1,   -1,    0,   -1,    3,    0,    0,   -1,   -1,   -1,    0,    0,    0,   -1,   -1,   -1,   -1,    0,   -1,    1,   -1,    3,   -1,    0,    0,   -1,   -1,    0,   -1,   -1,    3,   -1,    2,   -1,   -1,   -1,   -2,    0,    0,   -1,    0,    0,    0,    0,    0,    2,
      -2,    0,    0,    0,    0,    0,    0,    0,    0,    0,    0,    0,    0,    0,    0,    0,    0,   -1,    0,    0,    0,   -1,    0,   -2,   -1,   -3,   -2,    0,   -3,    0,    0,   -5,    0,    0,    0,    0,    0,   -1,    0,    0,    0,    0,    0,    0,    0,    0,    0,    0,    0,    0,    0,    0,    0,    0,    0,    0,    0,    0,    0,    0,    0,    0,    0,    0,    0,    0,    0,    0,   -1,   -1,    0,    0,    0,    0,    0,    0,    0,    0,    0,    0,    0,    0,    0,    0,    0,    0,    0,    0,    0,    0,    0,    0,    0,    0,    0,    0,    0,    0,    0,    0,    0,    0,    0,    0,    0,    0,    0,    0,    0,    0,    0,    0,   -2,    0,    0,    0,    0,    0,    0,    0,    0,    0,    0,    0,    0,    0,    0,    0,    0,    0,    0,    0,    0,    0,    0,    0,    0,    0,    0,    0,    0,    0,    0,    0,    0,   -1,
       0,    0,    0,    0,    0,    0,    0,    0,   -1,    0,    0,    0,    0,    0,    0,    0,    0,    0,    0,    0,    0,    0,    0,    0,    0,    0,    0,    0,    0,    0,    0,    0,    0,    0,    0,    0,    0,    0,    0,    0,    0,    0,    0,    0,    0,    0,    0,    0,    0,    0,    0,    0,    0,    0,    0,    0,    0,    0,    0,    0,    0,    0,    0,    0,    0,    0,    0,    0,    0,    0,    0,    0,    0,    0,    0,    0,    0,    0,    0,    0,    0,    0,    0,    0,    0,    0,    0,    0,    0,    0,    0,    0,    0,    0,    0,    0,    0,    0,    0,    0,    0,    0,    0,    0,    0,    0,    0,    0,    0,    0,    0,    0,    0,    0,    0,    0,    0,    0,    0,    0,    0,    0,    0,    0,    0,    0,    0,    0,    0,    0,    0,    0,    0,    0,    0,    0,   -1,    0,    0,    0,    0,    0,    0,    0,    0,    0,
      -1,    0,    0,    0,    0,    0,    0,    0,    0,    0,    0,    0,    0,    0,    0,    0,    0,    0,    0,    0,    0,    0,    0,    0,    0,    0,    0,    0,    0,    0,    0,    0,    0,    0,    0,    0,    0,    3,    0,    0,    0,    4,    0,    0,    0,    0,    0,    0,    0,    0,    0,    0,    0,    0,    0,    0,    0,    0,    0,    0,    0,    0,    0,    0,    0,    0,    0,    0,    0,    3,    0,    0,    0,    0,    0,    0,    0,    0,    0,    0,    0,    0,    0,    0,    0,    0,    0,    0,    0,    0,    0,    0,    0,    0,    0,    0,    0,    0,    0,    0,    0,    0,    0,    0,    4,    0,    0,    0,    0,    0,    0,    0,    0,    0,    0,    0,    0,    0,    0,    0,    0,    0,    0,    0,    0,    0,    0,    0,    0,    0,    0,    0,    0,    0,    0,    0,    0,    0,    0,    0,    0,    0,    0,    0,    0,    3,
       0,    0,   -3,   -1,    0,   -1,   -3,    0,   -1,    0,    0,    0,    0,   -2,   -1,    0,    0,   -1,    0,    0,    0,   -1,    0,   -3,   -1,   -3,   -2,    0,   -4,   -1,    0,   -2,   -1,    0,    0,    0,    0,   -1,    0,    0,    0,    0,    0,    0,    0,   -1,    0,   -1,   -1,    0,   -1,   -1,    0,    0,   -1,    0,   -1,   -2,   -1,   -2,    0,    0,   -1,    0,   -2,   -1,    0,    0,   -1,   -1,    0,    0,    0,    0,    0,    0,    0,    0,    0,    0,    0,    0,    0,    0,    0,    0,    0,    0,    0,   -1,    0,    0,    0,    0,    0,    0,    0,    0,    0,    0,    0,    0,    0,    0,    0,    0,    0,    0,    0,    0,    0,    0,   -3,   -1,    0,   -1,   -1,    0,    0,    0,    0,    0,    0,    0,    0,    0,    0,    0,    0,    0,    0,    0,    0,    0,   -1,   -1,   -1,   -3,   -3,    0,   -3,   -2,    0,    0,    0,   -1,
       0,    0,   -2,    0,    0,   -2,   -3,    0,    0,    0,    0,    0,    0,   -2,    0,   -1,   -1,   -1,    0,   -1,   -1,   -1,   -1,   -4,   -1,   -3,   -2,   -2,   -5,   -2,    0,   -2,   -1,    0,    0,    0,    0,   -1,    0,    0,    0,    0,    0,    0,    0,   -1,    0,    0,    0,    0,    0,    0,    0,    0,   -1,    0,    0,   -1,    0,   -2,    0,    0,    0,    0,    0,   -1,    0,    0,   -1,   -1,    0,    0,    0,    0,    0,    0,    0,    0,    0,    0,    0,    0,    0,    0,    0,    0,    0,    0,    0,    0,    0,    0,    0,    0,    0,    0,    0,    0,    0,   -1,    0,    0,    0,    0,    0,    0,    0,    0,    0,    0,    0,    0,   -4,   -1,    0,    0,    0,    0,    0,    0,    0,    0,    0,    0,    0,    0,    0,    0,    0,    0,    0,    0,    0,    0,    0,    0,    0,   -2,   -2,    0,   -2,   -2,    0,    0,    0,   -1,
       0,    0,   -2,    0,    0,   -1,   -2,    0,   -1,    0,    0,    0,    0,   -2,    0,    0,   -1,    0,    0,    0,   -1,   -1,    0,   -3,   -1,   -3,   -2,   -1,   -4,   -1,    0,   -3,    0,    0,    0,    0,    0,   -1,    0,    0,    0,    0,    0,    0,    0,    0,    0,    0,    0,    0,    0,   -1,    0,    0,   -1,    0,    0,   -1,   -1,   -1,    0,    0,   -1,    0,   -1,    0,    0,    0,   -1,   -1,    0,    0,    0,    0,    0,    0,    0,    0,    0,    0,    0,    0,    0,    0,    0,    0,    0,    0,    0,    0,    0,    0,    0,    0,    0,    0,    0,    0,    0,   -1,    0,    0,    0,    0,    0,    0,    0,    0,    0,    0,    0,    0,   -3,    0,    0,    0,   -1,    0,    0,    0,    0,    0,    0,    0,    0,    0,    0,    0,    0,    0,    0,    0,    0,    0,    0,    0,   -1,   -2,   -1,    0,   -2,   -1,    0,    0,    0,   -1,
       0,    0,   -1,   -1,    0,   -1,   -2,    0,   -1,    0,    0,    0,    0,   -1,   -1,    0,    0,   -1,    0,    0,    0,   -1,    0,   -1,   -1,   -1,   -1,    0,   -1,    0,    0,   -1,    0,    0,    0,    0,    0,   -1,    0,    0,    0,    0,    0,    0,    0,   -1,    0,   -1,   -1,    0,   -1,   -1,    0,    0,    0,    0,   -1,   -1,   -1,   -1,    0,    0,   -1,    0,   -1,   -1,    0,    0,   -1,   -1,    0,    0,    0,    0,    0,    0,    0,    0,    0,    0,    0,    0,    0,    0,    0,    0,    0,    0,    0,   -1,    0,    0,    0,    0,    0,    0,    0,    0,    0,    0,    0,    0,    0,    0,    0,    0,    0,    0,    0,    0,    0,    0,   -1,   -1,    0,   -1,   -1,    0,    0,    0,    0,    0,    0,    0,    0,    0,    0,    0,    0,    0,    0,    0,    0,    0,   -1,   -1,   -1,   -1,   -1,    0,   -2,   -1,    0,    0,    0,   -1,
       0,    0,   -2,    0,    0,   -1,   -2,    0,    0,    0,    0,    0,    0,   -2,    0,   -1,   -1,   -1,    0,   -1,   -1,   -1,   -1,   -3,   -2,   -3,   -2,   -1,   -4,   -1,    0,   -3,    0,    0,    0,    0,    0,   -1,    0,    0,    0,    0,    0,    0,   -1,   -1,    0,    0,    0,    0,    0,   -1,    0,    0,   -1,    0,    0,   -1,   -1,   -1,    0,    0,    0,    0,   -1,   -1,    0,    0,   -1,   -1,    0,    0,    0,    0,    0,    0,    0,    0,    0,    0,    0,    0,    0,    0,    0,    0,    0,    0,    0,    0,    0,    0,    0,    0,    0,    0,    0,    0,    0,   -1,    0,    0,    0,    0,    0,    0,    0,    0,    0,    0,   -1,   -1,   -3,   -1,    0,    0,   -1,    0,    0,    0,    0,    0,    0,    0,    0,    0,    0,    0,    0,    0,    0,    0,    0,    0,    0,    0,    0,   -2,   -2,    0,   -2,   -1,    0,    0,    0,   -1,
       1,    4,    6,    2,    0,    4,    6,   -1,   -2,   -1,    0,    0,    0,    5,    2,   -1,    3,    1,    0,    3,    3,    1,    3,    4,    4,    5,    5,    4,    5,    3,    0,    4,    5,    0,   -1,    0,   -1,    0,    0,    0,    2,    2,    0,    0,    0,    0,    0,    0,    0,    0,    0,    0,    0,    3,    4,    0,    2,    5,   -2,    5,    4,    4,   -2,    5,    5,    0,    0,    0,    1,    0,    0,   -1,    0,    3,    0,    3,    7,    2,    5,    8,   -1,    1,   -1,    0,    2,   -1,    1,    2,    0,    3,   -1,    1,    0,    2,    2,    2,    1,    2,    5,    3,    6,    6,    7,    2,    6,    0,   -1,    1,    1,    2,    2,    4,    4,    0,    0,    0,    2,    2,    2,    4,    1,    9,    6,    3,    4,    1,    3,    2,    0,    2,    5,    5,    4,    0,    2,    1,   -2,    5,    5,   -1,    6,    5,   -1,    0,    1,    0,
       0,    0,    0,    0,    0,    1,    0,    0,   -1,   -1,    0,    0,    1,   -1,    0,   -1,   -1,    0,   -1,   -1,   -1,    0,   -1,   -2,   -1,   -2,   -1,   -1,   -4,   -1,    0,    0,    1,    3,   -1,    0,   -1,    1,    1,    0,    0,    2,    0,    0,    0,    0,    0,    0,    0,   -1,    0,    0,    0,    0,    1,    0,    0,    0,   -1,    0,    0,    0,   -1,   -1,    0,    0,    0,    0,    0,    1,   -1,   -1,   -1,   -1,   -1,   -1,    0,    0,    0,    0,   -1,   -1,   -1,   -1,   -1,   -1,    0,    0,    0,    0,   -1,   -1,   -1,   -1,   -1,   -1,    1,    1,    0,   -1,    0,    0,    0,    0,    2,    0,   -1,   -1,   -1,    0,    0,    0,   -2,    0,    0,    0,    0,    1,   -1,   -1,   -1,    0,    0,   -1,    0,    0,    0,   -1,   -1,   -1,   -1,    0,   -1,   -1,    0,    0,   -1,    0,    0,    0,   -1,    0,    0,    0,    1,    1,
       0,    0,   -3,   -1,    0,   -1,   -3,    0,   -1,    0,    0,    0,    0,   -2,   -1,    0,    0,   -1,    0,    0,   -1,   -1,    0,   -3,   -1,   -4,   -2,    0,   -4,   -1,    0,   -4,   -1,    0,    0,    0,    0,   -1,    0,    0,    0,    0,    0,    0,    0,   -1,    0,   -1,   -1,    0,   -1,    0,    0,    0,   -1,    0,   -1,   -2,   -1,   -2,    0,    0,   -1,    0,   -2,   -1,    0,    0,   -1,   -1,    0,    0,    0,    0,    0,    0,    0,    0,    0,    0,    0,    0,    0,    0,    0,    0,    0,    0,    0,   -1,    0,    0,    0,    0,    0,    0,    0,    0,    0,    0,    0,    0,    0,    0,    0,    0,    0,    0,    0,    0,    0,    0,   -3,   -1,    0,   -1,    0,    0,    0,    0,    0,    0,    0,    0,    0,    0,    0,    0,    0,    0,    0,    0,    0,    0,   -1,   -1,   -1,   -3,   -3,    0,   -3,   -3,    0,    0,    0,   -1,
       0,    0,   -1,   -1,    0,   -1,   -1,    0,   -1,    0,    0,    0,    0,   -1,   -1,    0,    0,   -1,    0,    0,    0,   -1,    0,   -1,   -1,   -1,   -1,    0,   -1,    0,    0,   -1,    0,    0,    0,    0,    0,   -1,    0,    0,    0,    0,    0,    0,    0,    0,    0,   -1,   -1,    0,   -1,    0,    0,    0,    0,    0,   -1,   -1,   -1,   -1,    0,    0,   -1,    0,   -1,   -1,    0,    0,   -1,   -1,    0,    0,    0,    0,    0,    0,    0,    0,    0,    0,    0,    0,    0,    0,    0,    0,    0,    0,    0,   -1,    0,    0,    0,    0,    0,    0,    0,    0,    0,    0,    0,    0,    0,    0,    0,    0,    0,    0,    0,    0,    0,    0,   -1,    0,    0,   -1,    0,    0,    0,    0,    0,    0,    0,    0,    0,    0,    0,    0,    0,    0,    0,    0,    0,    0,   -1,   -1,   -1,   -1,   -1,    0,   -1,   -1,    0,    0,    0,   -1,
       0,    0,    0,    0,    0,    0,    0,    0,    0,    0,    0,    0,    0,    0,    0,    0,   -1,   -1,    0,    0,   -1,   -1,    0,   -1,   -1,    0,    0,    0,    0,    0,    0,    0,    0,    0,    0,    0,    0,    0,    0,    0,    0,    0,    0,    0,    0,    0,    0,    0,    0,    0,    0,    0,    0,    0,    0,    0,    0,    0,    0,    0,    0,    0,    0,    0,    0,   -1,    0,    0,   -1,    0,    0,    0,    0,    0,    0,    0,    0,    0,    0,    0,    0,    0,    0,    0,    0,    0,    0,    0,    0,    0,    0,    0,    0,    0,    0,    0,    0,    0,    0,   -1,    0,    0,    0,    0,    0,    0,    0,    0,    0,    0,    0,    0,   -1,    0,    0,    0,    0,    0,    0,    0,    0,    0,    0,    0,    0,    0,    0,    0,    0,    0,    0,    0,    0,    0,    0,    0,    0,    0,    0,    0,    0,    0,    0,    0,    0,    0,
       0,    0,   -2,   -1,    0,   -1,   -2,    0,   -1,    0,    0,    0,    0,   -2,    0,    0,    0,    0,    0,    0,    0,   -1,    0,   -3,   -1,   -3,   -2,   -1,   -4,   -1,    0,   -3,    0,    0,   -1,    0,   -1,    0,   -1,    0,   -1,    0,    0,   -1,   -1,    0,   -1,   -1,   -1,    0,   -1,   -1,    0,    0,   -1,    0,    0,   -1,   -1,   -1,    0,    0,   -1,    0,   -2,    0,    0,    0,   -1,    0,   -1,   -1,   -1,   -1,   -1,   -1,   -1,   -1,   -1,   -1,   -1,   -1,   -1,   -1,   -1,   -1,   -1,   -1,    0,   -1,   -1,   -1,   -1,   -1,   -1,   -1,   -1,   -1,    0,    0,   -1,   -1,   -1,   -1,    0,    0,   -1,   -1,   -1,   -1,   -1,   -1,   -3,    0,   -1,   -1,   -1,   -1,   -1,   -1,   -1,   -1,   -1,   -1,   -1,   -1,   -1,   -1,   -1,   -1,   -1,   -1,   -1,   -1,   -1,   -1,   -2,   -2,   -2,    0,   -3,   -2,   -1,    0,    0,    0,
       0,    0,   -1,   -1,    0,   -1,   -2,    0,   -1,    0,    0,    0,    0,   -1,   -1,    0,    0,   -1,    0,    0,    0,   -1,    0,   -1,   -1,   -1,   -1,    0,   -2,    0,    0,   -1,    0,    0,    0,    0,    0,   -1,    0,    0,   -1,   -1,    0,   -1,    0,   -1,   -1,   -1,   -1,    0,   -2,   -1,    0,    0,    0,    0,    0,   -1,   -1,   -1,    0,    0,   -2,    0,   -1,    0,    0,    0,   -1,   -1,    0,    0,    0,    0,    0,    0,   -1,   -1,   -1,   -1,    0,    0,    0,    0,    0,    0,   -1,   -1,    0,   -2,    0,    0,    0,    0,    0,    0,    0,    0,    0,    0,   -1,   -1,   -1,   -1,   -1,    0,    0,    0,    0,   -1,    0,    0,   -1,   -1,   -1,   -2,   -1,    0,    0,    0,    0,   -1,   -1,    0,   -1,   -1,   -1,    0,    0,    0,    0,   -1,    0,    0,   -2,   -2,   -1,   -1,   -1,    0,   -2,   -2,    0,    0,    0,   -1,
       0,    0,   -3,    0,    0,   -2,   -4,    0,    0,    0,    0,    0,    0,   -2,    0,   -1,   -1,   -1,    0,   -1,   -1,   -1,    0,   -4,   -1,   -4,   -2,   -1,   -5,   -2,    0,   -4,   -1,    0,    0,    0,    0,   -1,    0,    0,    0,    0,    0,    0,   -1,   -1,    0,    0,    0,    0,    0,   -1,    0,    0,   -1,    0,    0,   -1,    0,   -3,    0,    0,    0,    0,    0,   -1,    0,    0,   -1,   -1,    0,    0,    0,    0,    0,    0,    0,    0,    0,    0,    0,    0,    0,    0,    0,    0,    0,    0,    0,    0,    0,    0,    0,    0,    0,    0,    0,    0,    0,   -1,    0,    0,    0,    0,    0,    0,    0,    0,    0,    0,   -1,   -1,   -4,   -1,    0,    0,   -1,    0,    0,    0,    0,    0,    0,    0,    0,    0,    0,    0,    0,    0,    0,    0,    0,    0,    0,    0,    0,   -3,   -2,    0,   -3,   -2,    0,    0,    0,   -1,
       0,    0,   -2,    0,    0,   -2,   -3,    0,    0,    0,    0,    0,    0,   -2,    0,   -1,   -1,   -1,    0,   -1,   -1,   -1,   -1,   -4,   -1,   -3,   -2,   -1,   -5,   -2,    0,   -3,   -1,    0,    0,    0,    0,   -1,    0,    0,    0,    0,    0,    0,    0,   -1,    0,    0,    0,    0,    0,    0,    0,    0,   -1,    0,    0,    0,    0,   -2,    0,    0,    0,    0,    0,   -1,    0,    0,   -1,   -1,    0,    0,    0,    0,    0,    0,    0,    0,    0,    0,    0,    0,    0,    0,    0,    0,    0,    0,    0,    0,    0,    0,    0,    0,    0,    0,    0,    0,    0,   -1,    0,    0,    0,    0,    0,    0,    0,    0,    0,    0,    0,    0,   -4,   -1,    0,    0,    0,    0,    0,    0,    0,    0,    0,    0,    0,    0,    0,    0,    0,    0,    0,    0,    0,    0,    0,    0,    0,   -2,   -2,    0,   -2,   -2,    0,    0,    0,   -1,
       0,    0,   -1,   -1,    0,    0,   -2,    0,    0,    0,    0,    0,    0,   -2,    0,    0,   -1,   -1,    0,    0,   -1,   -1,   -1,   -4,   -1,   -3,   -2,    0,   -5,   -1,    0,   -1,    0,    0,    0,    0,    0,    0,    0,    0,    0,    1,    0,    0,    0,    0,    0,    0,    0,    0,    0,    0,    0,    0,    0,    0,    0,    0,    0,    0,    0,    0,    0,    0,    0,   -1,    0,    0,   -1,    0,    0,    0,    0,    0,    0,    0,    0,    0,    0,    0,    0,    0,    0,    0,    0,    0,    0,    0,    0,    0,    0,    0,    0,    0,    0,    0,    0,    0,    0,   -1,    0,    0,    0,    0,    1,    0,    0,    0,    0,    0,    0,    0,   -4,    0,    0,    0,    0,    0,    0,    0,    0,    0,    0,    0,    0,    0,    0,    0,    0,    0,    0,    0,    0,    0,    0,    0,    0,   -1,   -1,    0,   -2,   -1,    0,    0,    0,    0,
      -1,    0,    0,    0,    0,   -2,   -1,   -3,   -1,   -3,    0,    0,    0,   -2,    0,   -2,   -1,    0,   -2,   -1,   -1,    0,   -1,   -3,   -1,   -3,   -2,   -3,   -4,   -2,    0,    0,   -1,    0,   -1,    0,   -1,    0,    0,    0,    0,    0,    0,    0,    0,    0,    0,    0,    0,   -1,    0,    0,    0,    0,   -1,    0,    0,    0,   -1,    0,    0,    0,   -1,    0,    0,    0,    0,    0,    0,    0,   -1,   -1,   -1,   -1,   -1,   -1,    0,    0,    0,    0,   -1,   -1,   -1,   -1,   -1,   -1,    0,    0,    0,    0,   -1,   -1,   -1,   -1,   -1,   -1,    0,    0,    0,   -1,    0,    0,    0,    0,    0,    0,   -1,   -1,   -1,    0,    0,    0,   -3,    0,    0,    0,    0,    0,   -1,   -1,   -1,    0,    0,   -1,    0,    0,    0,   -1,   -1,   -1,   -1,    0,   -1,   -1,    0,    0,   -1,    0,    0,   -3,   -1,    0,    0,    0,    0,    0,
       0,    0,   -2,   -1,    0,   -1,   -2,    0,   -1,    0,    0,    0,    0,   -2,    0,    0,   -1,   -1,    0,    0,   -1,   -1,   -1,   -3,   -2,   -3,   -2,   -1,   -4,   -1,    0,   -3,    0,    0,    0,    0,   -1,   -1,    0,    0,    0,    0,    0,    0,   -1,    0,    0,    0,    0,    0,    0,    0,    0,    0,   -1,    0,    0,   -1,   -1,   -1,    0,    0,   -1,    0,   -1,    0,    0,    0,   -1,   -1,    0,    0,    0,   -1,   -1,   -1,    0,    0,    0,    0,    0,   -1,   -1,   -1,   -1,   -1,    0,    0,    0,    0,    0,   -1,   -1,   -1,   -1,   -1,    0,    0,    0,   -1,    0,    0,    0,    0,    0,    0,   -1,   -1,   -1,    0,   -1,   -1,   -3,    0,    0,    0,    0,    0,    0,   -1,   -1,    0,    0,   -1,    0,    0,    0,    0,   -1,   -1,   -1,    0,   -1,   -1,    0,    0,   -1,   -2,   -1,    0,   -2,   -1,   -1,    0,    0,   -1,
       0,    0,   -1,    0,    0,   -1,   -2,    0,    0,    0,    0,    0,    0,   -1,    0,    0,   -1,    0,    0,    0,   -1,    0,    0,   -2,   -1,   -3,   -2,    0,   -4,   -1,    0,   -2,    0,    0,    0,    0,    0,    0,    0,    0,    0,    0,    0,    0,    0,    0,    0,    0,    0,    0,    0,    0,    0,    0,    0,    0,    0,    0,    0,   -1,    0,    0,    0,    0,   -1,    0,    0,    0,    0,    0,    0,    0,    0,    0,    0,    0,    0,    0,    0,    0,    0,    0,    0,    0,    0,    0,    0,    0,    0,    0,    0,    0,    0,    0,    0,    0,    0,    0,    0,   -1,    0,    0,    0,    0,    0,    0,    0,    0,    0,    0,    0,    0,   -2,    0,    0,    0,    0,    0,    0,    0,    0,    0,    0,    0,    0,    0,    0,    0,    0,    0,    0,    0,    0,    0,    0,    0,    0,   -1,   -1,    0,   -2,    0,   -1,    0,    0,    0,
       0,    0,   -3,   -1,    0,   -1,   -3,    0,   -1,    0,    0,    0,    0,   -2,   -1,    0,    0,   -1,    0,    0,    0,   -1,    0,   -3,   -1,   -4,   -2,    0,   -4,   -1,    0,   -3,   -1,    0,    0,    0,    0,   -1,    0,    0,    0,    0,    0,    0,    0,    0,    0,   -1,   -1,    0,   -1,    0,    0,    0,   -1,    0,   -1,   -2,   -1,   -2,    0,    0,   -1,    0,   -2,   -1,    0,    0,   -1,   -1,    0,    0,    0,    0,    0,    0,    0,    0,    0,    0,    0,    0,    0,    0,    0,    0,    0,    0,    0,   -1,    0,    0,    0,    0,    0,    0,    0,    0,    0,    0,    0,    0,    0,    0,    0,    0,    0,    0,    0,    0,    0,    0,   -3,    0,    0,   -1,    0,    0,    0,    0,    0,    0,    0,    0,    0,    0,    0,    0,    0,    0,    0,    0,    0,    0,   -1,   -1,   -2,   -3,   -3,    0,   -3,   -2,    0,    0,    0,   -1,
       0,    0,   -2,   -1,    0,   -2,   -3,    0,    0,    0,    0,    0,    0,   -2,    0,   -1,   -1,   -1,   -1,   -1,   -1,   -1,   -1,   -4,   -2,   -3,   -2,   -2,   -5,   -2,    0,   -2,   -1,    0,    0,    0,    0,   -1,    0,    0,    0,    0,    0,    0,    0,   -1,    0,    0,    0,   -1,    0,    0,    0,    0,   -1,    0,    0,    0,    0,   -2,    0,    0,    0,    0,    0,   -1,    0,    0,   -1,   -1,    0,    0,    0,    0,    0,    0,    0,    0,    0,    0,    0,    0,    0,    0,    0,    0,    0,    0,    0,    0,    0,    0,    0,    0,    0,    0,    0,    0,    0,   -1,    0,    0,    0,    0,    0,    0,    0,    0,    0,    0,    0,    0,   -4,   -1,    0,    0,    0,    0,    0,    0,    0,    0,    0,    0,    0,    0,    0,    0,    0,    0,    0,    0,    0,    0,    0,    0,    0,   -2,   -1,    0,   -2,   -1,    0,    0,    0,   -1,
       0,    0,   -2,   -1,    0,   -2,   -2,    0,    0,    0,    0,    0,    0,   -2,    0,   -1,   -1,   -1,   -1,   -1,   -1,   -1,   -1,   -4,   -2,   -3,   -2,   -2,   -5,   -2,    0,   -2,   -1,    0,    0,    0,    0,   -1,    0,    0,    0,    0,    0,    0,    0,   -1,    0,    0,    0,   -1,    0,    0,    0,    0,   -1,    0,    0,    0,    0,   -1,    0,    0,    0,    0,    0,   -1,    0,    0,   -1,   -1,    0,    0,    0,    0,    0,    0,    0,    0,    0,    0,    0,    0,    0,    0,    0,    0,    0,    0,    0,    0,    0,    0,    0,    0,    0,    0,    0,    0,    0,   -1,    0,    0,    0,    0,    0,    0,    0,    0,    0,    0,    0,    0,   -4,   -1,    0,    0,    0,    0,    0,    0,    0,    0,    0,    0,    0,    0,    0,    0,    0,    0,    0,    0,    0,    0,    0,    0,    0,   -2,   -2,    0,   -2,   -1,    0,    0,    0,   -1,
       0,    0,   -1,    0,    0,   -1,   -2,    0,   -1,    0,    0,    0,    0,   -2,    0,    0,   -1,    0,    0,    0,   -1,    0,   -1,   -3,   -1,   -3,   -2,   -1,   -4,   -1,    0,   -2,    0,    0,    0,    0,    0,    0,    0,    0,    0,    0,    0,    0,    0,    0,    0,    0,    0,    0,    0,    0,    0,    0,   -1,    0,    0,    0,   -1,    0,    0,    0,    0,    0,   -1,    0,    0,    0,    0,    0,    0,    0,    0,    0,    0,    0,    0,    0,    0,    0,    0,    0,    0,    0,    0,    0,    0,    0,    0,    0,    0,    0,    0,    0,    0,    0,    0,    0,    0,   -1,    0,    0,    0,    0,    0,    0,   -1,    0,    0,    0,    0,    0,   -3,    0,    0,    0,    0,    0,    0,    0,    0,    0,    0,    0,    0,    0,    0,    0,    0,    0,    0,    0,    0,    0,    0,    0,   -1,   -1,   -1,    0,   -2,   -1,   -1,    0,    0,    0,
       0,    0,   -1,    0,    0,   -1,   -2,    0,    0,    0,    0,    0,    0,   -2,    0,    0,   -1,    0,    0,   -1,   -1,    0,    0,   -3,   -1,   -3,   -2,   -1,   -5,   -2,    0,   -2,    0,    0,    0,    0,    0,    0,    0,    0,    0,    0,    0,    0,    0,    0,    0,    0,    0,    0,    0,    0,    0,    0,   -1,    0,    0,    0,    0,   -1,    0,    0,    0,    0,    0,   -1,    0,    0,    0,    0,    0,    0,    0,    0,    0,    0,    0,    0,    0,    0,    0,    0,    0,    0,    0,    0,    0,    0,    0,    0,    0,    0,    0,    0,    0,    0,    0,    0,    0,   -1,    0,    0,    0,    0,    0,    0,    0,    0,    0,    0,    0,    0,   -3,    0,    0,    0,    0,    0,    0,    0,    0,    0,    0,    0,    0,    0,    0,    0,    0,    0,    0,    0,    0,    0,    0,    0,    0,   -1,   -1,    0,   -2,   -1,    0,    0,    0,    0,
      -1,    0,   -2,   -1,    0,   -1,   -2,    0,   -1,    0,    0,    0,    0,   -2,    0,    0,   -1,   -1,    0,    0,   -1,   -1,    0,   -3,   -2,   -3,   -2,   -1,   -4,   -1,    0,   -2,    0,    0,    0,    0,    0,   -1,    0,    0,   -1,   -1,    0,   -1,    0,    0,   -1,   -1,   -1,    0,   -1,   -1,    0,    0,   -1,    0,    0,   -1,   -1,   -1,    0,    0,   -1,    0,   -1,    0,    0,    0,   -1,   -1,    0,    0,    0,    0,    0,    0,   -1,   -1,   -1,   -1,    0,    0,    0,    0,    0,    0,   -1,   -1,    0,   -1,    0,    0,    0,    0,    0,    0,    0,    0,    0,   -1,   -1,   -1,   -1,   -1,   -1,    0,   -1,    0,    0,   -1,    0,    0,   -3,    0,   -1,   -1,   -1,    0,    0,    0,    0,   -1,   -1,    0,   -1,   -1,   -1,    0,    0,    0,    0,   -1,    0,    0,   -1,   -1,   -1,   -2,   -1,    0,   -2,   -1,   -1,    0,    0,   -1,
       0,    0,    0,   -1,   -1,    0,    0,   -1,   -2,   -1,    0,   -1,   -1,    0,    0,   -1,    0,   -1,    0,    0,    0,   -1,    0,    0,    0,    1,    0,    0,    0,    0,    0,    0,    0,    0,   -1,    1,   -1,    2,    0,    0,   -1,    3,    0,   -1,   -1,   -1,   -1,   -1,   -1,   -1,   -1,   -1,    0,    0,    0,    0,   -1,    0,   -1,    0,    0,    0,    0,    0,    0,   -1,    0,   -1,   -1,    2,   -1,   -1,   -1,   -1,   -1,   -1,    1,   -1,   -1,    0,    0,   -1,   -1,   -1,   -1,   -1,   -1,   -1,    1,   -1,   -1,   -1,   -1,   -1,   -1,   -1,    0,    0,    0,    0,   -1,   -1,    0,   -1,    3,    0,    0,   -1,   -1,   -1,   -1,    0,    0,   -1,   -1,   -1,   -1,    0,   -1,    0,   -1,    2,   -1,   -1,    0,   -1,   -1,    0,   -1,   -1,    3,   -1,    2,   -1,   -1,   -1,   -2,    0,    0,   -1,    0,    0,    0,    0,    0,    2,
       0,    0,    0,    0,    0,    0,    0,    0,    0,    0,    0,    0,    0,    0,    0,    0,    0,    0,    0,    0,    0,    0,    0,    0,    0,    0,    0,    0,    0,    0,    0,    0,    0,    0,    0,    0,    0,    0,    0,    0,    0,    1,    0,    0,    0,    0,    0,    0,    0,    0,    0,    0,    0,    0,    0,    0,    0,    0,    0,    0,    0,    0,    0,    0,    0,    0,    0,    0,    0,    0,    0,    0,    0,    0,    0,    0,    0,    0,    0,    0,    0,    0,    0,    0,    0,    0,    0,    0,    0,    0,    0,    0,    0,    0,    0,    0,    0,    0,    0,    0,    0,    0,    0,    0,    1,    0,    0,    0,    0,    0,    0,    0,    0,    0,    0,    0,    0,    0,    0,    0,    0,    0,    0,    0,    0,    0,    0,    0,    0,    0,    0,    0,    0,    0,    0,    0,    0,    0,    0,    0,    0,    0,    0,    0,    0,    0,
       0,    0,   -1,    0,    0,   -1,   -1,   -1,    0,   -1,    0,    0,    0,    0,    0,    0,    0,    0,    0,    0,    0,    0,    0,    0,    0,    0,    0,    0,    0,    0,    0,    0,    0,    0,    0,    0,    0,    0,    0,    0,    0,    0,    0,    0,    0,    0,    0,    0,    0,    0,    0,    0,    0,    0,    0,    0,    0,    0,    0,    0,    0,    0,    0,    0,    0,    0,    0,    0,    0,    0,    0,    0,    0,    0,    0,    0,    0,    0,    0,    0,    0,    0,    0,    0,    0,    0,    0,    0,    0,    0,    0,    0,    0,    0,    0,    0,    0,    0,    0,    0,    0,    0,    0,    0,    0,    0,    0,    0,    0,    0,    0,    0,    0,    0,    0,    0,    0,    0,    0,    0,    0,    0,    0,    0,    0,    0,    0,    0,    0,    0,    0,    0,    0,    0,    0,    0,    0,   -1,   -1,   -1,    0,    0,    0,   -1,    0,    0,
       0,    0,   -2,    0,    0,    0,   -2,   -1,    0,   -1,    0,    0,    0,    0,    0,    0,    0,    0,    0,    0,    0,    0,    0,   -2,   -1,   -3,   -2,    0,   -3,   -1,    0,    0,    0,    0,    0,    0,    0,    3,    0,    0,    0,    4,    0,    0,    0,    0,    0,    0,    0,    0,    0,    0,    0,    0,    0,    0,    0,    0,   -1,    0,    0,    0,    0,    0,    0,   -1,    0,    0,    0,    3,    0,    0,    0,    0,    0,    0,    0,    0,    0,    0,    0,    0,    0,    0,    0,    0,    0,    0,    0,    0,    0,    0,    0,    0,    0,    0,    0,    0,    0,    0,    0,    0,    0,    0,    4,    0,   -1,    0,    0,    0,    0,    0,   -2,    0,    0,    0,    0,    0,    0,    0,    0,    0,    0,    0,    0,    0,    0,    0,    0,    0,    0,    0,    0,    0,    0,    0,    0,   -2,   -1,   -1,    0,    0,    0,   -1,    0,    3,
       0,    0,   -1,    0,    0,   -2,   -2,    0,    0,    0,    0,    0,    0,    0,    0,   -1,    0,    0,    0,    0,    0,    0,    0,   -1,    0,   -2,   -2,   -1,   -3,    0,    0,    0,   -1,    0,    0,    0,    0,    0,    0,    0,    0,    0,    0,    0,    0,    0,    0,    0,    0,    0,    0,    0,    0,    0,   -1,    0,    0,    0,    0,    0,    0,    0,    0,    0,    0,    0,    0,   -1,    0,    0,    0,    0,    0,    0,    0,    0,    0,    0,    0,    0,    0,    0,    0,    0,    0,    0,    0,    0,    0,    0,    0,    0,    0,    0,    0,    0,    0,    0,    0,    0,    0,    0,    0,    0,    0,    0,    0,    0,    0,    0,    0,    0,   -1,    0,    0,    0,    0,    0,    0,    0,    0,    0,    0,    0,    0,    0,    0,    0,    0,    0,    0,    0,    0,    0,    0,    0,    0,   -1,    0,    0,    0,    0,    0,   -1,    0,    0,
       0,    0,    0,    0,    0,   -1,    0,    0,    0,    0,    0,    0,    0,    0,    0,    0,    0,    0,    0,    0,    0,    0,    0,    0,    0,    0,    0,    0,    0,    0,    0,    0,   -1,    0,    0,    0,    0,    0,    0,    0,    0,    0,    0,    0,    0,    0,    0,    0,    0,    0,    0,    0,    0,    0,   -1,    0,    0,    0,    0,    0,    0,    0,    0,    0,    0,    0,    0,    0,    0,    0,    0,    0,    0,    0,    0,    0,    0,    0,    0,    0,    0,    0,    0,    0,    0,    0,    0,    0,    0,    0,    0,    0,    0,    0,    0,    0,    0,    0,    0,    0,    0,    0,    0,    0,    0,    0,    0,    0,    0,    0,    0,    0,    0,    0,    0,    0,    0,    0,    0,    0,    0,    0,    0,    0,    0,    0,    0,    0,    0,    0,    0,    0,    0,    0,    0,    0,    0,    0,    0,    0,    0,    0,    0,    0,    0,    0,
       0,    0,   -1,   -1,    0,   -1,   -2,    0,   -2,    0,    0,    0,    0,   -2,    0,    0,   -1,    0,    0,    0,   -1,    0,   -1,   -3,   -2,   -3,   -3,    0,   -4,   -1,    0,    0,    0,    0,   -1,   -1,   -1,    0,   -1,   -1,   -1,    0,   -1,    0,    0,    0,    0,    0,    0,    0,    0,    0,    0,    0,   -1,    0,    0,    0,   -2,    0,   -1,    0,    0,   -1,    0,    0,    0,    0,    0,    0,   -1,   -1,   -1,   -1,   -1,   -1,   -1,   -1,   -1,   -1,   -1,   -1,   -1,   -1,   -1,   -1,    0,    0,   -1,    0,   -1,   -1,   -1,   -1,   -1,   -1,   -1,   -1,   -1,   -1,   -1,   -1,   -1,   -1,    0,   -1,   -1,   -1,   -1,    0,    0,    0,   -5,    0,    0,    0,    0,   -1,   -1,   -1,   -1,   -1,   -1,   -1,    0,    0,    0,   -1,   -1,   -1,   -1,   -1,   -1,   -1,    0,    0,   -2,   -1,   -1,    0,    0,    0,    0,   -1,    0,    0,
      -1,    0,    0,    0,    0,   -1,    0,   -4,    0,   -4,    0,    0,    0,    0,    0,   -2,    0,    0,   -3,   -1,   -1,    0,    0,    0,    0,   -1,   -1,   -2,   -2,    0,    0,    0,   -1,    0,    0,    0,    0,    0,    0,    0,    0,    0,    0,    0,    0,    0,    0,    0,    0,    0,    0,    0,    0,    0,   -1,    0,    0,    0,   -1,    0,    0,    0,    0,    0,    0,    0,    0,   -3,    0,    0,    0,    0,    0,    0,    0,    0,    0,    0,    0,    0,    0,    0,    0,    0,    0,    0,    0,    0,    0,    0,    0,    0,    0,    0,    0,    0,    0,    0,    0,    0,    0,    0,    0,    0,    0,    0,    0,    0,    0,    0,    0,    0,    0,    0,    0,    0,    0,    0,    0,    0,    0,    0,    0,    0,    0,    0,    0,    0,    0,    0,    0,    0,    0,    0,    0,    0,    0,    0,    0,   -4,    0,    0,    0,    0,    0,    0,
       0,    0,    0,    0,    0,    0,    0,    0,    0,    0,    0,   -1,   -1,    0,    0,   -2,   -1,   -1,   -1,   -1,   -1,   -1,    0,   -4,   -1,   -3,   -3,   -2,   -4,   -2,    0,    0,    0,    0,    0,    0,    0,   -2,    0,    0,   -1,   -1,   -2,   -1,   -1,   -1,   -1,   -1,    0,   -1,    0,   -1,    0,    0,    0,    0,    0,    0,    0,    0,    0,    0,    0,    0,    0,    0,    0,   -2,   -1,   -2,    0,    0,    0,    0,    0,    0,   -1,   -1,   -1,   -1,    0,    0,    0,    0,    0,    0,   -1,   -1,    0,    0,    0,    0,    0,    0,    0,    0,    0,    0,    0,   -1,   -1,   -1,   -1,   -1,   -1,    0,    0,    0,    0,   -1,   -1,   -1,   -4,   -1,   -1,    0,   -1,    0,    0,    0,    0,   -1,   -1,    0,   -1,   -1,   -1,    0,    0,    0,    0,   -1,    0,    0,    0,    0,    0,    0,    0,    0,    0,    0,    0,    0,    0,   -2,
       0,    0,   -4,    0,    0,   -2,   -4,   -1,    0,   -1,    0,   -1,   -1,   -3,    0,   -2,   -2,   -1,   -1,   -2,   -2,   -1,    0,   -4,   -2,   -4,   -3,   -2,   -5,   -2,    0,    0,   -1,    0,    0,   -1,    0,   -2,   -1,   -1,   -1,   -1,   -1,   -1,   -1,   -2,   -1,   -1,   -1,   -1,   -1,   -1,    0,    0,   -1,   -2,   -1,    0,    0,   -3,    0,    0,    0,    0,    0,   -2,   -3,   -2,   -1,   -2,    0,    0,    0,    0,    0,    0,   -1,   -1,   -1,   -1,    0,    0,    0,    0,    0,    0,   -1,   -1,   -1,   -1,    0,    0,    0,    0,    0,    0,   -1,   -1,   -1,   -2,   -1,   -1,   -1,   -1,   -1,    0,    0,    0,    0,   -1,   -1,   -1,   -7,   -2,   -1,   -1,   -1,   -1,    0,    0,    0,   -1,   -1,    0,   -1,   -1,   -1,    0,    0,    0,    0,   -1,    0,    0,   -1,   -1,    0,   -4,   -3,   -1,    0,    0,    0,   -3,    0,   -2,
       0,    0,   -2,    0,    0,    0,   -2,   -1,    0,   -2,    0,    0,    0,    0,    0,    0,   -2,   -1,   -1,   -2,   -2,   -1,   -2,   -3,   -2,   -4,   -3,   -2,   -5,   -2,    0,    0,    0,    0,   -1,   -2,   -1,    3,    0,   -2,   -1,    5,   -2,    0,    0,    0,    0,    0,    0,   -1,    0,    0,    0,    0,    0,    0,    0,    0,   -2,    0,    0,    0,    0,    0,    0,   -2,    0,    0,   -1,    3,   -1,   -1,   -1,   -1,   -1,   -1,   -1,   -1,   -1,   -1,   -1,   -1,   -1,   -1,   -1,   -1,    0,    0,   -1,    0,   -1,   -1,   -1,   -1,   -1,   -1,    0,    0,   -2,   -2,   -1,   -1,   -1,   -1,    5,   -1,   -2,   -1,   -1,    0,    0,    0,   -3,    0,    0,    0,    0,    0,   -1,   -1,   -1,   -1,   -1,   -1,    0,    0,    0,   -1,   -1,   -1,   -1,   -1,   -1,   -1,    0,    0,    0,   -2,   -2,   -2,    0,    0,    0,   -2,    0,    3,
       0,    0,   -1,    0,    0,   -2,   -1,   -1,    0,   -1,    0,    0,    0,   -1,    0,   -1,   -1,    0,   -1,   -1,   -1,    0,    0,   -1,   -1,   -1,   -2,   -2,   -4,   -1,    0,   -1,   -1,    0,    0,    0,    0,    0,    0,    0,    0,    0,    0,    0,   -1,    0,    0,    0,    0,    0,    0,    0,    0,    0,   -1,    0,    0,    0,    0,    0,    0,    0,    0,    0,    0,   -1,    0,   -2,    0,    0,    0,    0,    0,    0,    0,    0,    0,    0,    0,    0,    0,    0,    0,    0,    0,    0,    0,    0,    0,    0,    0,    0,    0,    0,    0,    0,    0,    0,    0,   -1,    0,    0,    0,    0,    0,    0,    0,    0,    0,    0,   -1,   -1,   -1,    0,    0,    0,    0,    0,    0,    0,    0,    0,    0,    0,    0,    0,    0,    0,    0,    0,    0,    0,    0,    0,    0,    0,    0,   -1,   -1,   -1,   -1,    0,    0,    0,    0,    0,
       0,    0,   -1,    0,    0,   -2,   -2,   -2,    0,   -2,    0,    0,    0,   -3,    0,   -3,   -1,    0,   -3,   -1,   -1,    0,   -1,   -1,   -1,   -3,   -2,   -4,   -5,   -1,    0,   -1,   -2,    0,    0,    0,    0,    0,    0,    0,    0,    0,    0,    0,    0,    0,    0,    0,    0,    0,    0,    0,    0,    0,   -1,    0,    0,    0,    0,    0,    0,    0,    0,    0,    0,   -1,    0,   -3,    0,    0,    0,    0,    0,    0,    0,    0,    0,    0,    0,    0,    0,    0,    0,    0,    0,    0,    0,    0,    0,    0,    0,    0,    0,    0,    0,    0,    0,    0,    0,   -1,    0,    0,    0,    0,    0,    0,    0,    0,    0,    0,    0,    0,   -1,    0,    0,    0,    0,    0,    0,    0,    0,    0,    0,    0,    0,    0,    0,    0,    0,    0,    0,    0,    0,    0,    0,    0,    0,   -1,    0,   -2,   -2,    0,    0,    0,    0,    0,
       0,    0,   -2,   -1,    0,   -1,   -2,    0,   -1,    0,    0,    0,    0,   -2,   -1,    0,   -1,   -2,    0,   -1,   -1,   -2,   -1,   -3,   -2,   -2,   -2,    0,   -3,   -1,    0,   -2,    0,    0,    0,   -1,   -1,   -2,   -1,    0,   -1,   -1,    0,   -1,   -1,   -1,   -1,   -1,   -1,    0,   -2,   -1,    0,    0,   -1,    0,   -1,   -1,   -1,   -2,    0,    0,   -1,    0,   -1,   -1,    0,    0,   -2,   -2,    0,    0,    0,   -1,   -1,   -1,   -1,   -1,   -1,   -1,    0,   -1,   -1,   -1,   -1,   -1,   -1,   -1,    0,   -2,    0,   -1,   -1,   -1,   -1,   -1,   -1,   -1,    0,   -1,   -1,   -1,   -1,   -1,   -1,    0,    0,   -1,   -1,   -1,   -1,   -1,   -3,   -1,   -1,   -2,   -1,   -1,    0,   -1,   -1,   -1,   -1,   -1,   -1,   -1,   -1,    0,   -1,   -1,   -1,   -1,   -1,   -1,   -2,   -2,   -1,   -2,   -2,    0,   -2,   -2,    0,    0,    0,   -2,
       0,    0,   -4,   -1,    0,   -1,   -3,    0,   -1,    0,    0,    0,    0,   -2,   -1,    0,    0,   -1,    0,    0,    0,   -1,    0,   -3,   -1,   -3,   -2,    0,   -4,   -1,    0,   -2,   -1,    0,    0,    0,    0,   -1,    0,    0,    0,    0,    0,    0,    0,   -1,    0,   -1,   -1,    0,   -1,   -1,    0,    0,   -1,    0,   -1,   -2,   -1,   -2,    0,    0,   -1,    0,   -2,   -1,    0,    0,   -1,   -1,    0,    0,    0,    0,    0,    0,    0,    0,    0,    0,    0,    0,    0,    0,    0,    0,    0,    0,    0,   -1,    0,    0,    0,    0,    0,    0,    0,    0,    0,    0,    0,    0,    0,    0,    0,    0,    0,    0,    0,    0,    0,    0,   -3,   -1,    0,   -1,   -1,    0,    0,    0,    0,    0,    0,    0,    0,    0,    0,    0,    0,    0,    0,    0,    0,    0,   -1,   -1,   -1,   -3,   -3,    0,   -3,   -2,    0,    0,    0,   -1,
       0,    0,   -3,   -1,    0,   -1,   -2,    0,   -1,    0,    0,    0,    0,   -2,   -1,    0,    0,   -1,    0,    0,    0,   -1,    0,   -3,   -1,   -3,   -2,    0,   -4,   -1,    0,   -2,   -1,    0,    0,    0,    0,   -1,    0,    0,    0,    0,    0,    0,    0,   -1,    0,   -1,   -1,    0,   -1,   -1,    0,    0,   -1,    0,   -1,   -2,   -1,   -2,    0,    0,   -1,    0,   -2,   -1,    0,    0,   -1,   -1,    0,    0,    0,    0,    0,    0,    0,    0,    0,    0,    0,    0,    0,    0,    0,    0,    0,    0,    0,   -1,    0,    0,    0,    0,    0,    0,    0,    0,    0,    0,    0,    0,    0,    0,    0,    0,    0,    0,    0,    0,    0,    0,   -3,   -1,    0,   -1,   -1,    0,    0,    0,    0,    0,    0,    0,    0,    0,    0,    0,    0,    0,    0,    0,    0,    0,   -1,   -1,   -1,   -4,   -3,    0,   -3,   -2,    0,    0,    0,   -1,
       0,    0,   -2,    0,    0,   -1,   -2,    0,   -1,    0,    0,    0,    0,   -2,    0,    0,   -1,    0,    0,    0,   -1,   -1,    0,   -3,   -1,   -3,   -2,   -1,   -4,   -1,    0,   -3,    0,    0,    0,    0,    0,    1,    0,    0,    0,    1,    0,    0,    0,    0,    0,    0,    0,    0,    0,   -1,    0,    0,   -1,    0,    0,   -1,   -1,   -1,    0,    0,   -1,    0,   -1,    0,    0,    0,   -1,    1,    0,    0,    0,    0,    0,    0,    0,    0,    0,    0,    0,    0,    0,    0,    0,    0,    0,    0,    0,    0,    0,    0,    0,    0,    0,    0,    0,    0,    0,   -1,    0,    0,    0,    0,    1,    0,    0,    0,    0,    0,    0,    0,   -3,    0,    0,    0,   -1,    0,    0,    0,    0,    0,    0,    0,    0,    0,    0,    0,    0,    0,    0,    0,    0,    0,    0,    0,   -1,   -2,   -1,    0,   -2,   -1,    0,    0,    0,    1,
       0,    0,   -2,    0,    0,   -1,   -2,    0,    0,    0,    0,    0,    0,   -2,    0,   -1,   -1,   -1,    0,   -1,   -1,   -1,   -1,   -3,   -2,   -3,   -2,   -1,   -4,   -1,    0,   -3,    0,    0,    0,    0,    0,   -1,    0,    0,    0,    0,    0,    0,   -1,   -1,    0,    0,    0,    0,    0,   -1,    0,    0,   -1,    0,    0,   -1,   -1,   -1,    0,    0,    0,    0,   -1,   -1,    0,    0,   -1,   -1,    0,    0,    0,    0,    0,    0,    0,    0,    0,    0,    0,    0,    0,    0,    0,    0,    0,    0,    0,    0,    0,    0,    0,    0,    0,    0,    0,    0,    0,   -1,    0,    0,    0,    0,    0,    0,    0,    0,    0,    0,   -1,   -1,   -3,   -1,    0,    0,   -1,    0,    0,    0,    0,    0,    0,    0,    0,    0,    0,    0,    0,    0,    0,    0,    0,    0,    0,    0,    0,   -3,   -2,    0,   -2,   -1,    0,    0,    0,   -1,
       0,    0,   -3,    0,    0,   -1,   -1,    0,    0,    0,    0,    0,    0,   -2,    0,   -1,   -1,   -1,    0,   -1,   -1,   -1,   -1,   -3,   -2,   -3,   -2,   -1,   -4,   -1,    0,   -3,    0,    0,    0,    0,    0,   -1,    0,    0,    0,    0,    0,    0,   -1,   -1,    0,    0,    0,    0,    0,   -1,    0,    0,   -1,    0,    0,   -1,   -1,   -1,    0,    0,    0,    0,   -1,   -1,    0,    0,   -1,   -1,    0,    0,    0,    0,    0,    0,    0,    0,    0,    0,    0,    0,    0,    0,    0,    0,    0,    0,    0,    0,    0,    0,    0,    0,    0,    0,    0,    0,    0,   -1,    0,    0,    0,    0,    0,    0,    0,    0,    0,    0,   -1,   -1,   -3,   -1,    0,    0,   -1,    0,    0,    0,    0,    0,    0,    0,    0,    0,    0,    0,    0,    0,    0,    0,    0,    0,    0,    0,    0,   -2,   -2,    0,   -2,   -1,    0,    0,    0,   -1,
       0,    0,   -1,   -1,    0,   -1,   -2,    0,   -1,    0,    0,    0,    0,   -1,   -1,    0,    0,   -1,    0,    0,    0,   -1,    0,   -1,   -1,   -1,   -1,    0,   -1,    0,    0,   -1,    0,    0,    0,    0,    0,   -1,    0,    0,    0,    0,    0,    0,    0,    0,    0,   -1,   -1,    0,   -1,    0,    0,    0,    0,    0,   -1,   -1,   -1,   -1,    0,    0,   -1,    0,   -1,   -1,    0,    0,   -1,   -1,    0,    0,    0,    0,    0,    0,    0,    0,    0,    0,    0,    0,    0,    0,    0,    0,    0,    0,    0,   -1,    0,    0,    0,    0,    0,    0,    0,    0,    0,    0,    0,    0,    0,    0,    0,    0,    0,    0,    0,    0,    0,    0,   -1,    0,    0,   -1,    0,    0,    0,    0,    0,    0,    0,    0,    0,    0,    0,    0,    0,    0,    0,    0,    0,    0,   -1,   -1,   -1,   -2,   -1,    0,   -1,   -1,    0,    0,    0,   -1,
       0,    0,    1,   -1,    0,    0,    1,    0,   -1,    0,    0,    0,    0,    0,   -1,    0,    0,   -1,    0,    0,    0,   -1,    0,   -1,   -1,   -1,   -1,    0,   -1,    0,    0,   -1,    1,    0,    0,    2,    0,   -1,    0,    1,    0,    0,    1,    0,    0,    0,    0,   -1,   -1,    0,   -1,    0,    0,    0,    0,    0,   -1,   -1,   -1,    0,    0,    0,   -1,    0,   -1,   -1,    0,    0,   -1,   -1,    0,    0,    0,    0,    0,    0,    1,    0,    0,    0,    0,    0,    0,    0,    0,    0,    0,    0,    1,   -1,    0,    0,    0,    0,    0,    0,    0,    0,    1,    0,    0,    0,    0,    0,    0,    0,    0,    0,    0,    0,    0,    0,   -1,    0,    0,   -1,    0,    0,    0,    0,    0,    0,    0,    0,    0,    0,    0,    0,    0,    0,    0,    0,    0,    0,   -1,   -1,   -1,   -1,    0,    0,   -1,   -1,    0,    0,    0,   -1,
       0,    0,   -1,   -1,    0,   -1,   -1,    0,   -1,    0,    0,    0,    0,   -1,   -1,    0,    0,   -1,    0,    0,    0,   -1,    0,   -1,   -1,   -1,   -1,    0,   -1,    0,    0,   -1,    0,    0,    0,    0,    0,   -1,    0,    0,    0,    0,    0,    0,    0,    0,    0,   -1,   -1,    0,   -1,    0,    0,    0,    0,    0,   -1,   -1,   -1,    0,    0,    0,   -1,    0,   -1,   -1,    0,    0,   -1,   -1,    0,    0,    0,    0,    0,    0,    0,    0,    0,    0,    0,    0,    0,    0,    0,    0,    0,    0,    0,   -1,    0,    0,    0,    0,    0,    0,    0,    0,    0,    0,    0,    0,    0,    0,    0,    0,    0,    0,    0,    0,    0,    0,   -1,    0,    0,   -1,    0,    0,    0,    0,    0,    0,    0,    0,    0,    0,    0,    0,    0,    0,    0,    0,    0,    0,   -1,   -1,   -1,    0,   -2,    0,   -1,   -1,    0,    0,    0,   -1,
       0,    0,    0,   -1,    0,   -1,    2,    0,   -1,    0,    0,    0,    0,    0,   -1,    0,    0,   -1,    0,    0,    0,   -1,    0,   -1,   -1,   -1,   -1,    0,   -1,    0,    0,   -1,    0,    0,    0,    0,    0,   -1,    0,    0,    0,    0,    0,    0,    0,    0,    0,   -1,   -1,    0,   -1,    0,    0,    0,    0,    0,   -1,   -1,   -1,    1,    0,    0,   -1,    0,   -1,   -1,    0,    0,   -1,   -1,    0,    0,    0,    0,    0,    0,    0,    0,    0,    0,    0,    0,    0,    0,    0,    0,    0,    0,    0,   -1,    0,    0,    0,    0,    0,    0,    0,    0,    0,    0,    0,    0,    0,    0,    0,    0,    0,    0,    0,    0,    0,    0,   -1,    0,    0,   -1,    0,    0,    0,    0,    0,    0,    0,    0,    0,    0,    0,    0,    0,    0,    0,    0,    0,    0,   -1,   -1,   -1,    1,    0,    0,   -1,   -1,    0,    0,    0,   -1,
       0,    0,   -1,    0,    0,   -1,   -2,    0,    0,    0,    0,    0,    0,   -2,    0,   -1,   -1,    0,    0,   -1,   -1,    0,    0,   -2,   -1,   -2,   -2,   -1,   -2,   -1,    0,   -1,   -1,    0,    0,    0,    0,    0,    0,    0,    0,    0,    0,    0,   -1,    0,    0,   -1,    0,   -1,    0,   -1,    0,    0,   -1,    0,    0,    0,    0,   -1,    0,    0,    0,    0,    0,   -1,    0,    0,    0,    0,    0,    0,    0,    0,    0,    0,    0,    0,    0,    0,    0,    0,    0,    0,    0,    0,    0,    0,    0,    0,    0,    0,    0,    0,    0,    0,    0,    0,    0,   -1,    0,    0,    0,    0,    0,    0,    0,    0,    0,    0,   -1,   -1,   -2,    0,    0,    0,   -1,    0,    0,    0,    0,    0,    0,    0,    0,    0,    0,    0,    0,    0,    0,    0,    0,    0,    0,    0,    0,   -1,   -1,    0,   -2,   -1,    0,    0,    0,    0,
       0,    0,   -4,    0,    0,   -2,   -3,    0,    0,    0,    0,    0,    0,   -2,    0,   -1,   -1,   -1,    0,   -1,   -1,   -1,    0,   -4,   -1,   -4,   -2,   -1,   -5,   -2,    0,   -4,   -1,    0,    0,    0,    0,   -1,    0,    0,    0,    0,    0,    0,   -1,   -1,    0,    0,    0,    0,    0,   -1,    0,    0,   -1,    0,    0,   -1,    0,   -3,    0,    0,    0,    0,    0,   -1,    0,    0,   -1,   -1,    0,    0,    0,    0,    0,    0,    0,    0,    0,    0,    0,    0,    0,    0,    0,    0,    0,    0,    0,    0,    0,    0,    0,    0,    0,    0,    0,    0,    0,   -1,    0,    0,    0,    0,    0,    0,    0,    0,    0,    0,   -1,   -1,   -4,   -1,    0,    0,   -1,    0,    0,    0,    0,    0,    0,    0,    0,    0,    0,    0,    0,    0,    0,    0,    0,    0,    0,    0,    0,   -3,   -4,    0,   -3,   -2,    0,    0,    0,   -1,
       0,    0,   -3,    0,    0,   -2,   -4,    0,    0,    0,    0,    0,    0,   -2,    0,   -1,   -1,   -1,    0,   -1,   -1,   -1,    0,   -4,   -1,   -4,   -2,   -1,   -5,   -2,    0,   -4,   -1,    0,    0,    0,    0,   -1,    0,    0,    0,    0,    0,    0,   -1,   -1,    0,    0,    0,    0,    0,   -1,    0,    0,   -1,    0,    0,   -1,    0,   -3,    0,    0,    0,    0,    0,   -1,    0,    0,   -1,   -1,    0,    0,    0,    0,    0,    0,    0,    0,    0,    0,    0,    0,    0,    0,    0,    0,    0,    0,    0,    0,    0,    0,    0,    0,    0,    0,    0,    0,    0,   -1,    0,    0,    0,    0,    0,    0,    0,    0,    0,    0,   -1,   -1,   -4,   -1,    0,    0,   -1,    0,    0,    0,    0,    0,    0,    0,    0,    0,    0,    0,    0,    0,    0,    0,    0,    0,    0,    0,    0,   -4,   -2,    0,   -3,   -2,    0,    0,    0,   -1,
       0,    0,   -5,    0,    0,   -2,   -3,    0,    0,    0,    0,    0,    0,   -2,    0,   -1,   -1,   -1,    0,   -1,   -1,   -1,    0,   -4,   -1,   -4,   -2,   -1,   -5,   -2,    0,   -4,   -1,    0,    0,    0,    0,   -1,    0,    0,    0,    0,    0,    0,   -1,   -1,    0,    0,    0,    0,    0,   -1,    0,    0,   -1,    0,    0,   -1,    0,   -3,    0,    0,    0,    0,    0,   -1,    0,    0,   -1,   -1,    0,    0,    0,    0,    0,    0,    0,    0,    0,    0,    0,    0,    0,    0,    0,    0,    0,    0,    0,    0,    0,    0,    0,    0,    0,    0,    0,    0,    0,   -1,    0,    0,    0,    0,    0,    0,    0,    0,    0,    0,   -1,   -1,   -4,   -1,    0,    0,   -1,    0,    0,    0,    0,    0,    0,    0,    0,    0,    0,    0,    0,    0,    0,    0,    0,    0,    0,    0,    0,   -3,   -2,    0,   -3,   -2,    0,    0,    0,   -1,
       0,    0,   -4,    0,    0,   -2,   -2,    0,    0,    0,    0,    0,    0,   -2,    0,   -1,   -1,   -1,    0,   -1,   -1,   -1,    0,   -4,   -1,   -4,   -2,   -1,   -5,   -2,    0,   -4,   -1,    0,    0,    0,    0,   -1,    0,    0,    0,    0,    0,    0,   -1,   -1,    0,    0,    0,    0,    0,   -1,    0,    0,   -1,    0,    0,   -1,    0,   -3,    0,    0,    0,    0,    0,   -1,    0,    0,   -1,   -1,    0,    0,    0,    0,    0,    0,    0,    0,    0,    0,    0,    0,    0,    0,    0,    0,    0,    0,    0,    0,    0,    0,    0,    0,    0,    0,    0,    0,    0,   -1,    0,    0,    0,    0,    0,    0,    0,    0,    0,    0,   -1,   -1,   -4,   -1,    0,    0,   -1,    0,    0,    0,    0,    0,    0,    0,    0,    0,    0,    0,    0,    0,    0,    0,    0,    0,    0,    0,    0,   -4,   -4,    0,   -3,   -2,    0,    0,    0,   -1,
       0,    0,   -4,    0,    0,   -2,   -3,    0,    0,    0,    0,    0,    0,   -2,    0,   -1,   -1,   -1,    0,   -1,   -1,   -1,    0,   -4,   -1,   -4,   -2,   -1,   -5,   -2,    0,   -4,   -1,    0,    0,    0,    0,   -2,    0,    0,    0,    0,    0,    0,   -1,   -1,    0,    0,    0,    0,    0,   -1,    0,    0,   -1,    0,    0,   -1,    0,   -2,    0,    0,    0,    0,    0,   -1,    0,    0,   -1,   -2,    0,    0,    0,    0,    0,    0,    0,    0,    0,    0,    0,    0,    0,    0,    0,    0,    0,    0,    0,    0,    0,    0,    0,    0,    0,    0,    0,    0,    0,   -1,    0,    0,    0,    0,    0,    0,    0,    0,    0,    0,   -1,   -1,   -4,   -1,    0,    0,   -1,    0,    0,    0,    0,    0,    0,    0,    0,    0,    0,    0,    0,    0,    0,    0,    0,    0,    0,    0,    0,   -4,   -3,    0,   -3,   -2,    0,    0,    0,   -2,
      -2,    0,   -3,   -1,    0,    0,   -4,    0,   -2,    0,    0,    0,    0,   -2,   -2,    0,    0,   -3,    0,    0,    0,   -3,   -1,   -4,   -3,   -4,   -3,    0,   -5,   -1,    0,   -3,    0,    0,   -1,   -1,   -1,   -1,   -1,    0,   -1,    0,    0,   -1,    0,   -2,   -1,   -2,   -1,    0,   -4,    0,    0,    0,   -1,    0,   -2,   -3,   -2,   -3,    0,    0,   -2,    0,   -3,    0,    0,    0,   -3,   -1,   -1,   -1,   -1,   -1,   -1,   -1,   -1,   -1,   -1,   -1,   -1,   -1,   -1,   -1,   -1,   -1,   -1,   -1,    0,   -4,   -1,   -1,   -1,   -1,   -1,   -1,   -1,   -1,    0,    0,   -1,   -1,   -1,   -1,    0,   -1,   -1,   -1,   -1,   -1,    0,    0,   -4,   -2,   -1,   -4,    0,   -1,   -1,   -1,   -1,   -1,   -1,   -1,   -1,   -1,   -1,   -1,   -1,   -1,   -1,   -1,   -1,   -1,   -4,   -4,   -2,   -4,   -4,    0,   -4,   -3,   -2,    0,    0,   -1,
       0,    0,   -3,   -1,    0,   -1,   -3,    0,   -1,    0,    0,    0,    0,   -2,   -1,    0,    0,   -1,    0,    0,    0,   -1,    0,   -3,   -1,   -3,   -2,    0,   -4,   -1,    0,   -2,   -1,    0,    0,    0,    0,    0,    0,    0,    0,    1,    0,    0,    0,   -1,    0,   -1,   -1,    0,   -1,   -1,    0,    0,   -1,    0,   -1,   -2,   -1,   -2,    0,    0,   -1,    0,   -2,   -1,    0,    0,   -1,    0,    0,    0,    0,    0,    0,    0,    0,    0,    0,    0,    0,    0,    0,    0,    0,    0,    0,    0,    0,   -1,    0,    0,    0,    0,    0,    0,    0,    0,    0,    0,    0,    0,    0,    0,    1,    0,    0,    0,    0,    0,    0,    0,   -3,   -1,    0,   -1,   -1,    0,    0,    0,    0,    0,    0,    0,    0,    0,    0,    0,    0,    0,    0,    0,    0,    0,   -1,   -1,   -1,   -3,   -3,    0,   -3,   -2,    0,    0,    0,    0,
       0,    0,   -1,    0,    0,   -1,   -1,    0,   -1,    0,    0,    0,    0,   -1,    0,    0,   -1,    0,    0,    0,   -1,   -1,    0,   -3,   -1,   -3,   -2,   -1,   -4,   -1,    0,   -3,    0,    0,    0,    0,    0,   -1,    0,    0,    0,    0,    0,    0,    0,    0,    0,    0,    0,    0,    0,   -1,    0,    0,   -1,    0,    0,   -1,   -1,   -1,    0,    0,   -1,    0,   -1,    0,    0,    0,   -1,   -1,    0,    0,    0,    0,    0,    0,    0,    0,    0,    0,    0,    0,    0,    0,    0,    0,    0,    0,    0,    0,    0,    0,    0,    0,    0,    0,    0,    0,    0,   -1,    0,    0,    0,    0,    0,    0,    0,    0,    0,    0,    0,    0,   -3,    0,    0,    0,   -1,    0,    0,    0,    0,    0,    0,    0,    0,    0,    0,    0,    0,    0,    0,    0,    0,    0,    0,    0,   -1,   -2,   -1,    0,   -2,   -1,    0,    0,    0,   -1,
       0,    2,    4,    0,    0,    4,    3,    0,   -1,    0,    0,    0,    0,    3,    0,    0,    0,    0,    0,    0,    0,    0,    0,    0,    0,    0,    0,    0,    0,    0,    0,    0,    4,    0,    0,    5,    0,    0,    0,    4,    1,    1,    4,    0,    0,    0,    0,   -1,   -1,    0,   -1,   -1,    0,    0,    4,    0,    0,    0,   -1,    1,    0,    0,    0,    0,    0,   -1,    0,    0,    0,    0,    0,    0,    0,    0,    0,    0,    1,    1,    1,    1,    0,    0,    0,    0,    0,    0,    0,    0,    4,   -1,    0,    0,    0,    0,    0,    0,    0,    0,    4,    0,    1,    1,    1,    1,    1,    0,    0,    0,    0,    0,    0,    0,    0,    0,    0,   -1,    2,    0,    0,    0,    0,    1,    1,    0,    0,    0,    0,    0,    0,    0,    0,    1,    0,    0,   -1,   -1,   -1,    2,    3,    0,    0,    0,    0,    0,    0,    0,
       0,    0,   -1,   -1,    0,   -1,    0,    0,   -1,    0,    0,    0,    0,    0,   -1,    0,    0,   -1,    0,    0,    0,   -1,    0,   -1,   -1,   -1,   -1,    0,   -1,    0,    0,   -1,    0,    0,    0,    0,    0,   -1,    0,    0,    0,    0,    0,    0,    0,   -1,    0,   -1,   -1,    0,   -1,   -1,    0,    0,    0,    0,    0,   -1,   -1,    0,    0,    0,   -1,    0,   -1,   -1,    0,    0,   -1,   -1,    0,    0,    0,    0,    0,    0,    0,    0,    0,    0,    0,    0,    0,    0,    0,    0,    0,    0,    0,   -1,    0,    0,    0,    0,    0,    0,    0,    0,    0,    0,    0,    0,    0,    0,    0,    0,    0,    0,    0,    0,    0,    0,   -1,   -1,    0,   -1,   -1,    0,    0,    0,    0,    0,    0,    0,    0,    0,    0,    0,    0,    0,    0,    0,    0,    0,   -1,   -1,   -1,    0,   -1,    0,   -2,   -1,    0,    0,    0,   -1,
       0,    0,   -3,    0,    0,   -1,   -2,    0,    0,    0,    0,    0,    0,   -2,    0,   -1,   -1,   -1,    0,   -1,   -1,   -1,   -1,   -3,   -2,   -3,   -2,   -1,   -4,   -1,    0,   -3,    0,    0,    0,    0,    0,   -1,    0,    0,    0,    0,    0,    0,   -1,   -1,    0,    0,    0,    0,    0,   -1,    0,    0,   -1,    0,    0,   -1,   -1,   -1,    0,    0,    0,    0,   -1,   -1,    0,    0,   -1,   -1,    0,    0,    0,    0,    0,    0,    0,    0,    0,    0,    0,    0,    0,    0,    0,    0,    0,    0,    0,    0,    0,    0,    0,    0,    0,    0,    0,    0,    0,   -1,    0,    0,    0,    0,    0,    0,    0,    0,    0,    0,   -1,   -1,   -3,   -1,    0,    0,   -1,    0,    0,    0,    0,    0,    0,    0,    0,    0,    0,    0,    0,    0,    0,    0,    0,    0,    0,    0,    0,   -2,   -2,    0,   -2,   -1,    0,    0,    0,   -1,
       0,    0,    0,    0,    0,    0,   -1,    0,    0,    0,    0,    0,    0,    0,    0,    0,    0,    0,    0,    0,    0,    0,    0,   -1,    0,   -1,   -1,   -1,   -1,    0,    0,    0,    0,    0,    0,    0,    0,    0,   -1,    0,   -1,    1,    0,   -1,    0,   -1,   -1,   -1,   -1,    0,   -1,   -1,    0,    0,    0,    0,    0,    0,    0,    0,    0,    0,    0,    0,    0,    0,    0,    0,    0,    0,    0,    0,    0,    0,    0,    0,   -1,   -1,   -1,   -1,    0,    0,    0,    0,    0,    0,   -1,   -1,    0,   -1,    0,    0,    0,    0,    0,    0,   -1,   -1,    0,    0,   -1,   -1,   -1,   -1,    1,    0,    0,    0,    0,   -1,    0,    0,   -1,   -1,   -1,   -1,   -1,   -1,    0,    0,    0,   -1,   -1,    0,   -1,   -1,   -1,    0,    0,    0,    0,   -1,    0,    0,   -1,   -1,    0,    0,    0,    0,   -1,    0,    0,    0,    0,    0,
       0,    0,   -2,    0,    0,   -1,   -2,    0,    0,    0,    0,    0,    0,   -2,    0,   -1,   -1,   -1,    0,   -1,   -1,   -1,   -1,   -3,   -2,   -3,   -2,   -1,   -4,   -1,    0,   -3,    0,    0,    0,    0,    0,    0,    0,    0,    0,    1,    0,    0,   -1,   -1,    0,    0,    0,    0,    0,   -1,    0,    0,   -1,    0,    0,   -1,   -1,   -1,    0,    0,    0,    0,   -1,   -1,    0,    0,   -1,    0,    0,    0,    0,    0,    0,    0,    0,    0,    0,    0,    0,    0,    0,    0,    0,    0,    0,    0,    0,    0,    0,    0,    0,    0,    0,    0,    0,    0,    0,   -1,    0,    0,    0,    0,    1,    0,    0,    0,    0,    0,   -1,   -1,   -3,   -1,    0,    0,   -1,    0,    0,    0,    0,    0,    0,    0,    0,    0,    0,    0,    0,    0,    0,    0,    0,    0,    0,    0,    0,   -2,   -2,    0,   -2,   -1,    0,    0,    0,    0,
       0,    0,    0,   -1,    0,    0,    0,    0,   -1,    0,    0,    0,    0,    0,   -1,    0,    0,   -1,    0,    0,    0,   -1,    0,    0,    0,    0,    0,    0,    0,    0,    0,    0,    0,    0,   -1,    0,   -1,   -1,   -1,    0,   -1,   -1,    0,   -1,   -1,   -1,   -1,   -1,   -1,    0,   -1,   -1,    0,    0,    0,    0,    0,    0,   -2,    0,    0,    0,   -1,    0,    0,   -1,    0,    0,   -1,   -1,   -1,   -1,   -1,   -1,   -1,   -1,   -1,   -1,   -1,   -1,   -1,   -1,   -1,   -1,   -1,   -1,   -1,   -1,    0,   -1,   -1,   -1,   -1,   -1,   -1,   -1,   -1,   -1,    1,    0,   -1,   -1,   -1,   -1,   -1,    0,   -1,   -1,   -1,   -1,   -1,   -1,    0,   -1,   -1,   -1,   -1,   -1,   -1,   -1,   -1,    1,   -1,   -1,   -1,   -1,   -1,   -1,   -1,   -1,   -1,   -1,   -1,   -1,   -1,   -1,   -1,    0,    0,    0,    0,    0,    0,    0,    0,   -1,
       0,    0,    0,   -1,    0,   -1,    0,    0,   -1,    0,    0,    0,    0,   -1,   -1,    0,    0,   -1,    0,    0,    0,   -1,    0,   -1,   -1,   -1,   -1,    0,   -1,    0,    0,   -1,    0,    0,    0,    0,    0,   -1,    0,    0,    0,    0,    0,    0,    0,    0,    0,   -1,   -1,    0,   -1,    0,    0,    0,    0,    0,   -1,   -1,   -1,   -1,    0,    0,   -1,    0,   -1,   -1,    0,    0,   -1,   -1,    0,    0,    0,    0,    0,    0,    0,    0,    0,    0,    0,    0,    0,    0,    0,    0,    0,    0,    0,   -1,    0,    0,    0,    0,    0,    0,    0,    0,    0,    0,    0,    0,    0,    0,    0,    0,    0,    0,    0,    0,    0,    0,   -1,    0,    0,   -1,    0,    0,    0,    0,    0,    0,    0,    0,    0,    0,    0,    0,    0,    0,    0,    0,    0,    0,   -1,   -1,   -1,   -1,   -1,    0,   -1,   -1,    0,    0,    0,   -1,
       0,    0,   -1,   -1,    0,   -1,    0,    0,   -1,    0,    0,    0,    0,   -1,   -1,    0,    0,   -1,    0,    0,    0,   -1,    0,   -1,   -1,   -1,   -1,    0,   -1,    0,    0,   -1,    0,    0,    0,    0,    0,   -1,    0,    0,    0,    0,    0,    0,    0,    0,    0,   -1,   -1,    0,   -1,    0,    0,    0,    0,    0,   -1,   -1,   -1,    0,    0,    0,   -1,    0,   -1,   -1,    0,    0,   -1,   -1,    0,    0,    0,    0,    0,    0,    0,    0,    0,    0,    0,    0,    0,    0,    0,    0,    0,    0,    0,   -1,    0,    0,    0,    0,    0,    0,    0,    0,    0,    0,    0,    0,    0,    0,    0,    0,    0,    0,    0,    0,    0,    0,   -1,    0,    0,   -1,    0,    0,    0,    0,    0,    0,    0,    0,    0,    0,    0,    0,    0,    0,    0,    0,    0,    0,   -1,   -1,   -1,    0,   -1,    0,   -1,   -1,    0,    0,    0,   -1,
       0,    0,    0,   -1,    0,   -1,    0,    0,   -1,    0,    0,    0,    0,   -1,   -1,    0,    0,   -1,    0,    0,    0,   -1,    0,   -1,   -1,   -1,   -1,    0,   -1,    0,    0,   -1,    0,    0,    0,    1,    0,   -1,    0,    0,    0,    0,    0,    0,    0,    0,    0,   -1,   -1,    0,   -1,    0,    0,    0,    0,    0,   -1,   -1,   -1,   -1,    0,    0,   -1,    0,   -1,   -1,    0,    0,   -1,   -1,    0,    0,    0,    0,    0,    0,    0,    0,    0,    0,    0,    0,    0,    0,    0,    0,    0,    0,    0,   -1,    0,    0,    0,    0,    0,    0,    0,    0,    0,    0,    0,    0,    0,    0,    0,    0,    0,    0,    0,    0,    0,    0,   -1,    0,    0,   -1,    0,    0,    0,    0,    0,    0,    0,    0,    0,    0,    0,    0,    0,    0,    0,    0,    0,    0,   -1,   -1,   -1,   -1,   -1,    0,   -1,   -1,    0,    0,    0,   -1,
       0,    0,    0,   -1,    0,    0,    0,    0,   -1,    0,    0,    0,    0,    0,   -1,    0,    0,   -1,    0,    0,    0,   -1,    0,    0,    0,    0,    0,    0,    0,    0,    0,    0,    0,    0,   -1,    0,   -1,   -1,   -1,    0,   -1,    1,    0,   -1,   -1,   -1,   -1,   -1,   -1,    0,   -1,   -1,    0,    0,    0,    0,    0,    0,   -2,    0,    0,    0,   -1,    0,    0,   -1,    0,    0,   -1,   -1,   -1,   -1,   -1,   -1,   -1,   -1,   -1,   -1,   -1,   -1,   -1,   -1,   -1,   -1,   -1,   -1,   -1,   -1,    0,   -1,   -1,   -1,   -1,   -1,   -1,   -1,   -1,   -1,    0,    0,   -1,   -1,   -1,   -1,    1,    0,   -1,   -1,   -1,   -1,   -1,   -1,    0,   -1,   -1,   -1,   -1,   -1,   -1,   -1,   -1,    1,   -1,   -1,   -1,   -1,   -1,   -1,   -1,   -1,   -1,   -1,   -1,   -1,   -1,   -1,   -1,    0,    0,    0,    0,    0,    0,    0,    0,   -1,
       0,    0,   -1,   -1,    0,   -1,   -1,    0,   -1,    0,    0,    0,    0,   -1,   -1,    0,    0,   -1,    0,    0,    0,   -1,    0,   -1,   -1,   -1,   -1,    0,   -1,    0,    0,   -1,    0,    0,    0,    0,    0,    0,    0,    0,    0,    1,    0,    0,    0,    0,    0,   -1,   -1,    0,   -1,    0,    0,    0,    0,    0,   -1,   -1,   -1,   -1,    0,    0,   -1,    0,   -1,   -1,    0,    0,   -1,    0,    0,    0,    0,    0,    0,    0,    0,    0,    0,    0,    0,    0,    0,    0,    0,    0,    0,    0,    0,   -1,    0,    0,    0,    0,    0,    0,    0,    0,    0,    0,    0,    0,    0,    0,    1,    0,    0,    0,    0,    0,    0,    0,   -1,    0,    0,   -1,    0,    0,    0,    0,    0,    0,    0,    0,    0,    0,    0,    0,    0,    0,    0,    0,    0,    0,   -1,   -1,   -1,   -1,   -1,    0,   -1,   -1,    0,    0,    0,    0,
       0,    0,    0,    0,    0,    0,    0,    0,    0,    0,    0,    0,    0,    0,    0,    0,   -1,   -1,    0,    0,   -1,   -1,    0,   -1,   -1,    0,    0,    0,    0,    0,    0,    0,    0,    0,    0,    0,    0,    0,    0,    0,    0,    0,    0,    0,    0,    0,    0,    0,    0,    0,    0,    0,    0,    0,    0,    0,    0,    0,    0,    1,    0,    0,    0,    0,    0,   -1,    0,    0,   -1,    0,    0,    0,    0,    0,    0,    0,    0,    0,    0,    0,    0,    0,    0,    0,    0,    0,    0,    0,    0,    0,    0,    0,    0,    0,    0,    0,    0,    0,    0,   -1,    0,    0,    0,    0,    0,    0,    0,    0,    0,    0,    0,    0,   -1,    0,    0,    0,    0,    0,    0,    0,    0,    0,    0,    0,    0,    0,    0,    0,    0,    0,    0,    0,    0,    0,    0,    0,    0,    1,    0,    0,    0,    0,    0,    0,    0,    0,
       0,    0,   -1,   -1,    0,   -1,   -2,    0,   -1,    0,    0,    0,    0,   -1,   -1,    0,    0,   -1,    0,    0,    0,   -1,    0,   -1,   -1,   -1,   -1,    0,   -2,    0,    0,   -1,    0,    0,    0,    0,    0,   -1,    0,    0,   -1,    1,    0,   -1,    0,   -1,   -1,   -1,   -1,    0,   -2,   -1,    0,    0,    0,    0,    0,   -1,   -1,   -1,    0,    0,   -2,    0,   -1,    0,    0,    0,   -1,   -1,    0,    0,    0,    0,    0,    0,   -1,   -1,   -1,   -1,    0,    0,    0,    0,    0,    0,   -1,   -1,    0,   -2,    0,    0,    0,    0,    0,    0,    0,    0,    0,    0,   -1,   -1,   -1,   -1,    1,    0,    0,    0,    0,   -1,    0,    0,   -1,   -1,   -1,   -2,   -1,    0,    0,    0,    0,   -1,   -1,    0,   -1,   -1,   -1,    0,    0,    0,    0,   -1,    0,    0,   -2,   -2,   -1,   -1,   -1,    0,   -2,   -2,    0,    0,    0,   -1,
      -2,    0,   -5,    0,    0,    0,   -1,    0,    0,    0,    0,    0,    0,   -2,    0,    0,    0,   -1,    0,    0,    0,   -1,   -1,   -6,   -1,   -1,   -3,   -1,   -5,   -1,    0,   -2,    0,    0,    0,    0,    0,   -2,    0,    0,   -1,   -1,    0,   -1,    0,   -1,   -1,   -1,   -1,    0,   -1,   -1,    0,    0,    0,    0,   -1,   -1,    1,   -3,    0,    0,    0,    0,   -1,    0,    0,    0,   -1,   -2,    0,    0,    0,    0,    0,    0,   -1,   -1,   -1,   -1,    0,    0,    0,    0,    0,    0,   -1,   -1,    0,   -1,    0,    0,    0,    0,    0,    0,    0,    0,    0,    0,   -1,   -1,   -1,   -1,   -1,   -1,    0,    0,    0,   -1,    0,    0,   -6,   -1,   -1,   -1,   -1,    0,    0,    0,    0,   -1,   -1,    0,   -1,   -1,   -1,    0,    0,    0,    0,   -1,    0,    0,   -1,   -1,    0,   -7,   -6,    0,   -5,   -4,    0,    0,    0,   -2,
       0,    2,    4,    0,    0,    4,    3,    0,   -1,    0,    0,    0,    0,    3,    0,    0,    0,    0,    0,    0,    0,    0,    0,    0,    0,    0,    0,    0,    0,    0,    0,    0,    4,    0,    0,    5,    0,    0,    0,    4,    0,    1,    4,    0,    0,    0,    0,   -1,   -1,    0,   -1,    0,    0,    0,    4,    0,    0,    0,   -1,    1,    0,    0,    0,    0,    0,    0,    0,    0,    0,    0,    0,    0,    0,    0,    0,    0,    0,    0,    0,    0,    0,    0,    0,    0,    0,    0,    0,    0,    4,   -1,    0,    0,    0,    1,    0,    0,    0,    0,    4,    0,    0,    0,    0,    0,    1,    0,    0,    0,    0,    0,    0,    3,    0,    0,    0,   -1,    2,    0,    0,    0,    0,    0,    0,    0,    0,    0,    0,    0,    0,    0,    0,    0,    0,    0,   -1,   -1,   -1,    1,    3,    0,    0,    0,    0,    0,    0,    0,
       0,    0,   -1,   -1,    0,   -1,   -2,    0,   -1,    0,    0,    0,    0,   -1,    0,    0,    0,    0,    0,    0,    0,    0,    0,    0,    0,    0,    0,    0,    0,    0,    0,    0,    0,    0,    0,    0,   -1,   -1,    0,    0,    0,    0,    0,    0,    0,    0,    0,   -1,   -1,    0,   -1,   -1,    0,    0,    0,    0,    0,    0,   -1,   -1,    0,    0,    0,    0,    0,    0,    0,    0,    0,   -1,    0,    0,    0,   -1,   -1,   -1,    0,    0,    0,    0,    0,   -1,   -1,   -1,   -1,   -1,    0,    0,    0,   -1,    0,   -1,   -1,   -1,   -1,   -1,    0,    0,    0,    0,    0,    0,    0,    0,    0,    0,   -1,   -1,   -1,    0,    0,    0,    0,    0,    0,   -1,   -1,    0,    0,   -1,   -1,    0,    0,   -1,    0,    0,    0,    0,   -1,   -1,   -1,    0,   -1,   -1,   -1,   -1,   -1,   -1,   -1,    0,    0,    0,    0,    0,    0,   -1,
       0,    0,   -5,   -1,    0,   -1,   -3,    0,   -1,    0,    0,    0,    0,   -2,   -1,    0,    0,   -1,    0,    0,   -1,   -1,    0,   -3,   -1,   -4,   -2,    0,   -4,   -1,    0,   -4,   -1,    0,    0,    0,    0,   -1,    0,    0,    0,    0,    0,    0,    0,   -1,    0,   -1,   -1,    0,   -1,    0,    0,    0,   -1,    0,   -1,   -2,   -1,   -2,    0,    0,   -1,    0,   -2,   -1,    0,    0,   -1,   -1,    0,    0,    0,    0,    0,    0,    0,    0,    0,    0,    0,    0,    0,    0,    0,    0,    0,    0,    0,   -1,    0,    0,    0,    0,    0,    0,    0,    0,    0,    0,    0,    0,    0,    0,    0,    0,    0,    0,    0,    0,    0,    0,   -3,   -1,    0,   -1,    0,    0,    0,    0,    0,    0,    0,    0,    0,    0,    0,    0,    0,    0,    0,    0,    0,    0,   -1,   -1,   -1,   -3,   -3,    0,   -3,   -3,    0,    0,    0,   -1,
       0,    0,    0,   -1,    0,    0,    0,   -1,   -1,   -1,    0,    0,   -1,    0,   -1,   -1,    0,   -1,    0,    0,    0,   -1,    0,    0,    0,    0,    0,    0,    0,    0,    0,    0,    0,    0,   -1,    1,   -1,   -1,   -1,    0,   -1,    0,    0,   -1,   -1,   -1,   -1,   -1,   -1,   -1,   -1,   -1,    0,    0,    0,    0,    0,    0,   -1,    0,    0,    0,   -1,    0,    0,   -1,    0,   -1,   -1,   -1,   -1,   -1,   -1,   -1,   -1,   -1,    0,   -1,   -1,   -1,   -1,   -1,   -1,   -1,   -1,   -1,   -1,   -1,    0,   -1,   -1,   -1,   -1,   -1,   -1,   -1,   -1,   -1,    0,    0,   -1,   -1,   -1,   -1,    0,    0,   -1,   -1,   -1,   -1,   -1,   -2,    0,   -1,   -1,   -1,   -1,   -1,   -1,   -1,   -1,    1,   -1,   -1,   -1,   -1,   -1,   -1,   -1,   -1,    0,   -1,   -1,   -1,   -1,   -1,   -1,    0,    0,   -1,    0,    0,    0,    0,    0,   -1,
       0,    0,   -2,   -1,    0,    0,   -2,    0,    0,    0,    0,    0,    0,   -2,    0,    0,    0,    0,    0,    0,    0,    0,    0,    0,    0,    0,    0,    0,    0,    0,    0,    0,    0,    0,    0,    0,    0,   -1,    0,    0,    0,    1,    0,    0,    0,    0,    0,    0,    0,    0,    0,    0,    0,    0,    0,    0,    0,    0,    0,   -1,    0,    0,    0,    0,    0,   -1,    0,    0,    0,   -1,    0,    0,    0,    0,    0,    0,    0,    0,    0,    0,    0,    0,    0,    0,    0,    0,    0,    0,    0,    0,    0,    0,    0,    0,    0,    0,    0,    0,    0,    0,    0,    0,    0,    0,    1,    0,    0,    0,    0,    0,    0,    0,    0,    0,    0,    0,    0,    0,    0,    0,    0,    0,    0,    0,    0,    0,    0,    0,    0,    0,    0,    0,    0,    0,    0,    0,    0,   -2,   -1,    0,    0,    0,    0,    0,    0,   -1,
       0,    0,   -3,    0,    0,   -2,   -3,    0,    0,    0,    0,    0,    0,   -2,    0,   -1,   -1,   -1,    0,   -1,   -1,   -1,    0,   -4,   -1,   -4,   -2,   -1,   -5,   -2,    0,   -4,   -1,    0,    0,    0,    0,   -1,    0,    0,    0,    0,    0,    0,   -1,   -1,    0,    0,    0,    0,    0,   -1,    0,    0,   -1,    0,    0,   -1,    0,   -3,    0,    0,    0,    0,    0,   -1,    0,    0,   -1,   -1,    0,    0,    0,    0,    0,    0,    0,    0,    0,    0,    0,    0,    0,    0,    0,    0,    0,    0,    0,    0,    0,    0,    0,    0,    0,    0,    0,    0,    0,   -1,    0,    0,    0,    0,    0,    0,    0,    0,    0,    0,   -1,   -1,   -4,   -1,    0,    0,   -1,    0,    0,    0,    0,    0,    0,    0,    0,    0,    0,    0,    0,    0,    0,    0,    0,    0,    0,    0,    0,   -3,   -2,    0,   -3,   -2,    0,    0,    0,   -1,
       0,    0,   -5,    0,    0,   -2,   -4,    0,    0,    0,    0,    0,    0,   -2,    0,   -1,   -1,   -1,    0,   -1,   -1,   -1,    0,   -4,   -1,   -4,   -2,   -1,   -5,   -2,    0,   -4,   -1,    0,    0,    0,    0,   -1,    0,    0,    0,    0,    0,    0,   -1,   -1,    0,    0,    0,    0,    0,   -1,    0,    0,   -1,    0,    0,   -1,    0,   -3,    0,    0,    0,    0,    0,   -1,    0,    0,   -1,   -1,    0,    0,    0,    0,    0,    0,    0,    0,    0,    0,    0,    0,    0,    0,    0,    0,    0,    0,    0,    0,    0,    0,    0,    0,    0,    0,    0,    0,    0,   -1,    0,    0,    0,    0,    0,    0,    0,    0,    0,    0,   -1,   -1,   -4,   -1,    0,    0,   -1,    0,    0,    0,    0,    0,    0,    0,    0,    0,    0,    0,    0,    0,    0,    0,    0,    0,    0,    0,    0,   -3,   -2,    0,   -3,   -2,    0,    0,    0,   -1,
       0,    0,   -2,    0,    0,   -2,   -1,    0,    0,    0,    0,    0,    0,   -1,    0,   -1,   -1,   -1,    0,   -1,   -1,   -1,    0,   -4,   -1,   -4,   -2,   -1,   -5,   -2,    0,   -4,   -1,    0,    0,    0,    0,   -1,    0,    0,    0,    0,    0,    0,   -1,   -1,    0,    0,    0,    0,    0,   -1,    0,    0,   -1,    0,    0,   -1,    0,   -2,    0,    0,    0,    0,    0,   -1,    0,    0,   -1,   -1,    0,    0,    0,    0,    0,    0,    0,    0,    0,    0,    0,    0,    0,    0,    0,    0,    0,    0,    0,    0,    0,    0,    0,    0,    0,    0,    0,    0,    0,   -1,    0,    0,    0,    0,    0,    0,    0,    0,    0,    0,   -1,   -1,   -4,   -1,    0,    0,   -1,    0,    0,    0,    0,    0,    0,    0,    0,    0,    0,    0,    0,    0,    0,    0,    0,    0,    0,    0,    0,   -4,   -2,    0,   -3,   -2,    0,    0,    0,   -1,
       0,    0,   -1,   -1,    0,   -1,   -1,    0,   -1,    0,    0,    0,    0,   -1,    0,    0,   -1,   -1,    0,    0,   -1,   -1,   -1,   -3,   -2,   -3,   -2,   -1,   -4,   -1,    0,   -3,    0,    0,    0,    0,   -1,   -1,    0,    0,    0,    0,    0,    0,   -1,    0,    0,    0,    0,    0,    0,    0,    0,    0,   -1,    0,    0,   -1,   -1,   -1,    0,    0,   -1,    0,   -1,    0,    0,    0,   -1,   -1,    0,    0,    0,   -1,   -1,   -1,    0,    0,    0,    0,    0,   -1,   -1,   -1,   -1,   -1,    0,    0,    0,    0,    0,   -1,   -1,   -1,   -1,   -1,    0,    0,    0,   -1,    0,    0,    0,    0,    0,    0,   -1,   -1,   -1,    0,   -1,   -1,   -3,    0,    0,    0,    0,    0,    0,   -1,   -1,    0,    0,   -1,    0,    0,    0,    0,   -1,   -1,   -1,    0,   -1,   -1,    0,    0,   -1,   -2,   -1,    0,   -2,   -1,   -1,    0,    0,   -1,
       0,    0,   -3,   -1,    0,   -1,   -2,    0,   -1,    0,    0,    0,    0,   -2,    0,    0,   -1,   -1,    0,    0,   -1,   -1,   -1,   -3,   -2,   -3,   -2,   -1,   -4,   -1,    0,   -3,    0,    0,    0,    0,   -1,   -1,    0,    0,    0,    0,    0,    0,   -1,    0,    0,    0,    0,    0,    0,    0,    0,    0,   -1,    0,    0,   -1,   -1,   -1,    0,    0,   -1,    0,   -1,    0,    0,    0,   -1,   -1,    0,    0,    0,   -1,   -1,   -1,    0,    0,    0,    0,    0,   -1,   -1,   -1,   -1,   -1,    0,    0,    0,    0,    0,   -1,   -1,   -1,   -1,   -1,    0,    0,    0,   -1,    0,    0,    0,    0,    0,    0,   -1,   -1,   -1,    0,   -1,   -1,   -3,    0,    0,    0,    0,    0,    0,   -1,   -1,    0,    0,   -1,    0,    0,    0,    0,   -1,   -1,   -1,    0,   -1,   -1,    0,    0,   -1,   -2,   -1,    0,   -2,   -1,   -1,    0,    0,   -1,
       0,    0,   -2,   -1,    0,   -1,   -2,    0,   -1,    0,    0,    0,    0,   -2,    0,    0,   -1,   -1,    0,    0,   -1,   -1,   -1,   -3,   -2,   -3,   -2,   -1,   -4,   -1,    0,   -3,    0,    0,    0,    0,   -1,   -1,    0,    0,    0,    1,    0,    0,   -1,    0,    0,    0,    0,    0,    0,    0,    0,    0,   -1,    0,    0,   -1,   -1,   -1,    0,    0,   -1,    0,   -1,    0,    0,    0,   -1,   -1,    0,    0,    0,   -1,   -1,   -1,    0,    0,    0,    0,    0,   -1,   -1,   -1,   -1,   -1,    0,    0,    0,    0,    0,   -1,   -1,   -1,   -1,   -1,    0,    0,    0,   -1,    0,    0,    0,    0,    1,    0,   -1,   -1,   -1,    0,   -1,   -1,   -3,    0,    0,    0,    0,    0,    0,   -1,   -1,    0,    0,   -1,    0,    0,    0,    0,   -1,   -1,   -1,    0,   -1,   -1,    0,    0,   -1,   -2,   -1,    0,   -2,   -1,   -1,    0,    0,   -1,
       0,    0,   -2,   -1,    0,   -1,   -2,    0,   -1,    0,    0,    0,    0,   -2,    0,    0,   -1,   -1,    0,    0,   -1,   -1,   -1,   -3,   -2,   -3,   -2,   -1,   -4,   -1,    0,   -3,    0,    0,    0,    0,   -1,   -1,    0,    0,    0,    0,    0,    0,   -1,    0,    0,    0,    0,    0,    0,    0,    0,    0,   -1,    0,    0,   -1,   -1,   -1,    0,    0,   -1,    0,   -1,    0,    0,    0,   -1,   -1,    0,    0,    0,   -1,   -1,   -1,    0,    0,    0,    0,    0,   -1,   -1,   -1,   -1,   -1,    0,    0,    0,    0,    0,   -1,   -1,   -1,   -1,   -1,    0,    0,    0,   -1,    0,    0,    0,    0,    0,    0,   -1,   -1,   -1,    0,   -1,   -1,   -3,    0,    0,    0,    0,    0,    0,   -1,   -1,    0,    0,   -1,    0,    0,    0,    0,   -1,   -1,   -1,    0,   -1,   -1,    0,    0,   -1,   -2,   -2,    0,   -2,   -1,   -1,    0,    0,   -1,
       0,    0,   -1,    0,    0,   -1,   -2,    0,    0,    0,    0,    0,    0,   -1,    0,    0,   -1,    0,    0,    0,   -1,    0,    0,   -2,   -1,   -3,   -2,    0,   -4,   -1,    0,   -2,    0,    0,    0,    0,    0,    0,    0,    0,    0,    1,    0,    0,    0,    0,    0,    0,    0,    0,    0,    0,    0,    0,    0,    0,    0,    0,    0,   -1,    0,    0,    0,    0,   -1,    0,    0,    0,    0,    0,    0,    0,    0,    0,    0,    0,    0,    0,    0,    0,    0,    0,    0,    0,    0,    0,    0,    0,    0,    0,    0,    0,    0,    0,    0,    0,    0,    0,    0,   -1,    0,    0,    0,    0,    1,    0,    0,    0,    0,    0,    0,    0,   -2,    0,    0,    0,    0,    0,    0,    0,    0,    0,    0,    0,    0,    0,    0,    0,    0,    0,    0,    0,    0,    0,    0,    0,    0,   -1,   -1,    0,   -2,    0,   -1,    0,    0,    0,
       0,    1,    3,    0,    0,    2,    2,    0,    0,    0,    0,    0,    0,    2,    0,    0,   -1,    0,    0,    0,   -1,    0,    0,   -2,   -1,   -3,   -2,    0,   -4,   -1,    0,   -2,    3,    0,    0,    3,    0,    0,    0,    3,    0,    0,    2,    0,    0,    0,    0,    0,    0,    0,    0,    0,    0,    0,    2,    0,    0,    0,    0,    2,    0,    0,    0,    0,   -1,    0,    0,    0,    0,    0,    0,    0,    0,    0,    0,    0,    0,    0,    0,    0,    0,    0,    0,    0,    0,    0,    0,    0,    3,    0,    0,    0,    0,    0,    0,    0,    0,    0,    3,   -1,    0,    0,    0,    0,    0,    0,    0,    0,    0,    0,    0,    2,   -2,    0,    0,    0,    1,    0,    0,    0,    0,    0,    0,    0,    0,    0,    0,    0,    0,    0,    0,    0,    0,    0,    0,    0,    0,    2,    2,    0,   -2,    0,   -1,    0,    0,    0,
      -1,    0,    0,   -1,    0,    0,    0,   -3,   -6,   -3,   -2,   -1,   -1,    0,    0,   -4,    0,   -1,   -2,    0,    0,   -1,    0,    0,    0,    0,    0,    0,    0,    0,    0,    0,    0,    0,   -6,    0,   -3,   -1,   -6,    0,   -2,   -1,    0,   -5,   -6,   -1,   -5,   -2,   -5,   -3,   -5,   -5,    0,    0,    0,    0,    0,    0,   -6,    0,    0,    0,   -3,    0,    0,   -2,    0,   -5,   -1,   -1,   -6,   -6,   -6,   -5,   -5,   -5,   -1,   -4,   -2,   -1,   -1,   -3,   -3,   -3,   -6,   -3,   -5,   -5,    0,   -5,   -6,   -5,   -3,   -6,   -6,   -6,   -5,   -5,    2,    0,   -2,   -2,   -2,   -4,   -1,    0,    0,   -3,   -3,   -5,   -4,   -5,    0,   -2,   -5,   -5,   -5,   -5,   -6,   -3,   -6,    0,   -2,   -5,   -4,   -5,   -5,   -4,   -3,   -6,   -1,   -2,   -2,   -3,   -5,   -5,   -7,    0,    0,   -3,    0,    0,   -3,    0,    0,   -1,
       0,    0,   -4,   -1,    0,   -1,   -3,    0,   -1,    0,    0,    0,    0,   -2,   -1,    0,    0,   -1,    0,    0,    0,   -1,    0,   -3,   -1,   -4,   -2,    0,   -4,   -1,    0,   -3,   -1,    0,    0,    0,    0,   -1,    0,    0,    0,    0,    0,    0,    0,    0,    0,   -1,   -1,    0,   -1,    0,    0,    0,   -1,    0,   -1,   -2,   -1,   -2,    0,    0,   -1,    0,   -2,   -1,    0,    0,   -1,   -1,    0,    0,    0,    0,    0,    0,    0,    0,    0,    0,    0,    0,    0,    0,    0,    0,    0,    0,    0,   -1,    0,    0,    0,    0,    0,    0,    0,    0,    0,    0,    0,    0,    0,    0,    0,    0,    0,    0,    0,    0,    0,    0,   -3,    0,    0,   -1,    0,    0,    0,    0,    0,    0,    0,    0,    0,    0,    0,    0,    0,    0,    0,    0,    0,    0,   -1,   -1,   -2,   -3,   -4,    0,   -3,   -2,    0,    0,    0,   -1,
       0,    0,   -3,   -1,    0,   -1,   -3,    0,   -1,    0,    0,    0,    0,   -2,   -1,    0,    0,   -1,    0,    0,    0,   -1,    0,   -3,   -1,   -4,   -2,    0,   -4,   -1,    0,   -3,   -1,    0,    0,    0,    0,    0,    0,    0,    0,    1,    0,    0,    0,    0,    0,   -1,   -1,    0,   -2,    0,    0,    0,   -1,    0,   -1,   -2,   -1,   -2,    0,    0,   -1,    0,   -2,   -1,    0,    0,   -1,    0,    0,    0,    0,    0,    0,    0,    0,    0,    0,    0,    0,    0,    0,    0,    0,    0,    0,    0,    0,   -2,    0,    0,    0,    0,    0,    0,    0,    0,    0,    0,    0,    0,    0,    0,    1,    0,    0,    0,    0,    0,    0,    0,   -3,    0,    0,   -2,    0,    0,    0,    0,    0,    0,    0,    0,    0,    0,    0,    0,    0,    0,    0,    0,    0,    0,   -2,   -2,   -2,   -3,   -3,    0,   -3,   -2,    0,    0,    0,    0,
       0,    0,    0,    0,    0,    0,   -1,   -1,    0,   -1,    0,    0,    0,   -1,    0,   -1,   -1,    0,   -1,   -1,   -1,    0,    0,   -1,   -1,   -1,   -1,   -2,   -1,   -1,    0,    0,    0,    0,    0,    0,    0,    0,    0,    0,    0,    0,    0,    0,    0,    0,    0,    0,    0,    0,    0,    0,    0,    0,    0,    0,    0,    0,    0,    0,    0,    0,    0,    0,    0,   -1,    0,    0,    0,    0,    0,    0,    0,    0,    0,    0,    0,    0,    0,    0,    0,    0,    0,    0,    0,    0,    0,    0,    0,    0,    0,    0,    0,    0,    0,    0,    0,    0,    0,   -1,    0,    0,    0,    0,    0,    0,    0,    0,    0,    0,    0,    0,   -1,    0,    0,    0,    0,    0,    0,    0,    0,    0,    0,    0,    0,    0,    0,    0,    0,    0,    0,    0,    0,    0,    0,    0,    0,    0,    0,   -1,    0,    0,    0,    0,    0,    0,
       0,    0,    0,    0,    0,   -1,    0,    0,    0,    0,    0,    0,    0,   -1,    0,    0,    0,    0,    0,    0,    0,    0,    0,    0,    0,    0,    0,    0,    0,    0,    0,    0,    0,    0,    0,    0,    0,    0,    0,    0,    0,    0,    0,    0,    0,    0,    0,    0,    0,    0,    0,    0,    0,    0,    0,    0,    0,    0,    0,    0,    0,    0,    0,    0,    0,   -1,    0,    0,    0,    0,    0,    0,    0,    0,    0,    0,    0,    0,    0,    0,    0,    0,    0,    0,    0,    0,    0,    0,    0,    0,    0,    0,    0,    0,    0,    0,    0,    0,    0,    0,    0,    0,    0,    0,    0,    0,    0,    0,    0,    0,    0,    0,    0,    0,    0,    0,    0,    0,    0,    0,    0,    0,    0,    0,    0,    0,    0,    0,    0,    0,    0,    0,    0,    0,    0,    0,    0,    0,    0,    0,    0,    0,    0,    0,    0,    0,
      -1,    1,    2,   -1,    0,    2,    2,   -2,   -2,   -2,    0,   -1,   -1,    1,    0,   -2,    0,    0,   -1,    0,    0,    0,    0,    1,    0,    2,    2,    1,    2,    0,    0,    0,    2,    0,   -1,    3,   -1,    0,   -1,    2,    0,    0,    2,   -1,   -1,   -1,   -1,   -1,   -1,   -1,   -1,   -1,    0,    0,    2,    0,    0,    0,   -2,    0,    0,    0,    0,    0,    0,   -2,    0,    0,    0,    0,   -1,   -1,   -1,   -1,   -1,   -1,    0,    0,    0,    0,    0,   -2,   -1,   -1,   -1,   -1,   -1,   -1,    2,   -1,   -1,   -1,   -1,   -1,   -1,   -1,   -1,   -1,    2,    0,    0,    0,    0,    0,    0,    0,    0,   -1,   -1,   -1,   -1,   -1,    1,   -1,   -1,   -1,   -1,   -1,   -1,   -1,   -1,    0,    0,   -1,   -1,   -1,   -1,   -1,   -1,   -1,   -1,    0,    4,   -1,   -1,   -1,   -2,    0,    2,   -2,    0,    0,    0,    0,    0,    0,
       0,    0,    0,    0,    0,    0,   -1,    0,   -2,    0,    0,    0,    0,    0,    0,    0,    0,    0,    0,    0,    0,    0,    0,    0,    0,    0,    0,    0,    0,    0,    0,    0,    0,    0,    0,    0,    0,    0,    0,    0,    0,    0,    0,    0,    0,    0,    0,    0,    0,    0,    0,    0,    0,    0,    0,    0,    0,    0,   -1,    0,    0,    0,    0,    0,    0,    0,    0,    0,    0,    0,    0,    0,    0,    0,    0,    0,    0,    0,    0,    0,    0,    0,    0,    0,    0,    0,    0,    0,    0,    0,    0,    0,    0,    0,    0,    0,    0,    0,    0,    0,    0,    0,    0,    0,    0,    0,    0,    0,    0,    0,    0,    0,    0,    0,    0,    0,    0,    0,    0,    0,    0,    0,    0,    0,    0,    0,    0,    0,    0,    0,    0,    0,    0,    0,    0,    0,   -2,    0,    0,    0,    0,    0,    0,    0,    0,    0,
       0,    0,   -1,   -1,    0,   -1,   -2,    0,   -1,    0,    0,    0,    0,   -1,   -1,    0,    0,   -1,    0,    0,    0,   -1,    0,   -1,   -1,   -1,   -1,    0,   -1,    0,    0,   -1,    0,    0,    0,    0,    0,   -1,    0,    0,    0,    0,    0,    0,    0,    0,    0,   -1,   -1,    0,   -1,    0,    0,    0,    0,    0,   -1,   -1,   -1,   -1,    0,    0,   -1,    0,   -1,   -1,    0,    0,   -1,   -1,    0,    0,    0,    0,    0,    0,    0,    0,    0,    0,    0,    0,    0,    0,    0,    0,    0,    0,    0,   -1,    0,    0,    0,    0,    0,    0,    0,    0,    0,    0,    0,    0,    0,    0,    0,    0,    0,    0,    0,    0,    0,    0,   -1,    0,    0,   -1,    0,    0,    0,    0,    0,    0,    0,    0,    0,    0,    0,    0,    0,    0,    0,    0,    0,    0,   -1,   -1,   -1,   -1,   -1,    0,   -1,   -1,    0,    0,    0,   -1,
       0,    0,   -2,   -1,    0,    1,   -2,    0,   -1,    0,    0,    0,    0,   -1,   -1,    0,    0,   -1,    0,    0,    0,   -1,    0,   -3,   -1,   -3,   -2,    0,   -4,   -1,    0,   -2,    0,    0,    0,    0,    0,   -1,    0,    0,    0,    0,    0,    0,    0,   -1,    0,   -1,   -1,    0,   -1,   -1,    0,    0,    1,    0,   -1,   -2,   -1,   -2,    0,    0,   -1,    0,   -2,   -1,    0,    0,   -1,   -1,    0,    0,    0,    0,    0,    0,    0,    0,    0,    0,    0,    0,    0,    0,    0,    0,    0,    0,    0,   -1,    0,    0,    0,    0,    0,    0,    0,    0,    0,    0,    0,    0,    0,    0,    0,    0,    0,    0,    0,    0,    0,    0,   -3,   -1,    0,   -1,   -1,    0,    0,    0,    0,    0,    0,    0,    0,    0,    0,    0,    0,    0,    0,    0,    0,    0,   -1,   -1,   -1,   -3,   -3,    0,   -3,   -2,    0,    0,    0,   -1,
       0,    0,   -1,   -1,    0,    0,   -1,    0,   -1,    0,    0,    0,    0,   -1,   -1,    0,    0,   -1,    0,    0,    0,   -1,    0,   -3,   -1,   -3,   -2,    0,   -4,   -1,    0,   -2,    0,    0,    0,    1,    0,   -1,    0,    0,    0,    0,    0,    0,    0,   -1,    0,   -1,   -1,    0,   -1,   -1,    0,    0,    0,    0,   -1,   -2,   -1,   -1,    0,    0,   -1,    0,   -2,   -1,    0,    0,   -1,   -1,    0,    0,    0,    0,    0,    0,    0,    0,    0,    0,    0,    0,    0,    0,    0,    0,    0,    0,    0,   -1,    0,    0,    0,    0,    0,    0,    0,    0,    0,    0,    0,    0,    0,    0,    0,    0,    0,    0,    0,    0,    0,    0,   -3,   -1,    0,   -1,   -1,    0,    0,    0,    0,    0,    0,    0,    0,    0,    0,    0,    0,    0,    0,    0,    0,    0,   -1,   -1,   -1,   -4,   -2,    0,   -3,   -2,    0,    0,    0,   -1,
       0,    0,    0,    0,    0,    2,    0,    0,    0,    0,    0,    0,    0,    0,    0,   -1,   -1,   -1,    0,   -1,   -1,   -1,   -1,   -3,   -2,   -3,   -2,   -1,   -4,   -1,    0,   -3,    2,    0,    0,    2,    0,   -1,    0,    1,    0,    0,    1,    0,   -1,   -1,    0,    0,    0,    0,    0,   -1,    0,    0,    2,    0,    0,   -1,   -1,   -1,    0,    0,    0,    0,   -1,   -1,    0,    0,   -1,   -1,    0,    0,    0,    0,    0,    0,    0,    0,    0,    0,    0,    0,    0,    0,    0,    0,    0,    0,    1,    0,    0,    0,    0,    0,    0,    0,    0,    0,    1,   -1,    0,    0,    0,    0,    0,    0,    0,    0,    0,    0,   -1,   -1,   -3,   -1,    0,    0,   -1,    0,    0,    0,    0,    0,    0,    0,    0,    0,    0,    0,    0,    0,    0,    0,    0,    0,    0,    0,    0,   -3,    0,    0,   -2,   -1,    0,    0,    0,   -1,
       0,    0,    1,    0,    0,    1,    0,    0,    0,    0,    0,    0,    0,    1,    0,   -1,   -1,   -1,    0,   -1,   -1,   -1,   -1,   -3,   -2,   -3,   -2,   -1,   -4,   -1,    0,   -3,    2,    0,    0,    2,    0,   -1,    0,    2,    0,    0,    2,    0,   -1,   -1,    0,    0,    0,    0,    0,   -1,    0,    0,    1,    0,    0,   -1,   -1,    0,    0,    0,    0,    0,   -1,   -1,    0,    0,   -1,   -1,    0,    0,    0,    0,    0,    0,    0,    0,    0,    0,    0,    0,    0,    0,    0,    0,    0,    0,    2,    0,    0,    0,    0,    0,    0,    0,    0,    0,    2,   -1,    0,    0,    0,    0,    0,    0,    0,    0,    0,    0,   -1,   -1,   -3,   -1,    0,    0,   -1,    0,    0,    0,    0,    0,    0,    0,    0,    0,    0,    0,    0,    0,    0,    0,    0,    0,    0,    0,    0,   -1,    0,    0,   -2,   -1,    0,    0,    0,   -1,
       0,    0,   -1,   -1,    0,   -1,   -1,    0,   -1,    0,    0,    0,    0,   -1,   -1,    0,    0,   -1,    0,    0,    0,   -1,    0,   -1,   -1,   -1,   -1,    0,   -1,    0,    0,   -1,    0,    0,    0,    0,    0,   -1,    0,    0,    0,    0,    0,    0,    0,    0,    0,   -1,   -1,    0,   -1,    0,    0,    0,    0,    0,   -1,   -1,   -1,   -1,    0,    0,   -1,    0,   -1,   -1,    0,    0,   -1,   -1,    0,    0,    0,    0,    0,    0,    0,    0,    0,    0,    0,    0,    0,    0,    0,    0,    0,    0,    0,   -1,    0,    0,    0,    0,    0,    0,    0,    0,    0,    0,    0,    0,    0,    0,    0,    0,    0,    0,    0,    0,    0,    0,   -1,    0,    0,   -1,    0,    0,    0,    0,    0,    0,    0,    0,    0,    0,    0,    0,    0,    0,    0,    0,    0,    0,   -1,   -1,   -1,   -2,   -1,    0,   -1,   -1,    0,    0,    0,   -1,
       0,    0,   -1,   -1,    0,   -1,   -1,    0,   -1,    0,    0,    0,    0,   -1,   -1,    0,    0,   -1,    0,    0,    0,   -1,    0,   -1,   -1,   -1,   -1,    0,   -1,    0,    0,   -1,    0,    0,    0,    0,    0,   -1,    0,    0,    0,    1,    0,    0,    0,    0,    0,   -1,   -1,    0,   -1,    0,    0,    0,    0,    0,   -1,   -1,   -1,   -1,    0,    0,   -1,    0,   -1,   -1,    0,    0,   -1,   -1,    0,    0,    0,    0,    0,    0,    0,    0,    0,    0,    0,    0,    0,    0,    0,    0,    0,    0,    0,   -1,    0,    0,    0,    0,    0,    0,    0,    0,    0,    0,    0,    0,    0,    0,    1,    0,    0,    0,    0,    0,    0,    0,   -1,    0,    0,   -1,    0,    0,    0,    0,    0,    0,    0,    0,    0,    0,    0,    0,    0,    0,    0,    0,    0,    0,   -1,   -1,   -1,   -1,   -1,    0,   -1,   -1,    0,    0,    0,   -1,
       0,    0,   -1,    0,    0,    1,   -1,    0,    0,    0,    0,    0,    0,   -1,    0,   -1,   -1,   -1,    0,   -1,   -1,   -1,    0,   -4,   -1,   -4,   -2,   -1,   -5,   -2,    0,   -4,    1,    0,    0,    1,    0,   -1,    0,    0,    0,    0,    0,    0,   -1,   -1,    0,    0,    0,    0,    0,   -1,    0,    0,    1,    0,    0,   -1,    0,   -2,    0,    0,    0,    0,    0,   -1,    0,    0,   -1,   -1,    0,    0,    0,    0,    0,    0,    0,    0,    0,    0,    0,    0,    0,    0,    0,    0,    0,    0,    0,    0,    0,    0,    0,    0,    0,    0,    0,    0,    0,   -1,    0,    0,    0,    0,    0,    0,    0,    0,    0,    0,   -1,   -1,   -4,   -1,    0,    0,   -1,    0,    0,    0,    0,    0,    0,    0,    0,    0,    0,    0,    0,    0,    0,    0,    0,    0,    0,    0,    0,   -4,   -2,    0,   -3,   -2,    0,    0,    0,   -1,
       0,    0,   -1,    0,    0,    0,   -1,    0,    0,    0,    0,    0,    0,    0,    0,   -1,   -1,   -1,    0,   -1,   -1,   -1,    0,   -4,   -1,   -4,   -2,   -1,   -5,   -2,    0,   -4,    1,    0,    0,    2,    0,   -1,    0,    1,    0,    0,    1,    0,   -1,   -1,    0,    0,    0,    0,    0,   -1,    0,    0,    0,    0,    0,   -1,    0,   -1,    0,    0,    0,    0,    0,   -1,    0,    0,   -1,   -1,    0,    0,    0,    0,    0,    0,    0,    0,    0,    0,    0,    0,    0,    0,    0,    0,    0,    0,    1,    0,    0,    0,    0,    0,    0,    0,    0,    0,    1,   -1,    0,    0,    0,    0,    0,    0,    0,    0,    0,    0,   -1,   -1,   -4,   -1,    0,    0,   -1,    0,    0,    0,    0,    0,    0,    0,    0,    0,    0,    0,    0,    0,    0,    0,    0,    0,    0,    0,    0,   -3,   -2,    0,   -3,   -2,    0,    0,    0,   -1,
      -1,    1,    2,   -1,    0,    2,    2,   -2,   -2,   -2,    0,   -1,   -1,    1,    0,   -2,    0,    0,   -1,    0,    0,    0,    0,    1,    0,    2,    2,    1,    2,    0,    0,    0,    2,    0,   -1,    3,   -1,    0,   -1,    2,    0,    0,    2,   -1,   -1,   -1,   -1,   -1,   -1,   -1,   -1,   -1,    0,    0,    2,    0,    0,    0,   -2,    0,    0,    0,    0,    0,    0,   -2,    0,    0,    0,    0,   -1,   -1,   -1,   -1,   -1,   -1,    0,    0,    0,    0,    0,   -2,   -1,   -1,   -1,   -1,   -1,   -1,    2,   -1,   -1,   -1,   -1,   -1,   -1,   -1,   -1,   -1,    2,    1,    0,    0,    0,    0,    0,    0,    0,   -1,   -1,   -1,   -1,   -1,    1,   -1,   -1,   -1,   -1,   -1,   -1,   -1,   -1,    0,    0,   -1,   -1,   -1,   -1,   -1,   -1,   -1,   -1,    0,    4,   -1,   -1,   -1,   -2,    0,    2,   -2,    0,    0,    0,    0,    0,    0,
       0,    0,   -1,    0,    0,    0,   -2,    1,    0,    0,    0,    0,    1,   -2,    0,    0,   -1,    0,    0,   -1,   -1,    0,    0,   -3,   -1,   -3,   -2,   -1,   -5,   -2,    0,   -2,    1,    0,    0,    0,    0,    0,    0,    0,    0,    1,    0,    0,    0,    0,    0,    0,    0,    0,    0,    0,    0,    0,    1,    0,    0,    0,    0,   -1,    0,    0,    0,    0,    0,   -1,    0,    0,    0,    0,    0,    0,    0,    0,    0,    0,    0,    0,    0,    0,    0,    0,    0,    0,    0,    0,    0,    0,    0,    0,    0,    0,    0,    0,    0,    0,    0,    0,    0,   -1,    0,    0,    0,    0,    1,    0,    0,    0,    0,    0,    0,    0,   -3,    0,    0,    0,    0,    0,    0,    0,    0,    0,    0,    0,    0,    0,    0,    0,    0,    0,    0,    0,    0,    0,    0,    0,    0,   -1,   -1,    0,   -2,   -1,    0,    0,    0,    0,
      -2,    0,    0,   -1,    0,    0,    0,   -5,   -3,   -5,    0,    0,    0,    0,    0,   -3,    0,    0,   -3,    0,    0,    0,    0,    0,    0,    1,    1,    0,    1,    0,    0,    0,    0,    0,   -2,    1,   -2,    0,   -1,    0,   -1,    0,    0,   -1,   -1,    0,   -1,   -1,   -1,   -2,    0,   -1,   -1,    0,    0,   -1,    0,    0,   -3,    0,    0,    0,    0,    0,    0,   -1,   -3,   -4,    0,    0,   -3,   -2,   -2,   -2,   -2,   -1,    1,   -1,    0,    1,    0,   -2,   -2,   -2,   -2,   -2,   -1,   -1,    1,    0,   -2,   -2,   -2,   -2,   -2,   -2,   -1,   -1,    0,    0,   -1,    0,    0,   -1,    0,    0,    0,   -2,   -2,   -1,   -1,   -1,    0,    1,   -1,    0,   -1,   -1,   -3,    0,   -2,    3,   -1,   -1,    0,   -1,    0,   -2,   -2,   -2,    1,   -1,    0,   -2,    0,    0,   -3,    0,    0,   -5,    0,    0,    0,    0,    0,    0,
      -2,    0,    0,   -1,    0,    0,    0,   -5,   -4,   -5,    0,   -1,   -1,    0,    0,   -3,    0,    0,   -3,   -1,    0,    0,    0,    0,    0,    0,    0,    0,    0,    0,    0,    0,    0,    0,   -3,    0,   -2,    0,   -2,    0,   -1,   -1,    0,   -2,   -2,    0,   -2,   -2,   -2,   -2,   -1,   -2,    0,    0,    0,   -2,    0,    0,   -4,    0,    0,    0,    0,    0,    0,   -2,   -4,   -4,    0,    0,   -5,   -5,   -5,   -3,   -3,   -2,    0,   -1,    0,    1,   -1,   -4,   -4,   -4,   -4,   -2,   -2,   -3,    0,   -2,   -3,   -3,   -2,   -4,   -4,   -4,   -2,   -3,    2,    0,    0,    0,   -1,   -1,    1,   -1,    0,   -4,   -4,   -2,   -1,   -2,    0,    0,   -2,   -1,   -2,   -3,   -4,   -1,   -3,    2,    0,   -3,   -1,   -2,   -3,   -4,   -2,   -3,   -1,   -1,   -2,   -4,   -1,   -1,   -4,    0,    0,   -5,    0,    0,    0,    0,    0,    0,
      -1,    0,   -4,   -1,   -1,   -1,   -5,    0,   -2,    0,    0,    0,    0,   -2,   -2,    0,    0,   -3,    0,    0,    0,   -2,   -1,   -4,   -3,   -4,   -3,    0,   -4,    0,    0,   -4,    0,    0,    0,   -1,   -1,    0,   -1,    0,   -2,    0,    0,   -2,    0,   -2,   -2,   -2,   -2,    0,   -4,   -1,   -2,   -1,   -1,   -1,   -3,    0,   -2,   -5,    0,    0,   -2,    0,    0,    0,    0,    0,   -4,   -1,    0,    0,    0,   -1,   -1,   -1,   -2,   -2,   -2,   -2,   -1,   -1,   -1,   -1,   -1,   -2,   -2,   -2,    0,   -4,    0,   -1,   -1,   -1,   -1,   -1,   -1,   -1,    0,    0,   -2,   -2,   -2,   -2,    0,    0,   -1,   -1,   -1,   -2,    0,    0,   -4,   -2,   -2,   -4,   -1,   -1,    0,   -1,   -1,   -2,   -2,   -1,   -2,   -2,   -2,    0,   -1,   -1,   -1,   -2,   -1,   -1,   -4,   -4,   -2,   -6,   -5,    0,    0,    0,    0,   -5,    0,    0,
       0,    0,    0,    0,    0,    0,    0,    0,    0,    0,    0,    0,    0,    0,    0,    0,    0,    0,    0,    0,    0,    0,    0,    0,    0,    0,    0,    0,    0,    0,    0,    0,    0,    0,    0,    0,    0,    0,    0,    0,    0,    0,    0,    0,    0,    0,    0,    0,    0,    0,    0,    0,    0,    0,   -1,    0,    0,    0,    0,    0,    0,    0,    0,    0,    0,    0,    0,    0,    0,    0,    0,    0,    0,    0,    0,    0,    0,    0,    0,    0,    0,    0,    0,    0,    0,    0,    0,    0,    0,    0,    0,    0,    0,    0,    0,    0,    0,    0,    0,    0,    0,    0,    0,    0,    0,    0,    0,    0,    0,    0,    0,    0,    0,    0,    0,    0,    0,    0,    0,    0,    0,    0,    0,    0,    0,    0,    0,    0,    0,    0,    0,    0,    0,    0,    0,    0,    0,    0,    0,    0,    0,    0,    0,    0,    0,    0,
       0,    0,    0,    0,    0,   -1,    0,    0,    0,    0,    0,    0,    0,    0,    0,    0,    0,    0,    0,    0,    0,    0,    0,    0,    0,    0,    0,    0,    0,    0,    0,    0,    0,    0,    0,    0,    0,    0,    0,    0,    0,    0,    0,    0,    0,    0,    0,    0,    0,    0,    0,    0,    0,    0,   -1,    0,    0,    0,    0,    0,    0,    0,    0,    0,    0,    0,    0,    0,    0,    0,    0,    0,    0,    0,    0,    0,    0,    0,    0,    0,    0,    0,    0,    0,    0,    0,    0,    0,    0,    0,    0,    0,    0,    0,    0,    0,    0,    0,    0,    0,    0,    0,    0,    0,    0,    0,    0,    0,    0,    0,    0,    0,    0,    0,    0,    0,    0,    0,    0,    0,    0,    0,    0,    0,    0,    0,    0,    0,    0,    0,    0,    0,    0,    0,    0,    0,    0,    0,    0,    0,    0,    0,    0,    0,    0,    0,
       0,    0,    0,    0,    0,    0,    0,    0,    0,    0,    0,    0,    0,    0,    0,   -1,    0,    0,    0,    0,    0,    0,   -1,   -3,    0,   -3,   -2,   -1,   -4,   -1,    0,    0,    0,    0,    0,    0,    0,   -2,    0,    0,    0,    0,    0,    0,   -1,   -1,    0,   -1,   -1,   -1,   -2,   -1,    0,    0,    0,    0,    0,    0,    0,    0,    0,    0,    0,    0,    0,    0,    0,    0,    0,   -2,    0,    0,    0,    0,    0,    0,    0,    0,    0,    0,    0,    0,    0,    0,    0,    0,    0,    0,    0,   -2,    0,    0,    0,    0,    0,    0,    0,    0,    0,    0,    0,    0,    0,    0,    0,    0,    0,    0,    0,    0,   -1,   -1,   -3,   -1,    0,   -2,   -1,    0,    0,    0,    0,    0,    0,    0,    0,    0,    0,    0,    0,    0,    0,    0,    0,    0,   -2,   -2,    0,    0,    0,    0,    0,    0,    0,    0,    0,   -2,
      -2,    0,    0,   -1,   -1,    0,    1,   -5,   -4,   -5,    0,   -2,   -2,    0,    0,    0,    0,    0,    0,    0,    0,    0,    0,    0,    0,    0,    0,    0,    0,    0,    0,    0,    1,    0,    0,    0,    0,    0,    0,    0,    0,    0,    0,    0,    0,    0,    0,    0,    0,    0,    0,    0,   -1,    0,    1,   -2,    0,    0,   -4,    0,    0,    0,    0,    0,    0,   -2,   -4,    0,    0,    0,    0,    0,    0,    0,    0,    0,    0,    0,    0,    0,    0,    0,    0,    0,    0,    0,    0,    0,    0,    0,    0,    0,    0,    0,    0,    0,    0,    0,    0,    0,    0,    0,    0,    0,    0,    0,    0,    0,    0,    0,    0,    0,    0,    0,    0,    0,    0,    0,    0,    0,    0,    0,    0,    0,    0,    0,    0,    0,    0,    0,    0,    0,    0,    0,    0,    0,   -4,    0,    0,   -5,    0,    0,    0,    0,    0,    0,
       0,    0,   -1,   -1,    0,   -1,   -2,    0,   -1,    0,    0,    0,    0,   -1,   -1,    0,    0,   -1,    0,    0,    0,   -1,    0,   -1,   -1,   -1,   -1,    0,   -1,    0,    0,   -1,    0,    0,    0,    0,    0,   -1,    0,    0,    0,    0,    0,    0,    0,    0,    0,   -1,   -1,    0,   -1,    0,    0,    0,    0,    0,   -1,   -1,   -1,   -1,    0,    0,   -1,    0,   -1,   -1,    0,    0,   -1,   -1,    0,    0,    0,    0,    0,    0,    0,    0,    0,    0,    0,    0,    0,    0,    0,    0,    0,    0,    0,   -1,    0,    0,    0,    0,    0,    0,    0,    0,    0,    0,    0,    0,    0,    0,    0,    0,    0,    0,    0,    0,    0,    0,   -1,    0,    0,   -1,    0,    0,    0,    0,    0,    0,    0,    0,    0,    0,    0,    0,    0,    0,    0,    0,    0,    0,   -1,   -1,   -1,   -2,   -1,    0,   -2,   -1,    0,    0,    0,   -1,
};

static const EpdLigaturePair newsreader_18_bolditalicLigaturePairs[] = {
    { 0x00660066, 0xFB00 }, // f f -> U+FB00
    { 0x00660069, 0xFB01 }, // f i -> U+FB01
    { 0x0066006C, 0xFB02 }, // f l -> U+FB02
    { 0xFB000069, 0xFB03 }, // U+FB00 i -> U+FB03
    { 0xFB00006C, 0xFB04 }, // U+FB00 l -> U+FB04
};

static const EpdFontData newsreader_18_bolditalic = {
    newsreader_18_bolditalicBitmaps,
    newsreader_18_bolditalicGlyphs,
    newsreader_18_bolditalicIntervals,
    51,
    38,
    28,
    -10,
    true,
    newsreader_18_bolditalicGroups,
    11,
    newsreader_18_bolditalicKernLeftClasses,
    newsreader_18_bolditalicKernRightClasses,
    newsreader_18_bolditalicKernMatrix,
    433,
    440,
    153,
    146,
    newsreader_18_bolditalicLigaturePairs,
    5,
};
