/**
 * generated by fontconvert.py
 * name: newsreader_12_2_bolditalic
 * size: 12.2
 * mode: 2-bit  compressed: true
 * Command used: /home/jonas/Hacking/Instax4/crosspoint-reader/lib/EpdFont/scripts/fontconvert.py newsreader_12_2_bolditalic 12.2 /home/jonas/Hacking/Instax4/crosspoint-reader/lib/EpdFont/builtinFonts/source/Newsreader/Newsreader-BoldItalic.ttf --2bit --compress
 */
#pragma once
#include "EpdFontData.h"

static const uint8_t newsreader_12_2_bolditalicBitmaps[19331] = {
    0x75, 0x58, 0x4D, 0x88, 0x1D, 0xD9, 0x75, 0x3E, 0x55, 0xB7, 0xD5, 0x45, 0xA6, 0xD4, 0x7D, 0x1B,
    0xAC, 0x81, 0xC1, 0x6A, 0x4D, 0x79, 0xE1, 0x85, 0x98, 0x69, 0xA9, 0x26, 0xF0, 0x08, 0xBD, 0x68,
    0x75, 0xD5, 0x8C, 0xC0, 0xB3, 0x10, 0xC1, 0xED, 0x61, 0xDA, 0x21, 0x38, 0x61, 0x6C, 0x67, 0xE7,
    0x18, 0xBA, 0x17, 0x0A, 0xC9, 0xA2, 0xA5, 0x2A, 0x8D, 0x16, 0x59, 0x64, 0x61, 0x65, 0x1D, 0x43,
    0x04, 0x09, 0xC1, 0xF1, 0x2C, 0xA6, 0x21, 0x63, 0x10, 0xA4, 0xA7, 0xDF, 0x95, 0x14, 0x10, 0x24,
    0x8B, 0xB9, 0x46, 0x91, 0x05, 0xC1, 0xC6, 0x35, 0x78, 0xC0, 0x10, 0x39, 0xA8, 0x6C, 0xD5, 0x40,
    0xB5, 0xA6, 0xAA, 0x6E, 0xBE, 0xEF, 0xD6, 0x7B, 0x2D, 0x8D, 0xE3, 0x3C, 0xFA, 0xF5, 0x7B, 0xAF,
    0x7E, 0xCE, 0xCF, 0x77, 0xCE, 0xF9, 0xCE, 0x39, 0x25, 0x27, 0x44, 0x57, 0x71, 0xAB, 0x3A, 0x71,
    0x92, 0xE5, 0xDA, 0x44, 0x36, 0xA8, 0xE5, 0x03, 0x59, 0x93, 0x25, 0xE1, 0x2B, 0xAC, 0x82, 0x5E,
    0xA6, 0x79, 0x52, 0xFA, 0x5F, 0xAA, 0xE9, 0xB2, 0xE4, 0xFA, 0xC7, 0xCD, 0x5E, 0x1A, 0xBD, 0x6B,
    0xF7, 0x37, 0x4E, 0x84, 0xB9, 0x3F, 0x2C, 0xEB, 0x67, 0x45, 0x76, 0x5F, 0x13, 0xA9, 0x2A, 0x09,
    0x6E, 0x1B, 0x51, 0xD7, 0x4B, 0x89, 0x23, 0x51, 0xCE, 0x75, 0xB2, 0x76, 0x4E, 0x64, 0xB2, 0x2E,
    0x2F, 0x7E, 0xFA, 0x23, 0x99, 0x3A, 0x57, 0x86, 0x3C, 0x7D, 0x31, 0xE7, 0x69, 0x59, 0x82, 0x8A,
    0xB5, 0x55, 0x9C, 0x9E, 0x50, 0xC6, 0x97, 0x20, 0xEB, 0xDF, 0x45, 0xF4, 0x65, 0x09, 0x5D, 0x2B,
    0x57, 0xFE, 0xA3, 0x51, 0xF7, 0x5E, 0xB5, 0xC9, 0xC4, 0xC8, 0xC1, 0x3D, 0x1C, 0x39, 0x2B, 0x71,
    0x6F, 0x45, 0x3B, 0x5C, 0xE0, 0x72, 0x49, 0xF1, 0x79, 0xBF, 0x13, 0xF5, 0xC5, 0x46, 0xCE, 0x3E,
    0x34, 0x2B, 0xF7, 0x93, 0xE0, 0xC9, 0x6A, 0x13, 0x77, 0xAE, 0x8C, 0xDD, 0x27, 0xA2, 0xBE, 0x2B,
    0xB2, 0x7A, 0x53, 0xE4, 0x6B, 0x32, 0x7B, 0x05, 0xB8, 0x63, 0x37, 0xBA, 0x6B, 0x02, 0xA3, 0x2F,
    0xDA, 0x28, 0x4F, 0x95, 0x3D, 0x23, 0x17, 0x22, 0x73, 0x59, 0xF6, 0x62, 0x63, 0x65, 0x4F, 0xC3,
    0x9C, 0xBD, 0x4D, 0xD8, 0xB2, 0xD9, 0x4E, 0x92, 0x7A, 0xB1, 0xB4, 0x07, 0x7B, 0xA2, 0xAE, 0xD5,
    0x7B, 0xB2, 0xAC, 0xAA, 0x3D, 0x59, 0x8F, 0xCC, 0x81, 0x54, 0xB1, 0x69, 0x55, 0x19, 0x5F, 0xAB,
    0x97, 0x25, 0xBE, 0x6E, 0xD7, 0x45, 0x3D, 0xA6, 0xE3, 0x3F, 0xC0, 0xFB, 0x14, 0xDE, 0x09, 0xE4,
    0x07, 0x6D, 0x06, 0xD3, 0x70, 0xA9, 0x64, 0x61, 0x2D, 0xD2, 0xE9, 0x52, 0x54, 0xDB, 0x88, 0xC4,
    0xC3, 0x89, 0xB7, 0x25, 0xA9, 0x53, 0x1B, 0x39, 0xBB, 0x21, 0x07, 0xD9, 0xED, 0x2A, 0xB6, 0xC5,
    0x25, 0xC9, 0xC4, 0xAD, 0x07, 0x5D, 0xE0, 0x4C, 0x54, 0xAB, 0x5E, 0x74, 0x1D, 0xB5, 0xF0, 0xC9,
    0x35, 0x92, 0x0E, 0xBA, 0x93, 0xC0, 0x5B, 0xAD, 0xEF, 0xD7, 0xED, 0xDE, 0xCB, 0x71, 0x30, 0x42,
    0x6C, 0xE4, 0x8C, 0x04, 0x56, 0x5E, 0x16, 0xA9, 0x45, 0x8B, 0xDC, 0x92, 0xC8, 0xC8, 0xA6, 0x48,
    0x23, 0xF1, 0xEC, 0x53, 0x59, 0x1E, 0xDF, 0xE0, 0xF9, 0x10, 0x10, 0xE7, 0x8C, 0xDF, 0x4B, 0x22,
    0x2B, 0x23, 0x04, 0x37, 0x04, 0x78, 0x4F, 0x44, 0x95, 0xB8, 0x42, 0x99, 0xF9, 0x3F, 0xC8, 0x38,
    0x10, 0x5D, 0x22, 0xE0, 0xE7, 0x79, 0xA0, 0x81, 0x78, 0x7C, 0xD4, 0x38, 0xF3, 0xC2, 0x1C, 0xBB,
    0x93, 0x41, 0x24, 0xFF, 0x6A, 0x62, 0x57, 0x0E, 0xF9, 0x67, 0x52, 0x59, 0x39, 0xCB, 0x83, 0x0B,
    0x22, 0x97, 0xA9, 0x45, 0xCB, 0x8B, 0x1F, 0x7E, 0xCD, 0x39, 0x03, 0xC5, 0xEB, 0xB4, 0x2E, 0x1E,
    0x53, 0xC6, 0xA6, 0x66, 0x2A, 0x5D, 0x68, 0x97, 0xA5, 0x3A, 0x23, 0xB9, 0x7C, 0xE7, 0x9F, 0xDC,
    0x83, 0x6D, 0x39, 0x9F, 0x7E, 0xF4, 0x9B, 0x66, 0x2E, 0xF5, 0x8C, 0xD0, 0x14, 0xD9, 0x7F, 0xFE,
    0xDB, 0xEA, 0xF8, 0x0D, 0xE0, 0xAD, 0x09, 0xED, 0x97, 0xCA, 0x7F, 0x8B, 0x9E, 0x7D, 0xF3, 0xB7,
    0x02, 0xF0, 0x64, 0x00, 0xB6, 0x19, 0xB2, 0xF5, 0x4A, 0xD8, 0x06, 0x6D, 0x02, 0x0C, 0x07, 0x49,
    0xEE, 0x35, 0x32, 0x4D, 0x8D, 0x6A, 0x07, 0x00, 0xD7, 0x48, 0x91, 0x18, 0xD5, 0x15, 0xA2, 0x7F,
    0xDC, 0xC9, 0x54, 0xD5, 0x51, 0xAD, 0x4D, 0x96, 0x27, 0x6F, 0x36, 0xBC, 0x75, 0x06, 0x2F, 0x5F,
    0x07, 0x48, 0x0D, 0x13, 0xB8, 0x26, 0x38, 0x9A, 0x02, 0x6F, 0x68, 0xC6, 0xD9, 0xC4, 0x48, 0xD8,
    0x21, 0x8A, 0xA5, 0x44, 0x30, 0x97, 0xC7, 0xA1, 0xBD, 0x17, 0x49, 0x01, 0x2A, 0x8E, 0x17, 0x65,
    0xE8, 0xDC, 0x8D, 0xB9, 0x19, 0xF8, 0x2E, 0xC9, 0xFB, 0xBD, 0x54, 0xBA, 0x59, 0x94, 0xC4, 0xAE,
    0x48, 0x01, 0xF7, 0x5B, 0x26, 0x02, 0x52, 0x40, 0x18, 0x1B, 0x44, 0x4A, 0x74, 0xFE, 0x25, 0xA9,
    0x55, 0xA9, 0xF3, 0x2B, 0xE2, 0x5C, 0xAD, 0x9D, 0x7B, 0x9D, 0x85, 0x21, 0xB2, 0x35, 0xBA, 0x13,
    0x23, 0x99, 0x21, 0x47, 0x5F, 0xEC, 0x65, 0x57, 0x35, 0x41, 0xCE, 0x9B, 0xAF, 0xC0, 0x5D, 0x2B,
    0x01, 0xAE, 0x4A, 0x61, 0x53, 0x08, 0xFD, 0xAA, 0x1D, 0x4D, 0xC9, 0x72, 0xD8, 0xA7, 0x73, 0x6D,
    0xB3, 0xD7, 0x7B, 0xC9, 0x5C, 0x29, 0x27, 0xF2, 0xE3, 0x3C, 0xC7, 0x25, 0x31, 0x8C, 0x4E, 0xE1,
    0xC9, 0x14, 0x69, 0xF0, 0x73, 0x44, 0x04, 0xEE, 0xAC, 0x65, 0x88, 0x69, 0x56, 0xAA, 0x12, 0x78,
    0x6C, 0xBB, 0x3F, 0xCE, 0xA0, 0xBC, 0x70, 0x28, 0x31, 0x35, 0x93, 0xAA, 0x98, 0xA6, 0xBC, 0x65,
    0x18, 0xF1, 0x8D, 0x70, 0x4E, 0xBB, 0x1A, 0x69, 0x5D, 0x31, 0x9F, 0x10, 0x6A, 0x01, 0x21, 0xC0,
    0xC6, 0x12, 0xFE, 0x36, 0x12, 0x4C, 0x71, 0x5F, 0x04, 0x9B, 0x09, 0x0E, 0x12, 0x79, 0x7C, 0x6F,
    0x4A, 0x0B, 0x38, 0x07, 0xE4, 0x7E, 0x8A, 0x6A, 0xF0, 0xAE, 0x89, 0x7C, 0x93, 0x78, 0x49, 0x0A,
    0x32, 0x18, 0x31, 0xD4, 0xD6, 0x43, 0x4C, 0x65, 0xD9, 0x3B, 0xC8, 0x7E, 0xD7, 0xC5, 0xB5, 0x86,
    0x69, 0x89, 0x1D, 0xA4, 0x80, 0xEB, 0x9D, 0xB6, 0x71, 0x95, 0x94, 0x08, 0xED, 0xC5, 0xDA, 0x3B,
    0x7E, 0x82, 0x5E, 0xE5, 0xAC, 0x79, 0x57, 0xC1, 0x6E, 0xC0, 0xDD, 0xE8, 0x52, 0xA1, 0x72, 0x57,
    0x43, 0x9F, 0x15, 0x48, 0x3C, 0xA1, 0xF5, 0xC8, 0x9B, 0x3D, 0x8F, 0x18, 0x6B, 0x41, 0x41, 0x7C,
    0x9A, 0xFB, 0x28, 0xC2, 0x7B, 0xF1, 0x5E, 0xC9, 0xDB, 0x30, 0x65, 0xC0, 0x15, 0xA9, 0x5C, 0x90,
    0x0B, 0x48, 0xF8, 0x26, 0xB6, 0x91, 0x49, 0xCC, 0xA6, 0x64, 0x0F, 0xAD, 0x14, 0xF0, 0x0A, 0x0E,
    0xEF, 0x65, 0x75, 0x6C, 0xD2, 0x6A, 0x43, 0xD2, 0x77, 0x6B, 0xB9, 0x1A, 0x9B, 0xA0, 0x49, 0x10,
    0xC2, 0x2C, 0x3F, 0x80, 0x4F, 0xA5, 0x8C, 0x85, 0x08, 0xC7, 0xE0, 0xBF, 0xB6, 0x3D, 0xFC, 0xE9,
    0x50, 0xBC, 0x4D, 0x6A, 0x34, 0xAC, 0xCF, 0xAE, 0x77, 0xD2, 0xC7, 0x6D, 0xCC, 0xE8, 0x1A, 0x8D,
    0x24, 0x94, 0xA8, 0xF6, 0xB1, 0x22, 0xC0, 0xF8, 0xC0, 0x2F, 0xF0, 0x68, 0xF0, 0x2C, 0xFB, 0xB4,
    0x29, 0xDE, 0xE8, 0x43, 0xEB, 0xBF, 0x9F, 0x47, 0x40, 0xEB, 0xB4, 0x9C, 0x1D, 0x8F, 0x5A, 0x84,
    0xFB, 0xDC, 0x2C, 0xA4, 0x61, 0x05, 0x37, 0xA6, 0x38, 0x1A, 0x56, 0xF0, 0xB7, 0x0A, 0xAA, 0x19,
    0xB2, 0x78, 0x81, 0x0A, 0x76, 0x0C, 0xF0, 0x0D, 0xA6, 0x39, 0xE5, 0x22, 0x63, 0xC2, 0x66, 0x7C,
    0x47, 0xF3, 0xB7, 0xB7, 0x38, 0xD8, 0xDE, 0x06, 0x11, 0x9B, 0xF1, 0xA6, 0x17, 0xB7, 0xB7, 0xB4,
    0xEB, 0xE7, 0x22, 0xA8, 0x9F, 0x17, 0x32, 0xCF, 0xE4, 0x10, 0x6F, 0x1A, 0x91, 0x02, 0xB6, 0x4F,
    0x98, 0x47, 0xD1, 0x11, 0x6D, 0x96, 0xE5, 0x79, 0x7E, 0x6D, 0x49, 0xD6, 0xCB, 0xF0, 0xA7, 0x61,
    0x49, 0xCA, 0x26, 0xFC, 0xBA, 0x7C, 0xB5, 0x0F, 0x5C, 0x15, 0xF5, 0x64, 0x05, 0x33, 0x37, 0x58,
    0x52, 0x0B, 0x8B, 0x99, 0x8B, 0xFE, 0x75, 0xE2, 0x9F, 0xF1, 0x6F, 0xF1, 0xE9, 0xFB, 0x96, 0xA5,
    0x80, 0xF4, 0x48, 0xA0, 0xAE, 0x46, 0x00, 0xA0, 0x5C, 0xCB, 0x2B, 0x5F, 0x54, 0xA6, 0x8E, 0x3E,
    0xEB, 0x74, 0x54, 0x16, 0xBA, 0xDA, 0xD8, 0x50, 0x4D, 0x96, 0xD7, 0x75, 0x7A, 0xBB, 0x53, 0xF7,
    0xCA, 0x5E, 0xD7, 0xCB, 0xE7, 0x22, 0x64, 0xC7, 0xE5, 0x0F, 0xD2, 0x3B, 0xBD, 0xBA, 0x6B, 0xA7,
    0xFF, 0x52, 0xAF, 0xC5, 0xD7, 0xDC, 0xA5, 0x47, 0x26, 0x0D, 0x6E, 0x2E, 0xDE, 0xF4, 0xB9, 0xC9,
    0x1A, 0xE6, 0xAB, 0xF3, 0xF4, 0x70, 0x98, 0x2F, 0x22, 0x29, 0x76, 0x5C, 0x3B, 0x8B, 0xD4, 0xF1,
    0x8B, 0x19, 0x2A, 0xCE, 0xB7, 0x02, 0x76, 0x31, 0x26, 0xEE, 0x32, 0x4A, 0x15, 0xA5, 0x01, 0xE7,
    0x26, 0xFC, 0x57, 0xA1, 0xE0, 0x43, 0xC3, 0xAA, 0xCF, 0x51, 0x2E, 0x8C, 0xA2, 0x9C, 0xDB, 0x2E,
    0x0C, 0x92, 0x1F, 0x39, 0x54, 0xA1, 0xB6, 0x41, 0x77, 0x09, 0x9A, 0x87, 0x24, 0x55, 0x51, 0x89,
    0x2F, 0x5F, 0xBC, 0x0A, 0x62, 0x59, 0xFC, 0xA4, 0x47, 0xB2, 0x21, 0x4E, 0xBA, 0x46, 0x66, 0x67,
    0x65, 0x6A, 0x80, 0x27, 0x68, 0xA8, 0x46, 0xB9, 0x66, 0x0E, 0x20, 0xBA, 0xF7, 0x41, 0xD3, 0x35,
    0x10, 0xCD, 0x4A, 0xCD, 0x76, 0x9A, 0x19, 0x5C, 0x37, 0xF0, 0xA3, 0xC1, 0xAF, 0xA2, 0x8C, 0x8F,
    0x76, 0x5A, 0x14, 0x83, 0x4F, 0xD4, 0x60, 0xEB, 0x86, 0x9C, 0x86, 0xD4, 0xA4, 0x39, 0x6D, 0x71,
    0xC7, 0x06, 0xC4, 0x06, 0xA6, 0xC8, 0xE5, 0x24, 0x6B, 0xFF, 0x75, 0xAA, 0x85, 0x79, 0x3E, 0xAB,
    0x48, 0x51, 0xCF, 0x7D, 0xC1, 0xA9, 0x1B, 0x40, 0x7E, 0x15, 0x6E, 0x46, 0xA5, 0x1A, 0xBE, 0x02,
    0x95, 0x5E, 0xE2, 0x31, 0x0C, 0x91, 0xE7, 0xAD, 0xE2, 0xBF, 0x1C, 0xB9, 0x0C, 0x64, 0xA7, 0x69,
    0x03, 0xEE, 0xCF, 0x0C, 0x74, 0xC0, 0x20, 0xC7, 0x8A, 0x81, 0xA8, 0x29, 0xFC, 0x1C, 0x4D, 0xD4,
    0x15, 0x4E, 0x47, 0xB4, 0x51, 0x31, 0x09, 0x79, 0xDA, 0x84, 0x4C, 0x7E, 0xFC, 0x84, 0xCD, 0x60,
    0x53, 0x2F, 0x92, 0xAF, 0x97, 0x00, 0x05, 0xE8, 0xA2, 0x78, 0xF0, 0x4E, 0x8E, 0xCB, 0xCE, 0x50,
    0xF8, 0x6B, 0x14, 0x06, 0xD9, 0xA0, 0x72, 0x5D, 0x9F, 0x84, 0x95, 0xFF, 0x8D, 0x1A, 0xC0, 0x04,
    0x00, 0x5D, 0xFC, 0x55, 0xEE, 0x32, 0xBB, 0x72, 0x6A, 0x5E, 0xA2, 0x4F, 0x35, 0x0A, 0x4A, 0xE7,
    0xF1, 0xD1, 0xD7, 0xC9, 0x0B, 0x8E, 0x85, 0x31, 0xF2, 0xBD, 0x7C, 0x99, 0xA2, 0x2D, 0x45, 0xD3,
    0x82, 0x35, 0x8A, 0xDE, 0xA5, 0xE8, 0x12, 0x98, 0x53, 0xF4, 0x2A, 0x21, 0xD9, 0xA7, 0x68, 0x08,
    0xFB, 0xF4, 0x4F, 0xE6, 0xA2, 0x43, 0x2F, 0x7A, 0x84, 0x8B, 0xDC, 0xE3, 0x7F, 0x81, 0xEB, 0x47,
    0xA6, 0x7C, 0xFB, 0x9B, 0xB2, 0x08, 0x5B, 0x02, 0xB7, 0x75, 0xC8, 0x7C, 0xFD, 0x80, 0x64, 0x61,
    0xE1, 0xB7, 0xCA, 0x81, 0xD9, 0x42, 0x74, 0x7C, 0x23, 0x11, 0x04, 0x08, 0xAF, 0xFC, 0x10, 0xF0,
    0xA7, 0x95, 0x47, 0xC7, 0xE1, 0x00, 0x50, 0x48, 0xAC, 0x07, 0x45, 0x0D, 0x6F, 0x76, 0x6C, 0x03,
    0x88, 0xCE, 0x33, 0x22, 0xE6, 0x44, 0x50, 0xF4, 0x82, 0xA6, 0x8E, 0xDB, 0xA0, 0x17, 0x82, 0x61,
    0x35, 0xF3, 0xAA, 0xA2, 0xE5, 0x68, 0x25, 0x88, 0x28, 0x7E, 0x22, 0x0F, 0xB3, 0x07, 0xDB, 0x03,
    0xF3, 0x88, 0x89, 0xE4, 0x21, 0x66, 0x50, 0x3A, 0x42, 0x03, 0xB5, 0x63, 0x60, 0x14, 0x33, 0x8B,
    0x2C, 0x7D, 0x2C, 0xAC, 0x40, 0xD9, 0xB5, 0xB3, 0xA0, 0x5A, 0x4F, 0xB1, 0xC6, 0x5F, 0xE2, 0xEF,
    0x60, 0x9E, 0x43, 0x09, 0x2E, 0x8B, 0xFD, 0xA1, 0xC0, 0x4B, 0xF6, 0xDA, 0xFD, 0x21, 0x4E, 0x2B,
    0x33, 0x0E, 0x42, 0x30, 0x7C, 0x55, 0x30, 0x81, 0x70, 0xBD, 0x87, 0x88, 0x19, 0xC5, 0x5B, 0x46,
    0x76, 0x37, 0x63, 0xD3, 0x21, 0x20, 0xCC, 0x30, 0x0F, 0x24, 0x0A, 0x67, 0x0B, 0x05, 0xB5, 0xB9,
    0x83, 0x73, 0xC3, 0xE7, 0x0B, 0x0D, 0x4E, 0x43, 0x26, 0x0C, 0xAA, 0xC4, 0xA7, 0x01, 0xAC, 0x22,
    0xC7, 0x64, 0x25, 0x6A, 0x15, 0x99, 0x50, 0xF2, 0x00, 0xDB, 0x49, 0xF6, 0xC8, 0xC8, 0x18, 0x31,
    0xE8, 0xF4, 0x16, 0xBC, 0xDB, 0x53, 0x2D, 0x75, 0xF8, 0x4A, 0x81, 0x66, 0xF6, 0x63, 0xD4, 0x8A,
    0xB7, 0xB9, 0x60, 0x97, 0x8E, 0x9D, 0x95, 0x63, 0xA7, 0xA9, 0x84, 0x6E, 0xFB, 0xB6, 0xED, 0x6D,
    0xEE, 0xE4, 0xFF, 0x75, 0x26, 0x24, 0xB4, 0x25, 0x92, 0x17, 0x5C, 0x1D, 0x56, 0xF1, 0xD1, 0x1F,
    0xD5, 0x89, 0xF3, 0x00, 0x9E, 0x94, 0xCF, 0xBD, 0xD0, 0x03, 0x42, 0xC8, 0xE6, 0x08, 0x06, 0xD3,
    0x14, 0xFB, 0xB2, 0x91, 0xE0, 0xB1, 0x61, 0x37, 0x95, 0x47, 0xB5, 0xFC, 0x25, 0xEE, 0xF9, 0x83,
    0x4E, 0xD6, 0x61, 0xEB, 0x5A, 0x91, 0xE3, 0x4F, 0x96, 0x13, 0xBB, 0x0A, 0x2B, 0xA2, 0xA8, 0x59,
    0xD6, 0x1C, 0xBC, 0x86, 0x98, 0x2A, 0x6D, 0xF6, 0xD7, 0x84, 0x70, 0x57, 0xFF, 0x22, 0x07, 0x8A,
    0xEB, 0xEA, 0xA9, 0x01, 0x90, 0x4B, 0x10, 0xC6, 0x08, 0xC2, 0x25, 0x70, 0x2E, 0xC6, 0x81, 0x9A,
    0xB5, 0xD4, 0x85, 0x75, 0x34, 0xF7, 0xEB, 0xF8, 0x05, 0x75, 0x53, 0xC0, 0x68, 0x90, 0xE8, 0xA1,
    0xCB, 0xC1, 0x3C, 0xCB, 0x8E, 0xE3, 0xDC, 0xEF, 0x77, 0x28, 0xAA, 0xE0, 0x6E, 0x8B, 0x03, 0x2F,
    0xC4, 0x18, 0x45, 0x65, 0x92, 0x58, 0x1C, 0x30, 0xD9, 0x35, 0x1C, 0x90, 0x29, 0x66, 0xB6, 0x49,
    0xD0, 0x83, 0x99, 0x8D, 0xEA, 0x0D, 0xF4, 0xC4, 0x03, 0x79, 0x5A, 0x37, 0xE4, 0xE6, 0x8C, 0x07,
    0x48, 0xCB, 0xF0, 0xAB, 0x79, 0xA6, 0x88, 0xFD, 0x35, 0x46, 0x4D, 0x84, 0xC3, 0x9B, 0x24, 0x02,
    0xD5, 0xF8, 0x8C, 0x03, 0x7A, 0x89, 0x81, 0xF3, 0x05, 0xEC, 0x0C, 0x7A, 0xDE, 0xCA, 0x18, 0xA5,
    0x77, 0xE1, 0x99, 0x43, 0x0E, 0x45, 0x6D, 0xC6, 0xEC, 0x65, 0x3B, 0xC3, 0xAC, 0xA3, 0x6B, 0x45,
    0xEE, 0x88, 0x9A, 0x9D, 0xCA, 0x0F, 0xEE, 0xE3, 0x48, 0x3C, 0xA7, 0xC7, 0x23, 0xD2, 0xE3, 0x30,
    0xA7, 0x47, 0xE5, 0x29, 0xD0, 0xE2, 0x7B, 0x91, 0xE3, 0x57, 0x37, 0x92, 0xA5, 0x7B, 0x0F, 0x4A,
    0xDD, 0xD3, 0xDC, 0x47, 0x2E, 0x98, 0x97, 0xEA, 0xEF, 0x2E, 0xDC, 0xD1, 0x60, 0x68, 0x1A, 0x60,
    0x5B, 0x8A, 0xC9, 0x8F, 0x72, 0x2B, 0x18, 0x9C, 0xD2, 0xE0, 0x29, 0x0E, 0x86, 0xDD, 0xDC, 0xE0,
    0x6C, 0x34, 0xB8, 0x82, 0x6D, 0x90, 0x9C, 0x99, 0x81, 0xAC, 0xC0, 0xCB, 0x15, 0x99, 0x0F, 0x06,
    0x5B, 0x3F, 0xEA, 0x48, 0x44, 0x25, 0xCA, 0x37, 0x06, 0x16, 0x44, 0x88, 0x15, 0xE2, 0x58, 0xDF,
    0xEF, 0xF6, 0x23, 0xA2, 0x1F, 0x89, 0x19, 0x5B, 0xB3, 0xFF, 0xF5, 0x60, 0x3A, 0xE7, 0x36, 0x56,
    0x76, 0x89, 0x5F, 0x7D, 0x40, 0x28, 0x79, 0x8E, 0x51, 0x9F, 0x91, 0xFE, 0x94, 0x72, 0xDD, 0x5C,
    0xEC, 0xA9, 0x55, 0x0C, 0x16, 0xB5, 0xC2, 0xC4, 0xB3, 0x29, 0x2F, 0x07, 0x8D, 0x4C, 0x30, 0x26,
    0xDD, 0x48, 0x51, 0x6E, 0x98, 0x47, 0x7C, 0x8B, 0xE1, 0xBB, 0xE0, 0x0C, 0x58, 0xAF, 0xC0, 0x41,
    0x44, 0x11, 0x15, 0xD4, 0x6A, 0xCE, 0x24, 0x10, 0x3E, 0xE5, 0xEC, 0xC7, 0xDE, 0xCA, 0xF1, 0x1E,
    0x94, 0xD9, 0x25, 0xEF, 0x0D, 0xEF, 0xDD, 0xB1, 0x99, 0x59, 0x9F, 0xA8, 0x56, 0x7D, 0x05, 0x10,
    0x7F, 0x79, 0x04, 0x92, 0x35, 0xCA, 0x82, 0x08, 0xE7, 0xDD, 0x83, 0x2D, 0xDF, 0x97, 0xB7, 0x3E,
    0x3E, 0x6D, 0xC6, 0xFA, 0x0E, 0x5D, 0x7D, 0x9C, 0x83, 0x48, 0x08, 0x4B, 0x06, 0x29, 0x79, 0xC2,
    0x32, 0x12, 0xBB, 0xBC, 0xE9, 0xAC, 0xF8, 0x5C, 0x26, 0xAC, 0x14, 0x14, 0x9A, 0xF1, 0x34, 0xA4,
    0xBC, 0x46, 0x56, 0x5B, 0x63, 0x51, 0x2E, 0x51, 0x71, 0xC4, 0xB1, 0x35, 0x42, 0x1A, 0x63, 0x79,
    0x42, 0xCC, 0x38, 0x81, 0x14, 0x9E, 0x7A, 0x56, 0xE6, 0x2A, 0x30, 0x29, 0xEA, 0x96, 0xB5, 0x60,
    0xF0, 0x2F, 0x26, 0xC3, 0x2D, 0xF1, 0xDF, 0x06, 0xCB, 0x76, 0x9F, 0xFF, 0xC0, 0xC7, 0xAD, 0xE2,
    0xDC, 0x1D, 0xD1, 0xFA, 0x25, 0xFE, 0xF3, 0x44, 0xB2, 0xCB, 0x72, 0xB7, 0x8C, 0x92, 0x99, 0x15,
    0xBD, 0x4F, 0x14, 0xE9, 0x3E, 0x5F, 0x46, 0x20, 0x8C, 0xC8, 0xEA, 0x2E, 0xA1, 0xF1, 0x6B, 0x48,
    0xAC, 0xD4, 0x2A, 0x44, 0x0D, 0xE1, 0xDE, 0x07, 0x7C, 0xCE, 0x2E, 0xC1, 0xD4, 0x73, 0x43, 0x88,
    0x30, 0x46, 0x5F, 0xAD, 0x26, 0xF8, 0x51, 0x0D, 0x31, 0x84, 0xAF, 0x69, 0xAC, 0x39, 0xE9, 0xDD,
    0x7C, 0x38, 0x8B, 0x1F, 0x95, 0xFE, 0x25, 0xEC, 0xFC, 0xA9, 0x0C, 0x15, 0x92, 0x23, 0xD7, 0x5C,
    0x0C, 0x6A, 0x52, 0xDC, 0xC8, 0xC9, 0x9C, 0xEC, 0x7A, 0x3F, 0x70, 0x6A, 0xF3, 0x5B, 0x25, 0x8C,
    0xCE, 0x9F, 0x4F, 0x2D, 0xE9, 0x0B, 0xA3, 0x73, 0x61, 0x62, 0x6F, 0x27, 0xB6, 0x9C, 0x70, 0xE0,
    0xCC, 0xAA, 0x3A, 0xE2, 0x1C, 0xFB, 0x8E, 0x9F, 0x78, 0xC8, 0x33, 0x72, 0x40, 0xC8, 0xFC, 0x93,
    0x35, 0x3A, 0x14, 0xDE, 0xE1, 0xC9, 0x0D, 0x82, 0xAB, 0x0C, 0x6B, 0x78, 0x9D, 0x17, 0x62, 0x61,
    0xCB, 0x6C, 0xC0, 0x35, 0xB7, 0x3A, 0xF6, 0xB0, 0x4F, 0x2A, 0x30, 0x2D, 0xBA, 0x52, 0x0E, 0x96,
    0x66, 0x7F, 0xC1, 0x7A, 0xDA, 0x41, 0x5F, 0x72, 0x87, 0xC3, 0x2F, 0xA0, 0x8A, 0x3D, 0x69, 0x97,
    0xB3, 0xB2, 0xA2, 0x70, 0x52, 0x7A, 0xF0, 0xFC, 0x2C, 0xA1, 0x7C, 0xDC, 0x97, 0xC6, 0xD6, 0x85,
    0xAC, 0xCB, 0xB6, 0x77, 0xB8, 0x05, 0xC2, 0xA8, 0x7D, 0x41, 0xCC, 0x4C, 0x48, 0x63, 0x62, 0x16,
    0x37, 0xD3, 0x93, 0xCC, 0x34, 0x9B, 0xA4, 0x28, 0x84, 0xD6, 0x8D, 0xF6, 0x4F, 0xCB, 0x10, 0x0E,
    0x82, 0x8B, 0xD0, 0xF9, 0xCE, 0x49, 0x72, 0xB4, 0x7D, 0x00, 0x18, 0xC6, 0x4A, 0xC2, 0x2A, 0xA0,
    0x06, 0x89, 0xFF, 0x13, 0x43, 0x23, 0xA7, 0x76, 0x4C, 0x81, 0xE7, 0x05, 0xA3, 0x38, 0xC7, 0xF6,
    0x5B, 0x7E, 0x86, 0xAF, 0x39, 0x1C, 0x62, 0x89, 0x45, 0xBC, 0xE1, 0xE5, 0x6F, 0x5D, 0x55, 0x8C,
    0xEE, 0x56, 0x37, 0xF7, 0xF7, 0x77, 0x77, 0x5F, 0x9B, 0x4C, 0x26, 0xEB, 0xEB, 0x67, 0xD7, 0x56,
    0x57, 0x57, 0x81, 0x98, 0xC8, 0x37, 0x90, 0x21, 0x95, 0x5F, 0x1C, 0xF7, 0xFC, 0xF5, 0x3A, 0xA7,
    0x04, 0x0C, 0xA2, 0x14, 0xBB, 0xE7, 0x07, 0x5A, 0x1C, 0x82, 0x5C, 0x4E, 0x9D, 0xAD, 0xDF, 0x91,
    0x13, 0xBF, 0x33, 0x40, 0x5B, 0x76, 0x9C, 0xEF, 0x00, 0x18, 0x53, 0xF6, 0xAF, 0xE4, 0x2F, 0xCC,
    0xF2, 0xAA, 0x32, 0x76, 0x7F, 0xE9, 0x8C, 0xFC, 0xA2, 0xD4, 0x5B, 0xB2, 0xF5, 0xE2, 0xF6, 0x5B,
    0xB3, 0xF1, 0x39, 0x79, 0xB7, 0xDE, 0x50, 0xE3, 0xC5, 0x6A, 0x38, 0x08, 0xFA, 0xC2, 0x14, 0xAA,
    0xD5, 0xB6, 0x08, 0xB1, 0xC6, 0x64, 0xF9, 0x10, 0xD7, 0xA9, 0x19, 0xA2, 0xEE, 0xAB, 0x1F, 0x3F,
    0xFE, 0xBE, 0x7B, 0xE2, 0xA2, 0x2E, 0x2B, 0x17, 0x64, 0x6C, 0xB5, 0x7F, 0xEE, 0x15, 0x11, 0xE8,
    0xDE, 0xB7, 0x4F, 0x8C, 0xD9, 0xDA, 0xE6, 0xEA, 0xD7, 0x43, 0xF0, 0xD4, 0x59, 0x77, 0xAF, 0x05,
    0x99, 0x26, 0x26, 0xBB, 0x54, 0x25, 0x77, 0x31, 0x33, 0x76, 0xAA, 0xDE, 0x54, 0x4D, 0x7C, 0x07,
    0xFB, 0x6C, 0xE5, 0x97, 0x8E, 0x80, 0x79, 0xBE, 0x99, 0x5C, 0xAF, 0xCF, 0x24, 0x25, 0x04, 0x20,
    0xDB, 0x50, 0xAE, 0x85, 0xFC, 0x2D, 0x7A, 0x0D, 0xD8, 0x03, 0x00, 0xCC, 0xFB, 0xF9, 0xE2, 0x87,
    0xC2, 0xDE, 0x75, 0xBC, 0xD4, 0x71, 0x11, 0x42, 0xCC, 0x03, 0x70, 0x76, 0xF1, 0xD8, 0xD0, 0x5E,
    0x8C, 0xD3, 0xDC, 0x1C, 0x85, 0x0B, 0x3A, 0x2C, 0x96, 0x29, 0x38, 0xE1, 0x30, 0xEA, 0xF2, 0xE1,
    0xE5, 0xA7, 0x66, 0xFA, 0xC4, 0x49, 0x01, 0xCA, 0xF4, 0x46, 0x07, 0x40, 0xD6, 0x64, 0xFA, 0x7A,
    0x0D, 0xBD, 0xCD, 0x70, 0x78, 0x71, 0xC8, 0xBD, 0xCE, 0x6F, 0x0D, 0x91, 0x72, 0x0D, 0x2A, 0xE1,
    0xB9, 0xA6, 0x1F, 0xFA, 0x2E, 0xFE, 0x77, 0xD4, 0x55, 0xFA, 0x25, 0x6C, 0x61, 0xD4, 0x3C, 0x66,
    0x98, 0xA7, 0x97, 0xD8, 0xAF, 0x1C, 0x3B, 0x0F, 0xE6, 0xD4, 0x1E, 0xB6, 0xC7, 0x25, 0xEB, 0x27,
    0x73, 0xD2, 0x8F, 0xDF, 0x11, 0xBD, 0xD9, 0xB3, 0x3A, 0x1E, 0xCF, 0xB0, 0x20, 0xB8, 0x46, 0xFB,
    0x10, 0x87, 0x0C, 0xB2, 0xAA, 0xB8, 0x8C, 0x4E, 0x79, 0xE1, 0x0B, 0xB3, 0xE9, 0x73, 0x6B, 0x41,
    0x12, 0x6C, 0xAF, 0x1F, 0xA6, 0x6B, 0xD2, 0xA5, 0x79, 0xD8, 0xE2, 0xDD, 0x64, 0xC8, 0xA7, 0xAB,
    0x48, 0x01, 0xC8, 0x9A, 0xDE, 0x60, 0xF4, 0xBD, 0x02, 0x8D, 0x81, 0x35, 0x42, 0x82, 0x47, 0x98,
    0x8D, 0x37, 0x90, 0x3C, 0xA0, 0x67, 0xA4, 0xC4, 0x05, 0x29, 0xBE, 0xDE, 0xC8, 0xE2, 0x0F, 0x47,
    0x20, 0x83, 0x9D, 0xD2, 0xD7, 0x0C, 0x4D, 0xE5, 0x42, 0xD4, 0x8F, 0xF3, 0x4F, 0x5A, 0xA2, 0xD8,
    0x33, 0xAB, 0x9E, 0xB8, 0x32, 0xB9, 0x35, 0x88, 0xBB, 0xD8, 0xA8, 0x36, 0xC1, 0x0A, 0x79, 0x28,
    0x87, 0x8A, 0x7B, 0xE0, 0xBF, 0x25, 0x66, 0xD8, 0x3F, 0x8C, 0x9C, 0x6A, 0x50, 0x90, 0xB3, 0x26,
    0xD8, 0x82, 0x73, 0xC0, 0x82, 0xF1, 0xB8, 0xDB, 0x05, 0x39, 0xBE, 0x3B, 0xFB, 0x4A, 0x17, 0x60,
    0x1B, 0xAF, 0xD9, 0x3B, 0x2C, 0x30, 0x4A, 0x7F, 0x0A, 0x3C, 0x51, 0x88, 0xC7, 0xD3, 0x63, 0x3B,
    0x52, 0xB5, 0xA7, 0xEB, 0xE7, 0xBA, 0x10, 0x17, 0x47, 0x0E, 0x3C, 0xC8, 0x45, 0x85, 0xC5, 0x2F,
    0x60, 0xB7, 0xCC, 0xC6, 0x71, 0xCC, 0x83, 0xDC, 0x8F, 0x88, 0x87, 0xB3, 0xE0, 0xD3, 0x64, 0xEF,
    0xB1, 0x91, 0x15, 0xA0, 0x78, 0x6B, 0x73, 0xC4, 0xEC, 0x95, 0xB9, 0x9A, 0x6F, 0xE0, 0x1C, 0x08,
    0xCA, 0x8B, 0xA4, 0x97, 0x5C, 0x82, 0x0A, 0xBF, 0x06, 0xAE, 0x48, 0x1F, 0x75, 0x00, 0xB2, 0x0B,
    0xBA, 0x9B, 0xB7, 0xD4, 0x67, 0x50, 0x07, 0x95, 0x11, 0xDE, 0xF1, 0xA3, 0x8A, 0x4F, 0xA5, 0x56,
    0x92, 0xBB, 0xED, 0xCD, 0xF4, 0x9A, 0x2B, 0xB3, 0xFC, 0x70, 0x4E, 0xE7, 0x8B, 0x98, 0xDA, 0x4B,
    0xB0, 0x78, 0x21, 0xBE, 0xD9, 0xA1, 0x37, 0xA2, 0x7D, 0x90, 0x90, 0x0E, 0x67, 0x4E, 0x1A, 0xF6,
    0xFE, 0xD5, 0xD8, 0x81, 0x23, 0x98, 0xD3, 0x5B, 0x81, 0xAC, 0x04, 0x4E, 0xD7, 0xD3, 0x6B, 0xEE,
    0x7B, 0xDD, 0xB4, 0x7E, 0xF8, 0xB3, 0xE2, 0xCF, 0xBA, 0xB7, 0x8E, 0x92, 0x7A, 0x10, 0x94, 0x51,
    0x26, 0xC5, 0xC5, 0x36, 0x35, 0x58, 0x03, 0xB5, 0xD5, 0x76, 0x1A, 0xD5, 0x17, 0xEB, 0xEC, 0x8D,
    0x23, 0xFC, 0x32, 0x0E, 0x03, 0x56, 0x4D, 0x2A, 0xF3, 0x68, 0x40, 0x48, 0x52, 0x4F, 0x5F, 0x77,
    0x1F, 0xB9, 0xA5, 0xAB, 0xFF, 0xD0, 0xBD, 0xF5, 0x14, 0x57, 0xF3, 0xDE, 0x37, 0xD0, 0xA4, 0x79,
    0x63, 0xB1, 0x90, 0x29, 0xDE, 0xD5, 0xE9, 0x8A, 0xB7, 0xAC, 0xF8, 0x9B, 0xA6, 0x8D, 0x6A, 0x0E,
    0x74, 0xF5, 0x61, 0x6A, 0x0E, 0xB3, 0xF2, 0x10, 0x35, 0x50, 0xA0, 0x2E, 0x30, 0x33, 0x20, 0x80,
    0xDA, 0xF2, 0x49, 0xCC, 0x16, 0xE3, 0xB4, 0x22, 0x51, 0x57, 0x94, 0xD1, 0x50, 0x34, 0xEA, 0x9D,
    0x1F, 0x0D, 0xC1, 0x25, 0x3E, 0x3E, 0x69, 0xB0, 0xBB, 0x75, 0xF0, 0xE2, 0x90, 0x7B, 0x10, 0x6A,
    0x07, 0x1B, 0x3C, 0x1A, 0x60, 0x81, 0xFC, 0x07, 0xFA, 0xFD, 0xA9, 0x11, 0xBD, 0x74, 0x36, 0x30,
    0xB3, 0x00, 0x22, 0x6E, 0xFB, 0xDB, 0x5B, 0x73, 0xC2, 0xE8, 0x46, 0xC2, 0x68, 0xFE, 0x0F, 0x61,
    0xE8, 0x8F, 0x5D, 0xE9, 0x9E, 0x34, 0xD0, 0x28, 0x0B, 0xB3, 0x07, 0x25, 0xF3, 0x87, 0x50, 0xB9,
    0x9C, 0xC6, 0x00, 0xBF, 0x4D, 0xC0, 0x16, 0x02, 0x97, 0xFC, 0xD8, 0x7D, 0xD4, 0x3E, 0xFC, 0x9F,
    0xBD, 0xB7, 0x7A, 0x1F, 0x71, 0x74, 0xDB, 0xD4, 0x0F, 0xF5, 0x50, 0x16, 0x74, 0x63, 0x12, 0xF8,
    0xBA, 0x3D, 0x9F, 0xE4, 0xED, 0x4B, 0xDC, 0x17, 0x1A, 0xF6, 0x0C, 0x64, 0x63, 0x62, 0x6E, 0x6E,
    0xAA, 0xAA, 0x86, 0x7B, 0xC4, 0xFE, 0x07, 0xC8, 0xBC, 0xEC, 0x9A, 0x73, 0xA7, 0x3F, 0x45, 0x90,
    0xB0, 0x7F, 0x22, 0xFC, 0x58, 0xE9, 0xEA, 0xDB, 0x1D, 0x36, 0x5B, 0xF4, 0xCA, 0xDC, 0x43, 0x15,
    0x63, 0x13, 0x77, 0xA6, 0x5B, 0x02, 0xFA, 0x5F, 0x68, 0x38, 0xEC, 0x80, 0x28, 0x62, 0xA4, 0x39,
    0xBE, 0xDE, 0xE9, 0x57, 0xA6, 0xAF, 0x3E, 0x79, 0x03, 0xB6, 0x44, 0x6D, 0x91, 0x07, 0xBC, 0xE1,
    0x14, 0x28, 0xEA, 0x6F, 0xAC, 0xBB, 0xDF, 0x3E, 0xAC, 0x37, 0xBF, 0xDD, 0x46, 0x79, 0x8F, 0x9D,
    0x55, 0xF6, 0xD3, 0x72, 0xA2, 0xED, 0xBA, 0x6A, 0xD6, 0xC4, 0x1D, 0x48, 0xDA, 0x8C, 0x44, 0x05,
    0xA0, 0xF2, 0xA4, 0x4D, 0xBF, 0x77, 0xDB, 0xD9, 0x3E, 0xFB, 0xC3, 0x22, 0xAA, 0xAF, 0x7C, 0x1B,
    0xB1, 0xDE, 0xD7, 0xB6, 0x0F, 0x81, 0x4E, 0xBD, 0x8C, 0xEA, 0x35, 0xBB, 0xDA, 0x0E, 0xAA, 0xCC,
    0x2E, 0xB5, 0x1B, 0xE2, 0x1E, 0x7D, 0x56, 0x86, 0x43, 0xC2, 0x9B, 0x17, 0xFC, 0x93, 0xC7, 0x15,
    0x92, 0x56, 0xE8, 0x2E, 0x75, 0x2A, 0xFD, 0xFE, 0xE5, 0x13, 0x6C, 0x9E, 0x7C, 0xAA, 0xC4, 0xFE,
    0xCB, 0xCF, 0xAC, 0x32, 0x97, 0x7F, 0xF9, 0x9B, 0xD2, 0xDD, 0x45, 0xA2, 0xA1, 0x39, 0xAD, 0x50,
    0xE5, 0x02, 0x8B, 0x02, 0x53, 0x56, 0xAD, 0xCB, 0x9F, 0xDB, 0x0B, 0x61, 0x5A, 0xD6, 0xA7, 0x0A,
    0x34, 0x88, 0xEE, 0x1C, 0x80, 0xAB, 0x25, 0xBE, 0x0F, 0x18, 0xBF, 0x2B, 0x72, 0xD5, 0xFA, 0xDE,
    0xC8, 0xC0, 0xA1, 0x5B, 0xA0, 0x49, 0xFC, 0x1E, 0xC6, 0xEC, 0x2B, 0x7B, 0x70, 0xAC, 0x94, 0xE0,
    0x1F, 0xE7, 0x4D, 0xFD, 0x13, 0x9B, 0x39, 0x9B, 0x38, 0x7B, 0x92, 0x6B, 0x8D, 0xE5, 0x33, 0x4F,
    0xFE, 0xB5, 0x8B, 0x81, 0x7B, 0x84, 0xF9, 0x4F, 0x6C, 0x71, 0x5C, 0xC5, 0x88, 0x64, 0xC3, 0x36,
    0xB6, 0xC7, 0xBE, 0x76, 0xFC, 0x90, 0xD6, 0xA0, 0x2F, 0xC2, 0xCE, 0xD3, 0xD8, 0x1C, 0x44, 0xFE,
    0x8A, 0x1D, 0x28, 0x61, 0x03, 0x1C, 0x3F, 0x37, 0x7C, 0x2F, 0x5C, 0x19, 0x9F, 0xD7, 0xAE, 0xF2,
    0x01, 0xEB, 0x3A, 0x1F, 0x84, 0xEE, 0xF2, 0x5A, 0x3B, 0x3F, 0x10, 0xE5, 0xE8, 0xC9, 0xCF, 0x0E,
    0x4C, 0xB8, 0x26, 0xCF, 0x0E, 0xAC, 0xF1, 0x01, 0xEA, 0xC4, 0x0F, 0x84, 0xE2, 0x1B, 0x1C, 0xFE,
    0x12, 0x3E, 0x21, 0x01, 0x77, 0xEA, 0x99, 0x9A, 0xF1, 0x19, 0xF1, 0x55, 0x89, 0x6E, 0xE0, 0x13,
    0x3D, 0x12, 0xBE, 0x5E, 0x10, 0xCC, 0x9E, 0x9C, 0x2C, 0xD8, 0x20, 0x77, 0xF2, 0xD9, 0x03, 0xE7,
    0x22, 0xBF, 0xFF, 0xF7, 0x8F, 0xD7, 0xFC, 0x26, 0xFC, 0xBF, 0xBD, 0x58, 0x5F, 0x88, 0x15, 0xD7,
    0x19, 0xFF, 0xCE, 0x9C, 0x75, 0xC7, 0x38, 0xBA, 0x67, 0x21, 0x5A, 0x42, 0xB2, 0x3A, 0x3E, 0xF8,
    0x20, 0xE9, 0xEA, 0x58, 0xD8, 0xB4, 0x4B, 0xE2, 0x7A, 0xC6, 0x48, 0x23, 0x34, 0xA4, 0x5A, 0x70,
    0xF3, 0xD0, 0x42, 0xE3, 0x43, 0x9E, 0xFA, 0x07, 0x97, 0xE2, 0x43, 0x1E, 0xDC, 0xCC, 0x18, 0x1F,
    0x7C, 0x08, 0xA1, 0xDB, 0xF6, 0xB5, 0x90, 0x85, 0x86, 0xB6, 0xA1, 0x50, 0xA5, 0x58, 0x9A, 0x87,
    0x75, 0xEF, 0x71, 0xB7, 0x10, 0x68, 0x28, 0x99, 0x34, 0x48, 0xA0, 0xA6, 0xED, 0x18, 0x02, 0x29,
    0x49, 0x4B, 0x8F, 0x66, 0x42, 0x46, 0x9D, 0x99, 0xD3, 0xDF, 0x77, 0xEE, 0xBD, 0xAB, 0x26, 0x2F,
    0x4D, 0xCA, 0xE6, 0x72, 0xF7, 0xEE, 0xDC, 0xB9, 0xF3, 0xFD, 0x3D, 0xBF, 0xEF, 0xF7, 0x7D, 0xE7,
    0x10, 0x11, 0x35, 0x94, 0x14, 0x41, 0x43, 0x2A, 0x25, 0x7E, 0x05, 0x29, 0x4D, 0x51, 0x44, 0x64,
    0x29, 0x21, 0x69, 0xA9, 0x47, 0xAA, 0x14, 0x1D, 0xE9, 0x42, 0x36, 0xB4, 0x81, 0xFA, 0x2F, 0x61,
    0x88, 0xF0, 0x5E, 0xA4, 0xA4, 0xA6, 0x79, 0x4D, 0xF3, 0x49, 0xAE, 0x37, 0x53, 0xFC, 0x02, 0xA9,
    0xF7, 0x48, 0xDE, 0x22, 0x72, 0x79, 0xAE, 0x8D, 0x89, 0x5C, 0x49, 0x78, 0x3F, 0xC4, 0xEA, 0x68,
    0xC2, 0xCB, 0x6D, 0x25, 0x0A, 0x5D, 0x41, 0xB1, 0xB3, 0xA4, 0x3F, 0x5A, 0xA2, 0x5E, 0x3E, 0x41,
    0x2E, 0xDD, 0x02, 0x13, 0x44, 0x3D, 0x18, 0xCF, 0x72, 0x8A, 0x9C, 0x33, 0x94, 0xE4, 0x44, 0x31,
    0xEE, 0xED, 0x85, 0xC0, 0x34, 0x9D, 0xA7, 0x52, 0x16, 0x12, 0xF7, 0x95, 0x73, 0xB9, 0x76, 0x8E,
    0xED, 0x53, 0x40, 0xE3, 0xB1, 0x33, 0xF3, 0xF3, 0x32, 0x3F, 0xB9, 0x85, 0x8A, 0xE9, 0x88, 0x3E,
    0x7A, 0x45, 0xB9, 0x72, 0x3C, 0xF0, 0x21, 0x48, 0x67, 0xC3, 0x3A, 0x6C, 0x68, 0x12, 0x5E, 0x8F,
    0xC1, 0x1D, 0x99, 0x53, 0x58, 0x17, 0x44, 0x49, 0x85, 0x2F, 0x0E, 0x61, 0x64, 0x97, 0xF1, 0x50,
    0x43, 0xB4, 0xAD, 0x77, 0x19, 0x0F, 0xC3, 0x1B, 0x62, 0xAD, 0xAA, 0x84, 0x66, 0xDC, 0xA5, 0x04,
    0xB1, 0xC9, 0x9A, 0x7D, 0xB5, 0xAC, 0x6E, 0x01, 0xDE, 0x07, 0x06, 0x9E, 0xC8, 0x94, 0xE6, 0x08,
    0x0A, 0x8B, 0xFE, 0x8D, 0x3B, 0x5F, 0x83, 0x27, 0x42, 0x82, 0xBB, 0xFE, 0x89, 0x49, 0x82, 0xD5,
    0x29, 0x1A, 0xE5, 0x1F, 0xB7, 0x41, 0xB7, 0x33, 0xA2, 0x8A, 0x8D, 0xCA, 0xF7, 0x52, 0x06, 0x2B,
    0x8E, 0x9D, 0xE4, 0x68, 0x0B, 0xE1, 0x5C, 0x91, 0x08, 0x77, 0xBA, 0xA2, 0x2E, 0x2A, 0x83, 0x2A,
    0xA9, 0x54, 0xDE, 0xEB, 0x2A, 0xEA, 0x75, 0x48, 0x07, 0x7C, 0x89, 0xE1, 0xB2, 0x32, 0x51, 0xAA,
    0x49, 0x53, 0x45, 0xD9, 0xB9, 0x94, 0xEE, 0x3F, 0x4A, 0xB4, 0xEB, 0x1E, 0x1D, 0xFD, 0xE3, 0xCD,
    0x6A, 0x61, 0x97, 0xD7, 0x4D, 0x09, 0xD2, 0x1C, 0x16, 0x81, 0xA5, 0x0B, 0x58, 0xB5, 0x88, 0xBE,
    0x74, 0xBC, 0x9C, 0x8A, 0xDE, 0xBB, 0xB4, 0x62, 0x9A, 0x50, 0x3E, 0xA1, 0x8A, 0x8D, 0x63, 0x73,
    0x30, 0xF9, 0xF0, 0x0A, 0x02, 0xBA, 0x12, 0x95, 0x24, 0x7F, 0x10, 0xE7, 0x3B, 0x27, 0xE6, 0x74,
    0x90, 0x96, 0x85, 0x5E, 0x0A, 0xA5, 0xD9, 0x40, 0x27, 0xA5, 0xA1, 0x30, 0x97, 0xA5, 0xA8, 0x28,
    0x70, 0x30, 0x4C, 0x23, 0x83, 0xA8, 0x12, 0x47, 0xCD, 0xC5, 0xC0, 0x2E, 0x85, 0x45, 0x13, 0xAD,
    0x54, 0x6A, 0xD5, 0xAA, 0xBF, 0xDF, 0x54, 0x1F, 0xD6, 0xE2, 0x20, 0xA7, 0x59, 0xBB, 0x72, 0xDB,
    0x6C, 0x8A, 0x08, 0xF3, 0xA0, 0x38, 0x49, 0xD5, 0x5E, 0x7A, 0x56, 0x99, 0xE4, 0x55, 0x1B, 0xDA,
    0x96, 0xB4, 0x32, 0xC2, 0xCE, 0x50, 0x74, 0xB0, 0x24, 0x2C, 0x0D, 0xE5, 0x3B, 0x69, 0xDB, 0xEC,
    0x31, 0xC7, 0x5E, 0xA6, 0x48, 0x0C, 0x95, 0x9C, 0xC9, 0x11, 0xFA, 0xDE, 0x2F, 0xDD, 0xE5, 0x59,
    0x02, 0xA8, 0x82, 0x5B, 0xE5, 0x18, 0x4D, 0x4F, 0xF7, 0x5E, 0x98, 0xFB, 0xDD, 0x9F, 0x16, 0x3F,
    0xFE, 0xC6, 0x82, 0xBB, 0xE7, 0xA7, 0xAF, 0x6D, 0xFE, 0xC5, 0xAB, 0x13, 0x53, 0x34, 0x17, 0x7F,
    0xC7, 0x88, 0x97, 0x28, 0x69, 0x75, 0x0B, 0x60, 0x76, 0x32, 0x7F, 0xC7, 0x4C, 0x14, 0x72, 0x4A,
    0xBC, 0x46, 0xC5, 0xCD, 0x62, 0x94, 0xBD, 0xC0, 0x9A, 0x9D, 0x24, 0x56, 0xAA, 0x78, 0x25, 0xD3,
    0xDF, 0xDC, 0xCC, 0x01, 0x5C, 0xAC, 0x04, 0x6D, 0xA7, 0xD1, 0x73, 0x2F, 0xE3, 0x56, 0xCE, 0x2B,
    0x5B, 0x49, 0x67, 0x16, 0x9A, 0x11, 0x95, 0x0B, 0x8B, 0xDF, 0xB6, 0x6F, 0x0E, 0xDD, 0x73, 0xCE,
    0x6E, 0xFB, 0x36, 0x47, 0xAA, 0xCD, 0xC3, 0xF5, 0xC8, 0x0C, 0x1E, 0xCF, 0x72, 0xC4, 0x3F, 0x33,
    0x9E, 0xC4, 0x27, 0xC4, 0xCB, 0x0C, 0xA2, 0x26, 0x2C, 0x55, 0x3A, 0xC9, 0x69, 0x50, 0xA6, 0xA1,
    0xF8, 0x52, 0x43, 0xFA, 0xD1, 0x9A, 0xB4, 0xC4, 0x32, 0x84, 0x96, 0x5A, 0xA0, 0xA5, 0x51, 0x85,
    0x68, 0xF4, 0x25, 0x59, 0x9F, 0xFB, 0x9B, 0x74, 0x2F, 0x56, 0x61, 0x17, 0x17, 0x9B, 0xC6, 0x47,
    0x68, 0x0B, 0xB1, 0x75, 0xA2, 0x3D, 0xF8, 0xDB, 0x8F, 0xBF, 0x53, 0xF8, 0x3B, 0x46, 0x6B, 0x29,
    0x75, 0x79, 0xE6, 0xBE, 0x4B, 0x99, 0x5B, 0x45, 0x06, 0xDF, 0x01, 0xA8, 0xAB, 0x32, 0x74, 0xCD,
    0x14, 0xB9, 0x6E, 0x02, 0x37, 0xBE, 0x89, 0x15, 0x58, 0x45, 0x5C, 0xD7, 0x00, 0xAF, 0xA9, 0xF3,
    0xC0, 0x15, 0x6A, 0x27, 0x42, 0xF1, 0xC8, 0xE7, 0x21, 0xFB, 0x26, 0x62, 0x39, 0x0F, 0x1C, 0x4F,
    0xE3, 0x87, 0x2D, 0x08, 0x31, 0x84, 0x25, 0x79, 0x76, 0xA0, 0x78, 0x6F, 0xF2, 0xFA, 0x75, 0x2C,
    0x31, 0x1D, 0xDD, 0x2C, 0xD3, 0x76, 0xD4, 0x8E, 0xFD, 0x7E, 0x65, 0x11, 0xDF, 0xE6, 0xC3, 0x66,
    0x64, 0x89, 0x2A, 0x61, 0x03, 0x2B, 0x51, 0x46, 0x91, 0xD9, 0x76, 0xD4, 0x7B, 0x51, 0x51, 0x7D,
    0x4A, 0xDA, 0x99, 0xB0, 0x9C, 0x8F, 0x8A, 0x8B, 0x11, 0x90, 0xB2, 0x62, 0x03, 0x54, 0xDE, 0x56,
    0xF2, 0x0B, 0x5B, 0xF0, 0xC2, 0x62, 0xD5, 0xB6, 0x00, 0xC3, 0x76, 0x0F, 0x45, 0x2B, 0x96, 0x96,
    0x01, 0xDE, 0x6B, 0x0D, 0xC2, 0x4D, 0x0F, 0xA8, 0x5C, 0x1D, 0x2A, 0xA5, 0xB9, 0x40, 0x3B, 0x37,
    0x0E, 0x6C, 0x03, 0x7A, 0x32, 0xEF, 0xE5, 0x34, 0x2D, 0x4E, 0xE1, 0x22, 0xE0, 0x1C, 0xAB, 0x1C,
    0xB2, 0x33, 0xB8, 0x80, 0xE9, 0x1C, 0xDF, 0x90, 0xC8, 0x67, 0x03, 0x73, 0x60, 0xC3, 0xB1, 0x49,
    0x24, 0x30, 0x30, 0x8F, 0x18, 0x9A, 0x94, 0x27, 0x70, 0xB1, 0xAF, 0xC2, 0x85, 0x6B, 0x85, 0x49,
    0x9C, 0x45, 0x9C, 0x35, 0xA8, 0x25, 0xC4, 0x9A, 0xD2, 0x6C, 0xFA, 0x3F, 0xAB, 0xDE, 0xCD, 0xAA,
    0x2F, 0xB9, 0xAF, 0x1F, 0x9B, 0x54, 0x0E, 0x1A, 0x17, 0x50, 0xF8, 0x42, 0x96, 0xA8, 0xC7, 0x1D,
    0xC0, 0x85, 0x28, 0xA0, 0x71, 0x62, 0x23, 0xEA, 0xD3, 0xBD, 0x61, 0x18, 0xD0, 0x50, 0xFD, 0xF4,
    0x00, 0xE1, 0x50, 0x3B, 0x29, 0x5E, 0x34, 0x74, 0x3E, 0x08, 0x73, 0x3C, 0x3E, 0xC6, 0xAC, 0xD7,
    0xF3, 0x58, 0xCA, 0x91, 0x61, 0x75, 0xDA, 0xD0, 0xB8, 0x3A, 0x4C, 0x34, 0x33, 0x3F, 0x11, 0xD8,
    0x4D, 0x0B, 0x73, 0x28, 0x1E, 0x61, 0xBE, 0x5C, 0x00, 0xC4, 0xBF, 0x32, 0xB4, 0x3D, 0x78, 0xDE,
    0xD0, 0xC9, 0x08, 0x6C, 0x52, 0x80, 0xCE, 0x80, 0xE7, 0x84, 0xD7, 0x3D, 0xA3, 0xDB, 0xAE, 0x37,
    0x4C, 0x31, 0x78, 0x0B, 0x3B, 0xCC, 0x52, 0x4A, 0x12, 0x6E, 0x80, 0xFE, 0x08, 0x70, 0x9E, 0xF1,
    0x28, 0xC5, 0x7B, 0xB7, 0xC8, 0xC7, 0xE2, 0x52, 0x82, 0x17, 0xB9, 0x96, 0x05, 0xAF, 0x21, 0x2D,
    0xF1, 0xC7, 0xE4, 0x5D, 0x0C, 0x03, 0x02, 0xA0, 0x3E, 0x4F, 0x31, 0x7B, 0x90, 0x64, 0xD2, 0x1C,
    0x63, 0x7B, 0x93, 0x1A, 0xF6, 0xA6, 0xF8, 0xA3, 0xD4, 0x39, 0xE2, 0xC7, 0x47, 0x98, 0x6A, 0x03,
    0xCA, 0xC1, 0x82, 0xEE, 0x99, 0xCD, 0xE0, 0x26, 0xC5, 0x06, 0x85, 0x12, 0x17, 0x08, 0x32, 0x2E,
    0x50, 0x83, 0x71, 0x99, 0x81, 0x9B, 0x99, 0xEA, 0x88, 0xCB, 0x3D, 0x00, 0xC9, 0x80, 0x00, 0xD6,
    0xDF, 0x9A, 0x62, 0xD2, 0xD4, 0x4C, 0xB3, 0xD5, 0xF9, 0xF5, 0xB7, 0xB6, 0x67, 0x33, 0x2B, 0x45,
    0x3E, 0x83, 0xE7, 0xFD, 0x12, 0xA4, 0xEB, 0x69, 0x2D, 0x28, 0x51, 0xEA, 0xD2, 0x5E, 0x1C, 0x7C,
    0x50, 0x3A, 0xBE, 0xAE, 0xB1, 0x79, 0xEE, 0x9B, 0x02, 0x17, 0xD0, 0xBE, 0xE3, 0xFC, 0xB1, 0x80,
    0x8F, 0x38, 0x5F, 0x5F, 0xA8, 0x78, 0x04, 0xF3, 0xB3, 0x8E, 0xED, 0x66, 0x37, 0x66, 0x39, 0xAB,
    0x8F, 0x34, 0x1E, 0xA7, 0xD3, 0x1D, 0xF7, 0x3E, 0xDA, 0x9F, 0xA5, 0x3C, 0x18, 0x4C, 0x26, 0x66,
    0x1F, 0x9B, 0x53, 0x25, 0xF7, 0xFD, 0x89, 0xB0, 0xFB, 0x2D, 0x53, 0x62, 0x00, 0x7E, 0x26, 0x14,
    0xA5, 0xE3, 0xF1, 0x01, 0x6A, 0x52, 0x10, 0x94, 0x82, 0xD1, 0x71, 0x26, 0x6F, 0x65, 0x69, 0x33,
    0xEA, 0x0F, 0x6D, 0x97, 0xCB, 0x50, 0xB4, 0xB8, 0x15, 0xA5, 0xE4, 0x66, 0x4F, 0xE4, 0x49, 0x05,
    0x41, 0x37, 0x68, 0xB7, 0x1C, 0xAC, 0x38, 0xBA, 0x40, 0x0F, 0xB8, 0x16, 0xBD, 0xF1, 0x81, 0x22,
    0xAA, 0x68, 0x3F, 0x46, 0x17, 0x61, 0x60, 0x78, 0x33, 0x37, 0xF0, 0x83, 0xEC, 0xAA, 0x1E, 0x34,
    0x70, 0x42, 0x80, 0x77, 0x5C, 0xE0, 0xA7, 0x85, 0x84, 0x9B, 0xB7, 0xE3, 0x76, 0xD7, 0x3D, 0x56,
    0xA1, 0x01, 0x03, 0xFF, 0x92, 0x93, 0x67, 0x07, 0x7D, 0xDF, 0x97, 0x1E, 0x37, 0xF7, 0x1D, 0x68,
    0x2B, 0xF4, 0xEB, 0x3E, 0x67, 0x73, 0xB2, 0x0F, 0x7C, 0xA2, 0x24, 0xEF, 0x03, 0x85, 0xA3, 0xA3,
    0x65, 0x97, 0x9F, 0x4A, 0xE1, 0xC0, 0x76, 0x0E, 0x60, 0x1F, 0x9B, 0x31, 0x41, 0x03, 0x36, 0x50,
    0x16, 0xE0, 0xD3, 0xEF, 0x5B, 0xAC, 0x00, 0xF7, 0x79, 0xFF, 0x2D, 0x9F, 0xE3, 0xB8, 0x52, 0x7C,
    0x03, 0x55, 0xC0, 0x45, 0x34, 0x11, 0xCC, 0x5C, 0xD1, 0x8D, 0x27, 0x1B, 0x31, 0xC8, 0x69, 0xE8,
    0x35, 0x2B, 0xBE, 0x6C, 0xEF, 0x2E, 0xC9, 0x75, 0xB3, 0xE6, 0x07, 0x9E, 0x18, 0x29, 0x12, 0xA5,
    0x5D, 0x7F, 0x6B, 0x7B, 0x10, 0x12, 0xF7, 0x10, 0x92, 0xE5, 0x12, 0x8F, 0x71, 0xE9, 0x7A, 0x5A,
    0x8B, 0x70, 0x51, 0x33, 0xB6, 0x06, 0x2F, 0x1E, 0x3D, 0x31, 0x62, 0x62, 0x95, 0x61, 0x01, 0xA8,
    0x80, 0x31, 0x2E, 0x12, 0x58, 0x8A, 0x0B, 0x56, 0x85, 0x5B, 0xD0, 0xCA, 0xD3, 0x28, 0x97, 0x84,
    0xBF, 0x15, 0x33, 0x62, 0x09, 0x1D, 0x8B, 0xE0, 0x73, 0x50, 0xAE, 0x25, 0x28, 0x6B, 0xFD, 0xB4,
    0xCA, 0x1A, 0xA0, 0x8B, 0x55, 0xDC, 0x71, 0xC9, 0x4A, 0xA2, 0x4F, 0x5C, 0x1A, 0xBF, 0xA2, 0x11,
    0x47, 0x51, 0x79, 0x05, 0x7E, 0xB4, 0x8B, 0xCE, 0x0C, 0xA7, 0x48, 0xBE, 0x1D, 0xD6, 0xDE, 0x38,
    0x6B, 0xE9, 0x3C, 0x18, 0x19, 0xB0, 0x5C, 0xA2, 0x55, 0xFF, 0x7E, 0xE9, 0xD5, 0x0D, 0xEF, 0xFB,
    0xE8, 0x39, 0x24, 0x3F, 0x66, 0x65, 0xF0, 0xB7, 0xD6, 0x6B, 0xB4, 0xF3, 0x7F, 0xFB, 0xD7, 0xCF,
    0x97, 0x43, 0x65, 0xE8, 0xBF, 0x3A, 0x36, 0x0A, 0x59, 0xBC, 0x3B, 0x4E, 0x92, 0x36, 0x10, 0xC3,
    0xA3, 0x68, 0xB6, 0x8D, 0xC0, 0x28, 0xDD, 0x23, 0x1E, 0xCC, 0xFD, 0x13, 0x25, 0x5C, 0x0B, 0x2B,
    0xFC, 0x8C, 0xFF, 0x3D, 0xB6, 0xA9, 0x4D, 0x80, 0xA5, 0x29, 0x71, 0x15, 0xDD, 0x38, 0x51, 0x23,
    0x9F, 0xAC, 0x12, 0xAF, 0x57, 0xEE, 0xF3, 0x06, 0x38, 0xFC, 0x87, 0x5A, 0xBA, 0x8B, 0x9D, 0x7B,
    0x96, 0x1B, 0x33, 0xB8, 0x68, 0x0E, 0xCD, 0x32, 0xE5, 0xBE, 0xEC, 0xB8, 0xB5, 0x7E, 0xA5, 0x01,
    0x2A, 0xC4, 0x6A, 0x8D, 0x1B, 0x9B, 0x22, 0x8B, 0x19, 0x7B, 0x2A, 0x2E, 0x70, 0xC3, 0x68, 0xB4,
    0xE9, 0x4D, 0xD4, 0xDB, 0x84, 0x1B, 0xA2, 0xC5, 0xB4, 0x64, 0x64, 0x6B, 0xC0, 0x20, 0x11, 0x52,
    0x38, 0x85, 0xC1, 0x8F, 0x37, 0x2A, 0xDA, 0xF4, 0x3B, 0xBB, 0xC0, 0x6A, 0x56, 0xB7, 0x2B, 0xF8,
    0x76, 0x59, 0x4F, 0x0F, 0x6F, 0xF1, 0x06, 0x27, 0x42, 0x06, 0x82, 0xEE, 0x30, 0xC7, 0x29, 0x2B,
    0x76, 0xDC, 0x02, 0x1E, 0xB1, 0x41, 0x16, 0x32, 0xAC, 0x84, 0x68, 0x59, 0x9B, 0xE5, 0x9C, 0xAC,
    0x62, 0xBD, 0x1C, 0xF2, 0x1E, 0xD6, 0x58, 0x0C, 0x6D, 0x5A, 0x12, 0x5D, 0x50, 0x23, 0x4B, 0x92,
    0x53, 0x13, 0x56, 0x27, 0x4A, 0xF8, 0x5F, 0xF7, 0x77, 0x3D, 0xFC, 0x8A, 0x8D, 0x1F, 0x0A, 0x88,
    0x79, 0x6D, 0xDD, 0xAD, 0xF9, 0x31, 0x82, 0xF7, 0x3B, 0xC1, 0x5A, 0x59, 0xAF, 0xA3, 0xB5, 0xF0,
    0x34, 0x98, 0x2A, 0xFB, 0x17, 0x2A, 0xE5, 0x48, 0xB9, 0xFE, 0xD6, 0x66, 0x22, 0x4F, 0x22, 0x30,
    0x5B, 0x36, 0x03, 0x12, 0x59, 0x37, 0x6B, 0x01, 0xED, 0xDC, 0x23, 0x8B, 0xFD, 0xA7, 0xB8, 0x9A,
    0xB0, 0x09, 0xB0, 0xC1, 0x55, 0xBB, 0x37, 0x28, 0x8E, 0x06, 0x34, 0x9C, 0xE9, 0x7B, 0xEE, 0x10,
    0xAC, 0xBC, 0x8B, 0xBD, 0x1A, 0x80, 0x0E, 0x13, 0x28, 0x4F, 0x07, 0x85, 0x14, 0x35, 0x5C, 0x2F,
    0x1F, 0x63, 0xB3, 0x90, 0x2B, 0x74, 0xD3, 0x46, 0xD8, 0x2C, 0x55, 0x76, 0x07, 0x97, 0xC4, 0x73,
    0x25, 0x57, 0xD2, 0x1E, 0xD4, 0x9F, 0xBC, 0x65, 0x78, 0xDF, 0xDD, 0x70, 0x6D, 0x7B, 0x41, 0xBC,
    0xB9, 0x8C, 0xDC, 0x63, 0x40, 0x6F, 0x95, 0xF8, 0xBD, 0x8B, 0xE8, 0xA3, 0xC5, 0x37, 0xF7, 0xC0,
    0x7E, 0x7A, 0x2E, 0xEC, 0x21, 0xE0, 0x82, 0xD9, 0x2B, 0x67, 0x5A, 0x28, 0xB8, 0x8C, 0xE7, 0x98,
    0x2E, 0x76, 0xB3, 0x37, 0x5B, 0x58, 0x73, 0xC8, 0x0C, 0x12, 0x98, 0xFE, 0xCF, 0x50, 0xBC, 0x8F,
    0x32, 0xDE, 0x86, 0x25, 0xFC, 0x33, 0x73, 0x08, 0x7B, 0x0E, 0x5E, 0xCE, 0xCA, 0xC8, 0xF4, 0xF7,
    0xDF, 0xE0, 0x63, 0x36, 0x3A, 0x98, 0x60, 0x7C, 0x3B, 0x8A, 0x8A, 0x4F, 0x8D, 0x88, 0xEB, 0x6E,
    0xB8, 0xF1, 0xBC, 0x98, 0x73, 0x6B, 0x3A, 0xFF, 0x45, 0x1A, 0xE6, 0x26, 0x45, 0x6A, 0xB5, 0xE2,
    0x51, 0x8E, 0xA7, 0x81, 0xF1, 0x91, 0x2F, 0xC8, 0x30, 0xF7, 0x19, 0xDF, 0xF8, 0xF7, 0xDC, 0x0E,
    0x36, 0x72, 0x45, 0xD8, 0xC6, 0x25, 0xDA, 0xA2, 0xC3, 0xAE, 0x19, 0x1B, 0xCF, 0x12, 0xB8, 0x99,
    0x06, 0xBF, 0x82, 0xD1, 0xE2, 0x15, 0x28, 0xE8, 0xE6, 0xF0, 0x10, 0x0B, 0x01, 0xA1, 0x9E, 0xCB,
    0xEF, 0x3E, 0xCB, 0x18, 0x8E, 0x42, 0xD2, 0xD9, 0x3B, 0x5A, 0x8D, 0xEF, 0x35, 0xFE, 0xDC, 0x45,
    0xDD, 0x7C, 0x09, 0x12, 0xBD, 0x0A, 0x3E, 0x26, 0xEC, 0x37, 0x40, 0x9C, 0xAB, 0x12, 0x51, 0xB4,
    0xF8, 0x19, 0xB4, 0x8F, 0x4B, 0xD1, 0x3D, 0xD9, 0x62, 0xE7, 0xD4, 0xF9, 0xBE, 0xC3, 0x8D, 0xC7,
    0x9B, 0xF1, 0xAD, 0x67, 0xF8, 0x1A, 0xE5, 0x28, 0xA2, 0xD3, 0x50, 0x1C, 0x99, 0x84, 0xD1, 0x82,
    0xF8, 0xA4, 0x95, 0x05, 0x5A, 0x00, 0x3E, 0x08, 0x1B, 0x77, 0x04, 0x72, 0x08, 0x0E, 0x9E, 0x58,
    0xE1, 0x86, 0x65, 0x79, 0x60, 0xAE, 0x79, 0x26, 0x6B, 0x55, 0xCD, 0xE3, 0x2A, 0xC4, 0xB1, 0xBF,
    0x2C, 0x09, 0x5B, 0xAC, 0x1A, 0x69, 0x58, 0x40, 0x02, 0x9A, 0x53, 0x68, 0xDC, 0x5A, 0x75, 0x0C,
    0xFD, 0xAD, 0xAC, 0x97, 0x13, 0x54, 0x72, 0x45, 0x5A, 0xBE, 0xB8, 0xC0, 0xFE, 0x73, 0xBE, 0x36,
    0x2D, 0xAC, 0x79, 0x81, 0x2C, 0xB0, 0xB5, 0x1D, 0xC4, 0xA7, 0x30, 0x83, 0x97, 0xEC, 0x96, 0x44,
    0x9B, 0x99, 0x4C, 0xD6, 0xAA, 0xC8, 0x82, 0x26, 0xB2, 0x3A, 0xED, 0x22, 0x9B, 0x98, 0x2E, 0x6C,
    0x8E, 0x5C, 0xFD, 0xCF, 0xCF, 0xDD, 0x87, 0x2E, 0x6C, 0x74, 0x3E, 0xB2, 0xD6, 0x7E, 0x38, 0x71,
    0xD0, 0x13, 0x9A, 0x3B, 0xBA, 0x02, 0x92, 0x64, 0x59, 0x49, 0x6C, 0x3A, 0x6A, 0x43, 0xCB, 0xE2,
    0xD0, 0xC2, 0xCA, 0x54, 0x99, 0xFD, 0x51, 0x9F, 0x5D, 0x9E, 0x83, 0x1A, 0xE1, 0x20, 0x9A, 0x0E,
    0xA1, 0x22, 0xFB, 0x67, 0x4A, 0x33, 0x27, 0x69, 0x6C, 0xED, 0xA4, 0xE8, 0x33, 0xB8, 0x22, 0xCA,
    0xE3, 0xA4, 0x5F, 0xA0, 0x08, 0x5D, 0xD0, 0xAC, 0x8D, 0x65, 0xFA, 0x03, 0x13, 0xBF, 0xD5, 0x84,
    0x56, 0xE7, 0x70, 0x22, 0x31, 0x3D, 0x59, 0xA9, 0xB2, 0x17, 0x34, 0xEC, 0x43, 0xB7, 0xE3, 0xC6,
    0xEB, 0x4E, 0xDB, 0x0C, 0xD4, 0xC6, 0x2E, 0x8C, 0x8A, 0x9C, 0xCF, 0x60, 0x08, 0x24, 0x29, 0xF2,
    0xA7, 0xEF, 0x48, 0x05, 0x65, 0x4F, 0x59, 0x56, 0xA0, 0x0F, 0x36, 0xDE, 0xFD, 0x42, 0xE7, 0xD0,
    0x20, 0xEB, 0xF8, 0x9A, 0x82, 0x07, 0xBA, 0x71, 0x86, 0x55, 0x8C, 0x8B, 0x81, 0xC4, 0xD8, 0x22,
    0x89, 0x33, 0x20, 0x42, 0x0C, 0xF3, 0xEF, 0x0F, 0x99, 0xE8, 0x33, 0x25, 0x14, 0x8A, 0xDC, 0xB9,
    0x1E, 0xDC, 0x6E, 0x93, 0x83, 0x70, 0xF4, 0x22, 0x44, 0x42, 0xDB, 0x0B, 0xDA, 0x0E, 0xBE, 0x77,
    0x29, 0x62, 0x30, 0xD4, 0x8D, 0x2E, 0xD3, 0xCF, 0xEA, 0x1F, 0xB5, 0x91, 0x72, 0xC0, 0x68, 0x6C,
    0x43, 0xC7, 0x9B, 0x73, 0xCE, 0x01, 0x90, 0x6A, 0x0E, 0xC4, 0x67, 0xEC, 0x76, 0x70, 0x5F, 0xCB,
    0x19, 0x45, 0x07, 0xCD, 0xE8, 0x27, 0x5D, 0x84, 0xE7, 0x24, 0x48, 0xB6, 0xE0, 0x93, 0xB6, 0x8E,
    0x04, 0x6A, 0xD4, 0x8A, 0xB7, 0x28, 0x58, 0x1C, 0x76, 0x3E, 0x3C, 0xCA, 0x27, 0x5A, 0xFE, 0xEB,
    0x38, 0x25, 0x8D, 0xB4, 0xB5, 0x96, 0x57, 0x6B, 0x7D, 0xE4, 0x83, 0x77, 0xF5, 0xBB, 0xA8, 0x8A,
    0xD0, 0x8E, 0xC6, 0xE5, 0x9C, 0x76, 0xA9, 0xAE, 0xD6, 0x8E, 0x34, 0x19, 0xDB, 0xCF, 0x12, 0x9F,
    0x81, 0x0E, 0xD6, 0x4B, 0x70, 0xED, 0x41, 0x55, 0x4D, 0x8D, 0xCA, 0xE3, 0x33, 0x95, 0xBC, 0x79,
    0x83, 0xF4, 0xBB, 0x90, 0xE5, 0xE1, 0xED, 0x78, 0x58, 0xF3, 0x69, 0x0D, 0x36, 0x28, 0xC0, 0xDB,
    0xD1, 0xB5, 0x25, 0xC7, 0xB8, 0xB1, 0xF7, 0x14, 0x9D, 0x9F, 0x18, 0xC8, 0xF7, 0xD0, 0x52, 0x6A,
    0x65, 0x6A, 0x48, 0xEB, 0x73, 0x0B, 0x10, 0xCE, 0xBC, 0x6C, 0x76, 0xDA, 0x40, 0x54, 0xB5, 0x5E,
    0x72, 0xD7, 0x3D, 0xBC, 0x52, 0x6A, 0xD5, 0x0A, 0x3E, 0xCD, 0xF3, 0x73, 0x10, 0xCC, 0xAA, 0xD5,
    0x12, 0x72, 0x61, 0xD9, 0xB2, 0x55, 0x8C, 0x4C, 0x3C, 0x2E, 0x9A, 0xFB, 0xD8, 0x28, 0xF6, 0x3D,
    0x2C, 0xB9, 0x75, 0xC0, 0x17, 0x15, 0x3D, 0x03, 0xFA, 0xC1, 0xF7, 0xA0, 0x55, 0xED, 0x83, 0xCD,
    0xBD, 0xB5, 0xB4, 0xBC, 0xAC, 0xB1, 0x49, 0xDE, 0xD6, 0x95, 0x36, 0x23, 0xC3, 0xC2, 0xC0, 0xA3,
    0x21, 0x9F, 0x70, 0xF4, 0x4F, 0x61, 0x03, 0xAF, 0xE4, 0xC1, 0x86, 0xEE, 0xF5, 0xC9, 0x42, 0x39,
    0x2B, 0x6E, 0x95, 0x94, 0xBC, 0x4D, 0x48, 0x09, 0x28, 0xA3, 0x2F, 0x27, 0x78, 0x7E, 0x53, 0x3F,
    0x94, 0xF9, 0xA2, 0x97, 0x4A, 0x0A, 0xD5, 0x06, 0xE7, 0x0C, 0x64, 0x34, 0x8B, 0x60, 0x03, 0x86,
    0xE1, 0xCE, 0xE8, 0x0A, 0xA9, 0xC3, 0xF3, 0x22, 0x3F, 0x8E, 0x28, 0x32, 0x65, 0x8E, 0xF3, 0x68,
    0x87, 0xD0, 0x92, 0x42, 0xBA, 0x14, 0x36, 0x30, 0x12, 0x68, 0x1E, 0x05, 0x61, 0x22, 0x83, 0x65,
    0xA3, 0x7C, 0x9F, 0x1C, 0x70, 0xFC, 0x0E, 0x3A, 0x2E, 0xEA, 0x0B, 0x5C, 0xF7, 0x11, 0xA6, 0xC3,
    0x38, 0x15, 0x28, 0xF1, 0x11, 0xCC, 0x8E, 0x8E, 0x5A, 0x40, 0x2A, 0x02, 0x56, 0x00, 0xA6, 0x65,
    0xE0, 0xF4, 0xB0, 0x55, 0x97, 0x9A, 0xA8, 0xD4, 0x88, 0x6F, 0x15, 0x03, 0x62, 0xD9, 0x47, 0xA3,
    0xDD, 0x47, 0xD1, 0xF5, 0x9C, 0xBE, 0x86, 0xEE, 0x7B, 0xC8, 0xD3, 0x91, 0x00, 0xFC, 0xB3, 0x95,
    0x36, 0x74, 0xBA, 0x79, 0xE8, 0xE6, 0x8F, 0xAF, 0x3D, 0xFE, 0x4F, 0x8D, 0xFD, 0x6D, 0x23, 0xDA,
    0xC8, 0x32, 0x50, 0x01, 0xFB, 0xF1, 0x46, 0xBD, 0x87, 0x0A, 0xB0, 0xFA, 0x74, 0xB7, 0x36, 0x74,
    0x62, 0x10, 0x54, 0x39, 0x9F, 0xD7, 0x0A, 0x33, 0x5C, 0xB9, 0x4A, 0x56, 0x4B, 0xC0, 0x6B, 0x62,
    0x96, 0x61, 0x1E, 0x08, 0xCF, 0x80, 0x79, 0xB8, 0x22, 0xAB, 0x44, 0x15, 0x58, 0x9F, 0xE1, 0x9A,
    0xFB, 0x41, 0x3D, 0xF5, 0x6C, 0x51, 0xDE, 0x46, 0x4D, 0x0A, 0x61, 0xEA, 0xA2, 0x02, 0xD2, 0xB2,
    0x86, 0xCF, 0x69, 0x17, 0x62, 0x16, 0x81, 0xBC, 0x84, 0x0F, 0x50, 0xC0, 0x23, 0xEE, 0x9A, 0x06,
    0xCC, 0x31, 0xBA, 0xA0, 0x99, 0x67, 0x68, 0x7F, 0x34, 0x00, 0x6C, 0xE0, 0x0A, 0x28, 0x90, 0x75,
    0xF2, 0x28, 0x02, 0xC6, 0x68, 0x02, 0xF9, 0xD8, 0x64, 0x87, 0x51, 0x63, 0x8D, 0x2A, 0x20, 0xCE,
    0x07, 0x75, 0x0C, 0x5B, 0x69, 0x72, 0x72, 0x53, 0xB4, 0x1D, 0x28, 0x95, 0x66, 0x20, 0xCB, 0x9C,
    0xA8, 0x1F, 0x07, 0x95, 0x5E, 0x0C, 0x38, 0x5B, 0xF9, 0x32, 0x93, 0x04, 0x9C, 0x67, 0xC2, 0x80,
    0xF7, 0x81, 0x6D, 0x19, 0x5E, 0x5E, 0x7C, 0x63, 0x80, 0xB5, 0x6F, 0xFC, 0x59, 0xED, 0xC2, 0xD3,
    0x9F, 0x5D, 0xDC, 0x6F, 0x95, 0x19, 0x3C, 0x6C, 0x7A, 0x76, 0xF6, 0xB0, 0x3F, 0x98, 0x27, 0x5F,
    0x41, 0xA8, 0xA3, 0xC1, 0x98, 0xCD, 0x87, 0xFA, 0x1F, 0x1B, 0xF5, 0x97, 0x86, 0x96, 0xD1, 0x49,
    0x6C, 0x66, 0x92, 0xD7, 0xB0, 0xB2, 0x7F, 0xA8, 0xA5, 0x3B, 0x52, 0xA8, 0x2A, 0x23, 0x7D, 0xA8,
    0x12, 0x4D, 0x92, 0xEF, 0x60, 0x26, 0xDF, 0x7A, 0xC7, 0xE1, 0xC5, 0xA9, 0x01, 0x85, 0x17, 0xC3,
    0xA4, 0x52, 0xEF, 0x50, 0xA5, 0x1A, 0x65, 0xAE, 0xD8, 0x4C, 0xE8, 0x43, 0xB5, 0xC0, 0x65, 0x54,
    0xF6, 0xC8, 0x5F, 0x26, 0x6F, 0x44, 0xD7, 0x7B, 0x53, 0x49, 0xE3, 0xF2, 0xEC, 0x6C, 0x75, 0xBB,
    0x5B, 0xFB, 0xED, 0x3C, 0xEF, 0x7A, 0x72, 0x7F, 0x44, 0xFC, 0xB9, 0xF5, 0xF0, 0xE9, 0x58, 0x82,
    0x8D, 0xD1, 0x87, 0x86, 0xB6, 0xCB, 0xF4, 0xF3, 0xE9, 0xD9, 0x00, 0xB4, 0x5E, 0x4C, 0xF2, 0xA0,
    0x5A, 0xA6, 0x20, 0x5F, 0x1C, 0xA6, 0x26, 0x29, 0x5A, 0xE9, 0xA4, 0xFD, 0x6A, 0x13, 0x9B, 0x23,
    0x45, 0x47, 0x99, 0xB4, 0x41, 0x8D, 0x96, 0xCB, 0x97, 0x51, 0xF5, 0x68, 0x73, 0xEE, 0xCF, 0x91,
    0xD3, 0x65, 0x7C, 0xB5, 0xA5, 0x91, 0x21, 0x21, 0xFB, 0x0D, 0x1B, 0xF7, 0x16, 0x8C, 0xC0, 0xFE,
    0x8C, 0x79, 0x70, 0x58, 0xBF, 0x4C, 0xB5, 0x70, 0x54, 0xCB, 0x2C, 0xAD, 0x82, 0x24, 0xB7, 0x1B,
    0xE2, 0x4B, 0x28, 0x69, 0xB4, 0x5A, 0xB5, 0x8A, 0x39, 0xE3, 0x4D, 0x50, 0xCA, 0x15, 0xB4, 0xB4,
    0x7F, 0xF7, 0x59, 0x8E, 0xC5, 0xB9, 0x4D, 0x02, 0x33, 0xBB, 0x00, 0xB9, 0x79, 0xE4, 0x3A, 0x03,
    0x78, 0xEF, 0x5F, 0xDB, 0x80, 0x7D, 0xBF, 0xF0, 0x01, 0xFB, 0x2D, 0xA3, 0x1F, 0x47, 0xF4, 0x60,
    0xF7, 0x12, 0x15, 0xD8, 0xB8, 0x5F, 0x07, 0xE4, 0x3B, 0xD0, 0x5E, 0xEF, 0x0A, 0x4F, 0xDA, 0x1D,
    0x29, 0xF4, 0x42, 0x86, 0x77, 0x50, 0x81, 0x13, 0x1A, 0x3E, 0x1D, 0xC7, 0x30, 0x9D, 0x5C, 0x42,
    0xBD, 0x3B, 0x6E, 0xE5, 0x69, 0x7F, 0x0C, 0x59, 0x1E, 0x4C, 0x0E, 0xAC, 0x86, 0x4F, 0x1B, 0x36,
    0xCC, 0xF6, 0xAB, 0xF5, 0x38, 0xC5, 0x67, 0x4B, 0x5A, 0x06, 0xC3, 0x2F, 0xEE, 0x1E, 0x62, 0x30,
    0x2A, 0x55, 0x9E, 0x99, 0x03, 0x1C, 0xCC, 0xC6, 0x65, 0x69, 0xBE, 0xD5, 0xC4, 0xF0, 0xF9, 0x82,
    0x8F, 0x25, 0x79, 0x82, 0xE8, 0xE2, 0x79, 0x12, 0xB7, 0x52, 0x1F, 0x0A, 0x9F, 0x27, 0xCE, 0xF8,
    0xC3, 0x1B, 0x44, 0x22, 0x3E, 0xC2, 0x80, 0x05, 0xE7, 0x46, 0x31, 0x10, 0xFC, 0x17, 0xC5, 0x5A,
    0x4D, 0x8C, 0xDD, 0xD6, 0x75, 0x3E, 0x24, 0x47, 0x43, 0x58, 0x94, 0xC4, 0x01, 0xAC, 0x00, 0xAA,
    0x3D, 0x12, 0x83, 0x42, 0x0B, 0x59, 0x1D, 0x9B, 0x2A, 0x30, 0x69, 0xB5, 0xB0, 0x86, 0x94, 0x5D,
    0x44, 0x40, 0xBD, 0xB0, 0x6A, 0xD4, 0xCE, 0x22, 0x05, 0xEC, 0xEE, 0xB2, 0x28, 0x30, 0xB3, 0xD0,
    0x42, 0x28, 0x1C, 0x91, 0x92, 0x80, 0x7A, 0x51, 0x14, 0x99, 0x4D, 0x77, 0x41, 0x3B, 0x68, 0xB3,
    0x30, 0xE4, 0x85, 0xB5, 0x70, 0x01, 0x2D, 0xA4, 0x21, 0x65, 0x39, 0x08, 0x10, 0xA0, 0x08, 0x0D,
    0xD5, 0x11, 0xD0, 0xA4, 0x00, 0x85, 0xDA, 0x08, 0x60, 0x23, 0x30, 0x6D, 0xD3, 0x29, 0x47, 0x22,
    0x79, 0xFB, 0x7D, 0x87, 0x7C, 0x6F, 0xDE, 0x08, 0x4E, 0x61, 0x27, 0x1A, 0xF7, 0x49, 0x8F, 0xC3,
    0x9F, 0xF7, 0xEE, 0xFD, 0xCE, 0xB9, 0xE7, 0x7C, 0xE7, 0xE7, 0x3E, 0x91, 0xE1, 0x65, 0x5A, 0x1C,
    0xAE, 0xFC, 0x48, 0x66, 0x5F, 0x91, 0x3E, 0xC0, 0xDB, 0xE2, 0xC1, 0xC9, 0x70, 0x38, 0x90, 0xE0,
    0xB0, 0x14, 0xC5, 0x22, 0xCB, 0x3C, 0x94, 0x51, 0x2A, 0x76, 0x8E, 0x83, 0x1B, 0x47, 0xB9, 0xF8,
    0xC6, 0xE4, 0xF2, 0xE4, 0x8B, 0x49, 0x2E, 0xE7, 0x24, 0xC8, 0xA5, 0x94, 0xA0, 0xB0, 0x73, 0x1C,
    0xDC, 0x58, 0x82, 0x32, 0x29, 0x39, 0x87, 0x83, 0x4F, 0x24, 0xED, 0xCC, 0x1C, 0x4E, 0x7F, 0xDD,
    0xEA, 0x92, 0x3C, 0x71, 0x1A, 0xBF, 0x48, 0xEC, 0xD6, 0xAB, 0xA2, 0xB8, 0xF7, 0xAA, 0x30, 0xEF,
    0xDD, 0xF6, 0xF9, 0xBB, 0x1F, 0xFF, 0xD0, 0x7C, 0x66, 0xDC, 0x36, 0x4A, 0xE7, 0x24, 0xE6, 0x87,
    0xD7, 0x0F, 0xE1, 0x70, 0xAF, 0xC6, 0x21, 0x29, 0x70, 0xD8, 0xB3, 0x9B, 0x48, 0xF9, 0xDA, 0x67,
    0xE5, 0x72, 0xE2, 0xB0, 0xC8, 0xFD, 0x52, 0xEC, 0x1E, 0xD7, 0x0A, 0x42, 0xFC, 0x7B, 0x15, 0x21,
    0x07, 0x79, 0x2F, 0x9D, 0x5B, 0x11, 0x2C, 0x30, 0x13, 0xBA, 0x5F, 0x26, 0xEF, 0x44, 0xAF, 0x6D,
    0xAE, 0x01, 0xB4, 0x65, 0xFC, 0x52, 0xE2, 0x39, 0xD9, 0x5D, 0x84, 0xF3, 0x1C, 0x74, 0x91, 0x87,
    0x35, 0x1E, 0x4A, 0x0E, 0x5F, 0xC6, 0xE3, 0x1C, 0xF2, 0xA3, 0x2F, 0xAF, 0xE0, 0x7C, 0x8E, 0x23,
    0x60, 0x24, 0x77, 0x18, 0x26, 0x98, 0x53, 0xB0, 0xF3, 0x29, 0x47, 0x08, 0x71, 0xF4, 0x8A, 0x71,
    0x7C, 0xBE, 0xAC, 0xB3, 0xEB, 0xF2, 0xB8, 0xE9, 0x24, 0xA8, 0x1F, 0x2F, 0xBC, 0x5A, 0x9E, 0xB6,
    0x5B, 0xB1, 0xF2, 0x24, 0x96, 0x7D, 0x90, 0x59, 0x4E, 0x13, 0x18, 0x04, 0x10, 0xA7, 0xE1, 0x49,
    0x3A, 0x7B, 0x82, 0x47, 0xEB, 0x61, 0x81, 0x79, 0x8C, 0xB8, 0xA9, 0xD3, 0x7F, 0xBB, 0x16, 0xCF,
    0x50, 0xAF, 0x67, 0xC7, 0x81, 0xF1, 0x7D, 0x4C, 0xE4, 0xE4, 0xE2, 0xE8, 0xC4, 0xB2, 0x00, 0x49,
    0x72, 0xE7, 0x6E, 0xE3, 0x54, 0x87, 0x2D, 0x0C, 0xD2, 0xA9, 0x1A, 0xA1, 0x0D, 0xB7, 0x7A, 0xC4,
    0xEA, 0x3D, 0x89, 0x0C, 0xEC, 0x49, 0x44, 0xB5, 0x6C, 0xD3, 0x2A, 0xA0, 0x32, 0x39, 0xF5, 0xE4,
    0x2E, 0xA3, 0x74, 0x2A, 0xF1, 0x6B, 0x39, 0x75, 0x5E, 0xAE, 0xAA, 0xE6, 0x2D, 0x18, 0x63, 0x05,
    0x8C, 0x7E, 0x7E, 0x2E, 0x48, 0x05, 0x0B, 0x09, 0x88, 0x09, 0xFF, 0xAF, 0x27, 0x97, 0x72, 0x20,
    0xF4, 0xDB, 0x89, 0xDD, 0xE0, 0xB5, 0x82, 0xB7, 0x5B, 0x8D, 0xE6, 0x60, 0xF1, 0xF6, 0x37, 0x1E,
    0x11, 0x2B, 0x33, 0x85, 0x65, 0x4E, 0xDF, 0x90, 0x2C, 0x76, 0xF2, 0x30, 0x97, 0x45, 0x17, 0xB2,
    0xC0, 0xB8, 0x64, 0x2E, 0xC8, 0x07, 0x38, 0x0F, 0x00, 0x6C, 0x06, 0xEC, 0x8F, 0xD8, 0x1D, 0x24,
    0xF2, 0x2B, 0x39, 0x2F, 0xD1, 0xFB, 0xAB, 0xB1, 0x64, 0xA6, 0x1C, 0x7C, 0xC2, 0x4E, 0xB9, 0x66,
    0x9B, 0x22, 0x1B, 0x9C, 0x73, 0x4E, 0x5C, 0x23, 0xCD, 0x05, 0xE0, 0xBB, 0x20, 0x4E, 0x2D, 0x3E,
    0x1C, 0x50, 0xAC, 0xD6, 0x3E, 0xD3, 0x2C, 0xF9, 0x26, 0x07, 0x3A, 0x8B, 0x1F, 0x3A, 0xE6, 0x01,
    0xCF, 0x7D, 0x2C, 0xB2, 0x5F, 0xED, 0xB2, 0xFA, 0xF6, 0xDB, 0xB9, 0x7D, 0x07, 0x18, 0x72, 0x22,
    0xF9, 0x8A, 0x8B, 0xEC, 0xA4, 0x94, 0x68, 0x93, 0x10, 0xA7, 0x38, 0xF5, 0xE5, 0x1A, 0xB3, 0x0E,
    0x9D, 0xFF, 0x27, 0x3E, 0x18, 0x52, 0x23, 0xF8, 0xDF, 0x13, 0x52, 0x94, 0x03, 0xB6, 0x57, 0x01,
    0x0A, 0xFE, 0x02, 0x5D, 0x06, 0x0F, 0xC2, 0x4D, 0xDC, 0xF1, 0x4B, 0x3C, 0x76, 0x6B, 0xAB, 0x23,
    0xE0, 0x4C, 0x1F, 0xE7, 0xD0, 0xA7, 0x5F, 0xE0, 0xD2, 0xDB, 0x5A, 0xAD, 0x25, 0xD0, 0x21, 0x27,
    0xCA, 0x78, 0xF3, 0x0C, 0x74, 0x63, 0x6E, 0x61, 0x52, 0xFF, 0x2E, 0x0E, 0x4E, 0xCD, 0xE9, 0xDB,
    0x73, 0x38, 0xD0, 0x93, 0xE7, 0xE8, 0xBF, 0xC9, 0xC7, 0x90, 0x27, 0x79, 0x19, 0x0F, 0x12, 0xA8,
    0x19, 0x96, 0xD0, 0x12, 0x0C, 0x1E, 0xFB, 0x05, 0x66, 0xA6, 0xCB, 0x89, 0xDD, 0x04, 0x9F, 0x88,
    0xF4, 0x47, 0xEE, 0xE5, 0x12, 0xB6, 0x30, 0x56, 0x52, 0x1B, 0x14, 0x60, 0x3D, 0x20, 0x47, 0xF4,
    0x05, 0x72, 0x00, 0xE8, 0x28, 0x87, 0x95, 0xBC, 0x87, 0x49, 0x8D, 0x49, 0x23, 0xFD, 0x44, 0x09,
    0xC0, 0x5F, 0x20, 0x47, 0x69, 0xAB, 0x1C, 0xCD, 0x0E, 0x39, 0xAC, 0x37, 0xE3, 0xC1, 0x49, 0xB8,
    0x86, 0xDF, 0x81, 0xA6, 0x13, 0x53, 0xA8, 0x04, 0x14, 0x80, 0xF8, 0x09, 0x9F, 0xE8, 0x09, 0x9E,
    0xD8, 0x09, 0x9D, 0xC8, 0x15, 0x38, 0x71, 0x13, 0xB6, 0xA2, 0x9E, 0x01, 0x9D, 0x60, 0x75, 0xAD,
    0x2B, 0x1B, 0xD3, 0xEB, 0x43, 0x18, 0x16, 0xA6, 0x98, 0xBC, 0xF7, 0x72, 0x0C, 0x10, 0x87, 0x29,
    0xC4, 0x09, 0x2A, 0x1F, 0x6B, 0xE1, 0xC4, 0xB8, 0xDA, 0x07, 0x09, 0x3F, 0xAC, 0xB0, 0xEA, 0x86,
    0x6A, 0xE1, 0x55, 0xBA, 0x26, 0x10, 0x20, 0xA6, 0x84, 0xFB, 0x69, 0x56, 0x15, 0xAC, 0xC0, 0x8F,
    0xBD, 0xAD, 0x97, 0x5A, 0x7C, 0x88, 0x10, 0x95, 0x97, 0xC2, 0x4E, 0xA2, 0x6E, 0x22, 0x09, 0x60,
    0x57, 0x4E, 0x05, 0xAF, 0x6B, 0x82, 0xCB, 0x75, 0xF4, 0xE6, 0x7A, 0xF4, 0xFE, 0xE0, 0x75, 0xAF,
    0x24, 0x17, 0xE1, 0x75, 0xB1, 0xDF, 0x0D, 0x06, 0xB7, 0x0F, 0xBE, 0x20, 0x2B, 0xD7, 0xB9, 0x4E,
    0x1C, 0xE6, 0xE0, 0xAE, 0x02, 0xE4, 0x7C, 0x92, 0x3B, 0x71, 0x29, 0xF7, 0x2B, 0x09, 0x2A, 0xF5,
    0xFB, 0x05, 0xB1, 0x61, 0xDD, 0x15, 0xAC, 0x7B, 0xC5, 0x6A, 0x40, 0xBD, 0x9B, 0x31, 0x90, 0xAA,
    0x75, 0xCF, 0x5B, 0xBD, 0x0B, 0xEB, 0x8E, 0x1D, 0x13, 0xCF, 0x44, 0x32, 0x97, 0x83, 0x85, 0xF4,
    0x8C, 0x4D, 0x99, 0x3A, 0xCD, 0x2B, 0x9C, 0x25, 0xB5, 0xCC, 0x8B, 0xDF, 0x27, 0x82, 0x73, 0x44,
    0x90, 0xD3, 0x30, 0x70, 0xB5, 0x9F, 0x7E, 0x78, 0x02, 0xAB, 0xFA, 0x06, 0xC6, 0xA4, 0x9F, 0x85,
    0xBC, 0xEA, 0x11, 0xB8, 0x60, 0x14, 0x3A, 0xD2, 0x32, 0xAC, 0xC6, 0xC9, 0xB1, 0xA8, 0xA7, 0x24,
    0xFC, 0xE0, 0xBB, 0x15, 0x4C, 0xCC, 0xC4, 0x43, 0xD8, 0x20, 0x4F, 0xE4, 0x5C, 0xFE, 0xAB, 0x03,
    0x4F, 0x78, 0x46, 0xDA, 0x15, 0x68, 0xF4, 0x82, 0x7F, 0xFB, 0xDE, 0x96, 0xBF, 0xA5, 0x3C, 0x61,
    0xBD, 0xD6, 0x2C, 0xFA, 0xA6, 0x80, 0x3E, 0xAD, 0x78, 0xD7, 0x94, 0xF7, 0xA7, 0xF4, 0x6D, 0x0E,
    0xBE, 0xCC, 0x13, 0x0A, 0xEF, 0xCF, 0x8D, 0x04, 0x23, 0xDF, 0xD3, 0xD5, 0x06, 0x45, 0x44, 0xFE,
    0xE5, 0x6A, 0x05, 0x8B, 0xDD, 0x6F, 0x3E, 0xDB, 0xC7, 0x01, 0x59, 0xEC, 0xAF, 0x7B, 0xD7, 0x31,
    0xB5, 0x83, 0x89, 0xFE, 0x06, 0x84, 0x89, 0xC1, 0x21, 0x88, 0x73, 0x93, 0xEC, 0xFC, 0xD8, 0xC0,
    0x34, 0x58, 0xFB, 0xA7, 0xAE, 0x8F, 0xBC, 0xB4, 0xCB, 0xC6, 0xC9, 0x78, 0x0E, 0x66, 0xBB, 0x9D,
    0x4B, 0x54, 0xC0, 0x6D, 0x46, 0x66, 0xFB, 0xD2, 0x6B, 0x6F, 0x93, 0x3E, 0x43, 0x32, 0xCB, 0xBB,
    0xD3, 0x28, 0xFB, 0x97, 0xAF, 0xC8, 0xBC, 0x2E, 0xFB, 0xD9, 0x4D, 0x01, 0xA1, 0xBE, 0x05, 0xBC,
    0x52, 0x80, 0xBF, 0x9C, 0x98, 0xB1, 0x61, 0x08, 0x23, 0xD4, 0x10, 0xC9, 0x15, 0x1C, 0x71, 0xFC,
    0x0A, 0xBC, 0x3A, 0x2C, 0x95, 0xE5, 0xB0, 0xE2, 0x0D, 0x58, 0x20, 0x28, 0x94, 0x14, 0x9C, 0xFE,
    0x4C, 0x0B, 0x28, 0x1A, 0x1E, 0xE2, 0xD9, 0x84, 0x04, 0xB3, 0x3B, 0xBF, 0x82, 0x9C, 0xD6, 0xC0,
    0xC4, 0x72, 0x76, 0x4E, 0x82, 0xAC, 0x97, 0x1B, 0xE1, 0x92, 0xB4, 0x61, 0x6C, 0x37, 0x78, 0xD7,
    0x91, 0xD8, 0xD5, 0x05, 0x91, 0x1A, 0x93, 0x67, 0xEB, 0xBA, 0x38, 0x1E, 0xC6, 0xF1, 0x41, 0x2A,
    0x2E, 0x72, 0x10, 0x9A, 0xDC, 0xD3, 0xB6, 0x11, 0x50, 0x86, 0x34, 0xB0, 0xB0, 0xE4, 0xA5, 0x5A,
    0xE6, 0xAF, 0x70, 0x92, 0x43, 0x50, 0xA7, 0xFC, 0x2D, 0xB5, 0x6F, 0xD2, 0xD1, 0x90, 0x77, 0x57,
    0x22, 0x07, 0x0B, 0x49, 0xDF, 0x73, 0xC0, 0x63, 0x9A, 0x00, 0x2D, 0x3C, 0x64, 0x89, 0xF4, 0xE5,
    0x11, 0x1F, 0xE9, 0x5E, 0x34, 0x45, 0xE4, 0xC9, 0x9E, 0xBF, 0x48, 0x11, 0x29, 0x7B, 0x71, 0xBB,
    0x67, 0x1A, 0xC4, 0x70, 0xBB, 0x80, 0xA5, 0x38, 0x31, 0x42, 0xE5, 0x7E, 0x06, 0xC5, 0x05, 0x06,
    0x71, 0xCD, 0xFC, 0x34, 0x44, 0x42, 0xA2, 0x2B, 0xAF, 0x53, 0xA2, 0xB4, 0x07, 0x59, 0x43, 0x18,
    0xBF, 0x44, 0x74, 0x4D, 0x62, 0xBF, 0x82, 0x32, 0xFC, 0x2D, 0xB0, 0x86, 0x47, 0xD3, 0x93, 0x6F,
    0x68, 0x54, 0x1E, 0xE3, 0x0B, 0xDF, 0x4B, 0xF2, 0xF0, 0xD7, 0x48, 0xF9, 0xD0, 0xE5, 0xF2, 0x3C,
    0x2D, 0xA3, 0x44, 0xD6, 0xFA, 0xAE, 0x4A, 0xC4, 0xA8, 0xC1, 0x04, 0xED, 0x9A, 0x68, 0xA4, 0x97,
    0x1B, 0xBB, 0xB1, 0x4E, 0x9A, 0xAC, 0x4A, 0x44, 0x73, 0xB2, 0xEA, 0xB7, 0x76, 0x94, 0x34, 0x08,
    0x87, 0x71, 0xD2, 0x89, 0xDB, 0x68, 0xAE, 0x59, 0x31, 0x1D, 0x00, 0x03, 0x30, 0xDF, 0x2E, 0xC9,
    0x02, 0xA0, 0x43, 0x48, 0x19, 0x29, 0x29, 0x46, 0xEF, 0xBD, 0xD8, 0x33, 0x42, 0x22, 0x07, 0x1A,
    0x02, 0x2B, 0x19, 0xB7, 0x25, 0x17, 0x40, 0xEC, 0x21, 0xAD, 0xA0, 0xB0, 0x95, 0x26, 0x55, 0x93,
    0xC1, 0x92, 0xCE, 0x32, 0x54, 0x0A, 0x91, 0xD2, 0x9D, 0x9B, 0xF3, 0x3A, 0xEB, 0x77, 0xCB, 0x21,
    0x00, 0x91, 0xD8, 0x99, 0x4E, 0x6B, 0xBE, 0x40, 0x8E, 0x87, 0x3E, 0x3A, 0x10, 0x46, 0x6B, 0x4A,
    0xEB, 0xFE, 0x0F, 0x4A, 0xA7, 0x43, 0xFE, 0xD1, 0x04, 0xB9, 0x5B, 0x85, 0xA9, 0x57, 0x46, 0xE0,
    0x91, 0x0C, 0xCA, 0xEE, 0xAF, 0x86, 0x17, 0x41, 0x7F, 0xA7, 0x67, 0x33, 0xE5, 0x2F, 0x90, 0x63,
    0xF5, 0xDE, 0x95, 0xEC, 0x7D, 0xE4, 0x05, 0xC6, 0xD4, 0x24, 0x99, 0x59, 0x39, 0xCC, 0xEF, 0x2C,
    0x07, 0x34, 0xB8, 0x0A, 0x82, 0xC0, 0x57, 0x71, 0x9F, 0x99, 0x47, 0x80, 0xD1, 0xE9, 0xA8, 0x61,
    0x1A, 0x13, 0xB9, 0xF3, 0x99, 0x49, 0x83, 0x6B, 0xBD, 0x98, 0x67, 0x6B, 0x02, 0x0F, 0xF2, 0x4D,
    0xD9, 0x74, 0x2A, 0xA7, 0x0E, 0xDF, 0x21, 0xEE, 0x4D, 0xD7, 0x38, 0x75, 0x50, 0xAA, 0x9D, 0x59,
    0xE5, 0x37, 0xB1, 0x76, 0xB1, 0xFC, 0x4B, 0xB3, 0x9D, 0x38, 0x30, 0x03, 0x49, 0x15, 0x12, 0xD3,
    0xB9, 0x68, 0xC7, 0xA9, 0x35, 0xCC, 0xB9, 0xE3, 0x34, 0x57, 0xA3, 0x21, 0x12, 0xC3, 0x74, 0xFF,
    0xFC, 0x21, 0xA7, 0x29, 0x9E, 0x30, 0x72, 0xB3, 0x1A, 0x42, 0x65, 0x58, 0x80, 0x4F, 0x8F, 0xB7,
    0xF2, 0x3C, 0xD6, 0x92, 0x43, 0x81, 0x86, 0x13, 0xB1, 0xBB, 0x1C, 0xC1, 0x0B, 0x5F, 0x5D, 0xD8,
    0x4E, 0x57, 0xE6, 0xAF, 0x4C, 0x02, 0x02, 0x07, 0x82, 0x12, 0xA9, 0x27, 0xCE, 0xAB, 0xF1, 0x53,
    0x53, 0x58, 0xD6, 0x61, 0xF5, 0x70, 0xBF, 0x54, 0x00, 0x93, 0xFB, 0x1A, 0x08, 0x5C, 0xF2, 0xBE,
    0xA9, 0x3C, 0x33, 0x12, 0xE7, 0x41, 0x81, 0xC9, 0x9B, 0x62, 0x6F, 0x26, 0x8F, 0x36, 0xCC, 0x6B,
    0x33, 0x2A, 0x13, 0x8B, 0x90, 0xAD, 0x01, 0x11, 0x06, 0x9E, 0x53, 0x7E, 0xDA, 0x60, 0x26, 0x62,
    0x43, 0x07, 0xD6, 0xEF, 0x3D, 0x37, 0x5E, 0xE9, 0xA2, 0x95, 0xAF, 0xB1, 0x34, 0x85, 0x73, 0xCD,
    0x11, 0x02, 0xD3, 0xBE, 0x4E, 0x20, 0x3F, 0x30, 0xA0, 0x48, 0x61, 0x92, 0x5B, 0x10, 0x44, 0xF8,
    0x4B, 0x89, 0x6A, 0x6A, 0x60, 0x6E, 0x92, 0x64, 0x16, 0x54, 0x3B, 0x06, 0xE5, 0xA2, 0xAB, 0x0D,
    0xD0, 0x9B, 0x31, 0x2B, 0x16, 0xDE, 0xD3, 0x5B, 0x96, 0xDA, 0x8A, 0xFA, 0x85, 0xDE, 0x82, 0xB5,
    0x81, 0x5D, 0x19, 0x9E, 0x4F, 0x2A, 0x13, 0x21, 0x3C, 0x3B, 0xC0, 0xFB, 0xC4, 0xA4, 0x6E, 0x4B,
    0xC9, 0x12, 0x9D, 0xD8, 0x63, 0xEC, 0x42, 0xAA, 0x90, 0x31, 0x05, 0x7B, 0xA3, 0xB2, 0x30, 0xAA,
    0x9A, 0x58, 0x14, 0x5B, 0xF8, 0xFB, 0x3F, 0x44, 0x62, 0x58, 0xAE, 0x3A, 0x1C, 0x0D, 0x3E, 0x8D,
    0x91, 0x30, 0xCB, 0xF7, 0x26, 0x56, 0x1D, 0x53, 0x64, 0x06, 0xC3, 0x83, 0x13, 0x0D, 0x05, 0xE5,
    0x68, 0xA1, 0x54, 0xD0, 0x88, 0xA9, 0xA4, 0x7E, 0x06, 0x4B, 0xA6, 0x9D, 0x8F, 0x92, 0xE8, 0x2D,
    0xD5, 0xCE, 0x41, 0xBB, 0xF3, 0xBB, 0xE3, 0xED, 0xA3, 0x88, 0xBC, 0xA8, 0xCA, 0x8B, 0x20, 0x0F,
    0x7F, 0x19, 0xD5, 0x2C, 0x72, 0x47, 0xC6, 0xE1, 0xB2, 0xCD, 0x12, 0x83, 0x4F, 0x7E, 0x32, 0x63,
    0xA2, 0x00, 0x25, 0xA8, 0xB5, 0x91, 0xDC, 0xA8, 0x07, 0x65, 0xDF, 0x68, 0x4C, 0x9A, 0x69, 0xFA,
    0x5A, 0x91, 0xF1, 0x01, 0x3C, 0xF8, 0x2C, 0xC2, 0xE8, 0xCA, 0x2A, 0x9E, 0xED, 0x70, 0x4E, 0x95,
    0xC0, 0xC5, 0xC7, 0x02, 0xF0, 0xEA, 0xB9, 0xFD, 0xD3, 0x94, 0x55, 0xFD, 0x1F, 0x93, 0x3B, 0xAB,
    0x08, 0x51, 0x9C, 0x2B, 0x1A, 0x46, 0xD1, 0x80, 0x87, 0x11, 0xA1, 0x22, 0xFD, 0x2A, 0xEB, 0x07,
    0xCE, 0xA4, 0x7C, 0x07, 0xCB, 0x45, 0x61, 0x79, 0x0D, 0xA5, 0x63, 0x86, 0xDB, 0xC7, 0xE3, 0x59,
    0xF7, 0x01, 0x6E, 0xAC, 0x64, 0x29, 0x9A, 0xCA, 0x40, 0x09, 0x76, 0x41, 0x19, 0x30, 0x29, 0x88,
    0x38, 0xE5, 0x0D, 0x56, 0x28, 0xD1, 0x47, 0x39, 0x55, 0xC9, 0xAC, 0xCF, 0xAB, 0x54, 0xCA, 0x4B,
    0x9C, 0xAB, 0xA3, 0x1C, 0x5E, 0xE5, 0xB1, 0x56, 0x61, 0x25, 0x01, 0x00, 0x91, 0x2E, 0x76, 0x92,
    0x43, 0xEF, 0xDE, 0x68, 0x65, 0x9A, 0x32, 0x4D, 0x12, 0x14, 0x71, 0x75, 0x81, 0x3D, 0xC5, 0xC0,
    0xA1, 0x67, 0x12, 0xD7, 0xDF, 0x4A, 0x71, 0x70, 0xBC, 0x0E, 0xBA, 0x68, 0xC3, 0xD6, 0x6A, 0x37,
    0xAE, 0x39, 0xF7, 0x73, 0x6D, 0x02, 0xB9, 0x78, 0x7B, 0x1F, 0x95, 0xE2, 0xDF, 0xAE, 0x16, 0x82,
    0x5B, 0xCD, 0x06, 0x28, 0x2E, 0x8D, 0xE2, 0xCD, 0x21, 0x1C, 0x1C, 0x1B, 0xD3, 0xDF, 0x0B, 0x63,
    0xB4, 0x38, 0x37, 0x16, 0xCB, 0x0B, 0xB2, 0xE0, 0xF6, 0x76, 0x1B, 0xE0, 0xDF, 0xB7, 0xDA, 0xB5,
    0x6B, 0x2F, 0x6C, 0x61, 0xAC, 0xFB, 0xE9, 0x38, 0x16, 0x98, 0xFC, 0x4E, 0xB5, 0xE0, 0xDF, 0x6A,
    0x5E, 0x09, 0x6F, 0x1A, 0xB6, 0x64, 0xC6, 0xD0, 0x42, 0x65, 0xC2, 0x1D, 0xC4, 0x2E, 0x66, 0xEB,
    0xC5, 0x42, 0xA9, 0x47, 0xD1, 0xFA, 0x93, 0xC5, 0x6E, 0xE5, 0xB7, 0x5A, 0x81, 0x4D, 0xEA, 0x44,
    0xC5, 0x65, 0xE7, 0x7E, 0x61, 0x97, 0xDE, 0xD6, 0x77, 0x2A, 0xD4, 0x55, 0x8D, 0x26, 0xFC, 0xE3,
    0x62, 0xE8, 0x62, 0x4E, 0x7A, 0x0F, 0xF2, 0x38, 0x7C, 0x66, 0x70, 0xA3, 0x44, 0xC7, 0x83, 0x1B,
    0x61, 0x41, 0xED, 0xA1, 0xBE, 0x4D, 0x54, 0x43, 0xE3, 0xAD, 0x76, 0x28, 0x79, 0x17, 0x51, 0x11,
    0x8A, 0xD7, 0x6C, 0x1B, 0xD1, 0x43, 0x85, 0x78, 0x6C, 0x4C, 0x5A, 0x68, 0x50, 0x42, 0xB6, 0xA4,
    0xF1, 0x4F, 0xCA, 0xC2, 0xF9, 0x96, 0x58, 0x5D, 0xE5, 0x75, 0xD8, 0xF8, 0x48, 0x1A, 0xDA, 0xCB,
    0x48, 0x74, 0x1D, 0x3A, 0xCE, 0x0B, 0xA0, 0xD0, 0xA4, 0xF3, 0x49, 0x8E, 0x2A, 0x01, 0x38, 0xB1,
    0x1E, 0xF3, 0x5A, 0xA6, 0x33, 0x9F, 0x8D, 0xE5, 0x08, 0x8A, 0x94, 0x6D, 0xBB, 0xF4, 0x48, 0x30,
    0x2B, 0xF8, 0x8A, 0xCD, 0x12, 0xD6, 0x1F, 0x93, 0xE8, 0x76, 0x52, 0xB6, 0x13, 0xBC, 0x7A, 0x96,
    0x37, 0x73, 0x65, 0xF3, 0xEA, 0x18, 0xAB, 0xD7, 0x1C, 0x13, 0x3E, 0x25, 0x14, 0x40, 0xCB, 0x9E,
    0x19, 0x25, 0xD3, 0x8B, 0x32, 0x3F, 0x0D, 0x9A, 0xEF, 0x4B, 0x70, 0x1B, 0x73, 0x1C, 0x81, 0xEC,
    0x98, 0xE1, 0x5D, 0x55, 0x29, 0x95, 0xCB, 0xC4, 0xFB, 0x81, 0xD3, 0x76, 0x38, 0x85, 0x82, 0x6D,
    0x9A, 0x49, 0x33, 0x63, 0xB3, 0xFF, 0x97, 0x8A, 0x51, 0x73, 0xA7, 0x09, 0x54, 0x1C, 0xE4, 0x5E,
    0x65, 0xC5, 0x5F, 0xD6, 0x0A, 0x00, 0x8F, 0xBA, 0x64, 0x00, 0xE5, 0x60, 0x43, 0x00, 0x1A, 0xFE,
    0xFE, 0x81, 0xDD, 0x74, 0xFE, 0xED, 0x3A, 0x71, 0x2F, 0x69, 0x60, 0x8A, 0x16, 0x01, 0x07, 0x68,
    0x26, 0x60, 0x1C, 0xE6, 0xB2, 0x64, 0x99, 0xE9, 0xAA, 0x12, 0x47, 0x0F, 0xDF, 0x4B, 0xE0, 0x05,
    0x11, 0x26, 0x09, 0x60, 0xC7, 0x21, 0xDF, 0x78, 0x30, 0xD7, 0x83, 0x4E, 0x92, 0xD8, 0xCA, 0xC3,
    0xDC, 0x2A, 0xFC, 0xCA, 0xAA, 0xDC, 0xEE, 0xA5, 0xDA, 0x37, 0xDA, 0x14, 0x7C, 0x64, 0x82, 0x65,
    0xCF, 0x26, 0x1C, 0x52, 0xFB, 0x1E, 0x58, 0xB8, 0x84, 0x6B, 0xDF, 0xAD, 0x07, 0x2D, 0x78, 0x3B,
    0x49, 0x43, 0x94, 0x81, 0x40, 0x61, 0xB5, 0x0B, 0xE1, 0x4F, 0x51, 0x3F, 0xC1, 0xEF, 0xD5, 0xA5,
    0x55, 0x76, 0xB2, 0x39, 0x5E, 0xF5, 0xCE, 0xBC, 0x29, 0xAB, 0x90, 0xE0, 0xB1, 0x6B, 0xB3, 0xC6,
    0x08, 0x86, 0x35, 0x3A, 0x60, 0x58, 0x70, 0xFD, 0x71, 0x8B, 0xB8, 0x60, 0xDD, 0x6A, 0x70, 0x63,
    0xAF, 0x57, 0x1D, 0x00, 0xA9, 0x07, 0x05, 0x6E, 0xE4, 0xD1, 0x45, 0xDC, 0x90, 0x6C, 0x2F, 0x6E,
    0x58, 0x1D, 0xC2, 0x46, 0xEE, 0x74, 0x50, 0xBE, 0x78, 0x3D, 0x69, 0xDF, 0x67, 0x7F, 0x8B, 0xC2,
    0x7A, 0x24, 0x57, 0x0B, 0xC4, 0xF4, 0xC0, 0x64, 0x94, 0x9D, 0x54, 0xE3, 0xC7, 0xD3, 0xBC, 0xF7,
    0xAC, 0x05, 0x42, 0x0D, 0x8B, 0xA0, 0x35, 0xD5, 0xB7, 0xEE, 0xFD, 0xA0, 0x7A, 0xE1, 0x1E, 0x3B,
    0x35, 0x7E, 0xEE, 0xD6, 0x61, 0xCE, 0x96, 0xA6, 0x5F, 0x24, 0x73, 0x7E, 0xDE, 0xAF, 0x05, 0x39,
    0x5C, 0xFF, 0xE2, 0xC4, 0xF5, 0xBF, 0x56, 0xE4, 0x47, 0xC7, 0xE6, 0xE0, 0xA4, 0x48, 0x10, 0x5F,
    0x55, 0xAA, 0xB5, 0xF5, 0x23, 0x13, 0x19, 0x82, 0x2A, 0x3B, 0x6D, 0x7E, 0x66, 0xF6, 0x5F, 0xF8,
    0xD7, 0x96, 0x22, 0xF8, 0x55, 0x24, 0xC9, 0x33, 0xAD, 0xDD, 0xE2, 0x14, 0x12, 0x44, 0xCE, 0xD6,
    0xCD, 0xD6, 0x6F, 0xFD, 0x92, 0x46, 0xB9, 0xA0, 0xFD, 0x3B, 0x7A, 0x2C, 0xE8, 0x9F, 0x6A, 0x20,
    0x81, 0x0D, 0x0D, 0x0C, 0x2B, 0x27, 0xF9, 0x3A, 0x1F, 0x73, 0xA1, 0xBC, 0xFF, 0xC7, 0x85, 0x42,
    0xC5, 0x2B, 0x4F, 0x22, 0xDA, 0xC0, 0x7E, 0x64, 0xE8, 0xCC, 0xEC, 0x91, 0x05, 0xCB, 0x78, 0x35,
    0x97, 0xE9, 0xCE, 0x87, 0xD1, 0x8F, 0xC3, 0x0D, 0xC4, 0x28, 0xA7, 0xE2, 0x2A, 0x85, 0x79, 0xC7,
    0x76, 0xF9, 0xB3, 0x55, 0xF4, 0x43, 0x2E, 0x52, 0xCF, 0xCC, 0x67, 0xBB, 0x87, 0x94, 0x95, 0x33,
    0xA8, 0x53, 0xA2, 0xCE, 0x14, 0x75, 0xA7, 0xA8, 0xDB, 0x6D, 0xD4, 0x7E, 0x49, 0xD4, 0xE1, 0x4D,
    0xA2, 0x4E, 0xFE, 0x9C, 0x20, 0x0D, 0x51, 0x5B, 0x3D, 0x41, 0x3A, 0x8A, 0xDA, 0x53, 0xD4, 0x81,
    0xA2, 0x8E, 0x14, 0xF5, 0xB9, 0x41, 0x69, 0x32, 0xAD, 0xD5, 0xD9, 0x67, 0x98, 0xD3, 0x1B, 0xD7,
    0x0F, 0x33, 0xB8, 0x69, 0xB0, 0xB3, 0x5E, 0x1F, 0x17, 0x29, 0xB9, 0x85, 0x00, 0x63, 0xFE, 0xFB,
    0xE5, 0xB7, 0xFA, 0x17, 0xB6, 0xFC, 0x22, 0xBA, 0xD8, 0x02, 0x7F, 0x9A, 0x39, 0x35, 0xCE, 0xA5,
    0x75, 0xAB, 0x20, 0xBF, 0xE1, 0x34, 0x08, 0xCB, 0xF4, 0x96, 0x30, 0xD6, 0x25, 0x3F, 0x25, 0xBE,
    0x97, 0x0A, 0x5C, 0xD8, 0xDE, 0x6E, 0x83, 0x65, 0xDD, 0x6C, 0x5B, 0x8C, 0x7E, 0xEE, 0x21, 0x9D,
    0xB1, 0xFB, 0x33, 0x6C, 0xE7, 0x39, 0xB5, 0x66, 0xDE, 0x01, 0xB9, 0x96, 0xD9, 0x39, 0xD8, 0xD7,
    0xEA, 0xA8, 0x68, 0x06, 0xE8, 0xF0, 0x16, 0x74, 0x63, 0x18, 0x1F, 0x1A, 0xF6, 0x93, 0xA1, 0x38,
    0xAB, 0x27, 0x8B, 0x54, 0x0E, 0x3B, 0x80, 0x6E, 0xBD, 0x8A, 0x79, 0x94, 0x76, 0x0E, 0x0E, 0xC9,
    0x4B, 0xEC, 0x4E, 0xF2, 0x50, 0x6A, 0x94, 0x6D, 0xB2, 0xE7, 0xF2, 0xE8, 0x12, 0x74, 0xBE, 0xE9,
    0x97, 0xE1, 0xE5, 0xDA, 0xBF, 0x0B, 0x01, 0x12, 0xD8, 0x58, 0xDE, 0xD9, 0x55, 0xA7, 0xFC, 0xA1,
    0x41, 0x66, 0x9F, 0x1D, 0x8F, 0xBD, 0x31, 0xFD, 0xFA, 0xC2, 0xAE, 0xA2, 0xE4, 0x2B, 0x5F, 0x94,
    0x7D, 0x4E, 0xCC, 0x94, 0x95, 0x34, 0x3C, 0xA7, 0x68, 0x3D, 0x13, 0x3B, 0xF5, 0x75, 0xE9, 0xBD,
    0x02, 0x70, 0x9D, 0x06, 0x55, 0x4F, 0xDC, 0x43, 0xC5, 0xDC, 0xAA, 0x70, 0xE0, 0xD7, 0x21, 0xC6,
    0x87, 0x45, 0x0F, 0x80, 0xED, 0x4F, 0x98, 0x1B, 0xFD, 0x84, 0x04, 0x79, 0x40, 0x66, 0xF4, 0x6A,
    0xB3, 0xB4, 0x09, 0xDF, 0x87, 0xD3, 0x90, 0xD4, 0x14, 0xB2, 0x46, 0x33, 0x50, 0x3A, 0x87, 0x02,
    0x16, 0xC5, 0x3C, 0x1C, 0x10, 0x78, 0x31, 0x2E, 0xD2, 0x4A, 0x05, 0xCD, 0x18, 0x97, 0x86, 0xFA,
    0xC5, 0x5C, 0x1B, 0xA9, 0xAB, 0x4C, 0x63, 0xFA, 0x49, 0x77, 0x5E, 0x67, 0xFD, 0x1C, 0x91, 0xEF,
    0x36, 0x52, 0xCE, 0xE7, 0x50, 0xFF, 0x2E, 0x6E, 0xE7, 0x72, 0xC8, 0xC6, 0x88, 0xDC, 0x2F, 0x6F,
    0x20, 0x7E, 0x6C, 0x82, 0x65, 0xF1, 0x46, 0xD2, 0x91, 0x20, 0x4E, 0x24, 0x64, 0x5D, 0x90, 0x2E,
    0xD1, 0x7B, 0x66, 0x36, 0x33, 0x3C, 0xCA, 0x6E, 0x3F, 0xBB, 0x46, 0xD9, 0x07, 0xE6, 0x1F, 0x5F,
    0x06, 0x0A, 0x4C, 0xBA, 0x64, 0xB1, 0x5F, 0x2B, 0x6B, 0x1A, 0x35, 0x24, 0x65, 0x75, 0xE6, 0x30,
    0x1C, 0xFB, 0xE5, 0x12, 0x7D, 0x2F, 0xF9, 0xB0, 0x44, 0x7E, 0x68, 0x1B, 0xA3, 0x11, 0xA5, 0x5C,
    0xD4, 0xE8, 0x12, 0x6F, 0x60, 0x42, 0xBB, 0xB5, 0x98, 0x3A, 0x42, 0xCC, 0x7D, 0x9C, 0x30, 0x16,
    0x8C, 0xC6, 0xB2, 0x07, 0xC1, 0xE4, 0x9F, 0x3F, 0x7F, 0xA9, 0x19, 0xA6, 0x1A, 0x2C, 0x63, 0xAF,
    0x82, 0xDE, 0x83, 0x61, 0x6E, 0x81, 0xEE, 0x9F, 0xEB, 0x42, 0xA7, 0x09, 0xCB, 0x36, 0xCC, 0x33,
    0xAF, 0xEA, 0xED, 0xAE, 0x87, 0x6D, 0xF7, 0x58, 0x63, 0x68, 0x30, 0xB1, 0x7B, 0xC9, 0xC1, 0x41,
    0x7B, 0xED, 0xCA, 0x98, 0xCA, 0x36, 0xAF, 0x19, 0xBA, 0x44, 0x3C, 0xEE, 0xCE, 0x0C, 0xE9, 0xB3,
    0x9B, 0xCE, 0x70, 0x40, 0x62, 0xB6, 0x70, 0xF8, 0x39, 0x6B, 0x7F, 0xCE, 0x4D, 0xCD, 0x47, 0x69,
    0xC0, 0xBE, 0x7B, 0x36, 0x5E, 0xBD, 0x97, 0x4D, 0xDA, 0x69, 0xAC, 0x49, 0x53, 0x5C, 0x75, 0xD6,
    0xB8, 0x46, 0x48, 0x3C, 0x4B, 0xE6, 0x9D, 0xEC, 0xC8, 0x67, 0xCC, 0xF6, 0xCD, 0xCC, 0xC8, 0xD6,
    0xB0, 0x15, 0x00, 0xC7, 0xB2, 0x8A, 0x49, 0xEB, 0x23, 0xF9, 0x09, 0xB9, 0xE5, 0xF2, 0xCB, 0xFF,
    0x56, 0xBD, 0xD0, 0xED, 0x28, 0x94, 0x0A, 0x6D, 0x5F, 0xC0, 0xE9, 0x9D, 0x66, 0x77, 0x91, 0x1D,
    0x1D, 0x53, 0xCA, 0xA1, 0xCB, 0xA0, 0x1C, 0xFF, 0xD6, 0x84, 0xE1, 0x0F, 0x82, 0xE0, 0x3F, 0xE9,
    0x5C, 0x13, 0x95, 0x77, 0x7E, 0xFD, 0xEA, 0xC1, 0x2C, 0x9E, 0xAD, 0xDF, 0x6A, 0x15, 0xC6, 0x1D,
    0x0A, 0x3D, 0x6D, 0xEA, 0x6A, 0x16, 0xC8, 0x2D, 0x0F, 0xE4, 0xD3, 0x94, 0xF0, 0xEC, 0xC8, 0xA9,
    0x4C, 0x48, 0xAE, 0x4F, 0x5A, 0x61, 0xBB, 0xAE, 0x66, 0xD7, 0x2A, 0xE5, 0x53, 0x14, 0xCC, 0xE5,
    0x98, 0xDC, 0xEF, 0x91, 0x18, 0x32, 0x40, 0xC9, 0xFF, 0x70, 0xE1, 0xCE, 0x8F, 0xC3, 0x62, 0xA6,
    0xD8, 0x9A, 0xEE, 0xCC, 0xA8, 0x21, 0x0C, 0x35, 0x4E, 0x39, 0xAA, 0x80, 0xC2, 0x2F, 0xC2, 0xD6,
    0x5B, 0x59, 0x81, 0x44, 0x8D, 0x9C, 0xB7, 0x6A, 0x59, 0xC6, 0x27, 0x8E, 0x72, 0xDF, 0xD4, 0xD2,
    0x6A, 0x99, 0x05, 0xAC, 0x11, 0x4D, 0xD6, 0x25, 0xCB, 0x17, 0xB4, 0x51, 0xED, 0xE7, 0x27, 0x91,
    0x6E, 0x3C, 0x2D, 0xA1, 0x44, 0xC0, 0x1A, 0x32, 0x07, 0x9A, 0xB8, 0x0A, 0xD7, 0xF1, 0x86, 0xA6,
    0x00, 0xE3, 0x66, 0xA0, 0x92, 0x85, 0xD8, 0x77, 0x6B, 0x59, 0x99, 0x1F, 0xD4, 0x59, 0x68, 0x9F,
    0x8F, 0x81, 0x04, 0x8A, 0x48, 0x1B, 0x59, 0xF1, 0x35, 0xC7, 0x1B, 0xAC, 0x95, 0xCC, 0x8C, 0xA7,
    0xA7, 0x8E, 0x4C, 0xD1, 0x85, 0xA6, 0x72, 0xCA, 0x00, 0x79, 0xE9, 0x11, 0x82, 0x43, 0x60, 0x5D,
    0x0F, 0x31, 0x5F, 0x52, 0x0F, 0xD8, 0xF8, 0xE6, 0xCE, 0x74, 0x58, 0x11, 0x1A, 0xA2, 0x1E, 0xA6,
    0x6D, 0x7C, 0x84, 0x72, 0x22, 0xCB, 0xA0, 0xD7, 0x69, 0xA6, 0xA6, 0xFB, 0x7F, 0x2B, 0x33, 0xFB,
    0x7F, 0x59, 0x05, 0x54, 0x4E, 0xF9, 0x0A, 0xF3, 0xE3, 0x4E, 0x31, 0xC1, 0x91, 0x82, 0xFC, 0x98,
    0x9F, 0x02, 0x11, 0xE8, 0x56, 0x01, 0xFD, 0xFE, 0x00, 0xDC, 0x21, 0x0D, 0x60, 0xD8, 0xC1, 0xF7,
    0x69, 0x32, 0xCE, 0x3F, 0x21, 0x7B, 0x5F, 0x57, 0x10, 0x10, 0xFC, 0xA9, 0x20, 0x6E, 0x0E, 0xB1,
    0x89, 0x53, 0x73, 0xF3, 0x01, 0x75, 0x73, 0x90, 0x6F, 0xAC, 0x38, 0x65, 0x45, 0xAD, 0x69, 0x77,
    0x1C, 0xD8, 0x60, 0x57, 0xA5, 0x7D, 0x67, 0x08, 0x53, 0x76, 0x7A, 0x0E, 0x39, 0x44, 0x3C, 0xCD,
    0x20, 0x1E, 0x9E, 0x8A, 0x66, 0xF6, 0xF8, 0x66, 0x3A, 0xE1, 0x5C, 0xBA, 0xE6, 0x10, 0x79, 0x0A,
    0x08, 0xA9, 0x25, 0x40, 0xC4, 0x17, 0x37, 0x56, 0xB8, 0x70, 0xA4, 0xC9, 0x83, 0xC3, 0x8E, 0xF6,
    0x3A, 0x58, 0xAB, 0x0D, 0xDE, 0xE8, 0xDF, 0x78, 0xBB, 0x88, 0xF2, 0x93, 0xCB, 0x4E, 0xE3, 0x7C,
    0x1B, 0x84, 0x77, 0x74, 0xA8, 0x16, 0xE8, 0x3C, 0x4C, 0x91, 0xED, 0xC9, 0x0E, 0x24, 0x09, 0x40,
    0x4B, 0x74, 0x7F, 0xFA, 0x78, 0xDC, 0x35, 0xB5, 0x0D, 0xEF, 0xE4, 0x63, 0xB8, 0x57, 0xA3, 0x5D,
    0x1D, 0xB7, 0xC9, 0xBD, 0xBF, 0xC2, 0xDF, 0xE3, 0x03, 0x33, 0xB2, 0xBB, 0xEC, 0x34, 0x70, 0x1D,
    0x2B, 0x3B, 0x6B, 0xEF, 0xC8, 0xD9, 0xA3, 0x7D, 0x56, 0x5B, 0xBA, 0x3D, 0xE7, 0x5B, 0xE4, 0xD7,
    0xA0, 0x8F, 0xC7, 0x99, 0x55, 0x1C, 0x39, 0xA7, 0xDF, 0xB5, 0xF2, 0xF3, 0x18, 0x96, 0x75, 0x6A,
    0x32, 0xC4, 0x8A, 0x87, 0x0F, 0x9E, 0xD5, 0x3F, 0xD7, 0x7A, 0x45, 0x49, 0xF7, 0xF5, 0x4A, 0xC2,
    0x77, 0xE8, 0x18, 0xEC, 0x7F, 0x3E, 0xFE, 0xB9, 0xD6, 0x66, 0x80, 0xA9, 0x79, 0x48, 0x3A, 0xB8,
    0xC4, 0x3E, 0x71, 0x3F, 0x03, 0x89, 0xAB, 0xCF, 0x6A, 0xBF, 0x67, 0x8A, 0xC9, 0x7F, 0xC3, 0x0C,
    0x98, 0x4E, 0x02, 0xD3, 0xDF, 0xED, 0xC0, 0x64, 0xAD, 0x7E, 0x80, 0xC5, 0x35, 0xD5, 0xCC, 0x96,
    0xEE, 0x4E, 0x4C, 0xC5, 0x2C, 0xA6, 0xE3, 0x9C, 0xD0, 0x2B, 0x81, 0x61, 0xBE, 0x8B, 0x51, 0x1C,
    0x25, 0xFF, 0xE1, 0x9B, 0x12, 0xBC, 0x06, 0x32, 0xEE, 0x8E, 0xBA, 0xBF, 0x49, 0x03, 0xDD, 0x69,
    0xD5, 0xF4, 0xDB, 0x29, 0xF2, 0xB1, 0xB2, 0xB1, 0xFF, 0xBE, 0x92, 0x99, 0xA4, 0x3C, 0x43, 0x76,
    0xA1, 0x4D, 0xE5, 0x94, 0xE3, 0x16, 0xA4, 0x96, 0x35, 0xCE, 0xC9, 0xFA, 0x0F, 0x96, 0x4A, 0xCE,
    0x51, 0xD6, 0xC9, 0x87, 0xC7, 0x00, 0x71, 0x82, 0x4A, 0x5E, 0x22, 0x93, 0xEE, 0xD7, 0x26, 0x18,
    0xBB, 0x5D, 0x2E, 0x25, 0x45, 0xAE, 0xED, 0x69, 0x94, 0x4B, 0x4C, 0x3C, 0x99, 0xC1, 0x2E, 0xD6,
    0x25, 0xB8, 0x23, 0xF2, 0x8B, 0x5A, 0xE6, 0xBD, 0x81, 0x3D, 0xF0, 0x2C, 0x2C, 0x3A, 0x07, 0xC9,
    0xE8, 0x9F, 0xB4, 0x41, 0xFE, 0x7C, 0x81, 0x40, 0xED, 0x54, 0x76, 0x13, 0xA2, 0x92, 0xC3, 0xA9,
    0x57, 0x3F, 0xD3, 0xBE, 0xF9, 0xEF, 0x1E, 0x88, 0x3B, 0xB8, 0xDB, 0x21, 0x33, 0x9C, 0x69, 0x14,
    0x94, 0x3B, 0x37, 0x37, 0x77, 0x1F, 0xBC, 0x0B, 0x47, 0x8A, 0xFA, 0xE9, 0x6C, 0x0B, 0x4C, 0xF1,
    0xA3, 0xD8, 0xE4, 0xED, 0xFE, 0xCC, 0xAD, 0x1E, 0xAD, 0xC9, 0xFA, 0xAD, 0x6C, 0x7A, 0x95, 0xC3,
    0xD3, 0xB7, 0xBB, 0x85, 0xEC, 0x8F, 0x3E, 0x7B, 0xC6, 0xFC, 0xAC, 0x71, 0x1B, 0xD4, 0x83, 0x5A,
    0xC6, 0xE9, 0x9E, 0xA7, 0xF3, 0x51, 0x31, 0xF9, 0x99, 0xCC, 0x34, 0x93, 0xD9, 0x65, 0xE0, 0x1A,
    0x1D, 0x91, 0xDF, 0x6D, 0x2C, 0x69, 0x42, 0xED, 0x74, 0x4A, 0x8E, 0x9A, 0x2A, 0x3D, 0x5B, 0xA3,
    0xAA, 0xC9, 0x7F, 0x51, 0x25, 0x56, 0xF4, 0x6C, 0x63, 0xE1, 0xD4, 0x2B, 0x33, 0xD1, 0xD3, 0xF0,
    0x5D, 0xEF, 0xD3, 0x6C, 0x39, 0x6C, 0x4D, 0x9A, 0xBC, 0x56, 0xCB, 0xC2, 0xD0, 0xA2, 0x54, 0x75,
    0xDF, 0xE1, 0xE1, 0x9B, 0xBA, 0x89, 0xCB, 0x98, 0x6B, 0x4D, 0xE2, 0x7A, 0x88, 0x8C, 0x87, 0x79,
    0x29, 0x1C, 0xD2, 0xD0, 0xB5, 0xC1, 0x27, 0x8B, 0x44, 0xB8, 0x57, 0x9B, 0x80, 0x2C, 0xD5, 0x2D,
    0xEE, 0x96, 0xCB, 0xD5, 0xF1, 0x71, 0x8A, 0xEA, 0x9C, 0x8D, 0x4D, 0x6D, 0x23, 0xC6, 0xFA, 0x33,
    0x06, 0xC9, 0x62, 0x44, 0xBD, 0xA0, 0xB1, 0x2B, 0xE6, 0x55, 0x15, 0xBB, 0xE9, 0x85, 0x88, 0x4C,
    0x7F, 0xAE, 0xE3, 0x22, 0xA2, 0x9F, 0x38, 0x01, 0xEE, 0x80, 0xF7, 0xFD, 0x97, 0x1A, 0xCF, 0xEF,
    0x20, 0x85, 0x55, 0x13, 0xB1, 0x1E, 0xCE, 0x95, 0x5F, 0xA3, 0xFD, 0xE8, 0xAB, 0xE9, 0xC4, 0xFE,
    0x14, 0xE1, 0xE8, 0x56, 0x2E, 0xEE, 0x81, 0xA9, 0x21, 0xD9, 0x1D, 0xEA, 0x4C, 0xE0, 0xA6, 0x0B,
    0xD0, 0x92, 0x5C, 0x94, 0x9F, 0x94, 0x81, 0x3E, 0x40, 0x53, 0x0A, 0x7F, 0xDA, 0x16, 0x14, 0x82,
    0x4E, 0x60, 0xC9, 0xEE, 0x9B, 0xCD, 0xF9, 0x69, 0xDD, 0xCC, 0x06, 0x15, 0x5B, 0x98, 0x60, 0x9D,
    0x3F, 0xA3, 0x03, 0xAB, 0xFD, 0x3F, 0xF1, 0x55, 0x1D, 0x20, 0xB5, 0xD8, 0x49, 0x66, 0x5D, 0xB7,
    0x38, 0xF4, 0xB9, 0x9C, 0x9B, 0xA2, 0x45, 0xEC, 0x63, 0x32, 0xF9, 0x21, 0x13, 0x06, 0xD3, 0x26,
    0xC7, 0xF6, 0x3E, 0xEB, 0x64, 0x63, 0xCF, 0x14, 0x2E, 0x94, 0x13, 0x50, 0x3E, 0x66, 0xE4, 0x61,
    0xE1, 0x60, 0x22, 0xB7, 0x93, 0xAB, 0xA0, 0x3B, 0x53, 0xEC, 0x87, 0x34, 0x4F, 0xF6, 0x88, 0x6B,
    0xAD, 0xFB, 0x7C, 0xB9, 0x8C, 0x8B, 0xB2, 0xF7, 0xC0, 0xE3, 0x4B, 0x7E, 0x59, 0xA0, 0x12, 0x8A,
    0xFB, 0x63, 0xB8, 0x28, 0xFD, 0x5F, 0x09, 0xBB, 0xED, 0x7D, 0x29, 0x6C, 0xFB, 0xB7, 0xBA, 0x07,
    0x05, 0x6F, 0x1E, 0xB6, 0x57, 0x68, 0xA8, 0xDD, 0x90, 0x3E, 0xE4, 0xF2, 0xC0, 0xCB, 0x99, 0x6C,
    0x7D, 0x3A, 0x77, 0x80, 0xF1, 0xA4, 0x37, 0x6D, 0xA3, 0xCF, 0x59, 0xE6, 0x52, 0xD3, 0x06, 0xEC,
    0x1C, 0xDD, 0xA9, 0x12, 0xF7, 0xE7, 0xE1, 0xA5, 0xD6, 0x13, 0xAC, 0xE2, 0x12, 0x97, 0xAE, 0xC4,
    0x95, 0x8B, 0xAB, 0xF2, 0xA4, 0x53, 0x67, 0x97, 0x73, 0xBF, 0xCF, 0xAE, 0x49, 0x78, 0x17, 0x9A,
    0x1D, 0x7F, 0x2E, 0xC7, 0xF6, 0x2B, 0xBB, 0x46, 0xDE, 0xE5, 0x7C, 0x87, 0x98, 0x1D, 0x02, 0xEF,
    0x61, 0xEE, 0xA8, 0xC6, 0xA0, 0x6D, 0xEE, 0x7B, 0x9D, 0x04, 0x44, 0xCC, 0x19, 0xBC, 0x8D, 0xCF,
    0xF5, 0x6B, 0xA2, 0xFB, 0x3D, 0xDA, 0x18, 0xD3, 0x08, 0x61, 0xC6, 0xE8, 0x69, 0xCD, 0xFE, 0xE8,
    0xC7, 0x31, 0xD3, 0x1F, 0xE0, 0x6C, 0x0E, 0xBD, 0xEE, 0x57, 0xB1, 0xD0, 0x69, 0x31, 0x25, 0xDB,
    0x74, 0x05, 0x21, 0xBE, 0xD9, 0xDF, 0x39, 0xC5, 0x1F, 0x36, 0xBE, 0x75, 0xA6, 0x7A, 0x55, 0xFC,
    0xB7, 0x11, 0x52, 0x91, 0x2D, 0xDE, 0x58, 0x16, 0xFB, 0x37, 0xB0, 0xCB, 0x5F, 0x8F, 0x7B, 0x3D,
    0x43, 0xB3, 0xC9, 0xC9, 0x65, 0x7D, 0x49, 0x5C, 0xA4, 0x0D, 0x01, 0x86, 0x7F, 0x8C, 0x02, 0x78,
    0xA7, 0x99, 0x20, 0xE0, 0xB9, 0x7F, 0x19, 0x9F, 0x1B, 0xB9, 0xE1, 0x61, 0x0B, 0xA0, 0x2D, 0xD1,
    0x90, 0xD3, 0x9D, 0x9C, 0x64, 0x2F, 0xC3, 0xFE, 0x1A, 0x62, 0x6C, 0xF4, 0xE2, 0x6A, 0x25, 0x4F,
    0x33, 0xD1, 0xBC, 0xCA, 0xBD, 0xF2, 0x5C, 0xCD, 0xD2, 0xD3, 0xAD, 0x7A, 0x7E, 0x2B, 0xC9, 0x27,
    0x3F, 0xE7, 0xD3, 0xD6, 0x26, 0x63, 0x39, 0x3B, 0x21, 0x92, 0xA5, 0x36, 0x2D, 0x78, 0x2F, 0x53,
    0xD3, 0x27, 0x25, 0xD8, 0x7A, 0xF1, 0x3A, 0x32, 0x5F, 0xDD, 0xB1, 0x9A, 0x36, 0x49, 0x3B, 0x35,
    0x07, 0x37, 0xDF, 0xFE, 0x51, 0x9D, 0xF8, 0x5B, 0xCB, 0x0E, 0x0A, 0x59, 0x78, 0xC6, 0x3E, 0x76,
    0x7A, 0x96, 0xD5, 0x1F, 0x5C, 0x50, 0x4F, 0x33, 0x2F, 0xC9, 0xBD, 0x3C, 0x40, 0x6A, 0x76, 0xBA,
    0xDB, 0x61, 0x35, 0xCD, 0xA4, 0x65, 0x37, 0xF4, 0xED, 0xCE, 0xEE, 0x3E, 0xF4, 0x8D, 0x01, 0x79,
    0xBA, 0x5D, 0x02, 0x02, 0xB5, 0x6F, 0x6A, 0xD7, 0xD4, 0x0E, 0xCB, 0xA0, 0x65, 0xED, 0xD5, 0xE3,
    0xFF, 0x05, 0x2B, 0x05, 0xE6, 0xC4, 0xE4, 0xCB, 0xC1, 0xD8, 0x76, 0xDF, 0x6B, 0x33, 0xDF, 0x41,
    0xBA, 0x39, 0x4C, 0xF9, 0x35, 0x29, 0x9A, 0xF5, 0x45, 0xC0, 0x7A, 0x63, 0xF8, 0xD9, 0xDD, 0x57,
    0x54, 0xF4, 0xFF, 0x02, 0xBD, 0x58, 0x3D, 0x6C, 0xDD, 0xD6, 0x15, 0x3E, 0xE4, 0x55, 0x44, 0x24,
    0x94, 0x44, 0x01, 0x75, 0x81, 0x34, 0x7D, 0x36, 0x3D, 0x64, 0x10, 0x82, 0x67, 0x53, 0xC3, 0x43,
    0x61, 0x20, 0x8A, 0x2E, 0x1D, 0x03, 0xF1, 0x10, 0x04, 0xF6, 0x10, 0x3B, 0x43, 0x87, 0x78, 0xCF,
    0xE0, 0x37, 0x68, 0x30, 0x02, 0xD7, 0xA4, 0x93, 0xC1, 0x53, 0x01, 0x75, 0xC8, 0xD6, 0x41, 0x43,
    0x86, 0x34, 0x06, 0x6A, 0x0D, 0x1D, 0x3C, 0xC8, 0xE2, 0x85, 0xDD, 0xC2, 0x40, 0x3B, 0x94, 0x76,
    0xE1, 0x7A, 0xF0, 0x50, 0xBA, 0xD0, 0x50, 0xB4, 0x40, 0x4D, 0xBB, 0x0C, 0x42, 0x25, 0x24, 0x6F,
    0xBF, 0x73, 0x2F, 0xDF, 0x93, 0x65, 0x67, 0x68, 0x03, 0xC4, 0xC4, 0x7B, 0x7C, 0x7C, 0xFC, 0xB9,
    0xF7, 0x3B, 0xE7, 0x7C, 0xE7, 0x3B, 0xE7, 0x92, 0x88, 0xE8, 0x25, 0x7C, 0x49, 0xE4, 0xBC, 0xAF,
    0x88, 0x7E, 0x4C, 0x17, 0xC9, 0xD5, 0xBA, 0x25, 0x7F, 0x37, 0x2C, 0x29, 0x28, 0x09, 0x47, 0x25,
    0x45, 0xCA, 0xAB, 0xC8, 0x2B, 0x45, 0x43, 0x4E, 0xE3, 0xB4, 0x44, 0x49, 0xAC, 0x09, 0x27, 0xA5,
    0xC2, 0xC5, 0xA0, 0x20, 0xD1, 0x88, 0x8A, 0x9C, 0x0E, 0xF7, 0x92, 0x26, 0x19, 0x53, 0x92, 0xFA,
    0x05, 0xE1, 0x62, 0xC3, 0xBB, 0xF0, 0x4E, 0x96, 0x12, 0x65, 0x1D, 0x4F, 0x70, 0x9A, 0xA8, 0xFF,
    0xE1, 0x09, 0x83, 0x98, 0xE2, 0x8B, 0x94, 0x69, 0x15, 0xDC, 0x2D, 0xA9, 0xF3, 0x0B, 0xBF, 0x8C,
    0x52, 0x99, 0x6E, 0x53, 0x2B, 0x6A, 0xAF, 0x0C, 0xF3, 0x50, 0x65, 0x24, 0x31, 0xF0, 0x16, 0x46,
    0xCC, 0x4A, 0xA2, 0x03, 0xF6, 0x61, 0x5A, 0x34, 0xFB, 0xAD, 0xA7, 0xF6, 0xD7, 0x5D, 0x5D, 0x90,
    0xCE, 0x29, 0x23, 0x3A, 0xC6, 0x10, 0x68, 0x44, 0x8C, 0x65, 0x4C, 0x6E, 0x43, 0xB4, 0x01, 0x78,
    0x44, 0x39, 0x89, 0x9A, 0x1C, 0x45, 0xB0, 0xC3, 0x55, 0x6C, 0x97, 0x88, 0x89, 0x91, 0x13, 0x85,
    0x39, 0xF9, 0x6C, 0x0C, 0xCD, 0x9B, 0xFD, 0x00, 0xFB, 0x9C, 0x2E, 0xE0, 0x7C, 0xED, 0x62, 0x52,
    0x5F, 0x6B, 0x45, 0xE4, 0xC0, 0x21, 0xD8, 0x9C, 0x1E, 0x81, 0x13, 0x63, 0x77, 0x11, 0x5F, 0x4F,
    0x39, 0x3C, 0x7B, 0x1B, 0x74, 0xA4, 0x55, 0x4B, 0x3F, 0x6B, 0x42, 0xE5, 0xC8, 0x13, 0x35, 0x5C,
    0x25, 0x89, 0xB6, 0xE1, 0xB8, 0x20, 0xEF, 0xE0, 0xB2, 0xE8, 0x0E, 0x45, 0x7F, 0x6C, 0x72, 0x57,
    0xFF, 0xB9, 0xA6, 0xF0, 0x21, 0x86, 0x5A, 0x9C, 0xA1, 0xC9, 0xB6, 0x71, 0xB0, 0x3F, 0x10, 0x8F,
    0xE2, 0xFE, 0x28, 0xCA, 0xE9, 0x99, 0x6D, 0x83, 0x27, 0xD5, 0x7A, 0x87, 0x02, 0xAD, 0x1B, 0xF2,
    0xDA, 0x6B, 0xA5, 0xFB, 0xD5, 0x59, 0x0D, 0xB7, 0xC0, 0xC1, 0x2B, 0x24, 0x73, 0x36, 0xA8, 0xF3,
    0xC8, 0xAF, 0x89, 0x3A, 0x1C, 0x2B, 0xB7, 0x33, 0xB6, 0xC0, 0x1F, 0x89, 0x62, 0xF3, 0x81, 0x04,
    0xD1, 0x24, 0x99, 0xE2, 0x14, 0x7B, 0x03, 0x5E, 0xC0, 0x13, 0x70, 0x14, 0xDF, 0xD2, 0xF1, 0x00,
    0xEC, 0x8C, 0x30, 0x0F, 0xC0, 0x00, 0xC4, 0x57, 0x34, 0x3C, 0x80, 0x1D, 0x21, 0x4B, 0xDD, 0x18,
    0x8F, 0x44, 0x39, 0x06, 0xD8, 0x44, 0x70, 0x83, 0xD2, 0x6B, 0xE8, 0x20, 0xE8, 0x71, 0xBE, 0x22,
    0xFD, 0xD9, 0xCF, 0x95, 0xC7, 0xB0, 0xA4, 0xD6, 0xF5, 0x04, 0xAB, 0xFB, 0x14, 0xEE, 0x50, 0x77,
    0x31, 0x15, 0x43, 0x83, 0x98, 0xD6, 0x2A, 0xE0, 0xC0, 0x50, 0x3D, 0x5C, 0x26, 0x0A, 0x26, 0xD5,
    0x34, 0x99, 0x09, 0x1B, 0xE8, 0x92, 0xF9, 0xBB, 0x43, 0x03, 0x34, 0xD2, 0x25, 0x78, 0x46, 0x5A,
    0x6A, 0x73, 0xB1, 0x5B, 0x0F, 0x19, 0x2A, 0xD0, 0xAD, 0x58, 0x88, 0x54, 0x70, 0x78, 0x31, 0x62,
    0x4A, 0x06, 0x5F, 0x90, 0x2E, 0x83, 0x2C, 0xE0, 0x5F, 0x97, 0x5B, 0x70, 0x3A, 0x4D, 0x30, 0xBD,
    0x7B, 0x79, 0x9B, 0x9E, 0xDB, 0x3E, 0x32, 0x1E, 0x0E, 0x1A, 0xCF, 0x29, 0xD8, 0x2B, 0x2B, 0xD7,
    0xE1, 0xFE, 0x4A, 0xB0, 0xCD, 0x92, 0x42, 0xB0, 0x15, 0xFE, 0x62, 0xA2, 0x21, 0x52, 0x33, 0x94,
    0x3C, 0x52, 0xC9, 0xAF, 0x54, 0x78, 0xBF, 0x09, 0x74, 0x85, 0xB8, 0xBE, 0x0D, 0x2A, 0xB4, 0xA2,
    0x3C, 0x1C, 0x00, 0x74, 0x06, 0x46, 0x89, 0x0A, 0x46, 0x8C, 0x29, 0x03, 0x96, 0x01, 0xF9, 0x45,
    0xF2, 0x7B, 0x3F, 0x7F, 0xBD, 0x3B, 0xF4, 0xCD, 0x4D, 0xFD, 0x6F, 0x5F, 0xCB, 0x12, 0xE4, 0x4E,
    0x6E, 0xD5, 0x03, 0x8C, 0x17, 0xCF, 0xEC, 0x43, 0x90, 0x60, 0x6C, 0x0F, 0x94, 0x4D, 0x30, 0x1B,
    0x98, 0xC9, 0x44, 0x65, 0x26, 0x06, 0xA5, 0x8D, 0x89, 0xB4, 0xA7, 0x9D, 0xEF, 0x3A, 0xDD, 0xB0,
    0xFD, 0x40, 0x9F, 0x5B, 0x98, 0xFB, 0x4E, 0xBB, 0xEC, 0x52, 0x9C, 0x5E, 0xA2, 0x84, 0xBD, 0xE9,
    0x2A, 0x0C, 0x82, 0x54, 0x38, 0x7A, 0x38, 0x40, 0xAA, 0xEE, 0x7E, 0xF0, 0xF8, 0xAB, 0x9A, 0x79,
    0xA4, 0xAF, 0x68, 0xC3, 0xB5, 0x39, 0x27, 0xA6, 0xEF, 0xDC, 0xB6, 0x10, 0x39, 0x13, 0x1D, 0x86,
    0xD7, 0x99, 0x79, 0x7C, 0x65, 0x43, 0xC5, 0x67, 0x99, 0x8D, 0x8C, 0x2C, 0xE6, 0x80, 0x21, 0xEF,
    0x79, 0x92, 0xAC, 0xE0, 0x68, 0x0D, 0x8C, 0x5C, 0x38, 0xA1, 0xC2, 0x53, 0xE4, 0xD6, 0x8C, 0xFD,
    0xB0, 0x8C, 0x61, 0xDD, 0x2B, 0x5E, 0x69, 0xF0, 0x80, 0x7F, 0x15, 0x5D, 0xC7, 0x18, 0xD9, 0x67,
    0x09, 0xF4, 0x21, 0xD1, 0xBA, 0xC0, 0xCD, 0x80, 0x22, 0x2C, 0x81, 0xA4, 0xD9, 0x7B, 0x85, 0xC9,
    0x36, 0x9E, 0x83, 0x56, 0x42, 0x93, 0x1D, 0x9C, 0x86, 0x44, 0xAF, 0xAD, 0xF7, 0x08, 0x7F, 0x5A,
    0x7A, 0x79, 0x58, 0x0B, 0x56, 0x23, 0x0D, 0x5B, 0x43, 0xE3, 0x03, 0xB8, 0x04, 0xA9, 0x47, 0xB1,
    0x8B, 0x0B, 0xD4, 0x7A, 0xB8, 0x20, 0x92, 0x34, 0xBA, 0x1C, 0xA8, 0x20, 0xF7, 0x4A, 0xAF, 0x74,
    0x6B, 0x00, 0x41, 0xF4, 0x70, 0xBF, 0x1C, 0x44, 0x2A, 0x6A, 0x82, 0xDC, 0x87, 0xD2, 0xD0, 0x69,
    0xE3, 0xFD, 0xD6, 0xCE, 0xBE, 0x18, 0xC5, 0xF4, 0x16, 0x94, 0x29, 0xE0, 0x74, 0xFC, 0xCD, 0xD3,
    0x4E, 0x71, 0x35, 0xE7, 0x55, 0x86, 0xFC, 0xC3, 0xC7, 0x44, 0x2C, 0xCB, 0x39, 0x25, 0x14, 0x2D,
    0x68, 0x88, 0x07, 0x1B, 0x70, 0xBB, 0x24, 0x65, 0xDC, 0x20, 0xD3, 0x21, 0x07, 0xCD, 0xFD, 0xA4,
    0x01, 0x3D, 0xE1, 0x8A, 0x51, 0x98, 0x2F, 0xB3, 0x33, 0x3C, 0x4E, 0x53, 0xA3, 0x4A, 0x7E, 0xB9,
    0xC1, 0x98, 0xE7, 0x29, 0x79, 0x8F, 0xD3, 0x91, 0x94, 0x68, 0x0D, 0xCF, 0x87, 0x14, 0xD5, 0x46,
    0x99, 0x40, 0xFD, 0x98, 0x3D, 0xB0, 0x8C, 0x81, 0xCE, 0x01, 0x14, 0x44, 0x2A, 0x0B, 0x1E, 0x60,
    0x08, 0x90, 0x3F, 0xCF, 0x8A, 0x1E, 0xD4, 0x73, 0x01, 0x0C, 0x52, 0x83, 0xD3, 0x66, 0xFC, 0x80,
    0x33, 0x04, 0x21, 0xA1, 0xB7, 0x48, 0x64, 0x4A, 0xF0, 0xCD, 0x06, 0x22, 0xB4, 0xB1, 0xA3, 0x4D,
    0x44, 0x7F, 0x29, 0x52, 0xC7, 0xFC, 0x8A, 0xE6, 0xBD, 0x6A, 0x2E, 0x68, 0x0C, 0xBA, 0x85, 0x8C,
    0xDC, 0x34, 0xBA, 0x79, 0x19, 0xD8, 0x72, 0xAF, 0xCA, 0xE1, 0xD2, 0x65, 0xD2, 0x63, 0x78, 0x89,
    0x81, 0x21, 0xA2, 0x30, 0x94, 0x5D, 0x28, 0xC8, 0xF8, 0x1D, 0x5A, 0x0A, 0x47, 0x2A, 0x83, 0xC9,
    0x12, 0x83, 0x44, 0x69, 0xBD, 0xD5, 0x58, 0x3C, 0xAD, 0x85, 0xB9, 0x6A, 0x85, 0xDA, 0xFE, 0x44,
    0x9D, 0x95, 0xD1, 0xCF, 0x9F, 0x85, 0xCE, 0x7B, 0xC0, 0xE1, 0xC7, 0xED, 0x73, 0x47, 0xF7, 0xDD,
    0xE0, 0x20, 0x89, 0x9C, 0xD8, 0x6B, 0xA2, 0xDC, 0xAF, 0x3C, 0x2D, 0x9B, 0xA0, 0x15, 0x1F, 0x7E,
    0xA1, 0x17, 0x12, 0xE7, 0xDD, 0x7F, 0xC8, 0xE3, 0x51, 0x2A, 0x1A, 0x8E, 0xB4, 0xD3, 0xFA, 0x88,
    0x35, 0x65, 0xA2, 0x02, 0x04, 0x79, 0xBC, 0x59, 0x84, 0x22, 0xAA, 0x6E, 0x2C, 0x59, 0x94, 0xCB,
    0x08, 0x09, 0x11, 0x16, 0x06, 0x69, 0x2C, 0xAA, 0x29, 0x91, 0x89, 0x6E, 0xEC, 0xA1, 0xBC, 0x10,
    0x19, 0xE9, 0x32, 0x18, 0x9D, 0x2F, 0xCC, 0xD5, 0x25, 0x0F, 0xAE, 0x5B, 0xE5, 0xFB, 0xB3, 0x89,
    0xC3, 0x9D, 0xF7, 0xCF, 0xD1, 0x2C, 0x34, 0xC6, 0xD1, 0xA7, 0xB7, 0x59, 0xB1, 0x7F, 0xC7, 0x06,
    0xE7, 0x08, 0xB1, 0x88, 0xF1, 0xE4, 0x8C, 0x57, 0x5A, 0x39, 0xE3, 0xF4, 0x31, 0xA9, 0xFC, 0xC6,
    0x97, 0x98, 0x35, 0x2A, 0x8C, 0x04, 0x6B, 0x9C, 0x80, 0x81, 0x61, 0x0E, 0x9A, 0x22, 0x21, 0xBA,
    0x93, 0x0D, 0xD7, 0x5C, 0x80, 0x7A, 0x69, 0x32, 0xBA, 0x48, 0x37, 0xC9, 0xBD, 0x8F, 0xE4, 0xD2,
    0x53, 0x17, 0xA2, 0x6C, 0xCE, 0x50, 0x88, 0x3A, 0x7A, 0x23, 0x1A, 0x52, 0x13, 0x81, 0xE4, 0xF8,
    0x56, 0x92, 0xDC, 0xF2, 0x12, 0x2A, 0x37, 0xB3, 0x71, 0x9D, 0x04, 0x26, 0x44, 0xE9, 0x45, 0x99,
    0x58, 0x87, 0xBA, 0x20, 0xA0, 0xBA, 0xA3, 0x15, 0x57, 0xA3, 0xB0, 0x4B, 0xAA, 0x41, 0x82, 0xE4,
    0x6C, 0x45, 0xB3, 0x5F, 0xC6, 0x7D, 0xD5, 0xF7, 0x35, 0x8A, 0x61, 0x77, 0xB2, 0x06, 0x4E, 0xE3,
    0x2C, 0x1F, 0x45, 0x97, 0x42, 0x85, 0x29, 0x13, 0x30, 0xD2, 0x69, 0x4D, 0x79, 0xE7, 0x42, 0x7F,
    0x0B, 0xD4, 0xD6, 0x60, 0x82, 0x57, 0x4B, 0x4E, 0xF9, 0x16, 0x39, 0x0F, 0x26, 0x04, 0xA5, 0xE0,
    0x1A, 0xE2, 0x55, 0xE7, 0xA1, 0xC4, 0x46, 0xFF, 0x77, 0xF0, 0x9D, 0x9F, 0xD4, 0x2B, 0xCF, 0x24,
    0x2F, 0x17, 0x6B, 0xCD, 0x71, 0xFD, 0xBC, 0x2F, 0xA0, 0x59, 0x25, 0xAA, 0xAD, 0xA0, 0xB8, 0x11,
    0xA9, 0x6D, 0xD4, 0x7A, 0x19, 0x77, 0x89, 0xD3, 0x26, 0x6E, 0x83, 0x42, 0x1F, 0x21, 0x1D, 0x35,
    0x39, 0x9C, 0x24, 0x5C, 0x85, 0x51, 0xC9, 0x2F, 0x2C, 0x72, 0xFD, 0x7A, 0xAD, 0xAF, 0x25, 0xEC,
    0x4C, 0x51, 0xF4, 0x7D, 0x4A, 0xBF, 0xCD, 0xB2, 0x2D, 0xE2, 0x3D, 0x3E, 0x5C, 0x3E, 0xC7, 0x87,
    0x2F, 0x9B, 0x5B, 0xD3, 0xE9, 0x0D, 0x46, 0x4F, 0x8C, 0x7C, 0x1A, 0x57, 0xD2, 0x9B, 0x7C, 0xB8,
    0x90, 0x30, 0xC3, 0x6E, 0xF1, 0x30, 0x23, 0x58, 0x44, 0x0B, 0x9C, 0xBB, 0xAE, 0x62, 0x09, 0x59,
    0xE3, 0xF2, 0x18, 0x70, 0xD1, 0x77, 0xEF, 0x7D, 0x80, 0xC3, 0x35, 0x9E, 0x77, 0xC1, 0x48, 0xAB,
    0xE2, 0x04, 0x5E, 0x63, 0xBD, 0x4B, 0x50, 0xB6, 0x9A, 0x69, 0x8D, 0xE3, 0xE2, 0xC9, 0x7E, 0x67,
    0x11, 0xDE, 0x9B, 0x98, 0x04, 0xA8, 0xE3, 0x7C, 0xCA, 0x61, 0xC3, 0xC5, 0x85, 0x8D, 0xBD, 0xEE,
    0x27, 0xF8, 0x06, 0xB9, 0x79, 0xBF, 0xC1, 0xC0, 0x60, 0x66, 0x9E, 0xC0, 0xC7, 0x91, 0xA9, 0x22,
    0x6E, 0xE3, 0x73, 0x15, 0x6F, 0x62, 0x79, 0x65, 0x7B, 0x1C, 0xA0, 0x78, 0x38, 0x1A, 0x94, 0x99,
    0x99, 0xA6, 0x78, 0x62, 0x7F, 0x6C, 0x0A, 0x21, 0x98, 0xFB, 0x37, 0x37, 0x36, 0xB8, 0x35, 0x57,
    0xB6, 0x64, 0xF7, 0x0C, 0x9B, 0xF9, 0x66, 0x83, 0xA4, 0x85, 0x23, 0x3B, 0x13, 0x8B, 0x15, 0xE8,
    0x12, 0x90, 0x0C, 0x23, 0xB5, 0x8C, 0x7F, 0xC3, 0xA0, 0x80, 0x8F, 0x69, 0xE0, 0x75, 0xBF, 0xC5,
    0xCF, 0x41, 0xD0, 0x0F, 0xCF, 0x1F, 0x22, 0x8D, 0x16, 0x89, 0x87, 0x89, 0x81, 0x37, 0x38, 0x93,
    0x28, 0x84, 0x2F, 0x60, 0xF7, 0xCD, 0x41, 0x43, 0xE0, 0xA4, 0x05, 0xFC, 0xC0, 0x15, 0x01, 0xF9,
    0x50, 0xA7, 0x33, 0xE7, 0xD3, 0xA8, 0xC2, 0x83, 0x56, 0x99, 0x89, 0xCE, 0x4D, 0xB1, 0x64, 0x13,
    0x09, 0x67, 0x90, 0xAE, 0x9A, 0x9E, 0x5F, 0x84, 0xED, 0xDF, 0x42, 0xB2, 0x93, 0xBB, 0x15, 0x8C,
    0xF7, 0xF3, 0xD6, 0x2B, 0x13, 0x58, 0xFF, 0xB7, 0x42, 0xC6, 0x7A, 0x07, 0xE6, 0x37, 0x10, 0xBE,
    0x8F, 0x8A, 0x97, 0xE5, 0x95, 0x28, 0xDF, 0xD4, 0xA5, 0xD4, 0x08, 0x59, 0x02, 0x39, 0xA7, 0x99,
    0xA7, 0xA4, 0x24, 0x30, 0xA5, 0xFB, 0xC2, 0x9E, 0xE1, 0xEF, 0x9B, 0x19, 0xF5, 0x09, 0x50, 0x77,
    0x27, 0x69, 0x58, 0x38, 0x24, 0x8B, 0x12, 0x98, 0x89, 0x48, 0xF1, 0x90, 0x25, 0x7D, 0x5D, 0xA1,
    0x90, 0x05, 0x61, 0xEE, 0x36, 0x4E, 0x99, 0xA0, 0x83, 0x39, 0xC4, 0xCA, 0xF0, 0x49, 0xC1, 0x5D,
    0xC8, 0x11, 0x88, 0xB0, 0xF8, 0x56, 0xE1, 0x44, 0xC0, 0xB3, 0xDB, 0x07, 0xF1, 0xC1, 0xB5, 0x40,
    0xBF, 0x83, 0xDC, 0xAD, 0x22, 0x43, 0xDF, 0xA7, 0x2A, 0xA5, 0x69, 0xA0, 0x0A, 0xD3, 0xBE, 0x1A,
    0xFF, 0xF6, 0x32, 0x1C, 0xB6, 0x68, 0x96, 0x23, 0xE5, 0xD6, 0x32, 0x85, 0x59, 0xCA, 0x7F, 0x82,
    0xBE, 0xF6, 0x01, 0xA6, 0x6D, 0xD1, 0x33, 0x55, 0x09, 0x70, 0x23, 0xE1, 0x6F, 0xD6, 0xF4, 0x31,
    0x47, 0xC8, 0xB4, 0xB2, 0xC1, 0x6D, 0x1C, 0x89, 0xBF, 0xB0, 0x3D, 0x0F, 0xD5, 0xBE, 0x58, 0x1A,
    0xD2, 0xEA, 0x09, 0x67, 0x45, 0x36, 0xA1, 0xEC, 0x90, 0xC9, 0x6A, 0x18, 0xCB, 0x3A, 0x62, 0x08,
    0xEB, 0xC5, 0xB0, 0xD6, 0xF0, 0xF5, 0x08, 0xC2, 0x65, 0xE9, 0xCA, 0x9D, 0x9C, 0x61, 0x2B, 0x54,
    0x2B, 0x2C, 0xA6, 0x64, 0x15, 0x4F, 0x2A, 0x0A, 0x51, 0x4C, 0x37, 0xD1, 0xFC, 0xBE, 0x3B, 0x35,
    0xA6, 0xDB, 0x42, 0x3C, 0x54, 0x22, 0x6A, 0x50, 0x91, 0x19, 0x88, 0x8C, 0x64, 0x42, 0x82, 0x87,
    0xA7, 0x1E, 0x3E, 0xFA, 0xB5, 0xFE, 0x8F, 0xF6, 0x1A, 0x99, 0xF6, 0x24, 0x64, 0xAA, 0x9B, 0x56,
    0xDC, 0xC9, 0x47, 0x2F, 0x00, 0x30, 0x97, 0x02, 0xAE, 0xFB, 0xE3, 0x01, 0xF8, 0xA7, 0xBE, 0x07,
    0xE0, 0x1A, 0xCB, 0x03, 0xA7, 0xE4, 0x54, 0xB8, 0xBB, 0xE7, 0xE0, 0x57, 0x4D, 0xD3, 0x41, 0xC9,
    0xBD, 0x0F, 0xB9, 0x2F, 0x39, 0xC8, 0x91, 0x5E, 0xE6, 0x4A, 0x0C, 0x0E, 0xF0, 0x9A, 0xA0, 0x9C,
    0x83, 0x39, 0xFF, 0x2C, 0xB9, 0x4D, 0x4A, 0x91, 0x9A, 0xFC, 0x2F, 0x1D, 0x33, 0xE9, 0x63, 0xEE,
    0x6C, 0xE6, 0x99, 0x5C, 0xBC, 0x28, 0x0A, 0x62, 0x7F, 0xF7, 0x6C, 0xE3, 0xF4, 0x09, 0xE7, 0x59,
    0xB8, 0xF7, 0x8B, 0xE0, 0x54, 0x7C, 0x68, 0x48, 0x4B, 0x63, 0xCB, 0xF6, 0xA8, 0x11, 0x65, 0x2D,
    0xC5, 0xC3, 0x5A, 0x9E, 0xFA, 0xD7, 0x8E, 0xDC, 0x41, 0xA9, 0xF1, 0xCA, 0xD9, 0xB0, 0x18, 0x4B,
    0x1D, 0xCB, 0xCA, 0x2E, 0xBC, 0x4C, 0x9D, 0x93, 0x30, 0xD7, 0xCD, 0xC7, 0x2F, 0x00, 0x22, 0x24,
    0x9C, 0xC2, 0x86, 0x46, 0x73, 0xB4, 0x3E, 0x37, 0x11, 0x64, 0xC8, 0x78, 0x1D, 0xA8, 0x3A, 0xFC,
    0xB4, 0x92, 0xD7, 0xD6, 0xE5, 0x0E, 0xEB, 0x4C, 0x42, 0xE7, 0x92, 0xCB, 0x0A, 0x30, 0x83, 0xD6,
    0xC8, 0xD6, 0x6A, 0x44, 0xDE, 0x2D, 0x45, 0xA3, 0xCD, 0x1E, 0x60, 0xDF, 0xB9, 0x46, 0x76, 0x25,
    0x65, 0xDB, 0x57, 0x6D, 0xFA, 0xD0, 0xD0, 0x74, 0xA5, 0xDC, 0xBA, 0xB6, 0xB6, 0x35, 0x55, 0x7D,
    0xA3, 0x1A, 0xDA, 0x96, 0xB3, 0xD9, 0xF2, 0x6E, 0xAB, 0xE1, 0x0A, 0xDD, 0xE5, 0xA4, 0x3A, 0xC0,
    0x6D, 0x7B, 0xEB, 0x5E, 0x53, 0x3F, 0x42, 0x0D, 0xE2, 0x9B, 0x90, 0x22, 0xCA, 0x6D, 0x95, 0xAC,
    0x90, 0x63, 0x33, 0xBD, 0x92, 0xC0, 0x39, 0xFE, 0xF1, 0x49, 0xF8, 0x1C, 0x94, 0x2C, 0xAF, 0x36,
    0xE7, 0x59, 0xD4, 0xED, 0x32, 0x87, 0x13, 0x92, 0x99, 0x55, 0xD9, 0xF3, 0x85, 0x99, 0x7B, 0x72,
    0xDE, 0xF8, 0xC4, 0xD3, 0x76, 0x49, 0x95, 0xC5, 0x81, 0xA6, 0xCD, 0x81, 0xA0, 0x65, 0x9B, 0xD2,
    0x19, 0x1B, 0x78, 0xB5, 0x74, 0xF0, 0xB4, 0x59, 0x24, 0xC9, 0x18, 0x31, 0xF2, 0xBF, 0x26, 0xC9,
    0x0B, 0x09, 0xCB, 0x79, 0xC3, 0xA1, 0xC7, 0xCC, 0xF9, 0x29, 0x87, 0x7E, 0x90, 0xDA, 0x39, 0x59,
    0xDD, 0x36, 0xBF, 0xA0, 0x8B, 0x2B, 0x74, 0x64, 0x85, 0xE6, 0x07, 0xFF, 0x63, 0xC5, 0x34, 0x75,
    0xC5, 0xAD, 0x9F, 0xE3, 0xD1, 0x0F, 0x0A, 0x93, 0x1B, 0x21, 0x28, 0xC1, 0xDA, 0x80, 0x46, 0xA2,
    0xD7, 0x76, 0x57, 0xE7, 0x00, 0x2A, 0xEA, 0xE8, 0xED, 0xC6, 0x2F, 0xF0, 0x34, 0x90, 0x86, 0x2A,
    0x39, 0x89, 0xDC, 0x44, 0xA3, 0x0D, 0xA8, 0xE8, 0x4B, 0x2D, 0xE7, 0x61, 0x22, 0x74, 0xB5, 0x7C,
    0x56, 0xF7, 0x12, 0xBD, 0x8B, 0xDD, 0x5F, 0x3B, 0xB0, 0x89, 0xE5, 0xB8, 0x04, 0x40, 0x99, 0x86,
    0x2C, 0xCD, 0x59, 0xFF, 0xEF, 0x5E, 0x36, 0xE1, 0x3C, 0x6A, 0x99, 0x4C, 0xF1, 0xAF, 0xE5, 0x78,
    0x99, 0x6B, 0x0A, 0x71, 0x67, 0xE9, 0x47, 0x14, 0x33, 0x66, 0x89, 0xDE, 0x1B, 0x78, 0x15, 0xDC,
    0xFA, 0x13, 0x72, 0xA2, 0xA0, 0xC1, 0xC8, 0x3A, 0x26, 0x0E, 0x1F, 0xB7, 0x61, 0xA3, 0x7F, 0x79,
    0xE9, 0xFE, 0x1F, 0xD0, 0xBA, 0xE1, 0x49, 0x7E, 0x2D, 0xD0, 0x98, 0x0A, 0x23, 0x4D, 0xA7, 0xD1,
    0x2F, 0x72, 0x38, 0x39, 0xA3, 0x86, 0xF5, 0x6E, 0xFC, 0x22, 0x80, 0x9A, 0xD2, 0x53, 0x50, 0xB1,
    0x44, 0xE3, 0xD9, 0xFF, 0x0B, 0x68, 0xC3, 0xEF, 0x41, 0x82, 0x53, 0xF4, 0x5C, 0x29, 0xC9, 0x10,
    0xF9, 0x9C, 0x13, 0x32, 0xB5, 0x2F, 0x41, 0xCC, 0x5B, 0x11, 0x24, 0xC9, 0x12, 0x27, 0xE6, 0xBC,
    0x19, 0xD0, 0xBE, 0x12, 0xB1, 0x97, 0x3B, 0x5E, 0x6E, 0x00, 0xF2, 0xD0, 0xBE, 0x0F, 0xE1, 0xCC,
    0x61, 0x85, 0xF2, 0x52, 0xB4, 0x3C, 0x58, 0x00, 0xDA, 0x97, 0x21, 0x89, 0xC9, 0xE4, 0xC5, 0x49,
    0x46, 0xD6, 0xA8, 0xB9, 0x7F, 0xC7, 0x7A, 0xE5, 0x36, 0x32, 0x70, 0x9E, 0x26, 0xAF, 0x49, 0xB2,
    0x13, 0x55, 0x80, 0x76, 0xFC, 0x41, 0x99, 0xF0, 0x0B, 0x11, 0x07, 0x87, 0x7E, 0x91, 0x91, 0x39,
    0x8C, 0xEE, 0xF8, 0x4F, 0xB2, 0x51, 0xD4, 0x60, 0x7D, 0x7E, 0xA5, 0xEA, 0x5F, 0x85, 0x18, 0x4F,
    0xBB, 0xE6, 0x55, 0xCB, 0x3E, 0x57, 0xBF, 0x00, 0x03, 0xAC, 0x4C, 0xA0, 0xD2, 0xA4, 0xE0, 0x87,
    0x93, 0x7E, 0x4F, 0x03, 0x0E, 0x0C, 0x28, 0xD2, 0xA5, 0x28, 0xC2, 0x74, 0x95, 0x0E, 0x39, 0x15,
    0x8D, 0xD0, 0x86, 0xAF, 0x47, 0x08, 0x4E, 0x02, 0x55, 0xE2, 0x72, 0xC6, 0x5F, 0xB4, 0x27, 0x14,
    0x95, 0xA8, 0x0B, 0x4A, 0x91, 0x44, 0xAF, 0x58, 0xA3, 0x91, 0x52, 0x12, 0xCC, 0xC8, 0xC0, 0x15,
    0x4E, 0x8D, 0x9F, 0x70, 0x2C, 0xED, 0x12, 0x8A, 0x5B, 0xF9, 0x8B, 0xB6, 0xAD, 0x03, 0x1E, 0xB8,
    0xE6, 0x68, 0x18, 0xD7, 0xAF, 0x62, 0xCD, 0x12, 0x54, 0xBC, 0xB2, 0x0B, 0x51, 0x33, 0xD5, 0xC6,
    0xAA, 0x28, 0x4A, 0xEE, 0x99, 0x63, 0x7A, 0x85, 0x68, 0x1B, 0xB1, 0x40, 0xFA, 0xA3, 0x5E, 0x70,
    0xB3, 0xC2, 0x04, 0x5A, 0x87, 0xF6, 0x37, 0xE1, 0xD5, 0xEE, 0xEA, 0xCD, 0x5C, 0xAA, 0x63, 0x23,
    0x51, 0x8B, 0x77, 0xE0, 0x9C, 0xD7, 0xED, 0x7B, 0x83, 0xAE, 0x2F, 0xE8, 0x66, 0xA1, 0xC6, 0x2B,
    0x15, 0xAF, 0xEA, 0x5B, 0xB7, 0x60, 0x7A, 0x59, 0x59, 0xEF, 0xB8, 0xBA, 0x9C, 0x56, 0x26, 0xBB,
    0xC0, 0xA0, 0x4B, 0x1C, 0x2F, 0x16, 0xD5, 0xB5, 0xA9, 0x28, 0xBC, 0xC1, 0xE3, 0x76, 0xE0, 0xFD,
    0x6C, 0x1B, 0x63, 0x31, 0x86, 0x9E, 0x8B, 0x6F, 0x45, 0x1D, 0xBA, 0xE5, 0x34, 0x45, 0x58, 0x23,
    0xC4, 0x0E, 0x37, 0x89, 0x61, 0xCA, 0xA9, 0x10, 0x3B, 0x05, 0x37, 0x8C, 0xFF, 0x05, 0x63, 0xD8,
    0x6B, 0x2B, 0xC7, 0xCD, 0xC0, 0xC0, 0xC0, 0xFF, 0x60, 0x2F, 0xFB, 0x01, 0x0B, 0x06, 0x30, 0xB0,
    0x67, 0xB0, 0x3F, 0x60, 0x5B, 0x61, 0x01, 0x12, 0x66, 0x6F, 0x6C, 0xFE, 0x71, 0xE9, 0xFE, 0x87,
    0x03, 0x1F, 0x40, 0xC2, 0x7F, 0xEA, 0xFF, 0x30, 0x30, 0xF0, 0x30, 0x1E, 0x66, 0xB8, 0xF0, 0xFB,
    0x81, 0xFE, 0x03, 0x06, 0x07, 0x06, 0x8D, 0x7F, 0xFF, 0x2C, 0x24, 0xD8, 0x98, 0x3F, 0xFC, 0xB1,
    0xE7, 0x3F, 0xD8, 0x90, 0xC2, 0xCA, 0xF4, 0x47, 0xFB, 0x82, 0x8E, 0xBC, 0x03, 0x03, 0x03, 0xF3,
    0x8A, 0x84, 0xA3, 0x3C, 0x56, 0x0D, 0x01, 0x40, 0x4D, 0xFA, 0xF2, 0x07, 0xBE, 0xFC, 0xE0, 0xF6,
    0x77, 0x30, 0xD9, 0x00, 0x31, 0x9B, 0x97, 0xE9, 0xF0, 0xF1, 0x03, 0xF5, 0x07, 0xF8, 0x0F, 0x80,
    0x79, 0xFC, 0xA7, 0x2F, 0x7E, 0xFC, 0xA0, 0x6B, 0xC3, 0xEC, 0x0D, 0x91, 0xDC, 0xEF, 0xB0, 0xFF,
    0x43, 0x81, 0x8C, 0x01, 0x33, 0x88, 0xED, 0xB0, 0x45, 0x97, 0xF9, 0x8B, 0x3D, 0xD0, 0x12, 0x01,
    0xE6, 0x07, 0xFC, 0x0D, 0xB6, 0xF6, 0x17, 0x18, 0x18, 0x24, 0xE4, 0x8F, 0x7F, 0xD8, 0x22, 0xC2,
    0xAA, 0xEF, 0x7D, 0xFF, 0xD2, 0x97, 0x07, 0x16, 0x4C, 0x0E, 0x7F, 0xB8, 0x0F, 0xD8, 0x70, 0x33,
    0x39, 0x30, 0x28, 0x30, 0x35, 0xE8, 0x30, 0xFE, 0x61, 0xFC, 0xC1, 0x78, 0xF9, 0x16, 0xDB, 0x04,
    0x06, 0x07, 0x15, 0x5E, 0xA6, 0x86, 0x02, 0x7E, 0x96, 0xFF, 0x4D, 0x13, 0x02, 0x38, 0x17, 0xC8,
    0xEC, 0xFA, 0x52, 0x7F, 0x81, 0x95, 0x41, 0x6A, 0xA5, 0xFD, 0x3F, 0x06, 0x06, 0xD1, 0xD0, 0x80,
    0xFF, 0xFF, 0x41, 0x36, 0x03, 0x00, 0xC5, 0x5A, 0x3F, 0x8C, 0xD7, 0xE6, 0x19, 0x7E, 0x6D, 0x1F,
    0x38, 0x60, 0xE0, 0x3B, 0x29, 0x57, 0x09, 0x15, 0x82, 0xA3, 0x8A, 0x81, 0x28, 0x04, 0x33, 0xA0,
    0x8A, 0x4A, 0x39, 0xEC, 0x06, 0xA9, 0x0C, 0x51, 0x15, 0x22, 0x85, 0x2E, 0xAD, 0x1A, 0x2A, 0x65,
    0xE8, 0x50, 0x89, 0x1B, 0x18, 0x2E, 0xD2, 0x11, 0x1B, 0x32, 0x64, 0xE8, 0xD0, 0x6B, 0xA5, 0x6E,
    0x1D, 0x32, 0x64, 0xCB, 0x00, 0x43, 0x06, 0x54, 0x1D, 0xF7, 0x33, 0xA1, 0x5D, 0x2A, 0x45, 0x98,
    0x44, 0x51, 0x86, 0x0E, 0x31, 0x12, 0x55, 0xA5, 0x46, 0x55, 0xDC, 0xC4, 0xB4, 0x86, 0xF8, 0x67,
    0xF7, 0x79, 0xDE, 0xCF, 0xBE, 0xBB, 0xA4, 0x51, 0x95, 0x84, 0xDC, 0x71, 0xCA, 0x99, 0xFB, 0xF9,
    0x67, 0x7F, 0x7E, 0x9F, 0xF7, 0x79, 0xDE, 0x7F, 0x9F, 0x23, 0x62, 0x7F, 0x62, 0x1E, 0x7A, 0xFC,
    0x3A, 0x3C, 0x78, 0x13, 0x1C, 0xF6, 0xA4, 0x38, 0x1C, 0x8E, 0x13, 0x91, 0x63, 0x3C, 0x94, 0x71,
    0x26, 0x6E, 0x8E, 0x83, 0x9F, 0xC4, 0xB9, 0x98, 0xBE, 0xCF, 0xE5, 0xA9, 0x33, 0x69, 0x2E, 0xE7,
    0x25, 0xCC, 0xA5, 0x94, 0xB0, 0x70, 0x73, 0x1C, 0xFC, 0x44, 0xC2, 0x32, 0x2D, 0xA5, 0x6F, 0xED,
    0xBA, 0x4E, 0x86, 0x83, 0x5F, 0xE1, 0x10, 0xF0, 0xE0, 0x15, 0xF6, 0xB4, 0xD7, 0xAD, 0x38, 0xD3,
    0x34, 0x4F, 0xBD, 0xC6, 0x14, 0xA9, 0xDB, 0x06, 0x55, 0x9C, 0x74, 0x41, 0x15, 0xE5, 0x9D, 0xDF,
    0x3E, 0x77, 0xFB, 0xE3, 0x3F, 0xF4, 0x9F, 0xF6, 0x7E, 0x1B, 0x67, 0x33, 0x92, 0xC8, 0x5E, 0x7B,
    0xFB, 0x64, 0xED, 0xDE, 0x3D, 0xB0, 0x45, 0xA2, 0x12, 0x07, 0x97, 0x07, 0x3F, 0xC7, 0x61, 0x87,
    0xC8, 0x26, 0xE2, 0x98, 0xB3, 0xC6, 0x5F, 0xC6, 0xCD, 0x57, 0x44, 0x2E, 0x8C, 0x8F, 0xFA, 0xEA,
    0x18, 0xF4, 0xE7, 0x8C, 0xBA, 0xA3, 0xC1, 0xC1, 0xDC, 0xA0, 0xCD, 0xF1, 0x6D, 0x7E, 0xAE, 0xAF,
    0xC8, 0x17, 0x7E, 0x14, 0x81, 0x42, 0xB0, 0x18, 0x2C, 0x08, 0x8B, 0xC2, 0xC2, 0xB0, 0x38, 0x14,
    0x88, 0x45, 0x62, 0xA1, 0x58, 0x2C, 0x16, 0x8C, 0x45, 0xA3, 0x70, 0x44, 0xF1, 0x88, 0x02, 0x92,
    0x35, 0x66, 0x3C, 0xB2, 0x11, 0xF1, 0x5F, 0x38, 0x31, 0xFE, 0x33, 0xFE, 0xF8, 0x00, 0x6B, 0x1E,
    0x0F, 0x3E, 0x67, 0xC9, 0x47, 0xB9, 0xF8, 0x77, 0x61, 0x03, 0x20, 0x8A, 0x57, 0x63, 0xC1, 0x28,
    0x87, 0x2D, 0x53, 0x7C, 0x22, 0x4E, 0x89, 0x2F, 0xF6, 0xB3, 0xD2, 0x1D, 0xB8, 0x97, 0x7B, 0xFD,
    0xCD, 0x56, 0x08, 0x56, 0x1C, 0x99, 0xE5, 0x9D, 0x73, 0x3C, 0x9C, 0xE0, 0xC1, 0x18, 0x98, 0xE1,
    0xC4, 0xE5, 0xFF, 0x42, 0xFD, 0xF6, 0x99, 0x72, 0x6A, 0x3C, 0x0F, 0xDE, 0x38, 0x1E, 0x8B, 0xF3,
    0x5C, 0xA5, 0x88, 0xCA, 0xC3, 0x1B, 0xC0, 0x84, 0x1F, 0xB4, 0x7E, 0x15, 0x67, 0x53, 0x1F, 0xC6,
    0x4F, 0xBC, 0xDA, 0x94, 0x13, 0xB7, 0x35, 0x65, 0xFA, 0x27, 0x40, 0xB8, 0xD9, 0xC7, 0x55, 0x7A,
    0xA3, 0x91, 0x64, 0x46, 0x2F, 0x76, 0x95, 0x33, 0x7A, 0x10, 0xD4, 0x27, 0xF4, 0xD2, 0xD5, 0x91,
    0x31, 0xFF, 0xDD, 0xFC, 0xCB, 0x08, 0xF3, 0xD4, 0xAB, 0x21, 0xBD, 0x2A, 0x1F, 0xE7, 0x6B, 0x7C,
    0x5D, 0x99, 0xF2, 0xBB, 0x93, 0x30, 0x4C, 0x8E, 0x9B, 0x72, 0xA4, 0xEB, 0x31, 0xC5, 0xDD, 0x93,
    0x89, 0xE0, 0xCC, 0x8B, 0xD5, 0xC0, 0x96, 0x97, 0x49, 0x9A, 0xC8, 0x61, 0x71, 0xA6, 0xE2, 0x80,
    0xAF, 0x66, 0x9D, 0x2C, 0x1A, 0xE5, 0x52, 0x39, 0x11, 0x57, 0x7E, 0x1A, 0x8F, 0xDC, 0x97, 0x88,
    0xF9, 0x57, 0x62, 0x49, 0x5B, 0xC7, 0x38, 0x70, 0x06, 0x9C, 0x42, 0xA0, 0x02, 0xA4, 0x4A, 0x19,
    0xB1, 0x0A, 0xC0, 0x0A, 0xD1, 0x2A, 0x63, 0x06, 0x78, 0x85, 0x80, 0x47, 0xC4, 0xDB, 0xF8, 0x4F,
    0xCC, 0x67, 0x3C, 0xCF, 0xA8, 0xDA, 0x49, 0x07, 0x50, 0x47, 0x4E, 0xF1, 0xFA, 0x66, 0x86, 0xD6,
    0xE2, 0xE3, 0xE2, 0xF7, 0x89, 0x3C, 0xFE, 0x16, 0x2C, 0xC0, 0x52, 0xF0, 0x96, 0x59, 0x11, 0x59,
    0x7E, 0x7C, 0xC4, 0x42, 0xF9, 0x41, 0x7D, 0x14, 0x1F, 0x81, 0x40, 0x7A, 0x54, 0x1E, 0x85, 0x07,
    0x14, 0x37, 0x20, 0x3B, 0xAA, 0x6E, 0x10, 0x9D, 0xD1, 0xA8, 0xDA, 0x12, 0xA5, 0xFD, 0xDF, 0xDC,
    0xA6, 0xB1, 0x85, 0x27, 0xCD, 0x9F, 0x97, 0x3D, 0x6E, 0x2E, 0x0F, 0x9C, 0xF0, 0xE4, 0x05, 0x1E,
    0x28, 0x21, 0x8F, 0xAB, 0x5D, 0x3C, 0x88, 0xC3, 0x1F, 0x49, 0xD2, 0x91, 0x64, 0x33, 0x11, 0x32,
    0xBB, 0x22, 0x41, 0x08, 0x6C, 0xD9, 0x39, 0x2B, 0xBE, 0x9B, 0x89, 0xC1, 0xD9, 0x30, 0xFB, 0x26,
    0xD4, 0x68, 0x3E, 0x98, 0xE7, 0x61, 0xB7, 0x6C, 0x1D, 0x04, 0x17, 0xA6, 0x1B, 0xD1, 0xA4, 0xED,
    0xCD, 0x28, 0x02, 0x88, 0x5E, 0x33, 0xF0, 0xD7, 0x4B, 0x07, 0xDE, 0x1A, 0xCF, 0x42, 0x9B, 0x2F,
    0xBD, 0xB4, 0x35, 0x04, 0xCC, 0xD8, 0xA0, 0xDF, 0x07, 0xD2, 0x17, 0x45, 0x9E, 0x48, 0x64, 0xE1,
    0x90, 0x78, 0xFD, 0x48, 0xC1, 0xD7, 0xAA, 0x3E, 0x5F, 0x88, 0xEE, 0x6C, 0x8B, 0x24, 0xB4, 0x21,
    0xBA, 0xE5, 0x41, 0x25, 0xB4, 0x8C, 0xB8, 0x90, 0xFB, 0x8C, 0x82, 0x94, 0x61, 0xB1, 0xED, 0xA1,
    0x45, 0xF7, 0x2E, 0x27, 0x97, 0xA3, 0x8F, 0x89, 0x7C, 0x56, 0x8A, 0xDB, 0xE1, 0xB3, 0xF5, 0xA0,
    0xB9, 0x5F, 0x91, 0x8E, 0x30, 0xEF, 0x98, 0x75, 0x15, 0x46, 0xD2, 0x91, 0x16, 0x2A, 0x2A, 0x7E,
    0x6D, 0x75, 0x01, 0x84, 0x38, 0x3D, 0xD2, 0x30, 0x25, 0x75, 0xD6, 0x2E, 0xCC, 0x6C, 0x3E, 0x3F,
    0xAC, 0xBA, 0x57, 0xD2, 0xBE, 0x47, 0x7D, 0x7E, 0xFF, 0xC5, 0x04, 0x79, 0xFA, 0x31, 0x31, 0x95,
    0x1C, 0x15, 0x98, 0x9C, 0xBB, 0xAD, 0x87, 0x5C, 0x5F, 0xED, 0x02, 0xD0, 0x7F, 0x40, 0xBD, 0x7D,
    0x9F, 0xC1, 0x1E, 0x7E, 0xCA, 0x16, 0x58, 0x29, 0x12, 0x5A, 0xB7, 0x5B, 0x80, 0xAB, 0x42, 0xF6,
    0x34, 0x49, 0x70, 0xEF, 0x27, 0x2D, 0x2E, 0xEA, 0x69, 0xAD, 0x3F, 0x80, 0xD0, 0x3A, 0x36, 0x19,
    0x93, 0x08, 0x6A, 0xB4, 0xDB, 0xE7, 0xB1, 0x79, 0xB5, 0x3A, 0x11, 0xBE, 0x5A, 0x77, 0xAB, 0x27,
    0xBB, 0x04, 0x17, 0xA4, 0xF2, 0x8B, 0xCE, 0xF7, 0xFA, 0xDA, 0x03, 0x5F, 0xA7, 0xD9, 0x4F, 0xB5,
    0xA8, 0x1A, 0x12, 0xF0, 0x76, 0xE7, 0x0E, 0x7D, 0x50, 0x8F, 0x0D, 0x57, 0xC8, 0x53, 0xCB, 0x6A,
    0xF4, 0x59, 0x3E, 0x29, 0x73, 0xFA, 0x33, 0x17, 0x68, 0xC5, 0x79, 0x5A, 0x91, 0x4B, 0x27, 0x1E,
    0x3E, 0x21, 0xCE, 0xE3, 0xFC, 0x28, 0x88, 0x79, 0x13, 0x3D, 0x44, 0xDF, 0x11, 0x2C, 0x3E, 0x75,
    0xF0, 0x9D, 0x5F, 0x3B, 0x0A, 0xFD, 0x18, 0x48, 0xF3, 0x72, 0x3C, 0x64, 0x5E, 0xA2, 0xBF, 0xFD,
    0xB4, 0xF2, 0xB1, 0x14, 0x5D, 0xB9, 0x5F, 0xAB, 0x2F, 0x1A, 0x96, 0x73, 0x99, 0x1C, 0xB0, 0x4F,
    0x84, 0x00, 0xA2, 0xD6, 0xAB, 0x9A, 0xD8, 0xBB, 0xDD, 0xC4, 0xCF, 0x7D, 0x74, 0x27, 0xBE, 0xE3,
    0xB0, 0xC0, 0x6D, 0x0F, 0xCB, 0x85, 0xB8, 0x4F, 0xE2, 0xDA, 0x8A, 0xC1, 0xCF, 0x61, 0x6C, 0x8C,
    0x0A, 0xE2, 0xFE, 0xBA, 0x5C, 0x13, 0xC7, 0x26, 0xB9, 0x55, 0x0C, 0x30, 0x7E, 0x92, 0x79, 0x69,
    0xEE, 0x9E, 0xB4, 0xBA, 0xC0, 0x0D, 0x3D, 0x1A, 0xBB, 0xD2, 0xE4, 0x8D, 0x5F, 0x4E, 0xBD, 0xFB,
    0xF7, 0xA4, 0x5F, 0x86, 0x53, 0xE1, 0xFB, 0xBD, 0x7E, 0xB3, 0x5F, 0x7A, 0x2C, 0x32, 0x1D, 0xF2,
    0x20, 0xC4, 0x9B, 0x0C, 0x05, 0xDD, 0x69, 0x8F, 0x53, 0xD0, 0xEC, 0x2B, 0x0E, 0x98, 0x0D, 0x15,
    0x6B, 0xAF, 0xA8, 0x67, 0xC5, 0x9F, 0x9E, 0xA9, 0x49, 0x9D, 0x9F, 0x58, 0xCB, 0xD5, 0xB9, 0x70,
    0xDE, 0x31, 0x36, 0x1C, 0x9E, 0x58, 0xE3, 0xAD, 0x7F, 0x71, 0x15, 0x5B, 0xC0, 0x12, 0xFE, 0x53,
    0xFB, 0xAD, 0x8B, 0xD1, 0x96, 0x60, 0xDD, 0x38, 0x81, 0x7A, 0x09, 0x41, 0x46, 0x2F, 0xCB, 0x82,
    0x3E, 0x27, 0xC2, 0xDF, 0x61, 0x22, 0x31, 0xAF, 0x79, 0x1F, 0xD9, 0x60, 0x09, 0x61, 0xE3, 0x0F,
    0x36, 0x30, 0x65, 0x4C, 0xB0, 0x7A, 0x8B, 0x3E, 0xAE, 0x45, 0x5B, 0xF5, 0x8A, 0x29, 0x24, 0xBE,
    0xBC, 0x2C, 0xE6, 0x9E, 0x55, 0xAF, 0xD3, 0x42, 0x5C, 0xE9, 0x45, 0x06, 0x14, 0x5C, 0xC0, 0x5F,
    0x27, 0x19, 0xB1, 0x19, 0x1E, 0xF6, 0x50, 0x77, 0xDB, 0x80, 0x62, 0x23, 0x36, 0x27, 0x83, 0x09,
    0x9D, 0x05, 0x16, 0xE5, 0xE8, 0x73, 0x20, 0x02, 0x41, 0x43, 0xB9, 0xCB, 0xA2, 0xEA, 0x01, 0xC2,
    0xEB, 0x2E, 0xC3, 0xAA, 0xBE, 0xB1, 0x90, 0xBC, 0x06, 0x06, 0x85, 0xC5, 0x8C, 0x2A, 0xB8, 0x50,
    0x3C, 0x30, 0xA4, 0x96, 0xC9, 0xEF, 0xCF, 0xE5, 0x61, 0xDF, 0x4F, 0x2D, 0x18, 0xD8, 0x17, 0xE0,
    0xDA, 0x1B, 0x95, 0xFC, 0xA6, 0x26, 0x8C, 0x2B, 0xFB, 0xAD, 0xD2, 0x81, 0x00, 0xC2, 0x01, 0x29,
    0x90, 0x3A, 0x8C, 0x8F, 0xEF, 0x90, 0x93, 0x54, 0xCE, 0xC2, 0x6E, 0x48, 0x87, 0x94, 0x9C, 0x56,
    0xB3, 0x0E, 0xCA, 0xD8, 0x5D, 0xB1, 0xDE, 0xF9, 0x15, 0x32, 0x96, 0x4F, 0xA7, 0xFA, 0xAF, 0x6E,
    0xE8, 0xF6, 0xCE, 0xC2, 0x2A, 0x98, 0xA5, 0x7A, 0xB7, 0xA4, 0xA8, 0xE0, 0x11, 0xD4, 0x47, 0xAD,
    0xE2, 0x2D, 0x27, 0x94, 0x3C, 0x64, 0x57, 0x0E, 0x9A, 0x57, 0x4A, 0x54, 0xF4, 0x50, 0x20, 0x44,
    0x47, 0xD5, 0x5B, 0x46, 0x28, 0x7B, 0xEA, 0x53, 0xA3, 0x72, 0xFF, 0x20, 0x23, 0xF8, 0x15, 0xBF,
    0xD7, 0xF0, 0xF7, 0x53, 0xDA, 0x76, 0x9A, 0xBB, 0x89, 0xF2, 0x62, 0x11, 0x29, 0x26, 0xD2, 0x02,
    0x54, 0x68, 0x78, 0x1A, 0x01, 0x2E, 0x65, 0x05, 0xC8, 0x08, 0x8D, 0xD8, 0x94, 0x14, 0xA0, 0x53,
    0xC5, 0x0D, 0xF8, 0x4E, 0x63, 0x61, 0x43, 0x40, 0xBF, 0x63, 0x6C, 0x3C, 0x41, 0x64, 0x4C, 0x73,
    0x2F, 0x1D, 0xDC, 0x44, 0x4E, 0x64, 0xFB, 0x25, 0xD4, 0xAB, 0xCC, 0x3D, 0x95, 0x31, 0x40, 0x83,
    0x52, 0x82, 0x15, 0xD9, 0x89, 0xD8, 0x9E, 0x51, 0x00, 0x90, 0x15, 0x54, 0x05, 0x51, 0xC1, 0x7A,
    0x48, 0x0A, 0x8A, 0xA2, 0xA0, 0x60, 0x3A, 0xE5, 0x84, 0xFF, 0x54, 0x4C, 0xF4, 0x85, 0x84, 0x0C,
    0x94, 0xB2, 0xDA, 0xEC, 0x98, 0xFE, 0xB2, 0x54, 0x69, 0x9B, 0x39, 0xF3, 0xB5, 0x25, 0x05, 0x94,
    0xE8, 0x46, 0xE1, 0x13, 0x4D, 0xA0, 0x2F, 0x43, 0x09, 0x78, 0x08, 0x34, 0xB5, 0x34, 0xF0, 0xE1,
    0x80, 0x73, 0x4C, 0x63, 0xB0, 0x87, 0x73, 0x43, 0xA7, 0x8F, 0x8C, 0x55, 0x49, 0x7E, 0x4D, 0x99,
    0xF0, 0x14, 0x66, 0x01, 0x08, 0x12, 0xE0, 0x3C, 0x3D, 0xE5, 0xD3, 0xCE, 0xEF, 0xF0, 0xFA, 0x27,
    0x0B, 0x0C, 0x09, 0x61, 0xE2, 0x30, 0x9D, 0x44, 0x85, 0x99, 0xBA, 0x97, 0xF3, 0x47, 0x1B, 0x94,
    0xC1, 0x80, 0xB0, 0xC2, 0xDC, 0x9D, 0xE6, 0x71, 0x8D, 0xCB, 0x6C, 0x5F, 0xAF, 0xF7, 0xA5, 0xD9,
    0xB8, 0x54, 0xA3, 0xAB, 0xF7, 0xF4, 0x09, 0x73, 0x6C, 0xA0, 0xA7, 0xE0, 0x9B, 0xD1, 0x00, 0x3D,
    0x15, 0xDA, 0x14, 0x31, 0xA7, 0xF9, 0x01, 0x36, 0x39, 0x83, 0xEF, 0x11, 0x64, 0x93, 0xC4, 0x9D,
    0x0E, 0x49, 0x59, 0xE3, 0x7D, 0x42, 0xC0, 0x6F, 0x56, 0x0E, 0x96, 0x6B, 0x79, 0x6B, 0x9C, 0x80,
    0xB2, 0xE0, 0x3F, 0x82, 0xA4, 0xDC, 0x53, 0xCD, 0x9F, 0x2B, 0x24, 0x4C, 0xD3, 0x01, 0x90, 0xBB,
    0xDD, 0x29, 0xD8, 0x8B, 0xD4, 0xEF, 0xF2, 0x1E, 0x98, 0x11, 0xE6, 0x1C, 0x32, 0x01, 0xDD, 0x99,
    0xC2, 0x88, 0xA0, 0xC2, 0xA7, 0x88, 0xB3, 0x49, 0x6F, 0x38, 0x07, 0xC5, 0x8C, 0x33, 0xCC, 0x44,
    0x1D, 0x32, 0xA6, 0x81, 0xEF, 0xB1, 0xB2, 0x5F, 0x9F, 0x43, 0xF5, 0xA5, 0x1C, 0x35, 0xA5, 0x6A,
    0xFE, 0x5F, 0x15, 0x8D, 0xB0, 0xB1, 0x52, 0x93, 0xA8, 0xDA, 0xAB, 0x57, 0x4C, 0x79, 0x2D, 0xCA,
    0x57, 0xE3, 0x6C, 0x15, 0xF5, 0x38, 0x45, 0x89, 0x76, 0xDB, 0xD8, 0xAB, 0x23, 0x53, 0x20, 0x5D,
    0xAF, 0x13, 0x95, 0x6F, 0xA8, 0x74, 0xA6, 0x1E, 0xD7, 0x38, 0x20, 0x43, 0x4E, 0xE3, 0x33, 0xA2,
    0x9E, 0x29, 0x14, 0xA4, 0x21, 0xCD, 0x17, 0x01, 0xE7, 0x2A, 0x10, 0x94, 0xC2, 0xCF, 0x4E, 0xCB,
    0xE9, 0xBA, 0x56, 0x9B, 0xF1, 0xF8, 0x09, 0x1C, 0xE6, 0xB5, 0x31, 0x9B, 0x09, 0xB8, 0xB5, 0x07,
    0x76, 0xBF, 0x81, 0xF6, 0xE3, 0xDC, 0xE4, 0xB8, 0x38, 0xBC, 0x35, 0x81, 0x28, 0x99, 0x1B, 0xAC,
    0x10, 0x60, 0x01, 0x90, 0xAD, 0x32, 0xD8, 0x9D, 0xFA, 0xAB, 0x9B, 0xBD, 0x5E, 0x44, 0x6A, 0xEE,
    0x29, 0x2C, 0x8E, 0x5D, 0xD1, 0x91, 0xF5, 0x44, 0xAB, 0x3E, 0xA1, 0xD1, 0x12, 0xDD, 0x01, 0xFF,
    0x86, 0xE2, 0x50, 0x7F, 0x53, 0x58, 0x29, 0x3F, 0xFB, 0x15, 0x89, 0x4F, 0x13, 0x75, 0x39, 0x75,
    0x38, 0xA1, 0x2A, 0xE0, 0x61, 0xF0, 0xD0, 0x89, 0x7A, 0x5D, 0xAD, 0x97, 0x28, 0x23, 0x99, 0x2D,
    0x05, 0xA2, 0x8E, 0x1F, 0x00, 0x38, 0x43, 0xEF, 0x88, 0xC4, 0xAB, 0xAD, 0x36, 0x6B, 0x19, 0xAB,
    0x88, 0xF9, 0x39, 0x27, 0x95, 0x71, 0x04, 0x63, 0xF3, 0x36, 0x81, 0x95, 0xF1, 0xB3, 0xD4, 0xF7,
    0x35, 0xD8, 0x40, 0x6F, 0x64, 0xAB, 0x76, 0x28, 0x05, 0x34, 0xF1, 0x75, 0x2F, 0x81, 0x2A, 0xAF,
    0xA6, 0x5C, 0x7B, 0x34, 0x5E, 0x01, 0x86, 0xB6, 0x92, 0x64, 0x8C, 0x99, 0x64, 0x23, 0x40, 0x3A,
    0x61, 0x82, 0x53, 0x44, 0x07, 0xE3, 0xE3, 0x04, 0x8B, 0x4C, 0x38, 0x3A, 0xB7, 0x0A, 0x0D, 0x20,
    0xC3, 0xF7, 0x94, 0x8E, 0x0A, 0x8F, 0x54, 0x5C, 0x04, 0x8B, 0x6C, 0xE9, 0xB5, 0x50, 0x55, 0x58,
    0x2A, 0xA8, 0x98, 0x7E, 0x48, 0x7F, 0xC4, 0xF6, 0x84, 0x75, 0x8A, 0x88, 0x7C, 0x78, 0xAC, 0xB1,
    0xFB, 0x16, 0x28, 0x25, 0xC0, 0x62, 0xEC, 0x0C, 0x37, 0xA3, 0x30, 0xA6, 0x91, 0x74, 0x41, 0x31,
    0x71, 0x1B, 0x20, 0x40, 0xEA, 0x7A, 0xAD, 0x0A, 0x6F, 0xB1, 0xF5, 0xF6, 0xEA, 0xE0, 0x46, 0xCD,
    0xAC, 0x36, 0xF8, 0x64, 0x6E, 0xAD, 0x9C, 0x30, 0x76, 0xFC, 0x92, 0xE5, 0x84, 0x59, 0x31, 0x58,
    0x2F, 0x27, 0xBC, 0xC4, 0x65, 0xAA, 0x54, 0x51, 0x29, 0x3D, 0xAA, 0x2A, 0x44, 0x81, 0x5F, 0xA9,
    0xAC, 0x2C, 0x3B, 0xD4, 0x55, 0xAE, 0x14, 0xA9, 0xB0, 0x2C, 0x39, 0x54, 0x16, 0x19, 0x4A, 0x33,
    0x95, 0x96, 0xE5, 0x46, 0xB5, 0x25, 0x93, 0x4E, 0xD6, 0xB2, 0xBE, 0x3A, 0x9F, 0xBE, 0xDB, 0x4E,
    0x6D, 0x1D, 0x06, 0x45, 0x4F, 0xE1, 0x46, 0x8C, 0x93, 0x77, 0xC1, 0x5F, 0x35, 0x6E, 0x1B, 0x24,
    0x74, 0x3A, 0xE2, 0xE0, 0xDD, 0x4A, 0x09, 0x42, 0xEF, 0x9A, 0x79, 0x94, 0x2C, 0xF7, 0x79, 0xC8,
    0x4F, 0xC8, 0x1D, 0x04, 0x8C, 0x17, 0xB2, 0x12, 0x27, 0x96, 0x9E, 0xA1, 0x8D, 0x49, 0xD8, 0x3D,
    0x10, 0xD6, 0x25, 0x6A, 0xEF, 0x97, 0xC4, 0xC7, 0xF8, 0x7B, 0xE3, 0xE0, 0x26, 0xD2, 0x83, 0x4A,
    0x80, 0xAE, 0xA3, 0x91, 0x47, 0x8E, 0xA8, 0x4A, 0x60, 0xA2, 0x7C, 0x96, 0xCB, 0xA1, 0x1D, 0x8A,
    0x15, 0x04, 0x41, 0x66, 0x00, 0x41, 0x91, 0x81, 0x21, 0x4A, 0x0C, 0x08, 0x28, 0x30, 0x50, 0x44,
    0x79, 0xD1, 0xFC, 0x6D, 0x6B, 0x1B, 0x71, 0x61, 0xCD, 0x9E, 0xB6, 0xDA, 0x10, 0x31, 0x5B, 0x96,
    0x9E, 0x86, 0xC9, 0x25, 0x2E, 0x64, 0x7E, 0x51, 0x9E, 0x0E, 0x06, 0xB6, 0xDC, 0xBE, 0x40, 0xEC,
    0x7B, 0x4D, 0xF4, 0x0C, 0x00, 0x60, 0x41, 0x04, 0x7F, 0x98, 0xA7, 0xA7, 0x60, 0x3F, 0xBC, 0x82,
    0xE8, 0x47, 0xE3, 0xCE, 0xD5, 0x76, 0xE8, 0x66, 0x07, 0xB7, 0x19, 0xAE, 0xEA, 0x8D, 0x21, 0x97,
    0x34, 0xD7, 0x49, 0x64, 0x52, 0x0F, 0xA3, 0xF6, 0xB6, 0x24, 0x24, 0x03, 0x7D, 0x02, 0x38, 0xAD,
    0x28, 0x05, 0x8A, 0x47, 0x39, 0x60, 0x3C, 0xA7, 0x4C, 0x04, 0x61, 0x61, 0xA5, 0x45, 0x16, 0xE8,
    0xCB, 0x9E, 0xD2, 0x4A, 0x33, 0xC5, 0xA4, 0x3C, 0x28, 0x28, 0x4B, 0x84, 0x8D, 0x7D, 0x65, 0x62,
    0x54, 0x80, 0x68, 0x21, 0x61, 0x12, 0x0A, 0x71, 0xA6, 0xAC, 0x15, 0xDD, 0x6C, 0x88, 0x8B, 0x90,
    0x45, 0x56, 0x24, 0xBE, 0xD4, 0x90, 0x09, 0x03, 0x36, 0x81, 0xC4, 0x69, 0xFD, 0x9A, 0x54, 0x18,
    0x78, 0x0B, 0x58, 0xD0, 0xD3, 0x8F, 0x63, 0x1C, 0xDB, 0x50, 0xF1, 0x4A, 0xF2, 0xFB, 0xB4, 0x6C,
    0x31, 0x00, 0x76, 0x5A, 0x24, 0xAA, 0x9C, 0x13, 0x27, 0xFF, 0xA6, 0x00, 0xB4, 0x70, 0x88, 0x96,
    0x4D, 0xAF, 0x38, 0x4D, 0x91, 0xCE, 0x53, 0xAE, 0x68, 0x83, 0x9D, 0xD3, 0x7E, 0x8E, 0xD5, 0x90,
    0x87, 0x27, 0xBF, 0xED, 0x45, 0x8B, 0x07, 0xF2, 0x2C, 0x80, 0x68, 0x16, 0x66, 0xD4, 0xE6, 0x5A,
    0x3E, 0x2C, 0x00, 0x4D, 0xC2, 0x1D, 0x4B, 0xB1, 0x16, 0x10, 0x5C, 0xAB, 0xE9, 0x18, 0x39, 0x78,
    0x55, 0x5B, 0x79, 0x96, 0x10, 0x67, 0xBA, 0xAF, 0x19, 0x53, 0xF0, 0xB6, 0x31, 0x15, 0x72, 0x3C,
    0xDB, 0xC7, 0xCC, 0xFC, 0x02, 0xEA, 0xC8, 0x37, 0x45, 0xE1, 0x5F, 0xE4, 0x56, 0x72, 0x77, 0x2B,
    0x11, 0xEF, 0xD9, 0x72, 0x0B, 0x69, 0xF0, 0x30, 0xB9, 0xC5, 0xEF, 0x88, 0xF3, 0xE1, 0x5D, 0xD9,
    0x65, 0x2E, 0x68, 0xEF, 0x35, 0xE3, 0xE7, 0x01, 0x06, 0x71, 0xA4, 0x5B, 0x53, 0xAE, 0x0A, 0xF2,
    0x2D, 0x33, 0x12, 0x12, 0x6E, 0x86, 0x70, 0x76, 0x90, 0x71, 0x99, 0x8F, 0x98, 0x72, 0x19, 0xCF,
    0x63, 0x1D, 0x52, 0x10, 0x36, 0xBA, 0x6A, 0xB6, 0x4A, 0x4B, 0x08, 0x27, 0x24, 0x58, 0xE4, 0xD7,
    0x6A, 0x53, 0xF2, 0xAB, 0x33, 0x4E, 0x71, 0x43, 0xC7, 0x68, 0x92, 0xB5, 0xCA, 0x44, 0x2B, 0xF0,
    0x31, 0x59, 0x82, 0xE7, 0x72, 0x26, 0xD6, 0x2E, 0x28, 0x99, 0x57, 0x59, 0xF7, 0x90, 0x56, 0x7D,
    0x64, 0x15, 0x66, 0x55, 0x16, 0x3D, 0x26, 0x55, 0x8E, 0x59, 0x73, 0x76, 0xD7, 0x99, 0xBB, 0x19,
    0xC3, 0xE6, 0x9B, 0xFD, 0x99, 0x20, 0x17, 0xB1, 0xDF, 0xF0, 0x98, 0x46, 0xA5, 0xA0, 0x69, 0x0B,
    0x7C, 0xDE, 0x21, 0x9A, 0xB4, 0x5B, 0x5B, 0x46, 0x6D, 0x1A, 0x73, 0xFB, 0x35, 0xAC, 0x3B, 0x6A,
    0xB7, 0x91, 0x23, 0x7E, 0x8D, 0x1B, 0x7D, 0xB6, 0x18, 0x3E, 0x92, 0x66, 0x89, 0x42, 0x1D, 0xE8,
    0x2B, 0x82, 0x54, 0x95, 0x3A, 0x6B, 0x67, 0x1A, 0xB1, 0x83, 0x83, 0x6D, 0x7D, 0xC7, 0x79, 0x1B,
    0x82, 0x8A, 0x93, 0x3E, 0x6F, 0x77, 0x4F, 0xFC, 0xEA, 0xD1, 0x3A, 0xCE, 0xC2, 0xBC, 0x95, 0x55,
    0xB8, 0x9D, 0x7F, 0xBE, 0x3D, 0x9D, 0x9D, 0x3C, 0xF9, 0xE9, 0x33, 0xFD, 0xCD, 0xC6, 0x6F, 0x52,
    0xB4, 0xA1, 0x89, 0x35, 0x3C, 0xD1, 0xED, 0xDB, 0xC1, 0x70, 0x8D, 0x07, 0xBA, 0xCB, 0x9E, 0xB0,
    0x1D, 0xE4, 0xF2, 0x00, 0x29, 0xEA, 0xD0, 0x64, 0x31, 0x17, 0xB2, 0x99, 0xC2, 0x90, 0x8A, 0x5B,
    0xF7, 0xD3, 0xDC, 0x9D, 0xDA, 0xA2, 0x26, 0xEC, 0x48, 0x73, 0x92, 0x73, 0x65, 0xF8, 0x3A, 0xC3,
    0x24, 0xC2, 0x66, 0x55, 0xDB, 0x55, 0xAA, 0xCF, 0x41, 0x2D, 0x49, 0x9C, 0x12, 0x93, 0x01, 0xFA,
    0x0E, 0x90, 0x5C, 0x71, 0x36, 0x29, 0x86, 0x99, 0x55, 0xF7, 0x4B, 0xA9, 0xC1, 0x9D, 0x95, 0xDD,
    0x31, 0xBD, 0xAA, 0x5D, 0x95, 0xCE, 0x4D, 0x27, 0x6B, 0xD3, 0x9A, 0xFC, 0xAF, 0x55, 0xEA, 0xC4,
    0x27, 0x1B, 0x94, 0xA2, 0x3C, 0x28, 0xC1, 0x02, 0xFF, 0x8C, 0x6E, 0x05, 0x9F, 0x4C, 0x8E, 0x45,
    0x6D, 0x9F, 0xA5, 0xAF, 0xD5, 0x32, 0x6B, 0x17, 0x32, 0x85, 0xCD, 0x4E, 0xF4, 0xD4, 0xA2, 0xAC,
    0xE8, 0x39, 0x7B, 0xBC, 0xEA, 0x22, 0xFE, 0x18, 0xD4, 0x22, 0xC7, 0xC5, 0x9A, 0x69, 0x99, 0x21,
    0xAC, 0xD7, 0xC5, 0x72, 0xA1, 0x40, 0x2C, 0x39, 0x16, 0x19, 0xD9, 0xF2, 0xC4, 0x62, 0xB1, 0xFC,
    0xF0, 0xB8, 0x5F, 0xC7, 0x83, 0x45, 0xB1, 0x70, 0x06, 0x8A, 0x1C, 0x3B, 0x45, 0x39, 0x1B, 0x36,
    0x05, 0x26, 0xC3, 0x1E, 0xB7, 0x87, 0x54, 0x25, 0xE7, 0xF5, 0xBD, 0xD7, 0x12, 0xA8, 0x0A, 0xB2,
    0xA8, 0xE8, 0x4B, 0xE0, 0x2A, 0xBC, 0x73, 0xD7, 0x5B, 0x21, 0x5B, 0xE8, 0x4B, 0x2B, 0x21, 0x34,
    0x99, 0xE2, 0x89, 0x24, 0xCC, 0x6D, 0x2F, 0xBF, 0x23, 0x44, 0xE7, 0x74, 0x78, 0xBA, 0x63, 0x37,
    0xAD, 0xEC, 0x46, 0x1C, 0x54, 0x31, 0xCB, 0x17, 0x13, 0x0F, 0x1B, 0x5F, 0x3B, 0xBE, 0xCC, 0x3B,
    0xCC, 0x58, 0x28, 0xBE, 0x05, 0x7C, 0x56, 0x85, 0xBA, 0x49, 0x87, 0xCE, 0x51, 0xF5, 0xBE, 0xA4,
    0xF8, 0x96, 0x1F, 0x0E, 0x4A, 0xEE, 0xE3, 0xF3, 0x25, 0x90, 0x5C, 0xD6, 0x7D, 0x06, 0xA0, 0xBC,
    0x0A, 0x94, 0x33, 0x0F, 0x88, 0xD2, 0x2B, 0xE8, 0x29, 0xD3, 0x67, 0xC0, 0x77, 0x68, 0xA2, 0xC8,
    0x66, 0x1E, 0x0A, 0x3E, 0xB7, 0x40, 0x80, 0xA7, 0x3F, 0x13, 0xD9, 0x3D, 0xF9, 0x61, 0xE2, 0x5C,
    0x2A, 0x97, 0x94, 0x50, 0x87, 0x66, 0x4C, 0x4D, 0x27, 0x3D, 0xEA, 0xCD, 0xF7, 0xDB, 0x30, 0x67,
    0xE8, 0xF1, 0xF5, 0x94, 0x30, 0xA1, 0x20, 0xC4, 0x3A, 0x61, 0xF4, 0x49, 0xF4, 0x97, 0x16, 0xED,
    0xCD, 0xCD, 0x46, 0xC2, 0xDB, 0x58, 0x73, 0x08, 0xC0, 0x21, 0x49, 0x3D, 0x44, 0x69, 0xEE, 0x95,
    0xB5, 0x04, 0x39, 0x1C, 0x8F, 0xC8, 0xDA, 0xF4, 0xAB, 0x03, 0xFD, 0x83, 0x61, 0x64, 0x4E, 0x64,
    0xEA, 0xF4, 0xEA, 0x71, 0xE9, 0xA0, 0x18, 0xDF, 0x9D, 0xAE, 0x6F, 0x79, 0xC0, 0xB2, 0xC2, 0x9F,
    0x62, 0x4E, 0xE0, 0x9B, 0x43, 0x2F, 0xF1, 0x2B, 0xE1, 0x0C, 0x75, 0x1C, 0x60, 0x81, 0x26, 0x7C,
    0x1B, 0x46, 0x77, 0x0B, 0xB8, 0x88, 0x76, 0x63, 0xD6, 0xB3, 0x1B, 0xD6, 0xFD, 0xA0, 0x36, 0xDD,
    0x43, 0xE1, 0xEB, 0x61, 0xE6, 0x44, 0xAF, 0x1F, 0x17, 0x65, 0x26, 0x09, 0x75, 0x97, 0x49, 0x3D,
    0x38, 0x0C, 0x02, 0x51, 0x76, 0xC2, 0xE9, 0xA5, 0xD9, 0x3D, 0xF5, 0x8A, 0xEF, 0x35, 0xC6, 0x39,
    0x55, 0x2D, 0x89, 0x79, 0xBB, 0xD0, 0x0D, 0xC2, 0x6B, 0xC7, 0xC4, 0xFD, 0x37, 0x7C, 0xFA, 0x4F,
    0xA1, 0x47, 0xB5, 0x50, 0xD5, 0x9A, 0x60, 0x97, 0x0F, 0x8B, 0xFF, 0x41, 0xAE, 0xDB, 0x34, 0xDF,
    0x4D, 0x36, 0xCB, 0xDC, 0xB3, 0x83, 0xC9, 0xFA, 0xB5, 0x0E, 0xEB, 0xF6, 0xFD, 0x88, 0x57, 0x86,
    0x95, 0xC9, 0x3E, 0x2C, 0xE6, 0xDD, 0x28, 0xAB, 0xE6, 0x52, 0xC4, 0x53, 0xCB, 0x7D, 0x33, 0x04,
    0xCE, 0x7B, 0x18, 0x3E, 0x7E, 0x25, 0xF2, 0x4A, 0xA1, 0x6B, 0xB3, 0x59, 0x36, 0xDA, 0x5F, 0xEE,
    0x70, 0xAF, 0x67, 0x17, 0x96, 0xC2, 0xEB, 0xC8, 0xF4, 0xCE, 0x1B, 0xDA, 0x6D, 0xBE, 0x3C, 0x4E,
    0xFD, 0x7C, 0xD5, 0xAB, 0xA5, 0x6A, 0x18, 0x9F, 0x26, 0x53, 0x49, 0x6F, 0x81, 0xBB, 0x02, 0x80,
    0x8F, 0x81, 0xFE, 0x3D, 0x30, 0xCA, 0x43, 0xAF, 0x82, 0xE1, 0xD6, 0x69, 0x31, 0x3E, 0x99, 0xBF,
    0xF3, 0x22, 0x3C, 0xC0, 0x6F, 0xC6, 0xFC, 0xCC, 0xBB, 0xBB, 0xA1, 0x9A, 0xEA, 0x3B, 0x61, 0xBE,
    0xEF, 0x8D, 0xF5, 0x3D, 0x3E, 0x5A, 0x12, 0x35, 0xC5, 0x5D, 0xB1, 0xDC, 0x1E, 0xB1, 0x2E, 0xFF,
    0x96, 0xBC, 0xEE, 0x94, 0x67, 0xED, 0xF6, 0xF7, 0x9E, 0x28, 0xDB, 0x2C, 0xD9, 0x2C, 0x1E, 0x14,
    0xFF, 0x6E, 0x2E, 0x3F, 0x80, 0x4B, 0xAE, 0x97, 0x63, 0x78, 0xA2, 0x2F, 0xCB, 0xD2, 0xFC, 0x84,
    0x97, 0x26, 0xF5, 0x23, 0xAB, 0x5E, 0xFE, 0x7C, 0x1B, 0xC2, 0xD9, 0x6F, 0xE9, 0xFF, 0xE4, 0x10,
    0xFD, 0x18, 0x00, 0xE0, 0xAB, 0xCF, 0x12, 0xF5, 0x85, 0x19, 0xDE, 0x77, 0x54, 0x72, 0x30, 0x10,
    0xE7, 0x6E, 0xA5, 0x5B, 0xAC, 0xDB, 0x11, 0x01, 0xFF, 0x05, 0x6D, 0x90, 0x31, 0x6F, 0xD4, 0x30,
    0x18, 0x86, 0x5F, 0xDB, 0x80, 0xA1, 0x21, 0xF6, 0x8E, 0xA0, 0xE9, 0x8C, 0xD4, 0x64, 0xE9, 0xC0,
    0x90, 0x3B, 0xE7, 0xC4, 0xC0, 0x1F, 0xA0, 0x3B, 0x23, 0x82, 0x95, 0x81, 0xE1, 0xA4, 0x8B, 0xC4,
    0xC8, 0x40, 0xFF, 0x01, 0x0C, 0x27, 0x66, 0x86, 0x0E, 0x0C, 0xD1, 0xD5, 0xE8, 0x06, 0x06, 0x06,
    0xBC, 0x20, 0x31, 0x7A, 0xE0, 0x07, 0xB8, 0x55, 0x86, 0x93, 0xC8, 0xC5, 0x7C, 0xBE, 0x4A, 0x14,
    0xA4, 0x7E, 0xB6, 0xF5, 0xBE, 0xFA, 0x64, 0x3F, 0xB6, 0xDF, 0x17, 0x1F, 0xE3, 0x8F, 0x63, 0xDC,
    0x3C, 0x7E, 0x6A, 0xE2, 0x00, 0x90, 0x49, 0x6E, 0x67, 0xA9, 0xB8, 0xAB, 0x85, 0x2D, 0x31, 0x8A,
    0x21, 0xB3, 0x40, 0x61, 0x23, 0x1B, 0x58, 0xD0, 0xCC, 0xE7, 0xE0, 0xBE, 0xB2, 0x67, 0xE8, 0xB8,
    0x3B, 0x14, 0xED, 0xE5, 0xDE, 0xD3, 0x7D, 0x61, 0x4F, 0x35, 0xB7, 0xA5, 0xB4, 0xE6, 0x6D, 0x30,
    0xDF, 0xFA, 0x4A, 0x38, 0x6A, 0xCB, 0xB0, 0xD5, 0xE7, 0xA3, 0x0C, 0x2B, 0x16, 0x88, 0xF5, 0x6A,
    0x9F, 0xBB, 0xA3, 0x3B, 0x74, 0xFA, 0x75, 0x76, 0x3E, 0xD2, 0xE4, 0x61, 0x42, 0x77, 0x64, 0x33,
    0xFF, 0x28, 0x6B, 0x12, 0xC4, 0x33, 0xF7, 0xF0, 0xA7, 0x19, 0x44, 0x93, 0x41, 0x43, 0xE1, 0x2E,
    0x6E, 0x00, 0x35, 0x99, 0x97, 0x4B, 0x33, 0xC0, 0xE3, 0x88, 0x47, 0xF7, 0xFE, 0x99, 0x68, 0xD9,
    0x09, 0xA4, 0x2F, 0x06, 0x33, 0xD2, 0xD8, 0x16, 0x03, 0x3F, 0x29, 0xE9, 0x21, 0xD5, 0x7A, 0x30,
    0xDF, 0x43, 0xD4, 0x17, 0x7D, 0xF5, 0xB8, 0xC7, 0xBF, 0xB5, 0x70, 0xB8, 0x4F, 0x32, 0xAF, 0x77,
    0x32, 0xD1, 0xCD, 0x03, 0x12, 0x7A, 0x5E, 0x12, 0x3D, 0x0B, 0x49, 0xA4, 0xED, 0x72, 0x12, 0x16,
    0x26, 0x49, 0x30, 0x9F, 0xEE, 0x44, 0xAF, 0x72, 0x39, 0xE0, 0xAC, 0x7D, 0x9E, 0x67, 0x5F, 0x6D,
    0xDF, 0x43, 0xC9, 0x2F, 0x61, 0x33, 0x85, 0x12, 0x7E, 0x3E, 0xD7, 0xAD, 0x62, 0xA1, 0x9A, 0x0A,
    0xA7, 0xD0, 0xE9, 0x77, 0xB3, 0xA0, 0x50, 0xCA, 0xB5, 0xDD, 0x28, 0x64, 0x6F, 0x5C, 0xE8, 0x14,
    0xF0, 0xDB, 0x95, 0x1D, 0x31, 0xF6, 0x5A, 0xB6, 0x4C, 0x28, 0xB7, 0x10, 0x41, 0x37, 0x9F, 0x85,
    0xBD, 0x9D, 0xC8, 0xA2, 0xDF, 0xCA, 0x8B, 0x8D, 0x5E, 0x07, 0xFD, 0xC4, 0x96, 0x59, 0x53, 0x2B,
    0x1C, 0x50, 0xFF, 0x16, 0x0E, 0xD1, 0x4B, 0x8A, 0x76, 0x01, 0x83, 0x02, 0x59, 0x43, 0xE1, 0xA6,
    0xE1, 0x10, 0xD0, 0x61, 0x05, 0xCA, 0x5F, 0x78, 0xDD, 0xD4, 0x38, 0xB8, 0xFA, 0x5C, 0x0A, 0x39,
    0xFF, 0xCF, 0x78, 0x5A, 0xEA, 0x7A, 0xF3, 0x81, 0x56, 0x96, 0xCC, 0xA7, 0x6B, 0xCD, 0xDF, 0x62,
    0xAE, 0x68, 0x91, 0xB3, 0x68, 0xE1, 0x74, 0x6C, 0x73, 0x98, 0x91, 0xF0, 0xB1, 0xCF, 0x41, 0x2D,
    0x82, 0x2D, 0xAF, 0xA8, 0xFC, 0x17, 0x19, 0x43, 0xD1, 0xF0, 0x18, 0xE0, 0x75, 0xB4, 0x7B, 0xA8,
    0x46, 0x82, 0x99, 0x40, 0xD4, 0x7B, 0x97, 0xD4, 0x3F, 0x63, 0x60, 0x60, 0x90, 0xFF, 0xC2, 0x7D,
    0xF8, 0xE0, 0x07, 0x1B, 0x3B, 0xE6, 0xC3, 0x17, 0xF6, 0xD4, 0xF0, 0xB7, 0x1F, 0xFC, 0x50, 0x63,
    0xC7, 0xFC, 0xBE, 0x81, 0xAB, 0x81, 0x01, 0x04, 0xF4, 0x19, 0x98, 0xFE, 0x30, 0x68, 0x3F, 0x60,
    0x9A, 0xCF, 0xA0, 0xB1, 0x87, 0xE9, 0xFF, 0x7F, 0xFE, 0xFF, 0x5F, 0x18, 0x6A, 0x18, 0x98, 0x3F,
    0x30, 0x88, 0x06, 0x30, 0x00, 0x00, 0x55, 0x54, 0x41, 0x68, 0x1D, 0x45, 0x18, 0xFE, 0x76, 0xD7,
    0xB8, 0xDA, 0x4D, 0x9D, 0x8B, 0xE0, 0xC1, 0x47, 0x17, 0x6F, 0x39, 0x88, 0x1B, 0x21, 0x42, 0x0F,
    0x6D, 0x66, 0x30, 0x07, 0x41, 0x2B, 0xE6, 0xD0, 0x50, 0xC1, 0x83, 0x3D, 0x0B, 0xD2, 0x22, 0x08,
    0x0A, 0xA9, 0xBB, 0x4D, 0xAF, 0x86, 0xA6, 0x07, 0x6F, 0x95, 0x04, 0x7A, 0x2E, 0x8A, 0xF4, 0x90,
    0x4B, 0xD8, 0x89, 0xEF, 0x50, 0x10, 0x0F, 0x0B, 0x35, 0x78, 0x50, 0x71, 0x51, 0xA1, 0x90, 0x5E,
    0x86, 0xF6, 0x15, 0x37, 0xBA, 0xBB, 0xE3, 0xF7, 0xEF, 0x7B, 0xC1, 0x76, 0xDF, 0x9B, 0xD9, 0x99,
    0xF9, 0xE7, 0xFF, 0xE7, 0xFB, 0xFE, 0xFF, 0x9B, 0x05, 0x70, 0x15, 0xC0, 0x27, 0x05, 0xF0, 0xB9,
    0x45, 0xEC, 0x1D, 0xD4, 0x6F, 0x3D, 0xD4, 0x0F, 0xBA, 0x50, 0xE3, 0x79, 0x24, 0x7F, 0x6C, 0x22,
    0x72, 0x77, 0x11, 0x36, 0xB7, 0x0C, 0xBA, 0xD7, 0x2D, 0xF4, 0x42, 0x85, 0xF4, 0xC7, 0xCB, 0x48,
    0x0E, 0x97, 0x10, 0xFA, 0x11, 0x50, 0x6E, 0x02, 0xE9, 0xFD, 0xD0, 0x44, 0xFE, 0x81, 0x85, 0xF7,
    0x05, 0xB4, 0x37, 0x18, 0xDD, 0x01, 0x4E, 0x2E, 0x02, 0xC1, 0x33, 0x98, 0x3E, 0x17, 0x03, 0xEF,
    0x7B, 0x44, 0xDD, 0x85, 0x0A, 0xB9, 0x19, 0x21, 0x71, 0x81, 0x45, 0x8F, 0xE7, 0xA0, 0x2A, 0xD0,
    0xA1, 0x45, 0x90, 0x1F, 0x00, 0xD1, 0x04, 0x98, 0xF3, 0x5F, 0x81, 0x61, 0x1C, 0x68, 0x66, 0x60,
    0x9A, 0xC3, 0x96, 0x03, 0x4D, 0x78, 0x31, 0xCD, 0xB1, 0xAF, 0x25, 0xDC, 0x8B, 0xDC, 0xEC, 0x09,
    0xC4, 0x4F, 0xA0, 0xFF, 0x5A, 0x47, 0x5E, 0x9C, 0x44, 0x69, 0x9E, 0x67, 0xE3, 0xB2, 0xB7, 0xC3,
    0xEE, 0xAC, 0xC0, 0x89, 0xF2, 0x70, 0x68, 0x38, 0x45, 0x87, 0xD3, 0xB8, 0x8C, 0x3A, 0xAA, 0x43,
    0xDA, 0x15, 0x61, 0x6A, 0x4F, 0x98, 0x08, 0x66, 0xF0, 0xD2, 0x2E, 0x6E, 0x10, 0xF5, 0x04, 0x15,
    0xF7, 0x21, 0x1D, 0x7D, 0x04, 0xCC, 0x4B, 0xF7, 0xB1, 0xDF, 0x36, 0x84, 0xCE, 0xB3, 0x96, 0xF2,
    0x73, 0xC0, 0xA2, 0x7E, 0x9F, 0x10, 0xE8, 0x1A, 0x3C, 0xCE, 0x8F, 0x00, 0xAB, 0x1D, 0x02, 0x9B,
    0x55, 0x08, 0x4D, 0x66, 0x11, 0x21, 0xA5, 0x3F, 0xD2, 0x02, 0xB9, 0x55, 0x06, 0x4F, 0x3C, 0xB1,
    0x9C, 0x85, 0x3D, 0x92, 0xC2, 0xF2, 0x19, 0x76, 0xEA, 0x3D, 0x59, 0xBC, 0x3B, 0x26, 0xDC, 0x87,
    0x7F, 0x56, 0xE7, 0x31, 0xF9, 0xBB, 0xED, 0xB1, 0xBE, 0x7B, 0xF4, 0x9D, 0xC9, 0x9A, 0xF5, 0x33,
    0x46, 0x55, 0x99, 0x32, 0xB1, 0x55, 0x2B, 0x75, 0xE8, 0x22, 0xDB, 0xA2, 0x09, 0x5D, 0x86, 0xB3,
    0x68, 0x62, 0xCB, 0xD7, 0x2B, 0x4E, 0x15, 0xE9, 0xD7, 0x77, 0xD2, 0x49, 0xF4, 0xA8, 0x79, 0xE2,
    0x88, 0xD0, 0x6F, 0xEC, 0xB7, 0xE8, 0x22, 0xBB, 0x83, 0x36, 0xB1, 0x55, 0xD0, 0xAA, 0x7D, 0x1B,
    0x36, 0x7A, 0x6C, 0xE2, 0xCE, 0xFF, 0xB2, 0x95, 0x0A, 0x85, 0xE8, 0xE1, 0xF6, 0x97, 0x88, 0x1F,
    0xA5, 0x37, 0x91, 0x0B, 0x85, 0x0F, 0xBB, 0xFC, 0x31, 0xD4, 0x24, 0xAB, 0xA1, 0x1C, 0xD1, 0xA7,
    0x95, 0x74, 0x56, 0x1B, 0x64, 0xD0, 0xC4, 0xC9, 0xDF, 0x53, 0x4F, 0x70, 0x89, 0x49, 0x4D, 0x3A,
    0x8E, 0x12, 0xF2, 0x98, 0xCB, 0x7F, 0x92, 0xC2, 0xB1, 0x18, 0xB1, 0xB0, 0xA2, 0x6B, 0xE8, 0x69,
    0xD3, 0xDB, 0x8E, 0x55, 0xE4, 0x2C, 0x2B, 0x3A, 0x04, 0x6D, 0x44, 0x31, 0xD5, 0x9C, 0x69, 0xD3,
    0x73, 0x96, 0x38, 0x13, 0xBB, 0xDF, 0x7F, 0x65, 0xB2, 0xCB, 0x0A, 0xFA, 0x9E, 0x94, 0x35, 0x78,
    0x2A, 0x49, 0x54, 0xC8, 0xDC, 0xDA, 0xDA, 0xAA, 0x4C, 0xCE, 0x0B, 0xA3, 0x06, 0x41, 0x47, 0x05,
    0x94, 0xE4, 0xCE, 0xCC, 0x22, 0x12, 0xBE, 0x25, 0x44, 0x1E, 0x2D, 0x9E, 0xED, 0xD7, 0x86, 0x63,
    0xF1, 0x52, 0xB7, 0x26, 0xAE, 0xF5, 0x54, 0x27, 0xB2, 0x12, 0xC8, 0x40, 0xD9, 0xD4, 0xE0, 0x0B,
    0x4A, 0x26, 0x10, 0x5C, 0x12, 0x6F, 0xF6, 0xF8, 0x2E, 0x69, 0x64, 0xEF, 0x69, 0xA2, 0xB5, 0x27,
    0x44, 0x74, 0x2C, 0x38, 0x72, 0x7C, 0x4B, 0x1F, 0xF7, 0x2A, 0x37, 0xF4, 0x31, 0x43, 0x94, 0xFE,
    0x1F, 0xE0, 0x65, 0xDF, 0xEF, 0x70, 0xD7, 0x75, 0x2B, 0xDA, 0x93, 0x28, 0xA5, 0x50, 0x57, 0x75,
    0xCE, 0x61, 0x27, 0x62, 0xCD, 0x2C, 0x95, 0x16, 0xB5, 0x8C, 0x16, 0xFA, 0x49, 0x3A, 0x99, 0x9D,
    0x90, 0x11, 0x38, 0xA5, 0x4E, 0xA4, 0xC9, 0x84, 0x76, 0x2F, 0x70, 0x55, 0xCD, 0x51, 0x5A, 0x69,
    0x13, 0x96, 0x87, 0x7E, 0x6B, 0xE8, 0xA0, 0xDF, 0x24, 0xD0, 0x52, 0x72, 0xE8, 0x05, 0x9E, 0x1C,
    0x30, 0x40, 0x1F, 0x88, 0x0C, 0x64, 0x45, 0xF1, 0xC8, 0xFB, 0x69, 0xFE, 0xD9, 0x08, 0x17, 0x2F,
    0x98, 0x21, 0x33, 0xE9, 0xED, 0x16, 0x7B, 0x4B, 0xEB, 0x41, 0xB3, 0xC8, 0xFB, 0xC9, 0xEB, 0x58,
    0xEF, 0x90, 0x32, 0x0B, 0xB8, 0xCF, 0xDC, 0x6F, 0x1C, 0xAC, 0xEA, 0x95, 0x6F, 0x6A, 0xBD, 0xC2,
    0x72, 0xBE, 0xAD, 0x0B, 0xFD, 0xAE, 0x36, 0xFA, 0x5C, 0x8E, 0xEC, 0x66, 0x09, 0xD5, 0xF4, 0x83,
    0x3B, 0x3E, 0x65, 0x28, 0x92, 0xC3, 0xB1, 0x4E, 0x29, 0x7D, 0x58, 0x59, 0xCA, 0x1A, 0x5C, 0xD1,
    0xB8, 0x92, 0x15, 0x7A, 0x1E, 0xE9, 0x26, 0xD4, 0x7D, 0x44, 0xFF, 0x12, 0x61, 0x51, 0x68, 0x6B,
    0x13, 0x82, 0xE5, 0xFF, 0x0D, 0x83, 0x25, 0x60, 0x34, 0xF3, 0xE4, 0x8D, 0xEB, 0x82, 0x0B, 0x82,
    0x54, 0x70, 0xF3, 0xD3, 0x21, 0xB7, 0x37, 0xEC, 0xA6, 0x14, 0x2E, 0xF1, 0xBE, 0xB7, 0xB3, 0xB2,
    0xE5, 0x3C, 0x4B, 0x9B, 0xE9, 0x5D, 0x1E, 0x9A, 0x9D, 0xD6, 0x4B, 0x4D, 0xFE, 0x17, 0x41, 0xD9,
    0x0F, 0x36, 0xC9, 0x83, 0x72, 0xAB, 0xD4, 0x13, 0xEB, 0x57, 0x11, 0x35, 0x5F, 0x1B, 0xE6, 0xB5,
    0x6E, 0x17, 0xEF, 0xC8, 0x86, 0x6A, 0x10, 0xE2, 0x03, 0x87, 0x8B, 0xDA, 0xC6, 0x4C, 0xDC, 0x67,
    0xF1, 0xD1, 0x07, 0xDF, 0x8B, 0x7C, 0x78, 0x43, 0x8F, 0xD5, 0xC4, 0xB6, 0x40, 0x5A, 0xFC, 0x80,
    0xE4, 0x35, 0x92, 0x8F, 0x2C, 0x76, 0x7F, 0x2E, 0xE2, 0xF1, 0x29, 0x2C, 0x2F, 0xEC, 0x06, 0xEE,
    0x5E, 0xAD, 0xC6, 0xAA, 0xD8, 0x1B, 0x2D, 0x47, 0xEE, 0x46, 0x93, 0x5E, 0x4B, 0xAA, 0x6E, 0xA4,
    0xDF, 0x72, 0x3B, 0x6D, 0x76, 0x2D, 0x76, 0xDD, 0x48, 0x40, 0x4D, 0x0B, 0xC9, 0x88, 0xE9, 0x81,
    0x27, 0x2C, 0x02, 0x8A, 0x1A, 0x4A, 0x9D, 0x25, 0xB4, 0x28, 0xC9, 0x8E, 0x57, 0x68, 0x0B, 0x69,
    0x3D, 0xA3, 0x46, 0x11, 0x0E, 0x9F, 0x09, 0x11, 0x12, 0x89, 0x0F, 0x02, 0x14, 0x5B, 0x7E, 0x5C,
    0xCE, 0x52, 0xAA, 0xFB, 0x1F, 0x13, 0x0D, 0x0D, 0xFC, 0xFF, 0xFF, 0x00, 0x03, 0x12, 0xB8, 0x00,
    0xC4, 0xBC, 0x28, 0x8C, 0x07, 0x40, 0xCC, 0x87, 0x9D, 0xB1, 0x00, 0x88, 0xB9, 0x41, 0x8C, 0x0D,
    0x58, 0x19, 0x0C, 0xF2, 0x8D, 0xFF, 0xCF, 0xFF, 0xDF, 0xFF, 0xEF, 0xFF, 0x8F, 0xFF, 0x07, 0x96,
    0x80, 0x4D, 0xDF, 0xC7, 0x74, 0x60, 0xDB, 0xAF, 0x07, 0x26, 0xDC, 0x20, 0x13, 0x98, 0x7F, 0xF0,
    0x33, 0xDF, 0x7E, 0xED, 0x78, 0xC1, 0xDE, 0x01, 0x62, 0x33, 0x13, 0xD0, 0xC6, 0x2D, 0x8C, 0xA1,
    0xF5, 0x0E, 0xF6, 0xFF, 0x7F, 0x30, 0x30, 0x01, 0x55, 0x6C, 0x61, 0x60, 0xB0, 0x63, 0x60, 0xF8,
    0xFF, 0xFF, 0x01, 0xFB, 0xD7, 0x10, 0x10, 0x47, 0x17, 0xEE, 0x48, 0xB6, 0x07, 0x0C, 0x6C, 0xFF,
    0x18, 0xA4, 0xFF, 0x31, 0x70, 0xFF, 0x64, 0x60, 0xB0, 0x6F, 0x60, 0x60, 0x90, 0xFE, 0xC1, 0xC0,
    0xC0, 0xB8, 0x1F, 0x68, 0x90, 0x7C, 0x03, 0x48, 0x7A, 0xD5, 0xAA, 0x09, 0xF6, 0xFF, 0xFF, 0x83,
    0x98, 0x20, 0x13, 0x18, 0xF7, 0x03, 0x59, 0xF9, 0x40, 0xD3, 0xE5, 0x81, 0xDA, 0xFE, 0x32, 0xE8,
    0xFF, 0x64, 0xDC, 0x7F, 0x81, 0xC1, 0x0E, 0x62, 0x6B, 0xD6, 0xAA, 0x95, 0xFC, 0x40, 0x1B, 0x00,
    0x9D, 0x92, 0x2F, 0x4F, 0xC4, 0x40, 0x10, 0xC5, 0xA7, 0xED, 0x85, 0x26, 0xAC, 0x58, 0x04, 0x0E,
    0x51, 0x34, 0x82, 0x7E, 0x01, 0x60, 0x9B, 0xF0, 0x05, 0x30, 0x60, 0xF1, 0x18, 0xBE, 0x00, 0xB9,
    0x2B, 0x04, 0x4B, 0x82, 0x43, 0x80, 0x44, 0x80, 0x47, 0x60, 0xB8, 0xAE, 0xC3, 0x9E, 0xC1, 0xA0,
    0x2A, 0xB0, 0x24, 0x25, 0xB9, 0x23, 0x15, 0x6D, 0x97, 0xF7, 0xB6, 0x1C, 0x7F, 0xEC, 0xAD, 0xD8,
    0x69, 0x3B, 0xB3, 0x3B, 0xBF, 0x79, 0xAF, 0x22, 0xF3, 0xB5, 0x74, 0x97, 0xD4, 0x08, 0x43, 0x37,
    0x6B, 0x45, 0x82, 0x2A, 0xB1, 0xDB, 0x22, 0xF1, 0x44, 0xE7, 0x03, 0x11, 0x6D, 0xD3, 0x0C, 0xA9,
    0xC4, 0x1A, 0x16, 0x9A, 0x7C, 0x84, 0x5D, 0x39, 0xE7, 0x50, 0x1F, 0x14, 0xFB, 0xDD, 0x1E, 0x5E,
    0x0B, 0x69, 0x98, 0x1B, 0x07, 0x3E, 0xB4, 0x21, 0xAF, 0x92, 0x26, 0x9A, 0x62, 0x0F, 0x9A, 0xA8,
    0x42, 0x08, 0xEB, 0x98, 0x21, 0x9A, 0xAA, 0x92, 0xA1, 0x52, 0x13, 0x1F, 0xB4, 0x45, 0x88, 0x4B,
    0x9D, 0xF3, 0x4E, 0x9B, 0xF0, 0x98, 0xB6, 0x9B, 0xD8, 0xD7, 0xB5, 0xDD, 0x42, 0xA8, 0xD3, 0x09,
    0x8F, 0x15, 0x9F, 0x8E, 0x15, 0x1B, 0xD9, 0xAA, 0xFC, 0x59, 0xA1, 0x03, 0x97, 0xBA, 0x46, 0x81,
    0xCA, 0x4F, 0x88, 0x3B, 0xE0, 0x95, 0xBE, 0x27, 0xD3, 0x9D, 0x0C, 0x3C, 0xA7, 0xC8, 0xF1, 0xCB,
    0x28, 0x17, 0xC5, 0x66, 0x3D, 0x46, 0x1B, 0x01, 0xD0, 0x90, 0x39, 0xB1, 0x05, 0x4E, 0x97, 0xE6,
    0x1C, 0x64, 0xFA, 0x15, 0xCC, 0xAA, 0x43, 0x26, 0x84, 0x06, 0x49, 0xBE, 0x42, 0x24, 0x52, 0x82,
    0x38, 0x94, 0x8A, 0x0F, 0x0F, 0x64, 0xE1, 0x54, 0xCB, 0x97, 0x7F, 0x41, 0x24, 0x75, 0x28, 0x54,
    0x57, 0x38, 0x2B, 0x8F, 0xF1, 0x94, 0x28, 0x89, 0x65, 0x87, 0x31, 0x58, 0x6A, 0xCA, 0xA0, 0x4B,
    0x7C, 0x50, 0xAE, 0x46, 0xB7, 0xA5, 0x76, 0x17, 0x1F, 0x54, 0xC5, 0x8A, 0x34, 0x2F, 0xA8, 0x17,
    0x2B, 0x7A, 0x2D, 0x3C, 0x8F, 0x8C, 0xC9, 0x07, 0xA0, 0x67, 0xAA, 0x51, 0x54, 0x24, 0xEA, 0x78,
    0x53, 0x90, 0x7D, 0x23, 0xC9, 0x8E, 0x7C, 0x33, 0xC9, 0x8E, 0xCA, 0xE6, 0x50, 0x72, 0x2F, 0xFF,
    0xD7, 0x02, 0xA6, 0xBA, 0xD6, 0x9B, 0x7A, 0xD0, 0x78, 0x53, 0xC9, 0x01, 0x53, 0xC9, 0xD7, 0xF6,
    0xD2, 0xE1, 0x59, 0x97, 0xDE, 0x54, 0x3D, 0xF1, 0x6A, 0x62, 0x0C, 0x9A, 0x6A, 0x6E, 0xBC, 0xA9,
    0xA6, 0xF2, 0x83, 0x40, 0x6E, 0x9A, 0xBA, 0xBA, 0x80, 0xA9, 0x58, 0x47, 0xA7, 0xEE, 0xBD, 0xC7,
    0x2E, 0x28, 0x49, 0xE0, 0x31, 0xC8, 0x6D, 0x80, 0xDC, 0x84, 0x53, 0x72, 0x10, 0x1C, 0x52, 0x45,
    0x20, 0x00, 0x08, 0xC9, 0x3F, 0x80, 0xBC, 0x36, 0x3B, 0x7C, 0x4B, 0x6D, 0x8F, 0x4E, 0x91, 0xCB,
    0x7E, 0x3E, 0xB0, 0xAB, 0x8A, 0x10, 0x26, 0xEB, 0xFA, 0x3F, 0x52, 0x7B, 0xF1, 0x47, 0x61, 0xB3,
    0x02, 0xFA, 0xB8, 0x34, 0x17, 0x74, 0xEB, 0x29, 0xC2, 0x0F, 0xE5, 0xF1, 0x91, 0x1D, 0x4A, 0x2D,
    0xD9, 0x0F, 0x3F, 0xDA, 0x96, 0xBF, 0x03, 0xE8, 0xB3, 0x56, 0xCB, 0xEF, 0x04, 0xE1, 0x2D, 0x8D,
    0x11, 0xF9, 0x02,
};

static const EpdGlyph newsreader_12_2_bolditalicGlyphs[] = {
    { 0, 0, 5, 0, 0, 0, 0 }, // U+0020
    { 9, 19, 7, 0, 18, 43, 0 }, // !
    { 10, 8, 10, 3, 18, 20, 43 }, // "
    { 16, 18, 16, 1, 18, 72, 63 }, // #
    { 15, 23, 16, 1, 20, 87, 135 }, // $
    { 20, 19, 22, 2, 18, 95, 222 }, // %
    { 19, 19, 18, 0, 18, 91, 317 }, // &
    { 5, 8, 5, 3, 18, 10, 408 }, // '
    { 11, 23, 7, 0, 19, 64, 418 }, // (
    { 10, 23, 7, -2, 19, 58, 482 }, // )
    { 9, 10, 11, 3, 18, 23, 540 }, // *
    { 11, 11, 13, 1, 11, 31, 563 }, // +
    { 7, 9, 6, -2, 4, 16, 594 }, // ,
    { 7, 3, 9, 1, 7, 6, 610 }, // -
    { 5, 5, 6, 0, 4, 7, 616 }, // .
    { 14, 18, 10, -1, 18, 63, 623 }, // /
    { 15, 19, 16, 1, 18, 72, 686 }, // 0
    { 14, 18, 16, 1, 18, 63, 758 }, // 1
    { 15, 19, 16, 0, 18, 72, 821 }, // 2
    { 15, 19, 16, 0, 18, 72, 893 }, // 3
    { 16, 18, 16, 0, 18, 72, 965 }, // 4
    { 16, 19, 16, 1, 18, 76, 1037 }, // 5
    { 15, 19, 16, 2, 18, 72, 1113 }, // 6
    { 15, 18, 17, 3, 18, 68, 1185 }, // 7
    { 15, 19, 16, 1, 18, 72, 1253 }, // 8
    { 15, 19, 16, 1, 18, 72, 1325 }, // 9
    { 7, 13, 7, 0, 12, 23, 1397 }, // :
    { 9, 17, 7, -2, 12, 39, 1420 }, // ;
    { 14, 13, 13, 0, 12, 46, 1459 }, // <
    { 13, 7, 13, 0, 9, 23, 1505 }, // =
    { 15, 13, 13, -2, 12, 49, 1528 }, // >
    { 11, 19, 12, 2, 18, 53, 1577 }, // ?
    { 23, 22, 23, 1, 18, 127, 1630 }, // @
    { 20, 18, 18, -2, 18, 90, 1757 }, // A
    { 19, 18, 17, -1, 18, 86, 1847 }, // B
    { 18, 19, 17, 1, 18, 86, 1933 }, // C
    { 21, 18, 19, -1, 18, 95, 2019 }, // D
    { 19, 19, 16, -1, 18, 91, 2114 }, // E
    { 19, 18, 15, -1, 18, 86, 2205 }, // F
    { 19, 19, 19, 1, 18, 91, 2291 }, // G
    { 24, 18, 20, -1, 18, 108, 2382 }, // H
    { 13, 18, 9, -1, 18, 59, 2490 }, // I
    { 17, 19, 11, -2, 18, 81, 2549 }, // J
    { 23, 18, 19, -1, 18, 104, 2630 }, // K
    { 17, 20, 15, -1, 18, 85, 2734 }, // L
    { 29, 19, 25, -2, 18, 138, 2819 }, // M
    { 23, 19, 18, -1, 18, 110, 2957 }, // N
    { 19, 19, 19, 1, 18, 91, 3067 }, // O
    { 19, 18, 16, -1, 18, 86, 3158 }, // P
    { 19, 24, 19, 1, 18, 114, 3244 }, // Q
    { 19, 19, 17, -1, 18, 91, 3358 }, // R
    { 15, 19, 14, 0, 18, 72, 3449 }, // S
    { 18, 18, 17, 2, 18, 81, 3521 }, // T
    { 21, 19, 19, 1, 18, 100, 3602 }, // U
    { 20, 19, 18, 2, 18, 95, 3702 }, // V
    { 26, 19, 25, 3, 18, 124, 3797 }, // W
    { 23, 18, 18, -2, 18, 104, 3921 }, // X
    { 18, 18, 17, 3, 18, 81, 4025 }, // Y
    { 20, 19, 16, -1, 18, 95, 4106 }, // Z
    { 12, 22, 8, -1, 18, 66, 4201 }, // [
    { 4, 18, 9, 4, 18, 18, 4267 }, // <backslash>
    { 13, 22, 8, -3, 18, 72, 4285 }, // ]
    { 10, 11, 13, 2, 18, 28, 4357 }, // ^
    { 11, 3, 10, -3, -2, 9, 4385 }, // _
    { 5, 6, 13, 5, 18, 8, 4394 }, // `
    { 14, 13, 14, 0, 12, 46, 4402 }, // a
    { 13, 20, 13, 0, 19, 65, 4448 }, // b
    { 11, 13, 10, 0, 12, 36, 4513 }, // c
    { 16, 20, 14, 0, 19, 80, 4549 }, // d
    { 11, 13, 11, 0, 12, 36, 4629 }, // e
    { 21, 26, 9, -5, 19, 137, 4665 }, // f
    { 16, 19, 12, -2, 12, 76, 4802 }, // g
    { 15, 20, 14, -1, 19, 75, 4878 }, // h
    { 10, 20, 8, 0, 19, 50, 4953 }, // i
    { 16, 26, 8, -6, 19, 104, 5003 }, // j
    { 16, 20, 14, -1, 19, 80, 5107 }, // k
    { 10, 20, 8, 0, 19, 50, 5187 }, // l
    { 21, 13, 21, 0, 12, 69, 5237 }, // m
    { 15, 13, 15, 0, 12, 49, 5306 }, // n
    { 12, 13, 12, 0, 12, 39, 5355 }, // o
    { 17, 19, 14, -3, 12, 81, 5394 }, // p
    { 14, 19, 13, 0, 12, 67, 5475 }, // q
    { 13, 12, 12, 0, 12, 39, 5542 }, // r
    { 11, 13, 9, -1, 12, 36, 5581 }, // s
    { 9, 15, 9, 1, 14, 34, 5617 }, // t
    { 15, 13, 14, 0, 12, 49, 5651 }, // u
    { 13, 13, 13, 0, 12, 43, 5700 }, // v
    { 19, 13, 19, 0, 12, 62, 5743 }, // w
    { 16, 13, 13, -1, 12, 52, 5805 }, // x
    { 15, 19, 13, -2, 12, 72, 5857 }, // y
    { 13, 13, 11, -1, 12, 43, 5929 }, // z
    { 11, 23, 8, 0, 19, 64, 5972 }, // {
    { 10, 26, 6, -2, 19, 65, 6036 }, // |
    { 11, 23, 8, -3, 19, 64, 6101 }, // }
    { 11, 5, 13, 1, 8, 14, 6165 }, // ~
    { 0, 0, 5, 0, 0, 0, 0 }, // U+00A0
    { 10, 19, 7, -3, 12, 48, 0 }, // U+00A1
    { 13, 18, 16, 3, 18, 59, 48 }, // U+00A2
    { 16, 19, 16, 0, 18, 76, 107 }, // U+00A3
    { 11, 9, 11, 0, 10, 25, 183 }, // U+00A4
    { 18, 18, 16, 2, 18, 81, 208 }, // U+00A5
    { 10, 26, 6, -2, 19, 65, 289 }, // U+00A6
    { 15, 22, 14, 0, 18, 83, 354 }, // U+00A7
    { 9, 4, 13, 5, 17, 9, 437 }, // U+00A8
    { 19, 19, 21, 2, 18, 91, 446 }, // U+00A9
    { 12, 13, 12, 1, 18, 39, 537 }, // U+00AA
    { 14, 11, 12, 0, 11, 39, 576 }, // U+00AB
    { 11, 7, 13, 1, 9, 20, 615 }, // U+00AC
    { 7, 3, 9, 1, 7, 6, 635 }, // U+00AD
    { 12, 12, 14, 3, 18, 36, 641 }, // U+00AE
    { 8, 2, 13, 5, 16, 4, 677 }, // U+00AF
    { 9, 9, 10, 3, 18, 21, 681 }, // U+00B0
    { 13, 11, 13, -1, 11, 36, 702 }, // U+00B1
    { 10, 11, 9, 1, 18, 28, 738 }, // U+00B2
    { 9, 11, 8, 1, 18, 25, 766 }, // U+00B3
    { 8, 6, 13, 7, 18, 12, 791 }, // U+00B4
    { 16, 18, 15, -2, 11, 72, 803 }, // U+00B5
    { 17, 22, 16, 2, 18, 94, 875 }, // U+00B6
    { 5, 5, 6, 1, 8, 7, 969 }, // U+00B7
    { 6, 8, 13, 0, 1, 12, 976 }, // U+00B8
    { 8, 11, 7, 1, 18, 22, 988 }, // U+00B9
    { 12, 13, 11, 1, 18, 39, 1010 }, // U+00BA
    { 14, 11, 13, -1, 11, 39, 1049 }, // U+00BB
    { 19, 19, 21, 2, 18, 91, 1088 }, // U+00BC
    { 19, 19, 21, 2, 18, 91, 1179 }, // U+00BD
    { 20, 19, 21, 1, 18, 95, 1270 }, // U+00BE
    { 12, 19, 12, -1, 12, 57, 1365 }, // U+00BF
    { 20, 22, 18, -2, 22, 110, 1422 }, // U+00C0
    { 20, 22, 18, -2, 22, 110, 1532 }, // U+00C1
    { 20, 22, 18, -2, 22, 110, 1642 }, // U+00C2
    { 20, 22, 18, -2, 22, 110, 1752 }, // U+00C3
    { 20, 22, 18, -2, 22, 110, 1862 }, // U+00C4
    { 20, 23, 18, -2, 23, 115, 1972 }, // U+00C5
    { 29, 19, 25, -2, 18, 138, 2087 }, // U+00C6
    { 18, 25, 17, 1, 18, 113, 2225 }, // U+00C7
    { 19, 23, 16, -1, 22, 110, 2338 }, // U+00C8
    { 19, 23, 16, -1, 22, 110, 2448 }, // U+00C9
    { 19, 23, 16, -1, 22, 110, 2558 }, // U+00CA
    { 19, 23, 16, -1, 22, 110, 2668 }, // U+00CB
    { 13, 22, 9, -1, 22, 72, 2778 }, // U+00CC
    { 15, 22, 9, -1, 22, 83, 2850 }, // U+00CD
    { 14, 22, 9, -1, 22, 77, 2933 }, // U+00CE
    { 15, 22, 9, -1, 22, 83, 3010 }, // U+00CF
    { 21, 18, 19, -1, 18, 95, 3093 }, // U+00D0
    { 23, 23, 18, -1, 22, 133, 3188 }, // U+00D1
    { 19, 23, 19, 1, 22, 110, 3321 }, // U+00D2
    { 19, 23, 19, 1, 22, 110, 3431 }, // U+00D3
    { 19, 23, 19, 1, 22, 110, 3541 }, // U+00D4
    { 19, 23, 19, 1, 22, 110, 3651 }, // U+00D5
    { 19, 23, 19, 1, 22, 110, 3761 }, // U+00D6
    { 11, 9, 13, 1, 10, 25, 3871 }, // U+00D7
    { 23, 19, 19, -1, 18, 110, 3896 }, // U+00D8
    { 21, 23, 19, 1, 22, 121, 4006 }, // U+00D9
    { 21, 23, 19, 1, 22, 121, 4127 }, // U+00DA
    { 21, 23, 19, 1, 22, 121, 4248 }, // U+00DB
    { 21, 23, 19, 1, 22, 121, 4369 }, // U+00DC
    { 18, 22, 17, 3, 22, 99, 4490 }, // U+00DD
    { 18, 18, 16, -1, 18, 81, 4589 }, // U+00DE
    { 21, 26, 16, -5, 19, 137, 4670 }, // U+00DF
    { 14, 19, 14, 0, 18, 67, 4807 }, // U+00E0
    { 15, 19, 14, 0, 18, 72, 4874 }, // U+00E1
    { 14, 19, 14, 0, 18, 67, 4946 }, // U+00E2
    { 14, 18, 14, 0, 17, 63, 5013 }, // U+00E3
    { 15, 18, 14, 0, 17, 68, 5076 }, // U+00E4
    { 14, 19, 14, 0, 18, 67, 5144 }, // U+00E5
    { 19, 13, 19, 0, 12, 62, 5211 }, // U+00E6
    { 11, 19, 10, 0, 12, 53, 5273 }, // U+00E7
    { 11, 19, 11, 0, 18, 53, 5326 }, // U+00E8
    { 14, 19, 11, 0, 18, 67, 5379 }, // U+00E9
    { 12, 19, 11, 0, 18, 57, 5446 }, // U+00EA
    { 13, 18, 11, 0, 17, 59, 5503 }, // U+00EB
    { 8, 19, 8, 0, 18, 38, 5562 }, // U+00EC
    { 12, 19, 8, 0, 18, 57, 5600 }, // U+00ED
    { 10, 19, 8, 0, 18, 48, 5657 }, // U+00EE
    { 11, 18, 8, 0, 17, 50, 5705 }, // U+00EF
    { 13, 20, 13, 0, 19, 65, 5755 }, // U+00F0
    { 15, 18, 15, 0, 17, 68, 5820 }, // U+00F1
    { 12, 19, 12, 0, 18, 57, 5888 }, // U+00F2
    { 14, 19, 12, 0, 18, 67, 5945 }, // U+00F3
    { 13, 19, 12, 0, 18, 62, 6012 }, // U+00F4
    { 14, 18, 12, 0, 17, 63, 6074 }, // U+00F5
    { 14, 18, 12, 0, 17, 63, 6137 }, // U+00F6
    { 11, 13, 13, 1, 12, 36, 6200 }, // U+00F7
    { 15, 13, 13, -1, 12, 49, 6236 }, // U+00F8
    { 15, 19, 14, 0, 18, 72, 6285 }, // U+00F9
    { 15, 19, 14, 0, 18, 72, 6357 }, // U+00FA
    { 15, 19, 14, 0, 18, 72, 6429 }, // U+00FB
    { 15, 18, 14, 0, 17, 68, 6501 }, // U+00FC
    { 16, 25, 13, -2, 18, 100, 6569 }, // U+00FD
    { 17, 26, 13, -4, 19, 111, 6669 }, // U+00FE
    { 15, 24, 13, -2, 17, 90, 6780 }, // U+00FF
    { 20, 22, 18, -2, 22, 110, 0 }, // U+0100
    { 14, 17, 14, 0, 16, 60, 110 }, // U+0101
    { 20, 22, 18, -2, 22, 110, 170 }, // U+0102
    { 15, 19, 14, 0, 18, 72, 280 }, // U+0103
    { 20, 25, 18, -2, 18, 125, 352 }, // U+0104
    { 14, 19, 14, 0, 12, 67, 477 }, // U+0105
    { 18, 23, 17, 1, 22, 104, 544 }, // U+0106
    { 13, 19, 10, 0, 18, 62, 648 }, // U+0107
    { 18, 23, 17, 1, 22, 104, 710 }, // U+0108
    { 12, 19, 10, 0, 18, 57, 814 }, // U+0109
    { 18, 24, 17, 1, 23, 108, 871 }, // U+010A
    { 11, 18, 10, 0, 17, 50, 979 }, // U+010B
    { 18, 23, 17, 1, 22, 104, 1029 }, // U+010C
    { 13, 19, 10, 0, 18, 62, 1133 }, // U+010D
    { 21, 22, 19, -1, 22, 116, 1195 }, // U+010E
    { 21, 20, 15, 0, 19, 105, 1311 }, // U+010F
    { 21, 18, 19, -1, 18, 95, 1416 }, // U+0110
    { 17, 20, 14, 0, 19, 85, 1511 }, // U+0111
    { 19, 23, 16, -1, 22, 110, 1596 }, // U+0112
    { 12, 17, 11, 0, 16, 51, 1706 }, // U+0113
    { 19, 23, 16, -1, 22, 110, 1757 }, // U+0114
    { 13, 19, 11, 0, 18, 62, 1867 }, // U+0115
    { 19, 24, 16, -1, 23, 114, 1929 }, // U+0116
    { 11, 18, 11, 0, 17, 50, 2043 }, // U+0117
    { 19, 25, 16, -1, 18, 119, 2093 }, // U+0118
    { 11, 19, 11, 0, 12, 53, 2212 }, // U+0119
    { 19, 23, 16, -1, 22, 110, 2265 }, // U+011A
    { 13, 19, 11, 0, 18, 62, 2375 }, // U+011B
    { 19, 23, 19, 1, 22, 110, 2437 }, // U+011C
    { 16, 25, 12, -2, 18, 100, 2547 }, // U+011D
    { 19, 23, 19, 1, 22, 110, 2647 }, // U+011E
    { 16, 25, 12, -2, 18, 100, 2757 }, // U+011F
    { 19, 24, 19, 1, 23, 114, 2857 }, // U+0120
    { 16, 24, 12, -2, 17, 96, 2971 }, // U+0121
    { 19, 24, 19, 1, 23, 114, 3067 }, // U+0122
    { 16, 25, 12, -2, 18, 100, 3181 }, // U+0123
    { 24, 22, 20, -1, 22, 132, 3281 }, // U+0124
    { 16, 23, 14, -1, 22, 92, 3413 }, // U+0125
    { 24, 18, 20, -1, 18, 108, 3505 }, // U+0126
    { 15, 20, 14, -1, 19, 75, 3613 }, // U+0127
    { 15, 22, 9, -1, 22, 83, 3688 }, // U+0128
    { 11, 18, 8, 0, 17, 50, 3771 }, // U+0129
    { 14, 22, 9, -1, 22, 77, 3821 }, // U+012A
    { 11, 17, 8, 0, 16, 47, 3898 }, // U+012B
    { 14, 22, 9, -1, 22, 77, 3945 }, // U+012C
    { 12, 19, 8, 0, 18, 57, 4022 }, // U+012D
    { 13, 25, 9, -1, 18, 82, 4079 }, // U+012E
    { 11, 26, 8, -1, 19, 72, 4161 }, // U+012F
    { 13, 23, 9, -1, 23, 75, 4233 }, // U+0130
    { 8, 13, 8, 0, 12, 26, 4308 }, // U+0131
    { 17, 23, 11, -2, 22, 98, 4334 }, // U+0134
    { 16, 25, 8, -6, 18, 100, 4432 }, // U+0135
    { 23, 25, 19, -1, 18, 144, 4532 }, // U+0136
    { 16, 26, 14, -1, 19, 104, 4676 }, // U+0137
    { 16, 13, 15, 0, 12, 52, 4780 }, // U+0138
    { 17, 24, 15, -1, 22, 102, 4832 }, // U+0139
    { 13, 24, 8, 0, 23, 78, 4934 }, // U+013A
    { 17, 25, 15, -1, 18, 107, 5012 }, // U+013B
    { 12, 26, 8, -2, 19, 78, 5119 }, // U+013C
    { 19, 20, 15, -1, 18, 95, 5197 }, // U+013D
    { 15, 20, 8, 0, 19, 75, 5292 }, // U+013E
    { 17, 20, 15, -1, 18, 85, 5367 }, // U+013F
    { 11, 20, 10, 0, 19, 55, 5452 }, // U+0140
    { 17, 20, 16, -1, 18, 85, 5507 }, // U+0141
    { 10, 20, 9, 0, 19, 50, 5592 }, // U+0142
    { 23, 23, 18, -1, 22, 133, 5642 }, // U+0143
    { 16, 19, 15, 0, 18, 76, 5775 }, // U+0144
    { 23, 25, 18, -1, 18, 144, 5851 }, // U+0145
    { 15, 19, 15, 0, 12, 72, 5995 }, // U+0146
    { 23, 23, 18, -1, 22, 133, 6067 }, // U+0147
    { 15, 19, 15, 0, 18, 72, 6200 }, // U+0148
    { 23, 25, 18, -1, 18, 144, 6272 }, // U+014A
    { 14, 19, 14, 0, 12, 67, 6416 }, // U+014B
    { 19, 23, 19, 1, 22, 110, 6483 }, // U+014C
    { 13, 17, 12, 0, 16, 56, 6593 }, // U+014D
    { 19, 23, 19, 1, 22, 110, 6649 }, // U+014E
    { 14, 19, 12, 0, 18, 67, 6759 }, // U+014F
    { 20, 23, 19, 1, 22, 115, 6826 }, // U+0150
    { 16, 19, 12, 0, 18, 76, 6941 }, // U+0151
    { 27, 19, 26, 1, 18, 129, 7017 }, // U+0152
    { 19, 13, 18, 0, 12, 62, 7146 }, // U+0153
    { 19, 23, 17, -1, 22, 110, 7208 }, // U+0154
    { 14, 18, 12, 0, 18, 63, 7318 }, // U+0155
    { 19, 25, 17, -1, 18, 119, 7381 }, // U+0156
    { 14, 19, 12, -1, 12, 67, 7500 }, // U+0157
    { 19, 23, 17, -1, 22, 110, 7567 }, // U+0158
    { 13, 18, 12, 0, 18, 59, 7677 }, // U+0159
    { 16, 23, 14, 0, 22, 92, 7736 }, // U+015A
    { 14, 19, 9, -1, 18, 67, 7828 }, // U+015B
    { 15, 23, 14, 0, 22, 87, 7895 }, // U+015C
    { 12, 19, 9, -1, 18, 57, 7982 }, // U+015D
    { 15, 25, 14, 0, 18, 94, 8039 }, // U+015E
    { 11, 19, 9, -1, 12, 53, 8133 }, // U+015F
    { 15, 23, 14, 0, 22, 87, 8186 }, // U+0160
    { 13, 19, 9, -1, 18, 62, 8273 }, // U+0161
    { 18, 25, 17, 2, 18, 113, 8335 }, // U+0162
    { 11, 21, 9, -1, 14, 58, 8448 }, // U+0163
    { 18, 22, 17, 2, 22, 99, 8506 }, // U+0164
    { 14, 19, 9, 1, 18, 67, 8605 }, // U+0165
    { 18, 18, 17, 2, 18, 81, 8672 }, // U+0166
    { 11, 15, 9, 0, 14, 42, 8753 }, // U+0167
    { 21, 23, 19, 1, 22, 121, 8795 }, // U+0168
    { 15, 18, 14, 0, 17, 68, 8916 }, // U+0169
    { 21, 23, 19, 1, 22, 121, 8984 }, // U+016A
    { 15, 17, 14, 0, 16, 64, 9105 }, // U+016B
    { 21, 23, 19, 1, 22, 121, 9169 }, // U+016C
    { 15, 19, 14, 0, 18, 72, 9290 }, // U+016D
    { 21, 24, 19, 1, 23, 126, 9362 }, // U+016E
    { 15, 19, 14, 0, 18, 72, 9488 }, // U+016F
    { 21, 23, 19, 1, 22, 121, 9560 }, // U+0170
    { 16, 19, 14, 0, 18, 76, 9681 }, // U+0171
    { 21, 25, 19, 1, 18, 132, 9757 }, // U+0172
    { 15, 19, 14, 0, 12, 72, 9889 }, // U+0173
    { 26, 23, 25, 3, 22, 150, 9961 }, // U+0174
    { 19, 19, 19, 0, 18, 91, 10111 }, // U+0175
    { 18, 22, 17, 3, 22, 99, 10202 }, // U+0176
    { 15, 25, 13, -2, 18, 94, 10301 }, // U+0177
    { 18, 22, 17, 3, 22, 99, 10395 }, // U+0178
    { 20, 23, 16, -1, 22, 115, 10494 }, // U+0179
    { 14, 19, 11, -1, 18, 67, 10609 }, // U+017A
    { 20, 24, 16, -1, 23, 120, 10676 }, // U+017B
    { 13, 18, 11, -1, 17, 59, 10796 }, // U+017C
    { 20, 23, 16, -1, 22, 115, 10855 }, // U+017D
    { 14, 19, 11, -1, 18, 67, 10970 }, // U+017E
    { 21, 22, 19, 1, 21, 116, 0 }, // U+01A0
    { 15, 16, 13, 0, 15, 60, 116 }, // U+01A1
    { 24, 22, 19, 1, 21, 132, 176 }, // U+01AF
    { 18, 16, 15, 0, 15, 72, 308 }, // U+01B0
    { 38, 23, 34, -1, 22, 219, 380 }, // U+01C4
    { 32, 19, 29, -1, 18, 152, 599 }, // U+01C5
    { 26, 20, 25, 0, 19, 130, 751 }, // U+01C6
    { 31, 20, 27, -1, 18, 155, 881 }, // U+01C7
    { 26, 26, 23, -1, 19, 169, 1036 }, // U+01C8
    { 17, 26, 15, 0, 19, 111, 1205 }, // U+01C9
    { 34, 19, 29, -1, 18, 162, 1316 }, // U+01CA
    { 29, 26, 26, -1, 19, 189, 1478 }, // U+01CB
    { 25, 26, 23, 0, 19, 163, 1667 }, // U+01CC
    { 19, 23, 19, 1, 22, 110, 1830 }, // U+01E6
    { 16, 25, 12, -2, 18, 100, 1940 }, // U+01E7
    { 19, 25, 19, 1, 18, 119, 2040 }, // U+01EA
    { 12, 19, 12, 0, 12, 57, 2159 }, // U+01EB
    { 22, 27, 18, -2, 27, 149, 2216 }, // U+01FA
    { 17, 25, 14, 0, 24, 107, 2365 }, // U+01FB
    { 29, 23, 25, -2, 22, 167, 2472 }, // U+01FC
    { 19, 19, 19, 0, 18, 91, 2639 }, // U+01FD
    { 23, 23, 19, -1, 22, 133, 2730 }, // U+01FE
    { 16, 19, 13, -1, 18, 76, 2863 }, // U+01FF
    { 20, 22, 18, -2, 22, 110, 2939 }, // U+0200
    { 14, 19, 14, 0, 18, 67, 3049 }, // U+0201
    { 20, 22, 18, -2, 22, 110, 3116 }, // U+0202
    { 14, 19, 14, 0, 18, 67, 3226 }, // U+0203
    { 19, 23, 16, -1, 22, 110, 3293 }, // U+0204
    { 11, 19, 11, 0, 18, 53, 3403 }, // U+0205
    { 19, 23, 16, -1, 22, 110, 3456 }, // U+0206
    { 12, 19, 11, 0, 18, 57, 3566 }, // U+0207
    { 13, 22, 9, -1, 22, 72, 3623 }, // U+0208
    { 10, 19, 8, 0, 18, 48, 3695 }, // U+0209
    { 14, 22, 9, -1, 22, 77, 3743 }, // U+020A
    { 11, 19, 8, 0, 18, 53, 3820 }, // U+020B
    { 19, 23, 19, 1, 22, 110, 3873 }, // U+020C
    { 12, 19, 12, 0, 18, 57, 3983 }, // U+020D
    { 19, 23, 19, 1, 22, 110, 4040 }, // U+020E
    { 13, 19, 12, 0, 18, 62, 4150 }, // U+020F
    { 19, 23, 17, -1, 22, 110, 4212 }, // U+0210
    { 13, 18, 12, 0, 18, 59, 4322 }, // U+0211
    { 19, 23, 17, -1, 22, 110, 4381 }, // U+0212
    { 13, 18, 12, 0, 18, 59, 4491 }, // U+0213
    { 21, 23, 19, 1, 22, 121, 4550 }, // U+0214
    { 15, 19, 14, 0, 18, 72, 4671 }, // U+0215
    { 21, 23, 19, 1, 22, 121, 4743 }, // U+0216
    { 15, 19, 14, 0, 18, 72, 4864 }, // U+0217
    { 15, 25, 14, 0, 18, 94, 4936 }, // U+0218
    { 11, 19, 9, -1, 12, 53, 5030 }, // U+0219
    { 18, 25, 17, 2, 18, 113, 5083 }, // U+021A
    { 10, 21, 9, 0, 14, 53, 5196 }, // U+021B
    { 4, 6, 0, -1, 18, 6, 0 }, // U+0300
    { 7, 6, 0, 1, 18, 11, 6 }, // U+0301
    { 9, 6, 0, -2, 18, 14, 17 }, // U+0302
    { 9, 5, 0, -2, 17, 12, 31 }, // U+0303
    { 8, 2, 0, -1, 16, 4, 43 }, // U+0304
    { 9, 6, 0, -1, 18, 14, 47 }, // U+0306
    { 4, 4, 0, 1, 17, 4, 61 }, // U+0307
    { 10, 4, 0, -2, 17, 10, 65 }, // U+0308
    { 6, 6, 0, 0, 18, 9, 75 }, // U+0309
    { 6, 6, 0, 0, 18, 9, 84 }, // U+030A
    { 11, 6, 0, -1, 18, 17, 93 }, // U+030B
    { 9, 6, 0, -1, 18, 14, 110 }, // U+030C
    { 9, 6, 0, -3, 18, 14, 124 }, // U+030F
    { 9, 6, 0, -2, 18, 14, 138 }, // U+0311
    { 6, 6, 0, 0, 18, 9, 152 }, // U+0312
    { 7, 6, 0, 0, 15, 11, 161 }, // U+031B
    { 5, 4, 0, -5, -1, 5, 172 }, // U+0323
    { 9, 4, 0, -7, -1, 9, 177 }, // U+0324
    { 6, 6, 0, -6, -1, 9, 186 }, // U+0326
    { 7, 8, 0, -7, 1, 14, 195 }, // U+0327
    { 6, 8, 0, -8, 1, 12, 209 }, // U+0328
    { 8, 5, 0, -6, -1, 10, 221 }, // U+032E
    { 8, 3, 0, -7, -2, 6, 231 }, // U+0331
    { 11, 3, 0, -3, 15, 9, 237 }, // U+0335
    { 20, 23, 18, -2, 18, 115, 0 }, // U+1EA0
    { 14, 17, 14, 0, 12, 60, 115 }, // U+1EA1
    { 20, 23, 18, -2, 23, 115, 175 }, // U+1EA2
    { 14, 19, 14, 0, 18, 67, 290 }, // U+1EA3
    { 24, 24, 18, -2, 24, 144, 357 }, // U+1EA4
    { 19, 20, 14, 0, 19, 95, 501 }, // U+1EA5
    { 20, 24, 18, -2, 24, 120, 596 }, // U+1EA6
    { 14, 20, 14, 0, 19, 70, 716 }, // U+1EA7
    { 23, 25, 18, -2, 25, 144, 786 }, // U+1EA8
    { 18, 22, 14, 0, 21, 99, 930 }, // U+1EA9
    { 20, 24, 18, -2, 24, 120, 1029 }, // U+1EAA
    { 15, 20, 14, 0, 19, 75, 1149 }, // U+1EAB
    { 20, 27, 18, -2, 22, 135, 1224 }, // U+1EAC
    { 14, 23, 14, 0, 18, 81, 1359 }, // U+1EAD
    { 20, 24, 18, -2, 24, 120, 1440 }, // U+1EAE
    { 15, 20, 14, 0, 19, 75, 1560 }, // U+1EAF
    { 20, 24, 18, -2, 24, 120, 1635 }, // U+1EB0
    { 14, 20, 14, 0, 19, 70, 1755 }, // U+1EB1
    { 20, 24, 18, -2, 24, 120, 1825 }, // U+1EB2
    { 14, 21, 14, 0, 20, 74, 1945 }, // U+1EB3
    { 20, 24, 18, -2, 24, 120, 2019 }, // U+1EB4
    { 15, 20, 14, 0, 19, 75, 2139 }, // U+1EB5
    { 20, 27, 18, -2, 22, 135, 2214 }, // U+1EB6
    { 15, 23, 14, 0, 18, 87, 2349 }, // U+1EB7
    { 19, 23, 16, -1, 18, 110, 2436 }, // U+1EB8
    { 11, 17, 11, 0, 12, 47, 2546 }, // U+1EB9
    { 19, 24, 16, -1, 23, 114, 2593 }, // U+1EBA
    { 11, 19, 11, 0, 18, 53, 2707 }, // U+1EBB
    { 19, 23, 16, -1, 22, 110, 2760 }, // U+1EBC
    { 13, 18, 11, 0, 17, 59, 2870 }, // U+1EBD
    { 22, 25, 16, -1, 24, 138, 2929 }, // U+1EBE
    { 17, 20, 11, 0, 19, 85, 3067 }, // U+1EBF
    { 19, 25, 16, -1, 24, 119, 3152 }, // U+1EC0
    { 12, 20, 11, 0, 19, 60, 3271 }, // U+1EC1
    { 21, 26, 16, -1, 25, 137, 3331 }, // U+1EC2
    { 16, 22, 11, 0, 21, 88, 3468 }, // U+1EC3
    { 19, 25, 16, -1, 24, 119, 3556 }, // U+1EC4
    { 13, 20, 11, 0, 19, 65, 3675 }, // U+1EC5
    { 19, 27, 16, -1, 22, 129, 3740 }, // U+1EC6
    { 12, 23, 11, 0, 18, 69, 3869 }, // U+1EC7
    { 13, 23, 9, -1, 23, 75, 3938 }, // U+1EC8
    { 10, 19, 8, 0, 18, 48, 4013 }, // U+1EC9
    { 13, 23, 9, -1, 18, 75, 4061 }, // U+1ECA
    { 11, 24, 8, -1, 19, 66, 4136 }, // U+1ECB
    { 19, 23, 19, 1, 18, 110, 4202 }, // U+1ECC
    { 12, 17, 12, 0, 12, 51, 4312 }, // U+1ECD
    { 19, 24, 19, 1, 23, 114, 4363 }, // U+1ECE
    { 12, 19, 12, 0, 18, 57, 4477 }, // U+1ECF
    { 22, 25, 19, 1, 24, 138, 4534 }, // U+1ED0
    { 18, 20, 12, 0, 19, 90, 4672 }, // U+1ED1
    { 19, 25, 19, 1, 24, 119, 4762 }, // U+1ED2
    { 13, 20, 12, 0, 19, 65, 4881 }, // U+1ED3
    { 21, 26, 19, 1, 25, 137, 4946 }, // U+1ED4
    { 17, 22, 12, 0, 21, 94, 5083 }, // U+1ED5
    { 19, 25, 19, 1, 24, 119, 5177 }, // U+1ED6
    { 14, 20, 12, 0, 19, 70, 5296 }, // U+1ED7
    { 19, 27, 19, 1, 22, 129, 5366 }, // U+1ED8
    { 13, 23, 12, 0, 18, 75, 5495 }, // U+1ED9
    { 21, 23, 19, 1, 22, 121, 5570 }, // U+1EDA
    { 15, 19, 13, 0, 18, 72, 5691 }, // U+1EDB
    { 21, 23, 19, 1, 22, 121, 5763 }, // U+1EDC
    { 15, 19, 13, 0, 18, 72, 5884 }, // U+1EDD
    { 21, 24, 19, 1, 23, 126, 5956 }, // U+1EDE
    { 15, 19, 13, 0, 18, 72, 6082 }, // U+1EDF
    { 21, 23, 19, 1, 22, 121, 6154 }, // U+1EE0
    { 15, 18, 13, 0, 17, 68, 6275 }, // U+1EE1
    { 21, 26, 19, 1, 21, 137, 6343 }, // U+1EE2
    { 15, 20, 13, 0, 15, 75, 6480 }, // U+1EE3
    { 21, 23, 19, 1, 18, 121, 6555 }, // U+1EE4
    { 15, 17, 14, 0, 12, 64, 6676 }, // U+1EE5
    { 21, 24, 19, 1, 23, 126, 6740 }, // U+1EE6
    { 15, 19, 14, 0, 18, 72, 6866 }, // U+1EE7
    { 24, 23, 19, 1, 22, 138, 6938 }, // U+1EE8
    { 18, 19, 15, 0, 18, 86, 7076 }, // U+1EE9
    { 24, 23, 19, 1, 22, 138, 7162 }, // U+1EEA
    { 18, 19, 15, 0, 18, 86, 7300 }, // U+1EEB
    { 24, 24, 19, 1, 23, 144, 7386 }, // U+1EEC
    { 18, 19, 15, 0, 18, 86, 7530 }, // U+1EED
    { 24, 23, 19, 1, 22, 138, 7616 }, // U+1EEE
    { 18, 18, 15, 0, 17, 81, 7754 }, // U+1EEF
    { 24, 26, 19, 1, 21, 156, 7835 }, // U+1EF0
    { 18, 20, 15, 0, 15, 90, 7991 }, // U+1EF1
    { 18, 22, 17, 3, 22, 99, 8081 }, // U+1EF2
    { 15, 25, 13, -2, 18, 94, 8180 }, // U+1EF3
    { 18, 23, 17, 3, 18, 104, 8274 }, // U+1EF4
    { 15, 19, 13, -2, 12, 72, 8378 }, // U+1EF5
    { 18, 23, 17, 3, 23, 104, 8450 }, // U+1EF6
    { 15, 25, 13, -2, 18, 94, 8554 }, // U+1EF7
    { 18, 22, 17, 3, 22, 99, 8648 }, // U+1EF8
    { 15, 24, 13, -2, 17, 90, 8747 }, // U+1EF9
    { 7, 3, 9, 1, 7, 6, 0 }, // U+2010
    { 12, 3, 12, 0, 7, 9, 6 }, // U+2013
    { 16, 3, 16, 0, 7, 12, 15 }, // U+2014
    { 7, 8, 6, 2, 18, 14, 27 }, // U+2018
    { 7, 8, 6, 2, 18, 14, 41 }, // U+2019
    { 7, 8, 6, -2, 4, 14, 55 }, // U+201A
    { 12, 8, 12, 2, 18, 24, 69 }, // U+201C
    { 12, 8, 12, 2, 18, 24, 93 }, // U+201D
    { 12, 8, 12, -2, 4, 24, 117 }, // U+201E
    { 8, 10, 9, 3, 18, 20, 141 }, // U+2020
    { 9, 10, 9, 2, 18, 23, 161 }, // U+2021
    { 8, 7, 11, 1, 9, 14, 184 }, // U+2022
    { 17, 5, 18, 0, 4, 22, 198 }, // U+2026
    { 29, 19, 31, 2, 18, 138, 220 }, // U+2030
    { 7, 8, 6, 2, 18, 14, 358 }, // U+2032
    { 12, 8, 11, 2, 18, 24, 372 }, // U+2033
    { 8, 11, 7, 0, 11, 22, 396 }, // U+2039
    { 8, 11, 8, -1, 11, 22, 418 }, // U+203A
    { 19, 18, 2, -8, 18, 86, 440 }, // U+2044
    { 19, 18, 20, 1, 18, 86, 526 }, // U+2052
    { 10, 11, 10, 2, 18, 28, 0 }, // U+2070
    { 11, 11, 9, 1, 18, 31, 28 }, // U+2074
    { 17, 23, 16, 1, 20, 98, 0 }, // U+20A1
    { 18, 18, 16, 0, 18, 81, 98 }, // U+20A3
    { 16, 19, 16, 0, 18, 76, 179 }, // U+20A4
    { 20, 19, 16, -1, 18, 95, 255 }, // U+20A6
    { 21, 19, 16, -3, 18, 100, 350 }, // U+20A7
    { 20, 19, 16, 0, 18, 95, 450 }, // U+20A9
    { 19, 24, 16, -2, 19, 114, 545 }, // U+20AB
    { 18, 19, 16, 0, 18, 86, 659 }, // U+20AC
    { 22, 18, 16, -2, 18, 99, 745 }, // U+20AD
    { 20, 18, 16, -1, 18, 90, 844 }, // U+20B1
    { 16, 23, 16, 1, 20, 92, 934 }, // U+20B2
    { 13, 18, 16, 3, 18, 59, 1026 }, // U+20B5
    { 16, 19, 16, 2, 18, 76, 1085 }, // U+20B9
    { 15, 19, 16, 0, 18, 72, 1161 }, // U+20BA
    { 15, 18, 16, -1, 18, 68, 1233 }, // U+20BC
    { 19, 18, 16, -1, 18, 86, 1301 }, // U+20BD
    { 11, 3, 13, 1, 7, 9, 0 }, // U+2212
    { 19, 18, 2, -8, 18, 86, 9 }, // U+2215
    { 7, 7, 13, 3, 9, 13, 95 }, // U+2219
    { 13, 9, 13, 0, 10, 30, 108 }, // U+2248
    { 14, 11, 13, -1, 11, 39, 138 }, // U+2260
    { 15, 12, 13, -1, 12, 45, 177 }, // U+2264
    { 14, 12, 13, -1, 12, 42, 222 }, // U+2265
    { 28, 26, 16, -5, 19, 182, 0 }, // U+FB00
    { 21, 26, 15, -5, 19, 137, 182 }, // U+FB01
    { 23, 26, 16, -5, 19, 150, 319 }, // U+FB02
    { 28, 26, 23, -5, 19, 182, 469 }, // U+FB03
    { 30, 26, 23, -5, 19, 195, 651 }, // U+FB04
};

static const EpdUnicodeInterval newsreader_12_2_bolditalicIntervals[] = {
    { 0x20, 0x7E, 0x0 },
    { 0xA0, 0xFF, 0x5F },
    { 0x100, 0x131, 0xBF },
    { 0x134, 0x148, 0xF1 },
    { 0x14A, 0x17E, 0x106 },
    { 0x1A0, 0x1A1, 0x13B },
    { 0x1AF, 0x1B0, 0x13D },
    { 0x1C4, 0x1CC, 0x13F },
    { 0x1E6, 0x1E7, 0x148 },
    { 0x1EA, 0x1EB, 0x14A },
    { 0x1FA, 0x21B, 0x14C },
    { 0x300, 0x304, 0x16E },
    { 0x306, 0x30C, 0x173 },
    { 0x30F, 0x30F, 0x17A },
    { 0x311, 0x312, 0x17B },
    { 0x31B, 0x31B, 0x17D },
    { 0x323, 0x324, 0x17E },
    { 0x326, 0x328, 0x180 },
    { 0x32E, 0x32E, 0x183 },
    { 0x331, 0x331, 0x184 },
    { 0x335, 0x335, 0x185 },
    { 0x1EA0, 0x1EF9, 0x186 },
    { 0x2010, 0x2010, 0x1E0 },
    { 0x2013, 0x2014, 0x1E1 },
    { 0x2018, 0x201A, 0x1E3 },
    { 0x201C, 0x201E, 0x1E6 },
    { 0x2020, 0x2022, 0x1E9 },
    { 0x2026, 0x2026, 0x1EC },
    { 0x2030, 0x2030, 0x1ED },
    { 0x2032, 0x2033, 0x1EE },
    { 0x2039, 0x203A, 0x1F0 },
    { 0x2044, 0x2044, 0x1F2 },
    { 0x2052, 0x2052, 0x1F3 },
    { 0x2070, 0x2070, 0x1F4 },
    { 0x2074, 0x2074, 0x1F5 },
    { 0x20A1, 0x20A1, 0x1F6 },
    { 0x20A3, 0x20A4, 0x1F7 },
    { 0x20A6, 0x20A7, 0x1F9 },
    { 0x20A9, 0x20A9, 0x1FB },
    { 0x20AB, 0x20AD, 0x1FC },
    { 0x20B1, 0x20B2, 0x1FF },
    { 0x20B5, 0x20B5, 0x201 },
    { 0x20B9, 0x20BA, 0x202 },
    { 0x20BC, 0x20BD, 0x204 },
    { 0x2212, 0x2212, 0x206 },
    { 0x2215, 0x2215, 0x207 },
    { 0x2219, 0x2219, 0x208 },
    { 0x2248, 0x2248, 0x209 },
    { 0x2260, 0x2260, 0x20A },
    { 0x2264, 0x2265, 0x20B },
    { 0xFB00, 0xFB04, 0x20D },
};

static const EpdFontGroup newsreader_12_2_bolditalicGroups[] = {
    { 0, 3626, 6179, 95, 0 },
    { 3626, 3188, 6870, 96, 95 },
    { 6814, 4502, 11037, 124, 191 },
    { 11316, 2586, 5249, 51, 315 },
    { 13902, 232, 246, 24, 366 },
    { 14134, 3204, 8837, 90, 390 },
    { 17338, 415, 612, 20, 480 },
    { 17753, 61, 59, 2, 500 },
    { 17814, 911, 1387, 16, 502 },
    { 18725, 171, 264, 7, 518 },
    { 18896, 435, 846, 5, 525 },
};

static const EpdKernClassEntry newsreader_12_2_bolditalicKernLeftClasses[] = {
    { 0x0020, 1 }, // U+0020
    { 0x0022, 2 }, // "
    { 0x0026, 3 }, // &
    { 0x0027, 2 }, // '
    { 0x0028, 4 }, // (
    { 0x0029, 5 }, // )
    { 0x002A, 6 }, // *
    { 0x002C, 7 }, // ,
    { 0x002D, 8 }, // -
    { 0x002E, 9 }, // .
    { 0x002F, 10 }, // /
    { 0x003A, 11 }, // :
    { 0x003B, 12 }, // ;
    { 0x003F, 13 }, // ?
    { 0x0040, 14 }, // @
    { 0x0041, 15 }, // A
    { 0x0042, 16 }, // B
    { 0x0043, 17 }, // C
    { 0x0044, 18 }, // D
    { 0x0045, 19 }, // E
    { 0x0046, 20 }, // F
    { 0x0047, 21 }, // G
    { 0x0048, 22 }, // H
    { 0x0049, 22 }, // I
    { 0x004A, 23 }, // J
    { 0x004B, 24 }, // K
    { 0x004C, 25 }, // L
    { 0x004D, 26 }, // M
    { 0x004E, 27 }, // N
    { 0x004F, 28 }, // O
    { 0x0050, 29 }, // P
    { 0x0051, 30 }, // Q
    { 0x0052, 31 }, // R
    { 0x0053, 32 }, // S
    { 0x0054, 33 }, // T
    { 0x0055, 34 }, // U
    { 0x0056, 35 }, // V
    { 0x0057, 36 }, // W
    { 0x0058, 37 }, // X
    { 0x0059, 38 }, // Y
    { 0x005A, 39 }, // Z
    { 0x005B, 40 }, // [
    { 0x005C, 41 }, // <backslash>
    { 0x005D, 42 }, // ]
    { 0x005F, 43 }, // _
    { 0x0061, 44 }, // a
    { 0x0062, 45 }, // b
    { 0x0063, 46 }, // c
    { 0x0064, 47 }, // d
    { 0x0065, 48 }, // e
    { 0x0066, 49 }, // f
    { 0x0067, 50 }, // g
    { 0x0068, 51 }, // h
    { 0x0069, 52 }, // i
    { 0x006A, 53 }, // j
    { 0x006B, 54 }, // k
    { 0x006C, 55 }, // l
    { 0x006D, 51 }, // m
    { 0x006E, 51 }, // n
    { 0x006F, 56 }, // o
    { 0x0070, 57 }, // p
    { 0x0071, 58 }, // q
    { 0x0072, 59 }, // r
    { 0x0073, 60 }, // s
    { 0x0074, 61 }, // t
    { 0x0075, 62 }, // u
    { 0x0076, 63 }, // v
    { 0x0077, 63 }, // w
    { 0x0078, 64 }, // x
    { 0x0079, 65 }, // y
    { 0x007A, 66 }, // z
    { 0x007B, 67 }, // {
    { 0x007C, 68 }, // |
    { 0x007D, 69 }, // }
    { 0x00A0, 1 }, // U+00A0
    { 0x00A1, 70 }, // U+00A1
    { 0x00A6, 68 }, // U+00A6
    { 0x00A9, 71 }, // U+00A9
    { 0x00AA, 72 }, // U+00AA
    { 0x00AB, 73 }, // U+00AB
    { 0x00AD, 8 }, // U+00AD
    { 0x00AE, 74 }, // U+00AE
    { 0x00B7, 75 }, // U+00B7
    { 0x00BA, 72 }, // U+00BA
    { 0x00BB, 76 }, // U+00BB
    { 0x00BF, 77 }, // U+00BF
    { 0x00C0, 15 }, // U+00C0
    { 0x00C1, 15 }, // U+00C1
    { 0x00C2, 15 }, // U+00C2
    { 0x00C3, 15 }, // U+00C3
    { 0x00C4, 15 }, // U+00C4
    { 0x00C5, 15 }, // U+00C5
    { 0x00C6, 19 }, // U+00C6
    { 0x00C7, 17 }, // U+00C7
    { 0x00C8, 19 }, // U+00C8
    { 0x00C9, 19 }, // U+00C9
    { 0x00CA, 19 }, // U+00CA
    { 0x00CB, 19 }, // U+00CB
    { 0x00CC, 22 }, // U+00CC
    { 0x00CD, 22 }, // U+00CD
    { 0x00CE, 22 }, // U+00CE
    { 0x00CF, 22 }, // U+00CF
    { 0x00D0, 18 }, // U+00D0
    { 0x00D1, 27 }, // U+00D1
    { 0x00D2, 28 }, // U+00D2
    { 0x00D3, 28 }, // U+00D3
    { 0x00D4, 28 }, // U+00D4
    { 0x00D5, 28 }, // U+00D5
    { 0x00D6, 28 }, // U+00D6
    { 0x00D8, 78 }, // U+00D8
    { 0x00D9, 34 }, // U+00D9
    { 0x00DA, 34 }, // U+00DA
    { 0x00DB, 34 }, // U+00DB
    { 0x00DC, 34 }, // U+00DC
    { 0x00DD, 38 }, // U+00DD
    { 0x00DE, 79 }, // U+00DE
    { 0x00DF, 80 }, // U+00DF
    { 0x00E0, 44 }, // U+00E0
    { 0x00E1, 81 }, // U+00E1
    { 0x00E2, 82 }, // U+00E2
    { 0x00E3, 44 }, // U+00E3
    { 0x00E4, 83 }, // U+00E4
    { 0x00E5, 44 }, // U+00E5
    { 0x00E6, 48 }, // U+00E6
    { 0x00E7, 84 }, // U+00E7
    { 0x00E8, 48 }, // U+00E8
    { 0x00E9, 85 }, // U+00E9
    { 0x00EA, 86 }, // U+00EA
    { 0x00EB, 87 }, // U+00EB
    { 0x00EC, 88 }, // U+00EC
    { 0x00ED, 89 }, // U+00ED
    { 0x00EE, 90 }, // U+00EE
    { 0x00EF, 91 }, // U+00EF
    { 0x00F0, 92 }, // U+00F0
    { 0x00F1, 51 }, // U+00F1
    { 0x00F2, 56 }, // U+00F2
    { 0x00F3, 93 }, // U+00F3
    { 0x00F4, 94 }, // U+00F4
    { 0x00F5, 95 }, // U+00F5
    { 0x00F6, 96 }, // U+00F6
    { 0x00F8, 97 }, // U+00F8
    { 0x00F9, 62 }, // U+00F9
    { 0x00FA, 62 }, // U+00FA
    { 0x00FB, 62 }, // U+00FB
    { 0x00FC, 62 }, // U+00FC
    { 0x00FD, 65 }, // U+00FD
    { 0x00FE, 57 }, // U+00FE
    { 0x00FF, 65 }, // U+00FF
    { 0x0100, 15 }, // U+0100
    { 0x0101, 44 }, // U+0101
    { 0x0102, 15 }, // U+0102
    { 0x0103, 44 }, // U+0103
    { 0x0104, 98 }, // U+0104
    { 0x0105, 99 }, // U+0105
    { 0x0106, 17 }, // U+0106
    { 0x0107, 100 }, // U+0107
    { 0x0108, 17 }, // U+0108
    { 0x0109, 101 }, // U+0109
    { 0x010A, 17 }, // U+010A
    { 0x010B, 46 }, // U+010B
    { 0x010C, 17 }, // U+010C
    { 0x010D, 102 }, // U+010D
    { 0x010E, 18 }, // U+010E
    { 0x010F, 103 }, // U+010F
    { 0x0110, 18 }, // U+0110
    { 0x0111, 104 }, // U+0111
    { 0x0112, 19 }, // U+0112
    { 0x0113, 105 }, // U+0113
    { 0x0114, 19 }, // U+0114
    { 0x0115, 87 }, // U+0115
    { 0x0116, 19 }, // U+0116
    { 0x0117, 48 }, // U+0117
    { 0x0118, 106 }, // U+0118
    { 0x0119, 107 }, // U+0119
    { 0x011A, 19 }, // U+011A
    { 0x011B, 108 }, // U+011B
    { 0x011C, 21 }, // U+011C
    { 0x011D, 50 }, // U+011D
    { 0x011E, 21 }, // U+011E
    { 0x011F, 50 }, // U+011F
    { 0x0120, 21 }, // U+0120
    { 0x0121, 50 }, // U+0121
    { 0x0122, 21 }, // U+0122
    { 0x0123, 50 }, // U+0123
    { 0x0124, 22 }, // U+0124
    { 0x0125, 51 }, // U+0125
    { 0x0126, 109 }, // U+0126
    { 0x0127, 51 }, // U+0127
    { 0x0128, 22 }, // U+0128
    { 0x0129, 110 }, // U+0129
    { 0x012A, 22 }, // U+012A
    { 0x012B, 111 }, // U+012B
    { 0x012C, 22 }, // U+012C
    { 0x012D, 110 }, // U+012D
    { 0x012E, 112 }, // U+012E
    { 0x012F, 113 }, // U+012F
    { 0x0130, 22 }, // U+0130
    { 0x0131, 88 }, // U+0131
    { 0x0134, 23 }, // U+0134
    { 0x0135, 114 }, // U+0135
    { 0x0136, 24 }, // U+0136
    { 0x0137, 54 }, // U+0137
    { 0x0138, 54 }, // U+0138
    { 0x0139, 25 }, // U+0139
    { 0x013A, 55 }, // U+013A
    { 0x013B, 25 }, // U+013B
    { 0x013C, 115 }, // U+013C
    { 0x013D, 116 }, // U+013D
    { 0x013E, 117 }, // U+013E
    { 0x013F, 25 }, // U+013F
    { 0x0141, 25 }, // U+0141
    { 0x0142, 118 }, // U+0142
    { 0x0143, 27 }, // U+0143
    { 0x0144, 119 }, // U+0144
    { 0x0145, 27 }, // U+0145
    { 0x0146, 51 }, // U+0146
    { 0x0147, 27 }, // U+0147
    { 0x0148, 51 }, // U+0148
    { 0x014A, 120 }, // U+014A
    { 0x014B, 121 }, // U+014B
    { 0x014C, 28 }, // U+014C
    { 0x014D, 122 }, // U+014D
    { 0x014E, 28 }, // U+014E
    { 0x014F, 123 }, // U+014F
    { 0x0150, 28 }, // U+0150
    { 0x0151, 124 }, // U+0151
    { 0x0152, 19 }, // U+0152
    { 0x0153, 48 }, // U+0153
    { 0x0154, 31 }, // U+0154
    { 0x0155, 59 }, // U+0155
    { 0x0156, 31 }, // U+0156
    { 0x0157, 59 }, // U+0157
    { 0x0158, 31 }, // U+0158
    { 0x0159, 59 }, // U+0159
    { 0x015A, 32 }, // U+015A
    { 0x015B, 125 }, // U+015B
    { 0x015C, 32 }, // U+015C
    { 0x015D, 126 }, // U+015D
    { 0x015E, 32 }, // U+015E
    { 0x015F, 127 }, // U+015F
    { 0x0160, 32 }, // U+0160
    { 0x0161, 128 }, // U+0161
    { 0x0162, 33 }, // U+0162
    { 0x0163, 129 }, // U+0163
    { 0x0164, 33 }, // U+0164
    { 0x0165, 130 }, // U+0165
    { 0x0166, 131 }, // U+0166
    { 0x0167, 61 }, // U+0167
    { 0x0168, 34 }, // U+0168
    { 0x0169, 62 }, // U+0169
    { 0x016A, 34 }, // U+016A
    { 0x016B, 62 }, // U+016B
    { 0x016C, 34 }, // U+016C
    { 0x016D, 62 }, // U+016D
    { 0x016E, 34 }, // U+016E
    { 0x016F, 62 }, // U+016F
    { 0x0170, 34 }, // U+0170
    { 0x0171, 132 }, // U+0171
    { 0x0172, 34 }, // U+0172
    { 0x0173, 133 }, // U+0173
    { 0x0174, 36 }, // U+0174
    { 0x0175, 63 }, // U+0175
    { 0x0176, 38 }, // U+0176
    { 0x0177, 65 }, // U+0177
    { 0x0178, 38 }, // U+0178
    { 0x0179, 39 }, // U+0179
    { 0x017A, 134 }, // U+017A
    { 0x017B, 39 }, // U+017B
    { 0x017C, 66 }, // U+017C
    { 0x017D, 39 }, // U+017D
    { 0x017E, 66 }, // U+017E
    { 0x01A0, 135 }, // U+01A0
    { 0x01A1, 136 }, // U+01A1
    { 0x01AF, 137 }, // U+01AF
    { 0x01B0, 138 }, // U+01B0
    { 0x01C4, 39 }, // U+01C4
    { 0x01C5, 66 }, // U+01C5
    { 0x01C6, 66 }, // U+01C6
    { 0x01C7, 23 }, // U+01C7
    { 0x01C8, 53 }, // U+01C8
    { 0x01C9, 53 }, // U+01C9
    { 0x01CA, 23 }, // U+01CA
    { 0x01CB, 53 }, // U+01CB
    { 0x01CC, 53 }, // U+01CC
    { 0x01E6, 21 }, // U+01E6
    { 0x01E7, 50 }, // U+01E7
    { 0x01EA, 28 }, // U+01EA
    { 0x01EB, 56 }, // U+01EB
    { 0x01FA, 15 }, // U+01FA
    { 0x01FB, 44 }, // U+01FB
    { 0x01FC, 19 }, // U+01FC
    { 0x01FD, 48 }, // U+01FD
    { 0x01FE, 78 }, // U+01FE
    { 0x01FF, 97 }, // U+01FF
    { 0x0200, 15 }, // U+0200
    { 0x0201, 44 }, // U+0201
    { 0x0202, 15 }, // U+0202
    { 0x0203, 82 }, // U+0203
    { 0x0204, 19 }, // U+0204
    { 0x0205, 48 }, // U+0205
    { 0x0206, 19 }, // U+0206
    { 0x0207, 86 }, // U+0207
    { 0x0208, 22 }, // U+0208
    { 0x0209, 139 }, // U+0209
    { 0x020A, 22 }, // U+020A
    { 0x020B, 111 }, // U+020B
    { 0x020C, 28 }, // U+020C
    { 0x020D, 56 }, // U+020D
    { 0x020E, 28 }, // U+020E
    { 0x020F, 140 }, // U+020F
    { 0x0210, 31 }, // U+0210
    { 0x0211, 59 }, // U+0211
    { 0x0212, 31 }, // U+0212
    { 0x0213, 59 }, // U+0213
    { 0x0214, 34 }, // U+0214
    { 0x0215, 62 }, // U+0215
    { 0x0216, 34 }, // U+0216
    { 0x0217, 62 }, // U+0217
    { 0x0218, 32 }, // U+0218
    { 0x0219, 60 }, // U+0219
    { 0x021A, 33 }, // U+021A
    { 0x021B, 129 }, // U+021B
    { 0x1EA0, 15 }, // U+1EA0
    { 0x1EA1, 44 }, // U+1EA1
    { 0x1EA2, 15 }, // U+1EA2
    { 0x1EA3, 44 }, // U+1EA3
    { 0x1EA4, 15 }, // U+1EA4
    { 0x1EA5, 141 }, // U+1EA5
    { 0x1EA6, 15 }, // U+1EA6
    { 0x1EA7, 82 }, // U+1EA7
    { 0x1EA8, 15 }, // U+1EA8
    { 0x1EA9, 142 }, // U+1EA9
    { 0x1EAA, 15 }, // U+1EAA
    { 0x1EAB, 44 }, // U+1EAB
    { 0x1EAC, 15 }, // U+1EAC
    { 0x1EAD, 82 }, // U+1EAD
    { 0x1EAE, 15 }, // U+1EAE
    { 0x1EAF, 44 }, // U+1EAF
    { 0x1EB0, 15 }, // U+1EB0
    { 0x1EB1, 44 }, // U+1EB1
    { 0x1EB2, 15 }, // U+1EB2
    { 0x1EB3, 44 }, // U+1EB3
    { 0x1EB4, 15 }, // U+1EB4
    { 0x1EB5, 44 }, // U+1EB5
    { 0x1EB6, 15 }, // U+1EB6
    { 0x1EB7, 44 }, // U+1EB7
    { 0x1EB8, 19 }, // U+1EB8
    { 0x1EB9, 48 }, // U+1EB9
    { 0x1EBA, 19 }, // U+1EBA
    { 0x1EBB, 48 }, // U+1EBB
    { 0x1EBC, 19 }, // U+1EBC
    { 0x1EBD, 87 }, // U+1EBD
    { 0x1EBE, 19 }, // U+1EBE
    { 0x1EBF, 143 }, // U+1EBF
    { 0x1EC0, 19 }, // U+1EC0
    { 0x1EC1, 86 }, // U+1EC1
    { 0x1EC2, 19 }, // U+1EC2
    { 0x1EC3, 144 }, // U+1EC3
    { 0x1EC4, 19 }, // U+1EC4
    { 0x1EC5, 86 }, // U+1EC5
    { 0x1EC6, 19 }, // U+1EC6
    { 0x1EC7, 86 }, // U+1EC7
    { 0x1EC8, 22 }, // U+1EC8
    { 0x1EC9, 52 }, // U+1EC9
    { 0x1ECA, 22 }, // U+1ECA
    { 0x1ECB, 52 }, // U+1ECB
    { 0x1ECC, 28 }, // U+1ECC
    { 0x1ECD, 56 }, // U+1ECD
    { 0x1ECE, 28 }, // U+1ECE
    { 0x1ECF, 56 }, // U+1ECF
    { 0x1ED0, 28 }, // U+1ED0
    { 0x1ED1, 145 }, // U+1ED1
    { 0x1ED2, 28 }, // U+1ED2
    { 0x1ED3, 94 }, // U+1ED3
    { 0x1ED4, 28 }, // U+1ED4
    { 0x1ED5, 146 }, // U+1ED5
    { 0x1ED6, 28 }, // U+1ED6
    { 0x1ED7, 56 }, // U+1ED7
    { 0x1ED8, 28 }, // U+1ED8
    { 0x1ED9, 94 }, // U+1ED9
    { 0x1EDA, 135 }, // U+1EDA
    { 0x1EDB, 136 }, // U+1EDB
    { 0x1EDC, 135 }, // U+1EDC
    { 0x1EDD, 136 }, // U+1EDD
    { 0x1EDE, 135 }, // U+1EDE
    { 0x1EDF, 136 }, // U+1EDF
    { 0x1EE0, 135 }, // U+1EE0
    { 0x1EE1, 136 }, // U+1EE1
    { 0x1EE2, 135 }, // U+1EE2
    { 0x1EE3, 136 }, // U+1EE3
    { 0x1EE4, 34 }, // U+1EE4
    { 0x1EE5, 62 }, // U+1EE5
    { 0x1EE6, 34 }, // U+1EE6
    { 0x1EE7, 62 }, // U+1EE7
    { 0x1EE8, 137 }, // U+1EE8
    { 0x1EE9, 138 }, // U+1EE9
    { 0x1EEA, 137 }, // U+1EEA
    { 0x1EEB, 138 }, // U+1EEB
    { 0x1EEC, 137 }, // U+1EEC
    { 0x1EED, 138 }, // U+1EED
    { 0x1EEE, 137 }, // U+1EEE
    { 0x1EEF, 138 }, // U+1EEF
    { 0x1EF0, 147 }, // U+1EF0
    { 0x1EF1, 138 }, // U+1EF1
    { 0x1EF2, 38 }, // U+1EF2
    { 0x1EF3, 65 }, // U+1EF3
    { 0x1EF4, 38 }, // U+1EF4
    { 0x1EF5, 148 }, // U+1EF5
    { 0x1EF6, 38 }, // U+1EF6
    { 0x1EF7, 65 }, // U+1EF7
    { 0x1EF8, 38 }, // U+1EF8
    { 0x1EF9, 65 }, // U+1EF9
    { 0x2013, 149 }, // U+2013
    { 0x2014, 149 }, // U+2014
    { 0x2018, 150 }, // U+2018
    { 0x2019, 151 }, // U+2019
    { 0x201A, 152 }, // U+201A
    { 0x201C, 150 }, // U+201C
    { 0x201D, 151 }, // U+201D
    { 0x201E, 153 }, // U+201E
    { 0x2020, 154 }, // U+2020
    { 0x2021, 155 }, // U+2021
    { 0x2022, 156 }, // U+2022
    { 0x2026, 9 }, // U+2026
    { 0x2032, 157 }, // U+2032
    { 0x2033, 157 }, // U+2033
    { 0x2039, 73 }, // U+2039
    { 0x203A, 76 }, // U+203A
    { 0xFB00, 158 }, // U+FB00
    { 0xFB01, 88 }, // U+FB01
    { 0xFB02, 55 }, // U+FB02
    { 0xFB03, 88 }, // U+FB03
    { 0xFB04, 55 }, // U+FB04
};

static const EpdKernClassEntry newsreader_12_2_bolditalicKernRightClasses[] = {
    { 0x0020, 1 }, // U+0020
    { 0x0021, 2 }, // !
    { 0x0022, 3 }, // "
    { 0x0026, 4 }, // &
    { 0x0027, 3 }, // '
    { 0x0028, 5 }, // (
    { 0x0029, 6 }, // )
    { 0x002A, 7 }, // *
    { 0x002C, 8 }, // ,
    { 0x002D, 9 }, // -
    { 0x002E, 10 }, // .
    { 0x002F, 11 }, // /
    { 0x003A, 12 }, // :
    { 0x003B, 13 }, // ;
    { 0x003F, 14 }, // ?
    { 0x0040, 15 }, // @
    { 0x0041, 16 }, // A
    { 0x0042, 17 }, // B
    { 0x0043, 18 }, // C
    { 0x0044, 17 }, // D
    { 0x0045, 17 }, // E
    { 0x0046, 17 }, // F
    { 0x0047, 18 }, // G
    { 0x0048, 17 }, // H
    { 0x0049, 17 }, // I
    { 0x004A, 19 }, // J
    { 0x004B, 17 }, // K
    { 0x004C, 17 }, // L
    { 0x004D, 20 }, // M
    { 0x004E, 21 }, // N
    { 0x004F, 22 }, // O
    { 0x0050, 17 }, // P
    { 0x0051, 22 }, // Q
    { 0x0052, 17 }, // R
    { 0x0053, 23 }, // S
    { 0x0054, 24 }, // T
    { 0x0055, 25 }, // U
    { 0x0056, 26 }, // V
    { 0x0057, 27 }, // W
    { 0x0058, 28 }, // X
    { 0x0059, 29 }, // Y
    { 0x005A, 30 }, // Z
    { 0x005B, 31 }, // [
    { 0x005C, 32 }, // <backslash>
    { 0x005D, 33 }, // ]
    { 0x005F, 34 }, // _
    { 0x0061, 35 }, // a
    { 0x0062, 36 }, // b
    { 0x0063, 37 }, // c
    { 0x0064, 35 }, // d
    { 0x0065, 37 }, // e
    { 0x0066, 38 }, // f
    { 0x0067, 39 }, // g
    { 0x0068, 40 }, // h
    { 0x0069, 41 }, // i
    { 0x006A, 42 }, // j
    { 0x006B, 40 }, // k
    { 0x006C, 43 }, // l
    { 0x006D, 44 }, // m
    { 0x006E, 44 }, // n
    { 0x006F, 37 }, // o
    { 0x0070, 44 }, // p
    { 0x0071, 35 }, // q
    { 0x0072, 44 }, // r
    { 0x0073, 45 }, // s
    { 0x0074, 46 }, // t
    { 0x0075, 47 }, // u
    { 0x0076, 48 }, // v
    { 0x0077, 49 }, // w
    { 0x0078, 50 }, // x
    { 0x0079, 51 }, // y
    { 0x007A, 52 }, // z
    { 0x007B, 53 }, // {
    { 0x007C, 54 }, // |
    { 0x007D, 55 }, // }
    { 0x00A0, 1 }, // U+00A0
    { 0x00A1, 56 }, // U+00A1
    { 0x00A6, 54 }, // U+00A6
    { 0x00A9, 57 }, // U+00A9
    { 0x00AA, 58 }, // U+00AA
    { 0x00AB, 59 }, // U+00AB
    { 0x00AD, 9 }, // U+00AD
    { 0x00AE, 60 }, // U+00AE
    { 0x00B2, 61 }, // U+00B2
    { 0x00B3, 62 }, // U+00B3
    { 0x00B7, 63 }, // U+00B7
    { 0x00B9, 64 }, // U+00B9
    { 0x00BA, 65 }, // U+00BA
    { 0x00BB, 66 }, // U+00BB
    { 0x00BF, 67 }, // U+00BF
    { 0x00C0, 16 }, // U+00C0
    { 0x00C1, 16 }, // U+00C1
    { 0x00C2, 16 }, // U+00C2
    { 0x00C3, 16 }, // U+00C3
    { 0x00C4, 16 }, // U+00C4
    { 0x00C5, 16 }, // U+00C5
    { 0x00C6, 68 }, // U+00C6
    { 0x00C7, 18 }, // U+00C7
    { 0x00C8, 17 }, // U+00C8
    { 0x00C9, 17 }, // U+00C9
    { 0x00CA, 17 }, // U+00CA
    { 0x00CB, 17 }, // U+00CB
    { 0x00CC, 17 }, // U+00CC
    { 0x00CD, 17 }, // U+00CD
    { 0x00CE, 17 }, // U+00CE
    { 0x00CF, 17 }, // U+00CF
    { 0x00D0, 17 }, // U+00D0
    { 0x00D1, 21 }, // U+00D1
    { 0x00D2, 22 }, // U+00D2
    { 0x00D3, 22 }, // U+00D3
    { 0x00D4, 22 }, // U+00D4
    { 0x00D5, 22 }, // U+00D5
    { 0x00D6, 22 }, // U+00D6
    { 0x00D8, 69 }, // U+00D8
    { 0x00D9, 25 }, // U+00D9
    { 0x00DA, 25 }, // U+00DA
    { 0x00DB, 25 }, // U+00DB
    { 0x00DC, 25 }, // U+00DC
    { 0x00DD, 29 }, // U+00DD
    { 0x00DE, 17 }, // U+00DE
    { 0x00DF, 70 }, // U+00DF
    { 0x00E0, 71 }, // U+00E0
    { 0x00E1, 35 }, // U+00E1
    { 0x00E2, 72 }, // U+00E2
    { 0x00E3, 35 }, // U+00E3
    { 0x00E4, 73 }, // U+00E4
    { 0x00E5, 35 }, // U+00E5
    { 0x00E6, 35 }, // U+00E6
    { 0x00E7, 37 }, // U+00E7
    { 0x00E8, 74 }, // U+00E8
    { 0x00E9, 37 }, // U+00E9
    { 0x00EA, 75 }, // U+00EA
    { 0x00EB, 76 }, // U+00EB
    { 0x00EC, 77 }, // U+00EC
    { 0x00ED, 78 }, // U+00ED
    { 0x00EE, 79 }, // U+00EE
    { 0x00EF, 80 }, // U+00EF
    { 0x00F0, 81 }, // U+00F0
    { 0x00F1, 44 }, // U+00F1
    { 0x00F2, 82 }, // U+00F2
    { 0x00F3, 37 }, // U+00F3
    { 0x00F4, 83 }, // U+00F4
    { 0x00F5, 84 }, // U+00F5
    { 0x00F6, 85 }, // U+00F6
    { 0x00F8, 86 }, // U+00F8
    { 0x00F9, 87 }, // U+00F9
    { 0x00FA, 47 }, // U+00FA
    { 0x00FB, 47 }, // U+00FB
    { 0x00FC, 88 }, // U+00FC
    { 0x00FD, 51 }, // U+00FD
    { 0x00FE, 89 }, // U+00FE
    { 0x00FF, 90 }, // U+00FF
    { 0x0100, 16 }, // U+0100
    { 0x0101, 35 }, // U+0101
    { 0x0102, 16 }, // U+0102
    { 0x0103, 91 }, // U+0103
    { 0x0104, 16 }, // U+0104
    { 0x0105, 35 }, // U+0105
    { 0x0106, 18 }, // U+0106
    { 0x0107, 37 }, // U+0107
    { 0x0108, 18 }, // U+0108
    { 0x0109, 92 }, // U+0109
    { 0x010A, 18 }, // U+010A
    { 0x010B, 93 }, // U+010B
    { 0x010C, 18 }, // U+010C
    { 0x010D, 94 }, // U+010D
    { 0x010E, 17 }, // U+010E
    { 0x010F, 35 }, // U+010F
    { 0x0110, 17 }, // U+0110
    { 0x0111, 35 }, // U+0111
    { 0x0112, 17 }, // U+0112
    { 0x0113, 95 }, // U+0113
    { 0x0114, 17 }, // U+0114
    { 0x0115, 96 }, // U+0115
    { 0x0116, 17 }, // U+0116
    { 0x0117, 93 }, // U+0117
    { 0x0118, 17 }, // U+0118
    { 0x0119, 37 }, // U+0119
    { 0x011A, 17 }, // U+011A
    { 0x011B, 96 }, // U+011B
    { 0x011C, 18 }, // U+011C
    { 0x011D, 97 }, // U+011D
    { 0x011E, 18 }, // U+011E
    { 0x011F, 98 }, // U+011F
    { 0x0120, 18 }, // U+0120
    { 0x0121, 39 }, // U+0121
    { 0x0122, 18 }, // U+0122
    { 0x0123, 39 }, // U+0123
    { 0x0124, 17 }, // U+0124
    { 0x0125, 40 }, // U+0125
    { 0x0126, 17 }, // U+0126
    { 0x0127, 99 }, // U+0127
    { 0x0128, 100 }, // U+0128
    { 0x0129, 101 }, // U+0129
    { 0x012A, 17 }, // U+012A
    { 0x012B, 102 }, // U+012B
    { 0x012C, 17 }, // U+012C
    { 0x012D, 103 }, // U+012D
    { 0x012E, 17 }, // U+012E
    { 0x012F, 41 }, // U+012F
    { 0x0130, 17 }, // U+0130
    { 0x0131, 78 }, // U+0131
    { 0x0134, 19 }, // U+0134
    { 0x0135, 104 }, // U+0135
    { 0x0136, 17 }, // U+0136
    { 0x0137, 40 }, // U+0137
    { 0x0138, 44 }, // U+0138
    { 0x0139, 17 }, // U+0139
    { 0x013A, 43 }, // U+013A
    { 0x013B, 17 }, // U+013B
    { 0x013C, 43 }, // U+013C
    { 0x013D, 17 }, // U+013D
    { 0x013E, 43 }, // U+013E
    { 0x013F, 17 }, // U+013F
    { 0x0140, 43 }, // U+0140
    { 0x0141, 105 }, // U+0141
    { 0x0142, 106 }, // U+0142
    { 0x0143, 21 }, // U+0143
    { 0x0144, 44 }, // U+0144
    { 0x0145, 21 }, // U+0145
    { 0x0146, 44 }, // U+0146
    { 0x0147, 21 }, // U+0147
    { 0x0148, 44 }, // U+0148
    { 0x014A, 21 }, // U+014A
    { 0x014B, 44 }, // U+014B
    { 0x014C, 22 }, // U+014C
    { 0x014D, 107 }, // U+014D
    { 0x014E, 22 }, // U+014E
    { 0x014F, 108 }, // U+014F
    { 0x0150, 22 }, // U+0150
    { 0x0151, 37 }, // U+0151
    { 0x0152, 22 }, // U+0152
    { 0x0153, 37 }, // U+0153
    { 0x0154, 17 }, // U+0154
    { 0x0155, 44 }, // U+0155
    { 0x0156, 17 }, // U+0156
    { 0x0157, 44 }, // U+0157
    { 0x0158, 17 }, // U+0158
    { 0x0159, 109 }, // U+0159
    { 0x015A, 23 }, // U+015A
    { 0x015B, 45 }, // U+015B
    { 0x015C, 23 }, // U+015C
    { 0x015D, 110 }, // U+015D
    { 0x015E, 23 }, // U+015E
    { 0x015F, 45 }, // U+015F
    { 0x0160, 23 }, // U+0160
    { 0x0161, 111 }, // U+0161
    { 0x0162, 24 }, // U+0162
    { 0x0163, 46 }, // U+0163
    { 0x0164, 24 }, // U+0164
    { 0x0165, 46 }, // U+0165
    { 0x0166, 112 }, // U+0166
    { 0x0167, 113 }, // U+0167
    { 0x0168, 25 }, // U+0168
    { 0x0169, 47 }, // U+0169
    { 0x016A, 25 }, // U+016A
    { 0x016B, 47 }, // U+016B
    { 0x016C, 25 }, // U+016C
    { 0x016D, 114 }, // U+016D
    { 0x016E, 25 }, // U+016E
    { 0x016F, 47 }, // U+016F
    { 0x0170, 25 }, // U+0170
    { 0x0171, 47 }, // U+0171
    { 0x0172, 25 }, // U+0172
    { 0x0173, 47 }, // U+0173
    { 0x0174, 27 }, // U+0174
    { 0x0175, 49 }, // U+0175
    { 0x0176, 29 }, // U+0176
    { 0x0177, 115 }, // U+0177
    { 0x0178, 29 }, // U+0178
    { 0x0179, 30 }, // U+0179
    { 0x017A, 52 }, // U+017A
    { 0x017B, 30 }, // U+017B
    { 0x017C, 52 }, // U+017C
    { 0x017D, 30 }, // U+017D
    { 0x017E, 116 }, // U+017E
    { 0x01A0, 22 }, // U+01A0
    { 0x01A1, 37 }, // U+01A1
    { 0x01AF, 25 }, // U+01AF
    { 0x01B0, 47 }, // U+01B0
    { 0x01C4, 17 }, // U+01C4
    { 0x01C5, 17 }, // U+01C5
    { 0x01C6, 35 }, // U+01C6
    { 0x01C7, 17 }, // U+01C7
    { 0x01C8, 17 }, // U+01C8
    { 0x01C9, 43 }, // U+01C9
    { 0x01CA, 21 }, // U+01CA
    { 0x01CB, 21 }, // U+01CB
    { 0x01CC, 44 }, // U+01CC
    { 0x01E6, 18 }, // U+01E6
    { 0x01E7, 98 }, // U+01E7
    { 0x01EA, 22 }, // U+01EA
    { 0x01EB, 37 }, // U+01EB
    { 0x01FA, 16 }, // U+01FA
    { 0x01FB, 35 }, // U+01FB
    { 0x01FC, 68 }, // U+01FC
    { 0x01FD, 35 }, // U+01FD
    { 0x01FE, 69 }, // U+01FE
    { 0x01FF, 117 }, // U+01FF
    { 0x0200, 16 }, // U+0200
    { 0x0201, 118 }, // U+0201
    { 0x0202, 16 }, // U+0202
    { 0x0203, 72 }, // U+0203
    { 0x0204, 17 }, // U+0204
    { 0x0205, 119 }, // U+0205
    { 0x0206, 17 }, // U+0206
    { 0x0207, 120 }, // U+0207
    { 0x0208, 17 }, // U+0208
    { 0x0209, 121 }, // U+0209
    { 0x020A, 17 }, // U+020A
    { 0x020B, 122 }, // U+020B
    { 0x020C, 22 }, // U+020C
    { 0x020D, 123 }, // U+020D
    { 0x020E, 22 }, // U+020E
    { 0x020F, 124 }, // U+020F
    { 0x0210, 17 }, // U+0210
    { 0x0211, 125 }, // U+0211
    { 0x0212, 17 }, // U+0212
    { 0x0213, 126 }, // U+0213
    { 0x0214, 25 }, // U+0214
    { 0x0215, 127 }, // U+0215
    { 0x0216, 25 }, // U+0216
    { 0x0217, 47 }, // U+0217
    { 0x0218, 23 }, // U+0218
    { 0x0219, 45 }, // U+0219
    { 0x021A, 24 }, // U+021A
    { 0x021B, 46 }, // U+021B
    { 0x1EA0, 16 }, // U+1EA0
    { 0x1EA1, 35 }, // U+1EA1
    { 0x1EA2, 16 }, // U+1EA2
    { 0x1EA3, 35 }, // U+1EA3
    { 0x1EA4, 16 }, // U+1EA4
    { 0x1EA5, 72 }, // U+1EA5
    { 0x1EA6, 16 }, // U+1EA6
    { 0x1EA7, 128 }, // U+1EA7
    { 0x1EA8, 16 }, // U+1EA8
    { 0x1EA9, 72 }, // U+1EA9
    { 0x1EAA, 16 }, // U+1EAA
    { 0x1EAB, 91 }, // U+1EAB
    { 0x1EAC, 16 }, // U+1EAC
    { 0x1EAD, 72 }, // U+1EAD
    { 0x1EAE, 16 }, // U+1EAE
    { 0x1EAF, 35 }, // U+1EAF
    { 0x1EB0, 16 }, // U+1EB0
    { 0x1EB1, 35 }, // U+1EB1
    { 0x1EB2, 16 }, // U+1EB2
    { 0x1EB3, 35 }, // U+1EB3
    { 0x1EB4, 16 }, // U+1EB4
    { 0x1EB5, 129 }, // U+1EB5
    { 0x1EB6, 16 }, // U+1EB6
    { 0x1EB7, 91 }, // U+1EB7
    { 0x1EB8, 17 }, // U+1EB8
    { 0x1EB9, 37 }, // U+1EB9
    { 0x1EBA, 17 }, // U+1EBA
    { 0x1EBB, 130 }, // U+1EBB
    { 0x1EBC, 17 }, // U+1EBC
    { 0x1EBD, 120 }, // U+1EBD
    { 0x1EBE, 17 }, // U+1EBE
    { 0x1EBF, 75 }, // U+1EBF
    { 0x1EC0, 17 }, // U+1EC0
    { 0x1EC1, 131 }, // U+1EC1
    { 0x1EC2, 17 }, // U+1EC2
    { 0x1EC3, 75 }, // U+1EC3
    { 0x1EC4, 17 }, // U+1EC4
    { 0x1EC5, 132 }, // U+1EC5
    { 0x1EC6, 17 }, // U+1EC6
    { 0x1EC7, 75 }, // U+1EC7
    { 0x1EC8, 17 }, // U+1EC8
    { 0x1EC9, 133 }, // U+1EC9
    { 0x1ECA, 17 }, // U+1ECA
    { 0x1ECB, 41 }, // U+1ECB
    { 0x1ECC, 22 }, // U+1ECC
    { 0x1ECD, 37 }, // U+1ECD
    { 0x1ECE, 22 }, // U+1ECE
    { 0x1ECF, 134 }, // U+1ECF
    { 0x1ED0, 22 }, // U+1ED0
    { 0x1ED1, 83 }, // U+1ED1
    { 0x1ED2, 22 }, // U+1ED2
    { 0x1ED3, 135 }, // U+1ED3
    { 0x1ED4, 22 }, // U+1ED4
    { 0x1ED5, 83 }, // U+1ED5
    { 0x1ED6, 22 }, // U+1ED6
    { 0x1ED7, 136 }, // U+1ED7
    { 0x1ED8, 22 }, // U+1ED8
    { 0x1ED9, 83 }, // U+1ED9
    { 0x1EDA, 22 }, // U+1EDA
    { 0x1EDB, 37 }, // U+1EDB
    { 0x1EDC, 22 }, // U+1EDC
    { 0x1EDD, 82 }, // U+1EDD
    { 0x1EDE, 22 }, // U+1EDE
    { 0x1EDF, 134 }, // U+1EDF
    { 0x1EE0, 22 }, // U+1EE0
    { 0x1EE1, 84 }, // U+1EE1
    { 0x1EE2, 22 }, // U+1EE2
    { 0x1EE3, 37 }, // U+1EE3
    { 0x1EE4, 25 }, // U+1EE4
    { 0x1EE5, 47 }, // U+1EE5
    { 0x1EE6, 25 }, // U+1EE6
    { 0x1EE7, 47 }, // U+1EE7
    { 0x1EE8, 25 }, // U+1EE8
    { 0x1EE9, 47 }, // U+1EE9
    { 0x1EEA, 25 }, // U+1EEA
    { 0x1EEB, 87 }, // U+1EEB
    { 0x1EEC, 25 }, // U+1EEC
    { 0x1EED, 47 }, // U+1EED
    { 0x1EEE, 25 }, // U+1EEE
    { 0x1EEF, 47 }, // U+1EEF
    { 0x1EF0, 25 }, // U+1EF0
    { 0x1EF1, 47 }, // U+1EF1
    { 0x1EF2, 29 }, // U+1EF2
    { 0x1EF3, 137 }, // U+1EF3
    { 0x1EF4, 29 }, // U+1EF4
    { 0x1EF5, 51 }, // U+1EF5
    { 0x1EF6, 29 }, // U+1EF6
    { 0x1EF7, 51 }, // U+1EF7
    { 0x1EF8, 29 }, // U+1EF8
    { 0x1EF9, 138 }, // U+1EF9
    { 0x2013, 139 }, // U+2013
    { 0x2014, 139 }, // U+2014
    { 0x2018, 140 }, // U+2018
    { 0x2019, 141 }, // U+2019
    { 0x201A, 142 }, // U+201A
    { 0x201C, 140 }, // U+201C
    { 0x201D, 141 }, // U+201D
    { 0x201E, 143 }, // U+201E
    { 0x2020, 144 }, // U+2020
    { 0x2021, 145 }, // U+2021
    { 0x2022, 146 }, // U+2022
    { 0x2026, 10 }, // U+2026
    { 0x2032, 147 }, // U+2032
    { 0x2033, 147 }, // U+2033
    { 0x2039, 59 }, // U+2039
    { 0x203A, 66 }, // U+203A
    { 0x2070, 148 }, // U+2070
    { 0x2074, 149 }, // U+2074
    { 0xFB00, 150 }, // U+FB00
    { 0xFB01, 38 }, // U+FB01
    { 0xFB02, 38 }, // U+FB02
    { 0xFB03, 150 }, // U+FB03
    { 0xFB04, 150 }, // U+FB04
};

static const int8_t newsreader_12_2_bolditalicKernMatrix[] = {
       0,    0,   -1,    0,    0,    0,   -1,   -1,    0,   -1,   -1,    0,    0,   -1,    0,   -1,    0,    0,   -1,    0,    0,    0,    0,   -1,    0,   -1,   -1,   -1,   -1,    0,    0,   -1,   -1,   -1,    0,    0,    0,   -1,    0,    0,    0,    0,    0,    0,    0,    0,    0,    0,    0,    0,   -1,    0,    0,    0,    0,    0,    0,    0,    0,   -1,    0,    0,    0,    0,    0,    0,    0,   -1,    0,   -1,    0,    0,    0,    0,    0,    0,    0,    0,    0,    0,    0,    0,    0,    0,    0,    0,    0,    0,    0,   -1,    0,    0,    0,    0,    0,    0,    0,    0,    0,    0,    0,    0,    0,    0,    0,    0,    0,    0,    0,    0,    0,   -2,    0,    0,   -1,    0,    0,    0,    0,    0,    0,    0,    0,    0,    0,    0,    0,    0,    0,    0,    0,    0,    0,    0,    0,    0,   -1,   -1,    0,   -1,   -1,   -1,   -1,    0,    0,    0,   -1,    0,    0,   -1,
      -1,    0,    0,   -1,    0,    0,    0,   -3,   -3,   -3,    0,    0,    0,    0,    0,   -2,    0,    0,   -2,    0,    0,    0,    0,    0,    0,    1,    1,    0,    1,    0,    0,    0,    0,    0,   -2,    1,   -1,    0,   -1,    0,   -1,   -1,    0,   -1,   -1,    0,   -1,   -1,   -1,   -1,    0,   -1,   -1,    0,    0,   -1,    0,    0,   -2,    0,    0,    0,    0,    0,    0,   -1,   -3,   -2,    0,    0,   -2,   -2,   -2,   -1,   -2,   -1,    1,   -1,    0,    1,    0,   -2,   -1,   -1,   -2,   -1,   -1,   -1,    1,    0,   -2,   -2,   -1,   -2,   -2,   -2,   -2,   -2,    1,    0,   -1,    0,    0,    0,    0,    0,   -1,   -1,   -1,   -1,    0,    0,    0,   -1,    0,   -1,   -1,   -2,    0,   -2,    2,    0,   -1,   -1,    0,   -1,   -1,   -2,   -2,   -1,    1,   -2,   -1,   -1,    0,   -1,    0,    0,   -3,    0,    0,   -3,   -3,    0,    0,    0,    0,    0,    0,    0,
      -1,    0,   -1,    0,    0,    0,   -1,    0,    0,    0,    0,    0,    0,    0,    0,    1,    0,    0,    0,    0,    0,    0,    0,   -2,   -1,   -2,   -2,    0,   -2,    0,    0,    0,    0,    0,    0,    0,    0,    0,    0,    0,    0,    0,    0,    0,    0,    0,    0,    0,    0,    0,    0,    0,    0,    0,    0,    0,    0,    0,   -1,    0,    0,    0,    0,    0,    0,    0,    0,    1,    0,    0,    0,    0,    0,    0,    0,    0,    0,    0,    0,    0,    0,    0,    0,    0,    0,    0,    0,    0,    0,    0,    0,    0,    0,    0,    0,    0,    0,    0,    0,    0,    0,    0,    0,    0,    0,    0,    0,    0,    0,    0,    0,   -2,    0,    0,    0,    0,    0,    0,    0,    0,    0,    0,    0,    0,    0,    0,    0,    0,    0,    0,    0,    0,    0,    0,    0,    0,    0,    0,    0,   -1,   -1,    0,    0,    0,    0,    0,   -1,    0,    0,    0,
       0,    0,    0,   -1,   -1,    0,    0,   -1,   -2,   -1,    0,   -1,   -1,    0,    0,    0,    0,   -1,    0,    0,    0,   -1,    0,    0,    0,    0,    0,    0,    0,    0,    0,    0,    0,    0,   -1,    1,   -1,    1,    0,    0,   -1,    2,    0,   -1,   -1,   -1,   -1,   -1,   -1,   -1,   -1,   -1,   -1,    0,    0,    0,   -1,    0,   -1,    0,    0,    0,    0,    0,    0,   -1,    0,    0,   -1,    1,   -1,   -1,   -1,   -1,   -1,   -1,    0,   -1,   -1,    0,    0,   -1,   -1,   -1,   -1,   -1,   -1,   -1,    0,   -1,   -1,   -1,   -1,   -1,   -1,   -1,    0,    0,    0,    0,   -1,   -1,    0,    2,    0,    0,   -1,   -1,   -1,   -1,   -1,    0,   -1,   -1,   -1,   -1,   -1,   -1,    0,   -1,    1,   -1,   -1,   -1,    0,   -1,   -1,    0,   -1,   -1,    1,   -1,   -1,   -1,    1,   -1,   -1,   -1,   -2,    0,    0,   -1,   -1,    0,    0,    0,    0,    0,    0,    1,
       0,    0,   -1,    0,    0,   -1,   -1,    0,    0,    0,    0,    0,    0,    0,    0,    0,    0,    0,    0,    0,    0,    0,    0,    0,    0,    0,    0,    0,    0,    0,    0,    0,   -1,    0,    0,    0,    0,    0,    0,    0,    0,    0,    0,    0,    0,    0,    0,    0,    0,    0,    0,    0,    0,    0,   -1,    0,    0,    0,    0,    0,    0,    0,    0,    0,    0,    0,    0,    0,    0,    0,    0,    0,    0,    0,    0,    0,    0,    0,    0,    0,    0,    0,    0,    0,    0,    0,    0,    0,    0,    0,    0,    0,    0,    0,    0,    0,    0,    0,    0,    0,    0,    0,    0,    0,    0,    0,    0,    0,    0,    0,    0,    0,    0,    0,    0,    0,    0,    0,    0,    0,    0,    0,    0,    0,    0,    0,    0,    0,    0,    0,    0,    0,    0,    0,    0,    0,    0,    0,    0,   -1,    0,    0,    0,    0,    0,    0,    0,    0,    0,    0,
      -1,    0,    0,   -1,    0,   -1,    0,   -3,   -2,   -3,    0,   -1,   -1,   -1,    0,   -2,   -1,    0,   -2,   -1,   -1,    0,    0,    0,   -1,   -1,   -1,   -1,   -1,    0,    0,    0,   -1,    0,   -1,    0,   -1,    0,   -1,    0,   -1,   -1,    0,   -1,   -1,    0,   -1,    0,    0,   -1,    0,   -1,    0,    0,   -1,   -1,    0,    0,   -2,    0,    0,    0,    0,    0,    0,   -1,   -3,   -3,    0,    0,   -1,   -1,   -1,   -1,   -1,   -1,   -1,   -1,    0,    0,   -1,   -1,   -1,   -1,   -1,   -1,   -1,   -1,    0,    0,   -1,   -1,   -1,   -1,   -1,   -1,   -1,   -1,    1,   -1,    0,   -1,   -1,    1,   -1,   -1,   -1,   -1,   -1,    0,   -1,    0,    0,   -1,    0,   -1,   -1,   -1,   -1,   -1,   -1,    0,   -1,   -1,   -1,   -1,   -1,   -1,   -1,   -1,   -1,   -1,   -1,   -1,   -1,   -1,    0,    0,   -2,    0,    0,   -3,   -3,    0,    0,    0,    0,    0,    0,    0,
      -1,    0,   -3,   -1,   -1,   -1,   -4,    0,   -2,    0,    0,    0,    0,   -2,   -1,    0,    0,   -2,    0,    0,    0,   -2,   -1,   -5,   -2,   -3,   -4,    0,   -5,    0,    0,   -3,    0,    0,    0,   -1,   -1,    0,   -1,    0,   -1,    1,    0,   -2,    0,   -1,   -1,   -2,   -2,    0,   -5,   -1,   -1,   -1,   -1,    0,   -2,    0,   -1,   -4,    0,    0,   -1,    0,    0,    0,    0,    1,   -3,    0,    0,    0,    0,   -1,   -1,   -1,   -1,   -1,   -1,   -1,   -1,   -1,   -1,   -1,   -1,   -1,   -1,   -1,    0,   -5,    0,   -1,   -1,   -1,   -1,   -1,   -1,   -1,    0,    0,   -1,   -1,   -1,    1,    0,   -1,   -1,   -1,   -2,    0,    0,   -5,   -1,   -1,   -5,   -1,   -1,    0,   -1,   -1,   -1,   -1,   -1,   -1,   -2,   -2,   -1,    0,    0,   -1,   -1,   -1,   -1,   -1,   -1,   -1,   -5,   -5,   -2,   -8,   -7,    0,    0,    0,    0,    0,   -6,    0,    0,    0,
       0,    0,   -3,    0,    0,   -2,   -4,   -1,    0,   -1,    0,   -1,   -1,    0,    0,   -1,   -1,   -1,   -2,   -1,   -1,   -1,    0,   -3,   -1,   -2,   -2,   -2,   -3,   -2,   -1,    0,   -2,    0,    0,    0,    0,   -1,    0,    0,   -1,   -1,    0,   -1,   -1,   -1,   -1,   -1,   -1,   -1,    0,   -1,    0,    0,   -2,    0,    0,    0,    0,    0,    0,    0,    0,    0,    0,   -1,    0,   -2,   -1,   -1,    0,    0,    0,    0,    0,    0,   -1,   -1,   -1,   -1,    0,    0,    0,    0,    0,    0,   -1,   -1,    0,    0,    0,    0,    0,    0,    0,    0,    0,    0,    0,   -1,   -1,   -1,   -1,   -1,    0,    0,    0,    0,   -1,   -1,   -1,   -5,   -1,   -1,    0,   -1,    0,    0,    0,    0,   -1,   -1,    0,    0,   -1,   -1,   -1,    0,    0,    0,    0,    0,   -1,    0,    0,    0,    0,    0,    0,   -3,   -3,   -1,   -1,    0,    0,    0,   -3,    0,    0,   -1,
      -1,    0,   -3,   -1,   -1,   -1,   -4,    0,   -1,    0,    0,    0,    0,   -2,   -1,    0,    0,   -2,    0,    0,    0,   -2,   -1,   -3,   -2,   -3,   -2,    0,   -3,    0,    0,   -3,    0,    0,    0,   -1,   -1,   -1,   -1,    0,   -1,   -1,    0,   -2,    0,   -1,   -1,   -2,   -2,    0,   -3,   -1,   -1,   -1,   -1,    0,   -2,    0,   -1,   -4,    0,    0,   -1,    0,    0,    0,    0,    0,   -3,   -1,    0,    0,    0,   -1,   -1,   -1,   -1,   -1,   -1,   -1,   -1,   -1,   -1,   -1,   -1,   -1,   -1,   -1,    0,   -3,    0,   -1,   -1,   -1,   -1,   -1,   -1,   -1,    0,    0,   -1,   -1,   -1,   -1,    0,   -1,   -1,   -1,   -2,    0,    0,   -5,   -1,   -1,   -3,   -1,   -1,    0,   -1,   -1,   -1,   -1,   -1,   -1,   -2,   -2,   -1,    0,    0,   -1,   -1,   -1,   -1,   -1,   -1,   -1,   -3,   -3,   -1,   -4,   -4,    0,    0,    0,    0,    0,   -3,    0,    0,   -1,
      -1,    0,    0,    0,    0,    0,    0,   -2,    0,   -2,   -4,   -1,   -1,    0,    0,   -2,    0,    0,   -1,    0,    0,    0,    0,    0,    0,    0,    0,    0,    0,    0,    0,    0,    0,    0,   -2,    0,   -3,    0,   -2,    0,    0,    0,    0,   -1,   -2,    0,   -1,   -1,   -1,   -1,   -1,   -1,    0,    0,    0,    0,    0,    0,    0,    0,    0,    0,    0,    0,    0,    0,    0,   -2,    0,    0,   -2,   -2,   -2,   -3,   -3,   -3,    0,    0,    0,    0,    0,   -3,   -3,   -3,   -3,   -3,   -1,   -1,    0,   -1,   -2,   -3,   -3,   -3,   -3,   -3,   -2,   -2,    0,    0,    0,    0,    0,    0,    0,    0,   -3,   -3,   -1,   -2,   -2,    0,    0,   -1,   -1,   -1,   -3,   -2,   -3,   -3,    0,    0,   -3,   -3,   -1,   -1,   -1,   -2,   -2,   -3,   -3,   -3,    0,   -3,   -3,   -3,   -1,   -1,    0,    0,    0,   -2,   -2,    0,    0,    0,    0,    0,    0,    0,
       0,    0,   -1,    0,    0,   -1,   -1,    0,   -1,    0,    0,    0,    0,   -1,    0,    0,    0,    0,    0,    0,    0,    0,    0,   -2,   -1,   -2,   -2,    0,   -2,    0,    0,   -1,    0,    0,    0,    0,    0,    0,    0,    0,    0,    0,    0,    0,    0,    0,    0,    0,    0,    0,    0,    0,    0,    0,    0,    0,    0,    0,   -1,   -1,    0,    0,   -1,    0,    0,    0,    0,    0,    0,    0,    0,    0,    0,    0,    0,    0,    0,    0,    0,    0,    0,    0,    0,    0,    0,    0,    0,    0,    0,    0,    0,    0,    0,    0,    0,    0,    0,    0,    0,    0,    0,    0,    0,    0,    0,   -1,    0,    0,    0,    0,    0,   -3,    0,    0,    0,    0,    0,    0,    0,    0,    0,    0,    0,    0,    0,    0,    0,    0,    0,    0,    0,    0,    0,    0,    0,    0,    0,    0,   -1,   -1,   -1,    0,    0,    0,    0,    0,   -1,    0,    0,    0,
       0,    0,   -1,    0,    0,   -1,   -1,    0,   -1,    0,    0,    0,    0,   -1,    0,    0,    0,    0,    0,    0,    0,    0,    0,   -2,   -1,   -2,   -2,    0,   -2,    0,    0,   -1,    0,    0,    0,    0,    0,    1,    0,    0,    0,    2,    0,    0,    0,    0,    0,    0,    0,    0,    0,    0,    0,    0,    0,    0,    0,    0,   -1,   -1,    0,    0,   -1,    0,    0,    0,    0,    0,    0,    1,    0,    0,    0,    0,    0,    0,    0,    0,    0,    0,    0,    0,    0,    0,    0,    0,    0,    0,    0,    0,    0,    0,    0,    0,    0,    0,    0,    0,    0,    0,    0,    0,    0,    2,    0,   -1,    0,    0,    0,    0,    0,   -3,    0,    0,    0,    0,    0,    0,    0,    0,    0,    0,    0,    0,    0,    0,    0,    0,    0,    0,    0,    0,    0,    0,    0,    0,    0,    0,   -1,   -1,   -1,    0,    0,    0,    0,    0,   -1,    0,    0,    1,
       0,    0,    0,    0,    0,   -1,   -1,    0,    0,    0,    0,    0,    0,   -1,    0,    0,    0,    0,    0,    0,    0,    0,    0,    0,    0,    0,    0,    0,    0,    0,    0,    0,   -1,    0,    0,    0,    0,    0,    0,    0,    0,    0,    0,    0,    0,    0,    0,    0,    0,    0,    0,    0,    0,    0,   -1,    0,    0,    0,   -1,    0,    0,    0,    0,    0,    0,    0,    0,    0,    0,    0,    0,    0,    0,    0,    0,    0,    0,    0,    0,    0,    0,    0,    0,    0,    0,    0,    0,    0,    0,    0,    0,    0,    0,    0,    0,    0,    0,    0,    0,    0,    0,    0,    0,    0,    0,    0,    0,    0,    0,    0,    0,    0,    0,    0,    0,    0,    0,    0,    0,    0,    0,    0,    0,    0,    0,    0,    0,    0,    0,    0,    0,    0,    0,    0,    0,    0,    0,    0,    0,    0,    0,   -2,   -2,    0,    0,    0,    0,    0,    0,    0,
      -1,    0,    0,    0,    0,    0,    0,   -1,    0,   -1,    0,    0,    0,    0,    0,   -1,   -1,    0,   -1,   -1,   -1,    0,    0,   -1,   -1,   -2,   -2,   -1,   -2,   -1,    0,    0,    0,    0,    0,    0,    0,    0,    0,    0,    0,    0,    0,    0,    0,    0,    0,    0,    0,    0,    0,    0,    0,    0,    0,    0,    0,    0,    0,    0,    0,    0,    0,    0,    0,    0,    0,   -1,    0,    0,    0,    0,    0,    0,    0,    0,    0,    0,    0,    0,    0,    0,    0,    0,    0,    0,    0,    0,    0,    0,    0,    0,    0,    0,    0,    0,    0,    0,    0,   -1,    0,    0,    0,    0,    0,    0,    0,    0,    0,    0,    0,   -1,    0,    0,    0,    0,    0,    0,    0,    0,    0,    0,    0,    0,    0,    0,    0,    0,    0,    0,    0,    0,    0,    0,    0,    0,    0,    0,    0,    0,    0,   -1,   -1,    0,    0,    0,    0,    0,    0,    0,
      -1,    0,   -2,   -1,    0,    0,   -3,    0,   -1,    0,    0,    0,    0,   -2,   -1,    0,    0,   -2,    0,    0,    0,   -2,   -1,   -3,   -2,   -3,   -2,    0,   -3,   -1,    0,   -2,    0,    0,   -1,   -1,   -1,   -1,   -1,    0,   -1,   -1,    0,   -1,    0,   -1,   -1,   -1,   -1,    0,   -2,    0,    0,    0,   -1,    0,   -2,   -2,   -1,   -2,    0,    0,   -1,    0,   -2,    0,    0,    0,   -2,   -1,   -1,   -1,   -1,   -1,   -1,   -1,   -1,   -1,   -1,   -1,   -1,   -1,   -1,   -1,   -1,   -1,   -1,   -1,    0,   -2,   -1,   -1,   -1,   -1,   -1,   -1,   -1,   -1,    0,    0,   -1,   -1,   -1,   -1,   -1,   -1,   -1,   -1,   -1,    0,    0,   -3,   -1,   -1,   -2,    0,   -1,   -1,   -1,   -1,   -1,   -1,   -1,   -1,   -1,   -1,   -1,   -1,   -1,   -1,   -1,   -1,   -1,   -1,   -1,   -1,   -2,   -2,   -1,   -3,   -3,    0,    0,   -3,   -3,   -1,    0,    0,    0,   -1,
       0,    0,    0,    0,    0,   -1,   -1,    0,    0,    0,    0,    0,    0,   -1,    0,   -1,   -1,    0,   -1,   -1,   -1,    0,    0,   -1,   -1,   -2,   -1,   -1,   -2,   -1,    0,    0,   -1,    0,    0,    0,    0,   -1,   -1,    0,    0,    0,    0,    0,    0,   -1,    0,    0,    0,    0,   -1,   -1,    0,    0,   -1,    0,    0,    0,    0,    0,    0,    0,    0,    0,    0,    0,    0,   -1,    0,   -1,    0,    0,    0,    0,    0,    0,    0,    0,    0,    0,    0,    0,    0,    0,    0,    0,    0,    0,    0,   -1,    0,    0,    0,    0,    0,    0,   -1,   -1,    0,   -1,    0,    0,    0,    0,    0,    0,    0,    0,    0,    0,    0,   -1,   -1,    0,   -1,   -1,    0,    0,    0,    0,    0,    0,    0,    0,    0,    0,    0,    0,    0,    0,    0,    0,    0,    0,    0,    0,   -1,   -1,    0,    0,   -1,    0,    0,   -1,   -1,    0,    0,    0,    0,   -1,
       0,    0,    0,    0,    0,    0,   -1,    0,    0,    0,    0,    0,    0,   -1,    0,    0,    0,    0,    0,    0,    0,    0,    0,   -1,    0,   -1,   -1,    0,   -1,    0,    0,    0,    0,    0,    0,    0,    0,   -1,   -1,    0,    0,   -1,    0,    0,    0,    0,    0,    0,    0,    0,   -1,    0,    0,    0,    0,    0,    0,    0,    0,    0,    0,    0,    0,    0,    0,    0,    0,    0,    0,   -1,    0,    0,    0,    0,    0,    0,    0,    0,    0,    0,    0,    0,    0,    0,    0,    0,    0,    0,    0,   -1,    0,    0,    0,    0,    0,    0,   -1,   -1,    0,    0,    0,    0,    0,   -1,    0,    0,    0,    0,    0,    0,    0,   -1,    0,    0,   -1,    0,    0,    0,    0,    0,    0,    0,    0,    0,    0,    0,    0,    0,    0,    0,    0,    0,    0,    0,    0,    0,   -1,   -1,    0,    0,    0,    0,    0,   -1,    0,    0,    0,    0,    0,   -1,
       0,    0,   -1,    0,    0,   -1,   -1,   -1,    0,   -1,    0,    0,    0,   -2,    0,   -1,   -1,    0,   -1,   -1,   -1,    0,    0,   -1,   -1,   -2,   -1,   -2,   -3,   -1,    0,   -1,   -1,    0,    0,    0,    0,    0,    0,    0,    0,    0,    0,    0,    0,    0,    0,    0,    0,    0,    0,    0,    0,    0,   -1,    0,    0,    0,    0,    0,    0,    0,    0,    0,    0,   -1,    0,   -2,    0,    0,    0,    0,    0,    0,    0,    0,    0,    0,    0,    0,    0,    0,    0,    0,    0,    0,    0,    0,    0,    0,    0,    0,    0,    0,    0,    0,    0,    0,    0,   -1,    0,    0,    0,    0,    0,    0,    0,    0,    0,    0,    0,   -1,    0,    0,    0,    0,    0,    0,    0,    0,    0,    0,    0,    0,    0,    0,    0,    0,    0,    0,    0,    0,    0,    0,    0,    0,    0,    0,    0,   -1,    0,   -1,   -1,   -1,    0,    0,    0,    0,    0,    0,
       0,    0,    0,    0,    0,    0,   -1,    0,    0,    0,    0,    0,    0,    0,    0,    0,    0,    0,    0,    0,    0,    0,    0,   -1,    0,   -1,   -1,   -1,   -1,    0,    0,    0,    0,    0,    0,    0,    0,   -1,   -1,    0,   -1,   -1,    0,   -1,    0,   -1,   -1,   -1,   -1,    0,   -1,   -1,    0,    0,    0,    0,    0,    0,    0,    0,    0,    0,    0,    0,    0,    0,    0,    0,    0,   -1,    0,    0,    0,    0,    0,    0,   -1,   -1,   -1,   -1,    0,    0,    0,    0,    0,    0,   -1,   -1,    0,   -1,    0,    0,    0,    0,    0,    0,   -1,   -1,    0,    0,   -1,   -1,   -1,   -1,    0,    0,    0,    0,   -1,    0,    0,   -1,   -1,   -1,   -1,   -1,    0,    0,    0,    0,   -1,   -1,    0,    0,   -1,   -1,   -1,    0,    0,    0,    0,    0,   -1,    0,    0,    0,   -1,   -1,    0,    0,    0,    0,    0,   -1,    0,    0,    0,    0,    0,   -1,
      -1,    0,    0,   -1,    0,    0,    0,   -3,   -2,   -3,   -1,   -1,   -1,    0,    0,   -2,    0,   -1,   -2,   -1,    0,   -1,    0,    0,    0,    0,    0,   -1,    0,    0,    0,    0,    0,    0,   -2,    0,   -1,   -1,   -1,    0,   -1,   -1,    0,   -1,   -2,   -1,   -1,   -1,   -1,   -2,   -1,   -2,    0,    0,    0,    0,    0,    0,   -2,    0,    0,    0,   -2,    0,    0,   -1,    0,   -2,   -1,   -1,   -2,   -2,   -2,   -1,   -1,   -1,   -1,   -1,   -1,    0,   -1,   -1,   -1,   -1,   -1,   -1,   -1,   -1,    0,   -1,   -2,   -1,   -1,   -1,   -1,   -1,   -1,   -1,    1,    0,   -1,   -1,   -1,    0,   -1,   -1,   -1,   -1,   -1,   -1,   -1,    0,   -1,   -1,   -1,   -2,   -2,   -2,   -1,   -1,    1,   -1,   -1,   -1,   -1,   -1,   -1,   -1,   -2,   -1,    0,   -1,   -1,   -1,    0,   -1,   -1,   -1,   -2,    0,    0,   -3,   -3,    0,    0,   -1,    0,    0,    0,   -1,
       0,    0,   -1,    0,    0,    0,   -1,    0,    0,    0,    0,    0,    0,   -1,    0,   -1,    0,    0,   -1,    0,    0,    0,    0,   -1,   -1,   -1,   -1,   -1,   -1,   -1,    0,   -1,    0,    0,    0,    0,    0,   -1,    0,    0,    0,    0,    0,    0,    0,   -1,    0,    0,    0,    0,    0,    0,    0,    0,    0,    0,    0,    0,    0,   -1,    0,    0,    0,    0,    0,    0,    0,   -1,    0,   -1,    0,    0,    0,    0,    0,    0,    0,    0,    0,    0,    0,    0,    0,    0,    0,    0,    0,    0,    0,    0,    0,    0,    0,    0,    0,    0,    0,    0,    0,    0,    0,    0,    0,    0,    0,    0,    0,    0,    0,    0,    0,   -1,   -1,    0,    0,    0,    0,    0,    0,    0,    0,    0,    0,    0,    0,    0,    0,    0,    0,    0,    0,    0,    0,    0,    0,    0,    0,    0,    0,   -1,   -1,    0,    0,   -1,   -1,    0,    0,    0,    0,   -1,
       0,    0,    0,   -1,    0,    0,    0,    0,   -1,    0,    0,    0,    0,    0,   -1,    0,    0,   -1,    0,    0,    0,   -1,    0,    0,    0,    0,    0,    0,    0,    0,    0,    0,    0,    0,   -1,    0,   -1,   -1,   -1,    0,   -1,   -1,    0,   -1,   -1,   -1,   -1,   -1,   -1,    0,   -1,   -1,    0,    0,    0,    0,    0,    0,   -1,    0,    0,    0,   -1,    0,    0,   -1,    0,    0,   -1,   -1,   -1,   -1,   -1,   -1,   -1,   -1,   -1,   -1,   -1,   -1,   -1,   -1,   -1,   -1,   -1,   -1,   -1,   -1,    0,   -1,   -1,   -1,   -1,   -1,   -1,   -1,   -1,   -1,    0,    0,   -1,   -1,   -1,   -1,    0,   -1,   -1,   -1,   -1,   -1,   -1,    0,   -1,   -1,   -1,   -1,   -1,   -1,   -1,   -1,    1,   -1,   -1,   -1,   -1,   -1,   -1,   -1,   -1,   -1,   -1,   -1,   -1,   -1,   -1,   -1,   -1,   -1,   -1,    0,    0,    0,    0,    0,    0,    0,    0,    0,    0,   -1,
       0,    0,    0,   -1,    0,    0,    0,   -1,   -1,   -1,    0,   -1,   -1,    0,   -1,   -1,    0,   -1,   -1,    0,    0,    0,    0,    0,    0,    0,    0,    0,    0,    0,    0,    0,    0,    0,   -1,    0,   -1,   -1,   -1,    0,   -1,   -1,    0,   -1,   -1,   -1,   -1,   -1,   -1,   -1,   -1,   -1,    0,    0,    0,    0,    0,    0,   -1,    0,    0,    0,   -1,    0,    0,   -1,    0,   -2,    0,   -1,   -1,   -1,   -1,   -1,   -1,   -1,    0,   -1,   -1,    0,   -1,   -1,   -1,   -1,   -1,   -1,   -1,   -1,    1,   -1,   -1,   -1,   -1,   -1,   -1,   -1,   -1,   -1,    1,    0,   -1,   -1,   -1,   -1,    0,   -1,   -1,   -1,   -1,   -2,   -1,    0,   -1,   -1,   -1,   -1,   -1,   -1,   -1,   -1,    1,   -1,   -1,   -1,   -1,   -1,   -1,   -1,   -1,   -1,    0,   -1,   -1,   -1,   -1,   -1,   -1,   -1,   -1,    0,    0,   -1,   -1,    0,    0,    0,    0,    0,    0,   -1,
      -1,    0,    0,   -1,    0,    0,    0,    0,   -2,    0,    0,    0,    0,   -1,   -1,    0,    0,   -2,    0,    0,    0,   -2,   -1,    0,   -1,   -1,   -1,    0,   -1,    0,    0,    0,    0,    0,   -1,    0,   -1,   -2,   -1,    0,   -1,   -1,    0,   -1,   -1,   -1,   -1,   -1,   -1,   -1,   -2,   -1,    0,    0,    0,    0,   -1,   -1,   -2,   -1,    0,    0,   -2,    0,   -1,    0,    0,    0,   -3,   -2,   -1,   -1,   -1,   -1,   -1,   -1,   -1,   -1,   -1,   -1,   -1,   -1,   -1,   -1,   -1,   -1,   -1,   -1,    0,   -2,   -1,   -1,   -1,   -1,   -1,   -1,   -1,   -1,    0,    0,   -1,   -1,   -1,   -1,   -1,   -1,   -1,   -1,   -1,   -1,   -1,    0,   -2,   -1,   -2,   -1,   -1,   -1,   -1,   -1,    1,   -1,   -2,   -1,   -1,   -1,   -1,   -1,   -1,   -1,   -1,   -1,   -1,   -1,   -2,   -1,   -4,   -2,   -2,   -1,    0,    0,    0,    0,   -1,   -2,    0,    0,    0,   -2,
      -1,    0,   -3,    0,    0,    0,   -3,    0,    0,    0,    0,    0,    0,   -2,    0,    0,    0,   -1,    0,    0,    0,   -1,   -1,   -3,   -1,   -3,   -2,   -1,   -3,   -1,    0,   -2,    0,    0,    0,    0,    0,   -1,    0,    0,   -1,   -1,    0,   -1,    0,   -1,   -1,   -1,   -1,    0,   -1,   -1,    0,    0,    0,    0,   -1,   -1,    0,   -3,    0,    0,    0,    0,   -1,    0,    0,    0,   -1,   -1,    0,    0,    0,    0,    0,    0,   -1,   -1,   -1,   -1,    0,    0,    0,    0,    0,    0,   -1,   -1,    0,   -1,    0,    0,    0,    0,    0,    0,    0,    0,    0,    0,   -1,   -1,   -1,   -1,   -1,    0,    0,    0,   -1,    0,    0,   -6,   -1,   -1,   -1,   -1,    0,    0,    0,    0,   -1,   -1,    0,    0,   -1,   -1,   -1,    0,    0,    0,    0,    0,   -1,    0,    0,    0,   -1,   -1,    0,   -3,   -3,    0,    0,   -3,   -3,    0,    0,    0,    0,   -1,
       0,    0,    0,   -1,    0,    0,   -1,    0,   -1,    0,    0,    0,    0,    0,   -1,    0,    0,   -1,    0,    0,    0,   -1,    0,   -1,   -1,    0,    0,    0,    0,    0,    0,    0,    0,    0,   -1,    0,   -1,   -1,   -1,    0,   -1,   -1,    0,   -1,   -1,   -1,   -1,   -1,   -1,    0,   -1,   -1,    0,    0,    0,    0,    0,    0,   -1,    0,    0,    0,   -1,    0,    0,   -1,    0,    0,   -1,   -1,   -1,   -1,   -1,   -1,   -1,   -1,   -1,   -1,   -1,   -1,   -1,   -1,   -1,   -1,   -1,   -1,   -1,   -1,    0,   -1,   -1,   -1,   -1,   -1,   -1,   -1,   -1,   -1,    0,    0,   -1,   -1,   -1,   -1,    0,   -1,   -1,   -1,   -1,   -1,   -1,   -1,   -1,   -1,   -1,   -1,   -1,   -1,   -1,   -1,    0,   -1,   -1,   -1,   -1,   -1,   -1,   -1,   -1,   -1,   -1,   -1,   -1,   -1,   -1,   -1,   -1,   -1,   -1,   -1,    0,    0,    0,   -1,   -1,    0,    0,    0,    0,   -1,
       0,    0,    0,   -1,    0,    0,    0,   -1,   -1,   -1,    0,    0,   -1,    0,   -1,   -1,    0,   -1,    0,    0,    0,   -1,    0,    0,    0,    0,    0,    0,    0,    0,    0,    0,    0,    0,   -1,    0,   -1,   -1,   -1,    0,   -1,   -1,    0,   -1,   -1,   -1,   -1,   -1,   -1,   -1,   -1,   -1,    0,    0,    0,    0,    0,    0,   -1,    0,    0,    0,   -1,    0,    0,   -1,    0,   -1,   -1,   -1,   -1,   -1,   -1,   -1,   -1,   -1,    0,   -1,   -1,   -1,   -1,   -1,   -1,   -1,   -1,   -1,   -1,   -1,    1,   -1,   -1,   -1,   -1,   -1,   -1,   -1,   -1,   -1,    1,    0,   -1,   -1,   -1,   -1,    0,   -1,   -1,   -1,   -1,   -1,   -1,    0,   -1,   -1,   -1,   -1,   -1,   -1,   -1,   -1,    1,   -1,   -1,   -1,   -1,   -1,   -1,   -1,   -1,   -1,    0,   -1,   -1,   -1,   -1,   -1,   -1,   -1,   -1,    0,    0,   -1,   -1,    0,    0,    0,    0,    0,    0,   -1,
       0,    0,   -1,    0,    0,   -1,   -2,   -1,    0,   -1,    0,    0,    0,   -1,    0,   -1,   -1,    0,   -1,   -1,   -1,    0,    0,   -1,   -1,   -2,   -1,   -2,   -2,   -1,    0,   -1,   -1,    0,    0,    0,    0,    0,    0,    0,    0,    0,    0,    0,   -1,    0,    0,    0,    0,    0,    0,    0,    0,    0,   -1,    0,    0,    0,    0,    0,    0,    0,    0,    0,    0,   -1,    0,   -1,    0,    0,    0,    0,    0,    0,    0,    0,    0,    0,    0,    0,    0,    0,    0,    0,    0,    0,    0,    0,    0,    0,    0,    0,    0,    0,    0,    0,    0,    0,    0,   -1,    0,    0,    0,    0,    0,    0,    0,    0,    0,   -1,   -1,   -1,    0,    0,    0,    0,    0,    0,    0,    0,    0,    0,    0,    0,    0,    0,    0,    0,    0,    0,    0,    0,    0,    0,    0,    0,    0,    0,    0,   -1,   -1,   -1,   -1,   -1,    0,    0,    0,    0,    0,    0,
      -1,    0,    0,   -1,    0,   -1,    0,   -3,   -2,   -3,   -1,    0,    0,    0,    0,   -2,   -1,    0,   -2,   -1,   -1,    0,    0,    0,   -1,   -1,   -1,   -2,   -1,    0,    0,    0,   -1,    0,   -1,    0,   -1,    0,   -1,    0,    0,    0,    0,    0,    0,    0,    0,    0,    0,   -1,    0,    0,    0,    0,    0,    0,    0,    0,   -2,    0,    0,    0,   -2,    0,    0,    0,    0,   -2,    0,    0,   -1,   -1,   -1,   -1,   -1,   -1,    0,    0,    0,    0,   -1,   -1,   -1,   -1,   -1,   -1,    0,    0,    0,    0,   -1,   -1,   -1,   -1,   -1,   -1,   -1,   -1,    0,   -1,    0,    0,    0,    0,   -1,   -1,   -1,   -1,    0,    0,    0,    0,    0,    0,    0,    0,   -1,   -1,   -1,   -1,    0,    0,   -1,   -1,    0,    0,    0,   -1,   -1,   -1,   -1,   -1,    0,   -1,   -1,   -1,    0,    0,   -2,    0,    0,   -3,   -3,    0,    0,    0,    0,    0,    0,    0,
       0,    0,   -1,    0,    0,    0,   -2,    1,    0,   -1,    0,    0,    1,   -1,    0,   -1,   -1,    0,   -1,   -1,   -1,    0,    0,   -1,   -1,   -2,   -1,   -2,   -2,   -1,    0,   -1,    1,    2,    0,    0,    0,    0,    0,    0,    0,    1,    0,    0,   -1,    0,    0,    0,    0,    0,    0,    0,    0,    0,    1,    0,    0,    0,    0,    0,    0,    0,    0,    0,    0,   -1,    0,   -1,    0,    0,    0,    0,    0,    0,    0,    0,    0,    0,    0,    0,    0,    0,    0,    0,    0,    0,    0,    0,    0,    0,    0,    0,    0,    0,    0,    0,    0,    0,    0,   -1,    0,    0,    0,    1,    0,    0,    0,    0,    0,   -1,   -1,   -1,    0,    0,    0,    0,    0,    0,    0,    0,    0,    0,    0,    0,    0,    0,    0,    0,    0,    0,    0,    0,    0,    0,    0,    0,    0,    0,    0,   -1,   -1,    0,    0,   -1,    0,    0,    0,    0,    0,    0,
      -1,    0,   -1,   -1,    0,    0,   -1,    0,   -1,    0,    0,    0,    0,   -1,   -1,    0,    0,   -1,    0,    0,    0,   -1,    0,   -1,   -1,   -2,   -1,    0,   -2,    0,    0,   -1,    0,    0,    0,    0,   -1,   -1,    0,    0,    0,    0,    0,    0,    0,    0,   -1,   -1,   -1,    0,   -1,    0,    0,    0,    0,    0,   -1,   -1,   -1,   -1,    0,    0,   -1,    0,   -1,    0,    0,    0,   -1,   -1,    0,    0,    0,   -1,   -1,   -1,    0,    0,    0,    0,   -1,   -1,   -1,   -1,   -1,    0,   -1,   -1,    0,   -1,    0,   -1,   -1,   -1,   -1,   -1,    0,    0,    0,    0,    0,    0,    0,    0,    0,    0,   -1,   -1,    0,    0,    0,   -1,    0,   -1,   -1,    0,    0,    0,   -1,   -1,    0,    0,   -1,   -1,    0,    0,   -1,    0,    0,   -1,   -1,   -1,    0,   -1,   -1,   -1,   -1,   -1,   -1,   -1,   -1,    0,    0,   -1,   -1,   -1,    0,    0,    0,   -1,
       0,    0,    0,    0,    0,   -1,   -1,    0,    0,    0,    0,    0,    0,   -1,    0,   -1,    0,    0,    0,    0,    0,    0,    0,   -1,   -1,   -1,   -1,   -1,   -1,   -1,    0,    0,    0,    0,    0,    0,    0,   -1,   -1,    0,   -1,   -1,    0,    0,    0,   -1,   -1,    0,    0,    0,   -1,   -1,    0,    0,    0,    0,    0,    0,    0,    0,    0,    0,    0,    0,    0,   -1,    0,   -1,    0,   -1,    0,    0,    0,    0,    0,    0,   -1,   -1,   -1,   -1,    0,    0,    0,    0,    0,    0,   -1,   -1,    0,   -1,    0,    0,    0,    0,    0,    0,   -1,   -1,    0,    0,   -1,   -1,   -1,   -1,    0,    0,    0,    0,    0,    0,    0,   -1,   -1,   -1,   -1,   -1,    0,    0,    0,    0,   -1,   -1,    0,    0,    0,    0,   -1,    0,    0,    0,    0,    0,   -1,    0,    0,    0,   -1,   -1,    0,   -1,   -1,    0,    0,   -1,    0,    0,    0,    0,    0,   -1,
      -1,    0,    0,   -1,    0,    0,    0,   -2,   -3,   -2,   -2,   -1,   -1,    0,    0,   -3,    0,   -1,   -2,    0,    0,   -1,    0,    0,    0,    0,    0,    0,    0,    0,    0,    0,    0,    0,   -2,    0,   -2,   -1,   -2,    0,   -1,   -1,    0,   -2,   -2,   -1,   -2,   -2,   -2,   -2,   -2,   -2,    0,    0,    0,    0,    0,    0,   -3,    0,    0,    0,   -2,    0,    0,   -1,    0,   -3,   -1,   -1,   -2,   -2,   -2,   -4,   -4,   -3,   -1,   -3,   -1,   -1,   -1,   -2,   -4,   -4,   -4,   -2,   -2,   -2,    0,   -4,   -2,   -4,   -2,   -4,   -4,   -4,   -4,   -4,    1,    0,   -1,   -2,   -1,   -1,    0,    0,   -2,   -2,   -4,   -3,   -3,    0,   -1,   -2,   -4,   -4,   -2,   -4,   -2,   -4,    0,   -1,   -3,   -4,   -3,   -4,   -4,   -3,   -2,   -2,   -1,   -4,   -1,   -2,   -2,   -2,   -4,   -4,   -3,    0,    0,   -2,   -2,    0,    0,   -2,    0,    0,    0,   -1,
       0,    0,    0,   -1,    0,    0,    0,   -1,   -1,   -1,    0,   -1,   -1,    0,   -1,   -2,    0,   -1,   -1,    0,    0,    0,    0,    0,    0,    0,    0,    0,    0,    0,    0,    0,    0,    0,   -1,    0,   -1,   -1,   -1,    0,   -1,   -1,    0,   -1,   -1,   -1,   -1,   -1,   -1,   -1,   -1,   -1,    0,    0,    0,    0,    0,    0,   -1,    0,    0,    0,   -1,    0,    0,   -1,    0,   -2,    0,   -1,   -1,   -1,   -1,   -1,   -1,   -1,    0,   -1,   -1,   -1,   -1,   -1,   -1,   -1,   -1,   -1,   -1,   -1,    1,   -1,   -1,   -1,   -1,   -1,   -1,   -1,   -1,   -1,    1,    0,   -1,   -1,   -1,   -1,    0,   -1,   -1,   -1,   -1,   -2,   -1,    0,   -1,   -1,   -1,   -1,   -1,   -1,   -1,   -1,    1,   -1,   -1,   -1,   -1,   -1,   -1,   -1,   -1,   -1,    0,   -1,   -1,   -1,   -1,   -1,   -1,   -1,   -1,    0,    0,   -1,   -1,    0,    0,    0,    0,    0,    0,   -1,
      -1,    0,    0,   -1,    0,    0,    1,   -3,   -2,   -3,   -2,   -2,   -2,    0,   -2,   -3,    0,   -1,   -2,    0,    0,   -1,   -1,    0,    0,    0,    0,    0,    0,    0,    0,    0,    0,    0,   -2,    1,   -2,   -1,   -2,    1,   -1,   -1,    0,   -2,   -2,   -2,   -2,   -2,   -2,   -2,   -2,   -2,    0,    0,    0,    0,   -1,    0,   -3,    0,    0,    0,   -2,    0,    0,   -2,    0,   -4,   -1,   -1,   -2,   -2,   -2,   -1,   -2,   -1,    1,   -2,   -1,    0,   -1,   -1,   -2,   -2,   -2,   -2,   -2,   -2,    1,   -2,   -2,   -2,   -2,   -1,   -2,   -1,   -2,   -1,    1,    0,   -1,   -1,    0,   -1,   -1,    0,   -2,   -2,   -2,   -2,    0,    0,   -2,   -2,   -2,   -1,   -2,   -1,    1,   -2,    2,   -1,    0,   -2,    0,   -2,   -1,   -1,   -2,   -2,    1,   -2,   -1,   -2,    0,   -2,   -1,   -2,   -2,    0,    0,   -3,   -3,    0,    0,   -1,    0,    0,    0,   -1,
      -1,    0,    0,   -1,    0,    0,    1,   -2,   -2,   -2,   -1,   -1,   -1,    0,   -1,   -2,    0,   -1,   -2,    0,    0,   -1,   -1,    0,    0,    0,    0,    0,    0,    0,    0,    0,    0,    0,   -2,    1,   -2,   -1,   -2,    1,   -1,   -1,    0,   -1,   -2,   -1,   -1,   -1,   -1,   -2,   -2,   -2,    0,    0,    0,    0,    0,    0,   -2,    0,    0,    0,   -2,    0,    0,   -2,    0,   -3,   -1,   -1,   -2,   -2,   -2,   -2,   -2,   -2,    0,   -2,   -1,    0,   -1,   -3,   -2,   -2,   -2,   -2,   -1,   -1,    2,   -3,   -2,   -2,   -2,   -3,   -2,   -3,   -2,   -2,    2,    0,   -1,   -1,    0,   -1,   -1,    0,   -2,   -3,   -2,   -2,   -2,    0,   -2,   -1,   -2,   -2,   -3,   -2,   -1,   -2,    1,   -1,   -1,   -2,   -1,   -2,   -2,   -2,   -2,   -2,    0,   -3,   -1,   -2,   -1,   -2,   -2,   -3,   -2,    0,    0,   -2,   -2,    0,    0,   -1,    0,    0,    0,   -1,
      -1,    0,    0,   -1,    0,    0,    0,    0,   -2,    0,    0,    0,    0,    0,   -1,    0,    0,   -2,    0,    0,    0,   -2,   -1,    0,   -1,   -1,   -1,    0,   -1,    0,    0,    0,    0,    0,   -1,    0,   -1,   -2,   -1,    0,   -1,   -1,    0,   -1,   -1,   -1,   -1,   -2,   -2,    0,   -2,   -1,    0,    0,    0,    0,   -1,   -1,   -2,   -1,    0,    0,   -2,    0,   -1,    0,    0,    0,   -1,   -2,   -1,   -1,   -1,   -1,   -1,   -1,    0,   -1,   -1,   -1,   -1,   -1,   -1,   -1,   -1,   -1,   -1,   -1,    0,   -2,   -1,   -1,   -1,   -1,   -1,   -1,   -1,   -1,    0,    0,   -1,   -1,   -1,   -1,   -1,   -1,   -1,   -1,   -1,   -1,   -1,    0,   -1,   -1,   -2,   -1,   -1,   -1,   -1,   -1,    1,   -1,   -1,   -1,   -1,   -1,   -1,   -1,   -1,   -1,    0,   -1,   -1,   -1,   -1,   -1,   -2,   -2,   -2,   -1,    0,    0,    0,   -1,   -1,   -1,    0,    0,    0,   -2,
      -1,    0,    0,   -1,    0,    0,    1,   -3,   -3,   -3,   -2,   -2,   -2,    0,   -2,   -3,    0,   -2,   -2,    0,    0,   -1,   -1,    0,    0,    0,    0,   -1,    0,   -1,    0,    0,    0,    0,   -3,    1,   -3,   -2,   -3,    0,   -1,   -1,    0,   -3,   -3,   -2,   -3,   -3,   -3,   -3,   -3,   -3,    0,    0,    0,    0,   -1,   -1,   -3,    0,    0,    0,   -3,    0,   -1,   -3,    0,   -4,   -1,   -2,   -5,   -3,   -3,   -3,   -3,   -4,    0,   -3,   -1,   -1,   -1,   -4,   -3,   -6,   -5,   -3,   -4,   -3,    2,   -5,   -5,   -3,   -3,   -4,   -3,   -4,   -3,   -4,    1,    0,   -2,   -2,   -1,   -1,   -1,    0,   -3,   -5,   -4,   -5,   -3,    0,   -4,   -5,   -3,   -4,   -3,   -4,   -2,   -5,    1,   -2,   -3,   -3,   -2,   -3,   -3,   -4,   -6,   -5,   -2,   -5,   -2,   -6,   -3,   -5,   -4,   -5,   -3,    0,    0,   -3,   -3,    0,    0,   -2,    0,    0,    0,   -4,
       0,    0,    0,    0,    0,    0,    0,    0,    0,    0,    0,    0,    0,    0,    0,    0,    0,   -1,    0,    0,    0,   -1,    0,   -1,   -1,   -1,   -1,    0,   -1,   -1,    0,    0,    0,    0,    0,    0,    0,   -1,   -1,    0,   -1,   -1,    0,   -1,    0,   -1,   -1,   -1,   -1,    0,   -1,   -1,    0,    0,    0,    0,    0,    0,    0,    0,    0,    0,    0,    0,    0,    0,    0,    0,   -1,   -1,    0,    0,    0,    0,    0,    0,   -1,   -1,   -1,   -1,   -1,    0,    0,    0,    0,    0,   -1,   -1,    0,   -1,    0,    0,    0,    0,    0,    0,   -1,   -1,    0,    0,   -1,   -1,   -1,   -1,    0,    0,    0,    0,   -1,    0,    0,   -1,   -1,   -1,   -1,   -1,    0,    0,    0,    0,    0,   -1,    0,    0,   -1,   -1,   -1,    0,    0,    0,    0,    0,   -1,    0,    0,    0,   -1,   -1,    0,   -1,    0,    0,    0,   -1,   -1,   -1,    0,    0,    0,   -1,
      -1,    0,    0,   -1,   -1,    0,    0,   -1,   -2,   -1,    0,    0,    0,    0,    0,    0,    0,   -1,   -1,    0,    0,   -1,    0,    0,    0,    0,    0,    0,    0,    0,    0,    0,    0,    0,   -1,    1,   -1,    1,    0,    0,   -1,    2,    0,   -1,    0,   -1,   -1,   -1,   -1,    0,   -1,   -1,    0,    0,    0,    0,   -1,    0,   -1,    0,    0,    0,    0,    0,    0,   -1,    0,   -1,   -1,    1,   -1,   -1,   -1,   -1,   -1,   -1,    1,   -1,   -1,    0,    0,   -1,   -1,   -1,   -1,   -1,   -1,   -1,    0,   -1,   -1,   -1,   -1,   -1,   -1,   -1,    0,    0,    0,    0,   -1,   -1,    0,    2,    0,    0,   -1,   -1,   -1,    0,    0,    0,   -1,   -1,   -1,   -1,   -1,   -1,    0,   -1,    2,   -1,    0,   -1,    0,   -1,   -1,    0,   -1,   -1,    2,   -1,   -1,   -1,    1,   -1,   -1,   -1,   -2,    0,    0,   -1,   -1,    0,    0,    0,    0,    0,    0,    1,
      -1,    0,    0,    0,    0,    0,    0,    0,    0,    0,    0,    0,    0,    0,    0,    0,    0,   -1,    0,    0,    0,   -1,    0,   -1,   -1,   -2,   -2,    0,   -2,    0,    0,   -4,    0,    0,    0,    0,    0,   -1,    0,    0,    0,    0,    0,    0,    0,    0,    0,    0,    0,    0,    0,    0,    0,    0,    0,    0,    0,    0,    0,    0,    0,    0,    0,    0,    0,    0,    0,    0,   -1,   -1,    0,    0,    0,    0,    0,    0,    0,    0,    0,    0,    0,    0,    0,    0,    0,    0,    0,    0,    0,    0,    0,    0,    0,    0,    0,    0,    0,    0,    0,    0,    0,    0,    0,    0,    0,    0,    0,    0,    0,    0,    0,   -1,    0,    0,    0,    0,    0,    0,    0,    0,    0,    0,    0,    0,    0,    0,    0,    0,    0,    0,    0,    0,    0,    0,    0,    0,    0,    0,    0,    0,    0,    0,    0,    0,    0,    0,    0,    0,    0,   -1,
       0,    0,    0,    0,    0,    0,    0,    0,   -1,    0,    0,    0,    0,    0,    0,    0,    0,    0,    0,    0,    0,    0,    0,    0,    0,    0,    0,    0,    0,    0,    0,    0,    0,    0,    0,    0,    0,    0,    0,    0,    0,    0,    0,    0,    0,    0,    0,    0,    0,    0,    0,    0,    0,    0,    0,    0,    0,    0,    0,    0,    0,    0,    0,    0,    0,    0,    0,    0,    0,    0,    0,    0,    0,    0,    0,    0,    0,    0,    0,    0,    0,    0,    0,    0,    0,    0,    0,    0,    0,    0,    0,    0,    0,    0,    0,    0,    0,    0,    0,    0,    0,    0,    0,    0,    0,    0,    0,    0,    0,    0,    0,    0,    0,    0,    0,    0,    0,    0,    0,    0,    0,    0,    0,    0,    0,    0,    0,    0,    0,    0,    0,    0,    0,    0,    0,    0,    0,    0,   -1,    0,    0,    0,    0,    0,    0,    0,    0,    0,    0,    0,
      -1,    0,    0,    0,    0,    0,    0,    0,    0,    0,    0,    0,    0,    0,    0,    0,    0,    0,    0,    0,    0,    0,    0,    0,    0,    0,    0,    0,    0,    0,    0,    0,    0,    0,    0,    0,    0,    2,    0,    0,    0,    2,    0,    0,    0,    0,    0,    0,    0,    0,    0,    0,    0,    0,    0,    0,    0,    0,    0,    0,    0,    0,    0,    0,    0,    0,    0,    0,    0,    2,    0,    0,    0,    0,    0,    0,    0,    0,    0,    0,    0,    0,    0,    0,    0,    0,    0,    0,    0,    0,    0,    0,    0,    0,    0,    0,    0,    0,    0,    0,    0,    0,    0,    2,    0,    0,    0,    0,    0,    0,    0,    0,    0,    0,    0,    0,    0,    0,    0,    0,    0,    0,    0,    0,    0,    0,    0,    0,    0,    0,    0,    0,    0,    0,    0,    0,    0,    0,    0,    0,    0,    0,    0,    0,    0,    0,    0,    0,    0,    2,
       0,    0,   -2,   -1,    0,   -1,   -2,    0,   -1,    0,    0,    0,    0,   -1,   -1,    0,    0,   -1,    0,    0,    0,   -1,    0,   -2,   -1,   -2,   -2,    0,   -3,   -1,    0,   -2,   -1,    0,    0,    0,    0,   -1,    0,    0,    0,    0,    0,    0,    0,   -1,    0,   -1,   -1,    0,   -1,   -1,    0,    0,   -1,    0,   -1,   -1,   -1,   -1,    0,    0,   -1,    0,   -1,   -1,    0,    0,   -1,   -1,    0,    0,    0,    0,    0,    0,    0,    0,    0,    0,    0,    0,    0,    0,    0,    0,    0,    0,    0,   -1,    0,    0,    0,    0,    0,    0,    0,    0,    0,    0,    0,    0,    0,    0,    0,    0,    0,    0,    0,    0,    0,   -2,   -1,    0,   -1,   -1,    0,    0,    0,    0,    0,    0,    0,    0,    0,    0,    0,    0,    0,    0,    0,    0,    0,    0,    0,    0,   -1,   -1,   -1,   -2,   -2,    0,    0,   -2,   -2,    0,    0,    0,    0,   -1,
       0,    0,   -2,    0,    0,   -1,   -2,    0,    0,    0,    0,    0,    0,   -2,    0,   -1,   -1,   -1,    0,   -1,   -1,   -1,   -1,   -3,   -1,   -2,   -2,   -1,   -3,   -1,    0,   -2,   -1,    0,    0,    0,    0,   -1,    0,    0,    0,    0,    0,    0,    0,   -1,    0,    0,    0,    0,    0,    0,    0,    0,   -1,    0,    0,   -1,    0,   -2,    0,    0,    0,    0,    0,   -1,    0,    0,   -1,   -1,    0,    0,    0,    0,    0,    0,    0,    0,    0,    0,    0,    0,    0,    0,    0,    0,    0,    0,    0,    0,    0,    0,    0,    0,    0,    0,    0,    0,    0,   -1,    0,    0,    0,    0,    0,    0,    0,    0,    0,    0,    0,   -3,   -1,    0,    0,    0,    0,    0,    0,    0,    0,    0,    0,    0,    0,    0,    0,    0,    0,    0,    0,    0,    0,    0,    0,    0,    0,    0,    0,   -2,   -1,    0,    0,   -2,   -1,    0,    0,    0,    0,   -1,
       0,    0,   -1,    0,    0,   -1,   -2,    0,   -1,    0,    0,    0,    0,   -1,    0,    0,   -1,    0,    0,    0,   -1,   -1,    0,   -2,   -1,   -2,   -2,   -1,   -3,   -1,    0,   -2,    0,    0,    0,    0,    0,   -1,    0,    0,    0,    0,    0,    0,    0,    0,    0,    0,    0,    0,    0,   -1,    0,    0,   -1,    0,    0,   -1,   -1,   -1,    0,    0,   -1,    0,   -1,    0,    0,    0,   -1,   -1,    0,    0,    0,    0,    0,    0,    0,    0,    0,    0,    0,    0,    0,    0,    0,    0,    0,    0,    0,    0,    0,    0,    0,    0,    0,    0,    0,    0,    0,   -1,    0,    0,    0,    0,    0,    0,    0,    0,    0,    0,    0,   -2,    0,    0,    0,   -1,    0,    0,    0,    0,    0,    0,    0,    0,    0,    0,    0,    0,    0,    0,    0,    0,    0,    0,    0,    0,    0,    0,   -1,   -1,   -1,    0,    0,   -2,   -1,    0,    0,    0,    0,   -1,
       0,    0,   -1,   -1,    0,   -1,   -1,    0,   -1,    0,    0,    0,    0,   -1,   -1,    0,    0,   -1,    0,    0,    0,   -1,    0,   -1,   -1,   -1,   -1,    0,   -1,    0,    0,   -1,    0,    0,    0,    0,    0,   -1,    0,    0,    0,    0,    0,    0,    0,   -1,    0,   -1,   -1,    0,   -1,   -1,    0,    0,    0,    0,   -1,   -1,   -1,   -1,    0,    0,   -1,    0,   -1,   -1,    0,    0,   -1,   -1,    0,    0,    0,    0,    0,    0,    0,    0,    0,    0,    0,    0,    0,    0,    0,    0,    0,    0,    0,   -1,    0,    0,    0,    0,    0,    0,    0,    0,    0,    0,    0,    0,    0,    0,    0,    0,    0,    0,    0,    0,    0,   -1,   -1,    0,   -1,   -1,    0,    0,    0,    0,    0,    0,    0,    0,    0,    0,    0,    0,    0,    0,    0,    0,    0,    0,    0,    0,   -1,   -1,   -1,   -1,   -1,    0,    0,   -1,   -1,    0,    0,    0,    0,   -1,
       0,    0,   -1,    0,    0,   -1,   -2,    0,    0,    0,    0,    0,    0,   -1,    0,   -1,   -1,   -1,    0,   -1,   -1,   -1,   -1,   -2,   -1,   -2,   -2,   -1,   -3,   -1,    0,   -2,    0,    0,    0,    0,    0,   -1,    0,    0,    0,    0,    0,    0,   -1,   -1,    0,    0,    0,    0,    0,   -1,    0,    0,   -1,    0,    0,   -1,   -1,   -1,    0,    0,    0,    0,   -1,   -1,    0,    0,   -1,   -1,    0,    0,    0,    0,    0,    0,    0,    0,    0,    0,    0,    0,    0,    0,    0,    0,    0,    0,    0,    0,    0,    0,    0,    0,    0,    0,    0,    0,    0,   -1,    0,    0,    0,    0,    0,    0,    0,    0,    0,   -1,   -1,   -2,   -1,    0,    0,   -1,    0,    0,    0,    0,    0,    0,    0,    0,    0,    0,    0,    0,    0,    0,    0,    0,    0,    0,    0,    0,    0,    0,    0,   -1,   -1,    0,    0,   -2,   -1,    0,    0,    0,    0,   -1,
       1,    3,    4,    1,    0,    2,    4,   -1,   -1,   -1,    0,    0,    0,    3,    1,   -1,    2,    0,    0,    2,    2,    0,    2,    3,    2,    3,    3,    3,    3,    2,    0,    3,    3,    0,   -1,    0,   -1,    0,    0,    0,    1,    1,    0,    0,    0,    0,    0,    0,    0,    0,    0,    0,    0,    2,    3,    0,    1,    3,   -1,    3,    3,    2,   -1,    3,    3,    0,    0,    0,    0,    0,    0,   -1,    0,    2,    0,    2,    5,    1,    3,    5,   -1,    1,   -1,    0,    1,   -1,    0,    1,    0,    2,   -1,    0,    0,    1,    1,    1,    0,    1,    3,    2,    4,    4,    4,    4,    0,   -1,    0,    0,    1,    1,    2,    3,    0,    0,    0,    2,   -1,    1,    3,    1,    6,    4,    2,    0,    3,    0,    2,    1,   -1,    0,    3,    1,    3,   -1,    2,    0,    1,    1,   -1,    3,    4,   -1,   -1,    4,    3,   -1,    0,    2,    1,    0,
       0,    0,    0,    0,    0,    0,    0,    0,   -1,   -1,    0,    0,    0,   -1,    0,   -1,   -1,    0,   -1,   -1,   -1,    0,   -1,   -1,   -1,   -2,   -1,   -1,   -3,   -1,    0,    0,    1,    2,   -1,    0,   -1,    1,    1,    0,    0,    1,    0,    0,    0,    0,    0,    0,    0,   -1,    0,    0,    0,    0,    0,    0,    0,    0,   -1,    0,    0,    0,   -1,   -1,    0,    0,    0,    0,    0,    1,   -1,   -1,   -1,   -1,   -1,   -1,    0,    0,    0,    0,   -1,   -1,   -1,   -1,   -1,   -1,    0,    0,    0,    0,   -1,   -1,   -1,   -1,   -1,   -1,    1,    1,    0,   -1,    0,    0,    0,    1,    0,   -1,   -1,   -1,    0,    0,    0,   -1,    0,    0,    0,    0,   -1,   -1,   -1,   -1,    0,    0,   -1,   -1,    0,    0,    0,   -1,   -1,   -1,   -1,   -1,    0,   -1,   -1,   -1,    0,    0,   -1,    0,    0,    0,    0,   -1,    0,    0,    0,    0,    0,    1,
       0,    0,   -2,   -1,    0,   -1,   -2,    0,   -1,    0,    0,    0,    0,   -2,   -1,    0,    0,   -1,    0,    0,   -1,   -1,    0,   -2,   -1,   -3,   -2,    0,   -3,   -1,    0,   -3,   -1,    0,    0,    0,    0,   -1,    0,    0,    0,    0,    0,    0,    0,   -1,    0,   -1,   -1,    0,   -1,    0,    0,    0,   -1,    0,   -1,   -1,   -1,   -2,    0,    0,   -1,    0,   -1,   -1,    0,    0,   -1,   -1,    0,    0,    0,    0,    0,    0,    0,    0,    0,    0,    0,    0,    0,    0,    0,    0,    0,    0,    0,   -1,    0,    0,    0,    0,    0,    0,    0,    0,    0,    0,    0,    0,    0,    0,    0,    0,    0,    0,    0,    0,    0,   -2,   -1,    0,   -1,    0,    0,    0,    0,    0,    0,    0,    0,    0,    0,    0,    0,    0,    0,    0,    0,    0,    0,    0,    0,    0,   -1,   -1,   -1,   -2,   -2,    0,    0,   -2,   -2,    0,    0,    0,    0,   -1,
       0,    0,   -1,   -1,    0,   -1,   -1,    0,   -1,    0,    0,    0,    0,   -1,   -1,    0,    0,   -1,    0,    0,    0,   -1,    0,   -1,   -1,   -1,   -1,    0,   -1,    0,    0,   -1,    0,    0,    0,    0,    0,   -1,    0,    0,    0,    0,    0,    0,    0,    0,    0,   -1,   -1,    0,   -1,    0,    0,    0,    0,    0,   -1,   -1,   -1,   -1,    0,    0,   -1,    0,   -1,   -1,    0,    0,   -1,   -1,    0,    0,    0,    0,    0,    0,    0,    0,    0,    0,    0,    0,    0,    0,    0,    0,    0,    0,    0,   -1,    0,    0,    0,    0,    0,    0,    0,    0,    0,    0,    0,    0,    0,    0,    0,    0,    0,    0,    0,    0,    0,   -1,    0,    0,   -1,    0,    0,    0,    0,    0,    0,    0,    0,    0,    0,    0,    0,    0,    0,    0,    0,    0,    0,    0,    0,    0,   -1,   -1,   -1,   -1,   -1,    0,    0,   -1,   -1,    0,    0,    0,    0,   -1,
       0,    0,    0,    0,    0,    0,    0,    0,    0,    0,    0,    0,    0,    0,    0,    0,   -1,   -1,    0,    0,   -1,   -1,    0,   -1,   -1,    0,    0,    0,    0,    0,    0,    0,    0,    0,    0,    0,    0,    0,    0,    0,    0,    0,    0,    0,    0,    0,    0,    0,    0,    0,    0,    0,    0,    0,    0,    0,    0,    0,    0,    0,    0,    0,    0,    0,    0,   -1,    0,    0,   -1,    0,    0,    0,    0,    0,    0,    0,    0,    0,    0,    0,    0,    0,    0,    0,    0,    0,    0,    0,    0,    0,    0,    0,    0,    0,    0,    0,    0,    0,    0,   -1,    0,    0,    0,    0,    0,    0,    0,    0,    0,    0,    0,   -1,    0,    0,    0,    0,    0,    0,    0,    0,    0,    0,    0,    0,    0,    0,    0,    0,    0,    0,    0,    0,    0,    0,    0,    0,    0,    0,    0,    0,    0,    0,    0,    0,    0,    0,    0,    0,    0,    0,
       0,    0,   -2,   -1,    0,   -1,   -2,    0,   -1,    0,    0,    0,    0,   -1,    0,    0,    0,    0,    0,    0,    0,   -1,    0,   -2,   -1,   -3,   -2,   -1,   -3,   -1,    0,   -2,    0,    0,   -1,    0,   -1,    0,   -1,    0,   -1,    0,    0,   -1,   -1,    0,   -1,   -1,   -1,    0,   -1,   -1,    0,    0,   -1,    0,    0,   -1,   -1,   -1,    0,    0,   -1,    0,   -1,    0,    0,    0,   -1,    0,   -1,   -1,   -1,   -1,   -1,   -1,   -1,   -1,   -1,   -1,   -1,   -1,   -1,   -1,   -1,   -1,   -1,   -1,    0,   -1,   -1,   -1,   -1,   -1,   -1,   -1,   -1,   -1,    0,    0,   -1,   -1,   -1,    0,    0,   -1,   -1,   -1,   -1,   -1,   -1,   -2,    0,   -1,   -1,   -1,   -1,   -1,   -1,   -1,   -1,   -1,   -1,   -1,   -1,   -1,   -1,   -1,   -1,   -1,   -1,   -1,   -1,   -1,   -1,   -1,   -1,   -1,   -2,   -2,   -1,    0,    0,   -2,   -1,   -1,    0,    0,    0,    0,
       0,    0,   -1,   -1,    0,   -1,   -1,    0,   -1,    0,    0,    0,    0,   -1,   -1,    0,    0,   -1,    0,    0,    0,   -1,    0,   -1,   -1,   -1,   -1,    0,   -1,    0,    0,   -1,    0,    0,    0,    0,    0,   -1,    0,    0,   -1,   -1,    0,   -1,    0,   -1,   -1,   -1,   -1,    0,   -1,   -1,    0,    0,    0,    0,    0,   -1,   -1,   -1,    0,    0,   -2,    0,   -1,    0,    0,    0,   -1,   -1,    0,    0,    0,    0,    0,    0,   -1,   -1,   -1,   -1,    0,    0,    0,    0,    0,    0,   -1,   -1,    0,   -1,    0,    0,    0,    0,    0,    0,    0,    0,    0,    0,   -1,   -1,   -1,   -1,    0,    0,    0,    0,   -1,    0,    0,   -1,   -1,   -1,   -1,   -1,    0,    0,    0,    0,   -1,   -1,    0,    0,   -1,   -1,   -1,    0,    0,    0,    0,    0,   -1,    0,    0,    0,   -1,   -1,   -1,   -1,   -1,    0,    0,   -1,   -1,    0,    0,    0,    0,   -1,
       0,    0,   -2,    0,    0,   -1,   -3,    0,    0,    0,    0,    0,    0,   -2,    0,   -1,   -1,   -1,    0,   -1,   -1,   -1,    0,   -3,   -1,   -3,   -2,   -1,   -4,   -1,    0,   -3,   -1,    0,    0,    0,    0,   -1,    0,    0,    0,    0,    0,    0,   -1,   -1,    0,    0,    0,    0,    0,   -1,    0,    0,   -1,    0,    0,   -1,    0,   -2,    0,    0,    0,    0,    0,   -1,    0,    0,   -1,   -1,    0,    0,    0,    0,    0,    0,    0,    0,    0,    0,    0,    0,    0,    0,    0,    0,    0,    0,    0,    0,    0,    0,    0,    0,    0,    0,    0,    0,    0,   -1,    0,    0,    0,    0,    0,    0,    0,    0,    0,   -1,   -1,   -3,   -1,    0,    0,   -1,    0,    0,    0,    0,    0,    0,    0,    0,    0,    0,    0,    0,    0,    0,    0,    0,    0,    0,    0,    0,    0,    0,    0,   -2,   -2,    0,    0,   -2,   -2,    0,    0,    0,    0,   -1,
       0,    0,   -2,    0,    0,   -1,   -2,    0,    0,    0,    0,    0,    0,   -2,    0,   -1,   -1,   -1,    0,   -1,   -1,   -1,   -1,   -3,   -1,   -2,   -2,   -1,   -3,   -1,    0,   -2,   -1,    0,    0,    0,    0,   -1,    0,    0,    0,    0,    0,    0,    0,   -1,    0,    0,    0,    0,    0,    0,    0,    0,   -1,    0,    0,    0,    0,   -2,    0,    0,    0,    0,    0,   -1,    0,    0,   -1,   -1,    0,    0,    0,    0,    0,    0,    0,    0,    0,    0,    0,    0,    0,    0,    0,    0,    0,    0,    0,    0,    0,    0,    0,    0,    0,    0,    0,    0,    0,   -1,    0,    0,    0,    0,    0,    0,    0,    0,    0,    0,    0,   -3,   -1,    0,    0,    0,    0,    0,    0,    0,    0,    0,    0,    0,    0,    0,    0,    0,    0,    0,    0,    0,    0,    0,    0,    0,    0,    0,    0,   -2,   -1,    0,    0,   -2,   -1,    0,    0,    0,    0,   -1,
       0,    0,   -1,   -1,    0,    0,   -1,    0,    0,    0,    0,    0,    0,   -1,    0,    0,   -1,   -1,    0,    0,   -1,   -1,   -1,   -3,   -1,   -2,   -2,    0,   -3,   -1,    0,   -1,    0,    0,    0,    0,    0,    0,    0,    0,    0,    1,    0,    0,    0,    0,    0,    0,    0,    0,    0,    0,    0,    0,    0,    0,    0,    0,    0,    0,    0,    0,    0,    0,    0,   -1,    0,    0,   -1,    0,    0,    0,    0,    0,    0,    0,    0,    0,    0,    0,    0,    0,    0,    0,    0,    0,    0,    0,    0,    0,    0,    0,    0,    0,    0,    0,    0,    0,    0,   -1,    0,    0,    0,    1,    0,    0,    0,    0,    0,    0,    0,   -3,    0,    0,    0,    0,    0,    0,    0,    0,    0,    0,    0,    0,    0,    0,    0,    0,    0,    0,    0,    0,    0,    0,    0,    0,    0,    0,    0,   -1,   -1,    0,    0,   -1,   -1,    0,    0,    0,    0,    0,
      -1,    0,    0,    0,    0,   -1,   -1,   -2,   -1,   -2,    0,    0,    0,   -1,    0,   -2,   -1,    0,   -2,   -1,   -1,    0,   -1,   -2,   -1,   -2,   -2,   -2,   -3,   -1,    0,    0,   -1,    0,   -1,    0,   -1,    0,    0,    0,    0,    0,    0,    0,    0,    0,    0,    0,    0,   -1,    0,    0,    0,    0,   -1,    0,    0,    0,   -1,    0,    0,    0,   -1,    0,    0,    0,    0,    0,    0,    0,   -1,   -1,   -1,   -1,   -1,   -1,    0,    0,    0,    0,   -1,   -1,   -1,   -1,   -1,   -1,    0,    0,    0,    0,   -1,   -1,   -1,   -1,   -1,   -1,    0,    0,    0,   -1,    0,    0,    0,    0,    0,   -1,   -1,   -1,    0,    0,    0,   -2,    0,    0,    0,    0,   -1,   -1,   -1,   -1,    0,    0,   -1,   -1,    0,    0,    0,   -1,   -1,   -1,   -1,   -1,    0,   -1,   -1,   -1,    0,    0,   -1,    0,    0,   -2,   -2,   -1,    0,    0,    0,    0,    0,    0,
       0,    0,   -1,   -1,    0,   -1,   -2,    0,   -1,    0,    0,    0,    0,   -1,    0,    0,   -1,   -1,    0,    0,   -1,   -1,   -1,   -2,   -1,   -2,   -2,   -1,   -3,   -1,    0,   -2,    0,    0,    0,    0,   -1,   -1,    0,    0,    0,    0,    0,    0,   -1,    0,    0,    0,    0,    0,    0,    0,    0,    0,   -1,    0,    0,   -1,   -1,   -1,    0,    0,   -1,    0,   -1,    0,    0,    0,   -1,   -1,    0,    0,    0,   -1,   -1,   -1,    0,    0,    0,    0,    0,   -1,   -1,   -1,   -1,   -1,    0,    0,    0,    0,    0,   -1,   -1,   -1,   -1,   -1,    0,    0,    0,   -1,    0,    0,    0,    0,    0,   -1,   -1,   -1,    0,   -1,   -1,   -2,    0,    0,    0,    0,   -1,    0,   -1,   -1,    0,    0,   -1,   -1,    0,    0,    0,    0,    0,   -1,   -1,   -1,    0,   -1,   -1,   -1,    0,    0,   -1,   -1,   -1,    0,    0,   -2,   -1,   -1,    0,    0,    0,   -1,
       0,    0,   -1,    0,    0,   -1,   -1,    0,    0,    0,    0,    0,    0,   -1,    0,    0,   -1,    0,    0,    0,   -1,    0,    0,   -2,   -1,   -2,   -2,    0,   -3,   -1,    0,   -1,    0,    0,    0,    0,    0,    0,    0,    0,    0,    0,    0,    0,    0,    0,    0,    0,    0,    0,    0,    0,    0,    0,    0,    0,    0,    0,    0,   -1,    0,    0,    0,    0,   -1,    0,    0,    0,    0,    0,    0,    0,    0,    0,    0,    0,    0,    0,    0,    0,    0,    0,    0,    0,    0,    0,    0,    0,    0,    0,    0,    0,    0,    0,    0,    0,    0,    0,    0,   -1,    0,    0,    0,    0,    0,    0,    0,    0,    0,    0,    0,   -2,    0,    0,    0,    0,    0,    0,    0,    0,    0,    0,    0,    0,    0,    0,    0,    0,    0,    0,    0,    0,    0,    0,    0,    0,    0,    0,    0,   -1,   -1,    0,    0,   -1,    0,   -1,    0,    0,    0,    0,
       0,    0,   -2,   -1,    0,   -1,   -2,    0,   -1,    0,    0,    0,    0,   -1,   -1,    0,    0,   -1,    0,    0,    0,   -1,    0,   -2,   -1,   -3,   -2,    0,   -3,   -1,    0,   -2,   -1,    0,    0,    0,    0,   -1,    0,    0,    0,    0,    0,    0,    0,    0,    0,   -1,   -1,    0,   -1,    0,    0,    0,   -1,    0,   -1,   -1,   -1,   -2,    0,    0,   -1,    0,   -1,   -1,    0,    0,   -1,   -1,    0,    0,    0,    0,    0,    0,    0,    0,    0,    0,    0,    0,    0,    0,    0,    0,    0,    0,    0,   -1,    0,    0,    0,    0,    0,    0,    0,    0,    0,    0,    0,    0,    0,    0,    0,    0,    0,    0,    0,    0,    0,   -2,    0,    0,   -1,    0,    0,    0,    0,    0,    0,    0,    0,    0,    0,    0,    0,    0,    0,    0,    0,    0,    0,    0,    0,    0,   -1,   -1,   -1,   -2,   -2,    0,    0,   -2,   -2,    0,    0,    0,    0,   -1,
       0,    0,   -1,   -1,    0,   -1,   -2,    0,    0,    0,    0,    0,    0,   -2,    0,   -1,   -1,   -1,   -1,   -1,   -1,   -1,   -1,   -3,   -1,   -2,   -2,   -1,   -3,   -1,    0,   -2,   -1,    0,    0,    0,    0,   -1,    0,    0,    0,    0,    0,    0,    0,   -1,    0,    0,    0,   -1,    0,    0,    0,    0,   -1,    0,    0,    0,    0,   -1,    0,    0,    0,    0,    0,   -1,    0,    0,   -1,   -1,    0,    0,    0,    0,    0,    0,    0,    0,    0,    0,    0,    0,    0,    0,    0,    0,    0,    0,    0,    0,    0,    0,    0,    0,    0,    0,    0,    0,    0,   -1,    0,    0,    0,    0,    0,    0,    0,    0,    0,    0,    0,   -3,   -1,    0,    0,    0,    0,    0,    0,    0,    0,    0,    0,    0,    0,    0,    0,    0,    0,    0,    0,    0,    0,    0,    0,    0,    0,    0,    0,   -1,   -1,    0,    0,   -2,   -1,    0,    0,    0,    0,   -1,
       0,    0,   -1,    0,    0,   -1,   -1,    0,   -1,    0,    0,    0,    0,   -1,    0,    0,   -1,    0,    0,    0,   -1,    0,   -1,   -2,   -1,   -2,   -2,   -1,   -3,   -1,    0,   -1,    0,    0,    0,    0,    0,    0,    0,    0,    0,    0,    0,    0,    0,    0,    0,    0,    0,    0,    0,    0,    0,    0,   -1,    0,    0,    0,   -1,    0,    0,    0,    0,    0,   -1,    0,    0,    0,    0,    0,    0,    0,    0,    0,    0,    0,    0,    0,    0,    0,    0,    0,    0,    0,    0,    0,    0,    0,    0,    0,    0,    0,    0,    0,    0,    0,    0,    0,    0,   -1,    0,    0,    0,    0,    0,   -1,    0,    0,    0,    0,    0,   -2,    0,    0,    0,    0,    0,    0,    0,    0,    0,    0,    0,    0,    0,    0,    0,    0,    0,    0,    0,    0,    0,    0,    0,    0,    0,    0,   -1,   -1,   -1,    0,    0,   -1,   -1,   -1,    0,    0,    0,    0,
       0,    0,   -1,    0,    0,   -1,   -1,    0,    0,    0,    0,    0,    0,   -1,    0,    0,   -1,    0,    0,   -1,   -1,    0,    0,   -2,   -1,   -2,   -2,   -1,   -3,   -1,    0,   -1,    0,    0,    0,    0,    0,    0,    0,    0,    0,    0,    0,    0,    0,    0,    0,    0,    0,    0,    0,    0,    0,    0,   -1,    0,    0,    0,    0,   -1,    0,    0,    0,    0,    0,   -1,    0,    0,    0,    0,    0,    0,    0,    0,    0,    0,    0,    0,    0,    0,    0,    0,    0,    0,    0,    0,    0,    0,    0,    0,    0,    0,    0,    0,    0,    0,    0,    0,    0,   -1,    0,    0,    0,    0,    0,    0,    0,    0,    0,    0,    0,   -2,    0,    0,    0,    0,    0,    0,    0,    0,    0,    0,    0,    0,    0,    0,    0,    0,    0,    0,    0,    0,    0,    0,    0,    0,    0,    0,    0,   -1,   -1,    0,    0,   -1,   -1,    0,    0,    0,    0,    0,
      -1,    0,   -1,   -1,    0,   -1,   -2,    0,   -1,    0,    0,    0,    0,   -1,    0,    0,   -1,   -1,    0,    0,   -1,   -1,    0,   -2,   -1,   -2,   -2,   -1,   -3,   -1,    0,   -1,    0,    0,    0,    0,    0,   -1,    0,    0,   -1,   -1,    0,   -1,    0,    0,   -1,   -1,   -1,    0,   -1,   -1,    0,    0,   -1,    0,    0,   -1,   -1,   -1,    0,    0,   -1,    0,   -1,    0,    0,    0,   -1,   -1,    0,    0,    0,    0,    0,    0,   -1,   -1,   -1,   -1,    0,    0,    0,    0,    0,    0,   -1,   -1,    0,   -1,    0,    0,    0,    0,    0,    0,    0,    0,    0,   -1,   -1,   -1,   -1,   -1,    0,   -1,    0,    0,   -1,    0,    0,   -2,    0,   -1,   -1,   -1,    0,    0,    0,    0,   -1,   -1,    0,    0,   -1,   -1,   -1,    0,    0,    0,    0,    0,   -1,    0,    0,    0,   -1,   -1,   -1,   -1,   -1,    0,    0,   -2,   -1,   -1,    0,    0,    0,   -1,
       0,    0,    0,   -1,   -1,    0,    0,   -1,   -2,   -1,    0,   -1,   -1,    0,    0,   -1,    0,   -1,    0,    0,    0,   -1,    0,    0,    0,    0,    0,    0,    0,    0,    0,    0,    0,    0,   -1,    0,   -1,    1,    0,    0,   -1,    2,    0,   -1,   -1,   -1,   -1,   -1,   -1,   -1,   -1,   -1,    0,    0,    0,    0,   -1,    0,   -1,    0,    0,    0,    0,    0,    0,   -1,    0,   -1,   -1,    1,   -1,   -1,   -1,   -1,   -1,   -1,    0,   -1,   -1,    0,    0,   -1,   -1,   -1,   -1,   -1,   -1,   -1,    0,   -1,   -1,   -1,   -1,   -1,   -1,   -1,    0,    0,    0,    0,   -1,   -1,    0,    2,    0,    0,   -1,   -1,   -1,   -1,    0,    0,   -1,   -1,   -1,   -1,   -1,   -1,    0,   -1,    1,   -1,   -1,   -1,    0,   -1,   -1,    0,   -1,   -1,    2,   -1,   -1,   -1,    1,   -1,   -1,   -1,   -2,    0,    0,   -1,   -1,    0,    0,    0,    0,    0,    0,    1,
       0,    0,    0,    0,    0,    0,    0,    0,    0,    0,    0,    0,    0,    0,    0,    0,    0,    0,    0,    0,    0,    0,    0,    0,    0,    0,    0,    0,    0,    0,    0,    0,    0,    0,    0,    0,    0,    0,    0,    0,    0,    1,    0,    0,    0,    0,    0,    0,    0,    0,    0,    0,    0,    0,    0,    0,    0,    0,    0,    0,    0,    0,    0,    0,    0,    0,    0,    0,    0,    0,    0,    0,    0,    0,    0,    0,    0,    0,    0,    0,    0,    0,    0,    0,    0,    0,    0,    0,    0,    0,    0,    0,    0,    0,    0,    0,    0,    0,    0,    0,    0,    0,    0,    1,    0,    0,    0,    0,    0,    0,    0,    0,    0,    0,    0,    0,    0,    0,    0,    0,    0,    0,    0,    0,    0,    0,    0,    0,    0,    0,    0,    0,    0,    0,    0,    0,    0,    0,    0,    0,    0,    0,    0,    0,    0,    0,    0,    0,    0,    0,
       0,    0,   -1,    0,    0,   -1,   -1,   -1,    0,   -1,    0,    0,    0,    0,    0,    0,    0,    0,    0,    0,    0,    0,    0,    0,    0,    0,    0,    0,    0,    0,    0,    0,    0,    0,    0,    0,    0,    0,    0,    0,    0,    0,    0,    0,    0,    0,    0,    0,    0,    0,    0,    0,    0,    0,    0,    0,    0,    0,    0,    0,    0,    0,    0,    0,    0,    0,    0,    0,    0,    0,    0,    0,    0,    0,    0,    0,    0,    0,    0,    0,    0,    0,    0,    0,    0,    0,    0,    0,    0,    0,    0,    0,    0,    0,    0,    0,    0,    0,    0,    0,    0,    0,    0,    0,    0,    0,    0,    0,    0,    0,    0,    0,    0,    0,    0,    0,    0,    0,    0,    0,    0,    0,    0,    0,    0,    0,    0,    0,    0,    0,    0,    0,    0,    0,    0,    0,    0,    0,    0,   -1,   -1,   -1,   -1,    0,    0,    0,   -1,    0,    0,    0,
       0,    0,   -1,    0,    0,    0,   -2,   -1,    0,   -1,    0,    0,    0,    0,    0,    0,    0,    0,    0,    0,    0,    0,    0,   -2,   -1,   -2,   -2,    0,   -2,   -1,    0,    0,    0,    0,    0,    0,    0,    2,    0,    0,    0,    3,    0,    0,    0,    0,    0,    0,    0,    0,    0,    0,    0,    0,    0,    0,    0,    0,   -1,    0,    0,    0,    0,    0,    0,   -1,    0,    0,    0,    2,    0,    0,    0,    0,    0,    0,    0,    0,    0,    0,    0,    0,    0,    0,    0,    0,    0,    0,    0,    0,    0,    0,    0,    0,    0,    0,    0,    0,    0,    0,    0,    0,    0,    3,    0,   -1,    0,    0,    0,    0,    0,   -2,    0,    0,    0,    0,    0,    0,    0,    0,    0,    0,    0,    0,    0,    0,    0,    0,    0,    0,    0,    0,    0,    0,    0,    0,    0,    0,    0,   -1,   -1,   -1,   -1,    0,    0,    0,   -1,    0,    0,    2,
       0,    0,   -1,    0,    0,   -1,   -1,    0,    0,    0,    0,    0,    0,    0,    0,   -1,    0,    0,    0,    0,    0,    0,    0,   -1,    0,   -2,   -1,   -1,   -2,    0,    0,    0,   -1,    0,    0,    0,    0,    0,    0,    0,    0,    0,    0,    0,    0,    0,    0,    0,    0,    0,    0,    0,    0,    0,   -1,    0,    0,    0,    0,    0,    0,    0,    0,    0,    0,    0,    0,   -1,    0,    0,    0,    0,    0,    0,    0,    0,    0,    0,    0,    0,    0,    0,    0,    0,    0,    0,    0,    0,    0,    0,    0,    0,    0,    0,    0,    0,    0,    0,    0,    0,    0,    0,    0,    0,    0,    0,    0,    0,    0,    0,    0,   -1,    0,    0,    0,    0,    0,    0,    0,    0,    0,    0,    0,    0,    0,    0,    0,    0,    0,    0,    0,    0,    0,    0,    0,    0,    0,    0,    0,   -1,    0,    0,    0,    0,    0,    0,   -1,    0,    0,    0,
       0,    0,    0,    0,    0,   -1,    0,    0,    0,    0,    0,    0,    0,    0,    0,    0,    0,    0,    0,    0,    0,    0,    0,    0,    0,    0,    0,    0,    0,    0,    0,    0,   -1,    0,    0,    0,    0,    0,    0,    0,    0,    0,    0,    0,    0,    0,    0,    0,    0,    0,    0,    0,    0,    0,   -1,    0,    0,    0,    0,    0,    0,    0,    0,    0,    0,    0,    0,    0,    0,    0,    0,    0,    0,    0,    0,    0,    0,    0,    0,    0,    0,    0,    0,    0,    0,    0,    0,    0,    0,    0,    0,    0,    0,    0,    0,    0,    0,    0,    0,    0,    0,    0,    0,    0,    0,    0,    0,    0,    0,    0,    0,    0,    0,    0,    0,    0,    0,    0,    0,    0,    0,    0,    0,    0,    0,    0,    0,    0,    0,    0,    0,    0,    0,    0,    0,    0,    0,    0,    0,    0,    0,    0,    0,    0,    0,    0,    0,    0,    0,    0,
       0,    0,   -1,   -1,    0,   -1,   -1,    0,   -1,    0,    0,    0,    0,   -2,    0,    0,   -1,    0,    0,    0,   -1,    0,   -1,   -2,   -1,   -2,   -2,    0,   -3,   -1,    0,    0,    0,    0,   -1,   -1,   -1,    0,   -1,   -1,   -1,    0,   -1,    0,    0,    0,    0,    0,    0,    0,    0,    0,    0,    0,   -1,    0,    0,    0,   -1,    0,   -1,    0,    0,   -1,    0,    0,    0,    0,    0,    0,   -1,   -1,   -1,   -1,   -1,   -1,   -1,   -1,   -1,   -1,   -1,   -1,   -1,   -1,   -1,   -1,    0,    0,   -1,    0,   -1,   -1,   -1,   -1,   -1,   -1,   -1,   -1,   -1,   -1,   -1,   -1,   -1,    0,   -1,   -1,   -1,   -1,    0,    0,    0,   -3,    0,    0,    0,    0,   -1,   -1,   -1,   -1,   -1,   -1,   -1,   -1,    0,    0,    0,   -1,   -1,   -1,   -1,   -1,   -1,   -1,   -1,   -1,    0,    0,   -1,   -1,   -1,    0,    0,    0,    0,    0,   -1,   -1,    0,    0,
      -1,    0,    0,    0,    0,   -1,    0,   -3,    0,   -3,    0,    0,    0,    0,    0,   -2,    0,    0,   -2,   -1,   -1,    0,    0,    0,    0,   -1,   -1,   -1,   -1,    0,    0,    0,   -1,    0,    0,    0,    0,    0,    0,    0,    0,    0,    0,    0,    0,    0,    0,    0,    0,    0,    0,    0,    0,    0,   -1,    0,    0,    0,   -1,    0,    0,    0,    0,    0,    0,    0,    0,   -2,    0,    0,    0,    0,    0,    0,    0,    0,    0,    0,    0,    0,    0,    0,    0,    0,    0,    0,    0,    0,    0,    0,    0,    0,    0,    0,    0,    0,    0,    0,    0,    0,    0,    0,    0,    0,    0,    0,    0,    0,    0,    0,    0,    0,    0,    0,    0,    0,    0,    0,    0,    0,    0,    0,    0,    0,    0,    0,    0,    0,    0,    0,    0,    0,    0,    0,    0,    0,    0,    0,    0,    0,    0,   -3,   -3,    0,    0,    0,    0,    0,    0,    0,
       0,    0,    0,    0,    0,    0,    0,    0,    0,    0,    0,   -1,   -1,    0,    0,   -1,   -1,   -1,   -1,   -1,   -1,   -1,    0,   -3,   -1,   -2,   -2,   -2,   -3,   -1,    0,    0,    0,    0,    0,    0,    0,   -1,    0,    0,   -1,   -1,   -1,   -1,   -1,   -1,   -1,   -1,    0,   -1,    0,   -1,    0,    0,    0,    0,    0,    0,    0,    0,    0,    0,    0,    0,    0,    0,    0,   -1,   -1,   -1,    0,    0,    0,    0,    0,    0,   -1,   -1,   -1,   -1,    0,    0,    0,    0,    0,    0,   -1,   -1,    0,    0,    0,    0,    0,    0,    0,    0,    0,    0,    0,   -1,   -1,   -1,   -1,   -1,    0,    0,    0,    0,   -1,   -1,   -1,   -3,   -1,   -1,    0,   -1,    0,    0,    0,    0,   -1,   -1,    0,    0,   -1,   -1,   -1,    0,    0,    0,    0,    0,   -1,    0,    0,    0,    0,    0,    0,    0,    0,    0,    0,    0,    0,    0,    0,    0,    0,   -1,
       0,    0,   -3,    0,    0,   -2,   -3,   -1,    0,   -1,    0,   -1,   -1,   -2,    0,   -1,   -1,   -1,   -1,   -1,   -1,   -1,    0,   -3,   -1,   -3,   -2,   -2,   -3,   -2,    0,    0,   -1,    0,    0,   -1,    0,   -2,   -1,   -1,   -1,   -1,   -1,   -1,   -1,   -1,   -1,   -1,   -1,   -1,   -1,   -1,    0,    0,   -1,   -1,   -1,    0,    0,   -2,    0,    0,    0,    0,    0,   -2,   -2,   -1,   -1,   -2,    0,    0,    0,    0,    0,    0,   -1,   -1,   -1,   -1,    0,    0,    0,    0,    0,    0,   -1,   -1,   -1,   -1,    0,    0,    0,    0,    0,    0,   -1,   -1,   -1,   -1,   -1,   -1,   -1,   -1,    0,    0,    0,    0,   -1,   -1,   -1,   -5,   -1,   -1,   -1,   -1,    0,    0,    0,    0,   -1,   -1,    0,    0,   -1,   -1,   -1,    0,    0,    0,    0,    0,   -1,    0,    0,    0,   -1,   -1,    0,   -3,   -2,   -1,   -1,    0,    0,    0,   -2,    0,    0,   -2,
       0,    0,   -2,    0,    0,    0,   -2,   -1,    0,   -1,    0,    0,    0,    0,    0,    0,   -1,   -1,   -1,   -1,   -1,   -1,   -1,   -2,   -2,   -3,   -2,   -1,   -3,   -2,    0,    0,    0,    0,   -1,   -1,   -1,    2,    0,   -1,   -1,    3,   -1,    0,    0,    0,    0,    0,    0,   -1,    0,    0,    0,    0,    0,    0,    0,    0,   -2,    0,    0,    0,    0,    0,    0,   -1,    0,    0,   -1,    2,   -1,   -1,   -1,   -1,   -1,   -1,   -1,   -1,   -1,   -1,   -1,   -1,   -1,   -1,   -1,   -1,    0,    0,   -1,    0,   -1,   -1,   -1,   -1,   -1,   -1,    0,    0,   -1,   -1,   -1,   -1,   -1,    3,   -1,   -2,   -1,   -1,    0,    0,    0,   -2,    0,    0,    0,    0,   -1,   -1,   -1,   -1,   -1,   -1,   -1,   -1,    0,    0,    0,   -1,   -1,   -1,   -1,   -1,   -1,   -1,   -1,   -1,    0,    0,    0,   -1,   -1,   -1,   -1,    0,    0,    0,   -1,    0,    0,    2,
       0,    0,   -1,    0,    0,   -1,   -1,   -1,    0,   -1,    0,    0,    0,   -1,    0,   -1,   -1,    0,   -1,   -1,   -1,    0,    0,   -1,   -1,   -1,   -2,   -1,   -3,   -1,    0,   -1,   -1,    0,    0,    0,    0,    0,    0,    0,    0,    0,    0,    0,   -1,    0,    0,    0,    0,    0,    0,    0,    0,    0,   -1,    0,    0,    0,    0,    0,    0,    0,    0,    0,    0,   -1,    0,   -1,    0,    0,    0,    0,    0,    0,    0,    0,    0,    0,    0,    0,    0,    0,    0,    0,    0,    0,    0,    0,    0,    0,    0,    0,    0,    0,    0,    0,    0,    0,    0,   -1,    0,    0,    0,    0,    0,    0,    0,    0,    0,   -1,   -1,   -1,    0,    0,    0,    0,    0,    0,    0,    0,    0,    0,    0,    0,    0,    0,    0,    0,    0,    0,    0,    0,    0,    0,    0,    0,    0,    0,    0,   -1,   -1,   -1,   -1,   -1,    0,    0,    0,    0,    0,    0,
       0,    0,   -1,    0,    0,   -1,   -1,   -2,    0,   -2,    0,    0,    0,   -2,    0,   -2,   -1,    0,   -2,   -1,   -1,    0,   -1,   -1,   -1,   -2,   -2,   -3,   -3,   -1,    0,   -1,   -1,    0,    0,    0,    0,    0,    0,    0,    0,    0,    0,    0,    0,    0,    0,    0,    0,    0,    0,    0,    0,    0,   -1,    0,    0,    0,    0,    0,    0,    0,    0,    0,    0,   -1,    0,   -2,    0,    0,    0,    0,    0,    0,    0,    0,    0,    0,    0,    0,    0,    0,    0,    0,    0,    0,    0,    0,    0,    0,    0,    0,    0,    0,    0,    0,    0,    0,    0,   -1,    0,    0,    0,    0,    0,    0,    0,    0,    0,    0,    0,   -1,    0,    0,    0,    0,    0,    0,    0,    0,    0,    0,    0,    0,    0,    0,    0,    0,    0,    0,    0,    0,    0,    0,    0,    0,    0,    0,    0,   -1,    0,   -2,   -2,   -1,    0,    0,    0,    0,    0,    0,
       0,    0,   -1,   -1,    0,   -1,   -2,    0,   -1,    0,    0,    0,    0,   -1,   -1,    0,   -1,   -1,    0,   -1,   -1,   -1,   -1,   -2,   -1,   -2,   -2,    0,   -2,   -1,    0,   -1,    0,    0,    0,   -1,   -1,   -1,   -1,    0,   -1,   -1,    0,   -1,   -1,   -1,   -1,   -1,   -1,    0,   -1,   -1,    0,    0,   -1,    0,   -1,   -1,   -1,   -1,    0,    0,   -1,    0,   -1,   -1,    0,    0,   -1,   -1,    0,    0,    0,   -1,   -1,   -1,   -1,   -1,   -1,   -1,    0,   -1,   -1,   -1,   -1,   -1,   -1,   -1,    0,   -1,    0,   -1,   -1,   -1,   -1,   -1,   -1,   -1,    0,   -1,   -1,   -1,   -1,   -1,    0,    0,   -1,   -1,   -1,   -1,   -1,   -2,   -1,   -1,   -1,   -1,   -1,    0,   -1,   -1,   -1,   -1,   -1,   -1,   -1,   -1,   -1,    0,    0,   -1,   -1,   -1,   -1,   -1,   -1,   -1,   -1,   -1,   -1,   -1,   -2,    0,    0,   -2,   -2,    0,    0,    0,    0,   -1,
       0,    0,   -3,   -1,    0,   -1,   -2,    0,   -1,    0,    0,    0,    0,   -1,   -1,    0,    0,   -1,    0,    0,    0,   -1,    0,   -2,   -1,   -2,   -2,    0,   -3,   -1,    0,   -2,   -1,    0,    0,    0,    0,   -1,    0,    0,    0,    0,    0,    0,    0,   -1,    0,   -1,   -1,    0,   -1,   -1,    0,    0,   -1,    0,   -1,   -1,   -1,   -1,    0,    0,   -1,    0,   -1,   -1,    0,    0,   -1,   -1,    0,    0,    0,    0,    0,    0,    0,    0,    0,    0,    0,    0,    0,    0,    0,    0,    0,    0,    0,   -1,    0,    0,    0,    0,    0,    0,    0,    0,    0,    0,    0,    0,    0,    0,    0,    0,    0,    0,    0,    0,    0,   -2,   -1,    0,   -1,   -1,    0,    0,    0,    0,    0,    0,    0,    0,    0,    0,    0,    0,    0,    0,    0,    0,    0,    0,    0,    0,   -1,   -1,   -1,   -2,   -2,    0,    0,   -2,   -2,    0,    0,    0,    0,   -1,
       0,    0,   -2,   -1,    0,   -1,   -2,    0,   -1,    0,    0,    0,    0,   -1,   -1,    0,    0,   -1,    0,    0,    0,   -1,    0,   -2,   -1,   -2,   -2,    0,   -3,   -1,    0,   -2,   -1,    0,    0,    0,    0,   -1,    0,    0,    0,    0,    0,    0,    0,   -1,    0,   -1,   -1,    0,   -1,   -1,    0,    0,   -1,    0,   -1,   -1,   -1,   -1,    0,    0,   -1,    0,   -1,   -1,    0,    0,   -1,   -1,    0,    0,    0,    0,    0,    0,    0,    0,    0,    0,    0,    0,    0,    0,    0,    0,    0,    0,    0,   -1,    0,    0,    0,    0,    0,    0,    0,    0,    0,    0,    0,    0,    0,    0,    0,    0,    0,    0,    0,    0,    0,   -2,   -1,    0,   -1,   -1,    0,    0,    0,    0,    0,    0,    0,    0,    0,    0,    0,    0,    0,    0,    0,    0,    0,    0,    0,    0,   -1,   -1,   -1,   -3,   -3,    0,    0,   -2,   -2,    0,    0,    0,    0,   -1,
       0,    0,   -2,   -1,    0,   -1,   -2,    0,   -1,    0,    0,    0,    0,   -1,   -1,    0,    0,   -1,    0,    0,    0,   -1,    0,   -2,   -1,   -2,   -2,    0,   -3,   -1,    0,   -2,   -1,    0,    0,    0,    0,   -1,    0,    0,    0,    0,    0,    0,    0,   -1,    0,   -1,   -1,    0,   -1,   -1,    0,    0,   -1,    0,   -1,   -1,   -1,   -1,    0,    0,   -1,    0,   -1,   -1,    0,    0,   -1,   -1,    0,    0,    0,    0,    0,    0,    0,    0,    0,    0,    0,    0,    0,    0,    0,    0,    0,    0,    0,   -1,    0,    0,    0,    0,    0,    0,    0,    0,    0,    0,    0,    0,    0,    0,    0,    0,    0,    0,    0,    0,    0,   -2,   -1,    0,   -1,   -1,    0,    0,    0,    0,    0,    0,    0,    0,    0,    0,    0,    0,    0,    0,    0,    0,    0,    0,    0,    0,   -1,   -1,   -1,   -3,   -2,    0,    0,   -2,   -2,    0,    0,    0,    0,   -1,
       0,    0,   -1,    0,    0,   -1,   -2,    0,   -1,    0,    0,    0,    0,   -1,    0,    0,   -1,    0,    0,    0,   -1,   -1,    0,   -2,   -1,   -2,   -2,   -1,   -3,   -1,    0,   -2,    0,    0,    0,    0,    0,    0,    0,    0,    0,    1,    0,    0,    0,    0,    0,    0,    0,    0,    0,   -1,    0,    0,   -1,    0,    0,   -1,   -1,   -1,    0,    0,   -1,    0,   -1,    0,    0,    0,   -1,    0,    0,    0,    0,    0,    0,    0,    0,    0,    0,    0,    0,    0,    0,    0,    0,    0,    0,    0,    0,    0,    0,    0,    0,    0,    0,    0,    0,    0,    0,   -1,    0,    0,    0,    1,    0,    0,    0,    0,    0,    0,    0,   -2,    0,    0,    0,   -1,    0,    0,    0,    0,    0,    0,    0,    0,    0,    0,    0,    0,    0,    0,    0,    0,    0,    0,    0,    0,    0,    0,   -1,   -1,   -1,    0,    0,   -2,   -1,    0,    0,    0,    0,    0,
       0,    0,   -1,    0,    0,   -1,   -1,    0,    0,    0,    0,    0,    0,   -1,    0,   -1,   -1,   -1,    0,   -1,   -1,   -1,   -1,   -2,   -1,   -2,   -2,   -1,   -3,   -1,    0,   -2,    0,    0,    0,    0,    0,   -1,    0,    0,    0,    0,    0,    0,   -1,   -1,    0,    0,    0,    0,    0,   -1,    0,    0,   -1,    0,    0,   -1,   -1,   -1,    0,    0,    0,    0,   -1,   -1,    0,    0,   -1,   -1,    0,    0,    0,    0,    0,    0,    0,    0,    0,    0,    0,    0,    0,    0,    0,    0,    0,    0,    0,    0,    0,    0,    0,    0,    0,    0,    0,    0,    0,   -1,    0,    0,    0,    0,    0,    0,    0,    0,    0,   -1,   -1,   -2,   -1,    0,    0,   -1,    0,    0,    0,    0,    0,    0,    0,    0,    0,    0,    0,    0,    0,    0,    0,    0,    0,    0,    0,    0,    0,    0,    0,   -1,   -2,    0,    0,   -2,   -1,    0,    0,    0,    0,   -1,
       0,    0,   -1,    0,    0,   -1,   -2,    0,    0,    0,    0,    0,    0,   -1,    0,   -1,   -1,   -1,    0,   -1,   -1,   -1,   -1,   -2,   -1,   -2,   -2,   -1,   -3,   -1,    0,   -2,    0,    0,    0,    0,    0,   -1,    0,    0,    0,    0,    0,    0,   -1,   -1,    0,    0,    0,    0,    0,   -1,    0,    0,   -1,    0,    0,   -1,   -1,   -1,    0,    0,    0,    0,   -1,   -1,    0,    0,   -1,   -1,    0,    0,    0,    0,    0,    0,    0,    0,    0,    0,    0,    0,    0,    0,    0,    0,    0,    0,    0,    0,    0,    0,    0,    0,    0,    0,    0,    0,    0,   -1,    0,    0,    0,    0,    0,    0,    0,    0,    0,   -1,   -1,   -2,   -1,    0,    0,   -1,    0,    0,    0,    0,    0,    0,    0,    0,    0,    0,    0,    0,    0,    0,    0,    0,    0,    0,    0,    0,    0,    0,    0,   -2,   -2,    0,    0,   -2,   -1,    0,    0,    0,    0,   -1,
       0,    0,   -2,    0,    0,   -1,   -1,    0,    0,    0,    0,    0,    0,   -1,    0,   -1,   -1,   -1,    0,   -1,   -1,   -1,   -1,   -2,   -1,   -2,   -2,   -1,   -3,   -1,    0,   -2,    0,    0,    0,    0,    0,   -1,    0,    0,    0,    0,    0,    0,   -1,   -1,    0,    0,    0,    0,    0,   -1,    0,    0,   -1,    0,    0,   -1,   -1,   -1,    0,    0,    0,    0,   -1,   -1,    0,    0,   -1,   -1,    0,    0,    0,    0,    0,    0,    0,    0,    0,    0,    0,    0,    0,    0,    0,    0,    0,    0,    0,    0,    0,    0,    0,    0,    0,    0,    0,    0,    0,   -1,    0,    0,    0,    0,    0,    0,    0,    0,    0,   -1,   -1,   -2,   -1,    0,    0,   -1,    0,    0,    0,    0,    0,    0,    0,    0,    0,    0,    0,    0,    0,    0,    0,    0,    0,    0,    0,    0,    0,    0,    0,   -2,   -2,    0,    0,   -2,   -1,    0,    0,    0,    0,   -1,
       0,    0,   -1,   -1,    0,   -1,   -1,    0,   -1,    0,    0,    0,    0,   -1,   -1,    0,    0,   -1,    0,    0,    0,   -1,    0,   -1,   -1,   -1,   -1,    0,   -1,    0,    0,   -1,    0,    0,    0,    0,    0,   -1,    0,    0,    0,    0,    0,    0,    0,    0,    0,   -1,   -1,    0,   -1,    0,    0,    0,    0,    0,   -1,   -1,   -1,   -1,    0,    0,   -1,    0,   -1,   -1,    0,    0,   -1,   -1,    0,    0,    0,    0,    0,    0,    0,    0,    0,    0,    0,    0,    0,    0,    0,    0,    0,    0,    0,   -1,    0,    0,    0,    0,    0,    0,    0,    0,    0,    0,    0,    0,    0,    0,    0,    0,    0,    0,    0,    0,    0,   -1,    0,    0,   -1,    0,    0,    0,    0,    0,    0,    0,    0,    0,    0,    0,    0,    0,    0,    0,    0,    0,    0,    0,    0,    0,   -1,   -1,   -1,   -2,   -1,    0,    0,   -1,   -1,    0,    0,    0,    0,   -1,
       0,    0,    1,   -1,    0,    0,    0,    0,   -1,    0,    0,    0,    0,    0,   -1,    0,    0,   -1,    0,    0,    0,   -1,    0,   -1,   -1,   -1,   -1,    0,   -1,    0,    0,   -1,    0,    0,    0,    1,    0,   -1,    0,    1,    0,    0,    0,    0,    0,    0,    0,   -1,   -1,    0,   -1,    0,    0,    0,    0,    0,   -1,   -1,   -1,    0,    0,    0,   -1,    0,   -1,   -1,    0,    0,   -1,   -1,    0,    0,    0,    0,    0,    0,    1,    0,    0,    0,    0,    0,    0,    0,    0,    0,    0,    0,    1,   -1,    0,    0,    0,    0,    0,    0,    0,    0,    1,    0,    0,    0,    0,    0,    0,    0,    0,    0,    0,    0,    0,   -1,    0,    0,   -1,    0,    0,    0,    0,    0,    0,    0,    0,    0,    0,    0,    0,    0,    0,    0,    0,    0,    0,    0,    0,    0,   -1,   -1,   -1,   -1,    0,    0,    0,   -1,   -1,    0,    0,    0,    0,   -1,
       0,    0,   -1,   -1,    0,   -1,   -1,    0,   -1,    0,    0,    0,    0,   -1,   -1,    0,    0,   -1,    0,    0,    0,   -1,    0,   -1,   -1,   -1,   -1,    0,   -1,    0,    0,   -1,    0,    0,    0,    0,    0,   -1,    0,    0,    0,    0,    0,    0,    0,    0,    0,   -1,   -1,    0,   -1,    0,    0,    0,    0,    0,   -1,   -1,   -1,    0,    0,    0,   -1,    0,   -1,   -1,    0,    0,   -1,   -1,    0,    0,    0,    0,    0,    0,    0,    0,    0,    0,    0,    0,    0,    0,    0,    0,    0,    0,    0,   -1,    0,    0,    0,    0,    0,    0,    0,    0,    0,    0,    0,    0,    0,    0,    0,    0,    0,    0,    0,    0,    0,   -1,    0,    0,   -1,    0,    0,    0,    0,    0,    0,    0,    0,    0,    0,    0,    0,    0,    0,    0,    0,    0,    0,    0,    0,    0,   -1,   -1,   -1,    0,   -1,    0,    0,   -1,   -1,    0,    0,    0,    0,   -1,
       0,    0,    0,   -1,    0,   -1,    1,    0,   -1,    0,    0,    0,    0,    0,   -1,    0,    0,   -1,    0,    0,    0,   -1,    0,   -1,   -1,   -1,   -1,    0,   -1,    0,    0,   -1,    0,    0,    0,    0,    0,   -1,    0,    0,    0,    0,    0,    0,    0,    0,    0,   -1,   -1,    0,   -1,    0,    0,    0,    0,    0,   -1,   -1,   -1,    1,    0,    0,   -1,    0,   -1,   -1,    0,    0,   -1,   -1,    0,    0,    0,    0,    0,    0,    0,    0,    0,    0,    0,    0,    0,    0,    0,    0,    0,    0,    0,   -1,    0,    0,    0,    0,    0,    0,    0,    0,    0,    0,    0,    0,    0,    0,    0,    0,    0,    0,    0,    0,    0,   -1,    0,    0,   -1,    0,    0,    0,    0,    0,    0,    0,    0,    0,    0,    0,    0,    0,    0,    0,    0,    0,    0,    0,    0,    0,   -1,   -1,   -1,    0,    0,    0,    0,   -1,   -1,    0,    0,    0,    0,   -1,
       0,    0,   -1,    0,    0,   -1,   -1,    0,    0,    0,    0,    0,    0,   -1,    0,   -1,   -1,    0,    0,   -1,   -1,    0,    0,   -1,   -1,   -1,   -1,   -1,   -2,   -1,    0,   -1,   -1,    0,    0,    0,    0,    0,    0,    0,    0,    0,    0,    0,   -1,    0,    0,   -1,    0,   -1,    0,   -1,    0,    0,   -1,    0,    0,    0,    0,   -1,    0,    0,    0,    0,    0,   -1,    0,    0,    0,    0,    0,    0,    0,    0,    0,    0,    0,    0,    0,    0,    0,    0,    0,    0,    0,    0,    0,    0,    0,    0,    0,    0,    0,    0,    0,    0,    0,    0,    0,   -1,    0,    0,    0,    0,    0,    0,    0,    0,    0,   -1,   -1,   -1,    0,    0,    0,   -1,    0,    0,    0,    0,    0,    0,    0,    0,    0,    0,    0,    0,    0,    0,    0,    0,    0,    0,    0,    0,    0,    0,    0,   -1,   -1,    0,    0,   -1,   -1,    0,    0,    0,    0,    0,
       0,    0,   -3,    0,    0,   -1,   -2,    0,    0,    0,    0,    0,    0,   -2,    0,   -1,   -1,   -1,    0,   -1,   -1,   -1,    0,   -3,   -1,   -3,   -2,   -1,   -4,   -1,    0,   -3,   -1,    0,    0,    0,    0,   -1,    0,    0,    0,    0,    0,    0,   -1,   -1,    0,    0,    0,    0,    0,   -1,    0,    0,   -1,    0,    0,   -1,    0,   -2,    0,    0,    0,    0,    0,   -1,    0,    0,   -1,   -1,    0,    0,    0,    0,    0,    0,    0,    0,    0,    0,    0,    0,    0,    0,    0,    0,    0,    0,    0,    0,    0,    0,    0,    0,    0,    0,    0,    0,    0,   -1,    0,    0,    0,    0,    0,    0,    0,    0,    0,   -1,   -1,   -3,   -1,    0,    0,   -1,    0,    0,    0,    0,    0,    0,    0,    0,    0,    0,    0,    0,    0,    0,    0,    0,    0,    0,    0,    0,    0,    0,    0,   -2,   -3,    0,    0,   -2,   -2,    0,    0,    0,    0,   -1,
       0,    0,   -2,    0,    0,   -1,   -3,    0,    0,    0,    0,    0,    0,   -2,    0,   -1,   -1,   -1,    0,   -1,   -1,   -1,    0,   -3,   -1,   -3,   -2,   -1,   -4,   -1,    0,   -3,   -1,    0,    0,    0,    0,   -1,    0,    0,    0,    0,    0,    0,   -1,   -1,    0,    0,    0,    0,    0,   -1,    0,    0,   -1,    0,    0,   -1,    0,   -2,    0,    0,    0,    0,    0,   -1,    0,    0,   -1,   -1,    0,    0,    0,    0,    0,    0,    0,    0,    0,    0,    0,    0,    0,    0,    0,    0,    0,    0,    0,    0,    0,    0,    0,    0,    0,    0,    0,    0,    0,   -1,    0,    0,    0,    0,    0,    0,    0,    0,    0,   -1,   -1,   -3,   -1,    0,    0,   -1,    0,    0,    0,    0,    0,    0,    0,    0,    0,    0,    0,    0,    0,    0,    0,    0,    0,    0,    0,    0,    0,    0,    0,   -3,   -3,    0,    0,   -2,   -2,    0,    0,    0,    0,   -1,
       0,    0,   -3,    0,    0,   -1,   -2,    0,    0,    0,    0,    0,    0,   -2,    0,   -1,   -1,   -1,    0,   -1,   -1,   -1,    0,   -3,   -1,   -3,   -2,   -1,   -4,   -1,    0,   -3,   -1,    0,    0,    0,    0,   -1,    0,    0,    0,    0,    0,    0,   -1,   -1,    0,    0,    0,    0,    0,   -1,    0,    0,   -1,    0,    0,   -1,    0,   -2,    0,    0,    0,    0,    0,   -1,    0,    0,   -1,   -1,    0,    0,    0,    0,    0,    0,    0,    0,    0,    0,    0,    0,    0,    0,    0,    0,    0,    0,    0,    0,    0,    0,    0,    0,    0,    0,    0,    0,    0,   -1,    0,    0,    0,    0,    0,    0,    0,    0,    0,   -1,   -1,   -3,   -1,    0,    0,   -1,    0,    0,    0,    0,    0,    0,    0,    0,    0,    0,    0,    0,    0,    0,    0,    0,    0,    0,    0,    0,    0,    0,    0,   -2,   -2,    0,    0,   -2,   -2,    0,    0,    0,    0,   -1,
       0,    0,   -3,    0,    0,   -1,   -1,    0,    0,    0,    0,    0,    0,   -2,    0,   -1,   -1,   -1,    0,   -1,   -1,   -1,    0,   -3,   -1,   -3,   -2,   -1,   -4,   -1,    0,   -3,   -1,    0,    0,    0,    0,   -1,    0,    0,    0,    0,    0,    0,   -1,   -1,    0,    0,    0,    0,    0,   -1,    0,    0,   -1,    0,    0,   -1,    0,   -2,    0,    0,    0,    0,    0,   -1,    0,    0,   -1,   -1,    0,    0,    0,    0,    0,    0,    0,    0,    0,    0,    0,    0,    0,    0,    0,    0,    0,    0,    0,    0,    0,    0,    0,    0,    0,    0,    0,    0,    0,   -1,    0,    0,    0,    0,    0,    0,    0,    0,    0,   -1,   -1,   -3,   -1,    0,    0,   -1,    0,    0,    0,    0,    0,    0,    0,    0,    0,    0,    0,    0,    0,    0,    0,    0,    0,    0,    0,    0,    0,    0,    0,   -3,   -3,    0,    0,   -2,   -2,    0,    0,    0,    0,   -1,
       0,    0,   -3,    0,    0,   -1,   -2,    0,    0,    0,    0,    0,    0,   -2,    0,   -1,   -1,   -1,    0,   -1,   -1,   -1,    0,   -3,   -1,   -3,   -2,   -1,   -4,   -1,    0,   -3,   -1,    0,    0,    0,    0,   -1,    0,    0,    0,    0,    0,    0,   -1,   -1,    0,    0,    0,    0,    0,   -1,    0,    0,   -1,    0,    0,   -1,    0,   -1,    0,    0,    0,    0,    0,   -1,    0,    0,   -1,   -1,    0,    0,    0,    0,    0,    0,    0,    0,    0,    0,    0,    0,    0,    0,    0,    0,    0,    0,    0,    0,    0,    0,    0,    0,    0,    0,    0,    0,    0,   -1,    0,    0,    0,    0,    0,    0,    0,    0,    0,   -1,   -1,   -3,   -1,    0,    0,   -1,    0,    0,    0,    0,    0,    0,    0,    0,    0,    0,    0,    0,    0,    0,    0,    0,    0,    0,    0,    0,    0,    0,    0,   -3,   -2,    0,    0,   -2,   -2,    0,    0,    0,    0,   -1,
      -1,    0,   -2,   -1,    0,    0,   -3,    0,   -1,    0,    0,    0,    0,   -2,   -1,    0,    0,   -2,    0,    0,    0,   -2,   -1,   -3,   -2,   -3,   -2,    0,   -3,   -1,    0,   -2,    0,    0,   -1,   -1,   -1,   -1,   -1,    0,   -1,    0,    0,   -1,    0,   -1,   -1,   -1,   -1,    0,   -3,    0,    0,    0,   -1,    0,   -2,   -2,   -1,   -2,    0,    0,   -1,    0,   -2,    0,    0,    0,   -2,   -1,   -1,   -1,   -1,   -1,   -1,   -1,   -1,   -1,   -1,   -1,   -1,   -1,   -1,   -1,   -1,   -1,   -1,   -1,    0,   -3,   -1,   -1,   -1,   -1,   -1,   -1,   -1,   -1,    0,    0,   -1,   -1,   -1,    0,   -1,   -1,   -1,   -1,   -1,    0,    0,   -3,   -1,   -1,   -3,    0,   -1,   -1,   -1,   -1,   -1,   -1,   -1,   -1,   -1,   -1,   -1,   -1,   -1,   -1,   -1,   -1,   -1,   -1,   -1,   -1,   -3,   -3,   -1,   -3,   -3,    0,    0,   -3,   -3,   -1,    0,    0,    0,   -1,
       0,    0,   -2,   -1,    0,   -1,   -2,    0,   -1,    0,    0,    0,    0,   -1,   -1,    0,    0,   -1,    0,    0,    0,   -1,    0,   -2,   -1,   -2,   -2,    0,   -3,   -1,    0,   -2,   -1,    0,    0,    0,    0,    0,    0,    0,    0,    1,    0,    0,    0,   -1,    0,   -1,   -1,    0,   -2,   -1,    0,    0,   -1,    0,   -1,   -1,   -1,   -1,    0,    0,   -1,    0,   -1,   -1,    0,    0,   -1,    0,    0,    0,    0,    0,    0,    0,    0,    0,    0,    0,    0,    0,    0,    0,    0,    0,    0,    0,    0,   -2,    0,    0,    0,    0,    0,    0,    0,    0,    0,    0,    0,    0,    0,    1,    0,    0,    0,    0,    0,    0,    0,   -2,   -1,    0,   -2,   -1,    0,    0,    0,    0,    0,    0,    0,    0,    0,    0,    0,    0,    0,    0,    0,    0,    0,    0,    0,    0,   -2,   -2,   -1,   -2,   -2,    0,    0,   -2,   -2,    0,    0,    0,    0,    0,
       0,    0,   -1,    0,    0,   -1,   -1,    0,   -1,    0,    0,    0,    0,   -1,    0,    0,   -1,    0,    0,    0,   -1,   -1,    0,   -2,   -1,   -2,   -2,   -1,   -3,   -1,    0,   -2,    0,    0,    0,    0,    0,   -1,    0,    0,    0,    0,    0,    0,    0,    0,    0,    0,    0,    0,    0,   -1,    0,    0,   -1,    0,    0,   -1,   -1,   -1,    0,    0,   -1,    0,   -1,    0,    0,    0,   -1,   -1,    0,    0,    0,    0,    0,    0,    0,    0,    0,    0,    0,    0,    0,    0,    0,    0,    0,    0,    0,    0,    0,    0,    0,    0,    0,    0,    0,    0,    0,   -1,    0,    0,    0,    0,    0,    0,    0,    0,    0,    0,    0,   -2,    0,    0,    0,   -1,    0,    0,    0,    0,    0,    0,    0,    0,    0,    0,    0,    0,    0,    0,    0,    0,    0,    0,    0,    0,    0,    0,   -1,   -2,   -1,    0,    0,   -2,   -1,    0,    0,    0,    0,   -1,
       0,    0,   -2,    0,    0,   -1,   -2,    0,   -1,    0,    0,    0,    0,   -1,    0,    0,   -1,    0,    0,    0,   -1,   -1,    0,   -2,   -1,   -2,   -2,   -1,   -3,   -1,    0,   -2,    0,    0,    0,    0,    0,   -1,    0,    0,    0,    0,    0,    0,    0,    0,    0,    0,    0,    0,    0,   -1,    0,    0,   -1,    0,    0,   -1,   -1,   -1,    0,    0,   -1,    0,   -1,    0,    0,    0,   -1,   -1,    0,    0,    0,    0,    0,    0,    0,    0,    0,    0,    0,    0,    0,    0,    0,    0,    0,    0,    0,    0,    0,    0,    0,    0,    0,    0,    0,    0,    0,   -1,    0,    0,    0,    0,    0,    0,    0,    0,    0,    0,    0,   -2,    0,    0,    0,   -1,    0,    0,    0,    0,    0,    0,    0,    0,    0,    0,    0,    0,    0,    0,    0,    0,    0,    0,    0,    0,    0,    0,   -1,   -1,   -2,    0,    0,   -2,   -1,    0,    0,    0,    0,   -1,
       0,    0,   -1,    0,    0,   -1,   -1,    0,   -1,    0,    0,    0,    0,   -1,    0,    0,   -1,    0,    0,    0,   -1,   -1,    0,   -2,   -1,   -2,   -2,   -1,   -3,   -1,    0,   -2,    0,    0,    0,    0,    0,   -1,    0,    0,    0,    0,    0,    0,    0,    0,    0,    0,    0,    0,    0,   -1,    0,    0,   -1,    0,    0,   -1,   -1,   -1,    0,    0,   -1,    0,   -1,    0,    0,    0,   -1,   -1,    0,    0,    0,    0,    0,    0,    0,    0,    0,    0,    0,    0,    0,    0,    0,    0,    0,    0,    0,    0,    0,    0,    0,    0,    0,    0,    0,    0,    0,   -1,    0,    0,    0,    0,    0,    0,    0,    0,    0,    0,    0,   -2,    0,    0,    0,   -1,    0,    0,    0,    0,    0,    0,    0,    0,    0,    0,    0,    0,    0,    0,    0,    0,    0,    0,    0,    0,    0,    0,   -1,   -1,   -2,    0,    0,   -2,   -1,    0,    0,    0,    0,   -1,
       0,    1,    2,    0,    0,    2,    2,    0,   -1,    0,    0,    0,    0,    2,    0,    0,    0,    0,    0,    0,    0,    0,    0,    0,    0,    0,    0,    0,    0,    0,    0,    0,    3,    0,    0,    3,    0,    0,    0,    3,    0,    0,    2,    0,    0,    0,    0,   -1,   -1,    0,   -1,   -1,    0,    0,    2,    0,    0,    0,   -1,    1,    0,    0,    0,    0,    0,   -1,    0,    0,    0,    0,    0,    0,    0,    0,    0,    0,    0,    0,    0,    0,    0,    0,    0,    0,    0,    0,    0,    0,    3,   -1,    0,    0,    0,    0,    0,    0,    0,    0,    3,    0,    0,    0,    0,    0,    0,    0,    0,    0,    0,    0,    0,    0,    0,    0,   -1,    1,    0,    0,    0,    0,    0,    0,    0,    0,    0,    0,    0,    0,    0,    0,    0,    0,    0,    0,    0,    0,   -1,   -1,   -1,    1,    2,    0,    0,    0,    0,    0,    0,    0,    0,    0,
       0,    0,   -1,   -1,    0,   -1,    0,    0,   -1,    0,    0,    0,    0,    0,   -1,    0,    0,   -1,    0,    0,    0,   -1,    0,   -1,   -1,   -1,   -1,    0,   -1,    0,    0,   -1,    0,    0,    0,    0,    0,   -1,    0,    0,    0,    0,    0,    0,    0,   -1,    0,   -1,   -1,    0,   -1,   -1,    0,    0,    0,    0,    0,   -1,   -1,    0,    0,    0,   -1,    0,   -1,   -1,    0,    0,   -1,   -1,    0,    0,    0,    0,    0,    0,    0,    0,    0,    0,    0,    0,    0,    0,    0,    0,    0,    0,    0,   -1,    0,    0,    0,    0,    0,    0,    0,    0,    0,    0,    0,    0,    0,    0,    0,    0,    0,    0,    0,    0,    0,   -1,   -1,    0,   -1,   -1,    0,    0,    0,    0,    0,    0,    0,    0,    0,    0,    0,    0,    0,    0,    0,    0,    0,    0,    0,    0,   -1,   -1,   -1,    0,   -1,    0,    0,   -1,   -1,    0,    0,    0,    0,   -1,
       0,    0,   -1,    0,    0,   -1,   -2,    0,    0,    0,    0,    0,    0,   -1,    0,   -1,   -1,   -1,    0,   -1,   -1,   -1,   -1,   -2,   -1,   -2,   -2,   -1,   -3,   -1,    0,   -2,    0,    0,    0,    0,    0,   -1,    0,    0,    0,    0,    0,    0,   -1,   -1,    0,    0,    0,    0,    0,   -1,    0,    0,   -1,    0,    0,   -1,   -1,   -1,    0,    0,    0,    0,   -1,   -1,    0,    0,   -1,   -1,    0,    0,    0,    0,    0,    0,    0,    0,    0,    0,    0,    0,    0,    0,    0,    0,    0,    0,    0,    0,    0,    0,    0,    0,    0,    0,    0,    0,    0,   -1,    0,    0,    0,    0,    0,    0,    0,    0,    0,   -1,   -1,   -2,   -1,    0,    0,   -1,    0,    0,    0,    0,    0,    0,    0,    0,    0,    0,    0,    0,    0,    0,    0,    0,    0,    0,    0,    0,    0,    0,    0,   -2,   -1,    0,    0,   -2,   -1,    0,    0,    0,    0,   -1,
       0,    0,    0,    0,    0,    0,   -1,    0,    0,    0,    0,    0,    0,    0,    0,    0,    0,    0,    0,    0,    0,    0,    0,   -1,    0,   -1,   -1,   -1,   -1,    0,    0,    0,    0,    0,    0,    0,    0,    0,   -1,    0,   -1,    0,    0,   -1,    0,   -1,   -1,   -1,   -1,    0,   -1,   -1,    0,    0,    0,    0,    0,    0,    0,    0,    0,    0,    0,    0,    0,    0,    0,    0,    0,    0,    0,    0,    0,    0,    0,    0,   -1,   -1,   -1,   -1,    0,    0,    0,    0,    0,    0,   -1,   -1,    0,   -1,    0,    0,    0,    0,    0,    0,   -1,   -1,    0,    0,   -1,   -1,   -1,    0,    0,    0,    0,    0,   -1,    0,    0,   -1,   -1,   -1,   -1,   -1,    0,    0,    0,    0,   -1,   -1,    0,    0,   -1,   -1,   -1,    0,    0,    0,    0,    0,   -1,    0,    0,    0,   -1,   -1,    0,    0,    0,    0,    0,   -1,    0,    0,    0,    0,    0,    0,
       0,    0,   -1,    0,    0,   -1,   -2,    0,    0,    0,    0,    0,    0,   -1,    0,   -1,   -1,   -1,    0,   -1,   -1,   -1,   -1,   -2,   -1,   -2,   -2,   -1,   -3,   -1,    0,   -2,    0,    0,    0,    0,    0,    0,    0,    0,    0,    1,    0,    0,   -1,   -1,    0,    0,    0,    0,    0,   -1,    0,    0,   -1,    0,    0,   -1,   -1,   -1,    0,    0,    0,    0,   -1,   -1,    0,    0,   -1,    0,    0,    0,    0,    0,    0,    0,    0,    0,    0,    0,    0,    0,    0,    0,    0,    0,    0,    0,    0,    0,    0,    0,    0,    0,    0,    0,    0,    0,    0,   -1,    0,    0,    0,    1,    0,    0,    0,    0,    0,   -1,   -1,   -2,   -1,    0,    0,   -1,    0,    0,    0,    0,    0,    0,    0,    0,    0,    0,    0,    0,    0,    0,    0,    0,    0,    0,    0,    0,    0,    0,    0,   -1,   -1,    0,    0,   -2,   -1,    0,    0,    0,    0,    0,
       0,    0,   -2,    0,    0,   -1,   -2,    0,    0,    0,    0,    0,    0,   -1,    0,   -1,   -1,   -1,    0,   -1,   -1,   -1,   -1,   -2,   -1,   -2,   -2,   -1,   -3,   -1,    0,   -2,    0,    0,    0,    0,    0,   -1,    0,    0,    0,    0,    0,    0,   -1,   -1,    0,    0,    0,    0,    0,   -1,    0,    0,   -1,    0,    0,   -1,   -1,   -1,    0,    0,    0,    0,   -1,   -1,    0,    0,   -1,   -1,    0,    0,    0,    0,    0,    0,    0,    0,    0,    0,    0,    0,    0,    0,    0,    0,    0,    0,    0,    0,    0,    0,    0,    0,    0,    0,    0,    0,    0,   -1,    0,    0,    0,    0,    0,    0,    0,    0,    0,   -1,   -1,   -2,   -1,    0,    0,   -1,    0,    0,    0,    0,    0,    0,    0,    0,    0,    0,    0,    0,    0,    0,    0,    0,    0,    0,    0,    0,    0,    0,    0,   -1,   -2,    0,    0,   -2,   -1,    0,    0,    0,    0,   -1,
       0,    0,    0,   -1,    0,    0,    0,    0,   -1,    0,    0,    0,    0,    0,   -1,    0,    0,   -1,    0,    0,    0,   -1,    0,    0,    0,    0,    0,    0,    0,    0,    0,    0,    0,    0,   -1,    0,   -1,   -1,   -1,    0,   -1,   -1,    0,   -1,   -1,   -1,   -1,   -1,   -1,    0,   -1,   -1,    0,    0,    0,    0,    0,    0,   -1,    0,    0,    0,   -1,    0,    0,   -1,    0,    0,   -1,   -1,   -1,   -1,   -1,   -1,   -1,   -1,   -1,   -1,   -1,   -1,   -1,   -1,   -1,   -1,   -1,   -1,   -1,   -1,    0,   -1,   -1,   -1,   -1,   -1,   -1,   -1,   -1,   -1,    1,    0,   -1,   -1,   -1,   -1,    0,   -1,   -1,   -1,   -1,   -1,   -1,    0,   -1,   -1,   -1,   -1,   -1,   -1,   -1,   -1,    1,   -1,   -1,   -1,   -1,   -1,   -1,   -1,   -1,   -1,   -1,   -1,   -1,   -1,   -1,   -1,   -1,   -1,   -1,    0,    0,    0,    0,    0,    0,    0,    0,    0,    0,   -1,
       0,    0,    0,   -1,    0,   -1,    0,    0,   -1,    0,    0,    0,    0,   -1,   -1,    0,    0,   -1,    0,    0,    0,   -1,    0,   -1,   -1,   -1,   -1,    0,   -1,    0,    0,   -1,    0,    0,    0,    0,    0,   -1,    0,    0,    0,    0,    0,    0,    0,    0,    0,   -1,   -1,    0,   -1,    0,    0,    0,    0,    0,   -1,   -1,   -1,   -1,    0,    0,   -1,    0,   -1,   -1,    0,    0,   -1,   -1,    0,    0,    0,    0,    0,    0,    0,    0,    0,    0,    0,    0,    0,    0,    0,    0,    0,    0,    0,   -1,    0,    0,    0,    0,    0,    0,    0,    0,    0,    0,    0,    0,    0,    0,    0,    0,    0,    0,    0,    0,    0,   -1,    0,    0,   -1,    0,    0,    0,    0,    0,    0,    0,    0,    0,    0,    0,    0,    0,    0,    0,    0,    0,    0,    0,    0,    0,   -1,   -1,   -1,   -1,   -1,    0,    0,   -1,   -1,    0,    0,    0,    0,   -1,
       0,    0,   -1,   -1,    0,   -1,    0,    0,   -1,    0,    0,    0,    0,   -1,   -1,    0,    0,   -1,    0,    0,    0,   -1,    0,   -1,   -1,   -1,   -1,    0,   -1,    0,    0,   -1,    0,    0,    0,    0,    0,   -1,    0,    0,    0,    0,    0,    0,    0,    0,    0,   -1,   -1,    0,   -1,    0,    0,    0,    0,    0,   -1,   -1,   -1,    0,    0,    0,   -1,    0,   -1,   -1,    0,    0,   -1,   -1,    0,    0,    0,    0,    0,    0,    0,    0,    0,    0,    0,    0,    0,    0,    0,    0,    0,    0,    0,   -1,    0,    0,    0,    0,    0,    0,    0,    0,    0,    0,    0,    0,    0,    0,    0,    0,    0,    0,    0,    0,    0,   -1,    0,    0,   -1,    0,    0,    0,    0,    0,    0,    0,    0,    0,    0,    0,    0,    0,    0,    0,    0,    0,    0,    0,    0,    0,   -1,   -1,   -1,    0,   -1,    0,    0,   -1,   -1,    0,    0,    0,    0,   -1,
       0,    0,    0,   -1,    0,    0,    0,    0,   -1,    0,    0,    0,    0,    0,   -1,    0,    0,   -1,    0,    0,    0,   -1,    0,    0,    0,    0,    0,    0,    0,    0,    0,    0,    0,    0,   -1,    0,   -1,   -1,   -1,    0,   -1,    0,    0,   -1,   -1,   -1,   -1,   -1,   -1,    0,   -1,   -1,    0,    0,    0,    0,    0,    0,   -1,    0,    0,    0,   -1,    0,    0,   -1,    0,    0,   -1,   -1,   -1,   -1,   -1,   -1,   -1,   -1,   -1,   -1,   -1,   -1,   -1,   -1,   -1,   -1,   -1,   -1,   -1,   -1,    0,   -1,   -1,   -1,   -1,   -1,   -1,   -1,   -1,   -1,    0,    0,   -1,   -1,   -1,    0,    0,   -1,   -1,   -1,   -1,   -1,   -1,    0,   -1,   -1,   -1,   -1,   -1,   -1,   -1,   -1,    1,   -1,   -1,   -1,   -1,   -1,   -1,   -1,   -1,   -1,   -1,   -1,   -1,   -1,   -1,   -1,   -1,   -1,   -1,    0,    0,    0,    0,    0,    0,    0,    0,    0,    0,   -1,
       0,    0,   -1,   -1,    0,   -1,   -1,    0,   -1,    0,    0,    0,    0,   -1,   -1,    0,    0,   -1,    0,    0,    0,   -1,    0,   -1,   -1,   -1,   -1,    0,   -1,    0,    0,   -1,    0,    0,    0,    0,    0,    0,    0,    0,    0,    1,    0,    0,    0,    0,    0,   -1,   -1,    0,   -1,    0,    0,    0,    0,    0,   -1,   -1,   -1,   -1,    0,    0,   -1,    0,   -1,   -1,    0,    0,   -1,    0,    0,    0,    0,    0,    0,    0,    0,    0,    0,    0,    0,    0,    0,    0,    0,    0,    0,    0,    0,   -1,    0,    0,    0,    0,    0,    0,    0,    0,    0,    0,    0,    0,    0,    1,    0,    0,    0,    0,    0,    0,    0,   -1,    0,    0,   -1,    0,    0,    0,    0,    0,    0,    0,    0,    0,    0,    0,    0,    0,    0,    0,    0,    0,    0,    0,    0,    0,   -1,   -1,   -1,   -1,   -1,    0,    0,   -1,   -1,    0,    0,    0,    0,    0,
       0,    0,    0,    0,    0,    0,    0,    0,    0,    0,    0,    0,    0,    0,    0,    0,   -1,   -1,    0,    0,   -1,   -1,    0,   -1,   -1,    0,    0,    0,    0,    0,    0,    0,    0,    0,    0,    0,    0,    0,    0,    0,    0,    0,    0,    0,    0,    0,    0,    0,    0,    0,    0,    0,    0,    0,    0,    0,    0,    0,    0,    0,    0,    0,    0,    0,    0,   -1,    0,    0,   -1,    0,    0,    0,    0,    0,    0,    0,    0,    0,    0,    0,    0,    0,    0,    0,    0,    0,    0,    0,    0,    0,    0,    0,    0,    0,    0,    0,    0,    0,    0,   -1,    0,    0,    0,    0,    0,    0,    0,    0,    0,    0,    0,   -1,    0,    0,    0,    0,    0,    0,    0,    0,    0,    0,    0,    0,    0,    0,    0,    0,    0,    0,    0,    0,    0,    0,    0,    0,    0,    0,    0,    1,    0,    0,    0,    0,    0,    0,    0,    0,    0,    0,
       0,    0,   -1,   -1,    0,   -1,   -1,    0,   -1,    0,    0,    0,    0,   -1,   -1,    0,    0,   -1,    0,    0,    0,   -1,    0,   -1,   -1,   -1,   -1,    0,   -1,    0,    0,   -1,    0,    0,    0,    0,    0,   -1,    0,    0,   -1,    0,    0,   -1,    0,   -1,   -1,   -1,   -1,    0,   -1,   -1,    0,    0,    0,    0,    0,   -1,   -1,   -1,    0,    0,   -2,    0,   -1,    0,    0,    0,   -1,   -1,    0,    0,    0,    0,    0,    0,   -1,   -1,   -1,   -1,    0,    0,    0,    0,    0,    0,   -1,   -1,    0,   -1,    0,    0,    0,    0,    0,    0,    0,    0,    0,    0,   -1,   -1,   -1,    0,    0,    0,    0,    0,   -1,    0,    0,   -1,   -1,   -1,   -1,   -1,    0,    0,    0,    0,   -1,   -1,    0,    0,   -1,   -1,   -1,    0,    0,    0,    0,    0,   -1,    0,    0,    0,   -1,   -1,   -1,   -1,   -1,    0,    0,   -1,   -1,    0,    0,    0,    0,   -1,
      -2,    0,   -4,    0,    0,    0,   -1,    0,    0,    0,    0,    0,    0,   -1,    0,    0,    0,   -1,    0,    0,    0,   -1,   -1,   -4,   -1,   -1,   -2,   -1,   -3,   -1,    0,   -2,    0,    0,    0,    0,    0,   -1,    0,    0,   -1,   -1,    0,   -1,    0,   -1,   -1,   -1,   -1,    0,   -1,   -1,    0,    0,    0,    0,   -1,   -1,    0,   -2,    0,    0,    0,    0,   -1,    0,    0,    0,   -1,   -1,    0,    0,    0,    0,    0,    0,   -1,   -1,   -1,   -1,    0,    0,    0,    0,    0,    0,   -1,   -1,    0,   -1,    0,    0,    0,    0,    0,    0,    0,    0,    0,    0,   -1,   -1,   -1,   -1,   -1,    0,    0,    0,   -1,    0,    0,   -4,   -1,   -1,   -1,   -1,    0,    0,    0,    0,   -1,   -1,    0,    0,   -1,   -1,   -1,    0,    0,    0,    0,    0,   -1,    0,    0,    0,   -1,   -1,    0,   -5,   -4,    0,    0,   -3,   -3,    0,    0,    0,    0,   -1,
       0,    1,    2,    0,    0,    2,    2,    0,   -1,    0,    0,    0,    0,    2,    0,    0,    0,    0,    0,    0,    0,    0,    0,    0,    0,    0,    0,    0,    0,    0,    0,    0,    2,    0,    0,    3,    0,    0,    0,    3,    0,    0,    2,    0,    0,    0,    0,   -1,   -1,    0,   -1,    0,    0,    0,    2,    0,    0,    0,   -1,    1,    0,    0,    0,    0,    0,    0,    0,    0,    0,    0,    0,    0,    0,    0,    0,    0,    0,    0,    0,    0,    0,    0,    0,    0,    0,    0,    0,    0,    3,   -1,    0,    0,    0,    1,    0,    0,    0,    0,    3,    0,    0,    0,    0,    0,    0,    0,    0,    0,    0,    0,    2,    0,    0,    0,   -1,    1,    0,    0,    0,    0,    0,    0,    0,    0,    0,    0,    0,    0,    0,    0,    0,    0,    0,    0,    0,    0,   -1,   -1,   -1,    1,    2,    0,    0,    0,    0,    0,    0,    0,    0,    0,
       0,    0,   -1,   -1,    0,   -1,   -1,    0,   -1,    0,    0,    0,    0,   -1,    0,    0,    0,    0,    0,    0,    0,    0,    0,    0,    0,    0,    0,    0,    0,    0,    0,    0,    0,    0,    0,    0,   -1,   -1,    0,    0,    0,    0,    0,    0,    0,    0,    0,   -1,   -1,    0,   -1,   -1,    0,    0,    0,    0,    0,    0,   -1,   -1,    0,    0,    0,    0,    0,    0,    0,    0,    0,   -1,    0,    0,    0,   -1,   -1,   -1,    0,    0,    0,    0,    0,   -1,   -1,   -1,   -1,   -1,    0,    0,    0,   -1,    0,   -1,   -1,   -1,   -1,   -1,    0,    0,    0,    0,    0,    0,    0,    0,    0,   -1,   -1,   -1,    0,    0,    0,    0,    0,    0,   -1,   -1,   -1,    0,   -1,   -1,    0,    0,   -1,   -1,    0,    0,    0,    0,    0,   -1,   -1,   -1,    0,   -1,   -1,   -1,   -1,   -1,   -1,   -1,   -1,    0,    0,    0,    0,    0,    0,    0,    0,   -1,
       0,    0,   -4,   -1,    0,   -1,   -2,    0,   -1,    0,    0,    0,    0,   -2,   -1,    0,    0,   -1,    0,    0,   -1,   -1,    0,   -2,   -1,   -3,   -2,    0,   -3,   -1,    0,   -3,   -1,    0,    0,    0,    0,   -1,    0,    0,    0,    0,    0,    0,    0,   -1,    0,   -1,   -1,    0,   -1,    0,    0,    0,   -1,    0,   -1,   -1,   -1,   -2,    0,    0,   -1,    0,   -1,   -1,    0,    0,   -1,   -1,    0,    0,    0,    0,    0,    0,    0,    0,    0,    0,    0,    0,    0,    0,    0,    0,    0,    0,    0,   -1,    0,    0,    0,    0,    0,    0,    0,    0,    0,    0,    0,    0,    0,    0,    0,    0,    0,    0,    0,    0,    0,   -2,   -1,    0,   -1,    0,    0,    0,    0,    0,    0,    0,    0,    0,    0,    0,    0,    0,    0,    0,    0,    0,    0,    0,    0,    0,   -1,   -1,   -1,   -2,   -2,    0,    0,   -2,   -2,    0,    0,    0,    0,   -1,
       0,    0,    0,   -1,    0,    0,    0,   -1,   -1,   -1,    0,    0,   -1,    0,   -1,   -1,    0,   -1,    0,    0,    0,   -1,    0,    0,    0,    0,    0,    0,    0,    0,    0,    0,    0,    0,   -1,    0,   -1,   -1,   -1,    0,   -1,    0,    0,   -1,   -1,   -1,   -1,   -1,   -1,   -1,   -1,   -1,    0,    0,    0,    0,    0,    0,   -1,    0,    0,    0,   -1,    0,    0,   -1,    0,   -1,   -1,   -1,   -1,   -1,   -1,   -1,   -1,   -1,    0,   -1,   -1,   -1,   -1,   -1,   -1,   -1,   -1,   -1,   -1,   -1,    1,   -1,   -1,   -1,   -1,   -1,   -1,   -1,   -1,   -1,    1,    0,   -1,   -1,   -1,    0,    0,   -1,   -1,   -1,   -1,   -1,   -1,    0,   -1,   -1,   -1,   -1,   -1,   -1,   -1,   -1,    1,   -1,   -1,   -1,   -1,   -1,   -1,   -1,   -1,   -1,    0,   -1,   -1,   -1,   -1,   -1,   -1,   -1,   -1,    0,    0,   -1,   -1,    0,    0,    0,    0,    0,    0,   -1,
       0,    0,   -1,   -1,    0,    0,   -2,    0,    0,    0,    0,    0,    0,   -2,    0,    0,    0,    0,    0,    0,    0,    0,    0,    0,    0,    0,    0,    0,    0,    0,    0,    0,    0,    0,    0,    0,    0,   -1,    0,    0,    0,    0,    0,    0,    0,    0,    0,    0,    0,    0,    0,    0,    0,    0,    0,    0,    0,    0,    0,   -1,    0,    0,    0,    0,    0,   -1,    0,    0,    0,   -1,    0,    0,    0,    0,    0,    0,    0,    0,    0,    0,    0,    0,    0,    0,    0,    0,    0,    0,    0,    0,    0,    0,    0,    0,    0,    0,    0,    0,    0,    0,    0,    0,    0,    0,    0,    0,    0,    0,    0,    0,    0,    0,    0,    0,    0,    0,    0,    0,    0,    0,    0,    0,    0,    0,    0,    0,    0,    0,    0,    0,    0,    0,    0,    0,    0,    0,    0,    0,    0,   -1,   -1,    0,    0,    0,    0,    0,    0,    0,    0,   -1,
       0,    0,   -2,    0,    0,   -1,   -2,    0,    0,    0,    0,    0,    0,   -2,    0,   -1,   -1,   -1,    0,   -1,   -1,   -1,    0,   -3,   -1,   -3,   -2,   -1,   -4,   -1,    0,   -3,   -1,    0,    0,    0,    0,   -1,    0,    0,    0,    0,    0,    0,   -1,   -1,    0,    0,    0,    0,    0,   -1,    0,    0,   -1,    0,    0,   -1,    0,   -2,    0,    0,    0,    0,    0,   -1,    0,    0,   -1,   -1,    0,    0,    0,    0,    0,    0,    0,    0,    0,    0,    0,    0,    0,    0,    0,    0,    0,    0,    0,    0,    0,    0,    0,    0,    0,    0,    0,    0,    0,   -1,    0,    0,    0,    0,    0,    0,    0,    0,    0,   -1,   -1,   -3,   -1,    0,    0,   -1,    0,    0,    0,    0,    0,    0,    0,    0,    0,    0,    0,    0,    0,    0,    0,    0,    0,    0,    0,    0,    0,    0,    0,   -2,   -2,    0,    0,   -2,   -2,    0,    0,    0,    0,   -1,
       0,    0,   -3,    0,    0,   -1,   -3,    0,    0,    0,    0,    0,    0,   -2,    0,   -1,   -1,   -1,    0,   -1,   -1,   -1,    0,   -3,   -1,   -3,   -2,   -1,   -4,   -1,    0,   -3,   -1,    0,    0,    0,    0,   -1,    0,    0,    0,    0,    0,    0,   -1,   -1,    0,    0,    0,    0,    0,   -1,    0,    0,   -1,    0,    0,   -1,    0,   -2,    0,    0,    0,    0,    0,   -1,    0,    0,   -1,   -1,    0,    0,    0,    0,    0,    0,    0,    0,    0,    0,    0,    0,    0,    0,    0,    0,    0,    0,    0,    0,    0,    0,    0,    0,    0,    0,    0,    0,    0,   -1,    0,    0,    0,    0,    0,    0,    0,    0,    0,   -1,   -1,   -3,   -1,    0,    0,   -1,    0,    0,    0,    0,    0,    0,    0,    0,    0,    0,    0,    0,    0,    0,    0,    0,    0,    0,    0,    0,    0,    0,    0,   -2,   -2,    0,    0,   -2,   -2,    0,    0,    0,    0,   -1,
       0,    0,   -1,    0,    0,   -1,   -1,    0,    0,    0,    0,    0,    0,   -1,    0,   -1,   -1,   -1,    0,   -1,   -1,   -1,    0,   -3,   -1,   -3,   -2,   -1,   -4,   -1,    0,   -3,   -1,    0,    0,    0,    0,   -1,    0,    0,    0,    0,    0,    0,   -1,   -1,    0,    0,    0,    0,    0,   -1,    0,    0,   -1,    0,    0,   -1,    0,   -1,    0,    0,    0,    0,    0,   -1,    0,    0,   -1,   -1,    0,    0,    0,    0,    0,    0,    0,    0,    0,    0,    0,    0,    0,    0,    0,    0,    0,    0,    0,    0,    0,    0,    0,    0,    0,    0,    0,    0,    0,   -1,    0,    0,    0,    0,    0,    0,    0,    0,    0,   -1,   -1,   -3,   -1,    0,    0,   -1,    0,    0,    0,    0,    0,    0,    0,    0,    0,    0,    0,    0,    0,    0,    0,    0,    0,    0,    0,    0,    0,    0,    0,   -3,   -2,    0,    0,   -2,   -2,    0,    0,    0,    0,   -1,
       0,    0,   -1,   -1,    0,   -1,   -1,    0,   -1,    0,    0,    0,    0,   -1,    0,    0,   -1,   -1,    0,    0,   -1,   -1,   -1,   -2,   -1,   -2,   -2,   -1,   -3,   -1,    0,   -2,    0,    0,    0,    0,   -1,   -1,    0,    0,    0,    0,    0,    0,   -1,    0,    0,    0,    0,    0,    0,    0,    0,    0,   -1,    0,    0,   -1,   -1,   -1,    0,    0,   -1,    0,   -1,    0,    0,    0,   -1,   -1,    0,    0,    0,   -1,   -1,   -1,    0,    0,    0,    0,    0,   -1,   -1,   -1,   -1,   -1,    0,    0,    0,    0,    0,   -1,   -1,   -1,   -1,   -1,    0,    0,    0,   -1,    0,    0,    0,    0,    0,   -1,   -1,   -1,    0,   -1,   -1,   -2,    0,    0,    0,    0,   -1,    0,   -1,   -1,    0,    0,   -1,   -1,    0,    0,    0,    0,    0,   -1,   -1,   -1,    0,   -1,   -1,   -1,    0,    0,   -1,   -1,   -1,    0,    0,   -2,   -1,   -1,    0,    0,    0,   -1,
       0,    0,   -2,   -1,    0,   -1,   -2,    0,   -1,    0,    0,    0,    0,   -1,    0,    0,   -1,   -1,    0,    0,   -1,   -1,   -1,   -2,   -1,   -2,   -2,   -1,   -3,   -1,    0,   -2,    0,    0,    0,    0,   -1,   -1,    0,    0,    0,    0,    0,    0,   -1,    0,    0,    0,    0,    0,    0,    0,    0,    0,   -1,    0,    0,   -1,   -1,   -1,    0,    0,   -1,    0,   -1,    0,    0,    0,   -1,   -1,    0,    0,    0,   -1,   -1,   -1,    0,    0,    0,    0,    0,   -1,   -1,   -1,   -1,   -1,    0,    0,    0,    0,    0,   -1,   -1,   -1,   -1,   -1,    0,    0,    0,   -1,    0,    0,    0,    0,    0,   -1,   -1,   -1,    0,   -1,   -1,   -2,    0,    0,    0,    0,   -1,    0,   -1,   -1,    0,    0,   -1,   -1,    0,    0,    0,    0,    0,   -1,   -1,   -1,    0,   -1,   -1,   -1,    0,    0,   -1,   -1,   -2,    0,    0,   -2,   -1,   -1,    0,    0,    0,   -1,
       0,    0,   -1,   -1,    0,   -1,   -2,    0,   -1,    0,    0,    0,    0,   -1,    0,    0,   -1,   -1,    0,    0,   -1,   -1,   -1,   -2,   -1,   -2,   -2,   -1,   -3,   -1,    0,   -2,    0,    0,    0,    0,   -1,   -1,    0,    0,    0,    1,    0,    0,   -1,    0,    0,    0,    0,    0,    0,    0,    0,    0,   -1,    0,    0,   -1,   -1,   -1,    0,    0,   -1,    0,   -1,    0,    0,    0,   -1,   -1,    0,    0,    0,   -1,   -1,   -1,    0,    0,    0,    0,    0,   -1,   -1,   -1,   -1,   -1,    0,    0,    0,    0,    0,   -1,   -1,   -1,   -1,   -1,    0,    0,    0,   -1,    0,    0,    0,    1,    0,   -1,   -1,   -1,    0,   -1,   -1,   -2,    0,    0,    0,    0,   -1,    0,   -1,   -1,    0,    0,   -1,   -1,    0,    0,    0,    0,    0,   -1,   -1,   -1,    0,   -1,   -1,   -1,    0,    0,   -1,   -1,   -1,    0,    0,   -2,   -1,   -1,    0,    0,    0,   -1,
       0,    0,   -1,   -1,    0,   -1,   -1,    0,   -1,    0,    0,    0,    0,   -1,    0,    0,   -1,   -1,    0,    0,   -1,   -1,   -1,   -2,   -1,   -2,   -2,   -1,   -3,   -1,    0,   -2,    0,    0,    0,    0,   -1,   -1,    0,    0,    0,    0,    0,    0,   -1,    0,    0,    0,    0,    0,    0,    0,    0,    0,   -1,    0,    0,   -1,   -1,   -1,    0,    0,   -1,    0,   -1,    0,    0,    0,   -1,   -1,    0,    0,    0,   -1,   -1,   -1,    0,    0,    0,    0,    0,   -1,   -1,   -1,   -1,   -1,    0,    0,    0,    0,    0,   -1,   -1,   -1,   -1,   -1,    0,    0,    0,   -1,    0,    0,    0,    0,    0,   -1,   -1,   -1,    0,   -1,   -1,   -2,    0,    0,    0,    0,   -1,    0,   -1,   -1,    0,    0,   -1,   -1,    0,    0,    0,    0,    0,   -1,   -1,   -1,    0,   -1,   -1,   -1,    0,    0,   -1,   -1,   -2,    0,    0,   -2,   -1,   -1,    0,    0,    0,   -1,
       0,    0,   -1,    0,    0,   -1,   -1,    0,    0,    0,    0,    0,    0,   -1,    0,    0,   -1,    0,    0,    0,   -1,    0,    0,   -2,   -1,   -2,   -2,    0,   -3,   -1,    0,   -1,    0,    0,    0,    0,    0,    0,    0,    0,    0,    1,    0,    0,    0,    0,    0,    0,    0,    0,    0,    0,    0,    0,    0,    0,    0,    0,    0,   -1,    0,    0,    0,    0,   -1,    0,    0,    0,    0,    0,    0,    0,    0,    0,    0,    0,    0,    0,    0,    0,    0,    0,    0,    0,    0,    0,    0,    0,    0,    0,    0,    0,    0,    0,    0,    0,    0,    0,    0,   -1,    0,    0,    0,    1,    0,    0,    0,    0,    0,    0,    0,   -2,    0,    0,    0,    0,    0,    0,    0,    0,    0,    0,    0,    0,    0,    0,    0,    0,    0,    0,    0,    0,    0,    0,    0,    0,    0,    0,    0,   -1,   -1,    0,    0,   -1,    0,   -1,    0,    0,    0,    0,
       0,    1,    2,    0,    0,    1,    1,    0,    0,    0,    0,    0,    0,    1,    0,    0,   -1,    0,    0,    0,   -1,    0,    0,   -2,   -1,   -2,   -2,    0,   -3,   -1,    0,   -1,    2,    0,    0,    2,    0,    0,    0,    2,    0,    0,    1,    0,    0,    0,    0,    0,    0,    0,    0,    0,    0,    0,    1,    0,    0,    0,    0,    1,    0,    0,    0,    0,   -1,    0,    0,    0,    0,    0,    0,    0,    0,    0,    0,    0,    0,    0,    0,    0,    0,    0,    0,    0,    0,    0,    0,    0,    2,    0,    0,    0,    0,    0,    0,    0,    0,    0,    2,   -1,    0,    0,    0,    0,    0,    0,    0,    0,    0,    0,    1,   -2,    0,    0,    0,    0,    0,    0,    0,    0,    0,    0,    0,    0,    0,    0,    0,    0,    0,    0,    0,    0,    0,    0,    0,    0,    0,    0,    0,    1,    2,    0,    0,   -1,    0,   -1,    0,    0,    0,    0,
      -2,    0,    0,   -1,    0,    0,    0,   -4,   -5,   -4,   -2,   -1,   -1,    0,    0,   -3,    0,   -1,   -2,    0,    0,   -1,    0,    0,    0,    0,    0,    0,    0,    0,    0,    0,    0,    0,   -4,    0,   -4,   -1,   -4,    0,   -1,   -1,    0,   -4,   -4,   -1,   -4,   -2,   -4,   -2,   -3,   -4,    0,    0,    0,    0,    0,    0,   -5,    0,    0,    0,   -2,    0,    0,   -1,    0,   -3,   -1,   -1,   -4,   -4,   -4,   -4,   -4,   -3,   -1,   -3,   -1,   -1,   -1,   -4,   -4,   -4,   -4,   -4,   -4,   -4,    0,   -3,   -4,   -4,   -4,   -4,   -4,   -4,   -4,   -4,    1,    0,   -1,   -2,   -1,   -1,    0,    0,   -4,   -4,   -3,   -3,   -3,    0,   -1,   -4,   -3,   -4,   -4,   -4,   -2,   -4,    0,   -1,   -3,   -4,   -3,   -3,   -4,   -3,   -4,   -4,   -1,   -4,   -1,   -4,   -2,   -4,   -3,   -3,   -5,    0,    0,   -4,   -4,    0,    0,   -2,    0,    0,    0,   -1,
       0,    0,   -3,   -1,    0,   -1,   -2,    0,   -1,    0,    0,    0,    0,   -1,   -1,    0,    0,   -1,    0,    0,    0,   -1,    0,   -2,   -1,   -3,   -2,    0,   -3,   -1,    0,   -2,   -1,    0,    0,    0,    0,   -1,    0,    0,    0,    0,    0,    0,    0,    0,    0,   -1,   -1,    0,   -1,    0,    0,    0,   -1,    0,   -1,   -1,   -1,   -2,    0,    0,   -1,    0,   -1,   -1,    0,    0,   -1,   -1,    0,    0,    0,    0,    0,    0,    0,    0,    0,    0,    0,    0,    0,    0,    0,    0,    0,    0,    0,   -1,    0,    0,    0,    0,    0,    0,    0,    0,    0,    0,    0,    0,    0,    0,    0,    0,    0,    0,    0,    0,    0,   -2,    0,    0,   -1,    0,    0,    0,    0,    0,    0,    0,    0,    0,    0,    0,    0,    0,    0,    0,    0,    0,    0,    0,    0,    0,   -1,   -1,   -1,   -3,   -3,    0,    0,   -2,   -2,    0,    0,    0,    0,   -1,
       0,    0,   -2,   -1,    0,   -1,   -2,    0,   -1,    0,    0,    0,    0,   -1,   -1,    0,    0,   -1,    0,    0,    0,   -1,    0,   -2,   -1,   -3,   -2,    0,   -3,   -1,    0,   -2,   -1,    0,    0,    0,    0,    0,    0,    0,    0,    1,    0,    0,    0,    0,    0,   -1,   -1,    0,   -2,    0,    0,    0,   -1,    0,   -1,   -1,   -1,   -2,    0,    0,   -1,    0,   -1,   -1,    0,    0,   -1,    0,    0,    0,    0,    0,    0,    0,    0,    0,    0,    0,    0,    0,    0,    0,    0,    0,    0,    0,    0,   -2,    0,    0,    0,    0,    0,    0,    0,    0,    0,    0,    0,    0,    0,    1,    0,    0,    0,    0,    0,    0,    0,   -2,    0,    0,   -2,    0,    0,    0,    0,    0,    0,    0,    0,    0,    0,    0,    0,    0,    0,    0,    0,    0,    0,    0,    0,    0,   -2,   -2,   -1,   -2,   -2,    0,    0,   -2,   -2,    0,    0,    0,    0,    0,
      -1,    0,   -2,   -1,    0,   -1,   -2,    0,   -1,    0,    0,    0,    0,   -1,    0,    0,   -1,   -1,    0,    0,   -1,   -1,    0,   -2,   -1,   -2,   -2,   -1,   -3,   -1,    0,   -1,    0,    0,    0,    0,    0,   -1,    0,    0,   -1,   -1,    0,   -1,    0,    0,   -1,   -1,   -1,    0,   -1,   -1,    0,    0,   -1,    0,    0,   -1,   -1,   -1,    0,    0,   -1,    0,   -1,    0,    0,    0,   -1,   -1,    0,    0,    0,    0,    0,    0,   -1,   -1,   -1,   -1,    0,    0,    0,    0,    0,    0,   -1,   -1,    0,   -1,    0,    0,    0,    0,    0,    0,    0,    0,    0,   -1,   -1,   -1,   -1,   -1,    0,   -1,    0,    0,   -1,    0,    0,   -2,    0,   -1,   -1,   -1,    0,    0,    0,    0,   -1,   -1,    0,    0,   -1,   -1,   -1,    0,    0,    0,    0,    0,   -1,    0,    0,    0,   -1,   -1,   -1,   -1,   -1,    0,    0,   -2,   -1,   -1,    0,    0,    0,   -1,
       0,    0,    0,    0,    0,    0,   -1,   -1,    0,   -1,    0,    0,    0,   -1,    0,   -1,   -1,    0,   -1,   -1,   -1,    0,    0,   -1,   -1,   -1,   -1,   -1,   -1,   -1,    0,    0,    0,    0,    0,    0,    0,    0,    0,    0,    0,    0,    0,    0,    0,    0,    0,    0,    0,    0,    0,    0,    0,    0,    0,    0,    0,    0,    0,    0,    0,    0,    0,    0,    0,   -1,    0,    0,    0,    0,    0,    0,    0,    0,    0,    0,    0,    0,    0,    0,    0,    0,    0,    0,    0,    0,    0,    0,    0,    0,    0,    0,    0,    0,    0,    0,    0,    0,    0,   -1,    0,    0,    0,    0,    0,    0,    0,    0,    0,    0,    0,   -1,    0,    0,    0,    0,    0,    0,    0,    0,    0,    0,    0,    0,    0,    0,    0,    0,    0,    0,    0,    0,    0,    0,    0,    0,    0,    0,    0,    0,    0,   -1,   -1,    0,    0,    0,    0,    0,    0,    0,
       0,    0,    0,    0,    0,   -1,    0,    0,    0,    0,    0,    0,    0,   -1,    0,    0,    0,    0,    0,    0,    0,    0,    0,    0,    0,    0,    0,    0,    0,    0,    0,    0,    0,    0,    0,    0,    0,    0,    0,    0,    0,    0,    0,    0,    0,    0,    0,    0,    0,    0,    0,    0,    0,    0,    0,    0,    0,    0,    0,    0,    0,    0,    0,    0,    0,   -1,    0,    0,    0,    0,    0,    0,    0,    0,    0,    0,    0,    0,    0,    0,    0,    0,    0,    0,    0,    0,    0,    0,    0,    0,    0,    0,    0,    0,    0,    0,    0,    0,    0,    0,    0,    0,    0,    0,    0,    0,    0,    0,    0,    0,    0,    0,    0,    0,    0,    0,    0,    0,    0,    0,    0,    0,    0,    0,    0,    0,    0,    0,    0,    0,    0,    0,    0,    0,    0,    0,    0,    0,    0,    0,    0,    0,    0,    0,    0,    0,    0,    0,    0,    0,
      -1,    0,    1,   -1,    0,    1,    1,   -1,   -1,   -1,    0,   -1,   -1,    1,    0,   -1,    0,    0,   -1,    0,    0,    0,    0,    1,    0,    1,    1,    0,    1,    0,    0,    0,    1,    0,   -1,    2,   -1,    0,   -1,    1,    0,    0,    1,   -1,   -1,   -1,   -1,   -1,   -1,   -1,   -1,   -1,    0,    0,    1,    0,    0,    0,   -1,    0,    0,    0,    0,    0,    0,   -2,    0,    0,    0,    0,   -1,   -1,   -1,   -1,   -1,   -1,    0,    0,    0,    0,    0,   -1,   -1,   -1,   -1,   -1,   -1,   -1,    1,   -1,   -1,   -1,   -1,   -1,   -1,   -1,   -1,   -1,    1,    0,    0,    0,    0,    0,    0,    0,   -1,   -1,   -1,   -1,   -1,    1,   -1,   -1,   -1,   -1,   -1,   -1,   -1,   -1,    0,    0,   -1,   -1,   -1,   -1,   -1,   -1,   -1,   -1,   -1,   -1,    0,   -1,    2,   -1,   -1,   -1,   -1,    0,    1,   -1,   -1,    0,    0,    0,    0,    0,    0,    0,
       0,    0,    0,    0,    0,    0,   -1,    0,   -1,    0,    0,    0,    0,    0,    0,    0,    0,    0,    0,    0,    0,    0,    0,    0,    0,    0,    0,    0,    0,    0,    0,    0,    0,    0,    0,    0,    0,    0,    0,    0,    0,    0,    0,    0,    0,    0,    0,    0,    0,    0,    0,    0,    0,    0,    0,    0,    0,    0,   -1,    0,    0,    0,    0,    0,    0,    0,    0,    0,    0,    0,    0,    0,    0,    0,    0,    0,    0,    0,    0,    0,    0,    0,    0,    0,    0,    0,    0,    0,    0,    0,    0,    0,    0,    0,    0,    0,    0,    0,    0,    0,    0,    0,    0,    0,    0,    0,    0,    0,    0,    0,    0,    0,    0,    0,    0,    0,    0,    0,    0,    0,    0,    0,    0,    0,    0,    0,    0,    0,    0,    0,    0,    0,    0,    0,    0,    0,    0,    0,   -1,    0,    0,    0,    0,    0,    0,    0,    0,    0,    0,    0,
       0,    0,   -1,   -1,    0,   -1,   -1,    0,   -1,    0,    0,    0,    0,   -1,   -1,    0,    0,   -1,    0,    0,    0,   -1,    0,   -1,   -1,   -1,   -1,    0,   -1,    0,    0,   -1,    0,    0,    0,    0,    0,   -1,    0,    0,    0,    0,    0,    0,    0,    0,    0,   -1,   -1,    0,   -1,    0,    0,    0,    0,    0,   -1,   -1,   -1,   -1,    0,    0,   -1,    0,   -1,   -1,    0,    0,   -1,   -1,    0,    0,    0,    0,    0,    0,    0,    0,    0,    0,    0,    0,    0,    0,    0,    0,    0,    0,    0,   -1,    0,    0,    0,    0,    0,    0,    0,    0,    0,    0,    0,    0,    0,    0,    0,    0,    0,    0,    0,    0,    0,   -1,    0,    0,   -1,    0,    0,    0,    0,    0,    0,    0,    0,    0,    0,    0,    0,    0,    0,    0,    0,    0,    0,    0,    0,    0,   -1,   -1,   -1,   -1,   -2,    0,    0,   -1,   -1,    0,    0,    0,    0,   -1,
       0,    0,   -2,    0,    0,   -1,   -3,    0,    0,    0,    0,    0,    0,   -2,    0,   -1,   -1,   -1,    0,   -1,   -1,   -1,    0,   -3,   -1,   -3,   -2,   -1,   -4,   -1,    0,   -3,   -1,    0,    0,    0,    0,   -1,    0,    0,    0,    0,    0,    0,   -1,   -1,    0,    0,    0,    0,    0,   -1,    0,    0,   -1,    0,    0,   -1,    0,   -2,    0,    0,    0,    0,    0,   -1,    0,    0,   -1,   -1,    0,    0,    0,    0,    0,    0,    0,    0,    0,    0,    0,    0,    0,    0,    0,    0,    0,    0,    0,    0,    0,    0,    0,    0,    0,    0,    0,    0,    0,   -1,    0,    0,    0,    0,    0,    0,    0,    0,    0,   -1,   -1,   -3,   -1,    0,    0,   -1,    0,    0,    0,    0,    0,    0,    0,    0,    0,    0,    0,    0,    0,    0,    0,    0,    0,    0,    0,    0,    0,    0,    0,   -2,   -3,    0,    0,   -2,   -2,    0,    0,    0,    0,   -1,
       0,    0,   -2,   -1,    0,    0,   -1,    0,   -1,    0,    0,    0,    0,   -1,   -1,    0,    0,   -1,    0,    0,    0,   -1,    0,   -2,   -1,   -2,   -2,    0,   -3,   -1,    0,   -2,    0,    0,    0,    0,    0,   -1,    0,    0,    0,    0,    0,    0,    0,   -1,    0,   -1,   -1,    0,   -1,   -1,    0,    0,    0,    0,   -1,   -1,   -1,   -1,    0,    0,   -1,    0,   -1,   -1,    0,    0,   -1,   -1,    0,    0,    0,    0,    0,    0,    0,    0,    0,    0,    0,    0,    0,    0,    0,    0,    0,    0,    0,   -1,    0,    0,    0,    0,    0,    0,    0,    0,    0,    0,    0,    0,    0,    0,    0,    0,    0,    0,    0,    0,    0,   -2,   -1,    0,   -1,   -1,    0,    0,    0,    0,    0,    0,    0,    0,    0,    0,    0,    0,    0,    0,    0,    0,    0,    0,    0,    0,   -1,   -1,   -1,   -3,   -2,    0,    0,   -2,   -2,    0,    0,    0,    0,   -1,
       0,    0,   -1,   -1,    0,    0,   -1,    0,   -1,    0,    0,    0,    0,   -1,   -1,    0,    0,   -1,    0,    0,    0,   -1,    0,   -2,   -1,   -2,   -2,    0,   -3,   -1,    0,   -2,    0,    0,    0,    0,    0,   -1,    0,    0,    0,    0,    0,    0,    0,   -1,    0,   -1,   -1,    0,   -1,   -1,    0,    0,    0,    0,   -1,   -1,   -1,   -1,    0,    0,   -1,    0,   -1,   -1,    0,    0,   -1,   -1,    0,    0,    0,    0,    0,    0,    0,    0,    0,    0,    0,    0,    0,    0,    0,    0,    0,    0,    0,   -1,    0,    0,    0,    0,    0,    0,    0,    0,    0,    0,    0,    0,    0,    0,    0,    0,    0,    0,    0,    0,    0,   -2,   -1,    0,   -1,   -1,    0,    0,    0,    0,    0,    0,    0,    0,    0,    0,    0,    0,    0,    0,    0,    0,    0,    0,    0,    0,   -1,   -1,   -1,   -3,   -2,    0,    0,   -2,   -2,    0,    0,    0,    0,   -1,
       0,    0,    0,    0,    0,    1,    0,    0,    0,    0,    0,    0,    0,    0,    0,   -1,   -1,   -1,    0,   -1,   -1,   -1,   -1,   -2,   -1,   -2,   -2,   -1,   -3,   -1,    0,   -2,    1,    0,    0,    1,    0,   -1,    0,    1,    0,    0,    1,    0,   -1,   -1,    0,    0,    0,    0,    0,   -1,    0,    0,    1,    0,    0,   -1,   -1,   -1,    0,    0,    0,    0,   -1,   -1,    0,    0,   -1,   -1,    0,    0,    0,    0,    0,    0,    0,    0,    0,    0,    0,    0,    0,    0,    0,    0,    0,    0,    1,    0,    0,    0,    0,    0,    0,    0,    0,    0,    1,   -1,    0,    0,    0,    0,    0,    0,    0,    0,    0,   -1,   -1,   -2,   -1,    0,    0,   -1,    0,    0,    0,    0,    0,    0,    0,    0,    0,    0,    0,    0,    0,    0,    0,    0,    0,    0,    0,    0,    0,    0,    0,   -2,    0,    0,    0,   -2,   -1,    0,    0,    0,    0,   -1,
       0,    0,    0,    0,    0,    1,    0,    0,    0,    0,    0,    0,    0,    0,    0,   -1,   -1,   -1,    0,   -1,   -1,   -1,   -1,   -2,   -1,   -2,   -2,   -1,   -3,   -1,    0,   -2,    1,    0,    0,    1,    0,   -1,    0,    1,    0,    0,    1,    0,   -1,   -1,    0,    0,    0,    0,    0,   -1,    0,    0,    1,    0,    0,   -1,   -1,    0,    0,    0,    0,    0,   -1,   -1,    0,    0,   -1,   -1,    0,    0,    0,    0,    0,    0,    0,    0,    0,    0,    0,    0,    0,    0,    0,    0,    0,    0,    1,    0,    0,    0,    0,    0,    0,    0,    0,    0,    1,   -1,    0,    0,    0,    0,    0,    0,    0,    0,    0,   -1,   -1,   -2,   -1,    0,    0,   -1,    0,    0,    0,    0,    0,    0,    0,    0,    0,    0,    0,    0,    0,    0,    0,    0,    0,    0,    0,    0,    0,    0,    0,   -1,    0,    0,    0,   -2,   -1,    0,    0,    0,    0,   -1,
       0,    0,   -1,    0,    0,    0,   -1,    0,    0,    0,    0,    0,    0,   -1,    0,   -1,   -1,   -1,    0,   -1,   -1,   -1,    0,   -3,   -1,   -3,   -2,   -1,   -4,   -1,    0,   -3,    1,    0,    0,    0,    0,   -1,    0,    0,    0,    0,    0,    0,   -1,   -1,    0,    0,    0,    0,    0,   -1,    0,    0,    1,    0,    0,   -1,    0,   -1,    0,    0,    0,    0,    0,   -1,    0,    0,   -1,   -1,    0,    0,    0,    0,    0,    0,    0,    0,    0,    0,    0,    0,    0,    0,    0,    0,    0,    0,    0,    0,    0,    0,    0,    0,    0,    0,    0,    0,    0,   -1,    0,    0,    0,    0,    0,    0,    0,    0,    0,   -1,   -1,   -3,   -1,    0,    0,   -1,    0,    0,    0,    0,    0,    0,    0,    0,    0,    0,    0,    0,    0,    0,    0,    0,    0,    0,    0,    0,    0,    0,    0,   -3,   -1,    0,    0,   -2,   -2,    0,    0,    0,    0,   -1,
       0,    0,   -1,    0,    0,    0,   -1,    0,    0,    0,    0,    0,    0,    0,    0,   -1,   -1,   -1,    0,   -1,   -1,   -1,    0,   -3,   -1,   -3,   -2,   -1,   -4,   -1,    0,   -3,    0,    0,    0,    1,    0,   -1,    0,    1,    0,    0,    0,    0,   -1,   -1,    0,    0,    0,    0,    0,   -1,    0,    0,    0,    0,    0,   -1,    0,   -1,    0,    0,    0,    0,    0,   -1,    0,    0,   -1,   -1,    0,    0,    0,    0,    0,    0,    0,    0,    0,    0,    0,    0,    0,    0,    0,    0,    0,    0,    1,    0,    0,    0,    0,    0,    0,    0,    0,    0,    1,   -1,    0,    0,    0,    0,    0,    0,    0,    0,    0,   -1,   -1,   -3,   -1,    0,    0,   -1,    0,    0,    0,    0,    0,    0,    0,    0,    0,    0,    0,    0,    0,    0,    0,    0,    0,    0,    0,    0,    0,    0,    0,   -2,   -1,    0,    0,   -2,   -2,    0,    0,    0,    0,   -1,
      -1,    0,    1,   -1,    0,    1,    1,   -1,   -1,   -1,    0,   -1,   -1,    1,    0,   -1,    0,    0,   -1,    0,    0,    0,    0,    1,    0,    1,    1,    0,    1,    0,    0,    0,    1,    0,   -1,    2,   -1,    0,   -1,    1,    0,    0,    1,   -1,   -1,   -1,   -1,   -1,   -1,   -1,   -1,   -1,    0,    0,    1,    0,    0,    0,   -1,    0,    0,    0,    0,    0,    0,   -2,    0,    0,    0,    0,   -1,   -1,   -1,   -1,   -1,   -1,    0,    0,    0,    0,    0,   -1,   -1,   -1,   -1,   -1,   -1,   -1,    1,   -1,   -1,   -1,   -1,   -1,   -1,   -1,   -1,   -1,    1,    1,    0,    0,    0,    0,    0,    0,   -1,   -1,   -1,   -1,   -1,    1,   -1,   -1,   -1,   -1,   -1,   -1,   -1,   -1,    0,    0,   -1,   -1,   -1,   -1,   -1,   -1,   -1,   -1,   -1,   -1,    0,   -1,    2,   -1,   -1,   -1,   -1,    0,    1,   -1,   -1,    0,    0,    0,    0,    0,    0,    0,
       0,    0,   -1,    0,    0,    0,   -1,    1,    0,    0,    0,    0,    1,   -1,    0,    0,   -1,    0,    0,   -1,   -1,    0,    0,   -2,   -1,   -2,   -2,   -1,   -3,   -1,    0,   -1,    0,    0,    0,    0,    0,    0,    0,    0,    0,    1,    0,    0,    0,    0,    0,    0,    0,    0,    0,    0,    0,    0,    0,    0,    0,    0,    0,   -1,    0,    0,    0,    0,    0,   -1,    0,    0,    0,    0,    0,    0,    0,    0,    0,    0,    0,    0,    0,    0,    0,    0,    0,    0,    0,    0,    0,    0,    0,    0,    0,    0,    0,    0,    0,    0,    0,    0,    0,   -1,    0,    0,    0,    1,    0,    0,    0,    0,    0,    0,    0,   -2,    0,    0,    0,    0,    0,    0,    0,    0,    0,    0,    0,    0,    0,    0,    0,    0,    0,    0,    0,    0,    0,    0,    0,    0,    0,    0,    0,   -1,   -1,    0,    0,   -1,   -1,    0,    0,    0,    0,    0,
       0,    0,   -3,    0,    0,   -2,   -4,   -1,    0,   -1,    0,   -1,   -1,    0,    0,   -1,   -1,   -1,   -2,   -1,   -1,   -1,    0,   -3,   -1,   -2,   -2,   -2,   -3,   -2,   -1,    0,   -2,    0,    0,    0,    0,   -1,    0,    0,   -1,   -1,    0,   -1,   -1,   -1,   -1,   -1,   -1,   -1,    0,   -1,    0,    0,   -2,    0,    0,    0,    0,    0,    0,    0,    0,    0,    0,   -1,    0,   -2,   -1,   -1,    0,    0,    0,    0,    0,    0,   -1,   -1,   -1,   -1,    0,    0,    0,    0,    0,    0,   -1,   -1,    0,    0,    0,    0,    0,    0,    0,    0,    0,    0,    0,   -1,   -1,   -1,   -1,   -1,    0,    0,    0,    0,   -1,   -1,   -1,   -5,   -2,   -1,    0,   -1,    0,    0,    0,    0,   -1,   -1,    0,    0,   -1,   -1,   -1,    0,    0,    0,    0,    0,   -1,    0,    0,    0,    0,    0,    0,   -3,   -3,   -1,   -1,    0,    0,    0,   -3,    0,    0,   -1,
      -1,    0,    0,   -1,    0,    0,    0,   -6,   -3,   -3,    0,    0,    0,    0,    0,   -2,    0,    0,   -2,    0,    0,    0,    0,    0,    0,    0,    0,    0,    0,    0,    0,    0,    0,    0,   -2,    0,   -1,    0,   -1,    0,   -1,    0,    0,   -1,   -1,    0,   -1,   -1,   -1,   -1,    0,   -1,   -1,    0,    0,   -1,    0,    0,   -2,    0,    0,    0,    0,    0,    0,   -1,   -2,   -3,    0,    0,   -2,   -2,   -2,   -1,   -1,   -1,    1,   -1,    0,    1,    0,   -2,   -1,   -1,   -2,   -1,   -1,   -1,    1,    0,   -2,   -2,   -1,   -2,   -2,   -2,   -1,   -1,    1,    0,   -1,    0,    0,    0,    0,    0,   -1,   -1,   -1,   -1,   -1,    0,    0,   -1,    0,   -1,   -1,   -2,    0,   -1,    2,   -1,   -1,   -1,    0,   -1,    0,   -2,   -2,   -1,    0,   -2,   -1,   -1,    0,   -1,    0,    0,   -3,    0,    0,   -6,   -3,    0,    0,    0,    0,    0,    0,    0,
      -1,    0,    0,   -1,    0,    0,    0,   -7,   -3,   -4,    0,   -1,   -1,    0,    0,   -2,    0,    0,   -2,   -1,    0,    0,    0,    0,    0,    0,    0,    0,    0,    0,    0,    0,    0,    0,   -2,    0,   -2,    0,   -2,    0,   -1,   -1,    0,   -1,   -1,    0,   -1,   -1,   -1,   -2,   -1,   -1,    0,    0,    0,   -1,    0,    0,   -3,    0,    0,    0,    0,    0,    0,   -1,   -3,   -3,    0,    0,   -4,   -4,   -3,   -2,   -2,   -2,    0,   -1,    0,    0,   -1,   -3,   -3,   -3,   -3,   -2,   -1,   -2,    0,   -1,   -2,   -2,   -2,   -3,   -3,   -3,   -2,   -2,    1,    0,    0,    0,   -1,    0,   -1,    0,   -3,   -3,   -1,   -1,   -1,    0,    0,   -1,   -1,   -2,   -2,   -3,   -1,   -2,    1,    0,   -2,   -3,   -1,   -2,   -2,   -3,   -2,   -2,   -1,   -3,   -1,   -2,   -2,   -3,   -1,   -1,   -3,    0,    0,   -7,   -4,    0,    0,    0,    0,    0,    0,    0,
      -1,    0,   -3,   -1,   -1,   -1,   -4,    0,   -2,    0,    0,    0,    0,   -2,   -1,    0,    0,   -2,    0,    0,    0,   -2,   -1,   -5,   -2,   -3,   -4,    0,   -5,    0,    0,   -3,    0,    0,    0,   -1,   -1,    0,   -1,    0,   -1,    0,    0,   -2,    0,   -1,   -1,   -2,   -2,    0,   -5,   -1,   -1,   -1,   -1,   -1,   -2,    0,   -1,   -4,    0,    0,   -1,    0,    0,    0,    0,    1,   -3,   -1,    0,    0,    0,   -1,   -1,   -1,   -1,   -1,   -1,   -1,   -1,   -1,   -1,   -1,   -1,   -1,   -1,   -1,    0,   -5,    0,   -1,   -1,   -1,   -1,   -1,   -1,   -1,    0,    0,   -1,   -1,   -1,    0,    0,   -1,   -1,   -1,   -2,    0,    0,   -5,   -1,   -1,   -5,   -1,   -1,    0,   -1,   -1,   -1,   -1,   -1,   -1,   -2,   -2,   -1,    0,    0,   -1,   -1,   -1,   -1,   -1,   -1,   -1,   -5,   -5,   -2,   -8,   -7,    0,    0,    0,    0,    0,   -3,    0,    0,    0,
      -1,    0,   -3,   -1,   -1,   -1,   -4,    0,   -1,    0,    0,    0,    0,   -2,   -1,    0,    0,   -2,    0,    0,    0,   -2,   -1,   -3,   -2,   -3,   -2,    0,   -3,    0,    0,   -3,    0,    0,    0,   -1,   -1,    0,   -1,    0,   -1,    0,    0,   -2,    0,   -1,   -1,   -2,   -2,    0,   -5,   -1,   -1,   -1,   -1,   -1,   -2,    0,   -1,   -4,    0,    0,   -1,    0,    0,    0,    0,    1,   -3,   -1,    0,    0,    0,   -1,   -1,   -1,   -1,   -1,   -1,   -1,   -1,   -1,   -1,   -1,   -1,   -1,   -1,   -1,    0,   -5,    0,   -1,   -1,   -1,   -1,   -1,   -1,   -1,    0,    0,   -1,   -1,   -1,    0,    0,   -1,   -1,   -1,   -2,    0,    0,   -5,   -1,   -1,   -5,   -1,   -1,    0,   -1,   -1,   -1,   -1,   -1,   -1,   -2,   -2,   -1,    0,    0,   -1,   -1,   -1,   -1,   -1,   -1,   -1,   -5,   -5,   -1,   -4,   -4,    0,    0,    0,    0,    0,   -3,    0,    0,    0,
       0,    0,    0,    0,    0,    0,    0,    0,    0,    0,    0,    0,    0,    0,    0,    0,    0,    0,    0,    0,    0,    0,    0,    0,    0,    0,    0,    0,    0,    0,    0,    0,    0,    0,    0,    0,    0,    0,    0,    0,    0,    0,    0,    0,    0,    0,    0,    0,    0,    0,    0,    0,    0,    0,   -1,    0,    0,    0,    0,    0,    0,    0,    0,    0,    0,    0,    0,    0,    0,    0,    0,    0,    0,    0,    0,    0,    0,    0,    0,    0,    0,    0,    0,    0,    0,    0,    0,    0,    0,    0,    0,    0,    0,    0,    0,    0,    0,    0,    0,    0,    0,    0,    0,    0,    0,    0,    0,    0,    0,    0,    0,    0,    0,    0,    0,    0,    0,    0,    0,    0,    0,    0,    0,    0,    0,    0,    0,    0,    0,    0,    0,    0,    0,    0,    0,    0,    0,    0,    0,    0,    0,    0,    0,    0,    0,    0,    0,    0,    0,    0,
       0,    0,    0,    0,    0,   -1,    0,    0,    0,    0,    0,    0,    0,    0,    0,    0,    0,    0,    0,    0,    0,    0,    0,    0,    0,    0,    0,    0,    0,    0,    0,    0,    0,    0,    0,    0,    0,    0,    0,    0,    0,    0,    0,    0,    0,    0,    0,    0,    0,    0,    0,    0,    0,    0,   -1,    0,    0,    0,    0,    0,    0,    0,    0,    0,    0,    0,    0,    0,    0,    0,    0,    0,    0,    0,    0,    0,    0,    0,    0,    0,    0,    0,    0,    0,    0,    0,    0,    0,    0,    0,    0,    0,    0,    0,    0,    0,    0,    0,    0,    0,    0,    0,    0,    0,    0,    0,    0,    0,    0,    0,    0,    0,    0,    0,    0,    0,    0,    0,    0,    0,    0,    0,    0,    0,    0,    0,    0,    0,    0,    0,    0,    0,    0,    0,    0,    0,    0,    0,    0,    0,    0,    0,    0,    0,    0,    0,    0,    0,    0,    0,
       0,    0,    0,    0,    0,    0,    0,    0,    0,    0,    0,    0,    0,    0,    0,   -1,    0,    0,    0,    0,    0,    0,   -1,   -2,    0,   -2,   -2,   -1,   -3,   -1,    0,    0,    0,    0,    0,    0,    0,   -1,    0,    0,    0,    0,    0,    0,   -1,   -1,    0,   -1,   -1,   -1,   -1,   -1,    0,    0,    0,    0,    0,    0,    0,    0,    0,    0,    0,    0,    0,    0,    0,    0,    0,   -1,    0,    0,    0,    0,    0,    0,    0,    0,    0,    0,    0,    0,    0,    0,    0,    0,    0,    0,    0,   -1,    0,    0,    0,    0,    0,    0,    0,    0,    0,    0,    0,    0,    0,    0,    0,    0,    0,    0,    0,   -1,   -1,   -2,   -1,    0,   -1,   -1,    0,    0,    0,    0,    0,    0,    0,    0,    0,    0,    0,    0,    0,    0,    0,    0,    0,    0,    0,    0,   -1,   -1,    0,    0,    0,    0,    0,    0,    0,    0,    0,    0,    0,   -1,
      -1,    0,    0,   -1,   -1,    0,    0,   -6,   -3,   -3,    0,   -1,   -1,    0,    0,    0,    0,    0,    0,    0,    0,    0,    0,    0,    0,    0,    0,    0,    0,    0,    0,    0,    1,    0,    0,    0,    0,    0,    0,    0,    0,    0,    0,    0,    0,    0,    0,    0,    0,    0,    0,    0,   -1,    0,    0,   -2,    0,    0,   -3,    0,    0,    0,    0,    0,    0,   -1,   -3,    0,    0,    0,    0,    0,    0,    0,    0,    0,    0,    0,    0,    0,    0,    0,    0,    0,    0,    0,    0,    0,    0,    0,    0,    0,    0,    0,    0,    0,    0,    0,    0,    0,    0,    0,    0,    0,    0,    0,    0,    0,    0,    0,    0,    0,    0,    0,    0,    0,    0,    0,    0,    0,    0,    0,    0,    0,    0,    0,    0,    0,    0,    0,    0,    0,    0,    0,    0,    0,    0,    0,   -3,    0,    0,   -3,   -3,    0,    0,    0,    0,    0,    0,    0,
       2,    3,    8,    1,    0,    2,    4,   -1,   -1,   -1,    0,    0,    0,    3,    1,   -1,    2,    0,    0,    2,    2,    0,    2,    3,    2,    3,    3,    3,    3,    2,    0,    3,    3,    0,   -1,    0,   -1,    0,    0,    0,    3,    3,    0,    0,    0,    0,    0,    0,    0,    0,    0,    0,    0,    4,    3,    0,    1,    3,   -1,    3,    3,    2,   -1,    3,    3,    0,    0,    0,    0,    0,    0,   -1,    0,    2,    0,    2,    5,    1,    3,    5,   -1,    1,   -1,    0,    1,   -1,    0,    1,    0,    2,   -1,    0,    0,    1,    1,    1,    0,    1,    3,    2,    4,    4,    4,    4,    0,   -1,    0,    0,    1,    1,    2,    3,    0,    0,    0,    2,   -1,    1,    3,    1,    6,    4,    2,    0,    3,    0,    2,    1,   -1,    0,    3,    1,    3,   -1,    2,    0,    1,    1,   -1,    7,    8,   -1,   -1,    4,    3,   -1,    0,    2,    1,    0,
};

static const EpdLigaturePair newsreader_12_2_bolditalicLigaturePairs[] = {
    { 0x00660066, 0xFB00 }, // f f -> U+FB00
    { 0x00660069, 0xFB01 }, // f i -> U+FB01
    { 0x0066006C, 0xFB02 }, // f l -> U+FB02
    { 0xFB000069, 0xFB03 }, // U+FB00 i -> U+FB03
    { 0xFB00006C, 0xFB04 }, // U+FB00 l -> U+FB04
};

static const EpdFontData newsreader_12_2_bolditalic = {
    newsreader_12_2_bolditalicBitmaps,
    newsreader_12_2_bolditalicGlyphs,
    newsreader_12_2_bolditalicIntervals,
    51,
    25,
    19,
    -7,
    true,
    newsreader_12_2_bolditalicGroups,
    11,
    newsreader_12_2_bolditalicKernLeftClasses,
    newsreader_12_2_bolditalicKernRightClasses,
    newsreader_12_2_bolditalicKernMatrix,
    433,
    440,
    158,
    150,
    newsreader_12_2_bolditalicLigaturePairs,
    5,
};
