/**
 * generated by fontconvert.py
 * name: newsreader_16_regular
 * size: 16.0
 * mode: 2-bit  compressed: true
 * Command used: /home/jonas/Hacking/Instax4/crosspoint-reader/lib/EpdFont/scripts/fontconvert.py newsreader_16_regular 16 /home/jonas/Hacking/Instax4/crosspoint-reader/lib/EpdFont/builtinFonts/source/Newsreader/Newsreader-Regular.ttf --2bit --compress
 */
#pragma once
#include "EpdFontData.h"

static const uint8_t newsreader_16_regularBitmaps[22926] = {
    0xAD, 0x59, 0x4D, 0x6C, 0xDD, 0x56, 0x76, 0x3E, 0x24, 0x63, 0x31, 0x30, 0x23, 0xD1, 0x8B, 0x68,
    0x90, 0xDA, 0xB2, 0x99, 0x45, 0x16, 0x2E, 0x2A, 0x9B, 0x5E, 0x78, 0xA1, 0x02, 0xD2, 0x23, 0x63,
    0x2F, 0xBA, 0x2A, 0x46, 0x05, 0xC4, 0x09, 0x9A, 0x2C, 0x9C, 0x45, 0x03, 0xF4, 0x07, 0x03, 0x09,
    0xAD, 0x51, 0x18, 0xAD, 0xA4, 0xC7, 0x69, 0x80, 0x66, 0x95, 0x8E, 0x36, 0x46, 0xB7, 0x5E, 0x38,
    0x05, 0x46, 0x29, 0x60, 0xB5, 0x48, 0x01, 0xA1, 0x78, 0x12, 0x99, 0x78, 0x51, 0xA0, 0xB3, 0x18,
    0x36, 0x45, 0x90, 0x45, 0x5A, 0x0C, 0x07, 0xB5, 0x51, 0x8C, 0x33, 0x83, 0x32, 0x18, 0xBA, 0xA6,
    0x12, 0xF2, 0xDD, 0x7E, 0xDF, 0xE1, 0x7B, 0xFE, 0x49, 0xD2, 0x99, 0xB8, 0xE8, 0x7B, 0xE0, 0xCF,
    0x3B, 0xBC, 0xBC, 0xF7, 0xFC, 0x9F, 0xEF, 0xDC, 0xF7, 0xEB, 0xFE, 0xED, 0xAA, 0x8D, 0xFC, 0xDB,
    0x65, 0x33, 0xF0, 0x2E, 0x15, 0x7B, 0x0B, 0xAE, 0x95, 0x5F, 0x10, 0x7C, 0xF6, 0xB3, 0xF5, 0x8F,
    0x2B, 0x99, 0x3F, 0xF6, 0x5B, 0x55, 0xBB, 0x8D, 0xA7, 0xED, 0x8A, 0xFF, 0x66, 0xB1, 0xBF, 0xEC,
    0x5D, 0xCA, 0x37, 0x5E, 0x70, 0xF0, 0x38, 0x3E, 0x21, 0x72, 0x61, 0x41, 0x64, 0xE1, 0xB8, 0xC8,
    0x71, 0x27, 0x16, 0x27, 0xCE, 0x45, 0x8A, 0x0D, 0x91, 0x8D, 0x45, 0x91, 0xC5, 0x39, 0x39, 0x76,
    0xE5, 0x95, 0xEB, 0xBE, 0x31, 0xA6, 0xB4, 0x8A, 0x3D, 0x10, 0xCF, 0x8A, 0x9C, 0x9D, 0x95, 0x93,
    0xB7, 0xDE, 0xDD, 0xF5, 0x40, 0x2C, 0xAC, 0x1C, 0xC4, 0xBD, 0x25, 0x91, 0xA5, 0x59, 0x91, 0x59,
    0x57, 0xC4, 0xB1, 0x72, 0xB1, 0xF2, 0x1B, 0x22, 0x37, 0x2E, 0x8A, 0x5C, 0x7C, 0x0E, 0x0B, 0x3C,
    0xFB, 0x2C, 0x9E, 0x2C, 0xF4, 0x87, 0x7F, 0x18, 0xCB, 0xD0, 0xD4, 0xF6, 0xCF, 0x83, 0xD6, 0x7B,
    0x7B, 0xA1, 0xF5, 0x67, 0x17, 0x5E, 0xC2, 0x21, 0x01, 0x0E, 0xFF, 0xB7, 0x71, 0xFC, 0xFB, 0x82,
    0x78, 0xE3, 0x05, 0xB1, 0x4D, 0x2B, 0x18, 0x17, 0x8B, 0x6F, 0x4A, 0x99, 0x8D, 0x6A, 0x99, 0x3D,
    0xD3, 0xE2, 0xFD, 0x11, 0x8E, 0x4D, 0x1C, 0xCB, 0x3C, 0xCE, 0xCF, 0x2E, 0xEC, 0x47, 0x6F, 0x2F,
    0x54, 0xE1, 0xCF, 0xC3, 0xDC, 0x35, 0x63, 0x91, 0xB9, 0xC5, 0x47, 0xEB, 0xF0, 0xB3, 0x2A, 0x62,
    0x61, 0x36, 0x2C, 0x2A, 0xE7, 0xBD, 0x54, 0xCE, 0xC9, 0xA6, 0x93, 0xCB, 0x92, 0x8C, 0x9C, 0x52,
    0x2A, 0x69, 0x9C, 0xD2, 0xCE, 0xA5, 0xB1, 0x2B, 0x37, 0xE6, 0xD9, 0x17, 0x52, 0x30, 0xC1, 0xC8,
    0x29, 0xAE, 0x8A, 0x2C, 0x3B, 0x79, 0x39, 0x2F, 0xA1, 0xFF, 0x66, 0x6E, 0x4A, 0xAF, 0x73, 0x2F,
    0x17, 0x35, 0xA6, 0x77, 0xF3, 0x4D, 0x3C, 0xF1, 0xD3, 0x15, 0x08, 0xEC, 0xA7, 0x03, 0xB1, 0x4A,
    0x3F, 0x1E, 0x88, 0x93, 0xF3, 0xEC, 0x09, 0x29, 0xA7, 0xC5, 0xC3, 0xD3, 0x25, 0xE1, 0xC8, 0x3D,
    0xB1, 0xCB, 0xDA, 0x2A, 0x44, 0xB2, 0x82, 0xCC, 0x3C, 0x23, 0x32, 0x73, 0x13, 0x57, 0xE7, 0x8B,
    0x06, 0xE7, 0xC6, 0x05, 0x31, 0x90, 0x50, 0x30, 0xC8, 0xAA, 0x04, 0x37, 0x01, 0x6E, 0x2B, 0x70,
    0x26, 0x3E, 0x57, 0x91, 0xC3, 0x80, 0x63, 0x4D, 0xFA, 0x87, 0x3F, 0x10, 0xBF, 0xB4, 0xC6, 0xB1,
    0x6B, 0xC4, 0x4D, 0xED, 0xCF, 0x5A, 0x79, 0x4F, 0x46, 0x1E, 0xB8, 0xC5, 0xBB, 0xEF, 0x97, 0x76,
    0x25, 0xE3, 0x45, 0x01, 0x0B, 0x5F, 0xA4, 0x78, 0xD3, 0xAF, 0x24, 0x82, 0xD2, 0x62, 0xA7, 0x16,
    0xB7, 0x95, 0xA0, 0xB0, 0x3F, 0xAD, 0x24, 0xFB, 0xA2, 0x09, 0x0B, 0xCB, 0x1C, 0x89, 0xA9, 0xA8,
    0x0E, 0x99, 0x1F, 0x6E, 0x0F, 0x56, 0x56, 0x96, 0x17, 0x5F, 0x00, 0x3F, 0x8B, 0xB2, 0x21, 0xD0,
    0x81, 0x93, 0xFA, 0x31, 0x39, 0x19, 0xC8, 0x8A, 0x6C, 0xCA, 0xE8, 0xE1, 0x77, 0x13, 0xBF, 0x07,
    0xA0, 0xFB, 0xE2, 0xC7, 0x4E, 0x0E, 0x5D, 0x95, 0x72, 0x41, 0x16, 0xE4, 0x99, 0x13, 0x72, 0x56,
    0x66, 0x21, 0xAF, 0x93, 0xDA, 0x05, 0x58, 0xAF, 0x75, 0xE8, 0x16, 0x86, 0x3E, 0xFE, 0xDD, 0x02,
    0x6D, 0x5F, 0x6A, 0xAB, 0xB2, 0x0B, 0x27, 0xF5, 0x30, 0xFE, 0xAC, 0xC0, 0xCB, 0xE0, 0x07, 0x1B,
    0x62, 0xE7, 0xE7, 0xE7, 0x24, 0x6C, 0x24, 0x30, 0x55, 0xF4, 0x53, 0xDB, 0xC8, 0xB9, 0x45, 0xC9,
    0xE1, 0x29, 0x37, 0x26, 0x4A, 0x82, 0x07, 0xC1, 0x81, 0x30, 0x0E, 0x6B, 0xE1, 0x07, 0x7C, 0xEC,
    0x7E, 0x72, 0xB4, 0xD6, 0xFF, 0x98, 0x3E, 0x79, 0x01, 0x3F, 0xD2, 0xE8, 0x7D, 0x23, 0xAD, 0xC0,
    0x7C, 0x8B, 0x56, 0x7E, 0x5A, 0x76, 0x24, 0x59, 0x33, 0x9D, 0xE9, 0xCE, 0xF8, 0xFF, 0xD9, 0x76,
    0x9C, 0xEA, 0x18, 0xD4, 0x97, 0x8B, 0x0D, 0x35, 0x43, 0xBD, 0xD7, 0x60, 0x37, 0x18, 0x50, 0xC4,
    0x8B, 0x49, 0xB5, 0x1E, 0x52, 0x17, 0xE9, 0x1C, 0x53, 0x6A, 0xA9, 0x54, 0xB8, 0xF2, 0x39, 0xA5,
    0xBA, 0x4A, 0xED, 0xCD, 0x16, 0x9A, 0x02, 0xAA, 0x38, 0xC0, 0xE1, 0xE5, 0x7E, 0x2A, 0xAD, 0x97,
    0x4B, 0x78, 0xB9, 0x12, 0xF7, 0x27, 0x30, 0x66, 0x7B, 0x20, 0x12, 0x85, 0x70, 0xD5, 0x1F, 0x17,
    0x62, 0x3F, 0x80, 0xA3, 0x1C, 0x80, 0x81, 0x70, 0x18, 0x8B, 0xF7, 0x49, 0x21, 0xCE, 0x7D, 0x8E,
    0x18, 0x62, 0x84, 0x9F, 0x4B, 0xF0, 0x17, 0x35, 0xDE, 0x8F, 0xC4, 0x29, 0xDD, 0xD2, 0xA9, 0x64,
    0xDB, 0xAD, 0x60, 0xE2, 0x52, 0x79, 0x15, 0x79, 0x11, 0x7C, 0x80, 0x61, 0x03, 0x87, 0x69, 0xE5,
    0x3C, 0x26, 0x8F, 0xF1, 0x06, 0x2D, 0x0A, 0x29, 0x05, 0xA3, 0xE5, 0xA9, 0x7E, 0x5E, 0xB9, 0x83,
    0xF0, 0x41, 0xFC, 0x90, 0xF9, 0xCC, 0x60, 0x19, 0x03, 0x37, 0x0D, 0xCA, 0x05, 0x71, 0xAB, 0x8B,
    0xE2, 0xD4, 0x17, 0xC4, 0xAE, 0x4F, 0xC0, 0xE1, 0xFA, 0xC1, 0x74, 0x3B, 0xAC, 0x0D, 0x43, 0x0B,
    0x6C, 0x27, 0xB0, 0x9D, 0xD0, 0x29, 0x29, 0x3D, 0xF4, 0x00, 0xD5, 0xCD, 0xC0, 0x9B, 0xE7, 0xE0,
    0x02, 0xE7, 0xDC, 0x7B, 0xBB, 0x1D, 0x72, 0x41, 0x1B, 0x19, 0x06, 0x28, 0xEC, 0x75, 0x72, 0x07,
    0x26, 0xAA, 0xE4, 0x70, 0x1D, 0x86, 0xF0, 0xF3, 0xB3, 0x12, 0x22, 0x79, 0x6C, 0xD9, 0xFA, 0x3A,
    0x42, 0x8E, 0x2A, 0x86, 0x72, 0xED, 0xCF, 0x63, 0xD9, 0x66, 0x18, 0x04, 0x3C, 0x1E, 0x31, 0x6A,
    0x4F, 0xF8, 0x1E, 0xF0, 0x76, 0x24, 0x81, 0x33, 0xB6, 0x4B, 0xD7, 0x40, 0x61, 0x6B, 0x54, 0x88,
    0x8D, 0xF7, 0x19, 0x21, 0x62, 0x71, 0x29, 0x78, 0xB7, 0x88, 0xC1, 0x60, 0x0F, 0xCA, 0x94, 0x6B,
    0x14, 0xF3, 0x36, 0x48, 0x8B, 0x3E, 0xCD, 0x19, 0xD1, 0xB8, 0x20, 0x55, 0x90, 0xC6, 0xE3, 0x94,
    0x57, 0x25, 0xB2, 0x2E, 0x23, 0x3D, 0x99, 0x10, 0x47, 0x33, 0x9F, 0x5C, 0xF9, 0x28, 0xEE, 0x57,
    0xE5, 0x28, 0x95, 0x59, 0x17, 0x46, 0xB4, 0xF4, 0xB6, 0x95, 0xF9, 0xE4, 0xBB, 0x12, 0x99, 0x0E,
    0x4A, 0x6B, 0xE5, 0x1F, 0x92, 0x35, 0x38, 0x3B, 0x72, 0x60, 0xEF, 0x70, 0x90, 0x1B, 0xFA, 0xDB,
    0x11, 0x17, 0x8F, 0xED, 0x5B, 0x06, 0x5C, 0x0D, 0xF1, 0x14, 0xB6, 0x83, 0x0E, 0x19, 0xCA, 0x93,
    0x83, 0xF7, 0x55, 0x7F, 0xD8, 0x39, 0x12, 0x42, 0x1C, 0xDD, 0xDD, 0xD2, 0xB9, 0xAD, 0x55, 0x99,
    0x7C, 0x4E, 0xE1, 0xB5, 0x52, 0xAC, 0x5A, 0xC5, 0xA2, 0xD2, 0x07, 0xBD, 0x0E, 0x82, 0xB8, 0xB7,
    0x1B, 0x28, 0xC1, 0xCB, 0x59, 0x3C, 0x1A, 0x9A, 0xDB, 0x26, 0x0E, 0x7F, 0x04, 0x97, 0xA3, 0xE3,
    0xE0, 0xC9, 0x18, 0x8E, 0xF2, 0xA0, 0x10, 0xFF, 0x47, 0xA9, 0x0C, 0xF0, 0x6A, 0x35, 0x60, 0xB6,
    0xB1, 0x1A, 0x4C, 0x1F, 0xCB, 0xB1, 0x58, 0xDE, 0x48, 0x92, 0xB5, 0x0C, 0x16, 0xC1, 0xD1, 0x1C,
    0x24, 0xC9, 0x55, 0xA6, 0x69, 0x30, 0x5F, 0xA6, 0xCA, 0x3F, 0xCD, 0x08, 0x5F, 0x56, 0x53, 0x9E,
    0x11, 0xF5, 0x6E, 0x46, 0x03, 0xE2, 0x53, 0x99, 0xB6, 0x1F, 0x77, 0x80, 0xBC, 0x67, 0x86, 0x9A,
    0xA2, 0x9A, 0xBB, 0x89, 0xFB, 0x67, 0x59, 0x4A, 0x9F, 0xF5, 0x72, 0xAB, 0x86, 0x8F, 0x34, 0x38,
    0x46, 0x38, 0xF6, 0x31, 0xBC, 0xF6, 0x2B, 0xBB, 0x74, 0xC6, 0x5E, 0x6A, 0xD1, 0x21, 0xC8, 0xCF,
    0x3F, 0x9A, 0xD2, 0xCD, 0x03, 0x8C, 0xB1, 0x3A, 0xB0, 0xBA, 0x0D, 0x11, 0xA3, 0xC9, 0x31, 0xC0,
    0xB4, 0x2B, 0x41, 0x8A, 0xE4, 0x77, 0x07, 0x6A, 0xC8, 0x30, 0xD6, 0xC2, 0x5A, 0x27, 0x6F, 0x8A,
    0x35, 0xCE, 0xB0, 0xBC, 0x97, 0x07, 0xB0, 0x0C, 0xD2, 0x6A, 0x8D, 0xB1, 0xED, 0x16, 0x52, 0x31,
    0x8E, 0x03, 0xDC, 0x6F, 0xE1, 0xBD, 0x71, 0x58, 0xCC, 0x74, 0x9E, 0x19, 0x1F, 0x58, 0xA6, 0x1C,
    0x4D, 0xCC, 0x38, 0x65, 0x1E, 0xA2, 0x22, 0x26, 0xD5, 0x73, 0x41, 0x72, 0x27, 0x0E, 0x05, 0x91,
    0x6C, 0xE6, 0x01, 0xBB, 0x8D, 0x6E, 0xB7, 0xC7, 0xE5, 0xE1, 0xA7, 0xC6, 0x4F, 0x30, 0x41, 0xFA,
    0x87, 0xED, 0xF1, 0xF8, 0x21, 0x7D, 0x3F, 0xFC, 0x70, 0xEC, 0x96, 0xE7, 0xEC, 0x7C, 0xC9, 0x77,
    0xF2, 0x17, 0x49, 0x99, 0xC1, 0xB1, 0x8D, 0x09, 0x31, 0x29, 0xAA, 0x96, 0x87, 0x09, 0x0F, 0x61,
    0x43, 0xAC, 0xB6, 0x45, 0xC7, 0xC4, 0x9B, 0x36, 0xED, 0x1E, 0x62, 0x69, 0xFB, 0x48, 0x7A, 0xE7,
    0xB6, 0xBA, 0x89, 0x92, 0xF9, 0x81, 0xEF, 0x7D, 0x94, 0x24, 0xAB, 0xF2, 0xD8, 0xC7, 0x36, 0xA6,
    0x4B, 0x92, 0x84, 0xC1, 0xAE, 0xFC, 0x7A, 0xF5, 0xC4, 0x09, 0xB9, 0x88, 0xAC, 0xA7, 0xD3, 0x39,
    0xA5, 0x5F, 0xAB, 0xD4, 0x09, 0x31, 0xB1, 0xDD, 0xF5, 0x0B, 0x2D, 0x4D, 0xE6, 0x99, 0x41, 0x59,
    0x30, 0xB5, 0xD3, 0x79, 0xE9, 0xEF, 0x0B, 0x92, 0xA7, 0x27, 0x9A, 0xD3, 0xAE, 0xEA, 0xDA, 0xB0,
    0x4C, 0x90, 0x7B, 0xA6, 0xB4, 0x91, 0x5A, 0xFE, 0x2C, 0x16, 0x54, 0x60, 0x56, 0xF9, 0xFC, 0x31,
    0x2E, 0x18, 0x9D, 0xC8, 0x33, 0x51, 0x2E, 0x5E, 0x31, 0x21, 0xBD, 0xAA, 0x21, 0x17, 0x18, 0xF8,
    0xB9, 0x58, 0x47, 0x32, 0xD3, 0xF6, 0x3A, 0x8D, 0x62, 0x54, 0x01, 0xF5, 0x8D, 0x5A, 0xE3, 0x86,
    0x8E, 0x02, 0x15, 0x42, 0xC7, 0xC7, 0xFF, 0x32, 0xA5, 0x0F, 0x1C, 0x66, 0xE9, 0x26, 0xCD, 0x16,
    0xC4, 0x2B, 0x70, 0xCA, 0x3C, 0x94, 0x95, 0x15, 0xA8, 0x26, 0x92, 0x95, 0x4D, 0x38, 0xD1, 0x96,
    0xAC, 0x8C, 0x90, 0x34, 0x47, 0xBC, 0xB4, 0xF8, 0x2E, 0x8F, 0xAC, 0x06, 0xF2, 0xED, 0x8F, 0xEC,
    0x1A, 0xF2, 0x56, 0x23, 0xA7, 0x3E, 0x8D, 0x02, 0xB1, 0x69, 0x1F, 0xFD, 0x5D, 0x8D, 0xBA, 0x69,
    0x99, 0x7C, 0x7C, 0x80, 0xB7, 0xFE, 0x80, 0x49, 0x25, 0xE8, 0x0D, 0xE3, 0xF7, 0x6C, 0xBB, 0x65,
    0xCF, 0x37, 0x75, 0xE3, 0xF6, 0x0A, 0x83, 0x61, 0xBC, 0xA3, 0xDF, 0x79, 0x8D, 0x0F, 0xD6, 0xCD,
    0x91, 0x3E, 0x7E, 0xBE, 0x17, 0x25, 0xED, 0xCD, 0xA9, 0x67, 0x0D, 0x79, 0xB5, 0x0C, 0xE6, 0xA2,
    0xCF, 0x88, 0x33, 0x54, 0x3B, 0xFC, 0x93, 0xCE, 0x58, 0x2A, 0x69, 0x83, 0x9A, 0x45, 0xC9, 0x67,
    0xF4, 0xCE, 0xAA, 0xCF, 0x7B, 0x9A, 0xA5, 0x9C, 0x94, 0x24, 0x98, 0x6C, 0xCC, 0xD4, 0x63, 0x98,
    0x7C, 0xAE, 0x6A, 0xCC, 0x2F, 0x6A, 0x74, 0xA0, 0x9C, 0xF8, 0x05, 0x23, 0x0B, 0xF9, 0xC9, 0xD1,
    0xA4, 0x46, 0x1B, 0x78, 0x25, 0xB9, 0xB4, 0x3B, 0x26, 0x76, 0x98, 0x68, 0xFE, 0x8D, 0x35, 0xB1,
    0x10, 0x97, 0xA5, 0x44, 0xC9, 0x7A, 0x05, 0x1D, 0x78, 0xCC, 0x51, 0x7E, 0x0E, 0xC1, 0xA8, 0x26,
    0x68, 0xA7, 0xA5, 0x5A, 0x41, 0x4A, 0xFD, 0x1C, 0x13, 0x45, 0xBB, 0x59, 0xCC, 0xB5, 0x62, 0x90,
    0xD6, 0x75, 0x14, 0xEA, 0x05, 0xCC, 0x00, 0x46, 0x0F, 0x41, 0xB2, 0x1B, 0x90, 0xBC, 0x72, 0x42,
    0xB2, 0x5A, 0x90, 0x82, 0x22, 0xB8, 0x77, 0xAB, 0x73, 0xC1, 0xE5, 0x43, 0x5F, 0xB6, 0x76, 0xFF,
    0x3A, 0xA7, 0xF7, 0x21, 0x2F, 0xC7, 0x33, 0x54, 0x3C, 0xE0, 0x02, 0xF3, 0x4B, 0xC1, 0xC8, 0xB9,
    0x4A, 0xBF, 0x3B, 0x4E, 0x0F, 0x93, 0x6F, 0xE7, 0xD3, 0x64, 0xA8, 0x9A, 0xD5, 0x90, 0x57, 0xC9,
    0x35, 0xBB, 0xF5, 0x41, 0x46, 0x17, 0x80, 0x54, 0xFA, 0x9B, 0xAA, 0x39, 0x1B, 0xE2, 0xF9, 0xAC,
    0xD3, 0x32, 0xB1, 0x87, 0x25, 0x04, 0xB7, 0xCC, 0xF5, 0xD7, 0x2A, 0x99, 0x31, 0xE6, 0x8E, 0x68,
    0xE2, 0x9E, 0x7F, 0x07, 0x27, 0x8A, 0x8C, 0x29, 0xA3, 0xE4, 0x8F, 0x10, 0xE5, 0x60, 0xD4, 0xA8,
    0x2A, 0x33, 0x2D, 0x69, 0x99, 0x5A, 0x65, 0xCC, 0xD9, 0x55, 0x00, 0x94, 0x23, 0x92, 0x7D, 0x66,
    0xF1, 0x5E, 0x52, 0xE9, 0xBE, 0x42, 0x7E, 0x34, 0xDA, 0x2B, 0xFA, 0x52, 0x17, 0x29, 0xEB, 0x84,
    0x89, 0xBC, 0x9E, 0x82, 0x22, 0xEE, 0x65, 0x1D, 0x92, 0xB4, 0xF9, 0x7C, 0xAA, 0x87, 0xEF, 0x5C,
    0x4F, 0x5E, 0x03, 0x5F, 0x48, 0xDB, 0x88, 0xB9, 0x9A, 0xDA, 0x2B, 0xF1, 0xAA, 0x43, 0x85, 0x7A,
    0x7C, 0xF1, 0x39, 0x90, 0x36, 0x60, 0x0B, 0x24, 0xF8, 0x88, 0x21, 0x34, 0xDE, 0x1D, 0xB1, 0x50,
    0x56, 0x8F, 0x91, 0x5A, 0xD8, 0x1A, 0xA3, 0x5E, 0xEF, 0x1D, 0x31, 0x62, 0x51, 0x6A, 0x29, 0x3E,
    0xF8, 0xA8, 0x40, 0x72, 0xF3, 0xE1, 0xEE, 0x6E, 0x16, 0x18, 0x15, 0x76, 0x82, 0x61, 0x7A, 0x0B,
    0xBC, 0x9A, 0x24, 0xD7, 0xD6, 0xE9, 0x33, 0x51, 0x92, 0x90, 0x6D, 0x5D, 0x75, 0x91, 0xEF, 0x51,
    0x9E, 0xE3, 0xB8, 0x79, 0x11, 0xD3, 0xB9, 0x9C, 0x7C, 0x4F, 0x97, 0xD2, 0x85, 0xA3, 0xDD, 0x5B,
    0x8F, 0x51, 0xC8, 0x5D, 0x34, 0xB5, 0xD0, 0x13, 0x37, 0xCC, 0x16, 0xAE, 0xA9, 0x1F, 0x45, 0xF4,
    0xAB, 0x3F, 0xB8, 0xA6, 0xF9, 0xA6, 0x14, 0x0F, 0x85, 0x3F, 0xA7, 0x74, 0xA1, 0xF2, 0xBC, 0x2C,
    0xB4, 0xF9, 0x86, 0x06, 0x50, 0xA1, 0xC5, 0xB4, 0xB7, 0xAA, 0x4E, 0x25, 0x81, 0xC6, 0xCA, 0xB6,
    0x4C, 0x8B, 0xAC, 0xDA, 0x7D, 0x68, 0xBE, 0x8F, 0x17, 0x4F, 0x55, 0x34, 0x7C, 0x90, 0x66, 0x3A,
    0xA0, 0xA3, 0x8B, 0xD8, 0x2D, 0x23, 0x91, 0xA6, 0x0F, 0x52, 0x26, 0xA4, 0x21, 0xEC, 0x7A, 0x7D,
    0xBD, 0x65, 0x00, 0x8E, 0x27, 0x78, 0x7B, 0x3E, 0x11, 0x49, 0x92, 0x75, 0xB8, 0x62, 0xA6, 0x36,
    0xF4, 0x8B, 0x1E, 0x9B, 0x3C, 0xC5, 0x99, 0x55, 0x3B, 0x77, 0xEE, 0x27, 0xC9, 0x95, 0xFC, 0x69,
    0xDF, 0xA5, 0x5A, 0x82, 0x12, 0x6D, 0x83, 0x65, 0xC6, 0xF3, 0xC9, 0x29, 0xB3, 0x13, 0xF5, 0x8F,
    0x10, 0x56, 0xBF, 0xEA, 0xC6, 0xEA, 0xA8, 0xCF, 0xF9, 0x04, 0xAF, 0x36, 0xAA, 0x0B, 0xA8, 0x86,
    0x41, 0xF1, 0xA5, 0x4B, 0xDE, 0x3F, 0xFB, 0xCA, 0x65, 0x32, 0x44, 0x2B, 0xFB, 0x35, 0x74, 0x04,
    0xF7, 0x6B, 0x19, 0x36, 0x53, 0x8D, 0x1C, 0x4B, 0xE2, 0x75, 0x22, 0x78, 0x8D, 0x81, 0x7D, 0xAA,
    0x1E, 0xB0, 0x94, 0x48, 0x25, 0xE6, 0xF9, 0x9C, 0x1A, 0xE3, 0x3D, 0x9E, 0x89, 0x56, 0x1D, 0x36,
    0x24, 0x38, 0x9F, 0xA6, 0x91, 0xEE, 0x6F, 0x6A, 0x17, 0xD0, 0xE9, 0x7D, 0xA6, 0xF4, 0x50, 0xC7,
    0x78, 0x8A, 0xDC, 0x9C, 0x1E, 0xEC, 0x19, 0x3D, 0x23, 0x9B, 0x33, 0x8D, 0x54, 0x3C, 0x3B, 0xAD,
    0x1A, 0x78, 0xAC, 0x8E, 0x92, 0xED, 0x40, 0x23, 0x9E, 0x69, 0x69, 0x1B, 0x2B, 0x3B, 0x92, 0xAF,
    0x05, 0x42, 0xFF, 0x07, 0xD2, 0x8B, 0x84, 0x5E, 0xF9, 0x14, 0x7A, 0xED, 0x73, 0x59, 0xA4, 0xA2,
    0xDD, 0x0C, 0x21, 0xA8, 0xE0, 0x10, 0x6E, 0xAC, 0x40, 0x3C, 0xE1, 0x39, 0x59, 0x75, 0x0D, 0xE3,
    0x12, 0x78, 0x68, 0x48, 0x4C, 0x05, 0x91, 0x22, 0x4A, 0x82, 0xEB, 0x9F, 0x33, 0xA8, 0x81, 0xA1,
    0xFF, 0x04, 0xD7, 0x39, 0x94, 0xD6, 0x3F, 0x86, 0xE2, 0x16, 0xE0, 0x93, 0x7B, 0x98, 0x64, 0x99,
    0xD7, 0x71, 0x9F, 0xB4, 0xF6, 0x90, 0x9E, 0xF6, 0xB0, 0x1C, 0x1D, 0x93, 0x41, 0x54, 0x06, 0x08,
    0x53, 0x5E, 0xE1, 0x64, 0x29, 0xAF, 0x5E, 0xE9, 0x92, 0x43, 0x40, 0xEB, 0x39, 0x5E, 0x0B, 0xBB,
    0x39, 0xAD, 0x57, 0x69, 0x97, 0x91, 0x6C, 0x91, 0x9C, 0x0F, 0x2E, 0xF6, 0xD7, 0xE1, 0x1E, 0xAF,
    0x08, 0xF1, 0x12, 0x56, 0xC3, 0x15, 0x16, 0x0C, 0x52, 0xC0, 0x08, 0x54, 0xBC, 0xB0, 0x88, 0xC6,
    0x1A, 0x8D, 0xAD, 0xC6, 0x0A, 0x5B, 0xA6, 0x55, 0xBA, 0x34, 0x22, 0xCB, 0x36, 0xC5, 0x50, 0x8B,
    0xAC, 0x21, 0xE4, 0x74, 0x32, 0x84, 0x7F, 0x3C, 0x17, 0xA5, 0x68, 0xFA, 0x96, 0x50, 0x90, 0xAE,
    0x4A, 0x99, 0x91, 0x9C, 0x1A, 0x92, 0xA1, 0x7A, 0x90, 0x51, 0xBC, 0x41, 0xB6, 0x5B, 0x92, 0x9D,
    0x96, 0x64, 0x07, 0x2C, 0xA1, 0x3D, 0xAC, 0x41, 0x16, 0xEF, 0x33, 0x90, 0xC5, 0x7F, 0x10, 0xB3,
    0x90, 0x74, 0x2C, 0xED, 0x41, 0x4D, 0xDC, 0x19, 0x92, 0x8C, 0x44, 0xC8, 0x12, 0xB8, 0xE2, 0x9A,
    0xBE, 0xAE, 0xF7, 0x9F, 0x93, 0x37, 0xB5, 0x48, 0x43, 0x21, 0x4E, 0x23, 0x59, 0xCA, 0x84, 0x1D,
    0xAA, 0x57, 0x85, 0xA9, 0x66, 0xC9, 0x97, 0x99, 0x86, 0x86, 0x5A, 0xD4, 0x5B, 0x12, 0xEC, 0x23,
    0x8A, 0xE1, 0x3D, 0xA0, 0x01, 0x83, 0x1F, 0x2B, 0xE0, 0x65, 0x8E, 0xB7, 0x3A, 0x92, 0xDD, 0x5F,
    0x28, 0xF9, 0xFB, 0x1C, 0x7D, 0xC0, 0x12, 0xE8, 0x54, 0x91, 0xE6, 0x84, 0x43, 0x35, 0xF2, 0x98,
    0xA9, 0x96, 0x67, 0x98, 0x28, 0xBB, 0xBE, 0x9E, 0x33, 0xBF, 0xDC, 0x99, 0x86, 0xF9, 0x3B, 0x8F,
    0x55, 0xB5, 0x7A, 0x5A, 0xD5, 0x3C, 0xA6, 0x57, 0x5F, 0xEB, 0x15, 0x3D, 0x42, 0xD3, 0x1E, 0xB3,
    0x24, 0x99, 0x43, 0xA0, 0x74, 0xC9, 0x90, 0xD1, 0x5D, 0x8B, 0xFF, 0xD1, 0xEA, 0x37, 0x70, 0x38,
    0x16, 0xED, 0x69, 0x8E, 0x53, 0xB9, 0xE1, 0x57, 0xD4, 0x4B, 0xEA, 0xF5, 0x01, 0x7A, 0x28, 0xBD,
    0xE0, 0x7D, 0x91, 0x60, 0x26, 0x73, 0xAB, 0x30, 0x9E, 0x4A, 0x61, 0x37, 0x14, 0xD4, 0x6E, 0x55,
    0xDC, 0xAF, 0x39, 0x47, 0x5A, 0xF4, 0x98, 0xE2, 0xEC, 0xBA, 0x97, 0x9D, 0xF3, 0x00, 0xE2, 0x6A,
    0x07, 0x0E, 0xED, 0x12, 0xE0, 0xF5, 0xC2, 0x87, 0x77, 0x51, 0xDF, 0xC4, 0xED, 0x73, 0x9C, 0x3A,
    0xB1, 0x84, 0x8A, 0x1E, 0x5C, 0xA5, 0x4C, 0xFA, 0xFB, 0xA0, 0xEB, 0xF1, 0x9D, 0xD2, 0x4E, 0xAE,
    0x6A, 0x15, 0x3C, 0xC5, 0xDA, 0x03, 0x15, 0x65, 0x80, 0x02, 0xB9, 0x35, 0x26, 0xC3, 0x41, 0xAE,
    0x05, 0x9F, 0xB2, 0x76, 0x94, 0x3A, 0xD2, 0xA0, 0x25, 0x51, 0x7F, 0xE0, 0xB1, 0xCF, 0xB6, 0xCD,
    0xF9, 0xFC, 0xDD, 0x8A, 0xBA, 0x20, 0xFE, 0x27, 0xCA, 0x50, 0x6C, 0xD0, 0xBF, 0xD6, 0x12, 0x89,
    0xAA, 0x42, 0xF9, 0x46, 0xAC, 0x7A, 0x27, 0x4A, 0xD4, 0x04, 0x16, 0x54, 0x8F, 0x6A, 0xC2, 0xC9,
    0x77, 0x2A, 0x0B, 0x45, 0xC5, 0x2D, 0x5C, 0xEE, 0x6E, 0x54, 0xE7, 0x45, 0xDE, 0x43, 0x14, 0x2D,
    0xE1, 0x78, 0x81, 0xD2, 0x33, 0x91, 0xC0, 0xED, 0xE0, 0xEA, 0x77, 0x44, 0xC1, 0xB8, 0xCB, 0x56,
    0x34, 0x24, 0x78, 0xD1, 0x12, 0x0C, 0x1B, 0x6D, 0xA1, 0xD7, 0xDE, 0x82, 0x5F, 0x6E, 0x02, 0x03,
    0x8E, 0x42, 0xC0, 0xC6, 0xA0, 0xB8, 0x52, 0x78, 0x14, 0x11, 0x1D, 0xEB, 0x09, 0x95, 0xF7, 0x2E,
    0xD0, 0xEC, 0x7E, 0xC4, 0x9C, 0xFD, 0xE6, 0xFD, 0x57, 0x8E, 0x92, 0x86, 0x91, 0xE6, 0xDE, 0x4E,
    0x81, 0x92, 0x96, 0x2F, 0x30, 0xC8, 0x3E, 0x20, 0x60, 0x7A, 0xB6, 0x87, 0xCB, 0x7D, 0xBF, 0xF4,
    0xFF, 0x70, 0x1B, 0xB1, 0x6C, 0x45, 0x08, 0x43, 0xE4, 0x6B, 0xE4, 0x17, 0x60, 0x5D, 0x30, 0x9F,
    0xD2, 0x8C, 0x73, 0x8A, 0x68, 0x9D, 0x54, 0xC7, 0x95, 0x40, 0x57, 0x84, 0xCC, 0x7C, 0xF3, 0x29,
    0x1F, 0xE8, 0x54, 0x2C, 0x9A, 0x4E, 0x4A, 0x5F, 0x43, 0xCE, 0x88, 0x34, 0xA1, 0xD1, 0x3D, 0x96,
    0x15, 0x94, 0x43, 0x25, 0xE1, 0x1D, 0x96, 0xCE, 0x09, 0x3E, 0xF4, 0x7A, 0x10, 0x8A, 0x6E, 0x4C,
    0xB9, 0x9A, 0x5F, 0x0B, 0xE1, 0xAD, 0xE1, 0x11, 0x3D, 0xC9, 0xA1, 0xF1, 0x30, 0x13, 0x9D, 0xC9,
    0xD5, 0x72, 0xEB, 0xAB, 0xB3, 0xCF, 0x2A, 0xA6, 0x5F, 0x54, 0xEF, 0x5F, 0x52, 0x30, 0x79, 0x55,
    0xA1, 0xEE, 0x9E, 0x46, 0x00, 0xFB, 0x97, 0x86, 0xFD, 0x9B, 0xB4, 0xEC, 0x40, 0xE5, 0xC0, 0xA1,
    0x02, 0x86, 0xAE, 0x2A, 0x60, 0x4E, 0x5D, 0xEE, 0x6D, 0x85, 0xB5, 0x3F, 0xE3, 0xD9, 0x6B, 0x1E,
    0x55, 0xF5, 0xFE, 0x6C, 0xF5, 0xD0, 0x7E, 0xC2, 0xCF, 0x8B, 0x13, 0x3D, 0x9D, 0x61, 0x1A, 0xC3,
    0xAA, 0x84, 0x91, 0x5C, 0xCB, 0xA9, 0xD9, 0xDF, 0xB6, 0xBA, 0xEF, 0x40, 0xB7, 0x62, 0x72, 0xBB,
    0x48, 0x95, 0xFC, 0x69, 0x23, 0x0B, 0xAC, 0x6B, 0x8B, 0x43, 0xE2, 0xA0, 0x48, 0xE6, 0x7C, 0xCD,
    0x56, 0xB9, 0x0B, 0x00, 0x8F, 0x7E, 0xA4, 0x66, 0xCA, 0xDD, 0xA0, 0x30, 0x85, 0x57, 0xAA, 0x08,
    0x7B, 0x16, 0xBB, 0x2C, 0xA7, 0x5A, 0x92, 0xE8, 0x32, 0xD4, 0x77, 0xB8, 0x00, 0x65, 0xB1, 0xDD,
    0xFF, 0x21, 0x04, 0xC0, 0x40, 0xE7, 0x17, 0xB1, 0x84, 0x7F, 0x4B, 0xE0, 0x97, 0xF7, 0x81, 0xC3,
    0x18, 0x32, 0x93, 0xCE, 0x27, 0xCC, 0x1F, 0xED, 0x5C, 0x68, 0xC3, 0xB1, 0xAF, 0x20, 0x5C, 0xE4,
    0xF4, 0x44, 0x04, 0x4B, 0xA5, 0xB0, 0x92, 0x55, 0x68, 0x15, 0x1D, 0x20, 0x3D, 0xF4, 0x0C, 0xEB,
    0x1B, 0xF5, 0x86, 0x20, 0x66, 0x0F, 0x4D, 0xCC, 0x86, 0x3C, 0xA4, 0xD5, 0xB3, 0x99, 0xD3, 0x2C,
    0xB7, 0xAC, 0xE1, 0xA9, 0x65, 0x28, 0xEA, 0x5B, 0x00, 0x8D, 0x5B, 0x5F, 0x9D, 0xE8, 0x37, 0xB5,
    0x46, 0x55, 0xC4, 0x37, 0x28, 0x23, 0x4C, 0x1F, 0x31, 0x2C, 0x40, 0xB3, 0x57, 0xB4, 0x31, 0x97,
    0xD0, 0x12, 0xCA, 0xA2, 0x1C, 0xC5, 0xEC, 0x8E, 0xA3, 0x22, 0x6B, 0xB9, 0x0B, 0x40, 0x7D, 0x26,
    0xB0, 0xEF, 0x0E, 0x6A, 0xBC, 0x62, 0xA2, 0x94, 0x25, 0xD8, 0x57, 0xBF, 0x3C, 0xA7, 0x78, 0x60,
    0x49, 0x11, 0xF3, 0x9E, 0xA6, 0xE9, 0x92, 0x9C, 0xE8, 0x46, 0x52, 0x46, 0xDE, 0x24, 0xFA, 0xAB,
    0x47, 0xCD, 0x88, 0xB6, 0x7F, 0x4F, 0x58, 0xED, 0x9B, 0x9C, 0xB5, 0x57, 0x04, 0x4C, 0xEB, 0x1B,
    0x1D, 0x01, 0x54, 0x4A, 0x74, 0xAF, 0xC3, 0xBF, 0x9E, 0xBC, 0x52, 0x01, 0x31, 0x84, 0xDF, 0x2B,
    0x90, 0x1E, 0x3C, 0x1A, 0xE5, 0x82, 0xF6, 0x91, 0x3D, 0x9C, 0xEF, 0xD3, 0xE2, 0x14, 0xE1, 0x6B,
    0x61, 0x28, 0x27, 0xA0, 0x5F, 0xE7, 0xA5, 0xD3, 0xF7, 0x5B, 0x2D, 0x78, 0x9E, 0xE3, 0xB5, 0xE3,
    0x7C, 0x6D, 0x89, 0x38, 0xFB, 0xC3, 0xF1, 0xEE, 0xEE, 0x2D, 0x7F, 0x5A, 0xD7, 0x5F, 0x4F, 0xD6,
    0x4C, 0x5B, 0xCB, 0xD3, 0x7E, 0x4D, 0x9B, 0xAC, 0x3D, 0xDF, 0xF7, 0xAA, 0x1A, 0x45, 0xBA, 0x29,
    0x51, 0xE9, 0x7E, 0x04, 0x0B, 0x5E, 0xA5, 0x26, 0xA5, 0xA2, 0xDE, 0x53, 0x65, 0xD2, 0x9C, 0xD7,
    0xF4, 0x8E, 0x9E, 0xBC, 0xAC, 0x1B, 0x49, 0x32, 0x79, 0x91, 0xC3, 0xE7, 0xD7, 0x86, 0x1D, 0x7C,
    0xE5, 0x29, 0xBF, 0xC3, 0x6E, 0x7E, 0x8D, 0xDB, 0x8C, 0xBE, 0x62, 0x2F, 0xFB, 0xDF, 0x44, 0xFE,
    0x23, 0x95, 0x8D, 0x0D, 0x59, 0x9A, 0x93, 0xD3, 0x76, 0xEE, 0xC9, 0x45, 0x27, 0xF6, 0xED, 0xDC,
    0xCA, 0x4B, 0x59, 0xDA, 0x50, 0x0F, 0x54, 0x63, 0x21, 0xC4, 0x77, 0x77, 0x77, 0x77, 0x12, 0xBB,
    0xB5, 0x1B, 0xBB, 0xB2, 0x4A, 0x0D, 0xCB, 0x79, 0x00, 0xDF, 0xB1, 0x84, 0x4E, 0xED, 0x96, 0x7E,
    0x7A, 0x96, 0x0A, 0x85, 0xE2, 0xD0, 0x6E, 0x79, 0xFF, 0x95, 0x7B, 0x45, 0xEB, 0x94, 0xDC, 0xC8,
    0x6D, 0x3D, 0xF4, 0x70, 0x87, 0x76, 0xEB, 0x8E, 0x3F, 0xBD, 0x17, 0x34, 0x51, 0xFE, 0x8C, 0x30,
    0x14, 0x51, 0x3B, 0xA9, 0xEF, 0x87, 0x46, 0xA9, 0x26, 0x2D, 0xFF, 0x97, 0x6E, 0xAC, 0x9B, 0x62,
    0xFF, 0x37, 0xE0, 0x68, 0x78, 0x77, 0xBD, 0x02, 0x65, 0x18, 0x87, 0xF0, 0x4A, 0xBB, 0xD2, 0x36,
    0x5B, 0x3A, 0xDE, 0x10, 0xD1, 0x3F, 0xA4, 0x80, 0x33, 0x6E, 0x0B, 0xA7, 0x4E, 0xE9, 0x18, 0x00,
    0x81, 0x48, 0x13, 0x12, 0x77, 0x1F, 0x66, 0x76, 0xF0, 0x23, 0xBD, 0xE6, 0xC3, 0x37, 0x9A, 0x15,
    0xF6, 0x82, 0xBA, 0xD1, 0xA8, 0xF5, 0x85, 0x29, 0x90, 0x56, 0x66, 0x99, 0x2B, 0x5D, 0xA4, 0x32,
    0x09, 0xC6, 0x93, 0x46, 0x1A, 0x6C, 0xCE, 0xB0, 0xA6, 0x65, 0x7D, 0xFF, 0xDF, 0xF3, 0x34, 0x9A,
    0x30, 0x38, 0x21, 0x58, 0x37, 0x47, 0xDC, 0xA1, 0x05, 0x66, 0x88, 0x72, 0x3F, 0xD6, 0x1A, 0xCA,
    0xDD, 0xF5, 0xD0, 0xE6, 0x3E, 0xE7, 0x01, 0x46, 0x60, 0xFA, 0x11, 0x92, 0x49, 0x88, 0x30, 0xF1,
    0xF2, 0x61, 0x6C, 0x57, 0xC0, 0xA7, 0x9D, 0x98, 0x4F, 0x4D, 0xE9, 0x99, 0xB7, 0xEE, 0xF4, 0x1B,
    0x9F, 0x27, 0xD9, 0x2C, 0x48, 0xE3, 0xE5, 0x23, 0x69, 0x57, 0x24, 0x0C, 0x76, 0xB3, 0x4F, 0xEE,
    0xED, 0xFE, 0x4D, 0xA5, 0x8B, 0x91, 0xBD, 0x52, 0xD9, 0x0B, 0x4A, 0xFB, 0x12, 0x2A, 0x63, 0x80,
    0x94, 0x41, 0xF6, 0x66, 0x6E, 0x08, 0x77, 0x9C, 0xFC, 0x97, 0x3B, 0x38, 0xC4, 0x4B, 0x74, 0x94,
    0xE9, 0x06, 0x9C, 0x35, 0x39, 0x98, 0xD0, 0x43, 0x68, 0xEF, 0x37, 0x8E, 0x56, 0x95, 0xF7, 0x6F,
    0x74, 0xD4, 0xAC, 0x2B, 0xF0, 0xAE, 0x6F, 0xAD, 0xFE, 0xAE, 0x6C, 0x67, 0x26, 0x1F, 0x39, 0x0F,
    0x2A, 0xEE, 0x67, 0x87, 0xE8, 0x5C, 0x3D, 0xB4, 0x09, 0x36, 0xC1, 0xCE, 0xB6, 0xF6, 0x0C, 0x80,
    0x67, 0xDD, 0x95, 0x58, 0xFC, 0x71, 0xBF, 0xE1, 0xC3, 0xBD, 0x53, 0x87, 0x2C, 0x98, 0xF1, 0x0E,
    0xF7, 0x51, 0x90, 0xA6, 0x4C, 0x03, 0x6F, 0xCE, 0x70, 0x78, 0x1F, 0x40, 0x55, 0x15, 0xC4, 0xD9,
    0x07, 0xC2, 0xDC, 0xB7, 0xC6, 0xDF, 0xA9, 0x65, 0xE6, 0x70, 0x07, 0x81, 0x24, 0x9A, 0x77, 0x89,
    0x43, 0xFB, 0x2E, 0x4C, 0xB7, 0x57, 0x06, 0x5F, 0xBD, 0xB1, 0x7E, 0x4F, 0x9C, 0x9F, 0xA0, 0x3F,
    0x1C, 0x64, 0x68, 0x22, 0x98, 0x73, 0xD0, 0x1F, 0xE6, 0x78, 0xC4, 0x6D, 0x77, 0xB7, 0xF8, 0x25,
    0x37, 0xB0, 0xED, 0xA1, 0x6B, 0xAA, 0x6C, 0x6C, 0xED, 0xA0, 0x68, 0x65, 0x29, 0x32, 0xDC, 0xA3,
    0x1D, 0x2F, 0x79, 0x06, 0x7E, 0x98, 0xB1, 0x0B, 0x1A, 0xE9, 0xC6, 0xB6, 0xFD, 0xC4, 0x4D, 0x14,
    0x9B, 0xCE, 0x4E, 0xC3, 0xDC, 0x00, 0xBF, 0x4E, 0xDF, 0xB1, 0x2E, 0x19, 0xAF, 0xA1, 0xBB, 0x0F,
    0xF8, 0x6F, 0xC9, 0xD7, 0x5C, 0xDC, 0x7C, 0x60, 0x97, 0x67, 0xE8, 0x75, 0xDF, 0x58, 0x36, 0xBD,
    0xF1, 0xC6, 0xB8, 0x01, 0x3C, 0x2E, 0x91, 0x09, 0x06, 0x88, 0x72, 0xA7, 0x64, 0x62, 0xBF, 0x45,
    0x74, 0x02, 0x9D, 0x0E, 0xC0, 0xB6, 0x53, 0x0E, 0xA9, 0x88, 0x96, 0x83, 0x2B, 0x5A, 0x24, 0x85,
    0x6C, 0x63, 0xC8, 0x86, 0x2C, 0xF0, 0xBA, 0xD7, 0xDA, 0x74, 0x42, 0x4C, 0xD8, 0x08, 0xF7, 0x46,
    0x7F, 0xD5, 0xCD, 0x90, 0xBE, 0xB3, 0xFA, 0xAD, 0x18, 0x91, 0x11, 0xBE, 0x65, 0xDE, 0x37, 0x95,
    0x63, 0x32, 0x73, 0xCB, 0x14, 0xC0, 0x68, 0x19, 0x44, 0xB6, 0xFB, 0xBE, 0xD0, 0xEB, 0x6F, 0xA8,
    0x91, 0x89, 0x8E, 0xFC, 0x89, 0x6A, 0x7E, 0xD9, 0x23, 0x6D, 0x79, 0x3B, 0xC7, 0x54, 0xDC, 0x25,
    0x8F, 0x65, 0x75, 0x06, 0x75, 0xEF, 0x4D, 0x53, 0x38, 0x66, 0x68, 0x72, 0xCB, 0xC4, 0x0C, 0x02,
    0xE8, 0x03, 0x01, 0x84, 0xC0, 0xA6, 0x0A, 0x46, 0x60, 0xCA, 0xA6, 0x44, 0x5F, 0x43, 0xF2, 0x0B,
    0xAB, 0x85, 0x06, 0x86, 0x86, 0x1E, 0xA9, 0x68, 0xF8, 0xC0, 0x82, 0x8E, 0xED, 0x7A, 0x20, 0xCE,
    0x67, 0xB5, 0xFE, 0xC1, 0x10, 0xDC, 0x8A, 0x65, 0xFB, 0x40, 0xAC, 0xCF, 0x6B, 0x71, 0x3F, 0x46,
    0xE8, 0x11, 0x4B, 0x06, 0xA9, 0x9B, 0x87, 0xE9, 0x01, 0xDC, 0x30, 0xD5, 0xEA, 0x19, 0xFF, 0x5A,
    0x3C, 0x73, 0xDF, 0x00, 0x20, 0xDE, 0xCD, 0x0A, 0x48, 0x87, 0xDC, 0x04, 0xEB, 0x36, 0x48, 0xFF,
    0x03, 0x24, 0x7C, 0xB8, 0x64, 0xC4, 0x7F, 0x8F, 0xF2, 0x06, 0xA1, 0x36, 0x40, 0x08, 0x70, 0x06,
    0x87, 0x7F, 0xEB, 0x98, 0x14, 0xF2, 0x20, 0x82, 0xFC, 0xEF, 0xC5, 0xBD, 0xAD, 0x9A, 0x89, 0xBD,
    0xB8, 0x33, 0x38, 0x25, 0x58, 0x28, 0x83, 0x56, 0xB2, 0xA6, 0x69, 0xE6, 0x04, 0x02, 0x6E, 0x2C,
    0x5B, 0x90, 0x72, 0x45, 0xF7, 0x6D, 0x10, 0xEE, 0xE9, 0x24, 0xFE, 0x9F, 0x48, 0x08, 0x15, 0x72,
    0x5B, 0xC7, 0x7F, 0x42, 0xA0, 0x3C, 0xC7, 0xBC, 0x0B, 0x3D, 0x8E, 0xD7, 0x91, 0x75, 0xFE, 0xB7,
    0x2C, 0xA3, 0x04, 0x0B, 0x20, 0x1A, 0x7D, 0x98, 0x9C, 0x38, 0x66, 0xB5, 0xE1, 0xBF, 0x9A, 0x61,
    0x1D, 0xDC, 0xDD, 0xB7, 0x27, 0x49, 0xE2, 0x61, 0x42, 0x7B, 0xE2, 0x47, 0xA7, 0xCE, 0x63, 0xBD,
    0x21, 0xE3, 0x76, 0xC5, 0xB9, 0x9D, 0x2F, 0x6C, 0xCA, 0xED, 0x8A, 0xEE, 0xC8, 0x9D, 0xD1, 0x1C,
    0x0D, 0xA8, 0xFB, 0x53, 0x19, 0x6C, 0x38, 0x1F, 0xA7, 0x23, 0x74, 0x7C, 0xCF, 0x53, 0x4F, 0x1E,
    0x11, 0xBF, 0x6F, 0xDA, 0xE0, 0xFE, 0x2A, 0x82, 0x7B, 0x8B, 0xED, 0xBC, 0x5B, 0xC8, 0x93, 0xB7,
    0x43, 0x06, 0x38, 0xBB, 0xD8, 0x13, 0x68, 0x0C, 0x8F, 0xAD, 0x05, 0x0D, 0xB0, 0xCC, 0x36, 0x5C,
    0x0F, 0x2A, 0x2F, 0xDD, 0xD2, 0x6A, 0x80, 0x98, 0xB6, 0xBF, 0x4A, 0x18, 0x80, 0xE0, 0x83, 0xE0,
    0xD4, 0xC0, 0x69, 0x99, 0x19, 0xEE, 0x78, 0x63, 0x7F, 0x67, 0xBA, 0x5F, 0x69, 0x23, 0x19, 0xB2,
    0x57, 0x9A, 0xED, 0x9B, 0xD1, 0x16, 0xE8, 0xC1, 0x2B, 0x1C, 0x96, 0x86, 0x1B, 0xB0, 0x06, 0x40,
    0xA2, 0xFF, 0x3E, 0xF4, 0x70, 0xB0, 0x44, 0x0C, 0x35, 0xED, 0x3D, 0xBA, 0x69, 0xCF, 0x74, 0x75,
    0xDA, 0xA6, 0xD2, 0xCE, 0x19, 0xD0, 0x86, 0xDB, 0xA1, 0x57, 0x00, 0xF6, 0x40, 0x12, 0x00, 0x50,
    0x73, 0x4A, 0xB7, 0x15, 0x68, 0xF9, 0xF8, 0x01, 0x8A, 0x5A, 0xFD, 0x5C, 0x84, 0xF0, 0x6A, 0x16,
    0x43, 0x4C, 0xDE, 0x5E, 0x0C, 0xDE, 0x22, 0xC0, 0xF7, 0xFF, 0x19, 0x26, 0x2D, 0xDD, 0x9F, 0x71,
    0x37, 0x58, 0x77, 0x76, 0x72, 0x42, 0x04, 0x24, 0xB3, 0x5A, 0x4B, 0xEF, 0xDE, 0x63, 0xBB, 0xC6,
    0x81, 0xB9, 0x04, 0xF7, 0xE5, 0x7F, 0x9C, 0x05, 0xE0, 0x55, 0xCB, 0xAE, 0xF5, 0x87, 0xB4, 0xFF,
    0x04, 0x3A, 0xE8, 0x9E, 0x14, 0xD4, 0xE3, 0x5C, 0x46, 0xDB, 0x97, 0x6E, 0xE3, 0xF0, 0x0A, 0x2C,
    0xDA, 0x79, 0x63, 0xC4, 0x82, 0x02, 0x78, 0x04, 0x57, 0x01, 0xA3, 0x40, 0x35, 0x52, 0xE8, 0x2E,
    0xD7, 0x36, 0x44, 0xF5, 0x73, 0xC2, 0x4C, 0x20, 0xC7, 0x08, 0xF8, 0xD6, 0xFD, 0x17, 0xC8, 0xD4,
    0xB2, 0x0D, 0x21, 0x76, 0x22, 0xD8, 0x20, 0x1E, 0xE7, 0x1F, 0x17, 0x44, 0x08, 0xFC, 0x43, 0x86,
    0x98, 0x93, 0x3B, 0xDE, 0xFC, 0x43, 0xF0, 0xD8, 0x1C, 0xF3, 0xC3, 0xA4, 0x29, 0x3B, 0x83, 0xE3,
    0x25, 0xDD, 0xC1, 0x7E, 0x2B, 0x0D, 0x3E, 0x40, 0xB2, 0xDE, 0x21, 0xBA, 0xAD, 0x98, 0xD2, 0xB9,
    0x3B, 0xD3, 0xEA, 0x54, 0xDB, 0x72, 0x22, 0x92, 0x85, 0x30, 0x9E, 0x0B, 0x3E, 0xBA, 0xF2, 0x6D,
    0xDD, 0xD0, 0x5D, 0xB5, 0x8E, 0x00, 0x36, 0x7D, 0x3A, 0x4C, 0x28, 0x5A, 0x40, 0x21, 0xB9, 0x8A,
    0xEF, 0x13, 0x56, 0x9E, 0x93, 0x2C, 0x96, 0xEF, 0xB2, 0xAE, 0x4C, 0x69, 0xE8, 0xB1, 0x1E, 0x0E,
    0xF6, 0x09, 0x54, 0x31, 0x81, 0xB5, 0x7A, 0xC5, 0x7C, 0xE9, 0xF3, 0x3C, 0xA1, 0x96, 0xAD, 0xAF,
    0x8D, 0xE8, 0x90, 0x2D, 0x83, 0x66, 0x32, 0x29, 0xBB, 0x31, 0xFE, 0x6B, 0xE1, 0x57, 0x38, 0x4D,
    0x7E, 0xF6, 0xD3, 0xA7, 0xEC, 0xEE, 0x72, 0xC6, 0x3F, 0xB2, 0x04, 0x26, 0xE8, 0x3D, 0xC4, 0x6D,
    0xAC, 0x8F, 0x3F, 0x29, 0xFE, 0x3E, 0x0F, 0x9B, 0x55, 0x40, 0x82, 0xFF, 0x01, 0xCD, 0x5A, 0x41,
    0x6C, 0x1D, 0xD7, 0x75, 0xBD, 0x33, 0x8F, 0xE4, 0xD8, 0x1C, 0xE9, 0x8F, 0x1A, 0x88, 0x81, 0x4B,
    0x91, 0x9C, 0x8D, 0x17, 0xAC, 0x4B, 0x69, 0x04, 0x94, 0x68, 0x09, 0x84, 0xE4, 0x8C, 0xA4, 0x85,
    0x81, 0x76, 0x91, 0x0F, 0x94, 0xBF, 0x46, 0x9A, 0xA0, 0x32, 0xD0, 0xA2, 0x40, 0x9C, 0x00, 0xF2,
    0x42, 0x0B, 0x16, 0x90, 0x38, 0xE3, 0x6A, 0xD1, 0x45, 0x81, 0x96, 0x8B, 0x04, 0x5D, 0x74, 0x61,
    0x06, 0x70, 0x0B, 0x87, 0x5D, 0x88, 0x0B, 0x02, 0x55, 0x0B, 0x92, 0xFF, 0xC9, 0x2A, 0xDC, 0x45,
    0x37, 0xE3, 0xBA, 0x41, 0x16, 0x5A, 0x78, 0x8A, 0x44, 0x48, 0x21, 0x03, 0xF6, 0x0B, 0x32, 0xB6,
    0x87, 0xD4, 0xFC, 0xFF, 0x72, 0xEE, 0x9D, 0x4F, 0xF2, 0x5B, 0xB2, 0x01, 0xC7, 0x4A, 0x11, 0x52,
    0xFC, 0x4F, 0x33, 0xF7, 0xCF, 0x7B, 0xEF, 0xBE, 0xFB, 0xEE, 0x3B, 0xF7, 0xDC, 0x3B, 0x1C, 0x75,
    0xAB, 0xF8, 0x5E, 0x3D, 0x4E, 0xFC, 0x33, 0x4E, 0x1B, 0x2D, 0x32, 0x81, 0xFC, 0x86, 0x4E, 0x19,
    0x5E, 0x2E, 0xA3, 0xBF, 0xAE, 0xA2, 0xAC, 0x2D, 0x5F, 0xAA, 0x84, 0x1C, 0x4D, 0xB4, 0x41, 0xA3,
    0x77, 0x28, 0xB2, 0xD9, 0x52, 0x60, 0x16, 0x55, 0x75, 0xC1, 0xD1, 0x41, 0xB2, 0xE1, 0xE9, 0x79,
    0xC7, 0x4C, 0xD1, 0xEE, 0x38, 0x85, 0xB7, 0x12, 0xEF, 0xE7, 0x9A, 0xFA, 0x1B, 0x14, 0x56, 0x9E,
    0x6B, 0x6D, 0x12, 0x5A, 0x52, 0xDF, 0x1B, 0x74, 0xA4, 0x79, 0x0C, 0x33, 0xF6, 0x06, 0xA1, 0x7B,
    0x41, 0xD1, 0x83, 0x3D, 0x0A, 0x33, 0x37, 0x0F, 0x34, 0x2D, 0xAA, 0x82, 0x3C, 0xA7, 0x22, 0xCA,
    0xD7, 0xF0, 0x00, 0x04, 0xE4, 0xE2, 0x86, 0xE2, 0x84, 0x30, 0x42, 0x9F, 0x3A, 0xB6, 0x93, 0x88,
    0xD4, 0x31, 0x90, 0xAE, 0xE2, 0x33, 0x87, 0x4F, 0x8B, 0x48, 0xFB, 0x44, 0xC6, 0x83, 0x48, 0x3D,
    0xDC, 0xEC, 0x29, 0x6B, 0x2D, 0x1E, 0xB7, 0x78, 0x8E, 0xCE, 0x10, 0x7D, 0xE5, 0xED, 0x1F, 0xBC,
    0xDB, 0xEF, 0xFB, 0xC9, 0xF6, 0x02, 0x15, 0xB9, 0x7B, 0x2F, 0x69, 0x05, 0x34, 0x1F, 0xBD, 0xF8,
    0x8E, 0x7D, 0xF4, 0x36, 0xB9, 0x34, 0xD1, 0x49, 0x9C, 0xCE, 0x65, 0x5B, 0x51, 0x54, 0x39, 0x3D,
    0xA2, 0x05, 0xF2, 0x4A, 0x0A, 0x88, 0x42, 0xED, 0xA2, 0x77, 0x4A, 0x5B, 0x98, 0xAA, 0x9E, 0xC6,
    0x38, 0xDE, 0x27, 0x09, 0xDA, 0xA8, 0xC0, 0x15, 0x46, 0xCE, 0x68, 0xE2, 0xEA, 0x8F, 0xD8, 0x16,
    0x35, 0x0D, 0xD4, 0x1C, 0xDB, 0xB4, 0x9B, 0x09, 0xBD, 0x70, 0xFB, 0xE0, 0x8D, 0x61, 0xE9, 0xE7,
    0x5D, 0x62, 0x26, 0x72, 0xB0, 0x1E, 0xBA, 0x6A, 0xE5, 0x07, 0xB7, 0xB7, 0x07, 0x57, 0x63, 0x3F,
    0x24, 0x75, 0x60, 0x69, 0x89, 0xAC, 0x5B, 0x50, 0x15, 0x60, 0xD6, 0x65, 0x7C, 0xBB, 0xC7, 0xCF,
    0x67, 0xF8, 0x94, 0x98, 0xBF, 0x47, 0xD5, 0xB9, 0x7E, 0x90, 0xB8, 0xBD, 0x1B, 0xE4, 0x1C, 0x14,
    0xA4, 0xDE, 0xD7, 0xE4, 0xDF, 0xCE, 0x68, 0x31, 0xCE, 0xDD, 0x22, 0xDD, 0xDF, 0xE5, 0x2D, 0xC1,
    0x53, 0x19, 0x51, 0x37, 0xE1, 0x35, 0x10, 0xED, 0xB0, 0xC1, 0xC2, 0xC4, 0xCF, 0xD2, 0xE4, 0x06,
    0x75, 0x3F, 0xCC, 0x68, 0x72, 0x9D, 0x46, 0xE8, 0x52, 0x1D, 0xFC, 0x97, 0x49, 0xC3, 0x4C, 0xF4,
    0xA2, 0xC9, 0x1F, 0x72, 0xDB, 0x85, 0x25, 0xD8, 0xE4, 0x7E, 0x41, 0x98, 0x1E, 0x53, 0x73, 0xEB,
    0x16, 0x4E, 0x41, 0x9B, 0x5B, 0xE7, 0xC9, 0xA8, 0x83, 0x5A, 0xE9, 0xEB, 0x5E, 0xEE, 0xD1, 0xF5,
    0x39, 0xEC, 0x54, 0xDE, 0x0A, 0xB0, 0x11, 0x67, 0xD5, 0xBD, 0x0C, 0x33, 0xD0, 0x56, 0x11, 0xF3,
    0x86, 0x2C, 0xF0, 0x12, 0xFD, 0x96, 0x8B, 0x1D, 0x72, 0xEF, 0xE9, 0x35, 0x1A, 0x23, 0xB3, 0xE5,
    0xE7, 0x2A, 0x59, 0x68, 0x51, 0xFF, 0x8A, 0x9E, 0x73, 0xB5, 0x67, 0x4D, 0x8B, 0x16, 0xD9, 0x16,
    0xE4, 0xE1, 0x51, 0x2C, 0xF1, 0x26, 0x0C, 0x9E, 0x90, 0xDA, 0x77, 0xBA, 0x90, 0x9E, 0xB3, 0xFB,
    0xAC, 0xC9, 0x28, 0xDB, 0xFB, 0x95, 0xC4, 0xFB, 0x30, 0x0F, 0x5D, 0x33, 0x8D, 0x69, 0x30, 0xE0,
    0x35, 0xE3, 0xFD, 0xAF, 0x09, 0x2E, 0x99, 0xC8, 0x35, 0xE1, 0x15, 0x13, 0xD4, 0xD6, 0xDD, 0x98,
    0xC5, 0x53, 0x13, 0x9D, 0x95, 0xD8, 0xDA, 0x89, 0x4E, 0x07, 0xFB, 0xF9, 0x1C, 0x2D, 0x3A, 0xB9,
    0xD2, 0x33, 0xB4, 0xEC, 0x18, 0x65, 0xA2, 0x24, 0xBE, 0x5C, 0xAB, 0x3A, 0xD4, 0xBE, 0x49, 0x13,
    0x1F, 0xFA, 0xF9, 0xF9, 0x32, 0xF9, 0x7A, 0x89, 0xBC, 0x64, 0x91, 0x3C, 0xEC, 0xF6, 0x08, 0x9D,
    0xE9, 0x5A, 0x3B, 0xB9, 0xF9, 0x2F, 0xB9, 0xB8, 0xE4, 0x69, 0xF1, 0x6D, 0x6A, 0x6E, 0x46, 0x3A,
    0x2B, 0xB6, 0x07, 0x63, 0x4F, 0xC2, 0x5D, 0x0F, 0x6E, 0x93, 0x07, 0x0F, 0x6D, 0xCD, 0xB4, 0x5F,
    0x9D, 0xBB, 0xB0, 0xB3, 0x30, 0x3F, 0x35, 0x37, 0x75, 0x71, 0x7A, 0xE1, 0xD4, 0xC5, 0xD0, 0x9C,
    0x9A, 0x9F, 0x5A, 0x38, 0xC5, 0xF7, 0x73, 0xCB, 0x2D, 0x2C, 0x91, 0xB6, 0x54, 0x06, 0xD7, 0xD9,
    0xC3, 0x86, 0x8D, 0xAD, 0xD3, 0x2B, 0x9B, 0xA9, 0x7D, 0xD0, 0x69, 0xD3, 0x0A, 0x45, 0x3D, 0x95,
    0x4F, 0x4F, 0xD1, 0xDC, 0x16, 0xFD, 0x7E, 0x46, 0xF7, 0x49, 0x7D, 0x8B, 0xE6, 0x96, 0x9C, 0x3C,
    0xEA, 0x35, 0xEB, 0x84, 0x57, 0x91, 0x9C, 0x8C, 0x57, 0x89, 0xA6, 0xF8, 0xC6, 0xB7, 0xF6, 0xA3,
    0xCD, 0x83, 0x37, 0x9B, 0x9B, 0xE3, 0x6F, 0xB0, 0xC6, 0x3F, 0xB2, 0xB6, 0x74, 0xD6, 0x1D, 0x5B,
    0x2C, 0x77, 0xFF, 0xD0, 0x29, 0x33, 0x58, 0xCF, 0xD0, 0x79, 0x52, 0x19, 0x15, 0x34, 0xFF, 0x6C,
    0xCB, 0x7D, 0xCB, 0xD6, 0x5D, 0x38, 0xFE, 0x08, 0xFD, 0x05, 0xA5, 0xE6, 0x74, 0x78, 0x29, 0xD9,
    0x86, 0x99, 0x5D, 0xED, 0xC2, 0x1D, 0x76, 0x09, 0x5B, 0x76, 0x81, 0xD4, 0xBB, 0xF9, 0x9D, 0xB8,
    0x07, 0x95, 0x9C, 0x76, 0xA8, 0x6B, 0x4F, 0x2F, 0x3A, 0xE2, 0x92, 0xC4, 0xBB, 0x1D, 0x64, 0x5F,
    0xE4, 0x13, 0xF3, 0x27, 0x4B, 0x75, 0x6C, 0xDF, 0x7B, 0xF8, 0x35, 0xEB, 0x55, 0x0B, 0x6D, 0x4A,
    0x78, 0x3F, 0x0F, 0x3F, 0x4B, 0x83, 0xCF, 0xF2, 0xE0, 0xF3, 0x3B, 0xB2, 0x9F, 0xDF, 0xE8, 0xB4,
    0xE5, 0xE8, 0x74, 0xED, 0x47, 0x05, 0x2E, 0x6E, 0x65, 0xB1, 0xED, 0xB7, 0xC8, 0xDA, 0x6A, 0x01,
    0xE7, 0xB5, 0x28, 0x02, 0x16, 0x45, 0x2C, 0x8A, 0x21, 0xA2, 0x14, 0x22, 0xB8, 0xC2, 0x2D, 0x78,
    0x71, 0x0B, 0x56, 0xA5, 0x85, 0x05, 0x34, 0x10, 0x91, 0xFA, 0xB2, 0x22, 0x07, 0x4E, 0x76, 0xA5,
    0x8E, 0xDF, 0x62, 0x3C, 0x79, 0xD9, 0xA3, 0x79, 0x55, 0x84, 0xE5, 0x98, 0x51, 0xFF, 0xD1, 0xDA,
    0xDD, 0xFA, 0x37, 0xE0, 0x84, 0x6B, 0x22, 0xF3, 0x5B, 0xC6, 0x79, 0xEC, 0x9F, 0xDF, 0x13, 0x2F,
    0x54, 0xD6, 0x04, 0x59, 0x1D, 0xD1, 0xD2, 0x32, 0xC5, 0xCB, 0x14, 0x35, 0xBF, 0xB8, 0x0D, 0xB2,
    0x1D, 0xF5, 0xC8, 0xE0, 0x01, 0x5E, 0x60, 0x67, 0x25, 0xB2, 0x3D, 0xB4, 0xBC, 0xDA, 0xEC, 0x59,
    0x52, 0x7A, 0x1A, 0xFE, 0xBD, 0x24, 0xEE, 0x16, 0xE8, 0x5D, 0x40, 0x4A, 0x8F, 0xE2, 0xBB, 0x3D,
    0xEA, 0xFB, 0x86, 0x3D, 0x71, 0x4D, 0x19, 0x95, 0x87, 0xD8, 0x3A, 0x43, 0xB9, 0x0F, 0xE5, 0x00,
    0x54, 0x94, 0xB0, 0x96, 0x38, 0x09, 0xB4, 0xE8, 0x61, 0x5E, 0x57, 0x9F, 0x2D, 0x89, 0x66, 0x48,
    0xC1, 0x1D, 0x0D, 0x1F, 0x13, 0x5F, 0xCC, 0x7A, 0x9D, 0xA8, 0xE4, 0xFD, 0x86, 0x78, 0x8E, 0x4F,
    0x8F, 0x93, 0xB3, 0xB8, 0x85, 0xCE, 0x25, 0xD0, 0x3A, 0x39, 0x57, 0xF9, 0xC9, 0x2E, 0xAF, 0x7B,
    0x0C, 0x9D, 0x95, 0xFE, 0x3D, 0x7C, 0x3B, 0xA7, 0xD0, 0xD9, 0xC9, 0x9F, 0x47, 0xE7, 0xC0, 0xFD,
    0xD1, 0x7E, 0x9B, 0xB6, 0x60, 0xEC, 0xC4, 0x4B, 0x5E, 0xB8, 0xFD, 0x7F, 0x38, 0x02, 0xE8, 0xAC,
    0x34, 0x8F, 0x09, 0x98, 0x3B, 0x57, 0x0D, 0x5C, 0xA1, 0xD1, 0x06, 0xE7, 0x92, 0x8C, 0x63, 0xA1,
    0xD0, 0x16, 0xFD, 0x71, 0x3E, 0x98, 0x9A, 0xB7, 0x78, 0x89, 0x9A, 0xB9, 0xB9, 0x0F, 0xF4, 0x60,
    0x3B, 0x0B, 0x6C, 0x12, 0x9F, 0x2C, 0xFE, 0x42, 0x65, 0xDF, 0xC6, 0x17, 0x4A, 0x77, 0x8D, 0xD7,
    0x77, 0xF5, 0xBF, 0x03, 0xE0, 0x9C, 0xE2, 0x22, 0x03, 0x83, 0x39, 0xCB, 0xC0, 0x00, 0x58, 0xBD,
    0x23, 0xC3, 0x2D, 0x32, 0xE4, 0xF2, 0x58, 0xCD, 0x2F, 0x86, 0x9B, 0x72, 0x79, 0xB8, 0x69, 0x95,
    0x61, 0xB8, 0xC0, 0xE6, 0x3E, 0xF0, 0x1E, 0xA0, 0xC7, 0x3F, 0x23, 0xCE, 0x3A, 0xDB, 0x27, 0xC6,
    0xDD, 0x82, 0x7B, 0x0B, 0x80, 0xA0, 0x4F, 0x01, 0x3F, 0xA6, 0xA5, 0x57, 0x81, 0xF5, 0xB1, 0x02,
    0x69, 0x41, 0xDB, 0x38, 0x32, 0x06, 0xF6, 0x81, 0xF1, 0xD9, 0x19, 0x43, 0x06, 0x72, 0xBA, 0x33,
    0x4D, 0xC9, 0x05, 0xA5, 0x61, 0x9F, 0xB4, 0xF2, 0x01, 0xBF, 0x67, 0xE9, 0xFA, 0x38, 0xDB, 0x27,
    0xFB, 0x73, 0x2C, 0x6B, 0xB1, 0xB1, 0xCF, 0x45, 0xAC, 0xAA, 0xA5, 0xBE, 0xBF, 0x8F, 0x13, 0x15,
    0x02, 0x88, 0x7D, 0x7A, 0x05, 0xF6, 0x59, 0x3D, 0xB6, 0x0F, 0xF4, 0x8B, 0x0E, 0xED, 0xE3, 0xF0,
    0x24, 0xA4, 0xB0, 0x4B, 0x80, 0xAC, 0xF1, 0x64, 0x20, 0xC5, 0xB1, 0x23, 0x85, 0xFF, 0x34, 0xE3,
    0x87, 0xB3, 0x87, 0x53, 0xAC, 0xFD, 0xFE, 0x86, 0x32, 0x12, 0xAE, 0x56, 0x45, 0x51, 0x86, 0x17,
    0xC3, 0x40, 0x73, 0xC1, 0x79, 0x90, 0x6A, 0x1F, 0xD1, 0xEF, 0xAB, 0x98, 0x5B, 0xB0, 0x97, 0x22,
    0x39, 0x88, 0x4E, 0xB3, 0xDA, 0x56, 0x33, 0xE2, 0xD1, 0xD0, 0xF8, 0x79, 0x46, 0x5A, 0x3F, 0x93,
    0x10, 0x6C, 0xE4, 0xD9, 0x9E, 0x88, 0x24, 0xD2, 0xD1, 0x1F, 0x88, 0x68, 0x6E, 0x4D, 0x7A, 0x4B,
    0x9C, 0xF1, 0x24, 0x78, 0x2A, 0xCD, 0xB8, 0x4C, 0x79, 0x90, 0x33, 0x48, 0x3B, 0x0C, 0xF7, 0x0B,
    0xC4, 0xA2, 0x08, 0xE7, 0x8E, 0x8D, 0x6C, 0x21, 0xC2, 0xB6, 0x45, 0x08, 0xB2, 0x9A, 0x97, 0x05,
    0x6B, 0x72, 0x84, 0xBA, 0xCE, 0x61, 0x90, 0x77, 0x08, 0x73, 0x4D, 0x4B, 0x0C, 0x0A, 0x31, 0x75,
    0x94, 0xC7, 0x88, 0x5B, 0x96, 0x9D, 0x82, 0x26, 0x45, 0x15, 0x19, 0x97, 0x3C, 0x69, 0x95, 0x3E,
    0xF1, 0x5A, 0xBB, 0x1B, 0xA2, 0x49, 0x9F, 0x5B, 0xF7, 0x51, 0xC1, 0x6D, 0x71, 0xA1, 0x51, 0x3A,
    0x39, 0xB9, 0x5A, 0x4F, 0x12, 0xAB, 0x12, 0x9A, 0x2D, 0xD6, 0xAA, 0x2B, 0x53, 0x5D, 0x91, 0xC0,
    0x9D, 0x3C, 0x77, 0x82, 0x6D, 0x7D, 0xC6, 0xE1, 0x71, 0x53, 0x51, 0x25, 0xBC, 0xDB, 0x13, 0xAD,
    0x62, 0x7A, 0xFC, 0xE7, 0xA4, 0x69, 0xED, 0x08, 0xCB, 0x55, 0x1F, 0x88, 0x26, 0x5A, 0xFC, 0xFA,
    0xE5, 0xE7, 0xB9, 0x9D, 0x3A, 0x25, 0x4E, 0xF3, 0xC1, 0xE1, 0x59, 0xE7, 0x9B, 0xA6, 0x2D, 0xE8,
    0x88, 0xE1, 0x51, 0x2A, 0x6E, 0x14, 0x8B, 0xD6, 0xA7, 0x45, 0xE4, 0xF3, 0x04, 0x88, 0x49, 0x46,
    0x06, 0xDC, 0x63, 0x91, 0x91, 0x85, 0xCC, 0xAB, 0x52, 0x38, 0x6C, 0x2A, 0x07, 0x5E, 0x88, 0x93,
    0x65, 0x06, 0xA6, 0x84, 0x13, 0x02, 0xD2, 0xFC, 0x9C, 0xC1, 0x92, 0xD7, 0xB6, 0x20, 0x2C, 0x78,
    0x5A, 0x70, 0x27, 0x90, 0xB9, 0x18, 0x69, 0xA3, 0xCC, 0xC3, 0xD4, 0x7E, 0x19, 0x20, 0xBE, 0xC7,
    0x36, 0x1F, 0x32, 0xEA, 0xC4, 0x5F, 0x76, 0x3A, 0x7F, 0x46, 0x0D, 0x5D, 0x65, 0x2E, 0x48, 0xF1,
    0x7E, 0xE7, 0x25, 0x56, 0xA0, 0xB5, 0xDB, 0x44, 0xE9, 0x20, 0x92, 0x88, 0x42, 0xDE, 0xDF, 0xE6,
    0xC2, 0x78, 0xD4, 0x5B, 0xD0, 0x05, 0x74, 0xCA, 0xCD, 0x77, 0x99, 0x07, 0xC1, 0x5A, 0x51, 0xC2,
    0x68, 0x45, 0x06, 0x4A, 0xF0, 0xC8, 0xAB, 0x6E, 0x7F, 0x73, 0x5B, 0x42, 0x7C, 0xD7, 0xF2, 0xFE,
    0x9C, 0xE7, 0xD9, 0x13, 0x31, 0xB4, 0x3C, 0x00, 0xD5, 0x4B, 0xE6, 0x4D, 0x1E, 0x53, 0x8D, 0x67,
    0x04, 0x0B, 0x30, 0x05, 0x25, 0x6E, 0xB3, 0x8C, 0x8B, 0xC0, 0x3D, 0x57, 0xC2, 0x07, 0x7C, 0x78,
    0x97, 0x03, 0x1B, 0x10, 0x11, 0x0F, 0x04, 0x09, 0xC2, 0x4C, 0x70, 0xB0, 0x79, 0xFB, 0x1D, 0xAC,
    0x1C, 0x3C, 0xCE, 0x9A, 0xC1, 0x0A, 0xA6, 0x1E, 0xF7, 0x13, 0x67, 0xF3, 0x1F, 0x34, 0x6F, 0xAE,
    0xA1, 0xBD, 0x64, 0xAC, 0x66, 0x6B, 0x87, 0xDC, 0xA8, 0x9C, 0xD9, 0xE7, 0x75, 0x66, 0x1A, 0xE3,
    0x11, 0x3F, 0xF7, 0x75, 0x7D, 0xE8, 0x48, 0x8E, 0xE0, 0x35, 0x5B, 0x97, 0xB7, 0x5C, 0x6C, 0x77,
    0xB8, 0x4D, 0x31, 0x2F, 0xCD, 0x37, 0x87, 0x6C, 0x7C, 0x96, 0xC1, 0xF7, 0xB4, 0xC2, 0x57, 0x7E,
    0x02, 0x96, 0xAF, 0xB4, 0x63, 0xBF, 0xFF, 0x4D, 0x43, 0x63, 0xD6, 0xFE, 0x14, 0x63, 0xFD, 0x0F,
    0xEF, 0xB1, 0x3E, 0x02, 0x67, 0xB1, 0x67, 0x73, 0xC9, 0x0E, 0x34, 0xE2, 0xF1, 0x7C, 0x3F, 0xE3,
    0x01, 0xC5, 0x49, 0x5F, 0x48, 0x0E, 0x27, 0x65, 0x16, 0x24, 0xC6, 0x96, 0x80, 0xCA, 0x9D, 0xFE,
    0xB4, 0xD3, 0xF9, 0xEE, 0x39, 0x2C, 0xB2, 0x54, 0x1F, 0x75, 0x5E, 0xE2, 0x8C, 0xC7, 0x07, 0x9D,
    0xC2, 0x86, 0xD6, 0x1C, 0xA6, 0xA1, 0x0D, 0x82, 0x24, 0xF8, 0x58, 0xCC, 0x3B, 0x53, 0xC3, 0x31,
    0xD4, 0xC1, 0xA6, 0x61, 0x03, 0x0F, 0x8B, 0x0C, 0x0C, 0x88, 0xA7, 0x32, 0xF1, 0x75, 0xEE, 0x38,
    0xCE, 0x1D, 0xE7, 0x31, 0x96, 0x9C, 0x88, 0xD0, 0xE9, 0x6F, 0x6E, 0xD6, 0xA9, 0x95, 0x43, 0x40,
    0x6E, 0x36, 0x30, 0x9E, 0xCB, 0x89, 0x49, 0x94, 0x49, 0xA4, 0xE6, 0x45, 0x9E, 0x04, 0x9D, 0xDE,
    0x64, 0x4D, 0x78, 0x37, 0xF6, 0xF8, 0xA4, 0x66, 0xAB, 0xAC, 0xD2, 0x99, 0xDF, 0xAC, 0x4E, 0x23,
    0x84, 0xC3, 0x5F, 0x03, 0x52, 0xBC, 0x32, 0xCE, 0x84, 0xB7, 0x1D, 0xBB, 0xDF, 0x6F, 0x48, 0xA7,
    0x17, 0x12, 0xB7, 0xE6, 0xF0, 0xDA, 0x6A, 0x76, 0x6C, 0xB4, 0x73, 0xA9, 0xBB, 0x8F, 0xAE, 0xE8,
    0xF3, 0xC5, 0x9B, 0x30, 0x0F, 0x71, 0x48, 0x27, 0x33, 0x55, 0x81, 0xD4, 0xF9, 0x4D, 0x80, 0x9E,
    0xE8, 0x8C, 0xD9, 0x9F, 0x62, 0xFA, 0x98, 0x7E, 0x85, 0x26, 0x4D, 0x52, 0x40, 0xE4, 0x9B, 0x14,
    0xD4, 0xB4, 0x57, 0xF9, 0xD9, 0x9D, 0x66, 0xC3, 0x3A, 0x2B, 0x18, 0x0A, 0xD3, 0xE0, 0x81, 0x80,
    0x97, 0xFB, 0xC5, 0x2F, 0xD3, 0x04, 0x8A, 0x8D, 0x50, 0x52, 0x07, 0xFF, 0x69, 0xE2, 0xAF, 0xEB,
    0x06, 0x41, 0x9F, 0x76, 0xBC, 0x89, 0x7F, 0xEA, 0x60, 0xBB, 0x90, 0xD8, 0x21, 0x93, 0x8C, 0x3B,
    0xDF, 0x81, 0xC2, 0x35, 0xA7, 0xCF, 0x6C, 0xEA, 0x6E, 0xC6, 0x28, 0xDB, 0x15, 0xFB, 0xF7, 0x79,
    0x03, 0x9C, 0x9A, 0xC5, 0xAA, 0x64, 0x71, 0x90, 0xB3, 0x38, 0xBE, 0xCD, 0x51, 0x60, 0xEF, 0xA5,
    0xFD, 0x95, 0x4F, 0x8B, 0x8F, 0x9F, 0xF6, 0x79, 0xF3, 0x21, 0x88, 0x05, 0x66, 0x6A, 0x06, 0x13,
    0xFC, 0x7F, 0xCE, 0x50, 0xF8, 0xB0, 0xDB, 0x63, 0xC4, 0x3D, 0x90, 0x10, 0x30, 0xEB, 0x08, 0xD1,
    0xE0, 0xA0, 0x31, 0x23, 0xA8, 0xB6, 0xD1, 0xCD, 0x98, 0x3A, 0x9E, 0x3D, 0x74, 0xA8, 0x0E, 0xEF,
    0xE6, 0x55, 0x84, 0x9D, 0xA8, 0xC7, 0x84, 0xDF, 0x4B, 0x60, 0x55, 0x20, 0xCA, 0xD7, 0x6A, 0x0E,
    0x52, 0x3F, 0xA9, 0x10, 0x00, 0xD4, 0xDF, 0x20, 0xE1, 0x4F, 0x5A, 0x3E, 0x47, 0xAA, 0x85, 0xC0,
    0x40, 0x5C, 0x04, 0x05, 0xC4, 0x59, 0x98, 0x43, 0x0C, 0xC6, 0x38, 0xCD, 0x31, 0x4F, 0x43, 0x4C,
    0xF1, 0x6B, 0x10, 0x53, 0xFA, 0x22, 0xC4, 0xD4, 0x65, 0x31, 0x59, 0x16, 0x93, 0x65, 0x31, 0x48,
    0x3C, 0xC4, 0x6E, 0x8F, 0xC5, 0xAA, 0x64, 0xE8, 0x52, 0x79, 0x2A, 0x53, 0x0E, 0xC3, 0xC3, 0x00,
    0x1F, 0x95, 0x44, 0x33, 0x57, 0x0F, 0x88, 0xEE, 0x31, 0xFC, 0x72, 0x6C, 0x14, 0xD7, 0x8C, 0x33,
    0xBF, 0xE2, 0x87, 0x11, 0x87, 0x63, 0xAE, 0x17, 0x34, 0x26, 0xE4, 0x28, 0xE7, 0x19, 0x3E, 0x31,
    0xC1, 0x3D, 0x1E, 0x28, 0x7A, 0x9D, 0x87, 0xE8, 0xA6, 0x12, 0xD0, 0x6B, 0x29, 0xA2, 0x08, 0x11,
    0x78, 0x8F, 0xC5, 0x69, 0x2C, 0xF8, 0xCC, 0xD8, 0xEB, 0xFF, 0xB7, 0xD4, 0x78, 0x78, 0x10, 0xA7,
    0xF2, 0x39, 0x74, 0xEB, 0xA0, 0xE0, 0x18, 0x81, 0x16, 0x27, 0xD1, 0xDF, 0xFF, 0x13, 0x74, 0x76,
    0x6D, 0x5F, 0xB2, 0x2C, 0xA2, 0x23, 0x88, 0x15, 0x16, 0x80, 0x5C, 0x94, 0xDB, 0xEB, 0x27, 0x57,
    0xD9, 0x71, 0x51, 0xB0, 0x2B, 0xF1, 0xE7, 0x43, 0x6E, 0x57, 0xB9, 0xEC, 0xE1, 0x0C, 0x69, 0x7B,
    0x82, 0x94, 0x9D, 0x65, 0x42, 0xA3, 0x7A, 0x53, 0x43, 0x3E, 0x9B, 0x0C, 0xFB, 0xEC, 0x89, 0x52,
    0x36, 0x19, 0x95, 0x8A, 0x1A, 0x77, 0x8E, 0xAF, 0x70, 0xE7, 0xDA, 0xCF, 0x1F, 0xA7, 0x0C, 0x27,
    0x46, 0xD9, 0xAF, 0x68, 0xE7, 0x5D, 0x3D, 0xA3, 0xEE, 0x16, 0x20, 0x96, 0xE8, 0x16, 0x6A, 0xE7,
    0x27, 0xCD, 0xED, 0xDB, 0x42, 0x22, 0x27, 0xDF, 0x80, 0x8D, 0x01, 0x1D, 0x79, 0x49, 0xD1, 0xBA,
    0x87, 0xBC, 0x84, 0x73, 0x4B, 0xCD, 0xE3, 0xC7, 0x9A, 0x57, 0x95, 0x16, 0xC0, 0x1C, 0xE7, 0x13,
    0x03, 0x85, 0xD5, 0xBD, 0x12, 0xEC, 0x25, 0x70, 0x6B, 0xA8, 0xB3, 0xE8, 0x70, 0x5B, 0x12, 0x5A,
    0xF0, 0x2C, 0xB4, 0xA0, 0xD1, 0x68, 0x67, 0x60, 0x8B, 0x38, 0x41, 0x40, 0xAD, 0xA3, 0xD7, 0x90,
    0x7E, 0x56, 0xE1, 0x3D, 0x0D, 0xF2, 0x15, 0xBC, 0xC7, 0x80, 0xE5, 0x31, 0xC9, 0xC9, 0x5D, 0xA6,
    0x4F, 0x99, 0xB2, 0xCC, 0x7F, 0x83, 0xD7, 0x1F, 0x7C, 0xB3, 0xA4, 0x0B, 0x6E, 0x93, 0xD5, 0x39,
    0x82, 0x09, 0xAF, 0xD0, 0x71, 0x6E, 0xC7, 0x05, 0x44, 0x3A, 0x02, 0x8B, 0xA3, 0x2C, 0xC9, 0xE1,
    0x5A, 0x47, 0xA7, 0xDD, 0x05, 0x80, 0xA5, 0x95, 0x1C, 0xC6, 0x82, 0xA4, 0xF4, 0x20, 0xBC, 0xAF,
    0x25, 0xAC, 0x4F, 0x65, 0xCC, 0xF9, 0x7E, 0xC5, 0x2F, 0x9A, 0xA1, 0xD6, 0xE4, 0x0B, 0xE6, 0x6D,
    0xD3, 0xC2, 0xE6, 0x7C, 0x29, 0x83, 0x82, 0x55, 0x86, 0x39, 0x17, 0x1D, 0xDC, 0x7E, 0xC2, 0xDC,
    0xB7, 0x21, 0xFB, 0xA0, 0xA4, 0xEB, 0xAC, 0xD2, 0x4A, 0xA3, 0xD9, 0xF8, 0xC6, 0x31, 0x9A, 0xB9,
    0x0D, 0x9F, 0x2C, 0x68, 0x88, 0x86, 0x9D, 0x60, 0xDD, 0x1D, 0x01, 0x62, 0x29, 0xBA, 0x10, 0x1D,
    0x08, 0xC7, 0x2C, 0x83, 0x46, 0xF5, 0xF6, 0x49, 0xD7, 0xFD, 0xAC, 0xB8, 0x4E, 0xF4, 0x1A, 0x9F,
    0x9B, 0xC0, 0x70, 0x31, 0xD7, 0x95, 0x03, 0x36, 0x7C, 0x20, 0x4F, 0xAE, 0xCF, 0xC8, 0x4D, 0x9C,
    0x1D, 0xF1, 0x76, 0xCE, 0x53, 0x86, 0xDD, 0x7D, 0xA2, 0x93, 0x10, 0xD7, 0xF8, 0xD6, 0x59, 0x73,
    0x21, 0xAC, 0x64, 0x99, 0xFE, 0x71, 0x9F, 0xF3, 0x92, 0x60, 0x2C, 0x48, 0x46, 0x81, 0x6E, 0xA0,
    0x59, 0x5C, 0x71, 0xEC, 0x49, 0x39, 0xA4, 0x2B, 0xE7, 0x26, 0xFE, 0x3B, 0x39, 0x4F, 0x4D, 0x3E,
    0x58, 0x1E, 0xA7, 0xBA, 0x5F, 0xBC, 0xF5, 0xA4, 0x57, 0xCA, 0x2F, 0x1F, 0x84, 0xDE, 0xEC, 0x0B,
    0x29, 0x19, 0xE4, 0x33, 0xF2, 0x48, 0xC0, 0x78, 0x13, 0xF3, 0xE2, 0xC0, 0xF8, 0x0C, 0x13, 0x22,
    0x26, 0x2A, 0x21, 0x33, 0x4B, 0x61, 0x2F, 0x4C, 0x5E, 0x14, 0x67, 0x9E, 0x21, 0x13, 0xD7, 0x9E,
    0xF0, 0x42, 0xA4, 0x9A, 0x3D, 0x74, 0x04, 0x63, 0xF9, 0xF4, 0x58, 0x30, 0x18, 0xE0, 0xA8, 0xA9,
    0x45, 0x4D, 0xAE, 0x0B, 0x96, 0x71, 0x61, 0x0F, 0x19, 0x04, 0x97, 0x34, 0xE9, 0x06, 0xD7, 0xEE,
    0x4B, 0xBE, 0x2A, 0xB9, 0x06, 0xC9, 0x35, 0x68, 0x1C, 0xB4, 0x6D, 0x34, 0xE0, 0x0D, 0x91, 0x41,
    0x7E, 0xF1, 0xBB, 0x26, 0x40, 0xE2, 0x6D, 0x10, 0x9E, 0xD1, 0x14, 0x68, 0xFC, 0x3E, 0x7F, 0x6B,
    0x35, 0x9E, 0x8B, 0x0C, 0x1A, 0x55, 0xF1, 0xD1, 0xAC, 0xB9, 0xB9, 0xE1, 0x9A, 0x59, 0x6E, 0xA6,
    0xE8, 0x8E, 0x5B, 0xB6, 0x1C, 0x13, 0xDB, 0x40, 0x72, 0xAC, 0x15, 0x9A, 0x10, 0x63, 0x4A, 0x6A,
    0xCC, 0x09, 0x9E, 0x69, 0x2A, 0x68, 0x87, 0x3B, 0x42, 0x74, 0xAD, 0x4F, 0x91, 0x2A, 0xBD, 0x22,
    0xC8, 0x66, 0x59, 0x77, 0x3C, 0x87, 0xCC, 0xD0, 0xFF, 0x10, 0x90, 0x59, 0x2B, 0x20, 0xE6, 0x0D,
    0x84, 0x04, 0x1D, 0xE8, 0x3D, 0xB7, 0xF6, 0xFA, 0xEF, 0x3F, 0x0C, 0xAB, 0x58, 0x8F, 0xF0, 0x86,
    0xAE, 0xC8, 0xA6, 0xB1, 0x2B, 0x54, 0x9C, 0x88, 0x72, 0x39, 0xF5, 0x69, 0xC7, 0x44, 0x80, 0xE4,
    0x55, 0xE2, 0xDC, 0xDE, 0xDC, 0x01, 0x36, 0x17, 0x8E, 0xF6, 0x9E, 0x5E, 0x4F, 0xA2, 0x9B, 0x2A,
    0x09, 0xCA, 0x8B, 0xCE, 0xFD, 0xF7, 0xE9, 0xB9, 0xA8, 0x70, 0x93, 0x9D, 0xA7, 0x1D, 0x73, 0x94,
    0xDA, 0xAA, 0x8C, 0x92, 0xF8, 0x56, 0xE5, 0x96, 0xD1, 0x70, 0x99, 0xCE, 0x69, 0x23, 0xD9, 0x2D,
    0x5C, 0x13, 0x27, 0x6B, 0x54, 0xB9, 0xC2, 0x92, 0x31, 0xE6, 0x35, 0xCD, 0xB9, 0xD9, 0x6E, 0xA0,
    0x97, 0xA9, 0xF6, 0x30, 0xD8, 0x0E, 0xC6, 0x2C, 0x22, 0x9D, 0x7E, 0xB0, 0xF7, 0x03, 0x7B, 0xAB,
    0xA6, 0x64, 0x84, 0x78, 0xE1, 0x33, 0x5B, 0xA4, 0x90, 0xAC, 0x5C, 0x9C, 0x22, 0x75, 0x39, 0xA3,
    0x19, 0x43, 0x87, 0x74, 0xE1, 0xCB, 0x2E, 0x7C, 0x22, 0xF9, 0xED, 0x84, 0xBA, 0x75, 0x17, 0xCE,
    0x11, 0x55, 0xFE, 0xDD, 0x0A, 0x79, 0x79, 0xB5, 0x80, 0x93, 0x0C, 0x17, 0x8D, 0x2E, 0x5D, 0x85,
    0xFF, 0x22, 0x09, 0x73, 0x1F, 0x95, 0x1C, 0xC7, 0x76, 0x99, 0x01, 0xC2, 0x2B, 0x3D, 0xED, 0xF3,
    0x3B, 0x22, 0x17, 0x5E, 0xBA, 0xE7, 0x5C, 0x2B, 0xBC, 0xF0, 0xD1, 0x5B, 0xD6, 0x5E, 0xB2, 0x3A,
    0xEA, 0x33, 0xD1, 0x3A, 0x2B, 0xAF, 0x63, 0x62, 0x9B, 0xAD, 0x06, 0xE6, 0x06, 0x55, 0x4B, 0x5C,
    0x3A, 0x60, 0xE7, 0x15, 0x0F, 0x94, 0x32, 0x04, 0x07, 0x8B, 0x1E, 0xBF, 0xE1, 0xE3, 0x77, 0x95,
    0x14, 0xF6, 0xA5, 0x60, 0x3B, 0x2B, 0xDE, 0x11, 0xC0, 0x49, 0x22, 0x21, 0xC4, 0xC9, 0xAB, 0xB4,
    0xB4, 0xCD, 0x7E, 0x33, 0x9A, 0x88, 0x5B, 0xC6, 0x0D, 0x59, 0x5E, 0x1C, 0xF6, 0xCA, 0x49, 0x68,
    0xDE, 0xA3, 0xCA, 0x67, 0x5B, 0x2D, 0x51, 0x14, 0x6E, 0x76, 0xEF, 0x3F, 0xDC, 0xFC, 0x67, 0x23,
    0x41, 0x94, 0xE7, 0x69, 0x8A, 0x50, 0x61, 0xE1, 0x5E, 0x96, 0x77, 0xA2, 0xE2, 0x39, 0x6C, 0x28,
    0x38, 0x24, 0xB0, 0x12, 0xC7, 0x05, 0xB8, 0x72, 0xEC, 0x8F, 0x5F, 0x66, 0xB4, 0x51, 0x71, 0x45,
    0x1F, 0x99, 0xC8, 0x7D, 0xAD, 0xF4, 0xF6, 0x90, 0x27, 0x7E, 0x89, 0xD1, 0x40, 0xFD, 0xD8, 0x61,
    0xFA, 0x41, 0x11, 0xB9, 0xE5, 0x90, 0xBF, 0x7C, 0x1B, 0xBE, 0x5E, 0x2A, 0x08, 0x81, 0x33, 0x25,
    0xED, 0xAC, 0x6D, 0xDA, 0x6B, 0x9B, 0x9B, 0xFF, 0xD8, 0x58, 0x74, 0x97, 0xA9, 0x05, 0x71, 0x6D,
    0x2B, 0xCD, 0x9E, 0xF5, 0x81, 0x2F, 0x9C, 0x6A, 0xB4, 0xB1, 0x48, 0x88, 0xE0, 0x00, 0x4B, 0x7C,
    0x8E, 0x0F, 0x0D, 0x36, 0x02, 0x1F, 0xF3, 0x25, 0x4B, 0xDD, 0xE1, 0x0D, 0x79, 0xA2, 0x01, 0x84,
    0x21, 0x73, 0x1D, 0x6D, 0x23, 0x5B, 0x8B, 0x32, 0xC5, 0xE5, 0xFD, 0xD3, 0x87, 0xEF, 0x28, 0x9C,
    0x2E, 0x80, 0x04, 0x7B, 0xC0, 0x80, 0xF2, 0x19, 0x4D, 0x9C, 0xC4, 0x58, 0xC1, 0x0A, 0x6F, 0x54,
    0x6C, 0x9C, 0x8F, 0x4D, 0xE0, 0xE6, 0x5B, 0xAE, 0x3E, 0x9C, 0x15, 0xD9, 0x5A, 0x57, 0x32, 0xC7,
    0x1D, 0x7E, 0x16, 0x53, 0x45, 0x8F, 0x5D, 0x42, 0x57, 0x68, 0x2E, 0xA9, 0xE9, 0xBB, 0x65, 0xFC,
    0xF7, 0xFA, 0xF8, 0xE8, 0x39, 0xEC, 0xC2, 0x91, 0xA4, 0x9B, 0xD1, 0xE7, 0xF5, 0xEF, 0xC1, 0xD9,
    0x98, 0x9E, 0x26, 0x51, 0xEE, 0x67, 0x5E, 0x05, 0x53, 0x58, 0xC9, 0xBF, 0x68, 0x69, 0x07, 0xAE,
    0x5A, 0xD3, 0x33, 0x92, 0x83, 0x15, 0xF4, 0x0D, 0x5F, 0x87, 0xF6, 0xF5, 0xCB, 0xA5, 0xD7, 0x0B,
    0xC9, 0xAF, 0x2A, 0x0A, 0x7E, 0x96, 0x53, 0x74, 0x3B, 0xA1, 0xB5, 0x5D, 0x72, 0x10, 0xFD, 0xBD,
    0xF7, 0x73, 0x0A, 0xAF, 0x66, 0xB4, 0x83, 0xE4, 0xBB, 0x58, 0x83, 0xD3, 0xEE, 0x61, 0x86, 0xB4,
    0x7F, 0x48, 0xD2, 0x38, 0xDA, 0x26, 0x58, 0x92, 0xC5, 0x0E, 0xFB, 0x29, 0x1C, 0xF6, 0xF9, 0x18,
    0xB0, 0xAD, 0x3F, 0x55, 0x62, 0x6D, 0x8F, 0x25, 0x14, 0xDD, 0x42, 0x16, 0x68, 0x53, 0xAB, 0xC1,
    0x2B, 0xD2, 0x04, 0x43, 0xAC, 0xB1, 0x9A, 0x15, 0x14, 0x85, 0x0A, 0xB0, 0x71, 0x06, 0xD1, 0xF2,
    0x67, 0x89, 0x82, 0x1C, 0x19, 0xAF, 0x2D, 0x53, 0xCB, 0x3B, 0x20, 0x31, 0x81, 0xE3, 0x79, 0x48,
    0x72, 0x2E, 0x86, 0x2B, 0x74, 0x5F, 0x6D, 0x4B, 0xB4, 0xD8, 0x75, 0x2A, 0x4F, 0xBB, 0xE5, 0x32,
    0xA9, 0x9F, 0x23, 0x38, 0xDC, 0x87, 0xF2, 0x43, 0x6B, 0xF9, 0x71, 0x41, 0x11, 0x57, 0x23, 0xC2,
    0xCC, 0xD3, 0x51, 0xB6, 0x8B, 0x53, 0x9C, 0x0D, 0x2A, 0x11, 0x89, 0x54, 0x7C, 0x99, 0x6C, 0xDE,
    0xE4, 0x02, 0x24, 0x1D, 0xED, 0xF1, 0x53, 0x8E, 0xCC, 0x2F, 0x57, 0x53, 0x1C, 0x55, 0xD8, 0x3E,
    0x42, 0xF8, 0x30, 0x8B, 0xE0, 0x0B, 0xB3, 0xBF, 0x1E, 0x9D, 0x39, 0x4C, 0x9E, 0x42, 0x94, 0x7D,
    0x95, 0xFE, 0xF5, 0x93, 0x8C, 0x6B, 0xF1, 0xA7, 0x9A, 0xB4, 0xF9, 0xA9, 0x47, 0x06, 0xA6, 0x06,
    0x70, 0x90, 0x14, 0xE1, 0xBE, 0x0E, 0xF4, 0xF0, 0x4E, 0x8E, 0x7E, 0x0F, 0xBC, 0xB0, 0x87, 0x1D,
    0x5F, 0x43, 0xBC, 0xDD, 0x05, 0x52, 0xD4, 0x37, 0xC9, 0xFD, 0x78, 0xE0, 0x24, 0x83, 0x91, 0x3F,
    0xAA, 0xC8, 0x47, 0x22, 0x13, 0x7B, 0x85, 0x63, 0x80, 0xD4, 0x89, 0xC7, 0x4C, 0xE7, 0x4C, 0x53,
    0xAE, 0xE6, 0x8A, 0x55, 0x83, 0x77, 0x23, 0x87, 0x59, 0x3F, 0x82, 0x7F, 0xA7, 0xD3, 0x39, 0x9C,
    0x60, 0x5B, 0xCA, 0x96, 0x20, 0x32, 0xEE, 0xBA, 0xE0, 0x25, 0x75, 0xFB, 0x37, 0xBC, 0x3C, 0x44,
    0x0C, 0xF7, 0x4C, 0x44, 0x41, 0x19, 0xD3, 0x52, 0xB5, 0x46, 0xA6, 0x5E, 0x53, 0xBA, 0x5E, 0xF3,
    0xA9, 0x5E, 0x3B, 0x8F, 0x2C, 0x63, 0x9B, 0xAA, 0x28, 0x47, 0x88, 0xD7, 0x2A, 0x8F, 0xC0, 0xF6,
    0x56, 0x01, 0x30, 0xEC, 0x9D, 0xCE, 0xCA, 0xA0, 0x08, 0xCA, 0xA0, 0x02, 0xBA, 0x20, 0x7C, 0x49,
    0x5E, 0x63, 0x1F, 0x45, 0xB0, 0xF6, 0xE8, 0x4A, 0x58, 0x79, 0x7D, 0x38, 0x63, 0x98, 0xC1, 0x0A,
    0x05, 0x74, 0xAE, 0x9C, 0x0A, 0xB7, 0x4F, 0x08, 0x96, 0x21, 0x80, 0x12, 0x85, 0x2A, 0x91, 0xC3,
    0x75, 0x6D, 0xBA, 0xEE, 0xF7, 0x83, 0xF5, 0x26, 0xC8, 0xF0, 0x16, 0x33, 0x33, 0x62, 0xB4, 0x91,
    0xBF, 0x0A, 0x31, 0xFF, 0x0F, 0xB3, 0xF0, 0x1B, 0x01, 0x3E, 0xBC, 0xF2, 0x46, 0x62, 0x17, 0x33,
    0xAD, 0x06, 0xCC, 0x33, 0x8B, 0x5F, 0xEF, 0x2C, 0xFC, 0xB6, 0x84, 0xDF, 0x95, 0x44, 0x77, 0x7B,
    0x4F, 0xBE, 0x27, 0xE9, 0x24, 0x13, 0xED, 0xB4, 0x08, 0x3F, 0x67, 0xD0, 0x61, 0x01, 0x1D, 0xCD,
    0x92, 0x83, 0x32, 0xD8, 0x5E, 0x3F, 0x89, 0xAA, 0xE5, 0xA4, 0xC9, 0x1E, 0x78, 0x21, 0x4A, 0xEA,
    0x58, 0x03, 0xAE, 0xC7, 0x6F, 0xC7, 0x67, 0x3F, 0x3D, 0x13, 0x22, 0x66, 0x37, 0x87, 0x06, 0x18,
    0x90, 0x72, 0xA9, 0x58, 0xAE, 0xE1, 0xB1, 0x40, 0x4F, 0x21, 0x8F, 0x1C, 0xE7, 0x9C, 0x17, 0x81,
    0xE2, 0x1D, 0xA6, 0x07, 0xCC, 0xA4, 0xB7, 0x9A, 0xF1, 0x84, 0x91, 0x73, 0x9A, 0x22, 0x91, 0x2B,
    0x1F, 0x6C, 0xC1, 0x7C, 0x83, 0x11, 0xA3, 0x2D, 0x92, 0x23, 0x48, 0x9C, 0xD4, 0xCC, 0xF0, 0xE1,
    0x79, 0x99, 0xF9, 0x2B, 0x4F, 0x65, 0x06, 0x1C, 0x56, 0x92, 0xB4, 0xE8, 0xC9, 0x0B, 0x64, 0x43,
    0xEE, 0xC7, 0xFC, 0xD7, 0x39, 0x0F, 0xD2, 0x82, 0x91, 0x2F, 0x01, 0xB2, 0x33, 0x63, 0x0C, 0x74,
    0xD4, 0x50, 0x47, 0xAC, 0x71, 0x70, 0xC1, 0x92, 0x4A, 0xB0, 0x1F, 0x71, 0x22, 0x77, 0xFB, 0x97,
    0x90, 0x48, 0xA3, 0xA7, 0x6B, 0xDA, 0x9F, 0x39, 0xF2, 0xE0, 0xC2, 0xE9, 0x16, 0x0D, 0xB3, 0x6F,
    0xB2, 0x97, 0xE8, 0x32, 0x20, 0xB8, 0xB0, 0x4F, 0xE6, 0x2D, 0x52, 0xC2, 0xA9, 0x5C, 0x7B, 0xA5,
    0x04, 0x84, 0xAC, 0x21, 0x7A, 0x05, 0xDA, 0xD5, 0x0E, 0xD3, 0xFC, 0x18, 0x4B, 0xF5, 0x0A, 0xD8,
    0xB0, 0x06, 0x68, 0x85, 0x2F, 0x62, 0xA9, 0xBF, 0x40, 0xD7, 0x3D, 0xAE, 0x1B, 0xF2, 0x9F, 0xC0,
    0x94, 0x83, 0x37, 0x00, 0xAD, 0xE6, 0xEF, 0xA6, 0xE4, 0x6F, 0x39, 0x0E, 0x0D, 0x74, 0x76, 0xA1,
    0xC9, 0x08, 0xF8, 0x3D, 0x32, 0xFD, 0x15, 0x3E, 0xBF, 0x04, 0xCD, 0x5B, 0x41, 0x6C, 0xDC, 0x66,
    0x76, 0x7E, 0x24, 0x2D, 0x31, 0x31, 0x6D, 0x51, 0x40, 0xED, 0x45, 0x36, 0x96, 0x4D, 0x1F, 0x7C,
    0x08, 0x02, 0xDB, 0xF4, 0xC1, 0x40, 0x05, 0x54, 0x12, 0x99, 0x2C, 0xD0, 0x45, 0xB1, 0x28, 0xAA,
    0xA2, 0x1A, 0x07, 0xBB, 0x39, 0xD8, 0x87, 0xED, 0x61, 0xBD, 0x45, 0xAD, 0x83, 0x0F, 0x3E, 0x28,
    0x22, 0x03, 0x1F, 0x72, 0x28, 0xD0, 0xAA, 0x87, 0x9C, 0x7A, 0x88, 0x51, 0x24, 0x45, 0x76, 0x72,
    0xB0, 0x0A, 0xE4, 0xA0, 0x16, 0x92, 0x86, 0x8E, 0x0F, 0x01, 0xDA, 0x43, 0x99, 0x5D, 0x2C, 0x72,
    0x08, 0x16, 0x61, 0xDA, 0x04, 0xDB, 0xDA, 0xBB, 0x0D, 0x03, 0x8C, 0x61, 0x4A, 0x9D, 0x19, 0xF6,
    0xFB, 0x1E, 0x49, 0xCD, 0xC8, 0x76, 0x12, 0x3B, 0x71, 0x12, 0x8D, 0xAC, 0xDF, 0xD4, 0x4F, 0xF2,
    0xFF, 0xDF, 0x7B, 0xFF, 0xFB, 0xDF, 0xFB, 0xDE, 0xFB, 0xDF, 0x88, 0x5C, 0x6C, 0x87, 0x22, 0x12,
    0x94, 0x19, 0xDA, 0xB1, 0xD6, 0xBC, 0xDC, 0xFB, 0x39, 0xAE, 0xED, 0x69, 0x6D, 0xDD, 0x84, 0xAD,
    0xDD, 0x65, 0x6B, 0x95, 0xDA, 0xF5, 0xA1, 0x76, 0xFD, 0x73, 0xC1, 0x76, 0x3A, 0x60, 0x3B, 0xE5,
    0x70, 0x28, 0x57, 0x7A, 0x7C, 0x28, 0x0C, 0x30, 0xBA, 0x99, 0xD8, 0x39, 0xFE, 0xC8, 0xB4, 0xAB,
    0x53, 0x96, 0x31, 0xE7, 0x2B, 0xD1, 0x75, 0x54, 0x64, 0x43, 0xC4, 0x11, 0xF1, 0x12, 0xB1, 0x62,
    0xB1, 0xBA, 0x62, 0xA4, 0x22, 0x91, 0x48, 0xAE, 0x73, 0x5D, 0xC6, 0xAB, 0x85, 0x2C, 0xF3, 0xA5,
    0xB0, 0x2C, 0x30, 0x63, 0x7F, 0x7F, 0xFB, 0x9A, 0x51, 0x96, 0xF7, 0xD2, 0x79, 0x58, 0xE4, 0xD2,
    0x40, 0x7C, 0xAB, 0x6B, 0x67, 0x6E, 0xFC, 0x0C, 0x67, 0xC1, 0xCB, 0xE3, 0x3D, 0x71, 0x3E, 0x4D,
    0x9C, 0xB4, 0x67, 0x65, 0x6E, 0xB2, 0x24, 0x3D, 0x27, 0x71, 0x93, 0x4D, 0xB3, 0x67, 0x0F, 0x6E,
    0xDF, 0xF2, 0x8A, 0x20, 0xD9, 0x27, 0x20, 0x2C, 0xC6, 0x8F, 0xC8, 0x49, 0x21, 0xC1, 0xF6, 0x2D,
    0xD2, 0x28, 0x1D, 0x65, 0xCE, 0x18, 0x1D, 0xFF, 0x09, 0x6D, 0x9D, 0x58, 0xB9, 0xD6, 0x87, 0x8C,
    0xBE, 0x76, 0x95, 0xCA, 0xFB, 0x1F, 0x6A, 0xD7, 0x49, 0x92, 0x29, 0x13, 0x2A, 0x21, 0xDB, 0xA4,
    0x38, 0xAC, 0x44, 0xC5, 0x91, 0xBA, 0x60, 0x49, 0x56, 0x0D, 0xF2, 0x3E, 0x2D, 0xEC, 0xF2, 0x4B,
    0x0A, 0xDB, 0x2D, 0x4B, 0x74, 0xD9, 0xA1, 0xF8, 0x21, 0x04, 0x24, 0x94, 0x10, 0x7A, 0x31, 0xF0,
    0x65, 0x15, 0xC7, 0x8C, 0xCE, 0x05, 0x01, 0xC9, 0xA6, 0x78, 0x98, 0xDA, 0x4F, 0x83, 0x01, 0x66,
    0x2C, 0xB9, 0x58, 0x66, 0x6C, 0xC9, 0x94, 0x2C, 0x4A, 0x7E, 0x4C, 0x1C, 0xD0, 0xE0, 0x83, 0xE4,
    0x43, 0x5F, 0x53, 0x12, 0x2A, 0x08, 0x91, 0x35, 0x6D, 0x95, 0x6E, 0xF1, 0x52, 0x5D, 0xF2, 0x9E,
    0xB2, 0x1D, 0xB1, 0x35, 0xDF, 0xA5, 0xA0, 0x24, 0xD3, 0xAE, 0x45, 0x9F, 0xAF, 0xCC, 0xA8, 0x40,
    0x0E, 0x92, 0x6E, 0xAC, 0x23, 0xE8, 0xC6, 0x3A, 0xB2, 0xCB, 0x2C, 0xCB, 0x01, 0x25, 0x54, 0x52,
    0x46, 0x97, 0xC5, 0xEC, 0x52, 0xCC, 0x5C, 0xD9, 0x09, 0x0C, 0x99, 0x92, 0x6D, 0x08, 0xC4, 0x4A,
    0x38, 0x17, 0x97, 0xDC, 0xC9, 0x0C, 0x88, 0xCC, 0xEC, 0x5B, 0x90, 0x8C, 0x5B, 0xEA, 0x12, 0xEC,
    0x57, 0x22, 0x6C, 0x6D, 0x2D, 0xA5, 0xCE, 0x54, 0x71, 0x8B, 0x8A, 0x9B, 0xF2, 0x21, 0x75, 0xCF,
    0x87, 0xAA, 0x8A, 0x7A, 0xFF, 0x74, 0x48, 0xFE, 0x8F, 0x94, 0xB1, 0x99, 0x07, 0xA1, 0x17, 0xCF,
    0x89, 0x0A, 0x80, 0xD4, 0x5C, 0x82, 0x90, 0x3A, 0x02, 0x09, 0x48, 0x61, 0xE5, 0x36, 0xD8, 0xF7,
    0x31, 0x2F, 0x44, 0x60, 0x94, 0xFF, 0xBA, 0xFD, 0x72, 0x79, 0xB5, 0x27, 0x93, 0x24, 0xE2, 0xA0,
    0xEA, 0x28, 0xD5, 0x11, 0x0B, 0xA5, 0x64, 0xD9, 0x37, 0x12, 0x15, 0xC0, 0x11, 0x8E, 0xFF, 0x2C,
    0x1B, 0x72, 0x28, 0x6E, 0xBC, 0x43, 0x53, 0xB8, 0xA3, 0x25, 0x17, 0xDF, 0xC8, 0xB1, 0x1A, 0x58,
    0x53, 0x7F, 0xC5, 0xE8, 0x50, 0x84, 0xB6, 0xAE, 0x7F, 0xD7, 0x47, 0x73, 0x94, 0x6F, 0x98, 0x7F,
    0xC3, 0x77, 0xFF, 0x40, 0xC9, 0x57, 0x09, 0xAA, 0xC6, 0xE8, 0x80, 0xBA, 0x3D, 0x54, 0x43, 0x2A,
    0xD9, 0xAB, 0xCA, 0x98, 0xD5, 0xDF, 0x98, 0x61, 0xBF, 0x93, 0x73, 0x2B, 0x61, 0xC3, 0x99, 0xA9,
    0x53, 0x50, 0x02, 0xD1, 0x27, 0xE7, 0x7A, 0x62, 0x74, 0xCA, 0xAD, 0x6A, 0xCD, 0xB5, 0x09, 0x62,
    0x2A, 0x0A, 0x66, 0xB2, 0xE3, 0x9A, 0x38, 0x7E, 0xC6, 0x57, 0xB0, 0xD7, 0xE2, 0x2B, 0x6E, 0xBE,
    0x24, 0xC5, 0x2C, 0xA6, 0x03, 0x7F, 0x89, 0x98, 0xB9, 0x92, 0x00, 0xCD, 0xE3, 0xCC, 0x58, 0x3B,
    0x3F, 0xB3, 0xB1, 0x62, 0xE2, 0x0D, 0x2A, 0x4D, 0xC2, 0x4B, 0x20, 0x8A, 0x6B, 0x6A, 0xDD, 0xE6,
    0x92, 0xA6, 0x90, 0xB6, 0x11, 0x1A, 0xE1, 0x9E, 0xE0, 0x75, 0x0C, 0xEF, 0x60, 0xFA, 0xBE, 0x58,
    0x1F, 0x24, 0x56, 0x7A, 0xC5, 0x48, 0xEC, 0xAF, 0xC5, 0xAB, 0x11, 0xEF, 0xCC, 0xAF, 0x16, 0x4D,
    0xD5, 0xDA, 0xD8, 0x23, 0xEB, 0xFA, 0x24, 0xDE, 0xC9, 0xC4, 0xC2, 0x1B, 0x03, 0x65, 0xBC, 0xFE,
    0x3C, 0x1D, 0x4A, 0x39, 0x30, 0xB2, 0xE0, 0x46, 0x6E, 0x65, 0xD8, 0x2C, 0x4B, 0xA0, 0x5A, 0x79,
    0xA5, 0xAE, 0x6F, 0x54, 0xD6, 0x14, 0xDD, 0x9D, 0x78, 0xCA, 0x01, 0xDD, 0x11, 0x46, 0x9E, 0x27,
    0x9F, 0x26, 0xA6, 0x9C, 0xB5, 0xB9, 0x9E, 0x6A, 0xB8, 0x82, 0x64, 0x0F, 0x31, 0x2A, 0xFB, 0x8C,
    0xD4, 0x91, 0x53, 0x4E, 0x48, 0x85, 0xEB, 0xA4, 0xE4, 0xFA, 0x6B, 0x2C, 0xAA, 0x19, 0x8E, 0x93,
    0xA8, 0xE4, 0x6D, 0xB6, 0x6A, 0x1C, 0x1C, 0x75, 0x50, 0x63, 0x0D, 0xB7, 0xC6, 0x4F, 0x5A, 0x21,
    0x4D, 0x05, 0x7D, 0x91, 0x75, 0xE7, 0x1C, 0x8C, 0x3E, 0xEC, 0xA4, 0x57, 0x90, 0x78, 0xA7, 0xCB,
    0x91, 0x9D, 0x9C, 0xB2, 0x74, 0x33, 0xDA, 0x73, 0x4F, 0xE5, 0x10, 0x84, 0x64, 0xA7, 0xCF, 0x6E,
    0xAB, 0xCB, 0x6E, 0x37, 0xBD, 0xB7, 0x3B, 0x1F, 0x3E, 0xBD, 0x51, 0x99, 0x1E, 0x76, 0x07, 0x1C,
    0x1B, 0x64, 0xC2, 0xD2, 0x75, 0xC4, 0x18, 0xBC, 0x55, 0xA6, 0x12, 0x95, 0xE5, 0xEB, 0x95, 0x73,
    0x05, 0xEF, 0xE3, 0x7D, 0xBE, 0xD6, 0xB1, 0x68, 0x7A, 0x6E, 0xD0, 0x74, 0xE6, 0x57, 0x70, 0x67,
    0xFD, 0x24, 0x75, 0xF1, 0x49, 0x51, 0x76, 0x45, 0x19, 0x36, 0x5E, 0x5F, 0x17, 0xAE, 0x10, 0xE6,
    0x88, 0xB1, 0x78, 0x6E, 0x88, 0xD1, 0xF1, 0xEA, 0xBA, 0xE0, 0x55, 0x9F, 0x26, 0x16, 0x4F, 0x6E,
    0xF0, 0x49, 0x88, 0x65, 0x1D, 0xD6, 0x8E, 0x9D, 0x3D, 0x76, 0x46, 0x21, 0x3A, 0xB1, 0x67, 0x20,
    0xA7, 0xF2, 0x36, 0x2C, 0xAC, 0x53, 0xBE, 0xF2, 0x71, 0xAD, 0x4E, 0x87, 0xDF, 0x68, 0x09, 0xD7,
    0x81, 0x0B, 0x11, 0xB4, 0x7E, 0x0E, 0xF7, 0x82, 0x65, 0x29, 0xD5, 0x84, 0x77, 0x62, 0xA5, 0x4B,
    0x17, 0x74, 0x40, 0x76, 0x8C, 0xDE, 0x7D, 0xCC, 0x5F, 0xA7, 0x43, 0xDA, 0x7C, 0x61, 0x6B, 0x61,
    0x77, 0xF7, 0xF0, 0x69, 0x27, 0x75, 0xD5, 0xC8, 0x07, 0x6A, 0x88, 0x7B, 0x94, 0x17, 0xFE, 0x3F,
    0x92, 0x8B, 0x77, 0xAB, 0xD3, 0xC7, 0xDA, 0x94, 0xDB, 0x61, 0x83, 0x32, 0x8C, 0x4E, 0x48, 0xB9,
    0x8B, 0x2A, 0xB3, 0x32, 0xFC, 0x6C, 0xE7, 0xBF, 0xA1, 0xAB, 0x90, 0xD7, 0x4E, 0xCF, 0xCF, 0x7C,
    0x02, 0x88, 0x1C, 0x9A, 0x57, 0x2A, 0xFF, 0x18, 0xCB, 0x97, 0x39, 0xDC, 0x52, 0x6E, 0x37, 0x76,
    0x5D, 0xF0, 0x16, 0x39, 0xC7, 0xEE, 0x09, 0x42, 0x77, 0xD0, 0x81, 0x5F, 0x1C, 0x78, 0x2B, 0x15,
    0xDB, 0x4F, 0xB7, 0x57, 0x38, 0x10, 0x48, 0x6B, 0xB5, 0x46, 0x3C, 0xFD, 0xB9, 0x57, 0x5B, 0x2F,
    0x8E, 0x43, 0x29, 0xFA, 0xD2, 0x6F, 0xB5, 0xBA, 0x18, 0xDC, 0xA4, 0x02, 0xA8, 0x23, 0x77, 0x48,
    0xFC, 0x01, 0x74, 0x2D, 0x42, 0xE6, 0xF0, 0x44, 0x01, 0xFD, 0xC4, 0xA0, 0xBD, 0x4E, 0x02, 0xF3,
    0x91, 0xAE, 0x1E, 0xFC, 0x1C, 0x9E, 0xBA, 0x50, 0x61, 0xA5, 0x80, 0xCE, 0x1A, 0x2F, 0x1E, 0xA4,
    0x2C, 0xA8, 0x1E, 0x76, 0x12, 0xB5, 0xDB, 0x1D, 0x0F, 0x73, 0xA8, 0x42, 0x5E, 0xD3, 0x69, 0xCD,
    0xF6, 0x9B, 0x44, 0x35, 0x87, 0x5B, 0xC3, 0xCD, 0x88, 0xC5, 0xC6, 0x32, 0xA5, 0x6E, 0xBC, 0x0E,
    0x6F, 0x7D, 0x33, 0x35, 0x3F, 0xDB, 0x7E, 0xAB, 0xBF, 0xD9, 0x6E, 0x5F, 0xAA, 0xB4, 0xBF, 0xAB,
    0x7B, 0x0F, 0x9B, 0xCC, 0x18, 0xC8, 0x09, 0xBF, 0xEC, 0x1A, 0x70, 0x99, 0xDC, 0xC9, 0x87, 0x28,
    0xC7, 0x55, 0xFA, 0xC9, 0x6D, 0x98, 0x01, 0x43, 0x31, 0xDD, 0xC2, 0x8E, 0xC6, 0xB7, 0xFE, 0x8A,
    0x0A, 0xDF, 0xB5, 0xEE, 0xB4, 0x5E, 0xE0, 0xAA, 0x38, 0x71, 0x50, 0xC3, 0xB4, 0x93, 0xA4, 0xEE,
    0x8C, 0x9B, 0x18, 0xA3, 0x3C, 0x6C, 0xB7, 0x73, 0x62, 0x94, 0xDD, 0x6C, 0xAD, 0x82, 0x2D, 0x18,
    0xCC, 0xA0, 0x36, 0x01, 0xFB, 0xF9, 0xE2, 0xD9, 0x46, 0x44, 0x9E, 0x31, 0x68, 0xB7, 0x7B, 0xD0,
    0x6D, 0x9D, 0xD7, 0xDC, 0x71, 0x41, 0x84, 0x2B, 0x8B, 0x46, 0xE2, 0x1A, 0x99, 0x09, 0x51, 0x11,
    0xAD, 0xCC, 0x37, 0x56, 0x0C, 0x3A, 0x50, 0x38, 0xC9, 0xBA, 0xF4, 0x66, 0xC5, 0xF7, 0xDA, 0x9D,
    0x0F, 0x6E, 0xB5, 0xFF, 0x09, 0x23, 0xAE, 0x57, 0x3B, 0xBB, 0x82, 0x43, 0x5E, 0x66, 0x3E, 0x0F,
    0x2D, 0xF3, 0xA0, 0x68, 0x34, 0xD7, 0x27, 0xE8, 0x94, 0x08, 0x10, 0xBC, 0xAC, 0x36, 0x2E, 0x32,
    0xF9, 0x1D, 0x73, 0x38, 0x34, 0xD2, 0xFD, 0x51, 0x23, 0xFD, 0x33, 0x80, 0xA0, 0xAE, 0x95, 0xF9,
    0xD0, 0xC0, 0xBC, 0x2B, 0xEB, 0xCB, 0xED, 0xF2, 0x52, 0xBB, 0xFD, 0x0F, 0x95, 0xED, 0xA2, 0x91,
    0x56, 0xBC, 0x2B, 0x51, 0xFC, 0xA4, 0x03, 0x7D, 0x8B, 0xFA, 0x8D, 0x54, 0xBE, 0x75, 0x25, 0x9C,
    0xA2, 0x12, 0xA6, 0x52, 0x01, 0x1F, 0x39, 0xDB, 0x00, 0x2D, 0x97, 0x7F, 0xCD, 0xD1, 0x8E, 0x46,
    0xDC, 0x93, 0x2F, 0xE9, 0x7A, 0xF9, 0x65, 0x08, 0x95, 0x24, 0x47, 0x58, 0x30, 0xFB, 0xD6, 0xF5,
    0x2E, 0x74, 0xF2, 0x47, 0x89, 0xAE, 0x18, 0x36, 0x1E, 0x95, 0x92, 0x3C, 0x61, 0xC9, 0x42, 0xEC,
    0x52, 0x83, 0x00, 0xF7, 0x2F, 0x20, 0xA4, 0x55, 0x4C, 0x22, 0x8A, 0xF6, 0x80, 0x6D, 0x1D, 0x2C,
    0xD9, 0xFA, 0x94, 0x86, 0x0F, 0x80, 0x55, 0x27, 0xA8, 0xB1, 0xB3, 0xC4, 0xD6, 0x74, 0x53, 0x12,
    0x25, 0xDF, 0xBD, 0xC6, 0xEE, 0xAB, 0x7C, 0xD1, 0x2C, 0x7C, 0xD1, 0x07, 0xF0, 0x45, 0xC9, 0x88,
    0x2F, 0xFA, 0x4A, 0x1A, 0x6B, 0xAE, 0xA8, 0x1B, 0xA4, 0x84, 0xAD, 0xFF, 0x63, 0x3B, 0x6B, 0xB2,
    0x1D, 0x81, 0x53, 0xC6, 0xC5, 0x37, 0xB2, 0x3A, 0x30, 0x82, 0xEF, 0x2D, 0xD5, 0x8D, 0xAF, 0x2B,
    0xC9, 0xB9, 0xDA, 0xFD, 0x84, 0x01, 0x80, 0x15, 0xAE, 0x93, 0xB8, 0x2A, 0x00, 0xA9, 0x02, 0x31,
    0xF5, 0xBF, 0x86, 0x1A, 0x12, 0x75, 0xC0, 0xF4, 0xC5, 0x46, 0x39, 0xE0, 0x8B, 0x97, 0x12, 0xA2,
    0xB7, 0x65, 0xBA, 0x60, 0xA3, 0xE0, 0x9A, 0xD8, 0x19, 0x4D, 0xAB, 0x17, 0xC3, 0x0D, 0xE0, 0x3D,
    0x38, 0x39, 0x78, 0x6B, 0x7B, 0xD0, 0xEA, 0xE4, 0xB4, 0xFE, 0x45, 0x83, 0x04, 0xC6, 0x6A, 0x13,
    0xCC, 0xD5, 0xB1, 0x7E, 0x0B, 0xFB, 0x92, 0x01, 0xF9, 0x65, 0x43, 0x34, 0x29, 0xF2, 0xBD, 0xF9,
    0x1F, 0xCB, 0x32, 0x2C, 0xE7, 0xBA, 0x75, 0x37, 0x9F, 0x83, 0xE9, 0xF5, 0x43, 0x37, 0x71, 0x12,
    0x2B, 0x37, 0xE9, 0x36, 0x97, 0xD5, 0xD9, 0x79, 0xA1, 0xF4, 0xCF, 0x87, 0xE2, 0xC2, 0x17, 0x1F,
    0x23, 0xAD, 0x61, 0xBD, 0x63, 0xCB, 0xC1, 0x8A, 0x40, 0xE9, 0x62, 0xD8, 0xBA, 0x02, 0xCA, 0xD0,
    0xC1, 0xAF, 0xF3, 0x0E, 0xE6, 0xCF, 0xC1, 0xD8, 0x1A, 0x00, 0xC6, 0x9A, 0x31, 0x38, 0xD7, 0x95,
    0xF1, 0x4D, 0xCA, 0x2B, 0x26, 0x39, 0x56, 0x4C, 0x48, 0xEE, 0xDC, 0x26, 0x6F, 0xAE, 0x46, 0x3E,
    0x63, 0xC3, 0xB8, 0x6C, 0xCF, 0x08, 0xCD, 0xC0, 0x8F, 0x50, 0xC7, 0xCE, 0x62, 0x17, 0x39, 0x21,
    0x94, 0x9D, 0xB7, 0x3C, 0xC2, 0x82, 0xF9, 0x6F, 0x57, 0x68, 0x0A, 0x65, 0xC5, 0x4F, 0x76, 0xB0,
    0x6C, 0x85, 0xC8, 0x46, 0x82, 0x94, 0xBD, 0xA3, 0x69, 0xE3, 0xF5, 0x50, 0x26, 0xDF, 0x66, 0x74,
    0x69, 0x8C, 0x46, 0xF4, 0x3F, 0x7E, 0xEE, 0xA7, 0xC6, 0x76, 0x59, 0x9A, 0xB9, 0xFB, 0x61, 0x52,
    0x48, 0x01, 0x7B, 0x19, 0xC0, 0x9B, 0x43, 0x68, 0xA9, 0x95, 0x83, 0x0C, 0x78, 0x74, 0x18, 0x24,
    0xEB, 0x0E, 0x8C, 0x52, 0x80, 0x11, 0x89, 0x97, 0x66, 0x6B, 0xD4, 0x69, 0x11, 0x51, 0x44, 0x08,
    0x3E, 0x81, 0x2D, 0x32, 0x17, 0x00, 0x08, 0x76, 0xCC, 0x87, 0xCF, 0xB4, 0xDF, 0xA1, 0x21, 0x05,
    0x54, 0xC8, 0xEC, 0xAD, 0x17, 0x53, 0x79, 0x5A, 0x71, 0x87, 0xA1, 0xBC, 0x1C, 0xD5, 0x29, 0x37,
    0x64, 0x07, 0xB2, 0x56, 0x3B, 0x76, 0x8F, 0x09, 0x4C, 0x40, 0x94, 0x99, 0x11, 0x41, 0xE3, 0xBA,
    0xA8, 0xF1, 0xBB, 0x8E, 0x3D, 0xF9, 0xED, 0x6A, 0x99, 0x06, 0x87, 0xE2, 0x6A, 0x90, 0x3E, 0xA7,
    0x52, 0xEB, 0xAA, 0xAF, 0x18, 0x1A, 0xB4, 0xC3, 0x2D, 0xE2, 0xAA, 0x4B, 0x03, 0x5A, 0x4B, 0x85,
    0xD1, 0xA9, 0xB6, 0xC9, 0x23, 0xB4, 0x25, 0x33, 0x07, 0xB0, 0xFB, 0xAD, 0xF3, 0xC9, 0xA3, 0xBE,
    0x6B, 0xAB, 0x07, 0x8A, 0xCA, 0xD0, 0x60, 0x0A, 0x82, 0x38, 0x3B, 0x60, 0xBA, 0xE5, 0xD3, 0x10,
    0x71, 0xEC, 0x29, 0x4A, 0xAB, 0xDE, 0x95, 0x17, 0x98, 0xA5, 0xA8, 0xEF, 0xEA, 0x7A, 0x11, 0x81,
    0x43, 0x6C, 0xF7, 0x5D, 0x18, 0x3F, 0x15, 0xEB, 0x23, 0xF8, 0xD7, 0xB9, 0x0E, 0x80, 0x71, 0x61,
    0x52, 0xF9, 0x20, 0xD6, 0x0C, 0x1A, 0x38, 0x27, 0x76, 0xFA, 0x05, 0x17, 0x58, 0x9D, 0x4D, 0xBB,
    0xCC, 0x3B, 0x83, 0xCF, 0x11, 0x48, 0xDD, 0xFE, 0x7C, 0xBB, 0xDD, 0xBE, 0xBE, 0xD5, 0x21, 0xCB,
    0xE5, 0xFD, 0x77, 0xEB, 0x96, 0x37, 0x53, 0x15, 0x48, 0xFA, 0xB9, 0xCF, 0x7C, 0x4E, 0xBB, 0x4B,
    0x20, 0x4F, 0xD1, 0x42, 0x50, 0x6B, 0x34, 0x2C, 0x52, 0x35, 0xA5, 0x32, 0xBD, 0xB5, 0x7D, 0x8D,
    0x20, 0x22, 0xA9, 0xF8, 0xD6, 0x2E, 0x2B, 0xFB, 0x1E, 0x34, 0xE5, 0x15, 0xF4, 0x91, 0x71, 0x84,
    0x00, 0x1D, 0x6A, 0xFF, 0xBA, 0xB8, 0xB1, 0xD1, 0x55, 0xF6, 0xF0, 0x94, 0x17, 0x2A, 0xB3, 0x0F,
    0xE8, 0xF2, 0x12, 0xB3, 0x50, 0xDE, 0xC7, 0xE3, 0xE3, 0xD1, 0x2F, 0xDF, 0xF9, 0x74, 0x70, 0xD0,
    0xCD, 0x27, 0xB9, 0xE9, 0xA5, 0xB5, 0x30, 0x5E, 0x7E, 0x0C, 0x8D, 0xAC, 0xA2, 0x97, 0x40, 0x1E,
    0xFE, 0x32, 0x82, 0x4F, 0x85, 0xF6, 0x9B, 0xDD, 0x03, 0xC1, 0x7B, 0xEF, 0x5E, 0xBA, 0x72, 0xAD,
    0xFC, 0xD3, 0x6A, 0xCB, 0x61, 0x51, 0x11, 0x5A, 0xF9, 0x0C, 0xB1, 0x18, 0xFD, 0x3C, 0xA0, 0x09,
    0xC2, 0xA0, 0x0C, 0x2F, 0xB6, 0xA3, 0xF2, 0x93, 0x2A, 0x73, 0x38, 0xD6, 0xFA, 0xE3, 0xF2, 0x63,
    0x55, 0x98, 0x9E, 0xEE, 0x8B, 0x2F, 0xBB, 0x88, 0x9E, 0x2B, 0xFB, 0x17, 0xDB, 0x97, 0xCA, 0xCF,
    0x5A, 0x0B, 0x8D, 0x61, 0xC0, 0x3E, 0xF6, 0x79, 0xCB, 0x87, 0x32, 0x98, 0x94, 0xCB, 0xC8, 0x05,
    0xC2, 0xA0, 0x32, 0x3C, 0x2E, 0xC7, 0x57, 0xAD, 0x97, 0xB7, 0xD7, 0x4D, 0xD0, 0xBC, 0xF0, 0x18,
    0x18, 0x0F, 0xE5, 0x4F, 0xE4, 0xC0, 0xAA, 0x79, 0x33, 0xBE, 0xE2, 0x97, 0x82, 0x31, 0xE7, 0x1F,
    0x9A, 0xF1, 0xC3, 0xAD, 0x23, 0xE5, 0xCA, 0xC3, 0xB0, 0x59, 0x5D, 0x18, 0x7D, 0xBB, 0xEC, 0xDA,
    0xB0, 0x6A, 0xC0, 0x81, 0x19, 0x00, 0xD4, 0x8C, 0xB8, 0x2F, 0xBF, 0x5C, 0x26, 0x47, 0x42, 0x63,
    0xC5, 0xE8, 0x33, 0x2C, 0x4C, 0x47, 0x3C, 0x0A, 0xC0, 0x52, 0x07, 0x20, 0xC9, 0xBA, 0x47, 0x02,
    0xF5, 0x45, 0x10, 0x02, 0xC6, 0x26, 0x08, 0x73, 0x16, 0x65, 0x1A, 0x76, 0xD6, 0x09, 0xCD, 0x6C,
    0x31, 0xCA, 0xC7, 0x33, 0xC1, 0x50, 0x90, 0x2A, 0x0C, 0x14, 0x87, 0x32, 0x5A, 0x7F, 0xDE, 0xD9,
    0x7A, 0xE8, 0xB5, 0x08, 0xC4, 0x4B, 0xA1, 0xCC, 0x32, 0x39, 0xDE, 0xC3, 0xFE, 0x75, 0xEF, 0x13,
    0xBE, 0x5E, 0xF4, 0x2D, 0x66, 0x11, 0xB1, 0xF9, 0x5D, 0xA8, 0xF2, 0x00, 0xE1, 0x7D, 0xF8, 0x76,
    0xB3, 0xF3, 0x0D, 0xAC, 0xA1, 0x0D, 0xC0, 0x47, 0xE7, 0x48, 0xC4, 0x46, 0x0B, 0xBE, 0x5C, 0x19,
    0xEB, 0xE6, 0xCF, 0xA8, 0x72, 0x9D, 0xB4, 0xAE, 0x4C, 0x6F, 0x8C, 0xFE, 0x59, 0x3F, 0xDC, 0x65,
    0x20, 0x66, 0xC7, 0x33, 0x12, 0xBC, 0x9F, 0x2A, 0x74, 0xD5, 0x04, 0xEC, 0x02, 0x9C, 0x2F, 0xA0,
    0xD3, 0x56, 0xF7, 0x98, 0x75, 0x33, 0x9E, 0xA8, 0xE4, 0x73, 0x08, 0xD2, 0x71, 0x0A, 0xBE, 0x58,
    0x30, 0x39, 0xF7, 0x65, 0x8D, 0x47, 0xA3, 0xB3, 0x06, 0xEB, 0x0C, 0x6B, 0x0A, 0xB3, 0x31, 0xD6,
    0x0A, 0x61, 0x36, 0xEC, 0x2A, 0x22, 0x5F, 0xA3, 0x3A, 0xC0, 0xFE, 0xA3, 0x05, 0x8A, 0x46, 0x7B,
    0x4A, 0xA3, 0xEA, 0xB7, 0xD9, 0xD2, 0x2D, 0x58, 0xB9, 0x4D, 0x83, 0x9E, 0xD3, 0xA1, 0x59, 0x77,
    0x96, 0x34, 0x33, 0xAA, 0x49, 0xBC, 0x3B, 0x1D, 0xED, 0xF7, 0xF5, 0x19, 0xC5, 0x77, 0x8C, 0x8A,
    0xF9, 0x6E, 0xA9, 0x6D, 0xA0, 0xA9, 0x23, 0xF8, 0x1F, 0xB4, 0x96, 0x2A, 0x1D, 0xB6, 0x3B, 0xCD,
    0x46, 0x67, 0x05, 0x92, 0x66, 0x12, 0x69, 0xD7, 0x47, 0x53, 0x3E, 0xE2, 0x57, 0xF9, 0x61, 0x05,
    0xC7, 0x96, 0x5E, 0x5B, 0xDA, 0xEF, 0xA9, 0x72, 0x3C, 0xF5, 0x48, 0x26, 0x56, 0x2F, 0x9C, 0x01,
    0x2E, 0x26, 0x70, 0x01, 0xBC, 0x39, 0x07, 0xCD, 0xB3, 0xB2, 0x69, 0xA6, 0x18, 0xC8, 0x05, 0x48,
    0x99, 0x83, 0xDA, 0x59, 0x59, 0x44, 0x7B, 0xDC, 0xE3, 0xC3, 0x39, 0x3D, 0x5C, 0x8C, 0x35, 0x19,
    0xC0, 0xCC, 0x44, 0xFD, 0x91, 0xC8, 0xB9, 0x71, 0x8E, 0x9A, 0xA5, 0x57, 0x9A, 0x98, 0x2C, 0xF6,
    0xE8, 0xD8, 0x9B, 0x70, 0xF1, 0x52, 0xE2, 0xF5, 0xA9, 0x3C, 0xDC, 0x62, 0xAB, 0x4C, 0x16, 0x84,
    0x58, 0x4E, 0xC8, 0xD1, 0xFF, 0x21, 0x9E, 0xE8, 0x0C, 0x98, 0x6C, 0xE8, 0x73, 0x85, 0x99, 0x59,
    0xE2, 0x30, 0xEB, 0x98, 0xD3, 0xCC, 0xD1, 0xB8, 0xA9, 0xD9, 0x03, 0x39, 0x01, 0xB8, 0x7A, 0x3A,
    0xD6, 0xC4, 0x88, 0xD0, 0xEC, 0x69, 0x76, 0x7B, 0x08, 0xB4, 0x0C, 0x5A, 0x19, 0xEC, 0xB9, 0xFA,
    0xBC, 0xA0, 0x89, 0xC2, 0xAA, 0xB4, 0xD9, 0x57, 0xE8, 0x32, 0xD9, 0x35, 0xC5, 0xAE, 0xAC, 0x09,
    0x83, 0x66, 0x11, 0xBA, 0xBC, 0x95, 0x47, 0x55, 0x82, 0xBD, 0x0A, 0xDD, 0x34, 0x47, 0xAD, 0x1B,
    0x71, 0xA2, 0x26, 0xE5, 0x02, 0x78, 0xF4, 0x99, 0x2D, 0x81, 0x94, 0xE7, 0x1E, 0xBA, 0xB1, 0x73,
    0x48, 0xF4, 0xB0, 0xE6, 0x85, 0xB6, 0xBE, 0x26, 0xE1, 0xC3, 0xAE, 0xE3, 0xE8, 0x32, 0x18, 0x73,
    0x4D, 0xB0, 0x6B, 0x8D, 0x8A, 0x96, 0x7A, 0xB7, 0xDA, 0x1D, 0xC0, 0xB4, 0x4A, 0xBD, 0x56, 0x2B,
    0x0E, 0xEC, 0xAC, 0x09, 0x96, 0xA2, 0xB0, 0x86, 0x75, 0x9A, 0xF1, 0xF7, 0x6A, 0x08, 0x24, 0x17,
    0x1C, 0x6E, 0x7B, 0x2F, 0x06, 0xA9, 0x05, 0x88, 0x75, 0xBF, 0xF4, 0x22, 0x32, 0x6A, 0xFD, 0x05,
    0x84, 0x4C, 0xCD, 0x02, 0x9B, 0xC6, 0x81, 0x8E, 0x8E, 0x2B, 0x4C, 0x39, 0x0C, 0x16, 0x8D, 0x42,
    0x1D, 0x3A, 0xC8, 0x3A, 0x4D, 0x4A, 0x69, 0x70, 0x2D, 0x06, 0x8C, 0x07, 0xBE, 0x29, 0x16, 0x2F,
    0x1C, 0xF6, 0xF3, 0x4D, 0x3F, 0x5F, 0xB7, 0xB3, 0xC2, 0xCA, 0x72, 0x2B, 0xCB, 0xAC, 0x8C, 0x70,
    0xE2, 0xE1, 0xFF, 0x41, 0xE9, 0xA3, 0x52, 0x1E, 0x6D, 0x85, 0x2E, 0xA0, 0xCB, 0x56, 0x7F, 0x45,
    0x54, 0x10, 0xB1, 0x6B, 0xF2, 0x2B, 0x92, 0x0F, 0x83, 0x86, 0x15, 0x80, 0xD8, 0x40, 0x8A, 0xCB,
    0xAD, 0x2A, 0xF7, 0x5C, 0xAE, 0xB8, 0x7F, 0x97, 0xCD, 0x05, 0x49, 0x31, 0xB0, 0xB2, 0xF9, 0xDD,
    0x0F, 0x44, 0x40, 0x99, 0x89, 0xE6, 0xB9, 0x22, 0xEE, 0x1C, 0xAF, 0xC1, 0x20, 0xBA, 0x67, 0x75,
    0xE9, 0x47, 0xBA, 0xF6, 0xA3, 0xEB, 0x3F, 0x89, 0x5D, 0x68, 0x42, 0x22, 0x1E, 0xC7, 0xE8, 0xF9,
    0x21, 0xC1, 0xDC, 0x6B, 0x78, 0xEA, 0x78, 0xF3, 0xE2, 0x13, 0x7C, 0xF1, 0x1A, 0x5E, 0xB4, 0x43,
    0x74, 0xCD, 0xA0, 0x0B, 0x1B, 0x7A, 0xBB, 0x7D, 0xFD, 0x66, 0x59, 0x1D, 0x42, 0x69, 0x7C, 0xC0,
    0x68, 0xCC, 0x29, 0xEC, 0x01, 0x6C, 0xC6, 0x3D, 0x7A, 0x72, 0xD6, 0x5D, 0xB7, 0xFA, 0xD8, 0xDA,
    0x03, 0xA3, 0x8C, 0xEF, 0x66, 0xC7, 0x47, 0x6E, 0x2D, 0x57, 0x9A, 0xF3, 0x6C, 0xB8, 0x13, 0x19,
    0xE8, 0xC9, 0x0F, 0xB3, 0x18, 0x23, 0xF1, 0x8A, 0xD1, 0x22, 0x9E, 0x38, 0x8F, 0x99, 0xFC, 0x3E,
    0xCF, 0x4C, 0xEC, 0x90, 0x47, 0x46, 0x47, 0xE5, 0x8F, 0x7A, 0x7C, 0xF2, 0xBF, 0x0A, 0x31, 0x52,
    0xEB, 0x95, 0x2E, 0xBA, 0x27, 0x1C, 0x1E, 0xE8, 0x4D, 0xC3, 0xCC, 0x5E, 0xC6, 0x3E, 0xCE, 0xD0,
    0x1D, 0x7B, 0x29, 0xBA, 0xE1, 0x34, 0x8E, 0xF2, 0x68, 0x30, 0x41, 0xB7, 0x04, 0x2F, 0xA3, 0x5B,
    0xA2, 0x1F, 0xA2, 0x5B, 0x3A, 0xEC, 0x96, 0x92, 0xDD, 0x70, 0xF8, 0xE8, 0x36, 0x4A, 0x76, 0x23,
    0x64, 0x9A, 0x26, 0x6E, 0xA7, 0x13, 0xB2, 0xD2, 0x48, 0xA7, 0xDC, 0x21, 0x66, 0xA1, 0xC9, 0xBE,
    0x6F, 0x34, 0x66, 0xF9, 0x94, 0xD4, 0xF9, 0x9D, 0x9D, 0xCF, 0xFC, 0x78, 0x28, 0xFE, 0x55, 0x8C,
    0x58, 0x46, 0x65, 0x82, 0x31, 0x35, 0x3F, 0xBC, 0xCC, 0x3D, 0x50, 0xC0, 0x7F, 0x82, 0x75, 0x82,
    0x3C, 0x93, 0x06, 0xF6, 0x01, 0x5D, 0x6E, 0x6A, 0xD0, 0x02, 0x52, 0x01, 0xE7, 0x89, 0x6A, 0xE1,
    0x49, 0x81, 0x70, 0xB8, 0x3C, 0x97, 0x79, 0x20, 0x0A, 0xAE, 0x3A, 0x09, 0x99, 0x0D, 0x62, 0x32,
    0x8B, 0x4D, 0x0C, 0xF2, 0x3B, 0xEC, 0x8E, 0x4B, 0x76, 0xC3, 0x62, 0xA2, 0x1B, 0x36, 0x15, 0xDD,
    0x66, 0x8F, 0xDD, 0x56, 0x8F, 0xDD, 0x56, 0x41, 0x66, 0xED, 0x2E, 0x99, 0x75, 0x3E, 0x23, 0xB3,
    0xEE, 0x5D, 0x32, 0xEB, 0x2A, 0xB3, 0x5E, 0x97, 0x32, 0xF0, 0xD9, 0x0D, 0x4C, 0xE1, 0xE9, 0x41,
    0x46, 0x99, 0xD6, 0x2B, 0x31, 0xE2, 0x98, 0xE2, 0x61, 0xE8, 0xDB, 0x1F, 0x1E, 0x16, 0x56, 0x7E,
    0x69, 0x49, 0x1A, 0x0F, 0xF0, 0x98, 0xF8, 0x1F, 0x7E, 0x74, 0x93, 0x69, 0x42, 0x52, 0x83, 0xEF,
    0x63, 0x8D, 0x92, 0xE8, 0x99, 0xF1, 0x71, 0x8D, 0xE0, 0x38, 0xB1, 0x95, 0xAE, 0x49, 0x73, 0xFA,
    0xA2, 0xBA, 0x3C, 0x72, 0x20, 0xB1, 0x87, 0x94, 0x68, 0x92, 0x2E, 0x72, 0x95, 0x42, 0xCB, 0x79,
    0xEE, 0x77, 0x37, 0xAB, 0x0F, 0xFB, 0x35, 0x52, 0xFC, 0xAE, 0x95, 0x68, 0xC0, 0x6E, 0x2C, 0x2E,
    0xBA, 0xB1, 0x25, 0xD1, 0x6D, 0x55, 0x4A, 0x54, 0x50, 0x06, 0x76, 0x97, 0xCC, 0x3A, 0x39, 0x99,
    0x75, 0x3F, 0x22, 0xB3, 0xDE, 0xFB, 0x64, 0xD6, 0xFF, 0x3D, 0x99, 0x0D, 0x54, 0x89, 0x02, 0x55,
    0xA2, 0x48, 0x95, 0x68, 0x43, 0x95, 0x48, 0xD9, 0xD2, 0xB0, 0xBA, 0x96, 0xC1, 0x94, 0xEC, 0x98,
    0x3B, 0x4A, 0xC1, 0xE0, 0x10, 0xE2, 0xBE, 0x97, 0x6B, 0x9D, 0x84, 0x42, 0x9F, 0x15, 0xE5, 0xDF,
    0xC9, 0x80, 0x04, 0xEE, 0x96, 0x3D, 0xBB, 0x6F, 0xF4, 0xC9, 0x3C, 0x59, 0xFB, 0xA2, 0x5F, 0x08,
    0x70, 0x0E, 0x70, 0x7C, 0xAE, 0x46, 0x3C, 0xCD, 0xEF, 0x6C, 0xAD, 0x9C, 0x45, 0x15, 0xE0, 0x33,
    0x41, 0x3A, 0x86, 0x59, 0xDB, 0x6D, 0x6A, 0x90, 0x5A, 0xA0, 0xFB, 0xEB, 0x32, 0x2E, 0xD2, 0x15,
    0x46, 0xCC, 0x0E, 0xB8, 0x99, 0x39, 0x50, 0x78, 0xBA, 0xA9, 0x96, 0x7F, 0x53, 0xED, 0x79, 0x9F,
    0x26, 0xD1, 0xE8, 0xF9, 0x0A, 0xFB, 0xD8, 0xE1, 0xFC, 0x56, 0x0F, 0x56, 0xB4, 0x5A, 0x23, 0xD2,
    0x74, 0x4B, 0x9F, 0xDD, 0xF6, 0x5D, 0xD5, 0xDC, 0xFF, 0x60, 0xF7, 0xB2, 0x96, 0x6A, 0x74, 0x37,
    0xD5, 0x5F, 0xF4, 0x34, 0x45, 0x51, 0x28, 0x52, 0x2C, 0x98, 0xDC, 0x44, 0x0B, 0xF2, 0xCD, 0x41,
    0xAB, 0xA3, 0x35, 0x1C, 0x2B, 0x4D, 0xF2, 0xAB, 0xFD, 0x0B, 0x71, 0x41, 0xC6, 0xAE, 0xB3, 0x0B,
    0x74, 0xFF, 0x25, 0xA9, 0x0B, 0x9D, 0xD4, 0x8B, 0x97, 0xC4, 0xFF, 0x01, 0x34, 0x12, 0xE2, 0xDE,
    0xD8, 0x10, 0x63, 0x1B, 0x3A, 0x7C, 0x3B, 0x15, 0xEF, 0x7A, 0x28, 0x2F, 0x2D, 0xC3, 0x4E, 0x03,
    0x51, 0xDD, 0x28, 0x64, 0xC9, 0x2C, 0x9C, 0xD4, 0x20, 0x37, 0xFB, 0xAA, 0xCD, 0xA2, 0x27, 0xFF,
    0x84, 0x54, 0xEE, 0x6D, 0xAE, 0x8B, 0x37, 0xD8, 0xB5, 0x59, 0x38, 0x2D, 0xE7, 0xD6, 0xB4, 0x6D,
    0x10, 0x03, 0x5D, 0xC3, 0xB3, 0x99, 0x7A, 0x7A, 0x67, 0x16, 0xD5, 0x19, 0x15, 0x2D, 0x81, 0x9D,
    0xD3, 0x06, 0xBA, 0x37, 0x95, 0xF3, 0xD7, 0xC8, 0x62, 0xE7, 0x3E, 0xCE, 0x2B, 0x81, 0x04, 0xEA,
    0x49, 0xB4, 0x86, 0xE1, 0x97, 0x8A, 0x1E, 0x39, 0x88, 0x51, 0xB0, 0x90, 0xC5, 0x4D, 0x88, 0x70,
    0x37, 0x88, 0x73, 0x61, 0x56, 0x9D, 0xAD, 0x73, 0x3D, 0x62, 0xDA, 0x41, 0x58, 0x1D, 0x44, 0x6B,
    0xF2, 0xEF, 0x00, 0x7E, 0x9E, 0x41, 0x8C, 0x73, 0x05, 0x2B, 0xC7, 0xE5, 0xE2, 0xFE, 0x9E, 0x6C,
    0x52, 0x32, 0x08, 0x35, 0xBA, 0xB2, 0x61, 0x14, 0x76, 0x62, 0x76, 0x81, 0xAF, 0x3E, 0xEB, 0x8A,
    0xF3, 0x41, 0xC5, 0xFF, 0x72, 0x2D, 0x8E, 0xF7, 0x33, 0xF1, 0xB1, 0x72, 0x3D, 0x2F, 0xB6, 0x13,
    0x3F, 0xDE, 0x80, 0xBB, 0x8B, 0x2B, 0xF8, 0xB6, 0xFF, 0xEF, 0x7F, 0x41, 0x5A, 0x68, 0xCD, 0x35,
    0x11, 0x23, 0x8E, 0x26, 0x62, 0x27, 0x0F, 0xED, 0x3D, 0x31, 0xC8, 0xD8, 0x73, 0xF3, 0xB2, 0x8C,
    0x98, 0x1F, 0xB0, 0xD9, 0xFD, 0x41, 0x2A, 0xD3, 0xA7, 0x00, 0x25, 0xD2, 0x91, 0xA4, 0xF1, 0xD7,
    0x10, 0xC3, 0xCE, 0x67, 0xEC, 0x27, 0xAF, 0xB6, 0xCE, 0xEB, 0x09, 0xA8, 0xA2, 0x5E, 0x7F, 0xEB,
    0x5C, 0xBF, 0xF5, 0x02, 0xB0, 0x4C, 0x4C, 0xBC, 0x30, 0xCB, 0x28, 0x4D, 0x31, 0x40, 0x54, 0x21,
    0x89, 0x2C, 0xA8, 0xD0, 0xC1, 0x53, 0xBE, 0x86, 0x6C, 0x13, 0xEA, 0x15, 0x01, 0x1B, 0x35, 0x92,
    0xC2, 0x03, 0x19, 0xF7, 0x0C, 0x40, 0xF4, 0x9A, 0x66, 0x1F, 0x99, 0x31, 0xF4, 0xF4, 0xF4, 0xD6,
    0x62, 0x4C, 0x31, 0x7C, 0xA0, 0xA0, 0x51, 0x0D, 0x39, 0xC2, 0x93, 0x1A, 0xEB, 0x50, 0xA2, 0xF4,
    0x2D, 0x9C, 0xE2, 0x0C, 0xAC, 0x3D, 0xA7, 0x38, 0x69, 0xF5, 0xAB, 0x03, 0x39, 0x1E, 0x6E, 0xE1,
    0x01, 0x27, 0x36, 0xCA, 0xC1, 0x75, 0x20, 0x90, 0x4C, 0x8F, 0x56, 0xCB, 0xB2, 0x31, 0x9C, 0x53,
    0xA3, 0x79, 0x74, 0xF9, 0x3E, 0x13, 0x95, 0x61, 0xA7, 0x47, 0xB9, 0x74, 0x59, 0x99, 0x83, 0xB7,
    0x8B, 0x39, 0x06, 0x60, 0xDC, 0x2D, 0x9D, 0x76, 0xE7, 0xDF, 0x21, 0xA1, 0x5B, 0xED, 0x7F, 0xEC,
    0xEA, 0x64, 0x1B, 0xBA, 0xC9, 0xB1, 0xA3, 0x2B, 0xFE, 0x18, 0x7D, 0xF5, 0xB4, 0x38, 0x05, 0x02,
    0x2B, 0x53, 0x1B, 0x3B, 0xE8, 0x57, 0x7A, 0xE8, 0x10, 0xFB, 0x03, 0xDD, 0x46, 0x5A, 0xC7, 0x71,
    0xAD, 0x31, 0xDB, 0x46, 0x77, 0xC7, 0x1B, 0x4E, 0x8E, 0x9E, 0x81, 0x93, 0x3E, 0xC4, 0x55, 0x77,
    0x5E, 0x1C, 0x70, 0x38, 0xB8, 0xB0, 0x80, 0xD3, 0x68, 0xF6, 0x81, 0x11, 0x61, 0x5A, 0xA5, 0x20,
    0x34, 0x15, 0xC1, 0xC5, 0xC1, 0x1F, 0xA4, 0x42, 0x39, 0x0A, 0xDA, 0x1D, 0x4D, 0xB7, 0x69, 0xD4,
    0xD8, 0xD7, 0xD7, 0x9B, 0xD7, 0x12, 0x98, 0x21, 0xFC, 0xEF, 0xE9, 0x1B, 0x5D, 0xBE, 0xBE, 0xC9,
    0x72, 0x22, 0x37, 0xD5, 0x24, 0xD4, 0x48, 0xD9, 0x16, 0xEC, 0xBB, 0x7F, 0x7F, 0xCD, 0xCA, 0xE4,
    0x18, 0x4C, 0xD7, 0xAF, 0xCA, 0xA8, 0xEB, 0x7D, 0xB2, 0x66, 0xD6, 0xA7, 0x2B, 0x3B, 0xC7, 0xFE,
    0xBB, 0xFE, 0xE8, 0x6B, 0x6C, 0x78, 0xF8, 0x8D, 0x05, 0x3D, 0xCC, 0xEF, 0xF3, 0x0C, 0x1B, 0xF8,
    0xD0, 0x4D, 0x8C, 0xC1, 0x70, 0x7E, 0x25, 0xBF, 0x3F, 0xE4, 0x29, 0x91, 0x9A, 0x41, 0xDC, 0x76,
    0x79, 0x7E, 0x6D, 0x6D, 0xBF, 0xA5, 0xE5, 0x04, 0x91, 0x9E, 0xD5, 0xA7, 0x7C, 0x7D, 0xC8, 0xB5,
    0x33, 0x22, 0x12, 0x1E, 0x5D, 0x3B, 0x19, 0x57, 0x9F, 0x19, 0x12, 0xF1, 0xF2, 0x51, 0xED, 0x74,
    0xF4, 0x80, 0x47, 0xBD, 0x7A, 0x34, 0x04, 0x1D, 0x59, 0x7D, 0x70, 0x5D, 0xC5, 0x2E, 0x8F, 0xCA,
    0x58, 0xFD, 0xE9, 0xEB, 0xC1, 0x18, 0xE3, 0xF6, 0x25, 0xCD, 0x56, 0x9F, 0xD6, 0x33, 0x47, 0x39,
    0xC1, 0xF8, 0xDA, 0x8E, 0xBB, 0x4D, 0xD5, 0x5A, 0x55, 0xE3, 0xB0, 0xB0, 0x37, 0x96, 0x97, 0xA7,
    0x68, 0x49, 0x75, 0x8A, 0xF6, 0xE1, 0x3D, 0xA7, 0x68, 0x8F, 0x2E, 0x05, 0x22, 0xF0, 0x4E, 0xE5,
    0x21, 0x59, 0x96, 0xD5, 0x40, 0xEF, 0xA7, 0xDF, 0xC8, 0x61, 0xFC, 0x72, 0x26, 0x5A, 0x11, 0xC9,
    0xE7, 0x10, 0xCB, 0xDB, 0xF0, 0xA7, 0xD3, 0xF8, 0x7D, 0x2A, 0xA8, 0x13, 0x14, 0x80, 0x8F, 0x18,
    0xE3, 0x63, 0xBA, 0xAC, 0x50, 0xB3, 0x3E, 0xE2, 0x17, 0x35, 0x98, 0xEF, 0xC3, 0xA7, 0xBE, 0xB4,
    0x88, 0x5F, 0x40, 0x83, 0x25, 0xF8, 0xE0, 0x75, 0x1F, 0x66, 0xD6, 0x4B, 0xCF, 0xA7, 0x4E, 0x59,
    0x17, 0xDB, 0x18, 0xF3, 0xCC, 0x23, 0x68, 0x09, 0xC5, 0x4C, 0x53, 0x7D, 0x46, 0xD7, 0x16, 0x74,
    0xAC, 0x74, 0xC6, 0x95, 0xC5, 0x25, 0x81, 0x9F, 0xB4, 0x06, 0xAC, 0x3F, 0x33, 0x61, 0x90, 0x3A,
    0x30, 0x66, 0x27, 0xA4, 0x58, 0xB4, 0xDE, 0xCB, 0x7C, 0x16, 0xB2, 0xCD, 0x57, 0xB9, 0x72, 0xAA,
    0xC9, 0x32, 0x26, 0xCC, 0x3C, 0xD6, 0x50, 0x7D, 0x3B, 0x94, 0x93, 0x70, 0xC4, 0x3A, 0x5B, 0xF9,
    0x29, 0xFB, 0x6A, 0x78, 0xB4, 0xA1, 0x7B, 0xD0, 0x9B, 0xB5, 0x6E, 0x26, 0x53, 0x4B, 0x02, 0x5F,
    0x10, 0x64, 0x52, 0x66, 0xA0, 0x1A, 0x38, 0xD0, 0xFE, 0x1F, 0x99, 0x5B, 0xB4, 0xDE, 0x8F, 0xD7,
    0x83, 0x41, 0x53, 0x47, 0xF8, 0x4D, 0xD2, 0xC7, 0x0A, 0x24, 0xBB, 0x3E, 0x7C, 0x60, 0x26, 0x5A,
    0x4D, 0x13, 0x9E, 0x9C, 0x3C, 0x2B, 0xB2, 0x95, 0x69, 0x19, 0xDF, 0xC3, 0xD1, 0xEA, 0x89, 0x24,
    0xB0, 0xFB, 0x4E, 0x8F, 0xF6, 0x70, 0x42, 0xC2, 0xF4, 0xF4, 0x15, 0xF9, 0x97, 0x0A, 0x6A, 0x77,
    0x41, 0x71, 0xD0, 0xAB, 0x64, 0xDF, 0xC0, 0x86, 0x6F, 0x5A, 0xE6, 0x62, 0x85, 0x53, 0xA7, 0xED,
    0x78, 0x3B, 0x07, 0x7E, 0x0F, 0x92, 0x47, 0x92, 0xB9, 0x9A, 0x64, 0xF3, 0x93, 0x56, 0xAB, 0xB5,
    0x16, 0xD0, 0x5F, 0x5C, 0xBD, 0xF3, 0xC2, 0x56, 0xAB, 0x98, 0x81, 0xB5, 0xB7, 0x6F, 0xC6, 0x66,
    0x57, 0x66, 0xCE, 0xE0, 0xD2, 0x78, 0x87, 0x85, 0x1F, 0x4F, 0xA8, 0x0F, 0x10, 0xAD, 0x01, 0x79,
    0x1C, 0x97, 0x41, 0xAC, 0xA8, 0x36, 0x69, 0x2A, 0x2E, 0x0D, 0xA5, 0x7C, 0x76, 0x58, 0xFA, 0xA9,
    0xD9, 0x2D, 0x3D, 0x23, 0x33, 0x84, 0xF7, 0xE6, 0x18, 0xD8, 0x18, 0x6B, 0x55, 0xBA, 0x0B, 0x88,
    0x67, 0x00, 0x23, 0xDA, 0xF3, 0xEE, 0xCC, 0xC3, 0x65, 0xBD, 0xC4, 0xB5, 0xC4, 0xF3, 0xBB, 0x2F,
    0x23, 0x1E, 0x2F, 0x31, 0x61, 0x7D, 0x19, 0x12, 0xC2, 0xC8, 0xB4, 0x10, 0x7F, 0xCD, 0x9C, 0x5C,
    0x98, 0x39, 0x1F, 0x88, 0xB3, 0xC2, 0xB3, 0x40, 0x9A, 0x33, 0x2D, 0x4D, 0x13, 0x96, 0x05, 0xD7,
    0x66, 0x74, 0xAC, 0xD9, 0xE9, 0xA7, 0x21, 0x98, 0x17, 0xAF, 0x52, 0x30, 0x45, 0xD0, 0x8A, 0x5E,
    0x3D, 0x7F, 0x15, 0x20, 0x42, 0x96, 0xA6, 0x89, 0x4A, 0x6F, 0x92, 0x8D, 0xA9, 0xE3, 0xE4, 0x28,
    0x7E, 0x6C, 0x32, 0xD1, 0x4B, 0x4B, 0xCF, 0x40, 0xAA, 0xCC, 0xC7, 0x82, 0x7A, 0x5C, 0x4D, 0xC0,
    0x26, 0xD0, 0xB4, 0x7D, 0x67, 0xE4, 0x6D, 0xDA, 0xB3, 0xB2, 0xBC, 0x51, 0xB6, 0x1E, 0xC4, 0x72,
    0x75, 0xC9, 0x6A, 0x84, 0x0C, 0x2A, 0x65, 0x3C, 0x78, 0x7D, 0x7B, 0x33, 0xCA, 0xC0, 0x97, 0xAE,
    0xAF, 0xF1, 0x42, 0x7F, 0x81, 0x00, 0x85, 0x71, 0x11, 0x2B, 0xAD, 0xBE, 0xEA, 0xFA, 0x4E, 0xD2,
    0xC9, 0x6E, 0x72, 0xB5, 0xDC, 0x3B, 0x3B, 0x69, 0x99, 0x23, 0x77, 0x9E, 0x83, 0x0B, 0x5C, 0x1E,
    0x66, 0x68, 0x82, 0xB0, 0x5E, 0x2D, 0xD2, 0xBC, 0x3F, 0x9C, 0x57, 0xBF, 0x72, 0x76, 0x47, 0x14,
    0xC6, 0x8D, 0x41, 0x65, 0xC2, 0x87, 0xD9, 0x0F, 0x50, 0xD4, 0x9A, 0x67, 0xCE, 0x34, 0x2A, 0xB4,
    0xEE, 0x39, 0xD3, 0xD4, 0xC3, 0xB4, 0x12, 0x31, 0xA1, 0x6E, 0xD1, 0x8A, 0x95, 0x96, 0x47, 0xBB,
    0x51, 0x0D, 0xB5, 0xAC, 0x37, 0x88, 0xCC, 0x8E, 0x6A, 0x94, 0xED, 0xD0, 0xD7, 0x70, 0x15, 0xE0,
    0x6F, 0xAC, 0x14, 0xF1, 0x48, 0x48, 0x6C, 0x54, 0x55, 0x54, 0xD7, 0x61, 0xC9, 0x8E, 0x07, 0x84,
    0xA3, 0x5A, 0x44, 0x9C, 0xFD, 0x8C, 0x98, 0xAF, 0xFD, 0x46, 0x24, 0x2D, 0x59, 0x31, 0x32, 0xAC,
    0x64, 0x38, 0x3C, 0x3F, 0xB6, 0xE0, 0x31, 0x21, 0xB4, 0x0C, 0x04, 0x05, 0x0C, 0x95, 0xD9, 0x99,
    0x51, 0x18, 0x2C, 0x37, 0xBF, 0xAF, 0x63, 0x8E, 0x87, 0xB3, 0xE8, 0xB0, 0xBA, 0x70, 0xB1, 0x9D,
    0x32, 0x5A, 0x71, 0x06, 0xEE, 0x4A, 0x65, 0x2A, 0x9F, 0x6D, 0xC7, 0x5A, 0x9C, 0xD0, 0x6D, 0x44,
    0xB1, 0x0B, 0xB0, 0x22, 0x6C, 0x33, 0x5A, 0xCF, 0x23, 0xAE, 0x31, 0xCA, 0x8C, 0x28, 0xFA, 0x2B,
    0x09, 0xE2, 0x01, 0x37, 0x74, 0x28, 0xA3, 0x92, 0x50, 0xA4, 0xB9, 0x06, 0x86, 0x7E, 0x27, 0x09,
    0xFE, 0x99, 0xD3, 0x46, 0xBC, 0x0C, 0xE3, 0xEA, 0x6C, 0x29, 0x58, 0xAD, 0xEA, 0xED, 0x6B, 0xAC,
    0x5E, 0xD5, 0xB5, 0xB3, 0xE4, 0x9F, 0x05, 0xFF, 0xF7, 0x86, 0x95, 0x46, 0x4B, 0x5A, 0xCF, 0x95,
    0x71, 0xF4, 0x05, 0xA2, 0x68, 0x3A, 0x2C, 0x16, 0x6C, 0xB3, 0x23, 0x08, 0x3B, 0xB1, 0x53, 0xDE,
    0xDD, 0x92, 0x4E, 0xB6, 0x55, 0x1F, 0x54, 0x1F, 0xD7, 0x73, 0x96, 0x83, 0x9A, 0x01, 0x31, 0xB7,
    0xAB, 0x22, 0xD0, 0xDE, 0x4E, 0x72, 0x6A, 0x4F, 0x6B, 0x4D, 0x88, 0x9F, 0x33, 0xB2, 0x88, 0xF1,
    0xA6, 0xC5, 0xC8, 0x10, 0x80, 0xB2, 0xE8, 0x5E, 0x93, 0x1F, 0x87, 0x1E, 0xA7, 0xD6, 0xD4, 0x47,
    0xD0, 0xB7, 0xAB, 0x73, 0xFD, 0x45, 0xB6, 0x67, 0x0E, 0x68, 0xD1, 0x7B, 0x55, 0xCB, 0x5C, 0x4A,
    0x93, 0x61, 0x64, 0x79, 0xE2, 0xE1, 0x05, 0x1F, 0x4B, 0x88, 0x18, 0x78, 0xF3, 0x71, 0x48, 0xA8,
    0xBA, 0x51, 0x0D, 0x45, 0xFD, 0x98, 0xD0, 0x73, 0x2D, 0x9B, 0x85, 0x9F, 0xC4, 0x38, 0x8C, 0x96,
    0x72, 0x3D, 0xFB, 0xD1, 0xE3, 0x1F, 0x2A, 0x99, 0x53, 0xD5, 0x89, 0xF9, 0x74, 0x8C, 0x75, 0xB5,
    0x2E, 0xF5, 0xC8, 0xFA, 0x5F, 0x56, 0x9C, 0x40, 0xC6, 0xD7, 0x60, 0x1E, 0xA6, 0x40, 0xBE, 0xF9,
    0x7B, 0xA9, 0x02, 0xF8, 0xC7, 0x26, 0x27, 0xE3, 0x4D, 0xCD, 0xBD, 0xF6, 0xB5, 0x26, 0x7B, 0x56,
    0x0F, 0x96, 0x8E, 0x6A, 0xAD, 0x81, 0x61, 0xEC, 0x75, 0x4D, 0x32, 0xE6, 0x17, 0xB0, 0x1D, 0xB1,
    0x39, 0x7B, 0x41, 0x45, 0xFA, 0x04, 0x7C, 0xA5, 0x6D, 0x85, 0x8F, 0xD5, 0xFE, 0x30, 0xEB, 0x32,
    0xD6, 0x72, 0x30, 0xB9, 0x8D, 0xB8, 0x2F, 0x7E, 0x0C, 0x7A, 0x51, 0xDF, 0xA8, 0xF4, 0xA2, 0x32,
    0x33, 0x3D, 0x05, 0xDD, 0x81, 0x66, 0xC4, 0x68, 0x79, 0x66, 0x34, 0xFE, 0x05, 0x42, 0xF0, 0x3F,
    0xA6, 0x78, 0xEA, 0x6F, 0x7A, 0x38, 0x5A, 0xCA, 0x2D, 0x63, 0x55, 0xD0, 0x5F, 0xD5, 0xB5, 0x2E,
    0x8E, 0x7C, 0x53, 0xA3, 0x02, 0xA1, 0x8E, 0xF2, 0x6F, 0xE6, 0x7A, 0x27, 0xD0, 0xB8, 0x68, 0x3C,
    0x7B, 0x1C, 0xB2, 0xE0, 0xBE, 0xB1, 0xEA, 0x6F, 0x65, 0x30, 0x44, 0xD0, 0x50, 0x77, 0x46, 0xBF,
    0x21, 0x02, 0x5C, 0x40, 0x0B, 0x78, 0x5A, 0xA7, 0x7E, 0xB3, 0x96, 0x7E, 0x59, 0x3B, 0x82, 0xCD,
    0xA2, 0xFA, 0x7F, 0xAD, 0xA2, 0xAC, 0xCA, 0x7D, 0x8E, 0xEA, 0x96, 0x59, 0x6B, 0x97, 0x01, 0x00,
    0xD0, 0xA7, 0x52, 0xF4, 0x28, 0x87, 0x65, 0x2D, 0x3D, 0x3D, 0x49, 0xB3, 0x0B, 0x08, 0x3B, 0xA1,
    0x51, 0x51, 0x8F, 0xF0, 0x66, 0x43, 0xEC, 0x4B, 0x31, 0x30, 0x94, 0x17, 0x9B, 0xEF, 0xB2, 0xF8,
    0x10, 0x37, 0x32, 0xCD, 0xB4, 0xF6, 0xF8, 0x85, 0x99, 0x83, 0x74, 0xCD, 0xD3, 0x56, 0x6E, 0x33,
    0x84, 0x3F, 0x28, 0x9B, 0x8C, 0x29, 0x7A, 0xFC, 0xDA, 0xCC, 0x35, 0x26, 0x5B, 0x62, 0xAB, 0x8B,
    0x07, 0x9D, 0x8F, 0x10, 0x5E, 0x1D, 0x64, 0xF6, 0x6E, 0x55, 0xDC, 0x77, 0x29, 0xA6, 0xB3, 0xB0,
    0xA2, 0xAC, 0xAD, 0xFE, 0x1D, 0x54, 0x9C, 0x05, 0x40, 0x83, 0xBA, 0xFA, 0x06, 0x66, 0x5E, 0xA1,
    0x69, 0x55, 0x61, 0x5D, 0x65, 0xFB, 0x35, 0xE3, 0xBC, 0x5A, 0xCB, 0x60, 0x5F, 0x13, 0xED, 0x57,
    0x66, 0xBF, 0xFA, 0xDE, 0x56, 0x85, 0xEA, 0x7C, 0x2D, 0xF3, 0x98, 0xD1, 0xCD, 0x74, 0xAD, 0x09,
    0x6D, 0x86, 0x1F, 0xC6, 0x5B, 0x85, 0x64, 0x76, 0x1F, 0xB1, 0x30, 0xD8, 0xB0, 0x53, 0xA0, 0xA1,
    0xD4, 0xCA, 0xEC, 0x9E, 0x24, 0x56, 0xBE, 0x7F, 0xC3, 0x4C, 0x8C, 0xEE, 0x01, 0x10, 0x2C, 0xC5,
    0x49, 0x1F, 0x52, 0xEF, 0x9D, 0xF5, 0x5E, 0x21, 0x3A, 0x76, 0xFF, 0x0D, 0xF0, 0x30, 0xB3, 0x7F,
    0xC7, 0xE3, 0x57, 0x42, 0x38, 0xD6, 0x80, 0x28, 0xCE, 0xEF, 0xAA, 0x5B, 0x5A, 0xDD, 0x19, 0xDE,
    0x54, 0xFD, 0x70, 0x2A, 0x4A, 0x3A, 0x7A, 0x44, 0x63, 0xC7, 0xB5, 0xF9, 0x6D, 0x4A, 0x88, 0x42,
    0x69, 0xC1, 0xEE, 0xAD, 0x70, 0x57, 0xF3, 0xEC, 0x3D, 0xA6, 0x51, 0x74, 0x15, 0xCF, 0x9C, 0xD2,
    0x13, 0xE8, 0x69, 0xAD, 0x54, 0x5C, 0x55, 0xA0, 0xC6, 0x64, 0x67, 0x5F, 0x03, 0xEE, 0x8E, 0x66,
    0x70, 0x83, 0xBF, 0x1D, 0x72, 0xEA, 0x74, 0x87, 0xDF, 0xDB, 0x7A, 0xF8, 0xB6, 0x92, 0x55, 0xA4,
    0x6A, 0x32, 0x5F, 0x5B, 0xE4, 0x0E, 0x64, 0x3A, 0x8B, 0x08, 0xFC, 0x94, 0xCD, 0xAC, 0xF4, 0xE2,
    0x2E, 0x81, 0xF9, 0x03, 0xDC, 0x46, 0xB8, 0x0A, 0x65, 0x95, 0x54, 0xCB, 0x4E, 0x97, 0x41, 0xA1,
    0x9B, 0x4C, 0x55, 0xE7, 0x58, 0x01, 0x54, 0xC3, 0x7E, 0x8F, 0xAB, 0x4D, 0x6B, 0xB1, 0x5A, 0x23,
    0xDC, 0x8D, 0xBA, 0xCC, 0x56, 0x33, 0x1F, 0x69, 0xBD, 0x61, 0xCE, 0x56, 0x79, 0xA2, 0xB1, 0x89,
    0xDA, 0xF1, 0xB0, 0xEE, 0xF1, 0x58, 0x58, 0xD5, 0x7A, 0xF0, 0xBF, 0x9E, 0xE6, 0x03, 0xFB, 0x1A,
    0x4E, 0xF7, 0x9C, 0xDD, 0x2B, 0xB7, 0x97, 0xA4, 0x66, 0xBE, 0xDE, 0x54, 0x0A, 0x14, 0x4D, 0x62,
    0xBD, 0xDE, 0x5A, 0xD6, 0xAF, 0x01, 0x84, 0x5D, 0x9E, 0x2A, 0xCE, 0xB5, 0x5A, 0xE7, 0xF9, 0x95,
    0x87, 0x4D, 0x9B, 0x5F, 0xE4, 0xA0, 0xBB, 0x45, 0x88, 0xA1, 0x96, 0x57, 0x5F, 0xD4, 0xC4, 0x75,
    0x56, 0x27, 0x54, 0x74, 0x06, 0x1A, 0x26, 0xA3, 0xD1, 0x79, 0x75, 0x62, 0x5A, 0x01, 0xC7, 0x6F,
    0x17, 0xF0, 0xB5, 0x67, 0xF8, 0x1A, 0xBF, 0x9E, 0xE6, 0xFE, 0x68, 0xBB, 0xDD, 0x5E, 0x27, 0xD6,
    0xCE, 0xEB, 0xBA, 0xC8, 0x96, 0xEE, 0x17, 0x6C, 0x5A, 0x4F, 0xA3, 0x96, 0x1D, 0x43, 0x7C, 0x82,
    0xE7, 0x8B, 0xE5, 0x2B, 0xB1, 0xF7, 0x4E, 0xE2, 0x24, 0x2B, 0x30, 0x79, 0x2C, 0xB1, 0xE8, 0x6A,
    0x5A, 0xAF, 0xA7, 0x2B, 0xB4, 0x2C, 0x93, 0x81, 0x4C, 0xF9, 0xE1, 0x84, 0xF7, 0xEB, 0xF3, 0x7F,
    0xA6, 0xA7, 0xED, 0x27, 0x9A, 0xE8, 0xC0, 0xCD, 0x1B, 0x80, 0x7D, 0xE8, 0xBB, 0xE3, 0xEC, 0xFB,
    0x3A, 0x24, 0x25, 0xDF, 0xDB, 0xF1, 0xBE, 0x9A, 0x6D, 0x8A, 0xCA, 0xC1, 0x31, 0x89, 0x1C, 0xF1,
    0xCD, 0x90, 0xDF, 0x0B, 0x4B, 0x68, 0xE8, 0x47, 0xF9, 0x0B, 0x61, 0x92, 0x36, 0x64, 0x3A, 0x6A,
    0xBD, 0x14, 0xF0, 0x3B, 0x25, 0x87, 0xC8, 0x97, 0x56, 0x62, 0x2B, 0x58, 0x1B, 0xAD, 0xC4, 0xFE,
    0x0E, 0xD8, 0xDA, 0x27, 0xFB, 0xCC, 0x64, 0x82, 0x06, 0xCA, 0xF9, 0x30, 0x64, 0x46, 0xDD, 0x4B,
    0xBF, 0xEA, 0x82, 0xFD, 0x3F, 0xCD, 0x59, 0x3D, 0x8C, 0x1D, 0xD5, 0x15, 0x3E, 0x77, 0x66, 0xD7,
    0x03, 0x1E, 0x67, 0x67, 0x0B, 0x1B, 0x19, 0xFF, 0x0D, 0x05, 0x05, 0x42, 0x86, 0x71, 0x61, 0x29,
    0x96, 0xB2, 0xBB, 0x33, 0x06, 0x29, 0x4D, 0x9A, 0x2D, 0xFC, 0xB0, 0x08, 0x85, 0x69, 0x52, 0xE4,
    0x47, 0xB2, 0x0B, 0x17, 0x2E, 0xD6, 0xEF, 0x8D, 0xA1, 0xA0, 0x64, 0x13, 0x89, 0x34, 0x29, 0x40,
    0x0A, 0x8E, 0xC8, 0xA2, 0x08, 0x17, 0x2E, 0x2C, 0x65, 0x77, 0xDF, 0x60, 0x17, 0x14, 0x51, 0xA4,
    0x09, 0x51, 0x42, 0x41, 0xC1, 0x24, 0xC1, 0x91, 0x42, 0x8A, 0x0C, 0xCA, 0x58, 0x9E, 0xB5, 0x67,
    0xDE, 0xE4, 0xFB, 0xCE, 0x7D, 0x6F, 0xF7, 0x19, 0x03, 0x0A, 0x84, 0x08, 0x46, 0xFB, 0xE6, 0xF7,
    0xFE, 0x9C, 0x7B, 0x7E, 0xBE, 0xF3, 0x9D, 0xBB, 0x22, 0x38, 0x12, 0x9E, 0xFC, 0x8C, 0xE7, 0x50,
    0xEF, 0x2F, 0x8A, 0x1C, 0xB8, 0xBC, 0xAB, 0x94, 0xB0, 0xEB, 0x46, 0xE2, 0xD6, 0x32, 0x4C, 0x65,
    0x20, 0x12, 0xA5, 0x6E, 0xC9, 0x73, 0x8C, 0x16, 0xF1, 0xC9, 0x1A, 0xE7, 0x81, 0x9F, 0xE3, 0xDC,
    0xF0, 0x85, 0xB3, 0xD5, 0x70, 0x90, 0xDB, 0x25, 0x07, 0xF9, 0x80, 0x63, 0x0D, 0xD0, 0x45, 0x4C,
    0xCB, 0xD7, 0xDE, 0xBF, 0xF5, 0xF5, 0xCB, 0x6C, 0xBD, 0x11, 0xA5, 0x22, 0x6E, 0xC9, 0x3E, 0x61,
    0xBA, 0xC9, 0xEE, 0x32, 0x42, 0xC7, 0x9C, 0xE7, 0x56, 0x64, 0xF8, 0xCA, 0x59, 0x74, 0x8E, 0xBA,
    0x0F, 0x29, 0xC7, 0xB2, 0x4C, 0x8E, 0x45, 0xCE, 0x89, 0xDF, 0x92, 0x3C, 0xB4, 0x7A, 0xD1, 0x74,
    0x5D, 0xE5, 0xE7, 0x61, 0x1A, 0xA2, 0xDB, 0x12, 0xC6, 0xBA, 0x28, 0x4E, 0xB5, 0x21, 0xA6, 0x9E,
    0xFA, 0x55, 0x7D, 0x71, 0x30, 0x87, 0x5B, 0x86, 0xA9, 0x97, 0xF9, 0x45, 0x94, 0x98, 0x0E, 0x02,
    0x9B, 0xC9, 0x70, 0xF3, 0xF6, 0x52, 0xDB, 0x4B, 0x63, 0x2F, 0xEB, 0xFB, 0x7A, 0x89, 0xCC, 0xF6,
    0xAA, 0xA8, 0x4B, 0xB1, 0xF2, 0x55, 0x87, 0x5F, 0x0B, 0x0C, 0xFD, 0x55, 0x5E, 0xEC, 0x98, 0x66,
    0x7C, 0xC1, 0xC4, 0x26, 0xD7, 0xF9, 0x1D, 0x2C, 0x1A, 0xCA, 0x70, 0x71, 0x19, 0x24, 0x12, 0xC0,
    0x0A, 0xD1, 0x87, 0xD2, 0xA7, 0x46, 0xBB, 0x4E, 0xA5, 0x1C, 0x76, 0xAB, 0xBC, 0x98, 0x1D, 0x95,
    0x40, 0xAD, 0x54, 0x73, 0x44, 0x8B, 0xAD, 0xEC, 0x5B, 0x36, 0xA7, 0xFF, 0xD2, 0xA5, 0x83, 0x2D,
    0x74, 0x0A, 0x53, 0x8C, 0xDF, 0x17, 0xAF, 0xC0, 0x05, 0xCB, 0x2F, 0x3E, 0xED, 0xD5, 0x12, 0x2E,
    0xC2, 0x57, 0x6E, 0xE5, 0xD7, 0x98, 0xE4, 0xF6, 0x96, 0xF8, 0xA3, 0x60, 0x55, 0x4C, 0xB2, 0x3D,
    0xFA, 0x83, 0xB2, 0x7F, 0x7B, 0xA2, 0xB4, 0x9A, 0xDC, 0x3A, 0x5D, 0xBE, 0xDD, 0x02, 0x6E, 0x31,
    0x39, 0xF6, 0xC9, 0xF4, 0xB1, 0xEF, 0xF2, 0x29, 0x9C, 0x8F, 0xF4, 0x7A, 0xBD, 0xE5, 0xB3, 0x74,
    0x21, 0x3A, 0x52, 0x57, 0xB9, 0xB7, 0x9E, 0x19, 0x56, 0x12, 0xF5, 0x7A, 0x67, 0x0A, 0x38, 0x92,
    0x37, 0x82, 0x10, 0x12, 0x64, 0xF4, 0xA9, 0x61, 0xB2, 0x00, 0xF3, 0x26, 0xEA, 0x5E, 0xD9, 0x71,
    0x6A, 0x82, 0xB7, 0x41, 0xF1, 0x3C, 0x75, 0xC3, 0x5B, 0x0F, 0x3F, 0xB7, 0xD2, 0x5B, 0x5C, 0xC4,
    0x2F, 0xB6, 0x6F, 0x83, 0x6C, 0xFB, 0x36, 0x4E, 0xB6, 0x6F, 0xFB, 0xB2, 0x7D, 0xDB, 0x6C, 0xDF,
    0xF2, 0x49, 0x6F, 0x31, 0x79, 0x21, 0x93, 0x71, 0x31, 0x80, 0xDE, 0xC2, 0x03, 0x31, 0x80, 0x9D,
    0x38, 0xE3, 0x00, 0x0F, 0xF2, 0x36, 0xD6, 0x01, 0xF6, 0xE0, 0x16, 0xC6, 0xE2, 0x00, 0x47, 0x71,
    0x7B, 0xD0, 0x0E, 0xB0, 0xE2, 0xDD, 0x79, 0xAB, 0x83, 0xB1, 0xEE, 0xAC, 0xAD, 0x35, 0x83, 0xAE,
    0x7B, 0x9D, 0x6E, 0x3B, 0xB6, 0x96, 0x3D, 0x1E, 0xB5, 0x7A, 0x98, 0x91, 0x99, 0x83, 0xF8, 0x90,
    0xC2, 0xD6, 0xBE, 0xC4, 0xBD, 0x1F, 0xA3, 0xCF, 0xA2, 0x9F, 0x60, 0x92, 0xB0, 0x16, 0xF7, 0x83,
    0xB1, 0x02, 0x64, 0x98, 0x71, 0x26, 0x1F, 0x02, 0x15, 0xEA, 0xE9, 0x23, 0x8E, 0x40, 0xE1, 0x42,
    0x5A, 0xD9, 0x2E, 0x61, 0xEF, 0xD8, 0x59, 0xDB, 0xA0, 0xEB, 0x32, 0x0D, 0xC3, 0xA7, 0xB3, 0x20,
    0x63, 0xA3, 0xE0, 0x0F, 0x99, 0x57, 0xD8, 0x46, 0xCF, 0xE3, 0xA2, 0x8D, 0x10, 0x01, 0x3A, 0x52,
    0x4C, 0x7F, 0x1B, 0x8F, 0xD4, 0x4C, 0xD6, 0xBA, 0x31, 0xD1, 0x4C, 0x5F, 0x17, 0xE9, 0xB2, 0xE9,
    0x3C, 0x1A, 0x41, 0x23, 0x51, 0xB2, 0xC7, 0x2E, 0x32, 0x4C, 0x7D, 0x33, 0x7A, 0x13, 0x06, 0x0F,
    0xFE, 0xF4, 0xDC, 0x4B, 0x5D, 0x77, 0x27, 0xA1, 0x37, 0xD2, 0xFC, 0x8F, 0xE8, 0xF2, 0xCC, 0x30,
    0x99, 0x51, 0xE4, 0x28, 0xA5, 0xF0, 0xE8, 0xB1, 0xE2, 0x5D, 0xC2, 0xE0, 0x98, 0x75, 0x69, 0x9D,
    0x8E, 0x29, 0x82, 0x35, 0xF3, 0xD1, 0x2F, 0xED, 0xA3, 0xFA, 0x4F, 0xA9, 0x97, 0x1F, 0x46, 0x1A,
    0xDC, 0xC3, 0xAE, 0xC4, 0x90, 0x59, 0x5F, 0x3A, 0xB9, 0xEA, 0xD4, 0x01, 0x3C, 0x60, 0x4E, 0x62,
    0x4C, 0x1E, 0x49, 0xC6, 0xD0, 0x46, 0x63, 0x53, 0x43, 0xD8, 0x88, 0x32, 0x6E, 0xE8, 0x50, 0xB9,
    0x3E, 0x62, 0x41, 0x1B, 0x76, 0x79, 0x3E, 0x1B, 0xFB, 0xB9, 0x19, 0x24, 0x4E, 0x89, 0xB7, 0xBF,
    0x6C, 0x60, 0xC5, 0x58, 0x0E, 0x07, 0xA3, 0xE1, 0xC8, 0xBF, 0x79, 0x3A, 0x8B, 0x46, 0xE1, 0x6A,
    0xD7, 0x35, 0x32, 0x3B, 0x76, 0xCC, 0x1E, 0xCF, 0xBD, 0xDE, 0x41, 0x8D, 0x26, 0x04, 0x7A, 0xAC,
    0xAF, 0x37, 0x55, 0x3D, 0x13, 0x84, 0x53, 0xFF, 0x52, 0x4C, 0x40, 0xB8, 0xFE, 0x7F, 0x1A, 0x3C,
    0x42, 0x13, 0xA0, 0xC1, 0x21, 0x02, 0x03, 0x1A, 0xCC, 0x01, 0x7D, 0xD8, 0xC0, 0x4F, 0x85, 0x80,
    0x26, 0xEE, 0xBB, 0x79, 0x28, 0x66, 0xB4, 0xF6, 0x66, 0x39, 0x3A, 0x2B, 0x1E, 0x9C, 0xA7, 0x89,
    0x5A, 0x1D, 0xC6, 0x97, 0x65, 0xF9, 0xC4, 0xF1, 0xF0, 0x2C, 0x60, 0x4B, 0xC2, 0x3F, 0x13, 0x32,
    0xFD, 0x9A, 0xB3, 0x98, 0x56, 0x85, 0x98, 0x19, 0x03, 0x9B, 0x15, 0xC0, 0x4E, 0x6F, 0xA5, 0xB3,
    0x1F, 0x12, 0x7E, 0x38, 0x58, 0xF2, 0x83, 0xDF, 0xE8, 0x87, 0x58, 0x3F, 0xF8, 0xEA, 0x5A, 0x8E,
    0x7E, 0x90, 0x75, 0xD7, 0x1A, 0x0F, 0x1F, 0x1E, 0xD0, 0x0F, 0x9E, 0x7E, 0x70, 0x53, 0x7E, 0x70,
    0x0A, 0xFD, 0x50, 0xF9, 0xD9, 0x00, 0x31, 0xE0, 0x7C, 0x0C, 0x41, 0x3B, 0xA1, 0xED, 0x9D, 0xCC,
    0x9A, 0xDB, 0x26, 0x15, 0x67, 0x6A, 0x52, 0x06, 0x3D, 0xA1, 0x7F, 0xEA, 0x1C, 0x58, 0xC7, 0xC0,
    0xEF, 0x79, 0xB3, 0x3A, 0xCC, 0x82, 0xBF, 0x76, 0x32, 0xB8, 0x54, 0x4B, 0xEB, 0x16, 0xB2, 0x1C,
    0xA4, 0xB6, 0x07, 0xA2, 0x0A, 0x8F, 0x82, 0xC7, 0x64, 0x09, 0x7E, 0x57, 0x7B, 0x8D, 0x5B, 0x40,
    0x90, 0xD4, 0xCF, 0x96, 0x20, 0x5C, 0x0D, 0x31, 0x3F, 0xFD, 0x71, 0x20, 0x51, 0xD8, 0x65, 0xEB,
    0x56, 0x06, 0x4A, 0x43, 0xB9, 0xD6, 0xED, 0x60, 0x9C, 0xBD, 0xB4, 0xD3, 0x3F, 0x22, 0xFB, 0xA0,
    0xD7, 0xDE, 0x29, 0x38, 0xC8, 0x19, 0x04, 0x1E, 0x94, 0xED, 0x77, 0xF9, 0x00, 0xAE, 0x7E, 0x9E,
    0x00, 0x1B, 0x40, 0xF2, 0xC3, 0x8C, 0x1A, 0x17, 0x41, 0x0A, 0x4F, 0x87, 0xCD, 0xFE, 0x56, 0x2B,
    0x72, 0x6F, 0xC8, 0x09, 0xC0, 0xB5, 0x36, 0x9A, 0x83, 0x27, 0xDA, 0x46, 0x69, 0x37, 0x6E, 0x54,
    0x04, 0xC5, 0xB8, 0x91, 0x69, 0xC7, 0x8D, 0x80, 0x6F, 0xE3, 0x46, 0x6E, 0x33, 0x6E, 0x24, 0xF1,
    0x25, 0xDB, 0x48, 0xBC, 0x6A, 0xDC, 0x48, 0x86, 0xE3, 0x46, 0x12, 0xDC, 0x1E, 0x37, 0x12, 0x06,
    0xDE, 0x3A, 0x1A, 0x49, 0x58, 0x71, 0x15, 0x68, 0xE4, 0xB4, 0x54, 0x08, 0x1A, 0xC1, 0xE5, 0xAF,
    0x7A, 0x99, 0x21, 0xBC, 0xE5, 0xF1, 0x2F, 0x32, 0x8F, 0x4D, 0xCF, 0xFB, 0xDD, 0x04, 0xCA, 0xF7,
    0x4E, 0x3C, 0x65, 0xD7, 0x49, 0xB8, 0xFF, 0x6C, 0xEF, 0x64, 0x3B, 0x80, 0x3A, 0x87, 0x55, 0x64,
    0x57, 0x68, 0x1A, 0xB7, 0x83, 0x59, 0x93, 0x59, 0xF9, 0x4E, 0xA3, 0x0B, 0x76, 0x5F, 0x2E, 0xB8,
    0x80, 0xC9, 0xD2, 0xDC, 0x17, 0x1A, 0xFB, 0x18, 0x94, 0x78, 0xDC, 0xEF, 0xA6, 0x71, 0xEA, 0x25,
    0x67, 0x33, 0x5D, 0x13, 0xFC, 0x26, 0xF5, 0x4B, 0x0F, 0x60, 0x76, 0x42, 0xE2, 0xEC, 0xBC, 0xE0,
    0x51, 0x46, 0xF6, 0x91, 0x8B, 0xE1, 0x63, 0xF4, 0x8E, 0x3E, 0x4A, 0x67, 0x1F, 0xDD, 0xCE, 0x3E,
    0x62, 0x15, 0x7C, 0x04, 0xF2, 0xE9, 0x23, 0xA0, 0xB5, 0xF1, 0x20, 0x4D, 0x90, 0x04, 0xEF, 0xA8,
    0xF8, 0x93, 0xA4, 0x6C, 0xDD, 0x56, 0x3E, 0xEB, 0x31, 0x99, 0x06, 0x15, 0x59, 0xB1, 0x97, 0x23,
    0xE3, 0xF5, 0x8E, 0xD3, 0xD3, 0xC3, 0xD6, 0xD7, 0x34, 0x6F, 0xF9, 0x9A, 0xC8, 0x4C, 0x73, 0xAF,
    0x62, 0xEE, 0x3F, 0xF6, 0x1A, 0xE4, 0xC2, 0x74, 0x33, 0xE8, 0x92, 0x83, 0x65, 0xF7, 0x01, 0x50,
    0xAA, 0xF1, 0x5A, 0x2C, 0x38, 0x86, 0x09, 0xC2, 0x34, 0x80, 0x77, 0xBB, 0x40, 0x5B, 0xF8, 0x53,
    0x2D, 0x0D, 0xF1, 0x4E, 0x3F, 0x04, 0x9F, 0xF7, 0x21, 0x4E, 0xBC, 0xD2, 0x2D, 0xBB, 0x16, 0xDE,
    0xF8, 0xF9, 0x51, 0xA9, 0x54, 0x67, 0x02, 0x97, 0x36, 0x40, 0xE6, 0xB6, 0x03, 0x44, 0x52, 0x26,
    0x68, 0xA7, 0xE0, 0x42, 0xDD, 0x4E, 0x13, 0x43, 0xFB, 0x09, 0x5A, 0x60, 0x7E, 0x74, 0xB9, 0x20,
    0xB0, 0x02, 0x7B, 0xA3, 0x55, 0xD3, 0xE9, 0xD8, 0xEB, 0x3A, 0x5B, 0x49, 0x35, 0x99, 0x2C, 0x24,
    0xFF, 0x4A, 0x18, 0xA5, 0x33, 0x76, 0x5E, 0x2B, 0x43, 0x5F, 0x3B, 0x6B, 0xF6, 0xF2, 0xF4, 0x35,
    0xB2, 0x85, 0xE9, 0x46, 0xEC, 0x78, 0x36, 0xE3, 0x24, 0x7D, 0x87, 0x74, 0xA5, 0x66, 0x12, 0xF4,
    0x0A, 0x42, 0x3A, 0x14, 0x51, 0xB2, 0x1F, 0x74, 0x0A, 0x85, 0x7A, 0xA3, 0xDE, 0x10, 0x70, 0x3D,
    0xD4, 0x04, 0x48, 0x29, 0x0D, 0xE9, 0x56, 0x01, 0x1B, 0x87, 0xE0, 0x29, 0xCE, 0x6D, 0xA8, 0x3F,
    0x2E, 0xC4, 0xE6, 0x82, 0xC9, 0xF1, 0xD0, 0xF2, 0xB3, 0xD2, 0x1F, 0x22, 0x3E, 0xDD, 0xDB, 0xE5,
    0x12, 0x94, 0x85, 0x50, 0xCB, 0x7C, 0x24, 0x44, 0x78, 0x7C, 0x83, 0x81, 0x63, 0x88, 0x06, 0x42,
    0xDA, 0x9E, 0x41, 0x92, 0x1D, 0x59, 0xB3, 0xD2, 0xE0, 0x94, 0x40, 0xBA, 0xD1, 0x2A, 0x59, 0x45,
    0x0A, 0x2E, 0x58, 0x83, 0x35, 0x0D, 0xF1, 0xF3, 0xAF, 0x63, 0xFE, 0x12, 0x0B, 0xBB, 0x06, 0x98,
    0xB8, 0x66, 0x46, 0xCF, 0x54, 0xB2, 0x6B, 0x93, 0x38, 0x7F, 0xE0, 0x75, 0x2E, 0x87, 0x3C, 0xE4,
    0x6B, 0xE4, 0xB2, 0x57, 0xD4, 0xD0, 0xEA, 0xAF, 0x47, 0x75, 0xF1, 0x85, 0xFA, 0xA3, 0xBE, 0x58,
    0xB0, 0x6C, 0x94, 0x7C, 0xCB, 0xA8, 0x55, 0xCD, 0x35, 0xD5, 0x0E, 0xA0, 0xBF, 0x92, 0x0D, 0x53,
    0x7B, 0x99, 0x53, 0x21, 0x2F, 0x7C, 0x5C, 0x89, 0xFF, 0x7E, 0x2E, 0xE1, 0x5B, 0x89, 0xF4, 0xC1,
    0x71, 0xEF, 0x54, 0xE2, 0xBD, 0x57, 0x48, 0x04, 0xFB, 0x35, 0xA4, 0xB9, 0x51, 0xBA, 0x81, 0x55,
    0x82, 0x66, 0x60, 0x64, 0x0F, 0xFD, 0x8F, 0x5B, 0x5A, 0x49, 0xEF, 0xB9, 0x80, 0x21, 0xCB, 0x63,
    0x0C, 0x3E, 0x38, 0x0F, 0xE7, 0x3A, 0xA0, 0xB1, 0x11, 0x68, 0x4C, 0x78, 0x7A, 0x76, 0x6D, 0x64,
    0xD9, 0x80, 0x3A, 0xA5, 0xE7, 0xBB, 0xDA, 0xE8, 0xDC, 0x71, 0x9E, 0xF7, 0x3F, 0xA8, 0x4D, 0x5D,
    0xFD, 0xF0, 0x5B, 0xFD, 0x60, 0xA6, 0xA3, 0xEC, 0xDA, 0x94, 0x53, 0xDB, 0x50, 0x0B, 0xD4, 0x9D,
    0xDD, 0x81, 0xFA, 0xEE, 0x3B, 0x3A, 0x6B, 0xA1, 0xAF, 0xCE, 0x51, 0x6B, 0xB2, 0xA0, 0xCE, 0xF7,
    0x2D, 0xEA, 0x09, 0x59, 0x8D, 0x24, 0xC7, 0x55, 0x9B, 0x38, 0x4A, 0x18, 0x05, 0x99, 0x24, 0x23,
    0x0C, 0x90, 0x38, 0x43, 0x5F, 0x03, 0x5D, 0x07, 0xE4, 0x05, 0x12, 0x91, 0x89, 0x65, 0x4A, 0x6B,
    0x72, 0x26, 0x5A, 0xFA, 0xAC, 0xD3, 0xBA, 0x5D, 0x21, 0x01, 0xB4, 0x45, 0xD1, 0xE3, 0x54, 0xF9,
    0x59, 0xAD, 0x2E, 0xE3, 0xEE, 0x90, 0x54, 0xC4, 0xFB, 0x91, 0x2B, 0xE2, 0x3A, 0xA9, 0x1C, 0x3B,
    0x24, 0xEE, 0x53, 0xA9, 0x1C, 0x29, 0xB7, 0x41, 0x00, 0x04, 0xF6, 0xEC, 0x48, 0x22, 0xB7, 0xF2,
    0x8A, 0x20, 0x7D, 0x8C, 0xA1, 0x08, 0xB5, 0xEE, 0x6A, 0xC4, 0xFF, 0x17, 0x98, 0x08, 0x92, 0x4D,
    0x90, 0xAD, 0x48, 0xE3, 0x83, 0x6B, 0x6D, 0x3A, 0x8D, 0x37, 0xFA, 0xE7, 0x47, 0x61, 0x1D, 0x67,
    0x33, 0x56, 0x5B, 0xCE, 0xEB, 0xE3, 0xC8, 0x1B, 0x83, 0xD2, 0xA4, 0xAC, 0x20, 0x78, 0xEA, 0x31,
    0x73, 0x2F, 0xB6, 0xCC, 0x3E, 0xFB, 0x4A, 0xEF, 0x74, 0x4A, 0x53, 0xE3, 0xA0, 0x5E, 0x82, 0x51,
    0xAF, 0xC7, 0xBE, 0x2E, 0x0C, 0xCB, 0x6C, 0xE4, 0xFE, 0x2E, 0x57, 0xCB, 0x99, 0xBF, 0x56, 0x6A,
    0x45, 0x29, 0xC1, 0xD6, 0x76, 0xE3, 0x7A, 0x35, 0x4A, 0xD4, 0x83, 0x4E, 0xC0, 0xC5, 0xA8, 0xE3,
    0x05, 0x68, 0xE7, 0xB8, 0x02, 0xDE, 0x70, 0xED, 0x37, 0x9A, 0x49, 0xC1, 0x40, 0x13, 0x7A, 0x95,
    0xAF, 0x99, 0xC7, 0x05, 0xEB, 0x56, 0x37, 0xE8, 0xBA, 0x16, 0xAA, 0xA6, 0x67, 0x44, 0x89, 0xA3,
    0x69, 0x8F, 0xDE, 0x3E, 0x2F, 0x57, 0x55, 0xBF, 0x7B, 0xE8, 0x80, 0x1B, 0xEC, 0x7E, 0x54, 0xEB,
    0x09, 0x2F, 0x3D, 0xA2, 0x5E, 0xEC, 0xE6, 0x88, 0x3E, 0x17, 0x2C, 0xA4, 0x1A, 0x8C, 0xA0, 0x5C,
    0xF2, 0xA8, 0x71, 0x3D, 0x30, 0xBD, 0x1C, 0xA5, 0x54, 0x03, 0x8A, 0x45, 0xFE, 0x6C, 0x2B, 0x48,
    0x75, 0x6B, 0x37, 0xB9, 0xB7, 0x28, 0x48, 0x1E, 0x06, 0xCB, 0x6D, 0x86, 0xC0, 0xC5, 0xA8, 0xF6,
    0xDF, 0xAE, 0xDD, 0x46, 0xEA, 0x13, 0xE0, 0x45, 0xF0, 0x99, 0xE8, 0xE4, 0x99, 0x8C, 0xD1, 0x5C,
    0x39, 0x77, 0xC9, 0xEE, 0x73, 0xCA, 0x92, 0xC2, 0x4B, 0x50, 0xBA, 0x81, 0x64, 0x94, 0x0E, 0x1C,
    0x62, 0xD3, 0x9C, 0x2D, 0xBC, 0xF0, 0xEE, 0xF5, 0xAE, 0x3B, 0xD9, 0x81, 0xD5, 0xD1, 0xF9, 0xD4,
    0x72, 0x8F, 0xAB, 0x79, 0x07, 0x3B, 0x7A, 0x37, 0xC5, 0x94, 0x1F, 0xEB, 0x81, 0xF0, 0xDF, 0x4B,
    0x12, 0x95, 0xA3, 0xF8, 0x58, 0xF5, 0xEE, 0x16, 0x1A, 0x9A, 0x4A, 0xBB, 0xE3, 0x8C, 0x6A, 0x18,
    0xC0, 0xB8, 0x62, 0x6E, 0xA3, 0x54, 0x14, 0xF7, 0x46, 0x85, 0x45, 0x04, 0x0E, 0x61, 0x60, 0xC1,
    0xF0, 0x5C, 0x11, 0x12, 0x9C, 0x9C, 0x67, 0x90, 0x33, 0x9C, 0x8F, 0x10, 0x24, 0x12, 0x04, 0x54,
    0x13, 0x5D, 0x22, 0x3D, 0x0D, 0x6F, 0x00, 0xDD, 0xAA, 0xE0, 0x03, 0x02, 0x81, 0x47, 0x06, 0x9F,
    0x13, 0x27, 0xC3, 0x94, 0x49, 0x15, 0xA4, 0xEF, 0xD5, 0x9B, 0xCF, 0x55, 0xF2, 0xA4, 0xA3, 0x66,
    0x19, 0x57, 0x57, 0xB3, 0x89, 0xBA, 0xA8, 0x22, 0x6E, 0x6D, 0x05, 0x9E, 0x72, 0x52, 0xD9, 0x05,
    0xC8, 0x1A, 0x8E, 0x56, 0xBC, 0x3C, 0x04, 0x83, 0xF1, 0xCA, 0x48, 0x82, 0x2A, 0x96, 0xC5, 0xBA,
    0x2F, 0x65, 0xD3, 0x77, 0xB3, 0xA6, 0xEF, 0x4B, 0xD3, 0x7F, 0x02, 0x32, 0x5C, 0x95, 0x3A, 0xCA,
    0x49, 0xC6, 0xDC, 0x3C, 0xAA, 0xC2, 0xF4, 0xC2, 0xB0, 0xB5, 0x13, 0x3C, 0xFE, 0xDD, 0xD7, 0x14,
    0xC3, 0x37, 0x34, 0x8D, 0xF8, 0x1C, 0xD9, 0xE4, 0x8A, 0xBA, 0x33, 0xD3, 0x8E, 0xF8, 0x80, 0x25,
    0x68, 0xE9, 0x4E, 0xFE, 0x31, 0x96, 0x62, 0x2A, 0x00, 0xC9, 0xB7, 0xF5, 0xD5, 0x51, 0xCD, 0x0A,
    0x73, 0x9A, 0x21, 0x3C, 0x2D, 0x5E, 0x5D, 0x25, 0x87, 0x92, 0x2B, 0x74, 0x5C, 0x51, 0x97, 0x3F,
    0xA1, 0x61, 0x1F, 0xA9, 0x2F, 0x07, 0xEA, 0x24, 0x08, 0x52, 0xB8, 0x91, 0xA3, 0xD5, 0x04, 0x71,
    0xAE, 0xD5, 0x58, 0x40, 0x8C, 0x2F, 0xE8, 0x5C, 0x87, 0x95, 0x0F, 0x33, 0x0F, 0x45, 0x79, 0x3C,
    0x62, 0xAC, 0x27, 0xFB, 0xA0, 0x94, 0xF8, 0x25, 0x14, 0x3F, 0x37, 0x40, 0x7E, 0x29, 0x6D, 0x89,
    0x0E, 0xC7, 0x1F, 0xDB, 0x11, 0x97, 0x19, 0x0E, 0x01, 0x8A, 0xA2, 0x3E, 0x61, 0x84, 0x3A, 0xA9,
    0x56, 0x3D, 0x19, 0x93, 0x13, 0x63, 0x54, 0x36, 0xA0, 0x07, 0xD8, 0xD1, 0xCB, 0x98, 0x41, 0x02,
    0x96, 0xFC, 0x19, 0xC3, 0xD4, 0x74, 0x2F, 0x36, 0xA2, 0x71, 0xBA, 0x4B, 0xA3, 0xD4, 0x67, 0x49,
    0x22, 0xDE, 0xDF, 0x99, 0x42, 0xDC, 0x74, 0xB7, 0xF5, 0x94, 0xE4, 0x9B, 0xAA, 0x15, 0x05, 0x33,
    0x96, 0xE7, 0xB9, 0x14, 0x73, 0x28, 0x16, 0xCE, 0x39, 0xC9, 0x4E, 0x50, 0x7D, 0x49, 0xC4, 0xDA,
    0xFD, 0xDA, 0x1B, 0x68, 0xF9, 0x2E, 0xA4, 0x66, 0xBE, 0x14, 0xEF, 0x05, 0x02, 0xCD, 0x18, 0xCA,
    0xCD, 0xF7, 0x7B, 0xBD, 0x9F, 0x1C, 0xB4, 0xB5, 0x7A, 0xEF, 0x74, 0xAE, 0x05, 0x49, 0x4C, 0x5C,
    0x68, 0x6C, 0xE1, 0x2B, 0xC7, 0x82, 0xCC, 0x64, 0xAC, 0xBA, 0x98, 0xEA, 0x8E, 0x8A, 0x7B, 0x67,
    0xAD, 0xE4, 0xE2, 0xA6, 0x5F, 0x95, 0xC8, 0x74, 0x68, 0x95, 0xDA, 0x5C, 0x80, 0x8E, 0xBB, 0xD9,
    0xF1, 0x38, 0x6B, 0x06, 0x2A, 0x29, 0x44, 0x55, 0xA3, 0xE5, 0xB2, 0x22, 0x9F, 0x63, 0xFD, 0x1E,
    0xD6, 0x77, 0xEB, 0x81, 0x1A, 0x7F, 0x31, 0x50, 0xDB, 0x13, 0x9D, 0x77, 0xE2, 0x01, 0x0A, 0x60,
    0xA9, 0xB1, 0x2E, 0x4D, 0x90, 0xF8, 0x6F, 0xDF, 0x79, 0xB3, 0x8D, 0xD6, 0xD6, 0x7E, 0x56, 0x2A,
    0x49, 0x22, 0x7E, 0x31, 0x79, 0x40, 0x61, 0x5E, 0x2D, 0xAB, 0x11, 0xE8, 0xC7, 0xA0, 0x55, 0x6C,
    0x30, 0xBF, 0x56, 0xFD, 0xE3, 0xB4, 0xD5, 0x67, 0x8A, 0x39, 0x4A, 0xC0, 0x9B, 0xFF, 0x5A, 0xD7,
    0x49, 0x9B, 0xC5, 0x40, 0xA1, 0x2E, 0x99, 0x33, 0x85, 0x27, 0x87, 0xA6, 0xCC, 0x79, 0x00, 0xD8,
    0xD8, 0x4A, 0xED, 0xA3, 0x56, 0x69, 0x16, 0x51, 0xB4, 0xAC, 0x0D, 0xDF, 0xFF, 0x68, 0xED, 0x57,
    0xCA, 0xDD, 0x14, 0x92, 0xAD, 0xBF, 0x84, 0x85, 0xF3, 0x14, 0xFC, 0x22, 0x84, 0x6B, 0xEC, 0x65,
    0xA0, 0x33, 0xCA, 0x11, 0xE2, 0x8C, 0x6F, 0x1B, 0xDC, 0xA6, 0xB7, 0x6C, 0x86, 0x5B, 0xEA, 0xBA,
    0x8D, 0xA6, 0xE3, 0xF1, 0xFE, 0xC8, 0x17, 0x7A, 0x40, 0xFE, 0x1E, 0x68, 0x48, 0xC6, 0xDF, 0x2B,
    0x60, 0x13, 0xC4, 0xA3, 0x29, 0xAF, 0x8C, 0x79, 0x80, 0x8D, 0x18, 0x04, 0x1D, 0x4A, 0x21, 0xEA,
    0xED, 0xB3, 0xFF, 0x10, 0x0B, 0x5D, 0x0B, 0x23, 0x44, 0x23, 0xB3, 0xB5, 0x31, 0x27, 0x8F, 0x59,
    0xE5, 0xF7, 0x4E, 0xED, 0x02, 0x1F, 0xD2, 0x6D, 0x88, 0x20, 0xB3, 0xDB, 0x2B, 0xFF, 0xE5, 0xED,
    0x00, 0xCB, 0xCE, 0x01, 0x03, 0x5D, 0x1E, 0x77, 0x6E, 0x7A, 0xE1, 0x35, 0xF3, 0x7B, 0x24, 0x2E,
    0xBB, 0x9B, 0x67, 0x86, 0x12, 0x71, 0x33, 0xC0, 0xE1, 0x66, 0xC0, 0xFD, 0xA7, 0x38, 0x89, 0xA1,
    0xB0, 0xB5, 0xDD, 0x34, 0x42, 0xCB, 0x00, 0x93, 0x75, 0xA5, 0xD7, 0x17, 0x94, 0x88, 0xCD, 0xCF,
    0xEF, 0x80, 0xCC, 0x5A, 0xA2, 0x69, 0xB9, 0x20, 0x40, 0xFB, 0x35, 0x03, 0xD5, 0x16, 0xF0, 0x4E,
    0x6D, 0xF7, 0x56, 0xD8, 0xD9, 0x22, 0x2B, 0x7D, 0x15, 0x96, 0x79, 0x95, 0x18, 0x30, 0x9C, 0x62,
    0x87, 0xD3, 0xA4, 0x31, 0x56, 0x46, 0xAD, 0x04, 0x87, 0xF1, 0xA6, 0x3B, 0x1B, 0xDC, 0xD0, 0x20,
    0x22, 0x64, 0x41, 0xC1, 0x9C, 0x8B, 0x33, 0xF4, 0xE4, 0x6F, 0x3D, 0xC3, 0x3D, 0xC0, 0x6E, 0x44,
    0x6F, 0x98, 0xB5, 0x01, 0x61, 0xDA, 0x38, 0x31, 0xF5, 0x12, 0x78, 0xDB, 0x0A, 0x52, 0xC4, 0x15,
    0x10, 0xF7, 0x6C, 0x8A, 0x37, 0x7F, 0x39, 0x66, 0xA8, 0x48, 0x77, 0x60, 0x55, 0x69, 0x26, 0xE5,
    0x0C, 0x7E, 0x5E, 0x28, 0x5E, 0x65, 0x63, 0xB6, 0xFE, 0x4D, 0x53, 0x03, 0x53, 0x25, 0x09, 0x71,
    0x80, 0xDF, 0x79, 0x2F, 0x21, 0x60, 0xEF, 0x99, 0x18, 0xFD, 0x7F, 0x53, 0xC3, 0xEE, 0x9F, 0xBE,
    0x41, 0xC2, 0x46, 0xC6, 0x12, 0xBC, 0x48, 0x25, 0x9C, 0x27, 0x07, 0x9F, 0xE0, 0x20, 0x01, 0x22,
    0x61, 0x2D, 0x03, 0xE0, 0x75, 0x6F, 0x3D, 0x37, 0xA2, 0x13, 0x86, 0xDC, 0x96, 0x03, 0xB2, 0xAB,
    0x53, 0xD2, 0x23, 0x73, 0xEB, 0x99, 0xEA, 0xA1, 0x81, 0xDD, 0x59, 0x23, 0xF0, 0x93, 0x72, 0x49,
    0xBC, 0x36, 0xE4, 0xE2, 0xA0, 0x38, 0xB4, 0x68, 0xB5, 0xFB, 0xA4, 0x5B, 0x66, 0x77, 0x37, 0xED,
    0x5E, 0x9C, 0x6E, 0xFE, 0x6C, 0x32, 0xE0, 0x82, 0x1C, 0x21, 0x67, 0x3A, 0xD9, 0xC1, 0xC3, 0xCD,
    0x7B, 0xF0, 0xF0, 0xE9, 0x6D, 0x3C, 0x9C, 0x31, 0x49, 0x78, 0xBD, 0x0D, 0xDA, 0x2E, 0x0F, 0x6F,
    0x5E, 0x23, 0x3C, 0x70, 0x5B, 0xE3, 0xB3, 0x2E, 0x90, 0x32, 0x60, 0x3D, 0xAD, 0x60, 0x48, 0x8E,
    0x2C, 0x08, 0x46, 0x32, 0x71, 0x22, 0xD2, 0x04, 0x0E, 0xBF, 0xEE, 0xE5, 0x6E, 0xC3, 0xA2, 0x6C,
    0xC3, 0xE2, 0xF6, 0x46, 0xFD, 0xAC, 0x69, 0xA2, 0x3F, 0x76, 0x83, 0x0A, 0x6B, 0x75, 0xC6, 0x68,
    0xA8, 0x8B, 0xBB, 0xEF, 0xA1, 0xC5, 0xF2, 0x20, 0xCA, 0x81, 0x17, 0x98, 0xE7, 0x95, 0xC0, 0xC1,
    0x01, 0x9F, 0xD6, 0x98, 0xB9, 0x72, 0xFE, 0x5E, 0x16, 0x6E, 0x7A, 0xC8, 0xAB, 0xBD, 0xE5, 0x21,
    0x16, 0x3A, 0xA8, 0xC7, 0x5B, 0xF2, 0x1B, 0x9A, 0xB2, 0xB9, 0x99, 0x3E, 0xA7, 0xDC, 0xD8, 0x4D,
    0xC7, 0x5B, 0xF6, 0x5F, 0xE4, 0x83, 0x1D, 0xAA, 0xAF, 0x1F, 0x98, 0x94, 0x0E, 0xDB, 0xDD, 0xD6,
    0xC9, 0xD6, 0x7E, 0x48, 0x4A, 0x2D, 0xCE, 0x28, 0x21, 0x9A, 0x5B, 0x66, 0x30, 0xD9, 0xD7, 0x67,
    0xC1, 0xB5, 0xEF, 0x24, 0xFC, 0xB9, 0x84, 0xFA, 0xFA, 0xA8, 0x5F, 0xBD, 0xEB, 0xF8, 0x7A, 0x15,
    0x4E, 0xE9, 0xBB, 0x53, 0x14, 0x7A, 0x79, 0xF6, 0x54, 0x58, 0x7B, 0x23, 0xDD, 0xD1, 0xE7, 0x3E,
    0x3E, 0x37, 0xF4, 0x75, 0x67, 0xFF, 0xBE, 0x17, 0xDC, 0xE0, 0x07, 0x7D, 0x2C, 0x74, 0x7F, 0x7F,
    0xD8, 0x0D, 0x56, 0x75, 0x7B, 0x5F, 0x29, 0xB3, 0xF3, 0x86, 0xB2, 0x1B, 0xDD, 0xC9, 0x75, 0x6F,
    0xAE, 0x2B, 0x71, 0xD1, 0x3C, 0x34, 0xBF, 0xCD, 0x84, 0xBE, 0xA1, 0x1A, 0x52, 0x16, 0xE8, 0x75,
    0x14, 0x1E, 0x90, 0x94, 0x3F, 0x01, 0xC1, 0x59, 0xCC, 0xC9, 0xB9, 0xAF, 0x58, 0x43, 0x44, 0xC9,
    0xCB, 0x25, 0x10, 0xB0, 0xF4, 0x72, 0xAF, 0x64, 0x04, 0x3E, 0x09, 0x63, 0x2C, 0x41, 0x68, 0xFC,
    0xF6, 0x2B, 0xAF, 0xE3, 0x5E, 0x55, 0x4B, 0x41, 0x3E, 0xA4, 0x84, 0x48, 0xD0, 0x94, 0x35, 0x62,
    0x29, 0xAA, 0x7B, 0xEF, 0x90, 0xF3, 0x22, 0xA4, 0xBA, 0x78, 0x42, 0x64, 0x65, 0x51, 0xF3, 0x8D,
    0x29, 0xC3, 0xFC, 0x4C, 0xEE, 0xB3, 0xB8, 0x9D, 0x9D, 0x94, 0x51, 0x44, 0x40, 0x72, 0xB0, 0xCA,
    0xEE, 0x44, 0xF2, 0xC7, 0xFF, 0xE9, 0xA0, 0xD4, 0x36, 0x3F, 0x90, 0x51, 0xB3, 0xE8, 0xDE, 0xC8,
    0x0E, 0xAD, 0x08, 0x50, 0x20, 0x2E, 0xA4, 0x2B, 0x9C, 0x2E, 0x73, 0x5A, 0xF1, 0xFE, 0x21, 0x4B,
    0xE7, 0xDC, 0xF7, 0xD2, 0x75, 0x70, 0x44, 0x15, 0x16, 0xA5, 0x46, 0x4B, 0xC5, 0x2D, 0x42, 0x81,
    0xA6, 0x94, 0x47, 0x6D, 0x50, 0x3B, 0x37, 0x7B, 0xBD, 0xDE, 0xB5, 0x98, 0x25, 0xE6, 0x8B, 0xB7,
    0x4E, 0x6F, 0xF5, 0xEA, 0x05, 0x18, 0xC2, 0xBB, 0x41, 0xD3, 0x2C, 0x1C, 0xC3, 0xAD, 0xB9, 0x4E,
    0xEA, 0xF4, 0xC0, 0xF8, 0xFF, 0x47, 0x6A, 0xB0, 0xAF, 0xE0, 0x96, 0x65, 0x8D, 0xC4, 0x5D, 0x76,
    0x6F, 0xC1, 0xAB, 0x0D, 0xDC, 0x66, 0xBC, 0xA9, 0x34, 0xD9, 0xEF, 0xD0, 0x9A, 0xC7, 0xEE, 0xDC,
    0x3D, 0x6A, 0x59, 0x05, 0xAA, 0x46, 0xD6, 0x99, 0x4D, 0x78, 0x6B, 0x19, 0x55, 0xE4, 0x45, 0x31,
    0x15, 0xF7, 0x26, 0xEE, 0xBD, 0x1D, 0x70, 0xEB, 0x87, 0x9B, 0xA1, 0xF3, 0x76, 0xED, 0x02, 0x18,
    0x69, 0x59, 0xA6, 0xC1, 0x7B, 0x56, 0xC4, 0x49, 0xE4, 0x3F, 0x35, 0x90, 0xB1, 0x4E, 0xC3, 0x30,
    0x10, 0x86, 0x7F, 0xC7, 0x84, 0x28, 0x84, 0x2A, 0x0B, 0xDD, 0x80, 0x2C, 0x4C, 0x08, 0x48, 0x07,
    0x86, 0x0E, 0x41, 0xB6, 0xC4, 0xC8, 0x92, 0x05, 0xF1, 0x00, 0x3C, 0x00, 0x1D, 0x19, 0x0A, 0x8D,
    0x28, 0x12, 0x23, 0x3C, 0x02, 0x33, 0x02, 0x89, 0x95, 0x85, 0xB8, 0x54, 0xEA, 0x6C, 0xC4, 0x0B,
    0x98, 0x37, 0xC8, 0x50, 0xD4, 0x00, 0x0E, 0xC6, 0x2E, 0xE2, 0x74, 0xD2, 0xE9, 0x4E, 0xF7, 0xDF,
    0x7D, 0x77, 0x6D, 0x18, 0x34, 0xA8, 0x51, 0x41, 0x01, 0x24, 0x67, 0x23, 0x1D, 0x89, 0xCC, 0x13,
    0xB0, 0x96, 0x83, 0x89, 0xA0, 0xC1, 0x47, 0xB5, 0x1D, 0x5C, 0xF1, 0x35, 0x57, 0x01, 0xA9, 0x43,
    0xA6, 0xDE, 0x4E, 0xEE, 0x7B, 0xE5, 0xC4, 0x9B, 0xDA, 0x7C, 0xF3, 0x6E, 0x68, 0x74, 0xFB, 0x90,
    0x03, 0x8B, 0x08, 0x3B, 0x18, 0xCB, 0x7E, 0x62, 0x78, 0xA9, 0xAC, 0xD4, 0xA7, 0x9A, 0xBD, 0xD4,
    0x3E, 0x56, 0xC8, 0x81, 0x7A, 0x36, 0xF1, 0xB7, 0x3C, 0x77, 0xFA, 0x40, 0x0D, 0x5E, 0x4B, 0x52,
    0xAD, 0x27, 0x9C, 0xFB, 0xC1, 0x83, 0xEC, 0x53, 0x79, 0xAC, 0x7D, 0xB4, 0x49, 0xDE, 0xB0, 0xA1,
    0xD2, 0x49, 0x24, 0x1E, 0x33, 0x7A, 0x31, 0x5F, 0x0E, 0x50, 0xBE, 0xBA, 0x13, 0x15, 0x5F, 0x95,
    0x45, 0x60, 0xAE, 0x64, 0xBB, 0xCA, 0x44, 0xE8, 0x14, 0xF5, 0x1E, 0xAA, 0x2E, 0xD4, 0xED, 0x1F,
    0x63, 0xA9, 0x12, 0xB3, 0x2F, 0xB2, 0x0E, 0x26, 0x08, 0x1D, 0x61, 0x31, 0xCD, 0xA8, 0x62, 0xE3,
    0x7A, 0xC1, 0x8D, 0x50, 0xB1, 0x48, 0xFD, 0xD9, 0x0F, 0x5F, 0x9A, 0xD3, 0x00, 0x1B, 0xE4, 0xDA,
    0xD1, 0xCC, 0xE4, 0x99, 0x13, 0x7B, 0x35, 0x1B, 0x35, 0x54, 0x64, 0xA9, 0xC7, 0x71, 0x13, 0xA1,
    0x47, 0x65, 0x5A, 0x05, 0x92, 0x5E, 0xB6, 0x3E, 0xDF, 0x9F, 0x80, 0xC2, 0xE3, 0x01, 0x5A, 0xD8,
    0x42, 0x17, 0xA7, 0xE8, 0x2F, 0xB3, 0x69, 0x54, 0xE4, 0x38, 0x42, 0x6B, 0x97, 0xD8, 0x33, 0x63,
    0x83, 0x81, 0xFC, 0x7F, 0x80, 0x8D, 0xCC, 0x68, 0xEB, 0xBF, 0xDD, 0x5A, 0x3F, 0x8C, 0x1C, 0xD5,
    0x19, 0xFF, 0xDE, 0x8C, 0xEF, 0x06, 0x6E, 0xE2, 0x1B, 0x17, 0x3E, 0x0B, 0xB0, 0xB9, 0xA1, 0x20,
    0x92, 0xB1, 0x6C, 0x0F, 0x05, 0x52, 0x9C, 0xC8, 0xBE, 0x19, 0xA0, 0x48, 0x91, 0x14, 0x2E, 0xBC,
    0xA0, 0x84, 0x02, 0x8A, 0x44, 0x82, 0x28, 0xD1, 0x59, 0x11, 0x05, 0x85, 0xEF, 0x76, 0x88, 0x8B,
    0x14, 0x91, 0x92, 0x95, 0x22, 0xEA, 0x38, 0x12, 0x44, 0x66, 0x29, 0x7C, 0x91, 0x5C, 0x58, 0xC9,
    0xDD, 0xED, 0x10, 0x17, 0x6E, 0x17, 0xA2, 0x84, 0xC2, 0x52, 0x18, 0x14, 0xA7, 0x31, 0x51, 0x18,
    0x87, 0x0D, 0xAC, 0xCD, 0xEE, 0x4E, 0x7E, 0xBF, 0xEF, 0xCD, 0xEE, 0x8E, 0x63, 0x24, 0x08, 0x3E,
    0x87, 0x73, 0xE6, 0x74, 0xB3, 0xBB, 0x6F, 0x77, 0xDE, 0xFB, 0xBE, 0xDF, 0xFB, 0x7D, 0xFF, 0xDE,
    0x7B, 0x22, 0x92, 0x0A, 0xAF, 0x0B, 0x7A, 0x8F, 0xF5, 0x1E, 0x76, 0x79, 0x0F, 0x06, 0xBC, 0xBB,
    0x4D, 0xDE, 0x9D, 0x4B, 0x39, 0x5F, 0x72, 0x6D, 0x3A, 0x19, 0xF1, 0x91, 0xA3, 0x6E, 0x81, 0xFB,
    0x4E, 0x19, 0xE2, 0xEE, 0x4B, 0x98, 0xE1, 0xA7, 0x29, 0x9B, 0x9C, 0xB2, 0x1C, 0xA1, 0xA9, 0x2C,
    0x4B, 0x34, 0xBD, 0x28, 0x4E, 0x4F, 0xE4, 0xA0, 0x08, 0x7A, 0x99, 0x47, 0x97, 0x5D, 0xF1, 0x12,
    0x31, 0x03, 0x71, 0x33, 0x8E, 0x65, 0x30, 0x8E, 0x9F, 0x9B, 0x3E, 0x1E, 0x1A, 0xBA, 0x65, 0x2E,
    0x41, 0xD9, 0x93, 0x9B, 0xAF, 0xE7, 0xF5, 0xDE, 0x4C, 0x54, 0x2A, 0x15, 0x41, 0x47, 0xAD, 0xAE,
    0x05, 0x91, 0xE5, 0x91, 0x44, 0x6E, 0xCF, 0xCB, 0x83, 0x74, 0xBF, 0x40, 0xB8, 0x20, 0x93, 0xD9,
    0x81, 0xF8, 0x1F, 0x64, 0x7E, 0x77, 0xE0, 0xE6, 0x41, 0x76, 0x4A, 0x06, 0x7E, 0x16, 0x64, 0x9B,
    0xCE, 0xC0, 0x1B, 0xBD, 0x7F, 0x35, 0xEC, 0xC7, 0xD9, 0x0E, 0xD1, 0xCE, 0xCC, 0x19, 0x08, 0x90,
    0x8A, 0x8B, 0xB1, 0xE3, 0xC4, 0xF6, 0xE6, 0xB7, 0xB4, 0xFF, 0x91, 0x7E, 0x58, 0xCE, 0xF4, 0xC5,
    0xCA, 0x73, 0x4A, 0xEF, 0xAF, 0xD6, 0xE4, 0x72, 0xEC, 0x5D, 0x25, 0x92, 0x41, 0x4D, 0xC8, 0x58,
    0xC5, 0xDB, 0xA9, 0x4D, 0x7E, 0x48, 0x9C, 0xDC, 0xD3, 0x6C, 0x32, 0xD9, 0x26, 0x9B, 0x8A, 0x80,
    0xFD, 0x3E, 0xE6, 0xB2, 0xDF, 0x83, 0x04, 0x05, 0xA8, 0xB0, 0xC9, 0x2F, 0x4B, 0x48, 0xE2, 0x02,
    0x34, 0x21, 0x2A, 0x3E, 0x80, 0x59, 0x23, 0x4E, 0x72, 0x44, 0xE5, 0x7B, 0x50, 0xC4, 0x2B, 0x24,
    0xD0, 0xB1, 0x00, 0xA0, 0x44, 0xA9, 0x87, 0xA1, 0xFD, 0x5E, 0x50, 0xA6, 0x12, 0x97, 0x3A, 0x5B,
    0x8B, 0x09, 0x90, 0x17, 0xD9, 0x83, 0x6E, 0x3C, 0x0C, 0x7B, 0x5E, 0x64, 0x05, 0x5D, 0x59, 0x69,
    0xCD, 0x71, 0x99, 0x2D, 0x73, 0xA7, 0x88, 0x93, 0x55, 0xE9, 0x3B, 0x29, 0x07, 0x1C, 0xA8, 0x8A,
    0x9B, 0x03, 0xD9, 0x08, 0xB2, 0x25, 0x19, 0x78, 0x00, 0x69, 0x1D, 0x58, 0xE5, 0x51, 0xD6, 0xFC,
    0xC7, 0xE6, 0xAF, 0xCB, 0xD3, 0x03, 0x49, 0x76, 0xE8, 0xB3, 0x73, 0x8A, 0x8A, 0x4F, 0x4D, 0x0F,
    0xB8, 0x1C, 0x29, 0x7E, 0x8F, 0x2A, 0x44, 0xAA, 0xCE, 0x61, 0x45, 0x60, 0x87, 0xEC, 0xA8, 0x41,
    0xB3, 0xCD, 0xE8, 0xE4, 0x9C, 0x25, 0x2B, 0x4C, 0xB2, 0x2E, 0xF1, 0xE9, 0xCC, 0x29, 0xBF, 0x2D,
    0xE1, 0x32, 0xA6, 0xE1, 0xB0, 0x78, 0xB2, 0x6F, 0x22, 0x32, 0xF0, 0x31, 0x9D, 0x3E, 0x89, 0x64,
    0xFA, 0x6E, 0x6E, 0x01, 0x82, 0xE8, 0x60, 0x92, 0xF3, 0x49, 0x41, 0x84, 0x82, 0x34, 0x06, 0x09,
    0x06, 0x4E, 0xE1, 0x16, 0x84, 0x28, 0xFC, 0xE4, 0xDC, 0x59, 0x72, 0xC9, 0xC8, 0x2E, 0x31, 0x67,
    0xB5, 0x0B, 0xD5, 0x41, 0x4C, 0x71, 0x40, 0xA7, 0x3F, 0x56, 0xF5, 0xEE, 0x12, 0x8C, 0x0E, 0x80,
    0x50, 0xA4, 0x9A, 0x78, 0xD9, 0x6E, 0xF0, 0x28, 0xC0, 0xB0, 0x3F, 0x2E, 0xD1, 0xB6, 0xB2, 0x8E,
    0xA7, 0x21, 0xBC, 0xC9, 0xBC, 0xBA, 0x49, 0x2E, 0x88, 0x5A, 0x1D, 0xD1, 0x12, 0xDA, 0x9D, 0xA8,
    0xE1, 0x29, 0x8B, 0x01, 0x18, 0x6D, 0x0F, 0xF4, 0xC5, 0x70, 0xB0, 0x3E, 0x62, 0x26, 0xB4, 0x3F,
    0x81, 0x01, 0x0A, 0x2D, 0x50, 0x08, 0x9B, 0x54, 0x36, 0x68, 0xAF, 0x55, 0xAB, 0xBF, 0x35, 0xEB,
    0x63, 0x54, 0xFC, 0x4C, 0xA0, 0x76, 0xB8, 0xC8, 0xF7, 0x9F, 0xE4, 0x6A, 0x67, 0x87, 0xF9, 0x65,
    0x52, 0x7F, 0xEC, 0x1E, 0x6B, 0xB3, 0xE9, 0xD4, 0x27, 0x98, 0xA1, 0x36, 0x95, 0x6A, 0xB9, 0x5F,
    0xD3, 0xA6, 0x83, 0xDA, 0xF9, 0xBC, 0x1A, 0x9D, 0xE7, 0xF4, 0xF9, 0xD3, 0x4C, 0xF1, 0xEE, 0x06,
    0xC4, 0x7B, 0x4D, 0xD5, 0x3E, 0xA2, 0x53, 0x10, 0x95, 0x40, 0x03, 0x70, 0x94, 0x68, 0x02, 0x60,
    0x11, 0xCC, 0x29, 0xA3, 0xD1, 0x09, 0x5A, 0x87, 0x44, 0x95, 0x78, 0x1F, 0xD5, 0xB1, 0x60, 0x8D,
    0xB2, 0x29, 0x34, 0xEE, 0xA8, 0x1B, 0x8F, 0x88, 0x3B, 0xE4, 0xFA, 0x2A, 0x87, 0xB6, 0x36, 0x08,
    0xB5, 0x77, 0x4B, 0xE1, 0xF6, 0x43, 0x89, 0x7A, 0x2D, 0xF3, 0x51, 0xA1, 0x28, 0x9E, 0x34, 0x59,
    0x1D, 0xC2, 0xBD, 0x65, 0x4A, 0x7B, 0x0C, 0xD3, 0x25, 0x8B, 0x1F, 0x55, 0x80, 0x41, 0x46, 0x1D,
    0x05, 0xAF, 0xEF, 0x16, 0xB4, 0xC8, 0x08, 0x92, 0x01, 0x39, 0x53, 0xFE, 0xEE, 0xC6, 0xCB, 0x34,
    0xC9, 0x5D, 0xB4, 0xE7, 0xB9, 0xC7, 0x89, 0x42, 0xA0, 0x6A, 0xCE, 0x5A, 0xDA, 0xD8, 0xCB, 0x53,
    0x67, 0xE5, 0x51, 0x18, 0xB8, 0x80, 0xF3, 0xDB, 0x95, 0x6E, 0x4E, 0xEB, 0x21, 0x29, 0x2F, 0xCB,
    0x7C, 0xA7, 0x6B, 0x52, 0x2B, 0x12, 0x9E, 0x71, 0x20, 0xF5, 0xC6, 0x0A, 0x90, 0x5D, 0xBB, 0x3D,
    0xC7, 0xEE, 0x9C, 0x99, 0xFA, 0xF0, 0xBB, 0x87, 0x3B, 0xF5, 0x6B, 0x36, 0x9D, 0xCE, 0xA5, 0x19,
    0xD5, 0xA6, 0x4C, 0x2F, 0x18, 0x28, 0xEC, 0x93, 0x68, 0xC1, 0x3A, 0x41, 0xAB, 0xBA, 0x6D, 0x6E,
    0x6D, 0x34, 0xA4, 0x16, 0x9C, 0x9B, 0x74, 0x02, 0x95, 0x71, 0xB5, 0xE5, 0xA4, 0x3B, 0xE5, 0x5F,
    0x05, 0xD8, 0xB6, 0xF4, 0xFC, 0xB3, 0x67, 0x88, 0x34, 0x15, 0x30, 0x39, 0x9F, 0x34, 0x99, 0x2B,
    0xF3, 0x8F, 0xE7, 0xD2, 0x1C, 0x28, 0x7E, 0xB7, 0x85, 0x98, 0xF5, 0x59, 0xBE, 0x55, 0x5E, 0x2D,
    0xCD, 0xF8, 0x72, 0x17, 0x81, 0xF3, 0x40, 0xAA, 0xC4, 0x74, 0xC9, 0x5A, 0xE6, 0x23, 0x5B, 0x0A,
    0x4E, 0x75, 0x59, 0x8B, 0x8A, 0x2D, 0x06, 0xD6, 0xAC, 0xD7, 0x79, 0xBB, 0x6F, 0x17, 0xF5, 0x76,
    0xCB, 0x62, 0x9A, 0x2E, 0x55, 0xD7, 0x43, 0x7A, 0x3F, 0x6C, 0x7D, 0x42, 0x36, 0x35, 0x03, 0xB7,
    0xD4, 0xA6, 0x77, 0xB5, 0xE9, 0xB7, 0xB4, 0x44, 0x39, 0xA2, 0x10, 0xEE, 0xD3, 0xB4, 0x24, 0xD0,
    0xF8, 0xE3, 0x26, 0x64, 0xAE, 0x93, 0xD1, 0xEC, 0x60, 0x77, 0x6C, 0xEA, 0x94, 0x48, 0x8F, 0x90,
    0x1F, 0x71, 0x28, 0xD8, 0xDD, 0x06, 0x11, 0x24, 0x84, 0x2E, 0x98, 0xDE, 0x53, 0x58, 0x80, 0x57,
    0xA1, 0x63, 0xC1, 0x44, 0x61, 0xE2, 0x9C, 0xD6, 0x4E, 0x82, 0x4C, 0xCC, 0x2D, 0x87, 0x72, 0x5C,
    0x4D, 0x4D, 0x3A, 0xA9, 0xCA, 0xED, 0x27, 0xE2, 0x75, 0x91, 0x32, 0x3C, 0x2A, 0x57, 0x16, 0xE1,
    0x63, 0xE1, 0xA9, 0x7B, 0xB7, 0x99, 0x5A, 0xDD, 0xEA, 0xC7, 0xAB, 0x6C, 0xED, 0xB9, 0xBB, 0x83,
    0x43, 0xEA, 0xC7, 0x3F, 0x90, 0xF9, 0x72, 0xEC, 0xC7, 0xB7, 0x92, 0x43, 0xA9, 0xEA, 0x7A, 0x90,
    0x0E, 0x54, 0xBC, 0xAB, 0x4A, 0x92, 0x4E, 0xAF, 0xC2, 0xFB, 0xFF, 0xC1, 0x8F, 0x03, 0xC7, 0xD4,
    0x05, 0x9D, 0x4E, 0x4A, 0xB1, 0x88, 0xE4, 0xDF, 0xD2, 0x69, 0xF7, 0x1D, 0xF1, 0xE3, 0x22, 0x4F,
    0xBD, 0xD2, 0x78, 0x66, 0x16, 0xB3, 0x3C, 0x94, 0x61, 0xA3, 0xD1, 0x83, 0xF0, 0x0E, 0x73, 0x33,
    0x45, 0xC1, 0x67, 0xF7, 0x5F, 0x41, 0xD3, 0x49, 0x0C, 0x02, 0x65, 0x63, 0x9A, 0xC8, 0xA8, 0xBD,
    0xCE, 0x52, 0xA4, 0xA8, 0x35, 0x0D, 0x30, 0x17, 0xF8, 0xD5, 0x73, 0xD6, 0x2E, 0x63, 0x8A, 0x8F,
    0x07, 0x77, 0x12, 0x74, 0x96, 0x34, 0x5E, 0xD6, 0x6C, 0xB7, 0x3B, 0x61, 0xA9, 0x55, 0x8C, 0xC8,
    0x99, 0x4A, 0x45, 0x96, 0x0E, 0x11, 0x1F, 0xA0, 0x01, 0x9B, 0xFE, 0x58, 0x9E, 0x07, 0x12, 0xE9,
    0x0C, 0xA5, 0xEF, 0xD3, 0x2C, 0x8E, 0x49, 0x14, 0xB6, 0x3B, 0x97, 0xAF, 0xB6, 0x7F, 0x53, 0xA8,
    0x9D, 0x01, 0x73, 0xCF, 0xA2, 0x1D, 0xE6, 0xCE, 0x13, 0x40, 0x35, 0x04, 0xB0, 0xBB, 0x2B, 0xC4,
    0xC4, 0x1D, 0x68, 0x5F, 0x36, 0xD9, 0x16, 0x73, 0x85, 0xB3, 0xCF, 0xE9, 0x7B, 0x80, 0x30, 0x3B,
    0x9C, 0xCE, 0x70, 0xFC, 0x06, 0xD7, 0xCC, 0x0B, 0x8D, 0xC6, 0xDA, 0x32, 0x84, 0xEA, 0x06, 0x7F,
    0x6A, 0x3C, 0x9B, 0xC4, 0xF4, 0x2D, 0x83, 0xCA, 0x1C, 0xD6, 0xA8, 0x08, 0x10, 0xF0, 0x26, 0xBA,
    0xAD, 0x49, 0x70, 0xF5, 0x8D, 0x8C, 0xEE, 0xA2, 0xDE, 0x64, 0x11, 0x98, 0xB5, 0x45, 0x1E, 0x1F,
    0xDC, 0xCF, 0x07, 0xBB, 0x71, 0xE5, 0x76, 0x4E, 0x79, 0x37, 0xDA, 0x6F, 0x5C, 0xC3, 0x10, 0xF4,
    0x34, 0x32, 0x37, 0x81, 0x1C, 0xD5, 0x18, 0x04, 0x33, 0xCB, 0x36, 0xF8, 0x9C, 0x17, 0x03, 0x01,
    0x2D, 0x73, 0x67, 0x5B, 0xA0, 0x59, 0xB2, 0xE4, 0x14, 0x48, 0xEE, 0x82, 0xC4, 0xBF, 0x74, 0xF5,
    0xDC, 0x47, 0x37, 0xDA, 0xAF, 0x53, 0x73, 0x61, 0xD9, 0x67, 0xEC, 0xD4, 0x79, 0x7D, 0x69, 0x75,
    0xCA, 0xAE, 0x87, 0xDA, 0x6E, 0x46, 0xC9, 0x04, 0xDF, 0x18, 0xBF, 0x95, 0x89, 0xF9, 0x00, 0x54,
    0x9A, 0xF3, 0xD1, 0xDB, 0xAE, 0x59, 0x3B, 0xC1, 0xE6, 0xBB, 0x8D, 0xC6, 0x0F, 0xF7, 0x42, 0x80,
    0x9E, 0xFB, 0xAF, 0xC6, 0xD3, 0x5D, 0x48, 0xE7, 0xA7, 0x63, 0xE9, 0x0E, 0x52, 0xE0, 0x47, 0x51,
    0xFD, 0xD4, 0x67, 0xF1, 0x46, 0xBB, 0x20, 0xC5, 0x6F, 0x9E, 0x58, 0x6A, 0x6A, 0x52, 0xCB, 0x50,
    0x3C, 0x38, 0xC7, 0x07, 0x1F, 0x1B, 0x93, 0x24, 0x34, 0xA3, 0x76, 0x7B, 0xD0, 0x2C, 0xD5, 0x3A,
    0x38, 0x0D, 0xE3, 0x6B, 0x03, 0x4E, 0xB7, 0x9B, 0x3D, 0xB8, 0xB9, 0x36, 0xE7, 0xF7, 0x9D, 0x64,
    0xFD, 0xF6, 0xE6, 0x97, 0x85, 0x1A, 0x0D, 0x6A, 0x2E, 0x85, 0x76, 0x9D, 0x8B, 0xB6, 0x92, 0x90,
    0x97, 0x50, 0xCC, 0x9A, 0xB1, 0x67, 0x5C, 0x78, 0xAD, 0xF1, 0xD4, 0x9B, 0xF0, 0xEA, 0x65, 0x12,
    0x37, 0x1A, 0x2B, 0x14, 0xF4, 0xC2, 0x98, 0x81, 0x0E, 0x05, 0x75, 0xD1, 0xB4, 0xAF, 0x3E, 0x71,
    0xED, 0x73, 0xB4, 0xCC, 0xC1, 0x4D, 0x73, 0xA9, 0x4A, 0xDF, 0x67, 0xFD, 0x05, 0xE7, 0xF2, 0x0C,
    0x1F, 0x4C, 0x2A, 0x5E, 0x98, 0x22, 0xBC, 0xDA, 0x3E, 0x77, 0xA9, 0xB4, 0x9E, 0x11, 0xA9, 0x79,
    0x75, 0xB5, 0x15, 0x97, 0x19, 0xA7, 0x60, 0x15, 0x29, 0x9D, 0x3F, 0x0A, 0xD3, 0x7A, 0x37, 0x3B,
    0x7F, 0x53, 0x19, 0x49, 0xC5, 0x1D, 0x64, 0x1E, 0x41, 0xBA, 0x2E, 0x4C, 0xDD, 0xA1, 0xBB, 0xAC,
    0xB6, 0xCB, 0x64, 0xB3, 0xDD, 0x56, 0x70, 0xF8, 0xBF, 0x51, 0x55, 0x3C, 0x34, 0x4F, 0x20, 0x90,
    0xF8, 0xB0, 0x4A, 0xC3, 0x3A, 0x15, 0xD3, 0xFC, 0x83, 0x49, 0x39, 0x74, 0x74, 0x0E, 0x20, 0xEF,
    0xEF, 0x64, 0xDB, 0x08, 0x04, 0x56, 0x89, 0x0C, 0x1D, 0x2C, 0x12, 0x4D, 0x3E, 0xB2, 0x35, 0xA2,
    0x77, 0x39, 0xD3, 0xE2, 0x86, 0x8E, 0x6C, 0x72, 0xBD, 0xC0, 0xE5, 0x8C, 0x2E, 0xEA, 0xDE, 0x02,
    0x1A, 0x0F, 0xA4, 0x27, 0xEB, 0xE6, 0xC6, 0x1B, 0x43, 0x07, 0x2C, 0x77, 0x18, 0x74, 0xF8, 0xDF,
    0xAB, 0x2A, 0x4E, 0xF6, 0xDF, 0x4C, 0xEF, 0x85, 0x45, 0xF4, 0x85, 0x5C, 0x1F, 0xBB, 0x40, 0x5C,
    0xD7, 0xE9, 0x3D, 0x87, 0x55, 0xBC, 0x3B, 0x0B, 0x93, 0xF6, 0x07, 0x5F, 0x17, 0x46, 0x55, 0xD4,
    0x36, 0x2F, 0x81, 0xFE, 0xF8, 0xFB, 0x72, 0xE9, 0x7F, 0x2F, 0x00, 0x09, 0x7A, 0x95, 0x03, 0x3A,
    0x85, 0xF9, 0x3B, 0x2A, 0xF1, 0xCB, 0x85, 0x74, 0xDE, 0x4E, 0xEE, 0x04, 0x37, 0xE0, 0x4C, 0x9F,
    0x63, 0x80, 0xC2, 0x57, 0x7F, 0x1E, 0x3B, 0x52, 0x0D, 0x2B, 0x21, 0x6E, 0x26, 0x5F, 0xFC, 0x72,
    0x0D, 0xE4, 0xD5, 0x7B, 0x58, 0xD2, 0x7D, 0xA3, 0x4C, 0xEE, 0xB3, 0xC1, 0x18, 0x91, 0xD5, 0x1F,
    0x8A, 0xFF, 0x4E, 0xE6, 0x25, 0x07, 0x55, 0xD2, 0x57, 0x49, 0x09, 0xE8, 0x8E, 0xB0, 0x75, 0xB1,
    0xEB, 0x5C, 0x03, 0x1F, 0xA0, 0xF8, 0xB2, 0xA6, 0xD0, 0x24, 0xC3, 0xAA, 0x3E, 0x02, 0x7D, 0x1E,
    0x8E, 0xCA, 0x1E, 0x55, 0x36, 0x74, 0x6E, 0x67, 0xC7, 0xEE, 0x7D, 0xFB, 0xCC, 0xFA, 0x1C, 0xE5,
    0xEA, 0x30, 0x14, 0xE8, 0x82, 0x49, 0x5E, 0xCD, 0xC4, 0x8C, 0xE6, 0x8A, 0x50, 0x19, 0x06, 0x81,
    0x99, 0xAF, 0x55, 0x65, 0x5B, 0x14, 0xEB, 0xFC, 0x16, 0x6A, 0xDA, 0xE5, 0x2E, 0x8C, 0xE9, 0x94,
    0xAE, 0x43, 0x36, 0x4E, 0x2C, 0x8F, 0x30, 0x25, 0x31, 0x34, 0x80, 0xD4, 0x9F, 0xF9, 0xC6, 0xEB,
    0x85, 0xB4, 0x2E, 0xE7, 0x0A, 0x32, 0xA3, 0x3D, 0x7D, 0x84, 0xC1, 0x40, 0x42, 0xBB, 0xBE, 0xB7,
    0xC3, 0x74, 0xA4, 0xC3, 0x1F, 0x92, 0x96, 0x7E, 0xE6, 0xDC, 0xF4, 0x26, 0x4E, 0xCA, 0xE1, 0x42,
    0x63, 0x6F, 0xD9, 0xFA, 0xBC, 0xE3, 0xB8, 0x85, 0x19, 0x7A, 0xD5, 0x22, 0xEE, 0xF7, 0xA4, 0x99,
    0x84, 0x5D, 0x65, 0x91, 0x69, 0x21, 0x2F, 0xEB, 0xA4, 0x98, 0xE2, 0x5A, 0x92, 0xF4, 0x99, 0x23,
    0x5B, 0xFC, 0x00, 0x2C, 0x82, 0x61, 0xF5, 0x81, 0xAA, 0x87, 0x64, 0x1E, 0x32, 0x1C, 0x24, 0xE6,
    0x4D, 0xC2, 0xC3, 0x11, 0x22, 0xCE, 0xBE, 0xC4, 0x8F, 0xD3, 0x32, 0x9A, 0x5C, 0x3C, 0x95, 0x01,
    0x1B, 0x9C, 0xEB, 0x9C, 0x25, 0xFF, 0x63, 0xCA, 0x10, 0x6A, 0xF9, 0xD0, 0x6C, 0x6A, 0x92, 0xA8,
    0x93, 0xF7, 0xA1, 0x36, 0xFF, 0x82, 0xBF, 0xDE, 0x20, 0xCA, 0x6E, 0x11, 0x6B, 0x04, 0xDA, 0x54,
    0x3A, 0x8C, 0x34, 0x1C, 0x8F, 0x74, 0x7A, 0x3A, 0xAF, 0x70, 0x39, 0x38, 0x2A, 0x99, 0x6F, 0x48,
    0x2D, 0x01, 0x7D, 0x40, 0xEF, 0x6A, 0x08, 0x6E, 0xBF, 0xE2, 0xFD, 0xF8, 0xDA, 0x73, 0x5C, 0x88,
    0xC4, 0x86, 0xE9, 0x7B, 0x99, 0xD3, 0x5B, 0x12, 0xF7, 0x5A, 0x4F, 0xFC, 0xCB, 0x5D, 0x09, 0xCF,
    0x25, 0xB2, 0xBA, 0x21, 0xE6, 0x46, 0x4F, 0xBC, 0x77, 0x72, 0x89, 0xC0, 0xB7, 0x41, 0x98, 0x7A,
    0x59, 0x94, 0x6E, 0x40, 0xB5, 0x54, 0xC6, 0x10, 0xDD, 0x6F, 0x93, 0x59, 0x26, 0x90, 0x41, 0x36,
    0xCD, 0x2A, 0x48, 0x3F, 0x7E, 0x34, 0xE7, 0xD2, 0x49, 0xB1, 0x64, 0x34, 0xCF, 0x5D, 0xAC, 0xE5,
    0x9E, 0xAF, 0xEB, 0x42, 0x10, 0x7B, 0x43, 0x22, 0x99, 0xD3, 0x6F, 0xFB, 0x5A, 0x12, 0xF9, 0x4C,
    0xFC, 0x20, 0x25, 0xBD, 0x4C, 0xF8, 0x07, 0xCE, 0x53, 0xAC, 0x9D, 0x6F, 0x12, 0x16, 0xC7, 0xC2,
    0x72, 0x0B, 0x5A, 0x03, 0x6D, 0xFE, 0x2B, 0x7F, 0x1D, 0x7D, 0x8B, 0x8C, 0x1F, 0xF0, 0x19, 0x2F,
    0x27, 0x66, 0x31, 0xD3, 0x4D, 0x58, 0x30, 0xEE, 0xF0, 0x5A, 0xD1, 0xDF, 0x9E, 0x29, 0xE8, 0xFC,
    0xAF, 0x57, 0x4B, 0x15, 0x13, 0x4F, 0xCE, 0x0A, 0x6E, 0x76, 0x68, 0xD7, 0xD3, 0x59, 0x50, 0x5C,
    0x98, 0x14, 0x3B, 0xF2, 0x9D, 0x04, 0x6A, 0x77, 0x1D, 0x24, 0xBB, 0x21, 0x00, 0xEF, 0x4B, 0x70,
    0xA9, 0x2B, 0xD1, 0xF2, 0x14, 0xA3, 0xF7, 0x01, 0xD9, 0xB3, 0xA9, 0xAC, 0xC7, 0x98, 0x9F, 0x55,
    0xA4, 0x77, 0x9B, 0x18, 0xAD, 0x39, 0x9A, 0x3C, 0x7F, 0x20, 0x1D, 0xA7, 0x96, 0x67, 0xE9, 0x7A,
    0xFC, 0xC1, 0x63, 0x74, 0xA2, 0x2A, 0x71, 0xCA, 0x65, 0xFB, 0xB1, 0xC7, 0xD8, 0x66, 0xF4, 0x39,
    0xA0, 0x8B, 0xF8, 0x72, 0x22, 0x80, 0x14, 0xDF, 0x04, 0x76, 0xFF, 0x4C, 0x25, 0x5A, 0xC2, 0xCC,
    0x00, 0x9C, 0xF9, 0x69, 0xD6, 0x81, 0xB1, 0xBE, 0x2F, 0x4A, 0x23, 0xBF, 0x4B, 0x8E, 0x38, 0x3D,
    0x54, 0xEC, 0xB1, 0xE1, 0x47, 0xA0, 0xD3, 0x87, 0xFF, 0x58, 0xC5, 0x20, 0xE1, 0x4F, 0x00, 0x13,
    0xA6, 0xD4, 0xA1, 0x9B, 0x1F, 0x00, 0x8B, 0x53, 0x42, 0x32, 0x19, 0xCD, 0xC5, 0x31, 0xCE, 0xAC,
    0x6E, 0x5C, 0x68, 0x5D, 0x0C, 0xF0, 0xE9, 0x54, 0x9D, 0x9F, 0x69, 0x75, 0xB8, 0xCD, 0x61, 0x62,
    0x3A, 0xA4, 0xA3, 0xAC, 0xCF, 0x20, 0x9B, 0xA6, 0x21, 0xFC, 0x12, 0x34, 0x72, 0x3E, 0x04, 0x05,
    0x0B, 0x14, 0x61, 0x79, 0x2D, 0x11, 0xA5, 0xB5, 0x49, 0x93, 0x6B, 0x88, 0x56, 0xFD, 0x04, 0xF6,
    0x56, 0x84, 0xF8, 0x38, 0x86, 0x27, 0xAF, 0xF0, 0x5A, 0x81, 0xC3, 0x8D, 0x30, 0x6E, 0x90, 0x29,
    0x9E, 0x7D, 0x7E, 0x4F, 0x33, 0xA9, 0x2F, 0xCE, 0x5B, 0x23, 0x8E, 0xBB, 0xE3, 0xDA, 0x72, 0x2E,
    0x3D, 0x44, 0xAB, 0xBB, 0x88, 0x6A, 0xC6, 0x63, 0x36, 0x86, 0x74, 0x2C, 0x93, 0x69, 0x3E, 0x46,
    0x55, 0xDB, 0x5C, 0x42, 0xD7, 0x48, 0x11, 0xA7, 0x7E, 0x9F, 0x58, 0xA3, 0xD0, 0x64, 0x95, 0xD4,
    0x27, 0x6E, 0x6E, 0x8F, 0x75, 0xA2, 0x57, 0x30, 0xBE, 0x07, 0x17, 0x89, 0x47, 0xF4, 0x2B, 0xF6,
    0xD3, 0xA9, 0xC1, 0x54, 0x47, 0x2F, 0x56, 0x4A, 0x6B, 0xB5, 0xFE, 0x36, 0xB1, 0x8E, 0xD9, 0x89,
    0xE9, 0x73, 0xB1, 0x23, 0xC8, 0xB8, 0x26, 0xB1, 0xC1, 0x68, 0xC3, 0x18, 0x7B, 0xFD, 0xA9, 0x01,
    0xCB, 0xF8, 0x51, 0x62, 0x63, 0x10, 0x27, 0x03, 0x6F, 0x7D, 0xEE, 0x01, 0x8D, 0xD4, 0x3B, 0xCC,
    0x24, 0x8B, 0x12, 0x76, 0x2F, 0x48, 0x7C, 0xAD, 0x25, 0xEB, 0x7D, 0x05, 0xCE, 0x4D, 0xE7, 0x6E,
    0xC2, 0xCD, 0xC0, 0xD3, 0x92, 0x5E, 0x34, 0x3F, 0xC2, 0xB6, 0x02, 0x7B, 0x26, 0x5A, 0xB5, 0xFF,
    0x1E, 0xC9, 0x45, 0x03, 0x24, 0x68, 0x7E, 0x1E, 0x25, 0xCA, 0x2D, 0xD5, 0xFF, 0x11, 0xEE, 0x84,
    0x39, 0xEA, 0xF2, 0x77, 0x2E, 0x4F, 0x27, 0x24, 0xD0, 0xC8, 0xA8, 0xA1, 0x73, 0xD1, 0xE4, 0xDB,
    0xCF, 0x02, 0x9F, 0x37, 0xE2, 0x8E, 0x5E, 0x94, 0x45, 0x64, 0x04, 0xAD, 0x1F, 0xC9, 0xB8, 0x3A,
    0xA7, 0x9B, 0x5A, 0x8A, 0x10, 0x7C, 0xE7, 0x26, 0xC6, 0x07, 0x52, 0x11, 0x1C, 0x70, 0xEA, 0x49,
    0x98, 0x1E, 0x29, 0x55, 0xF3, 0x4B, 0x70, 0xE5, 0x2B, 0x84, 0x06, 0x7C, 0x7A, 0x13, 0xBC, 0x23,
    0x9D, 0x14, 0x19, 0x65, 0xD3, 0x5C, 0x3A, 0x71, 0xD6, 0xDB, 0x9F, 0x36, 0x32, 0x5E, 0x3D, 0x18,
    0x4F, 0x5D, 0x9C, 0x4E, 0xD7, 0xF0, 0x34, 0xC3, 0x49, 0x74, 0x87, 0x93, 0x08, 0xD1, 0x51, 0x81,
    0x47, 0x75, 0x3F, 0x75, 0x27, 0x82, 0x9D, 0xFA, 0x48, 0x71, 0x6C, 0x5C, 0x4D, 0x09, 0xE9, 0x8B,
    0x4C, 0x9A, 0x8C, 0xD6, 0xD2, 0xC2, 0xD5, 0x38, 0xD3, 0x3E, 0xBE, 0x4C, 0xFC, 0x00, 0xE0, 0x97,
    0x8D, 0xDF, 0x82, 0x85, 0x87, 0x80, 0x51, 0x3C, 0xAE, 0x40, 0xB8, 0xC9, 0xB1, 0x6A, 0xCD, 0x67,
    0x49, 0xF6, 0xB4, 0x56, 0x20, 0x67, 0xEF, 0x0B, 0x9B, 0x99, 0x53, 0x77, 0xE1, 0x39, 0xF9, 0x85,
    0x4C, 0x7D, 0x9B, 0x82, 0x31, 0x73, 0xDC, 0x4E, 0xA4, 0x06, 0xE5, 0x53, 0x55, 0x62, 0xE2, 0xC9,
    0xD6, 0x81, 0xF1, 0xA9, 0x69, 0xD0, 0x2E, 0xA6, 0x41, 0xAC, 0x2D, 0x17, 0x09, 0x06, 0xF5, 0x48,
    0x90, 0x06, 0x3D, 0xBE, 0xCE, 0x34, 0x08, 0x44, 0xDB, 0x06, 0x69, 0xD0, 0x52, 0x62, 0x97, 0xBB,
    0xF7, 0xF6, 0xAA, 0x73, 0x05, 0xFC, 0x4D, 0x7A, 0x0C, 0x93, 0xB9, 0x45, 0xB0, 0xEC, 0xA7, 0x2B,
    0x76, 0x87, 0xAC, 0x39, 0x17, 0xCB, 0x02, 0x1C, 0x39, 0xD3, 0x41, 0x69, 0x69, 0x64, 0xF7, 0x76,
    0x34, 0x18, 0xE2, 0xE7, 0x42, 0x16, 0x4F, 0x9C, 0x77, 0xFF, 0x22, 0xEE, 0x93, 0x28, 0x41, 0xA5,
    0xBF, 0x85, 0x1C, 0x91, 0xCA, 0xB7, 0xD8, 0x3D, 0x9A, 0x50, 0xDF, 0xAF, 0x20, 0x00, 0xBD, 0x36,
    0x5B, 0xC0, 0xF3, 0x20, 0x02, 0x6D, 0xFF, 0x0A, 0x42, 0x26, 0x3B, 0xE2, 0x5B, 0x87, 0x09, 0x17,
    0x0D, 0xB9, 0x67, 0xC0, 0xFF, 0xCA, 0xD3, 0x2E, 0x34, 0x12, 0x99, 0x69, 0xF8, 0xE0, 0x84, 0x57,
    0xA6, 0xD4, 0x62, 0x5E, 0xB3, 0x2E, 0x37, 0x65, 0x61, 0x2E, 0xB9, 0xAE, 0x4A, 0x1C, 0xD1, 0xDD,
    0xC0, 0xFF, 0xF2, 0x0B, 0xED, 0x8A, 0x05, 0xAE, 0x9B, 0x72, 0xB1, 0xC7, 0x74, 0x55, 0x8F, 0x35,
    0x3D, 0x4B, 0x72, 0x54, 0xFD, 0x3D, 0x74, 0x8B, 0xAE, 0xB0, 0xF8, 0xAF, 0x76, 0x22, 0x2A, 0x93,
    0x99, 0xA9, 0x2F, 0xA5, 0xEF, 0xAF, 0x6D, 0x23, 0x05, 0x76, 0x8D, 0xBF, 0x3F, 0xDD, 0xF2, 0x3C,
    0x3E, 0x73, 0x22, 0xEC, 0x23, 0xD7, 0x41, 0x65, 0x90, 0x42, 0xE1, 0xDC, 0xCB, 0x4D, 0xDF, 0x70,
    0x23, 0xE7, 0x96, 0x86, 0x25, 0x34, 0x04, 0x68, 0x70, 0x7B, 0x20, 0x7E, 0xA7, 0x6C, 0xB6, 0xFC,
    0x51, 0xD0, 0x9A, 0x5A, 0xE7, 0xF3, 0x55, 0xCC, 0x23, 0x6D, 0xDD, 0xC9, 0x29, 0x24, 0x57, 0x0F,
    0xBF, 0x18, 0xBB, 0xB6, 0xBF, 0xB7, 0xA8, 0x1D, 0x06, 0x3A, 0xA4, 0xF7, 0x23, 0x13, 0x49, 0x1A,
    0x0D, 0x48, 0x73, 0x22, 0x82, 0xAB, 0x09, 0x47, 0xDC, 0x76, 0xFC, 0x62, 0x90, 0xDD, 0xFA, 0x85,
    0xED, 0x2A, 0xB4, 0x58, 0x16, 0xBA, 0x2D, 0x31, 0x50, 0xEF, 0x4F, 0x78, 0x0B, 0x75, 0xB4, 0x5C,
    0x2E, 0x6D, 0x11, 0x14, 0x7B, 0x88, 0x68, 0xCC, 0xB2, 0x85, 0x89, 0x12, 0xFC, 0xC8, 0x60, 0xAB,
    0x0A, 0x1C, 0x13, 0xBB, 0xE7, 0x77, 0x58, 0x26, 0x59, 0xEF, 0xCC, 0x09, 0xD3, 0xF0, 0x46, 0xA6,
    0xFC, 0x0C, 0x04, 0x57, 0xC7, 0x08, 0x72, 0x1F, 0x68, 0xE8, 0xC0, 0xA5, 0x96, 0xEF, 0x5E, 0x71,
    0xCA, 0xD3, 0x57, 0xC6, 0x26, 0x3D, 0x67, 0xD7, 0xFD, 0x43, 0xCB, 0xAB, 0x48, 0xB4, 0xA6, 0x00,
    0x44, 0x7D, 0x2D, 0x30, 0xAA, 0x63, 0x52, 0xB2, 0x6E, 0x09, 0xD7, 0x53, 0xAC, 0xCA, 0x96, 0x06,
    0xF8, 0x5C, 0x2A, 0x75, 0xB7, 0xE8, 0xC5, 0xF6, 0x69, 0xAA, 0x17, 0x4B, 0xBE, 0x0A, 0x37, 0x22,
    0xCA, 0x12, 0x14, 0xD1, 0x3A, 0x48, 0xC6, 0xFC, 0x1B, 0x43, 0x07, 0x62, 0xB4, 0x6A, 0xBB, 0x4C,
    0x4A, 0x44, 0x86, 0x75, 0x65, 0x44, 0x28, 0xD6, 0x69, 0x23, 0x98, 0x79, 0xD9, 0x78, 0x83, 0xFC,
    0xD4, 0xC2, 0x71, 0xF3, 0xF4, 0x7B, 0x65, 0xDA, 0xBC, 0xAE, 0xF8, 0x28, 0x50, 0x44, 0x4C, 0x08,
    0xDD, 0xA7, 0x35, 0x91, 0x87, 0xC2, 0x26, 0x25, 0xA2, 0x5F, 0x7E, 0x7C, 0x5D, 0x94, 0x89, 0xBA,
    0xE2, 0x65, 0x97, 0x80, 0x27, 0x9B, 0x37, 0x74, 0x5E, 0xBB, 0xAC, 0xF0, 0x55, 0x2D, 0x77, 0xB7,
    0x61, 0x68, 0x4E, 0x8C, 0xF3, 0x16, 0x5D, 0x2B, 0x53, 0xDC, 0x78, 0x3C, 0xED, 0x4E, 0x62, 0x68,
    0x8D, 0xB6, 0x5A, 0x3C, 0x16, 0xD3, 0xB1, 0x90, 0x85, 0x96, 0x8E, 0x87, 0x2C, 0x94, 0xF9, 0xDD,
    0x48, 0xC7, 0x71, 0x16, 0xA1, 0xC6, 0x6C, 0xF5, 0x3A, 0x36, 0xE6, 0xE4, 0x61, 0x2A, 0x98, 0xA8,
    0x1F, 0x31, 0x45, 0x23, 0x99, 0x79, 0xF6, 0xA7, 0x30, 0xE8, 0x2B, 0x9F, 0x0D, 0xE5, 0xEA, 0x04,
    0x4A, 0x36, 0x05, 0x5D, 0xA4, 0x49, 0x34, 0x6B, 0x89, 0xFA, 0x18, 0x69, 0xA6, 0x5A, 0xF3, 0xD4,
    0xE1, 0xA3, 0xDC, 0xD6, 0xC5, 0x28, 0x99, 0x00, 0xE4, 0xC9, 0x26, 0x1F, 0x93, 0x5D, 0x33, 0x77,
    0x2B, 0x90, 0x03, 0x0F, 0x14, 0x19, 0x20, 0xBA, 0x3C, 0x32, 0x44, 0x1F, 0xDD, 0x92, 0x8B, 0xE3,
    0xFD, 0x3B, 0xC6, 0x49, 0xB1, 0x2E, 0x90, 0x57, 0x15, 0xBD, 0xEE, 0x4E, 0xD4, 0xA6, 0xBB, 0xBB,
    0xEE, 0xA0, 0xFE, 0x52, 0x8B, 0xC9, 0xD3, 0xF3, 0x68, 0x77, 0x12, 0x4C, 0xDD, 0x5E, 0xD7, 0x22,
    0x95, 0x89, 0xC3, 0x34, 0x62, 0xCB, 0xEB, 0xF6, 0x30, 0xAE, 0x4C, 0xD3, 0x3E, 0x37, 0x9B, 0xA6,
    0x83, 0xE3, 0x84, 0xA7, 0x81, 0x50, 0xDD, 0x92, 0x66, 0xDF, 0xD1, 0x9D, 0x05, 0xAE, 0xB3, 0x07,
    0xDA, 0xDD, 0x21, 0x0D, 0x5F, 0x88, 0x59, 0x3E, 0xB7, 0x07, 0x98, 0x93, 0xE5, 0xCC, 0xF6, 0xB4,
    0x8B, 0x0E, 0x4F, 0xDE, 0x4A, 0xFC, 0xF3, 0xE9, 0x89, 0x0B, 0xBF, 0x37, 0x3D, 0x79, 0xF0, 0xF9,
    0xEF, 0xF6, 0x4C, 0x40, 0x93, 0x46, 0x7C, 0xA2, 0x4A, 0x6D, 0xF4, 0x8B, 0xA5, 0xB1, 0xAC, 0x47,
    0x6E, 0xC6, 0x31, 0x1A, 0x49, 0xA7, 0x3B, 0x44, 0x4A, 0x00, 0x4C, 0xBA, 0xBA, 0x6D, 0xB1, 0x8A,
    0x9F, 0x04, 0xD9, 0x3E, 0xA0, 0x3E, 0xC7, 0xAC, 0x3B, 0x11, 0xEF, 0x2D, 0x9E, 0x3B, 0x81, 0xA8,
    0xD1, 0x5A, 0x35, 0x25, 0x1B, 0x55, 0x98, 0x77, 0x09, 0x11, 0x0D, 0xF7, 0xA4, 0x9E, 0xF3, 0x11,
    0x6E, 0x49, 0xCD, 0xCC, 0x57, 0x67, 0x6A, 0x98, 0xD7, 0xB0, 0x98, 0xDA, 0x46, 0x88, 0xDC, 0x74,
    0x99, 0x56, 0xED, 0x5C, 0x63, 0xEF, 0x3F, 0x4F, 0x7F, 0xDF, 0x11, 0x64, 0xE6, 0x12, 0xB7, 0x84,
    0xA6, 0xE5, 0x13, 0x43, 0x20, 0x33, 0x39, 0xB0, 0xE1, 0xD9, 0x43, 0xD0, 0xAA, 0xE2, 0xEC, 0xB0,
    0x96, 0x00, 0x6A, 0x32, 0xE8, 0x74, 0xB7, 0x21, 0xB5, 0x26, 0x56, 0xD9, 0xE9, 0xDA, 0x83, 0xB9,
    0x9A, 0xBF, 0x70, 0x1C, 0x5A, 0xC5, 0x74, 0x11, 0x0A, 0xD6, 0x95, 0x46, 0x3D, 0x24, 0x1C, 0x48,
    0xF4, 0x00, 0x03, 0xB7, 0xC6, 0xC2, 0x74, 0x1E, 0xFD, 0xC1, 0x3F, 0xAE, 0x3A, 0x29, 0xD0, 0x44,
    0xDD, 0xD8, 0x03, 0x46, 0x31, 0x45, 0xFF, 0x7B, 0x75, 0x98, 0x83, 0x66, 0xAD, 0x92, 0xE7, 0x53,
    0xF0, 0x64, 0xA7, 0xC6, 0x75, 0x31, 0x4F, 0xA6, 0xF6, 0x04, 0x0E, 0x97, 0x50, 0x2D, 0x72, 0xA8,
    0x73, 0xD4, 0x5E, 0x39, 0x19, 0xF2, 0x7B, 0x15, 0xAF, 0xDB, 0xA1, 0xCA, 0xC9, 0xFD, 0xDB, 0x14,
    0x3A, 0x2F, 0x7F, 0x58, 0xDC, 0x11, 0x34, 0xBA, 0xFC, 0x3E, 0x18, 0x82, 0x4A, 0xF1, 0x3E, 0x3F,
    0xFB, 0x1F, 0x5B, 0xE5, 0xBF, 0x01, 0x5D, 0x51, 0xB1, 0x8E, 0xD3, 0x40, 0x10, 0x7D, 0xBB, 0x9B,
    0x9C, 0x8B, 0xE5, 0x62, 0x9A, 0x6B, 0x4E, 0x4A, 0x2E, 0x35, 0x4A, 0xC8, 0x15, 0x14, 0x14, 0x4E,
    0x6C, 0x48, 0x41, 0x49, 0x0A, 0xF8, 0x0B, 0xCA, 0x14, 0x87, 0x14, 0x61, 0x4B, 0x14, 0x14, 0x34,
    0x7C, 0x01, 0xA2, 0xA0, 0x21, 0x55, 0x0A, 0x0A, 0x90, 0x72, 0xCA, 0xDE, 0x21, 0x51, 0xAF, 0xA0,
    0xA0, 0x64, 0x25, 0x4A, 0x1A, 0x0B, 0x2C, 0x64, 0x09, 0x27, 0xC3, 0xAC, 0x63, 0x8A, 0xBB, 0xF5,
    0x48, 0xFB, 0x9E, 0x77, 0xDE, 0xEE, 0x9B, 0x99, 0xC7, 0x8F, 0x68, 0x4B, 0x5B, 0x00, 0x82, 0x88,
    0xBE, 0x2C, 0x97, 0x4B, 0xD4, 0x2B, 0x65, 0x46, 0xB7, 0x98, 0xBE, 0x43, 0x12, 0xF5, 0x94, 0x39,
    0xD3, 0x76, 0xF3, 0xA2, 0x3C, 0x46, 0x5B, 0x56, 0xB1, 0xDD, 0x2A, 0x1B, 0xE9, 0xA9, 0xED, 0xA3,
    0xA7, 0xAA, 0xD8, 0xAC, 0x95, 0x99, 0xF7, 0x74, 0xC2, 0xA2, 0xA4, 0xA5, 0xCC, 0xA2, 0x27, 0x6C,
    0xA4, 0xB2, 0x33, 0x9D, 0x9C, 0xB3, 0xE4, 0x65, 0x99, 0xB2, 0x4A, 0xB8, 0x36, 0x66, 0xA3, 0x4F,
    0x55, 0xFC, 0xB5, 0x0A, 0x6B, 0xB1, 0x32, 0x91, 0x4E, 0x56, 0xE3, 0xC0, 0xF4, 0x0F, 0xD0, 0x93,
    0x8E, 0x4E, 0x7E, 0x54, 0xE9, 0x65, 0x1E, 0xF3, 0x33, 0x5D, 0x79, 0xE1, 0xBA, 0x43, 0x65, 0xBD,
    0x87, 0x19, 0x4E, 0x00, 0x27, 0x3A, 0xAD, 0x94, 0x3E, 0xBF, 0x7E, 0x02, 0x87, 0x10, 0x22, 0xAF,
    0xFF, 0xE1, 0x10, 0xC8, 0xBC, 0xE7, 0x04, 0x05, 0x06, 0x42, 0xB7, 0x88, 0x9E, 0xFE, 0x79, 0x15,
    0x41, 0xE3, 0xEF, 0xCF, 0x94, 0xEC, 0x80, 0x41, 0x73, 0x85, 0xA4, 0xFB, 0x54, 0x10, 0xA5, 0xF4,
    0x9D, 0x7E, 0x53, 0x99, 0x56, 0xF2, 0x2D, 0x7A, 0xF8, 0x20, 0xDD, 0x2E, 0x28, 0x47, 0xDF, 0xAA,
    0x91, 0xDB, 0x3C, 0xB4, 0xB1, 0xA8, 0xF6, 0x35, 0xCF, 0xF8, 0x42, 0xBF, 0xEB, 0x1D, 0xF8, 0x29,
    0x5E, 0xB7, 0x75, 0x86, 0xA1, 0x07, 0x0B, 0x65, 0x70, 0xD7, 0x83, 0xB5, 0x72, 0xC8, 0x3D, 0x28,
    0x95, 0x93, 0xA6, 0x06, 0x32, 0x0F, 0x92, 0x06, 0xD4, 0x22, 0x7F, 0x34, 0xC0, 0x3E, 0xD9, 0xCE,
    0x6B, 0xC0, 0xF5, 0xBA, 0x23, 0xE0, 0x08, 0xA3, 0xF0, 0xB9, 0x21, 0x07, 0x72, 0x7A, 0x1B, 0x4C,
    0x6D, 0xA1, 0x6C, 0x09, 0x74, 0x02, 0xB3, 0xE0, 0xE0, 0xAC, 0x30, 0x1B, 0xEB, 0x6C, 0x0C, 0xAC,
    0xC2, 0x6C, 0xC2, 0x01, 0xE1, 0xC2, 0xA4, 0x06, 0xCA, 0x34, 0x40, 0xA3, 0x39, 0xEA, 0x82, 0x33,
    0xB5, 0x19, 0xB3, 0xAB, 0x46, 0xBE, 0x82, 0x74, 0x05, 0x87, 0xE0, 0xBA, 0x37, 0xD6, 0x07, 0xAF,
    0x96, 0x8F, 0xF6, 0x83, 0x5F, 0xC5, 0x7A, 0x12, 0x4E, 0x8D, 0x3D, 0x45, 0xFB, 0xDE, 0x2C, 0x0D,
    0x2F, 0x8B, 0x67, 0xFA, 0xA2, 0x98, 0x68, 0x53, 0x0C, 0x95, 0xC9, 0x0F, 0x55, 0x76, 0x7A, 0x03,
    0x90, 0xFC, 0x0A, 0x7F, 0x4E, 0xE5, 0xAA, 0x50, 0x15, 0x36, 0xD0, 0x0E, 0xE7, 0xD0, 0x06, 0x73,
    0x04, 0x3C, 0x59, 0xA0, 0x8F, 0x88, 0x7B, 0xAF, 0x8D, 0xCA, 0xB9, 0x5F, 0x84, 0x9D, 0x2C, 0x03,
    0xF6, 0x37, 0xC4, 0x1D, 0xDC, 0xFC, 0xDF, 0x3D, 0xB6, 0x05, 0x28, 0x3F, 0x98, 0xFC, 0x3A, 0xF1,
    0x1D, 0x09, 0xAE, 0x10, 0xDF, 0x34, 0x77, 0x9D, 0x44, 0xBE, 0xFD, 0x57, 0x88, 0x9F, 0xB2, 0x6D,
    0x08, 0x9A, 0x9A, 0xF8, 0x5E, 0xC3, 0xA3, 0xC7, 0x7B, 0x41, 0x19, 0x3A, 0x48, 0x77, 0xCC, 0x35,
    0xE5, 0xDC, 0x03, 0xA2, 0xA4, 0x8B, 0x90, 0x0A, 0x9E, 0xD7, 0x86, 0x98, 0x2B, 0xB2, 0x6C, 0xE3,
    0xE0, 0x4D, 0xED, 0x63, 0x3F, 0xB9, 0xAE, 0xF7, 0xAB, 0xB2, 0x98, 0x49, 0x1E, 0x92, 0xC1, 0x50,
    0x10, 0xEB, 0xB3, 0x11, 0xCF, 0x25, 0x97, 0x0C, 0x07, 0xAC, 0xB7, 0x6C, 0x28, 0x2D, 0x39, 0x5F,
    0x7C, 0xAC, 0xFD, 0xED, 0x0D, 0xE2, 0x1F, 0x63, 0x08, 0x60, 0xD8, 0xFF, 0x40, 0x8F, 0xBB, 0xF9,
    0x80, 0xCD, 0x1E, 0xE6, 0xF7, 0x0D, 0xF6, 0x3F, 0x98, 0xFE, 0x37, 0xE8, 0xEF, 0x61, 0x7E, 0x7D,
    0xC0, 0xD6, 0x86, 0xF9, 0xD0, 0x87, 0x1D, 0xDC, 0xFF, 0x18, 0x80, 0x80, 0x95, 0x81, 0x81, 0xDF,
    0x81, 0xC1, 0xDE, 0x81, 0x61, 0xBD, 0x03, 0x63, 0xBF, 0x03, 0x33, 0xBF, 0x03, 0x0F, 0xBF, 0x83,
    0x65, 0xFC, 0x8C, 0xFA, 0xFF, 0x7F, 0xB2, 0xF6, 0xBF, 0x00, 0x49, 0x01, 0xD1, 0xFE, 0x07, 0x40,
    0x85, 0x00, 0x6D, 0x55, 0x3D, 0x6F, 0x1C, 0x55, 0x14, 0x3D, 0x33, 0x0F, 0x7B, 0x90, 0xC7, 0x9B,
    0x49, 0x63, 0x40, 0x8A, 0x93, 0x49, 0xB9, 0x44, 0xC6, 0x93, 0x62, 0x0B, 0x17, 0xF6, 0xCE, 0x0B,
    0x2E, 0x28, 0x22, 0x81, 0x41, 0x59, 0x90, 0xA0, 0x08, 0x0D, 0x05, 0x15, 0x2E, 0x68, 0x90, 0x9C,
    0xDD, 0x49, 0xFC, 0x07, 0x28, 0xF8, 0x01, 0x5B, 0xB8, 0x00, 0xA7, 0x70, 0x90, 0x22, 0xE1, 0xC2,
    0xF6, 0x3E, 0xC7, 0x05, 0x45, 0x28, 0x26, 0x42, 0x11, 0x05, 0x05, 0x93, 0x22, 0x05, 0x16, 0x0A,
    0x43, 0xD8, 0x88, 0x89, 0x33, 0x3B, 0x8F, 0x73, 0x67, 0x1D, 0x27, 0x48, 0xAC, 0x74, 0x47, 0x33,
    0xC7, 0xEF, 0x7E, 0x9D, 0x7B, 0xEE, 0x33, 0x70, 0x7E, 0x05, 0xB8, 0x95, 0x02, 0xFD, 0x14, 0xCE,
    0x33, 0x83, 0xC8, 0x0E, 0xF1, 0xE4, 0xA0, 0x54, 0x77, 0xD6, 0x4B, 0x5F, 0x2D, 0x9F, 0x3E, 0xA7,
    0xDE, 0xC1, 0x9C, 0x37, 0x85, 0x45, 0xBF, 0x81, 0xB5, 0xA9, 0x06, 0x76, 0x1A, 0xB3, 0xD8, 0x9E,
    0x9E, 0x43, 0x39, 0xDB, 0x44, 0xD9, 0x6C, 0x61, 0xA7, 0x75, 0x91, 0xB6, 0x8A, 0xDD, 0xD5, 0x3E,
    0xBA, 0x0C, 0x13, 0x67, 0x29, 0xA2, 0x7B, 0x06, 0xC1, 0x63, 0xF3, 0x86, 0x67, 0xF7, 0x6F, 0x29,
    0x6B, 0x8D, 0xB2, 0x23, 0xA8, 0xCB, 0x1A, 0x0C, 0x03, 0x86, 0x39, 0xF9, 0x4D, 0x7C, 0xDC, 0xF9,
    0x70, 0x7F, 0x60, 0x6D, 0xAE, 0x72, 0x5C, 0x43, 0x81, 0x40, 0xB7, 0x81, 0x2C, 0x48, 0xD0, 0x54,
    0x19, 0x14, 0x01, 0x20, 0x06, 0x3C, 0x6B, 0x0B, 0x7C, 0xF4, 0xE4, 0x0A, 0x6A, 0x80, 0x27, 0xDC,
    0xC1, 0xE1, 0x06, 0xB6, 0x8E, 0xBE, 0x3B, 0x01, 0x40, 0x17, 0xD0, 0xE5, 0x05, 0x10, 0x1A, 0x60,
    0x60, 0x35, 0x30, 0xF9, 0x2D, 0x3F, 0x6C, 0x8E, 0xF0, 0x61, 0x0F, 0x81, 0x71, 0x32, 0x3F, 0xC5,
    0x2C, 0xB3, 0x29, 0x5D, 0xB2, 0xE1, 0x58, 0x5C, 0xD9, 0x79, 0x6C, 0x6D, 0x86, 0x98, 0x2E, 0x6A,
    0x38, 0x4E, 0x79, 0x61, 0xEB, 0xA8, 0x3F, 0x79, 0xB3, 0xDA, 0x00, 0x16, 0x09, 0x9C, 0x93, 0x63,
    0xC0, 0xD7, 0x1E, 0xB0, 0xAA, 0x34, 0x16, 0xD5, 0xE1, 0xE6, 0x9E, 0x6B, 0xAD, 0xBD, 0x44, 0xA3,
    0x37, 0x4E, 0xCF, 0xAC, 0xA0, 0xB3, 0x32, 0xC8, 0x5D, 0x9B, 0xC4, 0x29, 0x32, 0x0C, 0x8C, 0x4A,
    0xDC, 0x01, 0x4E, 0x61, 0xAA, 0x8B, 0x05, 0x34, 0x4B, 0x42, 0x8F, 0x4B, 0x65, 0x7A, 0x3C, 0x3E,
    0x0C, 0xFC, 0x6C, 0x11, 0xCD, 0xC0, 0x64, 0xE8, 0x47, 0xCB, 0x49, 0x0D, 0x6D, 0x6D, 0xDA, 0xBD,
    0x84, 0x64, 0x12, 0x72, 0xFF, 0x4E, 0xDC, 0x44, 0x3D, 0xC2, 0x14, 0xFC, 0x02, 0x4D, 0x84, 0x84,
    0x10, 0x13, 0x42, 0x57, 0x0A, 0x28, 0x94, 0x4D, 0x1D, 0xE9, 0xD2, 0xC1, 0x6B, 0x6C, 0x0D, 0x67,
    0xA4, 0x41, 0x3C, 0x95, 0x9A, 0xDB, 0xA1, 0xD4, 0xB8, 0x2E, 0x2D, 0x64, 0xF2, 0x5D, 0x2C, 0x35,
    0x09, 0x06, 0xEF, 0x0A, 0x78, 0x37, 0xEB, 0xA9, 0x07, 0xFF, 0x94, 0x6D, 0x53, 0x0C, 0xB7, 0xE7,
    0x2E, 0xC6, 0xC5, 0xBC, 0x3F, 0x1D, 0xA4, 0xFE, 0x7A, 0xAA, 0x32, 0x37, 0xDB, 0x21, 0x63, 0xDB,
    0xA1, 0x69, 0x63, 0x5E, 0x15, 0x41, 0xE2, 0x27, 0xB1, 0x80, 0x2A, 0x25, 0x88, 0xDB, 0x04, 0x5F,
    0x3D, 0x4B, 0xF0, 0xC6, 0xE5, 0xE5, 0xCC, 0x3D, 0xFA, 0xE1, 0x47, 0x8B, 0x5E, 0x98, 0xD6, 0x73,
    0x9B, 0xB9, 0x32, 0x89, 0x4E, 0x30, 0x52, 0xE6, 0x8B, 0xA4, 0xC4, 0x50, 0x25, 0x11, 0xEB, 0x4B,
    0x7D, 0x13, 0x99, 0x96, 0x33, 0x0C, 0xF2, 0x69, 0x5C, 0x53, 0x6B, 0x1E, 0xC2, 0xEB, 0xBF, 0xDD,
    0x30, 0x64, 0xD6, 0x56, 0x28, 0x17, 0xCA, 0x45, 0xC4, 0x8D, 0x90, 0x6D, 0x1D, 0xA8, 0x9F, 0x93,
    0x1A, 0x9C, 0xB2, 0x47, 0x83, 0x3D, 0x1D, 0x7E, 0xE9, 0xFD, 0x04, 0xF5, 0x87, 0xF3, 0x0C, 0xB0,
    0x32, 0x81, 0x38, 0x09, 0x72, 0x8E, 0xC4, 0x2D, 0xC0, 0x21, 0x75, 0x81, 0x1D, 0x6A, 0x02, 0x11,
    0x54, 0x0A, 0x2F, 0xC1, 0x6D, 0x40, 0xE3, 0x15, 0x29, 0xE0, 0x53, 0x08, 0x41, 0x40, 0xF5, 0x62,
    0xF6, 0x4A, 0x66, 0xD1, 0xE9, 0xAD, 0x9C, 0x00, 0x67, 0xAA, 0x02, 0xD1, 0x27, 0x15, 0xE5, 0x10,
    0xB1, 0x40, 0x25, 0xB2, 0x2A, 0xBC, 0x14, 0x6D, 0x97, 0x09, 0x58, 0xB6, 0xCA, 0x62, 0x8D, 0xC2,
    0xCF, 0xD0, 0x76, 0x4A, 0x02, 0x71, 0xA2, 0x32, 0xAF, 0xDA, 0xAA, 0x74, 0x3C, 0x8A, 0x13, 0xAC,
    0xE0, 0x3F, 0x3F, 0x19, 0xF6, 0xA8, 0xC3, 0x9F, 0x70, 0xBF, 0x49, 0xD2, 0x23, 0x2A, 0x12, 0x85,
    0x5B, 0x49, 0x61, 0x03, 0xF8, 0x09, 0xDE, 0x82, 0x0C, 0x80, 0x95, 0x1E, 0xEB, 0x4F, 0x6A, 0x17,
    0x59, 0x15, 0x98, 0xA9, 0x3A, 0x8C, 0xB6, 0x2B, 0x98, 0x3C, 0x2E, 0xD8, 0xCD, 0x8D, 0xF1, 0x03,
    0x3D, 0x8C, 0xC5, 0xC6, 0x87, 0xCC, 0x31, 0x4C, 0xA4, 0x19, 0x83, 0x39, 0x69, 0x7D, 0x0F, 0x18,
    0x79, 0xA5, 0x24, 0x92, 0x79, 0x5F, 0xC1, 0x44, 0x47, 0xCF, 0x74, 0x26, 0x6D, 0x36, 0x59, 0xE9,
    0xE7, 0x47, 0xCE, 0x02, 0x25, 0x35, 0xC6, 0x08, 0x81, 0xF8, 0xF9, 0x6C, 0x3A, 0xF7, 0x18, 0xA8,
    0x54, 0x0C, 0x14, 0xBB, 0x06, 0xCE, 0xD5, 0x5F, 0x1E, 0x6A, 0x88, 0xC2, 0x08, 0x4A, 0xB2, 0x58,
    0xB4, 0x1E, 0x98, 0x52, 0x4E, 0x46, 0x89, 0x9C, 0x1C, 0x8A, 0x7B, 0xAF, 0x76, 0xCF, 0x24, 0xE6,
    0x48, 0x62, 0x72, 0x77, 0x7A, 0x5A, 0x15, 0x2E, 0x97, 0x36, 0x1E, 0xCE, 0x7C, 0xC6, 0xEA, 0x7B,
    0x9C, 0x21, 0xE7, 0x39, 0x00, 0xB7, 0xB4, 0x87, 0xD7, 0x47, 0x9D, 0xEA, 0x03, 0x86, 0xB5, 0x59,
    0x48, 0xD2, 0x08, 0x71, 0xAF, 0x86, 0xE4, 0x55, 0xA0, 0x07, 0xBD, 0xFB, 0x57, 0x1F, 0x12, 0xEA,
    0xC2, 0x29, 0xFC, 0x9C, 0xAB, 0x2B, 0x8E, 0xF7, 0x21, 0x8E, 0xA4, 0x4E, 0x94, 0xE9, 0x89, 0x84,
    0x42, 0xFD, 0x32, 0xC4, 0xDC, 0x1C, 0x5F, 0x59, 0x53, 0x2D, 0x24, 0xB4, 0x68, 0x72, 0x4B, 0x78,
    0xBF, 0xA3, 0xBE, 0x8D, 0x96, 0x5A, 0x03, 0xBD, 0xD4, 0xF0, 0xD3, 0xB6, 0xD2, 0xFD, 0x10, 0x29,
    0xF3, 0xB5, 0x38, 0xBE, 0x06, 0x9D, 0xB9, 0x8D, 0xBB, 0x04, 0x22, 0xDD, 0x82, 0x6F, 0x1A, 0x70,
    0xC7, 0xC0, 0xAF, 0x76, 0x2B, 0x69, 0xC5, 0x5E, 0xD6, 0x60, 0xAF, 0x6A, 0x39, 0x8F, 0x75, 0x5A,
    0x7A, 0x79, 0x2B, 0xC6, 0x88, 0x40, 0x70, 0xB0, 0x9C, 0x3B, 0xD5, 0xBD, 0x12, 0xBE, 0x7D, 0x0A,
    0x9C, 0x62, 0x1D, 0x4A, 0x6A, 0x49, 0x5F, 0x9A, 0x36, 0x01, 0x87, 0x8B, 0xD4, 0xC7, 0xC4, 0x36,
    0xD3, 0x27, 0x4B, 0x41, 0xBE, 0xA8, 0x8A, 0x79, 0xC7, 0x04, 0xBA, 0xEF, 0x51, 0xE1, 0xF9, 0x2C,
    0x76, 0xA7, 0x10, 0xAE, 0x6B, 0xEF, 0x2F, 0x83, 0xAA, 0x8F, 0xB0, 0xF0, 0xD8, 0xBA, 0x0E, 0x2D,
    0xD4, 0x37, 0xC7, 0x8E, 0xD2, 0xC1, 0x9B, 0x94, 0x4B, 0x44, 0x46, 0x8C, 0xD3, 0x63, 0x02, 0x47,
    0xD4, 0x1A, 0xF1, 0xC5, 0xCB, 0x79, 0x9D, 0xF1, 0x3E, 0xAA, 0xA7, 0x2F, 0x80, 0xA8, 0x35, 0x4A,
    0x1C, 0x21, 0xEA, 0xC2, 0x96, 0x94, 0x31, 0x1A, 0xCB, 0x60, 0x7C, 0x17, 0x75, 0xFF, 0xEF, 0xC3,
    0xAD, 0x2F, 0xC6, 0xAC, 0xDE, 0xC4, 0x0E, 0x8B, 0x15, 0x31, 0xD6, 0x09, 0x84, 0xD6, 0x9A, 0xD1,
    0x50, 0x9F, 0xE7, 0x0B, 0xEF, 0xAD, 0xF0, 0x3D, 0xF9, 0xBB, 0xA4, 0xA0, 0x9F, 0x3F, 0x74, 0xE1,
    0xFD, 0xF9, 0x76, 0x86, 0xF7, 0x9F, 0xF0, 0x50, 0x48, 0x53, 0x42, 0xBA, 0xDC, 0x22, 0x5F, 0xF1,
    0x63, 0x82, 0xEE, 0xD3, 0x74, 0x77, 0x0D, 0x5F, 0x16, 0xF8, 0x12, 0xE8, 0xE8, 0xF0, 0xE6, 0x50,
    0xB6, 0x55, 0x52, 0xAD, 0x1E, 0xD3, 0x23, 0x39, 0xCC, 0x0B, 0xF3, 0x45, 0x43, 0x8F, 0x80, 0xEF,
    0xEF, 0x6A, 0x3C, 0x38, 0x30, 0xEE, 0xFE, 0x9D, 0x54, 0xED, 0xEF, 0x67, 0xDE, 0x75, 0x93, 0xFB,
    0xB4, 0xE0, 0x92, 0x19, 0x06, 0x8E, 0xD9, 0xA6, 0xED, 0x84, 0x8E, 0x59, 0x8B, 0xC6, 0xB6, 0x14,
    0xD3, 0xDA, 0x8E, 0x69, 0x1F, 0x5B, 0xDC, 0xA5, 0xCD, 0x7C, 0xDE, 0x91, 0xCB, 0xBE, 0xA2, 0x02,
    0xC3, 0xDC, 0xCB, 0x50, 0xB1, 0xA9, 0xD0, 0x74, 0xC9, 0x59, 0x98, 0x38, 0x05, 0x81, 0x91, 0x5B,
    0x4E, 0x54, 0xA1, 0xE5, 0xE4, 0x64, 0x59, 0x08, 0xD4, 0x6D, 0x13, 0xA8, 0xF8, 0x2F, 0x61, 0x53,
    0x3F, 0x07, 0x6A, 0xA2, 0x5E, 0x3E, 0xC1, 0x1D, 0x1D, 0x0B, 0xEC, 0x5F, 0x5D, 0x4E, 0x2B, 0x0E,
    0xC2, 0x40, 0x14, 0x9C, 0xB6, 0x49, 0x57, 0xAC, 0x00, 0x83, 0x81, 0x34, 0x18, 0x24, 0x49, 0x0D,
    0x02, 0x01, 0xB4, 0x47, 0xA8, 0x60, 0x0D, 0x86, 0x23, 0x94, 0x0B, 0x10, 0x6A, 0xF0, 0x1C, 0x02,
    0x85, 0xC4, 0x43, 0x7B, 0x84, 0x1A, 0x52, 0x81, 0x41, 0x70, 0x80, 0x86, 0x54, 0x00, 0x09, 0x3C,
    0x5E, 0x3F, 0x84, 0x94, 0x97, 0xCC, 0x64, 0x67, 0x76, 0xDE, 0x07, 0x80, 0x4D, 0x74, 0x52, 0xCA,
    0x03, 0x57, 0x4E, 0x16, 0xC3, 0x08, 0x98, 0xD2, 0x7F, 0xD1, 0x67, 0x88, 0x9A, 0x70, 0x99, 0x2E,
    0xFF, 0x62, 0xC4, 0x90, 0x35, 0xC1, 0xD0, 0xE2, 0x4A, 0x00, 0xAE, 0x78, 0x1B, 0x74, 0xA3, 0x17,
    0x91, 0x4F, 0x09, 0xA5, 0x61, 0x66, 0xE6, 0x41, 0x88, 0xBB, 0x96, 0x9C, 0xE3, 0x7D, 0x64, 0xDF,
    0x3D, 0x6D, 0x8B, 0xB2, 0x56, 0x81, 0xB5, 0x3C, 0xC8, 0xBE, 0x4E, 0x6B, 0xB4, 0xDD, 0xC2, 0x31,
    0x22, 0xE8, 0x11, 0x4F, 0x0B, 0x89, 0x66, 0xBB, 0x67, 0x80, 0x05, 0x30, 0x00, 0x86, 0xC0, 0x18,
    0x92, 0x28, 0x9B, 0xAB, 0x69, 0xA3, 0x58, 0x28, 0xCA, 0xB8, 0xC9, 0x9B, 0x8F, 0x80, 0x1F, 0xA3,
    0x93, 0xC1, 0x7C, 0x00, 0x13, 0xF6, 0x9D, 0x0D, 0xBB, 0x6F, 0x7E, 0x48, 0x36, 0x60, 0x5F, 0x99,
    0xC2, 0xFC, 0xC4, 0xBC, 0xA1, 0xA5, 0x94, 0x72, 0x88, 0xA8, 0x87, 0x32, 0xA7, 0xFF, 0x72, 0x97,
    0x32, 0x57, 0xCC, 0xDB, 0xA0, 0x7B, 0x85, 0x78, 0x71, 0x86, 0xBF, 0x9B, 0xD5, 0xB5, 0xDF, 0xDE,
    0x0F, 0xAD, 0x92, 0x31, 0x4E, 0xC4, 0x30, 0x10, 0x45, 0xBF, 0x13, 0x41, 0x04, 0x29, 0x5C, 0x53,
    0x85, 0x1B, 0xE4, 0x04, 0xC8, 0xD6, 0xB6, 0x34, 0x20, 0x65, 0x05, 0x1D, 0x0D, 0x87, 0xA0, 0x58,
    0x04, 0x97, 0xA0, 0xA7, 0x85, 0x86, 0x86, 0x72, 0x57, 0xC9, 0x11, 0x22, 0x4E, 0xB0, 0x14, 0xF4,
    0x29, 0x82, 0xB4, 0x85, 0x77, 0x87, 0x3F, 0x4E, 0x16, 0xCA, 0x15, 0x08, 0x4B, 0x76, 0xE4, 0x19,
    0x7B, 0xFE, 0xFB, 0xE3, 0x00, 0xC6, 0x9B, 0x27, 0x20, 0x97, 0x37, 0x09, 0xC8, 0xDA, 0xBA, 0x2F,
    0x1B, 0xB3, 0x44, 0xC0, 0x35, 0x66, 0xB0, 0x1E, 0x3A, 0x3B, 0x00, 0x3D, 0x0A, 0xAE, 0x05, 0x12,
    0x6E, 0x4C, 0x87, 0x92, 0x9B, 0xD2, 0xA7, 0xDC, 0x94, 0xC2, 0xE1, 0x93, 0xFA, 0xE1, 0xE2, 0xF3,
    0x4C, 0xB3, 0x4E, 0x33, 0xD0, 0xCC, 0x9F, 0x36, 0x3D, 0x9C, 0x47, 0x2A, 0x2B, 0x27, 0xF7, 0x0C,
    0xEE, 0x3F, 0x02, 0x99, 0xF4, 0x94, 0x2F, 0x5A, 0x58, 0x1C, 0x00, 0x37, 0x8C, 0xA6, 0x2D, 0x17,
    0xCB, 0x49, 0xC4, 0x48, 0x43, 0xFC, 0xD6, 0x5C, 0x26, 0x04, 0xE9, 0x0E, 0x37, 0xD3, 0xAB, 0x26,
    0x96, 0xCC, 0x1B, 0xBA, 0x88, 0x55, 0xE7, 0xB0, 0x3B, 0x42, 0x3E, 0xED, 0xAD, 0x2C, 0x65, 0x0D,
    0xEC, 0x9D, 0xAB, 0x62, 0x00, 0x5E, 0xB3, 0x0E, 0x39, 0x4F, 0x51, 0xB1, 0x54, 0x45, 0xDE, 0x50,
    0xD4, 0x19, 0x6F, 0x44, 0xFF, 0x39, 0x43, 0x54, 0x9C, 0x50, 0xB1, 0xCA, 0xB5, 0x56, 0xA9, 0xB5,
    0xE6, 0xFC, 0x24, 0x5A, 0x7E, 0x57, 0xE8, 0x47, 0x91, 0xFD, 0x7F, 0x56, 0xFF, 0x72, 0x2A, 0x74,
    0x72, 0x9B, 0xCB, 0x24, 0xA8, 0x4D, 0x87, 0x23, 0x8C, 0x4F, 0x80, 0x13, 0xA4, 0x8D, 0x5A, 0xF6,
    0xD1, 0x6B, 0xA6, 0x05, 0xBE, 0x5F, 0x01, 0x0B, 0x42, 0x9A, 0x4A, 0xCD, 0x73, 0xE0, 0xE5, 0x63,
    0xBA, 0xDE, 0x76, 0x60, 0xF4, 0xB9, 0xF5, 0x3C, 0x9A, 0xB5, 0xBF, 0x4B, 0x12, 0x14, 0x77, 0x90,
    0x8D, 0x95, 0x77, 0x6D, 0x0B, 0x69, 0xAB, 0xE3, 0x81, 0x36, 0x44, 0x5A, 0x5F, 0x0F, 0xB4, 0x3C,
    0xCD, 0xDE, 0xE8, 0x2F, 0x11, 0x69, 0xC3, 0x40, 0xEB, 0x06, 0x5A, 0x3B, 0xF4, 0x8C, 0xC9, 0x45,
    0x2C, 0x1B, 0x69, 0x57, 0x2E, 0xD2, 0x56, 0xF6, 0x9F, 0x69, 0xDD, 0x96, 0xF6, 0x0B,
};

static const EpdGlyph newsreader_16_regularGlyphs[] = {
    { 0, 0, 7, 0, 0, 0, 0 }, // U+0020
    { 5, 24, 9, 2, 23, 30, 0 }, // !
    { 10, 9, 12, 1, 23, 23, 30 }, // "
    { 17, 23, 19, 1, 23, 98, 53 }, // #
    { 16, 30, 19, 1, 26, 120, 151 }, // $
    { 24, 24, 26, 1, 23, 144, 271 }, // %
    { 22, 24, 23, 1, 23, 132, 415 }, // &
    { 4, 9, 6, 1, 23, 9, 547 }, // '
    { 8, 29, 9, 1, 24, 58, 556 }, // (
    { 8, 29, 9, 0, 24, 58, 614 }, // )
    { 11, 12, 14, 2, 23, 33, 672 }, // *
    { 13, 13, 17, 2, 14, 43, 705 }, // +
    { 7, 10, 8, 0, 4, 18, 748 }, // ,
    { 8, 3, 11, 2, 9, 6, 766 }, // -
    { 5, 5, 7, 1, 4, 7, 772 }, // .
    { 13, 23, 13, 0, 23, 75, 779 }, // /
    { 17, 24, 19, 1, 23, 102, 854 }, // 0
    { 15, 23, 19, 2, 23, 87, 956 }, // 1
    { 16, 24, 19, 1, 23, 96, 1043 }, // 2
    { 15, 24, 19, 2, 23, 90, 1139 }, // 3
    { 19, 23, 19, 0, 23, 110, 1229 }, // 4
    { 16, 24, 19, 1, 23, 96, 1339 }, // 5
    { 15, 25, 19, 2, 24, 94, 1435 }, // 6
    { 16, 23, 19, 2, 23, 92, 1529 }, // 7
    { 16, 24, 19, 1, 23, 96, 1621 }, // 8
    { 16, 24, 19, 1, 23, 96, 1717 }, // 9
    { 6, 16, 8, 1, 15, 24, 1813 }, // :
    { 6, 21, 9, 1, 15, 32, 1837 }, // ;
    { 16, 16, 17, 0, 15, 64, 1869 }, // <
    { 13, 9, 17, 2, 12, 30, 1933 }, // =
    { 16, 16, 17, 0, 15, 64, 1963 }, // >
    { 13, 24, 14, 0, 23, 78, 2027 }, // ?
    { 28, 29, 29, 1, 24, 203, 2105 }, // @
    { 25, 23, 23, -1, 23, 144, 2308 }, // A
    { 19, 23, 21, 1, 23, 110, 2452 }, // B
    { 21, 25, 23, 1, 24, 132, 2562 }, // C
    { 23, 23, 25, 1, 23, 133, 2694 }, // D
    { 19, 26, 21, 1, 24, 124, 2827 }, // E
    { 18, 24, 19, 1, 24, 108, 2951 }, // F
    { 23, 25, 25, 1, 24, 144, 3059 }, // G
    { 24, 23, 26, 1, 23, 138, 3203 }, // H
    { 9, 23, 11, 1, 23, 52, 3341 }, // I
    { 14, 24, 14, 0, 23, 84, 3393 }, // J
    { 24, 23, 24, 1, 23, 138, 3477 }, // K
    { 19, 25, 20, 1, 23, 119, 3615 }, // L
    { 32, 24, 32, 0, 23, 192, 3734 }, // M
    { 23, 24, 25, 1, 23, 138, 3926 }, // N
    { 23, 24, 26, 1, 23, 138, 4064 }, // O
    { 19, 23, 20, 1, 23, 110, 4202 }, // P
    { 24, 30, 26, 1, 23, 180, 4312 }, // Q
    { 21, 24, 21, 1, 23, 126, 4492 }, // R
    { 16, 25, 18, 1, 24, 100, 4618 }, // S
    { 22, 24, 22, 0, 24, 132, 4718 }, // T
    { 25, 24, 25, 0, 23, 150, 4850 }, // U
    { 24, 24, 22, -1, 23, 144, 5000 }, // V
    { 33, 24, 32, -1, 23, 198, 5144 }, // W
    { 24, 23, 23, 0, 23, 138, 5342 }, // X
    { 24, 23, 22, -1, 23, 138, 5480 }, // Y
    { 19, 25, 21, 1, 24, 119, 5618 }, // Z
    { 8, 29, 11, 3, 24, 58, 5737 }, // [
    { 13, 23, 13, 0, 23, 75, 5795 }, // <backslash>
    { 8, 29, 11, 0, 24, 58, 5870 }, // ]
    { 13, 14, 17, 2, 23, 46, 5928 }, // ^
    { 14, 3, 14, 0, -3, 11, 5974 }, // _
    { 7, 7, 17, 3, 23, 13, 5985 }, // `
    { 14, 16, 15, 1, 15, 56, 5998 }, // a
    { 18, 25, 18, -1, 24, 113, 6054 }, // b
    { 13, 16, 14, 1, 15, 52, 6167 }, // c
    { 17, 25, 18, 1, 24, 107, 6219 }, // d
    { 13, 16, 15, 1, 15, 52, 6326 }, // e
    { 16, 24, 11, 0, 24, 96, 6378 }, // f
    { 17, 24, 16, 0, 15, 102, 6474 }, // g
    { 18, 24, 18, 0, 24, 108, 6576 }, // h
    { 9, 24, 9, 0, 24, 54, 6684 }, // i
    { 7, 33, 8, 0, 24, 58, 6738 }, // j
    { 18, 24, 17, 0, 24, 108, 6796 }, // k
    { 9, 24, 9, 0, 24, 54, 6904 }, // l
    { 27, 15, 27, 0, 15, 102, 6958 }, // m
    { 19, 15, 18, 0, 15, 72, 7060 }, // n
    { 15, 16, 17, 1, 15, 60, 7132 }, // o
    { 17, 24, 18, 0, 15, 102, 7192 }, // p
    { 17, 24, 18, 1, 15, 102, 7294 }, // q
    { 13, 15, 13, 0, 15, 49, 7396 }, // r
    { 10, 16, 12, 1, 15, 40, 7445 }, // s
    { 11, 18, 11, 0, 17, 50, 7485 }, // t
    { 17, 16, 17, 0, 15, 68, 7535 }, // u
    { 18, 16, 17, -1, 15, 72, 7603 }, // v
    { 24, 16, 24, 0, 15, 96, 7675 }, // w
    { 17, 15, 16, 0, 15, 64, 7771 }, // x
    { 17, 24, 17, 0, 15, 102, 7835 }, // y
    { 13, 15, 14, 1, 15, 49, 7937 }, // z
    { 10, 29, 10, 0, 24, 73, 7986 }, // {
    { 2, 34, 8, 3, 25, 17, 8059 }, // |
    { 10, 29, 10, 0, 24, 73, 8076 }, // }
    { 13, 5, 17, 2, 10, 17, 8149 }, // ~
    { 0, 0, 7, 0, 0, 0, 0 }, // U+00A0
    { 6, 24, 8, 1, 15, 36, 0 }, // U+00A1
    { 13, 23, 19, 3, 23, 75, 36 }, // U+00A2
    { 17, 24, 19, 1, 23, 102, 111 }, // U+00A3
    { 11, 11, 15, 2, 13, 31, 213 }, // U+00A4
    { 22, 23, 19, -2, 23, 127, 244 }, // U+00A5
    { 2, 34, 8, 3, 25, 17, 371 }, // U+00A6
    { 15, 28, 17, 1, 23, 105, 388 }, // U+00A7
    { 11, 5, 17, 3, 22, 14, 493 }, // U+00A8
    { 25, 24, 27, 1, 23, 150, 507 }, // U+00A9
    { 12, 16, 15, 1, 23, 48, 657 }, // U+00AA
    { 15, 14, 16, 0, 14, 53, 705 }, // U+00AB
    { 13, 8, 17, 2, 11, 26, 758 }, // U+00AC
    { 8, 3, 11, 2, 9, 6, 784 }, // U+00AD
    { 16, 15, 18, 1, 23, 60, 790 }, // U+00AE
    { 9, 3, 17, 4, 21, 7, 850 }, // U+00AF
    { 11, 11, 13, 1, 23, 31, 857 }, // U+00B0
    { 13, 15, 17, 2, 15, 49, 888 }, // U+00B1
    { 10, 14, 11, 1, 23, 35, 937 }, // U+00B2
    { 10, 14, 11, 0, 23, 35, 972 }, // U+00B3
    { 7, 7, 17, 7, 23, 13, 1007 }, // U+00B4
    { 16, 24, 18, 2, 15, 96, 1020 }, // U+00B5
    { 19, 28, 20, 0, 23, 133, 1116 }, // U+00B6
    { 6, 5, 8, 1, 9, 8, 1249 }, // U+00B7
    { 7, 10, 17, 4, 1, 18, 1257 }, // U+00B8
    { 8, 14, 9, 0, 23, 28, 1275 }, // U+00B9
    { 12, 16, 15, 1, 23, 48, 1303 }, // U+00BA
    { 15, 15, 17, 1, 15, 57, 1351 }, // U+00BB
    { 23, 24, 25, 1, 23, 138, 1408 }, // U+00BC
    { 25, 24, 26, 0, 23, 150, 1546 }, // U+00BD
    { 23, 24, 24, 1, 23, 138, 1696 }, // U+00BE
    { 13, 24, 14, 1, 15, 78, 1834 }, // U+00BF
    { 25, 29, 23, -1, 29, 182, 1912 }, // U+00C0
    { 25, 29, 23, -1, 29, 182, 2094 }, // U+00C1
    { 25, 29, 23, -1, 29, 182, 2276 }, // U+00C2
    { 25, 29, 23, -1, 29, 182, 2458 }, // U+00C3
    { 25, 29, 23, -1, 29, 182, 2640 }, // U+00C4
    { 25, 30, 23, -1, 30, 188, 2822 }, // U+00C5
    { 33, 26, 32, -1, 24, 215, 3010 }, // U+00C6
    { 21, 33, 23, 1, 24, 174, 3225 }, // U+00C7
    { 19, 31, 21, 1, 29, 148, 3399 }, // U+00C8
    { 19, 31, 21, 1, 29, 148, 3547 }, // U+00C9
    { 19, 31, 21, 1, 29, 148, 3695 }, // U+00CA
    { 19, 31, 21, 1, 29, 148, 3843 }, // U+00CB
    { 10, 29, 11, 0, 29, 73, 3991 }, // U+00CC
    { 10, 29, 11, 1, 29, 73, 4064 }, // U+00CD
    { 11, 29, 11, 0, 29, 80, 4137 }, // U+00CE
    { 11, 29, 11, 0, 29, 80, 4217 }, // U+00CF
    { 23, 23, 25, 1, 23, 133, 4297 }, // U+00D0
    { 23, 30, 25, 1, 29, 173, 4430 }, // U+00D1
    { 23, 30, 26, 1, 29, 173, 4603 }, // U+00D2
    { 23, 30, 26, 1, 29, 173, 4776 }, // U+00D3
    { 23, 30, 26, 1, 29, 173, 4949 }, // U+00D4
    { 23, 30, 26, 1, 29, 173, 5122 }, // U+00D5
    { 23, 30, 26, 1, 29, 173, 5295 }, // U+00D6
    { 11, 11, 17, 3, 13, 31, 5468 }, // U+00D7
    { 24, 24, 26, 1, 23, 144, 5499 }, // U+00D8
    { 25, 30, 25, 0, 29, 188, 5643 }, // U+00D9
    { 25, 30, 25, 0, 29, 188, 5831 }, // U+00DA
    { 25, 30, 25, 0, 29, 188, 6019 }, // U+00DB
    { 25, 30, 25, 0, 29, 188, 6207 }, // U+00DC
    { 24, 29, 22, -1, 29, 174, 6395 }, // U+00DD
    { 19, 23, 20, 1, 23, 110, 6569 }, // U+00DE
    { 20, 25, 20, 0, 24, 125, 6679 }, // U+00DF
    { 14, 24, 15, 1, 23, 84, 6804 }, // U+00E0
    { 14, 24, 15, 1, 23, 84, 6888 }, // U+00E1
    { 14, 24, 15, 1, 23, 84, 6972 }, // U+00E2
    { 14, 24, 15, 1, 23, 84, 7056 }, // U+00E3
    { 14, 23, 15, 1, 22, 81, 7140 }, // U+00E4
    { 14, 24, 15, 1, 23, 84, 7221 }, // U+00E5
    { 21, 16, 23, 1, 15, 84, 7305 }, // U+00E6
    { 13, 24, 14, 1, 15, 78, 7389 }, // U+00E7
    { 13, 24, 15, 1, 23, 78, 7467 }, // U+00E8
    { 13, 24, 15, 1, 23, 78, 7545 }, // U+00E9
    { 13, 24, 15, 1, 23, 78, 7623 }, // U+00EA
    { 13, 23, 15, 1, 22, 75, 7701 }, // U+00EB
    { 10, 23, 9, -1, 23, 58, 7776 }, // U+00EC
    { 10, 23, 9, 0, 23, 58, 7834 }, // U+00ED
    { 11, 23, 9, -1, 23, 64, 7892 }, // U+00EE
    { 11, 22, 9, -1, 22, 61, 7956 }, // U+00EF
    { 15, 25, 17, 1, 24, 94, 8017 }, // U+00F0
    { 19, 23, 18, 0, 23, 110, 8111 }, // U+00F1
    { 15, 24, 17, 1, 23, 90, 8221 }, // U+00F2
    { 15, 24, 17, 1, 23, 90, 8311 }, // U+00F3
    { 15, 24, 17, 1, 23, 90, 8401 }, // U+00F4
    { 15, 24, 17, 1, 23, 90, 8491 }, // U+00F5
    { 15, 23, 17, 1, 22, 87, 8581 }, // U+00F6
    { 13, 15, 17, 2, 15, 49, 8668 }, // U+00F7
    { 16, 16, 18, 1, 15, 64, 8717 }, // U+00F8
    { 17, 24, 17, 0, 23, 102, 8781 }, // U+00F9
    { 17, 24, 17, 0, 23, 102, 8883 }, // U+00FA
    { 17, 24, 17, 0, 23, 102, 8985 }, // U+00FB
    { 17, 23, 17, 0, 22, 98, 9087 }, // U+00FC
    { 17, 32, 17, 0, 23, 136, 9185 }, // U+00FD
    { 18, 33, 18, -1, 24, 149, 9321 }, // U+00FE
    { 17, 31, 17, 0, 22, 132, 9470 }, // U+00FF
    { 25, 28, 23, -1, 28, 175, 0 }, // U+0100
    { 14, 22, 15, 1, 21, 77, 175 }, // U+0101
    { 25, 29, 23, -1, 29, 182, 252 }, // U+0102
    { 14, 24, 15, 1, 23, 84, 434 }, // U+0103
    { 25, 32, 23, -1, 23, 200, 518 }, // U+0104
    { 15, 24, 15, 1, 15, 90, 718 }, // U+0105
    { 21, 30, 23, 1, 29, 158, 808 }, // U+0106
    { 13, 24, 14, 1, 23, 78, 966 }, // U+0107
    { 21, 30, 23, 1, 29, 158, 1044 }, // U+0108
    { 13, 24, 14, 1, 23, 78, 1202 }, // U+0109
    { 21, 30, 23, 1, 29, 158, 1280 }, // U+010A
    { 13, 23, 14, 1, 22, 75, 1438 }, // U+010B
    { 21, 30, 23, 1, 29, 158, 1513 }, // U+010C
    { 13, 24, 14, 1, 23, 78, 1671 }, // U+010D
    { 23, 29, 25, 1, 29, 167, 1749 }, // U+010E
    { 21, 25, 18, 1, 24, 132, 1916 }, // U+010F
    { 23, 23, 25, 1, 23, 133, 2048 }, // U+0110
    { 18, 25, 18, 1, 24, 113, 2181 }, // U+0111
    { 19, 30, 21, 1, 28, 143, 2294 }, // U+0112
    { 13, 22, 15, 1, 21, 72, 2437 }, // U+0113
    { 19, 31, 21, 1, 29, 148, 2509 }, // U+0114
    { 13, 24, 15, 1, 23, 78, 2657 }, // U+0115
    { 19, 31, 21, 1, 29, 148, 2735 }, // U+0116
    { 13, 23, 15, 1, 22, 75, 2883 }, // U+0117
    { 19, 33, 21, 1, 24, 157, 2958 }, // U+0118
    { 14, 24, 15, 1, 15, 84, 3115 }, // U+0119
    { 19, 31, 21, 1, 29, 148, 3199 }, // U+011A
    { 13, 24, 15, 1, 23, 78, 3347 }, // U+011B
    { 23, 30, 25, 1, 29, 173, 3425 }, // U+011C
    { 17, 32, 16, 0, 23, 136, 3598 }, // U+011D
    { 23, 30, 25, 1, 29, 173, 3734 }, // U+011E
    { 17, 32, 16, 0, 23, 136, 3907 }, // U+011F
    { 23, 30, 25, 1, 29, 173, 4043 }, // U+0120
    { 17, 31, 16, 0, 22, 132, 4216 }, // U+0121
    { 23, 30, 25, 1, 29, 173, 4348 }, // U+0122
    { 17, 32, 16, 0, 23, 136, 4521 }, // U+0123
    { 24, 29, 26, 1, 29, 174, 4657 }, // U+0124
    { 18, 30, 18, 0, 30, 135, 4831 }, // U+0125
    { 24, 23, 26, 1, 23, 138, 4966 }, // U+0126
    { 19, 24, 18, -1, 24, 114, 5104 }, // U+0127
    { 11, 29, 11, 0, 29, 80, 5218 }, // U+0128
    { 10, 23, 9, 0, 23, 58, 5298 }, // U+0129
    { 9, 28, 11, 1, 28, 63, 5356 }, // U+012A
    { 9, 21, 9, 0, 21, 48, 5419 }, // U+012B
    { 11, 29, 11, 0, 29, 80, 5467 }, // U+012C
    { 10, 23, 9, 0, 23, 58, 5547 }, // U+012D
    { 9, 32, 11, 1, 23, 72, 5605 }, // U+012E
    { 9, 33, 9, 0, 24, 75, 5677 }, // U+012F
    { 9, 29, 11, 1, 29, 66, 5752 }, // U+0130
    { 9, 15, 9, 0, 15, 34, 5818 }, // U+0131
    { 15, 30, 14, 0, 29, 113, 5852 }, // U+0134
    { 10, 32, 8, -1, 23, 80, 5965 }, // U+0135
    { 24, 32, 24, 1, 23, 192, 6045 }, // U+0136
    { 18, 33, 17, 0, 24, 149, 6237 }, // U+0137
    { 19, 15, 18, 0, 15, 72, 6386 }, // U+0138
    { 19, 31, 20, 1, 29, 148, 6458 }, // U+0139
    { 10, 30, 9, 0, 30, 75, 6606 }, // U+013A
    { 19, 32, 20, 1, 23, 152, 6681 }, // U+013B
    { 9, 33, 9, 0, 24, 75, 6833 }, // U+013C
    { 19, 25, 20, 1, 23, 119, 6908 }, // U+013D
    { 12, 24, 9, 0, 24, 72, 7027 }, // U+013E
    { 19, 25, 20, 1, 23, 119, 7099 }, // U+013F
    { 11, 24, 9, 0, 24, 66, 7218 }, // U+0140
    { 19, 25, 20, 1, 23, 119, 7284 }, // U+0141
    { 9, 24, 10, 1, 24, 54, 7403 }, // U+0142
    { 23, 30, 25, 1, 29, 173, 7457 }, // U+0143
    { 19, 23, 18, 0, 23, 110, 7630 }, // U+0144
    { 23, 32, 25, 1, 23, 184, 7740 }, // U+0145
    { 19, 24, 18, 0, 15, 114, 7924 }, // U+0146
    { 23, 30, 25, 1, 29, 173, 8038 }, // U+0147
    { 19, 23, 18, 0, 23, 110, 8211 }, // U+0148
    { 23, 32, 25, 1, 23, 184, 8321 }, // U+014A
    { 16, 24, 18, 0, 15, 96, 8505 }, // U+014B
    { 23, 29, 26, 1, 28, 167, 8601 }, // U+014C
    { 15, 22, 17, 1, 21, 83, 8768 }, // U+014D
    { 23, 30, 26, 1, 29, 173, 8851 }, // U+014E
    { 15, 24, 17, 1, 23, 90, 9024 }, // U+014F
    { 23, 30, 26, 1, 29, 173, 9114 }, // U+0150
    { 15, 24, 17, 1, 23, 90, 9287 }, // U+0151
    { 33, 26, 34, 1, 24, 215, 9377 }, // U+0152
    { 25, 16, 26, 1, 15, 100, 9592 }, // U+0153
    { 21, 30, 21, 1, 29, 158, 9692 }, // U+0154
    { 13, 23, 13, 0, 23, 75, 9850 }, // U+0155
    { 21, 32, 21, 1, 23, 168, 9925 }, // U+0156
    { 13, 24, 13, 0, 15, 78, 10093 }, // U+0157
    { 21, 30, 21, 1, 29, 158, 10171 }, // U+0158
    { 13, 23, 13, 0, 23, 75, 10329 }, // U+0159
    { 16, 30, 18, 1, 29, 120, 10404 }, // U+015A
    { 11, 24, 12, 1, 23, 66, 10524 }, // U+015B
    { 16, 30, 18, 1, 29, 120, 10590 }, // U+015C
    { 10, 24, 12, 1, 23, 60, 10710 }, // U+015D
    { 16, 33, 18, 1, 24, 132, 10770 }, // U+015E
    { 10, 24, 12, 1, 15, 60, 10902 }, // U+015F
    { 16, 30, 18, 1, 29, 120, 10962 }, // U+0160
    { 10, 24, 12, 1, 23, 60, 11082 }, // U+0161
    { 22, 33, 22, 0, 24, 182, 11142 }, // U+0162
    { 11, 26, 11, 0, 17, 72, 11324 }, // U+0163
    { 22, 29, 22, 0, 29, 160, 11396 }, // U+0164
    { 11, 24, 11, 0, 23, 66, 11556 }, // U+0165
    { 22, 24, 22, 0, 24, 132, 11622 }, // U+0166
    { 11, 18, 11, 0, 17, 50, 11754 }, // U+0167
    { 25, 30, 25, 0, 29, 188, 11804 }, // U+0168
    { 17, 24, 17, 0, 23, 102, 11992 }, // U+0169
    { 25, 29, 25, 0, 28, 182, 12094 }, // U+016A
    { 17, 22, 17, 0, 21, 94, 12276 }, // U+016B
    { 25, 30, 25, 0, 29, 188, 12370 }, // U+016C
    { 17, 24, 17, 0, 23, 102, 12558 }, // U+016D
    { 25, 31, 25, 0, 30, 194, 12660 }, // U+016E
    { 17, 24, 17, 0, 23, 102, 12854 }, // U+016F
    { 25, 30, 25, 0, 29, 188, 12956 }, // U+0170
    { 17, 24, 17, 0, 23, 102, 13144 }, // U+0171
    { 25, 32, 25, 0, 23, 200, 13246 }, // U+0172
    { 17, 24, 17, 0, 15, 102, 13446 }, // U+0173
    { 33, 30, 32, -1, 29, 248, 13548 }, // U+0174
    { 24, 24, 24, 0, 23, 144, 13796 }, // U+0175
    { 24, 29, 22, -1, 29, 174, 13940 }, // U+0176
    { 17, 32, 17, 0, 23, 136, 14114 }, // U+0177
    { 24, 29, 22, -1, 29, 174, 14250 }, // U+0178
    { 19, 30, 21, 1, 29, 143, 14424 }, // U+0179
    { 13, 23, 14, 1, 23, 75, 14567 }, // U+017A
    { 19, 30, 21, 1, 29, 143, 14642 }, // U+017B
    { 13, 22, 14, 1, 22, 72, 14785 }, // U+017C
    { 19, 30, 21, 1, 29, 143, 14857 }, // U+017D
    { 13, 23, 14, 1, 23, 75, 15000 }, // U+017E
    { 23, 28, 26, 1, 27, 161, 0 }, // U+01A0
    { 16, 20, 17, 1, 19, 80, 161 }, // U+01A1
    { 28, 28, 25, 0, 27, 196, 241 }, // U+01AF
    { 19, 20, 18, 0, 19, 95, 437 }, // U+01B0
    { 44, 30, 45, 1, 29, 330, 532 }, // U+01C4
    { 37, 23, 38, 1, 23, 213, 862 }, // U+01C5
    { 30, 25, 32, 1, 24, 188, 1075 }, // U+01C6
    { 33, 25, 34, 1, 23, 207, 1263 }, // U+01C7
    { 25, 33, 27, 1, 24, 207, 1470 }, // U+01C8
    { 15, 33, 17, 0, 24, 124, 1677 }, // U+01C9
    { 37, 24, 39, 1, 23, 222, 1801 }, // U+01CA
    { 30, 33, 32, 1, 24, 248, 2023 }, // U+01CB
    { 25, 33, 26, 0, 24, 207, 2271 }, // U+01CC
    { 23, 30, 25, 1, 29, 173, 2478 }, // U+01E6
    { 17, 32, 16, 0, 23, 136, 2651 }, // U+01E7
    { 23, 32, 26, 1, 23, 184, 2787 }, // U+01EA
    { 15, 24, 17, 1, 15, 90, 2971 }, // U+01EB
    { 25, 35, 23, -1, 35, 219, 3061 }, // U+01FA
    { 14, 32, 15, 1, 31, 112, 3280 }, // U+01FB
    { 33, 31, 32, -1, 29, 256, 3392 }, // U+01FC
    { 21, 24, 23, 1, 23, 126, 3648 }, // U+01FD
    { 24, 30, 26, 1, 29, 180, 3774 }, // U+01FE
    { 16, 24, 18, 1, 23, 96, 3954 }, // U+01FF
    { 25, 29, 23, -1, 29, 182, 4050 }, // U+0200
    { 16, 24, 15, -1, 23, 96, 4232 }, // U+0201
    { 25, 29, 23, -1, 29, 182, 4328 }, // U+0202
    { 14, 24, 15, 1, 23, 84, 4510 }, // U+0203
    { 19, 31, 21, 1, 29, 148, 4594 }, // U+0204
    { 14, 24, 15, 0, 23, 84, 4742 }, // U+0205
    { 19, 31, 21, 1, 29, 148, 4826 }, // U+0206
    { 13, 24, 15, 1, 23, 78, 4974 }, // U+0207
    { 13, 29, 11, -3, 29, 95, 5052 }, // U+0208
    { 12, 23, 9, -3, 23, 69, 5147 }, // U+0209
    { 11, 29, 11, 0, 29, 80, 5216 }, // U+020A
    { 10, 23, 9, 0, 23, 58, 5296 }, // U+020B
    { 23, 30, 26, 1, 29, 173, 5354 }, // U+020C
    { 15, 24, 17, 1, 23, 90, 5527 }, // U+020D
    { 23, 30, 26, 1, 29, 173, 5617 }, // U+020E
    { 15, 24, 17, 1, 23, 90, 5790 }, // U+020F
    { 21, 30, 21, 1, 29, 158, 5880 }, // U+0210
    { 14, 23, 13, -1, 23, 81, 6038 }, // U+0211
    { 21, 30, 21, 1, 29, 158, 6119 }, // U+0212
    { 13, 23, 13, 0, 23, 75, 6277 }, // U+0213
    { 25, 30, 25, 0, 29, 188, 6352 }, // U+0214
    { 17, 24, 17, 0, 23, 102, 6540 }, // U+0215
    { 25, 30, 25, 0, 29, 188, 6642 }, // U+0216
    { 17, 24, 17, 0, 23, 102, 6830 }, // U+0217
    { 16, 33, 18, 1, 24, 132, 6932 }, // U+0218
    { 10, 24, 12, 1, 15, 60, 7064 }, // U+0219
    { 22, 33, 22, 0, 24, 182, 7124 }, // U+021A
    { 11, 26, 11, 0, 17, 72, 7306 }, // U+021B
    { 7, 7, 0, -6, 23, 13, 0 }, // U+0300
    { 7, 7, 0, -1, 23, 13, 13 }, // U+0301
    { 10, 7, 0, -5, 23, 18, 26 }, // U+0302
    { 10, 7, 0, -5, 23, 18, 44 }, // U+0303
    { 10, 3, 0, -5, 21, 8, 62 }, // U+0304
    { 10, 7, 0, -5, 23, 18, 70 }, // U+0306
    { 6, 5, 0, -3, 22, 8, 88 }, // U+0307
    { 10, 5, 0, -5, 22, 13, 96 }, // U+0308
    { 6, 8, 0, -3, 24, 12, 109 }, // U+0309
    { 6, 7, 0, -3, 23, 11, 121 }, // U+030A
    { 11, 7, 0, -3, 23, 20, 132 }, // U+030B
    { 10, 7, 0, -5, 23, 18, 152 }, // U+030C
    { 11, 7, 0, -8, 23, 20, 170 }, // U+030F
    { 10, 7, 0, -5, 23, 18, 190 }, // U+0311
    { 6, 7, 0, -3, 23, 11, 208 }, // U+0312
    { 7, 6, 0, -1, 19, 11, 219 }, // U+031B
    { 6, 5, 0, -3, -2, 8, 230 }, // U+0323
    { 10, 5, 0, -5, -2, 13, 238 }, // U+0324
    { 6, 8, 0, -3, -1, 12, 251 }, // U+0326
    { 7, 10, 0, -4, 1, 18, 263 }, // U+0327
    { 8, 10, 0, -7, 1, 20, 281 }, // U+0328
    { 10, 7, 0, -5, -1, 18, 301 }, // U+032E
    { 10, 3, 0, -5, -3, 8, 319 }, // U+0331
    { 12, 2, 0, -6, 19, 6, 327 }, // U+0335
    { 25, 30, 23, -1, 23, 188, 0 }, // U+1EA0
    { 14, 22, 15, 1, 15, 77, 188 }, // U+1EA1
    { 25, 30, 23, -1, 30, 188, 265 }, // U+1EA2
    { 14, 25, 15, 1, 24, 88, 453 }, // U+1EA3
    { 25, 31, 23, -1, 31, 194, 541 }, // U+1EA4
    { 15, 26, 15, 1, 25, 98, 735 }, // U+1EA5
    { 25, 31, 23, -1, 31, 194, 833 }, // U+1EA6
    { 18, 26, 15, -3, 25, 117, 1027 }, // U+1EA7
    { 25, 33, 23, -1, 33, 207, 1144 }, // U+1EA8
    { 15, 28, 15, 1, 27, 105, 1351 }, // U+1EA9
    { 25, 31, 23, -1, 31, 194, 1456 }, // U+1EAA
    { 14, 26, 15, 1, 25, 91, 1650 }, // U+1EAB
    { 25, 36, 23, -1, 29, 225, 1741 }, // U+1EAC
    { 14, 30, 15, 1, 23, 105, 1966 }, // U+1EAD
    { 25, 31, 23, -1, 31, 194, 2071 }, // U+1EAE
    { 14, 26, 15, 1, 25, 91, 2265 }, // U+1EAF
    { 25, 31, 23, -1, 31, 194, 2356 }, // U+1EB0
    { 14, 26, 15, 1, 25, 91, 2550 }, // U+1EB1
    { 25, 32, 23, -1, 32, 200, 2641 }, // U+1EB2
    { 14, 27, 15, 1, 26, 95, 2841 }, // U+1EB3
    { 25, 31, 23, -1, 31, 194, 2936 }, // U+1EB4
    { 14, 26, 15, 1, 25, 91, 3130 }, // U+1EB5
    { 25, 36, 23, -1, 29, 225, 3221 }, // U+1EB6
    { 14, 30, 15, 1, 23, 105, 3446 }, // U+1EB7
    { 19, 31, 21, 1, 24, 148, 3551 }, // U+1EB8
    { 13, 22, 15, 1, 15, 72, 3699 }, // U+1EB9
    { 19, 32, 21, 1, 30, 152, 3771 }, // U+1EBA
    { 13, 25, 15, 1, 24, 82, 3923 }, // U+1EBB
    { 19, 31, 21, 1, 29, 148, 4005 }, // U+1EBC
    { 13, 24, 15, 1, 23, 78, 4153 }, // U+1EBD
    { 19, 33, 21, 1, 31, 157, 4231 }, // U+1EBE
    { 16, 26, 15, 1, 25, 104, 4388 }, // U+1EBF
    { 19, 33, 21, 1, 31, 157, 4492 }, // U+1EC0
    { 16, 26, 15, -2, 25, 104, 4649 }, // U+1EC1
    { 19, 35, 21, 1, 33, 167, 4753 }, // U+1EC2
    { 16, 28, 15, 1, 27, 112, 4920 }, // U+1EC3
    { 19, 33, 21, 1, 31, 157, 5032 }, // U+1EC4
    { 13, 26, 15, 1, 25, 85, 5189 }, // U+1EC5
    { 19, 36, 21, 1, 29, 171, 5274 }, // U+1EC6
    { 13, 30, 15, 1, 23, 98, 5445 }, // U+1EC7
    { 9, 30, 11, 1, 30, 68, 5543 }, // U+1EC8
    { 9, 24, 9, 0, 24, 54, 5611 }, // U+1EC9
    { 9, 30, 11, 1, 23, 68, 5665 }, // U+1ECA
    { 9, 31, 9, 0, 24, 70, 5733 }, // U+1ECB
    { 23, 30, 26, 1, 23, 173, 5803 }, // U+1ECC
    { 15, 22, 17, 1, 15, 83, 5976 }, // U+1ECD
    { 23, 31, 26, 1, 30, 179, 6059 }, // U+1ECE
    { 15, 25, 17, 1, 24, 94, 6238 }, // U+1ECF
    { 23, 32, 26, 1, 31, 184, 6332 }, // U+1ED0
    { 17, 26, 17, 1, 25, 111, 6516 }, // U+1ED1
    { 23, 32, 26, 1, 31, 184, 6627 }, // U+1ED2
    { 17, 26, 17, -1, 25, 111, 6811 }, // U+1ED3
    { 23, 34, 26, 1, 33, 196, 6922 }, // U+1ED4
    { 16, 28, 17, 1, 27, 112, 7118 }, // U+1ED5
    { 23, 32, 26, 1, 31, 184, 7230 }, // U+1ED6
    { 15, 26, 17, 1, 25, 98, 7414 }, // U+1ED7
    { 23, 36, 26, 1, 29, 207, 7512 }, // U+1ED8
    { 15, 30, 17, 1, 23, 113, 7719 }, // U+1ED9
    { 23, 30, 26, 1, 29, 173, 7832 }, // U+1EDA
    { 16, 24, 17, 1, 23, 96, 8005 }, // U+1EDB
    { 23, 30, 26, 1, 29, 173, 8101 }, // U+1EDC
    { 16, 24, 17, 1, 23, 96, 8274 }, // U+1EDD
    { 23, 31, 26, 1, 30, 179, 8370 }, // U+1EDE
    { 16, 25, 17, 1, 24, 100, 8549 }, // U+1EDF
    { 23, 30, 26, 1, 29, 173, 8649 }, // U+1EE0
    { 16, 24, 17, 1, 23, 96, 8822 }, // U+1EE1
    { 23, 34, 26, 1, 27, 196, 8918 }, // U+1EE2
    { 16, 26, 17, 1, 19, 104, 9114 }, // U+1EE3
    { 25, 30, 25, 0, 23, 188, 9218 }, // U+1EE4
    { 17, 22, 17, 0, 15, 94, 9406 }, // U+1EE5
    { 25, 31, 25, 0, 30, 194, 9500 }, // U+1EE6
    { 17, 25, 17, 0, 24, 107, 9694 }, // U+1EE7
    { 28, 30, 25, 0, 29, 210, 9801 }, // U+1EE8
    { 19, 24, 18, 0, 23, 114, 10011 }, // U+1EE9
    { 28, 30, 25, 0, 29, 210, 10125 }, // U+1EEA
    { 19, 24, 18, 0, 23, 114, 10335 }, // U+1EEB
    { 28, 31, 25, 0, 30, 217, 10449 }, // U+1EEC
    { 19, 25, 18, 0, 24, 119, 10666 }, // U+1EED
    { 28, 30, 25, 0, 29, 210, 10785 }, // U+1EEE
    { 19, 24, 18, 0, 23, 114, 10995 }, // U+1EEF
    { 28, 34, 25, 0, 27, 238, 11109 }, // U+1EF0
    { 19, 26, 18, 0, 19, 124, 11347 }, // U+1EF1
    { 24, 29, 22, -1, 29, 174, 11471 }, // U+1EF2
    { 17, 32, 17, 0, 23, 136, 11645 }, // U+1EF3
    { 24, 30, 22, -1, 23, 180, 11781 }, // U+1EF4
    { 17, 25, 17, 0, 15, 107, 11961 }, // U+1EF5
    { 24, 30, 22, -1, 30, 180, 12068 }, // U+1EF6
    { 17, 33, 17, 0, 24, 141, 12248 }, // U+1EF7
    { 24, 29, 22, -1, 29, 174, 12389 }, // U+1EF8
    { 17, 32, 17, 0, 23, 136, 12563 }, // U+1EF9
    { 8, 3, 11, 2, 9, 6, 0 }, // U+2010
    { 15, 3, 17, 1, 9, 12, 6 }, // U+2013
    { 20, 3, 23, 1, 9, 15, 18 }, // U+2014
    { 6, 9, 8, 1, 23, 14, 33 }, // U+2018
    { 6, 9, 8, 1, 23, 14, 47 }, // U+2019
    { 6, 9, 8, 1, 4, 14, 61 }, // U+201A
    { 12, 9, 13, 1, 23, 27, 75 }, // U+201C
    { 12, 9, 14, 1, 23, 27, 102 }, // U+201D
    { 11, 9, 14, 1, 4, 25, 129 }, // U+201E
    { 10, 14, 12, 1, 24, 35, 154 }, // U+2020
    { 9, 14, 12, 2, 24, 32, 189 }, // U+2021
    { 9, 9, 14, 2, 12, 21, 221 }, // U+2022
    { 19, 5, 21, 1, 4, 24, 242 }, // U+2026
    { 36, 24, 38, 1, 23, 216, 266 }, // U+2030
    { 5, 9, 7, 1, 23, 12, 482 }, // U+2032
    { 11, 9, 12, 1, 23, 25, 494 }, // U+2033
    { 9, 14, 10, 0, 14, 32, 519 }, // U+2039
    { 8, 15, 10, 1, 15, 30, 551 }, // U+203A
    { 18, 23, 3, -8, 23, 104, 581 }, // U+2044
    { 22, 23, 24, 1, 23, 127, 685 }, // U+2052
    { 10, 14, 12, 1, 23, 35, 0 }, // U+2070
    { 12, 14, 12, 0, 23, 42, 35 }, // U+2074
    { 16, 30, 19, 2, 26, 120, 0 }, // U+20A1
    { 17, 24, 19, 1, 24, 102, 120 }, // U+20A3
    { 17, 24, 19, 1, 23, 102, 222 }, // U+20A4
    { 19, 24, 19, 0, 23, 114, 324 }, // U+20A6
    { 21, 24, 19, -1, 23, 126, 438 }, // U+20A7
    { 21, 24, 19, -1, 23, 126, 564 }, // U+20A9
    { 17, 29, 19, 1, 23, 124, 690 }, // U+20AB
    { 20, 24, 19, -1, 23, 120, 814 }, // U+20AC
    { 21, 23, 19, -1, 23, 121, 934 }, // U+20AD
    { 19, 23, 19, 0, 23, 110, 1055 }, // U+20B1
    { 17, 30, 19, 1, 26, 128, 1165 }, // U+20B2
    { 13, 23, 19, 3, 23, 75, 1293 }, // U+20B5
    { 17, 24, 19, 1, 23, 102, 1368 }, // U+20B9
    { 18, 25, 19, 1, 23, 113, 1470 }, // U+20BA
    { 16, 23, 19, 1, 23, 92, 1583 }, // U+20BC
    { 17, 23, 19, 1, 23, 98, 1675 }, // U+20BD
    { 13, 3, 17, 2, 9, 10, 0 }, // U+2212
    { 18, 23, 3, -8, 23, 104, 10 }, // U+2215
    { 9, 9, 17, 4, 12, 21, 114 }, // U+2219
    { 13, 11, 17, 2, 13, 36, 135 }, // U+2248
    { 13, 15, 17, 2, 15, 49, 171 }, // U+2260
    { 16, 15, 17, 0, 15, 60, 220 }, // U+2264
    { 16, 15, 17, 0, 15, 60, 280 }, // U+2265
    { 26, 24, 21, 0, 24, 156, 0 }, // U+FB00
    { 19, 24, 19, 0, 24, 114, 156 }, // U+FB01
    { 19, 24, 19, 0, 24, 114, 270 }, // U+FB02
    { 29, 24, 29, 0, 24, 174, 384 }, // U+FB03
    { 29, 24, 29, 0, 24, 174, 558 }, // U+FB04
};

static const EpdUnicodeInterval newsreader_16_regularIntervals[] = {
    { 0x20, 0x7E, 0x0 },
    { 0xA0, 0xFF, 0x5F },
    { 0x100, 0x131, 0xBF },
    { 0x134, 0x148, 0xF1 },
    { 0x14A, 0x17E, 0x106 },
    { 0x1A0, 0x1A1, 0x13B },
    { 0x1AF, 0x1B0, 0x13D },
    { 0x1C4, 0x1CC, 0x13F },
    { 0x1E6, 0x1E7, 0x148 },
    { 0x1EA, 0x1EB, 0x14A },
    { 0x1FA, 0x21B, 0x14C },
    { 0x300, 0x304, 0x16E },
    { 0x306, 0x30C, 0x173 },
    { 0x30F, 0x30F, 0x17A },
    { 0x311, 0x312, 0x17B },
    { 0x31B, 0x31B, 0x17D },
    { 0x323, 0x324, 0x17E },
    { 0x326, 0x328, 0x180 },
    { 0x32E, 0x32E, 0x183 },
    { 0x331, 0x331, 0x184 },
    { 0x335, 0x335, 0x185 },
    { 0x1EA0, 0x1EF9, 0x186 },
    { 0x2010, 0x2010, 0x1E0 },
    { 0x2013, 0x2014, 0x1E1 },
    { 0x2018, 0x201A, 0x1E3 },
    { 0x201C, 0x201E, 0x1E6 },
    { 0x2020, 0x2022, 0x1E9 },
    { 0x2026, 0x2026, 0x1EC },
    { 0x2030, 0x2030, 0x1ED },
    { 0x2032, 0x2033, 0x1EE },
    { 0x2039, 0x203A, 0x1F0 },
    { 0x2044, 0x2044, 0x1F2 },
    { 0x2052, 0x2052, 0x1F3 },
    { 0x2070, 0x2070, 0x1F4 },
    { 0x2074, 0x2074, 0x1F5 },
    { 0x20A1, 0x20A1, 0x1F6 },
    { 0x20A3, 0x20A4, 0x1F7 },
    { 0x20A6, 0x20A7, 0x1F9 },
    { 0x20A9, 0x20A9, 0x1FB },
    { 0x20AB, 0x20AD, 0x1FC },
    { 0x20B1, 0x20B2, 0x1FF },
    { 0x20B5, 0x20B5, 0x201 },
    { 0x20B9, 0x20BA, 0x202 },
    { 0x20BC, 0x20BD, 0x204 },
    { 0x2212, 0x2212, 0x206 },
    { 0x2215, 0x2215, 0x207 },
    { 0x2219, 0x2219, 0x208 },
    { 0x2248, 0x2248, 0x209 },
    { 0x2260, 0x2260, 0x20A },
    { 0x2264, 0x2265, 0x20B },
    { 0xFB00, 0xFB04, 0x20D },
};

static const EpdFontGroup newsreader_16_regularGroups[] = {
    { 0, 4317, 8166, 95, 0 },
    { 4317, 3869, 9602, 96, 95 },
    { 8186, 5451, 15075, 124, 191 },
    { 13637, 3221, 7378, 51, 315 },
    { 16858, 288, 333, 24, 366 },
    { 17146, 3500, 12699, 90, 390 },
    { 20646, 529, 812, 20, 480 },
    { 21175, 75, 77, 2, 500 },
    { 21250, 1146, 1773, 16, 502 },
    { 22396, 213, 340, 7, 518 },
    { 22609, 317, 732, 5, 525 },
};

static const EpdKernClassEntry newsreader_16_regularKernLeftClasses[] = {
    { 0x0020, 1 }, // U+0020
    { 0x0022, 2 }, // "
    { 0x0026, 3 }, // &
    { 0x0027, 2 }, // '
    { 0x0028, 4 }, // (
    { 0x0029, 5 }, // )
    { 0x002A, 6 }, // *
    { 0x002C, 7 }, // ,
    { 0x002D, 8 }, // -
    { 0x002E, 9 }, // .
    { 0x002F, 10 }, // /
    { 0x003A, 11 }, // :
    { 0x003B, 11 }, // ;
    { 0x003F, 12 }, // ?
    { 0x0040, 13 }, // @
    { 0x0041, 14 }, // A
    { 0x0042, 15 }, // B
    { 0x0043, 16 }, // C
    { 0x0044, 17 }, // D
    { 0x0045, 18 }, // E
    { 0x0046, 19 }, // F
    { 0x0047, 20 }, // G
    { 0x0048, 21 }, // H
    { 0x0049, 21 }, // I
    { 0x004A, 22 }, // J
    { 0x004B, 23 }, // K
    { 0x004C, 24 }, // L
    { 0x004D, 25 }, // M
    { 0x004E, 26 }, // N
    { 0x004F, 27 }, // O
    { 0x0050, 28 }, // P
    { 0x0051, 27 }, // Q
    { 0x0052, 29 }, // R
    { 0x0053, 30 }, // S
    { 0x0054, 31 }, // T
    { 0x0055, 32 }, // U
    { 0x0056, 33 }, // V
    { 0x0057, 34 }, // W
    { 0x0058, 35 }, // X
    { 0x0059, 36 }, // Y
    { 0x005A, 37 }, // Z
    { 0x005B, 38 }, // [
    { 0x005C, 39 }, // <backslash>
    { 0x005D, 40 }, // ]
    { 0x005F, 41 }, // _
    { 0x0061, 42 }, // a
    { 0x0062, 43 }, // b
    { 0x0063, 44 }, // c
    { 0x0064, 45 }, // d
    { 0x0065, 46 }, // e
    { 0x0066, 47 }, // f
    { 0x0067, 48 }, // g
    { 0x0068, 49 }, // h
    { 0x0069, 50 }, // i
    { 0x006A, 51 }, // j
    { 0x006B, 52 }, // k
    { 0x006C, 53 }, // l
    { 0x006D, 49 }, // m
    { 0x006E, 49 }, // n
    { 0x006F, 54 }, // o
    { 0x0070, 43 }, // p
    { 0x0071, 55 }, // q
    { 0x0072, 56 }, // r
    { 0x0073, 57 }, // s
    { 0x0074, 58 }, // t
    { 0x0075, 59 }, // u
    { 0x0076, 60 }, // v
    { 0x0077, 61 }, // w
    { 0x0078, 62 }, // x
    { 0x0079, 63 }, // y
    { 0x007A, 64 }, // z
    { 0x007B, 65 }, // {
    { 0x007D, 66 }, // }
    { 0x00A0, 1 }, // U+00A0
    { 0x00A1, 67 }, // U+00A1
    { 0x00A9, 68 }, // U+00A9
    { 0x00AA, 69 }, // U+00AA
    { 0x00AB, 70 }, // U+00AB
    { 0x00AD, 8 }, // U+00AD
    { 0x00AE, 71 }, // U+00AE
    { 0x00B7, 72 }, // U+00B7
    { 0x00BA, 73 }, // U+00BA
    { 0x00BB, 74 }, // U+00BB
    { 0x00BF, 75 }, // U+00BF
    { 0x00C0, 14 }, // U+00C0
    { 0x00C1, 14 }, // U+00C1
    { 0x00C2, 14 }, // U+00C2
    { 0x00C3, 14 }, // U+00C3
    { 0x00C4, 14 }, // U+00C4
    { 0x00C5, 14 }, // U+00C5
    { 0x00C6, 18 }, // U+00C6
    { 0x00C7, 16 }, // U+00C7
    { 0x00C8, 18 }, // U+00C8
    { 0x00C9, 18 }, // U+00C9
    { 0x00CA, 18 }, // U+00CA
    { 0x00CB, 18 }, // U+00CB
    { 0x00CC, 21 }, // U+00CC
    { 0x00CD, 21 }, // U+00CD
    { 0x00CE, 21 }, // U+00CE
    { 0x00CF, 21 }, // U+00CF
    { 0x00D0, 17 }, // U+00D0
    { 0x00D1, 26 }, // U+00D1
    { 0x00D2, 27 }, // U+00D2
    { 0x00D3, 27 }, // U+00D3
    { 0x00D4, 27 }, // U+00D4
    { 0x00D5, 27 }, // U+00D5
    { 0x00D6, 27 }, // U+00D6
    { 0x00D8, 76 }, // U+00D8
    { 0x00D9, 32 }, // U+00D9
    { 0x00DA, 32 }, // U+00DA
    { 0x00DB, 32 }, // U+00DB
    { 0x00DC, 32 }, // U+00DC
    { 0x00DD, 36 }, // U+00DD
    { 0x00DE, 77 }, // U+00DE
    { 0x00DF, 78 }, // U+00DF
    { 0x00E0, 42 }, // U+00E0
    { 0x00E1, 79 }, // U+00E1
    { 0x00E2, 42 }, // U+00E2
    { 0x00E3, 42 }, // U+00E3
    { 0x00E4, 80 }, // U+00E4
    { 0x00E5, 42 }, // U+00E5
    { 0x00E6, 46 }, // U+00E6
    { 0x00E7, 44 }, // U+00E7
    { 0x00E8, 46 }, // U+00E8
    { 0x00E9, 81 }, // U+00E9
    { 0x00EA, 82 }, // U+00EA
    { 0x00EB, 83 }, // U+00EB
    { 0x00EC, 50 }, // U+00EC
    { 0x00ED, 84 }, // U+00ED
    { 0x00EE, 85 }, // U+00EE
    { 0x00EF, 86 }, // U+00EF
    { 0x00F0, 87 }, // U+00F0
    { 0x00F1, 49 }, // U+00F1
    { 0x00F2, 54 }, // U+00F2
    { 0x00F3, 88 }, // U+00F3
    { 0x00F4, 54 }, // U+00F4
    { 0x00F5, 54 }, // U+00F5
    { 0x00F6, 54 }, // U+00F6
    { 0x00F8, 89 }, // U+00F8
    { 0x00F9, 59 }, // U+00F9
    { 0x00FA, 59 }, // U+00FA
    { 0x00FB, 59 }, // U+00FB
    { 0x00FC, 59 }, // U+00FC
    { 0x00FD, 63 }, // U+00FD
    { 0x00FE, 43 }, // U+00FE
    { 0x00FF, 63 }, // U+00FF
    { 0x0100, 14 }, // U+0100
    { 0x0101, 42 }, // U+0101
    { 0x0102, 14 }, // U+0102
    { 0x0103, 42 }, // U+0103
    { 0x0104, 90 }, // U+0104
    { 0x0105, 91 }, // U+0105
    { 0x0106, 16 }, // U+0106
    { 0x0107, 92 }, // U+0107
    { 0x0108, 16 }, // U+0108
    { 0x0109, 44 }, // U+0109
    { 0x010A, 16 }, // U+010A
    { 0x010B, 44 }, // U+010B
    { 0x010C, 16 }, // U+010C
    { 0x010D, 93 }, // U+010D
    { 0x010E, 17 }, // U+010E
    { 0x010F, 94 }, // U+010F
    { 0x0110, 17 }, // U+0110
    { 0x0111, 95 }, // U+0111
    { 0x0112, 18 }, // U+0112
    { 0x0113, 46 }, // U+0113
    { 0x0114, 18 }, // U+0114
    { 0x0115, 46 }, // U+0115
    { 0x0116, 18 }, // U+0116
    { 0x0117, 46 }, // U+0117
    { 0x0118, 18 }, // U+0118
    { 0x0119, 46 }, // U+0119
    { 0x011A, 18 }, // U+011A
    { 0x011B, 81 }, // U+011B
    { 0x011C, 20 }, // U+011C
    { 0x011D, 48 }, // U+011D
    { 0x011E, 20 }, // U+011E
    { 0x011F, 48 }, // U+011F
    { 0x0120, 20 }, // U+0120
    { 0x0121, 48 }, // U+0121
    { 0x0122, 20 }, // U+0122
    { 0x0123, 48 }, // U+0123
    { 0x0124, 21 }, // U+0124
    { 0x0125, 49 }, // U+0125
    { 0x0126, 21 }, // U+0126
    { 0x0127, 49 }, // U+0127
    { 0x0128, 21 }, // U+0128
    { 0x0129, 96 }, // U+0129
    { 0x012A, 21 }, // U+012A
    { 0x012B, 97 }, // U+012B
    { 0x012C, 21 }, // U+012C
    { 0x012D, 98 }, // U+012D
    { 0x012E, 21 }, // U+012E
    { 0x012F, 50 }, // U+012F
    { 0x0130, 21 }, // U+0130
    { 0x0131, 50 }, // U+0131
    { 0x0134, 22 }, // U+0134
    { 0x0135, 99 }, // U+0135
    { 0x0136, 23 }, // U+0136
    { 0x0137, 52 }, // U+0137
    { 0x0138, 52 }, // U+0138
    { 0x0139, 24 }, // U+0139
    { 0x013A, 53 }, // U+013A
    { 0x013B, 24 }, // U+013B
    { 0x013C, 53 }, // U+013C
    { 0x013D, 100 }, // U+013D
    { 0x013E, 101 }, // U+013E
    { 0x013F, 24 }, // U+013F
    { 0x0141, 24 }, // U+0141
    { 0x0142, 102 }, // U+0142
    { 0x0143, 26 }, // U+0143
    { 0x0144, 49 }, // U+0144
    { 0x0145, 26 }, // U+0145
    { 0x0146, 49 }, // U+0146
    { 0x0147, 26 }, // U+0147
    { 0x0148, 49 }, // U+0148
    { 0x014A, 26 }, // U+014A
    { 0x014B, 49 }, // U+014B
    { 0x014C, 27 }, // U+014C
    { 0x014D, 54 }, // U+014D
    { 0x014E, 27 }, // U+014E
    { 0x014F, 54 }, // U+014F
    { 0x0150, 27 }, // U+0150
    { 0x0151, 103 }, // U+0151
    { 0x0152, 18 }, // U+0152
    { 0x0153, 46 }, // U+0153
    { 0x0154, 29 }, // U+0154
    { 0x0155, 104 }, // U+0155
    { 0x0156, 29 }, // U+0156
    { 0x0157, 56 }, // U+0157
    { 0x0158, 29 }, // U+0158
    { 0x0159, 56 }, // U+0159
    { 0x015A, 30 }, // U+015A
    { 0x015B, 105 }, // U+015B
    { 0x015C, 30 }, // U+015C
    { 0x015D, 57 }, // U+015D
    { 0x015E, 30 }, // U+015E
    { 0x015F, 57 }, // U+015F
    { 0x0160, 30 }, // U+0160
    { 0x0161, 57 }, // U+0161
    { 0x0162, 31 }, // U+0162
    { 0x0163, 58 }, // U+0163
    { 0x0164, 31 }, // U+0164
    { 0x0165, 106 }, // U+0165
    { 0x0166, 107 }, // U+0166
    { 0x0167, 108 }, // U+0167
    { 0x0168, 32 }, // U+0168
    { 0x0169, 59 }, // U+0169
    { 0x016A, 32 }, // U+016A
    { 0x016B, 59 }, // U+016B
    { 0x016C, 32 }, // U+016C
    { 0x016D, 59 }, // U+016D
    { 0x016E, 32 }, // U+016E
    { 0x016F, 59 }, // U+016F
    { 0x0170, 32 }, // U+0170
    { 0x0171, 109 }, // U+0171
    { 0x0172, 32 }, // U+0172
    { 0x0173, 59 }, // U+0173
    { 0x0174, 34 }, // U+0174
    { 0x0175, 61 }, // U+0175
    { 0x0176, 36 }, // U+0176
    { 0x0177, 63 }, // U+0177
    { 0x0178, 36 }, // U+0178
    { 0x0179, 37 }, // U+0179
    { 0x017A, 64 }, // U+017A
    { 0x017B, 37 }, // U+017B
    { 0x017C, 64 }, // U+017C
    { 0x017D, 37 }, // U+017D
    { 0x017E, 64 }, // U+017E
    { 0x01A0, 110 }, // U+01A0
    { 0x01A1, 111 }, // U+01A1
    { 0x01AF, 112 }, // U+01AF
    { 0x01B0, 113 }, // U+01B0
    { 0x01C4, 37 }, // U+01C4
    { 0x01C5, 64 }, // U+01C5
    { 0x01C6, 64 }, // U+01C6
    { 0x01C7, 22 }, // U+01C7
    { 0x01C8, 51 }, // U+01C8
    { 0x01C9, 51 }, // U+01C9
    { 0x01CA, 22 }, // U+01CA
    { 0x01CB, 51 }, // U+01CB
    { 0x01CC, 51 }, // U+01CC
    { 0x01E6, 20 }, // U+01E6
    { 0x01E7, 48 }, // U+01E7
    { 0x01EA, 27 }, // U+01EA
    { 0x01EB, 54 }, // U+01EB
    { 0x01FA, 14 }, // U+01FA
    { 0x01FB, 42 }, // U+01FB
    { 0x01FC, 18 }, // U+01FC
    { 0x01FD, 46 }, // U+01FD
    { 0x01FE, 76 }, // U+01FE
    { 0x01FF, 89 }, // U+01FF
    { 0x0200, 14 }, // U+0200
    { 0x0201, 42 }, // U+0201
    { 0x0202, 14 }, // U+0202
    { 0x0203, 42 }, // U+0203
    { 0x0204, 18 }, // U+0204
    { 0x0205, 46 }, // U+0205
    { 0x0206, 18 }, // U+0206
    { 0x0207, 82 }, // U+0207
    { 0x0208, 21 }, // U+0208
    { 0x0209, 50 }, // U+0209
    { 0x020A, 21 }, // U+020A
    { 0x020B, 114 }, // U+020B
    { 0x020C, 27 }, // U+020C
    { 0x020D, 54 }, // U+020D
    { 0x020E, 27 }, // U+020E
    { 0x020F, 54 }, // U+020F
    { 0x0210, 29 }, // U+0210
    { 0x0211, 56 }, // U+0211
    { 0x0212, 29 }, // U+0212
    { 0x0213, 56 }, // U+0213
    { 0x0214, 32 }, // U+0214
    { 0x0215, 59 }, // U+0215
    { 0x0216, 32 }, // U+0216
    { 0x0217, 59 }, // U+0217
    { 0x0218, 30 }, // U+0218
    { 0x0219, 57 }, // U+0219
    { 0x021A, 31 }, // U+021A
    { 0x021B, 58 }, // U+021B
    { 0x1EA0, 14 }, // U+1EA0
    { 0x1EA1, 42 }, // U+1EA1
    { 0x1EA2, 14 }, // U+1EA2
    { 0x1EA3, 42 }, // U+1EA3
    { 0x1EA4, 14 }, // U+1EA4
    { 0x1EA5, 115 }, // U+1EA5
    { 0x1EA6, 14 }, // U+1EA6
    { 0x1EA7, 42 }, // U+1EA7
    { 0x1EA8, 14 }, // U+1EA8
    { 0x1EA9, 116 }, // U+1EA9
    { 0x1EAA, 14 }, // U+1EAA
    { 0x1EAB, 42 }, // U+1EAB
    { 0x1EAC, 14 }, // U+1EAC
    { 0x1EAD, 42 }, // U+1EAD
    { 0x1EAE, 14 }, // U+1EAE
    { 0x1EAF, 42 }, // U+1EAF
    { 0x1EB0, 14 }, // U+1EB0
    { 0x1EB1, 42 }, // U+1EB1
    { 0x1EB2, 14 }, // U+1EB2
    { 0x1EB3, 42 }, // U+1EB3
    { 0x1EB4, 14 }, // U+1EB4
    { 0x1EB5, 42 }, // U+1EB5
    { 0x1EB6, 14 }, // U+1EB6
    { 0x1EB7, 42 }, // U+1EB7
    { 0x1EB8, 18 }, // U+1EB8
    { 0x1EB9, 46 }, // U+1EB9
    { 0x1EBA, 18 }, // U+1EBA
    { 0x1EBB, 46 }, // U+1EBB
    { 0x1EBC, 18 }, // U+1EBC
    { 0x1EBD, 46 }, // U+1EBD
    { 0x1EBE, 18 }, // U+1EBE
    { 0x1EBF, 117 }, // U+1EBF
    { 0x1EC0, 18 }, // U+1EC0
    { 0x1EC1, 82 }, // U+1EC1
    { 0x1EC2, 18 }, // U+1EC2
    { 0x1EC3, 118 }, // U+1EC3
    { 0x1EC4, 18 }, // U+1EC4
    { 0x1EC5, 82 }, // U+1EC5
    { 0x1EC6, 18 }, // U+1EC6
    { 0x1EC7, 82 }, // U+1EC7
    { 0x1EC8, 21 }, // U+1EC8
    { 0x1EC9, 50 }, // U+1EC9
    { 0x1ECA, 21 }, // U+1ECA
    { 0x1ECB, 50 }, // U+1ECB
    { 0x1ECC, 27 }, // U+1ECC
    { 0x1ECD, 54 }, // U+1ECD
    { 0x1ECE, 27 }, // U+1ECE
    { 0x1ECF, 54 }, // U+1ECF
    { 0x1ED0, 27 }, // U+1ED0
    { 0x1ED1, 119 }, // U+1ED1
    { 0x1ED2, 27 }, // U+1ED2
    { 0x1ED3, 54 }, // U+1ED3
    { 0x1ED4, 27 }, // U+1ED4
    { 0x1ED5, 120 }, // U+1ED5
    { 0x1ED6, 27 }, // U+1ED6
    { 0x1ED7, 54 }, // U+1ED7
    { 0x1ED8, 27 }, // U+1ED8
    { 0x1ED9, 54 }, // U+1ED9
    { 0x1EDA, 110 }, // U+1EDA
    { 0x1EDB, 111 }, // U+1EDB
    { 0x1EDC, 110 }, // U+1EDC
    { 0x1EDD, 111 }, // U+1EDD
    { 0x1EDE, 110 }, // U+1EDE
    { 0x1EDF, 111 }, // U+1EDF
    { 0x1EE0, 110 }, // U+1EE0
    { 0x1EE1, 111 }, // U+1EE1
    { 0x1EE2, 110 }, // U+1EE2
    { 0x1EE3, 111 }, // U+1EE3
    { 0x1EE4, 32 }, // U+1EE4
    { 0x1EE5, 59 }, // U+1EE5
    { 0x1EE6, 32 }, // U+1EE6
    { 0x1EE7, 59 }, // U+1EE7
    { 0x1EE8, 112 }, // U+1EE8
    { 0x1EE9, 113 }, // U+1EE9
    { 0x1EEA, 112 }, // U+1EEA
    { 0x1EEB, 113 }, // U+1EEB
    { 0x1EEC, 112 }, // U+1EEC
    { 0x1EED, 113 }, // U+1EED
    { 0x1EEE, 112 }, // U+1EEE
    { 0x1EEF, 113 }, // U+1EEF
    { 0x1EF0, 121 }, // U+1EF0
    { 0x1EF1, 113 }, // U+1EF1
    { 0x1EF2, 36 }, // U+1EF2
    { 0x1EF3, 63 }, // U+1EF3
    { 0x1EF4, 36 }, // U+1EF4
    { 0x1EF5, 122 }, // U+1EF5
    { 0x1EF6, 36 }, // U+1EF6
    { 0x1EF7, 63 }, // U+1EF7
    { 0x1EF8, 36 }, // U+1EF8
    { 0x1EF9, 63 }, // U+1EF9
    { 0x2013, 8 }, // U+2013
    { 0x2014, 8 }, // U+2014
    { 0x2018, 123 }, // U+2018
    { 0x2019, 124 }, // U+2019
    { 0x201A, 125 }, // U+201A
    { 0x201C, 123 }, // U+201C
    { 0x201D, 124 }, // U+201D
    { 0x201E, 126 }, // U+201E
    { 0x2022, 127 }, // U+2022
    { 0x2026, 9 }, // U+2026
    { 0x2032, 128 }, // U+2032
    { 0x2033, 128 }, // U+2033
    { 0x2039, 70 }, // U+2039
    { 0x203A, 74 }, // U+203A
    { 0xFB00, 129 }, // U+FB00
    { 0xFB01, 50 }, // U+FB01
    { 0xFB02, 53 }, // U+FB02
    { 0xFB03, 50 }, // U+FB03
    { 0xFB04, 53 }, // U+FB04
};

static const EpdKernClassEntry newsreader_16_regularKernRightClasses[] = {
    { 0x0020, 1 }, // U+0020
    { 0x0021, 2 }, // !
    { 0x0022, 3 }, // "
    { 0x0026, 4 }, // &
    { 0x0027, 3 }, // '
    { 0x0028, 5 }, // (
    { 0x0029, 6 }, // )
    { 0x002A, 7 }, // *
    { 0x002C, 8 }, // ,
    { 0x002D, 9 }, // -
    { 0x002E, 10 }, // .
    { 0x002F, 11 }, // /
    { 0x003A, 12 }, // :
    { 0x003B, 12 }, // ;
    { 0x003F, 13 }, // ?
    { 0x0040, 14 }, // @
    { 0x0041, 15 }, // A
    { 0x0042, 16 }, // B
    { 0x0043, 17 }, // C
    { 0x0044, 16 }, // D
    { 0x0045, 16 }, // E
    { 0x0046, 16 }, // F
    { 0x0047, 17 }, // G
    { 0x0048, 16 }, // H
    { 0x0049, 16 }, // I
    { 0x004A, 18 }, // J
    { 0x004B, 16 }, // K
    { 0x004C, 16 }, // L
    { 0x004D, 19 }, // M
    { 0x004E, 16 }, // N
    { 0x004F, 17 }, // O
    { 0x0050, 16 }, // P
    { 0x0051, 17 }, // Q
    { 0x0052, 16 }, // R
    { 0x0053, 20 }, // S
    { 0x0054, 21 }, // T
    { 0x0055, 22 }, // U
    { 0x0056, 23 }, // V
    { 0x0057, 24 }, // W
    { 0x0058, 25 }, // X
    { 0x0059, 26 }, // Y
    { 0x005A, 27 }, // Z
    { 0x005C, 28 }, // <backslash>
    { 0x005D, 29 }, // ]
    { 0x005F, 30 }, // _
    { 0x0061, 31 }, // a
    { 0x0062, 32 }, // b
    { 0x0063, 33 }, // c
    { 0x0064, 34 }, // d
    { 0x0065, 33 }, // e
    { 0x0066, 35 }, // f
    { 0x0067, 36 }, // g
    { 0x0068, 37 }, // h
    { 0x0069, 38 }, // i
    { 0x006A, 39 }, // j
    { 0x006B, 40 }, // k
    { 0x006C, 41 }, // l
    { 0x006D, 42 }, // m
    { 0x006E, 42 }, // n
    { 0x006F, 33 }, // o
    { 0x0070, 43 }, // p
    { 0x0071, 34 }, // q
    { 0x0072, 42 }, // r
    { 0x0073, 44 }, // s
    { 0x0074, 45 }, // t
    { 0x0075, 46 }, // u
    { 0x0076, 47 }, // v
    { 0x0077, 48 }, // w
    { 0x0078, 49 }, // x
    { 0x0079, 50 }, // y
    { 0x007A, 51 }, // z
    { 0x007B, 52 }, // {
    { 0x007C, 53 }, // |
    { 0x007D, 54 }, // }
    { 0x00A0, 1 }, // U+00A0
    { 0x00A1, 55 }, // U+00A1
    { 0x00A6, 53 }, // U+00A6
    { 0x00A9, 56 }, // U+00A9
    { 0x00AA, 57 }, // U+00AA
    { 0x00AB, 58 }, // U+00AB
    { 0x00AD, 9 }, // U+00AD
    { 0x00AE, 59 }, // U+00AE
    { 0x00B2, 60 }, // U+00B2
    { 0x00B3, 61 }, // U+00B3
    { 0x00B7, 62 }, // U+00B7
    { 0x00B9, 63 }, // U+00B9
    { 0x00BA, 64 }, // U+00BA
    { 0x00BB, 65 }, // U+00BB
    { 0x00BF, 66 }, // U+00BF
    { 0x00C0, 15 }, // U+00C0
    { 0x00C1, 15 }, // U+00C1
    { 0x00C2, 15 }, // U+00C2
    { 0x00C3, 15 }, // U+00C3
    { 0x00C4, 15 }, // U+00C4
    { 0x00C5, 15 }, // U+00C5
    { 0x00C6, 67 }, // U+00C6
    { 0x00C7, 17 }, // U+00C7
    { 0x00C8, 16 }, // U+00C8
    { 0x00C9, 16 }, // U+00C9
    { 0x00CA, 16 }, // U+00CA
    { 0x00CB, 16 }, // U+00CB
    { 0x00CC, 16 }, // U+00CC
    { 0x00CD, 16 }, // U+00CD
    { 0x00CE, 16 }, // U+00CE
    { 0x00CF, 16 }, // U+00CF
    { 0x00D0, 16 }, // U+00D0
    { 0x00D1, 16 }, // U+00D1
    { 0x00D2, 17 }, // U+00D2
    { 0x00D3, 17 }, // U+00D3
    { 0x00D4, 17 }, // U+00D4
    { 0x00D5, 17 }, // U+00D5
    { 0x00D6, 17 }, // U+00D6
    { 0x00D8, 68 }, // U+00D8
    { 0x00D9, 22 }, // U+00D9
    { 0x00DA, 22 }, // U+00DA
    { 0x00DB, 22 }, // U+00DB
    { 0x00DC, 22 }, // U+00DC
    { 0x00DD, 26 }, // U+00DD
    { 0x00DE, 16 }, // U+00DE
    { 0x00DF, 69 }, // U+00DF
    { 0x00E0, 70 }, // U+00E0
    { 0x00E1, 31 }, // U+00E1
    { 0x00E2, 71 }, // U+00E2
    { 0x00E3, 72 }, // U+00E3
    { 0x00E4, 73 }, // U+00E4
    { 0x00E5, 74 }, // U+00E5
    { 0x00E6, 31 }, // U+00E6
    { 0x00E7, 33 }, // U+00E7
    { 0x00E8, 75 }, // U+00E8
    { 0x00E9, 33 }, // U+00E9
    { 0x00EA, 76 }, // U+00EA
    { 0x00EB, 77 }, // U+00EB
    { 0x00EC, 78 }, // U+00EC
    { 0x00ED, 79 }, // U+00ED
    { 0x00EE, 80 }, // U+00EE
    { 0x00EF, 81 }, // U+00EF
    { 0x00F0, 82 }, // U+00F0
    { 0x00F1, 42 }, // U+00F1
    { 0x00F2, 83 }, // U+00F2
    { 0x00F3, 33 }, // U+00F3
    { 0x00F4, 84 }, // U+00F4
    { 0x00F5, 33 }, // U+00F5
    { 0x00F6, 85 }, // U+00F6
    { 0x00F8, 86 }, // U+00F8
    { 0x00F9, 87 }, // U+00F9
    { 0x00FA, 46 }, // U+00FA
    { 0x00FB, 46 }, // U+00FB
    { 0x00FC, 46 }, // U+00FC
    { 0x00FD, 50 }, // U+00FD
    { 0x00FE, 88 }, // U+00FE
    { 0x00FF, 50 }, // U+00FF
    { 0x0100, 15 }, // U+0100
    { 0x0101, 89 }, // U+0101
    { 0x0102, 15 }, // U+0102
    { 0x0103, 90 }, // U+0103
    { 0x0104, 15 }, // U+0104
    { 0x0105, 31 }, // U+0105
    { 0x0106, 17 }, // U+0106
    { 0x0107, 33 }, // U+0107
    { 0x0108, 17 }, // U+0108
    { 0x0109, 91 }, // U+0109
    { 0x010A, 17 }, // U+010A
    { 0x010B, 33 }, // U+010B
    { 0x010C, 17 }, // U+010C
    { 0x010D, 92 }, // U+010D
    { 0x010E, 16 }, // U+010E
    { 0x010F, 34 }, // U+010F
    { 0x0110, 16 }, // U+0110
    { 0x0111, 34 }, // U+0111
    { 0x0112, 16 }, // U+0112
    { 0x0113, 93 }, // U+0113
    { 0x0114, 16 }, // U+0114
    { 0x0115, 94 }, // U+0115
    { 0x0116, 16 }, // U+0116
    { 0x0117, 33 }, // U+0117
    { 0x0118, 16 }, // U+0118
    { 0x0119, 33 }, // U+0119
    { 0x011A, 16 }, // U+011A
    { 0x011B, 95 }, // U+011B
    { 0x011C, 17 }, // U+011C
    { 0x011D, 96 }, // U+011D
    { 0x011E, 17 }, // U+011E
    { 0x011F, 97 }, // U+011F
    { 0x0120, 17 }, // U+0120
    { 0x0121, 36 }, // U+0121
    { 0x0122, 17 }, // U+0122
    { 0x0123, 36 }, // U+0123
    { 0x0124, 16 }, // U+0124
    { 0x0125, 37 }, // U+0125
    { 0x0126, 16 }, // U+0126
    { 0x0127, 98 }, // U+0127
    { 0x0128, 99 }, // U+0128
    { 0x0129, 100 }, // U+0129
    { 0x012A, 16 }, // U+012A
    { 0x012B, 101 }, // U+012B
    { 0x012C, 16 }, // U+012C
    { 0x012D, 102 }, // U+012D
    { 0x012E, 16 }, // U+012E
    { 0x012F, 38 }, // U+012F
    { 0x0130, 16 }, // U+0130
    { 0x0131, 103 }, // U+0131
    { 0x0134, 18 }, // U+0134
    { 0x0135, 104 }, // U+0135
    { 0x0136, 16 }, // U+0136
    { 0x0137, 37 }, // U+0137
    { 0x0138, 42 }, // U+0138
    { 0x0139, 16 }, // U+0139
    { 0x013A, 41 }, // U+013A
    { 0x013B, 16 }, // U+013B
    { 0x013C, 41 }, // U+013C
    { 0x013D, 16 }, // U+013D
    { 0x013E, 41 }, // U+013E
    { 0x013F, 16 }, // U+013F
    { 0x0140, 41 }, // U+0140
    { 0x0141, 105 }, // U+0141
    { 0x0142, 106 }, // U+0142
    { 0x0143, 16 }, // U+0143
    { 0x0144, 42 }, // U+0144
    { 0x0145, 16 }, // U+0145
    { 0x0146, 42 }, // U+0146
    { 0x0147, 16 }, // U+0147
    { 0x0148, 42 }, // U+0148
    { 0x014A, 16 }, // U+014A
    { 0x014B, 42 }, // U+014B
    { 0x014C, 17 }, // U+014C
    { 0x014D, 33 }, // U+014D
    { 0x014E, 17 }, // U+014E
    { 0x014F, 107 }, // U+014F
    { 0x0150, 17 }, // U+0150
    { 0x0151, 33 }, // U+0151
    { 0x0152, 17 }, // U+0152
    { 0x0153, 33 }, // U+0153
    { 0x0154, 16 }, // U+0154
    { 0x0155, 42 }, // U+0155
    { 0x0156, 16 }, // U+0156
    { 0x0157, 42 }, // U+0157
    { 0x0158, 16 }, // U+0158
    { 0x0159, 108 }, // U+0159
    { 0x015A, 20 }, // U+015A
    { 0x015B, 44 }, // U+015B
    { 0x015C, 20 }, // U+015C
    { 0x015D, 109 }, // U+015D
    { 0x015E, 20 }, // U+015E
    { 0x015F, 44 }, // U+015F
    { 0x0160, 20 }, // U+0160
    { 0x0161, 110 }, // U+0161
    { 0x0162, 21 }, // U+0162
    { 0x0163, 45 }, // U+0163
    { 0x0164, 21 }, // U+0164
    { 0x0165, 111 }, // U+0165
    { 0x0166, 112 }, // U+0166
    { 0x0167, 113 }, // U+0167
    { 0x0168, 22 }, // U+0168
    { 0x0169, 46 }, // U+0169
    { 0x016A, 22 }, // U+016A
    { 0x016B, 46 }, // U+016B
    { 0x016C, 22 }, // U+016C
    { 0x016D, 114 }, // U+016D
    { 0x016E, 22 }, // U+016E
    { 0x016F, 46 }, // U+016F
    { 0x0170, 22 }, // U+0170
    { 0x0171, 46 }, // U+0171
    { 0x0172, 22 }, // U+0172
    { 0x0173, 46 }, // U+0173
    { 0x0174, 24 }, // U+0174
    { 0x0175, 48 }, // U+0175
    { 0x0176, 26 }, // U+0176
    { 0x0177, 50 }, // U+0177
    { 0x0178, 26 }, // U+0178
    { 0x0179, 27 }, // U+0179
    { 0x017A, 115 }, // U+017A
    { 0x017B, 27 }, // U+017B
    { 0x017C, 51 }, // U+017C
    { 0x017D, 27 }, // U+017D
    { 0x017E, 116 }, // U+017E
    { 0x01A0, 17 }, // U+01A0
    { 0x01A1, 33 }, // U+01A1
    { 0x01AF, 22 }, // U+01AF
    { 0x01B0, 46 }, // U+01B0
    { 0x01C4, 16 }, // U+01C4
    { 0x01C5, 16 }, // U+01C5
    { 0x01C6, 34 }, // U+01C6
    { 0x01C7, 16 }, // U+01C7
    { 0x01C8, 16 }, // U+01C8
    { 0x01C9, 41 }, // U+01C9
    { 0x01CA, 16 }, // U+01CA
    { 0x01CB, 16 }, // U+01CB
    { 0x01CC, 42 }, // U+01CC
    { 0x01E6, 17 }, // U+01E6
    { 0x01E7, 117 }, // U+01E7
    { 0x01EA, 17 }, // U+01EA
    { 0x01EB, 33 }, // U+01EB
    { 0x01FA, 15 }, // U+01FA
    { 0x01FB, 74 }, // U+01FB
    { 0x01FC, 67 }, // U+01FC
    { 0x01FD, 31 }, // U+01FD
    { 0x01FE, 68 }, // U+01FE
    { 0x01FF, 86 }, // U+01FF
    { 0x0200, 15 }, // U+0200
    { 0x0201, 118 }, // U+0201
    { 0x0202, 15 }, // U+0202
    { 0x0203, 119 }, // U+0203
    { 0x0204, 16 }, // U+0204
    { 0x0205, 120 }, // U+0205
    { 0x0206, 16 }, // U+0206
    { 0x0207, 85 }, // U+0207
    { 0x0208, 16 }, // U+0208
    { 0x0209, 121 }, // U+0209
    { 0x020A, 16 }, // U+020A
    { 0x020B, 122 }, // U+020B
    { 0x020C, 17 }, // U+020C
    { 0x020D, 123 }, // U+020D
    { 0x020E, 17 }, // U+020E
    { 0x020F, 33 }, // U+020F
    { 0x0210, 16 }, // U+0210
    { 0x0211, 124 }, // U+0211
    { 0x0212, 16 }, // U+0212
    { 0x0213, 125 }, // U+0213
    { 0x0214, 22 }, // U+0214
    { 0x0215, 126 }, // U+0215
    { 0x0216, 22 }, // U+0216
    { 0x0217, 46 }, // U+0217
    { 0x0218, 20 }, // U+0218
    { 0x0219, 44 }, // U+0219
    { 0x021A, 21 }, // U+021A
    { 0x021B, 45 }, // U+021B
    { 0x1EA0, 15 }, // U+1EA0
    { 0x1EA1, 31 }, // U+1EA1
    { 0x1EA2, 15 }, // U+1EA2
    { 0x1EA3, 127 }, // U+1EA3
    { 0x1EA4, 15 }, // U+1EA4
    { 0x1EA5, 71 }, // U+1EA5
    { 0x1EA6, 15 }, // U+1EA6
    { 0x1EA7, 128 }, // U+1EA7
    { 0x1EA8, 15 }, // U+1EA8
    { 0x1EA9, 71 }, // U+1EA9
    { 0x1EAA, 15 }, // U+1EAA
    { 0x1EAB, 129 }, // U+1EAB
    { 0x1EAC, 15 }, // U+1EAC
    { 0x1EAD, 71 }, // U+1EAD
    { 0x1EAE, 15 }, // U+1EAE
    { 0x1EAF, 130 }, // U+1EAF
    { 0x1EB0, 15 }, // U+1EB0
    { 0x1EB1, 131 }, // U+1EB1
    { 0x1EB2, 15 }, // U+1EB2
    { 0x1EB3, 130 }, // U+1EB3
    { 0x1EB4, 15 }, // U+1EB4
    { 0x1EB5, 132 }, // U+1EB5
    { 0x1EB6, 15 }, // U+1EB6
    { 0x1EB7, 90 }, // U+1EB7
    { 0x1EB8, 16 }, // U+1EB8
    { 0x1EB9, 33 }, // U+1EB9
    { 0x1EBA, 16 }, // U+1EBA
    { 0x1EBB, 33 }, // U+1EBB
    { 0x1EBC, 16 }, // U+1EBC
    { 0x1EBD, 85 }, // U+1EBD
    { 0x1EBE, 16 }, // U+1EBE
    { 0x1EBF, 76 }, // U+1EBF
    { 0x1EC0, 16 }, // U+1EC0
    { 0x1EC1, 133 }, // U+1EC1
    { 0x1EC2, 16 }, // U+1EC2
    { 0x1EC3, 76 }, // U+1EC3
    { 0x1EC4, 16 }, // U+1EC4
    { 0x1EC5, 93 }, // U+1EC5
    { 0x1EC6, 16 }, // U+1EC6
    { 0x1EC7, 76 }, // U+1EC7
    { 0x1EC8, 16 }, // U+1EC8
    { 0x1EC9, 134 }, // U+1EC9
    { 0x1ECA, 16 }, // U+1ECA
    { 0x1ECB, 38 }, // U+1ECB
    { 0x1ECC, 17 }, // U+1ECC
    { 0x1ECD, 33 }, // U+1ECD
    { 0x1ECE, 17 }, // U+1ECE
    { 0x1ECF, 33 }, // U+1ECF
    { 0x1ED0, 17 }, // U+1ED0
    { 0x1ED1, 84 }, // U+1ED1
    { 0x1ED2, 17 }, // U+1ED2
    { 0x1ED3, 135 }, // U+1ED3
    { 0x1ED4, 17 }, // U+1ED4
    { 0x1ED5, 84 }, // U+1ED5
    { 0x1ED6, 17 }, // U+1ED6
    { 0x1ED7, 136 }, // U+1ED7
    { 0x1ED8, 17 }, // U+1ED8
    { 0x1ED9, 84 }, // U+1ED9
    { 0x1EDA, 17 }, // U+1EDA
    { 0x1EDB, 33 }, // U+1EDB
    { 0x1EDC, 17 }, // U+1EDC
    { 0x1EDD, 83 }, // U+1EDD
    { 0x1EDE, 17 }, // U+1EDE
    { 0x1EDF, 33 }, // U+1EDF
    { 0x1EE0, 17 }, // U+1EE0
    { 0x1EE1, 33 }, // U+1EE1
    { 0x1EE2, 17 }, // U+1EE2
    { 0x1EE3, 33 }, // U+1EE3
    { 0x1EE4, 22 }, // U+1EE4
    { 0x1EE5, 46 }, // U+1EE5
    { 0x1EE6, 22 }, // U+1EE6
    { 0x1EE7, 46 }, // U+1EE7
    { 0x1EE8, 22 }, // U+1EE8
    { 0x1EE9, 46 }, // U+1EE9
    { 0x1EEA, 22 }, // U+1EEA
    { 0x1EEB, 87 }, // U+1EEB
    { 0x1EEC, 22 }, // U+1EEC
    { 0x1EED, 46 }, // U+1EED
    { 0x1EEE, 22 }, // U+1EEE
    { 0x1EEF, 46 }, // U+1EEF
    { 0x1EF0, 22 }, // U+1EF0
    { 0x1EF1, 46 }, // U+1EF1
    { 0x1EF2, 26 }, // U+1EF2
    { 0x1EF3, 137 }, // U+1EF3
    { 0x1EF4, 26 }, // U+1EF4
    { 0x1EF5, 50 }, // U+1EF5
    { 0x1EF6, 26 }, // U+1EF6
    { 0x1EF7, 50 }, // U+1EF7
    { 0x1EF8, 26 }, // U+1EF8
    { 0x1EF9, 50 }, // U+1EF9
    { 0x2013, 138 }, // U+2013
    { 0x2014, 138 }, // U+2014
    { 0x2018, 139 }, // U+2018
    { 0x2019, 140 }, // U+2019
    { 0x201A, 141 }, // U+201A
    { 0x201C, 139 }, // U+201C
    { 0x201D, 140 }, // U+201D
    { 0x201E, 142 }, // U+201E
    { 0x2020, 143 }, // U+2020
    { 0x2021, 144 }, // U+2021
    { 0x2022, 145 }, // U+2022
    { 0x2026, 10 }, // U+2026
    { 0x2032, 146 }, // U+2032
    { 0x2033, 146 }, // U+2033
    { 0x2039, 58 }, // U+2039
    { 0x203A, 65 }, // U+203A
    { 0x2070, 61 }, // U+2070
    { 0xFB00, 69 }, // U+FB00
    { 0xFB01, 35 }, // U+FB01
    { 0xFB02, 35 }, // U+FB02
    { 0xFB03, 69 }, // U+FB03
    { 0xFB04, 69 }, // U+FB04
};

static const int8_t newsreader_16_regularKernMatrix[] = {
       0,    0,   -1,    0,    0,    0,   -2,   -2,    0,   -1,   -1,    0,    0,    0,   -2,    0,    0,   -2,    0,    0,   -1,    0,   -2,   -2,   -1,   -1,    0,   -1,   -1,   -1,    0,    0,    0,    0,    0,    0,    0,    0,    0,    0,    0,    0,    0,    0,    0,    0,   -1,   -1,    0,   -1,    0,    0,    0,    0,    0,    0,    0,    0,   -1,    0,    0,    0,    0,    0,    0,    0,   -2,    0,    0,    0,    0,    0,    0,    0,    0,    0,    0,    0,    0,    0,    0,    0,    0,    0,    0,    0,    0,    0,    0,    0,    0,    0,    0,    0,    0,    0,    0,    0,    0,    0,    0,    0,    0,    0,    0,    0,    0,    0,    0,    0,    0,   -1,    0,    0,    0,    0,    0,    0,    0,    0,    0,    0,    0,    0,    0,    0,    0,    0,    0,    0,    0,    0,    0,    0,    0,    0,   -1,    0,   -1,   -1,   -2,   -2,    0,    0,    0,   -1,
      -1,    0,    0,   -1,    0,    0,    0,   -4,   -4,   -4,    0,   -1,    0,    0,   -3,    0,    0,   -2,    0,    0,    0,    0,    0,    0,    0,    0,    0,    0,    0,    0,   -2,    0,   -2,   -3,   -1,   -2,    0,    0,    0,    0,    0,   -1,   -1,   -2,   -1,    0,    0,    0,   -1,    0,   -1,   -1,    0,    0,   -1,    0,    0,   -3,    0,    0,    0,    0,    0,    0,   -1,   -3,   -3,    0,   -1,   -2,   -2,   -2,   -3,   -2,   -4,   -2,   -4,    1,    0,    0,    1,   -1,   -4,   -2,   -2,   -2,    0,    0,   -2,   -3,   -2,   -4,   -2,   -4,   -4,   -2,   -4,    0,    0,    0,    0,    0,    0,    0,    0,    0,   -2,   -2,   -3,   -2,   -1,    0,   -1,    0,   -1,   -1,   -4,   -1,   -2,   -2,    3,    0,   -3,    0,   -1,    0,   -2,   -1,   -2,   -2,   -2,   -2,   -2,    0,   -2,   -2,    0,   -4,    0,    0,   -4,   -4,    0,    0,    0,    0,
      -2,    0,   -1,    0,    0,    0,   -1,    0,    0,    0,    0,    0,    0,    0,    0,    0,    0,    0,    0,    0,   -2,   -1,   -2,   -1,    0,   -2,    0,    0,    0,    0,    0,    0,   -1,   -1,    0,    0,    0,    0,    0,    0,    0,    0,    0,    0,    0,    0,    0,    0,    0,    0,    0,    0,    0,   -1,    0,    0,    0,   -1,    0,    0,    0,    0,    0,    0,    0,    0,    1,    0,    0,    0,    0,    0,    0,    0,   -1,   -1,   -1,    0,    0,    0,    0,   -1,   -1,   -1,   -1,   -1,    0,    0,    0,    0,   -1,   -1,   -1,   -1,   -1,    0,    0,    0,    0,    0,    0,    0,    0,    0,   -1,    0,   -1,    0,    0,    0,    0,   -2,    0,    0,    0,    0,    0,    0,    0,   -1,    0,    0,   -1,    0,    0,    0,    0,    0,    0,    0,    0,    0,   -1,    0,   -1,   -1,    0,    0,    0,    0,    0,    0,    0,    0,    0,    0,
       0,    0,    0,   -1,   -1,    0,   -1,   -1,   -2,   -1,    0,   -1,    0,    0,    0,    0,   -1,    0,    0,    0,    0,    0,    0,    0,    0,    0,    0,    0,    0,    0,   -1,    0,   -2,   -2,   -1,    0,    0,    0,    0,    0,    0,   -1,   -1,   -1,   -1,   -2,   -1,   -1,    0,   -1,   -1,   -1,    0,    0,    0,   -1,    0,   -2,   -1,    0,    0,    0,    0,    0,   -2,    0,    0,   -1,   -1,   -1,   -1,   -1,   -1,   -1,   -2,   -2,   -2,    0,    0,    0,    0,   -1,   -2,   -2,   -2,   -2,   -2,    0,   -1,   -1,   -2,   -2,   -2,   -2,   -2,    0,    0,    0,    0,    0,    0,    0,    0,    0,    0,    0,   -2,   -1,   -1,   -1,   -1,    0,   -1,   -2,   -1,   -1,    0,    0,   -1,   -1,    2,    0,   -1,    0,   -1,   -1,   -1,    1,   -1,   -1,   -1,   -1,    0,    0,   -1,   -2,   -1,   -2,   -1,    0,   -1,   -1,    0,    0,    0,    0,
       0,    0,    0,    0,    0,   -1,    0,   -1,    0,   -1,    0,    0,    0,    0,    0,    0,    0,    0,    0,    0,    0,    0,    0,    0,    0,    0,    0,    0,   -1,    0,    0,    0,    0,    0,    0,    0,    0,    0,    0,    0,    0,    0,    0,    0,    0,    0,    0,    0,    0,    0,    0,    0,    0,   -1,    0,    0,    0,    0,    0,    0,    0,    0,    0,    0,    0,    0,    0,    0,    0,    0,    0,    0,    0,    0,    0,    0,    0,    0,    0,    0,    0,    0,    0,    0,    0,    0,    0,    0,    0,    0,    0,    0,    0,    0,    0,    0,    0,    0,    0,    0,    0,    0,    0,    0,    0,    0,    0,    0,    0,    0,    0,    0,    0,    0,    0,    0,    0,    0,    0,    0,    0,    0,    0,    0,    0,    0,    0,    0,    0,    0,    0,    0,    0,    0,    0,    0,    0,    0,    0,    0,   -1,   -1,    0,    0,    0,    0,
      -1,    0,    0,   -1,   -1,   -1,    0,   -4,   -4,   -4,    0,   -1,    0,    0,   -3,   -1,   -1,   -3,   -1,    0,    0,    0,   -1,    0,   -1,   -1,    0,    0,   -1,    0,   -2,    0,   -2,   -2,   -1,   -2,   -1,   -1,   -1,   -1,   -1,   -1,   -1,   -2,   -1,   -1,   -1,   -1,   -1,   -1,   -1,   -1,    0,   -1,   -2,    0,    0,   -3,    0,    0,    0,    0,    0,    0,   -2,   -3,   -4,   -1,   -1,   -2,   -1,   -1,   -1,   -2,   -2,   -2,   -2,   -1,   -1,    1,    1,   -2,   -2,   -2,   -2,   -2,   -1,   -1,   -2,   -2,   -2,   -2,   -2,   -2,   -2,   -2,   -2,    0,   -1,    1,    0,    0,   -1,    1,   -1,   -1,   -2,   -1,   -1,   -2,   -1,    0,   -1,   -1,   -1,   -1,   -2,   -2,   -1,   -2,    0,    1,   -2,   -1,   -1,   -1,   -2,   -1,   -1,   -2,   -2,   -2,   -2,   -1,   -2,   -2,   -1,   -4,    0,    0,   -4,   -4,    0,    0,    0,    0,
      -2,    0,   -4,    0,   -1,   -1,   -4,    0,   -1,    0,    0,    0,   -1,    0,    0,    0,   -2,    0,    0,    0,   -6,   -2,   -3,   -5,    0,   -6,    0,   -3,   -1,    0,    0,    0,    0,    0,    0,    0,    0,    0,   -1,    0,    0,    0,   -1,    0,   -1,   -1,   -2,   -2,    0,   -3,    0,   -1,    0,   -1,    0,   -2,    0,   -1,   -4,    0,    0,   -1,    0,    0,    0,    0,    0,   -2,    0,    0,    0,    0,    0,    0,    0,    0,    0,    0,    0,    0,    0,    0,    0,    0,    0,    0,   -1,    0,    0,    0,    0,    0,    0,    0,    0,    0,    0,    0,    0,    0,    0,    0,    0,   -1,    0,    0,    0,    0,    0,    0,   -1,   -6,   -1,   -1,    0,    0,    0,    0,    0,    0,    0,    0,    0,    0,    0,   -1,    0,    0,    0,    0,    0,    0,    0,    0,    0,    0,   -3,   -1,   -8,   -8,    0,    0,    0,    0,    0,   -4,
       0,    0,   -4,    0,    0,   -2,   -4,   -1,    0,   -1,    0,   -1,    0,    0,   -2,   -1,    0,   -2,   -1,    0,   -3,   -1,   -3,   -2,   -2,   -4,   -2,    0,   -2,    0,   -1,    0,    0,    0,   -1,    0,   -1,   -1,   -1,   -1,   -1,   -1,   -1,    0,   -1,   -1,   -2,   -1,   -2,   -2,   -1,    0,    0,   -2,    0,    0,    0,    0,    0,    0,    0,    0,    0,    0,   -2,    0,   -2,    0,   -1,   -1,   -1,   -1,   -1,   -1,    0,    0,    0,   -1,   -1,   -1,   -1,    0,    0,    0,    0,    0,   -1,   -1,   -1,   -1,    0,    0,    0,    0,    0,    0,    0,   -1,   -1,   -1,   -1,   -1,   -1,   -1,    0,    0,    0,   -1,    0,    0,   -1,   -6,   -1,   -1,   -1,   -1,    0,   -1,   -1,    0,   -1,   -1,    0,   -1,   -1,   -1,   -1,   -1,   -1,   -1,   -1,   -1,    0,   -1,    0,    0,   -2,    0,   -4,   -4,   -1,   -1,    0,    0,    0,   -4,
      -1,    0,   -4,    0,   -1,   -1,   -4,    0,   -1,    0,    0,    0,   -1,    0,    0,    0,   -2,    0,    0,    0,   -3,   -2,   -3,   -3,    0,   -3,    0,   -3,   -1,    0,    0,    0,    0,    0,    0,    0,    0,    0,   -1,    0,    0,    0,   -1,    0,   -1,   -1,   -2,   -2,    0,   -3,    0,   -1,    0,   -1,    0,   -2,    0,   -1,   -4,    0,    0,   -1,    0,    0,    0,    0,    0,   -2,    0,    0,    0,    0,    0,    0,    0,    0,    0,    0,    0,    0,    0,    0,    0,    0,    0,    0,   -1,    0,    0,    0,    0,    0,    0,    0,    0,    0,    0,    0,    0,    0,    0,    0,    0,   -1,    0,    0,    0,    0,    0,    0,   -1,   -6,   -1,   -1,    0,    0,    0,    0,    0,    0,    0,    0,    0,    0,    0,   -1,    0,    0,    0,    0,    0,    0,    0,    0,    0,    0,   -3,   -1,   -4,   -4,    0,    0,    0,    0,    0,   -4,
      -1,    0,    0,    0,    0,    0,    0,   -3,    0,   -3,   -5,   -1,    0,    0,   -2,    0,    0,   -2,    0,    0,    0,    0,    0,    0,    0,    0,    0,    0,    0,    0,   -3,    0,   -4,   -3,   -1,   -3,    0,    0,    0,    0,    0,   -1,   -1,   -3,   -1,   -1,    0,    0,   -1,    0,   -1,    0,    0,    0,    0,    0,    0,    0,    0,    0,    0,    0,    0,    0,    0,    0,   -3,    0,   -1,   -3,   -3,   -3,   -3,   -3,   -4,   -4,   -4,    0,    0,    0,    0,   -1,   -4,   -4,   -4,   -4,   -1,    0,   -3,   -3,   -4,   -4,   -4,   -4,   -4,   -3,   -3,    0,    0,    0,    0,    0,    0,    0,    0,    0,   -4,   -1,   -3,   -3,   -1,    0,   -1,   -1,   -1,   -1,   -3,   -3,   -3,   -4,    0,    0,   -4,   -1,   -1,   -1,   -3,   -3,   -3,   -3,   -3,   -3,   -4,    0,   -4,   -4,    0,    0,    0,    0,   -3,   -3,    0,    0,    0,    0,
       0,    0,   -1,    0,    0,   -1,   -1,    0,   -1,    0,    0,    0,   -1,    0,    0,    0,    0,    0,    0,    0,   -2,   -1,   -2,   -2,    0,   -3,    0,   -1,    0,    0,    0,    0,    0,    0,    0,    0,    0,    0,    0,    0,    0,    0,    0,    0,    0,    0,    0,    0,    0,    0,    0,    0,    0,   -1,    0,    0,    0,   -1,    0,    0,    0,   -1,    0,    0,    0,    0,    0,    0,    0,    0,    0,    0,    0,    0,    0,    0,    0,    0,    0,    0,    0,    0,    0,    0,    0,    0,    0,    0,    0,    0,    0,    0,    0,    0,    0,    0,    0,    0,    0,    0,    0,    0,    0,    0,    0,    0,    0,    0,    0,    0,    0,   -4,    0,    0,    0,    0,    0,    0,    0,    0,    0,    0,    0,    0,    0,    0,    0,    0,    0,    0,    0,    0,    0,    0,    0,    0,    0,   -1,   -1,    0,    0,    0,    0,    0,    0,    0,
       0,    0,    0,    0,    0,   -1,    0,    0,    0,    0,    0,    0,    0,    0,    0,    0,    0,    0,    0,    0,    0,    0,    0,    0,    0,    0,    0,    0,   -1,    0,    0,    0,    0,    0,    0,    0,    0,    0,    0,    0,    0,    0,    0,    0,    0,    0,    0,    0,    0,    0,    0,    0,    0,   -1,    0,    0,    0,   -1,    0,    0,    0,    0,    0,    0,   -1,    0,    0,    0,    0,    0,    0,    0,    0,    0,    0,    0,    0,    0,    0,    0,    0,    0,    0,    0,    0,    0,    0,    0,    0,    0,    0,    0,    0,    0,    0,    0,    0,    0,    0,    0,    0,    0,    0,    0,    0,    0,    0,    0,    0,    0,    0,    0,    0,    0,    0,    0,    0,    0,    0,    0,    0,    0,    0,    0,    0,    0,    0,    0,    0,    0,    0,    0,    0,    0,    0,    0,    0,    0,    0,    0,   -2,   -2,    0,    0,    0,    0,
       0,    0,    0,    0,    0,    0,    0,   -2,    0,   -2,    0,    0,    0,    0,   -2,   -1,    0,   -2,   -1,    0,    0,   -1,   -1,   -1,   -1,   -2,    0,    0,    0,    0,    0,    0,    0,    0,    0,    0,    0,    0,    0,    0,    0,    0,    0,    0,    0,    0,    0,    0,    0,    0,    0,    0,    0,    0,    0,    0,    0,    0,    0,    0,    0,    0,    0,    0,    0,    0,   -2,    0,    0,    0,    0,    0,    0,    0,    0,    0,    0,    0,    0,    0,    0,    0,    0,    0,    0,    0,    0,    0,    0,    0,    0,    0,    0,    0,    0,    0,    0,    0,   -1,    0,    0,    0,    0,    0,    0,    0,    0,    0,    0,    0,    0,    0,    0,    0,    0,    0,    0,    0,    0,    0,    0,    0,    0,    0,    0,    0,    0,    0,    0,    0,    0,    0,    0,    0,    0,    0,    0,    0,    0,    0,   -2,   -2,    0,    0,    0,    0,
      -2,    0,   -3,   -1,    0,    0,   -3,    0,   -2,    0,    0,    0,   -1,   -1,    0,    0,   -2,    1,    0,   -1,   -4,   -2,   -3,   -2,    0,   -4,    0,   -2,    0,    0,    0,    0,   -1,   -1,    0,    0,    0,    0,    0,    0,    0,    0,    0,    0,   -1,   -1,   -2,   -2,    0,   -2,    0,    0,    0,    0,    0,   -1,   -2,   -2,   -2,    0,    0,   -2,    0,   -2,    0,    0,    0,   -3,    0,    0,    0,    0,    0,    0,   -1,   -1,   -1,    0,    0,    0,    0,   -1,   -1,   -1,   -1,   -1,   -1,    0,    0,    0,   -1,   -1,   -1,   -1,   -1,    0,    0,    0,    0,    0,    0,    0,    0,    0,   -1,    0,   -1,    0,    0,    0,   -1,   -4,   -1,   -1,    0,    0,    0,    0,    0,   -1,    0,    0,   -1,    0,    0,   -1,    0,    0,    0,    0,    0,    0,   -1,    0,   -1,   -1,   -2,   -2,   -3,   -3,    0,    0,   -3,   -3,   -1,    0,
       0,    0,    0,    0,    0,   -1,   -1,    0,    0,    0,    0,    0,   -1,    0,   -1,   -1,    0,   -1,   -1,    0,   -1,   -1,   -1,   -1,   -1,   -2,   -1,    0,   -1,    0,   -1,    0,    0,    0,   -1,    0,   -1,   -1,    0,   -1,   -1,   -1,    0,    0,    0,    0,   -1,   -1,   -1,   -1,   -1,    0,    0,    0,    0,    0,    0,    0,    0,    0,    0,    0,    0,    0,   -1,    0,   -1,    0,   -1,   -1,   -1,   -1,   -1,   -1,    0,    0,    0,   -1,   -1,   -1,   -1,    0,    0,    0,    0,    0,    0,   -1,   -1,   -1,    0,    0,    0,    0,    0,    0,    0,   -1,   -1,   -1,   -1,   -1,   -1,    0,    0,    0,    0,   -1,    0,    0,    0,   -1,    0,    0,   -1,   -1,    0,   -1,   -1,    0,   -1,   -1,    0,   -1,   -1,    0,   -1,   -1,   -1,   -1,   -1,   -1,    0,   -1,    0,    0,   -1,    0,    0,    0,    0,    0,   -1,    0,    0,    0,
       0,    0,    0,    0,    0,    0,    0,    0,    0,    0,    0,    0,    0,    0,   -1,    0,    0,    0,    0,    0,    0,    0,   -1,   -1,   -1,    0,    0,    0,    0,    0,    0,    0,    0,    0,    0,    0,    0,    0,    0,    0,    0,    0,    0,    0,    0,    0,   -1,    0,    0,   -1,    0,    0,    0,    0,    0,    0,    0,    0,    0,    0,    0,    0,    0,    0,    0,    0,   -1,    0,    0,    0,    0,    0,    0,    0,    0,    0,    0,    0,    0,    0,    0,    0,    0,    0,    0,    0,    0,    0,    0,    0,    0,    0,    0,    0,    0,    0,    0,    0,    0,    0,    0,    0,    0,    0,    0,    0,    0,    0,    0,    0,    0,    0,    0,    0,    0,    0,    0,    0,    0,    0,    0,    0,    0,    0,    0,    0,    0,    0,    0,    0,    0,    0,    0,    0,    0,    0,   -1,    0,    0,    0,    0,    0,    0,    0,    0,    0,
       0,    0,    0,   -1,    0,   -1,    0,   -2,    0,   -2,    0,    0,   -1,    0,   -2,   -1,    0,   -2,   -1,    0,   -1,   -1,   -2,   -1,   -2,   -2,   -1,    0,   -1,    0,   -1,    0,   -1,   -1,    0,    0,   -1,    0,    0,   -1,   -1,    0,    0,    0,    0,    0,    0,    0,    0,    0,    0,    0,    0,   -1,    0,    0,    0,    0,    0,    0,    0,    0,    0,    0,    0,    0,   -2,    0,    0,   -1,   -1,   -1,   -1,   -1,   -1,   -1,   -1,    0,    0,    0,    0,   -1,   -1,   -1,   -1,   -1,    0,   -1,   -1,   -1,   -1,   -1,   -1,   -1,   -1,    0,    0,   -1,   -1,    0,    0,    0,    0,    0,    0,   -1,   -1,    0,    0,    0,    0,   -1,    0,    0,    0,    0,    0,   -1,   -1,   -1,    0,    0,   -1,    0,    0,    0,   -1,   -1,   -1,   -1,   -1,   -1,   -1,    0,   -1,   -1,    0,    0,    0,    0,   -2,   -2,   -1,    0,    0,    0,
       0,    0,    0,    0,    0,    0,   -1,    0,    0,    0,    0,    0,    0,    0,   -1,    0,    0,    0,    0,    0,    0,    0,   -1,   -1,    0,   -1,    0,    0,    0,    0,    0,    0,    0,    0,    0,    0,    0,    0,    0,    0,    0,    0,   -1,    0,    0,    0,   -1,   -1,    0,   -1,   -1,    0,    0,    0,    0,    0,    0,    0,    0,    0,    0,    0,    0,    0,   -1,    0,   -1,    0,    0,    0,    0,    0,    0,    0,    0,    0,    0,    0,    0,    0,    0,    0,    0,    0,    0,    0,    0,    0,    0,    0,    0,    0,    0,    0,    0,    0,    0,    0,    0,    0,    0,    0,    0,    0,    0,    0,    0,    0,    0,    0,    0,    0,    0,    0,   -1,   -1,    0,    0,    0,    0,    0,    0,    0,    0,    0,    0,    0,    0,    0,    0,    0,    0,    0,    0,    0,    0,   -1,    0,    0,    0,    0,    0,    0,    0,    0,    0,
      -1,    0,    0,   -1,    0,    0,    0,   -4,   -2,   -4,   -2,   -1,    0,   -1,   -2,    0,   -1,   -3,   -1,   -1,    0,    0,    0,    0,   -1,    0,    0,    0,    0,    0,   -2,    0,   -2,   -2,   -1,   -2,    0,   -1,   -1,    0,    0,   -2,   -2,   -2,   -1,   -1,   -1,   -1,   -2,   -1,   -2,    0,    0,    0,    0,    0,    0,   -2,    0,    0,    0,   -2,    0,    0,   -2,    0,   -3,   -1,   -1,   -2,   -2,   -2,   -2,   -2,   -2,   -2,   -2,    0,   -1,    0,    0,   -2,   -2,   -2,   -2,   -2,   -1,    0,   -2,   -2,   -2,   -2,   -2,   -2,   -2,   -2,   -2,    0,    0,    0,   -1,   -1,   -2,    0,    0,   -1,   -2,   -2,   -2,   -2,   -1,    0,   -1,   -1,   -2,   -2,   -2,   -1,   -2,   -2,    1,    0,   -2,   -1,   -2,   -1,   -2,    0,   -2,   -2,   -2,   -2,   -1,   -1,   -2,   -2,   -1,   -2,    0,    0,   -4,   -4,    0,    0,   -2,    0,
       0,    0,   -1,    0,    0,    0,   -1,   -1,    0,   -1,    0,    0,   -1,    0,   -1,    0,    0,   -1,    0,   -1,   -1,    0,   -1,   -1,   -1,   -1,   -1,    0,    0,    0,   -1,    0,    0,    0,    0,    0,    0,    0,    0,    0,    0,    0,    0,    0,    0,    0,   -1,   -1,   -1,   -1,    0,    0,    0,    0,    0,    0,    0,    0,    0,    0,    0,    0,    0,    0,   -1,    0,   -1,    0,    0,   -1,   -1,   -1,   -1,   -1,    0,    0,    0,    0,    0,    0,    0,    0,    0,    0,    0,    0,    0,    0,   -1,   -1,    0,    0,    0,    0,    0,    0,    0,    0,    0,    0,    0,    0,    0,    0,    0,    0,    0,    0,    0,    0,    0,   -1,    0,    0,    0,    0,    0,   -1,   -1,    0,    0,    0,    0,    0,    0,    0,   -1,   -1,   -1,   -1,   -1,   -1,    0,    0,    0,    0,   -1,    0,   -1,   -1,   -1,   -1,   -1,   -1,    0,    0,
       0,    0,    0,   -1,    0,    0,    0,    0,   -1,    0,    0,    0,    0,   -1,    0,    0,   -1,    0,    0,    0,    0,    0,    0,    0,    0,    0,    0,    0,    0,    0,   -1,    0,   -1,   -1,    0,   -1,    0,    0,   -1,    0,    0,    0,   -1,   -1,   -1,   -1,   -1,   -1,    0,   -1,   -1,    0,    0,    0,    0,    0,    0,   -2,    0,    0,    0,   -1,    0,    0,   -1,    0,    0,   -1,    0,   -1,   -1,   -1,   -1,   -1,   -1,   -1,   -1,    0,    0,    0,    0,   -1,   -1,   -1,   -1,   -1,   -1,    0,   -1,   -1,   -1,   -1,   -1,   -1,   -1,   -1,   -1,    0,    0,    0,    0,    0,    0,   -1,    0,   -1,   -1,    0,   -1,   -1,   -1,    0,   -1,   -1,   -1,   -1,   -1,   -1,   -1,   -2,    2,    0,   -1,    0,    0,   -1,   -1,   -1,   -1,   -1,   -1,   -1,   -2,    0,   -1,   -1,   -1,   -1,    0,    0,    0,    0,    0,    0,    0,    0,
       0,    0,    0,   -1,    0,    0,    0,   -2,   -1,   -2,   -1,   -1,    0,   -1,   -2,    0,   -1,   -2,   -1,    0,    0,    0,    0,    0,    0,    0,    0,    0,    0,    0,   -2,    0,   -1,   -1,   -1,   -1,    0,   -1,   -1,    0,    0,   -1,   -1,   -1,   -1,   -1,   -1,   -1,   -1,   -1,   -1,    0,    0,    0,    0,    0,    0,   -2,    0,    0,    0,   -1,    0,    0,   -2,    0,   -2,   -1,   -1,   -2,   -2,   -2,   -2,   -2,   -1,   -1,   -1,    0,   -1,   -1,   -1,   -1,   -1,   -1,   -1,   -1,   -1,    0,   -2,   -2,   -1,   -1,   -1,   -1,   -1,   -1,   -1,    0,    0,   -1,   -1,   -1,   -1,   -1,    0,   -1,   -1,   -1,   -1,   -1,   -1,    0,   -1,   -1,   -1,   -1,   -1,   -1,   -2,   -2,    2,   -1,   -1,   -1,   -1,   -1,   -2,   -1,   -2,   -2,   -2,   -2,   -2,   -1,   -2,   -1,   -1,   -1,    0,    0,   -2,   -2,    0,    0,    0,    0,
      -1,    0,    0,   -1,    0,    0,   -1,    0,   -2,    0,    0,    0,    0,   -1,    0,    0,   -3,    0,    0,   -1,   -1,   -1,   -1,   -1,    0,   -1,    0,    0,    0,    0,   -1,    0,   -1,   -1,    0,   -1,    0,    0,    0,    0,    0,    0,    0,   -1,   -1,   -1,   -3,   -3,    0,   -3,    0,    0,    0,    0,    0,   -1,   -1,   -2,   -1,    0,    0,   -2,    0,   -1,    0,    0,    0,   -4,    0,   -1,   -1,   -1,   -1,   -1,   -1,   -1,   -1,    0,    0,    0,    0,   -1,   -1,   -1,   -1,   -2,   -1,    0,   -1,   -1,   -1,   -1,   -1,   -1,   -1,   -1,   -1,    0,    0,    0,    0,    0,    0,    0,   -1,   -1,   -1,    0,   -1,   -1,   -1,   -1,   -1,   -1,    0,    0,   -1,   -1,   -1,   -1,    1,    0,   -1,    0,    0,   -1,   -1,   -1,   -1,   -1,   -1,   -1,   -2,    0,   -1,   -1,   -3,   -2,   -1,   -1,    0,    0,   -1,   -1,   -1,    0,
      -1,    0,   -4,    0,    0,   -1,   -4,    0,    0,    0,    0,    0,   -1,    0,    0,    0,   -1,    0,    0,   -1,   -4,   -1,   -3,   -2,   -1,   -4,   -1,   -2,    0,    0,    0,    0,    0,    0,    0,    0,    0,    0,    0,    0,    0,    0,    0,    0,    0,    0,   -2,   -1,    0,   -2,    0,    0,    0,    0,    0,    0,   -1,    0,   -3,    0,    0,    0,    0,   -1,    0,    0,    0,   -1,    0,    0,    0,    0,    0,    0,    0,    0,    0,    0,    0,    0,    0,    0,    0,    0,    0,    0,    0,    0,    0,    0,    0,    0,    0,    0,    0,    0,    0,    0,    0,    0,    0,    0,    0,    0,    0,    0,    0,    0,    0,    0,    0,   -7,    0,    0,    0,    0,    0,    0,    0,    0,    0,    0,    0,    0,    0,    0,    0,    0,    0,    0,    0,    0,    0,    0,    0,    0,   -2,    0,   -3,   -3,    0,    0,   -4,   -4,    0,    0,
       0,    0,    0,   -1,    0,    0,   -1,    0,   -1,    0,    0,    0,    0,   -1,    0,    0,   -1,    0,    0,    0,   -1,   -1,    0,    0,    0,    0,    0,    0,    0,    0,   -1,    0,   -1,   -1,    0,   -1,    0,    0,   -1,    0,    0,    0,   -1,    0,   -1,   -1,   -1,   -1,    0,   -1,    0,    0,    0,    0,    0,    0,    0,   -1,   -1,    0,    0,   -1,    0,   -1,    0,    0,    0,   -1,    0,   -1,   -1,   -1,   -1,   -1,   -1,   -1,   -1,    0,    0,    0,    0,   -1,   -1,   -1,   -1,   -1,   -1,    0,   -1,   -1,   -1,   -1,   -1,   -1,   -1,   -1,   -1,    0,    0,    0,    0,    0,    0,   -1,    0,    0,   -1,    0,    0,    0,   -1,   -1,   -1,   -1,    0,    0,   -1,   -1,   -1,   -1,    1,    0,   -1,    0,    0,   -1,   -1,   -1,   -1,   -1,   -1,   -1,   -1,    0,   -1,   -1,   -1,   -1,   -1,    0,    0,    0,   -1,   -1,    0,    0,
       0,    0,    0,   -1,    0,    0,    0,   -1,   -1,   -1,    0,   -1,    0,   -1,   -1,    0,   -1,   -1,    0,    0,    0,    0,    0,    0,    0,    0,    0,    0,    0,    0,   -1,    0,   -1,   -1,   -1,   -1,    0,   -1,   -1,    0,    0,   -1,   -1,   -1,   -1,   -1,   -1,   -1,   -1,   -1,   -1,    0,    0,    0,    0,    0,    0,   -2,    0,    0,    0,   -1,    0,    0,   -1,    0,   -1,   -1,   -1,   -1,   -1,   -1,   -1,   -1,   -1,   -1,   -1,    0,   -1,   -1,   -1,   -1,   -1,   -1,   -1,   -1,   -1,    0,   -1,   -1,   -1,   -1,   -1,   -1,   -1,   -1,   -1,    0,    0,   -1,   -1,    0,   -1,   -1,    0,   -1,   -1,   -1,   -1,   -1,   -1,    0,   -1,   -1,   -1,   -1,   -1,   -1,   -1,   -2,    2,   -1,   -1,   -1,   -1,   -1,   -1,   -2,   -1,   -1,   -1,   -1,   -2,   -1,   -2,   -1,   -1,   -1,    0,    0,   -1,   -1,    0,    0,    0,    0,
       0,    0,    0,   -1,    0,   -1,    0,   -2,    0,   -2,    0,    0,   -1,    0,   -2,   -1,    0,   -2,   -1,    0,   -1,   -1,   -2,   -1,   -2,   -2,   -1,    0,   -1,    0,   -1,    0,    0,    0,    0,    0,   -1,    0,    0,   -1,   -1,    0,    0,    0,    0,    0,    0,    0,    0,    0,    0,    0,    0,   -1,    0,    0,    0,    0,    0,    0,    0,    0,    0,    0,   -1,    0,   -2,    0,    0,   -1,   -1,   -1,   -1,   -1,    0,    0,    0,    0,    0,    0,    0,    0,    0,    0,    0,    0,    0,   -1,   -1,   -1,    0,    0,    0,    0,    0,    0,    0,   -1,   -1,    0,    0,    0,    0,    0,    0,   -1,    0,    0,    0,    0,    0,   -1,    0,    0,    0,    0,    0,   -1,   -1,    0,    0,    0,    0,    0,    0,    0,   -1,   -1,   -1,   -1,   -1,   -1,    0,    0,    0,    0,    0,    0,    0,    0,   -2,   -2,   -1,    0,    0,    0,
      -1,    0,    0,   -1,    0,    0,    0,   -4,   -3,   -4,   -2,    0,    0,    0,   -3,   -1,    0,   -3,   -1,    0,    0,    0,   -1,   -1,   -2,   -1,    0,    0,    0,    0,   -1,    0,   -2,   -2,    0,   -1,    0,    0,    0,    0,    0,    0,    0,   -1,    0,    0,    0,    0,    0,    0,   -1,    0,    0,    0,    0,    0,    0,   -3,    0,    0,    0,   -3,    0,    0,   -1,    0,   -3,    0,    0,   -1,   -1,   -1,   -1,   -1,   -2,   -2,   -2,    0,    0,    0,    0,   -2,   -2,   -2,   -2,   -2,    0,    0,   -1,   -1,   -2,   -2,   -2,   -2,   -2,   -1,   -1,    0,   -1,    0,    0,    0,    0,    0,   -1,   -1,   -2,    0,   -1,   -1,    0,    0,    0,    0,   -1,   -1,   -1,   -1,   -1,   -2,    0,    0,   -2,    0,    0,    0,   -1,   -1,   -1,   -1,   -1,   -1,   -2,    0,   -2,   -2,    0,   -3,    0,    0,   -4,   -4,    0,    0,   -1,    0,
       0,    0,   -1,    0,    0,    0,   -1,    0,   -2,    0,    0,    0,   -1,    0,    0,    0,   -1,    0,    0,    0,   -1,   -1,   -1,   -1,    0,   -1,    0,    0,   -1,    0,    0,    0,   -1,   -1,    0,    0,    0,    0,    0,    0,    0,    0,    0,    0,    0,    0,   -1,   -1,    0,   -1,    0,    0,    0,    0,    0,    0,   -1,   -2,    0,    0,    0,   -2,    0,    0,    0,    0,    0,   -1,    0,    0,    0,    0,    0,    0,   -1,   -1,   -1,    0,    0,    0,    0,   -1,   -1,   -1,   -1,   -1,    0,    0,    0,    0,   -1,   -1,   -1,   -1,   -1,    0,    0,    0,    0,    0,    0,    0,    0,    0,    0,    0,   -1,    0,    0,    0,    0,   -1,   -1,    0,    0,    0,    0,    0,    0,   -1,    0,    0,   -1,    0,    0,    0,    0,    0,    0,    0,    0,    0,   -1,    0,   -1,   -1,   -1,   -2,    0,   -1,    0,    0,   -1,   -1,   -1,    0,
       0,    0,    0,    0,    0,    0,   -1,    0,    0,    0,    0,    0,   -1,    0,   -1,    0,    0,   -1,    0,   -1,   -1,    0,   -1,   -1,   -1,   -1,   -1,    0,    0,    0,   -1,    0,    0,    0,   -1,    0,    0,   -1,   -1,    0,    0,   -1,   -1,    0,    0,    0,   -1,   -1,   -1,   -1,   -1,    0,    0,    0,    0,    0,    0,    0,    0,    0,    0,    0,    0,    0,   -1,    0,   -1,    0,   -1,   -1,   -1,   -1,   -1,   -1,    0,    0,    0,   -1,   -1,   -1,   -1,    0,    0,    0,    0,    0,    0,    0,   -1,   -1,    0,    0,    0,    0,    0,    0,    0,    0,    0,   -1,   -1,   -1,   -1,   -1,    0,    0,    0,   -1,    0,    0,    0,   -1,    0,    0,   -1,   -1,    0,   -1,   -1,    0,    0,   -1,    0,   -1,   -1,    0,   -1,   -1,   -1,   -1,   -1,   -1,    0,   -1,    0,    0,   -1,    0,   -1,   -1,    0,    0,    0,    0,    0,    0,
      -1,    0,    0,   -2,    0,    0,    0,   -6,   -3,   -3,   -2,   -2,    0,   -1,   -4,    0,   -1,   -3,    0,   -1,    0,    0,    0,    0,    0,    0,   -1,    0,    0,    0,   -4,    0,   -4,   -4,   -2,   -4,    0,   -1,   -1,    0,    0,   -3,   -3,   -4,   -3,   -3,   -4,   -3,   -3,   -4,   -3,    0,    0,    0,    0,    0,    0,   -4,    0,    0,    0,   -3,    0,    0,   -3,    0,   -5,   -1,   -2,   -6,   -6,   -6,   -6,   -4,   -7,   -8,   -7,   -1,   -3,   -1,   -1,   -2,   -8,   -4,   -8,   -4,   -3,    0,   -6,   -6,   -8,   -4,   -8,   -8,   -8,   -6,   -7,    0,    0,   -1,   -1,   -1,   -4,   -1,    0,   -1,   -4,   -6,   -5,   -6,   -5,    0,   -5,   -3,   -6,   -3,   -4,   -4,   -6,   -6,    1,   -1,   -6,   -3,   -5,   -5,   -4,   -3,   -6,   -6,   -6,   -6,   -4,   -1,   -5,   -4,   -4,   -3,    0,    0,   -6,   -3,    0,    0,   -2,    0,
       0,    0,    0,   -1,    0,    0,    0,   -2,   -1,   -2,   -1,   -1,    0,   -1,   -2,    0,   -1,   -2,   -1,    0,    0,    0,    0,    0,    0,    0,    0,    0,    0,    0,   -2,    0,   -1,   -1,   -1,   -1,    0,   -1,   -1,    0,    0,   -1,   -1,   -1,   -1,   -1,   -1,   -1,   -1,   -1,   -1,    0,    0,    0,    0,    0,    0,   -2,    0,    0,    0,   -1,    0,    0,   -2,    0,   -3,   -1,   -1,   -2,   -2,   -2,   -2,   -2,   -1,   -1,   -1,    0,   -1,   -1,   -1,   -1,   -1,   -1,   -1,   -1,   -1,    0,   -2,   -2,   -1,   -1,   -1,   -1,   -1,   -1,   -1,    0,    0,   -1,   -1,   -1,   -1,   -1,    0,   -1,   -1,   -1,   -1,   -1,   -1,    0,   -1,   -1,   -1,   -1,   -1,   -1,   -2,   -2,    2,   -1,   -2,   -1,   -1,   -1,   -2,   -1,   -2,   -2,   -2,   -2,   -2,   -1,   -2,   -1,   -1,   -1,    0,    0,   -2,   -2,    0,    0,    0,    0,
      -2,    0,    0,   -2,    0,    0,    0,   -3,   -3,   -3,   -2,   -2,    0,   -2,   -3,    0,   -2,   -3,    0,   -1,    0,    0,    0,    0,    0,    0,   -1,    0,    0,    0,   -3,    0,   -3,   -3,   -2,   -3,    0,   -1,   -1,    0,    0,   -3,   -3,   -3,   -3,   -2,   -2,   -2,   -2,   -2,   -3,    0,    0,    0,    0,   -1,    0,   -3,    0,    0,    0,   -3,    0,   -1,   -3,    0,   -5,   -2,   -2,   -1,   -3,   -3,   -3,   -3,   -2,   -3,   -3,    1,   -2,   -1,    0,   -2,   -3,   -3,   -3,   -3,   -2,    1,   -3,   -2,   -3,   -3,   -3,   -3,   -3,   -3,   -2,    0,    0,   -1,   -1,    1,   -3,   -1,   -1,    0,   -3,   -2,   -3,   -1,   -3,    0,   -3,   -2,   -3,   -2,   -2,    1,   -3,    0,    3,   -1,   -1,    1,   -3,   -1,   -3,    1,   -2,   -3,   -3,   -2,    0,   -1,   -1,   -3,   -2,   -3,    0,    0,   -3,   -3,    0,    0,   -2,    0,
      -2,    0,    0,   -2,    0,    0,    0,   -5,   -2,   -3,   -2,   -2,    0,   -2,   -2,    0,   -1,   -2,    0,   -1,    0,    0,    0,    0,    0,    0,   -1,    0,    0,    0,   -2,    0,   -2,   -2,   -2,   -2,    0,   -1,    0,    0,    0,   -2,   -2,   -2,   -2,   -2,   -1,   -1,   -2,   -1,   -2,    0,    0,    0,    0,   -1,    0,   -3,    0,    0,    0,   -2,    0,    0,   -2,    0,   -4,   -1,   -2,   -3,   -2,   -2,   -2,   -2,   -3,   -2,   -2,    1,   -2,   -1,    0,   -2,   -3,   -2,   -2,   -2,   -2,    1,   -2,   -4,   -2,   -2,   -2,   -3,   -3,   -2,   -2,    0,    0,   -1,   -1,    0,   -2,    0,    0,    0,   -2,   -3,   -2,   -3,   -2,    0,   -3,   -2,   -2,   -2,   -2,   -1,   -2,   -2,    3,   -1,   -2,    0,   -3,   -2,   -2,   -1,   -4,   -2,   -2,   -4,   -2,   -1,   -3,   -2,   -1,   -2,    0,    0,   -5,   -3,    0,    0,   -1,    0,
      -1,    0,    0,   -1,    0,    0,   -1,    0,   -2,    0,    0,    0,    0,   -1,    0,    0,   -2,    0,    0,   -1,    0,   -1,   -1,    0,    0,    0,    0,    0,    0,    0,   -1,    0,   -1,   -1,    0,   -1,    0,    0,    0,    0,    0,    0,    0,   -1,   -1,   -1,   -3,   -3,    0,   -3,    0,    0,    0,    0,    0,   -1,   -1,   -2,   -1,    0,    0,   -2,    0,   -1,    0,    0,    0,   -2,    0,   -1,   -1,   -1,   -1,   -1,   -1,   -1,   -1,    0,    0,    0,    0,   -1,   -1,   -1,   -1,   -1,   -1,    0,   -1,   -1,   -1,   -1,   -1,   -1,   -1,   -1,   -1,    0,    0,    0,    0,    0,    0,    0,    0,   -1,   -1,    0,   -1,   -1,   -1,    0,   -1,   -1,    0,    0,   -1,    0,   -1,   -1,    2,    0,   -1,    0,    0,   -1,   -1,   -1,   -1,   -1,   -1,   -1,   -1,    0,   -1,   -1,   -3,   -2,   -1,   -1,    0,    0,   -1,   -1,   -1,    0,
      -2,    0,    0,   -2,    0,    0,    0,   -6,   -3,   -3,   -2,   -2,    0,   -3,   -4,    0,   -2,   -3,    0,   -1,    0,    0,    0,    0,    0,    0,   -1,    0,    0,    0,   -4,    0,   -4,   -4,   -3,   -4,    0,   -1,   -1,    0,    0,   -3,   -3,   -4,   -3,   -3,   -3,   -3,   -3,   -3,   -3,    0,    0,    0,    0,   -2,   -1,   -4,   -1,    0,    0,   -3,    0,   -1,   -3,    0,   -5,   -2,   -5,   -5,   -4,   -7,   -7,   -4,   -6,   -4,   -8,    1,   -3,   -1,   -1,   -2,   -7,   -4,   -8,   -4,   -5,    0,   -4,   -5,   -4,   -7,   -8,   -7,   -7,   -4,   -6,    0,    0,   -1,   -1,    0,   -3,   -1,    0,    0,   -7,   -5,   -4,   -4,   -3,    0,   -6,   -3,   -3,   -6,   -6,   -3,   -4,   -4,    3,   -1,   -5,   -2,   -6,   -3,   -7,   -3,   -6,   -4,   -7,   -6,   -4,   -1,   -5,   -8,   -3,   -3,   -1,    0,   -6,   -3,    0,    0,   -2,    0,
       0,    0,    0,    0,    0,    0,   -1,    0,    0,    0,    0,    0,    0,    0,   -1,    0,   -1,    0,    0,    0,   -1,   -1,   -1,   -1,    0,    0,   -1,    0,    0,    0,    0,    0,    0,    0,    0,    0,    0,    0,    0,    0,    0,    0,   -1,    0,   -1,   -1,   -2,   -2,    0,   -2,   -1,    0,    0,    0,    0,    0,    0,    0,   -1,    0,    0,    0,    0,    0,    0,    0,    0,   -1,    0,    0,    0,    0,    0,    0,    0,    0,    0,    0,    0,    0,    0,    0,    0,    0,    0,    0,   -1,    0,    0,    0,    0,    0,    0,    0,    0,    0,    0,    0,    0,    0,    0,    0,    0,    0,    0,    0,    0,    0,    0,    0,   -1,   -1,   -1,   -1,   -1,   -1,    0,    0,    0,    0,    1,    0,    0,    0,    0,   -1,    0,    0,    0,    0,    0,    0,    0,    0,    0,    0,   -2,    0,   -1,    0,    0,    0,   -1,   -1,    0,    0,
      -1,    0,    0,   -1,   -1,    0,   -1,   -1,   -2,   -1,    0,    0,    0,    0,    0,    0,   -1,   -1,    0,    0,    0,    0,    0,    0,    0,    0,    0,    0,    0,    0,   -1,    0,   -1,   -1,    0,    0,    0,    0,    0,    0,    0,    0,    0,    0,   -1,   -1,   -1,   -1,    0,   -2,    0,    0,    0,    0,    0,   -1,    0,   -1,    0,    0,    0,    0,    0,    0,   -1,    0,    0,   -1,    0,   -1,   -1,   -1,   -1,   -1,   -1,   -1,   -1,    1,    0,    0,    0,    0,   -1,   -1,   -1,   -1,   -1,    0,   -1,   -1,   -1,   -1,   -1,   -1,   -1,    0,    0,    0,    0,    0,    0,    0,    0,    0,    0,    0,   -1,    0,    0,    0,   -1,    0,   -1,   -1,    0,    0,    0,    1,   -1,    0,    3,    0,   -1,    1,    0,   -1,   -1,    2,   -1,   -1,   -1,   -1,    1,    0,    0,   -1,   -2,   -2,    0,    0,   -1,   -1,    0,    0,    0,    0,
      -1,    0,    0,    0,    0,    0,    0,    0,    0,    0,    0,    0,    0,    0,    0,    0,    0,    0,    0,    0,   -2,   -1,   -2,   -2,    0,   -2,    0,   -5,    0,    0,    0,    0,    0,    0,    0,    0,    0,    0,    0,    0,    0,    0,    0,    0,    0,    0,   -1,    0,    0,   -1,    0,    0,    0,    0,    0,    0,    0,    0,    0,    0,    0,    0,    0,    0,    0,    0,    0,    0,    0,    0,    0,    0,    0,    0,    0,    0,    0,    0,    0,    0,    0,    0,    0,    0,    0,    0,    0,    0,    0,    0,    0,    0,    0,    0,    0,    0,    0,    0,    0,    0,    0,    0,    0,    0,    0,    0,    0,    0,    0,    0,    0,   -2,    0,    0,    0,    0,    0,    0,    0,    0,    0,    0,    0,    0,    0,    0,    0,    0,    0,    0,    0,    0,    0,    0,    0,    0,   -1,    0,    0,    0,    0,    0,    0,    0,    0,    0,
       0,    0,    0,    0,    0,    0,    0,    0,   -1,    0,    0,    0,    0,    0,    0,    0,    0,    0,    0,    0,    0,    0,    0,    0,    0,    0,    0,    0,    0,    0,    0,    0,    0,    0,    0,    0,    0,    0,    0,    0,    0,    0,    0,    0,    0,    0,    0,    0,    0,    0,    0,    0,    0,    0,    0,    0,    0,    0,    0,    0,    0,    0,    0,    0,    0,    0,    0,    0,    0,    0,    0,    0,    0,    0,    0,    0,    0,    0,    0,    0,    0,    0,    0,    0,    0,    0,    0,    0,    0,    0,    0,    0,    0,    0,    0,    0,    0,    0,    0,    0,    0,    0,    0,    0,    0,    0,    0,    0,    0,    0,    0,    0,    0,    0,    0,    0,    0,    0,    0,    0,    0,    0,    0,    0,    0,    0,    0,    0,    0,    0,    0,    0,    0,    0,    0,    0,    0,   -1,    0,    0,    0,    0,    0,    0,    0,    0,
      -1,    0,    0,    0,    0,    0,    0,    0,    0,    0,    0,    0,    0,    0,    0,    0,    0,    0,    0,    0,    0,    0,    0,    0,    0,    0,    0,    0,    0,    0,    0,    0,    0,    0,    0,    1,    0,    0,    0,    0,    0,    0,    0,    0,    0,    0,    0,    0,    0,    0,    0,    0,    0,    0,    0,    0,    0,    0,    0,    0,    0,    0,    0,    0,    0,    0,    0,    0,    0,    0,    0,    0,    0,    0,    0,    0,    0,    0,    0,    0,    0,    0,    0,    0,    0,    0,    0,    0,    0,    0,    0,    0,    0,    0,    0,    1,    1,    0,    0,    0,    0,    0,    0,    0,    0,    0,    0,    0,    0,    0,    0,    0,    0,    0,    0,    0,    1,    0,    0,    0,    0,    0,    0,    0,    0,    0,    0,    0,    0,    0,    0,    0,    0,    0,    0,    0,    0,    0,    0,    0,    0,    0,    0,    0,    0,    0,
       0,    0,   -2,    0,    0,   -1,   -2,    0,   -1,    0,    0,    0,   -1,    0,    0,    0,   -1,    0,    0,    0,   -3,   -1,   -4,   -2,    0,   -4,    0,   -3,    0,    0,    0,    0,    0,    0,    0,    0,    0,    0,    0,    0,    0,    0,    0,    0,    0,    0,   -1,   -1,   -1,   -1,    0,    0,    0,    0,    0,    0,   -1,   -1,   -1,    0,    0,   -1,    0,   -1,    0,    0,    0,   -1,    0,    0,    0,    0,    0,    0,    0,    0,    0,    0,    0,    0,    0,    0,    0,    0,    0,    0,    0,    0,    0,    0,    0,    0,    0,    0,    0,    0,    0,    0,    0,    0,    0,    0,    0,    0,    0,    0,    0,    0,    0,    0,    0,   -3,    0,    0,    0,    0,    0,    0,    0,    0,    0,    0,    0,    0,    0,    0,    0,    0,    0,    0,    0,    0,    0,    0,    0,    0,   -1,   -1,   -3,   -2,    0,    0,   -3,   -2,    0,    0,
       0,    0,   -2,   -1,    0,   -2,   -2,   -1,    0,   -1,    0,    0,   -2,    0,   -1,   -1,    0,   -1,   -1,    0,   -4,   -1,   -3,   -2,   -2,   -5,   -2,   -3,   -1,    0,    0,    0,    0,    0,    0,    0,    0,    0,    0,    0,    0,    0,    0,    0,    0,    0,   -1,   -1,   -1,   -1,   -1,    0,    0,   -1,    0,    0,    0,    0,   -1,    0,    0,    0,    0,    0,   -1,    0,    0,    0,    0,    0,    0,    0,    0,    0,    0,    0,    0,    0,    0,    0,    0,    0,    0,    0,    0,    0,    0,    0,    0,    0,    0,    0,    0,    0,    0,    0,    0,    0,   -1,    0,    0,    0,    0,    0,    0,    0,    0,    0,    0,    0,    0,   -4,    0,    0,   -1,   -1,    0,    0,    0,    0,    0,    0,    0,    0,    0,    0,    0,    0,    0,    0,    0,    0,    0,    0,    0,    0,   -1,    0,   -2,   -2,   -1,   -1,   -2,   -1,    0,    0,
       0,    0,   -1,    0,    0,   -1,   -1,    0,   -1,    0,    0,    0,   -1,    0,   -1,   -1,    0,    0,   -1,    0,   -4,   -1,   -3,   -2,   -1,   -4,   -1,   -1,   -1,    0,    0,    0,   -1,    0,    0,    0,    0,    0,    0,    0,    0,    0,    0,    0,    0,    0,    0,    0,   -1,   -1,    0,    0,    0,   -1,    0,    0,    0,   -1,    0,    0,    0,   -1,    0,   -1,    0,    0,    0,    0,    0,    0,    0,    0,    0,    0,   -1,   -1,   -1,    0,    0,    0,    0,   -1,   -1,   -1,   -1,   -1,    0,    0,    0,    0,   -1,   -1,   -1,   -1,   -1,    0,    0,    0,   -1,    0,    0,    0,    0,    0,    0,    0,   -1,    0,    0,    0,    0,   -4,    0,    0,    0,    0,    0,    0,    0,   -1,    0,    0,   -1,    0,    0,    0,    0,    0,    0,    0,    0,    0,   -1,    0,   -1,   -1,   -1,   -1,   -1,   -1,    0,    0,   -2,    0,    0,    0,
       0,    0,    0,   -1,    0,    0,   -1,    0,   -1,    0,    0,    0,   -1,    0,    0,    0,   -1,    0,    0,    0,   -1,   -1,   -1,    0,    0,   -1,    0,    0,    0,    0,    0,    0,    0,    0,    0,    0,    0,    0,    0,    0,    0,    0,    0,    0,    0,    0,   -1,   -1,    0,   -1,    0,    0,    0,    0,    0,    0,    0,   -1,    0,    0,    0,   -1,    0,    0,   -1,    0,    0,   -1,    0,    0,    0,    0,    0,    0,    0,    0,    0,    0,    0,    0,    0,    0,    0,    0,    0,    0,    0,    0,    0,    0,    0,    0,    0,    0,    0,    0,    0,    0,    0,    0,    0,    0,    0,    0,    0,    0,    0,    0,    0,    0,    0,   -1,    0,    0,    0,    0,    0,    0,    0,    0,    0,    0,    0,    0,    0,    0,    0,    0,    0,    0,    0,    0,    0,    0,    0,    0,   -1,   -1,    0,    0,    0,    0,   -1,    0,    0,    0,
       0,    0,   -2,    0,    0,   -1,   -1,    0,    0,    0,    0,    0,   -1,    0,   -1,   -1,    0,    0,   -1,   -1,   -4,   -1,   -3,   -2,   -1,   -4,   -1,   -2,   -1,    0,    0,    0,    0,    0,    0,    0,    0,    0,    0,    0,    0,    0,    0,    0,    0,    0,   -1,   -1,   -1,   -1,   -1,    0,    0,   -1,    0,    0,    0,    0,   -1,    0,    0,    0,    0,    0,   -1,    0,    0,    0,    0,    0,    0,    0,    0,    0,    0,    0,    0,    0,    0,    0,    0,    0,    0,    0,    0,    0,    0,    0,    0,    0,    0,    0,    0,    0,    0,    0,    0,    0,   -1,    0,    0,    0,    0,    0,    0,    0,    0,    0,    0,    0,    0,   -4,    0,    0,   -1,   -1,    0,    0,    0,    0,    0,    0,    0,    0,    0,    0,    0,    0,    0,    0,    0,    0,    0,    0,    0,    0,   -1,    0,   -2,   -2,    0,    0,   -2,   -1,    0,    0,
       1,    3,    5,    0,    0,    4,    3,   -1,   -2,   -1,    0,    0,    5,    0,   -1,    3,    0,    0,    3,    0,    3,    4,    5,    5,    4,    5,    3,    4,    5,    0,   -1,    0,   -1,   -1,    0,   -1,    0,    2,    2,    0,    0,    0,    0,   -1,    0,    0,    0,    0,    0,    0,    0,    0,    2,    4,    0,    0,    3,   -2,    3,    2,    2,   -2,    3,    3,    0,    0,    0,    0,    0,    2,   -1,    1,    1,    0,    1,   -2,    0,    8,    2,    4,    6,   -1,    1,   -2,   -1,   -1,    1,    0,    1,    2,   -2,    0,    0,    1,    1,   -1,    2,    4,    3,    6,    6,    7,    2,    5,    0,   -1,    0,    2,    0,    3,    0,    3,    0,    1,    0,    1,    1,    4,    0,    3,    9,    5,    2,    5,    1,    3,    0,    4,    2,   -1,    0,    2,    3,    5,    3,    0,    1,   -2,    4,    4,   -1,   -1,    4,    4,   -1,    0,
       0,    0,    0,   -1,    0,    0,    0,   -2,   -1,   -2,    0,    0,   -1,    0,   -1,   -1,    0,   -1,   -1,   -1,   -3,   -1,   -2,   -1,   -2,   -4,   -1,   -1,    0,    0,   -1,    0,   -1,   -1,    0,    0,    0,    0,    0,    0,    0,    0,    0,   -1,    0,    0,    0,    0,   -1,    0,    0,    0,    0,    0,    0,    0,    0,   -1,    0,    0,    0,   -1,   -1,    0,    0,    0,    0,    0,    0,   -1,   -1,   -1,   -1,   -1,   -1,   -1,   -1,    0,    0,    0,    0,   -1,   -1,   -1,   -1,   -1,    0,    0,   -1,   -1,   -1,   -1,   -1,   -1,   -1,    0,    0,    0,   -1,    0,    0,    0,    0,    0,    0,   -1,   -1,    0,   -1,   -1,    0,   -3,    0,    0,    0,    0,    0,   -1,   -1,   -1,    0,    0,   -1,    0,    0,    0,   -1,   -1,   -1,   -1,   -1,   -1,   -1,    0,   -1,   -1,    0,   -1,    0,    0,   -2,   -2,   -1,    0,    0,    0,
       0,    0,   -2,   -1,    0,   -1,   -2,    0,   -1,    0,    0,    0,   -1,    0,    0,    0,   -1,    0,    0,    0,   -3,   -1,   -4,   -2,    0,   -4,    0,   -3,    0,    0,    0,    0,    0,    0,    0,    0,    0,    0,    0,    0,    0,    0,    0,    0,    0,    0,   -1,   -1,    0,   -1,    0,    0,    0,    0,    0,    0,   -1,   -1,   -1,    0,    0,   -1,    0,   -1,    0,    0,    0,   -1,    0,    0,    0,    0,    0,    0,    0,    0,    0,    0,    0,    0,    0,    0,    0,    0,    0,    0,    0,    0,    0,    0,    0,    0,    0,    0,    0,    0,    0,    0,    0,    0,    0,    0,    0,    0,    0,    0,    0,    0,    0,    0,    0,   -3,    0,    0,    0,    0,    0,    0,    0,    0,    0,    0,    0,    0,    0,    0,    0,    0,    0,    0,    0,    0,    0,    0,    0,    0,   -1,   -1,   -2,   -2,    0,    0,   -2,   -2,    0,    0,
       0,    0,    0,   -1,    0,    0,   -1,    0,   -1,    0,    0,    0,   -1,    0,    0,    0,   -1,    0,    0,    0,   -1,   -1,    0,    0,    0,    0,    0,   -1,    0,    0,    0,    0,    0,    0,    0,    0,    0,    0,    0,    0,    0,    0,    0,    0,    0,    0,   -1,   -1,    0,   -1,    0,    0,    0,    0,    0,    0,    0,   -1,    0,    0,    0,   -1,    0,    0,   -1,    0,    0,   -1,    0,    0,    0,    0,    0,    0,    0,    0,    0,    0,    0,    0,    0,    0,    0,    0,    0,    0,    0,    0,    0,    0,    0,    0,    0,    0,    0,    0,    0,    0,    0,    0,    0,    0,    0,    0,    0,    0,    0,    0,    0,    0,    0,   -1,    0,    0,    0,    0,    0,    0,    0,    0,    0,    0,    0,    0,    0,    0,    0,    0,    0,    0,    0,    0,    0,    0,    0,    0,   -1,   -1,   -1,   -1,    0,    0,   -1,   -1,    0,    0,
       0,    0,    0,   -1,    0,    0,    0,    0,    0,    0,    0,    0,    0,    0,    0,    0,    0,    0,    0,    0,    0,    0,    0,    0,    0,    0,    0,    0,    0,    0,    0,    0,    0,    0,    0,    0,    0,    0,    0,    0,    0,    0,    0,    0,    0,    0,    0,    0,    0,    0,    0,    0,    0,    0,    0,    0,    0,    0,    0,    0,    0,    0,    0,    0,   -1,    0,    0,    0,    0,    0,    0,    0,    0,    0,    0,    0,    0,    0,    0,    0,    0,    0,    0,    0,    0,    0,    0,    0,    0,    0,    0,    0,    0,    0,    0,    0,    0,    0,    0,    0,    0,    0,    0,    0,    0,    0,    0,    0,    0,    0,    0,    0,    0,    0,    0,    0,    0,    0,    0,    0,    1,    0,    0,    0,    0,    0,    0,    0,    0,    0,    0,    0,    0,    0,    0,    0,    0,    0,    0,    0,    0,    0,    0,    0,    0,    0,
       0,    0,   -2,    0,    0,    0,   -2,    0,   -2,    0,    0,    0,   -1,    0,    0,    0,   -1,    0,    0,    0,   -3,   -1,   -3,   -2,    0,   -3,    0,   -2,    0,    0,   -1,    0,   -2,   -1,    0,   -1,    0,    0,    0,    0,    0,    0,   -1,   -1,   -1,   -1,   -1,   -1,   -1,   -1,   -1,    0,    0,    0,    0,    0,   -1,   -2,   -1,    0,    0,   -2,    0,   -1,    0,    0,    0,   -1,    0,   -1,   -1,   -1,   -1,   -1,   -2,   -2,   -2,    0,    0,    0,    0,   -2,   -2,   -2,   -2,   -3,   -1,    0,   -1,   -1,   -2,   -2,   -2,   -2,   -2,   -1,   -1,    0,    0,    0,    0,    0,    0,    0,    0,   -1,   -2,    0,   -1,   -1,   -1,   -3,   -1,   -1,   -1,   -1,   -1,   -1,   -1,   -2,    0,    0,   -2,    0,    0,   -1,   -1,   -1,   -1,   -1,   -1,   -1,   -2,    0,   -2,   -2,   -1,   -2,   -2,   -2,    0,    0,   -2,   -2,   -1,    0,
       0,    0,   -1,   -1,    0,    0,   -1,    0,   -1,    0,    0,    0,   -1,    0,    0,    0,   -1,    0,    0,    0,   -1,   -1,   -1,   -1,    0,   -1,    0,    0,    0,    0,    0,    0,    0,    0,    0,    0,    0,    0,    0,    0,    0,    0,    0,    0,    0,    0,   -1,   -1,    0,   -1,    0,    0,    0,    0,    0,    0,   -1,   -1,    0,    0,    0,   -2,    0,    0,   -1,    0,    0,   -1,    0,    0,    0,    0,    0,    0,    0,    0,    0,    0,    0,    0,    0,    0,    0,    0,    0,    0,    0,    0,    0,    0,    0,    0,    0,    0,    0,    0,    0,    0,    0,    0,    0,    0,    0,    0,    0,    0,    0,    0,    0,    0,    0,   -1,    0,    0,    0,    0,    0,    0,    0,    0,    0,    0,    0,    0,    0,    0,    0,    0,    0,    0,    0,    0,    0,    0,    0,    0,   -1,   -1,   -1,   -1,    0,    0,   -1,   -1,    0,    0,
       0,    0,   -2,    0,    0,   -2,   -2,    0,    0,    0,    0,    0,   -2,    0,   -1,   -1,    0,   -1,   -1,    0,   -4,   -1,   -3,   -2,   -2,   -5,   -2,   -3,   -1,    0,    0,    0,    0,    0,    0,    0,    0,    0,    0,    0,    0,    0,    0,    0,    0,    0,   -1,   -1,   -1,   -1,   -1,    0,    0,   -1,    0,    0,    0,    0,   -1,    0,    0,    0,    0,    0,   -1,    0,    0,    0,    0,    0,    0,    0,    0,    0,    0,    0,    0,    0,    0,    0,    0,    0,    0,    0,    0,    0,    0,    0,    0,    0,    0,    0,    0,    0,    0,    0,    0,    0,   -1,    0,    0,    0,    0,    0,    0,    0,    0,    0,    0,    0,    0,   -4,    0,    0,   -1,   -1,    0,    0,    0,    0,    0,    0,    0,    0,    0,    0,    0,    0,    0,    0,    0,    0,    0,    0,    0,    0,   -1,    0,   -2,   -2,    0,    0,   -2,   -1,    0,    0,
       0,    0,   -1,   -1,    0,    0,    0,    0,    0,    0,    0,    0,   -1,    0,    0,   -1,    0,    0,   -1,    0,   -3,   -1,   -3,   -2,    0,   -4,   -1,   -1,    0,    0,    0,    0,    0,    0,    0,    0,    0,    0,    0,    0,    0,    0,    0,    0,    0,    0,    0,    0,    0,    0,    0,    0,    0,    0,    0,    0,    0,    0,    0,    0,    0,    0,    0,    0,   -1,    0,    0,    0,    0,    0,    0,    0,    0,    0,    0,    0,    0,    0,    0,    0,    0,    0,    0,    0,    0,    0,    0,    0,    0,    0,    0,    0,    0,    0,    0,    0,    0,    0,   -1,    0,    0,    0,    0,    0,    0,    0,    0,    0,    0,    0,    0,   -3,    0,    0,    0,    0,    0,    0,    0,    0,    0,    0,    0,    0,    0,    0,    0,    0,    0,    0,    0,    0,    0,    0,    0,    0,    0,    0,    0,    0,    0,    0,   -2,    0,    0,    0,
      -1,    0,    0,   -1,    0,   -1,    0,   -2,   -2,   -2,   -1,    0,   -1,    0,   -2,   -1,    0,   -2,   -1,   -1,   -4,   -1,   -3,   -2,   -2,   -4,   -1,   -1,   -1,    0,   -1,    0,   -1,   -1,    0,   -1,   -1,    0,    0,   -1,   -1,    0,    0,   -1,    0,    0,    0,    0,    0,    0,    0,    0,    0,   -1,    0,    0,    0,   -2,    0,    0,    0,   -2,    0,    0,    0,    0,    0,    0,    0,   -1,   -1,   -1,   -1,   -1,   -1,   -1,   -1,    0,    0,    0,    0,   -1,   -1,   -1,   -1,   -1,    0,   -1,   -1,   -1,   -1,   -1,   -1,   -1,   -1,   -1,   -1,   -1,   -1,    0,    0,    0,    0,    0,    0,   -2,   -1,    0,   -1,   -1,    0,   -4,    0,    0,    0,    0,   -1,   -1,   -1,   -1,    0,    0,   -1,    0,    0,    0,   -1,   -1,   -1,   -1,   -1,   -1,   -1,    0,   -1,   -1,    0,   -2,    0,    0,   -2,   -2,   -1,    0,   -1,    0,
       0,    0,   -1,    0,    0,   -1,   -1,   -1,    0,   -1,    0,    0,   -1,    0,   -1,   -1,    0,    0,   -1,    0,   -3,   -1,   -3,   -2,   -1,   -4,   -1,   -2,   -1,    0,    0,    0,    0,    0,    0,    0,    0,    0,    0,    0,    0,    0,    0,   -1,    0,    0,   -1,   -1,   -1,   -1,    0,    0,    0,   -1,    0,    0,    0,    0,    0,    0,    0,    0,    0,    0,   -1,    0,    0,    0,    0,    0,    0,    0,    0,    0,    0,    0,    0,    0,    0,    0,    0,    0,    0,    0,    0,    0,    0,    0,    0,    0,    0,    0,    0,    0,    0,    0,    0,    0,   -1,    0,    0,    0,    0,    0,    0,    0,    0,    0,   -1,   -1,    0,   -3,    0,    0,    0,    0,    0,    0,    0,    0,    0,    0,    0,    0,    0,    0,    0,    0,    0,    0,    0,    0,    0,    0,    0,    0,   -1,    0,   -1,   -1,   -1,   -1,   -2,   -1,    0,    0,
       0,    0,   -1,    0,    0,   -1,   -1,    0,   -1,    0,    0,    0,   -1,    0,   -1,   -1,   -1,    0,   -1,   -1,   -4,   -1,   -3,   -2,   -1,   -4,   -1,   -1,    0,    0,    0,    0,   -1,   -1,    0,    0,    0,    0,    0,    0,    0,    0,    0,    0,    0,    0,    0,    0,    0,    0,    0,    0,    0,    0,    0,    0,    0,   -1,    0,    0,    0,   -2,    0,    0,    0,    0,    0,   -1,    0,    0,    0,    0,    0,    0,   -1,   -1,   -1,    0,    0,    0,    0,   -1,   -1,   -1,   -1,   -1,    0,    0,    0,    0,   -1,   -1,   -1,   -1,   -1,    0,    0,    0,   -1,    0,    0,    0,    0,    0,    0,   -1,   -1,    0,    0,    0,    0,   -4,    0,    0,    0,    0,    0,    0,    0,   -1,    0,    0,   -1,    0,    0,    0,    0,    0,    0,    0,    0,    0,   -1,    0,   -1,   -1,    0,   -1,    0,    0,    0,    0,   -1,    0,   -1,    0,
       0,    0,   -2,   -1,    0,   -1,   -1,    0,   -1,    0,    0,    0,   -1,    0,    0,    0,   -1,    0,    0,    0,   -3,   -1,   -3,   -2,    0,   -4,    0,   -2,    0,    0,    0,    0,    0,    0,    0,    0,    0,    0,    0,    0,    0,    0,    0,    0,    0,    0,    0,    0,    0,   -1,    0,    0,    0,    0,    0,    0,   -1,   -1,   -1,    0,    0,   -1,    0,   -1,   -1,    0,    0,   -1,    0,    0,    0,    0,    0,    0,    0,    0,    0,    0,    0,    0,    0,    0,    0,    0,    0,    0,    0,    0,    0,    0,    0,    0,    0,    0,    0,    0,    0,    0,    0,    0,    0,    0,    0,    0,    0,    0,    0,    0,    0,    0,    0,   -3,    0,    0,    0,    0,    0,    0,    0,    0,    0,    0,    0,    0,    0,    0,    0,    0,    0,    0,    0,    0,    0,    0,    0,    0,   -1,   -1,   -2,   -2,    0,    0,   -2,   -1,    0,    0,
      -1,    0,    0,   -1,    0,   -2,    0,   -2,   -2,   -2,   -1,    0,   -1,    0,   -2,   -2,    0,   -2,   -2,   -1,   -4,   -1,   -3,   -2,   -3,   -4,   -1,    0,   -2,    0,   -1,    0,   -2,   -2,    0,   -1,   -1,    0,    0,   -1,   -1,   -1,    0,   -1,    0,    0,    0,    0,    0,    0,   -1,    0,    0,   -1,    0,    0,    0,   -2,    0,    0,    0,   -2,    0,    0,    0,    0,    0,    0,    0,   -1,   -1,   -1,   -1,   -1,   -2,   -2,   -2,    0,    0,    0,    0,   -2,   -2,   -2,   -2,   -2,    0,   -1,   -1,   -1,   -2,   -2,   -2,   -2,   -2,   -1,   -1,   -1,   -2,    0,    0,    0,    0,    0,    0,   -2,   -2,   -1,   -1,   -1,    0,   -4,    0,    0,   -1,   -1,   -1,   -1,   -1,   -2,    0,    0,   -2,   -1,   -1,    0,   -1,   -1,   -1,   -1,   -1,   -1,   -2,    0,   -2,   -2,    0,   -2,    0,    0,   -2,   -2,   -1,    0,   -1,    0,
      -1,    0,    0,   -1,    0,   -2,    0,   -2,   -1,   -2,    0,    0,   -1,    0,   -2,   -1,    0,   -2,   -2,   -1,   -3,   -1,   -2,   -2,   -3,   -4,   -1,    0,   -1,    0,   -1,    0,   -1,   -1,    0,   -1,   -1,    0,    0,   -1,   -1,    0,    0,   -1,    0,    0,    0,    0,    0,    0,   -1,    0,    0,   -1,    0,    0,    0,   -2,    0,    0,    0,   -1,    0,    0,    0,    0,    0,    0,    0,   -1,   -1,   -1,   -1,   -1,   -1,   -1,   -1,    0,    0,    0,    0,   -1,   -1,   -1,   -1,   -1,    0,   -1,   -1,   -1,   -1,   -1,   -1,   -1,   -1,   -1,   -1,   -1,   -1,    0,    0,    0,    0,    0,    0,   -1,   -1,    0,   -1,   -1,    0,   -3,    0,    0,   -1,   -1,   -1,   -1,   -1,   -1,    0,    0,   -1,    0,    0,    0,   -1,   -1,   -1,   -1,   -1,   -1,   -1,    0,   -1,   -1,    0,   -1,    0,    0,   -2,   -2,   -1,    0,   -1,    0,
       0,    0,   -1,    0,    0,    0,    0,    0,   -2,    0,    0,    0,   -1,    0,    0,    0,   -1,    0,    0,    0,   -3,   -1,   -2,   -2,    0,   -3,    0,   -1,    0,    0,   -1,    0,   -1,   -1,    0,   -1,    0,    0,    0,    0,    0,    0,    0,   -1,   -1,    0,    0,    0,    0,    0,    0,    0,    0,    0,    0,    0,    0,   -2,    0,    0,    0,   -2,    0,    0,    0,    0,    0,   -1,    0,   -1,   -1,   -1,   -1,   -1,   -1,   -1,   -1,    0,    0,    0,    0,   -1,   -1,   -1,   -1,   -1,    0,    0,   -1,   -1,   -1,   -1,   -1,   -1,   -1,   -1,   -1,    0,    0,    0,    0,    0,    0,    0,    0,   -1,   -1,    0,   -1,   -1,   -1,   -3,   -1,    0,    0,    0,   -1,   -1,   -1,   -1,    0,    0,   -1,    0,    0,    0,   -1,   -1,   -1,   -1,   -1,   -1,   -1,    0,   -1,   -1,    0,   -2,    0,    0,    0,    0,   -1,    0,   -1,    0,
      -1,    0,    0,   -1,    0,   -2,    0,   -2,   -2,   -2,   -1,    0,   -1,    0,   -2,   -1,    0,   -2,   -2,   -1,   -3,   -1,   -2,   -2,   -3,   -4,   -1,    0,   -1,    0,   -1,    0,   -1,   -1,    0,   -1,   -1,    0,    0,   -1,   -1,    0,    0,   -1,    0,    0,    0,    0,    0,    0,   -1,    0,    0,   -1,    0,    0,    0,   -2,    0,    0,    0,   -2,    0,    0,    0,    0,    0,    0,    0,   -1,   -1,   -1,   -1,   -1,   -1,   -1,   -1,    0,    0,    0,    0,   -1,   -1,   -1,   -1,   -1,    0,   -1,   -1,   -1,   -1,   -1,   -1,   -1,   -1,   -1,   -1,   -1,   -1,    0,    0,    0,    0,    0,    0,   -1,   -1,    0,   -1,   -1,    0,   -3,    0,    0,   -1,   -1,   -1,   -1,   -1,   -1,    0,    0,   -1,    0,    0,    0,   -1,   -1,   -1,   -1,   -1,   -1,   -1,    0,   -1,   -1,    0,   -2,    0,    0,   -2,   -2,   -1,    0,   -1,    0,
       0,    0,   -1,    0,    0,   -1,   -1,    0,   -1,    0,    0,    0,   -1,    0,    0,   -1,    0,    0,   -1,    0,   -3,   -1,   -3,   -2,    0,   -3,   -1,   -1,    0,    0,    0,    0,    0,    0,    0,    0,    0,    0,    0,    0,    0,    0,    0,    0,    0,    0,    0,    0,   -1,    0,    0,    0,    0,    0,    0,    0,    0,   -1,    0,    0,    0,   -1,    0,    0,    0,    0,    0,    0,    0,    0,    0,    0,    0,    0,    0,    0,    0,    0,    0,    0,    0,    0,    0,    0,    0,    0,    0,    0,    0,    0,    0,    0,    0,    0,    0,    0,    0,    0,   -1,    0,    0,    0,    0,    0,    0,    0,    0,    0,    0,    0,    0,   -3,    0,    0,    0,    0,    0,    0,    0,    0,    0,    0,    0,    0,    0,    0,    0,    0,    0,    0,    0,    0,    0,    0,    0,    0,    0,   -1,    0,    0,    0,    0,   -1,    0,    0,    0,
       0,    0,    0,   -1,   -1,    0,   -1,    0,   -2,   -1,    0,   -1,    0,    0,   -1,    0,   -1,   -1,    0,    0,    0,    0,    0,    0,    0,    0,    0,    0,    0,    0,   -1,    0,   -1,   -1,    0,    0,    0,    0,    0,    0,    0,    0,    0,   -1,   -1,   -1,   -1,   -1,    0,   -1,    0,    0,    0,    0,    0,   -1,    0,   -1,    0,    0,    0,    0,    0,    0,   -1,    0,   -1,   -1,    0,   -1,   -1,   -1,   -1,   -1,   -1,   -1,   -1,    1,    0,    0,    0,    0,   -1,   -1,   -1,   -1,   -1,    0,   -1,   -1,   -1,   -1,   -1,   -1,   -1,    0,    0,    0,    0,    0,    0,    0,    0,    0,    0,    0,   -1,    0,   -1,   -1,   -1,    0,   -1,   -1,    0,    0,    0,    0,   -1,   -1,    3,    0,   -1,    1,    0,   -1,   -1,    2,   -1,   -1,   -1,   -1,    1,    0,    0,   -1,   -1,   -2,   -1,    0,   -1,   -1,    0,    0,    0,    0,
       0,    0,   -1,    0,    0,   -1,   -1,   -1,    0,   -1,    0,    0,    0,    0,    0,    0,    0,    0,    0,    0,    0,    0,    0,    0,    0,    0,    0,    0,    0,    0,    0,    0,    0,    0,    0,    0,    0,    0,    0,    0,    0,    0,    0,    0,    0,    0,    0,    0,    0,    0,    0,    0,    0,    0,    0,    0,    0,    0,    0,    0,    0,    0,    0,    0,    0,    0,    0,    0,    0,    0,    0,    0,    0,    0,    0,    0,    0,    0,    0,    0,    0,    0,    0,    0,    0,    0,    0,    0,    0,    0,    0,    0,    0,    0,    0,    0,    0,    0,    0,    0,    0,    0,    0,    0,    0,    0,    0,    0,    0,    0,    0,    0,    0,    0,    0,    0,    0,    0,    0,    0,    0,    0,    0,    0,    0,    0,    0,    0,    0,    0,    0,    0,    0,    0,    0,    0,    0,    0,   -1,   -1,   -1,   -1,    0,    0,    0,   -1,
       0,    0,   -1,    0,    0,    0,   -1,   -1,    0,   -1,    0,    0,    0,    0,    0,    0,    0,    0,    0,    0,   -2,   -1,   -2,   -2,    0,   -3,    0,    0,    0,    0,    0,    0,    0,    0,    0,    0,    0,    0,    0,    0,    0,    0,    0,    0,    0,    0,    0,    0,    0,    0,    0,    0,    0,    0,    0,    0,    0,   -1,    0,    0,    0,    0,    0,    0,   -1,    0,    0,    0,    0,    0,    0,    0,    0,    0,    0,    0,    0,    0,    0,    0,    0,    0,    0,    0,    0,    0,    0,    0,    0,    0,    0,    0,    0,    0,    0,    0,    0,    0,    0,    0,    0,    0,    0,    0,    0,    0,    0,    0,    0,    0,    0,   -2,    0,    0,    0,    0,    0,    0,    0,    0,    0,    0,    0,    0,    0,    0,    0,    0,    0,    0,    0,    0,    0,    0,    0,    0,    0,    0,   -1,   -1,   -1,   -1,    0,    0,    0,   -1,
       0,    0,    0,    0,    0,   -1,    0,   -2,    0,   -2,    0,    0,    0,    0,   -1,    0,    0,   -1,    0,    0,    0,    0,   -1,   -1,   -1,   -2,    0,    0,   -1,    0,    0,    0,    0,    0,    0,    0,    0,    0,    0,    0,    0,    0,    0,    0,    0,    0,    0,    0,    0,    0,    0,    0,    0,   -1,    0,    0,    0,    0,    0,    0,    0,    0,    0,    0,    0,    0,   -2,    0,    0,    0,    0,    0,    0,    0,    0,    0,    0,    0,    0,    0,    0,    0,    0,    0,    0,    0,    0,    0,    0,    0,    0,    0,    0,    0,    0,    0,    0,    0,    0,    0,    0,    0,    0,    0,    0,    0,    0,    0,    0,    0,    0,    0,    0,    0,    0,    0,    0,    0,    0,    0,    0,    0,    0,    0,    0,    0,    0,    0,    0,    0,    0,    0,    0,    0,    0,    0,    0,    0,    0,    0,   -2,   -2,    0,    0,    0,    0,
       0,    0,    0,    0,    0,   -1,    0,    0,    0,    0,    0,    0,    0,    0,    0,    0,    0,    0,    0,    0,    0,    0,    0,    0,    0,    0,    0,    0,   -1,    0,    0,    0,    0,    0,    0,    0,    0,    0,    0,    0,    0,    0,    0,    0,    0,    0,    0,    0,    0,    0,    0,    0,    0,   -1,    0,    0,    0,    0,    0,    0,    0,    0,    0,    0,    0,    0,    0,    0,    0,    0,    0,    0,    0,    0,    0,    0,    0,    0,    0,    0,    0,    0,    0,    0,    0,    0,    0,    0,    0,    0,    0,    0,    0,    0,    0,    0,    0,    0,    0,    0,    0,    0,    0,    0,    0,    0,    0,    0,    0,    0,    0,    0,    0,    0,    0,    0,    0,    0,    0,    0,    0,    0,    0,    0,    0,    0,    0,    0,    0,    0,    0,    0,    0,    0,    0,    0,    0,    0,    0,    0,    0,    0,    0,    0,    0,    0,
       0,    0,   -1,   -1,    0,   -1,   -1,    0,   -2,    0,    0,    0,   -1,    0,    0,   -1,    0,    0,    0,    0,   -3,   -2,   -3,   -2,    0,   -4,    0,    0,   -1,    0,   -1,   -1,   -1,   -1,    0,   -1,   -1,    0,   -1,   -1,   -1,    0,   -1,    0,   -1,    0,    0,    0,    0,    0,    0,    0,    0,   -1,    0,    0,    0,   -2,    0,   -1,    0,    0,   -1,    0,    0,   -1,    0,    0,    0,   -1,   -1,   -1,   -1,   -1,   -1,   -1,   -1,    0,    0,    0,    0,   -1,   -1,   -1,   -1,   -1,    0,   -1,   -1,   -1,   -1,   -1,   -1,   -1,   -1,   -1,   -1,   -1,   -1,    0,    0,    0,    0,   -1,   -1,   -1,   -1,    0,    0,    0,   -1,   -5,   -1,    0,    0,    0,   -1,   -1,   -1,   -1,    0,    0,   -1,    0,    0,    0,   -1,   -1,   -1,   -1,   -1,   -1,   -1,    0,   -1,   -1,    0,   -2,   -1,   -1,    0,    0,    0,    0,    0,    0,
      -1,    0,    0,    0,    0,   -1,    0,   -4,    0,   -4,    0,    0,    0,    0,   -2,    0,    0,   -2,   -1,    0,    0,    0,    0,    0,   -1,   -1,    0,    0,   -1,    0,    0,    0,   -1,   -1,    0,    0,    0,    0,    0,    0,    0,    0,    0,    0,    0,    0,    0,    0,    0,    0,    0,    0,    0,    0,    0,    0,    0,   -2,    0,    0,    0,    0,    0,    0,    0,    0,   -3,    0,    0,    0,    0,    0,    0,    0,   -1,   -1,   -1,    0,    0,    0,    0,   -1,   -1,   -1,   -1,   -1,    0,    0,    0,    0,   -1,   -1,   -1,   -1,   -1,    0,    0,    0,    0,    0,    0,    0,    0,    1,    0,    0,   -1,    0,    0,    0,    0,    0,    0,    0,    0,    0,    0,    0,    0,   -1,    0,    0,   -1,    0,    0,    0,    0,    0,    0,    0,    0,    0,   -1,    0,   -1,   -1,    0,    0,    0,    0,   -4,   -4,    0,    0,    0,    0,
       0,    0,    0,    0,    0,    0,    0,   -1,    0,   -1,    0,   -1,    0,    0,   -2,   -1,    0,   -2,   -1,    0,   -3,   -1,   -3,   -2,   -2,   -4,   -2,    0,    0,    0,   -1,    0,    0,    0,   -1,    0,   -1,   -1,   -1,   -1,   -2,   -1,   -1,    0,   -1,   -1,   -2,   -1,   -2,   -2,   -1,    0,    0,    0,    0,    0,    0,    0,    0,    0,    0,    0,    0,    0,    0,    0,   -2,    0,   -1,   -1,   -1,   -1,   -1,   -1,    0,    0,    0,   -1,   -1,   -1,   -1,    0,    0,    0,    0,    0,   -1,   -1,   -1,   -1,    0,    0,    0,    0,    0,    0,    0,   -1,   -1,   -1,   -1,   -1,   -1,   -1,    0,    0,    0,   -1,    0,    0,   -1,   -3,   -1,   -1,   -1,   -1,    0,   -1,   -1,    0,   -1,   -1,    0,   -1,   -1,   -1,   -1,   -1,   -1,   -1,   -1,   -1,    0,   -1,    0,    0,   -2,    0,    0,    0,   -1,   -1,    0,    0,    0,    0,
       0,    0,    0,    0,    0,   -1,    0,    0,    0,    0,    0,    0,    0,    0,    0,    0,    0,    0,    0,    0,    0,    0,    0,    0,    0,    0,    0,    0,    0,    0,    0,    0,    0,    0,    0,    0,    0,    0,    0,    0,    0,    0,    0,    0,    0,    0,    0,    0,    0,    0,    0,    0,    0,    0,    0,    0,    0,    0,    0,    0,    0,    0,    0,    0,    0,    0,    0,    0,    0,    0,    0,    0,    0,    0,    0,    0,    0,    0,    0,    0,    0,    0,    0,    0,    0,    0,    0,    0,    0,    0,    0,    0,    0,    0,    0,    0,    0,    0,    0,    0,    0,    0,    0,    0,    0,    0,    0,    0,    0,    0,    0,    0,    0,    0,    0,    0,    0,    0,    0,    0,    0,    0,    0,    0,    0,    0,    0,    0,    0,    0,    0,    0,    0,    0,    0,    0,    0,    0,    0,    0,    0,    0,    0,    0,    0,    0,
       0,   -1,   -3,   -1,    0,   -2,   -3,   -2,    0,   -2,    0,   -1,   -2,    0,   -2,   -2,    0,   -2,   -2,    0,   -4,   -2,   -3,   -3,   -2,   -4,   -2,    0,   -2,    0,   -1,   -1,    0,    0,   -2,    0,   -1,   -2,   -1,   -1,   -1,   -1,   -1,   -1,   -1,   -1,   -2,   -2,   -2,   -2,   -1,    0,    0,   -1,   -1,    0,    0,    0,   -2,    0,    0,    0,    0,    0,   -2,   -3,   -2,    0,   -2,   -1,   -1,   -1,   -1,   -1,    0,    0,    0,   -2,   -2,   -2,   -2,    0,    0,    0,    0,    0,   -1,   -1,   -1,   -1,    0,    0,    0,    0,    0,    0,    0,   -1,   -2,   -2,   -2,   -2,   -2,   -1,    0,    0,    0,   -1,   -1,   -1,   -1,   -7,   -1,   -1,   -1,   -1,    0,   -1,   -1,    0,   -2,   -2,    0,   -1,   -1,   -1,   -1,   -1,   -1,   -1,   -1,   -1,    0,   -2,    0,    0,   -2,    0,   -3,   -3,   -2,   -2,    0,    0,    0,   -3,
       0,    0,   -1,    0,    0,    0,   -1,    0,    0,   -1,    0,    0,    0,    0,   -1,   -1,   -1,   -1,   -1,   -1,   -3,   -2,   -3,   -2,   -1,   -4,   -1,    0,    0,    0,   -1,   -1,   -1,   -1,    0,    0,   -1,    0,    0,   -1,   -1,    0,    0,    0,   -1,    0,   -1,    0,    0,   -1,   -1,    0,    0,    0,    0,    0,    0,   -2,    0,    0,    0,    0,    0,    0,   -1,    0,   -1,   -1,    0,   -1,   -1,   -1,   -1,   -1,   -1,   -1,   -1,    0,    0,    0,    0,   -1,   -1,   -1,   -1,   -1,    0,   -1,   -1,   -1,   -1,   -1,   -1,   -1,   -1,    0,    0,   -1,   -1,    0,    0,    0,    0,    0,   -1,   -1,   -1,    0,    0,    0,   -1,   -3,   -1,    0,   -1,   -1,    0,   -1,   -1,   -1,    0,    0,   -1,    0,    0,    0,   -1,   -1,   -1,   -1,   -1,   -1,   -1,    0,   -1,   -1,   -1,    0,   -1,   -1,   -1,   -1,    0,    0,    0,    0,
       0,    0,    0,   -1,    0,   -1,    0,   -2,    0,   -2,    0,    0,   -1,    0,   -2,   -1,    0,   -2,   -1,    0,   -1,   -1,   -1,   -2,   -2,   -3,   -1,    0,   -1,    0,   -1,    0,    0,    0,    0,    0,   -1,    0,    0,   -1,   -1,    0,    0,    0,    0,    0,    0,    0,    0,    0,    0,    0,    0,   -1,    0,    0,    0,    0,    0,    0,    0,    0,    0,    0,   -1,    0,   -2,    0,    0,   -1,   -1,   -1,   -1,   -1,    0,    0,    0,    0,    0,    0,    0,    0,    0,    0,    0,    0,    0,   -1,   -1,   -1,    0,    0,    0,    0,    0,    0,    0,   -1,   -1,    0,    0,    0,    0,    0,    0,   -1,    0,    0,    0,    0,    0,   -1,    0,    0,    0,    0,    0,   -1,   -1,    0,    0,    0,    0,    0,    0,    0,   -1,   -1,   -1,   -1,   -1,   -1,    0,    0,    0,    0,    0,    0,    0,    0,   -2,   -2,   -1,    0,    0,    0,
       0,    0,    0,   -1,    0,   -2,    0,   -3,   -1,   -3,   -1,    0,   -2,    0,   -2,   -1,    0,   -3,   -1,    0,   -1,   -1,   -2,   -1,   -4,   -4,   -1,    0,   -2,    0,   -1,    0,   -1,   -1,    0,    0,   -1,    0,    0,   -1,   -1,    0,    0,    0,    0,    0,    0,    0,    0,    0,    0,    0,    0,   -1,    0,    0,    0,   -1,    0,    0,    0,   -1,    0,    0,   -1,    0,   -4,    0,    0,   -1,   -1,   -1,   -1,   -1,   -1,   -1,   -1,    0,    0,    0,    0,    0,   -1,   -1,   -1,   -1,    0,   -1,   -1,   -1,   -1,   -1,   -1,   -1,   -1,    0,    0,   -1,   -1,    0,    0,    0,    0,    0,    0,    0,   -1,    0,    0,    0,    0,   -1,    0,    0,    0,    0,    0,   -1,   -1,   -1,    0,    0,   -1,    0,    0,    0,   -1,   -1,   -1,   -1,   -1,   -1,   -1,    0,   -1,   -1,    0,   -1,    0,    0,   -3,   -3,   -1,    0,    0,    0,
       0,    0,   -1,   -1,    0,   -1,   -2,    0,    0,    0,    0,    0,   -1,    0,   -1,   -1,   -1,    0,   -1,    0,   -1,   -1,   -1,   -1,   -1,   -1,   -1,   -1,    0,    0,    0,    0,    0,    0,   -1,    0,    0,   -1,   -1,    0,    0,   -1,   -1,    0,   -1,   -1,   -2,   -2,   -1,   -2,   -1,    0,    0,    0,    0,    0,   -1,    0,   -1,    0,    0,    0,    0,    0,   -1,    0,    0,   -1,   -1,    0,    0,    0,    0,    0,    0,    0,    0,   -1,   -1,   -1,   -1,    0,    0,    0,    0,    0,   -1,    0,    0,    0,    0,    0,    0,    0,    0,    0,    0,    0,   -1,   -1,   -1,   -1,   -1,   -1,    0,    0,    0,   -1,    0,    0,   -1,   -1,   -1,   -1,   -1,   -1,    0,    0,    0,    0,   -1,   -1,    0,   -1,   -1,   -1,    0,    0,    0,    0,    0,    0,    0,   -1,    0,    0,   -2,    0,   -1,   -1,    0,    0,   -1,   -1,    0,    0,
       0,    0,   -4,    0,    0,   -1,   -2,    0,   -1,    0,    0,    0,   -1,    0,    0,    0,   -1,    0,    0,    0,   -3,   -1,   -4,   -2,    0,   -4,    0,   -3,    0,    0,    0,    0,    0,    0,    0,    0,    0,    0,    0,    0,    0,    0,    0,    0,    0,    0,   -1,   -1,   -1,   -1,    0,    0,    0,    0,    0,    0,   -1,   -1,   -1,    0,    0,   -1,    0,   -1,    0,    0,    0,   -1,    0,    0,    0,    0,    0,    0,    0,    0,    0,    0,    0,    0,    0,    0,    0,    0,    0,    0,    0,    0,    0,    0,    0,    0,    0,    0,    0,    0,    0,    0,    0,    0,    0,    0,    0,    0,    0,    0,    0,    0,    0,    0,    0,   -3,    0,    0,    0,    0,    0,    0,    0,    0,    0,    0,    0,    0,    0,    0,    0,    0,    0,    0,    0,    0,    0,    0,    0,    0,   -1,   -1,   -3,   -2,    0,    0,   -3,   -2,    0,    0,
       0,    0,   -2,    0,    0,   -1,   -2,    0,   -1,    0,    0,    0,   -1,    0,    0,    0,   -1,    0,    0,    0,   -3,   -1,   -4,   -2,    0,   -4,    0,   -3,    0,    0,    0,    0,    0,    0,    0,    0,    0,    0,    0,    0,    0,    0,    0,    0,    0,    0,   -1,   -1,   -1,   -1,    0,    0,    0,    0,    0,    0,   -1,   -1,   -1,    0,    0,   -1,    0,   -1,    0,    0,    0,   -1,    0,    0,    0,    0,    0,    0,    0,    0,    0,    0,    0,    0,    0,    0,    0,    0,    0,    0,    0,    0,    0,    0,    0,    0,    0,    0,    0,    0,    0,    0,    0,    0,    0,    0,    0,    0,    0,    0,    0,    0,    0,    0,    0,   -3,    0,    0,    0,    0,    0,    0,    0,    0,    0,    0,    0,    0,    0,    0,    0,    0,    0,    0,    0,    0,    0,    0,    0,    0,   -1,   -1,   -4,   -2,    0,    0,   -3,   -2,    0,    0,
       0,    0,   -3,    0,    0,   -1,   -1,    0,    0,    0,    0,    0,   -1,    0,   -1,   -1,    0,    0,   -1,   -1,   -4,   -1,   -3,   -2,   -1,   -4,   -1,   -2,   -1,    0,    0,    0,    0,    0,    0,    0,    0,    0,    0,    0,    0,    0,    0,    0,    0,    0,   -1,   -1,   -1,   -1,   -1,    0,    0,   -1,    0,    0,    0,    0,   -1,    0,    0,    0,    0,    0,   -1,    0,    0,    0,    0,    0,    0,    0,    0,    0,    0,    0,    0,    0,    0,    0,    0,    0,    0,    0,    0,    0,    0,    0,    0,    0,    0,    0,    0,    0,    0,    0,    0,    0,   -1,    0,    0,    0,    0,    0,    0,    0,    0,    0,    0,    0,    0,   -4,    0,    0,   -1,   -1,    0,    0,    0,    0,    0,    0,    0,    0,    0,    0,    0,    0,    0,    0,    0,    0,    0,    0,    0,    0,   -1,    0,   -2,   -2,    0,    0,   -2,   -1,    0,    0,
       0,    0,   -2,    0,    0,   -1,   -1,    0,    0,    0,    0,    0,   -1,    0,   -1,   -1,    0,    0,   -1,   -1,   -4,   -1,   -3,   -2,   -1,   -4,   -1,   -2,   -1,    0,    0,    0,    0,    0,    0,    0,    0,    0,    0,    0,    0,    0,    0,    0,    0,    0,   -1,   -1,   -1,   -1,   -1,    0,    0,   -1,    0,    0,    0,    0,   -1,    0,    0,    0,    0,    0,   -1,    0,    0,    0,    0,    0,    0,    0,    0,    0,    0,    0,    0,    0,    0,    0,    0,    0,    0,    0,    0,    0,    0,    0,    0,    0,    0,    0,    0,    0,    0,    0,    0,    0,   -1,    0,    0,    0,    0,    0,    0,    0,    0,    0,    0,    0,    0,   -4,    0,    0,   -1,   -1,    0,    0,    0,    0,    0,    0,    0,    0,    0,    0,    0,    0,    0,    0,    0,    0,    0,    0,    0,    0,   -1,    0,   -3,   -2,    0,    0,   -2,   -1,    0,    0,
       0,    0,   -3,    0,    0,   -1,   -1,    0,    0,    0,    0,    0,   -1,    0,   -1,   -1,    0,    0,   -1,   -1,   -4,   -1,   -3,   -2,   -1,   -4,   -1,   -2,   -1,    0,    0,    0,    0,    0,    0,    0,    0,    0,    0,    0,    0,    0,    0,    0,    0,    0,   -1,   -1,   -1,   -1,   -1,    0,    0,   -1,    0,    0,    0,    0,   -1,    0,    0,    0,    0,    0,   -1,    0,    0,    0,    0,    0,    0,    0,    0,    0,    0,    0,    0,    0,    0,    0,    0,    0,    0,    0,    0,    0,    0,    0,    0,    0,    0,    0,    0,    0,    0,    0,    0,    0,   -1,    0,    0,    0,    0,    0,    0,    0,    0,    0,    0,    0,    0,   -4,    0,    0,   -1,   -1,    0,    0,    0,    0,    0,    0,    0,    0,    0,    0,    0,    0,    0,    0,    0,    0,    0,    0,    0,    0,   -1,    0,   -3,   -2,    0,    0,   -2,   -1,    0,    0,
       0,    0,    1,   -1,    0,    0,   -1,    0,   -1,    0,    0,    0,    0,    0,    0,    0,   -1,    0,    0,    0,   -1,   -1,    0,    0,    0,    0,    0,   -1,    1,    0,    0,    1,    0,    0,    0,    0,    1,    0,    0,    1,    0,    0,    0,    0,    0,    0,   -1,   -1,    0,   -1,    0,    0,    0,    1,    0,    0,    0,   -1,    0,    0,    0,   -1,    0,    0,   -1,    0,    0,   -1,    0,    0,    0,    0,    0,    0,    0,    0,    0,    2,    0,    0,    0,    0,    0,    0,    0,    0,    0,    1,    0,    0,    0,    0,    0,    0,    0,    0,    0,    1,    0,    0,    0,    0,    0,    0,    0,    0,    0,    0,    0,    0,    0,   -1,    0,    0,    0,    0,    0,    0,    0,    0,    0,    0,    0,    0,    0,    0,    0,    0,    0,    0,    0,    0,    0,    0,    0,    0,   -1,   -1,   -1,    1,    0,    0,   -1,   -1,    0,    0,
       0,    0,    0,   -1,    0,    0,   -1,    0,   -1,    0,    0,    0,   -1,    0,    0,    0,   -1,    0,    0,    0,   -1,   -1,    0,    0,    0,    0,    0,   -1,    0,    0,    0,    0,    0,    0,    0,    0,    0,    0,    0,    0,    0,    0,    0,    0,    0,    0,   -1,   -1,    0,   -1,    0,    0,    0,    0,    0,    0,    0,   -1,    1,    0,    0,   -1,    0,    0,   -1,    0,    0,   -1,    0,    0,    0,    0,    0,    0,    0,    0,    0,    0,    0,    0,    0,    0,    0,    0,    0,    0,    0,    0,    0,    0,    0,    0,    0,    0,    0,    0,    0,    0,    0,    0,    0,    0,    0,    0,    0,    0,    0,    0,    0,    0,    0,   -1,    0,    0,    0,    0,    0,    0,    0,    0,    0,    0,    0,    0,    0,    0,    0,    0,    0,    0,    0,    0,    0,    0,    0,    0,   -1,   -1,    1,    0,    0,    0,   -1,   -1,    0,    0,
       0,    0,    1,   -1,    0,    0,    1,    0,   -1,    0,    0,    0,    0,    0,    0,    0,   -1,    0,    0,    0,   -1,   -1,    0,    0,    0,    0,    0,   -1,    0,    0,    0,    0,    0,    0,    0,    0,    0,    0,    0,    0,    0,    0,    0,    0,    0,    0,   -1,   -1,    0,   -1,    0,    0,    0,    0,    0,    0,    0,   -1,    0,    0,    0,   -1,    0,    0,   -1,    0,    0,   -1,    0,    0,    0,    0,    0,    0,    0,    0,    0,    0,    0,    0,    0,    0,    0,    0,    0,    0,    0,    0,    0,    0,    0,    0,    0,    0,    0,    0,    0,    0,    0,    0,    0,    0,    0,    0,    0,    0,    0,    0,    0,    0,    0,   -1,    0,    0,    0,    0,    0,    0,    0,    0,    0,    0,    0,    0,    0,    0,    0,    0,    0,    0,    0,    0,    0,    0,    0,    0,   -1,   -1,    0,    0,    0,    0,   -1,   -1,    0,    0,
       0,    0,   -1,   -1,    0,   -1,   -1,   -1,    0,   -1,    0,    0,   -1,    0,   -1,   -1,    0,   -1,   -1,    0,   -1,   -1,   -1,   -1,   -1,   -1,   -1,    0,   -1,    0,    0,    0,    0,    0,    0,    0,    0,    0,    0,    0,    0,    0,    0,    0,    0,    0,   -1,    0,   -1,   -1,    0,    0,    0,   -1,    0,    0,    0,    0,    0,    0,    0,    0,    0,    0,   -1,    0,    0,    0,    0,    0,    0,    0,    0,    0,    0,    0,    0,    0,    0,    0,    0,    0,    0,    0,    0,    0,    0,    0,    0,    0,    0,    0,    0,    0,    0,    0,    0,    0,   -1,    0,    0,    0,    0,    0,    0,    0,    0,    0,    0,    0,    0,   -1,    0,    0,    0,    0,    0,    0,    0,    0,    0,    0,    0,    0,    0,    0,    0,    0,    0,    0,    0,    0,    0,    0,    0,    0,   -1,    0,    0,    0,   -1,   -1,   -1,    0,    0,    0,
       0,    0,   -4,    0,    0,   -2,   -2,    0,    0,    0,    0,    0,   -2,    0,   -1,   -1,    0,   -1,   -1,    0,   -4,   -1,   -3,   -2,   -2,   -5,   -2,   -3,   -1,    0,    0,    0,    0,    0,    0,    0,    0,    0,    0,    0,    0,    0,    0,    0,    0,    0,   -1,   -1,   -1,   -1,   -1,    0,    0,   -1,    0,    0,    0,    0,   -1,    0,    0,    0,    0,    0,   -1,    0,    0,    0,    0,    0,    0,    0,    0,    0,    0,    0,    0,    0,    0,    0,    0,    0,    0,    0,    0,    0,    0,    0,    0,    0,    0,    0,    0,    0,    0,    0,    0,    0,   -1,    0,    0,    0,    0,    0,    0,    0,    0,    0,    0,    0,    0,   -4,    0,    0,   -1,   -1,    0,    0,    0,    0,    0,    0,    0,    0,    0,    0,    0,    0,    0,    0,    0,    0,    0,    0,    0,    0,   -1,    0,   -2,   -2,    0,    0,   -2,   -1,    0,    0,
       0,    0,   -4,    0,    0,   -2,   -2,    0,    0,    0,    0,    0,   -2,    0,   -1,   -1,    0,   -1,   -1,    0,   -4,   -1,   -3,   -2,   -2,   -5,   -2,   -3,   -1,    0,    0,    0,    0,    0,    0,    0,    0,    0,    0,    0,    0,    0,    0,    0,    0,    0,   -1,   -2,   -1,   -2,   -1,    0,    0,   -1,    0,    0,    0,    0,   -1,    0,    0,    0,    0,    0,   -1,    0,    0,    0,    0,    0,    0,    0,    0,    0,    0,    0,    0,    0,    0,    0,    0,    0,    0,    0,    0,    0,    0,    0,    0,    0,    0,    0,    0,    0,    0,    0,    0,    0,   -1,    0,    0,    0,    0,    0,    0,    0,    0,    0,    0,    0,    0,   -4,    0,    0,   -1,   -1,    0,    0,    0,    0,    0,    0,    0,    0,    0,    0,    0,    0,    0,    0,    0,    0,    0,    0,    0,    0,   -2,    0,   -4,   -3,    0,    0,   -2,   -1,    0,    0,
      -2,    0,   -3,   -1,    0,    0,   -3,    0,   -2,    0,    0,    0,   -1,   -1,    0,    0,   -2,    1,    0,   -1,   -4,   -2,   -3,   -2,    0,   -4,    0,   -2,    0,    0,    0,    0,   -1,   -1,    0,    0,    0,    0,    0,    0,    0,    0,    0,    0,   -1,   -1,   -2,   -2,    0,   -4,    0,    0,    0,    0,    0,   -1,   -2,   -2,   -2,    0,    0,   -2,    0,   -2,    0,    0,    0,   -3,    0,    0,    0,    0,    0,    0,   -1,   -1,   -1,    0,    0,    0,    0,   -1,   -1,   -1,   -1,   -1,   -1,    0,    0,    0,   -1,   -1,   -1,   -1,   -1,    0,    0,    0,    0,    0,    0,    0,    0,    0,   -1,    0,   -1,    0,    0,    0,   -1,   -4,   -1,   -1,    0,    0,    0,    0,    0,   -1,    0,    0,   -1,    0,    0,   -1,    0,    0,    0,    0,    0,    0,   -1,    0,   -1,   -1,   -4,   -2,   -3,   -3,    0,    0,   -3,   -3,   -1,    0,
       0,    0,   -2,    0,    0,   -1,   -2,    0,   -1,    0,    0,    0,   -1,    0,    0,    0,   -1,    0,    0,    0,   -3,   -1,   -4,   -2,    0,   -4,    0,   -3,    0,    0,    0,    0,    0,    0,    0,    0,    0,    0,    0,    0,    0,    0,    0,    0,    0,    0,   -1,   -1,   -1,   -2,    0,    0,    0,    0,    0,    0,   -1,   -1,   -1,    0,    0,   -1,    0,   -1,    0,    0,    0,   -1,    0,    0,    0,    0,    0,    0,    0,    0,    0,    0,    0,    0,    0,    0,    0,    0,    0,    0,    0,    0,    0,    0,    0,    0,    0,    0,    0,    0,    0,    0,    0,    0,    0,    0,    0,    0,    0,    0,    0,    0,    0,    0,    0,   -3,    0,    0,    0,    0,    0,    0,    0,    0,    0,    0,    0,    0,    0,    0,    0,    0,    0,    0,    0,    0,    0,    0,    0,    0,   -2,   -1,   -3,   -2,    0,    0,   -3,   -2,    0,    0,
       0,    0,   -1,    0,    0,   -1,   -1,    0,   -1,    0,    0,    0,   -1,    0,   -1,   -1,    0,    0,   -1,    0,   -4,   -1,   -3,   -2,   -1,   -4,   -1,   -1,    0,    0,    0,    0,   -1,    0,    0,    0,    0,    0,    0,    0,    0,    0,    0,    0,    0,    0,    0,    0,   -1,   -1,    0,    0,    0,   -1,    0,    0,    0,   -1,    0,    0,    0,   -1,    0,   -1,    0,    0,    0,    0,    0,    0,    0,    0,    0,    0,   -1,   -1,   -1,    0,    0,    0,    0,   -1,   -1,   -1,   -1,   -1,    0,    0,    0,    0,   -1,   -1,   -1,   -1,   -1,    0,    0,    0,   -1,    0,    0,    0,    0,    0,    0,    0,   -1,    0,    0,    0,    0,   -4,    0,    0,    0,    0,    0,    0,    0,   -1,    0,    0,   -1,    0,    0,    0,    0,    0,    0,    0,    0,    0,   -1,    0,   -1,   -1,   -1,   -1,   -1,   -1,    0,    0,   -2,    0,    0,    0,
       0,    0,   -2,    0,    0,   -1,   -1,    0,   -1,    0,    0,    0,   -1,    0,   -1,   -1,    0,    0,   -1,    0,   -4,   -1,   -3,   -2,   -1,   -4,   -1,   -1,   -1,    0,    0,    0,   -1,    0,    0,    0,    0,    0,    0,    0,    0,    0,    0,    0,    0,    0,    0,    0,   -1,   -1,    0,    0,    0,   -1,    0,    0,    0,   -1,    0,    0,    0,   -1,    0,   -1,    0,    0,    0,    0,    0,    0,    0,    0,    0,    0,   -1,   -1,   -1,    0,    0,    0,    0,   -1,   -1,   -1,   -1,   -1,    0,    0,    0,    0,   -1,   -1,   -1,   -1,   -1,    0,    0,    0,   -1,    0,    0,    0,    0,    0,    0,    0,   -1,    0,    0,    0,    0,   -4,    0,    0,    0,    0,    0,    0,    0,   -1,    0,    0,   -1,    0,    0,    0,    0,    0,    0,    0,    0,    0,   -1,    0,   -1,   -1,   -1,   -1,   -1,   -1,    0,    0,   -2,    0,    0,    0,
       0,    2,    3,    0,    0,    3,    2,    0,   -1,    0,    0,    0,    2,    0,    0,    0,    0,    0,    0,    0,    0,    0,    0,    0,    0,    0,    0,    0,    4,    0,    0,    3,    0,    0,    0,    0,    3,    1,    1,    3,    3,    0,    0,    0,    0,    0,   -1,   -1,    0,   -1,    0,    0,    0,    4,    0,    0,    0,   -1,    0,    0,    0,    0,    0,    0,   -1,    0,    0,    0,    0,    0,    0,    0,    0,    0,    0,    0,    0,    1,    1,    1,    1,    0,    0,    0,    0,    0,    0,    3,    0,    0,    0,    0,    0,    0,    0,    0,    0,    3,    0,    1,    1,    1,    1,    1,    0,    0,    0,    0,    0,    0,    0,    0,    0,    0,    0,    0,    0,    0,    0,    0,    1,    1,    0,    0,    0,    0,    0,    0,    0,    0,    0,    0,    0,    1,    0,    0,   -1,   -1,    1,    2,    0,    0,    0,    0,    0,    0,
       0,    0,    0,   -1,    0,    0,   -1,    0,   -1,    0,    0,    0,    0,    0,    0,    0,   -1,    0,    0,    0,   -1,   -1,   -1,    0,    0,   -1,    0,    0,    0,    0,    0,    0,    0,    0,    0,    0,    0,    0,    0,    0,    0,    0,    0,    0,    0,    0,   -1,   -1,    0,   -1,    0,    0,    0,    0,    0,    0,    0,   -1,    0,    0,    0,   -1,    0,    0,   -1,    0,    0,   -1,    0,    0,    0,    0,    0,    0,    0,    0,    0,    0,    0,    0,    0,    0,    0,    0,    0,    0,    0,    0,    0,    0,    0,    0,    0,    0,    0,    0,    0,    0,    0,    1,    0,    0,    0,    0,    0,    0,    0,    0,    0,    0,    0,   -1,    0,    0,    0,    0,    0,    0,    0,    0,    0,    0,    0,    0,    0,    0,    0,    0,    0,    0,    0,    0,    0,    0,    0,    0,   -1,   -1,    0,    0,    0,    0,   -1,    0,    0,    0,
       0,    0,    1,   -1,    0,    0,    0,    0,   -1,    0,    0,    0,    0,    0,    0,    0,   -1,    0,    0,    0,   -1,   -1,    0,    0,    0,    0,    0,   -1,    0,    0,    0,    0,    0,    0,    0,    0,    0,    0,    0,    0,    0,    0,    0,    0,    0,    0,   -1,   -1,    0,   -1,    0,    0,    0,    0,    0,    0,    0,   -1,    0,    0,    0,   -1,    0,    0,   -1,    0,    0,   -1,    0,    0,    0,    0,    0,    0,    0,    0,    0,    0,    0,    0,    0,    0,    0,    0,    0,    0,    0,    0,    0,    0,    0,    0,    0,    0,    0,    0,    0,    0,    0,    0,    0,    0,    0,    0,    0,    0,    0,    0,    0,    0,    0,   -1,    0,    0,    0,    0,    0,    0,    0,    0,    0,    0,    0,    0,    0,    0,    0,    0,    0,    0,    0,    0,    0,    0,    0,    0,   -1,   -1,   -1,    0,    0,    0,   -1,   -1,    0,    0,
       0,    0,    0,   -1,    0,    0,    0,    0,   -1,    0,    0,    0,    0,    0,    0,    0,   -1,    0,    0,    0,   -1,   -1,    0,    0,    0,    0,    0,   -1,    0,    0,    0,    0,    0,    0,    0,    0,    0,    0,    0,    0,    0,    0,    0,    0,    0,    0,   -1,   -1,    0,   -1,    0,    0,    0,    0,    0,    0,    0,   -1,    0,    0,    0,   -1,    0,    0,   -1,    0,    0,   -1,    0,    0,    0,    0,    0,    0,    0,    0,    0,    0,    0,    0,    0,    0,    0,    0,    0,    0,    0,    0,    0,    0,    0,    0,    0,    0,    0,    0,    0,    0,    0,    0,    0,    0,    0,    0,    0,    0,    0,    0,    0,    0,    0,   -1,    0,    0,    0,    0,    0,    0,    0,    0,    0,    0,    0,    0,    0,    0,    0,    0,    0,    0,    0,    0,    0,    0,    0,    0,   -1,   -1,    0,    0,    0,    0,   -1,   -1,    0,    0,
       0,    0,    1,   -1,    0,    0,    0,    0,   -1,    0,    0,    0,    0,    0,    0,    0,   -1,    0,    0,    0,   -1,   -1,    0,    0,    0,    0,    0,   -1,    1,    0,    0,    0,    0,    0,    0,    0,    0,    0,    0,    0,    0,    0,    0,    0,    0,    0,   -1,   -1,    0,   -1,    0,    0,    0,    0,    0,    0,    0,   -1,    0,    0,    0,   -1,    0,    0,   -1,    0,    0,   -1,    0,    0,    0,    0,    0,    0,    0,    0,    0,    0,    0,    0,    0,    0,    0,    0,    0,    0,    0,    0,    0,    0,    0,    0,    0,    0,    0,    0,    0,    0,    0,    0,    0,    0,    0,    0,    0,    0,    0,    0,    0,    0,    0,   -1,    0,    0,    0,    0,    0,    0,    0,    0,    0,    0,    0,    0,    0,    0,    0,    0,    0,    0,    0,    0,    0,    0,    0,    0,   -1,   -1,   -1,    0,    0,    0,   -1,   -1,    0,    0,
       0,    0,    1,   -1,    0,    0,    0,    0,    0,    0,    0,    0,    0,    0,    0,    0,    0,    0,    0,    0,    0,    0,    0,    0,    0,    0,    0,    0,    0,    0,    0,    0,    0,    0,    0,    0,    0,    0,    0,    0,    0,    0,    0,    0,    0,    0,    0,    0,    0,    0,    0,    0,    0,    0,    0,    0,    0,    0,    1,    0,    0,    0,    0,    0,   -1,    0,    0,    0,    0,    0,    0,    0,    0,    0,    0,    0,    0,    0,    0,    0,    0,    0,    0,    0,    0,    0,    0,    0,    0,    0,    0,    0,    0,    0,    0,    0,    0,    0,    0,    0,    0,    0,    0,    0,    0,    0,    0,    0,    0,    0,    0,    0,    0,    0,    0,    0,    0,    0,    0,    0,    1,    0,    0,    0,    0,    0,    0,    0,    0,    0,    0,    0,    0,    0,    0,    0,    0,    0,    2,    1,    0,    0,    0,    0,    0,    0,
      -1,    0,   -6,    0,    0,   -1,   -3,    0,    0,    0,    0,    0,   -1,    0,    0,    0,   -1,    0,    0,   -1,   -7,   -1,   -2,   -4,   -1,   -6,   -1,   -2,    0,    0,    0,    0,    0,    0,    0,    0,    0,    0,    0,    0,    0,    0,    0,    0,    0,    0,   -2,   -1,    0,   -2,    0,    0,    0,    0,    0,    0,   -1,    0,   -3,    0,    0,    0,    0,   -1,    0,    0,    0,   -1,    0,    0,    0,    0,    0,    0,    0,    0,    0,    0,    0,    0,    0,    0,    0,    0,    0,    0,    0,    0,    0,    0,    0,    0,    0,    0,    0,    0,    0,    0,    0,    0,    0,    0,    0,    0,    0,    0,    0,    0,    0,    0,    0,   -7,    0,    0,    0,    0,    0,    0,    0,    0,    0,    0,    0,    0,    0,    0,    0,    0,    0,    0,    0,    0,    0,    0,    0,    0,   -2,    0,   -3,   -5,    0,    0,   -4,   -4,    0,    0,
       0,    1,    3,    0,    0,    3,    2,    0,   -1,    0,    0,    0,    2,    0,    0,    0,    0,    0,    0,    0,    0,    0,    0,    0,    0,    0,    0,    0,    3,    0,    0,    3,    0,    0,    0,    0,    2,    1,    1,    2,    2,    0,    0,    0,    0,    0,   -1,   -1,    0,   -1,    0,    0,    0,    3,    0,    0,    0,   -1,    0,    0,    0,    0,    0,    0,   -1,    0,    0,    0,    0,    0,    0,    0,    0,    0,    0,    0,    0,    1,    1,    1,    1,    0,    0,    0,    0,    0,    0,    2,    0,    0,    0,    0,    0,    0,    0,    0,    0,    2,    0,    1,    1,    1,    1,    1,    0,    0,    0,    0,    0,    2,    0,    0,    0,    0,    0,    0,    0,    0,    0,    0,    1,    1,    0,    0,    0,    0,    0,    0,    0,    0,    0,    0,    0,    1,    0,    0,   -1,   -1,    1,    2,    0,    0,    0,    0,    0,    0,
       0,    0,    0,   -1,    0,    0,    0,    0,   -1,    0,    0,    0,   -1,    0,    0,    0,    0,    0,    0,    0,    0,    0,    0,    0,    0,    0,    0,    0,    0,    0,    0,    0,   -1,   -1,    0,    0,    0,    0,    0,    0,    0,    0,    0,    0,    0,    0,    0,    0,    0,    0,    0,    0,    0,    0,    0,    0,    0,   -1,    0,    0,    0,    0,    0,    0,    0,    0,    0,    0,    0,    0,    0,    0,    0,    0,   -1,   -1,   -1,    0,    0,    0,    0,    0,   -1,   -1,   -1,   -1,    0,    0,    0,    0,   -1,   -1,   -1,   -1,   -1,    0,    0,    0,    0,    0,    0,    0,    0,    0,    0,    0,   -1,    0,    0,    0,    0,    0,    0,    0,    0,    0,    0,    0,    0,   -1,    0,    0,   -1,    0,    0,    0,    0,    0,    0,    0,    0,    0,   -1,    0,   -1,   -1,    0,   -1,    0,    0,    0,    0,    0,    0,    0,    0,
       0,    0,   -2,    0,    0,   -2,   -2,    0,    0,    0,    0,    0,   -2,    0,   -1,   -1,    0,   -1,   -1,    0,   -4,   -1,   -3,   -2,   -2,   -5,   -2,   -3,   -1,    0,    0,    0,    0,    0,    0,    0,    0,    0,    0,    0,    0,    0,    0,    0,    0,    0,   -1,   -1,   -1,   -1,   -1,    0,    0,   -1,    0,    0,    0,    0,   -1,    0,    0,    0,    0,    0,   -1,    0,    0,    0,    0,    0,    0,    0,    0,    0,    0,    0,    0,    0,    0,    0,    0,    0,    0,    0,    0,    0,    0,    0,    0,    0,    0,    0,    0,    0,    0,    0,    0,    0,   -1,    0,    0,    0,    0,    0,    0,    0,    0,    0,    0,    0,    0,   -4,    0,    0,   -1,   -1,    0,    0,    0,    0,    0,    0,    0,    0,    0,    0,    0,    0,    0,    0,    0,    0,    0,    0,    0,    0,   -1,    0,   -4,   -3,    0,    0,   -2,   -1,    0,    0,
      -1,    0,    0,   -1,    0,   -1,    0,   -2,   -2,   -2,   -1,    0,   -1,    0,   -2,   -1,    0,   -2,   -1,   -1,   -4,   -1,   -3,   -2,   -2,   -4,   -1,   -1,    0,    0,   -1,    0,   -1,   -1,    0,   -1,   -1,    0,    0,   -1,   -1,    0,    0,   -1,    0,    0,    0,    0,    0,    0,    0,    0,    0,   -1,    0,    0,    0,   -2,    0,    0,    0,   -2,    0,    0,    0,    0,    0,    0,    0,   -1,   -1,   -1,   -1,   -1,   -1,   -1,   -1,    0,    0,    0,    0,   -1,   -1,   -1,   -1,   -1,    0,   -1,   -1,   -1,   -1,   -1,   -1,   -1,   -1,   -1,   -1,   -1,   -1,    0,    0,    0,    0,    0,    0,   -2,   -1,    0,   -1,   -1,    0,   -4,    0,    0,    0,    0,   -1,   -1,   -1,   -1,    0,    0,   -1,    0,    0,    0,   -1,   -1,   -1,   -1,   -1,   -1,   -1,    0,   -1,   -1,    0,   -2,    0,    0,   -2,   -2,   -1,    0,   -1,    0,
       0,    0,   -1,    0,    0,   -1,   -1,   -1,    0,   -1,    0,    0,   -1,    0,   -1,   -1,    0,    0,   -1,    0,   -3,   -1,   -3,   -2,   -1,   -4,   -1,   -2,    0,    0,    0,    0,    0,    0,    0,    0,    0,    0,    0,    0,    0,    0,    0,   -1,    0,    0,   -1,   -1,   -1,   -1,    0,    0,    0,   -1,    0,    0,    0,    0,    0,    0,    0,    0,    0,    0,   -1,    0,    0,    0,    0,    0,    0,    0,    0,    0,    0,    0,    0,    0,    0,    0,    0,    0,    0,    0,    0,    0,    0,    0,    0,    0,    0,    0,    0,    0,    0,    0,    0,    0,   -1,    0,    0,    0,    0,    0,    0,    0,    0,    0,   -1,   -1,    0,   -3,    0,    0,    0,    0,    0,    0,    0,    0,    0,    0,    0,    0,    0,    0,    0,    0,    0,    0,    0,    0,    0,    0,    0,    0,   -1,    0,   -1,   -1,   -1,   -1,   -2,   -1,    0,    0,
       0,    0,    0,    0,    0,    0,    0,    0,   -1,    0,    0,    0,    0,    0,   -1,   -1,   -1,    0,   -1,   -1,   -4,   -1,   -3,   -2,   -1,   -4,   -1,   -1,    0,    0,    0,    0,   -1,   -1,    0,    0,    0,    0,    0,    0,    0,    0,    0,    0,    0,    0,    0,    0,    0,    0,    0,    0,    0,    0,    0,    0,    0,   -1,    0,    0,    0,   -2,    0,    0,    0,    0,    0,   -1,    0,    0,    0,    0,    0,    0,   -1,   -1,   -1,    0,    0,    0,    0,   -1,   -1,   -1,   -1,   -1,    0,    0,    0,    0,   -1,   -1,   -1,   -1,   -1,    0,    0,    0,   -1,    0,    0,    0,    0,    0,    0,   -1,   -1,    0,    0,    0,    0,   -4,    0,    0,    0,    0,    0,    0,    0,   -1,    0,    0,   -1,    0,    0,    0,    0,    0,    0,    0,    0,    0,   -1,    0,   -1,   -1,    0,   -1,    0,    0,    0,    0,   -1,    0,   -1,    0,
      -1,    0,    0,   -2,    0,    0,    0,   -6,   -6,   -6,   -2,   -4,    0,   -1,   -4,    0,   -1,   -3,    0,   -1,    0,    0,    0,    0,    0,    0,   -1,    0,    0,    0,   -7,    0,   -7,   -7,   -2,   -7,    0,   -1,   -1,    0,    0,   -6,   -3,   -6,   -5,   -6,   -3,   -6,   -3,   -6,   -6,    0,    0,    0,    0,    0,    0,   -7,    0,    0,    0,   -3,    0,    0,   -6,    0,   -5,   -1,   -2,   -6,   -6,   -6,   -6,   -7,   -7,   -7,   -7,   -1,   -3,   -1,   -1,   -2,   -7,   -7,   -7,   -7,   -6,    0,   -6,   -6,   -7,   -7,   -7,   -7,   -7,   -6,   -7,    0,    0,   -1,   -1,   -1,   -4,   -1,    0,   -1,   -7,   -6,   -5,   -6,   -5,    0,   -5,   -6,   -6,   -6,   -7,   -4,   -6,   -6,    1,   -1,   -6,   -3,   -5,   -5,   -7,   -3,   -6,   -6,   -6,   -6,   -5,   -1,   -5,   -7,   -6,   -6,    0,    0,   -6,   -6,    0,    0,   -2,    0,
       0,    0,   -1,    0,    0,   -1,   -1,    0,   -1,    0,    0,    0,   -1,    0,   -1,   -1,   -1,    0,   -1,   -1,   -4,   -1,   -3,   -2,   -1,   -4,   -1,   -1,    0,    0,    0,    0,   -1,   -1,    0,    0,    0,    0,    0,    0,    0,    0,    0,    0,    0,    0,    0,    0,    0,    0,    0,    0,    0,    0,    0,    0,    0,   -1,    0,    0,    0,   -2,    0,    0,    0,    0,    0,   -1,    0,    0,    0,    0,    0,    0,   -1,   -1,   -1,    0,    0,    0,    0,   -1,   -1,   -1,   -1,   -1,    0,    0,    0,    0,   -1,   -1,   -1,   -1,   -1,    0,    0,    0,   -1,    0,    0,    0,    0,    0,    0,   -1,   -1,    0,    0,    0,    0,   -4,    0,    0,    0,    0,    0,    0,    0,   -1,    0,    0,   -1,    0,    0,    0,    0,    0,    0,    0,    0,    0,   -1,    0,   -1,   -1,    0,   -2,    0,    0,    0,    0,   -1,    0,   -1,    0,
       0,    0,   -3,   -1,    0,   -1,   -1,    0,   -1,    0,    0,    0,   -1,    0,    0,    0,   -1,    0,    0,    0,   -3,   -1,   -3,   -2,    0,   -4,    0,   -2,    0,    0,    0,    0,    0,    0,    0,    0,    0,    0,    0,    0,    0,    0,    0,    0,    0,    0,    0,    0,    0,   -1,    0,    0,    0,    0,    0,    0,   -1,   -1,   -1,    0,    0,   -1,    0,   -1,   -1,    0,    0,   -1,    0,    0,    0,    0,    0,    0,    0,    0,    0,    0,    0,    0,    0,    0,    0,    0,    0,    0,    0,    0,    0,    0,    0,    0,    0,    0,    0,    0,    0,    0,    0,    0,    0,    0,    0,    0,    0,    0,    0,    0,    0,    0,    0,   -3,    0,    0,    0,    0,    0,    0,    0,    0,    0,    0,    0,    0,    0,    0,    0,    0,    0,    0,    0,    0,    0,    0,    0,    0,   -1,   -1,   -2,   -3,    0,    0,   -2,   -1,    0,    0,
       0,    0,    0,   -1,    0,    0,    0,   -2,    0,   -2,    0,    0,   -1,    0,   -2,    0,    0,   -2,   -1,    0,    0,    0,   -1,    0,   -2,   -1,    0,    0,    0,    0,    0,    0,    0,    0,    0,    0,    0,    0,    0,    0,    0,    0,    0,    0,    0,    0,    0,    0,    0,    0,    0,    0,    0,    0,    0,    0,    0,   -1,    0,    0,    0,    0,    0,    0,   -1,    0,    0,    0,    0,    0,    0,    0,    0,    0,    0,    0,    0,    0,    0,    0,    0,    0,    0,    0,    0,    0,    0,    0,    0,    0,    0,    0,    0,    0,    0,    0,    0,    0,    0,    0,    0,    0,    0,    0,    0,    0,    0,    0,    0,    0,    0,    0,    0,    0,    0,    0,    0,    0,    0,    0,    0,    0,    0,    0,    0,    0,    0,    0,    0,    0,    0,    0,    0,    0,    0,    0,    0,    0,    0,    0,   -2,   -2,    0,    0,    0,    0,
       0,    0,    0,    0,    0,   -1,    0,   -1,    0,   -1,    0,    0,    0,    0,    0,    0,    0,    0,    0,    0,    0,    0,    0,    0,    0,    0,    0,    0,    0,    0,    0,    0,    0,    0,    0,    0,    0,    0,    0,    0,    0,    0,    0,    0,    0,    0,    0,    0,   -1,    0,    0,    0,    0,    0,    0,    0,    0,    0,    0,    0,    0,    0,    0,    0,   -1,    0,    0,    0,    0,    0,    0,    0,    0,    0,    0,    0,    0,    0,    0,    0,    0,    0,    0,    0,    0,    0,    0,    0,    0,    0,    0,    0,    0,    0,    0,    0,    0,    0,    0,    0,    0,    0,    0,    0,    0,    0,    0,    0,    0,    0,    0,    0,    0,    0,    0,    0,    0,    0,    0,    0,    0,    0,    0,    0,    0,    0,    0,    0,    0,    0,    0,    0,    0,    0,    0,    0,    0,    0,    0,    0,   -1,   -1,    0,    0,    0,    0,
      -2,    0,    1,   -1,    0,    2,    0,   -2,   -2,   -2,    0,   -1,    1,    0,   -2,    0,    0,   -2,    0,    0,    1,    0,    1,    1,    0,    1,    0,    0,    2,    0,   -1,    1,   -1,   -1,   -1,   -1,    1,    0,    0,    2,    1,   -1,   -1,   -1,   -1,   -1,   -1,   -1,   -1,   -1,   -1,    0,    0,    2,    0,    0,    0,   -2,    0,    0,    0,    0,    0,    0,   -2,    0,    0,    0,   -1,   -1,   -1,   -1,   -1,   -1,   -1,   -1,   -1,    0,    0,    0,    0,    0,   -2,   -1,   -1,   -1,   -1,    1,   -1,   -1,   -1,   -1,   -1,   -1,   -1,   -1,   -1,    1,    0,    0,    0,    0,    0,    0,    0,    0,   -1,   -1,   -1,   -1,   -1,    1,   -1,   -1,   -1,   -1,   -1,   -1,   -1,   -1,    0,    0,   -1,   -1,   -1,   -1,   -1,   -1,   -1,   -1,   -1,   -1,   -1,    0,    2,   -1,   -1,   -2,    0,    0,   -2,   -2,    0,    0,    0,    0,
      -1,    0,    0,    0,    0,    0,    0,   -1,   -1,   -1,    0,    0,    0,    0,    0,    0,    0,    0,    0,    0,    0,    0,    0,    0,    0,    0,    0,    0,    0,    0,    0,    0,   -1,   -1,    0,    0,    0,    0,    0,    0,    0,    0,    0,    0,    0,    0,    0,    0,    0,    0,    0,    0,    0,    0,    0,    0,    0,   -1,    0,    0,    0,    0,    0,    0,    0,    0,    0,    0,    0,    0,    0,    0,    0,    0,   -1,   -1,   -1,    0,    0,    0,    0,    0,   -1,   -1,   -1,   -1,    0,    0,    0,    0,   -1,   -1,   -1,   -1,   -1,    0,    0,    0,    0,    0,    0,    0,    0,    0,    0,    0,   -1,    0,    0,    0,    0,    0,    0,    0,    0,    0,    0,    0,    0,   -1,    0,    0,   -1,    0,    0,    0,    0,    0,    0,    0,    0,    0,   -1,    0,   -1,   -1,    0,   -1,    1,    0,   -1,   -1,    0,    0,    0,    0,
       0,    0,    0,   -1,    0,    0,    0,    0,   -1,    0,    0,    0,   -1,    0,    0,    0,   -1,    0,    0,    0,   -1,   -1,    0,    0,    0,    0,    0,   -1,    0,    0,    0,    0,    0,    0,    0,    0,    0,    0,    0,    0,    0,    0,    0,    0,    0,    0,   -1,   -1,    0,   -1,    0,    0,    0,    0,    0,    0,    0,   -1,    1,    0,    0,   -1,    0,    0,   -1,    0,    0,   -1,    0,    0,    0,    0,    0,    0,    0,    0,    0,    0,    0,    0,    0,    0,    0,    0,    0,    0,    0,    0,    0,    0,    0,    0,    0,    0,    0,    0,    0,    0,    0,    0,    0,    0,    0,    0,    0,    0,    0,    0,    0,    0,    0,   -1,    0,    0,    0,    0,    0,    0,    0,    0,    0,    0,    0,    0,    0,    0,    0,    0,    0,    0,    0,    0,    0,    0,    0,    0,   -1,   -1,    0,    0,    0,    0,   -1,   -1,    0,    0,
       0,    0,   -2,    0,    0,    0,   -2,    0,   -1,    0,    0,    0,   -1,    0,    0,    0,   -1,    0,    0,    0,   -3,   -1,   -4,   -2,    0,   -4,    0,   -3,    1,    0,    0,    0,    0,    0,    0,    0,    0,    0,    0,    0,    0,    0,    0,    0,    0,    0,   -1,   -1,   -1,   -1,    0,    0,    0,    1,    0,    0,   -1,   -1,   -1,    0,    0,   -1,    0,   -1,    0,    0,    0,   -1,    0,    0,    0,    0,    0,    0,    0,    0,    0,    0,    0,    0,    0,    0,    0,    0,    0,    0,    0,    0,    0,    0,    0,    0,    0,    0,    0,    0,    0,    0,    0,    0,    0,    0,    0,    0,    0,    0,    0,    0,    0,    0,    0,   -3,    0,    0,    0,    0,    0,    0,    0,    0,    0,    0,    0,    0,    0,    0,    0,    0,    0,    0,    0,    0,    0,    0,    0,    0,   -1,   -1,   -3,   -3,    0,    0,   -3,   -2,    0,    0,
       0,    0,   -1,    0,    0,    0,   -2,    0,   -1,    0,    0,    0,    0,    0,    0,    0,   -1,    0,    0,    0,   -3,   -1,   -4,   -2,    0,   -4,    0,   -3,    1,    0,    0,    0,    0,    0,    0,    0,    0,    0,    0,    0,    0,    0,    0,    0,    0,    0,   -1,   -1,   -1,   -1,    0,    0,    0,    1,    0,    0,   -1,   -1,   -1,    0,    0,   -1,    0,   -1,    0,    0,    0,   -1,    0,    0,    0,    0,    0,    0,    0,    0,    0,    0,    0,    0,    0,    0,    0,    0,    0,    0,    0,    0,    0,    0,    0,    0,    0,    0,    0,    0,    0,    0,    0,    0,    0,    0,    0,    0,    0,    0,    0,    0,    0,    0,    0,   -3,    0,    0,    0,    0,    0,    0,    0,    0,    0,    0,    0,    0,    0,    0,    0,    0,    0,    0,    0,    0,    0,    0,    0,    0,   -1,   -1,   -3,   -2,    0,    0,   -3,   -2,    0,    0,
       0,    0,   -1,    0,    0,    1,   -1,    0,    0,    0,    0,    0,    0,    0,   -1,   -1,    0,    0,   -1,   -1,   -4,   -1,   -3,   -2,   -1,   -4,   -1,   -2,    2,    0,    0,    0,    0,    0,    0,    0,    0,    0,    0,    0,    0,    0,    0,    0,    0,    0,   -1,   -1,   -1,   -1,   -1,    0,    0,    1,    0,    0,    0,    0,   -1,    0,    0,    0,    0,    0,   -1,    0,    0,    0,    0,    0,    0,    0,    0,    0,    0,    0,    0,    0,    0,    0,    0,    0,    0,    0,    0,    0,    0,    0,    0,    0,    0,    0,    0,    0,    0,    0,    0,    0,   -1,    0,    0,    0,    0,    0,    0,    0,    0,    0,    0,    0,    0,   -4,    0,    0,   -1,   -1,    0,    0,    0,    0,    0,    0,    0,    0,    0,    0,    0,    0,    0,    0,    0,    0,    0,    0,    0,    0,   -1,    0,   -3,   -1,    0,    0,   -2,   -1,    0,    0,
       0,    0,    0,    0,    0,    1,   -1,    0,    0,    0,    0,    0,    0,    0,   -1,   -1,    0,    0,   -1,   -1,   -4,   -1,   -3,   -2,   -1,   -4,   -1,   -2,    2,    0,    0,    1,    0,    0,    0,    0,    1,    0,    0,    1,    1,    0,    0,    0,    0,    0,   -1,   -1,   -1,   -1,   -1,    0,    0,    1,    0,    0,    0,    0,   -1,    0,    0,    0,    0,    0,   -1,    0,    0,    0,    0,    0,    0,    0,    0,    0,    0,    0,    0,    0,    0,    0,    0,    0,    0,    0,    0,    0,    0,    1,    0,    0,    0,    0,    0,    0,    0,    0,    0,    1,   -1,    0,    0,    0,    0,    0,    0,    0,    0,    0,    0,    0,    0,   -4,    0,    0,   -1,   -1,    0,    0,    0,    0,    0,    0,    0,    0,    0,    0,    0,    0,    0,    0,    0,    0,    0,    0,    0,    0,   -1,    0,   -2,   -1,    0,    0,   -2,   -1,    0,    0,
       0,    0,   -2,    0,    0,   -1,   -2,    0,    0,    0,    0,    0,   -1,    0,   -1,   -1,    0,   -1,   -1,    0,   -4,   -1,   -3,   -2,   -2,   -5,   -2,   -3,    0,    0,    0,    0,    0,    0,    0,    0,    0,    0,    0,    0,    0,    0,    0,    0,    0,    0,   -1,   -1,   -1,   -1,   -1,    0,    0,    0,    0,    0,    0,    0,   -1,    0,    0,    0,    0,    0,   -1,    0,    0,    0,    0,    0,    0,    0,    0,    0,    0,    0,    0,    0,    0,    0,    0,    0,    0,    0,    0,    0,    0,    0,    0,    0,    0,    0,    0,    0,    0,    0,    0,    0,   -1,    0,    0,    0,    0,    0,    0,    0,    0,    0,    0,    0,    0,   -4,    0,    0,   -1,   -1,    0,    0,    0,    0,    0,    0,    0,    0,    0,    0,    0,    0,    0,    0,    0,    0,    0,    0,    0,    0,   -1,    0,   -2,   -3,    0,    0,   -2,   -1,    0,    0,
       0,    0,   -2,    0,    0,    0,   -2,    0,    0,    0,    0,    0,   -1,    0,   -1,   -1,    0,   -1,   -1,    0,   -4,   -1,   -3,   -2,   -2,   -5,   -2,   -3,    0,    0,    0,    0,    0,    0,    0,    0,    0,    0,    0,    0,    0,    0,    0,    0,    0,    0,   -1,   -1,   -1,   -1,   -1,    0,    0,    0,    0,    0,    0,    0,   -1,    0,    0,    0,    0,    0,   -1,    0,    0,    0,    0,    0,    0,    0,    0,    0,    0,    0,    0,    0,    0,    0,    0,    0,    0,    0,    0,    0,    0,    0,    0,    0,    0,    0,    0,    0,    0,    0,    0,    0,   -1,    0,    0,    0,    0,    0,    0,    0,    0,    0,    0,    0,    0,   -4,    0,    0,   -1,   -1,    0,    0,    0,    0,    0,    0,    0,    0,    0,    0,    0,    0,    0,    0,    0,    0,    0,    0,    0,    0,   -1,    0,   -2,   -2,    0,    0,   -2,   -1,    0,    0,
      -2,    0,    1,   -1,    0,    2,    0,   -2,   -2,   -2,    0,   -1,    1,    0,   -2,    0,    0,   -2,    0,    0,    1,    0,    1,    1,    0,    1,    0,    0,    2,    0,   -1,    1,   -1,   -1,   -1,   -1,    1,    0,    0,    2,    1,   -1,   -1,   -1,   -1,   -1,   -1,   -1,   -1,   -1,   -1,    0,    0,    2,    0,    0,    0,   -2,    0,    0,    0,    0,    0,    0,   -2,    0,    0,    0,   -1,   -1,   -1,   -1,   -1,   -1,   -1,   -1,   -1,    0,    0,    0,    0,    0,   -2,   -1,   -1,   -1,   -1,    1,   -1,   -1,   -1,   -1,   -1,   -1,   -1,   -1,   -1,    1,    1,    0,    0,    0,    0,    0,    0,    0,   -1,   -1,   -1,   -1,   -1,    1,   -1,   -1,   -1,   -1,   -1,   -1,   -1,   -1,    0,    0,   -1,   -1,   -1,   -1,   -1,   -1,   -1,   -1,   -1,   -1,   -1,    0,    2,   -1,   -1,   -2,    0,    0,   -2,   -2,    0,    0,    0,    0,
      -1,    0,    0,   -1,    0,   -2,    0,   -4,   -2,   -2,   -1,    0,   -1,    0,   -2,   -1,    0,   -2,   -2,   -1,   -3,   -1,   -2,   -2,   -3,   -4,   -1,    0,   -1,    0,   -1,    0,   -1,   -1,    0,   -1,   -1,    0,    0,   -1,   -1,    0,    0,   -1,    0,    0,    0,    0,    0,    0,   -1,    0,    0,   -1,    0,    0,    0,   -2,    0,    0,    0,   -2,    0,    0,    0,    0,    0,    0,    0,   -1,   -1,   -1,   -1,   -1,   -1,   -1,   -1,    0,    0,    0,    0,   -1,   -1,   -1,   -1,   -1,    0,   -1,   -1,   -1,   -1,   -1,   -1,   -1,   -1,   -1,   -1,   -1,   -1,    0,    0,    0,    0,    0,    0,   -1,   -1,    0,   -1,   -1,    0,   -3,    0,    0,   -1,   -1,   -1,   -1,   -1,   -1,    0,    0,   -1,    0,    0,    0,   -1,   -1,   -1,   -1,   -1,   -1,   -1,    0,   -1,   -1,    0,   -2,    0,    0,   -4,   -4,   -1,    0,   -1,    0,
      -1,    0,    0,   -1,    0,    0,    0,   -8,   -4,   -4,    0,   -1,    0,    0,   -3,    0,    0,   -2,    0,    0,    0,    0,    1,    1,    0,    1,    0,    0,    0,    0,   -2,    0,   -2,   -3,   -1,   -2,    0,    0,    0,    0,    0,   -1,   -1,   -2,   -1,    0,    0,    0,    0,    0,   -1,   -1,    0,    0,   -1,    0,    0,   -3,    0,    0,    0,    0,    0,    0,   -1,   -4,   -3,    0,   -1,   -2,   -3,   -4,   -3,   -2,   -3,   -4,   -4,    1,    0,    1,    1,   -1,   -4,   -2,   -2,   -2,    0,    0,   -2,   -3,   -2,   -2,   -2,   -2,   -4,   -4,   -4,    0,    0,    0,    0,    1,    0,    1,    0,    0,   -2,   -2,   -2,   -2,   -1,    0,   -1,    0,   -1,   -1,   -4,   -1,   -3,   -2,    3,    0,   -2,    0,   -1,    0,   -2,   -1,   -3,   -2,   -2,   -3,   -2,    0,   -3,   -2,    0,   -4,    0,    0,   -8,   -4,    0,    0,    0,    0,
      -1,    0,    0,   -1,   -1,    0,    0,   -9,   -4,   -5,    0,   -2,    0,    0,   -3,    0,   -1,   -2,    0,    0,    0,    0,    0,    0,    0,    0,    0,    0,    0,    0,   -3,    0,   -3,   -3,   -1,   -3,    0,    0,    0,    0,    0,   -2,   -2,   -2,   -1,   -1,   -1,   -1,   -1,   -1,   -2,   -1,    0,    0,   -2,    0,    0,   -4,    0,    0,    0,    0,    0,    0,   -2,   -4,   -4,   -1,   -1,   -3,   -4,   -4,   -3,   -3,   -4,   -5,   -4,    1,    0,    0,    1,   -2,   -5,   -5,   -5,   -3,   -1,    0,   -4,   -4,   -5,   -5,   -5,   -5,   -5,   -5,   -5,    0,    0,    0,    0,    0,    0,    1,    0,   -1,   -3,   -3,   -3,   -3,   -1,    0,   -1,   -1,   -2,   -2,   -5,   -2,   -4,   -3,    3,    0,   -3,   -1,   -3,   -1,   -3,   -2,   -4,   -4,   -4,   -4,   -3,    0,   -4,   -3,   -1,   -4,    0,    0,   -9,   -5,    0,    0,    0,    0,
      -2,    0,   -4,    0,   -1,   -1,   -4,    0,   -1,    0,    0,    0,   -1,    0,    0,    0,   -2,    0,    0,    0,   -6,   -2,   -3,   -5,    0,   -6,    0,   -3,   -1,    0,    0,    0,    0,    0,    0,    0,    0,    0,   -1,    0,    0,    0,   -1,    0,   -1,   -1,   -2,   -2,    0,   -3,    0,   -1,    0,   -1,   -1,   -2,    0,   -1,   -4,    0,    0,   -1,    0,    0,    0,    0,    0,   -2,    0,    0,    0,    0,    0,    0,    0,    0,    0,    0,    0,    0,    0,    0,    0,    0,    0,    0,   -1,    0,    0,    0,    0,    0,    0,    0,    0,    0,    0,    0,    0,    0,    0,    0,    0,   -1,    0,    0,    0,    0,    0,    0,   -1,   -6,   -1,   -1,    0,    0,    0,    0,    0,    0,    0,    0,    0,    0,    0,   -1,    0,    0,    0,    0,    0,    0,    0,    0,    0,    0,   -3,   -1,   -8,   -8,    0,    0,    0,    0,    0,   -4,
      -2,    0,   -4,    0,   -1,   -1,   -4,    0,   -1,    0,    0,    0,   -1,    0,    0,    0,   -2,    0,    0,    0,   -3,   -2,   -3,   -3,    0,   -3,    0,   -3,   -1,    0,    0,    0,    0,    0,    0,    0,    0,    0,   -1,    0,    0,    0,   -1,    0,   -1,   -1,   -2,   -2,    0,   -3,    0,   -1,    0,   -1,   -1,   -2,    0,   -1,   -4,    0,    0,   -1,    0,    0,    0,    0,    0,   -2,    0,    0,    0,    0,    0,    0,    0,    0,    0,    0,    0,    0,    0,    0,    0,    0,    0,    0,   -1,    0,    0,    0,    0,    0,    0,    0,    0,    0,    0,    0,    0,    0,    0,    0,    0,   -1,    0,    0,    0,    0,    0,    0,   -1,   -6,   -1,   -1,    0,    0,    0,    0,    0,    0,    0,    0,    0,    0,    0,   -1,    0,    0,    0,    0,    0,    0,    0,    0,    0,    0,   -3,   -1,   -4,   -4,    0,    0,    0,    0,    0,   -4,
       0,    0,    0,    0,    0,    0,    0,    0,    0,    0,    0,    0,    0,    0,   -1,    0,    0,    0,    0,   -1,   -2,    0,   -2,   -1,   -1,   -3,    0,    0,    0,    0,    0,    0,    0,    0,    0,    0,    0,    0,    0,    0,    0,    0,    0,    0,    0,   -1,   -1,   -1,   -1,   -1,   -1,    0,    0,    0,    0,    0,    0,    0,    0,    0,    0,    0,    0,    0,    0,    0,    0,    0,    0,    0,    0,    0,    0,    0,    0,    0,    0,    0,    0,    0,    0,    0,    0,    0,    0,    0,   -1,    0,    0,    0,    0,    0,    0,    0,    0,    0,    0,    0,    0,    0,    0,    0,    0,    0,    0,    0,    0,    0,    0,    0,    0,   -2,    0,   -1,   -1,   -1,    0,    0,    0,    0,    0,    0,    0,    0,    0,   -1,    0,    0,    0,    0,    0,    0,    0,    0,    0,    0,   -1,    0,    0,    0,    0,    0,    0,    0,    0,    0,
      -1,    0,    0,   -1,   -1,    0,    0,   -4,   -4,   -4,    0,   -2,    0,    0,    0,    0,    0,    0,    0,    0,    0,    0,    0,    0,    0,    0,    0,    0,    1,    0,    0,    0,    0,    0,    0,    0,    0,    0,    0,    0,    0,    0,    0,    0,    0,    0,    0,    0,    0,    0,    0,   -1,    0,    1,   -2,   -1,    0,   -4,    0,    0,    0,    0,    0,    0,   -2,   -4,    0,    0,    0,    0,    0,    0,    0,    0,    0,    0,    0,    0,    0,    0,    0,    0,    0,    0,    0,    0,    0,    0,    0,    0,    0,    0,    0,    0,    0,    0,    0,    0,    0,    0,    0,    0,    0,    0,    0,    0,    0,    0,    0,    0,    0,    0,    0,    0,    0,    0,    0,    0,    0,    0,    0,    0,    0,    0,    0,    0,    0,    0,    0,    0,    0,    0,    0,    0,    0,    0,    0,   -4,    0,    0,   -4,   -4,    0,    0,    0,    0,
       3,    3,   10,    0,    0,    4,    3,   -1,   -2,   -1,    0,    0,    5,    0,   -1,    3,    0,    0,    3,    0,    3,    4,    5,    5,    4,    5,    3,    4,    5,    0,   -1,    0,   -1,   -1,    0,   -1,    0,    5,    5,    0,    0,    0,    0,   -1,    0,    0,    0,    0,    0,    0,    0,    0,    5,    4,    0,    0,    3,   -2,    3,    2,    2,   -2,    3,    3,    0,    0,    0,    0,    0,    2,   -1,    1,    1,    0,    1,   -2,    0,    8,    2,    4,    6,   -1,    1,   -2,   -1,   -1,    1,    0,    1,    2,   -2,    0,    0,    1,    1,   -1,    2,    4,    3,    6,    6,    7,    2,    5,    0,   -1,    0,    2,    0,    3,    0,    3,    0,    1,    0,    1,    1,    4,    0,    3,    9,    5,    2,    5,    1,    3,    0,    4,    2,   -1,    0,    2,    3,    5,    3,    0,    1,   -2,    8,    9,   -1,   -1,    4,    4,   -1,    0,
};

static const EpdLigaturePair newsreader_16_regularLigaturePairs[] = {
    { 0x00660066, 0xFB00 }, // f f -> U+FB00
    { 0x00660069, 0xFB01 }, // f i -> U+FB01
    { 0x0066006C, 0xFB02 }, // f l -> U+FB02
    { 0xFB000069, 0xFB03 }, // U+FB00 i -> U+FB03
    { 0xFB00006C, 0xFB04 }, // U+FB00 l -> U+FB04
};

static const EpdFontData newsreader_16_regular = {
    newsreader_16_regularBitmaps,
    newsreader_16_regularGlyphs,
    newsreader_16_regularIntervals,
    51,
    33,
    25,
    -9,
    true,
    newsreader_16_regularGroups,
    11,
    newsreader_16_regularKernLeftClasses,
    newsreader_16_regularKernRightClasses,
    newsreader_16_regularKernMatrix,
    429,
    438,
    129,
    146,
    newsreader_16_regularLigaturePairs,
    5,
};
