/**
 * generated by fontconvert.py
 * name: newsreader_16_italic
 * size: 16
 * mode: 2-bit  compressed: true
 * Command used: fontconvert.py newsreader_16_italic 16 ../builtinFonts/source/Newsreader/NewsreaderText-Italic.ttf --2bit --compress --force-autohint
 */
#pragma once
#include "EpdFontData.h"

static const uint8_t newsreader_16_italicBitmaps[27250] = {
    0x85, 0x5A, 0x4D, 0x8C, 0xDC, 0xE6, 0x79, 0x7E, 0xC9, 0x2F, 0x12, 0x63, 0xD3, 0x5A, 0xFA, 0xE0,
    0xA4, 0x85, 0xB5, 0x2B, 0xFA, 0xE0, 0x83, 0x91, 0xAA, 0xA2, 0x0E, 0x8B, 0x62, 0x0B, 0xEC, 0x0E,
    0x69, 0x0B, 0xA8, 0x51, 0x18, 0x68, 0x7C, 0xA8, 0x1C, 0xA0, 0x3E, 0xA8, 0xC7, 0xA2, 0x48, 0xB0,
    0x8B, 0x42, 0x07, 0x15, 0x58, 0x2D, 0x29, 0xFB, 0xE0, 0x83, 0x81, 0x44, 0x39, 0xB8, 0x3D, 0x14,
    0x68, 0x75, 0xC8, 0x21, 0x15, 0x90, 0x76, 0x81, 0xEE, 0x41, 0x45, 0x67, 0x67, 0x3E, 0x47, 0x07,
    0x01, 0xCD, 0x85, 0xB2, 0xD1, 0xFA, 0x54, 0x84, 0xB1, 0x64, 0xB8, 0x88, 0xD1, 0x98, 0x69, 0xE9,
    0x98, 0x92, 0x39, 0xC3, 0x3E, 0xCF, 0xFB, 0x71, 0xB4, 0xBB, 0xFA, 0x69, 0x47, 0xB3, 0x1C, 0xFE,
    0x7C, 0x3F, 0xEF, 0xEF, 0xF3, 0xFE, 0x50, 0xE2, 0x37, 0x12, 0x95, 0x92, 0x8B, 0xDF, 0xF1, 0x37,
    0x15, 0xAF, 0x95, 0xC0, 0x4A, 0x22, 0xD2, 0x88, 0xB1, 0xB2, 0x24, 0xB2, 0x25, 0xBE, 0x95, 0x13,
    0x22, 0x67, 0x65, 0xF1, 0x09, 0x30, 0xDE, 0x7A, 0xBD, 0x98, 0x5A, 0xE4, 0xF8, 0x95, 0x1F, 0xE5,
    0xD1, 0xED, 0x36, 0x0D, 0x6D, 0x9B, 0x06, 0xB6, 0x39, 0x63, 0xEC, 0xDE, 0x8A, 0xB1, 0x5B, 0x27,
    0x38, 0xEE, 0xF5, 0xE7, 0x44, 0x4C, 0x51, 0x8A, 0x2C, 0x87, 0xB8, 0xAA, 0x56, 0x31, 0x13, 0x4B,
    0xC9, 0x1A, 0x1E, 0x7A, 0x76, 0x57, 0x64, 0xC9, 0x64, 0x22, 0x17, 0x4F, 0x4B, 0xD0, 0xF7, 0x7D,
    0x75, 0xEC, 0x7B, 0x17, 0xCE, 0x8B, 0x94, 0x5B, 0x22, 0xA1, 0x29, 0x04, 0x77, 0x3A, 0x31, 0x57,
    0x1E, 0x3B, 0x57, 0xCA, 0x5D, 0x0E, 0xC2, 0xDC, 0xD5, 0xD3, 0x02, 0xE2, 0x2A, 0x25, 0xCA, 0x7F,
    0x1B, 0x37, 0x4E, 0x3C, 0x83, 0xB3, 0x2D, 0x3C, 0x8E, 0xFB, 0x52, 0x82, 0x5F, 0x6D, 0x56, 0xB2,
    0xBD, 0x95, 0x5B, 0xF3, 0xC1, 0xCD, 0xBF, 0x93, 0x78, 0x09, 0x53, 0xC7, 0x67, 0xC1, 0xCD, 0x7F,
    0xFF, 0xB4, 0x90, 0xF0, 0x57, 0xB8, 0x8A, 0x1B, 0xEC, 0x96, 0xDC, 0xC7, 0xB2, 0x49, 0x8F, 0x79,
    0x29, 0x0E, 0xDE, 0xAD, 0x39, 0xD6, 0x8E, 0x3A, 0xEC, 0xF4, 0x7B, 0x8D, 0xC8, 0xFB, 0x37, 0xB1,
    0xCC, 0xD3, 0x51, 0x26, 0x6B, 0xAB, 0xDB, 0x92, 0xDD, 0x7E, 0xBF, 0x0E, 0x6E, 0x85, 0x91, 0x24,
    0xED, 0x5A, 0x23, 0xE9, 0x27, 0x7D, 0x86, 0x6D, 0xAE, 0x8A, 0x9C, 0x5E, 0x23, 0x4D, 0x20, 0xD5,
    0x04, 0x0F, 0x44, 0x24, 0xFE, 0x8C, 0xBC, 0x07, 0x1F, 0x59, 0x1C, 0x4D, 0x79, 0x03, 0xB2, 0x34,
    0xD5, 0x19, 0x1C, 0xBD, 0x3A, 0x2C, 0x20, 0xD7, 0xD6, 0x54, 0x60, 0x67, 0x43, 0x1A, 0x1C, 0x63,
    0xD9, 0xC6, 0x31, 0xB0, 0x23, 0x1C, 0xBD, 0x3A, 0xF6, 0xB1, 0xD2, 0x76, 0x74, 0xA5, 0x8C, 0xAB,
    0x08, 0xC7, 0xD1, 0xF7, 0xBC, 0xFE, 0xE5, 0x72, 0x04, 0x95, 0x78, 0x65, 0x22, 0x10, 0x78, 0x15,
    0x65, 0xDB, 0x38, 0x86, 0x16, 0x2A, 0xAA, 0x4C, 0x15, 0x15, 0x52, 0x49, 0x63, 0x4A, 0x3C, 0x5A,
    0xF7, 0x6B, 0x1C, 0x23, 0x28, 0xAE, 0xC6, 0x46, 0xAD, 0x40, 0x0C, 0xFF, 0xAC, 0xC7, 0x10, 0x9C,
    0x48, 0xDC, 0x52, 0x73, 0x9F, 0x8C, 0x71, 0xDC, 0x10, 0x9C, 0xFB, 0x35, 0x86, 0x4B, 0x54, 0x84,
    0x60, 0x7F, 0x84, 0x7F, 0x22, 0x1D, 0x6F, 0x98, 0x1A, 0xEB, 0x4A, 0xF8, 0x29, 0x85, 0x1A, 0xB5,
    0x01, 0xC4, 0x38, 0xB5, 0x30, 0x91, 0x33, 0x79, 0x16, 0x66, 0xA6, 0xCC, 0x65, 0x1D, 0xB3, 0xE7,
    0x5E, 0x09, 0xD5, 0x77, 0x11, 0x66, 0xFB, 0xED, 0xAA, 0x5C, 0x16, 0xF3, 0x65, 0x81, 0x31, 0x41,
    0x27, 0x41, 0x25, 0x11, 0xBE, 0x56, 0x52, 0x7C, 0xEF, 0x9E, 0xEC, 0x0B, 0x08, 0xB5, 0x4D, 0xAF,
    0x4A, 0x3C, 0x93, 0x69, 0x05, 0x5B, 0xE9, 0xE2, 0xB7, 0xEA, 0xD4, 0x94, 0xEB, 0x41, 0xB6, 0xE5,
    0xC4, 0x74, 0x1C, 0x0A, 0x86, 0x0D, 0x80, 0x39, 0x09, 0x0A, 0xD0, 0x8E, 0xF5, 0xE5, 0x06, 0xA4,
    0x20, 0xE0, 0x08, 0x3C, 0x83, 0xBB, 0x58, 0x68, 0x8C, 0x1B, 0xFA, 0xDD, 0xD6, 0xEF, 0x98, 0x43,
    0xF8, 0xBD, 0x04, 0x2D, 0xE9, 0x17, 0x93, 0x60, 0x09, 0xD0, 0x3D, 0x94, 0xFA, 0xB5, 0x41, 0x01,
    0x30, 0x57, 0x18, 0xCD, 0x4B, 0xBA, 0xFE, 0x8A, 0xC8, 0x29, 0xA1, 0x2D, 0xC7, 0x87, 0xBE, 0x09,
    0xF9, 0xE6, 0x77, 0x43, 0x97, 0x6C, 0x75, 0xD7, 0x8A, 0x46, 0x0F, 0x7D, 0x9F, 0xD2, 0x45, 0x6B,
    0x81, 0x32, 0x82, 0x8C, 0xCB, 0x62, 0xAD, 0x67, 0xB1, 0xAA, 0x27, 0xF2, 0x34, 0x57, 0xDA, 0x58,
    0x91, 0x70, 0x26, 0x5E, 0x3F, 0x97, 0xFE, 0x47, 0x66, 0x2E, 0xD1, 0xB7, 0x65, 0x19, 0xCA, 0xA7,
    0x4D, 0x0A, 0x57, 0x80, 0x4E, 0xC0, 0x14, 0x89, 0x8A, 0xE4, 0xD8, 0x77, 0xDE, 0x7B, 0xAD, 0xEF,
    0xA9, 0x14, 0x92, 0xBA, 0xCC, 0x5B, 0xB0, 0x09, 0x11, 0x7C, 0x65, 0xEC, 0xCD, 0xFD, 0xB9, 0x4C,
    0xC0, 0xD5, 0x25, 0xA9, 0x8D, 0x5D, 0xE2, 0x36, 0x14, 0x7C, 0xFF, 0x61, 0x5F, 0x27, 0xC9, 0x67,
    0x2D, 0x75, 0xE6, 0xC1, 0xC4, 0x48, 0x8C, 0x84, 0x58, 0xDD, 0xAB, 0x86, 0x8B, 0xE8, 0xC8, 0x05,
    0x0D, 0xAE, 0x7C, 0xF8, 0xE2, 0xD2, 0xFF, 0x7B, 0x41, 0x4A, 0x29, 0x48, 0x7E, 0xE0, 0x2B, 0x92,
    0xBF, 0x59, 0x4A, 0x5C, 0xC4, 0x54, 0x63, 0x2B, 0x9D, 0x84, 0x36, 0x05, 0x89, 0x61, 0x25, 0x61,
    0x09, 0x87, 0xD8, 0x8F, 0x21, 0x99, 0x0F, 0x61, 0x4A, 0x1D, 0xEE, 0x46, 0xB7, 0x6A, 0xF1, 0xBA,
    0x09, 0xA4, 0xF8, 0x83, 0x52, 0x4C, 0x03, 0x63, 0xCF, 0xA1, 0xF5, 0x88, 0xE3, 0x3A, 0x9C, 0x24,
    0xD9, 0x18, 0x8B, 0x00, 0x27, 0x3A, 0x88, 0x19, 0xC3, 0xEF, 0x6D, 0x16, 0x10, 0x56, 0xA1, 0x1B,
    0x41, 0x28, 0xC7, 0x31, 0x2C, 0x07, 0xCE, 0x7C, 0xD5, 0xC8, 0xE4, 0x5C, 0x2D, 0x19, 0xF6, 0x23,
    0xF8, 0xD0, 0x70, 0x24, 0xA6, 0x3B, 0x82, 0x39, 0xCC, 0x02, 0x2A, 0x09, 0x84, 0x83, 0x25, 0xDD,
    0x1F, 0xA0, 0x09, 0x7B, 0x89, 0xE2, 0x0E, 0xA7, 0x84, 0xC3, 0x94, 0x4D, 0xE0, 0x56, 0xCF, 0xD5,
    0x4F, 0xB6, 0x94, 0x1D, 0x80, 0xAB, 0xEF, 0x2D, 0x9C, 0x62, 0x8E, 0xBD, 0xA2, 0xDA, 0x88, 0x4C,
    0xE5, 0x4F, 0x25, 0xAC, 0x87, 0xC5, 0x38, 0x83, 0x2B, 0xE9, 0x0E, 0xB4, 0x7E, 0x9A, 0x3D, 0x2D,
    0x40, 0xCE, 0xF0, 0x46, 0xA1, 0x32, 0xCA, 0xE0, 0x45, 0x2F, 0x41, 0x9C, 0x61, 0x16, 0xE1, 0x39,
    0xD6, 0x9B, 0x11, 0x92, 0x2C, 0xB6, 0x51, 0x37, 0x1A, 0xE4, 0xD5, 0x03, 0x02, 0xBE, 0x88, 0x6B,
    0xF8, 0xD8, 0x0C, 0xF6, 0x96, 0x66, 0x2F, 0x29, 0x49, 0x24, 0xCF, 0x6B, 0xDC, 0xDF, 0x71, 0x8C,
    0xDA, 0xBC, 0x2B, 0xF2, 0xFC, 0x94, 0x1B, 0x91, 0x8F, 0x34, 0x73, 0xBC, 0x92, 0x11, 0x4C, 0x73,
    0x4C, 0x26, 0x57, 0x6A, 0x30, 0xDE, 0xE3, 0x2F, 0xFE, 0x02, 0xA2, 0x9A, 0xDE, 0x53, 0x49, 0x79,
    0x24, 0x8C, 0x8C, 0x4A, 0x4C, 0xAD, 0xE9, 0x12, 0x9F, 0x83, 0xBE, 0x90, 0xF2, 0x39, 0x4D, 0xF2,
    0x77, 0x31, 0xD9, 0x2F, 0xF6, 0x69, 0x94, 0x84, 0x2C, 0x0F, 0x87, 0xCA, 0x6F, 0x61, 0x87, 0xA0,
    0x21, 0x22, 0x86, 0x82, 0xE0, 0xBE, 0x99, 0xE2, 0x50, 0x3B, 0xC6, 0x55, 0xBC, 0x92, 0x14, 0x03,
    0x21, 0x2A, 0x03, 0x6F, 0x9A, 0x11, 0x01, 0x6B, 0xDD, 0xF3, 0x58, 0xE6, 0xA4, 0xE7, 0x03, 0x92,
    0xC9, 0x20, 0xEE, 0xEE, 0xF2, 0xBE, 0x1A, 0xE6, 0x32, 0x0F, 0x4B, 0x1A, 0x02, 0xB8, 0x82, 0xE9,
    0x69, 0x84, 0x3D, 0x99, 0x20, 0x50, 0x80, 0x30, 0x32, 0x28, 0x39, 0x9F, 0x05, 0xBA, 0x9C, 0x5E,
    0xA7, 0x6A, 0xD2, 0x3A, 0xA1, 0x74, 0x5C, 0x9D, 0xA1, 0x6B, 0x01, 0x28, 0x1A, 0xF1, 0xE7, 0x6F,
    0x60, 0x9B, 0x93, 0x83, 0x69, 0xE8, 0x87, 0x2A, 0x09, 0x21, 0x32, 0xBF, 0x7D, 0x58, 0x61, 0x71,
    0x31, 0x9C, 0x28, 0x27, 0xFB, 0x5C, 0xB0, 0x86, 0x1A, 0x92, 0x0B, 0x50, 0x79, 0x7F, 0x35, 0xAE,
    0xC1, 0x74, 0x5C, 0x62, 0x50, 0x9A, 0xED, 0x40, 0xB4, 0x18, 0x69, 0x1A, 0x02, 0x92, 0xC5, 0x2D,
    0x22, 0x1C, 0xF4, 0x8C, 0x18, 0x57, 0xE0, 0x3E, 0x7C, 0x9D, 0x16, 0x49, 0x4C, 0x02, 0xFD, 0xE0,
    0x34, 0x81, 0xA8, 0xC0, 0x76, 0x5F, 0x00, 0x5E, 0x76, 0x23, 0x02, 0x06, 0x71, 0xFB, 0x59, 0x92,
    0x29, 0xF2, 0xBB, 0x0B, 0x4F, 0xA9, 0x07, 0x1B, 0x09, 0x78, 0x41, 0xF5, 0x8D, 0x06, 0x72, 0xBD,
    0xC5, 0x05, 0x09, 0xF3, 0x9B, 0x41, 0xA9, 0x7A, 0xD1, 0x0E, 0x17, 0xB4, 0x18, 0x9C, 0x9F, 0x79,
    0x03, 0xE1, 0x36, 0x0B, 0xAC, 0x5F, 0x61, 0xFC, 0x06, 0x4D, 0xAB, 0xC4, 0x09, 0x10, 0x94, 0x88,
    0x3A, 0x06, 0x6C, 0x26, 0x20, 0xE8, 0x42, 0x06, 0x79, 0x42, 0xB4, 0x53, 0x88, 0x6F, 0x2F, 0xA9,
    0x81, 0x0E, 0xB9, 0x8D, 0xC4, 0x9B, 0x19, 0x7A, 0x22, 0xD0, 0x6A, 0x07, 0x8E, 0x15, 0x94, 0x97,
    0x01, 0x86, 0xB8, 0x13, 0x15, 0x71, 0x06, 0xCE, 0x26, 0x6F, 0x60, 0xF5, 0x29, 0x77, 0x93, 0x29,
    0x84, 0x37, 0x79, 0x13, 0x72, 0x71, 0xE8, 0x3E, 0x06, 0xBB, 0xA6, 0x82, 0xC9, 0xA4, 0x30, 0x39,
    0x53, 0xA7, 0x8B, 0x93, 0xC4, 0x4A, 0xEE, 0xF5, 0xD9, 0x66, 0x15, 0xF6, 0xB3, 0x19, 0x10, 0xFA,
    0x01, 0xB9, 0xD4, 0x17, 0x2D, 0x54, 0x19, 0xD9, 0x1F, 0x2C, 0x85, 0xB2, 0xA7, 0x15, 0x26, 0x40,
    0xA3, 0x3C, 0x53, 0x20, 0xC4, 0xE7, 0x32, 0x28, 0x53, 0xB9, 0x3F, 0xF4, 0xD9, 0xC7, 0xFD, 0x04,
    0xD1, 0x49, 0x45, 0x63, 0x3A, 0x86, 0x06, 0xFF, 0x91, 0x41, 0x3A, 0x1F, 0x69, 0x04, 0xBE, 0xF0,
    0x50, 0xC2, 0xB0, 0x83, 0x5C, 0x4B, 0x6C, 0x5A, 0x3B, 0x32, 0xCE, 0x2B, 0x06, 0x5B, 0xC8, 0xB1,
    0x7D, 0x42, 0x8B, 0x01, 0x8F, 0x21, 0x88, 0x3D, 0x3E, 0x1B, 0x24, 0xAF, 0xAE, 0xA4, 0x94, 0x29,
    0xA9, 0x12, 0xD2, 0x6D, 0x94, 0x1D, 0x99, 0xCB, 0x00, 0x79, 0xC3, 0x07, 0x3E, 0x51, 0x3E, 0x4A,
    0x4A, 0xA2, 0x06, 0xBF, 0xF8, 0x70, 0x80, 0x7A, 0xA8, 0xA7, 0xEB, 0x4E, 0x64, 0xE1, 0x35, 0x6E,
    0x5D, 0x3E, 0x51, 0x86, 0xE8, 0x3A, 0x4A, 0x13, 0x26, 0xC4, 0x03, 0x4D, 0x0C, 0xFD, 0xCE, 0x4B,
    0xDC, 0x67, 0x4A, 0x78, 0x2A, 0xFD, 0x86, 0x89, 0xCC, 0x4B, 0x4C, 0x7D, 0x34, 0x4E, 0x21, 0xE2,
    0x91, 0xDF, 0xD8, 0x06, 0xB0, 0xDE, 0x7C, 0x2E, 0x21, 0xC8, 0xBC, 0xA6, 0x4F, 0x60, 0x7B, 0xF2,
    0xF5, 0x23, 0xDC, 0x63, 0x51, 0x04, 0x54, 0x08, 0x51, 0x91, 0x51, 0xE8, 0x30, 0x77, 0x95, 0xA2,
    0xF7, 0xDE, 0x24, 0x87, 0xB8, 0x49, 0x8A, 0xE2, 0x4C, 0x53, 0x33, 0xB5, 0xCE, 0x64, 0x90, 0x77,
    0xC3, 0x80, 0x49, 0x23, 0x45, 0xBC, 0x98, 0x6E, 0x22, 0xD1, 0xA8, 0x24, 0xBF, 0x80, 0x48, 0xB3,
    0x0D, 0x29, 0xED, 0xCB, 0x46, 0x54, 0x04, 0x75, 0x64, 0x8D, 0x6D, 0xE0, 0x19, 0x9D, 0xAC, 0x27,
    0xE0, 0x31, 0x29, 0x82, 0x9B, 0x95, 0xA1, 0x4E, 0xF7, 0x46, 0xB0, 0xDC, 0x5C, 0x22, 0x53, 0x46,
    0x55, 0x54, 0xF9, 0xD5, 0x86, 0xCC, 0xFC, 0x7D, 0x59, 0x0F, 0xCA, 0xE8, 0x17, 0x3F, 0x2B, 0x23,
    0xE8, 0x6B, 0xDA, 0xEC, 0x20, 0x99, 0xA9, 0x4C, 0xE7, 0x23, 0x0D, 0x1A, 0x0D, 0x79, 0xCF, 0xA0,
    0xE6, 0x68, 0xF0, 0xE8, 0xB1, 0xFB, 0x51, 0x13, 0x79, 0xCA, 0x41, 0x36, 0x21, 0x16, 0xB2, 0xA2,
    0x03, 0x82, 0x91, 0x79, 0x76, 0x54, 0x0F, 0x4E, 0x70, 0x6E, 0xB5, 0xA9, 0x72, 0xDF, 0xEB, 0x02,
    0x7A, 0x1E, 0x2A, 0x96, 0xAC, 0x28, 0x74, 0xAD, 0xA9, 0x2C, 0x76, 0x79, 0x44, 0x6A, 0x54, 0x30,
    0xA8, 0x52, 0xF3, 0xA1, 0x42, 0xDC, 0x8A, 0x1E, 0x53, 0x22, 0x19, 0xF0, 0x0B, 0xA6, 0x0D, 0xA9,
    0x47, 0xF4, 0x69, 0x5A, 0x76, 0xA8, 0xF6, 0xBD, 0xA2, 0xCA, 0x5C, 0xD7, 0xE3, 0x2E, 0x71, 0x96,
    0xA4, 0x9F, 0x6C, 0xD2, 0xB9, 0x86, 0xF5, 0x01, 0x8B, 0x14, 0xEF, 0x4D, 0xC3, 0x80, 0x15, 0x5B,
    0x9A, 0xD3, 0x84, 0xAC, 0x10, 0x5D, 0x75, 0xBD, 0x5C, 0x6F, 0x34, 0xFC, 0x82, 0x82, 0xC8, 0x06,
    0x50, 0x43, 0x4E, 0x40, 0x34, 0xCD, 0xB1, 0xB9, 0x22, 0x00, 0x8E, 0x3B, 0x88, 0x94, 0x54, 0xD0,
    0x30, 0x8B, 0xC9, 0x36, 0xF3, 0xED, 0x76, 0x48, 0xB9, 0x35, 0xEB, 0x06, 0xAB, 0xB8, 0x42, 0x8C,
    0x8A, 0x3F, 0x79, 0x63, 0xCE, 0x84, 0xF8, 0x81, 0x58, 0x90, 0xC7, 0x3C, 0xDF, 0x7F, 0x05, 0xED,
    0xDF, 0xC3, 0x03, 0x5A, 0x63, 0xCB, 0xAD, 0xFC, 0x92, 0x1A, 0x0F, 0x32, 0x72, 0xBC, 0xAC, 0x30,
    0x7B, 0x36, 0x52, 0xA3, 0x56, 0xAC, 0x71, 0x76, 0xEF, 0x6E, 0xA8, 0xC4, 0x3C, 0x05, 0x62, 0x87,
    0xC9, 0x1A, 0x01, 0x06, 0x4C, 0xD2, 0xDB, 0xA6, 0xA5, 0x51, 0xF2, 0xE1, 0x09, 0x82, 0xB2, 0x83,
    0x66, 0x28, 0x29, 0xBC, 0xF7, 0xC6, 0x8C, 0xD1, 0xE1, 0x90, 0x86, 0xE0, 0x24, 0xD7, 0xB8, 0xE6,
    0xCB, 0x9B, 0xB5, 0x2E, 0x47, 0xB3, 0x9F, 0xA8, 0x9E, 0xB0, 0x19, 0xD7, 0x51, 0x39, 0xA9, 0xA7,
    0x74, 0xEA, 0x3F, 0x8E, 0x39, 0x38, 0x27, 0x97, 0xC7, 0xC5, 0x5C, 0x2F, 0x5C, 0x9C, 0x27, 0x51,
    0x60, 0x9A, 0x83, 0xD3, 0x8C, 0x83, 0x31, 0x26, 0xD7, 0xE7, 0x74, 0x32, 0xDC, 0xC6, 0xEE, 0xA1,
    0xCA, 0xCC, 0xC9, 0x8A, 0xCC, 0xE7, 0xEF, 0xFD, 0x09, 0x8F, 0xBD, 0xB3, 0xFF, 0xC1, 0xE4, 0xB4,
    0x58, 0x20, 0x4A, 0x8D, 0x95, 0xAF, 0x6D, 0xA5, 0x69, 0x4D, 0x21, 0x61, 0x4D, 0x49, 0x5A, 0xE5,
    0xF4, 0xAD, 0x67, 0x49, 0xD1, 0x35, 0xB5, 0xC5, 0x92, 0x9B, 0xD1, 0x11, 0x43, 0xB5, 0x90, 0xA8,
    0x64, 0x3C, 0x83, 0xFA, 0x18, 0x08, 0x8B, 0x40, 0x21, 0xEF, 0xE9, 0x85, 0xEC, 0xB8, 0xA4, 0xAF,
    0x4B, 0x06, 0xBA, 0xE4, 0x8A, 0x4A, 0x73, 0x5D, 0xA3, 0x39, 0x72, 0x98, 0x7B, 0xE7, 0xBF, 0x53,
    0x93, 0x20, 0x87, 0x1E, 0x9E, 0x75, 0x34, 0x2D, 0x73, 0x65, 0xDC, 0xC2, 0x8E, 0xCC, 0x61, 0x2D,
    0x83, 0xC8, 0x84, 0xA6, 0x88, 0x1B, 0x18, 0x83, 0x1B, 0x86, 0x37, 0xBE, 0x2E, 0x03, 0x4D, 0x70,
    0x42, 0x22, 0x09, 0x23, 0xAC, 0x19, 0x82, 0x35, 0x49, 0xD2, 0x1B, 0xD0, 0xF4, 0x2E, 0x6F, 0xF8,
    0xC5, 0x93, 0xD4, 0xEB, 0x6E, 0xC4, 0x95, 0x06, 0xE2, 0xE6, 0x81, 0x60, 0x5E, 0x04, 0x3E, 0x0E,
    0xA6, 0xD3, 0x2B, 0xE9, 0x63, 0x62, 0xA3, 0x57, 0x73, 0xB8, 0x73, 0x96, 0x13, 0x6A, 0x01, 0x2F,
    0x3E, 0xC1, 0x74, 0xF2, 0x85, 0xE9, 0x1C, 0x3B, 0xFF, 0x2A, 0x48, 0x9A, 0xCE, 0x35, 0x37, 0xB3,
    0x9A, 0x95, 0xF1, 0x36, 0x50, 0x82, 0xB0, 0x63, 0x99, 0x5A, 0x4D, 0x68, 0x34, 0xE4, 0x56, 0xD3,
    0xFF, 0x50, 0x77, 0x84, 0xE9, 0x00, 0x1A, 0xBD, 0xEB, 0x3F, 0x96, 0xE7, 0xAF, 0x5F, 0x95, 0x93,
    0xB0, 0xA3, 0x69, 0xA3, 0x14, 0x73, 0x13, 0x1A, 0x04, 0xFD, 0x78, 0xE2, 0x4E, 0x69, 0x12, 0x13,
    0xB7, 0x1B, 0x37, 0x77, 0x16, 0xA4, 0x26, 0x94, 0x58, 0x9D, 0x43, 0xEB, 0x0A, 0xEF, 0x5F, 0xBF,
    0x4E, 0x1C, 0xE8, 0x0F, 0x12, 0x9A, 0xC3, 0x73, 0x32, 0x71, 0x54, 0xB9, 0xE9, 0xB9, 0x9B, 0x4E,
    0x5B, 0x72, 0x26, 0xF8, 0x60, 0x9F, 0xB9, 0xA3, 0x80, 0xA7, 0xC8, 0x55, 0x7C, 0x35, 0xA8, 0xCC,
    0xD0, 0x86, 0x94, 0x58, 0x8F, 0xC6, 0xF5, 0x50, 0xFA, 0xA9, 0xB6, 0x7A, 0x28, 0xFD, 0x0C, 0x1F,
    0xCE, 0x58, 0x8B, 0xA3, 0x53, 0x66, 0x6E, 0x9A, 0x32, 0xDA, 0xEA, 0xFA, 0x6A, 0xA8, 0xBC, 0x9D,
    0xDA, 0xC3, 0xC9, 0x97, 0x0B, 0x2D, 0xB3, 0x85, 0x33, 0xAA, 0xA3, 0xAA, 0x0E, 0x14, 0x31, 0xD5,
    0x63, 0x35, 0xE4, 0xA8, 0x46, 0xA2, 0x47, 0x93, 0x37, 0xA0, 0x8B, 0x43, 0xD9, 0xE7, 0x98, 0x91,
    0x5C, 0x66, 0x86, 0xA5, 0x9B, 0x25, 0xEA, 0x20, 0x64, 0xE7, 0x5B, 0xE0, 0x08, 0x29, 0x41, 0xEC,
    0x98, 0x8A, 0x1C, 0x91, 0x97, 0x74, 0x67, 0x2D, 0x06, 0x3A, 0x57, 0x4B, 0x74, 0x5A, 0x3C, 0xF8,
    0xAD, 0x16, 0x15, 0xA6, 0x61, 0xB1, 0x01, 0x1A, 0x36, 0x14, 0x05, 0xEF, 0x37, 0xAE, 0x2A, 0x71,
    0xB6, 0xF1, 0xFE, 0xCC, 0xC1, 0x48, 0xEF, 0x82, 0x62, 0xEE, 0x48, 0xA1, 0x9A, 0x18, 0x2D, 0x2A,
    0x5D, 0x59, 0xB3, 0xED, 0x99, 0x2A, 0x0D, 0x1B, 0x2C, 0xA4, 0xD7, 0x3B, 0x69, 0x20, 0x68, 0x82,
    0xC6, 0x90, 0x96, 0xEA, 0xA4, 0xAE, 0x19, 0xE3, 0xFF, 0x2D, 0x8D, 0xE6, 0x09, 0xD2, 0x50, 0x34,
    0x4B, 0x1F, 0x88, 0x24, 0x67, 0x01, 0x38, 0xA1, 0xFF, 0xCD, 0x58, 0x81, 0x61, 0x7E, 0x0D, 0x3F,
    0x35, 0x25, 0xDC, 0xF4, 0x82, 0xA5, 0x97, 0x66, 0x43, 0xFA, 0x9E, 0x6B, 0x2E, 0x3E, 0x1B, 0x72,
    0xD6, 0x69, 0xE9, 0x4E, 0x3C, 0x3E, 0x67, 0xF5, 0x6F, 0xC8, 0xDC, 0x09, 0x9C, 0x84, 0xD4, 0xE8,
    0x69, 0x9C, 0xAC, 0x90, 0xB4, 0x35, 0x42, 0x0A, 0x53, 0xA2, 0x2D, 0x9C, 0xEC, 0x72, 0xE6, 0x2E,
    0x40, 0x99, 0x55, 0x8F, 0x54, 0x08, 0x04, 0x57, 0xB8, 0x84, 0x85, 0x2B, 0xA8, 0xA9, 0xC0, 0x51,
    0x96, 0xD5, 0x5E, 0xB2, 0x5C, 0x56, 0xD5, 0x68, 0x40, 0x5E, 0x4D, 0x26, 0x96, 0x24, 0xF5, 0x2D,
    0x19, 0x39, 0x21, 0x69, 0x90, 0x91, 0x99, 0xD3, 0x92, 0xFE, 0x91, 0x32, 0xB4, 0x26, 0xE9, 0x77,
    0x95, 0xA9, 0x8B, 0x92, 0x36, 0x2A, 0xD4, 0x5D, 0x26, 0x3C, 0x54, 0x7A, 0xC5, 0x4B, 0x70, 0x89,
    0x18, 0x1E, 0x6B, 0xAA, 0x03, 0xF2, 0x51, 0x86, 0xD2, 0x13, 0x02, 0x24, 0xD0, 0x11, 0x68, 0x47,
    0xB2, 0xC8, 0x3C, 0xCA, 0xCC, 0x5C, 0x8A, 0xF1, 0xB9, 0x55, 0x5E, 0xFF, 0x49, 0x93, 0x2A, 0x59,
    0x9B, 0x68, 0x5D, 0xBA, 0x82, 0xD5, 0x2F, 0xB2, 0x81, 0xD2, 0xB0, 0x14, 0x33, 0xC5, 0x44, 0x43,
    0x6E, 0xE9, 0x10, 0x68, 0xCB, 0x34, 0x84, 0xB0, 0x75, 0x50, 0xBA, 0xAB, 0xF1, 0xC0, 0xB2, 0xF3,
    0x02, 0x1D, 0x10, 0x87, 0x10, 0xEF, 0xB4, 0x19, 0x83, 0x32, 0xB0, 0x20, 0x81, 0x7E, 0xAB, 0x94,
    0x4B, 0xBA, 0xAB, 0x61, 0x3B, 0x6A, 0xB5, 0x02, 0x26, 0x4C, 0x7B, 0xCE, 0x67, 0x59, 0xC0, 0x20,
    0x03, 0x0D, 0x7A, 0xAB, 0xE9, 0x0E, 0xC3, 0x3D, 0x00, 0x21, 0xB8, 0xF7, 0x66, 0xA3, 0xD6, 0xA7,
    0x9D, 0x27, 0x44, 0xDD, 0x39, 0x2D, 0x4D, 0x3D, 0x4A, 0xB1, 0x25, 0x3D, 0xA7, 0x99, 0x7F, 0xAC,
    0xF9, 0x28, 0xDD, 0x3D, 0xBC, 0x43, 0xED, 0xA7, 0x3F, 0xE0, 0x12, 0x33, 0x8E, 0x30, 0xBF, 0xA6,
    0xC4, 0x93, 0x5B, 0xB4, 0x07, 0x05, 0xA5, 0xA0, 0x4E, 0xD5, 0x0C, 0xD4, 0x53, 0x35, 0x17, 0xB2,
    0x86, 0x05, 0x2A, 0xBD, 0x08, 0x42, 0x33, 0xBA, 0xA3, 0x37, 0x94, 0x55, 0x8B, 0xC8, 0x7E, 0x97,
    0x66, 0xF5, 0x5B, 0x2E, 0xB2, 0x77, 0x07, 0x81, 0x1C, 0x16, 0x8C, 0x25, 0x61, 0x52, 0x13, 0xB5,
    0xE0, 0x45, 0xDC, 0x86, 0x06, 0x34, 0x68, 0xC3, 0xA4, 0x21, 0x7A, 0x14, 0x57, 0x57, 0x8F, 0x22,
    0xA6, 0x7D, 0x72, 0xF4, 0x7D, 0x1C, 0x3C, 0x87, 0x9C, 0x0F, 0xBA, 0xEA, 0x03, 0x49, 0x60, 0x1F,
    0x82, 0x54, 0xF5, 0xB0, 0x24, 0xE6, 0x07, 0x92, 0x88, 0xEE, 0xB4, 0x47, 0x25, 0x11, 0x3C, 0x49,
    0x12, 0x33, 0x95, 0x44, 0x7B, 0x20, 0x89, 0x80, 0x15, 0xE6, 0x20, 0xFB, 0xA0, 0xA7, 0x24, 0x8C,
    0x46, 0x7F, 0x7F, 0xEE, 0x62, 0xA8, 0x4B, 0xB5, 0x0A, 0x3D, 0x2A, 0xE9, 0x53, 0xF5, 0x95, 0x6F,
    0xBC, 0x7E, 0x28, 0xF6, 0x5F, 0x65, 0xE8, 0x9F, 0x16, 0x5C, 0x6B, 0x36, 0x78, 0xB9, 0xA6, 0x33,
    0x58, 0x3E, 0xAC, 0x5C, 0xC4, 0x86, 0xBC, 0x28, 0x3D, 0x32, 0x13, 0x68, 0xA0, 0x51, 0x39, 0x47,
    0xE5, 0xA6, 0x82, 0xB3, 0x66, 0xB0, 0xA1, 0xB2, 0xBA, 0x43, 0x69, 0xE1, 0x17, 0x13, 0xD3, 0x41,
    0xD0, 0x2A, 0x65, 0xCC, 0xC1, 0xC0, 0x1C, 0x79, 0xD1, 0xDD, 0x1C, 0xE4, 0x28, 0x34, 0xB0, 0x7C,
    0xEF, 0xFF, 0x41, 0xC2, 0x7F, 0xDB, 0x2C, 0x01, 0x59, 0xDB, 0x80, 0x3B, 0x63, 0x11, 0x56, 0xD7,
    0x59, 0x40, 0xB2, 0xBA, 0xFB, 0x6D, 0xCD, 0xD2, 0x69, 0x7F, 0x1A, 0x61, 0xFC, 0xBE, 0x19, 0x2A,
    0xD2, 0x90, 0x6C, 0x85, 0x9A, 0x23, 0x53, 0x3F, 0xDD, 0x31, 0x4A, 0x16, 0xD6, 0xDA, 0x31, 0x05,
    0x2C, 0x2E, 0xC1, 0x40, 0x91, 0x2D, 0xA3, 0xBC, 0x3A, 0x3F, 0x81, 0x75, 0x30, 0x6D, 0xD3, 0xB6,
    0x25, 0xC1, 0xF1, 0x34, 0xE3, 0x77, 0x6F, 0x5B, 0xAC, 0x3C, 0x8E, 0x99, 0xA5, 0xBF, 0x6D, 0x41,
    0xE1, 0xEA, 0x2A, 0x59, 0xF3, 0x28, 0x80, 0x17, 0x06, 0xB0, 0x52, 0xC5, 0xBB, 0xFC, 0x4A, 0x91,
    0x59, 0x91, 0xCA, 0xE9, 0x5D, 0xA1, 0xCA, 0xA1, 0xD9, 0x23, 0xA3, 0xEA, 0x07, 0xE6, 0xA2, 0xA3,
    0xBC, 0xB9, 0x2C, 0x4A, 0x69, 0x1E, 0xFD, 0xBE, 0x62, 0x58, 0x02, 0xB3, 0x1C, 0xBD, 0xEE, 0xC2,
    0x4E, 0xA6, 0xE3, 0xB7, 0x74, 0x42, 0xE8, 0xD6, 0xD5, 0x60, 0x0B, 0x10, 0xA0, 0xFD, 0xFA, 0x0A,
    0x0E, 0x00, 0x10, 0xAE, 0x7D, 0x64, 0x70, 0xE4, 0x06, 0x97, 0x8A, 0x2B, 0xCB, 0x8B, 0xC1, 0x5C,
    0x79, 0x55, 0x6D, 0x33, 0x54, 0xF1, 0x30, 0x18, 0xCC, 0xB5, 0x1D, 0x14, 0xCE, 0xBC, 0x89, 0x53,
    0x38, 0x2D, 0x20, 0xD1, 0xFC, 0x0F, 0xE7, 0x5E, 0xDF, 0x50, 0x1B, 0x37, 0xB8, 0x98, 0x61, 0x53,
    0x10, 0x49, 0x0D, 0x97, 0x57, 0xCD, 0x47, 0x1A, 0x89, 0xF6, 0xD4, 0xE7, 0xD4, 0x40, 0xD6, 0xC9,
    0x34, 0xBD, 0x3E, 0x55, 0x7C, 0xE9, 0x88, 0x27, 0xA6, 0x0E, 0xB4, 0xFB, 0xC1, 0xE2, 0x2E, 0x79,
    0x45, 0x8B, 0xF8, 0x15, 0xF5, 0x0F, 0x8D, 0x75, 0x9F, 0xA9, 0x97, 0xA8, 0xF8, 0x72, 0x7B, 0x90,
    0x9D, 0xAA, 0x10, 0x23, 0x35, 0xC1, 0xEB, 0xD7, 0x33, 0x84, 0xA7, 0xEB, 0x3F, 0x4E, 0x58, 0xD1,
    0xA2, 0x1C, 0x65, 0x2E, 0x0F, 0x11, 0xD0, 0x08, 0xE3, 0x1A, 0x62, 0x60, 0xB6, 0xC9, 0x9D, 0xF1,
    0xFB, 0x2F, 0x35, 0x00, 0x0A, 0xC2, 0xF9, 0x54, 0x7B, 0xA2, 0xD6, 0xDC, 0xAA, 0x41, 0x4B, 0x64,
    0xC3, 0x73, 0x35, 0x1B, 0x7C, 0x76, 0x49, 0x49, 0x89, 0xEC, 0xBA, 0xA9, 0x23, 0xFA, 0xC8, 0xAE,
    0xA9, 0x97, 0xF9, 0x5B, 0x99, 0x06, 0xC4, 0xC5, 0x37, 0xA1, 0x6C, 0x76, 0x91, 0xDF, 0x85, 0xE4,
    0x99, 0x8B, 0x7E, 0x5F, 0xCC, 0x6F, 0x18, 0xE5, 0x61, 0x78, 0x5F, 0x41, 0x04, 0x80, 0x59, 0x75,
    0x18, 0x00, 0xB3, 0x3F, 0x84, 0x74, 0xD7, 0xDB, 0x19, 0x4A, 0xC3, 0xD1, 0xD0, 0xBB, 0x59, 0x97,
    0x01, 0xF7, 0xE4, 0xCF, 0xAF, 0x67, 0xC7, 0xAF, 0x67, 0x6A, 0x94, 0x79, 0xA5, 0x69, 0xAD, 0xC6,
    0x59, 0x28, 0xEC, 0x92, 0xCB, 0xC0, 0x4F, 0xB9, 0x98, 0xAA, 0x7D, 0x15, 0x99, 0xE9, 0x43, 0x8C,
    0x72, 0x55, 0x6B, 0xBA, 0xE2, 0x6A, 0xA8, 0xDE, 0x25, 0xE2, 0xF1, 0x50, 0xBD, 0xCE, 0x86, 0x72,
    0xD6, 0x55, 0x5C, 0x91, 0xCB, 0xE8, 0xCD, 0x4D, 0x05, 0x1B, 0xA9, 0x5D, 0x9A, 0xBF, 0x3E, 0x98,
    0x9F, 0x0B, 0xC8, 0xC6, 0x3A, 0x93, 0xAB, 0x5D, 0x60, 0xDE, 0x76, 0xE1, 0x13, 0x75, 0x23, 0xCD,
    0x2F, 0xED, 0x5D, 0x82, 0x02, 0x52, 0xBD, 0xEB, 0x7F, 0x05, 0x5F, 0x3F, 0xD9, 0x72, 0xD2, 0x25,
    0x97, 0x35, 0x18, 0x7D, 0x1D, 0x80, 0xE1, 0xF4, 0x1E, 0x6D, 0x6C, 0x56, 0xD4, 0x65, 0xEE, 0x69,
    0xC3, 0x4B, 0x15, 0xFA, 0x7D, 0x35, 0x5E, 0x6E, 0x1B, 0xD5, 0x8F, 0x33, 0xFC, 0x34, 0x7B, 0x8C,
    0xE1, 0xBB, 0x51, 0xAC, 0x23, 0x40, 0x80, 0x4B, 0x9E, 0xDD, 0x71, 0x7B, 0x51, 0xAB, 0xF7, 0xEC,
    0xEA, 0x50, 0xBF, 0x88, 0x24, 0x51, 0xAD, 0xFD, 0xD9, 0x46, 0x9B, 0x04, 0x0D, 0x87, 0x6A, 0x6F,
    0x7B, 0x71, 0x54, 0xD6, 0x83, 0xC3, 0x47, 0x67, 0x42, 0x4F, 0x3A, 0xCE, 0x16, 0x9D, 0xFA, 0x17,
    0xF4, 0xB8, 0xAA, 0x60, 0xB8, 0xAE, 0xD2, 0xD8, 0x00, 0x2B, 0xE7, 0xCF, 0x6F, 0xBA, 0x5C, 0xB3,
    0x38, 0x48, 0xED, 0x99, 0x32, 0x5C, 0xFE, 0x63, 0x66, 0xFE, 0xDA, 0x02, 0xA2, 0x9A, 0xB5, 0x6D,
    0x5E, 0xBA, 0xB6, 0x10, 0xBB, 0x41, 0x2C, 0x7D, 0x99, 0x52, 0xC5, 0x43, 0xBB, 0x68, 0x63, 0xE0,
    0x86, 0xA5, 0x70, 0xEB, 0xDA, 0x48, 0x3A, 0xA5, 0x3A, 0x34, 0xED, 0xD0, 0x94, 0x64, 0x28, 0x7F,
    0xD3, 0x41, 0xBF, 0x2F, 0x2C, 0x07, 0x59, 0xB9, 0xB6, 0x64, 0x8A, 0xFA, 0x74, 0xE8, 0xDB, 0xAD,
    0x15, 0x77, 0x65, 0x71, 0xE5, 0xD9, 0x2D, 0xD7, 0x24, 0xFA, 0xC6, 0x61, 0x6A, 0xAA, 0xC7, 0x50,
    0x73, 0x68, 0xD9, 0x05, 0x35, 0x37, 0x1E, 0x62, 0xE0, 0xD0, 0xB4, 0xE8, 0x21, 0x6A, 0x86, 0x29,
    0x9A, 0xAA, 0xE9, 0xE7, 0x39, 0x7D, 0xC6, 0x62, 0x16, 0x00, 0xB3, 0x22, 0xC1, 0xB9, 0xCC, 0x14,
    0xA5, 0xB1, 0x6B, 0x7E, 0xB9, 0xE4, 0x55, 0xBE, 0xAD, 0x65, 0xB7, 0x96, 0xE5, 0x8B, 0x9A, 0x7B,
    0x68, 0x2D, 0xAB, 0x82, 0x7B, 0xA5, 0x89, 0x8A, 0x6D, 0x63, 0x9F, 0x81, 0x90, 0x2F, 0x4B, 0xFC,
    0x51, 0x27, 0x3B, 0x5E, 0xEB, 0xB5, 0x7E, 0xC3, 0x5E, 0x43, 0x58, 0x1A, 0x18, 0x6C, 0x58, 0x25,
    0x59, 0x64, 0x53, 0x58, 0xD9, 0x0E, 0x22, 0xD8, 0x44, 0x3E, 0xCF, 0xF6, 0x4D, 0xFE, 0xD4, 0xF4,
    0x54, 0x7A, 0x29, 0x6F, 0xF3, 0x32, 0x2E, 0x01, 0x30, 0x6F, 0x16, 0x92, 0x34, 0x2E, 0xB7, 0xAF,
    0xD8, 0x3E, 0x52, 0x16, 0x3B, 0xED, 0xF9, 0x90, 0x8B, 0x34, 0x68, 0xCC, 0xC7, 0xBD, 0xDD, 0x9F,
    0xCE, 0xA3, 0xFF, 0x88, 0xEA, 0x5E, 0x72, 0x78, 0xD4, 0xC7, 0x8D, 0xEC, 0xA7, 0x12, 0xDD, 0xAA,
    0xA4, 0x1B, 0x4B, 0xF2, 0x9A, 0x35, 0xD5, 0x58, 0xBA, 0x00, 0xDB, 0x8C, 0x2E, 0x14, 0x82, 0x60,
    0xC6, 0x1E, 0x52, 0x74, 0xA1, 0x8C, 0xA4, 0x89, 0xB2, 0xE7, 0xB0, 0x1C, 0x16, 0x66, 0x3F, 0x6F,
    0xEC, 0xD2, 0x65, 0x5C, 0xD7, 0x1E, 0xF2, 0x0A, 0x9B, 0xDE, 0x2E, 0x03, 0x14, 0x74, 0xB9, 0x3A,
    0xDF, 0xF1, 0x3D, 0x42, 0xA2, 0x1D, 0x12, 0x56, 0xF5, 0x79, 0x35, 0xF4, 0xD1, 0x91, 0x2B, 0xCC,
    0x0F, 0x90, 0x3A, 0x7B, 0xB3, 0x4D, 0x78, 0x4E, 0xC1, 0x57, 0x6B, 0x5E, 0x4B, 0x0C, 0x2A, 0x65,
    0x5F, 0x23, 0x24, 0xAE, 0x34, 0x1A, 0x76, 0xB8, 0x0A, 0x6A, 0xC3, 0xC2, 0xFE, 0x77, 0xF0, 0xCC,
    0xFF, 0xC7, 0xA7, 0xFD, 0xEE, 0xD2, 0xAC, 0x32, 0xFD, 0x3B, 0xA8, 0x9B, 0x1B, 0xD6, 0x69, 0x01,
    0x48, 0xFC, 0x1B, 0x1B, 0x65, 0x6D, 0x54, 0x8C, 0x42, 0x9B, 0x9C, 0xAB, 0xF2, 0x2B, 0xF7, 0x66,
    0xDA, 0x58, 0x1A, 0x48, 0x14, 0x3B, 0x93, 0x6B, 0xC9, 0xED, 0xDA, 0xC0, 0x5B, 0x12, 0xD7, 0xC7,
    0x3A, 0xAE, 0x62, 0x37, 0x7F, 0xAD, 0x89, 0x74, 0x15, 0xBA, 0xD7, 0x03, 0x6B, 0xC3, 0xAB, 0x83,
    0x01, 0xA0, 0x9C, 0x7E, 0x17, 0x20, 0xEB, 0x6A, 0x09, 0xED, 0xD1, 0xD0, 0xF3, 0xBA, 0x83, 0x6E,
    0x81, 0xE7, 0x40, 0x25, 0xD6, 0x99, 0xBE, 0x4B, 0x61, 0xD2, 0x83, 0xC6, 0xCE, 0xA2, 0x5F, 0x13,
    0x94, 0x43, 0xF7, 0xEF, 0x20, 0x23, 0x72, 0x20, 0x3E, 0xB4, 0x83, 0xBC, 0xE6, 0xD1, 0x3D, 0x37,
    0xDC, 0x4C, 0x37, 0x78, 0x4F, 0x7B, 0x7D, 0x0A, 0xF6, 0x23, 0x6D, 0xB9, 0x9A, 0x79, 0x7D, 0x10,
    0x15, 0xD8, 0x43, 0xFD, 0x25, 0x52, 0x8D, 0x8F, 0xC0, 0xE4, 0x38, 0xFC, 0x19, 0xB6, 0x03, 0x41,
    0x29, 0xB7, 0x6B, 0xA1, 0xFC, 0xA0, 0xC2, 0x8E, 0x31, 0x5B, 0xBF, 0x23, 0x12, 0x35, 0x26, 0x7D,
    0x53, 0x17, 0x2A, 0xDD, 0xC2, 0x1A, 0x99, 0x23, 0x4A, 0x85, 0x6F, 0x07, 0x11, 0xDE, 0x2A, 0x09,
    0xB3, 0x69, 0xE5, 0x31, 0x31, 0x02, 0x7D, 0x09, 0x99, 0x18, 0x33, 0xB7, 0x28, 0x65, 0x7E, 0x1E,
    0x8B, 0x6E, 0x32, 0xF0, 0x7D, 0x13, 0x4B, 0xE5, 0x87, 0x8A, 0x3D, 0x32, 0x42, 0x31, 0x24, 0x83,
    0x04, 0x2E, 0xD3, 0xB1, 0x81, 0x93, 0x5D, 0xDA, 0x49, 0xFB, 0x8B, 0xCE, 0xFB, 0x32, 0xEB, 0xFC,
    0x7B, 0x5E, 0x63, 0x5A, 0x04, 0x18, 0xFC, 0x0B, 0x21, 0xF8, 0xC8, 0xE2, 0x1F, 0xCA, 0xED, 0x24,
    0x4B, 0xB3, 0x54, 0xD2, 0x13, 0x23, 0x99, 0x5C, 0xBC, 0x2C, 0x7D, 0x39, 0x66, 0xB8, 0x75, 0xFD,
    0x51, 0x7C, 0xBD, 0xE6, 0x91, 0x8E, 0x24, 0x22, 0x6E, 0x16, 0x4C, 0x05, 0x13, 0x9E, 0xDD, 0xD7,
    0x32, 0xAA, 0x1D, 0xDA, 0x48, 0x41, 0xA5, 0x60, 0x78, 0x33, 0x8B, 0xFF, 0x4B, 0xAB, 0x84, 0xE2,
    0x41, 0xE7, 0x4D, 0x93, 0x4C, 0xCD, 0x99, 0xC6, 0xF2, 0xC4, 0x8F, 0xC7, 0x67, 0x2C, 0x15, 0x7C,
    0x9A, 0xF0, 0x32, 0xB5, 0xFE, 0x56, 0xBD, 0xD0, 0xD8, 0xCE, 0xC3, 0x26, 0xEC, 0x28, 0x3B, 0xB8,
    0x6A, 0x17, 0x26, 0xA2, 0x06, 0xD0, 0x0E, 0x2D, 0x70, 0xB5, 0x00, 0xDA, 0xD4, 0x55, 0x98, 0x57,
    0x50, 0xEE, 0x51, 0xC8, 0x0B, 0x60, 0x57, 0x21, 0xEA, 0xFB, 0xC7, 0xD9, 0xA2, 0xBD, 0x6C, 0x9D,
    0xB1, 0x28, 0xCD, 0xDD, 0xB0, 0x6B, 0x92, 0x25, 0x05, 0xF2, 0xDE, 0xC6, 0x54, 0x7F, 0x39, 0xF3,
    0x9A, 0xBD, 0x53, 0x32, 0xBE, 0xE6, 0x6A, 0x8B, 0x98, 0x75, 0xD8, 0xE7, 0x99, 0x98, 0xFF, 0x01,
    0x77, 0xED, 0x98, 0xAF, 0xA2, 0x0A, 0x49, 0x11, 0xB1, 0xA3, 0x62, 0x67, 0x39, 0x28, 0x23, 0xBE,
    0xB8, 0x64, 0x2F, 0x78, 0x97, 0x2E, 0xE9, 0xB2, 0x69, 0xCB, 0x7E, 0xBF, 0xFE, 0xA6, 0xA4, 0x3F,
    0xB4, 0xEE, 0xCD, 0x76, 0x58, 0x1E, 0xFA, 0x65, 0xF7, 0x06, 0xBF, 0x81, 0xCC, 0xEA, 0x60, 0x2E,
    0x31, 0x92, 0xDB, 0xA9, 0xDF, 0xA2, 0x00, 0xEE, 0x6F, 0xF6, 0xEF, 0xF4, 0xC5, 0x9D, 0x3B, 0xEF,
    0xDE, 0x79, 0xB7, 0xBA, 0xFA, 0xE5, 0xCB, 0x5F, 0xBE, 0xDC, 0x9E, 0x9D, 0x14, 0x93, 0x8C, 0xDD,
    0xF9, 0x14, 0x5E, 0x1C, 0x95, 0x31, 0x72, 0x4E, 0xAA, 0x36, 0xB2, 0x0E, 0xBD, 0xD8, 0x3C, 0xC5,
    0x66, 0x23, 0x58, 0x62, 0x07, 0x2E, 0x52, 0xD9, 0x79, 0x86, 0x3A, 0x4F, 0x7E, 0x02, 0x1B, 0x00,
    0x75, 0x5E, 0xE3, 0x1A, 0x25, 0x53, 0x6F, 0xE6, 0xF5, 0x3F, 0xED, 0xED, 0x9D, 0x8F, 0x3F, 0xAC,
    0xAF, 0xFE, 0xA6, 0xE8, 0xCE, 0xEE, 0x03, 0x84, 0x52, 0x0B, 0xA6, 0x61, 0x22, 0x34, 0x16, 0xBF,
    0xF1, 0x5D, 0x23, 0x76, 0x04, 0x79, 0x60, 0x9D, 0x3F, 0xC0, 0x2A, 0x3F, 0x07, 0x38, 0xCE, 0xBD,
    0xC6, 0xBB, 0xA7, 0x20, 0x60, 0xBE, 0x68, 0x81, 0x5D, 0x25, 0xB0, 0x0B, 0x88, 0x59, 0x01, 0x42,
    0x41, 0x08, 0x8A, 0xA3, 0x09, 0xA8, 0xBA, 0x59, 0x7B, 0x1D, 0xAA, 0xF0, 0x73, 0x58, 0x27, 0xC1,
    0x12, 0xB3, 0x1D, 0xE0, 0x6C, 0xC6, 0x06, 0x1B, 0x83, 0x67, 0x87, 0xB4, 0xF8, 0xF7, 0xEF, 0x7F,
    0xD8, 0xC9, 0x0F, 0xEF, 0x23, 0x16, 0xBF, 0xD5, 0xB9, 0xEE, 0x1C, 0x0E, 0x15, 0x2B, 0x83, 0x12,
    0x49, 0x60, 0x68, 0xB5, 0xCC, 0x41, 0xE2, 0x16, 0x15, 0xEA, 0x47, 0x10, 0x71, 0x52, 0x40, 0x2D,
    0xE9, 0xBF, 0x43, 0xB4, 0x23, 0xE2, 0xE4, 0xFE, 0x03, 0x77, 0xEE, 0x16, 0x76, 0xA0, 0x86, 0xA2,
    0x10, 0xA0, 0x07, 0x0D, 0xC3, 0xD3, 0xDE, 0x95, 0x15, 0xFB, 0x4F, 0x00, 0xF9, 0xF2, 0x28, 0xC8,
    0x4F, 0x09, 0xF2, 0x32, 0x3D, 0x35, 0x92, 0xBC, 0xC5, 0x94, 0x72, 0xF1, 0xAE, 0xAF, 0x19, 0xE2,
    0xD2, 0x43, 0xEF, 0xFA, 0x60, 0x50, 0x01, 0xFB, 0x10, 0xD3, 0xA0, 0x8E, 0xBB, 0xBC, 0xBA, 0xF3,
    0x69, 0xF2, 0x87, 0xD1, 0xD6, 0x8B, 0x67, 0x27, 0xAE, 0x41, 0xC4, 0x11, 0x3B, 0x8E, 0xAC, 0x48,
    0xDF, 0x6B, 0x3F, 0x38, 0x4D, 0x17, 0x20, 0x86, 0x24, 0x61, 0x69, 0xD3, 0x46, 0x3E, 0xF2, 0xC0,
    0x17, 0x69, 0x35, 0xC8, 0x4A, 0x98, 0xE6, 0xF4, 0xA2, 0xAD, 0x0B, 0x86, 0x12, 0x14, 0xC1, 0x36,
    0x05, 0x62, 0x7E, 0x52, 0x69, 0x5F, 0x60, 0x30, 0x98, 0xA8, 0xEF, 0xBE, 0x79, 0xEF, 0x75, 0x67,
    0x38, 0xFA, 0xA2, 0x3B, 0xD1, 0x1E, 0x27, 0xD2, 0xD0, 0x57, 0xB2, 0xF1, 0xB2, 0xF9, 0x75, 0x09,
    0x64, 0x49, 0x2B, 0xC5, 0x83, 0x24, 0xFB, 0x16, 0xE2, 0x44, 0x5C, 0x4C, 0xC1, 0xF2, 0x45, 0x00,
    0xC1, 0x0B, 0xFB, 0xD8, 0x88, 0x38, 0xC5, 0x20, 0x10, 0x5A, 0x56, 0x64, 0x51, 0xE5, 0x35, 0x90,
    0x75, 0x67, 0x60, 0x55, 0x66, 0xF4, 0x54, 0x7C, 0xEB, 0xDB, 0x7F, 0x6B, 0xFA, 0xD7, 0x66, 0x32,
    0x79, 0x85, 0xBC, 0x5D, 0xA9, 0xA3, 0x59, 0x54, 0xDF, 0xA9, 0x93, 0x7F, 0x8D, 0x8A, 0x14, 0xB3,
    0x2F, 0x21, 0x56, 0x94, 0x51, 0x11, 0x60, 0x89, 0x35, 0x9C, 0x02, 0x4D, 0x96, 0x70, 0x8A, 0x9C,
    0x35, 0xCC, 0xA2, 0x6A, 0x0F, 0x48, 0x96, 0x39, 0x47, 0x9B, 0x16, 0x7F, 0x16, 0x16, 0x69, 0x13,
    0xBD, 0xDF, 0x2D, 0xA5, 0xD2, 0x45, 0x1F, 0xBC, 0x5D, 0xC5, 0xC5, 0xE5, 0x17, 0xF6, 0xC9, 0x2B,
    0x45, 0xBE, 0xCE, 0xFF, 0x76, 0x60, 0x80, 0x43, 0xFB, 0x72, 0x11, 0x24, 0xD8, 0x50, 0x46, 0x5E,
    0xE7, 0x95, 0x61, 0x99, 0x16, 0x6B, 0x28, 0x89, 0x1A, 0x24, 0xD2, 0x1F, 0xFC, 0xFC, 0x1D, 0x2B,
    0xD3, 0x1A, 0x00, 0xEB, 0xB7, 0xAA, 0xCD, 0xA0, 0x82, 0x04, 0x73, 0x9B, 0xD6, 0xE6, 0xF3, 0x73,
    0xBD, 0x5D, 0x1E, 0x9D, 0x3E, 0x2D, 0x57, 0x3B, 0xA4, 0xBB, 0x9A, 0x3B, 0x69, 0x06, 0xA7, 0x41,
    0x81, 0xA8, 0xFA, 0x74, 0xE7, 0x8B, 0xFC, 0x45, 0xBD, 0x1A, 0xBC, 0xFA, 0xEA, 0x6D, 0x9B, 0xB6,
    0xD1, 0x4F, 0xE0, 0x8E, 0x69, 0x05, 0xE1, 0xED, 0x6B, 0x68, 0x00, 0x38, 0xE4, 0xD0, 0xBE, 0xE9,
    0x21, 0xB9, 0xE5, 0x7D, 0xE0, 0xD3, 0x0F, 0x21, 0x1A, 0x03, 0xD4, 0xCE, 0xBE, 0x86, 0x3C, 0x1C,
    0x72, 0x66, 0xD2, 0xDB, 0x85, 0x19, 0xD4, 0x8E, 0xAB, 0xE0, 0x36, 0xDF, 0xA8, 0xBC, 0x46, 0x60,
    0xE1, 0x7F, 0x3C, 0xB9, 0x5F, 0x0C, 0x49, 0x9B, 0x96, 0xD5, 0x1A, 0x40, 0xF8, 0x5A, 0x92, 0xEF,
    0xD1, 0x99, 0x65, 0xAF, 0x23, 0x58, 0x78, 0xB3, 0x6D, 0xD1, 0x56, 0xC3, 0x90, 0x0D, 0xF2, 0x25,
    0x4A, 0x7A, 0x77, 0x9D, 0xEF, 0x30, 0xFD, 0xCF, 0x7A, 0x6B, 0xA0, 0xD8, 0x63, 0x4C, 0x5C, 0x39,
    0x91, 0x59, 0x2B, 0xD3, 0x57, 0x26, 0xD6, 0x17, 0x15, 0xC5, 0xAE, 0x99, 0xFE, 0x2D, 0xBB, 0xD4,
    0xF7, 0xB2, 0x16, 0xCE, 0xE4, 0x59, 0x14, 0x9C, 0xC0, 0x93, 0x42, 0xC2, 0xFF, 0xD4, 0xA4, 0xA8,
    0x55, 0x2E, 0x35, 0xC1, 0x70, 0x71, 0x6B, 0xC3, 0x25, 0x4B, 0xDB, 0xEE, 0x45, 0x68, 0xAD, 0xEF,
    0x08, 0xA7, 0xEE, 0x2D, 0x93, 0xD1, 0xF6, 0x89, 0x06, 0xB4, 0x1B, 0x1A, 0x6B, 0x09, 0x8A, 0xA3,
    0x83, 0xF1, 0xEE, 0xB1, 0xA6, 0x5D, 0xC5, 0x50, 0xD9, 0x9C, 0xD2, 0x2E, 0xCA, 0xBA, 0x76, 0xAB,
    0x2F, 0x2A, 0x7D, 0x5A, 0x1E, 0x20, 0xC7, 0x35, 0xFA, 0xCA, 0x02, 0x94, 0x86, 0x8F, 0x1B, 0x58,
    0xEB, 0xC0, 0xF2, 0xC8, 0xC0, 0x48, 0x07, 0xAE, 0x1C, 0x1A, 0xB8, 0xA7, 0x49, 0xA4, 0x4B, 0x0C,
    0xD9, 0xD5, 0xBB, 0xE1, 0x00, 0xBB, 0x3D, 0x42, 0x9C, 0x55, 0xE2, 0x98, 0x86, 0xEE, 0x39, 0xA9,
    0x22, 0xEE, 0x87, 0xAF, 0x6B, 0x4D, 0xB8, 0x7E, 0x30, 0xBE, 0xD0, 0x94, 0xF1, 0x90, 0x28, 0x54,
    0x36, 0x2C, 0x16, 0xFF, 0x7E, 0x08, 0x2D, 0x79, 0x11, 0x9D, 0xBA, 0xF0, 0xD6, 0x4D, 0xEB, 0x02,
    0xF6, 0xFF, 0x02, 0xD5, 0x5A, 0x4D, 0x6C, 0xDD, 0x56, 0x76, 0x3E, 0x24, 0x3D, 0xE2, 0xC4, 0xB4,
    0x45, 0x2F, 0x66, 0x51, 0xC4, 0x92, 0x98, 0x85, 0x17, 0x6E, 0x20, 0x99, 0x5E, 0xA8, 0xE8, 0x43,
    0x23, 0x3D, 0xD2, 0x31, 0x8A, 0x2C, 0x0A, 0x74, 0x66, 0x51, 0xCF, 0x00, 0xED, 0x22, 0xB3, 0xE8,
    0xA6, 0x9D, 0xC1, 0x58, 0x28, 0xB4, 0x10, 0x10, 0x49, 0xA4, 0xED, 0x45, 0x16, 0x2D, 0x1A, 0xB7,
    0x40, 0x66, 0x13, 0xA0, 0xF5, 0x62, 0x16, 0x89, 0x3A, 0xC5, 0x3C, 0xA0, 0x5E, 0x78, 0x21, 0xE9,
    0xD1, 0xCE, 0xA2, 0x8B, 0x59, 0x94, 0x49, 0xD0, 0x06, 0x98, 0x02, 0x0D, 0x3B, 0x31, 0xBA, 0x49,
    0x07, 0x66, 0x01, 0xBA, 0xA0, 0x13, 0xF2, 0xB1, 0xDF, 0x77, 0x2E, 0x9F, 0x9E, 0x64, 0x67, 0x5A,
    0xB4, 0x69, 0x01, 0xF7, 0xC1, 0xA4, 0x9E, 0x1F, 0xEF, 0x3D, 0xF7, 0xFC, 0x7E, 0xE7, 0x9C, 0x7B,
    0x29, 0x76, 0x25, 0x41, 0x29, 0xE3, 0x54, 0x6A, 0x99, 0x7E, 0xEC, 0x58, 0xCE, 0x88, 0x6C, 0x88,
    0x9D, 0xC9, 0xBC, 0xC8, 0xA6, 0x38, 0xB9, 0xF8, 0x22, 0xFB, 0xE2, 0x94, 0x12, 0xA4, 0xD2, 0xEA,
    0xDF, 0x4C, 0x26, 0xE2, 0x54, 0xE2, 0x67, 0x9C, 0xF0, 0x35, 0x5C, 0x0B, 0xB8, 0x56, 0x71, 0x8D,
    0x44, 0xC6, 0xB9, 0x78, 0xEF, 0x94, 0xB2, 0xE2, 0x95, 0xB2, 0x7F, 0x36, 0x95, 0x6A, 0x20, 0x76,
    0xB9, 0x21, 0x4E, 0x91, 0x8B, 0xFB, 0xF3, 0x4C, 0xBC, 0x8F, 0x62, 0xF1, 0xFE, 0x49, 0xC4, 0xFB,
    0x57, 0x47, 0xBC, 0xEA, 0xB4, 0xB8, 0xD5, 0xB2, 0x38, 0x5D, 0x89, 0x2B, 0x15, 0x17, 0x04, 0xCE,
    0xE2, 0x5A, 0xEE, 0x89, 0x89, 0x9C, 0x6F, 0xC1, 0x4F, 0xD7, 0x89, 0x84, 0xF9, 0x0F, 0xC4, 0x6A,
    0xF0, 0xC4, 0xCF, 0xF1, 0x28, 0x12, 0xB9, 0x83, 0xFF, 0x59, 0xA9, 0x5B, 0x8A, 0x45, 0x6E, 0x44,
    0x12, 0x0E, 0x6F, 0xC9, 0x7E, 0xAD, 0x53, 0xF0, 0x15, 0x43, 0x31, 0x91, 0xBF, 0x57, 0xB8, 0x1C,
    0x8E, 0x5A, 0x13, 0x87, 0x72, 0x6D, 0xCA, 0x45, 0x71, 0x33, 0x8C, 0x9A, 0x48, 0xD4, 0x75, 0xA5,
    0xD3, 0x75, 0x58, 0x9D, 0x42, 0xD8, 0x72, 0xCA, 0x1D, 0xFF, 0xB5, 0xF3, 0xF7, 0xB5, 0x2F, 0x83,
    0x45, 0x19, 0x2C, 0xEB, 0xBF, 0x45, 0x19, 0x05, 0xAF, 0xE6, 0x49, 0x57, 0x9C, 0x93, 0xDB, 0x18,
    0xF5, 0xF2, 0x5E, 0x3C, 0xB7, 0xF7, 0x5A, 0x97, 0x5A, 0xE3, 0x34, 0x4A, 0x65, 0x49, 0xC0, 0xC3,
    0x12, 0xA4, 0x96, 0x15, 0xAE, 0x88, 0x9B, 0xD5, 0x90, 0xFF, 0xE8, 0xC7, 0xB8, 0xB9, 0x0D, 0xD6,
    0x05, 0xF1, 0x58, 0xAE, 0x25, 0xD7, 0x62, 0x30, 0xC3, 0x55, 0xA8, 0xB4, 0xA0, 0xEB, 0x1A, 0xC3,
    0xAA, 0x61, 0x9A, 0x12, 0x09, 0xD5, 0x0B, 0xC5, 0x90, 0x6B, 0xE8, 0x98, 0x84, 0x78, 0xEB, 0x48,
    0xA7, 0x33, 0xE6, 0x81, 0x1D, 0xB0, 0xD4, 0x0A, 0xE5, 0x90, 0x01, 0x6D, 0x43, 0x7D, 0x43, 0x05,
    0x05, 0x85, 0x82, 0x80, 0x0E, 0x74, 0x18, 0xCB, 0x9C, 0x7C, 0xC9, 0xC7, 0x0C, 0xCC, 0x4F, 0x0C,
    0xF4, 0x95, 0xE2, 0xA2, 0x2A, 0xFC, 0x88, 0xA2, 0xC8, 0x5C, 0x07, 0x16, 0x86, 0xDF, 0xC1, 0x92,
    0x15, 0x95, 0x0C, 0x33, 0xC2, 0x82, 0x53, 0xA6, 0x6C, 0x32, 0x25, 0xAA, 0xAE, 0x31, 0xD4, 0xEA,
    0xFD, 0x64, 0x22, 0xB2, 0x6D, 0x41, 0xC2, 0x52, 0xA2, 0xCC, 0x29, 0x20, 0x1D, 0x6E, 0x5E, 0x86,
    0xB1, 0xF8, 0xD6, 0x88, 0x1F, 0xDB, 0x5D, 0xBA, 0x83, 0xB1, 0x5F, 0x14, 0x90, 0x6F, 0x42, 0x02,
    0x18, 0x0B, 0x73, 0x91, 0x80, 0x1A, 0xCE, 0x4F, 0x69, 0xD5, 0x18, 0x06, 0x0C, 0xA0, 0x86, 0x6C,
    0x1B, 0x34, 0xB9, 0xBE, 0x7E, 0xD6, 0x9D, 0x0F, 0x9B, 0xF0, 0xA7, 0xE5, 0xD8, 0x8F, 0xAB, 0xA9,
    0x1C, 0xE7, 0x3B, 0xD8, 0xC0, 0x7E, 0xF2, 0x9B, 0x07, 0x98, 0x0E, 0x4F, 0x4A, 0xE5, 0x1E, 0xFE,
    0x5B, 0xD8, 0x9C, 0x71, 0xD7, 0x4D, 0xE7, 0xBA, 0x72, 0xCD, 0x97, 0xE8, 0x5A, 0xB9, 0xB8, 0x62,
    0xD5, 0x32, 0x9A, 0x5F, 0x03, 0x33, 0xDF, 0xF5, 0x37, 0xBD, 0x4C, 0xCE, 0xF9, 0x23, 0xAC, 0x24,
    0xFE, 0x08, 0xB3, 0x64, 0xBE, 0x9C, 0xDD, 0x17, 0xCB, 0x20, 0xB5, 0xE3, 0xE5, 0x91, 0x9F, 0x79,
    0x32, 0xD8, 0x74, 0x2A, 0x58, 0x7B, 0x4D, 0xC6, 0x8D, 0x55, 0x5C, 0xA2, 0xE2, 0x53, 0x70, 0x06,
    0xC6, 0x40, 0x86, 0x0B, 0x1D, 0xC6, 0xE7, 0x73, 0xF2, 0xF7, 0x64, 0x16, 0x2C, 0x9F, 0x17, 0xD6,
    0xE3, 0x56, 0xB6, 0xBD, 0xCC, 0x8F, 0x6B, 0x1B, 0x04, 0xD7, 0xED, 0xD2, 0xCB, 0x76, 0xA5, 0xF1,
    0x73, 0xFF, 0xFD, 0xFD, 0xEF, 0x76, 0xFF, 0x58, 0x3B, 0xE5, 0x41, 0x3F, 0x16, 0x9E, 0x90, 0xCD,
    0x0C, 0xB2, 0x20, 0xB9, 0xAC, 0x40, 0xB9, 0x98, 0x20, 0xBB, 0xB8, 0x0E, 0xA1, 0xB2, 0xCE, 0xAD,
    0xF4, 0x8A, 0x6E, 0x34, 0xD0, 0x76, 0x18, 0xCB, 0x36, 0x35, 0x9A, 0x42, 0x27, 0xA5, 0x17, 0x63,
    0x46, 0x01, 0x6F, 0x3F, 0xD5, 0x93, 0x6A, 0x8C, 0x4B, 0xC3, 0x68, 0x0C, 0x1B, 0x98, 0x06, 0xC1,
    0x6A, 0x51, 0xC2, 0xEE, 0xA3, 0xAE, 0xD4, 0x15, 0xC2, 0x56, 0xAC, 0xC7, 0xE7, 0x33, 0x18, 0xBA,
    0x3C, 0x1B, 0x34, 0x83, 0xC1, 0xFC, 0xCA, 0xF2, 0xE5, 0xC5, 0xE5, 0x85, 0x8D, 0xB0, 0x58, 0x18,
    0x0D, 0xCA, 0x85, 0xD1, 0xE6, 0xE8, 0xE2, 0xC6, 0x68, 0xE3, 0xF2, 0xAF, 0xFD, 0xE8, 0x42, 0xB1,
    0x0C, 0xBF, 0xF0, 0xE3, 0x10, 0xC6, 0xA9, 0x8E, 0x98, 0x6D, 0xCC, 0x17, 0xB7, 0x95, 0xC7, 0x3F,
    0xF0, 0x64, 0x61, 0x55, 0x7E, 0x23, 0x93, 0xCF, 0xC4, 0xF9, 0xBE, 0x2C, 0x6C, 0x48, 0x51, 0x05,
    0x32, 0x2E, 0xF4, 0xF9, 0xD7, 0x8D, 0x73, 0xC1, 0xA3, 0x34, 0x76, 0x47, 0xCA, 0x56, 0xD2, 0x75,
    0xF7, 0xF7, 0x3E, 0x7F, 0x8F, 0xDE, 0x46, 0xBE, 0xE8, 0x57, 0xFC, 0x0A, 0x6F, 0xBB, 0x76, 0xED,
    0x77, 0xBC, 0x8E, 0xAB, 0x84, 0xB9, 0xD3, 0xE5, 0x83, 0xE8, 0x46, 0x3A, 0x3C, 0x85, 0xF8, 0x84,
    0x85, 0xD6, 0x38, 0x11, 0xB7, 0xF4, 0xF6, 0xC0, 0x75, 0xBB, 0x2A, 0x31, 0xCA, 0x0A, 0x53, 0xBF,
    0xB3, 0x5F, 0x2D, 0x5F, 0x5A, 0xC2, 0x53, 0xF8, 0xF9, 0xA3, 0x4C, 0xD6, 0x69, 0x8D, 0xF5, 0x73,
    0xDE, 0x4F, 0x6F, 0x16, 0xD1, 0x43, 0x91, 0x3F, 0x90, 0x71, 0x9C, 0xC8, 0x10, 0x51, 0xB1, 0xC8,
    0xF1, 0xBF, 0x2A, 0xBF, 0x2F, 0xB2, 0x43, 0x38, 0x6B, 0x80, 0x6D, 0x02, 0xF5, 0x8B, 0x55, 0xE1,
    0xE6, 0x94, 0x6E, 0x8E, 0x89, 0x08, 0x3E, 0x2F, 0x83, 0xDF, 0xF9, 0x19, 0x62, 0x37, 0x48, 0x93,
    0x18, 0x00, 0xF1, 0x08, 0x7E, 0xE7, 0xEC, 0x9E, 0x96, 0x64, 0x69, 0xB8, 0x25, 0xE3, 0x3A, 0x29,
    0xE4, 0x93, 0x7C, 0x57, 0x2C, 0x2E, 0x4F, 0xA6, 0x55, 0x34, 0x86, 0x8B, 0xD0, 0x4D, 0x55, 0x08,
    0xBA, 0xC4, 0x34, 0x68, 0xD7, 0x67, 0x26, 0xBD, 0x0E, 0xD8, 0x01, 0xA8, 0xBC, 0x96, 0x42, 0x42,
    0x8F, 0x31, 0x0E, 0x57, 0xEC, 0xDA, 0x79, 0xDC, 0x9A, 0x45, 0xDE, 0xD6, 0x70, 0xAB, 0x07, 0xB8,
    0x55, 0x9B, 0x12, 0x76, 0xE5, 0x08, 0x71, 0x5D, 0xC0, 0x54, 0xD6, 0x07, 0x70, 0x2A, 0xFB, 0x01,
    0x96, 0x72, 0xDE, 0xE7, 0xED, 0x2A, 0xD6, 0x73, 0x69, 0x54, 0x9F, 0x4B, 0xCD, 0x53, 0x7F, 0x8B,
    0x94, 0x6D, 0x99, 0xB8, 0x32, 0x18, 0x50, 0x9D, 0x8C, 0xD3, 0xD1, 0x88, 0x76, 0xA7, 0xA9, 0x73,
    0x58, 0xC2, 0xBA, 0x8F, 0xA9, 0xF6, 0x4D, 0x4C, 0x0D, 0x6E, 0x35, 0xD1, 0x83, 0x4A, 0x5E, 0x80,
    0xBF, 0x6C, 0x48, 0xE9, 0xB4, 0xD6, 0x21, 0x40, 0xE3, 0xEC, 0xDA, 0xC5, 0x88, 0xF6, 0xF2, 0xE2,
    0x30, 0x7B, 0xA3, 0x84, 0x7A, 0xD6, 0x20, 0x82, 0x9F, 0x3A, 0x39, 0x3C, 0xF0, 0x1E, 0x64, 0x08,
    0x24, 0x82, 0xB6, 0xEC, 0x89, 0xD8, 0x55, 0x2D, 0xFB, 0x6E, 0x06, 0xA7, 0xB3, 0x4B, 0x37, 0x1B,
    0xCA, 0xBE, 0x93, 0xFB, 0xE9, 0x3A, 0x54, 0x98, 0x0F, 0xE5, 0x12, 0x22, 0x68, 0x9C, 0x1F, 0x03,
    0x95, 0x64, 0xEA, 0x24, 0xBD, 0x3F, 0x3B, 0x29, 0x58, 0xAC, 0xDC, 0x0C, 0x4A, 0xAD, 0xC4, 0x2D,
    0xA0, 0x9F, 0x16, 0x59, 0x20, 0xBA, 0xDF, 0x4A, 0x78, 0x7F, 0x02, 0x53, 0xB6, 0x50, 0x79, 0x83,
    0xB8, 0xAD, 0xB1, 0xDE, 0x5D, 0x38, 0xC6, 0x5D, 0xF8, 0xF3, 0x39, 0x2A, 0x37, 0x23, 0x0C, 0x11,
    0x13, 0x36, 0x9D, 0x9F, 0xC4, 0x84, 0xA9, 0x40, 0x35, 0x7E, 0x49, 0xD1, 0x69, 0x5D, 0xFD, 0x67,
    0x9B, 0x30, 0xC7, 0x34, 0x94, 0x12, 0xCF, 0xE9, 0xEC, 0x25, 0x9D, 0x1F, 0x91, 0x53, 0x38, 0xB9,
    0x5B, 0x3A, 0xA9, 0x9F, 0xBD, 0xF8, 0x23, 0x28, 0x3C, 0x25, 0x96, 0x7D, 0x02, 0x43, 0x95, 0x4E,
    0x40, 0x5F, 0x3C, 0x13, 0xD2, 0x64, 0x97, 0xD7, 0x89, 0x72, 0xC0, 0x7A, 0x19, 0x21, 0x76, 0x72,
    0xDA, 0xB5, 0x16, 0x4F, 0x03, 0x07, 0x2C, 0xCF, 0x55, 0xF2, 0x92, 0xC8, 0x8B, 0xEF, 0x82, 0x68,
    0x4C, 0x8F, 0x26, 0x10, 0x0F, 0x14, 0xA8, 0x4A, 0x4B, 0x89, 0x90, 0x13, 0x5F, 0x39, 0x59, 0x23,
    0x27, 0x0C, 0xB7, 0x7D, 0x75, 0x8E, 0x6A, 0x46, 0x04, 0x9C, 0x8C, 0x82, 0xC2, 0x29, 0xEC, 0x6C,
    0xDC, 0x84, 0xB5, 0x77, 0xE5, 0x03, 0xE8, 0x66, 0xD1, 0x11, 0x44, 0xFF, 0xA6, 0x85, 0xD1, 0x10,
    0x0A, 0x4B, 0x42, 0x28, 0x88, 0xB1, 0x48, 0x64, 0xA1, 0x50, 0x4B, 0x2A, 0xD4, 0xE6, 0xD7, 0x21,
    0x94, 0x9D, 0xAF, 0xCE, 0x13, 0x5B, 0x4A, 0x08, 0x15, 0x76, 0x26, 0xB6, 0xE2, 0x5E, 0xB7, 0x61,
    0x4E, 0x45, 0xFC, 0x10, 0xAB, 0x6E, 0x59, 0x84, 0xC2, 0x82, 0x4B, 0x72, 0x8E, 0xA6, 0x68, 0xE0,
    0x04, 0xE6, 0x7C, 0xAF, 0xE0, 0xCF, 0x76, 0x49, 0xFD, 0xD8, 0x25, 0x3D, 0xC7, 0x2E, 0xC0, 0xEC,
    0x39, 0x27, 0x2B, 0xED, 0x7C, 0x3B, 0xB8, 0x9A, 0xC1, 0xE5, 0x91, 0xD6, 0xA2, 0x8C, 0x32, 0x3C,
    0xC2, 0xA0, 0x91, 0xF3, 0x16, 0x1D, 0xFC, 0x2C, 0x04, 0xF4, 0x64, 0x75, 0x78, 0xA4, 0x1F, 0x78,
    0x70, 0x41, 0xD1, 0xEE, 0xA9, 0x68, 0x15, 0xD3, 0x0D, 0x22, 0xE9, 0x82, 0xC8, 0xE9, 0xF7, 0x4C,
    0x8E, 0x02, 0xAC, 0x93, 0x8C, 0x5D, 0x1D, 0xCF, 0x2F, 0x36, 0xAE, 0xCB, 0xA2, 0xB9, 0xA7, 0x90,
    0xB9, 0x09, 0x5C, 0x3B, 0xB7, 0x90, 0x84, 0xA3, 0xDB, 0x82, 0xB8, 0x93, 0x2D, 0x83, 0x52, 0x1B,
    0xD0, 0x25, 0x64, 0xBA, 0x08, 0xA3, 0xE7, 0x61, 0xEA, 0x20, 0xAB, 0xB9, 0x4C, 0x09, 0x26, 0xD3,
    0x31, 0x6C, 0xF9, 0xB9, 0xA4, 0x77, 0xEF, 0x99, 0x0C, 0x36, 0xAF, 0xF7, 0xA1, 0xDE, 0xC7, 0x32,
    0x4D, 0x8D, 0xE2, 0xE8, 0x77, 0x4F, 0x63, 0x71, 0x31, 0xA2, 0xC6, 0x06, 0x21, 0xEF, 0x23, 0xDE,
    0xAD, 0x9C, 0x29, 0xD7, 0x49, 0x69, 0x50, 0x4F, 0xF3, 0xCD, 0xA2, 0xDE, 0x23, 0x85, 0xE2, 0x11,
    0x73, 0xB1, 0x45, 0x30, 0xA0, 0x32, 0x51, 0x2E, 0x78, 0x5A, 0x34, 0xC0, 0x3A, 0x5E, 0x41, 0x43,
    0xE3, 0x8E, 0x18, 0x73, 0x0B, 0x66, 0xBF, 0xF3, 0x55, 0x34, 0xC1, 0x8A, 0xCA, 0xAE, 0x2A, 0x51,
    0x1F, 0x93, 0x0B, 0xA3, 0x86, 0x81, 0xFC, 0x12, 0x86, 0x9D, 0x62, 0xC6, 0x31, 0x6B, 0xAD, 0x23,
    0x96, 0xE5, 0x6F, 0xCA, 0x19, 0xCF, 0xCE, 0x4D, 0x25, 0xA3, 0x4C, 0xCB, 0xA2, 0x16, 0x06, 0x86,
    0x6B, 0x19, 0xA9, 0x72, 0x0C, 0xDB, 0x06, 0xF6, 0x0D, 0xDF, 0x2C, 0xB9, 0x1A, 0xE9, 0x19, 0x27,
    0x9F, 0xAD, 0xF4, 0x9C, 0x33, 0x2D, 0x1C, 0x8A, 0x61, 0x9D, 0xF5, 0x8F, 0x35, 0x8E, 0x8F, 0xF1,
    0xEE, 0xEA, 0xAA, 0xA1, 0x16, 0x14, 0x07, 0xDB, 0x5C, 0x27, 0x9F, 0x7F, 0x7E, 0x55, 0x3D, 0x64,
    0x4A, 0x93, 0xE8, 0x31, 0x15, 0xBE, 0x90, 0x50, 0x95, 0x67, 0x7B, 0x85, 0x1E, 0xFF, 0x98, 0x5F,
    0xEA, 0x63, 0x8A, 0x4E, 0xD4, 0x42, 0xAF, 0xA8, 0xAC, 0xCB, 0xCD, 0x8C, 0xE1, 0x79, 0x2D, 0xAF,
    0x3C, 0xF5, 0x5D, 0x37, 0x3E, 0x3C, 0x52, 0xB3, 0x9D, 0x51, 0x2F, 0x56, 0xAE, 0xCA, 0xEE, 0x58,
    0x71, 0xF6, 0x5A, 0xDE, 0xD0, 0xB2, 0x67, 0xA0, 0xEA, 0x45, 0x90, 0x83, 0x88, 0xE1, 0xD9, 0xD7,
    0xF2, 0x8D, 0x5E, 0xBA, 0xCB, 0xE4, 0x25, 0xD7, 0xF3, 0x19, 0xD3, 0x56, 0xA9, 0xE9, 0x61, 0xE2,
    0x73, 0xF9, 0xE8, 0x56, 0xA3, 0x08, 0xB7, 0xFD, 0xBC, 0x73, 0xDD, 0x7F, 0x8C, 0x57, 0xAF, 0x6C,
    0xF1, 0x7E, 0x79, 0x61, 0x76, 0x5F, 0xD5, 0x8A, 0x3C, 0x28, 0x9E, 0xCB, 0x80, 0x3C, 0x42, 0x21,
    0x28, 0xC1, 0x54, 0x8F, 0x7E, 0x6B, 0x8A, 0x56, 0xF1, 0x13, 0x05, 0x6D, 0x4C, 0x7E, 0x3D, 0x33,
    0xB9, 0xDB, 0x7D, 0xAB, 0xE8, 0x73, 0xFA, 0x2D, 0x8C, 0xB8, 0x43, 0x96, 0xEF, 0x37, 0x04, 0x2F,
    0x22, 0xFD, 0xA1, 0xB6, 0x32, 0x40, 0xE3, 0x28, 0x9E, 0x37, 0x5F, 0xFC, 0x4C, 0x73, 0xBF, 0x55,
    0xB8, 0xA6, 0x7E, 0xB3, 0x4A, 0xA7, 0x36, 0xB6, 0x2B, 0x11, 0x80, 0xAA, 0x15, 0xAA, 0x5E, 0xA7,
    0xDD, 0x45, 0xFE, 0xF1, 0xCC, 0x17, 0xDF, 0x24, 0xCA, 0x4D, 0x0D, 0xB8, 0x6F, 0xD0, 0x18, 0x2C,
    0x9D, 0x17, 0x94, 0x99, 0x56, 0x95, 0xB7, 0xA6, 0x15, 0x84, 0xAF, 0x05, 0x3D, 0x4B, 0x92, 0x94,
    0xC1, 0x1A, 0x3C, 0xBE, 0xF6, 0x7B, 0x99, 0xA0, 0x40, 0x42, 0x09, 0xD5, 0xD7, 0x71, 0x47, 0xDD,
    0x90, 0x22, 0xEC, 0x8B, 0xDD, 0x17, 0x99, 0xB8, 0x4F, 0xBE, 0x0D, 0xE1, 0x5B, 0x7A, 0x4F, 0xC8,
    0xD4, 0x41, 0xCF, 0xF0, 0x62, 0x2A, 0x75, 0x81, 0xA0, 0x20, 0x97, 0xCD, 0xEA, 0xDA, 0x14, 0x99,
    0x2E, 0xC3, 0xFC, 0x10, 0xCD, 0xD0, 0xD6, 0xE0, 0x80, 0x96, 0xE0, 0x66, 0x9C, 0x4E, 0x64, 0x57,
    0x07, 0x0B, 0x20, 0x6B, 0xA3, 0x9A, 0xF3, 0x35, 0xCF, 0xE0, 0x8E, 0x32, 0xDB, 0x7B, 0xF2, 0xED,
    0x96, 0x50, 0xF2, 0x39, 0x75, 0x71, 0x47, 0x09, 0xCC, 0xCC, 0xEF, 0x18, 0x2B, 0xEC, 0x8B, 0xD1,
    0x8A, 0x18, 0x98, 0x97, 0x75, 0x75, 0xA2, 0xA4, 0xCF, 0x62, 0xC6, 0xC5, 0xA3, 0x69, 0x23, 0x33,
    0x1D, 0xF4, 0x94, 0xF5, 0x1A, 0xF5, 0xD6, 0x7D, 0xE5, 0x69, 0x5B, 0x71, 0xCC, 0x78, 0xF1, 0x40,
    0xF9, 0x5B, 0xA5, 0x12, 0x37, 0xCE, 0x91, 0xCB, 0x3B, 0xDA, 0x90, 0xE4, 0x14, 0x84, 0xA5, 0x9A,
    0xA7, 0xC6, 0xF1, 0x73, 0x97, 0x25, 0xB0, 0x5A, 0x2C, 0x4C, 0xC9, 0x61, 0x14, 0x9F, 0x3E, 0x5A,
    0x35, 0xD1, 0x34, 0x75, 0xA8, 0xAC, 0x2B, 0x5A, 0x52, 0x13, 0x6B, 0x6A, 0x17, 0x64, 0xA2, 0x27,
    0xD7, 0xBE, 0x53, 0xAA, 0xD6, 0x0D, 0xAC, 0x9B, 0x52, 0xDD, 0xF8, 0xBB, 0x7A, 0xB1, 0x89, 0x54,
    0x2B, 0x7F, 0x8A, 0xE7, 0xBD, 0xBD, 0xBD, 0x1F, 0x43, 0x2F, 0x86, 0x73, 0xE9, 0x39, 0x87, 0xE0,
    0x07, 0x33, 0x9E, 0xB1, 0xCC, 0xB9, 0x97, 0x68, 0x87, 0x91, 0xF2, 0x5C, 0xF0, 0xFE, 0xE5, 0x3C,
    0x07, 0xCA, 0x73, 0xF8, 0x9F, 0xF1, 0x2C, 0xFF, 0x15, 0xCF, 0x8E, 0xB1, 0xB7, 0x5A, 0x73, 0x18,
    0x1A, 0xCF, 0x8D, 0x9F, 0x73, 0x9E, 0x6B, 0x8F, 0x68, 0xD6, 0x04, 0xF9, 0xF4, 0x6E, 0x7E, 0x79,
    0x9E, 0x7D, 0x63, 0xD2, 0x4F, 0xF5, 0x8F, 0x42, 0xA1, 0xD7, 0xED, 0xBB, 0xBA, 0x05, 0xA2, 0xCF,
    0x92, 0xBE, 0xBD, 0x6F, 0x4C, 0xD0, 0x31, 0x12, 0x19, 0x5F, 0x0C, 0x3D, 0xC2, 0x2C, 0x63, 0x52,
    0x77, 0x03, 0x32, 0xB3, 0x35, 0x30, 0x9D, 0x72, 0x38, 0x9B, 0xC6, 0x29, 0x6E, 0xCD, 0x4A, 0x3B,
    0x9E, 0x16, 0x82, 0x1A, 0xB8, 0x75, 0xBF, 0x4D, 0x32, 0xFD, 0x58, 0x5C, 0x36, 0x98, 0xC4, 0x86,
    0x88, 0x0E, 0x39, 0xEC, 0xF7, 0x1A, 0x34, 0xDC, 0x15, 0x75, 0xAB, 0x9E, 0x65, 0x85, 0xF8, 0xF6,
    0x99, 0xC7, 0x65, 0xBF, 0xFC, 0x89, 0xC7, 0x8A, 0x1E, 0xAC, 0xCC, 0x7B, 0x0E, 0xE8, 0x5D, 0x2E,
    0x70, 0xDE, 0xFD, 0xA8, 0x40, 0x0D, 0x7B, 0x8C, 0x85, 0x17, 0xF7, 0x52, 0x3C, 0xB8, 0x6D, 0x56,
    0xA0, 0x44, 0x5E, 0x61, 0x68, 0xEA, 0x02, 0x87, 0x7D, 0x14, 0xF9, 0xD3, 0x07, 0x55, 0x0F, 0x38,
    0x49, 0xBF, 0x3A, 0x1F, 0x90, 0x6D, 0x5D, 0xAF, 0xED, 0x19, 0xE5, 0x03, 0x46, 0x60, 0xBF, 0x76,
    0x45, 0x88, 0x7C, 0xD0, 0xC0, 0x28, 0x21, 0xE0, 0x32, 0xAE, 0x9F, 0xD2, 0xFA, 0xF9, 0xE9, 0xB4,
    0xFF, 0x43, 0xF1, 0xFB, 0x7A, 0xBC, 0xEB, 0x08, 0x81, 0xD1, 0x95, 0xEB, 0xA5, 0xAE, 0x46, 0xB3,
    0x1C, 0xEA, 0x6C, 0x98, 0x94, 0x1A, 0x6A, 0x54, 0x05, 0x24, 0xDB, 0xEA, 0xBA, 0xF8, 0x39, 0x52,
    0xAA, 0x64, 0xCD, 0xCF, 0x03, 0x6E, 0x09, 0xA1, 0x19, 0xCA, 0x39, 0x4C, 0x3D, 0xA3, 0x31, 0x0E,
    0x10, 0xF7, 0xEE, 0x61, 0x1C, 0x87, 0x9C, 0x84, 0xDC, 0x72, 0x13, 0x8F, 0xDB, 0x29, 0x64, 0x06,
    0x03, 0x09, 0xFB, 0xC9, 0xDB, 0xBF, 0xCB, 0x7B, 0xD7, 0x3D, 0x3C, 0x89, 0x46, 0x91, 0xAD, 0x51,
    0x63, 0xEA, 0x25, 0x59, 0x4E, 0x14, 0xAC, 0xCE, 0x7C, 0x49, 0xC5, 0x14, 0x60, 0x7A, 0xD4, 0x02,
    0x03, 0x32, 0x2D, 0x60, 0xFD, 0xCA, 0xEC, 0x24, 0x1C, 0x6A, 0x86, 0xB2, 0xFF, 0x2E, 0xD3, 0x1A,
    0xE1, 0xD3, 0x4A, 0xF3, 0xE4, 0x26, 0xB8, 0x01, 0xA1, 0x65, 0x70, 0x00, 0x30, 0x98, 0x07, 0x17,
    0x03, 0x62, 0x77, 0xC4, 0x7E, 0xDF, 0xCA, 0x10, 0x56, 0x04, 0x7D, 0xAB, 0x66, 0xCF, 0xC0, 0xAD,
    0xB9, 0x9C, 0x34, 0xBC, 0x7C, 0x83, 0x09, 0x5E, 0xF7, 0xC2, 0x40, 0x23, 0xFA, 0x6D, 0x45, 0x4E,
    0xEF, 0xD3, 0x58, 0xEB, 0xD2, 0x89, 0xD9, 0xB8, 0x60, 0x47, 0x0A, 0x1A, 0x6E, 0x65, 0x22, 0xA8,
    0x31, 0x8D, 0x20, 0x93, 0x60, 0xD7, 0x37, 0xDC, 0x3D, 0x98, 0x39, 0x26, 0xA7, 0x18, 0x78, 0x7B,
    0x4A, 0x12, 0x6B, 0xCC, 0xDD, 0x98, 0xE4, 0xED, 0x71, 0x4C, 0x7D, 0x85, 0xD4, 0x2B, 0x48, 0x30,
    0x75, 0x45, 0xEA, 0x03, 0x0D, 0x55, 0xEE, 0x54, 0xEC, 0x0B, 0xBD, 0x7F, 0x56, 0x63, 0xFF, 0xB1,
    0xBA, 0x07, 0xBD, 0xD1, 0xA9, 0xD5, 0xCE, 0x1F, 0x6B, 0x9D, 0x46, 0x9F, 0xB5, 0x1B, 0x6A, 0xDE,
    0xD7, 0x71, 0x09, 0x57, 0x75, 0x6A, 0x13, 0xA0, 0xA0, 0x0B, 0x3B, 0x45, 0x6A, 0xD6, 0x48, 0x51,
    0x21, 0xE2, 0x8A, 0x66, 0x3B, 0x8A, 0x9F, 0x97, 0xB5, 0x8A, 0x57, 0xD0, 0xD5, 0x6A, 0xC7, 0x54,
    0x08, 0x5F, 0x7B, 0x8A, 0xD9, 0x39, 0x1A, 0xCC, 0x9A, 0x30, 0x95, 0xC2, 0xB0, 0x07, 0xEA, 0x1B,
    0xFB, 0xDA, 0xB3, 0x36, 0x0A, 0x0E, 0x65, 0xA0, 0x40, 0x45, 0x6C, 0x09, 0xDF, 0x54, 0x36, 0x43,
    0x75, 0x42, 0x65, 0xF3, 0x53, 0x75, 0xE0, 0xD7, 0xA9, 0x05, 0x65, 0xD3, 0xFB, 0x37, 0x2E, 0x17,
    0xBD, 0xA9, 0x31, 0x46, 0x36, 0xFD, 0xC2, 0x20, 0xC8, 0x81, 0xFA, 0x50, 0xA3, 0x0E, 0xD9, 0xD0,
    0x77, 0x44, 0x57, 0x94, 0xEB, 0x13, 0xE3, 0xC3, 0x73, 0xEA, 0x24, 0x63, 0x12, 0xF2, 0x1E, 0xF1,
    0xA7, 0x3A, 0x50, 0x5E, 0x4F, 0x3D, 0x8F, 0xCC, 0x9A, 0xF8, 0xAE, 0xCE, 0xD0, 0x69, 0x6B, 0x46,
    0xDD, 0x87, 0xAC, 0x32, 0xE7, 0xEC, 0xF2, 0x39, 0x64, 0xD6, 0xC9, 0xD9, 0xBC, 0x86, 0xF7, 0x39,
    0x7B, 0xAC, 0x28, 0x54, 0x3D, 0x95, 0xC6, 0x9E, 0x07, 0x6F, 0x4D, 0xE5, 0x5B, 0x6E, 0xEA, 0x66,
    0x5E, 0x7C, 0x4F, 0x7C, 0x3F, 0xD6, 0x9E, 0x74, 0x68, 0x7C, 0x77, 0x7B, 0x0B, 0xA5, 0xDE, 0x08,
    0xC9, 0xA5, 0xB4, 0x63, 0x6B, 0xCA, 0x78, 0x38, 0x89, 0x4F, 0xE3, 0x7B, 0xF8, 0x76, 0x72, 0xAB,
    0x50, 0x8A, 0x49, 0xAD, 0x20, 0x69, 0xB7, 0x06, 0x1E, 0xA9, 0x47, 0xF0, 0xE1, 0x99, 0x1D, 0x77,
    0xFB, 0xB3, 0xC2, 0x24, 0xCD, 0x44, 0x01, 0x7F, 0x1D, 0xF2, 0xE0, 0x9F, 0x1F, 0x8F, 0x89, 0x90,
    0x58, 0x14, 0x3D, 0x08, 0xF7, 0x9C, 0x26, 0xC4, 0xB7, 0x7D, 0x4E, 0xF0, 0xB3, 0x4B, 0x0A, 0xC2,
    0x0D, 0x34, 0x05, 0xCB, 0xF9, 0xEF, 0xE7, 0x1A, 0xEE, 0x6D, 0xA5, 0x90, 0x8A, 0x32, 0x5E, 0x93,
    0x49, 0x62, 0xF0, 0x9B, 0x1A, 0xD7, 0x23, 0x81, 0x4C, 0x21, 0xB2, 0x86, 0x58, 0x29, 0xB9, 0x3F,
    0x72, 0x96, 0xF6, 0x78, 0xCF, 0x1D, 0x98, 0xDF, 0x36, 0x9E, 0x46, 0x8C, 0xBD, 0xF7, 0x70, 0xDD,
    0x71, 0x31, 0xC7, 0x7D, 0xA8, 0xB8, 0xBB, 0xAC, 0xC4, 0x89, 0x53, 0x3A, 0x9C, 0xB8, 0xEB, 0x19,
    0x5A, 0x85, 0x66, 0x81, 0xB3, 0x26, 0x7D, 0x67, 0xEA, 0x4F, 0x03, 0xE5, 0xCF, 0x89, 0x95, 0x83,
    0xA7, 0x06, 0x07, 0xDA, 0x97, 0xF7, 0x83, 0x49, 0x79, 0x55, 0x55, 0xE4, 0xA9, 0x96, 0xB8, 0x49,
    0x3D, 0xD1, 0x7D, 0x64, 0xAF, 0xB5, 0xC6, 0x26, 0x8D, 0xC4, 0x46, 0xC1, 0xD3, 0x1C, 0x7A, 0x7B,
    0x86, 0x79, 0x62, 0xB6, 0x8D, 0x97, 0x0C, 0xCB, 0xCF, 0xE0, 0x37, 0xBA, 0x9C, 0x70, 0xA2, 0x89,
    0x67, 0xC5, 0xD4, 0x15, 0x99, 0xE6, 0xD7, 0x55, 0xCD, 0x30, 0xAE, 0x49, 0x7F, 0x23, 0xAD, 0x30,
    0xE6, 0x4D, 0xFD, 0x91, 0xAB, 0xA1, 0x4E, 0x48, 0x7A, 0x62, 0x70, 0xA9, 0x83, 0x8D, 0xA4, 0x28,
    0x70, 0xCC, 0x60, 0xA5, 0x1C, 0xAB, 0x24, 0x23, 0x35, 0x2B, 0x0F, 0x39, 0xB4, 0x1F, 0x40, 0x8D,
    0x73, 0xBE, 0xD0, 0xB2, 0xAC, 0xD2, 0xEA, 0xAC, 0x4F, 0x44, 0xD6, 0x1D, 0x53, 0xEB, 0x9B, 0x34,
    0xA4, 0x0D, 0x81, 0x7F, 0x85, 0xD6, 0xB0, 0x62, 0xFB, 0xFF, 0x89, 0x08, 0x95, 0xEE, 0xF2, 0x46,
    0x0F, 0x1A, 0x05, 0xF4, 0x50, 0xCF, 0x28, 0xE2, 0xEA, 0xBF, 0xE5, 0x42, 0x9B, 0xBF, 0xCC, 0x85,
    0xAC, 0xFF, 0x81, 0x0B, 0x0D, 0x9E, 0x75, 0xA1, 0xFD, 0xE3, 0x2E, 0x94, 0x1E, 0x77, 0xA1, 0xB0,
    0xE8, 0x7B, 0xB8, 0xBE, 0x5D, 0x59, 0x3E, 0xC1, 0xF6, 0x1F, 0xEE, 0xC5, 0xD6, 0xDE, 0x0F, 0x01,
    0x02, 0xE7, 0x6B, 0x46, 0xD2, 0x96, 0xE9, 0x3F, 0x31, 0x1C, 0xAA, 0x0F, 0x34, 0xBB, 0xF3, 0x88,
    0x0D, 0xEA, 0x61, 0xF2, 0x4D, 0xD8, 0xEA, 0x38, 0xDC, 0x8E, 0x94, 0xF0, 0x4F, 0xB5, 0xBB, 0x57,
    0x55, 0x94, 0x47, 0x61, 0xA6, 0xA7, 0x7F, 0xA6, 0x99, 0x34, 0x7B, 0x58, 0xE5, 0x51, 0x2F, 0x69,
    0x36, 0x11, 0xDA, 0x69, 0xC9, 0x8A, 0xF6, 0x3E, 0x3B, 0xAA, 0x52, 0x4D, 0x99, 0x6A, 0xCA, 0x6E,
    0xD3, 0x84, 0x1E, 0x2A, 0x35, 0xB6, 0xF2, 0xD6, 0xE4, 0xAF, 0x26, 0x5A, 0x9D, 0xD7, 0xE4, 0x4A,
    0xD1, 0x8B, 0x38, 0xAB, 0x2A, 0x6C, 0xF9, 0x15, 0x7F, 0x83, 0xD4, 0xE2, 0xE9, 0x88, 0x01, 0x4F,
    0xFC, 0x05, 0xB0, 0x25, 0xDD, 0x24, 0xEE, 0xD7, 0x6C, 0x8E, 0x38, 0x33, 0x7D, 0xAF, 0x1E, 0x34,
    0xCD, 0x8A, 0xB7, 0x7E, 0xBF, 0xF1, 0xF1, 0x75, 0x83, 0x0F, 0x91, 0x69, 0x58, 0xB7, 0xD5, 0xC6,
    0x16, 0x99, 0xD9, 0xD6, 0x7D, 0x11, 0x90, 0x5D, 0xD3, 0xB3, 0x29, 0xAD, 0x39, 0x76, 0xD8, 0x1B,
    0x89, 0x5D, 0x7A, 0x7A, 0x2E, 0x92, 0x8D, 0x94, 0xAE, 0x3E, 0xB1, 0x34, 0x73, 0x8A, 0x9B, 0xEF,
    0xAA, 0xA8, 0x46, 0xE2, 0x86, 0xC8, 0x08, 0x12, 0x7A, 0x54, 0x06, 0x12, 0xB5, 0x92, 0xA0, 0x76,
    0x90, 0xB4, 0x58, 0xE1, 0xF8, 0x99, 0xEE, 0x2D, 0x44, 0x7E, 0xBA, 0xA9, 0x20, 0xF6, 0x4E, 0x4C,
    0x12, 0xE1, 0xC3, 0xE9, 0x71, 0xE5, 0x74, 0x53, 0xC8, 0xC9, 0x8F, 0xC3, 0xD8, 0x5D, 0xDD, 0x20,
    0xD4, 0x8D, 0x0B, 0xA7, 0xD4, 0x1D, 0x0D, 0xFF, 0x0B, 0xD5, 0xAA, 0xDF, 0x3B, 0xA7, 0x9A, 0xA2,
    0xED, 0x8F, 0x24, 0x2E, 0xF5, 0x1B, 0x34, 0xC7, 0x5B, 0x93, 0xC9, 0x8E, 0x04, 0x1F, 0x37, 0xB2,
    0x6B, 0xD5, 0xA8, 0xD6, 0x2A, 0xA7, 0x74, 0x4A, 0x2F, 0x67, 0x62, 0xF4, 0x8A, 0x30, 0xF6, 0xB3,
    0x08, 0xFA, 0xDE, 0x85, 0x7B, 0x1E, 0xCA, 0xA3, 0xF8, 0xC0, 0x49, 0x5E, 0x18, 0x2F, 0x45, 0x5B,
    0x49, 0x9D, 0xE4, 0x41, 0x2F, 0xDC, 0xB4, 0x6A, 0x6F, 0x7B, 0x36, 0x95, 0x93, 0x6F, 0xC9, 0x49,
    0xFA, 0x56, 0x9B, 0x64, 0x5C, 0x00, 0x56, 0x0A, 0x63, 0xAE, 0x00, 0x18, 0x23, 0x61, 0xAF, 0xB0,
    0x2B, 0x69, 0xF4, 0xAB, 0x5B, 0x40, 0x23, 0x5C, 0xC4, 0xCB, 0x7F, 0xBD, 0xBC, 0xCD, 0x55, 0xDC,
    0xEE, 0x4D, 0x16, 0xC3, 0xBB, 0xD3, 0x52, 0xCF, 0x87, 0xF8, 0x11, 0x84, 0xB9, 0x87, 0xFE, 0x2B,
    0x47, 0xE0, 0x1C, 0x2B, 0xA3, 0xBE, 0x92, 0x0C, 0x4B, 0x36, 0x37, 0x95, 0x50, 0xDB, 0x36, 0x23,
    0x71, 0xBE, 0x59, 0x89, 0x75, 0x03, 0x8B, 0xDC, 0xBE, 0x78, 0x52, 0x02, 0xF7, 0x71, 0x27, 0x6E,
    0x81, 0xA6, 0xB6, 0x20, 0x61, 0x58, 0x11, 0x7C, 0x43, 0xB3, 0x87, 0x2A, 0x08, 0xE9, 0x07, 0xA9,
    0x5F, 0x78, 0xC5, 0x7C, 0x65, 0x57, 0x67, 0x9B, 0x0B, 0x5C, 0x20, 0x98, 0x04, 0x95, 0xD5, 0xBA,
    0x45, 0xBF, 0xF1, 0x37, 0x01, 0xBA, 0x44, 0xB7, 0xEA, 0x67, 0xB7, 0xFC, 0xBC, 0x27, 0x95, 0xF2,
    0x1E, 0xA4, 0xBB, 0xAA, 0x1E, 0x3F, 0xF3, 0x33, 0xAE, 0xE1, 0x96, 0x76, 0xAD, 0xDA, 0x69, 0x10,
    0x3C, 0xE4, 0x3E, 0x4C, 0x5F, 0xC9, 0xA9, 0x9C, 0x3F, 0x6F, 0xB6, 0xDA, 0x82, 0xEC, 0xBB, 0x95,
    0x39, 0x1A, 0x2E, 0xCC, 0xC6, 0x1C, 0x37, 0xE4, 0x78, 0x0D, 0x56, 0x4F, 0x6C, 0xC8, 0x7D, 0x15,
    0xDD, 0xD8, 0xED, 0xCE, 0x38, 0x85, 0xF1, 0x9E, 0xEC, 0x60, 0x7A, 0x8B, 0x49, 0x60, 0x22, 0x52,
    0x0A, 0x05, 0xE4, 0x76, 0x6B, 0x10, 0xF9, 0x0C, 0x12, 0x0B, 0x1A, 0xE0, 0x88, 0x7D, 0x8B, 0x5B,
    0xD0, 0xBB, 0x0F, 0xE5, 0xAD, 0xCC, 0xF1, 0xF2, 0xD5, 0x56, 0xEE, 0x8C, 0x97, 0xDC, 0xEA, 0xFB,
    0x6E, 0x97, 0x46, 0x5D, 0x8C, 0xC7, 0xC4, 0xFF, 0xB9, 0x56, 0xFC, 0xD7, 0x73, 0x9F, 0x78, 0xFA,
    0x0D, 0xC4, 0x14, 0x72, 0xB2, 0xA5, 0x35, 0x99, 0x82, 0x4E, 0xC6, 0xED, 0x84, 0xB4, 0x91, 0x2C,
    0xFA, 0x87, 0xC2, 0x05, 0xD1, 0x44, 0x4F, 0xA6, 0x2D, 0x3D, 0x96, 0x61, 0x65, 0xCA, 0xF2, 0x6E,
    0x4D, 0x4E, 0xCD, 0x8B, 0xFF, 0x8E, 0x36, 0x3C, 0xC4, 0x02, 0x7A, 0x1F, 0x5C, 0x9B, 0xC8, 0x5D,
    0x9A, 0x37, 0x0E, 0xA6, 0x07, 0x94, 0xFE, 0x3B, 0x3C, 0x7E, 0xF5, 0xD3, 0xA1, 0x97, 0x85, 0x57,
    0x8B, 0xE4, 0xC6, 0x93, 0x96, 0x2D, 0xF8, 0x74, 0x1D, 0xC9, 0xC0, 0x5F, 0xF8, 0x41, 0xC9, 0xD7,
    0x0C, 0x14, 0x1F, 0xAD, 0x89, 0x49, 0xB2, 0xCC, 0x16, 0x41, 0xBF, 0x77, 0x7F, 0xCC, 0x91, 0x41,
    0x50, 0x86, 0xD7, 0xB5, 0xDD, 0x74, 0x0A, 0x3F, 0x05, 0xCD, 0xD8, 0xBF, 0x31, 0x91, 0xE0, 0x2F,
    0x91, 0x7F, 0x2A, 0x03, 0x5C, 0xE6, 0x3A, 0x03, 0xDC, 0xBB, 0x28, 0xA0, 0x0C, 0xF0, 0xCA, 0x78,
    0x78, 0x66, 0x90, 0x10, 0xEE, 0x6B, 0x23, 0x32, 0xE1, 0xBD, 0x2B, 0x92, 0x1F, 0x73, 0x5E, 0xD0,
    0x75, 0xFE, 0xA5, 0x24, 0xD9, 0xA1, 0xD4, 0xA4, 0x5A, 0x07, 0x05, 0x88, 0xF2, 0x9C, 0x29, 0x32,
    0x8E, 0x0F, 0x92, 0x4E, 0x65, 0xA7, 0xA4, 0xD8, 0x35, 0x86, 0x60, 0x00, 0xA5, 0x75, 0x7E, 0xE9,
    0x34, 0x51, 0xE6, 0x66, 0x3B, 0x27, 0x72, 0x10, 0xE6, 0x81, 0x4D, 0x1E, 0xCC, 0x81, 0x1E, 0xD0,
    0x29, 0x27, 0x97, 0xBB, 0x49, 0x4C, 0x82, 0x44, 0xC0, 0x48, 0xE1, 0xF0, 0x32, 0x29, 0x7A, 0xD5,
    0xB6, 0xF2, 0xE8, 0x99, 0xEE, 0x3A, 0x48, 0x15, 0xE0, 0x3C, 0xED, 0xEB, 0xB4, 0x63, 0x49, 0xF2,
    0x37, 0xCA, 0xD5, 0xFA, 0x9C, 0x06, 0x6B, 0x4A, 0xAF, 0x41, 0x08, 0xA3, 0x7C, 0x3E, 0x1B, 0xFC,
    0xC2, 0x6F, 0x15, 0x48, 0x89, 0xFB, 0x9D, 0x9E, 0x28, 0xD0, 0x06, 0x04, 0xBF, 0x63, 0xDD, 0x02,
    0xA0, 0x98, 0x4A, 0x7B, 0xA3, 0x44, 0x58, 0xA5, 0x02, 0x2A, 0x2A, 0x0D, 0x7D, 0xF6, 0xD8, 0xD7,
    0x7D, 0x7E, 0xCD, 0x25, 0xF8, 0x05, 0x08, 0xE5, 0x3D, 0x3A, 0x73, 0x33, 0x1A, 0x01, 0xB1, 0x2F,
    0xDB, 0x2B, 0x52, 0xCC, 0x5B, 0xB1, 0x75, 0x44, 0x10, 0xD2, 0xB9, 0x63, 0x39, 0x3B, 0x54, 0x6A,
    0x68, 0x7A, 0x6B, 0x9E, 0x37, 0x81, 0x94, 0xCB, 0xB7, 0x0B, 0x50, 0x25, 0xC6, 0xA0, 0x13, 0x55,
    0x9A, 0x20, 0xA1, 0xD0, 0xF0, 0x41, 0xC3, 0x4D, 0x81, 0x13, 0x7B, 0x02, 0x9C, 0x40, 0x1D, 0x81,
    0x2B, 0x90, 0xB1, 0xB8, 0x85, 0xDE, 0x28, 0x27, 0xB6, 0x31, 0xA2, 0xAB, 0xC7, 0x89, 0x24, 0x65,
    0x4D, 0x72, 0xD2, 0xB2, 0xA7, 0x93, 0xB9, 0x4F, 0x84, 0x30, 0x28, 0xC5, 0xFA, 0xF7, 0xA2, 0xDF,
    0x9D, 0xC1, 0xDF, 0x03, 0x60, 0xEE, 0x2A, 0x9D, 0x4F, 0xF3, 0x04, 0xFE, 0x93, 0xBC, 0x15, 0x23,
    0x62, 0x72, 0xAB, 0x71, 0x19, 0xBC, 0xED, 0x11, 0x40, 0x20, 0x7D, 0x95, 0x7E, 0x6E, 0xF3, 0xE8,
    0x99, 0x31, 0x8D, 0x98, 0x63, 0x89, 0x0F, 0xDC, 0xB0, 0x4B, 0x1F, 0xF5, 0xC1, 0xEB, 0x69, 0xEF,
    0x2A, 0xE2, 0xC5, 0x39, 0x40, 0x1B, 0x8E, 0x1C, 0x7D, 0x9A, 0x8A, 0xCB, 0x3A, 0xFC, 0xF6, 0x84,
    0xED, 0xFA, 0xB1, 0x96, 0x61, 0x0C, 0xE7, 0x4F, 0xCA, 0x71, 0x39, 0x3F, 0x5C, 0x89, 0xEC, 0xAB,
    0x3F, 0x73, 0xCA, 0xCB, 0x07, 0x08, 0x64, 0x1F, 0x61, 0x89, 0x05, 0x1B, 0xA2, 0x51, 0x66, 0x33,
    0x2E, 0xB9, 0xB2, 0x53, 0x40, 0xA4, 0x03, 0x69, 0x7F, 0x05, 0xC0, 0xF2, 0x09, 0xB2, 0x50, 0x97,
    0x06, 0x71, 0x70, 0xDB, 0x24, 0x59, 0x26, 0xE8, 0xCA, 0xC4, 0xCE, 0xE0, 0x68, 0x73, 0xB3, 0xF7,
    0xC9, 0xC7, 0x35, 0xDA, 0x8E, 0x3C, 0x92, 0x21, 0xEC, 0x5E, 0x80, 0x5F, 0x60, 0x1F, 0x1A, 0xA2,
    0x43, 0x2C, 0xF3, 0x7E, 0x69, 0x35, 0x60, 0xFE, 0x2A, 0x20, 0x2A, 0xA4, 0x88, 0xBB, 0xE0, 0x3C,
    0x9E, 0xD6, 0x77, 0x24, 0xC9, 0x2B, 0xEC, 0x33, 0xCD, 0xF1, 0x5E, 0x97, 0xDE, 0xE0, 0x7F, 0xCC,
    0xB4, 0xBD, 0x83, 0xCB, 0xA7, 0x47, 0x15, 0xF4, 0x29, 0x98, 0x71, 0x17, 0x8C, 0x03, 0x5B, 0xF8,
    0x73, 0xE6, 0xCE, 0xF0, 0x95, 0xF4, 0xC9, 0x89, 0x68, 0x1A, 0x54, 0xFF, 0x45, 0x65, 0xE3, 0x77,
    0x9A, 0x05, 0xBC, 0x78, 0x55, 0xCE, 0xCD, 0x42, 0x94, 0xD4, 0xC1, 0x0B, 0x89, 0x37, 0x88, 0x24,
    0xD0, 0x86, 0xDA, 0x6F, 0x80, 0x34, 0xB5, 0x4E, 0xCA, 0x0D, 0xDB, 0x21, 0xBB, 0x82, 0xCE, 0x33,
    0xD2, 0xA5, 0xCA, 0x0D, 0xD9, 0xAD, 0xD3, 0x98, 0x79, 0x06, 0xB5, 0xDE, 0xB2, 0x26, 0x80, 0x39,
    0xA8, 0xE6, 0x05, 0x3B, 0x3D, 0xC1, 0x36, 0x07, 0x43, 0x1D, 0xC0, 0x3E, 0x26, 0x80, 0x02, 0x4C,
    0x6A, 0x32, 0x88, 0x62, 0xAF, 0x20, 0x69, 0x1A, 0x18, 0x2A, 0x89, 0x23, 0x60, 0x35, 0x69, 0x53,
    0x4A, 0x55, 0x0A, 0xE1, 0xDE, 0x2F, 0x26, 0x7A, 0x3D, 0x0D, 0xFD, 0x5F, 0x8D, 0xAE, 0xB6, 0x66,
    0xDD, 0x51, 0x1D, 0xD0, 0xEF, 0x86, 0xB6, 0xC7, 0xC8, 0x67, 0x0A, 0x67, 0x13, 0x33, 0xC4, 0x1A,
    0xDF, 0x44, 0x65, 0x94, 0x94, 0xF0, 0x08, 0x90, 0xC9, 0xC3, 0xCC, 0xAA, 0x5D, 0xE8, 0xE0, 0xCA,
    0x23, 0xA8, 0x7B, 0x0B, 0x89, 0x6C, 0x09, 0x01, 0xFE, 0xF1, 0xCD, 0x4A, 0x26, 0x5C, 0xB7, 0x86,
    0x23, 0x1D, 0xB2, 0xC4, 0x82, 0xFD, 0xED, 0x0E, 0x1D, 0xF0, 0x96, 0xEE, 0x19, 0x69, 0xCD, 0xA2,
    0x9D, 0x70, 0xD6, 0xEF, 0xE8, 0x2F, 0x3E, 0xB5, 0x5F, 0x1F, 0xC6, 0x2F, 0x03, 0xB4, 0x83, 0x74,
    0x0C, 0xDC, 0xD9, 0x84, 0xAB, 0xBF, 0x74, 0x00, 0xE4, 0x8E, 0xE0, 0x7E, 0x01, 0x6C, 0xCB, 0x57,
    0x2C, 0x9C, 0xD2, 0x2F, 0xAC, 0x8A, 0xDD, 0xB2, 0x03, 0x20, 0x71, 0x86, 0x2F, 0x04, 0x7F, 0xFB,
    0xCD, 0xBF, 0x70, 0xBA, 0xDF, 0x6A, 0xE5, 0xF0, 0x55, 0x0D, 0xB4, 0x28, 0x37, 0xFD, 0x9C, 0x55,
    0xF7, 0x25, 0x8B, 0x77, 0xFC, 0xC8, 0x7B, 0xBA, 0x46, 0x50, 0x21, 0x11, 0x77, 0x72, 0x60, 0x7D,
    0x04, 0x95, 0xE9, 0x22, 0x3E, 0x90, 0xD3, 0x62, 0x70, 0x85, 0xE0, 0x90, 0xAB, 0xC8, 0x8E, 0xC5,
    0xC2, 0xF0, 0x95, 0x4C, 0x9A, 0x33, 0xF5, 0x05, 0x2E, 0x23, 0xDD, 0x87, 0x5D, 0xEC, 0x3D, 0xD4,
    0xD7, 0xAD, 0xB8, 0x04, 0xDF, 0xC3, 0x72, 0x1F, 0xC5, 0xE2, 0x7C, 0x50, 0xE8, 0x3B, 0x0A, 0x33,
    0xA0, 0xF9, 0x5F, 0x90, 0xC4, 0x2E, 0xD0, 0xC0, 0xB6, 0x48, 0x7A, 0xC9, 0x6B, 0x15, 0x02, 0xEC,
    0xDE, 0xC9, 0xA4, 0x7F, 0x20, 0xEF, 0x02, 0x84, 0x76, 0xD1, 0xB1, 0x86, 0x57, 0x28, 0xC2, 0xCD,
    0x0A, 0x89, 0x90, 0xAF, 0xA6, 0xEC, 0x4A, 0xA3, 0x12, 0xF0, 0x4D, 0x14, 0x37, 0xE7, 0x2A, 0xF3,
    0xA5, 0x0A, 0x90, 0x2C, 0x0E, 0xB7, 0xFC, 0x36, 0xAC, 0xEC, 0x27, 0xFD, 0x01, 0xF3, 0x7B, 0x53,
    0x83, 0xCC, 0x5E, 0x68, 0x5B, 0x9B, 0x9D, 0x1F, 0x4E, 0x7D, 0x80, 0x5D, 0x75, 0xC0, 0x68, 0x8A,
    0x4A, 0x24, 0xCF, 0x3F, 0xAA, 0x70, 0xFB, 0x33, 0x6A, 0xE9, 0x7E, 0x8D, 0x32, 0x32, 0x6E, 0x88,
    0xD8, 0x0D, 0x81, 0xAD, 0xF1, 0xA0, 0xE2, 0x7D, 0xEE, 0x5A, 0xEF, 0xD0, 0xA6, 0x3B, 0xEC, 0x10,
    0x86, 0x3C, 0xFC, 0x1A, 0xDE, 0x99, 0x9E, 0x6C, 0x6B, 0x35, 0x1F, 0x1E, 0xB5, 0x0F, 0x83, 0xFE,
    0x54, 0x67, 0x8D, 0x34, 0x92, 0xD7, 0xE9, 0x19, 0xCD, 0xB4, 0xB0, 0x47, 0xD8, 0x53, 0xE0, 0xB0,
    0x9A, 0x16, 0xF3, 0xDA, 0x04, 0xB8, 0xC5, 0xD4, 0x75, 0xFC, 0xFE, 0x15, 0x2F, 0x7D, 0x5B, 0x0B,
    0xE3, 0x38, 0x66, 0xC8, 0xDA, 0x6E, 0x7D, 0x0C, 0x77, 0x3D, 0xE4, 0x7E, 0x4C, 0xC7, 0xFA, 0xBF,
    0x85, 0x3E, 0xE0, 0x08, 0x07, 0x4C, 0xFC, 0x5A, 0xDD, 0xE3, 0x06, 0xA5, 0x0B, 0x03, 0x06, 0x94,
    0x00, 0xDE, 0xF0, 0x64, 0xA4, 0xB5, 0xC7, 0xDC, 0x0F, 0x98, 0x6E, 0xAF, 0x9B, 0xC3, 0xA7, 0x9D,
    0xA3, 0xA3, 0xA7, 0x66, 0x5A, 0x3A, 0xEB, 0x99, 0xBC, 0xAA, 0x2C, 0xD2, 0xF6, 0x48, 0x2E, 0xD9,
    0x85, 0xB1, 0x91, 0x5B, 0x25, 0xF1, 0xB3, 0x46, 0xE2, 0x84, 0x6D, 0xA3, 0xBD, 0x2E, 0xF3, 0x32,
    0x37, 0x8C, 0x43, 0xB9, 0x40, 0x03, 0x51, 0x79, 0x96, 0xC3, 0xB7, 0x29, 0xFC, 0x6C, 0x8B, 0xDB,
    0xAB, 0xB9, 0xD1, 0x9D, 0x55, 0xA1, 0x72, 0x77, 0x3F, 0x64, 0x2D, 0xFF, 0x27, 0x53, 0xD5, 0x75,
    0xD3, 0xCE, 0x4B, 0x05, 0x5F, 0x9E, 0x5A, 0x48, 0x5F, 0xB2, 0x2B, 0x8D, 0xE2, 0x2C, 0x9E, 0xE8,
    0x69, 0x77, 0x20, 0xFF, 0x01, 0xD5, 0x5B, 0x4D, 0x6C, 0x1D, 0xD7, 0x79, 0xBD, 0x33, 0x23, 0x69,
    0x22, 0x8D, 0xC4, 0xD1, 0xA2, 0x0D, 0x5C, 0x8B, 0xF4, 0x68, 0xA1, 0x85, 0x63, 0x50, 0x1E, 0xA1,
    0x20, 0x50, 0x16, 0xA6, 0x38, 0x63, 0xAB, 0x88, 0x17, 0x01, 0x5A, 0x2D, 0xC2, 0x34, 0xA8, 0x8B,
    0xDA, 0x8B, 0x2C, 0x0C, 0xA7, 0x00, 0x89, 0x42, 0x0B, 0x16, 0x95, 0x38, 0x13, 0x7B, 0xE1, 0x45,
    0x80, 0x94, 0x2D, 0xEA, 0x76, 0x11, 0xA0, 0x11, 0x8A, 0x2C, 0x5C, 0xA6, 0xA8, 0x08, 0x54, 0x40,
    0x0D, 0x94, 0x7C, 0x6F, 0x94, 0x2C, 0xBC, 0x30, 0x8A, 0x8C, 0x6D, 0x38, 0x02, 0xBA, 0x68, 0xC6,
    0xB6, 0x6C, 0x23, 0x2E, 0x52, 0x4D, 0x92, 0x71, 0xF2, 0xE8, 0xCC, 0x7B, 0xD3, 0x73, 0xBE, 0x7B,
    0x67, 0xDE, 0xE3, 0x8F, 0x64, 0x3B, 0x71, 0x1A, 0x87, 0x32, 0x87, 0x34, 0xDF, 0xBC, 0x3B, 0xDF,
    0x77, 0xEE, 0xB9, 0xDF, 0xFF, 0x53, 0xAA, 0xFD, 0x8A, 0x9A, 0x4C, 0xDD, 0xED, 0xAB, 0x90, 0xEB,
    0x40, 0xAE, 0x7D, 0xB9, 0x26, 0xF2, 0x86, 0x87, 0x4A, 0x5E, 0x67, 0x6B, 0x5E, 0x67, 0xA2, 0x18,
    0xD7, 0x29, 0x2F, 0xC7, 0xD5, 0xB3, 0x2B, 0x5C, 0xDD, 0xB8, 0x87, 0xAB, 0x93, 0x06, 0xA9, 0x52,
    0x76, 0xE6, 0xE2, 0x5E, 0x2B, 0xB7, 0x78, 0x6F, 0xD3, 0x34, 0xB8, 0x6E, 0x2A, 0x1F, 0x8B, 0xAC,
    0x28, 0x07, 0x2F, 0xCC, 0x2B, 0x35, 0xC4, 0x42, 0x90, 0x24, 0x56, 0x33, 0x78, 0x7F, 0xA1, 0x7C,
    0xBC, 0x67, 0xA0, 0x3C, 0xDC, 0xB7, 0xA6, 0x3C, 0xDC, 0xB7, 0x9C, 0x47, 0x23, 0x65, 0x35, 0xA3,
    0x0F, 0x92, 0xD8, 0xDB, 0xA9, 0x54, 0x70, 0xB3, 0x56, 0x41, 0xBA, 0x86, 0xEF, 0x30, 0xF6, 0x33,
    0x3F, 0xF3, 0x72, 0xA7, 0x74, 0x4B, 0x7B, 0x00, 0xA9, 0x6A, 0xFC, 0x4B, 0xB0, 0x64, 0x94, 0x86,
    0xE9, 0x43, 0xB9, 0x97, 0xFF, 0x5E, 0xF9, 0xB7, 0xF5, 0xEA, 0xB0, 0x48, 0x06, 0x49, 0xEE, 0x56,
    0x14, 0x14, 0x5F, 0xB9, 0xC3, 0x9F, 0x0B, 0x2E, 0x9F, 0xE0, 0xE9, 0xE7, 0x1C, 0xF0, 0xB4, 0x4F,
    0x16, 0x26, 0x99, 0x95, 0xA9, 0x13, 0x6A, 0x0E, 0xC2, 0xE3, 0x65, 0xFF, 0xB3, 0x78, 0x60, 0x1F,
    0x8F, 0xB3, 0x87, 0x13, 0x02, 0xDB, 0xA3, 0x2B, 0xCA, 0x1A, 0x42, 0xC8, 0x35, 0x6B, 0x20, 0xD0,
    0x38, 0x25, 0x1E, 0xB3, 0xAD, 0x22, 0x15, 0x64, 0x5E, 0x21, 0xD8, 0xF0, 0x57, 0xB7, 0x70, 0x06,
    0xAA, 0xA7, 0x6E, 0xC7, 0x04, 0x67, 0xBD, 0x7F, 0x5F, 0xB4, 0xEA, 0x36, 0xCF, 0x0E, 0x55, 0x90,
    0xAF, 0xE9, 0x65, 0xA6, 0xE4, 0xBA, 0x38, 0xD6, 0xDB, 0xA2, 0xE0, 0xCA, 0x91, 0xDF, 0xBD, 0x68,
    0xAC, 0xF6, 0x7C, 0xC8, 0xEB, 0x26, 0xAF, 0x56, 0x1E, 0xA6, 0xAD, 0xD6, 0x1E, 0x9E, 0x81, 0x5B,
    0xE4, 0x1A, 0x35, 0x04, 0x56, 0x94, 0x86, 0xFC, 0xB8, 0x02, 0x79, 0x3F, 0xA7, 0x86, 0xB8, 0x6A,
    0x9D, 0x17, 0xE4, 0xBA, 0x09, 0xE4, 0x0A, 0x1B, 0xA0, 0x9C, 0x2A, 0xC7, 0x34, 0x70, 0x44, 0x86,
    0x13, 0x72, 0x9D, 0x97, 0xEB, 0xA6, 0xC8, 0x93, 0xCB, 0x8B, 0x99, 0xBE, 0x52, 0x06, 0xE7, 0x6D,
    0x5E, 0xA1, 0xB5, 0x60, 0x40, 0x76, 0x00, 0x02, 0x0B, 0x74, 0x20, 0x02, 0x24, 0x07, 0x01, 0x20,
    0x55, 0xA8, 0x3F, 0xB9, 0x41, 0xF5, 0xB7, 0x9D, 0xE4, 0x28, 0xB5, 0x07, 0x35, 0x8A, 0x20, 0x4F,
    0x20, 0xF9, 0x31, 0xF3, 0x9C, 0x52, 0xAF, 0xEE, 0x61, 0x51, 0xEC, 0x08, 0xBE, 0x63, 0xE5, 0x7F,
    0x0F, 0x7F, 0xAB, 0x34, 0x0B, 0x48, 0x1E, 0xFD, 0xBB, 0x80, 0x64, 0xA5, 0x93, 0xAC, 0xC1, 0xFB,
    0xBE, 0xDC, 0xDC, 0x56, 0x2A, 0x78, 0xEB, 0xB1, 0x81, 0x72, 0x2B, 0xE5, 0x14, 0xC0, 0x1A, 0x4B,
    0x91, 0x22, 0x33, 0x8A, 0x10, 0x9F, 0xE3, 0xDE, 0xAB, 0x4C, 0x20, 0x14, 0x66, 0x50, 0x7F, 0x25,
    0x2C, 0xC0, 0x97, 0xFC, 0xC1, 0x15, 0x8A, 0x05, 0xA2, 0x61, 0xA2, 0xBA, 0xFB, 0xE4, 0x8D, 0xCA,
    0xC7, 0xDD, 0xAE, 0xBC, 0x38, 0x07, 0x4D, 0x28, 0x29, 0xAE, 0x0F, 0x2A, 0x15, 0xBE, 0xF5, 0x18,
    0x84, 0x3A, 0xD2, 0xEC, 0xC8, 0xAD, 0x20, 0x06, 0x9E, 0x2E, 0x6C, 0xC3, 0x6B, 0x6A, 0x15, 0xDF,
    0xEB, 0x63, 0x29, 0x8F, 0xE0, 0xE5, 0xF3, 0x49, 0xAC, 0xCA, 0x20, 0x75, 0x40, 0x28, 0x72, 0xCD,
    0x87, 0x1A, 0x01, 0x44, 0x08, 0x29, 0x4A, 0xF7, 0x7D, 0x0F, 0xBE, 0xCF, 0xA9, 0xE8, 0xE5, 0x42,
    0x05, 0x4D, 0xAA, 0x5C, 0x4D, 0xB7, 0x23, 0xEB, 0xDD, 0x69, 0xF0, 0x6E, 0x53, 0xFB, 0x17, 0x08,
    0x93, 0xA5, 0x0E, 0x4D, 0xE0, 0x80, 0xBD, 0xB3, 0xAE, 0x35, 0x5B, 0xB8, 0xED, 0xB9, 0x65, 0xBC,
    0x39, 0xC7, 0xFA, 0xA0, 0xB6, 0x3A, 0xAB, 0x48, 0x97, 0x4B, 0xDC, 0x2A, 0x2B, 0xA3, 0x70, 0x8E,
    0x1A, 0x8E, 0x35, 0x0E, 0x05, 0xCA, 0xE1, 0x58, 0xD7, 0x7D, 0x10, 0xE8, 0xFB, 0x7C, 0xF9, 0x33,
    0xD4, 0x56, 0xD3, 0xF2, 0x62, 0xAE, 0x46, 0xB2, 0x55, 0xB8, 0xBE, 0x00, 0xD2, 0x3E, 0xB7, 0x0C,
    0xB0, 0x4F, 0x35, 0xB7, 0xCC, 0x7B, 0xFD, 0x52, 0x39, 0x4D, 0xAC, 0x06, 0xAB, 0xEA, 0xAC, 0x9D,
    0x1D, 0x51, 0x9F, 0x9A, 0x00, 0xC1, 0xB9, 0x59, 0x11, 0x83, 0xF3, 0x6A, 0x93, 0x10, 0x0C, 0x04,
    0x01, 0xB2, 0x30, 0xD2, 0x02, 0x40, 0x7F, 0x30, 0x88, 0xEA, 0x5B, 0xCD, 0xA0, 0xD5, 0xDE, 0x4B,
    0x3B, 0x16, 0x58, 0x42, 0x53, 0xBB, 0xF8, 0x68, 0x04, 0x58, 0xF9, 0xFF, 0x20, 0xC0, 0x96, 0x88,
    0x18, 0x14, 0xA2, 0x4E, 0xF7, 0x75, 0xAA, 0xE2, 0xB6, 0x2F, 0x38, 0xF9, 0x79, 0x75, 0x31, 0x94,
    0x3D, 0x77, 0x73, 0xB9, 0xA3, 0x16, 0x9D, 0xFD, 0xEC, 0x08, 0xF5, 0x6D, 0x1E, 0x8D, 0xB1, 0xDB,
    0x56, 0x23, 0x02, 0xE6, 0x3C, 0x06, 0xF6, 0xDB, 0x5C, 0xC5, 0x69, 0xC6, 0xC2, 0x7E, 0xB2, 0xF8,
    0x7E, 0x02, 0xE7, 0x76, 0xD6, 0x4D, 0xD5, 0xE5, 0x5A, 0x4C, 0xB9, 0x83, 0x1F, 0x47, 0xD2, 0x5D,
    0x6C, 0x7F, 0x6F, 0x08, 0x82, 0x54, 0xAA, 0xB2, 0x62, 0xEE, 0x34, 0x0E, 0xAE, 0x85, 0x37, 0xF3,
    0xD7, 0x48, 0x0B, 0xE1, 0x94, 0x56, 0xEA, 0x67, 0xC7, 0xB1, 0xD7, 0xB9, 0x4A, 0xB0, 0xAD, 0x49,
    0xAE, 0x69, 0x1C, 0x9F, 0xE5, 0x8F, 0x07, 0xC5, 0xD4, 0x19, 0x2F, 0xE1, 0x95, 0x7B, 0x3C, 0x85,
    0xBD, 0xB1, 0xF1, 0x77, 0x04, 0xB7, 0x69, 0x86, 0x72, 0x68, 0x82, 0x81, 0xA8, 0x04, 0xF0, 0x89,
    0x05, 0x8E, 0x99, 0x2F, 0x22, 0x51, 0x29, 0xA8, 0x41, 0x92, 0x0F, 0xC5, 0x80, 0xC0, 0x06, 0x46,
    0xC2, 0x77, 0xAE, 0x88, 0xFF, 0x19, 0x8A, 0x28, 0x24, 0x77, 0x90, 0xF1, 0x66, 0x1C, 0x18, 0xDE,
    0x1C, 0xC5, 0xBC, 0x19, 0x0B, 0x26, 0xFA, 0xE6, 0x42, 0x0E, 0xCA, 0x50, 0x7B, 0x8C, 0x8C, 0x77,
    0xD9, 0x58, 0x7C, 0xC8, 0xA3, 0xF6, 0x27, 0xBC, 0x36, 0x9A, 0xF9, 0x50, 0xF1, 0xBA, 0xE0, 0x57,
    0x63, 0x69, 0x50, 0x55, 0x50, 0x0F, 0x2E, 0xF0, 0xEA, 0xDD, 0xE0, 0xD5, 0x29, 0xA8, 0x88, 0x55,
    0x9D, 0xEE, 0xF6, 0x41, 0xC4, 0x51, 0xC9, 0x35, 0x5A, 0xF4, 0xE1, 0x72, 0x46, 0x93, 0xCA, 0x3D,
    0xA0, 0x2D, 0x95, 0x5B, 0xB6, 0x71, 0xDD, 0x36, 0x96, 0x81, 0xA6, 0x3E, 0x94, 0x6D, 0xF6, 0x33,
    0xDE, 0xE4, 0x96, 0x0E, 0xED, 0xEF, 0xC0, 0x96, 0x9B, 0xEC, 0x6B, 0x30, 0xA6, 0xE1, 0x8B, 0x7F,
    0xFD, 0xDF, 0x64, 0xCD, 0xB3, 0x54, 0x2C, 0x79, 0x78, 0x30, 0x01, 0x59, 0xD8, 0x34, 0x57, 0xB9,
    0xCC, 0xC3, 0xCB, 0xF2, 0x56, 0x15, 0xE6, 0x1A, 0x2B, 0xC1, 0x81, 0x0B, 0xDD, 0x11, 0x2B, 0x57,
    0xB0, 0x0A, 0x1A, 0xB0, 0x93, 0x4E, 0xAB, 0xC3, 0xAA, 0xFE, 0x00, 0xAC, 0xCA, 0xBB, 0x63, 0xF5,
    0x69, 0x1A, 0xF4, 0xB0, 0x6C, 0xD9, 0x49, 0x66, 0xDC, 0x7B, 0xED, 0x07, 0x14, 0x94, 0xC2, 0x87,
    0x1D, 0x38, 0x64, 0xCE, 0x08, 0x2A, 0x06, 0xDF, 0xAB, 0xE9, 0xA5, 0x07, 0x04, 0x07, 0xAC, 0x2F,
    0x71, 0x88, 0xE8, 0x68, 0xF0, 0x10, 0xB7, 0xD0, 0xB8, 0x44, 0x7C, 0x60, 0x42, 0xB2, 0xF6, 0x14,
    0x10, 0x15, 0x48, 0xE8, 0x6F, 0x54, 0x04, 0x87, 0x33, 0x76, 0xB7, 0xDA, 0xCF, 0x36, 0xE9, 0x1D,
    0x63, 0x33, 0x1B, 0x91, 0x43, 0x2D, 0xC7, 0x65, 0x4B, 0x00, 0xBA, 0x2C, 0x48, 0xE9, 0xE0, 0x61,
    0x5E, 0x80, 0x9A, 0xA3, 0x52, 0x2B, 0x27, 0x89, 0xD3, 0x55, 0x39, 0x35, 0x39, 0x21, 0xB0, 0xE8,
    0xC2, 0xC4, 0xFF, 0xFA, 0x39, 0x8E, 0x06, 0x25, 0xA3, 0x79, 0x4F, 0x5D, 0x39, 0x7B, 0xC7, 0x5A,
    0x85, 0xB8, 0xA4, 0x2D, 0x4B, 0xBA, 0xB2, 0xE4, 0x8C, 0xF0, 0x74, 0x81, 0x4B, 0x42, 0x3B, 0x77,
    0x67, 0xE9, 0x8F, 0x4B, 0xC2, 0xD4, 0xC8, 0x99, 0xB5, 0xB2, 0xBB, 0x45, 0x67, 0xB4, 0x18, 0x8B,
    0xCB, 0xCA, 0xC9, 0x17, 0x01, 0xD3, 0xC0, 0x86, 0xE7, 0xF5, 0xBF, 0x32, 0x52, 0x6B, 0x49, 0x6C,
    0x37, 0x72, 0x06, 0xCC, 0x59, 0x3B, 0xE7, 0x54, 0x76, 0xEA, 0x55, 0x97, 0x95, 0x8F, 0x55, 0x3C,
    0xCD, 0x8A, 0x15, 0x59, 0x79, 0xFE, 0x14, 0x61, 0x88, 0xC4, 0xAA, 0x06, 0xD5, 0xBE, 0x43, 0xB6,
    0xF1, 0x2F, 0xCA, 0xEA, 0x6B, 0x30, 0x94, 0x01, 0x63, 0x95, 0x84, 0xEC, 0x60, 0x80, 0xE4, 0x27,
    0x4F, 0x73, 0x93, 0x37, 0x05, 0x86, 0x42, 0x8E, 0xF5, 0x81, 0x30, 0x04, 0x02, 0x43, 0x78, 0x37,
    0x18, 0xD4, 0xDD, 0x61, 0x38, 0xAA, 0x8E, 0xC3, 0xEC, 0xDC, 0x8F, 0x70, 0x69, 0x45, 0x79, 0x88,
    0xC7, 0x5C, 0x6C, 0xE1, 0x64, 0x38, 0x46, 0x6F, 0x01, 0x30, 0x54, 0xE5, 0xA7, 0x4E, 0xE1, 0xA7,
    0x5E, 0x86, 0xF8, 0x03, 0x68, 0x04, 0xDF, 0xC8, 0x55, 0x58, 0x4D, 0xBA, 0x58, 0xD8, 0x9C, 0xF8,
    0x7E, 0x15, 0xBE, 0x5C, 0x0A, 0x1E, 0xB6, 0x0E, 0x80, 0x1D, 0x79, 0x8E, 0x57, 0x8D, 0xAF, 0x4E,
    0xF1, 0x09, 0xA7, 0xC5, 0x15, 0xBC, 0x33, 0xA3, 0xB3, 0xB5, 0x26, 0x77, 0x0E, 0xDB, 0x08, 0x14,
    0xCE, 0x3B, 0x05, 0x18, 0x11, 0xAA, 0x6D, 0x40, 0xE0, 0xBE, 0x53, 0x91, 0x0F, 0xAD, 0xC7, 0x71,
    0xC8, 0x86, 0xFE, 0xA3, 0x19, 0x95, 0xEF, 0x9B, 0x53, 0x30, 0x7D, 0x57, 0xED, 0x64, 0x9F, 0xEF,
    0xA2, 0x9D, 0xDF, 0x6A, 0xC7, 0x7D, 0xCE, 0x64, 0x9F, 0x53, 0xAF, 0xD3, 0x4E, 0xFC, 0x0B, 0x17,
    0x73, 0x64, 0xB1, 0xA9, 0xBB, 0xED, 0xF3, 0xEF, 0x08, 0xCB, 0x57, 0x74, 0xD2, 0x20, 0x9B, 0x20,
    0x02, 0x7A, 0x13, 0x71, 0xF2, 0x7D, 0x96, 0x68, 0xF9, 0xC5, 0xCE, 0xAF, 0x61, 0xDF, 0xFD, 0xAF,
    0xE7, 0x7E, 0x3C, 0xF0, 0xD3, 0x45, 0x6C, 0xFA, 0x85, 0x22, 0xF9, 0xCA, 0xCE, 0x50, 0xF5, 0x73,
    0xAD, 0x2D, 0x05, 0xCD, 0x86, 0xEA, 0x2A, 0xB6, 0xDB, 0x69, 0x2A, 0x15, 0x0E, 0x24, 0x01, 0x98,
    0x96, 0x28, 0xD7, 0x97, 0x90, 0x93, 0x91, 0x67, 0x79, 0x52, 0x2D, 0x7E, 0x09, 0x01, 0x31, 0x17,
    0xBD, 0x64, 0xF3, 0xC9, 0x8B, 0x62, 0x81, 0x82, 0xBA, 0x75, 0x88, 0x9F, 0xE4, 0x93, 0x71, 0x0C,
    0x2A, 0xB9, 0x31, 0x82, 0xAE, 0x97, 0x32, 0x09, 0xBC, 0xE4, 0x54, 0x7C, 0xF3, 0xE3, 0x3A, 0x19,
    0x96, 0x04, 0x9F, 0x51, 0x2E, 0xF1, 0x88, 0xF0, 0x8E, 0x01, 0x8A, 0x15, 0x1F, 0x9E, 0x44, 0x04,
    0x7F, 0x59, 0x36, 0xC1, 0x67, 0x29, 0x09, 0x47, 0x46, 0x0F, 0x16, 0x88, 0x8B, 0x98, 0x17, 0x67,
    0x96, 0xD3, 0x1E, 0xD9, 0xF1, 0xC1, 0xC1, 0xE7, 0x38, 0x1E, 0x59, 0xFA, 0x7C, 0x42, 0x90, 0x5E,
    0x17, 0x0F, 0xC3, 0x3F, 0x7B, 0x85, 0xE4, 0x35, 0x64, 0x26, 0x30, 0xED, 0xCB, 0xA6, 0x8F, 0x84,
    0xA8, 0x23, 0xC1, 0xA5, 0xCF, 0x27, 0x22, 0x14, 0xF8, 0x81, 0x08, 0xF2, 0x64, 0x7B, 0x7C, 0x13,
    0x06, 0x31, 0x37, 0xF1, 0xCE, 0xCB, 0x1E, 0x59, 0x74, 0x62, 0x72, 0xFF, 0x96, 0xDF, 0xAD, 0x95,
    0x77, 0xB3, 0x29, 0xD5, 0x96, 0xF7, 0x12, 0xE2, 0x31, 0x84, 0xA0, 0x11, 0xB7, 0x0E, 0x06, 0x14,
    0x14, 0x80, 0x98, 0x41, 0x0C, 0x57, 0xB1, 0x48, 0x1F, 0xBB, 0x45, 0x5C, 0xFA, 0x85, 0x61, 0xE0,
    0xF5, 0x36, 0x0F, 0xF1, 0x89, 0x4C, 0xD0, 0xE4, 0xF4, 0x56, 0x05, 0x38, 0xD4, 0x2F, 0x2C, 0x44,
    0x1F, 0x19, 0xA2, 0xBB, 0x90, 0xFE, 0x6A, 0x0B, 0xFF, 0x1C, 0x84, 0xC8, 0x4B, 0x58, 0x74, 0x79,
    0x14, 0x77, 0x19, 0xB0, 0x93, 0x5F, 0xEE, 0x12, 0x60, 0x6F, 0xD2, 0x39, 0x33, 0x53, 0x38, 0x65,
    0x82, 0xBA, 0x9A, 0x8F, 0x80, 0x24, 0x10, 0xC1, 0xCD, 0x48, 0xF0, 0x29, 0x09, 0xEA, 0xE6, 0x24,
    0x36, 0x5B, 0x3F, 0x38, 0xA8, 0x1B, 0x87, 0xEA, 0x4B, 0x4B, 0x40, 0x0B, 0xB1, 0x33, 0x0F, 0x5D,
    0xA2, 0x43, 0x1A, 0xF1, 0xDF, 0x19, 0x43, 0x92, 0x44, 0x85, 0xE2, 0x91, 0x23, 0xC9, 0x09, 0x71,
    0x8D, 0x24, 0xA8, 0x63, 0xEC, 0xD6, 0xBC, 0xCF, 0x75, 0x4E, 0xE2, 0x9F, 0xCA, 0x6C, 0xC4, 0x7C,
    0xF1, 0xB4, 0x49, 0x7A, 0x43, 0xAA, 0x1A, 0xE6, 0xBF, 0x66, 0xF8, 0x5C, 0x11, 0x20, 0xD2, 0x95,
    0x03, 0x21, 0x65, 0xF5, 0x2B, 0x81, 0xEF, 0xB7, 0x09, 0x9F, 0xAD, 0xE1, 0xEB, 0x7F, 0x64, 0xF8,
    0x2C, 0x3E, 0xC3, 0x2F, 0x5B, 0x49, 0xB7, 0xF7, 0xF9, 0xEB, 0x53, 0xEF, 0xF7, 0x95, 0xFD, 0x1E,
    0xAC, 0x46, 0x68, 0xFF, 0x38, 0xB3, 0x2A, 0x68, 0xE5, 0xE3, 0x2C, 0x42, 0xE7, 0x2D, 0x1D, 0xF8,
    0x01, 0x4C, 0xAC, 0x9D, 0x62, 0xC5, 0x90, 0xA7, 0x85, 0xC6, 0xCA, 0xE6, 0x4A, 0x67, 0xDB, 0x83,
    0xE2, 0x30, 0x6C, 0x71, 0x1B, 0x46, 0xD2, 0xC8, 0x8F, 0xEC, 0x1C, 0x77, 0x5C, 0x66, 0x20, 0x08,
    0x14, 0x35, 0x7C, 0xB0, 0x5A, 0x95, 0x8A, 0x9E, 0x5B, 0x8E, 0x01, 0x88, 0x49, 0x3F, 0x25, 0x85,
    0x9F, 0x91, 0x5F, 0xE5, 0x94, 0xE9, 0x4C, 0xDA, 0xCB, 0x3E, 0x89, 0xC7, 0x57, 0xBE, 0x5E, 0xA0,
    0x95, 0x6F, 0xC5, 0x95, 0x6D, 0x12, 0xFE, 0x2D, 0xEE, 0x8A, 0x7C, 0xFA, 0xDF, 0x42, 0x0C, 0xFB,
    0x78, 0x93, 0xD9, 0x65, 0x38, 0x0B, 0xC6, 0xC1, 0x17, 0xD6, 0x36, 0x93, 0x21, 0xE8, 0x15, 0xA4,
    0xD8, 0x98, 0x2B, 0x94, 0x7A, 0xC0, 0x08, 0xB4, 0xA4, 0x2C, 0xC4, 0x6D, 0x96, 0x9A, 0x72, 0x25,
    0x6E, 0x26, 0x82, 0x42, 0x1E, 0x11, 0xA6, 0x5C, 0x8C, 0x05, 0xCF, 0xE2, 0x0E, 0x97, 0xD1, 0xA3,
    0xF0, 0x0F, 0xD0, 0x32, 0xBE, 0xF4, 0x63, 0x67, 0xE7, 0x0B, 0x15, 0x9E, 0xB5, 0xA3, 0x1F, 0xEA,
    0xEB, 0x63, 0xE0, 0x36, 0x5A, 0x84, 0x4A, 0x73, 0xF0, 0xBA, 0xBD, 0x3F, 0x34, 0xB3, 0x36, 0x9E,
    0x57, 0xF7, 0x6E, 0xAC, 0xAB, 0x53, 0xA0, 0x6F, 0x5F, 0x9B, 0x58, 0x5B, 0xE7, 0x28, 0xC2, 0xB8,
    0x9E, 0xFE, 0x95, 0x90, 0xF6, 0x34, 0xFD, 0xB8, 0x34, 0x01, 0xAD, 0xF5, 0xFE, 0x84, 0x3A, 0x76,
    0x63, 0x5C, 0xEE, 0xBD, 0xBF, 0xB1, 0xD1, 0xD7, 0xE5, 0xAC, 0xE6, 0x80, 0xF7, 0x08, 0xAC, 0x92,
    0xB8, 0xF1, 0xED, 0x89, 0x7E, 0x3B, 0x41, 0xD3, 0xC1, 0x7B, 0xF7, 0x9C, 0x91, 0x96, 0x80, 0xBF,
    0x26, 0x3A, 0x6E, 0x82, 0xEE, 0x4E, 0x53, 0x77, 0x55, 0x27, 0x92, 0xCD, 0x83, 0xC1, 0x74, 0xF2,
    0xA9, 0xB1, 0x1E, 0x9F, 0x66, 0xB2, 0x30, 0x6A, 0x55, 0xE7, 0xCD, 0xAC, 0x5A, 0xC8, 0xE1, 0x0B,
    0xDB, 0x7C, 0xF1, 0x8A, 0xB0, 0x09, 0x4B, 0xD4, 0x11, 0x72, 0xA9, 0xAF, 0x21, 0x3B, 0xF8, 0x59,
    0x0C, 0x86, 0xAF, 0x07, 0xB1, 0x43, 0x4E, 0x27, 0xF8, 0xE7, 0x15, 0x08, 0xCF, 0x59, 0x28, 0xF4,
    0xD3, 0x20, 0xB5, 0x2B, 0x88, 0x08, 0x42, 0x9C, 0xC0, 0x66, 0xBD, 0x83, 0x8D, 0x6B, 0x72, 0x70,
    0xB7, 0xF8, 0x30, 0x98, 0x61, 0x35, 0xEB, 0x1A, 0xE0, 0x40, 0x26, 0x13, 0x11, 0x8E, 0x66, 0x17,
    0x66, 0x9A, 0x67, 0xF2, 0x1E, 0xCF, 0xBC, 0xA7, 0xC5, 0x2C, 0x3F, 0x10, 0xE7, 0x52, 0xE3, 0x7C,
    0x67, 0xCC, 0x7A, 0x06, 0xB3, 0x7C, 0x3F, 0x66, 0xF7, 0x96, 0xDA, 0xC5, 0xF8, 0x92, 0x8E, 0x29,
    0xFB, 0xDA, 0xBB, 0xB1, 0xC7, 0x0C, 0x29, 0x32, 0x44, 0x25, 0x28, 0x5B, 0x10, 0x03, 0x98, 0x58,
    0xD5, 0xEB, 0xB5, 0xFD, 0x93, 0xB8, 0x76, 0x76, 0xAC, 0x8A, 0x88, 0xB8, 0xF8, 0x47, 0x40, 0x58,
    0x47, 0x0D, 0x52, 0x96, 0x0D, 0xA3, 0x98, 0x70, 0x2C, 0xAA, 0xDE, 0x25, 0xA2, 0xB1, 0xA5, 0xC4,
    0xE4, 0xC6, 0x19, 0x90, 0x47, 0x34, 0x71, 0x13, 0x5A, 0xDE, 0x3F, 0x79, 0x5A, 0x45, 0x00, 0x77,
    0xC7, 0x38, 0x6D, 0x39, 0x7A, 0x43, 0x53, 0xA2, 0x11, 0x43, 0x26, 0x85, 0xC1, 0xCA, 0x04, 0x5E,
    0x72, 0x7C, 0x76, 0xBD, 0xCC, 0x22, 0x8E, 0xEC, 0xDB, 0xBE, 0x97, 0xED, 0x81, 0x29, 0xB3, 0xC8,
    0xA9, 0x40, 0x74, 0x94, 0xD9, 0xF5, 0xFD, 0x2A, 0x79, 0x55, 0x1D, 0x0B, 0x25, 0x86, 0xBA, 0xC7,
    0x8D, 0xBB, 0x6C, 0x32, 0x66, 0x9C, 0xE9, 0x62, 0xD3, 0x5F, 0x2D, 0xD4, 0xC9, 0x6D, 0x79, 0x3F,
    0x0F, 0x1C, 0xFE, 0xCE, 0xB5, 0xD7, 0xB4, 0x7D, 0xA9, 0xE7, 0x54, 0xF0, 0x43, 0x89, 0x48, 0xC2,
    0x74, 0x5C, 0x18, 0xCF, 0x77, 0x1F, 0x95, 0xA5, 0x25, 0xBA, 0x81, 0x54, 0x8B, 0x91, 0x18, 0xF9,
    0x09, 0xAB, 0x24, 0xC2, 0xB5, 0x91, 0x2F, 0x32, 0xF6, 0x85, 0x02, 0x8B, 0x72, 0xB5, 0x8E, 0x29,
    0x65, 0x9B, 0x29, 0x3C, 0x71, 0x10, 0x05, 0x26, 0x97, 0x61, 0x41, 0x40, 0x2B, 0x23, 0x19, 0x70,
    0xBE, 0xEF, 0x9C, 0x6E, 0x33, 0x85, 0xB2, 0x6E, 0x67, 0x54, 0xE3, 0x91, 0x4A, 0x56, 0x5D, 0x13,
    0x2D, 0xB0, 0xA4, 0xAB, 0x4B, 0x39, 0x50, 0x22, 0xB9, 0xAE, 0xA2, 0xCA, 0x38, 0x8C, 0xAB, 0x08,
    0xB8, 0xDC, 0xF8, 0xBA, 0x4E, 0x9A, 0xEC, 0x26, 0x9E, 0x8C, 0x0A, 0x9F, 0x87, 0x7C, 0xC3, 0xC9,
    0x7D, 0xE9, 0x1D, 0xB8, 0x2F, 0xD1, 0x81, 0xFB, 0x12, 0x7E, 0xD8, 0x7D, 0x79, 0x42, 0xE5, 0x47,
    0x10, 0xC0, 0xAE, 0x38, 0xB1, 0xFB, 0x74, 0xA1, 0x70, 0xE6, 0xAC, 0x91, 0xFA, 0xE5, 0xF6, 0xE5,
    0xA9, 0x0D, 0x25, 0xA7, 0x4E, 0x40, 0xED, 0xB6, 0x60, 0x2F, 0xA8, 0xD1, 0x41, 0x7B, 0xD3, 0xBB,
    0xDB, 0xDE, 0x40, 0x66, 0x8B, 0xD9, 0x3C, 0x0B, 0xB6, 0x92, 0xB1, 0xE4, 0xC6, 0xA8, 0x5F, 0x62,
    0x37, 0x40, 0xE9, 0x62, 0xAF, 0xF3, 0x76, 0x2A, 0x25, 0x1B, 0x25, 0xB5, 0x40, 0x16, 0x92, 0xE0,
    0x3C, 0xAD, 0xEA, 0x80, 0x6C, 0xF7, 0xC3, 0x2B, 0xF7, 0xBF, 0xE2, 0x28, 0xC3, 0x42, 0xC2, 0xF1,
    0x29, 0x9D, 0x45, 0x94, 0xE2, 0x46, 0x19, 0xEC, 0x5F, 0x3E, 0xA4, 0x9C, 0xEF, 0xC5, 0x4A, 0xF7,
    0x26, 0x98, 0xE5, 0xD1, 0x5C, 0xF0, 0x7B, 0x22, 0xE3, 0x43, 0x0C, 0x00, 0xB3, 0xB8, 0xAE, 0x95,
    0x4B, 0x0C, 0x02, 0xB5, 0x56, 0x9A, 0x88, 0x98, 0xA2, 0x87, 0xE8, 0x6C, 0x6C, 0x80, 0x60, 0x20,
    0x25, 0x11, 0xF3, 0x96, 0xDE, 0xF8, 0x6D, 0x62, 0xC8, 0x06, 0x66, 0x07, 0xC3, 0x38, 0xC9, 0xFF,
    0xAA, 0x9C, 0x1B, 0x9C, 0x94, 0x4E, 0x41, 0xCA, 0x2A, 0x06, 0xD4, 0xD8, 0x82, 0x09, 0x08, 0x7E,
    0xE8, 0x0F, 0x05, 0x6F, 0x65, 0x7D, 0x53, 0x84, 0xE0, 0xE5, 0xE7, 0x39, 0x2B, 0x9E, 0x0B, 0x0C,
    0xB9, 0xAD, 0xDD, 0x8D, 0x99, 0xA6, 0x6A, 0x43, 0x0D, 0x31, 0xCF, 0xC2, 0x1E, 0xFD, 0xF6, 0x61,
    0x57, 0x3E, 0x91, 0x1A, 0x9F, 0xD0, 0x49, 0x5E, 0xD6, 0xA1, 0x4E, 0xAF, 0x0B, 0x7D, 0xFC, 0xF1,
    0xCB, 0x55, 0x57, 0x95, 0x92, 0x42, 0x49, 0xC8, 0x07, 0xFA, 0x70, 0x2F, 0x15, 0x2E, 0x5A, 0x70,
    0x6F, 0xA7, 0x75, 0x6F, 0xEB, 0x6D, 0x55, 0x8E, 0xF9, 0x83, 0xDA, 0x86, 0xC7, 0xB6, 0x28, 0xA1,
    0x1B, 0x1F, 0xDF, 0x25, 0xE1, 0x72, 0xAB, 0x84, 0xC7, 0xCB, 0x34, 0xD7, 0x3D, 0xBD, 0xD5, 0x3E,
    0x46, 0xC2, 0x0A, 0x69, 0xE1, 0x88, 0x64, 0x72, 0x91, 0x38, 0x4F, 0x64, 0x92, 0x8B, 0x6C, 0x91,
    0x54, 0x02, 0xA3, 0xAE, 0xFA, 0xBF, 0xD5, 0x36, 0x89, 0x18, 0x6D, 0x9D, 0x41, 0x9C, 0xA8, 0xF3,
    0x91, 0xA4, 0xEE, 0xE2, 0x54, 0x3A, 0x92, 0x07, 0x9E, 0x87, 0xDB, 0xBE, 0xA5, 0x82, 0x5B, 0x3A,
    0xE9, 0x55, 0x6D, 0x86, 0x06, 0xD5, 0x6D, 0xED, 0xCA, 0xA8, 0x15, 0xD0, 0x58, 0x10, 0xCC, 0x2C,
    0x8D, 0x80, 0x27, 0xBD, 0x8D, 0xF2, 0xBC, 0xA0, 0xFB, 0xBE, 0x00, 0xE2, 0x37, 0x02, 0xA8, 0x7F,
    0x63, 0xA8, 0xD1, 0x6C, 0x74, 0xE8, 0x93, 0x68, 0xA1, 0xE8, 0x3F, 0xB0, 0xB2, 0x24, 0x88, 0x3D,
    0x8D, 0xC8, 0x50, 0xBC, 0xB6, 0xAA, 0x3B, 0xAA, 0x34, 0x7A, 0xEB, 0xFB, 0x31, 0x41, 0xD4, 0x7B,
    0xB6, 0xFB, 0x2B, 0xD0, 0x46, 0x44, 0x47, 0xB7, 0xED, 0x0F, 0x5D, 0xF4, 0x16, 0xC9, 0xDB, 0x00,
    0x70, 0x4F, 0xDD, 0x9B, 0xBE, 0x39, 0x98, 0x3C, 0x9C, 0x72, 0x62, 0x49, 0x96, 0xD2, 0x20, 0xBC,
    0x26, 0xE8, 0x85, 0xA9, 0x9F, 0x25, 0x95, 0x53, 0xFC, 0xE5, 0xD0, 0xAA, 0xAE, 0xDF, 0xA7, 0xB6,
    0x90, 0xBC, 0x47, 0x9B, 0x3A, 0xB5, 0xF5, 0x6E, 0xE3, 0xE8, 0xFC, 0x04, 0xAB, 0x0E, 0x80, 0xEA,
    0x36, 0xD0, 0x8E, 0x9C, 0x72, 0xDA, 0x4F, 0xD7, 0xA6, 0xDD, 0xDC, 0xAF, 0xB1, 0x8C, 0xC9, 0x51,
    0x0E, 0x1B, 0x86, 0x49, 0x62, 0xB5, 0x6D, 0xA4, 0x92, 0xD4, 0x35, 0x66, 0x59, 0x46, 0x22, 0x88,
    0xF8, 0x54, 0x16, 0x55, 0xDE, 0x68, 0x2A, 0xB2, 0xBF, 0xFA, 0xC6, 0x33, 0x45, 0x3E, 0x7F, 0x6E,
    0x7B, 0x0E, 0xF7, 0xFD, 0xA7, 0xA9, 0xE1, 0x06, 0x90, 0xD1, 0xFE, 0x19, 0x3D, 0x2C, 0x68, 0xE5,
    0xBE, 0x8E, 0x75, 0xB7, 0xFD, 0xEC, 0x1C, 0xE4, 0x9A, 0x56, 0x03, 0xD8, 0xA1, 0x20, 0xF6, 0xD3,
    0x2E, 0xC9, 0x14, 0x72, 0x56, 0x5D, 0xEE, 0xBF, 0xCB, 0xED, 0xE9, 0x2E, 0x40, 0xD4, 0x71, 0x78,
    0xD8, 0x91, 0xA9, 0x6E, 0xB9, 0x2F, 0x3C, 0x76, 0xBB, 0xD0, 0xD1, 0xEF, 0x18, 0x25, 0x27, 0x21,
    0x4A, 0x5B, 0xE6, 0x83, 0x0F, 0x87, 0xB8, 0xC8, 0x34, 0x17, 0xB9, 0xC4, 0x45, 0x4A, 0x24, 0xD8,
    0x4E, 0x8E, 0xFC, 0xFA, 0xF1, 0x8C, 0xE9, 0x35, 0x6F, 0x62, 0x66, 0x4E, 0x93, 0xC4, 0x0D, 0x0E,
    0x98, 0x46, 0xEC, 0xDE, 0xB9, 0x23, 0xC0, 0x31, 0x32, 0x56, 0xC0, 0x33, 0x56, 0xC0, 0x4F, 0x35,
    0x65, 0xDB, 0xAC, 0xFA, 0x8A, 0xE1, 0x6C, 0x6D, 0xFA, 0x65, 0x95, 0xA6, 0xBA, 0xBB, 0xE7, 0x2D,
    0x84, 0x32, 0xC2, 0xE3, 0xA2, 0xCB, 0x3A, 0xB0, 0x58, 0x8B, 0x7F, 0x9D, 0x3A, 0x5F, 0xEC, 0x16,
    0xED, 0x0E, 0xA9, 0x18, 0x6E, 0xE9, 0x04, 0x0A, 0x5F, 0xCF, 0x08, 0x00, 0xF7, 0x66, 0xCA, 0xAF,
    0xC5, 0xEA, 0xD9, 0x3A, 0x62, 0xA3, 0x09, 0xD5, 0x96, 0x59, 0x0A, 0xCA, 0x5D, 0x73, 0xC7, 0xED,
    0xFE, 0x3E, 0x61, 0xB1, 0x17, 0x35, 0x5F, 0xEB, 0x69, 0xE5, 0x7F, 0x1F, 0x9E, 0x22, 0x55, 0x81,
    0x4E, 0x59, 0x7E, 0x4B, 0x54, 0xA0, 0x5B, 0xE3, 0xDB, 0x70, 0x1A, 0xDD, 0x54, 0x1D, 0xC9, 0xB5,
    0x54, 0xC4, 0x04, 0x92, 0xE1, 0x45, 0xD0, 0x15, 0x8B, 0xC8, 0xD3, 0x69, 0xD5, 0x87, 0x62, 0xDE,
    0xA5, 0xD2, 0x82, 0x10, 0xB4, 0x05, 0x4B, 0x5B, 0x35, 0xDD, 0xE8, 0x98, 0xF8, 0x83, 0x3F, 0xEE,
    0x7C, 0x38, 0x83, 0x71, 0x68, 0x2F, 0xF8, 0x10, 0xD1, 0x15, 0xFE, 0xC1, 0x95, 0x70, 0x4E, 0xEA,
    0x2E, 0x30, 0x33, 0xC1, 0x5B, 0x4B, 0x09, 0x42, 0xFF, 0x46, 0x1F, 0x60, 0xBA, 0x33, 0x6B, 0x53,
    0xD7, 0xFA, 0x6D, 0x56, 0xFA, 0xC3, 0x0B, 0xC8, 0xC1, 0x6E, 0x94, 0x52, 0xE3, 0xB7, 0xAA, 0x15,
    0xBD, 0xE7, 0x91, 0x41, 0x8B, 0x7E, 0x49, 0xD7, 0xF5, 0xCD, 0x01, 0x8A, 0x4C, 0x24, 0xED, 0x19,
    0x5F, 0x2A, 0x27, 0x8D, 0x4C, 0x21, 0x05, 0x00, 0x86, 0xE4, 0x18, 0xD6, 0xCE, 0x2F, 0xC0, 0x7B,
    0x8B, 0x81, 0x0A, 0x28, 0xEB, 0xE7, 0xBC, 0x20, 0xC9, 0x3C, 0x80, 0x03, 0x9F, 0xE2, 0x22, 0xB3,
    0x2D, 0x07, 0xAC, 0x83, 0x39, 0x70, 0xA4, 0x24, 0xB5, 0xA1, 0x99, 0xC7, 0x2C, 0x95, 0xD2, 0x86,
    0x82, 0x47, 0x24, 0x82, 0x6E, 0x89, 0x85, 0x1B, 0x6C, 0xD9, 0xE5, 0xC8, 0x29, 0x47, 0x6E, 0xB1,
    0x35, 0xBE, 0xEB, 0x61, 0x15, 0x1D, 0x53, 0xD1, 0x0B, 0x64, 0x31, 0x49, 0x6C, 0xE9, 0x7A, 0x7E,
    0xDE, 0x66, 0x8C, 0xAD, 0x10, 0xBB, 0x34, 0xB1, 0xA8, 0x09, 0x72, 0x3E, 0x7B, 0x87, 0x81, 0x39,
    0x03, 0x35, 0xE9, 0xFD, 0xB1, 0x3D, 0x60, 0xCB, 0xFF, 0x7D, 0x03, 0x4A, 0x1C, 0x6A, 0x35, 0xB1,
    0x28, 0xC4, 0x09, 0x2E, 0x32, 0xCB, 0x45, 0xAE, 0x63, 0x11, 0xE4, 0x6B, 0xC3, 0xA5, 0xC7, 0x0A,
    0xA6, 0x05, 0xBC, 0xC9, 0xC6, 0x4D, 0x5B, 0xA4, 0x26, 0x76, 0x97, 0x69, 0x21, 0x2B, 0x13, 0x63,
    0x45, 0x82, 0x3F, 0x50, 0xD1, 0x2C, 0x43, 0xBA, 0x24, 0xB5, 0x86, 0xCA, 0xAB, 0x99, 0x0B, 0xFE,
    0xAE, 0xDC, 0xE5, 0xE8, 0xBB, 0x6E, 0x64, 0xFE, 0x6D, 0xDA, 0x56, 0xC3, 0x47, 0xF5, 0x94, 0x1A,
    0x37, 0xA2, 0xDB, 0x3E, 0x9A, 0x74, 0x79, 0xBB, 0x6E, 0xF9, 0x6E, 0x83, 0xCE, 0x04, 0x17, 0xF2,
    0xF7, 0x33, 0x31, 0x64, 0x7E, 0x25, 0x86, 0x83, 0x81, 0xCB, 0x34, 0x44, 0xFB, 0x6E, 0x26, 0xE5,
    0x90, 0x37, 0x06, 0x62, 0xE0, 0x2E, 0x25, 0x72, 0xA8, 0x66, 0xC1, 0x37, 0xD0, 0x69, 0x0A, 0x5B,
    0x39, 0xCF, 0x26, 0x58, 0xC4, 0x75, 0xAD, 0xCC, 0xCF, 0x79, 0x1A, 0x4B, 0xAB, 0xB6, 0x75, 0x37,
    0x8E, 0x11, 0xD4, 0x34, 0x36, 0x65, 0x85, 0x25, 0x15, 0xAB, 0x9E, 0x15, 0x23, 0x19, 0xFD, 0xA1,
    0x1C, 0x4C, 0xEF, 0xCD, 0x58, 0x92, 0xFD, 0x51, 0x26, 0x61, 0x4F, 0x54, 0x88, 0x6C, 0xEC, 0x49,
    0xBB, 0x9A, 0x2C, 0x1C, 0xBF, 0x08, 0x59, 0x78, 0xD1, 0xC6, 0x5B, 0x69, 0xC9, 0x24, 0xF6, 0x12,
    0x0E, 0x2E, 0xB6, 0x07, 0x7C, 0xB2, 0xAD, 0xAC, 0xFA, 0x80, 0x28, 0xA8, 0xC3, 0x5A, 0xBD, 0xF9,
    0xC6, 0xAB, 0xE5, 0x51, 0xFF, 0x49, 0xD8, 0xED, 0xED, 0x2C, 0x82, 0x55, 0x84, 0xA8, 0x7E, 0x2E,
    0x1D, 0x97, 0x04, 0x18, 0x03, 0x65, 0x26, 0x34, 0x58, 0x64, 0x4D, 0x31, 0xC3, 0x7B, 0x02, 0xFF,
    0xF7, 0x7D, 0x08, 0xDC, 0x2F, 0xAC, 0x4A, 0x88, 0xCC, 0x72, 0xBD, 0xCF, 0x90, 0xB3, 0x94, 0x23,
    0xCD, 0x7E, 0x39, 0x55, 0x44, 0xEC, 0x4D, 0xF1, 0xFE, 0xAD, 0x94, 0x4A, 0xC7, 0x7C, 0x4F, 0xC6,
    0x40, 0x66, 0xB0, 0xD3, 0x88, 0x11, 0x3D, 0x70, 0x5A, 0x54, 0xEC, 0x49, 0xED, 0x17, 0x0F, 0x73,
    0x62, 0x76, 0x73, 0x2B, 0x9E, 0xBE, 0x05, 0x3C, 0x76, 0x93, 0x6B, 0xF8, 0x19, 0xC1, 0xC5, 0x21,
    0x98, 0x96, 0x6A, 0x49, 0xE2, 0xC9, 0x28, 0x89, 0xFF, 0x2A, 0xC1, 0xC5, 0x5F, 0x73, 0x3D, 0xF1,
    0xB1, 0x29, 0x81, 0xA0, 0xCF, 0xD0, 0x2D, 0x96, 0x7E, 0x94, 0xA5, 0xD3, 0x45, 0x46, 0x11, 0x38,
    0x9E, 0x2E, 0x68, 0x63, 0x4D, 0xE6, 0x07, 0xA6, 0xBA, 0x69, 0x5A, 0x8F, 0x4E, 0xAD, 0xC6, 0xED,
    0x3A, 0xB1, 0x47, 0xE3, 0x89, 0x88, 0xD6, 0x55, 0x1F, 0xEE, 0xF0, 0xB2, 0x9A, 0x6F, 0x37, 0x19,
    0xE1, 0x5A, 0xFF, 0x69, 0x5A, 0x0B, 0x5A, 0x51, 0x06, 0x2F, 0x0C, 0xF9, 0x99, 0xFB, 0x09, 0x56,
    0x4C, 0x86, 0x09, 0x15, 0x92, 0xBF, 0xCF, 0x12, 0x29, 0xA7, 0xF4, 0x46, 0x06, 0xA8, 0x0F, 0xE7,
    0x70, 0x95, 0x6D, 0x1E, 0x58, 0x05, 0x9A, 0x73, 0xCB, 0xC6, 0x4B, 0x2A, 0xD5, 0x99, 0xB6, 0xDF,
    0x4C, 0x56, 0xCE, 0x61, 0xF7, 0xEC, 0x0C, 0xB1, 0x5A, 0x10, 0x99, 0xE8, 0x41, 0x4A, 0x6A, 0x4F,
    0xEE, 0xE1, 0x64, 0x52, 0xF6, 0xCB, 0xA9, 0xC5, 0xB3, 0x91, 0x7D, 0xE1, 0xBF, 0x9C, 0x52, 0x40,
    0xF6, 0x91, 0x56, 0xC3, 0x14, 0xD4, 0xB0, 0x78, 0x41, 0x26, 0x28, 0x03, 0x78, 0x1C, 0x69, 0x1C,
    0xFD, 0x6D, 0x35, 0xBC, 0x47, 0x08, 0x59, 0xDB, 0x4D, 0x1A, 0xC4, 0x3C, 0xD7, 0xF6, 0x46, 0xAC,
    0x8E, 0xE0, 0xBB, 0x0F, 0x7B, 0xDD, 0xD7, 0x89, 0xC7, 0x94, 0x12, 0x2F, 0x44, 0x92, 0xFD, 0xBB,
    0xE1, 0xE3, 0x50, 0xF8, 0x78, 0x02, 0x96, 0x6B, 0x8E, 0x7C, 0x2C, 0x89, 0x95, 0x93, 0x0D, 0x65,
    0x43, 0xF2, 0xC0, 0xF0, 0x51, 0x0A, 0xFB, 0x34, 0x45, 0x42, 0xB2, 0x20, 0x9B, 0xA7, 0x72, 0x4E,
    0x35, 0x23, 0x7C, 0xEC, 0x19, 0x3E, 0x7E, 0x27, 0xA5, 0x6A, 0x4E, 0xA5, 0xF9, 0x98, 0xAC, 0x68,
    0x3E, 0xD6, 0xC2, 0x47, 0xDB, 0xF0, 0x31, 0xD1, 0x6E, 0xD6, 0xD7, 0x7C, 0x6C, 0xC3, 0xBD, 0x4B,
    0xFA, 0xC7, 0xEC, 0xE4, 0xB4, 0x90, 0xA0, 0xD7, 0xC5, 0x48, 0xA7, 0x75, 0x09, 0x2A, 0x7C, 0x24,
    0xD7, 0x79, 0x81, 0x26, 0xB2, 0x6E, 0xEE, 0xF4, 0xED, 0x81, 0xDB, 0xF8, 0xA3, 0xA9, 0xC5, 0xF9,
    0xDE, 0x99, 0xF3, 0xEB, 0x6B, 0xE7, 0xB6, 0xD3, 0x2B, 0x08, 0x49, 0xB7, 0x08, 0x94, 0x55, 0x73,
    0x64, 0x47, 0x0F, 0xED, 0x38, 0x85, 0x53, 0x78, 0x39, 0xE2, 0xBE, 0xCC, 0xCB, 0xA4, 0x32, 0xC1,
    0xD8, 0x5F, 0x62, 0x9E, 0xB6, 0xA4, 0x71, 0x59, 0x4A, 0x73, 0x56, 0x0C, 0x5B, 0xFA, 0x6D, 0x76,
    0xDF, 0x62, 0x93, 0x6B, 0x98, 0xDA, 0x58, 0x33, 0xB8, 0x63, 0x43, 0x55, 0x17, 0xD0, 0x92, 0xE7,
    0x00, 0x33, 0x3D, 0x25, 0xFB, 0xC8, 0xD8, 0x72, 0x5F, 0x0A, 0x2E, 0x74, 0x02, 0x52, 0x28, 0x74,
    0x2A, 0xFA, 0x28, 0xEF, 0x75, 0x89, 0xE3, 0xBF, 0x2A, 0xD9, 0x33, 0x0D, 0xAD, 0x33, 0x90, 0x34,
    0xF8, 0xA6, 0x54, 0x55, 0xE9, 0x00, 0xEC, 0x9A, 0x28, 0xF9, 0x72, 0x5F, 0x42, 0xBB, 0xE5, 0x0C,
    0x74, 0xF2, 0xA5, 0x4B, 0x61, 0x91, 0x78, 0xFB, 0x48, 0x9A, 0x25, 0x11, 0x9F, 0x38, 0x2E, 0x84,
    0xAA, 0xB6, 0xDC, 0xB5, 0xF7, 0x8B, 0xBE, 0x26, 0x7A, 0x3C, 0x85, 0x1C, 0x39, 0x81, 0x40, 0x42,
    0x56, 0xB0, 0xAB, 0x1C, 0xA4, 0x6E, 0x11, 0xC5, 0x5E, 0xC1, 0xBE, 0x32, 0xE7, 0x98, 0x22, 0x9E,
    0x56, 0x56, 0x81, 0x99, 0x3D, 0xDC, 0x04, 0x49, 0x75, 0x6D, 0x3A, 0xB6, 0x65, 0x3B, 0xB8, 0x3D,
    0xF7, 0x3D, 0x2A, 0x1E, 0x4A, 0x7C, 0x5A, 0xB2, 0xBE, 0x27, 0x56, 0x64, 0xE3, 0xDB, 0x1A, 0x7D,
    0x61, 0x28, 0x7E, 0x70, 0x5B, 0xFC, 0xF5, 0x96, 0xF8, 0xE5, 0x5A, 0x12, 0xCA, 0x32, 0x90, 0xBE,
    0x90, 0xD4, 0x7E, 0x9E, 0x15, 0xF5, 0x43, 0xC9, 0xFD, 0x45, 0xFD, 0x37, 0x25, 0xD3, 0x7B, 0x9C,
    0xAB, 0x8B, 0xFA, 0xDE, 0x8F, 0xA4, 0x94, 0xF3, 0xAC, 0xA4, 0xE1, 0x12, 0x42, 0x16, 0x3A, 0xEB,
    0xDC, 0x96, 0x38, 0xB0, 0x16, 0x2A, 0xD5, 0x62, 0xBD, 0xE4, 0x89, 0xA6, 0x8E, 0xEE, 0x90, 0x36,
    0x39, 0x08, 0x37, 0x07, 0xC2, 0xB0, 0xBC, 0x2F, 0xCE, 0x75, 0xB2, 0xBA, 0x4F, 0x28, 0xA8, 0x9B,
    0x9F, 0x5D, 0xA1, 0x3D, 0x67, 0x72, 0x5A, 0x30, 0x3D, 0x45, 0xE4, 0xB2, 0x86, 0x6D, 0x0B, 0xD3,
    0x48, 0xCC, 0xBC, 0x0B, 0xC6, 0xD0, 0x8A, 0x01, 0x70, 0xA2, 0xE1, 0xBC, 0xC7, 0xA0, 0x4E, 0x37,
    0xF6, 0xFD, 0x57, 0x65, 0x07, 0x3F, 0xC7, 0x45, 0x17, 0xC4, 0x47, 0x5E, 0xBD, 0xB4, 0xB7, 0x0C,
    0xCE, 0x1D, 0xD1, 0x50, 0x68, 0x3E, 0x60, 0xA3, 0x61, 0x83, 0x47, 0x44, 0x41, 0x63, 0xA1, 0x09,
    0x41, 0x86, 0xD8, 0x03, 0xD9, 0xF4, 0x81, 0x06, 0x43, 0x33, 0x42, 0xAE, 0x55, 0x22, 0xB9, 0x9A,
    0xA0, 0x21, 0x57, 0xBF, 0x48, 0x24, 0xD4, 0x93, 0xC0, 0x3B, 0xD5, 0x70, 0x68, 0x4E, 0xF0, 0x3C,
    0x95, 0xF4, 0x71, 0x5C, 0x44, 0xE3, 0x61, 0x48, 0x11, 0x7C, 0x87, 0x45, 0x1F, 0xAC, 0xE7, 0xBC,
    0x82, 0x5F, 0xCE, 0xF2, 0x54, 0x73, 0x46, 0xE3, 0x98, 0xB7, 0x97, 0x1E, 0x6A, 0xB8, 0xA6, 0x04,
    0x14, 0x68, 0x3B, 0xE0, 0xE0, 0x41, 0x21, 0xB9, 0xBB, 0xC0, 0x82, 0x08, 0x70, 0xA0, 0x87, 0x0F,
    0x38, 0x09, 0x29, 0xC0, 0xE0, 0xFC, 0x64, 0x82, 0x8C, 0xF0, 0xAA, 0x85, 0xA6, 0xFB, 0xFA, 0x72,
    0xA3, 0xBB, 0xAD, 0xC9, 0x73, 0xAE, 0x4C, 0x49, 0xC0, 0x05, 0xF7, 0x78, 0xB8, 0xC2, 0x54, 0xC7,
    0x9D, 0x0C, 0x0B, 0x6B, 0x76, 0x22, 0x75, 0x59, 0xD3, 0x91, 0x8E, 0xE0, 0x40, 0x5D, 0x3D, 0x49,
    0xA7, 0x40, 0x23, 0xCC, 0xB0, 0x4F, 0x7A, 0xAF, 0xE4, 0x4F, 0x0F, 0xDC, 0x93, 0x89, 0x8D, 0xA6,
    0x49, 0x4D, 0xC7, 0xFF, 0xBA, 0x64, 0x03, 0x01, 0xBB, 0xB0, 0x89, 0xC4, 0xEF, 0x85, 0xAE, 0xA3,
    0xD2, 0xF6, 0x26, 0x42, 0x91, 0x58, 0xDE, 0xC2, 0x0A, 0xA7, 0x79, 0xAA, 0xBA, 0xCA, 0x45, 0x6B,
    0xDA, 0x19, 0x8F, 0xDD, 0x18, 0x3A, 0xB9, 0x90, 0x9A, 0xB1, 0x16, 0x93, 0xBC, 0x95, 0x2C, 0x2D,
    0x11, 0xDE, 0x65, 0x4A, 0xDE, 0xF2, 0x65, 0x56, 0x83, 0x03, 0x3B, 0x33, 0xBC, 0x12, 0x3E, 0x8E,
    0x34, 0x73, 0xAD, 0xA0, 0xCE, 0x8D, 0xAA, 0x01, 0x50, 0x85, 0xC3, 0x83, 0x65, 0xFA, 0x80, 0x28,
    0x59, 0x86, 0xF3, 0xB3, 0x81, 0x78, 0x24, 0x87, 0xBE, 0xA6, 0xBE, 0x80, 0x69, 0xA8, 0xCE, 0x00,
    0xA7, 0x81, 0x95, 0x85, 0xAA, 0x19, 0x9C, 0x05, 0x52, 0x2F, 0x61, 0xE5, 0xF0, 0x96, 0x6B, 0x9C,
    0xA0, 0x24, 0x83, 0xBA, 0xE8, 0x56, 0x8D, 0x07, 0x12, 0xF7, 0x94, 0x84, 0x1A, 0xEE, 0x63, 0xF4,
    0x30, 0x44, 0x80, 0x4E, 0x43, 0x93, 0x84, 0x43, 0x9B, 0x84, 0x10, 0x91, 0x5C, 0xA9, 0x1E, 0x67,
    0x11, 0x9B, 0xC0, 0x30, 0x50, 0x08, 0x26, 0x43, 0x28, 0x7E, 0xBE, 0x2C, 0xEC, 0xA8, 0xCD, 0x58,
    0x8D, 0x23, 0x4D, 0x23, 0x6E, 0x20, 0xDF, 0x18, 0x99, 0x39, 0x18, 0x9F, 0x33, 0x31, 0x44, 0xA1,
    0xE6, 0x84, 0x92, 0x7F, 0x2B, 0x01, 0xC6, 0x12, 0x07, 0x3E, 0x25, 0x59, 0xEF, 0xD8, 0x3C, 0x3E,
    0xB8, 0x27, 0x16, 0xEC, 0x63, 0x7F, 0x9A, 0x17, 0x47, 0xEA, 0xCD, 0x77, 0xC2, 0x78, 0xFD, 0x67,
    0x76, 0x7C, 0xAE, 0x67, 0xC2, 0x70, 0x49, 0xD3, 0x0B, 0x93, 0x55, 0xD5, 0xE6, 0xDD, 0xA1, 0x29,
    0x63, 0x76, 0x59, 0xC2, 0xAF, 0x5F, 0xC1, 0x71, 0x2D, 0x4C, 0x62, 0x20, 0xA9, 0x78, 0x98, 0x64,
    0x29, 0xEE, 0x9A, 0x49, 0x74, 0x0A, 0xEA, 0xFC, 0x44, 0x4D, 0x0A, 0x47, 0x31, 0xA8, 0x93, 0x62,
    0x6A, 0xF1, 0x2F, 0xAA, 0xA3, 0xFE, 0xCA, 0x19, 0x47, 0x8A, 0x82, 0x83, 0x5D, 0x05, 0x09, 0xA3,
    0xE9, 0x24, 0x04, 0x51, 0x5B, 0xEC, 0x69, 0x3D, 0x46, 0x65, 0x1A, 0x7D, 0x72, 0xEC, 0x4B, 0xD3,
    0x3C, 0xBC, 0xCE, 0x32, 0xD3, 0x84, 0x60, 0x25, 0x63, 0x07, 0xE7, 0x66, 0x61, 0xBA, 0x17, 0x26,
    0x99, 0x98, 0x6C, 0xD3, 0x4B, 0x63, 0xB0, 0x11, 0xE6, 0x27, 0x62, 0x04, 0x46, 0x44, 0xD0, 0x1C,
    0xBA, 0x3B, 0x20, 0xE8, 0x7D, 0x4C, 0x08, 0x72, 0x3C, 0xD3, 0x89, 0x57, 0x95, 0xF3, 0x6D, 0xC4,
    0x12, 0x0C, 0x2F, 0x9B, 0x6E, 0xEA, 0xAB, 0x25, 0x88, 0xDB, 0x04, 0x03, 0x22, 0x75, 0xE6, 0x7C,
    0xB6, 0x2E, 0xFC, 0x18, 0xED, 0x2F, 0x14, 0x38, 0x93, 0x85, 0x82, 0xAC, 0x83, 0x29, 0x68, 0x2B,
    0xC4, 0x12, 0x7D, 0xAE, 0x8C, 0x91, 0x4B, 0xE1, 0xFF, 0xFF, 0x55, 0xD9, 0xEF, 0x3D, 0x56, 0x21,
    0x21, 0x76, 0x33, 0xB6, 0xB1, 0x98, 0xF3, 0x2C, 0x70, 0x97, 0x36, 0xB1, 0xB0, 0x95, 0xBA, 0xD2,
    0x83, 0x25, 0x60, 0xA1, 0x24, 0x59, 0xCC, 0xF8, 0x02, 0xA9, 0xEF, 0x49, 0xBD, 0x91, 0x32, 0xD0,
    0x7B, 0xE2, 0xE9, 0x87, 0xF9, 0x48, 0x46, 0xCF, 0x8C, 0x6C, 0x58, 0x24, 0x73, 0x33, 0x40, 0x7E,
    0x59, 0x05, 0xAF, 0x2D, 0xA7, 0x00, 0x56, 0x57, 0xDB, 0x46, 0x7A, 0x83, 0x69, 0x42, 0x02, 0x73,
    0x4C, 0x2F, 0x4E, 0x10, 0x02, 0x2F, 0xFD, 0x3E, 0x62, 0xCC, 0x12, 0x31, 0x5E, 0x79, 0x54, 0x27,
    0xBA, 0x43, 0xD3, 0x72, 0x8A, 0x32, 0x5D, 0x59, 0x11, 0xD2, 0x33, 0xB4, 0x42, 0xCA, 0x89, 0x87,
    0x84, 0xFF, 0x90, 0xEA, 0x3A, 0xBA, 0xAE, 0x82, 0x72, 0xEC, 0x35, 0xE0, 0x88, 0x63, 0x8A, 0xDB,
    0x62, 0xAB, 0xAB, 0xB8, 0x3F, 0x21, 0x8A, 0x7A, 0xAF, 0x2D, 0xE7, 0x76, 0x0E, 0x99, 0xB6, 0x10,
    0x97, 0x89, 0x9E, 0x15, 0xA2, 0x2E, 0x80, 0x74, 0x8F, 0x35, 0x6C, 0xD5, 0x94, 0xC1, 0x6D, 0xE6,
    0xED, 0x2E, 0x45, 0x16, 0x2D, 0xA5, 0xFD, 0x2E, 0xD5, 0xBB, 0x5A, 0x94, 0x84, 0x7E, 0x35, 0x87,
    0xA4, 0xD3, 0x55, 0x48, 0x22, 0x3A, 0x26, 0x4B, 0x3D, 0x04, 0x2E, 0x43, 0x93, 0xF0, 0x61, 0x1D,
    0xEE, 0xE1, 0xD6, 0x82, 0xBA, 0xCF, 0xCA, 0xED, 0xF1, 0xEC, 0x03, 0xD6, 0x71, 0xBE, 0x5E, 0x52,
    0x3B, 0x1F, 0x36, 0xD6, 0xC0, 0xD0, 0x1F, 0x17, 0x8D, 0x24, 0xC3, 0xB0, 0x52, 0x9F, 0x8A, 0xD9,
    0x3B, 0xAB, 0x46, 0xAF, 0x8F, 0x2E, 0x7C, 0xF9, 0x51, 0x84, 0xBF, 0x02, 0xE1, 0xFB, 0x10, 0x9E,
    0x3E, 0x7F, 0x5A, 0x66, 0x2A, 0x0D, 0xF3, 0x82, 0xB2, 0x2D, 0xDF, 0xE0, 0x2D, 0x87, 0x3C, 0x8E,
    0x99, 0x66, 0xED, 0x78, 0x0B, 0xF7, 0xFD, 0xED, 0x5A, 0x2D, 0x78, 0x99, 0x93, 0x9D, 0xA1, 0x4D,
    0x6A, 0xFB, 0x90, 0x8D, 0xD9, 0xDF, 0x8C, 0xF1, 0xCA, 0x13, 0x94, 0x73, 0x55, 0x8D, 0x02, 0x69,
    0xA9, 0x72, 0x61, 0xDD, 0x84, 0xA4, 0xBE, 0xAE, 0x4C, 0xA0, 0x5A, 0xF0, 0x4A, 0x57, 0x2E, 0x19,
    0x4B, 0xC1, 0x59, 0x1A, 0x19, 0x65, 0xF5, 0xDB, 0x9E, 0x80, 0x09, 0x86, 0xA0, 0xD7, 0xFB, 0x08,
    0xCB, 0xBF, 0x30, 0x14, 0x92, 0xC2, 0xF9, 0x2F, 0x00, 0x3C, 0xAC, 0x1D, 0xAB, 0x59, 0xE1, 0x28,
    0xE7, 0x0C, 0x15, 0xBB, 0x42, 0x9E, 0x54, 0xCC, 0x79, 0x49, 0x84, 0x36, 0xA5, 0x09, 0x6C, 0x85,
    0xA1, 0x7E, 0x76, 0xD1, 0xA8, 0x4E, 0x0C, 0x06, 0xF0, 0x58, 0x01, 0xFB, 0xE1, 0x99, 0xFB, 0xDE,
    0x63, 0x85, 0xE1, 0xA7, 0xCC, 0xC6, 0x3C, 0x7C, 0xE7, 0xD9, 0x98, 0x5F, 0x82, 0x9F, 0x32, 0x2D,
    0x7F, 0x91, 0x45, 0xE5, 0x59, 0x8F, 0x6E, 0x31, 0x1B, 0x60, 0xD7, 0xB6, 0x02, 0x8E, 0x40, 0x3D,
    0x93, 0x01, 0xBD, 0x39, 0xA6, 0x46, 0x8E, 0x45, 0x73, 0x73, 0xDA, 0x28, 0x2F, 0x75, 0x27, 0x5D,
    0x83, 0x0F, 0xC7, 0x53, 0xED, 0xD1, 0x78, 0x1E, 0x61, 0x78, 0xE0, 0x5D, 0x65, 0x97, 0xD2, 0xC9,
    0x5D, 0xD2, 0xF0, 0xD1, 0x75, 0x15, 0x7D, 0xF2, 0xA5, 0xEA, 0xEE, 0xC8, 0x71, 0x94, 0xB9, 0x46,
    0x33, 0xCD, 0x9B, 0x29, 0x53, 0xB2, 0xF4, 0xFF, 0x4C, 0x19, 0x6F, 0xC5, 0xAF, 0x2F, 0x4D, 0xD6,
    0xE1, 0x20, 0xF6, 0xE1, 0xDE, 0xE7, 0x95, 0x89, 0x38, 0x7C, 0xDD, 0x7A, 0x09, 0xD5, 0xB8, 0xA3,
    0x92, 0xAB, 0x7A, 0x5E, 0x4A, 0x52, 0x9C, 0x1D, 0xD4, 0x1D, 0x95, 0x63, 0xDA, 0x40, 0xD3, 0x41,
    0xAF, 0xE9, 0xCF, 0x6D, 0x9C, 0x80, 0x19, 0x46, 0xB8, 0xB0, 0xAE, 0x47, 0x0D, 0x38, 0x71, 0xC0,
    0x8A, 0xB2, 0xE9, 0x94, 0x47, 0xAD, 0x61, 0x3F, 0x87, 0xEF, 0xA3, 0xEE, 0xBB, 0x1B, 0x1B, 0xDF,
    0xCA, 0xFA, 0x0C, 0x80, 0xFC, 0x18, 0x50, 0xDD, 0x28, 0x60, 0x3A, 0x57, 0x17, 0x38, 0x48, 0x7A,
    0x81, 0x4F, 0x3D, 0x77, 0x92, 0x96, 0xB9, 0x65, 0x65, 0xDD, 0x95, 0xEF, 0x74, 0xB2, 0x11, 0xC5,
    0x1D, 0x1E, 0xBD, 0x71, 0xDD, 0x6E, 0xDF, 0x5D, 0xE3, 0xA1, 0x84, 0x5E, 0x67, 0x2C, 0x03, 0x13,
    0xB7, 0xD8, 0xA6, 0xF7, 0x4B, 0xBA, 0xB2, 0x06, 0x87, 0xA0, 0x2F, 0x82, 0x8D, 0x5B, 0x3B, 0x29,
    0xA9, 0x76, 0x84, 0xA3, 0xF6, 0xE9, 0x9D, 0x8B, 0x63, 0xF3, 0xDB, 0xD6, 0x6A, 0xB3, 0x89, 0x5A,
    0xED, 0x23, 0xB1, 0x0A, 0x59, 0xAB, 0x9D, 0xD1, 0x63, 0x04, 0x4C, 0x6A, 0x79, 0xAA, 0xC6, 0x84,
    0x98, 0x3E, 0x98, 0x10, 0xE7, 0x3A, 0x42, 0x9C, 0xDC, 0x47, 0x88, 0x07, 0xFA, 0xEF, 0xA6, 0xAC,
    0x2F, 0x0E, 0x76, 0x6D, 0xF5, 0x1D, 0x08, 0x51, 0xDD, 0x99, 0x10, 0x11, 0xE1, 0x70, 0x0B, 0xAF,
    0x19, 0x1E, 0x1E, 0x5E, 0x94, 0xD1, 0x58, 0x06, 0x5C, 0x4D, 0x86, 0x37, 0x6E, 0x51, 0x1B, 0xFF,
    0x2B, 0xE9, 0x95, 0xE3, 0xF6, 0x8F, 0x0A, 0x7F, 0xC4, 0x52, 0xCC, 0xE4, 0x4C, 0xAC, 0x5D, 0x4D,
    0x0B, 0x4D, 0x98, 0xB1, 0xAB, 0xE3, 0x91, 0x74, 0x93, 0xD2, 0xAD, 0xBD, 0x55, 0x04, 0xA0, 0x18,
    0x8C, 0x24, 0x67, 0x58, 0x13, 0xB4, 0x91, 0x49, 0x70, 0x53, 0xE6, 0x05, 0x6F, 0x57, 0xAB, 0xB5,
    0x29, 0xFB, 0xA2, 0x27, 0xFD, 0x60, 0x20, 0x02, 0x49, 0x8F, 0x69, 0x11, 0x1C, 0x1D, 0xA0, 0xCE,
    0x1D, 0x74, 0x33, 0xF5, 0x83, 0xED, 0xD0, 0x37, 0xDB, 0xBA, 0x50, 0x43, 0x6D, 0x37, 0x65, 0xC7,
    0xCE, 0x0A, 0x23, 0xE8, 0xEC, 0xFA, 0xF9, 0x29, 0x29, 0x0B, 0x4A, 0x21, 0xD6, 0x36, 0xE3, 0xC4,
    0x67, 0x81, 0x7D, 0x78, 0x03, 0x49, 0xCD, 0x20, 0x57, 0x1E, 0xF4, 0x72, 0x2E, 0xE0, 0xD5, 0x6C,
    0x6E, 0xB2, 0x79, 0xF8, 0x00, 0xBC, 0x73, 0x90, 0xF6, 0x4B, 0x2F, 0xBF, 0x34, 0x70, 0xCA, 0xD3,
    0xDB, 0x6A, 0x20, 0x73, 0x4B, 0x9C, 0x16, 0xF1, 0x10, 0xAE, 0x3B, 0xA5, 0x5F, 0x58, 0x15, 0x93,
    0x27, 0x07, 0x69, 0x99, 0xB3, 0x78, 0x34, 0x78, 0xF1, 0x8F, 0xFE, 0xD1, 0x69, 0x3E, 0x37, 0x54,
    0xBD, 0x47, 0x76, 0xE5, 0xB9, 0xD5, 0x81, 0x39, 0xE4, 0xE1, 0xA5, 0x18, 0xDF, 0xFC, 0xD4, 0x82,
    0xD5, 0xE4, 0x14, 0xB8, 0xC3, 0x45, 0x58, 0x14, 0xCB, 0x6E, 0xAD, 0xE8, 0x4E, 0x81, 0xDE, 0xD5,
    0x42, 0x54, 0x9D, 0xDE, 0x0D, 0xE2, 0xAE, 0x9B, 0xFD, 0x62, 0x0F, 0x88, 0xD3, 0xCA, 0xAC, 0x1C,
    0x4A, 0x31, 0x41, 0x46, 0x1D, 0xC4, 0x48, 0xB3, 0xA7, 0xA5, 0x3F, 0x8B, 0xE1, 0x0D, 0xAD, 0x9E,
    0x8E, 0x1B, 0xB9, 0x8B, 0xE1, 0x28, 0xFE, 0xE0, 0x91, 0xE7, 0x6D, 0xF5, 0xBC, 0xD5, 0xC4, 0x6B,
    0xF0, 0x6F, 0xE1, 0xC3, 0xAF, 0x22, 0xF3, 0x7D, 0xBA, 0x42, 0xCC, 0xC1, 0x69, 0x9A, 0x35, 0xC5,
    0xF4, 0x2E, 0x61, 0xFA, 0x9B, 0xBA, 0xAC, 0x76, 0x94, 0x53, 0x80, 0xE7, 0xF8, 0xE0, 0x4C, 0x32,
    0xB3, 0xB8, 0xEA, 0x0F, 0xC3, 0xCA, 0xDE, 0xD1, 0x24, 0xBD, 0xA8, 0x62, 0x31, 0xB5, 0x12, 0xA2,
    0xAF, 0x06, 0x3A, 0xD7, 0xCE, 0xBB, 0x93, 0xF7, 0x1B, 0xC0, 0x1F, 0x0E, 0xBD, 0xAD, 0xA8, 0x0C,
    0x08, 0x23, 0xCA, 0x7B, 0x19, 0xAF, 0xCB, 0xDC, 0x48, 0xF1, 0xF1, 0xF3, 0xC7, 0x54, 0xE6, 0x66,
    0xFE, 0x5C, 0xCF, 0x5D, 0x69, 0x13, 0x2D, 0xF6, 0xDB, 0x7E, 0x5A, 0xF6, 0xC7, 0x2F, 0x27, 0x47,
    0x23, 0xAC, 0xA5, 0x8B, 0xF4, 0x80, 0x9E, 0xFE, 0x60, 0x82, 0xCE, 0xF3, 0x76, 0x81, 0xD0, 0x91,
    0x89, 0x36, 0xE2, 0x44, 0x0B, 0x02, 0x6F, 0x5E, 0xD0, 0x37, 0x1F, 0xC8, 0x3C, 0x5F, 0xC8, 0x64,
    0x8D, 0xC9, 0x34, 0x3F, 0x41, 0x26, 0xC6, 0xD8, 0x23, 0x29, 0xF1, 0x83, 0x4C, 0x7D, 0x4D, 0xA6,
    0x74, 0x82, 0x4C, 0x02, 0xF7, 0x9F, 0xC2, 0x89, 0xDB, 0x70, 0xA7, 0x29, 0xFE, 0x67, 0x65, 0xA5,
    0x9D, 0x99, 0xFE, 0xB8, 0xB0, 0x72, 0x2A, 0xF1, 0x1C, 0x5B, 0xBA, 0x47, 0x2D, 0x21, 0xAE, 0x81,
    0x67, 0x72, 0xC6, 0xEA, 0x9F, 0xF1, 0x7D, 0xD5, 0x85, 0x54, 0xEE, 0xAD, 0xFD, 0xF0, 0x1C, 0xA0,
    0xF1, 0x89, 0x56, 0xE3, 0x28, 0xFD, 0x30, 0x07, 0xD3, 0xFA, 0x10, 0x67, 0xAD, 0xBF, 0xFF, 0xAC,
    0xF9, 0x6F, 0xB0, 0xF3, 0xC5, 0xD2, 0x8C, 0x0C, 0xF1, 0x49, 0x0D, 0x64, 0x93, 0x4E, 0x21, 0xCB,
    0x77, 0x4F, 0x33, 0x3C, 0xC0, 0xE1, 0x93, 0x35, 0x86, 0x74, 0xDB, 0x6A, 0x66, 0x11, 0x5C, 0x17,
    0x9C, 0xE4, 0xE4, 0xC9, 0x34, 0xA0, 0x5D, 0x4A, 0xD5, 0x02, 0x2C, 0xE4, 0xE1, 0x83, 0x06, 0x0F,
    0xF1, 0xF2, 0xDD, 0xA7, 0x63, 0xA2, 0xA5, 0x78, 0xFE, 0x94, 0x77, 0x0B, 0xD2, 0x69, 0x20, 0xD6,
    0x7F, 0x09, 0x9E, 0x94, 0x77, 0xE3, 0xC9, 0xCC, 0x5D, 0x78, 0x62, 0x1D, 0xC4, 0x93, 0x65, 0x6D,
    0x68, 0x8E, 0x9B, 0xCF, 0xF3, 0xC8, 0x8F, 0xAB, 0x13, 0x25, 0x4C, 0xD3, 0xD7, 0xBD, 0xAE, 0xD1,
    0x8A, 0xE5, 0x86, 0xED, 0x27, 0xC6, 0xCD, 0xB9, 0x5F, 0x9C, 0x3F, 0x0D, 0xF8, 0xD3, 0x98, 0x79,
    0x71, 0xDF, 0x7C, 0x7B, 0xA6, 0x5E, 0x2F, 0x6D, 0xFF, 0xEA, 0x10, 0x56, 0xFF, 0x62, 0xDB, 0xD1,
    0x54, 0x9F, 0x69, 0x3F, 0x46, 0x61, 0x0A, 0x3D, 0x66, 0x9C, 0x27, 0x78, 0x54, 0x17, 0xF6, 0x57,
    0xAD, 0xFD, 0x13, 0x43, 0x6A, 0x63, 0x23, 0x86, 0xE2, 0x1B, 0xCF, 0x23, 0xE3, 0x74, 0xF8, 0xA9,
    0x12, 0x4E, 0x4B, 0xF2, 0x83, 0xA4, 0xF8, 0x89, 0xF0, 0x7A, 0x46, 0x46, 0x43, 0x4B, 0x80, 0x8A,
    0x9F, 0xFF, 0x51, 0xAA, 0x4B, 0x84, 0xF0, 0x1D, 0x24, 0x08, 0x1C, 0xBC, 0x7F, 0xB1, 0xB4, 0xD8,
    0x82, 0xF2, 0x2E, 0x94, 0x0E, 0x77, 0x72, 0xCA, 0x29, 0x5D, 0x4E, 0x1A, 0x2D, 0x40, 0x1D, 0x86,
    0x2F, 0x9B, 0x4E, 0x39, 0xCD, 0x9F, 0x85, 0x53, 0xCD, 0xB3, 0x34, 0x85, 0x90, 0x81, 0x7D, 0xFA,
    0xAF, 0x02, 0x16, 0x7E, 0xAA, 0xE6, 0x6B, 0xCA, 0xF9, 0x29, 0x6B, 0xE5, 0xF0, 0xE2, 0x3F, 0x4F,
    0xA5, 0x37, 0x26, 0xA3, 0x15, 0x61, 0xA1, 0x63, 0x5A, 0x04, 0xAB, 0xB6, 0x49, 0xA5, 0x45, 0xBB,
    0x45, 0x33, 0x8F, 0xBA, 0xA0, 0xBA, 0xC6, 0x86, 0x9E, 0x12, 0x91, 0x69, 0xA1, 0x1E, 0x5F, 0x7A,
    0x50, 0xB7, 0x15, 0xE8, 0x25, 0x63, 0x15, 0xEF, 0x6A, 0xFA, 0xA4, 0x4F, 0x7A, 0x69, 0x54, 0xF9,
    0x37, 0xEA, 0xA9, 0x48, 0xD5, 0xFE, 0x2B, 0xCF, 0x14, 0x41, 0x7A, 0xE5, 0xF4, 0xB6, 0x0D, 0xC1,
    0x59, 0x0B, 0x45, 0xB0, 0xEE, 0x14, 0x4E, 0x1A, 0xC6, 0xDB, 0xEA, 0x12, 0x84, 0xCF, 0x3C, 0xB5,
    0x68, 0xD5, 0x56, 0xEE, 0xE5, 0x51, 0x3A, 0x8F, 0x78, 0xBC, 0x02, 0x1A, 0xAF, 0x7C, 0xFF, 0xD9,
    0x0C, 0xD1, 0x3A, 0xCC, 0xA8, 0x3D, 0x30, 0x9F, 0xA7, 0x18, 0x74, 0x9F, 0xE8, 0x5A, 0x7B, 0x50,
    0x46, 0x3C, 0x57, 0x26, 0x1F, 0xF9, 0x14, 0x70, 0xDD, 0xF8, 0xFB, 0x66, 0x5D, 0x9D, 0x1A, 0xB0,
    0x6C, 0xB9, 0xAA, 0xE7, 0x36, 0xC0, 0x08, 0x47, 0x6C, 0x3A, 0x73, 0x1C, 0xF2, 0xC7, 0x2F, 0xD8,
    0x25, 0x48, 0x2C, 0x69, 0x9C, 0xD2, 0xDF, 0x00, 0x17, 0xEE, 0x60, 0xD6, 0x99, 0xCE, 0xBD, 0x11,
    0xD3, 0x44, 0xC8, 0xB8, 0x37, 0xAE, 0x92, 0xCA, 0x67, 0xF7, 0xD1, 0x9A, 0xCF, 0xB4, 0x8D, 0x1E,
    0x0E, 0xB5, 0xD8, 0x3F, 0xC6, 0x6D, 0x0F, 0x3A, 0xEC, 0x0A, 0x39, 0x93, 0xB5, 0xC0, 0x1C, 0xA0,
    0x26, 0xFC, 0xFC, 0x73, 0x03, 0xD7, 0x38, 0xBD, 0x0D, 0xF6, 0xFF, 0x0D, 0x18, 0xEA, 0xB8, 0x85,
    0x1F, 0x1F, 0xC2, 0x56, 0x2A, 0xC9, 0x10, 0x80, 0x01, 0x3B, 0xDF, 0x9C, 0x88, 0x79, 0x99, 0x69,
    0xF1, 0xE7, 0xB8, 0x1F, 0x8C, 0x7E, 0xDF, 0x4F, 0xCD, 0x23, 0x64, 0x2B, 0xC2, 0x76, 0x3C, 0x57,
    0x7F, 0x3C, 0x1A, 0xFF, 0xF1, 0x79, 0xC3, 0xCB, 0x4A, 0xCA, 0xFF, 0xAD, 0x49, 0xAD, 0x68, 0xFE,
    0x42, 0xCE, 0x9F, 0xD8, 0x35, 0xD3, 0x22, 0x3F, 0x7E, 0x61, 0x0F, 0x6E, 0xF6, 0xC6, 0x3F, 0x01,
    0x37, 0xF7, 0x56, 0x87, 0xDB, 0x14, 0xC1, 0xD6, 0xB8, 0x95, 0x06, 0x37, 0xAF, 0xF0, 0x7E, 0x55,
    0xB8, 0xE9, 0x36, 0xA2, 0x79, 0xDD, 0x9D, 0xF8, 0xD8, 0x86, 0x52, 0xDD, 0xC8, 0x44, 0xB0, 0xB1,
    0xB1, 0x71, 0x95, 0x15, 0x4A, 0x78, 0x5D, 0x9C, 0x5B, 0x97, 0x13, 0xB6, 0xC2, 0x08, 0x7D, 0xDD,
    0x14, 0x54, 0xCE, 0x99, 0x3E, 0x9B, 0xBE, 0xEA, 0xCF, 0xF6, 0x4C, 0x5E, 0xF5, 0xA0, 0x9B, 0x19,
    0x77, 0x6B, 0xEE, 0x74, 0x8D, 0xF9, 0x81, 0x53, 0xE4, 0x3A, 0x27, 0xE4, 0xEA, 0x4B, 0xDB, 0x16,
    0x79, 0x65, 0xF2, 0xDA, 0xD2, 0x63, 0x99, 0xCC, 0x8D, 0x6A, 0xAF, 0xAE, 0xC9, 0xF7, 0x40, 0xAC,
    0xD3, 0xBC, 0xD0, 0x8C, 0x60, 0xF8, 0x4A, 0x7F, 0x2A, 0x79, 0xDC, 0x06, 0xFC, 0x14, 0xC2, 0x95,
    0x29, 0x4A, 0xAE, 0xBC, 0x6B, 0x0D, 0x42, 0xFC, 0x40, 0x59, 0xB1, 0xD7, 0xDA, 0x95, 0x78, 0xF7,
    0xB7, 0x53, 0xD8, 0xA9, 0xD3, 0x3C, 0x9D, 0x39, 0xFD, 0x26, 0x73, 0xD2, 0x7E, 0xAE, 0x62, 0xFD,
    0x59, 0x65, 0x33, 0xCE, 0xD6, 0x4C, 0x0C, 0xF8, 0xB8, 0x63, 0xD3, 0x72, 0x4E, 0x23, 0x64, 0xC2,
    0x4B, 0x16, 0x86, 0x5D, 0x80, 0x54, 0x0B, 0x42, 0xB5, 0x20, 0x34, 0x14, 0x84, 0x86, 0xBC, 0x75,
    0x17, 0x2A, 0xA3, 0xBD, 0xA8, 0x58, 0xCD, 0x07, 0x61, 0xA3, 0xF3, 0xC0, 0x31, 0x42, 0xE9, 0x07,
    0x20, 0x14, 0x1A, 0x89, 0xA3, 0xCC, 0xF0, 0x75, 0xC2, 0x83, 0xAD, 0x4F, 0xAB, 0xFE, 0xE8, 0xBA,
    0xD5, 0x34, 0xB9, 0x13, 0x2F, 0xC7, 0x47, 0xA4, 0x35, 0x35, 0xAF, 0x13, 0x42, 0x47, 0x27, 0x56,
    0x32, 0x5E, 0x75, 0x5D, 0x9D, 0x84, 0xA4, 0x99, 0xD7, 0xFC, 0x4F, 0x3A, 0xBB, 0x3C, 0x52, 0x73,
    0xE3, 0xB6, 0xD1, 0xBC, 0x94, 0xF3, 0x5C, 0xA9, 0xE0, 0x29, 0x13, 0x30, 0xE6, 0xBF, 0x11, 0xCC,
    0xB1, 0xD8, 0x7D, 0xDD, 0xC4, 0x91, 0xBA, 0x0F, 0x37, 0x38, 0xB7, 0x63, 0x9D, 0x78, 0x87, 0xE9,
    0xC7, 0xCA, 0x9C, 0xFF, 0x03, 0xCD, 0x59, 0x3B, 0x8C, 0x1D, 0x67, 0x15, 0x3E, 0x33, 0x93, 0x78,
    0xC8, 0x8E, 0xD7, 0xE3, 0x22, 0x42, 0x91, 0xB2, 0xF6, 0xB8, 0x70, 0x11, 0x21, 0x93, 0x49, 0xB1,
    0xC5, 0x22, 0x6D, 0x76, 0x26, 0x49, 0x61, 0x21, 0x8A, 0xA4, 0xD9, 0x04, 0x29, 0x45, 0x52, 0x23,
    0xC4, 0x6E, 0xE1, 0x62, 0x51, 0xEC, 0x3B, 0x93, 0xA4, 0x70, 0x91, 0x22, 0x2E, 0x48, 0x85, 0x04,
    0xA6, 0x0B, 0x16, 0x22, 0x2B, 0x11, 0x09, 0x23, 0xED, 0xDE, 0x3B, 0xC4, 0x45, 0x90, 0x10, 0xD2,
    0x10, 0x04, 0xEE, 0x60, 0x42, 0x12, 0x21, 0x11, 0x21, 0x0F, 0xE8, 0x46, 0x99, 0x8D, 0xE6, 0xDE,
    0xE1, 0xFB, 0xCE, 0x99, 0xFB, 0x58, 0xC7, 0x20, 0x50, 0x28, 0xB8, 0xDA, 0xBD, 0x8F, 0xF9, 0x5F,
    0xE7, 0xF9, 0x9D, 0xC7, 0x2F, 0x82, 0x97, 0x5F, 0xF0, 0x5D, 0x0E, 0xF4, 0x3D, 0xD0, 0x1F, 0xCE,
    0x58, 0xE4, 0xE1, 0xAE, 0x9B, 0x88, 0x44, 0x1F, 0xED, 0xE0, 0x7B, 0x50, 0x49, 0x5C, 0x88, 0x87,
    0x6F, 0x43, 0x91, 0xA9, 0x88, 0x57, 0x4B, 0x9C, 0x8B, 0x24, 0xA9, 0x5F, 0xE3, 0x47, 0xC3, 0x47,
    0x78, 0x10, 0x61, 0xAD, 0xDB, 0xB8, 0xAD, 0xFE, 0x48, 0x52, 0x8E, 0x70, 0x09, 0xA6, 0x65, 0xC2,
    0x35, 0x9C, 0x2C, 0x23, 0xE1, 0x8F, 0xB0, 0xE4, 0x0F, 0xA7, 0x95, 0x44, 0xC7, 0xB1, 0x9F, 0xF8,
    0x38, 0x23, 0xE5, 0x23, 0xC1, 0x5F, 0x36, 0x3F, 0x23, 0xFC, 0x68, 0xA7, 0x14, 0x52, 0x73, 0x4D,
    0x8C, 0xC0, 0x5C, 0x87, 0x74, 0x96, 0x5C, 0x11, 0x1F, 0x44, 0x86, 0xB7, 0x6B, 0x09, 0x8B, 0x2B,
    0xF8, 0x0F, 0xF3, 0xA0, 0xF4, 0x2A, 0xAF, 0x76, 0x1A, 0xA7, 0x91, 0x81, 0x4C, 0xB0, 0x63, 0xC2,
    0xC7, 0x85, 0x5F, 0x7B, 0xB5, 0x3B, 0x96, 0x16, 0xDB, 0xC7, 0x58, 0xE9, 0x7D, 0xD2, 0x80, 0xC6,
    0x0F, 0x45, 0x16, 0x7B, 0x4A, 0xBF, 0x2D, 0x5E, 0x8D, 0x7D, 0x5C, 0x76, 0xB0, 0xB7, 0xD3, 0x35,
    0x12, 0x50, 0x02, 0xCA, 0xA7, 0x78, 0x98, 0x09, 0xA9, 0x48, 0xA9, 0x24, 0xCA, 0xAE, 0x28, 0x8D,
    0x17, 0xC8, 0x90, 0xC8, 0x29, 0x30, 0x41, 0x46, 0x20, 0x05, 0x10, 0xE7, 0x16, 0x36, 0xB5, 0x12,
    0x65, 0x72, 0x1D, 0xB2, 0xC4, 0x93, 0x35, 0x4C, 0xAD, 0x74, 0x2A, 0x45, 0xE3, 0x19, 0xC3, 0x4E,
    0x41, 0xB9, 0x88, 0xEC, 0xDB, 0x76, 0xEB, 0x2A, 0x70, 0xEE, 0xCA, 0x7D, 0xBE, 0x4A, 0x09, 0xE5,
    0xF2, 0x28, 0xE9, 0x9C, 0x38, 0x43, 0x52, 0x36, 0xA2, 0x66, 0x30, 0xDA, 0xCD, 0x39, 0x88, 0xE6,
    0xBA, 0x73, 0x6B, 0xD3, 0x1F, 0x38, 0x1F, 0xCB, 0xA8, 0x8C, 0x72, 0xF9, 0x79, 0x8D, 0x81, 0x1F,
    0x35, 0xE0, 0xEE, 0xF4, 0x21, 0xC4, 0x02, 0x6A, 0x0E, 0xB1, 0x20, 0x07, 0x51, 0x61, 0x01, 0x92,
    0xBC, 0x1A, 0xB4, 0x3B, 0x63, 0x52, 0xDE, 0x7A, 0x30, 0x82, 0xC4, 0xDB, 0x7A, 0x40, 0xA2, 0x77,
    0x5F, 0xF8, 0x81, 0x78, 0xDD, 0x37, 0x70, 0xCE, 0xF0, 0xC9, 0x46, 0x16, 0xAF, 0x4B, 0x6E, 0x31,
    0xFF, 0xBE, 0x15, 0x2F, 0x9E, 0x47, 0xED, 0xE2, 0x3B, 0x19, 0xFC, 0xFC, 0xCB, 0x55, 0x21, 0xBB,
    0x37, 0x6E, 0x7C, 0x0F, 0x7C, 0x7F, 0x76, 0xE3, 0xC6, 0x8F, 0xC5, 0x19, 0x75, 0x5D, 0x09, 0x0D,
    0x76, 0x5D, 0x4B, 0xAA, 0xA2, 0x86, 0x52, 0x0C, 0x6B, 0x8A, 0xD6, 0x99, 0x4A, 0x94, 0x4A, 0x52,
    0xA8, 0xC1, 0x65, 0xE9, 0xE3, 0x26, 0x1F, 0x4E, 0x2B, 0xD6, 0xC5, 0x9D, 0xA8, 0xE9, 0x40, 0x9E,
    0xD7, 0xC4, 0x1F, 0xD3, 0xE6, 0x4C, 0xFE, 0x51, 0x65, 0x52, 0xE5, 0xF7, 0xAC, 0x37, 0x13, 0x7E,
    0xA7, 0x75, 0x06, 0xF6, 0xDD, 0x6B, 0xC5, 0x9E, 0x85, 0x85, 0x9E, 0xC4, 0x4F, 0xEA, 0x85, 0x27,
    0xA9, 0x7E, 0x20, 0x7F, 0x9E, 0xD4, 0x9B, 0xB7, 0xAB, 0x72, 0xA6, 0x29, 0x67, 0x6A, 0x05, 0xA6,
    0xF5, 0x89, 0x9E, 0xA4, 0xA4, 0xE1, 0x68, 0x9C, 0xF4, 0x25, 0xD5, 0x74, 0x50, 0x39, 0x9D, 0x6A,
    0xAD, 0xE5, 0x72, 0x9E, 0x74, 0x89, 0x0A, 0x74, 0x26, 0x3C, 0xC9, 0xA9, 0xC5, 0x3F, 0xDA, 0x7E,
    0xAB, 0x94, 0xE4, 0xF7, 0xDB, 0xCF, 0x95, 0x92, 0x75, 0xD4, 0x1D, 0x38, 0xEF, 0x8A, 0x25, 0x09,
    0xA5, 0xC7, 0xE4, 0xD5, 0x75, 0x9F, 0xD1, 0x98, 0xB0, 0x61, 0xF2, 0xC4, 0x4E, 0x2D, 0xDE, 0xCB,
    0x2A, 0x19, 0x90, 0xE4, 0x7D, 0x6C, 0x72, 0x19, 0x61, 0x4E, 0xAA, 0x47, 0x27, 0xB9, 0x33, 0x31,
    0xF9, 0x44, 0xBA, 0x9F, 0x4A, 0x44, 0xBF, 0x99, 0x3C, 0x1E, 0x94, 0x73, 0xBD, 0x34, 0xBA, 0x0F,
    0xF7, 0xD5, 0x48, 0xC3, 0xF7, 0x28, 0x7B, 0x6A, 0x2A, 0xBC, 0xFD, 0x7D, 0xEC, 0xA2, 0x72, 0xF8,
    0x0D, 0x8D, 0x4D, 0xA5, 0xF0, 0x2B, 0xD0, 0xDE, 0xCB, 0xC0, 0xA9, 0x66, 0x12, 0xA0, 0xF1, 0x1B,
    0xFF, 0xA7, 0xE6, 0xDC, 0x6F, 0x8A, 0xF1, 0x5E, 0x4B, 0xEF, 0x93, 0xE0, 0x7C, 0x2C, 0x45, 0xCF,
    0xF7, 0xF4, 0x62, 0x6A, 0x5C, 0x6F, 0x75, 0xD3, 0x9E, 0xE7, 0xFD, 0x78, 0x6E, 0x4E, 0x8E, 0xBA,
    0xF4, 0x89, 0xB7, 0xED, 0x57, 0x52, 0xDF, 0x2F, 0x0F, 0x51, 0x53, 0x95, 0x2F, 0x7C, 0x04, 0x4F,
    0xBE, 0x55, 0xAA, 0x86, 0xBC, 0x8E, 0xA6, 0x13, 0xE6, 0xEE, 0x54, 0x35, 0x93, 0x3A, 0xBA, 0x43,
    0xD2, 0xEF, 0x62, 0x9F, 0xCE, 0xF4, 0x50, 0x46, 0xD7, 0x76, 0x25, 0xFA, 0x43, 0x0B, 0xC1, 0x55,
    0x70, 0xFE, 0x16, 0x86, 0x95, 0x13, 0x08, 0x4E, 0xC1, 0x69, 0xE8, 0xFD, 0x27, 0x65, 0x83, 0x9B,
    0x82, 0x4E, 0xC2, 0x05, 0xE0, 0xC6, 0x2B, 0xB0, 0x59, 0x00, 0x29, 0x70, 0x13, 0x08, 0x60, 0x93,
    0xEC, 0xC1, 0xD5, 0xF6, 0xC9, 0xDC, 0x5B, 0xA9, 0x5B, 0x4A, 0x7A, 0xE8, 0xBE, 0xB5, 0x12, 0x34,
    0x6E, 0x3A, 0x3A, 0x9B, 0xEC, 0xC5, 0xDD, 0x0F, 0x25, 0x69, 0xB2, 0xF2, 0xD2, 0xA8, 0x95, 0xA8,
    0x1C, 0xC8, 0xB5, 0xA0, 0x5E, 0x68, 0xCB, 0xEB, 0xD4, 0xB2, 0x70, 0xB2, 0xA3, 0x54, 0xD2, 0x2E,
    0x0D, 0x4F, 0x7A, 0xAB, 0x32, 0x89, 0x29, 0x22, 0x98, 0xEB, 0xEB, 0x60, 0x6F, 0x7E, 0xFD, 0xE0,
    0x70, 0x3E, 0x38, 0x3E, 0x3E, 0x98, 0xCD, 0x06, 0xA9, 0xD8, 0xC5, 0x60, 0x38, 0x1F, 0xCC, 0xE6,
    0x83, 0x2A, 0x1B, 0xB5, 0xF0, 0x72, 0x26, 0x1D, 0x0C, 0x7E, 0x49, 0x07, 0xF9, 0xBF, 0x6F, 0x2B,
    0xE1, 0x77, 0xA9, 0x6C, 0xD9, 0x84, 0xCB, 0x0A, 0x1A, 0x50, 0x99, 0xF7, 0x5E, 0x45, 0x20, 0x89,
    0x3E, 0xDA, 0xCE, 0xC8, 0x89, 0xBA, 0xE6, 0x38, 0xEA, 0xF5, 0xE5, 0x14, 0xCB, 0xC6, 0x09, 0x11,
    0x76, 0xB5, 0xBA, 0x9C, 0x7F, 0x24, 0xEA, 0x6E, 0x4A, 0xCC, 0x81, 0x39, 0xAA, 0xCC, 0xA8, 0x9C,
    0xD1, 0xD8, 0x53, 0x68, 0x24, 0xCC, 0x28, 0xE4, 0x6C, 0x3E, 0x8E, 0x6A, 0x7D, 0xEC, 0xC0, 0x17,
    0xF8, 0xF8, 0xCC, 0xC0, 0xC8, 0x7E, 0x65, 0xAC, 0x5E, 0xAE, 0xAE, 0x5A, 0x19, 0xA5, 0xB4, 0x43,
    0xC7, 0x1E, 0x9F, 0x06, 0xA8, 0x01, 0x25, 0x9D, 0xC2, 0x1E, 0x9F, 0xA1, 0x51, 0xE0, 0x71, 0x0D,
    0x7D, 0x42, 0x2F, 0x21, 0x70, 0x5F, 0xB2, 0x37, 0xB6, 0x5B, 0x80, 0x79, 0x04, 0x2E, 0xCA, 0x40,
    0xA5, 0xE1, 0xCF, 0xAD, 0xA6, 0x27, 0xC3, 0x2F, 0x7B, 0x28, 0xEB, 0x1F, 0x9B, 0x46, 0xAF, 0x85,
    0xA9, 0x0D, 0x9A, 0x69, 0x86, 0x9D, 0x39, 0x66, 0xAC, 0x5E, 0xFF, 0xE5, 0x1A, 0x8B, 0x93, 0x1A,
    0x7E, 0x18, 0x54, 0x7C, 0x2B, 0xF1, 0x53, 0x99, 0x0C, 0x73, 0xB5, 0xCE, 0x99, 0x49, 0xEA, 0xDB,
    0x15, 0x00, 0x2D, 0xC8, 0x02, 0x67, 0xAD, 0x47, 0x6B, 0x3C, 0x15, 0x8B, 0x3B, 0xBE, 0x2F, 0xA1,
    0xF6, 0x07, 0x8C, 0x78, 0x87, 0x5C, 0xDF, 0x72, 0x3D, 0xDE, 0x72, 0x85, 0x6D, 0x0C, 0x25, 0x3E,
    0xDF, 0x2E, 0x63, 0x3C, 0xAB, 0x30, 0x3E, 0x48, 0xEF, 0xB5, 0xFF, 0xE3, 0x7C, 0xBB, 0x49, 0xD5,
    0x82, 0xE8, 0xD8, 0xA3, 0x95, 0x75, 0x74, 0x1B, 0x8D, 0x09, 0x3E, 0x5C, 0x06, 0x64, 0x07, 0xD0,
    0x91, 0x8B, 0xA7, 0x5E, 0x69, 0xD1, 0x0B, 0xD6, 0xB7, 0x6A, 0xB2, 0x3F, 0xDB, 0x6A, 0xF4, 0xA2,
    0xF8, 0x7F, 0x56, 0x33, 0x56, 0xA9, 0xF1, 0xBC, 0x56, 0xD1, 0xB5, 0x39, 0xBE, 0x06, 0xC3, 0xBB,
    0x64, 0x27, 0xED, 0x03, 0x07, 0x0B, 0x95, 0xB9, 0x97, 0x0F, 0x67, 0xE3, 0xAB, 0x20, 0x78, 0xDD,
    0xC6, 0x77, 0xBD, 0xF1, 0x7C, 0xDC, 0xAF, 0x43, 0x0B, 0x5E, 0xAB, 0x98, 0xB5, 0x6E, 0x0A, 0xDB,
    0x95, 0xF8, 0x65, 0x1B, 0xC7, 0xB4, 0x2C, 0xB0, 0x71, 0x6C, 0x33, 0xD9, 0x98, 0x8D, 0xBB, 0x93,
    0x52, 0x95, 0x87, 0x71, 0xAF, 0xD3, 0x4C, 0x40, 0x8F, 0x69, 0x16, 0x91, 0x13, 0x08, 0x36, 0x36,
    0x13, 0x4C, 0x9C, 0x31, 0xB5, 0x83, 0xE8, 0x20, 0x07, 0xFE, 0x67, 0x0C, 0xB7, 0x10, 0xAE, 0x53,
    0x06, 0x47, 0x4B, 0xD6, 0x09, 0x39, 0x7A, 0xD0, 0x59, 0xD0, 0x3D, 0x85, 0x4D, 0x47, 0x18, 0x1E,
    0x13, 0x8D, 0x13, 0x1C, 0x52, 0x31, 0xB3, 0x79, 0xA9, 0xEA, 0x8D, 0xD9, 0x38, 0xC7, 0xEB, 0xCF,
    0x63, 0x05, 0x37, 0x71, 0x7E, 0xD9, 0x32, 0x26, 0x93, 0x92, 0x96, 0x21, 0x7F, 0xC6, 0x32, 0xFC,
    0xD7, 0x83, 0x45, 0xAD, 0x0A, 0xC4, 0x0A, 0x1B, 0x4A, 0xD7, 0xB8, 0x7D, 0x08, 0xDD, 0x5E, 0x58,
    0x4D, 0x94, 0xD7, 0x62, 0xFD, 0xC1, 0x2D, 0x06, 0xF7, 0xA0, 0xDC, 0x65, 0x74, 0xBD, 0x00, 0x8C,
    0xDD, 0x27, 0x47, 0x1B, 0xF0, 0x83, 0x4A, 0x2C, 0x14, 0x34, 0xA5, 0xA3, 0xFE, 0x27, 0xD3, 0x02,
    0xA9, 0x08, 0xF3, 0x82, 0x2E, 0x27, 0x0A, 0x30, 0x5A, 0xA5, 0xBE, 0xD1, 0x94, 0xD0, 0x1E, 0x98,
    0x90, 0xC5, 0xB4, 0x89, 0x0C, 0x0B, 0xCF, 0xCC, 0x3D, 0x48, 0x79, 0x96, 0x65, 0xE8, 0x9B, 0x9B,
    0x2D, 0x5C, 0xF8, 0xB8, 0x5D, 0x3F, 0xE4, 0xF4, 0x31, 0x38, 0xE9, 0xB3, 0x3B, 0x49, 0xA6, 0x9F,
    0x8F, 0xCE, 0x7D, 0xFC, 0xB6, 0x68, 0x26, 0x7E, 0xBF, 0xF6, 0x40, 0xFE, 0x93, 0x57, 0x5C, 0x64,
    0xA9, 0x73, 0x20, 0x59, 0x3D, 0xAA, 0x61, 0x61, 0x1B, 0xCD, 0xDB, 0xAD, 0x7B, 0xA7, 0x38, 0xFF,
    0xF8, 0xF5, 0xC4, 0xBD, 0x5A, 0x9D, 0x8C, 0x77, 0xC3, 0xE2, 0xC9, 0x31, 0xE2, 0x5E, 0x40, 0xE6,
    0xBD, 0xB1, 0x9A, 0xBB, 0xA3, 0xD9, 0x57, 0x0A, 0xF9, 0x1C, 0x92, 0xA7, 0x44, 0xD4, 0x0D, 0xC2,
    0x3C, 0x82, 0x5F, 0x80, 0xED, 0xF0, 0xB7, 0x39, 0xA6, 0xD6, 0xDE, 0xA7, 0xF4, 0x68, 0x80, 0x38,
    0x9E, 0xC3, 0x7D, 0x06, 0xA9, 0x79, 0xEE, 0xDD, 0xC9, 0xD9, 0xC1, 0x31, 0x01, 0x44, 0xCB, 0x6E,
    0x7B, 0x25, 0xD0, 0x8F, 0xA8, 0x33, 0xC0, 0x99, 0xF4, 0x04, 0x57, 0x3E, 0x34, 0xEC, 0x7C, 0x32,
    0x56, 0xB0, 0x4E, 0x97, 0x76, 0xB4, 0xD7, 0x35, 0xE6, 0x98, 0x77, 0x08, 0x7E, 0xCF, 0x93, 0x62,
    0x22, 0xDC, 0x80, 0xB9, 0xB1, 0x19, 0xEB, 0x80, 0x76, 0xA8, 0x0B, 0xAE, 0xD1, 0x64, 0x0D, 0x98,
    0xD4, 0x90, 0xCD, 0x86, 0xFB, 0x07, 0x8C, 0xAC, 0xDB, 0xDB, 0x70, 0x1D, 0xA4, 0x8D, 0x0A, 0xCB,
    0x6A, 0xF5, 0x8D, 0x06, 0xDC, 0x42, 0xD3, 0x12, 0xE6, 0xD1, 0x70, 0x35, 0x44, 0x19, 0xFC, 0xC4,
    0x3B, 0x78, 0x8D, 0x79, 0xA2, 0x9C, 0xE8, 0x3E, 0xE3, 0x3E, 0xA7, 0xE5, 0x19, 0xD8, 0x08, 0x38,
    0x70, 0x2A, 0xC6, 0x81, 0x3B, 0xB9, 0xF9, 0x01, 0x97, 0x2D, 0xBD, 0x76, 0xFE, 0x0A, 0xF3, 0xBC,
    0x0D, 0xE7, 0x3E, 0x08, 0x7E, 0x0D, 0x98, 0x62, 0xAA, 0x44, 0xB3, 0x6B, 0x40, 0xB4, 0x5F, 0x41,
    0xB6, 0x51, 0x0A, 0x82, 0xB7, 0x48, 0xEF, 0x01, 0x6D, 0x65, 0x54, 0x89, 0x59, 0xF3, 0xDB, 0x33,
    0x60, 0x0E, 0xA7, 0x2A, 0xA1, 0x92, 0xA0, 0x51, 0x49, 0x90, 0x8E, 0x2A, 0x24, 0x28, 0x11, 0xF2,
    0x67, 0xD8, 0xC4, 0x16, 0xA5, 0x7B, 0x40, 0xCC, 0x98, 0x6E, 0x63, 0xD3, 0x9D, 0x29, 0xE9, 0x0A,
    0x98, 0x7F, 0xFB, 0x47, 0xCF, 0x6B, 0x09, 0x00, 0xF3, 0x05, 0xF5, 0x38, 0x4C, 0x4B, 0x01, 0x4A,
    0x21, 0x2C, 0xC8, 0x6E, 0xF2, 0x14, 0x49, 0x1D, 0x5A, 0x1D, 0xC0, 0x38, 0x10, 0x7C, 0xA0, 0xF9,
    0xFF, 0xEB, 0x54, 0xE1, 0x44, 0x8B, 0x80, 0xBF, 0x6B, 0x75, 0xF0, 0x2E, 0x25, 0x39, 0xE5, 0x3C,
    0xBF, 0xD6, 0x0A, 0x20, 0x67, 0x16, 0xDC, 0xD2, 0x2D, 0xA2, 0x02, 0x64, 0x3B, 0xAD, 0xA6, 0xFF,
    0x80, 0x03, 0x3D, 0xD1, 0x19, 0x1D, 0xF5, 0x2A, 0x12, 0x59, 0x51, 0x01, 0xEC, 0xAB, 0xB4, 0x55,
    0xCF, 0x9B, 0xEA, 0xF1, 0x95, 0xE5, 0xF1, 0x7C, 0x12, 0x7F, 0x73, 0x96, 0xC0, 0x61, 0xCA, 0x44,
    0x73, 0xFD, 0xD6, 0x2F, 0x13, 0xD9, 0x62, 0x6D, 0xD0, 0xCA, 0x20, 0xCA, 0x7D, 0x90, 0x35, 0x44,
    0xC8, 0xBF, 0x55, 0x3B, 0x6D, 0x22, 0xF1, 0x53, 0xA8, 0x4C, 0x58, 0x15, 0x80, 0x42, 0x26, 0x54,
    0x2B, 0x96, 0xBB, 0xEF, 0x2A, 0x56, 0x12, 0x57, 0xF7, 0xB0, 0x0F, 0x76, 0xBE, 0xF2, 0xE2, 0x3C,
    0x7A, 0x89, 0xF3, 0xA6, 0xCC, 0xA2, 0xFC, 0x0C, 0x99, 0x7B, 0x44, 0xA6, 0x0A, 0x97, 0x5E, 0x66,
    0x22, 0xF2, 0xD5, 0x3D, 0xFD, 0x78, 0x6C, 0x6D, 0xF9, 0x63, 0x7D, 0x7D, 0xD9, 0xFD, 0xFA, 0xD7,
    0xA9, 0x63, 0x86, 0x6D, 0xC1, 0xD4, 0x31, 0x53, 0xF6, 0xEC, 0x57, 0x60, 0xEE, 0x7F, 0x46, 0xED,
    0x4E, 0x36, 0x34, 0x22, 0x20, 0xAD, 0x52, 0x2B, 0x2C, 0x95, 0x6D, 0x8F, 0xBE, 0x43, 0x95, 0x6B,
    0xF6, 0x70, 0xC6, 0x3E, 0x12, 0xCB, 0x35, 0x2D, 0xFE, 0x03, 0x6B, 0xF8, 0xE1, 0xA9, 0x19, 0xD2,
    0x36, 0x34, 0xF0, 0x1A, 0xB9, 0x9B, 0xF6, 0xB1, 0xAF, 0x40, 0xCC, 0xCC, 0xE0, 0xE1, 0x31, 0xD1,
    0xC3, 0xE9, 0x0C, 0x41, 0xBE, 0x25, 0x16, 0xEF, 0xB5, 0x2A, 0xE9, 0x03, 0x52, 0xA8, 0x74, 0x29,
    0xA9, 0x77, 0x25, 0xFD, 0x14, 0x98, 0x7B, 0x9B, 0x13, 0x8B, 0xDD, 0x19, 0xE7, 0xA7, 0x56, 0x35,
    0x61, 0x3B, 0x3E, 0x73, 0xF4, 0x43, 0xD8, 0xFC, 0x24, 0x83, 0xEB, 0x34, 0xC4, 0xC2, 0x86, 0xB6,
    0xD0, 0x12, 0x39, 0x0F, 0xE9, 0x23, 0x19, 0xF5, 0x19, 0x33, 0x0E, 0xB2, 0x96, 0x03, 0x61, 0x08,
    0x67, 0x6E, 0xE3, 0xC1, 0x3C, 0x0F, 0xBD, 0xEC, 0x01, 0x18, 0xD4, 0xEB, 0x7F, 0x44, 0x20, 0xB8,
    0x0A, 0x5F, 0xCF, 0x9E, 0x98, 0xE7, 0x97, 0x41, 0x9F, 0x82, 0xA8, 0x5B, 0x9A, 0x04, 0x67, 0xA2,
    0x76, 0x8B, 0x7F, 0x09, 0x6C, 0x37, 0xF0, 0xD2, 0xB8, 0x1F, 0x58, 0x61, 0x82, 0x17, 0xFC, 0xC4,
    0x10, 0xE6, 0xD3, 0x5A, 0x0D, 0x42, 0xE4, 0x1F, 0x8D, 0x02, 0x38, 0xA4, 0x84, 0x23, 0x1F, 0x51,
    0xD7, 0x4A, 0xE4, 0xBE, 0xFB, 0xB5, 0x42, 0x8A, 0x73, 0x5F, 0x27, 0xEF, 0x85, 0xA5, 0x06, 0x15,
    0xD9, 0x40, 0x41, 0xAA, 0x20, 0xB6, 0xE9, 0x74, 0x5D, 0x6D, 0x36, 0x3B, 0x34, 0xBB, 0xBD, 0x20,
    0x8C, 0x2A, 0x14, 0x23, 0xB4, 0xA3, 0xCB, 0x80, 0xF7, 0x95, 0x6B, 0x6A, 0xEB, 0x53, 0xA8, 0x55,
    0x05, 0x97, 0xFB, 0xD5, 0x34, 0x46, 0x5A, 0x5E, 0x86, 0x0A, 0x3A, 0x54, 0x9E, 0x66, 0x47, 0x20,
    0x09, 0x80, 0x01, 0x26, 0xC1, 0x1E, 0xB2, 0x22, 0x7F, 0xB2, 0xFD, 0x2C, 0xD2, 0x87, 0x89, 0x26,
    0x3E, 0xF3, 0xB2, 0x6C, 0xB5, 0x0F, 0x03, 0x65, 0x5F, 0x0C, 0x89, 0x65, 0xD1, 0x6A, 0xB3, 0x06,
    0x98, 0xE9, 0x71, 0xCD, 0x4D, 0xAE, 0x8C, 0x50, 0x55, 0x64, 0x47, 0xC0, 0x60, 0x67, 0xE2, 0xD5,
    0x51, 0x8E, 0x9A, 0x1E, 0xF0, 0x0C, 0x77, 0x87, 0x46, 0xFC, 0x26, 0x2A, 0x82, 0x8F, 0xC7, 0x50,
    0x12, 0xE0, 0x03, 0xA5, 0x1B, 0x82, 0x56, 0xC5, 0x62, 0x75, 0x28, 0xAF, 0x17, 0x5E, 0x50, 0xAE,
    0x4F, 0xE4, 0xFA, 0xE8, 0xAC, 0x3F, 0xFE, 0x36, 0xF2, 0x90, 0xA4, 0x4B, 0x31, 0x3C, 0x32, 0x17,
    0x31, 0xEB, 0x61, 0x40, 0x3F, 0xA6, 0x8F, 0xBE, 0x04, 0xB8, 0xEF, 0x9E, 0x75, 0x23, 0xAA, 0x06,
    0x78, 0x9B, 0x7B, 0xF4, 0x5C, 0xB3, 0xA5, 0x38, 0xCB, 0xDC, 0x86, 0xD9, 0x70, 0x5C, 0xAA, 0x97,
    0xF3, 0x58, 0x2A, 0x78, 0x54, 0x6A, 0x76, 0xFD, 0xE8, 0x50, 0xC1, 0x32, 0xBC, 0x5A, 0x53, 0x7E,
    0x5E, 0x99, 0x69, 0x92, 0x33, 0x06, 0xCB, 0x30, 0xEA, 0xCB, 0x5C, 0x07, 0xC1, 0x30, 0x08, 0x86,
    0x25, 0x64, 0x35, 0x61, 0xA8, 0xA9, 0xE8, 0x20, 0x61, 0x71, 0x53, 0xAD, 0xB5, 0x7D, 0x5C, 0xE3,
    0x6B, 0xF8, 0xA7, 0x54, 0xBD, 0x00, 0xAA, 0x77, 0xFA, 0x03, 0xE8, 0x6F, 0x23, 0xF3, 0x94, 0xB8,
    0xB5, 0x22, 0xEA, 0xD5, 0xA3, 0xE7, 0x99, 0x36, 0x55, 0x27, 0x66, 0x95, 0x78, 0xA4, 0xC0, 0xA6,
    0xD5, 0x4B, 0x1F, 0x95, 0xD5, 0x04, 0x8E, 0x31, 0xE6, 0x8C, 0x5E, 0x01, 0x5E, 0xBF, 0x40, 0x88,
    0x63, 0x18, 0x4C, 0x47, 0x34, 0x79, 0xA4, 0x7F, 0xE5, 0x4B, 0xB5, 0x64, 0xFE, 0xEB, 0x85, 0xDB,
    0xEC, 0x0D, 0x80, 0xEE, 0x48, 0x7F, 0x93, 0x9B, 0x98, 0xD0, 0x21, 0x03, 0x71, 0x59, 0xBD, 0x07,
    0xC0, 0x30, 0x19, 0xDD, 0x86, 0xF5, 0x5F, 0xED, 0x63, 0x5A, 0xA2, 0x38, 0x1A, 0xBC, 0xC3, 0x77,
    0xB7, 0x54, 0xCB, 0xDA, 0xDF, 0xBD, 0x5B, 0x7E, 0xA7, 0x96, 0xF0, 0x64, 0xB4, 0x40, 0x13, 0x03,
    0x13, 0xC3, 0x12, 0x83, 0x12, 0x43, 0x12, 0x05, 0x12, 0xC3, 0x11, 0x83, 0x11, 0x43, 0x11, 0x03,
    0x11, 0xC3, 0x10, 0x85, 0x10, 0x43, 0x10, 0x03, 0x10, 0xC3, 0x0F, 0x83, 0x0F, 0x43, 0x0F, 0x05,
    0x0F, 0xC3, 0x8E, 0x1E, 0x3A, 0xC2, 0xDF, 0x8D, 0x25, 0x78, 0x0F, 0x1A, 0xA9, 0x90, 0x74, 0x55,
    0x2C, 0xC2, 0x30, 0x67, 0x77, 0x41, 0xAD, 0x3B, 0x45, 0xAE, 0x7C, 0x1B, 0xF0, 0xCC, 0x92, 0xCD,
    0x1D, 0xAB, 0xA5, 0xA1, 0x58, 0x83, 0x99, 0x55, 0xF4, 0x7B, 0xD8, 0x58, 0x31, 0x00, 0xE2, 0x0C,
    0xE5, 0x4E, 0x4A, 0x97, 0x67, 0x41, 0x96, 0xA1, 0x18, 0x63, 0x21, 0xB6, 0xD4, 0x85, 0x50, 0x9B,
    0xCE, 0x54, 0x3C, 0xD5, 0x59, 0x95, 0xFE, 0xCA, 0xFF, 0xA9, 0x3C, 0x34, 0xDD, 0x8A, 0x41, 0xE9,
    0x2F, 0xCE, 0x62, 0xED, 0x0A, 0xF2, 0xCB, 0x13, 0xE2, 0x2E, 0xC1, 0xE7, 0x17, 0x92, 0x47, 0xF4,
    0x3B, 0x0A, 0xC2, 0xAF, 0x54, 0x1C, 0xF5, 0xA5, 0xA5, 0x60, 0xB3, 0xD8, 0x1F, 0x30, 0xF7, 0x13,
    0x6D, 0xC1, 0x68, 0xF3, 0xA5, 0xAF, 0xC5, 0xF6, 0x88, 0xB7, 0xC8, 0x5A, 0x09, 0xBC, 0xEB, 0xB4,
    0xFC, 0xD3, 0xE7, 0xE8, 0x15, 0xFB, 0x9A, 0x2D, 0xB1, 0xBD, 0x52, 0x33, 0x4B, 0x0D, 0x94, 0xED,
    0xB0, 0x64, 0x46, 0x05, 0x3C, 0x66, 0x3A, 0xAE, 0x98, 0x17, 0xA7, 0x2B, 0xF3, 0xEC, 0x14, 0x9B,
    0xB9, 0xEA, 0xA6, 0xBE, 0xBA, 0xE5, 0x19, 0xDD, 0x72, 0x53, 0xBD, 0xB5, 0x61, 0x2B, 0xE4, 0xB9,
    0x9A, 0x0D, 0x81, 0xAE, 0x9A, 0x95, 0x96, 0x93, 0x24, 0x8D, 0x2F, 0x22, 0x40, 0x8F, 0x65, 0x6F,
    0x53, 0xC2, 0x00, 0xCF, 0x66, 0x10, 0x8D, 0x18, 0x1E, 0x7E, 0xBF, 0x08, 0xD3, 0x26, 0xCC, 0xB7,
    0x82, 0x22, 0x7E, 0xAA, 0xCA, 0x5E, 0x3E, 0x9A, 0xD0, 0xDD, 0x13, 0x43, 0xBF, 0x5A, 0x0A, 0xC0,
    0x4D, 0xFC, 0xDB, 0xDA, 0x03, 0xB8, 0xC6, 0x4B, 0xC1, 0x34, 0x68, 0x0D, 0x59, 0x15, 0x8C, 0x35,
    0x3A, 0x95, 0x9E, 0x02, 0x9D, 0xB3, 0xD4, 0x63, 0x51, 0xF6, 0xD3, 0x9E, 0xFD, 0xCB, 0x4A, 0xF1,
    0x86, 0x52, 0x3C, 0x13, 0x02, 0x28, 0xDE, 0x3D, 0x4D, 0x2C, 0xB9, 0xAE, 0x42, 0x28, 0x09, 0x06,
    0xF7, 0x16, 0x82, 0x01, 0x7F, 0xF2, 0xEF, 0x84, 0xE0, 0xFC, 0x7B, 0x21, 0x30, 0xAE, 0x06, 0x48,
    0x41, 0x60, 0x13, 0x5E, 0xFA, 0x08, 0x02, 0xCB, 0x8B, 0x92, 0x2F, 0x70, 0x19, 0x82, 0x90, 0xA3,
    0x03, 0xD4, 0xB6, 0x8D, 0x34, 0x5E, 0x05, 0x51, 0xA4, 0x5B, 0x7E, 0xE3, 0x40, 0x16, 0xC1, 0xC4,
    0x0E, 0x6C, 0x95, 0x42, 0x24, 0x9A, 0x2B, 0x02, 0x71, 0xC0, 0x3A, 0xFB, 0x9A, 0x35, 0xBA, 0x35,
    0x16, 0xFF, 0x7D, 0xD4, 0xCD, 0x35, 0x80, 0x76, 0xF7, 0xB1, 0x25, 0x1B, 0x78, 0xD3, 0x70, 0x33,
    0x99, 0x77, 0xB6, 0x74, 0x13, 0xCB, 0x5A, 0x2D, 0x55, 0x24, 0xCE, 0x69, 0x86, 0x57, 0x2E, 0x1A,
    0x12, 0xDA, 0x18, 0x5A, 0x6A, 0x4B, 0xF4, 0xCB, 0xB8, 0x84, 0x56, 0x9D, 0xB1, 0xF6, 0x7A, 0xBF,
    0x0D, 0x6F, 0x55, 0x71, 0x98, 0x6F, 0x3E, 0x2A, 0xFB, 0xEB, 0x52, 0xF6, 0x75, 0x76, 0x9C, 0x82,
    0x89, 0x97, 0x6A, 0xEF, 0xE9, 0xFC, 0xF4, 0x21, 0x69, 0x85, 0x43, 0xCD, 0x3E, 0x91, 0x71, 0xD6,
    0x65, 0xF4, 0x37, 0x20, 0xEE, 0x3C, 0xCB, 0xB2, 0xDA, 0x15, 0xE2, 0xF1, 0xCA, 0x0B, 0x90, 0x8F,
    0xB7, 0x50, 0xED, 0xCA, 0x8D, 0xEB, 0x46, 0x79, 0x58, 0x18, 0x89, 0x1A, 0x2B, 0xDB, 0x9E, 0x26,
    0xED, 0x1B, 0x97, 0x36, 0xA0, 0x9B, 0x4D, 0x7A, 0x8D, 0x90, 0xF8, 0xA0, 0xB2, 0xD4, 0x5F, 0x33,
    0xF6, 0x61, 0x9F, 0xBF, 0x87, 0xFD, 0x00, 0xC9, 0xD7, 0xB4, 0x98, 0xEB, 0x10, 0x68, 0x3C, 0x58,
    0x55, 0x7E, 0x92, 0x47, 0x5F, 0x93, 0x7C, 0x56, 0xF9, 0xA4, 0x92, 0x95, 0x60, 0x42, 0xD6, 0x1B,
    0x01, 0x17, 0xDC, 0x18, 0xE4, 0x03, 0xF0, 0x99, 0xB8, 0x36, 0xEA, 0x49, 0xC9, 0xAA, 0x80, 0x93,
    0x70, 0xD2, 0x27, 0x8C, 0xC9, 0x6B, 0xDA, 0xBF, 0xD0, 0x34, 0x71, 0xF3, 0xAC, 0xA6, 0x04, 0x8F,
    0x1C, 0xF7, 0x46, 0xCB, 0x70, 0xB3, 0x37, 0x46, 0x1A, 0x75, 0x70, 0xC2, 0x44, 0x4B, 0x40, 0xED,
    0x1D, 0x93, 0xC6, 0xD6, 0x78, 0x64, 0xC6, 0x05, 0xC9, 0x92, 0x88, 0xD7, 0x08, 0xF7, 0x43, 0xEB,
    0xB2, 0x93, 0x3D, 0x36, 0xC1, 0x31, 0x5B, 0x73, 0xEF, 0x56, 0x5B, 0xEC, 0x3A, 0x2F, 0xF3, 0xB4,
    0x43, 0x6F, 0x9A, 0xB3, 0xFE, 0x7A, 0x62, 0x1D, 0x4F, 0xB5, 0xC2, 0x84, 0x27, 0xF6, 0xCD, 0xF5,
    0xE4, 0xE9, 0xD2, 0x1D, 0xA3, 0x34, 0x7B, 0xB5, 0x90, 0x9B, 0x9B, 0xE2, 0xBD, 0x53, 0xC8, 0xDA,
    0xDA, 0x92, 0xE9, 0xFD, 0x17, 0x79, 0xF4, 0x00, 0xE8, 0xB5, 0x94, 0x4D, 0x64, 0x9A, 0x73, 0x68,
    0xF6, 0xB9, 0x47, 0x3F, 0xF1, 0xD2, 0xD5, 0xE3, 0xDC, 0x6B, 0xF8, 0x74, 0xA6, 0xCF, 0x4E, 0x54,
    0x75, 0x87, 0xAA, 0xCC, 0x03, 0x4D, 0x2F, 0x5B, 0x35, 0xC3, 0x3A, 0x52, 0x4F, 0xD3, 0x5B, 0x86,
    0xAB, 0xCA, 0x77, 0xAC, 0x25, 0x86, 0xF2, 0x6D, 0x25, 0xC6, 0x0B, 0xDC, 0x5D, 0xF9, 0x0E, 0xB4,
    0xC4, 0x48, 0xAE, 0xAA, 0x8A, 0xB5, 0xD7, 0x55, 0x99, 0xAD, 0x1E, 0xAA, 0x41, 0xD8, 0xE5, 0x42,
    0xAB, 0x39, 0x90, 0x9E, 0xD8, 0x17, 0x38, 0x4C, 0xC3, 0x5D, 0x68, 0xFE, 0xD1, 0x8B, 0xB9, 0xC0,
    0x7F, 0x56, 0xE5, 0x21, 0x39, 0xC7, 0x5A, 0x6C, 0xE1, 0x7A, 0x60, 0x8B, 0xB7, 0x0C, 0xAD, 0x34,
    0x14, 0x00, 0x00, 0xF8, 0xE5, 0x46, 0x06, 0x21, 0xAC, 0x95, 0xCD, 0xC3, 0x96, 0x92, 0x76, 0xC7,
    0xEC, 0xA8, 0x53, 0x04, 0xC9, 0x0B, 0x79, 0x7F, 0xBF, 0x10, 0xDF, 0x22, 0xC1, 0x87, 0x2C, 0xB5,
    0x35, 0xEC, 0x89, 0xEF, 0xDD, 0x8D, 0xC3, 0x5A, 0x7A, 0x32, 0x31, 0x4C, 0x04, 0xF9, 0xAF, 0xAF,
    0x65, 0xD5, 0x90, 0x9F, 0x6C, 0x01, 0x50, 0x63, 0x34, 0x89, 0x1C, 0x26, 0x01, 0xB9, 0xA8, 0xE6,
    0x98, 0x0C, 0xD4, 0x94, 0x8C, 0x76, 0x54, 0xC3, 0x72, 0x47, 0xF5, 0xCA, 0xE6, 0x6B, 0x6A, 0x66,
    0x38, 0xD0, 0x76, 0xAD, 0xA6, 0x3C, 0x89, 0xD8, 0x42, 0xEC, 0x15, 0xE7, 0x58, 0x83, 0x89, 0xD0,
    0x47, 0xF8, 0x61, 0x86, 0x2C, 0x0A, 0x68, 0x33, 0x8D, 0x51, 0x7D, 0x6F, 0x61, 0x6E, 0x03, 0x8D,
    0x23, 0x72, 0x41, 0x3F, 0x27, 0x17, 0xDA, 0x19, 0xF9, 0x75, 0xD4, 0x66, 0xD5, 0x07, 0x7F, 0x89,
    0xBF, 0x1E, 0xEE, 0x9E, 0x7F, 0x6C, 0x68, 0xFD, 0x45, 0x0A, 0x15, 0x27, 0x30, 0x43, 0xE7, 0xD7,
    0xAD, 0xC5, 0xD7, 0x64, 0x96, 0x56, 0xCE, 0x37, 0xC8, 0x67, 0xAD, 0x87, 0xF0, 0x09, 0x2A, 0xC4,
    0x72, 0xDC, 0xBB, 0x13, 0xBC, 0xEE, 0x88, 0xC6, 0xFD, 0x30, 0xA1, 0x43, 0xC3, 0x67, 0xC5, 0xC0,
    0x3C, 0xA1, 0x04, 0xC0, 0x2E, 0xB3, 0x1F, 0x2D, 0x96, 0x53, 0xAB, 0x0A, 0x67, 0xD5, 0x40, 0xD8,
    0x51, 0x6F, 0x93, 0x13, 0x5A, 0x33, 0xE2, 0x70, 0xD0, 0xA0, 0xCE, 0x88, 0xEA, 0xC1, 0xD7, 0x59,
    0x43, 0x6D, 0x2F, 0x70, 0x21, 0x44, 0x83, 0x3D, 0xB0, 0x26, 0x2A, 0xA8, 0xC8, 0xE9, 0xC5, 0xAE,
    0x51, 0x4F, 0xDF, 0xC9, 0x35, 0x99, 0xFC, 0x6E, 0x84, 0xB8, 0xBD, 0x26, 0x6B, 0xF2, 0x18, 0x7C,
    0x3C, 0xFF, 0xE2, 0xBC, 0xC7, 0xB7, 0x34, 0x71, 0x3F, 0x8C, 0xAC, 0x32, 0xD5, 0xBC, 0xEC, 0x2E,
    0xAD, 0xE3, 0x39, 0x2F, 0x40, 0x6E, 0x5C, 0xF7, 0xC1, 0x84, 0xFF, 0x61, 0x7F, 0x8B, 0xA4, 0xAD,
    0xDF, 0xDC, 0x9A, 0x6A, 0x0A, 0x47, 0xC1, 0xEC, 0x0A, 0x89, 0x07, 0xAC, 0xCE, 0x7A, 0x68, 0x74,
    0x8C, 0x0D, 0xC5, 0x30, 0x2F, 0xED, 0xAF, 0xA1, 0x8E, 0x4D, 0xB6, 0x7B, 0xA6, 0x7E, 0xB2, 0x5D,
    0x28, 0xD1, 0x58, 0x02, 0x4D, 0x8C, 0x5D, 0xBB, 0x10, 0xB9, 0xA9, 0xB7, 0x49, 0x23, 0xAB, 0x3C,
    0xB4, 0x6A, 0x36, 0x2F, 0x60, 0x69, 0xEE, 0xD5, 0x58, 0x7A, 0x00, 0x8B, 0x0D, 0x11, 0xDB, 0x9C,
    0x12, 0x5B, 0xAF, 0x9F, 0x5F, 0x6A, 0xFC, 0xA4, 0x5F, 0x81, 0x05, 0x45, 0xF9, 0x08, 0xF9, 0xC8,
    0x25, 0xE4, 0xA5, 0xE7, 0x0E, 0xD9, 0x0F, 0x85, 0xEC, 0x79, 0xA5, 0x14, 0x14, 0xAC, 0xDF, 0xC3,
    0x4A, 0xEF, 0x93, 0x78, 0x9D, 0xC4, 0xDB, 0xA4, 0xE8, 0xDD, 0xA7, 0x7F, 0xA0, 0x77, 0x49, 0xC7,
    0xAF, 0x92, 0x46, 0xC5, 0xA2, 0x2F, 0x15, 0xA6, 0x9A, 0xC3, 0x16, 0x77, 0x4B, 0x89, 0x58, 0x1C,
    0x4D, 0x25, 0x03, 0x0D, 0x83, 0x54, 0x5B, 0xD8, 0x85, 0xE2, 0xF5, 0xC6, 0xEC, 0xA6, 0x6D, 0x68,
    0x25, 0xAD, 0xDD, 0xBE, 0xB5, 0x7A, 0x33, 0x47, 0xF6, 0x2F, 0xCC, 0x6E, 0xEB, 0xAC, 0x81, 0x78,
    0x8F, 0xC9, 0xFD, 0xBD, 0x9B, 0x4D, 0x56, 0x94, 0x49, 0x55, 0x56, 0xFB, 0xB3, 0x4B, 0x37, 0x80,
    0x2F, 0xEF, 0x05, 0x47, 0xE5, 0xC3, 0xB5, 0xDA, 0xE8, 0x78, 0xE9, 0xC6, 0x4D, 0x6F, 0x93, 0x10,
    0x9B, 0xC2, 0x8B, 0x85, 0xAC, 0xC0, 0x6C, 0x3C, 0x39, 0x29, 0x4E, 0xEA, 0xFE, 0x4F, 0x85, 0xF4,
    0x22, 0x20, 0xF3, 0xA7, 0x12, 0xFC, 0x7E, 0xA7, 0x84, 0xCA, 0x2E, 0x33, 0x3C, 0xB2, 0x3D, 0xB3,
    0x29, 0x63, 0xC8, 0x00, 0xF1, 0xE6, 0x21, 0xBD, 0xF1, 0xD1, 0xDE, 0xD0, 0x88, 0x77, 0x60, 0xA4,
    0xCF, 0x67, 0xE4, 0x0A, 0xB4, 0x0B, 0x3C, 0xEF, 0x19, 0xB5, 0xF7, 0xD3, 0x3C, 0x91, 0xC0, 0xB5,
    0xCC, 0x4A, 0xF3, 0x3D, 0x24, 0x01, 0x7E, 0x81, 0xFD, 0xB2, 0xED, 0x21, 0xA2, 0xCE, 0xAC, 0x39,
    0xE6, 0xA4, 0x7D, 0xDD, 0xA2, 0xDD, 0xC1, 0x81, 0xD6, 0x13, 0xA2, 0x39, 0x90, 0x7C, 0x47, 0xB4,
    0xF8, 0xB4, 0x4D, 0x4F, 0xED, 0x14, 0xA1, 0x5B, 0x7B, 0xC5, 0x79, 0xF6, 0xE1, 0xA0, 0x08, 0x0A,
    0xA2, 0xB3, 0x55, 0xBC, 0x7C, 0x92, 0x5D, 0xAF, 0x48, 0x9C, 0x2A, 0xF8, 0xA8, 0xD2, 0xE0, 0xAC,
    0xFB, 0x52, 0x9C, 0x9D, 0xBA, 0x08, 0x0A, 0x2D, 0x61, 0xF2, 0xAF, 0xA7, 0xA9, 0xA6, 0x9F, 0x61,
    0x5B, 0xE4, 0x42, 0xA0, 0xF7, 0x60, 0x0D, 0x18, 0x3A, 0x88, 0xE8, 0xA2, 0xAF, 0x16, 0x70, 0x04,
    0xE4, 0xAB, 0x00, 0x3A, 0x87, 0xAA, 0x3B, 0xD7, 0x5F, 0x7E, 0x68, 0x23, 0xD4, 0x1A, 0x6D, 0xD6,
    0xE6, 0x18, 0xCF, 0x9B, 0xA1, 0xD6, 0x66, 0x99, 0xDC, 0x73, 0x56, 0x3D, 0xBF, 0x7E, 0xD0, 0x59,
    0xDA, 0x78, 0x70, 0xBA, 0xC9, 0x5D, 0x20, 0xA4, 0x1B, 0x30, 0x18, 0xF6, 0x4D, 0x9D, 0xD0, 0x9A,
    0x86, 0x9A, 0x3B, 0xF2, 0xED, 0x6B, 0x4B, 0x93, 0xFB, 0x40, 0x8F, 0x58, 0xD9, 0xB5, 0xCE, 0xCE,
    0x1B, 0x7D, 0xEC, 0xA7, 0x04, 0x06, 0xDA, 0x54, 0x65, 0x56, 0x0A, 0x2E, 0xC7, 0xE7, 0xE5, 0x60,
    0x4D, 0x92, 0x33, 0xEC, 0xB6, 0x79, 0x53, 0x5E, 0x06, 0x88, 0xC9, 0x92, 0xA5, 0x7A, 0xAB, 0x33,
    0xA1, 0x0A, 0x58, 0x34, 0x0A, 0x51, 0xA6, 0xA4, 0xFF, 0x04, 0x4D, 0x8F, 0x31, 0x4B, 0x03, 0x41,
    0x14, 0x84, 0x67, 0x77, 0x85, 0x88, 0x8B, 0xAC, 0x65, 0x90, 0x90, 0x6D, 0x2C, 0x2C, 0x92, 0x5C,
    0x8A, 0x94, 0x17, 0xEF, 0x40, 0xD0, 0x22, 0x3F, 0xC2, 0xBF, 0x60, 0x61, 0x11, 0x21, 0x92, 0x23,
    0x8D, 0x8D, 0x85, 0x3F, 0x21, 0x60, 0x65, 0x97, 0x22, 0xC5, 0x15, 0xD1, 0xAC, 0xA4, 0xB4, 0xD9,
    0xD8, 0xA4, 0x5D, 0xB1, 0xB0, 0x34, 0xE2, 0x16, 0x57, 0x6C, 0xB2, 0xEE, 0x81, 0x85, 0x3C, 0x78,
    0xF0, 0x86, 0xEF, 0xCD, 0x30, 0x43, 0xF1, 0x62, 0x9B, 0x2C, 0x9B, 0xE0, 0x91, 0x39, 0x6E, 0x64,
    0x1A, 0x63, 0x02, 0x1C, 0x82, 0x5B, 0xE2, 0xB3, 0x9B, 0x81, 0xA4, 0x8B, 0x6C, 0x9F, 0xE8, 0x23,
    0xA1, 0xD4, 0xFC, 0x95, 0x5D, 0xD8, 0xE3, 0x48, 0xE9, 0x18, 0x00, 0xF3, 0x2E, 0xEC, 0x36, 0x2E,
    0x15, 0x3B, 0x4D, 0x1B, 0xE2, 0x5C, 0x45, 0x1B, 0x44, 0xF7, 0x88, 0xC4, 0x8F, 0x9B, 0x49, 0xB2,
    0xDE, 0x8A, 0x8F, 0x22, 0xB9, 0x55, 0x83, 0x1D, 0xE6, 0x86, 0x26, 0xA1, 0xA6, 0x7F, 0x1D, 0x68,
    0x44, 0xA3, 0xD5, 0x5D, 0xA5, 0x5D, 0x5D, 0x2E, 0xB7, 0x40, 0xE5, 0x7B, 0x23, 0x16, 0x56, 0x72,
    0xD5, 0x95, 0xE8, 0xC4, 0x18, 0x8F, 0x91, 0x92, 0x1E, 0xA6, 0xFD, 0x2E, 0xFB, 0xCA, 0x12, 0x43,
    0x0B, 0x24, 0xE2, 0xCD, 0xCE, 0x82, 0x71, 0x1E, 0xB3, 0x91, 0x6A, 0xD4, 0xC2, 0x3B, 0x2F, 0x98,
    0xD7, 0xB6, 0x5E, 0xC3, 0x43, 0xBA, 0x77, 0x80, 0x14, 0x68, 0xD5, 0x99, 0x7A, 0xE6, 0xF6, 0xA4,
    0xF4, 0x9E, 0xC1, 0xC1, 0x11, 0x3B, 0x57, 0x41, 0x96, 0x9F, 0x45, 0xDE, 0xA2, 0xEF, 0x1B, 0xB1,
    0xB2, 0x49, 0x2F, 0xCB, 0x2B, 0xDA, 0xF3, 0x75, 0x8B, 0xAA, 0x69, 0x1E, 0xB8, 0x5D, 0x74, 0x30,
    0x26, 0x86, 0x39, 0xF2, 0x84, 0x26, 0x6A, 0xFD, 0xAB, 0x44, 0xFF, 0xA9, 0x86, 0x2A, 0x8E, 0x3A,
    0xE2, 0x30, 0xDD, 0x6A, 0xA4, 0xFF, 0xB5, 0x3B, 0xD3, 0x65, 0xBB, 0x92, 0x93, 0xDE, 0x94, 0x61,
    0xD4, 0xFB, 0xF2, 0xFA, 0x05, 0xD5, 0x5A, 0x4D, 0x8C, 0xDD, 0xD6, 0x75, 0xBE, 0x24, 0xED, 0xA1,
    0x3D, 0x94, 0xC4, 0x59, 0x38, 0x40, 0x60, 0xFD, 0x50, 0x8B, 0x2C, 0x8C, 0x76, 0x64, 0x66, 0x31,
    0x40, 0x04, 0x74, 0x3C, 0xA4, 0x2B, 0xA0, 0x5E, 0x78, 0xE1, 0x2C, 0xE2, 0x76, 0xD1, 0x85, 0xB2,
    0x4D, 0x16, 0xD5, 0xA0, 0xD0, 0x42, 0x01, 0x34, 0xF3, 0x28, 0x7B, 0xE1, 0x45, 0x80, 0x78, 0xB2,
    0x68, 0x37, 0x05, 0x12, 0x07, 0xED, 0xA2, 0x18, 0x74, 0x31, 0x40, 0x0C, 0x44, 0x8B, 0x99, 0x79,
    0x4C, 0xBD, 0xD0, 0x32, 0x74, 0xB2, 0xD0, 0xA2, 0x40, 0xC3, 0x58, 0x4A, 0x05, 0x14, 0x28, 0x44,
    0x17, 0x34, 0x42, 0x35, 0xEF, 0x3D, 0xE6, 0x7C, 0xDF, 0xB9, 0x24, 0xDF, 0x1B, 0x8D, 0x8C, 0xA4,
    0x91, 0x90, 0xF1, 0x03, 0x86, 0x33, 0xC3, 0x47, 0xDE, 0x9F, 0xEF, 0x7E, 0xE7, 0x9C, 0xEF, 0x9C,
    0x7B, 0x8D, 0x31, 0xE6, 0x8C, 0xC1, 0x67, 0x83, 0xD7, 0x31, 0x2E, 0x4E, 0x8B, 0xAB, 0xC7, 0xBF,
    0x83, 0x04, 0xD7, 0xF3, 0x49, 0x2A, 0xD7, 0xCB, 0x31, 0xAE, 0x7B, 0xB8, 0x3A, 0x45, 0x9C, 0xC9,
    0x23, 0x59, 0x24, 0xD7, 0xC0, 0x44, 0xB9, 0x3C, 0xC2, 0x6B, 0xD2, 0xB6, 0x72, 0xDD, 0x33, 0x61,
    0x6E, 0x9C, 0x1C, 0x57, 0x2F, 0x33, 0x61, 0x21, 0x8F, 0xE0, 0x7A, 0x5E, 0x9E, 0x2D, 0xCD, 0x3A,
    0xAF, 0x7B, 0xC6, 0xF8, 0xA5, 0x5B, 0x19, 0x73, 0xB6, 0x4E, 0x66, 0xD2, 0xE3, 0xCC, 0x2C, 0x7C,
    0x22, 0xF4, 0x64, 0x92, 0x7C, 0xB8, 0xF2, 0x8E, 0x3B, 0xDB, 0x32, 0xD1, 0xDD, 0x89, 0xD9, 0x76,
    0x1A, 0xA7, 0x71, 0x6B, 0xAF, 0xF2, 0xAA, 0xA0, 0xF0, 0xAA, 0x28, 0x0F, 0xCA, 0x38, 0x0D, 0xF3,
    0x44, 0xC6, 0xB0, 0x6D, 0x92, 0xEC, 0xD0, 0x3C, 0x4C, 0x0F, 0xBC, 0xD1, 0x8B, 0xE3, 0x0B, 0xC9,
    0x8D, 0x51, 0x33, 0x2A, 0xA2, 0x62, 0xBB, 0x6F, 0xD9, 0x2D, 0xA5, 0xE7, 0x46, 0x7F, 0xD0, 0xFF,
    0xF0, 0x91, 0x51, 0xC9, 0x27, 0x6C, 0xF8, 0xCF, 0x3E, 0xAF, 0x1F, 0x0E, 0xF7, 0x9F, 0x9F, 0x7B,
    0xF2, 0xA4, 0x20, 0xE6, 0xA0, 0x3B, 0xB9, 0x13, 0x4E, 0xEC, 0x88, 0x6F, 0xC8, 0xBD, 0xB2, 0x1B,
    0x9F, 0x4E, 0xF7, 0x8F, 0x45, 0x2C, 0x2A, 0xF5, 0xF7, 0x94, 0xD7, 0x51, 0x90, 0x71, 0x8E, 0xB3,
    0x15, 0xFE, 0x7B, 0x70, 0x93, 0xBF, 0xC2, 0xF4, 0xB2, 0x39, 0xEE, 0xD3, 0x8D, 0xA3, 0xB1, 0x00,
    0x5B, 0xB8, 0x47, 0x5C, 0x50, 0x0B, 0x97, 0x31, 0xAB, 0x13, 0xFE, 0x72, 0x7E, 0x51, 0xEB, 0x4B,
    0x41, 0xC1, 0xDF, 0x44, 0x4D, 0xE6, 0x9C, 0x1E, 0xF2, 0xDF, 0xCB, 0x0E, 0x5B, 0x71, 0x73, 0x9F,
    0xAD, 0x28, 0x78, 0xC6, 0xB4, 0x2D, 0xA1, 0x17, 0xB8, 0xD8, 0xCA, 0xA6, 0xF1, 0xF0, 0xB5, 0x62,
    0x28, 0x4D, 0x0B, 0xBE, 0xC4, 0xDE, 0x18, 0xB4, 0x12, 0xCA, 0xFB, 0x68, 0x85, 0x50, 0xCA, 0x4B,
    0xD2, 0xC2, 0xB5, 0xC2, 0x78, 0x6D, 0x69, 0xA2, 0xD6, 0x4E, 0x73, 0xE9, 0x03, 0x52, 0x0E, 0x5D,
    0xB3, 0xA5, 0xC9, 0x05, 0x72, 0x02, 0x8D, 0xCD, 0xF0, 0x7F, 0xF0, 0x2E, 0xBA, 0xFD, 0xD0, 0x43,
    0xAB, 0x0B, 0x9C, 0x20, 0x17, 0x7E, 0x28, 0xB7, 0x81, 0xB6, 0x71, 0x1A, 0x74, 0x10, 0x65, 0x98,
    0xC3, 0x04, 0x43, 0x03, 0xE8, 0x32, 0x73, 0x23, 0x24, 0x70, 0x6B, 0xDC, 0x08, 0x39, 0x11, 0x60,
    0x2F, 0x63, 0xF2, 0x0E, 0xF0, 0xC4, 0xD7, 0xAA, 0x1D, 0x13, 0xDF, 0x79, 0xFF, 0x3F, 0xE5, 0x39,
    0x59, 0x02, 0xB9, 0xBE, 0x6E, 0x81, 0x9B, 0xCD, 0xF1, 0x2D, 0x74, 0x31, 0x42, 0x3F, 0xE2, 0x57,
    0xDB, 0x13, 0x32, 0xFA, 0xC2, 0xF1, 0xC0, 0xFF, 0xC9, 0x09, 0x0A, 0xCC, 0xD1, 0x59, 0xE4, 0x7C,
    0xDD, 0x04, 0x7E, 0x6D, 0xBC, 0xB7, 0x64, 0xD4, 0x89, 0x10, 0xB5, 0x59, 0x37, 0x6E, 0x71, 0x5A,
    0x10, 0x7C, 0xEE, 0xE9, 0x11, 0xF5, 0x2B, 0xFA, 0x4B, 0xBD, 0x85, 0x59, 0x56, 0x32, 0x99, 0x4B,
    0xE4, 0x50, 0xF5, 0x77, 0xCA, 0xDA, 0x97, 0xF8, 0xEB, 0x6E, 0xFE, 0x39, 0xA4, 0x2D, 0x17, 0x28,
    0x3B, 0x5E, 0x60, 0xEC, 0x5F, 0x54, 0xF3, 0x84, 0x55, 0x04, 0x3B, 0xBE, 0x06, 0x6E, 0x3D, 0x47,
    0x57, 0x85, 0xB1, 0x63, 0xAB, 0x53, 0x38, 0x93, 0x39, 0xB2, 0x12, 0xCB, 0x9E, 0xAB, 0x97, 0xD5,
    0xB6, 0x2C, 0x55, 0x15, 0xD0, 0x8E, 0xA9, 0x01, 0xD6, 0xB8, 0x27, 0xEA, 0xBC, 0xA3, 0x5C, 0xD1,
    0x79, 0xB1, 0xD5, 0xBC, 0x77, 0x58, 0x3E, 0xD6, 0xCB, 0xC0, 0x23, 0x34, 0xF2, 0xB6, 0xC7, 0x6F,
    0x6E, 0xAF, 0x13, 0x86, 0xE2, 0x18, 0xC2, 0xC6, 0x0F, 0x0A, 0xCB, 0x57, 0xBF, 0x94, 0xF1, 0x02,
    0x77, 0xBC, 0x9F, 0x58, 0xBA, 0xCA, 0xA0, 0x65, 0x32, 0x40, 0x5F, 0x46, 0x8A, 0x19, 0x90, 0xAD,
    0x41, 0x79, 0x46, 0x9E, 0xC2, 0x1A, 0x98, 0xE0, 0xD3, 0x7B, 0xBF, 0xC9, 0x94, 0xAC, 0xCE, 0xD4,
    0xB7, 0xC8, 0x05, 0xDF, 0x47, 0xAF, 0x6E, 0xCB, 0xB1, 0x7D, 0x53, 0xFD, 0xE8, 0x4B, 0xEA, 0x4A,
    0x78, 0x2B, 0xF8, 0x25, 0x91, 0xD9, 0x39, 0xF7, 0x18, 0x5F, 0xBD, 0x72, 0x0E, 0x73, 0x7D, 0xD8,
    0xFA, 0x88, 0x1F, 0x57, 0x03, 0xE0, 0xDE, 0x3B, 0xF5, 0xE0, 0x1E, 0xCE, 0xD3, 0x9E, 0x2D, 0xDA,
    0x7B, 0x44, 0x59, 0x59, 0xEB, 0xB5, 0xED, 0xA4, 0x87, 0xFA, 0x1C, 0xBD, 0x83, 0x75, 0x0A, 0x7B,
    0xC4, 0x5B, 0x71, 0xF6, 0x72, 0x3A, 0x06, 0xF5, 0x07, 0xB1, 0x20, 0x34, 0x4E, 0x17, 0xA3, 0xD1,
    0xF4, 0x1C, 0x0C, 0x20, 0x35, 0xCB, 0xD6, 0x29, 0x19, 0xB3, 0x05, 0xDC, 0x64, 0x38, 0xC1, 0xC3,
    0x54, 0x38, 0xBC, 0x7E, 0x04, 0x4D, 0x80, 0x09, 0x2C, 0x09, 0x25, 0x90, 0x04, 0x90, 0xC4, 0x11,
    0x30, 0xF2, 0x4F, 0x80, 0x48, 0x0C, 0x01, 0x21, 0x11, 0x04, 0x80, 0x3D, 0x7E, 0xBA, 0xA6, 0x71,
    0xD3, 0xBB, 0x57, 0xAF, 0x38, 0x73, 0x42, 0xCD, 0xFB, 0xF7, 0x89, 0xD8, 0xE4, 0x38, 0x62, 0x6A,
    0x32, 0x21, 0x15, 0xD5, 0xEC, 0x9F, 0x7F, 0x7A, 0x66, 0xFF, 0x84, 0x88, 0x9E, 0x30, 0x4E, 0xF9,
    0xC5, 0x60, 0xD3, 0xA7, 0x5E, 0xFA, 0x2A, 0xFF, 0x3E, 0x4F, 0x90, 0x5A, 0x7E, 0x1F, 0x17, 0x27,
    0x9D, 0x84, 0xCB, 0x58, 0xB4, 0xC6, 0xF2, 0x2E, 0xB4, 0xB1, 0xEC, 0xD4, 0xCA, 0xA6, 0x31, 0x85,
    0xBC, 0x1D, 0x62, 0x1A, 0xA3, 0xE2, 0xA9, 0x93, 0x70, 0xA4, 0x96, 0xAC, 0x5E, 0x8F, 0xD3, 0x76,
    0x4E, 0xBD, 0x40, 0xF4, 0x18, 0x6A, 0x62, 0x0E, 0xCD, 0x9D, 0x3E, 0x06, 0x5E, 0x98, 0x0D, 0x71,
    0xDE, 0x9F, 0x0C, 0xD8, 0xB9, 0x3F, 0xCB, 0x87, 0x08, 0x5F, 0x1E, 0x0C, 0xD0, 0x5D, 0xA7, 0xB8,
    0xD2, 0xD8, 0xBE, 0xCA, 0x6E, 0x15, 0xB9, 0xB0, 0x85, 0xFF, 0xD0, 0xA8, 0xEE, 0x33, 0x88, 0x28,
    0x70, 0xAE, 0xF0, 0xB3, 0xEE, 0xE2, 0xB9, 0x3C, 0x21, 0x9C, 0x56, 0xDC, 0xC4, 0xCF, 0x2C, 0x4D,
    0xFB, 0x48, 0x9E, 0x74, 0xA3, 0xAF, 0xD4, 0xB3, 0x9A, 0x2B, 0xAF, 0x1B, 0xB3, 0xE6, 0x4B, 0x13,
    0x42, 0x76, 0x47, 0xD7, 0x7E, 0xC0, 0x6B, 0x74, 0xB5, 0x02, 0xFF, 0x04, 0x94, 0x03, 0xC2, 0x05,
    0x94, 0x40, 0x40, 0xC0, 0x06, 0xB4, 0xE4, 0x2B, 0xC4, 0xB2, 0x87, 0x69, 0x9C, 0xFE, 0xF2, 0xDF,
    0xDF, 0x14, 0xB0, 0x6E, 0xB5, 0xBF, 0x6A, 0xD3, 0x9E, 0x82, 0x12, 0xDC, 0x86, 0x20, 0x7D, 0x36,
    0x1F, 0x18, 0xF7, 0xD1, 0x03, 0x0A, 0x17, 0x3F, 0x1D, 0x08, 0x37, 0x4E, 0x87, 0xAE, 0xBD, 0x6C,
    0xE0, 0x9B, 0x3B, 0x19, 0xCC, 0xD8, 0x3C, 0xCC, 0x07, 0xBA, 0x5D, 0x27, 0xC8, 0x6A, 0xC7, 0xAB,
    0x74, 0x42, 0xCA, 0xB6, 0x33, 0x88, 0x0B, 0xD6, 0x90, 0xFD, 0x14, 0x4E, 0x43, 0xC9, 0x26, 0x00,
    0xC9, 0xE4, 0xD5, 0x92, 0x65, 0x14, 0x02, 0x96, 0xE5, 0xDA, 0x75, 0x82, 0xA5, 0xA6, 0xBC, 0x0A,
    0x81, 0x62, 0xA9, 0xD6, 0x36, 0xC6, 0x6F, 0x6D, 0xB4, 0x63, 0x9B, 0x49, 0x69, 0xC3, 0x1F, 0x42,
    0xE7, 0x81, 0x92, 0xCD, 0x4B, 0xE5, 0x75, 0x3C, 0x15, 0xD5, 0x8B, 0xD2, 0xD2, 0xFF, 0xAC, 0x25,
    0xD5, 0x7C, 0x0B, 0x16, 0xB4, 0x0D, 0x99, 0xA6, 0x48, 0x46, 0x79, 0x94, 0x85, 0x25, 0x88, 0xE6,
    0xD6, 0xA7, 0x27, 0x5F, 0x81, 0xF5, 0x46, 0xB3, 0xA8, 0xEE, 0x79, 0x76, 0x4C, 0xAC, 0x78, 0xC1,
    0x5C, 0xFC, 0x02, 0x9A, 0xE9, 0x7C, 0xAC, 0x58, 0x0A, 0x6C, 0x24, 0x3C, 0x65, 0xBE, 0xF9, 0x6C,
    0xCD, 0xB4, 0x20, 0x85, 0xD6, 0x11, 0xF5, 0x05, 0xAA, 0x7C, 0x10, 0x03, 0xC7, 0x28, 0x9A, 0x66,
    0x0E, 0x2F, 0x95, 0x33, 0xAA, 0x66, 0x54, 0xCC, 0x28, 0x5C, 0x2A, 0x65, 0x54, 0xC9, 0xA8, 0x90,
    0x51, 0xB4, 0x54, 0xC6, 0x58, 0x15, 0xA3, 0x22, 0x46, 0xC1, 0x52, 0x09, 0xA3, 0x0A, 0x46, 0x05,
    0x8C, 0x62, 0xA5, 0xF2, 0x45, 0xD5, 0x8B, 0x8A, 0x97, 0xE3, 0x42, 0x06, 0x7D, 0x5A, 0x17, 0x2D,
    0x42, 0x75, 0x33, 0xCA, 0xAF, 0x5C, 0x08, 0x7C, 0xDA, 0xAC, 0xC9, 0x0C, 0x11, 0x87, 0xFE, 0x4A,
    0x46, 0x35, 0xAE, 0x8F, 0x38, 0x1C, 0xB0, 0xCF, 0x99, 0xCA, 0x4C, 0x60, 0xB9, 0x10, 0xDA, 0xA0,
    0x1F, 0x69, 0x07, 0xD3, 0xA5, 0xC6, 0xC6, 0x9F, 0x7E, 0x29, 0xDE, 0x13, 0xB6, 0x4B, 0x79, 0x0D,
    0x02, 0xFA, 0xED, 0x7B, 0x53, 0x33, 0x1F, 0x3F, 0x8C, 0x79, 0xD5, 0x68, 0xF4, 0x30, 0xA3, 0x6C,
    0x31, 0x29, 0x74, 0x5B, 0x52, 0x43, 0xE6, 0xB5, 0x4F, 0xA7, 0x78, 0x93, 0x14, 0xD0, 0xF9, 0x5E,
    0x26, 0x51, 0xD6, 0x60, 0xBA, 0x9B, 0x2B, 0x30, 0xB4, 0x0F, 0x18, 0xEC, 0x0A, 0x84, 0x70, 0x19,
    0xBE, 0x2C, 0x08, 0xD6, 0x22, 0x2C, 0xC4, 0xEB, 0x40, 0xEC, 0xA7, 0xB0, 0x3F, 0x9F, 0xB9, 0xC5,
    0xB2, 0x95, 0xC5, 0x6C, 0xD2, 0x65, 0x93, 0xBE, 0x25, 0x1A, 0x10, 0x5E, 0xA7, 0x37, 0x10, 0xB3,
    0x7C, 0xF4, 0xF6, 0xDF, 0x54, 0x66, 0x24, 0x43, 0xE0, 0x0A, 0x3A, 0xFD, 0xCA, 0xEA, 0x08, 0x19,
    0x15, 0xEC, 0x55, 0xEF, 0xF8, 0x53, 0x13, 0xFE, 0x53, 0x11, 0xA6, 0x4D, 0x98, 0x6D, 0x04, 0x79,
    0x7C, 0xA5, 0x1C, 0xDD, 0x7A, 0x34, 0x35, 0xE3, 0x02, 0x9D, 0x51, 0xC3, 0x99, 0x7C, 0x6A, 0x3E,
    0x88, 0x3F, 0xAE, 0x3C, 0x31, 0xB8, 0xD8, 0x92, 0x94, 0x90, 0xB7, 0x5C, 0x05, 0x7F, 0x9E, 0xA1,
    0x5E, 0x3D, 0x38, 0x71, 0xBB, 0x50, 0x14, 0x3B, 0xCE, 0x6D, 0xDE, 0xDF, 0x39, 0xB1, 0x10, 0x7D,
    0x87, 0x2E, 0x6C, 0x59, 0xBE, 0x8F, 0xA4, 0x87, 0xCC, 0x9C, 0xCD, 0x86, 0x7C, 0xD8, 0x69, 0x53,
    0xEF, 0xBF, 0x2A, 0xAF, 0xD8, 0xF0, 0xCA, 0xF0, 0x1D, 0x11, 0x1A, 0x4D, 0x54, 0x6E, 0x8F, 0xD2,
    0xB8, 0xB6, 0xF0, 0xC8, 0x68, 0xBF, 0x9A, 0xA4, 0xAF, 0x04, 0xF5, 0x4D, 0x23, 0x73, 0x0A, 0x1A,
    0x55, 0x31, 0x68, 0x74, 0xF4, 0x09, 0x2C, 0xED, 0x5E, 0xCB, 0x4E, 0xB6, 0x16, 0x59, 0x7C, 0x3C,
    0x02, 0xEB, 0x47, 0x11, 0x90, 0x04, 0x45, 0x10, 0xD8, 0x24, 0x02, 0x25, 0x11, 0x28, 0x9E, 0x0D,
    0x02, 0x4E, 0xF9, 0x65, 0x69, 0xB1, 0x30, 0xE3, 0x3B, 0x92, 0x70, 0xD5, 0xE6, 0x9C, 0xB8, 0xB8,
    0x9D, 0x57, 0xFA, 0xD1, 0x0A, 0x49, 0xCC, 0xA3, 0x7D, 0x91, 0x12, 0x8D, 0x69, 0xBC, 0x52, 0x68,
    0x92, 0x6E, 0xF8, 0x8D, 0x23, 0x3C, 0x09, 0xA6, 0xDA, 0xE1, 0x84, 0x23, 0xCC, 0xC3, 0x62, 0xD9,
    0x08, 0x55, 0xC4, 0xA3, 0x99, 0x81, 0x2B, 0x41, 0xDD, 0x87, 0x09, 0x93, 0xBC, 0x0B, 0xBA, 0x78,
    0x2D, 0x53, 0xB8, 0x8D, 0x98, 0x6D, 0x67, 0xE7, 0x8F, 0x3A, 0x1F, 0x77, 0x77, 0x77, 0xF7, 0xDF,
    0x24, 0x36, 0xB7, 0x0C, 0xE8, 0xD2, 0x30, 0xDC, 0x81, 0x8C, 0xE8, 0x82, 0x06, 0x97, 0xCB, 0x2A,
    0x10, 0x91, 0x86, 0xE4, 0x8E, 0xCC, 0x52, 0xA6, 0xB9, 0x6A, 0x3A, 0x88, 0x80, 0x08, 0x9D, 0x16,
    0xDD, 0xB3, 0x57, 0x3B, 0xF6, 0x5E, 0xCA, 0x21, 0x20, 0x7F, 0x70, 0x49, 0x29, 0x4D, 0xA7, 0x3A,
    0xA0, 0xE0, 0xE5, 0xCF, 0x51, 0xBD, 0x02, 0xE0, 0x44, 0x73, 0x29, 0x62, 0x65, 0xA2, 0x5F, 0xBF,
    0x7D, 0x55, 0x68, 0x2E, 0x63, 0xB1, 0x9E, 0x68, 0x53, 0x7F, 0x7D, 0xBB, 0xCF, 0xF9, 0x11, 0x28,
    0xA6, 0x18, 0x5B, 0xFB, 0x3D, 0x0C, 0xA6, 0xEA, 0xF2, 0x27, 0x26, 0xFC, 0x2B, 0xE6, 0xEB, 0x8B,
    0x92, 0x17, 0x68, 0x6C, 0x5C, 0x93, 0xCB, 0x6B, 0x08, 0x47, 0x1B, 0xE8, 0x22, 0xC6, 0xAC, 0xC2,
    0x5B, 0xD2, 0xBE, 0xFF, 0x00, 0x2E, 0xAB, 0x4D, 0x8D, 0x2D, 0x4D, 0x70, 0x31, 0xC5, 0xAF, 0x63,
    0x26, 0xAE, 0x2C, 0xF7, 0xF8, 0x0D, 0xEA, 0x1C, 0x0C, 0x7D, 0x9C, 0xCD, 0xA9, 0x2E, 0x2D, 0x7B,
    0x04, 0xAF, 0xFF, 0x0B, 0xE6, 0xF7, 0x5D, 0xBE, 0x1A, 0x33, 0xA7, 0xBC, 0x1D, 0x62, 0x81, 0x33,
    0x77, 0x11, 0x5A, 0x67, 0xAC, 0xEC, 0x33, 0x96, 0x7D, 0x37, 0x3A, 0x5C, 0xC9, 0x3B, 0xA1, 0xCA,
    0xCA, 0x45, 0x40, 0xB2, 0xD7, 0x81, 0xEA, 0x3D, 0xC1, 0xF2, 0x22, 0xF2, 0x2E, 0xFE, 0x3C, 0xDE,
    0x99, 0xCF, 0xE5, 0x5D, 0xA0, 0xBA, 0xCB, 0xA9, 0xBE, 0xC4, 0x5C, 0x7F, 0x4D, 0x62, 0x9E, 0xA4,
    0xFA, 0xC1, 0xBB, 0x39, 0x24, 0xFF, 0xC5, 0x01, 0x3A, 0x89, 0x83, 0x82, 0x99, 0xF0, 0x4F, 0x6C,
    0x30, 0xDB, 0x77, 0x6B, 0x01, 0x0B, 0xF4, 0x13, 0x23, 0x04, 0x13, 0x12, 0x65, 0x9F, 0x58, 0xA1,
    0x3B, 0x8D, 0x08, 0x4F, 0x47, 0x3E, 0xCD, 0xEF, 0xD5, 0xDF, 0x99, 0x6B, 0x79, 0xEF, 0x91, 0xBC,
    0x86, 0x89, 0x46, 0xFB, 0xD3, 0x81, 0x87, 0x17, 0xA0, 0x76, 0x8E, 0xA3, 0xE1, 0xD9, 0x96, 0xF3,
    0x56, 0xB0, 0x24, 0xA6, 0x61, 0xFA, 0x8A, 0x16, 0x1C, 0x40, 0x6A, 0xE1, 0x12, 0x1B, 0x0C, 0x06,
    0x12, 0x26, 0x64, 0x9A, 0x02, 0x26, 0x38, 0xDC, 0xE8, 0x39, 0x28, 0x71, 0x67, 0xB3, 0x87, 0xCC,
    0xAB, 0xE6, 0x30, 0x03, 0x14, 0x9B, 0x1D, 0x68, 0x68, 0x39, 0xEF, 0x18, 0x38, 0xFA, 0x87, 0xB7,
    0xE5, 0x91, 0x1E, 0x36, 0xA3, 0x49, 0xB0, 0x43, 0xE3, 0x01, 0x9B, 0x82, 0x49, 0x9F, 0xCB, 0xAF,
    0x83, 0x92, 0xF0, 0xCD, 0xEF, 0x67, 0xC6, 0xFD, 0x6D, 0x6E, 0x4B, 0x4F, 0x4C, 0xE4, 0x8F, 0x10,
    0x11, 0x26, 0xAD, 0x3C, 0xAC, 0x45, 0x80, 0x03, 0x56, 0x03, 0xBB, 0x56, 0x1A, 0x46, 0x3F, 0x94,
    0x17, 0xE2, 0xBA, 0x5B, 0x55, 0x7B, 0x39, 0x85, 0xC6, 0xC5, 0x29, 0xC0, 0xC2, 0x95, 0x84, 0xAE,
    0x35, 0x09, 0xBF, 0x84, 0x6B, 0xA7, 0x62, 0x31, 0x6B, 0x1A, 0x24, 0xD3, 0xC1, 0xF4, 0x63, 0x8E,
    0xAF, 0x61, 0x16, 0x90, 0x3A, 0x27, 0x8E, 0x83, 0xBD, 0x10, 0xF3, 0xDA, 0x7A, 0xD0, 0x61, 0xDF,
    0x52, 0x65, 0xED, 0x4B, 0xC6, 0xFE, 0xAA, 0x2C, 0xC5, 0x8A, 0x4E, 0x88, 0xB0, 0x01, 0x35, 0x01,
    0x0D, 0x98, 0x01, 0x32, 0x20, 0x06, 0xC0, 0xE2, 0x5A, 0x07, 0x90, 0x58, 0xB0, 0x80, 0x15, 0xA0,
    0x02, 0x52, 0x16, 0x28, 0x25, 0x22, 0x2B, 0xAF, 0xCA, 0x3A, 0xA7, 0xF4, 0xD3, 0x63, 0x38, 0x77,
    0xC2, 0xB0, 0x79, 0xA2, 0x78, 0x80, 0xFF, 0x93, 0x3C, 0x1D, 0x4C, 0x13, 0x8F, 0x27, 0x34, 0x9B,
    0xCB, 0xD2, 0x05, 0x29, 0x09, 0x9B, 0x00, 0x4A, 0x7C, 0x1C, 0x70, 0x92, 0xB8, 0x29, 0x30, 0xC1,
    0xB9, 0xA9, 0xBD, 0x02, 0x24, 0x78, 0x35, 0x60, 0x24, 0xB3, 0x75, 0x67, 0xF3, 0x12, 0x0F, 0xCA,
    0xAE, 0x35, 0x73, 0xEA, 0x02, 0xD2, 0x82, 0x44, 0xBF, 0xA9, 0x34, 0x5F, 0x2A, 0xFB, 0xF2, 0xBA,
    0xBB, 0xFB, 0xAF, 0x06, 0x8A, 0x85, 0x53, 0x1C, 0xD9, 0xB2, 0x33, 0xEA, 0xA9, 0x13, 0x75, 0xEC,
    0x78, 0x15, 0x5A, 0x94, 0x35, 0xB2, 0x42, 0x3D, 0x3F, 0x24, 0x3C, 0x6A, 0x1B, 0xDD, 0x2B, 0x87,
    0xC3, 0x6B, 0xAE, 0x2D, 0x0B, 0x8C, 0xE0, 0x86, 0xBD, 0x02, 0xBD, 0x2E, 0x4D, 0xD9, 0xE7, 0x3A,
    0xA6, 0xBD, 0xDC, 0x2D, 0x58, 0x9C, 0x8A, 0x32, 0xF0, 0xC7, 0xE6, 0xF4, 0x86, 0x59, 0x39, 0xC0,
    0x9B, 0x62, 0xDB, 0x2E, 0x1D, 0x92, 0x28, 0x6D, 0x89, 0x58, 0xE1, 0x47, 0x69, 0xF4, 0x3F, 0x26,
    0xA9, 0xD9, 0x8F, 0x23, 0x63, 0x74, 0xDA, 0xFB, 0x8B, 0x1D, 0x1E, 0x19, 0xA3, 0xF7, 0xFF, 0x1C,
    0xE3, 0x5C, 0x31, 0x05, 0xB2, 0x18, 0x3F, 0x5A, 0x46, 0xD9, 0xE2, 0x3F, 0x02, 0xA5, 0x53, 0x3F,
    0x26, 0xF0, 0x65, 0xA4, 0xB2, 0x42, 0x32, 0x7C, 0xEF, 0xAD, 0xCC, 0x11, 0x09, 0x8F, 0xD2, 0x5D,
    0x43, 0x9A, 0x25, 0xE0, 0x0D, 0x26, 0xE0, 0x55, 0x85, 0x33, 0x2B, 0x4C, 0x5B, 0x70, 0x14, 0x5D,
    0x06, 0x05, 0x41, 0x2D, 0x19, 0xA9, 0x66, 0xED, 0x67, 0x5B, 0x31, 0x7C, 0xFF, 0xD1, 0xDF, 0xD6,
    0x18, 0x9D, 0x34, 0x89, 0x6C, 0xBB, 0x42, 0x56, 0xEB, 0x55, 0x9C, 0x49, 0x8E, 0x71, 0x27, 0x57,
    0x40, 0x99, 0x43, 0x4C, 0xC7, 0x6D, 0x90, 0x4C, 0x04, 0xF7, 0xE8, 0x5A, 0xDE, 0xC7, 0xE2, 0x4E,
    0xF1, 0x84, 0xF7, 0x29, 0x56, 0x36, 0xBE, 0x03, 0x52, 0xCD, 0x98, 0x9D, 0x56, 0xB4, 0xA2, 0x8C,
    0x08, 0x21, 0xB5, 0x88, 0x72, 0xAD, 0x2D, 0xCA, 0x35, 0x96, 0x91, 0xB1, 0x47, 0x67, 0xFC, 0xE8,
    0xC8, 0xA4, 0x36, 0x86, 0xB4, 0x58, 0xEB, 0x09, 0x3A, 0x4A, 0x50, 0xF1, 0xB3, 0xC6, 0x4C, 0xFC,
    0x22, 0x31, 0x1B, 0x92, 0x30, 0x95, 0x92, 0x24, 0x89, 0x69, 0xC8, 0x28, 0x0E, 0x13, 0x59, 0x26,
    0x49, 0x9A, 0x24, 0x7F, 0xBF, 0x52, 0xF9, 0x55, 0x2C, 0xD8, 0x4E, 0xB7, 0x85, 0x8A, 0xE9, 0xE7,
    0x51, 0xB1, 0xAB, 0x14, 0x39, 0x0A, 0xBE, 0x96, 0xD4, 0xEA, 0x21, 0x0C, 0x0F, 0x7E, 0xF6, 0x44,
    0xC0, 0x73, 0x21, 0x35, 0x9E, 0xAC, 0xD9, 0x9F, 0x57, 0x14, 0xB7, 0x6E, 0x41, 0x35, 0x3E, 0x94,
    0xB1, 0x25, 0xB4, 0x26, 0x57, 0xB3, 0x30, 0xDF, 0x92, 0x5C, 0xA8, 0x3C, 0x30, 0x1B, 0xE2, 0x39,
    0x7E, 0xD5, 0x98, 0xED, 0x24, 0x0D, 0xEE, 0x55, 0x46, 0x80, 0x89, 0x3E, 0x92, 0x04, 0x3D, 0x31,
    0x23, 0xB7, 0x0A, 0xF3, 0xF0, 0xAE, 0x64, 0xB1, 0xF7, 0xF5, 0xBD, 0xE5, 0x9D, 0xDE, 0x1B, 0xB8,
    0x3B, 0x5B, 0x84, 0x83, 0x92, 0x79, 0x9B, 0xFE, 0x01, 0x3E, 0xF3, 0xB8, 0xDD, 0x0E, 0x3B, 0x2A,
    0x67, 0xF6, 0xD7, 0x53, 0x63, 0x41, 0x81, 0x13, 0x81, 0xB9, 0x50, 0x0A, 0xD0, 0x16, 0x2A, 0xD2,
    0x3D, 0x49, 0x71, 0xCB, 0x6D, 0x98, 0x40, 0xC6, 0x59, 0x4C, 0x7C, 0x98, 0x61, 0x24, 0x19, 0x74,
    0x97, 0x57, 0xB3, 0xEC, 0x99, 0xF0, 0xE1, 0xA0, 0xE2, 0x3F, 0x33, 0xFE, 0x43, 0x34, 0x30, 0x34,
    0xB5, 0x1C, 0x05, 0x08, 0x26, 0xE5, 0xD3, 0xEB, 0x90, 0x20, 0x3A, 0x80, 0x81, 0x42, 0x2F, 0x67,
    0x7D, 0xFE, 0x32, 0xE9, 0xB6, 0x70, 0x92, 0x7B, 0xD2, 0x4D, 0xF8, 0x90, 0xE5, 0xC2, 0xAA, 0x13,
    0x74, 0xCF, 0xD9, 0xC2, 0xF4, 0x3C, 0x80, 0x06, 0x10, 0x62, 0x3D, 0xB7, 0x30, 0x7A, 0xE8, 0xBA,
    0x03, 0xD0, 0x42, 0xA0, 0x2C, 0x0D, 0x6B, 0x44, 0x32, 0x19, 0x54, 0x03, 0x2A, 0x43, 0xAF, 0x1E,
    0xC1, 0xB6, 0xB4, 0x6C, 0x0E, 0x7F, 0x5C, 0xC1, 0xD8, 0x01, 0xAD, 0xE9, 0xC0, 0x9D, 0x0E, 0x69,
    0xAD, 0x53, 0x7E, 0x0B, 0xD7, 0x3B, 0x24, 0xF5, 0xA8, 0x61, 0x7D, 0x52, 0x77, 0x00, 0x8A, 0xC5,
    0x61, 0x5C, 0x03, 0x69, 0xA3, 0x5F, 0x5F, 0x2B, 0x98, 0x45, 0x17, 0x8A, 0x2A, 0x96, 0x27, 0xCC,
    0xE9, 0x44, 0x08, 0xE3, 0x54, 0x21, 0x25, 0x62, 0x9F, 0x10, 0x57, 0xB2, 0x6C, 0x46, 0x3C, 0x3F,
    0xC3, 0x8D, 0x90, 0x2C, 0x1B, 0xB3, 0xC4, 0xD1, 0x28, 0x98, 0x84, 0x0B, 0x88, 0xFA, 0x15, 0x72,
    0xFD, 0x91, 0x45, 0x52, 0xAE, 0xC2, 0xD6, 0x10, 0x3D, 0x8A, 0x54, 0xBF, 0x6F, 0xBA, 0xB5, 0x33,
    0x7E, 0xFE, 0x0D, 0xAA, 0xB9, 0xD3, 0x92, 0x52, 0x79, 0x12, 0x1A, 0x36, 0x42, 0x56, 0x70, 0x5F,
    0x18, 0x80, 0x83, 0xE5, 0x08, 0x62, 0x5E, 0x15, 0xA5, 0x62, 0x91, 0x82, 0x44, 0x03, 0xA8, 0xB6,
    0x4D, 0xF4, 0xAE, 0x98, 0x24, 0xCA, 0x18, 0x09, 0xBB, 0x3D, 0xF0, 0x64, 0x55, 0x83, 0x3C, 0x21,
    0x38, 0xC1, 0xA2, 0xB1, 0xEB, 0x3E, 0x8A, 0x16, 0x00, 0x18, 0x13, 0xDC, 0x9D, 0x88, 0xB9, 0xE7,
    0x6B, 0xB8, 0x3E, 0xC4, 0x6A, 0x06, 0x59, 0x75, 0x3C, 0x07, 0x09, 0x95, 0x52, 0x50, 0xB1, 0xC2,
    0xBA, 0xEF, 0x1B, 0x05, 0x4B, 0x67, 0xA1, 0x68, 0xB1, 0x3E, 0x17, 0x67, 0x84, 0xAB, 0x54, 0x02,
    0x72, 0x8B, 0x70, 0xA6, 0x34, 0x7C, 0x9D, 0x80, 0xE5, 0xCA, 0x3F, 0x45, 0x8C, 0x35, 0x0F, 0x6E,
    0xDE, 0xC9, 0xBB, 0x4A, 0x3F, 0xC5, 0x0C, 0xB7, 0x46, 0xC6, 0x82, 0x66, 0xD9, 0x47, 0xD4, 0x06,
    0xB5, 0x44, 0x29, 0x9F, 0x54, 0xBD, 0x98, 0x8B, 0x30, 0x10, 0xD1, 0xEF, 0xDE, 0x6C, 0xC3, 0xEE,
    0xCB, 0x90, 0x86, 0xC0, 0x12, 0x42, 0x6A, 0x41, 0x38, 0xD0, 0x17, 0xC1, 0xC9, 0x19, 0x80, 0xAA,
    0x24, 0x04, 0xAE, 0xE8, 0x77, 0x1B, 0x99, 0x8F, 0xB8, 0x74, 0x72, 0x10, 0xE8, 0xDA, 0xF9, 0x4D,
    0xD4, 0xDB, 0x8F, 0x50, 0xF6, 0xC4, 0x50, 0xA7, 0xAC, 0x0E, 0x5A, 0x98, 0xC3, 0x77, 0x00, 0x21,
    0x93, 0xA8, 0x17, 0xCF, 0x0E, 0xB5, 0xCF, 0xA8, 0x60, 0x67, 0x30, 0xEE, 0xE8, 0x4D, 0xDC, 0xDE,
    0x59, 0x3A, 0x41, 0x0C, 0xB4, 0x43, 0xFF, 0x58, 0x8C, 0x5D, 0xA2, 0x56, 0xBF, 0xFF, 0xB2, 0xB4,
    0xA3, 0x45, 0x09, 0x88, 0xB9, 0xE0, 0x56, 0x35, 0x6C, 0x21, 0x22, 0x19, 0x83, 0xE5, 0x26, 0x0E,
    0x8A, 0x69, 0x1B, 0xA8, 0xA1, 0x65, 0x60, 0xA2, 0x5F, 0x3A, 0xF0, 0x34, 0x87, 0xAC, 0x07, 0x81,
    0x8B, 0x61, 0x8E, 0x3A, 0x9B, 0x74, 0xB9, 0x2F, 0xA3, 0xA0, 0xA9, 0x8E, 0xB5, 0x98, 0xE1, 0xEE,
    0xF4, 0xB5, 0x31, 0x25, 0x9D, 0x26, 0x5C, 0x47, 0x39, 0xC7, 0xD1, 0x29, 0xE3, 0x04, 0x8A, 0x03,
    0x4B, 0x38, 0x44, 0x91, 0x89, 0xF2, 0x8D, 0xF5, 0xEB, 0x82, 0x74, 0x7B, 0x0F, 0xD3, 0x3F, 0x54,
    0xB6, 0x81, 0x25, 0xA1, 0x86, 0x83, 0xAB, 0xE8, 0x63, 0x42, 0xDC, 0x18, 0x0E, 0x92, 0xF7, 0x48,
    0x35, 0xFA, 0x8E, 0x52, 0x99, 0x76, 0x40, 0x9D, 0x33, 0xB1, 0x74, 0x43, 0x04, 0x54, 0x9E, 0x5D,
    0x9B, 0x2D, 0x8A, 0x4C, 0x1B, 0x16, 0xC7, 0x43, 0xB4, 0xB4, 0x95, 0x51, 0x34, 0xD6, 0xA2, 0xE0,
    0xCD, 0x0C, 0x36, 0x48, 0xD7, 0xE6, 0xB3, 0x06, 0x48, 0x5F, 0xA1, 0x08, 0x9C, 0xDC, 0x44, 0x14,
    0x9D, 0x84, 0x51, 0x41, 0xE6, 0x96, 0x78, 0xB7, 0xB0, 0x70, 0x1B, 0xB1, 0x51, 0x59, 0xA5, 0x11,
    0xDC, 0x1A, 0xEA, 0xE0, 0x08, 0xA4, 0x00, 0x36, 0xBE, 0xBF, 0x20, 0x4F, 0xA4, 0x5D, 0x6F, 0x32,
    0x84, 0xD2, 0x97, 0xE7, 0x92, 0x04, 0xDD, 0xA9, 0x17, 0x89, 0x75, 0x93, 0xF8, 0xD9, 0x6D, 0x84,
    0xFD, 0xEE, 0x55, 0x28, 0xE2, 0x02, 0x08, 0x82, 0xE7, 0x87, 0x1C, 0x35, 0xE8, 0x55, 0xCE, 0x87,
    0x8D, 0x5A, 0xC3, 0x46, 0xF6, 0x87, 0x87, 0x8D, 0xE9, 0x7C, 0xD8, 0xA8, 0x69, 0xB7, 0xDB, 0x8F,
    0x87, 0x8D, 0xE6, 0xF1, 0xB0, 0x81, 0x24, 0x1C, 0x8D, 0xE2, 0x27, 0x66, 0x31, 0x34, 0x33, 0xCF,
    0xEB, 0x19, 0x00, 0x8A, 0x07, 0xBF, 0x9D, 0x0A, 0x5D, 0x2A, 0x82, 0x26, 0xE1, 0x33, 0x03, 0x6A,
    0x62, 0x7C, 0x0D, 0x83, 0x82, 0xE4, 0xAF, 0x29, 0x70, 0xC3, 0xAE, 0x7E, 0x5F, 0x05, 0x07, 0x72,
    0xB4, 0x63, 0x85, 0x4E, 0x97, 0xA7, 0x83, 0xE3, 0x92, 0xD6, 0xFF, 0x4B, 0x8B, 0x8B, 0xDE, 0x05,
    0x72, 0x92, 0xA3, 0x4E, 0x69, 0x7B, 0x35, 0x25, 0x64, 0xCC, 0x1D, 0x0F, 0x08, 0x46, 0x6A, 0x0D,
    0x55, 0x91, 0x5A, 0xF0, 0x6F, 0xAC, 0x4F, 0x53, 0xB9, 0xE1, 0x2A, 0x48, 0xC4, 0xC5, 0x82, 0x94,
    0x52, 0x71, 0x28, 0x2E, 0x63, 0xE2, 0x22, 0x19, 0x85, 0x7A, 0x35, 0x8A, 0x8E, 0x94, 0x76, 0x58,
    0x42, 0xEB, 0xA8, 0x13, 0xC1, 0x33, 0xB6, 0x0F, 0x35, 0x45, 0x95, 0x3D, 0x76, 0x57, 0x72, 0x6A,
    0xB7, 0xA0, 0x5C, 0xEE, 0xD9, 0x2C, 0xA5, 0xC6, 0x7F, 0x9A, 0xF0, 0x74, 0x9F, 0xD9, 0x50, 0x5B,
    0xE9, 0xD8, 0x6D, 0x6A, 0x62, 0x75, 0x40, 0xAC, 0x9E, 0xEF, 0xB0, 0xAA, 0x4F, 0x28, 0x56, 0x50,
    0x69, 0x26, 0x44, 0xF1, 0x67, 0x6C, 0x17, 0x16, 0x80, 0x2D, 0x7D, 0x22, 0x11, 0x34, 0x9B, 0x74,
    0x27, 0x22, 0x24, 0xE1, 0x68, 0x53, 0x38, 0x49, 0xF8, 0x78, 0xB8, 0x78, 0x7A, 0x78, 0x38, 0x78,
    0xF8, 0x77, 0x71, 0xEF, 0x05, 0xBC, 0x3B, 0x9D, 0xFB, 0x84, 0x55, 0xED, 0x91, 0x7A, 0x76, 0x38,
    0xF6, 0x85, 0xF0, 0xE9, 0x97, 0x6B, 0xAC, 0xFB, 0xFF, 0x07, 0xAE, 0xAF, 0x8C, 0x0B, 0xB1, 0x39,
    0xCF, 0xA9, 0xBF, 0x18, 0x36, 0x77, 0x63, 0x19, 0x92, 0x59, 0xBA, 0xF9, 0xDF, 0x5C, 0x14, 0x46,
    0x61, 0x96, 0xFC, 0xDF, 0xA4, 0x6E, 0xFA, 0xCF, 0x4F, 0x97, 0x54, 0xFE, 0x3C, 0x14, 0x27, 0x9D,
    0x3A, 0xF3, 0x1F, 0xF5, 0xA2, 0x71, 0x3E, 0xE7, 0x3B, 0xC2, 0x2E, 0x7A, 0xE3, 0x18, 0xD6, 0xD3,
    0x37, 0x3E, 0xCA, 0xD4, 0xD6, 0x6E, 0xC9, 0xF8, 0x2A, 0x0F, 0xA6, 0xC6, 0x6D, 0x4B, 0x24, 0x8A,
    0xAE, 0xE6, 0x8E, 0xEB, 0x9A, 0xDF, 0xA6, 0x9C, 0xE7, 0x26, 0x93, 0xDC, 0x40, 0x5D, 0x43, 0xC9,
    0x98, 0x73, 0x9E, 0x63, 0xC5, 0x36, 0x64, 0x0A, 0x65, 0x4B, 0x4A, 0xCC, 0x3F, 0x1C, 0xEA, 0xC3,
    0x05, 0x53, 0xE2, 0x73, 0xDD, 0xC3, 0x68, 0x79, 0xAD, 0x3B, 0xF2, 0x22, 0x53, 0x96, 0xCE, 0x80,
    0xBA, 0x64, 0x37, 0xC1, 0xD4, 0x41, 0xB2, 0x1C, 0xB7, 0xCC, 0xD0, 0xE2, 0xA3, 0xE1, 0xAF, 0xDF,
    0x32, 0xD2, 0x5D, 0x24, 0x6F, 0x32, 0x77, 0x18, 0x41, 0xE6, 0xFD, 0x67, 0x22, 0xE9, 0xA3, 0x6C,
    0x2C, 0x52, 0xE3, 0x7A, 0xE3, 0x55, 0x17, 0x0F, 0x0C, 0x12, 0x89, 0x03, 0x58, 0x98, 0x50, 0x01,
    0x84, 0x0D, 0x4B, 0x07, 0x84, 0x9E, 0x78, 0x12, 0xC2, 0xBD, 0x8D, 0x17, 0xA3, 0x3B, 0x6F, 0xFD,
    0xC0, 0x6B, 0xDF, 0x9C, 0x9A, 0xC3, 0xBF, 0x6C, 0x16, 0xF7, 0x87, 0xA0, 0x96, 0x58, 0xA2, 0xBB,
    0xBD, 0x98, 0x31, 0x68, 0xDC, 0x5B, 0x70, 0xED, 0x7A, 0x28, 0x8E, 0x47, 0x8E, 0xE6, 0xC4, 0x03,
    0xA0, 0x74, 0xDA, 0xD2, 0x47, 0x69, 0xF8, 0x3E, 0x27, 0xBC, 0xAA, 0x50, 0x66, 0x4F, 0x82, 0xF2,
    0xB4, 0x96, 0x14, 0x72, 0x8A, 0x8B, 0x63, 0xA0, 0xEC, 0x1F, 0x56, 0x28, 0x9D, 0xDF, 0x03, 0xCA,
    0xF1, 0xE3, 0x50, 0x82, 0x53, 0x50, 0x54, 0xCE, 0x58, 0x6B, 0x24, 0xDC, 0x34, 0x77, 0xAA, 0x4E,
    0x0F, 0x59, 0xBE, 0x15, 0xCB, 0x59, 0x54, 0xFB, 0x65, 0x2C, 0x29, 0xEA, 0xF9, 0x0D, 0x33, 0x79,
    0x21, 0x4E, 0x37, 0xA0, 0x05, 0x53, 0xBF, 0x14, 0x99, 0x5D, 0x11, 0xC1, 0xC6, 0x6C, 0x91, 0xF1,
    0x0F, 0xE5, 0x8B, 0x9F, 0xBD, 0xF3, 0xC6, 0xA7, 0xBF, 0x78, 0x90, 0xB5, 0x3F, 0x6F, 0xD3, 0x78,
    0x47, 0x0F, 0xF0, 0xBD, 0xAC, 0xCD, 0x85, 0x76, 0xE7, 0x57, 0x75, 0x83, 0x9F, 0x11, 0x5C, 0xA7,
    0xAF, 0xE1, 0x5B, 0xF5, 0xE2, 0x54, 0x7E, 0x5B, 0x0B, 0xAD, 0x4B, 0xEE, 0xFD, 0xAE, 0xEA, 0x6B,
    0x67, 0x4C, 0xC7, 0x3D, 0x4C, 0xD5, 0xD1, 0xFD, 0x58, 0x54, 0xCE, 0x94, 0x6A, 0x16, 0x06, 0x8A,
    0xA5, 0xC0, 0x74, 0xD8, 0xD2, 0x42, 0x54, 0xB6, 0xA3, 0x26, 0xAB, 0x50, 0xB2, 0x2E, 0x73, 0x5A,
    0xC3, 0x9A, 0x6F, 0x3A, 0x12, 0xB2, 0xB9, 0x42, 0x0B, 0x35, 0x7B, 0xDA, 0xCE, 0x87, 0xA6, 0x03,
    0xCF, 0xC4, 0xF5, 0x52, 0xA3, 0xBB, 0x3D, 0xB5, 0x6E, 0x4D, 0x77, 0xF0, 0x24, 0x45, 0x67, 0xA6,
    0xDC, 0x59, 0x0E, 0x53, 0xDD, 0x98, 0xEF, 0xA5, 0x0F, 0xEB, 0x6B, 0xC2, 0x52, 0xB1, 0xC2, 0xDA,
    0x8C, 0x85, 0x8E, 0xE6, 0x27, 0x92, 0x09, 0x99, 0x1F, 0x09, 0x21, 0xCD, 0xCA, 0x01, 0x42, 0x3E,
    0x28, 0x49, 0x4E, 0x1A, 0x08, 0x2E, 0x64, 0x0A, 0xE2, 0xAB, 0xE9, 0x67, 0xC1, 0x4B, 0x12, 0xD3,
    0x44, 0x77, 0xAE, 0xFE, 0xC0, 0x90, 0x9A, 0x3D, 0x37, 0xA7, 0xF3, 0x0A, 0x90, 0x4B, 0x76, 0x5D,
    0x4B, 0xCA, 0xC9, 0xC2, 0x17, 0x7E, 0x11, 0x89, 0xEF, 0xC7, 0x0F, 0x56, 0x78, 0xEF, 0x49, 0x18,
    0x34, 0x8A, 0x81, 0x32, 0xAA, 0x83, 0x0B, 0xD3, 0x5A, 0xD5, 0x47, 0xCF, 0x98, 0x8E, 0x81, 0x1D,
    0xFA, 0x33, 0x7D, 0x14, 0xE8, 0xAF, 0x1D, 0x45, 0x9F, 0x11, 0x85, 0xB1, 0x86, 0xAD, 0x5A, 0x1E,
    0x0A, 0x47, 0x28, 0x1E, 0xC6, 0xC5, 0xD9, 0x52, 0x8B, 0xEA, 0x85, 0x99, 0xA3, 0xA2, 0xD6, 0x23,
    0x47, 0x83, 0x29, 0xD9, 0xA3, 0x9E, 0x2F, 0xA2, 0xAD, 0x01, 0x4B, 0xF3, 0x0C, 0xB0, 0xEC, 0x8C,
    0xD4, 0x62, 0x3A, 0xCE, 0x7B, 0x4C, 0x19, 0xA8, 0x44, 0x40, 0x53, 0x9D, 0xD9, 0x32, 0x7F, 0x77,
    0x3C, 0xF0, 0xA6, 0x1A, 0x75, 0x43, 0xE1, 0x1B, 0xE8, 0x04, 0xC0, 0xB9, 0xE9, 0x02, 0xE7, 0xD4,
    0xD6, 0x3B, 0x10, 0x8F, 0x70, 0xCE, 0xE2, 0x8D, 0x25, 0x1B, 0x40, 0x3C, 0x9E, 0xED, 0x63, 0x65,
    0xBB, 0x1A, 0x38, 0x3D, 0xC0, 0xAA, 0xB6, 0x73, 0x49, 0xCB, 0x58, 0xB0, 0x24, 0xEB, 0x2E, 0xCD,
    0xB8, 0x9D, 0xEA, 0xDE, 0xE4, 0xFD, 0x39, 0x2E, 0x70, 0x37, 0x97, 0x76, 0xAE, 0x86, 0x6E, 0x94,
    0x99, 0x12, 0x21, 0xDD, 0x1D, 0x77, 0x48, 0x56, 0xB7, 0xC4, 0x3A, 0x43, 0xEC, 0xC8, 0x48, 0xCC,
    0xBA, 0x34, 0x91, 0x2F, 0x5E, 0xD9, 0x16, 0x2B, 0x7A, 0x2E, 0x4E, 0xB7, 0x99, 0xFF, 0x89, 0xEE,
    0x2B, 0xB9, 0x5F, 0xAA, 0xA0, 0xCA, 0x18, 0x61, 0xF7, 0x34, 0x7C, 0x5A, 0x7E, 0xEA, 0x7F, 0x7A,
    0xF7, 0x41, 0x66, 0x60, 0xFB, 0xA6, 0x33, 0xFE, 0xDE, 0x8D, 0x6C, 0xEA, 0x41, 0x4C, 0x6A, 0x16,
    0x2F, 0x9C, 0x60, 0xCC, 0x6E, 0xB6, 0xFF, 0xC5, 0xB5, 0xFE, 0x4B, 0x1E, 0xBE, 0xFC, 0x69, 0x6E,
    0x0F, 0x09, 0x07, 0x38, 0x1A, 0xE8, 0x5D, 0xA9, 0x45, 0xD8, 0xE4, 0x6B, 0xCF, 0x9C, 0xB1, 0x7A,
    0x18, 0xFB, 0x8B, 0x4B, 0xCA, 0x85, 0x8F, 0xCD, 0x24, 0x6D, 0x04, 0x37, 0xED, 0xFC, 0xB1, 0x42,
    0x63, 0x6B, 0x28, 0xE6, 0x19, 0x7B, 0xD4, 0xF9, 0x80, 0xAF, 0xF5, 0x11, 0x86, 0xFC, 0x2E, 0xE6,
    0xCF, 0x06, 0xB4, 0x43, 0xDE, 0x58, 0x5B, 0x78, 0x6B, 0x77, 0x37, 0x75, 0x77, 0x7F, 0x24, 0x49,
    0xB7, 0x7F, 0x1F, 0x3D, 0xDD, 0x00, 0x7E, 0x67, 0x00, 0xBF, 0x97, 0x03, 0x43, 0x9E, 0x2F, 0x58,
    0x05, 0x46, 0xD8, 0x5D, 0x1C, 0x61, 0x77, 0xDA, 0xAB, 0xB0, 0x9D, 0x18, 0x7F, 0xAF, 0x2F, 0xC4,
    0x68, 0x11, 0x6C, 0xDA, 0x25, 0xF0, 0x46, 0xCF, 0x0D, 0x0F, 0xC7, 0xD1, 0xAD, 0x73, 0x2C, 0xFB,
    0xA7, 0x78, 0x34, 0x2A, 0xB1, 0xA7, 0x7E, 0x58, 0xDB, 0x4F, 0x7A, 0x3B, 0xD6, 0xA3, 0xC7, 0xFD,
    0x49, 0xB3, 0x1E, 0x67, 0xF1, 0x6A, 0x23, 0x14, 0x41, 0x5A, 0x51, 0x81, 0xE7, 0x90, 0x54, 0x7D,
    0x5F, 0x80, 0xF3, 0xC4, 0xA8, 0xD3, 0xE7, 0xC2, 0x1C, 0xDB, 0x8E, 0xD8, 0x68, 0x9F, 0x88, 0xC7,
    0x73, 0x2B, 0xF9, 0xCF, 0xFF, 0x18, 0xBB, 0xF3, 0x6F, 0xA2, 0x3A, 0x8E, 0x03, 0x94, 0xFF, 0x97,
    0xD9, 0x35, 0x62, 0xF5, 0x2C, 0xD6, 0xF3, 0xCC, 0xB6, 0x0B, 0xEC, 0xAB, 0xC8, 0x5C, 0x9D, 0xA9,
    0x28, 0x20, 0x1F, 0x63, 0x62, 0x3D, 0xE0, 0xDB, 0xBB, 0xA9, 0xB3, 0xFB, 0x8F, 0x62, 0x30, 0x67,
    0x9B, 0xA0, 0x83, 0x25, 0x04, 0x8D, 0x14, 0x96, 0x3D, 0x0B, 0x4B, 0xC8, 0xFD, 0x33, 0x0B, 0xCB,
    0xE5, 0xA7, 0x09, 0x4B, 0xFF, 0xD9, 0x1F, 0xEA, 0x8C, 0xED, 0x9C, 0x5E, 0x3B, 0x0E, 0x91, 0x7A,
    0x11, 0x11, 0x33, 0x8F, 0x48, 0x50, 0xFC, 0x81, 0x88, 0xDC, 0x16, 0x44, 0x82, 0x5A, 0x10, 0x89,
    0x0B, 0x41, 0xE4, 0xD5, 0xC5, 0xC2, 0xA7, 0x6A, 0x47, 0x65, 0x3F, 0x4F, 0xD8, 0xC4, 0xFD, 0x96,
    0xF0, 0x89, 0x20, 0x15, 0xAB, 0x46, 0x8C, 0xCC, 0xDC, 0x45, 0xE6, 0xD1, 0x33, 0x6A, 0x9C, 0xDB,
    0x9D, 0xA1, 0x0C, 0x65, 0x21, 0x3F, 0x77, 0x5A, 0x54, 0xDE, 0x26, 0x02, 0xE1, 0xDF, 0xD7, 0x6E,
    0xE5, 0xBE, 0x21, 0x91, 0xE2, 0x54, 0x94, 0xBD, 0x66, 0x56, 0x78, 0x2C, 0x7D, 0x22, 0x7A, 0xCF,
    0xAB, 0x2E, 0x01, 0x79, 0x6C, 0x61, 0xBC, 0x21, 0xCD, 0x6C, 0xE1, 0xBC, 0x47, 0x83, 0x02, 0xE1,
    0x7F, 0x77, 0x43, 0xE5, 0xC8, 0xF6, 0x8D, 0xBA, 0x22, 0x3D, 0xBC, 0x23, 0xB7, 0x51, 0x3E, 0xF5,
    0x3F, 0xC3, 0x6B, 0xED, 0x70, 0x24, 0x90, 0xA7, 0x73, 0xFC, 0x19, 0x8E, 0xB7, 0xDC, 0xC5, 0xED,
    0x2F, 0x07, 0x0B, 0xA5, 0xF4, 0xB1, 0xE4, 0xD8, 0x38, 0xAB, 0x29, 0xA3, 0xF6, 0x29, 0x8F, 0x12,
    0x1C, 0x0E, 0x10, 0x6D, 0x22, 0x8B, 0xD3, 0x81, 0xB7, 0x7E, 0x04, 0xBC, 0xEB, 0x03, 0x78, 0xD9,
    0x1F, 0x0D, 0x9E, 0x93, 0x5F, 0x94, 0x41, 0x22, 0x3C, 0xE0, 0x40, 0x89, 0x8F, 0xE8, 0xB0, 0x86,
    0x20, 0x94, 0xDF, 0xF8, 0x53, 0x5A, 0xE4, 0xEF, 0x00, 0x8D, 0x93, 0xB1, 0x6E, 0x14, 0x31, 0x10,
    0x86, 0xFF, 0xF5, 0x28, 0xAC, 0x90, 0xA5, 0x33, 0x05, 0x05, 0x12, 0x42, 0xCB, 0x03, 0xE4, 0xCE,
    0x0D, 0x45, 0x90, 0x72, 0xBB, 0x2B, 0x9E, 0x80, 0x9A, 0x77, 0x40, 0x34, 0x29, 0x52, 0xEC, 0x25,
    0x3E, 0x51, 0x50, 0x72, 0x6F, 0x40, 0x4D, 0x47, 0x71, 0xE5, 0x1D, 0x67, 0x29, 0x2F, 0x60, 0xC1,
    0x0B, 0xB8, 0xA7, 0xC0, 0x8A, 0xB6, 0x58, 0x29, 0xB7, 0x67, 0xC6, 0xBB, 0x01, 0x29, 0x12, 0x44,
    0x6C, 0xF1, 0x6B, 0x64, 0x7B, 0x66, 0xBE, 0xF9, 0xED, 0x05, 0x54, 0xFC, 0x1E, 0x03, 0x80, 0x3C,
    0xC6, 0x03, 0x7E, 0x7F, 0x97, 0x31, 0xC6, 0xFD, 0x18, 0x3E, 0xCE, 0xDD, 0x5A, 0xD6, 0x8D, 0x08,
    0xAA, 0xAD, 0x5C, 0x09, 0x74, 0xD4, 0x53, 0x8F, 0x0D, 0x1A, 0x04, 0xB2, 0x33, 0x3C, 0x87, 0x08,
    0x85, 0xDF, 0x99, 0x0B, 0x84, 0xDC, 0xAC, 0x0B, 0xAC, 0x38, 0x23, 0x33, 0x8B, 0x21, 0x29, 0xE5,
    0x91, 0xD5, 0xA2, 0x55, 0xED, 0xEE, 0x7D, 0xAF, 0x5D, 0x49, 0x9E, 0xF3, 0xA5, 0xA9, 0xBE, 0x71,
    0x89, 0xCA, 0x49, 0xBB, 0x45, 0x93, 0x5B, 0x85, 0x35, 0xD9, 0xA9, 0xF0, 0x5C, 0x4B, 0x80, 0xAB,
    0xE9, 0xEC, 0x50, 0x84, 0xDD, 0x87, 0x7D, 0xEE, 0x4B, 0x04, 0x55, 0x9F, 0x73, 0xD9, 0x7C, 0x19,
    0x8A, 0x7A, 0x75, 0xC4, 0x34, 0x25, 0xC8, 0xE2, 0x44, 0xDC, 0x6C, 0xAB, 0x68, 0x27, 0xC8, 0x1C,
    0xE6, 0x69, 0xE1, 0x1C, 0x39, 0xF0, 0x7A, 0xC0, 0x2D, 0x80, 0x33, 0x08, 0x4B, 0x3F, 0xF7, 0xC5,
    0x8D, 0x17, 0x16, 0x0A, 0x0F, 0x5F, 0xAE, 0x76, 0xF1, 0xD5, 0x9B, 0x27, 0x38, 0x81, 0xF0, 0x78,
    0xC0, 0x93, 0x76, 0x59, 0x0C, 0x55, 0xBC, 0x8A, 0xFB, 0x41, 0x8A, 0x58, 0x5F, 0x1A, 0x8D, 0x8D,
    0xB8, 0x3E, 0xC8, 0x4E, 0xFF, 0xE8, 0xB4, 0xDF, 0x7D, 0x34, 0x25, 0xBA, 0x3F, 0x66, 0x40, 0xB6,
    0xC0, 0x24, 0x05, 0x8B, 0x06, 0x5C, 0x85, 0xBF, 0x76, 0x06, 0x24, 0xD3, 0x88, 0xA9, 0xB9, 0x3F,
    0xD7, 0x64, 0x2B, 0x54, 0xDA, 0x51, 0x9C, 0x7A, 0x3C, 0x04, 0xF5, 0x1C, 0x5F, 0x46, 0xA2, 0x46,
    0xD8, 0x31, 0xE8, 0xE4, 0xC8, 0x98, 0x85, 0xE9, 0x18, 0x90, 0x3F, 0xCB, 0x3B, 0x3C, 0xF5, 0x4A,
    0x2D, 0x5D, 0xF9, 0x16, 0xDB, 0x26, 0xEF, 0xF3, 0xBA, 0xE3, 0xFD, 0x53, 0xE0, 0x19, 0x5B, 0x4E,
    0x6E, 0xCE, 0x1D, 0xC9, 0x15, 0xCA, 0x72, 0xE0, 0xA5, 0xD5, 0xA9, 0x2C, 0x19, 0xEE, 0xA2, 0xF9,
    0x06, 0x26, 0xA9, 0xCB, 0x0C, 0x7B, 0x9C, 0x72, 0xF3, 0x4D, 0x89, 0x96, 0xA1, 0x14, 0xDA, 0xB9,
    0xE0, 0xAB, 0x81, 0x22, 0x3F, 0xCD, 0x2D, 0x77, 0x94, 0x9F, 0x8C, 0x7A, 0x97, 0xA0, 0x44, 0xCF,
    0xB3, 0x03, 0x9F, 0xB3, 0x3D, 0xB5, 0x14, 0xA4, 0x55, 0x75, 0xC1, 0xCB, 0x2F, 0x80, 0x5E, 0x5B,
    0x7D, 0x15, 0x28, 0x7C, 0xC5, 0x42, 0x59, 0xB5, 0x0C, 0x60, 0xBE, 0x63, 0x32, 0x54, 0x0F, 0x03,
    0x20, 0xB3, 0x98, 0x82, 0x1C, 0x2E, 0x20, 0x3D, 0x22, 0x54, 0x40, 0x65, 0x50, 0x81, 0x01, 0x92,
    0x4B, 0x21, 0xED, 0x67, 0xC3, 0xC1, 0x3C, 0xD9, 0xC3, 0x07, 0x35, 0xB2, 0x0E, 0xCA, 0xF1, 0x59,
    0x6D, 0xA5, 0xE7, 0x78, 0xC1, 0xC3, 0x93, 0xC1, 0xA3, 0x5B, 0x43, 0x8F, 0x46, 0x5B, 0xEB, 0x21,
    0xE7, 0x7F, 0xD4, 0x24, 0xA5, 0xFB, 0xD5, 0xDE, 0xA7, 0xE2, 0x1F, 0x7A, 0x87, 0xE7, 0x56, 0xD9,
    0x26, 0x66, 0xA3, 0xE8, 0xB8, 0x3B, 0xF1, 0x6F, 0xC0, 0x0C, 0x31, 0xD6, 0xAC, 0x55, 0x74, 0xAC,
    0x2A, 0x86, 0x44, 0x15, 0xDB, 0x44, 0x25, 0xDB, 0xBF, 0xB1, 0xA5, 0x07, 0xC3, 0x97, 0x14, 0xEB,
    0x41, 0x03, 0x33, 0x50, 0xEC, 0x13, 0x09, 0xD7, 0x61, 0xE5, 0xB7, 0xCB, 0xCA, 0x0D, 0x12, 0x9B,
    0x76, 0x77, 0x78, 0x7E, 0x01, 0x01, 0x4B, 0x00, 0xB4, 0xFF, 0x00, 0x2F, 0xC0, 0x07, 0xD7, 0xC0,
    0x3D, 0x0B, 0x83, 0xE0, 0x2E, 0x1F, 0x00, 0xB8, 0xF8, 0x03, 0xE3, 0xD0, 0x0F, 0x5F, 0x00, 0x7C,
    0xBC, 0x03, 0xE2, 0xE0, 0x1F, 0x07, 0xC0, 0xF4, 0x0F, 0x5F, 0x40, 0x0B, 0xE0, 0x00, 0x00, 0x00,
    0xB8, 0x00, 0x02, 0xF4, 0x00, 0x0B, 0xF0, 0x00, 0x1E, 0xF0, 0x00, 0x73, 0xE0, 0x01, 0xC3, 0xC0,
    0x07, 0x07, 0xC0, 0x0D, 0x0B, 0x80, 0x3F, 0xFF, 0xFC, 0x7F, 0xFF, 0xF8, 0x00, 0x2F, 0x00, 0x00,
    0x3D, 0x00, 0x02, 0xFF, 0x40, 0x75, 0x56, 0xBF, 0x8B, 0x1C, 0x55, 0x1C, 0xFF, 0xCC, 0xBC, 0xC4,
    0x81, 0xBC, 0x6C, 0x9E, 0x8D, 0x10, 0x74, 0xE3, 0x34, 0x16, 0x29, 0xF6, 0x32, 0x16, 0x07, 0x39,
    0x70, 0x2F, 0x33, 0xC9, 0x81, 0x85, 0x01, 0xB1, 0x30, 0xA4, 0x08, 0xE2, 0x1F, 0x20, 0x78, 0x07,
    0xA6, 0x50, 0xB8, 0xEC, 0x8E, 0xB1, 0x48, 0x91, 0xC6, 0x42, 0x2B, 0x0B, 0x53, 0xEA, 0x22, 0x64,
    0x0B, 0x85, 0x14, 0x77, 0xB7, 0x93, 0xBB, 0x52, 0x84, 0xA7, 0x07, 0x5A, 0x04, 0xF4, 0x21, 0xDA,
    0x29, 0x4C, 0x64, 0x8B, 0x91, 0xCC, 0xEE, 0xF8, 0xF9, 0xBE, 0xD9, 0xDB, 0x4B, 0x0A, 0x07, 0xEE,
    0xED, 0xCC, 0x9B, 0xEF, 0xFB, 0xFE, 0xF8, 0x7C, 0x3F, 0x9F, 0xEF, 0x1C, 0x80, 0x30, 0x04, 0x97,
    0xFD, 0x82, 0xAB, 0xB3, 0x40, 0x30, 0x1E, 0x03, 0xBA, 0x99, 0x02, 0xC9, 0xBC, 0xE1, 0xF2, 0x66,
    0x6C, 0x91, 0x44, 0xBA, 0x44, 0xBC, 0xB1, 0x91, 0xC1, 0x7C, 0x4C, 0x43, 0x5D, 0x58, 0x0B, 0xE5,
    0x68, 0x18, 0x96, 0xAB, 0xAB, 0x40, 0xDD, 0xEB, 0x01, 0x97, 0x3A, 0x1D, 0x20, 0xBE, 0xAA, 0x79,
    0xF8, 0x60, 0x03, 0x50, 0xFF, 0xEC, 0xE7, 0x7C, 0x63, 0xE9, 0x36, 0x2D, 0x1D, 0x60, 0xCA, 0x2D,
    0x46, 0xA9, 0xD6, 0x18, 0x65, 0xD8, 0x05, 0x1D, 0xCD, 0x83, 0x31, 0xA2, 0xA6, 0x29, 0xA1, 0xEE,
    0x37, 0x0E, 0xC1, 0x7E, 0x43, 0x73, 0x47, 0x43, 0x6C, 0xD1, 0x10, 0xE7, 0xC5, 0xB0, 0xBD, 0xEE,
    0x21, 0x69, 0x9A, 0x39, 0xDD, 0x64, 0x8A, 0x51, 0x4B, 0xF4, 0xE9, 0x01, 0x21, 0xB3, 0x70, 0x60,
    0xD8, 0x19, 0x82, 0x1C, 0xA6, 0xC0, 0x09, 0x04, 0xB5, 0x58, 0x27, 0x74, 0x03, 0x6F, 0x4F, 0x2B,
    0x5E, 0x5A, 0x5C, 0x42, 0x5E, 0x31, 0xD8, 0x54, 0x52, 0x90, 0xE7, 0x54, 0x16, 0xFA, 0xE2, 0x35,
    0x90, 0xC5, 0xD8, 0x23, 0x2B, 0xC4, 0x02, 0x44, 0xD4, 0x1E, 0xF0, 0xB6, 0xD0, 0xDE, 0x59, 0x53,
    0x20, 0x9C, 0xBF, 0x5E, 0x22, 0x2A, 0x71, 0x53, 0xBC, 0x9E, 0x97, 0xA8, 0x5D, 0x59, 0x4E, 0xB7,
    0xF1, 0x4D, 0xE1, 0x23, 0x13, 0x33, 0x5D, 0x1E, 0x79, 0x0F, 0x19, 0x11, 0xC1, 0x54, 0x00, 0x15,
    0x67, 0xA1, 0x24, 0xA3, 0xC4, 0x8E, 0x30, 0xC9, 0x69, 0x95, 0x63, 0x0B, 0x26, 0x0B, 0xE4, 0x18,
    0x4D, 0x66, 0x52, 0xAA, 0xCF, 0x82, 0xA8, 0x06, 0x8D, 0x33, 0x4D, 0x06, 0x5D, 0x61, 0x5D, 0x1E,
    0x40, 0x78, 0x31, 0x29, 0x14, 0xD7, 0x8B, 0x65, 0x40, 0x1F, 0xA7, 0x6B, 0x42, 0x03, 0x9D, 0x66,
    0xB4, 0x55, 0x77, 0xED, 0x69, 0xC8, 0x61, 0x96, 0x18, 0x7C, 0x37, 0xB9, 0xFE, 0x19, 0xB0, 0x66,
    0x0A, 0x31, 0x52, 0xE5, 0xD8, 0x67, 0xC5, 0xF4, 0x55, 0x9E, 0xBE, 0xC3, 0xD3, 0x56, 0xFF, 0x22,
    0x28, 0x87, 0x4F, 0x88, 0xD4, 0x79, 0x0C, 0x69, 0xD4, 0x41, 0xCC, 0x64, 0x15, 0x94, 0xA4, 0x58,
    0x10, 0x52, 0x76, 0xC2, 0x43, 0xC4, 0x42, 0x73, 0x84, 0x8D, 0x0D, 0xED, 0xB2, 0x1B, 0x88, 0xE7,
    0xFE, 0x67, 0x7D, 0x47, 0xD6, 0xE8, 0xA0, 0xF0, 0xC0, 0xF5, 0x3D, 0x88, 0x1B, 0xF2, 0x10, 0x94,
    0xDB, 0x27, 0xA4, 0x0F, 0xFA, 0x36, 0xFD, 0x2B, 0x37, 0x95, 0x6E, 0xDE, 0x8A, 0x93, 0xC7, 0x73,
    0xF2, 0xE2, 0xD1, 0xEC, 0x23, 0x8B, 0xEA, 0xC1, 0xBA, 0x21, 0x64, 0xB3, 0xE8, 0x61, 0x99, 0x13,
    0x9A, 0x07, 0x31, 0x8D, 0x61, 0x2E, 0x93, 0x08, 0x36, 0x28, 0x4D, 0x8E, 0x6D, 0x3E, 0xD6, 0xE4,
    0x98, 0xB2, 0x51, 0x81, 0x8A, 0xED, 0x5E, 0x27, 0x42, 0xBA, 0xD8, 0xB0, 0x61, 0x89, 0xEA, 0x6C,
    0x1F, 0x97, 0x60, 0xAE, 0xDC, 0x29, 0x94, 0x43, 0x33, 0x98, 0xAA, 0x26, 0xD7, 0x07, 0xCC, 0x7A,
    0x74, 0xCF, 0x04, 0x23, 0xC4, 0x2E, 0xCA, 0x2F, 0x10, 0x78, 0xE5, 0x08, 0x6F, 0x15, 0x54, 0x44,
    0x77, 0x80, 0x19, 0xB1, 0x8A, 0xB3, 0x61, 0x36, 0xA6, 0xCB, 0xD7, 0xEC, 0x2A, 0x5F, 0x9F, 0x9B,
    0xB2, 0x6D, 0x02, 0x89, 0x0D, 0x06, 0xEF, 0x6E, 0xDE, 0x78, 0x8B, 0xCC, 0xD6, 0x07, 0x39, 0xF4,
    0xE1, 0xED, 0xC7, 0x05, 0xFB, 0xEC, 0x5B, 0x38, 0xB3, 0xE9, 0x4D, 0x72, 0x7A, 0x6C, 0xBE, 0x61,
    0xC5, 0xDF, 0xAA, 0xBF, 0x3D, 0x25, 0xB8, 0x1F, 0xD6, 0x48, 0x59, 0xD7, 0xDC, 0x77, 0x3B, 0x45,
    0x24, 0xCC, 0x96, 0x2A, 0xC0, 0x5C, 0xB7, 0x59, 0xBC, 0xC3, 0xCA, 0x02, 0xA7, 0xF7, 0x84, 0x88,
    0xD1, 0xEC, 0x98, 0x68, 0x46, 0x36, 0x46, 0x0D, 0x7B, 0xA6, 0xA4, 0x1B, 0x8B, 0x0D, 0xDC, 0x92,
    0x25, 0x14, 0x8B, 0xCD, 0xDF, 0xB8, 0xAB, 0xFF, 0x14, 0x7C, 0x6B, 0xD9, 0x30, 0x85, 0x04, 0xD9,
    0x65, 0xC1, 0xF4, 0x20, 0x4C, 0x4A, 0x33, 0xD9, 0xA8, 0x65, 0x43, 0x3B, 0x25, 0x1B, 0x9E, 0xAD,
    0x35, 0x26, 0x62, 0x71, 0xAE, 0x22, 0x95, 0x7E, 0xFA, 0xFE, 0x11, 0xE1, 0xAC, 0xD3, 0x52, 0x94,
    0x30, 0xC3, 0xFF, 0x5D, 0x13, 0x5F, 0xE4, 0xF2, 0xDA, 0xF4, 0x0C, 0xBF, 0x4E, 0xE6, 0x25, 0x99,
    0x71, 0x52, 0x5B, 0xBF, 0xA5, 0xEE, 0x42, 0x1D, 0x92, 0xAD, 0x17, 0x8E, 0x11, 0x8E, 0x8A, 0x04,
    0xC4, 0xC7, 0xB1, 0xBC, 0xE6, 0xAD, 0xBC, 0xC4, 0xE5, 0xEC, 0x58, 0x4E, 0xFE, 0x56, 0xDB, 0xA5,
    0x1B, 0xC2, 0x90, 0x4A, 0xD5, 0x86, 0xC7, 0x07, 0x37, 0x84, 0xE6, 0xC3, 0x7F, 0x85, 0x30, 0xA3,
    0xAF, 0xC3, 0x11, 0xE1, 0x9F, 0x67, 0x2F, 0xFD, 0x21, 0x09, 0x60, 0xEC, 0x4D, 0x7B, 0x5E, 0xC1,
    0xDA, 0xBB, 0xF0, 0x92, 0xA9, 0x51, 0x7A, 0x79, 0xF6, 0x7D, 0x32, 0x67, 0xBC, 0x8C, 0x37, 0x16,
    0x9A, 0x63, 0xAE, 0x27, 0xF7, 0x86, 0xD7, 0x24, 0xF4, 0xA1, 0xCF, 0xBB, 0xF6, 0x73, 0x20, 0xCE,
    0x6B, 0x2F, 0x42, 0x5F, 0x40, 0x4A, 0x28, 0x25, 0x77, 0x9F, 0xFD, 0x9E, 0xE7, 0xB7, 0xB1, 0x82,
    0x22, 0x3D, 0x8B, 0x75, 0xE2, 0x99, 0x4F, 0x9D, 0x9B, 0x7A, 0x09, 0x0C, 0xEB, 0xCD, 0x98, 0xCD,
    0x74, 0x33, 0x97, 0xC8, 0x89, 0x3F, 0x38, 0x68, 0xF5, 0xC4, 0x81, 0x58, 0x48, 0xFB, 0x07, 0x8C,
    0x22, 0x60, 0xED, 0x0A, 0x4E, 0xCC, 0x3B, 0x6E, 0x04, 0x23, 0xA2, 0x35, 0x13, 0xFF, 0x82, 0x4F,
    0x1A, 0xEC, 0x8A, 0x80, 0x65, 0xC0, 0x19, 0xB7, 0x9C, 0x3E, 0xED, 0xB8, 0x6A, 0xE1, 0x79, 0x7A,
    0xC3, 0x5B, 0x0C, 0x25, 0xFB, 0xA4, 0x59, 0xC8, 0xEE, 0x79, 0x01, 0x4F, 0x6E, 0x44, 0x4B, 0xA7,
    0xA4, 0x5F, 0xCC, 0x2A, 0x79, 0x7F, 0x46, 0x21, 0xDC, 0x2D, 0x95, 0x5D, 0x5D, 0x41, 0x15, 0x89,
    0x88, 0xC6, 0xD4, 0x1B, 0x71, 0xD9, 0xE1, 0x68, 0x31, 0x79, 0x97, 0x73, 0x87, 0x02, 0x48, 0x21,
    0x94, 0x8F, 0x24, 0xC6, 0x68, 0x74, 0xC7, 0x75, 0x12, 0x37, 0x08, 0x1E, 0x56, 0x91, 0xEB, 0x25,
    0xD9, 0x40, 0x7D, 0x42, 0x30, 0x5E, 0x1D, 0x22, 0x8D, 0xB4, 0x0D, 0xA7, 0xAE, 0x86, 0xF9, 0x81,
    0x48, 0x0D, 0x7F, 0x66, 0x22, 0x13, 0x76, 0x46, 0x65, 0x4F, 0x85, 0xE4, 0x75, 0x92, 0x7F, 0xDD,
    0x76, 0x36, 0x49, 0x8F, 0x26, 0x16, 0xFA, 0x8B, 0x12, 0x2B, 0x9C, 0x76, 0x3B, 0x9D, 0x1C, 0xD3,
    0x35, 0xB2, 0x78, 0x8B, 0x19, 0x58, 0x44, 0xBF, 0x73, 0x3A, 0x1F, 0x72, 0x74, 0xFD, 0xCA, 0x7A,
    0xFE, 0x52, 0xD0, 0xD3, 0x53, 0x88, 0xA6, 0x3D, 0xF2, 0x9E, 0x22, 0x27, 0x0C, 0xCC, 0xC6, 0x4F,
    0xB3, 0xDE, 0xC2, 0x19, 0x5E, 0xB8, 0x76, 0xED, 0x6D, 0xE1, 0x64, 0x2D, 0x2D, 0x7B, 0x66, 0x76,
    0x12, 0x47, 0x21, 0x16, 0x41, 0x89, 0xE4, 0x51, 0x97, 0x47, 0x13, 0x7A, 0x8F, 0x15, 0x35, 0x9F,
    0x02, 0x2F, 0xDE, 0xF7, 0xF3, 0xDA, 0x3D, 0x3B, 0x71, 0xAB, 0xE5, 0x38, 0xF7, 0xCB, 0xEE, 0x92,
    0x83, 0x1E, 0xE9, 0xD8, 0x2D, 0xDA, 0x1B, 0x8E, 0xBE, 0x92, 0x81, 0x96, 0xB5, 0xFB, 0x0B, 0x62,
    0x48, 0x1F, 0x5F, 0xE1, 0x41, 0x99, 0x4B, 0x5F, 0x66, 0x4C, 0x38, 0x6B, 0xFB, 0x31, 0x74, 0x67,
    0x71, 0x61, 0xA6, 0xB3, 0xD0, 0x3C, 0xCA, 0xD9, 0x4E, 0x61, 0x0C, 0xFB, 0x93, 0x88, 0x50, 0x29,
    0x85, 0xE0, 0xAA, 0xC3, 0x73, 0xF2, 0x35, 0x12, 0xD1, 0x7E, 0xC8, 0x04, 0x0C, 0xD2, 0xCF, 0xAF,
    0xBB, 0xB6, 0x28, 0x84, 0xF9, 0x02, 0x3F, 0xB8, 0x45, 0xED, 0x32, 0xC1, 0x03, 0x11, 0xCC, 0x13,
    0xBE, 0xEF, 0x7F, 0x40, 0xC0, 0xDE, 0x58, 0xE1, 0xF8, 0xF8, 0xD1, 0xA1, 0xDF, 0x7D, 0x19, 0xFA,
    0xF6, 0xBE, 0x43, 0xB9, 0x76, 0x01, 0x89, 0x52, 0x4E, 0xD9, 0xAD, 0x75, 0xEC, 0x9C, 0x51, 0xD6,
    0xE4, 0x76, 0x3B, 0x2C, 0xBB, 0xBA, 0x48, 0xC3, 0xBC, 0x8E, 0xDC, 0xAA, 0xE1, 0x1A, 0x54, 0xA6,
    0x18, 0x27, 0x57, 0xA6, 0x1D, 0x55, 0xA6, 0x28, 0xD2, 0x23, 0xE2, 0xA6, 0x9E, 0x6E, 0xE9, 0xE5,
    0x89, 0x94, 0x25, 0xD2, 0xDD, 0x13, 0xD8, 0x8C, 0x15, 0x92, 0xD5, 0x72, 0x1B, 0x17, 0x9C, 0xF6,
    0x04, 0x6B, 0x28, 0x63, 0x85, 0x9F, 0xF8, 0x16, 0xE4, 0xBD, 0x67, 0x3F, 0x86, 0xFC, 0x24, 0xD1,
    0x8D, 0xD7, 0x48, 0x8B, 0x9C, 0xC7, 0x79, 0xA1, 0xF1, 0x62, 0xC9, 0x59, 0xAF, 0xB5, 0xA8, 0xC2,
    0xE2, 0xFF, 0x06, 0xFC, 0x07, 0x8D, 0x90, 0x3D, 0x0A, 0xC2, 0x40, 0x10, 0x85, 0x67, 0x5D, 0x48,
    0xD0, 0x1C, 0x41, 0xC4, 0xC6, 0x4A, 0xB0, 0xB7, 0xDC, 0xA3, 0x58, 0xDB, 0xE4, 0x08, 0xC9, 0x11,
    0x3C, 0x84, 0x85, 0x6C, 0x63, 0x6B, 0x95, 0xEC, 0x11, 0xEC, 0x6D, 0x82, 0x65, 0x6C, 0x52, 0xA4,
    0x11, 0x92, 0x3C, 0x67, 0xF2, 0x63, 0x0A, 0x41, 0x1D, 0x98, 0x0F, 0x66, 0xD8, 0x9D, 0xF7, 0x66,
    0x52, 0x60, 0x6F, 0x6D, 0x4C, 0x12, 0xAA, 0xA5, 0x6F, 0x3E, 0x18, 0x8F, 0xD4, 0xFF, 0xD0, 0xFD,
    0xE6, 0xE4, 0x2B, 0x45, 0xAE, 0xD1, 0xB8, 0xA3, 0x02, 0x22, 0xDC, 0x50, 0xA0, 0x0C, 0x4A, 0xA2,
    0xB5, 0x99, 0x2A, 0x64, 0x1B, 0xED, 0x92, 0x8B, 0x6F, 0x96, 0xD7, 0xD6, 0xF3, 0x91, 0x76, 0x01,
    0xA8, 0x58, 0xF8, 0x0F, 0xB7, 0xA5, 0x64, 0x58, 0x43, 0xCC, 0x76, 0x39, 0x01, 0x6A, 0xB2, 0xE7,
    0xBC, 0xAF, 0x5D, 0x67, 0x80, 0x53, 0x01, 0x0D, 0x85, 0xB9, 0x1D, 0xEA, 0xDE, 0x58, 0x1F, 0x9E,
    0x20, 0x74, 0xE2, 0xC3, 0x90, 0x4A, 0x59, 0x6B, 0xFE, 0xE4, 0x4E, 0x24, 0x0B, 0x76, 0xCA, 0xD1,
    0x41, 0x98, 0x0A, 0x55, 0x2A, 0x6D, 0x55, 0x8D, 0x47, 0xA4, 0x99, 0xE5, 0xAB, 0x6A, 0x00, 0x05,
    0xD1, 0x4A, 0x1A, 0x8D, 0x9C, 0x32, 0xCC, 0xC4, 0x5B, 0xFD, 0xFE, 0x1E, 0x70, 0xAD, 0xC0, 0x6A,
    0x30, 0xE4, 0xF1, 0x8B, 0x40, 0x5E, 0x35, 0xE3, 0x14, 0x0E, 0x9E, 0x73, 0xEA, 0xE6, 0xBC, 0x00,
    0x95, 0x93, 0xB1, 0x72, 0xD3, 0x40, 0x10, 0x86, 0x57, 0xBA, 0x99, 0xA8, 0x30, 0x33, 0x7A, 0x02,
    0xB8, 0x36, 0x0D, 0x51, 0x4B, 0x61, 0x5B, 0x7A, 0x8F, 0xBC, 0x00, 0x1D, 0xB4, 0xCC, 0x40, 0xAC,
    0x09, 0x05, 0x2D, 0x15, 0xCF, 0xE1, 0x82, 0x22, 0x05, 0xCE, 0x1C, 0x3C, 0x81, 0x2A, 0x5A, 0xD4,
    0xA4, 0x46, 0x85, 0x0A, 0x0D, 0x91, 0x2D, 0xEE, 0xFF, 0x77, 0xED, 0xD8, 0x19, 0x06, 0x06, 0x35,
    0x2B, 0xAF, 0xEF, 0x76, 0xF7, 0xFF, 0xF6, 0x97, 0x08, 0x9E, 0xB3, 0xA9, 0x42, 0x58, 0x4D, 0xDF,
    0xB7, 0x88, 0x6F, 0x5E, 0x75, 0x59, 0x1B, 0xE3, 0x53, 0x99, 0xCB, 0x32, 0xC6, 0xAC, 0xCE, 0x82,
    0xE0, 0x44, 0x2F, 0x03, 0xCF, 0x17, 0xE2, 0x79, 0xC1, 0xB5, 0x69, 0xC7, 0xC4, 0x95, 0x94, 0x8C,
    0xB3, 0xC6, 0xE1, 0xA2, 0x94, 0xD3, 0x34, 0xB1, 0x94, 0x0F, 0x79, 0x83, 0x98, 0x0C, 0x32, 0xF2,
    0x84, 0xAF, 0xF3, 0x80, 0x98, 0xF6, 0x89, 0xD6, 0x2A, 0xF7, 0xB5, 0x3A, 0xAB, 0xB5, 0xB4, 0x5A,
    0x59, 0xEB, 0x34, 0xB1, 0xE1, 0x10, 0x22, 0x79, 0xC8, 0x58, 0x2B, 0x56, 0xFA, 0xA2, 0x09, 0xAB,
    0x95, 0x3C, 0xCC, 0x95, 0x5B, 0xAD, 0x64, 0x5F, 0xEB, 0x42, 0x6B, 0x05, 0xC7, 0x93, 0x72, 0x23,
    0x2F, 0xF4, 0xAA, 0xCC, 0x10, 0x9E, 0xBB, 0x3E, 0xC1, 0x1F, 0x6E, 0x77, 0x7F, 0xB7, 0xE6, 0x78,
    0x83, 0xEF, 0x65, 0xFF, 0x9C, 0xED, 0x50, 0xCD, 0x7D, 0x82, 0x92, 0xA4, 0x9D, 0x41, 0xD9, 0x5C,
    0xCE, 0x71, 0x9B, 0x5D, 0xAC, 0x47, 0x21, 0x8A, 0xC2, 0x40, 0x28, 0x06, 0x79, 0xAD, 0x10, 0x88,
    0x00, 0x30, 0xA3, 0x5A, 0x0C, 0xED, 0x2B, 0x8C, 0x9C, 0xEA, 0xC0, 0xA5, 0x14, 0x15, 0x86, 0xA5,
    0xCE, 0x25, 0xEF, 0x66, 0xCD, 0xAC, 0xA1, 0xE4, 0x91, 0x82, 0xFD, 0x7B, 0xC8, 0x4D, 0x7F, 0x35,
    0x10, 0x5B, 0x76, 0x90, 0xEA, 0xFA, 0xC7, 0x3D, 0x17, 0x26, 0x91, 0xE1, 0x33, 0xD8, 0x86, 0x9C,
    0x64, 0x9D, 0x4A, 0xE3, 0x98, 0xF9, 0xB1, 0xAC, 0x97, 0x08, 0x77, 0x2B, 0x74, 0x7A, 0xA6, 0xB4,
    0x3B, 0x6D, 0x58, 0x71, 0xEF, 0x6F, 0x99, 0x4B, 0x2D, 0x57, 0x33, 0x77, 0xC5, 0x59, 0xE3, 0xE0,
    0x31, 0xE7, 0xA6, 0xE9, 0x03, 0x72, 0x2B, 0xE6, 0x6C, 0xB5, 0x59, 0x43, 0x19, 0x45, 0x85, 0x5C,
    0xCC, 0x8C, 0x72, 0x90, 0x96, 0xD7, 0xBE, 0x8E, 0xE1, 0x1D, 0x09, 0xA4, 0xBD, 0xE6, 0x82, 0xBF,
    0xAE, 0x80, 0xE0, 0xF6, 0x26, 0xFE, 0x1A, 0x1C, 0x1C, 0x98, 0x35, 0x79, 0x7B, 0x10, 0x67, 0x2B,
    0x75, 0xBA, 0x72, 0x2F, 0x07, 0x75, 0xB2, 0x56, 0x5D, 0xDD, 0x9C, 0xBA, 0xEE, 0xC3, 0x23, 0x79,
    0xC7, 0x76, 0xDE, 0xED, 0xED, 0xDC, 0x99, 0x9D, 0x2F, 0xFE, 0xDF, 0xCE, 0xE7, 0xBA, 0xC9, 0x09,
    0x45, 0x61, 0x67, 0x8C, 0x4F, 0xCD, 0x4B, 0xDB, 0x27, 0x36, 0x46, 0x3B, 0x8F, 0x66, 0xE7, 0xBC,
    0x56, 0x3B, 0xA7, 0xBD, 0xD9, 0xB9, 0x34, 0x3B, 0x73, 0x61, 0xB0, 0xF3, 0xC6, 0xEC, 0x9C, 0x7F,
    0xAB, 0x69, 0xE7, 0x64, 0xD7, 0xAA, 0x9D, 0x8B, 0x41, 0xED, 0x9C, 0x0E, 0x7F, 0xB2, 0xF3, 0xE2,
    0x1F, 0x76, 0x5E, 0xB8, 0xE1, 0x2F, 0x76, 0xC6, 0xE6, 0x9F, 0xF0, 0xFA, 0xB4, 0xBD, 0x1C, 0x8D,
    0x0C, 0xED, 0x94, 0x36, 0x2E, 0x70, 0x2B, 0x59, 0x6D, 0x2F, 0x79, 0x65, 0x5E, 0x88, 0x6C, 0x84,
    0x96, 0x5C, 0x62, 0x9C, 0x60, 0x70, 0xB8, 0xCF, 0x8D, 0x99, 0x02, 0x74, 0x46, 0x48, 0x4C, 0x46,
    0xD9, 0x92, 0x0A, 0x59, 0x6C, 0xF4, 0xCB, 0x54, 0x27, 0x1C, 0xF8, 0x44, 0x2D, 0xFA, 0xE5, 0x13,
    0x50, 0x47, 0xEA, 0x66, 0x13, 0x10, 0x62, 0x4F, 0x60, 0x67, 0x4F, 0x22, 0xFA, 0x1A, 0xF0, 0x32,
    0x0B, 0xFE, 0x87, 0x3C, 0x30, 0x22, 0x65, 0xFF, 0xF1, 0x08, 0x12, 0xA6, 0x92, 0x13, 0x4A, 0xD1,
    0xC7, 0x73, 0x39, 0xC1, 0x14, 0x6D, 0xBE, 0x3E, 0xE6, 0x24, 0xE5, 0xCF, 0xDB, 0x4B, 0x39, 0x01,
    0xF5, 0x1B,
};

static const EpdGlyph newsreader_16_italicGlyphs[] = {
    { 0, 0, 7, 0, 0, 0, 0 }, // U+0020
    { 11, 23, 9, 0, 23, 64, 0 }, // !
    { 11, 9, 12, 4, 23, 25, 64 }, // "
    { 19, 23, 19, 1, 23, 110, 89 }, // #
    { 19, 29, 19, 1, 26, 138, 199 }, // $
    { 25, 24, 27, 2, 24, 150, 337 }, // %
    { 23, 23, 23, 1, 23, 133, 487 }, // &
    { 6, 9, 6, 4, 23, 14, 620 }, // '
    { 12, 30, 9, 1, 25, 90, 634 }, // (
    { 12, 30, 9, -3, 25, 90, 724 }, // )
    { 12, 12, 14, 4, 23, 36, 814 }, // *
    { 13, 13, 17, 2, 14, 43, 850 }, // +
    { 8, 11, 8, -3, 4, 22, 893 }, // ,
    { 9, 3, 11, 1, 9, 7, 915 }, // -
    { 5, 4, 7, 0, 4, 5, 922 }, // .
    { 18, 23, 13, -1, 23, 104, 927 }, // /
    { 18, 23, 19, 2, 23, 104, 1031 }, // 0
    { 16, 23, 19, 2, 23, 92, 1135 }, // 1
    { 18, 24, 19, 0, 23, 108, 1227 }, // 2
    { 17, 23, 19, 1, 23, 98, 1335 }, // 3
    { 20, 23, 19, 0, 23, 115, 1433 }, // 4
    { 21, 24, 19, 0, 24, 126, 1548 }, // 5
    { 19, 25, 19, 2, 25, 119, 1674 }, // 6
    { 18, 23, 22, 5, 23, 104, 1793 }, // 7
    { 18, 23, 19, 1, 23, 104, 1897 }, // 8
    { 18, 24, 19, 1, 23, 108, 2001 }, // 9
    { 9, 15, 8, 0, 15, 34, 2109 }, // :
    { 12, 21, 9, -3, 15, 63, 2143 }, // ;
    { 19, 17, 17, 0, 16, 81, 2206 }, // <
    { 15, 9, 17, 1, 12, 34, 2287 }, // =
    { 19, 17, 17, -2, 16, 81, 2321 }, // >
    { 14, 23, 15, 2, 23, 81, 2402 }, // ?
    { 30, 29, 30, 1, 24, 218, 2483 }, // @
    { 24, 23, 22, -3, 23, 138, 2701 }, // A
    { 23, 23, 21, -1, 23, 133, 2839 }, // B
    { 23, 24, 22, 2, 24, 138, 2972 }, // C
    { 26, 23, 25, -1, 23, 150, 3110 }, // D
    { 24, 25, 21, -1, 24, 150, 3260 }, // E
    { 23, 23, 19, -1, 23, 133, 3410 }, // F
    { 23, 24, 24, 2, 24, 138, 3543 }, // G
    { 30, 23, 26, -1, 23, 173, 3681 }, // H
    { 16, 23, 11, -1, 23, 92, 3854 }, // I
    { 20, 23, 14, -2, 23, 115, 3946 }, // J
    { 28, 23, 23, -1, 23, 161, 4061 }, // K
    { 20, 24, 19, -1, 23, 120, 4222 }, // L
    { 36, 23, 31, -2, 23, 207, 4342 }, // M
    { 29, 23, 24, -1, 23, 167, 4549 }, // N
    { 23, 23, 25, 2, 23, 133, 4716 }, // O
    { 23, 23, 20, -1, 23, 133, 4849 }, // P
    { 23, 30, 25, 2, 23, 173, 4982 }, // Q
    { 22, 23, 21, -1, 23, 127, 5155 }, // R
    { 18, 24, 18, 1, 24, 108, 5282 }, // S
    { 22, 24, 21, 3, 24, 132, 5390 }, // T
    { 26, 23, 24, 2, 23, 150, 5522 }, // U
    { 23, 23, 22, 4, 23, 133, 5672 }, // V
    { 32, 23, 31, 4, 23, 184, 5805 }, // W
    { 30, 23, 22, -3, 23, 173, 5989 }, // X
    { 22, 23, 22, 4, 23, 127, 6162 }, // Y
    { 25, 25, 20, -1, 24, 157, 6289 }, // Z
    { 16, 29, 10, -1, 23, 116, 6446 }, // [
    { 5, 23, 12, 5, 23, 29, 6562 }, // <backslash>
    { 16, 29, 10, -3, 23, 116, 6591 }, // ]
    { 13, 13, 17, 3, 23, 43, 6707 }, // ^
    { 14, 3, 13, -4, -3, 11, 6750 }, // _
    { 6, 6, 17, 7, 23, 9, 6761 }, // `
    { 16, 15, 16, 0, 15, 60, 6770 }, // a
    { 14, 24, 15, 1, 24, 84, 6830 }, // b
    { 13, 15, 12, 0, 15, 49, 6914 }, // c
    { 19, 24, 16, 0, 24, 114, 6963 }, // d
    { 13, 15, 13, 0, 15, 49, 7077 }, // e
    { 26, 33, 10, -7, 24, 215, 7126 }, // f
    { 19, 24, 14, -3, 15, 114, 7341 }, // g
    { 16, 24, 16, 0, 24, 96, 7455 }, // h
    { 12, 24, 9, 0, 24, 72, 7551 }, // i
    { 19, 33, 9, -8, 24, 157, 7623 }, // j
    { 17, 24, 16, 0, 24, 102, 7780 }, // k
    { 11, 24, 9, 0, 24, 66, 7882 }, // l
    { 25, 15, 25, 0, 15, 94, 7948 }, // m
    { 17, 15, 18, 0, 15, 64, 8042 }, // n
    { 14, 15, 15, 0, 15, 53, 8106 }, // o
    { 20, 24, 17, -3, 15, 120, 8159 }, // p
    { 16, 24, 15, 0, 15, 96, 8279 }, // q
    { 15, 15, 13, 0, 15, 57, 8375 }, // r
    { 13, 15, 11, -1, 15, 49, 8432 }, // s
    { 11, 18, 11, 1, 18, 50, 8481 }, // t
    { 17, 15, 17, 0, 15, 64, 8531 }, // u
    { 15, 15, 15, 0, 15, 57, 8595 }, // v
    { 22, 15, 22, 0, 15, 83, 8652 }, // w
    { 19, 15, 16, -2, 15, 72, 8735 }, // x
    { 19, 24, 15, -3, 15, 114, 8807 }, // y
    { 16, 16, 14, -1, 15, 64, 8921 }, // z
    { 14, 29, 10, 1, 24, 102, 8985 }, // {
    { 12, 34, 8, -2, 25, 102, 9087 }, // |
    { 14, 29, 10, -3, 24, 102, 9189 }, // }
    { 14, 5, 17, 1, 10, 18, 9291 }, // ~
    { 0, 0, 7, 0, 0, 0, 0 }, // U+00A0
    { 11, 24, 8, -3, 15, 66, 0 }, // U+00A1
    { 16, 23, 19, 3, 23, 92, 66 }, // U+00A2
    { 19, 24, 19, 0, 23, 114, 158 }, // U+00A3
    { 12, 12, 14, 1, 13, 36, 272 }, // U+00A4
    { 21, 23, 19, 3, 23, 121, 308 }, // U+00A5
    { 12, 34, 8, -2, 25, 102, 429 }, // U+00A6
    { 20, 28, 17, -1, 23, 140, 531 }, // U+00A7
    { 11, 4, 17, 7, 22, 11, 671 }, // U+00A8
    { 24, 25, 28, 3, 24, 150, 682 }, // U+00A9
    { 14, 15, 15, 2, 23, 53, 832 }, // U+00AA
    { 17, 15, 16, 0, 15, 64, 885 }, // U+00AB
    { 14, 8, 17, 2, 12, 28, 949 }, // U+00AC
    { 9, 3, 11, 1, 9, 7, 977 }, // U+00AD
    { 16, 16, 18, 4, 24, 64, 984 }, // U+00AE
    { 10, 3, 17, 7, 21, 8, 1048 }, // U+00AF
    { 11, 12, 13, 4, 24, 33, 1056 }, // U+00B0
    { 15, 15, 17, 0, 15, 57, 1089 }, // U+00B1
    { 11, 14, 11, 2, 23, 39, 1146 }, // U+00B2
    { 10, 13, 10, 2, 23, 33, 1185 }, // U+00B3
    { 9, 6, 17, 10, 23, 14, 1218 }, // U+00B4
    { 20, 24, 18, -3, 15, 120, 1232 }, // U+00B5
    { 20, 28, 19, 3, 23, 140, 1352 }, // U+00B6
    { 6, 4, 8, 1, 9, 6, 1492 }, // U+00B7
    { 8, 11, 17, 0, 1, 22, 1498 }, // U+00B8
    { 9, 13, 8, 2, 23, 30, 1520 }, // U+00B9
    { 14, 16, 14, 2, 23, 56, 1550 }, // U+00BA
    { 17, 15, 17, -1, 15, 64, 1606 }, // U+00BB
    { 24, 23, 26, 2, 23, 138, 1670 }, // U+00BC
    { 24, 24, 27, 2, 23, 144, 1808 }, // U+00BD
    { 24, 24, 26, 2, 24, 144, 1952 }, // U+00BE
    { 14, 24, 15, -1, 15, 84, 2096 }, // U+00BF
    { 24, 29, 22, -3, 29, 174, 2180 }, // U+00C0
    { 26, 29, 22, -3, 29, 189, 2354 }, // U+00C1
    { 24, 29, 22, -3, 29, 174, 2543 }, // U+00C2
    { 25, 29, 22, -3, 29, 182, 2717 }, // U+00C3
    { 25, 29, 22, -3, 29, 182, 2899 }, // U+00C4
    { 24, 31, 22, -3, 31, 186, 3081 }, // U+00C5
    { 37, 25, 32, -3, 24, 232, 3267 }, // U+00C6
    { 23, 33, 22, 2, 24, 190, 3499 }, // U+00C7
    { 24, 30, 21, -1, 29, 180, 3689 }, // U+00C8
    { 24, 30, 21, -1, 29, 180, 3869 }, // U+00C9
    { 24, 30, 21, -1, 29, 180, 4049 }, // U+00CA
    { 24, 30, 21, -1, 29, 180, 4229 }, // U+00CB
    { 16, 29, 11, -1, 29, 116, 4409 }, // U+00CC
    { 18, 29, 11, -1, 29, 131, 4525 }, // U+00CD
    { 17, 29, 11, -1, 29, 124, 4656 }, // U+00CE
    { 18, 29, 11, -1, 29, 131, 4780 }, // U+00CF
    { 26, 23, 25, -1, 23, 150, 4911 }, // U+00D0
    { 29, 30, 24, -1, 30, 218, 5061 }, // U+00D1
    { 23, 29, 25, 2, 29, 167, 5279 }, // U+00D2
    { 23, 30, 25, 2, 30, 173, 5446 }, // U+00D3
    { 23, 30, 25, 2, 30, 173, 5619 }, // U+00D4
    { 23, 30, 25, 2, 30, 173, 5792 }, // U+00D5
    { 23, 29, 25, 2, 29, 167, 5965 }, // U+00D6
    { 15, 12, 17, 1, 13, 45, 6132 }, // U+00D7
    { 30, 23, 25, -1, 23, 173, 6177 }, // U+00D8
    { 26, 29, 24, 2, 29, 189, 6350 }, // U+00D9
    { 26, 30, 24, 2, 30, 195, 6539 }, // U+00DA
    { 26, 30, 24, 2, 30, 195, 6734 }, // U+00DB
    { 26, 29, 24, 2, 29, 189, 6929 }, // U+00DC
    { 22, 29, 22, 4, 29, 160, 7118 }, // U+00DD
    { 22, 23, 20, -1, 23, 127, 7278 }, // U+00DE
    { 27, 33, 19, -7, 24, 223, 7405 }, // U+00DF
    { 16, 23, 16, 0, 23, 92, 7628 }, // U+00E0
    { 18, 23, 16, 0, 23, 104, 7720 }, // U+00E1
    { 16, 23, 16, 0, 23, 92, 7824 }, // U+00E2
    { 17, 23, 16, 0, 23, 98, 7916 }, // U+00E3
    { 17, 22, 16, 0, 22, 94, 8014 }, // U+00E4
    { 16, 23, 16, 0, 23, 92, 8108 }, // U+00E5
    { 22, 15, 22, 0, 15, 83, 8200 }, // U+00E6
    { 13, 24, 12, 0, 15, 78, 8283 }, // U+00E7
    { 13, 23, 13, 0, 23, 75, 8361 }, // U+00E8
    { 16, 23, 13, 0, 23, 92, 8436 }, // U+00E9
    { 14, 23, 13, 0, 23, 81, 8528 }, // U+00EA
    { 15, 22, 13, 0, 22, 83, 8609 }, // U+00EB
    { 9, 23, 9, 0, 23, 52, 8692 }, // U+00EC
    { 15, 23, 9, 0, 23, 87, 8744 }, // U+00ED
    { 12, 23, 9, 0, 23, 69, 8831 }, // U+00EE
    { 14, 22, 9, 0, 22, 77, 8900 }, // U+00EF
    { 17, 25, 15, 0, 25, 107, 8977 }, // U+00F0
    { 18, 23, 18, 0, 23, 104, 9084 }, // U+00F1
    { 14, 23, 15, 0, 23, 81, 9188 }, // U+00F2
    { 17, 23, 15, 0, 23, 98, 9269 }, // U+00F3
    { 15, 23, 15, 0, 23, 87, 9367 }, // U+00F4
    { 16, 23, 15, 0, 23, 92, 9454 }, // U+00F5
    { 16, 22, 15, 0, 22, 88, 9546 }, // U+00F6
    { 13, 15, 17, 2, 15, 49, 9634 }, // U+00F7
    { 18, 15, 15, -1, 15, 68, 9683 }, // U+00F8
    { 17, 23, 17, 0, 23, 98, 9751 }, // U+00F9
    { 18, 23, 17, 0, 23, 104, 9849 }, // U+00FA
    { 17, 23, 17, 0, 23, 98, 9953 }, // U+00FB
    { 17, 22, 17, 0, 22, 94, 10051 }, // U+00FC
    { 20, 32, 15, -3, 23, 160, 10145 }, // U+00FD
    { 20, 33, 15, -5, 24, 165, 10305 }, // U+00FE
    { 19, 31, 15, -3, 22, 148, 10470 }, // U+00FF
    { 25, 29, 22, -3, 29, 182, 0 }, // U+0100
    { 17, 22, 16, 0, 22, 94, 182 }, // U+0101
    { 25, 29, 22, -3, 29, 182, 276 }, // U+0102
    { 18, 23, 16, 0, 23, 104, 458 }, // U+0103
    { 24, 32, 22, -3, 23, 192, 562 }, // U+0104
    { 16, 24, 16, 0, 15, 96, 754 }, // U+0105
    { 23, 29, 22, 2, 29, 167, 850 }, // U+0106
    { 16, 23, 12, 0, 23, 92, 1017 }, // U+0107
    { 23, 30, 22, 2, 30, 173, 1109 }, // U+0108
    { 14, 23, 12, 0, 23, 81, 1282 }, // U+0109
    { 23, 29, 22, 2, 29, 167, 1363 }, // U+010A
    { 13, 22, 12, 0, 22, 72, 1530 }, // U+010B
    { 23, 29, 22, 2, 29, 167, 1602 }, // U+010C
    { 15, 23, 12, 0, 23, 87, 1769 }, // U+010D
    { 26, 29, 25, -1, 29, 189, 1856 }, // U+010E
    { 25, 24, 17, 0, 24, 150, 2045 }, // U+010F
    { 26, 23, 25, -1, 23, 150, 2195 }, // U+0110
    { 20, 24, 16, 0, 24, 120, 2345 }, // U+0111
    { 24, 30, 21, -1, 29, 180, 2465 }, // U+0112
    { 15, 22, 13, 0, 22, 83, 2645 }, // U+0113
    { 24, 30, 21, -1, 29, 180, 2728 }, // U+0114
    { 16, 23, 13, 0, 23, 92, 2908 }, // U+0115
    { 24, 30, 21, -1, 29, 180, 3000 }, // U+0116
    { 13, 22, 13, 0, 22, 72, 3180 }, // U+0117
    { 24, 32, 21, -1, 23, 192, 3252 }, // U+0118
    { 13, 24, 13, 0, 15, 78, 3444 }, // U+0119
    { 24, 30, 21, -1, 29, 180, 3522 }, // U+011A
    { 16, 23, 13, 0, 23, 92, 3702 }, // U+011B
    { 23, 30, 24, 2, 30, 173, 3794 }, // U+011C
    { 19, 32, 14, -3, 23, 152, 3967 }, // U+011D
    { 23, 29, 24, 2, 29, 167, 4119 }, // U+011E
    { 19, 32, 14, -3, 23, 152, 4286 }, // U+011F
    { 23, 29, 24, 2, 29, 167, 4438 }, // U+0120
    { 19, 31, 14, -3, 22, 148, 4605 }, // U+0121
    { 23, 30, 24, 2, 30, 173, 4753 }, // U+0122
    { 19, 33, 14, -3, 24, 157, 4926 }, // U+0123
    { 30, 29, 26, -1, 29, 218, 5083 }, // U+0124
    { 18, 30, 16, 0, 30, 135, 5301 }, // U+0125
    { 30, 23, 26, -1, 23, 173, 5436 }, // U+0126
    { 16, 24, 16, 0, 24, 96, 5609 }, // U+0127
    { 18, 29, 11, -1, 29, 131, 5705 }, // U+0128
    { 14, 23, 9, 0, 23, 81, 5836 }, // U+0129
    { 17, 29, 11, -1, 29, 124, 5917 }, // U+012A
    { 13, 22, 9, 0, 22, 72, 6041 }, // U+012B
    { 18, 29, 11, -1, 29, 131, 6113 }, // U+012C
    { 14, 23, 9, 0, 23, 81, 6244 }, // U+012D
    { 17, 32, 11, -2, 23, 136, 6325 }, // U+012E
    { 14, 33, 9, -2, 24, 116, 6461 }, // U+012F
    { 16, 29, 11, -1, 29, 116, 6577 }, // U+0130
    { 9, 15, 9, 0, 15, 34, 6693 }, // U+0131
    { 21, 30, 14, -2, 30, 158, 6727 }, // U+0134
    { 20, 32, 9, -8, 23, 160, 6885 }, // U+0135
    { 28, 33, 23, -1, 23, 231, 7045 }, // U+0136
    { 17, 33, 16, 0, 24, 141, 7276 }, // U+0137
    { 18, 15, 17, 0, 15, 68, 7417 }, // U+0138
    { 20, 30, 19, -1, 29, 150, 7485 }, // U+0139
    { 16, 31, 9, 0, 31, 124, 7635 }, // U+013A
    { 20, 32, 19, -1, 23, 160, 7759 }, // U+013B
    { 14, 33, 9, -3, 24, 116, 7919 }, // U+013C
    { 23, 24, 19, -1, 23, 138, 8035 }, // U+013D
    { 17, 24, 9, 0, 24, 102, 8173 }, // U+013E
    { 20, 24, 19, -1, 23, 120, 8275 }, // U+013F
    { 12, 24, 11, 0, 24, 72, 8395 }, // U+0140
    { 20, 24, 20, -1, 23, 120, 8467 }, // U+0141
    { 12, 24, 11, 0, 24, 72, 8587 }, // U+0142
    { 29, 30, 24, -1, 30, 218, 8659 }, // U+0143
    { 19, 23, 18, 0, 23, 110, 8877 }, // U+0144
    { 29, 32, 24, -1, 23, 232, 8987 }, // U+0145
    { 17, 24, 18, 0, 15, 102, 9219 }, // U+0146
    { 29, 30, 24, -1, 30, 218, 9321 }, // U+0147
    { 18, 23, 18, 0, 23, 104, 9539 }, // U+0148
    { 29, 32, 24, -1, 23, 232, 9643 }, // U+014A
    { 16, 24, 17, 0, 15, 96, 9875 }, // U+014B
    { 23, 29, 25, 2, 29, 167, 9971 }, // U+014C
    { 16, 22, 15, 0, 22, 88, 10138 }, // U+014D
    { 23, 30, 25, 2, 30, 173, 10226 }, // U+014E
    { 17, 23, 15, 0, 23, 98, 10399 }, // U+014F
    { 24, 29, 25, 2, 29, 174, 10497 }, // U+0150
    { 19, 23, 15, 0, 23, 110, 10671 }, // U+0151
    { 34, 25, 33, 2, 24, 213, 10781 }, // U+0152
    { 23, 15, 22, 0, 15, 87, 10994 }, // U+0153
    { 22, 29, 21, -1, 29, 160, 11081 }, // U+0154
    { 17, 23, 13, 0, 23, 98, 11241 }, // U+0155
    { 22, 33, 21, -1, 23, 182, 11339 }, // U+0156
    { 17, 25, 13, -2, 15, 107, 11521 }, // U+0157
    { 22, 29, 21, -1, 29, 160, 11628 }, // U+0158
    { 16, 23, 13, 0, 23, 92, 11788 }, // U+0159
    { 19, 29, 18, 1, 29, 138, 11880 }, // U+015A
    { 16, 23, 11, -1, 23, 92, 12018 }, // U+015B
    { 18, 30, 18, 1, 30, 135, 12110 }, // U+015C
    { 14, 23, 11, -1, 23, 81, 12245 }, // U+015D
    { 18, 33, 18, 1, 24, 149, 12326 }, // U+015E
    { 14, 24, 11, -2, 15, 84, 12475 }, // U+015F
    { 18, 29, 18, 1, 29, 131, 12559 }, // U+0160
    { 16, 23, 11, -1, 23, 92, 12690 }, // U+0161
    { 22, 33, 21, 3, 24, 182, 12782 }, // U+0162
    { 14, 27, 11, -2, 18, 95, 12964 }, // U+0163
    { 22, 29, 21, 3, 29, 160, 13059 }, // U+0164
    { 16, 23, 11, 1, 23, 92, 13219 }, // U+0165
    { 22, 24, 21, 3, 24, 132, 13311 }, // U+0166
    { 11, 18, 11, 1, 18, 50, 13443 }, // U+0167
    { 26, 30, 24, 2, 30, 195, 13493 }, // U+0168
    { 17, 23, 17, 0, 23, 98, 13688 }, // U+0169
    { 26, 29, 24, 2, 29, 189, 13786 }, // U+016A
    { 17, 22, 17, 0, 22, 94, 13975 }, // U+016B
    { 26, 30, 24, 2, 30, 195, 14069 }, // U+016C
    { 17, 23, 17, 0, 23, 98, 14264 }, // U+016D
    { 26, 31, 24, 2, 31, 202, 14362 }, // U+016E
    { 17, 23, 17, 0, 23, 98, 14564 }, // U+016F
    { 26, 29, 24, 2, 29, 189, 14662 }, // U+0170
    { 20, 23, 17, 0, 23, 115, 14851 }, // U+0171
    { 26, 32, 24, 2, 23, 208, 14966 }, // U+0172
    { 17, 24, 17, 0, 15, 102, 15174 }, // U+0173
    { 32, 30, 31, 4, 30, 240, 15276 }, // U+0174
    { 22, 23, 22, 0, 23, 127, 15516 }, // U+0175
    { 22, 29, 22, 4, 29, 160, 15643 }, // U+0176
    { 19, 32, 15, -3, 23, 152, 15803 }, // U+0177
    { 22, 29, 22, 4, 29, 160, 15955 }, // U+0178
    { 25, 30, 20, -1, 29, 188, 16115 }, // U+0179
    { 17, 24, 14, -1, 23, 102, 16303 }, // U+017A
    { 25, 30, 20, -1, 29, 188, 16405 }, // U+017B
    { 16, 23, 14, -1, 22, 92, 16593 }, // U+017C
    { 25, 30, 20, -1, 29, 188, 16685 }, // U+017D
    { 17, 24, 14, -1, 23, 102, 16873 }, // U+017E
    { 26, 27, 25, 2, 27, 176, 0 }, // U+01A0
    { 17, 19, 15, 0, 19, 81, 176 }, // U+01A1
    { 29, 27, 24, 2, 27, 196, 257 }, // U+01AF
    { 21, 19, 18, 0, 19, 100, 453 }, // U+01B0
    { 48, 30, 44, -1, 29, 360, 553 }, // U+01C4
    { 40, 24, 37, -1, 23, 240, 913 }, // U+01C5
    { 32, 25, 30, 0, 24, 200, 1153 }, // U+01C6
    { 39, 24, 33, -1, 23, 234, 1353 }, // U+01C7
    { 31, 33, 28, -1, 24, 256, 1587 }, // U+01C8
    { 20, 33, 17, 0, 24, 165, 1843 }, // U+01C9
    { 43, 23, 38, -1, 23, 248, 2008 }, // U+01CA
    { 36, 33, 32, -1, 24, 297, 2256 }, // U+01CB
    { 29, 33, 27, 0, 24, 240, 2553 }, // U+01CC
    { 23, 29, 24, 2, 29, 167, 2793 }, // U+01E6
    { 19, 32, 14, -3, 23, 152, 2960 }, // U+01E7
    { 23, 32, 25, 2, 23, 184, 3112 }, // U+01EA
    { 14, 24, 15, 0, 15, 84, 3296 }, // U+01EB
    { 28, 36, 22, -3, 36, 252, 3380 }, // U+01FA
    { 21, 32, 16, 0, 32, 168, 3632 }, // U+01FB
    { 37, 30, 32, -3, 29, 278, 3800 }, // U+01FC
    { 22, 23, 22, 0, 23, 127, 4078 }, // U+01FD
    { 30, 30, 25, -1, 30, 225, 4205 }, // U+01FE
    { 19, 23, 15, -1, 23, 110, 4430 }, // U+01FF
    { 24, 29, 22, -3, 29, 174, 4540 }, // U+0200
    { 16, 23, 16, 0, 23, 92, 4714 }, // U+0201
    { 24, 30, 22, -3, 30, 180, 4806 }, // U+0202
    { 16, 23, 16, 0, 23, 92, 4986 }, // U+0203
    { 24, 30, 21, -1, 29, 180, 5078 }, // U+0204
    { 13, 23, 13, 0, 23, 75, 5258 }, // U+0205
    { 24, 31, 21, -1, 30, 186, 5333 }, // U+0206
    { 15, 23, 13, 0, 23, 87, 5519 }, // U+0207
    { 16, 29, 11, -1, 29, 116, 5606 }, // U+0208
    { 11, 23, 9, 0, 23, 64, 5722 }, // U+0209
    { 17, 30, 11, -1, 30, 128, 5786 }, // U+020A
    { 13, 23, 9, 0, 23, 75, 5914 }, // U+020B
    { 23, 29, 25, 2, 29, 167, 5989 }, // U+020C
    { 14, 23, 15, 0, 23, 81, 6156 }, // U+020D
    { 23, 30, 25, 2, 30, 173, 6237 }, // U+020E
    { 15, 23, 15, 0, 23, 87, 6410 }, // U+020F
    { 22, 29, 21, -1, 29, 160, 6497 }, // U+0210
    { 15, 23, 13, 0, 23, 87, 6657 }, // U+0211
    { 22, 30, 21, -1, 30, 165, 6744 }, // U+0212
    { 15, 23, 13, 0, 23, 87, 6909 }, // U+0213
    { 26, 29, 24, 2, 29, 189, 6996 }, // U+0214
    { 17, 23, 17, 0, 23, 98, 7185 }, // U+0215
    { 26, 30, 24, 2, 30, 195, 7283 }, // U+0216
    { 17, 23, 17, 0, 23, 98, 7478 }, // U+0217
    { 18, 33, 18, 1, 24, 149, 7576 }, // U+0218
    { 13, 24, 11, -1, 15, 78, 7725 }, // U+0219
    { 22, 34, 21, 3, 24, 187, 7803 }, // U+021A
    { 13, 27, 11, -1, 18, 88, 7990 }, // U+021B
    { 5, 6, 0, -1, 23, 8, 0 }, // U+0300
    { 8, 6, 0, 2, 23, 12, 8 }, // U+0301
    { 10, 6, 0, -2, 23, 15, 20 }, // U+0302
    { 11, 6, 0, -2, 23, 17, 35 }, // U+0303
    { 10, 3, 0, -1, 21, 8, 52 }, // U+0304
    { 11, 6, 0, -1, 23, 17, 60 }, // U+0306
    { 5, 4, 0, 1, 22, 5, 77 }, // U+0307
    { 11, 4, 0, -2, 22, 11, 82 }, // U+0308
    { 6, 8, 0, 1, 24, 12, 93 }, // U+0309
    { 7, 8, 0, 0, 24, 14, 105 }, // U+030A
    { 12, 6, 0, 0, 23, 18, 119 }, // U+030B
    { 10, 6, 0, 0, 23, 15, 137 }, // U+030C
    { 10, 6, 0, -3, 23, 15, 152 }, // U+030F
    { 10, 7, 0, -2, 23, 18, 167 }, // U+0311
    { 6, 7, 0, 1, 24, 11, 185 }, // U+0312
    { 8, 7, 0, 1, 19, 14, 196 }, // U+031B
    { 5, 4, 0, -6, -2, 5, 210 }, // U+0323
    { 11, 4, 0, -9, -2, 11, 215 }, // U+0324
    { 6, 8, 0, -7, -2, 12, 226 }, // U+0326
    { 8, 11, 0, -8, 1, 22, 238 }, // U+0327
    { 8, 11, 0, -11, 2, 22, 260 }, // U+0328
    { 11, 6, 0, -8, -1, 17, 282 }, // U+032E
    { 9, 3, 0, -8, -3, 7, 299 }, // U+0331
    { 11, 3, 0, -2, 20, 9, 306 }, // U+0335
    { 24, 29, 22, -3, 23, 174, 0 }, // U+1EA0
    { 16, 21, 16, 0, 15, 84, 174 }, // U+1EA1
    { 24, 31, 22, -3, 31, 186, 258 }, // U+1EA2
    { 16, 24, 16, 0, 24, 96, 444 }, // U+1EA3
    { 31, 31, 22, -3, 31, 241, 540 }, // U+1EA4
    { 23, 26, 16, 0, 26, 150, 781 }, // U+1EA5
    { 24, 31, 22, -3, 31, 186, 931 }, // U+1EA6
    { 16, 26, 16, 0, 26, 104, 1117 }, // U+1EA7
    { 29, 33, 22, -3, 33, 240, 1221 }, // U+1EA8
    { 22, 28, 16, 0, 28, 154, 1461 }, // U+1EA9
    { 26, 31, 22, -3, 31, 202, 1615 }, // U+1EAA
    { 18, 26, 16, 0, 26, 117, 1817 }, // U+1EAB
    { 24, 35, 22, -3, 29, 210, 1934 }, // U+1EAC
    { 16, 29, 16, 0, 23, 116, 2144 }, // U+1EAD
    { 26, 31, 22, -3, 31, 202, 2260 }, // U+1EAE
    { 18, 26, 16, 0, 26, 117, 2462 }, // U+1EAF
    { 25, 31, 22, -3, 31, 194, 2579 }, // U+1EB0
    { 17, 25, 16, 0, 25, 107, 2773 }, // U+1EB1
    { 25, 32, 22, -3, 32, 200, 2880 }, // U+1EB2
    { 17, 27, 16, 0, 27, 115, 3080 }, // U+1EB3
    { 26, 31, 22, -3, 31, 202, 3195 }, // U+1EB4
    { 18, 26, 16, 0, 26, 117, 3397 }, // U+1EB5
    { 25, 35, 22, -3, 29, 219, 3514 }, // U+1EB6
    { 18, 29, 16, 0, 23, 131, 3733 }, // U+1EB7
    { 24, 30, 21, -1, 24, 180, 3864 }, // U+1EB8
    { 13, 21, 13, 0, 15, 69, 4044 }, // U+1EB9
    { 24, 32, 21, -1, 31, 192, 4113 }, // U+1EBA
    { 13, 24, 13, 0, 24, 78, 4305 }, // U+1EBB
    { 24, 30, 21, -1, 29, 180, 4383 }, // U+1EBC
    { 15, 23, 13, 0, 23, 87, 4563 }, // U+1EBD
    { 27, 32, 21, -1, 31, 216, 4650 }, // U+1EBE
    { 21, 26, 13, 0, 26, 137, 4866 }, // U+1EBF
    { 24, 32, 21, -1, 31, 192, 5003 }, // U+1EC0
    { 14, 26, 13, 0, 26, 91, 5195 }, // U+1EC1
    { 26, 34, 21, -1, 33, 221, 5286 }, // U+1EC2
    { 20, 28, 13, 0, 28, 140, 5507 }, // U+1EC3
    { 24, 32, 21, -1, 31, 192, 5647 }, // U+1EC4
    { 16, 26, 13, 0, 26, 104, 5839 }, // U+1EC5
    { 24, 35, 21, -1, 29, 210, 5943 }, // U+1EC6
    { 14, 29, 13, 0, 23, 102, 6153 }, // U+1EC7
    { 16, 31, 11, -1, 31, 124, 6255 }, // U+1EC8
    { 12, 24, 9, 0, 24, 72, 6379 }, // U+1EC9
    { 16, 29, 11, -1, 23, 116, 6451 }, // U+1ECA
    { 13, 30, 9, -1, 24, 98, 6567 }, // U+1ECB
    { 23, 29, 25, 2, 23, 167, 6665 }, // U+1ECC
    { 14, 21, 15, 0, 15, 74, 6832 }, // U+1ECD
    { 23, 31, 25, 2, 31, 179, 6906 }, // U+1ECE
    { 14, 24, 15, 0, 24, 84, 7085 }, // U+1ECF
    { 26, 32, 25, 2, 32, 208, 7169 }, // U+1ED0
    { 22, 26, 15, 0, 26, 143, 7377 }, // U+1ED1
    { 23, 32, 25, 2, 32, 184, 7520 }, // U+1ED2
    { 15, 26, 15, 0, 26, 98, 7704 }, // U+1ED3
    { 25, 34, 25, 2, 34, 213, 7802 }, // U+1ED4
    { 21, 28, 15, 0, 28, 147, 8015 }, // U+1ED5
    { 23, 32, 25, 2, 32, 184, 8162 }, // U+1ED6
    { 17, 26, 15, 0, 26, 111, 8346 }, // U+1ED7
    { 23, 36, 25, 2, 30, 207, 8457 }, // U+1ED8
    { 15, 29, 15, 0, 23, 109, 8664 }, // U+1ED9
    { 26, 30, 25, 2, 30, 195, 8773 }, // U+1EDA
    { 17, 23, 15, 0, 23, 98, 8968 }, // U+1EDB
    { 26, 29, 25, 2, 29, 189, 9066 }, // U+1EDC
    { 17, 23, 15, 0, 23, 98, 9255 }, // U+1EDD
    { 26, 31, 25, 2, 31, 202, 9353 }, // U+1EDE
    { 17, 24, 15, 0, 24, 102, 9555 }, // U+1EDF
    { 26, 30, 25, 2, 30, 195, 9657 }, // U+1EE0
    { 17, 23, 15, 0, 23, 98, 9852 }, // U+1EE1
    { 26, 33, 25, 2, 27, 215, 9950 }, // U+1EE2
    { 17, 25, 15, 0, 19, 107, 10165 }, // U+1EE3
    { 26, 29, 24, 2, 23, 189, 10272 }, // U+1EE4
    { 17, 21, 17, 0, 15, 90, 10461 }, // U+1EE5
    { 26, 31, 24, 2, 31, 202, 10551 }, // U+1EE6
    { 17, 24, 17, 0, 24, 102, 10753 }, // U+1EE7
    { 29, 30, 24, 2, 30, 218, 10855 }, // U+1EE8
    { 21, 23, 18, 0, 23, 121, 11073 }, // U+1EE9
    { 29, 29, 24, 2, 29, 211, 11194 }, // U+1EEA
    { 21, 23, 18, 0, 23, 121, 11405 }, // U+1EEB
    { 29, 31, 24, 2, 31, 225, 11526 }, // U+1EEC
    { 21, 24, 18, 0, 24, 126, 11751 }, // U+1EED
    { 29, 30, 24, 2, 30, 218, 11877 }, // U+1EEE
    { 21, 23, 18, 0, 23, 121, 12095 }, // U+1EEF
    { 29, 33, 24, 2, 27, 240, 12216 }, // U+1EF0
    { 21, 25, 18, 0, 19, 132, 12456 }, // U+1EF1
    { 22, 29, 22, 4, 29, 160, 12588 }, // U+1EF2
    { 19, 32, 15, -3, 23, 152, 12748 }, // U+1EF3
    { 22, 29, 22, 4, 23, 160, 12900 }, // U+1EF4
    { 19, 24, 15, -3, 15, 114, 13060 }, // U+1EF5
    { 22, 31, 22, 4, 31, 171, 13174 }, // U+1EF6
    { 19, 33, 15, -3, 24, 157, 13345 }, // U+1EF7
    { 22, 29, 22, 4, 29, 160, 13502 }, // U+1EF8
    { 19, 32, 15, -3, 23, 152, 13662 }, // U+1EF9
    { 9, 3, 11, 1, 9, 7, 0 }, // U+2010
    { 14, 3, 16, 1, 9, 11, 7 }, // U+2013
    { 20, 3, 22, 1, 9, 15, 18 }, // U+2014
    { 7, 9, 8, 4, 23, 16, 33 }, // U+2018
    { 8, 9, 8, 3, 23, 18, 49 }, // U+2019
    { 7, 9, 8, -2, 4, 16, 67 }, // U+201A
    { 13, 9, 14, 4, 23, 30, 83 }, // U+201C
    { 14, 9, 14, 3, 23, 32, 113 }, // U+201D
    { 13, 9, 14, -2, 4, 30, 145 }, // U+201E
    { 10, 13, 11, 4, 23, 33, 175 }, // U+2020
    { 11, 13, 12, 4, 23, 36, 208 }, // U+2021
    { 10, 8, 14, 2, 11, 20, 244 }, // U+2022
    { 19, 4, 21, 0, 4, 19, 264 }, // U+2026
    { 36, 24, 39, 2, 24, 216, 283 }, // U+2030
    { 8, 9, 7, 3, 23, 18, 499 }, // U+2032
    { 14, 8, 12, 3, 22, 28, 517 }, // U+2033
    { 11, 15, 10, 0, 15, 42, 545 }, // U+2039
    { 10, 15, 10, -1, 15, 38, 587 }, // U+203A
    { 25, 23, 3, -10, 23, 144, 625 }, // U+2044
    { 25, 23, 27, 2, 23, 144, 769 }, // U+2052
    { 11, 13, 12, 3, 23, 36, 0 }, // U+2070
    { 12, 13, 12, 2, 23, 39, 36 }, // U+2074
    { 21, 30, 19, 1, 27, 158, 0 }, // U+20A1
    { 22, 24, 19, 0, 24, 132, 158 }, // U+20A3
    { 20, 24, 19, 0, 23, 120, 290 }, // U+20A4
    { 25, 23, 19, -2, 23, 144, 410 }, // U+20A6
    { 26, 24, 19, -4, 24, 156, 554 }, // U+20A7
    { 25, 23, 19, 0, 23, 144, 710 }, // U+20A9
    { 23, 30, 19, -2, 24, 173, 854 }, // U+20AB
    { 22, 23, 19, 0, 23, 127, 1027 }, // U+20AC
    { 26, 23, 19, -2, 23, 150, 1154 }, // U+20AD
    { 23, 24, 19, -1, 24, 138, 1304 }, // U+20B1
    { 18, 30, 19, 2, 27, 135, 1442 }, // U+20B2
    { 16, 23, 19, 3, 23, 92, 1577 }, // U+20B5
    { 20, 24, 19, 2, 23, 120, 1669 }, // U+20B9
    { 18, 24, 19, 0, 23, 108, 1789 }, // U+20BA
    { 18, 23, 19, -1, 23, 104, 1897 }, // U+20BC
    { 22, 24, 19, 0, 24, 132, 2001 }, // U+20BD
    { 13, 2, 17, 2, 8, 7, 0 }, // U+2212
    { 25, 23, 3, -10, 23, 144, 7 }, // U+2215
    { 9, 9, 17, 4, 12, 21, 151 }, // U+2219
    { 16, 9, 17, 0, 12, 36, 172 }, // U+2248
    { 17, 16, 17, 0, 15, 68, 208 }, // U+2260
    { 21, 15, 17, -2, 15, 79, 276 }, // U+2264
    { 19, 15, 17, -2, 15, 72, 355 }, // U+2265
    { 34, 33, 19, -7, 24, 281, 0 }, // U+FB00
    { 26, 33, 18, -7, 24, 215, 281 }, // U+FB01
    { 27, 33, 18, -7, 24, 223, 496 }, // U+FB02
    { 34, 33, 27, -7, 24, 281, 719 }, // U+FB03
    { 36, 33, 27, -7, 24, 297, 1000 }, // U+FB04
};

static const EpdUnicodeInterval newsreader_16_italicIntervals[] = {
    { 0x20, 0x7E, 0x0 },
    { 0xA0, 0xFF, 0x5F },
    { 0x100, 0x131, 0xBF },
    { 0x134, 0x148, 0xF1 },
    { 0x14A, 0x17E, 0x106 },
    { 0x1A0, 0x1A1, 0x13B },
    { 0x1AF, 0x1B0, 0x13D },
    { 0x1C4, 0x1CC, 0x13F },
    { 0x1E6, 0x1E7, 0x148 },
    { 0x1EA, 0x1EB, 0x14A },
    { 0x1FA, 0x21B, 0x14C },
    { 0x300, 0x304, 0x16E },
    { 0x306, 0x30C, 0x173 },
    { 0x30F, 0x30F, 0x17A },
    { 0x311, 0x312, 0x17B },
    { 0x31B, 0x31B, 0x17D },
    { 0x323, 0x324, 0x17E },
    { 0x326, 0x328, 0x180 },
    { 0x32E, 0x32E, 0x183 },
    { 0x331, 0x331, 0x184 },
    { 0x335, 0x335, 0x185 },
    { 0x1EA0, 0x1EF9, 0x186 },
    { 0x2010, 0x2010, 0x1E0 },
    { 0x2013, 0x2014, 0x1E1 },
    { 0x2018, 0x201A, 0x1E3 },
    { 0x201C, 0x201E, 0x1E6 },
    { 0x2020, 0x2022, 0x1E9 },
    { 0x2026, 0x2026, 0x1EC },
    { 0x2030, 0x2030, 0x1ED },
    { 0x2032, 0x2033, 0x1EE },
    { 0x2039, 0x203A, 0x1F0 },
    { 0x2044, 0x2044, 0x1F2 },
    { 0x2052, 0x2052, 0x1F3 },
    { 0x2070, 0x2070, 0x1F4 },
    { 0x2074, 0x2074, 0x1F5 },
    { 0x20A1, 0x20A1, 0x1F6 },
    { 0x20A3, 0x20A4, 0x1F7 },
    { 0x20A6, 0x20A7, 0x1F9 },
    { 0x20A9, 0x20A9, 0x1FB },
    { 0x20AB, 0x20AD, 0x1FC },
    { 0x20B1, 0x20B2, 0x1FF },
    { 0x20B5, 0x20B5, 0x201 },
    { 0x20B9, 0x20BA, 0x202 },
    { 0x20BC, 0x20BD, 0x204 },
    { 0x2212, 0x2212, 0x206 },
    { 0x2215, 0x2215, 0x207 },
    { 0x2219, 0x2219, 0x208 },
    { 0x2248, 0x2248, 0x209 },
    { 0x2260, 0x2260, 0x20A },
    { 0x2264, 0x2265, 0x20B },
    { 0xFB00, 0xFB04, 0x20D },
};

static const EpdFontGroup newsreader_16_italicGroups[] = {
    { 0, 4787, 9309, 95, 0 },
    { 4787, 4626, 10618, 96, 95 },
    { 9413, 6656, 16975, 124, 191 },
    { 16069, 3813, 8078, 51, 315 },
    { 19882, 283, 315, 24, 366 },
    { 20165, 4484, 13814, 90, 390 },
    { 24649, 524, 913, 20, 480 },
    { 25173, 80, 75, 2, 500 },
    { 25253, 1248, 2133, 16, 502 },
    { 26501, 203, 427, 7, 518 },
    { 26704, 546, 1297, 5, 525 },
};

static const EpdKernClassEntry newsreader_16_italicKernLeftClasses[] = {
    { 0x0020, 1 }, // U+0020
    { 0x0022, 2 }, // "
    { 0x0026, 3 }, // &
    { 0x0027, 2 }, // '
    { 0x0028, 4 }, // (
    { 0x0029, 5 }, // )
    { 0x002A, 6 }, // *
    { 0x002C, 7 }, // ,
    { 0x002D, 8 }, // -
    { 0x002E, 9 }, // .
    { 0x002F, 10 }, // /
    { 0x003A, 11 }, // :
    { 0x003B, 12 }, // ;
    { 0x003F, 13 }, // ?
    { 0x0040, 14 }, // @
    { 0x0041, 15 }, // A
    { 0x0042, 16 }, // B
    { 0x0043, 17 }, // C
    { 0x0044, 18 }, // D
    { 0x0045, 19 }, // E
    { 0x0046, 20 }, // F
    { 0x0047, 21 }, // G
    { 0x0048, 22 }, // H
    { 0x0049, 22 }, // I
    { 0x004A, 23 }, // J
    { 0x004B, 24 }, // K
    { 0x004C, 25 }, // L
    { 0x004D, 26 }, // M
    { 0x004E, 27 }, // N
    { 0x004F, 28 }, // O
    { 0x0050, 29 }, // P
    { 0x0051, 30 }, // Q
    { 0x0052, 31 }, // R
    { 0x0053, 32 }, // S
    { 0x0054, 33 }, // T
    { 0x0055, 34 }, // U
    { 0x0056, 35 }, // V
    { 0x0057, 36 }, // W
    { 0x0058, 37 }, // X
    { 0x0059, 38 }, // Y
    { 0x005A, 39 }, // Z
    { 0x005B, 40 }, // [
    { 0x005C, 41 }, // <backslash>
    { 0x005D, 42 }, // ]
    { 0x005F, 43 }, // _
    { 0x0061, 44 }, // a
    { 0x0062, 45 }, // b
    { 0x0063, 46 }, // c
    { 0x0064, 47 }, // d
    { 0x0065, 48 }, // e
    { 0x0066, 49 }, // f
    { 0x0067, 50 }, // g
    { 0x0068, 51 }, // h
    { 0x0069, 52 }, // i
    { 0x006A, 53 }, // j
    { 0x006B, 54 }, // k
    { 0x006C, 55 }, // l
    { 0x006D, 51 }, // m
    { 0x006E, 51 }, // n
    { 0x006F, 56 }, // o
    { 0x0070, 57 }, // p
    { 0x0071, 58 }, // q
    { 0x0072, 59 }, // r
    { 0x0073, 60 }, // s
    { 0x0074, 61 }, // t
    { 0x0075, 62 }, // u
    { 0x0076, 63 }, // v
    { 0x0077, 64 }, // w
    { 0x0078, 65 }, // x
    { 0x0079, 66 }, // y
    { 0x007A, 67 }, // z
    { 0x007B, 68 }, // {
    { 0x007C, 69 }, // |
    { 0x007D, 70 }, // }
    { 0x00A0, 1 }, // U+00A0
    { 0x00A1, 71 }, // U+00A1
    { 0x00A6, 69 }, // U+00A6
    { 0x00A9, 72 }, // U+00A9
    { 0x00AA, 73 }, // U+00AA
    { 0x00AB, 74 }, // U+00AB
    { 0x00AD, 8 }, // U+00AD
    { 0x00AE, 75 }, // U+00AE
    { 0x00B7, 76 }, // U+00B7
    { 0x00BA, 73 }, // U+00BA
    { 0x00BB, 77 }, // U+00BB
    { 0x00BF, 78 }, // U+00BF
    { 0x00C0, 15 }, // U+00C0
    { 0x00C1, 15 }, // U+00C1
    { 0x00C2, 15 }, // U+00C2
    { 0x00C3, 15 }, // U+00C3
    { 0x00C4, 15 }, // U+00C4
    { 0x00C5, 15 }, // U+00C5
    { 0x00C6, 19 }, // U+00C6
    { 0x00C7, 17 }, // U+00C7
    { 0x00C8, 19 }, // U+00C8
    { 0x00C9, 19 }, // U+00C9
    { 0x00CA, 19 }, // U+00CA
    { 0x00CB, 19 }, // U+00CB
    { 0x00CC, 22 }, // U+00CC
    { 0x00CD, 22 }, // U+00CD
    { 0x00CE, 22 }, // U+00CE
    { 0x00CF, 22 }, // U+00CF
    { 0x00D0, 18 }, // U+00D0
    { 0x00D1, 27 }, // U+00D1
    { 0x00D2, 28 }, // U+00D2
    { 0x00D3, 28 }, // U+00D3
    { 0x00D4, 28 }, // U+00D4
    { 0x00D5, 28 }, // U+00D5
    { 0x00D6, 28 }, // U+00D6
    { 0x00D8, 79 }, // U+00D8
    { 0x00D9, 34 }, // U+00D9
    { 0x00DA, 34 }, // U+00DA
    { 0x00DB, 34 }, // U+00DB
    { 0x00DC, 34 }, // U+00DC
    { 0x00DD, 38 }, // U+00DD
    { 0x00DE, 80 }, // U+00DE
    { 0x00DF, 81 }, // U+00DF
    { 0x00E0, 44 }, // U+00E0
    { 0x00E1, 82 }, // U+00E1
    { 0x00E2, 44 }, // U+00E2
    { 0x00E3, 44 }, // U+00E3
    { 0x00E4, 83 }, // U+00E4
    { 0x00E5, 44 }, // U+00E5
    { 0x00E6, 48 }, // U+00E6
    { 0x00E7, 84 }, // U+00E7
    { 0x00E8, 48 }, // U+00E8
    { 0x00E9, 48 }, // U+00E9
    { 0x00EA, 85 }, // U+00EA
    { 0x00EB, 86 }, // U+00EB
    { 0x00EC, 87 }, // U+00EC
    { 0x00ED, 88 }, // U+00ED
    { 0x00EE, 89 }, // U+00EE
    { 0x00EF, 90 }, // U+00EF
    { 0x00F0, 91 }, // U+00F0
    { 0x00F1, 51 }, // U+00F1
    { 0x00F2, 56 }, // U+00F2
    { 0x00F3, 92 }, // U+00F3
    { 0x00F4, 93 }, // U+00F4
    { 0x00F5, 94 }, // U+00F5
    { 0x00F6, 95 }, // U+00F6
    { 0x00F8, 96 }, // U+00F8
    { 0x00F9, 62 }, // U+00F9
    { 0x00FA, 62 }, // U+00FA
    { 0x00FB, 62 }, // U+00FB
    { 0x00FC, 62 }, // U+00FC
    { 0x00FD, 66 }, // U+00FD
    { 0x00FE, 57 }, // U+00FE
    { 0x00FF, 66 }, // U+00FF
    { 0x0100, 15 }, // U+0100
    { 0x0101, 44 }, // U+0101
    { 0x0102, 15 }, // U+0102
    { 0x0103, 44 }, // U+0103
    { 0x0104, 97 }, // U+0104
    { 0x0105, 98 }, // U+0105
    { 0x0106, 17 }, // U+0106
    { 0x0107, 99 }, // U+0107
    { 0x0108, 17 }, // U+0108
    { 0x0109, 46 }, // U+0109
    { 0x010A, 17 }, // U+010A
    { 0x010B, 46 }, // U+010B
    { 0x010C, 17 }, // U+010C
    { 0x010D, 46 }, // U+010D
    { 0x010E, 18 }, // U+010E
    { 0x010F, 100 }, // U+010F
    { 0x0110, 18 }, // U+0110
    { 0x0111, 101 }, // U+0111
    { 0x0112, 19 }, // U+0112
    { 0x0113, 102 }, // U+0113
    { 0x0114, 19 }, // U+0114
    { 0x0115, 103 }, // U+0115
    { 0x0116, 19 }, // U+0116
    { 0x0117, 48 }, // U+0117
    { 0x0118, 104 }, // U+0118
    { 0x0119, 105 }, // U+0119
    { 0x011A, 19 }, // U+011A
    { 0x011B, 106 }, // U+011B
    { 0x011C, 21 }, // U+011C
    { 0x011D, 50 }, // U+011D
    { 0x011E, 21 }, // U+011E
    { 0x011F, 50 }, // U+011F
    { 0x0120, 21 }, // U+0120
    { 0x0121, 50 }, // U+0121
    { 0x0122, 21 }, // U+0122
    { 0x0123, 50 }, // U+0123
    { 0x0124, 22 }, // U+0124
    { 0x0125, 51 }, // U+0125
    { 0x0126, 22 }, // U+0126
    { 0x0127, 51 }, // U+0127
    { 0x0128, 22 }, // U+0128
    { 0x0129, 107 }, // U+0129
    { 0x012A, 22 }, // U+012A
    { 0x012B, 108 }, // U+012B
    { 0x012C, 22 }, // U+012C
    { 0x012D, 109 }, // U+012D
    { 0x012E, 110 }, // U+012E
    { 0x012F, 111 }, // U+012F
    { 0x0130, 22 }, // U+0130
    { 0x0131, 87 }, // U+0131
    { 0x0134, 23 }, // U+0134
    { 0x0135, 112 }, // U+0135
    { 0x0136, 24 }, // U+0136
    { 0x0137, 54 }, // U+0137
    { 0x0138, 54 }, // U+0138
    { 0x0139, 25 }, // U+0139
    { 0x013A, 55 }, // U+013A
    { 0x013B, 25 }, // U+013B
    { 0x013C, 113 }, // U+013C
    { 0x013D, 114 }, // U+013D
    { 0x013E, 115 }, // U+013E
    { 0x013F, 25 }, // U+013F
    { 0x0141, 25 }, // U+0141
    { 0x0142, 116 }, // U+0142
    { 0x0143, 27 }, // U+0143
    { 0x0144, 117 }, // U+0144
    { 0x0145, 27 }, // U+0145
    { 0x0146, 51 }, // U+0146
    { 0x0147, 27 }, // U+0147
    { 0x0148, 51 }, // U+0148
    { 0x014A, 118 }, // U+014A
    { 0x014B, 119 }, // U+014B
    { 0x014C, 28 }, // U+014C
    { 0x014D, 120 }, // U+014D
    { 0x014E, 28 }, // U+014E
    { 0x014F, 94 }, // U+014F
    { 0x0150, 28 }, // U+0150
    { 0x0151, 121 }, // U+0151
    { 0x0152, 19 }, // U+0152
    { 0x0153, 48 }, // U+0153
    { 0x0154, 31 }, // U+0154
    { 0x0155, 59 }, // U+0155
    { 0x0156, 31 }, // U+0156
    { 0x0157, 59 }, // U+0157
    { 0x0158, 31 }, // U+0158
    { 0x0159, 59 }, // U+0159
    { 0x015A, 32 }, // U+015A
    { 0x015B, 122 }, // U+015B
    { 0x015C, 32 }, // U+015C
    { 0x015D, 123 }, // U+015D
    { 0x015E, 32 }, // U+015E
    { 0x015F, 124 }, // U+015F
    { 0x0160, 32 }, // U+0160
    { 0x0161, 125 }, // U+0161
    { 0x0162, 33 }, // U+0162
    { 0x0163, 126 }, // U+0163
    { 0x0164, 33 }, // U+0164
    { 0x0165, 127 }, // U+0165
    { 0x0166, 128 }, // U+0166
    { 0x0167, 61 }, // U+0167
    { 0x0168, 34 }, // U+0168
    { 0x0169, 62 }, // U+0169
    { 0x016A, 34 }, // U+016A
    { 0x016B, 62 }, // U+016B
    { 0x016C, 34 }, // U+016C
    { 0x016D, 62 }, // U+016D
    { 0x016E, 34 }, // U+016E
    { 0x016F, 62 }, // U+016F
    { 0x0170, 34 }, // U+0170
    { 0x0171, 129 }, // U+0171
    { 0x0172, 34 }, // U+0172
    { 0x0173, 130 }, // U+0173
    { 0x0174, 36 }, // U+0174
    { 0x0175, 64 }, // U+0175
    { 0x0176, 38 }, // U+0176
    { 0x0177, 66 }, // U+0177
    { 0x0178, 38 }, // U+0178
    { 0x0179, 39 }, // U+0179
    { 0x017A, 131 }, // U+017A
    { 0x017B, 39 }, // U+017B
    { 0x017C, 67 }, // U+017C
    { 0x017D, 39 }, // U+017D
    { 0x017E, 67 }, // U+017E
    { 0x01A0, 132 }, // U+01A0
    { 0x01A1, 133 }, // U+01A1
    { 0x01AF, 134 }, // U+01AF
    { 0x01B0, 135 }, // U+01B0
    { 0x01C4, 39 }, // U+01C4
    { 0x01C5, 67 }, // U+01C5
    { 0x01C6, 67 }, // U+01C6
    { 0x01C7, 23 }, // U+01C7
    { 0x01C8, 53 }, // U+01C8
    { 0x01C9, 53 }, // U+01C9
    { 0x01CA, 23 }, // U+01CA
    { 0x01CB, 53 }, // U+01CB
    { 0x01CC, 53 }, // U+01CC
    { 0x01E6, 21 }, // U+01E6
    { 0x01E7, 50 }, // U+01E7
    { 0x01EA, 28 }, // U+01EA
    { 0x01EB, 56 }, // U+01EB
    { 0x01FA, 15 }, // U+01FA
    { 0x01FB, 44 }, // U+01FB
    { 0x01FC, 19 }, // U+01FC
    { 0x01FD, 48 }, // U+01FD
    { 0x01FE, 79 }, // U+01FE
    { 0x01FF, 96 }, // U+01FF
    { 0x0200, 15 }, // U+0200
    { 0x0201, 44 }, // U+0201
    { 0x0202, 15 }, // U+0202
    { 0x0203, 44 }, // U+0203
    { 0x0204, 19 }, // U+0204
    { 0x0205, 48 }, // U+0205
    { 0x0206, 19 }, // U+0206
    { 0x0207, 85 }, // U+0207
    { 0x0208, 22 }, // U+0208
    { 0x0209, 136 }, // U+0209
    { 0x020A, 22 }, // U+020A
    { 0x020B, 137 }, // U+020B
    { 0x020C, 28 }, // U+020C
    { 0x020D, 56 }, // U+020D
    { 0x020E, 28 }, // U+020E
    { 0x020F, 56 }, // U+020F
    { 0x0210, 31 }, // U+0210
    { 0x0211, 59 }, // U+0211
    { 0x0212, 31 }, // U+0212
    { 0x0213, 59 }, // U+0213
    { 0x0214, 34 }, // U+0214
    { 0x0215, 62 }, // U+0215
    { 0x0216, 34 }, // U+0216
    { 0x0217, 62 }, // U+0217
    { 0x0218, 32 }, // U+0218
    { 0x0219, 60 }, // U+0219
    { 0x021A, 33 }, // U+021A
    { 0x021B, 126 }, // U+021B
    { 0x1EA0, 15 }, // U+1EA0
    { 0x1EA1, 44 }, // U+1EA1
    { 0x1EA2, 15 }, // U+1EA2
    { 0x1EA3, 44 }, // U+1EA3
    { 0x1EA4, 15 }, // U+1EA4
    { 0x1EA5, 138 }, // U+1EA5
    { 0x1EA6, 15 }, // U+1EA6
    { 0x1EA7, 44 }, // U+1EA7
    { 0x1EA8, 15 }, // U+1EA8
    { 0x1EA9, 139 }, // U+1EA9
    { 0x1EAA, 15 }, // U+1EAA
    { 0x1EAB, 44 }, // U+1EAB
    { 0x1EAC, 15 }, // U+1EAC
    { 0x1EAD, 44 }, // U+1EAD
    { 0x1EAE, 15 }, // U+1EAE
    { 0x1EAF, 44 }, // U+1EAF
    { 0x1EB0, 15 }, // U+1EB0
    { 0x1EB1, 44 }, // U+1EB1
    { 0x1EB2, 15 }, // U+1EB2
    { 0x1EB3, 44 }, // U+1EB3
    { 0x1EB4, 15 }, // U+1EB4
    { 0x1EB5, 44 }, // U+1EB5
    { 0x1EB6, 15 }, // U+1EB6
    { 0x1EB7, 44 }, // U+1EB7
    { 0x1EB8, 19 }, // U+1EB8
    { 0x1EB9, 48 }, // U+1EB9
    { 0x1EBA, 19 }, // U+1EBA
    { 0x1EBB, 48 }, // U+1EBB
    { 0x1EBC, 19 }, // U+1EBC
    { 0x1EBD, 103 }, // U+1EBD
    { 0x1EBE, 19 }, // U+1EBE
    { 0x1EBF, 140 }, // U+1EBF
    { 0x1EC0, 19 }, // U+1EC0
    { 0x1EC1, 85 }, // U+1EC1
    { 0x1EC2, 19 }, // U+1EC2
    { 0x1EC3, 141 }, // U+1EC3
    { 0x1EC4, 19 }, // U+1EC4
    { 0x1EC5, 85 }, // U+1EC5
    { 0x1EC6, 19 }, // U+1EC6
    { 0x1EC7, 85 }, // U+1EC7
    { 0x1EC8, 22 }, // U+1EC8
    { 0x1EC9, 142 }, // U+1EC9
    { 0x1ECA, 22 }, // U+1ECA
    { 0x1ECB, 52 }, // U+1ECB
    { 0x1ECC, 28 }, // U+1ECC
    { 0x1ECD, 56 }, // U+1ECD
    { 0x1ECE, 28 }, // U+1ECE
    { 0x1ECF, 56 }, // U+1ECF
    { 0x1ED0, 28 }, // U+1ED0
    { 0x1ED1, 143 }, // U+1ED1
    { 0x1ED2, 28 }, // U+1ED2
    { 0x1ED3, 93 }, // U+1ED3
    { 0x1ED4, 28 }, // U+1ED4
    { 0x1ED5, 144 }, // U+1ED5
    { 0x1ED6, 28 }, // U+1ED6
    { 0x1ED7, 56 }, // U+1ED7
    { 0x1ED8, 28 }, // U+1ED8
    { 0x1ED9, 93 }, // U+1ED9
    { 0x1EDA, 132 }, // U+1EDA
    { 0x1EDB, 133 }, // U+1EDB
    { 0x1EDC, 132 }, // U+1EDC
    { 0x1EDD, 133 }, // U+1EDD
    { 0x1EDE, 132 }, // U+1EDE
    { 0x1EDF, 133 }, // U+1EDF
    { 0x1EE0, 132 }, // U+1EE0
    { 0x1EE1, 133 }, // U+1EE1
    { 0x1EE2, 132 }, // U+1EE2
    { 0x1EE3, 133 }, // U+1EE3
    { 0x1EE4, 34 }, // U+1EE4
    { 0x1EE5, 62 }, // U+1EE5
    { 0x1EE6, 34 }, // U+1EE6
    { 0x1EE7, 62 }, // U+1EE7
    { 0x1EE8, 134 }, // U+1EE8
    { 0x1EE9, 135 }, // U+1EE9
    { 0x1EEA, 134 }, // U+1EEA
    { 0x1EEB, 135 }, // U+1EEB
    { 0x1EEC, 134 }, // U+1EEC
    { 0x1EED, 135 }, // U+1EED
    { 0x1EEE, 134 }, // U+1EEE
    { 0x1EEF, 135 }, // U+1EEF
    { 0x1EF0, 145 }, // U+1EF0
    { 0x1EF1, 135 }, // U+1EF1
    { 0x1EF2, 38 }, // U+1EF2
    { 0x1EF3, 66 }, // U+1EF3
    { 0x1EF4, 38 }, // U+1EF4
    { 0x1EF5, 146 }, // U+1EF5
    { 0x1EF6, 38 }, // U+1EF6
    { 0x1EF7, 66 }, // U+1EF7
    { 0x1EF8, 38 }, // U+1EF8
    { 0x1EF9, 66 }, // U+1EF9
    { 0x2013, 8 }, // U+2013
    { 0x2014, 8 }, // U+2014
    { 0x2018, 147 }, // U+2018
    { 0x2019, 148 }, // U+2019
    { 0x201A, 149 }, // U+201A
    { 0x201C, 147 }, // U+201C
    { 0x201D, 148 }, // U+201D
    { 0x201E, 149 }, // U+201E
    { 0x2020, 150 }, // U+2020
    { 0x2021, 151 }, // U+2021
    { 0x2022, 152 }, // U+2022
    { 0x2026, 9 }, // U+2026
    { 0x2032, 153 }, // U+2032
    { 0x2033, 153 }, // U+2033
    { 0x2039, 74 }, // U+2039
    { 0x203A, 77 }, // U+203A
    { 0xFB00, 49 }, // U+FB00
    { 0xFB01, 154 }, // U+FB01
    { 0xFB02, 55 }, // U+FB02
    { 0xFB03, 154 }, // U+FB03
    { 0xFB04, 55 }, // U+FB04
};

static const EpdKernClassEntry newsreader_16_italicKernRightClasses[] = {
    { 0x0020, 1 }, // U+0020
    { 0x0021, 2 }, // !
    { 0x0022, 3 }, // "
    { 0x0026, 4 }, // &
    { 0x0027, 3 }, // '
    { 0x0028, 5 }, // (
    { 0x0029, 6 }, // )
    { 0x002A, 7 }, // *
    { 0x002C, 8 }, // ,
    { 0x002D, 9 }, // -
    { 0x002E, 10 }, // .
    { 0x002F, 11 }, // /
    { 0x003A, 12 }, // :
    { 0x003B, 13 }, // ;
    { 0x003F, 14 }, // ?
    { 0x0040, 15 }, // @
    { 0x0041, 16 }, // A
    { 0x0042, 17 }, // B
    { 0x0043, 18 }, // C
    { 0x0044, 17 }, // D
    { 0x0045, 17 }, // E
    { 0x0046, 17 }, // F
    { 0x0047, 18 }, // G
    { 0x0048, 17 }, // H
    { 0x0049, 17 }, // I
    { 0x004A, 19 }, // J
    { 0x004B, 17 }, // K
    { 0x004C, 17 }, // L
    { 0x004D, 20 }, // M
    { 0x004E, 21 }, // N
    { 0x004F, 22 }, // O
    { 0x0050, 17 }, // P
    { 0x0051, 22 }, // Q
    { 0x0052, 17 }, // R
    { 0x0053, 23 }, // S
    { 0x0054, 24 }, // T
    { 0x0055, 25 }, // U
    { 0x0056, 26 }, // V
    { 0x0057, 27 }, // W
    { 0x0058, 28 }, // X
    { 0x0059, 29 }, // Y
    { 0x005A, 30 }, // Z
    { 0x005B, 31 }, // [
    { 0x005C, 32 }, // <backslash>
    { 0x005D, 33 }, // ]
    { 0x005F, 34 }, // _
    { 0x0061, 35 }, // a
    { 0x0062, 36 }, // b
    { 0x0063, 37 }, // c
    { 0x0064, 35 }, // d
    { 0x0065, 37 }, // e
    { 0x0066, 38 }, // f
    { 0x0067, 39 }, // g
    { 0x0068, 40 }, // h
    { 0x0069, 41 }, // i
    { 0x006A, 42 }, // j
    { 0x006B, 40 }, // k
    { 0x006C, 43 }, // l
    { 0x006D, 44 }, // m
    { 0x006E, 44 }, // n
    { 0x006F, 37 }, // o
    { 0x0070, 44 }, // p
    { 0x0071, 35 }, // q
    { 0x0072, 44 }, // r
    { 0x0073, 45 }, // s
    { 0x0074, 46 }, // t
    { 0x0075, 47 }, // u
    { 0x0076, 48 }, // v
    { 0x0077, 49 }, // w
    { 0x0078, 50 }, // x
    { 0x0079, 51 }, // y
    { 0x007A, 52 }, // z
    { 0x007B, 53 }, // {
    { 0x007C, 54 }, // |
    { 0x007D, 55 }, // }
    { 0x00A0, 1 }, // U+00A0
    { 0x00A1, 56 }, // U+00A1
    { 0x00A6, 54 }, // U+00A6
    { 0x00A9, 57 }, // U+00A9
    { 0x00AA, 58 }, // U+00AA
    { 0x00AB, 59 }, // U+00AB
    { 0x00AD, 9 }, // U+00AD
    { 0x00AE, 60 }, // U+00AE
    { 0x00B2, 61 }, // U+00B2
    { 0x00B3, 62 }, // U+00B3
    { 0x00B7, 63 }, // U+00B7
    { 0x00B9, 64 }, // U+00B9
    { 0x00BA, 65 }, // U+00BA
    { 0x00BB, 66 }, // U+00BB
    { 0x00BF, 67 }, // U+00BF
    { 0x00C0, 16 }, // U+00C0
    { 0x00C1, 16 }, // U+00C1
    { 0x00C2, 16 }, // U+00C2
    { 0x00C3, 16 }, // U+00C3
    { 0x00C4, 16 }, // U+00C4
    { 0x00C5, 16 }, // U+00C5
    { 0x00C6, 68 }, // U+00C6
    { 0x00C7, 18 }, // U+00C7
    { 0x00C8, 17 }, // U+00C8
    { 0x00C9, 17 }, // U+00C9
    { 0x00CA, 17 }, // U+00CA
    { 0x00CB, 17 }, // U+00CB
    { 0x00CC, 17 }, // U+00CC
    { 0x00CD, 17 }, // U+00CD
    { 0x00CE, 17 }, // U+00CE
    { 0x00CF, 17 }, // U+00CF
    { 0x00D0, 17 }, // U+00D0
    { 0x00D1, 21 }, // U+00D1
    { 0x00D2, 22 }, // U+00D2
    { 0x00D3, 22 }, // U+00D3
    { 0x00D4, 22 }, // U+00D4
    { 0x00D5, 22 }, // U+00D5
    { 0x00D6, 22 }, // U+00D6
    { 0x00D8, 69 }, // U+00D8
    { 0x00D9, 25 }, // U+00D9
    { 0x00DA, 25 }, // U+00DA
    { 0x00DB, 25 }, // U+00DB
    { 0x00DC, 25 }, // U+00DC
    { 0x00DD, 29 }, // U+00DD
    { 0x00DE, 17 }, // U+00DE
    { 0x00DF, 38 }, // U+00DF
    { 0x00E0, 70 }, // U+00E0
    { 0x00E1, 35 }, // U+00E1
    { 0x00E2, 71 }, // U+00E2
    { 0x00E3, 35 }, // U+00E3
    { 0x00E4, 72 }, // U+00E4
    { 0x00E5, 35 }, // U+00E5
    { 0x00E6, 35 }, // U+00E6
    { 0x00E7, 37 }, // U+00E7
    { 0x00E8, 73 }, // U+00E8
    { 0x00E9, 37 }, // U+00E9
    { 0x00EA, 74 }, // U+00EA
    { 0x00EB, 75 }, // U+00EB
    { 0x00EC, 76 }, // U+00EC
    { 0x00ED, 77 }, // U+00ED
    { 0x00EE, 78 }, // U+00EE
    { 0x00EF, 79 }, // U+00EF
    { 0x00F0, 80 }, // U+00F0
    { 0x00F1, 44 }, // U+00F1
    { 0x00F2, 81 }, // U+00F2
    { 0x00F3, 37 }, // U+00F3
    { 0x00F4, 82 }, // U+00F4
    { 0x00F5, 83 }, // U+00F5
    { 0x00F6, 84 }, // U+00F6
    { 0x00F8, 85 }, // U+00F8
    { 0x00F9, 86 }, // U+00F9
    { 0x00FA, 47 }, // U+00FA
    { 0x00FB, 47 }, // U+00FB
    { 0x00FC, 87 }, // U+00FC
    { 0x00FD, 51 }, // U+00FD
    { 0x00FE, 88 }, // U+00FE
    { 0x00FF, 89 }, // U+00FF
    { 0x0100, 16 }, // U+0100
    { 0x0101, 35 }, // U+0101
    { 0x0102, 16 }, // U+0102
    { 0x0103, 90 }, // U+0103
    { 0x0104, 16 }, // U+0104
    { 0x0105, 35 }, // U+0105
    { 0x0106, 18 }, // U+0106
    { 0x0107, 37 }, // U+0107
    { 0x0108, 18 }, // U+0108
    { 0x0109, 91 }, // U+0109
    { 0x010A, 18 }, // U+010A
    { 0x010B, 92 }, // U+010B
    { 0x010C, 18 }, // U+010C
    { 0x010D, 93 }, // U+010D
    { 0x010E, 17 }, // U+010E
    { 0x010F, 35 }, // U+010F
    { 0x0110, 17 }, // U+0110
    { 0x0111, 35 }, // U+0111
    { 0x0112, 17 }, // U+0112
    { 0x0113, 94 }, // U+0113
    { 0x0114, 17 }, // U+0114
    { 0x0115, 95 }, // U+0115
    { 0x0116, 17 }, // U+0116
    { 0x0117, 92 }, // U+0117
    { 0x0118, 17 }, // U+0118
    { 0x0119, 37 }, // U+0119
    { 0x011A, 17 }, // U+011A
    { 0x011B, 96 }, // U+011B
    { 0x011C, 18 }, // U+011C
    { 0x011D, 97 }, // U+011D
    { 0x011E, 18 }, // U+011E
    { 0x011F, 98 }, // U+011F
    { 0x0120, 18 }, // U+0120
    { 0x0121, 39 }, // U+0121
    { 0x0122, 18 }, // U+0122
    { 0x0123, 39 }, // U+0123
    { 0x0124, 17 }, // U+0124
    { 0x0125, 40 }, // U+0125
    { 0x0126, 17 }, // U+0126
    { 0x0127, 99 }, // U+0127
    { 0x0128, 100 }, // U+0128
    { 0x0129, 101 }, // U+0129
    { 0x012A, 17 }, // U+012A
    { 0x012B, 102 }, // U+012B
    { 0x012C, 17 }, // U+012C
    { 0x012D, 103 }, // U+012D
    { 0x012E, 17 }, // U+012E
    { 0x012F, 41 }, // U+012F
    { 0x0130, 17 }, // U+0130
    { 0x0131, 104 }, // U+0131
    { 0x0134, 19 }, // U+0134
    { 0x0135, 105 }, // U+0135
    { 0x0136, 17 }, // U+0136
    { 0x0137, 40 }, // U+0137
    { 0x0138, 44 }, // U+0138
    { 0x0139, 17 }, // U+0139
    { 0x013A, 43 }, // U+013A
    { 0x013B, 17 }, // U+013B
    { 0x013C, 43 }, // U+013C
    { 0x013D, 17 }, // U+013D
    { 0x013E, 43 }, // U+013E
    { 0x013F, 17 }, // U+013F
    { 0x0140, 43 }, // U+0140
    { 0x0141, 106 }, // U+0141
    { 0x0142, 107 }, // U+0142
    { 0x0143, 21 }, // U+0143
    { 0x0144, 44 }, // U+0144
    { 0x0145, 21 }, // U+0145
    { 0x0146, 44 }, // U+0146
    { 0x0147, 21 }, // U+0147
    { 0x0148, 44 }, // U+0148
    { 0x014A, 21 }, // U+014A
    { 0x014B, 44 }, // U+014B
    { 0x014C, 22 }, // U+014C
    { 0x014D, 108 }, // U+014D
    { 0x014E, 22 }, // U+014E
    { 0x014F, 109 }, // U+014F
    { 0x0150, 22 }, // U+0150
    { 0x0151, 37 }, // U+0151
    { 0x0152, 22 }, // U+0152
    { 0x0153, 37 }, // U+0153
    { 0x0154, 17 }, // U+0154
    { 0x0155, 44 }, // U+0155
    { 0x0156, 17 }, // U+0156
    { 0x0157, 44 }, // U+0157
    { 0x0158, 17 }, // U+0158
    { 0x0159, 110 }, // U+0159
    { 0x015A, 23 }, // U+015A
    { 0x015B, 45 }, // U+015B
    { 0x015C, 23 }, // U+015C
    { 0x015D, 111 }, // U+015D
    { 0x015E, 23 }, // U+015E
    { 0x015F, 45 }, // U+015F
    { 0x0160, 23 }, // U+0160
    { 0x0161, 112 }, // U+0161
    { 0x0162, 24 }, // U+0162
    { 0x0163, 46 }, // U+0163
    { 0x0164, 24 }, // U+0164
    { 0x0165, 46 }, // U+0165
    { 0x0166, 113 }, // U+0166
    { 0x0167, 114 }, // U+0167
    { 0x0168, 25 }, // U+0168
    { 0x0169, 47 }, // U+0169
    { 0x016A, 25 }, // U+016A
    { 0x016B, 47 }, // U+016B
    { 0x016C, 25 }, // U+016C
    { 0x016D, 115 }, // U+016D
    { 0x016E, 25 }, // U+016E
    { 0x016F, 47 }, // U+016F
    { 0x0170, 25 }, // U+0170
    { 0x0171, 47 }, // U+0171
    { 0x0172, 25 }, // U+0172
    { 0x0173, 47 }, // U+0173
    { 0x0174, 27 }, // U+0174
    { 0x0175, 49 }, // U+0175
    { 0x0176, 29 }, // U+0176
    { 0x0177, 116 }, // U+0177
    { 0x0178, 29 }, // U+0178
    { 0x0179, 30 }, // U+0179
    { 0x017A, 52 }, // U+017A
    { 0x017B, 30 }, // U+017B
    { 0x017C, 52 }, // U+017C
    { 0x017D, 30 }, // U+017D
    { 0x017E, 117 }, // U+017E
    { 0x01A0, 22 }, // U+01A0
    { 0x01A1, 37 }, // U+01A1
    { 0x01AF, 25 }, // U+01AF
    { 0x01B0, 47 }, // U+01B0
    { 0x01C4, 17 }, // U+01C4
    { 0x01C5, 17 }, // U+01C5
    { 0x01C6, 35 }, // U+01C6
    { 0x01C7, 17 }, // U+01C7
    { 0x01C8, 17 }, // U+01C8
    { 0x01C9, 43 }, // U+01C9
    { 0x01CA, 21 }, // U+01CA
    { 0x01CB, 21 }, // U+01CB
    { 0x01CC, 44 }, // U+01CC
    { 0x01E6, 18 }, // U+01E6
    { 0x01E7, 98 }, // U+01E7
    { 0x01EA, 22 }, // U+01EA
    { 0x01EB, 37 }, // U+01EB
    { 0x01FA, 16 }, // U+01FA
    { 0x01FB, 35 }, // U+01FB
    { 0x01FC, 68 }, // U+01FC
    { 0x01FD, 35 }, // U+01FD
    { 0x01FE, 69 }, // U+01FE
    { 0x01FF, 85 }, // U+01FF
    { 0x0200, 16 }, // U+0200
    { 0x0201, 118 }, // U+0201
    { 0x0202, 16 }, // U+0202
    { 0x0203, 71 }, // U+0203
    { 0x0204, 17 }, // U+0204
    { 0x0205, 119 }, // U+0205
    { 0x0206, 17 }, // U+0206
    { 0x0207, 120 }, // U+0207
    { 0x0208, 17 }, // U+0208
    { 0x0209, 121 }, // U+0209
    { 0x020A, 17 }, // U+020A
    { 0x020B, 122 }, // U+020B
    { 0x020C, 22 }, // U+020C
    { 0x020D, 123 }, // U+020D
    { 0x020E, 22 }, // U+020E
    { 0x020F, 83 }, // U+020F
    { 0x0210, 17 }, // U+0210
    { 0x0211, 124 }, // U+0211
    { 0x0212, 17 }, // U+0212
    { 0x0213, 125 }, // U+0213
    { 0x0214, 25 }, // U+0214
    { 0x0215, 126 }, // U+0215
    { 0x0216, 25 }, // U+0216
    { 0x0217, 47 }, // U+0217
    { 0x0218, 23 }, // U+0218
    { 0x0219, 45 }, // U+0219
    { 0x021A, 24 }, // U+021A
    { 0x021B, 46 }, // U+021B
    { 0x1EA0, 16 }, // U+1EA0
    { 0x1EA1, 35 }, // U+1EA1
    { 0x1EA2, 16 }, // U+1EA2
    { 0x1EA3, 35 }, // U+1EA3
    { 0x1EA4, 16 }, // U+1EA4
    { 0x1EA5, 71 }, // U+1EA5
    { 0x1EA6, 16 }, // U+1EA6
    { 0x1EA7, 127 }, // U+1EA7
    { 0x1EA8, 16 }, // U+1EA8
    { 0x1EA9, 71 }, // U+1EA9
    { 0x1EAA, 16 }, // U+1EAA
    { 0x1EAB, 90 }, // U+1EAB
    { 0x1EAC, 16 }, // U+1EAC
    { 0x1EAD, 71 }, // U+1EAD
    { 0x1EAE, 16 }, // U+1EAE
    { 0x1EAF, 35 }, // U+1EAF
    { 0x1EB0, 16 }, // U+1EB0
    { 0x1EB1, 35 }, // U+1EB1
    { 0x1EB2, 16 }, // U+1EB2
    { 0x1EB3, 35 }, // U+1EB3
    { 0x1EB4, 16 }, // U+1EB4
    { 0x1EB5, 90 }, // U+1EB5
    { 0x1EB6, 16 }, // U+1EB6
    { 0x1EB7, 90 }, // U+1EB7
    { 0x1EB8, 17 }, // U+1EB8
    { 0x1EB9, 37 }, // U+1EB9
    { 0x1EBA, 17 }, // U+1EBA
    { 0x1EBB, 128 }, // U+1EBB
    { 0x1EBC, 17 }, // U+1EBC
    { 0x1EBD, 129 }, // U+1EBD
    { 0x1EBE, 17 }, // U+1EBE
    { 0x1EBF, 74 }, // U+1EBF
    { 0x1EC0, 17 }, // U+1EC0
    { 0x1EC1, 130 }, // U+1EC1
    { 0x1EC2, 17 }, // U+1EC2
    { 0x1EC3, 74 }, // U+1EC3
    { 0x1EC4, 17 }, // U+1EC4
    { 0x1EC5, 131 }, // U+1EC5
    { 0x1EC6, 17 }, // U+1EC6
    { 0x1EC7, 74 }, // U+1EC7
    { 0x1EC8, 17 }, // U+1EC8
    { 0x1EC9, 132 }, // U+1EC9
    { 0x1ECA, 17 }, // U+1ECA
    { 0x1ECB, 41 }, // U+1ECB
    { 0x1ECC, 22 }, // U+1ECC
    { 0x1ECD, 37 }, // U+1ECD
    { 0x1ECE, 22 }, // U+1ECE
    { 0x1ECF, 92 }, // U+1ECF
    { 0x1ED0, 22 }, // U+1ED0
    { 0x1ED1, 82 }, // U+1ED1
    { 0x1ED2, 22 }, // U+1ED2
    { 0x1ED3, 133 }, // U+1ED3
    { 0x1ED4, 22 }, // U+1ED4
    { 0x1ED5, 82 }, // U+1ED5
    { 0x1ED6, 22 }, // U+1ED6
    { 0x1ED7, 109 }, // U+1ED7
    { 0x1ED8, 22 }, // U+1ED8
    { 0x1ED9, 82 }, // U+1ED9
    { 0x1EDA, 22 }, // U+1EDA
    { 0x1EDB, 37 }, // U+1EDB
    { 0x1EDC, 22 }, // U+1EDC
    { 0x1EDD, 81 }, // U+1EDD
    { 0x1EDE, 22 }, // U+1EDE
    { 0x1EDF, 92 }, // U+1EDF
    { 0x1EE0, 22 }, // U+1EE0
    { 0x1EE1, 83 }, // U+1EE1
    { 0x1EE2, 22 }, // U+1EE2
    { 0x1EE3, 37 }, // U+1EE3
    { 0x1EE4, 25 }, // U+1EE4
    { 0x1EE5, 47 }, // U+1EE5
    { 0x1EE6, 25 }, // U+1EE6
    { 0x1EE7, 47 }, // U+1EE7
    { 0x1EE8, 25 }, // U+1EE8
    { 0x1EE9, 47 }, // U+1EE9
    { 0x1EEA, 25 }, // U+1EEA
    { 0x1EEB, 86 }, // U+1EEB
    { 0x1EEC, 25 }, // U+1EEC
    { 0x1EED, 47 }, // U+1EED
    { 0x1EEE, 25 }, // U+1EEE
    { 0x1EEF, 47 }, // U+1EEF
    { 0x1EF0, 25 }, // U+1EF0
    { 0x1EF1, 47 }, // U+1EF1
    { 0x1EF2, 29 }, // U+1EF2
    { 0x1EF3, 134 }, // U+1EF3
    { 0x1EF4, 29 }, // U+1EF4
    { 0x1EF5, 51 }, // U+1EF5
    { 0x1EF6, 29 }, // U+1EF6
    { 0x1EF7, 51 }, // U+1EF7
    { 0x1EF8, 29 }, // U+1EF8
    { 0x1EF9, 135 }, // U+1EF9
    { 0x2013, 136 }, // U+2013
    { 0x2014, 136 }, // U+2014
    { 0x2018, 137 }, // U+2018
    { 0x2019, 138 }, // U+2019
    { 0x201A, 139 }, // U+201A
    { 0x201C, 137 }, // U+201C
    { 0x201D, 138 }, // U+201D
    { 0x201E, 139 }, // U+201E
    { 0x2020, 140 }, // U+2020
    { 0x2021, 141 }, // U+2021
    { 0x2022, 142 }, // U+2022
    { 0x2026, 10 }, // U+2026
    { 0x2032, 143 }, // U+2032
    { 0x2033, 143 }, // U+2033
    { 0x2039, 59 }, // U+2039
    { 0x203A, 66 }, // U+203A
    { 0x2070, 61 }, // U+2070
    { 0xFB00, 144 }, // U+FB00
    { 0xFB01, 38 }, // U+FB01
    { 0xFB02, 38 }, // U+FB02
    { 0xFB03, 144 }, // U+FB03
    { 0xFB04, 144 }, // U+FB04
};

static const int8_t newsreader_16_italicKernMatrix[] = {
       0,    0,   -1,    0,    0,    0,   -2,   -1,    0,   -1,   -1,    0,    0,   -1,    0,   -1,    0,    0,   -1,    0,    0,    0,    0,   -1,    0,   -2,   -1,   -1,   -2,    0,    0,   -1,   -1,   -1,    0,    0,    0,   -1,    0,    0,    0,    0,    0,    0,    0,    0,    0,    0,    0,    0,   -1,    0,    0,    0,    0,    0,    0,    0,    0,   -1,    0,    0,    0,    0,    0,    0,    0,   -1,    0,    0,    0,    0,    0,    0,    0,    0,    0,    0,    0,    0,    0,    0,    0,    0,    0,    0,    0,    0,   -1,    0,    0,    0,    0,    0,    0,    0,    0,    0,    0,    0,    0,    0,    0,    0,    0,    0,    0,    0,    0,    0,    0,    0,   -1,    0,    0,   -1,    0,    0,    0,    0,    0,    0,    0,    0,    0,    0,    0,    0,    0,    0,    0,    0,    0,   -1,   -1,    0,   -1,   -1,   -1,    0,    0,    0,   -1,   -1,
      -1,    0,    0,   -1,    0,    0,    0,   -4,   -3,   -4,    0,    0,    0,    0,    0,   -3,    0,    0,   -2,    0,    0,    0,    0,    0,    0,    1,    0,    0,    0,    0,    0,    0,    0,    0,   -2,    0,   -2,    0,   -1,    0,   -1,   -1,    0,   -1,   -1,    0,   -1,   -1,   -1,   -2,    0,   -1,   -1,    0,    0,   -1,    0,    0,   -3,    0,    0,    0,    0,    0,    0,   -1,   -3,   -3,    0,   -2,   -2,   -2,   -2,   -3,   -2,    1,   -1,    0,    1,    0,   -3,   -2,   -2,   -3,   -2,   -1,   -1,    1,    0,   -2,   -2,   -2,   -2,   -3,   -2,   -2,   -2,   -2,    1,    0,    0,    0,    0,   -1,    1,    0,    0,   -2,   -2,   -1,   -1,   -1,    0,    0,   -1,    0,   -2,   -2,    0,   -3,    3,    0,   -1,    1,   -1,   -1,   -2,   -2,   -2,    0,   -2,   -1,   -1,    0,    0,   -3,    0,    0,   -4,    0,    0,    0,    0,    0,
      -2,    0,   -1,    0,    0,    0,   -1,    0,    0,    0,    0,    0,    0,    0,    0,    1,    0,    0,    0,    0,    0,    0,    0,   -2,   -1,   -2,   -2,    1,   -3,    0,    0,    0,    0,    0,    0,    0,    0,    0,    0,    0,    0,    0,    0,    0,    0,    0,    0,    0,    0,    0,    0,    0,    0,    0,    0,    0,    0,    0,   -1,    0,    0,    0,    0,    0,    0,    0,    0,    1,    0,    0,    0,    0,    0,    0,    0,    0,    0,    0,    0,    0,    0,    0,    0,    0,    0,    0,    0,    0,    0,    0,    0,    0,    0,    0,    0,    0,    0,    0,    0,    0,    0,    0,    0,    0,    0,    0,    0,    0,    0,    0,    0,    0,   -2,    0,    0,    0,    0,    0,    0,    0,    0,    0,    0,    0,    0,    0,    0,    0,    0,    0,    0,    0,    0,    0,    0,    0,   -1,   -1,    0,    0,    0,    0,   -1,    0,
       0,    0,    0,   -1,   -1,    0,    0,   -1,   -2,   -1,    0,   -1,   -1,    0,    0,    0,    0,   -1,    0,    0,    0,   -1,    0,    0,    0,    0,    0,    0,    0,    0,    0,    0,    0,    0,   -2,    0,   -2,    0,    0,    0,   -1,    1,    0,   -2,   -1,   -1,   -2,   -2,   -2,   -1,   -2,   -1,   -1,    0,    0,    0,   -1,    0,   -2,    0,    0,    0,    0,    0,    0,   -2,    0,    0,   -1,   -2,   -2,   -2,   -1,   -2,   -2,    0,   -1,   -1,    0,    0,   -2,   -2,   -2,   -2,   -2,   -2,   -2,    0,   -2,   -2,   -2,   -2,   -1,   -2,   -2,   -2,    0,    0,    0,    0,   -1,   -1,    0,   -1,    1,    0,    0,   -2,   -2,   -2,   -1,   -1,    0,   -1,   -2,   -2,   -1,   -1,    0,   -2,    2,   -1,   -1,    0,   -2,   -1,    0,   -2,   -2,    2,   -2,   -1,    1,   -2,   -2,   -2,    0,    0,   -1,    0,    0,    0,    0,    0,
       0,    0,   -1,    0,    0,   -1,   -1,    0,    0,    0,    0,    0,    0,    0,    0,    0,    0,    0,    0,    0,    0,    0,    0,    0,    0,    0,    0,    0,    0,    0,    0,    0,   -1,    0,    0,    0,    0,    0,    0,    0,    0,    0,    0,    0,    0,    0,    0,    0,    0,    0,    0,    0,    0,    0,   -1,    0,    0,    0,    0,    0,    0,    0,    0,    0,    0,    0,    0,    0,    0,    0,    0,    0,    0,    0,    0,    0,    0,    0,    0,    0,    0,    0,    0,    0,    0,    0,    0,    0,    0,    0,    0,    0,    0,    0,    0,    0,    0,    0,    0,    0,    0,    0,    0,    0,    0,    0,    0,    0,    0,    0,    0,    0,    0,    0,    0,    0,    0,    0,    0,    0,    0,    0,    0,    0,    0,    0,    0,    0,    0,    0,    0,    0,    0,    0,    0,    0,   -1,    0,    0,    0,    0,    0,    0,    0,
      -2,    0,    0,   -1,    0,   -1,    0,   -4,   -3,   -4,    0,   -1,   -1,   -1,    0,   -3,   -1,    0,   -2,   -1,   -1,    0,    0,    0,   -1,   -1,   -1,   -2,   -1,    0,    0,    0,   -2,    0,   -1,    0,   -1,    0,   -1,    0,   -1,   -1,    0,   -1,   -1,    0,   -1,    0,    0,   -1,    0,   -1,    0,    0,   -1,   -1,    0,    0,   -2,    0,    0,    0,    0,    0,    0,   -1,   -3,   -3,    0,   -1,   -1,   -1,   -1,   -1,   -1,   -1,   -1,    1,    0,   -1,   -1,   -1,   -1,   -1,   -1,   -1,   -1,    0,    0,   -1,    0,   -1,   -1,   -1,   -1,   -1,    0,   -1,    1,   -1,    0,    0,   -1,   -1,    2,   -1,   -1,   -1,   -1,   -1,    0,   -1,    0,    0,   -1,    0,   -1,   -1,   -1,   -1,    0,    1,   -1,   -1,   -1,   -1,   -1,   -1,   -1,   -1,   -1,   -1,   -1,    0,    0,   -3,    0,    0,   -4,    0,    0,    0,    0,    0,
      -1,    0,   -4,   -1,   -1,   -1,   -4,    0,   -2,    0,    0,    0,    0,   -2,   -2,    0,    0,   -2,    0,    0,    0,   -2,   -1,   -3,   -2,   -3,   -3,    0,   -4,    0,    0,   -3,    0,    0,    0,   -1,   -1,    2,   -1,    0,   -1,    0,    0,   -2,    0,   -2,   -2,   -2,   -2,    0,   -3,   -1,   -2,   -1,   -1,    0,   -2,    0,   -2,   -4,    0,    0,   -2,    0,    0,    0,    0,    0,   -4,    0,    0,    0,   -1,   -1,   -1,   -1,   -1,   -1,   -1,   -1,   -1,   -1,   -1,   -1,   -2,   -2,   -2,    0,   -3,    0,   -1,   -1,   -1,   -1,   -1,   -1,   -1,   -1,    0,    0,   -1,   -1,   -1,   -1,    0,    0,   -1,   -1,   -1,   -2,    0,    0,   -3,   -2,   -2,   -3,   -1,    0,   -1,   -1,   -1,   -1,   -1,   -2,   -2,   -2,    0,   -1,   -1,   -1,   -1,   -1,   -1,   -3,   -3,   -2,   -5,   -5,    0,    0,    0,    0,   -4,    2,
       0,    0,   -4,    0,    0,   -2,   -4,   -1,    0,   -1,    0,   -1,   -1,    0,    0,   -2,   -1,   -1,   -2,   -1,   -1,   -1,    0,   -3,   -1,   -3,   -2,   -2,   -4,   -2,   -1,    0,   -2,    0,    0,    0,    0,   -2,    0,    0,   -1,   -1,    0,   -1,   -1,   -1,   -1,   -1,   -1,   -1,    0,   -1,    0,    0,   -2,    0,    0,    0,    0,    0,    0,    0,    0,    0,    0,   -2,    0,   -2,   -1,    0,    0,    0,    0,    0,    0,   -1,   -1,   -1,   -1,    0,    0,    0,    0,    0,    0,   -1,   -1,    0,    0,    0,    0,    0,    0,    0,    0,    0,    0,    0,    0,   -1,   -1,   -1,   -1,   -1,   -1,    0,    0,    0,    0,   -1,   -1,   -1,   -6,   -1,   -1,    0,   -1,    0,    0,    0,   -1,   -1,    0,   -1,   -1,   -1,    0,    0,    0,    0,    0,   -1,    0,    0,    0,    0,   -4,   -4,   -1,    0,    0,    0,   -4,   -2,
      -1,    0,   -4,   -1,   -1,   -1,   -4,    0,   -2,    0,    0,    0,    0,   -2,   -2,    0,    0,   -2,    0,    0,    0,   -2,   -1,   -3,   -2,   -3,   -3,    0,   -4,    0,    0,   -3,    0,    0,    0,   -1,   -1,    0,   -1,    0,   -1,   -2,    0,   -2,    0,   -2,   -2,   -2,   -2,    0,   -3,   -1,   -2,   -1,   -1,    0,   -2,    0,   -2,   -4,    0,    0,   -2,    0,    0,    0,    0,    0,   -4,    0,    0,    0,   -1,   -1,   -1,   -1,   -1,   -1,   -1,   -1,   -1,   -1,   -1,   -1,   -1,   -2,   -2,    0,   -3,    0,   -1,   -1,   -1,   -1,   -1,   -1,   -1,   -1,    0,    0,   -1,   -1,   -1,   -1,   -2,    0,   -1,   -1,   -1,   -2,    0,    0,   -3,   -2,   -2,   -3,   -1,    0,   -1,   -1,   -1,   -1,   -1,   -2,   -2,   -2,    0,   -1,   -1,   -1,   -1,   -1,   -1,   -3,   -3,   -2,   -5,   -5,    0,    0,    0,    0,   -4,    0,
      -1,    0,    0,    0,    0,    0,    0,   -3,    0,   -3,   -5,   -1,   -1,    0,    0,   -2,    0,    0,   -2,    0,    0,    0,    0,    0,    0,    0,    0,    0,    0,    0,    0,    0,    0,    0,   -3,    0,   -3,    0,   -2,    0,    0,    0,    0,   -1,   -3,    0,   -1,   -1,   -1,   -2,   -1,   -1,    0,    0,    0,    0,    0,    0,    0,    0,    0,    0,    0,    0,    0,    0,    0,   -2,    0,   -3,   -3,   -3,   -3,   -3,   -3,    0,    0,    0,    0,    0,   -3,   -3,   -3,   -3,   -3,   -1,   -1,    0,   -1,   -3,   -3,   -3,   -3,   -3,   -3,   -3,   -2,   -2,    0,    0,    0,    0,    0,    0,    0,    0,    0,   -3,   -3,   -1,   -3,   -3,    0,    0,   -1,   -1,   -1,   -3,   -3,   -3,    0,    0,   -3,   -1,   -1,   -1,   -3,   -3,   -3,   -3,   -3,    0,   -3,   -1,   -1,    0,    0,    0,   -3,    0,    0,    0,    0,    0,
       0,    0,   -1,    0,    0,   -1,   -2,    0,   -1,    0,    0,    0,    0,   -1,    0,    0,    0,    0,    0,    0,    0,    0,    0,   -2,   -1,   -2,   -2,    0,   -3,    0,    0,   -1,    0,    0,    0,    0,    0,    0,    0,    0,    0,    1,    0,    0,    0,    0,    0,    0,    0,    0,    0,    0,    0,    0,    0,    0,    0,    0,   -1,   -1,    0,    0,   -1,    0,    0,    0,    0,    0,    0,    0,    0,    0,    0,    0,    0,    0,    0,    0,    0,    0,    0,    0,    0,    0,    0,    0,    0,    0,    0,    0,    0,    0,    0,    0,    0,    0,    0,    0,    0,    0,    0,    0,    0,    0,    1,    0,   -1,    0,    0,    0,    0,    0,   -4,    0,    0,    0,    0,    0,    0,    0,    0,    0,    0,    0,    0,    0,    0,    0,    0,    0,    0,    0,    0,    0,    0,   -1,   -1,   -1,    0,    0,    0,    0,   -1,    0,
       0,    0,   -1,    0,    0,   -1,   -2,    0,   -1,    0,    0,    0,    0,   -1,    0,    0,    0,    0,    0,    0,    0,    0,    0,   -2,   -1,   -2,   -2,    0,   -3,    0,    0,   -1,    0,    0,    0,    0,    0,    1,    0,    0,    0,    2,    0,    0,    0,    0,    0,    0,    0,    0,    0,    0,    0,    0,    0,    0,    0,    0,   -1,   -1,    0,    0,   -1,    0,    0,    0,    0,    0,    0,    0,    0,    0,    0,    0,    0,    0,    0,    0,    0,    0,    0,    0,    0,    0,    0,    0,    0,    0,    0,    0,    0,    0,    0,    0,    0,    0,    0,    0,    0,    0,    0,    0,    0,    0,    2,    0,   -1,    0,    0,    0,    0,    0,   -4,    0,    0,    0,    0,    0,    0,    0,    0,    0,    0,    0,    0,    0,    0,    0,    0,    0,    0,    0,    0,    0,    0,   -1,   -1,   -1,    0,    0,    0,    0,   -1,    1,
       0,    0,    0,    0,    0,   -1,   -1,    0,    0,    0,    0,    0,    0,   -1,    0,    0,    0,    0,    0,    0,    0,    0,    0,    0,    0,    0,    0,    0,    0,    0,    0,    0,   -1,    0,    0,    0,    0,    0,    0,    0,    0,    0,    0,    0,    0,    0,    0,    0,    0,    0,    0,    0,    0,    0,   -1,    0,    0,    0,   -1,    0,    0,    0,    0,    0,    0,    0,    0,    0,    0,    0,    0,    0,    0,    0,    0,    0,    0,    0,    0,    0,    0,    0,    0,    0,    0,    0,    0,    0,    0,    0,    0,    0,    0,    0,    0,    0,    0,    0,    0,    0,    0,    0,    0,    0,    0,    0,    0,    0,    0,    0,    0,    0,    0,    0,    0,    0,    0,    0,    0,    0,    0,    0,    0,    0,    0,    0,    0,    0,    0,    0,    0,    0,    0,    0,    0,    0,    0,    0,   -2,    0,    0,    0,    0,    0,
      -1,    0,    0,    0,    0,    0,    0,   -1,    0,   -1,    0,    0,    0,    0,    0,   -2,   -1,    0,   -2,   -1,   -1,    0,    0,   -1,   -1,   -2,   -2,   -2,   -3,   -1,    0,    0,    0,    0,    0,    0,    0,    0,    0,    0,    0,    0,    0,    0,    0,    0,    0,    0,    0,    0,    0,    0,    0,    0,    0,    0,    0,    0,    0,    0,    0,    0,    0,    0,    0,    0,    0,   -2,    0,    0,    0,    0,    0,    0,    0,    0,    0,    0,    0,    0,    0,    0,    0,    0,    0,    0,    0,    0,    0,    0,    0,    0,    0,    0,    0,    0,    0,    0,    0,   -1,    0,    0,    0,    0,    0,    0,    0,    0,    0,    0,    0,    0,   -1,    0,    0,    0,    0,    0,    0,    0,    0,    0,    0,    0,    0,    0,    0,    0,    0,    0,    0,    0,    0,    0,    0,    0,    0,    0,   -1,    0,    0,    0,    0,    0,
      -2,    0,   -3,   -2,    0,    0,   -4,    0,   -2,    0,    0,    0,    0,   -2,   -2,    0,    0,   -2,    0,    0,    0,   -2,   -1,   -4,   -2,   -4,   -3,    0,   -4,   -1,    0,   -2,    0,    0,   -1,   -1,   -1,   -2,   -1,    0,   -1,   -1,    0,   -1,    0,   -1,   -1,   -1,   -1,    0,   -2,    0,    0,    0,   -1,    0,   -2,   -2,   -2,   -3,    0,    0,   -2,    0,   -2,    0,    0,    0,   -3,   -1,   -1,   -1,   -1,   -1,   -1,   -1,   -1,   -1,   -1,   -1,   -1,   -1,   -1,   -1,   -2,   -1,   -1,    0,   -2,   -1,   -1,   -1,   -1,   -1,   -1,   -1,   -1,   -1,    0,    0,   -1,   -1,   -1,   -1,   -1,   -1,   -1,   -1,   -1,   -1,    0,    0,   -4,   -1,   -1,   -2,    0,   -1,   -1,   -1,   -1,   -1,   -1,   -1,   -1,   -1,   -1,   -1,   -1,   -1,   -1,   -1,   -1,   -2,   -2,   -2,   -3,   -3,    0,   -3,   -3,   -1,    0,   -2,
       0,    0,    0,    0,    0,   -1,   -1,    0,    0,    0,    0,    0,    0,   -1,    0,   -1,   -1,    0,   -1,   -1,   -1,    0,    0,   -1,   -1,   -2,   -1,   -1,   -2,   -1,    0,    0,   -1,    0,    0,    0,    0,   -1,   -1,    0,    0,    0,    0,    0,    0,   -1,    0,    0,    0,    0,   -1,   -1,    0,    0,   -1,    0,    0,    0,    0,    0,    0,    0,    0,    0,    0,    0,    0,   -2,    0,    0,    0,    0,    0,    0,    0,    0,    0,    0,    0,    0,    0,    0,    0,    0,    0,    0,    0,    0,   -1,    0,    0,    0,    0,    0,    0,    0,   -1,   -1,    0,   -1,    0,    0,    0,    0,    0,    0,    0,    0,    0,    0,    0,    0,   -1,   -1,    0,   -1,   -1,    0,    0,    0,    0,    0,    0,    0,    0,    0,    0,    0,    0,    0,    0,    0,    0,   -1,   -1,    0,    0,   -1,    0,   -1,   -1,    0,    0,   -1,
       0,    0,    0,    0,    0,    0,   -1,    0,    0,    0,    0,    0,    0,   -1,    0,    0,    0,    0,    0,    0,    0,    0,    0,   -1,    0,   -1,   -1,    0,   -1,    0,    0,    0,    0,    0,    0,    0,    0,   -1,   -1,    0,    0,   -1,    0,    0,    0,    0,    0,    0,    0,    0,   -1,    0,    0,    0,    0,    0,    0,    0,    0,    0,    0,    0,    0,    0,    0,    0,    0,    0,    0,    0,    0,    0,    0,    0,    0,    0,    0,    0,    0,    0,    0,    0,    0,    0,    0,    0,    0,    0,   -1,    0,    0,    0,    0,    0,    0,    0,   -1,   -1,    0,    0,    0,    0,    0,    0,   -1,    0,    0,    0,    0,    0,    0,    0,   -1,    0,    0,   -1,    0,    0,    0,    0,    0,    0,    0,    0,    0,    0,    0,    0,    0,    0,    0,    0,    0,   -1,   -1,    0,    0,    0,    0,   -1,    0,    0,    0,   -1,
       0,    0,   -1,    0,    0,   -1,   -2,   -1,    0,   -1,    0,    0,    0,   -2,    0,   -1,   -1,    0,   -1,   -1,   -1,    0,    0,   -1,   -1,   -2,   -2,   -2,   -3,   -1,    0,   -1,   -1,    0,    0,    0,    0,    0,    0,    0,    0,    0,    0,    0,    0,    0,    0,    0,    0,    0,    0,    0,    0,    0,   -1,    0,    0,    0,    0,    0,    0,    0,    0,    0,    0,   -1,    0,   -2,    0,    0,    0,    0,    0,    0,    0,    0,    0,    0,    0,    0,    0,    0,    0,    0,    0,    0,    0,    0,    0,    0,    0,    0,    0,    0,    0,    0,    0,    0,    0,   -1,    0,    0,    0,    0,    0,    0,    0,    0,    0,    0,    0,    0,   -1,    0,    0,    0,    0,    0,    0,    0,    0,    0,    0,    0,    0,    0,    0,    0,    0,    0,    0,    0,    0,    0,    0,    0,   -1,    0,   -1,   -1,    0,    0,    0,    0,
       0,    0,    0,    0,    0,    0,   -1,    0,    0,    0,    0,    0,    0,    0,    0,    0,    0,    0,    0,    0,    0,    0,    0,   -1,    0,   -1,   -1,   -1,   -1,    0,    0,    0,    0,    0,    0,    0,    0,   -1,   -1,    0,   -1,   -1,    0,   -1,    0,   -1,   -1,   -1,   -1,    0,   -1,   -1,    0,    0,    0,    0,    0,    0,    0,    0,    0,    0,    0,    0,    0,    0,    0,    0,    0,    0,    0,    0,    0,    0,    0,   -1,   -1,   -1,   -1,    0,    0,    0,    0,    0,    0,   -1,   -1,    0,   -1,    0,    0,    0,    0,    0,    0,    0,   -1,   -1,    0,    0,   -1,   -1,   -1,   -1,   -1,    0,    0,    0,    0,   -1,    0,    0,   -1,   -1,   -1,   -1,   -1,    0,    0,    0,   -1,   -1,    0,   -1,   -1,   -1,    0,    0,    0,    0,    0,   -1,    0,   -1,   -1,    0,    0,    0,    0,   -1,    0,    0,    0,   -1,
      -1,    0,    0,   -1,    0,    0,    0,   -3,   -2,   -3,   -2,   -1,   -1,    0,    0,   -2,    0,   -1,   -2,   -1,    0,   -1,    0,    0,    0,    0,    0,   -1,    0,    0,    0,    0,    0,    0,   -2,    0,   -2,   -1,   -2,    0,   -1,   -1,    0,   -1,   -2,   -1,   -2,   -1,   -1,   -2,   -1,   -2,    0,    0,    0,    0,    0,    0,   -2,    0,    0,    0,   -2,    0,    0,   -1,    0,   -3,   -1,   -2,   -2,   -2,   -2,   -2,   -2,   -1,   -1,   -1,    0,   -1,   -2,   -2,   -2,   -2,   -2,   -2,   -2,    0,   -1,   -2,   -2,   -2,   -2,   -2,   -2,   -2,   -2,   -2,    0,    0,   -1,   -1,   -1,   -2,    0,   -1,   -1,   -2,   -2,   -1,   -1,   -1,    0,   -1,   -2,   -1,   -2,   -2,   -1,   -2,    1,   -1,   -2,   -1,   -1,   -2,   -2,   -2,   -2,    0,   -2,   -1,   -1,   -1,   -1,   -2,    0,    0,   -3,    0,    0,   -2,    0,   -1,
       0,    0,   -1,    0,    0,    0,   -1,    0,    0,    0,    0,    0,    0,   -1,    0,   -1,    0,    0,   -1,    0,    0,    0,    0,   -1,   -1,   -1,   -1,   -1,   -1,   -1,    0,   -1,    0,    0,    0,    0,    0,   -1,    0,    0,    0,    0,    0,    0,    0,   -1,    0,    0,    0,    0,    0,    0,    0,    0,    0,    0,    0,    0,    0,   -1,    0,    0,    0,    0,    0,    0,    0,   -1,    0,    0,    0,    0,    0,    0,    0,    0,    0,    0,    0,    0,    0,    0,    0,    0,    0,    0,    0,    0,    0,    0,    0,    0,    0,    0,    0,    0,    0,    0,    0,    0,    0,    0,    0,    0,    0,    0,    0,    0,    0,    0,    0,    0,   -1,   -1,    0,    0,    0,    0,    0,    0,    0,    0,    0,    0,    0,    0,    0,    0,    0,    0,    0,    0,    0,    0,    0,    0,   -1,   -1,    0,   -1,   -1,    0,    0,   -1,
       0,    0,    0,   -1,    0,    0,    0,    0,   -1,    0,    0,    0,    0,    0,   -1,    0,    0,   -1,    0,    0,    0,   -1,    0,    0,    0,    0,    0,    0,    0,    0,    0,    0,    0,    0,   -1,    0,   -1,   -1,   -1,    0,   -1,   -1,    0,   -1,   -1,   -1,   -1,   -1,   -1,    0,   -1,   -1,    0,    0,    0,    0,    0,    0,   -1,    0,    0,    0,   -1,    0,    0,   -1,    0,    0,   -1,   -1,   -1,   -1,   -1,   -1,   -1,   -1,   -1,   -1,   -1,   -1,   -1,   -1,   -1,   -1,   -1,   -1,   -1,    0,   -1,   -1,   -1,   -1,   -1,   -1,   -1,   -1,   -1,   -1,    0,    0,   -1,   -1,   -1,   -1,   -1,    0,   -1,   -1,   -1,   -1,   -1,   -1,    0,   -1,   -1,   -1,   -1,   -1,   -1,   -1,    1,   -1,   -1,   -1,   -1,   -1,   -1,   -1,   -1,   -1,   -1,   -1,   -1,   -1,   -1,   -1,    0,    0,    0,    0,    0,    0,    0,   -1,
       0,    0,    0,   -1,    0,    0,    0,   -1,   -1,   -1,    0,   -1,   -1,    0,   -1,   -2,    0,   -1,   -1,    0,    0,    0,    0,    0,    0,    0,    0,    0,    0,    0,    0,    0,    0,    0,   -1,    0,   -1,   -1,   -1,    0,   -1,   -1,    0,   -1,   -1,   -1,   -1,   -1,   -1,   -1,   -1,   -1,    0,    0,    0,    0,    0,    0,   -1,    0,    0,    0,   -1,    0,    0,   -1,    0,   -2,    0,   -1,   -1,   -1,   -1,   -1,   -1,    0,   -1,   -1,    0,   -1,   -1,   -1,   -1,   -1,   -1,   -1,   -1,    0,   -1,   -1,   -1,   -1,   -1,   -1,   -1,   -1,   -1,   -1,    0,    0,   -1,   -1,   -1,   -1,   -1,    0,   -1,   -1,   -1,   -1,   -1,   -2,    0,   -1,   -1,   -1,   -1,   -1,   -1,   -1,    2,   -1,   -2,    0,   -1,   -1,   -1,   -1,   -1,   -1,   -1,   -1,   -1,   -1,   -1,   -1,    0,    0,   -1,    0,    0,    0,    0,   -1,
      -1,    0,    0,   -1,    0,    0,    0,    0,   -2,    0,    0,    0,    0,   -1,   -1,    0,    0,   -3,    0,    0,    0,   -3,   -1,    0,   -1,   -1,   -1,    0,   -1,    0,    0,    0,    0,    0,   -1,    0,   -2,   -2,   -1,    0,   -1,   -1,    0,   -1,   -1,   -1,   -1,   -2,   -2,   -1,   -3,   -1,    0,    0,    0,    0,   -1,   -1,   -2,   -1,    0,    0,   -2,    0,   -1,    0,    0,    0,   -4,   -1,   -1,   -1,   -2,   -2,   -2,   -1,   -1,   -1,   -1,   -1,   -2,   -2,   -2,   -2,   -2,   -1,   -1,    0,   -3,   -1,   -2,   -2,   -2,   -2,   -2,   -2,   -1,   -1,    0,    0,   -1,   -1,   -1,   -1,   -1,   -1,   -1,   -2,   -2,   -1,   -1,   -1,    0,   -1,   -1,   -3,   -1,   -1,   -2,   -2,    1,   -1,   -2,   -1,   -1,   -1,   -1,   -2,   -2,   -1,   -2,   -1,   -2,   -5,   -3,   -2,   -1,    0,    0,    0,   -1,   -2,    0,   -2,
      -1,    0,   -4,    0,    0,    0,   -4,    0,    0,    0,    0,    0,    0,   -2,    0,    0,    0,   -1,    0,    0,    0,   -1,   -1,   -4,   -1,   -3,   -2,   -1,   -4,   -1,    0,   -2,    0,    0,    0,    0,    0,   -1,    0,    0,   -1,   -1,    0,   -1,    0,   -1,   -1,   -1,   -1,    0,   -2,   -1,    0,    0,    0,    0,   -1,   -2,    0,   -3,    0,    0,    0,    0,   -2,    0,    0,    0,   -1,    0,    0,    0,    0,    0,    0,   -1,   -1,   -1,   -1,    0,    0,    0,    0,    0,    0,   -1,   -1,    0,   -2,    0,    0,    0,    0,    0,    0,    0,    0,    0,    0,    0,   -1,   -1,   -1,   -1,   -1,   -1,    0,    0,    0,   -1,    0,    0,   -4,   -1,   -1,   -2,   -1,    0,    0,    0,   -1,   -1,    0,   -1,   -1,   -1,    0,    0,    0,    0,    0,   -1,    0,   -2,   -2,    0,   -3,   -3,    0,   -4,   -4,    0,    0,   -1,
       0,    0,    0,   -1,    0,    0,   -1,    0,   -1,    0,    0,    0,    0,    0,   -1,    0,    0,   -1,    0,    0,    0,   -1,    0,   -1,   -1,    0,    0,    0,    0,    0,    0,    0,    0,    0,   -1,    0,   -1,   -1,   -1,    0,   -1,   -1,    0,   -1,   -1,   -1,   -1,   -1,   -1,    0,   -2,   -1,    0,    0,    0,    0,    0,    0,   -2,    0,    0,    0,   -1,    0,    0,   -1,    0,    0,   -1,   -1,   -1,   -1,   -1,   -1,   -1,   -1,   -1,   -1,   -1,   -1,   -1,   -1,   -1,   -1,   -1,   -1,   -1,    0,   -2,   -1,   -1,   -1,   -1,   -1,   -1,   -1,   -1,   -1,    0,    0,   -1,   -1,   -1,   -1,   -1,    0,   -1,   -1,   -1,   -1,   -1,   -1,   -1,   -1,   -1,   -2,   -1,   -1,   -1,   -1,    0,   -1,   -1,   -1,   -1,   -1,   -1,   -1,   -1,   -1,   -1,   -1,   -1,   -2,   -2,   -1,   -1,    0,    0,   -1,   -1,    0,    0,   -1,
       0,    0,    0,   -1,    0,    0,    0,   -1,   -1,   -1,    0,    0,   -1,    0,   -1,   -1,    0,   -1,    0,    0,    0,   -1,    0,    0,    0,    0,    0,    0,    0,    0,    0,    0,    0,    0,   -1,    0,   -1,   -1,   -1,    0,   -1,   -1,    0,   -1,   -1,   -1,   -1,   -1,   -1,   -1,   -1,   -1,    0,    0,    0,    0,    0,    0,   -1,    0,    0,    0,   -1,    0,    0,   -1,    0,   -1,   -1,   -1,   -1,   -1,   -1,   -1,   -1,   -1,   -1,   -1,   -1,   -1,   -1,   -1,   -1,   -1,   -1,   -1,   -1,    0,   -1,   -1,   -1,   -1,   -1,   -1,   -1,   -1,   -1,   -1,    0,    0,   -1,   -1,   -1,   -1,   -1,    0,   -1,   -1,   -1,   -1,   -1,   -2,    0,   -1,   -1,   -1,   -1,   -1,   -1,   -1,    1,   -1,   -1,   -1,   -1,   -1,   -1,   -1,   -1,   -1,   -1,   -1,   -1,   -1,   -1,   -1,    0,    0,   -1,    0,    0,    0,    0,   -1,
       0,    0,   -1,    0,    0,   -1,   -2,   -1,    0,   -1,    0,    0,    0,   -2,    0,   -1,   -1,    0,   -1,   -1,   -1,    0,    0,   -1,   -1,   -2,   -2,   -2,   -3,   -1,    0,   -1,   -1,    0,    0,    0,    0,    0,    0,    0,    0,    0,    0,    0,   -1,    0,    0,    0,    0,    0,    0,    0,    0,    0,   -1,    0,    0,    0,    0,    0,    0,    0,    0,    0,    0,   -1,    0,   -1,    0,    0,    0,    0,    0,    0,    0,    0,    0,    0,    0,    0,    0,    0,    0,    0,    0,    0,    0,    0,    0,    0,    0,    0,    0,    0,    0,    0,    0,    0,    0,   -1,    0,    0,    0,    0,    0,    0,    0,    0,    0,    0,   -1,   -1,   -1,    0,    0,    0,    0,    0,    0,    0,    0,    0,    0,    0,    0,    0,    0,    0,    0,    0,    0,    0,    0,    0,    0,    0,   -1,   -1,   -1,   -1,    0,    0,    0,    0,
      -1,    0,    0,   -1,    0,   -1,    0,   -3,   -3,   -3,   -2,    0,    0,    0,    0,   -2,   -1,    0,   -2,   -1,   -1,    0,    0,    0,   -1,   -1,   -1,   -3,   -1,    0,    0,    0,   -1,    0,   -2,    0,   -1,    0,   -1,    0,    0,    0,    0,    0,    0,    0,    0,    0,    0,   -1,    0,    0,    0,    0,    0,    0,    0,    0,   -2,    0,    0,    0,   -3,    0,    0,    0,    0,   -3,    0,   -2,   -2,   -2,   -1,   -1,   -1,    0,    0,    0,    0,   -1,   -1,   -1,   -1,   -1,   -1,    0,    0,    0,    0,   -2,   -1,   -1,   -1,   -1,   -1,   -1,   -1,   -1,    0,   -1,    0,    0,    0,    0,    0,   -1,   -1,   -1,   -1,    0,    0,    0,    0,    0,    0,    0,    0,   -2,   -1,   -1,    0,    0,   -1,    0,    0,    0,   -2,   -1,   -1,   -1,   -1,    0,   -1,    0,    0,   -3,    0,    0,   -3,    0,    0,    0,    0,    0,
       0,    0,   -1,    0,    0,    0,   -2,    1,    0,   -1,    0,    0,    1,   -2,    0,   -1,   -1,    0,   -1,   -1,   -1,    0,    0,   -1,   -1,   -2,   -2,   -2,   -3,   -1,    0,   -1,    1,    1,    0,    0,    0,    0,    0,    0,    0,    1,    0,    0,   -1,    0,    0,    0,    0,    0,    0,    0,    0,    0,    1,    0,    0,    0,    0,    0,    0,    0,    0,    0,    0,   -1,    0,   -1,    0,    0,    0,    0,    0,    0,    0,    0,    0,    0,    0,    0,    0,    0,    0,    0,    0,    0,    0,    0,    0,    0,    0,    0,    0,    0,    0,    0,    0,    0,    0,   -1,    0,    0,    0,    0,    1,    0,    0,    0,    0,    0,   -1,   -1,   -1,    0,    0,    0,    0,    0,    0,    0,    0,    0,    0,    0,    0,    0,    0,    0,    0,    0,    0,    0,    0,    0,    0,    0,   -1,   -1,    0,   -1,    0,    0,    0,    0,
      -1,    0,   -1,   -1,    0,    0,   -1,    0,   -2,    0,    0,    0,    0,   -1,   -1,    0,    0,   -1,    0,    0,    0,   -1,    0,   -1,   -1,   -2,   -1,    0,   -2,    0,    0,   -1,    0,    0,    0,    0,   -1,   -1,    0,    0,    0,    0,    0,    0,    0,    0,   -1,   -1,   -1,    0,   -1,    0,    0,    0,    0,    0,   -1,   -1,   -2,   -1,    0,    0,   -2,    0,   -1,    0,    0,    0,   -1,    0,    0,    0,   -1,   -1,   -1,    0,    0,    0,    0,   -1,   -1,   -1,   -1,   -1,   -1,   -1,   -1,    0,   -1,    0,   -1,   -1,   -1,   -1,   -1,   -1,    0,    0,    0,    0,    0,    0,    0,    0,    0,    0,    0,   -1,   -1,    0,    0,    0,   -1,    0,   -1,   -1,    0,    0,   -1,   -1,    0,    0,   -1,    0,    0,   -1,    0,   -1,   -1,   -1,   -1,    0,   -1,   -1,   -1,   -2,   -1,   -2,    0,   -2,   -1,   -1,    0,   -1,
       0,    0,    0,    0,    0,   -1,   -1,    0,    0,    0,    0,    0,    0,   -1,    0,   -1,    0,    0,    0,    0,    0,    0,    0,   -1,   -1,   -1,   -1,   -1,   -1,   -1,    0,    0,    0,    0,    0,    0,    0,   -1,   -1,    0,   -1,   -1,    0,    0,    0,   -1,   -1,    0,    0,    0,   -1,   -1,    0,    0,    0,    0,    0,    0,    0,    0,    0,    0,    0,    0,    0,   -1,    0,   -1,    0,    0,    0,    0,    0,    0,    0,   -1,   -1,   -1,   -1,    0,    0,    0,    0,    0,    0,   -1,   -1,    0,   -1,    0,    0,    0,    0,    0,    0,    0,   -1,   -1,    0,    0,   -1,   -1,   -1,   -1,   -1,    0,    0,    0,    0,    0,    0,    0,   -1,   -1,   -1,   -1,   -1,    0,    0,    0,   -1,   -1,    0,    0,    0,   -1,    0,    0,    0,    0,    0,   -1,    0,   -1,   -1,    0,   -1,   -1,    0,   -1,    0,    0,    0,   -1,
      -1,    0,    0,   -1,    0,    0,    0,   -3,   -3,   -3,   -2,   -1,   -1,    0,    0,   -3,    0,   -1,   -2,    0,    0,   -1,    0,    0,    0,    0,    0,    0,    0,    0,    0,    0,    0,    0,   -3,    0,   -3,   -1,   -3,    0,   -1,   -1,    0,   -3,   -3,   -1,   -3,   -3,   -3,   -3,   -3,   -3,    0,    0,    0,    0,    0,    0,   -3,    0,    0,    0,   -3,    0,    0,   -2,    0,   -4,   -1,   -3,   -3,   -3,   -4,   -5,   -4,   -1,   -2,   -1,   -1,   -1,   -3,   -3,   -3,   -5,   -3,   -3,   -3,    0,   -5,   -3,   -4,   -3,   -5,   -5,   -5,   -5,   -5,   -5,    1,    0,   -1,   -1,   -1,   -3,    0,    0,    0,   -3,   -3,   -5,   -4,   -4,    0,   -2,   -3,   -5,   -5,   -5,   -3,   -5,    1,   -1,   -4,   -3,   -5,   -4,   -4,   -3,   -5,   -2,   -5,   -1,   -2,   -5,   -5,   -3,    0,    0,   -3,    0,    0,   -3,    0,   -1,
       0,    0,    0,   -1,    0,    0,    0,   -2,   -1,   -2,    0,   -1,   -1,    0,   -1,   -2,    0,   -1,   -1,    0,    0,    0,    0,    0,    0,    0,    0,    0,    0,    0,    0,    0,    0,    0,   -1,    0,   -1,   -1,   -1,    0,   -1,   -1,    0,   -1,   -1,   -1,   -1,   -1,   -1,   -1,   -1,   -1,    0,    0,    0,    0,    0,    0,   -1,    0,    0,    0,   -1,    0,    0,   -1,    0,   -2,    0,   -1,   -1,   -1,   -1,   -1,   -1,    0,   -1,   -1,    0,   -1,   -1,   -1,   -1,   -1,   -1,   -1,   -1,    0,   -1,   -1,   -1,   -1,   -1,   -1,   -1,   -1,   -1,   -1,    0,    0,   -1,   -1,   -1,   -1,   -1,    0,   -1,   -1,   -1,   -1,   -1,   -2,    0,   -1,   -1,   -1,   -1,   -1,   -1,   -1,    2,   -1,   -2,    0,   -1,   -1,   -1,   -1,   -1,   -1,   -1,   -1,   -1,   -1,   -1,   -1,    0,    0,   -2,    0,    0,    0,    0,   -1,
      -1,    0,    0,   -1,    0,    0,    1,   -3,   -3,   -3,   -2,   -2,   -2,    0,   -2,   -3,    0,   -1,   -3,    0,    0,   -1,   -1,    0,    0,    0,    0,    0,    0,    0,    0,    0,    0,    0,   -3,    1,   -3,   -1,   -3,    1,   -1,   -1,    0,   -2,   -3,   -2,   -3,   -3,   -3,   -3,   -2,   -3,    0,    0,    0,    0,   -1,    0,   -3,    0,    0,    0,   -3,    0,    0,   -3,    0,   -5,   -1,   -3,   -3,   -3,   -1,   -3,   -2,    1,   -2,   -1,    0,   -1,   -2,   -3,   -3,   -3,   -3,   -2,   -3,    1,   -2,   -3,   -3,   -3,   -1,   -3,   -1,   -1,   -3,   -1,    1,    0,   -1,   -1,    0,   -3,   -1,   -1,    0,   -3,   -2,   -2,   -2,    0,    0,   -2,   -3,   -2,   -1,   -1,    1,   -3,    3,   -1,    0,    1,   -2,    0,   -1,   -3,   -3,    1,   -2,   -1,    0,   -1,   -2,   -3,    0,    0,   -3,    0,    0,   -1,    0,   -1,
      -1,    0,    0,   -1,    0,    0,    1,   -2,   -2,   -2,   -2,   -1,   -1,    0,   -1,   -3,    0,   -1,   -2,    0,    0,   -1,   -1,    0,    0,    0,    0,    0,    0,    0,    0,    0,    0,    0,   -2,    1,   -2,   -1,   -2,    0,   -1,   -1,    0,   -2,   -2,   -1,   -2,   -2,   -2,   -2,   -2,   -2,    0,    0,    0,    0,    0,    0,   -2,    0,    0,    0,   -2,    0,    0,   -2,    0,   -4,   -1,   -2,   -2,   -2,   -2,   -2,   -3,    1,   -2,   -1,    0,   -1,   -3,   -2,   -2,   -2,   -2,   -2,   -2,    2,   -3,   -2,   -2,   -2,   -3,   -2,   -3,   -3,   -2,   -3,    0,    0,   -1,   -1,    0,   -2,   -1,   -1,    0,   -2,   -2,   -2,   -3,   -2,    0,   -1,   -2,   -2,   -3,   -2,    0,   -2,    2,   -1,   -1,   -1,   -2,   -2,   -2,   -2,   -2,    0,   -3,   -1,   -1,   -2,   -2,   -2,    0,    0,   -2,    0,    0,   -1,    0,   -1,
      -1,    0,    0,   -1,    0,    0,    0,    0,   -2,    0,    0,    0,    0,    0,   -1,    0,    0,   -2,    0,    0,    0,   -2,   -1,    0,   -1,   -1,   -1,    0,   -1,    0,    0,    0,    0,    0,   -1,    0,   -2,   -2,   -1,    0,   -1,   -1,    0,   -1,   -1,   -2,   -1,   -2,   -2,    0,   -3,   -1,    0,    0,    0,    0,   -1,   -1,   -2,   -1,    0,    0,   -2,    0,   -1,    0,    0,    0,   -2,   -1,   -1,   -1,   -2,   -2,   -2,    0,   -1,   -1,   -1,   -1,   -2,   -2,   -2,   -2,   -1,   -1,   -1,    0,   -3,   -1,   -2,   -2,   -2,   -2,   -2,   -2,   -1,   -1,    0,    0,   -1,   -1,   -1,   -1,   -1,   -1,   -1,   -2,   -2,   -1,   -1,   -1,    0,   -2,   -1,   -3,   -1,   -1,    0,   -2,    2,   -1,   -1,    0,   -1,   -1,   -1,   -2,   -2,    0,   -2,   -1,   -1,   -3,   -3,   -2,   -1,    0,    0,   -1,   -1,   -1,    0,   -2,
      -1,    0,    0,   -2,    0,    0,    1,   -3,   -3,   -3,   -2,   -2,   -2,    0,   -2,   -4,    0,   -2,   -3,    0,    0,   -2,   -1,    0,    0,    0,    0,   -1,    0,   -1,    0,    0,    0,    0,   -4,    1,   -4,   -2,   -3,    0,   -1,   -1,    0,   -3,   -3,   -3,   -3,   -3,   -3,   -3,   -4,   -3,    0,    0,    0,    0,   -1,   -1,   -4,    0,    0,    0,   -3,    0,   -1,   -3,    0,   -5,   -2,   -6,   -4,   -4,   -4,   -4,   -6,    0,   -3,   -1,   -1,   -1,   -5,   -4,   -4,   -7,   -4,   -5,   -3,    1,   -6,   -7,   -4,   -4,   -5,   -4,   -5,   -5,   -3,   -5,    0,    0,   -1,   -1,    0,   -4,   -1,   -1,    0,   -4,   -6,   -5,   -6,   -4,    0,   -6,   -6,   -4,   -5,   -5,   -3,   -7,    2,   -1,   -4,   -2,   -3,   -4,   -4,   -7,   -6,   -2,   -5,   -1,   -3,   -5,   -4,   -3,    0,    0,   -3,    0,    0,   -3,    0,   -4,
       0,    0,    0,    0,    0,    0,    0,    0,    0,    0,    0,    0,    0,    0,    0,    0,    0,   -1,    0,    0,    0,   -1,    0,   -1,   -1,   -1,   -1,    0,   -1,   -1,    0,    0,    0,    0,    0,    0,    0,   -2,   -1,    0,   -1,   -1,    0,   -1,    0,   -1,   -1,   -1,   -1,    0,   -2,   -1,    0,    0,    0,    0,    0,    0,    0,    0,    0,    0,    0,    0,    0,    0,    0,    0,   -1,    0,    0,    0,    0,    0,    0,   -1,   -1,   -1,   -1,   -1,    0,    0,    0,    0,    0,   -1,   -1,    0,   -2,    0,    0,    0,    0,    0,    0,    0,   -1,   -1,    0,    0,   -1,   -1,   -1,   -1,   -1,    0,    0,    0,    0,   -1,    0,    0,   -1,   -1,   -1,   -2,   -1,    0,    0,    0,    0,   -1,    0,   -1,   -1,   -1,    0,    0,    0,    0,    0,   -1,    0,   -2,   -2,    0,   -1,    0,    0,   -1,   -1,   -1,    0,   -2,
      -1,    0,    1,   -1,   -1,    0,    0,   -1,   -2,   -1,    0,    0,    0,    0,    0,    0,    0,   -1,   -1,    0,    0,   -1,    0,    0,    0,    1,    0,    0,    0,    0,    0,    0,    0,    0,   -1,    1,   -1,    1,    0,    1,   -1,    2,    0,   -1,    0,   -1,   -1,   -1,   -1,    0,   -1,   -1,    0,    0,    0,    0,   -1,    0,   -1,    0,    0,    0,    0,    0,    0,   -1,    0,   -1,   -1,   -1,   -1,   -1,   -1,   -1,   -1,    1,   -1,   -1,    0,    0,   -1,   -1,   -1,   -1,   -1,   -1,   -1,    1,   -1,   -1,   -1,   -1,   -1,   -1,   -1,   -1,    0,    0,    1,    0,   -1,   -1,    0,   -1,    2,    0,    0,   -1,   -1,   -1,    0,    0,    0,   -1,   -1,   -1,   -1,   -1,    1,   -1,    3,   -1,    0,    1,   -1,    0,    0,   -1,   -1,    2,   -1,   -1,    1,   -1,   -1,   -2,    0,    0,   -1,    0,    0,    0,    0,    1,
      -1,    0,    0,    0,    0,    0,    0,    0,    0,    0,    0,    0,    0,    0,    0,    0,    0,   -1,    0,    0,    0,   -1,    0,   -2,   -1,   -2,   -2,    0,   -2,    0,    0,   -4,    0,    0,    0,    0,    0,   -1,    0,    0,    0,    0,    0,    0,    0,    0,    0,    0,    0,    0,    0,    0,    0,    0,    0,    0,    0,    0,    0,    0,    0,    0,    0,    0,    0,    0,    0,    0,   -1,    0,    0,    0,    0,    0,    0,    0,    0,    0,    0,    0,    0,    0,    0,    0,    0,    0,    0,    0,    0,    0,    0,    0,    0,    0,    0,    0,    0,    0,    0,    0,    0,    0,    0,    0,    0,    0,    0,    0,    0,    0,    0,    0,   -2,    0,    0,    0,    0,    0,    0,    0,    0,    0,    0,    0,    0,    0,    0,    0,    0,    0,    0,    0,    0,    0,    0,    0,    0,    0,    0,    0,    0,    0,    0,   -1,
       0,    0,    0,    0,    0,    0,    0,    0,   -1,    0,    0,    0,    0,    0,    0,    0,    0,    0,    0,    0,    0,    0,    0,    0,    0,    0,    0,    0,    0,    0,    0,    0,    0,    0,    0,    0,    0,    0,    0,    0,    0,    0,    0,    0,    0,    0,    0,    0,    0,    0,    0,    0,    0,    0,    0,    0,    0,    0,    0,    0,    0,    0,    0,    0,    0,    0,    0,    0,    0,    0,    0,    0,    0,    0,    0,    0,    0,    0,    0,    0,    0,    0,    0,    0,    0,    0,    0,    0,    0,    0,    0,    0,    0,    0,    0,    0,    0,    0,    0,    0,    0,    0,    0,    0,    0,    0,    0,    0,    0,    0,    0,    0,    0,    0,    0,    0,    0,    0,    0,    0,    0,    0,    0,    0,    0,    0,    0,    0,    0,    0,    0,    0,    0,    0,    0,   -1,    0,    0,    0,    0,    0,    0,    0,    0,
      -1,    0,    0,    0,    0,    0,    0,    0,    0,    0,    0,    0,    0,    0,    0,    0,    0,    0,    0,    0,    0,    0,    0,    0,    0,    0,    0,    0,    0,    0,    0,    0,    0,    0,    0,    0,    0,    0,    0,    0,    0,    2,    0,    0,    0,    0,    0,    0,    0,    0,    0,    0,    0,    0,    0,    0,    0,    0,    0,    0,    0,    0,    0,    0,    0,    0,    0,    0,    0,    0,    0,    0,    0,    0,    0,    0,    0,    0,    0,    0,    0,    0,    0,    0,    0,    0,    0,    0,    0,    0,    0,    0,    0,    0,    0,    0,    0,    0,    0,    0,    0,    0,    0,    0,    2,    0,    0,    0,    0,    0,    0,    0,    0,    0,    0,    0,    0,    0,    0,    0,    0,    0,    0,    0,    0,    0,    0,    0,    0,    0,    0,    0,    0,    0,    0,    0,    0,    0,    0,    0,    0,    0,    0,    0,
       0,    0,   -3,   -1,    0,   -1,   -3,    0,   -1,    0,    0,    0,    0,   -2,   -1,    0,    0,   -1,    0,    0,    0,   -1,    0,   -3,   -1,   -3,   -2,    0,   -4,   -1,    0,   -2,   -1,    0,    0,    0,    0,   -1,    0,    0,    0,    0,    0,    0,    0,   -1,    0,   -1,   -1,    0,   -1,   -1,    0,    0,   -1,    0,   -1,   -1,   -1,   -2,    0,    0,   -1,    0,   -1,   -1,    0,    0,   -1,    0,    0,    0,    0,    0,    0,    0,    0,    0,    0,    0,    0,    0,    0,    0,    0,    0,    0,    0,   -1,    0,    0,    0,    0,    0,    0,    0,    0,    0,    0,    0,    0,    0,    0,    0,    0,    0,    0,    0,    0,    0,    0,    0,   -3,   -1,    0,   -1,   -1,    0,    0,    0,    0,    0,    0,    0,    0,    0,    0,    0,    0,    0,    0,    0,    0,   -1,   -1,   -1,   -3,   -2,    0,   -3,   -2,    0,    0,   -1,
       0,    0,   -2,    0,    0,   -2,   -3,    0,    0,    0,    0,    0,    0,   -2,    0,   -1,   -1,   -1,    0,   -1,   -1,   -1,   -1,   -4,   -1,   -3,   -2,   -1,   -4,   -2,    0,   -3,   -1,    0,    0,    0,    0,   -1,    0,    0,    0,    0,    0,    0,    0,   -1,    0,    0,    0,    0,    0,    0,    0,    0,   -1,    0,    0,   -1,    0,   -2,    0,    0,    0,    0,    0,   -1,    0,    0,   -1,    0,    0,    0,    0,    0,    0,    0,    0,    0,    0,    0,    0,    0,    0,    0,    0,    0,    0,    0,    0,    0,    0,    0,    0,    0,    0,    0,    0,    0,    0,   -1,    0,    0,    0,    0,    0,    0,    0,    0,    0,    0,    0,    0,   -4,   -1,    0,    0,    0,    0,    0,    0,    0,    0,    0,    0,    0,    0,    0,    0,    0,    0,    0,    0,    0,    0,    0,    0,   -2,   -2,    0,   -2,   -2,    0,    0,   -1,
       0,    0,   -2,    0,    0,   -1,   -2,    0,   -1,    0,    0,    0,    0,   -2,    0,    0,   -1,    0,    0,    0,   -1,   -1,    0,   -3,   -1,   -3,   -2,   -1,   -4,   -1,    0,   -2,    0,    0,    0,    0,    0,   -1,    0,    0,    0,    0,    0,    0,    0,    0,    0,    0,    0,    0,    0,   -1,    0,    0,   -1,    0,    0,   -1,   -1,   -1,    0,    0,   -1,    0,   -1,    0,    0,    0,   -1,    0,    0,    0,    0,    0,    0,    0,    0,    0,    0,    0,    0,    0,    0,    0,    0,    0,    0,    0,    0,    0,    0,    0,    0,    0,    0,    0,    0,    0,    0,   -1,    0,    0,    0,    0,    0,    0,    0,    0,    0,    0,    0,    0,   -3,    0,    0,    0,   -1,    0,    0,    0,    0,    0,    0,    0,    0,    0,    0,    0,    0,    0,    0,    0,    0,    0,    0,   -1,   -2,   -1,    0,   -2,   -1,    0,    0,   -1,
       0,    0,   -1,   -1,    0,   -1,   -2,    0,   -1,    0,    0,    0,    0,   -1,   -1,    0,    0,   -1,    0,    0,    0,   -1,    0,   -1,   -1,   -1,   -1,    0,   -1,    0,    0,   -1,    0,    0,    0,    0,    0,   -1,    0,    0,    0,    0,    0,    0,    0,   -1,    0,   -1,   -1,    0,   -1,   -1,    0,    0,    0,    0,   -1,   -1,   -1,   -1,    0,    0,   -1,    0,   -1,   -1,    0,    0,   -1,    0,    0,    0,    0,    0,    0,    0,    0,    0,    0,    0,    0,    0,    0,    0,    0,    0,    0,    0,   -1,    0,    0,    0,    0,    0,    0,    0,    0,    0,    0,    0,    0,    0,    0,    0,    0,    0,    0,    0,    0,    0,    0,    0,   -1,   -1,    0,   -1,   -1,    0,    0,    0,    0,    0,    0,    0,    0,    0,    0,    0,    0,    0,    0,    0,    0,   -1,   -1,   -1,   -1,   -1,    0,   -2,   -1,    0,    0,   -1,
       0,    0,   -2,    0,    0,   -1,   -2,    0,    0,    0,    0,    0,    0,   -2,    0,   -1,   -1,   -1,    0,   -1,   -1,   -1,   -1,   -3,   -2,   -3,   -2,   -1,   -4,   -1,    0,   -3,    0,    0,    0,    0,    0,   -1,    0,    0,    0,    0,    0,    0,   -1,   -1,    0,    0,    0,    0,    0,   -1,    0,    0,   -1,    0,    0,   -1,   -1,   -1,    0,    0,    0,    0,   -1,   -1,    0,    0,   -1,    0,    0,    0,    0,    0,    0,    0,    0,    0,    0,    0,    0,    0,    0,    0,    0,    0,    0,    0,    0,    0,    0,    0,    0,    0,    0,    0,    0,    0,    0,   -1,    0,    0,    0,    0,    0,    0,    0,    0,    0,    0,   -1,   -1,   -3,   -1,    0,    0,   -1,    0,    0,    0,    0,    0,    0,    0,    0,    0,    0,    0,    0,    0,    0,    0,    0,    0,    0,    0,   -2,   -2,    0,   -2,   -1,    0,    0,   -1,
       1,    3,    5,    1,    0,    3,    5,   -1,   -1,   -1,    0,    0,    0,    4,    1,   -1,    2,    0,    0,    2,    3,    0,    2,    3,    3,    4,    4,    3,    4,    2,    0,    3,    4,    0,   -1,    0,   -1,    0,    0,    0,    2,    2,    0,    0,    0,    0,    0,    0,    0,    0,    0,    0,    0,    2,    4,    0,    1,    3,   -1,    4,    3,    3,   -1,    4,    4,    0,    0,    0,    0,    0,   -1,    0,    2,    0,    3,    6,    2,    4,    7,   -1,    1,   -1,    0,    2,   -1,    1,    1,    0,    2,    0,    1,    0,    2,    2,    2,    2,    0,    2,    4,    2,    5,    6,    6,    2,    5,    0,   -1,    1,    1,    2,    1,    3,    3,    0,    1,    0,    2,    2,    4,    1,    8,    5,    3,    4,    1,    3,    2,    0,    1,    4,    2,    4,    3,    2,    1,   -1,    4,    4,   -1,    5,    4,   -1,    0,    0,
       0,    0,    0,    0,    0,    1,    0,    1,   -1,   -1,    0,    0,    1,   -1,    0,   -1,   -1,    0,   -1,   -1,   -1,    0,   -1,   -3,   -1,   -2,   -1,   -2,   -3,   -1,    0,    0,    1,    3,   -1,    0,   -1,    1,    1,    0,    0,    2,    0,    0,    0,    0,    0,    0,    0,   -1,    0,    0,    0,    0,    1,    0,    0,    0,   -1,    0,    0,    0,   -1,   -1,    0,    0,    0,    0,    0,   -1,   -1,   -1,   -1,   -1,   -1,    0,    0,    0,    0,   -1,   -1,   -1,   -1,   -1,   -1,    0,    0,    0,    0,   -1,   -1,   -1,   -1,   -1,   -1,   -1,    1,    1,    0,   -1,    0,    0,    0,    0,    2,    0,   -1,   -1,   -1,    0,    0,    0,   -3,    0,    0,    0,    0,   -1,   -1,   -1,    0,    0,   -1,    0,    0,    0,   -1,   -1,   -1,   -1,   -1,    0,   -1,    0,    0,   -1,    0,    0,    1,   -1,    0,    0,    0,    1,
       0,    0,   -3,   -1,    0,   -1,   -3,    0,   -1,    0,    0,    0,    0,   -2,   -1,    0,    0,   -1,    0,    0,   -1,   -1,    0,   -3,   -1,   -3,   -2,    0,   -4,   -1,    0,   -3,   -1,    0,    0,    0,    0,   -1,    0,    0,    0,    0,    0,    0,    0,   -1,    0,   -1,   -1,    0,   -1,    0,    0,    0,   -1,    0,   -1,   -1,   -1,   -2,    0,    0,   -1,    0,   -1,   -1,    0,    0,   -1,    0,    0,    0,    0,    0,    0,    0,    0,    0,    0,    0,    0,    0,    0,    0,    0,    0,    0,    0,   -1,    0,    0,    0,    0,    0,    0,    0,    0,    0,    0,    0,    0,    0,    0,    0,    0,    0,    0,    0,    0,    0,    0,    0,   -3,   -1,    0,   -1,    0,    0,    0,    0,    0,    0,    0,    0,    0,    0,    0,    0,    0,    0,    0,    0,    0,   -1,   -1,   -1,   -3,   -3,    0,   -3,   -2,    0,    0,   -1,
       0,    0,   -1,   -1,    0,   -1,   -1,    0,   -1,    0,    0,    0,    0,   -1,   -1,    0,    0,   -1,    0,    0,    0,   -1,    0,   -1,   -1,   -1,   -1,    0,   -1,    0,    0,   -1,    0,    0,    0,    0,    0,   -1,    0,    0,    0,    0,    0,    0,    0,    0,    0,   -1,   -1,    0,   -1,    0,    0,    0,    0,    0,   -1,   -1,   -1,   -1,    0,    0,   -1,    0,   -1,   -1,    0,    0,   -1,    0,    0,    0,    0,    0,    0,    0,    0,    0,    0,    0,    0,    0,    0,    0,    0,    0,    0,    0,   -1,    0,    0,    0,    0,    0,    0,    0,    0,    0,    0,    0,    0,    0,    0,    0,    0,    0,    0,    0,    0,    0,    0,    0,   -1,    0,    0,   -1,    0,    0,    0,    0,    0,    0,    0,    0,    0,    0,    0,    0,    0,    0,    0,    0,    0,   -1,   -1,   -1,   -1,   -1,    0,   -1,   -1,    0,    0,   -1,
       0,    0,    0,    0,    0,    0,    0,    0,    0,    0,    0,    0,    0,    0,    0,    0,   -1,   -1,    0,    0,   -1,   -1,    0,   -1,   -1,    0,    0,    0,    0,    0,    0,    0,    0,    0,    0,    0,    0,    0,    0,    0,    0,    0,    0,    0,    0,    0,    0,    0,    0,    0,    0,    0,    0,    0,    0,    0,    0,    0,    0,    0,    0,    0,    0,    0,    0,   -1,    0,    0,   -1,    0,    0,    0,    0,    0,    0,    0,    0,    0,    0,    0,    0,    0,    0,    0,    0,    0,    0,    0,    0,    0,    0,    0,    0,    0,    0,    0,    0,    0,    0,   -1,    0,    0,    0,    0,    0,    0,    0,    0,    0,    0,    0,    0,   -1,    0,    0,    0,    0,    0,    0,    0,    0,    0,    0,    0,    0,    0,    0,    0,    0,    0,    0,    0,    0,    0,    0,    0,    0,    0,    0,    0,    0,    0,    0,    0,
       0,    0,   -2,   -1,    0,   -1,   -2,    0,   -2,    0,    0,    0,    0,   -2,    0,    0,    0,    0,    0,    0,    0,   -1,    0,   -3,   -1,   -3,   -2,   -1,   -3,   -1,    0,   -2,    0,    0,   -1,    0,   -1,    0,   -1,    0,   -1,    0,    0,   -1,   -1,    0,   -1,   -1,   -1,   -1,   -1,   -1,    0,    0,   -1,    0,    0,   -1,   -1,   -2,    0,    0,   -1,    0,   -2,    0,    0,    0,   -1,   -1,   -1,   -1,   -1,   -1,   -1,   -1,   -1,   -1,   -1,   -1,   -1,   -1,   -1,   -1,   -1,   -1,   -1,    0,   -1,   -1,   -1,   -1,   -1,   -1,   -1,   -1,   -1,   -1,    0,    0,   -1,   -1,   -1,   -1,    0,    0,   -1,   -1,   -1,   -1,   -1,   -1,   -3,    0,   -1,   -1,   -1,   -1,   -1,   -1,   -1,   -1,   -1,   -1,   -1,   -1,   -1,   -1,   -1,   -1,   -1,   -1,   -1,   -1,   -1,   -3,   -2,   -2,    0,   -3,   -2,   -1,    0,    0,
       0,    0,   -1,   -1,    0,   -1,   -2,    0,   -1,    0,    0,    0,    0,   -1,   -1,    0,    0,   -1,    0,    0,    0,   -1,    0,   -1,   -1,   -1,   -1,    0,   -2,    0,    0,   -1,    0,    0,    0,    0,    0,   -1,    0,    0,   -1,   -1,    0,   -1,    0,   -1,   -1,   -1,   -1,    0,   -2,   -1,    0,    0,    0,    0,    0,   -1,   -1,   -1,    0,    0,   -2,    0,   -1,    0,    0,    0,   -1,    0,    0,    0,    0,    0,    0,   -1,   -1,   -1,   -1,    0,    0,    0,    0,    0,    0,   -1,   -1,    0,   -2,    0,    0,    0,    0,    0,    0,    0,    0,    0,    0,    0,   -1,   -1,   -1,   -1,   -1,    0,    0,    0,    0,   -1,    0,    0,   -1,   -1,   -1,   -2,   -1,    0,    0,    0,   -1,   -1,    0,   -1,   -1,   -1,    0,    0,    0,    0,    0,   -1,    0,   -2,   -2,   -1,   -1,   -1,    0,   -2,   -1,    0,    0,   -1,
       0,    0,   -2,    0,    0,   -1,   -3,    0,    0,    0,    0,    0,    0,   -2,    0,   -1,   -1,   -1,    0,   -1,   -1,   -1,    0,   -4,   -1,   -3,   -2,   -1,   -4,   -1,    0,   -4,   -1,    0,    0,    0,    0,   -1,    0,    0,    0,    0,    0,    0,   -1,   -1,    0,    0,    0,    0,    0,   -1,    0,    0,   -1,    0,    0,   -1,    0,   -2,    0,    0,    0,    0,    0,   -1,    0,    0,   -1,    0,    0,    0,    0,    0,    0,    0,    0,    0,    0,    0,    0,    0,    0,    0,    0,    0,    0,    0,    0,    0,    0,    0,    0,    0,    0,    0,    0,    0,    0,   -1,    0,    0,    0,    0,    0,    0,    0,    0,    0,    0,   -1,   -1,   -4,   -1,    0,    0,   -1,    0,    0,    0,    0,    0,    0,    0,    0,    0,    0,    0,    0,    0,    0,    0,    0,    0,    0,    0,   -2,   -2,    0,   -2,   -2,    0,    0,   -1,
       0,    0,   -2,    0,    0,   -1,   -3,    0,    0,    0,    0,    0,    0,   -2,    0,   -1,   -1,   -1,    0,   -1,   -1,   -1,   -1,   -4,   -1,   -3,   -2,   -1,   -4,   -2,    0,   -3,   -1,    0,    0,    0,    0,   -1,    0,    0,    0,    0,    0,    0,    0,   -1,    0,    0,    0,    0,    0,    0,    0,    0,   -1,    0,    0,    0,    0,   -2,    0,    0,    0,    0,    0,   -1,    0,    0,   -1,    0,    0,    0,    0,    0,    0,    0,    0,    0,    0,    0,    0,    0,    0,    0,    0,    0,    0,    0,    0,    0,    0,    0,    0,    0,    0,    0,    0,    0,    0,   -1,    0,    0,    0,    0,    0,    0,    0,    0,    0,    0,    0,    0,   -4,   -1,    0,    0,    0,    0,    0,    0,    0,    0,    0,    0,    0,    0,    0,    0,    0,    0,    0,    0,    0,    0,    0,    0,   -2,   -2,    0,   -2,   -1,    0,    0,   -1,
       0,    0,   -1,   -1,    0,    0,   -1,    0,    0,    0,    0,    0,    0,   -2,    0,    0,   -1,   -1,    0,    0,   -1,   -1,   -1,   -3,   -1,   -3,   -2,    0,   -4,   -1,    0,   -1,    0,    0,    0,    0,    0,    0,    0,    0,    0,    1,    0,    0,    0,    0,    0,    0,    0,    0,    0,    0,    0,    0,    0,    0,    0,    0,    0,    0,    0,    0,    0,    0,    0,   -1,    0,    0,   -1,    0,    0,    0,    0,    0,    0,    0,    0,    0,    0,    0,    0,    0,    0,    0,    0,    0,    0,    0,    0,    0,    0,    0,    0,    0,    0,    0,    0,    0,    0,   -1,    0,    0,    0,    0,    1,    0,    0,    0,    0,    0,    0,    0,   -3,    0,    0,    0,    0,    0,    0,    0,    0,    0,    0,    0,    0,    0,    0,    0,    0,    0,    0,    0,    0,    0,    0,    0,   -1,   -1,    0,   -2,   -1,    0,    0,    0,
      -1,    0,    0,    0,    0,   -1,   -1,   -2,   -2,   -2,    0,    0,    0,   -1,    0,   -2,   -1,    0,   -2,   -1,   -1,    0,   -1,   -3,   -1,   -3,   -2,   -3,   -4,   -2,    0,    0,   -1,    0,   -1,    0,   -1,    0,    0,    0,    0,    0,    0,    0,    0,    0,    0,    0,    0,   -1,    0,    0,    0,    0,   -1,    0,    0,    0,   -1,    0,    0,    0,   -2,    0,    0,    0,    0,    0,    0,   -1,   -1,   -1,   -1,   -1,   -1,    0,    0,    0,    0,   -1,   -1,   -1,   -1,   -1,   -1,    0,    0,    0,    0,   -1,   -1,   -1,   -1,   -1,   -1,   -1,    0,    0,    0,   -1,    0,    0,    0,    0,    0,    0,   -1,   -1,   -1,    0,    0,    0,   -3,    0,    0,    0,    0,   -1,   -1,   -1,    0,    0,   -1,    0,    0,    0,   -1,   -1,   -1,   -1,   -1,    0,   -1,    0,    0,   -2,    0,    0,   -2,   -1,    0,    0,    0,    0,
       0,    0,   -2,   -1,    0,   -1,   -2,    0,   -1,    0,    0,    0,    0,   -2,    0,    0,   -1,   -1,    0,    0,   -1,   -1,   -1,   -3,   -2,   -3,   -2,   -1,   -4,   -1,    0,   -3,    0,    0,    0,    0,   -1,   -1,    0,    0,    0,    0,    0,    0,   -1,    0,    0,    0,    0,    0,    0,    0,    0,    0,   -1,    0,    0,   -1,   -1,   -1,    0,    0,   -1,    0,   -1,    0,    0,    0,   -1,    0,    0,    0,   -1,   -1,   -1,    0,    0,    0,    0,    0,   -1,   -1,   -1,   -1,   -1,    0,    0,    0,    0,    0,   -1,   -1,   -1,   -1,   -1,   -1,    0,    0,    0,   -1,    0,    0,    0,    0,    0,    0,   -1,   -1,   -1,    0,   -1,   -1,   -3,    0,    0,    0,    0,    0,   -1,   -1,    0,    0,   -1,    0,    0,    0,    0,   -1,   -1,   -1,   -1,    0,   -1,    0,    0,   -1,   -2,   -2,    0,   -2,   -1,   -1,    0,   -1,
       0,    0,   -1,    0,    0,   -1,   -2,    0,    0,    0,    0,    0,    0,   -1,    0,    0,   -1,    0,    0,    0,   -1,    0,    0,   -3,   -1,   -3,   -2,    0,   -3,   -1,    0,   -1,    0,    0,    0,    0,    0,    0,    0,    0,    0,    0,    0,    0,    0,    0,    0,    0,    0,    0,    0,    0,    0,    0,    0,    0,    0,    0,    0,   -1,    0,    0,    0,    0,   -1,    0,    0,    0,    0,    0,    0,    0,    0,    0,    0,    0,    0,    0,    0,    0,    0,    0,    0,    0,    0,    0,    0,    0,    0,    0,    0,    0,    0,    0,    0,    0,    0,    0,    0,   -1,    0,    0,    0,    0,    0,    0,    0,    0,    0,    0,    0,    0,   -3,    0,    0,    0,    0,    0,    0,    0,    0,    0,    0,    0,    0,    0,    0,    0,    0,    0,    0,    0,    0,    0,    0,    0,   -1,   -1,    0,   -1,    0,   -1,    0,    0,
       0,    0,   -2,   -1,    0,   -1,   -3,    0,   -1,    0,    0,    0,    0,   -2,   -1,    0,    0,   -1,    0,    0,    0,   -1,    0,   -3,   -1,   -3,   -2,    0,   -3,   -1,    0,   -3,   -1,    0,    0,    0,    0,   -1,    0,    0,    0,    0,    0,    0,    0,    0,    0,   -1,   -1,    0,   -1,    0,    0,    0,   -1,    0,   -1,   -2,   -1,   -2,    0,    0,   -1,    0,   -2,   -1,    0,    0,   -1,    0,    0,    0,    0,    0,    0,    0,    0,    0,    0,    0,    0,    0,    0,    0,    0,    0,    0,    0,   -1,    0,    0,    0,    0,    0,    0,    0,    0,    0,    0,    0,    0,    0,    0,    0,    0,    0,    0,    0,    0,    0,    0,    0,   -3,    0,    0,   -1,    0,    0,    0,    0,    0,    0,    0,    0,    0,    0,    0,    0,    0,    0,    0,    0,    0,   -1,   -1,   -2,   -3,   -3,    0,   -3,   -2,    0,    0,   -1,
       0,    0,   -2,   -1,    0,   -2,   -2,    0,    0,    0,    0,    0,    0,   -2,    0,   -1,   -1,   -1,   -1,   -1,   -1,   -1,   -1,   -4,   -1,   -3,   -2,   -2,   -4,   -2,    0,   -2,   -1,    0,    0,    0,    0,   -1,    0,    0,    0,    0,    0,    0,    0,   -1,    0,    0,    0,   -1,    0,    0,    0,    0,   -1,    0,    0,    0,    0,   -2,    0,    0,    0,    0,    0,   -1,    0,    0,   -1,    0,    0,    0,    0,    0,    0,    0,    0,    0,    0,    0,    0,    0,    0,    0,    0,    0,    0,    0,    0,    0,    0,    0,    0,    0,    0,    0,    0,    0,    0,   -1,    0,    0,    0,    0,    0,    0,    0,    0,    0,    0,    0,    0,   -4,   -1,    0,    0,    0,    0,    0,    0,    0,    0,    0,    0,    0,    0,    0,    0,    0,    0,    0,    0,    0,    0,    0,    0,   -2,   -1,    0,   -2,   -1,    0,    0,   -1,
       0,    0,   -2,   -1,    0,   -2,   -2,    0,    0,    0,    0,    0,    0,   -2,    0,   -1,   -1,   -1,   -1,   -1,   -1,   -1,   -1,   -4,   -1,   -3,   -2,   -2,   -4,   -2,    0,   -2,   -1,    0,    0,    0,    0,   -1,    0,    0,    0,    0,    0,    0,    0,   -1,    0,    0,    0,   -1,    0,    0,    0,    0,   -1,    0,    0,    0,    0,   -1,    0,    0,    0,    0,    0,   -1,    0,    0,   -1,    0,    0,    0,    0,    0,    0,    0,    0,    0,    0,    0,    0,    0,    0,    0,    0,    0,    0,    0,    0,    0,    0,    0,    0,    0,    0,    0,    0,    0,    0,   -1,    0,    0,    0,    0,    0,    0,    0,    0,    0,    0,    0,    0,   -4,   -1,    0,    0,    0,    0,    0,    0,    0,    0,    0,    0,    0,    0,    0,    0,    0,    0,    0,    0,    0,    0,    0,    0,   -2,   -1,    0,   -2,   -1,    0,    0,   -1,
       0,    0,   -1,    0,    0,   -1,   -2,    0,   -1,    0,    0,    0,    0,   -1,    0,    0,   -1,    0,    0,    0,   -1,    0,   -1,   -3,   -1,   -3,   -2,   -1,   -3,   -1,    0,   -1,    0,    0,    0,    0,    0,    0,    0,    0,    0,    0,    0,    0,    0,    0,    0,    0,    0,    0,    0,    0,    0,    0,   -1,    0,    0,    0,   -1,    0,    0,    0,    0,    0,   -1,    0,    0,    0,    0,    0,    0,    0,    0,    0,    0,    0,    0,    0,    0,    0,    0,    0,    0,    0,    0,    0,    0,    0,    0,    0,    0,    0,    0,    0,    0,    0,    0,    0,    0,   -1,    0,    0,    0,    0,    0,    0,   -1,    0,    0,    0,    0,    0,   -3,    0,    0,    0,    0,    0,    0,    0,    0,    0,    0,    0,    0,    0,    0,    0,    0,    0,    0,    0,    0,    0,    0,   -1,   -1,   -1,    0,   -2,   -1,   -1,    0,    0,
       0,    0,   -1,    0,    0,   -1,   -1,    0,    0,    0,    0,    0,    0,   -2,    0,    0,   -1,    0,    0,   -1,   -1,    0,    0,   -3,   -1,   -3,   -2,   -1,   -4,   -1,    0,   -1,    0,    0,    0,    0,    0,    0,    0,    0,    0,    0,    0,    0,    0,    0,    0,    0,    0,    0,    0,    0,    0,    0,   -1,    0,    0,    0,    0,   -1,    0,    0,    0,    0,    0,   -1,    0,    0,    0,    0,    0,    0,    0,    0,    0,    0,    0,    0,    0,    0,    0,    0,    0,    0,    0,    0,    0,    0,    0,    0,    0,    0,    0,    0,    0,    0,    0,    0,    0,   -1,    0,    0,    0,    0,    0,    0,    0,    0,    0,    0,    0,    0,   -3,    0,    0,    0,    0,    0,    0,    0,    0,    0,    0,    0,    0,    0,    0,    0,    0,    0,    0,    0,    0,    0,    0,    0,   -1,   -1,    0,   -2,   -1,    0,    0,    0,
      -1,    0,   -2,   -1,    0,   -1,   -2,    0,   -1,    0,    0,    0,    0,   -1,    0,    0,   -1,   -1,    0,    0,   -1,   -1,    0,   -3,   -1,   -3,   -2,   -1,   -3,   -1,    0,   -2,    0,    0,    0,    0,    0,   -1,    0,    0,   -1,   -1,    0,   -1,    0,    0,   -1,   -1,   -1,    0,   -1,   -1,    0,    0,   -1,    0,    0,   -1,   -1,   -1,    0,    0,   -1,    0,   -1,    0,    0,    0,   -1,    0,    0,    0,    0,    0,    0,   -1,   -1,   -1,   -1,    0,    0,    0,    0,    0,    0,   -1,   -1,    0,   -1,    0,    0,    0,    0,    0,    0,    0,    0,    0,    0,   -1,   -1,   -1,   -1,   -1,   -1,    0,   -1,    0,    0,   -1,    0,    0,   -3,    0,   -1,   -1,   -1,    0,    0,    0,   -1,   -1,    0,   -1,   -1,   -1,    0,    0,    0,    0,    0,   -1,    0,   -1,   -1,   -1,   -2,   -2,    0,   -2,   -1,   -2,    0,   -1,
       0,    0,    0,   -1,   -1,    0,    0,   -1,   -2,   -1,    0,   -1,   -1,    0,    0,   -1,    0,   -1,    0,    0,    0,   -1,    0,    0,    0,    0,    0,    0,    0,    0,    0,    0,    0,    0,   -1,    0,   -1,    1,    0,    0,   -1,    2,    0,   -1,   -1,   -1,   -1,   -1,   -1,   -1,   -1,   -1,    0,    0,    0,    0,   -1,    0,   -1,    0,    0,    0,    0,    0,    0,   -1,    0,   -1,   -1,   -1,   -1,   -1,   -1,   -1,   -1,    1,   -1,   -1,    0,    0,   -1,   -1,   -1,   -1,   -1,   -1,   -1,    0,   -1,   -1,   -1,   -1,   -1,   -1,   -1,   -1,    0,    0,    0,    0,   -1,   -1,    0,   -1,    2,    0,    0,   -1,   -1,   -1,   -1,   -1,    0,   -1,   -1,   -1,   -1,   -1,    1,   -1,    2,   -1,    0,    0,   -1,   -1,    0,   -1,   -1,    2,   -1,   -1,    1,   -1,   -1,   -2,    0,    0,   -1,    0,    0,    0,    0,    1,
       0,    0,    0,    0,    0,    0,    0,    0,    0,    0,    0,    0,    0,    0,    0,    0,    0,    0,    0,    0,    0,    0,    0,    0,    0,    0,    0,    0,    0,    0,    0,    0,    0,    0,    0,    0,    0,    0,    0,    0,    0,    1,    0,    0,    0,    0,    0,    0,    0,    0,    0,    0,    0,    0,    0,    0,    0,    0,    0,    0,    0,    0,    0,    0,    0,    0,    0,    0,    0,    0,    0,    0,    0,    0,    0,    0,    0,    0,    0,    0,    0,    0,    0,    0,    0,    0,    0,    0,    0,    0,    0,    0,    0,    0,    0,    0,    0,    0,    0,    0,    0,    0,    0,    0,    1,    0,    0,    0,    0,    0,    0,    0,    0,    0,    0,    0,    0,    0,    0,    0,    0,    0,    0,    0,    0,    0,    0,    0,    0,    0,    0,    0,    0,    0,    0,    0,    0,    0,    0,    0,    0,    0,    0,    0,
       0,    0,   -1,    0,    0,   -1,   -1,   -1,    0,   -1,    0,    0,    0,    0,    0,    0,    0,    0,    0,    0,    0,    0,    0,    0,    0,    0,    0,    0,    0,    0,    0,    0,    0,    0,    0,    0,    0,    0,    0,    0,    0,    0,    0,    0,    0,    0,    0,    0,    0,    0,    0,    0,    0,    0,    0,    0,    0,    0,    0,    0,    0,    0,    0,    0,    0,    0,    0,    0,    0,    0,    0,    0,    0,    0,    0,    0,    0,    0,    0,    0,    0,    0,    0,    0,    0,    0,    0,    0,    0,    0,    0,    0,    0,    0,    0,    0,    0,    0,    0,    0,    0,    0,    0,    0,    0,    0,    0,    0,    0,    0,    0,    0,    0,    0,    0,    0,    0,    0,    0,    0,    0,    0,    0,    0,    0,    0,    0,    0,    0,    0,    0,    0,    0,    0,    0,    0,   -1,   -1,   -1,    0,    0,    0,   -1,    0,
       0,    0,   -2,    0,    0,    0,   -2,   -1,    0,   -1,    0,    0,    0,    0,    0,    0,    0,    0,    0,    0,    0,    0,    0,   -2,   -1,   -2,   -2,    0,   -3,   -1,    0,    0,    0,    0,    0,    0,    0,    2,    0,    0,    0,    3,    0,    0,    0,    0,    0,    0,    0,    0,    0,    0,    0,    0,    0,    0,    0,    0,   -1,    0,    0,    0,    0,    0,    0,   -1,    0,    0,    0,    0,    0,    0,    0,    0,    0,    0,    0,    0,    0,    0,    0,    0,    0,    0,    0,    0,    0,    0,    0,    0,    0,    0,    0,    0,    0,    0,    0,    0,    0,    0,    0,    0,    0,    0,    3,    0,   -1,    0,    0,    0,    0,    0,   -2,    0,    0,    0,    0,    0,    0,    0,    0,    0,    0,    0,    0,    0,    0,    0,    0,    0,    0,    0,    0,    0,    0,    0,   -2,   -1,   -1,    0,    0,    0,   -1,    2,
       0,    0,   -1,    0,    0,   -1,   -1,    0,    0,    0,    0,    0,    0,    0,    0,   -1,    0,    0,    0,    0,    0,    0,    0,   -1,    0,   -2,   -2,   -1,   -2,    0,    0,    0,   -1,    0,    0,    0,    0,    0,    0,    0,    0,    0,    0,    0,    0,    0,    0,    0,    0,    0,    0,    0,    0,    0,   -1,    0,    0,    0,    0,    0,    0,    0,    0,    0,    0,    0,    0,   -1,    0,    0,    0,    0,    0,    0,    0,    0,    0,    0,    0,    0,    0,    0,    0,    0,    0,    0,    0,    0,    0,    0,    0,    0,    0,    0,    0,    0,    0,    0,    0,    0,    0,    0,    0,    0,    0,    0,    0,    0,    0,    0,    0,    0,   -1,    0,    0,    0,    0,    0,    0,    0,    0,    0,    0,    0,    0,    0,    0,    0,    0,    0,    0,    0,    0,    0,    0,    0,   -1,    0,    0,    0,    0,    0,   -1,    0,
       0,    0,    0,    0,    0,   -1,    0,    0,    0,    0,    0,    0,    0,    0,    0,    0,    0,    0,    0,    0,    0,    0,    0,    0,    0,    0,    0,    0,    0,    0,    0,    0,   -1,    0,    0,    0,    0,    0,    0,    0,    0,    0,    0,    0,    0,    0,    0,    0,    0,    0,    0,    0,    0,    0,   -1,    0,    0,    0,    0,    0,    0,    0,    0,    0,    0,    0,    0,    0,    0,    0,    0,    0,    0,    0,    0,    0,    0,    0,    0,    0,    0,    0,    0,    0,    0,    0,    0,    0,    0,    0,    0,    0,    0,    0,    0,    0,    0,    0,    0,    0,    0,    0,    0,    0,    0,    0,    0,    0,    0,    0,    0,    0,    0,    0,    0,    0,    0,    0,    0,    0,    0,    0,    0,    0,    0,    0,    0,    0,    0,    0,    0,    0,    0,    0,    0,    0,    0,    0,    0,    0,    0,    0,    0,    0,
       0,    0,   -1,   -1,    0,   -1,   -2,    0,   -2,    0,    0,    0,    0,   -2,    0,    0,   -1,    0,    0,    0,   -1,    0,   -1,   -3,   -2,   -3,   -2,    0,   -3,   -1,    0,    0,    0,    0,   -1,   -1,   -1,    0,   -1,   -1,   -1,    0,   -1,    0,    0,    0,    0,    0,    0,    0,    0,    0,    0,    0,   -1,    0,    0,    0,   -2,    0,   -1,    0,    0,   -1,    0,    0,    0,    0,    0,   -1,   -1,   -1,   -1,   -1,   -1,   -1,   -1,   -1,   -1,   -1,   -1,   -1,   -1,   -1,   -1,    0,    0,   -1,    0,   -1,   -1,   -1,   -1,   -1,   -1,   -1,   -1,   -1,   -1,   -1,   -1,   -1,   -1,   -1,    0,   -1,   -1,   -1,   -1,    0,    0,    0,   -5,    0,    0,    0,    0,   -1,   -1,   -1,   -1,   -1,   -1,    0,    0,    0,   -1,   -1,   -1,   -1,   -1,   -1,   -1,    0,    0,   -2,   -1,   -1,    0,    0,    0,    0,   -1,    0,
      -1,    0,    0,    0,    0,   -1,    0,   -4,    0,   -4,    0,    0,    0,    0,    0,   -2,    0,    0,   -2,   -1,   -1,    0,    0,    0,    0,   -1,   -1,   -1,   -1,    0,    0,    0,   -1,    0,    0,    0,    0,    0,    0,    0,    0,    0,    0,    0,    0,    0,    0,    0,    0,    0,    0,    0,    0,    0,   -1,    0,    0,    0,   -1,    0,    0,    0,    0,    0,    0,    0,    0,   -3,    0,    0,    0,    0,    0,    0,    0,    0,    0,    0,    0,    0,    0,    0,    0,    0,    0,    0,    0,    0,    0,    0,    0,    0,    0,    0,    0,    0,    0,    0,    0,    0,    0,    0,    0,    0,    1,    0,    0,    0,    0,    0,    0,    0,    0,    0,    0,    0,    0,    0,    0,    0,    0,    0,    0,    0,    0,    0,    0,    0,    0,    0,    0,    0,    0,    0,    0,    0,    0,    0,   -4,    0,    0,    0,    0,    0,
       0,    0,    0,    0,    0,    0,    0,    0,    0,    0,    0,   -1,   -1,    0,    0,   -1,   -1,   -1,   -1,   -1,   -1,   -1,    0,   -3,   -1,   -3,   -2,   -2,   -3,   -2,    0,    0,    0,    0,    0,    0,    0,   -2,    0,    0,   -1,   -1,   -2,   -1,   -1,   -1,   -1,   -1,    0,   -1,    0,   -1,    0,    0,    0,    0,    0,    0,    0,    0,    0,    0,    0,    0,    0,    0,    0,   -2,   -1,    0,    0,    0,    0,    0,    0,   -1,   -1,   -1,   -1,    0,    0,    0,    0,    0,    0,   -1,   -1,    0,    0,    0,    0,    0,    0,    0,    0,    0,    0,    0,    0,   -1,   -1,   -1,   -1,   -1,   -1,    0,    0,    0,    0,   -1,   -1,   -1,   -3,   -1,   -1,    0,   -1,    0,    0,    0,   -1,   -1,    0,   -1,   -1,   -1,    0,    0,    0,    0,    0,   -1,    0,    0,    0,    0,    0,    0,    0,    0,    0,    0,    0,   -2,
       0,    0,   -3,    0,    0,   -2,   -3,   -1,    0,   -1,    0,   -1,   -1,   -2,    0,   -2,   -2,   -1,   -2,   -2,   -2,   -1,    0,   -4,   -2,   -4,   -3,   -2,   -4,   -2,    0,    0,   -1,    0,    0,   -1,    0,   -2,   -1,   -1,   -1,   -1,   -1,   -1,   -1,   -2,   -1,   -1,   -1,   -1,   -1,   -1,    0,    0,   -1,   -1,   -1,    0,    0,   -2,    0,    0,    0,    0,    0,   -2,   -3,   -2,   -1,    0,    0,    0,    0,    0,    0,   -1,   -1,   -1,   -1,    0,    0,    0,    0,    0,    0,   -1,   -1,   -1,   -1,    0,    0,    0,    0,    0,    0,    0,   -1,   -1,   -1,   -2,   -1,   -1,   -1,   -1,   -1,    0,    0,    0,    0,   -1,   -1,   -1,   -7,   -2,   -1,   -1,   -1,    0,    0,    0,   -1,   -1,    0,   -1,   -1,   -1,    0,    0,    0,    0,    0,   -1,    0,   -1,   -1,    0,   -3,   -3,   -1,    0,    0,    0,   -3,   -2,
       0,    0,   -2,    0,    0,    0,   -2,   -1,    0,   -1,    0,    0,    0,    0,    0,    0,   -1,   -1,   -1,   -1,   -2,   -1,   -1,   -3,   -2,   -3,   -3,   -1,   -4,   -2,    0,    0,    0,    0,   -1,   -1,   -1,    3,   -1,   -1,   -1,    4,   -1,    0,    0,    0,    0,    0,    0,   -1,    0,    0,    0,    0,    0,    0,    0,    0,   -2,    0,    0,    0,    0,    0,    0,   -1,    0,    0,   -1,   -1,   -1,   -1,   -1,   -1,   -1,   -1,   -1,   -1,   -1,   -1,   -1,   -1,   -1,   -1,   -1,    0,    0,   -1,    0,   -1,   -1,   -1,   -1,   -1,   -1,   -1,   -1,   -1,   -1,   -1,   -1,   -1,   -1,   -1,    4,   -1,   -2,   -1,   -1,    0,    0,    0,   -3,    0,    0,    0,    0,   -1,   -1,   -1,   -1,   -1,   -1,    0,    0,    0,   -1,   -1,   -1,   -1,   -1,   -1,   -1,    0,    0,    0,   -2,   -1,   -1,    0,    0,    0,   -1,    3,
       0,    0,   -1,    0,    0,   -1,   -2,   -1,    0,   -1,    0,    0,    0,   -1,    0,   -1,   -1,    0,   -1,   -1,   -1,    0,    0,   -1,   -1,   -1,   -2,   -2,   -4,   -1,    0,   -1,   -1,    0,    0,    0,    0,    0,    0,    0,    0,    0,    0,    0,   -1,    0,    0,    0,    0,    0,    0,    0,    0,    0,   -1,    0,    0,    0,    0,    0,    0,    0,    0,    0,    0,   -1,    0,   -1,    0,    0,    0,    0,    0,    0,    0,    0,    0,    0,    0,    0,    0,    0,    0,    0,    0,    0,    0,    0,    0,    0,    0,    0,    0,    0,    0,    0,    0,    0,    0,   -1,    0,    0,    0,    0,    0,    0,    0,    0,    0,    0,   -1,   -1,   -1,    0,    0,    0,    0,    0,    0,    0,    0,    0,    0,    0,    0,    0,    0,    0,    0,    0,    0,    0,    0,    0,    0,    0,   -1,   -1,   -1,   -1,    0,    0,    0,    0,
       0,    0,   -1,    0,    0,   -2,   -1,   -2,    0,   -2,    0,    0,    0,   -2,    0,   -2,   -1,    0,   -3,   -1,   -1,    0,   -1,   -2,   -1,   -2,   -2,   -4,   -4,   -1,    0,   -1,   -2,    0,    0,    0,    0,    0,    0,    0,    0,    0,    0,    0,    0,    0,    0,    0,    0,    0,    0,    0,    0,    0,   -1,    0,    0,    0,    0,    0,    0,    0,    0,    0,    0,   -1,    0,   -3,    0,    0,    0,    0,    0,    0,    0,    0,    0,    0,    0,    0,    0,    0,    0,    0,    0,    0,    0,    0,    0,    0,    0,    0,    0,    0,    0,    0,    0,    0,    0,   -1,    0,    0,    0,    0,    0,    0,    0,    0,    0,    0,    0,    0,   -2,    0,    0,    0,    0,    0,    0,    0,    0,    0,    0,    0,    0,    0,    0,    0,    0,    0,    0,    0,    0,    0,    0,    0,   -1,    0,   -2,   -1,    0,    0,    0,    0,
       0,    0,   -1,   -1,    0,   -1,   -2,    0,   -1,    0,    0,    0,    0,   -1,   -1,    0,   -1,   -2,    0,   -1,   -1,   -2,   -1,   -2,   -2,   -2,   -2,    0,   -2,   -1,    0,   -1,    0,    0,    0,   -1,   -1,   -2,   -1,    0,   -1,   -1,    0,   -1,   -1,   -1,   -1,   -1,   -1,    0,   -2,   -1,    0,    0,   -1,    0,   -1,   -1,   -1,   -1,    0,    0,   -1,    0,   -1,   -1,    0,    0,   -2,    0,    0,    0,   -1,   -1,   -1,   -1,   -1,   -1,   -1,    0,   -1,   -1,   -1,   -1,   -1,   -1,   -1,    0,   -2,    0,   -1,   -1,   -1,   -1,   -1,   -1,   -1,   -1,    0,   -1,   -1,   -1,   -1,   -1,   -1,    0,    0,   -1,   -1,   -1,   -1,   -1,   -2,   -1,   -1,   -2,   -1,    0,   -1,   -1,   -1,   -1,   -1,   -1,   -1,   -1,    0,   -1,   -1,   -1,   -1,   -1,   -1,   -2,   -2,   -1,   -1,   -2,    0,   -2,   -1,    0,    0,   -2,
       0,    0,   -4,   -1,    0,   -1,   -3,    0,   -1,    0,    0,    0,    0,   -2,   -1,    0,    0,   -1,    0,    0,    0,   -1,    0,   -3,   -1,   -3,   -2,    0,   -4,   -1,    0,   -2,   -1,    0,    0,    0,    0,   -1,    0,    0,    0,    0,    0,    0,    0,   -1,    0,   -1,   -1,    0,   -1,   -1,    0,    0,   -1,    0,   -1,   -1,   -1,   -2,    0,    0,   -1,    0,   -1,   -1,    0,    0,   -1,    0,    0,    0,    0,    0,    0,    0,    0,    0,    0,    0,    0,    0,    0,    0,    0,    0,    0,    0,   -1,    0,    0,    0,    0,    0,    0,    0,    0,    0,    0,    0,    0,    0,    0,    0,    0,    0,    0,    0,    0,    0,    0,    0,   -3,   -1,    0,   -1,   -1,    0,    0,    0,    0,    0,    0,    0,    0,    0,    0,    0,    0,    0,    0,    0,    0,   -1,   -1,   -1,   -3,   -2,    0,   -3,   -2,    0,    0,   -1,
       0,    0,   -3,   -1,    0,   -1,   -2,    0,   -1,    0,    0,    0,    0,   -2,   -1,    0,    0,   -1,    0,    0,    0,   -1,    0,   -3,   -1,   -3,   -2,    0,   -4,   -1,    0,   -2,   -1,    0,    0,    0,    0,   -1,    0,    0,    0,    0,    0,    0,    0,   -1,    0,   -1,   -1,    0,   -1,   -1,    0,    0,   -1,    0,   -1,   -1,   -1,   -2,    0,    0,   -1,    0,   -1,   -1,    0,    0,   -1,    0,    0,    0,    0,    0,    0,    0,    0,    0,    0,    0,    0,    0,    0,    0,    0,    0,    0,    0,   -1,    0,    0,    0,    0,    0,    0,    0,    0,    0,    0,    0,    0,    0,    0,    0,    0,    0,    0,    0,    0,    0,    0,    0,   -3,   -1,    0,   -1,   -1,    0,    0,    0,    0,    0,    0,    0,    0,    0,    0,    0,    0,    0,    0,    0,    0,   -1,   -1,   -1,   -4,   -2,    0,   -3,   -2,    0,    0,   -1,
       0,    0,   -2,    0,    0,   -1,   -2,    0,   -1,    0,    0,    0,    0,   -2,    0,    0,   -1,    0,    0,    0,   -1,   -1,    0,   -3,   -1,   -3,   -2,   -1,   -4,   -1,    0,   -2,    0,    0,    0,    0,    0,    1,    0,    0,    0,    1,    0,    0,    0,    0,    0,    0,    0,    0,    0,   -1,    0,    0,   -1,    0,    0,   -1,   -1,   -1,    0,    0,   -1,    0,   -1,    0,    0,    0,   -1,    0,    0,    0,    0,    0,    0,    0,    0,    0,    0,    0,    0,    0,    0,    0,    0,    0,    0,    0,    0,    0,    0,    0,    0,    0,    0,    0,    0,    0,    0,   -1,    0,    0,    0,    0,    1,    0,    0,    0,    0,    0,    0,    0,   -3,    0,    0,    0,   -1,    0,    0,    0,    0,    0,    0,    0,    0,    0,    0,    0,    0,    0,    0,    0,    0,    0,    0,   -1,   -2,   -1,    0,   -2,   -1,    0,    0,    1,
       0,    0,   -2,    0,    0,   -1,   -2,    0,    0,    0,    0,    0,    0,   -2,    0,   -1,   -1,   -1,    0,   -1,   -1,   -1,   -1,   -3,   -2,   -3,   -2,   -1,   -4,   -1,    0,   -3,    0,    0,    0,    0,    0,   -1,    0,    0,    0,    0,    0,    0,   -1,   -1,    0,    0,    0,    0,    0,   -1,    0,    0,   -1,    0,    0,   -1,   -1,   -1,    0,    0,    0,    0,   -1,   -1,    0,    0,   -1,    0,    0,    0,    0,    0,    0,    0,    0,    0,    0,    0,    0,    0,    0,    0,    0,    0,    0,    0,    0,    0,    0,    0,    0,    0,    0,    0,    0,    0,    0,   -1,    0,    0,    0,    0,    0,    0,    0,    0,    0,    0,   -1,   -1,   -3,   -1,    0,    0,   -1,    0,    0,    0,    0,    0,    0,    0,    0,    0,    0,    0,    0,    0,    0,    0,    0,    0,    0,    0,   -3,   -2,    0,   -2,   -1,    0,    0,   -1,
       0,    0,   -3,    0,    0,   -1,   -1,    0,    0,    0,    0,    0,    0,   -2,    0,   -1,   -1,   -1,    0,   -1,   -1,   -1,   -1,   -3,   -2,   -3,   -2,   -1,   -4,   -1,    0,   -3,    0,    0,    0,    0,    0,   -1,    0,    0,    0,    0,    0,    0,   -1,   -1,    0,    0,    0,    0,    0,   -1,    0,    0,   -1,    0,    0,   -1,   -1,   -1,    0,    0,    0,    0,   -1,   -1,    0,    0,   -1,    0,    0,    0,    0,    0,    0,    0,    0,    0,    0,    0,    0,    0,    0,    0,    0,    0,    0,    0,    0,    0,    0,    0,    0,    0,    0,    0,    0,    0,    0,   -1,    0,    0,    0,    0,    0,    0,    0,    0,    0,    0,   -1,   -1,   -3,   -1,    0,    0,   -1,    0,    0,    0,    0,    0,    0,    0,    0,    0,    0,    0,    0,    0,    0,    0,    0,    0,    0,    0,   -2,   -3,    0,   -2,   -1,    0,    0,   -1,
       0,    0,   -1,   -1,    0,   -1,   -2,    0,   -1,    0,    0,    0,    0,   -1,   -1,    0,    0,   -1,    0,    0,    0,   -1,    0,   -1,   -1,   -1,   -1,    0,   -1,    0,    0,   -1,    0,    0,    0,    0,    0,   -1,    0,    0,    0,    0,    0,    0,    0,    0,    0,   -1,   -1,    0,   -1,    0,    0,    0,    0,    0,   -1,   -1,   -1,   -1,    0,    0,   -1,    0,   -1,   -1,    0,    0,   -1,    0,    0,    0,    0,    0,    0,    0,    0,    0,    0,    0,    0,    0,    0,    0,    0,    0,    0,    0,   -1,    0,    0,    0,    0,    0,    0,    0,    0,    0,    0,    0,    0,    0,    0,    0,    0,    0,    0,    0,    0,    0,    0,    0,   -1,    0,    0,   -1,    0,    0,    0,    0,    0,    0,    0,    0,    0,    0,    0,    0,    0,    0,    0,    0,    0,   -1,   -1,   -1,   -2,   -1,    0,   -1,   -1,    0,    0,   -1,
       0,    0,    1,   -1,    0,    0,    0,    0,   -1,    0,    0,    0,    0,    0,   -1,    0,    0,   -1,    0,    0,    0,   -1,    0,   -1,   -1,   -1,   -1,    0,   -1,    0,    0,   -1,    1,    0,    0,    1,    0,   -1,    0,    1,    0,    0,    0,    0,    0,    0,    0,   -1,   -1,    0,   -1,    0,    0,    0,    0,    0,   -1,   -1,   -1,    0,    0,    0,   -1,    0,   -1,   -1,    0,    0,   -1,    0,    0,    0,    0,    0,    0,    1,    0,    0,    0,    0,    0,    0,    0,    0,    0,    0,    0,    1,   -1,    0,    0,    0,    0,    0,    0,    0,    0,    0,    1,    0,    0,    0,    0,    0,    0,    0,    0,    0,    0,    0,    0,    0,   -1,    0,    0,   -1,    0,    0,    0,    0,    0,    0,    0,    0,    0,    0,    0,    0,    0,    0,    0,    0,    0,   -1,   -1,   -1,   -1,    0,    0,   -1,   -1,    0,    0,   -1,
       0,    0,   -1,   -1,    0,   -1,   -1,    0,   -1,    0,    0,    0,    0,   -1,   -1,    0,    0,   -1,    0,    0,    0,   -1,    0,   -1,   -1,   -1,   -1,    0,   -1,    0,    0,   -1,    0,    0,    0,    0,    0,   -1,    0,    0,    0,    0,    0,    0,    0,    0,    0,   -1,   -1,    0,   -1,    0,    0,    0,    0,    0,   -1,   -1,   -1,    0,    0,    0,   -1,    0,   -1,   -1,    0,    0,   -1,    0,    0,    0,    0,    0,    0,    0,    0,    0,    0,    0,    0,    0,    0,    0,    0,    0,    0,    0,   -1,    0,    0,    0,    0,    0,    0,    0,    0,    0,    0,    0,    0,    0,    0,    0,    0,    0,    0,    0,    0,    0,    0,    0,   -1,    0,    0,   -1,    0,    0,    0,    0,    0,    0,    0,    0,    0,    0,    0,    0,    0,    0,    0,    0,    0,   -1,   -1,   -1,    0,   -1,    0,   -1,   -1,    0,    0,   -1,
       0,    0,    0,   -1,    0,   -1,    1,    0,   -1,    0,    0,    0,    0,    0,   -1,    0,    0,   -1,    0,    0,    0,   -1,    0,   -1,   -1,   -1,   -1,    0,   -1,    0,    0,   -1,    0,    0,    0,    0,    0,   -1,    0,    0,    0,    0,    0,    0,    0,    0,    0,   -1,   -1,    0,   -1,    0,    0,    0,    0,    0,   -1,   -1,   -1,    1,    0,    0,   -1,    0,   -1,   -1,    0,    0,   -1,    0,    0,    0,    0,    0,    0,    0,    0,    0,    0,    0,    0,    0,    0,    0,    0,    0,    0,    0,   -1,    0,    0,    0,    0,    0,    0,    0,    0,    0,    0,    0,    0,    0,    0,    0,    0,    0,    0,    0,    0,    0,    0,    0,   -1,    0,    0,   -1,    0,    0,    0,    0,    0,    0,    0,    0,    0,    0,    0,    0,    0,    0,    0,    0,    0,   -1,   -1,   -1,    0,   -1,    0,   -1,   -1,    0,    0,   -1,
       0,    0,   -1,    0,    0,   -1,   -2,    0,    0,    0,    0,    0,    0,   -1,    0,   -1,   -1,    0,    0,   -1,   -1,    0,    0,   -1,   -1,   -1,   -1,   -1,   -1,   -1,    0,   -1,   -1,    0,    0,    0,    0,    0,    0,    0,    0,    0,    0,    0,   -1,    0,    0,   -1,    0,   -1,    0,   -1,    0,    0,   -1,    0,    0,    0,    0,   -1,    0,    0,    0,    0,    0,   -1,    0,    0,    0,    0,    0,    0,    0,    0,    0,    0,    0,    0,    0,    0,    0,    0,    0,    0,    0,    0,    0,    0,    0,    0,    0,    0,    0,    0,    0,    0,    0,    0,    0,   -1,    0,    0,    0,    0,    0,    0,    0,    0,    0,    0,   -1,   -1,   -1,    0,    0,    0,   -1,    0,    0,    0,    0,    0,    0,    0,    0,    0,    0,    0,    0,    0,    0,    0,    0,    0,    0,    0,   -1,   -1,    0,   -1,   -1,    0,    0,    0,
       0,    0,   -3,    0,    0,   -1,   -3,    0,    0,    0,    0,    0,    0,   -2,    0,   -1,   -1,   -1,    0,   -1,   -1,   -1,    0,   -4,   -1,   -3,   -2,   -1,   -4,   -1,    0,   -4,   -1,    0,    0,    0,    0,   -1,    0,    0,    0,    0,    0,    0,   -1,   -1,    0,    0,    0,    0,    0,   -1,    0,    0,   -1,    0,    0,   -1,    0,   -2,    0,    0,    0,    0,    0,   -1,    0,    0,   -1,    0,    0,    0,    0,    0,    0,    0,    0,    0,    0,    0,    0,    0,    0,    0,    0,    0,    0,    0,    0,    0,    0,    0,    0,    0,    0,    0,    0,    0,    0,   -1,    0,    0,    0,    0,    0,    0,    0,    0,    0,    0,   -1,   -1,   -4,   -1,    0,    0,   -1,    0,    0,    0,    0,    0,    0,    0,    0,    0,    0,    0,    0,    0,    0,    0,    0,    0,    0,    0,   -2,   -4,    0,   -2,   -2,    0,    0,   -1,
       0,    0,   -2,    0,    0,   -1,   -3,    0,    0,    0,    0,    0,    0,   -2,    0,   -1,   -1,   -1,    0,   -1,   -1,   -1,    0,   -4,   -1,   -3,   -2,   -1,   -4,   -1,    0,   -4,   -1,    0,    0,    0,    0,   -1,    0,    0,    0,    0,    0,    0,   -1,   -1,    0,    0,    0,    0,    0,   -1,    0,    0,   -1,    0,    0,   -1,    0,   -2,    0,    0,    0,    0,    0,   -1,    0,    0,   -1,    0,    0,    0,    0,    0,    0,    0,    0,    0,    0,    0,    0,    0,    0,    0,    0,    0,    0,    0,    0,    0,    0,    0,    0,    0,    0,    0,    0,    0,    0,   -1,    0,    0,    0,    0,    0,    0,    0,    0,    0,    0,   -1,   -1,   -4,   -1,    0,    0,   -1,    0,    0,    0,    0,    0,    0,    0,    0,    0,    0,    0,    0,    0,    0,    0,    0,    0,    0,    0,   -4,   -2,    0,   -2,   -2,    0,    0,   -1,
       0,    0,   -4,    0,    0,   -1,   -3,    0,    0,    0,    0,    0,    0,   -2,    0,   -1,   -1,   -1,    0,   -1,   -1,   -1,    0,   -4,   -1,   -3,   -2,   -1,   -4,   -1,    0,   -4,   -1,    0,    0,    0,    0,   -1,    0,    0,    0,    0,    0,    0,   -1,   -1,    0,    0,    0,    0,    0,   -1,    0,    0,   -1,    0,    0,   -1,    0,   -2,    0,    0,    0,    0,    0,   -1,    0,    0,   -1,    0,    0,    0,    0,    0,    0,    0,    0,    0,    0,    0,    0,    0,    0,    0,    0,    0,    0,    0,    0,    0,    0,    0,    0,    0,    0,    0,    0,    0,    0,   -1,    0,    0,    0,    0,    0,    0,    0,    0,    0,    0,   -1,   -1,   -4,   -1,    0,    0,   -1,    0,    0,    0,    0,    0,    0,    0,    0,    0,    0,    0,    0,    0,    0,    0,    0,    0,    0,    0,   -2,   -2,    0,   -2,   -2,    0,    0,   -1,
       0,    0,   -4,    0,    0,   -1,   -2,    0,    0,    0,    0,    0,    0,   -2,    0,   -1,   -1,   -1,    0,   -1,   -1,   -1,    0,   -4,   -1,   -3,   -2,   -1,   -4,   -1,    0,   -4,   -1,    0,    0,    0,    0,   -1,    0,    0,    0,    0,    0,    0,   -1,   -1,    0,    0,    0,    0,    0,   -1,    0,    0,   -1,    0,    0,   -1,    0,   -2,    0,    0,    0,    0,    0,   -1,    0,    0,   -1,    0,    0,    0,    0,    0,    0,    0,    0,    0,    0,    0,    0,    0,    0,    0,    0,    0,    0,    0,    0,    0,    0,    0,    0,    0,    0,    0,    0,    0,    0,   -1,    0,    0,    0,    0,    0,    0,    0,    0,    0,    0,   -1,   -1,   -4,   -1,    0,    0,   -1,    0,    0,    0,    0,    0,    0,    0,    0,    0,    0,    0,    0,    0,    0,    0,    0,    0,    0,    0,   -3,   -4,    0,   -2,   -2,    0,    0,   -1,
       0,    0,   -4,    0,    0,   -1,   -3,    0,    0,    0,    0,    0,    0,   -2,    0,   -1,   -1,   -1,    0,   -1,   -1,   -1,    0,   -4,   -1,   -3,   -2,   -1,   -4,   -1,    0,   -4,   -1,    0,    0,    0,    0,   -2,    0,    0,    0,    0,    0,    0,   -1,   -1,    0,    0,    0,    0,    0,   -1,    0,    0,   -1,    0,    0,   -1,    0,   -2,    0,    0,    0,    0,    0,   -1,    0,    0,   -1,    0,    0,    0,    0,    0,    0,    0,    0,    0,    0,    0,    0,    0,    0,    0,    0,    0,    0,    0,    0,    0,    0,    0,    0,    0,    0,    0,    0,    0,    0,   -1,    0,    0,    0,    0,    0,    0,    0,    0,    0,    0,   -1,   -1,   -4,   -1,    0,    0,   -1,    0,    0,    0,    0,    0,    0,    0,    0,    0,    0,    0,    0,    0,    0,    0,    0,    0,    0,    0,   -4,   -3,    0,   -2,   -2,    0,    0,   -2,
      -2,    0,   -3,   -2,    0,    0,   -4,    0,   -2,    0,    0,    0,    0,   -2,   -2,    0,    0,   -2,    0,    0,    0,   -2,   -1,   -4,   -2,   -4,   -3,    0,   -4,   -1,    0,   -2,    0,    0,   -1,   -1,   -1,   -1,   -1,    0,   -1,    0,    0,   -1,    0,   -1,   -1,   -1,   -1,    0,   -3,    0,    0,    0,   -1,    0,   -2,   -2,   -2,   -3,    0,    0,   -2,    0,   -2,    0,    0,    0,   -3,   -1,   -1,   -1,   -1,   -1,   -1,   -1,   -1,   -1,   -1,   -1,   -1,   -1,   -1,   -1,   -2,   -1,   -1,    0,   -3,   -1,   -1,   -1,   -1,   -1,   -1,   -1,   -1,   -1,    0,    0,   -1,   -1,   -1,   -1,    0,   -1,   -1,   -1,   -1,   -1,    0,    0,   -4,   -1,   -1,   -3,    0,   -1,   -1,   -1,   -1,   -1,   -1,   -1,   -1,   -1,   -1,   -1,   -1,   -1,   -1,   -1,   -1,   -3,   -3,   -2,   -3,   -3,    0,   -3,   -3,   -1,    0,   -1,
       0,    0,   -3,   -1,    0,   -1,   -3,    0,   -1,    0,    0,    0,    0,   -2,   -1,    0,    0,   -1,    0,    0,    0,   -1,    0,   -3,   -1,   -3,   -2,    0,   -4,   -1,    0,   -2,   -1,    0,    0,    0,    0,    0,    0,    0,    0,    1,    0,    0,    0,   -1,    0,   -1,   -1,    0,   -1,   -1,    0,    0,   -1,    0,   -1,   -1,   -1,   -2,    0,    0,   -1,    0,   -1,   -1,    0,    0,   -1,    0,    0,    0,    0,    0,    0,    0,    0,    0,    0,    0,    0,    0,    0,    0,    0,    0,    0,    0,   -1,    0,    0,    0,    0,    0,    0,    0,    0,    0,    0,    0,    0,    0,    0,    0,    1,    0,    0,    0,    0,    0,    0,    0,   -3,   -1,    0,   -1,   -1,    0,    0,    0,    0,    0,    0,    0,    0,    0,    0,    0,    0,    0,    0,    0,    0,   -1,   -1,   -1,   -3,   -2,    0,   -3,   -2,    0,    0,    0,
       0,    0,   -1,    0,    0,   -1,   -1,    0,   -1,    0,    0,    0,    0,   -1,    0,    0,   -1,    0,    0,    0,   -1,   -1,    0,   -3,   -1,   -3,   -2,   -1,   -4,   -1,    0,   -2,    0,    0,    0,    0,    0,   -1,    0,    0,    0,    0,    0,    0,    0,    0,    0,    0,    0,    0,    0,   -1,    0,    0,   -1,    0,    0,   -1,   -1,   -1,    0,    0,   -1,    0,   -1,    0,    0,    0,   -1,    0,    0,    0,    0,    0,    0,    0,    0,    0,    0,    0,    0,    0,    0,    0,    0,    0,    0,    0,    0,    0,    0,    0,    0,    0,    0,    0,    0,    0,    0,   -1,    0,    0,    0,    0,    0,    0,    0,    0,    0,    0,    0,    0,   -3,    0,    0,    0,   -1,    0,    0,    0,    0,    0,    0,    0,    0,    0,    0,    0,    0,    0,    0,    0,    0,    0,    0,   -1,   -2,   -2,    0,   -2,   -1,    0,    0,   -1,
       0,    1,    2,    0,    0,    2,    2,    0,   -1,    0,    0,    0,    0,    2,    0,    0,    0,    0,    0,    0,    0,    0,    0,    0,    0,    0,    0,    0,    0,    0,    0,    0,    3,    0,    0,    3,    0,   -1,    0,    3,    0,    0,    2,    0,    0,    0,    0,   -1,   -1,    0,   -1,   -1,    0,    0,    3,    0,    0,    0,   -1,    0,    0,    0,    0,    0,    0,   -1,    0,    0,    0,    0,    0,    0,    0,    0,    0,    0,    0,    0,    0,    0,    0,    0,    0,    0,    0,    0,    0,    3,   -1,    0,    0,    0,    0,    0,    0,    0,    0,    0,    3,    0,    0,    0,    0,    0,    0,    0,    0,    0,    0,    0,    0,    0,    0,    0,    0,   -1,    1,    0,    0,    0,    0,    0,    0,    0,    0,    0,    0,    0,    0,    0,    0,    0,    0,   -1,   -1,   -1,    1,    1,    0,    0,    0,    0,    0,   -1,
       0,    0,   -1,   -1,    0,   -1,   -1,    0,   -1,    0,    0,    0,    0,   -1,   -1,    0,    0,   -1,    0,    0,    0,   -1,    0,   -1,   -1,   -1,   -1,    0,   -1,    0,    0,   -1,    0,    0,    0,    0,    0,   -1,    0,    0,    0,    0,    0,    0,    0,   -1,    0,   -1,   -1,    0,   -1,   -1,    0,    0,    0,    0,    0,   -1,   -1,    0,    0,    0,   -1,    0,   -1,   -1,    0,    0,   -1,    0,    0,    0,    0,    0,    0,    0,    0,    0,    0,    0,    0,    0,    0,    0,    0,    0,    0,    0,   -1,    0,    0,    0,    0,    0,    0,    0,    0,    0,    0,    0,    0,    0,    0,    0,    0,    0,    0,    0,    0,    0,    0,    0,   -1,   -1,    0,   -1,   -1,    0,    0,    0,    0,    0,    0,    0,    0,    0,    0,    0,    0,    0,    0,    0,    0,   -1,   -1,   -1,   -1,   -2,    0,   -2,   -1,    0,    0,   -1,
       0,    0,   -2,    0,    0,   -1,   -1,    0,    0,    0,    0,    0,    0,   -2,    0,   -1,   -1,   -1,    0,   -1,   -1,   -1,   -1,   -3,   -2,   -3,   -2,   -1,   -4,   -1,    0,   -3,    0,    0,    0,    0,    0,   -1,    0,    0,    0,    0,    0,    0,   -1,   -1,    0,    0,    0,    0,    0,   -1,    0,    0,   -1,    0,    0,   -1,   -1,   -1,    0,    0,    0,    0,   -1,   -1,    0,    0,   -1,    0,    0,    0,    0,    0,    0,    0,    0,    0,    0,    0,    0,    0,    0,    0,    0,    0,    0,    0,    0,    0,    0,    0,    0,    0,    0,    0,    0,    0,    0,   -1,    0,    0,    0,    0,    0,    0,    0,    0,    0,    0,   -1,   -1,   -3,   -1,    0,    0,   -1,    0,    0,    0,    0,    0,    0,    0,    0,    0,    0,    0,    0,    0,    0,    0,    0,    0,    0,    0,   -3,   -2,    0,   -2,   -1,    0,    0,   -1,
       0,    0,   -3,    0,    0,   -1,   -1,    0,    0,    0,    0,    0,    0,   -2,    0,   -1,   -1,   -1,    0,   -1,   -1,   -1,   -1,   -3,   -2,   -3,   -2,   -1,   -4,   -1,    0,   -3,    0,    0,    0,    0,    0,   -1,    0,    0,    0,    0,    0,    0,   -1,   -1,    0,    0,    0,    0,    0,   -1,    0,    0,   -1,    0,    0,   -1,   -1,   -1,    0,    0,    0,    0,   -1,   -1,    0,    0,   -1,    0,    0,    0,    0,    0,    0,    0,    0,    0,    0,    0,    0,    0,    0,    0,    0,    0,    0,    0,    0,    0,    0,    0,    0,    0,    0,    0,    0,    0,    0,   -1,    0,    0,    0,    0,    0,    0,    0,    0,    0,    0,   -1,   -1,   -3,   -1,    0,    0,   -1,    0,    0,    0,    0,    0,    0,    0,    0,    0,    0,    0,    0,    0,    0,    0,    0,    0,    0,    0,   -2,   -2,    0,   -2,   -1,    0,    0,   -1,
       0,    0,    0,    0,    0,    0,   -1,    0,    0,    0,    0,    0,    0,    0,    0,    0,    0,    0,    0,    0,    0,    0,    0,   -1,    0,   -1,   -1,   -1,   -1,    0,    0,    0,    0,    0,    0,    0,    0,    0,   -1,    0,   -1,    1,    0,   -1,    0,   -1,   -1,   -1,   -1,    0,   -1,   -1,    0,    0,    0,    0,    0,    0,    0,    0,    0,    0,    0,    0,    0,    0,    0,    0,    0,    0,    0,    0,    0,    0,    0,   -1,   -1,   -1,   -1,    0,    0,    0,    0,    0,    0,   -1,   -1,    0,   -1,    0,    0,    0,    0,    0,    0,    0,   -1,   -1,    0,    0,   -1,   -1,   -1,   -1,    1,    0,    0,    0,    0,   -1,    0,    0,   -1,   -1,   -1,   -1,   -1,    0,    0,    0,   -1,   -1,    0,   -1,   -1,   -1,    0,    0,    0,    0,    0,   -1,    0,   -1,   -1,    0,    0,    0,    0,   -1,    0,    0,    0,    0,
       0,    0,   -2,    0,    0,   -1,   -2,    0,    0,    0,    0,    0,    0,   -2,    0,   -1,   -1,   -1,    0,   -1,   -1,   -1,   -1,   -3,   -2,   -3,   -2,   -1,   -4,   -1,    0,   -3,    0,    0,    0,    0,    0,    0,    0,    0,    0,    1,    0,    0,   -1,   -1,    0,    0,    0,    0,    0,   -1,    0,    0,   -1,    0,    0,   -1,   -1,   -1,    0,    0,    0,    0,   -1,   -1,    0,    0,   -1,    0,    0,    0,    0,    0,    0,    0,    0,    0,    0,    0,    0,    0,    0,    0,    0,    0,    0,    0,    0,    0,    0,    0,    0,    0,    0,    0,    0,    0,    0,   -1,    0,    0,    0,    0,    1,    0,    0,    0,    0,    0,   -1,   -1,   -3,   -1,    0,    0,   -1,    0,    0,    0,    0,    0,    0,    0,    0,    0,    0,    0,    0,    0,    0,    0,    0,    0,    0,    0,   -2,   -2,    0,   -2,   -1,    0,    0,    0,
       0,    0,   -3,    0,    0,   -1,   -2,    0,    0,    0,    0,    0,    0,   -2,    0,   -1,   -1,   -1,    0,   -1,   -1,   -1,   -1,   -3,   -2,   -3,   -2,   -1,   -4,   -1,    0,   -3,    0,    0,    0,    0,    0,   -1,    0,    0,    0,    0,    0,    0,   -1,   -1,    0,    0,    0,    0,    0,   -1,    0,    0,   -1,    0,    0,   -1,   -1,   -1,    0,    0,    0,    0,   -1,   -1,    0,    0,   -1,    0,    0,    0,    0,    0,    0,    0,    0,    0,    0,    0,    0,    0,    0,    0,    0,    0,    0,    0,    0,    0,    0,    0,    0,    0,    0,    0,    0,    0,    0,   -1,    0,    0,    0,    0,    0,    0,    0,    0,    0,    0,   -1,   -1,   -3,   -1,    0,    0,   -1,    0,    0,    0,    0,    0,    0,    0,    0,    0,    0,    0,    0,    0,    0,    0,    0,    0,    0,    0,   -2,   -2,    0,   -2,   -1,    0,    0,   -1,
       0,    0,   -1,   -1,    0,   -1,    0,    0,   -1,    0,    0,    0,    0,   -1,   -1,    0,    0,   -1,    0,    0,    0,   -1,    0,   -1,   -1,   -1,   -1,    0,   -1,    0,    0,   -1,    0,    0,    0,    0,    0,   -1,    0,    0,    0,    0,    0,    0,    0,    0,    0,   -1,   -1,    0,   -1,    0,    0,    0,    0,    0,   -1,   -1,   -1,   -1,    0,    0,   -1,    0,   -1,   -1,    0,    0,   -1,    0,    0,    0,    0,    0,    0,    0,    0,    0,    0,    0,    0,    0,    0,    0,    0,    0,    0,    0,   -1,    0,    0,    0,    0,    0,    0,    0,    0,    0,    0,    0,    0,    0,    0,    0,    0,    0,    0,    0,    0,    0,    0,    0,   -1,    0,    0,   -1,    0,    0,    0,    0,    0,    0,    0,    0,    0,    0,    0,    0,    0,    0,    0,    0,    0,   -1,   -1,   -1,   -1,   -1,    0,   -1,   -1,    0,    0,   -1,
       0,    0,   -1,   -1,    0,   -1,    1,    0,   -1,    0,    0,    0,    0,   -1,   -1,    0,    0,   -1,    0,    0,    0,   -1,    0,   -1,   -1,   -1,   -1,    0,   -1,    0,    0,   -1,    0,    0,    0,    0,    0,   -1,    0,    0,    0,    0,    0,    0,    0,    0,    0,   -1,   -1,    0,   -1,    0,    0,    0,    0,    0,   -1,   -1,   -1,    0,    0,    0,   -1,    0,   -1,   -1,    0,    0,   -1,    0,    0,    0,    0,    0,    0,    0,    0,    0,    0,    0,    0,    0,    0,    0,    0,    0,    0,    0,   -1,    0,    0,    0,    0,    0,    0,    0,    0,    0,    0,    0,    0,    0,    0,    0,    0,    0,    0,    0,    0,    0,    0,    0,   -1,    0,    0,   -1,    0,    0,    0,    0,    0,    0,    0,    0,    0,    0,    0,    0,    0,    0,    0,    0,    0,   -1,   -1,   -1,   -1,   -1,    0,   -1,   -1,    0,    0,   -1,
       0,    0,    0,   -1,    0,   -1,    0,    0,   -1,    0,    0,    0,    0,    0,   -1,    0,    0,   -1,    0,    0,    0,   -1,    0,   -1,   -1,   -1,   -1,    0,   -1,    0,    0,   -1,    0,    0,    0,    0,    0,   -1,    0,    0,    0,    0,    0,    0,    0,    0,    0,   -1,   -1,    0,   -1,    0,    0,    0,    0,    0,   -1,   -1,   -1,   -1,    0,    0,   -1,    0,   -1,   -1,    0,    0,   -1,    0,    0,    0,    0,    0,    0,    0,    0,    0,    0,    0,    0,    0,    0,    0,    0,    0,    0,    0,   -1,    0,    0,    0,    0,    0,    0,    0,    0,    0,    0,    0,    0,    0,    0,    0,    0,    0,    0,    0,    0,    0,    0,    0,   -1,    0,    0,   -1,    0,    0,    0,    0,    0,    0,    0,    0,    0,    0,    0,    0,    0,    0,    0,    0,    0,   -1,   -1,   -1,   -1,   -1,    0,   -1,   -1,    0,    0,   -1,
       0,    0,    0,   -1,    0,    0,    0,    0,   -1,    0,    0,    0,    0,    0,   -1,    0,    0,   -1,    0,    0,    0,   -1,    0,    0,    0,    0,    0,    0,    0,    0,    0,    0,    0,    0,   -1,    0,   -1,    0,   -1,    0,   -1,    1,    0,   -1,   -1,   -1,   -1,   -1,   -1,    0,   -1,   -1,    0,    0,    0,    0,    0,    0,   -1,    0,    0,    0,   -1,    0,    0,   -1,    0,    0,   -1,   -1,   -1,   -1,   -1,   -1,   -1,   -1,   -1,   -1,   -1,   -1,   -1,   -1,   -1,   -1,   -1,   -1,   -1,    0,   -1,   -1,   -1,   -1,   -1,   -1,   -1,   -1,   -1,   -1,    0,    0,   -1,   -1,   -1,   -1,    1,    0,   -1,   -1,   -1,   -1,   -1,   -1,    0,   -1,   -1,   -1,   -1,   -1,   -1,   -1,    1,   -1,   -1,   -1,   -1,   -1,   -1,   -1,   -1,   -1,   -1,   -1,   -1,   -1,   -1,   -1,    0,    0,    0,    0,    0,    0,    0,    0,
       0,    0,   -1,   -1,    0,   -1,   -1,    0,   -1,    0,    0,    0,    0,   -1,   -1,    0,    0,   -1,    0,    0,    0,   -1,    0,   -1,   -1,   -1,   -1,    0,   -1,    0,    0,   -1,    0,    0,    0,    0,    0,    0,    0,    0,    0,    1,    0,    0,    0,    0,    0,   -1,   -1,    0,   -1,    0,    0,    0,    0,    0,   -1,   -1,   -1,   -1,    0,    0,   -1,    0,   -1,   -1,    0,    0,   -1,    0,    0,    0,    0,    0,    0,    0,    0,    0,    0,    0,    0,    0,    0,    0,    0,    0,    0,    0,   -1,    0,    0,    0,    0,    0,    0,    0,    0,    0,    0,    0,    0,    0,    0,    0,    1,    0,    0,    0,    0,    0,    0,    0,   -1,    0,    0,   -1,    0,    0,    0,    0,    0,    0,    0,    0,    0,    0,    0,    0,    0,    0,    0,    0,    0,   -1,   -1,   -1,   -1,   -1,    0,   -1,   -1,    0,    0,    0,
       0,    0,    0,    0,    0,    0,    0,    0,    0,    0,    0,    0,    0,    0,    0,    0,   -1,   -1,    0,    0,   -1,   -1,    0,   -1,   -1,    0,    0,    0,    0,    0,    0,    0,    0,    0,    0,    0,    0,    0,    0,    0,    0,    0,    0,    0,    0,    0,    0,    0,    0,    0,    0,    0,    0,    0,    0,    0,    0,    0,    0,    0,    0,    0,    0,    0,    0,   -1,    0,    0,   -1,    0,    0,    0,    0,    0,    0,    0,    0,    0,    0,    0,    0,    0,    0,    0,    0,    0,    0,    0,    0,    0,    0,    0,    0,    0,    0,    0,    0,    0,    0,   -1,    0,    0,    0,    0,    0,    0,    0,    0,    0,    0,    0,    0,   -1,    0,    0,    0,    0,    0,    0,    0,    0,    0,    0,    0,    0,    0,    0,    0,    0,    0,    0,    0,    0,    0,    0,    0,    1,    0,    0,    0,    0,    0,    0,    0,
       0,    0,   -1,   -1,    0,   -1,   -2,    0,   -1,    0,    0,    0,    0,   -1,   -1,    0,    0,   -1,    0,    0,    0,   -1,    0,   -1,   -1,   -1,   -1,    0,   -2,    0,    0,   -1,    0,    0,    0,    0,    0,   -1,    0,    0,   -1,    1,    0,   -1,    0,   -1,   -1,   -1,   -1,    0,   -2,   -1,    0,    0,    0,    0,    0,   -1,   -1,   -1,    0,    0,   -2,    0,   -1,    0,    0,    0,   -1,    0,    0,    0,    0,    0,    0,   -1,   -1,   -1,   -1,    0,    0,    0,    0,    0,    0,   -1,   -1,    0,   -2,    0,    0,    0,    0,    0,    0,    0,    0,    0,    0,    0,   -1,   -1,   -1,   -1,    1,    0,    0,    0,    0,   -1,    0,    0,   -1,   -1,   -1,   -2,   -1,    0,    0,    0,   -1,   -1,    0,   -1,   -1,   -1,    0,    0,    0,    0,    0,   -1,    0,   -2,   -2,   -1,   -1,   -1,    0,   -2,   -1,    0,    0,   -1,
      -2,    0,   -5,    0,    0,    0,   -1,    0,    0,    0,    0,    0,    0,   -1,    0,    0,    0,   -1,    0,    0,    0,   -1,   -1,   -6,   -1,   -1,   -3,   -1,   -5,   -1,    0,   -2,    0,    0,    0,    0,    0,   -1,    0,    0,   -1,   -1,    0,   -1,    0,   -1,   -1,   -1,   -1,    0,   -2,   -1,    0,    0,    0,    0,   -1,   -2,    0,   -3,    0,    0,    0,    0,   -2,    0,    0,    0,   -1,    0,    0,    0,    0,    0,    0,   -1,   -1,   -1,   -1,    0,    0,    0,    0,    0,    0,   -1,   -1,    0,   -2,    0,    0,    0,    0,    0,    0,    0,    0,    0,    0,    0,   -1,   -1,   -1,   -1,   -1,   -1,    0,    0,    0,   -1,    0,    0,   -6,   -1,   -1,   -2,   -1,    0,    0,    0,   -1,   -1,    0,   -1,   -1,   -1,    0,    0,    0,    0,    0,   -1,    0,   -2,   -2,    0,   -6,   -5,    0,   -4,   -4,    0,    0,   -1,
       0,    1,    2,    0,    0,    2,    2,    0,   -1,    0,    0,    0,    0,    2,    0,    0,    0,    0,    0,    0,    0,    0,    0,    0,    0,    0,    0,    0,    0,    0,    0,    0,    3,    0,    0,    3,    0,   -1,    0,    3,    0,    0,    2,    0,    0,    0,    0,   -1,   -1,    0,   -1,    0,    0,    0,    2,    0,    0,    0,   -1,    0,    0,    0,    0,    0,    0,    0,    0,    0,    0,    0,    0,    0,    0,    0,    0,    0,    0,    0,    0,    0,    0,    0,    0,    0,    0,    0,    0,    3,   -1,    0,    0,    0,    1,    0,    0,    0,    0,    0,    3,    0,    0,    0,    0,    0,    0,    0,    0,    0,    0,    0,    0,    1,    0,    0,    0,   -1,    1,    0,    0,    0,    0,    0,    0,    0,    0,    0,    0,    0,    0,    0,    0,    0,    0,   -1,   -1,   -1,    0,    1,    0,    0,    0,    0,    0,   -1,
       0,    0,   -1,   -1,    0,   -1,   -1,    0,   -1,    0,    0,    0,    0,   -1,    0,    0,    0,    0,    0,    0,    0,    0,    0,    0,    0,    0,    0,    0,    0,    0,    0,    0,    0,    0,    0,    0,   -1,   -1,    0,    0,    0,    0,    0,    0,    0,    0,    0,   -1,   -1,    0,   -1,   -1,    0,    0,    0,    0,    0,    0,   -1,   -1,    0,    0,    0,    0,    0,    0,    0,    0,    0,    0,    0,    0,   -1,   -1,   -1,    0,    0,    0,    0,    0,   -1,   -1,   -1,   -1,   -1,    0,    0,    0,   -1,    0,   -1,   -1,   -1,   -1,   -1,   -1,    0,    0,    0,    0,    0,    0,    0,    0,    0,    0,   -1,   -1,   -1,    0,    0,    0,    0,    0,    0,   -1,   -1,    0,   -1,   -1,    0,    0,   -1,    0,    0,    0,    0,   -1,   -1,   -1,   -1,    0,   -1,   -1,   -1,   -1,   -1,   -1,    0,    0,    0,    0,    0,   -1,
       0,    0,   -5,   -1,    0,   -1,   -3,    0,   -1,    0,    0,    0,    0,   -2,   -1,    0,    0,   -1,    0,    0,   -1,   -1,    0,   -3,   -1,   -3,   -2,    0,   -4,   -1,    0,   -3,   -1,    0,    0,    0,    0,   -1,    0,    0,    0,    0,    0,    0,    0,   -1,    0,   -1,   -1,    0,   -1,    0,    0,    0,   -1,    0,   -1,   -1,   -1,   -2,    0,    0,   -1,    0,   -1,   -1,    0,    0,   -1,    0,    0,    0,    0,    0,    0,    0,    0,    0,    0,    0,    0,    0,    0,    0,    0,    0,    0,    0,   -1,    0,    0,    0,    0,    0,    0,    0,    0,    0,    0,    0,    0,    0,    0,    0,    0,    0,    0,    0,    0,    0,    0,    0,   -3,   -1,    0,   -1,    0,    0,    0,    0,    0,    0,    0,    0,    0,    0,    0,    0,    0,    0,    0,    0,    0,   -1,   -1,   -1,   -3,   -3,    0,   -3,   -2,    0,    0,   -1,
       0,    0,    0,   -1,    0,    0,    0,   -1,   -1,   -1,    0,    0,   -1,    0,   -1,   -1,    0,   -1,    0,    0,    0,   -1,    0,    0,    0,    0,    0,    0,    0,    0,    0,    0,    0,    0,   -1,    0,   -1,   -1,   -1,    0,   -1,    0,    0,   -1,   -1,   -1,   -1,   -1,   -1,   -1,   -1,   -1,    0,    0,    0,    0,    0,    0,   -1,    0,    0,    0,   -1,    0,    0,   -1,    0,   -1,   -1,   -1,   -1,   -1,   -1,   -1,   -1,   -1,   -1,   -1,   -1,   -1,   -1,   -1,   -1,   -1,   -1,   -1,   -1,    0,   -1,   -1,   -1,   -1,   -1,   -1,   -1,   -1,   -1,   -1,    0,    0,   -1,   -1,   -1,   -1,    0,    0,   -1,   -1,   -1,   -1,   -1,   -2,    0,   -1,   -1,   -1,   -1,   -1,   -1,   -1,    1,   -1,   -1,   -1,   -1,   -1,   -1,   -1,   -1,   -1,   -1,   -1,   -1,   -1,   -1,   -1,    0,    0,   -1,    0,    0,    0,    0,   -1,
       0,    0,   -2,   -1,    0,    0,   -2,    0,    0,    0,    0,    0,    0,   -2,    0,    0,    0,    0,    0,    0,    0,    0,    0,    0,    0,    0,    0,    0,    0,    0,    0,    0,    0,    0,    0,    0,    0,   -1,    0,    0,    0,    0,    0,    0,    0,    0,    0,    0,    0,    0,    0,    0,    0,    0,    0,    0,    0,    0,    0,   -1,    0,    0,    0,    0,    0,   -1,    0,    0,    0,    0,    0,    0,    0,    0,    0,    0,    0,    0,    0,    0,    0,    0,    0,    0,    0,    0,    0,    0,    0,    0,    0,    0,    0,    0,    0,    0,    0,    0,    0,    0,    0,    0,    0,    0,    0,    0,    0,    0,    0,    0,    0,    0,    0,    0,    0,    0,    0,    0,    0,    0,    0,    0,    0,    0,    0,    0,    0,    0,    0,    0,    0,    0,    0,    0,    0,    0,   -2,   -1,    0,    0,    0,    0,    0,   -1,
       0,    0,   -2,    0,    0,   -1,   -2,    0,    0,    0,    0,    0,    0,   -2,    0,   -1,   -1,   -1,    0,   -1,   -1,   -1,    0,   -4,   -1,   -3,   -2,   -1,   -4,   -1,    0,   -4,   -1,    0,    0,    0,    0,   -1,    0,    0,    0,    0,    0,    0,   -1,   -1,    0,    0,    0,    0,    0,   -1,    0,    0,   -1,    0,    0,   -1,    0,   -2,    0,    0,    0,    0,    0,   -1,    0,    0,   -1,    0,    0,    0,    0,    0,    0,    0,    0,    0,    0,    0,    0,    0,    0,    0,    0,    0,    0,    0,    0,    0,    0,    0,    0,    0,    0,    0,    0,    0,    0,   -1,    0,    0,    0,    0,    0,    0,    0,    0,    0,    0,   -1,   -1,   -4,   -1,    0,    0,   -1,    0,    0,    0,    0,    0,    0,    0,    0,    0,    0,    0,    0,    0,    0,    0,    0,    0,    0,    0,   -2,   -2,    0,   -2,   -2,    0,    0,   -1,
       0,    0,   -2,    0,    0,   -1,   -1,    0,    0,    0,    0,    0,    0,   -1,    0,   -1,   -1,   -1,    0,   -1,   -1,   -1,    0,   -4,   -1,   -3,   -2,   -1,   -4,   -1,    0,   -4,    0,    0,    0,    0,    0,   -1,    0,    0,    0,    0,    0,    0,   -1,   -1,    0,    0,    0,    0,    0,   -1,    0,    0,   -1,    0,    0,   -1,    0,   -2,    0,    0,    0,    0,    0,   -1,    0,    0,   -1,    0,    0,    0,    0,    0,    0,    0,    0,    0,    0,    0,    0,    0,    0,    0,    0,    0,    0,    0,    0,    0,    0,    0,    0,    0,    0,    0,    0,    0,    0,   -1,    0,    0,    0,    0,    0,    0,    0,    0,    0,    0,   -1,   -1,   -4,   -1,    0,    0,   -1,    0,    0,    0,    0,    0,    0,    0,    0,    0,    0,    0,    0,    0,    0,    0,    0,    0,    0,    0,   -3,   -2,    0,   -2,   -2,    0,    0,   -1,
       0,    0,   -1,   -1,    0,   -1,   -1,    0,   -1,    0,    0,    0,    0,   -1,    0,    0,   -1,   -1,    0,    0,   -1,   -1,   -1,   -3,   -2,   -3,   -2,   -1,   -4,   -1,    0,   -3,    0,    0,    0,    0,   -1,   -1,    0,    0,    0,    0,    0,    0,   -1,    0,    0,    0,    0,    0,    0,    0,    0,    0,   -1,    0,    0,   -1,   -1,   -1,    0,    0,   -1,    0,   -1,    0,    0,    0,   -1,    0,    0,    0,   -1,   -1,   -1,    0,    0,    0,    0,    0,   -1,   -1,   -1,   -1,   -1,    0,    0,    0,    0,    0,   -1,   -1,   -1,   -1,   -1,   -1,    0,    0,    0,   -1,    0,    0,    0,    0,    0,    0,   -1,   -1,   -1,    0,   -1,   -1,   -3,    0,    0,    0,    0,    0,   -1,   -1,    0,    0,   -1,    0,    0,    0,    0,   -1,   -1,   -1,   -1,    0,   -1,    0,    0,   -1,   -2,   -1,    0,   -2,   -1,   -1,    0,   -1,
       0,    0,   -3,   -1,    0,   -1,   -2,    0,   -1,    0,    0,    0,    0,   -2,    0,    0,   -1,   -1,    0,    0,   -1,   -1,   -1,   -3,   -2,   -3,   -2,   -1,   -4,   -1,    0,   -3,    0,    0,    0,    0,   -1,   -1,    0,    0,    0,    0,    0,    0,   -1,    0,    0,    0,    0,    0,    0,    0,    0,    0,   -1,    0,    0,   -1,   -1,   -1,    0,    0,   -1,    0,   -1,    0,    0,    0,   -1,    0,    0,    0,   -1,   -1,   -1,    0,    0,    0,    0,    0,   -1,   -1,   -1,   -1,   -1,    0,    0,    0,    0,    0,   -1,   -1,   -1,   -1,   -1,   -1,    0,    0,    0,   -1,    0,    0,    0,    0,    0,    0,   -1,   -1,   -1,    0,   -1,   -1,   -3,    0,    0,    0,    0,    0,   -1,   -1,    0,    0,   -1,    0,    0,    0,    0,   -1,   -1,   -1,   -1,    0,   -1,    0,    0,   -1,   -2,   -2,    0,   -2,   -1,   -1,    0,   -1,
       0,    0,   -2,   -1,    0,   -1,   -2,    0,   -1,    0,    0,    0,    0,   -2,    0,    0,   -1,   -1,    0,    0,   -1,   -1,   -1,   -3,   -2,   -3,   -2,   -1,   -4,   -1,    0,   -3,    0,    0,    0,    0,   -1,   -1,    0,    0,    0,    1,    0,    0,   -1,    0,    0,    0,    0,    0,    0,    0,    0,    0,   -1,    0,    0,   -1,   -1,   -1,    0,    0,   -1,    0,   -1,    0,    0,    0,   -1,    0,    0,    0,   -1,   -1,   -1,    0,    0,    0,    0,    0,   -1,   -1,   -1,   -1,   -1,    0,    0,    0,    0,    0,   -1,   -1,   -1,   -1,   -1,   -1,    0,    0,    0,   -1,    0,    0,    0,    0,    1,    0,   -1,   -1,   -1,    0,   -1,   -1,   -3,    0,    0,    0,    0,    0,   -1,   -1,    0,    0,   -1,    0,    0,    0,    0,   -1,   -1,   -1,   -1,    0,   -1,    0,    0,   -1,   -2,   -2,    0,   -2,   -1,   -1,    0,   -1,
       0,    0,   -2,   -1,    0,   -1,   -1,    0,   -1,    0,    0,    0,    0,   -1,    0,    0,   -1,   -1,    0,    0,   -1,   -1,   -1,   -3,   -2,   -3,   -2,   -1,   -4,   -1,    0,   -3,    0,    0,    0,    0,   -1,   -1,    0,    0,    0,    0,    0,    0,   -1,    0,    0,    0,    0,    0,    0,    0,    0,    0,   -1,    0,    0,   -1,   -1,   -1,    0,    0,   -1,    0,   -1,    0,    0,    0,   -1,    0,    0,    0,   -1,   -1,   -1,    0,    0,    0,    0,    0,   -1,   -1,   -1,   -1,   -1,    0,    0,    0,    0,    0,   -1,   -1,   -1,   -1,   -1,   -1,    0,    0,    0,   -1,    0,    0,    0,    0,    0,    0,   -1,   -1,   -1,    0,   -1,   -1,   -3,    0,    0,    0,    0,    0,   -1,   -1,    0,    0,   -1,    0,    0,    0,    0,   -1,   -1,   -1,   -1,    0,   -1,    0,    0,   -1,   -2,   -2,    0,   -2,   -1,   -1,    0,   -1,
       0,    0,   -1,    0,    0,   -1,   -2,    0,    0,    0,    0,    0,    0,   -1,    0,    0,   -1,    0,    0,    0,   -1,    0,    0,   -3,   -1,   -3,   -2,    0,   -3,   -1,    0,   -1,    0,    0,    0,    0,    0,    0,    0,    0,    0,    1,    0,    0,    0,    0,    0,    0,    0,    0,    0,    0,    0,    0,    0,    0,    0,    0,    0,   -1,    0,    0,    0,    0,   -1,    0,    0,    0,    0,    0,    0,    0,    0,    0,    0,    0,    0,    0,    0,    0,    0,    0,    0,    0,    0,    0,    0,    0,    0,    0,    0,    0,    0,    0,    0,    0,    0,    0,    0,   -1,    0,    0,    0,    0,    1,    0,    0,    0,    0,    0,    0,    0,   -3,    0,    0,    0,    0,    0,    0,    0,    0,    0,    0,    0,    0,    0,    0,    0,    0,    0,    0,    0,    0,    0,    0,    0,   -1,   -1,    0,   -1,    0,   -1,    0,    0,
       0,    0,    1,    0,    0,    0,    1,    0,    0,    0,    0,    0,    0,    1,    0,    0,   -1,    0,    0,    0,   -1,    0,    0,   -3,   -1,   -3,   -2,    0,   -3,   -1,    0,   -1,    1,    0,    0,    1,    0,    0,    0,    0,    0,    0,    0,    0,    0,    0,    0,    0,    0,    0,    0,    0,    0,    0,    0,    0,    0,    0,    0,    0,    0,    0,    0,    0,   -1,    0,    0,    0,    0,    0,    0,    0,    0,    0,    0,    0,    0,    0,    0,    0,    0,    0,    0,    0,    0,    0,    0,    0,    0,    0,    0,    0,    0,    0,    0,    0,    0,    0,    0,   -1,    0,    0,    0,    0,    0,    0,    0,    0,    0,    0,    0,    0,   -3,    0,    0,    0,    0,    0,    0,    0,    0,    0,    0,    0,    0,    0,    0,    0,    0,    0,    0,    0,    0,    0,    0,    0,    0,    1,    0,   -1,    0,   -1,    0,    0,
      -1,    0,    0,   -1,    0,    0,    0,   -3,   -6,   -3,   -2,   -1,   -2,    0,    0,   -3,    0,   -1,   -2,    0,    0,   -1,    0,    0,    0,    0,    0,    0,    0,    0,    0,    0,    0,    0,   -6,    0,   -3,   -1,   -5,    0,   -1,   -1,    0,   -5,   -5,   -1,   -5,   -2,   -5,   -3,   -5,   -5,    0,    0,    0,    0,    0,    0,   -6,    0,    0,    0,   -3,    0,    0,   -2,    0,   -4,   -1,   -6,   -6,   -6,   -4,   -5,   -4,   -1,   -2,   -1,   -1,   -1,   -3,   -3,   -3,   -5,   -3,   -5,   -5,    0,   -5,   -6,   -4,   -3,   -5,   -5,   -5,   -5,   -5,   -5,    1,    0,   -1,   -1,   -1,   -3,    0,    0,    0,   -3,   -3,   -5,   -4,   -4,    0,   -2,   -5,   -5,   -5,   -5,   -3,   -5,    1,   -1,   -4,   -3,   -4,   -4,   -4,   -3,   -5,   -2,   -5,   -1,   -2,   -5,   -5,   -6,    0,    0,   -3,    0,    0,   -3,    0,   -1,
       0,    0,   -3,   -1,    0,   -1,   -2,    0,   -1,    0,    0,    0,    0,   -2,   -1,    0,    0,   -1,    0,    0,    0,   -1,    0,   -3,   -1,   -3,   -2,    0,   -3,   -1,    0,   -3,   -1,    0,    0,    0,    0,   -1,    0,    0,    0,    0,    0,    0,    0,    0,    0,   -1,   -1,    0,   -1,    0,    0,    0,   -1,    0,   -1,   -2,   -1,   -2,    0,    0,   -1,    0,   -2,   -1,    0,    0,   -1,    0,    0,    0,    0,    0,    0,    0,    0,    0,    0,    0,    0,    0,    0,    0,    0,    0,    0,    0,   -1,    0,    0,    0,    0,    0,    0,    0,    0,    0,    0,    0,    0,    0,    0,    0,    0,    0,    0,    0,    0,    0,    0,    0,   -3,    0,    0,   -1,    0,    0,    0,    0,    0,    0,    0,    0,    0,    0,    0,    0,    0,    0,    0,    0,    0,   -1,   -1,   -2,   -3,   -4,    0,   -3,   -2,    0,    0,   -1,
       0,    0,   -2,   -1,    0,   -1,   -3,    0,   -1,    0,    0,    0,    0,   -2,   -1,    0,    0,   -1,    0,    0,    0,   -1,    0,   -3,   -1,   -3,   -2,    0,   -3,   -1,    0,   -3,   -1,    0,    0,    0,    0,    0,    0,    0,    0,    1,    0,    0,    0,    0,    0,   -1,   -1,    0,   -2,    0,    0,    0,   -1,    0,   -1,   -2,   -1,   -2,    0,    0,   -1,    0,   -2,   -1,    0,    0,   -1,    0,    0,    0,    0,    0,    0,    0,    0,    0,    0,    0,    0,    0,    0,    0,    0,    0,    0,    0,   -2,    0,    0,    0,    0,    0,    0,    0,    0,    0,    0,    0,    0,    0,    0,    0,    1,    0,    0,    0,    0,    0,    0,    0,   -3,    0,    0,   -2,    0,    0,    0,    0,    0,    0,    0,    0,    0,    0,    0,    0,    0,    0,    0,    0,    0,   -2,   -2,   -2,   -3,   -3,    0,   -3,   -2,    0,    0,    0,
      -1,    0,   -3,   -1,    0,   -1,   -2,    0,   -1,    0,    0,    0,    0,   -1,    0,    0,   -1,   -1,    0,    0,   -1,   -1,    0,   -3,   -1,   -3,   -2,   -1,   -3,   -1,    0,   -2,    0,    0,    0,    0,    0,   -1,    0,    0,   -1,   -1,    0,   -1,    0,    0,   -1,   -1,   -1,    0,   -1,   -1,    0,    0,   -1,    0,    0,   -1,   -1,   -1,    0,    0,   -1,    0,   -1,    0,    0,    0,   -1,    0,    0,    0,    0,    0,    0,   -1,   -1,   -1,   -1,    0,    0,    0,    0,    0,    0,   -1,   -1,    0,   -1,    0,    0,    0,    0,    0,    0,    0,    0,    0,    0,   -1,   -1,   -1,   -1,   -1,   -1,    0,   -1,    0,    0,   -1,    0,    0,   -3,    0,   -1,   -1,   -1,    0,    0,    0,   -1,   -1,    0,   -1,   -1,   -1,    0,    0,    0,    0,    0,   -1,    0,   -1,   -1,   -1,   -2,   -2,    0,   -2,   -1,   -2,    0,   -1,
       0,    0,    0,    0,    0,    0,   -1,   -1,    0,   -1,    0,    0,    0,   -1,    0,   -1,   -1,    0,   -1,   -1,   -1,    0,    0,   -1,   -1,   -1,   -1,   -2,   -1,   -1,    0,    0,    0,    0,    0,    0,    0,    0,    0,    0,    0,    0,    0,    0,    0,    0,    0,    0,    0,    0,    0,    0,    0,    0,    0,    0,    0,    0,    0,    0,    0,    0,    0,    0,    0,   -1,    0,    0,    0,    0,    0,    0,    0,    0,    0,    0,    0,    0,    0,    0,    0,    0,    0,    0,    0,    0,    0,    0,    0,    0,    0,    0,    0,    0,    0,    0,    0,    0,    0,   -1,    0,    0,    0,    0,    0,    0,    0,    0,    0,    0,    0,    0,   -1,    0,    0,    0,    0,    0,    0,    0,    0,    0,    0,    0,    0,    0,    0,    0,    0,    0,    0,    0,    0,    0,    0,    0,    0,    0,   -1,    0,    0,    0,    0,    0,
       0,    0,    0,    0,    0,   -1,    0,    0,    0,    0,    0,    0,    0,   -1,    0,    0,    0,    0,    0,    0,    0,    0,    0,    0,    0,    0,    0,    0,    0,    0,    0,    0,    0,    0,    0,    0,    0,    0,    0,    0,    0,    0,    0,    0,    0,    0,    0,    0,    0,    0,    0,    0,    0,    0,    0,    0,    0,    0,    0,    0,    0,    0,    0,    0,    0,   -1,    0,    0,    0,    0,    0,    0,    0,    0,    0,    0,    0,    0,    0,    0,    0,    0,    0,    0,    0,    0,    0,    0,    0,    0,    0,    0,    0,    0,    0,    0,    0,    0,    0,    0,    0,    0,    0,    0,    0,    0,    0,    0,    0,    0,    0,    0,    0,    0,    0,    0,    0,    0,    0,    0,    0,    0,    0,    0,    0,    0,    0,    0,    0,    0,    0,    0,    0,    0,    0,    0,    0,    0,    0,    0,    0,    0,    0,    0,
      -1,    0,    1,   -1,    0,    2,    2,   -2,   -1,   -2,    0,   -1,   -1,    1,    0,   -2,    0,    0,   -1,    0,    0,    0,    0,    1,    0,    1,    1,    0,    1,    0,    0,    0,    2,    0,   -1,    2,   -1,    0,   -1,    2,    0,    0,    1,   -1,   -1,   -1,   -1,   -1,   -1,   -1,   -1,   -1,    0,    0,    2,    0,    0,    0,   -2,    0,    0,    0,    0,    0,    0,   -2,    0,    0,    0,   -1,   -1,   -1,   -1,   -1,   -1,    0,    0,    0,    0,    0,   -1,   -1,   -1,   -1,   -1,   -1,   -1,    2,   -1,   -1,   -1,   -1,   -1,   -1,   -1,   -1,   -1,   -1,    2,    0,    0,    0,    0,    0,    0,    0,    0,   -1,   -1,   -1,   -1,   -1,    1,   -1,   -1,   -1,   -1,   -1,   -1,   -1,    0,    0,   -1,   -1,   -1,   -1,   -1,   -1,   -1,   -1,   -1,    0,    3,   -1,   -1,   -1,    0,    1,   -2,    0,    0,    0,    0,    0,
       0,    0,    0,    0,    0,    0,   -1,    0,   -2,    0,    0,    0,    0,    0,    0,    0,    0,    0,    0,    0,    0,    0,    0,    0,    0,    0,    0,    0,    0,    0,    0,    0,    0,    0,    0,    0,    0,    0,    0,    0,    0,    0,    0,    0,    0,    0,    0,    0,    0,    0,    0,    0,    0,    0,    0,    0,    0,    0,   -1,    0,    0,    0,    0,    0,    0,    0,    0,    0,    0,    0,    0,    0,    0,    0,    0,    0,    0,    0,    0,    0,    0,    0,    0,    0,    0,    0,    0,    0,    0,    0,    0,    0,    0,    0,    0,    0,    0,    0,    0,    0,    0,    0,    0,    0,    0,    0,    0,    0,    0,    0,    0,    0,    0,    0,    0,    0,    0,    0,    0,    0,    0,    0,    0,    0,    0,    0,    0,    0,    0,    0,    0,    0,    0,    0,    0,   -2,    0,    0,    0,    0,    0,    0,    0,    0,
       0,    0,   -1,   -1,    0,   -1,   -2,    0,   -1,    0,    0,    0,    0,   -1,   -1,    0,    0,   -1,    0,    0,    0,   -1,    0,   -1,   -1,   -1,   -1,    0,   -1,    0,    0,   -1,    0,    0,    0,    0,    0,   -1,    0,    0,    0,    0,    0,    0,    0,    0,    0,   -1,   -1,    0,   -1,    0,    0,    0,    0,    0,   -1,   -1,   -1,   -1,    0,    0,   -1,    0,   -1,   -1,    0,    0,   -1,    0,    0,    0,    0,    0,    0,    0,    0,    0,    0,    0,    0,    0,    0,    0,    0,    0,    0,    0,   -1,    0,    0,    0,    0,    0,    0,    0,    0,    0,    0,    0,    0,    0,    0,    0,    0,    0,    0,    0,    0,    0,    0,    0,   -1,    0,    0,   -1,    0,    0,    0,    0,    0,    0,    0,    0,    0,    0,    0,    0,    0,    0,    0,    0,    0,   -1,   -1,   -1,   -1,   -1,    0,   -1,   -1,    0,    0,   -1,
       0,    0,   -1,   -1,    0,   -1,    0,    0,   -1,    0,    0,    0,    0,   -1,   -1,    0,    0,   -1,    0,    0,    0,   -1,    0,   -1,   -1,   -1,   -1,    0,   -1,    0,    0,   -1,    0,    0,    0,    0,    0,   -1,    0,    0,    0,    0,    0,    0,    0,    0,    0,   -1,   -1,    0,   -1,    0,    0,    0,    0,    0,   -1,   -1,   -1,    0,    0,    0,   -1,    0,   -1,   -1,    0,    0,   -1,    0,    0,    0,    0,    0,    0,    0,    0,    0,    0,    0,    0,    0,    0,    0,    0,    0,    0,    0,   -1,    0,    0,    0,    0,    0,    0,    0,    0,    0,    0,    0,    0,    0,    0,    0,    0,    0,    0,    0,    0,    0,    0,    0,   -1,    0,    0,   -1,    0,    0,    0,    0,    0,    0,    0,    0,    0,    0,    0,    0,    0,    0,    0,    0,    0,   -1,   -1,   -1,    0,   -1,    0,   -1,   -1,    0,    0,   -1,
       0,    0,   -2,   -1,    0,    0,   -2,    0,   -1,    0,    0,    0,    0,   -1,   -1,    0,    0,   -1,    0,    0,    0,   -1,    0,   -3,   -1,   -3,   -2,    0,   -4,   -1,    0,   -2,    1,    0,    0,    0,    0,   -1,    0,    0,    0,    0,    0,    0,    0,   -1,    0,   -1,   -1,    0,   -1,   -1,    0,    0,    0,    0,   -1,   -1,   -1,   -2,    0,    0,   -1,    0,   -1,   -1,    0,    0,   -1,    0,    0,    0,    0,    0,    0,    0,    0,    0,    0,    0,    0,    0,    0,    0,    0,    0,    0,    0,   -1,    0,    0,    0,    0,    0,    0,    0,    0,    0,    0,    0,    0,    0,    0,    0,    0,    0,    0,    0,    0,    0,    0,    0,   -3,   -1,    0,   -1,   -1,    0,    0,    0,    0,    0,    0,    0,    0,    0,    0,    0,    0,    0,    0,    0,    0,   -1,   -1,   -1,   -3,   -3,    0,   -3,   -2,    0,    0,   -1,
       0,    0,   -1,   -1,    0,    0,   -1,    0,   -1,    0,    0,    0,    0,    0,   -1,    0,    0,   -1,    0,    0,    0,   -1,    0,   -3,   -1,   -3,   -2,    0,   -4,   -1,    0,   -2,    0,    0,    0,    1,    0,   -1,    0,    0,    0,    0,    0,    0,    0,   -1,    0,   -1,   -1,    0,   -1,   -1,    0,    0,    0,    0,   -1,   -1,   -1,   -1,    0,    0,   -1,    0,   -1,   -1,    0,    0,   -1,    0,    0,    0,    0,    0,    0,    0,    0,    0,    0,    0,    0,    0,    0,    0,    0,    0,    0,    0,   -1,    0,    0,    0,    0,    0,    0,    0,    0,    0,    0,    0,    0,    0,    0,    0,    0,    0,    0,    0,    0,    0,    0,    0,   -3,   -1,    0,   -1,   -1,    0,    0,    0,    0,    0,    0,    0,    0,    0,    0,    0,    0,    0,    0,    0,    0,   -1,   -1,   -1,   -3,   -2,    0,   -3,   -2,    0,    0,   -1,
       0,    0,    0,    0,    0,    1,    0,    0,    0,    0,    0,    0,    0,    0,    0,   -1,   -1,   -1,    0,   -1,   -1,   -1,   -1,   -3,   -2,   -3,   -2,   -1,   -4,   -1,    0,   -3,    2,    0,    0,    1,    0,   -1,    0,    1,    0,    0,    1,    0,   -1,   -1,    0,    0,    0,    0,    0,   -1,    0,    0,    1,    0,    0,   -1,   -1,   -1,    0,    0,    0,    0,   -1,   -1,    0,    0,   -1,    0,    0,    0,    0,    0,    0,    0,    0,    0,    0,    0,    0,    0,    0,    0,    0,    0,    0,    1,    0,    0,    0,    0,    0,    0,    0,    0,    0,    0,    1,   -1,    0,    0,    0,    0,    0,    0,    0,    0,    0,    0,   -1,   -1,   -3,   -1,    0,    0,   -1,    0,    0,    0,    0,    0,    0,    0,    0,    0,    0,    0,    0,    0,    0,    0,    0,    0,    0,    0,   -3,    0,    0,   -2,   -1,    0,    0,   -1,
       0,    0,    1,    0,    0,    1,    0,    0,    0,    0,    0,    0,    0,    1,    0,   -1,   -1,   -1,    0,   -1,   -1,   -1,   -1,   -3,   -2,   -3,   -2,   -1,   -4,   -1,    0,   -3,    2,    0,    0,    2,    0,   -1,    0,    2,    0,    0,    1,    0,   -1,   -1,    0,    0,    0,    0,    0,   -1,    0,    0,    1,    0,    0,   -1,   -1,    0,    0,    0,    0,    0,   -1,   -1,    0,    0,   -1,    0,    0,    0,    0,    0,    0,    0,    0,    0,    0,    0,    0,    0,    0,    0,    0,    0,    0,    2,    0,    0,    0,    0,    0,    0,    0,    0,    0,    0,    2,   -1,    0,    0,    0,    0,    0,    0,    0,    0,    0,    0,   -1,   -1,   -3,   -1,    0,    0,   -1,    0,    0,    0,    0,    0,    0,    0,    0,    0,    0,    0,    0,    0,    0,    0,    0,    0,    0,    0,   -1,    0,    0,   -2,   -1,    0,    0,   -1,
       0,    0,   -1,   -1,    0,   -1,   -1,    0,   -1,    0,    0,    0,    0,   -1,   -1,    0,    0,   -1,    0,    0,    0,   -1,    0,   -1,   -1,   -1,   -1,    0,   -1,    0,    0,   -1,    0,    0,    0,    0,    0,   -1,    0,    0,    0,    0,    0,    0,    0,    0,    0,   -1,   -1,    0,   -1,    0,    0,    0,    0,    0,   -1,   -1,   -1,   -1,    0,    0,   -1,    0,   -1,   -1,    0,    0,   -1,    0,    0,    0,    0,    0,    0,    0,    0,    0,    0,    0,    0,    0,    0,    0,    0,    0,    0,    0,   -1,    0,    0,    0,    0,    0,    0,    0,    0,    0,    0,    0,    0,    0,    0,    0,    0,    0,    0,    0,    0,    0,    0,    0,   -1,    0,    0,   -1,    0,    0,    0,    0,    0,    0,    0,    0,    0,    0,    0,    0,    0,    0,    0,    0,    0,   -1,   -1,   -1,   -2,   -1,    0,   -1,   -1,    0,    0,   -1,
       0,    0,   -2,    0,    0,    0,   -1,    0,    0,    0,    0,    0,    0,   -1,    0,   -1,   -1,   -1,    0,   -1,   -1,   -1,    0,   -4,   -1,   -3,   -2,   -1,   -4,   -1,    0,   -4,    1,    0,    0,    0,    0,   -1,    0,    0,    0,    0,    0,    0,   -1,   -1,    0,    0,    0,    0,    0,   -1,    0,    0,    1,    0,    0,   -1,    0,   -2,    0,    0,    0,    0,    0,   -1,    0,    0,   -1,    0,    0,    0,    0,    0,    0,    0,    0,    0,    0,    0,    0,    0,    0,    0,    0,    0,    0,    0,    0,    0,    0,    0,    0,    0,    0,    0,    0,    0,    0,   -1,    0,    0,    0,    0,    0,    0,    0,    0,    0,    0,   -1,   -1,   -4,   -1,    0,    0,   -1,    0,    0,    0,    0,    0,    0,    0,    0,    0,    0,    0,    0,    0,    0,    0,    0,    0,    0,    0,   -4,   -2,    0,   -2,   -2,    0,    0,   -1,
       0,    0,   -1,    0,    0,    0,   -1,    0,    0,    0,    0,    0,    0,    0,    0,   -1,   -1,   -1,    0,   -1,   -1,   -1,    0,   -4,   -1,   -3,   -2,   -1,   -4,   -1,    0,   -4,    1,    0,    0,    1,    0,   -1,    0,    1,    0,    0,    0,    0,   -1,   -1,    0,    0,    0,    0,    0,   -1,    0,    0,    0,    0,    0,   -1,    0,   -1,    0,    0,    0,    0,    0,   -1,    0,    0,   -1,    0,    0,    0,    0,    0,    0,    0,    0,    0,    0,    0,    0,    0,    0,    0,    0,    0,    0,    1,    0,    0,    0,    0,    0,    0,    0,    0,    0,    0,    1,   -1,    0,    0,    0,    0,    0,    0,    0,    0,    0,    0,   -1,   -1,   -4,   -1,    0,    0,   -1,    0,    0,    0,    0,    0,    0,    0,    0,    0,    0,    0,    0,    0,    0,    0,    0,    0,    0,    0,   -3,   -2,    0,   -2,   -2,    0,    0,   -1,
      -1,    0,    1,   -1,    0,    2,    2,   -2,   -1,   -2,    0,   -1,   -1,    1,    0,   -2,    0,    0,   -1,    0,    0,    0,    0,    1,    0,    1,    1,    0,    1,    0,    0,    0,    2,    0,   -1,    2,   -1,    0,   -1,    2,    0,    0,    1,   -1,   -1,   -1,   -1,   -1,   -1,   -1,   -1,   -1,    0,    0,    2,    0,    0,    0,   -2,    0,    0,    0,    0,    0,    0,   -2,    0,    0,    0,   -1,   -1,   -1,   -1,   -1,   -1,    0,    0,    0,    0,    0,   -1,   -1,   -1,   -1,   -1,   -1,   -1,    2,   -1,   -1,   -1,   -1,   -1,   -1,   -1,   -1,   -1,   -1,    2,    1,    0,    0,    0,    0,    0,    0,    0,   -1,   -1,   -1,   -1,   -1,    1,   -1,   -1,   -1,   -1,   -1,   -1,   -1,    0,    0,   -1,   -1,   -1,   -1,   -1,   -1,   -1,   -1,   -1,    0,    3,   -1,   -1,   -1,    0,    1,   -2,    0,    0,    0,    0,    0,
       0,    0,   -1,    0,    0,   -1,   -1,    0,    0,    0,    0,    0,    0,   -2,    0,    0,   -1,    0,    0,   -1,   -1,    0,    0,   -3,   -1,   -3,   -2,   -1,   -4,   -1,    0,   -1,    0,    0,    0,    0,    0,    0,    0,    0,    0,    1,    0,    0,    0,    0,    0,    0,    0,    0,    0,    0,    0,    0,    0,    0,    0,    0,    0,   -1,    0,    0,    0,    0,    0,   -1,    0,    0,    0,    0,    0,    0,    0,    0,    0,    0,    0,    0,    0,    0,    0,    0,    0,    0,    0,    0,    0,    0,    0,    0,    0,    0,    0,    0,    0,    0,    0,    0,    0,   -1,    0,    0,    0,    0,    1,    0,    0,    0,    0,    0,    0,    0,   -3,    0,    0,    0,    0,    0,    0,    0,    0,    0,    0,    0,    0,    0,    0,    0,    0,    0,    0,    0,    0,    0,    0,    0,   -1,   -1,    0,   -2,   -1,    0,    0,    0,
      -1,    0,    0,   -1,    0,    0,    0,   -4,   -3,   -4,    0,    0,    0,    0,    0,   -3,    0,    0,   -2,    0,    0,    0,    0,    0,    0,    1,    0,    0,    1,    0,    0,    0,    0,    0,   -2,    0,   -2,    0,   -1,    0,   -1,    0,    0,   -1,   -1,    0,   -1,   -1,   -1,   -2,    0,   -1,   -1,    0,    0,   -1,    0,    0,   -3,    0,    0,    0,    0,    0,    0,   -1,   -3,   -4,    0,   -3,   -2,   -2,   -1,   -2,   -1,    1,   -1,    0,    1,    0,   -2,   -2,   -2,   -2,   -2,   -1,   -1,    0,    0,   -2,   -2,   -2,   -2,   -2,   -2,   -2,   -1,   -1,    0,    0,    0,    0,    1,   -1,    1,    0,    0,   -2,   -2,   -1,   -1,   -1,    0,    0,   -1,    0,   -1,   -2,    0,   -2,    3,    0,   -1,    1,   -1,    0,   -2,   -2,   -2,    0,   -2,   -1,   -1,    0,    0,   -3,    0,    0,   -4,    0,    0,    0,    0,    0,
      -1,    0,    0,   -1,    0,    0,    0,   -4,   -4,   -4,    0,   -1,   -1,    0,    0,   -3,    0,    0,   -2,   -1,    0,    0,    0,    0,    0,    0,    0,    0,    0,    0,    0,    0,    0,    0,   -3,    0,   -2,    0,   -2,    0,   -1,   -1,    0,   -2,   -2,    0,   -2,   -2,   -2,   -2,   -1,   -2,    0,    0,    0,   -2,    0,    0,   -3,    0,    0,    0,    0,    0,    0,   -2,   -3,   -4,    0,   -5,   -5,   -4,   -3,   -3,   -2,    0,   -1,    0,    1,   -1,   -4,   -4,   -4,   -3,   -2,   -2,   -3,    0,   -2,   -3,   -3,   -2,   -3,   -3,   -3,   -4,   -2,   -3,    1,    0,    0,    0,    0,   -1,    1,   -1,    0,   -4,   -4,   -2,   -1,   -2,    0,    0,   -2,   -1,   -2,   -4,   -1,   -3,    2,    0,   -2,   -1,   -2,   -2,   -4,   -2,   -3,   -1,   -3,   -1,   -2,   -1,   -1,   -4,    0,    0,   -4,    0,    0,    0,    0,    0,
      -1,    0,   -4,   -1,   -1,   -1,   -4,    0,   -2,    0,    0,    0,    0,   -2,   -2,    0,    0,   -2,    0,    0,    0,   -2,   -1,   -3,   -2,   -3,   -3,    0,   -4,    0,    0,   -3,    0,    0,    0,   -1,   -1,    1,   -1,    0,   -1,    0,    0,   -2,    0,   -2,   -2,   -2,   -2,    0,   -3,   -1,   -2,   -1,   -1,   -1,   -2,    0,   -2,   -4,    0,    0,   -2,    0,    0,    0,    0,    0,   -4,    0,    0,    0,   -1,   -1,   -1,   -1,   -1,   -1,   -1,   -1,   -1,   -1,   -1,   -1,   -2,   -2,   -2,    0,   -3,    0,   -1,   -1,   -1,   -1,   -1,   -1,   -1,   -1,    0,    0,   -1,   -1,   -1,   -1,   -1,    0,   -1,   -1,   -1,   -2,    0,    0,   -3,   -2,   -2,   -3,   -1,    0,   -1,   -1,   -1,   -1,   -1,   -2,   -2,   -2,    0,   -1,   -1,   -1,   -1,   -1,   -1,   -3,   -3,   -2,   -5,   -5,    0,    0,    0,    0,   -4,    1,
       0,    0,    0,    0,    0,    0,    0,    0,    0,    0,    0,    0,    0,    0,    0,    0,    0,    0,    0,    0,    0,    0,    0,    0,    0,    0,    0,    0,    0,    0,    0,    0,    0,    0,    0,    0,    0,    0,    0,    0,    0,    0,    0,    0,    0,    0,    0,    0,    0,    0,    0,    0,    0,    0,   -1,    0,    0,    0,    0,    0,    0,    0,    0,    0,    0,    0,    0,    0,    0,    0,    0,    0,    0,    0,    0,    0,    0,    0,    0,    0,    0,    0,    0,    0,    0,    0,    0,    0,    0,    0,    0,    0,    0,    0,    0,    0,    0,    0,    0,    0,    0,    0,    0,    0,    0,    0,    0,    0,    0,    0,    0,    0,    0,    0,    0,    0,    0,    0,    0,    0,    0,    0,    0,    0,    0,    0,    0,    0,    0,    0,    0,    0,    0,    0,    0,    0,    0,    0,    0,    0,    0,    0,    0,    0,
       0,    0,    0,    0,    0,   -1,    0,    0,    0,    0,    0,    0,    0,    0,    0,    0,    0,    0,    0,    0,    0,    0,    0,    0,    0,    0,    0,    0,    0,    0,    0,    0,    0,    0,    0,    0,    0,    0,    0,    0,    0,    0,    0,    0,    0,    0,    0,    0,    0,    0,    0,    0,    0,    0,   -1,    0,    0,    0,    0,    0,    0,    0,    0,    0,    0,    0,    0,    0,    0,    0,    0,    0,    0,    0,    0,    0,    0,    0,    0,    0,    0,    0,    0,    0,    0,    0,    0,    0,    0,    0,    0,    0,    0,    0,    0,    0,    0,    0,    0,    0,    0,    0,    0,    0,    0,    0,    0,    0,    0,    0,    0,    0,    0,    0,    0,    0,    0,    0,    0,    0,    0,    0,    0,    0,    0,    0,    0,    0,    0,    0,    0,    0,    0,    0,    0,    0,    0,    0,    0,    0,    0,    0,    0,    0,
       0,    0,    0,    0,    0,    0,    0,    0,    0,    0,    0,    0,    0,    0,    0,   -1,    0,    0,    0,    0,    0,    0,   -1,   -3,    0,   -3,   -2,   -1,   -4,   -1,    0,    0,    0,    0,    0,    0,    0,   -2,    0,    0,    0,    0,    0,    0,   -1,   -1,    0,   -2,   -1,   -1,   -2,   -2,    0,    0,    0,    0,    0,    0,    0,    0,    0,    0,    0,    0,    0,    0,    0,    0,    0,    0,    0,    0,    0,    0,    0,    0,    0,    0,    0,    0,    0,    0,    0,    0,    0,    0,    0,    0,   -2,    0,    0,    0,    0,    0,    0,    0,    0,    0,    0,    0,    0,    0,    0,    0,    0,    0,    0,    0,    0,    0,   -1,   -1,   -3,   -1,    0,   -2,   -2,    0,    0,    0,    0,    0,    0,    0,    0,    0,    0,    0,    0,    0,    0,    0,    0,   -2,   -2,    0,    0,    0,    0,    0,    0,    0,    0,   -2,
      -1,    0,    0,   -1,   -1,    0,    0,   -4,   -4,   -4,    0,   -1,   -1,    0,    0,    0,    0,    0,    0,    0,    0,    0,    0,    0,    0,    0,    0,    0,    0,    0,    0,    0,    1,    0,    0,    0,    0,    0,    0,    0,    0,    0,    0,    0,    0,    0,    0,    0,    0,    0,    0,    0,   -1,    0,    0,   -2,    0,    0,   -3,    0,    0,    0,    0,    0,    0,   -2,   -3,    0,    0,    0,    0,    0,    0,    0,    0,    0,    0,    0,    0,    0,    0,    0,    0,    0,    0,    0,    0,    0,    0,    0,    0,    0,    0,    0,    0,    0,    0,    0,    0,    0,    0,    0,    0,    0,    0,    0,    0,    0,    0,    0,    0,    0,    0,    0,    0,    0,    0,    0,    0,    0,    0,    0,    0,    0,    0,    0,    0,    0,    0,    0,    0,    0,    0,    0,    0,   -4,    0,    0,   -4,    0,    0,    0,    0,    0,
       0,    0,   -1,   -1,    0,   -1,   -2,    0,   -1,    0,    0,    0,    0,   -1,   -1,    0,    0,   -1,    0,    0,    0,   -1,    0,   -1,   -1,   -1,   -1,    0,   -1,    0,    0,   -1,    0,    0,    0,    0,    0,   -1,    0,    0,    0,    0,    0,    0,    0,    0,    0,   -1,   -1,    0,   -1,    0,    0,    0,    0,    0,   -1,   -1,   -1,   -1,    0,    0,   -1,    0,   -1,   -1,    0,    0,   -1,    0,    0,    0,    0,    0,    0,    0,    0,    0,    0,    0,    0,    0,    0,    0,    0,    0,    0,    0,   -1,    0,    0,    0,    0,    0,    0,    0,    0,    0,    0,    0,    0,    0,    0,    0,    0,    0,    0,    0,    0,    0,    0,    0,   -1,    0,    0,   -1,    0,    0,    0,    0,    0,    0,    0,    0,    0,    0,    0,    0,    0,    0,    0,    0,    0,   -1,   -1,   -1,   -2,   -1,    0,   -2,   -1,    0,    0,   -1,
};

static const EpdLigaturePair newsreader_16_italicLigaturePairs[] = {
    { 0x00660066, 0xFB00 }, // f f -> U+FB00
    { 0x00660069, 0xFB01 }, // f i -> U+FB01
    { 0x0066006C, 0xFB02 }, // f l -> U+FB02
    { 0xFB000069, 0xFB03 }, // U+FB00 i -> U+FB03
    { 0xFB00006C, 0xFB04 }, // U+FB00 l -> U+FB04
};

static const EpdFontData newsreader_16_italic = {
    newsreader_16_italicBitmaps,
    newsreader_16_italicGlyphs,
    newsreader_16_italicIntervals,
    51,
    33,
    25,
    -9,
    true,
    newsreader_16_italicGroups,
    11,
    newsreader_16_italicKernLeftClasses,
    newsreader_16_italicKernRightClasses,
    newsreader_16_italicKernMatrix,
    433,
    439,
    154,
    144,
    newsreader_16_italicLigaturePairs,
    5,
};
